{"type":"FeatureCollection","properties":{"source":"SMHI SE.SR Ytansamling av alger","date":"2002-06-13","note":"Test: SMHI WFS clipped to Lulea municipal sea area and simplified 20 m."},"features":[{"type":"Feature","properties":{"cyano_daymap_file_id":2578,"date":"2002-06-13Z","cloud":null,"sub_surfac":null,"surface":null,"no_data":null,"class":1,"color_hex":null,"algae_class":"class_1","source_date":"2002-06-13"},"geometry":{"type":"MultiPolygon","coordinates":[[[[22.47491658374978,65.800710693716],[22.47333639301457,65.80153546246189],[22.475131289999997,65.80144744],[22.47491658374978,65.800710693716]]],[[[22.469946469999996,65.78365617],[22.501504411611606,65.78209959457972],[22.502191921218543,65.78154166069544],[22.503439434878473,65.78129965643353],[22.503335368463564,65.78094385567772],[22.505501222056168,65.78083699399589],[22.506107303037062,65.77990474461176],[22.51043878839632,65.77969091389794],[22.511686131824284,65.77944884382786],[22.51158196067598,65.77909304973545],[22.51250031695533,65.77922815934573],[22.514457562740187,65.77840958588715],[22.513868146793243,65.77789729725443],[22.514734367325502,65.77785449760765],[22.515011160637368,65.7772994089373],[22.520657345672927,65.77557651810214],[22.52325572344346,65.7754479914509],[22.52509229730662,65.77571806584218],[22.525300982517347,65.77642963209179],[22.526704568959353,65.77672111630844],[22.52729420924693,65.77723335308389],[22.527502969910618,65.77794491557788],[22.525546183442486,65.77876365199926],[22.525650545532198,65.77911943466016],[22.52478430432603,65.77916229654384],[22.52307970589834,65.78103540689645],[22.534831219259825,65.78045577096597],[22.533050452154516,65.78037735868658],[22.532737050948835,65.7793100287965],[22.53187081750618,65.77935293087391],[22.5344172658239,65.77904632227306],[22.53420830378554,65.77833477123606],[22.5320950280834,65.77861992596493],[22.531938356504348,65.77808625983478],[22.531072162545016,65.7781291569841],[22.530967730523695,65.77777337872672],[22.53281981511073,65.77659879838919],[22.53498515691161,65.7764915228721],[22.533857862857662,65.77564499698003],[22.537045971560516,65.77602844344318],[22.537254989380823,65.77673999003338],[22.53557495463323,65.77700372605703],[22.53654560533828,65.77731657758198],[22.537434013444898,65.78034065073966],[22.53830026891847,65.7802977168312],[22.53928597617919,65.7791659930298],[22.541070685751805,65.7792579851081],[22.540861538187773,65.7785464450262],[22.54216081957023,65.7784820141077],[22.542384729984782,65.77774899703778],[22.543355489590315,65.77806180412084],[22.543683966642252,65.77768455357803],[22.54455012044339,65.77764158515838],[22.546544029725315,65.77844504765571],[22.54481167299432,65.77853100271912],[22.544363968315437,65.77999704251856],[22.543497735073775,65.78004001066515],[22.54284071000712,65.78079451094793],[22.540622757028803,65.7807240161332],[22.540398775327613,65.78145703132621],[22.542183647531523,65.78154900877018],[22.542459880761662,65.7809938758221],[22.5438115920713,65.78110731392087],[22.54549180256394,65.7808434853724],[22.54582028114791,65.78046623020698],[22.548471342474063,65.78051515312242],[22.54966599898729,65.78009489380838],[22.548299929752265,65.78142605956978],[22.546291230836975,65.78206717605673],[22.546538417950998,65.78440114251605],[22.5457767084708,65.78479989029658],[22.546419258966736,65.78548993029314],[22.54609072940167,65.7858671872597],[22.5452243025012,65.78591016713118],[22.545538316828182,65.7869774653017],[22.546457123323183,65.78711236588093],[22.546785662303662,65.78673510803014],[22.54765211378444,65.78669211904293],[22.548727999873357,65.78736065188936],[22.552246240101038,65.78736650195155],[22.551774804491874,65.78576557927242],[22.554374021686723,65.78563651383969],[22.554269231753185,65.7852807550956],[22.558181775406783,65.78364252998712],[22.560400013554496,65.78371276649949],[22.56050488037331,65.78406852026563],[22.559205372795763,65.78413310978182],[22.55936265258867,65.78466674183979],[22.5571967466903,65.78477436924503],[22.557406405540085,65.78548588185444],[22.556644836595883,65.78588468254145],[22.55766849701362,65.78637527203664],[22.55619770500223,65.787350751451],[22.555331248531537,65.78739378905048],[22.555002828135848,65.78777106414182],[22.55354593152117,65.78730196993669],[22.5522986258134,65.78754438212059],[22.55232378935031,65.7886118479961],[22.559201730000005,65.78827057],[22.560165003182878,65.79153702312685],[22.56324605320491,65.79187353691103],[22.56335099918828,65.79222928794883],[22.56177517367613,65.7928490710142],[22.562418363351238,65.79353903726772],[22.565451619930545,65.79338823664162],[22.566094921691615,65.7940781862813],[22.566961581148085,65.7940350855051],[22.570310020487284,65.79495143006999],[22.57057267273981,65.79584079254181],[22.57176765517646,65.7954203567846],[22.57246372511581,65.79628814923949],[22.573605433939424,65.79657807580308],[22.576256792290845,65.79644612048584],[22.576363944165795,65.79609399159561],[22.58106562040624,65.79620679016698],[22.58161674424439,65.79601282845873],[22.580972978334323,65.79532294890345],[22.58341512481046,65.79465977654371],[22.58362560377329,65.7953712449489],[22.58588530668989,65.79706350114135],[22.587132735962367,65.79682081298786],[22.588157413757788,65.79731118766782],[22.590810250707598,65.79735935665079],[22.59134897014578,65.79769346399983],[22.594487914978647,65.79789781015445],[22.59637951940764,65.79834486481076],[22.599465839587698,65.79837124588977],[22.60017434816735,65.79779437438815],[22.599963388761903,65.79708293360271],[22.603810714292013,65.79671021533923],[22.603260601582473,65.79782067933861],[22.60244664533909,65.79804184614589],[22.60260492216233,65.79857542361991],[22.60016292288486,65.79923890181016],[22.600373909007992,65.79995034206318],[22.59950711799647,65.79999363402443],[22.598470602728387,65.80094786699638],[22.597117630689652,65.80083492610831],[22.594675273349416,65.80149831999563],[22.59288886054423,65.8014069724499],[22.592127395438727,65.80180594932594],[22.59195743511728,65.80271689035972],[22.5898308679587,65.80444739082762],[22.59104166103013,65.80473351726872],[22.61767333896385,65.80340216531063],[22.615732559065375,65.80279239486867],[22.614918559152652,65.80301362867493],[22.614812848693063,65.80265792080657],[22.612645710465053,65.80276634820954],[22.613248350127723,65.80183370810082],[22.61454858659842,65.8017686506789],[22.616123641120254,65.80114833008327],[22.616017923227343,65.80079262312809],[22.617540015891002,65.79999443542906],[22.617381419474356,65.79946087664032],[22.618248156442913,65.79941748363879],[22.618417168381235,65.7985065228245],[22.619283871168438,65.79846312427738],[22.620805726825402,65.79766490635795],[22.623352825486904,65.7973568057824],[22.624060764815134,65.7967798290189],[22.625307801447477,65.79653683256416],[22.625201979582787,65.79618113302325],[22.62606859046529,65.796137696836],[22.625962760074636,65.79578199790889],[22.62735772210638,65.7957120683641],[22.62417873,65.78502751000002],[22.613412045166772,65.78556645075942],[22.61033401003287,65.78609571721951],[22.610228446145577,65.78574000475477],[22.60252173,65.78611158],[22.59725284,65.76832551],[22.61889518,65.76724233],[22.620482634541393,65.77258592753584],[22.623366971442085,65.77226647489996],[22.622828394817002,65.77193247930869],[22.623641356857224,65.77171121368451],[22.62629158158069,65.77175879150909],[22.62688306103125,65.77227062412608],[22.62823463875212,65.77238331486781],[22.628499010608692,65.77327256000505],[22.627791787587515,65.77384955013574],[22.629735040907256,65.77447405241317],[22.63060091368873,65.77443059783995],[22.630706702723852,65.77478629390929],[22.63222684035654,65.77398797929378],[22.63401145594782,65.77407888403562],[22.633251424458113,65.77447805176581],[22.633083046225874,65.7753890225305],[22.633674746924974,65.77590082658485],[22.634540659595174,65.77585734922839],[22.635830036690635,65.77723663437803],[22.63669598981507,65.77719314437097],[22.637350152595445,65.77643826886415],[22.639461995279834,65.77615166951772],[22.64211269070334,65.77619896748217],[22.64291652593064,65.77742210617208],[22.64215653955028,65.77782131786856],[22.638692667718605,65.77799537307074],[22.637932598145746,65.7783945645378],[22.637817324064162,65.7794833839639],[22.635695708753623,65.78121447377237],[22.636234651190886,65.78154842024493],[22.63357381303815,65.78294553686939],[22.634367723697483,65.78451525309279],[22.64342632466962,65.78405982726217],[22.64538691747289,65.78236438831038],[22.6575697113765,65.7756053006684],[22.6466010174261,65.7675209826933],[22.623903515649662,65.75796582211487],[22.616256419999996,65.75834964],[22.61492745683021,65.75386758914682],[22.606092070977173,65.74983358376467],[22.591991940000003,65.75053918],[22.589364479999997,65.74164591],[22.567742090000003,65.7427247],[22.57036223,65.75161841],[22.54873054,65.75269459],[22.546117709999997,65.74380044],[22.481232709999997,65.74700934],[22.483823599999997,65.75590482],[22.41889895,65.75908756000001],[22.421469819999995,65.76798428999999],[22.394488828700187,65.76929723213004],[22.394148083050226,65.76950954501866],[22.394092487991585,65.76931651876068],[22.378162290000002,65.77009171],[22.37560609,65.76119411000002],[22.358327743829648,65.76203106987246],[22.35395675,65.7622428],[22.35650562,65.77114083],[22.334847000000003,65.77218690000001],[22.332305480000002,65.76328843],[22.32401155234545,65.76368716670703],[22.32469794455873,65.76619475558348],[22.323882501217323,65.76641444833385],[22.323347881871413,65.76607935946284],[22.322048577439595,65.76614192529682],[22.317178900042066,65.76908255771761],[22.315063813207175,65.76936471977142],[22.314298887804764,65.7697623397652],[22.31294867852064,65.76964685293247],[22.31141872140613,65.77044206886814],[22.31152009108718,65.77079802512289],[22.310653707600153,65.77083967141377],[22.31037254855849,65.77139442847256],[22.296942913967758,65.77203929807035],[22.295794973806665,65.77263559546287],[22.29449525918389,65.77269793031171],[22.294646980754354,65.77323188471448],[22.295564056839083,65.77336831275024],[22.294264304649417,65.77343064598911],[22.293596162836767,65.77417036217409],[22.313186460000004,65.7732299],[22.315722559999998,65.78212874],[22.319481903555705,65.78178133570144],[22.319813733512614,65.78140453735503],[22.321113813012502,65.7813419831371],[22.321012261159346,65.78098603503012],[22.323179015498106,65.78088175523963],[22.32389332810469,65.78030611603279],[22.330444157813503,65.78017103440982],[22.33079606032116,65.78140285976085],[22.337390449999994,65.78108529999999],[22.338446099893105,65.78357411942609],[22.34040932794414,65.78275772567572],[22.34214277646363,65.78267408335701],[22.34285670719024,65.78209835900367],[22.345788243202033,65.7815959960419],[22.346119682409196,65.78121914423083],[22.346986345396978,65.78117729366515],[22.347317761864684,65.78080043946801],[22.349000084413827,65.78053875725229],[22.35096274374948,65.77972223309423],[22.355627002765704,65.77913592565535],[22.35659560955653,65.77944994170385],[22.356621474224195,65.78107253398942],[22.355092232874718,65.78186818121718],[22.354225562498872,65.78191007792887],[22.35399624635541,65.7826428680216],[22.352747195554915,65.78288366366627],[22.351753083175574,65.78401425817142],[22.34930576064001,65.78467376708352],[22.347776081137088,65.78546934513668],[22.347878023507157,65.78582527162885],[22.34701120610338,65.78586712874727],[22.347113139809938,65.78622305583364],[22.346246307546892,65.78626490874697],[22.346348232589257,65.78662083642745],[22.345098915604837,65.78686157197556],[22.344869302590975,65.7875943511788],[22.343237422876097,65.7880339576728],[22.342344586393423,65.78952042673782],[22.34109509077588,65.78976113119894],[22.340172987147124,65.79080896069706],[22.342483159999997,65.79888193],[22.343689828151298,65.79882363768071],[22.34354083922579,65.7983034634835],[22.344408081523152,65.79826162201145],[22.348285214865445,65.79645067685564],[22.35203438261658,65.79572834950653],[22.35318199455391,65.79513163199817],[22.353079934731184,65.79477571019291],[22.355247691469096,65.79467096505343],[22.356012690820986,65.7942731389469],[22.355859549771047,65.79373925954677],[22.35716014571588,65.79367639301707],[22.35907245286088,65.79268179841567],[22.362438349316502,65.7921581439776],[22.36483492181146,65.79132046464008],[22.367818166523136,65.79099562859686],[22.36761368536889,65.7902838079933],[22.369449795976116,65.79055576151436],[22.37067471168559,65.79175945390942],[22.369374252062862,65.79182243436306],[22.370012295566344,65.79251325903866],[22.369196431728955,65.79273319824291],[22.369349841711376,65.79326706165308],[22.368100431558908,65.79350798652118],[22.367259996248702,65.79517254399794],[22.36611271531918,65.79576936422396],[22.366470584517373,65.79701505334177],[22.371444537119014,65.79749596651367],[22.37073084637415,65.79807182233455],[22.371317926219113,65.79858468588358],[22.37011943628831,65.79900358314646],[22.37027291024682,65.79953744500358],[22.36869188345109,65.80015528069389],[22.368029206432343,65.80090907970754],[22.36866745360559,65.80159990803246],[22.367902442171665,65.80199779770857],[22.36805589164476,65.80253166202749],[22.366857166735787,65.80295053591881],[22.36667920260087,65.80386129822223],[22.36736864275764,65.80473008675938],[22.366603520443938,65.80512797098609],[22.366720439999998,65.80673236],[22.365185957718285,65.80680649450075],[22.365099727046065,65.80754631299241],[22.36423221273815,65.80758827470737],[22.364105270651045,65.80867699124283],[22.363288849200806,65.80889690420204],[22.364463258307634,65.80992268388809],[22.363264135311635,65.81034153336907],[22.363034870265913,65.81107433649717],[22.362218364324708,65.81129424453968],[22.36237176257387,65.81182811505312],[22.361121391147115,65.81206899198598],[22.36017771656805,65.81337760521829],[22.355916155721097,65.81538778524728],[22.356120553187644,65.8160996222803],[22.35328749721711,65.81695813991308],[22.353057898417333,65.81769093123248],[22.352241096938677,65.8179107887227],[22.352164700514756,65.81917746109951],[22.351296769151446,65.81921935327337],[22.350250206911777,65.8201719899803],[22.350275858539646,65.82179458518276],[22.352369516149977,65.82295653030896],[22.353722698408784,65.82307163929919],[22.354565583330604,65.82447436421113],[22.35331452603972,65.82471518374994],[22.35351496669427,65.82541318571548],[22.371839510000004,65.82452775],[22.37696638,65.8423229],[22.37167447585194,65.84257863866644],[22.36959472573426,65.8430541888155],[22.36606866192815,65.84304419944795],[22.364868048826676,65.84346307579106],[22.365277887725327,65.84488671546916],[22.364025951552627,65.84512763118501],[22.362978864906776,65.84608036009219],[22.363720624027323,65.84712711022492],[22.365995225951824,65.84737808109686],[22.366021998641592,65.84900066273632],[22.365204330586586,65.84922059787522],[22.362060655782837,65.84901157953283],[22.36241921905087,65.85025727131921],[22.3616014795558,65.85047718785961],[22.36137187352195,65.8512099916745],[22.35861127481126,65.85080196893266],[22.35741436016507,65.85089931935921],[22.360368749999996,65.86116819999998],[22.346798925319536,65.86182111486684],[22.347007817233813,65.86254793980771],[22.34667540795831,65.86292480273197],[22.345805988852785,65.86296667789154],[22.345396818002474,65.86461021048471],[22.348414542589467,65.86590826548523],[22.353299228088115,65.8660337231249],[22.355216925097864,65.86503912551427],[22.35496087699204,65.86414933307026],[22.356213821440523,65.86390848202714],[22.356111391463184,65.86355256587034],[22.353989030744692,65.86383533774836],[22.353017208175956,65.86352133602206],[22.35347706785792,65.86205574703877],[22.354244046081043,65.86165791094332],[22.35598275959635,65.8615740608845],[22.356519860670083,65.86190901130283],[22.35738922302201,65.8618670757487],[22.35802879719548,65.86255793575532],[22.359332868039186,65.86249501743632],[22.359460149168463,65.86140630179123],[22.360329488755593,65.86136434973152],[22.360942614517928,65.86043261187731],[22.362578716413694,65.8599927755315],[22.36247621705252,65.85963686429918],[22.359995628208274,65.85867402475571],[22.361094549303438,65.8578992668466],[22.360940847289307,65.85736539802727],[22.362857613187007,65.8563707134304],[22.363113841545715,65.85726049094184],[22.364034287712965,65.85739647458918],[22.364546869963025,65.85917602403002],[22.363728869250362,65.85939595444667],[22.36388264374755,65.85992981976632],[22.365289102040222,65.86022276198979],[22.36603139696278,65.86126949574175],[22.36690071903609,65.86122750647597],[22.36661990304796,65.86178236361567],[22.367489241311716,65.8617403708482],[22.36733537890061,65.86120651000023],[22.367872618060545,65.86154141920443],[22.369176608373134,65.8614784176754],[22.369330510980397,65.86201227628536],[22.366160801117605,65.8632479848781],[22.367364874071992,65.86589629593438],[22.36828565408756,65.8660322507862],[22.368569210948024,65.86854459496668],[22.369490092899174,65.86868054159017],[22.369157942640093,65.86905745090446],[22.370999759052506,65.8693293310105],[22.371097822820687,65.86966928784982],[22.37463308241191,65.86949891834071],[22.37307102532503,65.86886836941892],[22.37281431318158,65.86797861326161],[22.37424528169275,65.86682684455394],[22.3739885533847,65.86593709051836],[22.375676123773644,65.86567506365789],[22.379078840158954,65.86677352561267],[22.380410836432116,65.86833299568345],[22.382252711966025,65.86860473965966],[22.38382033650976,65.86606933486021],[22.38210105,65.86011780000001],[22.396365864567006,65.85942625319095],[22.39668447049406,65.85906410026999],[22.39885743269808,65.85895868529497],[22.39874760012284,65.85931078855481],[22.400012983308894,65.85924944378931],[22.400492768037203,65.85851845052014],[22.4022310874637,65.85843407817926],[22.403783831253104,65.858900018542],[22.40125569,65.85016734],[22.422976689999995,65.84911123999998],[22.425559789999994,65.85800778],[22.448721411516875,65.85687648111788],[22.448830138610607,65.8565256670686],[22.449761348318244,65.85682568677517],[22.468980185481872,65.85578116300366],[22.46839490932424,65.85377705282707],[22.466941326566022,65.85365471120134],[22.46673350309489,65.8529430567863],[22.468131352930733,65.85287457962114],[22.467508735262232,65.85074260416087],[22.46675229175793,65.85149847010759],[22.46358866650639,65.85273613890314],[22.46351776770236,65.85400281196313],[22.46469830896259,65.85502775958199],[22.463446865503975,65.85526948502421],[22.459484745239486,65.85528293525984],[22.459348220689826,65.85330459574386],[22.45842745115171,65.85316918940094],[22.455366971198128,65.8547625282694],[22.453142778023683,65.85469082140091],[22.4529871881142,65.85415706386564],[22.453804230530356,65.85393666517628],[22.454361906849368,65.85282666912715],[22.4556133223395,65.85258501836006],[22.45545769645583,65.85205126368903],[22.456222771993787,65.85165293469494],[22.45552899375741,65.85078459052366],[22.45412207748018,65.85049248335918],[22.45281889558265,65.85055620172297],[22.4522611958591,65.85166619236571],[22.44981019849113,65.85232734932079],[22.449913871480213,65.85268319036949],[22.447948988166278,65.85350100898543],[22.445394083935376,65.8538062549804],[22.44518685532831,65.85309456554697],[22.446717368151916,65.85229800309537],[22.448163982651696,65.84970098926426],[22.449311658159452,65.84910354852049],[22.450180404767952,65.8490610911891],[22.450459280504248,65.84850609967015],[22.452961747741387,65.84802285533404],[22.453531131106924,65.8476198962037],[22.44469572,65.84805206],[22.4421072,65.83915589],[22.46381688,65.83809409],[22.46122296,65.8291983],[22.502988150384144,65.82714662413873],[22.50296882849633,65.82625928997233],[22.504365169085947,65.82619049791975],[22.5014768412887,65.81632686120895],[22.500536102158414,65.81645341273403],[22.499564370209328,65.8161403424968],[22.49734344237046,65.81606924715847],[22.49540010710306,65.8154430585863],[22.495243926490023,65.81490934995162],[22.49324868656331,65.81410522955198],[22.4987139157053,65.8147384950798],[22.50121223392597,65.81542322731411],[22.496807559999997,65.80038126999999],[22.486484290149157,65.8008890308194],[22.481648047085105,65.80150198884097],[22.481751913930488,65.8018578063508],[22.480884821140304,65.80190042709805],[22.481004682711884,65.80115855103949],[22.475131289999997,65.80144744],[22.477726649999997,65.81034298000002],[22.472160981366418,65.81061594289454],[22.473558947904426,65.81146375063716],[22.47279530719761,65.8118621524698],[22.472951000564045,65.81239588879505],[22.472083535633868,65.81243846314602],[22.472064948368793,65.81388304846644],[22.4708155600533,65.81412481426983],[22.471023120011584,65.81483646566687],[22.468401670811566,65.81640873047255],[22.468175370263037,65.81714166185175],[22.46671831534015,65.81667173987965],[22.465850694039926,65.8167142803227],[22.46722284763588,65.81538379482174],[22.465836702575412,65.81364718958352],[22.464431733110303,65.81335515844867],[22.463356878978697,65.81268602117385],[22.46248938523645,65.81272854126723],[22.460700844598563,65.8111779943406],[22.45604104,65.81140653],[22.454808547279292,65.80716996485567],[22.452158080641823,65.80746002491603],[22.45162093155489,65.80712541130606],[22.451465718239348,65.80659164857968],[22.45425948586891,65.80528262353975],[22.453453039999996,65.80251055],[22.463650520103556,65.80201046152087],[22.463787716536388,65.800574299578],[22.46488108107924,65.7997988501449],[22.465748134957312,65.79975632074282],[22.468368109870607,65.79818411592007],[22.469668597670296,65.79812029114638],[22.471576789050992,65.79712432741601],[22.473737576968254,65.7966650319607],[22.469946469999996,65.78365617]],[[22.53730724581933,65.77691787661684],[22.53865872190893,65.77703136272453],[22.538554190641136,65.77667559064795],[22.539853384759763,65.77661118025908],[22.540077347942,65.77587816606304],[22.54061495278292,65.77621246348258],[22.541481063321516,65.77616951293007],[22.541585632473314,65.77652528262429],[22.540719510204006,65.77656823388686],[22.54087635228871,65.77710188930087],[22.54001020924755,65.77714483673817],[22.53968168429749,65.77752207983565],[22.53654560533828,65.77731657758198],[22.53730724581933,65.77691787661684]],[[22.353989030744692,65.86383533774836],[22.35365670936061,65.86421221501269],[22.353119595155725,65.86387725466163],[22.353989030744692,65.86383533774836]],[[22.45863102,65.82030245],[22.436936079999995,65.82136336999999],[22.434353469999998,65.81246700999999],[22.45604104,65.81140653],[22.45863102,65.82030245]],[[22.38072043,65.77898925],[22.424042629999995,65.77688096],[22.42661741,65.78577757],[22.404949939999998,65.78683368],[22.40533995000917,65.78818416581814],[22.40690149282099,65.78783515683706],[22.405755466561086,65.78843226299315],[22.407107034843968,65.7885469143768],[22.40736397994041,65.78943661074086],[22.410192193204285,65.78857713649538],[22.411058977861508,65.78853492056277],[22.410831237624894,65.78926778059646],[22.41343164807856,65.78914110657323],[22.41289539148274,65.78880634803933],[22.41404126506593,65.7882091897099],[22.415341410965905,65.78814583144808],[22.41567190122914,65.7877688378439],[22.41536324956644,65.78670122203845],[22.41628140687399,65.78683691310478],[22.41638430095351,65.787192784391],[22.418117749718878,65.78710827837794],[22.417963374507558,65.78657447350803],[22.422296853529932,65.78636312804082],[22.423266526500257,65.78667671000284],[22.424081722000764,65.78645648811798],[22.42428772486926,65.78716821800407],[22.42298765468286,65.78723165180591],[22.42362700407241,65.7879222393144],[22.422708771492292,65.78778659320922],[22.42281175880593,65.7881424592513],[22.42469976816544,65.78859167657573],[22.42506034713561,65.78983720151261],[22.42348125263196,65.7904555860867],[22.42358426342009,65.79081145137856],[22.420983744536198,65.79093829957436],[22.420653294747638,65.79131530429585],[22.41848614085375,65.79142097308767],[22.41794977024116,65.79108623343537],[22.416216053437605,65.7911707401375],[22.415679717320323,65.790835992167],[22.414812864422544,65.79087823502527],[22.41545209255348,65.79156885797823],[22.41246943764029,65.7918946199829],[22.41267517224514,65.79260636814531],[22.411808253920213,65.79264859455952],[22.412447448822853,65.79333923042648],[22.411095606345402,65.79322462903207],[22.410485773477525,65.79415653620626],[22.409185310178525,65.79421985614327],[22.40890606054841,65.79477477584037],[22.407605561405376,65.79483808265512],[22.40751932,65.79573066],[22.405261491470277,65.79585436308035],[22.405364276715062,65.79621024284889],[22.40421785196818,65.79680734130308],[22.40253507195049,65.79706963713616],[22.402204275717608,65.79744660522047],[22.40317413671608,65.79776031311664],[22.40052143241605,65.79770887945136],[22.39932347158234,65.79812800099926],[22.3995289030509,65.79883976980939],[22.396927432292088,65.7989662170065],[22.397030117402995,65.79932210335488],[22.395729353833193,65.79938531146465],[22.39517016000601,65.80049510775889],[22.39213488318732,65.80064254065071],[22.392237510159564,65.80099843078477],[22.38790127525977,65.80120894856613],[22.38601294378453,65.8007592788248],[22.38379357003362,65.80068651622862],[22.383383553120858,65.79926292783065],[22.38419949524504,65.79904291198876],[22.38509019697903,65.79755621881037],[22.387355937040486,65.79671059900909],[22.38584254,65.79678415],[22.38072043,65.77898925]],[[22.64615091669815,65.77058072765787],[22.64620390845794,65.7707585693214],[22.645771049865626,65.77078034076841],[22.64615091669815,65.77058072765787]],[[22.644958314047386,65.77100172217466],[22.645011298630223,65.77117956432537],[22.644578431768696,65.7712013324674],[22.644958314047386,65.77100172217466]],[[22.64062040802032,65.77266385486645],[22.643438749790015,65.7718001580169],[22.64477238043488,65.77480171338179],[22.64062040802032,65.77266385486645]],[[22.64409258537728,65.77104525687746],[22.64419854363298,65.77140094187205],[22.643332800032752,65.77144447240786],[22.64409258537728,65.77104525687746]],[[22.642043333198952,65.77006525169477],[22.641884451453897,65.76953172137613],[22.64275013384531,65.76948819968261],[22.64285606591778,65.76984388586874],[22.642043333198952,65.77006525169477]],[[22.642149258380815,65.77042093844274],[22.641928249633047,65.77115407225665],[22.641495380072723,65.77117583166768],[22.64133650143154,65.77064230074231],[22.642149258380815,65.77042093844274]],[[22.634588508634472,65.76863479390252],[22.63377573976825,65.76885611598948],[22.633669937675148,65.768500422196],[22.634588508634472,65.76863479390252]],[[22.631274701525776,65.77078672194695],[22.63138048188493,65.77114241762641],[22.630947601833856,65.77116414717901],[22.631274701525776,65.77078672194695]],[[22.622521657466176,65.76942085365417],[22.622954516811053,65.76939914824474],[22.623007345850063,65.76957699958912],[22.622521657466176,65.76942085365417]],[[22.624738786926727,65.76949016501761],[22.62571019828146,65.76980244085985],[22.626523068443145,65.76958116078322],[22.627220219453385,65.77044869214659],[22.629110322533084,65.77089535569795],[22.627431668313168,65.77116009017703],[22.627325942278787,65.7708043912141],[22.626460184503777,65.7708478260304],[22.625435875631737,65.77035770516618],[22.624137254501157,65.77042283928307],[22.625330181049613,65.77000200450635],[22.624464446146415,65.77004542775502],[22.623007345850063,65.76957699958912],[22.624738786926727,65.76949016501761]],[[22.62539312102235,65.76873533917298],[22.625445965227325,65.76891318951945],[22.625013116550356,65.7689349018998],[22.62539312102235,65.76873533917298]],[[22.62211409526889,65.78875483471938],[22.622811656775866,65.78962238226742],[22.621237457278674,65.79024276336958],[22.619071394818903,65.79035127134269],[22.61837393726256,65.78948370564484],[22.619948162202462,65.78886335385688],[22.62211409526889,65.78875483471938]],[[22.605766280318978,65.79589048680005],[22.605819056065428,65.79606834465844],[22.60538573171186,65.79609000602001],[22.605766280318978,65.79589048680005]],[[22.60598849422359,65.79515739341704],[22.6068023290204,65.794936208918],[22.606538438323472,65.79404692127164],[22.610057526735226,65.79405142890133],[22.609507735304582,65.79516191221865],[22.605766280318978,65.79589048680005],[22.60598849422359,65.79515739341704]],[[22.605438505324233,65.79626786403149],[22.60500517723309,65.79628952434892],[22.604952406556592,65.79611166615827],[22.605438505324233,65.79626786403149]],[[22.60413851864582,65.79633284131391],[22.604571848340278,65.79631118344305],[22.604624616882518,65.79648904178673],[22.60413851864582,65.79633284131391]],[[22.6037579508201,65.79653235666335],[22.604191284252114,65.79651069983669],[22.604244050660036,65.79668855833347],[22.6037579508201,65.79653235666335]],[[22.586460574789783,65.79306402434669],[22.588416436520824,65.79224451539378],[22.58987423483827,65.79271326740287],[22.59066419359733,65.79538123239611],[22.588708172457906,65.79620077177167],[22.5856221112807,65.79617417043926],[22.587197546417773,65.79555414484366],[22.586460574789783,65.79306402434669]],[[22.586958691039555,65.79177574892583],[22.58685342162408,65.79142001736311],[22.587772590157112,65.79155466535568],[22.58787787291261,65.7919103961518],[22.586958691039555,65.79177574892583]],[[22.58253317010085,65.7901914951685],[22.584318771703366,65.79028297203031],[22.58652541979251,65.79179735617069],[22.585225601254677,65.79186217056629],[22.585120355321276,65.79150643757427],[22.58257333684372,65.79181389877725],[22.58253317010085,65.7901914951685]],[[22.58287657272086,65.7943256395205],[22.58292918672779,65.79450350689112],[22.582495865588115,65.79452510318124],[22.58287657272086,65.7943256395205]],[[22.581799510966803,65.79365735935004],[22.58185211590498,65.79383522718145],[22.581418804910943,65.79385682031057],[22.581799510966803,65.79365735935004]],[[22.577348526218955,65.79496203290732],[22.577401103653347,65.7951399025472],[22.576967766254175,65.79516148329061],[22.577348526218955,65.79496203290732]],[[22.575076722809122,65.79471418235603],[22.573501038310585,65.7953340851949],[22.572581803206663,65.79519935183404],[22.573238291261514,65.79444472870718],[22.575076722809122,65.79471418235603]],[[22.57184625514894,65.79270914668335],[22.573146156777327,65.79264444551234],[22.57373709522717,65.79315648968429],[22.57184625514894,65.79270914668335]],[[22.570506957013926,65.77923934259181],[22.57061194131412,65.779595088231],[22.569745774217566,65.7796382048763],[22.570506957013926,65.77923934259181]],[[22.56497923219536,65.79178736419831],[22.566764894510044,65.79187904601926],[22.568760610810973,65.79268220002812],[22.568918151032666,65.79321581966603],[22.565884939109708,65.79336668880146],[22.564913325192737,65.79305403365085],[22.564217602021742,65.79218620332648],[22.56497923219536,65.79178736419831]],[[22.562264747015867,65.78109329229088],[22.56470606395645,65.78043042779872],[22.56534900147609,65.78112038414756],[22.564849973828366,65.78240859786486],[22.56148973707222,65.78293666134026],[22.560951719668903,65.78260244163899],[22.561765564773037,65.78238149743994],[22.560794422141505,65.78206881140066],[22.562264747015867,65.78109329229088]],[[22.561072543412504,65.77555758640258],[22.562476467387892,65.77584873783037],[22.561610409692925,65.77589180716336],[22.561715254979333,65.77624756029792],[22.56019275979139,65.7770451945262],[22.55802749774765,65.77715282735579],[22.557370971192498,65.77790738530754],[22.555415160559733,65.77872649542994],[22.55449661231088,65.7785916462866],[22.554339477671647,65.77805800778856],[22.55260717816357,65.77814405088104],[22.551583948945872,65.77765342316162],[22.55132217368898,65.7767640194305],[22.55447234018928,65.77552466783318],[22.555338399884107,65.77548163904092],[22.55587619122728,65.7758158807777],[22.55798895548997,65.77553040143273],[22.55863158441463,65.77622038914852],[22.561072543412504,65.77555758640258]],[[22.560466145964508,65.78244609682385],[22.560571007504,65.78280185059475],[22.56013786044135,65.78282338163316],[22.559599862777947,65.78248915696584],[22.560466145964508,65.78244609682385]],[[22.55928803354774,65.77546582653903],[22.557451143325633,65.77519616735736],[22.55869780629849,65.77495371939582],[22.55928803354774,65.77546582653903]],[[22.550693994141938,65.77462944785294],[22.55074633806663,65.77480732895913],[22.55031331532817,65.77482883085332],[22.550693994141938,65.77462944785294]],[[22.549389930531216,65.78065003818146],[22.549442280154114,65.78082791968343],[22.549009155069893,65.78084941888459],[22.549389930531216,65.78065003818146]],[[22.54750042826212,65.78020238014582],[22.547933543996677,65.78018088532383],[22.547985882434613,65.78035876743606],[22.54750042826212,65.78020238014582]],[[22.54747156397102,65.78309148536317],[22.547523906324294,65.78326936759736],[22.547090738330034,65.78329086177183],[22.54747156397102,65.78309148536317]],[[22.546363760326116,65.77484441000858],[22.54679678728231,65.77482291929398],[22.546901423148586,65.77517868467905],[22.546363760326116,65.77484441000858]],[[22.546901423148586,65.77517868467905],[22.54738677723166,65.77533507486307],[22.546953742273143,65.77535656733306],[22.546901423148586,65.77517868467905]],[[22.545759255669996,65.77577680370493],[22.545811568380294,65.7759546868148],[22.545378521447695,65.77597617492772],[22.545759255669996,65.77577680370493]],[[22.545401713230017,65.7790431654827],[22.545454031439228,65.77922104866312],[22.545020929332164,65.7792425363055],[22.545401713230017,65.7790431654827]],[[22.543250888550485,65.77770603595391],[22.543198589221692,65.77752815183194],[22.543631664380534,65.77750666963364],[22.543250888550485,65.77770603595391]],[[22.54030129956792,65.77514515165399],[22.540353573119663,65.77532303702286],[22.53948748873188,65.77536598091017],[22.54030129956792,65.77514515165399]],[[22.537859824728287,65.77580762680493],[22.53727001085203,65.7752954326231],[22.539106710895577,65.77556533689575],[22.537859824728287,65.77580762680493]],[[22.53688921652523,65.77549478323138],[22.536993719088787,65.77585055673157],[22.53656066507907,65.77587201986103],[22.536023119443055,65.77553770755809],[22.53688921652523,65.77549478323138]],[[22.532177861941175,65.7759086952251],[22.532610920948763,65.77588724449889],[22.532663143299924,65.77606513300988],[22.532177861941175,65.7759086952251]],[[22.532663143299924,65.77606513300988],[22.533200657394154,65.77639945747418],[22.53276759038089,65.77642090995501],[22.532663143299924,65.77606513300988]],[[22.532282301570692,65.7762644725761],[22.53141616944565,65.77630737106995],[22.53136395510026,65.77612948205265],[22.532282301570692,65.7762644725761]],[[22.531468384583814,65.77648526006166],[22.531520600514742,65.77666314902777],[22.531087527397098,65.77668459679533],[22.531468384583814,65.77648526006166]],[[22.53090014363699,65.77904004980654],[22.5313332564735,65.77901860217945],[22.53138547763793,65.77919649114172],[22.53090014363699,65.77904004980654]],[[22.52960080037027,65.7791043853509],[22.530033915585335,65.77908294139226],[22.530086127948792,65.77926083088639],[22.52960080037027,65.7791043853509]],[[22.530086127948792,65.77926083088639],[22.53100458089148,65.77939582806002],[22.530138341105072,65.77943872035495],[22.530086127948792,65.77926083088639]],[[22.528129327983216,65.78007960060394],[22.52856246103831,65.78005816065028],[22.52861466563032,65.78023605072556],[22.528129327983216,65.78007960060394]],[[22.52861466563032,65.78023605072556],[22.529100009145406,65.78039249924421],[22.52866687101507,65.78041394077523],[22.52861466563032,65.78023605072556]],[[22.526250596082367,65.77367553447522],[22.526094081436938,65.77314186080162],[22.527878333824443,65.77323401183743],[22.527982701172103,65.77358979284352],[22.526250596082367,65.77367553447522]],[[22.527748392859493,65.7802789297645],[22.527800592376185,65.78045682016868],[22.52736745186772,65.78047825803107],[22.527748392859493,65.7802789297645]],[[22.52678797646508,65.77400988286793],[22.527221008998467,65.77398844771689],[22.527273189580196,65.7741663384848],[22.52678797646508,65.77400988286793]],[[22.526892332555693,65.7743656647325],[22.525645383043315,65.77460785533876],[22.525055838410637,65.77409561124668],[22.526892332555693,65.7743656647325]],[[22.520115857165177,65.77073055826534],[22.52027223063015,65.77126423946365],[22.519839236860765,65.7712856544895],[22.520115857165177,65.77073055826534]],[[22.51892113046467,65.77115058663571],[22.519025364223115,65.77150637508663],[22.518592365148102,65.77152778662217],[22.518055143251672,65.77119340777651],[22.51892113046467,65.77115058663571]],[[22.515440905992083,65.77276640919298],[22.51376089078754,65.77302990457083],[22.513656722195584,65.7726741118772],[22.515717635672495,65.7722113198738],[22.515440905992083,65.77276640919298]],[[22.511148826873434,65.77911444144854],[22.511096745419813,65.77893654418726],[22.511529876288197,65.77891515265102],[22.511148826873434,65.77911444144854]],[[22.497980642287327,65.77164323606992],[22.49803261564778,65.77182113886786],[22.497599590378712,65.77184249101549],[22.497980642287327,65.77164323606992]],[[22.497651561595433,65.77202039396457],[22.49721853260461,65.77204174506609],[22.49716656432065,65.77186384194057],[22.497651561595433,65.77202039396457]],[[22.482251120335405,65.80959312521489],[22.48051641299236,65.80967837254803],[22.480308640792654,65.8089667361435],[22.478314329263192,65.80816241145516],[22.47833257965868,65.80671782867496],[22.4793738222359,65.80576436730558],[22.478854589112284,65.80398526995963],[22.48097056692417,65.803700826953],[22.48247907026411,65.8043485260805],[22.482582962372856,65.80470434277916],[22.481715775468583,65.80474696916923],[22.481386058450603,65.80512409818274],[22.481541880799966,65.8056578244757],[22.486033856408202,65.80597836774136],[22.487057018624792,65.80646943597141],[22.48792425286492,65.80642677875856],[22.489346728146206,65.80527401679171],[22.494341702947704,65.80430631065043],[22.496197328132446,65.80313214069669],[22.496023955276417,65.8040430073822],[22.494393730389284,65.80448421417078],[22.494653879460113,65.80537373139117],[22.496700516366403,65.80635574230749],[22.496579195984427,65.80744451210167],[22.493699894841093,65.80812767491437],[22.493370314720902,65.8085048284856],[22.489901122397416,65.8086755540783],[22.488912165454888,65.8098069901549],[22.48917218988521,65.81069651794631],[22.487055737833412,65.81098107933929],[22.486396303114102,65.81173535974668],[22.484453560574888,65.81110902601036],[22.48370804178758,65.81006290018705],[22.482251120335405,65.80959312521489]],[[22.491825568596116,65.81976966514561],[22.489934111218634,65.81932131281319],[22.48983004668586,65.81896550279845],[22.488476544322253,65.8188516035815],[22.4883725022058,65.81849579235467],[22.486741238200153,65.81893692753137],[22.485387749462724,65.81882300079079],[22.48512775712537,65.81793346622666],[22.486273179603252,65.81733576985395],[22.485857181296137,65.81591251685909],[22.487766014850617,65.81491634433314],[22.489067289439127,65.81485234648407],[22.489969250589386,65.81643215776305],[22.491582820127878,65.81743556701824],[22.49250246070793,65.81757078454625],[22.49258913654826,65.81937116880147],[22.494098869544672,65.82001874103088],[22.494133607384846,65.82164121991708],[22.492085814550517,65.8206591858234],[22.491825568596116,65.81976966514561]],[[22.47537730366453,65.77095150845622],[22.476036088465676,65.7701972820774],[22.475292190967707,65.7691510993548],[22.47286819801811,65.76836795835607],[22.473682382882178,65.76814748124337],[22.473526995238593,65.76761374270464],[22.47467052067134,65.76701615198816],[22.474740878526667,65.76574947914649],[22.476905599583286,65.76564303482596],[22.476750163441544,65.76510930005169],[22.479295921923022,65.76480361911037],[22.479192268155384,65.76444779786235],[22.480975779825318,65.76454050522383],[22.485165258400297,65.7668607566767],[22.485372757025143,65.76757238909983],[22.48445495308729,65.76743711065964],[22.485043538609492,65.76794952111293],[22.48331164092485,65.76803477270242],[22.482912434769645,65.76967857327406],[22.480418091942465,65.77016222890501],[22.47996682628389,65.77162811381031],[22.477213084596467,65.77122216745842],[22.47667639850044,65.77088763755773],[22.47537730366453,65.77095150845622]],[[22.47341933953891,65.77176958702456],[22.47347114392173,65.77194749984257],[22.473038092137212,65.77196878246279],[22.47341933953891,65.77176958702456]],[[22.472449646377534,65.7714563242748],[22.47288269014835,65.77143504340512],[22.472934490024862,65.7716129564496],[22.472449646377534,65.7714563242748]],[[22.468862852102582,65.77271528551836],[22.468688652352938,65.77362612910052],[22.46705983870155,65.77406702996015],[22.46721513933292,65.77460077594665],[22.464997865957937,65.77452917423774],[22.463853788023847,65.77512669777258],[22.463957281901227,65.77548253101553],[22.46265791795552,65.77554629612574],[22.462884078920673,65.77481337431948],[22.464131658172217,65.7745716911149],[22.46415079028513,65.77312710151357],[22.46491345263092,65.77272875250958],[22.464376891345744,65.77239417807988],[22.465243025571496,65.77235166052893],[22.46513952906718,65.77199582818575],[22.465953895474463,65.77177539058852],[22.465417341469255,65.77144081975074],[22.46411818531396,65.77150459527543],[22.464673833685836,65.77039458139274],[22.46597293232647,65.77033080169475],[22.46668373250712,65.76975452903355],[22.467931031853094,65.7695128174707],[22.468467576376046,65.76984737955094],[22.46976663620275,65.76978356789469],[22.470129073617013,65.77102896783093],[22.471479976682794,65.77114305512572],[22.47158355647681,65.77149888234592],[22.4725014433207,65.7716342374952],[22.47076924864055,65.77171934945],[22.47102818648225,65.77260891869092],[22.468862852102582,65.77271528551836]],[[22.4689804657027,65.77613820443602],[22.469413591472573,65.7761169326209],[22.469465378735496,65.77629484696868],[22.4689804657027,65.77613820443602]],[[22.469465378735496,65.77629484696868],[22.469950297637535,65.77645148790126],[22.4695171667848,65.77647276129117],[22.469465378735496,65.77629484696868]],[[22.46899455255055,65.77920529384407],[22.46769501611945,65.7792691035811],[22.467643233884314,65.77909118858217],[22.468457799101344,65.77887073565994],[22.46899455255055,65.77920529384407]],[[22.468716743563355,65.77976030876971],[22.46882032685383,65.78011613783684],[22.468387133365944,65.78013740862855],[22.468716743563355,65.77976030876971]],[[22.46860918619785,65.81712038558776],[22.46866106701694,65.81729829930335],[22.468227248137193,65.81731957574348],[22.46860918619785,65.81712038558776]],[[22.46843892325541,65.78031532330012],[22.468005726045334,65.78033659304442],[22.467953939091515,65.78015867819695],[22.46843892325541,65.78031532330012]],[[22.464978784920017,65.77597376344761],[22.46503054126417,65.77615167960403],[22.46416427908533,65.7761941971987],[22.464978784920017,65.77597376344761]],[[22.461720677001928,65.77685547316447],[22.464371288842838,65.77690586297828],[22.463815503034866,65.7780158771083],[22.46294917586943,65.778058388433],[22.461856638234337,65.77883381593749],[22.460557099296242,65.77889756485025],[22.459968732870475,65.77838505770244],[22.460783344204447,65.77816464533902],[22.46067988115647,65.77780880963934],[22.461927625749897,65.7775671428589],[22.461720677001928,65.77685547316447]],[[22.462361055453055,65.81832898241045],[22.462412896038497,65.81850689864068],[22.46154520437655,65.81854941529267],[22.462361055453055,65.81832898241045]],[[22.461422364413846,65.81963817179914],[22.461474201681806,65.81981608838059],[22.46104033326045,65.81983734487461],[22.461422364413846,65.81963817179914]],[[22.458540741835957,65.82032069365171],[22.46076196291027,65.8203923507917],[22.46086563275879,65.82074818443128],[22.458955316001386,65.82174403484427],[22.456785791115767,65.82185027095747],[22.45520555578521,65.82246899506505],[22.452550245270285,65.82241849157558],[22.452291343604625,65.82152889058196],[22.458540741835957,65.82032069365171]],[[22.439399008920866,65.82865537687597],[22.438148586825626,65.8288968852415],[22.438045191542873,65.82854103353188],[22.439399008920866,65.82865537687597]],[[22.42571207069942,65.78601603168508],[22.425763580431397,65.78619396354452],[22.425330242307165,65.78621511339021],[22.42571207069942,65.78601603168508]],[[22.425651232903007,65.80857476476316],[22.425702796428773,65.80875269611919],[22.42526907891291,65.80877384947227],[22.425651232903007,65.80857476476316]],[[22.424493740257123,65.78787994749003],[22.42454524606036,65.78805787979894],[22.424111875420472,65.78807902649807],[22.424493740257123,65.78787994749003]],[[22.42376171936519,65.80812557380538],[22.4238648189457,65.80848143804299],[22.422512130953354,65.80836694604292],[22.42376171936519,65.80812557380538]],[[22.421780644016366,65.84683750284742],[22.423290285538098,65.84748577600868],[22.422524809742637,65.84788394391482],[22.421656048158084,65.847926244133],[22.421118413081494,65.84759152787001],[22.419432515308884,65.84785404024409],[22.41966043299667,65.84712116569638],[22.421780644016366,65.84683750284742]],[[22.420815909243768,65.81314120220985],[22.420867450359655,65.81331913541582],[22.41999985125283,65.81336141498929],[22.420815909243768,65.81314120220985]],[[22.411919503263377,65.81736379387704],[22.413221126862915,65.8173004393973],[22.41311813190489,65.81694456696303],[22.414368225633194,65.81670326677074],[22.41421371490434,65.81616945943088],[22.415360741177192,65.81557228004502],[22.416228423894566,65.81553002603603],[22.416073883076795,65.81499622086979],[22.41982372368046,65.8142722212173],[22.419316824516706,65.81556003217825],[22.420721426710596,65.81585248214634],[22.41941989845657,65.81591589966482],[22.41875834275234,65.81666990795523],[22.417456767387925,65.81673330918869],[22.416743610884513,65.81730937496569],[22.41549351141779,65.81755069466826],[22.416288028115062,65.81877511261602],[22.4145009303247,65.81868168288862],[22.41368464295012,65.81890186411503],[22.413787655142794,65.81925773599977],[22.412537432731995,65.8194990326792],[22.412691932724304,65.82003284181785],[22.410956246814933,65.82011730778625],[22.41041935207263,65.81978254673105],[22.411919503263377,65.81736379387704]],[[22.416127960596516,65.82582021883294],[22.416488751618424,65.82706576194533],[22.414370098307923,65.82734933634929],[22.413700269888725,65.82503617283255],[22.4163042751696,65.82490941507247],[22.41689289925142,65.82542208815364],[22.416127960596516,65.82582021883294]],[[22.413607881536265,65.78823030668237],[22.413556450770702,65.7880523699537],[22.41398983136125,65.7880312531559],[22.413607881536265,65.78823030668237]],[[22.413593528929333,65.79274207346259],[22.41364497119683,65.79292001006648],[22.413211508107885,65.79294112668383],[22.413593528929333,65.79274207346259]],[[22.41336583077972,65.79347493686984],[22.413417273233815,65.79365287354864],[22.412983797601452,65.79367398964038],[22.41336583077972,65.79347493686984]],[[22.41288091935597,65.79331811590849],[22.412932358087854,65.79349605278692],[22.412498884614273,65.79351716747956],[22.41288091935597,65.79331811590849]],[[22.41168336601418,65.79373733056919],[22.4117347974878,65.79391526792172],[22.411301315788187,65.79393637929049],[22.41168336601418,65.79373733056919]],[[22.408918930530547,65.82220128744363],[22.409352890305072,65.82218017822345],[22.409404373958726,65.8223581158519],[22.408918930530547,65.82220128744363]],[[22.409404373958726,65.8223581158519],[22.409889823282576,65.82251494265955],[22.40945585839563,65.8225360534554],[22.409404373958726,65.8223581158519]],[[22.408764493112177,65.82166747388415],[22.408867450607918,65.82202334961543],[22.40843349299799,65.82204445743476],[22.408764493112177,65.82166747388415]],[[22.40858792627197,65.82257827136887],[22.40863940559632,65.82275620929697],[22.408205435411734,65.82277731658937],[22.40858792627197,65.82257827136887]],[[22.40735969894236,65.82137491573572],[22.40779364632762,65.82135381106752],[22.40784511722236,65.82153174934507],[22.40735969894236,65.82137491573572]],[[22.40784511722236,65.82153174934507],[22.408330541397717,65.82168858135394],[22.40789658890016,65.82170968759769],[22.40784511722236,65.82153174934507]],[[22.40534431224621,65.82201423858928],[22.4057782723893,65.82199313952711],[22.40582973089411,65.82217107860352],[22.40534431224621,65.82201423858928]],[[22.40582973089411,65.82217107860352],[22.40761704650797,65.8222646077478],[22.408153959035346,65.82259937848647],[22.407337492693134,65.82281952749584],[22.40582973089411,65.82217107860352]],[[22.407109398119527,65.82355238536923],[22.407160869567317,65.8237303238717],[22.406726881509627,65.82375142713342],[22.407109398119527,65.82355238536923]],[[22.406208998243123,65.79761266460841],[22.40518771223726,65.79712103640405],[22.406973279112414,65.79721458997575],[22.40707609450563,65.79757046829829],[22.406208998243123,65.79761266460841]],[[22.406189962349252,65.8234166514401],[22.406241427117557,65.82359459031701],[22.40580744044202,65.82361569095166],[22.406189962349252,65.8234166514401]],[[22.399291449461174,65.820864881755],[22.399342860436665,65.82104282347571],[22.39890890997369,65.82106390415055],[22.399291449461174,65.820864881755]],[[22.383696616048315,65.82324557634549],[22.383594000546196,65.82288968037244],[22.38446199232941,65.82284760398738],[22.383696616048315,65.82324557634549]],[[22.382418213251313,65.82186406124741],[22.381167556048517,65.82210510515402],[22.38101369458484,65.82157125802358],[22.381932939267667,65.82170714540774],[22.381779064795438,65.8211732991734],[22.38330973445866,65.82037737064128],[22.383538487168984,65.81964454203462],[22.385656874458874,65.81936139804255],[22.385554250467795,65.81900550346616],[22.389025659860014,65.81883712910808],[22.39004752998591,65.81932885985742],[22.39188595627323,65.8196005209011],[22.396173862752665,65.81921191731841],[22.397578415662355,65.8195045807269],[22.397681208197692,65.81986046558896],[22.399034406315153,65.819975172778],[22.39837214935081,65.82072909943484],[22.393318853287678,65.82151578548927],[22.389795769656097,65.82150631509619],[22.388596541231696,65.82192536460819],[22.38686063295112,65.82200955873412],[22.386095318764387,65.82240754252075],[22.3866832861254,65.82292033834456],[22.38446199232941,65.82284760398738],[22.382418213251313,65.82186406124741]],[[22.39880609470034,65.82070802033515],[22.398857501945976,65.82088596225529],[22.3984235536487,65.82090704152952],[22.39880609470034,65.82070802033515]],[[22.39434580504925,65.83878798673132],[22.395802852541365,65.83925859942391],[22.395882907231233,65.84105910062509],[22.394351437788746,65.84185516287641],[22.392179898052817,65.84196050014786],[22.390774160000806,65.84166779847186],[22.390311577062707,65.84006629534004],[22.39092314237387,65.83913445222858],[22.39434580504925,65.83878798673132]],[[22.392799891616026,65.81666916338834],[22.393233774046852,65.81664810073518],[22.39328513306019,65.81682604499717],[22.392799891616026,65.81666916338834]],[[22.39328513306019,65.81682604499717],[22.39377038039812,65.81698292500653],[22.393336492854765,65.81700398923431],[22.39328513306019,65.81682604499717]],[[22.393714993926054,65.76953060260456],[22.393766243551383,65.76970854777576],[22.393333150714035,65.76972960431259],[22.393714993926054,65.76953060260456]],[[22.392287032911128,65.85909689444928],[22.390114026683097,65.85920221643045],[22.39164663549547,65.85840618575025],[22.392515810407403,65.85836405221353],[22.392287032911128,65.85909689444928]],[[22.390790530794295,65.77310104960674],[22.38867598292732,65.77338422781159],[22.38928616147273,65.77245240451705],[22.391018726772057,65.77236821510628],[22.390790530794295,65.77310104960674]],[[22.384852402168907,65.84556355151577],[22.3825264404818,65.84513491354663],[22.38237238531344,65.84460106967232],[22.383138400648225,65.84420309783148],[22.386127502879408,65.84387784737591],[22.386230254023864,65.84423374032728],[22.38952770872428,65.84497610083073],[22.390144576427947,65.84711144030454],[22.387052375844025,65.84708088035987],[22.384852402168907,65.84556355151577]],[[22.377513971119356,65.86287967277444],[22.379355422750216,65.86315145570904],[22.379177607684714,65.86406223100809],[22.377209564814812,65.86487916982247],[22.375368009289765,65.86460736203104],[22.375111268739857,65.86371760999319],[22.375826603092662,65.86314171799138],[22.377513971119356,65.86287967277444]],[[22.376589603886128,65.85967657734223],[22.37664095097051,65.85985452729938],[22.376206323100263,65.8598755499312],[22.376589603886128,65.85967657734223]],[[22.369910015919274,65.7921573506203],[22.370343508342714,65.79213635678836],[22.37039465071897,65.7923143108362],[22.369910015919274,65.7921573506203]],[[22.368969750100987,65.79653321674856],[22.36940331701567,65.79651222487153],[22.369454463338503,65.79669017919466],[22.368969750100987,65.79653321674856]],[[22.369454463338503,65.79669017919466],[22.36993918246095,65.79684714004385],[22.369505610438786,65.79686813349313],[22.369454463338503,65.79669017919466]],[[22.352314316165863,65.78903906462469],[22.354812993665174,65.78855746465689],[22.353818767801773,65.78968807370225],[22.350988491900633,65.79054652201255],[22.349637040287103,65.79043137217805],[22.349535051749836,65.79007544731107],[22.352314316165863,65.78903906462469]],[[22.35264638105656,65.79479665554628],[22.352595355251044,65.79461869443338],[22.35302890598325,65.79459774925331],[22.35264638105656,65.79479665554628]],[[22.347647132091723,65.86323884571263],[22.348516556800433,65.86319696002806],[22.348567717962336,65.86337492117148],[22.347647132091723,65.86323884571263]],[[22.347314723912188,65.86361571001586],[22.347698287333927,65.8634168072034],[22.347800600157125,65.86377273011092],[22.347314723912188,65.86361571001586]],[[22.314732058317617,65.76974150707932],[22.314782763962175,65.76991948391422],[22.314349590512116,65.76994031677233],[22.314732058317617,65.76974150707932]]],[[[22.628438670716005,65.78481333928589],[22.629127366536064,65.78425167593048],[22.628704130067188,65.78282888754295],[22.623342215146945,65.7822116821505],[22.62417873,65.78502751000002],[22.628438670716005,65.78481333928589]]],[[[22.816267779999997,65.69402418],[22.816562941993805,65.69499529207972],[22.822728366580595,65.69369017446385],[22.816267779999997,65.69402418]]],[[[22.361079381635946,65.84309066140717],[22.36129072251794,65.84327502141534],[22.363896882985845,65.84314913693738],[22.36415399942865,65.8429420762038],[22.361079381635946,65.84309066140717]]],[[[22.625868747737947,65.77033599135052],[22.625815897117086,65.77015814121314],[22.625435875631737,65.77035770516618],[22.625868747737947,65.77033599135052]]],[[[22.56031131718178,65.77595640199473],[22.561177379651657,65.77591333999622],[22.56112496113419,65.77573546321229],[22.56031131718178,65.77595640199473]]],[[[22.45978265539261,65.8532833385663],[22.459730748768667,65.85310542207927],[22.459296317020144,65.85312667908067],[22.45978265539261,65.8532833385663]]],[[[22.42109977520038,65.7867824120235],[22.42153312702474,65.78676127406726],[22.421481645112145,65.78658334050901],[22.42109977520038,65.7867824120235]]],[[[22.42055032198367,65.79095943665571],[22.42011689864881,65.79098057251284],[22.420168381699963,65.79115850652025],[22.42055032198367,65.79095943665571]]],[[[22.412103521271025,65.81952015048562],[22.411669609026706,65.81954126706614],[22.411721102346583,65.81971920382036],[22.412103521271025,65.81952015048562]]],[[[22.348465709527314,65.86608622660614],[22.348030948640282,65.8661071703839],[22.348082113397393,65.86628513165384],[22.348465709527314,65.86608622660614]]],[[[22.343171678151528,65.86760414281227],[22.34306941112117,65.86724821637631],[22.342634625295677,65.86726914504487],[22.343171678151528,65.86760414281227]]],[[[22.34422034257285,65.86665153471985],[22.345908282462926,65.86638983297605],[22.34593387195876,65.86801242925152],[22.34746838923861,65.86721682358649],[22.347263742978402,65.8665049774624],[22.3463430502092,65.86636889516963],[22.344629614195856,65.86500800432817],[22.342327860673958,65.86620136410454],[22.342430112430815,65.86655729118314],[22.343350792584193,65.86669339716077],[22.342532367304674,65.86691321816323],[22.34306941112117,65.86724821637631],[22.34422034257285,65.86665153471985]]],[[[22.34506427927175,65.86805430184461],[22.345166577786074,65.86841022664542],[22.345601380441757,65.86838929061615],[22.34593387195876,65.86801242925152],[22.34506427927175,65.86805430184461]]],[[[22.344731774350727,65.86843116144556],[22.3447829218161,65.86860912398262],[22.345217728212706,65.86858818900885],[22.344731774350727,65.86843116144556]]],[[[22.344459059480776,65.79843958631919],[22.3448926824106,65.79841866357235],[22.344841701509434,65.79824069943776],[22.344459059480776,65.79843958631919]]],[[[22.342302093877038,65.86764599961455],[22.342353222639076,65.86782396314275],[22.342788018127123,65.86780303518259],[22.342302093877038,65.86764599961455]]]]}},{"type":"Feature","properties":{"cyano_daymap_file_id":2578,"date":"2002-06-13Z","cloud":null,"sub_surfac":null,"surface":null,"no_data":null,"class":1,"color_hex":null,"algae_class":"class_1","source_date":"2002-06-13"},"geometry":{"type":"MultiPolygon","coordinates":[[[[21.925856079999996,65.39466366999999],[21.929935361090422,65.41004310103649],[21.930350366443594,65.41033784254809],[21.93206071717197,65.41025907757084],[21.93224981056835,65.41097161326941],[21.930681207281612,65.41158478430167],[21.931203354089828,65.41192136228914],[21.930470855292707,65.41206198523982],[21.93294343,65.42138392],[21.918932199927777,65.42202708405101],[21.913742165416465,65.4244443467107],[21.911697315881472,65.42489883456136],[21.910316032930908,65.42622437140633],[21.908604562421452,65.42630290031647],[21.908270983926247,65.42667881468775],[21.90660661142107,65.42693546393784],[21.90670088365947,65.4272917502526],[21.90541721979001,65.4273506185718],[21.905083582578587,65.42772652644352],[21.902610417766102,65.42820051453474],[21.89880218734864,65.43017804725986],[21.898943458868132,65.4307124852832],[21.897847944064942,65.4314838750248],[21.898939335732795,65.4323354021843],[21.899508608554534,65.43285023540179],[21.896178868812065,65.43336333152817],[21.895177311573203,65.43449099759523],[21.894368349377114,65.43470832900344],[21.894697850808797,65.43595536167403],[21.895601007853244,65.43609432242553],[21.89673961799026,65.43712401121763],[21.898498940141437,65.43722375584396],[21.89859314693185,65.43758004777567],[21.89987733016487,65.43752123262247],[21.900827687064243,65.43783830672055],[21.905061146882975,65.43746400685944],[21.90525345643886,65.43655366771256],[21.906109533736338,65.436514421465],[21.909007956356735,65.43764364842974],[21.913194052562897,65.43709098017766],[21.91514228807213,65.43790309149001],[21.914333393667796,65.43812052926418],[21.914475033557114,65.43865494917114],[21.913332454899184,65.43924830984578],[21.913996593210186,65.44011936474817],[21.917849371448,65.43994249113567],[21.920990449624362,65.43871636357524],[21.926555174991382,65.43846059378893],[21.927269373877078,65.43788682120537],[21.928886912117836,65.43745180503112],[21.930599036821597,65.43737303983357],[21.931549750044322,65.43768991705865],[21.931739068834094,65.43840245092855],[21.930216165349723,65.43919376575407],[21.9307138735532,65.43951424012624],[21.935646989060743,65.43928740278088],[21.936019488574875,65.43820541959494],[21.937636895523056,65.43777031088572],[21.937494789287022,65.43723591716332],[21.938350830366137,65.43719648836533],[21.940587219769743,65.43583126258189],[21.94144320936277,65.43579181673012],[21.94153799348447,65.43614807631354],[21.94277458871666,65.43591076821696],[21.943534425244614,65.43713794317163],[21.944390452136854,65.43709848024831],[21.946340798391176,65.43628729020226],[21.94624594840133,65.43593103426326],[21.94791047527188,65.43567394631141],[21.94776817338762,65.43513956411013],[21.949955500472058,65.43521896605412],[21.95143011470481,65.43424933388752],[21.952713990952322,65.43419007205806],[21.954996847448392,65.4330027677479],[21.954950017069756,65.43120175818903],[21.956872444149628,65.42993217669144],[21.954330879999993,65.42039751999998],[21.96236462002363,65.42002583451836],[21.962273357313915,65.4196835922539],[21.96422186836955,65.41887218839406],[21.964507032912554,65.41831803753189],[21.965504957213653,65.41881282522733],[21.96745330244774,65.41800138119248],[21.96735824576563,65.41764514040742],[21.96906893802252,65.4175659524027],[21.96935398673448,65.41701179347288],[21.970209310002367,65.41697219079536],[21.97134995060338,65.41800129703047],[21.970399497730856,65.41768466800569],[21.970209561422962,65.41859506741753],[21.96935418525617,65.41863467060082],[21.96859388291323,65.41903050882942],[21.9691166637471,65.41936694938468],[21.9678335576909,65.41942634344129],[21.96792489351828,65.419768585351],[21.972654598344757,65.41954976290823],[21.973726182871875,65.41879284242226],[21.974581556211056,65.41875321447021],[21.974486399461266,65.41839697914091],[21.975769436960107,65.41833752914125],[21.97567426590722,65.41798129469599],[21.978905197039175,65.41711024693198],[21.98028251585404,65.41578412043242],[21.981137779145794,65.41574445634805],[21.981042546597052,65.41538822586605],[21.98189779559745,65.41534855760798],[21.984177707738127,65.41416083970708],[21.984414767436707,65.41342854158597],[21.987501884632483,65.41202297616816],[21.98740658204534,65.41166675035794],[21.9893060515399,65.41067692276575],[21.9914437471347,65.4105776299544],[21.993058518153994,65.41014195243434],[21.994152039651276,65.41099277001742],[21.99329695499224,65.41103250619902],[21.992348104237045,65.41233887917409],[21.989308884493212,65.4139226537612],[21.989831821943046,65.41425902102378],[21.9877891374323,65.41471451938382],[21.98788445859921,65.41507074475795],[21.98560464077301,65.41625851777961],[21.985367593208537,65.4169908176238],[21.98289696008868,65.41746609737581],[21.98032816877131,65.41919407398241],[21.98312489053592,65.41906427764597],[21.985225831784817,65.41807934446116],[21.985462891504316,65.41734704473535],[21.987173498156537,65.41726765219133],[21.988265771856533,65.41649564535888],[21.989168716825198,65.41663404806646],[21.989073371357268,65.4162778237454],[21.99068852961968,65.4158421679325],[21.99325425947377,65.4157229846571],[21.994773895024874,65.41493106504083],[21.99653202964656,65.41502967810044],[21.9965339064115,65.41665253901921],[21.995821798203206,65.41722661929424],[21.99591723944987,65.41758283842321],[21.997200178324498,65.41752320705395],[21.99638244797428,65.41844899213298],[21.997100440000004,65.41841567],[21.99753430527154,65.41876996988165],[21.998694898109758,65.42435414792187],[22.002197549117017,65.42324168059675],[22.00276862369443,65.42375610648438],[21.999104511223063,65.42587973107452],[21.99992551552742,65.42893751973975],[22.00211103172184,65.42937689428081],[22.003346732874896,65.42913909843686],[22.004297996714005,65.42945551194916],[22.00558149327507,65.42939580394098],[22.006532792871845,65.42971220301767],[22.00677190245104,65.43060272874264],[22.004350632689068,65.43287932855175],[22.004637519312784,65.4339479639063],[22.002213470369227,65.4346016776201],[22.002452487164092,65.43549221101583],[22.001711812626706,65.43559049219543],[22.002029626910225,65.43677417528777],[22.00278714080787,65.43673895682582],[22.00378649730473,65.43723347727922],[22.004974724186063,65.43681755875313],[22.00711447908782,65.43671802405571],[22.007210159573926,65.43707423363658],[22.004977201229504,65.43844041328194],[22.004788360286714,65.43935084533909],[22.002890401268804,65.43998008549188],[22.0042739659053,65.44513310142689],[22.005747640866367,65.44453580733682],[22.006651649190438,65.44467409510968],[22.0077497940133,65.44714764734495],[22.006752596556446,65.44827601052525],[22.00594417578737,65.44849393457854],[22.0055247278408,65.4497915004742],[22.00668443497963,65.45411077057454],[22.008571893445325,65.45504397201337],[22.011473787778055,65.4545483184499],[22.011096377373413,65.45636919554786],[22.013049054121147,65.45717999932963],[22.01390560870911,65.45714013705046],[22.01490597324777,65.45763457405639],[22.02018924881906,65.45792956207687],[22.02038115565298,65.458641959134],[22.02123774455594,65.45860205493294],[22.021525660844322,65.45967064787871],[22.02052861538107,65.46079910038769],[22.022529916270855,65.46178787447377],[22.021418769078874,65.4623664558358],[22.030473550000004,65.46194475],[22.031230542519623,65.46474921580099],[22.031437294483386,65.46425798516395],[22.03229404671972,65.46421801667944],[22.0326305650865,65.46546467777998],[22.03391574828172,65.46540471255132],[22.035340748768316,65.46425618229014],[22.036245592173312,65.46439428474433],[22.03448840866061,65.46591900274808],[22.03468077534176,65.46663137712783],[22.033872036273866,65.46684945373177],[22.034160577867006,65.46791801645196],[22.032416301749517,65.46914215380532],[22.03287715,65.47084948],[22.031927083568903,65.47089373055748],[22.03217119912542,65.47179791318452],[22.030457195126754,65.47187784867401],[22.028506926340654,65.47269012411788],[22.024173679337185,65.47271172693237],[22.022555634722394,65.47314776866006],[22.017080653932137,65.473763337831],[22.014889942235925,65.47368494137817],[22.013936912751856,65.47336861176152],[22.013825680801023,65.47173682651108],[22.011452080000005,65.47184738],[22.010449247713215,65.46812085266127],[22.008974715545264,65.46782875669275],[22.00697614965345,65.46846265439282],[22.00536068123591,65.47052136475473],[22.001599876240036,65.47105672051107],[21.998458870959873,65.47228452365577],[21.994269111871073,65.47283959126887],[21.989172622401313,65.47163330410568],[21.98769435395999,65.46935758404977],[21.986741805412596,65.46904107829491],[21.985456313555083,65.46910064501752],[21.982694330295512,65.4685072925023],[21.979694874451738,65.46864618389289],[21.979361820594104,65.46902224999496],[21.97850481383484,65.46906192060375],[21.975982265655762,65.47098188949819],[21.976601633917983,65.47167452429365],[21.97445888191701,65.47177365477651],[21.974173408277434,65.4723278269322],[21.97326859584865,65.47218935235524],[21.973078467914718,65.47309975643554],[21.971792739185723,65.47315920912267],[21.971507195141243,65.47371337689621],[21.969935848398247,65.47432698171019],[21.970126532565875,65.47503945390118],[21.968934701716424,65.47509453616946],[21.97098041,65.48274001],[21.961025865477428,65.48319863743994],[21.959838787840486,65.48362897335613],[21.95964812900851,65.4845393653835],[21.95831418815903,65.48442058717175],[21.95883819451883,65.4847570513616],[21.958075858709883,65.48515285547921],[21.955598320038234,65.48562775314937],[21.955741113853264,65.48616212285755],[21.954883502373786,65.48620166516312],[21.95459746992807,65.48675580546855],[21.952929782380494,65.48701299692739],[21.952262447531524,65.48776502170577],[21.951404777144337,65.48780454482714],[21.949927244647665,65.48877420355524],[21.949069536905185,65.4888137137774],[21.94964108120273,65.48932833569387],[21.948735796448958,65.48918971869223],[21.94802073273693,65.48976360053597],[21.946781662236088,65.49000097485306],[21.946876756530376,65.4903572278255],[21.944779871936706,65.49063407964495],[21.941728854451426,65.49221700496946],[21.941156098452282,65.4933252416333],[21.939869287857857,65.49338443282379],[21.93915391683114,65.49395827557495],[21.938296019398358,65.49399772644641],[21.93839101563941,65.49435398565579],[21.934481211250105,65.49597621951905],[21.9346236417382,65.49651061248899],[21.932334441456014,65.49769766720705],[21.931476408895602,65.49773708064745],[21.931237222326764,65.49846931449228],[21.93009248609178,65.49906282180945],[21.926420809605954,65.49995262504213],[21.924512595591867,65.50094174129055],[21.924654854963688,65.50147614521066],[21.92346242390658,65.50189147026053],[21.923841755894156,65.50331654993143],[21.922077880627384,65.503217143794],[21.91959795589559,65.50369147355049],[21.91692567468173,65.50507611623898],[21.917020428245102,65.50543239107307],[21.916162113888518,65.50547172024261],[21.915875065393365,65.50602579654891],[21.91425311102809,65.50646071431851],[21.913631542368023,65.50739072155478],[21.912525697634877,65.50777566780131],[21.91375969,65.51241966],[21.92806343249778,65.51176361367828],[21.928886106655042,65.51083845718686],[21.934628501361747,65.50920751187398],[21.932847660000004,65.50252871000002],[21.95430148999999,65.50154168999998],[21.955205657961468,65.50492224307334],[21.955879810550186,65.50454817845285],[21.9571671269185,65.50448884620697],[21.959884837630632,65.50328163496881],[21.96121975454665,65.5034003900472],[21.96074295853533,65.5048649362925],[21.96260244248561,65.50532012951831],[21.96388977843354,65.50526073985877],[21.964032871365777,65.50579509873185],[21.967608973324225,65.50617102389715],[21.967132495254713,65.50763558721324],[21.964557811810717,65.50937728758538],[21.964576607297307,65.51008352575867],[21.978142770000005,65.50945738],[21.97575352,65.50055165],[21.98221114198251,65.50025268200531],[21.982384807399,65.49971780973983],[21.983242811913698,65.49967810765789],[21.984338519992814,65.49890609751415],[21.9878182451583,65.49892532764838],[21.988151534195357,65.49854924083868],[21.98829507865942,65.49908357249592],[21.98724356004335,65.50001969655955],[21.997972193429174,65.4995367520407],[22.000543677954468,65.49779451314343],[22.00016026238981,65.49636966540739],[22.001018124381748,65.49632986380499],[22.00173218001427,65.49575574104908],[22.003018937369916,65.49569602377831],[22.004923745400074,65.49470594968682],[22.00792602803614,65.49456653040082],[22.00863988366821,65.49399237690801],[22.013546404375923,65.49286270648084],[22.013834462187155,65.49393131222307],[22.013024708880394,65.49414928678588],[22.01283585354951,65.49505972831837],[22.01536120753168,65.49476199482235],[22.015316508256408,65.49620673942516],[22.012269218889738,65.49779105208326],[22.012365239735622,65.49814725483147],[22.011078387537935,65.49820705255718],[22.01012449039638,65.49789070727294],[22.00240331842075,65.49824921544186],[22.00116436893253,65.4984870343155],[22.0013081789517,65.49902135108502],[22.000498161531418,65.4992392610374],[22.000737834138338,65.50012979005687],[22.00502772689617,65.49993071143832],[22.00555264962611,65.50026700477551],[22.00769759412787,65.50016741239205],[22.00822255571509,65.50050369608866],[22.010940515016305,65.50091844165715],[22.012227501071795,65.50085864383284],[22.012131470072337,65.50050244110749],[22.012656494979055,65.50083870880401],[22.018995193771598,65.50018334064403],[22.018845178446192,65.49927744375833],[22.018422045851924,65.4996689966071],[22.01646595159065,65.49885829541677],[22.01822631298272,65.49733375748288],[22.02103653973131,65.49648167983247],[22.022752191276332,65.49640183552216],[22.022944509171097,65.49711422501169],[22.022086661825515,65.49715415089727],[22.021373023071263,65.49772836578758],[22.021561586218272,65.49842693187817],[22.024591032845755,65.49828580104716],[22.026043155669218,65.49733063861026],[22.026901001504648,65.49729069028801],[22.02680478642462,65.49693449862833],[22.028139648297017,65.49705266340244],[22.028761047068347,65.49774506447551],[22.027937768515155,65.49812988888091],[22.04009882,65.49756335],[22.042249555884162,65.50550712468025],[22.044126065820937,65.50316010359842],[22.04498406954939,65.50312005115877],[22.044887582129565,65.50276387365173],[22.0474132814656,65.50246560145739],[22.047322107286018,65.50373225033348],[22.046179839505193,65.50432661213502],[22.04675363670215,65.5048408446614],[22.044420681517686,65.50585146380092],[22.044517176342804,65.5062076415207],[22.04297724044926,65.50644600808826],[22.062152340041322,65.50554985952934],[22.06196261294947,65.50485128749257],[22.063626856995754,65.50423236030004],[22.06154364,65.4965612],[22.06261168959244,65.49651113371222],[22.060403061221876,65.49590701361062],[22.059303693708028,65.49505673422297],[22.058445981101787,65.4950968651364],[22.05753400637926,65.49333608855665],[22.05819841332603,65.49258362794393],[22.057956867676584,65.49169320816745],[22.059098324854986,65.4910987650778],[22.05933385462332,65.49036636513664],[22.06095231434474,65.48992992564318],[22.061858182737822,65.49006786473637],[22.064044041317032,65.48852275110528],[22.06427941257291,65.48779034495679],[22.065040181411195,65.48739402061717],[22.06633938486594,65.48731900044935],[22.059127419999996,65.48765705],[22.057929170359365,65.48323796690511],[22.056924940936245,65.48308498057307],[22.05757012013455,65.4819138081281],[22.05671301,65.47875283000002],[22.078141639999995,65.47774848],[22.0797494952639,65.48366030722869],[22.083556541740553,65.48363993403149],[22.085602807657885,65.48318310457276],[22.08627384983388,65.48405333144309],[22.085465025728432,65.48427168502987],[22.08580438965637,65.48551819952354],[22.08499551675356,65.48573655106368],[22.085618125007834,65.48642870666225],[22.083336786768033,65.48761796960846],[22.083101953501004,65.4883504002339],[22.081864242462967,65.4885888684155],[22.08220350245292,65.48983539193154],[22.07844162091649,65.49037267076392],[22.07458973992107,65.49217651008287],[22.073303354174058,65.4922368329738],[22.072687805552587,65.49316743398104],[22.07149817180971,65.49358389874983],[22.07093093125367,65.49469257224644],[22.06791698135,65.49626244089332],[22.081837842278116,65.49560988146695],[22.08265475713144,65.49468366839507],[22.08198354151635,65.49381342723123],[22.08060016321923,65.49351766319087],[22.080357844379293,65.49262728670516],[22.081166967965768,65.49240895759485],[22.08140188591864,65.49167652919675],[22.082639746335715,65.49143806337253],[22.0856334687091,65.48967430837303],[22.08810889724078,65.48919730007819],[22.08839210315435,65.48864293533556],[22.089249548481362,65.48860263707613],[22.09111000857607,65.48905624000295],[22.09135265348901,65.48994659613663],[22.08978324083821,65.49056142784336],[22.08992880861796,65.49109564302479],[22.088739550412143,65.49151223987252],[22.088836584918013,65.49186838411178],[22.09012290920481,65.49180792961174],[22.08974265926832,65.49200615407575],[22.090317021465545,65.4925202158311],[22.08784915497732,65.49462006196309],[22.086659705060672,65.49503664427415],[22.086950779745905,65.49610508103979],[22.088811743966286,65.49655870736963],[22.090955998832158,65.496457940474],[22.090858914880627,65.49610179809066],[22.092096892280377,65.49586325369995],[22.09394970684332,65.49469402099957],[22.096619752513586,65.49492914975495],[22.097242899685483,65.49562125218048],[22.098529385101795,65.49556072458581],[22.098472297180475,65.49375986420806],[22.100236082623486,65.49385721324958],[22.10000167903562,65.49458966591689],[22.101482546798447,65.49524138408599],[22.10319781849097,65.49516063048942],[22.105147347343035,65.49434739856316],[22.108197593666915,65.49438406006763],[22.107826527865576,65.49620511490359],[22.108684184946288,65.49616470433908],[22.11011668260727,65.4966382707606],[22.10892750802582,65.49705502560951],[22.107212133433826,65.49713584521542],[22.10531111071203,65.49812717065919],[22.10445338295535,65.49816756276586],[22.10331267866523,65.49876234095292],[22.10241505978607,65.50024744453737],[22.105806564887423,65.50153061218373],[22.111236369201936,65.50073373079441],[22.111333751558206,65.50108985717667],[22.112620466652388,65.5010292074433],[22.111860048359993,65.50142576776682],[22.11200614041004,65.50195995653083],[22.115057279864914,65.50199647098914],[22.116441486503597,65.50229191159762],[22.116675483935104,65.50155943744113],[22.11677294411091,65.50191555956421],[22.118439854670985,65.50165656839701],[22.120828178476543,65.50244567607876],[22.12211493368374,65.50238494515133],[22.122002591723245,65.50273683006118],[22.128306769999995,65.50243946],[22.131397551046476,65.51370579929701],[22.133107917620546,65.51395002832328],[22.132961313124564,65.51341586499699],[22.134726539142257,65.51351279759949],[22.135769369815232,65.51256167676131],[22.13677418489,65.51305526208172],[22.138968476394474,65.5131318560872],[22.139310845955702,65.51437822054007],[22.140413641218867,65.51522788410233],[22.142890417069314,65.51474996574777],[22.14298829404435,65.51510606686247],[22.141369718661995,65.5155433855519],[22.14227688309319,65.51568082994797],[22.14242369343254,65.51621498223604],[22.1437110661437,65.5161540615385],[22.144765125946297,65.51682564107942],[22.14653061986559,65.51692243330909],[22.146677525619687,65.51745658053741],[22.147535807636324,65.51741594349427],[22.147633760007345,65.51777204086292],[22.149828472630876,65.51784847321957],[22.149497306866795,65.51822489479346],[22.150833758365508,65.51834196053431],[22.15239487701821,65.51933625515909],[22.15465059,65.51922951000002],[22.155615570448035,65.51991906409185],[22.1569521337494,65.52003607468797],[22.156670090317697,65.5205905561774],[22.15509309540734,65.52083586569077],[22.155558534893526,65.52252547525244],[22.157025673064485,65.5234596224485],[22.15888978924189,65.52391235511878],[22.159564386755203,65.52478222113724],[22.15643811590587,65.5257184757022],[22.15710291,65.52813177],[22.19448800469137,65.52635435325394],[22.193733893949968,65.52568328293474],[22.19621062470425,65.52520449200698],[22.1962945698613,65.52393782695545],[22.19509096524885,65.52273253254012],[22.193226330832076,65.52228025104972],[22.194548581310233,65.52077420127327],[22.19392223305152,65.52008253205041],[22.192205665654473,65.52016432772429],[22.19224051981052,65.51871963178598],[22.19300018115348,65.51832267486142],[22.19471662451028,65.51824087137811],[22.195722759108094,65.51873405197784],[22.197933852990033,65.51852401075568],[22.195098359999996,65.50828794999998],[22.21585763561537,65.50729661058227],[22.216409636479426,65.50677689176052],[22.21160616,65.48946149],[22.257978353139105,65.48723390097825],[22.25808317610598,65.48670430157674],[22.257027506362075,65.4860335283241],[22.257834893532145,65.48581427120311],[22.25773558572568,65.48545825888665],[22.25630111683972,65.48498611187546],[22.257158126100386,65.4849448653218],[22.25859260772149,65.48541700407075],[22.25796547896267,65.48472560783985],[22.259679471088624,65.48464309125022],[22.25915165237565,65.48430771095956],[22.26038745527756,65.48406781031937],[22.260238454597403,65.483533794716],[22.261045737642128,65.48331452146132],[22.260468263463036,65.4828011406857],[22.26132519320829,65.48275987127917],[22.260797393151204,65.4824244965503],[22.264405040276888,65.4813487204561],[22.265013450056607,65.4804174124634],[22.265541261385707,65.48075277235479],[22.267205257802974,65.48049217013968],[22.267136625537393,65.47869149237236],[22.265323672926403,65.47841808279283],[22.265170373799286,65.47786889111552],[22.20913967,65.48056025],[22.206675030000003,65.47165895],[22.29232701999999,65.46753887],[22.29482032,65.47643849],[22.31623582,65.4754005],[22.313735359999995,65.46650130999998],[22.368688529394337,65.4638220339251],[22.36942497661723,65.46271900357843],[22.368166098593825,65.46133717648848],[22.36731007485078,65.4613790428105],[22.367008032251235,65.46031126399266],[22.3659507160583,65.45964126902894],[22.364188450244495,65.45954700635127],[22.360890762132215,65.45862564285498],[22.36063930813908,65.45773581402234],[22.359632541380105,65.45724373801006],[22.35918004357266,65.45564204083396],[22.358228075075328,65.45531363741543],[22.354033499999996,65.45551874],[22.351130569091183,65.44522747718231],[22.348087641317022,65.44553882056788],[22.34675415415578,65.44542346861655],[22.34617589570674,65.44491042359623],[22.346931090446965,65.44451273887213],[22.347335095236023,65.44286925059652],[22.34866845369163,65.44298459870633],[22.3492228513677,65.44187501950537],[22.35017184777332,65.44182868700753],[22.349392344873586,65.4390652491372],[22.34693654287847,65.43837821631837],[22.341554033930464,65.4377387076192],[22.337177314439177,65.43759124915175],[22.32749850845373,65.43829198506755],[22.330132219999996,65.44766302],[22.32234214940752,65.44805582646632],[22.323647963454277,65.44961604704962],[22.319491336993952,65.45180265565176],[22.316973889103274,65.45210538903812],[22.314656237931203,65.45312001856324],[22.313372449474194,65.45318235861625],[22.313044428750477,65.45355910620201],[22.310576671730313,65.45403972048192],[22.307930482086533,65.45543099338676],[22.30365071903096,65.45563856506207],[22.301232467674065,65.45629701910843],[22.300904233813917,65.4566737424222],[22.298814093127078,65.45695543563592],[22.297301490619454,65.45775034146445],[22.295589402097676,65.45783326597041],[22.294504687982293,65.4586074157952],[22.292792532734953,65.45869030924347],[22.291657876312495,65.45928644680859],[22.28662078915599,65.45989096474715],[22.285475796101412,65.45579706573942],[22.286282015589595,65.45557766816249],[22.286082906811505,65.4548656856914],[22.287366856124834,65.45480357616012],[22.28812324008699,65.45440617409177],[22.28797387792462,65.45387218938602],[22.28882980880568,65.45383077387314],[22.288730226326003,65.45347478462764],[22.290242854487232,65.45267996442146],[22.291904816675036,65.45241911030152],[22.291655777841406,65.45152914295232],[22.29298936251726,65.45164498081141],[22.292889733563705,65.45128899476963],[22.294601404760872,65.45120610503348],[22.29450175592217,65.45085012025311],[22.29568582130996,65.45043195744996],[22.29538277965751,65.44934943201213],[22.28734604,65.44973946],[22.28350876395011,65.43600111343424],[22.279856131984953,65.43568337771842],[22.278851728732217,65.43519073972955],[22.275858020858976,65.43533545440803],[22.27837438018823,65.43503341768614],[22.27827502597208,65.43467741924627],[22.27646504313031,65.4344041138386],[22.27498344803333,65.43375411893645],[22.277927309682273,65.43343142395307],[22.277728631047463,65.43271942611631],[22.279011519829748,65.43265739818723],[22.28011519683528,65.43350603321537],[22.28182575592917,65.43342329941696],[22.2817263622336,65.43306730364093],[22.28263132807336,65.43320392775082],[22.28168711397713,65.42982196998939],[22.280255335391676,65.42935002357366],[22.281483283409184,65.42874941893231],[22.27988855,65.4230399],[22.28563590037329,65.42276145780365],[22.28885563800544,65.42135684422648],[22.288706488423138,65.4208228580467],[22.28961106109101,65.42095944421031],[22.28936246110988,65.42006946857825],[22.29278174475434,65.41990379017454],[22.293686305236555,65.42004035201265],[22.29383555078732,65.42057433230859],[22.293080203868623,65.42097175272828],[22.294561496153438,65.42162157293042],[22.29304683137342,65.42240242002609],[22.30126116,65.42200446],[22.303357497400413,65.42949365502692],[22.305024551963612,65.42959317386754],[22.3056016559665,65.43010638805372],[22.30688433705236,65.43004412514748],[22.308277715933087,65.43068403082842],[22.32513013999999,65.42986506999999],[22.31764106,65.4031677],[22.360348449999996,65.40108346999999],[22.36285717,65.40998179999998],[22.405571269999996,65.4078847],[22.41062286,65.42567946000001],[22.49608527,65.42144571],[22.494093125341763,65.41450770592846],[22.493371696089532,65.41383501126938],[22.49246638446331,65.41369965569893],[22.49190454370012,65.41174260575313],[22.489564898615765,65.41113731029449],[22.48790763895803,65.41140029192977],[22.488506557443912,65.4104681852579],[22.489736693224742,65.41022646759575],[22.489124100696298,65.40809148950487],[22.490525872362657,65.40693892484315],[22.49137988110161,65.40689638049881],[22.491533056341083,65.40743012268123],[22.492053457519418,65.40740419384286],[22.490976759999995,65.40365439999998],[22.50089644335044,65.40315873753279],[22.501032318272188,65.4028059705083],[22.502261976510496,65.402564155529],[22.502159736432684,65.40220833597193],[22.50344048338959,65.40214442148441],[22.50234900872084,65.39985290247168],[22.50347627309531,65.39925525967205],[22.50593518930687,65.39877158391735],[22.50610635774027,65.39786072906008],[22.51175758934338,65.39793936480409],[22.512935735875555,65.39751956021273],[22.515069876330553,65.39741288187157],[22.51619674300933,65.39681514800824],[22.518057640781596,65.39726348173441],[22.518211290166406,65.39779719185624],[22.520072291734895,65.39824549962658],[22.52135279264597,65.39818143541805],[22.52145527377376,65.39853723944594],[22.52268453535674,65.3982952618997],[22.522582038718824,65.39793945886854],[22.52476742799204,65.39801054466635],[22.524664904482552,65.39765474333034],[22.526320909051883,65.39739137051033],[22.52616709775961,65.39685767033642],[22.52787431657046,65.3967721810964],[22.527806476426317,65.39803885159333],[22.52662855235733,65.39845877017642],[22.52673110626582,65.39881456986306],[22.523367637222986,65.3991634072455],[22.522240839553877,65.39976119403916],[22.521387123444573,65.39980391025716],[22.521489612697373,65.40015971418],[22.524904504178334,65.39998881767893],[22.525007041958055,65.4003446187078],[22.525912044242254,65.40047978199632],[22.532844436290727,65.40049350606401],[22.5328955982129,65.40155981753834],[22.533668050000003,65.40152122],[22.533893650477683,65.40230278095567],[22.536875486962494,65.40245710128605],[22.53568140932697,65.40432165738446],[22.534547150348338,65.40456673885456],[22.53623557,65.41041603],[22.557585440000004,65.4093445],[22.555010819999996,65.40045012999998],[22.619027549999995,65.39721882],[22.61643357,65.38832569999998],[22.659087510000003,65.38615737],[22.661695669999993,65.39504960999999],[22.683026809999998,65.39396049999999],[22.68041156,65.38506871],[22.70173365,65.38397705],[22.704355979999995,65.39286839],[22.7256832,65.39177328],[22.723053789999998,65.38288239],[22.74437195,65.38178472999999],[22.739104869999995,65.36400363],[22.803005119999998,65.36069536999999],[22.80035335,65.35180608],[22.842929499999997,65.34958649999999],[22.840265609999996,65.34069804],[22.882819719999997,65.33846742],[22.8854977,65.34735497],[22.97061007,65.34285601],[22.97331823,65.35174166000002],[22.99459832999999,65.35060898999998],[22.997315560000004,65.35949411],[22.976028419999995,65.36062724],[22.98145488,65.37839819],[22.960151609999997,65.37952926],[22.957444419999998,65.37064334999998],[22.91484594,65.37289559],[22.917539,65.38178241],[22.874918339999997,65.38402357999999],[22.877599269999994,65.39291123999999],[22.920234070000003,65.39066916],[22.92563027,65.40844246],[22.90429973,65.40956591],[22.90968983,65.42733984999998],[22.86699434,65.4295796],[22.86967823,65.43846738],[22.848320359999995,65.43958320999998],[22.85099915,65.44847138],[22.808263199999995,65.45069492999997],[22.810929769999998,65.45958395],[22.853679949999997,65.45735949000002],[22.85636276,65.46624752],[22.87774195,65.46513031999999],[22.880433899999996,65.47401782999998],[22.90181819,65.47289717],[22.899119130000003,65.46401012000001],[22.920494290000004,65.46288691],[22.925908669999995,65.48066002999998],[22.94729603,65.47953289],[22.95545424,65.50619066],[22.93404549,65.50731917999998],[22.93676184,65.51620543],[22.969755528696005,65.5144636869914],[23.0439526591749,65.41743683403658],[23.1383421263494,65.2880901187065],[23.089750185962696,65.28445681869319],[23.089709002936797,65.2756147460627],[23.0877229961228,65.2617264628135],[23.083434648887803,65.24793025256493],[23.08043185064679,65.2410880822697],[23.072734007836395,65.22755481896989],[23.062814772555992,65.214278717246],[23.05703780408209,65.2077578360096],[23.0438821336382,65.1949890305416],[23.0286527983404,65.1826346123978],[23.011423917751596,65.1707541953058],[23.002086021599,65.1650103332603],[22.982021613701992,65.1539487475862],[22.960190125166896,65.1434996447016],[22.936695353363596,65.13371361195249],[22.924360538612298,65.1290836625267],[22.8985886497093,65.1203780521599],[22.885184620758892,65.11631308182429],[22.8574198396373,65.1087830198622],[22.8430911307973,65.1053259673164],[22.813630577896,65.099051531591],[22.783216068086205,65.09365218440139],[22.767695334584204,65.0912889661128],[22.736125520193397,65.0872488627787],[22.703969492420804,65.0841417016372],[22.687722653553607,65.08294181426642],[22.6549815048834,65.0812580646165],[22.63122027995397,65.08073635733254],[22.571556659999995,65.08378313],[22.574099679999996,65.09267754],[22.553004769999998,65.09374872999999],[22.560624359999995,65.12043289],[22.51838734,65.12256898999999],[22.520917090000005,65.13146445000001],[22.499788819999996,65.13252848],[22.50231349,65.14142431],[22.43889663,65.14459989000001],[22.441402299999996,65.15349693999998],[22.37794783,65.15664707],[22.380434459999996,65.16554533999997],[22.31694247,65.16866998],[22.321879369999998,65.18646888],[22.30069774,65.18750532],[22.30562799,65.20530482],[22.242030119999995,65.20839878],[22.246925650000005,65.22620056],[22.22570869,65.22722675],[22.220827180000004,65.20942413000002],[22.207559657654816,65.21006189614191],[21.9374845157948,65.3623116230953],[21.916983064499096,65.39507152230682],[21.925856079999996,65.39466366999999]],[[21.966883046507068,65.41748681380568],[21.967310718493803,65.41746701998146],[21.96735824576563,65.41764514040742],[21.966883046507068,65.41748681380568]],[[22.27498344803333,65.43375411893645],[22.274506148783082,65.4335967841615],[22.27493379650187,65.4335761183528],[22.27498344803333,65.43375411893645]],[[22.274028855244207,65.43343944781938],[22.274456500851873,65.4334187833848],[22.274506148783082,65.4335967841615],[22.274028855244207,65.43343944781938]],[[22.500554280448892,65.40264935941362],[22.500981205612177,65.40262806024516],[22.501032318272188,65.4028059705083],[22.500554280448892,65.40264935941362]],[[22.418020703830457,65.37548527107276],[22.41276995902493,65.37560665795652],[22.407426125592927,65.37659195319827],[22.40419151938011,65.37891658996224],[22.401356211149327,65.37959757235713],[22.400704432504703,65.38035140561124],[22.39806932672756,65.38140843526604],[22.40052725,65.39008968],[22.384891065883245,65.39085837875982],[22.387609168941122,65.39218238229115],[22.386956699313608,65.39293616303858],[22.386982680169858,65.39455875021757],[22.384094933287873,65.39506147234628],[22.37897189210087,65.39531300738162],[22.377163674690976,65.39504089262687],[22.374225438873637,65.39536546725377],[22.373698042528584,65.39503048321238],[22.3710360495336,65.39480016993735],[22.372115935281027,65.39402551918205],[22.372793984593464,65.39182716205461],[22.3718900226191,65.39169106882977],[22.371011295555757,65.39011033329065],[22.369630362210394,65.38981719238969],[22.36942959782909,65.3891053368934],[22.368525746887865,65.38896922235513],[22.368751840139083,65.38823644158968],[22.371865151167693,65.38700123349061],[22.374702047790976,65.38632079032892],[22.37747004334609,65.38506303854415],[22.376673289999996,65.38224084999999],[22.38234665161422,65.38196196025002],[22.382407589220293,65.38143181032304],[22.38524360614044,65.38075117753596],[22.387401353773896,65.37920168517034],[22.38910796698634,65.37911777481054],[22.390663638270134,65.37849997845096],[22.39194355568891,65.37843702019681],[22.39226955444673,65.37806012177194],[22.39906891042279,65.37610156986052],[22.401652028331377,65.3745308775431],[22.40406023649457,65.37387091711129],[22.40353291353699,65.3735360367875],[22.404661376548983,65.37293912174972],[22.406317114897202,65.37267707115812],[22.40686774652547,65.37156731861688],[22.408523375581733,65.37130524487515],[22.407895234196367,65.37061448252841],[22.410178970629158,65.3710431532725],[22.41168323240481,65.37024720188839],[22.41047729329762,65.36904364960161],[22.410752492498133,65.36848876716553],[22.411554980993582,65.36826873864148],[22.412082294883398,65.36860359095832],[22.41230702484313,65.3678707588423],[22.413485485356098,65.36745172922753],[22.413357124122513,65.36547326863808],[22.412779432018276,65.36496047326987],[22.410120204134028,65.36473082240792],[22.41082175951596,65.36415490273008],[22.411674534232024,65.36411282268084],[22.41109690616608,65.36360002020066],[22.41244946667485,65.36227022260009],[22.4123486309264,65.36191432810391],[22.411495928778628,65.36195641123119],[22.41069362977319,65.36217643750555],[22.41079444434897,65.36253233332685],[22.409515355436596,65.36259544336184],[22.409790515438363,65.3620405630843],[22.411395107385143,65.36160051594945],[22.410666331767416,65.36055386790336],[22.412371645349726,65.36046970714582],[22.412472474706888,65.36082560169197],[22.417212534216077,65.36077200217169],[22.417111640990555,65.36041611145545],[22.415782236331907,65.36030132802928],[22.418716007788444,65.35997598856999],[22.42149828243396,65.35911676188816],[22.424908627285777,65.35894817845694],[22.428391581201666,65.35751284470467],[22.429771417480538,65.35780545803051],[22.430096628985332,65.35742848581818],[22.43094914834543,65.35738629917638],[22.431447916732207,65.3560985305655],[22.43315286101462,65.35601413810937],[22.432704722110657,65.35747985064833],[22.43473489054808,65.35701846158535],[22.436064201041024,65.35713307854796],[22.436165335349372,65.35748895407187],[22.437870351395013,65.3574045074264],[22.437993124669028,65.35631577106723],[22.439322411917967,65.35643035948425],[22.43957535534327,65.35732004158564],[22.441179144888302,65.35687968516282],[22.441402978431928,65.35614681886807],[22.4399219281756,65.35549844009361],[22.439842270118728,65.35369795783497],[22.438188074860708,65.35396036129508],[22.438310827239142,65.35287162489448],[22.436302758082018,65.35188844705972],[22.434742799147866,65.34943952545223],[22.43331282623815,65.34896901460608],[22.433962933525223,65.34821505741637],[22.43604291632454,65.34793159690477],[22.437472879030793,65.34840208190414],[22.438700633243712,65.34816080526295],[22.439278436831387,65.34867349995912],[22.442362364638544,65.34888152539843],[22.44316398831399,65.34866133725876],[22.443265179195958,65.34901720742512],[22.448935439706577,65.35072084773614],[22.449787705213016,65.35067855697396],[22.453551423143303,65.35175486227786],[22.454403713147368,65.35171254511351],[22.45540805382211,65.35220401341721],[22.4571633500659,65.35229728237806],[22.461404489013436,65.3535301462407],[22.465493743582293,65.35422910888393],[22.472171357822656,65.35642323656558],[22.473754881984544,65.35742713423052],[22.4837230711574,65.36053971876365],[22.486039049766745,65.36258974287412],[22.48629364472657,65.36347932920626],[22.485046640616165,65.36516558670527],[22.482743139837645,65.36618264947998],[22.480611375277018,65.36628884541854],[22.48014507235259,65.36584134658078],[22.480782640000005,65.36807103000001],[22.45946251,65.36913138],[22.457576021674527,65.36251524736467],[22.45659311314398,65.36243066658167],[22.456694549803604,65.36278652518567],[22.454238013517088,65.36326937272254],[22.455314162574275,65.36249416442381],[22.45217785376022,65.36210849078475],[22.451447447476664,65.36106205715896],[22.45001653858769,65.36059171472552],[22.44885998723483,65.35956641530449],[22.450088147626655,65.35932504154975],[22.450615758833234,65.35965975577454],[22.45146831060187,65.35961745254883],[22.451814077047743,65.35779583197493],[22.453316315077544,65.35699948548542],[22.45534606790535,65.35653782262858],[22.45604640956497,65.35596170474302],[22.454565016721066,65.35531347364211],[22.454362273766016,65.35460175216342],[22.450547452686234,65.35334753974917],[22.447138032701364,65.35351669472213],[22.4455851725258,65.35413504552008],[22.446091448312075,65.35591438423529],[22.445542773857166,65.35702425998409],[22.444740919527675,65.35724446317117],[22.44512473272264,65.36011254381792],[22.44628116511071,65.36113787316746],[22.446635697368723,65.3623834073874],[22.445833691388557,65.36260361795674],[22.445609937554533,65.36333649002756],[22.44611642941064,65.3651158264592],[22.444989254508677,65.3657130389194],[22.444136492570536,65.36575530759477],[22.44423777622439,65.36611117616073],[22.445567586473945,65.36622570404025],[22.444288419187224,65.36628911040657],[22.441332889702366,65.36805956076256],[22.440357348295713,65.36919054718388],[22.440885043213456,65.36952529466828],[22.438803417764632,65.36980883897958],[22.43941084549346,65.37194407370146],[22.438711498142318,65.37219291058074],[22.44067198,65.37908553],[22.41934096999999,65.38014030999999],[22.418020703830457,65.37548527107276]],[[22.458587791534406,65.37819702658261],[22.458723286868818,65.3774825387128],[22.460652946703714,65.37666493321038],[22.46125212000844,65.37573293237764],[22.463009013251224,65.37582611672377],[22.463811267481432,65.37560581207507],[22.463658879353087,65.37507203372718],[22.466492016402356,65.37438990078053],[22.467395833335477,65.37452542766981],[22.46729419703027,65.37416957832949],[22.468248834368534,65.37448302475333],[22.469528330216605,65.37441941137519],[22.47027964763245,65.37402114953817],[22.47374240587264,65.37402936669363],[22.47449364720141,65.37363108460987],[22.476352192478966,65.37407995756074],[22.478809301150946,65.37359674317008],[22.479063780514274,65.3744863429438],[22.480018565904977,65.37479971320612],[22.48082064091367,65.37457931977104],[22.481450786534534,65.37526975680798],[22.48170537487402,65.37615935099713],[22.4809062175386,65.37708744079934],[22.483328309999997,65.37696696999998],[22.48587588,65.38586284],[22.469359822849288,65.38668438849018],[22.468496518888454,65.38746319229737],[22.467216384931252,65.38752680345921],[22.467826617242416,65.3896618945867],[22.46654637420167,65.38972550117359],[22.463731718596957,65.38896305325123],[22.46031778076959,65.38913255336983],[22.458813974937332,65.38992898588445],[22.459494742200388,65.39079744437088],[22.45869199264455,65.39101773110241],[22.458143207212718,65.39212765396938],[22.45626314325189,65.39312316827129],[22.453326193836634,65.39344927224703],[22.452117230846543,65.39224608475507],[22.450786067891148,65.39213162860118],[22.451009874954675,65.39139874826625],[22.449953330172402,65.39072933425966],[22.44975038136783,65.39001760864501],[22.451579735966405,65.38884424454027],[22.45137676072725,65.38813252138952],[22.450371077301785,65.38764103992519],[22.448338855874596,65.3881026609945],[22.44831683189009,65.38772875680955],[22.443205359999997,65.38798226999998],[22.44067198,65.37908553],[22.458587791534406,65.37819702658261]],[[22.507208289999994,65.38479861999998],[22.509764870000005,65.393694],[22.48842537,65.39475865],[22.48587588,65.38586284],[22.507208289999994,65.38479861999998]],[[22.424395430000004,65.39793458],[22.44574064,65.39687893999998],[22.44827782,65.40577556],[22.469628239999995,65.40471648],[22.472174429999995,65.4136126],[22.42945746,65.41572861],[22.424395430000004,65.39793458]],[[22.165171454855635,65.47854574736242],[22.163933043671076,65.47912131091317],[22.160554024115974,65.47946219683602],[22.160223470430914,65.4798386360785],[22.159366445028695,65.47987933292693],[22.16045606914763,65.47910610773677],[22.160358117122996,65.47875001854423],[22.15907263177758,65.47881106262652],[22.158546209065847,65.4784753176172],[22.158876770992364,65.4780988819597],[22.159733739002746,65.47805818844745],[22.15939097078324,65.47681187371754],[22.1576281596894,65.47671520551764],[22.154726764370746,65.47721366225572],[22.155057366903215,65.4768372345566],[22.153711175364148,65.47509742940115],[22.154996493408277,65.47503643256728],[22.154898634070733,65.47468033892034],[22.15659443534029,65.47404457232008],[22.14241659,65.47471731000002],[22.141541463436575,65.47152599751927],[22.14006535777732,65.4712351944321],[22.13840060094243,65.47149440322232],[22.137261816182566,65.47208941905511],[22.135927798837773,65.47197220977445],[22.136735810162417,65.47175359399267],[22.13663821407695,65.47139748595924],[22.137923398463645,65.471336635696],[22.139062135993186,65.47074161533003],[22.13896451282047,65.4703855090597],[22.1406291936174,65.4701262947909],[22.140862272633342,65.46939379191055],[22.140005552867724,65.46943437596082],[22.139907922753025,65.46907827036323],[22.14087955899523,65.46911223933503],[22.140439718756944,65.46750827974721],[22.13946862353047,65.46747579402472],[22.138845080522202,65.46678386943431],[22.140301715121726,65.46700502371333],[22.1399753,65.46581468999999],[22.148448033950842,65.46541269117544],[22.14835415122639,65.46507059954614],[22.149161844464132,65.46485192037531],[22.14853811345269,65.46416003762664],[22.15020229989576,65.46390072264298],[22.15005568522465,65.46336657573758],[22.15395881952474,65.4633617099519],[22.155096847359548,65.46276657557723],[22.154093681467113,65.46227309574363],[22.156283733750225,65.46234947973548],[22.15618591420468,65.46199338649274],[22.157042360189863,65.46195271332772],[22.156516315225687,65.46161695751118],[22.159746302257492,65.46074204793325],[22.16011912467776,65.46017469160351],[22.159183704719787,65.45676979401343],[22.158572183760516,65.45646895438914],[22.157336691507073,65.45670801901107],[22.15723888311145,65.45635192632315],[22.156382620623162,65.45639259881484],[22.156235930721003,65.45585845860859],[22.15547746355866,65.45625521943329],[22.1541930685091,65.45631621137684],[22.151000676391497,65.4557462885922],[22.149337013276202,65.4560056072957],[22.148334220856245,65.45551208552713],[22.147526804801185,65.45573075759022],[22.1474291341708,65.45537465720385],[22.14533732694752,65.45565424099016],[22.144811561520935,65.45531844165633],[22.14395530951256,65.45535904356062],[22.143722420554855,65.45609154946331],[22.142866141234606,65.45613214545595],[22.141435330016883,65.45565887286192],[22.14057906055679,65.45569945578657],[22.140004570358663,65.45518558620321],[22.136958895930128,65.45514952219031],[22.136812610499575,65.45461535918707],[22.13776638592124,65.4549309059288],[22.140335125948173,65.45480919110976],[22.13976066105755,65.45429532034719],[22.137999433870178,65.45419840766012],[22.140947421825416,65.45387834625261],[22.14164623834903,65.4516808387894],[22.14293044143402,65.45161995546022],[22.142258420195144,65.45074998969778],[22.14334739134024,65.44997689406887],[22.14305463641869,65.44890858204296],[22.143861883675726,65.4486899355307],[22.144866116201236,65.4475459091907],[22.13509822,65.44800929],[22.132662429999996,65.4391065],[22.111267919999996,65.44011825],[22.108615217422255,65.43232161206956],[22.1088411,65.43121499],[22.112932411409325,65.43067486800477],[22.112116346452027,65.42927055976025],[22.111163824627518,65.4289548387241],[22.111203319771597,65.42751011631464],[22.107869859392267,65.42640504261222],[22.1057314113882,65.42650599328856],[22.10549766016591,65.42723844870389],[22.103932268782707,65.42785338877873],[22.102124472349455,65.42757797122323],[22.102737553640743,65.42664727359907],[22.1070057189097,65.42482263623135],[22.1086105048389,65.42276294341823],[22.108486077180043,65.42221379531443],[22.1064161,65.42231167],[22.103992920000003,65.4134083],[22.12536599,65.41239779],[22.126649356206148,65.41709912891778],[22.127541245654978,65.4175390570242],[22.127832945769153,65.4186074097281],[22.12724420303833,65.41927822366786],[22.12779631,65.42130075000001],[22.123000345107272,65.42152751750272],[22.118406646470856,65.42374286785369],[22.115510280934515,65.42424052265271],[22.115228273468745,65.42479492694343],[22.113945306159813,65.4248555625929],[22.11404238483726,65.42521169046563],[22.11242878743225,65.4256486515486],[22.112622913619475,65.42636090947975],[22.113147669069022,65.42669683079731],[22.11400304286234,65.42665641216101],[22.114576369616163,65.4271703921174],[22.115061886778363,65.42895102756198],[22.11639361559664,65.42906844341641],[22.116490746376993,65.42942456918954],[22.119008524298735,65.42912517764101],[22.120865190717925,65.4295784513338],[22.120962384501542,65.429934573611],[22.122245580635578,65.42987387604487],[22.122148369699964,65.42951775476143],[22.124043900712746,65.42852627022255],[22.12489931384639,65.42848578941268],[22.125560222622926,65.42773306643862],[22.126843298180006,65.42767233093683],[22.127552766945392,65.42709765881148],[22.129166190601676,65.42666053764462],[22.131353202569944,65.42673731284118],[22.130546514151067,65.42695588705003],[22.132928243729527,65.42774486821497],[22.133745367422076,65.42914905349441],[22.133354746794488,65.4300522645806],[22.17299769,65.42817193],[22.168106659999996,65.41036773],[22.146737240000004,65.41138426000003],[22.14430161,65.40248166],[22.12293749,65.40349477],[22.118085940000004,65.38568855],[22.182130079999997,65.38264268],[22.17968568,65.37374074],[22.13700564,65.37577349],[22.13457729,65.36687066],[22.15591112,65.3658562],[22.148615659999994,65.33914858],[22.191235259999996,65.33711314],[22.1887929,65.32821132],[22.210092880000005,65.32718951],[22.207645269999997,65.31828804999999],[22.228936340000004,65.31726366],[22.231391029999997,65.32616471],[22.295274449999997,65.32307231],[22.297752210000002,65.33197204],[22.34034606,65.32989461],[22.34283981999999,65.33879342999997],[22.32153675,65.33983407],[22.324025289999998,65.34873324999998],[22.409254709999995,65.34455100999999],[22.411773449999995,65.35344842999999],[22.390461819999995,65.35449891],[22.39297536,65.3633967],[22.329007960000002,65.36653144],[22.331502090000004,65.37543044000002],[22.26749660999999,65.37853942999999],[22.27244782,65.3963398],[22.229739779999996,65.39839911999998],[22.232203920000003,65.40730005],[22.210840009999995,65.40832562],[22.213298869999996,65.41722691999999],[22.234669919999995,65.41620092999999],[22.23607717282486,65.41849214516381],[22.235374224838072,65.41874020860936],[22.239607440000004,65.43400251],[22.238346595649098,65.4340630496691],[22.238054566038514,65.43499294308418],[22.23933767924683,65.4349312503605],[22.239206447391712,65.43601990428553],[22.23797268652301,65.43625961159175],[22.237742579839107,65.43699223450515],[22.23721603530475,65.43665676493248],[22.23593283161478,65.43671844050478],[22.23583404598485,65.43636240855609],[22.2349785845833,65.43640351890429],[22.234452087248822,65.43606803921726],[22.232790546414673,65.43632825649307],[22.232988037666125,65.43704032510134],[22.2313264201056,65.43730052700936],[22.230191236586236,65.43789620763192],[22.228809256382995,65.43760178681947],[22.22671979622415,65.43788247496002],[22.2269664737176,65.4387725724437],[22.225584481260842,65.43847812221574],[22.223017822804792,65.4386012670549],[22.22268865985997,65.43897782925856],[22.221833088210722,65.43901886615454],[22.221306702372694,65.43868333950299],[22.219294613800802,65.43890305018348],[22.22068652,65.44393045],[22.212039832561846,65.44435859544615],[22.211199371061742,65.44602229150195],[22.20849935000792,65.44723383962769],[22.20859781379367,65.44758989259137],[22.207363217899108,65.44782935776144],[22.206374692882875,65.4489589498509],[22.204662833152412,65.44904084081195],[22.204761253014574,65.44939689670538],[22.203196959573493,65.4500128553823],[22.201136647590335,65.45163122470623],[22.2017513,65.45385615999999],[22.22315277,65.45283151],[22.225620869999997,65.46173251],[22.222451766025745,65.46188402107376],[22.221546173237158,65.4630239895406],[22.220261633036795,65.46308554498653],[22.220360328805064,65.46344158794544],[22.218318055098614,65.46390020244199],[22.21642368071117,65.46489285904899],[22.214661503983617,65.46479685019314],[22.213047244698814,65.46523489363628],[22.21281622758776,65.46596748730539],[22.210015699995044,65.46682303232927],[22.209307038622544,65.46739808377505],[22.208450512992282,65.46743905416082],[22.208351960977684,65.46708300202079],[22.207017917874463,65.46696642092905],[22.207116451216102,65.46732247412321],[22.205880918342093,65.46756193634351],[22.206506241563034,65.46825356635162],[22.205551164833256,65.46793846687694],[22.203887308126717,65.46819838853251],[22.202883024257567,65.46770524395808],[22.199506032158048,65.46804698120718],[22.19764528423272,65.46759471599287],[22.19736461315678,65.46814926011385],[22.19436659551989,65.46829239987316],[22.193229246008336,65.46888782344556],[22.193376778926442,65.46942191930628],[22.18566707511265,65.4697896741837],[22.184698073985256,65.4706512519594],[22.187714859999993,65.48158313999997],[22.166288209999998,65.48260300999999],[22.165171454855635,65.47854574736242]],[[22.283528427826475,65.39580309898423],[22.28373988132899,65.39526585642973],[22.284593910189322,65.39522448388544],[22.284395400390984,65.39451249301486],[22.28557713643795,65.39409443264303],[22.285428240737605,65.39356044061729],[22.28628221093815,65.39351905908997],[22.28618293947083,65.39316306496303],[22.287940494931817,65.3932582852285],[22.288268174660914,65.39288159553624],[22.28856607889405,65.3939495726983],[22.290552017339373,65.39331207929389],[22.29225991907966,65.39322925370163],[22.29112800057466,65.39382536012694],[22.291753682293738,65.39451663337935],[22.29057202895642,65.39493474136638],[22.291801228249927,65.39540239710398],[22.29379906,65.39530562999998],[22.29628457,65.4042053],[22.274926210000004,65.40523989],[22.27244782,65.3963398],[22.283528427826475,65.39580309898423]],[[22.244552379999995,65.45180384],[22.26595014,65.45077315999998],[22.26843255,65.45967332],[22.24702764,65.46070442],[22.244552379999995,65.45180384]],[[22.03971735333015,65.41588174969529],[22.038630383888048,65.4154111853673],[22.038961939122743,65.41503500283987],[22.03710768214873,65.4145806981054],[22.036483817553247,65.41226547612406],[22.037290872785945,65.41204740158167],[22.03776196779848,65.41058266753922],[22.0367150457682,65.4099102738577],[22.034529645671817,65.40983211102603],[22.033103315662576,65.40935776890697],[22.034237674959996,65.4071407027875],[22.033854031240388,65.40571594103149],[22.03625743028194,65.40303937656594],[22.035064729999995,65.39861237],[22.04766667073955,65.39802212490335],[22.055389113451636,65.39731362318861],[22.057194342660072,65.39758962574149],[22.058241272351935,65.39826187722369],[22.057079943726706,65.40002164184207],[22.057536609793573,65.40045905478358],[22.064987350539887,65.39920760013895],[22.067599211946686,65.39926525502757],[22.068694650110853,65.40011551303782],[22.06788822791533,65.40033374954209],[22.06784629953909,65.40177848436103],[22.066329656403934,65.40257111106199],[22.066715006617876,65.40399577351953],[22.064297567251618,65.40625932793627],[22.06945990936338,65.40601676763585],[22.071325998792418,65.40504154731575],[22.074648510309554,65.40452465761196],[22.075551465944248,65.40466254291239],[22.07579264035748,65.40555293909054],[22.074851024235983,65.405763458108],[22.080203799999996,65.40551195],[22.08261804,65.4144158],[22.039862839999998,65.41642176],[22.03971735333015,65.41588174969529]],[[22.039677582257905,65.41608356303072],[22.039201987366994,65.41592546820137],[22.03962956759198,65.41590547019008],[22.039677582257905,65.41608356303072]],[[21.96621315999999,65.38378422],[21.97351289363402,65.38344553894497],[21.973954253370728,65.38235729869676],[21.975093024971162,65.38176351517272],[21.974903024473512,65.38105104169341],[21.975757167301182,65.38101141884256],[21.976089224563935,65.38063536970984],[21.975946710274197,65.38010101569044],[21.977180362396446,65.37986345363872],[21.977796885194653,65.3789332317466],[21.982398271324996,65.37673605728268],[21.982255654389686,65.37620171018985],[21.98353661111735,65.37614221403905],[21.984200375777764,65.37539008406048],[21.985565553568257,65.37529396283446],[21.98518997,65.3738877],[21.98946855879614,65.37368827505364],[21.99060350644846,65.37346954755552],[21.990508330916178,65.37311332228033],[21.99264296678924,65.37301404181513],[21.992927082602673,65.3724598469533],[21.994587128402426,65.37220228694112],[22.000371244767145,65.36958876968997],[22.004544488535906,65.36903369073207],[22.006442626359114,65.36966653948528],[22.009003764064566,65.36954713239112],[22.00909917449412,65.36990334371416],[22.009857470920576,65.36950732040194],[22.01199172556143,65.36940776937577],[22.01208717584942,65.36976397842061],[22.015928840436366,65.36958470785268],[22.016639267508957,65.36901054848741],[22.021525598127756,65.36950369035233],[22.023898825096133,65.37029447459267],[22.02551410614297,65.37148132397627],[22.024660363924585,65.37152122506595],[22.024964750735446,65.37203379818982],[22.027881039999997,65.37189786999998],[22.03027381,65.38080276],[22.024014848931937,65.3810949663643],[22.024349882766824,65.38163444970998],[22.02326008218483,65.38240669432294],[22.022405980967616,65.38244658610122],[22.022928686370225,65.38278284094247],[22.02164751422232,65.3828426741718],[22.02050977135538,65.38343679952658],[22.020273948101988,65.38416914268878],[22.01904050586757,65.38440705556658],[22.018995860646584,65.38585180296589],[22.01634060870057,65.38723804030572],[22.015820867043853,65.38852461342606],[22.01435115065945,65.38949482801763],[22.011026641525337,65.38964982755046],[22.01130948,65.39070483000002],[22.000160676747385,65.39141827527527],[22.000305787410017,65.39357546074895],[21.99888096058181,65.39310078036522],[21.999167099239234,65.39416943391142],[21.997885306414975,65.39422907102512],[21.996652994503787,65.39608966914503],[21.99200186636011,65.39810918697181],[21.992330900000002,65.40060465],[21.9709613,65.40159627000001],[21.96621315999999,65.38378422]],[[22.514629610566544,65.37632062841669],[22.51638669554108,65.37641318785433],[22.516420610387026,65.37803566798422],[22.514594931849405,65.37920978115446],[22.51198459979437,65.37915985889735],[22.51307706548041,65.3769396722934],[22.514629610566544,65.37632062841669]],[[22.492652259493546,65.41585589488064],[22.492225110978985,65.41587717274327],[22.492122944246255,65.41552134561209],[22.492652259493546,65.41585589488064]],[[22.463559113807484,65.38987387449701],[22.46398586757478,65.38985268191193],[22.46408753249094,65.3902085332019],[22.463559113807484,65.38987387449701]],[[22.462807251865176,65.39027210839203],[22.463660773043067,65.39022972613331],[22.46371160380194,65.39040765191409],[22.462807251865176,65.39027210839203]],[[22.45242547426243,65.4191174300561],[22.452222192789204,65.418405711148],[22.45136773289426,65.41844803818077],[22.451012059489983,65.41720252671168],[22.45181566638766,65.41698227213857],[22.450656423383354,65.41595701402481],[22.457064200475447,65.4156394803425],[22.457369285356254,65.41670704714072],[22.456291063394808,65.4174822914242],[22.457023369619492,65.4185286821495],[22.455894219552725,65.41912599654563],[22.4556703582767,65.41985888471642],[22.454113860404938,65.42047736087548],[22.452832073759023,65.42054086667889],[22.45250646181419,65.42091789212706],[22.449942829216663,65.42104486610799],[22.449312333653758,65.42035430077541],[22.45242547426243,65.4191174300561]],[[22.45476575912714,65.36360407101685],[22.45433942223343,65.36362523320132],[22.45428871749621,65.36344730297435],[22.45476575912714,65.36360407101685]],[[22.453212500255244,65.36422250464176],[22.452786151826235,65.36424366254462],[22.452684761235986,65.36388780083283],[22.453212500255244,65.36422250464176]],[[22.45118212147686,65.3646841451505],[22.450755763589182,65.36470529739881],[22.450705080571694,65.36452736574138],[22.45118212147686,65.3646841451505]],[[22.449852368192055,65.36456966629252],[22.449426010865622,65.36459081476808],[22.449375337109604,65.3644128825678],[22.449852368192055,65.36456966629252]],[[22.447771237158506,65.36485332953595],[22.44819760035012,65.3648321856879],[22.44824826711748,65.3650101183565],[22.447771237158506,65.36485332953595]],[[22.44739553430725,65.36505240519779],[22.447821901091142,65.36503126237714],[22.447872565781342,65.36520919519361],[22.44739553430725,65.36505240519779]],[[22.44701982578648,65.36525147998],[22.447446196162677,65.36523033818683],[22.447496858775622,65.3654082711511],[22.44701982578648,65.36525147998]],[[22.446644111596054,65.36545055388254],[22.44707048556459,65.36542941311686],[22.447121146100233,65.36560734622896],[22.446644111596054,65.36545055388254]],[[22.4462683917359,65.36564962690545],[22.446694769296812,65.36562848716726],[22.446745427755033,65.36580642042719],[22.4462683917359,65.36564962690545]],[[22.435566273413126,65.34777476543478],[22.435039098858542,65.34743999397655],[22.435465192385884,65.34741888896421],[22.435566273413126,65.34777476543478]],[[22.435790201489986,65.34704190652776],[22.436642373445178,65.34699969119623],[22.43631737717486,65.347376675342],[22.435465192385884,65.34741888896421],[22.435790201489986,65.34704190652776]],[[22.43305177430602,65.35565826007337],[22.432199315007548,65.35570045801187],[22.431997173318884,65.35498870026568],[22.432849609954662,65.35494650370488],[22.43305177430602,65.35565826007337]],[[22.431469893221266,65.354653917381],[22.431043678680528,65.354675012318],[22.4309931523228,65.35449707242591],[22.431469893221266,65.354653917381]],[[22.431144733661686,65.35503089202803],[22.430718512700164,65.35505198610977],[22.430667987664748,65.35487404609495],[22.431144733661686,65.35503089202803]],[[22.430819565036714,65.35540786606539],[22.430393337654223,65.35542895929188],[22.43034281394122,65.35525101915427],[22.430819565036714,65.35540786606539]],[[22.430595440058628,65.35614071959556],[22.430169200588885,65.35616181231107],[22.430118676687968,65.35598387210001],[22.430595440058628,65.35614071959556]],[[22.430494387345917,65.3557848394931],[22.430068153542283,65.35580593186427],[22.430017631151806,65.35562799160384],[22.430494387345917,65.3557848394931]],[[22.430270250656477,65.35651769265912],[22.429844004765197,65.35653878451926],[22.42979348218694,65.35636084418543],[22.430270250656477,65.35651769265912]],[[22.429945052187424,65.35689466511289],[22.429518799874426,65.35691575611767],[22.42946827861895,65.35673781566103],[22.429945052187424,65.35689466511289]],[[22.40976327391437,65.36041799274133],[22.40933694496236,65.36043902735872],[22.409286552010236,65.36026107882188],[22.40976327391437,65.36041799274133]],[[22.40891061525692,65.36046006077608],[22.40848428479807,65.36048109299338],[22.40843389751526,65.36030314411313],[22.40891061525692,65.36046006077608]],[[22.40714304584955,65.3710124417591],[22.406716542614774,65.3710334707325],[22.406666142818928,65.37085552138853],[22.40714304584955,65.3710124417591]],[[22.40364353399543,65.36017851579989],[22.404069864234568,65.36015749729827],[22.404120221663987,65.36033544794422],[22.40364353399543,65.36017851579989]],[[22.403267554763303,65.36037748409056],[22.40369388859008,65.36035646661743],[22.40374424393761,65.36053441741045],[22.403267554763303,65.36037748409056]],[[22.40234097263109,65.36168618914922],[22.402391321908684,65.36186414045675],[22.401964962390597,65.361885154502],[22.40234097263109,65.36168618914922]],[[22.401186212676077,65.3606605052772],[22.40203889277427,65.3606184807887],[22.40224027633436,65.36133028646054],[22.401488258512472,65.3617282156964],[22.401186212676077,65.3606605052772]],[[22.40202821672493,65.37433191115619],[22.401601654697057,65.37435292623765],[22.40155128181627,65.37417497490762],[22.40202821672493,65.37433191115619]],[[22.401511871507637,65.36028359030675],[22.401085536751946,65.36030460160787],[22.40098486383828,65.35994869784037],[22.401511871507637,65.36028359030675]],[[22.400884193934935,65.35959279397477],[22.400457869765724,65.35961380338966],[22.40040753877755,65.35943585124853],[22.400884193934935,65.35959279397477]],[[22.373528658066977,65.30699136664794],[22.374805153874398,65.30692858893005],[22.374679871629134,65.30801729889339],[22.373828839801437,65.30805915155499],[22.373528658066977,65.30699136664794]],[[22.37680743812983,65.30791264628533],[22.376932631952634,65.3068239354539],[22.377783617956027,65.30678206568231],[22.377508289053427,65.30733688912329],[22.37850947788572,65.30782890264636],[22.381012434959214,65.30752529007854],[22.381112595999554,65.30788121243236],[22.38196360807365,65.30783931871933],[22.382288935012078,65.30746244873754],[22.38356542833786,65.30739959662081],[22.384892020487015,65.30751469338054],[22.38509245017057,65.30822653174474],[22.38429153526948,65.30844640311685],[22.38481726291707,65.30878136712305],[22.383540706327118,65.30884423052292],[22.383014993374612,65.30850926189979],[22.380987572961416,65.30896992499366],[22.381813806993783,65.31037266617808],[22.380261860454087,65.31099033317037],[22.37936066675952,65.31085425654499],[22.379861222928387,65.30956664102209],[22.378960080388843,65.30943056147011],[22.378859941268956,65.30907463745767],[22.37673229089615,65.30917931998638],[22.37645691756046,65.30973414195412],[22.377358058519693,65.30987023653387],[22.377458181029713,65.31022616171687],[22.378259208531524,65.31000632561673],[22.378359343830038,65.31036225006824],[22.377608370398384,65.31076004930864],[22.37703263252025,65.31024709685175],[22.37618153326003,65.31028896352905],[22.376757255690467,65.31080191940494],[22.375530628523858,65.31104267890314],[22.374279162803262,65.30966082727232],[22.374679871629134,65.30801729889339],[22.37680743812983,65.30791264628533]],[[22.37197470207741,65.31681067260003],[22.375805609036828,65.31662233197905],[22.37530499078733,65.31484269996258],[22.376256367697323,65.31515676264388],[22.37743310503096,65.31473803289407],[22.376006050875556,65.31426694767245],[22.380737860830923,65.3142145810455],[22.380187180077424,65.31532423847412],[22.38081319337952,65.31601513811201],[22.37820926920759,65.31596283138528],[22.37745813843383,65.31636063148294],[22.377332944100502,65.31744934274484],[22.378234356103736,65.31758542929506],[22.377057507088917,65.31800416645925],[22.376782059105523,65.31855898978074],[22.375079319935367,65.3186427210035],[22.375279587142725,65.31935457410425],[22.374302863377626,65.32048514398329],[22.373451428305938,65.32052699863209],[22.372775439862615,65.31965810333335],[22.3709725342067,65.31938586018356],[22.367566892405108,65.3195531733799],[22.367291228751032,65.32010798150509],[22.36829273074283,65.32060005989223],[22.366639840135875,65.3208616632966],[22.366014073077796,65.32017070212605],[22.365212634568696,65.32039047714224],[22.365112630636006,65.32003454259907],[22.365964065832284,65.31999273518322],[22.365388339828925,65.31947973800453],[22.364111209110533,65.31954244220273],[22.36223254829977,65.32053676774319],[22.357499530251275,65.32058856402978],[22.356096238008085,65.32173990457885],[22.35607003841126,65.32318454889926],[22.355018720094936,65.3225144165586],[22.353215788353822,65.32224196070091],[22.354393213860725,65.32182340436246],[22.352640256513034,65.32172891272586],[22.35206474759707,65.3212158623132],[22.35291624600209,65.32117412816217],[22.35351811503076,65.32024252980455],[22.35474537865288,65.32000194351022],[22.354871515613592,65.31891324151074],[22.356098704849753,65.3186726449246],[22.35665046945792,65.31756306477138],[22.358303260375575,65.3173015722294],[22.359380475434385,65.31652703978958],[22.360657473705125,65.3164643771384],[22.361408866460742,65.31606665834227],[22.36358712788184,65.31614015436932],[22.365615412465086,65.31567971723769],[22.36664234564461,65.31472716848042],[22.36574108846659,65.31459101082842],[22.36564110404755,65.31423507643414],[22.36771921048594,65.31395257985464],[22.368846023461327,65.31335595011866],[22.368695993594585,65.31282205214438],[22.369497174896683,65.31260226118239],[22.368871542703772,65.31191131052068],[22.370573871073347,65.31182765382368],[22.37132498252629,65.31142988832903],[22.371049473721587,65.31198470176965],[22.372000695963017,65.31229879297241],[22.370723932107136,65.31236154960509],[22.371299597031985,65.31287452697599],[22.370698515675436,65.31380618846487],[22.37330221865117,65.31385862758371],[22.373402304760177,65.31421455583919],[22.370948648076098,65.31469601416006],[22.37197470207741,65.31681067260003]],[[22.380462197155733,65.31170217865933],[22.38003662771678,65.3117231225157],[22.379986545243934,65.3115451610093],[22.380462197155733,65.31170217865933]],[[22.379636455458463,65.3164338943324],[22.38006210132268,65.316412950827],[22.380112195508627,65.3165909121874],[22.379636455458463,65.3164338943324]],[[22.379260897382455,65.31663279834193],[22.37968654681942,65.31661185586357],[22.379736638928133,65.31678981737032],[22.379260897382455,65.31663279834193]],[[22.379110294673065,65.309964447306],[22.379060222497724,65.30978648538509],[22.379485761624142,65.30976554460425],[22.379110294673065,65.309964447306]],[[22.378885333656346,65.31683170147073],[22.37931098666611,65.31681076001944],[22.37936107669751,65.31698872167259],[22.378885333656346,65.31683170147073]],[[22.378084106949803,65.31705154294517],[22.378935420862643,65.31700966329463],[22.378985508816648,65.31718762509415],[22.378184272304768,65.31740746720283],[22.378084106949803,65.31705154294517]],[[22.37830943124127,65.31631875559395],[22.378359513379507,65.31649671766174],[22.377933864524554,65.31651765637586],[22.37830943124127,65.31631875559395]],[[22.378084040031744,65.31398430897309],[22.37723282216229,65.31402618281898],[22.377032551251393,65.31331433235407],[22.377933818781187,65.31345042218514],[22.378084040031744,65.31398430897309]],[[22.37705762071654,65.31186969597873],[22.37663204529877,65.3118906302546],[22.376581985417122,65.31171266738255],[22.37705762071654,65.31186969597873]],[[22.37610617536239,65.31462287373414],[22.375680554591,65.31464380577944],[22.37563049479858,65.31446584259012],[22.37610617536239,65.31462287373414]],[[22.375229770850584,65.31610937364496],[22.37480412523866,65.31613030346224],[22.374704011394197,65.31577437642504],[22.375229770850584,65.31610937364496]],[[22.3729513995731,65.31568011811308],[22.373377039698678,65.31565919359899],[22.373427087025213,65.31583715766605],[22.3729513995731,65.31568011811308]],[[22.373427087025213,65.31583715766605],[22.373902780127324,65.31599419565558],[22.37347713509883,65.31601512170872],[22.373427087025213,65.31583715766605]],[[22.37252634943785,65.3126338007344],[22.372951940798053,65.31261287792276],[22.373001978250688,65.3127908422331],[22.37252634943785,65.3126338007344]],[[22.373001978250688,65.3127908422331],[22.3734776127121,65.3129478821686],[22.37305201645018,65.31296880651907],[22.373001978250688,65.3127908422331]],[[22.37285131281113,65.31532418956473],[22.372425677588396,65.31534511253979],[22.372375638152807,65.3151671480585],[22.37285131281113,65.31532418956473]],[[22.37265114825113,65.31461233217588],[22.372751229037178,65.31496826091897],[22.37232559946417,65.31498918355285],[22.37265114825113,65.31461233217588]],[[22.372150789134896,65.31283268699985],[22.372576384066203,65.3128117652153],[22.372626419441378,65.31298972967187],[22.372150789134896,65.31283268699985]],[[22.371375759072315,65.30854061095658],[22.37095023191282,65.30856152864794],[22.37085020488706,65.30820559815263],[22.371375759072315,65.30854061095658]],[[22.37081022230675,65.39246571710378],[22.370383335713377,65.39248664702563],[22.37033313221944,65.39230868355395],[22.37081022230675,65.39246571710378]],[[22.370735050165088,65.39066515358657],[22.370308192754326,65.39068608299998],[22.370257993932334,65.39050811945543],[22.370735050165088,65.39066515358657]],[[22.37070981038387,65.39210979047816],[22.37028292947706,65.39213072005792],[22.370182526246897,65.39177479299263],[22.37070981038387,65.39210979047816]],[[22.370559198136363,65.39157590035677],[22.370132325759084,65.3915968294234],[22.37003192703793,65.39124090221178],[22.370559198136363,65.39157590035677]],[[22.370207462894843,65.39339739359308],[22.369780560581088,65.393418321966],[22.369730359016174,65.3932403582742],[22.370207462894843,65.39339739359308]],[[22.36263586138566,65.3158260103662],[22.362210208247028,65.31584690459306],[22.362160236613434,65.31566893602022],[22.36263586138566,65.3158260103662]],[[22.362371418192385,65.396307267243],[22.361517503129917,65.39634907948408],[22.361467350771736,65.39617111254334],[22.362371418192385,65.396307267243]],[[22.361040394958565,65.39619201668951],[22.35975952301396,65.3962547219139],[22.35960910457781,65.39572081889546],[22.360940098183743,65.39583608239327],[22.361040394958565,65.39619201668951]],[[22.35920037041061,65.32357228586079],[22.359626151204555,65.32355139885604],[22.359776071324358,65.32408530699107],[22.35920037041061,65.32357228586079]],[[22.35892449202669,65.32412708082435],[22.359350282048634,65.32410619450691],[22.359450226871687,65.32446213348291],[22.35892449202669,65.32412708082435]],[[22.31372876687125,65.39417092722694],[22.313301797753024,65.39419169621982],[22.313251977037844,65.39401370993868],[22.31372876687125,65.39417092722694]],[[22.309977158358897,65.41943021630803],[22.31083192350827,65.41938868766574],[22.310554122746044,65.4199434129604],[22.311508639610917,65.42025785367197],[22.313545842336833,65.41979802964788],[22.31364560695293,65.42015400072975],[22.31198590659788,65.42041507167598],[22.311658249369287,65.4207918126628],[22.312762448722403,65.42164020354868],[22.311102645568276,65.42190126580086],[22.31133058297655,65.42116855302882],[22.30937165358316,65.42036167651436],[22.309977158358897,65.41943021630803]],[[22.301728665385937,65.46890149720875],[22.301529014053266,65.46818954057072],[22.302435304494068,65.46832603264895],[22.302335470372306,65.46797005491358],[22.30536141976197,65.46638011987221],[22.30783043090917,65.46589957838665],[22.308158672283028,65.46552283995338],[22.309921177524956,65.46561775430217],[22.309314694761227,65.46654922387762],[22.30674576346874,65.46667381566714],[22.30737371123645,65.46736500117582],[22.306189086021313,65.46778326121338],[22.30638886034024,65.46849521046634],[22.304775972711667,65.46893422051903],[22.304547511063376,65.46966692847077],[22.3036910925129,65.46970843796255],[22.302984445758362,65.47028390847149],[22.301371389999723,65.47072288382813],[22.29875210491654,65.47066935475098],[22.298980736888005,65.46993665388042],[22.299837171928584,65.4698951709386],[22.300115671822557,65.46934045853654],[22.301728665385937,65.46890149720875]],[[22.30917224139878,65.41964972745862],[22.308744853357496,65.41967048773573],[22.308695005030756,65.41949250024176],[22.30917224139878,65.41964972745862]],[[22.307950273705938,65.39517353740393],[22.307523282765587,65.39519429023956],[22.307473498903086,65.39501630167887],[22.307950273705938,65.39517353740393]],[[22.30364221369104,65.42929944226555],[22.304069763520115,65.42927869483529],[22.304119602952245,65.4294566839401],[22.30364221369104,65.42929944226555]],[[22.292180677276896,65.39449592519507],[22.292230356326165,65.39467391985508],[22.291803358497134,65.39469462820865],[22.292180677276896,65.39449592519507]],[[22.289628456342427,65.39155282631923],[22.28920150675865,65.39157352681592],[22.28915185532287,65.39139553087833],[22.289628456342427,65.39155282631923]],[[22.280155981678657,65.42899402635781],[22.280106305939405,65.42881602771396],[22.280533870367144,65.42879534685798],[22.280155981678657,65.42899402635781]],[[22.279678740766858,65.42883670736529],[22.279629068626807,65.4286587085283],[22.280056630944983,65.4286380290462],[22.279678740766858,65.42883670736529]],[[22.279907610430474,65.42810403289927],[22.279052502175162,65.42814538964349],[22.27900283586828,65.42796739054155],[22.279907610430474,65.42810403289927]],[[22.279201505563865,65.42867938680574],[22.279151837022926,65.42850138777557],[22.279579397231508,65.42848070966733],[22.279201505563865,65.42867938680574]],[[22.277529964329847,65.43200742789669],[22.27795758324763,65.43198675380206],[22.278007251665088,65.43216475322363],[22.277529964329847,65.43200742789669]],[[22.276724384111738,65.43222677240053],[22.27757962989207,65.4321854274875],[22.277629296199063,65.43236342705431],[22.276724384111738,65.43222677240053]],[[22.276018102243714,65.43280211315307],[22.275590468181033,65.43282278189999],[22.27554081466147,65.43264478153506],[22.276018102243714,65.43280211315307]],[[22.27312392317566,65.43330277176571],[22.272268632460563,65.43334409186193],[22.272219000296513,65.43316609019186],[22.27312392317566,65.43330277176571]],[[22.27127100356614,65.4048892633421],[22.2705157465093,65.40528656984024],[22.270416634984464,65.40493056375699],[22.27127100356614,65.4048892633421]],[[22.21402588147628,65.45310229906548],[22.214635498235925,65.45217118218463],[22.215590094048324,65.45248622897226],[22.21402588147628,65.45310229906548]],[[22.19520281181148,65.47131893294122],[22.194922053038564,65.47187347336522],[22.19434613123459,65.47135982484525],[22.19520281181148,65.47131893294122]],[[22.157113280823914,65.48431517681728],[22.159060298037808,65.48350127408192],[22.158962345127815,65.48314518400737],[22.16010109406211,65.48255000500333],[22.163578527868747,65.48256521187068],[22.161962298254107,65.48300272824538],[22.162158287396412,65.48371490362901],[22.161252145999086,65.48357756850793],[22.160921553683433,65.48395400963986],[22.15877865089283,65.48405575584219],[22.158974562895207,65.48476793609863],[22.158166347757465,65.48498667279404],[22.157113280823914,65.48431517681728]],[[22.161448121011965,65.4842897449465],[22.16101953692089,65.48431009814621],[22.160970544934013,65.48413205390469],[22.161448121011965,65.4842897449465]],[[22.159672537205097,65.48257035411753],[22.159623558321208,65.48239230930895],[22.16005211230778,65.4823719603616],[22.159672537205097,65.48257035411753]],[[22.15902354273606,65.4849459811044],[22.159072523313064,65.48512402608687],[22.158643923320735,65.48514437270279],[22.15902354273606,65.4849459811044]],[[22.156829602139236,65.51643448125547],[22.158447963178396,65.51599699921029],[22.15859510633845,65.5165311325596],[22.156927676763235,65.51679057142107],[22.156829602139236,65.51643448125547]],[[22.157128176631947,65.46068605135004],[22.15669997479882,65.46070638857698],[22.15665106553788,65.4605283420908],[22.157128176631947,65.46068605135004]],[[22.154736467149853,65.49146236364788],[22.155544909684245,65.49124364310053],[22.155642852708493,65.49159973545962],[22.154736467149853,65.49146236364788]],[[22.155642852708493,65.49159973545962],[22.156120536805357,65.49175744227911],[22.155691825324926,65.4917777816042],[22.155642852708493,65.49159973545962]],[[22.15591258627044,65.48942250438361],[22.155483912868753,65.48944284274923],[22.155434946949562,65.4892647964683],[22.15591258627044,65.48942250438361]],[[22.155091259736455,65.49433144290684],[22.15466250508736,65.49435177973109],[22.154564562960747,65.49399568673712],[22.155091259736455,65.49433144290684]],[[22.153976972041374,65.49185912681496],[22.15440568646645,65.49183879232574],[22.15445465120058,65.49201683894734],[22.153976972041374,65.49185912681496]],[[22.15445465120058,65.49201683894734],[22.154932336105563,65.49217454951388],[22.15450361667083,65.49219488554567],[22.15445465120058,65.49201683894734]],[[22.15298455484478,65.49298840641119],[22.15174729785386,65.4932274423943],[22.15207813371808,65.49285101900402],[22.151073834695815,65.49235753027591],[22.14726419105071,65.4927184625162],[22.14630889671189,65.49240299067166],[22.1465908903987,65.49184852884203],[22.145684540752523,65.49171110239585],[22.145060218805607,65.49101921120621],[22.14634634368135,65.49095828015011],[22.147057020145056,65.49038350490636],[22.147914412875178,65.49034287432126],[22.148478280687147,65.48923394528106],[22.149335633064457,65.48919330702424],[22.14966645614019,65.48881688902301],[22.151381126149328,65.4887355945011],[22.151050328993644,65.48911201600436],[22.15190767254485,65.4890713632414],[22.152238456740456,65.48869493998724],[22.152385287558783,65.4892290825414],[22.153671303777298,65.48916809020406],[22.153732173775584,65.49096889252333],[22.154589573162262,65.49092822400358],[22.154687501751233,65.49128431712307],[22.153401384331133,65.49134531908992],[22.15264187184334,65.49174207571683],[22.15298455484478,65.49298840641119]],[[22.153855202583877,65.48825752263505],[22.154859390959082,65.48875099397536],[22.153671303777298,65.48916809020406],[22.153855202583877,65.48825752263505]],[[22.15434722084535,65.47741204233463],[22.153918742729164,65.47743237436313],[22.15382088723046,65.4770762799886],[22.15434722084535,65.47741204233463]],[[22.150179151737397,65.4938428887209],[22.15060790225334,65.49382256465474],[22.150656845615703,65.49400061271072],[22.150179151737397,65.4938428887209]],[[22.1497993381011,65.49404125996735],[22.150228092226303,65.49402093694356],[22.150277033451022,65.49419898514296],[22.1497993381011,65.49404125996735]],[[22.14082791985418,65.45027670829117],[22.141255966107604,65.45025641759143],[22.141304747574836,65.4504344703224],[22.14082791985418,65.45027670829117]],[[22.141304747574836,65.4504344703224],[22.14178158102181,65.45059223079133],[22.141353529774314,65.45061252303022],[22.141304747574836,65.4504344703224]],[[22.136714348921775,65.51125444335547],[22.136187531044726,65.5109186243853],[22.13661657488004,65.51089833717336],[22.136714348921775,65.51125444335547]],[[22.136225508130956,65.50947391151574],[22.137034661761742,65.50925528314653],[22.136361241767446,65.50838530520552],[22.138604032781632,65.50863996143327],[22.1387018237028,65.50899606617497],[22.13789269248524,65.50921470324883],[22.13808826307658,65.5099269136925],[22.139375338175977,65.50986603277228],[22.13661657488004,65.51089833717336],[22.136225508130956,65.50947391151574]],[[22.138709569366117,65.46787247626617],[22.13737576275769,65.46775527771962],[22.137326969002483,65.46757722386896],[22.138611963918272,65.46751636958555],[22.138709569366117,65.46787247626617]],[[22.13638307055815,65.51163083732247],[22.135954014475256,65.51165112399016],[22.13590513137179,65.51147307062425],[22.13638307055815,65.51163083732247]],[[22.13593223895434,65.5084055912969],[22.135883363331715,65.50822753784576],[22.136312363267503,65.50820725192087],[22.13593223895434,65.5084055912969]],[[22.136149554243865,65.5123633372216],[22.13572048591264,65.51238362334503],[22.13562272031388,65.51202751644283],[22.136149554243865,65.5123633372216]],[[22.134927623724014,65.5079119984279],[22.134498627337216,65.50793228038992],[22.13444976255191,65.5077542263698],[22.134927623724014,65.5079119984279]],[[22.132698517023353,65.45859780400912],[22.132747259094742,65.45877585987313],[22.132319065648662,65.45879612787408],[22.132698517023353,65.45859780400912]],[[22.132684883121286,65.42685458534116],[22.132733553782998,65.42703264196221],[22.132305878590937,65.42705290488082],[22.132684883121286,65.42685458534116]],[[22.131413943085814,65.45865860389205],[22.131744664644255,65.45828222600984],[22.13227032644266,65.45861807184401],[22.131413943085814,65.45865860389205]],[[22.132208543712846,65.42669679128385],[22.132257210786943,65.42687484809389],[22.13140186392862,65.42691536998294],[22.132208543712846,65.42669679128385]],[[22.106269877233547,65.49050703450901],[22.107984820546406,65.49042622975452],[22.10641578141654,65.49104123054921],[22.106181572790735,65.49177369093866],[22.10504118013239,65.49236847920304],[22.102565779105564,65.49284576454261],[22.102800097529325,65.49211330870668],[22.106269877233547,65.49050703450901]],[[22.100996466681565,65.49346071169485],[22.10013888394576,65.49350107792485],[22.100041688190963,65.49314494250802],[22.100996466681565,65.49346071169485]],[[22.097092029926294,65.34214764535412],[22.09666570073831,65.34216779408699],[22.09656922755892,65.34181164880792],[22.097092029926294,65.34214764535412]],[[22.08058934321055,65.39450634427851],[22.089916396841762,65.38901712670229],[22.092430646218578,65.3887182129522],[22.093566950242135,65.38812355882085],[22.094896508007736,65.38824118562982],[22.095089824619603,65.38895347427652],[22.093623064011915,65.3899244326321],[22.08940025138695,65.39030391782828],[22.08778834554401,65.39074059898344],[22.085136320980705,65.39212801652933],[22.08357968134586,65.39436553775704],[22.08035512219761,65.3952387655108],[22.08058934321055,65.39450634427851]],[[22.092784497796213,65.49042033311694],[22.09235574899128,65.49044049313427],[22.092307210612415,65.4902624223531],[22.092784497796213,65.49042033311694]],[[22.0915548358967,65.49228167743846],[22.09198361563412,65.4922615193956],[22.092032156292138,65.49243959025465],[22.0915548358967,65.49228167743846]],[[22.091215091845807,65.49103517962425],[22.09164385146245,65.49101502273876],[22.091692387011967,65.4911930937587],[22.091215091845807,65.49103517962425]],[[22.09117459033837,65.49247990546166],[22.091603373680158,65.49245974846286],[22.091651912193417,65.49263781946426],[22.09117459033837,65.49247990546166]],[[22.090834861300443,65.491233406651],[22.091263624521055,65.49121325080952],[22.091312157925998,65.49139132197179],[22.090834861300443,65.491233406651]],[[22.090600212353092,65.49196584711699],[22.09102898780098,65.49194569182355],[22.091077521250366,65.49212376305921],[22.090600212353092,65.49196584711699]],[[22.090454625006444,65.49143163277608],[22.090883391831053,65.49141147797862],[22.090931923091336,65.49158954928323],[22.090454625006444,65.49143163277608]],[[22.090219963875867,65.49216407276737],[22.090648742927964,65.49214391851798],[22.09069727423254,65.49232198989604],[22.090219963875867,65.49216407276737]],[[22.0900743829637,65.49162985799944],[22.090503153392344,65.49160970424603],[22.090551682507886,65.49178777569298],[22.0900743829637,65.49162985799944]],[[22.07591245894513,65.34206503739361],[22.078560072280982,65.34067782450352],[22.080595424100174,65.34022116801209],[22.08111799241752,65.34055722235658],[22.07993527720462,65.3409736871048],[22.081503044281206,65.34198185095023],[22.080939146756574,65.34309053155319],[22.082596433178026,65.3428320284873],[22.083731036694257,65.34223746484423],[22.081750615203465,65.34449505444692],[22.080519602294054,65.34473344696475],[22.07914419181946,65.34443759173],[22.077012270242886,65.34453807171454],[22.076063290077204,65.34422209428583],[22.07591245894513,65.34206503739361]],[[22.07448272237156,65.339968240736],[22.07618797446404,65.33988789062664],[22.07628416347532,65.34024405175009],[22.075431527513626,65.34028422986289],[22.0728318594314,65.34184947081592],[22.071552816873293,65.34190970769025],[22.07093421737205,65.34121745410972],[22.07448272237156,65.339968240736]],[[22.05992586221458,65.49574899976788],[22.059068128052708,65.49578913441779],[22.05901980439154,65.49561105091873],[22.05992586221458,65.49574899976788]],[[22.05964247505544,65.45788993229239],[22.059690718855073,65.45806801644433],[22.059262468998895,65.45808807779089],[22.05964247505544,65.45788993229239]],[[22.056173990317813,65.45949512386726],[22.053604320777488,65.45961541551621],[22.053031433182188,65.45910119996348],[22.051698420056248,65.45898323719848],[22.051602037791795,65.45862706276466],[22.054358839543667,65.45759632826329],[22.053834185927258,65.457260201679],[22.052597651857766,65.45749841893378],[22.05202483260584,65.45698419889048],[22.052784919612982,65.4565879426433],[22.054117814292255,65.45670589696029],[22.053785983743982,65.45708211525415],[22.054738876532813,65.45739819480764],[22.056451843241728,65.45731799376884],[22.056307185086748,65.45678373745145],[22.057115423224822,65.45656554551611],[22.057971876403087,65.45652543423502],[22.058116566787753,65.45705968864873],[22.058973034269776,65.45701957155111],[22.059594231980288,65.45771184811765],[22.056173990317813,65.45949512386726]],[[22.048268241656558,65.44309333467308],[22.050028442397394,65.44319130402586],[22.052024034145635,65.44255686519288],[22.05330804030557,65.44249674625071],[22.052692848067228,65.443427262937],[22.04988929496988,65.44427986555438],[22.04856226271603,65.44578469461631],[22.045993895398794,65.44590484423306],[22.04522900126838,65.44467823536307],[22.04598884573349,65.4442820156005],[22.04584448783832,65.44374774628704],[22.048268241656558,65.44309333467308]],[[22.04555915836864,65.48920694319244],[22.04470161215523,65.4892469945276],[22.044605190405914,65.48889081614743],[22.045462725119556,65.48885076546931],[22.04555915836864,65.48920694319244]],[[22.045315231165834,65.44178875705595],[22.04474787639719,65.44289733403122],[22.042703980835157,65.4433535876329],[22.04293961554615,65.44262121180614],[22.045315231165834,65.44178875705595]],[[22.041602889899497,65.47298075221354],[22.042459908872317,65.47294072350425],[22.043889941167528,65.47341494103925],[22.04274888223249,65.47400926558093],[22.04332191292564,65.47452351866806],[22.04246484371691,65.47456355274855],[22.040558093556534,65.47393124210232],[22.041795512941796,65.47369311500164],[22.041602889899497,65.47298075221354]],[[22.03700613237902,65.46399810363059],[22.036577764567507,65.4640181017667],[22.03652966471227,65.46384000887174],[22.03700613237902,65.46399810363059]],[[22.033972600137336,65.46882847628521],[22.03354415048802,65.46884846659977],[22.03349606054404,65.46867037265527],[22.033972600137336,65.46882847628521]],[[22.033789526044227,65.39904649087626],[22.03293490309801,65.39908644738897],[22.03288697174376,65.39890835155792],[22.033693652640093,65.39869029984524],[22.033789526044227,65.39904649087626]],[[22.016012789887736,65.4150245179115],[22.018434695951985,65.41437060295277],[22.018291097932675,65.41383629981192],[22.01909835779553,65.41361832068688],[22.01605756015209,65.41357977077665],[22.0168169776374,65.41318370184868],[22.016625569427685,65.41247129502673],[22.018523970345676,65.41148110974027],[22.021944165090638,65.41132156506038],[22.022990771874447,65.41199406431805],[22.02270691297758,65.41254831304866],[22.023989532002602,65.41248845686155],[22.02498833000529,65.41298284242087],[22.022994278216167,65.41361690916618],[22.022426517792795,65.41472540648785],[22.018629416809805,65.41670585420114],[22.016966824612837,65.41696370360002],[22.016682789470792,65.4175179426461],[22.014164858359706,65.41781562754635],[22.014021324476957,65.41728131974907],[22.014828725823197,65.41706336213178],[22.016012789887736,65.4150245179115]],[[22.02338101329991,65.416664547161],[22.024236226249048,65.41662463914064],[22.024523707758167,65.41769323116338],[22.02328874333583,65.41793119340686],[22.023384560540926,65.418287391502],[22.02428774177108,65.41842558164005],[22.02091453157706,65.41876328817729],[22.021102701531102,65.41785284214922],[22.02338101329991,65.416664547161]],[[22.020880843720853,65.4025348254845],[22.020453463972288,65.40255476840629],[22.020357755966213,65.40219856732016],[22.020880843720853,65.4025348254845]],[[22.016873163155733,65.34086783089761],[22.0164467807809,65.34088775282585],[22.01639908915397,65.34070964929654],[22.016873163155733,65.34086783089761]],[[22.01356546148157,65.34625194577208],[22.01531904072845,65.34635038387259],[22.015557531332025,65.34724090269042],[22.014799946897092,65.34763694793195],[22.014659622669885,65.34872548956346],[22.01375890757148,65.34858721782429],[22.01342777443863,65.34896334117265],[22.01139053560213,65.34941910702018],[22.007978308422064,65.34957833560817],[22.009729634864993,65.34805398013819],[22.01356546148157,65.34625194577208]],[[22.01385767827487,65.45696203530639],[22.01428595162114,65.45694210251834],[22.014333884923346,65.45712020409901],[22.01385767827487,65.45696203530639]],[[22.011944001489056,65.36922966481966],[22.01237084742727,65.3692097511681],[22.012418574346565,65.36938785556146],[22.011944001489056,65.36922966481966]],[[22.011743587069763,65.44587983661184],[22.01193515764347,65.44659224773685],[22.011078944210468,65.44663209557892],[22.010746608823073,65.44700822409563],[22.00893839804745,65.44673169405577],[22.010079083278534,65.44613762832307],[22.011743587069763,65.44587983661184]],[[22.007599428082695,65.34977634047439],[22.00717289292191,65.34979623759972],[22.007125244497963,65.34961813073572],[22.007599428082695,65.34977634047439]],[[22.005782797723796,65.43659964318124],[22.005354848888857,65.4366195487509],[22.005307021893422,65.43644144325202],[22.005782797723796,65.43659964318124]],[[21.996432506435646,65.3677885599883],[21.986662614907296,65.3684233428736],[21.984291604383337,65.3692548307873],[21.982915930696336,65.36895809885782],[21.98229897284545,65.36826546580346],[21.983105160758562,65.36804768954873],[21.982962586484625,65.3675133426447],[21.983768745925094,65.36729556310908],[21.984005465854043,65.36656326838089],[21.987845730577753,65.36476184741807],[21.989219990824694,65.3634356676513],[21.99087950924189,65.36317815355578],[21.991163567490627,65.36262396249597],[21.993392516153744,65.3628809046245],[21.99533592062236,65.36206914726492],[21.998227890846362,65.36157384286163],[21.99851177764927,65.3610196395843],[22.001451203587507,65.36070238468116],[22.001546472934237,65.3610586021952],[22.002826639458565,65.36099894961062],[22.002921928728046,65.36135516606001],[22.001689382300857,65.3615929282981],[22.001832298083674,65.36212725419921],[22.003682209989005,65.3625820348638],[22.004299585459652,65.36327457629982],[22.00439490465272,65.36363079151594],[22.00306696294481,65.36351235054524],[22.00325757288772,65.36422478274848],[22.004585551598606,65.36434322167894],[22.004540082863443,65.36578797311935],[22.00292819895679,65.36622374606965],[22.00302351251496,65.36657996219337],[22.002169888158022,65.36661973464471],[22.000796131249746,65.36794602766433],[21.999231688120467,65.36855987185537],[21.997951143717057,65.36861949751275],[21.996432506435646,65.3677885599883]],[[22.004305241593475,65.43432407775504],[22.00435305711434,65.43450218368679],[22.003925141200206,65.43452208488684],[22.004305241593475,65.43432407775504]],[[22.002816405489448,65.42393421325346],[22.002864188001215,65.42411232000015],[22.002436440207596,65.42413221536913],[22.002816405489448,65.42393421325346]],[[21.994579580908184,65.41097290011842],[21.994627278992958,65.41115101031629],[21.99419973487869,65.41117088037791],[21.994579580908184,65.41097290011842]],[[21.99361587067213,65.39767351076205],[21.993663533003645,65.39785162164297],[21.99323620450687,65.39787148690515],[21.99361587067213,65.39767351076205]],[[21.977043720927085,65.49599772565847],[21.978759502511835,65.49591837939764],[21.97942735588341,65.49678910983945],[21.976758997664927,65.49817477233816],[21.974185087851165,65.49829375261235],[21.973994088167004,65.49758128879483],[21.977043720927085,65.49599772565847]],[[21.97694448460898,65.48915002266733],[21.975324618791845,65.4895855756027],[21.974419197076358,65.48944711373831],[21.97503819224524,65.48851688110703],[21.977563382700488,65.48821978061117],[21.97694448460898,65.48915002266733]],[[21.97310417628309,65.40187142839747],[21.972676763585373,65.40189123617407],[21.972629234728906,65.40171311739624],[21.97310417628309,65.40187142839747]],[[21.952691281651926,65.48774525833012],[21.952738863732918,65.48792338264093],[21.952310026735546,65.48794314617871],[21.952691281651926,65.48774525833012]],[[21.9447236317494,65.436722489921],[21.944295625100416,65.4367422228702],[21.944248212649644,65.43656409414787],[21.9447236317494,65.436722489921]],[[21.931725514461107,65.41225793833763],[21.931297894975824,65.41227763075204],[21.931250624178396,65.41209949653165],[21.931725514461107,65.41225793833763]],[[21.916331991891848,65.43748785731036],[21.91590394696239,65.43750751009489],[21.915856725746607,65.43732937065964],[21.916331991891848,65.43748785731036]],[[21.910743898789402,65.4262047361618],[21.910791061065,65.42638287778854],[21.910363192343397,65.42640251319386],[21.910743898789402,65.4262047361618]],[[21.909079581933124,65.42646141216899],[21.90912673346368,65.42663955441691],[21.908698859048695,65.42665918515576],[21.909079581933124,65.42646141216899]]],[[[21.909026199999996,65.49460569999998],[21.909151238169247,65.49507626715983],[21.909592917763074,65.49457971122392],[21.909026199999996,65.49460569999998]]],[[[21.99960021,65.5084639],[22.018585918068595,65.50758210589993],[22.017818405301632,65.50709076558529],[22.01562488577236,65.5070124066194],[22.015003598428912,65.50631995059152],[22.011141836935543,65.50649938970999],[22.00918842213503,65.50731144531412],[22.00790110989836,65.50737122036377],[22.00732801269761,65.50685683384653],[22.00475341623737,65.50697634104849],[22.00422836378298,65.50664004620165],[21.999195447686194,65.50695978266977],[21.99960021,65.5084639]]],[[[22.042509669999998,65.50646786],[22.042838915282555,65.50645247271692],[22.04232469284703,65.50578464415977],[22.042509669999998,65.50646786]]],[[[22.06371306227484,65.50454979939347],[22.063581912873342,65.50441481186857],[22.06363028728159,65.50459289340269],[22.06371306227484,65.50454979939347]]],[[[22.08422193015024,65.50009111665359],[22.086966362226516,65.49935067994872],[22.08672376125799,65.49846031644856],[22.085865987928027,65.49850060352848],[22.085340082146036,65.49816459870148],[22.08371792261562,65.49824076769458],[22.08422193015024,65.50009111665359]]],[[[22.155036047350563,65.52062877337251],[22.155333499550547,65.5204735433556],[22.154997670571824,65.52048946036999],[22.155036047350563,65.52062877337251]]],[[[22.279817286551054,65.50040252264978],[22.28148138411017,65.49892596696314],[22.28405362951417,65.49880177219589],[22.282737638089785,65.50030854166869],[22.281172248290773,65.50092531879719],[22.280893044493865,65.5014800031264],[22.280129159503076,65.50151687075149],[22.28087259,65.50417321000002],[22.274351213833626,65.50450162068512],[22.274022021173046,65.50487829491729],[22.269833399240806,65.5054409901283],[22.26755901740557,65.50663296130631],[22.266272465395165,65.50669492803331],[22.26551427041022,65.50709223836863],[22.264656550840968,65.50713353931562],[22.26455705223873,65.50677753340858],[22.26241276896073,65.50688076292249],[22.261654508783902,65.50727805454213],[22.262599512516456,65.51066012841527],[22.264234558003903,65.51184421240389],[22.26657833545059,65.51245296148986],[22.267830481609924,65.51382129240528],[22.28787601381533,65.51285378048975],[22.287645707142296,65.51161738110156],[22.288174460130037,65.51195265253163],[22.29084782822083,65.51218431645155],[22.292513544559057,65.51192341851619],[22.2934712827823,65.51223794130105],[22.297331503184868,65.51205130834438],[22.29950496399834,65.51050292062467],[22.30122048795928,65.51041991763151],[22.302207044707835,65.50928972532795],[22.30195700011853,65.50839978519542],[22.30281468986224,65.50835827293574],[22.30208579943739,65.50731110173672],[22.303465666581538,65.50724430462566],[22.302311469999996,65.50313697],[22.323226607569094,65.50212299999386],[22.323637983309354,65.50170536842306],[22.32124237,65.49319869],[22.3350178711309,65.49252790676465],[22.335195384866477,65.49217362009199],[22.336531228963192,65.49228905063012],[22.3368593622661,65.49191225094921],[22.33771644413978,65.49187054674034],[22.338372657156377,65.49111694205128],[22.338071381034823,65.49004909784892],[22.339306688974045,65.48980855675357],[22.340692655426302,65.49010192506921],[22.340793113703334,65.49045787113343],[22.341650140333304,65.49041614516295],[22.342229371401856,65.49092919774084],[22.343993699604756,65.49102369614901],[22.34827886440091,65.49081492660484],[22.34989232441041,65.490375446289],[22.352513643681924,65.49042806798977],[22.352841522193874,65.4900512361539],[22.353370646725242,65.49038627577767],[22.35808410939825,65.49015633226595],[22.358890740565933,65.48993654290027],[22.358790038409918,65.48958061131584],[22.35969735799563,65.48971674936558],[22.359369583334185,65.49009359503944],[22.36156239493316,65.4901669735461],[22.361860707192783,65.49122082368666],[22.36409638,65.49111196],[22.36626782741219,65.49877799772769],[22.36831772089,65.49867786528549],[22.36804040213351,65.4992326913315],[22.36641905551811,65.49931189063203],[22.367485731169744,65.50034234222935],[22.36662842902364,65.50038421748626],[22.367536166109478,65.50052030428849],[22.367208378960882,65.50089716708106],[22.370208978155244,65.50075057047732],[22.366603208689536,65.50182885321138],[22.364913611190676,65.50353518928809],[22.361685557779737,65.50441446474923],[22.360979310703403,65.50499020238286],[22.35775094231317,65.5058693969604],[22.35585902439639,65.50686377620829],[22.350411744439118,65.50604676139558],[22.34655787512671,65.50591755802078],[22.34769876,65.50995394],[22.363917178465694,65.50916289874068],[22.364232288616417,65.50880077707905],[22.36680502823604,65.50867516917263],[22.36831833553836,65.50787956035707],[22.368469712355683,65.50841344492359],[22.37081551545329,65.50902055743046],[22.37091647190961,65.50937647843863],[22.371774060770534,65.5093345759956],[22.37422102782841,65.51029755395632],[22.375078640518293,65.5102556325304],[22.37982153208149,65.5116475654845],[22.380679178227446,65.51160561195562],[22.38691151253913,65.51364619952274],[22.387745192496126,65.5150488323807],[22.38693804851918,65.51526878089119],[22.38676217632669,65.51617954657993],[22.385954989260856,65.51639949027339],[22.38648983278188,65.51708087518425],[22.3931091,65.51675704],[22.39564242,65.52565458],[22.364852729414807,65.52715877930483],[22.36566996828764,65.5276752684961],[22.367386365368237,65.52759150611139],[22.36705825791079,65.52796837175242],[22.364054509460495,65.52811493716241],[22.363953559052888,65.52775901152646],[22.362615778716023,65.5276438427278],[22.36238852990267,65.52837662568079],[22.3598138232717,65.52850217799515],[22.359157356553705,65.52925587821291],[22.35925824855757,65.52961180762834],[22.36011652469311,65.5295699644743],[22.35988919162921,65.5303027445069],[22.35731428051576,65.53042825631293],[22.35655683157519,65.53082601542833],[22.357566467068644,65.53131808322694],[22.357818672597798,65.53220790953016],[22.35600107345125,65.53193563491516],[22.354915220935684,65.53271022968976],[22.355546129624216,65.53340118501679],[22.353778886268376,65.53330685052082],[22.35398056443044,65.5340187175006],[22.35264249980175,65.5339034633305],[22.352515750017517,65.53499216909152],[22.354232679207502,65.53490855067592],[22.354333530430818,65.53526448377512],[22.351808507034985,65.53556787373928],[22.351228045157743,65.53505487019676],[22.350369571457918,65.53509666488286],[22.35004112712861,65.53547349694125],[22.347945280603973,65.5357559272289],[22.34761679309824,65.53613275445223],[22.34852569492984,65.53626894383531],[22.34862647466251,65.53662488144525],[22.34991426453592,65.53656220163727],[22.34925731879451,65.53731586362731],[22.348297986863486,65.53700171014945],[22.34620199790706,65.53728411770268],[22.345923841569274,65.5378389114176],[22.34501489714522,65.53770270682865],[22.345166006077353,65.53823661732442],[22.344408147552098,65.5386343196637],[22.341731627532546,65.53840363405509],[22.341832324543415,65.53875957700602],[22.340544402806366,65.53882218933657],[22.34026611069212,65.53937697399243],[22.338978153945803,65.53943957333955],[22.33912915149631,65.53997349096213],[22.33822016508362,65.53983724597647],[22.337512476454197,65.54041288819727],[22.336452534477598,65.53974271294369],[22.335164548637724,65.53980528012134],[22.335265162593057,65.54016122826133],[22.3336484084434,65.54060058499942],[22.332990892268338,65.54135418198597],[22.33132374073405,65.54161553996526],[22.33099494133527,65.54199233417297],[22.332863300894353,65.54244287954808],[22.332963895731545,65.54279882940398],[22.331826620931775,65.5433952946228],[22.333114793667118,65.54333275400556],[22.333695096458285,65.54384582858087],[22.327331616667205,65.54289177623252],[22.326271828184566,65.54222152816756],[22.32397422137187,65.54179172337874],[22.325591217671466,65.54135246760433],[22.32912664560779,65.54154176510136],[22.32892557536062,65.54082985903861],[22.329633467077098,65.54025425496951],[22.32895280039623,65.53938521007456],[22.33046901813344,65.53858995147081],[22.33132764518397,65.53854826817812],[22.33122709244589,65.53819231681334],[22.33488962482142,65.53729278829933],[22.334789029338598,65.53693683972355],[22.33865254495632,65.53674911927187],[22.33802199446497,65.5360580899769],[22.339638394303158,65.53561869002012],[22.33953774184373,65.53526274516477],[22.340396241933178,65.53522101167408],[22.340624160470583,65.53448825516612],[22.342240418806288,65.53404882881313],[22.342897492482198,65.53329519601574],[22.344185134674944,65.5332325664297],[22.344285841060795,65.53358850766014],[22.345952344648094,65.53332701331549],[22.34585161675436,65.53297107340744],[22.34698812234163,65.53237451042177],[22.348326085822578,65.53248981560151],[22.34913409341859,65.53227006465333],[22.34903332706221,65.5319141272446],[22.351457237159924,65.53125485124136],[22.35158402209472,65.53016614600779],[22.352593539184074,65.53065824816879],[22.354360598671022,65.53075259833795],[22.355496811634094,65.53015597434356],[22.354765156436194,65.52910908501593],[22.357339952232394,65.5289836177435],[22.35675953688574,65.52847063495211],[22.35799646561224,65.52822992494815],[22.357845164219505,65.52769602917185],[22.35655783469417,65.5277587719062],[22.356619204908,65.52756101984716],[22.352734769999998,65.52775079],[22.350215820000003,65.51885239],[22.328766329999997,65.51989553999998],[22.33127809,65.52879436],[22.309819529999995,65.52983491],[22.307658540331133,65.52215646263357],[22.30568109144074,65.52319348175327],[22.301290129710676,65.52304512379551],[22.300303045971553,65.52417531525433],[22.299444831903568,65.52421681844146],[22.299294755810013,65.52368285219323],[22.298386537887055,65.52354636038102],[22.295003726621776,65.52389029042867],[22.29421630915706,65.52573240708756],[22.2919413454496,65.52692475062332],[22.290224701476138,65.52700765937087],[22.29058330407316,65.52518628646975],[22.288716902113553,65.52473519993852],[22.287050333163037,65.52499606443706],[22.288359079999996,65.53087242],[22.275309833253896,65.53149950421248],[22.27516273663233,65.53224428858127],[22.274533972813185,65.53155297744189],[22.272816957805045,65.53163569229861],[22.27291668348081,65.53199169048402],[22.27205815995541,65.53203304132856],[22.27195389005325,65.53166077474708],[22.268794282033426,65.53181261035456],[22.26814493541047,65.5320410592623],[22.268294432273105,65.53257506203221],[22.26700660382215,65.5326370475544],[22.26806448500519,65.53330772911991],[22.267305565961927,65.53370505550083],[22.266017678920996,65.53376703318088],[22.2654389318565,65.53325368408565],[22.264630162644924,65.5334729953772],[22.264480734540246,65.53293898831552],[22.26551480758494,65.53197020616771],[22.255791335936184,65.53243746957993],[22.25498654626823,65.53321505370181],[22.25198144011376,65.5333594069363],[22.250363646518622,65.53379788382341],[22.250463075902246,65.5341538996875],[22.24960443837468,65.53419512424088],[22.24889491297342,65.5347703695992],[22.248036252174735,65.53481158548176],[22.24704641937872,65.53594145595225],[22.24547806821212,65.5365578922896],[22.245197761143494,65.53711252132601],[22.246205582703375,65.53760534939246],[22.245825895302616,65.53780396045651],[22.24405867907457,65.53770834426984],[22.244158040426726,65.5380643649324],[22.243299262211984,65.53810555508295],[22.242209763323288,65.53887937564743],[22.240541801685936,65.53913974131112],[22.240641121633328,65.53949576468372],[22.23950183206425,65.54009155534673],[22.236215296044435,65.54079022438665],[22.236314564539718,65.54114625109658],[22.232892541334415,65.54255874356478],[22.247917399999995,65.54183885],[22.24953143572398,65.54761576887229],[22.259578490578072,65.54652416702845],[22.26091684103183,65.54664024129443],[22.256291715863604,65.54722327431512],[22.256590441077815,65.54829130565187],[22.257928871074554,65.54840740555628],[22.257698516425783,65.54914006080766],[22.268717145402018,65.54806910495361],[22.268038279069142,65.54719976878027],[22.26884743866219,65.54698043545879],[22.270435257815606,65.54798642585702],[22.271255418723793,65.54973103834575],[22.282525762035657,65.54918608408043],[22.28223205372798,65.5481398151575],[22.28122314396976,65.5476472377995],[22.280364121088642,65.5476886406779],[22.27892575855553,65.54721674704244],[22.277637237770932,65.54727882984363],[22.276548405951104,65.54805289093157],[22.275689360757056,65.5480942675006],[22.275589522920257,65.54773827227471],[22.277537377117092,65.54692283612492],[22.27882588060322,65.54686075434348],[22.281153099062863,65.54584658100842],[22.28287101747116,65.54576376267273],[22.28358006837833,65.5451883627694],[22.285627437778988,65.54472881563969],[22.29078088458422,65.5444801528337],[22.290880914675068,65.54483613614775],[22.295984272190456,65.54440930526003],[22.3023470517581,65.54536468240642],[22.302067879056356,65.54591940539723],[22.303456470464596,65.5462130892366],[22.30360678823811,65.54674704891885],[22.305704029665037,65.54646521907847],[22.303807222500325,65.54745899482367],[22.304416608551804,65.54812759723126],[22.35837860885848,65.54551811423156],[22.362488182449805,65.54406873289622],[22.36382681108491,65.54418389438382],[22.36458452387069,65.54378609626077],[22.3658726208945,65.54372327758763],[22.367059645668906,65.54330452561211],[22.36695858330872,65.54294860310667],[22.367867819810638,65.54308467297213],[22.367766747453043,65.54272875110556],[22.369105327459224,65.54284386638909],[22.369180858767578,65.54157719309656],[22.370948710990756,65.54167134162537],[22.37122636729532,65.54111650692344],[22.37241318696848,65.54069771499655],[22.37226150331212,65.54016383747029],[22.37279193013457,65.54049879604165],[22.37579704484139,65.54035204352472],[22.37612517040038,65.53997515876078],[22.377909146635837,65.5397928691781],[22.37671758,65.53560211],[22.441092049999998,65.53244289],[22.443643569999995,65.54133943999999],[22.418685628168255,65.54256435712983],[22.414188430219536,65.54370457953053],[22.409115448666324,65.54575793439928],[22.407347205878015,65.5456642356417],[22.407573307111225,65.54493139679373],[22.406714617786555,65.54497351331152],[22.40570352706125,65.54448178818463],[22.406460595584242,65.54408378691117],[22.406308191440583,65.54354995077436],[22.405980464902928,65.5439268969631],[22.400348363292775,65.54402255930668],[22.398884768704775,65.54499644739808],[22.398026060317708,65.5450385148096],[22.3981783054688,65.54557236086839],[22.396839470733557,65.54545750528202],[22.396613062444494,65.5461903311473],[22.397522557943162,65.5463262202555],[22.396663803129638,65.54636828040093],[22.396917518015062,65.54725802629916],[22.395453618006137,65.54823188425179],[22.396593463465855,65.55070214866083],[22.397503118026712,65.55083803630005],[22.397604634136158,65.55119393384548],[22.399802681709904,65.55126670501258],[22.400384471138757,65.55177950881624],[22.401243396892188,65.55173742585531],[22.401344968271665,65.55209332034052],[22.400486030994113,65.5521354039926],[22.40037724575043,65.55248760332577],[22.413467499492583,65.55184551111496],[22.41331890205494,65.55132569830768],[22.414985792686696,65.55106343984512],[22.41594643365979,65.55137715727994],[22.417511510596462,65.55075898874499],[22.418573973012645,65.5514285705664],[22.419610602602415,65.55154398837584],[22.42472638,65.55129289],[22.427274549999996,65.56018974999999],[22.44875238,65.55913235],[22.44619702,65.55023592],[22.48913251,65.54811292],[22.491702270000005,65.55700847],[22.47022829,65.55807192],[22.47279279,65.56696785],[22.53964154776253,65.56363762226007],[22.540096098391974,65.56345746570801],[22.538978296504546,65.56261088334834],[22.539837306599818,65.56256801319398],[22.541725973897407,65.56157136787549],[22.54296265314488,65.56132914875181],[22.54306620424396,65.56168492732246],[22.54435466027232,65.56162058607497],[22.54493951110754,65.56213280212303],[22.54569490327845,65.56173412212425],[22.54741283588924,65.56164830161953],[22.54768689425063,65.56109318146271],[22.550796835110617,65.56129871643675],[22.553817805336507,65.55970386303726],[22.553936175237716,65.55861507841126],[22.554846873246653,65.55875000952967],[22.55555016180476,65.55817339846118],[22.557593499938722,65.55771021681053],[22.558296700049947,65.55713359388511],[22.559584885746254,65.55706912577776],[22.56109490405493,65.55627162370472],[22.561679954313437,65.55678377303228],[22.564204355451796,65.5564768882397],[22.568030713557444,65.5546608750796],[22.567926855509924,65.55430511674231],[22.568785534430624,65.55426208572699],[22.568681668001904,65.55390632799374],[22.57207803940618,65.55211173496156],[22.57503114919004,65.55178314938298],[22.575616364508807,65.552295243144],[22.57690425946286,65.55223063062243],[22.579545307099796,65.55083470500917],[22.581262386969073,65.5507485091285],[22.581574464959218,65.55181575129625],[22.58023459813541,65.55170252904402],[22.580767902064032,65.55203672773692],[22.578828581080735,65.55266160741199],[22.59904303,65.55164583],[22.600020885643545,65.55233241015742],[22.599286630809832,65.55247660844609],[22.599829332100335,65.554327441927],[22.601453112809722,65.55424571863486],[22.601609586729598,65.55477931452047],[22.604991895314964,65.55442853539449],[22.60681349746739,65.5546977756902],[22.60611144975582,65.55527461205128],[22.60637241485676,65.5561639286224],[22.605513748348358,65.5562071727322],[22.60658120108106,65.55687538141429],[22.6055019298962,65.557651702403],[22.60646504236386,65.55796418426189],[22.606569443867627,65.55831991054782],[22.60576290292098,65.55854101995754],[22.606505485579152,65.55958657655755],[22.608652419263752,65.55947844034473],[22.60885719771558,65.56017591748126],[22.61447306820344,65.55989288069314],[22.615574739922412,65.55931006058222],[22.618475776645443,65.55880276605033],[22.620413398834735,65.55798303204351],[22.62261244072785,65.55805255713905],[22.622937162774967,65.55767517443113],[22.625083856714706,65.55756680764905],[22.62518851033567,65.55792251849454],[22.623952798438843,65.55816539917792],[22.625020800826178,65.55883347217559],[22.624905411574595,65.55992228125821],[22.6234228293972,65.56048470836421],[22.628637310653914,65.57819151754572],[22.62949269672282,65.578462496652],[22.632877656400325,65.57811106721162],[22.634009346147273,65.57751240243718],[22.635885310236645,65.57795912438199],[22.636639724434826,65.57756000095884],[22.63841080232472,65.5776509910349],[22.640893544923568,65.57572045615389],[22.642664508902932,65.57581139765763],[22.643733737436182,65.57647932610743],[22.642759802160818,65.57761160371801],[22.640873959546656,65.57860947945984],[22.641408603975883,65.57894345064591],[22.640601740840918,65.57916474898755],[22.64069691738003,65.58096495758831],[22.64123160988494,65.58129892891246],[22.6438098663875,65.58116855092605],[22.644397118607408,65.5816803576701],[22.645738785157093,65.58179299338536],[22.645896366160418,65.58232653211178],[22.64751017818203,65.58188387383426],[22.64852724208933,65.58237391909257],[22.648360246352112,65.5832848914145],[22.65007918955183,65.58319789566119],[22.65216613230918,65.58435578596081],[22.653938039020776,65.58444657304727],[22.655008242083234,65.5851143990066],[22.65515690618363,65.58709243822717],[22.65402482874259,65.5876912844015],[22.654182622619526,65.58822481234542],[22.653416571590398,65.58826359839712],[22.65403631168309,65.59035897914923],[22.65782390487101,65.59020647360126],[22.658473375696207,65.58945154312497],[22.659333352415164,65.5894079721796],[22.660342428711015,65.59134242607973],[22.659157651574052,65.59176347117398],[22.65893818638413,65.59249661945864],[22.657805969612067,65.5930954953415],[22.655708331316166,65.5933822370093],[22.655813577190223,65.59373792065847],[22.65509573,65.59394093999998],[22.676590060000002,65.59285106000002],[22.668684469999995,65.56617579],[22.711623970000005,65.56398964],[22.706334749999996,65.5462076],[22.699586152298725,65.54655162627247],[22.699559946002356,65.54710868416345],[22.69611895454154,65.54872828277801],[22.696277325033037,65.54926176064346],[22.695471532901006,65.54948335306523],[22.69450033210066,65.55061595402066],[22.69486982939307,65.55186073977926],[22.691089644815257,65.55674675641671],[22.689635795134723,65.55772337318848],[22.6902235414612,65.55823499046872],[22.689417422199377,65.55845655405719],[22.689681267301484,65.55934569660567],[22.688498407067843,65.55976695117194],[22.688603936589356,65.56012260897884],[22.687315508342856,65.56018819689453],[22.685914079703565,65.56134261083119],[22.68467832494196,65.56158600706084],[22.68241765761749,65.56278409582443],[22.68069955125413,65.56287147582366],[22.679569095844236,65.56347049597875],[22.677798232529415,65.56338001092341],[22.67575589752737,65.56384483650358],[22.67543171771906,65.56422233331303],[22.673283928961794,65.56433145776928],[22.67167100484968,65.56477440730845],[22.669040934855484,65.56472745285683],[22.66759431914362,65.56425936462196],[22.666585878629654,65.56232495293301],[22.665621581839275,65.56201287884244],[22.66589326550425,65.56145756349636],[22.663272293042414,65.55996599652588],[22.66005550570817,65.5594071534818],[22.65995036916842,65.55905147175696],[22.657592722270106,65.5584490056636],[22.657487623992832,65.55809332183735],[22.653149665844474,65.5566886651873],[22.65256267748827,65.55617689623061],[22.64939906780071,65.55579566391512],[22.64929409420327,65.55543997312728],[22.64843521774537,65.55548347578367],[22.647418918169002,65.55499343507947],[22.644203073318906,65.554434245507],[22.643511586920685,65.5535667357352],[22.642548209480957,65.55325449235829],[22.64309207601498,65.55214395190752],[22.646159814381523,65.55072511847904],[22.64605490959382,65.55036942475148],[22.647772332093755,65.55028244498476],[22.64970918883954,65.54946231170938],[22.649341887940245,65.54821739335611],[22.65009557579796,65.54781819756204],[22.649403923685988,65.54695072292209],[22.649413493993812,65.5455062069085],[22.64731956394824,65.5457927942211],[22.646680504282052,65.5451031521318],[22.644534144927757,65.54521185399335],[22.643570751293197,65.54489963021416],[22.642764626403928,65.54512094533622],[22.640408963751923,65.5445181783705],[22.640251770558113,65.54398463011334],[22.63736290634759,65.54304780637985],[22.636891567002728,65.54144714917943],[22.63947589002907,65.5398723722487],[22.641569280455858,65.53958590550043],[22.642270449127015,65.53900890096841],[22.646132983832153,65.53881328291345],[22.647368048875727,65.53857020851919],[22.647692342193682,65.53819277074675],[22.64940895667181,65.53810578073768],[22.649733214733264,65.53772833895552],[22.653438080320292,65.53699900076019],[22.654401290339898,65.53731116358657],[22.654611203871255,65.53802253824634],[22.65552197926247,65.53815684984954],[22.655836912443533,65.53922390875718],[22.653576772669986,65.54042156105973],[22.65416340658655,65.54093332967105],[22.65330501748344,65.54097685493089],[22.65303325137649,65.54153214842913],[22.652174840296762,65.5415756675036],[22.65200798898487,65.54248664852028],[22.652918909570552,65.54262097430292],[22.653505582900205,65.54313274506784],[22.656667696171567,65.54351390695206],[22.65725446358887,65.54402566221309],[22.658542184596204,65.5439603374653],[22.658699751686267,65.54449386284422],[22.660574345119368,65.54494026710178],[22.66174812317902,65.54596374254932],[22.663894457708775,65.54585479676648],[22.665077108727584,65.54543373669725],[22.666093349486236,65.54592365938827],[22.669098176988925,65.54577104090036],[22.66925597318145,65.54630455292173],[22.670114505438217,65.54626093567953],[22.6712970708954,65.54583982787909],[22.676824698050904,65.54537832120799],[22.677148639008095,65.5450008239477],[22.67843634793765,65.5449353300118],[22.68198333603024,65.54367179113602],[22.682088698152068,65.5440274551601],[22.680582513628977,65.54482614926263],[22.68390442877805,65.54400615928498],[22.679613439999994,65.52951807999999],[22.61528147,65.53277835],[22.617892409999996,65.54167131999999],[22.59984374153998,65.54258082395907],[22.599664632843044,65.54368681786357],[22.598702138428248,65.54337428644654],[22.597414745941865,65.54343907930222],[22.597310541136807,65.54308334472745],[22.595866883370434,65.54261452198858],[22.596294135689764,65.54226345287226],[22.595352267406508,65.53904640129007],[22.592796604014858,65.53807628438457],[22.592484265413436,65.5370090681207],[22.593238208136846,65.5366101658732],[22.59308203687404,65.53607655830172],[22.594336775053602,65.53557787884513],[22.59383355,65.53385906],[22.572048370819886,65.53495354759512],[22.571644053350635,65.53570961700686],[22.5698760276525,65.53561781523928],[22.569550785515524,65.53599508926654],[22.56659938034339,65.5363235505191],[22.564284395593162,65.53734197972845],[22.564062775870816,65.53807500516798],[22.562553873422836,65.53887252541058],[22.560889344016637,65.5391363842979],[22.559003003103957,65.54013324486093],[22.551966852150887,65.54138777474243],[22.551108563514568,65.54143070637515],[22.551382355151276,65.54087558229138],[22.550524082202767,65.54091851044883],[22.55030204905349,65.54165151993912],[22.548962828288182,65.54153801429567],[22.54783066027507,65.54213604793476],[22.547934185817176,65.54249182340567],[22.546646685202308,65.54255618540489],[22.545085240594595,65.54317565118579],[22.544981750627645,65.54281987340309],[22.543265048278904,65.54290565382655],[22.542628957653697,65.54221553651817],[22.54312518075515,65.54092742510068],[22.54430914175899,65.54050731533168],[22.54442787029605,65.53941853459999],[22.550739073441935,65.53567394524705],[22.549209572582697,65.53009116305581],[22.547847802131955,65.5302238107679],[22.546354012668836,65.52957661141785],[22.546679519297104,65.52919938460015],[22.545511330275623,65.52817494845794],[22.546642964347814,65.5275769376488],[22.54676156821534,65.52648815641712],[22.545748628032445,65.52599738675868],[22.54612581271479,65.52579805044486],[22.546931880704342,65.52557726370544],[22.548455603190817,65.52333534432901],[22.55190127281987,65.5217191169745],[22.5517977926501,65.52136334378905],[22.552551931811973,65.52096464240711],[22.55426715491477,65.5208787717215],[22.554592444627872,65.5205015301053],[22.55545003847657,65.52045858580254],[22.55841434951875,65.5186858056985],[22.560025822360718,65.51824410372976],[22.559234590698807,65.51702040406494],[22.563144988451523,65.51700488592577],[22.563898828277424,65.51660613102756],[22.56528863774906,65.51689739821813],[22.566942130592313,65.51627302403227],[22.56460563,65.5082548],[22.543175319999996,65.50932815],[22.54575888,65.51822264],[22.502878100000004,65.52036116],[22.50544925,65.52925646],[22.48399878,65.53032163],[22.481434809999993,65.52142587999998],[22.438542450000003,65.52354628],[22.430905130000003,65.49685607],[22.388048159999997,65.49896178],[22.382994830000005,65.48116628],[22.297315499999996,65.48533804],[22.296082598925825,65.48094065594167],[22.29550013155521,65.48074915121025],[22.293786531335687,65.48083207028007],[22.29388630844863,65.48118805421095],[22.29169438804774,65.48111368477578],[22.290608628659704,65.48188781690116],[22.288566219952745,65.48234738262053],[22.28723107569051,65.48223152116587],[22.28647389560453,65.48262892660757],[22.286324372386137,65.48209494193836],[22.28718122963234,65.48205352659159],[22.28773898885656,65.48094414050135],[22.28859580570913,65.480902717531],[22.289681586330794,65.48012859965873],[22.29230181246729,65.48018227671528],[22.29205244078218,65.4792923134386],[22.29066757716662,65.4789984881118],[22.292759564073936,65.47871688938547],[22.293088175475148,65.47834018007093],[22.295001176300815,65.4789692369088],[22.295200749408323,65.47968120291803],[22.29572240494125,65.47965595328479],[22.29482032,65.47643849],[22.287313910880354,65.47680122533164],[22.286841865512116,65.47774023757493],[22.2877686232902,65.47949947508219],[22.28587584316273,65.4804929866342],[22.28264783774664,65.4813705733052],[22.282368850925238,65.48192525826852],[22.280655123439757,65.48200802963949],[22.28042588893358,65.48274070866675],[22.27891126593441,65.48353545013134],[22.279060647784927,65.48406944352952],[22.27996738477249,65.48420606601752],[22.28291683533818,65.48388321832634],[22.284102560246023,65.4834651300156],[22.285308321015663,65.48466969425236],[22.284501208098646,65.48488909545506],[22.283993068878164,65.48617646744538],[22.28280722141292,65.48659455610357],[22.282956703906684,65.48712854464469],[22.283813732483107,65.48708714670407],[22.284391760696383,65.48760043271987],[22.285248801990008,65.48755902651361],[22.28559773680923,65.48880499249242],[22.284661024783947,65.49011307192102],[22.283475012954646,65.49053116743906],[22.282538136667014,65.491839235321],[22.281730781169355,65.49205862411554],[22.282308884644085,65.49257191734281],[22.280594459240426,65.492654694928],[22.279886703985774,65.49323006823626],[22.27860084674829,65.49329213301606],[22.279587786843788,65.49216208449047],[22.279946794090502,65.49034073252962],[22.281132855579806,65.48992266421268],[22.280883751740422,65.48903267990033],[22.279976841027874,65.48889606463301],[22.279628172498178,65.48765008304572],[22.277156579864545,65.48813018882612],[22.27652608106317,65.48864277059691],[22.279817286551054,65.50040252264978]],[[22.558377117249382,65.5170633686011],[22.558273571149915,65.5167076005301],[22.55870230252727,65.51668611921824],[22.559234590698807,65.51702040406494],[22.558377117249382,65.5170633686011]],[[22.649439237300825,65.58250826773747],[22.649009513424254,65.58253001656657],[22.648956963875943,65.58235217165303],[22.649439237300825,65.58250826773747]],[[22.649227378799026,65.54930621822247],[22.64879804189425,65.54932796892649],[22.64874557450742,65.54915012314258],[22.649227378799026,65.54930621822247]],[[22.633945230295407,65.57137863898194],[22.633086117718186,65.57142204408034],[22.633033703889396,65.57124419227296],[22.633945230295407,65.57137863898194]],[[22.606251197546683,65.55129675060641],[22.607434570912968,65.55087615304505],[22.607017080398233,65.54945324874765],[22.610137603211545,65.54821304762804],[22.610995997284455,65.54816978008297],[22.610827832119778,65.54908072262675],[22.612492452105062,65.54881631344028],[22.612701334283383,65.54952775677036],[22.61441819555554,65.54944118697603],[22.615381101776602,65.54975361420155],[22.609830220882998,65.55310184859836],[22.605966681726688,65.55329649229219],[22.60538085196096,65.55278452221675],[22.606251197546683,65.55129675060641]],[[22.600639278461927,65.54255481059297],[22.601549634545485,65.54268946421845],[22.600743526106733,65.54291054243485],[22.600639278461927,65.54255481059297]],[[22.573587388226397,65.5513141151273],[22.57401667319809,65.55129258472887],[22.574068636128402,65.55147046146797],[22.573587388226397,65.5513141151273]],[[22.573210059650346,65.55151352140867],[22.573639348280448,65.55149199204314],[22.57369130911665,65.55166986893327],[22.573210059650346,65.55151352140867]],[[22.57170361896155,65.54635507531562],[22.571274412944575,65.54637659834782],[22.57122248131563,65.54619872033518],[22.57170361896155,65.54635507531562]],[[22.570194490033597,65.54715267410211],[22.5697652693896,65.54717419300326],[22.569661423662577,65.54681843574431],[22.570194490033597,65.54715267410211]],[[22.562664453355403,65.5168484976088],[22.562235723248616,65.51686999014304],[22.562183923995608,65.51669210770602],[22.562664453355403,65.5168484976088]],[[22.55747305521256,65.54833136607506],[22.557043802514823,65.54835284922106],[22.556940124639166,65.54799708152755],[22.55747305521256,65.54833136607506]],[[22.551944514888007,65.54878843854924],[22.552699422061814,65.5483897285573],[22.552803043976983,65.54874549972533],[22.551944514888007,65.54878843854924]],[[22.553025055136352,65.54801248676577],[22.55388355653752,65.54796954209415],[22.553557936526836,65.54834678559989],[22.552699422061814,65.5483897285573],[22.553025055136352,65.54801248676577]],[[22.55245533097555,65.55652340256513],[22.552025938423608,65.55654487290177],[22.551974113672653,65.55636698719445],[22.55245533097555,65.55652340256513]],[[22.550523337379225,65.55138617702683],[22.5500940274944,65.55140764104272],[22.550042228241676,65.55122975441904],[22.550523337379225,65.55138617702683]],[[22.534244918738153,65.5538234158248],[22.53333449446351,65.55368835800786],[22.534193221814732,65.5536455227417],[22.534244918738153,65.5538234158248]],[[22.534364096991304,65.55273463837594],[22.536303992506507,65.55191595850766],[22.538879972464333,65.5517873896093],[22.53941275516201,65.55212173925034],[22.540700749557065,65.55205743378238],[22.539635168152,65.55138874185552],[22.542262822114218,65.55143800683958],[22.541626535724255,65.5507478872822],[22.542485149806886,65.55070500612582],[22.542692140274173,65.5514165649524],[22.545164501557238,65.55093211097338],[22.544512928047926,65.55168656315759],[22.540049019120126,65.55281186834561],[22.53870926005882,65.55269827741566],[22.539035148145054,65.55232106313697],[22.537747135773127,65.552385354614],[22.53505194605271,65.55360268263553],[22.534193221814732,65.5536455227417],[22.534364096991304,65.55273463837594]],[[22.54566073934763,65.54964399104426],[22.5469485927788,65.54957963384322],[22.547274323888438,65.549202403428],[22.548132875881326,65.54915949086394],[22.548029315684357,65.54880371587097],[22.550123859952038,65.54851852839916],[22.54871750547919,65.54967169453712],[22.547858937786312,65.54971461057737],[22.548014282312955,65.55024827317445],[22.546297103054624,65.55033409285183],[22.545164501557238,65.55093211097338],[22.54566073934763,65.54964399104426]],[[22.546540859975085,65.5526680914635],[22.547777073460647,65.55242583775305],[22.547673502462402,65.5520700626213],[22.548480357986804,65.55184925958854],[22.54906505796654,65.55236146120995],[22.54755488357539,65.5531588448431],[22.547762035892067,65.5538703950971],[22.54695511233225,65.55409119499375],[22.547058683217486,65.55444697062134],[22.544156654528848,65.55495290635342],[22.543897826088102,65.5540634611844],[22.54626685518651,65.55322320898145],[22.546540859975085,65.5526680914635]],[[22.54725742168643,65.56111463908623],[22.546827948342116,65.56113609549942],[22.54677614804743,65.56095820776112],[22.54725742168643,65.56111463908623]],[[22.545968999313292,65.56117900469471],[22.54553952362888,65.56120045747683],[22.54548773197228,65.56102256921004],[22.545968999313292,65.56117900469471]],[[22.544784144055445,65.56159913657167],[22.545213627058665,65.561577685858],[22.54526541817565,65.56175557422446],[22.544784144055445,65.56159913657167]],[[22.542433404137487,65.55052711635547],[22.542862707133484,65.55050567413858],[22.542914455679778,65.5506835637329],[22.542433404137487,65.55052711635547]],[[22.540442073664376,65.5511679811675],[22.54124896533203,65.5509472163186],[22.5413524433034,65.55130299678791],[22.540442073664376,65.5511679811675]],[[22.53920584741726,65.55141017509781],[22.539154122427792,65.55123228399604],[22.53958344028537,65.55121085092972],[22.53920584741726,65.55141017509781]],[[22.52868600607294,65.56168038157415],[22.528256504983325,65.56170178558718],[22.528204830072145,65.56152389023121],[22.52868600607294,65.56168038157415]],[[22.527775331084257,65.56154529285797],[22.5273458313182,65.56156669427422],[22.527294162945143,65.56138879854134],[22.527775331084257,65.56154529285797]],[[22.52593778192926,65.56271966591574],[22.527003498378292,65.56338845292217],[22.52336064463488,65.56284802626466],[22.52593778192926,65.56271966591574]],[[22.52377382655049,65.56427120405172],[22.522914728473207,65.56431398396052],[22.52281143984981,65.56395818896335],[22.523618877497963,65.5637375125719],[22.52377382655049,65.56427120405172]],[[22.522485178267743,65.5643353720989],[22.522055627284445,65.56435675902657],[22.522003988345368,65.56417886118936],[22.522485178267743,65.5643353720989]],[[22.44623052164662,65.54916541149738],[22.446659897083787,65.5491442414399],[22.446710986144957,65.54932217037367],[22.44623052164662,65.54916541149738]],[[22.446710986144957,65.54932217037367],[22.447191456401622,65.54947892766704],[22.446762075975325,65.54950009928251],[22.446710986144957,65.54932217037367]],[[22.435750964524956,65.5505839365665],[22.436988163465163,65.5503425781079],[22.437642851439453,65.54958855847207],[22.438931021570443,65.54952511729059],[22.44087375758266,65.54870763276068],[22.44435979282515,65.54871629006617],[22.44274442808443,65.5491567978623],[22.443275938080305,65.54949149833428],[22.44160945087273,65.5497540642598],[22.441384277734553,65.55048694456215],[22.44052547154663,65.55052925408177],[22.439441428489932,65.5513044367797],[22.438153171969002,65.55136788317043],[22.43825524529599,65.55172374781138],[22.436006062398647,65.55147360294475],[22.435750964524956,65.5505839365665]],[[22.436108106925804,65.55182946932186],[22.436537536136598,65.55180832744087],[22.436588562432693,65.55198626041852],[22.436108106925804,65.55182946932186]],[[22.436588562432693,65.55198626041852],[22.43706902369976,65.5521430499325],[22.43663958949713,65.55216419337128],[22.436588562432693,65.55198626041852]],[[22.436057084278094,65.55165153614576],[22.43562765717906,65.55167267664264],[22.43557663817963,65.55149474326805],[22.436057084278094,65.55165153614576]],[[22.43418634249911,65.55120228910951],[22.434615763262656,65.55118115276493],[22.43466677496576,65.55135908653641],[22.43418634249911,65.55120228910951]],[[22.43466677496576,65.55135908653641],[22.4351472131924,65.55151588238081],[22.434717787437,65.55153702028305],[22.43466677496576,65.55135908653641]],[[22.41429014044499,65.54406046393841],[22.414340996706084,65.54423840610521],[22.413911670428416,65.5442594839882],[22.41429014044499,65.54406046393841]],[[22.39838130970051,65.54628415526811],[22.398432062668704,65.54646210380635],[22.397573305151838,65.54650416913913],[22.39838130970051,65.54628415526811]],[[22.399290817129003,65.54642003363163],[22.399821718720343,65.54675489269472],[22.39896295426937,65.54679696598131],[22.398432062668704,65.54646210380635],[22.399290817129003,65.54642003363163]],[[22.379052055161207,65.48444045417534],[22.379858329172414,65.48422055645862],[22.383008436838665,65.48460759747458],[22.38106850292554,65.48542431106405],[22.381169488879586,65.48578022494071],[22.379455889082575,65.48586411577071],[22.378019263653627,65.48539314675638],[22.379203487194495,65.48497432745746],[22.379052055161207,65.48444045417534]],[[22.372478076793406,65.49955710906669],[22.372906709021795,65.49953615564453],[22.372957178986432,65.49971411554438],[22.372478076793406,65.49955710906669]],[[22.372099908032975,65.49975602152422],[22.372528543888983,65.49973506913831],[22.372579011743117,65.49991302918552],[22.372099908032975,65.49975602152422]],[[22.371832203162935,65.54018479571987],[22.371402902252697,65.54020575275916],[22.371352348313966,65.54002779319059],[22.371832203162935,65.54018479571987]],[[22.369200326364655,65.50025857721826],[22.369427183704612,65.49952578789812],[22.370284452282583,65.49948389710184],[22.370385357024283,65.49983981898738],[22.37167127141846,65.49977697270208],[22.37177219640869,65.50013289345912],[22.370158524482726,65.50057260949747],[22.369200326364655,65.50025857721826]],[[22.37092304952165,65.54004874884754],[22.370493749968382,65.54006970329417],[22.370443202548458,65.53989174335702],[22.37092304952165,65.54004874884754]],[[22.37018355057411,65.49912797511833],[22.369326293472408,65.49916986522769],[22.369275849493615,65.4989919038558],[22.37018355057411,65.49912797511833]],[[22.369635148579157,65.5401116085565],[22.37006444965421,65.5400906565305],[22.370114994956065,65.54026861661514],[22.369635148579157,65.5401116085565]],[[22.369256386287145,65.54031051980087],[22.369685691002026,65.54028956881315],[22.369736234185744,65.54046752904529],[22.369256386287145,65.54031051980087]],[[22.36960358413358,65.49861503710301],[22.368746342729313,65.49865692376599],[22.36869590389389,65.49847896214897],[22.36960358413358,65.49861503710301]],[[22.368877618237054,65.54050943015433],[22.369306926591804,65.54048848020497],[22.369357467657295,65.54066644058462],[22.368877618237054,65.54050943015433]],[[22.36875153237667,65.54159814286749],[22.368700993265488,65.54142018226638],[22.36913031677706,65.54139923266746],[22.36875153237667,65.54159814286749]],[[22.36849884442878,65.54070833961697],[22.368928156423433,65.54068739070595],[22.368978695370608,65.54086535123308],[22.36849884442878,65.54070833961697]],[[22.36847381848524,65.54215297360027],[22.36804448193436,65.54217392146631],[22.367993946299592,65.54199596059476],[22.36847381848524,65.54215297360027]],[[22.3677918113682,65.54128411686352],[22.367362488453644,65.54130506265928],[22.367311959501933,65.54112710149327],[22.3677918113682,65.54128411686352]],[[22.367636863442673,65.49474176253943],[22.367208304709923,65.49476270028205],[22.367157885416614,65.49458473795515],[22.367636863442673,65.49474176253943]],[[22.36604871499145,65.49373679575602],[22.36519162663786,65.49377866072733],[22.36514122336157,65.49360069756723],[22.36604871499145,65.49373679575602]],[[22.364990018077123,65.49306680794028],[22.36584708348877,65.49302494434183],[22.365897490228217,65.49320290723205],[22.364990018077123,65.49306680794028]],[[22.363346927924717,65.54402686675321],[22.363296420001905,65.5438489040389],[22.363725788718657,65.54382796932343],[22.363346927924717,65.54402686675321]],[[22.360066072558308,65.5293920001222],[22.360495206610672,65.52937107690222],[22.360545661622105,65.5295490410826],[22.360066072558308,65.5293920001222]],[[22.360063386983516,65.54472819439148],[22.36001289982148,65.54455023037579],[22.360442283261186,65.54452930482954],[22.360063386983516,65.54472819439148]],[[22.35597533396527,65.5333802739203],[22.35602576751517,65.53355823981933],[22.35559656029639,65.53357915108745],[22.35597533396527,65.5333802739203]],[[22.355951712088945,65.5286904248097],[22.355093456812448,65.52873224412791],[22.355043040873774,65.52855427774102],[22.355951712088945,65.5286904248097]],[[22.354673440872713,65.5072824260397],[22.354244663955328,65.50730332919329],[22.354194303719655,65.50712536196014],[22.354673440872713,65.5072824260397]],[[22.354030985868064,65.53419668418447],[22.354081408064562,65.53437465084397],[22.353652185539563,65.53439555674824],[22.354030985868064,65.53419668418447]],[[22.354007705028817,65.52950683139404],[22.35357856247,65.52952773629538],[22.353528155003776,65.52934976931988],[22.354007705028817,65.52950683139404]],[[22.35360176622104,65.53421758991715],[22.353172545815184,65.53423849443973],[22.353122130133457,65.53406052741266],[22.35360176622104,65.53421758991715]],[[22.35328639962039,65.50698919669826],[22.352857626174373,65.5070100958833],[22.352756926716665,65.50665416026646],[22.35328639962039,65.50698919669826]],[[22.349307715711536,65.53749383212663],[22.349358113387172,65.53767180060154],[22.34892883206469,65.53769269368965],[22.349307715711536,65.53749383212663]],[[22.348878437267956,65.53751472504324],[22.34801987810513,65.53755650724555],[22.347969489824745,65.53737853823175],[22.348878437267956,65.53751472504324]],[[22.345317121833638,65.53877052760082],[22.34488781853122,65.53879140944278],[22.344837448733468,65.53861343920357],[22.345317121833638,65.53877052760082]],[[22.342261630273278,65.53873870380833],[22.342311982795003,65.53891667507591],[22.341882674185733,65.53893754844496],[22.342261630273278,65.53873870380833]],[[22.341074399334765,65.5391572633091],[22.342033727660496,65.53947146261565],[22.340796115405002,65.53971204885798],[22.341074399334765,65.5391572633091]],[[22.339380829235516,65.54086335317955],[22.338951485766238,65.54088421857804],[22.338850818157066,65.54052827342149],[22.339380829235516,65.54086335317955]],[[22.33713345974232,65.54061172153963],[22.33670411824458,65.54063258054279],[22.336653799976173,65.54045460707161],[22.33713345974232,65.54061172153963]],[[22.3363485997238,65.542454031716],[22.33591922715133,65.5424748887999],[22.335868909948008,65.54229691505829],[22.3363485997238,65.542454031716]],[[22.335187979246374,65.541427900831],[22.333091483779363,65.54171013179126],[22.33541608920631,65.54069515028891],[22.335187979246374,65.541427900831]],[[22.33058872492322,65.54363580018894],[22.33015932734469,65.54365664117876],[22.33010904668379,65.5434786651621],[22.33058872492322,65.54363580018894]],[[22.328894185758607,65.54534178224698],[22.328464758464847,65.54536261872273],[22.328414485396152,65.54518464206915],[22.328894185758607,65.54534178224698]],[[22.32738187701554,65.54306975337286],[22.326952485662023,65.54309058520296],[22.3269022281945,65.54291260789162],[22.32738187701554,65.54306975337286]],[[22.307534072625586,65.52977895663207],[22.30839245400834,65.52973740589756],[22.30844255465758,65.5299153909051],[22.307534072625586,65.52977895663207]],[[22.305710153888143,65.53257337282868],[22.30389303870556,65.53230046750494],[22.3042221194198,65.53192372941825],[22.303063244823825,65.53089733502314],[22.303821528318387,65.53049983561111],[22.30558843250742,65.53059475694998],[22.305438186478366,65.53006079849179],[22.3062965811559,65.53001925951781],[22.30662559984428,65.52964251681223],[22.306725777363987,65.52999848821554],[22.307634263165582,65.53013492730501],[22.305710153888143,65.53257337282868]],[[22.30566705519463,65.52932808534278],[22.305237868991497,65.52934885354281],[22.30518779150394,65.52917086724523],[22.30566705519463,65.52932808534278]],[[22.29239270060562,65.48360558182607],[22.292821148536028,65.48358485735943],[22.292871036492276,65.48376284965569],[22.29239270060562,65.48360558182607]],[[22.29329948654044,65.48374212381152],[22.295113086071222,65.48401519117972],[22.29574117224108,65.48470642363165],[22.29488424448329,65.484747888228],[22.294984054580134,65.48510387110048],[22.29284169338915,65.48520751315574],[22.290828524496437,65.48422244698071],[22.290728775009278,65.48386646076172],[22.291207106041007,65.48402373390752],[22.29329948654044,65.48374212381152]],[[22.291981643630223,65.50383087066467],[22.29180250079814,65.50474155740744],[22.28985818103715,65.50555714246299],[22.288142932739955,65.50564001381886],[22.287943312431093,65.50492803903984],[22.291981643630223,65.50383087066467]],[[22.290338922773078,65.47937519258512],[22.289910541398193,65.47939590935322],[22.289860683640097,65.47921791577672],[22.290338922773078,65.47937519258512]],[[22.281082642163483,65.4975019945846],[22.28093312629583,65.49696800454672],[22.28244844330487,65.49617323599969],[22.284163092327788,65.49609043517117],[22.28449203353394,65.49571374132765],[22.28464161342231,65.49624772721472],[22.285927598683607,65.49618560977062],[22.28663529549809,65.49561020875915],[22.289107405791412,65.49512994282591],[22.288928204721632,65.49604062677433],[22.287363215502335,65.49665746406549],[22.28670538528913,65.49741086301414],[22.285040526103213,65.49767168852371],[22.285190130726765,65.49820567361836],[22.283804324044137,65.49791179473155],[22.283505182213624,65.49684382098205],[22.281082642163483,65.4975019945846]],[[22.288994650939838,65.48232666917345],[22.289044509964246,65.48250466302065],[22.288616076110053,65.4825253766375],[22.288994650939838,65.48232666917345]],[[22.288024699440626,65.51141867196834],[22.288453607593,65.51139795534097],[22.28850352994616,65.51157594871616],[22.288024699440626,65.51141867196834]],[[22.284880500278078,65.49244771471878],[22.285309100261532,65.49242701005277],[22.285358957466105,65.49260500512561],[22.284880500278078,65.49244771471878]],[[22.285787559569858,65.49258429908167],[22.287701454196327,65.49321343947923],[22.28656522251525,65.49380955428998],[22.286764702770775,65.49452153231039],[22.28600716932034,65.4949189388872],[22.28510002703976,65.4947823566644],[22.28439231735557,65.4953577506162],[22.283385467379883,65.49486516724033],[22.28252818305413,65.49490656527827],[22.28195002091753,65.49439327347554],[22.28260791858057,65.49363989454862],[22.285787559569858,65.49258429908167]],[[22.28619497861273,65.48318361794105],[22.28591605040745,65.4837383088691],[22.28533808246721,65.48322502807872],[22.28619497861273,65.48318361794105]],[[22.28553923442076,65.49945163799862],[22.285589109376033,65.49962963281402],[22.28516039157506,65.49965033943795],[22.28553923442076,65.49945163799862]],[[22.28528987089077,65.49856166356138],[22.284861170317175,65.49858236916647],[22.28481130273141,65.49840437403716],[22.28528987089077,65.49856166356138]],[[22.28506064815693,65.49929434944349],[22.285110519491123,65.49947234445274],[22.284681803811758,65.49949304969829],[22.28506064815693,65.49929434944349]],[[22.284582067635654,65.49913705931623],[22.284631935348866,65.49931505451924],[22.28420322179112,65.49933575838642],[22.284582067635654,65.49913705931623]],[[22.2811725544839,65.49316799258212],[22.280743938400082,65.49318868567511],[22.28069411126465,65.4930106887834],[22.2811725544839,65.49316799258212]],[[22.26872370692324,65.53255439777041],[22.268773543590815,65.53273239847616],[22.268344266060865,65.5327530629076],[22.26872370692324,65.53255439777041]]],[[[22.359832037634185,65.54544720352698],[22.359785457309187,65.54528301131468],[22.359435817660184,65.54546653453103],[22.359832037634185,65.54544720352698]]],[[[22.56964423870558,65.56214296780432],[22.571085106947898,65.5606441837141],[22.573232304657434,65.56053654714655],[22.575171513794682,65.55971737622487],[22.577370620266205,65.55978755786714],[22.579385008920976,65.55890172680114],[22.579091053416057,65.55789639671353],[22.578568163924302,65.55792263467438],[22.57896592108849,65.55746844319091],[22.577872207467337,65.553727934195],[22.57431490016493,65.5538043896148],[22.57318280921387,65.55440261215891],[22.572635899966194,65.55551293187354],[22.571829145429618,65.55573386263627],[22.57236242883492,65.55606809116047],[22.570319493057124,65.55653146804704],[22.570527298981617,65.55724298046013],[22.567351845596775,65.55830451587168],[22.567559587582434,65.55901603301551],[22.56857425436849,65.5595066390236],[22.569914480820028,65.55961996083816],[22.570018391546053,65.55997571728464],[22.567493727436243,65.56028270171274],[22.56775343549528,65.56117209755269],[22.566087547623415,65.56143602750868],[22.56592119519202,65.56232843995372],[22.56964423870558,65.56214296780432]]],[[[22.6841709690636,65.5449061049594],[22.682939417421892,65.54542826487335],[22.68304480114266,65.54578392801383],[22.68441036951607,65.54571441579766],[22.6841709690636,65.5449061049594]]],[[[22.36788027,65.42777829000002],[22.389252510000002,65.42673038],[22.386732890000005,65.41783260000001],[22.34400078,65.41992455],[22.346506139999995,65.42882318999999],[22.32513013999999,65.42986506999999],[22.325943692505888,65.43275977916544],[22.326646078785647,65.43251131542529],[22.32679608132146,65.43304525542254],[22.327978825650174,65.4326268524917],[22.328078845215217,65.43298281144365],[22.328984034010677,65.43311915520037],[22.336730568705402,65.43292219323612],[22.34462733073008,65.43325875342414],[22.350135587670866,65.43280945861153],[22.35322887002469,65.43301921667032],[22.36167950924459,65.43224529334962],[22.36233362842596,65.43149160552423],[22.365326316955283,65.43134518506851],[22.36565331760532,65.43096833419605],[22.366659154922143,65.43146037942515],[22.368872368048336,65.43128924393632],[22.36788027,65.42777829000002]],[[22.345432351280465,65.43303905199322],[22.345004779825317,65.43305991689195],[22.34495465461166,65.43288194420053],[22.345432351280465,65.43303905199322]],[[22.344527085258644,65.43290280772403],[22.343671944298073,65.43294453115762],[22.343621828397023,65.4327665579297],[22.344527085258644,65.43290280772403]],[[22.343144147347317,65.43260944424615],[22.34319425964327,65.43278741766903],[22.342339119881665,65.43282913353426],[22.343144147347317,65.43260944424615]],[[22.33919584946879,65.43244117617168],[22.34133367672518,65.43233692219194],[22.341383776103886,65.43251489634608],[22.33919584946879,65.43244117617168]],[[22.341383776103886,65.43251489634608],[22.34228901329312,65.43265115977002],[22.341433876233765,65.43269287047592],[22.341383776103886,65.43251489634608]],[[22.33876828176445,65.43246202335416],[22.33834071330921,65.43248286933213],[22.33829063465743,65.43230489395943],[22.33876828176445,65.43246202335416]],[[22.337913144103084,65.43250371410562],[22.337485574146125,65.4325245576746],[22.337435501201846,65.43234658196073],[22.337913144103084,65.43250371410562]],[[22.33700793334787,65.43236742415463],[22.336152795387733,65.4324091049289],[22.336102731755496,65.4322311286792],[22.33700793334787,65.43236742415463]],[[22.335247596500324,65.43227280429439],[22.334392458242938,65.43231447509153],[22.334342406776404,65.43213649813552],[22.335247596500324,65.43227280429439]],[[22.33353731698365,65.43235614107058],[22.33310974522841,65.43237697225332],[22.333059702323343,65.43219899478589],[22.33353731698365,65.43235614107058]],[[22.332254599466918,65.4324186310052],[22.33182702546075,65.43243945857435],[22.331776991117298,65.43226148059557],[22.332254599466918,65.4324186310052]],[[22.33092184656216,65.43230313177938],[22.33134941921481,65.43228230678973],[22.33139945070435,65.43246028493891],[22.33092184656216,65.43230313177938]],[[22.330544298941074,65.43250193405449],[22.330971875197786,65.43248111009899],[22.331021904583555,65.43265908839436],[22.330544298941074,65.43250193405449]],[[22.32659607943981,65.4323333353778],[22.329161531980887,65.43220844066703],[22.329211548450722,65.43238641969245],[22.32659607943981,65.4323333353778]]],[[[22.407448559844145,65.54311586404383],[22.40749453897317,65.5431308884872],[22.40748967305928,65.54311384623796],[22.407448559844145,65.54311586404383]]],[[[22.398357519695338,65.54356204549906],[22.39863101327321,65.54410670520029],[22.401240163286616,65.5434205675063],[22.398357519695338,65.54356204549906]]],[[[22.456621097083055,65.07153443610277],[22.4512775467598,65.06965380799399],[22.44727507943539,65.07200214761613],[22.456621097083055,65.07153443610277]]],[[[21.89903352727194,65.43269169401631],[21.898939335732795,65.4323354021843],[21.898511359167934,65.43235500499298],[21.89903352727194,65.43269169401631]]],[[[22.54612581271479,65.52579805044486],[22.547035314736465,65.52593304069718],[22.546983597331508,65.52575515221403],[22.54612581271479,65.52579805044486]]],[[[22.551863276908847,65.54103200253891],[22.55143413872907,65.54105346860757],[22.551485923086098,65.54123135489826],[22.551863276908847,65.54103200253891]]],[[[22.521933356113575,65.39869378375946],[22.522360195971903,65.39867242489542],[22.522308948575915,65.3984945232684],[22.521933356113575,65.39869378375946]]],[[[22.466593642881712,65.37474575076352],[22.467020148135013,65.37472455213334],[22.466969331678783,65.37454662732739],[22.466593642881712,65.37474575076352]]],[[[22.44128216755481,65.55013108240112],[22.44085277060432,65.55015223741874],[22.44090382243029,65.55033016868542],[22.44128216755481,65.55013108240112]]],[[[22.407116029092037,65.54332989194003],[22.407065224247546,65.54315194683271],[22.406635908757117,65.54317300396795],[22.407116029092037,65.54332989194003]]],[[[22.406737513453358,65.54352889450362],[22.406686710722852,65.54335094924815],[22.406257391588884,65.54337200534603],[22.406737513453358,65.54352889450362]]],[[[22.404436397084353,65.37367194499065],[22.40438600659824,65.37349399478863],[22.40395946044448,65.37351501638847],[22.404436397084353,65.37367194499065]]],[[[22.40481255199824,65.373472971988],[22.40476215942803,65.37329502193312],[22.40438600659824,65.37349399478863],[22.40481255199824,65.373472971988]]],[[[22.405188701236348,65.3732739981034],[22.405138306582124,65.37309604819569],[22.40476215942803,65.37329502193312],[22.405188701236348,65.3732739981034]]],[[[22.39600423380542,65.54405493818042],[22.395574892686486,65.5440759641931],[22.395625621326158,65.54425391391526],[22.39600423380542,65.54405493818042]]],[[[22.368970552083237,65.31533448737352],[22.3681192730988,65.31537631022417],[22.367943681756138,65.31628705139583],[22.37139893344572,65.3162976988783],[22.37067310109231,65.31525082729844],[22.369771806341934,65.3151146942026],[22.369596273579507,65.31602543670641],[22.36874497348763,65.31606726331685],[22.368970552083237,65.31533448737352]]],[[[22.245726512393254,65.5374479410994],[22.24529713529718,65.53746854111674],[22.245776203473852,65.53762595078989],[22.245726512393254,65.5374479410994]]],[[[22.36635105808193,65.50093904095179],[22.366401486687373,65.50111700345263],[22.367258813305437,65.50107512923853],[22.36635105808193,65.50093904095179]]],[[[22.3514052524345,65.53414413271578],[22.351506061532643,65.53450006811806],[22.35193528785148,65.53447916826433],[22.3514052524345,65.53414413271578]]],[[[22.349184477734166,65.53244803332112],[22.350472059914374,65.5323853508254],[22.350371274775963,65.53202941449442],[22.349184477734166,65.53244803332112]]],[[[22.337160229468267,65.53916707561547],[22.33673091176636,65.53918793445914],[22.336781227612114,65.53936590792932],[22.337160229468267,65.53916707561547]]],[[[22.331726038835,65.54303934388574],[22.331296652170206,65.54306018799439],[22.33134693995928,65.54323816354622],[22.331726038835,65.54303934388574]]],[[[22.283933855577228,65.49682311949171],[22.283883998357805,65.49664512395252],[22.283455327864896,65.4966658252731],[22.283933855577228,65.49682311949171]]],[[[22.058737743011626,65.45775196894556],[22.058309497440693,65.45777202754802],[22.058357731914754,65.45795011221588],[22.058737743011626,65.45775196894556]]],[[[22.019194099084995,65.41397452219567],[22.01914622808138,65.41379642145256],[22.018718663365895,65.41381636123496],[22.019194099084995,65.41397452219567]]],[[[21.941109993314196,65.43616780016612],[21.94115738357726,65.4363459300861],[21.94158538661227,65.43632620607195],[21.941109993314196,65.43616780016612]]],[[[21.94072937983096,65.43636565289309],[21.940776767940505,65.4365437829525],[21.94120477455161,65.43652405998397],[21.94072937983096,65.43636565289309]]]]}},{"type":"Feature","properties":{"cyano_daymap_file_id":2578,"date":"2002-06-13Z","cloud":null,"sub_surfac":null,"surface":null,"no_data":null,"class":1,"color_hex":null,"algae_class":"class_1","source_date":"2002-06-13"},"geometry":{"type":"MultiPolygon","coordinates":[[[[22.283367307978814,65.70249756181828],[22.285430950398556,65.70205191917546],[22.28675638377283,65.7005450356041],[22.287620461228034,65.70050354727576],[22.288333454112127,65.69992808719415],[22.289629533712468,65.699865839774],[22.28991044902106,65.69931112315739],[22.292027259337644,65.69871513897125],[22.2903026345682,65.69261719245576],[22.287694962062236,65.6914796109321],[22.28739296456457,65.69041167381873],[22.2892539056201,65.68890908553995],[22.28541591,65.67533866],[22.299113609027028,65.6746776339998],[22.298605141464794,65.67435746724585],[22.299468323331,65.67431592026182],[22.299564542976402,65.67465587274893],[22.31856558586632,65.67373891703572],[22.323842251111387,65.67079525807056],[22.324705265627617,65.670753569368],[22.32407161354229,65.67006251268523],[22.324884063016874,65.66984284779342],[22.32463137340999,65.66895297178783],[22.323336940143818,65.66901550151404],[22.320977491332638,65.66840778662673],[22.316561782821058,65.66826011517165],[22.31577699554964,65.66703508538804],[22.318393245099525,65.66546549577386],[22.318572239211623,65.66455477969943],[22.320146386524883,65.66393752972313],[22.320706198050964,65.66282800275954],[22.32194982717719,65.66258752190387],[22.322509535089004,65.6614779892976],[22.324234946380493,65.66139462814031],[22.32456526189201,65.66101783390613],[22.32900672757998,65.6597206387253],[22.32890564039379,65.65936469121407],[22.329768264922535,65.65932297755035],[22.330859972598063,65.65854850604752],[22.332915314695782,65.65808824139914],[22.33727875254995,65.65805748345826],[22.33819192078398,65.65819369293162],[22.338293129851905,65.65854963307181],[22.341261518519303,65.65822546004732],[22.34116027025968,65.65786952226759],[22.3441791856125,65.65772326207068],[22.345015653741534,65.65912610240119],[22.344153065318896,65.65916790230396],[22.34349304445718,65.65992156926255],[22.34361883633093,65.66190011331105],[22.341334584326027,65.66309329016217],[22.341867227943524,65.66342833520932],[22.34359269390009,65.66334475364538],[22.343313282044573,65.66389955470457],[22.34607953062097,65.66286341117099],[22.346916283371453,65.66426623823317],[22.34361720969888,65.66496736172812],[22.342094223105946,65.66576281823674],[22.342195521298986,65.66611875489761],[22.341002564319822,65.66653736997905],[22.34173787172883,65.66758428952568],[22.34529069374078,65.6677730385539],[22.345798819203623,65.66648546203683],[22.34752447324307,65.66640183398015],[22.348209344418795,65.66727075358081],[22.348727863444957,65.66722120069224],[22.347615449999996,65.66331640999998],[22.369182519999995,65.66226942999998],[22.370303877001508,65.66619415304007],[22.370591601581133,65.66600375105058],[22.371175529512183,65.66651664590465],[22.372951948528826,65.66661068652293],[22.373053674122318,65.66696659838715],[22.37137893413902,65.66722847239947],[22.37050838913479,65.66690994067987],[22.371005772070102,65.6686507692147],[22.372166344359265,65.66845318890418],[22.37116405095363,65.6692047415715],[22.371724779999997,65.67116728],[22.3932972,65.67011682],[22.390885551115645,65.66169738741316],[22.39032853721861,65.6616145365851],[22.39007369981466,65.66072479087084],[22.39058718429561,65.66065574352223],[22.38820006,65.65232193],[22.345082389999998,65.65441806999999],[22.342551239999995,65.64551967],[22.385654379999995,65.64342438999999],[22.3808833568174,65.62672984757711],[22.38012586414652,65.6274688538641],[22.37926439488002,65.62751084216083],[22.379240164709067,65.62895546978318],[22.377391182688893,65.63012815071613],[22.375086779727653,65.63276642229843],[22.368194545272658,65.63616920035341],[22.368017438278194,65.63707995624883],[22.36725713370979,65.6374777970725],[22.357295259542664,65.6377816060617],[22.3546083461572,65.63755125091123],[22.355292634650723,65.63842014434947],[22.353366224554154,65.63779198437683],[22.35250436088057,65.63783382461268],[22.352605670476386,65.63818975424685],[22.349639718484926,65.63851412516742],[22.34740837351083,65.63988533716869],[22.346546428808484,65.63992714436851],[22.345455949799952,65.64070171663617],[22.343782596812794,65.64096327287733],[22.343503403034894,65.64151807219339],[22.34172879803197,65.64142366952854],[22.340105936977437,65.64186315525188],[22.341018543158555,65.64199935322827],[22.340739279977175,65.6425541481374],[22.34198175073478,65.64231351459077],[22.342082937167795,65.64266945244458],[22.340561174792313,65.64346488167712],[22.341143980457527,65.64397790289962],[22.337669079461676,65.64558960900818],[22.335513691368668,65.64569398471563],[22.335412580784034,65.64533804174712],[22.336554112201803,65.6447415079152],[22.336149649033402,65.64331773860523],[22.33298075398336,65.6429299059035],[22.33183921618018,65.64352641293354],[22.330115021655235,65.64360984860633],[22.32897338752884,65.64420633502675],[22.328010261342076,65.64389209034219],[22.32719864102713,65.64411176389245],[22.32195232464606,65.64256125344288],[22.321851414640907,65.64220529948949],[22.32040697355216,65.64173385998012],[22.319544915207178,65.64177551496715],[22.31944404187831,65.64141955905502],[22.317518248253474,65.64079093820064],[22.317445060138574,65.63899033007307],[22.316482267233855,65.63867600900468],[22.31650997595866,65.63723135806812],[22.315547260660413,65.63691703031002],[22.31529527685111,65.63602713180126],[22.31610675235314,65.63580752329382],[22.315199677423326,65.63260388936753],[22.314287531955944,65.6324675316948],[22.31418677421326,65.63211157114995],[22.311069918058173,65.63190124518333],[22.3121834850139,65.63274954706107],[22.312687181841188,65.63452935665231],[22.31043187427327,65.63427740651224],[22.310532590690755,65.63463336994926],[22.311444794591317,65.63476974961804],[22.310582950040814,65.6348113516314],[22.311114599486878,65.63514651418163],[22.309972881572065,65.63574285853998],[22.310174318568265,65.63645478591086],[22.31235149756887,65.63797340958014],[22.312603403276317,65.63886331372956],[22.311461561335467,65.63945967048595],[22.31214446737736,65.6403287717414],[22.31128243970937,65.64037037951124],[22.311383196263968,65.6407263419834],[22.31019087378975,65.64114470894656],[22.3101124461412,65.64241138038851],[22.311024924278772,65.64254775990449],[22.310162820790975,65.64258936205508],[22.309882887705307,65.64314410667373],[22.310034014357775,65.6436780518234],[22.31079539075133,65.6432804873263],[22.312670819368996,65.64373121254442],[22.31277161067225,65.64408717375142],[22.31190945944885,65.64412878628535],[22.31076737597825,65.64472514016104],[22.310868145837016,65.64508110283896],[22.310005957936227,65.6451227049207],[22.308863787278387,65.64571904532345],[22.308474721105792,65.64716690852093],[22.320996789999995,65.64656274999999],[22.322289863057033,65.65112193558414],[22.32389341049755,65.65094698400031],[22.327090259831404,65.64989035118853],[22.32843424575783,65.65000577308469],[22.33008141952116,65.65118902442809],[22.328636322431457,65.65071766964354],[22.327773981679222,65.6507593741144],[22.326503851206702,65.65244454356164],[22.32444883255368,65.65290471830838],[22.324169108227917,65.653459487198],[22.323016672305325,65.65368455819019],[22.32352067,65.65546158],[22.319933825016857,65.6556341275054],[22.315920395233807,65.6567445527007],[22.316071741549134,65.65727848966864],[22.314296134462385,65.65718377610007],[22.313635284004306,65.65793732132538],[22.310156809343038,65.65954843235806],[22.30226349161352,65.66101136829697],[22.302464953477877,65.66172330557465],[22.299927022882983,65.66202595591615],[22.297971435992963,65.66284175515996],[22.29667723037679,65.66290405555235],[22.29644714161095,65.66363676659198],[22.29208264866812,65.66366636173738],[22.28751706298723,65.66298387110623],[22.285410240853,65.66326554219519],[22.283554579837332,65.66443714345888],[22.2822602529632,65.6644993222016],[22.281548055108836,65.66507474624109],[22.279491212208043,65.66553433018025],[22.277685330770016,65.66688385728564],[22.27788617296999,65.66759583308888],[22.275778865635907,65.66787737529363],[22.27521702071122,65.66898675609946],[22.273541100949767,65.66924756277507],[22.27163430461425,65.67024103196574],[22.26434798530065,65.67077067463704],[22.262204585107444,65.67058581088985],[22.26446849079966,65.67862340512794],[22.264727214251483,65.67832933741887],[22.266885656941618,65.6782259371331],[22.267648695870882,65.67782857309228],[22.269857263446024,65.67790312871256],[22.269827033588047,65.67934779491907],[22.26901380578378,65.67956717285516],[22.26878280921691,65.6802998506387],[22.267919368993155,65.68034122581606],[22.268019717256585,65.68069722087856],[22.26591123493495,65.68097863754538],[22.266061721559463,65.68151263244513],[22.26532242885085,65.68165516019775],[22.266341680000004,65.68527383],[22.255463736680152,65.68579407359259],[22.25222093366102,65.68830850494747],[22.252039480080995,65.68921916600334],[22.252953337834377,65.68935588117606],[22.253354094808557,65.69077990655315],[22.258236163144574,65.68946405045185],[22.25894952747182,65.6888887245649],[22.26321804792747,65.68850404092656],[22.26380040144228,65.68901736300593],[22.263036981639974,65.68941471136749],[22.262906066648437,65.69050338100776],[22.259551162404488,65.69102473371689],[22.256115030904777,65.69281268224256],[22.254005428448785,65.6930939445155],[22.25174532970139,65.69499186787795],[22.268851330000004,65.6941737],[22.270563031919167,65.70023920610468],[22.27286023717794,65.69940753041163],[22.273141509940206,65.69885284134259],[22.275201089752706,65.69839331703236],[22.276979420179995,65.69848846129415],[22.277180538144744,65.69920043524677],[22.273744594089987,65.70098878020924],[22.272830218349323,65.70085219500365],[22.27274516426016,65.70300719079614],[22.283367307978814,65.70249756181828]],[[22.355772499910163,65.65698059388775],[22.35782725652573,65.65651999788058],[22.360110171075256,65.6553265861296],[22.36350910145072,65.65498104103479],[22.36201294242713,65.65739927942502],[22.359780692713805,65.6587706820748],[22.356330482602615,65.65893818629318],[22.354884481026193,65.65846709019738],[22.35468161159472,65.65775523639313],[22.355772499910163,65.65698059388775]],[[22.347473786537368,65.66622386780257],[22.347905195220072,65.66620295791678],[22.34795588483631,65.666380923922],[22.347473786537368,65.66622386780257]],[[22.335008169008063,65.643914268897],[22.335058717806014,65.64409224058866],[22.334627664045083,65.64411311053361],[22.335008169008063,65.643914268897]],[[22.323325790144015,65.65819106343027],[22.3237570886851,65.65817022318882],[22.323807593781808,65.6583481990413],[22.323325790144015,65.65819106343027]],[[22.323807593781808,65.6583481990413],[22.324289403238016,65.65850533306721],[22.323858099642287,65.65852617486944],[22.323807593781808,65.6583481990413]],[[22.32071055493382,65.65976072816392],[22.32043068436163,65.66031549157647],[22.31865485520082,65.6602208311274],[22.320178259257407,65.65942560556132],[22.320407643384353,65.65869286546474],[22.323376292331538,65.6583690394545],[22.322867183106016,65.65965655052092],[22.32071055493382,65.65976072816392]],[[22.31728275928679,65.66154997753509],[22.318347381276176,65.66222024086383],[22.31624098108111,65.66250233539184],[22.315910525592063,65.66287911288101],[22.31413453346382,65.66278440117244],[22.313551812497387,65.66227127551376],[22.315226855615208,65.66201003608711],[22.3151259467305,65.66165407768132],[22.31728275928679,65.66154997753509]],[[22.315128625267537,65.64469503982157],[22.315179039639336,65.64487301943439],[22.314747953687426,65.64489383324945],[22.315128625267537,65.64469503982157]],[[22.31445487365509,65.66854218987685],[22.3145558056154,65.66889814849404],[22.314124319788732,65.66891896442712],[22.31445487365509,65.66854218987685]],[[22.289017368759648,65.67139087494382],[22.287190586587833,65.67111786362068],[22.285493757930038,65.66975615058433],[22.285141891345347,65.66851021417285],[22.286235325201254,65.66773604687955],[22.287098310562275,65.66769457205713],[22.28656627457982,65.66735932920234],[22.287810452286617,65.66711912255235],[22.28847228064699,65.66636568029408],[22.29111137759309,65.66641919323374],[22.292305158589762,65.66600096202646],[22.29738192562989,65.66539586483309],[22.299006991448856,65.66495681452763],[22.300430563835892,65.66380580744612],[22.301293391089843,65.66376425353113],[22.300660540678603,65.66307309146117],[22.30200511008055,65.66318874159558],[22.30233577348469,65.66281199234479],[22.304061351488244,65.66272885871548],[22.305456306565215,65.66302246185496],[22.309288427937194,65.66265732247747],[22.309439679321354,65.66319126696098],[22.310403318453307,65.66350562442786],[22.31337265253288,65.66318198729108],[22.31258287768347,65.66502422145719],[22.3119217896543,65.6657777615121],[22.31072834473331,65.66619614357664],[22.31054906588152,65.66710685316313],[22.309585288382298,65.66679249796915],[22.307428002735826,65.66689649341276],[22.30628483885739,65.66749282401581],[22.305421897213662,65.66753440738924],[22.30394796043459,65.66850747742895],[22.30308498052081,65.66854904790067],[22.303185756471176,65.66890501557933],[22.301610898891195,65.66952209666931],[22.30023745221246,65.67085110212975],[22.296806787867048,65.67263991713288],[22.294368397163073,65.6732984584138],[22.292160173306293,65.67322425564785],[22.290282919885268,65.67277329482815],[22.289017368759648,65.67139087494382]],[[22.313339625464625,65.66769392115471],[22.31344053814338,65.66804988070123],[22.313009065349828,65.66807069334064],[22.313339625464625,65.66769392115471]],[[22.313202685141402,65.64406636565963],[22.313253084841577,65.64424434605533],[22.31282200746643,65.64426515431849],[22.313202685141402,65.64406636565963]],[[22.301144290754227,65.67405482717909],[22.30157587458061,65.67403404715759],[22.301626264655653,65.67421203148093],[22.301144290754227,65.67405482717909]],[[22.301626264655653,65.67421203148093],[22.302108244384524,65.67436923419764],[22.301676655493214,65.67439001578009],[22.301626264655653,65.67421203148093]],[[22.279098255787627,65.69513956085606],[22.279530212124392,65.69511883985258],[22.279580500124528,65.69529683244383],[22.279098255787627,65.69513956085606]],[[22.279580500124528,65.69529683244383],[22.280062750300498,65.6954541024459],[22.27963078888628,65.69547482501095],[22.279580500124528,65.69529683244383]],[[22.270881348267704,65.67532840447602],[22.270981713830313,65.67568439742612],[22.270550073061546,65.67570509110861],[22.270881348267704,65.67532840447602]],[[22.2690042962844,65.67487717887641],[22.266364359289547,65.67482329003963],[22.266264061133256,65.67446729338918],[22.26880363001882,65.67416518966877],[22.2690042962844,65.67487717887641]]],[[[22.316462617453652,65.63055832764712],[22.31636886932629,65.63056285702906],[22.31647358456506,65.63059705494375],[22.316462617453652,65.63055832764712]]],[[[22.2956450398727,65.62974465181647],[22.25812453023126,65.6315467337773],[22.258178583001918,65.63173919216412],[22.255039797229987,65.63169486905703],[22.255262055160042,65.63223972680802],[22.25622388336699,65.63255444539182],[22.2574667031751,65.63231450031097],[22.257316736552287,65.63178049173072],[22.257897635490927,65.63229385062562],[22.26038319435594,65.631813923658],[22.260352343944344,65.63325859434623],[22.25949045125681,65.63329990670394],[22.259640473132475,65.633833912596],[22.258066637650046,65.63445053247436],[22.25618063575577,65.6370664647321],[22.257292659351332,65.63791518400446],[22.259016756414603,65.63783257633838],[22.258454768709395,65.63894189669891],[22.25926713875069,65.64051204712216],[22.26754002553392,65.64011473662082],[22.268187893041592,65.63937723003578],[22.267436780154245,65.6367072511482],[22.268579536476988,65.63611121678655],[22.27666785645268,65.63536206540616],[22.27699855931982,65.63498537089681],[22.279914949364336,65.63448441992858],[22.28024559414006,65.63410771890749],[22.281157630212874,65.63424428221897],[22.28102762491092,65.63533295896384],[22.28404432742273,65.63518791549494],[22.286529651965605,65.63470756264883],[22.28797309564411,65.6351793341392],[22.29012784079571,65.63507563959237],[22.290027401911434,65.63471965993263],[22.287240941344027,65.6341321239832],[22.287040154517868,65.63342015988928],[22.290516681265157,65.63180959707837],[22.293762849814087,65.6309316643394],[22.293992777006693,65.63019895882152],[22.2956450398727,65.62974465181647]]],[[[22.2491305608734,65.62405470429924],[22.24784426749375,65.62447707074634],[22.246982642082273,65.6245183094928],[22.246882843334042,65.62416229513823],[22.245590416980875,65.62422414312068],[22.245690198311934,65.62458015849363],[22.243304792456623,65.62541585819868],[22.24383538527726,65.62575126648066],[22.243123340202338,65.6263265089595],[22.24380360028103,65.62719594285569],[22.243789924524993,65.63026330380681],[22.244751542780264,65.63057809712096],[22.244901242788206,65.63111212068995],[22.244039391723913,65.63115334490526],[22.24466991658065,65.63184476517539],[22.243808040771132,65.63188598831607],[22.24390783314962,65.63224200473644],[22.24476972057835,65.63220078091682],[22.244438578445024,65.63257740942007],[22.245300475985243,65.63253618248888],[22.24520066316171,65.63218016718257],[22.248267166497076,65.63221384346333],[22.249460113186732,65.63179595695358],[22.25127746143239,65.63170894143119],[22.2491305608734,65.62405470429924]],[[22.24629383493236,65.63140628981982],[22.24634374666483,65.63158429707126],[22.245912815057938,65.63160491394503],[22.24629383493236,65.63140628981982]],[[22.245962724639885,65.63178292134234],[22.246012634975965,65.63196092871571],[22.245581696805555,65.63198154471277],[22.245962724639885,65.63178292134234]]],[[[22.24882717,65.62297303999999],[22.24589309671351,65.6231132895923],[22.246252458462376,65.62347088267329],[22.248969649999424,65.62348101681225],[22.24882717,65.62297303999999]]],[[[22.23685054146642,65.65816131316608],[22.237678280196125,65.65833603034291],[22.23774605149333,65.66013672779306],[22.238808583771718,65.66080756822356],[22.23799565750725,65.66102677730798],[22.2379136887245,65.66229344477142],[22.236669254539276,65.6625332452442],[22.236868930510294,65.66324528637816],[22.235342701415004,65.6640397030276],[22.235492440430004,65.66457373537783],[22.234629459846477,65.66461491703612],[22.234729277979604,65.66497093916249],[22.233152982350248,65.66558732426549],[22.23365202443648,65.66736743953778],[22.232307508866427,65.66725118397738],[22.231594114492204,65.66782638519189],[22.23188962161445,65.6688804610482],[22.25980701103467,65.66754663471252],[22.26113796633068,65.66713602673794],[22.262131870483785,65.66600602541568],[22.262944738937005,65.66578668774969],[22.261480631147116,65.66369202098272],[22.26267478089177,65.66327401906494],[22.26433089682302,65.66139066689016],[22.266718854760505,65.66055461215058],[22.266568501035394,65.66002061655384],[22.26766215380331,65.65924658079906],[22.26746166997905,65.65853458799398],[22.268705614222938,65.65829454004124],[22.258824110000003,65.65857384999998],[22.254923995834258,65.64469546263766],[22.25295733912918,65.64425631851071],[22.253057314248622,65.64461232711673],[22.251432699079555,65.64505088153413],[22.251582637066086,65.64558489615982],[22.2502891579784,65.64564679434174],[22.250439076592656,65.64618081028168],[22.24762069184323,65.64703722602181],[22.24632712902263,65.64709909126032],[22.24432097948449,65.64773619873147],[22.24335871730764,65.64742140894163],[22.240340320284684,65.64756566011282],[22.23919641138941,65.64816149290888],[22.23752144278583,65.64842189314018],[22.23792059198803,65.64984597499134],[22.23644505090881,65.6508184052909],[22.236263229450834,65.65172905125344],[22.235169469813794,65.65215697820118],[22.23685054146642,65.65816131316608]],[[22.246045778406618,65.64765373161694],[22.246095726083936,65.64783173858403],[22.245664524577357,65.64785235735829],[22.246045778406618,65.64765373161694]],[[22.23688675290586,65.66486797418283],[22.236936677670894,65.66504598436141],[22.236505181282922,65.66506657996354],[22.23688675290586,65.66486797418283]],[[22.236405338334386,65.6647105592429],[22.236455259431033,65.66488856961517],[22.236023765200944,65.6649091638293],[22.236405338334386,65.6647105592429]],[[22.23592392958909,65.6645531427214],[22.235973847017416,65.66473115328728],[22.23554235494525,65.66475174611347],[22.23592392958909,65.6645531427214]]],[[[22.316469649723988,65.63091881590613],[22.316419259144514,65.63074083647973],[22.31598840887112,65.63076165151888],[22.316469649723988,65.63091881590613]]],[[[22.31608918498602,65.63111761069014],[22.316038796547975,65.63093963111668],[22.315607942610765,65.63096044511144],[22.31608918498602,65.63111761069014]]],[[[22.31570871444268,65.63131640457685],[22.315658328146128,65.63113842485627],[22.315227470545068,65.63115923780663],[22.31570871444268,65.63131640457685]]],[[[22.315328238093855,65.63151519756622],[22.315277853938884,65.63133721769857],[22.314846992673942,65.63135802960448],[22.315328238093855,65.63151519756622]]],[[[22.311349717889684,65.63134649964877],[22.310487986708036,65.63138810001747],[22.310538338170712,65.63156608179374],[22.311349717889684,65.63134649964877]]]]}}]}