{"type":"FeatureCollection","properties":{"source":"SMHI SE.SR Ytansamling av alger","date":"2002-07-17","note":"Test: SMHI WFS clipped to Lulea municipal sea area and simplified 20 m."},"features":[{"type":"Feature","properties":{"cyano_daymap_file_id":2612,"date":"2002-07-17Z","cloud":null,"sub_surfac":null,"surface":null,"no_data":null,"class":1,"color_hex":null,"algae_class":"class_1","source_date":"2002-07-17"},"geometry":{"type":"MultiPolygon","coordinates":[[[[22.367898864340763,65.58117684572576],[22.365851363986554,65.58197467392591],[22.365952593972313,65.58233059548022],[22.363473773200358,65.58281218460381],[22.36127312226146,65.58273891169982],[22.361374293255903,65.58309483689419],[22.35874360322025,65.58304246193414],[22.357276311060804,65.58401598404369],[22.351786810956042,65.58464382170338],[22.350167620651984,65.58508337895896],[22.349459024865183,65.58565908593357],[22.345309717406344,65.58640195018776],[22.345031076252805,65.58695674697644],[22.344170879571827,65.58699852352234],[22.341133724254043,65.58858934640715],[22.33374417091714,65.59021078187905],[22.33384500053179,65.59056672877773],[22.33212432228064,65.59065015280245],[22.331415176656012,65.59122578078669],[22.32369473571234,65.59322354117838],[22.32255510151954,65.59381995986215],[22.320834164592537,65.59390325825554],[22.318074075930927,65.59493888212855],[22.314682302545272,65.59528334051748],[22.31316238042671,65.59607847718563],[22.311491533726333,65.59633965298724],[22.310832049787766,65.59709317286325],[22.309541151977406,65.59715555058186],[22.30921137641234,65.59753230696418],[22.307234129802914,65.59791533615083],[22.30814835766647,65.60115229949983],[22.313179032467335,65.6007683997331],[22.31376029498459,65.60128154118503],[22.31462102261775,65.60123993204556],[22.31492289035564,65.60230781671135],[22.313883279539006,65.60326013746821],[22.314285773244876,65.60468398546824],[22.315196933359676,65.60482035280185],[22.31486714957797,65.6051971215542],[22.31620876000879,65.60531267486016],[22.316410083579267,65.6060245951508],[22.317701401626,65.60596215482613],[22.319496248738464,65.60767949232435],[22.321268471599158,65.60777417818927],[22.321369212595368,65.60813013422906],[22.325293814421634,65.60812062756854],[22.32980379607711,65.60555682614769],[22.331475035089223,65.60529544468069],[22.332184546028355,65.60471981285474],[22.33438700698525,65.60479349039235],[22.3342593153468,65.60588218989176],[22.335170615978974,65.60601843582212],[22.33349937038133,65.60627985808235],[22.333802083673596,65.60734769680207],[22.332991640071494,65.60756738982442],[22.3328134320655,65.60847811537892],[22.33162291779875,65.60889663299554],[22.33177425086016,65.60943055453075],[22.330963725389307,65.60965023751714],[22.330327940027086,65.6120264604827],[22.333062465218415,65.61243524659345],[22.337798254707696,65.61220571564077],[22.33802679810783,65.61147295705828],[22.339089817655225,65.6121430907837],[22.338228776452475,65.61218484190297],[22.3380002336583,65.61291760078215],[22.33992439993379,65.61354597779786],[22.340785482923078,65.61350421664231],[22.342151825931552,65.61524214705291],[22.341492791436004,65.61599579576504],[22.342176033265844,65.61686475862714],[22.33792350073412,65.61868073820685],[22.3509412313762,65.61804902296832],[22.35137014895984,65.61695977652097],[22.3525100942297,65.61636313823469],[22.353371246121437,65.61632130495194],[22.35603086428939,65.61492910303274],[22.358183602474693,65.61482446208207],[22.35853809327897,65.61607020322091],[22.360260351202243,65.6159864637744],[22.360792232717703,65.6163214499725],[22.36046298056279,65.61669831255821],[22.35825945429143,65.61662502425456],[22.35808209158323,65.61753577110039],[22.36238796058136,65.61732639655474],[22.363147768097008,65.61692858499025],[22.364870064972532,65.61684479282142],[22.365199254255266,65.61646792128954],[22.366541649016227,65.61658302152102],[22.366440250137167,65.61622710205339],[22.369935435349987,65.61623738304925],[22.3704674452425,65.61657233405361],[22.369606318237963,65.61661426414811],[22.369859934083095,65.61750405622799],[22.370924019709914,65.61817395624965],[22.370062840543696,65.61821588944959],[22.3702150284308,65.61874976410779],[22.37150682211426,65.61868686093293],[22.372038904083432,65.619021805714],[22.374520980561776,65.61854004434298],[22.376040262019433,65.61774429916399],[22.37733198874444,65.61768134704367],[22.37766100523367,65.61730445017741],[22.38009201587744,65.61664464525592],[22.38115632517867,65.61731447128882],[22.380345990937144,65.61753441625103],[22.380599985168807,65.61842418663039],[22.379409816751046,65.61884307586493],[22.379182393682047,65.61957588561452],[22.380955609305985,65.61966986412702],[22.38085399857451,65.61931395639402],[22.3816643831023,65.61909400822258],[22.384247930919113,65.61896799626639],[22.3845768612449,65.61859108525232],[22.385438024585916,65.61854906981176],[22.38640086633091,65.6188629528997],[22.38632616983584,65.62012962629022],[22.388479191323867,65.62002455257823],[22.38878435596728,65.62109225696054],[22.38706187075571,65.62117632251031],[22.386783796746354,65.62173119031314],[22.38506126139769,65.62181523364247],[22.385213782737925,65.62234908994778],[22.38430165764872,65.62221315293799],[22.38316220854474,65.62281002517813],[22.383290684039835,65.62478850985232],[22.382632629462265,65.62554232749325],[22.381771228937705,65.62558432934483],[22.381062288367996,65.6261601873857],[22.38169630562592,65.62685100267525],[22.380883232314343,65.62672982902221],[22.38311063,65.63452679],[22.40465206,65.63347502],[22.40210298,65.62457779],[22.41923532391365,65.62373887065516],[22.41913715494353,65.6233968799383],[22.41784526658248,65.62346018964529],[22.417312507685022,65.62312541231273],[22.41743675029606,65.62203667788285],[22.41437143863979,65.62200640799838],[22.41454684134021,65.62109561505173],[22.416495595484477,65.62027838362548],[22.4160872133784,65.61885486689808],[22.415021950364743,65.61818529549096],[22.415299383339978,65.61763038232094],[22.416160454873754,65.61758819338112],[22.416313584892123,65.61812201234069],[22.418466293692468,65.61801651613557],[22.418568413192407,65.61837239358171],[22.42335546121447,65.61831812801923],[22.42725187077946,65.616683424744],[22.42704741315671,65.61597168364928],[22.42775505426557,65.61539562375384],[22.429046512816154,65.6153322339279],[22.42922136748719,65.61442142947101],[22.433044414476583,65.61405325840006],[22.434919734311734,65.61450247386196],[22.435196704496292,65.61394752891923],[22.436795118231696,65.6149516654986],[22.43762588691193,65.61328682029006],[22.43853795593447,65.613422437215],[22.438866024516617,65.61304541715634],[22.437872610416072,65.61110933565321],[22.438631060973915,65.61071115970307],[22.439973443630837,65.610825610122],[22.440075823383715,65.61118147048445],[22.441367036420132,65.61111797819346],[22.44460535341876,65.61023689884544],[22.44599896392305,65.61052922417457],[22.447187652066948,65.61010982740736],[22.447085180093694,65.60975397276647],[22.447945928548872,65.60971160660735],[22.44791513787546,65.60808907929072],[22.446419187643773,65.60744091516449],[22.448140530992347,65.60735618705162],[22.447986824259196,65.60682240601903],[22.44740280716515,65.60630980756476],[22.445630312915434,65.60621659863547],[22.445476665810748,65.60568281446511],[22.448785817931196,65.60353498220572],[22.450455650286077,65.60327230378034],[22.450711874308613,65.60416193411436],[22.452381725909593,65.60389923428379],[22.452484242523756,65.604255084898],[22.455014624911524,65.60394996143565],[22.45577260440629,65.60355170446492],[22.457923914042095,65.6034456622352],[22.460331758105298,65.6042292004493],[22.46170752178565,65.60412089276676],[22.458993120000002,65.59471742],[22.43748643,65.59577656000002],[22.44004421,65.60467311000001],[22.39701057,65.60678315],[22.396105063549523,65.6036153727629],[22.395574851933205,65.60361932621662],[22.394409041100293,65.60259370161634],[22.394279926022,65.60061523263968],[22.39341937350415,65.60065729223746],[22.393317681817948,65.60030139364862],[22.394917873437972,65.5994621678802],[22.394531235125918,65.59788259754562],[22.392985319430807,65.59761112483265],[22.39257865225722,65.59618752791128],[22.393286553721303,65.5956116263178],[22.394526289368567,65.59537058977133],[22.394753105207254,65.5946377630162],[22.398065163161025,65.59249100955005],[22.401025227888468,65.59216575072529],[22.402038141434463,65.59265748894417],[22.403758680804675,65.59257327263366],[22.40515089265021,65.5928659871546],[22.4054054445321,65.59375571044869],[22.404216796134026,65.59417477923814],[22.404369515063514,65.59470861432766],[22.405609099859497,65.59446748863853],[22.40700143444082,65.59476018494352],[22.407737184983127,65.59580678039158],[22.406876817716498,65.59584891453737],[22.406548483274207,65.59622586799442],[22.407510728626708,65.59653962299423],[22.407429296827406,65.59725116032826],[22.4159778,65.59683266],[22.41342917,65.58793562],[22.370420609999996,65.59003786],[22.367898864340763,65.58117684572576]],[[22.372140378431464,65.5960762411426],[22.374432567432684,65.59526898340158],[22.37921552805387,65.59521615110751],[22.380404638132518,65.59479727383517],[22.380709114812426,65.59586500128782],[22.382202776344993,65.59651383601096],[22.38190068026446,65.5985133209948],[22.38349607777853,65.5995180487767],[22.38483766301323,65.59963299508496],[22.38501684072186,65.60178943193458],[22.383095135875795,65.60422883567075],[22.38350143565915,65.60565246163702],[22.382894628832982,65.60658422906347],[22.382084639842457,65.60680417990841],[22.383148581319332,65.60747399560336],[22.38071849735356,65.60813384038134],[22.3808200535692,65.60848974874988],[22.379681107534992,65.60908658989331],[22.380314644662402,65.60977741571004],[22.379023319211306,65.60984038927283],[22.37826396121563,65.61023827592011],[22.378517798298585,65.6111280513468],[22.37727716156555,65.61136896585201],[22.377530978192873,65.61225874313025],[22.37859503582049,65.61292858962041],[22.377784813976522,65.61314851979336],[22.377632510207462,65.61261465386931],[22.376720767597682,65.61247866750826],[22.37639179450669,65.61285556191052],[22.37327683207629,65.61264649491886],[22.373378307691763,65.61300240906095],[22.370314065435334,65.61297123843961],[22.369984992590727,65.61334811992647],[22.369123971419917,65.61339004624003],[22.36580624643058,65.61246898991546],[22.366894970321823,65.61169428869697],[22.368566203644605,65.61143249853586],[22.370034557351037,65.61045885669596],[22.36929986791301,65.60941206795054],[22.3701348332711,65.60774755184383],[22.369400222920678,65.60670076279871],[22.370539308361437,65.60610399749767],[22.369272975442303,65.60472225423996],[22.36745014094258,65.60445016911777],[22.366311053526918,65.60504691123444],[22.365146319379903,65.60402105110511],[22.367778325373997,65.6010060688305],[22.36896788520048,65.60058727684692],[22.369717081471062,65.59909333499635],[22.36118704888327,65.59950845406648],[22.3611211147545,65.60060842517156],[22.359172017676848,65.60142494839613],[22.359323863657522,65.60195883735963],[22.357855564737292,65.60293237496798],[22.358058005698457,65.60364422884096],[22.35620978958799,65.60481664415794],[22.352108229189398,65.6057376868082],[22.351045150595883,65.60506764490633],[22.34965285831001,65.60477443430034],[22.349450636734737,65.60406256705421],[22.3480078729475,65.6035913736637],[22.34780570747156,65.60287950366984],[22.348565332410427,65.60248176693624],[22.34864187248298,65.60121509415828],[22.349629569983172,65.60008458178307],[22.351411484034344,65.59988092040808],[22.348913469999996,65.59108443999999],[22.370420609999996,65.59003786],[22.372140378431464,65.5960762411426]],[[22.440250270441464,65.61027065737846],[22.439819879795227,65.61029181939121],[22.43976869339495,65.61011388909775],[22.440250270441464,65.61027065737846]],[[22.409379649884603,65.62134862794342],[22.409430654938507,65.6215265702733],[22.409000047746208,65.62154764695937],[22.409379649884603,65.62134862794342]],[[22.408087834691155,65.62141185383739],[22.40841644431913,65.62103489432612],[22.40894904559013,65.62136970445606],[22.408087834691155,65.62141185383739]],[[22.40854083342292,65.60623284445737],[22.40874469235472,65.606944616407],[22.40760646690954,65.60754166009399],[22.404746631011168,65.60822295291801],[22.404061553884613,65.60735429038773],[22.405579276453594,65.6065582648405],[22.40854083342292,65.60623284445737]],[[22.40709788148099,65.59204889392855],[22.40666775971358,65.59206995918365],[22.406616843148946,65.59189201504427],[22.40709788148099,65.59204889392855]],[[22.406265745478557,65.5937135853125],[22.40583559538929,65.59373464848713],[22.405784680586102,65.59355670405101],[22.406265745478557,65.5937135853125]],[[22.388645382809052,65.6099121824267],[22.388418285255938,65.61064500281199],[22.387279425604067,65.61124190016278],[22.386418507821617,65.61128392363347],[22.386266039991245,65.61075006800208],[22.388645382809052,65.6099121824267]],[[22.385330391822105,65.61205875897033],[22.385760864982316,65.6120377507934],[22.385811686402846,65.61221570286831],[22.385330391822105,65.61205875897033]],[[22.381049786802418,65.61082414661067],[22.38034121461636,65.61139999766311],[22.37948027808878,65.61144198193269],[22.380948216451298,65.61046823853698],[22.381809117886938,65.61042624628078],[22.38234115518146,65.61076115536864],[22.381049786802418,65.61082414661067]],[[22.385581505405597,65.6098813166546],[22.38545595256713,65.6109700378263],[22.38398815867064,65.61194382342467],[22.384140588177868,65.61247768172329],[22.38505236708041,65.61261362312075],[22.383153967401665,65.61360840811898],[22.383255582732193,65.6139643142693],[22.38464873638882,65.61425720778331],[22.38442149457821,65.61499002360213],[22.38361126054861,65.61520998501909],[22.383814521890088,65.61592179633392],[22.384777245169754,65.61623569089721],[22.38234639584142,65.61689556931516],[22.38085152723899,65.61624674794618],[22.381028082417032,65.61533598248896],[22.379153597283988,65.61488609258485],[22.378645810303006,65.61310654455846],[22.379886515872315,65.61286561817846],[22.380544350546263,65.61211181460126],[22.3814053071775,65.6120698240928],[22.38234115518146,65.61076115536864],[22.385581505405597,65.6098813166546]],[[22.384950733523038,65.61225771835356],[22.38538121034646,65.61223671121805],[22.385432029637858,65.61241466344114],[22.384950733523038,65.61225771835356]],[[22.38520778802202,65.6162146836023],[22.385258615501154,65.61639263580157],[22.384828069751673,65.61641364326931],[22.38520778802202,65.6162146836023]],[[22.38411659541797,65.61392230781648],[22.38454710061033,65.61390130276851],[22.38459791811603,65.61407925528825],[22.38411659541797,65.61392230781648]],[[22.37259413897786,65.61484489975047],[22.370390746409544,65.61477178635735],[22.37028930336104,65.61441586989707],[22.373733496471974,65.61424810778388],[22.37259413897786,65.61484489975047]],[[22.3627171919653,65.61694952999578],[22.362666517458454,65.61677156874728],[22.36309709069224,65.61675062391411],[22.3627171919653,65.61694952999578]],[[22.3550447948972,65.60685794205365],[22.357526051981644,65.60637646680986],[22.357449945285264,65.60764313977677],[22.356259877283165,65.6080618463803],[22.3563610984719,65.6084177744043],[22.35248709456834,65.608606050477],[22.352385925508813,65.60825011935515],[22.3550447948972,65.60685794205365]],[[22.34415114524631,65.61767104743849],[22.344050047775845,65.61731511006414],[22.345873565034243,65.61758746975515],[22.34415114524631,65.61767104743849]],[[22.339520337113104,65.6121222134022],[22.339570842297174,65.61230018403705],[22.339140319941876,65.61232106159035],[22.339520337113104,65.6121222134022]],[[22.32484450220528,65.60345156450198],[22.325375667132054,65.60378668187596],[22.324034099831653,65.60367120925022],[22.32484450220528,65.60345156450198]],[[22.313609388736477,65.60074759749789],[22.314039744246607,65.60072679404858],[22.31409004846556,65.60090477513077],[22.313609388736477,65.60074759749789]]],[[[22.41088246,65.57903851],[22.405794789999995,65.56124411999998],[22.389271899117738,65.56205277110115],[22.388672334386868,65.56263748660788],[22.387813024990628,65.56267950205405],[22.38667618953749,65.56327637485064],[22.38692976210486,65.5641661388804],[22.385085574173875,65.56533886622297],[22.385389827438196,65.5664065865363],[22.38311567500349,65.56760029198307],[22.38225619115589,65.56764227762876],[22.382408272609837,65.56817614115033],[22.381650148307475,65.56857403256497],[22.38256036093901,65.56871000445048],[22.382005002066695,65.56981971532454],[22.379022834630117,65.5715892093647],[22.37912419586512,65.5719451208198],[22.380034515278517,65.57208110682498],[22.3794789842489,65.57319081013819],[22.37720397923759,65.57438443526166],[22.377735192951246,65.57471936867047],[22.37596506506927,65.57462532201035],[22.37520665771971,65.5750231839726],[22.37540931120787,65.57573501260036],[22.37771075732824,65.57616399821175],[22.376548617539683,65.57820543310989],[22.375410859460573,65.57880223046391],[22.372780590521852,65.57875009502693],[22.37293255600158,65.57928396919725],[22.372022016677548,65.57914794269138],[22.37212331773444,65.5795038594205],[22.368076918723148,65.58060324775408],[22.36791067157343,65.58113880900565],[22.41088246,65.57903851]],[[22.377256411697786,65.5776296074383],[22.377307094044635,65.57780756374633],[22.376877178457335,65.57782854241832],[22.377256411697786,65.5776296074383]]],[[[22.426191569999997,65.63242022],[22.44772915,65.63136237],[22.452862129999996,65.64915491],[22.47441228,65.64809315],[22.47191092920333,65.63945084465534],[22.47066126945283,65.6399910342868],[22.46969663824163,65.63967770409234],[22.47055833374625,65.63963520014234],[22.470834773901846,65.6390801954641],[22.46830118556421,65.63938561490832],[22.46911141769997,65.63916520126462],[22.468905599751203,65.63845353027293],[22.468095387710736,65.6386739426178],[22.468198285083062,65.63902977881331],[22.467613109244148,65.63851726976421],[22.46842332071571,65.63829685999956],[22.468320423759916,65.63794102395279],[22.470095161550184,65.6380339452477],[22.46945851779362,65.63734352606019],[22.470320136333484,65.63730102422849],[22.470165760221235,65.63676727236754],[22.46925270773198,65.63663185546253],[22.46914980736415,65.63627602001284],[22.46990848224574,65.63587768542979],[22.46813389319104,65.63578476047257],[22.46803101219302,65.63542892407199],[22.466738669589674,65.6354926546439],[22.466050756261772,65.63462430079935],[22.469085323278666,65.633031003006],[22.46898244239344,65.63267516725062],[22.470981739220946,65.63203516295107],[22.470518704225174,65.63043390799972],[22.47139125638307,65.63019642772669],[22.469264799999994,65.63030148999998],[22.46213507199035,65.60560205031959],[22.459759274916234,65.60678376441409],[22.46039486510073,65.60747423474925],[22.45984211942091,65.60858420417387],[22.45767049034058,65.61013487393231],[22.456809746989773,65.61017729523826],[22.455672511836532,65.61077468970602],[22.453090197182927,65.6109019057875],[22.45035407317606,65.6104953002846],[22.44931918047082,65.61144850082744],[22.45000587768931,65.61231694256486],[22.44559923041211,65.6121729316271],[22.445066359282656,65.61183825290003],[22.442914292240424,65.61194412022371],[22.438917211698264,65.61322334774691],[22.43907077787856,65.613757139369],[22.436897474074353,65.6153075282446],[22.437532683145896,65.61599809816843],[22.436774065461808,65.61639627028688],[22.436978793374767,65.61710799557724],[22.43541027988598,65.6177263996255],[22.43475392151886,65.61848042627994],[22.43255009738232,65.61840822019911],[22.432652411525464,65.61876408622363],[22.431842485782703,65.61898430217165],[22.43440455308725,65.62030204435759],[22.433799275516353,65.62123400003458],[22.432989283916193,65.62145422275985],[22.43309161852638,65.62181008828509],[22.431420415871685,65.62207258907071],[22.430056071012185,65.62340267581938],[22.429194834074046,65.6234449452809],[22.428917645071852,65.62399988143316],[22.4262099855852,65.62521539455432],[22.426896306073075,65.62608394462768],[22.42437917440618,65.6261125362819],[22.426191569999997,65.63242022]]],[[[22.47376494557695,65.63910211683532],[22.472127282889904,65.63901642835373],[22.472042214070584,65.6391872379316],[22.47376494557695,65.63910211683532]]],[[[22.49337851,65.638133],[22.492057001642017,65.63357666684904],[22.49032732587845,65.63396670511429],[22.490224149587355,65.63361088672616],[22.489311111552198,65.63347559035795],[22.48946585742815,65.63400931903028],[22.488173648910013,65.63407323079306],[22.48660538532541,65.6346921615961],[22.486053255721018,65.63580222037335],[22.484915617448415,65.63639983814285],[22.48507029400611,65.6369335719912],[22.48382947869654,65.63717535966354],[22.48360488826506,65.6379082968616],[22.482312468403784,65.63797216082395],[22.481984743214884,65.63834927137255],[22.48031301058124,65.63861231601082],[22.476085855579402,65.63898743941574],[22.49337851,65.638133]]],[[[22.35866193955655,65.59963134000216],[22.356944731600493,65.59972902769015],[22.358665914045382,65.59964531692535],[22.35866193955655,65.59963134000216]]]]}},{"type":"Feature","properties":{"cyano_daymap_file_id":2612,"date":"2002-07-17Z","cloud":null,"sub_surfac":null,"surface":null,"no_data":null,"class":1,"color_hex":null,"algae_class":"class_1","source_date":"2002-07-17"},"geometry":{"type":"MultiPolygon","coordinates":[[[[22.090267810000004,65.52226691000001],[22.11173057,65.52125747],[22.109294489999996,65.51235431],[22.10748861177877,65.51245317507109],[22.105966945794364,65.513246248153],[22.104679610371594,65.51330684722248],[22.1047769599525,65.51366297809338],[22.103967391287895,65.51388143781608],[22.0984373637259,65.51432195074506],[22.097773609440416,65.51507458163043],[22.096915311198593,65.51511493644993],[22.0963402973086,65.51460090617641],[22.094477901148586,65.51414738639694],[22.09271275584495,65.51404998326063],[22.09208925992357,65.51335786566028],[22.086178528987254,65.5139961640811],[22.085036727130387,65.51459081478455],[22.084178421044598,65.51463109740057],[22.082704438097338,65.5156020179169],[22.081846094444064,65.51564228765741],[22.079991291233704,65.51681139077894],[22.07703541274581,65.51713033736205],[22.07626678951446,65.51590392292111],[22.075311464513998,65.51558800286527],[22.07434909328544,65.51364926987138],[22.076494818114757,65.51354869403436],[22.078017414640144,65.51275590862768],[22.077920433915253,65.51239975701763],[22.07877867834393,65.51235951050495],[22.0786816890187,65.51200335946388],[22.080536221674112,65.51083427493121],[22.079808744490776,65.50816314952418],[22.078376136537287,65.50768929705117],[22.07665995003637,65.50776977774336],[22.07632067323022,65.50652324221488],[22.077559279917374,65.50628481087804],[22.078223413127198,65.50553226502271],[22.080608840220687,65.5046848771764],[22.06952270801459,65.50520459768637],[22.0675947480826,65.50639109233435],[22.067933606575902,65.50763765144255],[22.069940364479514,65.50862574394466],[22.069179069780738,65.50902209789152],[22.069372765573117,65.50973441482745],[22.067801656223157,65.51034903438439],[22.068043745695565,65.51123943299511],[22.067185518105422,65.51127961842859],[22.067282347475068,65.51163577837245],[22.068189008121802,65.51177367188708],[22.06733076325266,65.51181385831008],[22.066617749893513,65.51238828055567],[22.067337388588843,65.51343666959937],[22.06614325988676,65.51349257206323],[22.066381539999995,65.51436934],[22.065433666610545,65.51442751910075],[22.065959659441756,65.51476359226558],[22.065149720203838,65.5149818477188],[22.065059398846213,65.51624849887902],[22.06353620258952,65.51704115952329],[22.063348994227304,65.51795164786823],[22.06559850013585,65.51983019720436],[22.067890086769303,65.5202639789037],[22.06775145399217,65.52135255085155],[22.06946856617429,65.52127216240775],[22.067370611971647,65.52155072462676],[22.067328834466473,65.52299545569717],[22.06947535987142,65.52289497180122],[22.070479352235427,65.52338900518384],[22.071815752834357,65.52350676949068],[22.074391606538935,65.52338610854568],[22.074585573192437,65.5240984160826],[22.07382391132481,65.52449479685527],[22.07253593148846,65.52455512848306],[22.072203559448923,65.52493139212396],[22.073159196878198,65.52524732878103],[22.072875310555222,65.5258016712496],[22.07435733248751,65.52645364382052],[22.074024964281985,65.52682991141717],[22.075936447029637,65.52746175367945],[22.08108886251854,65.52722024083626],[22.083900136815597,65.52636698521374],[22.091257534811657,65.5258921983963],[22.090267810000004,65.52226691000001]],[[22.069704029125003,65.52053974723147],[22.069274764430972,65.5205598467102],[22.069226315818355,65.5203817677286],[22.069704029125003,65.52053974723147]],[[22.068472858397794,65.51121933846248],[22.068521281357707,65.51139741795106],[22.068092165775713,65.51141751264862],[22.068472858397794,65.51121933846248]]],[[[22.13074822,65.51134226],[22.13139689006933,65.51370586178656],[22.13215199684893,65.51363447313177],[22.13224972239994,65.51399058265844],[22.133107917620546,65.51395002832328],[22.132961313124564,65.51341586499699],[22.134726539142257,65.51351279759949],[22.135769369815232,65.51256167676131],[22.13677418489,65.51305526208172],[22.138968476394474,65.5131318560872],[22.139310845955702,65.51437822054007],[22.140413641218867,65.51522788410233],[22.142890417069314,65.51474996574777],[22.14298829404435,65.51510606686247],[22.141369718661995,65.5155433855519],[22.14227688309319,65.51568082994797],[22.14242369343254,65.51621498223604],[22.1437110661437,65.5161540615385],[22.144765125946297,65.51682564107942],[22.14653061986559,65.51692243330909],[22.146677525619687,65.51745658053741],[22.147535807636324,65.51741594349427],[22.147633760007345,65.51777204086292],[22.149828472630876,65.51784847321957],[22.149497306866795,65.51822489479346],[22.150833758365508,65.51834196053431],[22.15239487701821,65.51933625515909],[22.15465059,65.51922951000002],[22.147356210908626,65.49270974439538],[22.146749851652945,65.4925486095275],[22.125867159999995,65.49353661],[22.123429380000005,65.48463369],[22.08560595907067,65.48641518175077],[22.083336786768033,65.48761796960846],[22.083101953501004,65.4883504002339],[22.081864242462967,65.4885888684155],[22.08220350245292,65.48983539193154],[22.07844162091649,65.49037267076392],[22.07458973992107,65.49217651008287],[22.073303354174058,65.4922368329738],[22.072687805552587,65.49316743398104],[22.07149817180971,65.49358389874983],[22.07093093125367,65.49469257224644],[22.067917958438297,65.49626193195974],[22.081839198949694,65.49560834328103],[22.08265475713144,65.49468366839507],[22.08198354151635,65.49381342723123],[22.08060016321923,65.49351766319087],[22.080357844379293,65.49262728670516],[22.081166967965768,65.49240895759485],[22.08140188591864,65.49167652919675],[22.082639746335715,65.49143806337253],[22.0856334687091,65.48967430837303],[22.08810889724078,65.48919730007819],[22.08839210315435,65.48864293533556],[22.089249548481362,65.48860263707613],[22.09111000857607,65.48905624000295],[22.09135265348901,65.48994659613663],[22.08978324083821,65.49056142784336],[22.08992880861796,65.49109564302479],[22.088739550412143,65.49151223987252],[22.088836584918013,65.49186838411178],[22.09012290920481,65.49180792961174],[22.08974265926832,65.49200615407575],[22.090317021465545,65.4925202158311],[22.08784915497732,65.49462006196309],[22.086659705060672,65.49503664427415],[22.08675260906427,65.49537766346322],[22.09335778651605,65.4950675568172],[22.09394970684332,65.49469402099957],[22.098506089282147,65.49482584901826],[22.098472297180475,65.49375986420806],[22.100236082623486,65.49385721324958],[22.100342444155316,65.4947396339461],[22.108197593666915,65.49438406006763],[22.107826527865576,65.49620511490359],[22.108684184946288,65.49616470433908],[22.11011668260727,65.4966382707606],[22.10892750802582,65.49705502560951],[22.107212133433826,65.49713584521542],[22.105394231226835,65.49808382584258],[22.106315842962882,65.5014558702231],[22.111236369201936,65.50073373079441],[22.111333751558206,65.50108985717667],[22.112620466652388,65.5010292074433],[22.111860048359993,65.50142576776682],[22.11200614041004,65.50195995653083],[22.115057279864914,65.50199647098914],[22.116441486503597,65.50229191159762],[22.116675483935104,65.50155943744113],[22.11677294411091,65.50191555956421],[22.118439854670985,65.50165656839701],[22.120828178476543,65.50244567607876],[22.12211493368374,65.50238494515133],[22.12188108345163,65.50311742629621],[22.122885266604786,65.50361111003284],[22.123470634789996,65.50574781186769],[22.121472084896165,65.50638322329033],[22.122720303197767,65.50776720179536],[22.121530837921085,65.50818405854612],[22.122057412530243,65.50851993092556],[22.120770355065936,65.50858066427683],[22.11944438413993,65.51008610434397],[22.117923222952886,65.51087929286145],[22.115875400860965,65.51133657484144],[22.115972894180402,65.51169269712324],[22.110394846255403,65.51195557912358],[22.109294489999996,65.51235431],[22.13074822,65.51134226]],[[22.136714348921775,65.51125444335547],[22.136187531044726,65.5109186243853],[22.13661657488004,65.51089833717336],[22.136714348921775,65.51125444335547]],[[22.136225508130956,65.50947391151574],[22.137034661761742,65.50925528314653],[22.136361241767446,65.50838530520552],[22.138604032781632,65.50863996143327],[22.1387018237028,65.50899606617497],[22.13789269248524,65.50921470324883],[22.13808826307658,65.5099269136925],[22.139375338175977,65.50986603277228],[22.13661657488004,65.51089833717336],[22.136225508130956,65.50947391151574]],[[22.13638307055815,65.51163083732247],[22.135954014475256,65.51165112399016],[22.13590513137179,65.51147307062425],[22.13638307055815,65.51163083732247]],[[22.13593223895434,65.5084055912969],[22.135883363331715,65.50822753784576],[22.136312363267503,65.50820725192087],[22.13593223895434,65.5084055912969]],[[22.136149554243865,65.5123633372216],[22.13572048591264,65.51238362334503],[22.13562272031388,65.51202751644283],[22.136149554243865,65.5123633372216]],[[22.134927623724014,65.5079119984279],[22.134498627337216,65.50793228038992],[22.13444976255191,65.5077542263698],[22.134927623724014,65.5079119984279]],[[22.106269877233547,65.49050703450901],[22.107984820546406,65.49042622975452],[22.10641578141654,65.49104123054921],[22.106181572790735,65.49177369093866],[22.10504118013239,65.49236847920304],[22.102565779105564,65.49284576454261],[22.102800097529325,65.49211330870668],[22.106269877233547,65.49050703450901]],[[22.100996466681565,65.49346071169485],[22.10013888394576,65.49350107792485],[22.100041688190963,65.49314494250802],[22.100996466681565,65.49346071169485]],[[22.092784497796213,65.49042033311694],[22.09235574899128,65.49044049313427],[22.092307210612415,65.4902624223531],[22.092784497796213,65.49042033311694]],[[22.0915548358967,65.49228167743846],[22.09198361563412,65.4922615193956],[22.092032156292138,65.49243959025465],[22.0915548358967,65.49228167743846]],[[22.091215091845807,65.49103517962425],[22.09164385146245,65.49101502273876],[22.091692387011967,65.4911930937587],[22.091215091845807,65.49103517962425]],[[22.09117459033837,65.49247990546166],[22.091603373680158,65.49245974846286],[22.091651912193417,65.49263781946426],[22.09117459033837,65.49247990546166]],[[22.090834861300443,65.491233406651],[22.091263624521055,65.49121325080952],[22.091312157925998,65.49139132197179],[22.090834861300443,65.491233406651]],[[22.090600212353092,65.49196584711699],[22.09102898780098,65.49194569182355],[22.091077521250366,65.49212376305921],[22.090600212353092,65.49196584711699]],[[22.090454625006444,65.49143163277608],[22.090883391831053,65.49141147797862],[22.090931923091336,65.49158954928323],[22.090454625006444,65.49143163277608]],[[22.090219963875867,65.49216407276737],[22.090648742927964,65.49214391851798],[22.09069727423254,65.49232198989604],[22.090219963875867,65.49216407276737]],[[22.0900743829637,65.49162985799944],[22.090503153392344,65.49160970424603],[22.090551682507886,65.49178777569298],[22.0900743829637,65.49162985799944]]],[[[22.078141639999995,65.47774848],[22.03528257,65.47975415999998],[22.03768979,65.48865878],[21.973366070000004,65.49164586],[21.97483954050457,65.4971422762118],[21.977043720927085,65.49599772565847],[21.978759502511835,65.49591837939764],[21.97942735588341,65.49678910983945],[21.976758997664927,65.49817477233816],[21.975136437285826,65.49824977600682],[21.97575352,65.50055165],[21.95430148999999,65.50154168999998],[21.955205657961468,65.50492224307334],[21.955879810550186,65.50454817845285],[21.9571671269185,65.50448884620697],[21.959884837630632,65.50328163496881],[21.96121975454665,65.5034003900472],[21.96074295853533,65.5048649362925],[21.96260244248561,65.50532012951831],[21.96388977843354,65.50526073985877],[21.964032871365777,65.50579509873185],[21.967608973324225,65.50617102389715],[21.967132495254713,65.50763558721324],[21.964557811810717,65.50937728758538],[21.964605742604277,65.51117828145316],[21.9637473262967,65.51121788165273],[21.962221279612336,65.51200954822329],[21.96231668119331,65.51236578844242],[21.961458221679397,65.51240537605719],[21.96155361460125,65.51276161683707],[21.95912122711288,65.51341471648645],[21.957642586070293,65.51438446070439],[21.95597317731626,65.51464170189276],[21.95587785220197,65.5142854569661],[21.954447093225,65.51381041379243],[21.950536099709563,65.51381019701424],[21.94910546192079,65.51333510217121],[21.94347748410068,65.51341372389314],[21.940662848729904,65.51426440055752],[21.940853086659413,65.51497691338703],[21.940042057625508,65.51519450883171],[21.940137170782016,65.51555076571688],[21.938849262649867,65.51560995854123],[21.938944361365557,65.51596621630968],[21.935080546406187,65.51614373227004],[21.93393514481438,65.516737274763],[21.932647161217684,65.51679641549148],[21.93274218055886,65.51715267789598],[21.93097733751716,65.5170533846927],[21.92902059571668,65.51786443537044],[21.928733699829998,65.51841853452204],[21.921911301695182,65.51891172961113],[21.92157680427158,65.51928768145227],[21.917854597688034,65.51999917004113],[21.915992030349642,65.52116633173156],[21.91470377932206,65.52122532219069],[21.913987116508284,65.52179905765863],[21.913128258750227,65.52183837469131],[21.912458928312244,65.52259024189036],[21.909929627088776,65.52288629289234],[21.90878335400875,65.52347965300024],[21.907924431519127,65.52351894109862],[21.90687611468951,65.52284566129471],[21.908593916334514,65.52276709252834],[21.909216002966932,65.5218371013993],[21.911173666868457,65.52102629833192],[21.910412683731607,65.51979897308705],[21.911653503904905,65.51956188063842],[21.91222803663727,65.51845373968217],[21.914949294147295,65.51724730334652],[21.91623734830799,65.51718831263773],[21.91633214554685,65.51754458741833],[21.91809697541426,65.5176440515931],[21.918621161546252,65.51798065330067],[21.92072052851978,65.51770414118336],[21.920625670725308,65.51734786972204],[21.922582641823652,65.5165369254743],[21.923443633410205,65.51487465846667],[21.925734712135498,65.51368772106288],[21.926355984111396,65.51275766698554],[21.927214519278238,65.5127182778898],[21.928064393955456,65.51176253244968],[21.91375969,65.51241966],[21.912740072569193,65.50858390731999],[21.909478365442478,65.50974455309377],[21.909238467190704,65.510476758623],[21.908379972993227,65.51051604530612],[21.906852254485806,65.51130716866713],[21.90556446469474,65.51136607700161],[21.901508212384464,65.51245307501046],[21.90160278801147,65.51280936111527],[21.900362190114723,65.51304636908327],[21.900504035069932,65.51358079945945],[21.90346185227013,65.51326528525631],[21.903698372164072,65.51415599657977],[21.902123004860677,65.51476893311786],[21.902264897134742,65.51530336138349],[21.899830738921807,65.51595552391012],[21.89959052104289,65.51668771703864],[21.898731805210282,65.51672695102837],[21.898538828248228,65.51763728682688],[21.89734524422153,65.51805241656335],[21.895623664473458,65.5197537686594],[21.893523848402555,65.52002993667644],[21.891089028568594,65.5206819646656],[21.890754061331126,65.52105785269704],[21.88946574694763,65.52111662885697],[21.888469706443892,65.51899844619186],[21.89009287520474,65.51856379372359],[21.89076275927865,65.51781202028035],[21.893102843269457,65.51680370767508],[21.89329600592695,65.5158933770651],[21.894824404710015,65.51510238434484],[21.894588177034045,65.51421165643801],[21.891535689095143,65.51417070568242],[21.890389362276586,65.51476392701966],[21.88423232456488,65.51612656611154],[21.881939113196413,65.51731289455358],[21.88065095959094,65.5173715941624],[21.880556649805047,65.5170152925242],[21.883519928530408,65.51507724191492],[21.88299624974014,65.51474051388026],[21.88213756785647,65.51477965336117],[21.88194893317266,65.5140670519838],[21.87980227374357,65.51416487626413],[21.878226330471783,65.51477756927773],[21.876461822659323,65.5146776370028],[21.874503520870093,65.51548799688025],[21.8732154370901,65.51554663252978],[21.874221522549508,65.51422473102996],[21.87082871,65.51437936],[21.872394204529986,65.52030081003791],[21.87391663137776,65.51984185997675],[21.87739920558373,65.51986360484439],[21.87935267883235,65.52067612786261],[21.880159397015507,65.5220817733705],[21.877147949928634,65.52384161546593],[21.877430837584136,65.52491052682274],[21.87876653093043,65.52503000242712],[21.878525649251507,65.52576216813726],[21.876472304198767,65.52621625726678],[21.872983447768938,65.52781742446726],[21.87169475159301,65.52787605285705],[21.867487462382,65.53005064132182],[21.86686369597094,65.53098047619565],[21.865192282653794,65.5312367338826],[21.862896894867358,65.53242279354065],[21.86298732751886,65.53276509038278],[21.87072103371026,65.53241369197362],[21.87048911143528,65.53153683241945],[21.874832500225352,65.53151954318908],[21.876027058341847,65.53110458211896],[21.87774551533224,65.53102635749138],[21.87936960814508,65.53059181157097],[21.880899275966616,65.52980094795294],[21.880804908573356,65.52944464708875],[21.884147147285873,65.52893177390821],[21.884482305790765,65.52855589877713],[21.886965243924074,65.52808211702376],[21.888017764138937,65.52713262016553],[21.89212410467339,65.52622410401858],[21.896943361629855,65.52636473569886],[21.898614133292266,65.52610813337338],[21.89956776527503,65.5264251841659],[21.901715343106634,65.52632707083542],[21.9030985377194,65.52662447261324],[21.90820533220608,65.52621068921708],[21.908871675594888,65.52708174461901],[21.910302368699686,65.52755721928506],[21.912974309557384,65.52779557317517],[21.91263957492452,65.52817150741556],[21.913498641908888,65.52813219120286],[21.913211312952576,65.52868626486024],[21.914117804432586,65.52882508320134],[21.91574113359969,65.5283901541666],[21.916457930795435,65.52781640919873],[21.9181760246482,65.52773772892122],[21.920897947416176,65.52653117955785],[21.922186443326314,65.52647213406885],[21.924096564746826,65.52548302970023],[21.925002998265686,65.52562178338891],[21.927437394141883,65.52496921374255],[21.928535800712204,65.52419758322415],[21.929824160603836,65.5241384739747],[21.934215346279107,65.52267473382125],[21.934739842407375,65.52301127673067],[21.93559869938807,65.52297183703216],[21.935074193147777,65.52263529719468],[21.936362458081994,65.52257613316449],[21.93712619368934,65.52218042565579],[21.939368384534884,65.52243804133997],[21.945332524901826,65.5219835532381],[21.94647788622372,65.52138992488771],[21.947336668458693,65.5213504192636],[21.94724143158533,65.52099416810545],[21.94915019401063,65.52000476023083],[21.95120173361242,65.51954970212134],[21.95186986317052,65.51879767491633],[21.953539578968652,65.51854047613735],[21.95611559727775,65.51842182748325],[21.95931169612333,65.51899583338601],[21.959884135307103,65.51951040786386],[21.960742831229602,65.5194708269575],[21.961076760889817,65.51909479393349],[21.962030869726505,65.51941144651013],[21.961935440965274,65.51905520640707],[21.963223455690898,65.51899581602984],[21.96312801249742,65.51863957681282],[21.964034400858015,65.51877809711456],[21.964749868939982,65.51820413597505],[21.966085573956224,65.51832284063067],[21.966419412050858,65.51794679667204],[21.968947542343663,65.51764981249235],[21.969281330693587,65.517273762684],[21.97114185550471,65.51772884098355],[21.971476287748512,65.51897565668682],[21.973051008509767,65.51998488073686],[21.974816183854774,65.52008367993723],[21.975866115212156,65.52075647349447],[21.97801287883594,65.52065728508724],[21.977916145916005,65.51867819103693],[21.9794420864501,65.51788636721882],[21.979346426957253,65.51753014028182],[21.983400093632497,65.51644108013551],[21.985975740743513,65.51632192654127],[21.98869329212939,65.51511419937384],[21.990410286422016,65.5150347094147],[21.992746184047594,65.51402489607622],[21.99803840457336,65.51269769752108],[22.0001844041639,65.51259820173676],[21.999565787606976,65.51352853335649],[22.000424214097233,65.51348872977573],[22.000616075037687,65.5142011518015],[22.002332965468216,65.51412152749177],[22.00285814989427,65.51445782762988],[22.005910718707995,65.51449653113534],[22.007912779559902,65.51386261465395],[22.010058829388136,65.51376297829307],[22.010343941543876,65.51320874218429],[22.010869208774444,65.51354501372283],[22.014683953272304,65.51318747155136],[22.013543807501254,65.51540444257952],[22.019123761283563,65.51514511485149],[22.020648225396208,65.51435288951185],[22.021506640122286,65.5143129663937],[22.021317974510467,65.51522341645051],[22.02055573961468,65.51561953443921],[22.0207481684962,65.51633192547563],[22.022084004452232,65.51645013441785],[22.02179911159826,65.51700439053756],[22.023086860118447,65.51694449303504],[22.02366049801335,65.51745881459611],[22.02585491647694,65.51753704842689],[22.02680973154839,65.51785328561391],[22.0297181875417,65.51735721920784],[22.029621844773263,65.51700103065652],[22.03043215389012,65.5167829619598],[22.030957751120166,65.51711916056165],[22.03396244149545,65.51697920128069],[22.034058843356686,65.51733538650393],[22.033200352490823,65.51737538158228],[22.03334494343102,65.517909660232],[22.03420345158993,65.51786966416856],[22.034107045375563,65.51751347908149],[22.035013747612275,65.51765157105667],[22.034444479823453,65.51876012648891],[22.035780496325447,65.51887821275011],[22.037309434950824,65.51970865242643],[22.038452563793193,65.51911434954512],[22.039836860073265,65.51941049041248],[22.04365202059756,65.5190522137253],[22.04441399537254,65.51865598187082],[22.043979547947252,65.51705318370644],[22.045951614231644,65.51532420286067],[22.044922329999995,65.51537230999999],[22.04313014991853,65.50875787699808],[22.041427325145587,65.50923727397986],[22.041567022410973,65.50814871591008],[22.042850604266878,65.50772615256204],[22.0421789768318,65.5055954005378],[22.044126065820937,65.50316010359842],[22.04498406954939,65.50312005115877],[22.044887582129565,65.50276387365173],[22.0474132814656,65.50246560145739],[22.047322107286018,65.50373225033348],[22.046179839505193,65.50432661213502],[22.04675363670215,65.5048408446614],[22.044420681517686,65.50585146380092],[22.044517176342804,65.5062076415207],[22.04297724044926,65.50644600808826],[22.062152340041322,65.50554985952934],[22.06196261294947,65.50485128749257],[22.063626856995754,65.50423236030004],[22.06154364,65.4965612],[22.062611447452852,65.49651106748044],[22.060403061221876,65.49590701361062],[22.059303693708028,65.49505673422297],[22.058445981101787,65.4950968651364],[22.05753400637926,65.49333608855665],[22.05819841332603,65.49258362794393],[22.057956867676584,65.49169320816745],[22.059098324854986,65.4910987650778],[22.05933385462332,65.49036636513664],[22.06095231434474,65.48992992564318],[22.061858182737822,65.49006786473637],[22.064044041317032,65.48852275110528],[22.06427941257291,65.48779034495679],[22.065040181411195,65.48739402061717],[22.066326351994608,65.48733377011662],[22.066990359963274,65.48658127463669],[22.06789614100539,65.48671917838416],[22.068179754549043,65.4861648476093],[22.0690855269009,65.48630274431201],[22.071083879721726,65.48566802723336],[22.072369948614554,65.48560772627357],[22.073510812802528,65.48501318000359],[22.075654192394346,65.48491263855846],[22.0797494952639,65.48366030722869],[22.078141639999995,65.47774848]],[[22.05820497741838,65.48140198214229],[22.05991950267097,65.48132172680879],[22.060160999430153,65.48221214403426],[22.058971650035026,65.48262850753383],[22.058736167837257,65.48336090652558],[22.056924940936245,65.48308498057307],[22.056780100944213,65.4825507266312],[22.05820497741838,65.48140198214229]],[[22.05992586221458,65.49574899976788],[22.059068128052708,65.49578913441779],[22.05901980439154,65.49561105091873],[22.05992586221458,65.49574899976788]],[[22.04555915836864,65.48920694319244],[22.04470161215523,65.4892469945276],[22.044605190405914,65.48889081614743],[22.045462725119556,65.48885076546931],[22.04555915836864,65.48920694319244]],[[22.04301431989269,65.51349140341051],[22.042585146265516,65.51351142628724],[22.042536895369704,65.51333333686925],[22.04301431989269,65.51349140341051]],[[22.03312966778014,65.50908312435537],[22.0316058894508,65.50987546900409],[22.03031851292511,65.50993543549282],[22.030458676859222,65.50884688326065],[22.031316892588833,65.50880690635955],[22.031649667117097,65.50843072869148],[22.033366063940033,65.50835075683126],[22.03312966778014,65.50908312435537]],[[21.986393965418458,65.50494203220579],[21.986677925983965,65.50276497485942],[21.985342938239206,65.50264644520746],[21.984770390439348,65.5021319679873],[21.983912308179995,65.5021716794734],[21.98457906836655,65.50141952064928],[21.982719497596975,65.50096459847781],[21.982147039771974,65.50045011045863],[21.982384807399,65.49971780973983],[21.983242811913698,65.49967810765789],[21.984338519992814,65.49890609751415],[21.9878182451583,65.49892532764838],[21.988151534195357,65.49854924083868],[21.98829507865942,65.49908357249592],[21.987199482132766,65.49985561025261],[21.987438708512812,65.5007461645621],[21.989631637426363,65.50082493797788],[21.99015638314346,65.50116128643583],[21.995589867646512,65.50036852462878],[21.995494065531688,65.50001230917037],[21.997210042864634,65.49993275165194],[21.997114220601883,65.49957653740931],[21.997972193429174,65.4995367520407],[21.99987746908903,65.4985467371517],[22.000543677954468,65.49779451314343],[22.00016026238981,65.49636966540739],[22.001018124381748,65.49632986380499],[22.00173218001427,65.49575574104908],[22.003018937369916,65.49569602377831],[22.004923745400074,65.49470594968682],[22.00792602803614,65.49456653040082],[22.00863988366821,65.49399237690801],[22.013546404375923,65.49286270648084],[22.013834462187155,65.49393131222307],[22.013024708880394,65.49414928678588],[22.01283585354951,65.49505972831837],[22.01536120753168,65.49476199482235],[22.015316508256408,65.49620673942516],[22.012269218889738,65.49779105208326],[22.012365239735622,65.49814725483147],[22.011078387537935,65.49820705255718],[22.01012449039638,65.49789070727294],[22.00240331842075,65.49824921544186],[22.00116436893253,65.4984870343155],[22.0013081789517,65.49902135108502],[22.000498161531418,65.4992392610374],[22.000737834138338,65.50012979005687],[22.00502772689617,65.49993071143832],[22.00555264962611,65.50026700477551],[22.00769759412787,65.50016741239205],[22.00822255571509,65.50050369608866],[22.010940515016305,65.50091844165715],[22.012227501071795,65.50085864383284],[22.012131470072337,65.50050244110749],[22.012656494979055,65.50083870880401],[22.01689834679063,65.50046119239599],[22.018995193771598,65.50018334064403],[22.020566882002957,65.49956922267984],[22.022711700077124,65.49946941849694],[22.023854305896464,65.49887523075547],[22.02371003606066,65.4983409398426],[22.024567919353128,65.49830100440295],[22.026043155669218,65.49733063861026],[22.026901001504648,65.49729069028801],[22.02680478642462,65.49693449862833],[22.028139648297017,65.49705266340244],[22.028761047068347,65.49774506447551],[22.024904599387327,65.4995476805889],[22.025000800194174,65.49990387358115],[22.026335807532732,65.50002205289157],[22.026528255261628,65.50073443654712],[22.02538563236452,65.50132864464454],[22.025481847643476,65.50168483718394],[22.02462385498247,65.50172477885042],[22.0243391600054,65.50227903798236],[22.023148325480086,65.50269513352765],[22.02324451634573,65.5030513277166],[22.024102555097535,65.50301139343887],[22.02386593801338,65.50374374863375],[22.02477210639921,65.5038819071026],[22.02691725896827,65.50378204007673],[22.028440836495424,65.50298974452056],[22.029298863632246,65.50294978086578],[22.02982415768724,65.50328598635815],[22.029968585478223,65.50382026989111],[22.028493143517835,65.50479067586184],[22.0287338315125,65.50568115067679],[22.02754291663614,65.5060972815795],[22.026307889522602,65.50795814510055],[22.021206757193845,65.50837585998708],[22.0202042751786,65.50788148529277],[22.01886888814429,65.50776325546774],[22.017818405301632,65.50709076558529],[22.01562488577236,65.5070124066194],[22.015003598428912,65.50631995059152],[22.011141836935543,65.50649938970999],[22.00918842213503,65.50731144531412],[22.00790110989836,65.50737122036377],[22.00732801269761,65.50685683384653],[22.00475341623737,65.50697634104849],[22.00422836378298,65.50664004620165],[21.999556201422664,65.50703711866777],[21.998173007685722,65.50674059875061],[21.99802921045936,65.5062062789383],[21.996550236885387,65.50555353007972],[21.993975709348106,65.50567285313637],[21.99364241962431,65.50604895275046],[21.99159270258241,65.50650456913117],[21.98859064693626,65.50826653845199],[21.987303230829564,65.50832613914288],[21.987159645323626,65.50779180700735],[21.989495037999493,65.50678204854708],[21.990828417261163,65.5052776801622],[21.992401085541427,65.5046638457958],[21.986393965418458,65.50494203220579]],[[22.01822631298272,65.49733375748288],[22.02103653973131,65.49648167983247],[22.022752191276332,65.49640183552216],[22.022944509171097,65.49711422501169],[22.022086661825515,65.49715415089727],[22.021373023071263,65.49772836578758],[22.02166146556118,65.49879695286694],[22.018754898646876,65.49929284652784],[22.018422045851924,65.4996689966071],[22.01646595159065,65.49885829541677],[22.01822631298272,65.49733375748288]],[[21.987261905788255,65.51463947259171],[21.986832661898937,65.51465933793008],[21.98678478853842,65.51448122721109],[21.987261905788255,65.51463947259171]],[[21.985734841186876,65.51380850952285],[21.986593302301806,65.51376878411067],[21.986736915898458,65.51430311646968],[21.985401333931097,65.51418459298559],[21.985734841186876,65.51380850952285]],[[21.97109408234672,65.51755072436502],[21.971523388190015,65.51753090310493],[21.971571164231754,65.51770901956071],[21.97109408234672,65.51755072436502]],[[21.960265780425324,65.51931249732601],[21.9602180779414,65.5191343766132],[21.960647419774713,65.5191145858792],[21.960265780425324,65.51931249732601]],[[21.914787237030577,65.52807320779026],[21.914357706037386,65.52809287014026],[21.91431029740915,65.52791473226569],[21.914787237030577,65.52807320779026]],[[21.906351976803087,65.52250901847424],[21.905445745819254,65.52237015116812],[21.90535107594998,65.52201386840922],[21.906734078560273,65.52231123877326],[21.906446662495696,65.52286530045576],[21.906351976803087,65.52250901847424]]],[[[21.968934057782977,65.47509456592984],[21.968412088304987,65.47511868954003],[21.968555074471865,65.47565304539805],[21.96769783080184,65.47569265693697],[21.96655490943336,65.47628642326936],[21.96669786538813,65.47682078116166],[21.96584058006977,65.47686038255691],[21.967269477996133,65.47733533585432],[21.96522150865548,65.47779057840333],[21.96584076527897,65.47848325829659],[21.965078715629893,65.47887909506403],[21.965221658554174,65.4794134544547],[21.966079028649748,65.47937385576884],[21.966174339012486,65.47973009460148],[21.965316957418402,65.4797696939369],[21.965126510869126,65.48068009091732],[21.96388803042321,65.48091759990211],[21.962173149477646,65.48261964626664],[21.960934549746263,65.48285713216738],[21.961077434286363,65.483391495997],[21.959838787840486,65.48362897335613],[21.95964812900851,65.4845393653835],[21.95831418815903,65.48442058717175],[21.95883819451883,65.4847570513616],[21.958075858709883,65.48515285547921],[21.955598320038234,65.48562775314937],[21.955741113853264,65.48616212285755],[21.954883502373786,65.48620166516312],[21.95459746992807,65.48675580546855],[21.952929782380494,65.48701299692739],[21.952262447531524,65.48776502170577],[21.951404777144337,65.48780454482714],[21.949927244647665,65.48877420355524],[21.949069536905185,65.4888137137774],[21.94964108120273,65.48932833569387],[21.948735796448958,65.48918971869223],[21.94802073273693,65.48976360053597],[21.946781662236088,65.49000097485306],[21.946876756530376,65.4903572278255],[21.944779871936706,65.49063407964495],[21.941728854451426,65.49221700496946],[21.941156098452282,65.4933252416333],[21.939869287857857,65.49338443282379],[21.93915391683114,65.49395827557495],[21.938296019398358,65.49399772644641],[21.93839101563941,65.49435398565579],[21.934481211250105,65.49597621951905],[21.9346236417382,65.49651061248899],[21.932334441456014,65.49769766720705],[21.931476408895602,65.49773708064745],[21.931237222326764,65.49846931449228],[21.93009248609178,65.49906282180945],[21.926420809605954,65.49995262504213],[21.924512595591867,65.50094174129055],[21.924654854963688,65.50147614521066],[21.92346242390658,65.50189147026053],[21.92374295632769,65.50294537835013],[21.95430148999999,65.50154168999998],[21.95192123,65.4926355],[21.973366070000004,65.49164586],[21.968934057782977,65.47509456592984]],[[21.952691281651926,65.48774525833012],[21.952738863732918,65.48792338264093],[21.952310026735546,65.48794314617871],[21.952691281651926,65.48774525833012]]],[[[21.919455043823685,65.4490475089251],[21.91973398959528,65.45031382712237],[21.91887748615246,65.45035315467801],[21.916304977737106,65.45209401430648],[21.916446749176114,65.45262843098925],[21.917778888640644,65.45274759578102],[21.917445126456247,65.45312353199849],[21.918730020311703,65.45306454972388],[21.91925287337719,65.45340116216158],[21.92225096938651,65.45326348385152],[21.924584165752197,65.45225474803337],[21.92411107402484,65.45047338894287],[21.925776750189144,65.45021653433672],[21.926015722444262,65.44948431055529],[21.928838405535767,65.44861600393989],[21.919455043823685,65.4490475089251]]],[[[21.887497549568984,65.50460473430373],[21.888321624285716,65.50367959209679],[21.892952121639752,65.50148488220348],[21.89462135391006,65.50122833822198],[21.895719782541395,65.50045694547363],[21.900345269862736,65.4998849322037],[21.903734224881664,65.49792689857314],[21.905784874124095,65.49747246458011],[21.906072053781024,65.49691840611878],[21.90693010565323,65.49687913667275],[21.906740951253816,65.49616657089206],[21.909078507278192,65.49515803447756],[21.910081644757728,65.49403026249767],[21.914374329894475,65.49221085326592],[21.91466127438014,65.49165678065128],[21.913708758276154,65.49133981432625],[21.910466519879176,65.49220957056377],[21.91065893986786,65.4912992243725],[21.91175648577886,65.49052772329463],[21.912995915224933,65.49029063275204],[21.91318823627016,65.48938028424071],[21.90937542937135,65.48973524825617],[21.90613323796499,65.49060491113336],[21.904846465710435,65.49066380383344],[21.904512060373545,65.49103971725661],[21.903225262315456,65.4910985963978],[21.903367021990316,65.4916330250982],[21.900600587419973,65.49266109047144],[21.900695064220166,65.49301737819579],[21.898786350187716,65.49400617451923],[21.89749939058099,65.49406500642988],[21.896019483901906,65.49503416006081],[21.89392164842572,65.49531031518487],[21.894016045778375,65.4956666078089],[21.891630664893448,65.4964967701282],[21.891725036200377,65.49685306441866],[21.890197581256835,65.49764401726826],[21.889339473959716,65.49768319226887],[21.88943381921484,65.49803948822533],[21.886618999342257,65.49888916098364],[21.88509127082299,65.49968006477405],[21.88518556688185,65.50003636382762],[21.88403969694747,65.50062953293083],[21.883181480505012,65.50066867400012],[21.88251178967824,65.50142041230421],[21.881653544506555,65.50145954496936],[21.88174780146009,65.50181584652],[21.880078397562226,65.50207224998576],[21.87893232238758,65.50266538227854],[21.879215006228176,65.50373429262369],[21.87592787642325,65.50513198890661],[21.887497549568984,65.50460473430373]]],[[[21.864929852596585,65.52366206472402],[21.86364503960694,65.52373463456863],[21.86498061567831,65.52385423294666],[21.864929852596585,65.52366206472402]]],[[[22.06371306227484,65.50454979939347],[22.063581912873342,65.50441481186857],[22.06363028728159,65.50459289340269],[22.06371306227484,65.50454979939347]]],[[[21.912525266709263,65.50777581780719],[21.912438665537763,65.50780596380771],[21.912573393622765,65.50795686898566],[21.912525266709263,65.50777581780719]]],[[[22.064533386411014,65.51591242277726],[22.06410419295711,65.51593250690361],[22.064152596685727,65.51611058796426],[22.064533386411014,65.51591242277726]]],[[[22.013114575222783,65.51542438238832],[22.01316263019017,65.51560248303349],[22.01359186535082,65.51558254306097],[22.013114575222783,65.51542438238832]]],[[[22.012733394306235,65.51562242179477],[22.012781447114694,65.51580052258106],[22.01321068588086,65.51578058365605],[22.012733394306235,65.51562242179477]]],[[[22.01073132139897,65.51625640217972],[22.010398148619814,65.5166325375433],[22.006916070166984,65.5166138494507],[22.004007238240668,65.51710948098693],[22.00291138501816,65.51788163481166],[22.003436655272164,65.51821793210867],[22.005153799344903,65.5181382733798],[22.006297608059857,65.51754420707823],[22.00801469730232,65.51746451639431],[22.008777178772256,65.51706845927761],[22.011685910355048,65.51657273697238],[22.012400258274706,65.51599856122226],[22.01073132139897,65.51625640217972]]],[[[22.012829500646426,65.51597862334476],[22.012352207625252,65.51582046029486],[22.012400258274706,65.51599856122226],[22.012829500646426,65.51597862334476]]],[[[21.992830160147538,65.50464396625767],[21.992782268071615,65.50446585758819],[21.992353196345537,65.50448573696312],[21.992830160147538,65.50464396625767]]],[[[21.994117379642216,65.50458432037931],[21.995308774659808,65.50416844820171],[21.994688094324847,65.5034759029483],[21.99540247804011,65.50290180703826],[21.993734194093374,65.50315945430997],[21.993544615852098,65.5040698784525],[21.992782268071615,65.50446585758819],[21.994117379642216,65.50458432037931]]],[[[21.964462602349997,65.51064392361465],[21.9640334032021,65.5106637238324],[21.96408111301986,65.51084184329679],[21.964462602349997,65.51064392361465]]],[[[21.958930048132682,65.51919374154508],[21.95807135800332,65.51923331210783],[21.958166734844678,65.51958955513604],[21.959025436512015,65.51954998392338],[21.958930048132682,65.51919374154508]]],[[[21.917284996007503,65.4900940514162],[21.91771390017001,65.4900743866258],[21.917666551915165,65.48989624911812],[21.917284996007503,65.4900940514162]]],[[[21.91723765063102,65.48991591374718],[21.917142962014232,65.4895596383429],[21.916332507018826,65.48977710136059],[21.916427185546297,65.49013337736606],[21.91723765063102,65.48991591374718]]]]}},{"type":"Feature","properties":{"cyano_daymap_file_id":2612,"date":"2002-07-17Z","cloud":null,"sub_surfac":null,"surface":null,"no_data":null,"class":1,"color_hex":null,"algae_class":"class_1","source_date":"2002-07-17"},"geometry":{"type":"MultiPolygon","coordinates":[[[[22.60779862999999,65.80389739999998],[22.605159179999994,65.79500451999999],[22.60679821646888,65.79492234999344],[22.606538438323472,65.79404692127164],[22.610057526735226,65.79405142890133],[22.609698322756763,65.79477695862653],[22.628880691081058,65.79381528671702],[22.6312975495707,65.7903427182051],[22.639986277471895,65.78703463672049],[22.64538691747289,65.78236438831038],[22.6575697113765,65.7756053006684],[22.6466010174261,65.7675209826933],[22.640157660618623,65.76488579660953],[22.64053552,65.76615608999998],[22.61889518,65.76724233],[22.616256419999996,65.75834964],[22.59462139,65.75943237],[22.59988628,65.77721858],[22.57823462,65.77829914999998],[22.583098502076204,65.79474575641751],[22.58588530668989,65.79706350114135],[22.587132735962367,65.79682081298786],[22.588157413757788,65.79731118766782],[22.590810250707598,65.79735935665079],[22.59134897014578,65.79769346399983],[22.594487914978647,65.79789781015445],[22.59637951940764,65.79834486481076],[22.599465839587698,65.79837124588977],[22.60017434816735,65.79779437438815],[22.599963388761903,65.79708293360271],[22.603810714292013,65.79671021533923],[22.603260601582473,65.79782067933861],[22.60244664533909,65.79804184614589],[22.60260492216233,65.79857542361991],[22.60016292288486,65.79923890181016],[22.600373909007992,65.79995034206318],[22.59950711799647,65.79999363402443],[22.598470602728387,65.80094786699638],[22.597117630689652,65.80083492610831],[22.594675273349416,65.80149831999563],[22.59288886054423,65.8014069724499],[22.592127395438727,65.80180594932594],[22.59195743511728,65.80271689035972],[22.5898308679587,65.80444739082762],[22.591042917407556,65.80473381416736],[22.60779862999999,65.80389739999998]],[[22.64615091669815,65.77058072765787],[22.64620390845794,65.7707585693214],[22.645771049865626,65.77078034076841],[22.64615091669815,65.77058072765787]],[[22.644958314047386,65.77100172217466],[22.645011298630223,65.77117956432537],[22.644578431768696,65.7712013324674],[22.644958314047386,65.77100172217466]],[[22.64062040802032,65.77266385486645],[22.643438749790015,65.7718001580169],[22.64477238043488,65.77480171338179],[22.64062040802032,65.77266385486645]],[[22.64409258537728,65.77104525687746],[22.64419854363298,65.77140094187205],[22.643332800032752,65.77144447240786],[22.64409258537728,65.77104525687746]],[[22.613515451301623,65.77312113853354],[22.613948381804093,65.77309945799816],[22.614001157894506,65.77327731299592],[22.613515451301623,65.77312113853354]],[[22.614001157894506,65.77327731299592],[22.61448687034718,65.77343348585198],[22.614053934785975,65.77345516796765],[22.614001157894506,65.77327731299592]],[[22.619249108637966,65.77319490193415],[22.62038942395917,65.77259625100609],[22.623366971442085,65.77226647489996],[22.622828394817002,65.77193247930869],[22.623641356857224,65.77171121368451],[22.62629158158069,65.77175879150909],[22.62688306103125,65.77227062412608],[22.62823463875212,65.77238331486781],[22.628499010608692,65.77327256000505],[22.627791787587515,65.77384955013574],[22.629735040907256,65.77447405241317],[22.63060091368873,65.77443059783995],[22.630706702723852,65.77478629390929],[22.63222684035654,65.77398797929378],[22.63401145594782,65.77407888403562],[22.633251424458113,65.77447805176581],[22.633083046225874,65.7753890225305],[22.633674746924974,65.77590082658485],[22.634540659595174,65.77585734922839],[22.635830036690635,65.77723663437803],[22.63669598981507,65.77719314437097],[22.637350152595445,65.77643826886415],[22.639461995279834,65.77615166951772],[22.64211269070334,65.77619896748217],[22.642651606165646,65.77653289152296],[22.64291652593064,65.77742210617208],[22.64215653955028,65.77782131786856],[22.638692667718605,65.77799537307074],[22.637932598145746,65.7783945645378],[22.637817324064162,65.7794833839639],[22.635695708753623,65.78121447377237],[22.636234651190886,65.78154842024493],[22.63357381303815,65.78294553686939],[22.63464220358173,65.78505795336041],[22.633121508426086,65.78585629769601],[22.633766408037438,65.78654594557514],[22.629382095043812,65.7865854311967],[22.62841987048512,65.7848286717454],[22.629127366536064,65.78425167593048],[22.628704130067188,65.78282888754295],[22.623242810261036,65.78220023973998],[22.61988387629444,65.78272957717223],[22.61836284779817,65.78352777758371],[22.618679852906325,65.78459489471813],[22.616292411510788,65.78543646670897],[22.61358798084585,65.78521087408409],[22.613313250546735,65.78576612067697],[22.61033401003287,65.78609571721951],[22.610228446145577,65.78574000475477],[22.60892900455356,65.78580501744459],[22.608337551130614,65.78529311485353],[22.60703812632062,65.78535811125934],[22.607143644335807,65.7857138263883],[22.604491996078742,65.78566592971127],[22.60509456920348,65.78473332258106],[22.606668838502728,65.7841131074877],[22.607651647758654,65.78298097096128],[22.607440627804774,65.78226954118593],[22.60830680729453,65.78222621022549],[22.61048313742226,65.7806733386681],[22.613514542555198,65.78052160049161],[22.61330338513976,65.77981018021458],[22.61406388460139,65.77941110730448],[22.613799934564113,65.77852183290297],[22.614507597413734,65.7779449033125],[22.613272094590865,65.77674328214462],[22.6113818193327,65.77629642384929],[22.610304811475142,65.77562834459158],[22.60852015557617,65.7755371626433],[22.606893709975925,65.7759795334102],[22.602300300326004,65.77530679025617],[22.602311674195136,65.7738622633846],[22.603832656377392,65.77306422365814],[22.604698534224752,65.77302091620484],[22.60275598157449,65.77239608775527],[22.602387123295017,65.77115106943467],[22.603200243184435,65.7709299112991],[22.603094852183297,65.7705741922085],[22.605586807069198,65.77008855316964],[22.60839504037336,65.77067001903598],[22.60914435564664,65.77171549609277],[22.608436734144057,65.7722924003465],[22.60757088827995,65.7723357287206],[22.6082674856071,65.77320335229619],[22.60913335916944,65.77316001968785],[22.61059042146173,65.77362858090336],[22.612322184530974,65.77354188421101],[22.61291343240685,65.77405377335428],[22.61421227026682,65.77398873272638],[22.61448687034718,65.77343348585198],[22.619249108637966,65.77319490193415]],[[22.642043333198952,65.77006525169477],[22.641884451453897,65.76953172137613],[22.64275013384531,65.76948819968261],[22.64285606591778,65.76984388586874],[22.642043333198952,65.77006525169477]],[[22.642149258380815,65.77042093844274],[22.641928249633047,65.77115407225665],[22.641495380072723,65.77117583166768],[22.64133650143154,65.77064230074231],[22.642149258380815,65.77042093844274]],[[22.634632677852665,65.78650246412623],[22.634685629534893,65.78668031021405],[22.633819353854356,65.78672379202243],[22.634632677852665,65.78650246412623]],[[22.634588508634472,65.76863479390252],[22.63377573976825,65.76885611598948],[22.633669937675148,65.768500422196],[22.634588508634472,65.76863479390252]],[[22.631274701525776,65.77078672194695],[22.63138048188493,65.77114241762641],[22.630947601833856,65.77116414717901],[22.631274701525776,65.77078672194695]],[[22.622521657466176,65.76942085365417],[22.622954516811053,65.76939914824474],[22.623007345850063,65.76957699958912],[22.622521657466176,65.76942085365417]],[[22.624738786926727,65.76949016501761],[22.62571019828146,65.76980244085985],[22.626523068443145,65.76958116078322],[22.627220219453385,65.77044869214659],[22.629110322533084,65.77089535569795],[22.627431668313168,65.77116009017703],[22.627325942278787,65.7708043912141],[22.626460184503777,65.7708478260304],[22.625435875631737,65.77035770516618],[22.624137254501157,65.77042283928307],[22.625330181049613,65.77000200450635],[22.624464446146415,65.77004542775502],[22.623007345850063,65.76957699958912],[22.624738786926727,65.76949016501761]],[[22.62539312102235,65.76873533917298],[22.625445965227325,65.76891318951945],[22.625013116550356,65.7689349018998],[22.62539312102235,65.76873533917298]],[[22.62211409526889,65.78875483471938],[22.622811656775866,65.78962238226742],[22.621237457278674,65.79024276336958],[22.619071394818903,65.79035127134269],[22.61837393726256,65.78948370564484],[22.619948162202462,65.78886335385688],[22.62211409526889,65.78875483471938]],[[22.605438505324233,65.79626786403149],[22.60500517723309,65.79628952434892],[22.604952406556592,65.79611166615827],[22.605438505324233,65.79626786403149]],[[22.60413851864582,65.79633284131391],[22.604571848340278,65.79631118344305],[22.604624616882518,65.79648904178673],[22.60413851864582,65.79633284131391]],[[22.6037579508201,65.79653235666335],[22.604191284252114,65.79651069983669],[22.604244050660036,65.79668855833347],[22.6037579508201,65.79653235666335]],[[22.586460574789783,65.79306402434669],[22.588416436520824,65.79224451539378],[22.58987423483827,65.79271326740287],[22.59066419359733,65.79538123239611],[22.588708172457906,65.79620077177167],[22.5856221112807,65.79617417043926],[22.587197546417773,65.79555414484366],[22.586460574789783,65.79306402434669]],[[22.586958691039555,65.79177574892583],[22.58685342162408,65.79142001736311],[22.587772590157112,65.79155466535568],[22.58787787291261,65.7919103961518],[22.586958691039555,65.79177574892583]],[[22.58253317010085,65.7901914951685],[22.584318771703366,65.79028297203031],[22.58652541979251,65.79179735617069],[22.585225601254677,65.79186217056629],[22.585120355321276,65.79150643757427],[22.58257333684372,65.79181389877725],[22.58253317010085,65.7901914951685]]],[[[22.625868747737947,65.77033599135052],[22.625815897117086,65.77015814121314],[22.625435875631737,65.77035770516618],[22.625868747737947,65.77033599135052]]]]}},{"type":"Feature","properties":{"cyano_daymap_file_id":2612,"date":"2002-07-17Z","cloud":null,"sub_surfac":null,"surface":null,"no_data":null,"class":1,"color_hex":null,"algae_class":"class_1","source_date":"2002-07-17"},"geometry":{"type":"MultiPolygon","coordinates":[[[[22.24822843360022,65.69867193677787],[22.247732254411627,65.69880559338065],[22.247980843230014,65.69779165029833],[22.245853861646992,65.69835409482742],[22.2448580749878,65.69948400749074],[22.246154257814126,65.69942212957378],[22.24648617630729,65.69904549001544],[22.24701837590617,65.69938087152865],[22.248311758891234,65.69896819275512],[22.24822843360022,65.69867193677787]],[[22.247782332503856,65.69898359847878],[22.24686815688167,65.69884685528469],[22.247732254411627,65.69880559338065],[22.247782332503856,65.69898359847878]]],[[[22.266341680000004,65.68527383],[22.270563333089132,65.70023919167798],[22.27286023717794,65.69940753041163],[22.273141509940206,65.69885284134259],[22.275201089752706,65.69839331703236],[22.276979420179995,65.69848846129415],[22.277180538144744,65.69920043524677],[22.273744594089987,65.70098878020924],[22.272830218349323,65.70085219500365],[22.27274516426016,65.70300719079614],[22.284248465637045,65.70245528565552],[22.284566817057858,65.70209339560279],[22.285430950398556,65.70205191917546],[22.28675638377283,65.7005450356041],[22.287620461228034,65.70050354727576],[22.288333454112127,65.69992808719415],[22.289629533712468,65.699865839774],[22.28991044902106,65.69931112315739],[22.292026918734177,65.69871520466876],[22.29030162967021,65.69261724074042],[22.287694962062236,65.6914796109321],[22.28739296456457,65.69041167381873],[22.289252750083477,65.68891001856025],[22.28793095,65.68423817],[22.29733572707579,65.68378564447251],[22.297238929702743,65.68344369066136],[22.29891550759545,65.68318261626322],[22.29881472342481,65.68282664585598],[22.30130428862615,65.68234601008062],[22.301203475568606,65.68199004153561],[22.303541652676614,65.68097541780027],[22.304405045372086,65.68093384073458],[22.305016289031855,65.68000234497124],[22.307836242039826,65.67914484910006],[22.30822824966153,65.6786479436453],[22.306995990000004,65.67430039],[22.28541591,65.67533866],[22.28235488346663,65.66449477620489],[22.281548055108836,65.66507474624109],[22.279491212208043,65.66553433018025],[22.277685330770016,65.66688385728564],[22.27788617296999,65.66759583308888],[22.275778865635907,65.66787737529363],[22.27521702071122,65.66898675609946],[22.273541100949767,65.66924756277507],[22.27163430461425,65.67024103196574],[22.26434798530065,65.67077067463704],[22.260695034270693,65.67022403101797],[22.25933100800209,65.66848534601968],[22.259893527862435,65.66737601747077],[22.26113796633068,65.66713602673794],[22.262131870483785,65.66600602541568],[22.262944738937005,65.66578668774969],[22.261480631147116,65.66369202098272],[22.26267478089177,65.66327401906494],[22.26433089682302,65.66139066689016],[22.266718854760505,65.66055461215058],[22.266568501035394,65.66002061655384],[22.26766215380331,65.65924658079906],[22.26746166997905,65.65853458799398],[22.268705614222938,65.65829454004124],[22.258824110000003,65.65857384999998],[22.254923995834258,65.64469546263766],[22.25295733912918,65.64425631851071],[22.253057314248622,65.64461232711673],[22.251432699079555,65.64505088153413],[22.251582637066086,65.64558489615982],[22.2502891579784,65.64564679434174],[22.250439076592656,65.64618081028168],[22.24762069184323,65.64703722602181],[22.24632712902263,65.64709909126032],[22.24432097948449,65.64773619873147],[22.24335871730764,65.64742140894163],[22.240340320284684,65.64756566011282],[22.23919641138941,65.64816149290888],[22.23752144278583,65.64842189314018],[22.23792059198803,65.64984597499134],[22.23644505090881,65.6508184052909],[22.236263229450834,65.65172905125344],[22.234687759785718,65.65234544438243],[22.234705399328853,65.65396813432274],[22.23389264860533,65.65418731977098],[22.23512217533932,65.65701491350151],[22.234309334052018,65.65723410204697],[22.235172069798082,65.657192924561],[22.236284315252725,65.65804179544632],[22.237678280196125,65.65833603034291],[22.23774605149333,65.66013672779306],[22.238808583771718,65.66080756822356],[22.23799565750725,65.66102677730798],[22.2379136887245,65.66229344477142],[22.236669254539276,65.6625332452442],[22.236868930510294,65.66324528637816],[22.235342701415004,65.6640397030276],[22.235492440430004,65.66457373537783],[22.234629459846477,65.66461491703612],[22.234729277979604,65.66497093916249],[22.233152982350248,65.66558732426549],[22.23365202443648,65.66736743953778],[22.232307508866427,65.66725118397738],[22.231594114492204,65.66782638519189],[22.232941552686274,65.6726327061275],[22.232128208906747,65.67285188780885],[22.23204594781004,65.67411855480793],[22.233340899372326,65.67405679787798],[22.233640441118194,65.67512486568815],[22.234885504100962,65.67488508400083],[22.236048477873926,65.67591195960986],[22.238788418988367,65.67632239269221],[22.240896840784316,65.67604135284536],[22.241078621301675,65.67513070188171],[22.244681880261357,65.67549980718742],[22.247935058987125,65.67462278751546],[22.248566812597698,65.67531417954876],[22.250393511949195,65.6755876559449],[22.250643731307655,65.67647767866445],[22.255392089806243,65.67625059965219],[22.256355586713784,65.67656530120935],[22.258082257056074,65.67648267934881],[22.260841969595848,65.67851538114968],[22.26208692908472,65.67827537763974],[22.262187187627617,65.6786313774201],[22.263432139529073,65.67839136296497],[22.2643958126548,65.67870601184723],[22.264727214251483,65.67832933741887],[22.266885656941618,65.6782259371331],[22.267648695870882,65.67782857309228],[22.269857263446024,65.67790312871256],[22.269827033588047,65.67934779491907],[22.26901380578378,65.67956717285516],[22.26878280921691,65.6802998506387],[22.267919368993155,65.68034122581606],[22.268019717256585,65.68069722087856],[22.26591123493495,65.68097863754538],[22.266061721559463,65.68151263244513],[22.264816646621558,65.68175266961941],[22.264254061189888,65.68286201692817],[22.262727565318006,65.68365671109446],[22.26095030151035,65.68356138992682],[22.25726467308392,65.68445935186325],[22.255463736680152,65.68579407359259],[22.266341680000004,65.68527383]],[[22.294972514039273,65.67543430331936],[22.294792633707292,65.6763450000789],[22.29258414831074,65.67627080600862],[22.29185055054224,65.67522363231313],[22.29324605544882,65.67551734222924],[22.294972514039273,65.67543430331936]],[[22.289713666023903,65.67695003198847],[22.290425992029707,65.6763745684686],[22.291771215840345,65.67649030283864],[22.290778241116932,65.67762048888747],[22.28775664751862,65.67776571353593],[22.28717408973716,65.67725248518578],[22.28851934652678,65.67736824801982],[22.288850377647048,65.67699152459521],[22.289713666023903,65.67695003198847]],[[22.286943626319477,65.67798518539931],[22.287044224823283,65.67834116547492],[22.286612555281636,65.67836190505471],[22.28608029813532,65.6780266626562],[22.286943626319477,65.67798518539931]],[[22.279098255787627,65.69513956085606],[22.279530212124392,65.69511883985258],[22.279580500124528,65.69529683244383],[22.279098255787627,65.69513956085606]],[[22.279580500124528,65.69529683244383],[22.280062750300498,65.6954541024459],[22.27963078888628,65.69547482501095],[22.279580500124528,65.69529683244383]],[[22.270881348267704,65.67532840447602],[22.270981713830313,65.67568439742612],[22.270550073061546,65.67570509110861],[22.270881348267704,65.67532840447602]],[[22.2690042962844,65.67487717887641],[22.266364359289547,65.67482329003963],[22.266264061133256,65.67446729338918],[22.26880363001882,65.67416518966877],[22.2690042962844,65.67487717887641]],[[22.25740013043746,65.67561332778217],[22.257831782309193,65.67559267134061],[22.25788187574226,65.67577067299025],[22.25740013043746,65.67561332778217]],[[22.25788187574226,65.67577067299025],[22.25836362687758,65.675928016615],[22.25793196993347,65.67594867461591],[22.25788187574226,65.67577067299025]],[[22.246045778406618,65.64765373161694],[22.246095726083936,65.64783173858403],[22.245664524577357,65.64785235735829],[22.246045778406618,65.64765373161694]],[[22.23688675290586,65.66486797418283],[22.236936677670894,65.66504598436141],[22.236505181282922,65.66506657996354],[22.23688675290586,65.66486797418283]],[[22.236405338334386,65.6647105592429],[22.236455259431033,65.66488856961517],[22.236023765200944,65.6649091638293],[22.236405338334386,65.6647105592429]],[[22.23592392958909,65.6645531427214],[22.235973847017416,65.66473115328728],[22.23554235494525,65.66475174611347],[22.23592392958909,65.6645531427214]]],[[[22.26754002553392,65.64011473662082],[22.268187893041592,65.63937723003578],[22.267436780154245,65.6367072511482],[22.268579536476988,65.63611121678655],[22.27666785645268,65.63536206540616],[22.27699855931982,65.63498537089681],[22.279914949364336,65.63448441992858],[22.28024559414006,65.63410771890749],[22.281157630212874,65.63424428221897],[22.28102762491092,65.63533295896384],[22.28404432742273,65.63518791549494],[22.286529651965605,65.63470756264883],[22.28797309564411,65.6351793341392],[22.29012784079571,65.63507563959237],[22.290027401911434,65.63471965993263],[22.287240941344027,65.6341321239832],[22.287040154517868,65.63342015988928],[22.290516681265157,65.63180959707837],[22.293762849814087,65.6309316643394],[22.293992777006693,65.63019895882152],[22.294518183839834,65.63017365155395],[22.293675161624073,65.62718686502191],[22.29174601743548,65.6268794162593],[22.288278635087494,65.62542268699201],[22.288107222676736,65.62326606231974],[22.286915301293202,65.62368424258365],[22.28174611063768,65.62393292733788],[22.28012327484726,65.62437177146866],[22.279842870172118,65.62492646527348],[22.277638805830897,65.62485201113584],[22.276596953805733,65.62580409783784],[22.273300729992243,65.62650366644169],[22.272439086169584,65.62654504991387],[22.270896271860195,65.62571712800289],[22.269703954661793,65.62613517689002],[22.26711903006569,65.62625925129291],[22.26635745654204,65.62665659862265],[22.26506496208627,65.6267186131367],[22.263541701462927,65.62751328445412],[22.263691766320488,65.62804728594266],[22.263160871791474,65.62771195003455],[22.26229916845472,65.62775327650718],[22.262830052881775,65.62808861552772],[22.261687505164314,65.62868460461017],[22.260394896408712,65.62874658045534],[22.259683144814137,65.6293218977654],[22.253151199414756,65.62783090158985],[22.252370725024637,65.62660550289294],[22.25546770697107,65.62519436817325],[22.256329338554742,65.62515308118668],[22.25699108748392,65.62439977673395],[22.25785268980795,65.62435848138072],[22.257752742908824,65.62400247561548],[22.25904512331839,65.62394052448745],[22.25975674826039,65.62336521137927],[22.26104909122432,65.62330324354566],[22.26551807051749,65.6205632663714],[22.26377582447287,65.61902326604084],[22.261372353414075,65.61823656708097],[22.259942184087713,65.61469718395388],[22.26070351691298,65.61429987113048],[22.26073438519903,65.61285520003496],[22.265501623322415,65.61118324980605],[22.264390530427207,65.61033458151192],[22.260946011588263,65.61049986374476],[22.260615365588034,65.61087652276979],[22.25650932120782,65.61179502239784],[22.256228529667748,65.61234967632404],[22.254125426307056,65.61263087759762],[22.253413955981483,65.61320616283193],[22.251741377142814,65.6134666968217],[22.250218456054697,65.61426123115834],[22.250318254657902,65.61461724334247],[22.24902631260276,65.6146791158991],[22.250368155089717,65.61479524939867],[22.25094851835271,65.61530864012856],[22.24659937071927,65.61502129549615],[22.246753912448526,65.6155729054894],[22.25013710325139,65.61552789963385],[22.25033671296797,65.61623992391578],[22.248813589979395,65.61703444609228],[22.248913382180145,65.61739045925646],[22.24800210299873,65.61725369487196],[22.24702976858066,65.61655752627705],[22.24805199367371,65.61743170178158],[22.24750702966519,65.61826102723366],[22.24882717,65.62297303999999],[22.24589309671351,65.6231132895923],[22.246252458462376,65.62347088267329],[22.249748725016687,65.62348392247954],[22.249898478442223,65.62401794062538],[22.24860606791918,65.62407981414006],[22.24784426749375,65.62447707074634],[22.246982642082273,65.6245183094928],[22.246882843334042,65.62416229513823],[22.245590416980875,65.62422414312068],[22.245690198311934,65.62458015849363],[22.243304792456623,65.62541585819868],[22.24383538527726,65.62575126648066],[22.243123340202338,65.6263265089595],[22.24380360028103,65.62719594285569],[22.243789924524993,65.63026330380681],[22.244751542780264,65.63057809712096],[22.244901242788206,65.63111212068995],[22.244039391723913,65.63115334490526],[22.24466991658065,65.63184476517539],[22.243808040771132,65.63188598831607],[22.24390783314962,65.63224200473644],[22.24476972057835,65.63220078091682],[22.244438578445024,65.63257740942007],[22.245300475985243,65.63253618248888],[22.24520066316171,65.63218016718257],[22.248267166497076,65.63221384346333],[22.249460113186732,65.63179595695358],[22.254200316879256,65.63156899368359],[22.255112134370012,65.63170571560573],[22.255262055160042,65.63223972680802],[22.25622388336699,65.63255444539182],[22.2574667031751,65.63231450031097],[22.257316736552287,65.63178049173072],[22.257897635490927,65.63229385062562],[22.26038319435594,65.631813923658],[22.260352343944344,65.63325859434623],[22.25949045125681,65.63329990670394],[22.259640473132475,65.633833912596],[22.258066637650046,65.63445053247436],[22.25618063575577,65.6370664647321],[22.257292659351332,65.63791518400446],[22.259016756414603,65.63783257633838],[22.258454768709395,65.63894189669891],[22.25926713875069,65.64051204712216],[22.26754002553392,65.64011473662082]],[[22.25935225570087,65.62969855635353],[22.25892136782022,65.62971920973884],[22.25882138142335,65.6293632050718],[22.25935225570087,65.62969855635353]],[[22.259071353080373,65.63025321655948],[22.25864045573266,65.63027386923889],[22.258490479184264,65.62973986190805],[22.259071353080373,65.63025321655948]],[[22.2587404438748,65.63062987400622],[22.258309539963683,65.63065052580963],[22.258209557629627,65.6302945207022],[22.2587404438748,65.63062987400622]],[[22.25835953226366,65.6308285283274],[22.258459519129605,65.63118453329098],[22.258028605750688,65.6312051843884],[22.25835953226366,65.6308285283274]],[[22.257647680373932,65.63140383705559],[22.25807859741243,65.63138318700427],[22.258178583001918,65.63173919216412],[22.257647680373932,65.63140383705559]],[[22.24629383493236,65.63140628981982],[22.24634374666483,65.63158429707126],[22.245912815057938,65.63160491394503],[22.24629383493236,65.63140628981982]],[[22.245962724639885,65.63178292134234],[22.246012634975965,65.63196092871571],[22.245581696805555,65.63198154471277],[22.245962724639885,65.63178292134234]]],[[[22.28967138724346,65.62571645650216],[22.28962119234787,65.62553846628263],[22.28919040249631,65.62555920465334],[22.28967138724346,65.62571645650216]]],[[[22.267880580367116,65.62586190036562],[22.267930627116492,65.62603989920572],[22.26836144535788,65.62601922091672],[22.267880580367116,65.62586190036562]]],[[[22.247168601757494,65.69991488755693],[22.245972534019117,65.70033278591362],[22.246072673883894,65.70068879740484],[22.24775090987346,65.70042827149526],[22.24831454735512,65.69931897531029],[22.24745043381441,65.69936024067596],[22.247168601757494,65.69991488755693]]],[[[22.233446595287766,65.6572752746618],[22.233496478855926,65.65745328637612],[22.234359223442834,65.65741211342197],[22.233446595287766,65.6572752746618]]]]}},{"type":"Feature","properties":{"cyano_daymap_file_id":2612,"date":"2002-07-17Z","cloud":null,"sub_surfac":null,"surface":null,"no_data":null,"class":1,"color_hex":null,"algae_class":"class_1","source_date":"2002-07-17"},"geometry":{"type":"MultiPolygon","coordinates":[[[[22.171115088781907,65.57886781031588],[22.16939228,65.57264222],[22.170605534221856,65.57258451597791],[22.172581607034296,65.5703402794444],[22.17243381038759,65.56980616630054],[22.173674472654806,65.56956692812916],[22.17397012022262,65.57063515132783],[22.17425227572753,65.57008063676795],[22.175972198825193,65.56999901237083],[22.17582433501468,65.56946490318197],[22.1778125488095,65.5672060064211],[22.17905303630955,65.56696672588386],[22.179715657619543,65.56621375018692],[22.181005394164654,65.5661524891869],[22.180046954277138,65.56583726138487],[22.18156930556472,65.56504343715677],[22.183239541408394,65.56478369954033],[22.183521441707217,65.56422917015969],[22.184381194145082,65.56418830980527],[22.187094196882136,65.56297706775626],[22.187040243976483,65.56278242349545],[22.166930700000005,65.56374025],[22.16201311,65.54593613],[22.170511444576007,65.54553264342604],[22.169029822049236,65.54489565218387],[22.165875310323134,65.54450419411666],[22.160720434313365,65.54474861775488],[22.154951721802306,65.54592378410479],[22.147746461833794,65.5466255738629],[22.14364628208819,65.54754096112505],[22.141792105178716,65.54871081517942],[22.141544486015214,65.5506275115311],[22.14298305,65.55585538],[22.13773221931935,65.55610317336587],[22.137932037637412,65.55682930397748],[22.139515488815857,65.55783670775588],[22.14381358229339,65.55763361256602],[22.144537665599977,65.55868159020588],[22.143727062768402,65.55890027259859],[22.143825151277074,65.55925637097631],[22.14296548500639,65.55929700029577],[22.143063564913476,65.55965309924811],[22.141774042626427,65.55971403513266],[22.141540322833695,65.56044654496448],[22.138912170136763,65.56039032967398],[22.1381617031245,65.56240979634404],[22.135201450581132,65.56272992152188],[22.13553335574488,65.56235352429572],[22.130804507181576,65.56257667285188],[22.129612717018595,65.56299361533777],[22.12904661773645,65.56410249465291],[22.13005335444991,65.56459610587261],[22.130249212498963,65.56530832328392],[22.129487242982556,65.56570498693308],[22.130945613676005,65.56942384783127],[22.12798447027988,65.56974384049163],[22.126841265129023,65.57033881981664],[22.125261478809698,65.57058377240318],[22.126385659999993,65.57467518999997],[22.1478899,65.57366022],[22.149814839291196,65.58063703166037],[22.150625374701033,65.58075947466178],[22.151485734933495,65.58071879519431],[22.152051194018224,65.57960983841691],[22.15291151358687,65.57956915124527],[22.158798677154333,65.5803728236667],[22.15965900920349,65.58033209806935],[22.160322516561788,65.57957919879503],[22.160900292273208,65.5800929585663],[22.162670147996824,65.58018952024082],[22.162817815495846,65.58072364409837],[22.165779735187375,65.58040296318147],[22.16611140492961,65.58002650131849],[22.168593794115132,65.5795481081489],[22.16970042074298,65.58039752052214],[22.169404814598003,65.57932928868658],[22.171115088781907,65.57886781031588]],[[22.17928574395126,65.56623416809428],[22.179236441226486,65.56605613292955],[22.17966635200447,65.56603571519],[22.17928574395126,65.56623416809428]],[[22.17506295586516,65.56986179028755],[22.174632977610564,65.56988219561245],[22.174485142050614,65.56934808484343],[22.17506295586516,65.56986179028755]],[[22.168544534069653,65.57937006911567],[22.16811439269102,65.57939045750949],[22.168065136282294,65.57921241828511],[22.168544534069653,65.57937006911567]],[[22.167007862027763,65.57854103262316],[22.16657773288941,65.57856141653753],[22.16652848887589,65.57838337669304],[22.167007862027763,65.57854103262316]],[[22.166196844870864,65.57875983922673],[22.165766711353424,65.57878022088114],[22.165717472384628,65.5786021807249],[22.166196844870864,65.57875983922673]],[[22.165385813910987,65.57897864162214],[22.164955676014532,65.57899902101659],[22.164906442090675,65.57882098054863],[22.165385813910987,65.57897864162214]],[[22.164574769148054,65.5791974398093],[22.164144626872623,65.57921781694368],[22.16409539799395,65.57903977616404],[22.164574769148054,65.5791974398093]],[[22.152667174461047,65.55974003979713],[22.152863606307942,65.56045222244063],[22.150284531335384,65.56057425040534],[22.154091801831843,65.55859039558567],[22.154951423859742,65.55854970353657],[22.154853186588785,65.55819361380065],[22.156093470552445,65.55795452323369],[22.156621528470172,65.5582902606985],[22.157481135835766,65.5582495544315],[22.16163163698622,65.55751182365728],[22.161779128225998,65.55804595033655],[22.16005994015881,65.5581274065264],[22.160158248245843,65.55848349220102],[22.161017855316615,65.558442765862],[22.161165340337075,65.55897689319445],[22.155860168450594,65.55868705113504],[22.152667174461047,65.55974003979713]],[[22.156425013627505,65.5575780837154],[22.157714388898803,65.55751702450301],[22.160906904602154,65.5564639340272],[22.161815605126613,65.556601246317],[22.157812662172258,65.55787311203777],[22.156093470552445,65.55795452323369],[22.156425013627505,65.5575780837154]],[[22.162405600305565,65.55873775116603],[22.16250394320928,65.55909383497988],[22.16341274432338,65.55923113671214],[22.162172470801234,65.55947028711822],[22.161263667388685,65.55933297796574],[22.161165340337075,65.55897689319445],[22.162405600305565,65.55873775116603]],[[22.15645010751403,65.5671365372582],[22.15473029966627,65.56721793891192],[22.154386354750127,65.56597162525495],[22.157015090764972,65.56602756639582],[22.15645010751403,65.5671365372582]],[[22.14332032657153,65.5621661048162],[22.14036017078354,65.56248632988556],[22.142313439600503,65.56167258321355],[22.143652106448418,65.5617896910046],[22.14332032657153,65.5621661048162]],[[22.139070500707188,65.56254724417066],[22.13864060920384,65.5625675465063],[22.138591592476256,65.56238949538829],[22.139070500707188,65.56254724417066]]],[[[22.234129600933457,65.57857788532901],[22.234844446867367,65.57801647903598],[22.234148584026624,65.57552429412374],[22.231799765134518,65.57491509183704],[22.229699386199297,65.57519592805934],[22.229302065497237,65.57377180620368],[22.22963272761762,65.57339521523485],[22.230492694987117,65.57335409106128],[22.230343690554882,65.57282004635167],[22.231583934658513,65.57258033807112],[22.23295601798561,65.57125196627842],[22.234259434203683,65.57089937337913],[22.233888269999998,65.56957002],[22.23705466689556,65.56941804271308],[22.237088874862188,65.56888947691526],[22.235749467531523,65.56877320229688],[22.234740598133445,65.56828031491398],[22.237220549250747,65.56780082142566],[22.237931196213413,65.5672256199918],[22.239220817029555,65.56716386445818],[22.239799845134357,65.56767731095117],[22.241519360735104,65.567594946381],[22.24437923284088,65.56691673318485],[22.245039943923306,65.56616349066911],[22.246429014870287,65.56645769285143],[22.251686803715604,65.56656633163878],[22.253836047994447,65.56646320566927],[22.25454628789016,65.5658879302673],[22.256215801560604,65.56562739512228],[22.256365286528034,65.56616140968569],[22.25522523012427,65.56675732609611],[22.255374702613903,65.56729134175528],[22.25456480266195,65.56751061026243],[22.254813913365645,65.56840063745892],[22.254073007265074,65.568601214854],[22.264700908717845,65.56792579675948],[22.267130339511745,65.56726781829686],[22.267030529950528,65.56691181718877],[22.268369964929207,65.56702781493378],[22.2703194619816,65.56621245567713],[22.26973987194415,65.56569913138868],[22.273458380230153,65.56497903039187],[22.275797945304493,65.56366451105819],[22.27509854778311,65.56117239233063],[22.27422857976949,65.56151433189218],[22.273269218154617,65.5611997032513],[22.269301699879957,65.56102979566374],[22.255549551972088,65.56169065005076],[22.248342941117468,65.56239724025535],[22.237896253795913,65.56398023567863],[22.237135996330064,65.56437742369741],[22.23503652435209,65.56465832509569],[22.23399538312021,65.5656101125577],[22.230077037302305,65.56561719594337],[22.229316611660707,65.566014346342],[22.223877153796774,65.56681556121892],[22.219826213029503,65.56791103224974],[22.215626254432962,65.56847233587368],[22.21577492723557,65.56900639828056],[22.21754419268105,65.5691023247808],[22.218982707057787,65.5695747999338],[22.219181040802475,65.57028687770783],[22.217659561952825,65.57108107133642],[22.21785787336999,65.57179315105158],[22.224224725891865,65.57275177191447],[22.22457211960269,65.57399789279563],[22.224009880237407,65.57510708839109],[22.222868687087878,65.57570277221186],[22.22356347639996,65.57819501931432],[22.222703336010817,65.5782361058334],[22.221992060429933,65.5788112418707],[22.220262915560422,65.57924047935663],[22.234129600933457,65.57857788532901]],[[22.269789792051483,65.56587713090957],[22.268930146429383,65.5659184749972],[22.268880232097825,65.56574047513654],[22.269789792051483,65.56587713090957]],[[22.2681621639545,65.5616258043628],[22.26859191709198,65.56160513578938],[22.268641819899322,65.56178313586179],[22.2681621639545,65.5616258043628]],[[22.268641819899322,65.56178313586179],[22.26912148161798,65.56194046578493],[22.268691723458666,65.56196113591027],[22.268641819899322,65.56178313586179]],[[22.26650088703343,65.56657648065739],[22.26607104991684,65.5665971441175],[22.265971257925145,65.56624114213838],[22.26650088703343,65.56657648065739]],[[22.25760496416537,65.5659214939153],[22.257175129346177,65.56594213210774],[22.257125295247242,65.56576412759244],[22.25760496416537,65.5659214939153]],[[22.256545973439202,65.56525075020465],[22.25611614867057,65.56527138529378],[22.256066323351977,65.56509338034367],[22.256545973439202,65.56525075020465]]],[[[22.297953585339133,65.55746857344735],[22.29953969651075,65.55704650702802],[22.30019856113402,65.5562930422323],[22.304115376931644,65.55628415986507],[22.304444737986817,65.55590741857111],[22.30654270280334,65.55562557000513],[22.30755240067744,65.55611797079645],[22.305915749671694,65.55708412845796],[22.317344559999995,65.5565323],[22.319085015325008,65.56269774167545],[22.319342559362024,65.56240299831909],[22.320252249192993,65.56253934973856],[22.320051225833456,65.56182743148099],[22.322250020566727,65.56190132131302],[22.322807793221628,65.56079180613781],[22.325385903297985,65.56066685004232],[22.326473767356426,65.55989244745373],[22.327762770726554,65.55982994419554],[22.328900837741426,65.55923350172161],[22.329760147675987,65.55919182058152],[22.33041817965641,65.55843823257999],[22.331707099709835,65.55837569656765],[22.33231472724935,65.55744412605038],[22.333553256546754,65.55720360011759],[22.334919309264308,65.55587436558913],[22.335828844988338,65.55601062496137],[22.338492224706837,65.55431221141755],[22.33630729,65.54659182999998],[22.358383584813705,65.54551635929118],[22.362488182449805,65.54406873289622],[22.36382681108491,65.54418389438382],[22.36458452387069,65.54378609626077],[22.3658726208945,65.54372327758763],[22.367059645668906,65.54330452561211],[22.36695858330872,65.54294860310667],[22.367867819810638,65.54308467297213],[22.367766747453043,65.54272875110556],[22.369105327459224,65.54284386638909],[22.369180858767578,65.54157719309656],[22.370948710990756,65.54167134162537],[22.37122636729532,65.54111650692344],[22.37241318696848,65.54069771499655],[22.37226150331212,65.54016383747029],[22.37279193013457,65.54049879604165],[22.37579704484139,65.54035204352472],[22.37612517040038,65.53997515876078],[22.379508880730654,65.53962940575597],[22.379836943552334,65.53925251356837],[22.383927132242,65.53833083377549],[22.384583088996933,65.53757703121495],[22.386198766322163,65.5371371411654],[22.388344939052022,65.53703213723033],[22.388672842223535,65.53665522747998],[22.39044041628342,65.53674915108004],[22.390339065700626,65.536393247077],[22.391248185228225,65.53652917763634],[22.391576040070447,65.53615226207666],[22.394806920319212,65.53527232013032],[22.396952897858775,65.53516719604899],[22.397280653348705,65.53479026912102],[22.398139025987366,65.53474820929013],[22.39687871969085,65.53643386961211],[22.39602028915689,65.53647592287062],[22.394986171317914,65.53742874463519],[22.393698469760846,65.5374918071469],[22.39352272959312,65.53840257935038],[22.392234975711485,65.53846562992955],[22.392336361869656,65.53882153230676],[22.39357343092462,65.53858053003371],[22.394533351917104,65.53889439052142],[22.39443193545266,65.5385384899188],[22.39614893534963,65.53845439516822],[22.398142971370962,65.53781540307517],[22.39905217905363,65.53795128586393],[22.399329198028845,65.53739640600347],[22.40061687844476,65.53733329578435],[22.401323073957784,65.53675737360062],[22.402181503429915,65.53671529026786],[22.402966048124455,65.53793987567448],[22.401299861743528,65.53820199475224],[22.40225985884955,65.53851580546335],[22.401124384807414,65.5391127731495],[22.4021351762253,65.539604531858],[22.400242609079015,65.54059947280936],[22.398525483955094,65.54068361526016],[22.399485541925316,65.54099744296417],[22.399208492420307,65.54155232341381],[22.39834989801844,65.54159439152525],[22.39893143175527,65.54210720346732],[22.397846468495334,65.5428820973261],[22.397947951922337,65.5432379949699],[22.39880660119761,65.54319592859133],[22.398100182792057,65.54377184125063],[22.39863101327321,65.54410670520029],[22.39938818147026,65.54370873831317],[22.400297602982047,65.54384461148393],[22.402998249209578,65.54262963058245],[22.407669811397163,65.54222010475293],[22.4069585968063,65.53972887376578],[22.408043158862103,65.53895391859425],[22.415260954160676,65.53679522756428],[22.417406957314252,65.53668981312082],[22.41854194819969,65.53609272810438],[22.418440217479333,65.53573684675885],[22.419727760146152,65.53567357528321],[22.41962601522839,65.53531769487724],[22.420913533745797,65.53525441355266],[22.42124094018682,65.5348774382382],[22.422833787822718,65.53588177738203],[22.42492877002335,65.53559831859249],[22.42465231655634,65.5361532396182],[22.42621628685597,65.53553499215963],[22.4263690417163,65.53606880471484],[22.424906865783825,65.53704293017903],[22.425008690838172,65.53739880622973],[22.425867095224163,65.53735658877207],[22.42579432538094,65.53862326228891],[22.426652768511797,65.5385810399858],[22.425466941513665,65.53900024722977],[22.42572155204522,65.53988993580582],[22.424586568497293,65.5404870746024],[22.422869545682,65.5405714922609],[22.422542096196718,65.54094847153036],[22.42049755024992,65.54140984157276],[22.418656453256606,65.54258294672026],[22.414188430219536,65.54370457953053],[22.409115448666324,65.54575793439928],[22.407347205878015,65.5456642356417],[22.407573307111225,65.54493139679373],[22.406714617786555,65.54497351331152],[22.40570352706125,65.54448178818463],[22.406460595584242,65.54408378691117],[22.406308191440583,65.54354995077436],[22.405980464902928,65.5439268969631],[22.400348363292775,65.54402255930668],[22.398884768704775,65.54499644739808],[22.398026060317708,65.5450385148096],[22.3981783054688,65.54557236086839],[22.396839470733557,65.54545750528202],[22.396613062444494,65.5461903311473],[22.397522557943162,65.5463262202555],[22.396663803129638,65.54636828040093],[22.396917518015062,65.54725802629916],[22.395453618006137,65.54823188425179],[22.396593463465855,65.55070214866083],[22.397503118026712,65.55083803630005],[22.397604634136158,65.55119393384548],[22.399802681709904,65.55126670501258],[22.400384471138757,65.55177950881624],[22.401243396892188,65.55173742585531],[22.401344968271665,65.55209332034052],[22.400486030994113,65.5521354039926],[22.400377669953674,65.5524862299401],[22.413467268626416,65.55184470351564],[22.41331890205494,65.55132569830768],[22.414985792686696,65.55106343984512],[22.41594643365979,65.55137715727994],[22.417511510596462,65.55075898874499],[22.418573973012645,65.5514285705664],[22.419608282077952,65.55154373000984],[22.42472638,65.55129289],[22.422180139999995,65.54239597],[22.443643569999995,65.54133943999999],[22.441092049999998,65.53244289],[22.37671758,65.53560211],[22.374189539999996,65.5267042],[22.39564242,65.52565458],[22.3931091,65.51675704],[22.38648983278188,65.51708087518425],[22.387318853333962,65.51813703847836],[22.386032080611507,65.51820002647439],[22.386612825360487,65.51871289362877],[22.384417556663948,65.51863990325278],[22.384140394703227,65.51919475723841],[22.38285356061584,65.51925771880119],[22.382400312869144,65.52072333266113],[22.380204882640957,65.52065028274622],[22.37901908684743,65.52106912559061],[22.377303163529287,65.52115301524455],[22.378086034226364,65.52237774627562],[22.3763700213021,65.52246162623648],[22.376521664812827,65.5229955000606],[22.377379690043202,65.52295356146641],[22.377960377744287,65.52346646241011],[22.374477659158817,65.5234562428633],[22.37478088959187,65.52452399471578],[22.373392703039364,65.52423096130697],[22.37354429808279,65.52476483859729],[22.372686205897686,65.52480675610032],[22.37167655012982,65.52431478941166],[22.370389427467227,65.52437764779134],[22.370490449817687,65.52473356841668],[22.369682859306913,65.52495342926335],[22.37026344397898,65.52546636077925],[22.369405322381198,65.52550825996246],[22.368345201430405,65.52483830991302],[22.36630090193345,65.5252989451375],[22.36655333493444,65.52618875462113],[22.365215625512768,65.52607360810795],[22.36531658525701,65.52642953280996],[22.364079812248825,65.52667030111901],[22.36566996828764,65.5276752684961],[22.367386365368237,65.52759150611139],[22.36705825791079,65.52796837175242],[22.364054509460495,65.52811493716241],[22.363953559052888,65.52775901152646],[22.362615778716023,65.5276438427278],[22.36238852990267,65.52837662568079],[22.3598138232717,65.52850217799515],[22.359157356553705,65.52925587821291],[22.35925824855757,65.52961180762834],[22.36011652469311,65.5295699644743],[22.35988919162921,65.5303027445069],[22.35731428051576,65.53042825631293],[22.35655683157519,65.53082601542833],[22.357566467068644,65.53131808322694],[22.357818672597798,65.53220790953016],[22.35600107345125,65.53193563491516],[22.354915220935684,65.53271022968976],[22.355546129624216,65.53340118501679],[22.353778886268376,65.53330685052082],[22.35398056443044,65.5340187175006],[22.35264249980175,65.5339034633305],[22.352515750017517,65.53499216909152],[22.354232679207502,65.53490855067592],[22.354333530430818,65.53526448377512],[22.351808507034985,65.53556787373928],[22.351228045157743,65.53505487019676],[22.350369571457918,65.53509666488286],[22.35004112712861,65.53547349694125],[22.347945280603973,65.5357559272289],[22.34761679309824,65.53613275445223],[22.34852569492984,65.53626894383531],[22.34862647466251,65.53662488144525],[22.34991426453592,65.53656220163727],[22.34925731879451,65.53731586362731],[22.348297986863486,65.53700171014945],[22.34620199790706,65.53728411770268],[22.345923841569274,65.5378389114176],[22.34501489714522,65.53770270682865],[22.345166006077353,65.53823661732442],[22.344408147552098,65.5386343196637],[22.341731627532546,65.53840363405509],[22.341832324543415,65.53875957700602],[22.340544402806366,65.53882218933657],[22.34026611069212,65.53937697399243],[22.338978153945803,65.53943957333955],[22.33912915149631,65.53997349096213],[22.33822016508362,65.53983724597647],[22.337512476454197,65.54041288819727],[22.336452534477598,65.53974271294369],[22.335164548637724,65.53980528012134],[22.335265162593057,65.54016122826133],[22.33099494133527,65.54199233417297],[22.332863300894353,65.54244287954808],[22.332963895731545,65.54279882940398],[22.331826620931775,65.5433952946228],[22.333114793667118,65.54333275400556],[22.333695096458285,65.54384582858087],[22.327331616667205,65.54289177623252],[22.326271828184566,65.54222152816756],[22.32397422137187,65.54179172337874],[22.325591217671466,65.54135246760433],[22.32912664560779,65.54154176510136],[22.32892557536062,65.54082985903861],[22.329633467077098,65.54025425496951],[22.32895280039623,65.53938521007456],[22.33046901813344,65.53858995147081],[22.33132764518397,65.53854826817812],[22.33122709244589,65.53819231681334],[22.33488962482142,65.53729278829933],[22.334789029338598,65.53693683972355],[22.33865254495632,65.53674911927187],[22.33802199446497,65.5360580899769],[22.339638394303158,65.53561869002012],[22.33953774184373,65.53526274516477],[22.340396241933178,65.53522101167408],[22.340624160470583,65.53448825516612],[22.342240418806288,65.53404882881313],[22.342897492482198,65.53329519601574],[22.344185134674944,65.5332325664297],[22.344285841060795,65.53358850766014],[22.345952344648094,65.53332701331549],[22.34585161675436,65.53297107340744],[22.34698812234163,65.53237451042177],[22.348326085822578,65.53248981560151],[22.34913409341859,65.53227006465333],[22.34903332706221,65.5319141272446],[22.351457237159924,65.53125485124136],[22.35158402209472,65.53016614600779],[22.352593539184074,65.53065824816879],[22.354360598671022,65.53075259833795],[22.355496811634094,65.53015597434356],[22.354765156436194,65.52910908501593],[22.357339952232394,65.5289836177435],[22.35675953688574,65.52847063495211],[22.35799646561224,65.52822992494815],[22.357845164219505,65.52769602917185],[22.35655783469417,65.5277587719062],[22.356785243737818,65.52702599612094],[22.358122969351957,65.52714121702643],[22.358880289961984,65.5267434513426],[22.357946889302774,65.5249847176033],[22.35918364275246,65.52474399963262],[22.359840002501738,65.52399030035716],[22.362843305039917,65.5238438230725],[22.36349953675997,65.52309010919052],[22.36264148015263,65.52313196935444],[22.361960201054252,65.52226307906585],[22.363247243980076,65.52220029321002],[22.364811889532096,65.52158267398387],[22.364610032086148,65.52087082321368],[22.36332305863573,65.52093361997494],[22.36279316479463,65.52059862290434],[22.363070797023088,65.52004380338563],[22.363651137874182,65.52055676271158],[22.364837164920385,65.52013803806678],[22.3641558972383,65.51926915754959],[22.365896969702277,65.5177407822195],[22.36529153039749,65.51253799842858],[22.364232060685307,65.5118680130451],[22.363979873814063,65.51097819721024],[22.365115026100938,65.51038151151762],[22.364106085174814,65.50988948715907],[22.361583627274513,65.51019301470414],[22.361482794136784,65.5098370862381],[22.363917178465694,65.50916289874068],[22.34769876,65.50995394],[22.34655787512671,65.50591755802078],[22.343829391460964,65.50582608390243],[22.339163206526447,65.50623358562903],[22.33840615728276,65.50663124991108],[22.337119809223687,65.50669381748033],[22.334848458358145,65.50788677026831],[22.334948919616174,65.5082427201684],[22.33409129545123,65.50828441406964],[22.33222139651997,65.51090113249204],[22.332623172510534,65.51232493934349],[22.331815629514107,65.51254459751475],[22.331259157386167,65.51365413317893],[22.330072864773634,65.51407259709349],[22.330223503281616,65.5146065271966],[22.32812909213151,65.51488866877962],[22.327490288151303,65.51536954910819],[22.328766329999997,65.51989553999998],[22.326682339247668,65.51999613288615],[22.327161762702286,65.52070892701933],[22.326303714177413,65.52075058095201],[22.325317806689537,65.52188092393332],[22.32445971610583,65.52192256782114],[22.324560100965353,65.52227852536176],[22.323752183668724,65.5224981441702],[22.32367444279255,65.5237648164396],[22.322816287137968,65.5238064516479],[22.322537757483772,65.5243612060599],[22.31983512140503,65.52557477006535],[22.319305680523346,65.52523961621479],[22.318068516579913,65.5254800121512],[22.314585474234203,65.52546841674506],[22.314184437592054,65.52404455475858],[22.314892224126687,65.52346902066068],[22.3143127649512,65.52295586564247],[22.315978914020334,65.52269470495577],[22.31663648666336,65.52194118129691],[22.316230705932917,65.52050062646836],[22.31065294956675,65.52076986116165],[22.308991853650173,65.52104868872843],[22.309192196604368,65.52176062847866],[22.307955097999585,65.52200094105537],[22.30568109144074,65.52319348175327],[22.301290129710676,65.52304512379551],[22.300303045971553,65.52417531525433],[22.299444831903568,65.52421681844146],[22.299294755810013,65.52368285219323],[22.298386537887055,65.52354636038102],[22.295003726621776,65.52389029042867],[22.29421630915706,65.52573240708756],[22.2919413454496,65.52692475062332],[22.290224701476138,65.52700765937087],[22.29058330407316,65.52518628646975],[22.288716902113553,65.52473519993852],[22.287050333163037,65.52499606443706],[22.28725011440184,65.52570803873934],[22.28338778809181,65.52589443504512],[22.281262033312796,65.52762060851431],[22.2804036694945,65.52766200514179],[22.276510836293582,65.52929289808957],[22.276909915286915,65.5307168789762],[22.275143088378602,65.53062162196046],[22.274384355376053,65.53101898202095],[22.275309644326203,65.53150046079723],[22.30630937567965,65.53000460915398],[22.30662559984428,65.52964251681223],[22.306721887564766,65.52998466617952],[22.309819529999995,65.52983491],[22.31483432,65.54763323],[22.304424778340277,65.5481365609091],[22.305067143701457,65.54884134735111],[22.304208127248806,65.54888288547386],[22.304329909081464,65.55086150171412],[22.303091394595107,65.55110178844761],[22.302991168829735,65.5507458151453],[22.303850248982222,65.55070428330147],[22.30322025527683,65.55001310361679],[22.29940455424482,65.55037792984],[22.29952598434771,65.55235655338737],[22.30068572568834,65.55338296624048],[22.299826551207598,65.5534244810536],[22.298738142215694,65.55419869752748],[22.298208365108003,65.55386347320113],[22.296010299855716,65.55378922713645],[22.29396241782282,65.55424891971995],[22.29363292322461,65.55462563952247],[22.29234407863653,65.55468785069145],[22.292444177332786,65.5550438322808],[22.291205350476403,65.55528402483652],[22.290546246910093,65.55603745284246],[22.287409214908497,65.55727121379842],[22.287184440895732,65.55798855061043],[22.297953585339133,65.55746857344735]],[[22.371121562536935,65.52542445675803],[22.371222599757843,65.52578037674552],[22.37079353510803,65.52580132970473],[22.37026344397898,65.52546636077925],[22.371121562536935,65.52542445675803]],[[22.422201045371985,65.53519112134066],[22.42263021438247,65.53517002151723],[22.422681106593704,65.53534796052061],[22.422201045371985,65.53519112134066]],[[22.42161922081502,65.53467840175644],[22.42204838196232,65.53465730366216],[22.422099268999755,65.53483524291312],[22.42161922081502,65.53467840175644]],[[22.41429014044499,65.54406046393841],[22.414340996706084,65.54423840610521],[22.413911670428416,65.5442594839882],[22.41429014044499,65.54406046393841]],[[22.403067578173346,65.53829576942026],[22.402638338685872,65.53831681445611],[22.402587576157025,65.53813886742284],[22.403067578173346,65.53829576942026]],[[22.39838130970051,65.54628415526811],[22.398432062668704,65.54646210380635],[22.397573305151838,65.54650416913913],[22.39838130970051,65.54628415526811]],[[22.399290817129003,65.54642003363163],[22.399821718720343,65.54675489269472],[22.39896295426937,65.54679696598131],[22.398432062668704,65.54646210380635],[22.399290817129003,65.54642003363163]],[[22.396652376268097,65.53716669489556],[22.396324583665834,65.5375436208321],[22.395895349988773,65.53756464668193],[22.395743207932192,65.53703079729435],[22.396652376268097,65.53716669489556]],[[22.383017984923644,65.53819485950635],[22.382967356478158,65.53801690456207],[22.3838258630764,65.53797492460065],[22.383017984923644,65.53819485950635]],[[22.371832203162935,65.54018479571987],[22.371402902252697,65.54020575275916],[22.371352348313966,65.54002779319059],[22.371832203162935,65.54018479571987]],[[22.371651663647572,65.5257594225768],[22.371702186273595,65.52593738236185],[22.371273119508402,65.5259583367025],[22.371651663647572,65.5257594225768]],[[22.37092304952165,65.54004874884754],[22.370493749968382,65.54006970329417],[22.370443202548458,65.53989174335702],[22.37092304952165,65.54004874884754]],[[22.369635148579157,65.5401116085565],[22.37006444965421,65.5400906565305],[22.370114994956065,65.54026861661514],[22.369635148579157,65.5401116085565]],[[22.369256386287145,65.54031051980087],[22.369685691002026,65.54028956881315],[22.369736234185744,65.54046752904529],[22.369256386287145,65.54031051980087]],[[22.368877618237054,65.54050943015433],[22.369306926591804,65.54048848020497],[22.369357467657295,65.54066644058462],[22.368877618237054,65.54050943015433]],[[22.36875153237667,65.54159814286749],[22.368700993265488,65.54142018226638],[22.36913031677706,65.54139923266746],[22.36875153237667,65.54159814286749]],[[22.36849884442878,65.54070833961697],[22.368928156423433,65.54068739070595],[22.368978695370608,65.54086535123308],[22.36849884442878,65.54070833961697]],[[22.36847381848524,65.54215297360027],[22.36804448193436,65.54217392146631],[22.367993946299592,65.54199596059476],[22.36847381848524,65.54215297360027]],[[22.3677918113682,65.54128411686352],[22.367362488453644,65.54130506265928],[22.367311959501933,65.54112710149327],[22.3677918113682,65.54128411686352]],[[22.367562970592907,65.52668075570526],[22.367133887601558,65.5267016984662],[22.367083394327455,65.52652373686374],[22.367562970592907,65.52668075570526]],[[22.36344958743913,65.51677767368962],[22.363247811955233,65.5160658202778],[22.363676723993105,65.51604489024227],[22.364256982987254,65.51655784806304],[22.36344958743913,65.51677767368962]],[[22.36355104524511,65.51099912727396],[22.36350061301818,65.51082116386198],[22.363929438715097,65.51080023396992],[22.36355104524511,65.51099912727396]],[[22.363346927924717,65.54402686675321],[22.363296420001905,65.5438489040389],[22.363725788718657,65.54382796932343],[22.363346927924717,65.54402686675321]],[[22.354845122668497,65.51864067404345],[22.355274085115948,65.51861976733983],[22.355324479474287,65.51879773386858],[22.354845122668497,65.51864067404345]],[[22.357595797239767,65.5176044738616],[22.357823104850205,65.51687169750763],[22.359109894128984,65.5168089493819],[22.36054795354199,65.51728008385508],[22.36090095965927,65.51852583445442],[22.359437245753995,65.51949934213428],[22.357342784231584,65.51978188881817],[22.35724196418139,65.51942595740175],[22.355904640283807,65.51931072470934],[22.355324479474287,65.51879773386858],[22.357595797239767,65.5176044738616]],[[22.360066072558308,65.5293920001222],[22.360495206610672,65.52937107690222],[22.360545661622105,65.5295490410826],[22.360066072558308,65.5293920001222]],[[22.360063386983516,65.54472819439148],[22.36001289982148,65.54455023037579],[22.360442283261186,65.54452930482954],[22.360063386983516,65.54472819439148]],[[22.358630552485742,65.51665190140403],[22.358201625599726,65.51667281727437],[22.358151216589622,65.51649485184944],[22.358630552485742,65.51665190140403]],[[22.35597533396527,65.5333802739203],[22.35602576751517,65.53355823981933],[22.35559656029639,65.53357915108745],[22.35597533396527,65.5333802739203]],[[22.355951712088945,65.5286904248097],[22.355093456812448,65.52873224412791],[22.355043040873774,65.52855427774102],[22.355951712088945,65.5286904248097]],[[22.354030985868064,65.53419668418447],[22.354081408064562,65.53437465084397],[22.353652185539563,65.53439555674824],[22.354030985868064,65.53419668418447]],[[22.354007705028817,65.52950683139404],[22.35357856247,65.52952773629538],[22.353528155003776,65.52934976931988],[22.354007705028817,65.52950683139404]],[[22.35360176622104,65.53421758991715],[22.353172545815184,65.53423849443973],[22.353122130133457,65.53406052741266],[22.35360176622104,65.53421758991715]],[[22.349307715711536,65.53749383212663],[22.349358113387172,65.53767180060154],[22.34892883206469,65.53769269368965],[22.349307715711536,65.53749383212663]],[[22.348878437267956,65.53751472504324],[22.34801987810513,65.53755650724555],[22.347969489824745,65.53737853823175],[22.348878437267956,65.53751472504324]],[[22.345317121833638,65.53877052760082],[22.34488781853122,65.53879140944278],[22.344837448733468,65.53861343920357],[22.345317121833638,65.53877052760082]],[[22.342261630273278,65.53873870380833],[22.342311982795003,65.53891667507591],[22.341882674185733,65.53893754844496],[22.342261630273278,65.53873870380833]],[[22.341074399334765,65.5391572633091],[22.342033727660496,65.53947146261565],[22.340796115405002,65.53971204885798],[22.341074399334765,65.5391572633091]],[[22.339380829235516,65.54086335317955],[22.338951485766238,65.54088421857804],[22.338850818157066,65.54052827342149],[22.339380829235516,65.54086335317955]],[[22.33713345974232,65.54061172153963],[22.33670411824458,65.54063258054279],[22.336653799976173,65.54045460707161],[22.33713345974232,65.54061172153963]],[[22.3363485997238,65.542454031716],[22.33591922715133,65.5424748887999],[22.335868909948008,65.54229691505829],[22.3363485997238,65.542454031716]],[[22.335187979246374,65.541427900831],[22.333091483779363,65.54171013179126],[22.33541608920631,65.54069515028891],[22.335187979246374,65.541427900831]],[[22.333022974188676,65.5568685026492],[22.33297264322849,65.55669052808892],[22.33340225273945,65.55666967702359],[22.333022974188676,65.5568685026492]],[[22.33058872492322,65.54363580018894],[22.33015932734469,65.54365664117876],[22.33010904668379,65.5434786651621],[22.33058872492322,65.54363580018894]],[[22.328894185758607,65.54534178224698],[22.328464758464847,65.54536261872273],[22.328414485396152,65.54518464206915],[22.328894185758607,65.54534178224698]],[[22.32738187701554,65.54306975337286],[22.326952485662023,65.54309058520296],[22.3269022281945,65.54291260789162],[22.32738187701554,65.54306975337286]],[[22.322099215443373,65.56136738500342],[22.322048948583703,65.56118940618505],[22.32247864277564,65.56116858528],[22.322099215443373,65.56136738500342]],[[22.321144940931237,65.52713497207479],[22.321674445065543,65.52747011885936],[22.32048737736734,65.52788851522816],[22.321144940931237,65.52713497207479]],[[22.3210947601316,65.52695699206771],[22.32152389176996,65.52693617942322],[22.32157407544666,65.5271141592595],[22.3210947601316,65.52695699206771]],[[22.31307565986155,65.52319622016311],[22.313504737409403,65.52317543080179],[22.31355485770251,65.52335341392636],[22.31307565986155,65.52319622016311]],[[22.312696696100005,65.52339499178048],[22.313125777278287,65.52337420345827],[22.313175895449085,65.52355218672925],[22.312696696100005,65.52339499178048]],[[22.310923852228967,65.52636744484737],[22.310494719743804,65.52638822743],[22.310444613276943,65.52621024315711],[22.310923852228967,65.52636744484737]],[[22.309736656198226,65.52678575812102],[22.308878374441214,65.52682731549895],[22.30882827797552,65.52664933059219],[22.309736656198226,65.52678575812102]],[[22.309399508678926,65.55494615954625],[22.309070231409198,65.55532291079398],[22.308540299443333,65.55498772415058],[22.309399508678926,65.55494615954625]],[[22.30566705519463,65.52932808534278],[22.305237868991497,65.52934885354281],[22.30518779150394,65.52917086724523],[22.30566705519463,65.52932808534278]],[[22.299768925856352,65.55631379933808],[22.29951842005631,65.55542385990266],[22.299948040910703,65.5554031036495],[22.299768925856352,65.55631379933808]]],[[[22.359831643865046,65.54544581551978],[22.359785457309187,65.54528301131468],[22.35943883315463,65.54546495172072],[22.359831643865046,65.54544581551978]]],[[[22.18102874,65.53601462],[22.17856736,65.52711283000001],[22.194488432767056,65.5263547341912],[22.193733893949968,65.52568328293474],[22.19621062470425,65.52520449200698],[22.1962945698613,65.52393782695545],[22.19509096524885,65.52273253254012],[22.193226330832076,65.52228025104972],[22.194548581310233,65.52077420127327],[22.19392223305152,65.52008253205041],[22.192205665654473,65.52016432772429],[22.19224051981052,65.51871963178598],[22.19300018115348,65.51832267486142],[22.19471662451028,65.51824087137811],[22.195722759108094,65.51873405197784],[22.197933079958318,65.51852408418922],[22.197563230000004,65.51718944],[22.205072846981988,65.51683079856967],[22.207574194748524,65.51600401164109],[22.2075588259565,65.51438129511659],[22.206602014571256,65.51406621938057],[22.206453906706752,65.51353214226273],[22.211768481159165,65.51075289376541],[22.212626420146464,65.51071189072395],[22.212527614042752,65.51035584391381],[22.214045810790612,65.50956173344878],[22.21412888114843,65.50829506693077],[22.215745747270176,65.50785698649311],[22.216410396828294,65.50677662445776],[22.214074510000003,65.49836268],[22.192635340000002,65.49938641],[22.195098359999996,65.50828794999998],[22.173650159999998,65.50930907999998],[22.17610783,65.51821099],[22.15465059,65.51922951000002],[22.155615570448035,65.51991906409185],[22.1569521337494,65.52003607468797],[22.156670090317697,65.5205905561774],[22.155093257513943,65.52083584047428],[22.15555895558223,65.52252574311076],[22.157025673064485,65.5234596224485],[22.15888978924189,65.52391235511878],[22.159564386755203,65.52478222113724],[22.156438655183525,65.5257179544957],[22.158807386798998,65.53431349326789],[22.159589924783013,65.53434067279184],[22.159307799971533,65.53489515991306],[22.160694255889062,65.53519017340703],[22.16132011505021,65.53588198479143],[22.16217897542045,65.53584125906426],[22.16189689157023,65.53639575060791],[22.16409320771951,65.53647196044729],[22.16419147237552,65.53682804399394],[22.16681727251877,65.53688384337765],[22.168682526779808,65.53733644430025],[22.1688300247025,65.53787056414347],[22.170547845063414,65.53778902161179],[22.172032957564397,65.5384400067676],[22.171751059653268,65.53899451485927],[22.17308867185519,65.53911137268443],[22.173187071264884,65.53946744907363],[22.176193404311825,65.53932464887575],[22.177101576711777,65.53946187456715],[22.17634106954647,65.53985875976525],[22.17853770896309,65.53993475684307],[22.178734666966896,65.54064690092109],[22.180501885606105,65.54074327985064],[22.18218447983619,65.54210630180661],[22.183092779713103,65.54224349030885],[22.184677033073818,65.54325041403884],[22.183332454625376,65.5449239235206],[22.18595706,65.55381802],[22.223199276907334,65.55204200517512],[22.225958776511035,65.55084185134761],[22.228866858494136,65.55034196153679],[22.2304364256037,65.54972568556177],[22.233823511637347,65.54938315786247],[22.234153817701667,65.54900656043108],[22.238019989619662,65.54882138360286],[22.238218652663704,65.54953343332063],[22.239077816827976,65.54949226823368],[22.2393087001284,65.54875963618377],[22.244033914373222,65.54853313568577],[22.244843324463655,65.54831392824335],[22.244743906627466,65.54795790860601],[22.252425937548292,65.54740891392407],[22.259578490578072,65.54652416702845],[22.26091684103183,65.54664024129443],[22.256291715863604,65.54722327431512],[22.256590441077815,65.54829130565187],[22.257928871074554,65.54840740555628],[22.257698516425783,65.54914006080766],[22.268717145402018,65.54806910495361],[22.268038279069142,65.54719976878027],[22.26884743866219,65.54698043545879],[22.270435257815606,65.54798642585702],[22.27151337137521,65.55027974459679],[22.282531853819336,65.54920778467171],[22.28223205372798,65.5481398151575],[22.28122314396976,65.5476472377995],[22.280364121088642,65.5476886406779],[22.27892575855553,65.54721674704244],[22.277637237770932,65.54727882984363],[22.276548405951104,65.54805289093157],[22.275689360757056,65.5480942675006],[22.275589522920257,65.54773827227471],[22.277537377117092,65.54692283612492],[22.27882588060322,65.54686075434348],[22.281153099062863,65.54584658100842],[22.28287101747116,65.54576376267273],[22.28358006837833,65.5451883627694],[22.285627437778988,65.54472881563969],[22.29078088458422,65.5444801528337],[22.290880914675068,65.54483613614775],[22.29224938145626,65.5447216813228],[22.290858329999992,65.53977203999999],[22.247917399999995,65.54183885],[22.246347633390908,65.53621611196304],[22.245197761143494,65.53711252132601],[22.24615588874119,65.53742733987117],[22.245825895302616,65.53780396045651],[22.24405867907457,65.53770834426984],[22.244158040426726,65.5380643649324],[22.243299262211984,65.53810555508295],[22.242209763323288,65.53887937564743],[22.240541801685936,65.53913974131112],[22.240641121633328,65.53949576468372],[22.23950183206425,65.54009155534673],[22.236215296044435,65.54079022438665],[22.236314564539718,65.54114625109658],[22.234035591442282,65.54233776253349],[22.23317665328965,65.54237889680245],[22.23132692027829,65.54354980315514],[22.228898732583563,65.54420719528574],[22.22876677288988,65.54529584648435],[22.22790772731414,65.54533695189967],[22.227247010658544,65.5460901198192],[22.2246202110375,65.54603537868608],[22.22257161639102,65.54649411238432],[22.22029154752032,65.54768542749223],[22.218622793259048,65.54794555928011],[22.21644145226774,65.54949285986686],[22.2155327326495,65.54935587559252],[22.214822050270246,65.54993097232921],[22.210195232226088,65.55051261328838],[22.20966665706529,65.55017706773064],[22.207419627532346,65.54992350701826],[22.207750325545156,65.54954696341407],[22.204876001394776,65.54860175977271],[22.204777127795726,65.54824570865901],[22.202382052663594,65.54745799380753],[22.20152288578611,65.54749895066347],[22.199458757165495,65.54633465641253],[22.196634460903287,65.54556731784263],[22.195563137212396,65.54327340120982],[22.19680232452053,65.54303398788161],[22.197513230191067,65.54245897355442],[22.195336269464093,65.53931583617013],[22.192942308854136,65.53852796109811],[22.18759173197047,65.53806116197833],[22.183297274925845,65.53826546447195],[22.183015619893073,65.53881999118266],[22.18139628920658,65.53925774540171],[22.1815440604834,65.53979185018574],[22.17799613562409,65.5379763586918],[22.178228659865066,65.53724380411741],[22.179467730636148,65.53700453382564],[22.180178866688028,65.53642959866838],[22.181847296961514,65.53616989381105],[22.182375224181893,65.53650554278488],[22.184043635997842,65.53624581389296],[22.18543043221825,65.53654059743951],[22.184979344793845,65.53582649429737],[22.18102874,65.53601462]],[[22.238879130706966,65.54878021986845],[22.238829461047164,65.54860220771762],[22.239259027584097,65.54858162420199],[22.238879130706966,65.54878021986845]],[[22.23839989376207,65.54862279002158],[22.238350227734887,65.54844477767789],[22.23877979213551,65.54842419554298],[22.23839989376207,65.54862279002158]],[[22.224669925000157,65.55090348649408],[22.224240306336096,65.55092402911924],[22.22419073166969,65.55074601124676],[22.224669925000157,65.55090348649408]],[[22.206024885429386,65.51355262738629],[22.20559586340937,65.51357311129998],[22.205546501360136,65.51339508521062],[22.206024885429386,65.51355262738629]],[[22.191534940162814,65.54130067030484],[22.191105448208045,65.54132111767512],[22.191056121647478,65.54114308655342],[22.191534940162814,65.54130067030484]],[[22.18520514505733,65.54358605132849],[22.185303730215534,65.54394211801974],[22.184874188881977,65.54396254818667],[22.18520514505733,65.54358605132849]],[[22.186212110117502,65.54407928702557],[22.18593046157172,65.54463381907023],[22.185500909441394,65.54465425112011],[22.185303730215534,65.54394211801974],[22.186212110117502,65.54407928702557]],[[22.183557591115598,65.54077836749421],[22.183656140984162,65.54113443560897],[22.183226644316704,65.5411548606681],[22.183557591115598,65.54077836749421]],[[22.183029559083902,65.5404427236736],[22.183128100216248,65.54079879221784],[22.182698608574867,65.54081921572995],[22.183029559083902,65.5404427236736]],[[22.182501540813913,65.54010707787648],[22.182600073210487,65.54046314685023],[22.182170586595117,65.54048356881535],[22.182501540813913,65.54010707787648]],[[22.181973536305133,65.53977143010299],[22.182072059966366,65.54012749950617],[22.181642578376945,65.54014791992431],[22.181973536305133,65.53977143010299]],[[22.180348324215526,65.5338962713849],[22.179918943536325,65.53391668593457],[22.179869710172817,65.53373865025502],[22.180348324215526,65.5338962713849]],[[22.179771245669556,65.53338257882542],[22.179341872896174,65.53340299166109],[22.179292644638686,65.53322495574346],[22.179771245669556,65.53338257882542]],[[22.17332134299642,65.53837882423593],[22.17375080332538,65.53835842763576],[22.173800005463633,65.53853646560088],[22.17332134299642,65.53837882423593]],[[22.172941078297427,65.53857725792473],[22.173419742246438,65.53873490047773],[22.172560807830962,65.53877569071363],[22.172941078297427,65.53857725792473]],[[22.172413227369564,65.53824157531079],[22.171983767701775,65.53826196810908],[22.17193457857989,65.53808392942712],[22.172413227369564,65.53824157531079]],[[22.169492250879177,65.53711763680197],[22.169921694065,65.53709725123298],[22.169970867208995,65.53727529072533],[22.169492250879177,65.53711763680197]],[[22.168633362286304,65.53715840430567],[22.16906280695293,65.53713802115956],[22.16911197432994,65.5373160609867],[22.168633362286304,65.53715840430567]],[[22.16911197432994,65.5373160609867],[22.16959059214064,65.53747371609809],[22.169161142447354,65.53749410079047],[22.16911197432994,65.5373160609867]]],[[[22.155036176096083,65.5206287061847],[22.155333499550547,65.5204735433556],[22.154997801461615,65.52048945416632],[22.155036176096083,65.5206287061847]]],[[[22.265515265589457,65.53197184282358],[22.26537007405694,65.53145300825996],[22.26297479478697,65.53066625425946],[22.259970035406976,65.53081076274603],[22.26006958207021,65.53116677115058],[22.25587643946433,65.53172912403811],[22.25579105017797,65.53243984804254],[22.265515265589457,65.53197184282358]],[[22.260598396836745,65.53150213834367],[22.26016913173024,65.5315227794595],[22.26011935652561,65.531344775317],[22.260598396836745,65.53150213834367]]],[[[22.27195421925415,65.53166195006699],[22.27190858984451,65.53149904299612],[22.268789604238258,65.53181425606606],[22.27195421925415,65.53166195006699]]],[[[22.424223133350928,65.53617434531968],[22.424274038787516,65.5363522836547],[22.424703224869518,65.53633117777997],[22.424223133350928,65.53617434531968]]],[[[22.407720618174846,65.54239804963805],[22.408149919856346,65.54237698956368],[22.40809911020016,65.54219904485139],[22.407720618174846,65.54239804963805]]],[[[22.40749453897317,65.5431308884872],[22.407443732014784,65.54295294352805],[22.407014420167854,65.54297400170068],[22.40749453897317,65.5431308884872]]],[[[22.407116029092037,65.54332989194003],[22.407065224247546,65.54315194683271],[22.406635908757117,65.54317300396795],[22.407116029092037,65.54332989194003]]],[[[22.406737513453358,65.54352889450362],[22.406686710722852,65.54335094924815],[22.406257391588884,65.54337200534603],[22.406737513453358,65.54352889450362]]],[[[22.39600423380542,65.54405493818042],[22.395574892686486,65.5440759641931],[22.395625621326158,65.54425391391526],[22.39600423380542,65.54405493818042]]],[[[22.395290436927773,65.53849644496364],[22.395341150534254,65.5386743949321],[22.395770403004786,65.53865337046688],[22.395290436927773,65.53849644496364]]],[[[22.391677406392855,65.53650816509412],[22.39210662679465,65.53648715134194],[22.392055940374554,65.536309200018],[22.391677406392855,65.53650816509412]]],[[[22.245726512393254,65.5374479410994],[22.24529713529718,65.53746854111674],[22.245776203473852,65.53762595078989],[22.245726512393254,65.5374479410994]]],[[[22.31539356237628,65.52524884521478],[22.314964452572273,65.525269640253],[22.315443700350237,65.52542682753712],[22.31539356237628,65.52524884521478]]],[[[22.3514052524345,65.53414413271578],[22.351506061532643,65.53450006811806],[22.35193528785148,65.53447916826433],[22.3514052524345,65.53414413271578]]],[[[22.349184477734166,65.53244803332112],[22.350472059914374,65.5323853508254],[22.350371274775963,65.53202941449442],[22.349184477734166,65.53244803332112]]],[[[22.337160229468267,65.53916707561547],[22.33673091176636,65.53918793445914],[22.336781227612114,65.53936590792932],[22.337160229468267,65.53916707561547]]],[[[22.331726038835,65.54303934388574],[22.331296652170206,65.54306018799439],[22.33134693995928,65.54323816354622],[22.331726038835,65.54303934388574]]],[[[22.185345951998624,65.53780726151348],[22.185099563170102,65.53691709396757],[22.184536344863663,65.53802615269262],[22.185345951998624,65.53780726151348]]],[[[22.184296787490414,65.54344887606287],[22.183867253326213,65.54346930330303],[22.183916536137747,65.54364733718731],[22.184296787490414,65.54344887606287]]],[[[22.172630874068783,65.57051831711213],[22.172778679629175,65.57105242997439],[22.173589402476658,65.57083359096926],[22.17339230972081,65.57012144168709],[22.172630874068783,65.57051831711213]]],[[[22.172348679567992,65.57107282902605],[22.17239794668212,65.57125086676756],[22.172827949635014,65.57123046754819],[22.172348679567992,65.57107282902605]]],[[[22.17160349427215,65.53846039852189],[22.171174030239186,65.5384807890647],[22.171223215075052,65.53865882803476],[22.17160349427215,65.53846039852189]]],[[[22.170278399042985,65.58091124257874],[22.170376950617015,65.58126731919343],[22.17080712085759,65.58124692409966],[22.170278399042985,65.58091124257874]]]]}},{"type":"Feature","properties":{"cyano_daymap_file_id":2612,"date":"2002-07-17Z","cloud":null,"sub_surfac":null,"surface":null,"no_data":null,"class":1,"color_hex":null,"algae_class":"class_1","source_date":"2002-07-17"},"geometry":{"type":"MultiPolygon","coordinates":[[[[21.92821676,65.40357047],[21.92993366423559,65.41004342680345],[21.930350366443594,65.41033784254809],[21.93206071717197,65.41025907757084],[21.93224981056835,65.41097161326941],[21.930681207281612,65.41158478430167],[21.931203354089828,65.41192136228914],[21.93046915843539,65.41206231099746],[21.930579209999994,65.41247721999997],[21.928873928356882,65.41293016534418],[21.929443340807055,65.41344488442915],[21.928160415997546,65.41350393924874],[21.928349431783264,65.4142164805364],[21.927494122156176,65.41425584567514],[21.92763587427767,65.41479025237584],[21.928585717461104,65.41510715664919],[21.928299820034216,65.41566124651332],[21.926636350679644,65.41591810819392],[21.92677809619377,65.41645251574852],[21.925922710838822,65.41649187269306],[21.92606444556848,65.41702628101562],[21.924495338810708,65.41763939242055],[21.92458981354009,65.41799566568152],[21.921973529494746,65.41955845341727],[21.921354132985922,65.42048847328367],[21.919737498209628,65.4209234002841],[21.91878461910992,65.42222934768007],[21.91716783416374,65.42266424855073],[21.913742165416465,65.4244443467107],[21.912195931753622,65.42478801229686],[21.913913049999998,65.43127434999998],[21.93530943,65.43029056],[21.93732050919981,65.43785542393958],[21.937494789287022,65.43723591716332],[21.938350830366137,65.43719648836533],[21.940587219769743,65.43583126258189],[21.94144320936277,65.43579181673012],[21.94153799348447,65.43614807631354],[21.94277458871666,65.43591076821696],[21.943534425244614,65.43713794317163],[21.944390452136854,65.43709848024831],[21.946340798391176,65.43628729020226],[21.94624594840133,65.43593103426326],[21.94791047527188,65.43567394631141],[21.94776817338762,65.43513956411013],[21.949955500472058,65.43521896605412],[21.95143011470481,65.43424933388752],[21.952713990952322,65.43419007205806],[21.954996847448392,65.4330027677479],[21.954950017069756,65.43120175818903],[21.956872444149628,65.42993217669144],[21.954330879999993,65.42039751999998],[21.96236462002363,65.42002583451836],[21.962273357313915,65.4196835922539],[21.96422186836955,65.41887218839406],[21.964507032912554,65.41831803753189],[21.965504957213653,65.41881282522733],[21.96745330244774,65.41800138119248],[21.96735824576563,65.41764514040742],[21.96906893802252,65.4175659524027],[21.96935398673448,65.41701179347288],[21.970209310002367,65.41697219079536],[21.97134995060338,65.41800129703047],[21.970399497730856,65.41768466800569],[21.970209561422962,65.41859506741753],[21.96935418525617,65.41863467060082],[21.96859388291323,65.41903050882942],[21.9691166637471,65.41936694938468],[21.9678335576909,65.41942634344129],[21.96792489351828,65.419768585351],[21.972654598344757,65.41954976290823],[21.973726182871875,65.41879284242226],[21.974581556211056,65.41875321447021],[21.974486399461266,65.41839697914091],[21.975769436960107,65.41833752914125],[21.97567426590722,65.41798129469599],[21.978905197039175,65.41711024693198],[21.98028251585404,65.41578412043242],[21.981137779145794,65.41574445634805],[21.981042546597052,65.41538822586605],[21.98189779559745,65.41534855760798],[21.984177707738127,65.41416083970708],[21.984414767436707,65.41342854158597],[21.987501884632483,65.41202297616816],[21.98740658204534,65.41166675035794],[21.9893060515399,65.41067692276575],[21.9914437471347,65.4105776299544],[21.993058518153994,65.41014195243434],[21.994152039651276,65.41099277001742],[21.99329695499224,65.41103250619902],[21.992348104237045,65.41233887917409],[21.989308884493212,65.4139226537612],[21.989831821943046,65.41425902102378],[21.9877891374323,65.41471451938382],[21.98788445859921,65.41507074475795],[21.98560464077301,65.41625851777961],[21.985367593208537,65.4169908176238],[21.98289696008868,65.41746609737581],[21.980284265329008,65.41902986169654],[21.980569988620186,65.42009855408838],[21.979429723715537,65.42069239297882],[21.979715434096153,65.42176108708601],[21.97885997207422,65.42180074500118],[21.9785274653374,65.42217680431384],[21.978765541199834,65.42306738433356],[21.98047654533669,65.42298806395753],[21.980761404016615,65.42243388533858],[21.981949347760953,65.42201815075744],[21.98228079255751,65.42001921515711],[21.983278044610202,65.41889101272382],[21.985225831784817,65.41807934446116],[21.985462891504316,65.41734704473535],[21.987173498156537,65.41726765219133],[21.988265771856533,65.41649564535888],[21.989168716825198,65.41663404806646],[21.989073371357268,65.4162778237454],[21.99068852961968,65.4158421679325],[21.99325425947377,65.4157229846571],[21.994773895024874,65.41493106504083],[21.99653202964656,65.41502967810044],[21.99591723944987,65.41758283842321],[21.997200178324498,65.41752320705395],[21.996203580366345,65.4186514952717],[21.99753430527154,65.41876996988165],[21.997629776556415,65.41912618763044],[21.99729757367925,65.41950228540841],[21.996442217479995,65.41954204202855],[21.99625317901881,65.42045246553936],[21.995065538449545,65.42086830987097],[21.995208710024944,65.42140263913731],[21.993925575979635,65.42146225543242],[21.994116447115836,65.42217469609248],[21.992928695011315,65.42259052465675],[21.993547291815727,65.42328309782992],[21.99269180547512,65.42332283442548],[21.99307352493085,65.4247477187986],[21.993929057039622,65.4247079796003],[21.99454773325603,65.42540054788796],[21.99635431459016,65.42567726600016],[21.99640357822463,65.4274642537311],[21.9994879,65.4273211],[21.999921621620334,65.42893770074704],[22.00211103172184,65.42937689428081],[22.003346732874896,65.42913909843686],[22.004297996714005,65.42945551194916],[22.00558149327507,65.42939580394098],[22.006532792871845,65.42971220301767],[22.00677190245104,65.43060272874264],[22.004350632689068,65.43287932855175],[22.004637519312784,65.4339479639063],[22.002213470369227,65.4346016776201],[22.00187714,65.43622646],[22.000083355785197,65.43630972293819],[21.999791448734353,65.43687821133598],[22.001218720461125,65.43735285932377],[22.002074648945637,65.43731307013636],[22.001931232373735,65.43677874986288],[22.00278714080787,65.43673895682582],[22.00378649730473,65.43723347727922],[22.004974724186063,65.43681755875313],[22.00711447908782,65.43671802405571],[22.007210159573926,65.43707423363658],[22.004977201229504,65.43844041328194],[22.004788360286714,65.43935084533909],[22.0036478401997,65.43994486956484],[22.002791828671167,65.43998466846915],[22.002935283992418,65.44051898752875],[22.001318835507618,65.44095478670675],[22.00184248497694,65.44129110535333],[22.0006062012523,65.44152889441229],[22.001749150028168,65.44255774813439],[22.00051280615159,65.44279553699988],[22.000608423741678,65.44315175133607],[21.997661820952732,65.44509193660065],[21.998165004733103,65.44541509328869],[22.00426906873553,65.4451350862951],[22.005747640866367,65.44453580733682],[22.006651649190438,65.44467409510968],[22.0077497940133,65.44714764734495],[22.006752596556446,65.44827601052525],[22.00594417578737,65.44849393457854],[22.005522538328396,65.44979827375003],[22.006681329149927,65.45410923498328],[22.008571893445325,65.45504397201337],[22.011473787778055,65.4545483184499],[22.011096377373413,65.45636919554786],[22.013049054121147,65.45717999932963],[22.01390560870911,65.45714013705046],[22.01490597324777,65.45763457405639],[22.02018924881906,65.45792956207687],[22.02038115565298,65.458641959134],[22.02123774455594,65.45860205493294],[22.021525660844322,65.45967064787871],[22.02052861538107,65.46079910038769],[22.022529916270855,65.46178787447377],[22.021418769078874,65.4623664558358],[22.030473550000004,65.46194475],[22.031230542519623,65.46474921580099],[22.031437294483386,65.46425798516395],[22.03229404671972,65.46421801667944],[22.0326305650865,65.46546467777998],[22.03391574828172,65.46540471255132],[22.035340748768316,65.46425618229014],[22.036245592173312,65.46439428474433],[22.03448840866061,65.46591900274808],[22.03468077534176,65.46663137712783],[22.033872036273866,65.46684945373177],[22.034160577867006,65.46791801645196],[22.032416301749517,65.46914215380532],[22.03287715,65.47084948],[22.05430042,65.46984857],[22.05188964,65.46094424],[22.073303919999997,65.45994071],[22.070887779999996,65.45103673999999],[22.02807174,65.45303996],[22.02087714,65.42632524],[22.04226459,65.42532637],[22.039862839999998,65.41642176],[22.061241339999995,65.41542029],[22.06013077483481,65.41131210917676],[22.05828657781766,65.41124446206737],[22.058425276585698,65.41015589668305],[22.05709474656618,65.4100379574988],[22.056907871833772,65.41094843587675],[22.054439168101776,65.41142486879035],[22.05458348596132,65.41195913048813],[22.053728480954415,65.4119992085989],[22.05225892079082,65.41296979098627],[22.049838017810234,65.4136242394433],[22.048368223414492,65.41459478615478],[22.04627851892554,65.41487297696268],[22.04637463464685,65.41522915756265],[22.041243831261326,65.41546928165074],[22.03962956759198,65.41590547019008],[22.039533540419935,65.41554928444077],[22.038630383888048,65.4154111853673],[22.038961939122743,65.41503500283987],[22.03710768214873,65.4145806981054],[22.036483817553247,65.41226547612406],[22.037290872785945,65.41204740158167],[22.03776196779848,65.41058266753922],[22.0367150457682,65.4099102738577],[22.034529645671817,65.40983211102603],[22.033103315662576,65.40935776890697],[22.034237674959996,65.4071407027875],[22.033854031240388,65.40571594103149],[22.036257835587374,65.40303916495166],[22.03027381,65.38080276],[22.024014848931937,65.3810949663643],[22.024349882766824,65.38163444970998],[22.02326008218483,65.38240669432294],[22.022405980967616,65.38244658610122],[22.022928686370225,65.38278284094247],[22.02164751422232,65.3828426741718],[22.02050977135538,65.38343679952658],[22.020273948101988,65.38416914268878],[22.01904050586757,65.38440705556658],[22.018995860646584,65.38585180296589],[22.01634060870057,65.38723804030572],[22.015820867043853,65.38852461342606],[22.01435115065945,65.38949482801763],[22.00965220137908,65.38971390846345],[22.009747709226502,65.3900701183334],[22.004905444058274,65.38975473644584],[22.00500088773218,65.39011094994189],[22.003244403781252,65.39001241971245],[22.002105933791817,65.39060641300837],[22.002201343253883,65.39096262860262],[22.000160676747385,65.39141827527527],[22.000305787410017,65.39357546074895],[21.99888096058181,65.39310078036522],[21.999167099239234,65.39416943391142],[21.997885306414975,65.39422907102512],[21.996652994503787,65.39608966914503],[21.995134478250986,65.3968815971693],[21.994279854798254,65.39692133450117],[21.99200186636011,65.39810918697181],[21.991717482760187,65.39866338245609],[21.988203459440793,65.39846600200038],[21.98711067416751,65.39761513405819],[21.985496561373907,65.39805074164629],[21.98407174729044,65.39757592116447],[21.98321708101282,65.39761559617627],[21.982077827757237,65.39820944558846],[21.98222058568518,65.39874379131764],[21.980890944994186,65.3986251711695],[21.98103368150836,65.39915951822488],[21.97965645413577,65.3988627715927],[21.97761477095032,65.39931812263144],[21.97505055809532,65.39943702533094],[21.974860404041355,65.39872455346439],[21.973483266631355,65.39842774956313],[21.974717795981487,65.39819019933022],[21.974575194333116,65.39765584499528],[21.973150594386404,65.39718091922202],[21.973577543344387,65.3955382349818],[21.97220058928887,65.3952414175883],[21.973387463388747,65.3948257605042],[21.97367219942258,65.39427159621248],[21.97215278700896,65.39344042164339],[21.973007337655115,65.3934008104787],[21.972769782209923,65.39251021598817],[21.970870749253393,65.39187695167371],[21.970490811633805,65.39045199343312],[21.968544509307243,65.38964057779518],[21.969351463211698,65.38942286789514],[21.969066599723376,65.3883541455339],[21.969826030366768,65.38795831308106],[21.970537789977143,65.38576147886967],[21.97139209386228,65.38572187922558],[21.971249641697998,65.38518752020896],[21.972056437291666,65.38496979732693],[21.972625763378122,65.38386147446326],[21.973432506933232,65.38364374470758],[21.973954253370728,65.38235729869676],[21.975093024971162,65.38176351517272],[21.974903024473512,65.38105104169341],[21.975757167301182,65.38101141884256],[21.975946710274197,65.38010101569044],[21.977180362396446,65.37986345363872],[21.977796885194653,65.3789332317466],[21.982398271324996,65.37673605728268],[21.982255654389686,65.37620171018985],[21.98353661111735,65.37614221403905],[21.984200375777764,65.37539008406048],[21.985565553568257,65.37529396283446],[21.98518997,65.3738877],[21.98947068182897,65.37368786590203],[21.99060350644846,65.37346954755552],[21.990508330916178,65.37311332228033],[21.99264296678924,65.37301404181513],[21.992927082602673,65.3724598469533],[21.994587128402426,65.37220228694112],[22.000371244767145,65.36958876968997],[22.004544488535906,65.36903369073207],[22.006442626359114,65.36966653948528],[22.009003764064566,65.36954713239112],[22.00909917449412,65.36990334371416],[22.009857470920576,65.36950732040194],[22.01199172556143,65.36940776937577],[22.01208717584942,65.36976397842061],[22.015928840436366,65.36958470785268],[22.016639267508957,65.36901054848741],[22.021525598127756,65.36950369035233],[22.023898825096133,65.37029447459267],[22.02551410614297,65.37148132397627],[22.024660363924585,65.37152122506595],[22.024968534720387,65.37203073930829],[22.049223889999997,65.37089844],[22.0468258,65.36199389999999],[22.00320586295387,65.36403150939904],[22.004585551598606,65.36434322167894],[22.004540082863443,65.36578797311935],[22.00292819895679,65.36622374606965],[22.00302351251496,65.36657996219337],[22.002169888158022,65.36661973464471],[22.000796131249746,65.36794602766433],[21.999231688120467,65.36855987185537],[21.997951143717057,65.36861949751275],[21.996432506435646,65.3677885599883],[21.98874932307546,65.36814600697333],[21.986662614907296,65.3684233428736],[21.984291604383337,65.3692548307873],[21.982915930696336,65.36895809885782],[21.98229897284545,65.36826546580346],[21.983105160758562,65.36804768954873],[21.982962586484625,65.3675133426447],[21.983768745925094,65.36729556310908],[21.984005465854043,65.36656326838089],[21.987861470158393,65.36474665850938],[21.98281322,65.36498194],[21.98043825,65.35607612],[21.95910428,65.35706572],[21.96621315999999,65.38378422],[21.944856049999995,65.38477201999999],[21.94958992,65.40258488],[21.92821676,65.40357047]],[[21.966883046507068,65.41748681380568],[21.967310718493803,65.41746701998146],[21.96735824576563,65.41764514040742],[21.966883046507068,65.41748681380568]],[[22.039677582257905,65.41608356303072],[22.039201987366994,65.41592546820137],[22.03962956759198,65.41590547019008],[22.039677582257905,65.41608356303072]],[[21.97215278700896,65.39344042164339],[21.971678006666203,65.3932821060793],[21.97210528020341,65.39326230246587],[21.97215278700896,65.39344042164339]],[[21.971203232030764,65.39312378896436],[21.971630503426116,65.39310398671749],[21.971678006666203,65.3932821060793],[21.971203232030764,65.39312378896436]],[[22.01369871,65.39961001999998],[22.016089729999997,65.40851515],[21.95195950999999,65.41149122999998],[21.94958992,65.40258488],[22.01369871,65.39961001999998]],[[22.05964247505544,65.45788993229239],[22.059690718855073,65.45806801644433],[22.059262468998895,65.45808807779089],[22.05964247505544,65.45788993229239]],[[22.056173990317813,65.45949512386726],[22.053604320777488,65.45961541551621],[22.053031433182188,65.45910119996348],[22.051698420056248,65.45898323719848],[22.051602037791795,65.45862706276466],[22.054358839543667,65.45759632826329],[22.053834185927258,65.457260201679],[22.052597651857766,65.45749841893378],[22.05202483260584,65.45698419889048],[22.052784919612982,65.4565879426433],[22.054117814292255,65.45670589696029],[22.053785983743982,65.45708211525415],[22.054738876532813,65.45739819480764],[22.056451843241728,65.45731799376884],[22.056307185086748,65.45678373745145],[22.057115423224822,65.45656554551611],[22.057971876403087,65.45652543423502],[22.058116566787753,65.45705968864873],[22.058973034269776,65.45701957155111],[22.059594231980288,65.45771184811765],[22.056173990317813,65.45949512386726]],[[22.03700613237902,65.46399810363059],[22.036577764567507,65.4640181017667],[22.03652966471227,65.46384000887174],[22.03700613237902,65.46399810363059]],[[22.033972600137336,65.46882847628521],[22.03354415048802,65.46884846659977],[22.03349606054404,65.46867037265527],[22.033972600137336,65.46882847628521]],[[22.033789526044227,65.39904649087626],[22.03293490309801,65.39908644738897],[22.03288697174376,65.39890835155792],[22.033693652640093,65.39869029984524],[22.033789526044227,65.39904649087626]],[[22.016012789887736,65.4150245179115],[22.018434695951985,65.41437060295277],[22.018291097932675,65.41383629981192],[22.01909835779553,65.41361832068688],[22.01605756015209,65.41357977077665],[22.0168169776374,65.41318370184868],[22.016625569427685,65.41247129502673],[22.018523970345676,65.41148110974027],[22.021944165090638,65.41132156506038],[22.022990771874447,65.41199406431805],[22.02270691297758,65.41254831304866],[22.023989532002602,65.41248845686155],[22.02498833000529,65.41298284242087],[22.022994278216167,65.41361690916618],[22.022426517792795,65.41472540648785],[22.018629416809805,65.41670585420114],[22.016966824612837,65.41696370360002],[22.016682789470792,65.4175179426461],[22.014164858359706,65.41781562754635],[22.014021324476957,65.41728131974907],[22.014828725823197,65.41706336213178],[22.016012789887736,65.4150245179115]],[[22.02338101329991,65.416664547161],[22.024236226249048,65.41662463914064],[22.024523707758167,65.41769323116338],[22.02328874333583,65.41793119340686],[22.023384560540926,65.418287391502],[22.02428774177108,65.41842558164005],[22.02091453157706,65.41876328817729],[22.021102701531102,65.41785284214922],[22.02338101329991,65.416664547161]],[[22.020880843720853,65.4025348254845],[22.020453463972288,65.40255476840629],[22.020357755966213,65.40219856732016],[22.020880843720853,65.4025348254845]],[[22.01385767827487,65.45696203530639],[22.01428595162114,65.45694210251834],[22.014333884923346,65.45712020409901],[22.01385767827487,65.45696203530639]],[[22.011944001489056,65.36922966481966],[22.01237084742727,65.3692097511681],[22.012418574346565,65.36938785556146],[22.011944001489056,65.36922966481966]],[[22.011743587069763,65.44587983661184],[22.01193515764347,65.44659224773685],[22.011078944210468,65.44663209557892],[22.010746608823073,65.44700822409563],[22.00893839804745,65.44673169405577],[22.010079083278534,65.44613762832307],[22.011743587069763,65.44587983661184]],[[22.005782797723796,65.43659964318124],[22.005354848888857,65.4366195487509],[22.005307021893422,65.43644144325202],[22.005782797723796,65.43659964318124]],[[22.004305241593475,65.43432407775504],[22.00435305711434,65.43450218368679],[22.003925141200206,65.43452208488684],[22.004305241593475,65.43432407775504]],[[22.002816405489448,65.42393421325346],[22.002864188001215,65.42411232000015],[22.002436440207596,65.42413221536913],[22.002816405489448,65.42393421325346]],[[21.999016495229107,65.42591419377928],[21.99725761919948,65.42581561680862],[21.998349934213426,65.42504353664839],[21.998206674623226,65.4245092112368],[22.002197549117017,65.42324168059675],[22.00276862369443,65.42375610648438],[21.999016495229107,65.42591419377928]],[[22.00227051330322,65.44127120898492],[22.00231833032132,65.44144931552921],[22.00189029913057,65.44146921206061],[22.00227051330322,65.44127120898492]],[[21.99649563618317,65.42458873305645],[21.995640112666116,65.42462848672918],[21.99559237806523,65.42445037723722],[21.99649563618317,65.42458873305645]],[[21.996400156255252,65.42423251470102],[21.99597240057585,65.42425239181499],[21.995924664546543,65.4240742824409],[21.996400156255252,65.42423251470102]],[[21.994579580908184,65.41097290011842],[21.994627278992958,65.41115101031629],[21.99419973487869,65.41117088037791],[21.994579580908184,65.41097290011842]],[[21.99440277529325,65.42324335640986],[21.993975033912392,65.42326322772296],[21.993927313620233,65.42308511756343],[21.99440277529325,65.42324335640986]],[[21.99361587067213,65.39767351076205],[21.993663533003645,65.39785162164297],[21.99323620450687,65.39787148690515],[21.99361587067213,65.39767351076205]],[[21.9447236317494,65.436722489921],[21.944295625100416,65.4367422228702],[21.944248212649644,65.43656409414787],[21.9447236317494,65.436722489921]],[[21.931725514461107,65.41225793833763],[21.931297894975824,65.41227763075204],[21.931250624178396,65.41209949653165],[21.931725514461107,65.41225793833763]],[[21.93015682317871,65.41287110473914],[21.930251353997214,65.41322737394819],[21.929823717379797,65.4132470623448],[21.93015682317871,65.41287110473914]],[[21.922115203824394,65.42009286599583],[21.92216243001775,65.4202710034779],[21.92173467126654,65.42029067009295],[21.922115203824394,65.42009286599583]],[[21.92140135487325,65.42066661104366],[21.92144857746897,65.42084474878163],[21.921020808716612,65.42086441346689],[21.92140135487325,65.42066661104366]]],[[[22.058737743011626,65.45775196894556],[22.058309497440693,65.45777202754802],[22.058357731914754,65.45795011221588],[22.058737743011626,65.45775196894556]]],[[[22.019194099084995,65.41397452219567],[22.01914622808138,65.41379642145256],[22.018718663365895,65.41381636123496],[22.019194099084995,65.41397452219567]]],[[[21.941109993314196,65.43616780016612],[21.94115738357726,65.4363459300861],[21.94158538661227,65.43632620607195],[21.941109993314196,65.43616780016612]]],[[[21.94072937983096,65.43636565289309],[21.940776767940505,65.4365437829525],[21.94120477455161,65.43652405998397],[21.94072937983096,65.43636565289309]]]]}}]}