{"type":"FeatureCollection","properties":{"source":"SMHI SE.SR Ytansamling av alger","date":"2010-09-06","note":"Test: SMHI WFS clipped to Lulea municipal sea area and simplified 20 m."},"features":[{"type":"Feature","properties":{"cyano_daymap_file_id":3402,"date":"2010-09-06Z","cloud":null,"sub_surfac":null,"surface":null,"no_data":null,"class":1,"color_hex":null,"algae_class":"class_1","source_date":"2010-09-06"},"geometry":{"type":"MultiPolygon","coordinates":[[[[22.360461523808972,65.86116370238497],[22.360942614517928,65.86043261187731],[22.362578716413694,65.8599927755315],[22.36247621705252,65.85963686429918],[22.359995628208274,65.85867402475571],[22.361094549303438,65.8578992668466],[22.360940847289307,65.85736539802727],[22.362857613187007,65.8563707134304],[22.363113841545715,65.85726049094184],[22.364034287712965,65.85739647458918],[22.364546869963025,65.85917602403002],[22.363728869250362,65.85939595444667],[22.36388264374755,65.85992981976632],[22.365289102040222,65.86022276198979],[22.36577374280884,65.86090616939927],[22.396368777930952,65.859422941629],[22.39668447049406,65.85906410026999],[22.39885743269808,65.85895868529497],[22.398748604356854,65.8593075691632],[22.40001513292339,65.85924616866686],[22.400492768037203,65.85851845052014],[22.4022310874637,65.85843407817926],[22.40325482732723,65.85892570248438],[22.40412399693412,65.85888350298265],[22.40468392977639,65.85777366685228],[22.405884531025684,65.85735447777965],[22.407880538852247,65.85815973235852],[22.408749673439885,65.858117506887],[22.40963071557456,65.85878001135872],[22.425559789999994,65.85800778],[22.422976689999995,65.84911123999998],[22.44469572,65.84805206],[22.4421072,65.83915589],[22.46381688,65.83809409],[22.46122296,65.8291983],[22.4829233,65.82813387000002],[22.475131289999997,65.80144744],[22.47333639301457,65.80153546246189],[22.472751028706476,65.80266090472898],[22.4718838910196,65.80270347475313],[22.47283621057492,65.80446131464686],[22.471742899161217,65.80523682057877],[22.47210603160798,65.80648220906966],[22.469207398352953,65.80860950222288],[22.469952285223727,65.80965570502579],[22.471894572957655,65.81028222780154],[22.47258772708975,65.81115050368186],[22.473558947904426,65.81146375063716],[22.47279530719761,65.8118621524698],[22.472951000564045,65.81239588879505],[22.472083535633868,65.81243846314602],[22.472064948368793,65.81388304846644],[22.4708155600533,65.81412481426983],[22.471023120011584,65.81483646566687],[22.468401670811566,65.81640873047255],[22.468175370263037,65.81714166185175],[22.46671831534015,65.81667173987965],[22.465850694039926,65.8167142803227],[22.46722284763588,65.81538379482174],[22.465836702575412,65.81364718958352],[22.464431733110303,65.81335515844867],[22.463356878978697,65.81268602117385],[22.46248938523645,65.81272854126723],[22.462333906183154,65.81219479218872],[22.460184462631258,65.81085647794579],[22.459265223386573,65.81072106179998],[22.460080850024525,65.8105006432894],[22.459925437022147,65.80996689111555],[22.46079284287146,65.80992438645272],[22.459770031108615,65.80943313871464],[22.461886680563637,65.80914895387052],[22.462164918733286,65.80859394719279],[22.46336230366382,65.80817433791013],[22.463329575875832,65.80655183265347],[22.46085054374477,65.80559061581184],[22.459601443289753,65.8058322870001],[22.459705026716207,65.80618812226489],[22.45705139606997,65.8061376807217],[22.455141982209597,65.80713347461858],[22.452158080641823,65.80746002491603],[22.45162093155489,65.80712541130606],[22.451465718239348,65.80659164857968],[22.455336369504458,65.80477804770133],[22.457122618069718,65.80487100757264],[22.457019076660362,65.80451517014622],[22.45831991767115,65.80445143869179],[22.460746947389133,65.80523478145082],[22.461614192341475,65.80519227368514],[22.46151058736725,65.80483643992669],[22.462481434143797,65.80514976102049],[22.464701349128706,65.805221373536],[22.464008630891538,65.80435305759852],[22.464875839706636,65.80431053164476],[22.464772193963142,65.8039547004991],[22.4655875602868,65.80373425509177],[22.465276611389825,65.80266676300865],[22.463650520103556,65.80201046152087],[22.431772819999992,65.80357059999999],[22.434353469999998,65.81246700999999],[22.390972449999992,65.81457878999998],[22.38706041412057,65.80100871369426],[22.38379357003362,65.80068651622862],[22.383383553120858,65.79926292783065],[22.38419949524504,65.79904291198876],[22.38584254,65.79678415],[22.37134686509091,65.79748652296473],[22.37073084637415,65.79807182233455],[22.371317926219113,65.79858468588358],[22.37011943628831,65.79900358314646],[22.37027291024682,65.79953744500358],[22.36869188345109,65.80015528069389],[22.368029206432343,65.80090907970754],[22.36866745360559,65.80159990803246],[22.367902442171665,65.80199779770857],[22.36805589164476,65.80253166202749],[22.366857166735787,65.80295053591881],[22.36667920260087,65.80386129822223],[22.36736864275764,65.80473008675938],[22.366603520443938,65.80512797098609],[22.366504518689954,65.80597777324039],[22.369278999999995,65.81563008999998],[22.35546796027198,65.81629738135425],[22.35328749721711,65.81695813991308],[22.353057898417333,65.81769093123248],[22.352241096938677,65.8179107887227],[22.352164700514756,65.81917746109951],[22.351296769151446,65.81921935327337],[22.350250206911777,65.8201719899803],[22.350275858539646,65.82179458518276],[22.352369516149977,65.82295653030896],[22.353722698408784,65.82307163929919],[22.354565583330604,65.82447436421113],[22.35331452603972,65.82471518374994],[22.35351894056762,65.82542702408281],[22.352318924568593,65.82584579610017],[22.352472221743746,65.8263796775048],[22.350889140315953,65.82699734834365],[22.350276376839727,65.8279290424948],[22.34639475989443,65.82974008098802],[22.346496893902433,65.8300960065145],[22.343380961242595,65.83150917963977],[22.34348306201184,65.83186510749717],[22.342231539356817,65.8321058406626],[22.340954075799193,65.83379120068693],[22.342205692306543,65.83355047709509],[22.341669389721964,65.83321546874369],[22.342818873135904,65.83261881136625],[22.343687272875282,65.8325769629167],[22.34309992293733,65.8320639957072],[22.344351435025903,65.83182325552619],[22.344453550711616,65.83217918259173],[22.34532193242513,65.83213732501916],[22.345858258623036,65.83247232031913],[22.3439425539403,65.83346678163758],[22.34263990888066,65.83352955507144],[22.34317623073423,65.83386455983016],[22.341975654746385,65.83428325589236],[22.34131136269418,65.83503695418423],[22.34039183789933,65.83490082490182],[22.340136662501894,65.83401099924217],[22.339906562314,65.83474377551947],[22.337556199870146,65.83575907518228],[22.33975254162164,65.83727711943793],[22.345500299919056,65.837361045954],[22.34437639047446,65.8365130893396],[22.343507859261663,65.83655494296282],[22.34465744429972,65.83595827078337],[22.344402108823772,65.835068453785],[22.34493848662651,65.83540345181872],[22.345806976183322,65.83536159045819],[22.345934762683882,65.83427288118394],[22.347569488721795,65.83383321859618],[22.349433982244594,65.8326607514094],[22.350353470965036,65.83279682659705],[22.350685460745183,65.8324199596425],[22.351553838398928,65.83237806667229],[22.351017441051013,65.83204309205647],[22.353188345942158,65.83193834602875],[22.352422212940922,65.83233616879404],[22.355410364965415,65.83201152846043],[22.35691747328598,65.83266048139973],[22.357070914616187,65.83319435679445],[22.356253662978762,65.83341424005918],[22.355666044560817,65.83290132375969],[22.355385259560194,65.83345616000021],[22.35732666573803,65.8340841486254],[22.361234534837624,65.8338954198123],[22.36200057389461,65.83349755374222],[22.363737354503456,65.83341363394074],[22.36524475300969,65.83406250191284],[22.366088659179606,65.83546515335418],[22.364785977968122,65.83552811602874],[22.362819603005736,65.83634485366507],[22.359447971915504,65.83686857143896],[22.35921840382102,65.83760137168342],[22.360086939616977,65.83755942867906],[22.36067475739019,65.83807232605098],[22.359474281826945,65.83849115869145],[22.35150368401385,65.83833455894037],[22.35096715838307,65.83799958538117],[22.34917891293109,65.83790540191782],[22.34762058780852,65.83707841169641],[22.34593457757041,65.83734011397972],[22.347824962835787,65.8377902600001],[22.34754396001341,65.83834508389378],[22.348412543757096,65.83830320681744],[22.348565849057948,65.83883709204443],[22.35068622179151,65.83855441442162],[22.353343101476682,65.83860667464064],[22.35344537387996,65.83896259418368],[22.355565699290494,65.83867984927798],[22.35566800278594,65.8390357670352],[22.35658775277216,65.83917180218464],[22.359678998256502,65.83920298785338],[22.361569753992903,65.83965296020621],[22.363792459220154,65.83972601410663],[22.363614205577434,65.84063677552301],[22.358887865993253,65.84104547423539],[22.357482541181675,65.84075246227157],[22.35830001204927,65.84053257033716],[22.35776335146568,65.84019762194552],[22.353701068513434,65.83985239260969],[22.351810430338944,65.83940232173588],[22.352576777722135,65.83900449999794],[22.350788457195584,65.83891033609704],[22.351427247786305,65.83960123124753],[22.352832442818872,65.83989430016011],[22.353420173317733,65.84040722627913],[22.354671986212388,65.84016639865267],[22.354774284446506,65.84052231705718],[22.355642927541894,65.84048039829797],[22.357636052219185,65.84128633641862],[22.362030538922326,65.84125456745183],[22.362184147931146,65.84178843608892],[22.36131547348296,65.84183039234496],[22.361852215092856,65.84216532747953],[22.36049798866241,65.84205030054927],[22.359680489686795,65.84227020451402],[22.360217219808007,65.84260514550276],[22.358914159823392,65.84266806171844],[22.36070276744128,65.84276212773516],[22.36129072251794,65.84327502141534],[22.363896882985845,65.84314913693738],[22.36461192486718,65.84257330018853],[22.3659149633047,65.84251033557757],[22.366144375497687,65.84177752677452],[22.36777921362867,65.84133764681926],[22.367625491760343,65.84080378489018],[22.368774690291698,65.84020693493105],[22.370077596647796,65.84014393607748],[22.370180107874123,65.84049984211555],[22.371636824201644,65.84097068847677],[22.372505449388765,65.84092867399977],[22.371663923829537,65.84259326601867],[22.36959472573426,65.8430541888155],[22.36606866192815,65.84304419944795],[22.364868048826676,65.84346307579106],[22.365277887725327,65.84488671546916],[22.364025951552627,65.84512763118501],[22.362978864906776,65.84608036009219],[22.363720624027323,65.84712711022492],[22.365995225951824,65.84737808109686],[22.366021998641592,65.84900066273632],[22.365204330586586,65.84922059787522],[22.362060655782837,65.84901157953283],[22.36241921905087,65.85025727131921],[22.3616014795558,65.85047718785961],[22.36137187352195,65.8512099916745],[22.35861127481126,65.85080196893266],[22.35741436016507,65.85089931935921],[22.360461523808972,65.86116370238497]],[[22.356712895744792,65.8319486471947],[22.35535923138135,65.8318335693266],[22.354771668622323,65.83132064905054],[22.353903332934756,65.83136255991684],[22.353801090480278,65.83100664038554],[22.354950190725983,65.83040989536771],[22.35479681332033,65.82987601722618],[22.3562015063805,65.83016905995486],[22.355613966968605,65.82965614269351],[22.359087047413617,65.82948843320901],[22.35972581046891,65.83017929393358],[22.358423378062064,65.83024219995606],[22.358959831594436,65.83057714802084],[22.35814267875686,65.83079704044971],[22.358781451191753,65.83148790503213],[22.359700943882054,65.83162392390078],[22.35952258466693,65.83253468157206],[22.357632394826535,65.83208467845701],[22.357785846860804,65.83261855303178],[22.35691747328598,65.83266048139973],[22.356712895744792,65.8319486471947]],[[22.47318459636721,65.80263961788013],[22.473236473733042,65.80281753007105],[22.472802903131154,65.80283881709606],[22.47318459636721,65.80263961788013]],[[22.46860918619785,65.81712038558776],[22.46866106701694,65.81729829930335],[22.468227248137193,65.81731957574348],[22.46860918619785,65.81712038558776]],[[22.462361055453055,65.81832898241045],[22.462412896038497,65.81850689864068],[22.46154520437655,65.81854941529267],[22.462361055453055,65.81832898241045]],[[22.461422364413846,65.81963817179914],[22.461474201681806,65.81981608838059],[22.46104033326045,65.81983734487461],[22.461422364413846,65.81963817179914]],[[22.461025172805023,65.80467977697722],[22.460539764126743,65.80452311242601],[22.461406985542915,65.80448060606733],[22.461025172805023,65.80467977697722]],[[22.458540741835957,65.82032069365171],[22.46076196291027,65.8203923507917],[22.46086563275879,65.82074818443128],[22.458955316001386,65.82174403484427],[22.456785791115767,65.82185027095747],[22.45520555578521,65.82246899506505],[22.452550245270285,65.82241849157558],[22.452291343604625,65.82152889058196],[22.458540741835957,65.82032069365171]],[[22.439399008920866,65.82865537687597],[22.438148586825626,65.8288968852415],[22.438045191542873,65.82854103353188],[22.439399008920866,65.82865537687597]],[[22.421780644016366,65.84683750284742],[22.423290285538098,65.84748577600868],[22.422524809742637,65.84788394391482],[22.421656048158084,65.847926244133],[22.421118413081494,65.84759152787001],[22.419432515308884,65.84785404024409],[22.41966043299667,65.84712116569638],[22.421780644016366,65.84683750284742]],[[22.420815909243768,65.81314120220985],[22.420867450359655,65.81331913541582],[22.41999985125283,65.81336141498929],[22.420815909243768,65.81314120220985]],[[22.411919503263377,65.81736379387704],[22.413221126862915,65.8173004393973],[22.41311813190489,65.81694456696303],[22.414368225633194,65.81670326677074],[22.41421371490434,65.81616945943088],[22.415360741177192,65.81557228004502],[22.416228423894566,65.81553002603603],[22.416073883076795,65.81499622086979],[22.41982372368046,65.8142722212173],[22.419316824516706,65.81556003217825],[22.420721426710596,65.81585248214634],[22.41941989845657,65.81591589966482],[22.41875834275234,65.81666990795523],[22.417456767387925,65.81673330918869],[22.416743610884513,65.81730937496569],[22.41549351141779,65.81755069466826],[22.416288028115062,65.81877511261602],[22.4145009303247,65.81868168288862],[22.41368464295012,65.81890186411503],[22.413787655142794,65.81925773599977],[22.412537432731995,65.8194990326792],[22.412691932724304,65.82003284181785],[22.410956246814933,65.82011730778625],[22.41041935207263,65.81978254673105],[22.411919503263377,65.81736379387704]],[[22.41931650711623,65.85200992612126],[22.41936813146325,65.85218785902491],[22.41849921824542,65.85223014275272],[22.41931650711623,65.85200992612126]],[[22.416127960596516,65.82582021883294],[22.416488751618424,65.82706576194533],[22.414370098307923,65.82734933634929],[22.413700269888725,65.82503617283255],[22.4163042751696,65.82490941507247],[22.41689289925142,65.82542208815364],[22.416127960596516,65.82582021883294]],[[22.408918930530547,65.82220128744363],[22.409352890305072,65.82218017822345],[22.409404373958726,65.8223581158519],[22.408918930530547,65.82220128744363]],[[22.409404373958726,65.8223581158519],[22.409889823282576,65.82251494265955],[22.40945585839563,65.8225360534554],[22.409404373958726,65.8223581158519]],[[22.408764493112177,65.82166747388415],[22.408867450607918,65.82202334961543],[22.40843349299799,65.82204445743476],[22.408764493112177,65.82166747388415]],[[22.40858792627197,65.82257827136887],[22.40863940559632,65.82275620929697],[22.408205435411734,65.82277731658937],[22.40858792627197,65.82257827136887]],[[22.40735969894236,65.82137491573572],[22.40779364632762,65.82135381106752],[22.40784511722236,65.82153174934507],[22.40735969894236,65.82137491573572]],[[22.40784511722236,65.82153174934507],[22.408330541397717,65.82168858135394],[22.40789658890016,65.82170968759769],[22.40784511722236,65.82153174934507]],[[22.40534431224621,65.82201423858928],[22.4057782723893,65.82199313952711],[22.40582973089411,65.82217107860352],[22.40534431224621,65.82201423858928]],[[22.40582973089411,65.82217107860352],[22.40761704650797,65.8222646077478],[22.408153959035346,65.82259937848647],[22.407337492693134,65.82281952749584],[22.40582973089411,65.82217107860352]],[[22.407109398119527,65.82355238536923],[22.407160869567317,65.8237303238717],[22.406726881509627,65.82375142713342],[22.407109398119527,65.82355238536923]],[[22.406189962349252,65.8234166514401],[22.406241427117557,65.82359459031701],[22.40580744044202,65.82361569095166],[22.406189962349252,65.8234166514401]],[[22.404426256680782,65.85688397306932],[22.404477789729754,65.8570619118758],[22.404043236458833,65.85708301294787],[22.404426256680782,65.85688397306932]],[[22.399291449461174,65.820864881755],[22.399342860436665,65.82104282347571],[22.39890890997369,65.82106390415055],[22.399291449461174,65.820864881755]],[[22.383696616048315,65.82324557634549],[22.383594000546196,65.82288968037244],[22.38446199232941,65.82284760398738],[22.383696616048315,65.82324557634549]],[[22.382418213251313,65.82186406124741],[22.381167556048517,65.82210510515402],[22.38101369458484,65.82157125802358],[22.381932939267667,65.82170714540774],[22.381779064795438,65.8211732991734],[22.38330973445866,65.82037737064128],[22.383538487168984,65.81964454203462],[22.385656874458874,65.81936139804255],[22.385554250467795,65.81900550346616],[22.389025659860014,65.81883712910808],[22.39004752998591,65.81932885985742],[22.39188595627323,65.8196005209011],[22.396173862752665,65.81921191731841],[22.397578415662355,65.8195045807269],[22.397681208197692,65.81986046558896],[22.399034406315153,65.819975172778],[22.39837214935081,65.82072909943484],[22.393318853287678,65.82151578548927],[22.389795769656097,65.82150631509619],[22.388596541231696,65.82192536460819],[22.38686063295112,65.82200955873412],[22.386095318764387,65.82240754252075],[22.3866832861254,65.82292033834456],[22.38446199232941,65.82284760398738],[22.382418213251313,65.82186406124741]],[[22.39880609470034,65.82070802033515],[22.398857501945976,65.82088596225529],[22.3984235536487,65.82090704152952],[22.39880609470034,65.82070802033515]],[[22.39434580504925,65.83878798673132],[22.395802852541365,65.83925859942391],[22.395882907231233,65.84105910062509],[22.394351437788746,65.84185516287641],[22.392179898052817,65.84196050014786],[22.390774160000806,65.84166779847186],[22.390311577062707,65.84006629534004],[22.39092314237387,65.83913445222858],[22.39434580504925,65.83878798673132]],[[22.392799891616026,65.81666916338834],[22.393233774046852,65.81664810073518],[22.39328513306019,65.81682604499717],[22.392799891616026,65.81666916338834]],[[22.39328513306019,65.81682604499717],[22.39377038039812,65.81698292500653],[22.393336492854765,65.81700398923431],[22.39328513306019,65.81682604499717]],[[22.392287032911128,65.85909689444928],[22.390114026683097,65.85920221643045],[22.39164663549547,65.85840618575025],[22.392515810407403,65.85836405221353],[22.392287032911128,65.85909689444928]],[[22.384852402168907,65.84556355151577],[22.3825264404818,65.84513491354663],[22.38237238531344,65.84460106967232],[22.383138400648225,65.84420309783148],[22.386127502879408,65.84387784737591],[22.386230254023864,65.84423374032728],[22.38952770872428,65.84497610083073],[22.390144576427947,65.84711144030454],[22.387052375844025,65.84708088035987],[22.384852402168907,65.84556355151577]],[[22.376589603886128,65.85967657734223],[22.37664095097051,65.85985452729938],[22.376206323100263,65.8598755499312],[22.376589603886128,65.85967657734223]],[[22.37012612503744,65.83725468440433],[22.371863127352274,65.83717067006974],[22.37255370082326,65.83803942421729],[22.370101859888166,65.83869931025464],[22.3682622695755,65.83842739803592],[22.37012612503744,65.83725468440433]],[[22.36093069138219,65.83896211008195],[22.360981880518555,65.83914006681407],[22.360547587210508,65.83916104172118],[22.36093069138219,65.83896211008195]],[[22.360211115820672,65.830336280053],[22.360262279372748,65.8305142372756],[22.359828130891966,65.83053520875085],[22.360211115820672,65.830336280053]],[[22.35975067889147,65.82873466393876],[22.359801835435864,65.82891262138355],[22.35893359081452,65.8289545599806],[22.35975067889147,65.82873466393876]],[[22.359576638483333,65.8388470733218],[22.35962781798031,65.83902503059994],[22.359193525287864,65.83904600165124],[22.359576638483333,65.8388470733218]],[[22.357783470479585,65.82648411367128],[22.357834608053388,65.82666207195797],[22.357400522154524,65.82668303593209],[22.357783470479585,65.82648411367128]],[[22.357354018046014,65.8387739572646],[22.357405181996928,65.83895191543611],[22.35697088836254,65.83897288017693],[22.357354018046014,65.8387739572646]],[[22.356997051397826,65.84059546925006],[22.356945886343144,65.84041751095326],[22.35738020438556,65.84039654605013],[22.356997051397826,65.84059546925006]],[[22.355591772127703,65.84030243945539],[22.356026089553232,65.84028147840827],[22.356077247921267,65.84045943707719],[22.355591772127703,65.84030243945539]],[[22.350429959063376,65.83153015430393],[22.35168137324148,65.83128935498986],[22.35221776281031,65.83162432734893],[22.35096633776281,65.83186513116223],[22.350429959063376,65.83153015430393]],[[22.35196221765095,65.83073452498793],[22.353647732634112,65.83047276090367],[22.352983878421657,65.83122650577486],[22.35168137324148,65.83128935498986],[22.35196221765095,65.83073452498793]],[[22.353034994134727,65.83140446587532],[22.35308611062582,65.83158242595111],[22.352651937107062,65.8316033772635],[22.353034994134727,65.83140446587532]],[[22.345807189980846,65.83229435736803],[22.34550079445119,65.83122657914451],[22.346420211863954,65.83136267869573],[22.346267004549773,65.83082879036591],[22.34795258731277,65.83056708849584],[22.34736520134977,65.83005413803282],[22.348233505687702,65.83001226464354],[22.34856549316843,65.82963540231638],[22.349484868311173,65.82977148382105],[22.349331608818854,65.82923759906271],[22.351119249138605,65.82933178653136],[22.351451185670513,65.82895491841742],[22.35231944494453,65.8289130222257],[22.35165558912931,65.82966676134137],[22.350889497725777,65.83006457602198],[22.34997010503395,65.82992850314223],[22.34968922518675,65.83048332982064],[22.348769823322545,65.83034724980222],[22.348923079101983,65.83088113515795],[22.348054746803527,65.8309230127355],[22.345807189980846,65.83229435736803]],[[22.346650100743943,65.83062989461942],[22.346599031019483,65.8304519319424],[22.347033191034864,65.83043099796821],[22.346650100743943,65.83062989461942]],[[22.34560268014317,65.83464973869424],[22.34565375298696,65.83482770167215],[22.345219517455654,65.83484863244578],[22.34560268014317,65.83464973869424]]],[[[22.359092590616605,65.84175730409956],[22.357687224123318,65.84146429441824],[22.35789191953173,65.84217612616993],[22.358862976556033,65.84249010423915],[22.359680489686795,65.84227020451402],[22.359092590616605,65.84175730409956]]],[[[22.356252641814418,65.83034701878987],[22.35663565223552,65.83014809881546],[22.3562015063805,65.83016905995486],[22.356252641814418,65.83034701878987]]],[[[22.34051985316458,65.83381211797531],[22.341005114453246,65.83396916554602],[22.340954075799193,65.83379120068693],[22.34051985316458,65.83381211797531]]],[[[22.412103521271025,65.81952015048562],[22.411669609026706,65.81954126706614],[22.411721102346583,65.81971920382036],[22.412103521271025,65.81952015048562]]],[[[22.36031803383443,65.83989384347262],[22.36042040886607,65.84024975736024],[22.36128903170391,65.8402078066878],[22.361186644857785,65.83985189349536],[22.36031803383443,65.83989384347262]]],[[[22.36162094920035,65.83983091666569],[22.361135452603882,65.83967393686211],[22.361186644857785,65.83985189349536],[22.36162094920035,65.83983091666569]]],[[[22.361264275608423,65.84165243580965],[22.360829940168998,65.84167341192261],[22.360881135089492,65.84185136863177],[22.361264275608423,65.84165243580965]]],[[[22.35801541951818,65.83188575488631],[22.359317936284388,65.83182285153545],[22.359266776135556,65.83164489396455],[22.35801541951818,65.83188575488631]]],[[[22.358091529182545,65.83061908238334],[22.357657376808827,65.83064004772429],[22.357708523431807,65.83081800596432],[22.358091529182545,65.83061908238334]]],[[[22.35753009736312,65.83172876195042],[22.357964268224116,65.83170779679435],[22.357913117708602,65.83152983867768],[22.35753009736312,65.83172876195042]]],[[[22.357606230964308,65.83046208945954],[22.35717208076346,65.83048305339994],[22.357223223656664,65.83066101183836],[22.357606230964308,65.83046208945954]]],[[[22.355256966548065,65.83147765098484],[22.35747894979919,65.8315508036601],[22.356406052785978,65.83088089514685],[22.35510357513508,65.83094377328729],[22.355256966548065,65.83147765098484]]],[[[22.357120938648656,65.8303050949369],[22.356686790620703,65.8303260574768],[22.356737929784217,65.83050401611351],[22.357120938648656,65.8303050949369]]],[[[22.350737339104413,65.83873237527165],[22.349868745420338,65.83877426566295],[22.34991985760431,65.83895222683542],[22.350737339104413,65.83873237527165]]],[[[22.34900014862353,65.83881615114467],[22.349051254900225,65.83899411266422],[22.349485556641348,65.83897317036352],[22.34900014862353,65.83881615114467]]],[[[22.34828458566351,65.83019022667612],[22.348718739617787,65.83016928796768],[22.34866765669053,65.82999132610857],[22.34828458566351,65.83019022667612]]],[[[22.34800366666941,65.83074505062798],[22.347569502305596,65.83076598740291],[22.34762057948805,65.83094394968384],[22.34800366666941,65.83074505062798]]],[[[22.34843783025578,65.83072411262611],[22.34838674794754,65.83054615066744],[22.34800366666941,65.83074505062798],[22.34843783025578,65.83072411262611]]],[[[22.347186411395143,65.83096488540522],[22.34723748640334,65.83114284783503],[22.34767165744796,65.83112191194022],[22.347186411395143,65.83096488540522]]]]}},{"type":"Feature","properties":{"cyano_daymap_file_id":3402,"date":"2010-09-06Z","cloud":null,"sub_surfac":null,"surface":null,"no_data":null,"class":1,"color_hex":null,"algae_class":"class_1","source_date":"2010-09-06"},"geometry":{"type":"MultiPolygon","coordinates":[[[[22.39922172580465,65.78711163209967],[22.399071879899896,65.78659215145379],[22.40065134380085,65.78597401608454],[22.402766777149502,65.78569066316987],[22.40286947928306,65.78604654542839],[22.40378755142487,65.78618231254531],[22.403611257705943,65.78689863733952],[22.404949939999998,65.78683368],[22.40238251,65.77793663999998],[22.445700809999998,65.77582222999999],[22.44054246,65.7580297],[22.46218401,65.75696879],[22.459600439999996,65.74807287],[22.416330029999997,65.75019077],[22.40863497,65.72350001],[22.38701879,65.72455306999998],[22.379363099999992,65.69786045],[22.36247605843683,65.69868048320757],[22.36118333742152,65.69893772047257],[22.361285054214132,65.69929364027172],[22.360421159913376,65.69933554530732],[22.358947579976167,65.7003091449989],[22.359633796935512,65.70117799987834],[22.35871899050798,65.70104193532529],[22.358523640377285,65.70155739792592],[22.360309559999997,65.70780719999999],[22.33870413,65.70885329],[22.339738381893866,65.71248046192453],[22.340976122697956,65.71254611186262],[22.341712846292868,65.71359301760697],[22.340210543563252,65.71413635596852],[22.341241419999996,65.71775168999999],[22.320829758468733,65.71873709345185],[22.320934913958748,65.71910676006587],[22.31980236710857,65.71941236944292],[22.322158659999996,65.72769393999998],[22.343780629999998,65.72665004],[22.34697748338665,65.73783586737724],[22.349488314182004,65.73775450441885],[22.349717432456035,65.73702172291868],[22.35213478942488,65.73780688565071],[22.350887868969433,65.73804764552507],[22.350989629246715,65.73840357174656],[22.349793542303853,65.73882228619512],[22.349997043150616,65.7395341402214],[22.349131782325628,65.73957599437941],[22.348800888236738,65.73995284752883],[22.349487897514443,65.74082174040005],[22.35030231757178,65.740601920524],[22.350454965201298,65.74113581034369],[22.351320275658765,65.74109394818673],[22.351574733103135,65.74198376233244],[22.35076028130048,65.74220358931983],[22.35086205950889,65.74255951544866],[22.34999669909613,65.74260137548478],[22.348746367254357,65.74402521271197],[22.35140983,65.7533447],[22.340266071299556,65.75388283938653],[22.339071449890593,65.75503726672969],[22.338205648546722,65.7550790640172],[22.332856106461225,65.75786308892614],[22.33199019830344,65.75790485191918],[22.330974033058776,65.75862314129202],[22.332305480000002,65.76328843],[22.32401056280991,65.76368781816502],[22.32469794455873,65.76619475558348],[22.323882501217323,65.76641444833385],[22.323347881871413,65.76607935946284],[22.322048577439595,65.76614192529682],[22.317178900042066,65.76908255771761],[22.315063813207175,65.76936471977142],[22.314298887804764,65.7697623397652],[22.31294867852064,65.76964685293247],[22.31226699861609,65.77000116529716],[22.313186460000004,65.7732299],[22.35650562,65.77114083],[22.361609149999996,65.78893671999998],[22.39922172580465,65.78711163209967]],[[22.399573451933076,65.78223722857511],[22.398655542548095,65.78210143451014],[22.399522132325615,65.78205928603914],[22.399573451933076,65.78223722857511]],[[22.399852783292967,65.78168232516998],[22.400719356641346,65.78164017005332],[22.40038871898485,65.78201713267285],[22.399522132325615,65.78205928603914],[22.399852783292967,65.78168232516998]],[[22.397207311960273,65.78469799459032],[22.39628932570019,65.78456218702502],[22.394863723107274,65.78571411056788],[22.392212270836932,65.78566252028956],[22.39195589350807,65.78477279292207],[22.392948251361414,65.78364195347945],[22.394527688973955,65.78302388179304],[22.39442511637797,65.78266799266352],[22.395343025279523,65.7828038122015],[22.39870685627953,65.78227937739467],[22.399345428969525,65.78297007418917],[22.398427494340492,65.78283427899599],[22.398404695361883,65.78427889524197],[22.397207311960273,65.78469799459032]],[[22.39452991667912,65.76931054136178],[22.394148083050226,65.76950954501866],[22.394045580264095,65.76915365494995],[22.39452991667912,65.76931054136178]],[[22.393714993926054,65.76953060260456],[22.393766243551383,65.76970854777576],[22.393333150714035,65.76972960431259],[22.393714993926054,65.76953060260456]],[[22.39276947991344,65.76777220414917],[22.393202540467936,65.76775114952707],[22.393253782312577,65.76792909494655],[22.39276947991344,65.76777220414917]],[[22.393253782312577,65.76792909494655],[22.393738090580896,65.76808598414792],[22.393305024935195,65.76810704034119],[22.393253782312577,65.76792909494655]],[[22.390790530794295,65.77310104960674],[22.38867598292732,65.77338422781159],[22.38928616147273,65.77245240451705],[22.391018726772057,65.77236821510628],[22.390790530794295,65.77310104960674]],[[22.388889956171226,65.78023039058627],[22.389425720086688,65.78056523828363],[22.38769259813928,65.780649414971],[22.387538898853247,65.78011557281013],[22.39003602667087,65.77963341075962],[22.389756502280097,65.78018829804358],[22.388889956171226,65.78023039058627]],[[22.372738662824403,65.72706515098362],[22.373171061342727,65.7270441597001],[22.373222068353517,65.72722211413722],[22.372738662824403,65.72706515098362]],[[22.374366223006977,65.72662527061617],[22.374162173784956,65.72591345450341],[22.378002510138046,65.72554650188486],[22.378765162583203,65.72514858434427],[22.37823072739573,65.72481368627342],[22.37952779163389,65.72475066320955],[22.380113291813,65.7252635082893],[22.380978013434092,65.72522148332772],[22.381308256777523,65.72484456660877],[22.38395343864159,65.7248964073603],[22.383725383849896,65.72562922996856],[22.385863559640576,65.72696872956736],[22.384896614885754,65.72665488332834],[22.384031853011482,65.72669693094522],[22.384134015593244,65.72705283107287],[22.381921001056167,65.72697997956789],[22.381362601336658,65.72808971766752],[22.380014318738365,65.72797480628086],[22.379251604862358,65.728372730676],[22.37945581750156,65.72908453837037],[22.378107490171562,65.72896961052864],[22.37647985045281,65.7294095316719],[22.375029468438978,65.72893867025478],[22.373299750298713,65.72902265034124],[22.373222068353517,65.72722211413722],[22.374366223006977,65.72662527061617]],[[22.38502247286049,65.72556615983653],[22.385073557891264,65.72574410954041],[22.384641192737774,65.72576513431206],[22.38502247286049,65.72556615983653]],[[22.381331669794427,65.74631496119797],[22.38138277876835,65.74649291190082],[22.38095006289771,65.7465139295953],[22.381331669794427,65.74631496119797]],[[22.37957366186116,65.74477644796796],[22.380108543039714,65.74511133697413],[22.38097392868579,65.74506930558508],[22.380847851584267,65.74615802781753],[22.37911700378548,65.74624208498739],[22.37878647191555,65.74661899973891],[22.377921030096623,65.74666101924285],[22.377641560496663,65.74721588380939],[22.37509622718244,65.74751986199378],[22.374789830036327,65.74645214237766],[22.37957366186116,65.74477644796796]],[[22.362083296311308,65.734257857124],[22.36213424414036,65.73443581584569],[22.3617017112465,65.73445677707834],[22.362083296311308,65.734257857124]],[[22.360709740875677,65.73558740941557],[22.360811624704397,65.73594332787447],[22.36037906530201,65.73596428560637],[22.360709740875677,65.73558740941557]],[[22.35972462346363,65.76125582376926],[22.360157607078182,65.76123486379231],[22.360259605037037,65.7615907814916],[22.35972462346363,65.76125582376926]],[[22.358043665187658,65.76151761117603],[22.359877612761487,65.76178970080097],[22.358196621600204,65.76205149021261],[22.358043665187658,65.76151761117603]],[[22.358648819967645,65.73604810431938],[22.358750677610942,65.73640402441058],[22.358318108491137,65.7364249763813],[22.358648819967645,65.73604810431938]],[[22.353433048141053,65.71013898459168],[22.353483879367936,65.71031694734937],[22.353051741078584,65.7103378801801],[22.353433048141053,65.71013898459168]],[[22.350836093203892,65.75013861869071],[22.351268899187797,65.75011768568662],[22.35131981016305,65.7502956483739],[22.350836093203892,65.75013861869071]],[[22.35131981016305,65.7502956483739],[22.3525673125043,65.75005487934055],[22.35266915281511,65.75041080365253],[22.351854448436562,65.75063063892935],[22.35131981016305,65.7502956483739]],[[22.349975943636533,65.71030641169463],[22.350306465148645,65.7099295595697],[22.352517952020573,65.71000288555987],[22.350941852549987,65.71062048980276],[22.349975943636533,65.71030641169463]],[[22.35223828542263,65.71055770543289],[22.35228910942566,65.71073566865974],[22.351424815771008,65.71077752647184],[22.35223828542263,65.71055770543289]],[[22.35193111559333,65.74016226811173],[22.35203290025151,65.74051819339776],[22.351600255739413,65.74053912701197],[22.351065837512564,65.74020413342673],[22.35193111559333,65.74016226811173]],[[22.345018112150203,65.71289187527229],[22.345068892028095,65.71306984133713],[22.344636699590463,65.71309075078965],[22.345018112150203,65.71289187527229]],[[22.34227268109895,65.71248341120065],[22.34130680352255,65.71216927775134],[22.343950643909338,65.71222182672683],[22.34227268109895,65.71248341120065]],[[22.3443320493969,65.71202295299739],[22.344382822505775,65.71220091935739],[22.343950643909338,65.71222182672683],[22.3443320493969,65.71202295299739]],[[22.314732058317617,65.76974150707932],[22.314782763962175,65.76991948391422],[22.314349590512116,65.76994031677233],[22.314732058317617,65.76974150707932]]],[[[22.40065134380085,65.78597401608454],[22.401136041867257,65.78613087799236],[22.401084702165978,65.78595293617802],[22.40065134380085,65.78597401608454]]],[[[22.35083698998832,65.73786968237744],[22.350404388632736,65.73789061217646],[22.35045526468559,65.73806857549694],[22.35083698998832,65.73786968237744]]]]}},{"type":"Feature","properties":{"cyano_daymap_file_id":3402,"date":"2010-09-06Z","cloud":null,"sub_surfac":null,"surface":null,"no_data":null,"class":1,"color_hex":null,"algae_class":"class_1","source_date":"2010-09-06"},"geometry":{"type":"MultiPolygon","coordinates":[[[[22.692454979999997,65.64619982],[22.68980584,65.63730852],[22.668275389999998,65.63840064999998],[22.66563548,65.62950884],[22.64411027,65.63059748],[22.638850879999996,65.61281276999999],[22.66036163,65.61172502],[22.65772769,65.60283302],[22.652903601385162,65.60307694420923],[22.65311822056337,65.6038022071627],[22.647790195935794,65.60497425420513],[22.647623076254135,65.60588522714701],[22.64643791733257,65.60630615734911],[22.644717432564526,65.60639312757365],[22.643752041073586,65.60608091238983],[22.641548881675124,65.60601173654173],[22.641759112617667,65.6067231261606],[22.64353220240711,65.60681403578923],[22.64181167233497,65.60690097350015],[22.641056512803242,65.60730013039728],[22.639933487460684,65.60645434757387],[22.639020688643203,65.60631994989593],[22.639345732131194,65.60594252857489],[22.641013656674357,65.6056777717223],[22.63951314334487,65.60503156178564],[22.639733083866233,65.604298443185],[22.641778433378594,65.60383410482507],[22.64236618588395,65.60434591441272],[22.643226366896535,65.60430244571127],[22.643551325116615,65.60392501625094],[22.646614473081485,65.60395067703857],[22.6469393774634,65.60357324086739],[22.648282191762092,65.60368584232481],[22.64861985065713,65.60329354688642],[22.61208428654171,65.60513389370861],[22.612153146053625,65.60550854479192],[22.613978435917126,65.60577766130699],[22.614135540712063,65.60631123796806],[22.613600656590915,65.60597717291974],[22.611880061488066,65.60606377159452],[22.61214183849596,65.60695307022047],[22.609508495844473,65.6069050764566],[22.609665517157147,65.60743865860222],[22.61100839022862,65.60755158963177],[22.61121780085848,65.608263029891],[22.61030507643524,65.60812845856788],[22.61008427539606,65.6088615431843],[22.60841581214845,65.6091259652035],[22.609055382782945,65.6098157703329],[22.605770599433548,65.61052243741906],[22.60425892216125,65.61132040211925],[22.603659981988027,65.61225296844765],[22.602369195517408,65.61231783812694],[22.602473804216547,65.61267356524858],[22.598211288177822,65.61451211962415],[22.59761206212295,65.61544466498106],[22.59614932533442,65.6160869391483],[22.603672099999994,65.64165880999997],[22.61476630295053,65.64110090651931],[22.614193662290738,65.64060244272977],[22.615485818730985,65.64053745846233],[22.61441456381918,65.63986935095723],[22.616137387969918,65.63978270083363],[22.615223519146507,65.63964817072467],[22.615391927628625,65.63873722026965],[22.616253301775934,65.6386938924901],[22.616148378030275,65.63833817802345],[22.617335477976464,65.63791746481634],[22.616421669756846,65.63778294130906],[22.617230543190942,65.6375617512118],[22.616694950443584,65.63722770421658],[22.614110967024235,65.63735767899794],[22.615088255964487,65.63622555104399],[22.61455271905745,65.63589149592445],[22.616391178979637,65.63471603863657],[22.61811365341966,65.63462936962743],[22.621012252861036,65.6355664619883],[22.622787264712986,65.63565759471548],[22.624236678912236,65.63612610201655],[22.626820478708314,65.63599595668359],[22.626662896932675,65.63546239792454],[22.628332842269785,65.6351977599733],[22.62812270118732,65.63448635068265],[22.62958239677686,65.63351029050858],[22.631409845523056,65.63377917521194],[22.63162006972682,65.63449057910051],[22.63377306547583,65.63438202468315],[22.635610536150143,65.63320634464881],[22.637280240107803,65.63294161068863],[22.637605620052536,65.63256418959317],[22.64002147786113,65.6333447897567],[22.639863644364237,65.63281124728893],[22.640619542825736,65.63241208871844],[22.643308138894184,65.63263736145178],[22.644116616062217,65.63241603210206],[22.643958705271224,65.63188249468632],[22.648211455982693,65.6314871669689],[22.648202234304982,65.63293167386168],[22.64997714157829,65.63302248958432],[22.651259766094796,65.63440171091432],[22.65141784529175,65.63493523902152],[22.650662045154927,65.63533445039094],[22.651030895070935,65.63657935053303],[22.652638980248053,65.63758110882917],[22.65500302675444,65.63818361921041],[22.65510848184531,65.63853930134036],[22.651979545311942,65.6397805164411],[22.649755282489192,65.64260050146046],[22.64808509730792,65.64286537761984],[22.647865131614797,65.64359850880604],[22.645974835901256,65.64459649409244],[22.64608019871127,65.64495218345093],[22.6445678410332,65.64575055701825],[22.642519277279476,65.64621496591435],[22.640303079576938,65.64759031756397],[22.638685111251174,65.64803294167301],[22.63523853694189,65.64820674370078],[22.63470248718048,65.64787276489452],[22.628723501009368,65.64835456118496],[22.62856578972052,65.64782100567109],[22.62722082090637,65.64738652735147],[22.627835939999997,65.64946843],[22.692454979999997,65.64619982]],[[22.65690973020659,65.60776195487149],[22.655724642431732,65.60818295694936],[22.65395142456605,65.60809219123077],[22.653793490075774,65.60755866440017],[22.65621629385231,65.60689452281842],[22.65690973020659,65.60776195487149]],[[22.651661029794393,65.60477846791214],[22.651230940317106,65.60480022679317],[22.651178321324416,65.60462238333022],[22.651661029794393,65.60477846791214]],[[22.64907252365467,65.63144365603313],[22.649125193722437,65.63162149974329],[22.64869465739018,65.63164325599702],[22.64907252365467,65.63144365603313]],[[22.643250211708505,65.60881382215169],[22.64163467591552,65.6092564527677],[22.641371862609606,65.60836721571775],[22.642557198321686,65.6079463233083],[22.642452064390632,65.60759062927346],[22.643742495411384,65.60752542202755],[22.643250211708505,65.60881382215169]],[[22.64040643521629,65.60805497959142],[22.639976280217127,65.60807670721094],[22.63992373018444,65.60789885913464],[22.64040643521629,65.60805497959142]],[[22.616443446987738,65.6067365282593],[22.616013289693413,65.60675818791154],[22.61596090671445,65.60658032984043],[22.616443446987738,65.6067365282593]],[[22.614565692500616,65.60628958369978],[22.614618065233866,65.60646744235694],[22.614187910556748,65.60648909680324],[22.614565692500616,65.60628958369978]],[[22.612167353112042,65.63817739379445],[22.612440729126536,65.6376221633963],[22.613732742591974,65.63755719550515],[22.613028715175883,65.63813408444047],[22.612167353112042,65.63817739379445]],[[22.613054530061437,65.60708763081955],[22.61262436355889,65.60710928095003],[22.612572002899487,65.60693142148052],[22.613054530061437,65.60708763081955]],[[22.60948559763074,65.6097941298367],[22.60953794413297,65.60997199051933],[22.609107726395603,65.60999363119342],[22.60948559763074,65.6097941298367]],[[22.604647754560943,65.63638935072208],[22.605509072437744,65.63634608449811],[22.60609689259072,65.63685803407436],[22.605235558918462,65.63690130379491],[22.604647754560943,65.63638935072208]],[[22.601770166019637,65.61325039790357],[22.603061000581807,65.61318553283448],[22.60273533977396,65.61356288260014],[22.60144448550068,65.6136277450973],[22.601770166019637,65.61325039790357]]],[[[22.56805134249742,65.59468723504982],[22.567590540171658,65.59493032580217],[22.567966753998647,65.59439811529585],[22.5664975,65.58937627],[22.53157791460252,65.59111938864673],[22.531685522370072,65.59148916640157],[22.530017317015826,65.59175272291637],[22.52850432598132,65.59254994507776],[22.52833306511172,65.59346082686194],[22.527042985384746,65.59352504817207],[22.527146473402873,65.59388083830432],[22.52552980110996,65.59432224259113],[22.52482490528829,65.5948987304672],[22.52272634963481,65.59518360836005],[22.521591298447827,65.59578147491092],[22.522124798579508,65.59611587820497],[22.521264646154062,65.59615865940127],[22.52012951931545,65.59675651576923],[22.51760066407064,65.59706271049039],[22.517290555108858,65.59599531675178],[22.518529095530912,65.59575327841266],[22.517565580325655,65.59544024133935],[22.516275370459866,65.59550437230389],[22.516292048032618,65.59405980144153],[22.515173635476806,65.5932130494588],[22.516463735036808,65.59314892898426],[22.51716877363014,65.59257247856448],[22.51883716995994,65.59230906156301],[22.52035044999785,65.59151193300818],[22.521692151578076,65.5916256668161],[22.521967041387445,65.59107058479037],[22.523339284052756,65.59096306393721],[22.51833406,65.57373203],[22.45386889,65.57692501],[22.45130968,65.56802871],[22.42982463,65.56908654],[22.427274549999996,65.56018974999999],[22.44875238,65.55913235],[22.44619702,65.55023592],[22.44052547154663,65.55052925408177],[22.439441428489932,65.5513044367797],[22.438153171969002,65.55136788317043],[22.43825524529599,65.55172374781138],[22.436006062398647,65.55147360294475],[22.43579796446375,65.55074785116415],[22.42472638,65.55129289],[22.422180139999995,65.54239597],[22.418680322461967,65.54256773780526],[22.414188430219536,65.54370457953053],[22.409115448666324,65.54575793439928],[22.407347205878015,65.5456642356417],[22.407573307111225,65.54493139679373],[22.406714617786555,65.54497351331152],[22.40570352706125,65.54448178818463],[22.406460595584242,65.54408378691117],[22.406308191440583,65.54354995077436],[22.405980464902928,65.5439268969631],[22.400875827683713,65.54401360022119],[22.405794789999995,65.56124411999998],[22.389271899117738,65.56205277110115],[22.388672334386868,65.56263748660788],[22.387813024990628,65.56267950205405],[22.38667618953749,65.56327637485064],[22.38692976210486,65.5641661388804],[22.385166154481176,65.56528762484565],[22.389386359999996,65.58009071999999],[22.41088246,65.57903851],[22.41852835,65.60572964],[22.44004421,65.60467311000001],[22.441859951259715,65.61098386621934],[22.44460535341876,65.61023689884544],[22.44599896392305,65.61052922417457],[22.447187652066948,65.61010982740736],[22.447085180093694,65.60975397276647],[22.447945928548872,65.60971160660735],[22.44791513787546,65.60808907929072],[22.446419187643773,65.60744091516449],[22.448140530992347,65.60735618705162],[22.447986824259196,65.60682240601903],[22.44740280716515,65.60630980756476],[22.445630312915434,65.60621659863547],[22.445476665810748,65.60568281446511],[22.448785817931196,65.60353498220572],[22.450455650286077,65.60327230378034],[22.450711874308613,65.60416193411436],[22.452381725909593,65.60389923428379],[22.452484242523756,65.604255084898],[22.455014624911524,65.60394996143565],[22.45577260440629,65.60355170446492],[22.457923914042095,65.6034456622352],[22.460331758105298,65.6042292004493],[22.461622566372355,65.60416553973475],[22.46275938102666,65.60356810485095],[22.46367122789275,65.60370357283448],[22.46478845354744,65.60455071652994],[22.462309465219043,65.60503392372945],[22.462084490031067,65.60576683284158],[22.459759274916234,65.60678376441409],[22.46039486510073,65.60747423474925],[22.45984211942091,65.60858420417387],[22.45767049034058,65.61013487393231],[22.456809746989773,65.61017729523826],[22.455672511836532,65.61077468970602],[22.453090197182927,65.6109019057875],[22.45035407317606,65.6104953002846],[22.44931918047082,65.61144850082744],[22.45000587768931,65.61231694256486],[22.44559923041211,65.6121729316271],[22.445066359282656,65.61183825290003],[22.442914292240424,65.61194412022371],[22.44220184144051,65.61217213331041],[22.44260392,65.61356959],[22.50716157999999,65.61038045999997],[22.504580170000004,65.60148529],[22.54759443,65.59934491],[22.552788109999998,65.61713344],[22.56861853738305,65.61634214852485],[22.568518449452604,65.61600032321682],[22.56760565685238,65.61586549555139],[22.566758753109266,65.6144639934007],[22.56498535572625,65.61437218903345],[22.565637795465292,65.61361763974656],[22.56434682718036,65.61368218759222],[22.5628997410249,65.61321308499426],[22.562431451011374,65.61161216503515],[22.560710278343805,65.61169818879615],[22.557816511255226,65.61075989630864],[22.557712522682994,65.61040413219183],[22.55487097970612,65.6096436632418],[22.554180875833673,65.60877573172928],[22.55113184339377,65.60730365450526],[22.550182269243653,65.60554627788007],[22.55110932249713,65.60423666025888],[22.552295978869523,65.60381646055527],[22.551776612141396,65.60203761457824],[22.554683695557642,65.60153148137078],[22.556522567698053,65.60035674594334],[22.55743475614498,65.6004916464108],[22.557760928775018,65.6001143888655],[22.561097769805894,65.59958664233622],[22.561749977204492,65.59883211218036],[22.56045973086959,65.59889661962646],[22.560355763329486,65.59854085712955],[22.561490020912245,65.59794270839734],[22.565308572717033,65.59757124930609],[22.565582580226465,65.59701609719956],[22.568454973266334,65.59606682719658],[22.56805134249742,65.59468723504982]],[[22.516378720765527,65.59586017117337],[22.517238873009784,65.59581741770656],[22.517290555108858,65.59599531675178],[22.516378720765527,65.59586017117337]],[[22.559732023931687,65.59640627999683],[22.561400204349795,65.59614239665484],[22.561504174611624,65.5964981584037],[22.560266020900475,65.5967405439596],[22.559732023931687,65.59640627999683]],[[22.5244983107626,65.5952759213428],[22.524068251173208,65.59529731911837],[22.524016524417906,65.59511942283548],[22.5244983107626,65.5952759213428]],[[22.51474360073213,65.59323442052559],[22.514313565208532,65.59325579038003],[22.514261910017197,65.59307789005055],[22.51474360073213,65.59323442052559]],[[22.514331651053674,65.5963228341466],[22.5139015640893,65.59634420335004],[22.513849904320956,65.59616630292452],[22.514331651053674,65.5963228341466]],[[22.51138961666932,65.59520572152078],[22.511441257320634,65.59538362297654],[22.51101118301549,65.59540498385098],[22.51138961666932,65.59520572152078]],[[22.5109079082689,65.59504918056297],[22.510959545252856,65.59522708221965],[22.510529473057705,65.595248441706],[22.5109079082689,65.59504918056297]],[[22.50880917649117,65.59533386752638],[22.50870593218848,65.59497806243198],[22.510426205645707,65.59489263801612],[22.50880917649117,65.59533386752638]],[[22.507467332017857,65.59522002109905],[22.507037256483567,65.59524137070974],[22.5069856462763,65.59506346744782],[22.507467332017857,65.59522002109905]],[[22.50633192103869,65.59581777698052],[22.50590183450306,65.59583912348006],[22.50585023062758,65.59566121976758],[22.50633192103869,65.59581777698052]],[[22.436108106925804,65.55182946932186],[22.436537536136598,65.55180832744087],[22.436588562432693,65.55198626041852],[22.436108106925804,65.55182946932186]],[[22.436588562432693,65.55198626041852],[22.43706902369976,65.5521430499325],[22.43663958949713,65.55216419337128],[22.436588562432693,65.55198626041852]],[[22.436057084278094,65.55165153614576],[22.43562765717906,65.55167267664264],[22.43557663817963,65.55149474326805],[22.436057084278094,65.55165153614576]],[[22.43418634249911,65.55120228910951],[22.434615763262656,65.55118115276493],[22.43466677496576,65.55135908653641],[22.43418634249911,65.55120228910951]],[[22.43466677496576,65.55135908653641],[22.4351472131924,65.55151588238081],[22.434717787437,65.55153702028305],[22.43466677496576,65.55135908653641]],[[22.41092298773422,65.553608527554],[22.411731092435243,65.55338844142001],[22.411957124245248,65.55265559672098],[22.41352237358943,65.55203746771114],[22.41331890205494,65.55132569830768],[22.414985792686696,65.55106343984512],[22.41594643365979,65.55137715727994],[22.417511510596462,65.55075898874499],[22.418573973012645,65.5514285705664],[22.420822999312602,65.55167897600678],[22.42026960321346,65.55278880743937],[22.417466952683768,65.55364821724189],[22.41481676803938,65.5550414022517],[22.414590800251375,65.5557742505799],[22.41034646311616,65.55616294445103],[22.40961182294787,65.55511635059294],[22.41107555731033,65.55414235738685],[22.41092298773422,65.553608527554]],[[22.41429014044499,65.54406046393841],[22.414340996706084,65.54423840610521],[22.413911670428416,65.5442594839882],[22.41429014044499,65.54406046393841]]],[[[22.407456856532423,65.5431185751244],[22.40749453897317,65.5431308884872],[22.40749055108915,65.54311692142674],[22.407456856532423,65.5431185751244]]],[[[22.40071478,65.54344946999998],[22.400767264740058,65.54363331758684],[22.401232386040412,65.54342406637464],[22.40071478,65.54344946999998]]],[[[22.641155335770875,65.63274604920313],[22.641260574674092,65.6331017431349],[22.64212170988408,65.63305827096025],[22.642447020028275,65.63268084019356],[22.641155335770875,65.63274604920313]]],[[[22.407116029092037,65.54332989194003],[22.407065224247546,65.54315194683271],[22.406635908757117,65.54317300396795],[22.407116029092037,65.54332989194003]]],[[[22.406737513453358,65.54352889450362],[22.406686710722852,65.54335094924815],[22.406257391588884,65.54337200534603],[22.406737513453358,65.54352889450362]]]]}},{"type":"Feature","properties":{"cyano_daymap_file_id":3402,"date":"2010-09-06Z","cloud":null,"sub_surfac":null,"surface":null,"no_data":null,"class":1,"color_hex":null,"algae_class":"class_1","source_date":"2010-09-06"},"geometry":{"type":"MultiPolygon","coordinates":[[[[22.255383189999996,65.56853989],[22.264700908717845,65.56792579675948],[22.267130339511745,65.56726781829686],[22.267030529950528,65.56691181718877],[22.268369964929207,65.56702781493378],[22.2703194619816,65.56621245567713],[22.26973987194415,65.56569913138868],[22.273458380230153,65.56497903039187],[22.278725885160977,65.56201940462735],[22.279585383430632,65.56197800638576],[22.277566596531397,65.560992819214],[22.275797703835597,65.56089759014215],[22.27422857976949,65.56151433189218],[22.273269218154617,65.5611997032513],[22.269301699879957,65.56102979566374],[22.25352294760837,65.56188935354967],[22.25463742390042,65.56587370808145],[22.256215801560604,65.56562739512228],[22.256365286528034,65.56616140968569],[22.25522523012427,65.56675732609611],[22.255383189999996,65.56853989]],[[22.269789792051483,65.56587713090957],[22.268930146429383,65.5659184749972],[22.268880232097825,65.56574047513654],[22.269789792051483,65.56587713090957]],[[22.2681621639545,65.5616258043628],[22.26859191709198,65.56160513578938],[22.268641819899322,65.56178313586179],[22.2681621639545,65.5616258043628]],[[22.268641819899322,65.56178313586179],[22.26912148161798,65.56194046578493],[22.268691723458666,65.56196113591027],[22.268641819899322,65.56178313586179]],[[22.26650088703343,65.56657648065739],[22.26607104991684,65.5665971441175],[22.265971257925145,65.56624114213838],[22.26650088703343,65.56657648065739]],[[22.25760496416537,65.5659214939153],[22.257175129346177,65.56594213210774],[22.257125295247242,65.56576412759244],[22.25760496416537,65.5659214939153]],[[22.256545973439202,65.56525075020465],[22.25611614867057,65.56527138529378],[22.256066323351977,65.56509338034367],[22.256545973439202,65.56525075020465]]],[[[22.31232598,65.5387341],[22.333714929894494,65.53769685486301],[22.33403104594926,65.53733449132606],[22.33488962482142,65.53729278829933],[22.334789029338598,65.53693683972355],[22.33865254495632,65.53674911927187],[22.33802199446497,65.5360580899769],[22.339638394303158,65.53561869002012],[22.33953774184373,65.53526274516477],[22.340396241933178,65.53522101167408],[22.340624160470583,65.53448825516612],[22.342240418806288,65.53404882881313],[22.342897492482198,65.53329519601574],[22.344185134674944,65.5332325664297],[22.344285841060795,65.53358850766014],[22.345952344648094,65.53332701331549],[22.34585161675436,65.53297107340744],[22.34698812234163,65.53237451042177],[22.348326085822578,65.53248981560151],[22.34913409341859,65.53227006465333],[22.34903332706221,65.5319141272446],[22.351457237159924,65.53125485124136],[22.35158402209472,65.53016614600779],[22.352593539184074,65.53065824816879],[22.353573576852177,65.5307105761863],[22.352734769999998,65.52775079],[22.356619115841387,65.52756130684476],[22.356785243737818,65.52702599612094],[22.358122969351957,65.52714121702643],[22.358880289961984,65.5267434513426],[22.357946889302774,65.5249847176033],[22.35918364275246,65.52474399963262],[22.359840002501738,65.52399030035716],[22.362843305039917,65.5238438230725],[22.363600459185694,65.5234460354115],[22.36349953675997,65.52309010919052],[22.36264148015263,65.52313196935444],[22.362111548571043,65.52279697027306],[22.361960201054252,65.52226307906585],[22.363247243980076,65.52220029321002],[22.364811889532096,65.52158267398387],[22.364610032086148,65.52087082321368],[22.36332305863573,65.52093361997494],[22.36279316479463,65.52059862290434],[22.363070797023088,65.52004380338563],[22.363651137874182,65.52055676271158],[22.364837164920385,65.52013803806678],[22.3641558972383,65.51926915754959],[22.365478759701887,65.51810790183146],[22.36084655712197,65.51833384913144],[22.359437245753995,65.51949934213428],[22.357342784231584,65.51978188881817],[22.35724196418139,65.51942595740175],[22.355904640283807,65.51931072470934],[22.355324479474287,65.51879773386858],[22.35573265950856,65.51858329231487],[22.350215820000003,65.51885239],[22.34769876,65.50995394],[22.363918248430434,65.50916166914716],[22.364232288616417,65.50880077707905],[22.36680502823604,65.50867516917263],[22.36831833553836,65.50787956035707],[22.368469712355683,65.50841344492359],[22.370179094304316,65.5088558465732],[22.412014289999995,65.50680766999999],[22.41709339,65.52460194],[22.459989590000003,65.52248759],[22.45743472,65.51359135],[22.43599476,65.5146496],[22.430905130000003,65.49685607],[22.4094776,65.49791044],[22.40440993,65.48011579],[22.425823139999995,65.47906228999999],[22.423284999999996,65.47016531],[22.466091379999998,65.46805011999999],[22.463540859999995,65.45915394],[22.48493403999999,65.45809225999999],[22.47472253,65.42250866],[22.453357869999998,65.42356859999998],[22.45257822985852,65.4208347920458],[22.449942829216663,65.42104486610799],[22.449312333653758,65.42035430077541],[22.452122763398773,65.41923769902262],[22.45189018352517,65.41842215775605],[22.45136773289426,65.41844803818077],[22.451012059489983,65.41720252671168],[22.451503917766797,65.41706771697434],[22.450656423383354,65.41595701402481],[22.451179766336484,65.4159310800679],[22.44067198,65.37908553],[22.458587791534406,65.37819702658261],[22.458723286868818,65.3774825387128],[22.460652946703714,65.37666493321038],[22.46134771031641,65.37573800241842],[22.45946251,65.36913138],[22.43890076318698,65.37015102837256],[22.43941084549346,65.37194407370146],[22.438232613622095,65.3723633039187],[22.43795796310153,65.37291823093241],[22.439042574923768,65.37521028549057],[22.438189493401076,65.37525252374698],[22.436360442632864,65.3764257220753],[22.431668211203476,65.37665789197293],[22.427677378377464,65.37631391901039],[22.424915808054315,65.3757286606996],[22.41964551085842,65.37544770873272],[22.41276995902493,65.37560665795652],[22.407426125592927,65.37659195319827],[22.40419151938011,65.37891658996224],[22.401356211149327,65.37959757235713],[22.400704432504703,65.38035140561124],[22.39806932672756,65.38140843526604],[22.40052725,65.39008968],[22.38488936061416,65.39085619455221],[22.387609168941122,65.39218238229115],[22.386956699313608,65.39293616303858],[22.386982680169858,65.39455875021757],[22.384094933287873,65.39506147234628],[22.37897189210087,65.39531300738162],[22.377163674690976,65.39504089262687],[22.374225438873637,65.39536546725377],[22.373698042528584,65.39503048321238],[22.3710360495336,65.39480016993735],[22.372115935281027,65.39402551918205],[22.372793984593464,65.39182716205461],[22.371783041014943,65.39149862042254],[22.336495949999996,65.39322826999998],[22.333998089999994,65.38432937999998],[22.312657679999997,65.38536914],[22.320135550000003,65.41206688],[22.277406449999997,65.41413993],[22.274926210000004,65.40523989],[22.25356598999999,65.40627147999999],[22.26099091,65.43297267],[22.23834758460761,65.4340599005843],[22.238054566038514,65.43499294308418],[22.23933767924683,65.4349312503605],[22.239206447391712,65.43601990428553],[22.23797268652301,65.43625961159175],[22.237742579839107,65.43699223450515],[22.23721603530475,65.43665676493248],[22.23593283161478,65.43671844050478],[22.23583404598485,65.43636240855609],[22.2349785845833,65.43640351890429],[22.234452087248822,65.43606803921726],[22.232790546414673,65.43632825649307],[22.232988037666125,65.43704032510134],[22.2313264201056,65.43730052700936],[22.230191236586236,65.43789620763192],[22.228809256382995,65.43760178681947],[22.22671979622415,65.43788247496002],[22.2269664737176,65.4387725724437],[22.225584481260842,65.43847812221574],[22.223017822804792,65.4386012670549],[22.22268865985997,65.43897782925856],[22.221833088210722,65.43901886615454],[22.221306702372694,65.43868333950299],[22.218361492219447,65.43900494270477],[22.217703012317568,65.43975804759113],[22.21827865643465,65.44027160987577],[22.21613959533972,65.44037413180041],[22.216238131749943,65.44073017907935],[22.21543175429824,65.4409492040204],[22.21534877566016,65.44221587097275],[22.214493084432025,65.4422568674248],[22.213505067250555,65.44338650125304],[22.212698585386093,65.44360551261235],[22.21284634302378,65.44413958732689],[22.21210329219069,65.44434136296792],[22.24207899,65.4429032],[22.24702764,65.46070442],[22.222452344258105,65.46188111781616],[22.221546173237158,65.4630239895406],[22.220261633036795,65.46308554498653],[22.220360328805064,65.46344158794544],[22.218318055098614,65.46390020244199],[22.21642368071117,65.46489285904899],[22.214661503983617,65.46479685019314],[22.213047244698814,65.46523489363628],[22.21281622758776,65.46596748730539],[22.210015699995044,65.46682303232927],[22.209307038622544,65.46739808377505],[22.208450512992282,65.46743905416082],[22.208351960977684,65.46708300202079],[22.207017917874463,65.46696642092905],[22.207116451216102,65.46732247412321],[22.205880918342093,65.46756193634351],[22.206506241563034,65.46825356635162],[22.205551164833256,65.46793846687694],[22.203887308126717,65.46819838853251],[22.202883024257567,65.46770524395808],[22.199506032158048,65.46804698120718],[22.19764528423272,65.46759471599287],[22.19736461315678,65.46814926011385],[22.19436659551989,65.46829239987316],[22.193229246008336,65.46888782344556],[22.193376778926442,65.46942191930628],[22.18566707511265,65.4697896741837],[22.184697417255762,65.47065148288628],[22.18525739,65.47268142000001],[22.175328348480775,65.47315398802576],[22.17518134386134,65.47425743508045],[22.176993120358436,65.47453193777677],[22.175855103339018,65.47512723697838],[22.17591741611945,65.476928016428],[22.176872480704766,65.47724330338319],[22.17520773270668,65.47750291772742],[22.17550218690576,65.47857115037593],[22.17464523175781,65.47861193321168],[22.173984545300595,65.47936486852025],[22.172748129339592,65.47960406823901],[22.172895317198176,65.48013818740615],[22.171560744275666,65.48002129828726],[22.171328451549588,65.48075384072673],[22.170752783221907,65.48024009983406],[22.16908778104147,65.48049964920776],[22.168561196159093,65.4801639406868],[22.168548400625404,65.47854119494963],[22.16464302043509,65.47854645973739],[22.163933043671076,65.47912131091317],[22.160554024115974,65.47946219683602],[22.160223470430914,65.4798386360785],[22.159366445028695,65.47987933292693],[22.16045606914763,65.47910610773677],[22.160358117122996,65.47875001854423],[22.15907263177758,65.47881106262652],[22.158546209065847,65.4784753176172],[22.158876770992364,65.4780988819597],[22.159733739002746,65.47805818844745],[22.15939097078324,65.47681187371754],[22.1576281596894,65.47671520551764],[22.154726764370746,65.47721366225572],[22.155057366903215,65.4768372345566],[22.153711175364148,65.47509742940115],[22.154996493408277,65.47503643256728],[22.154898634070733,65.47468033892034],[22.15765290773657,65.47364774433738],[22.157457132269805,65.4729355609653],[22.15826498612635,65.4727168315577],[22.15816709280257,65.47236074035206],[22.156502455858213,65.47262014748074],[22.15640458694949,65.47226405489475],[22.15511940901025,65.47232506234755],[22.15502156025008,65.47196896866822],[22.154115865212983,65.47183158638954],[22.151545532299878,65.47195355118865],[22.150027522181325,65.47274703225297],[22.14821613612356,65.47247220233619],[22.14612297828658,65.47275181012688],[22.145792294239747,65.47312821907734],[22.144078625787134,65.47320944047162],[22.144176331268895,65.47356554262502],[22.142891055011248,65.47362644698524],[22.14183884984843,65.47295483612427],[22.142646839840086,65.47273618893135],[22.143161752146444,65.47144922897458],[22.14101978982095,65.47155071417875],[22.14006535777732,65.4712351944321],[22.13840060094243,65.47149440322232],[22.137261816182566,65.47208941905511],[22.135927798837773,65.47197220977445],[22.136735810162417,65.47175359399267],[22.13663821407695,65.47139748595924],[22.137923398463645,65.471336635696],[22.139062135993186,65.47074161533003],[22.13896451282047,65.4703855090597],[22.1406291936174,65.4701262947909],[22.140862272633342,65.46939379191055],[22.140005552867724,65.46943437596082],[22.139907922753025,65.46907827036323],[22.14209851701891,65.46915485482111],[22.141952032131876,65.46862069881507],[22.14280872162247,65.46858010401773],[22.14304172794345,65.46784759847039],[22.142087410067262,65.46753209037904],[22.140851241571834,65.46777102664348],[22.140325280210266,65.4674352136331],[22.13946862353047,65.46747579402472],[22.138845080522202,65.46678386943431],[22.141561438035666,65.46719628177686],[22.14579577712899,65.46681522222076],[22.146934140541127,65.46622014612201],[22.146836430677116,65.46586404577018],[22.148451878153317,65.4654266987524],[22.1399753,65.46581468999999],[22.137535849999995,65.45691202],[22.153332544882677,65.45616258613178],[22.151000676391497,65.4557462885922],[22.149337013276202,65.4560056072957],[22.148334220856245,65.45551208552713],[22.147526804801185,65.45573075759022],[22.1474291341708,65.45537465720385],[22.14533732694752,65.45565424099016],[22.144811561520935,65.45531844165633],[22.14395530951256,65.45535904356062],[22.143722420554855,65.45609154946331],[22.142866141234606,65.45613214545595],[22.141435330016883,65.45565887286192],[22.14057906055679,65.45569945578657],[22.140004570358663,65.45518558620321],[22.136958895930128,65.45514952219031],[22.136812610499575,65.45461535918707],[22.13776638592124,65.4549309059288],[22.140335125948173,65.45480919110976],[22.13976066105755,65.45429532034719],[22.137999433870178,65.45419840766012],[22.140947421825416,65.45387834625261],[22.14164623834903,65.4516808387894],[22.14293044143402,65.45161995546022],[22.142258420195144,65.45074998969778],[22.14334739134024,65.44997689406887],[22.14305463641869,65.44890858204296],[22.143861883675726,65.4486899355307],[22.145183518820758,65.44718432265779],[22.146369874154875,65.44676730986043],[22.14622345346548,65.44623315725678],[22.14811923053123,65.44524136800882],[22.146016977935076,65.44389819041234],[22.14307017637124,65.44421833928924],[22.1425446779407,65.44388252941978],[22.141260852903834,65.44394340578641],[22.140491579214192,65.44271732353302],[22.139586977936965,65.44257984344412],[22.13948947441728,65.44222373624928],[22.14110361051282,65.44178648051162],[22.14071354584847,65.44036205574925],[22.1428041917173,65.44008254732377],[22.143134527939736,65.43970614818507],[22.146362313138265,65.43883154620492],[22.14578809985128,65.43831769584513],[22.146595001417534,65.4380990380673],[22.146107137886965,65.43631852740019],[22.144298335857847,65.43604362519808],[22.14405449604578,65.43515336543715],[22.143150141149167,65.43501590429074],[22.14305262324598,65.43465979951279],[22.144763775703147,65.43457861426783],[22.146561230068727,65.43323074859629],[22.148223486231853,65.43297147417098],[22.14973931112881,65.43217803227009],[22.151022536328135,65.43211708963617],[22.151303851465435,65.43156262530911],[22.1529659525727,65.43130330014226],[22.155678801319397,65.43171549292906],[22.157292018289034,65.43127807298875],[22.15757319183635,65.43072359835494],[22.16127595033685,65.43000640459125],[22.161984713789856,65.42943157750729],[22.1632677701695,65.42937053236555],[22.165601780084742,65.42998094144407],[22.167691316828513,65.42970109906003],[22.169597762307983,65.43033180725475],[22.170270123026945,65.43120164807355],[22.17198094774935,65.43112015734732],[22.17187025176756,65.42914132881698],[22.17332503741253,65.42936218346158],[22.17299769,65.42817193],[22.13335337775499,65.43005543013709],[22.13294901617089,65.43099041369862],[22.131714468542555,65.43122925946976],[22.131909168487773,65.43194148691026],[22.130674566479502,65.4321803246997],[22.130771905139163,65.43253643923],[22.12915815232569,65.43297358075637],[22.126932007208083,65.4343414966246],[22.126076406840813,65.43438199078435],[22.1204856065691,65.43771258553863],[22.11801562133037,65.43819007160353],[22.11493266381673,65.43959826571528],[22.111937370911555,65.43973974258519],[22.110962784167487,65.43898574189514],[22.11612703,65.4579246],[22.09471638,65.45893417000002],[22.0971415,65.46783767],[22.075721869999995,65.46884462999999],[22.073303919999997,65.45994071],[22.05188964,65.46094424],[22.05671301,65.47875283000002],[22.14241659,65.47471731000002],[22.146779174399178,65.49060821877329],[22.147914412875178,65.49034287432126],[22.148478280687147,65.48923394528106],[22.149335633064457,65.48919330702424],[22.14966645614019,65.48881688902301],[22.151381126149328,65.4887355945011],[22.151050328993644,65.48911201600436],[22.15190767254485,65.4890713632414],[22.152238456740456,65.48869493998724],[22.152385287558783,65.4892290825414],[22.153671303777298,65.48916809020406],[22.153732173775584,65.49096889252333],[22.154589573162262,65.49092822400358],[22.154687501751233,65.49128431712307],[22.153401384331133,65.49134531908992],[22.15264187184334,65.49174207571683],[22.15298455484478,65.49298840641119],[22.15174729785386,65.4932274423943],[22.15207813371808,65.49285101900402],[22.151073834695815,65.49235753027591],[22.14726419105071,65.4927184625162],[22.146749851652945,65.4925486095275],[22.125867159999995,65.49353661],[22.128306769999995,65.50243946],[22.14975147,65.5014248],[22.15220011,65.51032718],[22.173650159999998,65.50930907999998],[22.17610783,65.51821099],[22.197563230000004,65.51718944],[22.197933079958318,65.51852408418922],[22.204817569282067,65.51703753884334],[22.205527618865222,65.51646249509612],[22.206814825256217,65.51640103891604],[22.207574194748524,65.51600401164109],[22.2075588259565,65.51438129511659],[22.206602014571256,65.51406621938057],[22.206453906706752,65.51353214226273],[22.211768481159165,65.51075289376541],[22.212626420146464,65.51071189072395],[22.212527614042752,65.51035584391381],[22.214045810790612,65.50956173344878],[22.21412888114843,65.50829506693077],[22.215745747270176,65.50785698649311],[22.21592756810847,65.50694636423223],[22.2183032437978,65.50611118886022],[22.218056093284947,65.50522108228131],[22.21886440513326,65.5050020244076],[22.21871610872969,65.50446796111525],[22.21733068059574,65.50417346919377],[22.217611269190886,65.50361888894861],[22.21670415704996,65.50348189596936],[22.216555915203465,65.50294783001864],[22.21736417070679,65.50272878071354],[22.218271259658646,65.50286576996032],[22.21837010980484,65.5032218126048],[22.219227789068924,65.50318077464723],[22.21998659222238,65.50278369055495],[22.21983828809177,65.50224962843058],[22.221124753845658,65.5021880576954],[22.221025870900228,65.50183201717087],[22.22236176244319,65.50194845633273],[22.223549290252375,65.50153082578727],[22.223450377286383,65.50117478714131],[22.225594377860745,65.50107211300438],[22.22509971399201,65.49929192677465],[22.225957251554615,65.4992508520257],[22.22615513116025,65.49996292545434],[22.2278702433256,65.49988075875353],[22.228150565594156,65.49932616154724],[22.229436863818886,65.4992645217174],[22.22971714671662,65.4987099219898],[22.231003410158202,65.49864826916995],[22.23085490931382,65.49811421977361],[22.233905623950587,65.4981483397331],[22.23380658540747,65.49779230909134],[22.241952447604426,65.49740144063139],[22.241375017398724,65.49688798650403],[22.242710734946883,65.49700424754877],[22.243897706985393,65.49658646261551],[22.243798539527052,65.49623043978794],[22.245612530213425,65.4965040974436],[22.24765682332604,65.49604509399624],[22.24874444070288,65.49527125247664],[22.248545988835044,65.49455921426187],[22.249403326617827,65.49451800846485],[22.25091948439448,65.49372354782791],[22.25258445631207,65.49346309708095],[22.25311238390579,65.49379849922232],[22.25654158257627,65.49363354474004],[22.256442256502318,65.49327753176972],[22.258156814958454,65.49319502687916],[22.260908803517413,65.49216057325798],[22.260710048966743,65.49144855399652],[22.259424224421416,65.49151045528501],[22.255436006505928,65.49278475631553],[22.252485184894667,65.49310708097202],[22.251479014930943,65.49261427838276],[22.249286218537794,65.49253930227326],[22.248659152251573,65.49184786683384],[22.253964856440383,65.4890672224899],[22.25648663717805,65.48876549741698],[22.256815895191234,65.48838886070386],[22.258958689026272,65.48828572523618],[22.258809688486586,65.48775170823527],[22.257902930791428,65.48761495897904],[22.25808317610598,65.48670430157674],[22.257027506362075,65.4860335283241],[22.257834893532145,65.48581427120311],[22.25773558572568,65.48545825888665],[22.25630111683972,65.48498611187546],[22.257158126100386,65.4849448653218],[22.25859260772149,65.48541700407075],[22.25796547896267,65.48472560783985],[22.259679471088624,65.48464309125022],[22.25915165237565,65.48430771095956],[22.26038745527756,65.48406781031937],[22.260238454597403,65.483533794716],[22.261045737642128,65.48331452146132],[22.260468263463036,65.4828011406857],[22.26132519320829,65.48275987127917],[22.260797393151204,65.4824244965503],[22.264405040276888,65.4813487204561],[22.265013450056607,65.4804174124634],[22.265541261385707,65.48075277235479],[22.267205257802974,65.48049217013968],[22.267136625537393,65.47869149237236],[22.265323672926403,65.47841808279283],[22.26512492436027,65.4777060692253],[22.269668816885478,65.47532221364568],[22.27347405975772,65.47495823993196],[22.27380290770117,65.4745815702395],[22.275466426480367,65.47432088174298],[22.278464595550215,65.4741761305459],[22.278992446203365,65.47451144305555],[22.28113399803078,65.47440800539583],[22.283982721489743,65.47372915391655],[22.284480806646133,65.47550911325443],[22.285815594461795,65.47562500255165],[22.28739955757018,65.47663085338066],[22.286841865512116,65.47774023757493],[22.2877686232902,65.47949947508219],[22.28587584316273,65.4804929866342],[22.28264783774664,65.4813705733052],[22.282368850925238,65.48192525826852],[22.280655123439757,65.48200802963949],[22.28042588893358,65.48274070866675],[22.27891126593441,65.48353545013134],[22.279060647784927,65.48406944352952],[22.27996738477249,65.48420606601752],[22.28291683533818,65.48388321832634],[22.284102560246023,65.4834651300156],[22.284252047575578,65.48399911723543],[22.28515880749576,65.48413570833877],[22.285308321015663,65.48466969425236],[22.284501208098646,65.48488909545506],[22.283993068878164,65.48617646744538],[22.28280722141292,65.48659455610357],[22.282956703906684,65.48712854464469],[22.283813732483107,65.48708714670407],[22.284391760696383,65.48760043271987],[22.285248801990008,65.48755902651361],[22.28559773680923,65.48880499249242],[22.284661024783947,65.49011307192102],[22.283475012954646,65.49053116743906],[22.282538136667014,65.491839235321],[22.281730781169355,65.49205862411554],[22.282308884644085,65.49257191734281],[22.280594459240426,65.492654694928],[22.279886703985774,65.49323006823626],[22.27860084674829,65.49329213301606],[22.279587786843788,65.49216208449047],[22.279946794090502,65.49034073252962],[22.281132855579806,65.48992266421268],[22.280883751740422,65.48903267990033],[22.279976841027874,65.48889606463301],[22.279628172498178,65.48765008304572],[22.277156579864545,65.48813018882612],[22.276448864906328,65.48870554564792],[22.270120065709005,65.48937160649179],[22.269840735304847,65.48992627168154],[22.268275642017144,65.4905429123479],[22.268474594233616,65.49125491970763],[22.27066732157325,65.49132961807246],[22.271673795826082,65.49182228988802],[22.272530999785648,65.4917809542148],[22.272779850976747,65.49267095477337],[22.27587972760798,65.49288223360797],[22.27622830180698,65.49412822474224],[22.27589925888236,65.49450490160451],[22.27456353894873,65.49438893389559],[22.275290940512676,65.4954362524537],[22.27105408519572,65.49582096708477],[22.269967117177313,65.49659496270431],[22.270594864797715,65.4972863029526],[22.26978723911826,65.4975056305949],[22.269886766318336,65.49786163279519],[22.267613028391832,65.49905359848377],[22.265040663983996,65.49917751463398],[22.26334451685166,65.50088277819431],[22.26356223078226,65.50321746907811],[22.265097339790465,65.50404554146166],[22.266812571573713,65.5039629317421],[22.26757065809438,65.50356561595771],[22.273803348868697,65.5025436285957],[22.2754989069492,65.50083825352351],[22.27716406802187,65.50057753014214],[22.27749316413673,65.50020085001263],[22.28016523687033,65.50043271557684],[22.28001571949474,65.49989872465417],[22.28148138411017,65.49892596696314],[22.28405362951417,65.49880177219589],[22.282737638089785,65.50030854166869],[22.281172248290773,65.50092531879719],[22.280893044493865,65.5014800031264],[22.28003553846275,65.50152138921365],[22.280185067454692,65.50205537999767],[22.27753249889931,65.50344618276203],[22.27763215891903,65.50380217853788],[22.276774570466266,65.50384354693922],[22.27563763472746,65.50443958650324],[22.274351213833626,65.50450162068512],[22.274022021173046,65.50487829491729],[22.269833399240806,65.5054409901283],[22.26755901740557,65.50663296130631],[22.266272465395165,65.50669492803331],[22.26551427041022,65.50709223836863],[22.264656550840968,65.50713353931562],[22.26455705223873,65.50677753340858],[22.26241276896073,65.50688076292249],[22.261654508783902,65.50727805454213],[22.262599512516456,65.51066012841527],[22.264234558003903,65.51184421240389],[22.26657833545059,65.51245296148986],[22.26677744294497,65.51316496946883],[22.26773492621661,65.51347965774909],[22.26793407468352,65.51419166379785],[22.268841814461716,65.51432834315149],[22.269519788044274,65.51519768464757],[22.270806749494124,65.51513568625629],[22.27145434751565,65.51744968817609],[22.273319933360177,65.51790099573326],[22.276043650823414,65.51831091553875],[22.279954798596922,65.51830271377958],[22.280942564856606,65.51717264839962],[22.281850473181176,65.51730924800066],[22.284324712389495,65.5168290393564],[22.284224901135833,65.51647304950974],[22.2850828899474,65.51643163489449],[22.28654925730417,65.51545882121026],[22.28935232484131,65.51460183241515],[22.289481667283777,65.51351315437981],[22.287516292763588,65.51270605828574],[22.287645707142296,65.51161738110156],[22.288174460130037,65.51195265253163],[22.29084782822083,65.51218431645155],[22.292513544559057,65.51192341851619],[22.2934712827823,65.51223794130105],[22.297331503184868,65.51205130834438],[22.29950496399834,65.51050292062467],[22.30122048795928,65.51041991763151],[22.302207044707835,65.50928972532795],[22.30195700011853,65.50839978519542],[22.30281468986224,65.50835827293574],[22.30208579943739,65.50731110173672],[22.304658751707596,65.50718654932653],[22.30536631469052,65.50661106197985],[22.306602715939594,65.50637077746201],[22.306502649466154,65.50601480484472],[22.307360252212963,65.50597326765902],[22.307260177259554,65.5056172956265],[22.30859660422047,65.50573296732139],[22.310540336474645,65.50491714711778],[22.31273430044664,65.50499122279528],[22.313012856522153,65.50443648613972],[22.313920474265824,65.50457289608251],[22.314020635103788,65.50492886285461],[22.315306962984018,65.50486649203565],[22.31477801545172,65.50453131742725],[22.317350620935063,65.50440655245346],[22.317200316404996,65.50387260620668],[22.31843647451547,65.50363222731932],[22.318714895765297,65.50307748149307],[22.32047997928138,65.50317224694854],[22.321615816360428,65.50257588115744],[22.323280596541053,65.50231465358421],[22.32313018540837,65.50178071428954],[22.328552922390255,65.50097610124216],[22.329537949911934,65.49984574582994],[22.328758083911268,65.4986207339206],[22.329264211257996,65.49733323172188],[22.32871241581516,65.49537547823788],[22.327276145522884,65.4949040232897],[22.32740385220788,65.49381532912905],[22.32649654629656,65.49367899703965],[22.328210862750986,65.4935956997972],[22.328739750300727,65.49393082800722],[22.330732146447684,65.49329274074157],[22.331639459479366,65.49342904732968],[22.332774624926355,65.49283260435455],[22.334917419036305,65.49272839174822],[22.335195384866477,65.49217362009199],[22.336531228963192,65.49228905063012],[22.3368593622661,65.49191225094921],[22.33771644413978,65.49187054674034],[22.338372657156377,65.49111694205128],[22.338071381034823,65.49004909784892],[22.339306688974045,65.48980855675357],[22.340692655426302,65.49010192506921],[22.340793113703334,65.49045787113343],[22.341650140333304,65.49041614516295],[22.342229371401856,65.49092919774084],[22.343993699604756,65.49102369614901],[22.34827886440091,65.49081492660484],[22.34989232441041,65.490375446289],[22.352513643681924,65.49042806798977],[22.352841522193874,65.4900512361539],[22.353370646725242,65.49038627577767],[22.35808410939825,65.49015633226595],[22.358890740565933,65.48993654290027],[22.358790038409918,65.48958061131584],[22.35969735799563,65.48971674936558],[22.359369583334185,65.49009359503944],[22.36156239493316,65.4901669735461],[22.36231803834277,65.49283644115174],[22.362847341294778,65.49317144580151],[22.365040419081215,65.49324477117374],[22.363527833403936,65.4940403399988],[22.36476281374541,65.49686682785868],[22.363956022866674,65.49708665016401],[22.364107235120525,65.49762054075154],[22.3650652749508,65.49793460690117],[22.365745973936367,65.49880348903422],[22.36831772089,65.49867786528549],[22.36804040213351,65.4992326913315],[22.366325869735558,65.49931644255739],[22.36738486356451,65.49998641803757],[22.367485731169744,65.50034234222935],[22.36662842902364,65.50038421748626],[22.367536166109478,65.50052030428849],[22.367208378960882,65.50089716708106],[22.370208978155244,65.50075057047732],[22.366603208689536,65.50182885321138],[22.364913611190676,65.50353518928809],[22.361685557779737,65.50441446474923],[22.360979310703403,65.50499020238286],[22.35775094231317,65.5058693969604],[22.35585902439639,65.50686377620829],[22.350411744439118,65.50604676139558],[22.343829391460964,65.50582608390243],[22.339163206526447,65.50623358562903],[22.33840615728276,65.50663124991108],[22.337119809223687,65.50669381748033],[22.334848458358145,65.50788677026831],[22.334948919616174,65.5082427201684],[22.33409129545123,65.50828441406964],[22.33222139651997,65.51090113249204],[22.332623172510534,65.51232493934349],[22.331815629514107,65.51254459751475],[22.331259157386167,65.51365413317893],[22.330072864773634,65.51407259709349],[22.330223503281616,65.5146065271966],[22.32812909213151,65.51488866877962],[22.326335768146105,65.51623865133149],[22.325879373193438,65.5177041265329],[22.327138925092836,65.5190862990987],[22.32658212902546,65.52019582073667],[22.327161762702286,65.52070892701933],[22.326303714177413,65.52075058095201],[22.325317806689537,65.52188092393332],[22.32445971610583,65.52192256782114],[22.324560100965353,65.52227852536176],[22.323752183668724,65.5224981441702],[22.32367444279255,65.5237648164396],[22.322816287137968,65.5238064516479],[22.322537757483772,65.5243612060599],[22.31983512140503,65.52557477006535],[22.319305680523346,65.52523961621479],[22.318068516579913,65.5254800121512],[22.314585474234203,65.52546841674506],[22.314184437592054,65.52404455475858],[22.314892224126687,65.52346902066068],[22.3143127649512,65.52295586564247],[22.315978914020334,65.52269470495577],[22.31663648666336,65.52194118129691],[22.316135140377575,65.52016136091962],[22.31560586042197,65.51982619252087],[22.31164444907204,65.51965733392144],[22.311744648752416,65.52001330179597],[22.310407473037365,65.51989766534564],[22.310657938524333,65.52078758728781],[22.308991853650173,65.52104868872843],[22.309192196604368,65.52176062847866],[22.307955097999585,65.52200094105537],[22.30568109144074,65.52319348175327],[22.301290129710676,65.52304512379551],[22.300303045971553,65.52417531525433],[22.299444831903568,65.52421681844146],[22.299294755810013,65.52368285219323],[22.298386537887055,65.52354636038102],[22.295003726621776,65.52389029042867],[22.29421630915706,65.52573240708756],[22.2919413454496,65.52692475062332],[22.290224701476138,65.52700765937087],[22.29058330407316,65.52518628646975],[22.288716902113553,65.52473519993852],[22.287050333163037,65.52499606443706],[22.28725011440184,65.52570803873934],[22.28338778809181,65.52589443504512],[22.281262033312796,65.52762060851431],[22.2804036694945,65.52766200514179],[22.276510836293582,65.52929289808957],[22.276909915286915,65.5307168789762],[22.275143088378602,65.53062162196046],[22.274384355376053,65.53101898202095],[22.275342596824903,65.53133361464076],[22.27516273663233,65.53224428858127],[22.274533972813185,65.53155297744189],[22.272816957805045,65.53163569229861],[22.27291668348081,65.53199169048402],[22.27205815995541,65.53203304132856],[22.27190858984451,65.53149904299612],[22.26933305309053,65.5316230634236],[22.26814493541047,65.5320410592623],[22.268294432273105,65.53257506203221],[22.26700660382215,65.5326370475544],[22.26806448500519,65.53330772911991],[22.267305565961927,65.53370505550083],[22.266017678920996,65.53376703318088],[22.2654389318565,65.53325368408565],[22.264630162644924,65.5334729953772],[22.264480734540246,65.53293898831552],[22.265569323594804,65.53216501635879],[22.26537007405694,65.53145300825996],[22.26297479478697,65.53066625425946],[22.259970035406976,65.53081076274603],[22.26006958207021,65.53116677115058],[22.25587643946433,65.53172912403811],[22.25574564300253,65.5328177873712],[22.25498654626823,65.53321505370181],[22.25198144011376,65.5333594069363],[22.250363646518622,65.53379788382341],[22.250463075902246,65.5341538996875],[22.24960443837468,65.53419512424088],[22.24889491297342,65.5347703695992],[22.248036252174735,65.53481158548176],[22.248135654472364,65.53516760313794],[22.247276979157096,65.53520881485407],[22.24704641937872,65.53594145595225],[22.24547806821212,65.5365578922896],[22.245197761143494,65.53711252132601],[22.246205582703375,65.53760534939246],[22.245825895302616,65.53780396045651],[22.24405867907457,65.53770834426984],[22.244158040426726,65.5380643649324],[22.243299262211984,65.53810555508295],[22.242209763323288,65.53887937564743],[22.240541801685936,65.53913974131112],[22.240641121633328,65.53949576468372],[22.23950183206425,65.54009155534673],[22.236215296044435,65.54079022438665],[22.236314564539718,65.54114625109658],[22.234035591442282,65.54233776253349],[22.23317665328965,65.54237889680245],[22.23132692027829,65.54354980315514],[22.228898732583563,65.54420719528574],[22.22876677288988,65.54529584648435],[22.22790772731414,65.54533695189967],[22.227247010658544,65.5460901198192],[22.2246202110375,65.54603537868608],[22.22257161639102,65.54649411238432],[22.22029154752032,65.54768542749223],[22.218622793259048,65.54794555928011],[22.21644145226774,65.54949285986686],[22.2155327326495,65.54935587559252],[22.214822050270246,65.54993097232921],[22.213103597797843,65.5500130235196],[22.21191372865938,65.55043059468281],[22.210195232226088,65.55051261328838],[22.20966665706529,65.55017706773064],[22.207419627532346,65.54992350701826],[22.207750325545156,65.54954696341407],[22.204876001394776,65.54860175977271],[22.204777127795726,65.54824570865901],[22.202382052663594,65.54745799380753],[22.20152288578611,65.54749895066347],[22.199458757165495,65.54633465641253],[22.196634460903287,65.54556731784263],[22.195563137212396,65.54327340120982],[22.19680232452053,65.54303398788161],[22.197513230191067,65.54245897355442],[22.195336269464093,65.53931583617013],[22.192942308854136,65.53852796109811],[22.18759173197047,65.53806116197833],[22.183297274925845,65.53826546447195],[22.183015619893073,65.53881999118266],[22.181889584296236,65.53912439277119],[22.182738184077,65.54218993261777],[22.18477560949316,65.54360648115976],[22.183462213917043,65.54480546749664],[22.18595706,65.55381802],[22.22320035360151,65.55204153690231],[22.225958776511035,65.55084185134761],[22.228866858494136,65.55034196153679],[22.2304364256037,65.54972568556177],[22.233823511637347,65.54938315786247],[22.234153817701667,65.54900656043108],[22.238019989619662,65.54882138360286],[22.238218652663704,65.54953343332063],[22.239077816827976,65.54949226823368],[22.2393087001284,65.54875963618377],[22.244033914373222,65.54853313568577],[22.244843324463655,65.54831392824335],[22.244743906627466,65.54795790860601],[22.252425937548292,65.54740891392407],[22.259578490578072,65.54652416702845],[22.26091684103183,65.54664024129443],[22.256291715863604,65.54722327431512],[22.256590441077815,65.54829130565187],[22.257928871074554,65.54840740555628],[22.257698516425783,65.54914006080766],[22.268717145402018,65.54806910495361],[22.268038279069142,65.54719976878027],[22.26884743866219,65.54698043545879],[22.270435257815606,65.54798642585702],[22.27151337137521,65.55027974459679],[22.282531853819336,65.54920778467171],[22.28223205372798,65.5481398151575],[22.28122314396976,65.5476472377995],[22.280364121088642,65.5476886406779],[22.27892575855553,65.54721674704244],[22.277637237770932,65.54727882984363],[22.276548405951104,65.54805289093157],[22.275689360757056,65.5480942675006],[22.275589522920257,65.54773827227471],[22.281153099062863,65.54584658100842],[22.28287101747116,65.54576376267273],[22.28358006837833,65.5451883627694],[22.285627437778988,65.54472881563969],[22.29078088458422,65.5444801528337],[22.290880914675068,65.54483613614775],[22.295984272190456,65.54440930526003],[22.3023470517581,65.54536468240642],[22.302067879056356,65.54591940539723],[22.303456470464596,65.5462130892366],[22.30360678823811,65.54674704891885],[22.305704029665037,65.54646521907847],[22.303807222500325,65.54745899482367],[22.305067143701457,65.54884134735111],[22.304208127248806,65.54888288547386],[22.304329909081464,65.55086150171412],[22.303091394595107,65.55110178844761],[22.302991168829735,65.5507458151453],[22.303850248982222,65.55070428330147],[22.30322025527683,65.55001310361679],[22.29940455424482,65.55037792984],[22.29952598434771,65.55235655338737],[22.30068572568834,65.55338296624048],[22.299826551207598,65.5534244810536],[22.298738142215694,65.55419869752748],[22.298208365108003,65.55386347320113],[22.296010299855716,65.55378922713645],[22.29396241782282,65.55424891971995],[22.29363292322461,65.55462563952247],[22.29234407863653,65.55468785069145],[22.292444177332786,65.5550438322808],[22.291205350476403,65.55528402483652],[22.290546246910093,65.55603745284246],[22.287409214908497,65.55727121379842],[22.287179629277862,65.55800390625846],[22.285031241896526,65.55810749695712],[22.282603123395077,65.55876574969146],[22.28227340928816,65.55914244691313],[22.27979514854757,65.55962266138673],[22.27908563744802,65.56019804803005],[22.277796475508804,65.56026013847244],[22.27751663460849,65.56081482266215],[22.27943545172889,65.56144401913139],[22.28115440459148,65.56136121014401],[22.281484161356953,65.56098451494489],[22.283203076063252,65.56090168307725],[22.2916765530348,65.55850859814215],[22.29678256673781,65.55808171430115],[22.298680399102494,65.55708801654511],[22.29953969651075,65.55704650702802],[22.30019856113402,65.5562930422323],[22.304115376931644,65.55628415986507],[22.304444737986817,65.55590741857111],[22.30654270280334,65.55562557000513],[22.30755240067744,65.55611797079645],[22.306743299607955,65.55633751039437],[22.306843602543225,65.55669348044398],[22.305984330809643,65.55673503115835],[22.305805421097944,65.55764573195883],[22.30451646229285,65.55770804786756],[22.30461674118649,65.55806401962654],[22.303807554809044,65.55828354437405],[22.304008101601326,65.55899548887034],[22.305877251307418,65.55944635955521],[22.30739532271167,65.55865131398765],[22.31078245004958,65.55830706425971],[22.311362668220884,65.55882022524173],[22.31303112624515,65.55855907429495],[22.313561190645444,65.5588942439102],[22.31275205710323,65.55911381593373],[22.31290265504835,65.55964776359075],[22.311942909751682,65.55933338376941],[22.310224208856837,65.5594165397464],[22.308555666327617,65.55967766059506],[22.308656009520277,65.56003362904279],[22.306507557992273,65.56013752507367],[22.305748477909507,65.56053504574399],[22.30589894230526,65.56106900167394],[22.30460981450043,65.5611313200392],[22.304710110561153,65.5614872915623],[22.307768274624912,65.5615198472176],[22.308047473531687,65.56096511349392],[22.30933658319672,65.56090276604331],[22.310446919257014,65.56175111254647],[22.31332644459185,65.56269425934524],[22.31901333919273,65.56277977061329],[22.31232598,65.5387341]],[[22.354845122668497,65.51864067404345],[22.355274085115948,65.51861976733983],[22.355324479474287,65.51879773386858],[22.354845122668497,65.51864067404345]],[[22.153855202583877,65.48825752263505],[22.154859390959082,65.48875099397536],[22.153671303777298,65.48916809020406],[22.153855202583877,65.48825752263505]],[[22.284858339999996,65.44083966999999],[22.288990026199183,65.44063887230116],[22.287524461153705,65.43675559729498],[22.285187103257137,65.43614710907417],[22.279856131984953,65.43568337771842],[22.278851728732217,65.43519073972955],[22.275858020858976,65.43533545440803],[22.27837438018823,65.43503341768614],[22.27827502597208,65.43467741924627],[22.27646504313031,65.4344041138386],[22.27498344803333,65.43375411893645],[22.277927309682273,65.43343142395307],[22.277728631047463,65.43271942611631],[22.279011519829748,65.43265739818723],[22.28011519683528,65.43350603321537],[22.28182575592917,65.43342329941696],[22.2817263622336,65.43306730364093],[22.28263132807336,65.43320392775082],[22.281955204563744,65.43233462635536],[22.282909848750002,65.43264924680041],[22.283188358257934,65.43209456544548],[22.283715387995112,65.43242986967172],[22.284570627063783,65.43238848518757],[22.28412323257557,65.43078651303043],[22.281786492267013,65.4301779659503],[22.28168711397713,65.42982196998939],[22.280255335391676,65.42935002357366],[22.280961434050013,65.42877466479733],[22.282244120629034,65.4287126113874],[22.282343501396255,65.42906860695854],[22.28533645062949,65.42892377113574],[22.285893284786315,65.42781440077296],[22.285167497928853,65.42676711687575],[22.28549560987398,65.42639042895458],[22.28607226068676,65.4269037223695],[22.286877598263796,65.42668433035745],[22.286529601481742,65.42543835765024],[22.28424298657773,65.42500784065724],[22.284948884742242,65.4244324652004],[22.283517349659398,65.42396054731029],[22.283368290834165,65.42342655495315],[22.2850284840776,65.42316579411579],[22.286489823319574,65.42219303042123],[22.287344723376517,65.42215163358576],[22.28885563800544,65.42135684422648],[22.288706488423138,65.4208228580467],[22.28961106109101,65.42095944421031],[22.28936246110988,65.42006946857825],[22.29278174475434,65.41990379017454],[22.293686305236555,65.42004035201265],[22.29383555078732,65.42057433230859],[22.293080203868623,65.42097175272828],[22.294561496153438,65.42162157293042],[22.29375637877652,65.42184100377989],[22.293855884274517,65.42219699052681],[22.293000995169912,65.42223842416705],[22.29310049224106,65.42259441149596],[22.291867876972617,65.42283454807837],[22.291211912315912,65.42358794835633],[22.289979232536403,65.4238280701437],[22.290227896520612,65.42471804410478],[22.288667110256334,65.42533485332966],[22.288388781239632,65.42588954301695],[22.28921413568803,65.42729280059697],[22.290019457737795,65.42707339196299],[22.290218418292454,65.42778537080842],[22.291172989669693,65.42809993968784],[22.292674945338426,65.43037243362951],[22.293957676517905,65.43031028015733],[22.29428570226986,65.42993357398136],[22.30369205026927,65.42947743154014],[22.305024551963612,65.42959317386754],[22.3056016559665,65.43010638805372],[22.30688433705236,65.43004412514748],[22.309371261554098,65.43118623885306],[22.31236427159258,65.43104086609267],[22.312891647473055,65.43137606488875],[22.315079432538784,65.43145016803155],[22.315656774729174,65.43196334135213],[22.31651193749311,65.43192177653158],[22.316611798151648,65.43227774467314],[22.318322137528906,65.43219459921598],[22.318172313413967,65.43166064900869],[22.31945503439695,65.43159827879855],[22.320787706386717,65.43171388015294],[22.320510002041196,65.43226862279411],[22.321365165455106,65.43222703045144],[22.32194264764163,65.43274017830674],[22.32370297684842,65.43283495352046],[22.324458181705293,65.43243738117783],[22.325740922594793,65.43237495731155],[22.32493575068085,65.43259455515566],[22.32546331764747,65.43292970807413],[22.326646078785647,65.43251131542529],[22.32679608132146,65.43304525542254],[22.327978825650174,65.4326268524917],[22.328078845215217,65.43298281144365],[22.328984034010677,65.43311915520037],[22.336730568705402,65.43292219323612],[22.34462733073008,65.43325875342414],[22.350135587670866,65.43280945861153],[22.35322887002469,65.43301921667032],[22.36167950924459,65.43224529334962],[22.36233362842596,65.43149160552423],[22.365326316955283,65.43134518506851],[22.36565331760532,65.43096833419605],[22.366659154922143,65.43146037942515],[22.373021632171717,65.43096840436797],[22.37392696907989,65.43110447689385],[22.3740276052725,65.43146039908565],[22.37611485198048,65.43117769369799],[22.376366523206908,65.43206749458655],[22.37759875173684,65.43182667136763],[22.381145423928366,65.43363748988291],[22.382478440848935,65.43375254263493],[22.38280522020804,65.43337565682114],[22.384767357060042,65.43418154639645],[22.385622459067775,65.43413959037385],[22.385723268099724,65.43449550301023],[22.387157177454394,65.43496642613954],[22.388490285825224,65.43508142483678],[22.389069136480305,65.43559430163343],[22.38992427623613,65.43555232084223],[22.39135831800362,65.43602320269576],[22.391987698781474,65.43671402143165],[22.394176087263165,65.43678697112246],[22.394755087906457,65.4372998245813],[22.395987382050567,65.43705885047494],[22.396340766891644,65.43830451455182],[22.39724647324759,65.4384404433542],[22.397397954642763,65.43897429791315],[22.399259941814613,65.43942408744911],[22.39936096057201,65.43977998884209],[22.400795403466375,65.44025077691806],[22.40165067239661,65.44020872834263],[22.402155977069544,65.44198822449147],[22.40391716605521,65.4420820547933],[22.404547030956934,65.44277281621694],[22.403691683978284,65.44281488200143],[22.402987960079663,65.4433907904467],[22.404045528818585,65.44406052336564],[22.405328608096983,65.4439974192666],[22.40585742786106,65.44433227809118],[22.40751763352797,65.44407016896426],[22.40673595210516,65.4428455783093],[22.408497212361276,65.44293935442437],[22.408823720354373,65.44256241501589],[22.412751092173426,65.44417346016793],[22.415367833033446,65.44422503757792],[22.41813652616998,65.44481039854402],[22.416954727472547,65.44522949851097],[22.417635663102548,65.44609814436947],[22.418592400987297,65.44641188426345],[22.42068031379812,65.44612855543747],[22.421738443605506,65.44679815863405],[22.421136371799424,65.44773003161475],[22.422042527935805,65.4478658069774],[22.423151457187753,65.44871334039384],[22.42345562596266,65.44978098503428],[22.422853553292885,65.4507128648756],[22.42204867252508,65.45093297796365],[22.424143313771495,65.45371676629719],[22.42109777819291,65.45368643405801],[22.420996399317616,65.4533305508866],[22.4191837238849,65.45305898582804],[22.41845187352713,65.45201240678729],[22.416639315025332,65.45174080998449],[22.415581106228636,65.45107117182953],[22.4134421094125,65.45117648995115],[22.41225995125614,65.45159555678089],[22.41203463740781,65.45232839474814],[22.409895520719047,65.45243366381222],[22.408814458115106,65.45320859713802],[22.4079587787144,65.45325069047502],[22.40863964224395,65.45411937765263],[22.40793573879238,65.45469531098645],[22.406601548949265,65.45458049508504],[22.40632546137919,65.45513537893449],[22.40541912706102,65.45499951098893],[22.40418608775616,65.45524056966678],[22.403933202476754,65.45435082756443],[22.401793881317165,65.45445598385801],[22.401039259374315,65.45485393726365],[22.402299527971245,65.4562354760573],[22.4003622677129,65.45705241045958],[22.400463383638744,65.4574083101289],[22.399331287142047,65.45800523049186],[22.398424886305023,65.45786932121734],[22.39772065858374,65.45844521017223],[22.39595838083385,65.45835131851472],[22.395304612927156,65.45910514850388],[22.39072465028781,65.46131468140358],[22.387728709284794,65.4614616385707],[22.387024150510648,65.46203748094537],[22.386168140359864,65.4620794540632],[22.38626908683533,65.46243536493785],[22.384985048769583,65.46249831660185],[22.384657961193497,65.46287521022947],[22.38037772031007,65.46308496210352],[22.380050558794757,65.4634618464908],[22.378338415334017,65.46354571002422],[22.375644564739158,65.46476018301806],[22.374360381819155,65.46482304576854],[22.37403311236679,65.46519991819733],[22.369273946734072,65.46525235041736],[22.36871997693437,65.46329476493155],[22.36942497661723,65.46271900357843],[22.368166098593825,65.46133717648848],[22.36731007485078,65.4613790428105],[22.367008032251235,65.46031126399266],[22.3659507160583,65.45964126902894],[22.364188450244495,65.45954700635127],[22.360890762132215,65.45862564285498],[22.36063930813908,65.45773581402234],[22.359632541380105,65.45724373801006],[22.35918004357266,65.45564204083396],[22.358223653262367,65.45532792085046],[22.35845050235857,65.45459514803267],[22.35643733663488,65.45361095640268],[22.356613973615673,65.45270021833495],[22.35575820979474,65.45274201654614],[22.357268718052833,65.45194654622922],[22.35744531810801,65.45103580755571],[22.358628355252822,65.4506171614125],[22.358377070993907,65.4497273270935],[22.35460279331559,65.44864874831366],[22.354578573189094,65.44702613812223],[22.356139029429187,65.4464086503634],[22.3557874233685,65.44516287445941],[22.35392573904344,65.44471254540599],[22.35178696295289,65.44481698737997],[22.351129792672673,65.44522755662318],[22.351522499999998,65.44662028],[22.32234214940752,65.44805582646632],[22.323647963454277,65.44961604704962],[22.319491336993952,65.45180265565176],[22.316973889103274,65.45210538903812],[22.314656237931203,65.45312001856324],[22.313372449474194,65.45318235861625],[22.313044428750477,65.45355910620201],[22.310576671730313,65.45403972048192],[22.307930482086533,65.45543099338676],[22.30365071903096,65.45563856506207],[22.301232467674065,65.45629701910843],[22.300904233813917,65.4566737424222],[22.298814093127078,65.45695543563592],[22.297301490619454,65.45775034146445],[22.295589402097676,65.45783326597041],[22.294504687982293,65.4586074157952],[22.292792532734953,65.45869030924347],[22.291657876312495,65.45928644680859],[22.28662078915599,65.45989096474715],[22.285475796101412,65.45579706573942],[22.286282015589595,65.45557766816249],[22.286082906811505,65.4548656856914],[22.287366856124834,65.45480357616012],[22.28812324008699,65.45440617409177],[22.28797387792462,65.45387218938602],[22.28882980880568,65.45383077387314],[22.288730226326003,65.45347478462764],[22.290242854487232,65.45267996442146],[22.291904816675036,65.45241911030152],[22.291655777841406,65.45152914295232],[22.29298936251726,65.45164498081141],[22.292889733563705,65.45128899476963],[22.294601404760872,65.45120610503348],[22.29450175592217,65.45085012025311],[22.29568582130996,65.45043195744996],[22.295382618612678,65.44934885672775],[22.28734604,65.44973946],[22.284858339999996,65.44083966999999]],[[22.27498344803333,65.43375411893645],[22.274506148783082,65.4335967841615],[22.27493379650187,65.4335761183528],[22.27498344803333,65.43375411893645]],[[22.274028855244207,65.43343944781938],[22.274456500851873,65.4334187833848],[22.274506148783082,65.4335967841615],[22.274028855244207,65.43343944781938]],[[22.446865857868545,65.40874644541536],[22.446438780283927,65.40876759280289],[22.446388023585516,65.40858966043666],[22.446865857868545,65.40874644541536]],[[22.405830045738657,65.4427097085053],[22.404974703309044,65.44275178151771],[22.404924148515107,65.4425738331694],[22.405728925491264,65.44235381247272],[22.405830045738657,65.4427097085053]],[[22.40552030211208,65.4553554066733],[22.40509242452995,65.45537644499204],[22.405041839482386,65.45519849698991],[22.40552030211208,65.4553554066733]],[[22.40448957513555,65.45630825937697],[22.40406168098822,65.45632929494077],[22.403960521208028,65.45597339812475],[22.40448957513555,65.45630825937697]],[[22.403583208670117,65.45617238073125],[22.40315531586267,65.45619341371201],[22.403104742067512,65.45601546494728],[22.403583208670117,65.45617238073125]],[[22.402474575197175,65.45532470055637],[22.403330332994315,65.4552826375223],[22.403380906611762,65.45546058621333],[22.402474575197175,65.45532470055637]],[[22.402097260205164,65.45552367947299],[22.402525143099464,65.4555026495918],[22.402575711760512,65.45568059860264],[22.402097260205164,65.45552367947299]],[[22.397724577896337,65.43859738136459],[22.398152188746668,65.43857636662632],[22.39825318851548,65.43893226895317],[22.397724577896337,65.43859738136459]],[[22.379052055161207,65.48444045417534],[22.379858329172414,65.48422055645862],[22.383008436838665,65.48460759747458],[22.38106850292554,65.48542431106405],[22.381169488879586,65.48578022494071],[22.379455889082575,65.48586411577071],[22.378019263653627,65.48539314675638],[22.379203487194495,65.48497432745746],[22.379052055161207,65.48444045417534]],[[22.372478076793406,65.49955710906669],[22.372906709021795,65.49953615564453],[22.372957178986432,65.49971411554438],[22.372478076793406,65.49955710906669]],[[22.372099908032975,65.49975602152422],[22.372528543888983,65.49973506913831],[22.372579011743117,65.49991302918552],[22.372099908032975,65.49975602152422]],[[22.369200326364655,65.50025857721826],[22.369427183704612,65.49952578789812],[22.370284452282583,65.49948389710184],[22.370385357024283,65.49983981898738],[22.37167127141846,65.49977697270208],[22.37177219640869,65.50013289345912],[22.370158524482726,65.50057260949747],[22.369200326364655,65.50025857721826]],[[22.37081022230675,65.39246571710378],[22.370383335713377,65.39248664702563],[22.37033313221944,65.39230868355395],[22.37081022230675,65.39246571710378]],[[22.37070981038387,65.39210979047816],[22.37028292947706,65.39213072005792],[22.370182526246897,65.39177479299263],[22.37070981038387,65.39210979047816]],[[22.370207462894843,65.39339739359308],[22.369780560581088,65.393418321966],[22.369730359016174,65.3932403582742],[22.370207462894843,65.39339739359308]],[[22.37018355057411,65.49912797511833],[22.369326293472408,65.49916986522769],[22.369275849493615,65.4989919038558],[22.37018355057411,65.49912797511833]],[[22.36960358413358,65.49861503710301],[22.368746342729313,65.49865692376599],[22.36869590389389,65.49847896214897],[22.36960358413358,65.49861503710301]],[[22.367636863442673,65.49474176253943],[22.367208304709923,65.49476270028205],[22.367157885416614,65.49458473795515],[22.367636863442673,65.49474176253943]],[[22.36604871499145,65.49373679575602],[22.36519162663786,65.49377866072733],[22.36514122336157,65.49360069756723],[22.36604871499145,65.49373679575602]],[[22.364990018077123,65.49306680794028],[22.36584708348877,65.49302494434183],[22.365897490228217,65.49320290723205],[22.364990018077123,65.49306680794028]],[[22.364061233794263,65.46677019458934],[22.36363312951881,65.46679111764523],[22.363582799612576,65.46661315322142],[22.364061233794263,65.46677019458934]],[[22.362371418192385,65.396307267243],[22.361517503129917,65.39634907948408],[22.361467350771736,65.39617111254334],[22.362371418192385,65.396307267243]],[[22.361040394958565,65.39619201668951],[22.35975952301396,65.3962547219139],[22.35960910457781,65.39572081889546],[22.360940098183743,65.39583608239327],[22.361040394958565,65.39619201668951]],[[22.356035354397928,65.45218721473532],[22.355985110010987,65.45200924691726],[22.356412980112196,65.45198834789338],[22.356035354397928,65.45218721473532]],[[22.354673440872713,65.5072824260397],[22.354244663955328,65.50730332919329],[22.354194303719655,65.50712536196014],[22.354673440872713,65.5072824260397]],[[22.35328639962039,65.50698919669826],[22.352857626174373,65.5070100958833],[22.352756926716665,65.50665416026646],[22.35328639962039,65.50698919669826]],[[22.345432351280465,65.43303905199322],[22.345004779825317,65.43305991689195],[22.34495465461166,65.43288194420053],[22.345432351280465,65.43303905199322]],[[22.344527085258644,65.43290280772403],[22.343671944298073,65.43294453115762],[22.343621828397023,65.4327665579297],[22.344527085258644,65.43290280772403]],[[22.343144147347317,65.43260944424615],[22.34319425964327,65.43278741766903],[22.342339119881665,65.43282913353426],[22.343144147347317,65.43260944424615]],[[22.33919584946879,65.43244117617168],[22.34133367672518,65.43233692219194],[22.341383776103886,65.43251489634608],[22.33919584946879,65.43244117617168]],[[22.341383776103886,65.43251489634608],[22.34228901329312,65.43265115977002],[22.341433876233765,65.43269287047592],[22.341383776103886,65.43251489634608]],[[22.33876828176445,65.43246202335416],[22.33834071330921,65.43248286933213],[22.33829063465743,65.43230489395943],[22.33876828176445,65.43246202335416]],[[22.337913144103084,65.43250371410562],[22.337485574146125,65.4325245576746],[22.337435501201846,65.43234658196073],[22.337913144103084,65.43250371410562]],[[22.33700793334787,65.43236742415463],[22.336152795387733,65.4324091049289],[22.336102731755496,65.4322311286792],[22.33700793334787,65.43236742415463]],[[22.335247596500324,65.43227280429439],[22.334392458242938,65.43231447509153],[22.334342406776404,65.43213649813552],[22.335247596500324,65.43227280429439]],[[22.33353731698365,65.43235614107058],[22.33310974522841,65.43237697225332],[22.333059702323343,65.43219899478589],[22.33353731698365,65.43235614107058]],[[22.332254599466918,65.4324186310052],[22.33182702546075,65.43243945857435],[22.331776991117298,65.43226148059557],[22.332254599466918,65.4324186310052]],[[22.33092184656216,65.43230313177938],[22.33134941921481,65.43228230678973],[22.33139945070435,65.43246028493891],[22.33092184656216,65.43230313177938]],[[22.330544298941074,65.43250193405449],[22.330971875197786,65.43248111009899],[22.331021904583555,65.43265908839436],[22.330544298941074,65.43250193405449]],[[22.32659607943981,65.4323333353778],[22.329161531980887,65.43220844066703],[22.329211548450722,65.43238641969245],[22.32659607943981,65.4323333353778]],[[22.326268520101433,65.49441173341212],[22.326168241193162,65.49405577591968],[22.32707555872548,65.49419210986446],[22.327175850616864,65.49454806662558],[22.326268520101433,65.49441173341212]],[[22.325739653704307,65.49407659634373],[22.325689518249394,65.49389861739044],[22.326118102869323,65.49387779713709],[22.325739653704307,65.49407659634373]],[[22.324681962118365,65.49340631624378],[22.32511053963858,65.49338549891849],[22.325160669964315,65.49356347811514],[22.324681962118365,65.49340631624378]],[[22.325160669964315,65.49356347811514],[22.325639383547955,65.49372063841294],[22.32521080104345,65.49374145728758],[22.325160669964315,65.49356347811514]],[[22.324835775571355,65.43223859367419],[22.32398061843796,65.43228020563075],[22.32393063771557,65.43210222451322],[22.324835775571355,65.43223859367419]],[[22.321265240507138,65.43187106610122],[22.321692815382193,65.43185026846338],[22.321742780335665,65.43202825048037],[22.321265240507138,65.43187106610122]],[[22.321742780335665,65.43202825048037],[22.323075483292627,65.43214383131095],[22.321792746038334,65.4322062324732],[22.321742780335665,65.43202825048037]],[[22.3218427124902,65.4323842144419],[22.322270295178363,65.43236341508883],[22.32232026523363,65.43254139686313],[22.3218427124902,65.4323842144419]],[[22.321144940931237,65.52713497207479],[22.321674445065543,65.52747011885936],[22.32048737736734,65.52788851522816],[22.321144940931237,65.52713497207479]],[[22.3210947601316,65.52695699206771],[22.32152389176996,65.52693617942322],[22.32157407544666,65.5271141592595],[22.3210947601316,65.52695699206771]],[[22.31774473825529,65.43168143666954],[22.317694801235348,65.43150345304872],[22.31812237353995,65.43148266555797],[22.31774473825529,65.43168143666954]],[[22.317267228182,65.43152423933489],[22.317217294764855,65.43134625551983],[22.317644864964162,65.43132546940375],[22.317267228182,65.43152423933489]],[[22.31736709726243,65.43188020689263],[22.31693951775212,65.43190099231441],[22.31688958569169,65.43172300837753],[22.31736709726243,65.43188020689263]],[[22.316799537466363,65.50244874848418],[22.316370803354776,65.502469543792],[22.31632071224783,65.50229156129728],[22.316799537466363,65.50244874848418]],[[22.316262298948022,65.43103185575536],[22.316689864936645,65.4310110723886],[22.31673979400243,65.43118905642203],[22.316262298948022,65.43103185575536]],[[22.316190535317716,65.47866392651744],[22.31644072072925,65.47955384180125],[22.315684069370626,65.479951388359],[22.312357141287126,65.48047363177511],[22.31225711617221,65.48011766252048],[22.313442189952074,65.47969935043538],[22.31409882426893,65.47894584699038],[22.316190535317716,65.47866392651744]],[[22.315884655568624,65.43123062229118],[22.316312225159823,65.4312098399589],[22.31636215212022,65.4313878241383],[22.315884655568624,65.43123062229118]],[[22.315407164725105,65.43107341887521],[22.314979596490886,65.43109419862833],[22.31492967958962,65.43091621389051],[22.315407164725105,65.43107341887521]],[[22.31434924523527,65.5045521073592],[22.314299163073944,65.50437412410737],[22.314727930418638,65.50435333434591],[22.31434924523527,65.5045521073592]],[[22.309977158358897,65.41943021630803],[22.31083192350827,65.41938868766574],[22.310554122746044,65.4199434129604],[22.311508639610917,65.42025785367197],[22.313545842336833,65.41979802964788],[22.31364560695293,65.42015400072975],[22.31198590659788,65.42041507167598],[22.311658249369287,65.4207918126628],[22.312762448722403,65.42164020354868],[22.311102645568276,65.42190126580086],[22.31133058297655,65.42116855302882],[22.30937165358316,65.42036167651436],[22.309977158358897,65.41943021630803]],[[22.31307565986155,65.52319622016311],[22.313504737409403,65.52317543080179],[22.31355485770251,65.52335341392636],[22.31307565986155,65.52319622016311]],[[22.313547164525122,65.43062257484405],[22.31311960185942,65.43064334926879],[22.313069698619096,65.43046536377857],[22.313547164525122,65.43062257484405]],[[22.312696696100005,65.52339499178048],[22.313125777278287,65.52337420345827],[22.313175895449085,65.52355218672925],[22.312696696100005,65.52339499178048]],[[22.311459236287064,65.43090442106813],[22.311031667026512,65.43092518963998],[22.310981777308115,65.430747203324],[22.311459236287064,65.43090442106813]],[[22.310923852228967,65.52636744484737],[22.310494719743804,65.52638822743],[22.310444613276943,65.52621024315711],[22.310923852228967,65.52636744484737]],[[22.301728665385937,65.46890149720875],[22.301529014053266,65.46818954057072],[22.302435304494068,65.46832603264895],[22.302335470372306,65.46797005491358],[22.30536141976197,65.46638011987221],[22.30783043090917,65.46589957838665],[22.308158672283028,65.46552283995338],[22.309921177524956,65.46561775430217],[22.309314694761227,65.46654922387762],[22.30674576346874,65.46667381566714],[22.30737371123645,65.46736500117582],[22.306189086021313,65.46778326121338],[22.30638886034024,65.46849521046634],[22.304775972711667,65.46893422051903],[22.304547511063376,65.46966692847077],[22.3036910925129,65.46970843796255],[22.302984445758362,65.47028390847149],[22.301371389999723,65.47072288382813],[22.29875210491654,65.47066935475098],[22.298980736888005,65.46993665388042],[22.299837171928584,65.4698951709386],[22.300115671822557,65.46934045853654],[22.301728665385937,65.46890149720875]],[[22.309736656198226,65.52678575812102],[22.308878374441214,65.52682731549895],[22.30882827797552,65.52664933059219],[22.309736656198226,65.52678575812102]],[[22.309399508678926,65.55494615954625],[22.309070231409198,65.55532291079398],[22.308540299443333,65.55498772415058],[22.309399508678926,65.55494615954625]],[[22.30917224139878,65.41964972745862],[22.308744853357496,65.41967048773573],[22.308695005030756,65.41949250024176],[22.30917224139878,65.41964972745862]],[[22.307534072625586,65.52977895663207],[22.30839245400834,65.52973740589756],[22.30844255465758,65.5299153909051],[22.307534072625586,65.52977895663207]],[[22.305710153888143,65.53257337282868],[22.30389303870556,65.53230046750494],[22.3042221194198,65.53192372941825],[22.303063244823825,65.53089733502314],[22.303821528318387,65.53049983561111],[22.30558843250742,65.53059475694998],[22.305438186478366,65.53006079849179],[22.3062965811559,65.53001925951781],[22.30662559984428,65.52964251681223],[22.306725777363987,65.52999848821554],[22.307634263165582,65.53013492730501],[22.305710153888143,65.53257337282868]],[[22.30607384696428,65.50603557162434],[22.306023817728356,65.50585758510913],[22.3064526173579,65.50583681849982],[22.30607384696428,65.50603557162434]],[[22.30566705519463,65.52932808534278],[22.305237868991497,65.52934885354281],[22.30518779150394,65.52917086724523],[22.30566705519463,65.52932808534278]],[[22.304129890188506,65.50685133661577],[22.303701071683548,65.50687209682359],[22.30360104241621,65.50651612191847],[22.304129890188506,65.50685133661577]],[[22.30364221369104,65.42929944226555],[22.304069763520115,65.42927869483529],[22.304119602952245,65.4294566839401],[22.30364221369104,65.42929944226555]],[[22.28773898885656,65.48094414050135],[22.28859580570913,65.480902717531],[22.289681586330794,65.48012859965873],[22.29230181246729,65.48018227671528],[22.29205244078218,65.4792923134386],[22.29066757716662,65.4789984881118],[22.292759564073936,65.47871688938547],[22.293088175475148,65.47834018007093],[22.295001176300815,65.4789692369088],[22.295200749408323,65.47968120291803],[22.297771024060307,65.47955679420733],[22.298527942368768,65.47915933474057],[22.30071971204533,65.4792336065189],[22.30011261020064,65.48016504522454],[22.299255839550653,65.48020653305821],[22.29774194367396,65.48100145607712],[22.296456738679314,65.4810636663224],[22.29550013155521,65.48074915121025],[22.293786531335687,65.48083207028007],[22.29388630844863,65.48118805421095],[22.29169438804774,65.48111368477578],[22.290608628659704,65.48188781690116],[22.288566219952745,65.48234738262053],[22.28723107569051,65.48223152116587],[22.28647389560453,65.48262892660757],[22.286324372386137,65.48209494193836],[22.28718122963234,65.48205352659159],[22.28773898885656,65.48094414050135]],[[22.299768925856352,65.55631379933808],[22.29951842005631,65.55542385990266],[22.299948040910703,65.5554031036495],[22.299768925856352,65.55631379933808]],[[22.29239270060562,65.48360558182607],[22.292821148536028,65.48358485735943],[22.292871036492276,65.48376284965569],[22.29239270060562,65.48360558182607]],[[22.29329948654044,65.48374212381152],[22.295113086071222,65.48401519117972],[22.29574117224108,65.48470642363165],[22.29488424448329,65.484747888228],[22.294984054580134,65.48510387110048],[22.29284169338915,65.48520751315574],[22.290828524496437,65.48422244698071],[22.290728775009278,65.48386646076172],[22.291207106041007,65.48402373390752],[22.29329948654044,65.48374212381152]],[[22.291981643630223,65.50383087066467],[22.29180250079814,65.50474155740744],[22.28985818103715,65.50555714246299],[22.288142932739955,65.50564001381886],[22.287943312431093,65.50492803903984],[22.291981643630223,65.50383087066467]],[[22.287826638509813,65.46885283252908],[22.288732885239654,65.46898940727651],[22.289868018678497,65.46839328698465],[22.291630664018452,65.46848841344271],[22.291879897000204,65.4693783788355],[22.29107330675148,65.46959780997835],[22.291172995225054,65.46995379659822],[22.289888313791774,65.4700159457697],[22.288374700469923,65.47081077213869],[22.28452048571667,65.47099711713777],[22.28437108263097,65.4704631293155],[22.28716947646138,65.46960622697816],[22.287826638509813,65.46885283252908]],[[22.290338922773078,65.47937519258512],[22.289910541398193,65.47939590935322],[22.289860683640097,65.47921791577672],[22.290338922773078,65.47937519258512]],[[22.281082642163483,65.4975019945846],[22.28093312629583,65.49696800454672],[22.28244844330487,65.49617323599969],[22.284163092327788,65.49609043517117],[22.28449203353394,65.49571374132765],[22.28464161342231,65.49624772721472],[22.285927598683607,65.49618560977062],[22.28663529549809,65.49561020875915],[22.289107405791412,65.49512994282591],[22.288928204721632,65.49604062677433],[22.287363215502335,65.49665746406549],[22.28670538528913,65.49741086301414],[22.285040526103213,65.49767168852371],[22.285190130726765,65.49820567361836],[22.283804324044137,65.49791179473155],[22.283505182213624,65.49684382098205],[22.281082642163483,65.4975019945846]],[[22.288994650939838,65.48232666917345],[22.289044509964246,65.48250466302065],[22.288616076110053,65.4825253766375],[22.288994650939838,65.48232666917345]],[[22.288024699440626,65.51141867196834],[22.288453607593,65.51139795534097],[22.28850352994616,65.51157594871616],[22.288024699440626,65.51141867196834]],[[22.284880500278078,65.49244771471878],[22.285309100261532,65.49242701005277],[22.285358957466105,65.49260500512561],[22.284880500278078,65.49244771471878]],[[22.285787559569858,65.49258429908167],[22.287701454196327,65.49321343947923],[22.28656522251525,65.49380955428998],[22.286764702770775,65.49452153231039],[22.28600716932034,65.4949189388872],[22.28510002703976,65.4947823566644],[22.28439231735557,65.4953577506162],[22.283385467379883,65.49486516724033],[22.28252818305413,65.49490656527827],[22.28195002091753,65.49439327347554],[22.28260791858057,65.49363989454862],[22.285787559569858,65.49258429908167]],[[22.28619497861273,65.48318361794105],[22.28591605040745,65.4837383088691],[22.28533808246721,65.48322502807872],[22.28619497861273,65.48318361794105]],[[22.28553923442076,65.49945163799862],[22.285589109376033,65.49962963281402],[22.28516039157506,65.49965033943795],[22.28553923442076,65.49945163799862]],[[22.28528987089077,65.49856166356138],[22.284861170317175,65.49858236916647],[22.28481130273141,65.49840437403716],[22.28528987089077,65.49856166356138]],[[22.28506064815693,65.49929434944349],[22.285110519491123,65.49947234445274],[22.284681803811758,65.49949304969829],[22.28506064815693,65.49929434944349]],[[22.284988744207357,65.4742217415549],[22.285038557331305,65.47439973718541],[22.28461025232735,65.47442043816609],[22.284988744207357,65.4742217415549]],[[22.284541168279294,65.42607582284678],[22.284968683811375,65.42605512990582],[22.285018386222998,65.42623312668424],[22.284541168279294,65.42607582284678]],[[22.284163348706468,65.42627451170033],[22.28459086783729,65.42625381979452],[22.2846405681404,65.4264318167183],[22.284163348706468,65.42627451170033]],[[22.284582067635654,65.49913705931623],[22.284631935348866,65.49931505451924],[22.28420322179112,65.49933575838642],[22.284582067635654,65.49913705931623]],[[22.283785523426307,65.42647319966404],[22.28421304615589,65.42645250879342],[22.284262744350404,65.42663050586259],[22.283785523426307,65.42647319966404]],[[22.28270170235488,65.42724725589039],[22.28312923873489,65.4272265679562],[22.283178931348125,65.42740456543746],[22.28270170235488,65.42724725589039]],[[22.282323852135196,65.42744594043982],[22.28275139211416,65.42742525354093],[22.282801082618434,65.42760325116751],[22.282323852135196,65.42744594043982]],[[22.28109090681685,65.4276859922127],[22.281945996207504,65.4276446240993],[22.281995681748672,65.42782262204051],[22.28109090681685,65.4276859922127]],[[22.281995681748672,65.42782262204051],[22.282472917320916,65.42797993375564],[22.282045368034787,65.42800061995779],[22.281995681748672,65.42782262204051]],[[22.2811725544839,65.49316799258212],[22.280743938400082,65.49318868567511],[22.28069411126465,65.4930106887834],[22.2811725544839,65.49316799258212]],[[22.280155981678657,65.42899402635781],[22.280106305939405,65.42881602771396],[22.280533870367144,65.42879534685798],[22.280155981678657,65.42899402635781]],[[22.279678740766858,65.42883670736529],[22.279629068626807,65.4286587085283],[22.280056630944983,65.4286380290462],[22.279678740766858,65.42883670736529]],[[22.279907610430474,65.42810403289927],[22.279052502175162,65.42814538964349],[22.27900283586828,65.42796739054155],[22.279907610430474,65.42810403289927]],[[22.279201505563865,65.42867938680574],[22.279151837022926,65.42850138777557],[22.279579397231508,65.42848070966733],[22.279201505563865,65.42867938680574]],[[22.277529964329847,65.43200742789669],[22.27795758324763,65.43198675380206],[22.278007251665088,65.43216475322363],[22.277529964329847,65.43200742789669]],[[22.276724384111738,65.43222677240053],[22.27757962989207,65.4321854274875],[22.277629296199063,65.43236342705431],[22.276724384111738,65.43222677240053]],[[22.276018102243714,65.43280211315307],[22.275590468181033,65.43282278189999],[22.27554081466147,65.43264478153506],[22.276018102243714,65.43280211315307]],[[22.27312392317566,65.43330277176571],[22.272268632460563,65.43334409186193],[22.272219000296513,65.43316609019186],[22.27312392317566,65.43330277176571]],[[22.26872370692324,65.53255439777041],[22.268773543590815,65.53273239847616],[22.268344266060865,65.5327530629076],[22.26872370692324,65.53255439777041]],[[22.260598396836745,65.53150213834367],[22.26016913173024,65.5315227794595],[22.26011935652561,65.531344775317],[22.260598396836745,65.53150213834367]],[[22.2473095798028,65.49479902398951],[22.247738254175342,65.49477842515199],[22.24778786102709,65.49495643505547],[22.2473095798028,65.49479902398951]],[[22.24778786102709,65.49495643505547],[22.248266147993764,65.4951138445512],[22.247837468624528,65.49513444493515],[22.24778786102709,65.49495643505547]],[[22.243369837599737,65.49625102772153],[22.243320257860226,65.4960730161032],[22.243748956915944,65.49605242833844],[22.243369837599737,65.49625102772153]],[[22.238879130706966,65.54878021986845],[22.238829461047164,65.54860220771762],[22.239259027584097,65.54858162420199],[22.238879130706966,65.54878021986845]],[[22.23839989376207,65.54862279002158],[22.238350227734887,65.54844477767789],[22.23877979213551,65.54842419554298],[22.23839989376207,65.54862279002158]],[[22.224669925000157,65.55090348649408],[22.224240306336096,65.55092402911924],[22.22419073166969,65.55074601124676],[22.224669925000157,65.55090348649408]],[[22.219409464687082,65.50227014959069],[22.218980640539094,65.50229066954162],[22.218931213062948,65.50211264844953],[22.219409464687082,65.50227014959069]],[[22.206024885429386,65.51355262738629],[22.20559586340937,65.51357311129998],[22.205546501360136,65.51339508521062],[22.206024885429386,65.51355262738629]],[[22.19520281181148,65.47131893294122],[22.194922053038564,65.47187347336522],[22.19434613123459,65.47135982484525],[22.19520281181148,65.47131893294122]],[[22.191534940162814,65.54130067030484],[22.191105448208045,65.54132111767512],[22.191056121647478,65.54114308655342],[22.191534940162814,65.54130067030484]],[[22.18520514505733,65.54358605132849],[22.185303730215534,65.54394211801974],[22.184874188881977,65.54396254818667],[22.18520514505733,65.54358605132849]],[[22.186212110117502,65.54407928702557],[22.18593046157172,65.54463381907023],[22.185500909441394,65.54465425112011],[22.185303730215534,65.54394211801974],[22.186212110117502,65.54407928702557]],[[22.183557591115598,65.54077836749421],[22.183656140984162,65.54113443560897],[22.183226644316704,65.5411548606681],[22.183557591115598,65.54077836749421]],[[22.183029559083902,65.5404427236736],[22.183128100216248,65.54079879221784],[22.182698608574867,65.54081921572995],[22.183029559083902,65.5404427236736]],[[22.17584187455306,65.47350449602577],[22.175989084097466,65.47403861199477],[22.17556068155475,65.47405900466963],[22.17584187455306,65.47350449602577]],[[22.171442578854528,65.42916170267762],[22.170159555711802,65.42922281702737],[22.170061697143762,65.42886673305605],[22.171442578854528,65.42916170267762]],[[22.170569515967447,65.48115068185184],[22.170140991875247,65.4811710603399],[22.170091944920582,65.4809930195882],[22.170569515967447,65.48115068185184]],[[22.16780223435926,65.48056076816816],[22.167373717324967,65.48058113873844],[22.167324690536535,65.48040309689107],[22.16780223435926,65.48056076816816]],[[22.16764240285443,65.42952305613248],[22.16721471974622,65.42954341810595],[22.16711689971366,65.42918733184752],[22.16764240285443,65.42952305613248]],[[22.157113280823914,65.48431517681728],[22.159060298037808,65.48350127408192],[22.158962345127815,65.48314518400737],[22.16010109406211,65.48255000500333],[22.163578527868747,65.48256521187068],[22.161962298254107,65.48300272824538],[22.162158287396412,65.48371490362901],[22.161252145999086,65.48357756850793],[22.160921553683433,65.48395400963986],[22.15877865089283,65.48405575584219],[22.158974562895207,65.48476793609863],[22.158166347757465,65.48498667279404],[22.157113280823914,65.48431517681728]],[[22.161448121011965,65.4842897449465],[22.16101953692089,65.48431009814621],[22.160970544934013,65.48413205390469],[22.161448121011965,65.4842897449465]],[[22.159672537205097,65.48257035411753],[22.159623558321208,65.48239230930895],[22.16005211230778,65.4823719603616],[22.159672537205097,65.48257035411753]],[[22.15902354273606,65.4849459811044],[22.159072523313064,65.48512402608687],[22.158643923320735,65.48514437270279],[22.15902354273606,65.4849459811044]],[[22.154736467149853,65.49146236364788],[22.155544909684245,65.49124364310053],[22.155642852708493,65.49159973545962],[22.154736467149853,65.49146236364788]],[[22.155642852708493,65.49159973545962],[22.156120536805357,65.49175744227911],[22.155691825324926,65.4917777816042],[22.155642852708493,65.49159973545962]],[[22.15591258627044,65.48942250438361],[22.155483912868753,65.48944284274923],[22.155434946949562,65.4892647964683],[22.15591258627044,65.48942250438361]],[[22.155091259736455,65.49433144290684],[22.15466250508736,65.49435177973109],[22.154564562960747,65.49399568673712],[22.155091259736455,65.49433144290684]],[[22.153976972041374,65.49185912681496],[22.15440568646645,65.49183879232574],[22.15445465120058,65.49201683894734],[22.153976972041374,65.49185912681496]],[[22.15445465120058,65.49201683894734],[22.154932336105563,65.49217454951388],[22.15450361667083,65.49219488554567],[22.15445465120058,65.49201683894734]],[[22.15434722084535,65.47741204233463],[22.153918742729164,65.47743237436313],[22.15382088723046,65.4770762799886],[22.15434722084535,65.47741204233463]],[[22.150179151737397,65.4938428887209],[22.15060790225334,65.49382256465474],[22.150656845615703,65.49400061271072],[22.150179151737397,65.4938428887209]],[[22.1497993381011,65.49404125996735],[22.150228092226303,65.49402093694356],[22.150277033451022,65.49419898514296],[22.1497993381011,65.49404125996735]],[[22.14360537170559,65.46673868955143],[22.1440336844775,65.4667183883818],[22.144082521908818,65.4668964396412],[22.14360537170559,65.46673868955143]],[[22.14082791985418,65.45027670829117],[22.141255966107604,65.45025641759143],[22.141304747574836,65.4504344703224],[22.14082791985418,65.45027670829117]],[[22.141304747574836,65.4504344703224],[22.14178158102181,65.45059223079133],[22.141353529774314,65.45061252303022],[22.141304747574836,65.4504344703224]],[[22.138709569366117,65.46787247626617],[22.13737576275769,65.46775527771962],[22.137326969002483,65.46757722386896],[22.138611963918272,65.46751636958555],[22.138709569366117,65.46787247626617]],[[22.132698517023353,65.45859780400912],[22.132747259094742,65.45877585987313],[22.132319065648662,65.45879612787408],[22.132698517023353,65.45859780400912]],[[22.131413943085814,65.45865860389205],[22.131744664644255,65.45828222600984],[22.13227032644266,65.45861807184401],[22.131413943085814,65.45865860389205]]],[[[22.334740545528103,65.54104950763231],[22.33541608920631,65.54069515028891],[22.33485999413047,65.54147205430314],[22.33630729,65.54659182999998],[22.357778349999997,65.5455474],[22.35431751224892,65.53333560208479],[22.353778886268376,65.53330685052082],[22.35398056443044,65.5340187175006],[22.35264249980175,65.5339034633305],[22.352515750017517,65.53499216909152],[22.354232679207502,65.53490855067592],[22.354333530430818,65.53526448377512],[22.351808507034985,65.53556787373928],[22.351228045157743,65.53505487019676],[22.350369571457918,65.53509666488286],[22.35004112712861,65.53547349694125],[22.347945280603973,65.5357559272289],[22.34761679309824,65.53613275445223],[22.34852569492984,65.53626894383531],[22.34862647466251,65.53662488144525],[22.34991426453592,65.53656220163727],[22.34925731879451,65.53731586362731],[22.348297986863486,65.53700171014945],[22.34620199790706,65.53728411770268],[22.345923841569274,65.5378389114176],[22.34501489714522,65.53770270682865],[22.345166006077353,65.53823661732442],[22.344408147552098,65.5386343196637],[22.341731627532546,65.53840363405509],[22.341832324543415,65.53875957700602],[22.340544402806366,65.53882218933657],[22.34026611069212,65.53937697399243],[22.338978153945803,65.53943957333955],[22.33912915149631,65.53997349096213],[22.33822016508362,65.53983724597647],[22.337512476454197,65.54041288819727],[22.336452534477598,65.53974271294369],[22.335164548637724,65.53980528012134],[22.334740545528103,65.54104950763231]],[[22.354030985868064,65.53419668418447],[22.354081408064562,65.53437465084397],[22.353652185539563,65.53439555674824],[22.354030985868064,65.53419668418447]],[[22.35360176622104,65.53421758991715],[22.353172545815184,65.53423849443973],[22.353122130133457,65.53406052741266],[22.35360176622104,65.53421758991715]],[[22.349307715711536,65.53749383212663],[22.349358113387172,65.53767180060154],[22.34892883206469,65.53769269368965],[22.349307715711536,65.53749383212663]],[[22.348878437267956,65.53751472504324],[22.34801987810513,65.53755650724555],[22.347969489824745,65.53737853823175],[22.348878437267956,65.53751472504324]],[[22.345317121833638,65.53877052760082],[22.34488781853122,65.53879140944278],[22.344837448733468,65.53861343920357],[22.345317121833638,65.53877052760082]],[[22.342261630273278,65.53873870380833],[22.342311982795003,65.53891667507591],[22.341882674185733,65.53893754844496],[22.342261630273278,65.53873870380833]],[[22.341074399334765,65.5391572633091],[22.342033727660496,65.53947146261565],[22.340796115405002,65.53971204885798],[22.341074399334765,65.5391572633091]],[[22.339380829235516,65.54086335317955],[22.338951485766238,65.54088421857804],[22.338850818157066,65.54052827342149],[22.339380829235516,65.54086335317955]],[[22.33713345974232,65.54061172153963],[22.33670411824458,65.54063258054279],[22.336653799976173,65.54045460707161],[22.33713345974232,65.54061172153963]],[[22.3363485997238,65.542454031716],[22.33591922715133,65.5424748887999],[22.335868909948008,65.54229691505829],[22.3363485997238,65.542454031716]]],[[[22.374189539999996,65.5267042],[22.37671758,65.53560211],[22.398177649999997,65.53455206],[22.3931091,65.51675704],[22.38648983278188,65.51708087518425],[22.387318853333962,65.51813703847836],[22.386032080611507,65.51820002647439],[22.386612825360487,65.51871289362877],[22.384417556663948,65.51863990325278],[22.384140394703227,65.51919475723841],[22.38285356061584,65.51925771880119],[22.382400312869144,65.52072333266113],[22.380204882640957,65.52065028274622],[22.37901908684743,65.52106912559061],[22.377303163529287,65.52115301524455],[22.378086034226364,65.52237774627562],[22.3763700213021,65.52246162623648],[22.376521664812827,65.5229955000606],[22.377379690043202,65.52295356146641],[22.377960377744287,65.52346646241011],[22.374477659158817,65.5234562428633],[22.37478088959187,65.52452399471578],[22.373392703039364,65.52423096130697],[22.37354429808279,65.52476483859729],[22.372686205897686,65.52480675610032],[22.37167655012982,65.52431478941166],[22.370389427467227,65.52437764779134],[22.370490449817687,65.52473356841668],[22.369682859306913,65.52495342926335],[22.37026344397898,65.52546636077925],[22.369405322381198,65.52550825996246],[22.368345201430405,65.52483830991302],[22.36630090193345,65.5252989451375],[22.36655333493444,65.52618875462113],[22.365215625512768,65.52607360810795],[22.36531658525701,65.52642953280996],[22.364079812248825,65.52667030111901],[22.36485402465985,65.52715959789053],[22.374189539999996,65.5267042]],[[22.371121562536935,65.52542445675803],[22.371222599757843,65.52578037674552],[22.37079353510803,65.52580132970473],[22.37026344397898,65.52546636077925],[22.371121562536935,65.52542445675803]],[[22.371651663647572,65.5257594225768],[22.371702186273595,65.52593738236185],[22.371273119508402,65.5259583367025],[22.371651663647572,65.5257594225768]],[[22.367562970592907,65.52668075570526],[22.367133887601558,65.5267016984662],[22.367083394327455,65.52652373686374],[22.367562970592907,65.52668075570526]]],[[[22.41227134736666,65.36244534425056],[22.371654760000002,65.36444461000002],[22.376673289999996,65.38224084999999],[22.38234665161422,65.38196196025002],[22.382407589220293,65.38143181032304],[22.38524360614044,65.38075117753596],[22.387401353773896,65.37920168517034],[22.38910796698634,65.37911777481054],[22.390663638270134,65.37849997845096],[22.39194355568891,65.37843702019681],[22.39226955444673,65.37806012177194],[22.39906891042279,65.37610156986052],[22.401652028331377,65.3745308775431],[22.40406023649457,65.37387091711129],[22.40353291353699,65.3735360367875],[22.404661376548983,65.37293912174972],[22.406317114897202,65.37267707115812],[22.40686774652547,65.37156731861688],[22.408523375581733,65.37130524487515],[22.407895234196367,65.37061448252841],[22.410178970629158,65.3710431532725],[22.41168323240481,65.37024720188839],[22.41047729329762,65.36904364960161],[22.410752492498133,65.36848876716553],[22.411554980993582,65.36826873864148],[22.412082294883398,65.36860359095832],[22.41230702484313,65.3678707588423],[22.413485485356098,65.36745172922753],[22.413357124122513,65.36547326863808],[22.412779432018276,65.36496047326987],[22.410120204134028,65.36473082240792],[22.41082175951596,65.36415490273008],[22.411674534232024,65.36411282268084],[22.41109690616608,65.36360002020066],[22.41227134736666,65.36244534425056]],[[22.40714304584955,65.3710124417591],[22.406716542614774,65.3710334707325],[22.406666142818928,65.37085552138853],[22.40714304584955,65.3710124417591]],[[22.40202821672493,65.37433191115619],[22.401601654697057,65.37435292623765],[22.40155128181627,65.37417497490762],[22.40202821672493,65.37433191115619]]],[[[22.15628103669643,65.45602270246357],[22.156235930721003,65.45585845860859],[22.155886139733354,65.45604143734201],[22.15628103669643,65.45602270246357]]],[[[22.12724474719142,65.4192776036594],[22.124237824336987,65.42130267572793],[22.123382644172572,65.42134315051753],[22.118406646470856,65.42374286785369],[22.115510280934515,65.42424052265271],[22.115228273468745,65.42479492694343],[22.113945306159813,65.4248555625929],[22.11404238483726,65.42521169046563],[22.11242878743225,65.4256486515486],[22.112622913619475,65.42636090947975],[22.113147669069022,65.42669683079731],[22.11400304286234,65.42665641216101],[22.114576369616163,65.4271703921174],[22.115061886778363,65.42895102756198],[22.11639361559664,65.42906844341641],[22.116490746376993,65.42942456918954],[22.119008524298735,65.42912517764101],[22.120865190717925,65.4295784513338],[22.120962384501542,65.429934573611],[22.122245580635578,65.42987387604487],[22.122148369699964,65.42951775476143],[22.124043900712746,65.42852627022255],[22.12489931384639,65.42848578941268],[22.125560222622926,65.42773306643862],[22.126843298180006,65.42767233093683],[22.127552766945392,65.42709765881148],[22.12926181448024,65.42666389452707],[22.12724474719142,65.4192776036594]]],[[[22.12536599,65.41239779],[22.146737240000004,65.41138426000003],[22.149174699999996,65.42028680999998],[22.17055126,65.41926986],[22.1656639,65.40146554],[22.12293749,65.40349477],[22.118085940000004,65.38568855],[22.09673426,65.38669783],[22.099151999999997,65.39560137999999],[22.07779138,65.39660805],[22.085034079999996,65.42331959],[22.1064161,65.42231167],[22.107076143188596,65.42473224886038],[22.1086105048389,65.42276294341823],[22.108465014953417,65.42222874508117],[22.109553858500664,65.42145589436032],[22.109408358173816,65.42092169702748],[22.11087619708124,65.419950574829],[22.1117313551712,65.41991017117266],[22.110585169321556,65.41888218281835],[22.112480398859404,65.41789084642309],[22.114569586341503,65.4176117433317],[22.115997806638788,65.41808529591268],[22.119369580334048,65.41774547692563],[22.121973701280716,65.41617938981382],[22.12368372740217,65.41609845462413],[22.125112023615056,65.41657192014486],[22.125724046373687,65.41564113936317],[22.12664991960017,65.41709940681419],[22.12536599,65.41239779]]],[[[22.10905962489426,65.43200627875657],[22.110793638813877,65.43077589360676],[22.112932411409325,65.43067486800477],[22.112116346452027,65.42927055976025],[22.111163824627518,65.4289548387241],[22.111203319771597,65.42751011631464],[22.107869859392267,65.42640504261222],[22.10905962489426,65.43200627875657]]],[[[22.110562647459886,65.43751831904704],[22.11162784588727,65.43542578270268],[22.11128803798546,65.43417932988294],[22.110335343752055,65.43386360531014],[22.109575858808082,65.43389946532437],[22.110562647459886,65.43751831904704]]],[[[22.18102874,65.53601462],[22.181103761078155,65.53628563127013],[22.181847296961514,65.53616989381105],[22.182375224181893,65.53650554278488],[22.184043635997842,65.53624581389296],[22.18543043221825,65.53654059743951],[22.184979168306405,65.53582621490533],[22.18102874,65.53601462]]],[[[22.343618299792496,65.43798396795948],[22.337177314439177,65.43759124915175],[22.330334766178765,65.43792458172307],[22.322913302284526,65.43899021956076],[22.343618299792496,65.43798396795948]]],[[[22.350171416617293,65.44182870805771],[22.352216813840702,65.44172884639134],[22.352293155999185,65.44046217320735],[22.351387597295336,65.44032597305758],[22.349392189644526,65.43906520571048],[22.350171416617293,65.44182870805771]],[[22.35143778339566,65.44050394299552],[22.351010095964835,65.44052482608228],[22.350959912719848,65.44034685597344],[22.35143778339566,65.44050394299552]]],[[[22.404436397084353,65.37367194499065],[22.40438600659824,65.37349399478863],[22.40395946044448,65.37351501638847],[22.404436397084353,65.37367194499065]]],[[[22.40481255199824,65.373472971988],[22.40476215942803,65.37329502193312],[22.40438600659824,65.37349399478863],[22.40481255199824,65.373472971988]]],[[[22.405188701236348,65.3732739981034],[22.405138306582124,65.37309604819569],[22.40476215942803,65.37329502193312],[22.405188701236348,65.3732739981034]]],[[[22.245726512393254,65.5374479410994],[22.24529713529718,65.53746854111674],[22.245776203473852,65.53762595078989],[22.245726512393254,65.5374479410994]]],[[[22.31539356237628,65.52524884521478],[22.314964452572273,65.525269640253],[22.315443700350237,65.52542682753712],[22.31539356237628,65.52524884521478]]],[[[22.36635105808193,65.50093904095179],[22.366401486687373,65.50111700345263],[22.367258813305437,65.50107512923853],[22.36635105808193,65.50093904095179]]],[[[22.354779470848445,65.44773801197626],[22.355207272369928,65.44771711705849],[22.355157043967942,65.44753914880258],[22.354779470848445,65.44773801197626]]],[[[22.3514052524345,65.53414413271578],[22.351506061532643,65.53450006811806],[22.35193528785148,65.53447916826433],[22.3514052524345,65.53414413271578]]],[[[22.349184477734166,65.53244803332112],[22.350472059914374,65.5323853508254],[22.350371274775963,65.53202941449442],[22.349184477734166,65.53244803332112]]],[[[22.337160229468267,65.53916707561547],[22.33673091176636,65.53918793445914],[22.336781227612114,65.53936590792932],[22.337160229468267,65.53916707561547]]],[[[22.324558152605583,65.4327933429515],[22.32460813917999,65.43297132380205],[22.325035728788514,65.43295051654039],[22.324558152605583,65.4327933429515]]],[[[22.283933855577228,65.49682311949171],[22.283883998357805,65.49664512395252],[22.283455327864896,65.4966658252731],[22.283933855577228,65.49682311949171]]],[[[22.141561438035666,65.46719628177686],[22.142038584771356,65.46735403835754],[22.14198976020881,65.4671759863128],[22.141561438035666,65.46719628177686]]],[[[22.185345951998624,65.53780726151348],[22.185099563170102,65.53691709396757],[22.184536344863663,65.53802615269262],[22.185345951998624,65.53780726151348]]],[[[22.184296787490414,65.54344887606287],[22.183867253326213,65.54346930330303],[22.183916536137747,65.54364733718731],[22.184296787490414,65.54344887606287]]],[[[22.17206602342759,65.42985349381132],[22.172114968177716,65.4300315350015],[22.172542654643475,65.43001115910157],[22.17206602342759,65.42985349381132]]],[[[22.15849758778743,65.47198430615515],[22.158069202419913,65.47200464905318],[22.158118147243606,65.47218269471428],[22.15849758778743,65.47198430615515]]],[[[22.151596708318003,65.43263092050866],[22.153258873634247,65.43237159148904],[22.153063589997426,65.43165939735091],[22.151401467487766,65.43191872380196],[22.151596708318003,65.43263092050866]]]]}},{"type":"Feature","properties":{"cyano_daymap_file_id":3402,"date":"2010-09-06Z","cloud":null,"sub_surfac":null,"surface":null,"no_data":null,"class":1,"color_hex":null,"algae_class":"class_1","source_date":"2010-09-06"},"geometry":{"type":"MultiPolygon","coordinates":[[[[21.956704029999997,65.42930375999998],[21.954330879999993,65.42039751999998],[21.96236462002363,65.42002583451836],[21.962273357313915,65.4196835922539],[21.96422186836955,65.41887218839406],[21.964507032912554,65.41831803753189],[21.965504957213653,65.41881282522733],[21.96745330244774,65.41800138119248],[21.96735824576563,65.41764514040742],[21.96906893802252,65.4175659524027],[21.96935398673448,65.41701179347288],[21.970209310002367,65.41697219079536],[21.97134995060338,65.41800129703047],[21.970399497730856,65.41768466800569],[21.970209561422962,65.41859506741753],[21.96935418525617,65.41863467060082],[21.96859388291323,65.41903050882942],[21.9691166637471,65.41936694938468],[21.9678335576909,65.41942634344129],[21.96792489351828,65.419768585351],[21.972654598344757,65.41954976290823],[21.973726182871875,65.41879284242226],[21.974581556211056,65.41875321447021],[21.974486399461266,65.41839697914091],[21.975434771218662,65.41835303599763],[21.973338029999997,65.41050221],[22.033961700311913,65.40768008571803],[22.033854031240388,65.40571594103149],[22.036257835587374,65.40303916495166],[22.03027381,65.38080276],[22.024014848931937,65.3810949663643],[22.024349882766824,65.38163444970998],[22.02326008218483,65.38240669432294],[22.022405980967616,65.38244658610122],[22.022928686370225,65.38278284094247],[22.02164751422232,65.3828426741718],[22.02050977135538,65.38343679952658],[22.020273948101988,65.38416914268878],[22.01904050586757,65.38440705556658],[22.018995860646584,65.38585180296589],[22.01634060870057,65.38723804030572],[22.015820867043853,65.38852461342606],[22.01435115065945,65.38949482801763],[22.011026641525337,65.38964982755046],[22.01130948,65.39070483000002],[22.000160676747385,65.39141827527527],[22.000305787410017,65.39357546074895],[21.99888096058181,65.39310078036522],[21.999167099239234,65.39416943391142],[21.997885306414975,65.39422907102512],[21.996652994503787,65.39608966914503],[21.995134478250986,65.3968815971693],[21.994279854798254,65.39692133450117],[21.99200186636011,65.39810918697181],[21.991717482760187,65.39866338245609],[21.988203459440793,65.39846600200038],[21.98711067416751,65.39761513405819],[21.985496561373907,65.39805074164629],[21.98407174729044,65.39757592116447],[21.98321708101282,65.39761559617627],[21.982077827757237,65.39820944558846],[21.98222058568518,65.39874379131764],[21.980890944994186,65.3986251711695],[21.98103368150836,65.39915951822488],[21.97965645413577,65.3988627715927],[21.97761477095032,65.39931812263144],[21.97505055809532,65.39943702533094],[21.974860404041355,65.39872455346439],[21.973483266631355,65.39842774956313],[21.974717795981487,65.39819019933022],[21.974575194333116,65.39765584499528],[21.973150594386404,65.39718091922202],[21.973577543344387,65.3955382349818],[21.97220058928887,65.3952414175883],[21.973387463388747,65.3948257605042],[21.97367219942258,65.39427159621248],[21.97215278700896,65.39344042164339],[21.973007337655115,65.3934008104787],[21.972769782209923,65.39251021598817],[21.970870749253393,65.39187695167371],[21.970490811633805,65.39045199343312],[21.968544509307243,65.38964057779518],[21.969351463211698,65.38942286789514],[21.969066599723376,65.3883541455339],[21.969826030366768,65.38795831308106],[21.970537789977143,65.38576147886967],[21.97139209386228,65.38572187922558],[21.971249641697998,65.38518752020896],[21.972056437291666,65.38496979732693],[21.972625763378122,65.38386147446326],[21.973432506933232,65.38364374470758],[21.973954253370728,65.38235729869676],[21.975093024971162,65.38176351517272],[21.974903024473512,65.38105104169341],[21.975757167301182,65.38101141884256],[21.976089224563935,65.38063536970984],[21.975946710274197,65.38010101569044],[21.977180362396446,65.37986345363872],[21.977796885194653,65.3789332317466],[21.982398271324996,65.37673605728268],[21.982255654389686,65.37620171018985],[21.98353661111735,65.37614221403905],[21.984200375777764,65.37539008406048],[21.985565679914846,65.37529390794373],[21.98518997,65.3738877],[21.989466438045863,65.37368868376535],[21.99060350644846,65.37346954755552],[21.990508330916178,65.37311332228033],[21.99264296678924,65.37301404181513],[21.992927082602673,65.3724598469533],[21.994587128402426,65.37220228694112],[22.000371244767145,65.36958876968997],[22.004544488535906,65.36903369073207],[22.005597274099838,65.36938469476527],[22.00455005405693,65.36547114231016],[22.004540082863443,65.36578797311935],[22.00292819895679,65.36622374606965],[22.00302351251496,65.36657996219337],[22.002169888158022,65.36661973464471],[22.000796131249746,65.36794602766433],[21.999231688120467,65.36855987185537],[21.997951143717057,65.36861949751275],[21.996432506435646,65.3677885599883],[21.98874932307546,65.36814600697333],[21.986662614907296,65.3684233428736],[21.984291604383337,65.3692548307873],[21.982915930696336,65.36895809885782],[21.98229897284545,65.36826546580346],[21.983105160758562,65.36804768954873],[21.982962586484625,65.3675133426447],[21.983768745925094,65.36729556310908],[21.984005465854043,65.36656326838089],[21.987845730577753,65.36476184741807],[21.989219990824694,65.3634356676513],[21.99087950924189,65.36317815355578],[21.991163567490627,65.36262396249597],[21.993392516153744,65.3628809046245],[21.99533592062236,65.36206914726492],[21.998227890846362,65.36157384286163],[21.99851177764927,65.3610196395843],[22.001451203587507,65.36070238468116],[22.001546472934237,65.3610586021952],[22.002826639458565,65.36099894961062],[22.002921928728046,65.36135516606001],[22.001689382300857,65.3615929282981],[22.001832298083674,65.36212725419921],[22.00381760419656,65.36273391342617],[22.00177045,65.35508352],[21.95910428,65.35706572],[21.961472139999998,65.36597194],[21.93441321346337,65.36721935149825],[21.92860161394669,65.37650588500644],[21.942491779999997,65.3758655],[21.944856049999995,65.38477201999999],[21.96621315999999,65.38378422],[21.968586339999998,65.39269026999999],[21.9472221,65.39367848],[21.94958992,65.40258488],[21.92821676,65.40357047],[21.929934280818408,65.41004330843018],[21.930350366443594,65.41033784254809],[21.93206071717197,65.41025907757084],[21.93224981056835,65.41097161326941],[21.930681207281612,65.41158478430167],[21.931203354089828,65.41192136228914],[21.930469967328616,65.41206215570853],[21.93294343,65.42138392],[21.918931433062653,65.42202813506104],[21.913742165416465,65.4244443467107],[21.912195317637536,65.42478814879017],[21.913913049999998,65.43127434999998],[21.956704029999997,65.42930375999998]],[[21.966883046507068,65.41748681380568],[21.967310718493803,65.41746701998146],[21.96735824576563,65.41764514040742],[21.966883046507068,65.41748681380568]],[[21.97215278700896,65.39344042164339],[21.971678006666203,65.3932821060793],[21.97210528020341,65.39326230246587],[21.97215278700896,65.39344042164339]],[[21.971203232030764,65.39312378896436],[21.971630503426116,65.39310398671749],[21.971678006666203,65.3932821060793],[21.971203232030764,65.39312378896436]],[[22.033789526044227,65.39904649087626],[22.03293490309801,65.39908644738897],[22.03288697174376,65.39890835155792],[22.033693652640093,65.39869029984524],[22.033789526044227,65.39904649087626]],[[22.020880843720853,65.4025348254845],[22.020453463972288,65.40255476840629],[22.020357755966213,65.40219856732016],[22.020880843720853,65.4025348254845]],[[21.99361587067213,65.39767351076205],[21.993663533003645,65.39785162164297],[21.99323620450687,65.39787148690515],[21.99361587067213,65.39767351076205]],[[21.97310417628309,65.40187142839747],[21.972676763585373,65.40189123617407],[21.972629234728906,65.40171311739624],[21.97310417628309,65.40187142839747]],[[21.931725514461107,65.41225793833763],[21.931297894975824,65.41227763075204],[21.931250624178396,65.41209949653165],[21.931725514461107,65.41225793833763]]],[[[22.004049350918137,65.363599971097],[22.00306696294481,65.36351235054524],[22.00325757288772,65.36422478274848],[22.004239988905756,65.36431240185073],[22.004049350918137,65.363599971097]]],[[[21.92349717,65.3857568],[21.92329362833069,65.38498767838236],[21.92279212100388,65.3857890523555],[21.92349717,65.3857568]]]]}}]}