{"type":"FeatureCollection","properties":{"source":"SMHI SE.SR Ytansamling av alger","date":"2004-07-30","note":"Test: SMHI WFS clipped to Lulea municipal sea area and simplified 20 m."},"features":[{"type":"Feature","properties":{"cyano_daymap_file_id":2821,"date":"2004-07-30Z","cloud":null,"sub_surfac":null,"surface":null,"no_data":null,"class":1,"color_hex":null,"algae_class":"class_1","source_date":"2004-07-30"},"geometry":{"type":"MultiPolygon","coordinates":[[[[22.103893466146264,65.49258977145172],[22.102565779105564,65.49284576454261],[22.102800097529325,65.49211330870668],[22.10365539113461,65.49171736539998],[22.099568449999992,65.47674111],[22.05671301,65.47875283000002],[22.049480659999997,65.45203985999999],[22.02807174,65.45303996],[22.02567174,65.44413511],[22.04270857501894,65.44333930845845],[22.04293961554615,65.44262121180614],[22.045315231165834,65.44178875705595],[22.04474787639719,65.44289733403122],[22.042783659236505,65.44333580122625],[22.047073500000003,65.44313542],[22.04226459,65.42532637],[22.02087714,65.42632524],[22.01848254,65.41742022],[22.021854870171786,65.41726273218255],[22.024236226249048,65.41662463914064],[22.024376214130967,65.41714498542083],[22.061241339999995,65.41542029],[22.066060939999996,65.43322862999999],[22.1088411,65.43121499],[22.107535802105545,65.42642081260473],[22.1057314113882,65.42650599328856],[22.10549766016591,65.42723844870389],[22.103932268782707,65.42785338877873],[22.102124472349455,65.42757797122323],[22.102737553640743,65.42664727359907],[22.1070760825484,65.42473232669019],[22.103992920000003,65.4134083],[22.08261804,65.4144158],[22.07779138,65.39660805],[22.057124970331426,65.39757901936547],[22.058241272351935,65.39826187722369],[22.057079943726706,65.40002164184207],[22.057536609793573,65.40045905478358],[22.064987350539887,65.39920760013895],[22.067599211946686,65.39926525502757],[22.068694650110853,65.40011551303782],[22.06788822791533,65.40033374954209],[22.06784629953909,65.40177848436103],[22.066329656403934,65.40257111106199],[22.066715006617876,65.40399577351953],[22.065246367443386,65.4049664736335],[22.065059803050058,65.40587695915748],[22.06420501547206,65.40591709457115],[22.06434949543302,65.40645134538153],[22.062688027374325,65.40670968793653],[22.062405064001133,65.40726400267336],[22.063404368188607,65.4077581288187],[22.065541485277148,65.40765779111092],[22.067389480676468,65.40648892931087],[22.06867168005035,65.4064286971131],[22.071325998792418,65.40504154731575],[22.074648510309554,65.40452465761196],[22.075551465944248,65.40466254291239],[22.07579264035748,65.40555293909054],[22.074937883189968,65.40559313506729],[22.07465519115822,65.40614747016139],[22.073800412528858,65.40618765989664],[22.074420717756535,65.40687988451965],[22.073614139833506,65.40709815315452],[22.07342785594152,65.408008646281],[22.07176638509915,65.4082670889111],[22.068780718201985,65.41003049321151],[22.068208675184184,65.40951632676585],[22.06574032103132,65.40999294133033],[22.063127390457858,65.40993526459714],[22.061989463509374,65.4105297046914],[22.061134518746243,65.41056982421595],[22.061230816988395,65.41092599359031],[22.06004466129161,65.4113423350923],[22.05828657781766,65.41124446206737],[22.058425276585698,65.41015589668305],[22.05709474656618,65.4100379574988],[22.056907871833772,65.41094843587675],[22.054439168101776,65.41142486879035],[22.05458348596132,65.41195913048813],[22.053728480954415,65.4119992085989],[22.05225892079082,65.41296979098627],[22.049838017810234,65.4136242394433],[22.048368223414492,65.41459478615478],[22.04627851892554,65.41487297696268],[22.04637463464685,65.41522915756265],[22.041243831261326,65.41546928165074],[22.03962956759198,65.41590547019008],[22.039533540419935,65.41554928444077],[22.038630383888048,65.4154111853673],[22.038961939122743,65.41503500283987],[22.03710768214873,65.4145806981054],[22.036483817553247,65.41226547612406],[22.037290872785945,65.41204740158167],[22.03776196779848,65.41058266753922],[22.0367150457682,65.4099102738577],[22.034529645671817,65.40983211102603],[22.033103315662576,65.40935776890697],[22.033962114708626,65.40767927579394],[22.016089729999997,65.40851515],[22.01369871,65.39961001999998],[22.035064729999995,65.39861237],[22.03027381,65.38080276],[22.024014848931937,65.3810949663643],[22.024349882766824,65.38163444970998],[22.02326008218483,65.38240669432294],[22.022405980967616,65.38244658610122],[22.022928686370225,65.38278284094247],[22.02164751422232,65.3828426741718],[22.02050977135538,65.38343679952658],[22.020273948101988,65.38416914268878],[22.01904050586757,65.38440705556658],[22.018995860646584,65.38585180296589],[22.01634060870057,65.38723804030572],[22.015820867043853,65.38852461342606],[22.01435115065945,65.38949482801763],[22.00965220137908,65.38971390846345],[22.009747709226502,65.3900701183334],[22.00670964945801,65.39003135351624],[22.005759814943183,65.38971494129235],[22.004905444058274,65.38975473644584],[22.00500088773218,65.39011094994189],[22.003244403781252,65.39001241971245],[22.002105933791817,65.39060641300837],[22.002201343253883,65.39096262860262],[22.000160676747385,65.39141827527527],[22.000305787410017,65.39357546074895],[21.99888096058181,65.39310078036522],[21.999167099239234,65.39416943391142],[21.997885306414975,65.39422907102512],[21.996652994503787,65.39608966914503],[21.995134478250986,65.3968815971693],[21.994279854798254,65.39692133450117],[21.99200186636011,65.39810918697181],[21.991717482760187,65.39866338245609],[21.988203459440793,65.39846600200038],[21.98711067416751,65.39761513405819],[21.985496561373907,65.39805074164629],[21.98407174729044,65.39757592116447],[21.98321708101282,65.39761559617627],[21.982077827757237,65.39820944558846],[21.98222058568518,65.39874379131764],[21.980890944994186,65.3986251711695],[21.98103368150836,65.39915951822488],[21.97965645413577,65.3988627715927],[21.97761477095032,65.39931812263144],[21.97505055809532,65.39943702533094],[21.974860404041355,65.39872455346439],[21.973483266631355,65.39842774956313],[21.974717795981487,65.39819019933022],[21.974575194333116,65.39765584499528],[21.973150594386404,65.39718091922202],[21.973577543344387,65.3955382349818],[21.97220058928887,65.3952414175883],[21.973387463388747,65.3948257605042],[21.97367219942258,65.39427159621248],[21.97215278700896,65.39344042164339],[21.973007337655115,65.3934008104787],[21.972769782209923,65.39251021598817],[21.968586339999998,65.39269026999999],[21.9709613,65.40159627000001],[21.992330900000002,65.40060465],[21.994714769999998,65.40951018999999],[21.973338029999997,65.41050221],[21.975435557521255,65.41835299956401],[21.97724216416467,65.41736766255599],[21.978905197039175,65.41711024693198],[21.98028251585404,65.41578412043242],[21.981137779145794,65.41574445634805],[21.981042546597052,65.41538822586605],[21.98189779559745,65.41534855760798],[21.984177707738127,65.41416083970708],[21.984414767436707,65.41342854158597],[21.987501884632483,65.41202297616816],[21.98740658204534,65.41166675035794],[21.9893060515399,65.41067692276575],[21.9914437471347,65.4105776299544],[21.993058518153994,65.41014195243434],[21.994152039651276,65.41099277001742],[21.99329695499224,65.41103250619902],[21.992348104237045,65.41233887917409],[21.989308884493212,65.4139226537612],[21.989831821943046,65.41425902102378],[21.9877891374323,65.41471451938382],[21.98788445859921,65.41507074475795],[21.98560464077301,65.41625851777961],[21.985367593208537,65.4169908176238],[21.98289696008868,65.41746609737581],[21.980284265329008,65.41902986169654],[21.980569988620186,65.42009855408838],[21.979429723715537,65.42069239297882],[21.979715434096153,65.42176108708601],[21.97885997207422,65.42180074500118],[21.9785274653374,65.42217680431384],[21.978765541199834,65.42306738433356],[21.98047654533669,65.42298806395753],[21.980761404016615,65.42243388533858],[21.981949347760953,65.42201815075744],[21.98228079255751,65.42001921515711],[21.983278044610202,65.41889101272382],[21.985225831784817,65.41807934446116],[21.985462891504316,65.41734704473535],[21.987173498156537,65.41726765219133],[21.988265771856533,65.41649564535888],[21.989168716825198,65.41663404806646],[21.989073371357268,65.4162778237454],[21.99068852961968,65.4158421679325],[21.99325425947377,65.4157229846571],[21.994773895024874,65.41493106504083],[21.99653202964656,65.41502967810044],[21.99591723944987,65.41758283842321],[21.997200178324498,65.41752320705395],[21.996203580366345,65.4186514952717],[21.99753430527154,65.41876996988165],[21.997629776556415,65.41912618763044],[21.99729757367925,65.41950228540841],[21.996442217479995,65.41954204202855],[21.99625317901881,65.42045246553936],[21.995065538449545,65.42086830987097],[21.995208710024944,65.42140263913731],[21.993925575979635,65.42146225543242],[21.994116447115836,65.42217469609248],[21.992928695011315,65.42259052465675],[21.993547291815727,65.42328309782992],[21.99269180547512,65.42332283442548],[21.99307352493085,65.4247477187986],[21.993929057039622,65.4247079796003],[21.99454773325603,65.42540054788796],[21.99635431459016,65.42567726600016],[21.99640357822463,65.4274642537311],[21.9994879,65.4273211],[21.999922271363825,65.42893767054389],[22.00211103172184,65.42937689428081],[22.003346732874896,65.42913909843686],[22.004297996714005,65.42945551194916],[22.00558149327507,65.42939580394098],[22.006532792871845,65.42971220301767],[22.00677190245104,65.43060272874264],[22.004350632689068,65.43287932855175],[22.004637519312784,65.4339479639063],[22.002213470369227,65.4346016776201],[22.002452487164092,65.43549221101583],[22.001709946383848,65.4355907398299],[22.002027955535358,65.4367742529936],[22.00278714080787,65.43673895682582],[22.00378649730473,65.43723347727922],[22.004974724186063,65.43681755875313],[22.00711447908782,65.43671802405571],[22.007210159573926,65.43707423363658],[22.004977201229504,65.43844041328194],[22.004788360286714,65.43935084533909],[22.00288937330637,65.43998013328536],[22.00427397158897,65.44513309912325],[22.005747640866367,65.44453580733682],[22.006651649190438,65.44467409510968],[22.00727116131266,65.44536660298866],[22.0077497940133,65.44714764734495],[22.006752596556446,65.44827601052525],[22.00594417578737,65.44849393457854],[22.005525248204503,65.44978989072457],[22.00668654602373,65.4541118143217],[22.008571893445325,65.45504397201337],[22.011473787778055,65.4545483184499],[22.011096377373413,65.45636919554786],[22.013049054121147,65.45717999932963],[22.01390560870911,65.45714013705046],[22.01490597324777,65.45763457405639],[22.02018924881906,65.45792956207687],[22.02038115565298,65.458641959134],[22.02123774455594,65.45860205493294],[22.021525660844322,65.45967064787871],[22.02052861538107,65.46079910038769],[22.022529916270855,65.46178787447377],[22.02100849071065,65.4625800903739],[22.02120046102641,65.46329248573583],[22.022153201505763,65.46360877233793],[22.02381868252628,65.46335083817306],[22.024058751329346,65.4642413268464],[22.024915516626294,65.46420140009569],[22.023061652687936,65.46536979651776],[22.02373013485701,65.4662403254557],[22.02558788556559,65.46669476079167],[22.027301568205132,65.46661488362557],[22.02891913201421,65.4661787956316],[22.02882302761953,65.4658226040467],[22.031533427500147,65.46461417481832],[22.031437294483386,65.46425798516395],[22.03229404671972,65.46421801667944],[22.0326305650865,65.46546467777998],[22.03391574828172,65.46540471255132],[22.035340748768316,65.46425618229014],[22.036245592173312,65.46439428474433],[22.03448840866061,65.46591900274808],[22.03468077534176,65.46663137712783],[22.033872036273866,65.46684945373177],[22.034160577867006,65.46791801645196],[22.033351795047103,65.46813609068589],[22.03311570011617,65.46886845570589],[22.03154612251499,65.46948268420121],[22.031927083568903,65.47089373055748],[22.03287715,65.47084948],[22.03768979,65.48865878],[21.99480911,65.49065319],[21.997203759999998,65.49955857],[21.998001504592054,65.49952152144267],[21.99987746908903,65.4985467371517],[22.000543677954468,65.49779451314343],[22.00016026238981,65.49636966540739],[22.001018124381748,65.49632986380499],[22.00173218001427,65.49575574104908],[22.003018937369916,65.49569602377831],[22.004923745400074,65.49470594968682],[22.00792602803614,65.49456653040082],[22.00863988366821,65.49399237690801],[22.013546404375923,65.49286270648084],[22.013834462187155,65.49393131222307],[22.013024708880394,65.49414928678588],[22.01283585354951,65.49505972831837],[22.01536120753168,65.49476199482235],[22.015316508256408,65.49620673942516],[22.012269218889738,65.49779105208326],[22.012365239735622,65.49814725483147],[22.011078387537935,65.49820705255718],[22.01012449039638,65.49789070727294],[22.00240331842075,65.49824921544186],[22.00116436893253,65.4984870343155],[22.0013081789517,65.49902135108502],[22.000542369261304,65.49940351955178],[22.01670301121221,65.4986529930355],[22.01822631298272,65.49733375748288],[22.02103653973131,65.49648167983247],[22.022752191276332,65.49640183552216],[22.022944509171097,65.49711422501169],[22.022086661825515,65.49715415089727],[22.021373023071263,65.49772836578758],[22.021561586218272,65.49842693187817],[22.024591032845755,65.49828580104716],[22.026043155669218,65.49733063861026],[22.026901001504648,65.49729069028801],[22.02680478642462,65.49693449862833],[22.028139648297017,65.49705266340244],[22.028761047068347,65.49774506447551],[22.027937768515155,65.49812988888091],[22.04009882,65.49756335],[22.042249555884162,65.50550712468025],[22.044126065820937,65.50316010359842],[22.04498406954939,65.50312005115877],[22.044887582129565,65.50276387365173],[22.0474132814656,65.50246560145739],[22.047322107286018,65.50373225033348],[22.046179839505193,65.50432661213502],[22.04675363670215,65.5048408446614],[22.044420681517686,65.50585146380092],[22.044517176342804,65.5062076415207],[22.04297724044926,65.50644600808826],[22.062152340041322,65.50554985952934],[22.06196261294947,65.50485128749257],[22.063104536552,65.5042568097773],[22.064820542748908,65.50417648465314],[22.06682034837032,65.50354181016569],[22.067346131353293,65.50387788056409],[22.06863310662089,65.50381760272481],[22.068729922327947,65.50417376190553],[22.069636328412557,65.50431164919512],[22.069497816444848,65.5054002218],[22.0675947480826,65.50639109233435],[22.067933606575902,65.50763765144255],[22.069940364479514,65.50862574394466],[22.069179069780738,65.50902209789152],[22.069372765573117,65.50973441482745],[22.067801656223157,65.51034903438439],[22.068043745695565,65.51123943299511],[22.067185518105422,65.51127961842859],[22.067282347475068,65.51163577837245],[22.068189008121802,65.51177367188708],[22.06733076325266,65.51181385831008],[22.066617749893513,65.51238828055567],[22.067337388588843,65.51343666959937],[22.06614325988676,65.51349257206323],[22.066381539999995,65.51436934],[22.065433666610545,65.51442751910075],[22.065959659441756,65.51476359226558],[22.065149720203838,65.5149818477188],[22.065059398846213,65.51624849887902],[22.06353620258952,65.51704115952329],[22.063348994227304,65.51795164786823],[22.06559850013585,65.51983019720436],[22.067890086769303,65.5202639789037],[22.06775145399217,65.52135255085155],[22.06946856617429,65.52127216240775],[22.067370611971647,65.52155072462676],[22.067328834466473,65.52299545569717],[22.06947535987142,65.52289497180122],[22.070110040475125,65.52320727836526],[22.11573518303617,65.5210647411802],[22.116743068714694,65.5208547264805],[22.116645523590652,65.52049860522938],[22.118313614270665,65.5202396041305],[22.118167269724403,65.51970542400424],[22.119357306053004,65.51928858825424],[22.118684193867814,65.5184185287383],[22.119825376221275,65.51782363008752],[22.118810840633518,65.5157071535162],[22.119337538191267,65.51604303415449],[22.12153204467732,65.51611987907164],[22.123004587515787,65.5151485942165],[22.123569998104625,65.5140397435493],[22.12485731665054,65.51397898385126],[22.126339921410576,65.51463044153533],[22.126573731095487,65.51389795397503],[22.127383103904037,65.51367937514662],[22.128338970284783,65.51399496100497],[22.13215199684893,65.51363447313177],[22.13224972239994,65.51399058265844],[22.133107917620546,65.51395002832328],[22.132961313124564,65.51341586499699],[22.134726539142257,65.51351279759949],[22.135769369815232,65.51256167676131],[22.13677418489,65.51305526208172],[22.138968476394474,65.5131318560872],[22.139310845955702,65.51437822054007],[22.140413641218867,65.51522788410233],[22.142890417069314,65.51474996574777],[22.14298829404435,65.51510606686247],[22.141369718661995,65.5155433855519],[22.14227688309319,65.51568082994797],[22.14242369343254,65.51621498223604],[22.1437110661437,65.5161540615385],[22.144765125946297,65.51682564107942],[22.14653061986559,65.51692243330909],[22.146677525619687,65.51745658053741],[22.147535807636324,65.51741594349427],[22.147633760007345,65.51777204086292],[22.149828472630876,65.51784847321957],[22.149497306866795,65.51822489479346],[22.150833758365508,65.51834196053431],[22.15239487701821,65.51933625515909],[22.15465059,65.51922951000002],[22.155615570448035,65.51991906409185],[22.1569521337494,65.52003607468797],[22.156670090317697,65.5205905561774],[22.15509309540734,65.52083586569077],[22.155558534893526,65.52252547525244],[22.157025673064485,65.5234596224485],[22.15888978924189,65.52391235511878],[22.159564386755203,65.52478222113724],[22.15643811590587,65.5257184757022],[22.15710291,65.52813177],[22.17856736,65.52711283000001],[22.17610783,65.51821099],[22.197563230000004,65.51718944],[22.195098359999996,65.50828794999998],[22.15220011,65.51032718],[22.14975147,65.5014248],[22.128306769999995,65.50243946],[22.125867159999995,65.49353661],[22.107960412756462,65.49438120934407],[22.107826527865576,65.49620511490359],[22.108684184946288,65.49616470433908],[22.11011668260727,65.4966382707606],[22.10892750802582,65.49705502560951],[22.107212133433826,65.49713584521542],[22.1053939085563,65.49808399410544],[22.10631515053712,65.50145597184391],[22.111236369201936,65.50073373079441],[22.111333751558206,65.50108985717667],[22.112620466652388,65.5010292074433],[22.111860048359993,65.50142576776682],[22.11200614041004,65.50195995653083],[22.115057279864914,65.50199647098914],[22.116441486503597,65.50229191159762],[22.116675483935104,65.50155943744113],[22.11677294411091,65.50191555956421],[22.118439854670985,65.50165656839701],[22.120828178476543,65.50244567607876],[22.12211493368374,65.50238494515133],[22.12188108345163,65.50311742629621],[22.122885266604786,65.50361111003284],[22.123470634789996,65.50574781186769],[22.121472084896165,65.50638322329033],[22.122720303197767,65.50776720179536],[22.121530837921085,65.50818405854612],[22.122057412530243,65.50851993092556],[22.120770355065936,65.50858066427683],[22.120867902678235,65.50893678288868],[22.120009849188644,65.50897726640338],[22.11944438413993,65.51008610434397],[22.117923222952886,65.51087929286145],[22.115875400860965,65.51133657484144],[22.115972894180402,65.51169269712324],[22.110394846255403,65.51195557912358],[22.10920499096478,65.51237234265169],[22.10748861177877,65.51245317507109],[22.105966945794364,65.513246248153],[22.104679610371594,65.51330684722248],[22.1047769599525,65.51366297809338],[22.103967391287895,65.51388143781608],[22.0984373637259,65.51432195074506],[22.097773609440416,65.51507458163043],[22.096915311198593,65.51511493644993],[22.0963402973086,65.51460090617641],[22.094477901148586,65.51414738639694],[22.09271275584495,65.51404998326063],[22.09208925992357,65.51335786566028],[22.086178528987254,65.5139961640811],[22.085036727130387,65.51459081478455],[22.084178421044598,65.51463109740057],[22.082704438097338,65.5156020179169],[22.081846094444064,65.51564228765741],[22.079991291233704,65.51681139077894],[22.07703541274581,65.51713033736205],[22.07626678951446,65.51590392292111],[22.075311464513998,65.51558800286527],[22.07434909328544,65.51364926987138],[22.076494818114757,65.51354869403436],[22.078017414640144,65.51275590862768],[22.077920433915253,65.51239975701763],[22.07877867834393,65.51235951050495],[22.0786816890187,65.51200335946388],[22.080536221674112,65.51083427493121],[22.079808744490776,65.50816314952418],[22.078376136537287,65.50768929705117],[22.07665995003637,65.50776977774336],[22.07632067323022,65.50652324221488],[22.077559279917374,65.50628481087804],[22.078223413127198,65.50553226502271],[22.08060349090859,65.50469921259148],[22.082110444024195,65.50066078709399],[22.08422193015024,65.50009111665359],[22.08371792261562,65.49824076769458],[22.08043581911852,65.49929657719761],[22.080573855650325,65.49820799907266],[22.081334667352415,65.49781159235494],[22.080331485191824,65.49731762309064],[22.080089132957525,65.4964272465355],[22.081837842278116,65.49560988146695],[22.06791698135,65.49626244089332],[22.066745782360805,65.4968724804199],[22.06154364,65.4965612],[22.059303693708028,65.49505673422297],[22.058445981101787,65.4950968651364],[22.05753400637926,65.49333608855665],[22.05819841332603,65.49258362794393],[22.057956867676584,65.49169320816745],[22.059826562486776,65.49023349981567],[22.059127419999996,65.48765705],[22.06633938486594,65.48731900044935],[22.066990359963274,65.48658127463669],[22.06789614100539,65.48671917838416],[22.068179754549043,65.4861648476093],[22.0690855269009,65.48630274431201],[22.071083879721726,65.48566802723336],[22.072369948614554,65.48560772627357],[22.073510812802528,65.48501318000359],[22.075654192394346,65.48491263855846],[22.077603851511018,65.4840997605926],[22.078889825139193,65.48403940506076],[22.079221611803074,65.48366313216765],[22.083556541740553,65.48363993403149],[22.085602807657885,65.48318310457276],[22.08627384983388,65.48405333144309],[22.085465025728432,65.48427168502987],[22.08580438965637,65.48551819952354],[22.08499551675356,65.48573655106368],[22.085618125007834,65.48642870666225],[22.083336786768033,65.48761796960846],[22.083101953501004,65.4883504002339],[22.081864242462967,65.4885888684155],[22.081904375721614,65.49157972777765],[22.0856334687091,65.48967430837303],[22.08810889724078,65.48919730007819],[22.08839210315435,65.48864293533556],[22.09111000857607,65.48905624000295],[22.09135265348901,65.48994659613663],[22.08978324083821,65.49056142784336],[22.08992880861796,65.49109564302479],[22.088739550412143,65.49151223987252],[22.088836584918013,65.49186838411178],[22.09012290920481,65.49180792961174],[22.08974265926832,65.49200615407575],[22.090317021465545,65.4925202158311],[22.08784915497732,65.49462006196309],[22.086659705060672,65.49503664427415],[22.086752954525487,65.49537893153455],[22.0933564092547,65.4950684259484],[22.09394970684332,65.49469402099957],[22.098506102901993,65.49482627866189],[22.098472297180475,65.49375986420806],[22.100236082623486,65.49385721324958],[22.10034305356298,65.49473990214156],[22.104427809999997,65.49454782999999],[22.103893466146264,65.49258977145172]],[[22.039677582257905,65.41608356303072],[22.039201987366994,65.41592546820137],[22.03962956759198,65.41590547019008],[22.039677582257905,65.41608356303072]],[[21.97215278700896,65.39344042164339],[21.971678006666203,65.3932821060793],[21.97210528020341,65.39326230246587],[21.97215278700896,65.39344042164339]],[[21.971203232030764,65.39312378896436],[21.971630503426116,65.39310398671749],[21.971678006666203,65.3932821060793],[21.971203232030764,65.39312378896436]],[[22.156829602139236,65.51643448125547],[22.158447963178396,65.51599699921029],[22.15859510633845,65.5165311325596],[22.156927676763235,65.51679057142107],[22.156829602139236,65.51643448125547]],[[22.136714348921775,65.51125444335547],[22.136187531044726,65.5109186243853],[22.13661657488004,65.51089833717336],[22.136714348921775,65.51125444335547]],[[22.136225508130956,65.50947391151574],[22.137034661761742,65.50925528314653],[22.136361241767446,65.50838530520552],[22.138604032781632,65.50863996143327],[22.1387018237028,65.50899606617497],[22.13789269248524,65.50921470324883],[22.13808826307658,65.5099269136925],[22.139375338175977,65.50986603277228],[22.13661657488004,65.51089833717336],[22.136225508130956,65.50947391151574]],[[22.13638307055815,65.51163083732247],[22.135954014475256,65.51165112399016],[22.13590513137179,65.51147307062425],[22.13638307055815,65.51163083732247]],[[22.13593223895434,65.5084055912969],[22.135883363331715,65.50822753784576],[22.136312363267503,65.50820725192087],[22.13593223895434,65.5084055912969]],[[22.136149554243865,65.5123633372216],[22.13572048591264,65.51238362334503],[22.13562272031388,65.51202751644283],[22.136149554243865,65.5123633372216]],[[22.134927623724014,65.5079119984279],[22.134498627337216,65.50793228038992],[22.13444976255191,65.5077542263698],[22.134927623724014,65.5079119984279]],[[22.100996466681565,65.49346071169485],[22.10013888394576,65.49350107792485],[22.100041688190963,65.49314494250802],[22.100996466681565,65.49346071169485]],[[22.092784497796213,65.49042033311694],[22.09235574899128,65.49044049313427],[22.092307210612415,65.4902624223531],[22.092784497796213,65.49042033311694]],[[22.0915548358967,65.49228167743846],[22.09198361563412,65.4922615193956],[22.092032156292138,65.49243959025465],[22.0915548358967,65.49228167743846]],[[22.091215091845807,65.49103517962425],[22.09164385146245,65.49101502273876],[22.091692387011967,65.4911930937587],[22.091215091845807,65.49103517962425]],[[22.09117459033837,65.49247990546166],[22.091603373680158,65.49245974846286],[22.091651912193417,65.49263781946426],[22.09117459033837,65.49247990546166]],[[22.090834861300443,65.491233406651],[22.091263624521055,65.49121325080952],[22.091312157925998,65.49139132197179],[22.090834861300443,65.491233406651]],[[22.090600212353092,65.49196584711699],[22.09102898780098,65.49194569182355],[22.091077521250366,65.49212376305921],[22.090600212353092,65.49196584711699]],[[22.090454625006444,65.49143163277608],[22.090883391831053,65.49141147797862],[22.090931923091336,65.49158954928323],[22.090454625006444,65.49143163277608]],[[22.090219963875867,65.49216407276737],[22.090648742927964,65.49214391851798],[22.09069727423254,65.49232198989604],[22.090219963875867,65.49216407276737]],[[22.0900743829637,65.49162985799944],[22.090503153392344,65.49160970424603],[22.090551682507886,65.49178777569298],[22.0900743829637,65.49162985799944]],[[22.069704029125003,65.52053974723147],[22.069274764430972,65.5205598467102],[22.069226315818355,65.5203817677286],[22.069704029125003,65.52053974723147]],[[22.068472858397794,65.51121933846248],[22.068521281357707,65.51139741795106],[22.068092165775713,65.51141751264862],[22.068472858397794,65.51121933846248]],[[22.066771954576833,65.5033637298358],[22.06720093915509,65.50334364013763],[22.067249335826464,65.50352172030266],[22.066771954576833,65.5033637298358]],[[22.05820497741838,65.48140198214229],[22.05991950267097,65.48132172680879],[22.060160999430153,65.48221214403426],[22.058971650035026,65.48262850753383],[22.058736167837257,65.48336090652558],[22.056924940936245,65.48308498057307],[22.056780100944213,65.4825507266312],[22.05820497741838,65.48140198214229]],[[22.05992586221458,65.49574899976788],[22.059068128052708,65.49578913441779],[22.05901980439154,65.49561105091873],[22.05992586221458,65.49574899976788]],[[22.04555915836864,65.48920694319244],[22.04470161215523,65.4892469945276],[22.044605190405914,65.48889081614743],[22.045462725119556,65.48885076546931],[22.04555915836864,65.48920694319244]],[[22.041602889899497,65.47298075221354],[22.042459908872317,65.47294072350425],[22.043889941167528,65.47341494103925],[22.04274888223249,65.47400926558093],[22.04332191292564,65.47452351866806],[22.04246484371691,65.47456355274855],[22.040558093556534,65.47393124210232],[22.041795512941796,65.47369311500164],[22.041602889899497,65.47298075221354]],[[22.03700613237902,65.46399810363059],[22.036577764567507,65.4640181017667],[22.03652966471227,65.46384000887174],[22.03700613237902,65.46399810363059]],[[22.033972600137336,65.46882847628521],[22.03354415048802,65.46884846659977],[22.03349606054404,65.46867037265527],[22.033972600137336,65.46882847628521]],[[22.028394622408726,65.46584257932915],[22.0283465741639,65.465664483339],[22.028774976505005,65.46564450822034],[22.028394622408726,65.46584257932915]],[[22.016012789887736,65.4150245179115],[22.018434695951985,65.41437060295277],[22.018291097932675,65.41383629981192],[22.01909835779553,65.41361832068688],[22.01605756015209,65.41357977077665],[22.0168169776374,65.41318370184868],[22.016625569427685,65.41247129502673],[22.018523970345676,65.41148110974027],[22.021944165090638,65.41132156506038],[22.022990771874447,65.41199406431805],[22.02270691297758,65.41254831304866],[22.023989532002602,65.41248845686155],[22.02498833000529,65.41298284242087],[22.022994278216167,65.41361690916618],[22.022426517792795,65.41472540648785],[22.018629416809805,65.41670585420114],[22.016966824612837,65.41696370360002],[22.016682789470792,65.4175179426461],[22.014164858359706,65.41781562754635],[22.014021324476957,65.41728131974907],[22.014828725823197,65.41706336213178],[22.016012789887736,65.4150245179115]],[[22.01385767827487,65.45696203530639],[22.01428595162114,65.45694210251834],[22.014333884923346,65.45712020409901],[22.01385767827487,65.45696203530639]],[[22.011743587069763,65.44587983661184],[22.01193515764347,65.44659224773685],[22.011078944210468,65.44663209557892],[22.010746608823073,65.44700822409563],[22.00893839804745,65.44673169405577],[22.010079083278534,65.44613762832307],[22.011743587069763,65.44587983661184]],[[22.005782797723796,65.43659964318124],[22.005354848888857,65.4366195487509],[22.005307021893422,65.43644144325202],[22.005782797723796,65.43659964318124]],[[22.004305241593475,65.43432407775504],[22.00435305711434,65.43450218368679],[22.003925141200206,65.43452208488684],[22.004305241593475,65.43432407775504]],[[22.002816405489448,65.42393421325346],[22.002864188001215,65.42411232000015],[22.002436440207596,65.42413221536913],[22.002816405489448,65.42393421325346]],[[21.999016495229107,65.42591419377928],[21.99725761919948,65.42581561680862],[21.998349934213426,65.42504353664839],[21.998206674623226,65.4245092112368],[22.002197549117017,65.42324168059675],[22.00276862369443,65.42375610648438],[21.999016495229107,65.42591419377928]],[[21.99649563618317,65.42458873305645],[21.995640112666116,65.42462848672918],[21.99559237806523,65.42445037723722],[21.99649563618317,65.42458873305645]],[[21.996400156255252,65.42423251470102],[21.99597240057585,65.42425239181499],[21.995924664546543,65.4240742824409],[21.996400156255252,65.42423251470102]],[[21.994579580908184,65.41097290011842],[21.994627278992958,65.41115101031629],[21.99419973487869,65.41117088037791],[21.994579580908184,65.41097290011842]],[[21.99440277529325,65.42324335640986],[21.993975033912392,65.42326322772296],[21.993927313620233,65.42308511756343],[21.99440277529325,65.42324335640986]],[[21.99361587067213,65.39767351076205],[21.993663533003645,65.39785162164297],[21.99323620450687,65.39787148690515],[21.99361587067213,65.39767351076205]]],[[[22.011452080000005,65.47184738],[22.013825680801023,65.47173682651108],[22.01478758064506,65.47008304626529],[22.01564455421007,65.4700431701226],[22.015881149477543,65.4693108276634],[22.016690119201808,65.46909284520376],[22.01611773258954,65.4685784849423],[22.013879503154882,65.46832196887135],[22.013355139742472,65.46798569895891],[22.010450746010434,65.46812078297512],[22.011452080000005,65.47184738]]],[[[22.042509669999998,65.50646786],[22.042838915282555,65.50645247271692],[22.04232469284703,65.50578464415977],[22.042509669999998,65.50646786]]],[[[22.044922329999995,65.51537230999999],[22.045049899241455,65.51584277609732],[22.045951614231644,65.51532420286067],[22.044922329999995,65.51537230999999]]],[[[22.155036047350563,65.52062877337251],[22.155333499550547,65.5204735433556],[22.154997670571824,65.52048946036999],[22.155036047350563,65.52062877337251]]],[[[22.104427809999997,65.49454782999999],[22.10445226639741,65.49463734657584],[22.104697336445195,65.49453511736964],[22.104427809999997,65.49454782999999]]],[[[22.064533386411014,65.51591242277726],[22.06410419295711,65.51593250690361],[22.064152596685727,65.51611058796426],[22.064533386411014,65.51591242277726]]],[[[22.06401091766464,65.50439473102784],[22.063581912873342,65.50441481186857],[22.06363028728159,65.50459289340269],[22.06401091766464,65.50439473102784]]],[[[22.019194099084995,65.41397452219567],[22.01914622808138,65.41379642145256],[22.018718663365895,65.41381636123496],[22.019194099084995,65.41397452219567]]]]}},{"type":"Feature","properties":{"cyano_daymap_file_id":2821,"date":"2004-07-30Z","cloud":null,"sub_surfac":null,"surface":null,"no_data":null,"class":1,"color_hex":null,"algae_class":"class_1","source_date":"2004-07-30"},"geometry":{"type":"MultiPolygon","coordinates":[[[[22.220827180000004,65.20942413000002],[22.263231230000002,65.20737044],[22.2656851,65.21627094],[22.329298500000004,65.21316678],[22.331775219999997,65.22206596],[22.395393069999994,65.21893368999999],[22.387905429999996,65.19223979],[22.36672232,65.19328559],[22.364237140000004,65.18438707],[22.406587519999995,65.18229335999999],[22.4115877,65.20008862],[22.432774079999994,65.19903644999998],[22.435283949999995,65.20793355999999],[22.45647546,65.20687798000002],[22.46151479,65.22467116],[22.440309279999994,65.22572759999998],[22.44786132,65.25241819999998],[22.469087859999995,65.25136047],[22.471615979999996,65.26025678],[22.45038241,65.26131493999999],[22.460485599999995,65.2969013],[22.4817473,65.29584142],[22.48428485,65.30473742],[22.505551709999995,65.30367411],[22.508098209999996,65.31256961],[22.529370220000004,65.31150287999999],[22.52681667,65.30260781],[22.548079720000004,65.30153852],[22.55064032,65.31043316],[22.57190851,65.30936043999998],[22.574478059999997,65.31825457999999],[22.595751379999996,65.31717842999998],[22.59317478,65.30828473],[22.65696206,65.30503968],[22.659559779999995,65.31393205],[22.680825379999998,65.31284394],[22.673016899999993,65.28616794999999],[22.715500080000005,65.28398544],[22.710276050000004,65.2662029],[22.689049460000003,65.26729476],[22.68644737,65.25840295],[22.728884580000003,65.25621713],[22.72627041,65.24732613999998],[22.683847209999993,65.24951106999998],[22.681248989999997,65.24061912],[22.63883205999999,65.24279124],[22.633669379999994,65.22500539999997],[22.654864819999993,65.22392170999998],[22.64969585,65.20613648],[22.62851438,65.20721929],[22.62336703,65.18943293],[22.559853049999997,65.19266087999999],[22.557303159999996,65.18376629],[22.536135010000002,65.18483589],[22.533593989999996,65.17594081],[22.51243093,65.177007],[22.50736846,65.15921578],[22.48621745,65.16027814],[22.48369599,65.151382],[22.46255008,65.15244096],[22.45752668,65.13464765],[22.436392809999997,65.13570277999999],[22.43139075,65.11790836000002],[22.41026893,65.11895967],[22.412762089999994,65.12785732999998],[22.391631469999997,65.12890609999998],[22.39910117,65.1556],[22.42025267,65.15454996],[22.422753229999998,65.16344738],[22.380434459999996,65.16554533999997],[22.37546305,65.14774874],[22.354314829999996,65.14879240999998],[22.35183885,65.13989359999998],[22.330695759999994,65.14093387999999],[22.330568914377153,65.14047633849454],[22.21920501000594,65.20349705013822],[22.220827180000004,65.20942413000002]]],[[[22.34936471,65.13099472],[22.34899532465544,65.12966513984045],[22.346487992299117,65.13113624939392],[22.34936471,65.13099472]]],[[[22.42889249,65.10901106],[22.450005519999994,65.10795720999998],[22.45251072,65.11685409],[22.51585947,65.11367346999998],[22.520917090000005,65.13146445000001],[22.563167989999997,65.12932748999998],[22.565713499999998,65.13822202],[22.58684307,65.13714865],[22.589397419999994,65.14604268],[22.610532040000002,65.14496591],[22.61309523,65.15385944],[22.676508519999995,65.15061001],[22.68168233,65.16839425],[22.70283017,65.16730429],[22.705426909999996,65.17619586999999],[22.726579779999994,65.17510249],[22.73179297,65.19288457],[22.774120740000004,65.19068713],[22.77674417,65.19957717],[22.7555743,65.20067782],[22.758192709999996,65.20956824999999],[22.800544459999998,65.20736307999998],[22.79791211,65.19847355],[22.819078079999997,65.19736696],[22.824358680000003,65.21514505000002],[22.86671262,65.21292115],[22.864057399999997,65.20403303],[22.842888389999995,65.20514601999999],[22.83759778,65.18736869],[22.81644072,65.18847781000001],[22.808540369999996,65.16180996],[22.78740221,65.16291476],[22.782158939999995,65.14513496],[22.761032719999996,65.14623589999998],[22.75842093,65.13734546],[22.73729971,65.13844299],[22.734696779999997,65.12955204],[22.713580569999998,65.13064616],[22.7109865,65.1217547],[22.753203149999997,65.11956438],[22.75581107,65.12845494999999],[22.77692343,65.1273549],[22.77954022,65.13624497],[22.800657559999998,65.13514150999998],[22.80328322,65.14403106000002],[22.82440555,65.14292418999999],[22.81914233,65.12514592],[22.798033849999996,65.12625188999999],[22.795412090000003,65.11736221],[22.81651365,65.11625669],[22.813886900000004,65.10736738],[22.77169568,65.10957458],[22.769084699999997,65.10068432],[22.790174369999995,65.09958265],[22.78871717431413,65.09462877033478],[22.767695334584204,65.0912889661128],[22.736125520193397,65.0872488627787],[22.703969492420804,65.0841417016372],[22.687722653553607,65.08294181426642],[22.6549815048834,65.0812580646165],[22.622043315924994,65.0805348656589],[22.5890680589074,65.08077551930198],[22.5562078378235,65.0819784364121],[22.5236222511317,65.0841381956597],[22.4989570328592,65.0864342959367],[22.4512775467598,65.06965380799399],[22.422578851831823,65.08649199227911],[22.42889249,65.10901106]]],[[[22.82704009,65.15181321999998],[22.848167400000005,65.15070294],[22.850810830000004,65.15959146],[22.893073449999996,65.15736109],[22.901057169999998,65.18402353],[22.943353549999998,65.18177857999999],[22.94603264,65.19066501],[22.92487849,65.19178943],[22.93290682,65.21844968],[22.95408184,65.21732389],[22.959457949999997,65.23509614],[22.938268979999993,65.23622283999998],[22.94095305,65.24510931],[22.983342950000004,65.24285203000001],[22.98604299,65.25173752],[22.964842059999995,65.25286811],[22.967537109999995,65.26175399],[22.988745030000004,65.26062294000002],[22.991449090000003,65.26950829],[23.01266198,65.26837380000002],[23.020807229999996,65.29502805999999],[23.0420391,65.29388921],[23.0474934,65.31165743],[23.089979089999996,65.30936891999998],[23.087236900000004,65.30048578],[23.1297004,65.29818627999998],[23.12694626,65.28930399],[23.137890512318602,65.28870898851507],[23.1383421263494,65.2880901187065],[23.089750185962696,65.28445681869319],[23.089709002936797,65.2756147460627],[23.0877229961228,65.2617264628135],[23.083434648887803,65.24793025256493],[23.08043185064679,65.2410880822697],[23.072734007836395,65.22755481896989],[23.062814772555992,65.214278717246],[23.05703780408209,65.2077578360096],[23.0438821336382,65.1949890305416],[23.0286527983404,65.1826346123978],[23.011423917751596,65.1707541953058],[23.002086021599,65.1650103332603],[22.982021613701992,65.1539487475862],[22.960190125166896,65.1434996447016],[22.936695353363596,65.13371361195249],[22.924360538612298,65.1290836625267],[22.904010704499196,65.1222095941383],[22.908875329999994,65.13846707999998],[22.88776083,65.1395858],[22.885107469999998,65.13069805],[22.863997920000003,65.13181336],[22.866644359999995,65.14070156],[22.82440555,65.14292418999999],[22.82704009,65.15181321999998]]]]}},{"type":"Feature","properties":{"cyano_daymap_file_id":2821,"date":"2004-07-30Z","cloud":null,"sub_surfac":null,"surface":null,"no_data":null,"class":1,"color_hex":null,"algae_class":"class_1","source_date":"2004-07-30"},"geometry":{"type":"MultiPolygon","coordinates":[[[[22.39636777646959,65.8594240799699],[22.39668447049406,65.85906410026999],[22.39885743269808,65.85895868529497],[22.398748369029253,65.85930832358068],[22.400014754283514,65.85924674555724],[22.400492768037203,65.85851845052014],[22.4022310874637,65.85843407817926],[22.40325482732723,65.85892570248438],[22.40412399693412,65.85888350298265],[22.40468392977639,65.85777366685228],[22.405884531025684,65.85735447777965],[22.407880538852247,65.85815973235852],[22.408749673439885,65.858117506887],[22.409629663555137,65.85877922028693],[22.447286199999997,65.85694816999998],[22.4463391452635,65.85369334421767],[22.445394083935376,65.8538062549804],[22.44518685532831,65.85309456554697],[22.44603628451457,65.85265247621284],[22.439520659999996,65.83025966],[22.4829233,65.82813387000002],[22.48032398,65.81923846],[22.48663166154338,65.81892770417323],[22.485387749462724,65.81882300079079],[22.48512775712537,65.81793346622666],[22.486273179603252,65.81733576985395],[22.485857181296137,65.81591251685909],[22.487766014850617,65.81491634433314],[22.489067289439127,65.81485234648407],[22.489969250589386,65.81643215776305],[22.491582820127878,65.81743556701824],[22.49250246070793,65.81757078454625],[22.492553740718336,65.81863594552986],[22.5055891144926,65.8179937415241],[22.504804923070374,65.81750635154194],[22.5069738432571,65.81739943888977],[22.50751192455021,65.81773384840209],[22.508761123385135,65.81749178405616],[22.50927652386699,65.81781207668564],[22.52404752611143,65.81709814240598],[22.523456988403318,65.81658590182799],[22.523524933205433,65.81531923038915],[22.524392392602902,65.81527636368128],[22.524287871785607,65.81492058168034],[22.52619511523965,65.81392394423422],[22.52706252231335,65.81388106286211],[22.52695797142525,65.8135252829867],[22.52886500890773,65.81252861419718],[22.528514451184652,65.80983882851203],[22.527333574261487,65.8088143777174],[22.52485198637474,65.80785422631774],[22.524695251098464,65.80732055332271],[22.52377582249982,65.80718552771408],[22.524016147487206,65.80500796768288],[22.525055611242333,65.80405421221617],[22.523076071677107,65.80180591888949],[22.518271319606008,65.80041910048126],[22.516537373160162,65.80050474984533],[22.51534123094673,65.80092476410816],[22.515064220141696,65.8014798555499],[22.51376369837562,65.80154406768631],[22.512254593551674,65.80089668386563],[22.51186001046369,65.79963870707482],[22.496807559999997,65.80038126999999],[22.494782966386442,65.7934566700294],[22.49425526889202,65.79348266349436],[22.494235012400903,65.79148471932238],[22.49331939333825,65.79028039058892],[22.494671403396612,65.79039426145707],[22.49533008240606,65.78963995272004],[22.497392681722356,65.78917739198155],[22.498103265654088,65.78860097494334],[22.499021898244177,65.78873616304399],[22.499351158274724,65.78835900041649],[22.500217759076524,65.7883162795317],[22.500113703060965,65.78796047646944],[22.50146561713825,65.78807428803971],[22.500772162914178,65.78720614638075],[22.502453236950977,65.7869427837705],[22.50305956008833,65.78601054411408],[22.503874026324674,65.78578990294396],[22.503613796774207,65.78490040227803],[22.502157974837246,65.78443080663685],[22.501412577332882,65.7833847662073],[22.502018862069107,65.78245253107366],[22.501481615792787,65.78211809404446],[22.502191921218543,65.78154166069544],[22.503439434878473,65.78129965643353],[22.503335368463564,65.78094385567772],[22.505501222056168,65.78083699399589],[22.506107303037062,65.77990474461176],[22.511686131824284,65.77944884382786],[22.51158196067598,65.77909304973545],[22.51250031695533,65.77922815934573],[22.514457562740187,65.77840958588715],[22.513868146793243,65.77789729725443],[22.514734367325502,65.77785449760765],[22.515011160637368,65.7772994089373],[22.520657345672927,65.77557651810214],[22.52325572344346,65.7754479914509],[22.52509229730662,65.77571806584218],[22.525300982517347,65.77642963209179],[22.526704568959353,65.77672111630844],[22.527502969910618,65.77794491557788],[22.525546183442486,65.77876365199926],[22.525650545532198,65.77911943466016],[22.52478430432603,65.77916229654384],[22.523076886361945,65.7810372751003],[22.534831223235255,65.78045578450069],[22.533050452154516,65.78037735868658],[22.532737050948835,65.7793100287965],[22.53187081750618,65.77935293087391],[22.5344172658239,65.77904632227306],[22.53420830378554,65.77833477123606],[22.5320950280834,65.77861992596493],[22.531938356504348,65.77808625983478],[22.531072162545016,65.7781291569841],[22.530967730523695,65.77777337872672],[22.53281981511073,65.77659879838919],[22.53498515691161,65.7764915228721],[22.533857862857662,65.77564499698003],[22.537045971560516,65.77602844344318],[22.537254989380823,65.77673999003338],[22.53557495463323,65.77700372605703],[22.53654560533828,65.77731657758198],[22.537434013444898,65.78034065073966],[22.53830026891847,65.7802977168312],[22.53928597617919,65.7791659930298],[22.541070685751805,65.7792579851081],[22.540861538187773,65.7785464450262],[22.54216081957023,65.7784820141077],[22.542384729984782,65.77774899703778],[22.543355489590315,65.77806180412084],[22.543683966642252,65.77768455357803],[22.54455012044339,65.77764158515838],[22.546544029725315,65.77844504765571],[22.54481167299432,65.77853100271912],[22.544363968315437,65.77999704251856],[22.543497735073775,65.78004001066515],[22.54284071000712,65.78079451094793],[22.540622757028803,65.7807240161332],[22.540398775327613,65.78145703132621],[22.542183647531523,65.78154900877018],[22.542459880761662,65.7809938758221],[22.5438115920713,65.78110731392087],[22.54549180256394,65.7808434853724],[22.54582028114791,65.78046623020698],[22.548471342474063,65.78051515312242],[22.54966599898729,65.78009489380838],[22.548299929752265,65.78142605956978],[22.546291230836975,65.78206717605673],[22.546538417950998,65.78440114251605],[22.5457767084708,65.78479989029658],[22.546419258966736,65.78548993029314],[22.54609072940167,65.7858671872597],[22.5452243025012,65.78591016713118],[22.545538316828182,65.7869774653017],[22.546457123323183,65.78711236588093],[22.546785662303662,65.78673510803014],[22.54765211378444,65.78669211904293],[22.548727999873357,65.78736065188936],[22.552246240101038,65.78736650195155],[22.551774804491874,65.78576557927242],[22.554374021686723,65.78563651383969],[22.554269231753185,65.7852807550956],[22.558181775406783,65.78364252998712],[22.560400013554496,65.78371276649949],[22.56050488037331,65.78406852026563],[22.559205372795763,65.78413310978182],[22.55936265258867,65.78466674183979],[22.5571967466903,65.78477436924503],[22.557406405540085,65.78548588185444],[22.556644836595883,65.78588468254145],[22.55766849701362,65.78637527203664],[22.555002828135848,65.78777106414182],[22.55354593152117,65.78730196993669],[22.5522986258134,65.78754438212059],[22.55232378935031,65.7886118479961],[22.580862729999996,65.7871926],[22.583096632640427,65.79474626406852],[22.584511896481768,65.79603497570449],[22.586189137725448,65.79595101246795],[22.587197546417773,65.79555414484366],[22.586460574789783,65.79306402434669],[22.588416436520824,65.79224451539378],[22.58987423483827,65.79271326740287],[22.59066419359733,65.79538123239611],[22.589726985166145,65.79577390668625],[22.606797329138928,65.79491935977221],[22.606538438323472,65.79404692127164],[22.610057526735226,65.79405142890133],[22.609699756190142,65.79477406333977],[22.62888172021502,65.7938138080462],[22.6312975495707,65.7903427182051],[22.639986277471895,65.78703463672049],[22.645369380850774,65.78237955325038],[22.643183609999994,65.77504827],[22.655942426430705,65.77440593372486],[22.6466010174261,65.7675209826933],[22.642964681469845,65.76603380416289],[22.61889518,65.76724233],[22.620482634541393,65.77258592753584],[22.623366971442085,65.77226647489996],[22.622828394817002,65.77193247930869],[22.623641356857224,65.77171121368451],[22.62629158158069,65.77175879150909],[22.62688306103125,65.77227062412608],[22.62823463875212,65.77238331486781],[22.628499010608692,65.77327256000505],[22.627791787587515,65.77384955013574],[22.629735040907256,65.77447405241317],[22.63060091368873,65.77443059783995],[22.630706702723852,65.77478629390929],[22.63222684035654,65.77398797929378],[22.63401145594782,65.77407888403562],[22.633251424458113,65.77447805176581],[22.633083046225874,65.7753890225305],[22.633674746924974,65.77590082658485],[22.634540659595174,65.77585734922839],[22.635830036690635,65.77723663437803],[22.63669598981507,65.77719314437097],[22.637350152595445,65.77643826886415],[22.639461995279834,65.77615166951772],[22.64211269070334,65.77619896748217],[22.64291652593064,65.77742210617208],[22.64215653955028,65.77782131786856],[22.638692667718605,65.77799537307074],[22.637932598145746,65.7783945645378],[22.637817324064162,65.7794833839639],[22.635695708753623,65.78121447377237],[22.636234651190886,65.78154842024493],[22.63357381303815,65.78294553686939],[22.63464220358173,65.78505795336041],[22.633121508426086,65.78585629769601],[22.633766408037438,65.78654594557514],[22.629382095043812,65.7865854311967],[22.62841987048512,65.7848286717454],[22.629127366536064,65.78425167593048],[22.628704130067188,65.78282888754295],[22.623342215146945,65.7822116821505],[22.62417873,65.78502751000002],[22.613412045166772,65.78556645075942],[22.61033401003287,65.78609571721951],[22.610228446145577,65.78574000475477],[22.60252173,65.78611158],[22.59725284,65.76832551],[22.553962170000002,65.77048271],[22.551345359999992,65.76158868],[22.57298437,65.76051206],[22.57036223,65.75161841],[22.483823599999997,65.75590482],[22.489011270000002,65.77369559000002],[22.464267631192957,65.77491055774757],[22.463957281901227,65.77548253101553],[22.46265791795552,65.77554629612574],[22.462832343555977,65.77498103356567],[22.445700809999998,65.77582222999999],[22.448282920000004,65.78471839999999],[22.42661741,65.78577757],[22.424042629999995,65.77688096],[22.38072043,65.77898925],[22.37560609,65.76119411000002],[22.3972535,65.76014236],[22.392132259999997,65.74234784],[22.41376307,65.74129391],[22.40863497,65.72350001],[22.45186148999999,65.72138473999999],[22.446711960000002,65.70359233],[22.42511427,65.70465062],[22.426992492531696,65.71116142894569],[22.427838867293147,65.71138803660327],[22.42716336177032,65.71175374266177],[22.42768076,65.71354729],[22.425703201516647,65.71364391034078],[22.4264998330065,65.71434067680833],[22.42578957955192,65.71491675659838],[22.425994944283943,65.71562849042765],[22.427928984528272,65.71625565298922],[22.428720690598272,65.71748003365593],[22.427856321284978,65.7175223264129],[22.427959042961962,65.71787819158153],[22.42633297304767,65.7183186303166],[22.423666888685656,65.71971212765081],[22.423769563208882,65.72006799610872],[22.42112483724906,65.72001684292063],[22.41957158749002,65.7191905376587],[22.415249334202382,65.71940169644063],[22.41407725611237,65.71837628502016],[22.411762425471732,65.71794798401208],[22.41188712739865,65.71685924967335],[22.411022745743022,65.71690144692147],[22.410920261627076,65.71654556800593],[22.408861778016526,65.71700691869117],[22.407770072125576,65.71778195021578],[22.402583502238752,65.71803492244509],[22.401082133555185,65.71738636450705],[22.399836668970874,65.71762751098746],[22.39823308204224,65.7166230358955],[22.39693648006935,65.71668621386154],[22.39678304715848,65.7161523783782],[22.395003137670905,65.71605865059348],[22.394849749117583,65.71552481272738],[22.396754956647193,65.71452981457261],[22.39660154286876,65.71399597871782],[22.39789801105563,65.71393280491283],[22.397261291543167,65.7132420839712],[22.398557720029682,65.71317890493211],[22.397972145417995,65.71266613154158],[22.39883641122655,65.71262400956533],[22.39868296811888,65.7120901760948],[22.397716439985302,65.71177640722867],[22.39740961903327,65.71070873723474],[22.396545414375566,65.71075085050843],[22.39601106095285,65.71041601407669],[22.393037459853772,65.71074130798873],[22.389176066584593,65.71255323799049],[22.386532145854325,65.71250147572358],[22.386327896102504,65.7117896778658],[22.388944164326894,65.71021887416153],[22.388484519356933,65.70861733668568],[22.390110656519795,65.70817730182635],[22.390821538889067,65.70760138252827],[22.391685649622985,65.7075593026881],[22.391583475828384,65.70720340772876],[22.39287961860797,65.70714027986305],[22.394416300093102,65.70614903018368],[22.381913059999995,65.70675805],[22.379363099999992,65.69786045],[22.42254971,65.69575388999999],[22.419987099999997,65.68685709999998],[22.39840205,65.68791147],[22.390884701516708,65.66169726104292],[22.390222687921536,65.66124497169012],[22.369182519999995,65.66226942999998],[22.370304236272595,65.66619391529213],[22.370591601581133,65.66600375105058],[22.371175529512183,65.66651664590465],[22.372951948528826,65.66661068652293],[22.373053674122318,65.66696659838715],[22.37137893413902,65.66722847239947],[22.370508887354056,65.66690991645822],[22.371006376418897,65.6686504533174],[22.372166344359265,65.66845318890418],[22.371164672653123,65.66920427540072],[22.371831360677216,65.67153677909074],[22.372599620381234,65.6714994230952],[22.372752237324725,65.67203329093475],[22.371983953866415,65.67207064825294],[22.37426896,65.68006507],[22.362421832798773,65.68064027649582],[22.361154405028334,65.68197899662597],[22.359250129168867,65.68297353985426],[22.35719332334053,65.68343417508565],[22.356050619756804,65.68403087545339],[22.35615219561342,65.68438680007134],[22.354907863708462,65.68462756774105],[22.355745865160028,65.68603033388285],[22.354190856106577,65.68637850312847],[22.354938312631152,65.68899621752823],[22.357244411755328,65.68974659891332],[22.35848896455859,65.68950580996592],[22.359022391139238,65.68984078718242],[22.360317760672466,65.68977794430536],[22.36184154864951,65.68898229736058],[22.36621011780504,65.68895065819665],[22.36539744103164,65.68917054622985],[22.366566216483836,65.69019636457797],[22.36575350427932,65.6904162548597],[22.365956985934265,65.69112808782107],[22.364763293328448,65.69154689661363],[22.364484068056203,65.69210173471889],[22.363188594513296,65.69216461410754],[22.36382385918325,65.69285549175535],[22.363163612884218,65.69360924628845],[22.36186806010031,65.6936721151981],[22.361969761405046,65.69402803469494],[22.361156890004622,65.69424790195477],[22.361461982011864,65.6953156617817],[22.362274883798726,65.69509579259527],[22.362529173636496,65.69598559016924],[22.363545552759007,65.69647755149926],[22.362453300940363,65.69725226306218],[22.362479155586172,65.69887485481128],[22.36118333742152,65.69893772047257],[22.361285054214132,65.69929364027172],[22.360421159913376,65.69933554530732],[22.358947579976167,65.7003091449989],[22.359633796935512,65.70117799987834],[22.35871899050798,65.70104193532529],[22.358525025941155,65.70155747128784],[22.360309559999997,65.70780719999999],[22.339046270234928,65.70885057178839],[22.33851269196658,65.70851552598816],[22.337699164622794,65.70873527419182],[22.338689282740635,65.71067204185468],[22.337774240248873,65.71053585361983],[22.337011363146704,65.71093356788356],[22.335714867037986,65.71099622310567],[22.335384117937124,65.71137304572476],[22.333604721653867,65.71127859476634],[22.333756816754548,65.71181250670242],[22.33246026714195,65.71187513470741],[22.332612342856073,65.71240904797416],[22.330782203019464,65.71213659343296],[22.330069846197354,65.71271224621152],[22.326129359614235,65.7127220310124],[22.32579844871832,65.71309883435227],[22.324400534912165,65.71280544678343],[22.32429926138926,65.7124494980865],[22.323434856124763,65.71249119796147],[22.321375062143115,65.71295137739868],[22.32147629781622,65.71330732840711],[22.320129028134595,65.71319187681769],[22.320280858789538,65.71372580476883],[22.31974741597531,65.71339069185785],[22.31811321573231,65.71346947092242],[22.319294158141957,65.71762484585001],[22.321826785543163,65.71762042532434],[22.321928049417846,65.71797637575287],[22.320732405951603,65.71839485763164],[22.320934913958748,65.71910676006587],[22.319306877759367,65.719546073573],[22.31955997921724,65.72043595426446],[22.3171177436857,65.72109489767472],[22.31698902809784,65.72218359209451],[22.31574251022892,65.72242406025553],[22.316276095274926,65.72275918582098],[22.314546561677545,65.72284249646849],[22.315282537923444,65.72388953729345],[22.31474894137116,65.72355440835732],[22.313884146566046,65.72359605773067],[22.31378296688764,65.72324010114718],[22.311671570538184,65.72352218065669],[22.31225570709312,65.72403529968634],[22.311390891382523,65.72407693509464],[22.311289743745366,65.72372097654565],[22.309661250761025,65.7241601912583],[22.311160775148505,65.72480966846076],[22.31136308018781,65.72552158556486],[22.31054878538454,65.72574119595562],[22.311565397496143,65.7262335022796],[22.31245312676181,65.72781449398121],[22.314212198421753,65.72807643706845],[22.343780629999998,65.72665004],[22.34632177,65.73554832],[22.333815781062302,65.7361521541752],[22.334221038834908,65.73650763495039],[22.333075512431545,65.73710418983747],[22.33327853668514,65.73781607079202],[22.3323625494687,65.7376798591608],[22.331216928730946,65.73827640097316],[22.331521409578254,65.7393442265513],[22.334931768283692,65.73899921036148],[22.33483022626509,65.73864327131076],[22.336713087401506,65.73909362717639],[22.33686544366384,65.73962753342485],[22.335567508243077,65.73969020131582],[22.335006859559435,65.7407997908131],[22.337984701895095,65.74047559025358],[22.3378831108627,65.74011965371434],[22.340911650602113,65.73997336514205],[22.34162448088111,65.73939765707962],[22.344500396133157,65.73871739823636],[22.34429705436932,65.73800553532637],[22.34483133879206,65.73834055396172],[22.34612917941406,65.73827780802552],[22.347274448745477,65.73768115742958],[22.349488314182004,65.73775450441885],[22.349717432456035,65.73702172291868],[22.35213478942488,65.73780688565071],[22.350887868969433,65.73804764552507],[22.350989629246715,65.73840357174656],[22.349793542303853,65.73882228619512],[22.349997043150616,65.7395341402214],[22.349131782325628,65.73957599437941],[22.348800888236738,65.73995284752883],[22.349487897514443,65.74082174040005],[22.35030231757178,65.740601920524],[22.350454965201298,65.74113581034369],[22.351320275658765,65.74109394818673],[22.351574733103135,65.74198376233244],[22.35076028130048,65.74220358931983],[22.35086205950889,65.74255951544866],[22.34999669909613,65.74260137548478],[22.348672972100342,65.74410879272574],[22.347476587030204,65.74452749185076],[22.34778182828797,65.74559527750992],[22.345669013939407,65.74587784233047],[22.34510868289655,65.74698746591487],[22.34200246482309,65.74840051787257],[22.342104151769004,65.74875645072638],[22.33866638700115,65.75054627880628],[22.33925169834289,65.75105928278147],[22.34136500975099,65.75077680219064],[22.340320712772485,65.75172934924993],[22.341745737921233,65.75364517329194],[22.340447112537532,65.75370788943688],[22.339071449890593,65.75503726672969],[22.338205648546722,65.7550790640172],[22.332856106461225,65.75786308892614],[22.33199019830344,65.75790485191918],[22.330894486139808,65.75867937004695],[22.32839820621842,65.7591605551339],[22.328499756646327,65.75951649836458],[22.327302333302995,65.75993504897173],[22.328219093620714,65.76007128358077],[22.32798919428118,65.7608040401658],[22.326409453532197,65.76142142527159],[22.32651098724372,65.76177736998528],[22.325695697645997,65.76199707096252],[22.325465712219994,65.7627298245622],[22.323987302013574,65.76370313184617],[22.32469794455873,65.76619475558348],[22.323882501217323,65.76641444833385],[22.323347881871413,65.76607935946284],[22.322048577439595,65.76614192529682],[22.317178900042066,65.76908255771761],[22.315063813207175,65.76936471977142],[22.314298887804764,65.7697623397652],[22.31294867852064,65.76964685293247],[22.312268685950986,65.77000028828199],[22.315722559999998,65.78212874],[22.319481903555705,65.78178133570144],[22.319813733512614,65.78140453735503],[22.321113813012502,65.7813419831371],[22.321012261159346,65.78098603503012],[22.323179015498106,65.78088175523963],[22.32389332810469,65.78030611603279],[22.330444157813503,65.78017103440982],[22.33079606032116,65.78140285976085],[22.337390449999994,65.78108529999999],[22.338446099893105,65.78357411942609],[22.34040932794414,65.78275772567572],[22.34214277646363,65.78267408335701],[22.34285670719024,65.78209835900367],[22.345788243202033,65.7815959960419],[22.346119682409196,65.78121914423083],[22.346986345396978,65.78117729366515],[22.347317761864684,65.78080043946801],[22.349000084413827,65.78053875725229],[22.35096274374948,65.77972223309423],[22.355627002765704,65.77913592565535],[22.35659560955653,65.77944994170385],[22.356621474224195,65.78107253398942],[22.355092232874718,65.78186818121718],[22.354225562498872,65.78191007792887],[22.35399624635541,65.7826428680216],[22.352747195554915,65.78288366366627],[22.351753083175574,65.78401425817142],[22.34930576064001,65.78467376708352],[22.347776081137088,65.78546934513668],[22.347878023507157,65.78582527162885],[22.34701120610338,65.78586712874727],[22.347113139809938,65.78622305583364],[22.346246307546892,65.78626490874697],[22.346348232589257,65.78662083642745],[22.345098915604837,65.78686157197556],[22.344869302590975,65.7875943511788],[22.343237422876097,65.7880339576728],[22.342344586393423,65.78952042673782],[22.340942111421427,65.78993496879723],[22.351248922812662,65.78943634788392],[22.354812993665174,65.78855746465689],[22.35416414818458,65.78929531567888],[22.39922184437749,65.78711204316392],[22.399071879899896,65.78659215145379],[22.40065134380085,65.78597401608454],[22.402766777149502,65.78569066316987],[22.40286947928306,65.78604654542839],[22.40378755142487,65.78618231254531],[22.40361123344176,65.78689873593092],[22.404949939999998,65.78683368],[22.40533995000917,65.78818416581814],[22.40690149282099,65.78783515683706],[22.405755466561086,65.78843226299315],[22.407107034843968,65.7885469143768],[22.40736397994041,65.78943661074086],[22.410192193204285,65.78857713649538],[22.411058977861508,65.78853492056277],[22.410831237624894,65.78926778059646],[22.41343164807856,65.78914110657323],[22.41289539148274,65.78880634803933],[22.41404126506593,65.7882091897099],[22.415341410965905,65.78814583144808],[22.41567190122914,65.7877688378439],[22.41536324956644,65.78670122203845],[22.41628140687399,65.78683691310478],[22.41638430095351,65.787192784391],[22.418117749718878,65.78710827837794],[22.417963374507558,65.78657447350803],[22.422296853529932,65.78636312804082],[22.423266526500257,65.78667671000284],[22.424081722000764,65.78645648811798],[22.42428772486926,65.78716821800407],[22.42298765468286,65.78723165180591],[22.42362700407241,65.7879222393144],[22.422708771492292,65.78778659320922],[22.42281175880593,65.7881424592513],[22.42469976816544,65.78859167657573],[22.42506034713561,65.78983720151261],[22.42348125263196,65.7904555860867],[22.42358426342009,65.79081145137856],[22.41848614085375,65.79142097308767],[22.41794977024116,65.79108623343537],[22.416216053437605,65.7911707401375],[22.415679717320323,65.790835992167],[22.414812864422544,65.79087823502527],[22.41545209255348,65.79156885797823],[22.41246943764029,65.7918946199829],[22.41267517224514,65.79260636814531],[22.411808253920213,65.79264859455952],[22.412447448822853,65.79333923042648],[22.411095606345402,65.79322462903207],[22.410485773477525,65.79415653620626],[22.409185310178525,65.79421985614327],[22.40890606054841,65.79477477584037],[22.407605561405376,65.79483808265512],[22.40751932,65.79573066],[22.405261491470277,65.79585436308035],[22.405364276715062,65.79621024284889],[22.40421785196818,65.79680734130308],[22.40253507195049,65.79706963713616],[22.402204275717608,65.79744660522047],[22.40317413671608,65.79776031311664],[22.40052143241605,65.79770887945136],[22.39932347158234,65.79812800099926],[22.3995289030509,65.79883976980939],[22.39774324506451,65.79874612997718],[22.396927432292088,65.7989662170065],[22.397030117402995,65.79932210335488],[22.395729353833193,65.79938531146465],[22.39517016000601,65.80049510775889],[22.39213488318732,65.80064254065071],[22.392237510159564,65.80099843078477],[22.38790127525977,65.80120894856613],[22.38601294378453,65.8007592788248],[22.38379357003362,65.80068651622862],[22.383383553120858,65.79926292783065],[22.38419949524504,65.79904291198876],[22.38509019697903,65.79755621881037],[22.38736046936983,65.79670890745254],[22.371343255195093,65.79748617393719],[22.37073084637415,65.79807182233455],[22.371317926219113,65.79858468588358],[22.37011943628831,65.79900358314646],[22.37027291024682,65.79953744500358],[22.36869188345109,65.80015528069389],[22.368029206432343,65.80090907970754],[22.36866745360559,65.80159990803246],[22.367902442171665,65.80199779770857],[22.36805589164476,65.80253166202749],[22.366857166735787,65.80295053591881],[22.36667920260087,65.80386129822223],[22.36736864275764,65.80473008675938],[22.366603520443938,65.80512797098609],[22.366504518689954,65.80597777324039],[22.369278999999995,65.81563008999998],[22.35546796027198,65.81629738135425],[22.35328749721711,65.81695813991308],[22.353057898417333,65.81769093123248],[22.352241096938677,65.8179107887227],[22.352164700514756,65.81917746109951],[22.351296769151446,65.81921935327337],[22.350250206911777,65.8201719899803],[22.350275858539646,65.82179458518276],[22.352369516149977,65.82295653030896],[22.353722698408784,65.82307163929919],[22.354565583330604,65.82447436421113],[22.35331452603972,65.82471518374994],[22.35351894056762,65.82542702408281],[22.352318924568593,65.82584579610017],[22.352472221743746,65.8263796775048],[22.350889140315953,65.82699734834365],[22.350276376839727,65.8279290424948],[22.34639475989443,65.82974008098802],[22.346496893902433,65.8300960065145],[22.343380961242595,65.83150917963977],[22.34348306201184,65.83186510749717],[22.342231539356817,65.8321058406626],[22.340954075799193,65.83379120068693],[22.342205692306543,65.83355047709509],[22.341669389721964,65.83321546874369],[22.342818873135904,65.83261881136625],[22.343687272875282,65.8325769629167],[22.34309992293733,65.8320639957072],[22.344351435025903,65.83182325552619],[22.344453550711616,65.83217918259173],[22.34532193242513,65.83213732501916],[22.345858258623036,65.83247232031913],[22.3439425539403,65.83346678163758],[22.34263990888066,65.83352955507144],[22.34317623073423,65.83386455983016],[22.341975654746385,65.83428325589236],[22.34131136269418,65.83503695418423],[22.34039183789933,65.83490082490182],[22.340136662501894,65.83401099924217],[22.339906562314,65.83474377551947],[22.337556199870146,65.83575907518228],[22.33975254162164,65.83727711943793],[22.345500299919056,65.837361045954],[22.34437639047446,65.8365130893396],[22.343507859261663,65.83655494296282],[22.34465744429972,65.83595827078337],[22.344402108823772,65.835068453785],[22.34493848662651,65.83540345181872],[22.345806976183322,65.83536159045819],[22.345934762683882,65.83427288118394],[22.347569488721795,65.83383321859618],[22.349433982244594,65.8326607514094],[22.350353470965036,65.83279682659705],[22.350685460745183,65.8324199596425],[22.351553838398928,65.83237806667229],[22.351017441051013,65.83204309205647],[22.353188345942158,65.83193834602875],[22.352422212940922,65.83233616879404],[22.355410364965415,65.83201152846043],[22.35691747328598,65.83266048139973],[22.357070914616187,65.83319435679445],[22.356253662978762,65.83341424005918],[22.355666044560817,65.83290132375969],[22.355385259560194,65.83345616000021],[22.35732666573803,65.8340841486254],[22.361234534837624,65.8338954198123],[22.36200057389461,65.83349755374222],[22.363737354503456,65.83341363394074],[22.36524475300969,65.83406250191284],[22.366088659179606,65.83546515335418],[22.364785977968122,65.83552811602874],[22.362819603005736,65.83634485366507],[22.359447971915504,65.83686857143896],[22.35921840382102,65.83760137168342],[22.360086939616977,65.83755942867906],[22.36067475739019,65.83807232605098],[22.359474281826945,65.83849115869145],[22.35150368401385,65.83833455894037],[22.35096715838307,65.83799958538117],[22.34917891293109,65.83790540191782],[22.34762058780852,65.83707841169641],[22.34593457757041,65.83734011397972],[22.347824962835787,65.8377902600001],[22.34754396001341,65.83834508389378],[22.348412543757096,65.83830320681744],[22.348565849057948,65.83883709204443],[22.35068622179151,65.83855441442162],[22.353343101476682,65.83860667464064],[22.35344537387996,65.83896259418368],[22.355565699290494,65.83867984927798],[22.35566800278594,65.8390357670352],[22.35658775277216,65.83917180218464],[22.359678998256502,65.83920298785338],[22.361569753992903,65.83965296020621],[22.363792459220154,65.83972601410663],[22.363614205577434,65.84063677552301],[22.358887865993253,65.84104547423539],[22.357482541181675,65.84075246227157],[22.35830001204927,65.84053257033716],[22.35776335146568,65.84019762194552],[22.353701068513434,65.83985239260969],[22.351810430338944,65.83940232173588],[22.352576777722135,65.83900449999794],[22.350788457195584,65.83891033609704],[22.351427247786305,65.83960123124753],[22.352832442818872,65.83989430016011],[22.353420173317733,65.84040722627913],[22.354671986212388,65.84016639865267],[22.354774284446506,65.84052231705718],[22.355642927541894,65.84048039829797],[22.357636052219185,65.84128633641862],[22.362030538922326,65.84125456745183],[22.362184147931146,65.84178843608892],[22.36131547348296,65.84183039234496],[22.361852215092856,65.84216532747953],[22.36049798866241,65.84205030054927],[22.359680489686795,65.84227020451402],[22.360217219808007,65.84260514550276],[22.358914159823392,65.84266806171844],[22.36070276744128,65.84276212773516],[22.36129072251794,65.84327502141534],[22.363896882985845,65.84314913693738],[22.36461192486718,65.84257330018853],[22.3659149633047,65.84251033557757],[22.366144375497687,65.84177752677452],[22.36777921362867,65.84133764681926],[22.367625491760343,65.84080378489018],[22.368774690291698,65.84020693493105],[22.370077596647796,65.84014393607748],[22.370180107874123,65.84049984211555],[22.371636824201644,65.84097068847677],[22.372505449388765,65.84092867399977],[22.371663923829537,65.84259326601867],[22.36959472573426,65.8430541888155],[22.36606866192815,65.84304419944795],[22.364868048826676,65.84346307579106],[22.365277887725327,65.84488671546916],[22.364025951552627,65.84512763118501],[22.362978864906776,65.84608036009219],[22.363720624027323,65.84712711022492],[22.365995225951824,65.84737808109686],[22.366021998641592,65.84900066273632],[22.365204330586586,65.84922059787522],[22.362060655782837,65.84901157953283],[22.36241921905087,65.85025727131921],[22.3616014795558,65.85047718785961],[22.36137187352195,65.8512099916745],[22.35861127481126,65.85080196893266],[22.357413446141095,65.85089902391469],[22.35780783,65.85227034999998],[22.37953274,65.85122038],[22.38210105,65.86011780000001],[22.39636777646959,65.8594240799699]],[[22.53730724581933,65.77691787661684],[22.53865872190893,65.77703136272453],[22.538554190641136,65.77667559064795],[22.539853384759763,65.77661118025908],[22.540077347942,65.77587816606304],[22.54061495278292,65.77621246348258],[22.541481063321516,65.77616951293007],[22.541585632473314,65.77652528262429],[22.540719510204006,65.77656823388686],[22.54087635228871,65.77710188930087],[22.54001020924755,65.77714483673817],[22.53968168429749,65.77752207983565],[22.53654560533828,65.77731657758198],[22.53730724581933,65.77691787661684]],[[22.356712895744792,65.8319486471947],[22.35535923138135,65.8318335693266],[22.354771668622323,65.83132064905054],[22.353903332934756,65.83136255991684],[22.353801090480278,65.83100664038554],[22.354950190725983,65.83040989536771],[22.35479681332033,65.82987601722618],[22.3562015063805,65.83016905995486],[22.355613966968605,65.82965614269351],[22.359087047413617,65.82948843320901],[22.35972581046891,65.83017929393358],[22.358423378062064,65.83024219995606],[22.358959831594436,65.83057714802084],[22.35814267875686,65.83079704044971],[22.358781451191753,65.83148790503213],[22.359700943882054,65.83162392390078],[22.35952258466693,65.83253468157206],[22.357632394826535,65.83208467845701],[22.357785846860804,65.83261855303178],[22.35691747328598,65.83266048139973],[22.356712895744792,65.8319486471947]],[[22.348864829999997,65.74444653999998],[22.37049951,65.74339872],[22.37305184,65.75229644],[22.35140983,65.7533447],[22.348864829999997,65.74444653999998]],[[22.64615091669815,65.77058072765787],[22.64620390845794,65.7707585693214],[22.645771049865626,65.77078034076841],[22.64615091669815,65.77058072765787]],[[22.644958314047386,65.77100172217466],[22.645011298630223,65.77117956432537],[22.644578431768696,65.7712013324674],[22.644958314047386,65.77100172217466]],[[22.64062040802032,65.77266385486645],[22.643438749790015,65.7718001580169],[22.64477238043488,65.77480171338179],[22.64062040802032,65.77266385486645]],[[22.64409258537728,65.77104525687746],[22.64419854363298,65.77140094187205],[22.643332800032752,65.77144447240786],[22.64409258537728,65.77104525687746]],[[22.642043333198952,65.77006525169477],[22.641884451453897,65.76953172137613],[22.64275013384531,65.76948819968261],[22.64285606591778,65.76984388586874],[22.642043333198952,65.77006525169477]],[[22.642149258380815,65.77042093844274],[22.641928249633047,65.77115407225665],[22.641495380072723,65.77117583166768],[22.64133650143154,65.77064230074231],[22.642149258380815,65.77042093844274]],[[22.634632677852665,65.78650246412623],[22.634685629534893,65.78668031021405],[22.633819353854356,65.78672379202243],[22.634632677852665,65.78650246412623]],[[22.634588508634472,65.76863479390252],[22.63377573976825,65.76885611598948],[22.633669937675148,65.768500422196],[22.634588508634472,65.76863479390252]],[[22.631274701525776,65.77078672194695],[22.63138048188493,65.77114241762641],[22.630947601833856,65.77116414717901],[22.631274701525776,65.77078672194695]],[[22.622521657466176,65.76942085365417],[22.622954516811053,65.76939914824474],[22.623007345850063,65.76957699958912],[22.622521657466176,65.76942085365417]],[[22.624738786926727,65.76949016501761],[22.62571019828146,65.76980244085985],[22.626523068443145,65.76958116078322],[22.627220219453385,65.77044869214659],[22.629110322533084,65.77089535569795],[22.627431668313168,65.77116009017703],[22.627325942278787,65.7708043912141],[22.626460184503777,65.7708478260304],[22.625435875631737,65.77035770516618],[22.624137254501157,65.77042283928307],[22.625330181049613,65.77000200450635],[22.624464446146415,65.77004542775502],[22.623007345850063,65.76957699958912],[22.624738786926727,65.76949016501761]],[[22.62539312102235,65.76873533917298],[22.625445965227325,65.76891318951945],[22.625013116550356,65.7689349018998],[22.62539312102235,65.76873533917298]],[[22.62211409526889,65.78875483471938],[22.622811656775866,65.78962238226742],[22.621237457278674,65.79024276336958],[22.619071394818903,65.79035127134269],[22.61837393726256,65.78948370564484],[22.619948162202462,65.78886335385688],[22.62211409526889,65.78875483471938]],[[22.586958691039555,65.79177574892583],[22.58685342162408,65.79142001736311],[22.587772590157112,65.79155466535568],[22.58787787291261,65.7919103961518],[22.586958691039555,65.79177574892583]],[[22.58253317010085,65.7901914951685],[22.584318771703366,65.79028297203031],[22.58652541979251,65.79179735617069],[22.585225601254677,65.79186217056629],[22.585120355321276,65.79150643757427],[22.58257333684372,65.79181389877725],[22.58253317010085,65.7901914951685]],[[22.570506957013926,65.77923934259181],[22.57061194131412,65.779595088231],[22.569745774217566,65.7796382048763],[22.570506957013926,65.77923934259181]],[[22.562264747015867,65.78109329229088],[22.56470606395645,65.78043042779872],[22.56534900147609,65.78112038414756],[22.564849973828366,65.78240859786486],[22.56148973707222,65.78293666134026],[22.560951719668903,65.78260244163899],[22.561765564773037,65.78238149743994],[22.560794422141505,65.78206881140066],[22.562264747015867,65.78109329229088]],[[22.561072543412504,65.77555758640258],[22.562476467387892,65.77584873783037],[22.561610409692925,65.77589180716336],[22.561715254979333,65.77624756029792],[22.56019275979139,65.7770451945262],[22.55802749774765,65.77715282735579],[22.557370971192498,65.77790738530754],[22.555415160559733,65.77872649542994],[22.55449661231088,65.7785916462866],[22.554339477671647,65.77805800778856],[22.55260717816357,65.77814405088104],[22.551583948945872,65.77765342316162],[22.55132217368898,65.7767640194305],[22.55447234018928,65.77552466783318],[22.555338399884107,65.77548163904092],[22.55587619122728,65.7758158807777],[22.55798895548997,65.77553040143273],[22.55863158441463,65.77622038914852],[22.561072543412504,65.77555758640258]],[[22.560466145964508,65.78244609682385],[22.560571007504,65.78280185059475],[22.56013786044135,65.78282338163316],[22.559599862777947,65.78248915696584],[22.560466145964508,65.78244609682385]],[[22.55928803354774,65.77546582653903],[22.557451143325633,65.77519616735736],[22.55869780629849,65.77495371939582],[22.55928803354774,65.77546582653903]],[[22.550693994141938,65.77462944785294],[22.55074633806663,65.77480732895913],[22.55031331532817,65.77482883085332],[22.550693994141938,65.77462944785294]],[[22.549389930531216,65.78065003818146],[22.549442280154114,65.78082791968343],[22.549009155069893,65.78084941888459],[22.549389930531216,65.78065003818146]],[[22.54750042826212,65.78020238014582],[22.547933543996677,65.78018088532383],[22.547985882434613,65.78035876743606],[22.54750042826212,65.78020238014582]],[[22.54747156397102,65.78309148536317],[22.547523906324294,65.78326936759736],[22.547090738330034,65.78329086177183],[22.54747156397102,65.78309148536317]],[[22.546363760326116,65.77484441000858],[22.54679678728231,65.77482291929398],[22.546901423148586,65.77517868467905],[22.546363760326116,65.77484441000858]],[[22.546901423148586,65.77517868467905],[22.54738677723166,65.77533507486307],[22.546953742273143,65.77535656733306],[22.546901423148586,65.77517868467905]],[[22.545759255669996,65.77577680370493],[22.545811568380294,65.7759546868148],[22.545378521447695,65.77597617492772],[22.545759255669996,65.77577680370493]],[[22.545401713230017,65.7790431654827],[22.545454031439228,65.77922104866312],[22.545020929332164,65.7792425363055],[22.545401713230017,65.7790431654827]],[[22.543250888550485,65.77770603595391],[22.543198589221692,65.77752815183194],[22.543631664380534,65.77750666963364],[22.543250888550485,65.77770603595391]],[[22.54030129956792,65.77514515165399],[22.540353573119663,65.77532303702286],[22.53948748873188,65.77536598091017],[22.54030129956792,65.77514515165399]],[[22.537859824728287,65.77580762680493],[22.53727001085203,65.7752954326231],[22.539106710895577,65.77556533689575],[22.537859824728287,65.77580762680493]],[[22.53688921652523,65.77549478323138],[22.536993719088787,65.77585055673157],[22.53656066507907,65.77587201986103],[22.536023119443055,65.77553770755809],[22.53688921652523,65.77549478323138]],[[22.532177861941175,65.7759086952251],[22.532610920948763,65.77588724449889],[22.532663143299924,65.77606513300988],[22.532177861941175,65.7759086952251]],[[22.532663143299924,65.77606513300988],[22.533200657394154,65.77639945747418],[22.53276759038089,65.77642090995501],[22.532663143299924,65.77606513300988]],[[22.532282301570692,65.7762644725761],[22.53141616944565,65.77630737106995],[22.53136395510026,65.77612948205265],[22.532282301570692,65.7762644725761]],[[22.531468384583814,65.77648526006166],[22.531520600514742,65.77666314902777],[22.531087527397098,65.77668459679533],[22.531468384583814,65.77648526006166]],[[22.53090014363699,65.77904004980654],[22.5313332564735,65.77901860217945],[22.53138547763793,65.77919649114172],[22.53090014363699,65.77904004980654]],[[22.52960080037027,65.7791043853509],[22.530033915585335,65.77908294139226],[22.530086127948792,65.77926083088639],[22.52960080037027,65.7791043853509]],[[22.530086127948792,65.77926083088639],[22.53100458089148,65.77939582806002],[22.530138341105072,65.77943872035495],[22.530086127948792,65.77926083088639]],[[22.528129327983216,65.78007960060394],[22.52856246103831,65.78005816065028],[22.52861466563032,65.78023605072556],[22.528129327983216,65.78007960060394]],[[22.52861466563032,65.78023605072556],[22.529100009145406,65.78039249924421],[22.52866687101507,65.78041394077523],[22.52861466563032,65.78023605072556]],[[22.526250596082367,65.77367553447522],[22.526094081436938,65.77314186080162],[22.527878333824443,65.77323401183743],[22.527982701172103,65.77358979284352],[22.526250596082367,65.77367553447522]],[[22.527748392859493,65.7802789297645],[22.527800592376185,65.78045682016868],[22.52736745186772,65.78047825803107],[22.527748392859493,65.7802789297645]],[[22.52678797646508,65.77400988286793],[22.527221008998467,65.77398844771689],[22.527273189580196,65.7741663384848],[22.52678797646508,65.77400988286793]],[[22.526892332555693,65.7743656647325],[22.525645383043315,65.77460785533876],[22.525055838410637,65.77409561124668],[22.526892332555693,65.7743656647325]],[[22.520115857165177,65.77073055826534],[22.52027223063015,65.77126423946365],[22.519839236860765,65.7712856544895],[22.520115857165177,65.77073055826534]],[[22.51892113046467,65.77115058663571],[22.519025364223115,65.77150637508663],[22.518592365148102,65.77152778662217],[22.518055143251672,65.77119340777651],[22.51892113046467,65.77115058663571]],[[22.51616363899216,65.80972724069653],[22.516874338167366,65.80915073504785],[22.517725574947036,65.81055247352853],[22.51619971832093,65.81134970130333],[22.51489870178241,65.81141392797193],[22.51392699433572,65.81110094895392],[22.51453341755422,65.8101686626484],[22.51616363899216,65.80972724069653]],[[22.51482671726371,65.80816900443486],[22.516127570187017,65.80810477998504],[22.516231945105922,65.80846056899553],[22.515364698851418,65.80850338722857],[22.51482671726371,65.80816900443486]],[[22.515440905992083,65.77276640919298],[22.51376089078754,65.77302990457083],[22.513656722195584,65.7726741118772],[22.515717635672495,65.7722113198738],[22.515440905992083,65.77276640919298]],[[22.511148826873434,65.77911444144854],[22.511096745419813,65.77893654418726],[22.511529876288197,65.77891515265102],[22.511148826873434,65.77911444144854]],[[22.503086606580467,65.81614728779643],[22.503138723164476,65.81632518746494],[22.502704954977883,65.81634656140591],[22.503086606580467,65.81614728779643]],[[22.49540010710306,65.8154430585863],[22.495243926490023,65.81490934995162],[22.49324868656331,65.81410522955198],[22.4987139157053,65.8147384950798],[22.502062747967233,65.81565633387955],[22.50265284133761,65.8161686615605],[22.500536102158414,65.81645341273403],[22.499564370209328,65.8161403424968],[22.49734344237046,65.81606924715847],[22.49540010710306,65.8154430585863]],[[22.497980642287327,65.77164323606992],[22.49803261564778,65.77182113886786],[22.497599590378712,65.77184249101549],[22.497980642287327,65.77164323606992]],[[22.497651561595433,65.77202039396457],[22.49721853260461,65.77204174506609],[22.49716656432065,65.77186384194057],[22.497651561595433,65.77202039396457]],[[22.482251120335405,65.80959312521489],[22.48051641299236,65.80967837254803],[22.480308640792654,65.8089667361435],[22.478314329263192,65.80816241145516],[22.47833257965868,65.80671782867496],[22.4793738222359,65.80576436730558],[22.478854589112284,65.80398526995963],[22.48097056692417,65.803700826953],[22.48247907026411,65.8043485260805],[22.482582962372856,65.80470434277916],[22.481715775468583,65.80474696916923],[22.481386058450603,65.80512409818274],[22.481541880799966,65.8056578244757],[22.486033856408202,65.80597836774136],[22.487057018624792,65.80646943597141],[22.48792425286492,65.80642677875856],[22.489346728146206,65.80527401679171],[22.494341702947704,65.80430631065043],[22.496197328132446,65.80313214069669],[22.496023955276417,65.8040430073822],[22.494393730389284,65.80448421417078],[22.494653879460113,65.80537373139117],[22.496700516366403,65.80635574230749],[22.496579195984427,65.80744451210167],[22.493699894841093,65.80812767491437],[22.493370314720902,65.8085048284856],[22.489901122397416,65.8086755540783],[22.488912165454888,65.8098069901549],[22.48917218988521,65.81069651794631],[22.487055737833412,65.81098107933929],[22.486396303114102,65.81173535974668],[22.484453560574888,65.81110902601036],[22.48370804178758,65.81006290018705],[22.482251120335405,65.80959312521489]],[[22.49072018895468,65.78589678429924],[22.493163863679413,65.78523504278083],[22.49533012818776,65.78512832157509],[22.496075334712227,65.78617439361558],[22.49373561091362,65.78719199031063],[22.493839575220516,65.78754779862224],[22.492435745831305,65.78725601417707],[22.491846550593184,65.7867436382432],[22.49049474442376,65.78662974033413],[22.49072018895468,65.78589678429924]],[[22.488604565389625,65.79069298975638],[22.48806731244357,65.79035850552131],[22.489367346929285,65.79029451723524],[22.490026180454514,65.78954022989753],[22.491378138523995,65.78965413047253],[22.491482082241212,65.79000994059471],[22.490615407142723,65.79005261255989],[22.490337963468903,65.79060766328794],[22.489089873879312,65.79084956598038],[22.48919379181905,65.79120537791533],[22.48735645457694,65.79093487846961],[22.488604565389625,65.79069298975638]],[[22.462481434143797,65.80514976102049],[22.464701349128706,65.805221373536],[22.464008630891538,65.80435305759852],[22.464875839706636,65.80431053164476],[22.464772193963142,65.8039547004991],[22.4655875602868,65.80373425509177],[22.465276611389825,65.80266676300865],[22.46328325921503,65.80186223253176],[22.463787716536388,65.800574299578],[22.46488108107924,65.7997988501449],[22.465748134957312,65.79975632074282],[22.468368109870607,65.79818411592007],[22.469668597670296,65.79812029114638],[22.471576789050992,65.79712432741601],[22.474888948116263,65.79642029737504],[22.47473333059858,65.79588656229713],[22.47771558496723,65.79555958662445],[22.478045241762658,65.79518246613722],[22.478912114275108,65.79513986368295],[22.478374889167156,65.7948053450294],[22.47967517675284,65.79474143689708],[22.479086052757577,65.79422901096022],[22.47984908627731,65.7938305835878],[22.48114932031638,65.79376666341096],[22.483923526827343,65.79272793352321],[22.486575797428998,65.79277792099467],[22.48716503407598,65.79329031689407],[22.485968727565453,65.79371010239763],[22.485795035805403,65.79462096055109],[22.484650583393563,65.79521864384205],[22.484910283938166,65.79610818203729],[22.48317649448386,65.79619345063676],[22.482465371912813,65.79676980337894],[22.481598451658417,65.79681242649556],[22.481702295106697,65.79716824426532],[22.483436155974708,65.79708299172506],[22.48504821608447,65.79808648476128],[22.488134517894874,65.79811511879677],[22.489330988858864,65.79769531469168],[22.490301889624057,65.79800845819686],[22.490995305625773,65.79887664785663],[22.490665796213143,65.79925379488776],[22.487249793641237,65.79960235359177],[22.486364971706006,65.80108958421366],[22.481648047085105,65.80150198884097],[22.481751913930488,65.8018578063508],[22.480884821140304,65.80190042709805],[22.481110649159092,65.80116748151036],[22.47975812281206,65.80105349545691],[22.480573265363017,65.80083297214875],[22.48112876021499,65.79972289977141],[22.475596833993055,65.80035564218485],[22.47330689795692,65.80155085718681],[22.472751028706476,65.80266090472898],[22.4718838910196,65.80270347475313],[22.47283621057492,65.80446131464686],[22.471742899161217,65.80523682057877],[22.47210603160798,65.80648220906966],[22.469207398352953,65.80860950222288],[22.469952285223727,65.80965570502579],[22.471894572957655,65.81028222780154],[22.47258772708975,65.81115050368186],[22.473558947904426,65.81146375063716],[22.47279530719761,65.8118621524698],[22.472951000564045,65.81239588879505],[22.472083535633868,65.81243846314602],[22.472064948368793,65.81388304846644],[22.4708155600533,65.81412481426983],[22.471023120011584,65.81483646566687],[22.468401670811566,65.81640873047255],[22.468175370263037,65.81714166185175],[22.46671831534015,65.81667173987965],[22.465850694039926,65.8167142803227],[22.46722284763588,65.81538379482174],[22.465836702575412,65.81364718958352],[22.464431733110303,65.81335515844867],[22.463356878978697,65.81268602117385],[22.46248938523645,65.81272854126723],[22.462333906183154,65.81219479218872],[22.460184462631258,65.81085647794579],[22.459265223386573,65.81072106179998],[22.460080850024525,65.8105006432894],[22.459925437022147,65.80996689111555],[22.46079284287146,65.80992438645272],[22.459770031108615,65.80943313871464],[22.461886680563637,65.80914895387052],[22.462164918733286,65.80859394719279],[22.46336230366382,65.80817433791013],[22.463329575875832,65.80655183265347],[22.46085054374477,65.80559061581184],[22.459601443289753,65.8058322870001],[22.459705026716207,65.80618812226489],[22.45705139606997,65.8061376807217],[22.455141982209597,65.80713347461858],[22.452158080641823,65.80746002491603],[22.45162093155489,65.80712541130606],[22.451465718239348,65.80659164857968],[22.455336369504458,65.80477804770133],[22.457122618069718,65.80487100757264],[22.457019076660362,65.80451517014622],[22.45831991767115,65.80445143869179],[22.460746947389133,65.80523478145082],[22.461614192341475,65.80519227368514],[22.46151058736725,65.80483643992669],[22.462481434143797,65.80514976102049]],[[22.490771311015102,65.79058632861152],[22.49082328055162,65.79076423391129],[22.49038993006776,65.79078556876416],[22.490771311015102,65.79058632861152]],[[22.486851882434227,65.79673452113028],[22.487285336423746,65.79671319531833],[22.487337296754497,65.79689110189791],[22.486851882434227,65.79673452113028]],[[22.487337296754497,65.79689110189791],[22.487822716953357,65.79704768106316],[22.487389257874838,65.79706900845207],[22.487337296754497,65.79689110189791]],[[22.48636647399252,65.79657793876038],[22.486418427655167,65.7967558457181],[22.48598497208661,65.79677716908186],[22.48636647399252,65.79657793876038]],[[22.47318459636721,65.80263961788013],[22.473236473733042,65.80281753007105],[22.472802903131154,65.80283881709606],[22.47318459636721,65.80263961788013]],[[22.4689804657027,65.77613820443602],[22.469413591472573,65.7761169326209],[22.469465378735496,65.77629484696868],[22.4689804657027,65.77613820443602]],[[22.469465378735496,65.77629484696868],[22.469950297637535,65.77645148790126],[22.4695171667848,65.77647276129117],[22.469465378735496,65.77629484696868]],[[22.46899455255055,65.77920529384407],[22.46769501611945,65.7792691035811],[22.467643233884314,65.77909118858217],[22.468457799101344,65.77887073565994],[22.46899455255055,65.77920529384407]],[[22.468716743563355,65.77976030876971],[22.46882032685383,65.78011613783684],[22.468387133365944,65.78013740862855],[22.468716743563355,65.77976030876971]],[[22.46860918619785,65.81712038558776],[22.46866106701694,65.81729829930335],[22.468227248137193,65.81731957574348],[22.46860918619785,65.81712038558776]],[[22.46843892325541,65.78031532330012],[22.468005726045334,65.78033659304442],[22.467953939091515,65.78015867819695],[22.46843892325541,65.78031532330012]],[[22.464978784920017,65.77597376344761],[22.46503054126417,65.77615167960403],[22.46416427908533,65.7761941971987],[22.464978784920017,65.77597376344761]],[[22.461720677001928,65.77685547316447],[22.464371288842838,65.77690586297828],[22.463815503034866,65.7780158771083],[22.46294917586943,65.778058388433],[22.461856638234337,65.77883381593749],[22.460557099296242,65.77889756485025],[22.459968732870475,65.77838505770244],[22.460783344204447,65.77816464533902],[22.46067988115647,65.77780880963934],[22.461927625749897,65.7775671428589],[22.461720677001928,65.77685547316447]],[[22.462361055453055,65.81832898241045],[22.462412896038497,65.81850689864068],[22.46154520437655,65.81854941529267],[22.462361055453055,65.81832898241045]],[[22.461422364413846,65.81963817179914],[22.461474201681806,65.81981608838059],[22.46104033326045,65.81983734487461],[22.461422364413846,65.81963817179914]],[[22.461025172805023,65.80467977697722],[22.460539764126743,65.80452311242601],[22.461406985542915,65.80448060606733],[22.461025172805023,65.80467977697722]],[[22.458540741835957,65.82032069365171],[22.46076196291027,65.8203923507917],[22.46086563275879,65.82074818443128],[22.458955316001386,65.82174403484427],[22.456785791115767,65.82185027095747],[22.45520555578521,65.82246899506505],[22.452550245270285,65.82241849157558],[22.452291343604625,65.82152889058196],[22.458540741835957,65.82032069365171]],[[22.439399008920866,65.82865537687597],[22.438148586825626,65.8288968852415],[22.438045191542873,65.82854103353188],[22.439399008920866,65.82865537687597]],[[22.42700060815161,65.72063175990318],[22.427051970146035,65.72080969277353],[22.426619728621628,65.72083083558307],[22.42700060815161,65.72063175990318]],[[22.42571207069942,65.78601603168508],[22.425763580431397,65.78619396354452],[22.425330242307165,65.78621511339021],[22.42571207069942,65.78601603168508]],[[22.425651232903007,65.80857476476316],[22.425702796428773,65.80875269611919],[22.42526907891291,65.80877384947227],[22.425651232903007,65.80857476476316]],[[22.424493740257123,65.78787994749003],[22.42454524606036,65.78805787979894],[22.424111875420472,65.78807902649807],[22.424493740257123,65.78787994749003]],[[22.42376171936519,65.80812557380538],[22.4238648189457,65.80848143804299],[22.422512130953354,65.80836694604292],[22.42376171936519,65.80812557380538]],[[22.421780644016366,65.84683750284742],[22.423290285538098,65.84748577600868],[22.422524809742637,65.84788394391482],[22.421656048158084,65.847926244133],[22.421118413081494,65.84759152787001],[22.419432515308884,65.84785404024409],[22.41966043299667,65.84712116569638],[22.421780644016366,65.84683750284742]],[[22.420815909243768,65.81314120220985],[22.420867450359655,65.81331913541582],[22.41999985125283,65.81336141498929],[22.420815909243768,65.81314120220985]],[[22.411919503263377,65.81736379387704],[22.413221126862915,65.8173004393973],[22.41311813190489,65.81694456696303],[22.414368225633194,65.81670326677074],[22.41421371490434,65.81616945943088],[22.415360741177192,65.81557228004502],[22.416228423894566,65.81553002603603],[22.416073883076795,65.81499622086979],[22.41982372368046,65.8142722212173],[22.419316824516706,65.81556003217825],[22.420721426710596,65.81585248214634],[22.41941989845657,65.81591589966482],[22.41875834275234,65.81666990795523],[22.417456767387925,65.81673330918869],[22.416743610884513,65.81730937496569],[22.41549351141779,65.81755069466826],[22.416288028115062,65.81877511261602],[22.4145009303247,65.81868168288862],[22.41368464295012,65.81890186411503],[22.413787655142794,65.81925773599977],[22.412537432731995,65.8194990326792],[22.412691932724304,65.82003284181785],[22.410956246814933,65.82011730778625],[22.41041935207263,65.81978254673105],[22.411919503263377,65.81736379387704]],[[22.41931650711623,65.85200992612126],[22.41936813146325,65.85218785902491],[22.41849921824542,65.85223014275272],[22.41931650711623,65.85200992612126]],[[22.416127960596516,65.82582021883294],[22.416488751618424,65.82706576194533],[22.414370098307923,65.82734933634929],[22.413700269888725,65.82503617283255],[22.4163042751696,65.82490941507247],[22.41689289925142,65.82542208815364],[22.416127960596516,65.82582021883294]],[[22.415300612449972,65.71957963409425],[22.41486837992471,65.71960074343589],[22.414817104599056,65.71942280560808],[22.415300612449972,65.71957963409425]],[[22.413607881536265,65.78823030668237],[22.413556450770702,65.7880523699537],[22.41398983136125,65.7880312531559],[22.413607881536265,65.78823030668237]],[[22.413593528929333,65.79274207346259],[22.41364497119683,65.79292001006648],[22.413211508107885,65.79294112668383],[22.413593528929333,65.79274207346259]],[[22.41336583077972,65.79347493686984],[22.413417273233815,65.79365287354864],[22.412983797601452,65.79367398964038],[22.41336583077972,65.79347493686984]],[[22.41288091935597,65.79331811590849],[22.412932358087854,65.79349605278692],[22.412498884614273,65.79351716747956],[22.41288091935597,65.79331811590849]],[[22.41168336601418,65.79373733056919],[22.4117347974878,65.79391526792172],[22.411301315788187,65.79393637929049],[22.41168336601418,65.79373733056919]],[[22.408918930530547,65.82220128744363],[22.409352890305072,65.82218017822345],[22.409404373958726,65.8223581158519],[22.408918930530547,65.82220128744363]],[[22.409404373958726,65.8223581158519],[22.409889823282576,65.82251494265955],[22.40945585839563,65.8225360534554],[22.409404373958726,65.8223581158519]],[[22.408764493112177,65.82166747388415],[22.408867450607918,65.82202334961543],[22.40843349299799,65.82204445743476],[22.408764493112177,65.82166747388415]],[[22.407821295081092,65.71795989092946],[22.40825350711581,65.7179388018055],[22.40830473376929,65.71811674232029],[22.407821295081092,65.71795989092946]],[[22.40830473376929,65.71811674232029],[22.40878817830102,65.71827359211798],[22.408355961199042,65.71829468281021],[22.40830473376929,65.71811674232029]],[[22.40858792627197,65.82257827136887],[22.40863940559632,65.82275620929697],[22.408205435411734,65.82277731658937],[22.40858792627197,65.82257827136887]],[[22.40735969894236,65.82137491573572],[22.40779364632762,65.82135381106752],[22.40784511722236,65.82153174934507],[22.40735969894236,65.82137491573572]],[[22.40784511722236,65.82153174934507],[22.408330541397717,65.82168858135394],[22.40789658890016,65.82170968759769],[22.40784511722236,65.82153174934507]],[[22.40534431224621,65.82201423858928],[22.4057782723893,65.82199313952711],[22.40582973089411,65.82217107860352],[22.40534431224621,65.82201423858928]],[[22.40582973089411,65.82217107860352],[22.40761704650797,65.8222646077478],[22.408153959035346,65.82259937848647],[22.407337492693134,65.82281952749584],[22.40582973089411,65.82217107860352]],[[22.407109398119527,65.82355238536923],[22.407160869567317,65.8237303238717],[22.406726881509627,65.82375142713342],[22.407109398119527,65.82355238536923]],[[22.406208998243123,65.79761266460841],[22.40518771223726,65.79712103640405],[22.406973279112414,65.79721458997575],[22.40707609450563,65.79757046829829],[22.406208998243123,65.79761266460841]],[[22.406189962349252,65.8234166514401],[22.406241427117557,65.82359459031701],[22.40580744044202,65.82361569095166],[22.406189962349252,65.8234166514401]],[[22.404426256680782,65.85688397306932],[22.404477789729754,65.8570619118758],[22.404043236458833,65.85708301294787],[22.404426256680782,65.85688397306932]],[[22.399573451933076,65.78223722857511],[22.398655542548095,65.78210143451014],[22.399522132325615,65.78205928603914],[22.399573451933076,65.78223722857511]],[[22.399852783292967,65.78168232516998],[22.400719356641346,65.78164017005332],[22.40038871898485,65.78201713267285],[22.399522132325615,65.78205928603914],[22.399852783292967,65.78168232516998]],[[22.397207311960273,65.78469799459032],[22.39628932570019,65.78456218702502],[22.394863723107274,65.78571411056788],[22.392212270836932,65.78566252028956],[22.39195589350807,65.78477279292207],[22.392948251361414,65.78364195347945],[22.394527688973955,65.78302388179304],[22.39442511637797,65.78266799266352],[22.395343025279523,65.7828038122015],[22.39870685627953,65.78227937739467],[22.399345428969525,65.78297007418917],[22.398427494340492,65.78283427899599],[22.398404695361883,65.78427889524197],[22.397207311960273,65.78469799459032]],[[22.399291449461174,65.820864881755],[22.399342860436665,65.82104282347571],[22.39890890997369,65.82106390415055],[22.399291449461174,65.820864881755]],[[22.383696616048315,65.82324557634549],[22.383594000546196,65.82288968037244],[22.38446199232941,65.82284760398738],[22.383696616048315,65.82324557634549]],[[22.382418213251313,65.82186406124741],[22.381167556048517,65.82210510515402],[22.38101369458484,65.82157125802358],[22.381932939267667,65.82170714540774],[22.381779064795438,65.8211732991734],[22.38330973445866,65.82037737064128],[22.383538487168984,65.81964454203462],[22.385656874458874,65.81936139804255],[22.385554250467795,65.81900550346616],[22.389025659860014,65.81883712910808],[22.39004752998591,65.81932885985742],[22.39188595627323,65.8196005209011],[22.396173862752665,65.81921191731841],[22.397578415662355,65.8195045807269],[22.397681208197692,65.81986046558896],[22.399034406315153,65.819975172778],[22.39837214935081,65.82072909943484],[22.393318853287678,65.82151578548927],[22.389795769656097,65.82150631509619],[22.388596541231696,65.82192536460819],[22.38686063295112,65.82200955873412],[22.386095318764387,65.82240754252075],[22.3866832861254,65.82292033834456],[22.38446199232941,65.82284760398738],[22.382418213251313,65.82186406124741]],[[22.39880609470034,65.82070802033515],[22.398857501945976,65.82088596225529],[22.3984235536487,65.82090704152952],[22.39880609470034,65.82070802033515]],[[22.39434580504925,65.83878798673132],[22.395802852541365,65.83925859942391],[22.395882907231233,65.84105910062509],[22.394351437788746,65.84185516287641],[22.392179898052817,65.84196050014786],[22.390774160000806,65.84166779847186],[22.390311577062707,65.84006629534004],[22.39092314237387,65.83913445222858],[22.39434580504925,65.83878798673132]],[[22.392799891616026,65.81666916338834],[22.393233774046852,65.81664810073518],[22.39328513306019,65.81682604499717],[22.392799891616026,65.81666916338834]],[[22.39328513306019,65.81682604499717],[22.39377038039812,65.81698292500653],[22.393336492854765,65.81700398923431],[22.39328513306019,65.81682604499717]],[[22.392287032911128,65.85909689444928],[22.390114026683097,65.85920221643045],[22.39164663549547,65.85840618575025],[22.392515810407403,65.85836405221353],[22.392287032911128,65.85909689444928]],[[22.384852402168907,65.84556355151577],[22.3825264404818,65.84513491354663],[22.38237238531344,65.84460106967232],[22.383138400648225,65.84420309783148],[22.386127502879408,65.84387784737591],[22.386230254023864,65.84423374032728],[22.38952770872428,65.84497610083073],[22.390144576427947,65.84711144030454],[22.387052375844025,65.84708088035987],[22.384852402168907,65.84556355151577]],[[22.388889956171226,65.78023039058627],[22.389425720086688,65.78056523828363],[22.38769259813928,65.780649414971],[22.387538898853247,65.78011557281013],[22.39003602667087,65.77963341075962],[22.389756502280097,65.78018829804358],[22.388889956171226,65.78023039058627]],[[22.372738662824403,65.72706515098362],[22.373171061342727,65.7270441597001],[22.373222068353517,65.72722211413722],[22.372738662824403,65.72706515098362]],[[22.374366223006977,65.72662527061617],[22.374162173784956,65.72591345450341],[22.378002510138046,65.72554650188486],[22.378765162583203,65.72514858434427],[22.37823072739573,65.72481368627342],[22.37952779163389,65.72475066320955],[22.380113291813,65.7252635082893],[22.380978013434092,65.72522148332772],[22.381308256777523,65.72484456660877],[22.38395343864159,65.7248964073603],[22.383725383849896,65.72562922996856],[22.385863559640576,65.72696872956736],[22.384896614885754,65.72665488332834],[22.384031853011482,65.72669693094522],[22.384134015593244,65.72705283107287],[22.381921001056167,65.72697997956789],[22.381362601336658,65.72808971766752],[22.380014318738365,65.72797480628086],[22.379251604862358,65.728372730676],[22.37945581750156,65.72908453837037],[22.378107490171562,65.72896961052864],[22.37647985045281,65.7294095316719],[22.375029468438978,65.72893867025478],[22.373299750298713,65.72902265034124],[22.373222068353517,65.72722211413722],[22.374366223006977,65.72662527061617]],[[22.38502247286049,65.72556615983653],[22.385073557891264,65.72574410954041],[22.384641192737774,65.72576513431206],[22.38502247286049,65.72556615983653]],[[22.381331669794427,65.74631496119797],[22.38138277876835,65.74649291190082],[22.38095006289771,65.7465139295953],[22.381331669794427,65.74631496119797]],[[22.37957366186116,65.74477644796796],[22.380108543039714,65.74511133697413],[22.38097392868579,65.74506930558508],[22.380847851584267,65.74615802781753],[22.37911700378548,65.74624208498739],[22.37878647191555,65.74661899973891],[22.377921030096623,65.74666101924285],[22.377641560496663,65.74721588380939],[22.37509622718244,65.74751986199378],[22.374789830036327,65.74645214237766],[22.37957366186116,65.74477644796796]],[[22.37885173442322,65.68111899986168],[22.379079607662298,65.68038618626936],[22.380374446091867,65.68032317769503],[22.37971498566163,65.68107699641472],[22.37885173442322,65.68111899986168]],[[22.37012612503744,65.83725468440433],[22.371863127352274,65.83717067006974],[22.37255370082326,65.83803942421729],[22.370101859888166,65.83869931025464],[22.3682622695755,65.83842739803592],[22.37012612503744,65.83725468440433]],[[22.37244701036396,65.67096555503394],[22.372497879600164,65.67114351107897],[22.372066412660235,65.6711644913685],[22.37244701036396,65.67096555503394]],[[22.362083296311308,65.734257857124],[22.36213424414036,65.73443581584569],[22.3617017112465,65.73445677707834],[22.362083296311308,65.734257857124]],[[22.36093069138219,65.83896211008195],[22.360981880518555,65.83914006681407],[22.360547587210508,65.83916104172118],[22.36093069138219,65.83896211008195]],[[22.360709740875677,65.73558740941557],[22.360811624704397,65.73594332787447],[22.36037906530201,65.73596428560637],[22.360709740875677,65.73558740941557]],[[22.360211115820672,65.830336280053],[22.360262279372748,65.8305142372756],[22.359828130891966,65.83053520875085],[22.360211115820672,65.830336280053]],[[22.35972462346363,65.76125582376926],[22.360157607078182,65.76123486379231],[22.360259605037037,65.7615907814916],[22.35972462346363,65.76125582376926]],[[22.358043665187658,65.76151761117603],[22.359877612761487,65.76178970080097],[22.358196621600204,65.76205149021261],[22.358043665187658,65.76151761117603]],[[22.35975067889147,65.82873466393876],[22.359801835435864,65.82891262138355],[22.35893359081452,65.8289545599806],[22.35975067889147,65.82873466393876]],[[22.359576638483333,65.8388470733218],[22.35962781798031,65.83902503059994],[22.359193525287864,65.83904600165124],[22.359576638483333,65.8388470733218]],[[22.358648819967645,65.73604810431938],[22.358750677610942,65.73640402441058],[22.358318108491137,65.7364249763813],[22.358648819967645,65.73604810431938]],[[22.357783470479585,65.82648411367128],[22.357834608053388,65.82666207195797],[22.357400522154524,65.82668303593209],[22.357783470479585,65.82648411367128]],[[22.357354018046014,65.8387739572646],[22.357405181996928,65.83895191543611],[22.35697088836254,65.83897288017693],[22.357354018046014,65.8387739572646]],[[22.356997051397826,65.84059546925006],[22.356945886343144,65.84041751095326],[22.35738020438556,65.84039654605013],[22.356997051397826,65.84059546925006]],[[22.355591772127703,65.84030243945539],[22.356026089553232,65.84028147840827],[22.356077247921267,65.84045943707719],[22.355591772127703,65.84030243945539]],[[22.350429959063376,65.83153015430393],[22.35168137324148,65.83128935498986],[22.35221776281031,65.83162432734893],[22.35096633776281,65.83186513116223],[22.350429959063376,65.83153015430393]],[[22.35196221765095,65.83073452498793],[22.353647732634112,65.83047276090367],[22.352983878421657,65.83122650577486],[22.35168137324148,65.83128935498986],[22.35196221765095,65.83073452498793]],[[22.353433048141053,65.71013898459168],[22.353483879367936,65.71031694734937],[22.353051741078584,65.7103378801801],[22.353433048141053,65.71013898459168]],[[22.353034994134727,65.83140446587532],[22.35308611062582,65.83158242595111],[22.352651937107062,65.8316033772635],[22.353034994134727,65.83140446587532]],[[22.349975943636533,65.71030641169463],[22.350306465148645,65.7099295595697],[22.352517952020573,65.71000288555987],[22.350941852549987,65.71062048980276],[22.349975943636533,65.71030641169463]],[[22.345807189980846,65.83229435736803],[22.34550079445119,65.83122657914451],[22.346420211863954,65.83136267869573],[22.346267004549773,65.83082879036591],[22.34795258731277,65.83056708849584],[22.34736520134977,65.83005413803282],[22.348233505687702,65.83001226464354],[22.34856549316843,65.82963540231638],[22.349484868311173,65.82977148382105],[22.349331608818854,65.82923759906271],[22.351119249138605,65.82933178653136],[22.351451185670513,65.82895491841742],[22.35231944494453,65.8289130222257],[22.35165558912931,65.82966676134137],[22.350889497725777,65.83006457602198],[22.34997010503395,65.82992850314223],[22.34968922518675,65.83048332982064],[22.348769823322545,65.83034724980222],[22.348923079101983,65.83088113515795],[22.348054746803527,65.8309230127355],[22.345807189980846,65.83229435736803]],[[22.35223828542263,65.71055770543289],[22.35228910942566,65.71073566865974],[22.351424815771008,65.71077752647184],[22.35223828542263,65.71055770543289]],[[22.35193111559333,65.74016226811173],[22.35203290025151,65.74051819339776],[22.351600255739413,65.74053912701197],[22.351065837512564,65.74020413342673],[22.35193111559333,65.74016226811173]],[[22.346650100743943,65.83062989461942],[22.346599031019483,65.8304519319424],[22.347033191034864,65.83043099796821],[22.346650100743943,65.83062989461942]],[[22.34560268014317,65.83464973869424],[22.34565375298696,65.83482770167215],[22.345219517455654,65.83484863244578],[22.34560268014317,65.83464973869424]],[[22.345018112150203,65.71289187527229],[22.345068892028095,65.71306984133713],[22.344636699590463,65.71309075078965],[22.345018112150203,65.71289187527229]],[[22.34227268109895,65.71248341120065],[22.34130680352255,65.71216927775134],[22.343950643909338,65.71222182672683],[22.34227268109895,65.71248341120065]],[[22.3443320493969,65.71202295299739],[22.344382822505775,65.71220091935739],[22.343950643909338,65.71222182672683],[22.3443320493969,65.71202295299739]],[[22.339196628584745,65.71245172725642],[22.340976122697956,65.71254611186262],[22.341712846292868,65.71359301760697],[22.34056848310266,65.7141896176465],[22.3387381374369,65.71391726080759],[22.338433718870803,65.712849448966],[22.339196628584745,65.71245172725642]],[[22.34119184498733,65.73941856103811],[22.341141029506836,65.7392405940393],[22.34157366247178,65.73921969025355],[22.34119184498733,65.73941856103811]],[[22.337875690043436,65.71089179163461],[22.337926416093577,65.71106976060527],[22.3374942501076,65.71109064951223],[22.337875690043436,65.71089179163461]],[[22.337044149366438,65.73871679867723],[22.33709493540516,65.73889476732761],[22.336662303521344,65.73891565837793],[22.337044149366438,65.73871679867723]],[[22.335644707996963,65.73842352923563],[22.3360773326348,65.73840264114646],[22.336128111275414,65.73858061019097],[22.335644707996963,65.73842352923563]],[[22.336128111275414,65.73858061019097],[22.336611520411456,65.73873768955497],[22.336178890686217,65.73875857921098],[22.336128111275414,65.73858061019097]],[[22.329151769320372,65.71564326748171],[22.32920244659024,65.715821239829],[22.32877019279093,65.71584210480377],[22.329151769320372,65.71564326748171]],[[22.32642994941718,65.716857136419],[22.32612599706278,65.71578929546902],[22.327524093129725,65.71608266541676],[22.3277774363699,65.71697253010913],[22.32642994941718,65.716857136419]],[[22.31637730699143,65.72311514043831],[22.316809694323883,65.72309430938],[22.316860304258377,65.72327228648014],[22.31637730699143,65.72311514043831]],[[22.316860304258377,65.72327228648014],[22.317343307376312,65.72342943093255],[22.316910914960093,65.7234502635559],[22.316860304258377,65.72327228648014]],[[22.314732058317617,65.76974150707932],[22.314782763962175,65.76991948391422],[22.314349590512116,65.76994031677233],[22.314732058317617,65.76974150707932]]],[[[22.48847228105978,65.81883702374883],[22.4883725022058,65.81849579235467],[22.486807352540005,65.81891904853639],[22.48847228105978,65.81883702374883]]],[[[22.509405448587145,65.79073639050785],[22.506146271536952,65.79055044034288],[22.506038185519152,65.7909024912019],[22.509405448587145,65.79073639050785]]],[[[22.397736787249887,65.70598729270895],[22.397808480167853,65.70599793383207],[22.39783831207544,65.70598234754036],[22.397736787249887,65.70598729270895]]],[[[22.336556244710653,65.70131478760757],[22.334654938013095,65.70112433982868],[22.33394295829296,65.70170000710704],[22.33226556540385,65.70196147569318],[22.33089208229521,65.7032907582811],[22.331094727409297,65.70400264590162],[22.335236639957987,65.7047046264309],[22.33533802736373,65.70506056674955],[22.337167706332675,65.70533297096554],[22.337685043713538,65.70527656993647],[22.336556244710653,65.70131478760757]]],[[[22.312311695970134,65.71914724893381],[22.31228843417448,65.71952337004194],[22.31437875200575,65.71904776014162],[22.312311695970134,65.71914724893381]]],[[[22.359092590616605,65.84175730409956],[22.357687224123318,65.84146429441824],[22.35789191953173,65.84217612616993],[22.358862976556033,65.84249010423915],[22.359680489686795,65.84227020451402],[22.359092590616605,65.84175730409956]]],[[[22.356252641814418,65.83034701878987],[22.35663565223552,65.83014809881546],[22.3562015063805,65.83016905995486],[22.356252641814418,65.83034701878987]]],[[[22.34051985316458,65.83381211797531],[22.341005114453246,65.83396916554602],[22.340954075799193,65.83379120068693],[22.34051985316458,65.83381211797531]]],[[[22.625868747737947,65.77033599135052],[22.625815897117086,65.77015814121314],[22.625435875631737,65.77035770516618],[22.625868747737947,65.77033599135052]]],[[[22.56031131718178,65.77595640199473],[22.561177379651657,65.77591333999622],[22.56112496113419,65.77573546321229],[22.56031131718178,65.77595640199473]]],[[[22.523733960832008,65.81603079550302],[22.52378621972521,65.8162086867175],[22.524653708552954,65.81616581823562],[22.523733960832008,65.81603079550302]]],[[[22.40065134380085,65.78597401608454],[22.401136041867257,65.78613087799236],[22.401084702165978,65.78595293617802],[22.40065134380085,65.78597401608454]]],[[[22.42109977520038,65.7867824120235],[22.42153312702474,65.78676127406726],[22.421481645112145,65.78658334050901],[22.42109977520038,65.7867824120235]]],[[[22.42055032198367,65.79095943665571],[22.42011689864881,65.79098057251284],[22.420168381699963,65.79115850652025],[22.42055032198367,65.79095943665571]]],[[[22.412103521271025,65.81952015048562],[22.411669609026706,65.81954126706614],[22.411721102346583,65.81971920382036],[22.412103521271025,65.81952015048562]]],[[[22.366083555888146,65.69003937302375],[22.365651768072556,65.69006033823135],[22.365702635790893,65.69023829655782],[22.366083555888146,65.69003937302375]]],[[[22.36031803383443,65.83989384347262],[22.36042040886607,65.84024975736024],[22.36128903170391,65.8402078066878],[22.361186644857785,65.83985189349536],[22.36031803383443,65.83989384347262]]],[[[22.36162094920035,65.83983091666569],[22.361135452603882,65.83967393686211],[22.361186644857785,65.83985189349536],[22.36162094920035,65.83983091666569]]],[[[22.361264275608423,65.84165243580965],[22.360829940168998,65.84167341192261],[22.360881135089492,65.84185136863177],[22.361264275608423,65.84165243580965]]],[[[22.35801541951818,65.83188575488631],[22.359317936284388,65.83182285153545],[22.359266776135556,65.83164489396455],[22.35801541951818,65.83188575488631]]],[[[22.358091529182545,65.83061908238334],[22.357657376808827,65.83064004772429],[22.357708523431807,65.83081800596432],[22.358091529182545,65.83061908238334]]],[[[22.35753009736312,65.83172876195042],[22.357964268224116,65.83170779679435],[22.357913117708602,65.83152983867768],[22.35753009736312,65.83172876195042]]],[[[22.357606230964308,65.83046208945954],[22.35717208076346,65.83048305339994],[22.357223223656664,65.83066101183836],[22.357606230964308,65.83046208945954]]],[[[22.355256966548065,65.83147765098484],[22.35747894979919,65.8315508036601],[22.356406052785978,65.83088089514685],[22.35510357513508,65.83094377328729],[22.355256966548065,65.83147765098484]]],[[[22.357120938648656,65.8303050949369],[22.356686790620703,65.8303260574768],[22.356737929784217,65.83050401611351],[22.357120938648656,65.8303050949369]]],[[[22.35083698998832,65.73786968237744],[22.350404388632736,65.73789061217646],[22.35045526468559,65.73806857549694],[22.35083698998832,65.73786968237744]]],[[[22.350737339104413,65.83873237527165],[22.349868745420338,65.83877426566295],[22.34991985760431,65.83895222683542],[22.350737339104413,65.83873237527165]]],[[[22.34900014862353,65.83881615114467],[22.349051254900225,65.83899411266422],[22.349485556641348,65.83897317036352],[22.34900014862353,65.83881615114467]]],[[[22.34828458566351,65.83019022667612],[22.348718739617787,65.83016928796768],[22.34866765669053,65.82999132610857],[22.34828458566351,65.83019022667612]]],[[[22.34800366666941,65.83074505062798],[22.347569502305596,65.83076598740291],[22.34762057948805,65.83094394968384],[22.34800366666941,65.83074505062798]]],[[[22.34843783025578,65.83072411262611],[22.34838674794754,65.83054615066744],[22.34800366666941,65.83074505062798],[22.34843783025578,65.83072411262611]]],[[[22.347186411395143,65.83096488540522],[22.34723748640334,65.83114284783503],[22.34767165744796,65.83112191194022],[22.347186411395143,65.83096488540522]]],[[[22.334574193762794,65.740820676258],[22.334624967770424,65.7409986458469],[22.335057636496487,65.7409777602295],[22.334574193762794,65.740820676258]]]]}},{"type":"Feature","properties":{"cyano_daymap_file_id":2821,"date":"2004-07-30Z","cloud":null,"sub_surfac":null,"surface":null,"no_data":null,"class":1,"color_hex":null,"algae_class":"class_1","source_date":"2004-07-30"},"geometry":{"type":"Polygon","coordinates":[[[22.85127396,65.66513077],[22.85220454693115,65.66818394205762],[22.854674299738743,65.66495427076238],[22.85127396,65.66513077]]]}},{"type":"Feature","properties":{"cyano_daymap_file_id":2821,"date":"2004-07-30Z","cloud":null,"sub_surfac":null,"surface":null,"no_data":null,"class":1,"color_hex":null,"algae_class":"class_1","source_date":"2004-07-30"},"geometry":{"type":"MultiPolygon","coordinates":[[[[22.682245909999995,65.53840971999999],[22.746581579999994,65.53512092999999],[22.749237550000004,65.54401115],[22.782875186892444,65.54227679849619],[22.784215462038695,65.5416833947823],[22.784484414259015,65.54112789611811],[22.7857182237284,65.54088370582188],[22.78561146452082,65.54052812901747],[22.784753355686153,65.540572397093],[22.784968913198163,65.53983910900244],[22.784433131754174,65.53950566385724],[22.78362841704311,65.53972771422333],[22.783521692022735,65.53937213559105],[22.78379063824925,65.53881663824],[22.785131087821753,65.53892803206912],[22.784544049031187,65.53697235506908],[22.78534867183201,65.53675030080463],[22.785564187419666,65.53601701234253],[22.78669099807659,65.53541723975266],[22.787548933439425,65.5353729625097],[22.786799722183513,65.53432837379306],[22.78797981122442,65.53390638065342],[22.787177258124515,65.53268400585463],[22.78631941038498,65.53272828006791],[22.78578376391529,65.53239483832087],[22.78610798561419,65.53057268406153],[22.788629825687206,65.52881762423821],[22.791096185875322,65.52832917927316],[22.790989415399682,65.5279736064427],[22.79184709734058,65.52792930748566],[22.79372427569868,65.5269296127675],[22.793617476342142,65.52657404210342],[22.792331024447645,65.52664050302951],[22.792010697213243,65.52557378712334],[22.792921689827324,65.52570726891452],[22.79479867106204,65.52470756296066],[22.7960850201388,65.52464108212385],[22.79930152013526,65.52375261493567],[22.7995477717711,65.52336331601387],[22.743927599999996,65.52623064],[22.73597761,65.49955937999998],[22.778800839999995,65.49735538],[22.776904045251456,65.49101466021638],[22.774388693424793,65.49145857582725],[22.774495058126014,65.49181416446449],[22.77363852537282,65.4918583528976],[22.773316608548004,65.49223603492132],[22.770693793404504,65.49219077033537],[22.773747724768842,65.49076949196585],[22.77358820185532,65.49023610794596],[22.77439150315924,65.49001412599326],[22.774660199919694,65.4894586478594],[22.776314713300856,65.4890446058596],[22.773482229999995,65.47957601],[22.79487657,65.47847040000002],[22.792213120000003,65.46958106],[22.77082591,65.47068623000001],[22.768171589999998,65.46179637999998],[22.742465442504727,65.46311901063602],[22.743431392193934,65.46344571748465],[22.743268067310208,65.46435676073533],[22.741556668082993,65.46444476104223],[22.74145088504348,65.46408914325637],[22.740595192073187,65.46413313546252],[22.740489423612935,65.4637775168506],[22.741345105176897,65.46373352536445],[22.7421717868967,65.46313411978079],[22.72540545,65.46399678],[22.72761395128122,65.4714341709654],[22.728376785891538,65.47125964179347],[22.727792153835214,65.47203428927928],[22.728693716707493,65.4723265268903],[22.728848128798923,65.47284628930879],[22.732651325407428,65.47248443874517],[22.73329588522485,65.47172924003296],[22.73319017883773,65.47137361562352],[22.732281384678465,65.47123975107195],[22.732925926745228,65.47048455413658],[22.734584896425268,65.47021883551203],[22.735282209802783,65.46964144110731],[22.737316161651005,65.46917590080314],[22.73796050937661,65.46842068443456],[22.73924426587373,65.46835471442478],[22.739455816838092,65.46906595321126],[22.737849851694936,65.4695095343685],[22.738061376051583,65.47022077539863],[22.737041904935484,65.47117578974029],[22.73929299214637,65.47230959772929],[22.74943671,65.47178838],[22.750076811653802,65.47393564760426],[22.751742971808344,65.47384990571169],[22.75200790416267,65.47473892709519],[22.75355692277448,65.47556185280729],[22.751946715164287,65.47745004817638],[22.752961825218158,65.47793939857162],[22.75601125186062,65.4779629460582],[22.756117300548954,65.47831855088923],[22.755314191946766,65.47854043358254],[22.75637859367403,65.48065202262265],[22.75573450346559,65.48140731498458],[22.755620692656237,65.48394063097795],[22.75427925088453,65.48527340600073],[22.753502465521024,65.48542725292793],[22.75473706,65.48956879],[22.74359050518979,65.49014161843506],[22.74318564172991,65.49035717505461],[22.74398472141772,65.49157981877636],[22.741732712404538,65.49277870148245],[22.741944569799927,65.49348993376205],[22.74114087646681,65.49371174724507],[22.740871423491182,65.49426717364882],[22.738782660176263,65.49455497224982],[22.738248426157885,65.49422134759895],[22.73696339682442,65.49428732252221],[22.73680459834619,65.49375389210498],[22.73589499978182,65.49362005772298],[22.733859140789228,65.49408559901829],[22.732521201311826,65.49397372470736],[22.736756555427203,65.49213161114777],[22.735688255291105,65.49146434388622],[22.735831252956036,65.49054037126855],[22.7333316,65.49066883],[22.732701082299567,65.48854870576668],[22.73163233037451,65.4880619699687],[22.729543950290605,65.48834963678291],[22.727942034292155,65.48734865099594],[22.724997172154705,65.48768017884464],[22.724727428059666,65.48823557944826],[22.72387091124916,65.48827948548912],[22.72451609025102,65.48752431764393],[22.72151834754579,65.48767796264863],[22.72071465003097,65.48789966747613],[22.72082026749351,65.48825530161386],[22.71910721356456,65.48834306473633],[22.718790439279402,65.48727615769369],[22.717933941851044,65.48732002986286],[22.718309400879217,65.48712027626871],[22.717670013651396,65.48643093813793],[22.719547200002783,65.4854321652678],[22.719336030404225,65.48472089447726],[22.71789306706052,65.48425324924335],[22.715376619845507,65.4845626523918],[22.714309179476572,65.48389522501637],[22.71259638468239,65.48398291157572],[22.711886399753855,65.48274160660205],[22.70928726,65.48287479],[22.7077179340914,65.47757932234997],[22.706206389781077,65.47708912661605],[22.70599566412286,65.47637783260366],[22.704335996521518,65.47664324433332],[22.70417799247335,65.47610977147527],[22.70321651028753,65.47579790783993],[22.70380934402076,65.47486500055211],[22.702953222469052,65.47490878382806],[22.702367205863034,65.47439719839754],[22.703166558728054,65.47416175588413],[22.685257199999995,65.47507677999998],[22.68263139,65.46618514],[22.66124141,65.4672748],[22.656009970000003,65.44949042],[22.622182481223504,65.4512035891174],[22.620643597663108,65.45202079133261],[22.620747681765167,65.45237651085127],[22.624973331312336,65.45198204882179],[22.62695589703237,65.45134013108894],[22.6309098587108,65.4515007477317],[22.62817603759718,65.45254178232366],[22.62763303535879,65.45365227221689],[22.625326669254793,65.45467158402609],[22.626066985487395,65.45571706084687],[22.62702682122186,65.45602943261392],[22.627339400719347,65.45709657437388],[22.626587894258215,65.45749563399397],[22.62642050956386,65.45840659163073],[22.623789959201222,65.45980327081205],[22.62207837607882,65.45988991811804],[22.620199167579436,65.4608874992597],[22.61997948469765,65.46162059247705],[22.61762008132948,65.46246193685094],[22.617724174522976,65.46281765838751],[22.616596761189076,65.4634161633821],[22.61536538758631,65.46365892907643],[22.614018329305768,65.46499048780117],[22.6110235049313,65.46514186445275],[22.608468400837133,65.46382703884203],[22.606329311832663,65.46393509169413],[22.605629575140668,65.46451190168165],[22.60461802659408,65.46402151229447],[22.604046500060857,65.46206498306773],[22.603190915553316,65.4621081822507],[22.602659235470572,65.46177404605342],[22.602827305902938,65.46086311410053],[22.605290014519337,65.46037777765775],[22.60816843571527,65.46131532077295],[22.60934778426165,65.46089474994828],[22.614428913246325,65.46045741426195],[22.61593180971433,65.45965943921634],[22.61508789583757,65.45825817783361],[22.613648711089763,65.45778947886524],[22.609371551439903,65.45800569053634],[22.609047785240328,65.45838303402842],[22.607764602685492,65.45844787149738],[22.60766066574808,65.45809214148822],[22.604238856952893,65.45826498559077],[22.604134968777824,65.45790925264932],[22.60242406850281,65.45799564438526],[22.602320206266533,65.45763990992673],[22.60023350839028,65.45792573886033],[22.60136091515705,65.45732736259404],[22.601529011632035,65.45641643184425],[22.59987010949131,65.45668066144002],[22.599234773429366,65.45599077484486],[22.60138558632559,65.45443829516944],[22.600750268708147,65.45374841477393],[22.601553669377346,65.4535273645484],[22.60134601448226,65.45281589366314],[22.59958353535473,65.45272438195826],[22.599259687387868,65.45310170528077],[22.597549081657966,65.45318803869564],[22.596369878193368,65.453608515797],[22.594179697703343,65.4535385184707],[22.59427829524677,65.45261677677605],[22.59187105,65.45273869],[22.597059699999996,65.47052573],[22.57566189,65.47160335000001],[22.577053689519655,65.47638067655141],[22.578852483628577,65.47542731883259],[22.579708552017177,65.47538425262397],[22.578735326099512,65.4765161099971],[22.57755477892691,65.47693645397007],[22.57765839705523,65.47729220801013],[22.579098052291883,65.47776124534481],[22.579954196543405,65.47771817696182],[22.58010967944361,65.47825180495416],[22.578228352370697,65.47924885339981],[22.578435632184622,65.47996036004595],[22.5796681276067,65.47971788406973],[22.579771787778153,65.48007363623215],[22.578642924445887,65.48067186628232],[22.579278361178297,65.48136183860949],[22.57860831509102,65.48171690056556],[22.580844049999996,65.48939101999999],[22.572767797635752,65.48979663443973],[22.56965772419687,65.49159137567909],[22.570293208738654,65.4922813853566],[22.56772327874635,65.49241042700561],[22.567605621888465,65.49349921475391],[22.566748936433207,65.4935422186875],[22.565619203744966,65.49414036035174],[22.56587805484221,65.4950297678609],[22.564164573664534,65.49511575241004],[22.562658083308378,65.49591324883828],[22.561103632260856,65.49621866403524],[22.56460563,65.5082548],[22.543175319999996,65.50932815],[22.543055058604967,65.50891380854239],[22.542554253211737,65.50901208671715],[22.54296745281781,65.51043521160565],[22.53883585040492,65.5111831919992],[22.538526104101607,65.51011583840103],[22.536863136132173,65.51037941699758],[22.53799422370326,65.50978147651607],[22.537787759361194,65.50906990603647],[22.538541772341404,65.50867127584223],[22.538438536460774,65.5083154910509],[22.537152691753217,65.50837975538896],[22.536946263701566,65.50766818339387],[22.536192253959808,65.50806680559461],[22.53566044641394,65.5077324347578],[22.532711756118754,65.50806020713911],[22.53115199083236,65.50867951194428],[22.530878063692274,65.50923460069936],[22.528837981164923,65.50969738856324],[22.528203132141655,65.50900719809141],[22.525631306918996,65.50913554307215],[22.52456792706573,65.5084667228245],[22.523333548640185,65.50870876828922],[22.522682321162442,65.50946312281344],[22.521396373230502,65.50952725416798],[22.520864721595828,65.5091928296934],[22.521996133481565,65.5085950056344],[22.52179011610084,65.50788340877476],[22.52007561743649,65.50796890369293],[22.51974996930587,65.5083460746364],[22.51911539382007,65.50765584322237],[22.51611502067191,65.50780539348045],[22.51584077964995,65.50836045816521],[22.51460632092791,65.5086024331784],[22.514503411273186,65.508246628742],[22.512788860000825,65.5083320415454],[22.51258309584897,65.50762042956822],[22.511725838512373,65.50766312732395],[22.51109149130951,65.50697285990871],[22.510131409691596,65.50665974092654],[22.508845562543137,65.50672376448543],[22.50906852607993,65.50599080661911],[22.50649688436726,65.50611882418006],[22.505742443340395,65.50651729883312],[22.504885208698177,65.50655995756254],[22.504353828364383,65.50622547227384],[22.50354797536396,65.50644602984187],[22.502485267077674,65.50577704746281],[22.50361696501944,65.50517935808939],[22.50351422125378,65.50482354449416],[22.500188166706675,65.50534991419616],[22.49953634152292,65.50610417502672],[22.49749591944712,65.50656654330315],[22.496415348405566,65.50734209856968],[22.494700785168856,65.50742730632598],[22.494426089171952,65.50798233675002],[22.491579401645435,65.50866513398464],[22.490927247768834,65.50941936102498],[22.49001859853774,65.50928402477324],[22.488406440925086,65.50972498733108],[22.488252604742353,65.5091912485751],[22.487395247934685,65.50923380935198],[22.48767010608311,65.50867879006181],[22.485526747454905,65.5087851742892],[22.48520058532122,65.50916227596697],[22.483863293644674,65.50904817469413],[22.483537104154653,65.50942527306003],[22.481444896041086,65.50970951524626],[22.480536282518578,65.50957412163719],[22.480331384922426,65.50886245705333],[22.482046098868363,65.50877741076023],[22.481943631743285,65.5084215797124],[22.483332126241415,65.5087136133581],[22.48398448543746,65.50795941700902],[22.48484180714125,65.50791687593247],[22.485974007585785,65.50731931358052],[22.487259951617492,65.50725548360764],[22.487963431369433,65.50667918496573],[22.490963869458835,65.50653019284941],[22.4914437933645,65.50668681515576],[22.491220327710877,65.50741975209586],[22.491975020391152,65.50702134738037],[22.49293490415639,65.50733458368386],[22.49267838855108,65.50644502792876],[22.493810343857007,65.50584740937447],[22.492286250113345,65.50357715383029],[22.494806417207137,65.50327146932935],[22.494960345141855,65.50380520047455],[22.497685813895565,65.50421110859139],[22.50068590165381,65.50406192704897],[22.50133764567789,65.50330766209015],[22.500755031018393,65.50279525519306],[22.501538803953412,65.50238129163573],[22.49774159,65.50257036],[22.492405584559915,65.48405349898057],[22.489595440098544,65.48367989049181],[22.48997246917552,65.48348069589592],[22.489288096148503,65.48261241197551],[22.491618163924883,65.48132101329884],[22.49005129,65.47588369],[22.468643819999997,65.47694623999999],[22.473754449999994,65.49473828999999],[22.45233075,65.49579869],[22.45743472,65.51359135],[22.521743069999996,65.51039847999999],[22.52689779,65.52818827],[22.50544925,65.52925646],[22.50802233,65.5381517],[22.549738784777198,65.5360709375426],[22.55073262475084,65.53532640108145],[22.54921020839083,65.53009110112286],[22.547847802131955,65.5302238107679],[22.546354012668836,65.52957661141785],[22.546679519297104,65.52919938460015],[22.545511330275623,65.52817494845794],[22.546642964347814,65.5275769376488],[22.54676156821534,65.52648815641712],[22.545748628032445,65.52599738675868],[22.54612581271479,65.52579805044486],[22.546931880704342,65.52557726370544],[22.547608213500705,65.52458214575282],[22.54575888,65.51822264],[22.559564178972593,65.51753013728161],[22.559234590698807,65.51702040406494],[22.563144988451523,65.51700488592577],[22.563898828277424,65.51660613102756],[22.56528863774906,65.51689739821813],[22.566848050759326,65.51627774481896],[22.57199258894726,65.51601959951122],[22.571888862413207,65.51566384262102],[22.57365553493681,65.51575563470358],[22.573980481748357,65.51537835491396],[22.574889751033403,65.51551318001945],[22.575097287514385,65.51622468875591],[22.57595470018495,65.51618163001756],[22.57718891371191,65.51593915658984],[22.578267386122107,65.51516304589694],[22.581268172762098,65.51501225773464],[22.582021673860726,65.51461341596556],[22.58330769168429,65.51454876816923],[22.583632483428275,65.51417146923052],[22.58658116020535,65.5138427037017],[22.587793501289756,65.51320081887616],[22.583438050000005,65.49828475],[22.604857299999995,65.49720581],[22.599656949999996,65.47941915],[22.64246099,65.47725399],[22.652926739999998,65.5128235],[22.631497090000003,65.51390936],[22.63411127,65.52280202],[22.655548089999996,65.52171571],[22.65817142,65.53060786],[22.679613439999994,65.52951807999999],[22.682245909999995,65.53840971999999]],[[22.558377117249382,65.5170633686011],[22.558273571149915,65.5167076005301],[22.55870230252727,65.51668611921824],[22.559234590698807,65.51702040406494],[22.558377117249382,65.5170633686011]],[[22.674247308023407,65.51135862473382],[22.671175094855574,65.51154918883631],[22.671070039430905,65.51119351414702],[22.66844538696831,65.51114649330277],[22.669197737668593,65.51074721634411],[22.66866403567396,65.51041334019392],[22.666039463738823,65.51036627673655],[22.66764917332322,65.50992342065695],[22.66749167520289,65.50938990404666],[22.666048219910607,65.50892176857795],[22.666380640054477,65.50709978923084],[22.665042283257154,65.50698732165051],[22.664884859728218,65.5064538015643],[22.666389387118315,65.50565528118855],[22.66847989180123,65.50536846557627],[22.669984246189838,65.5045699112163],[22.67126998443627,65.50450449870033],[22.67057886975105,65.5036371156339],[22.671672455944996,65.50264510234213],[22.669368869452327,65.49484956618166],[22.667797199419212,65.49421167792698],[22.66727260421051,65.49243328522205],[22.667762161636567,65.49114482359957],[22.673383304958968,65.49103923922075],[22.674615865735355,65.49079596846407],[22.674939208295864,65.49041848232946],[22.677028400137722,65.4901315621518],[22.677569954148513,65.4890209095585],[22.67950141482531,65.48820045144056],[22.679396359457098,65.48784478261595],[22.680523644179345,65.48724579706412],[22.681380214806566,65.48720213628728],[22.682507426175526,65.48660313669752],[22.682402337685204,65.48624747031461],[22.683363971756567,65.4865594649316],[22.68358203523489,65.48582629651479],[22.686099012477865,65.48551741765195],[22.68642212649564,65.48513990934354],[22.687278616266997,65.48509621595952],[22.687173470221985,65.48474055350263],[22.688029945401794,65.4846968560101],[22.688135102879194,65.48505251775126],[22.68941982687332,65.48498696139345],[22.68969029729624,65.48443161635853],[22.690494163367976,65.4842100748893],[22.690336386365324,65.48367658514474],[22.692853070869294,65.48336759678345],[22.692793112189907,65.48463426248524],[22.69413042067999,65.48474649521704],[22.693807423774725,65.48512401879049],[22.692950946273374,65.48516774907189],[22.693484417806506,65.4855015417692],[22.69177143361638,65.48558899411613],[22.6911253424352,65.48634403150523],[22.69026881957128,65.48638774705013],[22.685865575008222,65.48913958535768],[22.685008949977213,65.4891832721398],[22.68313015348661,65.49018163241222],[22.683663607848814,65.49051545999131],[22.682806933308733,65.49055913480179],[22.682536259845456,65.49111446965536],[22.68173211426491,65.4913359716918],[22.682528363842522,65.49255896954675],[22.681619066548404,65.49242480525398],[22.681243246995948,65.49262447137787],[22.681776729474254,65.49295830533543],[22.680919971099996,65.49300197031869],[22.680692270534983,65.49335953713447],[22.711924149999998,65.49176585999999],[22.71265239486271,65.49421856704774],[22.713943352075,65.49438417106443],[22.714530066201462,65.49489570435786],[22.71335048187062,65.49531711870522],[22.713254959842732,65.49624798798688],[22.717203869999995,65.50954779999999],[22.69578014,65.51064272],[22.69769208059787,65.51709253809526],[22.69980873584811,65.51713004161023],[22.703133244615483,65.51659924517286],[22.703027729533257,65.5162435975033],[22.709029994155653,65.5159369110409],[22.71026336841574,65.51569334089656],[22.710157760679802,65.51533769917454],[22.714233566967643,65.5144071850881],[22.71723442826739,65.51425365201231],[22.71776882407224,65.51458734934845],[22.719054910368083,65.51452152664488],[22.719213498873142,65.51505497802208],[22.72140988184607,65.5151230628415],[22.721192691199565,65.51585627685604],[22.722103003144117,65.515990192339],[22.72220877669668,65.51634582398215],[22.72515689683407,65.51601431629281],[22.725051084766577,65.51565868711629],[22.725585608981973,65.51599235547965],[22.726871740651383,65.5159264657949],[22.726173061586135,65.51650383594509],[22.72831664937899,65.5163940050279],[22.729491703217967,65.51741694090275],[22.730767617974962,65.52023996457352],[22.730015964822478,65.52063954059864],[22.729529034125704,65.52192817636309],[22.727972629392454,65.52254950079684],[22.72807851496339,65.52290512718744],[22.72722086796379,65.52294906406591],[22.727003789565792,65.52368228531782],[22.725018371904145,65.52432554732853],[22.725124225935478,65.52468117612375],[22.724266514599574,65.52472509691611],[22.72437236034644,65.52508072632563],[22.72528301294971,65.52521461911795],[22.725600608461942,65.52628150439136],[22.724848705590382,65.52668105735775],[22.72414423065468,65.52870289860714],[22.7233393108427,65.52892463027622],[22.723551021374004,65.52963589015461],[22.721994020388603,65.53025715931396],[22.72113611949093,65.53030106432816],[22.720601346368777,65.5299673827749],[22.718885554780424,65.5300551720295],[22.719526115593393,65.53074449307798],[22.71899135331409,65.53041080571714],[22.71813344127118,65.53045469381405],[22.717434195390563,65.53103202956981],[22.715718320967113,65.53111978375455],[22.714590023058165,65.53171904273671],[22.70810238586991,65.53187008108463],[22.70531718744808,65.53129025777879],[22.703337268895524,65.53048875852859],[22.70017612574084,65.53010856208248],[22.697767495001784,65.52932887868215],[22.6970683719356,65.52862713456415],[22.679613439999994,65.52951807999999],[22.674247308023407,65.51135862473382]],[[22.788918144895295,65.4746399998396],[22.78806220369119,65.47468426380134],[22.788008970834444,65.4745064748457],[22.78881166856915,65.4742844226261],[22.788918144895295,65.4746399998396]],[[22.78367965065653,65.54134994727434],[22.783626283390902,65.5411721580316],[22.784055349226588,65.54115002767912],[22.78367965065653,65.54134994727434]],[[22.782287931674787,65.5396163074521],[22.781429846021943,65.53966055643077],[22.78132315129323,65.53930497593022],[22.782287931674787,65.5396163074521]],[[22.78212565445623,65.54052738242054],[22.781696596884103,65.5405495072129],[22.781643245106988,65.54037171711012],[22.78212565445623,65.54052738242054]],[[22.781320888219497,65.54074942105416],[22.781374238732347,65.54092721128477],[22.78094517381626,65.54094933402297],[22.781320888219497,65.54074942105416]],[[22.78110749419144,65.54003825986358],[22.78067844362018,65.54006038169456],[22.780625099987752,65.53988259114844],[22.78110749419144,65.54003825986358]],[[22.776009593080737,65.54192588269919],[22.77584964622256,65.54139250517429],[22.778104123334458,65.54019308730156],[22.779767002174484,65.53992683082198],[22.77987367876603,65.54028241261311],[22.78073178805484,65.54023817221386],[22.780356076179828,65.54043808369168],[22.78089182617245,65.54077154361087],[22.779764654730307,65.54137127681838],[22.7789065061957,65.54141551214326],[22.779066515716334,65.54194888577908],[22.77692108729206,65.54205945566143],[22.77681444216989,65.54170387145061],[22.776009593080737,65.54192588269919]],[[22.76626459858135,65.46281127353065],[22.76583679860335,65.46283334009189],[22.765730693714147,65.4624777427523],[22.76626459858135,65.46281127353065]],[[22.754375869129827,65.46956213479176],[22.754644810116208,65.46900668986099],[22.756356454344928,65.46891853855139],[22.75742431589046,65.46958566405148],[22.758280152867354,65.46954157490637],[22.75758335739359,65.4701190700594],[22.757848442470667,65.4710080795402],[22.75913226520524,65.47094193968492],[22.76100313820573,65.47138713792333],[22.761215310010986,65.47209833965599],[22.76110561757178,65.47318719644484],[22.75987472903665,65.47343115511126],[22.75939001857104,65.47471986288875],[22.757890122249236,65.47551925950695],[22.756231071881842,65.4757852351111],[22.755003948026665,65.47458469485449],[22.756022879849475,65.47362956488222],[22.754375869129827,65.46956213479176]],[[22.75630345098622,65.46874073602828],[22.755875543974742,65.46876277548238],[22.755822544263353,65.46858497275228],[22.75630345098622,65.46874073602828]],[[22.74401794490116,65.46395713772935],[22.744070853133728,65.46413494555527],[22.74364300895753,65.46415694966778],[22.74401794490116,65.46395713772935]],[[22.740864378899822,65.46357771254401],[22.740436540572492,65.46359970750484],[22.74038365832515,65.46342189813262],[22.740864378899822,65.46357771254401]],[[22.732415396811895,65.49361810069536],[22.7315587193008,65.49366205202087],[22.731505823960223,65.49348423961513],[22.732415396811895,65.49361810069536]],[[22.72242766840274,65.4878118864953],[22.72248048816922,65.48798970285843],[22.721623974854403,65.48803359612032],[22.72242766840274,65.4878118864953]],[[22.71991229725738,65.51447763880502],[22.71948360421022,65.51449958332869],[22.719430740099536,65.51432176632993],[22.71991229725738,65.51447763880502]],[[22.715175670339484,65.49414057191845],[22.71474730593932,65.49416249957225],[22.714694523697204,65.49398468010133],[22.715175670339484,65.49414057191845]],[[22.699427106259282,65.48501748049877],[22.700388891175855,65.48532936512886],[22.700546885236715,65.48586284210616],[22.69862329448398,65.48523906894928],[22.696910348242973,65.48532657918555],[22.699427106259282,65.48501748049877]],[[22.69920250637547,65.48719515821698],[22.698774239562265,65.48721703955619],[22.698721582841745,65.4870392132114],[22.69920250637547,65.48719515821698]],[[22.69623583435504,65.49185960772401],[22.69752086820195,65.49179397921606],[22.697573528324124,65.49197180595239],[22.69623583435504,65.49185960772401]],[[22.697573528324124,65.49197180595239],[22.69805453798921,65.49212775372199],[22.697626189237003,65.49214963266246],[22.697573528324124,65.49197180595239]],[[22.694950793387896,65.49192522537456],[22.695003436352692,65.49210305318594],[22.69457508492194,65.49212492350249],[22.694950793387896,65.49192522537456]],[[22.695003436352692,65.49210305318594],[22.696341138232736,65.49221526224558],[22.695108724653664,65.49245870872998],[22.695003436352692,65.49210305318594]],[[22.695807488157072,65.49188148148056],[22.69575484026358,65.49170365400117],[22.69618318360202,65.49168178042379],[22.695807488157072,65.49188148148056]],[[22.69511592390257,65.49101421547515],[22.69468759041986,65.4910360859232],[22.694634952197347,65.49085825795412],[22.69511592390257,65.49101421547515]],[[22.69501064252918,65.49065855986898],[22.694153986210196,65.49070229884217],[22.694101352427587,65.4905244706414],[22.69501064252918,65.49065855986898]],[[22.694417166977516,65.49159143945192],[22.694845509829534,65.49156956967283],[22.69489815121351,65.49174739753681],[22.694417166977516,65.49159143945192]],[[22.691847093257223,65.49172263279253],[22.692703787660513,65.49167890650455],[22.69275641474663,65.49185673526414],[22.691847093257223,65.49172263279253]],[[22.69275641474663,65.49185673526414],[22.694522444816766,65.49194709551193],[22.692809042622944,65.49203456399748],[22.69275641474663,65.49185673526414]],[[22.694333645888467,65.48690230212408],[22.693905378951012,65.48692416965862],[22.693852756043174,65.48674634126439],[22.694333645888467,65.48690230212408]],[[22.693912661878052,65.48547967566736],[22.693965282114544,65.48565750406642],[22.69353703518492,65.48567937034734],[22.693912661878052,65.48547967566736]],[[22.69136612715239,65.49156666480378],[22.69093778083367,65.49158852475269],[22.69088516676618,65.49141069522427],[22.69136612715239,65.49156666480378]],[[22.68810470966971,65.49083050583629],[22.687676372115895,65.49085235644536],[22.6876237820143,65.49067452553261],[22.68810470966971,65.49083050583629]],[[22.682956734545144,65.49253713319001],[22.68306186111234,65.49289279881157],[22.68263348468947,65.49291463552605],[22.682956734545144,65.49253713319001]],[[22.63367038949995,65.47572801705965],[22.63319006089797,65.47557185731056],[22.63361820311369,65.47555016323795],[22.63367038949995,65.47572801705965]],[[22.633461648654052,65.47501660161734],[22.6326053805825,65.47505998749088],[22.633148560879366,65.47394947767638],[22.629567142180353,65.47358941712291],[22.629578027845852,65.472144889684],[22.627061606326738,65.47245282072785],[22.627281162568735,65.47171971846169],[22.629160850181346,65.47072204408869],[22.631572759864984,65.47005837047934],[22.63328496979923,65.46997160897808],[22.634788446601405,65.46917341440164],[22.636500585771884,65.46908661716459],[22.637951715048537,65.46811053993025],[22.640519795817536,65.4679802843097],[22.641490500454807,65.46684803611657],[22.6427222451238,65.46660503414215],[22.64497670310872,65.46540760360249],[22.65262764886478,65.46483851149866],[22.65336936320843,65.46588383981182],[22.651490956463398,65.46688180218051],[22.65083439848051,65.46908119149128],[22.65152387779823,65.46994868153936],[22.65077239016671,65.4703478614178],[22.65091955639339,65.47232591837782],[22.650105954374684,65.47399176604999],[22.649249753207286,65.47403524561858],[22.64935433190681,65.47439094028513],[22.64764189729649,65.47447788637768],[22.64657658957796,65.47380995848137],[22.64385121862745,65.47340677395327],[22.64326638273226,65.47289494704755],[22.641501788233125,65.47280397272307],[22.638714004072682,65.4736673657888],[22.63693889648148,65.47502086236727],[22.63361820311369,65.47555016323795],[22.633461648654052,65.47501660161734]],[[22.642481517122707,65.46282674036193],[22.64193893888505,65.46393727739039],[22.64043597697062,65.46473553779475],[22.639580059096023,65.46477895957976],[22.639099901682396,65.46462281686635],[22.639214674452525,65.46353399769255],[22.642481517122707,65.46282674036193]],[[22.63320498185648,65.45192588179343],[22.63448824676303,65.45186080789178],[22.634216892153486,65.45241606291023],[22.632933599234953,65.45248113479555],[22.63320498185648,65.45192588179343]],[[22.630857749387527,65.45132289218894],[22.63128549764266,65.45130120882557],[22.631337609817507,65.4514790641909],[22.630857749387527,65.45132289218894]],[[22.620049294646364,65.46630990917689],[22.621281224266813,65.4660670802566],[22.62160506012363,65.46568970336781],[22.624120904259364,65.4653818692788],[22.62604127810325,65.46600662421496],[22.62582172535332,65.46673972461045],[22.626353961402636,65.46707376701829],[22.625278363360675,65.4678502098829],[22.622762297855765,65.46815806556313],[22.622062502395032,65.46873496517291],[22.621206416977515,65.46877828450634],[22.619557764600582,65.46759823602159],[22.620049294646364,65.46630990917689]],[[22.623469246229828,65.47353714336644],[22.624325482771408,65.47349380963232],[22.624377601055834,65.47367166736714],[22.623469246229828,65.47353714336644]],[[22.622665113413607,65.47375833072165],[22.623521358800023,65.47371500145609],[22.623573472152287,65.47389285951988],[22.622665113413607,65.47375833072165]],[[22.619437643078747,65.47608753893078],[22.615950039183844,65.47752733840974],[22.6082973499982,65.47809447402798],[22.606753151191274,65.47726999069985],[22.60784112271699,65.47504916420519],[22.609721002819423,65.47405176192159],[22.61400078103923,65.47383551316695],[22.613896685494428,65.4734797890596],[22.61518058659251,65.47341489199788],[22.617540083157298,65.472573623193],[22.618500133221662,65.47288605983447],[22.621016067892604,65.4725783021975],[22.620524486253323,65.47386663278294],[22.622717221051495,65.4739361891402],[22.622393306234454,65.47431356925594],[22.6211089042226,65.474378552089],[22.619437643078747,65.47608753893078]],[[22.603502611359488,65.46317538251859],[22.60307480081293,65.4631969813642],[22.603022852417638,65.46301911454043],[22.603502611359488,65.46317538251859]],[[22.601870683881845,65.4665065718635],[22.60229854970668,65.4664849758584],[22.602350501492587,65.46666284290046],[22.601870683881845,65.4665065718635]],[[22.59956313936293,65.46752546373546],[22.598175628433108,65.46723448804936],[22.601170781895057,65.46708336289967],[22.6019226328128,65.46668443908234],[22.601002626480984,65.46799429392385],[22.59966701153635,65.46788120001146],[22.59956313936293,65.46752546373546]],[[22.60106689311493,65.46672762783201],[22.601014949893926,65.4665497602596],[22.601442817277576,65.4665281666639],[22.60106689311493,65.46672762783201]],[[22.600809811208684,65.47179429225687],[22.600381857114925,65.47181588495533],[22.600329906346325,65.47163801721929],[22.600809811208684,65.47179429225687]],[[22.583328180557245,65.47141193734976],[22.58461207163704,65.47134730033791],[22.582303420878976,65.47236593979343],[22.581771787031762,65.47203172953353],[22.583328180557245,65.47141193734976]],[[22.581927266169618,65.47256535567554],[22.580746946838406,65.4729857222463],[22.580643307332743,65.47262997055485],[22.581927266169618,65.47256535567554]],[[22.580313336762472,65.49087540692422],[22.579716045702064,65.4918078610977],[22.57885943973046,65.49185093288325],[22.57815837555743,65.49242762925017],[22.576873430331116,65.49249222223166],[22.576717911173603,65.49195859123753],[22.580313336762472,65.49087540692422]],[[22.579255722243506,65.47233882173566],[22.57882773779023,65.47236035365023],[22.57877593218699,65.47218247700953],[22.579255722243506,65.47233882173566]],[[22.577322976677294,65.47315797838428],[22.576466976362134,65.47320103036658],[22.57641518479178,65.4730231527706],[22.577322976677294,65.47315797838428]],[[22.57521467699256,65.51513589779125],[22.575487709036373,65.51458073796145],[22.576072053692837,65.51509283875605],[22.57521467699256,65.51513589779125]],[[22.57538394180513,65.51422498388932],[22.57581261542889,65.51420345465053],[22.575916388394564,65.51455920836963],[22.57538394180513,65.51422498388932]],[[22.570721527681478,65.49225987419288],[22.570825126207545,65.49261563315184],[22.570396801540635,65.49263714466807],[22.570721527681478,65.49225987419288]],[[22.562664453355403,65.5168484976088],[22.562235723248616,65.51686999014304],[22.562183923995608,65.51669210770602],[22.562664453355403,65.5168484976088]],[[22.5359384235074,65.51168892322141],[22.535509751565026,65.51171033937558],[22.535458146629665,65.51153244581856],[22.5359384235074,65.51168892322141]],[[22.52901183007855,65.51329810744473],[22.529988514169276,65.51216653529491],[22.532080348103797,65.5118816251328],[22.531326144326226,65.51228022504408],[22.53185799343913,65.5126146107119],[22.534807207607216,65.51228684963306],[22.534104633114108,65.51286335693818],[22.53436263534034,65.5137528270921],[22.53227067917485,65.5140377700817],[22.52901183007855,65.51329810744473]],[[22.530984534505347,65.51410198500906],[22.530555818064624,65.5141233875692],[22.53050424110671,65.51394549203478],[22.530984534505347,65.51410198500906]],[[22.528941092913183,65.51005318117527],[22.52914732570918,65.51076476609498],[22.52818689145759,65.51045176539812],[22.52647224955191,65.51053733433103],[22.528941092913183,65.51005318117527]],[[22.51470923367629,65.50895823751367],[22.514280585548267,65.50897959322626],[22.51422913165491,65.50880169089619],[22.51470923367629,65.50895823751367]],[[22.513954841018602,65.50935675266578],[22.51352618560858,65.50937810631326],[22.513474735903678,65.50920020368359],[22.513954841018602,65.50935675266578]],[[22.51203445497032,65.5087305472386],[22.512463101229734,65.50870919791433],[22.512514542879583,65.50888710096994],[22.51203445497032,65.5087305472386]],[[22.512514542879583,65.50888710096994],[22.51299463652402,65.50904365311827],[22.512565985302658,65.5090650040003],[22.512514542879583,65.50888710096994]],[[22.491791653522053,65.50035345428165],[22.491842934626263,65.50053136598903],[22.49141440215667,65.50055265568551],[22.491791653522053,65.50035345428165]],[[22.490912580121186,65.50635228092467],[22.491341208183137,65.50633099168056],[22.49139250038835,65.50650890343071],[22.490912580121186,65.50635228092467]],[[22.489322992928905,65.50083699878749],[22.485498717463887,65.502650999857],[22.481743965204988,65.50319823705],[22.48201888821881,65.50264322738718],[22.48287603941324,65.5026006991877],[22.48342581483171,65.50149067596185],[22.48493508742477,65.50069394175465],[22.489220464343884,65.50048117330398],[22.489322992928905,65.50083699878749]],[[22.49035224950518,65.4998835823822],[22.49126056975397,65.50001891996442],[22.491363123918575,65.50037474380365],[22.489220464343884,65.50048117330398],[22.49035224950518,65.4998835823822]],[[22.488534045935676,65.48301079672815],[22.489390541054917,65.48296823824809],[22.48944176466195,65.4831461513467],[22.488636482471012,65.48336662359766],[22.488534045935676,65.48301079672815]],[[22.487607778717944,65.48432002266509],[22.487128296613047,65.48416338370271],[22.487556564806468,65.48414210884546],[22.487607778717944,65.48432002266509]],[[22.487402927686645,65.48360836723603],[22.48649520259321,65.48347300042964],[22.489167181475413,65.48370117103244],[22.488841364771872,65.48407827703521],[22.487556564806468,65.48414210884546],[22.487402927686645,65.48360836723603]],[[22.488687701892427,65.4835445369947],[22.488259444592963,65.48356581494821],[22.48820822803363,65.48338790137682],[22.488687701892427,65.4835445369947]],[[22.48845772119433,65.50990290019946],[22.48802903170227,65.50992418188982],[22.487977754301486,65.50974626884694],[22.48845772119433,65.50990290019946]],[[22.486169349576908,65.4838501010376],[22.484884552942383,65.48391391008649],[22.484833358511466,65.48373599514586],[22.486169349576908,65.4838501010376]],[[22.479382954417947,65.49952577089816],[22.479178183341944,65.49881410348402],[22.480412529584488,65.49857241897134],[22.48224780952994,65.49739862183866],[22.48310478832565,65.49735609409029],[22.483808106803842,65.49677981643607],[22.485144765725547,65.49689392461326],[22.48524722184765,65.49724975359355],[22.483910544193897,65.49713564651253],[22.483635712845658,65.4976906586798],[22.48582940479582,65.49776222463167],[22.48336087046027,65.49824567045987],[22.48238263049848,65.49937695683882],[22.48291358858743,65.49971152362649],[22.481730424746498,65.50013114470579],[22.481832849718522,65.50048697631911],[22.478833042481707,65.50063578079454],[22.477272398626937,65.50125453834244],[22.474649868772616,65.50120409342325],[22.47669029994704,65.50074203348352],[22.479382954417947,65.49952577089816]],[[22.484361898598507,65.50776023250911],[22.483933240229554,65.50778150226911],[22.483881995791904,65.50760358750408],[22.484361898598507,65.50776023250911]],[[22.48200849954911,65.51166658667002],[22.48157977477756,65.51168785042897],[22.481528537112762,65.51150993479611],[22.48200849954911,65.51166658667002]],[[22.479517578583284,65.50150411045684],[22.47908901805115,65.50152536548805],[22.47903782139856,65.50134744859949],[22.479517578583284,65.50150411045684]],[[22.47480337042074,65.50173784938978],[22.474374801427707,65.50175909113881],[22.474323636309567,65.50158117233423],[22.47480337042074,65.50173784938978]],[[22.471477089354288,65.50226358954349],[22.471150798222663,65.50264066220004],[22.47061992683097,65.50230605321013],[22.471477089354288,65.50226358954349]],[[22.47097793432201,65.50355149475855],[22.467926574622627,65.50352216671679],[22.467824324605473,65.50316632391309],[22.469538713972415,65.50308142277702],[22.469865033776088,65.50270435331035],[22.470722210842407,65.50266189377771],[22.47097793432201,65.50355149475855]]],[[[22.813576759999997,65.54069383],[22.812246710286114,65.53627825053732],[22.810388787991126,65.53744226786952],[22.810817133605248,65.53886449077383],[22.81274736680323,65.5394867642923],[22.813576759999997,65.54069383]]],[[[22.81089928,65.53180497],[22.8323345,65.53069362],[22.829651870000003,65.52180515],[22.85107792,65.52069123],[22.8537677,65.52957925],[22.875198879999992,65.52846185999998],[22.88059884,65.54623676999998],[22.94492314,65.54286375],[22.9458145502411,65.54577106749448],[22.976950915074916,65.50505435146006],[22.96868136,65.47840274],[22.94729603,65.47953289],[22.944580709999997,65.47064683],[22.987335080000005,65.46838445],[22.98460756,65.45949925],[22.96323851,65.46063147],[22.95780381,65.44285993],[22.93644693,65.44398821999998],[22.93915615,65.45287449],[22.896422090000005,65.455123],[22.899119130000003,65.46401012000001],[22.85636276,65.46624752],[22.861734419999998,65.48402339],[22.840338959999997,65.48513849],[22.8457044,65.502915],[22.824292659999994,65.50402799999999],[22.826971259999997,65.51291660999999],[22.80555035,65.51402705],[22.807534658082858,65.5206246854793],[22.808414005982204,65.52075345580032],[22.808574465292203,65.52128679329383],[22.8078241143951,65.52158710016273],[22.808223809999998,65.52291604999999],[22.807082851004825,65.52297486857228],[22.807126106668637,65.52370890032712],[22.8061072234207,65.52466437506547],[22.8063211466441,65.52537549522715],[22.803425488975375,65.52733079874261],[22.801603298137255,65.52706395840514],[22.800960681812345,65.52637500714502],[22.798816645276826,65.52648587287528],[22.79736994092843,65.52601902661004],[22.796512333056306,65.52606335611272],[22.79581496037081,65.52664103417717],[22.79677942972312,65.52695227648181],[22.795062606157376,65.52848536210666],[22.79785078095588,65.5276190795195],[22.799137264096554,65.52755257130151],[22.79897562729872,65.52846365743925],[22.80020870037226,65.52821935674287],[22.8030490391946,65.52897519564827],[22.803209449915393,65.5295085394077],[22.801654409202712,65.53013060768934],[22.802136740737904,65.53028620997398],[22.80111742948184,65.53124165567846],[22.8001527478164,65.53093044326023],[22.79907988994078,65.53170809372146],[22.797417741869193,65.53197455478843],[22.797686323105538,65.53141903663285],[22.798866101328308,65.53099696183922],[22.79790283092561,65.52924129887636],[22.7958653855541,65.52970769260465],[22.794900822641885,65.52939644544195],[22.7946871707218,65.52868530623812],[22.793829469763292,65.5287296215047],[22.792863309021246,65.52986279944012],[22.793398990569095,65.53019621573071],[22.792165757638976,65.53044046258216],[22.79232595686471,65.53097382011435],[22.79318373464238,65.53092951256669],[22.792915061205395,65.5314850236899],[22.793826266929752,65.53161849780123],[22.793986508813934,65.53215185313414],[22.793075283481574,65.53201838019345],[22.79323551298426,65.5325517364551],[22.7919470700723,65.53406263642053],[22.79414518494362,65.53412964614078],[22.794627548629485,65.53428527204633],[22.794305451958415,65.53466300088968],[22.795270207086258,65.53497424985079],[22.79639674586748,65.5343744078227],[22.797254627059733,65.53433007609505],[22.79634330919383,65.534196623815],[22.795647213276045,65.53332986633446],[22.798596219542304,65.5329969171585],[22.798918234217773,65.53261918004878],[22.7997760525498,65.53257483468082],[22.79956096132694,65.53330813888219],[22.79746979017228,65.53359677440805],[22.79805905689388,65.53410795625446],[22.800954650397898,65.53359717741682],[22.804010585025818,65.53361968681713],[22.80411756077645,65.53397524831347],[22.805028907823473,65.53410865344009],[22.809104060252796,65.53317558879665],[22.81130537211224,65.5331531391489],[22.81089928,65.53180497]],[[22.810018924669293,65.52608681981688],[22.809161340520134,65.52613122081365],[22.808625547333367,65.5257978615627],[22.80921560729706,65.52486457021178],[22.811627674438586,65.52419801998457],[22.812324629575777,65.52362027342694],[22.812485190031378,65.52415360572344],[22.811681190470836,65.52437579772685],[22.810018924669293,65.52608681981688]],[[22.811735336149123,65.52310914752972],[22.812485778579827,65.52270917824117],[22.81307507702651,65.52322030115742],[22.812324629575777,65.52362027342694],[22.811735336149123,65.52310914752972]],[[22.798489323845487,65.5326413509208],[22.798435877202373,65.53246356776157],[22.798864784708115,65.53244139707134],[22.798489323845487,65.5326413509208]],[[22.79591437025868,65.53421878768498],[22.79548543051953,65.53424095034684],[22.795432000383336,65.53406316594881],[22.79591437025868,65.53421878768498]],[[22.79521828787157,65.5333520280877],[22.79516486175179,65.53317424355518],[22.79559378428945,65.53315208198363],[22.79521828787157,65.5333520280877]],[[22.793774457186263,65.52999627446562],[22.794203328932017,65.52997411737243],[22.794256740596232,65.53015190238888],[22.793774457186263,65.52999627446562]],[[22.794256740596232,65.53015190238888],[22.794739029737777,65.53030752871403],[22.794310153063392,65.53032968737845],[22.794256740596232,65.53015190238888]],[[22.794735938410287,65.5331964039187],[22.794307014265005,65.53321856307416],[22.794253594682054,65.53304077815137],[22.794735938410287,65.5331964039187]],[[22.794467277832833,65.53375191768123],[22.794038344283088,65.53377407617376],[22.79398492515758,65.53359629114993],[22.794467277832833,65.53375191768123]],[[22.7944169804066,65.53068525727693],[22.7939880971963,65.53070741509678],[22.793934685989406,65.53052962997933],[22.7944169804066,65.53068525727693]],[[22.79360940992959,65.53379623345823],[22.79318047477237,65.5338183895346],[22.793127061380797,65.5336406041474],[22.79360940992959,65.53379623345823]],[[22.793130328365095,65.53075172711279],[22.792701442744267,65.53077388130895],[22.792648040136093,65.53059609564652],[22.793130328365095,65.53075172711279]]],[[[22.602468649152428,65.45220198212593],[22.602525100489718,65.45239537889454],[22.606853360557643,65.4523572355828],[22.607177089264756,65.45197989720286],[22.602468649152428,65.45220198212593]]],[[[22.54196258444485,65.50514986304862],[22.54098965201347,65.50511991541411],[22.54124779624347,65.50600937233615],[22.540442273863285,65.50623012319751],[22.541505959871458,65.50689882862254],[22.541180637167834,65.50727604239349],[22.54032344766643,65.50731890164018],[22.541010204928533,65.50818692977388],[22.54286139857034,65.50824658377749],[22.54196258444485,65.50514986304862]]],[[[22.736323333843348,65.49359807042102],[22.736270406260324,65.49342026002226],[22.735842075057644,65.49344224714415],[22.736323333843348,65.49359807042102]]],[[[22.54612581271479,65.52579805044486],[22.547035314736465,65.52593304069718],[22.546983597331508,65.52575515221403],[22.54612581271479,65.52579805044486]]],[[[22.601773657225323,65.45279430145644],[22.60172174259618,65.45261643384754],[22.60129410270475,65.45263802587753],[22.601773657225323,65.45279430145644]]],[[[22.531310085556935,65.51372479084884],[22.53125850441321,65.51354689561465],[22.53082979735275,65.51356829885611],[22.531310085556935,65.51372479084884]]],[[[22.529920809142105,65.51343320592963],[22.53034951488502,65.51341180527922],[22.53029794102842,65.5132339096433],[22.529920809142105,65.51343320592963]]],[[[22.53040108951692,65.51358970088978],[22.530778219852632,65.51339040342104],[22.53034951488502,65.51341180527922],[22.53040108951692,65.51358970088978]]],[[[22.492608867106114,65.50771170007354],[22.49303751579644,65.5076904058098],[22.492986209590832,65.50751249475941],[22.492608867106114,65.50771170007354]]],[[[22.491700269809932,65.50757637340371],[22.492557563768315,65.50753378884853],[22.492506261201633,65.5073558775984],[22.491700269809932,65.50757637340371]]],[[[22.490586524999348,65.50672939313459],[22.490637813011148,65.50690730518355],[22.491066450446844,65.50688601662345],[22.490586524999348,65.50672939313459]]]]}},{"type":"Feature","properties":{"cyano_daymap_file_id":2821,"date":"2004-07-30Z","cloud":null,"sub_surfac":null,"surface":null,"no_data":null,"class":1,"color_hex":null,"algae_class":"class_1","source_date":"2004-07-30"},"geometry":{"type":"MultiPolygon","coordinates":[[[[22.427274549999996,65.56018974999999],[22.42472638,65.55129289],[22.43579796446375,65.55074785116415],[22.436988163465163,65.5503425781079],[22.437642851439453,65.54958855847207],[22.438931021570443,65.54952511729059],[22.44087375758266,65.54870763276068],[22.44435979282515,65.54871629006617],[22.44274442808443,65.5491567978623],[22.443275938080305,65.54949149833428],[22.44160945087273,65.5497540642598],[22.441388676374835,65.55047262812613],[22.44619702,65.55023592],[22.441092049999998,65.53244289],[22.419635810000003,65.53349899],[22.41709339,65.52460194],[22.364852729414807,65.52715877930483],[22.36566996828764,65.5276752684961],[22.367386365368237,65.52759150611139],[22.36705825791079,65.52796837175242],[22.364054509460495,65.52811493716241],[22.363953559052888,65.52775901152646],[22.362615778716023,65.5276438427278],[22.36238852990267,65.52837662568079],[22.3598138232717,65.52850217799515],[22.359157356553705,65.52925587821291],[22.35925824855757,65.52961180762834],[22.36011652469311,65.5295699644743],[22.35988919162921,65.5303027445069],[22.35731428051576,65.53042825631293],[22.35655683157519,65.53082601542833],[22.357566467068644,65.53131808322694],[22.357818672597798,65.53220790953016],[22.35600107345125,65.53193563491516],[22.354915220935684,65.53271022968976],[22.355546129624216,65.53340118501679],[22.353778886268376,65.53330685052082],[22.35398056443044,65.5340187175006],[22.35264249980175,65.5339034633305],[22.352515750017517,65.53499216909152],[22.354232679207502,65.53490855067592],[22.354333530430818,65.53526448377512],[22.351808507034985,65.53556787373928],[22.351228045157743,65.53505487019676],[22.350369571457918,65.53509666488286],[22.35004112712861,65.53547349694125],[22.347945280603973,65.5357559272289],[22.34761679309824,65.53613275445223],[22.34852569492984,65.53626894383531],[22.34862647466251,65.53662488144525],[22.34991426453592,65.53656220163727],[22.34925731879451,65.53731586362731],[22.348297986863486,65.53700171014945],[22.34620199790706,65.53728411770268],[22.345923841569274,65.5378389114176],[22.34501489714522,65.53770270682865],[22.345166006077353,65.53823661732442],[22.344408147552098,65.5386343196637],[22.341731627532546,65.53840363405509],[22.341832324543415,65.53875957700602],[22.340544402806366,65.53882218933657],[22.34026611069212,65.53937697399243],[22.338978153945803,65.53943957333955],[22.33912915149631,65.53997349096213],[22.33822016508362,65.53983724597647],[22.337512476454197,65.54041288819727],[22.336452534477598,65.53974271294369],[22.335164548637724,65.53980528012134],[22.335265162593057,65.54016122826133],[22.3336484084434,65.54060058499942],[22.332990892268338,65.54135418198597],[22.33132374073405,65.54161553996526],[22.33099494133527,65.54199233417297],[22.332863300894353,65.54244287954808],[22.332963895731545,65.54279882940398],[22.331826620931775,65.5433952946228],[22.333114793667118,65.54333275400556],[22.333695096458285,65.54384582858087],[22.327331616667205,65.54289177623252],[22.326271828184566,65.54222152816756],[22.32397422137187,65.54179172337874],[22.325591217671466,65.54135246760433],[22.32912664560779,65.54154176510136],[22.32892557536062,65.54082985903861],[22.329633467077098,65.54025425496951],[22.32895280039623,65.53938521007456],[22.33046901813344,65.53858995147081],[22.33132764518397,65.53854826817812],[22.33122709244589,65.53819231681334],[22.33488962482142,65.53729278829933],[22.334789029338598,65.53693683972355],[22.33865254495632,65.53674911927187],[22.33802199446497,65.5360580899769],[22.339638394303158,65.53561869002012],[22.33953774184373,65.53526274516477],[22.340396241933178,65.53522101167408],[22.340624160470583,65.53448825516612],[22.342240418806288,65.53404882881313],[22.342897492482198,65.53329519601574],[22.344185134674944,65.5332325664297],[22.344285841060795,65.53358850766014],[22.345952344648094,65.53332701331549],[22.34585161675436,65.53297107340744],[22.34698812234163,65.53237451042177],[22.348326085822578,65.53248981560151],[22.34913409341859,65.53227006465333],[22.34903332706221,65.5319141272446],[22.351457237159924,65.53125485124136],[22.35158402209472,65.53016614600779],[22.352593539184074,65.53065824816879],[22.354360598671022,65.53075259833795],[22.355496811634094,65.53015597434356],[22.354765156436194,65.52910908501593],[22.357339952232394,65.5289836177435],[22.35675953688574,65.52847063495211],[22.35799646561224,65.52822992494815],[22.357845164219505,65.52769602917185],[22.352734769999998,65.52775079],[22.34769876,65.50995394],[22.363917178465694,65.50916289874068],[22.364232288616417,65.50880077707905],[22.36680502823604,65.50867516917263],[22.36831833553836,65.50787956035707],[22.369040820806692,65.50856125233494],[22.367091035776998,65.50168297158179],[22.364913611190676,65.50353518928809],[22.361685557779737,65.50441446474923],[22.360979310703403,65.50499020238286],[22.35775094231317,65.5058693969604],[22.35585902439639,65.50686377620829],[22.350411744439118,65.50604676139558],[22.343829391460964,65.50582608390243],[22.339163206526447,65.50623358562903],[22.33840615728276,65.50663124991108],[22.337119809223687,65.50669381748033],[22.334848458358145,65.50788677026831],[22.334948919616174,65.5082427201684],[22.33409129545123,65.50828441406964],[22.33222139651997,65.51090113249204],[22.332623172510534,65.51232493934349],[22.331815629514107,65.51254459751475],[22.331259157386167,65.51365413317893],[22.330072864773634,65.51407259709349],[22.330223503281616,65.5146065271966],[22.32812909213151,65.51488866877962],[22.327489890245957,65.51536984864431],[22.328766329999997,65.51989553999998],[22.32668218357612,65.51999644309117],[22.327161762702286,65.52070892701933],[22.326303714177413,65.52075058095201],[22.325317806689537,65.52188092393332],[22.32445971610583,65.52192256782114],[22.324560100965353,65.52227852536176],[22.323752183668724,65.5224981441702],[22.32367444279255,65.5237648164396],[22.322816287137968,65.5238064516479],[22.322537757483772,65.5243612060599],[22.31983512140503,65.52557477006535],[22.319305680523346,65.52523961621479],[22.318068516579913,65.5254800121512],[22.314585474234203,65.52546841674506],[22.314184437592054,65.52404455475858],[22.314892224126687,65.52346902066068],[22.3143127649512,65.52295586564247],[22.315978914020334,65.52269470495577],[22.31663648666336,65.52194118129691],[22.316231211869383,65.52050242258427],[22.308991853650173,65.52104868872843],[22.309192196604368,65.52176062847866],[22.307955097999585,65.52200094105537],[22.30568109144074,65.52319348175327],[22.301290129710676,65.52304512379551],[22.300303045971553,65.52417531525433],[22.299444831903568,65.52421681844146],[22.299294755810013,65.52368285219323],[22.298386537887055,65.52354636038102],[22.295003726621776,65.52389029042867],[22.29421630915706,65.52573240708756],[22.2919413454496,65.52692475062332],[22.290224701476138,65.52700765937087],[22.29058330407316,65.52518628646975],[22.288716902113553,65.52473519993852],[22.287050333163037,65.52499606443706],[22.288359079999996,65.53087242],[22.30630937567965,65.53000460915398],[22.30662559984428,65.52964251681223],[22.306721887564766,65.52998466617952],[22.309819529999995,65.52983491],[22.31232598,65.5387341],[22.247917399999995,65.54183885],[22.24953143572398,65.54761576887229],[22.259578490578072,65.54652416702845],[22.26091684103183,65.54664024129443],[22.256291715863604,65.54722327431512],[22.256590441077815,65.54829130565187],[22.257928871074554,65.54840740555628],[22.257698516425783,65.54914006080766],[22.268717145402018,65.54806910495361],[22.268038279069142,65.54719976878027],[22.26884743866219,65.54698043545879],[22.270435257815606,65.54798642585702],[22.27203078433677,65.55023485848506],[22.282531853819336,65.54920778467171],[22.28223205372798,65.5481398151575],[22.28122314396976,65.5476472377995],[22.280364121088642,65.5476886406779],[22.27892575855553,65.54721674704244],[22.277637237770932,65.54727882984363],[22.276548405951104,65.54805289093157],[22.275689360757056,65.5480942675006],[22.275589522920257,65.54773827227471],[22.277537377117092,65.54692283612492],[22.27882588060322,65.54686075434348],[22.281153099062863,65.54584658100842],[22.28287101747116,65.54576376267273],[22.28358006837833,65.5451883627694],[22.285627437778988,65.54472881563969],[22.29078088458422,65.5444801528337],[22.290880914675068,65.54483613614775],[22.295984272190456,65.54440930526003],[22.3023470517581,65.54536468240642],[22.302067879056356,65.54591940539723],[22.303456470464596,65.5462130892366],[22.30360678823811,65.54674704891885],[22.305704029665037,65.54646521907847],[22.303807222500325,65.54745899482367],[22.305067143701457,65.54884134735111],[22.304208127248806,65.54888288547386],[22.304329909081464,65.55086150171412],[22.303091394595107,65.55110178844761],[22.302991168829735,65.5507458151453],[22.303850248982222,65.55070428330147],[22.30322025527683,65.55001310361679],[22.29940455424482,65.55037792984],[22.29952598434771,65.55235655338737],[22.30068572568834,65.55338296624048],[22.299826551207598,65.5534244810536],[22.298738142215694,65.55419869752748],[22.298208365108003,65.55386347320113],[22.296010299855716,65.55378922713645],[22.29396241782282,65.55424891971995],[22.29363292322461,65.55462563952247],[22.29234407863653,65.55468785069145],[22.292444177332786,65.5550438322808],[22.291205350476403,65.55528402483652],[22.290546246910093,65.55603745284246],[22.287409214908497,65.55727121379842],[22.28718473689271,65.55798760597483],[22.297957189161327,65.55746668649988],[22.29953969651075,65.55704650702802],[22.30019856113402,65.5562930422323],[22.304115376931644,65.55628415986507],[22.304444737986817,65.55590741857111],[22.30654270280334,65.55562557000513],[22.30755240067744,65.55611797079645],[22.305916204084255,65.5570818153701],[22.33639410263167,65.55560800694525],[22.33849146446864,65.55431244391477],[22.33630729,65.54659182999998],[22.358383584813705,65.54551635929118],[22.362488182449805,65.54406873289622],[22.36382681108491,65.54418389438382],[22.36458452387069,65.54378609626077],[22.3658726208945,65.54372327758763],[22.367059645668906,65.54330452561211],[22.36695858330872,65.54294860310667],[22.369105327459224,65.54284386638909],[22.369180858767578,65.54157719309656],[22.370948710990756,65.54167134162537],[22.37122636729532,65.54111650692344],[22.37241318696848,65.54069771499655],[22.37226150331212,65.54016383747029],[22.37279193013457,65.54049879604165],[22.37579704484139,65.54035204352472],[22.37612517040038,65.53997515876078],[22.377909146635837,65.5397928691781],[22.37671758,65.53560211],[22.398177649999997,65.53455206],[22.399112952076976,65.53782955511717],[22.399329198028845,65.53739640600347],[22.40061687844476,65.53733329578435],[22.401323073957784,65.53675737360062],[22.402181503429915,65.53671529026786],[22.402966048124455,65.53793987567448],[22.401299861743528,65.53820199475224],[22.40225985884955,65.53851580546335],[22.401124384807414,65.5391127731495],[22.4021351762253,65.539604531858],[22.399908084180034,65.54061586517615],[22.400768959967913,65.5436325549288],[22.402998249209578,65.54262963058245],[22.407669811397163,65.54222010475293],[22.4069585968063,65.53972887376578],[22.408043158862103,65.53895391859425],[22.408901647504404,65.53891179654434],[22.408800034993916,65.53855590753884],[22.415260954160676,65.53679522756428],[22.417406957314252,65.53668981312082],[22.41854194819969,65.53609272810438],[22.418440217479333,65.53573684675885],[22.419727760146152,65.53567357528321],[22.41962601522839,65.53531769487724],[22.420913533745797,65.53525441355266],[22.42124094018682,65.5348774382382],[22.422833787822718,65.53588177738203],[22.42492877002335,65.53559831859249],[22.42465231655634,65.5361532396182],[22.42621628685597,65.53553499215963],[22.4263690417163,65.53606880471484],[22.424906865783825,65.53704293017903],[22.425008690838172,65.53739880622973],[22.425867095224163,65.53735658877207],[22.42579432538094,65.53862326228891],[22.426652768511797,65.5385810399858],[22.425466941513665,65.53900024722977],[22.42572155204522,65.53988993580582],[22.424586568497293,65.5404870746024],[22.422869545682,65.5405714922609],[22.422542096196718,65.54094847153036],[22.42049755024992,65.54140984157276],[22.418656453256606,65.54258294672026],[22.414188430219536,65.54370457953053],[22.409115448666324,65.54575793439928],[22.407347205878015,65.5456642356417],[22.407573307111225,65.54493139679373],[22.406714617786555,65.54497351331152],[22.40570352706125,65.54448178818463],[22.406460595584242,65.54408378691117],[22.406308191440583,65.54354995077436],[22.405980464902928,65.5439268969631],[22.400877690218262,65.54401356858567],[22.405794789999995,65.56124411999998],[22.427274549999996,65.56018974999999]],[[22.422201045371985,65.53519112134066],[22.42263021438247,65.53517002151723],[22.422681106593704,65.53534796052061],[22.422201045371985,65.53519112134066]],[[22.42161922081502,65.53467840175644],[22.42204838196232,65.53465730366216],[22.422099268999755,65.53483524291312],[22.42161922081502,65.53467840175644]],[[22.41092298773422,65.553608527554],[22.411731092435243,65.55338844142001],[22.411957124245248,65.55265559672098],[22.41352237358943,65.55203746771114],[22.41331890205494,65.55132569830768],[22.414985792686696,65.55106343984512],[22.41594643365979,65.55137715727994],[22.417511510596462,65.55075898874499],[22.418573973012645,65.5514285705664],[22.420822999312602,65.55167897600678],[22.42026960321346,65.55278880743937],[22.417466952683768,65.55364821724189],[22.41481676803938,65.5550414022517],[22.414590800251375,65.5557742505799],[22.41034646311616,65.55616294445103],[22.40961182294787,65.55511635059294],[22.41107555731033,65.55414235738685],[22.41092298773422,65.553608527554]],[[22.41429014044499,65.54406046393841],[22.414340996706084,65.54423840610521],[22.413911670428416,65.5442594839882],[22.41429014044499,65.54406046393841]],[[22.403067578173346,65.53829576942026],[22.402638338685872,65.53831681445611],[22.402587576157025,65.53813886742284],[22.403067578173346,65.53829576942026]],[[22.371832203162935,65.54018479571987],[22.371402902252697,65.54020575275916],[22.371352348313966,65.54002779319059],[22.371832203162935,65.54018479571987]],[[22.37092304952165,65.54004874884754],[22.370493749968382,65.54006970329417],[22.370443202548458,65.53989174335702],[22.37092304952165,65.54004874884754]],[[22.369635148579157,65.5401116085565],[22.37006444965421,65.5400906565305],[22.370114994956065,65.54026861661514],[22.369635148579157,65.5401116085565]],[[22.369256386287145,65.54031051980087],[22.369685691002026,65.54028956881315],[22.369736234185744,65.54046752904529],[22.369256386287145,65.54031051980087]],[[22.368877618237054,65.54050943015433],[22.369306926591804,65.54048848020497],[22.369357467657295,65.54066644058462],[22.368877618237054,65.54050943015433]],[[22.36875153237667,65.54159814286749],[22.368700993265488,65.54142018226638],[22.36913031677706,65.54139923266746],[22.36875153237667,65.54159814286749]],[[22.36849884442878,65.54070833961697],[22.368928156423433,65.54068739070595],[22.368978695370608,65.54086535123308],[22.36849884442878,65.54070833961697]],[[22.36847381848524,65.54215297360027],[22.36804448193436,65.54217392146631],[22.367993946299592,65.54199596059476],[22.36847381848524,65.54215297360027]],[[22.3677918113682,65.54128411686352],[22.367362488453644,65.54130506265928],[22.367311959501933,65.54112710149327],[22.3677918113682,65.54128411686352]],[[22.363346927924717,65.54402686675321],[22.363296420001905,65.5438489040389],[22.363725788718657,65.54382796932343],[22.363346927924717,65.54402686675321]],[[22.360066072558308,65.5293920001222],[22.360495206610672,65.52937107690222],[22.360545661622105,65.5295490410826],[22.360066072558308,65.5293920001222]],[[22.360063386983516,65.54472819439148],[22.36001289982148,65.54455023037579],[22.360442283261186,65.54452930482954],[22.360063386983516,65.54472819439148]],[[22.35597533396527,65.5333802739203],[22.35602576751517,65.53355823981933],[22.35559656029639,65.53357915108745],[22.35597533396527,65.5333802739203]],[[22.355951712088945,65.5286904248097],[22.355093456812448,65.52873224412791],[22.355043040873774,65.52855427774102],[22.355951712088945,65.5286904248097]],[[22.354673440872713,65.5072824260397],[22.354244663955328,65.50730332919329],[22.354194303719655,65.50712536196014],[22.354673440872713,65.5072824260397]],[[22.354030985868064,65.53419668418447],[22.354081408064562,65.53437465084397],[22.353652185539563,65.53439555674824],[22.354030985868064,65.53419668418447]],[[22.354007705028817,65.52950683139404],[22.35357856247,65.52952773629538],[22.353528155003776,65.52934976931988],[22.354007705028817,65.52950683139404]],[[22.35360176622104,65.53421758991715],[22.353172545815184,65.53423849443973],[22.353122130133457,65.53406052741266],[22.35360176622104,65.53421758991715]],[[22.35328639962039,65.50698919669826],[22.352857626174373,65.5070100958833],[22.352756926716665,65.50665416026646],[22.35328639962039,65.50698919669826]],[[22.349307715711536,65.53749383212663],[22.349358113387172,65.53767180060154],[22.34892883206469,65.53769269368965],[22.349307715711536,65.53749383212663]],[[22.348878437267956,65.53751472504324],[22.34801987810513,65.53755650724555],[22.347969489824745,65.53737853823175],[22.348878437267956,65.53751472504324]],[[22.345317121833638,65.53877052760082],[22.34488781853122,65.53879140944278],[22.344837448733468,65.53861343920357],[22.345317121833638,65.53877052760082]],[[22.342261630273278,65.53873870380833],[22.342311982795003,65.53891667507591],[22.341882674185733,65.53893754844496],[22.342261630273278,65.53873870380833]],[[22.341074399334765,65.5391572633091],[22.342033727660496,65.53947146261565],[22.340796115405002,65.53971204885798],[22.341074399334765,65.5391572633091]],[[22.339380829235516,65.54086335317955],[22.338951485766238,65.54088421857804],[22.338850818157066,65.54052827342149],[22.339380829235516,65.54086335317955]],[[22.33713345974232,65.54061172153963],[22.33670411824458,65.54063258054279],[22.336653799976173,65.54045460707161],[22.33713345974232,65.54061172153963]],[[22.3363485997238,65.542454031716],[22.33591922715133,65.5424748887999],[22.335868909948008,65.54229691505829],[22.3363485997238,65.542454031716]],[[22.335187979246374,65.541427900831],[22.333091483779363,65.54171013179126],[22.33541608920631,65.54069515028891],[22.335187979246374,65.541427900831]],[[22.33058872492322,65.54363580018894],[22.33015932734469,65.54365664117876],[22.33010904668379,65.5434786651621],[22.33058872492322,65.54363580018894]],[[22.328894185758607,65.54534178224698],[22.328464758464847,65.54536261872273],[22.328414485396152,65.54518464206915],[22.328894185758607,65.54534178224698]],[[22.32738187701554,65.54306975337286],[22.326952485662023,65.54309058520296],[22.3269022281945,65.54291260789162],[22.32738187701554,65.54306975337286]],[[22.321144940931237,65.52713497207479],[22.321674445065543,65.52747011885936],[22.32048737736734,65.52788851522816],[22.321144940931237,65.52713497207479]],[[22.3210947601316,65.52695699206771],[22.32152389176996,65.52693617942322],[22.32157407544666,65.5271141592595],[22.3210947601316,65.52695699206771]],[[22.31307565986155,65.52319622016311],[22.313504737409403,65.52317543080179],[22.31355485770251,65.52335341392636],[22.31307565986155,65.52319622016311]],[[22.312696696100005,65.52339499178048],[22.313125777278287,65.52337420345827],[22.313175895449085,65.52355218672925],[22.312696696100005,65.52339499178048]],[[22.310923852228967,65.52636744484737],[22.310494719743804,65.52638822743],[22.310444613276943,65.52621024315711],[22.310923852228967,65.52636744484737]],[[22.309736656198226,65.52678575812102],[22.308878374441214,65.52682731549895],[22.30882827797552,65.52664933059219],[22.309736656198226,65.52678575812102]],[[22.309399508678926,65.55494615954625],[22.309070231409198,65.55532291079398],[22.308540299443333,65.55498772415058],[22.309399508678926,65.55494615954625]],[[22.30566705519463,65.52932808534278],[22.305237868991497,65.52934885354281],[22.30518779150394,65.52917086724523],[22.30566705519463,65.52932808534278]],[[22.299768925856352,65.55631379933808],[22.29951842005631,65.55542385990266],[22.299948040910703,65.5554031036495],[22.299768925856352,65.55631379933808]]],[[[22.366903636862958,65.50102188211606],[22.36635105808193,65.50093904095179],[22.366401486687373,65.50111700345263],[22.366903636862958,65.50102188211606]]],[[[22.366721588281884,65.50037966708604],[22.36662842902364,65.50038421748626],[22.366727070179568,65.5003990056443],[22.366721588281884,65.50037966708604]]],[[[22.31873816,65.48429963],[22.297315499999996,65.48533804],[22.296082598925825,65.48094065594167],[22.29550013155521,65.48074915121025],[22.293786531335687,65.48083207028007],[22.29388630844863,65.48118805421095],[22.29169438804774,65.48111368477578],[22.290608628659704,65.48188781690116],[22.288566219952745,65.48234738262053],[22.28723107569051,65.48223152116587],[22.28647389560453,65.48262892660757],[22.286324372386137,65.48209494193836],[22.28718122963234,65.48205352659159],[22.28773898885656,65.48094414050135],[22.28859580570913,65.480902717531],[22.289681586330794,65.48012859965873],[22.29230181246729,65.48018227671528],[22.29205244078218,65.4792923134386],[22.29066757716662,65.4789984881118],[22.292759564073936,65.47871688938547],[22.293088175475148,65.47834018007093],[22.295001176300815,65.4789692369088],[22.295200749408323,65.47968120291803],[22.29572240494125,65.47965595328479],[22.29482032,65.47643849],[22.31623582,65.4754005],[22.31028199465305,65.45419465126484],[22.307930482086533,65.45543099338676],[22.30365071903096,65.45563856506207],[22.301232467674065,65.45629701910843],[22.300904233813917,65.4566737424222],[22.298814093127078,65.45695543563592],[22.297301490619454,65.45775034146445],[22.295589402097676,65.45783326597041],[22.294504687982293,65.4586074157952],[22.292792532734953,65.45869030924347],[22.291657876312495,65.45928644680859],[22.290070137194768,65.45947699677299],[22.29232701999999,65.46753887],[22.249504749999996,65.46960493999998],[22.25198372,65.47850539999999],[22.23056263,65.47953434],[22.23303629,65.48843516],[22.19017418,65.4904848],[22.192635340000002,65.49938641],[22.242776081073387,65.49698124732116],[22.243897706985393,65.49658646261551],[22.243798539527052,65.49623043978794],[22.245612530213425,65.4965040974436],[22.24765682332604,65.49604509399624],[22.24874444070288,65.49527125247664],[22.248545988835044,65.49455921426187],[22.249403326617827,65.49451800846485],[22.25091948439448,65.49372354782791],[22.25258445631207,65.49346309708095],[22.25311238390579,65.49379849922232],[22.25654158257627,65.49363354474004],[22.256442256502318,65.49327753176972],[22.258156814958454,65.49319502687916],[22.260908803517413,65.49216057325798],[22.260710048966743,65.49144855399652],[22.259424224421416,65.49151045528501],[22.255436006505928,65.49278475631553],[22.252485184894667,65.49310708097202],[22.251479014930943,65.49261427838276],[22.249286218537794,65.49253930227326],[22.248659152251573,65.49184786683384],[22.253964856440383,65.4890672224899],[22.25648663717805,65.48876549741698],[22.256815895191234,65.48838886070386],[22.258958689026272,65.48828572523618],[22.258809688486586,65.48775170823527],[22.257902930791428,65.48761495897904],[22.25808317610598,65.48670430157674],[22.257027506362075,65.4860335283241],[22.257834893532145,65.48581427120311],[22.25773558572568,65.48545825888665],[22.25630111683972,65.48498611187546],[22.257158126100386,65.4849448653218],[22.25859260772149,65.48541700407075],[22.25796547896267,65.48472560783985],[22.259679471088624,65.48464309125022],[22.25915165237565,65.48430771095956],[22.26038745527756,65.48406781031937],[22.260238454597403,65.483533794716],[22.261045737642128,65.48331452146132],[22.260468263463036,65.4828011406857],[22.26132519320829,65.48275987127917],[22.260797393151204,65.4824244965503],[22.264405040276888,65.4813487204561],[22.265013450056607,65.4804174124634],[22.265541261385707,65.48075277235479],[22.267205257802974,65.48049217013968],[22.267136625537393,65.47869149237236],[22.265323672926403,65.47841808279283],[22.26512492436027,65.4777060692253],[22.269668816885478,65.47532221364568],[22.27347405975772,65.47495823993196],[22.27380290770117,65.4745815702395],[22.275466426480367,65.47432088174298],[22.278464595550215,65.4741761305459],[22.278992446203365,65.47451144305555],[22.28113399803078,65.47440800539583],[22.283982721489743,65.47372915391655],[22.284480806646133,65.47550911325443],[22.285815594461795,65.47562500255165],[22.28739955757018,65.47663085338066],[22.286841865512116,65.47774023757493],[22.2877686232902,65.47949947508219],[22.28587584316273,65.4804929866342],[22.28264783774664,65.4813705733052],[22.282368850925238,65.48192525826852],[22.280655123439757,65.48200802963949],[22.28042588893358,65.48274070866675],[22.27891126593441,65.48353545013134],[22.279060647784927,65.48406944352952],[22.27996738477249,65.48420606601752],[22.28291683533818,65.48388321832634],[22.284102560246023,65.4834651300156],[22.284252047575578,65.48399911723543],[22.28515880749576,65.48413570833877],[22.285308321015663,65.48466969425236],[22.284501208098646,65.48488909545506],[22.283993068878164,65.48617646744538],[22.28280722141292,65.48659455610357],[22.282956703906684,65.48712854464469],[22.283813732483107,65.48708714670407],[22.284391760696383,65.48760043271987],[22.285248801990008,65.48755902651361],[22.28559773680923,65.48880499249242],[22.284661024783947,65.49011307192102],[22.283475012954646,65.49053116743906],[22.282538136667014,65.491839235321],[22.281730781169355,65.49205862411554],[22.282308884644085,65.49257191734281],[22.280594459240426,65.492654694928],[22.279886703985774,65.49323006823626],[22.27860084674829,65.49329213301606],[22.279587786843788,65.49216208449047],[22.279946794090502,65.49034073252962],[22.281132855579806,65.48992266421268],[22.280883751740422,65.48903267990033],[22.279976841027874,65.48889606463301],[22.279628172498178,65.48765008304572],[22.277156579864545,65.48813018882612],[22.276448864906328,65.48870554564792],[22.270120065709005,65.48937160649179],[22.269840735304847,65.48992627168154],[22.268275642017144,65.4905429123479],[22.268474594233616,65.49125491970763],[22.27066732157325,65.49132961807246],[22.271673795826082,65.49182228988802],[22.272530999785648,65.4917809542148],[22.272779850976747,65.49267095477337],[22.27587972760798,65.49288223360797],[22.27622830180698,65.49412822474224],[22.27589925888236,65.49450490160451],[22.27456353894873,65.49438893389559],[22.275281069780974,65.49542204049568],[22.283694831957707,65.4950165183371],[22.28252818305413,65.49490656527827],[22.28195002091753,65.49439327347554],[22.28260791858057,65.49363989454862],[22.285787559569858,65.49258429908167],[22.287701454196327,65.49321343947923],[22.28656522251525,65.49380955428998],[22.286764702770775,65.49452153231039],[22.286036939138988,65.49490332146235],[22.299812539999994,65.49423752999999],[22.303466168518757,65.5072442803277],[22.304658751707596,65.50718654932653],[22.30536631469052,65.50661106197985],[22.306602715939594,65.50637077746201],[22.306502649466154,65.50601480484472],[22.307360252212963,65.50597326765902],[22.307260177259554,65.5056172956265],[22.30859660422047,65.50573296732139],[22.310540336474645,65.50491714711778],[22.31273430044664,65.50499122279528],[22.313012856522153,65.50443648613972],[22.313920474265824,65.50457289608251],[22.314020635103788,65.50492886285461],[22.315306962984018,65.50486649203565],[22.31477801545172,65.50453131742725],[22.317350620935063,65.50440655245346],[22.317200316404996,65.50387260620668],[22.31843647451547,65.50363222731932],[22.318714895765297,65.50307748149307],[22.32047997928138,65.50317224694854],[22.321615816360428,65.50257588115744],[22.323280596541053,65.50231465358421],[22.32313018540837,65.50178071428954],[22.32363802359905,65.50170536244494],[22.31873816,65.48429963]],[[22.284880500278078,65.49244771471878],[22.285309100261532,65.49242701005277],[22.285358957466105,65.49260500512561],[22.284880500278078,65.49244771471878]],[[22.316799537466363,65.50244874848418],[22.316370803354776,65.502469543792],[22.31632071224783,65.50229156129728],[22.316799537466363,65.50244874848418]],[[22.31434924523527,65.5045521073592],[22.314299163073944,65.50437412410737],[22.314727930418638,65.50435333434591],[22.31434924523527,65.5045521073592]],[[22.301728665385937,65.46890149720875],[22.301529014053266,65.46818954057072],[22.302435304494068,65.46832603264895],[22.302335470372306,65.46797005491358],[22.30536141976197,65.46638011987221],[22.30783043090917,65.46589957838665],[22.308158672283028,65.46552283995338],[22.309921177524956,65.46561775430217],[22.309314694761227,65.46654922387762],[22.30674576346874,65.46667381566714],[22.30737371123645,65.46736500117582],[22.306189086021313,65.46778326121338],[22.30638886034024,65.46849521046634],[22.304775972711667,65.46893422051903],[22.304547511063376,65.46966692847077],[22.3036910925129,65.46970843796255],[22.302984445758362,65.47028390847149],[22.301371389999723,65.47072288382813],[22.29875210491654,65.47066935475098],[22.298980736888005,65.46993665388042],[22.299837171928584,65.4698951709386],[22.300115671822557,65.46934045853654],[22.301728665385937,65.46890149720875]],[[22.30607384696428,65.50603557162434],[22.306023817728356,65.50585758510913],[22.3064526173579,65.50583681849982],[22.30607384696428,65.50603557162434]],[[22.304129890188506,65.50685133661577],[22.303701071683548,65.50687209682359],[22.30360104241621,65.50651612191847],[22.304129890188506,65.50685133661577]],[[22.29239270060562,65.48360558182607],[22.292821148536028,65.48358485735943],[22.292871036492276,65.48376284965569],[22.29239270060562,65.48360558182607]],[[22.29329948654044,65.48374212381152],[22.295113086071222,65.48401519117972],[22.29574117224108,65.48470642363165],[22.29488424448329,65.484747888228],[22.294984054580134,65.48510387110048],[22.29284169338915,65.48520751315574],[22.290828524496437,65.48422244698071],[22.290728775009278,65.48386646076172],[22.291207106041007,65.48402373390752],[22.29329948654044,65.48374212381152]],[[22.287826638509813,65.46885283252908],[22.288732885239654,65.46898940727651],[22.289868018678497,65.46839328698465],[22.291630664018452,65.46848841344271],[22.291879897000204,65.4693783788355],[22.29107330675148,65.46959780997835],[22.291172995225054,65.46995379659822],[22.289888313791774,65.4700159457697],[22.288374700469923,65.47081077213869],[22.28452048571667,65.47099711713777],[22.28437108263097,65.4704631293155],[22.28716947646138,65.46960622697816],[22.287826638509813,65.46885283252908]],[[22.290338922773078,65.47937519258512],[22.289910541398193,65.47939590935322],[22.289860683640097,65.47921791577672],[22.290338922773078,65.47937519258512]],[[22.288994650939838,65.48232666917345],[22.289044509964246,65.48250466302065],[22.288616076110053,65.4825253766375],[22.288994650939838,65.48232666917345]],[[22.28619497861273,65.48318361794105],[22.28591605040745,65.4837383088691],[22.28533808246721,65.48322502807872],[22.28619497861273,65.48318361794105]],[[22.284988744207357,65.4742217415549],[22.285038557331305,65.47439973718541],[22.28461025232735,65.47442043816609],[22.284988744207357,65.4742217415549]],[[22.2811725544839,65.49316799258212],[22.280743938400082,65.49318868567511],[22.28069411126465,65.4930106887834],[22.2811725544839,65.49316799258212]],[[22.2473095798028,65.49479902398951],[22.247738254175342,65.49477842515199],[22.24778786102709,65.49495643505547],[22.2473095798028,65.49479902398951]],[[22.24778786102709,65.49495643505547],[22.248266147993764,65.4951138445512],[22.247837468624528,65.49513444493515],[22.24778786102709,65.49495643505547]],[[22.243369837599737,65.49625102772153],[22.243320257860226,65.4960730161032],[22.243748956915944,65.49605242833844],[22.243369837599737,65.49625102772153]]],[[[22.28734604,65.44973946],[22.284858339999996,65.44083966999999],[22.28899024824722,65.44063946065691],[22.287524461153705,65.43675559729498],[22.285187103257137,65.43614710907417],[22.279856131984953,65.43568337771842],[22.278851728732217,65.43519073972955],[22.275858020858976,65.43533545440803],[22.27837438018823,65.43503341768614],[22.27827502597208,65.43467741924627],[22.27646504313031,65.4344041138386],[22.27498344803333,65.43375411893645],[22.277927309682273,65.43343142395307],[22.277728631047463,65.43271942611631],[22.279011519829748,65.43265739818723],[22.28011519683528,65.43350603321537],[22.28182575592917,65.43342329941696],[22.2817263622336,65.43306730364093],[22.28263132807336,65.43320392775082],[22.281955204563744,65.43233462635536],[22.282909848750002,65.43264924680041],[22.283188358257934,65.43209456544548],[22.283715387995112,65.43242986967172],[22.284570627063783,65.43238848518757],[22.2844176493342,65.43184072237442],[22.282372519999996,65.43193981],[22.28168711397713,65.42982196998939],[22.280255335391676,65.42935002357366],[22.28148209604999,65.42874947637402],[22.27988855,65.4230399],[22.23713775,65.42510175],[22.239607440000004,65.43400251],[22.26099091,65.43297267],[22.26843255,65.45967332],[22.28631822343077,65.45880914724853],[22.285475796101412,65.45579706573942],[22.286282015589595,65.45557766816249],[22.286082906811505,65.4548656856914],[22.287366856124834,65.45480357616012],[22.28812324008699,65.45440617409177],[22.28797387792462,65.45387218938602],[22.28882980880568,65.45383077387314],[22.288730226326003,65.45347478462764],[22.290242854487232,65.45267996442146],[22.291904816675036,65.45241911030152],[22.291655777841406,65.45152914295232],[22.29298936251726,65.45164498081141],[22.292889733563705,65.45128899476963],[22.294601404760872,65.45120610503348],[22.29450175592217,65.45085012025311],[22.29568582130996,65.45043195744996],[22.295382941057287,65.44935000856447],[22.28734604,65.44973946]],[[22.27498344803333,65.43375411893645],[22.274506148783082,65.4335967841615],[22.27493379650187,65.4335761183528],[22.27498344803333,65.43375411893645]],[[22.274028855244207,65.43343944781938],[22.274456500851873,65.4334187833848],[22.274506148783082,65.4335967841615],[22.274028855244207,65.43343944781938]],[[22.280155981678657,65.42899402635781],[22.280106305939405,65.42881602771396],[22.280533870367144,65.42879534685798],[22.280155981678657,65.42899402635781]],[[22.279678740766858,65.42883670736529],[22.279629068626807,65.4286587085283],[22.280056630944983,65.4286380290462],[22.279678740766858,65.42883670736529]],[[22.279907610430474,65.42810403289927],[22.279052502175162,65.42814538964349],[22.27900283586828,65.42796739054155],[22.279907610430474,65.42810403289927]],[[22.279201505563865,65.42867938680574],[22.279151837022926,65.42850138777557],[22.279579397231508,65.42848070966733],[22.279201505563865,65.42867938680574]],[[22.277529964329847,65.43200742789669],[22.27795758324763,65.43198675380206],[22.278007251665088,65.43216475322363],[22.277529964329847,65.43200742789669]],[[22.276724384111738,65.43222677240053],[22.27757962989207,65.4321854274875],[22.277629296199063,65.43236342705431],[22.276724384111738,65.43222677240053]],[[22.276018102243714,65.43280211315307],[22.275590468181033,65.43282278189999],[22.27554081466147,65.43264478153506],[22.276018102243714,65.43280211315307]],[[22.27312392317566,65.43330277176571],[22.272268632460563,65.43334409186193],[22.272219000296513,65.43316609019186],[22.27312392317566,65.43330277176571]]],[[[22.285935882172765,65.49490820566785],[22.28510002703976,65.4947823566644],[22.28488262714637,65.49495911075803],[22.285935882172765,65.49490820566785]]],[[[22.359831643865046,65.54544581551978],[22.359785457309187,65.54528301131468],[22.35943883315463,65.54546495172072],[22.359831643865046,65.54544581551978]]],[[[22.44128216755481,65.55013108240112],[22.44085277060432,65.55015223741874],[22.44090382243029,65.55033016868542],[22.44128216755481,65.55013108240112]]],[[[22.424223133350928,65.53617434531968],[22.424274038787516,65.5363522836547],[22.424703224869518,65.53633117777997],[22.424223133350928,65.53617434531968]]],[[[22.407720618174846,65.54239804963805],[22.408149919856346,65.54237698956368],[22.40809911020016,65.54219904485139],[22.407720618174846,65.54239804963805]]],[[[22.40749453897317,65.5431308884872],[22.407443732014784,65.54295294352805],[22.407014420167854,65.54297400170068],[22.40749453897317,65.5431308884872]]],[[[22.407116029092037,65.54332989194003],[22.407065224247546,65.54315194683271],[22.406635908757117,65.54317300396795],[22.407116029092037,65.54332989194003]]],[[[22.406737513453358,65.54352889450362],[22.406686710722852,65.54335094924815],[22.406257391588884,65.54337200534603],[22.406737513453358,65.54352889450362]]],[[[22.31539356237628,65.52524884521478],[22.314964452572273,65.525269640253],[22.315443700350237,65.52542682753712],[22.31539356237628,65.52524884521478]]],[[[22.3514052524345,65.53414413271578],[22.351506061532643,65.53450006811806],[22.35193528785148,65.53447916826433],[22.3514052524345,65.53414413271578]]],[[[22.349184477734166,65.53244803332112],[22.350472059914374,65.5323853508254],[22.350371274775963,65.53202941449442],[22.349184477734166,65.53244803332112]]],[[[22.337160229468267,65.53916707561547],[22.33673091176636,65.53918793445914],[22.336781227612114,65.53936590792932],[22.337160229468267,65.53916707561547]]],[[[22.331726038835,65.54303934388574],[22.331296652170206,65.54306018799439],[22.33134693995928,65.54323816354622],[22.331726038835,65.54303934388574]]]]}},{"type":"Feature","properties":{"cyano_daymap_file_id":2821,"date":"2004-07-30Z","cloud":null,"sub_surfac":null,"surface":null,"no_data":null,"class":1,"color_hex":null,"algae_class":"class_1","source_date":"2004-07-30"},"geometry":{"type":"Polygon","coordinates":[[[23.096717745905952,65.34513013650908],[23.058426429999994,65.34719303999998],[23.05569011,65.33830923999999],[23.034423150000002,65.33945042000002],[23.037152429999995,65.34833468],[23.01587639,65.34947333],[23.021326979999998,65.36724256999999],[23.00003483,65.36837915000001],[23.005479450000003,65.38614904000002],[23.02678570999999,65.38501152],[23.03498913,65.41166444],[23.013661659999997,65.41280334],[23.01639314,65.42168797],[23.041737263848745,65.42033388457155],[23.096717745905952,65.34513013650908]]]}}]}