{"type":"FeatureCollection","properties":{"source":"SMHI SE.SR Ytansamling av alger","date":"2004-06-02","note":"Test: SMHI WFS clipped to Lulea municipal sea area and simplified 20 m."},"features":[{"type":"Feature","properties":{"cyano_daymap_file_id":2763,"date":"2004-06-02Z","cloud":null,"sub_surfac":null,"surface":null,"no_data":null,"class":1,"color_hex":null,"algae_class":"class_1","source_date":"2004-06-02"},"geometry":{"type":"MultiPolygon","coordinates":[[[[22.35780783,65.85227034999998],[22.35676416428944,65.85232063861197],[22.356618563148025,65.85306327045151],[22.357538825171464,65.85319929497648],[22.35666975616428,65.85324122858398],[22.35649118248432,65.85415198470633],[22.35534108636519,65.85474875079258],[22.3531170936752,65.85467558620488],[22.35240146862002,65.85525137468856],[22.351481157826438,65.85511531969225],[22.350816642678684,65.85586906139817],[22.35132827344358,65.85764866421835],[22.350024424916672,65.85771151213086],[22.34935980363219,65.85846524850785],[22.350791884100644,65.86038091955272],[22.34679920525899,65.86182208889676],[22.360396094042407,65.86126313286734],[22.360942614517928,65.86043261187731],[22.362578716413694,65.8599927755315],[22.36247621705252,65.85963686429918],[22.359995628208274,65.85867402475571],[22.361094549303438,65.8578992668466],[22.360940847289307,65.85736539802727],[22.362857613187007,65.8563707134304],[22.363113841545715,65.85726049094184],[22.364034287712965,65.85739647458918],[22.364546869963025,65.85917602403002],[22.363728869250362,65.85939595444667],[22.36388264374755,65.85992981976632],[22.365289102040222,65.86022276198979],[22.36603139696278,65.86126949574175],[22.36690071903609,65.86122750647597],[22.36661990304796,65.86178236361567],[22.367489241311716,65.8617403708482],[22.36733537890061,65.86120651000023],[22.367872618060545,65.86154141920443],[22.369176608373134,65.8614784176754],[22.369330510980397,65.86201227628536],[22.366160801117605,65.8632479848781],[22.367364874071992,65.86589629593438],[22.36828565408756,65.8660322507862],[22.368569210948024,65.86854459496668],[22.369490092899174,65.86868054159017],[22.369157942640093,65.86905745090446],[22.370999759052506,65.8693293310105],[22.37109838429369,65.86967123430355],[22.3746363115199,65.86950022182097],[22.37307102532503,65.86886836941892],[22.37281431318158,65.86797861326161],[22.37424528169275,65.86682684455394],[22.3739885533847,65.86593709051836],[22.375676123773644,65.86567506365789],[22.379078840158954,65.86677352561267],[22.380410836432116,65.86833299568345],[22.382252711966025,65.86860473965966],[22.38382033650976,65.86606933486021],[22.38210105,65.86011780000001],[22.39636777646959,65.8594240799699],[22.39668447049406,65.85906410026999],[22.39885743269808,65.85895868529497],[22.398748369029253,65.85930832358068],[22.400014754283514,65.85924674555724],[22.400492768037203,65.85851845052014],[22.4022310874637,65.85843407817926],[22.40325482732723,65.85892570248438],[22.40412399693412,65.85888350298265],[22.40468392977639,65.85777366685228],[22.405884531025684,65.85735447777965],[22.407880538852247,65.85815973235852],[22.408749673439885,65.858117506887],[22.409629663555137,65.85877922028693],[22.447286199999997,65.85694816999998],[22.446338443736582,65.85369342803227],[22.445394083935376,65.8538062549804],[22.44518685532831,65.85309456554697],[22.44603545252393,65.8526529092262],[22.44469572,65.84805206],[22.453531131106924,65.8476198962037],[22.454926057903805,65.84720497781029],[22.455327979857405,65.8455612241118],[22.456196594898696,65.84551873384453],[22.456909602434774,65.84494248527],[22.458646781295908,65.84485748230665],[22.46012450465257,65.8438828772511],[22.46099305350462,65.84384036035239],[22.461271643938787,65.84328535186883],[22.463060598866562,65.84337821593921],[22.465185892761575,65.8427854756056],[22.46381688,65.83809409],[22.420395559999996,65.84021462999999],[22.42239335729499,65.84710061536012],[22.423290285538098,65.84748577600868],[22.42260805758896,65.84784064193079],[22.422976689999995,65.84911123999998],[22.37953274,65.85122038],[22.37696638,65.8423229],[22.39077011762035,65.84165380339242],[22.390311577062707,65.84006629534004],[22.39092314237387,65.83913445222858],[22.39434580504925,65.83878798673132],[22.395802852541365,65.83925859942391],[22.395882907231233,65.84105910062509],[22.395146959196502,65.84144164854484],[22.39868195,65.8412703],[22.39611016,65.83237319],[22.374401969999997,65.83342535999999],[22.369278999999995,65.81563008999998],[22.390972449999992,65.81457878999998],[22.392408134611898,65.81955319702074],[22.396173862752665,65.81921191731841],[22.397578415662355,65.8195045807269],[22.397681208197692,65.81986046558896],[22.399034406315153,65.819975172778],[22.39837214935081,65.82072909943484],[22.39297429824192,65.82151485929164],[22.393540320000003,65.82347603000001],[22.40730784944262,65.82280677870956],[22.40582973089411,65.82217107860352],[22.40761704650797,65.8222646077478],[22.408153959035346,65.82259937848647],[22.40740169238675,65.8228022169244],[22.41523918,65.82242123],[22.414182043332293,65.81876769785252],[22.413787655142794,65.81925773599977],[22.412537432731995,65.8194990326792],[22.412691932724304,65.82003284181785],[22.410956246814933,65.82011730778625],[22.41041935207263,65.81978254673105],[22.411919503263377,65.81736379387704],[22.413221126862915,65.8173004393973],[22.41362615317712,65.81684650581136],[22.41009065,65.80462758],[22.38840652,65.8056815],[22.38706102302534,65.8010088586932],[22.38379357003362,65.80068651622862],[22.383383553120858,65.79926292783065],[22.38419949524504,65.79904291198876],[22.38509019697903,65.79755621881037],[22.38597205516512,65.79722709158314],[22.38072043,65.77898925],[22.40238251,65.77793663999998],[22.405340733788023,65.78818399064147],[22.40690149282099,65.78783515683706],[22.405755466561086,65.78843226299315],[22.407107034843968,65.7885469143768],[22.40736397994041,65.78943661074086],[22.410192193204285,65.78857713649538],[22.411058977861508,65.78853492056277],[22.410831237624894,65.78926778059646],[22.41343164807856,65.78914110657323],[22.41289539148274,65.78880634803933],[22.41404126506593,65.7882091897099],[22.415341410965905,65.78814583144808],[22.41567190122914,65.7877688378439],[22.41536324956644,65.78670122203845],[22.41628140687399,65.78683691310478],[22.41638430095351,65.787192784391],[22.418117749718878,65.78710827837794],[22.417963374507558,65.78657447350803],[22.422296853529932,65.78636312804082],[22.423266526500257,65.78667671000284],[22.424081722000764,65.78645648811798],[22.42428772486926,65.78716821800407],[22.42298765468286,65.78723165180591],[22.42362700407241,65.7879222393144],[22.422708771492292,65.78778659320922],[22.42281175880593,65.7881424592513],[22.42469976816544,65.78859167657573],[22.42506034713561,65.78983720151261],[22.42348125263196,65.7904555860867],[22.42358426342009,65.79081145137856],[22.41848614085375,65.79142097308767],[22.41794977024116,65.79108623343537],[22.416216053437605,65.7911707401375],[22.415679717320323,65.790835992167],[22.414812864422544,65.79087823502527],[22.41545209255348,65.79156885797823],[22.41246943764029,65.7918946199829],[22.41267517224514,65.79260636814531],[22.411808253920213,65.79264859455952],[22.412447448822853,65.79333923042648],[22.411095606345402,65.79322462903207],[22.410485773477525,65.79415653620626],[22.409185310178525,65.79421985614327],[22.40890606054841,65.79477477584037],[22.407605561405376,65.79483808265512],[22.40751932,65.79573066],[22.42919414,65.79467410999999],[22.42661741,65.78577757],[22.448282920000004,65.78471839999999],[22.443120650000004,65.766926],[22.399817029999998,65.76903953],[22.3972535,65.76014236],[22.41889895,65.75908756000001],[22.416330029999997,65.75019077],[22.39469191,65.75124513],[22.392132259999997,65.74234784],[22.41376307,65.74129391],[22.411198050000003,65.73239699000001],[22.45443919,65.73028084],[22.44928575,65.71248857],[22.470888789999997,65.71142679],[22.46572857,65.69363514],[22.48731507,65.69257119],[22.479567539999998,65.66588455999998],[22.45800287,65.66694719],[22.459175576239332,65.67100133164543],[22.460184828448874,65.67028225393096],[22.4632043732564,65.67013362183884],[22.463307353919724,65.67048946053659],[22.464170085633246,65.67044698257104],[22.46606935367808,65.66945117555248],[22.470002976038025,65.66943783421357],[22.470331244876487,65.66906074412167],[22.47205658240918,65.66897570476962],[22.472417434056712,65.67022111473446],[22.472797231364652,65.6700219351691],[22.47716227185867,65.66998714262594],[22.47726544332446,65.67034296996181],[22.475868234544787,65.67005096780453],[22.474194405526035,65.67031396591284],[22.474986755205837,65.67153809918359],[22.473744199463447,65.67177982171975],[22.473519079078816,65.67251274929622],[22.472276462613642,65.67275446043134],[22.472810981186704,65.67308902714258],[22.471999735739477,65.67330947060962],[22.47210285228794,65.67366530199668],[22.471240029163162,65.67370782591512],[22.47198079202349,65.67475405917277],[22.471324158691015,65.67550824672989],[22.471910287129948,65.67602073203193],[22.470216997586114,65.67772828000417],[22.468645706463796,65.678347055318],[22.468748801112174,65.67870288920028],[22.465380546309994,65.68067331420531],[22.463551369321785,65.6804024477716],[22.46334530954481,65.67969077160433],[22.465090699733906,65.6781612129019],[22.46729968922566,65.67823289483319],[22.468439526524836,65.67763538725143],[22.46823335906203,65.67692371878216],[22.467215819909512,65.67643246920963],[22.46376410176171,65.67660242868874],[22.463055677083467,65.67717866430453],[22.460898276473,65.67728483986463],[22.460795296360615,65.67692899952621],[22.457774943533675,65.6770775917273],[22.457672007279005,65.6767217488389],[22.45680905396096,65.67676419209667],[22.455823348943067,65.67789538146346],[22.45496035291585,65.67793781464505],[22.454631752764943,65.67831487479512],[22.4529057249718,65.67839972307638],[22.45300860383001,65.67875556976033],[22.45247421607785,65.67842093210274],[22.451179684727066,65.6784845518764],[22.450110981414348,65.67781526110687],[22.448816473322307,65.67787886051954],[22.448056272636542,65.67827710476963],[22.446278828406488,65.67818395254638],[22.446556156257763,65.67762898331132],[22.446884867065872,65.67725193953326],[22.44861084217377,65.6771671601577],[22.448939517277708,65.67679011228813],[22.451199781503586,65.67703995456834],[22.45274984451294,65.67622777440091],[22.43900226,65.67690325999999],[22.44123009572244,65.68462138623994],[22.44548835363893,65.68453850927698],[22.445210937215954,65.68509347743908],[22.446886028021463,65.68483078620507],[22.446608638987684,65.68538575664785],[22.44531374242519,65.68544933005835],[22.44589959777702,65.68596191835654],[22.43892111585401,65.68756749264045],[22.437903691770302,65.68707604569158],[22.438078572310832,65.68616523077313],[22.439322959738597,65.68590977939584],[22.419987099999997,65.68685709999998],[22.41486769,65.66906332],[22.436436249999996,65.66800677],[22.43387218,65.65911023],[22.49854439,65.65592365],[22.50113026,65.66481889],[22.565806680000005,65.66160363],[22.563199030000003,65.65270972000002],[22.54164945,65.65378407],[22.539051019999995,65.64488964999998],[22.560593349999998,65.64381574],[22.55798964,65.63492171],[22.53645455,65.63599516999999],[22.533860049999998,65.62710063],[22.57691377,65.62495154000001],[22.575646507870587,65.62062667846742],[22.57417711329062,65.62040975962132],[22.574190498082235,65.61896521609404],[22.573655849707563,65.61863100775652],[22.57203848046066,65.61907291516523],[22.571191223466013,65.61767144132155],[22.568830949126124,65.6170675877379],[22.568518449452604,65.61600032321682],[22.56760565685238,65.61586549555139],[22.566758753109266,65.6144639934007],[22.56498535572625,65.61437218903345],[22.565637795465292,65.61361763974656],[22.56434682718036,65.61368218759222],[22.5628997410249,65.61321308499426],[22.562431451011374,65.61161216503515],[22.560710278343805,65.61169818879615],[22.557816511255226,65.61075989630864],[22.557712522682994,65.61040413219183],[22.55487097970612,65.6096436632418],[22.554180875833673,65.60877573172928],[22.55113184339377,65.60730365450526],[22.550182269243653,65.60554627788007],[22.55110932249713,65.60423666025888],[22.552295978869523,65.60381646055527],[22.551776612141396,65.60203761457824],[22.554683695557642,65.60153148137078],[22.556522567698053,65.60035674594334],[22.55743475614498,65.6004916464108],[22.557760928775018,65.6001143888655],[22.561097769805894,65.59958664233622],[22.561749977204492,65.59883211218036],[22.56045973086959,65.59889661962646],[22.560355763329486,65.59854085712955],[22.561490020912245,65.59794270839734],[22.565308572717033,65.59757124930609],[22.565582580226465,65.59701609719956],[22.568006755158784,65.59635335198875],[22.569844661455964,65.59517846478325],[22.571942660301758,65.59489294019292],[22.573010913020543,65.59556137755558],[22.58118106872565,65.59515198256598],[22.583344008329956,65.59359963464334],[22.584790337643877,65.59406854976342],[22.586080271785736,65.59400383838651],[22.587643698282395,65.59338392931274],[22.58695297183888,65.59251615344623],[22.585024611404663,65.59189095694514],[22.585884495875245,65.59184781664625],[22.587330770141804,65.59231670807561],[22.588620609848743,65.59225197603645],[22.589376167106966,65.59185307643953],[22.588789745301213,65.59134104807379],[22.590613804252396,65.59161045835832],[22.59131713533148,65.59103368067532],[22.592554714771254,65.5907910473304],[22.59549963540016,65.59190655429991],[22.598613602024958,65.59211106603091],[22.59877029236651,65.59264466276954],[22.59973464993914,65.59295717481987],[22.60102448414461,65.59289233726204],[22.60123347963848,65.59360379545977],[22.60300555610871,65.59369518934942],[22.602993705248558,65.5951397195004],[22.603958206601494,65.59545220321421],[22.603098239219374,65.595495446913],[22.603255046085838,65.59602903783808],[22.60129159504323,65.59665500548181],[22.61210112,65.59611162000002],[22.612739031858403,65.59827890405002],[22.614464538252417,65.59853338566816],[22.615219867620212,65.59813435955242],[22.61501044587092,65.59742292498306],[22.617160457908703,65.5973146366473],[22.617317566332275,65.59784820994304],[22.615859329078944,65.59882413703981],[22.61692886252059,65.59949225167283],[22.6151563495467,65.59940102504018],[22.616173521655234,65.59989128642603],[22.614558053399552,65.60033362777382],[22.614662770637214,65.60068934534888],[22.615522886480512,65.60064603451448],[22.615941833211256,65.60206890092964],[22.614326227451308,65.60251124121493],[22.614718649999997,65.60500459],[22.636224159999998,65.60392032],[22.644482051706408,65.6318338453848],[22.648211455982693,65.6314871669689],[22.648202234304982,65.63293167386168],[22.64997714157829,65.63302248958432],[22.651259766094796,65.63440171091432],[22.65141784529175,65.63493523902152],[22.650662045154927,65.63533445039094],[22.651030895070935,65.63657935053303],[22.652638980248053,65.63758110882917],[22.65500302675444,65.63818361921041],[22.65510848184531,65.63853930134036],[22.651979545311942,65.6397805164411],[22.649755282489192,65.64260050146046],[22.64808509730792,65.64286537761984],[22.649377609999995,65.64838192999999],[22.67091729,65.64729239],[22.66563548,65.62950884],[22.68715869,65.62841716],[22.68451354,65.61952574],[22.662997559999997,65.62061695999999],[22.66036163,65.61172502],[22.68187039,65.61063424000001],[22.676590060000002,65.59285106000002],[22.6980824,65.59175815000002],[22.69279562,65.5739756],[22.714271569999994,65.57288055999999],[22.711623970000005,65.56398964],[22.749348469676992,65.56205800883254],[22.749246374794318,65.56171668755121],[22.750964126507345,65.56162853334506],[22.75123397352471,65.56107308438602],[22.750698163372036,65.56073952000277],[22.751826831475714,65.56013998766046],[22.752738854717848,65.56027370083049],[22.752632449524818,65.55991809700943],[22.75397524775566,65.55984914119082],[22.752647250785962,65.55540400451427],[22.75130265482107,65.55547304024616],[22.750660610589147,65.5547838691595],[22.749801961176956,65.5548279446144],[22.7499083026999,65.55518355106703],[22.749372635269765,65.55484998052754],[22.748084652744254,65.55491608100962],[22.74872663281875,65.55560526369365],[22.743145152943537,65.55589159844332],[22.74233957356399,65.55611343818533],[22.742445819634696,65.55646905087877],[22.74110462113268,65.55635728658994],[22.73745271332139,65.55726658124358],[22.73600532920557,65.55679915493731],[22.7351465835544,65.55684314824633],[22.735310577515303,65.55593210581631],[22.734451859006438,65.55597609490077],[22.73386330644507,65.55546465785697],[22.733004600384803,65.55550863860033],[22.732203886202537,65.55428595297182],[22.732850342514762,65.55353073564169],[22.7370420418335,65.55151070437127],[22.737635215277507,65.55057766006924],[22.73951610036555,65.54957859967678],[22.740750750358966,65.54933476740372],[22.74102070502074,65.54877933561647],[22.743649212822092,65.54882505588428],[22.745259890411827,65.5483813632256],[22.74408275078892,65.54735857136998],[22.744941165972055,65.54731453080913],[22.745047404255267,65.54767014172108],[22.74719345693339,65.54756001735178],[22.74875085091815,65.54693848456289],[22.750121306333075,65.54694903918927],[22.74127561,65.51734029],[22.76270252,65.51623889],[22.765361670000004,65.52512879],[22.799547359274282,65.52336396812959],[22.800482188942134,65.52188609700582],[22.801768381561427,65.5218195694657],[22.801608057295823,65.52128622332395],[22.80235860755773,65.52088630318259],[22.806163528965836,65.520508861662],[22.806752652332914,65.52102001104953],[22.807534658082858,65.5206246854793],[22.80555035,65.51402705],[22.826971259999997,65.51291660999999],[22.824292659999994,65.50402799999999],[22.8457044,65.502915],[22.843020669999998,65.49402677999997],[22.821616069999997,65.49513931999999],[22.81894149,65.48625058],[22.797542010000004,65.48735966],[22.802878899999996,65.50513799],[22.760045379999998,65.50734891999998],[22.75473706,65.48956879],[22.776140529999996,65.48846573],[22.77082591,65.47068623000001],[22.760330382687332,65.47122704711461],[22.76100313820573,65.47138713792333],[22.76110561757178,65.47318719644484],[22.75987472903665,65.47343115511126],[22.75939001857104,65.47471986288875],[22.757890122249236,65.47551925950695],[22.756231071881842,65.4757852351111],[22.755003948026665,65.47458469485449],[22.756022879849475,65.47362956488222],[22.755157960067354,65.47149357347327],[22.74943671,65.47178838],[22.75007657247822,65.47393565991243],[22.751742971808344,65.47384990571169],[22.75200790416267,65.47473892709519],[22.75355692277448,65.47556185280729],[22.751946715164287,65.47745004817638],[22.752961825218158,65.47793939857162],[22.75601125186062,65.4779629460582],[22.756117300548954,65.47831855088923],[22.755314191946766,65.47854043358254],[22.75637859367403,65.48065202262265],[22.75573450346559,65.48140731498458],[22.755620692656237,65.48394063097795],[22.75427925088453,65.48527340600073],[22.75304773152444,65.48551731568062],[22.751657149834635,65.48522780335304],[22.75182026738628,65.48431675298832],[22.751180076340905,65.48362756527918],[22.749039289836062,65.48373769098079],[22.748077002066502,65.48342612154445],[22.74390132105334,65.48400186969519],[22.74401175047809,65.48291301754652],[22.742299140491745,65.48300103903635],[22.742087376072323,65.48228980636478],[22.74436791716083,65.48107522131207],[22.73663218971723,65.48148688368296],[22.736362750697477,65.48204230181824],[22.73518409830161,65.48246387678832],[22.735342780946688,65.4829973100552],[22.7370025125232,65.48273155682176],[22.737050517853696,65.48435383792024],[22.738387978250188,65.48446567713208],[22.740798249215324,65.4838002763663],[22.740904119698424,65.48415589377176],[22.740047769297593,65.48419988979998],[22.740528878472368,65.48435570123175],[22.74057711225303,65.48597797883808],[22.741486464166755,65.48611178760463],[22.741698249631412,65.48682302092952],[22.74073124489255,65.48795587370398],[22.743353612985903,65.48800166324966],[22.744311536702128,65.48975772823304],[22.74318564172991,65.49035717505461],[22.74398472141772,65.49157981877636],[22.741732712404538,65.49277870148245],[22.741944569799927,65.49348993376205],[22.74114087646681,65.49371174724507],[22.740871423491182,65.49426717364882],[22.738782660176263,65.49455497224982],[22.738248426157885,65.49422134759895],[22.73696339682442,65.49428732252221],[22.73680459834619,65.49375389210498],[22.73589499978182,65.49362005772298],[22.733859140789228,65.49408559901829],[22.732521201311826,65.49397372470736],[22.736756555427203,65.49213161114777],[22.735688255291105,65.49146434388622],[22.73585195766641,65.4905533045899],[22.735317845636818,65.49021966831127],[22.736501753245935,65.48835361771387],[22.734630045254928,65.48790812451197],[22.732701082299567,65.48854870576668],[22.7333316,65.49066883],[22.711924149999998,65.49176585999999],[22.70928726,65.48287479],[22.711886399753855,65.48274160660205],[22.711693552933056,65.48240444209588],[22.714321507909883,65.48100625872024],[22.71678486452169,65.48051905768219],[22.71710747288338,65.48014148907458],[22.71801650761133,65.48027544246375],[22.718339095186344,65.4798978714437],[22.719570694011946,65.47965424401389],[22.71898424319018,65.47914272762527],[22.718990161284893,65.47769824693134],[22.717389322382868,65.47669713805897],[22.717711878013304,65.47631956872826],[22.716427665316164,65.47638536039238],[22.715788607641336,65.47569601092398],[22.71503796273211,65.47609550173665],[22.714076355470855,65.47578370857396],[22.712574984453827,65.47658267029374],[22.710434578483316,65.4766922447161],[22.710704523971113,65.47613686761227],[22.708992222377788,65.47622450812148],[22.709203027991727,65.47693579711256],[22.710111912306978,65.47706979965696],[22.710217332863422,65.47742544322419],[22.711929708078607,65.4773377880483],[22.710052788035433,65.4783364633584],[22.70919656553699,65.47838028309633],[22.70930198003225,65.47873592737099],[22.71021092810065,65.47886992865453],[22.709407397691464,65.47909157154028],[22.707859528359503,65.47826818094669],[22.708129543220128,65.47771280771164],[22.706206389781077,65.47708912661605],[22.70599566412286,65.47637783260366],[22.704335996521518,65.47664324433332],[22.70417799247335,65.47610977147527],[22.70321651028753,65.47579790783993],[22.70380934402076,65.47486500055211],[22.702953222469052,65.47490878382806],[22.702367205863034,65.47439719839754],[22.70316633701328,65.47416100710872],[22.62105995,65.47833808],[22.620178880375413,65.47532956954264],[22.619437643078747,65.47608753893078],[22.615950039183844,65.47752733840974],[22.6082973499982,65.47809447402798],[22.606753151191274,65.47726999069985],[22.60784112271699,65.47504916420519],[22.609721002819423,65.47405176192159],[22.61400078103923,65.47383551316695],[22.613896685494428,65.4734797890596],[22.61518058659251,65.47341489199788],[22.617540083157298,65.472573623193],[22.618500133221662,65.47288605983447],[22.61942996646029,65.47277231948833],[22.618455559999997,65.4694451],[22.637395968696744,65.46848435318779],[22.637951715048537,65.46811053993025],[22.640519795817536,65.4679802843097],[22.641490500454807,65.46684803611657],[22.6427222451238,65.46660503414215],[22.64497670310872,65.46540760360249],[22.65262764886478,65.46483851149866],[22.65336936320843,65.46588383981182],[22.651490956463398,65.46688180218051],[22.651221921762808,65.46778303567419],[22.66124141,65.4672748],[22.65862471,65.45838264],[22.62135851463466,65.46027205783354],[22.620199167579436,65.4608874992597],[22.61997948469765,65.46162059247705],[22.61762008132948,65.46246193685094],[22.617724174522976,65.46281765838751],[22.616596761189076,65.4634161633821],[22.61536538758631,65.46365892907643],[22.614018329305768,65.46499048780117],[22.6110235049313,65.46514186445275],[22.608468400837133,65.46382703884203],[22.606329311832663,65.46393509169413],[22.605629575140668,65.46451190168165],[22.60461802659408,65.46402151229447],[22.604046500060857,65.46206498306773],[22.603190915553316,65.4621081822507],[22.602659235470572,65.46177404605342],[22.602762834960902,65.46121254285076],[22.5944644,65.46163224000001],[22.59187105,65.45273869],[22.54910204,65.45488915],[22.551681119999998,65.46378358999999],[22.530286579999995,65.46485473999999],[22.53286046,65.47374955],[22.554262139999995,65.47267795],[22.55493204459575,65.47498473723056],[22.55645339143769,65.47456713571827],[22.558593597441103,65.47445977821461],[22.561316894458884,65.47486456093105],[22.563885139579124,65.47473564558629],[22.564416605214383,65.47506992055195],[22.568645258328374,65.47467706887309],[22.570032856717443,65.4749683150687],[22.569383775878137,65.47572284847477],[22.569811824703205,65.4757013426677],[22.570395142933926,65.47621347582677],[22.57226267312684,65.4766610714363],[22.570653942109793,65.47710287560133],[22.570860995436256,65.47781439496087],[22.571820700559424,65.4781271319134],[22.573104955426963,65.47806258901117],[22.57488281853364,65.47670984694217],[22.576595051894184,65.47662375368749],[22.578852483628577,65.47542731883259],[22.579708552017177,65.47538425262397],[22.578735326099512,65.4765161099971],[22.57755477892691,65.47693645397007],[22.57765839705523,65.47729220801013],[22.579098052291883,65.47776124534481],[22.579954196543405,65.47771817696182],[22.58010967944361,65.47825180495416],[22.578228352370697,65.47924885339981],[22.578435632184622,65.47996036004595],[22.5796681276067,65.47971788406973],[22.579771787778153,65.48007363623215],[22.578642924445887,65.48067186628232],[22.579278361178297,65.48136183860949],[22.578149432322732,65.48196006564989],[22.57729314567547,65.48200312526706],[22.57739678449284,65.48235887928386],[22.574385964410205,65.4839540986716],[22.5749695656205,65.4844662112705],[22.57668230628841,65.48438011180552],[22.576565040130586,65.48546890245873],[22.575708635475554,65.48551195430724],[22.57581226954012,65.48586770946717],[22.574254850618978,65.48648743476717],[22.573657432656816,65.48741986626456],[22.57242451869866,65.48766229749747],[22.573008169166563,65.48817441717907],[22.57294254826336,65.4894410853256],[22.572669693147056,65.48999623866732],[22.571111956861984,65.49061593483773],[22.571215552831934,65.49097169355205],[22.56965772419687,65.49159137567909],[22.570293208738654,65.4922813853566],[22.56772327874635,65.49241042700561],[22.567605621888465,65.49349921475391],[22.566748936433207,65.4935422186875],[22.565619203744966,65.49414036035174],[22.56587805484221,65.4950297678609],[22.564164573664534,65.49511575241004],[22.562658083308378,65.49591324883828],[22.560191222785566,65.49639793228566],[22.559423349298225,65.49824121650828],[22.55983726159028,65.49966428787705],[22.55913557142723,65.5002409023894],[22.559667516647743,65.50057518919365],[22.558810583537106,65.50061815065438],[22.558965799355118,65.50115180319825],[22.55778383199119,65.50157200721324],[22.558315788339648,65.50190629866393],[22.556106899504822,65.50328034450938],[22.55636553624263,65.50416977054348],[22.554274601967506,65.50445500752588],[22.549782473645767,65.50395806946453],[22.54945730599863,65.5043352994567],[22.544159858158366,65.50405898681431],[22.542068789128102,65.50434405630494],[22.542275324936536,65.505055620192],[22.543767573490744,65.50570287547625],[22.542910440713232,65.50574574881414],[22.54184676807142,65.50507705313996],[22.54098965201347,65.50511991541411],[22.54124779624347,65.50600937233615],[22.540442273863285,65.50623012319751],[22.541505959871458,65.50689882862254],[22.541180637167834,65.50727604239349],[22.54032344766643,65.50731890164018],[22.541010204928533,65.50818692977388],[22.543204889730212,65.50825765264808],[22.543788457926603,65.50876988607732],[22.542554253211737,65.50901208671715],[22.54296745281781,65.51043521160565],[22.53883585040492,65.5111831919992],[22.538526104101607,65.51011583840103],[22.536863136132173,65.51037941699758],[22.53799422370326,65.50978147651607],[22.537787759361194,65.50906990603647],[22.538541772341404,65.50867127584223],[22.538438536460774,65.5083154910509],[22.537152691753217,65.50837975538896],[22.536946263701566,65.50766818339387],[22.536192253959808,65.50806680559461],[22.53566044641394,65.5077324347578],[22.532711756118754,65.50806020713911],[22.53115199083236,65.50867951194428],[22.530878063692274,65.50923460069936],[22.528837981164923,65.50969738856324],[22.528203132141655,65.50900719809141],[22.525631306918996,65.50913554307215],[22.52456792706573,65.5084667228245],[22.523333548640185,65.50870876828922],[22.522682321162442,65.50946312281344],[22.521396373230502,65.50952725416798],[22.520864721595828,65.5091928296934],[22.521996133481565,65.5085950056344],[22.52179011610084,65.50788340877476],[22.52007561743649,65.50796890369293],[22.51974996930587,65.5083460746364],[22.51911539382007,65.50765584322237],[22.51611502067191,65.50780539348045],[22.51584077964995,65.50836045816521],[22.51460632092791,65.5086024331784],[22.514503411273186,65.508246628742],[22.512788860000825,65.5083320415454],[22.51258309584897,65.50762042956822],[22.511725838512373,65.50766312732395],[22.51109149130951,65.50697285990871],[22.510131409691596,65.50665974092654],[22.508845562543137,65.50672376448543],[22.50906852607993,65.50599080661911],[22.50649688436726,65.50611882418006],[22.505742443340395,65.50651729883312],[22.504885208698177,65.50655995756254],[22.504353828364383,65.50622547227384],[22.50354797536396,65.50644602984187],[22.502485267077674,65.50577704746281],[22.50361696501944,65.50517935808939],[22.50351422125378,65.50482354449416],[22.500188166706675,65.50534991419616],[22.498809575526394,65.50626886327687],[22.50030888,65.51146578999999],[22.47887276,65.51253008],[22.47631265,65.50363421],[22.454881779999997,65.50469505],[22.459989590000003,65.52248759],[22.438542450000003,65.52354628],[22.443643569999995,65.54133943999999],[22.418682546320056,65.54256632081345],[22.414188430219536,65.54370457953053],[22.409115448666324,65.54575793439928],[22.407347205878015,65.5456642356417],[22.407573307111225,65.54493139679373],[22.406714617786555,65.54497351331152],[22.40570352706125,65.54448178818463],[22.406460595584242,65.54408378691117],[22.406308191440583,65.54354995077436],[22.405980464902928,65.5439268969631],[22.400875766794297,65.54401360125543],[22.403253829999997,65.55234683],[22.40037724575043,65.55248760332577],[22.39836610242218,65.55386316229053],[22.398897149828464,65.55419802314107],[22.398038138455146,65.55424009364215],[22.398670737903885,65.55493085211408],[22.39952977080163,65.55488877780903],[22.39887384351898,65.55564264483621],[22.39940493503798,65.5559775034655],[22.398116330374975,65.55604061258349],[22.39794065759954,65.55695138922616],[22.397030785155593,65.55681550638715],[22.395667894408543,65.55814526931434],[22.390641394850764,65.56037599690558],[22.390895068717665,65.5612657532905],[22.390035808865054,65.56130778085738],[22.388672334386868,65.56263748660788],[22.387813024990628,65.56267950205405],[22.38667618953749,65.56327637485064],[22.38692976210486,65.5641661388804],[22.38516642581667,65.56528745230219],[22.386848789999995,65.57119311999998],[22.379048886473296,65.57157375128523],[22.37912419586512,65.5719451208198],[22.380034515278517,65.57208110682498],[22.3794789842489,65.57319081013819],[22.37720397923759,65.57438443526166],[22.377735192951246,65.57471936867047],[22.37596506506927,65.57462532201035],[22.37520665771971,65.5750231839726],[22.37540931120787,65.57573501260036],[22.37771075732824,65.57616399821175],[22.376548617539683,65.57820543310989],[22.375410859460573,65.57880223046391],[22.372780590521852,65.57875009502693],[22.37293255600158,65.57928396919725],[22.372022016677548,65.57914794269138],[22.37212331773444,65.5795038594205],[22.368076918723148,65.58060324775408],[22.370420609999996,65.59003786],[22.348913469999996,65.59108443999999],[22.347474760027097,65.58601433543815],[22.345309717406344,65.58640195018776],[22.345031076252805,65.58695674697644],[22.344170879571827,65.58699852352234],[22.341133724254043,65.58858934640715],[22.33374417091714,65.59021078187905],[22.33384500053179,65.59056672877773],[22.33212432228064,65.59065015280245],[22.331415176656012,65.59122578078669],[22.32369473571234,65.59322354117838],[22.32255510151954,65.59381995986215],[22.320834164592537,65.59390325825554],[22.318074075930927,65.59493888212855],[22.314682302545272,65.59528334051748],[22.31316238042671,65.59607847718563],[22.311491533726333,65.59633965298724],[22.310832049787766,65.59709317286325],[22.309541151977406,65.59715555058186],[22.30921137641234,65.59753230696418],[22.307234129802914,65.59791533615083],[22.30814835766647,65.60115229949983],[22.313179032467335,65.6007683997331],[22.31376029498459,65.60128154118503],[22.31462102261775,65.60123993204556],[22.31492289035564,65.60230781671135],[22.313883279539006,65.60326013746821],[22.314285773244876,65.60468398546824],[22.315196933359676,65.60482035280185],[22.31486714957797,65.6051971215542],[22.31620876000879,65.60531267486016],[22.316410083579267,65.6060245951508],[22.317701401626,65.60596215482613],[22.319496248738464,65.60767949232435],[22.321268471599158,65.60777417818927],[22.321369212595368,65.60813013422906],[22.325293814421634,65.60812062756854],[22.32980379607711,65.60555682614769],[22.331475035089223,65.60529544468069],[22.332184546028355,65.60471981285474],[22.33438700698525,65.60479349039235],[22.3342593153468,65.60588218989176],[22.335170615978974,65.60601843582212],[22.33349937038133,65.60627985808235],[22.333802083673596,65.60734769680207],[22.332991640071494,65.60756738982442],[22.3328134320655,65.60847811537892],[22.33162291779875,65.60889663299554],[22.33177425086016,65.60943055453075],[22.330869688503952,65.61000169670426],[22.332445729999996,65.60992545],[22.33315644812829,65.6124306914951],[22.337798254707696,65.61220571564077],[22.33802679810783,65.61147295705828],[22.339089817655225,65.6121430907837],[22.338228776452475,65.61218484190297],[22.3380002336583,65.61291760078215],[22.33992439993379,65.61354597779786],[22.340785482923078,65.61350421664231],[22.342151825931552,65.61524214705291],[22.341492791436004,65.61599579576504],[22.342176033265844,65.61686475862714],[22.33789399247549,65.61869617540098],[22.33761488451852,65.61925096308336],[22.33796846239844,65.620496761177],[22.33989320104442,65.62112513296266],[22.34014585280687,65.62201498408697],[22.3374341434177,65.62322895163283],[22.336610795770184,65.62460707296981],[22.33680270621922,65.62528354652682],[22.337660179740627,65.62556345095076],[22.34100501150773,65.6250404733443],[22.341765372668355,65.62464276348076],[22.341842248412632,65.62337609092786],[22.347467341833333,65.62165982529989],[22.347366180251996,65.62130389076962],[22.348556991499883,65.62088524667396],[22.34939362228186,65.61922082852497],[22.35030547007832,65.61935697811575],[22.34962188739773,65.61848805523],[22.350863130892847,65.61824736101106],[22.35137014895984,65.61695977652097],[22.3525100942297,65.61636313823469],[22.353371246121437,65.61632130495194],[22.35446050179007,65.615546687786],[22.35532162285733,65.6155048437335],[22.35603086428939,65.61492910303274],[22.358183602474693,65.61482446208207],[22.35853809327897,65.61607020322091],[22.360260351202243,65.6159864637744],[22.360792232717703,65.6163214499725],[22.36046298056279,65.61669831255821],[22.35825945429143,65.61662502425456],[22.35808209158323,65.61753577110039],[22.36238796058136,65.61732639655474],[22.363147768097008,65.61692858499025],[22.364870064972532,65.61684479282142],[22.365199254255266,65.61646792128954],[22.366541649016227,65.61658302152102],[22.366440250137167,65.61622710205339],[22.369935435349987,65.61623738304925],[22.3704674452425,65.61657233405361],[22.369606318237963,65.61661426414811],[22.369859934083095,65.61750405622799],[22.370924019709914,65.61817395624965],[22.370062840543696,65.61821588944959],[22.3702150284308,65.61874976410779],[22.37150682211426,65.61868686093293],[22.372038904083432,65.619021805714],[22.374520980561776,65.61854004434298],[22.376040262019433,65.61774429916399],[22.37733198874444,65.61768134704367],[22.37766100523367,65.61730445017741],[22.38009201587744,65.61664464525592],[22.38115632517867,65.61731447128882],[22.380345990937144,65.61753441625103],[22.380599985168807,65.61842418663039],[22.379409816751046,65.61884307586493],[22.379182393682047,65.61957588561452],[22.380955609305985,65.61966986412702],[22.38085399857451,65.61931395639402],[22.384247930919113,65.61896799626639],[22.3845768612449,65.61859108525232],[22.38640086633091,65.6188629528997],[22.38632616983584,65.62012962629022],[22.388479191323867,65.62002455257823],[22.38878435596728,65.62109225696054],[22.38706187075571,65.62117632251031],[22.386783796746354,65.62173119031314],[22.38506126139769,65.62181523364247],[22.385213782737925,65.62234908994778],[22.38430165764872,65.62221315293799],[22.38316220854474,65.62281002517813],[22.383290684039835,65.62478850985232],[22.382632629462265,65.62554232749325],[22.381771228937705,65.62558432934483],[22.381062288367996,65.6261601873857],[22.38169630562592,65.62685100267525],[22.380784037953518,65.62671504592346],[22.38012586414652,65.6274688538641],[22.37926439488002,65.62751084216083],[22.379240164709067,65.62895546978318],[22.377391182688893,65.63012815071613],[22.375086779727653,65.63276642229843],[22.37351582624842,65.63338421010491],[22.373617402789073,65.63374012307862],[22.368194545272658,65.63616920035341],[22.368017438278194,65.63707995624883],[22.36725713370979,65.6374777970725],[22.357295259542664,65.6377816060617],[22.3546083461572,65.63755125091123],[22.355292634650723,65.63842014434947],[22.353366224554154,65.63779198437683],[22.35250436088057,65.63783382461268],[22.352605670476386,65.63818975424685],[22.349639718484926,65.63851412516742],[22.34740837351083,65.63988533716869],[22.346546428808484,65.63992714436851],[22.345455949799952,65.64070171663617],[22.343782596812794,65.64096327287733],[22.343503403034894,65.64151807219339],[22.34172879803197,65.64142366952854],[22.340105936977437,65.64186315525188],[22.341018543158555,65.64199935322827],[22.340739279977175,65.6425541481374],[22.34198175073478,65.64231351459077],[22.342082937167795,65.64266945244458],[22.340561174792313,65.64346488167712],[22.341143980457527,65.64397790289962],[22.337669079461676,65.64558960900818],[22.335513691368668,65.64569398471563],[22.335412580784034,65.64533804174712],[22.336554112201803,65.6447415079152],[22.336149649033402,65.64331773860523],[22.33298075398336,65.6429299059035],[22.33183921618018,65.64352641293354],[22.330115021655235,65.64360984860633],[22.32897338752884,65.64420633502675],[22.328010261342076,65.64389209034219],[22.32719864102713,65.64411176389245],[22.32195232464606,65.64256125344288],[22.321851414640907,65.64220529948949],[22.32040697355216,65.64173385998012],[22.319638788854046,65.64177097895686],[22.320996789999995,65.64656274999999],[22.308474721105792,65.64716690852093],[22.308225272453804,65.64809520182499],[22.309669859848373,65.64856675579405],[22.312256759483883,65.64844193731443],[22.31144486029049,65.64866152935421],[22.312128026147693,65.64953062812002],[22.313091178966033,65.64984497328378],[22.314815853466484,65.64976172627499],[22.315549593575454,65.6508087877978],[22.31473765023622,65.6510283978714],[22.314989790429088,65.65191829572744],[22.31805864170548,65.65195053902252],[22.31795774110723,65.6515945824029],[22.32389341049755,65.65094698400031],[22.327090259831404,65.64989035118853],[22.32843424575783,65.65000577308469],[22.33008141952116,65.65118902442809],[22.328636322431457,65.65071766964354],[22.327773981679222,65.6507593741144],[22.326503851206702,65.65244454356164],[22.32444883255368,65.65290471830838],[22.324169108227917,65.653459487198],[22.323306667737118,65.65350116727184],[22.31960001360578,65.65584522731774],[22.315920395233807,65.6567445527007],[22.316071741549134,65.65727848966864],[22.314296134462385,65.65718377610007],[22.313635284004306,65.65793732132538],[22.310156809343038,65.65954843235806],[22.30226349161352,65.66101136829697],[22.302464953477877,65.66172330557465],[22.299927022882983,65.66202595591615],[22.297971435992963,65.66284175515996],[22.29667723037679,65.66290405555235],[22.29644714161095,65.66363676659198],[22.29208264866812,65.66366636173738],[22.28751706298723,65.66298387110623],[22.285410240853,65.66326554219519],[22.283554579837332,65.66443714345888],[22.28235414332699,65.66449481176078],[22.28290277,65.6664391],[22.27796346791288,65.66667600664526],[22.27788617296999,65.66759583308888],[22.275778865635907,65.66787737529363],[22.27521702071122,65.66898675609946],[22.273541100949767,65.66924756277507],[22.27163430461425,65.67024103196574],[22.26434798530065,65.67077067463704],[22.261658365136512,65.6705387005691],[22.26155815153627,65.67018269998948],[22.260695034270693,65.67022403101797],[22.260163281415696,65.6698886930068],[22.25933100800209,65.66848534601968],[22.259893527862435,65.66737601747077],[22.261209977868,65.66705415452508],[22.258824110000003,65.65857384999998],[22.237725199557328,65.65958268752044],[22.23774605149333,65.66013672779306],[22.238808583771718,65.66080756822356],[22.23799565750725,65.66102677730798],[22.237931531815583,65.66201771464391],[22.23975147,65.66850566],[22.23188962161445,65.6688804610482],[22.232941552686274,65.6726327061275],[22.232128208906747,65.67285188780885],[22.231946124098496,65.67376253099508],[22.23204594781004,65.67411855480793],[22.233340899372326,65.67405679787798],[22.233640441118194,65.67512486568815],[22.234885504100962,65.67488508400083],[22.236048477873926,65.67591195960986],[22.238788418988367,65.67632239269221],[22.240896840784316,65.67604135284536],[22.241078621301675,65.67513070188171],[22.244681880261357,65.67549980718742],[22.247935058987125,65.67462278751546],[22.248566812597698,65.67531417954876],[22.250393511949195,65.6755876559449],[22.250643731307655,65.67647767866445],[22.255392089806243,65.67625059965219],[22.256355586713784,65.67656530120935],[22.258082257056074,65.67648267934881],[22.260841969595848,65.67851538114968],[22.26208692908472,65.67827537763974],[22.262187187627617,65.6786313774201],[22.263432139529073,65.67839136296497],[22.2643958126548,65.67870601184723],[22.264727214251483,65.67832933741887],[22.266885656941618,65.6782259371331],[22.267648695870882,65.67782857309228],[22.269857263446024,65.67790312871256],[22.269827033588047,65.67934779491907],[22.26901380578378,65.67956717285516],[22.26878280921691,65.6802998506387],[22.267919368993155,65.68034122581606],[22.268019717256585,65.68069722087856],[22.26591123493495,65.68097863754538],[22.266061721559463,65.68151263244513],[22.264816646621558,65.68175266961941],[22.264254061189888,65.68286201692817],[22.262727565318006,65.68365671109446],[22.26095030151035,65.68356138992682],[22.25726467308392,65.68445935186325],[22.255737866800075,65.68525397881753],[22.255174822097665,65.68636329691064],[22.253929409901115,65.68660324814451],[22.253697932831045,65.68733590757759],[22.25222093366102,65.68830850494747],[22.252039480080995,65.68921916600334],[22.252953337834377,65.68935588117606],[22.253354094808557,65.69077990655315],[22.258236163144574,65.68946405045185],[22.25894952747182,65.6888887245649],[22.26321804792747,65.68850404092656],[22.26380040144228,65.68901736300593],[22.263036981639974,65.68941471136749],[22.262906066648437,65.69050338100776],[22.259551162404488,65.69102473371689],[22.256115030904777,65.69281268224256],[22.254005428448785,65.6930939445155],[22.253723798548158,65.69364860162182],[22.252859884522103,65.69368989580616],[22.252296552301253,65.69479920594313],[22.25110080195481,65.69521714159264],[22.2513512739713,65.69610716060741],[22.25048727339841,65.69614844214306],[22.250687641304708,65.69686045828558],[22.248727889813665,65.69767566334679],[22.24704984154876,65.69793619824122],[22.246717944683535,65.69831283882498],[22.245853861646992,65.69835409482742],[22.245953990669133,65.69871010650539],[22.24475795742699,65.69912799498323],[22.2448580749878,65.69948400749074],[22.246154257814126,65.69942212957378],[22.24648617630729,65.69904549001544],[22.24701837590617,65.69938087152865],[22.248214383052257,65.69896296552646],[22.24999267111627,65.69905842573932],[22.24902839501719,65.69874369137429],[22.25157055211827,65.69844185083106],[22.25103831435321,65.69810648561155],[22.251802171404805,65.69770919332268],[22.25276644097527,65.69802391016623],[22.252616112922436,65.69748990064305],[22.2531984707333,65.6980032632549],[22.25530848050138,65.69772200827093],[22.25615335166502,65.69605802679797],[22.26301498450726,65.69554938230752],[22.267083724528522,65.69445258461691],[22.267234329584525,65.6949865771732],[22.26858043488087,65.69510250830581],[22.26748535321786,65.6958765642855],[22.267836818242056,65.69712254523151],[22.269665263441343,65.69739577313695],[22.26960486145036,65.70028510457664],[22.270901013051663,65.7002230160654],[22.27161437546907,65.69964763082186],[22.27286023717794,65.69940753041163],[22.273141509940206,65.69885284134259],[22.275201089752706,65.69839331703236],[22.276979420179995,65.69848846129415],[22.277180538144744,65.69920043524677],[22.273744594089987,65.70098878020924],[22.272830218349323,65.70085219500365],[22.272498665570822,65.70122888850418],[22.272920971734038,65.70427550923867],[22.271112148483816,65.7056249862958],[22.272378531295296,65.70700754698787],[22.27095142157677,65.7081583249468],[22.2709715761826,65.70978098561388],[22.274962005124845,65.70995062677206],[22.275243334528625,65.70939593330421],[22.276921818757355,65.70913508317592],[22.276720614985955,65.70842310974587],[22.275122339483445,65.70741728768887],[22.27641883219327,65.70735514887674],[22.2779965622922,65.70673830133369],[22.277745050571426,65.70584833633662],[22.27464942589489,65.70419268199824],[22.28098006652558,65.70334793057711],[22.280447348035327,65.70301267294734],[22.28222601335199,65.70310775263412],[22.283421604101466,65.70268957384425],[22.283320941489887,65.70233359203479],[22.284235422014998,65.70247011315988],[22.284566817057858,65.70209339560279],[22.285430950398556,65.70205191917546],[22.28675638377283,65.7005450356041],[22.287620461228034,65.70050354727576],[22.288333454112127,65.69992808719415],[22.289629533712468,65.699865839774],[22.28991044902106,65.69931112315739],[22.290774479225583,65.69926961736581],[22.29110573967751,65.69889288685546],[22.293596986863164,65.69841236111584],[22.29349620442207,65.69805638719264],[22.29436018585023,65.69801486150061],[22.295504940533938,65.6974186053181],[22.2967287437619,65.6955556703412],[22.299601073342487,65.69487629404561],[22.29939937964114,65.69416435532433],[22.298103613572934,65.69422668297463],[22.29353243349926,65.69354442745838],[22.29107066339355,65.69258028919225],[22.290206856852414,65.69262179450996],[22.288760105625165,65.69215007642758],[22.287694962062236,65.6914796109321],[22.28739296456457,65.69041167381873],[22.289531067911096,65.68868529510416],[22.291208065535947,65.68842430166848],[22.2914888363814,65.68786958349925],[22.29278430372397,65.68780731510016],[22.29354721152617,65.68740982235549],[22.29309394950708,65.68580793643414],[22.29576380731932,65.68441669271499],[22.29566306065525,65.68406071985778],[22.297339695121252,65.68379966229371],[22.297238929702743,65.68344369066136],[22.29891550759545,65.68318261626322],[22.29881472342481,65.68282664585598],[22.29967818691331,65.68278509495545],[22.300009118898615,65.68240834820078],[22.30130428862615,65.68234601008062],[22.301203475568606,65.68199004153561],[22.303541652676614,65.68097541780027],[22.304405045372086,65.68093384073458],[22.305016289031855,65.68000234497124],[22.307836242039826,65.67914484910006],[22.307735354287765,65.67878888560743],[22.31380624792358,65.67705293167795],[22.315913852862895,65.67677085921608],[22.316524589411838,65.67583932208898],[22.315739553372165,65.67461429456701],[22.31817750230597,65.6739554146907],[22.323842251111387,65.67079525807056],[22.324705265627617,65.670753569368],[22.32407161354229,65.67006251268523],[22.324884063016874,65.66984284779342],[22.32463137340999,65.66895297178783],[22.323336940143818,65.66901550151404],[22.320977491332638,65.66840778662673],[22.316561782821058,65.66826011517165],[22.31577699554964,65.66703508538804],[22.318393245099525,65.66546549577386],[22.318572239211623,65.66455477969943],[22.320146386524883,65.66393752972313],[22.320706198050964,65.66282800275954],[22.32194982717719,65.66258752190387],[22.322509535089004,65.6614779892976],[22.324234946380493,65.66139462814031],[22.32456526189201,65.66101783390613],[22.32900672757998,65.6597206387253],[22.32890564039379,65.65936469121407],[22.329768264922535,65.65932297755035],[22.330859972598063,65.65854850604752],[22.332915314695782,65.65808824139914],[22.33727875254995,65.65805748345826],[22.33819192078398,65.65819369293162],[22.338293129851905,65.65854963307181],[22.341261518519303,65.65822546004732],[22.34116027025968,65.65786952226759],[22.3441791856125,65.65772326207068],[22.345015653741534,65.65912610240119],[22.344153065318896,65.65916790230396],[22.34349304445718,65.65992156926255],[22.34361883633093,65.66190011331105],[22.341334584326027,65.66309329016217],[22.341867227943524,65.66342833520932],[22.34359269390009,65.66334475364538],[22.343313282044573,65.66389955470457],[22.34607953062097,65.66286341117099],[22.346916283371453,65.66426623823317],[22.34361720969888,65.66496736172812],[22.342094223105946,65.66576281823674],[22.342195521298986,65.66611875489761],[22.341002564319822,65.66653736997905],[22.34173787172883,65.66758428952568],[22.34529069374078,65.6677730385539],[22.345798819203623,65.66648546203683],[22.34752447324307,65.66640183398015],[22.348209344418795,65.66727075358081],[22.35204142557983,65.66690453617855],[22.353082039596536,65.66595194431838],[22.355518198954996,65.66529248292096],[22.358639401387823,65.66550185335558],[22.358740925368295,65.66585777676758],[22.360314167598936,65.66524011952409],[22.362471059132545,65.66513537702109],[22.3625726339569,65.66549129737497],[22.364019171306598,65.66596231502042],[22.36574471968542,65.66587848104147],[22.36589715570864,65.66641235753984],[22.365135981813662,65.66681019623422],[22.36648100128287,65.66692527124202],[22.366938397804322,65.6685268971903],[22.368283514084737,65.66864195529267],[22.369781178027146,65.66929087299027],[22.37130349857141,65.66849514551338],[22.372166344359265,65.66845318890418],[22.370365168029632,65.66980377034797],[22.36901998282729,65.66968873134988],[22.369121669006578,65.67004464622971],[22.36706606172104,65.67050540334093],[22.367853377679914,65.67173014310958],[22.36914781673925,65.67166723408205],[22.369452917808132,65.67273497783906],[22.3703159082717,65.67269303032415],[22.369072271381473,65.67293390714937],[22.369173973607744,65.67328982183467],[22.370036983079675,65.67324787571808],[22.37018955965963,65.67378174652406],[22.368996722188218,65.67420058021303],[22.36952995563494,65.67453552245779],[22.368717754148623,65.67475542360243],[22.368819460114796,65.67511133848697],[22.36719499505266,65.67555112944622],[22.367296683875885,65.67590704551678],[22.36648442029827,65.67612693533093],[22.365545589374,65.6774355352683],[22.364682431761377,65.67747745732316],[22.364784095192785,65.67783337532123],[22.36348933552779,65.6778962503045],[22.363387689573866,65.67754033126971],[22.361762978541098,65.67798006656173],[22.361687070476172,65.67924673947454],[22.362601113604562,65.67938279362684],[22.36328685651744,65.68025163669061],[22.362474423215634,65.68047150672673],[22.362246077198243,65.68120430001741],[22.361382787668926,65.68124620461938],[22.361154405028334,65.68197899662597],[22.359250129168867,65.68297353985426],[22.35719332334053,65.68343417508565],[22.356050619756804,65.68403087545339],[22.35615219561342,65.68438680007134],[22.354907863708462,65.68462756774105],[22.355745865160028,65.68603033388285],[22.353688754007184,65.68649092466633],[22.35297758792851,65.68706667313528],[22.35386635456951,65.68864741319167],[22.357244411755328,65.68974659891332],[22.35848896455859,65.68950580996592],[22.359022391139238,65.68984078718242],[22.360317760672466,65.68977794430536],[22.36184154864951,65.68898229736058],[22.36621011780504,65.68895065819665],[22.36539744103164,65.68917054622985],[22.366515342933614,65.69001840659735],[22.36575350427932,65.6904162548597],[22.365956985934265,65.69112808782107],[22.364763293328448,65.69154689661363],[22.364484068056203,65.69210173471889],[22.363188594513296,65.69216461410754],[22.36382385918325,65.69285549175535],[22.363163612884218,65.69360924628845],[22.36186806010031,65.6936721151981],[22.361969761405046,65.69402803469494],[22.361156890004622,65.69424790195477],[22.361461982011864,65.6953156617817],[22.362274883798726,65.69509579259527],[22.362529173636496,65.69598559016924],[22.363545552759007,65.69647755149926],[22.362453300940363,65.69725226306218],[22.362479155586172,65.69887485481128],[22.36118333742152,65.69893772047257],[22.361285054214132,65.69929364027172],[22.360421159913376,65.69933554530732],[22.358947579976167,65.7003091449989],[22.359633796935512,65.70117799987834],[22.35871899050798,65.70104193532529],[22.35887153097653,65.70157581780552],[22.357092741717434,65.70148163565732],[22.357194414321373,65.70183755861952],[22.35485655110295,65.7028530042467],[22.352696481430478,65.70295766958417],[22.35168004272781,65.70246563633368],[22.350434805635057,65.70270637618769],[22.34990121341637,65.702371370466],[22.34774115981463,65.70247596527169],[22.34705530291192,65.70160705324976],[22.345327301500518,65.70169069881179],[22.345657788354856,65.70131385711416],[22.34479379625125,65.70135567432676],[22.343726827701875,65.70068561933401],[22.342532331834455,65.70110426136628],[22.341516157866895,65.70061215762269],[22.340753623865425,65.7010098873341],[22.33945763547256,65.70107256952538],[22.338745765453837,65.70164825822049],[22.337831045138703,65.70151206719694],[22.337678938875687,65.70097815942387],[22.33681494246819,65.70101993135188],[22.336484329003273,65.70139675506027],[22.334654938013095,65.70112433982868],[22.33394295829296,65.70170000710704],[22.33226556540385,65.70196147569318],[22.33089208229521,65.7032907582811],[22.331094727409297,65.70400264590162],[22.335236639957987,65.7047046264309],[22.33533802736373,65.70506056674955],[22.337167706332675,65.70533297096554],[22.340141453869595,65.70500876779064],[22.341107044854297,65.70532291142644],[22.340979382636334,65.706411615926],[22.341843550866372,65.70636981867281],[22.342910714630495,65.70703988496926],[22.340673294329587,65.70841105691956],[22.339376935217572,65.70847374202077],[22.33988996279129,65.70879587444175],[22.360309559999997,65.70780719999999],[22.362854150000004,65.71670517],[22.38446496,65.71565559],[22.381913059999995,65.70675805],[22.394416300093102,65.70614903018368],[22.395978156606954,65.70572626546002],[22.39783831207544,65.70598234754036],[22.398570261499952,65.70559992555745],[22.402407210347956,65.7052323902162],[22.403252444030404,65.7047936686228],[22.402595687279625,65.70250869568584],[22.398286486667185,65.70308763848834],[22.39825836322013,65.70146507525453],[22.399883884463346,65.70102494193922],[22.400543226950614,65.70027103692013],[22.401850003088573,65.6999143284501],[22.40095737,65.6968087],[22.42254971,65.69575388999999],[22.423733335520392,65.69986001217147],[22.42531555086307,65.69960215243603],[22.425212952772274,65.69924628426892],[22.42742367153729,65.69931852883688],[22.42775292169202,65.69894152114979],[22.428338753991973,65.69945417734354],[22.429202519321297,65.69941188777526],[22.427885525663957,65.70091992673184],[22.42626050558867,65.70136035438918],[22.426085135595002,65.70227116050863],[22.424567814597786,65.70275490838844],[22.42511427,65.70465062],[22.421619834672455,65.70501582293066],[22.423480083640968,65.70690972350789],[22.42218404240941,65.70697311112166],[22.42228663573414,65.70732898137774],[22.421422592686866,65.7073712343872],[22.42244053154871,65.70786278657485],[22.420763695804276,65.70812522552072],[22.421020149874835,65.70901490371216],[22.42262411982486,65.71001913484841],[22.419980425709273,65.70996795165206],[22.42028816699483,65.71103556704871],[22.421203633353016,65.71117125472578],[22.420976738214307,65.7119041217055],[22.42189223902152,65.71203980490104],[22.422046160421722,65.7125736102452],[22.42372326867895,65.71231115448889],[22.426037776298415,65.71273927669858],[22.425327554407467,65.71331535402251],[22.425703201516647,65.71364391034078],[22.42768076,65.71354729],[22.4302492,65.7224439],[22.37970139684596,65.72490272563753],[22.380113291813,65.7252635082893],[22.380978013434092,65.72522148332772],[22.381308256777523,65.72484456660877],[22.38395343864159,65.7248964073603],[22.383725383849896,65.72562922996856],[22.385863559640576,65.72696872956736],[22.384896614885754,65.72665488332834],[22.384031853011482,65.72669693094522],[22.384134015593244,65.72705283107287],[22.381921001056167,65.72697997956789],[22.381362601336658,65.72808971766752],[22.380014318738365,65.72797480628086],[22.379251604862358,65.728372730676],[22.37945581750156,65.72908453837037],[22.378107490171562,65.72896961052864],[22.37647985045281,65.7294095316719],[22.375029468438978,65.72893867025478],[22.373299750298713,65.72902265034124],[22.373222068353517,65.72722211413722],[22.374366223006977,65.72662527061617],[22.374162173784956,65.72591345450341],[22.378002510138046,65.72554650188486],[22.378468521057933,65.72496269711814],[22.343780629999998,65.72665004],[22.34021114321056,65.71413644519649],[22.3387381374369,65.71391726080759],[22.338433718870803,65.712849448966],[22.33973878217263,65.71248048315537],[22.33851269196658,65.70851552598816],[22.337699164622794,65.70873527419182],[22.338689282740635,65.71067204185468],[22.337774240248873,65.71053585361983],[22.337011363146704,65.71093356788356],[22.335714867037986,65.71099622310567],[22.335384117937124,65.71137304572476],[22.333604721653867,65.71127859476634],[22.333756816754548,65.71181250670242],[22.33246026714195,65.71187513470741],[22.332612342856073,65.71240904797416],[22.330782203019464,65.71213659343296],[22.330069846197354,65.71271224621152],[22.326129359614235,65.7127220310124],[22.32579844871832,65.71309883435227],[22.324400534912165,65.71280544678343],[22.32429926138926,65.7124494980865],[22.323434856124763,65.71249119796147],[22.321375062143115,65.71295137739868],[22.32147629781622,65.71330732840711],[22.320129028134595,65.71319187681769],[22.320280858789538,65.71372580476883],[22.31974741597531,65.71339069185785],[22.318018521864197,65.71347403578183],[22.317025375733827,65.71460439470204],[22.314151357858012,65.71528411634985],[22.310766499527563,65.7172512706675],[22.311502151061884,65.7182983329285],[22.312366773432913,65.71825669875288],[22.31228843417448,65.71952337004194],[22.313967173309603,65.7192621087881],[22.31587582363879,65.71826809083113],[22.316105757837462,65.71753535207488],[22.316970345797593,65.717493692075],[22.317071542274594,65.71784964638562],[22.32047928820708,65.7175049790402],[22.321826785543163,65.71762042532434],[22.321928049417846,65.71797637575287],[22.320732405951603,65.71839485763164],[22.320934913958748,65.71910676006587],[22.319306877759367,65.719546073573],[22.31955997921724,65.72043595426446],[22.3171177436857,65.72109489767472],[22.31698902809784,65.72218359209451],[22.31574251022892,65.72242406025553],[22.316276095274926,65.72275918582098],[22.314546561677545,65.72284249646849],[22.315282537923444,65.72388953729345],[22.31474894137116,65.72355440835732],[22.313884146566046,65.72359605773067],[22.31378296688764,65.72324010114718],[22.311671570538184,65.72352218065669],[22.31225570709312,65.72403529968634],[22.311390891382523,65.72407693509464],[22.311289743745366,65.72372097654565],[22.309661250761025,65.7241601912583],[22.311160775148505,65.72480966846076],[22.31136308018781,65.72552158556486],[22.31054878538454,65.72574119595562],[22.311565397496143,65.7262335022796],[22.31245312676181,65.72781449398121],[22.31428420725047,65.72808715989193],[22.315098542032693,65.72786752913419],[22.315733463963543,65.72855861077923],[22.31659842110341,65.72851694933236],[22.316929652468122,65.72814016293357],[22.317895851056512,65.72845444800225],[22.317564630151026,65.72883123640202],[22.318429592857417,65.72878956449648],[22.318963348668895,65.72912467898357],[22.319115267842484,65.72965860720848],[22.321047855990095,65.73028714161877],[22.322727195218484,65.73002577795272],[22.322828529948584,65.73038172708009],[22.323693534297835,65.73034002486241],[22.32471057855672,65.73083223920072],[22.325575594321048,65.73079052617877],[22.32494035267421,65.73009948868531],[22.32580534348492,65.73005777459858],[22.325906720730377,65.73041372126599],[22.326721025313606,65.73019402862792],[22.327254917300486,65.73052911272254],[22.32806921357561,65.7303094129531],[22.327917104956352,65.72977549549958],[22.327001432204064,65.72963924857703],[22.327281827683088,65.72908446811869],[22.32738322065687,65.72944041365216],[22.328782079151647,65.72973376465899],[22.328984915596802,65.73044565316961],[22.33173207806548,65.73085434022407],[22.332468994402994,65.73190128879034],[22.33381729515634,65.73201662112112],[22.333486266066206,65.73239344229553],[22.33412179468349,65.73308444134274],[22.333307465546053,65.73330417380248],[22.333510460281055,65.73401605474267],[22.33490963643824,65.73430934636667],[22.335977820467914,65.73497945136265],[22.334298304165632,65.73524096290541],[22.334450583246433,65.73577487232237],[22.333636173351728,65.7359946073186],[22.334221038834908,65.73650763495039],[22.333075512431545,65.73710418983747],[22.33327853668514,65.73781607079202],[22.3323625494687,65.7376798591608],[22.331216928730946,65.73827640097316],[22.331521409578254,65.7393442265513],[22.334931768283692,65.73899921036148],[22.33483022626509,65.73864327131076],[22.336713087401506,65.73909362717639],[22.33686544366384,65.73962753342485],[22.335567508243077,65.73969020131582],[22.335006859559435,65.7407997908131],[22.337984701895095,65.74047559025358],[22.3378831108627,65.74011965371434],[22.340911650602113,65.73997336514205],[22.34162448088111,65.73939765707962],[22.344500396133157,65.73871739823636],[22.34429705436932,65.73800553532637],[22.34483133879206,65.73834055396172],[22.34612917941406,65.73827780802552],[22.347274448745477,65.73768115742958],[22.349488314182004,65.73775450441885],[22.349717432456035,65.73702172291868],[22.35213478942488,65.73780688565071],[22.350887868969433,65.73804764552507],[22.350989629246715,65.73840357174656],[22.349793542303853,65.73882228619512],[22.349997043150616,65.7395341402214],[22.349131782325628,65.73957599437941],[22.348800888236738,65.73995284752883],[22.349487897514443,65.74082174040005],[22.35030231757178,65.740601920524],[22.350454965201298,65.74113581034369],[22.351320275658765,65.74109394818673],[22.351574733103135,65.74198376233244],[22.35076028130048,65.74220358931983],[22.35086205950889,65.74255951544866],[22.34999669909613,65.74260137548478],[22.348672972100342,65.74410879272574],[22.347476587030204,65.74452749185076],[22.34778182828797,65.74559527750992],[22.345669013939407,65.74587784233047],[22.34510868289655,65.74698746591487],[22.34200246482309,65.74840051787257],[22.342104151769004,65.74875645072638],[22.33866638700115,65.75054627880628],[22.33925169834289,65.75105928278147],[22.34136500975099,65.75077680219064],[22.340320712772485,65.75172934924993],[22.341745737921233,65.75364517329194],[22.340447112537532,65.75370788943688],[22.339071449890593,65.75503726672969],[22.338205648546722,65.7550790640172],[22.332856106461225,65.75786308892614],[22.33199019830344,65.75790485191918],[22.330894486139808,65.75867937004695],[22.32839820621842,65.7591605551339],[22.328499756646327,65.75951649836458],[22.327302333302995,65.75993504897173],[22.328219093620714,65.76007128358077],[22.32798919428118,65.7608040401658],[22.326409453532197,65.76142142527159],[22.32651098724372,65.76177736998528],[22.325695697645997,65.76199707096252],[22.325465712219994,65.7627298245622],[22.323987302013574,65.76370313184617],[22.32469794455873,65.76619475558348],[22.323882501217323,65.76641444833385],[22.323347881871413,65.76607935946284],[22.322048577439595,65.76614192529682],[22.317178900042066,65.76908255771761],[22.315063813207175,65.76936471977142],[22.314298887804764,65.7697623397652],[22.31294867852064,65.76964685293247],[22.31141872140613,65.77044206886814],[22.31152009108718,65.77079802512289],[22.310653707600153,65.77083967141377],[22.31037254855849,65.77139442847256],[22.296942913967758,65.77203929807035],[22.295794973806665,65.77263559546287],[22.29449525918389,65.77269793031171],[22.294646980754354,65.77323188471448],[22.295564056839083,65.77336831275024],[22.294264304649417,65.77343064598911],[22.293498934807584,65.7738281658244],[22.293802359619256,65.77489607662986],[22.29471949130986,65.77503250921382],[22.29313807928323,65.77564956528096],[22.294055234754627,65.7757860016333],[22.294156390186725,65.77614197146472],[22.294972399678084,65.77592243237751],[22.295990756073422,65.77641482587285],[22.295810409183346,65.77732552787339],[22.29726216100809,65.77779713058023],[22.298100361484778,65.77920021164924],[22.29993498633252,65.77947301611938],[22.30003624026155,65.77982898109943],[22.303503045410228,65.77966259561421],[22.304037702518215,65.77999775370516],[22.305821774944388,65.78009250547318],[22.306407144169647,65.78060563498195],[22.30722318479826,65.78038603003172],[22.3080113303252,65.78161107101468],[22.30969412951214,65.78134981797785],[22.30999833104063,65.78241768904053],[22.31139991451008,65.78271117354412],[22.31660055233909,65.78246117405742],[22.31818179716003,65.78184387626231],[22.319481903555705,65.78178133570144],[22.319813733512614,65.78140453735503],[22.321113813012502,65.7813419831371],[22.321012261159346,65.78098603503012],[22.323179015498106,65.78088175523963],[22.32389332810469,65.78030611603279],[22.330444157813503,65.78017103440982],[22.330901733636885,65.78177276638671],[22.33202271010145,65.78262085037329],[22.331792754496675,65.78335361317376],[22.330925988793354,65.78339537836156],[22.330899399960135,65.78484002021102],[22.331715356271662,65.78462028500279],[22.331613642625197,65.78426434551871],[22.332913831806547,65.78420168963608],[22.332378713868774,65.78386663726364],[22.33324549257684,65.78382486369318],[22.33378062072995,65.78415991292582],[22.334596530315505,65.78394016274872],[22.3356159558735,65.78443228118653],[22.337528444458197,65.78343795497213],[22.338446099893105,65.78357411942609],[22.34040932794414,65.78275772567572],[22.34214277646363,65.78267408335701],[22.34285670719024,65.78209835900367],[22.345788243202033,65.7815959960419],[22.346119682409196,65.78121914423083],[22.346986345396978,65.78117729366515],[22.347317761864684,65.78080043946801],[22.349000084413827,65.78053875725229],[22.35096274374948,65.77972223309423],[22.355627002765704,65.77913592565535],[22.35659560955653,65.77944994170385],[22.356621474224195,65.78107253398942],[22.355092232874718,65.78186818121718],[22.354225562498872,65.78191007792887],[22.35399624635541,65.7826428680216],[22.352747195554915,65.78288366366627],[22.351753083175574,65.78401425817142],[22.34930576064001,65.78467376708352],[22.347776081137088,65.78546934513668],[22.347878023507157,65.78582527162885],[22.34701120610338,65.78586712874727],[22.347113139809938,65.78622305583364],[22.346246307546892,65.78626490874697],[22.346348232589257,65.78662083642745],[22.345098915604837,65.78686157197556],[22.344869302590975,65.7875943511788],[22.343237422876097,65.7880339576728],[22.342344586393423,65.78952042673782],[22.34109509077588,65.78976113119894],[22.34010021328297,65.79089165704396],[22.33923321042628,65.79093347173024],[22.33895247582782,65.79148827733384],[22.33737116208027,65.79210579113821],[22.337472992383667,65.79246172565026],[22.3363251248549,65.79305832741362],[22.336528768725138,65.79377019792412],[22.337880344552993,65.79388546271699],[22.335763476931334,65.79416792910239],[22.335865294833948,65.79452386480399],[22.33494725814307,65.79438768848176],[22.335584452430684,65.79507866523475],[22.33433462326661,65.7953193175038],[22.33448732989381,65.79585322265284],[22.333186557787204,65.7959158975394],[22.333058329043823,65.79700460050329],[22.331093800161526,65.7978209120299],[22.331195570938554,65.79817685129458],[22.329129146566085,65.79863719944846],[22.329281769014443,65.79917111060692],[22.326449622149426,65.8000291213965],[22.326551339281387,65.80038506426921],[22.324203502419152,65.80140013442154],[22.32440689075116,65.80211202352893],[22.323539479931565,65.80215375290688],[22.320144293946193,65.80412121449481],[22.31927680721449,65.80416292036412],[22.31871420436547,65.8052724683289],[22.3171823710469,65.80606775996783],[22.316389064310364,65.80791004683844],[22.315572244231095,65.80812970827013],[22.31544323688202,65.80921840378005],[22.313961867440295,65.81019164194963],[22.314548117113148,65.81070473171157],[22.31541583328703,65.81066305053598],[22.315697264419356,65.81010828166899],[22.31656495827247,65.81006659417284],[22.316463333150452,65.80971064378082],[22.317663210737198,65.80929215492318],[22.317459940585433,65.80858025572137],[22.319246043603187,65.80867483097661],[22.320828800334006,65.80805749133931],[22.320727125840065,65.8077015442559],[22.32159472886985,65.80765982902967],[22.32213022139825,65.80799491562523],[22.322028529224937,65.80763896957788],[22.322896127615298,65.80759724699692],[22.323611155094966,65.8070216023308],[22.32447872962015,65.80697987098003],[22.32437700982396,65.80662392676057],[22.326010385751612,65.80618450779693],[22.327006441827816,65.80505406265887],[22.328358575972032,65.80516940647419],[22.32825681118176,65.80481346526946],[22.329124302330055,65.80477170830393],[22.329456267374834,65.804394887717],[22.33157404512812,65.80411250015113],[22.331038515131894,65.80377744705146],[22.33277341375542,65.80369389736019],[22.332671595000853,65.80333795961529],[22.33583572892334,65.80210299865423],[22.33649938665095,65.80134933016076],[22.337800423247586,65.80128662448887],[22.33851494549663,65.80071091482708],[22.339815943976436,65.80064819233279],[22.340096748617473,65.80009338448565],[22.341780400433258,65.79983176919235],[22.342443827575487,65.79907807704917],[22.34369375776191,65.79883735737187],[22.34354083922579,65.7983034634835],[22.344408081523152,65.79826162201145],[22.348285214865445,65.79645067685564],[22.35203438261658,65.79572834950653],[22.35318199455391,65.79513163199817],[22.353079934731184,65.79477571019291],[22.355247691469096,65.79467096505343],[22.356012690820986,65.7942731389469],[22.355859549771047,65.79373925954677],[22.35716014571588,65.79367639301707],[22.35907245286088,65.79268179841567],[22.362438349316502,65.7921581439776],[22.36483492181146,65.79132046464008],[22.367818166523136,65.79099562859686],[22.36761368536889,65.7902838079933],[22.369449795976116,65.79055576151436],[22.369603195629935,65.7910896247721],[22.37052128505983,65.79122559199034],[22.37067471168559,65.79175945390942],[22.369374252062862,65.79182243436306],[22.370012295566344,65.79251325903866],[22.369196431728955,65.79273319824291],[22.369349841711376,65.79326706165308],[22.368100431558908,65.79350798652118],[22.367259996248702,65.79517254399794],[22.36611271531918,65.79576936422396],[22.366470584517373,65.79701505334177],[22.371444537119014,65.79749596651367],[22.37073084637415,65.79807182233455],[22.371317926219113,65.79858468588358],[22.37011943628831,65.79900358314646],[22.37027291024682,65.79953744500358],[22.36869188345109,65.80015528069389],[22.368029206432343,65.80090907970754],[22.36866745360559,65.80159990803246],[22.367902442171665,65.80199779770857],[22.36805589164476,65.80253166202749],[22.366857166735787,65.80295053591881],[22.36667920260087,65.80386129822223],[22.36736864275764,65.80473008675938],[22.366603520443938,65.80512797098609],[22.366476685123892,65.80621668847407],[22.36522662410805,65.80645759605936],[22.365099727046065,65.80754631299241],[22.36423221273815,65.80758827470737],[22.364105270651045,65.80867699124283],[22.363288849200806,65.80889690420204],[22.364463258307634,65.80992268388809],[22.363264135311635,65.81034153336907],[22.363034870265913,65.81107433649717],[22.362218364324708,65.81129424453968],[22.36237176257387,65.81182811505312],[22.361121391147115,65.81206899198598],[22.36017771656805,65.81337760521829],[22.355916155721097,65.81538778524728],[22.356120553187644,65.8160996222803],[22.35328749721711,65.81695813991308],[22.353057898417333,65.81769093123248],[22.352241096938677,65.8179107887227],[22.352164700514756,65.81917746109951],[22.351296769151446,65.81921935327337],[22.350250206911777,65.8201719899803],[22.350275858539646,65.82179458518276],[22.352369516149977,65.82295653030896],[22.353722698408784,65.82307163929919],[22.354565583330604,65.82447436421113],[22.35331452603972,65.82471518374994],[22.35351894056762,65.82542702408281],[22.352318924568593,65.82584579610017],[22.352472221743746,65.8263796775048],[22.350889140315953,65.82699734834365],[22.350276376839727,65.8279290424948],[22.34639475989443,65.82974008098802],[22.346496893902433,65.8300960065145],[22.343380961242595,65.83150917963977],[22.34348306201184,65.83186510749717],[22.342231539356817,65.8321058406626],[22.340954075799193,65.83379120068693],[22.342205692306543,65.83355047709509],[22.341669389721964,65.83321546874369],[22.342818873135904,65.83261881136625],[22.343687272875282,65.8325769629167],[22.34309992293733,65.8320639957072],[22.344351435025903,65.83182325552619],[22.344453550711616,65.83217918259173],[22.34532193242513,65.83213732501916],[22.345858258623036,65.83247232031913],[22.3439425539403,65.83346678163758],[22.34263990888066,65.83352955507144],[22.34317623073423,65.83386455983016],[22.341975654746385,65.83428325589236],[22.34131136269418,65.83503695418423],[22.34039183789933,65.83490082490182],[22.340136662501894,65.83401099924217],[22.339906562314,65.83474377551947],[22.337556199870146,65.83575907518228],[22.33975254162164,65.83727711943793],[22.345500299919056,65.837361045954],[22.34437639047446,65.8365130893396],[22.343507859261663,65.83655494296282],[22.34465744429972,65.83595827078337],[22.344402108823772,65.835068453785],[22.34493848662651,65.83540345181872],[22.345806976183322,65.83536159045819],[22.345934762683882,65.83427288118394],[22.347569488721795,65.83383321859618],[22.349433982244594,65.8326607514094],[22.350353470965036,65.83279682659705],[22.350685460745183,65.8324199596425],[22.351553838398928,65.83237806667229],[22.351017441051013,65.83204309205647],[22.353188345942158,65.83193834602875],[22.352422212940922,65.83233616879404],[22.355410364965415,65.83201152846043],[22.35691747328598,65.83266048139973],[22.357070914616187,65.83319435679445],[22.356253662978762,65.83341424005918],[22.355666044560817,65.83290132375969],[22.355385259560194,65.83345616000021],[22.35732666573803,65.8340841486254],[22.361234534837624,65.8338954198123],[22.36200057389461,65.83349755374222],[22.363737354503456,65.83341363394074],[22.36524475300969,65.83406250191284],[22.366088659179606,65.83546515335418],[22.364785977968122,65.83552811602874],[22.362819603005736,65.83634485366507],[22.359447971915504,65.83686857143896],[22.35921840382102,65.83760137168342],[22.360086939616977,65.83755942867906],[22.36067475739019,65.83807232605098],[22.359474281826945,65.83849115869145],[22.35150368401385,65.83833455894037],[22.35096715838307,65.83799958538117],[22.34917891293109,65.83790540191782],[22.34762058780852,65.83707841169641],[22.34593457757041,65.83734011397972],[22.347824962835787,65.8377902600001],[22.34754396001341,65.83834508389378],[22.348412543757096,65.83830320681744],[22.348565849057948,65.83883709204443],[22.35068622179151,65.83855441442162],[22.353343101476682,65.83860667464064],[22.35344537387996,65.83896259418368],[22.355565699290494,65.83867984927798],[22.35566800278594,65.8390357670352],[22.35658775277216,65.83917180218464],[22.359678998256502,65.83920298785338],[22.361569753992903,65.83965296020621],[22.363792459220154,65.83972601410663],[22.363614205577434,65.84063677552301],[22.358887865993253,65.84104547423539],[22.357482541181675,65.84075246227157],[22.35830001204927,65.84053257033716],[22.35776335146568,65.84019762194552],[22.353701068513434,65.83985239260969],[22.351810430338944,65.83940232173588],[22.352576777722135,65.83900449999794],[22.350788457195584,65.83891033609704],[22.351427247786305,65.83960123124753],[22.352832442818872,65.83989430016011],[22.353420173317733,65.84040722627913],[22.354671986212388,65.84016639865267],[22.354774284446506,65.84052231705718],[22.355642927541894,65.84048039829797],[22.357636052219185,65.84128633641862],[22.362030538922326,65.84125456745183],[22.362184147931146,65.84178843608892],[22.36131547348296,65.84183039234496],[22.361852215092856,65.84216532747953],[22.36049798866241,65.84205030054927],[22.359680489686795,65.84227020451402],[22.360217219808007,65.84260514550276],[22.358914159823392,65.84266806171844],[22.36070276744128,65.84276212773516],[22.36129072251794,65.84327502141534],[22.363896882985845,65.84314913693738],[22.36461192486718,65.84257330018853],[22.3659149633047,65.84251033557757],[22.366144375497687,65.84177752677452],[22.36777921362867,65.84133764681926],[22.367625491760343,65.84080378489018],[22.368774690291698,65.84020693493105],[22.370077596647796,65.84014393607748],[22.370180107874123,65.84049984211555],[22.371636824201644,65.84097068847677],[22.372505449388765,65.84092867399977],[22.371663923829537,65.84259326601867],[22.36959472573426,65.8430541888155],[22.36606866192815,65.84304419944795],[22.364868048826676,65.84346307579106],[22.365277887725327,65.84488671546916],[22.364025951552627,65.84512763118501],[22.362978864906776,65.84608036009219],[22.363720624027323,65.84712711022492],[22.365995225951824,65.84737808109686],[22.366021998641592,65.84900066273632],[22.365204330586586,65.84922059787522],[22.362060655782837,65.84901157953283],[22.36241921905087,65.85025727131921],[22.3616014795558,65.85047718785961],[22.36137187352195,65.8512099916745],[22.35861127481126,65.85080196893266],[22.357413446141095,65.85089902391469],[22.35780783,65.85227034999998]],[[22.40534431224621,65.82201423858928],[22.4057782723893,65.82199313952711],[22.40582973089411,65.82217107860352],[22.40534431224621,65.82201423858928]],[[22.63473119605253,65.59886029571575],[22.632944636899584,65.59904568937147],[22.633049599233175,65.59940139172502],[22.633909635549077,65.5993579773694],[22.63320704866846,65.59993494506018],[22.63229451370522,65.59980050419597],[22.631539405085533,65.60019961314218],[22.63024930054457,65.60026471318312],[22.62778442181918,65.59930606942144],[22.628969579052523,65.59888528510203],[22.62865487638756,65.59781816747376],[22.63162262033045,65.5960439171348],[22.630930359138393,65.59517635755958],[22.61831532103826,65.59382703196823],[22.614457030706618,65.59257742870567],[22.61172050770108,65.59217373999837],[22.611563555315144,65.5916401593325],[22.610651419005258,65.59150558411699],[22.61001228657623,65.59081578134058],[22.61077889984089,65.58897225250769],[22.611638636340444,65.58892896758292],[22.612341425267452,65.5883520978824],[22.615780257884484,65.5881788946107],[22.61766775691315,65.58718131435857],[22.619387080833924,65.58709466298073],[22.62017174177532,65.58667989279269],[22.61407992895619,65.5869869852316],[22.612666650666377,65.58797473198653],[22.60965767662767,65.58812622723892],[22.608577255161045,65.58890258206725],[22.60470839239105,65.58909724814124],[22.60272762847846,65.58829441520157],[22.6032969977349,65.58752965897048],[22.601109047249356,65.58763963643794],[22.60128131328276,65.5878256711565],[22.59920853263693,65.58773516592336],[22.598376711399858,65.58833267260793],[22.595315398213128,65.58830601845686],[22.59541979417097,65.58866175255272],[22.593752458312437,65.58892600170425],[22.59272370541379,65.58988011645916],[22.589336623947748,65.59023067011861],[22.586978477683957,65.58962707745117],[22.583539223102477,65.58979963132344],[22.58284873527621,65.58893183434449],[22.58059504719568,65.58868388439002],[22.578992841084553,65.5876813039948],[22.57716917301257,65.5874117498716],[22.576531029313752,65.58672179593451],[22.57561923658871,65.58658700638297],[22.575944979866236,65.58620971410426],[22.574225540497864,65.5862958736758],[22.574121445556788,65.58594012194258],[22.575632635226196,65.58514246284437],[22.577404059827508,65.5852341627026],[22.578159594895563,65.58483531927587],[22.577625625252775,65.5845011181094],[22.576765966904745,65.58454420924713],[22.576245392279354,65.58276545963191],[22.576896761992856,65.58201087288532],[22.57775633645251,65.58196778185881],[22.577600154172863,65.58143415828917],[22.579319259074996,65.58134796382491],[22.580022579698678,65.58077123871115],[22.581311869477936,65.58070657447087],[22.5818548224043,65.57958238500548],[22.559442360084134,65.58070463192492],[22.55794779495556,65.58133521493896],[22.55848144787647,65.58166948864984],[22.557621844838877,65.5817124706002],[22.557777619745785,65.58224611887574],[22.55643626626422,65.58213270104191],[22.555850717506335,65.58162053644777],[22.554991110847865,65.58166350350776],[22.554353701306912,65.5809734487833],[22.55321999436396,65.58157153848992],[22.551930577776965,65.58163596492714],[22.55079678592273,65.58223403736169],[22.550900544345456,65.58258980850101],[22.54746193157273,65.58276153700803],[22.5468615360698,65.58369389323947],[22.54567568978661,65.58411404218165],[22.54481598057479,65.58415695254527],[22.54509030385258,65.58360183435106],[22.542081363053885,65.5837519872365],[22.541925898949955,65.58321831968723],[22.54111802667543,65.58343909811059],[22.541703331288797,65.58395132211045],[22.540843619555258,65.58399420995916],[22.54025833069012,65.58348198247874],[22.541770441875276,65.58268465190852],[22.541133353747153,65.58199453831685],[22.539895683757244,65.58223675254985],[22.539621261562118,65.58279186233422],[22.53870978670181,65.58265684747938],[22.538606194505036,65.58230106631538],[22.53688686457345,65.58238680104046],[22.537042219421497,65.58292047486177],[22.535649134444043,65.58262898118988],[22.534463149182397,65.5830490437704],[22.533878007146967,65.58253679016227],[22.53511575030535,65.58229462435077],[22.534112114732906,65.58196854878626],[22.52091685,65.58262696000001],[22.515753219999997,65.56483704999998],[22.539619517115888,65.56364635388442],[22.540096098391974,65.56345746570801],[22.538978296504546,65.56261088334834],[22.539837306599818,65.56256801319398],[22.541725973897407,65.56157136787549],[22.54296265314488,65.56132914875181],[22.54306620424396,65.56168492732246],[22.54435466027232,65.56162058607497],[22.54493951110754,65.56213280212303],[22.54569490327845,65.56173412212425],[22.54741283588924,65.56164830161953],[22.54768689425063,65.56109318146271],[22.550796835110617,65.56129871643675],[22.553817805336507,65.55970386303726],[22.553936175237716,65.55861507841126],[22.554846873246653,65.55875000952967],[22.55555016180476,65.55817339846118],[22.557273833258613,65.55778267850353],[22.55611258,65.55379996],[22.570220792316928,65.55309307719087],[22.57207803940618,65.55211173496156],[22.57503114919004,65.55178314938298],[22.575616364508807,65.552295243144],[22.57690425946286,65.55223063062243],[22.579545307099796,65.55083470500917],[22.581262386969073,65.5507485091285],[22.581574464959218,65.55181575129625],[22.58023459813541,65.55170252904402],[22.580767902064032,65.55203672773692],[22.578828581080735,65.55266160741199],[22.59904303,65.55164583],[22.600020885643545,65.55233241015742],[22.59928680565715,65.55247657410831],[22.599829920314818,65.55432741232275],[22.601453112809722,65.55424571863486],[22.601609586729598,65.55477931452047],[22.604991895314964,65.55442853539449],[22.60681349746739,65.5546977756902],[22.60611144975582,65.55527461205128],[22.60637241485676,65.5561639286224],[22.605513748348358,65.5562071727322],[22.60658120108106,65.55687538141429],[22.6055019298962,65.557651702403],[22.60646504236386,65.55796418426189],[22.606569443867627,65.55831991054782],[22.60576290292098,65.55854101995754],[22.606505485579152,65.55958657655755],[22.608652419263752,65.55947844034473],[22.60826359513695,65.56112246064305],[22.609226870870604,65.56143492326686],[22.608368036449715,65.56147818528841],[22.608043056762142,65.56185553938141],[22.60846084302505,65.56327843793599],[22.610178626985064,65.5631919067885],[22.61006260671139,65.56428071102344],[22.611507739384606,65.56474938325805],[22.61274388306812,65.564506599737],[22.61333013424025,65.56501853703394],[22.618001976411385,65.5646025169677],[22.619394960651295,65.56489325418762],[22.618640632613904,65.56529229078912],[22.619227017253014,65.56580420388795],[22.62008597246287,65.5657608790267],[22.62029522583671,65.56647230814845],[22.618734179966157,65.56709252958002],[22.619477545749323,65.56813801457018],[22.619309591069303,65.56904896449814],[22.618073298346978,65.56929180315514],[22.61871207913833,65.56998157542245],[22.617475736676997,65.57022440971161],[22.61768496203259,65.57093584274898],[22.61687813395801,65.57115701433587],[22.617035046331438,65.57169058983128],[22.615903203471692,65.57228912930474],[22.61568280535361,65.5730222177866],[22.61341889186556,65.57421927040181],[22.61357575564022,65.57475284998878],[22.611636692981936,65.57557251129121],[22.611091044028544,65.57668295702263],[22.611247878017878,65.57721653933335],[22.612159510884005,65.57735111608547],[22.6106792999994,65.57813358405556],[22.613791245212603,65.5779767199347],[22.61280970136324,65.57659638709096],[22.61404638950252,65.57635358735155],[22.61668777754784,65.57495701012199],[22.621581585537747,65.57380777360362],[22.622545495945097,65.5741201450078],[22.625123154663807,65.57399009119372],[22.626139487042465,65.57448029418883],[22.625699229432005,65.57594649512266],[22.626935760180757,65.5757035917578],[22.626820418602982,65.57679240194295],[22.627732111527195,65.57692688435021],[22.626443148268987,65.57699194031456],[22.626130825423143,65.57735471753135],[22.62835586,65.57724256],[22.62863562861507,65.57819184795318],[22.62949269672282,65.578462496652],[22.632877656400325,65.57811106721162],[22.634009346147273,65.57751240243718],[22.635885310236645,65.57795912438199],[22.636639724434826,65.57756000095884],[22.63841080232472,65.5776509910349],[22.640893544923568,65.57572045615389],[22.642664508902932,65.57581139765763],[22.643733737436182,65.57647932610743],[22.642759802160818,65.57761160371801],[22.640873959546656,65.57860947945984],[22.641408603975883,65.57894345064591],[22.640601740840918,65.57916474898755],[22.64069691738003,65.58096495758831],[22.64123160988494,65.58129892891246],[22.6438098663875,65.58116855092605],[22.644397118607408,65.5816803576701],[22.645738785157093,65.58179299338536],[22.645896366160418,65.58232653211178],[22.64751017818203,65.58188387383426],[22.64852724208933,65.58237391909257],[22.648360246352112,65.5832848914145],[22.65007918955183,65.58319789566119],[22.65216613230918,65.58435578596081],[22.653938039020776,65.58444657304727],[22.655008242083234,65.5851143990066],[22.65515690618363,65.58709243822717],[22.65402482874259,65.5876912844015],[22.654182622619526,65.58822481234542],[22.65341692685904,65.58826358040943],[22.65403682668479,65.59035870667088],[22.65782390487101,65.59020647360126],[22.658473375696207,65.58945154312497],[22.659333352415164,65.5894079721796],[22.660342428711015,65.59134242607973],[22.659157651574052,65.59176347117398],[22.65893818638413,65.59249661945864],[22.657805969612067,65.5930954953415],[22.655708331316166,65.5933822370093],[22.655813577190223,65.59373792065847],[22.65504812640571,65.59377667924561],[22.656784568357427,65.59964547446602],[22.65786650610063,65.60067373090884],[22.65708153311518,65.60064915060342],[22.65772769,65.60283302],[22.652903601385162,65.60307694420923],[22.65311822056337,65.6038022071627],[22.647790195935794,65.60497425420513],[22.647623076254135,65.60588522714701],[22.64643791733257,65.60630615734911],[22.644717432564526,65.60639312757365],[22.643752041073586,65.60608091238983],[22.641548881675124,65.60601173654173],[22.641759112617667,65.6067231261606],[22.64353220240711,65.60681403578923],[22.64181167233497,65.60690097350015],[22.641056512803242,65.60730013039728],[22.639933487460684,65.60645434757387],[22.639020688643203,65.60631994989593],[22.639345732131194,65.60594252857489],[22.641013656674357,65.6056777717223],[22.63951314334487,65.60503156178564],[22.639733083866233,65.604298443185],[22.641778433378594,65.60383410482507],[22.64236618588395,65.60434591441272],[22.643226366896535,65.60430244571127],[22.643551325116615,65.60392501625094],[22.646614473081485,65.60395067703857],[22.6469393774634,65.60357324086739],[22.648282191762092,65.60368584232481],[22.64861985065713,65.60329354688642],[22.636224159999998,65.60392032],[22.63473119605253,65.59886029571575]],[[22.547002820045797,65.55425507542878],[22.544156654528848,65.55495290635342],[22.54399728062239,65.55440522948007],[22.534644420000003,65.55487249000001],[22.53206027,65.54597781],[22.55352123,65.54490573],[22.55611258,65.55379996],[22.547002820045797,65.55425507542878]],[[22.534244918738153,65.5538234158248],[22.53333449446351,65.55368835800786],[22.534193221814732,65.5536455227417],[22.534244918738153,65.5538234158248]],[[22.552471263435073,65.54129783934555],[22.551108563514568,65.54143070637515],[22.551382355151276,65.54087558229138],[22.550524082202767,65.54091851044883],[22.55030204905349,65.54165151993912],[22.548962828288182,65.54153801429567],[22.54783066027507,65.54213604793476],[22.547934185817176,65.54249182340567],[22.546646685202308,65.54255618540489],[22.545085240594595,65.54317565118579],[22.544981750627645,65.54281987340309],[22.543265048278904,65.54290565382655],[22.542628957653697,65.54221553651817],[22.54312518075515,65.54092742510068],[22.54430914175899,65.54050731533168],[22.54442787029605,65.53941853459999],[22.550739073441935,65.53567394524705],[22.549209892928427,65.5300911318515],[22.547847802131955,65.5302238107679],[22.546354012668836,65.52957661141785],[22.546679519297104,65.52919938460015],[22.545511330275623,65.52817494845794],[22.546642964347814,65.5275769376488],[22.54676156821534,65.52648815641712],[22.545748628032445,65.52599738675868],[22.54612581271479,65.52579805044486],[22.546931880704342,65.52557726370544],[22.548455603190817,65.52333534432901],[22.55190127281987,65.5217191169745],[22.5517977926501,65.52136334378905],[22.552551931811973,65.52096464240711],[22.55426715491477,65.5208787717215],[22.554592444627872,65.5205015301053],[22.55545003847657,65.52045858580254],[22.55841434951875,65.5186858056985],[22.560025822360718,65.51824410372976],[22.559234590698807,65.51702040406494],[22.563144988451523,65.51700488592577],[22.563898828277424,65.51660613102756],[22.56528863774906,65.51689739821813],[22.566848050759326,65.51627774481896],[22.57199258894726,65.51601959951122],[22.571888862413207,65.51566384262102],[22.57365553493681,65.51575563470358],[22.573980481748357,65.51537835491396],[22.574889751033403,65.51551318001945],[22.575097287514385,65.51622468875591],[22.57595470018495,65.51618163001756],[22.57718891371191,65.51593915658984],[22.578267386122107,65.51516304589694],[22.57960535593324,65.51527630495008],[22.579930210228675,65.5148990133231],[22.581268172762098,65.51501225773464],[22.582021673860726,65.51461341596556],[22.58330769168429,65.51454876816923],[22.583632483428275,65.51417146923052],[22.58658116020535,65.5138427037017],[22.589217908760787,65.51244665360635],[22.59098441134648,65.51253824493148],[22.5925429423957,65.51191833561558],[22.594309418413708,65.5120098883581],[22.5942054072371,65.51165414972898],[22.59473803683557,65.51198830602318],[22.598271021959263,65.51217133922275],[22.602777512469796,65.5112222807331],[22.603478505739098,65.51064547082223],[22.604335678730425,65.51060225359821],[22.604608045259646,65.51004704808503],[22.60551727424202,65.51018168938279],[22.60524492595308,65.51073689634704],[22.606530683471235,65.51067205368317],[22.60927023469907,65.50963139648061],[22.611088717340238,65.50990061726324],[22.611777886116425,65.51076829859534],[22.608986215165793,65.51163113819472],[22.609090427481657,65.51198686457508],[22.6079088111855,65.5124074569403],[22.608169320522986,65.51329677484033],[22.61111756044012,65.51296753524157],[22.61165043129201,65.513301629454],[22.612832025121083,65.51288100807089],[22.612936295822966,65.51323673120106],[22.61507938770209,65.51312854330165],[22.615183690197586,65.5134842645546],[22.616573875941334,65.51377505634878],[22.61640605647705,65.5146860013217],[22.61822496377525,65.5149551318843],[22.618485854999967,65.51584442807695],[22.617252050759113,65.5160872343801],[22.616551227113582,65.51666410642802],[22.617136418838115,65.51717603969507],[22.619760681181486,65.51722399402311],[22.620084971130012,65.51684662198319],[22.622123909281147,65.51638261480193],[22.621423187350427,65.5169595083858],[22.620565839924176,65.51700282430684],[22.620722434944046,65.51753639903819],[22.6199172613548,65.51775756974219],[22.618944325148224,65.51888968338956],[22.61915309412313,65.51960111882903],[22.6173225825023,65.52077652745136],[22.617102573962175,65.52150961374173],[22.61242687629245,65.52337005421435],[22.609529622513875,65.52387719392772],[22.608776291423332,65.52427617104445],[22.60893269819627,65.52480975994229],[22.60742594214501,65.52560770544561],[22.599330125616,65.52619615489515],[22.5978229917989,65.52699400859657],[22.596965267671216,65.52703719455197],[22.596315766152422,65.52779184822388],[22.59545801280321,65.52783502593097],[22.59491254953875,65.52894541110601],[22.594106801354698,65.529166450253],[22.592716022061815,65.52887545792223],[22.587465196571582,65.52877858840661],[22.585476642814548,65.52942001711754],[22.58204531015492,65.52959245612604],[22.57995265298081,65.5298780660531],[22.57919869158458,65.53027690225738],[22.577482950167365,65.5303630610473],[22.574843802137124,65.53175893113045],[22.573933960506306,65.53162411159214],[22.57323176702101,65.53220079679747],[22.572373822760213,65.53224384553428],[22.572477635459776,65.53259960124173],[22.571713761358815,65.53263792441766],[22.572129057846283,65.53406094574676],[22.57304866113777,65.53455625580047],[22.572354116261224,65.53483211269474],[22.574980249999992,65.54383060999999],[22.55352123,65.54490573],[22.552471263435073,65.54129783934555]],[[22.558377117249382,65.5170633686011],[22.558273571149915,65.5167076005301],[22.55870230252727,65.51668611921824],[22.559234590698807,65.51702040406494],[22.558377117249382,65.5170633686011]],[[22.712246057270697,65.4784047138114],[22.712028851382595,65.47913791452278],[22.710052788035433,65.4783364633584],[22.712246057270697,65.4784047138114]],[[22.54669041406567,65.47234936283895],[22.549531691673007,65.47166558348182],[22.549634903705833,65.47202136088023],[22.548505673570588,65.47261936934348],[22.546417154730893,65.47290447281947],[22.54669041406567,65.47234936283895]],[[22.372738662824403,65.72706515098362],[22.373171061342727,65.7270441597001],[22.373222068353517,65.72722211413722],[22.372738662824403,65.72706515098362]],[[22.356712895744792,65.8319486471947],[22.35535923138135,65.8318335693266],[22.354771668622323,65.83132064905054],[22.353903332934756,65.83136255991684],[22.353801090480278,65.83100664038554],[22.354950190725983,65.83040989536771],[22.35479681332033,65.82987601722618],[22.3562015063805,65.83016905995486],[22.355613966968605,65.82965614269351],[22.359087047413617,65.82948843320901],[22.35972581046891,65.83017929393358],[22.358423378062064,65.83024219995606],[22.358959831594436,65.83057714802084],[22.35814267875686,65.83079704044971],[22.358781451191753,65.83148790503213],[22.359700943882054,65.83162392390078],[22.35952258466693,65.83253468157206],[22.357632394826535,65.83208467845701],[22.357785846860804,65.83261855303178],[22.35691747328598,65.83266048139973],[22.356712895744792,65.8319486471947]],[[22.701604206188144,65.53028031991951],[22.697767495001784,65.52932887868215],[22.697127542075986,65.52863945920383],[22.695735218852523,65.52834945005498],[22.69605868599736,65.52797191729945],[22.695049709851432,65.52603770156263],[22.692265419685086,65.52545762850461],[22.691144125173007,65.52461222094111],[22.688518103239375,65.52456556289201],[22.687396968923945,65.52372012588674],[22.687720504598815,65.5233426102747],[22.686870323085117,65.52194182216279],[22.687622687633574,65.52154245332375],[22.68741203486107,65.52083113232219],[22.68826969297372,65.52078742114419],[22.688164359870093,65.52043176120257],[22.691978327800086,65.51861268150816],[22.69519777834376,65.5177263993753],[22.69509236581196,65.51737074509857],[22.696055318767627,65.51768264525752],[22.69718346286178,65.51708352625786],[22.69980873584811,65.51713004161023],[22.703133244615483,65.51659924517286],[22.703027729533257,65.5162435975033],[22.709029994155653,65.5159369110409],[22.71026336841574,65.51569334089656],[22.710157760679802,65.51533769917454],[22.714233566967643,65.5144071850881],[22.71723442826739,65.51425365201231],[22.71776882407224,65.51458734934845],[22.719054910368083,65.51452152664488],[22.719213498873142,65.51505497802208],[22.720928303844705,65.51496719535389],[22.72140988184607,65.5151230628415],[22.721192691199565,65.51585627685604],[22.722103003144117,65.515990192339],[22.72220877669668,65.51634582398215],[22.72515689683407,65.51601431629281],[22.725051084766577,65.51565868711629],[22.725585608981973,65.51599235547965],[22.726871740651383,65.5159264657949],[22.726173061586135,65.51650383594509],[22.72831664937899,65.5163940050279],[22.729491703217967,65.51741694090275],[22.730767617974962,65.52023996457352],[22.730015964822478,65.52063954059864],[22.729529034125704,65.52192817636309],[22.727972629392454,65.52254950079684],[22.72807851496339,65.52290512718744],[22.72722086796379,65.52294906406591],[22.727003789565792,65.52368228531782],[22.725018371904145,65.52432554732853],[22.725124225935478,65.52468117612375],[22.724266514599574,65.52472509691611],[22.72437236034644,65.52508072632563],[22.72528301294971,65.52521461911795],[22.725600608461942,65.52628150439136],[22.724848705590382,65.52668105735775],[22.72321774976077,65.52976887104347],[22.72513834,65.53622021],[22.70369312,65.53731648],[22.701604206188144,65.53028031991951]],[[22.671669928630575,65.50264644414221],[22.66936852615253,65.49484942684776],[22.667797199419212,65.49421167792698],[22.66727260421051,65.49243328522205],[22.667762161636567,65.49114482359957],[22.673383304958968,65.49103923922075],[22.674615865735355,65.49079596846407],[22.674939208295864,65.49041848232946],[22.677028400137722,65.4901315621518],[22.677569954148513,65.4890209095585],[22.67950141482531,65.48820045144056],[22.679396359457098,65.48784478261595],[22.680523644179345,65.48724579706412],[22.681380214806566,65.48720213628728],[22.682507426175526,65.48660313669752],[22.682402337685204,65.48624747031461],[22.683363971756567,65.4865594649316],[22.68358203523489,65.48582629651479],[22.686099012477865,65.48551741765195],[22.68642212649564,65.48513990934354],[22.687278616266997,65.48509621595952],[22.687173470221985,65.48474055350263],[22.688029945401794,65.4846968560101],[22.688135102879194,65.48505251775126],[22.68941982687332,65.48498696139345],[22.68969029729624,65.48443161635853],[22.690494163367976,65.4842100748893],[22.690336386365324,65.48367658514474],[22.692853070869294,65.48336759678345],[22.692793112189907,65.48463426248524],[22.69413042067999,65.48474649521704],[22.693807423774725,65.48512401879049],[22.692950946273374,65.48516774907189],[22.693484417806506,65.4855015417692],[22.69177143361638,65.48558899411613],[22.6911253424352,65.48634403150523],[22.69026881957128,65.48638774705013],[22.685865575008222,65.48913958535768],[22.685008949977213,65.4891832721398],[22.68313015348661,65.49018163241222],[22.683663607848814,65.49051545999131],[22.682806933308733,65.49055913480179],[22.682536259845456,65.49111446965536],[22.68173211426491,65.4913359716918],[22.682528363842522,65.49255896954675],[22.681619066548404,65.49242480525398],[22.681243246995948,65.49262447137787],[22.681776729474254,65.49295830533543],[22.680919971099996,65.49300197031869],[22.680691716411392,65.49336040729573],[22.690514719999996,65.49285987999998],[22.69099741925934,65.49449071319253],[22.69124607358816,65.49409999664299],[22.692155475873196,65.49423410189299],[22.69199759190554,65.49370061494787],[22.693282729071544,65.49363502141541],[22.695161369989837,65.49263653646254],[22.695747678539618,65.49314814690472],[22.694567859118905,65.4935694170244],[22.694350053967767,65.49430259865306],[22.697138097853262,65.49343817566738],[22.69767179775525,65.49377195121677],[22.69611625464987,65.49439293849079],[22.69584583130115,65.49494829459455],[22.69970137040062,65.49475138165127],[22.70034740460297,65.49399630811271],[22.701520310717836,65.4950194834602],[22.702377093583006,65.49497570138718],[22.703609553261877,65.49473219511749],[22.703932517566695,65.49435465088823],[22.704841989443437,65.49448867903925],[22.70420276236414,65.49379928218042],[22.70505949982164,65.49375548536902],[22.70516493293541,65.49411113239356],[22.70650277666283,65.49422324998632],[22.707517724237753,65.49471290760299],[22.70965962000188,65.49460335891774],[22.71046361832143,65.4943817097583],[22.710358111822384,65.49402606719877],[22.712071573507185,65.49393839903755],[22.713086612003693,65.49442801828644],[22.713943352075,65.49438417106443],[22.714530066201462,65.49489570435786],[22.71335048187062,65.49531711870522],[22.713238749178927,65.49640596211385],[22.71238194143063,65.49644980604795],[22.712059076489876,65.49682736730813],[22.71264581198323,65.49733890770939],[22.71184174322664,65.49756056922543],[22.711736202484676,65.49720492797447],[22.71045094583246,65.49727067974203],[22.70905377078655,65.4984252628502],[22.710391851731828,65.498537343529],[22.710714760723043,65.49815978536498],[22.711624398966258,65.49829377095064],[22.711248731927288,65.49849351012338],[22.711835491198144,65.49900505343221],[22.71306804608117,65.49876146899564],[22.713654846986024,65.49927300480519],[22.713543120082797,65.50036184842399],[22.71182924332853,65.50044953761726],[22.71193480116021,65.50080517863682],[22.710431968217375,65.50160413455441],[22.70957498439851,65.501647964411],[22.708072030640018,65.50244689812489],[22.706786505107043,65.50251262153024],[22.70651623653558,65.5030679951576],[22.704479100921382,65.50353315384146],[22.701907914050217,65.50366452999833],[22.701742968041845,65.5045755455082],[22.700081475701182,65.50484092961219],[22.699006615754396,65.5056178899284],[22.69814947719518,65.50566165659863],[22.69825487429279,65.50601730886282],[22.69659325304904,65.5062826559618],[22.696270044041068,65.5066601870948],[22.693480581965108,65.50752460894032],[22.691337545343472,65.50763394012387],[22.69010436188071,65.50787735383983],[22.68978103961015,65.50825487227804],[22.687690557612704,65.50854198230896],[22.684253762497196,65.51016126689308],[22.68211046302895,65.51027046997302],[22.681358327475955,65.51066980896158],[22.674928200796277,65.51099720621444],[22.67417593266787,65.51139651083919],[22.671175094855574,65.51154918883631],[22.671070039430905,65.51119351414702],[22.66844538696831,65.51114649330277],[22.669197737668593,65.51074721634411],[22.66866403567396,65.51041334019392],[22.666039463738823,65.51036627673655],[22.66764917332322,65.50992342065695],[22.66749167520289,65.50938990404666],[22.666048219910607,65.50892176857795],[22.666380640054477,65.50709978923084],[22.665042283257154,65.50698732165051],[22.664884859728218,65.5064538015643],[22.666389387118315,65.50565528118855],[22.66847989180123,65.50536846557627],[22.669984246189838,65.5045699112163],[22.67126998443627,65.50450449870033],[22.67057886975105,65.5036371156339],[22.671669928630575,65.50264644414221]],[[22.668684469999995,65.56617579],[22.666585878629654,65.56232495293301],[22.665621581839275,65.56201287884244],[22.66589326550425,65.56145756349636],[22.663272293042414,65.55996599652588],[22.66005550570817,65.5594071534818],[22.65995036916842,65.55905147175696],[22.657592722270106,65.5584490056636],[22.657487623992832,65.55809332183735],[22.653149665844474,65.5566886651873],[22.65256267748827,65.55617689623061],[22.64939906780071,65.55579566391512],[22.64929409420327,65.55543997312728],[22.64843521774537,65.55548347578367],[22.647418918169002,65.55499343507947],[22.644203073318906,65.554434245507],[22.643511586920685,65.5535667357352],[22.642548209480957,65.55325449235829],[22.64309207601498,65.55214395190752],[22.646159814381523,65.55072511847904],[22.64605490959382,65.55036942475148],[22.647772332093755,65.55028244498476],[22.64970918883954,65.54946231170938],[22.649341887940245,65.54821739335611],[22.65009557579796,65.54781819756204],[22.649403923685988,65.54695072292209],[22.649413493993812,65.5455062069085],[22.64731956394824,65.5457927942211],[22.646680504282052,65.5451031521318],[22.644534144927757,65.54521185399335],[22.643570751293197,65.54489963021416],[22.642764626403928,65.54512094533622],[22.641371986417468,65.54483043899391],[22.640408963751923,65.5445181783705],[22.640251770558113,65.54398463011334],[22.63736290634759,65.54304780637985],[22.636891567002728,65.54144714917943],[22.63947589002907,65.5398723722487],[22.641569280455858,65.53958590550043],[22.642270449127015,65.53900890096841],[22.646132983832153,65.53881328291345],[22.647368048875727,65.53857020851919],[22.647692342193682,65.53819277074675],[22.64940895667181,65.53810578073768],[22.649733214733264,65.53772833895552],[22.653438080320292,65.53699900076019],[22.654401290339898,65.53731116358657],[22.654611203871255,65.53802253824634],[22.65552197926247,65.53815684984954],[22.655836912443533,65.53922390875718],[22.653576772669986,65.54042156105973],[22.65416340658655,65.54093332967105],[22.65330501748344,65.54097685493089],[22.65303325137649,65.54153214842913],[22.652174840296762,65.5415756675036],[22.65200798898487,65.54248664852028],[22.652918909570552,65.54262097430292],[22.653505582900205,65.54313274506784],[22.656667696171567,65.54351390695206],[22.65725446358887,65.54402566221309],[22.658542184596204,65.5439603374653],[22.658699751686267,65.54449386284422],[22.660574345119368,65.54494026710178],[22.66174812317902,65.54596374254932],[22.663894457708775,65.54585479676648],[22.665077108727584,65.54543373669725],[22.666093349486236,65.54592365938827],[22.669098176988925,65.54577104090036],[22.66925597318145,65.54630455292173],[22.670114505438217,65.54626093567953],[22.6712970708954,65.54583982787909],[22.676824698050904,65.54537832120799],[22.677148639008095,65.5450008239477],[22.67843634793765,65.5449353300118],[22.68198333603024,65.54367179113602],[22.682088698152068,65.5440274551601],[22.680582513628977,65.54482614926263],[22.6830525063332,65.54433942935475],[22.68337634406009,65.54396191983474],[22.68471668231339,65.5440742045221],[22.684874785525597,65.54460769705608],[22.682939417421892,65.54542826487335],[22.68304480114266,65.54578392801383],[22.685620253421497,65.5456528284665],[22.687277017845414,65.5468320712337],[22.68899404107554,65.54674462781067],[22.6897470669132,65.5463452414493],[22.688835837983685,65.54621114060562],[22.68873037322286,65.54585548233744],[22.694310424230647,65.54557116922798],[22.694897972350883,65.54608277034883],[22.699619535153143,65.54584201884767],[22.699559946002356,65.54710868416345],[22.69611895454154,65.54872828277801],[22.696277325033037,65.54926176064346],[22.695471532901006,65.54948335306523],[22.69450033210066,65.55061595402066],[22.69486982939307,65.55186073977926],[22.691089644815257,65.55674675641671],[22.689635795134723,65.55772337318848],[22.6902235414612,65.55823499046872],[22.689417422199377,65.55845655405719],[22.689681267301484,65.55934569660567],[22.688569828523352,65.55974151569494],[22.690155209999993,65.56508422999998],[22.668684469999995,65.56617579]],[[22.44220184144051,65.61217213331041],[22.438917211698264,65.61322334774691],[22.43907077787856,65.613757139369],[22.436897474074353,65.6153075282446],[22.437532683145896,65.61599809816843],[22.436774065461808,65.61639627028688],[22.436978793374767,65.61710799557724],[22.43541027988598,65.6177263996255],[22.43475392151886,65.61848042627994],[22.43255009738232,65.61840822019911],[22.432652411525464,65.61876408622363],[22.431842485782703,65.61898430217165],[22.43440455308725,65.62030204435759],[22.433799275516353,65.62123400003458],[22.432989283916193,65.62145422275985],[22.43309161852638,65.62181008828509],[22.431420415871685,65.62207258907071],[22.430056071012185,65.62340267581938],[22.429194834074046,65.6234449452809],[22.428917645071852,65.62399988143316],[22.4262099855852,65.62521539455432],[22.426896306073075,65.62608394462768],[22.422107838405214,65.62613833598652],[22.41886677321741,65.62701896209585],[22.418180693164008,65.6261503733262],[22.420151659796314,65.62388848128938],[22.419290387356344,65.62393069487634],[22.41913715494353,65.6233968799383],[22.41784526658248,65.62346018964529],[22.417312507685022,65.62312541231273],[22.41743675029606,65.62203667788285],[22.41437143863979,65.62200640799838],[22.41454684134021,65.62109561505173],[22.416495595484477,65.62027838362548],[22.4160872133784,65.61885486689808],[22.415021950364743,65.61818529549096],[22.415299383339978,65.61763038232094],[22.416160454873754,65.61758819338112],[22.416313584892123,65.61812201234069],[22.418466293692468,65.61801651613557],[22.418568413192407,65.61837239358171],[22.42335546121447,65.61831812801923],[22.42725187077946,65.616683424744],[22.42704741315671,65.61597168364928],[22.42775505426557,65.61539562375384],[22.429046512816154,65.6153322339279],[22.42922136748719,65.61442142947101],[22.433044414476583,65.61405325840006],[22.434919734311734,65.61450247386196],[22.435196704496292,65.61394752891923],[22.436795118231696,65.6149516654986],[22.43762588691193,65.61328682029006],[22.43853795593447,65.613422437215],[22.438866024516617,65.61304541715634],[22.437872610416072,65.61110933565321],[22.438631060973915,65.61071115970307],[22.439973443630837,65.610825610122],[22.440075823383715,65.61118147048445],[22.441859951259715,65.61098386621934],[22.44004421,65.60467311000001],[22.447606112832272,65.60430067945255],[22.448785817931196,65.60353498220572],[22.450455650286077,65.60327230378034],[22.450707837136083,65.60414791672788],[22.45504435788153,65.60393433916269],[22.45577260440629,65.60355170446492],[22.457923914042095,65.6034456622352],[22.458849699295644,65.60374692265952],[22.46155813,65.60361352999999],[22.461704923273278,65.60412225837366],[22.46275938102666,65.60356810485095],[22.46367122789275,65.60370357283448],[22.46478845354744,65.60455071652994],[22.462309465219043,65.60503392372945],[22.462133445396002,65.60560734932982],[22.46412508,65.61250958],[22.44260392,65.61356959],[22.44220184144051,65.61217213331041]],[[22.348864829999997,65.74444653999998],[22.37049951,65.74339872],[22.37560609,65.76119411000002],[22.35395675,65.7622428],[22.348864829999997,65.74444653999998]],[[22.813993640177465,65.50313168118892],[22.81351175283059,65.50297611209542],[22.813940160945588,65.5029539039303],[22.813993640177465,65.50313168118892]],[[22.814154647924592,65.50222058598246],[22.815011437265266,65.50217616507676],[22.814796974764494,65.50290948398141],[22.813940160945588,65.5029539039303],[22.814154647924592,65.50222058598246]],[[22.751568573737185,65.55636205293195],[22.75199792230226,65.55634001055277],[22.75205111136028,65.55651781282906],[22.751568573737185,65.55636205293195]],[[22.75205111136028,65.55651781282906],[22.75253365473012,65.55667357112809],[22.752104301218772,65.55669561507868],[22.75205111136028,65.55651781282906]],[[22.75146220376964,65.5560064479376],[22.751515388353226,65.55618425044811],[22.751086041860777,65.55620629143678],[22.75146220376964,65.5560064479376]],[[22.750603515731,65.55605052834363],[22.749155971821047,65.55558322947638],[22.750926499131786,65.55567288328272],[22.750603515731,65.55605052834363]],[[22.742082751714868,65.48373427436252],[22.741654585010163,65.48375627623606],[22.74154870627973,65.483400659445],[22.742082751714868,65.48373427436252]],[[22.7407453151655,65.48362246762373],[22.741173480604132,65.48360046834158],[22.7412264175103,65.48377827690399],[22.7407453151655,65.48362246762373]],[[22.73450492751372,65.55615390459097],[22.734075564186334,65.55617589749913],[22.734022498553117,65.55599808762841],[22.73450492751372,65.55615390459097]],[[22.732415396811895,65.49361810069536],[22.7315587193008,65.49366205202087],[22.731505823960223,65.49348423961513],[22.732415396811895,65.49361810069536]],[[22.71991229725738,65.51447763880502],[22.71948360421022,65.51449958332869],[22.719430740099536,65.51432176632993],[22.71991229725738,65.51447763880502]],[[22.718714447663093,65.47969811797465],[22.71828632329977,65.4797200531467],[22.718233552205138,65.4795422348233],[22.718714447663093,65.47969811797465]],[[22.715175670339484,65.49414057191845],[22.71474730593932,65.49416249957225],[22.714694523697204,65.49398468010133],[22.715175670339484,65.49414057191845]],[[22.712915897265315,65.49678352506872],[22.712968674236116,65.49696134522142],[22.712540261384635,65.49698326712398],[22.712915897265315,65.49678352506872]],[[22.712447170586906,65.49373865855961],[22.71201881000734,65.49376057843637],[22.711966047299757,65.49358275780881],[22.712447170586906,65.49373865855961]],[[22.71127805191259,65.47953738827518],[22.710849922650326,65.47955930241395],[22.710797202483565,65.47938148095972],[22.71127805191259,65.47953738827518]],[[22.71069176452358,65.47902583797229],[22.710744483107995,65.47920365947918],[22.710316358766228,65.47922557205352],[22.71069176452358,65.47902583797229]],[[22.70919010721689,65.47982476905837],[22.709618242502305,65.47980285956265],[22.709670955682693,65.47998068150235],[22.70919010721689,65.47982476905837]],[[22.709670955682693,65.47998068150235],[22.710151809860523,65.48013659235556],[22.709723669654203,65.48015850341574],[22.709670955682693,65.47998068150235]],[[22.70913739768384,65.47964694691295],[22.708709264463057,65.47966885502365],[22.708656558577268,65.47949103267246],[22.70913739768384,65.47964694691295]],[[22.70350413827817,65.49437654681591],[22.70339872646022,65.49402089840902],[22.70382710002896,65.49399900284006],[22.70350413827817,65.49437654681591]],[[22.702970352099506,65.49404279277154],[22.702166297935733,65.49426440263184],[22.70195551494929,65.49355310345535],[22.702970352099506,65.49404279277154]],[[22.70126370016047,65.4926858682012],[22.701692054018864,65.49266397889257],[22.701744744622584,65.49284180385776],[22.70126370016047,65.4926858682012]],[[22.701744744622584,65.49284180385776],[22.702278489849114,65.49317556265623],[22.701850128203542,65.49319745370921],[22.701744744622584,65.49284180385776]],[[22.699427106259282,65.48501748049877],[22.700388891175855,65.48532936512886],[22.700546885236715,65.48586284210616],[22.69862329448398,65.48523906894928],[22.696910348242973,65.48532657918555],[22.699427106259282,65.48501748049877]],[[22.699925955461087,65.49257370318006],[22.698640890590717,65.49263935247217],[22.698535553372817,65.49228369990045],[22.699925955461087,65.49257370318006]],[[22.69920250637547,65.48719515821698],[22.698774239562265,65.48721703955619],[22.698721582841745,65.4870392132114],[22.69920250637547,65.48719515821698]],[[22.69623583435504,65.49185960772401],[22.69752086820195,65.49179397921606],[22.697573528324124,65.49197180595239],[22.69623583435504,65.49185960772401]],[[22.697573528324124,65.49197180595239],[22.69805453798921,65.49212775372199],[22.697626189237003,65.49214963266246],[22.697573528324124,65.49197180595239]],[[22.69788950566229,65.49303876581833],[22.69703277718708,65.49308252187222],[22.69698011804006,65.49290469493523],[22.69788950566229,65.49303876581833]],[[22.694950793387896,65.49192522537456],[22.695003436352692,65.49210305318594],[22.69457508492194,65.49212492350249],[22.694950793387896,65.49192522537456]],[[22.695003436352692,65.49210305318594],[22.696341138232736,65.49221526224558],[22.695108724653664,65.49245870872998],[22.695003436352692,65.49210305318594]],[[22.695807488157072,65.49188148148056],[22.69575484026358,65.49170365400117],[22.69618318360202,65.49168178042379],[22.695807488157072,65.49188148148056]],[[22.69511592390257,65.49101421547515],[22.69468759041986,65.4910360859232],[22.694634952197347,65.49085825795412],[22.69511592390257,65.49101421547515]],[[22.69501064252918,65.49065855986898],[22.694153986210196,65.49070229884217],[22.694101352427587,65.4905244706414],[22.69501064252918,65.49065855986898]],[[22.694417166977516,65.49159143945192],[22.694845509829534,65.49156956967283],[22.69489815121351,65.49174739753681],[22.694417166977516,65.49159143945192]],[[22.691847093257223,65.49172263279253],[22.692703787660513,65.49167890650455],[22.69275641474663,65.49185673526414],[22.691847093257223,65.49172263279253]],[[22.69275641474663,65.49185673526414],[22.694522444816766,65.49194709551193],[22.692809042622944,65.49203456399748],[22.69275641474663,65.49185673526414]],[[22.694333645888467,65.48690230212408],[22.693905378951012,65.48692416965862],[22.693852756043174,65.48674634126439],[22.694333645888467,65.48690230212408]],[[22.693912661878052,65.48547967566736],[22.693965282114544,65.48565750406642],[22.69353703518492,65.48567937034734],[22.693912661878052,65.48547967566736]],[[22.691944965496827,65.49352278591361],[22.691516587719875,65.49354464783235],[22.691463964961454,65.49336681859275],[22.691944965496827,65.49352278591361]],[[22.69136612715239,65.49156666480378],[22.69093778083367,65.49158852475269],[22.69088516676618,65.49141069522427],[22.69136612715239,65.49156666480378]],[[22.68810470966971,65.49083050583629],[22.687676372115895,65.49085235644536],[22.6876237820143,65.49067452553261],[22.68810470966971,65.49083050583629]],[[22.682956734545144,65.49253713319001],[22.68306186111234,65.49289279881157],[22.68263348468947,65.49291463552605],[22.682956734545144,65.49253713319001]],[[22.663019902270655,65.60185673823845],[22.66226489717128,65.60225601211707],[22.660974302800383,65.60232139812152],[22.660008555827908,65.60200930307404],[22.661141097490297,65.60141040735746],[22.66243164616786,65.6013450204019],[22.663019902270655,65.60185673823845]],[[22.65690973020659,65.60776195487149],[22.655724642431732,65.60818295694936],[22.65395142456605,65.60809219123077],[22.653793490075774,65.60755866440017],[22.65621629385231,65.60689452281842],[22.65690973020659,65.60776195487149]],[[22.651661029794393,65.60477846791214],[22.651230940317106,65.60480022679317],[22.651178321324416,65.60462238333022],[22.651661029794393,65.60477846791214]],[[22.649439237300825,65.58250826773747],[22.649009513424254,65.58253001656657],[22.648956963875943,65.58235217165303],[22.649439237300825,65.58250826773747]],[[22.649227378799026,65.54930621822247],[22.64879804189425,65.54932796892649],[22.64874557450742,65.54915012314258],[22.649227378799026,65.54930621822247]],[[22.64907252365467,65.63144365603313],[22.649125193722437,65.63162149974329],[22.64869465739018,65.63164325599702],[22.64907252365467,65.63144365603313]],[[22.643250211708505,65.60881382215169],[22.64163467591552,65.6092564527677],[22.641371862609606,65.60836721571775],[22.642557198321686,65.6079463233083],[22.642452064390632,65.60759062927346],[22.643742495411384,65.60752542202755],[22.643250211708505,65.60881382215169]],[[22.642481517122707,65.46282674036193],[22.64193893888505,65.46393727739039],[22.64043597697062,65.46473553779475],[22.639580059096023,65.46477895957976],[22.639099901682396,65.46462281686635],[22.639214674452525,65.46353399769255],[22.642481517122707,65.46282674036193]],[[22.64040643521629,65.60805497959142],[22.639976280217127,65.60807670721094],[22.63992373018444,65.60789885913464],[22.64040643521629,65.60805497959142]],[[22.63974817537619,65.47866891796764],[22.639100724497375,65.47942374665459],[22.63824432350958,65.47946716588817],[22.63760723202885,65.47877746551102],[22.639163294853596,65.47815707561062],[22.63974817537619,65.47866891796764]],[[22.633945230295407,65.57137863898194],[22.633086117718186,65.57142204408034],[22.633033703889396,65.57124419227296],[22.633945230295407,65.57137863898194]],[[22.632064180422148,65.601978129444],[22.63034392397879,65.60206493420955],[22.6302389856769,65.60170922973028],[22.632064180422148,65.601978129444]],[[22.626916235510457,65.49863217375373],[22.627772967720908,65.49858882817921],[22.627929576622424,65.49912239522843],[22.627020629212517,65.49898788585614],[22.626916235510457,65.49863217375373]],[[22.62368700188573,65.50096145936196],[22.625400628785936,65.50087479829415],[22.624230718381906,65.49985098871903],[22.626801041571525,65.49972098179347],[22.626633641369285,65.50063193369105],[22.62577683991651,65.50067527352148],[22.62630963481315,65.50100931680763],[22.624648189349138,65.50127384520788],[22.622390733624957,65.50247096489356],[22.620624827341256,65.50237973444297],[22.620896769599437,65.50182450400169],[22.623362948470138,65.50133883664483],[22.62368700188573,65.50096145936196]],[[22.62602697920883,65.50300907628038],[22.62645541832789,65.50298740586628],[22.62650762215672,65.50316526201921],[22.62602697920883,65.50300907628038]],[[22.620049294646364,65.46630990917689],[22.621281224266813,65.4660670802566],[22.62160506012363,65.46568970336781],[22.624120904259364,65.4653818692788],[22.62604127810325,65.46600662421496],[22.62582172535332,65.46673972461045],[22.626353961402636,65.46707376701829],[22.625278363360675,65.4678502098829],[22.622762297855765,65.46815806556313],[22.622062502395032,65.46873496517291],[22.621206416977515,65.46877828450634],[22.619557764600582,65.46759823602159],[22.620049294646364,65.46630990917689]],[[22.622484054792338,65.50427120289368],[22.62371725480093,65.5040283601475],[22.623612881739213,65.50367264553685],[22.626079180174557,65.50318693261089],[22.626235787777354,65.50372050144709],[22.624950431356513,65.5037855075809],[22.62425009486612,65.50436241023714],[22.62301688446042,65.50460525743925],[22.622484054792338,65.50427120289368]],[[22.612180519621624,65.56110560736698],[22.613155223238298,65.55997351877286],[22.614443384946444,65.55990858409992],[22.615574739922412,65.55931006058222],[22.618475776645443,65.55880276605033],[22.620413398834735,65.55798303204351],[22.62261244072785,65.55805255713905],[22.622937162774967,65.55767517443113],[22.625083856714706,65.55756680764905],[22.62518851033567,65.55792251849454],[22.623952798438843,65.55816539917792],[22.625020800826178,65.55883347217559],[22.624905411574595,65.55992228125821],[22.622161323443684,65.56096326877963],[22.62226595363925,65.56131898189409],[22.620705258228845,65.561939220032],[22.62086218198897,65.56247279141064],[22.620107944959116,65.56287183438306],[22.6158658902064,65.56326626518911],[22.6129756925737,65.56232898943986],[22.612180519621624,65.56110560736698]],[[22.621383117623743,65.571651825783],[22.620901212991352,65.57149563663403],[22.621330783124044,65.5714739691154],[22.621383117623743,65.571651825783]],[[22.621226116489463,65.57111825570237],[22.622892022445143,65.57085371891374],[22.622619488792306,65.57140895929692],[22.621330783124044,65.5714739691154],[22.621226116489463,65.57111825570237]],[[22.619929040704204,65.56522730691321],[22.620358508492245,65.56520564320105],[22.6204108211691,65.56538350042027],[22.619929040704204,65.56522730691321]],[[22.6204108211691,65.56538350042027],[22.620892607390758,65.56553969233549],[22.62046313463373,65.56556135761353],[22.6204108211691,65.56538350042027]],[[22.61875629505478,65.56420348364618],[22.618326842173374,65.56422514266097],[22.61827454652294,65.56404728454892],[22.61875629505478,65.56420348364618]],[[22.616046577791217,65.60242461727417],[22.61615132553035,65.60278033351497],[22.61572123335475,65.60280199167455],[22.615186404200685,65.60246793166898],[22.616046577791217,65.60242461727417]],[[22.606251197546683,65.55129675060641],[22.607434570912968,65.55087615304505],[22.607017080398233,65.54945324874765],[22.610137603211545,65.54821304762804],[22.610995997284455,65.54816978008297],[22.610827832119778,65.54908072262675],[22.612492452105062,65.54881631344028],[22.612701334283383,65.54952775677036],[22.61441819555554,65.54944118697603],[22.615381101776602,65.54975361420155],[22.609830220882998,65.55310184859836],[22.605966681726688,65.55329649229219],[22.60538085196096,65.55278452221675],[22.606251197546683,65.55129675060641]],[[22.614580441095118,65.59744457901442],[22.613720429175604,65.59748788344127],[22.61366808437081,65.59731002420023],[22.614580441095118,65.59744457901442]],[[22.6090133299009,65.59483691678763],[22.60944329717736,65.59481527893355],[22.609495607059113,65.59499313998626],[22.6090133299009,65.59483691678763]],[[22.608635665945776,65.59503641483823],[22.60906563689674,65.59501477801815],[22.609117944681188,65.59519263922283],[22.608635665945776,65.59503641483823]],[[22.595866883370434,65.54261452198858],[22.596568836127947,65.54203773416758],[22.595735431782543,65.53919184855046],[22.592796604014858,65.53807628438457],[22.592484265413436,65.5370090681207],[22.593238208136846,65.5366101658732],[22.59308203687404,65.53607655830172],[22.594641892984928,65.53545661367075],[22.59491469586435,65.53490142106368],[22.596578589397062,65.53463719438693],[22.59647443841101,65.53428145870454],[22.597709299060405,65.53403881110513],[22.598996226976958,65.53397402050906],[22.599581486986317,65.53448602106852],[22.603013322925793,65.53431317905138],[22.604248120898927,65.53407047871671],[22.604949666366704,65.53349365622556],[22.60628868526661,65.53360666835947],[22.606653684236004,65.53485171444036],[22.6079927798737,65.53496471070306],[22.608630398744424,65.53565453722662],[22.606810124131165,65.53538530523066],[22.607123025101668,65.5364524861141],[22.606317155871718,65.53667359156117],[22.60647360207069,65.53720718264117],[22.60561555956414,65.53725042092785],[22.606201025853366,65.53776239376859],[22.605395108585263,65.5379834947986],[22.60549939901751,65.53833922291386],[22.604589177475248,65.53820459167756],[22.60388750311514,65.5387814138362],[22.605331084018548,65.53925016082309],[22.605435379689393,65.53960588893172],[22.60366699289247,65.53951448580327],[22.603550746244757,65.54060328719142],[22.602692586212488,65.54064651010565],[22.60300539493282,65.54171370048651],[22.601288996503975,65.54180013606425],[22.60139324936756,65.54215586740335],[22.599781048418237,65.54259801771093],[22.599664632843044,65.54368681786357],[22.598702138428248,65.54337428644654],[22.597414745941865,65.54343907930222],[22.597310541136807,65.54308334472745],[22.595866883370434,65.54261452198858]],[[22.60755203212187,65.53643086345025],[22.60760418790112,65.53660872666303],[22.607175178009197,65.53663034950434],[22.60755203212187,65.53643086345025]],[[22.606722558996037,65.53954103002299],[22.606293500011798,65.53956265086799],[22.606241346039134,65.53938478718135],[22.606722558996037,65.53954103002299]],[[22.6057079892961,65.53905067883468],[22.606409629695133,65.53847384858018],[22.606618246090456,65.53918530297868],[22.6057079892961,65.53905067883468]],[[22.60294518644382,65.52962385437387],[22.603049403172385,65.5299795849146],[22.603907211818473,65.52993636358468],[22.6041156776427,65.53064782293848],[22.601425854985624,65.53186627711335],[22.600788524086337,65.53117641729017],[22.60294518644382,65.52962385437387]],[[22.603811446946697,65.5414926108],[22.603382352958107,65.54151422374821],[22.603330214121726,65.54133635890078],[22.603811446946697,65.5414926108]],[[22.603502611359488,65.46317538251859],[22.60307480081293,65.4631969813642],[22.603022852417638,65.46301911454043],[22.603502611359488,65.46317538251859]],[[22.601870683881845,65.4665065718635],[22.60229854970668,65.4664849758584],[22.602350501492587,65.46666284290046],[22.601870683881845,65.4665065718635]],[[22.59956313936293,65.46752546373546],[22.598175628433108,65.46723448804936],[22.601170781895057,65.46708336289967],[22.6019226328128,65.46668443908234],[22.601002626480984,65.46799429392385],[22.59966701153635,65.46788120001146],[22.59956313936293,65.46752546373546]],[[22.60181565343311,65.58815978516174],[22.60138578843445,65.5881814003328],[22.60133355046494,65.5880035357576],[22.60181565343311,65.58815978516174]],[[22.600639278461927,65.54255481059297],[22.601549634545485,65.54268946421845],[22.600743526106733,65.54291054243485],[22.600639278461927,65.54255481059297]],[[22.60106689311493,65.46672762783201],[22.601014949893926,65.4665497602596],[22.601442817277576,65.4665281666639],[22.60106689311493,65.46672762783201]],[[22.600809811208684,65.47179429225687],[22.600381857114925,65.47181588495533],[22.600329906346325,65.47163801721929],[22.600809811208684,65.47179429225687]],[[22.59756918081573,65.5885537485017],[22.597139305060622,65.58857535173503],[22.59708709514952,65.58839748541],[22.59756918081573,65.5885537485017]],[[22.588243455772563,65.46593034089014],[22.589047335051333,65.46570935229367],[22.589202917099936,65.46624296985837],[22.588243455772563,65.46593034089014]],[[22.58459466799041,65.59191252527683],[22.584542535725365,65.59173465383954],[22.5849724762538,65.5917130856851],[22.58459466799041,65.59191252527683]],[[22.583328180557245,65.47141193734976],[22.58461207163704,65.47134730033791],[22.582303420878976,65.47236593979343],[22.581771787031762,65.47203172953353],[22.583328180557245,65.47141193734976]],[[22.580099918238123,65.58997210764578],[22.58052983409528,65.58995055234655],[22.58058193463295,65.5901284254845],[22.580099918238123,65.58997210764578]],[[22.58144176976204,65.59008531089653],[22.583369909852152,65.5907105552218],[22.58347415419535,65.59106629908848],[22.580686138064486,65.59048417168323],[22.58058193463295,65.5901284254845],[22.58144176976204,65.59008531089653]],[[22.581927266169618,65.47256535567554],[22.580746946838406,65.4729857222463],[22.580643307332743,65.47262997055485],[22.581927266169618,65.47256535567554]],[[22.581207202350466,65.59226290113348],[22.580777248978485,65.59228445873576],[22.580725141900988,65.59210658572931],[22.581207202350466,65.59226290113348]],[[22.58047773434298,65.58977267918291],[22.580907646529308,65.5897511228491],[22.580959749167057,65.58992899583562],[22.58047773434298,65.58977267918291]],[[22.580313336762472,65.49087540692422],[22.579716045702064,65.4918078610977],[22.57885943973046,65.49185093288325],[22.57815837555743,65.49242762925017],[22.576873430331116,65.49249222223166],[22.576717911173603,65.49195859123753],[22.580313336762472,65.49087540692422]],[[22.579255722243506,65.47233882173566],[22.57882773779023,65.47236035365023],[22.57877593218699,65.47218247700953],[22.579255722243506,65.47233882173566]],[[22.57827607709212,65.58970256860084],[22.577846163079776,65.58972411748705],[22.577794082210705,65.58954624320931],[22.57827607709212,65.58970256860084]],[[22.577322976677294,65.47315797838428],[22.576466976362134,65.47320103036658],[22.57641518479178,65.4730231527706],[22.577322976677294,65.47315797838428]],[[22.57521467699256,65.51513589779125],[22.575487709036373,65.51458073796145],[22.576072053692837,65.51509283875605],[22.57521467699256,65.51513589779125]],[[22.57538394180513,65.51422498388932],[22.57581261542889,65.51420345465053],[22.575916388394564,65.51455920836963],[22.57538394180513,65.51422498388932]],[[22.572756372404108,65.4753728892156],[22.573612451129957,65.47532985746211],[22.573664229167036,65.475507736161],[22.57285991782391,65.47572864729266],[22.572756372404108,65.4753728892156]],[[22.573508897387306,65.47497409998758],[22.57431318015236,65.47475318569428],[22.57441674377162,65.47510894251508],[22.573612451129957,65.47532985746211],[22.573508897387306,65.47497409998758]],[[22.57109596651733,65.4756368180141],[22.57195205717544,65.47559379555129],[22.57248364259711,65.47592804089005],[22.574195834343605,65.47584197526854],[22.57387134908742,65.47621925070074],[22.571782842628078,65.47650470490103],[22.57109596651733,65.4756368180141]],[[22.573587388226397,65.5513141151273],[22.57401667319809,65.55129258472887],[22.574068636128402,65.55147046146797],[22.573587388226397,65.5513141151273]],[[22.573210059650346,65.55151352140867],[22.573639348280448,65.55149199204314],[22.57369130911665,65.55166986893327],[22.573210059650346,65.55151352140867]],[[22.57170361896155,65.54635507531562],[22.571274412944575,65.54637659834782],[22.57122248131563,65.54619872033518],[22.57170361896155,65.54635507531562]],[[22.570721527681478,65.49225987419288],[22.570825126207545,65.49261563315184],[22.570396801540635,65.49263714466807],[22.570721527681478,65.49225987419288]],[[22.570194490033597,65.54715267410211],[22.5697652693896,65.54717419300326],[22.569661423662577,65.54681843574431],[22.570194490033597,65.54715267410211]],[[22.57011854920127,65.59462330569819],[22.568880568549446,65.59486575986827],[22.568346502424202,65.59453152696277],[22.567590540171658,65.59493032580217],[22.568516360992376,65.59362061432314],[22.569428368643816,65.59375544444167],[22.57011854920127,65.59462330569819]],[[22.562664453355403,65.5168484976088],[22.562235723248616,65.51686999014304],[22.562183923995608,65.51669210770602],[22.562664453355403,65.5168484976088]],[[22.559732023931687,65.59640627999683],[22.561400204349795,65.59614239665484],[22.561504174611624,65.5964981584037],[22.560266020900475,65.5967405439596],[22.559732023931687,65.59640627999683]],[[22.55918524531154,65.58109285546702],[22.55923717868626,65.58127073762157],[22.558807384891956,65.5812922312721],[22.55918524531154,65.58109285546702]],[[22.558207430308276,65.58222462797656],[22.558259359726577,65.58240251050734],[22.557829546279866,65.58242400158309],[22.558207430308276,65.58222462797656]],[[22.55747305521256,65.54833136607506],[22.557043802514823,65.54835284922106],[22.556940124639166,65.54799708152755],[22.55747305521256,65.54833136607506]],[[22.5538573896798,65.5822615981304],[22.55342757417789,65.58228307673828],[22.553375678051253,65.58210519221454],[22.5538573896798,65.5822615981304]],[[22.55245533097555,65.55652340256513],[22.552025938423608,65.55654487290177],[22.551974113672653,65.55636698719445],[22.55245533097555,65.55652340256513]],[[22.54725742168643,65.56111463908623],[22.546827948342116,65.56113609549942],[22.54677614804743,65.56095820776112],[22.54725742168643,65.56111463908623]],[[22.545968999313292,65.56117900469471],[22.54553952362888,65.56120045747683],[22.54548773197228,65.56102256921004],[22.545968999313292,65.56117900469471]],[[22.54567963738178,65.47185857070352],[22.54482361680035,65.47190144349392],[22.544772043380053,65.47172355282508],[22.54567963738178,65.47185857070352]],[[22.544784144055445,65.56159913657167],[22.545213627058665,65.561577685858],[22.54526541817565,65.56175557422446],[22.544784144055445,65.56159913657167]],[[22.54448980497614,65.58453418223272],[22.544059942646598,65.58455563473792],[22.54400810505137,65.58437774641287],[22.54448980497614,65.58453418223272]],[[22.540206521642922,65.58330409256537],[22.540154713376594,65.58312620262647],[22.540584555989827,65.58310476140056],[22.540206521642922,65.58330409256537]],[[22.53783460388958,65.58414427926178],[22.537404741385732,65.5841657128868],[22.537352950191934,65.58398782181676],[22.53783460388958,65.58414427926178]],[[22.535617876383256,65.58551810577704],[22.536047762988044,65.58549667697797],[22.536099548885023,65.58567456854867],[22.535617876383256,65.58551810577704]],[[22.536099548885023,65.58567456854867],[22.536581227158074,65.58583102973087],[22.536151335562614,65.58585246009395],[22.536099548885023,65.58567456854867]],[[22.5359384235074,65.51168892322141],[22.535509751565026,65.51171033937558],[22.535458146629665,65.51153244581856],[22.5359384235074,65.51168892322141]],[[22.53580446566909,65.58316265651965],[22.535374617353973,65.58318408424132],[22.535322842383597,65.58300619231412],[22.53580446566909,65.58316265651965]],[[22.535156695217147,65.58842865824973],[22.535208482060444,65.58860655011742],[22.534778543271248,65.58862797706266],[22.535156695217147,65.58842865824973]],[[22.53106020834322,65.58484285920069],[22.53149008832317,65.58482144339969],[22.531541841462516,65.58499933685819],[22.53106020834322,65.58484285920069]],[[22.531541841462516,65.58499933685819],[22.532453364543883,65.58513439434984],[22.531593595381942,65.58517723029121],[22.531541841462516,65.58499933685819]],[[22.534602773794585,65.5850272832901],[22.53518798899793,65.58553953336433],[22.53389832215915,65.58560380885542],[22.532453364543883,65.58513439434984],[22.534602773794585,65.5850272832901]],[[22.516378720765527,65.59586017117337],[22.517238873009784,65.59581741770656],[22.517290555108858,65.59599531675178],[22.516378720765527,65.59586017117337]],[[22.518529095530912,65.59575327841266],[22.517565580325655,65.59544024133935],[22.516275370459866,65.59550437230389],[22.516292048032618,65.59405980144153],[22.515173635476806,65.5932130494588],[22.516463735036808,65.59314892898426],[22.51716877363014,65.59257247856448],[22.51883716995994,65.59230906156301],[22.52035044999785,65.59151193300818],[22.521692151578076,65.5916256668161],[22.521967041387445,65.59107058479037],[22.52325701457247,65.59100640776289],[22.52439182431262,65.59040853118228],[22.525251780536323,65.59036573421862],[22.525904823127537,65.58961135000693],[22.528054634501462,65.5895043277829],[22.52832936777785,65.58894923580205],[22.530049165075887,65.58886359346906],[22.530582624975423,65.58919796738797],[22.531820714423052,65.58895582499456],[22.53209536164735,65.5884007270566],[22.53032384951364,65.58830849836664],[22.530220344790354,65.58795271058007],[22.529308732707968,65.58781764055144],[22.530598522874254,65.58775340287926],[22.53070203180991,65.58810919036473],[22.53161366097612,65.58824425183873],[22.53333339866821,65.58815857283395],[22.53183654406263,65.58751126104664],[22.533126311525972,65.58744700208757],[22.534089706154468,65.5877599414418],[22.534882113527114,65.58898376107393],[22.53402222206097,65.58902661203281],[22.533799390398055,65.58975960552432],[22.532887696947537,65.58962455784824],[22.53304302191258,65.5901582360863],[22.532131318005195,65.59002318396499],[22.532716603452645,65.5905354428849],[22.531426681750826,65.59059969991391],[22.531685522370072,65.59148916640157],[22.530017317015826,65.59175272291637],[22.52850432598132,65.59254994507776],[22.52833306511172,65.59346082686194],[22.527042985384746,65.59352504817207],[22.527146473402873,65.59388083830432],[22.52552980110996,65.59432224259113],[22.52482490528829,65.5948987304672],[22.52272634963481,65.59518360836005],[22.521591298447827,65.59578147491092],[22.522124798579508,65.59611587820497],[22.521264646154062,65.59615865940127],[22.52012951931545,65.59675651576923],[22.51760066407064,65.59706271049039],[22.517290555108858,65.59599531675178],[22.518529095530912,65.59575327841266]],[[22.52901183007855,65.51329810744473],[22.529988514169276,65.51216653529491],[22.532080348103797,65.5118816251328],[22.531326144326226,65.51228022504408],[22.53185799343913,65.5126146107119],[22.534807207607216,65.51228684963306],[22.534104633114108,65.51286335693818],[22.53436263534034,65.5137528270921],[22.53227067917485,65.5140377700817],[22.52901183007855,65.51329810744473]],[[22.534788384006085,65.65756829891762],[22.53359902206435,65.65798838883357],[22.53337569963621,65.6587213868245],[22.53208239133654,65.65878568350863],[22.532201883710176,65.65769690416951],[22.534201464044276,65.65705606430596],[22.534788384006085,65.65756829891762]],[[22.534136834822057,65.5834262525663],[22.534670230665295,65.58376061273493],[22.53381051126192,65.58380346075293],[22.533328887504307,65.58364699021325],[22.534136834822057,65.5834262525663]],[[22.5338826021666,65.58704837190027],[22.53345268779221,65.58706979483692],[22.533400916632477,65.58689190221186],[22.5338826021666,65.58704837190027]],[[22.531406620014216,65.58753267827582],[22.5313548617244,65.58735478482151],[22.531784782886625,65.58733336776834],[22.531406620014216,65.58753267827582]],[[22.530984534505347,65.51410198500906],[22.530555818064624,65.5141233875692],[22.53050424110671,65.51394549203478],[22.530984534505347,65.51410198500906]],[[22.528941092913183,65.51005318117527],[22.52914732570918,65.51076476609498],[22.52818689145759,65.51045176539812],[22.52647224955191,65.51053733433103],[22.528941092913183,65.51005318117527]],[[22.52868600607294,65.56168038157415],[22.528256504983325,65.56170178558718],[22.528204830072145,65.56152389023121],[22.52868600607294,65.56168038157415]],[[22.528500608342725,65.58803835424173],[22.528070672280744,65.58805976212719],[22.528018935521214,65.58788186731594],[22.528500608342725,65.58803835424173]],[[22.527775331084257,65.56154529285797],[22.5273458313182,65.56156669427422],[22.527294162945143,65.56138879854134],[22.527775331084257,65.56154529285797]],[[22.52593778192926,65.56271966591574],[22.527003498378292,65.56338845292217],[22.52336064463488,65.56284802626466],[22.52593778192926,65.56271966591574]],[[22.52524530145032,65.60534508878966],[22.52567552597478,65.60532368601184],[22.52577905189715,65.60567947671065],[22.52524530145032,65.60534508878966]],[[22.52491859050428,65.60572228175725],[22.525348821591127,65.60570087984046],[22.525400582832752,65.60587877532771],[22.52491859050428,65.60572228175725]],[[22.52454011409654,65.6059215783003],[22.524970348855046,65.60590017742052],[22.525022107986604,65.60607807305836],[22.52454011409654,65.6059215783003]],[[22.5244983107626,65.5952759213428],[22.524068251173208,65.59529731911837],[22.524016524417906,65.59511942283548],[22.5244983107626,65.5952759213428]],[[22.52420684495385,65.62127812589064],[22.52398351134834,65.6220111100794],[22.523553008966328,65.62203251085033],[22.52339764916649,65.62149882317911],[22.52420684495385,65.62127812589064]],[[22.52377382655049,65.56427120405172],[22.522914728473207,65.56431398396052],[22.52281143984981,65.56395818896335],[22.523618877497963,65.5637375125719],[22.52377382655049,65.56427120405172]],[[22.52360479712968,65.6222104066899],[22.523433229138885,65.62312128611963],[22.52191825738773,65.62391846254977],[22.519335029522548,65.62404681582406],[22.51907622058479,65.62315732783469],[22.519937270712223,65.62311455002602],[22.520969978259743,65.62216088998322],[22.52360479712968,65.6222104066899]],[[22.52351742700104,65.62041004796383],[22.523569211024096,65.62058794385615],[22.522708251793873,65.62063074136721],[22.52351742700104,65.62041004796383]],[[22.52226913422779,65.60711733894162],[22.52269939101697,65.60709594428438],[22.52275113748637,65.60727384082548],[22.52226913422779,65.60711733894162]],[[22.52275113748637,65.60727384082548],[22.523284897449646,65.60760823743342],[22.522854632767203,65.60762963383159],[22.52275113748637,65.60727384082548]],[[22.522485178267743,65.5643353720989],[22.522055627284445,65.56435675902657],[22.522003988345368,65.56417886118936],[22.522485178267743,65.5643353720989]],[[22.51492611922986,65.62390484218365],[22.517027073870892,65.62362004814237],[22.517302363091982,65.62306497050588],[22.518542182033908,65.62282291919253],[22.518302190079012,65.6250004660651],[22.517321030835564,65.6261320083464],[22.51489277185871,65.6267939838012],[22.514685818394767,65.62608238643763],[22.513290624245887,65.62579070836381],[22.51346256157531,65.62487983670327],[22.51492611922986,65.62390484218365]],[[22.51474360073213,65.59323442052559],[22.514313565208532,65.59325579038003],[22.514261910017197,65.59307789005055],[22.51474360073213,65.59323442052559]],[[22.51470923367629,65.50895823751367],[22.514280585548267,65.50897959322626],[22.51422913165491,65.50880169089619],[22.51470923367629,65.50895823751367]],[[22.514331651053674,65.5963228341466],[22.5139015640893,65.59634420335004],[22.513849904320956,65.59616630292452],[22.514331651053674,65.5963228341466]],[[22.513954841018602,65.50935675266578],[22.51352618560858,65.50937810631326],[22.513474735903678,65.50920020368359],[22.513954841018602,65.50935675266578]],[[22.50857127738852,65.6245811506715],[22.512928557503233,65.62454540795207],[22.51303200123974,65.62490120819659],[22.512170878226122,65.62494394754067],[22.511516602596686,65.62569828502585],[22.51149974209348,65.62714285733625],[22.509071235724303,65.62780474209428],[22.507624316016823,65.62733511048232],[22.507107440343997,65.62555608667878],[22.50857127738852,65.6245811506715]],[[22.51203445497032,65.5087305472386],[22.512463101229734,65.50870919791433],[22.512514542879583,65.50888710096994],[22.51203445497032,65.5087305472386]],[[22.512514542879583,65.50888710096994],[22.51299463652402,65.50904365311827],[22.512565985302658,65.5090650040003],[22.512514542879583,65.50888710096994]],[[22.510412956241076,65.61889531763242],[22.512565265742968,65.61878849005313],[22.51223821076257,65.61916565916123],[22.510412956241076,65.61889531763242]],[[22.51138961666932,65.59520572152078],[22.511441257320634,65.59538362297654],[22.51101118301549,65.59540498385098],[22.51138961666932,65.59520572152078]],[[22.5109079082689,65.59504918056297],[22.510959545252856,65.59522708221965],[22.510529473057705,65.595248441706],[22.5109079082689,65.59504918056297]],[[22.50880917649117,65.59533386752638],[22.50870593218848,65.59497806243198],[22.510426205645707,65.59489263801612],[22.50880917649117,65.59533386752638]],[[22.508846757621768,65.62402608646785],[22.508898449915012,65.62420398828633],[22.508467896252665,65.62422534675912],[22.508846757621768,65.62402608646785]],[[22.507467332017857,65.59522002109905],[22.507037256483567,65.59524137070974],[22.5069856462763,65.59506346744782],[22.507467332017857,65.59522002109905]],[[22.506280601557815,65.62270964332323],[22.506332273131193,65.62288754622297],[22.505901738733584,65.62290889721952],[22.506280601557815,65.62270964332323]],[[22.50633192103869,65.59581777698052],[22.50590183450306,65.59583912348006],[22.50585023062758,65.59566121976758],[22.50633192103869,65.59581777698052]],[[22.503542442925937,65.62230401802455],[22.50359409478654,65.62248192205409],[22.503163564396523,65.6225032652392],[22.503542442925937,65.62230401802455]],[[22.50116513209084,65.62765531381123],[22.50326655078968,65.62737070570422],[22.502181331699607,65.62814634931914],[22.5008894524613,65.62821036606348],[22.50116513209084,65.62765531381123]],[[22.502629741867395,65.62216879842343],[22.50268138715731,65.62234670282947],[22.502250858103547,65.62236804341082],[22.502629741867395,65.62216879842343]],[[22.500458824488838,65.62823170254943],[22.501371730401342,65.62836693316316],[22.501475034235785,65.62872274268726],[22.500131480628838,65.62860884844919],[22.500458824488838,65.62823170254943]],[[22.481135421105456,65.62485683031363],[22.481996602633885,65.62481426655336],[22.481893584190754,65.62445844093496],[22.48313381652614,65.62421667491618],[22.483409840843578,65.62366165150648],[22.484701545833016,65.62359778533953],[22.48432250138177,65.62379698714781],[22.484959183597617,65.62448734357001],[22.48420106771633,65.6248857477972],[22.48483777517366,65.62557610447831],[22.486129571082166,65.625512225244],[22.48597495470573,65.6249784918865],[22.48678458767823,65.6247579898907],[22.489798658893537,65.62460888374817],[22.491245110342053,65.6250786900241],[22.49377701678557,65.62477290442436],[22.494310782490427,65.62510740296128],[22.496894264527885,65.6249794732724],[22.497428074237693,65.62531396040114],[22.49866819465064,65.62507206851062],[22.498823072370765,65.6256057863076],[22.499150400065936,65.62522864339537],[22.499684243752824,65.62556312224548],[22.50049377374514,65.62534254812138],[22.50064869089894,65.6258762636601],[22.49989078146391,65.62627474421645],[22.50009733164844,65.62698636578263],[22.50106183761453,65.62729950398344],[22.49933938210387,65.62738484398692],[22.49949429022537,65.62791856079748],[22.49647990223183,65.62806786273526],[22.497926667850894,65.62853760216643],[22.49668637618942,65.62877948970987],[22.497047735623863,65.63002483594208],[22.49623803125388,65.63024539342385],[22.495307331677694,65.6315547117407],[22.494445953049052,65.63159735302978],[22.49292959212737,65.63239425380607],[22.492377778091328,65.63350433243096],[22.49032732587845,65.63396670511429],[22.490224149587355,65.63361088672616],[22.489311111552198,65.63347559035795],[22.48946585742815,65.63400931903028],[22.488173648910013,65.63407323079306],[22.48660538532541,65.6346921615961],[22.486053255721018,65.63580222037335],[22.484915617448415,65.63639983814285],[22.48507029400611,65.6369335719912],[22.48382947869654,65.63717535966354],[22.48360488826506,65.6379082968616],[22.482312468403784,65.63797216082395],[22.481984743214884,65.63834927137255],[22.48031301058124,65.63861231601082],[22.476435595632783,65.63880379233025],[22.47567693996002,65.63920215935127],[22.472127282889904,65.63901642835373],[22.47185087117195,65.63957143510282],[22.47098918033236,65.63961394634443],[22.47066126945283,65.6399910342868],[22.46969663824163,65.63967770409234],[22.47055833374625,65.63963520014234],[22.470834773901846,65.6390801954641],[22.46830118556421,65.63938561490832],[22.46911141769997,65.63916520126462],[22.468905599751203,65.63845353027293],[22.468095387710736,65.6386739426178],[22.468198285083062,65.63902977881331],[22.467613109244148,65.63851726976421],[22.46842332071571,65.63829685999956],[22.468320423759916,65.63794102395279],[22.470095161550184,65.6380339452477],[22.46945851779362,65.63734352606019],[22.470320136333484,65.63730102422849],[22.470165760221235,65.63676727236754],[22.46925270773198,65.63663185546253],[22.46914980736415,65.63627602001284],[22.46990848224574,65.63587768542979],[22.46813389319104,65.63578476047257],[22.46803101219302,65.63542892407199],[22.466738669589674,65.6354926546439],[22.466050756261772,65.63462430079935],[22.469085323278666,65.633031003006],[22.46898244239344,65.63267516725062],[22.470981739220946,65.63203516295107],[22.470518704225174,65.63043390799972],[22.474568250352842,65.62933175346207],[22.47441384404991,65.62879800623033],[22.475602879958632,65.62837838328356],[22.476206796145906,65.62744627455578],[22.47772340043144,65.62664953849271],[22.47858464810091,65.62660699344048],[22.478481667806562,65.62625116512366],[22.481116864530357,65.62630141604109],[22.4816505020459,65.6266359603966],[22.481875068871673,65.62590302634204],[22.480531738247368,65.6257889563239],[22.481135421105456,65.62485683031363]],[[22.50030389430749,65.62769798694403],[22.500355536921525,65.62787589217113],[22.499924913963294,65.62789722709151],[22.50030389430749,65.62769798694403]],[[22.500234768640148,65.62896465897624],[22.499804127519578,65.62898599373558],[22.499752486021247,65.62880808830916],[22.500234768640148,65.62896465897624]],[[22.495044394875528,65.64420011130088],[22.495475293007992,65.6441787874826],[22.495578591864533,65.64453460108366],[22.495044394875528,65.64420011130088]],[[22.496440397392966,65.64449194909865],[22.496233779592494,65.6437803232],[22.499956727919294,65.64305462048203],[22.50011176139842,65.64358833542967],[22.49930166671404,65.64380891316908],[22.499077469054352,65.64454186933239],[22.497836430822023,65.64478377374971],[22.497991433161204,65.64531749117575],[22.496267770323133,65.64540280838104],[22.495578591864533,65.64453460108366],[22.496440397392966,65.64449194909865]],[[22.499994946088268,65.62211891716204],[22.500046573225465,65.62229682264673],[22.49875497838277,65.62236081836812],[22.499994946088268,65.62211891716204]],[[22.49860012536913,65.62182710025861],[22.498703359932357,65.6221829123569],[22.49736015777924,65.62206899006193],[22.49677481446819,65.62155659518068],[22.49860012536913,65.62182710025861]],[[22.49734249858434,65.62351356874706],[22.49739411090583,65.62369147528322],[22.496532997006234,65.6237341257704],[22.49734249858434,65.62351356874706]],[[22.496842652544455,65.62480156656221],[22.49727322726077,65.62478024087294],[22.497324842140493,65.62495814740763],[22.496842652544455,65.62480156656221]],[[22.496757121318193,65.62300117413567],[22.496808728406414,65.62317908092314],[22.495947630324466,65.62322172792919],[22.496757121318193,65.62300117413567]],[[22.4965846043148,65.62391203263225],[22.496154043300283,65.62393335622998],[22.496102438887778,65.62375544919269],[22.4965846043148,65.62391203263225]],[[22.496344292657067,65.62157791892585],[22.49591377006704,65.621599241457],[22.49586217288523,65.62142133426659],[22.496344292657067,65.62157791892585]],[[22.496319427725325,65.64558071484159],[22.495888507163087,65.64560204127994],[22.495836852662304,65.64542413464378],[22.496319427725325,65.64558071484159]],[[22.49415228071061,65.63359697475664],[22.494203895333346,65.63377488235922],[22.493773168511357,65.63379620085787],[22.49415228071061,65.63359697475664]],[[22.485740640088693,65.63924641604393],[22.48611989257938,65.63904720860921],[22.486223038672303,65.63940303009255],[22.485740640088693,65.63924641604393]],[[22.48541295021232,65.63962353364334],[22.484982117706295,65.63964482824407],[22.48493055219191,65.63946691701429],[22.48541295021232,65.63962353364334]],[[22.484804598605123,65.62395360870738],[22.485235171171972,65.62393231720611],[22.4852867016213,65.62411022867701],[22.484804598605123,65.62395360870738]],[[22.483601302145146,65.64241996158631],[22.482360212512265,65.64266173998456],[22.481826223622758,65.64232720161961],[22.48263642697888,65.64210671606605],[22.482533317085572,65.64175089178306],[22.483601302145146,65.64241996158631]],[[22.482651724103146,65.62406004799918],[22.482600211810304,65.62388213545204],[22.483030785369795,65.62386085019742],[22.482651724103146,65.62406004799918]],[[22.48098091198714,65.62432309079747],[22.481411494450192,65.62430181004989],[22.481462999608688,65.62447972307201],[22.48098091198714,65.62432309079747]],[[22.481032414249018,65.62450100399472],[22.481083917288448,65.62467891716678],[22.480653328254537,65.62470019705026],[22.481032414249018,65.62450100399472]],[[22.480704829174833,65.62487811037221],[22.480274236466656,65.62489938921642],[22.480222738443107,65.62472147571938],[22.480704829174833,65.62487811037221]],[[22.480583240936227,65.62596686966987],[22.480152630069128,65.62598814835025],[22.48010113027728,65.62581023482922],[22.480583240936227,65.62596686966987]],[[22.47769679335151,65.67032169211771],[22.47774838316272,65.67049960557246],[22.477317030227606,65.6705208835919],[22.47769679335151,65.67032169211771]],[[22.472618481825375,65.67544445742108],[22.47267004906907,65.67562237282499],[22.472238605894805,65.67564363732048],[22.472618481825375,65.67544445742108]],[[22.47190194339684,65.66844195726415],[22.471953488954746,65.66861987312446],[22.47152216155645,65.6686411344375],[22.47190194339684,65.66844195726415]],[[22.46952010188263,65.66928117333191],[22.469468571433634,65.66910325649609],[22.46989990854474,65.66908200091734],[22.46952010188263,65.66928117333191]],[[22.459054477172224,65.6860373216468],[22.461109589644156,65.68557532528686],[22.462404445784074,65.68551161771188],[22.462507489065832,65.68586745633793],[22.466340519557868,65.68549834696913],[22.466115091724216,65.68623126662824],[22.465303381055833,65.68645167895008],[22.465458013607854,65.68698543324643],[22.463937592119894,65.68778208462442],[22.459621014665533,65.68799444769894],[22.459054477172224,65.6860373216468]],[[22.463152884092846,65.66995570245233],[22.463584241613834,65.66993446460312],[22.463635733685734,65.67011238381464],[22.463152884092846,65.66995570245233]],[[22.452425582654257,65.68582183894884],[22.449887209337355,65.6861269984319],[22.4505447253787,65.68537289481898],[22.45232267801693,65.68546599212306],[22.452425582654257,65.68582183894884]],[[22.448786999242778,65.68383517844329],[22.448406816647626,65.68403430178262],[22.448303975732202,65.68367845160827],[22.448786999242778,65.68383517844329]],[[22.44797520951538,65.68405549900415],[22.448026628228035,65.68423342422848],[22.447595017405437,65.6842546204068],[22.44797520951538,65.68405549900415]],[[22.44683461571166,65.68465286053166],[22.447266233915073,65.68463166643973],[22.447317649137315,65.6848095919384],[22.44683461571166,65.68465286053166]],[[22.44623052164662,65.54916541149738],[22.446659897083787,65.5491442414399],[22.446710986144957,65.54932217037367],[22.44623052164662,65.54916541149738]],[[22.446710986144957,65.54932217037367],[22.447191456401622,65.54947892766704],[22.446762075975325,65.54950009928251],[22.446710986144957,65.54932217037367]],[[22.4393005321795,65.69494725873729],[22.43914638134589,65.69441347312076],[22.44000995734395,65.69437112402866],[22.439907182350993,65.69401526752438],[22.441582903702777,65.6937526285236],[22.441911879204625,65.69337559289166],[22.444882822464024,65.69304936988219],[22.44351564219758,65.69437960573502],[22.44237450134662,65.69497693918842],[22.44151090980857,65.69501930186362],[22.44161371162857,65.69537515701958],[22.44016412566809,65.69490490859738],[22.4393005321795,65.69494725873729]],[[22.435750964524956,65.5505839365665],[22.436988163465163,65.5503425781079],[22.437642851439453,65.54958855847207],[22.438931021570443,65.54952511729059],[22.44087375758266,65.54870763276068],[22.44435979282515,65.54871629006617],[22.44274442808443,65.5491567978623],[22.443275938080305,65.54949149833428],[22.44160945087273,65.5497540642598],[22.441384277734553,65.55048694456215],[22.44052547154663,65.55052925408177],[22.439441428489932,65.5513044367797],[22.438153171969002,65.55136788317043],[22.43825524529599,65.55172374781138],[22.436006062398647,65.55147360294475],[22.435750964524956,65.5505839365665]],[[22.440318300994285,65.69543869294091],[22.439886495893344,65.69545986914409],[22.439783717394977,65.69510401259083],[22.440318300994285,65.69543869294091]],[[22.440250270441464,65.61027065737846],[22.439819879795227,65.61029181939121],[22.43976869339495,65.61011388909775],[22.440250270441464,65.61027065737846]],[[22.434089620598847,65.72696137514912],[22.434264824857166,65.72605056143708],[22.437569032553622,65.72534741945529],[22.43810423730262,65.72568210149022],[22.437291057002618,65.725902378662],[22.437064514941106,65.72663526614866],[22.43803207423327,65.72694877485128],[22.438186435497315,65.72748255953262],[22.437476101326407,65.72805869466231],[22.434830541759705,65.72800778786618],[22.434243900595256,65.72749516462437],[22.43543806275142,65.72707580593396],[22.434089620598847,65.72696137514912]],[[22.436108106925804,65.55182946932186],[22.436537536136598,65.55180832744087],[22.436588562432693,65.55198626041852],[22.436108106925804,65.55182946932186]],[[22.436588562432693,65.55198626041852],[22.43706902369976,65.5521430499325],[22.43663958949713,65.55216419337128],[22.436588562432693,65.55198626041852]],[[22.436057084278094,65.55165153614576],[22.43562765717906,65.55167267664264],[22.43557663817963,65.55149474326805],[22.436057084278094,65.55165153614576]],[[22.43418634249911,65.55120228910951],[22.434615763262656,65.55118115276493],[22.43466677496576,65.55135908653641],[22.43418634249911,65.55120228910951]],[[22.43466677496576,65.55135908653641],[22.4351472131924,65.55151588238081],[22.434717787437,65.55153702028305],[22.43466677496576,65.55135908653641]],[[22.435102732345978,65.64246261763049],[22.43267078973919,65.64312331320644],[22.433656279425172,65.6419922762328],[22.434949043106624,65.64192882320802],[22.435102732345978,65.64246261763049]],[[22.427838867293147,65.71138803660327],[22.427509470165976,65.71176504591789],[22.425297683262905,65.71169281307354],[22.42498972596834,65.71062520993225],[22.427838867293147,65.71138803660327]],[[22.42571207069942,65.78601603168508],[22.425763580431397,65.78619396354452],[22.425330242307165,65.78621511339021],[22.42571207069942,65.78601603168508]],[[22.425212800411046,65.64150421430006],[22.42526396166577,65.64168214975304],[22.424402109171183,65.64172439810385],[22.425212800411046,65.64150421430006]],[[22.4246778847215,65.63052339506896],[22.424729016252655,65.63070133099681],[22.424298271991027,65.63072245246443],[22.4246778847215,65.63052339506896]],[[22.424493740257123,65.78787994749003],[22.42454524606036,65.78805787979894],[22.424111875420472,65.78807902649807],[22.424493740257123,65.78787994749003]],[[22.423539561293047,65.71015480871218],[22.42359087447448,65.71033274322944],[22.423158804492306,65.71035387452717],[22.423539561293047,65.71015480871218]],[[22.411531307139533,65.64560265062559],[22.41072036903173,65.64582276379325],[22.410085090771936,65.64513208231558],[22.4114515518858,65.64380215430795],[22.41614111764861,65.6433921884022],[22.41852240423917,65.64255381495634],[22.419384295784678,65.6425115996026],[22.420830526881335,65.64298207917818],[22.42062599566388,65.64227033016255],[22.42138560109524,65.64187222903735],[22.42245203588783,65.64254174413902],[22.423313919331537,65.64249950655399],[22.423416221318185,65.64285537892547],[22.420655241995785,65.6438928782109],[22.419822509181493,65.64555764985396],[22.416403519843307,65.64734904732995],[22.413437397861856,65.64767466639853],[22.41183778208301,65.64667029559305],[22.411531307139533,65.64560265062559]],[[22.423056184745512,65.70999800511896],[22.42310749423028,65.71017593983554],[22.422675426390246,65.71019706973932],[22.423056184745512,65.70999800511896]],[[22.421049404382117,65.6285359709338],[22.42194008720107,65.63011629354385],[22.42112971785619,65.63033645668581],[22.42090339630769,65.63106931793001],[22.420041887316323,65.6311115381262],[22.420370436358812,65.63073455332858],[22.419078186797964,65.63079787711236],[22.41947982529982,65.62915422079547],[22.421049404382117,65.6285359709338]],[[22.421152334579872,65.7109933192622],[22.421584417206738,65.7109721935395],[22.421635718899537,65.71115012882876],[22.421152334579872,65.7109933192622]],[[22.393598230797483,65.65928984701533],[22.394511719510092,65.65942571468463],[22.394840979250166,65.65904877819523],[22.39699718782196,65.65894355220865],[22.397224386493534,65.65821071803352],[22.40498635446029,65.65783164319008],[22.405797713515533,65.6576115565047],[22.405593455657627,65.65689978456278],[22.409525290623787,65.65688802668123],[22.412390298213122,65.65620659259542],[22.418857900000887,65.65589008550747],[22.420787223005398,65.6565173852016],[22.42104306362627,65.65740706940753],[22.419369453390523,65.65766946124974],[22.419902975492793,65.65800422380784],[22.418660522068357,65.65824549476892],[22.41881399268813,65.65877930782615],[22.415693189988744,65.6585711698573],[22.410269300930633,65.66100176014723],[22.410144664282132,65.66209049256727],[22.408726123959866,65.66324247683319],[22.406138311441705,65.66336894771754],[22.405809166376855,65.66374590756243],[22.40360153604939,65.66367331848123],[22.40337447954482,65.66440616078961],[22.40466844912739,65.66434295377768],[22.404339270887423,65.6647199107635],[22.401166797556908,65.66433353683269],[22.401064698728234,65.66397764748903],[22.397131770000044,65.6639891970747],[22.393477169586635,65.663445762805],[22.392155657454822,65.66188630435488],[22.39032853721861,65.6616145365851],[22.39007369981466,65.66072479087084],[22.39217909124376,65.66044168261466],[22.392406437494014,65.65970885419966],[22.393598230797483,65.65928984701533]],[[22.41092298773422,65.553608527554],[22.411731092435243,65.55338844142001],[22.411957124245248,65.55265559672098],[22.41352237358943,65.55203746771114],[22.41331890205494,65.55132569830768],[22.414985792686696,65.55106343984512],[22.41594643365979,65.55137715727994],[22.417511510596462,65.55075898874499],[22.418573973012645,65.5514285705664],[22.420822999312602,65.55167897600678],[22.42026960321346,65.55278880743937],[22.417466952683768,65.55364821724189],[22.41481676803938,65.5550414022517],[22.414590800251375,65.5557742505799],[22.41034646311616,65.55616294445103],[22.40961182294787,65.55511635059294],[22.41107555731033,65.55414235738685],[22.41092298773422,65.553608527554]],[[22.41931650711623,65.85200992612126],[22.41936813146325,65.85218785902491],[22.41849921824542,65.85223014275272],[22.41931650711623,65.85200992612126]],[[22.416316559241558,65.64248139303545],[22.416367661859486,65.64265933206465],[22.41593671106688,65.64268043183894],[22.416316559241558,65.64248139303545]],[[22.41429014044499,65.54406046393841],[22.414340996706084,65.54423840610521],[22.413911670428416,65.5442594839882],[22.41429014044499,65.54406046393841]],[[22.413607881536265,65.78823030668237],[22.413556450770702,65.7880523699537],[22.41398983136125,65.7880312531559],[22.413607881536265,65.78823030668237]],[[22.413593528929333,65.79274207346259],[22.41364497119683,65.79292001006648],[22.413211508107885,65.79294112668383],[22.413593528929333,65.79274207346259]],[[22.41336583077972,65.79347493686984],[22.413417273233815,65.79365287354864],[22.412983797601452,65.79367398964038],[22.41336583077972,65.79347493686984]],[[22.41288091935597,65.79331811590849],[22.412932358087854,65.79349605278692],[22.412498884614273,65.79351716747956],[22.41288091935597,65.79331811590849]],[[22.41168336601418,65.79373733056919],[22.4117347974878,65.79391526792172],[22.411301315788187,65.79393637929049],[22.41168336601418,65.79373733056919]],[[22.394279926022,65.60061523263968],[22.39341937350415,65.60065729223746],[22.393317681817948,65.60030139364862],[22.395973523211822,65.59890852887754],[22.396200323192538,65.59817570011715],[22.392985319430807,65.59761112483265],[22.39257865225722,65.59618752791128],[22.393286553721303,65.5956116263178],[22.394526289368567,65.59537058977133],[22.394753105207254,65.5946377630162],[22.398065163161025,65.59249100955005],[22.401025227888468,65.59216575072529],[22.402038141434463,65.59265748894417],[22.403758680804675,65.59257327263366],[22.40515089265021,65.5928659871546],[22.4054054445321,65.59375571044869],[22.404216796134026,65.59417477923814],[22.404369515063514,65.59470861432766],[22.405609099859497,65.59446748863853],[22.40700143444082,65.59476018494352],[22.407737184983127,65.59580678039158],[22.406876817716498,65.59584891453737],[22.406548483274207,65.59622586799442],[22.407510728626708,65.59653962299423],[22.407386129079168,65.59762835283489],[22.410222166421217,65.59839163846536],[22.408552212584276,65.59865387493514],[22.408427651779355,65.5997426052456],[22.40610081268002,65.60075872977669],[22.406253616871652,65.60129256211901],[22.405393065311685,65.60133468967155],[22.40425499992085,65.6019317066167],[22.404356848903536,65.60228759630488],[22.40283933037267,65.60308360759902],[22.401978712904945,65.60312571642457],[22.401321719250184,65.60387960462063],[22.4000307479554,65.60394275355209],[22.399928950338676,65.6035868604502],[22.395574851933205,65.60361932621662],[22.394409041100293,65.60259370161634],[22.394279926022,65.60061523263968]],[[22.408918930530547,65.82220128744363],[22.409352890305072,65.82218017822345],[22.409404373958726,65.8223581158519],[22.408918930530547,65.82220128744363]],[[22.409404373958726,65.8223581158519],[22.409889823282576,65.82251494265955],[22.40945585839563,65.8225360534554],[22.409404373958726,65.8223581158519]],[[22.409379649884603,65.62134862794342],[22.409430654938507,65.6215265702733],[22.409000047746208,65.62154764695937],[22.409379649884603,65.62134862794342]],[[22.408087834691155,65.62141185383739],[22.40841644431913,65.62103489432612],[22.40894904559013,65.62136970445606],[22.408087834691155,65.62141185383739]],[[22.408764493112177,65.82166747388415],[22.408867450607918,65.82202334961543],[22.40843349299799,65.82204445743476],[22.408764493112177,65.82166747388415]],[[22.40854083342292,65.60623284445737],[22.40874469235472,65.606944616407],[22.40760646690954,65.60754166009399],[22.404746631011168,65.60822295291801],[22.404061553884613,65.60735429038773],[22.405579276453594,65.6065582648405],[22.40854083342292,65.60623284445737]],[[22.40735969894236,65.82137491573572],[22.40779364632762,65.82135381106752],[22.40784511722236,65.82153174934507],[22.40735969894236,65.82137491573572]],[[22.40784511722236,65.82153174934507],[22.408330541397717,65.82168858135394],[22.40789658890016,65.82170968759769],[22.40784511722236,65.82153174934507]],[[22.40709788148099,65.59204889392855],[22.40666775971358,65.59206995918365],[22.406616843148946,65.59189201504427],[22.40709788148099,65.59204889392855]],[[22.406265745478557,65.5937135853125],[22.40583559538929,65.59373464848713],[22.405784680586102,65.59355670405101],[22.406265745478557,65.5937135853125]],[[22.404426256680782,65.85688397306932],[22.404477789729754,65.8570619118758],[22.404043236458833,65.85708301294787],[22.404426256680782,65.85688397306932]],[[22.40302246474942,65.66622773248815],[22.40264217426194,65.66642674237438],[22.402540045266306,65.6660708543199],[22.40302246474942,65.66622773248815]],[[22.40101706869171,65.55247025750397],[22.40106785417711,65.55264820483296],[22.40063837651252,65.55266924657197],[22.40101706869171,65.55247025750397]],[[22.399291449461174,65.820864881755],[22.399342860436665,65.82104282347571],[22.39890890997369,65.82106390415055],[22.399291449461174,65.820864881755]],[[22.39880609470034,65.82070802033515],[22.398857501945976,65.82088596225529],[22.3984235536487,65.82090704152952],[22.39880609470034,65.82070802033515]],[[22.39452991667912,65.76931054136178],[22.394148083050226,65.76950954501866],[22.394045580264095,65.76915365494995],[22.39452991667912,65.76931054136178]],[[22.392799891616026,65.81666916338834],[22.393233774046852,65.81664810073518],[22.39328513306019,65.81682604499717],[22.392799891616026,65.81666916338834]],[[22.39328513306019,65.81682604499717],[22.39377038039812,65.81698292500653],[22.393336492854765,65.81700398923431],[22.39328513306019,65.81682604499717]],[[22.393714993926054,65.76953060260456],[22.393766243551383,65.76970854777576],[22.393333150714035,65.76972960431259],[22.393714993926054,65.76953060260456]],[[22.39276947991344,65.76777220414917],[22.393202540467936,65.76775114952707],[22.393253782312577,65.76792909494655],[22.39276947991344,65.76777220414917]],[[22.393253782312577,65.76792909494655],[22.393738090580896,65.76808598414792],[22.393305024935195,65.76810704034119],[22.393253782312577,65.76792909494655]],[[22.392287032911128,65.85909689444928],[22.390114026683097,65.85920221643045],[22.39164663549547,65.85840618575025],[22.392515810407403,65.85836405221353],[22.392287032911128,65.85909689444928]],[[22.390790530794295,65.77310104960674],[22.38867598292732,65.77338422781159],[22.38928616147273,65.77245240451705],[22.391018726772057,65.77236821510628],[22.390790530794295,65.77310104960674]],[[22.388645382809052,65.6099121824267],[22.388418285255938,65.61064500281199],[22.387279425604067,65.61124190016278],[22.386418507821617,65.61128392363347],[22.386266039991245,65.61075006800208],[22.388645382809052,65.6099121824267]],[[22.385330391822105,65.61205875897033],[22.385760864982316,65.6120377507934],[22.385811686402846,65.61221570286831],[22.385330391822105,65.61205875897033]],[[22.381049786802418,65.61082414661067],[22.38034121461636,65.61139999766311],[22.37948027808878,65.61144198193269],[22.380948216451298,65.61046823853698],[22.381809117886938,65.61042624628078],[22.38234115518146,65.61076115536864],[22.381049786802418,65.61082414661067]],[[22.385581505405597,65.6098813166546],[22.38545595256713,65.6109700378263],[22.38398815867064,65.61194382342467],[22.384140588177868,65.61247768172329],[22.38505236708041,65.61261362312075],[22.383153967401665,65.61360840811898],[22.383255582732193,65.6139643142693],[22.38464873638882,65.61425720778331],[22.38442149457821,65.61499002360213],[22.38361126054861,65.61520998501909],[22.383814521890088,65.61592179633392],[22.384777245169754,65.61623569089721],[22.38234639584142,65.61689556931516],[22.38085152723899,65.61624674794618],[22.381028082417032,65.61533598248896],[22.379153597283988,65.61488609258485],[22.378645810303006,65.61310654455846],[22.379886515872315,65.61286561817846],[22.380544350546263,65.61211181460126],[22.3814053071775,65.6120698240928],[22.38234115518146,65.61076115536864],[22.385581505405597,65.6098813166546]],[[22.384950733523038,65.61225771835356],[22.38538121034646,65.61223671121805],[22.385432029637858,65.61241466344114],[22.384950733523038,65.61225771835356]],[[22.38520778802202,65.6162146836023],[22.385258615501154,65.61639263580157],[22.384828069751673,65.61641364326931],[22.38520778802202,65.6162146836023]],[[22.38502247286049,65.72556615983653],[22.385073557891264,65.72574410954041],[22.384641192737774,65.72576513431206],[22.38502247286049,65.72556615983653]],[[22.373378307691763,65.61300240906095],[22.370314065435334,65.61297123843961],[22.369984992590727,65.61334811992647],[22.369123971419917,65.61339004624003],[22.36580624643058,65.61246898991546],[22.366894970321823,65.61169428869697],[22.368566203644605,65.61143249853586],[22.370034557351037,65.61045885669596],[22.36929986791301,65.60941206795054],[22.3701348332711,65.60774755184383],[22.369400222920678,65.60670076279871],[22.370539308361437,65.60610399749767],[22.369272975442303,65.60472225423996],[22.36745014094258,65.60445016911777],[22.366311053526918,65.60504691123444],[22.365146319379903,65.60402105110511],[22.367778325373997,65.6010060688305],[22.36896788520048,65.60058727684692],[22.369802620644116,65.59892276480602],[22.370612475346018,65.59870288089209],[22.37063725489894,65.5972582491627],[22.37144705113976,65.59703836136687],[22.372054068215228,65.59610663767192],[22.374432567432684,65.59526898340158],[22.37921552805387,65.59521615110751],[22.380404638132518,65.59479727383517],[22.380709114812426,65.59586500128782],[22.382202776344993,65.59651383601096],[22.38190068026446,65.5985133209948],[22.38349607777853,65.5995180487767],[22.38483766301323,65.59963299508496],[22.385040811172814,65.60034480589212],[22.38501684072186,65.60178943193458],[22.383095135875795,65.60422883567075],[22.38350143565915,65.60565246163702],[22.382894628832982,65.60658422906347],[22.382084639842457,65.60680417990841],[22.383148581319332,65.60747399560336],[22.38071849735356,65.60813384038134],[22.3808200535692,65.60848974874988],[22.379681107534992,65.60908658989331],[22.380314644662402,65.60977741571004],[22.379023319211306,65.60984038927283],[22.37826396121563,65.61023827592011],[22.378517798298585,65.6111280513468],[22.37727716156555,65.61136896585201],[22.377530978192873,65.61225874313025],[22.37859503582049,65.61292858962041],[22.377784813976522,65.61314851979336],[22.377632510207462,65.61261465386931],[22.376720767597682,65.61247866750826],[22.37639179450669,65.61285556191052],[22.37327683207629,65.61264649491886],[22.373378307691763,65.61300240906095]],[[22.38411659541797,65.61392230781648],[22.38454710061033,65.61390130276851],[22.38459791811603,65.61407925528825],[22.38411659541797,65.61392230781648]],[[22.381331669794427,65.74631496119797],[22.38138277876835,65.74649291190082],[22.38095006289771,65.7465139295953],[22.381331669794427,65.74631496119797]],[[22.37957366186116,65.74477644796796],[22.380108543039714,65.74511133697413],[22.38097392868579,65.74506930558508],[22.380847851584267,65.74615802781753],[22.37911700378548,65.74624208498739],[22.37878647191555,65.74661899973891],[22.377921030096623,65.74666101924285],[22.377641560496663,65.74721588380939],[22.37509622718244,65.74751986199378],[22.374789830036327,65.74645214237766],[22.37957366186116,65.74477644796796]],[[22.37885173442322,65.68111899986168],[22.379079607662298,65.68038618626936],[22.380374446091867,65.68032317769503],[22.37971498566163,65.68107699641472],[22.37885173442322,65.68111899986168]],[[22.377513971119356,65.86287967277444],[22.379355422750216,65.86315145570904],[22.379177607684714,65.86406223100809],[22.377209564814812,65.86487916982247],[22.375368009289765,65.86460736203104],[22.375111268739857,65.86371760999319],[22.375826603092662,65.86314171799138],[22.377513971119356,65.86287967277444]],[[22.377256411697786,65.5776296074383],[22.377307094044635,65.57780756374633],[22.376877178457335,65.57782854241832],[22.377256411697786,65.5776296074383]],[[22.376589603886128,65.85967657734223],[22.37664095097051,65.85985452729938],[22.376206323100263,65.8598755499312],[22.376589603886128,65.85967657734223]],[[22.37259413897786,65.61484489975047],[22.370390746409544,65.61477178635735],[22.37028930336104,65.61441586989707],[22.373733496471974,65.61424810778388],[22.37259413897786,65.61484489975047]],[[22.370591601581133,65.66600375105058],[22.371175529512183,65.66651664590465],[22.372951948528826,65.66661068652293],[22.373053674122318,65.66696659838715],[22.37137893413902,65.66722847239947],[22.370845833200946,65.66689353534116],[22.369120237164886,65.66697742772604],[22.370591601581133,65.66600375105058]],[[22.372599620381234,65.6714994230952],[22.372752237324725,65.67203329093475],[22.37188927356344,65.67207525202537],[22.371736674087366,65.67154138314821],[22.372599620381234,65.6714994230952]],[[22.37012612503744,65.83725468440433],[22.371863127352274,65.83717067006974],[22.37255370082326,65.83803942421729],[22.370101859888166,65.83869931025464],[22.3682622695755,65.83842739803592],[22.37012612503744,65.83725468440433]],[[22.37244701036396,65.67096555503394],[22.372497879600164,65.67114351107897],[22.372066412660235,65.6711644913685],[22.37244701036396,65.67096555503394]],[[22.371101756235337,65.67085053514224],[22.371964680779424,65.67080857890794],[22.37201554633509,65.67098653515052],[22.371203476471912,65.67120644829443],[22.371101756235337,65.67085053514224]],[[22.37194014159453,65.6722532082685],[22.371991010395185,65.67243116448702],[22.37112803191022,65.67247312139835],[22.37194014159453,65.6722532082685]],[[22.369910015919274,65.7921573506203],[22.370343508342714,65.79213635678836],[22.37039465071897,65.7923143108362],[22.369910015919274,65.7921573506203]],[[22.368969750100987,65.79653321674856],[22.36940331701567,65.79651222487153],[22.369454463338503,65.79669017919466],[22.368969750100987,65.79653321674856]],[[22.369454463338503,65.79669017919466],[22.36993918246095,65.79684714004385],[22.369505610438786,65.79686813349313],[22.369454463338503,65.79669017919466]],[[22.367573395920125,65.59109255317668],[22.36714325147961,65.59111350648908],[22.367092607365482,65.5909355464094],[22.367573395920125,65.59109255317668]],[[22.362766089847025,65.59565687744056],[22.363626536643977,65.59561499288102],[22.36390486061307,65.59506016506657],[22.365144856843944,65.59481936626561],[22.365549997523665,65.59624305174249],[22.36360136304044,65.59705962734961],[22.362766089847025,65.59565687744056]],[[22.36446185459581,65.59701773760729],[22.36451249499577,65.59719569860022],[22.364082246706985,65.59721664425041],[22.36446185459581,65.59701773760729]],[[22.355772499910163,65.65698059388775],[22.35782725652573,65.65651999788058],[22.360110171075256,65.6553265861296],[22.36350910145072,65.65498104103479],[22.36201294242713,65.65739927942502],[22.359780692713805,65.6587706820748],[22.356330482602615,65.65893818629318],[22.354884481026193,65.65846709019738],[22.35468161159472,65.65775523639313],[22.355772499910163,65.65698059388775]],[[22.3627171919653,65.61694952999578],[22.362666517458454,65.61677156874728],[22.36309709069224,65.61675062391411],[22.3627171919653,65.61694952999578]],[[22.349450636734737,65.60406256705421],[22.3480078729475,65.6035913736637],[22.34780570747156,65.60287950366984],[22.348565332410427,65.60248176693624],[22.34864187248298,65.60121509415828],[22.349629569983172,65.60008458178307],[22.355122371679954,65.59945678969322],[22.355881785175665,65.59905901838525],[22.356792950126053,65.5991951357058],[22.356944731600493,65.59972902769015],[22.358665914045382,65.59964531692535],[22.35856470248194,65.59928939033725],[22.35947588873579,65.599425491323],[22.361475452830643,65.59878692790494],[22.36281691369468,65.59890207029919],[22.36119704128009,65.59934175211738],[22.3611211147545,65.60060842517156],[22.359172017676848,65.60142494839613],[22.359323863657522,65.60195883735963],[22.357855564737292,65.60293237496798],[22.358058005698457,65.60364422884096],[22.35620978958799,65.60481664415794],[22.352108229189398,65.6057376868082],[22.351045150595883,65.60506764490633],[22.34965285831001,65.60477443430034],[22.349450636734737,65.60406256705421]],[[22.362083296311308,65.734257857124],[22.36213424414036,65.73443581584569],[22.3617017112465,65.73445677707834],[22.362083296311308,65.734257857124]],[[22.36093069138219,65.83896211008195],[22.360981880518555,65.83914006681407],[22.360547587210508,65.83916104172118],[22.36093069138219,65.83896211008195]],[[22.360709740875677,65.73558740941557],[22.360811624704397,65.73594332787447],[22.36037906530201,65.73596428560637],[22.360709740875677,65.73558740941557]],[[22.360211115820672,65.830336280053],[22.360262279372748,65.8305142372756],[22.359828130891966,65.83053520875085],[22.360211115820672,65.830336280053]],[[22.35975067889147,65.82873466393876],[22.359801835435864,65.82891262138355],[22.35893359081452,65.8289545599806],[22.35975067889147,65.82873466393876]],[[22.359576638483333,65.8388470733218],[22.35962781798031,65.83902503059994],[22.359193525287864,65.83904600165124],[22.359576638483333,65.8388470733218]],[[22.358648819967645,65.73604810431938],[22.358750677610942,65.73640402441058],[22.358318108491137,65.7364249763813],[22.358648819967645,65.73604810431938]],[[22.357783470479585,65.82648411367128],[22.357834608053388,65.82666207195797],[22.357400522154524,65.82668303593209],[22.357783470479585,65.82648411367128]],[[22.3550447948972,65.60685794205365],[22.357526051981644,65.60637646680986],[22.357449945285264,65.60764313977677],[22.356259877283165,65.6080618463803],[22.3563610984719,65.6084177744043],[22.35248709456834,65.608606050477],[22.352385925508813,65.60825011935515],[22.3550447948972,65.60685794205365]],[[22.357354018046014,65.8387739572646],[22.357405181996928,65.83895191543611],[22.35697088836254,65.83897288017693],[22.357354018046014,65.8387739572646]],[[22.356997051397826,65.84059546925006],[22.356945886343144,65.84041751095326],[22.35738020438556,65.84039654605013],[22.356997051397826,65.84059546925006]],[[22.355591772127703,65.84030243945539],[22.356026089553232,65.84028147840827],[22.356077247921267,65.84045943707719],[22.355591772127703,65.84030243945539]],[[22.352314316165863,65.78903906462469],[22.354812993665174,65.78855746465689],[22.353818767801773,65.78968807370225],[22.350988491900633,65.79054652201255],[22.349637040287103,65.79043137217805],[22.349535051749836,65.79007544731107],[22.352314316165863,65.78903906462469]],[[22.350429959063376,65.83153015430393],[22.35168137324148,65.83128935498986],[22.35221776281031,65.83162432734893],[22.35096633776281,65.83186513116223],[22.350429959063376,65.83153015430393]],[[22.35196221765095,65.83073452498793],[22.353647732634112,65.83047276090367],[22.352983878421657,65.83122650577486],[22.35168137324148,65.83128935498986],[22.35196221765095,65.83073452498793]],[[22.353034994134727,65.83140446587532],[22.35308611062582,65.83158242595111],[22.352651937107062,65.8316033772635],[22.353034994134727,65.83140446587532]],[[22.35264638105656,65.79479665554628],[22.352595355251044,65.79461869443338],[22.35302890598325,65.79459774925331],[22.35264638105656,65.79479665554628]],[[22.345807189980846,65.83229435736803],[22.34550079445119,65.83122657914451],[22.346420211863954,65.83136267869573],[22.346267004549773,65.83082879036591],[22.34795258731277,65.83056708849584],[22.34736520134977,65.83005413803282],[22.348233505687702,65.83001226464354],[22.34856549316843,65.82963540231638],[22.349484868311173,65.82977148382105],[22.349331608818854,65.82923759906271],[22.351119249138605,65.82933178653136],[22.351451185670513,65.82895491841742],[22.35231944494453,65.8289130222257],[22.35165558912931,65.82966676134137],[22.350889497725777,65.83006457602198],[22.34997010503395,65.82992850314223],[22.34968922518675,65.83048332982064],[22.348769823322545,65.83034724980222],[22.348923079101983,65.83088113515795],[22.348054746803527,65.8309230127355],[22.345807189980846,65.83229435736803]],[[22.35193111559333,65.74016226811173],[22.35203290025151,65.74051819339776],[22.351600255739413,65.74053912701197],[22.351065837512564,65.74020413342673],[22.35193111559333,65.74016226811173]],[[22.34862017052801,65.6533582654846],[22.347098003242802,65.65415376417434],[22.345804373405542,65.65421647746213],[22.34565243698181,65.65368257592958],[22.347605809943282,65.65286618467415],[22.34862017052801,65.6533582654846]],[[22.347473786537368,65.66622386780257],[22.347905195220072,65.66620295791678],[22.34795588483631,65.666380923922],[22.347473786537368,65.66622386780257]],[[22.346650100743943,65.83062989461942],[22.346599031019483,65.8304519319424],[22.347033191034864,65.83043099796821],[22.346650100743943,65.83062989461942]],[[22.34415114524631,65.61767104743849],[22.344050047775845,65.61731511006414],[22.345873565034243,65.61758746975515],[22.34415114524631,65.61767104743849]],[[22.34560268014317,65.83464973869424],[22.34565375298696,65.83482770167215],[22.345219517455654,65.83484863244578],[22.34560268014317,65.83464973869424]],[[22.34446080101823,65.7078670029486],[22.3434443174967,65.70737491510566],[22.344308513087384,65.70733310358362],[22.34446080101823,65.7078670029486]],[[22.34119184498733,65.73941856103811],[22.341141029506836,65.7392405940393],[22.34157366247178,65.73921969025355],[22.34119184498733,65.73941856103811]],[[22.341236343902793,65.70116695870985],[22.341287070113907,65.70134492656405],[22.340855069680654,65.7013658234118],[22.341236343902793,65.70116695870985]],[[22.340905793740664,65.70154379141393],[22.340956518568955,65.70172175939157],[22.34052451152851,65.70174265536453],[22.340905793740664,65.70154379141393]],[[22.340372348106783,65.70120875084092],[22.340423068479133,65.70138671903996],[22.339991066509384,65.7014076134485],[22.340372348106783,65.70120875084092]],[[22.339520337113104,65.6121222134022],[22.339570842297174,65.61230018403705],[22.339140319941876,65.61232106159035],[22.339520337113104,65.6121222134022]],[[22.338313897313647,65.79386455934272],[22.338364822760216,65.79404252619267],[22.337931267056955,65.79406342973991],[22.338313897313647,65.79386455934272]],[[22.337875690043436,65.71089179163461],[22.337926416093577,65.71106976060527],[22.3374942501076,65.71109064951223],[22.337875690043436,65.71089179163461]],[[22.337044149366438,65.73871679867723],[22.33709493540516,65.73889476732761],[22.336662303521344,65.73891565837793],[22.337044149366438,65.73871679867723]],[[22.335644707996963,65.73842352923563],[22.3360773326348,65.73840264114646],[22.336128111275414,65.73858061019097],[22.335644707996963,65.73842352923563]],[[22.336128111275414,65.73858061019097],[22.336611520411456,65.73873768955497],[22.336178890686217,65.73875857921098],[22.336128111275414,65.73858061019097]],[[22.334954528426927,65.78211869300439],[22.33582124339511,65.78207690540414],[22.33640725168552,65.78258991354507],[22.335540520624736,65.78263170463079],[22.334954528426927,65.78211869300439]],[[22.334655843332026,65.73341949796198],[22.33508838521152,65.73339861348161],[22.335139145220836,65.73357658303898],[22.334655843332026,65.73341949796198]],[[22.335571689258135,65.7335556971647],[22.336054999159867,65.73371277925683],[22.33615653473803,65.73406871755921],[22.33524066754881,65.73393252208037],[22.335571689258135,65.7335556971647]],[[22.335008169008063,65.643914268897],[22.335058717806014,65.64409224058866],[22.334627664045083,65.64411311053361],[22.335008169008063,65.643914268897]],[[22.334885352871705,65.7326867350073],[22.33493610980208,65.73286470466259],[22.33450357670503,65.7328855886255],[22.334885352871705,65.7326867350073]],[[22.334554331477673,65.73306355842881],[22.33460508702,65.73324152820763],[22.334172547298323,65.73326241129402],[22.334554331477673,65.73306355842881]],[[22.334351317005016,65.7323516790688],[22.334402069468712,65.73252964894552],[22.33396954145677,65.73255053134206],[22.334351317005016,65.7323516790688]],[[22.333017646394353,65.78149037662892],[22.33306850594066,65.78166834588693],[22.332635153025127,65.78168923243534],[22.333017646394353,65.78149037662892]],[[22.329151769320372,65.71564326748171],[22.32920244659024,65.715821239829],[22.32877019279093,65.71584210480377],[22.329151769320372,65.71564326748171]],[[22.32642994941718,65.716857136419],[22.32612599706278,65.71578929546902],[22.327524093129725,65.71608266541676],[22.3277774363699,65.71697253010913],[22.32642994941718,65.716857136419]],[[22.32641687228939,65.72912619025324],[22.326366182808847,65.72894821710533],[22.326798657963348,65.72892735682095],[22.32641687228939,65.72912619025324]],[[22.32529850337034,65.72827803979635],[22.325730968355543,65.72825718264347],[22.325781651835364,65.72843515606135],[22.32529850337034,65.72827803979635]],[[22.325781651835364,65.72843515606135],[22.326264806153482,65.7285922707362],[22.32583233608366,65.72861312945479],[22.325781651835364,65.72843515606135]],[[22.32484450220528,65.60345156450198],[22.325375667132054,65.60378668187596],[22.324034099831653,65.60367120925022],[22.32484450220528,65.60345156450198]],[[22.32519714456902,65.72792209254291],[22.325247823585478,65.72810006618184],[22.324815360758357,65.72812092194125],[22.32519714456902,65.72792209254291]],[[22.32450785611608,65.73012034389666],[22.324457177427114,65.7299423700096],[22.324889671058273,65.7299215149705],[22.32450785611608,65.73012034389666]],[[22.324305145970808,65.72940844820198],[22.324355822354498,65.72958642216227],[22.323923333808743,65.72960727563563],[22.324305145970808,65.72940844820198]],[[22.323325790144015,65.65819106343027],[22.3237570886851,65.65817022318882],[22.323807593781808,65.6583481990413],[22.323325790144015,65.65819106343027]],[[22.323807593781808,65.6583481990413],[22.324289403238016,65.65850533306721],[22.323858099642287,65.65852617486944],[22.323807593781808,65.6583481990413]],[[22.324153121430047,65.72887452617462],[22.324203795508602,65.72905250020817],[22.323771315743304,65.72907335316489],[22.324153121430047,65.72887452617462]],[[22.32071055493382,65.65976072816392],[22.32043068436163,65.66031549157647],[22.31865485520082,65.6602208311274],[22.320178259257407,65.65942560556132],[22.320407643384353,65.65869286546474],[22.323376292331538,65.6583690394545],[22.322867183106016,65.65965655052092],[22.32071055493382,65.65976072816392]],[[22.321558248875,65.7289996245625],[22.321659562678942,65.72935557467133],[22.32122707537751,65.7293764204724],[22.321558248875,65.7289996245625]],[[22.32069328521151,65.72904131425476],[22.319142636056146,65.72821395963135],[22.320490690234383,65.72832941236724],[22.32069328521151,65.72904131425476]],[[22.31728275928679,65.66154997753509],[22.318347381276176,65.66222024086383],[22.31624098108111,65.66250233539184],[22.315910525592063,65.66287911288101],[22.31413453346382,65.66278440117244],[22.313551812497387,65.66227127551376],[22.315226855615208,65.66201003608711],[22.3151259467305,65.66165407768132],[22.31728275928679,65.66154997753509]],[[22.31637730699143,65.72311514043831],[22.316809694323883,65.72309430938],[22.316860304258377,65.72327228648014],[22.31637730699143,65.72311514043831]],[[22.316860304258377,65.72327228648014],[22.317343307376312,65.72342943093255],[22.316910914960093,65.7234502635559],[22.316860304258377,65.72327228648014]],[[22.314732058317617,65.76974150707932],[22.314782763962175,65.76991948391422],[22.314349590512116,65.76994031677233],[22.314732058317617,65.76974150707932]],[[22.31445487365509,65.66854218987685],[22.3145558056154,65.66889814849404],[22.314124319788732,65.66891896442712],[22.31445487365509,65.66854218987685]],[[22.313609388736477,65.60074759749789],[22.314039744246607,65.60072679404858],[22.31409004846556,65.60090477513077],[22.313609388736477,65.60074759749789]],[[22.289017368759648,65.67139087494382],[22.287190586587833,65.67111786362068],[22.285493757930038,65.66975615058433],[22.285141891345347,65.66851021417285],[22.286235325201254,65.66773604687955],[22.287098310562275,65.66769457205713],[22.28656627457982,65.66735932920234],[22.287810452286617,65.66711912255235],[22.28847228064699,65.66636568029408],[22.29111137759309,65.66641919323374],[22.292305158589762,65.66600096202646],[22.29738192562989,65.66539586483309],[22.299006991448856,65.66495681452763],[22.300430563835892,65.66380580744612],[22.301293391089843,65.66376425353113],[22.300660540678603,65.66307309146117],[22.30200511008055,65.66318874159558],[22.30233577348469,65.66281199234479],[22.304061351488244,65.66272885871548],[22.305456306565215,65.66302246185496],[22.309288427937194,65.66265732247747],[22.309439679321354,65.66319126696098],[22.310403318453307,65.66350562442786],[22.31337265253288,65.66318198729108],[22.31258287768347,65.66502422145719],[22.3119217896543,65.6657777615121],[22.31072834473331,65.66619614357664],[22.31054906588152,65.66710685316313],[22.309585288382298,65.66679249796915],[22.307428002735826,65.66689649341276],[22.30628483885739,65.66749282401581],[22.305421897213662,65.66753440738924],[22.30394796043459,65.66850747742895],[22.30308498052081,65.66854904790067],[22.303185756471176,65.66890501557933],[22.301610898891195,65.66952209666931],[22.30023745221246,65.67085110212975],[22.296806787867048,65.67263991713288],[22.294368397163073,65.6732984584138],[22.292160173306293,65.67322425564785],[22.290282919885268,65.67277329482815],[22.289017368759648,65.67139087494382]],[[22.31258969711481,65.67584870197693],[22.31345290160579,65.67580707534164],[22.313503377359602,65.6759850548912],[22.31258969711481,65.67584870197693]],[[22.313339625464625,65.66769392115471],[22.31344053814338,65.66804988070123],[22.313009065349828,65.66807069334064],[22.313339625464625,65.66769392115471]],[[22.312259028511974,65.67622547357148],[22.312640167040957,65.67602668186969],[22.312741109184504,65.67638264158226],[22.312259028511974,65.67622547357148]],[[22.301144290754227,65.67405482717909],[22.30157587458061,65.67403404715759],[22.301626264655653,65.67421203148093],[22.301144290754227,65.67405482717909]],[[22.301626264655653,65.67421203148093],[22.302108244384524,65.67436923419764],[22.301676655493214,65.67439001578009],[22.301626264655653,65.67421203148093]],[[22.299468323331,65.67431592026182],[22.299569076630636,65.67467189054888],[22.299137480250963,65.67469266499263],[22.298605141464794,65.67435746724585],[22.299468323331,65.67431592026182]],[[22.29398276553974,65.77398537642965],[22.294849286936362,65.77394382357815],[22.29489986540246,65.77412180823335],[22.29398276553974,65.77398537642965]],[[22.29489986540246,65.77412180823335],[22.295383710060356,65.77427901425878],[22.29495044463684,65.77429979286427],[22.29489986540246,65.77412180823335]],[[22.294972514039273,65.67543430331936],[22.294792633707292,65.6763450000789],[22.29258414831074,65.67627080600862],[22.29185055054224,65.67522363231313],[22.29324605544882,65.67551734222924],[22.294972514039273,65.67543430331936]],[[22.289713666023903,65.67695003198847],[22.290425992029707,65.6763745684686],[22.291771215840345,65.67649030283864],[22.290778241116932,65.67762048888747],[22.28775664751862,65.67776571353593],[22.28717408973716,65.67725248518578],[22.28851934652678,65.67736824801982],[22.288850377647048,65.67699152459521],[22.289713666023903,65.67695003198847]],[[22.286943626319477,65.67798518539931],[22.287044224823283,65.67834116547492],[22.286612555281636,65.67836190505471],[22.28608029813532,65.6780266626562],[22.286943626319477,65.67798518539931]],[[22.279098255787627,65.69513956085606],[22.279530212124392,65.69511883985258],[22.279580500124528,65.69529683244383],[22.279098255787627,65.69513956085606]],[[22.279580500124528,65.69529683244383],[22.280062750300498,65.6954541024459],[22.27963078888628,65.69547482501095],[22.279580500124528,65.69529683244383]],[[22.270881348267704,65.67532840447602],[22.270981713830313,65.67568439742612],[22.270550073061546,65.67570509110861],[22.270881348267704,65.67532840447602]],[[22.2690042962844,65.67487717887641],[22.266364359289547,65.67482329003963],[22.266264061133256,65.67446729338918],[22.26880363001882,65.67416518966877],[22.2690042962844,65.67487717887641]],[[22.25740013043746,65.67561332778217],[22.257831782309193,65.67559267134061],[22.25788187574226,65.67577067299025],[22.25740013043746,65.67561332778217]],[[22.25788187574226,65.67577067299025],[22.25836362687758,65.675928016615],[22.25793196993347,65.67594867461591],[22.25788187574226,65.67577067299025]],[[22.2520337787082,65.6969765355732],[22.252465791700494,65.69695589090398],[22.252515898015517,65.69713389417433],[22.2520337787082,65.6969765355732]],[[22.25121984799987,65.6971958250332],[22.252083882102532,65.6971545390139],[22.252133986255785,65.69733254243063],[22.25121984799987,65.6971958250332]],[[22.250837925201242,65.69739447014067],[22.251269946311606,65.6973738287906],[22.251320045382187,65.69755183252396],[22.250837925201242,65.69739447014067]],[[22.250124153904526,65.69796976184193],[22.250023971012197,65.69761375342523],[22.250888021350992,65.69757247404435],[22.250124153904526,65.69796976184193]],[[22.249692121755146,65.69799040004303],[22.24974221141844,65.6981684043857],[22.24931017558931,65.69818904153705],[22.249692121755146,65.69799040004303]],[[22.249360263090285,65.69836704602604],[22.248928223581384,65.69838768212767],[22.248878139001498,65.69820967746841],[22.249360263090285,65.69836704602604]],[[22.247782332503856,65.69898359847878],[22.24686815688167,65.69884685528469],[22.247732254411627,65.69880559338065],[22.247782332503856,65.69898359847878]],[[22.247632100502887,65.6984495831125],[22.248496183313833,65.69840831700931],[22.24854626573125,65.69858632181487],[22.247732254411627,65.69880559338065],[22.247632100502887,65.6984495831125]]],[[[22.754555499999995,65.56179138999998],[22.754443356693304,65.56141601841634],[22.7526286596717,65.5613625578887],[22.7515296519619,65.56194632439087],[22.754555499999995,65.56179138999998]]],[[[22.808223809999998,65.52291604999999],[22.8078241143951,65.52158710016273],[22.80702003528206,65.52190891024081],[22.807082855878583,65.52297495127797],[22.808223809999998,65.52291604999999]]],[[[22.728163609145664,65.47328170851863],[22.726278638482626,65.47443620361155],[22.72638426590244,65.47479183370038],[22.72761554747122,65.47454814399659],[22.727721193603305,65.47490377295397],[22.726595530251444,65.47550309356072],[22.728835176821384,65.47554244023682],[22.728163609145664,65.47328170851863]]],[[[22.72777302689871,65.47196687204544],[22.727732093204086,65.47201482089176],[22.72779314958518,65.47203461204722],[22.72777302689871,65.47196687204544]]],[[[22.72540545,65.46399678],[22.704019409999994,65.46509245999998],[22.706283991755505,65.4727397475586],[22.707833017638254,65.47231241113663],[22.708372929803293,65.47120166558209],[22.710137600537042,65.4712918574673],[22.709814992064846,65.47166941114757],[22.710453788381265,65.47235878860701],[22.713397135019,65.47202756027313],[22.715214607715616,65.47229551248567],[22.7145167773164,65.47287281960234],[22.71505025918518,65.4732065359567],[22.71804639022282,65.47305303625727],[22.718368894413228,65.4726754660771],[22.720561701302266,65.47274360057963],[22.72216816716988,65.47230019809501],[22.722865811592683,65.47172285756912],[22.724149775972403,65.47165701375421],[22.724472175030947,65.47127943164642],[22.726184090439414,65.47119161963964],[22.726342507097783,65.4717250650826],[22.727614730971236,65.47143399257989],[22.72540545,65.46399678]],[[22.7267815175821,65.46881415532174],[22.72555049509743,65.4690578354885],[22.724911389986264,65.46836852519309],[22.725180950482784,65.4678131263092],[22.72662311326502,65.46828071022716],[22.7267815175821,65.46881415532174]],[[22.71773589272641,65.4705416428748],[22.71730791713225,65.47056357371062],[22.71725517498928,65.47038575475936],[22.71773589272641,65.4705416428748]],[[22.71661017762148,65.47114088953953],[22.71618219109013,65.47116281729866],[22.716129455135228,65.47098499788807],[22.71661017762148,65.47114088953953]],[[22.712408242045896,65.46575999621331],[22.710532146414334,65.46675866871472],[22.70924838091046,65.46682439461881],[22.70946558366043,65.466091198036],[22.710374088204095,65.46622520296535],[22.709630097752953,65.46518017898116],[22.711341674478206,65.46509253884936],[22.712408242045896,65.46575999621331]]],[[[22.607168757703334,65.46098971128993],[22.60816843571527,65.46131532077295],[22.609777249679205,65.46085778561343],[22.607168757703334,65.46098971128993]]],[[[22.495176229999995,65.49367486999999],[22.498208419627602,65.50418512164185],[22.50068590165381,65.50406192704897],[22.50133764567789,65.50330766209015],[22.500755031018393,65.50279525519306],[22.502263836803255,65.50199835269476],[22.501955715330475,65.50093090783508],[22.503515739162378,65.50031190173993],[22.50411595053751,65.499379719623],[22.50529871021418,65.49895992742017],[22.505144605675714,65.49842620861293],[22.50670440544846,65.49780717188554],[22.506242051207877,65.49620601971449],[22.505385155637022,65.4962486778284],[22.504974272402915,65.4948254269421],[22.506156815574375,65.4944056302312],[22.505522957750355,65.49371533449872],[22.506379770031632,65.49367267645171],[22.50648557664179,65.49311098378806],[22.495176229999995,65.49367486999999]],[[22.502368291754667,65.49784252246216],[22.50193981371953,65.49786384145048],[22.501837127504984,65.49750802613774],[22.502368291754667,65.49784252246216]],[[22.49829123890078,65.49425564221082],[22.498719661402017,65.494234334133],[22.49877097514771,65.49441224315396],[22.49829123890078,65.49425564221082]],[[22.49877097514771,65.49441224315396],[22.499250717123548,65.4945688425157],[22.498822289664307,65.49459015214978],[22.49877097514771,65.49441224315396]],[[22.49702126115265,65.49738663224042],[22.498735156756926,65.49730140495187],[22.498409321299018,65.4976785317932],[22.49712388124789,65.49774245149679],[22.49702126115265,65.49738663224042]],[[22.497965432433126,65.49463276779706],[22.49753700266126,65.4946540738103],[22.497485696738146,65.49447616429062],[22.497965432433126,65.49463276779706]]],[[[22.407455551074584,65.54311814854437],[22.40749453897317,65.5431308884872],[22.407490412219737,65.54311643505415],[22.407455551074584,65.54311814854437]]],[[[22.40071478,65.54344946999998],[22.400767247068966,65.5436333255368],[22.401232480057466,65.54342402407775],[22.40071478,65.54344946999998]]],[[[22.319971768208724,65.62856926452865],[22.319792752208162,65.62877366624592],[22.3223502454229,65.62845435308104],[22.319971768208724,65.62856926452865]]],[[[22.294412919999992,65.62980408999998],[22.29485450055069,65.6301574521891],[22.295645228248567,65.62974455345119],[22.294412919999992,65.62980408999998]]],[[[22.316499852986,65.63775913991472],[22.31529527685111,65.63602713180126],[22.31610675235314,65.63580752329382],[22.315199677423326,65.63260388936753],[22.314287531955944,65.6324675316948],[22.31418677421326,65.63211157114995],[22.311069918058173,65.63190124518333],[22.3121834850139,65.63274954706107],[22.312687181841188,65.63452935665231],[22.31043187427327,65.63427740651224],[22.310532590690755,65.63463336994926],[22.311444794591317,65.63476974961804],[22.310582950040814,65.6348113516314],[22.311114599486878,65.63514651418163],[22.309972881572065,65.63574285853998],[22.310174318568265,65.63645478591086],[22.312332540824862,65.63796018689145],[22.316499852986,65.63775913991472]]],[[[22.15772583,65.6092692],[22.156892911917446,65.6062560862418],[22.156368241154016,65.60628089668843],[22.15522413608549,65.60687609856451],[22.153932307582696,65.6069371601083],[22.15117240476059,65.6095786046004],[22.15772583,65.6092692]]],[[[22.174321010000003,65.59044599],[22.17222232093689,65.58286213432136],[22.171335856478986,65.58158260364192],[22.170475505164067,65.58162339571425],[22.168951865317695,65.5824171207352],[22.16905040562803,65.58277319831609],[22.167809074647536,65.58301240502949],[22.168879795021226,65.58530652296767],[22.168216400863102,65.58605945857383],[22.169126181885886,65.58619671654414],[22.17086055961787,65.58773787831805],[22.17105774401002,65.58845002989914],[22.170345043955162,65.58902493702513],[22.17168524016225,65.58914178227204],[22.173173389811158,65.58979272663322],[22.173085501662033,65.59050449227753],[22.174321010000003,65.59044599]]],[[[22.171116836575585,65.57886733871374],[22.166930700000005,65.56374025],[22.1878551931961,65.56258012386907],[22.18828834578201,65.56223014061501],[22.18595706,65.55381802],[22.16447098,65.55483822],[22.16167381868802,65.54470341207445],[22.160720434313365,65.54474861775488],[22.154951721802306,65.54592378410479],[22.147746461833794,65.5466255738629],[22.14364628208819,65.54754096112505],[22.141792105178716,65.54871081517942],[22.141544486015214,65.5506275115311],[22.14298305,65.55585538],[22.13773221931935,65.55610317336587],[22.137932037637412,65.55682930397748],[22.139515488815857,65.55783670775588],[22.14381358229339,65.55763361256602],[22.144537665599977,65.55868159020588],[22.143727062768402,65.55890027259859],[22.143825151277074,65.55925637097631],[22.14296548500639,65.55929700029577],[22.143063564913476,65.55965309924811],[22.141774042626427,65.55971403513266],[22.141540322833695,65.56044654496448],[22.138912170136763,65.56039032967398],[22.1381617031245,65.56240979634404],[22.135201450581132,65.56272992152188],[22.13553335574488,65.56235352429572],[22.130804507181576,65.56257667285188],[22.129612717018595,65.56299361533777],[22.12904661773645,65.56410249465291],[22.13005335444991,65.56459610587261],[22.130249212498963,65.56530832328392],[22.129487242982556,65.56570498693308],[22.130945613676005,65.56942384783127],[22.12798447027988,65.56974384049163],[22.126841265129023,65.57033881981664],[22.125261478809698,65.57058377240318],[22.126385659999993,65.57467518999997],[22.11645228498547,65.57533714893519],[22.115650805726737,65.57717846449967],[22.11479049508975,65.57721894005125],[22.114458109012457,65.57759529635156],[22.114555882309144,65.57795141660444],[22.115465111123168,65.57808900190834],[22.11460477006356,65.57812947669612],[22.113079591167278,65.5789226545003],[22.1129426778566,65.58001125038213],[22.111319596688386,65.58044829040733],[22.11161283544086,65.58151665778861],[22.102529028358187,65.58176311856766],[22.102431402260585,65.58140698917053],[22.101522121024175,65.5812693261732],[22.100280209028043,65.58150798523351],[22.09458950161478,65.58141429745035],[22.093826518928243,65.58181079126962],[22.090814740237974,65.58195200724538],[22.08967014649458,65.582546719164],[22.087137238476377,65.58284576580814],[22.08522559987762,65.5834763707963],[22.085806149999996,65.5855996],[22.073232914889918,65.58618760340636],[22.07338261182969,65.58673584493872],[22.074673664512247,65.58667547683898],[22.07563164446017,65.58699137531163],[22.0749654840292,65.58774392838954],[22.076222865588456,65.59075107435494],[22.079714845613264,65.59076807240791],[22.080055610262164,65.59201458484118],[22.078625915273328,65.59316357979343],[22.07934845518395,65.59421188294773],[22.080785941464857,65.59468567911816],[22.080168438407572,65.59561632810815],[22.081459912612466,65.59555589821377],[22.08241830647845,65.59587174982927],[22.088875643173495,65.59556939486863],[22.089639095557793,65.59517292156684],[22.090743864590042,65.59602292750469],[22.092084103810528,65.59614047601593],[22.093140210902025,65.59681239502483],[22.091466976691272,65.59707116741592],[22.091320661819527,65.59653696152515],[22.090459665717002,65.59657730546157],[22.090792630369364,65.59620099639316],[22.089021901296462,65.59610360366392],[22.0862521139536,65.59713509349433],[22.085780963241326,65.59859997572563],[22.07630897958431,65.59904315381966],[22.074253525780357,65.5994999444906],[22.07277452406343,65.60047081509765],[22.07153142575214,65.60070924977322],[22.07235848867963,65.6037365419995],[22.071497218897935,65.6037767808529],[22.071212531103672,65.60433112729746],[22.072178407695937,65.6062698446936],[22.067635448453483,65.60720340736707],[22.06586403824734,65.60710575067338],[22.06366869437222,65.60865097865323],[22.06237652020216,65.6087112636235],[22.06184860151723,65.60837519670875],[22.060077129111765,65.60827747302385],[22.058069225266287,65.6089121344768],[22.057402023495932,65.60966461999972],[22.058367093399163,65.6116034328023],[22.059374404420065,65.61209750780854],[22.061048939162184,65.61183907731584],[22.061625523202988,65.6123532261681],[22.059950961647537,65.61261166327665],[22.059617348380726,65.61298791064308],[22.060006096884777,65.61441255398736],[22.05890798317751,65.61518513366133],[22.059102351927695,65.615897456402],[22.062027721821714,65.61702348134735],[22.064612891699237,65.61690289858154],[22.064710160497697,65.61725905552274],[22.065571889535914,65.61721885087286],[22.066336323590516,65.61682248573983],[22.06762888979283,65.61676216333488],[22.067531583254542,65.61640600861963],[22.069254971322962,65.61632556303975],[22.069970654353938,65.61575110368679],[22.070832323604375,65.61571086972579],[22.070734977931068,65.61535471743086],[22.07451500584069,65.61481745797057],[22.075230531223053,65.6142429752895],[22.077002459562642,65.61434051767722],[22.078628228148443,65.61390381987968],[22.0800180795192,65.61419953973747],[22.079920614857553,65.61384339445969],[22.080830940088543,65.61398117708362],[22.082359124648146,65.61318829567662],[22.08370022123411,65.61330591013687],[22.083602710182276,65.61294976766095],[22.084513022119186,65.61308752831853],[22.08690256563391,65.61225428752847],[22.089007574544812,65.61197538741574],[22.090153444710054,65.61138066856769],[22.0900070597372,65.6108464621649],[22.09172999542503,65.61076576558828],[22.092347411527378,65.60983507052035],[22.093972634463594,65.6093982134556],[22.093297861326416,65.60852805775784],[22.094159247699558,65.60848769400043],[22.094297033774893,65.60739910716767],[22.095158380891913,65.60735873810873],[22.09501192042569,65.60682453722887],[22.09663691113875,65.60638765380918],[22.09649042690275,65.605853454577],[22.099074293549435,65.60573229701936],[22.100219660960896,65.60513750687625],[22.10108092210573,65.60509710500138],[22.101267262870692,65.60418657935207],[22.10222621544579,65.60450230040567],[22.103606579816464,65.60317502376978],[22.106043482709026,65.60251955952471],[22.10790300349454,65.60135009299228],[22.114400385079804,65.59960192698333],[22.114302515784882,65.5992458076307],[22.116406161549047,65.59896654029802],[22.116259321863357,65.59843236352415],[22.117599789002917,65.5985496843159],[22.119174910931243,65.5979345096811],[22.119076983861472,65.5975783939557],[22.12041741802708,65.597695690155],[22.1207009848091,65.59714126214047],[22.121610921988648,65.59727880377213],[22.12275540115722,65.59668385189389],[22.12361634026218,65.59664332512094],[22.123518358276886,65.59628721278415],[22.124379282827327,65.596246681818],[22.12466275046961,65.59569224733377],[22.12595410343898,65.59563143962787],[22.126618962731904,65.59487867518781],[22.128722115123306,65.59459924170109],[22.129866313597987,65.59400423881854],[22.129768258083708,65.59364813121508],[22.134502761771298,65.5934249607934],[22.138708604019694,65.5928658503538],[22.140479265065,65.59296266346009],[22.14249550275349,65.59394970038832],[22.146050623595336,65.5894529979136],[22.14686214547571,65.58923429431748],[22.14742796804036,65.58812535139685],[22.1496165908695,65.5865789763374],[22.148793185884205,65.58517494011913],[22.145584914551428,65.58460505727321],[22.142671342654165,65.58510339964688],[22.140335170237336,65.5861155277429],[22.13459434997395,65.58584530209366],[22.1346924360499,65.58620140631106],[22.132971287075925,65.5862825737825],[22.132639058054075,65.58665896840769],[22.13053658919071,65.58693844971536],[22.129441719593935,65.58771150876308],[22.129588756821267,65.58824567093411],[22.128297780451557,65.58830650600082],[22.12715378916223,65.58890149510071],[22.125432433346585,65.58898257894555],[22.124473790540925,65.58866700162656],[22.125089544100373,65.58773618903497],[22.124512290821457,65.58722228783951],[22.12317238347756,65.58710502279415],[22.12393506083562,65.58670838422034],[22.12378815006975,65.58617421534913],[22.12584165284578,65.5857167719603],[22.126838575989197,65.58458762832596],[22.12606544267386,65.58336151155783],[22.12692593508157,65.5833209702576],[22.127922724550217,65.58219182074333],[22.12992683942472,65.5815562709918],[22.12948586357208,65.57995378361433],[22.13114674381144,65.57807184015724],[22.13453893464085,65.57773148514956],[22.13549728516747,65.57804700165109],[22.139749691797682,65.57766593780087],[22.140708101300937,65.57798142078167],[22.14199853090439,65.5779204852633],[22.142907894675574,65.578057904606],[22.14425908950556,65.57979775595376],[22.150625374701033,65.58075947466178],[22.151485734933495,65.58071879519431],[22.152051194018224,65.57960983841691],[22.15291151358687,65.57956915124527],[22.158798677154333,65.5803728236667],[22.15965900920349,65.58033209806935],[22.160322516561788,65.57957919879503],[22.160900292273208,65.5800929585663],[22.162670147996824,65.58018952024082],[22.162817815495846,65.58072364409837],[22.165779735187375,65.58040296318147],[22.16611140492961,65.58002650131849],[22.168593794115132,65.5795481081489],[22.16970042074298,65.58039752052214],[22.169404814598003,65.57932928868658],[22.171116836575585,65.57886733871374]],[[22.17824493850767,65.55618252136411],[22.17781518885831,65.55620293351413],[22.177765919064573,65.55602489753713],[22.17824493850767,65.55618252136411]],[[22.168212892263615,65.55611757499862],[22.17084064709525,65.55617328567914],[22.17088986993889,65.55635132436191],[22.16831130255155,65.55647365439802],[22.168212892263615,65.55611757499862]],[[22.170312452920314,65.55583759911119],[22.17074220363317,65.55581720824325],[22.17079142499335,65.55599524697291],[22.170312452920314,65.55583759911119]],[[22.168544534069653,65.57937006911567],[22.16811439269102,65.57939045750949],[22.168065136282294,65.57921241828511],[22.168544534069653,65.57937006911567]],[[22.167007862027763,65.57854103262316],[22.16657773288941,65.57856141653753],[22.16652848887589,65.57838337669304],[22.167007862027763,65.57854103262316]],[[22.166196844870864,65.57875983922673],[22.165766711353424,65.57878022088114],[22.165717472384628,65.5786021807249],[22.166196844870864,65.57875983922673]],[[22.165385813910987,65.57897864162214],[22.164955676014532,65.57899902101659],[22.164906442090675,65.57882098054863],[22.165385813910987,65.57897864162214]],[[22.164574769148054,65.5791974398093],[22.164144626872623,65.57921781694368],[22.16409539799395,65.57903977616404],[22.164574769148054,65.5791974398093]],[[22.152667174461047,65.55974003979713],[22.152863606307942,65.56045222244063],[22.150284531335384,65.56057425040534],[22.154091801831843,65.55859039558567],[22.154951423859742,65.55854970353657],[22.154853186588785,65.55819361380065],[22.156093470552445,65.55795452323369],[22.156621528470172,65.5582902606985],[22.157481135835766,65.5582495544315],[22.16163163698622,65.55751182365728],[22.161779128225998,65.55804595033655],[22.16005994015881,65.5581274065264],[22.160158248245843,65.55848349220102],[22.161017855316615,65.558442765862],[22.161165340337075,65.55897689319445],[22.155860168450594,65.55868705113504],[22.152667174461047,65.55974003979713]],[[22.156425013627505,65.5575780837154],[22.157714388898803,65.55751702450301],[22.160906904602154,65.5564639340272],[22.161815605126613,65.556601246317],[22.157812662172258,65.55787311203777],[22.156093470552445,65.55795452323369],[22.156425013627505,65.5575780837154]],[[22.162405600305565,65.55873775116603],[22.16250394320928,65.55909383497988],[22.16341274432338,65.55923113671214],[22.162172470801234,65.55947028711822],[22.161263667388685,65.55933297796574],[22.161165340337075,65.55897689319445],[22.162405600305565,65.55873775116603]],[[22.15645010751403,65.5671365372582],[22.15473029966627,65.56721793891192],[22.154386354750127,65.56597162525495],[22.157015090764972,65.56602756639582],[22.15645010751403,65.5671365372582]],[[22.14332032657153,65.5621661048162],[22.14036017078354,65.56248632988556],[22.142313439600503,65.56167258321355],[22.143652106448418,65.5617896910046],[22.14332032657153,65.5621661048162]],[[22.139070500707188,65.56254724417066],[22.13864060920384,65.5625675465063],[22.138591592476256,65.56238949538829],[22.139070500707188,65.56254724417066]],[[22.128957695052843,65.5796179526882],[22.1289087058041,65.57943989820568],[22.129769063305368,65.5793993420537],[22.128957695052843,65.5796179526882]],[[22.12847852594504,65.57946017446058],[22.127618164010286,65.57950072332827],[22.127569184185074,65.57932266832226],[22.12847852594504,65.57946017446058]],[[22.12713900500436,65.5793429407683],[22.126708825084904,65.57936321200032],[22.126659851788204,65.57918515663764],[22.12713900500436,65.5793429407683]],[[22.126229674024916,65.57920542648887],[22.125369316282455,65.5792459625492],[22.125320352409034,65.57906790666328],[22.126229674024916,65.57920542648887]],[[22.12307156302076,65.57881311122686],[22.12393191077878,65.57877258830692],[22.123980864490658,65.57895064473925],[22.12307156302076,65.57881311122686]],[[22.123980864490658,65.57895064473925],[22.124890175324836,65.5790881727057],[22.12402981894095,65.57912870114838],[22.123980864490658,65.57895064473925]],[[22.12264138803427,65.57883337086577],[22.12178103584656,65.5788738865014],[22.121732097347294,65.57869582921285],[22.12264138803427,65.57883337086577]],[[22.119483372599838,65.57844097991072],[22.120343714799233,65.57840047741496],[22.120392643137727,65.57857853524966],[22.119483372599838,65.57844097991072]],[[22.120392643137727,65.57857853524966],[22.121301923041045,65.57871608504301],[22.12044157221424,65.57875659306117],[22.120392643137727,65.57857853524966]],[[22.119053200393243,65.57846122933753],[22.118192853766477,65.57850172454899],[22.118143940640213,65.57832366585852],[22.119053200393243,65.57846122933753]],[[22.117713769115028,65.57834391147667],[22.117283596852108,65.57836415588076],[22.117234690253323,65.57818609683407],[22.117713769115028,65.57834391147667]],[[22.1168045201476,65.57820633985763],[22.115944177723303,65.57824682226261],[22.115895280546773,65.5780687626934],[22.1168045201476,65.57820633985763]],[[22.114674195368913,65.59742473307169],[22.114194775814813,65.59726691210555],[22.114625263416116,65.59724667346191],[22.114674195368913,65.59742473307169]],[[22.11495788278988,65.59687031464702],[22.115818842701263,65.5968298319503],[22.11548623640291,65.59720619252921],[22.114625263416116,65.59724667346191],[22.11495788278988,65.59687031464702]],[[22.092867167034143,65.60854823781266],[22.092436472004792,65.60856841665158],[22.092387667008662,65.60839034869032],[22.092867167034143,65.60854823781266]],[[22.091916694702114,65.60985524809011],[22.09186789035291,65.60967717995814],[22.092298604274912,65.60965700255446],[22.091916694702114,65.60985524809011]],[[22.090451285371312,65.5949545136897],[22.09088175695595,65.5949343426077],[22.090930521218674,65.59511241146852],[22.090451285371312,65.5949545136897]],[[22.090069571514057,65.59515275274924],[22.090500046734366,65.59513258271646],[22.090548808833432,65.59531065172023],[22.090069571514057,65.59515275274924]],[[22.06145102093719,65.61650933515816],[22.061881876437024,65.61648924278488],[22.061930490830818,65.61666732232861],[22.06145102093719,65.61650933515816]]],[[[22.69144169592879,65.49599173297906],[22.69300494587097,65.49563486731641],[22.692471265146953,65.49530107507407],[22.69133030949003,65.49561540610884],[22.69144169592879,65.49599173297906]]],[[[22.359092590616605,65.84175730409956],[22.357687224123318,65.84146429441824],[22.35789191953173,65.84217612616993],[22.358862976556033,65.84249010423915],[22.359680489686795,65.84227020451402],[22.359092590616605,65.84175730409956]]],[[[22.356252641814418,65.83034701878987],[22.35663565223552,65.83014809881546],[22.3562015063805,65.83016905995486],[22.356252641814418,65.83034701878987]]],[[[22.34051985316458,65.83381211797531],[22.341005114453246,65.83396916554602],[22.340954075799193,65.83379120068693],[22.34051985316458,65.83381211797531]]],[[[22.313195745370667,65.81058926778903],[22.311229556994498,65.81140533928632],[22.311866567070375,65.81209641678845],[22.312531175166843,65.81134284355622],[22.314317455920065,65.81143747479935],[22.314548117113148,65.81070473171157],[22.313195745370667,65.81058926778903]]],[[[22.251952484209227,65.69824320379594],[22.25253484680452,65.69875656890049],[22.253398930447638,65.69871527493495],[22.2531984707333,65.6980032632549],[22.251952484209227,65.69824320379594]]],[[[22.25190237918214,65.69806520032883],[22.251520449253235,65.69826384721762],[22.251952484209227,65.69824320379594],[22.25190237918214,65.69806520032883]]],[[[22.740148907293047,65.485999976845],[22.740201843101687,65.48617778578303],[22.740630050918597,65.48615578759598],[22.740148907293047,65.485999976845]]],[[[22.736323333843348,65.49359807042102],[22.736270406260324,65.49342026002226],[22.735842075057644,65.49344224714415],[22.736323333843348,65.49359807042102]]],[[[22.69718368310969,65.49506049463263],[22.69723634888604,65.49523832143335],[22.69766474863149,65.49521644306552],[22.69718368310969,65.49506049463263]]],[[[22.696815044818216,65.49381570629144],[22.69595828871587,65.49385945654015],[22.696010943236537,65.49403728388334],[22.696815044818216,65.49381570629144]]],[[[22.69648486950459,65.49563772878875],[22.695628053032163,65.49568147779527],[22.695680709739314,65.49585930523395],[22.69648486950459,65.49563772878875]]],[[[22.694613285179965,65.49519173842661],[22.69493638623589,65.49481421200511],[22.693598555603124,65.49470199184516],[22.692952307908104,65.49545703875022],[22.694613285179965,65.49519173842661]]],[[[22.69392166584486,65.49432446749996],[22.693974307645973,65.49450229568637],[22.69440269862909,65.49448042666032],[22.69392166584486,65.49432446749996]]],[[[22.54612581271479,65.52579805044486],[22.547035314736465,65.52593304069718],[22.546983597331508,65.52575515221403],[22.54612581271479,65.52579805044486]]],[[[22.619813425464788,65.56631611447625],[22.619383938830257,65.56633777683541],[22.619436247598134,65.56651563443273],[22.619813425464788,65.56631611447625]]],[[[22.61933163085012,65.56615991921218],[22.619708804535037,65.56596039955957],[22.618472660975165,65.56620323994431],[22.61933163085012,65.56615991921218]]],[[[22.61502930584046,65.60193435604515],[22.614599226523204,65.60195601089018],[22.614651588966094,65.60213386963538],[22.61502930584046,65.60193435604515]]],[[[22.573156736548167,65.47824046785499],[22.573584822807987,65.47821895096698],[22.57353303882827,65.47804107229938],[22.573156736548167,65.47824046785499]]],[[[22.57215166885515,65.48821744984399],[22.572203467783666,65.48839532884145],[22.572631721189317,65.48837381293576],[22.57215166885515,65.48821744984399]]],[[[22.570446901215217,65.47639135583282],[22.570498660273426,65.47656923581329],[22.570926721835306,65.47654772671466],[22.570446901215217,65.47639135583282]]],[[[22.551863276908847,65.54103200253891],[22.55143413872907,65.54105346860757],[22.551485923086098,65.54123135489826],[22.551863276908847,65.54103200253891]]],[[[22.536508811423307,65.58258612316804],[22.536560593487764,65.58276401461788],[22.536990433691656,65.58274258361345],[22.536508811423307,65.58258612316804]]],[[[22.531310085556935,65.51372479084884],[22.53125850441321,65.51354689561465],[22.53082979735275,65.51356829885611],[22.531310085556935,65.51372479084884]]],[[[22.529920809142105,65.51343320592963],[22.53034951488502,65.51341180527922],[22.53029794102842,65.5132339096433],[22.529920809142105,65.51343320592963]]],[[[22.53040108951692,65.51358970088978],[22.530778219852632,65.51339040342104],[22.53034951488502,65.51341180527922],[22.53040108951692,65.51358970088978]]],[[[22.483994972897754,65.62417410006343],[22.484098018751308,65.62452992398076],[22.484528601563422,65.62450863438255],[22.483994972897754,65.62417410006343]]],[[[22.446556156257763,65.67762898331132],[22.447039054333313,65.67778571693871],[22.446987657799934,65.67760779116193],[22.446556156257763,65.67762898331132]]],[[[22.471117932429017,65.6747965827595],[22.471169487824703,65.67497449878985],[22.47160092092121,65.6749532374299],[22.471117932429017,65.6747965827595]]],[[[22.44128216755481,65.55013108240112],[22.44085277060432,65.55015223741874],[22.44090382243029,65.55033016868542],[22.44128216755481,65.55013108240112]]],[[[22.42109977520038,65.7867824120235],[22.42153312702474,65.78676127406726],[22.421481645112145,65.78658334050901],[22.42109977520038,65.7867824120235]]],[[[22.42055032198367,65.79095943665571],[22.42011689864881,65.79098057251284],[22.420168381699963,65.79115850652025],[22.42055032198367,65.79095943665571]]],[[[22.412103521271025,65.81952015048562],[22.411669609026706,65.81954126706614],[22.411721102346583,65.81971920382036],[22.412103521271025,65.81952015048562]]],[[[22.407116029092037,65.54332989194003],[22.407065224247546,65.54315194683271],[22.406635908757117,65.54317300396795],[22.407116029092037,65.54332989194003]]],[[[22.406737513453358,65.54352889450362],[22.406686710722852,65.54335094924815],[22.406257391588884,65.54337200534603],[22.406737513453358,65.54352889450362]]],[[[22.393700204996705,65.65964574260187],[22.39413145928906,65.6596247029688],[22.394080468896345,65.65944675536124],[22.393700204996705,65.65964574260187]]],[[[22.366083555888146,65.69003937302375],[22.365651768072556,65.69006033823135],[22.365702635790893,65.69023829655782],[22.366083555888146,65.69003937302375]]],[[[22.363666799170453,65.67698549628737],[22.363768446335847,65.67734141512412],[22.364631601199424,65.67729949828721],[22.363666799170453,65.67698549628737]]],[[[22.36031803383443,65.83989384347262],[22.36042040886607,65.84024975736024],[22.36128903170391,65.8402078066878],[22.361186644857785,65.83985189349536],[22.36031803383443,65.83989384347262]]],[[[22.36162094920035,65.83983091666569],[22.361135452603882,65.83967393686211],[22.361186644857785,65.83985189349536],[22.36162094920035,65.83983091666569]]],[[[22.361264275608423,65.84165243580965],[22.360829940168998,65.84167341192261],[22.360881135089492,65.84185136863177],[22.361264275608423,65.84165243580965]]],[[[22.35801541951818,65.83188575488631],[22.359317936284388,65.83182285153545],[22.359266776135556,65.83164489396455],[22.35801541951818,65.83188575488631]]],[[[22.358091529182545,65.83061908238334],[22.357657376808827,65.83064004772429],[22.357708523431807,65.83081800596432],[22.358091529182545,65.83061908238334]]],[[[22.35753009736312,65.83172876195042],[22.357964268224116,65.83170779679435],[22.357913117708602,65.83152983867768],[22.35753009736312,65.83172876195042]]],[[[22.357606230964308,65.83046208945954],[22.35717208076346,65.83048305339994],[22.357223223656664,65.83066101183836],[22.357606230964308,65.83046208945954]]],[[[22.355256966548065,65.83147765098484],[22.35747894979919,65.8315508036601],[22.356406052785978,65.83088089514685],[22.35510357513508,65.83094377328729],[22.355256966548065,65.83147765098484]]],[[[22.357120938648656,65.8303050949369],[22.356686790620703,65.8303260574768],[22.356737929784217,65.83050401611351],[22.357120938648656,65.8303050949369]]],[[[22.35083698998832,65.73786968237744],[22.350404388632736,65.73789061217646],[22.35045526468559,65.73806857549694],[22.35083698998832,65.73786968237744]]],[[[22.350737339104413,65.83873237527165],[22.349868745420338,65.83877426566295],[22.34991985760431,65.83895222683542],[22.350737339104413,65.83873237527165]]],[[[22.34900014862353,65.83881615114467],[22.349051254900225,65.83899411266422],[22.349485556641348,65.83897317036352],[22.34900014862353,65.83881615114467]]],[[[22.34828458566351,65.83019022667612],[22.348718739617787,65.83016928796768],[22.34866765669053,65.82999132610857],[22.34828458566351,65.83019022667612]]],[[[22.34800366666941,65.83074505062798],[22.347569502305596,65.83076598740291],[22.34762057948805,65.83094394968384],[22.34800366666941,65.83074505062798]]],[[[22.34843783025578,65.83072411262611],[22.34838674794754,65.83054615066744],[22.34800366666941,65.83074505062798],[22.34843783025578,65.83072411262611]]],[[[22.347186411395143,65.83096488540522],[22.34723748640334,65.83114284783503],[22.34767165744796,65.83112191194022],[22.347186411395143,65.83096488540522]]],[[[22.344459059480776,65.79843958631919],[22.3448926824106,65.79841866357235],[22.344841701509434,65.79824069943776],[22.344459059480776,65.79843958631919]]],[[[22.34292843249346,65.79923512481064],[22.343362070297797,65.79921420627183],[22.343311098071442,65.79903624154298],[22.34292843249346,65.79923512481064]]],[[[22.34238013153749,65.70057035920868],[22.342329399641933,65.70039239177382],[22.341897416109962,65.70041329141816],[22.34238013153749,65.70057035920868]]],[[[22.339406922475288,65.70089460093261],[22.337577538539968,65.70062222078617],[22.338161640166717,65.70113524074026],[22.339076348651304,65.70127142989057],[22.339406922475288,65.70089460093261]]],[[[22.334574193762794,65.740820676258],[22.334624967770424,65.7409986458469],[22.335057636496487,65.7409777602295],[22.334574193762794,65.740820676258]]],[[[22.329216603212284,65.78510150724097],[22.32893570802374,65.78565629595347],[22.32980255356921,65.7856145413132],[22.33051684158766,65.78503887132489],[22.329216603212284,65.78510150724097]]],[[[22.330950252834196,65.78501799023732],[22.33046599165415,65.78486090112585],[22.33051684158766,65.78503887132489],[22.330950252834196,65.78501799023732]]],[[[22.329165762100537,65.78492353652379],[22.32873235070426,65.7849444125409],[22.328783188875388,65.78512238343077],[22.329165762100537,65.78492353652379]]],[[[22.318701912819414,65.629548049816],[22.318651510154645,65.62937007124795],[22.31822068476566,65.62939089238164],[22.318701912819414,65.629548049816]]],[[[22.31832148505211,65.62974684983628],[22.318271084528206,65.62956887112111],[22.317840255475662,65.62958969121053],[22.31832148505211,65.62974684983628]]],[[[22.317941051480215,65.62994564895939],[22.317890653097283,65.62976767009712],[22.317459820381146,65.62978848914223],[22.317941051480215,65.62994564895939]]],[[[22.317079379481992,65.62998728617677],[22.317129772821477,65.63016526535752],[22.31756061210363,65.63014444718529],[22.317079379481992,65.62998728617677]]],[[[22.317230561784267,65.63052122364623],[22.31718016692224,65.63034324451404],[22.31674932397637,65.63036406164193],[22.317230561784267,65.63052122364623]]],[[[22.31685010865669,65.63072002022479],[22.3167997159359,65.6305420409455],[22.31636886932629,65.63056285702906],[22.31685010865669,65.63072002022479]]],[[[22.316469649723988,65.63091881590613],[22.316419259144514,65.63074083647973],[22.31598840887112,65.63076165151888],[22.316469649723988,65.63091881590613]]],[[[22.31608918498602,65.63111761069014],[22.316038796547975,65.63093963111668],[22.315607942610765,65.63096044511144],[22.31608918498602,65.63111761069014]]],[[[22.31570871444268,65.63131640457685],[22.315658328146128,65.63113842485627],[22.315227470545068,65.63115923780663],[22.31570871444268,65.63131640457685]]],[[[22.315328238093855,65.63151519756622],[22.315277853938884,65.63133721769857],[22.314846992673942,65.63135802960448],[22.315328238093855,65.63151519756622]]],[[[22.31263275370253,65.81169879700815],[22.3130666307771,65.81167796230099],[22.313015838175247,65.81149998575972],[22.31263275370253,65.81169879700815]]],[[[22.311349717889684,65.63134649964877],[22.310487986708036,65.63138810001747],[22.310538338170712,65.63156608179374],[22.311349717889684,65.63134649964877]]],[[[22.310846459816172,65.81160414617233],[22.31089723767916,65.81178212357598],[22.311331117843686,65.81176129377315],[22.310846459816172,65.81160414617233]]],[[[22.30956494311509,65.78243851035461],[22.309615643125532,65.78261648895197],[22.310049033991575,65.78259566746566],[22.30956494311509,65.78243851035461]]],[[[22.247168601757494,65.69991488755693],[22.245972534019117,65.70033278591362],[22.246072673883894,65.70068879740484],[22.24775090987346,65.70042827149526],[22.24831454735512,65.69931897531029],[22.24745043381441,65.69936024067596],[22.247168601757494,65.69991488755693]]],[[[22.170278399042985,65.58091124257874],[22.170376950617015,65.58126731919343],[22.17080712085759,65.58124692409966],[22.170278399042985,65.58091124257874]]],[[[22.151484700732876,65.59334471750516],[22.151472518439984,65.59172196612631],[22.14697230658022,65.59121314337777],[22.145250872459023,65.59129445301537],[22.14539825851024,65.59182859647379],[22.142593733771633,65.59430579807218],[22.142839324289124,65.59519604187358],[22.14547100945391,65.59525215505386],[22.151484700732876,65.59334471750516]]],[[[22.140450467578873,65.62921779816872],[22.140401286817195,65.62903974932637],[22.139970296825986,65.62906006594068],[22.140450467578873,65.62921779816872]]],[[[22.140068653278938,65.62941616393681],[22.140019474680887,65.62923811495044],[22.139588481039727,65.62925843051532],[22.140068653278938,65.62941616393681]]],[[[22.139686833165275,65.62961452879942],[22.13963765673093,65.62943647966902],[22.138775661405525,65.62947710748305],[22.139686833165275,65.62961452879942]]],[[[22.138874003389603,65.6298332063897],[22.13882483202603,65.62965515694806],[22.137962827914507,65.62969578022944],[22.138874003389603,65.6298332063897]]],[[[22.13806115975666,65.6300518797586],[22.138011993464087,65.62987383000569],[22.137580987386805,65.62989413998841],[22.13806115975666,65.6300518797586]]],[[[22.136768130574755,65.63011280655807],[22.136817288888988,65.6302908567895],[22.137679314900815,65.6302502398055],[22.136768130574755,65.63011280655807]]],[[[22.12996504789356,65.58011155851028],[22.13039523711532,65.58009127794612],[22.13034623696472,65.57991322403362],[22.12996504789356,65.58011155851028]]]]}},{"type":"Feature","properties":{"cyano_daymap_file_id":2763,"date":"2004-06-02Z","cloud":null,"sub_surfac":null,"surface":null,"no_data":null,"class":1,"color_hex":null,"algae_class":"class_1","source_date":"2004-06-02"},"geometry":{"type":"MultiPolygon","coordinates":[[[[22.090267810000004,65.52226691000001],[22.115732852608563,65.52106738534822],[22.116743068714694,65.5208547264805],[22.116645523590652,65.52049860522938],[22.118313614270665,65.5202396041305],[22.118167269724403,65.51970542400424],[22.119357306053004,65.51928858825424],[22.118684193867814,65.5184185287383],[22.119825376221275,65.51782363008752],[22.118810840633518,65.5157071535162],[22.119337538191267,65.51604303415449],[22.12153204467732,65.51611987907164],[22.123004587515787,65.5151485942165],[22.123569998104625,65.5140397435493],[22.12485731665054,65.51397898385126],[22.126339921410576,65.51463044153533],[22.126573731095487,65.51389795397503],[22.127383103904037,65.51367937514662],[22.128338970284783,65.51399496100497],[22.13139689006933,65.51370586178656],[22.13074822,65.51134226],[22.15220011,65.51032718],[22.154753318255015,65.51959919316904],[22.1569521337494,65.52003607468797],[22.156670090317697,65.5205905561774],[22.15509382600312,65.52083575204291],[22.155559244813354,65.5225259272682],[22.157025673064485,65.5234596224485],[22.15888978924189,65.52391235511878],[22.159564386755203,65.52478222113724],[22.156438314946715,65.5257182833312],[22.15710291,65.52813177],[22.17856736,65.52711283000001],[22.17610783,65.51821099],[22.197563230000004,65.51718944],[22.195098359999996,65.50828794999998],[22.215857938945902,65.507295091397],[22.21592756810847,65.50694636423223],[22.2183032437978,65.50611118886022],[22.218056093284947,65.50522108228131],[22.21886440513326,65.5050020244076],[22.21871610872969,65.50446796111525],[22.21733068059574,65.50417346919377],[22.217611269190886,65.50361888894861],[22.21670415704996,65.50348189596936],[22.216555915203465,65.50294783001864],[22.21736417070679,65.50272878071354],[22.218271259658646,65.50286576996032],[22.21837010980484,65.5032218126048],[22.219227789068924,65.50318077464723],[22.21998659222238,65.50278369055495],[22.21983828809177,65.50224962843058],[22.221124753845658,65.5021880576954],[22.221025870900228,65.50183201717087],[22.22236176244319,65.50194845633273],[22.223549290252375,65.50153082578727],[22.223450377286383,65.50117478714131],[22.225594377860745,65.50107211300438],[22.22509971399201,65.49929192677465],[22.225957251554615,65.4992508520257],[22.22615513116025,65.49996292545434],[22.2278702433256,65.49988075875353],[22.228150565594156,65.49932616154724],[22.229436863818886,65.4992645217174],[22.22971714671662,65.4987099219898],[22.231003410158202,65.49864826916995],[22.23085490931382,65.49811421977361],[22.233905623950587,65.4981483397331],[22.23380658540747,65.49779230909134],[22.235614691282777,65.49770554951431],[22.23551181,65.49733591999998],[22.24275734885341,65.49698784060138],[22.243897706985393,65.49658646261551],[22.243798539527052,65.49623043978794],[22.245612530213425,65.4965040974436],[22.24765682332604,65.49604509399624],[22.24874444070288,65.49527125247664],[22.248545988835044,65.49455921426187],[22.249403326617827,65.49451800846485],[22.25091948439448,65.49372354782791],[22.25258445631207,65.49346309708095],[22.25311238390579,65.49379849922232],[22.256206251219616,65.49364967515872],[22.255921698528304,65.49262956974906],[22.252485184894667,65.49310708097202],[22.251479014930943,65.49261427838276],[22.249286218537794,65.49253930227326],[22.248659152251573,65.49184786683384],[22.253964856440383,65.4890672224899],[22.254896894894287,65.48895570630361],[22.254464559999995,65.48740581],[22.23303629,65.48843516],[22.225620869999997,65.46173251],[22.222451719918116,65.46188425257647],[22.221546173237158,65.4630239895406],[22.220261633036795,65.46308554498653],[22.220360328805064,65.46344158794544],[22.218318055098614,65.46390020244199],[22.21642368071117,65.46489285904899],[22.214661503983617,65.46479685019314],[22.213047244698814,65.46523489363628],[22.21281622758776,65.46596748730539],[22.210015699995044,65.46682303232927],[22.209307038622544,65.46739808377505],[22.208450512992282,65.46743905416082],[22.208351960977684,65.46708300202079],[22.207017917874463,65.46696642092905],[22.207116451216102,65.46732247412321],[22.205880918342093,65.46756193634351],[22.206506241563034,65.46825356635162],[22.205655156325395,65.46797277581102],[22.206675030000003,65.47165895],[22.17533327135938,65.47314837634802],[22.17518134386134,65.47425743508045],[22.176993120358436,65.47453193777677],[22.175855103339018,65.47512723697838],[22.17591741611945,65.476928016428],[22.176872480704766,65.47724330338319],[22.17520773270668,65.47750291772742],[22.17550218690576,65.47857115037593],[22.17464523175781,65.47861193321168],[22.173984545300595,65.47936486852025],[22.172748129339592,65.47960406823901],[22.172895317198176,65.48013818740615],[22.171560744275666,65.48002129828726],[22.171328451549588,65.48075384072673],[22.170752783221907,65.48024009983406],[22.16908778104147,65.48049964920776],[22.168561196159093,65.4801639406868],[22.168548400625404,65.47854119494963],[22.16464302043509,65.47854645973739],[22.163933043671076,65.47912131091317],[22.160554024115974,65.47946219683602],[22.160223470430914,65.4798386360785],[22.159366445028695,65.47987933292693],[22.16045606914763,65.47910610773677],[22.160358117122996,65.47875001854423],[22.15907263177758,65.47881106262652],[22.158546209065847,65.4784753176172],[22.158876770992364,65.4780988819597],[22.159733739002746,65.47805818844745],[22.15939097078324,65.47681187371754],[22.1576281596894,65.47671520551764],[22.154726764370746,65.47721366225572],[22.155057366903215,65.4768372345566],[22.153711175364148,65.47509742940115],[22.154996493408277,65.47503643256728],[22.154898634070733,65.47468033892034],[22.156611806481777,65.4740380597695],[22.120993430000002,65.47573072],[22.118559319999996,65.46682769],[22.1399753,65.46581468999999],[22.132662429999996,65.4391065],[22.14596445605511,65.43847551298529],[22.146595001417534,65.4380990380673],[22.146107137886965,65.43631852740019],[22.144298335857847,65.43604362519808],[22.14405449604578,65.43515336543715],[22.143150141149167,65.43501590429074],[22.14305262324598,65.43465979951279],[22.144763775703147,65.43457861426783],[22.146561230068727,65.43323074859629],[22.148223486231853,65.43297147417098],[22.14973931112881,65.43217803227009],[22.151022536328135,65.43211708963617],[22.151303851465435,65.43156262530911],[22.15222534883259,65.4314188509879],[22.151613990000005,65.4291893],[22.20031135219504,65.4268653689194],[22.200129623601573,65.42634929297398],[22.200935690684556,65.42613035284923],[22.206543547100498,65.42604234928656],[22.20644520899656,65.42568629368765],[22.207300374843413,65.42564534804804],[22.207958824693286,65.42489228878925],[22.20881396179816,65.42485133485069],[22.2102782667846,65.42387928101364],[22.211511716806843,65.42363980325703],[22.21131493047515,65.42292769954925],[22.212597529463153,65.42286623933207],[22.21249912359471,65.42251018834264],[22.214505154413626,65.42159046345337],[22.213298869999996,65.41722691999999],[22.191925980000004,65.41824989],[22.187024359999995,65.40044641],[22.1656639,65.40146554],[22.16322296,65.39256329],[22.120510809999995,65.39459169],[22.118085940000004,65.38568855],[22.09673426,65.38669783],[22.099151999999997,65.39560137999999],[22.07779138,65.39660805],[22.075380769999995,65.38770408999999],[22.054025469999996,65.38870735],[22.056391656292945,65.39746690255187],[22.058241272351935,65.39826187722369],[22.05712926633241,65.40019751337603],[22.057536609793573,65.40045905478358],[22.064987350539887,65.39920760013895],[22.067599211946686,65.39926525502757],[22.068694650110853,65.40011551303782],[22.06788822791533,65.40033374954209],[22.06784629953909,65.40177848436103],[22.066329656403934,65.40257111106199],[22.066715006617876,65.40399577351953],[22.065246367443386,65.4049664736335],[22.065059803050058,65.40587695915748],[22.06420501547206,65.40591709457115],[22.06434949543302,65.40645134538153],[22.062688027374325,65.40670968793653],[22.062405064001133,65.40726400267336],[22.063404368188607,65.4077581288187],[22.065541485277148,65.40765779111092],[22.067389480676468,65.40648892931087],[22.06867168005035,65.4064286971131],[22.071325998792418,65.40504154731575],[22.074648510309554,65.40452465761196],[22.075551465944248,65.40466254291239],[22.07579264035748,65.40555293909054],[22.074937883189968,65.40559313506729],[22.07465519115822,65.40614747016139],[22.073800412528858,65.40618765989664],[22.074420717756535,65.40687988451965],[22.073614139833506,65.40709815315452],[22.07342785594152,65.408008646281],[22.07176638509915,65.4082670889111],[22.068780718201985,65.41003049321151],[22.068208675184184,65.40951632676585],[22.06574032103132,65.40999294133033],[22.063127390457858,65.40993526459714],[22.061989463509374,65.4105297046914],[22.061134518746243,65.41056982421595],[22.061230816988395,65.41092599359031],[22.06013153945508,65.41131184079448],[22.061241339999995,65.41542029],[22.039862839999998,65.41642176],[22.04226459,65.42532637],[22.06365024,65.42432449],[22.066060939999996,65.43322862999999],[22.000088108757215,65.43630046653466],[21.999791448734353,65.43687821133598],[22.001218720461125,65.43735285932377],[22.002074648945637,65.43731307013636],[22.001931232373735,65.43677874986288],[22.00278714080787,65.43673895682582],[22.00378649730473,65.43723347727922],[22.004974724186063,65.43681755875313],[22.00711447908782,65.43671802405571],[22.007210159573926,65.43707423363658],[22.004977201229504,65.43844041328194],[22.004788360286714,65.43935084533909],[22.0036478401997,65.43994486956484],[22.002791828671167,65.43998466846915],[22.002935283992418,65.44051898752875],[22.001318835507618,65.44095478670675],[22.00184248497694,65.44129110535333],[22.0006062012523,65.44152889441229],[22.001749150028168,65.44255774813439],[22.00051280615159,65.44279553699988],[22.000608423741678,65.44315175133607],[21.997661820952732,65.44509193660065],[21.99870921244047,65.4457645965262],[22.00127782725794,65.4456452491724],[22.002229678475604,65.44596167002747],[22.005747640866367,65.44453580733682],[22.006651649190438,65.44467409510968],[22.0077497940133,65.44714764734495],[22.006752596556446,65.44827601052525],[22.00594417578737,65.44849393457854],[22.00523398414962,65.45069091862887],[22.003712652136024,65.45148295948299],[22.004284404057238,65.45199737293446],[22.00309548905108,65.45241329251718],[22.003239032841282,65.45294761034562],[22.004667259184384,65.45342221647277],[22.005523706315152,65.45338240276817],[22.005711489023067,65.4540811112554],[22.00666102,65.45403702999998],[22.008571893445325,65.45504397201337],[22.011473787778055,65.4545483184499],[22.011096377373413,65.45636919554786],[22.013049054121147,65.45717999932963],[22.01390560870911,65.45714013705046],[22.01490597324777,65.45763457405639],[22.02018924881906,65.45792956207687],[22.02038115565298,65.458641959134],[22.02123774455594,65.45860205493294],[22.021525660844322,65.45967064787871],[22.02052861538107,65.46079910038769],[22.022529916270855,65.46178787447377],[22.021418769078874,65.4623664558358],[22.030473550000004,65.46194475],[22.031230542519623,65.46474921580099],[22.031437294483386,65.46425798516395],[22.03229404671972,65.46421801667944],[22.0326305650865,65.46546467777998],[22.03391574828172,65.46540471255132],[22.035340748768316,65.46425618229014],[22.036245592173312,65.46439428474433],[22.03448840866061,65.46591900274808],[22.03468077534176,65.46663137712783],[22.033872036273866,65.46684945373177],[22.034160577867006,65.46791801645196],[22.032416301749517,65.46914215380532],[22.03287715,65.47084948],[22.031927083568903,65.47089373055748],[22.03217119912542,65.47179791318452],[22.030457195126754,65.47187784867401],[22.028506926340654,65.47269012411788],[22.024173679337185,65.47271172693237],[22.022555634722394,65.47314776866006],[22.017080653932137,65.473763337831],[22.014889942235925,65.47368494137817],[22.013936912751856,65.47336861176152],[22.013825680801023,65.47173682651108],[22.011452080000005,65.47184738],[22.01385032,65.48075247],[22.03528257,65.47975415999998],[22.03768979,65.48865878],[22.016250349999993,65.48965749999999],[22.018316538592465,65.49730640053541],[22.02103653973131,65.49648167983247],[22.022752191276332,65.49640183552216],[22.022944509171097,65.49711422501169],[22.022086661825515,65.49715415089727],[22.021373023071263,65.49772836578758],[22.02166146556118,65.49879695286694],[22.018848806974223,65.49927682468983],[22.019084280056617,65.50014853126714],[22.020566882002957,65.49956922267984],[22.022711700077124,65.49946941849694],[22.023854305896464,65.49887523075547],[22.02371003606066,65.4983409398426],[22.024567919353128,65.49830100440295],[22.026043155669218,65.49733063861026],[22.026901001504648,65.49729069028801],[22.02680478642462,65.49693449862833],[22.028139648297017,65.49705266340244],[22.028761047068347,65.49774506447551],[22.024904599387327,65.4995476805889],[22.025000800194174,65.49990387358115],[22.026335807532732,65.50002205289157],[22.026528255261628,65.50073443654712],[22.02538563236452,65.50132864464454],[22.025481847643476,65.50168483718394],[22.02462385498247,65.50172477885042],[22.0243391600054,65.50227903798236],[22.023148325480086,65.50269513352765],[22.02324451634573,65.5030513277166],[22.024102555097535,65.50301139343887],[22.02386593801338,65.50374374863375],[22.02477210639921,65.5038819071026],[22.02691725896827,65.50378204007673],[22.028440836495424,65.50298974452056],[22.029298863632246,65.50294978086578],[22.029968585478223,65.50382026989111],[22.028493143517835,65.50479067586184],[22.0287338315125,65.50568115067679],[22.02754291663614,65.5060972815795],[22.026307889522602,65.50795814510055],[22.02130455548666,65.50836785160774],[22.023761257083983,65.51746240678611],[22.02585491647694,65.51753704842689],[22.02680973154839,65.51785328561391],[22.0297181875417,65.51735721920784],[22.029621844773263,65.51700103065652],[22.03043215389012,65.5167829619598],[22.030957751120166,65.51711916056165],[22.03396244149545,65.51697920128069],[22.034058843356686,65.51733538650393],[22.033200352490823,65.51737538158228],[22.03334494343102,65.517909660232],[22.03420345158993,65.51786966416856],[22.034107045375563,65.51751347908149],[22.035013747612275,65.51765157105667],[22.034444479823453,65.51876012648891],[22.035780496325447,65.51887821275011],[22.037309434950824,65.51970865242643],[22.038452563793193,65.51911434954512],[22.039836860073265,65.51941049041248],[22.04365202059756,65.5190522137253],[22.04441399537254,65.51865598187082],[22.043979547947252,65.51705318370644],[22.044922329999995,65.51537230999999],[22.04650129433385,65.51513208914578],[22.045830712610936,65.51426168171696],[22.046592517593723,65.51386544048434],[22.046447682763905,65.51333117680575],[22.048781211132052,65.51232052101129],[22.050594406252202,65.5125965256257],[22.050497800079295,65.51224035287929],[22.05402180252106,65.51081330879119],[22.053490291390833,65.50885437159334],[22.052106414257256,65.50855835162774],[22.05229396689076,65.50764787381048],[22.05553318951152,65.50677510638056],[22.055629839912854,65.50713127551175],[22.056487952709197,65.50709115675097],[22.056016470602327,65.50855595112432],[22.057303707807247,65.50849576721617],[22.057491078201195,65.50758528469858],[22.0622044419772,65.50574169800171],[22.06196261294947,65.50485128749257],[22.063104536552,65.5042568097773],[22.064820542748908,65.50417648465314],[22.06682034837032,65.50354181016569],[22.067346131353293,65.50387788056409],[22.06863310662089,65.50381760272481],[22.068729922327947,65.50417376190553],[22.069636328412557,65.50431164919512],[22.069497816444848,65.5054002218],[22.0675947480826,65.50639109233435],[22.067933606575902,65.50763765144255],[22.069940364479514,65.50862574394466],[22.069179069780738,65.50902209789152],[22.069372765573117,65.50973441482745],[22.067801656223157,65.51034903438439],[22.068043745695565,65.51123943299511],[22.067185518105422,65.51127961842859],[22.067282347475068,65.51163577837245],[22.068189008121802,65.51177367188708],[22.06733076325266,65.51181385831008],[22.066617749893513,65.51238828055567],[22.067337388588843,65.51343666959937],[22.066049935872034,65.5134969409745],[22.066575917080172,65.51383301211132],[22.0654629595292,65.51441227301827],[22.066381539999995,65.51436934],[22.068274158935044,65.52132807986045],[22.06946856617429,65.52127216240775],[22.068301110522057,65.52142717486545],[22.068710061593606,65.52293079721113],[22.071815752834357,65.52350676949068],[22.074391606538935,65.52338610854568],[22.074585573192437,65.5240984160826],[22.07382391132481,65.52449479685527],[22.07253593148846,65.52455512848306],[22.072203559448923,65.52493139212396],[22.073159196878198,65.52524732878103],[22.072875310555222,65.5258016712496],[22.07435733248751,65.52645364382052],[22.074024964281985,65.52682991141717],[22.075936447029637,65.52746175367945],[22.08108886251854,65.52722024083626],[22.083900136815597,65.52636698521374],[22.091257534811657,65.5258921983963],[22.090267810000004,65.52226691000001]],[[22.136225508130956,65.50947391151574],[22.137034661761742,65.50925528314653],[22.136361241767446,65.50838530520552],[22.138604032781632,65.50863996143327],[22.1387018237028,65.50899606617497],[22.13789269248524,65.50921470324883],[22.13808826307658,65.5099269136925],[22.139375338175977,65.50986603277228],[22.13661657488004,65.51089833717336],[22.136225508130956,65.50947391151574]],[[22.123429380000005,65.48463369],[22.101997219999998,65.48564449999999],[22.099568449999992,65.47674111],[22.120993430000002,65.47573072],[22.123429380000005,65.48463369]],[[22.083718195570743,65.49824075487788],[22.08043581911852,65.49929657719761],[22.080573855650325,65.49820799907266],[22.081334667352415,65.49781159235494],[22.080331485191824,65.49731762309064],[22.080089132957525,65.4964272465355],[22.08165912505183,65.49581250996673],[22.08265475713144,65.49468366839507],[22.08198354151635,65.49381342723123],[22.08060016321923,65.49351766319087],[22.080357844379293,65.49262728670516],[22.081166967965768,65.49240895759485],[22.08140188591864,65.49167652919675],[22.082639746335715,65.49143806337253],[22.0856334687091,65.48967430837303],[22.08810889724078,65.48919730007819],[22.08839210315435,65.48864293533556],[22.089249548481362,65.48860263707613],[22.09111000857607,65.48905624000295],[22.09135265348901,65.48994659613663],[22.08978324083821,65.49056142784336],[22.08992880861796,65.49109564302479],[22.088739550412143,65.49151223987252],[22.088836584918013,65.49186838411178],[22.09012290920481,65.49180792961174],[22.08974265926832,65.49200615407575],[22.090317021465545,65.4925202158311],[22.08784915497732,65.49462006196309],[22.086659705060672,65.49503664427415],[22.086752954525487,65.49537893153455],[22.0933564092547,65.4950684259484],[22.09394970684332,65.49469402099957],[22.098506102901993,65.49482627866189],[22.098472297180475,65.49375986420806],[22.100236082623486,65.49385721324958],[22.10034305356298,65.49473990214156],[22.108197593666915,65.49438406006763],[22.107826527865576,65.49620511490359],[22.108684184946288,65.49616470433908],[22.11011668260727,65.4966382707606],[22.10892750802582,65.49705502560951],[22.107212133433826,65.49713584521542],[22.105394231226835,65.49808382584258],[22.106315842962882,65.5014558702231],[22.111236369201936,65.50073373079441],[22.111333751558206,65.50108985717667],[22.112620466652388,65.5010292074433],[22.111860048359993,65.50142576776682],[22.11200614041004,65.50195995653083],[22.115057279864914,65.50199647098914],[22.116441486503597,65.50229191159762],[22.116675483935104,65.50155943744113],[22.11677294411091,65.50191555956421],[22.118439854670985,65.50165656839701],[22.120828178476543,65.50244567607876],[22.12211493368374,65.50238494515133],[22.12188108345163,65.50311742629621],[22.122885266604786,65.50361111003284],[22.123470634789996,65.50574781186769],[22.121472084896165,65.50638322329033],[22.122720303197767,65.50776720179536],[22.121530837921085,65.50818405854612],[22.122057412530243,65.50851993092556],[22.120770355065936,65.50858066427683],[22.11944438413993,65.51008610434397],[22.117923222952886,65.51087929286145],[22.115875400860965,65.51133657484144],[22.115972894180402,65.51169269712324],[22.110394846255403,65.51195557912358],[22.10920499096478,65.51237234265169],[22.10748861177877,65.51245317507109],[22.105966945794364,65.513246248153],[22.104679610371594,65.51330684722248],[22.1047769599525,65.51366297809338],[22.103967391287895,65.51388143781608],[22.0984373637259,65.51432195074506],[22.097773609440416,65.51507458163043],[22.096915311198593,65.51511493644993],[22.0963402973086,65.51460090617641],[22.094477901148586,65.51414738639694],[22.09271275584495,65.51404998326063],[22.09208925992357,65.51335786566028],[22.086178528987254,65.5139961640811],[22.085036727130387,65.51459081478455],[22.084178421044598,65.51463109740057],[22.082704438097338,65.5156020179169],[22.081846094444064,65.51564228765741],[22.079991291233704,65.51681139077894],[22.07703541274581,65.51713033736205],[22.07626678951446,65.51590392292111],[22.075311464513998,65.51558800286527],[22.07434909328544,65.51364926987138],[22.076494818114757,65.51354869403436],[22.078017414640144,65.51275590862768],[22.077920433915253,65.51239975701763],[22.07877867834393,65.51235951050495],[22.0786816890187,65.51200335946388],[22.080536221674112,65.51083427493121],[22.079808744490776,65.50816314952418],[22.078376136537287,65.50768929705117],[22.07665995003637,65.50776977774336],[22.07632067323022,65.50652324221488],[22.077559279917374,65.50628481087804],[22.078223413127198,65.50553226502271],[22.08060349090859,65.50469921259148],[22.082110444024195,65.50066078709399],[22.084222365148815,65.50009099929272],[22.083718195570743,65.49824075487788]],[[22.092293079999997,65.45003061],[22.09471638,65.45893417000002],[22.073303919999997,65.45994071],[22.075721869999995,65.46884462999999],[22.05430042,65.46984857],[22.047799877914386,65.445820359391],[22.045993895398794,65.44590484423306],[22.04522900126838,65.44467823536307],[22.04598884573349,65.4442820156005],[22.04584448783832,65.44374774628704],[22.047144218613465,65.44339682000572],[22.047073500000003,65.44313542],[22.050745393590294,65.44296337079324],[22.052024034145635,65.44255686519288],[22.05330804030557,65.44249674625071],[22.05307160153997,65.44285437465199],[22.06847345,65.44213271],[22.070887779999996,65.45103673999999],[22.092293079999997,65.45003061]],[[22.2473095798028,65.49479902398951],[22.247738254175342,65.49477842515199],[22.24778786102709,65.49495643505547],[22.2473095798028,65.49479902398951]],[[22.24778786102709,65.49495643505547],[22.248266147993764,65.4951138445512],[22.247837468624528,65.49513444493515],[22.24778786102709,65.49495643505547]],[[22.243369837599737,65.49625102772153],[22.243320257860226,65.4960730161032],[22.243748956915944,65.49605242833844],[22.243369837599737,65.49625102772153]],[[22.219409464687082,65.50227014959069],[22.218980640539094,65.50229066954162],[22.218931213062948,65.50211264844953],[22.219409464687082,65.50227014959069]],[[22.17584187455306,65.47350449602577],[22.175989084097466,65.47403861199477],[22.17556068155475,65.47405900466963],[22.17584187455306,65.47350449602577]],[[22.170569515967447,65.48115068185184],[22.170140991875247,65.4811710603399],[22.170091944920582,65.4809930195882],[22.170569515967447,65.48115068185184]],[[22.16780223435926,65.48056076816816],[22.167373717324967,65.48058113873844],[22.167324690536535,65.48040309689107],[22.16780223435926,65.48056076816816]],[[22.157113280823914,65.48431517681728],[22.159060298037808,65.48350127408192],[22.158962345127815,65.48314518400737],[22.16010109406211,65.48255000500333],[22.163578527868747,65.48256521187068],[22.161962298254107,65.48300272824538],[22.162158287396412,65.48371490362901],[22.161252145999086,65.48357756850793],[22.160921553683433,65.48395400963986],[22.15877865089283,65.48405575584219],[22.158974562895207,65.48476793609863],[22.158166347757465,65.48498667279404],[22.157113280823914,65.48431517681728]],[[22.161448121011965,65.4842897449465],[22.16101953692089,65.48431009814621],[22.160970544934013,65.48413205390469],[22.161448121011965,65.4842897449465]],[[22.159672537205097,65.48257035411753],[22.159623558321208,65.48239230930895],[22.16005211230778,65.4823719603616],[22.159672537205097,65.48257035411753]],[[22.15902354273606,65.4849459811044],[22.159072523313064,65.48512402608687],[22.158643923320735,65.48514437270279],[22.15902354273606,65.4849459811044]],[[22.156829602139236,65.51643448125547],[22.158447963178396,65.51599699921029],[22.15859510633845,65.5165311325596],[22.156927676763235,65.51679057142107],[22.156829602139236,65.51643448125547]],[[22.154736467149853,65.49146236364788],[22.155544909684245,65.49124364310053],[22.155642852708493,65.49159973545962],[22.154736467149853,65.49146236364788]],[[22.155642852708493,65.49159973545962],[22.156120536805357,65.49175744227911],[22.155691825324926,65.4917777816042],[22.155642852708493,65.49159973545962]],[[22.15591258627044,65.48942250438361],[22.155483912868753,65.48944284274923],[22.155434946949562,65.4892647964683],[22.15591258627044,65.48942250438361]],[[22.155091259736455,65.49433144290684],[22.15466250508736,65.49435177973109],[22.154564562960747,65.49399568673712],[22.155091259736455,65.49433144290684]],[[22.153976972041374,65.49185912681496],[22.15440568646645,65.49183879232574],[22.15445465120058,65.49201683894734],[22.153976972041374,65.49185912681496]],[[22.15445465120058,65.49201683894734],[22.154932336105563,65.49217454951388],[22.15450361667083,65.49219488554567],[22.15445465120058,65.49201683894734]],[[22.15298455484478,65.49298840641119],[22.15174729785386,65.4932274423943],[22.15207813371808,65.49285101900402],[22.151073834695815,65.49235753027591],[22.14726419105071,65.4927184625162],[22.14630889671189,65.49240299067166],[22.1465908903987,65.49184852884203],[22.145684540752523,65.49171110239585],[22.145060218805607,65.49101921120621],[22.14634634368135,65.49095828015011],[22.147057020145056,65.49038350490636],[22.147914412875178,65.49034287432126],[22.148478280687147,65.48923394528106],[22.149335633064457,65.48919330702424],[22.14966645614019,65.48881688902301],[22.151381126149328,65.4887355945011],[22.151050328993644,65.48911201600436],[22.15190767254485,65.4890713632414],[22.152238456740456,65.48869493998724],[22.152385287558783,65.4892290825414],[22.153671303777298,65.48916809020406],[22.153732173775584,65.49096889252333],[22.154589573162262,65.49092822400358],[22.154687501751233,65.49128431712307],[22.153401384331133,65.49134531908992],[22.15264187184334,65.49174207571683],[22.15298455484478,65.49298840641119]],[[22.153855202583877,65.48825752263505],[22.154859390959082,65.48875099397536],[22.153671303777298,65.48916809020406],[22.153855202583877,65.48825752263505]],[[22.15434722084535,65.47741204233463],[22.153918742729164,65.47743237436313],[22.15382088723046,65.4770762799886],[22.15434722084535,65.47741204233463]],[[22.150179151737397,65.4938428887209],[22.15060790225334,65.49382256465474],[22.150656845615703,65.49400061271072],[22.150179151737397,65.4938428887209]],[[22.1497993381011,65.49404125996735],[22.150228092226303,65.49402093694356],[22.150277033451022,65.49419898514296],[22.1497993381011,65.49404125996735]],[[22.146289010223143,65.40059741163333],[22.147997930858654,65.40051621152953],[22.14796042295234,65.40196092430197],[22.145824152637022,65.40206242204322],[22.14506703707116,65.402459117539],[22.14444499264328,65.40176720098759],[22.14600788398699,65.40115186491853],[22.146289010223143,65.40059741163333]],[[22.13593223895434,65.5084055912969],[22.135883363331715,65.50822753784576],[22.136312363267503,65.50820725192087],[22.13593223895434,65.5084055912969]],[[22.134927623724014,65.5079119984279],[22.134498627337216,65.50793228038992],[22.13444976255191,65.5077542263698],[22.134927623724014,65.5079119984279]],[[22.130546514151067,65.42695588705003],[22.132928243729527,65.42774486821497],[22.133745367422076,65.42914905349441],[22.13294901617089,65.43099041369862],[22.131714468542555,65.43122925946976],[22.131909168487773,65.43194148691026],[22.130674566479502,65.4321803246997],[22.130771905139163,65.43253643923],[22.12915815232569,65.43297358075637],[22.126932007208083,65.4343414966246],[22.126076406840813,65.43438199078435],[22.1204856065691,65.43771258553863],[22.11801562133037,65.43819007160353],[22.11493266381673,65.43959826571528],[22.111937370911555,65.43973974258519],[22.110838812614016,65.43888982982018],[22.110498987936854,65.43764337543296],[22.11162784588727,65.43542578270268],[22.11128803798546,65.43417932988294],[22.110335343752055,65.43386360531014],[22.10905191906754,65.43392420378258],[22.108615217422255,65.43232161206956],[22.110793638813877,65.43077589360676],[22.112932411409325,65.43067486800477],[22.112116346452027,65.42927055976025],[22.111163824627518,65.4289548387241],[22.111203319771597,65.42751011631464],[22.107869859392267,65.42640504261222],[22.1057314113882,65.42650599328856],[22.10549766016591,65.42723844870389],[22.103932268782707,65.42785338877873],[22.102124472349455,65.42757797122323],[22.102737553640743,65.42664727359907],[22.1070057189097,65.42482263623135],[22.1086105048389,65.42276294341823],[22.108465014953417,65.42222874508117],[22.109553858500664,65.42145589436032],[22.109408358173816,65.42092169702748],[22.11087619708124,65.419950574829],[22.1117313551712,65.41991017117266],[22.110585169321556,65.41888218281835],[22.112480398859404,65.41789084642309],[22.114569586341503,65.4176117433317],[22.115997806638788,65.41808529591268],[22.119369580334048,65.41774547692563],[22.121973701280716,65.41617938981382],[22.12368372740217,65.41609845462413],[22.125112023615056,65.41657192014486],[22.125724046373687,65.41564113936317],[22.126540371225346,65.41704537163173],[22.127541245654978,65.4175390570242],[22.127832945769153,65.4186074097281],[22.126841991203193,65.41973650415544],[22.12527755280873,65.42035165646122],[22.12537476514589,65.4207077757478],[22.124237824336987,65.42130267572793],[22.123382644172572,65.42134315051753],[22.118406646470856,65.42374286785369],[22.115510280934515,65.42424052265271],[22.115228273468745,65.42479492694343],[22.113945306159813,65.4248555625929],[22.11404238483726,65.42521169046563],[22.11242878743225,65.4256486515486],[22.112622913619475,65.42636090947975],[22.113147669069022,65.42669683079731],[22.11400304286234,65.42665641216101],[22.114576369616163,65.4271703921174],[22.115061886778363,65.42895102756198],[22.11639361559664,65.42906844341641],[22.116490746376993,65.42942456918954],[22.119008524298735,65.42912517764101],[22.120865190717925,65.4295784513338],[22.120962384501542,65.429934573611],[22.122245580635578,65.42987387604487],[22.122148369699964,65.42951775476143],[22.124043900712746,65.42852627022255],[22.12489931384639,65.42848578941268],[22.125560222622926,65.42773306643862],[22.126843298180006,65.42767233093683],[22.127552766945392,65.42709765881148],[22.129166190601676,65.42666053764462],[22.131353202569944,65.42673731284118],[22.130546514151067,65.42695588705003]],[[22.132698517023353,65.45859780400912],[22.132747259094742,65.45877585987313],[22.132319065648662,65.45879612787408],[22.132698517023353,65.45859780400912]],[[22.132684883121286,65.42685458534116],[22.132733553782998,65.42703264196221],[22.132305878590937,65.42705290488082],[22.132684883121286,65.42685458534116]],[[22.131413943085814,65.45865860389205],[22.131744664644255,65.45828222600984],[22.13227032644266,65.45861807184401],[22.131413943085814,65.45865860389205]],[[22.132208543712846,65.42669679128385],[22.132257210786943,65.42687484809389],[22.13140186392862,65.42691536998294],[22.132208543712846,65.42669679128385]],[[22.106269877233547,65.49050703450901],[22.107984820546406,65.49042622975452],[22.10641578141654,65.49104123054921],[22.106181572790735,65.49177369093866],[22.10504118013239,65.49236847920304],[22.102565779105564,65.49284576454261],[22.102800097529325,65.49211330870668],[22.106269877233547,65.49050703450901]],[[22.100996466681565,65.49346071169485],[22.10013888394576,65.49350107792485],[22.100041688190963,65.49314494250802],[22.100996466681565,65.49346071169485]],[[22.092784497796213,65.49042033311694],[22.09235574899128,65.49044049313427],[22.092307210612415,65.4902624223531],[22.092784497796213,65.49042033311694]],[[22.0915548358967,65.49228167743846],[22.09198361563412,65.4922615193956],[22.092032156292138,65.49243959025465],[22.0915548358967,65.49228167743846]],[[22.091215091845807,65.49103517962425],[22.09164385146245,65.49101502273876],[22.091692387011967,65.4911930937587],[22.091215091845807,65.49103517962425]],[[22.09117459033837,65.49247990546166],[22.091603373680158,65.49245974846286],[22.091651912193417,65.49263781946426],[22.09117459033837,65.49247990546166]],[[22.090834861300443,65.491233406651],[22.091263624521055,65.49121325080952],[22.091312157925998,65.49139132197179],[22.090834861300443,65.491233406651]],[[22.090600212353092,65.49196584711699],[22.09102898780098,65.49194569182355],[22.091077521250366,65.49212376305921],[22.090600212353092,65.49196584711699]],[[22.090454625006444,65.49143163277608],[22.090883391831053,65.49141147797862],[22.090931923091336,65.49158954928323],[22.090454625006444,65.49143163277608]],[[22.090219963875867,65.49216407276737],[22.090648742927964,65.49214391851798],[22.09069727423254,65.49232198989604],[22.090219963875867,65.49216407276737]],[[22.0900743829637,65.49162985799944],[22.090503153392344,65.49160970424603],[22.090551682507886,65.49178777569298],[22.0900743829637,65.49162985799944]],[[22.057956867676584,65.49169320816745],[22.059098324854986,65.4910987650778],[22.05933385462332,65.49036636513664],[22.06095231434474,65.48992992564318],[22.061858182737822,65.49006786473637],[22.064044041317032,65.48852275110528],[22.06427941257291,65.48779034495679],[22.065040181411195,65.48739402061717],[22.066326351994608,65.48733377011662],[22.066990359963274,65.48658127463669],[22.06789614100539,65.48671917838416],[22.068179754549043,65.4861648476093],[22.0690855269009,65.48630274431201],[22.071083879721726,65.48566802723336],[22.072369948614554,65.48560772627357],[22.073510812802528,65.48501318000359],[22.075654192394346,65.48491263855846],[22.077603851511018,65.4840997605926],[22.078889825139193,65.48403940506076],[22.079221611803074,65.48366313216765],[22.083556541740553,65.48363993403149],[22.085602807657885,65.48318310457276],[22.08627384983388,65.48405333144309],[22.085465025728432,65.48427168502987],[22.08580438965637,65.48551819952354],[22.08499551675356,65.48573655106368],[22.085618125007834,65.48642870666225],[22.083336786768033,65.48761796960846],[22.083101953501004,65.4883504002339],[22.081864242462967,65.4885888684155],[22.08220350245292,65.48983539193154],[22.07844162091649,65.49037267076392],[22.07458973992107,65.49217651008287],[22.073303354174058,65.4922368329738],[22.072687805552587,65.49316743398104],[22.07149817180971,65.49358389874983],[22.07093093125367,65.49469257224644],[22.066745782360805,65.4968724804199],[22.0632180214323,65.49667698200865],[22.060403061221876,65.49590701361062],[22.059303693708028,65.49505673422297],[22.058445981101787,65.4950968651364],[22.05753400637926,65.49333608855665],[22.05819841332603,65.49258362794393],[22.057956867676584,65.49169320816745]],[[22.069704029125003,65.52053974723147],[22.069274764430972,65.5205598467102],[22.069226315818355,65.5203817677286],[22.069704029125003,65.52053974723147]],[[22.068472858397794,65.51121933846248],[22.068521281357707,65.51139741795106],[22.068092165775713,65.51141751264862],[22.068472858397794,65.51121933846248]],[[22.066771954576833,65.5033637298358],[22.06720093915509,65.50334364013763],[22.067249335826464,65.50352172030266],[22.066771954576833,65.5033637298358]],[[22.05820497741838,65.48140198214229],[22.05991950267097,65.48132172680879],[22.060160999430153,65.48221214403426],[22.058971650035026,65.48262850753383],[22.058736167837257,65.48336090652558],[22.056924940936245,65.48308498057307],[22.056780100944213,65.4825507266312],[22.05820497741838,65.48140198214229]],[[22.05992586221458,65.49574899976788],[22.059068128052708,65.49578913441779],[22.05901980439154,65.49561105091873],[22.05992586221458,65.49574899976788]],[[22.044126065820937,65.50316010359842],[22.04498406954939,65.50312005115877],[22.044887582129565,65.50276387365173],[22.0474132814656,65.50246560145739],[22.047322107286018,65.50373225033348],[22.046179839505193,65.50432661213502],[22.04675363670215,65.5048408446614],[22.044420681517686,65.50585146380092],[22.044517176342804,65.5062076415207],[22.042849198502388,65.5064658276921],[22.0421789768318,65.5055954005378],[22.044126065820937,65.50316010359842]],[[22.04555915836864,65.48920694319244],[22.04470161215523,65.4892469945276],[22.044605190405914,65.48889081614743],[22.045462725119556,65.48885076546931],[22.04555915836864,65.48920694319244]],[[22.045315231165834,65.44178875705595],[22.04474787639719,65.44289733403122],[22.042703980835157,65.4433535876329],[22.04293961554615,65.44262121180614],[22.045315231165834,65.44178875705595]],[[22.044758426109045,65.5070980854221],[22.044189780478714,65.50820667173402],[22.042285533413164,65.50919723490391],[22.041427325145587,65.50923727397986],[22.041567022410973,65.50814871591008],[22.044758426109045,65.5070980854221]],[[22.041602889899497,65.47298075221354],[22.042459908872317,65.47294072350425],[22.043889941167528,65.47341494103925],[22.04274888223249,65.47400926558093],[22.04332191292564,65.47452351866806],[22.04246484371691,65.47456355274855],[22.040558093556534,65.47393124210232],[22.041795512941796,65.47369311500164],[22.041602889899497,65.47298075221354]],[[22.04301431989269,65.51349140341051],[22.042585146265516,65.51351142628724],[22.042536895369704,65.51333333686925],[22.04301431989269,65.51349140341051]],[[22.03700613237902,65.46399810363059],[22.036577764567507,65.4640181017667],[22.03652966471227,65.46384000887174],[22.03700613237902,65.46399810363059]],[[22.033972600137336,65.46882847628521],[22.03354415048802,65.46884846659977],[22.03349606054404,65.46867037265527],[22.033972600137336,65.46882847628521]],[[22.03312966778014,65.50908312435537],[22.0316058894508,65.50987546900409],[22.03031851292511,65.50993543549282],[22.030458676859222,65.50884688326065],[22.031316892588833,65.50880690635955],[22.031649667117097,65.50843072869148],[22.033366063940033,65.50835075683126],[22.03312966778014,65.50908312435537]],[[22.01385767827487,65.45696203530639],[22.01428595162114,65.45694210251834],[22.014333884923346,65.45712020409901],[22.01385767827487,65.45696203530639]],[[22.011743587069763,65.44587983661184],[22.01193515764347,65.44659224773685],[22.011078944210468,65.44663209557892],[22.010746608823073,65.44700822409563],[22.00893839804745,65.44673169405577],[22.010079083278534,65.44613762832307],[22.011743587069763,65.44587983661184]],[[22.005782797723796,65.43659964318124],[22.005354848888857,65.4366195487509],[22.005307021893422,65.43644144325202],[22.005782797723796,65.43659964318124]],[[22.00227051330322,65.44127120898492],[22.00231833032132,65.44144931552921],[22.00189029913057,65.44146921206061],[22.00227051330322,65.44127120898492]]],[[[22.155036732419703,65.52062841585861],[22.155333499550547,65.5204735433556],[22.15499845835499,65.52048942303209],[22.155036732419703,65.52062841585861]]],[[[22.15232299270791,65.43177494627443],[22.151401467487766,65.43191872380196],[22.151596708318003,65.43263092050866],[22.15251828074566,65.4324871378946],[22.15232299270791,65.43177494627443]]],[[[22.06609834741436,65.51367502134308],[22.065669192171285,65.5136951095449],[22.06571760156173,65.5138731900555],[22.06609834741436,65.51367502134308]]],[[[22.06401091766464,65.50439473102784],[22.063581912873342,65.50441481186857],[22.06363028728159,65.50459289340269],[22.06401091766464,65.50439473102784]]]]}},{"type":"Feature","properties":{"cyano_daymap_file_id":2763,"date":"2004-06-02Z","cloud":null,"sub_surfac":null,"surface":null,"no_data":null,"class":1,"color_hex":null,"algae_class":"class_1","source_date":"2004-06-02"},"geometry":{"type":"MultiPolygon","coordinates":[[[[23.1297004,65.29818627999998],[23.130080553698843,65.29941137432748],[23.131027196681888,65.29811414102262],[23.1297004,65.29818627999998]]],[[[23.111218870000002,65.30822020000001],[23.11397011,65.3171028],[23.092723319999994,65.31825199999999],[23.089979089999996,65.30936891999998],[23.0474934,65.31165743],[23.04476524,65.30277335],[23.00228545,65.305049],[23.00499959,65.31393401],[22.962497669999998,65.31619865],[22.965199789999996,65.32508450999998],[22.922675769999998,65.32733813],[22.91998771,65.31845135],[22.856207750000003,65.32180801],[22.86154366,65.33958423],[22.840265609999996,65.34069804],[22.842929499999997,65.34958649999999],[22.8642146,65.34847223],[22.869562469999998,65.36624804],[22.890859679999995,65.36512986],[22.89354367,65.37401721],[22.8722394,65.37513584],[22.874918339999997,65.38402357999999],[22.832289669999994,65.38625276999998],[22.82962486999999,65.37736411999998],[22.850933139999995,65.37625147999998],[22.848263270000004,65.36736322],[22.7843537,65.3706908],[22.787002369999993,65.37958042],[22.76568815,65.38068407],[22.77097727,65.398464],[22.792305650000003,65.39735945],[22.80293605,65.43291671],[22.86699434,65.4295796],[22.87236412,65.4473551],[22.89372708,65.44623581],[22.896422090000005,65.455123],[22.93915615,65.45287449],[22.93644693,65.44398821999998],[22.979158659999992,65.44172861999999],[22.97643727,65.43284321],[22.99778299,65.43170937],[22.99505655,65.42282435],[23.03772769,65.4205486],[23.03498913,65.41166444],[23.048701550110568,65.41092918585953],[23.124164712355157,65.30751815434357],[23.111218870000002,65.30822020000001]],[[22.936146189999995,65.37177096999999],[22.938846309999995,65.38065733],[22.89622967,65.38290449],[22.89354367,65.37401721],[22.936146189999995,65.37177096999999]]]]}},{"type":"Feature","properties":{"cyano_daymap_file_id":2763,"date":"2004-06-02Z","cloud":null,"sub_surfac":null,"surface":null,"no_data":null,"class":1,"color_hex":null,"algae_class":"class_1","source_date":"2004-06-02"},"geometry":{"type":"MultiPolygon","coordinates":[[[[22.341700559999996,65.25766206999998],[22.33921645,65.24876313],[22.31798576,65.24980253],[22.315510519999997,65.24090309999998],[22.357956019999996,65.23882218],[22.3604453,65.24772076],[22.40289743,65.24562704999998],[22.40540261,65.25452471],[22.4266329,65.25347295],[22.414090570000003,65.20898616],[22.435283949999995,65.20793355999999],[22.432774079999994,65.19903644999998],[22.453958599999996,65.19798129],[22.45647546,65.20687798000002],[22.477665099999996,65.20581942],[22.475141249999997,65.19692316],[22.51750092,65.19479797],[22.51496497999999,65.18590251999998],[22.536135010000002,65.18483589],[22.531054839999996,65.16704566],[22.615660319999996,65.16275291],[22.61309523,65.15385944],[22.634234899999996,65.15277927],[22.629096520000004,65.13499301],[22.671342369999998,65.13282552],[22.668762169999997,65.12393316999999],[22.62653019,65.12609979],[22.62140322,65.10831316],[22.60029824,65.10939115],[22.597744529999996,65.1004973],[22.576644580000004,65.10157189],[22.570888909763827,65.08144100507265],[22.5562078378235,65.0819784364121],[22.5236222511317,65.0841381956597],[22.4989570328592,65.0864342959367],[22.461646758022702,65.07330318509109],[22.463591449999992,65.08021069999998],[22.430467230908217,65.0818636988695],[22.41365954065453,65.09172515726017],[22.46609801,65.08910733],[22.46860643,65.0980039],[22.44750218,65.09906028],[22.45251072,65.11685409],[22.43139075,65.11790836000002],[22.436392809999997,65.13570277999999],[22.39411952,65.13780412999999],[22.39910117,65.1556],[22.37794783,65.15664707],[22.380434459999996,65.16554533999997],[22.401594769999996,65.16449784999999],[22.404090219999997,65.17339563],[22.3617538,65.1754885],[22.36672232,65.19328559],[22.345537370000002,65.1943284],[22.34801741,65.20322728],[22.326823619999995,65.20426754],[22.321879369999998,65.18646888],[22.30069774,65.18750532],[22.303161950000003,65.1964051],[22.260779190000004,65.19846988],[22.25832898,65.18956926000001],[22.242554408465477,65.19033427064099],[22.23780475626308,65.1930117967767],[22.23958508,65.1994978],[22.22505475057322,65.20019937010005],[22.200591435281357,65.21399009903539],[22.202055259999998,65.21934826],[22.19006404784815,65.2199247135697],[22.181965743923975,65.22448997845393],[22.18326931,65.22927017],[22.204489909999996,65.22824995],[22.20692636,65.23715159],[22.24937615,65.23510136],[22.251828469999996,65.24400209999999],[22.29428501,65.24193909],[22.299223259999998,65.25973871],[22.341700559999996,65.25766206999998]],[[22.36920936,65.20218404],[22.37169824,65.21108243],[22.35049929,65.21212609],[22.34801741,65.20322728],[22.36920936,65.20218404]],[[22.352983019999993,65.22102485],[22.374188970000002,65.21998076],[22.37668156,65.22887903],[22.33425379,65.23096508],[22.329298500000004,65.21316678],[22.35049929,65.21212609],[22.352983019999993,65.22102485]]],[[[22.613726990000004,65.08163272],[22.631227383866165,65.08073651330777],[22.613429655627257,65.08059772820853],[22.613726990000004,65.08163272]]],[[[22.639938739999995,65.09833922999998],[22.70321581,65.09507993],[22.700629409999998,65.08618821],[22.716592355287453,65.08536141911198],[22.687722653553607,65.08294181426642],[22.6549815048834,65.0812580646165],[22.634885383716856,65.08081682924993],[22.639938739999995,65.09833922999998]]],[[[22.277058880000002,65.17963852],[22.29823536,65.17860548],[22.295774799999997,65.16970558],[22.31694247,65.16866998],[22.319410000000005,65.17756946],[22.34058282,65.17653047],[22.338108300000002,65.16763141],[22.359272299999997,65.16658985999999],[22.35679265,65.15769117],[22.37794783,65.15664707],[22.36801975,65.12105338],[22.36327396347411,65.12128753408618],[22.3200684113133,65.1466372251174],[22.27496987711122,65.17206066642702],[22.277058880000002,65.17963852]]],[[[22.405288140000003,65.10116416000001],[22.404200779056055,65.09727483020883],[22.396860133860475,65.10158175555458],[22.405288140000003,65.10116416000001]]]]}},{"type":"Feature","properties":{"cyano_daymap_file_id":2763,"date":"2004-06-02Z","cloud":null,"sub_surfac":null,"surface":null,"no_data":null,"class":1,"color_hex":null,"algae_class":"class_1","source_date":"2004-06-02"},"geometry":{"type":"Polygon","coordinates":[[[22.148615659999994,65.33914858],[22.146187470000005,65.33024593000002],[22.1887929,65.32821132],[22.186352369999998,65.31930943],[22.16505764,65.32032782],[22.162626010000004,65.31142547],[22.18391365,65.31040749],[22.17904169,65.29260343999998],[22.136492849999996,65.29463473],[22.13407371,65.28573179],[22.09153178,65.28775027],[22.08865599662765,65.27709157462498],[22.050304396119884,65.29871156032718],[22.051373549999997,65.29866137],[22.05855688,65.32537478],[22.07986064,65.32437138999998],[22.08226575,65.33327533999999],[22.12488204,65.33125873],[22.12730314,65.3401618],[22.148615659999994,65.33914858]]]}},{"type":"Feature","properties":{"cyano_daymap_file_id":2763,"date":"2004-06-02Z","cloud":null,"sub_surfac":null,"surface":null,"no_data":null,"class":1,"color_hex":null,"algae_class":"class_1","source_date":"2004-06-02"},"geometry":{"type":"MultiPolygon","coordinates":[[[[23.0432612437641,65.19448534912834],[23.02986148704339,65.18361513093986],[23.033338179999998,65.19502220999999],[23.0432612437641,65.19448534912834]]],[[[22.959132659999998,65.1628795],[22.964498760000005,65.18065166],[23.021359908631613,65.17760569765782],[23.011423917751596,65.1707541953058],[22.994763008706613,65.16097312793046],[22.959132659999998,65.1628795]]]]}}]}