{"type":"FeatureCollection","properties":{"source":"SMHI SE.SR Ytansamling av alger","date":"2023-06-21","note":"Test: SMHI WFS clipped to Lulea municipal sea area and simplified 20 m."},"features":[{"type":"Feature","properties":{"cyano_daymap_file_id":53108,"date":"2023-06-21Z","cloud":null,"sub_surfac":null,"surface":null,"no_data":null,"class":1,"color_hex":null,"algae_class":"class_1","source_date":"2023-06-21"},"geometry":{"type":"MultiPolygon","coordinates":[[[[22.18102874,65.53601462],[22.181103761078155,65.53628563127013],[22.181847296961514,65.53616989381105],[22.182375224181893,65.53650554278488],[22.184043635997842,65.53624581389296],[22.18543043221825,65.53654059743951],[22.184979344793845,65.53582649429737],[22.18102874,65.53601462]]],[[[22.182243020226366,65.5404011688812],[22.182501540813913,65.54010707787648],[22.182738184077,65.54218993261777],[22.18477560949316,65.54360648115976],[22.183462213917043,65.54480546749664],[22.18595706,65.55381802],[22.14298305,65.55585538],[22.1434773055475,65.557649502446],[22.144537665599977,65.55868159020588],[22.143815316180284,65.55887646381515],[22.145435549999995,65.56475782999999],[22.18704101390785,65.56278520115349],[22.188566809190185,65.56200514477544],[22.189475841708425,65.56214228785358],[22.190286145282144,65.56192336354239],[22.190187409989647,65.56156730160535],[22.191476886912515,65.56150595395579],[22.192998636515718,65.5607120206618],[22.193858255013026,65.56067110780933],[22.193759476653373,65.56031504861494],[22.192850487423986,65.56017793082619],[22.193132137320102,65.55962338596711],[22.194999484756703,65.56007564212246],[22.1951822950711,65.55916503559014],[22.1963728320948,65.55874758948435],[22.195597276879067,65.55752185114116],[22.19868938690528,65.55611192197992],[22.199548842957395,65.55607097840092],[22.203781335014675,65.55406544487678],[22.206310003395007,65.55376449030047],[22.20774555431559,65.55388947596887],[22.20744128,65.5527948],[22.223199276907334,65.55204200517512],[22.225958776511035,65.55084185134761],[22.228866858494136,65.55034196153679],[22.2304364256037,65.54972568556177],[22.233823511637347,65.54938315786247],[22.234153817701667,65.54900656043108],[22.238019989619662,65.54882138360286],[22.238218652663704,65.54953343332063],[22.239077816827976,65.54949226823368],[22.2393087001284,65.54875963618377],[22.244033914373222,65.54853313568577],[22.244843324463655,65.54831392824335],[22.244743906627466,65.54795790860601],[22.252425937548292,65.54740891392407],[22.259578490578072,65.54652416702845],[22.26091684103183,65.54664024129443],[22.256291715863604,65.54722327431512],[22.256590441077815,65.54829130565187],[22.257928871074554,65.54840740555628],[22.257698516425783,65.54914006080766],[22.268717145402018,65.54806910495361],[22.268038279069142,65.54719976878027],[22.26884743866219,65.54698043545879],[22.270435257815606,65.54798642585702],[22.27125820115073,65.5497369570097],[22.271882739999995,65.54970694],[22.267388296016982,65.53366174280013],[22.266017678920996,65.53376703318088],[22.2654389318565,65.53325368408565],[22.264630162644924,65.5334729953772],[22.264480734540246,65.53293898831552],[22.265515669916653,65.53197328766629],[22.255790958911046,65.53244060768819],[22.25498654626823,65.53321505370181],[22.25198144011376,65.5333594069363],[22.250363646518622,65.53379788382341],[22.250463075902246,65.5341538996875],[22.24960443837468,65.53419512424088],[22.24889491297342,65.5347703695992],[22.248036252174735,65.53481158548176],[22.248135654472364,65.53516760313794],[22.247276979157096,65.53520881485407],[22.246347633390908,65.53621611196304],[22.247917399999995,65.54183885],[22.232892541334415,65.54255874356478],[22.23132692027829,65.54354980315514],[22.228898732583563,65.54420719528574],[22.22876677288988,65.54529584648435],[22.22790772731414,65.54533695189967],[22.227247010658544,65.5460901198192],[22.2246202110375,65.54603537868608],[22.22257161639102,65.54649411238432],[22.22029154752032,65.54768542749223],[22.218622793259048,65.54794555928011],[22.21644145226774,65.54949285986686],[22.2155327326495,65.54935587559252],[22.214822050270246,65.54993097232921],[22.213103597797843,65.5500130235196],[22.21191372865938,65.55043059468281],[22.210195232226088,65.55051261328838],[22.20966665706529,65.55017706773064],[22.207419627532346,65.54992350701826],[22.207750325545156,65.54954696341407],[22.204876001394776,65.54860175977271],[22.204777127795726,65.54824570865901],[22.202382052663594,65.54745799380753],[22.20152288578611,65.54749895066347],[22.199458757165495,65.54633465641253],[22.196634460903287,65.54556731784263],[22.195563137212396,65.54327340120982],[22.19680232452053,65.54303398788161],[22.197513230191067,65.54245897355442],[22.195336269464093,65.53931583617013],[22.192942308854136,65.53852796109811],[22.18759173197047,65.53806116197833],[22.183297274925845,65.53826546447195],[22.183015619893073,65.53881999118266],[22.181889584296236,65.53912439277119],[22.182243020226366,65.5404011688812]],[[22.238879130706966,65.54878021986845],[22.238829461047164,65.54860220771762],[22.239259027584097,65.54858162420199],[22.238879130706966,65.54878021986845]],[[22.23839989376207,65.54862279002158],[22.238350227734887,65.54844477767789],[22.23877979213551,65.54842419554298],[22.23839989376207,65.54862279002158]],[[22.224669925000157,65.55090348649408],[22.224240306336096,65.55092402911924],[22.22419073166969,65.55074601124676],[22.224669925000157,65.55090348649408]],[[22.193512543779526,65.55942490021637],[22.193942331692625,65.55940444314805],[22.19399171966716,65.55958247270681],[22.193512543779526,65.55942490021637]],[[22.191534940162814,65.54130067030484],[22.191105448208045,65.54132111767512],[22.191056121647478,65.54114308655342],[22.191534940162814,65.54130067030484]],[[22.18520514505733,65.54358605132849],[22.185303730215534,65.54394211801974],[22.184874188881977,65.54396254818667],[22.18520514505733,65.54358605132849]],[[22.186212110117502,65.54407928702557],[22.18593046157172,65.54463381907023],[22.185500909441394,65.54465425112011],[22.185303730215534,65.54394211801974],[22.186212110117502,65.54407928702557]],[[22.183557591115598,65.54077836749421],[22.183656140984162,65.54113443560897],[22.183226644316704,65.5411548606681],[22.183557591115598,65.54077836749421]],[[22.183029559083902,65.5404427236736],[22.183128100216248,65.54079879221784],[22.182698608574867,65.54081921572995],[22.183029559083902,65.5404427236736]],[[22.17824493850767,65.55618252136411],[22.17781518885831,65.55620293351413],[22.177765919064573,65.55602489753713],[22.17824493850767,65.55618252136411]],[[22.168212892263615,65.55611757499862],[22.17084064709525,65.55617328567914],[22.17088986993889,65.55635132436191],[22.16831130255155,65.55647365439802],[22.168212892263615,65.55611757499862]],[[22.170312452920314,65.55583759911119],[22.17074220363317,65.55581720824325],[22.17079142499335,65.55599524697291],[22.170312452920314,65.55583759911119]],[[22.152667174461047,65.55974003979713],[22.152863606307942,65.56045222244063],[22.150284531335384,65.56057425040534],[22.154091801831843,65.55859039558567],[22.154951423859742,65.55854970353657],[22.154853186588785,65.55819361380065],[22.156093470552445,65.55795452323369],[22.156621528470172,65.5582902606985],[22.157481135835766,65.5582495544315],[22.16163163698622,65.55751182365728],[22.161779128225998,65.55804595033655],[22.16005994015881,65.5581274065264],[22.160158248245843,65.55848349220102],[22.161017855316615,65.558442765862],[22.161165340337075,65.55897689319445],[22.155860168450594,65.55868705113504],[22.152667174461047,65.55974003979713]],[[22.156425013627505,65.5575780837154],[22.157714388898803,65.55751702450301],[22.160906904602154,65.5564639340272],[22.161815605126613,65.556601246317],[22.157812662172258,65.55787311203777],[22.156093470552445,65.55795452323369],[22.156425013627505,65.5575780837154]],[[22.162405600305565,65.55873775116603],[22.16250394320928,65.55909383497988],[22.16341274432338,65.55923113671214],[22.162172470801234,65.55947028711822],[22.161263667388685,65.55933297796574],[22.161165340337075,65.55897689319445],[22.162405600305565,65.55873775116603]]],[[[22.22618850236292,65.62003501534905],[22.226814791827184,65.61952927655723],[22.23064173549615,65.61916617103383],[22.23140365292733,65.61876899965905],[22.234749888144062,65.61824835134584],[22.23503119810674,65.61769373221108],[22.236273519248137,65.61745396547505],[22.236124091255757,65.61691993072293],[22.24656038189649,65.61678152663505],[22.24805199367371,65.61743170178158],[22.247440037817878,65.61836297533152],[22.246297545695235,65.61895884802861],[22.24543610022038,65.61900007625226],[22.244873891085668,65.62010934858576],[22.243300510452254,65.62072581099278],[22.243699463651026,65.62214987980657],[22.245041673539145,65.62226605686065],[22.246252458462376,65.62347088267329],[22.248969649999424,65.62348101681225],[22.24882717,65.62297303999999],[22.262673764972824,65.62230713935843],[22.26551807051749,65.6205632663714],[22.26377582447287,65.61902326604084],[22.261372353414075,65.61823656708097],[22.259942184087713,65.61469718395388],[22.26070351691298,65.61429987113048],[22.26073438519903,65.61285520003496],[22.265501623322415,65.61118324980605],[22.264390530427207,65.61033458151192],[22.260946011588263,65.61049986374476],[22.260615365588034,65.61087652276979],[22.25650932120782,65.61179502239784],[22.256228529667748,65.61234967632404],[22.254125426307056,65.61263087759762],[22.253413955981483,65.61320616283193],[22.251741377142814,65.6134666968217],[22.250218456054697,65.61426123115834],[22.250318254657902,65.61461724334247],[22.24902631260276,65.6146791158991],[22.250368155089717,65.61479524939867],[22.25094851835271,65.61530864012856],[22.248745332494796,65.61523375778783],[22.247784246796744,65.61491898459278],[22.243096863047796,65.61532372773421],[22.24491924554432,65.61559731166643],[22.25013710325139,65.61552789963385],[22.25033671296797,65.61623992391578],[22.248813589979395,65.61703444609228],[22.248913382180145,65.61739045925646],[22.24800210299873,65.61725369487196],[22.247371866954374,65.61656228558529],[22.23860861555035,65.6164403703185],[22.237366365115808,65.6166801554938],[22.234583006003454,65.61609162295078],[22.22529997566497,65.61685296556531],[22.22618850236292,65.62003501534905]]],[[[22.267539636547248,65.64011517942774],[22.268187893041592,65.63937723003578],[22.267436780154245,65.6367072511482],[22.268579536476988,65.63611121678655],[22.274206400788778,65.63559004883335],[22.272869189999998,65.63084023],[22.258124667162594,65.63154722133018],[22.258178583001918,65.63173919216412],[22.25504116159653,65.63169507363614],[22.255262055160042,65.63223972680802],[22.25622388336699,65.63255444539182],[22.2574667031751,65.63231450031097],[22.257316736552287,65.63178049173072],[22.257897635490927,65.63229385062562],[22.26038319435594,65.631813923658],[22.260352343944344,65.63325859434623],[22.25949045125681,65.63329990670394],[22.259640473132475,65.633833912596],[22.258066637650046,65.63445053247436],[22.25618063575577,65.6370664647321],[22.257292659351332,65.63791518400446],[22.259016756414603,65.63783257633838],[22.258454768709395,65.63894189669891],[22.259266747186402,65.64051129030594],[22.267539636547248,65.64011517942774]]],[[[22.2491305608734,65.62405470429924],[22.24784426749375,65.62447707074634],[22.246982642082273,65.6245183094928],[22.246882843334042,65.62416229513823],[22.245590416980875,65.62422414312068],[22.245690198311934,65.62458015849363],[22.243304792456623,65.62541585819868],[22.24383538527726,65.62575126648066],[22.243123340202338,65.6263265089595],[22.24380360028103,65.62719594285569],[22.243789924524993,65.63026330380681],[22.244751542780264,65.63057809712096],[22.244901242788206,65.63111212068995],[22.244039391723913,65.63115334490526],[22.24466991658065,65.63184476517539],[22.243808040771132,65.63188598831607],[22.24390783314962,65.63224200473644],[22.24476972057835,65.63220078091682],[22.244438578445024,65.63257740942007],[22.245300475985243,65.63253618248888],[22.24520066316171,65.63218016718257],[22.248267166497076,65.63221384346333],[22.249460113186732,65.63179595695358],[22.25127746143239,65.63170894143119],[22.2491305608734,65.62405470429924]],[[22.24629383493236,65.63140628981982],[22.24634374666483,65.63158429707126],[22.245912815057938,65.63160491394503],[22.24629383493236,65.63140628981982]],[[22.245962724639885,65.63178292134234],[22.246012634975965,65.63196092871571],[22.245581696805555,65.63198154471277],[22.245962724639885,65.63178292134234]]],[[[22.27509879400983,65.5611722955516],[22.27422857976949,65.56151433189218],[22.273269218154617,65.5611997032513],[22.269301699879957,65.56102979566374],[22.255549551972088,65.56169065005076],[22.248342941117468,65.56239724025535],[22.237896253795913,65.56398023567863],[22.237135996330064,65.56437742369741],[22.23503652435209,65.56465832509569],[22.23399538312021,65.5656101125577],[22.230077037302305,65.56561719594337],[22.229316611660707,65.566014346342],[22.223877153796774,65.56681556121892],[22.219826213029503,65.56791103224974],[22.215626254432962,65.56847233587368],[22.21577492723557,65.56900639828056],[22.21754419268105,65.5691023247808],[22.218982707057787,65.5695747999338],[22.219181040802475,65.57028687770783],[22.217659561952825,65.57108107133642],[22.21785787336999,65.57179315105158],[22.224224725891865,65.57275177191447],[22.22457211960269,65.57399789279563],[22.224009880237407,65.57510708839109],[22.222868687087878,65.57570277221186],[22.22356347639996,65.57819501931432],[22.222703336010817,65.5782361058334],[22.221992060429933,65.5788112418707],[22.221131896700605,65.5788523196958],[22.218418899694104,65.58006417108032],[22.218865349609942,65.58166634530923],[22.21972561059586,65.58162527940777],[22.22030459611017,65.58213880076636],[22.220635489447908,65.58176222721671],[22.226227131027727,65.58149514678371],[22.22698804458963,65.5810980071977],[22.22716983759126,65.58018737218123],[22.228460130959462,65.5801257017373],[22.22875817017202,65.58119379436397],[22.232199058365588,65.58102927833886],[22.234200453342257,65.58039237677357],[22.235920829749134,65.58031006739803],[22.235771666002456,65.57977602960294],[22.237012185978706,65.57953627421489],[22.237293074933753,65.57898165482385],[22.23423286298509,65.5789476959262],[22.23408374325994,65.57841365603704],[22.234844446867367,65.57801647903598],[22.234148584026624,65.57552429412374],[22.231799765134518,65.57491509183704],[22.229699386199297,65.57519592805934],[22.229302065497237,65.57377180620368],[22.22963272761762,65.57339521523485],[22.230492694987117,65.57335409106128],[22.230343690554882,65.57282004635167],[22.231583934658513,65.57258033807112],[22.23295601798561,65.57125196627842],[22.237006898065328,65.5701561447502],[22.237088874862188,65.56888947691526],[22.235749467531523,65.56877320229688],[22.234740598133445,65.56828031491398],[22.237220549250747,65.56780082142566],[22.237931196213413,65.5672256199918],[22.239220817029555,65.56716386445818],[22.239799845134357,65.56767731095117],[22.241519360735104,65.567594946381],[22.24437923284088,65.56691673318485],[22.245039943923306,65.56616349066911],[22.246429014870287,65.56645769285143],[22.251686803715604,65.56656633163878],[22.253836047994447,65.56646320566927],[22.25454628789016,65.5658879302673],[22.256215801560604,65.56562739512228],[22.256365286528034,65.56616140968569],[22.25522523012427,65.56675732609611],[22.255374702613903,65.56729134175528],[22.25456480266195,65.56751061026243],[22.254813913365645,65.56840063745892],[22.25400397447252,65.56861990334596],[22.254203256445454,65.56933192593368],[22.253162647239144,65.5702838398924],[22.253081453962512,65.57155050873982],[22.25232121804731,65.57194777274317],[22.252850794207355,65.57228315949115],[22.25204071898884,65.57250241620531],[22.25185983789683,65.57341307216376],[22.2548197289595,65.5730906709236],[22.255579958406134,65.57269339444805],[22.255330772011654,65.57180336927284],[22.257050500606944,65.57172082632187],[22.258950846801397,65.57072760220552],[22.25870156794903,65.56983758346776],[22.257841770456743,65.56987886610366],[22.257642384014495,65.56916684932553],[22.25893204445684,65.56910492558845],[22.26083213179611,65.56811168038276],[22.264700908717845,65.56792579675948],[22.267130339511745,65.56726781829686],[22.267030529950528,65.56691181718877],[22.268369964929207,65.56702781493378],[22.2703194619816,65.56621245567713],[22.26973987194415,65.56569913138868],[22.273458380230153,65.56497903039187],[22.27579841084154,65.5636642494893],[22.27509879400983,65.5611722955516]],[[22.269789792051483,65.56587713090957],[22.268930146429383,65.5659184749972],[22.268880232097825,65.56574047513654],[22.269789792051483,65.56587713090957]],[[22.2681621639545,65.5616258043628],[22.26859191709198,65.56160513578938],[22.268641819899322,65.56178313586179],[22.2681621639545,65.5616258043628]],[[22.268641819899322,65.56178313586179],[22.26912148161798,65.56194046578493],[22.268691723458666,65.56196113591027],[22.268641819899322,65.56178313586179]],[[22.26650088703343,65.56657648065739],[22.26607104991684,65.5665971441175],[22.265971257925145,65.56624114213838],[22.26650088703343,65.56657648065739]],[[22.25760496416537,65.5659214939153],[22.257175129346177,65.56594213210774],[22.257125295247242,65.56576412759244],[22.25760496416537,65.5659214939153]],[[22.256545973439202,65.56525075020465],[22.25611614867057,65.56527138529378],[22.256066323351977,65.56509338034367],[22.256545973439202,65.56525075020465]]],[[[22.26710000781381,65.53263255185064],[22.26700660382215,65.5326370475544],[22.26712170809842,65.53271002202207],[22.26710000781381,65.53263255185064]]],[[[22.23874035428903,65.6153517132286],[22.238409325148833,65.61572832752506],[22.243096863047796,65.61532372773421],[22.23874035428903,65.6153517132286]]],[[[22.185345951998624,65.53780726151348],[22.185099563170102,65.53691709396757],[22.184536344863663,65.53802615269262],[22.185345951998624,65.53780726151348]]],[[[22.184296787490414,65.54344887606287],[22.183867253326213,65.54346930330303],[22.183916536137747,65.54364733718731],[22.184296787490414,65.54344887606287]]]]}},{"type":"Feature","properties":{"cyano_daymap_file_id":53108,"date":"2023-06-21Z","cloud":null,"sub_surfac":null,"surface":null,"no_data":null,"class":1,"color_hex":null,"algae_class":"class_1","source_date":"2023-06-21"},"geometry":{"type":"Polygon","coordinates":[[[22.899334149999998,65.53622849],[22.896628030000002,65.52734146],[22.91805515,65.52621804],[22.91534391,65.5173314],[22.872501939999996,65.5195743],[22.867114139999998,65.50179898],[22.824292659999994,65.50402799999999],[22.821616069999997,65.49513931999999],[22.778800839999995,65.49735538],[22.78146314,65.50624496],[22.760045379999998,65.50734891999998],[22.76270252,65.51623889],[22.826971259999997,65.51291660999999],[22.8323345,65.53069362],[22.8537677,65.52957925],[22.85645951,65.5384672],[22.899334149999998,65.53622849]],[[22.813993640177465,65.50313168118892],[22.81351175283059,65.50297611209542],[22.813940160945588,65.5029539039303],[22.813993640177465,65.50313168118892]],[[22.814154647924592,65.50222058598246],[22.815011437265266,65.50217616507676],[22.814796974764494,65.50290948398141],[22.813940160945588,65.5029539039303],[22.814154647924592,65.50222058598246]]]}},{"type":"Feature","properties":{"cyano_daymap_file_id":53108,"date":"2023-06-21Z","cloud":null,"sub_surfac":null,"surface":null,"no_data":null,"class":1,"color_hex":null,"algae_class":"class_1","source_date":"2023-06-21"},"geometry":{"type":"MultiPolygon","coordinates":[[[[22.109764879999997,65.59349338999999],[22.10732131,65.58459028],[22.073232739165526,65.58618695984337],[22.07338261182969,65.58673584493872],[22.074673664512247,65.58667547683898],[22.07563164446017,65.58699137531163],[22.0749654840292,65.58774392838954],[22.076222865588456,65.59075107435494],[22.079714845613264,65.59076807240791],[22.080055610262164,65.59201458484118],[22.078625915273328,65.59316357979343],[22.07934845518395,65.59421188294773],[22.080672838203235,65.59485613889962],[22.109764879999997,65.59349338999999]]],[[[22.126277778548697,65.58369825629698],[22.12606544267386,65.58336151155783],[22.12692593508157,65.5833209702576],[22.128410762528354,65.58203705296046],[22.126385659999993,65.57467518999997],[22.1478899,65.57366022],[22.145435549999995,65.56475782999999],[22.129898069059237,65.56549112041054],[22.129487242982556,65.56570498693308],[22.130945613676005,65.56942384783127],[22.12798447027988,65.56974384049163],[22.126841265129023,65.57033881981664],[22.12517007745495,65.5705979445719],[22.12450575780975,65.57135069768768],[22.123645656211313,65.57139122151182],[22.120215369917933,65.57317604175911],[22.119932025735775,65.57373046687967],[22.119022928571802,65.57359290711118],[22.11807496224788,65.5749000577822],[22.11645228498547,65.57533714893519],[22.115650805726737,65.57717846449967],[22.11479049508975,65.57721894005125],[22.114458109012457,65.57759529635156],[22.114555882309144,65.57795141660444],[22.115465111123168,65.57808900190834],[22.11460477006356,65.57812947669612],[22.113079591167278,65.5789226545003],[22.1129426778566,65.58001125038213],[22.111319596688386,65.58044829040733],[22.11161283544086,65.58151665778861],[22.106516279515606,65.581654936941],[22.10732131,65.58459028],[22.126277778548697,65.58369825629698]],[[22.12713900500436,65.5793429407683],[22.126708825084904,65.57936321200032],[22.126659851788204,65.57918515663764],[22.12713900500436,65.5793429407683]],[[22.126229674024916,65.57920542648887],[22.125369316282455,65.5792459625492],[22.125320352409034,65.57906790666328],[22.126229674024916,65.57920542648887]],[[22.12307156302076,65.57881311122686],[22.12393191077878,65.57877258830692],[22.123980864490658,65.57895064473925],[22.12307156302076,65.57881311122686]],[[22.123980864490658,65.57895064473925],[22.124890175324836,65.5790881727057],[22.12402981894095,65.57912870114838],[22.123980864490658,65.57895064473925]],[[22.12264138803427,65.57883337086577],[22.12178103584656,65.5788738865014],[22.121732097347294,65.57869582921285],[22.12264138803427,65.57883337086577]],[[22.119483372599838,65.57844097991072],[22.120343714799233,65.57840047741496],[22.120392643137727,65.57857853524966],[22.119483372599838,65.57844097991072]],[[22.120392643137727,65.57857853524966],[22.121301923041045,65.57871608504301],[22.12044157221424,65.57875659306117],[22.120392643137727,65.57857853524966]],[[22.120557794776015,65.57442244732627],[22.12012768993448,65.57444269915923],[22.12007877277825,65.57426464112415],[22.120557794776015,65.57442244732627]],[[22.119053200393243,65.57846122933753],[22.118192853766477,65.57850172454899],[22.118143940640213,65.57832366585852],[22.119053200393243,65.57846122933753]],[[22.117713769115028,65.57834391147667],[22.117283596852108,65.57836415588076],[22.117234690253323,65.57818609683407],[22.117713769115028,65.57834391147667]],[[22.1168045201476,65.57820633985763],[22.115944177723303,65.57824682226261],[22.115895280546773,65.5780687626934],[22.1168045201476,65.57820633985763]]],[[[22.14298305,65.55585538],[22.141544901649606,65.55062703988135],[22.13914989131809,65.55334482755131],[22.139394898813116,65.55423508288914],[22.137822856451997,65.55485043828844],[22.137589061052505,65.5555829427841],[22.13773221931935,65.55610317336587],[22.14298305,65.55585538]]]]}},{"type":"Feature","properties":{"cyano_daymap_file_id":53108,"date":"2023-06-21Z","cloud":null,"sub_surfac":null,"surface":null,"no_data":null,"class":1,"color_hex":null,"algae_class":"class_1","source_date":"2023-06-21"},"geometry":{"type":"MultiPolygon","coordinates":[[[[22.109294489999996,65.51235431],[22.10929116750564,65.51234215810781],[22.109250578075937,65.51235637512569],[22.109294489999996,65.51235431]]],[[[22.14975147,65.5014248],[22.14735617284225,65.49270974800186],[22.146749851652945,65.4925486095275],[22.125867159999995,65.49353661],[22.123429380000005,65.48463369],[22.14485971,65.48361986],[22.14241659,65.47471731000002],[22.120993430000002,65.47573072],[22.113696559999998,65.44902145999998],[22.00666102,65.45403702999998],[22.008571893445325,65.45504397201337],[22.011473787778055,65.4545483184499],[22.011096377373413,65.45636919554786],[22.013049054121147,65.45717999932963],[22.01390560870911,65.45714013705046],[22.01490597324777,65.45763457405639],[22.02018924881906,65.45792956207687],[22.02038115565298,65.458641959134],[22.02123774455594,65.45860205493294],[22.021525660844322,65.45967064787871],[22.02052861538107,65.46079910038769],[22.022529916270855,65.46178787447377],[22.02100849071065,65.4625800903739],[22.02120046102641,65.46329248573583],[22.022153201505763,65.46360877233793],[22.02381868252628,65.46335083817306],[22.024058751329346,65.4642413268464],[22.024915516626294,65.46420140009569],[22.023061652687936,65.46536979651776],[22.02373013485701,65.4662403254557],[22.02558788556559,65.46669476079167],[22.02891913201421,65.4661787956316],[22.02882302761953,65.4658226040467],[22.031230542519623,65.46474921580099],[22.030473550000004,65.46194475],[22.05188964,65.46094424],[22.05430042,65.46984857],[22.03287715,65.47084948],[22.032416301749517,65.46914215380532],[22.03154612251499,65.46948268420121],[22.03217119912542,65.47179791318452],[22.030457195126754,65.47187784867401],[22.028506926340654,65.47269012411788],[22.024173679337185,65.47271172693237],[22.022555634722394,65.47314776866006],[22.017080653932137,65.473763337831],[22.014889942235925,65.47368494137817],[22.013936912751856,65.47336861176152],[22.013789868804295,65.4712114604844],[22.01478758064506,65.47008304626529],[22.01564455421007,65.4700431701226],[22.015881149477543,65.4693108276634],[22.016690119201808,65.46909284520376],[22.01611773258954,65.4685784849423],[22.013879503154882,65.46832196887135],[22.013355139742472,65.46798569895891],[22.010449623572946,65.46812083517993],[22.011452080000005,65.47184738],[21.994269111871073,65.47283959126887],[21.9935779582638,65.47267600224758],[21.97151469165411,65.47369882808695],[21.969935848398247,65.47432698171019],[21.970126532565875,65.47503945390118],[21.9689341839651,65.47509456009813],[21.974840147187066,65.4971419611837],[21.977043720927085,65.49599772565847],[21.978759502511835,65.49591837939764],[21.97942735588341,65.49678910983945],[21.976758997664927,65.49817477233816],[21.975136898162592,65.49824975470257],[21.97575352,65.50055165],[21.95430148999999,65.50154168999998],[21.955205657961468,65.50492224307334],[21.955879810550186,65.50454817845285],[21.9571671269185,65.50448884620697],[21.959884837630632,65.50328163496881],[21.96121975454665,65.5034003900472],[21.96074295853533,65.5048649362925],[21.96260244248561,65.50532012951831],[21.96388977843354,65.50526073985877],[21.964032871365777,65.50579509873185],[21.967608973324225,65.50617102389715],[21.967132495254713,65.50763558721324],[21.964557811810717,65.50937728758538],[21.96457659208083,65.51008295400156],[21.99960021,65.5084639],[21.999195610204673,65.50695981750941],[21.998173007685722,65.50674059875061],[21.99802921045936,65.5062062789383],[21.996550236885387,65.50555353007972],[21.993975709348106,65.50567285313637],[21.99364241962431,65.50604895275046],[21.99159270258241,65.50650456913117],[21.98859064693626,65.50826653845199],[21.987303230829564,65.50832613914288],[21.987159645323626,65.50779180700735],[21.989495037999493,65.50678204854708],[21.990828417261163,65.5052776801622],[21.992401085541427,65.5046638457958],[21.986393965418458,65.50494203220579],[21.986677925983965,65.50276497485942],[21.985342938239206,65.50264644520746],[21.984770390439348,65.5021319679873],[21.983912308179995,65.5021716794734],[21.98457906836655,65.50141952064928],[21.982719497596975,65.50096459847781],[21.982147039771974,65.50045011045863],[21.982384807399,65.49971780973983],[21.983242811913698,65.49967810765789],[21.984338519992814,65.49890609751415],[21.9878182451583,65.49892532764838],[21.988151534195357,65.49854924083868],[21.98829507865942,65.49908357249592],[21.987199482132766,65.49985561025261],[21.987438708512812,65.5007461645621],[21.989631637426363,65.50082493797788],[21.99015638314346,65.50116128643583],[21.995589867646512,65.50036852462878],[21.995494065531688,65.50001230917037],[21.997210042864634,65.49993275165194],[21.99480911,65.49065319],[22.03768979,65.48865878],[22.03528257,65.47975415999998],[22.099568449999992,65.47674111],[22.101997219999998,65.48564449999999],[22.08560595907067,65.48641518175077],[22.083336786768033,65.48761796960846],[22.083101953501004,65.4883504002339],[22.081864242462967,65.4885888684155],[22.08190534178702,65.49157954167136],[22.0856334687091,65.48967430837303],[22.08810889724078,65.48919730007819],[22.08839210315435,65.48864293533556],[22.09111000857607,65.48905624000295],[22.09135265348901,65.48994659613663],[22.08978324083821,65.49056142784336],[22.08992880861796,65.49109564302479],[22.088739550412143,65.49151223987252],[22.088836584918013,65.49186838411178],[22.09012290920481,65.49180792961174],[22.08974265926832,65.49200615407575],[22.090317021465545,65.4925202158311],[22.08784915497732,65.49462006196309],[22.086659705060672,65.49503664427415],[22.086950779745905,65.49610508103979],[22.088811743966286,65.49655870736963],[22.090955998832158,65.496457940474],[22.090858914880627,65.49610179809066],[22.092096892280377,65.49586325369995],[22.09394970684332,65.49469402099957],[22.096619752513586,65.49492914975495],[22.097242899685483,65.49562125218048],[22.098529385101795,65.49556072458581],[22.098472297180475,65.49375986420806],[22.100236082623486,65.49385721324958],[22.10000167903562,65.49458966591689],[22.101482546798447,65.49524138408599],[22.10319781849097,65.49516063048942],[22.105147347343035,65.49434739856316],[22.108197593666915,65.49438406006763],[22.107826527865576,65.49620511490359],[22.108684184946288,65.49616470433908],[22.11011668260727,65.4966382707606],[22.10892750802582,65.49705502560951],[22.107212133433826,65.49713584521542],[22.10531111071203,65.49812717065919],[22.10445338295535,65.49816756276586],[22.10331267866523,65.49876234095292],[22.10241505978607,65.50024744453737],[22.105806564887423,65.50153061218373],[22.111236369201936,65.50073373079441],[22.111333751558206,65.50108985717667],[22.112620466652388,65.5010292074433],[22.111860048359993,65.50142576776682],[22.11200614041004,65.50195995653083],[22.115057279864914,65.50199647098914],[22.116441486503597,65.50229191159762],[22.116675483935104,65.50155943744113],[22.11677294411091,65.50191555956421],[22.118439854670985,65.50165656839701],[22.120828178476543,65.50244567607876],[22.12211493368374,65.50238494515133],[22.122002947255442,65.50273571643976],[22.14975147,65.5014248]],[[22.073303919999997,65.45994071],[22.09471638,65.45893417000002],[22.0971415,65.46783767],[22.075721869999995,65.46884462999999],[22.073303919999997,65.45994071]],[[22.106269877233547,65.49050703450901],[22.107984820546406,65.49042622975452],[22.10641578141654,65.49104123054921],[22.106181572790735,65.49177369093866],[22.10504118013239,65.49236847920304],[22.102565779105564,65.49284576454261],[22.102800097529325,65.49211330870668],[22.106269877233547,65.49050703450901]],[[22.100996466681565,65.49346071169485],[22.10013888394576,65.49350107792485],[22.100041688190963,65.49314494250802],[22.100996466681565,65.49346071169485]],[[22.092784497796213,65.49042033311694],[22.09235574899128,65.49044049313427],[22.092307210612415,65.4902624223531],[22.092784497796213,65.49042033311694]],[[22.0915548358967,65.49228167743846],[22.09198361563412,65.4922615193956],[22.092032156292138,65.49243959025465],[22.0915548358967,65.49228167743846]],[[22.091215091845807,65.49103517962425],[22.09164385146245,65.49101502273876],[22.091692387011967,65.4911930937587],[22.091215091845807,65.49103517962425]],[[22.09117459033837,65.49247990546166],[22.091603373680158,65.49245974846286],[22.091651912193417,65.49263781946426],[22.09117459033837,65.49247990546166]],[[22.090834861300443,65.491233406651],[22.091263624521055,65.49121325080952],[22.091312157925998,65.49139132197179],[22.090834861300443,65.491233406651]],[[22.090600212353092,65.49196584711699],[22.09102898780098,65.49194569182355],[22.091077521250366,65.49212376305921],[22.090600212353092,65.49196584711699]],[[22.090454625006444,65.49143163277608],[22.090883391831053,65.49141147797862],[22.090931923091336,65.49158954928323],[22.090454625006444,65.49143163277608]],[[22.090219963875867,65.49216407276737],[22.090648742927964,65.49214391851798],[22.09069727423254,65.49232198989604],[22.090219963875867,65.49216407276737]],[[22.0900743829637,65.49162985799944],[22.090503153392344,65.49160970424603],[22.090551682507886,65.49178777569298],[22.0900743829637,65.49162985799944]],[[22.05964247505544,65.45788993229239],[22.059690718855073,65.45806801644433],[22.059262468998895,65.45808807779089],[22.05964247505544,65.45788993229239]],[[22.056173990317813,65.45949512386726],[22.053604320777488,65.45961541551621],[22.053031433182188,65.45910119996348],[22.051698420056248,65.45898323719848],[22.051602037791795,65.45862706276466],[22.054358839543667,65.45759632826329],[22.053834185927258,65.457260201679],[22.052597651857766,65.45749841893378],[22.05202483260584,65.45698419889048],[22.052784919612982,65.4565879426433],[22.054117814292255,65.45670589696029],[22.053785983743982,65.45708211525415],[22.054738876532813,65.45739819480764],[22.056451843241728,65.45731799376884],[22.056307185086748,65.45678373745145],[22.057115423224822,65.45656554551611],[22.057971876403087,65.45652543423502],[22.058116566787753,65.45705968864873],[22.058973034269776,65.45701957155111],[22.059594231980288,65.45771184811765],[22.056173990317813,65.45949512386726]],[[22.041602889899497,65.47298075221354],[22.042459908872317,65.47294072350425],[22.043889941167528,65.47341494103925],[22.04274888223249,65.47400926558093],[22.04332191292564,65.47452351866806],[22.04246484371691,65.47456355274855],[22.040558093556534,65.47393124210232],[22.041795512941796,65.47369311500164],[22.041602889899497,65.47298075221354]],[[22.028394622408726,65.46584257932915],[22.0283465741639,65.465664483339],[22.028774976505005,65.46564450822034],[22.028394622408726,65.46584257932915]],[[22.01385767827487,65.45696203530639],[22.01428595162114,65.45694210251834],[22.014333884923346,65.45712020409901],[22.01385767827487,65.45696203530639]],[[21.97694448460898,65.48915002266733],[21.975324618791845,65.4895855756027],[21.974419197076358,65.48944711373831],[21.97503819224524,65.48851688110703],[21.977563382700488,65.48821978061117],[21.97694448460898,65.48915002266733]]],[[[22.084223640766016,65.50009065513632],[22.086966362226516,65.49935067994872],[22.08672376125799,65.49846031644856],[22.085865987928027,65.49850060352848],[22.085340082146036,65.49816459870148],[22.083719736124483,65.49824068254071],[22.084223640766016,65.50009065513632]]],[[[22.058737743011626,65.45775196894556],[22.058309497440693,65.45777202754802],[22.058357731914754,65.45795011221588],[22.058737743011626,65.45775196894556]]],[[[21.992830160147538,65.50464396625767],[21.992782268071615,65.50446585758819],[21.992353196345537,65.50448573696312],[21.992830160147538,65.50464396625767]]],[[[21.994117379642216,65.50458432037931],[21.995308774659808,65.50416844820171],[21.994688094324847,65.5034759029483],[21.99540247804011,65.50290180703826],[21.993734194093374,65.50315945430997],[21.993544615852098,65.5040698784525],[21.992782268071615,65.50446585758819],[21.994117379642216,65.50458432037931]]]]}},{"type":"Feature","properties":{"cyano_daymap_file_id":53108,"date":"2023-06-21Z","cloud":null,"sub_surfac":null,"surface":null,"no_data":null,"class":1,"color_hex":null,"algae_class":"class_1","source_date":"2023-06-21"},"geometry":{"type":"MultiPolygon","coordinates":[[[[22.682245909999995,65.53840971999999],[22.679613439999994,65.52951807999999],[22.65817142,65.53060786],[22.65030736,65.50393122],[22.671254852830167,65.50286681591008],[22.671669928630575,65.50264644414221],[22.66936852615253,65.49484942684776],[22.667740694025735,65.49402012303308],[22.647689940000003,65.49503888],[22.645074480000005,65.48614647],[22.623666299999996,65.48723099999998],[22.620179383829036,65.47532905472444],[22.619437643078747,65.47608753893078],[22.615950039183844,65.47752733840974],[22.6082973499982,65.47809447402798],[22.606753151191274,65.47726999069985],[22.60784112271699,65.47504916420519],[22.609721002819423,65.47405176192159],[22.61400078103923,65.47383551316695],[22.613896685494428,65.4734797890596],[22.61518058659251,65.47341489199788],[22.617540083157298,65.472573623193],[22.618500133221662,65.47288605983447],[22.619430323606746,65.47277227580098],[22.618455559999997,65.4694451],[22.57566189,65.47160335000001],[22.573073730000004,65.46270942],[22.551681119999998,65.46378358999999],[22.55493271497705,65.47498455321448],[22.55645339143769,65.47456713571827],[22.558593597441103,65.47445977821461],[22.561316894458884,65.47486456093105],[22.563885139579124,65.47473564558629],[22.564416605214383,65.47506992055195],[22.568645258328374,65.47467706887309],[22.570032856717443,65.4749683150687],[22.569383775878137,65.47572284847477],[22.569811824703205,65.4757013426677],[22.570395142933926,65.47621347582677],[22.57226267312684,65.4766610714363],[22.570653942109793,65.47710287560133],[22.570860995436256,65.47781439496087],[22.571820700559424,65.4781271319134],[22.573104955426963,65.47806258901117],[22.57488281853364,65.47670984694217],[22.576595051894184,65.47662375368749],[22.578852483628577,65.47542731883259],[22.579708552017177,65.47538425262397],[22.578735326099512,65.4765161099971],[22.57755477892691,65.47693645397007],[22.57765839705523,65.47729220801013],[22.579098052291883,65.47776124534481],[22.579954196543405,65.47771817696182],[22.58010967944361,65.47825180495416],[22.578228352370697,65.47924885339981],[22.578435632184622,65.47996036004595],[22.5796681276067,65.47971788406973],[22.579771787778153,65.48007363623215],[22.578642924445887,65.48067186628232],[22.579278361178297,65.48136183860949],[22.578607701880884,65.48171722550974],[22.583438050000005,65.49828475],[22.56201684,65.49936068],[22.56460563,65.5082548],[22.6074604,65.50609904],[22.608573121474056,65.50989620477887],[22.60927023469907,65.50963139648061],[22.611088717340238,65.50990061726324],[22.611777886116425,65.51076829859534],[22.609073610914727,65.51160412623149],[22.60952525227944,65.51314535350421],[22.61111756044012,65.51296753524157],[22.61165043129201,65.513301629454],[22.612832025121083,65.51288100807089],[22.612936295822966,65.51323673120106],[22.61507938770209,65.51312854330165],[22.615183690197586,65.5134842645546],[22.616573875941334,65.51377505634878],[22.61640605647705,65.5146860013217],[22.61822496377525,65.5149551318843],[22.618485854999967,65.51584442807695],[22.617252050759113,65.5160872343801],[22.616551227113582,65.51666410642802],[22.617136418838115,65.51717603969507],[22.619760681181486,65.51722399402311],[22.620084971130012,65.51684662198319],[22.622123909281147,65.51638261480193],[22.621423187350427,65.5169595083858],[22.620565839924176,65.51700282430684],[22.620722434944046,65.51753639903819],[22.6199172613548,65.51775756974219],[22.618944325148224,65.51888968338956],[22.61915309412313,65.51960111882903],[22.6173225825023,65.52077652745136],[22.617102573962175,65.52150961374173],[22.612511618509682,65.5233363356419],[22.612672490000005,65.52388531],[22.609182263066455,65.52406116147205],[22.60893269819627,65.52480975994229],[22.60742594214501,65.52560770544561],[22.599330125616,65.52619615489515],[22.5978229917989,65.52699400859657],[22.596965267671216,65.52703719455197],[22.596315766152422,65.52779184822388],[22.59545801280321,65.52783502593097],[22.59491254953875,65.52894541110601],[22.594106801354698,65.529166450253],[22.59237373728779,65.52886914330362],[22.59383355,65.53385906],[22.63672743,65.53169461],[22.63918694753661,65.54004844155847],[22.641569280455858,65.53958590550043],[22.642270449127015,65.53900890096841],[22.646132983832153,65.53881328291345],[22.647368048875727,65.53857020851919],[22.647692342193682,65.53819277074675],[22.64940895667181,65.53810578073768],[22.649733214733264,65.53772833895552],[22.653438080320292,65.53699900076019],[22.654401290339898,65.53731116358657],[22.654611203871255,65.53802253824634],[22.65552197926247,65.53815684984954],[22.655836912443533,65.53922390875718],[22.654738694376316,65.53980585656956],[22.682245909999995,65.53840971999999]],[[22.626916235510457,65.49863217375373],[22.627772967720908,65.49858882817921],[22.627929576622424,65.49912239522843],[22.627020629212517,65.49898788585614],[22.626916235510457,65.49863217375373]],[[22.62368700188573,65.50096145936196],[22.625400628785936,65.50087479829415],[22.624230718381906,65.49985098871903],[22.626801041571525,65.49972098179347],[22.626633641369285,65.50063193369105],[22.62577683991651,65.50067527352148],[22.62630963481315,65.50100931680763],[22.624648189349138,65.50127384520788],[22.622390733624957,65.50247096489356],[22.620624827341256,65.50237973444297],[22.620896769599437,65.50182450400169],[22.623362948470138,65.50133883664483],[22.62368700188573,65.50096145936196]],[[22.62602697920883,65.50300907628038],[22.62645541832789,65.50298740586628],[22.62650762215672,65.50316526201921],[22.62602697920883,65.50300907628038]],[[22.622484054792338,65.50427120289368],[22.62371725480093,65.5040283601475],[22.623612881739213,65.50367264553685],[22.626079180174557,65.50318693261089],[22.626235787777354,65.50372050144709],[22.624950431356513,65.5037855075809],[22.62425009486612,65.50436241023714],[22.62301688446042,65.50460525743925],[22.622484054792338,65.50427120289368]],[[22.60294518644382,65.52962385437387],[22.603049403172385,65.5299795849146],[22.603907211818473,65.52993636358468],[22.6041156776427,65.53064782293848],[22.601425854985624,65.53186627711335],[22.600788524086337,65.53117641729017],[22.60294518644382,65.52962385437387]],[[22.600809811208684,65.47179429225687],[22.600381857114925,65.47181588495533],[22.600329906346325,65.47163801721929],[22.600809811208684,65.47179429225687]],[[22.583328180557245,65.47141193734976],[22.58461207163704,65.47134730033791],[22.582303420878976,65.47236593979343],[22.581771787031762,65.47203172953353],[22.583328180557245,65.47141193734976]],[[22.581927266169618,65.47256535567554],[22.580746946838406,65.4729857222463],[22.580643307332743,65.47262997055485],[22.581927266169618,65.47256535567554]],[[22.579255722243506,65.47233882173566],[22.57882773779023,65.47236035365023],[22.57877593218699,65.47218247700953],[22.579255722243506,65.47233882173566]],[[22.577322976677294,65.47315797838428],[22.576466976362134,65.47320103036658],[22.57641518479178,65.4730231527706],[22.577322976677294,65.47315797838428]],[[22.572756372404108,65.4753728892156],[22.573612451129957,65.47532985746211],[22.573664229167036,65.475507736161],[22.57285991782391,65.47572864729266],[22.572756372404108,65.4753728892156]],[[22.573508897387306,65.47497409998758],[22.57431318015236,65.47475318569428],[22.57441674377162,65.47510894251508],[22.573612451129957,65.47532985746211],[22.573508897387306,65.47497409998758]],[[22.57109596651733,65.4756368180141],[22.57195205717544,65.47559379555129],[22.57248364259711,65.47592804089005],[22.574195834343605,65.47584197526854],[22.57387134908742,65.47621925070074],[22.571782842628078,65.47650470490103],[22.57109596651733,65.4756368180141]]],[[[22.573156736548167,65.47824046785499],[22.573584822807987,65.47821895096698],[22.57353303882827,65.47804107229938],[22.573156736548167,65.47824046785499]]],[[[22.570446901215217,65.47639135583282],[22.570498660273426,65.47656923581329],[22.570926721835306,65.47654772671466],[22.570446901215217,65.47639135583282]]]]}},{"type":"Feature","properties":{"cyano_daymap_file_id":53108,"date":"2023-06-21Z","cloud":null,"sub_surfac":null,"surface":null,"no_data":null,"class":1,"color_hex":null,"algae_class":"class_1","source_date":"2023-06-21"},"geometry":{"type":"MultiPolygon","coordinates":[[[[22.19448800469137,65.52635435325394],[22.193733893949968,65.52568328293474],[22.19621062470425,65.52520449200698],[22.1962945698613,65.52393782695545],[22.19509096524885,65.52273253254012],[22.193226330832076,65.52228025104972],[22.194548581310233,65.52077420127327],[22.19392223305152,65.52008253205041],[22.192205665654473,65.52016432772429],[22.19224051981052,65.51871963178598],[22.19300018115348,65.51832267486142],[22.19471662451028,65.51824087137811],[22.195722759108094,65.51873405197784],[22.19793462526701,65.5185239373938],[22.192635340000002,65.49938641],[22.23551181,65.49733591999998],[22.23303629,65.48843516],[22.254464559999995,65.48740581],[22.25198372,65.47850539999999],[22.265170439702874,65.47786912721409],[22.269668816885478,65.47532221364568],[22.27347405975772,65.47495823993196],[22.27380290770117,65.4745815702395],[22.275466426480367,65.47432088174298],[22.278464595550215,65.4741761305459],[22.278992446203365,65.47451144305555],[22.28113399803078,65.47440800539583],[22.283982721489743,65.47372915391655],[22.284480806646133,65.47550911325443],[22.285815594461795,65.47562500255165],[22.28731419082638,65.47680066845138],[22.29482032,65.47643849],[22.290070223444687,65.45947698642186],[22.28662078915599,65.45989096474715],[22.28631822343077,65.45880914724853],[22.26843255,65.45967332],[22.26595014,65.45077315999998],[22.28734604,65.44973946],[22.284858339999996,65.44083966999999],[22.2634696,65.44187294],[22.25851408,65.42407233],[22.23713775,65.42510175],[22.239607440000004,65.43400251],[22.23834665389068,65.43406286421373],[22.238054566038514,65.43499294308418],[22.23933767924683,65.4349312503605],[22.239206447391712,65.43601990428553],[22.23797268652301,65.43625961159175],[22.237742579839107,65.43699223450515],[22.23721603530475,65.43665676493248],[22.23593283161478,65.43671844050478],[22.23583404598485,65.43636240855609],[22.2349785845833,65.43640351890429],[22.234452087248822,65.43606803921726],[22.232790546414673,65.43632825649307],[22.232988037666125,65.43704032510134],[22.2313264201056,65.43730052700936],[22.230191236586236,65.43789620763192],[22.228809256382995,65.43760178681947],[22.22671979622415,65.43788247496002],[22.2269664737176,65.4387725724437],[22.225584481260842,65.43847812221574],[22.223017822804792,65.4386012670549],[22.22268865985997,65.43897782925856],[22.221833088210722,65.43901886615454],[22.221306702372694,65.43868333950299],[22.218361492219447,65.43900494270477],[22.217703012317568,65.43975804759113],[22.21827865643465,65.44027160987577],[22.21613959533972,65.44037413180041],[22.216238131749943,65.44073017907935],[22.21543175429824,65.4409492040204],[22.21534877566016,65.44221587097275],[22.214493084432025,65.4422568674248],[22.213505067250555,65.44338650125304],[22.212698585386093,65.44360551261235],[22.21284634302378,65.44413958732689],[22.212039832561846,65.44435859544615],[22.211199371061742,65.44602229150195],[22.20849935000792,65.44723383962769],[22.20859781379367,65.44758989259137],[22.207363217899108,65.44782935776144],[22.206374692882875,65.4489589498509],[22.204662833152412,65.44904084081195],[22.204761253014574,65.44939689670538],[22.203196959573493,65.4500128553823],[22.201136647590335,65.45163122470623],[22.2017513,65.45385615999999],[22.199067230810183,65.4539842781484],[22.19881326376123,65.45455154593483],[22.199767763035087,65.45486669372102],[22.199964525561803,65.45557881255192],[22.197396046318758,65.4557015394156],[22.20025969150553,65.45664699009254],[22.20159317819085,65.45676363635876],[22.207965278885997,65.45627853075696],[22.207866784217302,65.45592247770739],[22.210484489915142,65.4559775985923],[22.21124209791677,65.45558056997685],[22.212954360130727,65.45549860043334],[22.21315148687907,65.45621069847698],[22.210878629669278,65.45740180198183],[22.211799496334788,65.45916156257623],[22.21089397019704,65.45902451913582],[22.210810763809953,65.46029118566567],[22.21166705119905,65.46025020423218],[22.21237547498355,65.45967514401666],[22.212474048006897,65.46003119334337],[22.214861248913003,65.46081882611674],[22.216573839906808,65.46073681228889],[22.216475207935975,65.46038076622126],[22.219521509236657,65.46041521978098],[22.220279102161154,65.46001814597624],[22.221991620281024,65.45993607141048],[22.222518458627498,65.46027159116143],[22.221662191077346,65.46031263394383],[22.22185959839847,65.46102471782362],[22.222715888857067,65.46098367369623],[22.223720273986675,65.4614766853854],[22.222485174629984,65.46171627919222],[22.222303808219863,65.46262690516961],[22.221447463247916,65.46266794749579],[22.221546173237158,65.4630239895406],[22.220261633036795,65.46308554498653],[22.220360328805064,65.46344158794544],[22.218318055098614,65.46390020244199],[22.21642368071117,65.46489285904899],[22.214661503983617,65.46479685019314],[22.213047244698814,65.46523489363628],[22.21281622758776,65.46596748730539],[22.210015699995044,65.46682303232927],[22.209307038622544,65.46739808377505],[22.208450512992282,65.46743905416082],[22.208351960977684,65.46708300202079],[22.207017917874463,65.46696642092905],[22.207116451216102,65.46732247412321],[22.205880918342093,65.46756193634351],[22.206506241563034,65.46825356635162],[22.205551164833256,65.46793846687694],[22.203887308126717,65.46819838853251],[22.202883024257567,65.46770524395808],[22.199506032158048,65.46804698120718],[22.19764528423272,65.46759471599287],[22.19736461315678,65.46814926011385],[22.19436659551989,65.46829239987316],[22.193229246008336,65.46888782344556],[22.193376778926442,65.46942191930628],[22.18566707511265,65.4697896741837],[22.18469761022545,65.47065141503202],[22.18525739,65.47268142000001],[22.175328348480775,65.47315398802576],[22.17518134386134,65.47425743508045],[22.176993120358436,65.47453193777677],[22.175855103339018,65.47512723697838],[22.17591741611945,65.476928016428],[22.176872480704766,65.47724330338319],[22.17520773270668,65.47750291772742],[22.17550218690576,65.47857115037593],[22.17464523175781,65.47861193321168],[22.173984545300595,65.47936486852025],[22.172748129339592,65.47960406823901],[22.172895317198176,65.48013818740615],[22.171560744275666,65.48002129828726],[22.171328451549588,65.48075384072673],[22.170752783221907,65.48024009983406],[22.16908778104147,65.48049964920776],[22.168561196159093,65.4801639406868],[22.168548400625404,65.47854119494963],[22.165171454855635,65.47854574736242],[22.166288209999998,65.48260300999999],[22.161962298254107,65.48300272824538],[22.162158287396412,65.48371490362901],[22.161252145999086,65.48357756850793],[22.160921553683433,65.48395400963986],[22.15877865089283,65.48405575584219],[22.158974562895207,65.48476793609863],[22.158166347757465,65.48498667279404],[22.157113280823914,65.48431517681728],[22.159060298037808,65.48350127408192],[22.159371721405606,65.48293121922731],[22.14485971,65.48361986],[22.1467790113329,65.49060835065676],[22.147914412875178,65.49034287432126],[22.148478280687147,65.48923394528106],[22.149335633064457,65.48919330702424],[22.14966645614019,65.48881688902301],[22.151381126149328,65.4887355945011],[22.151050328993644,65.48911201600436],[22.15190767254485,65.4890713632414],[22.152238456740456,65.48869493998724],[22.152385287558783,65.4892290825414],[22.153671303777298,65.48916809020406],[22.153732173775584,65.49096889252333],[22.154589573162262,65.49092822400358],[22.154687501751233,65.49128431712307],[22.153401384331133,65.49134531908992],[22.15264187184334,65.49174207571683],[22.1527849052836,65.49226228525794],[22.16874035,65.49150509],[22.17119433,65.50040712],[22.14975147,65.5014248],[22.15220011,65.51032718],[22.136661632691943,65.51106244377145],[22.136714348921775,65.51125444335547],[22.136430319314787,65.51107338926775],[22.13074822,65.51134226],[22.13139689006933,65.51370586178656],[22.133107917620546,65.51395002832328],[22.132961313124564,65.51341586499699],[22.134726539142257,65.51351279759949],[22.135769369815232,65.51256167676131],[22.13677418489,65.51305526208172],[22.138968476394474,65.5131318560872],[22.139310845955702,65.51437822054007],[22.140413641218867,65.51522788410233],[22.142890417069314,65.51474996574777],[22.14298829404435,65.51510606686247],[22.141369718661995,65.5155433855519],[22.14227688309319,65.51568082994797],[22.14242369343254,65.51621498223604],[22.1437110661437,65.5161540615385],[22.144765125946297,65.51682564107942],[22.14653061986559,65.51692243330909],[22.146677525619687,65.51745658053741],[22.147535807636324,65.51741594349427],[22.147633760007345,65.51777204086292],[22.149828472630876,65.51784847321957],[22.149497306866795,65.51822489479346],[22.150833758365508,65.51834196053431],[22.15239487701821,65.51933625515909],[22.15465059,65.51922951000002],[22.155615570448035,65.51991906409185],[22.1569521337494,65.52003607468797],[22.156670090317697,65.5205905561774],[22.15509309540734,65.52083586569077],[22.155558534893526,65.52252547525244],[22.157025673064485,65.5234596224485],[22.15888978924189,65.52391235511878],[22.159564386755203,65.52478222113724],[22.15643811590587,65.5257184757022],[22.15710291,65.52813177],[22.19448800469137,65.52635435325394]],[[22.153855202583877,65.48825752263505],[22.154859390959082,65.48875099397536],[22.153671303777298,65.48916809020406],[22.153855202583877,65.48825752263505]],[[22.153976972041374,65.49185912681496],[22.15440568646645,65.49183879232574],[22.15445465120058,65.49201683894734],[22.153976972041374,65.49185912681496]],[[22.287826638509813,65.46885283252908],[22.288732885239654,65.46898940727651],[22.289868018678497,65.46839328698465],[22.291630664018452,65.46848841344271],[22.291879897000204,65.4693783788355],[22.29107330675148,65.46959780997835],[22.291172995225054,65.46995379659822],[22.289888313791774,65.4700159457697],[22.288374700469923,65.47081077213869],[22.28452048571667,65.47099711713777],[22.28437108263097,65.4704631293155],[22.28716947646138,65.46960622697816],[22.287826638509813,65.46885283252908]],[[22.284988744207357,65.4742217415549],[22.285038557331305,65.47439973718541],[22.28461025232735,65.47442043816609],[22.284988744207357,65.4742217415549]],[[22.21476263985184,65.4604627787053],[22.215618925374535,65.46042177487695],[22.2156682352624,65.46059979825853],[22.21476263985184,65.4604627787053]],[[22.21402588147628,65.45310229906548],[22.214635498235925,65.45217118218463],[22.215590094048324,65.45248622897226],[22.21402588147628,65.45310229906548]],[[22.19520281181148,65.47131893294122],[22.194922053038564,65.47187347336522],[22.19434613123459,65.47135982484525],[22.19520281181148,65.47131893294122]],[[22.17584187455306,65.47350449602577],[22.175989084097466,65.47403861199477],[22.17556068155475,65.47405900466963],[22.17584187455306,65.47350449602577]],[[22.170569515967447,65.48115068185184],[22.170140991875247,65.4811710603399],[22.170091944920582,65.4809930195882],[22.170569515967447,65.48115068185184]],[[22.16780223435926,65.48056076816816],[22.167373717324967,65.48058113873844],[22.167324690536535,65.48040309689107],[22.16780223435926,65.48056076816816]],[[22.161448121011965,65.4842897449465],[22.16101953692089,65.48431009814621],[22.160970544934013,65.48413205390469],[22.161448121011965,65.4842897449465]],[[22.15902354273606,65.4849459811044],[22.159072523313064,65.48512402608687],[22.158643923320735,65.48514437270279],[22.15902354273606,65.4849459811044]],[[22.156829602139236,65.51643448125547],[22.158447963178396,65.51599699921029],[22.15859510633845,65.5165311325596],[22.156927676763235,65.51679057142107],[22.156829602139236,65.51643448125547]],[[22.154736467149853,65.49146236364788],[22.155544909684245,65.49124364310053],[22.155642852708493,65.49159973545962],[22.154736467149853,65.49146236364788]],[[22.155642852708493,65.49159973545962],[22.156120536805357,65.49175744227911],[22.155691825324926,65.4917777816042],[22.155642852708493,65.49159973545962]],[[22.15591258627044,65.48942250438361],[22.155483912868753,65.48944284274923],[22.155434946949562,65.4892647964683],[22.15591258627044,65.48942250438361]],[[22.13638307055815,65.51163083732247],[22.135954014475256,65.51165112399016],[22.13590513137179,65.51147307062425],[22.13638307055815,65.51163083732247]],[[22.136149554243865,65.5123633372216],[22.13572048591264,65.51238362334503],[22.13562272031388,65.51202751644283],[22.136149554243865,65.5123633372216]]],[[[22.155036047350563,65.52062877337251],[22.155333499550547,65.5204735433556],[22.154997670571824,65.52048946036999],[22.155036047350563,65.52062877337251]]],[[[22.221612841099386,65.46013461291479],[22.221184709076393,65.46015513232771],[22.22123405619087,65.46033315352487],[22.221612841099386,65.46013461291479]]]]}},{"type":"Feature","properties":{"cyano_daymap_file_id":53108,"date":"2023-06-21Z","cloud":null,"sub_surfac":null,"surface":null,"no_data":null,"class":1,"color_hex":null,"algae_class":"class_1","source_date":"2023-06-21"},"geometry":{"type":"MultiPolygon","coordinates":[[[[22.419610602602415,65.55154398837584],[22.420822999312602,65.55167897600678],[22.42026960321346,65.55278880743937],[22.417466952683768,65.55364821724189],[22.41481676803938,65.5550414022517],[22.414590800251375,65.5557742505799],[22.41034646311616,65.55616294445103],[22.40961182294787,65.55511635059294],[22.41107555731033,65.55414235738685],[22.41092298773422,65.553608527554],[22.411731092435243,65.55338844142001],[22.411957124245248,65.55265559672098],[22.413467499492583,65.55184551111496],[22.403253829999997,65.55234683],[22.408337669999998,65.57014134999999],[22.386848789999995,65.57119311999998],[22.39192585,65.58898826],[22.41342917,65.58793562],[22.41088246,65.57903851],[22.43237664,65.57798328],[22.43748643,65.59577656000002],[22.4159778,65.59683266],[22.41852835,65.60572964],[22.44760781302973,65.6042995759255],[22.448785817931196,65.60353498220572],[22.450455650286077,65.60327230378034],[22.450707611883054,65.60414713463132],[22.455045357725986,65.60393381382522],[22.45577260440629,65.60355170446492],[22.457923914042095,65.6034456622352],[22.4588491707405,65.60374675066204],[22.46155813,65.60361352999999],[22.461704923273278,65.60412225837366],[22.46275938102666,65.60356810485095],[22.46367122789275,65.60370357283448],[22.46478845354744,65.60455071652994],[22.462309465219043,65.60503392372945],[22.462133445396002,65.60560734932982],[22.46412508,65.61250958],[22.44260392,65.61356959],[22.44772915,65.63136237],[22.426191569999997,65.63242022],[22.436436249999996,65.66800677],[22.3932972,65.67011682],[22.39840205,65.68791147],[22.37681506,65.68896279],[22.379363099999992,65.69786045],[22.42254971,65.69575388999999],[22.419987099999997,65.68685709999998],[22.439322959738597,65.68590977939584],[22.439394263991847,65.68465711638154],[22.44548835363893,65.68453850927698],[22.445210937215954,65.68509347743908],[22.446886028021463,65.68483078620507],[22.446608638987684,65.68538575664785],[22.44531374242519,65.68544933005835],[22.44589959777702,65.68596191835654],[22.441911814371117,65.68698132658396],[22.44370347289106,65.6931788678003],[22.444882822464024,65.69304936988219],[22.443933157700954,65.69397337247862],[22.44928575,65.71248857],[22.42768076,65.71354729],[22.4302492,65.7224439],[22.38701879,65.72455306999998],[22.389574559999993,65.73345048999998],[22.36794913,65.73450093],[22.37049951,65.74339872],[22.43539193,65.74023693000001],[22.43796621,65.74913335],[22.416330029999997,65.75019077],[22.41889895,65.75908756000001],[22.3972535,65.76014236],[22.40238251,65.77793663999998],[22.424042629999995,65.77688096],[22.42661741,65.78577757],[22.448282920000004,65.78471839999999],[22.443120650000004,65.766926],[22.464769530000005,65.76586464999998],[22.46218401,65.75696879],[22.483823599999997,65.75590482],[22.48641645,65.76480024],[22.529704369999997,65.76266225999998],[22.52709687,65.75376771999998],[22.54873054,65.75269459],[22.543506849999996,65.73490622],[22.521887800000002,65.73597847],[22.518875095807214,65.72567416184462],[22.518296022040683,65.72552236659675],[22.518854795911295,65.72560473040703],[22.51668662,65.71818894999998],[22.581494039999995,65.71496572999999],[22.578874529999993,65.70607220999999],[22.600465749999998,65.70499214999998],[22.605721329999998,65.72277824],[22.627325140000004,65.72169424],[22.62468907,65.71280167999998],[22.64628359,65.71171508],[22.64892695,65.7206072],[22.670526760000005,65.71951711],[22.667876109999998,65.71062544],[22.689466629999995,65.70953276],[22.68681071,65.70064148],[22.708391939999995,65.6995462],[22.70573076,65.6906553],[22.6841568,65.69175013000002],[22.67885499,65.67396723],[22.69186804128565,65.67330695139061],[22.695534802230263,65.67295448781873],[22.69666951342924,65.67235530411754],[22.69968876555839,65.67220192973578],[22.700314643432105,65.67253916352527],[22.69994589376373,65.67130436404938],[22.699476305922836,65.67149064315534],[22.69845437082506,65.6710010027498],[22.699692764279835,65.67045673168286],[22.699590132395475,65.67011305734796],[22.698673245084613,65.67026780291083],[22.69856703712959,65.66991215873037],[22.699505136097333,65.66982843774447],[22.697759269999995,65.66398221],[22.76152165208671,65.66072857180639],[22.762316123751138,65.6603923062895],[22.76069574148202,65.65500706497177],[22.760416918401003,65.65574415426295],[22.75852938912049,65.65674354451339],[22.75901387546092,65.65689926219076],[22.7587433217749,65.657454732967],[22.75863635383183,65.65709913879375],[22.75777433683271,65.65714329446392],[22.75815186587497,65.65694341992793],[22.75745348716912,65.65607650912055],[22.760535441789273,65.6544743187519],[22.75972888,65.65179376],[22.78126576,65.65068859],[22.78179209527308,65.65243168839629],[22.787461462102335,65.65255045040416],[22.788484294552287,65.6530394821999],[22.787459916373773,65.65399489025107],[22.78724367591281,65.65472819009348],[22.78778196834869,65.65506159961572],[22.789452048604883,65.65479516127755],[22.78977560473311,65.65441742695226],[22.791068394607297,65.65435092151215],[22.792900764861574,65.6531733591953],[22.795325021244064,65.65250694075088],[22.79758695651958,65.65275157691364],[22.798663732157284,65.65341831869645],[22.798447814027696,65.65415163114409],[22.79650815748259,65.65497369629848],[22.79704657260583,65.65530707169705],[22.796184694059736,65.65535144401441],[22.795053055860723,65.65595133861417],[22.795968692647556,65.65608475381676],[22.795214248876405,65.65648468360658],[22.796128857322188,65.6580625324803],[22.795320622405505,65.65828468210556],[22.794727309791593,65.6592179548552],[22.792787162009883,65.66003997760691],[22.79289461256092,65.66039554269523],[22.79133164421533,65.6610175886246],[22.79143907969779,65.66137315490333],[22.78831288062844,65.66261720343762],[22.7884202827191,65.66297277220458],[22.79186885409114,65.66279541893866],[22.793485648627286,65.66235114875089],[22.79370059518684,65.66306227741572],[22.791867588664076,65.66423985611904],[22.791005402689237,65.66428420221752],[22.79051925266689,65.66557302794575],[22.789764455085688,65.66597293436074],[22.790410470119593,65.6666618990541],[22.786691850461676,65.66865852297929],[22.78931822,65.67735644],[22.76775959,65.67846297000001],[22.773691726224538,65.69811793461515],[22.8019485963681,65.6980889054477],[22.834625625970205,65.691171722962],[22.847485960400505,65.67435439094841],[22.810874809999994,65.67624685999999],[22.809046464915593,65.67020611353037],[22.80657592429238,65.67088514878347],[22.80549819323463,65.67021847286956],[22.80673787677026,65.66997404946846],[22.807007508831852,65.66941850275568],[22.80641482212247,65.66890739053649],[22.805552510984445,65.66895182052946],[22.805283350147583,65.66806293551242],[22.806684875430392,65.66690741579812],[22.807985232706887,65.66669986365835],[22.800113290000002,65.64069142],[22.82163889,65.63958064],[22.81894636,65.63069207],[22.820630705864726,65.63060491454193],[22.82047334141655,65.63008533756802],[22.82128048711853,65.62986306547191],[22.821495596248415,65.62912972924843],[22.822787029854346,65.62906296782369],[22.825771278125075,65.63033891873941],[22.8404627,65.62957872],[22.84316246,65.63846683],[22.864683979999995,65.63734999],[22.861977009999997,65.62846232999999],[22.883435010324707,65.62734417426822],[22.912200545097644,65.58972776923251],[22.894134339999997,65.59067285],[22.89142316,65.58178577],[22.762547449999996,65.58846124999998],[22.75721748,65.57068141],[22.735745530000003,65.57178250000001],[22.733090739999998,65.56289203],[22.668684469999995,65.56617579],[22.66817275902844,65.56444653313011],[22.666585878629654,65.56232495293301],[22.665621581839275,65.56201287884244],[22.66589326550425,65.56145756349636],[22.663272293042414,65.55996599652588],[22.66005550570817,65.5594071534818],[22.65995036916842,65.55905147175696],[22.657592722270106,65.5584490056636],[22.656483834102406,65.55776828870042],[22.624964607464378,65.55936371084059],[22.624905411574595,65.55992228125821],[22.623422725863236,65.56048474764052],[22.62835586,65.57724256],[22.626130825423143,65.57735471753135],[22.62546843458125,65.57812411467678],[22.626380168155432,65.57825860480708],[22.626484939796672,65.57861431359984],[22.62895821331281,65.57812848176472],[22.62949269672282,65.578462496652],[22.632877656400325,65.57811106721162],[22.634009346147273,65.57751240243718],[22.635885310236645,65.57795912438199],[22.636639724434826,65.57756000095884],[22.63841080232472,65.5776509910349],[22.640893544923568,65.57572045615389],[22.642664508902932,65.57581139765763],[22.643733737436182,65.57647932610743],[22.642759802160818,65.57761160371801],[22.640873959546656,65.57860947945984],[22.641408603975883,65.57894345064591],[22.640601740840918,65.57916474898755],[22.64069691738003,65.58096495758831],[22.64123160988494,65.58129892891246],[22.6438098663875,65.58116855092605],[22.644397118607408,65.5816803576701],[22.645738785157093,65.58179299338536],[22.645896366160418,65.58232653211178],[22.64751017818203,65.58188387383426],[22.64852724208933,65.58237391909257],[22.648360246352112,65.5832848914145],[22.65007918955183,65.58319789566119],[22.65216613230918,65.58435578596081],[22.653938039020776,65.58444657304727],[22.655008242083234,65.5851143990066],[22.65515690618363,65.58709243822717],[22.65402482874259,65.5876912844015],[22.654182622619526,65.58822481234542],[22.652893179890793,65.58829009832561],[22.652621130476415,65.58884538775102],[22.65133165228821,65.58891066080595],[22.650199888614733,65.58950945579682],[22.65078746392641,65.59002123448614],[22.649865943129743,65.5913314035826],[22.648418631299304,65.59086311980329],[22.645786893982724,65.59081573975428],[22.64525194043578,65.59048178716],[22.64315516355174,65.59076831392639],[22.643260225151742,65.59112400816724],[22.640251102239763,65.59127611248876],[22.64314553932378,65.59221282415862],[22.643030846599142,65.59330164014301],[22.64389066126769,65.59325817142219],[22.64421548103976,65.59288074198669],[22.646364971045216,65.59277204471219],[22.645873054166202,65.59406044945091],[22.644416111816827,65.59503663793271],[22.644573762428198,65.59557017737724],[22.642476569663884,65.59585669902475],[22.642634186503475,65.59639024083576],[22.6405894318693,65.59685458463701],[22.637727246480537,65.59898470357875],[22.63633221391924,65.59869415592986],[22.632944636899584,65.59904568937147],[22.633049599233175,65.59940139172502],[22.633909635549077,65.5993579773694],[22.63320704866846,65.59993494506018],[22.63229451370522,65.59980050419597],[22.631539405085533,65.60019961314218],[22.63024930054457,65.60026471318312],[22.62778442181918,65.59930606942144],[22.628969579052523,65.59888528510203],[22.62865487638756,65.59781816747376],[22.63162262033045,65.5960439171348],[22.630930359138393,65.59517635755958],[22.61831532103826,65.59382703196823],[22.614457030706618,65.59257742870567],[22.61172050770108,65.59217373999837],[22.611563555315144,65.5916401593325],[22.610752815356847,65.59152054398177],[22.612740605897887,65.59827913619294],[22.614464538252417,65.59853338566816],[22.615219867620212,65.59813435955242],[22.61501044587092,65.59742292498306],[22.617160457908703,65.5973146366473],[22.617317566332275,65.59784820994304],[22.615859329078944,65.59882413703981],[22.61692886252059,65.59949225167283],[22.6151563495467,65.59940102504018],[22.616173521655234,65.59989128642603],[22.614558053399552,65.60033362777382],[22.614662770637214,65.60068934534888],[22.615522886480512,65.60064603451448],[22.615941833211256,65.60206890092964],[22.614326227451308,65.60251124121493],[22.614718649999997,65.60500459],[22.612048439738555,65.60515282536062],[22.612153146053625,65.60550854479192],[22.613978435917126,65.60577766130699],[22.614135540712063,65.60631123796806],[22.613600656590915,65.60597717291974],[22.611880061488066,65.60606377159452],[22.61214183849596,65.60695307022047],[22.609508495844473,65.6069050764566],[22.609665517157147,65.60743865860222],[22.61100839022862,65.60755158963177],[22.61121780085848,65.608263029891],[22.61030507643524,65.60812845856788],[22.61008427539606,65.6088615431843],[22.60841581214845,65.6091259652035],[22.609055382782945,65.6098157703329],[22.605770599433548,65.61052243741906],[22.60425892216125,65.61132040211925],[22.603659981988027,65.61225296844765],[22.602369195517408,65.61231783812694],[22.602473804216547,65.61267356524858],[22.598211288177822,65.61451211962415],[22.59761206212295,65.61544466498106],[22.595291444962157,65.61646362646896],[22.595395976935464,65.6168193592591],[22.596687007852164,65.6167545464565],[22.596843837752285,65.61728814384884],[22.594796600531687,65.6177518950285],[22.592970645632647,65.61748255429806],[22.591784055205075,65.61790307167274],[22.590010350658712,65.61781156307319],[22.589841140692666,65.61872249329326],[22.588224052041816,65.6191645704468],[22.588054773165346,65.62007549937881],[22.58686798448904,65.62049598030467],[22.583855065606063,65.6206470032387],[22.582837654190474,65.62015652738513],[22.580411682476175,65.62081952807027],[22.5805160319372,65.62117527296496],[22.577933426800033,65.6213046177503],[22.576916098547755,65.62081410133426],[22.57417711329062,65.62040975962132],[22.574190498082235,65.61896521609404],[22.573655849707563,65.61863100775652],[22.57203848046066,65.61907291516523],[22.571191223466013,65.61767144132155],[22.568830949126124,65.6170675877379],[22.568518449452604,65.61600032321682],[22.56760565685238,65.61586549555139],[22.566758753109266,65.6144639934007],[22.56498535572625,65.61437218903345],[22.565637795465292,65.61361763974656],[22.56434682718036,65.61368218759222],[22.5628997410249,65.61321308499426],[22.562431451011374,65.61161216503515],[22.560710278343805,65.61169818879615],[22.557816511255226,65.61075989630864],[22.557712522682994,65.61040413219183],[22.55487097970612,65.6096436632418],[22.55279949141388,65.60810879735517],[22.550190289999996,65.60823921],[22.54759443,65.59934491],[22.560403654593497,65.59870473439014],[22.561490020912245,65.59794270839734],[22.565308572717033,65.59757124930609],[22.565582580226465,65.59701609719956],[22.568006755158784,65.59635335198875],[22.569844661455964,65.59517846478325],[22.571942660301758,65.59489294019292],[22.573010913020543,65.59556137755558],[22.58118106872565,65.59515198256598],[22.583344008329956,65.59359963464334],[22.584790337643877,65.59406854976342],[22.586080271785736,65.59400383838651],[22.587643698282395,65.59338392931274],[22.58695297183888,65.59251615344623],[22.585024611404663,65.59189095694514],[22.585884495875245,65.59184781664625],[22.587330770141804,65.59231670807561],[22.589081009730524,65.59200890600401],[22.588496159727317,65.5900155443444],[22.586978477683957,65.58962707745117],[22.583539223102477,65.58979963132344],[22.58284873527621,65.58893183434449],[22.580574061619753,65.58867075266691],[22.5664975,65.58937627],[22.563898330000004,65.58048229],[22.559442360084134,65.58070463192492],[22.55794779495556,65.58133521493896],[22.55848144787647,65.58166948864984],[22.557621844838877,65.5817124706002],[22.557777619745785,65.58224611887574],[22.55643626626422,65.58213270104191],[22.555850717506335,65.58162053644777],[22.554991110847865,65.58166350350776],[22.554353701306912,65.5809734487833],[22.55321999436396,65.58157153848992],[22.551930577776965,65.58163596492714],[22.55079678592273,65.58223403736169],[22.550900544345456,65.58258980850101],[22.54746193157273,65.58276153700803],[22.5468615360698,65.58369389323947],[22.54481598057479,65.58415695254527],[22.54509030385258,65.58360183435106],[22.542081363053885,65.5837519872365],[22.541925898949955,65.58321831968723],[22.54111802667543,65.58343909811059],[22.541703331288797,65.58395132211045],[22.540843619555258,65.58399420995916],[22.54025833069012,65.58348198247874],[22.541770441875276,65.58268465190852],[22.541133353747153,65.58199453831685],[22.539895683757244,65.58223675254985],[22.539621261562118,65.58279186233422],[22.53870978670181,65.58265684747938],[22.538606194505036,65.58230106631538],[22.53688686457345,65.58238680104046],[22.537042219421497,65.58292047486177],[22.535649134444043,65.58262898118988],[22.534463149182397,65.5830490437704],[22.533878007146967,65.58253679016227],[22.53511575030535,65.58229462435077],[22.534112114732906,65.58196854878626],[22.52091685,65.58262696000001],[22.52334162775916,65.59096182915121],[22.52439182431262,65.59040853118228],[22.525251780536323,65.59036573421862],[22.525904823127537,65.58961135000693],[22.528054634501462,65.5895043277829],[22.52832936777785,65.58894923580205],[22.530049165075887,65.58886359346906],[22.530582624975423,65.58919796738797],[22.531820714423052,65.58895582499456],[22.53209536164735,65.5884007270566],[22.53032384951364,65.58830849836664],[22.530220344790354,65.58795271058007],[22.529308732707968,65.58781764055144],[22.530598522874254,65.58775340287926],[22.53070203180991,65.58810919036473],[22.53161366097612,65.58824425183873],[22.53333339866821,65.58815857283395],[22.53183654406263,65.58751126104664],[22.533126311525972,65.58744700208757],[22.534089706154468,65.5877599414418],[22.534882113527114,65.58898376107393],[22.53402222206097,65.58902661203281],[22.533799390398055,65.58975960552432],[22.532887696947537,65.58962455784824],[22.53304302191258,65.5901582360863],[22.532131318005195,65.59002318396499],[22.532716603452645,65.5905354428849],[22.531426681750826,65.59059969991391],[22.531685522370072,65.59148916640157],[22.530017317015826,65.59175272291637],[22.52850432598132,65.59254994507776],[22.52833306511172,65.59346082686194],[22.527042985384746,65.59352504817207],[22.527146473402873,65.59388083830432],[22.524499789508386,65.59494286477364],[22.531267500000002,65.61820602000002],[22.50974494,65.61927556999999],[22.496847610000003,65.57479939],[22.51833406,65.57373203],[22.515753219999997,65.56483704999998],[22.53723052,65.56376710000002],[22.534644420000003,65.55487249000001],[22.54399728062239,65.55440522948007],[22.543897826088102,65.5540634611844],[22.54626685518651,65.55322320898145],[22.546540859975085,65.5526680914635],[22.547777073460647,65.55242583775305],[22.547673502462402,65.5520700626213],[22.548480357986804,65.55184925958854],[22.54906505796654,65.55236146120995],[22.54755488357539,65.5531588448431],[22.547762035892067,65.5538703950971],[22.547002820045797,65.55425507542878],[22.55611258,65.55379996],[22.55247144018425,65.54129780783155],[22.551108563514568,65.54143070637515],[22.551382355151276,65.54087558229138],[22.550524082202767,65.54091851044883],[22.55030204905349,65.54165151993912],[22.548962828288182,65.54153801429567],[22.54783066027507,65.54213604793476],[22.547934185817176,65.54249182340567],[22.546646685202308,65.54255618540489],[22.545085240594595,65.54317565118579],[22.544981750627645,65.54281987340309],[22.543265048278904,65.54290565382655],[22.542628957653697,65.54221553651817],[22.54312518075515,65.54092742510068],[22.54430914175899,65.54050731533168],[22.54442787029605,65.53941853459999],[22.54598911076258,65.5387990776905],[22.546588596759065,65.53786673433092],[22.54744677714778,65.53782382944014],[22.54895609263395,65.53702645568067],[22.549738534097017,65.53607103703197],[22.529478059999995,65.53708308],[22.52689779,65.52818827],[22.546684026157493,65.52719999102258],[22.54676156821534,65.52648815641712],[22.545748628032445,65.52599738675868],[22.54612581271479,65.52579805044486],[22.546931880704342,65.52557726370544],[22.547607917205255,65.52458258170527],[22.543175319999996,65.50932815],[22.542653564546367,65.50935413068319],[22.54296745281781,65.51043521160565],[22.53883585040492,65.5111831919992],[22.538526104101607,65.51011583840103],[22.536863136132173,65.51037941699758],[22.537938353838527,65.50958892342895],[22.47887276,65.51253008],[22.47631265,65.50363421],[22.49774159,65.50257036],[22.495176229999995,65.49367486999999],[22.506485420184358,65.49311181436939],[22.506551349613574,65.49276181660787],[22.504786431020637,65.49266922262916],[22.50468373071472,65.49231340939991],[22.503826959627833,65.4923560574097],[22.503295892889557,65.4920215652258],[22.505009412153182,65.49193627060423],[22.504375648309033,65.49124596910703],[22.503518911586244,65.49128861501984],[22.505181031851663,65.49102541191309],[22.504016253927777,65.49000062095162],[22.50778604953409,65.48800827776103],[22.507906195429015,65.48691951166215],[22.505987634169884,65.48629321088104],[22.505782264449508,65.48558158568508],[22.504925716018736,65.48562423765621],[22.50482304723324,65.48526842420803],[22.503966507167192,65.48531107065476],[22.504497440646897,65.48564556183217],[22.50369221455308,65.48586611377533],[22.502356052224876,65.48575216461599],[22.503161286576564,65.48553161971141],[22.50241857848284,65.48429029926227],[22.47119818,65.48584229000001],[22.468643819999997,65.47694623999999],[22.51145684,65.47481812999999],[22.508890100000002,65.46592288000001],[22.4874917,65.46698801],[22.47727253,65.43140465],[22.498642399999998,65.43034126999999],[22.49608527,65.42144571],[22.47472253,65.42250866],[22.472174429999995,65.4136126],[22.492155987208818,65.41261845445852],[22.49190454370012,65.41174260575313],[22.489564898615765,65.41113731029449],[22.48790763895803,65.41140029192977],[22.488506557443912,65.4104681852579],[22.489736693224742,65.41022646759575],[22.489124100696298,65.40809148950487],[22.490525872362657,65.40693892484315],[22.49137988110161,65.40689638049881],[22.491533056341083,65.40743012268123],[22.492053606018562,65.40740418644396],[22.48842537,65.39475865],[22.424395430000004,65.39793458],[22.426925489999995,65.40683162999999],[22.36285717,65.40998179999998],[22.36536778,65.41888008],[22.34400078,65.41992455],[22.346506139999995,65.42882318999999],[22.389252510000002,65.42673038],[22.391774009999995,65.43562809999999],[22.390365408351837,65.43569717095258],[22.391987698781474,65.43671402143165],[22.394176087263165,65.43678697112246],[22.394755087906457,65.4372998245813],[22.395987382050567,65.43705885047494],[22.396340766891644,65.43830451455182],[22.39724647324759,65.4384404433542],[22.397397954642763,65.43897429791315],[22.399259941814613,65.43942408744911],[22.39936096057201,65.43977998884209],[22.400795403466375,65.44025077691806],[22.40165067239661,65.44020872834263],[22.402155977069544,65.44198822449147],[22.40391716605521,65.4420820547933],[22.404547030956934,65.44277281621694],[22.403691683978284,65.44281488200143],[22.402987960079663,65.4433907904467],[22.4040247067027,65.444047337219],[22.40739718129912,65.4438814671869],[22.40673595210516,65.4428455783093],[22.408497212361276,65.44293935442437],[22.408823720354373,65.44256241501589],[22.41154228622329,65.4436775965076],[22.415682020000002,65.44347399],[22.415929698103877,65.44434382787507],[22.41813652616998,65.44481039854402],[22.416954727472547,65.44522949851097],[22.417635663102548,65.44609814436947],[22.418592400987297,65.44641188426345],[22.42068031379812,65.44612855543747],[22.421738443605506,65.44679815863405],[22.421136371799424,65.44773003161475],[22.422042527935805,65.4478658069774],[22.423151457187753,65.44871334039384],[22.42345562596266,65.44978098503428],[22.422853553292885,65.4507128648756],[22.42204867252508,65.45093297796365],[22.424143313771495,65.45371676629719],[22.42109777819291,65.45368643405801],[22.420996399317616,65.4533305508866],[22.4191837238849,65.45305898582804],[22.418098161924437,65.4519594060481],[22.420748769999996,65.46126826],[22.39934987,65.4623209],[22.401878949999993,65.47121837999998],[22.423284999999996,65.47016531],[22.425823139999995,65.47906228999999],[22.447234440000003,65.47800577000001],[22.44978163,65.48690225999998],[22.42836318,65.48795921],[22.430905130000003,65.49685607],[22.4094776,65.49791044],[22.412014289999995,65.50680766999999],[22.39057768,65.50785944],[22.3931091,65.51675704],[22.38648983278188,65.51708087518425],[22.387318853333962,65.51813703847836],[22.386032080611507,65.51820002647439],[22.386612825360487,65.51871289362877],[22.384417556663948,65.51863990325278],[22.384140394703227,65.51919475723841],[22.38285356061584,65.51925771880119],[22.382400312869144,65.52072333266113],[22.380204882640957,65.52065028274622],[22.37901908684743,65.52106912559061],[22.377303163529287,65.52115301524455],[22.378086034226364,65.52237774627562],[22.3763700213021,65.52246162623648],[22.376521664812827,65.5229955000606],[22.377379690043202,65.52295356146641],[22.377960377744287,65.52346646241011],[22.374477659158817,65.5234562428633],[22.37478088959187,65.52452399471578],[22.37349342466374,65.52425222271515],[22.374189539999996,65.5267042],[22.36485402465985,65.52715959789053],[22.36566996828764,65.5276752684961],[22.367386365368237,65.52759150611139],[22.36705825791079,65.52796837175242],[22.364054509460495,65.52811493716241],[22.363953559052888,65.52775901152646],[22.362615778716023,65.5276438427278],[22.36238852990267,65.52837662568079],[22.3598138232717,65.52850217799515],[22.359157356553705,65.52925587821291],[22.35925824855757,65.52961180762834],[22.36011652469311,65.5295699644743],[22.35988919162921,65.5303027445069],[22.35731428051576,65.53042825631293],[22.35655683157519,65.53082601542833],[22.357566467068644,65.53131808322694],[22.357818672597798,65.53220790953016],[22.35600107345125,65.53193563491516],[22.354915220935684,65.53271022968976],[22.355546129624216,65.53340118501679],[22.353778886268376,65.53330685052082],[22.35398056443044,65.5340187175006],[22.35264249980175,65.5339034633305],[22.352515750017517,65.53499216909152],[22.354232679207502,65.53490855067592],[22.354333530430818,65.53526448377512],[22.351808507034985,65.53556787373928],[22.351228045157743,65.53505487019676],[22.350369571457918,65.53509666488286],[22.35004112712861,65.53547349694125],[22.347945280603973,65.5357559272289],[22.34761679309824,65.53613275445223],[22.34852569492984,65.53626894383531],[22.34862647466251,65.53662488144525],[22.34991426453592,65.53656220163727],[22.34925731879451,65.53731586362731],[22.348297986863486,65.53700171014945],[22.34620199790706,65.53728411770268],[22.345923841569274,65.5378389114176],[22.34501489714522,65.53770270682865],[22.345166006077353,65.53823661732442],[22.344408147552098,65.5386343196637],[22.341731627532546,65.53840363405509],[22.341832324543415,65.53875957700602],[22.340544402806366,65.53882218933657],[22.34026611069212,65.53937697399243],[22.338978153945803,65.53943957333955],[22.33912915149631,65.53997349096213],[22.33822016508362,65.53983724597647],[22.337512476454197,65.54041288819727],[22.336452534477598,65.53974271294369],[22.335164548637724,65.53980528012134],[22.335265162593057,65.54016122826133],[22.33454602640543,65.54035665520964],[22.334741584076603,65.54104896286032],[22.33541608920631,65.54069515028891],[22.334861055298422,65.54147191144833],[22.33630729,65.54659182999998],[22.31483432,65.54763323],[22.317344559999995,65.5565323],[22.336393570510364,65.55560838596114],[22.338003504829995,65.55446167247659],[22.340808950854814,65.55360370668924],[22.34179530236491,65.55247325847283],[22.342654364635756,65.55243150660695],[22.34255359268273,65.55207556495928],[22.343362249784114,65.55185583841713],[22.343261470854145,65.55149989730911],[22.344170893078584,65.5516361076919],[22.344499613802856,65.55125928565569],[22.345358630858158,65.5512175188916],[22.34725408585026,65.55022323604456],[22.34715326142029,65.54986729797672],[22.34801222749781,65.54982551665938],[22.349907480751682,65.54883120258243],[22.349806626606693,65.54847526657511],[22.35109499812203,65.54841257095599],[22.35099412972564,65.54805663588073],[22.352611036319207,65.54761709234273],[22.352889141847843,65.54706228685653],[22.354556408842186,65.54680069018339],[22.35440504782481,65.54626679158267],[22.356552125844498,65.54616222962197],[22.356779665976653,65.54542945257585],[22.357739413899104,65.54574354814171],[22.362488182449805,65.54406873289622],[22.36382681108491,65.54418389438382],[22.36458452387069,65.54378609626077],[22.3658726208945,65.54372327758763],[22.367059645668906,65.54330452561211],[22.36695858330872,65.54294860310667],[22.367867819810638,65.54308467297213],[22.367766747453043,65.54272875110556],[22.369105327459224,65.54284386638909],[22.369180858767578,65.54157719309656],[22.370948710990756,65.54167134162537],[22.37122636729532,65.54111650692344],[22.37241318696848,65.54069771499655],[22.37226150331212,65.54016383747029],[22.37279193013457,65.54049879604165],[22.37579704484139,65.54035204352472],[22.37612517040038,65.53997515876078],[22.377909146635837,65.5397928691781],[22.37671758,65.53560211],[22.419635810000003,65.53349899],[22.42014876401145,65.53529200186004],[22.420913533745797,65.53525441355266],[22.42124094018682,65.5348774382382],[22.422833787822718,65.53588177738203],[22.42492877002335,65.53559831859249],[22.42465231655634,65.5361532396182],[22.42621628685597,65.53553499215963],[22.4263690417163,65.53606880471484],[22.424906865783825,65.53704293017903],[22.425008690838172,65.53739880622973],[22.425867095224163,65.53735658877207],[22.42579432538094,65.53862326228891],[22.426652768511797,65.5385810399858],[22.425466941513665,65.53900024722977],[22.42572155204522,65.53988993580582],[22.424586568497293,65.5404870746024],[22.422869545682,65.5405714922609],[22.421813999997884,65.54111277293656],[22.42472638,65.55129289],[22.419610602602415,65.55154398837584]],[[22.45186148999999,65.72138473999999],[22.45443919,65.73028084],[22.432819589999998,65.73134044],[22.4302492,65.7224439],[22.45186148999999,65.72138473999999]],[[22.75901075577227,65.65834371793115],[22.756581742818167,65.66045402897103],[22.75571961015199,65.66049817416824],[22.755238398299824,65.65889798868284],[22.756100478787424,65.6588538467562],[22.755509040840742,65.65834252322851],[22.756588244232006,65.65756511484518],[22.7587433217749,65.657454732967],[22.75901075577227,65.65834371793115]],[[22.716649049999997,65.65399499],[22.713990669999994,65.64510420999999],[22.729946950876776,65.64428895848913],[22.73007579974498,65.64357556431317],[22.731314971071672,65.64333176201444],[22.73163924975439,65.6429541443539],[22.732931647689796,65.64288813806553],[22.733522273387432,65.64339955777506],[22.73238156530834,65.64416456715324],[22.75705601,65.64290388],[22.75972888,65.65179376],[22.716649049999997,65.65399499]],[[22.454881779999997,65.50469505],[22.45233075,65.49579869],[22.473754449999994,65.49473828999999],[22.475554885827343,65.50099915040386],[22.479382954417947,65.49952577089816],[22.479178183341944,65.49881410348402],[22.480412529584488,65.49857241897134],[22.48224780952994,65.49739862183866],[22.48310478832565,65.49735609409029],[22.483808106803842,65.49677981643607],[22.485144765725547,65.49689392461326],[22.48524722184765,65.49724975359355],[22.483910544193897,65.49713564651253],[22.483635712845658,65.4976906586798],[22.48582940479582,65.49776222463167],[22.48336087046027,65.49824567045987],[22.48238263049848,65.49937695683882],[22.48291358858743,65.49971152362649],[22.481730424746498,65.50013114470579],[22.481832849718522,65.50048697631911],[22.478833042481707,65.50063578079454],[22.477272398626937,65.50125453834244],[22.47561918303142,65.50122273838905],[22.47631265,65.50363421],[22.454881779999997,65.50469505]],[[22.43579796446375,65.55074785116415],[22.436988163465163,65.5503425781079],[22.437642851439453,65.54958855847207],[22.438931021570443,65.54952511729059],[22.44087375758266,65.54870763276068],[22.44435979282515,65.54871629006617],[22.44274442808443,65.5491567978623],[22.443275938080305,65.54949149833428],[22.44160945087273,65.5497540642598],[22.441388676374835,65.55047262812613],[22.44619702,65.55023592],[22.443643569999995,65.54133943999999],[22.486564679999997,65.5392173],[22.48913251,65.54811292],[22.46766573,65.54917593],[22.47022829,65.55807192],[22.427274549999996,65.56018974999999],[22.42472638,65.55129289],[22.43579796446375,65.55074785116415]],[[22.76620827860957,65.60065667861578],[22.76440662536768,65.60065612669611],[22.76101623692275,65.60245502631305],[22.75848897068438,65.6027652613721],[22.754244739189907,65.60171923482318],[22.754084795026493,65.6011858338876],[22.755108448367835,65.60023065929462],[22.75478855393278,65.59916385916316],[22.75597206330122,65.59874207984824],[22.757638899758348,65.59847602523752],[22.758605648496776,65.59878748752081],[22.762152680707597,65.59896649112235],[22.763816422417275,65.6001448231054],[22.765106595067603,65.6000785658877],[22.76499982449184,65.5997229744011],[22.765907061861395,65.59965378177299],[22.765215449999996,65.59735107],[22.78670699,65.5962456],[22.78938421,65.6051349],[22.767885459999995,65.60624082999999],[22.76620827860957,65.60065667861578]],[[22.615242849616823,65.6808789732349],[22.61215883929882,65.6811357507712],[22.609791764420784,65.6805326034501],[22.608835241517315,65.67877566456458],[22.61056067319987,65.67868905138167],[22.61008801522152,65.67708832265869],[22.61117191773931,65.67631192129384],[22.61241333483196,65.67606908673413],[22.61230828153368,65.6757133708362],[22.613602193166308,65.67564838484519],[22.615927244887693,65.67462909785442],[22.61759981284078,65.67436455141913],[22.617442139841774,65.67383098387165],[22.619388195229376,65.67301117659073],[22.619283061179193,65.6726554663402],[22.6209554661246,65.67239088461197],[22.621123816975434,65.67147992818447],[22.623279935974534,65.67137149100255],[22.621839107188904,65.66945847528743],[22.620230140099768,65.66845639938253],[22.618557979323565,65.66872097065215],[22.615813270906187,65.66831743884822],[22.61408855033244,65.66840410449458],[22.612637470576786,65.66793551701565],[22.608756859815593,65.66813040593891],[22.60709600800005,65.66695032526145],[22.605161521107682,65.66632544693127],[22.604468119219327,65.66545777769058],[22.602586240304387,65.66501072640023],[22.601945388594885,65.66432090671628],[22.602597914187477,65.66356619744984],[22.600506549449737,65.6624076687565],[22.597110147982225,65.66275849089557],[22.596574269876267,65.66242437572954],[22.598898850227652,65.66140535419804],[22.598689260410723,65.66069389850945],[22.5971341237034,65.65986942756122],[22.599784697643834,65.65847305126677],[22.605388034788593,65.65819186445663],[22.607007218565386,65.65774958297324],[22.607921692521145,65.65788415644828],[22.60991935135755,65.65724233932612],[22.613798323385826,65.65704743730232],[22.61617424356131,65.65620602082403],[22.619622033847698,65.65603263931654],[22.622102754028507,65.65554684343509],[22.623017222538216,65.65568132604957],[22.624204986429266,65.65526055232621],[22.626086503699405,65.65570733936704],[22.626191648282653,65.65606304475999],[22.627053575696703,65.65601965006088],[22.629902330249784,65.6567786926789],[22.63162621447873,65.65669185596035],[22.632162414669427,65.65702584412445],[22.634695613835845,65.65671769404992],[22.635662824966843,65.65702994849808],[22.635873392748547,65.65774134312174],[22.637807943759476,65.65836582955016],[22.63866992423589,65.65832236836991],[22.639258917932136,65.65883417758026],[22.64012091103766,65.65879070803489],[22.641078727334676,65.66054743645022],[22.642046159028705,65.66085964800583],[22.641394858114744,65.66161451420291],[22.637137066764012,65.66200970209643],[22.63459349470223,65.66376241097443],[22.63475144673151,65.66429595784196],[22.635666288481485,65.66443036049544],[22.636308033887477,65.66512002875375],[22.63717024181216,65.66507657377859],[22.638295837336372,65.66592235128292],[22.637423882491454,65.66741032458529],[22.636614269906794,65.66763162985805],[22.637256124883212,65.66832129301595],[22.63817112240024,65.66845567900653],[22.641893383738594,65.66772650336326],[22.641998803788905,65.668082195036],[22.643450407120337,65.66855049666628],[22.642305644101338,65.67059377858443],[22.63998200985022,65.67161345481105],[22.64014013034894,65.67214699439545],[22.63846794997952,65.67241178504106],[22.63814211599104,65.67278921270737],[22.63904766748197,65.67436810243028],[22.638764904431152,65.67636788932572],[22.639838346755607,65.6770358028669],[22.63913388647698,65.67761281742315],[22.63960834936088,65.67921343738159],[22.63869296073973,65.6790790639986],[22.637557076425722,65.67967780691801],[22.637101424612368,65.68077307562662],[22.63836549,65.68503834],[22.627973833682574,65.68575583520267],[22.62606947379135,65.68819812811375],[22.62455403443325,65.68899633369077],[22.62239645543891,65.68910480370639],[22.622406952712925,65.68766028496051],[22.62138611171286,65.6871701023275],[22.616103054446867,65.68707455581479],[22.614166821147787,65.68644980974396],[22.613525097595506,65.68576004764051],[22.615040700283835,65.68496195040862],[22.616419747061926,65.68486127882248],[22.615242849616823,65.6808789732349]],[[22.5200979,65.65485538],[22.54164945,65.65378407],[22.54424984,65.66267841999999],[22.522691029999994,65.66375016999999],[22.5200979,65.65485538]],[[22.466693969999998,65.62140556999998],[22.48822043,65.62034209],[22.489461852418856,65.62462554556889],[22.491245110342053,65.6250786900241],[22.49377701678557,65.62477290442436],[22.494310782490427,65.62510740296128],[22.496894264527885,65.6249794732724],[22.497428074237693,65.62531396040114],[22.49866819465064,65.62507206851062],[22.498823072370765,65.6256057863076],[22.499150400065936,65.62522864339537],[22.499684243752824,65.62556312224548],[22.50049377374514,65.62534254812138],[22.50064869089894,65.6258762636601],[22.49989078146391,65.62627474421645],[22.50009733164844,65.62698636578263],[22.50106183761453,65.62729950398344],[22.49933938210387,65.62738484398692],[22.49949429022537,65.62791856079748],[22.49647990223183,65.62806786273526],[22.497926667850894,65.62853760216643],[22.49668637618942,65.62877948970987],[22.497047735623863,65.63002483594208],[22.49623803125388,65.63024539342385],[22.495307331677694,65.6315547117407],[22.494445953049052,65.63159735302978],[22.49292959212737,65.63239425380607],[22.492377778091328,65.63350433243096],[22.49032732587845,65.63396670511429],[22.490224149587355,65.63361088672616],[22.489311111552198,65.63347559035795],[22.48946585742815,65.63400931903028],[22.488173648910013,65.63407323079306],[22.48660538532541,65.6346921615961],[22.486053255721018,65.63580222037335],[22.484915617448415,65.63639983814285],[22.48507029400611,65.6369335719912],[22.48382947869654,65.63717535966354],[22.48360488826506,65.6379082968616],[22.482312468403784,65.63797216082395],[22.481984743214884,65.63834927137255],[22.48031301058124,65.63861231601082],[22.476435595632783,65.63880379233025],[22.47567693996002,65.63920215935127],[22.472127282889904,65.63901642835373],[22.47185087117195,65.63957143510282],[22.47098918033236,65.63961394634443],[22.47066126945283,65.6399910342868],[22.46969663824163,65.63967770409234],[22.47055833374625,65.63963520014234],[22.470834773901846,65.6390801954641],[22.46830118556421,65.63938561490832],[22.46911141769997,65.63916520126462],[22.468905599751203,65.63845353027293],[22.468095387710736,65.6386739426178],[22.468198285083062,65.63902977881331],[22.467613109244148,65.63851726976421],[22.46842332071571,65.63829685999956],[22.468320423759916,65.63794102395279],[22.470095161550184,65.6380339452477],[22.46945851779362,65.63734352606019],[22.470320136333484,65.63730102422849],[22.470165760221235,65.63676727236754],[22.46925270773198,65.63663185546253],[22.46914980736415,65.63627602001284],[22.46990848224574,65.63587768542979],[22.46813389319104,65.63578476047257],[22.46803101219302,65.63542892407199],[22.466738669589674,65.6354926546439],[22.466050756261772,65.63462430079935],[22.469085323278666,65.633031003006],[22.46898244239344,65.63267516725062],[22.470981739220946,65.63203516295107],[22.470518704225174,65.63043390799972],[22.47139125638307,65.63019642772669],[22.469264799999994,65.63030148999998],[22.466693969999998,65.62140556999998]],[[22.815522742275878,65.62673006355358],[22.81627602771109,65.62633004506503],[22.816060829566652,65.62561895136106],[22.817298299367923,65.62537446490997],[22.817621104491078,65.62499667922545],[22.819826989357836,65.62506323436784],[22.821441226396693,65.62606311675711],[22.824938486508973,65.62606283720524],[22.825046207627516,65.62641837652258],[22.82230239004168,65.62746303193016],[22.82246392933398,65.62799634413891],[22.820795922075543,65.62826312396764],[22.820580580953948,65.62755203814937],[22.81799784293907,65.62768551108319],[22.81826684732955,65.62712995123476],[22.815522742275878,65.62673006355358]],[[22.818966404684325,65.62799656938483],[22.8190202288139,65.6281743415576],[22.81858976259136,65.62819658577554],[22.818966404684325,65.62799656938483]],[[22.81159354835869,65.63397448312652],[22.810140501026282,65.63350782482661],[22.80540610668562,65.62941888866114],[22.805299273373045,65.62761890271508],[22.80793632211872,65.62621899363192],[22.809281405944365,65.62633012508927],[22.809442669531457,65.62686345401805],[22.81164869987672,65.62693012659865],[22.81224047760689,65.62744122753914],[22.81369321458144,65.62790786891782],[22.814554146751348,65.62786340705654],[22.814338848835526,65.62859673538512],[22.815630278108422,65.62853003493984],[22.815145921133787,65.62981892017874],[22.81433872215484,65.63004116018533],[22.81444631811388,65.63039670835066],[22.815845453061446,65.63068555302006],[22.81563017323509,65.63141888302202],[22.81654503337483,65.63155218214192],[22.816975587642297,65.6329743663502],[22.816383585011888,65.63390770974857],[22.817083276806326,65.6347743352668],[22.815468595623237,65.63521883458249],[22.813800189174952,65.6340411180707],[22.81159354835869,65.63397448312652]],[[22.80818907311906,65.68921827806992],[22.808296880756757,65.6895738286923],[22.807433885813527,65.68961827645273],[22.80818907311906,65.68921827806992]],[[22.8050267973564,65.63539659322001],[22.803734993937777,65.6354632072792],[22.80341257972161,65.6343965358203],[22.804166271633445,65.63399657321398],[22.805027425216743,65.63395216312233],[22.805726741448225,65.63481884491051],[22.8050267973564,65.63539659322001]],[[22.804683240887158,65.68921826016386],[22.804305622466842,65.6894182513686],[22.805006529262215,65.69028492065564],[22.80425126153053,65.69068490405851],[22.801608269011076,65.69064038713051],[22.80144668843259,65.69010705269584],[22.80225584764523,65.68988486080634],[22.802525758362396,65.68932931902305],[22.804683240887158,65.68921826016386]],[[22.793782298370672,65.63001802316269],[22.796687475388353,65.63095164867967],[22.79652532915137,65.6318627387959],[22.79415667032355,65.63270693884878],[22.792811310429393,65.63259567611705],[22.792219787551435,65.63208449670897],[22.792544375835906,65.63026232244505],[22.793782298370672,65.63001802316269]],[[22.75454680483649,65.65514214757603],[22.7546002555286,65.65531994645094],[22.753738289352857,65.65536407868062],[22.75454680483649,65.65514214757603]],[[22.753791735056733,65.655541877892],[22.753845181567954,65.65571967707666],[22.753414191472462,65.65574174173196],[22.753791735056733,65.655541877892]],[[22.742959725690284,65.60049223497093],[22.74285325573612,65.60013662478414],[22.741939866024527,65.60000286617355],[22.741726962031063,65.59929164392582],[22.74334075428702,65.59884793909147],[22.747264506727873,65.59882746099915],[22.751024631695888,65.5997179375618],[22.751827758797194,65.6009404991058],[22.7480102406231,65.6013167044261],[22.74473331026369,65.60058192953713],[22.742959725690284,65.60049223497093]],[[22.714286899815153,65.63318837197154],[22.71557886500789,65.63312251791318],[22.71568512460593,65.63347814952941],[22.713962479596212,65.63356595395676],[22.71331935821835,65.63287663507819],[22.714127542472895,65.63265492272313],[22.714664432872564,65.6329886056239],[22.714286899815153,65.63318837197154]],[[22.708315166131246,65.65858522209648],[22.709177332116138,65.6585413457255],[22.708905687984416,65.65909673872649],[22.708043502992833,65.65914061374981],[22.708315166131246,65.65858522209648]],[[22.693286568447807,65.65808560476606],[22.692696376065435,65.65757402404282],[22.69140312378608,65.6576396964208],[22.6928092604038,65.65648518221083],[22.69232516799277,65.65632924931283],[22.69265017214468,65.65595170755029],[22.693618352157813,65.65626356977857],[22.696045543390095,65.65559870747455],[22.697769723673268,65.65551109073238],[22.69993135883214,65.65395705464759],[22.70424147329925,65.65373786920578],[22.707848886800008,65.65409588923359],[22.708167667919316,65.65516280030229],[22.70395736838894,65.65718222528555],[22.704222922053866,65.65807132571935],[22.700874081203175,65.66004681936775],[22.70001184828893,65.6600906492755],[22.699361950818343,65.66084576251573],[22.697743573459874,65.66128904628347],[22.693054035389732,65.66170778013498],[22.692463760609936,65.66119619933208],[22.69154843874067,65.66106215679265],[22.691396231154414,65.65908418865597],[22.693286568447807,65.65808560476606]],[[22.698188855418753,65.67011189172716],[22.698241956894613,65.67028971398462],[22.69781066790132,65.67031162384198],[22.698188855418753,65.67011189172716]],[[22.69619168022472,65.67075489734722],[22.697485571852184,65.67068917764028],[22.697160466597715,65.67106673083809],[22.69619168022472,65.67075489734722]],[[22.672122723084506,65.6178217261545],[22.672930811047618,65.61760023430897],[22.672658762714107,65.61815556630052],[22.672122723084506,65.6178217261545]],[[22.654202995513604,65.68118480833277],[22.65463434893703,65.68116302812771],[22.654687178886856,65.68134086834996],[22.654202995513604,65.68118480833277]],[[22.65485437812878,65.680429886273],[22.660205826601658,65.67781293707402],[22.661499697940982,65.67774754358386],[22.662248228167783,65.67879276646974],[22.661438485365228,65.67901420539233],[22.6617028501159,65.67990339229205],[22.66272414421042,65.6803932994196],[22.662935683244346,65.6811046467145],[22.664282606060247,65.68121706460951],[22.664115736352834,65.68212805371311],[22.665788259685485,65.68186297725633],[22.666545139229104,65.68146367940643],[22.66633349761871,65.68075233817702],[22.66719616470126,65.68070870807564],[22.667188150829002,65.68215320433472],[22.66648417615224,65.68273034074922],[22.665621440343585,65.68277396750675],[22.666317377616817,65.68364133155895],[22.665181951540966,65.68424027631316],[22.664628456305948,65.68679540994256],[22.66316721497978,65.68777182326258],[22.660957043653777,65.68770300095198],[22.659935485146363,65.68721308459908],[22.657778233363608,65.6873220535397],[22.656272448992677,65.68667606282362],[22.65454667009329,65.68676319860158],[22.6537894512132,65.68716244013673],[22.654335305695174,65.68605183782992],[22.653692530618837,65.68536225610552],[22.65676533224542,65.68538761354873],[22.65741673796574,65.68463268024549],[22.658710958223637,65.68456730696252],[22.66060358392831,65.68356913905136],[22.661466356374063,65.68352554041068],[22.660611961583587,65.68212463943779],[22.658833642391897,65.6820339827907],[22.657698107935047,65.68263287271593],[22.657539548995338,65.68209935583107],[22.65840227872579,65.6820557750206],[22.6582965651389,65.68170009768438],[22.655277037778543,65.68185260672001],[22.654687178886856,65.68134086834996],[22.65485437812878,65.680429886273]],[[22.663586806660287,65.68034968985721],[22.66294393797592,65.67966014825004],[22.66553184120087,65.67952930198192],[22.665690545690506,65.68006280903445],[22.664827897050262,65.68010643040037],[22.665365022952937,65.68044029192194],[22.663586806660287,65.68034968985721]],[[22.66622768161444,65.68039666740464],[22.6659021628772,65.68077415140327],[22.665365022952937,65.68044029192194],[22.66622768161444,65.68039666740464]],[[22.663019902270655,65.60185673823845],[22.66226489717128,65.60225601211707],[22.660974302800383,65.60232139812152],[22.660008555827908,65.60200930307404],[22.661141097490297,65.60141040735746],[22.66243164616786,65.6013450204019],[22.663019902270655,65.60185673823845]],[[22.651619704411623,65.59431124075212],[22.651032010673873,65.59379946648593],[22.649689700087485,65.5936868842415],[22.64916392208951,65.59190843939405],[22.651313306870577,65.59179967300739],[22.654331416044194,65.59020284463246],[22.65782390487101,65.59020647360126],[22.658473375696207,65.58945154312497],[22.659333352415164,65.5894079721796],[22.660342428711015,65.59134242607973],[22.659157651574052,65.59176347117398],[22.65893818638413,65.59249661945864],[22.657805969612067,65.5930954953415],[22.655708331316166,65.5933822370093],[22.655813577190223,65.59373792065847],[22.654953770707547,65.59378145694474],[22.654629098017054,65.59415890788851],[22.651619704411623,65.59431124075212]],[[22.654698482006527,65.60029260933993],[22.655830595345485,65.5996937771105],[22.6571205942609,65.59962846042102],[22.65786650610063,65.60067373090884],[22.65566378147883,65.60060475574032],[22.654698482006527,65.60029260933993]],[[22.657750962513706,65.68281071162507],[22.65731958482505,65.68283250092381],[22.657266733152554,65.68265466183513],[22.657750962513706,65.68281071162507]],[[22.657372437296907,65.68301033998628],[22.65694105590266,65.68303212824807],[22.65688820633703,65.68285428900609],[22.657372437296907,65.68301033998628]],[[22.656993906267633,65.68320996746382],[22.65656252116777,65.68323175468868],[22.656509673709074,65.68305391529337],[22.656993906267633,65.68320996746382]],[[22.65690973020659,65.60776195487149],[22.655724642431732,65.60818295694936],[22.65395142456605,65.60809219123077],[22.653793490075774,65.60755866440017],[22.65621629385231,65.60689452281842],[22.65690973020659,65.60776195487149]],[[22.647335582987754,65.6004846333923],[22.644817505507483,65.59934842778391],[22.644607262804648,65.59863704256765],[22.645414686118688,65.59841571711638],[22.645476726660757,65.59714905419436],[22.64666149221085,65.59672813556244],[22.646933742358407,65.5961728547486],[22.647793644020673,65.59612936299115],[22.648925743897948,65.59553058249712],[22.650101155422117,65.59655414485667],[22.650803274869812,65.59597710367339],[22.65558524335852,65.59591556093689],[22.655953655161706,65.59716045319355],[22.655146363545487,65.5973818334357],[22.654926906868457,65.59811496938696],[22.652987480711975,65.5989351638213],[22.649600120443058,65.59928706729265],[22.648520466605945,65.6000636990091],[22.64964347898639,65.60090941830715],[22.648081130086258,65.601529955765],[22.646308389838087,65.60143909577043],[22.646150660770758,65.6009055589089],[22.647335582987754,65.6004846333923]],[[22.61137709431097,65.64290999212852],[22.61180785502087,65.6428883394971],[22.611860297847755,65.64306619843795],[22.61137709431097,65.64290999212852]],[[22.61229106066322,65.6430445444138],[22.612774272100836,65.64320074773353],[22.612879173305902,65.64355646477254],[22.611965185877793,65.64342191624182],[22.61229106066322,65.6430445444138]],[[22.61439240264559,65.64275839820377],[22.614287484597853,65.64240268238326],[22.613373531441002,65.64226814198695],[22.613163731200075,65.64155670850458],[22.614781753772164,65.64111435592248],[22.614193662290738,65.64060244272977],[22.615485818730985,65.64053745846233],[22.61441456381918,65.63986935095723],[22.616137387969918,65.63978270083363],[22.615223519146507,65.63964817072467],[22.615391927628625,65.63873722026965],[22.616253301775934,65.6386938924901],[22.616148378030275,65.63833817802345],[22.617335477976464,65.63791746481634],[22.616421669756846,65.63778294130906],[22.617230543190942,65.6375617512118],[22.616694950443584,65.63722770421658],[22.614110967024235,65.63735767899794],[22.615088255964487,65.63622555104399],[22.61455271905745,65.63589149592445],[22.616391178979637,65.63471603863657],[22.61811365341966,65.63462936962743],[22.621012252861036,65.6355664619883],[22.622787264712986,65.63565759471548],[22.624236678912236,65.63612610201655],[22.626820478708314,65.63599595668359],[22.626662896932675,65.63546239792454],[22.628332842269785,65.6351977599733],[22.62812270118732,65.63448635068265],[22.62958239677686,65.63351029050858],[22.631409845523056,65.63377917521194],[22.63162006972682,65.63449057910051],[22.63377306547583,65.63438202468315],[22.635610536150143,65.63320634464881],[22.637280240107803,65.63294161068863],[22.637605620052536,65.63256418959317],[22.64002147786113,65.6333447897567],[22.639863644364237,65.63281124728893],[22.640619542825736,65.63241208871844],[22.643308138894184,65.63263736145178],[22.644116616062217,65.63241603210206],[22.643958705271224,65.63188249468632],[22.648211455982693,65.6314871669689],[22.648202234304982,65.63293167386168],[22.64997714157829,65.63302248958432],[22.651259766094796,65.63440171091432],[22.65141784529175,65.63493523902152],[22.650662045154927,65.63533445039094],[22.651030895070935,65.63657935053303],[22.652638980248053,65.63758110882917],[22.65500302675444,65.63818361921041],[22.65510848184531,65.63853930134036],[22.651979545311942,65.6397805164411],[22.649755282489192,65.64260050146046],[22.64808509730792,65.64286537761984],[22.647865131614797,65.64359850880604],[22.645974835901256,65.64459649409244],[22.64608019871127,65.64495218345093],[22.6445678410332,65.64575055701825],[22.642519277279476,65.64621496591435],[22.640303079576938,65.64759031756397],[22.638685111251174,65.64803294167301],[22.63523853694189,65.64820674370078],[22.63470248718048,65.64787276489452],[22.628723501009368,65.64835456118496],[22.62856578972052,65.64782100567109],[22.627115632215137,65.64735254722844],[22.62545534488719,65.64617266177707],[22.623196272349077,65.64592540026828],[22.62298616736314,65.64521398344581],[22.62131552387041,65.6454785696544],[22.620180658200667,65.64607717219965],[22.613287679950645,65.64642385597375],[22.61269949081185,65.64591193796322],[22.610923802247733,65.64582069408226],[22.61102869085752,65.64617641253372],[22.60897946551576,65.64664037542083],[22.60801296192413,65.64632794389084],[22.60828650316439,65.64577271927467],[22.609474068244708,65.64535206283593],[22.611249720463857,65.64544332404431],[22.612879173305902,65.64355646477254],[22.61439240264559,65.64275839820377]],[[22.641013656674357,65.6056777717223],[22.63951314334487,65.60503156178564],[22.639733083866233,65.604298443185],[22.64059326861412,65.60425498938663],[22.640918264934246,65.60387756518185],[22.641778433378594,65.60383410482507],[22.64236618588395,65.60434591441272],[22.643226366896535,65.60430244571127],[22.643551325116615,65.60392501625094],[22.646614473081485,65.60395067703857],[22.6469393774634,65.60357324086739],[22.648282191762092,65.60368584232481],[22.648931936219896,65.60293096279791],[22.65016950914417,65.60268785903585],[22.65001169176831,65.6021543270915],[22.652749831009928,65.60255730771901],[22.65311822056337,65.6038022071627],[22.647790195935794,65.60497425420513],[22.647623076254135,65.60588522714701],[22.64643791733257,65.60630615734911],[22.644717432564526,65.60639312757365],[22.643752041073586,65.60608091238983],[22.641548881675124,65.60601173654173],[22.641759112617667,65.6067231261606],[22.64353220240711,65.60681403578923],[22.64181167233497,65.60690097350015],[22.641056512803242,65.60730013039728],[22.639933487460684,65.60645434757387],[22.639020688643203,65.60631994989593],[22.639345732131194,65.60594252857489],[22.641013656674357,65.6056777717223]],[[22.652724027719866,65.68505012955941],[22.65277685410443,65.68522797048736],[22.652345431147342,65.68524974612477],[22.652724027719866,65.68505012955941]],[[22.651661029794393,65.60477846791214],[22.651230940317106,65.60480022679317],[22.651178321324416,65.60462238333022],[22.651661029794393,65.60477846791214]],[[22.65137506287938,65.59053301065667],[22.650945208487784,65.59055476631676],[22.65089262617481,65.59037692239933],[22.65137506287938,65.59053301065667]],[[22.651217309667153,65.58999947936232],[22.65126989327867,65.59017732315321],[22.65084004465436,65.5901990784558],[22.651217309667153,65.58999947936232]],[[22.649439237300825,65.58250826773747],[22.649009513424254,65.58253001656657],[22.648956963875943,65.58235217165303],[22.649439237300825,65.58250826773747]],[[22.64907252365467,65.63144365603313],[22.649125193722437,65.63162149974329],[22.64869465739018,65.63164325599702],[22.64907252365467,65.63144365603313]],[[22.646479522721222,65.59168322765461],[22.646154750114402,65.59206066145639],[22.64561976529062,65.59172671047786],[22.646479522721222,65.59168322765461]],[[22.643312757139448,65.59130185524859],[22.64374263155835,65.59128012103558],[22.643795167221956,65.59145796791223],[22.643312757139448,65.59130185524859]],[[22.643795167221956,65.59145796791223],[22.644277583072693,65.59161407898118],[22.643847703677444,65.5916358147628],[22.643795167221956,65.59145796791223]],[[22.643250211708505,65.60881382215169],[22.64163467591552,65.6092564527677],[22.641371862609606,65.60836721571775],[22.642557198321686,65.6079463233083],[22.642452064390632,65.60759062927346],[22.643742495411384,65.60752542202755],[22.643250211708505,65.60881382215169]],[[22.64040643521629,65.60805497959142],[22.639976280217127,65.60807670721094],[22.63992373018444,65.60789885913464],[22.64040643521629,65.60805497959142]],[[22.63762078453925,65.66216582118199],[22.637673451268054,65.66234366894135],[22.637242393622355,65.66236539799911],[22.63762078453925,65.66216582118199]],[[22.633945230295407,65.57137863898194],[22.633086117718186,65.57142204408034],[22.633033703889396,65.57124419227296],[22.633945230295407,65.57137863898194]],[[22.632064180422148,65.601978129444],[22.63034392397879,65.60206493420955],[22.6302389856769,65.60170922973028],[22.632064180422148,65.601978129444]],[[22.61831544595957,65.67234311161357],[22.61836800518829,65.67252096716109],[22.617936758917196,65.67254264332942],[22.61831544595957,65.67234311161357]],[[22.616443446987738,65.6067365282593],[22.616013289693413,65.60675818791154],[22.61596090671445,65.60658032984043],[22.616443446987738,65.6067365282593]],[[22.616046577791217,65.60242461727417],[22.61615132553035,65.60278033351497],[22.61572123335475,65.60280199167455],[22.615186404200685,65.60246793166898],[22.616046577791217,65.60242461727417]],[[22.614423240228984,65.67398267471835],[22.613076887166862,65.67386980915104],[22.612971835498588,65.67351409370049],[22.615023087135505,65.67305005632858],[22.61518070463975,65.67358362694401],[22.614423240228984,65.67398267471835]],[[22.614565692500616,65.60628958369978],[22.614618065233866,65.60646744235694],[22.614187910556748,65.60648909680324],[22.614565692500616,65.60628958369978]],[[22.614580441095118,65.59744457901442],[22.613720429175604,65.59748788344127],[22.61366808437081,65.59731002420023],[22.614580441095118,65.59744457901442]],[[22.612167353112042,65.63817739379445],[22.612440729126536,65.6376221633963],[22.613732742591974,65.63755719550515],[22.613028715175883,65.63813408444047],[22.612167353112042,65.63817739379445]],[[22.613054530061437,65.60708763081955],[22.61262436355889,65.60710928095003],[22.612572002899487,65.60693142148052],[22.613054530061437,65.60708763081955]],[[22.61283788668203,65.6419340818959],[22.61289033424097,65.64211194043175],[22.612459587497266,65.64213359599376],[22.61283788668203,65.6419340818959]],[[22.611481974961524,65.64326571034071],[22.610620439575012,65.6433090126728],[22.610568004649114,65.64313115322324],[22.611481974961524,65.64326571034071]],[[22.611313408662717,65.64417665808165],[22.611365851238627,65.64435451719739],[22.61050427949374,65.64439781923883],[22.611313408662717,65.64417665808165]],[[22.60948559763074,65.6097941298367],[22.60953794413297,65.60997199051933],[22.609107726395603,65.60999363119342],[22.60948559763074,65.6097941298367]],[[22.604647754560943,65.63638935072208],[22.605509072437744,65.63634608449811],[22.60609689259072,65.63685803407436],[22.605235558918462,65.63690130379491],[22.604647754560943,65.63638935072208]],[[22.601770166019637,65.61325039790357],[22.603061000581807,65.61318553283448],[22.60273533977396,65.61356288260014],[22.60144448550068,65.6136277450973],[22.601770166019637,65.61325039790357]],[[22.58459466799041,65.59191252527683],[22.584542535725365,65.59173465383954],[22.5849724762538,65.5917130856851],[22.58459466799041,65.59191252527683]],[[22.580099918238123,65.58997210764578],[22.58052983409528,65.58995055234655],[22.58058193463295,65.5901284254845],[22.580099918238123,65.58997210764578]],[[22.58144176976204,65.59008531089653],[22.583369909852152,65.5907105552218],[22.58347415419535,65.59106629908848],[22.580686138064486,65.59048417168323],[22.58058193463295,65.5901284254845],[22.58144176976204,65.59008531089653]],[[22.581207202350466,65.59226290113348],[22.580777248978485,65.59228445873576],[22.580725141900988,65.59210658572931],[22.581207202350466,65.59226290113348]],[[22.58047773434298,65.58977267918291],[22.580907646529308,65.5897511228491],[22.580959749167057,65.58992899583562],[22.58047773434298,65.58977267918291]],[[22.57827607709212,65.58970256860084],[22.577846163079776,65.58972411748705],[22.577794082210705,65.58954624320931],[22.57827607709212,65.58970256860084]],[[22.57011854920127,65.59462330569819],[22.568880568549446,65.59486575986827],[22.568346502424202,65.59453152696277],[22.567590540171658,65.59493032580217],[22.568516360992376,65.59362061432314],[22.569428368643816,65.59375544444167],[22.57011854920127,65.59462330569819]],[[22.564019385488713,65.71549049049568],[22.56353508084234,65.71533414288784],[22.564883416637127,65.71544742764256],[22.564019385488713,65.71549049049568]],[[22.559732023931687,65.59640627999683],[22.561400204349795,65.59614239665484],[22.561504174611624,65.5964981584037],[22.560266020900475,65.5967405439596],[22.559732023931687,65.59640627999683]],[[22.5594901404544,65.71499421625255],[22.55964692059986,65.7155278528192],[22.558782876281853,65.71557088606193],[22.5594901404544,65.71499421625255]],[[22.55918524531154,65.58109285546702],[22.55923717868626,65.58127073762157],[22.558807384891956,65.5812922312721],[22.55918524531154,65.58109285546702]],[[22.558207430308276,65.58222462797656],[22.558259359726577,65.58240251050734],[22.557829546279866,65.58242400158309],[22.558207430308276,65.58222462797656]],[[22.551944514888007,65.54878843854924],[22.552699422061814,65.5483897285573],[22.552803043976983,65.54874549972533],[22.551944514888007,65.54878843854924]],[[22.553025055136352,65.54801248676577],[22.55388355653752,65.54796954209415],[22.553557936526836,65.54834678559989],[22.552699422061814,65.5483897285573],[22.553025055136352,65.54801248676577]],[[22.5538573896798,65.5822615981304],[22.55342757417789,65.58228307673828],[22.553375678051253,65.58210519221454],[22.5538573896798,65.5822615981304]],[[22.550523337379225,65.55138617702683],[22.5500940274944,65.55140764104272],[22.550042228241676,65.55122975441904],[22.550523337379225,65.55138617702683]],[[22.550386026982945,65.68097590974975],[22.550438141185914,65.68115379317892],[22.550006683186144,65.68117527862708],[22.550386026982945,65.68097590974975]],[[22.534244918738153,65.5538234158248],[22.53333449446351,65.55368835800786],[22.534193221814732,65.5536455227417],[22.534244918738153,65.5538234158248]],[[22.534364096991304,65.55273463837594],[22.536303992506507,65.55191595850766],[22.538879972464333,65.5517873896093],[22.53941275516201,65.55212173925034],[22.540700749557065,65.55205743378238],[22.539635168152,65.55138874185552],[22.542262822114218,65.55143800683958],[22.541626535724255,65.5507478872822],[22.542485149806886,65.55070500612582],[22.542692140274173,65.5514165649524],[22.545164501557238,65.55093211097338],[22.544512928047926,65.55168656315759],[22.540049019120126,65.55281186834561],[22.53870926005882,65.55269827741566],[22.539035148145054,65.55232106313697],[22.537747135773127,65.552385354614],[22.53505194605271,65.55360268263553],[22.534193221814732,65.5536455227417],[22.534364096991304,65.55273463837594]],[[22.54566073934763,65.54964399104426],[22.5469485927788,65.54957963384322],[22.547274323888438,65.549202403428],[22.548132875881326,65.54915949086394],[22.548029315684357,65.54880371587097],[22.550123859952038,65.54851852839916],[22.54871750547919,65.54967169453712],[22.547858937786312,65.54971461057737],[22.548014282312955,65.55024827317445],[22.546297103054624,65.55033409285183],[22.545164501557238,65.55093211097338],[22.54566073934763,65.54964399104426]],[[22.549902461385933,65.68081951138896],[22.549954571891885,65.68099739502082],[22.549523116012537,65.68101887907484],[22.549902461385933,65.68081951138896]],[[22.548503898914063,65.68052819096563],[22.548935347643834,65.68050670987695],[22.548987450756005,65.68068459391414],[22.548503898914063,65.68052819096563]],[[22.548987450756005,65.68068459391414],[22.549471008415274,65.6808409952659],[22.549039554656368,65.68086247792576],[22.548987450756005,65.68068459391414]],[[22.54448980497614,65.58453418223272],[22.544059942646598,65.58455563473792],[22.54400810505137,65.58437774641287],[22.54448980497614,65.58453418223272]],[[22.542433404137487,65.55052711635547],[22.542862707133484,65.55050567413858],[22.542914455679778,65.5506835637329],[22.542433404137487,65.55052711635547]],[[22.540442073664376,65.5511679811675],[22.54124896533203,65.5509472163186],[22.5413524433034,65.55130299678791],[22.540442073664376,65.5511679811675]],[[22.540206521642922,65.58330409256537],[22.540154713376594,65.58312620262647],[22.540584555989827,65.58310476140056],[22.540206521642922,65.58330409256537]],[[22.53920584741726,65.55141017509781],[22.539154122427792,65.55123228399604],[22.53958344028537,65.55121085092972],[22.53920584741726,65.55141017509781]],[[22.53783460388958,65.58414427926178],[22.537404741385732,65.5841657128868],[22.537352950191934,65.58398782181676],[22.53783460388958,65.58414427926178]],[[22.535617876383256,65.58551810577704],[22.536047762988044,65.58549667697797],[22.536099548885023,65.58567456854867],[22.535617876383256,65.58551810577704]],[[22.536099548885023,65.58567456854867],[22.536581227158074,65.58583102973087],[22.536151335562614,65.58585246009395],[22.536099548885023,65.58567456854867]],[[22.5359384235074,65.51168892322141],[22.535509751565026,65.51171033937558],[22.535458146629665,65.51153244581856],[22.5359384235074,65.51168892322141]],[[22.53580446566909,65.58316265651965],[22.535374617353973,65.58318408424132],[22.535322842383597,65.58300619231412],[22.53580446566909,65.58316265651965]],[[22.535156695217147,65.58842865824973],[22.535208482060444,65.58860655011742],[22.534778543271248,65.58862797706266],[22.535156695217147,65.58842865824973]],[[22.53106020834322,65.58484285920069],[22.53149008832317,65.58482144339969],[22.531541841462516,65.58499933685819],[22.53106020834322,65.58484285920069]],[[22.531541841462516,65.58499933685819],[22.532453364543883,65.58513439434984],[22.531593595381942,65.58517723029121],[22.531541841462516,65.58499933685819]],[[22.534602773794585,65.5850272832901],[22.53518798899793,65.58553953336433],[22.53389832215915,65.58560380885542],[22.532453364543883,65.58513439434984],[22.534602773794585,65.5850272832901]],[[22.52901183007855,65.51329810744473],[22.529988514169276,65.51216653529491],[22.532080348103797,65.5118816251328],[22.531326144326226,65.51228022504408],[22.53185799343913,65.5126146107119],[22.534807207607216,65.51228684963306],[22.534104633114108,65.51286335693818],[22.53436263534034,65.5137528270921],[22.53227067917485,65.5140377700817],[22.52901183007855,65.51329810744473]],[[22.534136834822057,65.5834262525663],[22.534670230665295,65.58376061273493],[22.53381051126192,65.58380346075293],[22.533328887504307,65.58364699021325],[22.534136834822057,65.5834262525663]],[[22.5338826021666,65.58704837190027],[22.53345268779221,65.58706979483692],[22.533400916632477,65.58689190221186],[22.5338826021666,65.58704837190027]],[[22.531406620014216,65.58753267827582],[22.5313548617244,65.58735478482151],[22.531784782886625,65.58733336776834],[22.531406620014216,65.58753267827582]],[[22.530984534505347,65.51410198500906],[22.530555818064624,65.5141233875692],[22.53050424110671,65.51394549203478],[22.530984534505347,65.51410198500906]],[[22.528941092913183,65.51005318117527],[22.52914732570918,65.51076476609498],[22.52818689145759,65.51045176539812],[22.52647224955191,65.51053733433103],[22.528941092913183,65.51005318117527]],[[22.52868600607294,65.56168038157415],[22.528256504983325,65.56170178558718],[22.528204830072145,65.56152389023121],[22.52868600607294,65.56168038157415]],[[22.528500608342725,65.58803835424173],[22.528070672280744,65.58805976212719],[22.528018935521214,65.58788186731594],[22.528500608342725,65.58803835424173]],[[22.527775331084257,65.56154529285797],[22.5273458313182,65.56156669427422],[22.527294162945143,65.56138879854134],[22.527775331084257,65.56154529285797]],[[22.52593778192926,65.56271966591574],[22.527003498378292,65.56338845292217],[22.52336064463488,65.56284802626466],[22.52593778192926,65.56271966591574]],[[22.52420684495385,65.62127812589064],[22.52398351134834,65.6220111100794],[22.523553008966328,65.62203251085033],[22.52339764916649,65.62149882317911],[22.52420684495385,65.62127812589064]],[[22.52377382655049,65.56427120405172],[22.522914728473207,65.56431398396052],[22.52281143984981,65.56395818896335],[22.523618877497963,65.5637375125719],[22.52377382655049,65.56427120405172]],[[22.52360479712968,65.6222104066899],[22.523433229138885,65.62312128611963],[22.52191825738773,65.62391846254977],[22.519335029522548,65.62404681582406],[22.51907622058479,65.62315732783469],[22.519937270712223,65.62311455002602],[22.520969978259743,65.62216088998322],[22.52360479712968,65.6222104066899]],[[22.52351742700104,65.62041004796383],[22.523569211024096,65.62058794385615],[22.522708251793873,65.62063074136721],[22.52351742700104,65.62041004796383]],[[22.522485178267743,65.5643353720989],[22.522055627284445,65.56435675902657],[22.522003988345368,65.56417886118936],[22.522485178267743,65.5643353720989]],[[22.51492611922986,65.62390484218365],[22.517027073870892,65.62362004814237],[22.517302363091982,65.62306497050588],[22.518542182033908,65.62282291919253],[22.518302190079012,65.6250004660651],[22.517321030835564,65.6261320083464],[22.51489277185871,65.6267939838012],[22.514685818394767,65.62608238643763],[22.513290624245887,65.62579070836381],[22.51346256157531,65.62487983670327],[22.51492611922986,65.62390484218365]],[[22.50857127738852,65.6245811506715],[22.512928557503233,65.62454540795207],[22.51303200123974,65.62490120819659],[22.512170878226122,65.62494394754067],[22.511516602596686,65.62569828502585],[22.51149974209348,65.62714285733625],[22.509071235724303,65.62780474209428],[22.507624316016823,65.62733511048232],[22.507107440343997,65.62555608667878],[22.50857127738852,65.6245811506715]],[[22.508846757621768,65.62402608646785],[22.508898449915012,65.62420398828633],[22.508467896252665,65.62422534675912],[22.508846757621768,65.62402608646785]],[[22.506280601557815,65.62270964332323],[22.506332273131193,65.62288754622297],[22.505901738733584,65.62290889721952],[22.506280601557815,65.62270964332323]],[[22.503473029397632,65.67319861630622],[22.503317713450723,65.67266490757002],[22.50504316016576,65.67257949251056],[22.505146726610743,65.67293529695233],[22.503473029397632,65.67319861630622]],[[22.50386223933187,65.48946689993552],[22.50343389998943,65.489488221748],[22.503382566196102,65.48931031451752],[22.50386223933187,65.48946689993552]],[[22.503542442925937,65.62230401802455],[22.50359409478654,65.62248192205409],[22.503163564396523,65.6225032652392],[22.503542442925937,65.62230401802455]],[[22.50116513209084,65.62765531381123],[22.50326655078968,65.62737070570422],[22.502181331699607,65.62814634931914],[22.5008894524613,65.62821036606348],[22.50116513209084,65.62765531381123]],[[22.50257721899143,65.48953086175315],[22.503005559875934,65.48950954235389],[22.503056891577145,65.48968744973388],[22.50257721899143,65.48953086175315]],[[22.502629741867395,65.62216879842343],[22.50268138715731,65.62234670282947],[22.502250858103547,65.62236804341082],[22.502629741867395,65.62216879842343]],[[22.502200203310796,65.48973008767516],[22.50262854782946,65.48970876930784],[22.502679877438474,65.48988667683733],[22.502200203310796,65.48973008767516]],[[22.501702775284425,65.49101807663564],[22.501582361286722,65.49210684053917],[22.498788888446537,65.49296766221869],[22.49906335174705,65.49241262625449],[22.501702775284425,65.49101807663564]],[[22.500458824488838,65.62823170254943],[22.501371730401342,65.62836693316316],[22.501475034235785,65.62872274268726],[22.500131480628838,65.62860884844919],[22.500458824488838,65.62823170254943]],[[22.50091728517971,65.48528238688301],[22.50048901145794,65.48530369967736],[22.500437707613468,65.48512579114364],[22.50091728517971,65.48528238688301]],[[22.50030389430749,65.62769798694403],[22.500355536921525,65.62787589217113],[22.499924913963294,65.62789722709151],[22.50030389430749,65.62769798694403]],[[22.500234768640148,65.62896465897624],[22.499804127519578,65.62898599373558],[22.499752486021247,65.62880808830916],[22.500234768640148,65.62896465897624]],[[22.495044394875528,65.64420011130088],[22.495475293007992,65.6441787874826],[22.495578591864533,65.64453460108366],[22.495044394875528,65.64420011130088]],[[22.496440397392966,65.64449194909865],[22.496233779592494,65.6437803232],[22.499956727919294,65.64305462048203],[22.50011176139842,65.64358833542967],[22.49930166671404,65.64380891316908],[22.499077469054352,65.64454186933239],[22.497836430822023,65.64478377374971],[22.497991433161204,65.64531749117575],[22.496267770323133,65.64540280838104],[22.495578591864533,65.64453460108366],[22.496440397392966,65.64449194909865]],[[22.499994946088268,65.62211891716204],[22.500046573225465,65.62229682264673],[22.49875497838277,65.62236081836812],[22.499994946088268,65.62211891716204]],[[22.499906836330084,65.48479128506472],[22.49905030220732,65.48483390357383],[22.498999009260444,65.48465599444077],[22.499906836330084,65.48479128506472]],[[22.498909421075016,65.49187889933287],[22.498481037349045,65.4919002075543],[22.49842973153038,65.49172229835541],[22.498909421075016,65.49187889933287]],[[22.49860012536913,65.62182710025861],[22.498703359932357,65.6221829123569],[22.49736015777924,65.62206899006193],[22.49677481446819,65.62155659518068],[22.49860012536913,65.62182710025861]],[[22.49734249858434,65.62351356874706],[22.49739411090583,65.62369147528322],[22.496532997006234,65.6237341257704],[22.49734249858434,65.62351356874706]],[[22.496842652544455,65.62480156656221],[22.49727322726077,65.62478024087294],[22.497324842140493,65.62495814740763],[22.496842652544455,65.62480156656221]],[[22.496757121318193,65.62300117413567],[22.496808728406414,65.62317908092314],[22.495947630324466,65.62322172792919],[22.496757121318193,65.62300117413567]],[[22.4965846043148,65.62391203263225],[22.496154043300283,65.62393335622998],[22.496102438887778,65.62375544919269],[22.4965846043148,65.62391203263225]],[[22.496344292657067,65.62157791892585],[22.49591377006704,65.621599241457],[22.49586217288523,65.62142133426659],[22.496344292657067,65.62157791892585]],[[22.496319427725325,65.64558071484159],[22.495888507163087,65.64560204127994],[22.495836852662304,65.64542413464378],[22.496319427725325,65.64558071484159]],[[22.49415228071061,65.63359697475664],[22.494203895333346,65.63377488235922],[22.493773168511357,65.63379620085787],[22.49415228071061,65.63359697475664]],[[22.491791653522053,65.50035345428165],[22.491842934626263,65.50053136598903],[22.49141440215667,65.50055265568551],[22.491791653522053,65.50035345428165]],[[22.489322992928905,65.50083699878749],[22.485498717463887,65.502650999857],[22.481743965204988,65.50319823705],[22.48201888821881,65.50264322738718],[22.48287603941324,65.5026006991877],[22.48342581483171,65.50149067596185],[22.48493508742477,65.50069394175465],[22.489220464343884,65.50048117330398],[22.489322992928905,65.50083699878749]],[[22.49035224950518,65.4998835823822],[22.49126056975397,65.50001891996442],[22.491363123918575,65.50037474380365],[22.489220464343884,65.50048117330398],[22.49035224950518,65.4998835823822]],[[22.48642692670789,65.67025169954691],[22.48556424546686,65.67029430339711],[22.48616869076868,65.66936214969071],[22.48822198952714,65.66889980479478],[22.48804895983578,65.66981065878154],[22.486754963622413,65.66987457628086],[22.48642692670789,65.67025169954691]],[[22.488859955438322,65.66959013211317],[22.48875662851514,65.66923431420165],[22.48961926818085,65.66919169263734],[22.48977427718265,65.66972541841314],[22.488583616140307,65.67014516862581],[22.488307265646696,65.67070020474766],[22.487444573208133,65.67074281938642],[22.48804895983578,65.66981065878154],[22.488859955438322,65.66959013211317]],[[22.485740640088693,65.63924641604393],[22.48611989257938,65.63904720860921],[22.486223038672303,65.63940303009255],[22.485740640088693,65.63924641604393]],[[22.48541295021232,65.63962353364334],[22.484982117706295,65.63964482824407],[22.48493055219191,65.63946691701429],[22.48541295021232,65.63962353364334]],[[22.483601302145146,65.64241996158631],[22.482360212512265,65.64266173998456],[22.481826223622758,65.64232720161961],[22.48263642697888,65.64210671606605],[22.482533317085572,65.64175089178306],[22.483601302145146,65.64241996158631]],[[22.479517578583284,65.50150411045684],[22.47908901805115,65.50152536548805],[22.47903782139856,65.50134744859949],[22.479517578583284,65.50150411045684]],[[22.47769679335151,65.67032169211771],[22.47774838316272,65.67049960557246],[22.477317030227606,65.6705208835919],[22.47769679335151,65.67032169211771]],[[22.446884867065872,65.67725193953326],[22.44861084217377,65.6771671601577],[22.448939517277708,65.67679011228813],[22.451199781503586,65.67703995456834],[22.453480059894396,65.67584516643775],[22.456017384878564,65.67553995732627],[22.459076903903323,65.67250221355367],[22.45823381220588,65.6711000688917],[22.459096574239474,65.67105761943648],[22.460184828448874,65.67028225393096],[22.4632043732564,65.67013362183884],[22.463307353919724,65.67048946053659],[22.464170085633246,65.67044698257104],[22.46606935367808,65.66945117555248],[22.470002976038025,65.66943783421357],[22.470331244876487,65.66906074412167],[22.47205658240918,65.66897570476962],[22.472417434056712,65.67022111473446],[22.472797231364652,65.6700219351691],[22.47716227185867,65.66998714262594],[22.47726544332446,65.67034296996181],[22.475868234544787,65.67005096780453],[22.474194405526035,65.67031396591284],[22.474986755205837,65.67153809918359],[22.473744199463447,65.67177982171975],[22.473519079078816,65.67251274929622],[22.472276462613642,65.67275446043134],[22.472810981186704,65.67308902714258],[22.471999735739477,65.67330947060962],[22.47210285228794,65.67366530199668],[22.471240029163162,65.67370782591512],[22.47198079202349,65.67475405917277],[22.471324158691015,65.67550824672989],[22.471910287129948,65.67602073203193],[22.470216997586114,65.67772828000417],[22.468645706463796,65.678347055318],[22.468748801112174,65.67870288920028],[22.465380546309994,65.68067331420531],[22.463551369321785,65.6804024477716],[22.46334530954481,65.67969077160433],[22.465090699733906,65.6781612129019],[22.46729968922566,65.67823289483319],[22.468439526524836,65.67763538725143],[22.46823335906203,65.67692371878216],[22.467215819909512,65.67643246920963],[22.46376410176171,65.67660242868874],[22.463055677083467,65.67717866430453],[22.460898276473,65.67728483986463],[22.460795296360615,65.67692899952621],[22.457774943533675,65.6770775917273],[22.457672007279005,65.6767217488389],[22.45680905396096,65.67676419209667],[22.455823348943067,65.67789538146346],[22.45496035291585,65.67793781464505],[22.454631752764943,65.67831487479512],[22.4529057249718,65.67839972307638],[22.45300860383001,65.67875556976033],[22.45247421607785,65.67842093210274],[22.451179684727066,65.6784845518764],[22.450110981414348,65.67781526110687],[22.448816473322307,65.67787886051954],[22.448056272636542,65.67827710476963],[22.446278828406488,65.67818395254638],[22.446556156257763,65.67762898331132],[22.446884867065872,65.67725193953326]],[[22.472618481825375,65.67544445742108],[22.47267004906907,65.67562237282499],[22.472238605894805,65.67564363732048],[22.472618481825375,65.67544445742108]],[[22.47190194339684,65.66844195726415],[22.471953488954746,65.66861987312446],[22.47152216155645,65.6686411344375],[22.47190194339684,65.66844195726415]],[[22.46952010188263,65.66928117333191],[22.469468571433634,65.66910325649609],[22.46989990854474,65.66908200091734],[22.46952010188263,65.66928117333191]],[[22.459054477172224,65.6860373216468],[22.461109589644156,65.68557532528686],[22.462404445784074,65.68551161771188],[22.462507489065832,65.68586745633793],[22.466340519557868,65.68549834696913],[22.466115091724216,65.68623126662824],[22.465303381055833,65.68645167895008],[22.465458013607854,65.68698543324643],[22.463937592119894,65.68778208462442],[22.459621014665533,65.68799444769894],[22.459054477172224,65.6860373216468]],[[22.463152884092846,65.66995570245233],[22.463584241613834,65.66993446460312],[22.463635733685734,65.67011238381464],[22.463152884092846,65.66995570245233]],[[22.45242547426243,65.4191174300561],[22.452222192789204,65.418405711148],[22.45136773289426,65.41844803818077],[22.451012059489983,65.41720252671168],[22.45181566638766,65.41698227213857],[22.450656423383354,65.41595701402481],[22.457064200475447,65.4156394803425],[22.457369285356254,65.41670704714072],[22.456291063394808,65.4174822914242],[22.457023369619492,65.4185286821495],[22.455894219552725,65.41912599654563],[22.4556703582767,65.41985888471642],[22.454113860404938,65.42047736087548],[22.452832073759023,65.42054086667889],[22.45250646181419,65.42091789212706],[22.449942829216663,65.42104486610799],[22.449312333653758,65.42035430077541],[22.45242547426243,65.4191174300561]],[[22.452425582654257,65.68582183894884],[22.449887209337355,65.6861269984319],[22.4505447253787,65.68537289481898],[22.45232267801693,65.68546599212306],[22.452425582654257,65.68582183894884]],[[22.448786999242778,65.68383517844329],[22.448406816647626,65.68403430178262],[22.448303975732202,65.68367845160827],[22.448786999242778,65.68383517844329]],[[22.44797520951538,65.68405549900415],[22.448026628228035,65.68423342422848],[22.447595017405437,65.6842546204068],[22.44797520951538,65.68405549900415]],[[22.44683461571166,65.68465286053166],[22.447266233915073,65.68463166643973],[22.447317649137315,65.6848095919384],[22.44683461571166,65.68465286053166]],[[22.446865857868545,65.40874644541536],[22.446438780283927,65.40876759280289],[22.446388023585516,65.40858966043666],[22.446865857868545,65.40874644541536]],[[22.435102732345978,65.64246261763049],[22.43267078973919,65.64312331320644],[22.433656279425172,65.6419922762328],[22.434949043106624,65.64192882320802],[22.435102732345978,65.64246261763049]],[[22.422201045371985,65.53519112134066],[22.42263021438247,65.53517002151723],[22.422681106593704,65.53534796052061],[22.422201045371985,65.53519112134066]],[[22.42161922081502,65.53467840175644],[22.42204838196232,65.53465730366216],[22.422099268999755,65.53483524291312],[22.42161922081502,65.53467840175644]],[[22.405830045738657,65.4427097085053],[22.404974703309044,65.44275178151771],[22.404924148515107,65.4425738331694],[22.405728925491264,65.44235381247272],[22.405830045738657,65.4427097085053]],[[22.397724577896337,65.43859738136459],[22.398152188746668,65.43857636662632],[22.39825318851548,65.43893226895317],[22.397724577896337,65.43859738136459]],[[22.371832203162935,65.54018479571987],[22.371402902252697,65.54020575275916],[22.371352348313966,65.54002779319059],[22.371832203162935,65.54018479571987]],[[22.37092304952165,65.54004874884754],[22.370493749968382,65.54006970329417],[22.370443202548458,65.53989174335702],[22.37092304952165,65.54004874884754]],[[22.369635148579157,65.5401116085565],[22.37006444965421,65.5400906565305],[22.370114994956065,65.54026861661514],[22.369635148579157,65.5401116085565]],[[22.369256386287145,65.54031051980087],[22.369685691002026,65.54028956881315],[22.369736234185744,65.54046752904529],[22.369256386287145,65.54031051980087]],[[22.368877618237054,65.54050943015433],[22.369306926591804,65.54048848020497],[22.369357467657295,65.54066644058462],[22.368877618237054,65.54050943015433]],[[22.36875153237667,65.54159814286749],[22.368700993265488,65.54142018226638],[22.36913031677706,65.54139923266746],[22.36875153237667,65.54159814286749]],[[22.36849884442878,65.54070833961697],[22.368928156423433,65.54068739070595],[22.368978695370608,65.54086535123308],[22.36849884442878,65.54070833961697]],[[22.36847381848524,65.54215297360027],[22.36804448193436,65.54217392146631],[22.367993946299592,65.54199596059476],[22.36847381848524,65.54215297360027]],[[22.3677918113682,65.54128411686352],[22.367362488453644,65.54130506265928],[22.367311959501933,65.54112710149327],[22.3677918113682,65.54128411686352]],[[22.363346927924717,65.54402686675321],[22.363296420001905,65.5438489040389],[22.363725788718657,65.54382796932343],[22.363346927924717,65.54402686675321]],[[22.360066072558308,65.5293920001222],[22.360495206610672,65.52937107690222],[22.360545661622105,65.5295490410826],[22.360066072558308,65.5293920001222]],[[22.360063386983516,65.54472819439148],[22.36001289982148,65.54455023037579],[22.360442283261186,65.54452930482954],[22.360063386983516,65.54472819439148]],[[22.35597533396527,65.5333802739203],[22.35602576751517,65.53355823981933],[22.35559656029639,65.53357915108745],[22.35597533396527,65.5333802739203]],[[22.354030985868064,65.53419668418447],[22.354081408064562,65.53437465084397],[22.353652185539563,65.53439555674824],[22.354030985868064,65.53419668418447]],[[22.35360176622104,65.53421758991715],[22.353172545815184,65.53423849443973],[22.353122130133457,65.53406052741266],[22.35360176622104,65.53421758991715]],[[22.349307715711536,65.53749383212663],[22.349358113387172,65.53767180060154],[22.34892883206469,65.53769269368965],[22.349307715711536,65.53749383212663]],[[22.348878437267956,65.53751472504324],[22.34801987810513,65.53755650724555],[22.347969489824745,65.53737853823175],[22.348878437267956,65.53751472504324]],[[22.345317121833638,65.53877052760082],[22.34488781853122,65.53879140944278],[22.344837448733468,65.53861343920357],[22.345317121833638,65.53877052760082]],[[22.342261630273278,65.53873870380833],[22.342311982795003,65.53891667507591],[22.341882674185733,65.53893754844496],[22.342261630273278,65.53873870380833]],[[22.341074399334765,65.5391572633091],[22.342033727660496,65.53947146261565],[22.340796115405002,65.53971204885798],[22.341074399334765,65.5391572633091]],[[22.339380829235516,65.54086335317955],[22.338951485766238,65.54088421857804],[22.338850818157066,65.54052827342149],[22.339380829235516,65.54086335317955]],[[22.33713345974232,65.54061172153963],[22.33670411824458,65.54063258054279],[22.336653799976173,65.54045460707161],[22.33713345974232,65.54061172153963]],[[22.3363485997238,65.542454031716],[22.33591922715133,65.5424748887999],[22.335868909948008,65.54229691505829],[22.3363485997238,65.542454031716]]],[[[22.6106792999994,65.57813358405556],[22.612095833859865,65.57861778173442],[22.613269004855503,65.57964165233722],[22.614180733360303,65.57977621594965],[22.613791245212603,65.5779767199347],[22.6106792999994,65.57813358405556]],[[22.612850639248027,65.57821877282353],[22.612420949374265,65.57824041751194],[22.612368660100632,65.57806255727841],[22.612850639248027,65.57821877282353]]],[[[22.610324625840786,65.59006467714451],[22.61077889984089,65.58897225250769],[22.611638636340444,65.58892896758292],[22.612341425267452,65.5883520978824],[22.615780257884484,65.5881788946107],[22.61766775691315,65.58718131435857],[22.619387080833924,65.58709466298073],[22.620896917476617,65.58629656638236],[22.619734080887003,65.58382823897846],[22.618822182044294,65.58369371052777],[22.618717490422664,65.58333799560634],[22.617428182679536,65.58340297837772],[22.617417105016955,65.58484750163746],[22.616180050160956,65.58509033265744],[22.616284715616555,65.58544604960362],[22.612666650666377,65.58797473198653],[22.609753089451672,65.58812142341222],[22.610324625840786,65.59006467714451]]],[[[22.352734769999998,65.52775079],[22.350215820000003,65.51885239],[22.328766329999997,65.51989553999998],[22.33377519351084,65.53762777473612],[22.33488962482142,65.53729278829933],[22.334789029338598,65.53693683972355],[22.33865254495632,65.53674911927187],[22.33802199446497,65.5360580899769],[22.339638394303158,65.53561869002012],[22.33953774184373,65.53526274516477],[22.340396241933178,65.53522101167408],[22.340624160470583,65.53448825516612],[22.342240418806288,65.53404882881313],[22.342897492482198,65.53329519601574],[22.344185134674944,65.5332325664297],[22.344285841060795,65.53358850766014],[22.345952344648094,65.53332701331549],[22.34585161675436,65.53297107340744],[22.34698812234163,65.53237451042177],[22.348326085822578,65.53248981560151],[22.34913409341859,65.53227006465333],[22.34903332706221,65.5319141272446],[22.351457237159924,65.53125485124136],[22.35158402209472,65.53016614600779],[22.352593539184074,65.53065824816879],[22.354360598671022,65.53075259833795],[22.355496811634094,65.53015597434356],[22.354765156436194,65.52910908501593],[22.357339952232394,65.5289836177435],[22.35675953688574,65.52847063495211],[22.35799646561224,65.52822992494815],[22.357845164219505,65.52769602917185],[22.352734769999998,65.52775079]],[[22.355951712088945,65.5286904248097],[22.355093456812448,65.52873224412791],[22.355043040873774,65.52855427774102],[22.355951712088945,65.5286904248097]],[[22.354007705028817,65.52950683139404],[22.35357856247,65.52952773629538],[22.353528155003776,65.52934976931988],[22.354007705028817,65.52950683139404]]],[[[22.359832037634185,65.54544720352698],[22.359785457309187,65.54528301131468],[22.359435817660184,65.54546653453103],[22.359832037634185,65.54544720352698]]],[[[22.641155335770875,65.63274604920313],[22.641260574674092,65.6331017431349],[22.64212170988408,65.63305827096025],[22.642447020028275,65.63268084019356],[22.641155335770875,65.63274604920313]]],[[[22.54612581271479,65.52579805044486],[22.547035314736465,65.52593304069718],[22.546983597331508,65.52575515221403],[22.54612581271479,65.52579805044486]]],[[[22.61502930584046,65.60193435604515],[22.614599226523204,65.60195601089018],[22.614651588966094,65.60213386963538],[22.61502930584046,65.60193435604515]]],[[[22.598729759724684,65.6623162933495],[22.59878216021621,65.66249415725558],[22.599213258712748,65.66247253695437],[22.598729759724684,65.6623162933495]]],[[[22.551863276908847,65.54103200253891],[22.55143413872907,65.54105346860757],[22.551485923086098,65.54123135489826],[22.551863276908847,65.54103200253891]]],[[[22.536508811423307,65.58258612316804],[22.536560593487764,65.58276401461788],[22.536990433691656,65.58274258361345],[22.536508811423307,65.58258612316804]]],[[[22.531310085556935,65.51372479084884],[22.53125850441321,65.51354689561465],[22.53082979735275,65.51356829885611],[22.531310085556935,65.51372479084884]]],[[[22.529920809142105,65.51343320592963],[22.53034951488502,65.51341180527922],[22.53029794102842,65.5132339096433],[22.529920809142105,65.51343320592963]]],[[[22.53040108951692,65.51358970088978],[22.530778219852632,65.51339040342104],[22.53034951488502,65.51341180527922],[22.53040108951692,65.51358970088978]]],[[[22.446556156257763,65.67762898331132],[22.447039054333313,65.67778571693871],[22.446987657799934,65.67760779116193],[22.446556156257763,65.67762898331132]]],[[[22.471117932429017,65.6747965827595],[22.471169487824703,65.67497449878985],[22.47160092092121,65.6749532374299],[22.471117932429017,65.6747965827595]]],[[[22.44128216755481,65.55013108240112],[22.44085277060432,65.55015223741874],[22.44090382243029,65.55033016868542],[22.44128216755481,65.55013108240112]]],[[[22.424223133350928,65.53617434531968],[22.424274038787516,65.5363522836547],[22.424703224869518,65.53633117777997],[22.424223133350928,65.53617434531968]]],[[[22.3514052524345,65.53414413271578],[22.351506061532643,65.53450006811806],[22.35193528785148,65.53447916826433],[22.3514052524345,65.53414413271578]]],[[[22.349184477734166,65.53244803332112],[22.350472059914374,65.5323853508254],[22.350371274775963,65.53202941449442],[22.349184477734166,65.53244803332112]]],[[[22.337160229468267,65.53916707561547],[22.33673091176636,65.53918793445914],[22.336781227612114,65.53936590792932],[22.337160229468267,65.53916707561547]]]]}},{"type":"Feature","properties":{"cyano_daymap_file_id":53108,"date":"2023-06-21Z","cloud":null,"sub_surfac":null,"surface":null,"no_data":null,"class":1,"color_hex":null,"algae_class":"class_1","source_date":"2023-06-21"},"geometry":{"type":"Polygon","coordinates":[[[22.531102459999996,65.39262634],[22.528538780000005,65.3837314],[22.54986736,65.38266117999999],[22.547298510000005,65.37376662],[22.568618069999996,65.37269383],[22.56347197999999,65.35490538999997],[22.499550009999993,65.35811212],[22.50210086,65.36700768],[22.480782640000005,65.36807103000001],[22.48842537,65.39475865],[22.531102459999996,65.39262634]],[[22.507208289999994,65.38479861999998],[22.504653619999996,65.37590318],[22.525977019999992,65.37483639999999],[22.528538780000005,65.3837314],[22.507208289999994,65.38479861999998]]]}},{"type":"Feature","properties":{"cyano_daymap_file_id":53108,"date":"2023-06-21Z","cloud":null,"sub_surfac":null,"surface":null,"no_data":null,"class":1,"color_hex":null,"algae_class":"class_1","source_date":"2023-06-21"},"geometry":{"type":"Polygon","coordinates":[[[22.16322296,65.39256329],[22.15591112,65.3658562],[22.19857328999999,65.36381825999999],[22.20102296,65.37271984999998],[22.17968568,65.37374074],[22.182130079999997,65.38264268],[22.224817029999997,65.38059707],[22.22235841,65.37169596000001],[22.24369202,65.37066906000001],[22.23876611,65.3528675],[22.217446700000004,65.35389356],[22.214993589999995,65.34499227],[22.23630590999999,65.34396662999998],[22.23384755,65.3350657],[22.297752210000002,65.33197204],[22.295274449999997,65.32307231],[22.316565240000003,65.32203552],[22.314082259999996,65.31313615999998],[22.356644130000003,65.31105443],[22.354148889999998,65.30215585999998],[22.29032449,65.30527268],[22.287852279999996,65.29637278],[22.245307569999994,65.29843484999998],[22.247765659999995,65.30733558999998],[22.226483479999995,65.30836256],[22.228936340000004,65.31726366],[22.207645269999997,65.31828804999999],[22.210092880000005,65.32718951],[22.167491099999996,65.32923012],[22.16505764,65.32032782],[22.186352369999998,65.31930943],[22.181476759999995,65.30150548999998],[22.20275552,65.30048494],[22.200313390000005,65.2915833],[22.221583260000003,65.29056017],[22.21913589,65.28165887999998],[22.19787307,65.28268160000002],[22.19543457,65.27377983999999],[22.174176989999996,65.27479915],[22.176608429999998,65.28370131999998],[22.155341979999996,65.28471805],[22.15291759,65.27581546000002],[22.110393369999997,65.27783911],[22.12004527,65.31345242],[22.09875219,65.3144614],[22.10116259,65.323365],[22.03725133,65.32637517],[22.039642269999998,65.33527994],[21.997011629999996,65.33727253],[21.99939015,65.34617805],[22.02071346,65.34518285],[22.032668369999996,65.38970759],[22.054025469999996,65.38870735],[22.05162378,65.37980292],[22.094318329999997,65.37779422],[22.099151999999997,65.39560137999999],[22.16322296,65.39256329]],[[22.13457729,65.36687066],[22.132150759999995,65.35796776],[22.15347748,65.35695371],[22.15591112,65.3658562],[22.13457729,65.36687066]],[[22.08226575,65.33327533999999],[22.103574799999997,65.33226853],[22.10840461,65.35007543999998],[22.08708137,65.35108306],[22.08226575,65.33327533999999]],[[22.07591245894513,65.34206503739361],[22.078560072280982,65.34067782450352],[22.080595424100174,65.34022116801209],[22.08111799241752,65.34055722235658],[22.07993527720462,65.3409736871048],[22.081503044281206,65.34198185095023],[22.080939146756574,65.34309053155319],[22.082596433178026,65.3428320284873],[22.083731036694257,65.34223746484423],[22.081750615203465,65.34449505444692],[22.080519602294054,65.34473344696475],[22.07914419181946,65.34443759173],[22.077012270242886,65.34453807171454],[22.076063290077204,65.34422209428583],[22.07591245894513,65.34206503739361]],[[22.07448272237156,65.339968240736],[22.07618797446404,65.33988789062664],[22.07628416347532,65.34024405175009],[22.075431527513626,65.34028422986289],[22.0728318594314,65.34184947081592],[22.071552816873293,65.34190970769025],[22.07093421737205,65.34121745410972],[22.07448272237156,65.339968240736]],[[22.016873163155733,65.34086783089761],[22.0164467807809,65.34088775282585],[22.01639908915397,65.34070964929654],[22.016873163155733,65.34086783089761]]]}},{"type":"Feature","properties":{"cyano_daymap_file_id":53108,"date":"2023-06-21Z","cloud":null,"sub_surfac":null,"surface":null,"no_data":null,"class":1,"color_hex":null,"algae_class":"class_1","source_date":"2023-06-21"},"geometry":{"type":"MultiPolygon","coordinates":[[[[21.92349717,65.3857568],[21.92329362833069,65.38498767838236],[21.92279202231244,65.38578921005757],[21.92349717,65.3857568]]],[[[21.94012928,65.36695893],[21.942491779999997,65.3758655],[21.96384176,65.37487811],[21.961472139999998,65.36597194],[21.98281322,65.36498194],[21.98043825,65.35607612],[22.00177045,65.35508352],[21.99939015,65.34617805],[21.96311445516547,65.34786323201368],[21.957500301514703,65.35102810440627],[21.95910428,65.35706572],[21.94568985526181,65.35768601895857],[21.9374845157948,65.3623116230953],[21.934411490011435,65.36722210545507],[21.94012928,65.36695893]]]]}}]}