{"type":"FeatureCollection","properties":{"source":"SMHI SE.SR Ytansamling av alger","date":"2007-07-20","note":"Test: SMHI WFS clipped to Lulea municipal sea area and simplified 20 m."},"features":[{"type":"Feature","properties":{"cyano_daymap_file_id":3077,"date":"2007-07-20Z","cloud":null,"sub_surfac":null,"surface":null,"no_data":null,"class":1,"color_hex":null,"algae_class":"class_1","source_date":"2007-07-20"},"geometry":{"type":"MultiPolygon","coordinates":[[[[22.68788497,65.48396837],[22.692853070869294,65.48336759678345],[22.692836609251668,65.48371535905338],[22.70928726,65.48287479],[22.707718589930053,65.47757953503927],[22.706206389781077,65.47708912661605],[22.70599566412286,65.47637783260366],[22.704335996521518,65.47664324433332],[22.70417799247335,65.47610977147527],[22.70321651028753,65.47579790783993],[22.70380934402076,65.47486500055211],[22.702953222469052,65.47490878382806],[22.702367205863034,65.47439719839754],[22.703170656186682,65.47417559382657],[22.70306534720041,65.47381994418564],[22.703921432909286,65.4737761606496],[22.70381611566339,65.47342051162029],[22.705422917829104,65.47297728381777],[22.705692936891563,65.47242191492698],[22.70628478318815,65.4727395292227],[22.704019409999994,65.46509245999998],[22.72540545,65.46399678],[22.72276735999999,65.45510595999998],[22.808263199999995,65.45069492999997],[22.810929769999998,65.45958395],[22.93915615,65.45287449],[22.93644693,65.44398821999998],[22.95780381,65.44285993],[22.94425262,65.39842984],[22.965572039999994,65.39730084999998],[22.954739259999997,65.36175738],[22.912154880000003,65.36400870000001],[22.90946584,65.35512174],[22.845595389999996,65.35847489999999],[22.842929499999997,65.34958649999999],[22.8854977,65.34735497],[22.88014372,65.3295798],[22.986458779999996,65.32395322],[22.98916994,65.33283854],[23.09546959,65.327135],[23.092723319999994,65.31825199999999],[23.11397011,65.3171028],[23.105722529999998,65.29045477],[23.12694626,65.28930399],[23.12629121641612,65.28718905217423],[23.089750185962696,65.28445681869319],[23.089709002936797,65.2756147460627],[23.0877229961228,65.2617264628135],[23.085759402199205,65.25540930771194],[22.988745030000004,65.26062294000002],[22.991449090000003,65.26950829],[22.92779833,65.27289388],[22.91975511,65.24623349],[22.962149,65.24398216],[22.948713720000004,65.19955138000002],[22.969872830000003,65.19842354],[22.952303947521685,65.14021489721193],[22.943665326681607,65.13661674239026],[22.908875329999994,65.13846707999998],[22.904010704499196,65.1222095941383],[22.8985886497093,65.1203780521599],[22.885184620758892,65.11631308182429],[22.8574198396373,65.1087830198622],[22.8430911307973,65.1053259673164],[22.813630577896,65.099051531591],[22.783216068086205,65.09365218440139],[22.767695334584204,65.0912889661128],[22.736125520193397,65.0872488627787],[22.703969492420804,65.0841417016372],[22.687722653553607,65.08294181426642],[22.6549815048834,65.0812580646165],[22.622043315924994,65.0805348656589],[22.5890680589074,65.08077551930198],[22.5562078378235,65.0819784364121],[22.5236222511317,65.0841381956597],[22.4989570328592,65.0864342959367],[22.479055399054197,65.07943004414152],[22.463591449999992,65.08021069999998],[22.46609801,65.08910733],[22.413661006817847,65.09172429702842],[22.404200779056055,65.09727483020883],[22.405288140000003,65.10116416000001],[22.396858995939553,65.10158242319893],[22.385811231072775,65.10806440090673],[22.386660889999998,65.11110986],[22.380064294913943,65.11143626051079],[22.367410618656557,65.11886046336186],[22.372980109999997,65.13885034999998],[22.35183885,65.13989359999998],[22.35679265,65.15769117],[22.335635620000005,65.15873229000002],[22.338108300000002,65.16763141],[22.31694247,65.16866998],[22.326823619999995,65.20426754],[22.28443053,65.20633912],[22.289354099999994,65.22413922],[22.26814079,65.22517138],[22.27059831,65.23407176],[22.22815216,65.23612796],[22.23059746,65.24502912],[22.273057659999996,65.24297209],[22.2804467,65.2696727],[22.259196409999998,65.27070397],[22.273981819999996,65.32410611],[22.295274449999997,65.32307231],[22.297752210000002,65.33197204],[22.12730314,65.3401618],[22.12972604,65.34906481],[22.023100869999993,65.35408790999999],[22.02549006,65.36299292],[22.0468258,65.36199389999999],[22.049223889999997,65.37089844],[22.027881039999997,65.37189786999998],[22.032668369999996,65.38970759],[22.01130948,65.39070483000002],[22.01709078688075,65.41222864265933],[22.018523970345676,65.41148110974027],[22.021944165090638,65.41132156506038],[22.022990771874447,65.41199406431805],[22.02270691297758,65.41254831304866],[22.023989532002602,65.41248845686155],[22.02498833000529,65.41298284242087],[22.022994278216167,65.41361690916618],[22.022426517792795,65.41472540648785],[22.018306807076854,65.4167558873517],[22.02087714,65.42632524],[22.04226459,65.42532637],[22.04466814,65.43423092],[22.02327354,65.4352302],[22.02807174,65.45303996],[22.049480659999997,65.45203985999999],[22.05430042,65.46984857],[22.03287715,65.47084948],[22.03528257,65.47975415999998],[22.05671301,65.47875283000002],[22.05757012013455,65.4819138081281],[22.05820497741838,65.48140198214229],[22.05991950267097,65.48132172680879],[22.060160999430153,65.48221214403426],[22.058971650035026,65.48262850753383],[22.058736167837257,65.48336090652558],[22.057929170359365,65.48323796690511],[22.059127419999996,65.48765705],[22.06633938486594,65.48731900044935],[22.066990359963274,65.48658127463669],[22.06789614100539,65.48671917838416],[22.068179754549043,65.4861648476093],[22.0690855269009,65.48630274431201],[22.071083879721726,65.48566802723336],[22.072369948614554,65.48560772627357],[22.073510812802528,65.48501318000359],[22.075654192394346,65.48491263855846],[22.0797494952639,65.48366030722869],[22.078141639999995,65.47774848],[22.099568449999992,65.47674111],[22.101997219999998,65.48564449999999],[22.14485971,65.48361986],[22.141542048986476,65.4715259697762],[22.14006535777732,65.4712351944321],[22.13840060094243,65.47149440322232],[22.137261816182566,65.47208941905511],[22.135927798837773,65.47197220977445],[22.136735810162417,65.47175359399267],[22.13663821407695,65.47139748595924],[22.137923398463645,65.471336635696],[22.139062135993186,65.47074161533003],[22.13896451282047,65.4703855090597],[22.1406291936174,65.4701262947909],[22.140862272633342,65.46939379191055],[22.140005552867724,65.46943437596082],[22.139907922753025,65.46907827036323],[22.14087990478588,65.4691122514241],[22.140439931997516,65.46750841589592],[22.13946862353047,65.46747579402472],[22.138845080522202,65.46678386943431],[22.14030184411917,65.46700504329841],[22.1399753,65.46581468999999],[22.148448033950842,65.46541269117544],[22.14835415122639,65.46507059954614],[22.149161844464132,65.46485192037531],[22.14853811345269,65.46416003762664],[22.15020229989576,65.46390072264298],[22.15005568522465,65.46336657573758],[22.15395881952474,65.4633617099519],[22.155096847359548,65.46276657557723],[22.154093681467113,65.46227309574363],[22.156283733750225,65.46234947973548],[22.15618591420468,65.46199338649274],[22.157042360189863,65.46195271332772],[22.156516315225687,65.46161695751118],[22.159746302257492,65.46074204793325],[22.16011878604506,65.46017520693039],[22.159182740441054,65.45676931963352],[22.158572183760516,65.45646895438914],[22.157336691507073,65.45670801901107],[22.15628103669643,65.45602270246357],[22.15547746355866,65.45625521943329],[22.137535849999995,65.45691202],[22.132662429999996,65.4391065],[22.111267919999996,65.44011825],[22.108615217422255,65.43232161206956],[22.10905864789424,65.43200697199572],[22.107537126350383,65.42642075009051],[22.1057314113882,65.42650599328856],[22.10549766016591,65.42723844870389],[22.103932268782707,65.42785338877873],[22.102124472349455,65.42757797122323],[22.102737553640743,65.42664727359907],[22.10707694743315,65.42473121663754],[22.103992920000003,65.4134083],[22.146737240000004,65.41138426000003],[22.151613990000005,65.4291893],[22.20031135219504,65.4268653689194],[22.200129623601573,65.42634929297398],[22.200935690684556,65.42613035284923],[22.206543547100498,65.42604234928656],[22.20644520899656,65.42568629368765],[22.207300374843413,65.42564534804804],[22.207958824693286,65.42489228878925],[22.20881396179816,65.42485133485069],[22.2102782667846,65.42387928101364],[22.211511716806843,65.42363980325703],[22.21131493047515,65.42292769954925],[22.212597529463153,65.42286623933207],[22.21249912359471,65.42251018834264],[22.21450641856517,65.42158988386525],[22.20592781,65.39052284999998],[22.227277480000005,65.38949812],[22.232203920000003,65.40730005],[22.25356598999999,65.40627147999999],[22.256039109999996,65.41517193000001],[22.234669919999995,65.41620092999999],[22.23607717282486,65.41849214516381],[22.235373981005377,65.41874029465555],[22.23713775,65.42510175],[22.25851408,65.42407233],[22.26099091,65.43297267],[22.27795758324763,65.43198675380206],[22.282372519999996,65.43193981],[22.282909848750002,65.43264924680041],[22.283188358257934,65.43209456544548],[22.283715387995112,65.43242986967172],[22.284570627063783,65.43238848518757],[22.28412323257557,65.43078651303043],[22.281786492267013,65.4301779659503],[22.28168711397713,65.42982196998939],[22.280255335391676,65.42935002357366],[22.280961434050013,65.42877466479733],[22.282244120629034,65.4287126113874],[22.282343501396255,65.42906860695854],[22.28533645062949,65.42892377113574],[22.285893284786315,65.42781440077296],[22.285167497928853,65.42676711687575],[22.28549560987398,65.42639042895458],[22.28607226068676,65.4269037223695],[22.286877598263796,65.42668433035745],[22.286529601481742,65.42543835765024],[22.28424298657773,65.42500784065724],[22.284948884742242,65.4244324652004],[22.283517349659398,65.42396054731029],[22.283368290834165,65.42342655495315],[22.2850284840776,65.42316579411579],[22.286489823319574,65.42219303042123],[22.287344723376517,65.42215163358576],[22.28885563800544,65.42135684422648],[22.288706488423138,65.4208228580467],[22.28961106109101,65.42095944421031],[22.28936246110988,65.42006946857825],[22.293686305236555,65.42004035201265],[22.29383555078732,65.42057433230859],[22.293080203868623,65.42097175272828],[22.294561496153438,65.42162157293042],[22.29375637877652,65.42184100377989],[22.293855884274517,65.42219699052681],[22.293000995169912,65.42223842416705],[22.29310049224106,65.42259441149596],[22.291867876972617,65.42283454807837],[22.291211912315912,65.42358794835633],[22.289979232536403,65.4238280701437],[22.290227896520612,65.42471804410478],[22.288667110256334,65.42533485332966],[22.288388781239632,65.42588954301695],[22.28921413568803,65.42729280059697],[22.290019457737795,65.42707339196299],[22.290218418292454,65.42778537080842],[22.291172989669693,65.42809993968784],[22.292674945338426,65.43037243362951],[22.293957676517905,65.43031028015733],[22.29428570226986,65.42993357398136],[22.303358280665098,65.42949361704403],[22.30126116,65.42200446],[22.31122110140991,65.4215204853544],[22.31133058297655,65.42116855302882],[22.30937165358316,65.42036167651436],[22.309977158358897,65.41943021630803],[22.31083192350827,65.41938868766574],[22.310554122746044,65.4199434129604],[22.311508639610917,65.42025785367197],[22.313545842336833,65.41979802964788],[22.31364560695293,65.42015400072975],[22.31198590659788,65.42041507167598],[22.311658249369287,65.4207918126628],[22.312524218885383,65.42145716411663],[22.322631910000002,65.42096601],[22.32513013999999,65.42986506999999],[22.389252510000002,65.42673038],[22.391774009999995,65.43562809999999],[22.434527080000002,65.4335224],[22.4396043,65.45131593],[22.42295485626715,65.45213730053369],[22.424143313771495,65.45371676629719],[22.42109777819291,65.45368643405801],[22.420996399317616,65.4533305508866],[22.4191837238849,65.45305898582804],[22.418686458783327,65.45234787429071],[22.418214449999997,65.45237116],[22.420748769999996,65.46126826],[22.39934987,65.4623209],[22.401878949999993,65.47121837999998],[22.5944644,65.46163224000001],[22.59187105,65.45273869],[22.594278257644824,65.45261712829881],[22.596654499943877,65.45160879237743],[22.5968746127733,65.45087573514489],[22.59853318204168,65.45061154193648],[22.600671222090483,65.45050361044447],[22.601254545964924,65.45101562421],[22.602537383980508,65.45095084566746],[22.602317430060314,65.45168390951243],[22.60327652094192,65.45199645282787],[22.602469091902197,65.45220349894339],[22.607149074858462,65.45196716424626],[22.60467543176957,65.45084285735345],[22.604467717825973,65.45013139138959],[22.606605689128372,65.45002337651597],[22.607564767525027,65.45033589269875],[22.61007836708967,65.45002835435479],[22.61044213955943,65.45127340325081],[22.613024682703788,65.45087878537936],[22.610654099999998,65.44276577],[22.632026619999998,65.44168345],[22.63723989,65.45946885],[22.65862471,65.45838264],[22.66124141,65.4672748],[22.68263139,65.46618514],[22.68788497,65.48396837]],[[22.911537580000005,65.14735431],[22.89041616,65.14847348],[22.88776083,65.1395858],[22.908875329999994,65.13846707999998],[22.911537580000005,65.14735431]],[[22.433083189999998,65.35239494],[22.434417758562308,65.35709053502863],[22.436064201041024,65.35713307854796],[22.436165335349372,65.35748895407187],[22.437870351395013,65.3574045074264],[22.437993124669028,65.35631577106723],[22.439322411917967,65.35643035948425],[22.43957535534327,65.35732004158564],[22.441179144888302,65.35687968516282],[22.441402978431928,65.35614681886807],[22.4399219281756,65.35549844009361],[22.439842270118728,65.35369795783497],[22.438188074860708,65.35396036129508],[22.438310827239142,65.35287162489448],[22.436302758082018,65.35188844705972],[22.434742799147866,65.34943952545223],[22.43331282623815,65.34896901460608],[22.433962933525223,65.34821505741637],[22.43604291632454,65.34793159690477],[22.437472879030793,65.34840208190414],[22.438700633243712,65.34816080526295],[22.439278436831387,65.34867349995912],[22.442362364638544,65.34888152539843],[22.44316398831399,65.34866133725876],[22.443265179195958,65.34901720742512],[22.448935439706577,65.35072084773614],[22.449787705213016,65.35067855697396],[22.453551423143303,65.35175486227786],[22.454403713147368,65.35171254511351],[22.45540805382211,65.35220401341721],[22.4571633500659,65.35229728237806],[22.461404489013436,65.3535301462407],[22.465493743582293,65.35422910888393],[22.472171357822656,65.35642323656558],[22.473754881984544,65.35742713423052],[22.4837230711574,65.36053971876365],[22.486039049766745,65.36258974287412],[22.48629364472657,65.36347932920626],[22.485046640616165,65.36516558670527],[22.482743139837645,65.36618264947998],[22.480611375277018,65.36628884541854],[22.480509598711187,65.36593300645745],[22.47631641011461,65.36487863236191],[22.475209490672537,65.36403146937495],[22.474650217217803,65.36207432904092],[22.469026643856367,65.36054962466822],[22.464337593603094,65.36078277991295],[22.46353578995639,65.36100308272886],[22.46363731385797,65.36135893575306],[22.459800659729733,65.3615495742339],[22.45819691365721,65.36199012867333],[22.457922783341637,65.3625450867367],[22.45659311314398,65.36243066658167],[22.456694549803604,65.36278652518567],[22.454238013517088,65.36326937272254],[22.455314162574275,65.36249416442381],[22.45217785376022,65.36210849078475],[22.451447447476664,65.36106205715896],[22.45001653858769,65.36059171472552],[22.44885998723483,65.35956641530449],[22.450088147626655,65.35932504154975],[22.450615758833234,65.35965975577454],[22.45146831060187,65.35961745254883],[22.451814077047743,65.35779583197493],[22.453316315077544,65.35699948548542],[22.45534606790535,65.35653782262858],[22.45604640956497,65.35596170474302],[22.454565016721066,65.35531347364211],[22.454362273766016,65.35460175216342],[22.450547452686234,65.35334753974917],[22.447138032701364,65.35351669472213],[22.4455851725258,65.35413504552008],[22.446091448312075,65.35591438423529],[22.445542773857166,65.35702425998409],[22.444740919527675,65.35724446317117],[22.44512473272264,65.36011254381792],[22.44628116511071,65.36113787316746],[22.446635697368723,65.3623834073874],[22.445833691388557,65.36260361795674],[22.445609937554533,65.36333649002756],[22.44611642941064,65.3651158264592],[22.444989254508677,65.3657130389194],[22.444136492570536,65.36575530759477],[22.44423777622439,65.36611117616073],[22.445567586473945,65.36622570404025],[22.444288419187224,65.36628911040657],[22.441332889702366,65.36805956076256],[22.440357348295713,65.36919054718388],[22.440885043213456,65.36952529466828],[22.438803417764632,65.36980883897958],[22.43890074771419,65.37015097398249],[22.50210086,65.36700768],[22.507208289999994,65.38479861999998],[22.48587588,65.38586284],[22.490976759999995,65.40365439999998],[22.469628239999995,65.40471648],[22.46708395,65.3958203],[22.381699319999996,65.40003685],[22.380346133947306,65.39524553379341],[22.377163674690976,65.39504089262687],[22.374225438873637,65.39536546725377],[22.373698042528584,65.39503048321238],[22.3710360495336,65.39480016993735],[22.372115935281027,65.39402551918205],[22.372793984593464,65.39182716205461],[22.3718900226191,65.39169106882977],[22.371011295555757,65.39011033329065],[22.369630362210394,65.38981719238969],[22.36942959782909,65.3891053368934],[22.368525746887865,65.38896922235513],[22.368751840139083,65.38823644158968],[22.371865151167693,65.38700123349061],[22.374702047790976,65.38632079032892],[22.377470306494217,65.38506289951644],[22.376673289999996,65.38224084999999],[22.333998089999994,65.38432937999998],[22.324025289999998,65.34873324999998],[22.36664374,65.34664813000002],[22.36414104,65.3377498],[22.38544037999999,65.33670315999998],[22.390461819999995,65.35449891],[22.433083189999998,65.35239494]],[[22.500896160901423,65.40315947084471],[22.501032318272188,65.4028059705083],[22.502261976510496,65.402564155529],[22.502159736432684,65.40220833597193],[22.50344048338959,65.40214442148441],[22.50234900872084,65.39985290247168],[22.50347627309531,65.39925525967205],[22.50593518930687,65.39877158391735],[22.50610635774027,65.39786072906008],[22.510982831074866,65.39792858419962],[22.509764870000005,65.393694],[22.552438130000002,65.39155569],[22.557585440000004,65.4093445],[22.53623557,65.41041603],[22.53880501,65.41931078],[22.49608527,65.42144571],[22.494093125341763,65.41450770592846],[22.493371696089532,65.41383501126938],[22.49246638446331,65.41369965569893],[22.49190454370012,65.41174260575313],[22.489564898615765,65.41113731029449],[22.48790763895803,65.41140029192977],[22.488506557443912,65.4104681852579],[22.489736693224742,65.41022646759575],[22.489124100696298,65.40809148950487],[22.490525872362657,65.40693892484315],[22.49137988110161,65.40689638049881],[22.491533056341083,65.40743012268123],[22.492053457519418,65.40740419384286],[22.490976759999995,65.40365439999998],[22.500896160901423,65.40315947084471]],[[22.500554280448892,65.40264935941362],[22.500981205612177,65.40262806024516],[22.501032318272188,65.4028059705083],[22.500554280448892,65.40264935941362]],[[22.03971735333015,65.41588174969529],[22.038630383888048,65.4154111853673],[22.038961939122743,65.41503500283987],[22.03710768214873,65.4145806981054],[22.036483817553247,65.41226547612406],[22.037290872785945,65.41204740158167],[22.03776196779848,65.41058266753922],[22.0367150457682,65.4099102738577],[22.034529645671817,65.40983211102603],[22.033103315662576,65.40935776890697],[22.034237674959996,65.4071407027875],[22.033854031240388,65.40571594103149],[22.03625743028194,65.40303937656594],[22.035064729999995,65.39861237],[22.04766667073955,65.39802212490335],[22.055389113451636,65.39731362318861],[22.05638979364019,65.39746661776977],[22.054025469999996,65.38870735],[22.075380769999995,65.38770408999999],[22.08261804,65.4144158],[22.039862839999998,65.41642176],[22.03971735333015,65.41588174969529]],[[22.039677582257905,65.41608356303072],[22.039201987366994,65.41592546820137],[22.03962956759198,65.41590547019008],[22.039677582257905,65.41608356303072]],[[22.688459763664195,65.46409638434221],[22.687063290640985,65.46525075631112],[22.685832044015044,65.46549411485923],[22.684721508826,65.46320413065075],[22.686057683419097,65.46331644667835],[22.685524775841543,65.4629826219334],[22.68638054264323,65.46293894120049],[22.688459763664195,65.46409638434221]],[[22.608316052151586,65.44993694294968],[22.607888462564162,65.44995855314683],[22.60783651321815,65.44978068800579],[22.608316052151586,65.44993694294968]],[[22.599297083856378,65.44876810076425],[22.59881761903132,65.44861181638954],[22.59924519568084,65.44859023203401],[22.599297083856378,65.44876810076425]],[[22.599633336765244,65.44694624316242],[22.60177107229087,65.44683829924122],[22.602406237636405,65.44752817688563],[22.600100346645846,65.44854705971177],[22.59924519568084,65.44859023203401],[22.599633336765244,65.44694624316242]],[[22.600008996479296,65.446746788328],[22.599581450668406,65.44676837452842],[22.599529565349485,65.4465905058687],[22.600008996479296,65.446746788328]],[[22.514629610566544,65.37632062841669],[22.51638669554108,65.37641318785433],[22.516420610387026,65.37803566798422],[22.514594931849405,65.37920978115446],[22.51198459979437,65.37915985889735],[22.51307706548041,65.3769396722934],[22.514629610566544,65.37632062841669]],[[22.492652259493546,65.41585589488064],[22.492225110978985,65.41587717274327],[22.492122944246255,65.41552134561209],[22.492652259493546,65.41585589488064]],[[22.45242547426243,65.4191174300561],[22.452222192789204,65.418405711148],[22.45136773289426,65.41844803818077],[22.451012059489983,65.41720252671168],[22.45181566638766,65.41698227213857],[22.450656423383354,65.41595701402481],[22.457064200475447,65.4156394803425],[22.457369285356254,65.41670704714072],[22.456291063394808,65.4174822914242],[22.457023369619492,65.4185286821495],[22.455894219552725,65.41912599654563],[22.4556703582767,65.41985888471642],[22.454113860404938,65.42047736087548],[22.452832073759023,65.42054086667889],[22.45250646181419,65.42091789212706],[22.449942829216663,65.42104486610799],[22.449312333653758,65.42035430077541],[22.45242547426243,65.4191174300561]],[[22.45476575912714,65.36360407101685],[22.45433942223343,65.36362523320132],[22.45428871749621,65.36344730297435],[22.45476575912714,65.36360407101685]],[[22.453212500255244,65.36422250464176],[22.452786151826235,65.36424366254462],[22.452684761235986,65.36388780083283],[22.453212500255244,65.36422250464176]],[[22.45118212147686,65.3646841451505],[22.450755763589182,65.36470529739881],[22.450705080571694,65.36452736574138],[22.45118212147686,65.3646841451505]],[[22.449852368192055,65.36456966629252],[22.449426010865622,65.36459081476808],[22.449375337109604,65.3644128825678],[22.449852368192055,65.36456966629252]],[[22.447771237158506,65.36485332953595],[22.44819760035012,65.3648321856879],[22.44824826711748,65.3650101183565],[22.447771237158506,65.36485332953595]],[[22.44739553430725,65.36505240519779],[22.447821901091142,65.36503126237714],[22.447872565781342,65.36520919519361],[22.44739553430725,65.36505240519779]],[[22.44701982578648,65.36525147998],[22.447446196162677,65.36523033818683],[22.447496858775622,65.3654082711511],[22.44701982578648,65.36525147998]],[[22.446644111596054,65.36545055388254],[22.44707048556459,65.36542941311686],[22.447121146100233,65.36560734622896],[22.446644111596054,65.36545055388254]],[[22.446865857868545,65.40874644541536],[22.446438780283927,65.40876759280289],[22.446388023585516,65.40858966043666],[22.446865857868545,65.40874644541536]],[[22.4462683917359,65.36564962690545],[22.446694769296812,65.36562848716726],[22.446745427755033,65.36580642042719],[22.4462683917359,65.36564962690545]],[[22.435566273413126,65.34777476543478],[22.435039098858542,65.34743999397655],[22.435465192385884,65.34741888896421],[22.435566273413126,65.34777476543478]],[[22.435790201489986,65.34704190652776],[22.436642373445178,65.34699969119623],[22.43631737717486,65.347376675342],[22.435465192385884,65.34741888896421],[22.435790201489986,65.34704190652776]],[[22.373528658066977,65.30699136664794],[22.374805153874398,65.30692858893005],[22.374679871629134,65.30801729889339],[22.373828839801437,65.30805915155499],[22.373528658066977,65.30699136664794]],[[22.37680743812983,65.30791264628533],[22.376932631952634,65.3068239354539],[22.377783617956027,65.30678206568231],[22.377508289053427,65.30733688912329],[22.37850947788572,65.30782890264636],[22.381012434959214,65.30752529007854],[22.381112595999554,65.30788121243236],[22.38196360807365,65.30783931871933],[22.382288935012078,65.30746244873754],[22.38356542833786,65.30739959662081],[22.384892020487015,65.30751469338054],[22.38509245017057,65.30822653174474],[22.38429153526948,65.30844640311685],[22.38481726291707,65.30878136712305],[22.383540706327118,65.30884423052292],[22.383014993374612,65.30850926189979],[22.380987572961416,65.30896992499366],[22.381813806993783,65.31037266617808],[22.380261860454087,65.31099033317037],[22.37936066675952,65.31085425654499],[22.379861222928387,65.30956664102209],[22.378960080388843,65.30943056147011],[22.378859941268956,65.30907463745767],[22.37673229089615,65.30917931998638],[22.37645691756046,65.30973414195412],[22.377358058519693,65.30987023653387],[22.377458181029713,65.31022616171687],[22.378259208531524,65.31000632561673],[22.378359343830038,65.31036225006824],[22.377608370398384,65.31076004930864],[22.37703263252025,65.31024709685175],[22.37618153326003,65.31028896352905],[22.376757255690467,65.31080191940494],[22.375530628523858,65.31104267890314],[22.374279162803262,65.30966082727232],[22.374679871629134,65.30801729889339],[22.37680743812983,65.30791264628533]],[[22.37197470207741,65.31681067260003],[22.375805609036828,65.31662233197905],[22.37530499078733,65.31484269996258],[22.376256367697323,65.31515676264388],[22.37743310503096,65.31473803289407],[22.376006050875556,65.31426694767245],[22.380737860830923,65.3142145810455],[22.380187180077424,65.31532423847412],[22.38081319337952,65.31601513811201],[22.37820926920759,65.31596283138528],[22.37745813843383,65.31636063148294],[22.377332944100502,65.31744934274484],[22.378234356103736,65.31758542929506],[22.377057507088917,65.31800416645925],[22.376782059105523,65.31855898978074],[22.375079319935367,65.3186427210035],[22.375279587142725,65.31935457410425],[22.374302863377626,65.32048514398329],[22.373451428305938,65.32052699863209],[22.372775439862615,65.31965810333335],[22.3709725342067,65.31938586018356],[22.367566892405108,65.3195531733799],[22.367291228751032,65.32010798150509],[22.36829273074283,65.32060005989223],[22.366639840135875,65.3208616632966],[22.366014073077796,65.32017070212605],[22.365212634568696,65.32039047714224],[22.365112630636006,65.32003454259907],[22.365964065832284,65.31999273518322],[22.365388339828925,65.31947973800453],[22.364111209110533,65.31954244220273],[22.36223254829977,65.32053676774319],[22.357499530251275,65.32058856402978],[22.356096238008085,65.32173990457885],[22.35607003841126,65.32318454889926],[22.355018720094936,65.3225144165586],[22.353215788353822,65.32224196070091],[22.354393213860725,65.32182340436246],[22.352640256513034,65.32172891272586],[22.35206474759707,65.3212158623132],[22.35291624600209,65.32117412816217],[22.35351811503076,65.32024252980455],[22.35474537865288,65.32000194351022],[22.354871515613592,65.31891324151074],[22.356098704849753,65.3186726449246],[22.35665046945792,65.31756306477138],[22.358303260375575,65.3173015722294],[22.359380475434385,65.31652703978958],[22.360657473705125,65.3164643771384],[22.361408866460742,65.31606665834227],[22.36358712788184,65.31614015436932],[22.365615412465086,65.31567971723769],[22.36664234564461,65.31472716848042],[22.36574108846659,65.31459101082842],[22.36564110404755,65.31423507643414],[22.36771921048594,65.31395257985464],[22.368846023461327,65.31335595011866],[22.368695993594585,65.31282205214438],[22.369497174896683,65.31260226118239],[22.368871542703772,65.31191131052068],[22.370573871073347,65.31182765382368],[22.37132498252629,65.31142988832903],[22.371049473721587,65.31198470176965],[22.372000695963017,65.31229879297241],[22.370723932107136,65.31236154960509],[22.371299597031985,65.31287452697599],[22.370698515675436,65.31380618846487],[22.37330221865117,65.31385862758371],[22.373402304760177,65.31421455583919],[22.370948648076098,65.31469601416006],[22.37197470207741,65.31681067260003]],[[22.380462197155733,65.31170217865933],[22.38003662771678,65.3117231225157],[22.379986545243934,65.3115451610093],[22.380462197155733,65.31170217865933]],[[22.379636455458463,65.3164338943324],[22.38006210132268,65.316412950827],[22.380112195508627,65.3165909121874],[22.379636455458463,65.3164338943324]],[[22.379260897382455,65.31663279834193],[22.37968654681942,65.31661185586357],[22.379736638928133,65.31678981737032],[22.379260897382455,65.31663279834193]],[[22.379110294673065,65.309964447306],[22.379060222497724,65.30978648538509],[22.379485761624142,65.30976554460425],[22.379110294673065,65.309964447306]],[[22.378885333656346,65.31683170147073],[22.37931098666611,65.31681076001944],[22.37936107669751,65.31698872167259],[22.378885333656346,65.31683170147073]],[[22.378084106949803,65.31705154294517],[22.378935420862643,65.31700966329463],[22.378985508816648,65.31718762509415],[22.378184272304768,65.31740746720283],[22.378084106949803,65.31705154294517]],[[22.37830943124127,65.31631875559395],[22.378359513379507,65.31649671766174],[22.377933864524554,65.31651765637586],[22.37830943124127,65.31631875559395]],[[22.378084040031744,65.31398430897309],[22.37723282216229,65.31402618281898],[22.377032551251393,65.31331433235407],[22.377933818781187,65.31345042218514],[22.378084040031744,65.31398430897309]],[[22.37705762071654,65.31186969597873],[22.37663204529877,65.3118906302546],[22.376581985417122,65.31171266738255],[22.37705762071654,65.31186969597873]],[[22.37610617536239,65.31462287373414],[22.375680554591,65.31464380577944],[22.37563049479858,65.31446584259012],[22.37610617536239,65.31462287373414]],[[22.375229770850584,65.31610937364496],[22.37480412523866,65.31613030346224],[22.374704011394197,65.31577437642504],[22.375229770850584,65.31610937364496]],[[22.3729513995731,65.31568011811308],[22.373377039698678,65.31565919359899],[22.373427087025213,65.31583715766605],[22.3729513995731,65.31568011811308]],[[22.373427087025213,65.31583715766605],[22.373902780127324,65.31599419565558],[22.37347713509883,65.31601512170872],[22.373427087025213,65.31583715766605]],[[22.37252634943785,65.3126338007344],[22.372951940798053,65.31261287792276],[22.373001978250688,65.3127908422331],[22.37252634943785,65.3126338007344]],[[22.373001978250688,65.3127908422331],[22.3734776127121,65.3129478821686],[22.37305201645018,65.31296880651907],[22.373001978250688,65.3127908422331]],[[22.37285131281113,65.31532418956473],[22.372425677588396,65.31534511253979],[22.372375638152807,65.3151671480585],[22.37285131281113,65.31532418956473]],[[22.37265114825113,65.31461233217588],[22.372751229037178,65.31496826091897],[22.37232559946417,65.31498918355285],[22.37265114825113,65.31461233217588]],[[22.372150789134896,65.31283268699985],[22.372576384066203,65.3128117652153],[22.372626419441378,65.31298972967187],[22.372150789134896,65.31283268699985]],[[22.371375759072315,65.30854061095658],[22.37095023191282,65.30856152864794],[22.37085020488706,65.30820559815263],[22.371375759072315,65.30854061095658]],[[22.37081022230675,65.39246571710378],[22.370383335713377,65.39248664702563],[22.37033313221944,65.39230868355395],[22.37081022230675,65.39246571710378]],[[22.370735050165088,65.39066515358657],[22.370308192754326,65.39068608299998],[22.370257993932334,65.39050811945543],[22.370735050165088,65.39066515358657]],[[22.37070981038387,65.39210979047816],[22.37028292947706,65.39213072005792],[22.370182526246897,65.39177479299263],[22.37070981038387,65.39210979047816]],[[22.370559198136363,65.39157590035677],[22.370132325759084,65.3915968294234],[22.37003192703793,65.39124090221178],[22.370559198136363,65.39157590035677]],[[22.370207462894843,65.39339739359308],[22.369780560581088,65.393418321966],[22.369730359016174,65.3932403582742],[22.370207462894843,65.39339739359308]],[[22.36263586138566,65.3158260103662],[22.362210208247028,65.31584690459306],[22.362160236613434,65.31566893602022],[22.36263586138566,65.3158260103662]],[[22.362371418192385,65.396307267243],[22.361517503129917,65.39634907948408],[22.361467350771736,65.39617111254334],[22.362371418192385,65.396307267243]],[[22.361040394958565,65.39619201668951],[22.35975952301396,65.3962547219139],[22.35960910457781,65.39572081889546],[22.360940098183743,65.39583608239327],[22.361040394958565,65.39619201668951]],[[22.35920037041061,65.32357228586079],[22.359626151204555,65.32355139885604],[22.359776071324358,65.32408530699107],[22.35920037041061,65.32357228586079]],[[22.35892449202669,65.32412708082435],[22.359350282048634,65.32410619450691],[22.359450226871687,65.32446213348291],[22.35892449202669,65.32412708082435]],[[22.31372876687125,65.39417092722694],[22.313301797753024,65.39419169621982],[22.313251977037844,65.39401370993868],[22.31372876687125,65.39417092722694]],[[22.30917224139878,65.41964972745862],[22.308744853357496,65.41967048773573],[22.308695005030756,65.41949250024176],[22.30917224139878,65.41964972745862]],[[22.307950273705938,65.39517353740393],[22.307523282765587,65.39519429023956],[22.307473498903086,65.39501630167887],[22.307950273705938,65.39517353740393]],[[22.29057202895642,65.39493474136638],[22.29195239157063,65.39522861255278],[22.290969403008766,65.3963587030088],[22.29220079490505,65.39611858598023],[22.29277687496991,65.39663185953314],[22.29410765443049,65.39674771553312],[22.294207049695768,65.39710370318984],[22.29340267112162,65.39732312478264],[22.29430644793808,65.39745969075062],[22.294405849157567,65.39781567821548],[22.291843557019885,65.39793995023055],[22.291615237388655,65.39867263740612],[22.289479912822046,65.3987761617106],[22.28938057397101,65.39842017037422],[22.288099387385518,65.39848226950625],[22.286540077798705,65.39909904203006],[22.286639381254084,65.39945503559179],[22.287821298931828,65.39903695581046],[22.289529583363386,65.3989541573428],[22.28972827296802,65.39966613963216],[22.288824441640475,65.39952954675098],[22.288119269471316,65.40010493316251],[22.287265088626725,65.40014632720914],[22.287165773527438,65.3997903341774],[22.28626195035742,65.3996537258449],[22.285934162402224,65.40003041224485],[22.286837997088774,65.40016702242791],[22.28608311277176,65.4005644032075],[22.283570139360716,65.40086653480421],[22.283291932081944,65.40142121393058],[22.282109834634575,65.40183925997697],[22.28082846045074,65.40190129916282],[22.28030210405955,65.40156597808557],[22.278593614553703,65.40164867399058],[22.27764017231275,65.40133401420056],[22.278296010204556,65.40058067416122],[22.277620934100362,65.39971134275534],[22.27890221060031,65.39964933181838],[22.27875341251306,65.39911533223652],[22.279508369648383,65.39871798744606],[22.280839203665302,65.3988339600862],[22.28101821558762,65.39792328719915],[22.28229939515411,65.3978612483452],[22.283054262420148,65.39746388668603],[22.28295501666339,65.39710789018183],[22.28375947945487,65.39688852352256],[22.28323319055767,65.39655321200009],[22.28373988132899,65.39526585642973],[22.284593910189322,65.39522448388544],[22.284395400390984,65.39451249301486],[22.28557713643795,65.39409443264303],[22.285428240737605,65.39356044061729],[22.28628221093815,65.39351905908997],[22.28618293947083,65.39316306496303],[22.287940494931817,65.3932582852285],[22.288268174660914,65.39288159553624],[22.28856607889405,65.3939495726983],[22.290552017339373,65.39331207929389],[22.29225991907966,65.39322925370163],[22.29112800057466,65.39382536012694],[22.291753682293738,65.39451663337935],[22.29057202895642,65.39493474136638]],[[22.292180677276896,65.39449592519507],[22.292230356326165,65.39467391985508],[22.291803358497134,65.39469462820865],[22.292180677276896,65.39449592519507]],[[22.289628456342427,65.39155282631923],[22.28920150675865,65.39157352681592],[22.28915185532287,65.39139553087833],[22.289628456342427,65.39155282631923]],[[22.284541168279294,65.42607582284678],[22.284968683811375,65.42605512990582],[22.285018386222998,65.42623312668424],[22.284541168279294,65.42607582284678]],[[22.284163348706468,65.42627451170033],[22.28459086783729,65.42625381979452],[22.2846405681404,65.4264318167183],[22.284163348706468,65.42627451170033]],[[22.283785523426307,65.42647319966404],[22.28421304615589,65.42645250879342],[22.284262744350404,65.42663050586259],[22.283785523426307,65.42647319966404]],[[22.28270170235488,65.42724725589039],[22.28312923873489,65.4272265679562],[22.283178931348125,65.42740456543746],[22.28270170235488,65.42724725589039]],[[22.282323852135196,65.42744594043982],[22.28275139211416,65.42742525354093],[22.282801082618434,65.42760325116751],[22.282323852135196,65.42744594043982]],[[22.28109090681685,65.4276859922127],[22.281945996207504,65.4276446240993],[22.281995681748672,65.42782262204051],[22.28109090681685,65.4276859922127]],[[22.281995681748672,65.42782262204051],[22.282472917320916,65.42797993375564],[22.282045368034787,65.42800061995779],[22.281995681748672,65.42782262204051]],[[22.280155981678657,65.42899402635781],[22.280106305939405,65.42881602771396],[22.280533870367144,65.42879534685798],[22.280155981678657,65.42899402635781]],[[22.279678740766858,65.42883670736529],[22.279629068626807,65.4286587085283],[22.280056630944983,65.4286380290462],[22.279678740766858,65.42883670736529]],[[22.279907610430474,65.42810403289927],[22.279052502175162,65.42814538964349],[22.27900283586828,65.42796739054155],[22.279907610430474,65.42810403289927]],[[22.279201505563865,65.42867938680574],[22.279151837022926,65.42850138777557],[22.279579397231508,65.42848070966733],[22.279201505563865,65.42867938680574]],[[22.27127100356614,65.4048892633421],[22.2705157465093,65.40528656984024],[22.270416634984464,65.40493056375699],[22.27127100356614,65.4048892633421]],[[22.202884199765148,65.38923946107619],[22.205151690143115,65.38804853033211],[22.206810488245154,65.38778864450458],[22.20713928019411,65.38741212048154],[22.208420157261646,65.3873507128027],[22.20874892074754,65.38697418554757],[22.209602822261992,65.38693323934476],[22.210177089734895,65.38744684633245],[22.213165776496403,65.3873034848001],[22.2120322737455,65.38789901234632],[22.20956868855284,65.38837793363703],[22.209289024504372,65.38893249031092],[22.20805716899995,65.38917193418318],[22.20782656159308,65.38990451658081],[22.204606839721908,65.39078035388113],[22.203900020497205,65.39135536211055],[22.20304596451131,65.39139627751563],[22.201897547058262,65.39036900585192],[22.202884199765148,65.38923946107619]],[[22.176419298173514,65.38581520703616],[22.1759923347363,65.38583558681715],[22.175894592576633,65.38547950535192],[22.176419298173514,65.38581520703616]],[[22.175747984825122,65.38494538297901],[22.17617493402916,65.384925004031],[22.176223805394514,65.38510304467871],[22.175747984825122,65.38494538297901]],[[22.17536990056162,65.38514380170507],[22.17579685334392,65.38512342379333],[22.17584572259442,65.3853014645843],[22.17536990056162,65.38514380170507]],[[22.157128176631947,65.46068605135004],[22.15669997479882,65.46070638857698],[22.15665106553788,65.4605283420908],[22.157128176631947,65.46068605135004]],[[22.146289010223143,65.40059741163333],[22.147997930858654,65.40051621152953],[22.14796042295234,65.40196092430197],[22.145824152637022,65.40206242204322],[22.14506703707116,65.402459117539],[22.14444499264328,65.40176720098759],[22.14600788398699,65.40115186491853],[22.146289010223143,65.40059741163333]],[[22.138709569366117,65.46787247626617],[22.13737576275769,65.46775527771962],[22.137326969002483,65.46757722386896],[22.138611963918272,65.46751636958555],[22.138709569366117,65.46787247626617]],[[22.132698517023353,65.45859780400912],[22.132747259094742,65.45877585987313],[22.132319065648662,65.45879612787408],[22.132698517023353,65.45859780400912]],[[22.131413943085814,65.45865860389205],[22.131744664644255,65.45828222600984],[22.13227032644266,65.45861807184401],[22.131413943085814,65.45865860389205]],[[22.08058934321055,65.39450634427851],[22.089916396841762,65.38901712670229],[22.092430646218578,65.3887182129522],[22.093566950242135,65.38812355882085],[22.094896508007736,65.38824118562982],[22.095089824619603,65.38895347427652],[22.093623064011915,65.3899244326321],[22.08940025138695,65.39030391782828],[22.08778834554401,65.39074059898344],[22.085136320980705,65.39212801652933],[22.08357968134586,65.39436553775704],[22.08035512219761,65.3952387655108],[22.08058934321055,65.39450634427851]],[[22.05964247505544,65.45788993229239],[22.059690718855073,65.45806801644433],[22.059262468998895,65.45808807779089],[22.05964247505544,65.45788993229239]],[[22.056173990317813,65.45949512386726],[22.053604320777488,65.45961541551621],[22.053031433182188,65.45910119996348],[22.051698420056248,65.45898323719848],[22.051602037791795,65.45862706276466],[22.054358839543667,65.45759632826329],[22.053834185927258,65.457260201679],[22.052597651857766,65.45749841893378],[22.05202483260584,65.45698419889048],[22.052784919612982,65.4565879426433],[22.054117814292255,65.45670589696029],[22.053785983743982,65.45708211525415],[22.054738876532813,65.45739819480764],[22.056451843241728,65.45731799376884],[22.056307185086748,65.45678373745145],[22.057115423224822,65.45656554551611],[22.057971876403087,65.45652543423502],[22.058116566787753,65.45705968864873],[22.058973034269776,65.45701957155111],[22.059594231980288,65.45771184811765],[22.056173990317813,65.45949512386726]],[[22.048268241656558,65.44309333467308],[22.050028442397394,65.44319130402586],[22.052024034145635,65.44255686519288],[22.05330804030557,65.44249674625071],[22.052692848067228,65.443427262937],[22.04988929496988,65.44427986555438],[22.04856226271603,65.44578469461631],[22.045993895398794,65.44590484423306],[22.04522900126838,65.44467823536307],[22.04598884573349,65.4442820156005],[22.04584448783832,65.44374774628704],[22.048268241656558,65.44309333467308]],[[22.045315231165834,65.44178875705595],[22.04474787639719,65.44289733403122],[22.042703980835157,65.4433535876329],[22.04293961554615,65.44262121180614],[22.045315231165834,65.44178875705595]],[[22.041602889899497,65.47298075221354],[22.042459908872317,65.47294072350425],[22.043889941167528,65.47341494103925],[22.04274888223249,65.47400926558093],[22.04332191292564,65.47452351866806],[22.04246484371691,65.47456355274855],[22.040558093556534,65.47393124210232],[22.041795512941796,65.47369311500164],[22.041602889899497,65.47298075221354]],[[22.033789526044227,65.39904649087626],[22.03293490309801,65.39908644738897],[22.03288697174376,65.39890835155792],[22.033693652640093,65.39869029984524],[22.033789526044227,65.39904649087626]],[[22.02338101329991,65.416664547161],[22.024236226249048,65.41662463914064],[22.024523707758167,65.41769323116338],[22.02328874333583,65.41793119340686],[22.023384560540926,65.418287391502],[22.02428774177108,65.41842558164005],[22.02091453157706,65.41876328817729],[22.021102701531102,65.41785284214922],[22.02338101329991,65.416664547161]],[[22.020880843720853,65.4025348254845],[22.020453463972288,65.40255476840629],[22.020357755966213,65.40219856732016],[22.020880843720853,65.4025348254845]]],[[[22.017718088424154,65.4145640870804],[22.018434695951985,65.41437060295277],[22.018291097932675,65.41383629981192],[22.01909835779553,65.41361832068688],[22.017458470953013,65.41359753091459],[22.017718088424154,65.4145640870804]]],[[[22.284858339999996,65.44083966999999],[22.28899024824722,65.44063946065691],[22.287524461153705,65.43675559729498],[22.283506835863324,65.43600094571353],[22.284858339999996,65.44083966999999]]],[[[22.368970552083237,65.31533448737352],[22.3681192730988,65.31537631022417],[22.367943681756138,65.31628705139583],[22.37139893344572,65.3162976988783],[22.37067310109231,65.31525082729844],[22.369771806341934,65.3151146942026],[22.369596273579507,65.31602543670641],[22.36874497348763,65.31606726331685],[22.368970552083237,65.31533448737352]]],[[[22.282239190830484,65.40075058742906],[22.28238807100815,65.40128458274322],[22.282815184962733,65.4012638999125],[22.282239190830484,65.40075058742906]]],[[[22.058737743011626,65.45775196894556],[22.058309497440693,65.45777202754802],[22.058357731914754,65.45795011221588],[22.058737743011626,65.45775196894556]]],[[[22.019194099084995,65.41397452219567],[22.01914622808138,65.41379642145256],[22.018718663365895,65.41381636123496],[22.019194099084995,65.41397452219567]]]]}},{"type":"Feature","properties":{"cyano_daymap_file_id":3077,"date":"2007-07-20Z","cloud":null,"sub_surfac":null,"surface":null,"no_data":null,"class":1,"color_hex":null,"algae_class":"class_1","source_date":"2007-07-20"},"geometry":{"type":"MultiPolygon","coordinates":[[[[22.453453039999996,65.80251055],[22.450866999999995,65.79361451],[22.494206819999995,65.79148610999998],[22.49331939333825,65.79028039058892],[22.493868067250364,65.79032660176486],[22.49300559171821,65.78737445603848],[22.491846550593184,65.7867436382432],[22.49049474442376,65.78662974033413],[22.49072018895468,65.78589678429924],[22.492437984927722,65.78543160908418],[22.491608059999997,65.78259087999999],[22.501500269502515,65.78210295602076],[22.502191921218543,65.78154166069544],[22.503439434878473,65.78129965643353],[22.503335368463564,65.78094385567772],[22.505501222056168,65.78083699399589],[22.506107303037062,65.77990474461176],[22.51043878839632,65.77969091389794],[22.511686131824284,65.77944884382786],[22.51158196067598,65.77909304973545],[22.512585516019715,65.7791925267781],[22.51066354,65.77262769],[22.53231385,65.77155673000001],[22.53378026700394,65.77655121561337],[22.53498515691161,65.7764915228721],[22.533857862857662,65.77564499698003],[22.537045971560516,65.77602844344318],[22.537254989380823,65.77673999003338],[22.53557495463323,65.77700372605703],[22.53654560533828,65.77731657758198],[22.537429909115716,65.78032667991744],[22.538313272657682,65.78028278679898],[22.53928597617919,65.7791659930298],[22.541070685751805,65.7792579851081],[22.540861538187773,65.7785464450262],[22.54216081957023,65.7784820141077],[22.542384729984782,65.77774899703778],[22.543355489590315,65.77806180412084],[22.543683966642252,65.77768455357803],[22.54455012044339,65.77764158515838],[22.546544029725315,65.77844504765571],[22.54481167299432,65.77853100271912],[22.54436859064469,65.77998190638316],[22.57823462,65.77829914999998],[22.56533770672183,65.73455604116717],[22.56326731040284,65.73392328265157],[22.50026678,65.73704766],[22.49767251,65.72815248999999],[22.432819589999998,65.73134044],[22.4302492,65.7224439],[22.40863497,65.72350001],[22.41376307,65.74129391],[22.392132259999997,65.74234784],[22.39469191,65.75124513],[22.35140983,65.7533447],[22.35395675,65.7622428],[22.332305480000002,65.76328843],[22.334847000000003,65.77218690000001],[22.35650562,65.77114083],[22.361609149999996,65.78893671999998],[22.39922172580465,65.78711163209967],[22.399071879899896,65.78659215145379],[22.40065134380085,65.78597401608454],[22.402766777149502,65.78569066316987],[22.40286947928306,65.78604654542839],[22.40378755142487,65.78618231254531],[22.403611257705943,65.78689863733952],[22.42661741,65.78577757],[22.42919414,65.79467410999999],[22.40751932,65.79573066],[22.41009065,65.80462758],[22.453453039999996,65.80251055]],[[22.53730724581933,65.77691787661684],[22.53865872190893,65.77703136272453],[22.538554190641136,65.77667559064795],[22.539853384759763,65.77661118025908],[22.540077347942,65.77587816606304],[22.54061495278292,65.77621246348258],[22.541481063321516,65.77616951293007],[22.541585632473314,65.77652528262429],[22.540719510204006,65.77656823388686],[22.54087635228871,65.77710188930087],[22.54001020924755,65.77714483673817],[22.53968168429749,65.77752207983565],[22.53654560533828,65.77731657758198],[22.53730724581933,65.77691787661684]],[[22.561072543412504,65.77555758640258],[22.562476467387892,65.77584873783037],[22.561610409692925,65.77589180716336],[22.561715254979333,65.77624756029792],[22.56019275979139,65.7770451945262],[22.55802749774765,65.77715282735579],[22.557370971192498,65.77790738530754],[22.555415160559733,65.77872649542994],[22.55449661231088,65.7785916462866],[22.554339477671647,65.77805800778856],[22.55260717816357,65.77814405088104],[22.551583948945872,65.77765342316162],[22.55132217368898,65.7767640194305],[22.55447234018928,65.77552466783318],[22.555338399884107,65.77548163904092],[22.55587619122728,65.7758158807777],[22.55798895548997,65.77553040143273],[22.55863158441463,65.77622038914852],[22.561072543412504,65.77555758640258]],[[22.55928803354774,65.77546582653903],[22.557451143325633,65.77519616735736],[22.55869780629849,65.77495371939582],[22.55928803354774,65.77546582653903]],[[22.550693994141938,65.77462944785294],[22.55074633806663,65.77480732895913],[22.55031331532817,65.77482883085332],[22.550693994141938,65.77462944785294]],[[22.546363760326116,65.77484441000858],[22.54679678728231,65.77482291929398],[22.546901423148586,65.77517868467905],[22.546363760326116,65.77484441000858]],[[22.546901423148586,65.77517868467905],[22.54738677723166,65.77533507486307],[22.546953742273143,65.77535656733306],[22.546901423148586,65.77517868467905]],[[22.545759255669996,65.77577680370493],[22.545811568380294,65.7759546868148],[22.545378521447695,65.77597617492772],[22.545759255669996,65.77577680370493]],[[22.545401713230017,65.7790431654827],[22.545454031439228,65.77922104866312],[22.545020929332164,65.7792425363055],[22.545401713230017,65.7790431654827]],[[22.543250888550485,65.77770603595391],[22.543198589221692,65.77752815183194],[22.543631664380534,65.77750666963364],[22.543250888550485,65.77770603595391]],[[22.54030129956792,65.77514515165399],[22.540353573119663,65.77532303702286],[22.53948748873188,65.77536598091017],[22.54030129956792,65.77514515165399]],[[22.537859824728287,65.77580762680493],[22.53727001085203,65.7752954326231],[22.539106710895577,65.77556533689575],[22.537859824728287,65.77580762680493]],[[22.53688921652523,65.77549478323138],[22.536993719088787,65.77585055673157],[22.53656066507907,65.77587201986103],[22.536023119443055,65.77553770755809],[22.53688921652523,65.77549478323138]],[[22.520115857165177,65.77073055826534],[22.52027223063015,65.77126423946365],[22.519839236860765,65.7712856544895],[22.520115857165177,65.77073055826534]],[[22.51892113046467,65.77115058663571],[22.519025364223115,65.77150637508663],[22.518592365148102,65.77152778662217],[22.518055143251672,65.77119340777651],[22.51892113046467,65.77115058663571]],[[22.511148826873434,65.77911444144854],[22.511096745419813,65.77893654418726],[22.511529876288197,65.77891515265102],[22.511148826873434,65.77911444144854]],[[22.497980642287327,65.77164323606992],[22.49803261564778,65.77182113886786],[22.497599590378712,65.77184249101549],[22.497980642287327,65.77164323606992]],[[22.497651561595433,65.77202039396457],[22.49721853260461,65.77204174506609],[22.49716656432065,65.77186384194057],[22.497651561595433,65.77202039396457]],[[22.488604565389625,65.79069298975638],[22.48806731244357,65.79035850552131],[22.489367346929285,65.79029451723524],[22.490026180454514,65.78954022989753],[22.491378138523995,65.78965413047253],[22.491482082241212,65.79000994059471],[22.490615407142723,65.79005261255989],[22.490337963468903,65.79060766328794],[22.489089873879312,65.79084956598038],[22.48919379181905,65.79120537791533],[22.48735645457694,65.79093487846961],[22.488604565389625,65.79069298975638]],[[22.490771311015102,65.79058632861152],[22.49082328055162,65.79076423391129],[22.49038993006776,65.79078556876416],[22.490771311015102,65.79058632861152]],[[22.47537730366453,65.77095150845622],[22.476036088465676,65.7701972820774],[22.475292190967707,65.7691510993548],[22.47286819801811,65.76836795835607],[22.473682382882178,65.76814748124337],[22.473526995238593,65.76761374270464],[22.47467052067134,65.76701615198816],[22.474740878526667,65.76574947914649],[22.476905599583286,65.76564303482596],[22.476750163441544,65.76510930005169],[22.479295921923022,65.76480361911037],[22.479192268155384,65.76444779786235],[22.480975779825318,65.76454050522383],[22.485165258400297,65.7668607566767],[22.485372757025143,65.76757238909983],[22.48445495308729,65.76743711065964],[22.485043538609492,65.76794952111293],[22.48331164092485,65.76803477270242],[22.482912434769645,65.76967857327406],[22.480418091942465,65.77016222890501],[22.47996682628389,65.77162811381031],[22.477213084596467,65.77122216745842],[22.47667639850044,65.77088763755773],[22.47537730366453,65.77095150845622]],[[22.47341933953891,65.77176958702456],[22.47347114392173,65.77194749984257],[22.473038092137212,65.77196878246279],[22.47341933953891,65.77176958702456]],[[22.472449646377534,65.7714563242748],[22.47288269014835,65.77143504340512],[22.472934490024862,65.7716129564496],[22.472449646377534,65.7714563242748]],[[22.468862852102582,65.77271528551836],[22.468688652352938,65.77362612910052],[22.46705983870155,65.77406702996015],[22.46721513933292,65.77460077594665],[22.464997865957937,65.77452917423774],[22.463853788023847,65.77512669777258],[22.463957281901227,65.77548253101553],[22.46265791795552,65.77554629612574],[22.462884078920673,65.77481337431948],[22.464131658172217,65.7745716911149],[22.46415079028513,65.77312710151357],[22.46491345263092,65.77272875250958],[22.464376891345744,65.77239417807988],[22.465243025571496,65.77235166052893],[22.46513952906718,65.77199582818575],[22.465953895474463,65.77177539058852],[22.465417341469255,65.77144081975074],[22.46411818531396,65.77150459527543],[22.464673833685836,65.77039458139274],[22.46597293232647,65.77033080169475],[22.46668373250712,65.76975452903355],[22.467931031853094,65.7695128174707],[22.468467576376046,65.76984737955094],[22.46976663620275,65.76978356789469],[22.470129073617013,65.77102896783093],[22.471479976682794,65.77114305512572],[22.47158355647681,65.77149888234592],[22.4725014433207,65.7716342374952],[22.47076924864055,65.77171934945],[22.47102818648225,65.77260891869092],[22.468862852102582,65.77271528551836]],[[22.4689804657027,65.77613820443602],[22.469413591472573,65.7761169326209],[22.469465378735496,65.77629484696868],[22.4689804657027,65.77613820443602]],[[22.469465378735496,65.77629484696868],[22.469950297637535,65.77645148790126],[22.4695171667848,65.77647276129117],[22.469465378735496,65.77629484696868]],[[22.46899455255055,65.77920529384407],[22.46769501611945,65.7792691035811],[22.467643233884314,65.77909118858217],[22.468457799101344,65.77887073565994],[22.46899455255055,65.77920529384407]],[[22.468716743563355,65.77976030876971],[22.46882032685383,65.78011613783684],[22.468387133365944,65.78013740862855],[22.468716743563355,65.77976030876971]],[[22.46843892325541,65.78031532330012],[22.468005726045334,65.78033659304442],[22.467953939091515,65.78015867819695],[22.46843892325541,65.78031532330012]],[[22.464978784920017,65.77597376344761],[22.46503054126417,65.77615167960403],[22.46416427908533,65.7761941971987],[22.464978784920017,65.77597376344761]],[[22.461720677001928,65.77685547316447],[22.464371288842838,65.77690586297828],[22.463815503034866,65.7780158771083],[22.46294917586943,65.778058388433],[22.461856638234337,65.77883381593749],[22.460557099296242,65.77889756485025],[22.459968732870475,65.77838505770244],[22.460783344204447,65.77816464533902],[22.46067988115647,65.77780880963934],[22.461927625749897,65.7775671428589],[22.461720677001928,65.77685547316447]],[[22.399573451933076,65.78223722857511],[22.398655542548095,65.78210143451014],[22.399522132325615,65.78205928603914],[22.399573451933076,65.78223722857511]],[[22.399852783292967,65.78168232516998],[22.400719356641346,65.78164017005332],[22.40038871898485,65.78201713267285],[22.399522132325615,65.78205928603914],[22.399852783292967,65.78168232516998]],[[22.397207311960273,65.78469799459032],[22.39628932570019,65.78456218702502],[22.394863723107274,65.78571411056788],[22.392212270836932,65.78566252028956],[22.39195589350807,65.78477279292207],[22.392948251361414,65.78364195347945],[22.394527688973955,65.78302388179304],[22.39442511637797,65.78266799266352],[22.395343025279523,65.7828038122015],[22.39870685627953,65.78227937739467],[22.399345428969525,65.78297007418917],[22.398427494340492,65.78283427899599],[22.398404695361883,65.78427889524197],[22.397207311960273,65.78469799459032]],[[22.39452991667912,65.76931054136178],[22.394148083050226,65.76950954501866],[22.394045580264095,65.76915365494995],[22.39452991667912,65.76931054136178]],[[22.393714993926054,65.76953060260456],[22.393766243551383,65.76970854777576],[22.393333150714035,65.76972960431259],[22.393714993926054,65.76953060260456]],[[22.39276947991344,65.76777220414917],[22.393202540467936,65.76775114952707],[22.393253782312577,65.76792909494655],[22.39276947991344,65.76777220414917]],[[22.393253782312577,65.76792909494655],[22.393738090580896,65.76808598414792],[22.393305024935195,65.76810704034119],[22.393253782312577,65.76792909494655]],[[22.390790530794295,65.77310104960674],[22.38867598292732,65.77338422781159],[22.38928616147273,65.77245240451705],[22.391018726772057,65.77236821510628],[22.390790530794295,65.77310104960674]],[[22.388889956171226,65.78023039058627],[22.389425720086688,65.78056523828363],[22.38769259813928,65.780649414971],[22.387538898853247,65.78011557281013],[22.39003602667087,65.77963341075962],[22.389756502280097,65.78018829804358],[22.388889956171226,65.78023039058627]],[[22.35972462346363,65.76125582376926],[22.360157607078182,65.76123486379231],[22.360259605037037,65.7615907814916],[22.35972462346363,65.76125582376926]],[[22.358043665187658,65.76151761117603],[22.359877612761487,65.76178970080097],[22.358196621600204,65.76205149021261],[22.358043665187658,65.76151761117603]]],[[[22.56031131718178,65.77595640199473],[22.561177379651657,65.77591333999622],[22.56112496113419,65.77573546321229],[22.56031131718178,65.77595640199473]]],[[[22.40065134380085,65.78597401608454],[22.401136041867257,65.78613087799236],[22.401084702165978,65.78595293617802],[22.40065134380085,65.78597401608454]]]]}},{"type":"Feature","properties":{"cyano_daymap_file_id":3077,"date":"2007-07-20Z","cloud":null,"sub_surfac":null,"surface":null,"no_data":null,"class":1,"color_hex":null,"algae_class":"class_1","source_date":"2007-07-20"},"geometry":{"type":"MultiPolygon","coordinates":[[[[22.439322978428883,65.68590945104764],[22.439394263991847,65.68465711638154],[22.44123022480754,65.6846213837276],[22.436436249999996,65.66800677],[22.479567539999998,65.66588455999998],[22.4847306,65.68367571],[22.59259728,65.67831252999999],[22.58474664,65.65163233],[22.606292280000005,65.65055190000001],[22.601053909999997,65.63276565999999],[22.66563548,65.62950884],[22.668275389999998,65.63840064999998],[22.68980584,65.63730852],[22.68715869,65.62841716],[22.70867991,65.62732245],[22.706027530000004,65.61843148],[22.72753953,65.61733419],[22.72488193,65.60844359],[22.767885459999995,65.60624082999999],[22.76620827860957,65.60065667861578],[22.76440662536768,65.60065612669611],[22.76101623692275,65.60245502631305],[22.75848897068438,65.6027652613721],[22.754244739189907,65.60171923482318],[22.754084795026493,65.6011858338876],[22.755108448367835,65.60023065929462],[22.75478855393278,65.59916385916316],[22.757638899758348,65.59847602523752],[22.758605648496776,65.59878748752081],[22.762152680707597,65.59896649112235],[22.763816422417275,65.6001448231054],[22.765106595067603,65.6000785658877],[22.76499982449184,65.5997229744011],[22.765907061861395,65.59965378177299],[22.765215449999996,65.59735107],[22.743721899999997,65.59845351999999],[22.74106111,65.58956325],[22.762547449999996,65.58846124999998],[22.75988146,65.57957136999998],[22.73840231999999,65.58067291],[22.727787149999997,65.54511088],[22.706334749999996,65.5462076],[22.711623970000005,65.56398964],[22.668684469999995,65.56617579],[22.66817275902844,65.56444653313011],[22.666585878629654,65.56232495293301],[22.665621581839275,65.56201287884244],[22.66589326550425,65.56145756349636],[22.663272293042414,65.55996599652588],[22.66005550570817,65.5594071534818],[22.65995036916842,65.55905147175696],[22.657592722270106,65.5584490056636],[22.656485691272522,65.55776889006313],[22.644587709999996,65.55837199999999],[22.643135400263052,65.55344480866127],[22.642548209480957,65.55325449235829],[22.642879756146268,65.55257749541124],[22.640514307753403,65.5445523362203],[22.640251770558113,65.54398463011334],[22.63736290634759,65.54304780637985],[22.636891567002728,65.54144714917943],[22.63947589002907,65.5398723722487],[22.641569280455858,65.53958590550043],[22.642270449127015,65.53900890096841],[22.647368048875727,65.53857020851919],[22.647692342193682,65.53819277074675],[22.64940895667181,65.53810578073768],[22.649733214733264,65.53772833895552],[22.653438080320292,65.53699900076019],[22.654401290339898,65.53731116358657],[22.654611203871255,65.53802253824634],[22.65552197926247,65.53815684984954],[22.655836912443533,65.53922390875718],[22.654738694376316,65.53980585656956],[22.682245909999995,65.53840971999999],[22.67435443,65.51173461],[22.652926739999998,65.5128235],[22.647689940000003,65.49503888],[22.626274600000006,65.49612385000002],[22.627010022260567,65.49862742869978],[22.627772967720908,65.49858882817921],[22.627929576622424,65.49912239522843],[22.627120235875232,65.49900262601551],[22.63411127,65.52280202],[22.612672490000005,65.52388531],[22.61528147,65.53277835],[22.572383669999997,65.53493675],[22.574980249999992,65.54383060999999],[22.51059736,65.54704688],[22.50802233,65.5381517],[22.422180139999995,65.54239597],[22.42472638,65.55129289],[22.419610602602415,65.55154398837584],[22.420822999312602,65.55167897600678],[22.42026960321346,65.55278880743937],[22.417466952683768,65.55364821724189],[22.41481676803938,65.5550414022517],[22.414590800251375,65.5557742505799],[22.41034646311616,65.55616294445103],[22.40961182294787,65.55511635059294],[22.41107555731033,65.55414235738685],[22.41092298773422,65.553608527554],[22.411731092435243,65.55338844142001],[22.411957124245248,65.55265559672098],[22.413467499492583,65.55184551111496],[22.403253829999997,65.55234683],[22.41088246,65.57903851],[22.389386359999996,65.58009071999999],[22.39378999294495,65.59551374476371],[22.394526289368567,65.59537058977133],[22.394753105207254,65.5946377630162],[22.398065163161025,65.59249100955005],[22.401025227888468,65.59216575072529],[22.402038141434463,65.59265748894417],[22.403758680804675,65.59257327263366],[22.40515089265021,65.5928659871546],[22.4054054445321,65.59375571044869],[22.404216796134026,65.59417477923814],[22.404369515063514,65.59470861432766],[22.405609099859497,65.59446748863853],[22.40700143444082,65.59476018494352],[22.407737184983127,65.59580678039158],[22.406876817716498,65.59584891453737],[22.406548483274207,65.59622586799442],[22.407510728626708,65.59653962299423],[22.407386129079168,65.59762835283489],[22.410222166421217,65.59839163846536],[22.408552212584276,65.59865387493514],[22.408427651779355,65.5997426052456],[22.40610081268002,65.60075872977669],[22.406253616871652,65.60129256211901],[22.405393065311685,65.60133468967155],[22.40425499992085,65.6019317066167],[22.404356848903536,65.60228759630488],[22.40283933037267,65.60308360759902],[22.401978712904945,65.60312571642457],[22.401321719250184,65.60387960462063],[22.4000307479554,65.60394275355209],[22.399928950338676,65.6035868604502],[22.395574851933205,65.60361932621662],[22.394409041100293,65.60259370161634],[22.394279926022,65.60061523263968],[22.39341937350415,65.60065729223746],[22.393317681817948,65.60030139364862],[22.395973523211822,65.59890852887754],[22.396200323192538,65.59817570011715],[22.394462930853994,65.59787060287731],[22.38190284268819,65.59849900854897],[22.38349607777853,65.5995180487767],[22.38483766301323,65.59963299508496],[22.385040811172814,65.60034480589212],[22.38501684072186,65.60178943193458],[22.383095135875795,65.60422883567075],[22.38350143565915,65.60565246163702],[22.382894628832982,65.60658422906347],[22.382084639842457,65.60680417990841],[22.383127675855174,65.60746083434562],[22.39701057,65.60678315],[22.399555809999995,65.6156805],[22.437356184371346,65.6138272992382],[22.43762588691193,65.61328682029006],[22.43853795593447,65.613422437215],[22.438866024516617,65.61304541715634],[22.437872610416072,65.61110933565321],[22.438631060973915,65.61071115970307],[22.439973443630837,65.610825610122],[22.440075823383715,65.61118147048445],[22.441860214091157,65.61098379470833],[22.43748643,65.59577656000002],[22.458993120000002,65.59471742],[22.46155813,65.60361352999999],[22.48307012,65.60255093],[22.485644299999993,65.61144653999999],[22.44260392,65.61356959],[22.44772915,65.63136237],[22.38311063,65.63452679],[22.385654379999995,65.64342438999999],[22.342551239999995,65.64551967],[22.347615449999996,65.66331640999998],[22.369182519999995,65.66226942999998],[22.370304595856055,65.66619367733745],[22.370591601581133,65.66600375105058],[22.371175529512183,65.66651664590465],[22.372951948528826,65.66661068652293],[22.373053674122318,65.66696659838715],[22.37137893413902,65.66722847239947],[22.370509386061737,65.66690989221281],[22.37100698130657,65.66865013713843],[22.372166344359265,65.66845318890418],[22.37116529488489,65.66920380883082],[22.37183235662628,65.67153673066355],[22.372599620381234,65.6714994230952],[22.372752237324725,65.67203329093475],[22.371985007189586,65.67207059703573],[22.37681506,65.68896279],[22.439322978428883,65.68590945104764]],[[22.63473064100214,65.59886035331408],[22.632944636899584,65.59904568937147],[22.633049599233175,65.59940139172502],[22.633909635549077,65.5993579773694],[22.63320704866846,65.59993494506018],[22.63229451370522,65.59980050419597],[22.631539405085533,65.60019961314218],[22.63024930054457,65.60026471318312],[22.62778442181918,65.59930606942144],[22.628969579052523,65.59888528510203],[22.62865487638756,65.59781816747376],[22.63162262033045,65.5960439171348],[22.630930359138393,65.59517635755958],[22.61210112,65.59611162000002],[22.612739285808786,65.5982789415032],[22.614464538252417,65.59853338566816],[22.615219867620212,65.59813435955242],[22.61501044587092,65.59742292498306],[22.617160457908703,65.5973146366473],[22.617317566332275,65.59784820994304],[22.615859329078944,65.59882413703981],[22.61692886252059,65.59949225167283],[22.6151563495467,65.59940102504018],[22.616173521655234,65.59989128642603],[22.614558053399552,65.60033362777382],[22.614662770637214,65.60068934534888],[22.615522886480512,65.60064603451448],[22.615941833211256,65.60206890092964],[22.614326227451308,65.60251124121493],[22.61418845022364,65.60320055459299],[22.61733815,65.61389748],[22.597980874275756,65.61487070118578],[22.59614910583507,65.61608703552844],[22.598437690000004,65.62387245],[22.57691377,65.62495154000001],[22.575646004546066,65.62062660416431],[22.57417711329062,65.62040975962132],[22.574190498082235,65.61896521609404],[22.573655849707563,65.61863100775652],[22.57203848046066,65.61907291516523],[22.571191223466013,65.61767144132155],[22.568830949126124,65.6170675877379],[22.56861853738305,65.61634214852485],[22.552788109999998,65.61713344],[22.54759443,65.59934491],[22.560403654593497,65.59870473439014],[22.561490020912245,65.59794270839734],[22.565308572717033,65.59757124930609],[22.565582580226465,65.59701609719956],[22.56845434343569,65.59606722981773],[22.56805082838632,65.59468750626299],[22.567590540171658,65.59493032580217],[22.567966357087457,65.59439867678581],[22.5664975,65.58937627],[22.54500051999999,65.59045055999998],[22.543034606306357,65.58370441826307],[22.542081363053885,65.5837519872365],[22.541925898949955,65.58321831968723],[22.54111802667543,65.58343909811059],[22.541703331288797,65.58395132211045],[22.540843619555258,65.58399420995916],[22.54025833069012,65.58348198247874],[22.541770441875276,65.58268465190852],[22.541133353747153,65.58199453831685],[22.539895683757244,65.58223675254985],[22.539621261562118,65.58279186233422],[22.53870978670181,65.58265684747938],[22.538606194505036,65.58230106631538],[22.53688686457345,65.58238680104046],[22.537042219421497,65.58292047486177],[22.535649134444043,65.58262898118988],[22.534463149182397,65.5830490437704],[22.533878007146967,65.58253679016227],[22.53511575030535,65.58229462435077],[22.534114677150473,65.58196938130136],[22.52091685,65.58262696000001],[22.515753219999997,65.56483704999998],[22.53723052,65.56376710000002],[22.534644420000003,65.55487249000001],[22.543996695558373,65.55440321895],[22.543897826088102,65.5540634611844],[22.54626685518651,65.55322320898145],[22.546540859975085,65.5526680914635],[22.547777073460647,65.55242583775305],[22.547673502462402,65.5520700626213],[22.548480357986804,65.55184925958854],[22.54906505796654,65.55236146120995],[22.54755488357539,65.5531588448431],[22.547762035892067,65.5538703950971],[22.547002046675612,65.55425241883023],[22.57023273298607,65.55308676791573],[22.57207803940618,65.55211173496156],[22.57503114919004,65.55178314938298],[22.575616364508807,65.552295243144],[22.57690425946286,65.55223063062243],[22.579545307099796,65.55083470500917],[22.581262386969073,65.5507485091285],[22.581574464959218,65.55181575129625],[22.58023459813541,65.55170252904402],[22.580767902064032,65.55203672773692],[22.578851207033363,65.55265431697475],[22.606307835854057,65.55127662007565],[22.607434570912968,65.55087615304505],[22.607017080398233,65.54945324874765],[22.610137603211545,65.54821304762804],[22.610995997284455,65.54816978008297],[22.610827832119778,65.54908072262675],[22.612492452105062,65.54881631344028],[22.612701334283383,65.54952775677036],[22.61441819555554,65.54944118697603],[22.615381101776602,65.54975361420155],[22.613450341291312,65.5509182291145],[22.62050532,65.55056423],[22.62268368845554,65.55796975506064],[22.622937162774967,65.55767517443113],[22.625083856714706,65.55756680764905],[22.62518851033567,65.55792251849454],[22.623952798438843,65.55816539917792],[22.625020800826178,65.55883347217559],[22.624905411574595,65.55992228125821],[22.62342340862861,65.56048448862907],[22.625737039999994,65.56834985],[22.647211740000003,65.56726433999998],[22.64983776,65.5761566],[22.671317679999998,65.57506762],[22.676590060000002,65.59285106000002],[22.65509573,65.59394093999998],[22.656784216099602,65.59964549230192],[22.65786650610063,65.60067373090884],[22.65708128586572,65.60064914286116],[22.65772769,65.60283302],[22.652903601385162,65.60307694420923],[22.65311822056337,65.6038022071627],[22.647790195935794,65.60497425420513],[22.647623076254135,65.60588522714701],[22.64643791733257,65.60630615734911],[22.644717432564526,65.60639312757365],[22.643752041073586,65.60608091238983],[22.641548881675124,65.60601173654173],[22.641759112617667,65.6067231261606],[22.64353220240711,65.60681403578923],[22.64181167233497,65.60690097350015],[22.641056512803242,65.60730013039728],[22.639933487460684,65.60645434757387],[22.639020688643203,65.60631994989593],[22.639345732131194,65.60594252857489],[22.641013656674357,65.6056777717223],[22.63951314334487,65.60503156178564],[22.639733083866233,65.604298443185],[22.641778433378594,65.60383410482507],[22.64236618588395,65.60434591441272],[22.643226366896535,65.60430244571127],[22.643551325116615,65.60392501625094],[22.646614473081485,65.60395067703857],[22.6469393774634,65.60357324086739],[22.648282191762092,65.60368584232481],[22.64861985065713,65.60329354688642],[22.636224159999998,65.60392032],[22.63473064100214,65.59886035331408]],[[22.466693969999998,65.62140556999998],[22.50974494,65.61927556999999],[22.511280526084498,65.62455892673513],[22.512928557503233,65.62454540795207],[22.51303200123974,65.62490120819659],[22.512170878226122,65.62494394754067],[22.511587813454355,65.62561618351255],[22.51233025,65.62817062],[22.496733953357413,65.62894345401037],[22.497047735623863,65.63002483594208],[22.49623803125388,65.63024539342385],[22.495307331677694,65.6315547117407],[22.494445953049052,65.63159735302978],[22.49292959212737,65.63239425380607],[22.492057001642017,65.63357666684904],[22.49337851,65.638133],[22.476085855579402,65.63898743941574],[22.47567693996002,65.63920215935127],[22.472042214070584,65.6391872379316],[22.47066126945283,65.6399910342868],[22.46969663824163,65.63967770409234],[22.47055833374625,65.63963520014234],[22.470834773901846,65.6390801954641],[22.46830118556421,65.63938561490832],[22.46911141769997,65.63916520126462],[22.468905599751203,65.63845353027293],[22.468095387710736,65.6386739426178],[22.468198285083062,65.63902977881331],[22.467613109244148,65.63851726976421],[22.46842332071571,65.63829685999956],[22.468320423759916,65.63794102395279],[22.470095161550184,65.6380339452477],[22.46945851779362,65.63734352606019],[22.470320136333484,65.63730102422849],[22.470165760221235,65.63676727236754],[22.46925270773198,65.63663185546253],[22.46990848224574,65.63587768542979],[22.46813389319104,65.63578476047257],[22.46803101219302,65.63542892407199],[22.466738669589674,65.6354926546439],[22.466050756261772,65.63462430079935],[22.469869874613114,65.63239108715388],[22.466693969999998,65.62140556999998]],[[22.742959725690284,65.60049223497093],[22.74285325573612,65.60013662478414],[22.741939866024527,65.60000286617355],[22.741726962031063,65.59929164392582],[22.74334075428702,65.59884793909147],[22.747264506727873,65.59882746099915],[22.751024631695888,65.5997179375618],[22.751827758797194,65.6009404991058],[22.7480102406231,65.6013167044261],[22.74473331026369,65.60058192953713],[22.742959725690284,65.60049223497093]],[[22.672122723084506,65.6178217261545],[22.672930811047618,65.61760023430897],[22.672658762714107,65.61815556630052],[22.672122723084506,65.6178217261545]],[[22.663019902270655,65.60185673823845],[22.66226489717128,65.60225601211707],[22.660974302800383,65.60232139812152],[22.660008555827908,65.60200930307404],[22.661141097490297,65.60141040735746],[22.66243164616786,65.6013450204019],[22.663019902270655,65.60185673823845]],[[22.65690973020659,65.60776195487149],[22.655724642431732,65.60818295694936],[22.65395142456605,65.60809219123077],[22.653793490075774,65.60755866440017],[22.65621629385231,65.60689452281842],[22.65690973020659,65.60776195487149]],[[22.651661029794393,65.60477846791214],[22.651230940317106,65.60480022679317],[22.651178321324416,65.60462238333022],[22.651661029794393,65.60477846791214]],[[22.643250211708505,65.60881382215169],[22.64163467591552,65.6092564527677],[22.641371862609606,65.60836721571775],[22.642557198321686,65.6079463233083],[22.642452064390632,65.60759062927346],[22.643742495411384,65.60752542202755],[22.643250211708505,65.60881382215169]],[[22.64040643521629,65.60805497959142],[22.639976280217127,65.60807670721094],[22.63992373018444,65.60789885913464],[22.64040643521629,65.60805497959142]],[[22.632064180422148,65.601978129444],[22.63034392397879,65.60206493420955],[22.6302389856769,65.60170922973028],[22.632064180422148,65.601978129444]],[[22.616443446987738,65.6067365282593],[22.616013289693413,65.60675818791154],[22.61596090671445,65.60658032984043],[22.616443446987738,65.6067365282593]],[[22.616046577791217,65.60242461727417],[22.61615132553035,65.60278033351497],[22.61572123335475,65.60280199167455],[22.615186404200685,65.60246793166898],[22.616046577791217,65.60242461727417]],[[22.614580441095118,65.59744457901442],[22.613720429175604,65.59748788344127],[22.61366808437081,65.59731002420023],[22.614580441095118,65.59744457901442]],[[22.595866883370434,65.54261452198858],[22.596568836127947,65.54203773416758],[22.595735431782543,65.53919184855046],[22.592796604014858,65.53807628438457],[22.592484265413436,65.5370090681207],[22.593238208136846,65.5366101658732],[22.59308203687404,65.53607655830172],[22.594641892984928,65.53545661367075],[22.59491469586435,65.53490142106368],[22.596578589397062,65.53463719438693],[22.59647443841101,65.53428145870454],[22.597709299060405,65.53403881110513],[22.598996226976958,65.53397402050906],[22.599581486986317,65.53448602106852],[22.603013322925793,65.53431317905138],[22.604248120898927,65.53407047871671],[22.604949666366704,65.53349365622556],[22.60628868526661,65.53360666835947],[22.606653684236004,65.53485171444036],[22.6079927798737,65.53496471070306],[22.608630398744424,65.53565453722662],[22.606810124131165,65.53538530523066],[22.607123025101668,65.5364524861141],[22.606317155871718,65.53667359156117],[22.60647360207069,65.53720718264117],[22.60561555956414,65.53725042092785],[22.606201025853366,65.53776239376859],[22.605395108585263,65.5379834947986],[22.60549939901751,65.53833922291386],[22.604589177475248,65.53820459167756],[22.60388750311514,65.5387814138362],[22.605331084018548,65.53925016082309],[22.605435379689393,65.53960588893172],[22.60366699289247,65.53951448580327],[22.603550746244757,65.54060328719142],[22.602692586212488,65.54064651010565],[22.60300539493282,65.54171370048651],[22.601288996503975,65.54180013606425],[22.60139324936756,65.54215586740335],[22.599781048418237,65.54259801771093],[22.599664632843044,65.54368681786357],[22.598702138428248,65.54337428644654],[22.597414745941865,65.54343907930222],[22.597310541136807,65.54308334472745],[22.595866883370434,65.54261452198858]],[[22.60755203212187,65.53643086345025],[22.60760418790112,65.53660872666303],[22.607175178009197,65.53663034950434],[22.60755203212187,65.53643086345025]],[[22.606722558996037,65.53954103002299],[22.606293500011798,65.53956265086799],[22.606241346039134,65.53938478718135],[22.606722558996037,65.53954103002299]],[[22.6057079892961,65.53905067883468],[22.606409629695133,65.53847384858018],[22.606618246090456,65.53918530297868],[22.6057079892961,65.53905067883468]],[[22.603811446946697,65.5414926108],[22.603382352958107,65.54151422374821],[22.603330214121726,65.54133635890078],[22.603811446946697,65.5414926108]],[[22.600639278461927,65.54255481059297],[22.601549634545485,65.54268946421845],[22.600743526106733,65.54291054243485],[22.600639278461927,65.54255481059297]],[[22.573587388226397,65.5513141151273],[22.57401667319809,65.55129258472887],[22.574068636128402,65.55147046146797],[22.573587388226397,65.5513141151273]],[[22.573210059650346,65.55151352140867],[22.573639348280448,65.55149199204314],[22.57369130911665,65.55166986893327],[22.573210059650346,65.55151352140867]],[[22.57170361896155,65.54635507531562],[22.571274412944575,65.54637659834782],[22.57122248131563,65.54619872033518],[22.57170361896155,65.54635507531562]],[[22.570194490033597,65.54715267410211],[22.5697652693896,65.54717419300326],[22.569661423662577,65.54681843574431],[22.570194490033597,65.54715267410211]],[[22.559732023931687,65.59640627999683],[22.561400204349795,65.59614239665484],[22.561504174611624,65.5964981584037],[22.560266020900475,65.5967405439596],[22.559732023931687,65.59640627999683]],[[22.55747305521256,65.54833136607506],[22.557043802514823,65.54835284922106],[22.556940124639166,65.54799708152755],[22.55747305521256,65.54833136607506]],[[22.551944514888007,65.54878843854924],[22.552699422061814,65.5483897285573],[22.552803043976983,65.54874549972533],[22.551944514888007,65.54878843854924]],[[22.553025055136352,65.54801248676577],[22.55388355653752,65.54796954209415],[22.553557936526836,65.54834678559989],[22.552699422061814,65.5483897285573],[22.553025055136352,65.54801248676577]],[[22.550523337379225,65.55138617702683],[22.5500940274944,65.55140764104272],[22.550042228241676,65.55122975441904],[22.550523337379225,65.55138617702683]],[[22.534244918738153,65.5538234158248],[22.53333449446351,65.55368835800786],[22.534193221814732,65.5536455227417],[22.534244918738153,65.5538234158248]],[[22.534364096991304,65.55273463837594],[22.536303992506507,65.55191595850766],[22.538879972464333,65.5517873896093],[22.53941275516201,65.55212173925034],[22.540700749557065,65.55205743378238],[22.539635168152,65.55138874185552],[22.542262822114218,65.55143800683958],[22.541626535724255,65.5507478872822],[22.542485149806886,65.55070500612582],[22.542692140274173,65.5514165649524],[22.545164501557238,65.55093211097338],[22.544512928047926,65.55168656315759],[22.540049019120126,65.55281186834561],[22.53870926005882,65.55269827741566],[22.539035148145054,65.55232106313697],[22.537747135773127,65.552385354614],[22.53505194605271,65.55360268263553],[22.534193221814732,65.5536455227417],[22.534364096991304,65.55273463837594]],[[22.54566073934763,65.54964399104426],[22.5469485927788,65.54957963384322],[22.547274323888438,65.549202403428],[22.548132875881326,65.54915949086394],[22.548029315684357,65.54880371587097],[22.550123859952038,65.54851852839916],[22.54871750547919,65.54967169453712],[22.547858937786312,65.54971461057737],[22.548014282312955,65.55024827317445],[22.546297103054624,65.55033409285183],[22.545164501557238,65.55093211097338],[22.54566073934763,65.54964399104426]],[[22.542433404137487,65.55052711635547],[22.542862707133484,65.55050567413858],[22.542914455679778,65.5506835637329],[22.542433404137487,65.55052711635547]],[[22.540442073664376,65.5511679811675],[22.54124896533203,65.5509472163186],[22.5413524433034,65.55130299678791],[22.540442073664376,65.5511679811675]],[[22.540206521642922,65.58330409256537],[22.540154713376594,65.58312620262647],[22.540584555989827,65.58310476140056],[22.540206521642922,65.58330409256537]],[[22.53920584741726,65.55141017509781],[22.539154122427792,65.55123228399604],[22.53958344028537,65.55121085092972],[22.53920584741726,65.55141017509781]],[[22.53783460388958,65.58414427926178],[22.537404741385732,65.5841657128868],[22.537352950191934,65.58398782181676],[22.53783460388958,65.58414427926178]],[[22.535617876383256,65.58551810577704],[22.536047762988044,65.58549667697797],[22.536099548885023,65.58567456854867],[22.535617876383256,65.58551810577704]],[[22.536099548885023,65.58567456854867],[22.536581227158074,65.58583102973087],[22.536151335562614,65.58585246009395],[22.536099548885023,65.58567456854867]],[[22.53580446566909,65.58316265651965],[22.535374617353973,65.58318408424132],[22.535322842383597,65.58300619231412],[22.53580446566909,65.58316265651965]],[[22.535156695217147,65.58842865824973],[22.535208482060444,65.58860655011742],[22.534778543271248,65.58862797706266],[22.535156695217147,65.58842865824973]],[[22.53106020834322,65.58484285920069],[22.53149008832317,65.58482144339969],[22.531541841462516,65.58499933685819],[22.53106020834322,65.58484285920069]],[[22.531541841462516,65.58499933685819],[22.532453364543883,65.58513439434984],[22.531593595381942,65.58517723029121],[22.531541841462516,65.58499933685819]],[[22.534602773794585,65.5850272832901],[22.53518798899793,65.58553953336433],[22.53389832215915,65.58560380885542],[22.532453364543883,65.58513439434984],[22.534602773794585,65.5850272832901]],[[22.516378720765527,65.59586017117337],[22.517238873009784,65.59581741770656],[22.517290555108858,65.59599531675178],[22.516378720765527,65.59586017117337]],[[22.518529095530912,65.59575327841266],[22.517565580325655,65.59544024133935],[22.516275370459866,65.59550437230389],[22.516292048032618,65.59405980144153],[22.515173635476806,65.5932130494588],[22.516463735036808,65.59314892898426],[22.51716877363014,65.59257247856448],[22.51883716995994,65.59230906156301],[22.52035044999785,65.59151193300818],[22.521692151578076,65.5916256668161],[22.521967041387445,65.59107058479037],[22.52325701457247,65.59100640776289],[22.52439182431262,65.59040853118228],[22.525251780536323,65.59036573421862],[22.525904823127537,65.58961135000693],[22.528054634501462,65.5895043277829],[22.52832936777785,65.58894923580205],[22.530049165075887,65.58886359346906],[22.530582624975423,65.58919796738797],[22.531820714423052,65.58895582499456],[22.53209536164735,65.5884007270566],[22.53032384951364,65.58830849836664],[22.530220344790354,65.58795271058007],[22.529308732707968,65.58781764055144],[22.530598522874254,65.58775340287926],[22.53070203180991,65.58810919036473],[22.53161366097612,65.58824425183873],[22.53333339866821,65.58815857283395],[22.53183654406263,65.58751126104664],[22.533126311525972,65.58744700208757],[22.534089706154468,65.5877599414418],[22.534882113527114,65.58898376107393],[22.53402222206097,65.58902661203281],[22.533799390398055,65.58975960552432],[22.532887696947537,65.58962455784824],[22.53304302191258,65.5901582360863],[22.532131318005195,65.59002318396499],[22.532716603452645,65.5905354428849],[22.531426681750826,65.59059969991391],[22.531685522370072,65.59148916640157],[22.530017317015826,65.59175272291637],[22.52850432598132,65.59254994507776],[22.52833306511172,65.59346082686194],[22.527042985384746,65.59352504817207],[22.527146473402873,65.59388083830432],[22.52552980110996,65.59432224259113],[22.52482490528829,65.5948987304672],[22.52272634963481,65.59518360836005],[22.521591298447827,65.59578147491092],[22.522124798579508,65.59611587820497],[22.521264646154062,65.59615865940127],[22.52012951931545,65.59675651576923],[22.51760066407064,65.59706271049039],[22.517290555108858,65.59599531675178],[22.518529095530912,65.59575327841266]],[[22.534788384006085,65.65756829891762],[22.53359902206435,65.65798838883357],[22.53337569963621,65.6587213868245],[22.53208239133654,65.65878568350863],[22.532201883710176,65.65769690416951],[22.534201464044276,65.65705606430596],[22.534788384006085,65.65756829891762]],[[22.534136834822057,65.5834262525663],[22.534670230665295,65.58376061273493],[22.53381051126192,65.58380346075293],[22.533328887504307,65.58364699021325],[22.534136834822057,65.5834262525663]],[[22.5338826021666,65.58704837190027],[22.53345268779221,65.58706979483692],[22.533400916632477,65.58689190221186],[22.5338826021666,65.58704837190027]],[[22.531406620014216,65.58753267827582],[22.5313548617244,65.58735478482151],[22.531784782886625,65.58733336776834],[22.531406620014216,65.58753267827582]],[[22.52868600607294,65.56168038157415],[22.528256504983325,65.56170178558718],[22.528204830072145,65.56152389023121],[22.52868600607294,65.56168038157415]],[[22.528500608342725,65.58803835424173],[22.528070672280744,65.58805976212719],[22.528018935521214,65.58788186731594],[22.528500608342725,65.58803835424173]],[[22.527775331084257,65.56154529285797],[22.5273458313182,65.56156669427422],[22.527294162945143,65.56138879854134],[22.527775331084257,65.56154529285797]],[[22.52593778192926,65.56271966591574],[22.527003498378292,65.56338845292217],[22.52336064463488,65.56284802626466],[22.52593778192926,65.56271966591574]],[[22.52524530145032,65.60534508878966],[22.52567552597478,65.60532368601184],[22.52577905189715,65.60567947671065],[22.52524530145032,65.60534508878966]],[[22.52491859050428,65.60572228175725],[22.525348821591127,65.60570087984046],[22.525400582832752,65.60587877532771],[22.52491859050428,65.60572228175725]],[[22.52454011409654,65.6059215783003],[22.524970348855046,65.60590017742052],[22.525022107986604,65.60607807305836],[22.52454011409654,65.6059215783003]],[[22.5244983107626,65.5952759213428],[22.524068251173208,65.59529731911837],[22.524016524417906,65.59511942283548],[22.5244983107626,65.5952759213428]],[[22.52420684495385,65.62127812589064],[22.52398351134834,65.6220111100794],[22.523553008966328,65.62203251085033],[22.52339764916649,65.62149882317911],[22.52420684495385,65.62127812589064]],[[22.52377382655049,65.56427120405172],[22.522914728473207,65.56431398396052],[22.52281143984981,65.56395818896335],[22.523618877497963,65.5637375125719],[22.52377382655049,65.56427120405172]],[[22.52360479712968,65.6222104066899],[22.523433229138885,65.62312128611963],[22.52191825738773,65.62391846254977],[22.519335029522548,65.62404681582406],[22.51907622058479,65.62315732783469],[22.519937270712223,65.62311455002602],[22.520969978259743,65.62216088998322],[22.52360479712968,65.6222104066899]],[[22.52351742700104,65.62041004796383],[22.523569211024096,65.62058794385615],[22.522708251793873,65.62063074136721],[22.52351742700104,65.62041004796383]],[[22.52226913422779,65.60711733894162],[22.52269939101697,65.60709594428438],[22.52275113748637,65.60727384082548],[22.52226913422779,65.60711733894162]],[[22.52275113748637,65.60727384082548],[22.523284897449646,65.60760823743342],[22.522854632767203,65.60762963383159],[22.52275113748637,65.60727384082548]],[[22.522485178267743,65.5643353720989],[22.522055627284445,65.56435675902657],[22.522003988345368,65.56417886118936],[22.522485178267743,65.5643353720989]],[[22.51492611922986,65.62390484218365],[22.517027073870892,65.62362004814237],[22.517302363091982,65.62306497050588],[22.518542182033908,65.62282291919253],[22.518302190079012,65.6250004660651],[22.517321030835564,65.6261320083464],[22.51489277185871,65.6267939838012],[22.514685818394767,65.62608238643763],[22.513290624245887,65.62579070836381],[22.51346256157531,65.62487983670327],[22.51492611922986,65.62390484218365]],[[22.51474360073213,65.59323442052559],[22.514313565208532,65.59325579038003],[22.514261910017197,65.59307789005055],[22.51474360073213,65.59323442052559]],[[22.514331651053674,65.5963228341466],[22.5139015640893,65.59634420335004],[22.513849904320956,65.59616630292452],[22.514331651053674,65.5963228341466]],[[22.510412956241076,65.61889531763242],[22.512565265742968,65.61878849005313],[22.51223821076257,65.61916565916123],[22.510412956241076,65.61889531763242]],[[22.51138961666932,65.59520572152078],[22.511441257320634,65.59538362297654],[22.51101118301549,65.59540498385098],[22.51138961666932,65.59520572152078]],[[22.5109079082689,65.59504918056297],[22.510959545252856,65.59522708221965],[22.510529473057705,65.595248441706],[22.5109079082689,65.59504918056297]],[[22.50880917649117,65.59533386752638],[22.50870593218848,65.59497806243198],[22.510426205645707,65.59489263801612],[22.50880917649117,65.59533386752638]],[[22.507467332017857,65.59522002109905],[22.507037256483567,65.59524137070974],[22.5069856462763,65.59506346744782],[22.507467332017857,65.59522002109905]],[[22.50633192103869,65.59581777698052],[22.50590183450306,65.59583912348006],[22.50585023062758,65.59566121976758],[22.50633192103869,65.59581777698052]],[[22.503473029397632,65.67319861630622],[22.503317713450723,65.67266490757002],[22.50504316016576,65.67257949251056],[22.505146726610743,65.67293529695233],[22.503473029397632,65.67319861630622]],[[22.500234768640148,65.62896465897624],[22.499804127519578,65.62898599373558],[22.499752486021247,65.62880808830916],[22.500234768640148,65.62896465897624]],[[22.495044394875528,65.64420011130088],[22.495475293007992,65.6441787874826],[22.495578591864533,65.64453460108366],[22.495044394875528,65.64420011130088]],[[22.496440397392966,65.64449194909865],[22.496233779592494,65.6437803232],[22.499956727919294,65.64305462048203],[22.50011176139842,65.64358833542967],[22.49930166671404,65.64380891316908],[22.499077469054352,65.64454186933239],[22.497836430822023,65.64478377374971],[22.497991433161204,65.64531749117575],[22.496267770323133,65.64540280838104],[22.495578591864533,65.64453460108366],[22.496440397392966,65.64449194909865]],[[22.496319427725325,65.64558071484159],[22.495888507163087,65.64560204127994],[22.495836852662304,65.64542413464378],[22.496319427725325,65.64558071484159]],[[22.49415228071061,65.63359697475664],[22.494203895333346,65.63377488235922],[22.493773168511357,65.63379620085787],[22.49415228071061,65.63359697475664]],[[22.48642692670789,65.67025169954691],[22.48556424546686,65.67029430339711],[22.48616869076868,65.66936214969071],[22.48822198952714,65.66889980479478],[22.48804895983578,65.66981065878154],[22.486754963622413,65.66987457628086],[22.48642692670789,65.67025169954691]],[[22.488859955438322,65.66959013211317],[22.48875662851514,65.66923431420165],[22.48961926818085,65.66919169263734],[22.48977427718265,65.66972541841314],[22.488583616140307,65.67014516862581],[22.488307265646696,65.67070020474766],[22.487444573208133,65.67074281938642],[22.48804895983578,65.66981065878154],[22.488859955438322,65.66959013211317]],[[22.485740640088693,65.63924641604393],[22.48611989257938,65.63904720860921],[22.486223038672303,65.63940303009255],[22.485740640088693,65.63924641604393]],[[22.48541295021232,65.63962353364334],[22.484982117706295,65.63964482824407],[22.48493055219191,65.63946691701429],[22.48541295021232,65.63962353364334]],[[22.483601302145146,65.64241996158631],[22.482360212512265,65.64266173998456],[22.481826223622758,65.64232720161961],[22.48263642697888,65.64210671606605],[22.482533317085572,65.64175089178306],[22.483601302145146,65.64241996158631]],[[22.44623052164662,65.54916541149738],[22.446659897083787,65.5491442414399],[22.446710986144957,65.54932217037367],[22.44623052164662,65.54916541149738]],[[22.446710986144957,65.54932217037367],[22.447191456401622,65.54947892766704],[22.446762075975325,65.54950009928251],[22.446710986144957,65.54932217037367]],[[22.435750964524956,65.5505839365665],[22.436988163465163,65.5503425781079],[22.437642851439453,65.54958855847207],[22.438931021570443,65.54952511729059],[22.44087375758266,65.54870763276068],[22.44435979282515,65.54871629006617],[22.44274442808443,65.5491567978623],[22.443275938080305,65.54949149833428],[22.44160945087273,65.5497540642598],[22.441384277734553,65.55048694456215],[22.44052547154663,65.55052925408177],[22.439441428489932,65.5513044367797],[22.438153171969002,65.55136788317043],[22.43825524529599,65.55172374781138],[22.436006062398647,65.55147360294475],[22.435750964524956,65.5505839365665]],[[22.440250270441464,65.61027065737846],[22.439819879795227,65.61029181939121],[22.43976869339495,65.61011388909775],[22.440250270441464,65.61027065737846]],[[22.436108106925804,65.55182946932186],[22.436537536136598,65.55180832744087],[22.436588562432693,65.55198626041852],[22.436108106925804,65.55182946932186]],[[22.436588562432693,65.55198626041852],[22.43706902369976,65.5521430499325],[22.43663958949713,65.55216419337128],[22.436588562432693,65.55198626041852]],[[22.436057084278094,65.55165153614576],[22.43562765717906,65.55167267664264],[22.43557663817963,65.55149474326805],[22.436057084278094,65.55165153614576]],[[22.43418634249911,65.55120228910951],[22.434615763262656,65.55118115276493],[22.43466677496576,65.55135908653641],[22.43418634249911,65.55120228910951]],[[22.43466677496576,65.55135908653641],[22.4351472131924,65.55151588238081],[22.434717787437,65.55153702028305],[22.43466677496576,65.55135908653641]],[[22.435102732345978,65.64246261763049],[22.43267078973919,65.64312331320644],[22.433656279425172,65.6419922762328],[22.434949043106624,65.64192882320802],[22.435102732345978,65.64246261763049]],[[22.425212800411046,65.64150421430006],[22.42526396166577,65.64168214975304],[22.424402109171183,65.64172439810385],[22.425212800411046,65.64150421430006]],[[22.411531307139533,65.64560265062559],[22.41072036903173,65.64582276379325],[22.410085090771936,65.64513208231558],[22.4114515518858,65.64380215430795],[22.41614111764861,65.6433921884022],[22.41852240423917,65.64255381495634],[22.419384295784678,65.6425115996026],[22.420830526881335,65.64298207917818],[22.42062599566388,65.64227033016255],[22.42138560109524,65.64187222903735],[22.42245203588783,65.64254174413902],[22.423313919331537,65.64249950655399],[22.423416221318185,65.64285537892547],[22.420655241995785,65.6438928782109],[22.419822509181493,65.64555764985396],[22.416403519843307,65.64734904732995],[22.413437397861856,65.64767466639853],[22.41183778208301,65.64667029559305],[22.411531307139533,65.64560265062559]],[[22.393598230797483,65.65928984701533],[22.394511719510092,65.65942571468463],[22.394840979250166,65.65904877819523],[22.39699718782196,65.65894355220865],[22.397224386493534,65.65821071803352],[22.40498635446029,65.65783164319008],[22.405797713515533,65.6576115565047],[22.405593455657627,65.65689978456278],[22.409525290623787,65.65688802668123],[22.412390298213122,65.65620659259542],[22.418857900000887,65.65589008550747],[22.420787223005398,65.6565173852016],[22.42104306362627,65.65740706940753],[22.419369453390523,65.65766946124974],[22.419902975492793,65.65800422380784],[22.418660522068357,65.65824549476892],[22.41881399268813,65.65877930782615],[22.415693189988744,65.6585711698573],[22.410269300930633,65.66100176014723],[22.410144664282132,65.66209049256727],[22.408726123959866,65.66324247683319],[22.406138311441705,65.66336894771754],[22.405809166376855,65.66374590756243],[22.40360153604939,65.66367331848123],[22.40337447954482,65.66440616078961],[22.40466844912739,65.66434295377768],[22.404339270887423,65.6647199107635],[22.401166797556908,65.66433353683269],[22.401064698728234,65.66397764748903],[22.397131770000044,65.6639891970747],[22.393477169586635,65.663445762805],[22.392155657454822,65.66188630435488],[22.39032853721861,65.6616145365851],[22.39007369981466,65.66072479087084],[22.39217909124376,65.66044168261466],[22.392406437494014,65.65970885419966],[22.393598230797483,65.65928984701533]],[[22.416316559241558,65.64248139303545],[22.416367661859486,65.64265933206465],[22.41593671106688,65.64268043183894],[22.416316559241558,65.64248139303545]],[[22.40854083342292,65.60623284445737],[22.40874469235472,65.606944616407],[22.40760646690954,65.60754166009399],[22.404746631011168,65.60822295291801],[22.404061553884613,65.60735429038773],[22.405579276453594,65.6065582648405],[22.40854083342292,65.60623284445737]],[[22.40709788148099,65.59204889392855],[22.40666775971358,65.59206995918365],[22.406616843148946,65.59189201504427],[22.40709788148099,65.59204889392855]],[[22.406265745478557,65.5937135853125],[22.40583559538929,65.59373464848713],[22.405784680586102,65.59355670405101],[22.406265745478557,65.5937135853125]],[[22.40302246474942,65.66622773248815],[22.40264217426194,65.66642674237438],[22.402540045266306,65.6660708543199],[22.40302246474942,65.66622773248815]],[[22.37885173442322,65.68111899986168],[22.379079607662298,65.68038618626936],[22.380374446091867,65.68032317769503],[22.37971498566163,65.68107699641472],[22.37885173442322,65.68111899986168]],[[22.37244701036396,65.67096555503394],[22.372497879600164,65.67114351107897],[22.372066412660235,65.6711644913685],[22.37244701036396,65.67096555503394]],[[22.355772499910163,65.65698059388775],[22.35782725652573,65.65651999788058],[22.360110171075256,65.6553265861296],[22.36350910145072,65.65498104103479],[22.36201294242713,65.65739927942502],[22.359780692713805,65.6587706820748],[22.356330482602615,65.65893818629318],[22.354884481026193,65.65846709019738],[22.35468161159472,65.65775523639313],[22.355772499910163,65.65698059388775]],[[22.34862017052801,65.6533582654846],[22.347098003242802,65.65415376417434],[22.345804373405542,65.65421647746213],[22.34565243698181,65.65368257592958],[22.347605809943282,65.65286618467415],[22.34862017052801,65.6533582654846]]],[[[22.44260392,65.61356959],[22.442201981693728,65.6121720884237],[22.438917211698264,65.61322334774691],[22.439066794561228,65.61374329347264],[22.44260392,65.61356959]]],[[[22.61502930584046,65.60193435604515],[22.614599226523204,65.60195601089018],[22.614651588966094,65.60213386963538],[22.61502930584046,65.60193435604515]]],[[[22.536508811423307,65.58258612316804],[22.536560593487764,65.58276401461788],[22.536990433691656,65.58274258361345],[22.536508811423307,65.58258612316804]]],[[[22.44128216755481,65.55013108240112],[22.44085277060432,65.55015223741874],[22.44090382243029,65.55033016868542],[22.44128216755481,65.55013108240112]]],[[[22.393700204996705,65.65964574260187],[22.39413145928906,65.6596247029688],[22.394080468896345,65.65944675536124],[22.393700204996705,65.65964574260187]]]]}},{"type":"Feature","properties":{"cyano_daymap_file_id":3077,"date":"2007-07-20Z","cloud":null,"sub_surfac":null,"surface":null,"no_data":null,"class":1,"color_hex":null,"algae_class":"class_1","source_date":"2007-07-20"},"geometry":{"type":"Polygon","coordinates":[[[22.157768179999998,65.29362057999998],[22.155341979999996,65.28471805],[22.19787307,65.28268160000002],[22.192997900000005,65.26487802],[22.21424662,65.26385614],[22.200605836970094,65.21398198035715],[22.050333624487358,65.29869508339064],[22.157768179999998,65.29362057999998]]]}}]}