{"type":"FeatureCollection","properties":{"source":"SMHI SE.SR Ytansamling av alger","date":"2018-07-08","note":"Test: SMHI WFS clipped to Lulea municipal sea area and simplified 20 m."},"features":[{"type":"Feature","properties":{"cyano_daymap_file_id":4131,"date":"2018-07-08Z","cloud":null,"sub_surfac":null,"surface":null,"no_data":null,"class":1,"color_hex":null,"algae_class":"class_1","source_date":"2018-07-08"},"geometry":{"type":"MultiPolygon","coordinates":[[[[22.502000709999997,65.59259005],[22.52170214441458,65.59160548838918],[22.521967041387445,65.59107058479037],[22.52325701457247,65.59100640776289],[22.52439182431262,65.59040853118228],[22.525251780536323,65.59036573421862],[22.525904823127537,65.58961135000693],[22.528054634501462,65.5895043277829],[22.52832936777785,65.58894923580205],[22.530049165075887,65.58886359346906],[22.530582624975423,65.58919796738797],[22.531820714423052,65.58895582499456],[22.53209536164735,65.5884007270566],[22.53032384951364,65.58830849836664],[22.530220344790354,65.58795271058007],[22.529308732707968,65.58781764055144],[22.530598522874254,65.58775340287926],[22.53070203180991,65.58810919036473],[22.53161366097612,65.58824425183873],[22.53333339866821,65.58815857283395],[22.53183654406263,65.58751126104664],[22.533126311525972,65.58744700208757],[22.534089706154468,65.5877599414418],[22.534882113527114,65.58898376107393],[22.53402222206097,65.58902661203281],[22.533799390398055,65.58975960552432],[22.532887696947537,65.58962455784824],[22.53304302191258,65.5901582360863],[22.532131318005195,65.59002318396499],[22.532716603452645,65.5905354428849],[22.531426681750826,65.59059969991391],[22.531575782538194,65.59111206213142],[22.58056320537582,65.58866395937281],[22.578992841084553,65.5876813039948],[22.57716917301257,65.5874117498716],[22.576531029313752,65.58672179593451],[22.57561923658871,65.58658700638297],[22.575944979866236,65.58620971410426],[22.574225540497864,65.5862958736758],[22.574121445556788,65.58594012194258],[22.575632635226196,65.58514246284437],[22.577404059827508,65.5852341627026],[22.578159594895563,65.58483531927587],[22.577625625252775,65.5845011181094],[22.576765966904745,65.58454420924713],[22.576245392279354,65.58276545963191],[22.576896761992856,65.58201087288532],[22.57775633645251,65.58196778185881],[22.577600154172863,65.58143415828917],[22.579319259074996,65.58134796382491],[22.580022579698678,65.58077123871115],[22.581311869477936,65.58070657447087],[22.5818548224043,65.57958238500548],[22.563898330000004,65.58048229],[22.563549159911386,65.57961118510647],[22.561830106757352,65.5796972000873],[22.55794779495556,65.58133521493896],[22.55848144787647,65.58166948864984],[22.557621844838877,65.5817124706002],[22.557777619745785,65.58224611887574],[22.55643626626422,65.58213270104191],[22.555850717506335,65.58162053644777],[22.554991110847865,65.58166350350776],[22.554353701306912,65.5809734487833],[22.55321999436396,65.58157153848992],[22.551930577776965,65.58163596492714],[22.55079678592273,65.58223403736169],[22.550900544345456,65.58258980850101],[22.54746193157273,65.58276153700803],[22.5468615360698,65.58369389323947],[22.54481598057479,65.58415695254527],[22.54509030385258,65.58360183435106],[22.542081363053885,65.5837519872365],[22.541925898949955,65.58321831968723],[22.54111802667543,65.58343909811059],[22.541703331288797,65.58395132211045],[22.540843619555258,65.58399420995916],[22.54025833069012,65.58348198247874],[22.541770441875276,65.58268465190852],[22.541133353747153,65.58199453831685],[22.539895683757244,65.58223675254985],[22.539621261562118,65.58279186233422],[22.53870978670181,65.58265684747938],[22.538606194505036,65.58230106631538],[22.53688686457345,65.58238680104046],[22.537042219421497,65.58292047486177],[22.535649134444043,65.58262898118988],[22.534463149182397,65.5830490437704],[22.533878007146967,65.58253679016227],[22.53511575030535,65.58229462435077],[22.533670959050017,65.58182521978092],[22.53533849306302,65.581561629843],[22.53502787977108,65.58049427757963],[22.533686704799898,65.58038065652651],[22.533583192143613,65.580024871128],[22.530849176840878,65.57961969700874],[22.529989586547046,65.57966252203995],[22.52971497548827,65.58021761577784],[22.527995747814575,65.58030324856696],[22.527032706296914,65.57999026691398],[22.524557255057402,65.58047445599061],[22.5239723671953,65.57996216156862],[22.522734624667613,65.58020423633009],[22.522527903390774,65.57949264743642],[22.52386898924958,65.57960636817644],[22.52581118061829,65.57878779950354],[22.525707783177406,65.57843200756463],[22.52479653010263,65.57829690677018],[22.525604388852802,65.57807621552408],[22.525019537372813,65.57756392478184],[22.529265441060346,65.57717200062635],[22.530622360827014,65.57584109791985],[22.529659457264945,65.57552813157562],[22.531808087720496,65.57542106802966],[22.531068000169483,65.5743751202756],[22.529349163442383,65.57446076446823],[22.528816033038098,65.5741263828975],[22.531875683649186,65.57415439736064],[22.532528152352835,65.57339999045163],[22.53166877061153,65.57344282290053],[22.531135632494642,65.57310844957382],[22.533284056072194,65.57300136718307],[22.53233707398494,65.57124385292217],[22.53051502148579,65.57097372103135],[22.526270146270264,65.57136566982024],[22.52241954985574,65.5701136468025],[22.52719729549642,65.57005619770989],[22.52967171373307,65.56957197596323],[22.529568307700167,65.56921618675851],[22.531716418130888,65.56910912977166],[22.531612986396336,65.56875334222394],[22.532472213588807,65.5687105116565],[22.534309870406812,65.56753605818282],[22.53522078884939,65.56767110513074],[22.536354330408845,65.56707315184985],[22.537213492797548,65.56703029503814],[22.53794786718526,65.56623246210918],[22.53723052,65.56376710000002],[22.540096098391974,65.56345746570801],[22.538978296504546,65.56261088334834],[22.539837306599818,65.56256801319398],[22.541725973897407,65.56157136787549],[22.54296265314488,65.56132914875181],[22.54306620424396,65.56168492732246],[22.54435466027232,65.56162058607497],[22.54493951110754,65.56213280212303],[22.54569490327845,65.56173412212425],[22.54741283588924,65.56164830161953],[22.54768689425063,65.56109318146271],[22.550796835110617,65.56129871643675],[22.553817805336507,65.55970386303726],[22.553936175237716,65.55861507841126],[22.554846873246653,65.55875000952967],[22.55555016180476,65.55817339846118],[22.557593499938722,65.55771021681053],[22.558296700049947,65.55713359388511],[22.559584885746254,65.55706912577776],[22.56109490405493,65.55627162370472],[22.561679954313437,65.55678377303228],[22.564204355451796,65.5564768882397],[22.568030713557444,65.5546608750796],[22.567926855509924,65.55430511674231],[22.568785534430624,65.55426208572699],[22.568681668001904,65.55390632799374],[22.57207803940618,65.55211173496156],[22.57503114919004,65.55178314938298],[22.575616364508807,65.552295243144],[22.57690425946286,65.55223063062243],[22.579545307099796,65.55083470500917],[22.581262386969073,65.5507485091285],[22.581574464959218,65.55181575129625],[22.58023459813541,65.55170252904402],[22.580767902064032,65.55203672773692],[22.57877743329089,65.55267808803308],[22.57780147421911,65.55380996790106],[22.57431490016493,65.5538043896148],[22.57318280921387,65.55440261215891],[22.572635899966194,65.55551293187354],[22.571829145429618,65.55573386263627],[22.57236242883492,65.55606809116047],[22.570319493057124,65.55653146804704],[22.570527298981617,65.55724298046013],[22.567351845596775,65.55830451587168],[22.567559587582434,65.55901603301551],[22.56857425436849,65.5595066390236],[22.569914480820028,65.55961996083816],[22.570018391546053,65.55997571728464],[22.567493727436243,65.56028270171274],[22.56775343549528,65.56117209755269],[22.566087547623415,65.56143602750868],[22.565921788606108,65.56232525653095],[22.56964906555911,65.56213794693495],[22.571085106947898,65.5606441837141],[22.573232304657434,65.56053654714655],[22.575171513794682,65.55971737622487],[22.577370620266205,65.55978755786714],[22.57968702704718,65.55876891378215],[22.579582990189632,65.5584131652635],[22.580819149607603,65.55817064225737],[22.581886061410234,65.55883903056716],[22.58274486183006,65.55879591912291],[22.58392896060304,65.55837549795375],[22.5840981109068,65.55746457525599],[22.585008913949487,65.55759932384476],[22.585282127797694,65.55704414434103],[22.586140862316263,65.55700101430432],[22.585919726150916,65.5577340668601],[22.58725992719744,65.55784723537357],[22.587038816909597,65.55858028930345],[22.58832698814802,65.55851557676361],[22.590109300176852,65.55716260922745],[22.589848877736433,65.55627325909477],[22.59060340275044,65.55587436397973],[22.590447146138803,65.55534075449958],[22.5916309627044,65.55492027597883],[22.59147469196469,65.55438666770682],[22.59298356206301,65.55358885935722],[22.59384216741112,65.5535456869529],[22.596053140710726,65.55217106800366],[22.599487332014238,65.5519982818704],[22.600020885643545,65.55233241015742],[22.59878518906284,65.55257508521257],[22.598512306300975,65.55313028567706],[22.59973588330254,65.55433214511343],[22.601453112809722,65.55424571863486],[22.601609586729598,65.55477931452047],[22.604991895314964,65.55442853539449],[22.60681349746739,65.5546977756902],[22.60611144975582,65.55527461205128],[22.60637241485676,65.5561639286224],[22.605513748348358,65.5562071727322],[22.60658120108106,65.55687538141429],[22.6055019298962,65.557651702403],[22.60646504236386,65.55796418426189],[22.606569443867627,65.55831991054782],[22.60576290292098,65.55854101995754],[22.606505485579152,65.55958657655755],[22.608652419263752,65.55947844034473],[22.608854788838382,65.56016771282518],[22.614488748519832,65.55988458529663],[22.620413398834735,65.55798303204351],[22.62261244072785,65.55805255713905],[22.622937162774967,65.55767517443113],[22.625083856714706,65.55756680764905],[22.62518851033567,65.55792251849454],[22.623952798438843,65.55816539917792],[22.625020800826178,65.55883347217559],[22.62496520162332,65.55935810437683],[22.644587709999996,65.55837199999999],[22.647211740000003,65.56726433999998],[22.733090739999998,65.56289203],[22.727787149999997,65.54511088],[22.699586175444864,65.54655113426308],[22.699559946002356,65.54710868416345],[22.69611895454154,65.54872828277801],[22.696277325033037,65.54926176064346],[22.695471532901006,65.54948335306523],[22.69450033210066,65.55061595402066],[22.69486982939307,65.55186073977926],[22.691089644815257,65.55674675641671],[22.689635795134723,65.55772337318848],[22.6902235414612,65.55823499046872],[22.689417422199377,65.55845655405719],[22.689681267301484,65.55934569660567],[22.688498407067843,65.55976695117194],[22.688603936589356,65.56012260897884],[22.687315508342856,65.56018819689453],[22.685914079703565,65.56134261083119],[22.68467832494196,65.56158600706084],[22.68241765761749,65.56278409582443],[22.68069955125413,65.56287147582366],[22.679569095844236,65.56347049597875],[22.677798232529415,65.56338001092341],[22.67575589752737,65.56384483650358],[22.67543171771906,65.56422233331303],[22.673283928961794,65.56433145776928],[22.67167100484968,65.56477440730845],[22.669040934855484,65.56472745285683],[22.66759431914362,65.56425936462196],[22.666585878629654,65.56232495293301],[22.665621581839275,65.56201287884244],[22.66589326550425,65.56145756349636],[22.663272293042414,65.55996599652588],[22.66005550570817,65.5594071534818],[22.65995036916842,65.55905147175696],[22.657592722270106,65.5584490056636],[22.657487623992832,65.55809332183735],[22.653149665844474,65.5566886651873],[22.65256267748827,65.55617689623061],[22.64939906780071,65.55579566391512],[22.64929409420327,65.55543997312728],[22.64843521774537,65.55548347578367],[22.647418918169002,65.55499343507947],[22.644203073318906,65.554434245507],[22.643511586920685,65.5535667357352],[22.642548209480957,65.55325449235829],[22.64309207601498,65.55214395190752],[22.646159814381523,65.55072511847904],[22.64605490959382,65.55036942475148],[22.647772332093755,65.55028244498476],[22.64970918883954,65.54946231170938],[22.649341887940245,65.54821739335611],[22.65009557579796,65.54781819756204],[22.649403923685988,65.54695072292209],[22.649413493993812,65.5455062069085],[22.64731956394824,65.5457927942211],[22.646680504282052,65.5451031521318],[22.644534144927757,65.54521185399335],[22.643570751293197,65.54489963021416],[22.642764626403928,65.54512094533622],[22.641371986417468,65.54483043899391],[22.640408963751923,65.5445181783705],[22.640251770558113,65.54398463011334],[22.63736290634759,65.54304780637985],[22.636891567002728,65.54144714917943],[22.63947589002907,65.5398723722487],[22.641569280455858,65.53958590550043],[22.642270449127015,65.53900890096841],[22.646132983832153,65.53881328291345],[22.647368048875727,65.53857020851919],[22.647692342193682,65.53819277074675],[22.64940895667181,65.53810578073768],[22.649733214733264,65.53772833895552],[22.653438080320292,65.53699900076019],[22.654401290339898,65.53731116358657],[22.654611203871255,65.53802253824634],[22.65552197926247,65.53815684984954],[22.655836912443533,65.53922390875718],[22.653576772669986,65.54042156105973],[22.65416340658655,65.54093332967105],[22.65330501748344,65.54097685493089],[22.65303325137649,65.54153214842913],[22.652174840296762,65.5415756675036],[22.65200798898487,65.54248664852028],[22.652918909570552,65.54262097430292],[22.653505582900205,65.54313274506784],[22.656667696171567,65.54351390695206],[22.65725446358887,65.54402566221309],[22.658542184596204,65.5439603374653],[22.658699751686267,65.54449386284422],[22.660574345119368,65.54494026710178],[22.66174812317902,65.54596374254932],[22.66269237823635,65.54591581311193],[22.660796720000004,65.53949994],[22.78739720806392,65.53301901329895],[22.787177258124515,65.53268400585463],[22.78631941038498,65.53272828006791],[22.78578376391529,65.53239483832087],[22.78610798561419,65.53057268406153],[22.788301286881477,65.52904626889514],[22.78679374,65.52402393],[22.799546945817173,65.52336462176346],[22.800482188942134,65.52188609700582],[22.801768381561427,65.5218195694657],[22.801608057295823,65.52128622332395],[22.80235860755773,65.52088630318259],[22.806163528965836,65.520508861662],[22.806752652332914,65.52102001104953],[22.807534931509945,65.52062472551954],[22.802878899999996,65.50513799],[22.73862562,65.50844987],[22.73597761,65.49955937999998],[22.711930706006694,65.50079138141732],[22.708072030640018,65.50244689812489],[22.706786505107043,65.50251262153024],[22.70651623653558,65.5030679951576],[22.704479100921382,65.50353315384146],[22.701907914050217,65.50366452999833],[22.701742968041845,65.5045755455082],[22.700081475701182,65.50484092961219],[22.699006615754396,65.5056178899284],[22.69814947719518,65.50566165659863],[22.69825487429279,65.50601730886282],[22.69659325304904,65.5062826559618],[22.696270044041068,65.5066601870948],[22.693480581965108,65.50752460894032],[22.69010436188071,65.50787735383983],[22.68978103961015,65.50825487227804],[22.687690557612704,65.50854198230896],[22.684253762497196,65.51016126689308],[22.68211046302895,65.51027046997302],[22.681358327475955,65.51066980896158],[22.674928200796277,65.51099720621444],[22.67417593266787,65.51139651083919],[22.671175094855574,65.51154918883631],[22.671070039430905,65.51119351414702],[22.66844538696831,65.51114649330277],[22.669197737668593,65.51074721634411],[22.66866403567396,65.51041334019392],[22.666039463738823,65.51036627673655],[22.66764917332322,65.50992342065695],[22.66749167520289,65.50938990404666],[22.666048219910607,65.50892176857795],[22.666380640054477,65.50709978923084],[22.665042283257154,65.50698732165051],[22.664884859728218,65.5064538015643],[22.666389387118315,65.50565528118855],[22.66847989180123,65.50536846557627],[22.669984246189838,65.5045699112163],[22.67126998443627,65.50450449870033],[22.67057886975105,65.5036371156339],[22.671225960028327,65.50288215565723],[22.672354065850165,65.50228322246465],[22.67321114570635,65.50223960271599],[22.67488105684481,65.50053000902312],[22.67691851313532,65.50006524607342],[22.676332406013913,65.49955356044019],[22.677941277273096,65.49911060350527],[22.67858804789859,65.49835561536173],[22.681534752358466,65.49802497322855],[22.68142962163698,65.49766930657033],[22.682286531931247,65.4976256371126],[22.683361582252417,65.49684879382214],[22.684970165349903,65.49640576505462],[22.688397593326528,65.49623097996523],[22.688292377964245,65.4958753189719],[22.68979558307836,65.49507657946226],[22.6906523915136,65.49503286361858],[22.69099741925934,65.49449071319253],[22.690514719999996,65.49285987999998],[22.735817429987204,65.49053173666827],[22.735317845636818,65.49021966831127],[22.736501753245935,65.48835361771387],[22.734630045254928,65.48790812451197],[22.733398209457377,65.48815187727519],[22.733075747050865,65.48852947917914],[22.73221923755516,65.48857343248604],[22.73163233037451,65.4880619699687],[22.729543950290605,65.48834963678291],[22.727942034292155,65.48734865099594],[22.724997172154705,65.48768017884464],[22.724727428059666,65.48823557944826],[22.72387091124916,65.48827948548912],[22.72451609025102,65.48752431764393],[22.72151834754579,65.48767796264863],[22.72071465003097,65.48789966747613],[22.72082026749351,65.48825530161386],[22.71910721356456,65.48834306473633],[22.718790439279402,65.48727615769369],[22.717933941851044,65.48732002986286],[22.718309400879217,65.48712027626871],[22.717670013651396,65.48643093813793],[22.719547200002783,65.4854321652678],[22.719336030404225,65.48472089447726],[22.71789306706052,65.48425324924335],[22.715376619845507,65.4845626523918],[22.714309179476572,65.48389522501637],[22.71259638468239,65.48398291157572],[22.711693552933056,65.48240444209588],[22.714321507909883,65.48100625872024],[22.71678486452169,65.48051905768219],[22.71710747288338,65.48014148907458],[22.71801650761133,65.48027544246375],[22.718339095186344,65.4798978714437],[22.719570694011946,65.47965424401389],[22.71898424319018,65.47914272762527],[22.718990161284893,65.47769824693134],[22.717389322382868,65.47669713805897],[22.717711878013304,65.47631956872826],[22.716427665316164,65.47638536039238],[22.715788607641336,65.47569601092398],[22.71503796273211,65.47609550173665],[22.714076355470855,65.47578370857396],[22.712574984453827,65.47658267029374],[22.710434578483316,65.4766922447161],[22.710704523971113,65.47613686761227],[22.708992222377788,65.47622450812148],[22.709203027991727,65.47693579711256],[22.710111912306978,65.47706979965696],[22.710217332863422,65.47742544322419],[22.711929708078607,65.4773377880483],[22.710052788035433,65.4783364633584],[22.70919656553699,65.47838028309633],[22.70930198003225,65.47873592737099],[22.71021092810065,65.47886992865453],[22.709407397691464,65.47909157154028],[22.707859528359503,65.47826818094669],[22.708129543220128,65.47771280771164],[22.706206389781077,65.47708912661605],[22.70599566412286,65.47637783260366],[22.704335996521518,65.47664324433332],[22.70417799247335,65.47610977147527],[22.70321651028753,65.47579790783993],[22.70380934402076,65.47486500055211],[22.702953222469052,65.47490878382806],[22.702367205863034,65.47439719839754],[22.703165798233357,65.4741591875405],[22.685257199999995,65.47507677999998],[22.68263139,65.46618514],[22.704019409999994,65.46509245999998],[22.698759459999994,65.44730986],[22.67738569,65.44840165],[22.674765789999995,65.43950979999998],[22.589279629999997,65.44384507],[22.59187105,65.45273869],[22.570487509999996,65.45381542999999],[22.57566189,65.47160335000001],[22.554262139999995,65.47267795],[22.55493204459575,65.47498473723056],[22.55645339143769,65.47456713571827],[22.558593597441103,65.47445977821461],[22.561316894458884,65.47486456093105],[22.563885139579124,65.47473564558629],[22.564416605214383,65.47506992055195],[22.568645258328374,65.47467706887309],[22.570032856717443,65.4749683150687],[22.569383775878137,65.47572284847477],[22.569811824703205,65.4757013426677],[22.570395142933926,65.47621347582677],[22.57226267312684,65.4766610714363],[22.570653942109793,65.47710287560133],[22.570860995436256,65.47781439496087],[22.571820700559424,65.4781271319134],[22.573104955426963,65.47806258901117],[22.57488281853364,65.47670984694217],[22.576595051894184,65.47662375368749],[22.578852483628577,65.47542731883259],[22.579708552017177,65.47538425262397],[22.578735326099512,65.4765161099971],[22.57755477892691,65.47693645397007],[22.57765839705523,65.47729220801013],[22.579098052291883,65.47776124534481],[22.579954196543405,65.47771817696182],[22.58010967944361,65.47825180495416],[22.578228352370697,65.47924885339981],[22.578435632184622,65.47996036004595],[22.5796681276067,65.47971788406973],[22.579771787778153,65.48007363623215],[22.578642924445887,65.48067186628232],[22.579278361178297,65.48136183860949],[22.578607584641027,65.48171728763593],[22.580844049999996,65.48939101999999],[22.572767797635752,65.48979663443973],[22.571111956861984,65.49061593483773],[22.571215552831934,65.49097169355205],[22.56965772419687,65.49159137567909],[22.570293208738654,65.4922813853566],[22.56772327874635,65.49241042700561],[22.567605621888465,65.49349921475391],[22.566748936433207,65.4935422186875],[22.565619203744966,65.49414036035174],[22.56587805484221,65.4950297678609],[22.564164573664534,65.49511575241004],[22.562658083308378,65.49591324883828],[22.561103030441444,65.49621878227943],[22.56201684,65.49936068],[22.626274600000006,65.49612385000002],[22.627010022260567,65.49862742869978],[22.627772967720908,65.49858882817921],[22.627929576622424,65.49912239522843],[22.627120235875232,65.49900262601551],[22.63411127,65.52280202],[22.612672490000005,65.52388531],[22.61528147,65.53277835],[22.572353265715673,65.53483245051143],[22.57148833011469,65.5351759825951],[22.571644053350635,65.53570961700686],[22.5698760276525,65.53561781523928],[22.569550785515524,65.53599508926654],[22.56659938034339,65.5363235505191],[22.564284395593162,65.53734197972845],[22.564062775870816,65.53807500516798],[22.562553873422836,65.53887252541058],[22.560889344016637,65.5391363842979],[22.559003003103957,65.54013324486093],[22.552471263435073,65.54129783934555],[22.55352123,65.54490573],[22.51059736,65.54704688],[22.50802233,65.5381517],[22.486564679999997,65.5392173],[22.502000709999997,65.59259005]],[[22.712246057270697,65.4784047138114],[22.712028851382595,65.47913791452278],[22.710052788035433,65.4783364633584],[22.712246057270697,65.4784047138114]],[[22.68788497,65.48396837],[22.623666299999996,65.48723099999998],[22.62105995,65.47833808],[22.685257199999995,65.47507677999998],[22.68788497,65.48396837]],[[22.67435443,65.51173461],[22.717203869999995,65.50954779999999],[22.719213498873142,65.51505497802208],[22.72140988184607,65.5151230628415],[22.721192691199565,65.51585627685604],[22.722103003144117,65.515990192339],[22.72220877669668,65.51634582398215],[22.72515689683407,65.51601431629281],[22.725051084766577,65.51565868711629],[22.725585608981973,65.51599235547965],[22.726871740651383,65.5159264657949],[22.726173061586135,65.51650383594509],[22.72831664937899,65.5163940050279],[22.729491703217967,65.51741694090275],[22.730767617974962,65.52023996457352],[22.730015964822478,65.52063954059864],[22.729529034125704,65.52192817636309],[22.727972629392454,65.52254950079684],[22.72807851496339,65.52290512718744],[22.72722086796379,65.52294906406591],[22.727003789565792,65.52368228531782],[22.725018371904145,65.52432554732853],[22.725124225935478,65.52468117612375],[22.724266514599574,65.52472509691611],[22.72437236034644,65.52508072632563],[22.72528301294971,65.52521461911795],[22.725600608461942,65.52628150439136],[22.724848705590382,65.52668105735775],[22.72414423065468,65.52870289860714],[22.7233393108427,65.52892463027622],[22.723551021374004,65.52963589015461],[22.721994020388603,65.53025715931396],[22.72113611949093,65.53030106432816],[22.720601346368777,65.5299673827749],[22.718885554780424,65.5300551720295],[22.719526115593393,65.53074449307798],[22.71899135331409,65.53041080571714],[22.71813344127118,65.53045469381405],[22.717434195390563,65.53103202956981],[22.715718320967113,65.53111978375455],[22.714590023058165,65.53171904273671],[22.70810238586991,65.53187008108463],[22.70531718744808,65.53129025777879],[22.703337268895524,65.53048875852859],[22.70017612574084,65.53010856208248],[22.697767495001784,65.52932887868215],[22.697127542075986,65.52863945920383],[22.695735218852523,65.52834945005498],[22.69605868599736,65.52797191729945],[22.695049709851432,65.52603770156263],[22.692265419685086,65.52545762850461],[22.691144125173007,65.52461222094111],[22.688518103239375,65.52456556289201],[22.687396968923945,65.52372012588674],[22.687720504598815,65.5233426102747],[22.686870323085117,65.52194182216279],[22.687622687633574,65.52154245332375],[22.68741203486107,65.52083113232219],[22.68826969297372,65.52078742114419],[22.689047323641063,65.52001062985167],[22.67698294,65.52062638],[22.67435443,65.51173461]],[[22.72242766840274,65.4878118864953],[22.72248048816922,65.48798970285843],[22.721623974854403,65.48803359612032],[22.72242766840274,65.4878118864953]],[[22.71991229725738,65.51447763880502],[22.71948360421022,65.51449958332869],[22.719430740099536,65.51432176632993],[22.71991229725738,65.51447763880502]],[[22.718714447663093,65.47969811797465],[22.71828632329977,65.4797200531467],[22.718233552205138,65.4795422348233],[22.718714447663093,65.47969811797465]],[[22.71127805191259,65.47953738827518],[22.710849922650326,65.47955930241395],[22.710797202483565,65.47938148095972],[22.71127805191259,65.47953738827518]],[[22.71069176452358,65.47902583797229],[22.710744483107995,65.47920365947918],[22.710316358766228,65.47922557205352],[22.71069176452358,65.47902583797229]],[[22.70919010721689,65.47982476905837],[22.709618242502305,65.47980285956265],[22.709670955682693,65.47998068150235],[22.70919010721689,65.47982476905837]],[[22.709670955682693,65.47998068150235],[22.710151809860523,65.48013659235556],[22.709723669654203,65.48015850341574],[22.709670955682693,65.47998068150235]],[[22.70913739768384,65.47964694691295],[22.708709264463057,65.47966885502365],[22.708656558577268,65.47949103267246],[22.70913739768384,65.47964694691295]],[[22.699427106259282,65.48501748049877],[22.700388891175855,65.48532936512886],[22.700546885236715,65.48586284210616],[22.69862329448398,65.48523906894928],[22.696910348242973,65.48532657918555],[22.699427106259282,65.48501748049877]],[[22.69920250637547,65.48719515821698],[22.698774239562265,65.48721703955619],[22.698721582841745,65.4870392132114],[22.69920250637547,65.48719515821698]],[[22.69623583435504,65.49185960772401],[22.69752086820195,65.49179397921606],[22.697573528324124,65.49197180595239],[22.69623583435504,65.49185960772401]],[[22.697573528324124,65.49197180595239],[22.69805453798921,65.49212775372199],[22.697626189237003,65.49214963266246],[22.697573528324124,65.49197180595239]],[[22.694950793387896,65.49192522537456],[22.695003436352692,65.49210305318594],[22.69457508492194,65.49212492350249],[22.694950793387896,65.49192522537456]],[[22.695003436352692,65.49210305318594],[22.696341138232736,65.49221526224558],[22.695108724653664,65.49245870872998],[22.695003436352692,65.49210305318594]],[[22.695807488157072,65.49188148148056],[22.69575484026358,65.49170365400117],[22.69618318360202,65.49168178042379],[22.695807488157072,65.49188148148056]],[[22.69511592390257,65.49101421547515],[22.69468759041986,65.4910360859232],[22.694634952197347,65.49085825795412],[22.69511592390257,65.49101421547515]],[[22.69501064252918,65.49065855986898],[22.694153986210196,65.49070229884217],[22.694101352427587,65.4905244706414],[22.69501064252918,65.49065855986898]],[[22.694417166977516,65.49159143945192],[22.694845509829534,65.49156956967283],[22.69489815121351,65.49174739753681],[22.694417166977516,65.49159143945192]],[[22.691847093257223,65.49172263279253],[22.692703787660513,65.49167890650455],[22.69275641474663,65.49185673526414],[22.691847093257223,65.49172263279253]],[[22.69275641474663,65.49185673526414],[22.694522444816766,65.49194709551193],[22.692809042622944,65.49203456399748],[22.69275641474663,65.49185673526414]],[[22.694333645888467,65.48690230212408],[22.693905378951012,65.48692416965862],[22.693852756043174,65.48674634126439],[22.694333645888467,65.48690230212408]],[[22.672912852676397,65.49828357256334],[22.67237936873215,65.49794970730434],[22.67280783799467,65.49792789870128],[22.672912852676397,65.49828357256334]],[[22.673454731359342,65.49717293126615],[22.672492812875387,65.4968608764874],[22.66992208848065,65.49699170357093],[22.66977322955546,65.49501368241152],[22.667797199419212,65.49421167792698],[22.66727260421051,65.49243328522205],[22.667762161636567,65.49114482359957],[22.673383304958968,65.49103923922075],[22.674615865735355,65.49079596846407],[22.674939208295864,65.49041848232946],[22.677028400137722,65.4901315621518],[22.677569954148513,65.4890209095585],[22.67950141482531,65.48820045144056],[22.679396359457098,65.48784478261595],[22.680523644179345,65.48724579706412],[22.681380214806566,65.48720213628728],[22.682507426175526,65.48660313669752],[22.682402337685204,65.48624747031461],[22.683363971756567,65.4865594649316],[22.68358203523489,65.48582629651479],[22.686099012477865,65.48551741765195],[22.68642212649564,65.48513990934354],[22.687278616266997,65.48509621595952],[22.687173470221985,65.48474055350263],[22.688029945401794,65.4846968560101],[22.688135102879194,65.48505251775126],[22.68941982687332,65.48498696139345],[22.68969029729624,65.48443161635853],[22.690494163367976,65.4842100748893],[22.690336386365324,65.48367658514474],[22.692853070869294,65.48336759678345],[22.692793112189907,65.48463426248524],[22.69413042067999,65.48474649521704],[22.693807423774725,65.48512401879049],[22.692950946273374,65.48516774907189],[22.693484417806506,65.4855015417692],[22.69177143361638,65.48558899411613],[22.6911253424352,65.48634403150523],[22.69026881957128,65.48638774705013],[22.685865575008222,65.48913958535768],[22.685008949977213,65.4891832721398],[22.68313015348661,65.49018163241222],[22.683663607848814,65.49051545999131],[22.682806933308733,65.49055913480179],[22.682536259845456,65.49111446965536],[22.68173211426491,65.4913359716918],[22.682528363842522,65.49255896954675],[22.681619066548404,65.49242480525398],[22.681243246995948,65.49262447137787],[22.681776729474254,65.49295830533543],[22.680919971099996,65.49300197031869],[22.680325939686945,65.49393480033093],[22.679093288369245,65.49417811862837],[22.678980125149746,65.49526695144638],[22.676995606943215,65.49590957319538],[22.67522935603968,65.49581901033679],[22.67495847246241,65.49637433382226],[22.674101588401857,65.49641796144428],[22.675002693723325,65.49799667363358],[22.674469189548144,65.497662815965],[22.67280783799467,65.49792789870128],[22.673454731359342,65.49717293126615]],[[22.693912661878052,65.48547967566736],[22.693965282114544,65.48565750406642],[22.69353703518492,65.48567937034734],[22.693912661878052,65.48547967566736]],[[22.69136612715239,65.49156666480378],[22.69093778083367,65.49158852475269],[22.69088516676618,65.49141069522427],[22.69136612715239,65.49156666480378]],[[22.688459763664195,65.46409638434221],[22.687063290640985,65.46525075631112],[22.685832044015044,65.46549411485923],[22.684721508826,65.46320413065075],[22.686057683419097,65.46331644667835],[22.685524775841543,65.4629826219334],[22.68638054264323,65.46293894120049],[22.688459763664195,65.46409638434221]],[[22.68810470966971,65.49083050583629],[22.687676372115895,65.49085235644536],[22.6876237820143,65.49067452553261],[22.68810470966971,65.49083050583629]],[[22.682956734545144,65.49253713319001],[22.68306186111234,65.49289279881157],[22.68263348468947,65.49291463552605],[22.682956734545144,65.49253713319001]],[[22.675107738599202,65.49835234565616],[22.674679264698124,65.49837416082971],[22.67462674472745,65.49819632465278],[22.675107738599202,65.49835234565616]],[[22.67259781809431,65.49721655066332],[22.67216936027809,65.49723835855166],[22.672116860135844,65.49706052129811],[22.67259781809431,65.49721655066332]],[[22.671627425351126,65.49834899582386],[22.67248437769047,65.49830538152374],[22.67253688335251,65.4984832185942],[22.671732426016572,65.49870467065335],[22.671627425351126,65.49834899582386]],[[22.63367038949995,65.47572801705965],[22.63319006089797,65.47557185731056],[22.63361820311369,65.47555016323795],[22.63367038949995,65.47572801705965]],[[22.633461648654052,65.47501660161734],[22.6326053805825,65.47505998749088],[22.633148560879366,65.47394947767638],[22.629567142180353,65.47358941712291],[22.629578027845852,65.472144889684],[22.627061606326738,65.47245282072785],[22.627281162568735,65.47171971846169],[22.629160850181346,65.47072204408869],[22.631572759864984,65.47005837047934],[22.63328496979923,65.46997160897808],[22.634788446601405,65.46917341440164],[22.636500585771884,65.46908661716459],[22.637951715048537,65.46811053993025],[22.640519795817536,65.4679802843097],[22.641490500454807,65.46684803611657],[22.6427222451238,65.46660503414215],[22.64497670310872,65.46540760360249],[22.65262764886478,65.46483851149866],[22.65336936320843,65.46588383981182],[22.651490956463398,65.46688180218051],[22.65083439848051,65.46908119149128],[22.65152387779823,65.46994868153936],[22.65077239016671,65.4703478614178],[22.65091955639339,65.47232591837782],[22.650105954374684,65.47399176604999],[22.649249753207286,65.47403524561858],[22.64935433190681,65.47439094028513],[22.64764189729649,65.47447788637768],[22.64657658957796,65.47380995848137],[22.64385121862745,65.47340677395327],[22.64326638273226,65.47289494704755],[22.641501788233125,65.47280397272307],[22.638714004072682,65.4736673657888],[22.63693889648148,65.47502086236727],[22.63361820311369,65.47555016323795],[22.633461648654052,65.47501660161734]],[[22.649227378799026,65.54930621822247],[22.64879804189425,65.54932796892649],[22.64874557450742,65.54915012314258],[22.649227378799026,65.54930621822247]],[[22.642481517122707,65.46282674036193],[22.64193893888505,65.46393727739039],[22.64043597697062,65.46473553779475],[22.639580059096023,65.46477895957976],[22.639099901682396,65.46462281686635],[22.639214674452525,65.46353399769255],[22.642481517122707,65.46282674036193]],[[22.63320498185648,65.45192588179343],[22.63448824676303,65.45186080789178],[22.634216892153486,65.45241606291023],[22.632933599234953,65.45248113479555],[22.63320498185648,65.45192588179343]],[[22.630857749387527,65.45132289218894],[22.63128549764266,65.45130120882557],[22.631337609817507,65.4514790641909],[22.630857749387527,65.45132289218894]],[[22.59958353535473,65.45272438195826],[22.599259687387868,65.45310170528077],[22.597549081657966,65.45318803869564],[22.596369878193368,65.453608515797],[22.594179697703343,65.4535385184707],[22.594296164817223,65.45244972263272],[22.596654499943877,65.45160879237743],[22.5968746127733,65.45087573514489],[22.59853318204168,65.45061154193648],[22.600671222090483,65.45050361044447],[22.601254545964924,65.45101562421],[22.602537383980508,65.45095084566746],[22.602317430060314,65.45168390951243],[22.60327652094192,65.45199645282787],[22.60242126371793,65.45203964425492],[22.602525100489718,65.45239537889454],[22.606853360557643,65.4523572355828],[22.607177089264756,65.45197989720286],[22.60467543176957,65.45084285735345],[22.604467717825973,65.45013139138959],[22.606605689128372,65.45002337651597],[22.607564767525027,65.45033589269875],[22.61007836708967,65.45002835435479],[22.61044213955943,65.45127340325081],[22.61750474354557,65.45019422292496],[22.61782845142243,65.44981685550981],[22.618516296471732,65.45068451302998],[22.62012322397205,65.45024219219005],[22.622261922883087,65.45013391585282],[22.622897868874613,65.45082369268583],[22.620643597663108,65.45202079133261],[22.620747681765167,65.45237651085127],[22.624973331312336,65.45198204882179],[22.62695589703237,65.45134013108894],[22.6309098587108,65.4515007477317],[22.62817603759718,65.45254178232366],[22.62763303535879,65.45365227221689],[22.625326669254793,65.45467158402609],[22.626066985487395,65.45571706084687],[22.62702682122186,65.45602943261392],[22.627339400719347,65.45709657437388],[22.626587894258215,65.45749563399397],[22.62642050956386,65.45840659163073],[22.623789959201222,65.45980327081205],[22.62207837607882,65.45988991811804],[22.620199167579436,65.4608874992597],[22.61997948469765,65.46162059247705],[22.61762008132948,65.46246193685094],[22.617724174522976,65.46281765838751],[22.616596761189076,65.4634161633821],[22.61536538758631,65.46365892907643],[22.614018329305768,65.46499048780117],[22.6110235049313,65.46514186445275],[22.608468400837133,65.46382703884203],[22.606329311832663,65.46393509169413],[22.605629575140668,65.46451190168165],[22.60461802659408,65.46402151229447],[22.604046500060857,65.46206498306773],[22.603190915553316,65.4621081822507],[22.602659235470572,65.46177404605342],[22.602827305902938,65.46086311410053],[22.605290014519337,65.46037777765775],[22.60816843571527,65.46131532077295],[22.60934778426165,65.46089474994828],[22.614428913246325,65.46045741426195],[22.61593180971433,65.45965943921634],[22.61508789583757,65.45825817783361],[22.613648711089763,65.45778947886524],[22.609371551439903,65.45800569053634],[22.609047785240328,65.45838303402842],[22.607764602685492,65.45844787149738],[22.60766066574808,65.45809214148822],[22.604238856952893,65.45826498559077],[22.604134968777824,65.45790925264932],[22.60242406850281,65.45799564438526],[22.602320206266533,65.45763990992673],[22.60023350839028,65.45792573886033],[22.60136091515705,65.45732736259404],[22.601529011632035,65.45641643184425],[22.59987010949131,65.45668066144002],[22.599234773429366,65.45599077484486],[22.60138558632559,65.45443829516944],[22.600750268708147,65.45374841477393],[22.601553669377346,65.4535273645484],[22.60134601448226,65.45281589366314],[22.59958353535473,65.45272438195826]],[[22.620049294646364,65.46630990917689],[22.621281224266813,65.4660670802566],[22.62160506012363,65.46568970336781],[22.624120904259364,65.4653818692788],[22.62604127810325,65.46600662421496],[22.62582172535332,65.46673972461045],[22.626353961402636,65.46707376701829],[22.625278363360675,65.4678502098829],[22.622762297855765,65.46815806556313],[22.622062502395032,65.46873496517291],[22.621206416977515,65.46877828450634],[22.619557764600582,65.46759823602159],[22.620049294646364,65.46630990917689]],[[22.623469246229828,65.47353714336644],[22.624325482771408,65.47349380963232],[22.624377601055834,65.47367166736714],[22.623469246229828,65.47353714336644]],[[22.622665113413607,65.47375833072165],[22.623521358800023,65.47371500145609],[22.623573472152287,65.47389285951988],[22.622665113413607,65.47375833072165]],[[22.619437643078747,65.47608753893078],[22.615950039183844,65.47752733840974],[22.6082973499982,65.47809447402798],[22.606753151191274,65.47726999069985],[22.60784112271699,65.47504916420519],[22.609721002819423,65.47405176192159],[22.61400078103923,65.47383551316695],[22.613896685494428,65.4734797890596],[22.61518058659251,65.47341489199788],[22.617540083157298,65.472573623193],[22.618500133221662,65.47288605983447],[22.621016067892604,65.4725783021975],[22.620524486253323,65.47386663278294],[22.622717221051495,65.4739361891402],[22.622393306234454,65.47431356925594],[22.6211089042226,65.474378552089],[22.619437643078747,65.47608753893078]],[[22.606251197546683,65.55129675060641],[22.607434570912968,65.55087615304505],[22.607017080398233,65.54945324874765],[22.610137603211545,65.54821304762804],[22.610995997284455,65.54816978008297],[22.610827832119778,65.54908072262675],[22.612492452105062,65.54881631344028],[22.612701334283383,65.54952775677036],[22.61441819555554,65.54944118697603],[22.615381101776602,65.54975361420155],[22.609830220882998,65.55310184859836],[22.605966681726688,65.55329649229219],[22.60538085196096,65.55278452221675],[22.606251197546683,65.55129675060641]],[[22.595866883370434,65.54261452198858],[22.596568836127947,65.54203773416758],[22.595735431782543,65.53919184855046],[22.592796604014858,65.53807628438457],[22.592484265413436,65.5370090681207],[22.593238208136846,65.5366101658732],[22.59308203687404,65.53607655830172],[22.594641892984928,65.53545661367075],[22.59491469586435,65.53490142106368],[22.596578589397062,65.53463719438693],[22.59647443841101,65.53428145870454],[22.597709299060405,65.53403881110513],[22.598996226976958,65.53397402050906],[22.599581486986317,65.53448602106852],[22.603013322925793,65.53431317905138],[22.604248120898927,65.53407047871671],[22.604949666366704,65.53349365622556],[22.60628868526661,65.53360666835947],[22.606653684236004,65.53485171444036],[22.6079927798737,65.53496471070306],[22.608630398744424,65.53565453722662],[22.606810124131165,65.53538530523066],[22.607123025101668,65.5364524861141],[22.606317155871718,65.53667359156117],[22.60647360207069,65.53720718264117],[22.60561555956414,65.53725042092785],[22.606201025853366,65.53776239376859],[22.605395108585263,65.5379834947986],[22.60549939901751,65.53833922291386],[22.604589177475248,65.53820459167756],[22.60388750311514,65.5387814138362],[22.605331084018548,65.53925016082309],[22.605435379689393,65.53960588893172],[22.60366699289247,65.53951448580327],[22.603550746244757,65.54060328719142],[22.602692586212488,65.54064651010565],[22.60300539493282,65.54171370048651],[22.601288996503975,65.54180013606425],[22.60139324936756,65.54215586740335],[22.599781048418237,65.54259801771093],[22.599664632843044,65.54368681786357],[22.598702138428248,65.54337428644654],[22.597414745941865,65.54343907930222],[22.597310541136807,65.54308334472745],[22.595866883370434,65.54261452198858]],[[22.608316052151586,65.44993694294968],[22.607888462564162,65.44995855314683],[22.60783651321815,65.44978068800579],[22.608316052151586,65.44993694294968]],[[22.60755203212187,65.53643086345025],[22.60760418790112,65.53660872666303],[22.607175178009197,65.53663034950434],[22.60755203212187,65.53643086345025]],[[22.606722558996037,65.53954103002299],[22.606293500011798,65.53956265086799],[22.606241346039134,65.53938478718135],[22.606722558996037,65.53954103002299]],[[22.6057079892961,65.53905067883468],[22.606409629695133,65.53847384858018],[22.606618246090456,65.53918530297868],[22.6057079892961,65.53905067883468]],[[22.603811446946697,65.5414926108],[22.603382352958107,65.54151422374821],[22.603330214121726,65.54133635890078],[22.603811446946697,65.5414926108]],[[22.603502611359488,65.46317538251859],[22.60307480081293,65.4631969813642],[22.603022852417638,65.46301911454043],[22.603502611359488,65.46317538251859]],[[22.599297083856378,65.44876810076425],[22.59881761903132,65.44861181638954],[22.59924519568084,65.44859023203401],[22.599297083856378,65.44876810076425]],[[22.599633336765244,65.44694624316242],[22.60177107229087,65.44683829924122],[22.602406237636405,65.44752817688563],[22.600100346645846,65.44854705971177],[22.59924519568084,65.44859023203401],[22.599633336765244,65.44694624316242]],[[22.601870683881845,65.4665065718635],[22.60229854970668,65.4664849758584],[22.602350501492587,65.46666284290046],[22.601870683881845,65.4665065718635]],[[22.59956313936293,65.46752546373546],[22.598175628433108,65.46723448804936],[22.601170781895057,65.46708336289967],[22.6019226328128,65.46668443908234],[22.601002626480984,65.46799429392385],[22.59966701153635,65.46788120001146],[22.59956313936293,65.46752546373546]],[[22.600639278461927,65.54255481059297],[22.601549634545485,65.54268946421845],[22.600743526106733,65.54291054243485],[22.600639278461927,65.54255481059297]],[[22.60106689311493,65.46672762783201],[22.601014949893926,65.4665497602596],[22.601442817277576,65.4665281666639],[22.60106689311493,65.46672762783201]],[[22.600809811208684,65.47179429225687],[22.600381857114925,65.47181588495533],[22.600329906346325,65.47163801721929],[22.600809811208684,65.47179429225687]],[[22.600008996479296,65.446746788328],[22.599581450668406,65.44676837452842],[22.599529565349485,65.4465905058687],[22.600008996479296,65.446746788328]],[[22.588243455772563,65.46593034089014],[22.589047335051333,65.46570935229367],[22.589202917099936,65.46624296985837],[22.588243455772563,65.46593034089014]],[[22.583328180557245,65.47141193734976],[22.58461207163704,65.47134730033791],[22.582303420878976,65.47236593979343],[22.581771787031762,65.47203172953353],[22.583328180557245,65.47141193734976]],[[22.581927266169618,65.47256535567554],[22.580746946838406,65.4729857222463],[22.580643307332743,65.47262997055485],[22.581927266169618,65.47256535567554]],[[22.579426940777314,65.55787954229294],[22.578568163924302,65.55792263467438],[22.578464146409154,65.55756688519135],[22.579700277032334,65.5573243716163],[22.57959624695024,65.55696862304055],[22.580454990328807,65.5569255251686],[22.580559031920814,65.55728127303668],[22.579426940777314,65.55787954229294]],[[22.580313336762472,65.49087540692422],[22.579716045702064,65.4918078610977],[22.57885943973046,65.49185093288325],[22.57815837555743,65.49242762925017],[22.576873430331116,65.49249222223166],[22.576717911173603,65.49195859123753],[22.580313336762472,65.49087540692422]],[[22.579255722243506,65.47233882173566],[22.57882773779023,65.47236035365023],[22.57877593218699,65.47218247700953],[22.579255722243506,65.47233882173566]],[[22.577322976677294,65.47315797838428],[22.576466976362134,65.47320103036658],[22.57641518479178,65.4730231527706],[22.577322976677294,65.47315797838428]],[[22.572756372404108,65.4753728892156],[22.573612451129957,65.47532985746211],[22.573664229167036,65.475507736161],[22.57285991782391,65.47572864729266],[22.572756372404108,65.4753728892156]],[[22.573508897387306,65.47497409998758],[22.57431318015236,65.47475318569428],[22.57441674377162,65.47510894251508],[22.573612451129957,65.47532985746211],[22.573508897387306,65.47497409998758]],[[22.57109596651733,65.4756368180141],[22.57195205717544,65.47559379555129],[22.57248364259711,65.47592804089005],[22.574195834343605,65.47584197526854],[22.57387134908742,65.47621925070074],[22.571782842628078,65.47650470490103],[22.57109596651733,65.4756368180141]],[[22.573587388226397,65.5513141151273],[22.57401667319809,65.55129258472887],[22.574068636128402,65.55147046146797],[22.573587388226397,65.5513141151273]],[[22.573210059650346,65.55151352140867],[22.573639348280448,65.55149199204314],[22.57369130911665,65.55166986893327],[22.573210059650346,65.55151352140867]],[[22.57170361896155,65.54635507531562],[22.571274412944575,65.54637659834782],[22.57122248131563,65.54619872033518],[22.57170361896155,65.54635507531562]],[[22.570721527681478,65.49225987419288],[22.570825126207545,65.49261563315184],[22.570396801540635,65.49263714466807],[22.570721527681478,65.49225987419288]],[[22.570194490033597,65.54715267410211],[22.5697652693896,65.54717419300326],[22.569661423662577,65.54681843574431],[22.570194490033597,65.54715267410211]],[[22.55918524531154,65.58109285546702],[22.55923717868626,65.58127073762157],[22.558807384891956,65.5812922312721],[22.55918524531154,65.58109285546702]],[[22.558207430308276,65.58222462797656],[22.558259359726577,65.58240251050734],[22.557829546279866,65.58242400158309],[22.558207430308276,65.58222462797656]],[[22.55747305521256,65.54833136607506],[22.557043802514823,65.54835284922106],[22.556940124639166,65.54799708152755],[22.55747305521256,65.54833136607506]],[[22.551944514888007,65.54878843854924],[22.552699422061814,65.5483897285573],[22.552803043976983,65.54874549972533],[22.551944514888007,65.54878843854924]],[[22.553025055136352,65.54801248676577],[22.55388355653752,65.54796954209415],[22.553557936526836,65.54834678559989],[22.552699422061814,65.5483897285573],[22.553025055136352,65.54801248676577]],[[22.5538573896798,65.5822615981304],[22.55342757417789,65.58228307673828],[22.553375678051253,65.58210519221454],[22.5538573896798,65.5822615981304]],[[22.55245533097555,65.55652340256513],[22.552025938423608,65.55654487290177],[22.551974113672653,65.55636698719445],[22.55245533097555,65.55652340256513]],[[22.550523337379225,65.55138617702683],[22.5500940274944,65.55140764104272],[22.550042228241676,65.55122975441904],[22.550523337379225,65.55138617702683]],[[22.534244918738153,65.5538234158248],[22.53333449446351,65.55368835800786],[22.534193221814732,65.5536455227417],[22.534244918738153,65.5538234158248]],[[22.534364096991304,65.55273463837594],[22.536303992506507,65.55191595850766],[22.538879972464333,65.5517873896093],[22.53941275516201,65.55212173925034],[22.540700749557065,65.55205743378238],[22.539635168152,65.55138874185552],[22.542262822114218,65.55143800683958],[22.541626535724255,65.5507478872822],[22.542485149806886,65.55070500612582],[22.542692140274173,65.5514165649524],[22.545164501557238,65.55093211097338],[22.544512928047926,65.55168656315759],[22.540049019120126,65.55281186834561],[22.53870926005882,65.55269827741566],[22.539035148145054,65.55232106313697],[22.537747135773127,65.552385354614],[22.53505194605271,65.55360268263553],[22.534193221814732,65.5536455227417],[22.534364096991304,65.55273463837594]],[[22.54566073934763,65.54964399104426],[22.5469485927788,65.54957963384322],[22.547274323888438,65.549202403428],[22.548132875881326,65.54915949086394],[22.548029315684357,65.54880371587097],[22.550123859952038,65.54851852839916],[22.54871750547919,65.54967169453712],[22.547858937786312,65.54971461057737],[22.548014282312955,65.55024827317445],[22.546297103054624,65.55033409285183],[22.545164501557238,65.55093211097338],[22.54566073934763,65.54964399104426]],[[22.546540859975085,65.5526680914635],[22.547777073460647,65.55242583775305],[22.547673502462402,65.5520700626213],[22.548480357986804,65.55184925958854],[22.54906505796654,65.55236146120995],[22.54755488357539,65.5531588448431],[22.547762035892067,65.5538703950971],[22.54695511233225,65.55409119499375],[22.547058683217486,65.55444697062134],[22.544156654528848,65.55495290635342],[22.543897826088102,65.5540634611844],[22.54626685518651,65.55322320898145],[22.546540859975085,65.5526680914635]],[[22.54725742168643,65.56111463908623],[22.546827948342116,65.56113609549942],[22.54677614804743,65.56095820776112],[22.54725742168643,65.56111463908623]],[[22.545968999313292,65.56117900469471],[22.54553952362888,65.56120045747683],[22.54548773197228,65.56102256921004],[22.545968999313292,65.56117900469471]],[[22.544784144055445,65.56159913657167],[22.545213627058665,65.561577685858],[22.54526541817565,65.56175557422446],[22.544784144055445,65.56159913657167]],[[22.54448980497614,65.58453418223272],[22.544059942646598,65.58455563473792],[22.54400810505137,65.58437774641287],[22.54448980497614,65.58453418223272]],[[22.542433404137487,65.55052711635547],[22.542862707133484,65.55050567413858],[22.542914455679778,65.5506835637329],[22.542433404137487,65.55052711635547]],[[22.540442073664376,65.5511679811675],[22.54124896533203,65.5509472163186],[22.5413524433034,65.55130299678791],[22.540442073664376,65.5511679811675]],[[22.540206521642922,65.58330409256537],[22.540154713376594,65.58312620262647],[22.540584555989827,65.58310476140056],[22.540206521642922,65.58330409256537]],[[22.53920584741726,65.55141017509781],[22.539154122427792,65.55123228399604],[22.53958344028537,65.55121085092972],[22.53920584741726,65.55141017509781]],[[22.53783460388958,65.58414427926178],[22.537404741385732,65.5841657128868],[22.537352950191934,65.58398782181676],[22.53783460388958,65.58414427926178]],[[22.535617876383256,65.58551810577704],[22.536047762988044,65.58549667697797],[22.536099548885023,65.58567456854867],[22.535617876383256,65.58551810577704]],[[22.536099548885023,65.58567456854867],[22.536581227158074,65.58583102973087],[22.536151335562614,65.58585246009395],[22.536099548885023,65.58567456854867]],[[22.53580446566909,65.58316265651965],[22.535374617353973,65.58318408424132],[22.535322842383597,65.58300619231412],[22.53580446566909,65.58316265651965]],[[22.535156695217147,65.58842865824973],[22.535208482060444,65.58860655011742],[22.534778543271248,65.58862797706266],[22.535156695217147,65.58842865824973]],[[22.53106020834322,65.58484285920069],[22.53149008832317,65.58482144339969],[22.531541841462516,65.58499933685819],[22.53106020834322,65.58484285920069]],[[22.531541841462516,65.58499933685819],[22.532453364543883,65.58513439434984],[22.531593595381942,65.58517723029121],[22.531541841462516,65.58499933685819]],[[22.534602773794585,65.5850272832901],[22.53518798899793,65.58553953336433],[22.53389832215915,65.58560380885542],[22.532453364543883,65.58513439434984],[22.534602773794585,65.5850272832901]],[[22.535013846582594,65.56695953555462],[22.534584264762266,65.56698095833612],[22.534532534024848,65.56680306570252],[22.535013846582594,65.56695953555462]],[[22.534136834822057,65.5834262525663],[22.534670230665295,65.58376061273493],[22.53381051126192,65.58380346075293],[22.533328887504307,65.58364699021325],[22.534136834822057,65.5834262525663]],[[22.5338826021666,65.58704837190027],[22.53345268779221,65.58706979483692],[22.533400916632477,65.58689190221186],[22.5338826021666,65.58704837190027]],[[22.53207434600928,65.56584279895607],[22.531060099559568,65.56535194411185],[22.53186750716594,65.56513122403885],[22.531970925029885,65.56548701154829],[22.532830043825,65.56544418004823],[22.53207434600928,65.56584279895607]],[[22.531406620014216,65.58753267827582],[22.5313548617244,65.58735478482151],[22.531784782886625,65.58733336776834],[22.531406620014216,65.58753267827582]],[[22.529138683277264,65.56923759452314],[22.5290869843109,65.56905969970683],[22.529516605852017,65.56903829211801],[22.529138683277264,65.56923759452314]],[[22.52868600607294,65.56168038157415],[22.528256504983325,65.56170178558718],[22.528204830072145,65.56152389023121],[22.52868600607294,65.56168038157415]],[[22.528500608342725,65.58803835424173],[22.528070672280744,65.58805976212719],[22.528018935521214,65.58788186731594],[22.528500608342725,65.58803835424173]],[[22.527775331084257,65.56154529285797],[22.5273458313182,65.56156669427422],[22.527294162945143,65.56138879854134],[22.527775331084257,65.56154529285797]],[[22.52593778192926,65.56271966591574],[22.527003498378292,65.56338845292217],[22.52336064463488,65.56284802626466],[22.52593778192926,65.56271966591574]],[[22.525940791662915,65.5672312635516],[22.52576955530655,65.5681421421079],[22.52291722979045,65.56882558681922],[22.521799738931296,65.56797887450034],[22.52245235824027,65.56722450949874],[22.525940791662915,65.5672312635516]],[[22.524315063052246,65.57814040599915],[22.523885286227507,65.57816180040132],[22.52383360177009,65.57798390363978],[22.524315063052246,65.57814040599915]],[[22.52407574825702,65.58031795485928],[22.523645935261655,65.58033934894779],[22.523594247225933,65.58016145213938],[22.52407574825702,65.58031795485928]],[[22.52377382655049,65.56427120405172],[22.522914728473207,65.56431398396052],[22.52281143984981,65.56395818896335],[22.523618877497963,65.5637375125719],[22.52377382655049,65.56427120405172]],[[22.522485178267743,65.5643353720989],[22.522055627284445,65.56435675902657],[22.522003988345368,65.56417886118936],[22.522485178267743,65.5643353720989]],[[22.52092186522393,65.56495460748546],[22.521351427183202,65.56493322366302],[22.521403063471574,65.56511112175004],[22.52092186522393,65.56495460748546]],[[22.521403063471574,65.56511112175004],[22.521884267481237,65.5652676344272],[22.521454700537706,65.56528901981166],[22.521403063471574,65.56511112175004]]],[[[22.600284023037695,65.5876784291015],[22.599457419563265,65.58755638760468],[22.599213006647936,65.58773195219021],[22.600284023037695,65.5876784291015]]],[[[22.603295761544832,65.58752792015613],[22.602687269696574,65.58667202073813],[22.601345514092195,65.58655900465305],[22.60064252394737,65.58713582538788],[22.60110689025902,65.58763730704612],[22.603295761544832,65.58752792015613]]],[[[22.808223809999998,65.52291604999999],[22.807824249713796,65.52158704600522],[22.80702003528206,65.52190891024081],[22.807082860763177,65.52297503416762],[22.808223809999998,65.52291604999999]]],[[[22.69133030949003,65.49561540610884],[22.690862881412354,65.49574418162297],[22.690968131103265,65.49609984046764],[22.69144169592879,65.49599173297906],[22.69133030949003,65.49561540610884]]],[[[22.797542010000004,65.48735966],[22.79487657,65.47847040000002],[22.816268909999998,65.47736176999999],[22.810929769999998,65.45958395],[22.746789509999996,65.46289807999999],[22.74943671,65.47178838],[22.739290327540438,65.47230825564381],[22.740619574073964,65.47297775895393],[22.740667749387786,65.47460003693101],[22.73997043086329,65.47517745629969],[22.740879400043482,65.4753112727252],[22.740715936834523,65.47622231479576],[22.739268280987844,65.47719934242683],[22.736752784429815,65.47750909173794],[22.736166051560005,65.47699764507297],[22.735309925789206,65.4770416118713],[22.735151287449266,65.47650817814096],[22.73702710036777,65.47550920255755],[22.735314946529076,65.47559714003701],[22.734670356932238,65.47635234771592],[22.733439060637508,65.47659609511479],[22.7331695974667,65.47715150777442],[22.73231346058035,65.47719545769853],[22.732952989795212,65.47788473226055],[22.73600241644967,65.47790868386224],[22.737392437993385,65.47819834619054],[22.736694954706905,65.47877575218547],[22.736959436044284,65.47966480474781],[22.739580967037693,65.47971066857616],[22.739792638104916,65.48042190572157],[22.73802726649589,65.48033206786053],[22.737916591335967,65.48142091817692],[22.73663218971723,65.48148688368296],[22.736362750697477,65.48204230181824],[22.73518409830161,65.48246387678832],[22.735342780946688,65.4829973100552],[22.7370025125232,65.48273155682176],[22.737050517853696,65.48435383792024],[22.738387978250188,65.48446567713208],[22.740798249215324,65.4838002763663],[22.740904119698424,65.48415589377176],[22.740047769297593,65.48419988979998],[22.740528878472368,65.48435570123175],[22.74057711225303,65.48597797883808],[22.741486464166755,65.48611178760463],[22.741698249631412,65.48682302092952],[22.74073124489255,65.48795587370398],[22.743353612985903,65.48800166324966],[22.744311536702128,65.48975772823304],[22.743609935401388,65.4901312734394],[22.797542010000004,65.48735966]],[[22.788918144895295,65.4746399998396],[22.78806220369119,65.47468426380134],[22.788008970834444,65.4745064748457],[22.78881166856915,65.4742844226261],[22.788918144895295,65.4746399998396]],[[22.76626459858135,65.46281127353065],[22.76583679860335,65.46283334009189],[22.765730693714147,65.4624777427523],[22.76626459858135,65.46281127353065]],[[22.754375869129827,65.46956213479176],[22.754644810116208,65.46900668986099],[22.756356454344928,65.46891853855139],[22.75742431589046,65.46958566405148],[22.758280152867354,65.46954157490637],[22.75758335739359,65.4701190700594],[22.757848442470667,65.4710080795402],[22.75913226520524,65.47094193968492],[22.76100313820573,65.47138713792333],[22.761215310010986,65.47209833965599],[22.76110561757178,65.47318719644484],[22.75987472903665,65.47343115511126],[22.75939001857104,65.47471986288875],[22.757890122249236,65.47551925950695],[22.756231071881842,65.4757852351111],[22.755003948026665,65.47458469485449],[22.756022879849475,65.47362956488222],[22.754375869129827,65.46956213479176]],[[22.74569802278196,65.47398037355141],[22.74612602544594,65.47395836194153],[22.74617897243312,65.47413616864127],[22.74569802278196,65.47398037355141]],[[22.74741002866802,65.47389231988163],[22.748107147839132,65.4733148682611],[22.749444080885002,65.47342661508556],[22.749602987953768,65.47396003093903],[22.751742971808344,65.47384990571169],[22.75200790416267,65.47473892709519],[22.75355692277448,65.47556185280729],[22.751946715164287,65.47745004817638],[22.752961825218158,65.47793939857162],[22.75601125186062,65.4779629460582],[22.756117300548954,65.47831855088923],[22.755314191946766,65.47854043358254],[22.75637859367403,65.48065202262265],[22.75573450346559,65.48140731498458],[22.755620692656237,65.48394063097795],[22.75427925088453,65.48527340600073],[22.75304773152444,65.48551731568062],[22.751657149834635,65.48522780335304],[22.75182026738628,65.48431675298832],[22.751180076340905,65.48362756527918],[22.749039289836062,65.48373769098079],[22.748077002066502,65.48342612154445],[22.74390132105334,65.48400186969519],[22.74401175047809,65.48291301754652],[22.742299140491745,65.48300103903635],[22.742087376072323,65.48228980636478],[22.74546397305226,65.48049147690627],[22.74471814589277,65.47944664518323],[22.745468420521924,65.4790470107213],[22.745309560407307,65.47851358999043],[22.74611275652885,65.47829175959409],[22.745578776083686,65.47795815826711],[22.743385486954686,65.47789039221766],[22.74322667778283,65.47735696876714],[22.744029857277898,65.47713514962892],[22.74392397863809,65.47677953453007],[22.743120808973067,65.47700135300073],[22.742962011715335,65.4764679291521],[22.743606361781897,65.47571268859643],[22.745265544713202,65.47544685033469],[22.74537143506754,65.47580246436387],[22.746655531066665,65.4757364277438],[22.746496671038678,65.47520300828198],[22.745693571799436,65.47542483969352],[22.7454817892065,65.47471361203729],[22.746284868790628,65.47449178196105],[22.74617897243312,65.47413616864127],[22.74741002866802,65.47389231988163]],[[22.75630345098622,65.46874073602828],[22.755875543974742,65.46876277548238],[22.755822544263353,65.46858497275228],[22.75630345098622,65.46874073602828]],[[22.742082751714868,65.48373427436252],[22.741654585010163,65.48375627623606],[22.74154870627973,65.483400659445],[22.742082751714868,65.48373427436252]],[[22.7407453151655,65.48362246762373],[22.741173480604132,65.48360046834158],[22.7412264175103,65.48377827690399],[22.7407453151655,65.48362246762373]],[[22.74038424996992,65.47948886773877],[22.739956151010386,65.47951086408384],[22.739903233167553,65.47933305488475],[22.74038424996992,65.47948886773877]]],[[[22.72884725058687,65.47284333318264],[22.726278638482626,65.47443620361155],[22.72638426590244,65.47479183370038],[22.72761554747122,65.47454814399659],[22.727721193603305,65.47490377295397],[22.726595530251444,65.47550309356072],[22.729216635298073,65.47554914179561],[22.729967043591483,65.47514958298451],[22.72959718499605,65.47390488783398],[22.73200672944069,65.47323963509147],[22.731473033659345,65.47290598091423],[22.73211634146037,65.47267583301898],[22.72884725058687,65.47284333318264]]],[[[22.57171354384896,65.53263793533002],[22.57119069598277,65.53266416634209],[22.57074789958229,65.53413023256655],[22.57212837479137,65.53406098001271],[22.57171354384896,65.53263793533002]]],[[[22.56460563,65.5082548],[22.543175319999996,65.50932815],[22.543055058604967,65.50891380854239],[22.542554253211737,65.50901208671715],[22.54296745281781,65.51043521160565],[22.53883585040492,65.5111831919992],[22.538526104101607,65.51011583840103],[22.536863136132173,65.51037941699758],[22.53799422370326,65.50978147651607],[22.537787759361194,65.50906990603647],[22.538541772341404,65.50867127584223],[22.538438536460774,65.5083154910509],[22.537152691753217,65.50837975538896],[22.536946263701566,65.50766818339387],[22.536192253959808,65.50806680559461],[22.53566044641394,65.5077324347578],[22.532711756118754,65.50806020713911],[22.53115199083236,65.50867951194428],[22.530878063692274,65.50923460069936],[22.528837981164923,65.50969738856324],[22.528203132141655,65.50900719809141],[22.525631306918996,65.50913554307215],[22.52456792706573,65.5084667228245],[22.523333548640185,65.50870876828922],[22.522682321162442,65.50946312281344],[22.521396373230502,65.50952725416798],[22.520864721595828,65.5091928296934],[22.521996133481565,65.5085950056344],[22.52179011610084,65.50788340877476],[22.52007561743649,65.50796890369293],[22.51974996930587,65.5083460746364],[22.51911539382007,65.50765584322237],[22.51611502067191,65.50780539348045],[22.51584077964995,65.50836045816521],[22.51460632092791,65.5086024331784],[22.514503411273186,65.508246628742],[22.512788860000825,65.5083320415454],[22.51258309584897,65.50762042956822],[22.511725838512373,65.50766312732395],[22.510131409691596,65.50665974092654],[22.508845562543137,65.50672376448543],[22.50906852607993,65.50599080661911],[22.50649688436726,65.50611882418006],[22.504885208698177,65.50655995756254],[22.504353828364383,65.50622547227384],[22.50354797536396,65.50644602984187],[22.502485267077674,65.50577704746281],[22.50361696501944,65.50517935808939],[22.50351422125378,65.50482354449416],[22.500188166706675,65.50534991419616],[22.49880980192816,65.50626881197326],[22.50544925,65.52925646],[22.546684026157493,65.52719999102258],[22.54676156821534,65.52648815641712],[22.545748628032445,65.52599738675868],[22.54612581271479,65.52579805044486],[22.546931880704342,65.52557726370544],[22.548455603190817,65.52333534432901],[22.55190127281987,65.5217191169745],[22.552551931811973,65.52096464240711],[22.55426715491477,65.5208787717215],[22.554592444627872,65.5205015301053],[22.55545003847657,65.52045858580254],[22.55841434951875,65.5186858056985],[22.560025822360718,65.51824410372976],[22.559234590698807,65.51702040406494],[22.563144988451523,65.51700488592577],[22.563898828277424,65.51660613102756],[22.56528863774906,65.51689739821813],[22.566943005114414,65.51627298015003],[22.56460563,65.5082548]],[[22.558377117249382,65.5170633686011],[22.558273571149915,65.5167076005301],[22.55870230252727,65.51668611921824],[22.559234590698807,65.51702040406494],[22.558377117249382,65.5170633686011]],[[22.562664453355403,65.5168484976088],[22.562235723248616,65.51686999014304],[22.562183923995608,65.51669210770602],[22.562664453355403,65.5168484976088]],[[22.5359384235074,65.51168892322141],[22.535509751565026,65.51171033937558],[22.535458146629665,65.51153244581856],[22.5359384235074,65.51168892322141]],[[22.52901183007855,65.51329810744473],[22.529988514169276,65.51216653529491],[22.532080348103797,65.5118816251328],[22.531326144326226,65.51228022504408],[22.53185799343913,65.5126146107119],[22.534807207607216,65.51228684963306],[22.534104633114108,65.51286335693818],[22.53436263534034,65.5137528270921],[22.53227067917485,65.5140377700817],[22.52901183007855,65.51329810744473]],[[22.530984534505347,65.51410198500906],[22.530555818064624,65.5141233875692],[22.53050424110671,65.51394549203478],[22.530984534505347,65.51410198500906]],[[22.528941092913183,65.51005318117527],[22.52914732570918,65.51076476609498],[22.52818689145759,65.51045176539812],[22.52647224955191,65.51053733433103],[22.528941092913183,65.51005318117527]],[[22.51470923367629,65.50895823751367],[22.514280585548267,65.50897959322626],[22.51422913165491,65.50880169089619],[22.51470923367629,65.50895823751367]],[[22.513954841018602,65.50935675266578],[22.51352618560858,65.50937810631326],[22.513474735903678,65.50920020368359],[22.513954841018602,65.50935675266578]],[[22.51203445497032,65.5087305472386],[22.512463101229734,65.50870919791433],[22.512514542879583,65.50888710096994],[22.51203445497032,65.5087305472386]],[[22.512514542879583,65.50888710096994],[22.51299463652402,65.50904365311827],[22.512565985302658,65.5090650040003],[22.512514542879583,65.50888710096994]]],[[[22.54196258444485,65.50514986304862],[22.54098965201347,65.50511991541411],[22.54124779624347,65.50600937233615],[22.540442273863285,65.50623012319751],[22.541505959871458,65.50689882862254],[22.541180637167834,65.50727604239349],[22.54032344766643,65.50731890164018],[22.541010204928533,65.50818692977388],[22.54286139857034,65.50824658377749],[22.54196258444485,65.50514986304862]]],[[[22.508890100000002,65.46592288000001],[22.466091379999998,65.46805011999999],[22.468643819999997,65.47694623999999],[22.447234440000003,65.47800577000001],[22.45233075,65.49579869],[22.473754449999994,65.49473828999999],[22.475554885827343,65.50099915040386],[22.479382954417947,65.49952577089816],[22.479178183341944,65.49881410348402],[22.480412529584488,65.49857241897134],[22.48224780952994,65.49739862183866],[22.48310478832565,65.49735609409029],[22.483808106803842,65.49677981643607],[22.485144765725547,65.49689392461326],[22.48524722184765,65.49724975359355],[22.483910544193897,65.49713564651253],[22.483635712845658,65.4976906586798],[22.48582940479582,65.49776222463167],[22.48336087046027,65.49824567045987],[22.48238263049848,65.49937695683882],[22.48291358858743,65.49971152362649],[22.481730424746498,65.50013114470579],[22.481832849718522,65.50048697631911],[22.478833042481707,65.50063578079454],[22.477272398626937,65.50125453834244],[22.47561918303142,65.50122273838905],[22.47631265,65.50363421],[22.49774159,65.50257036],[22.498207982661054,65.50418514337034],[22.50068590165381,65.50406192704897],[22.50133764567789,65.50330766209015],[22.500755031018393,65.50279525519306],[22.502263836803255,65.50199835269476],[22.501955715330475,65.50093090783508],[22.503515739162378,65.50031190173993],[22.50411595053751,65.499379719623],[22.50529871021418,65.49895992742017],[22.505144605675714,65.49842620861293],[22.50670440544846,65.49780717188554],[22.506242051207877,65.49620601971449],[22.505385155637022,65.4962486778284],[22.504974272402915,65.4948254269421],[22.506156815574375,65.4944056302312],[22.505522957750355,65.49371533449872],[22.506379770031632,65.49367267645171],[22.506551349613574,65.49276181660787],[22.504786431020637,65.49266922262916],[22.50468373071472,65.49231340939991],[22.503826959627833,65.4923560574097],[22.503295892889557,65.4920215652258],[22.505009412153182,65.49193627060423],[22.504375648309033,65.49124596910703],[22.503518911586244,65.49128861501984],[22.505181031851663,65.49102541191309],[22.504016253927777,65.49000062095162],[22.50778604953409,65.48800827776103],[22.507906195429015,65.48691951166215],[22.505987634169884,65.48629321088104],[22.505782264449508,65.48558158568508],[22.504925716018736,65.48562423765621],[22.50482304723324,65.48526842420803],[22.503966507167192,65.48531107065476],[22.504497440646897,65.48564556183217],[22.50369221455308,65.48586611377533],[22.502356052224876,65.48575216461599],[22.503161286576564,65.48553161971141],[22.50232247498986,65.48412967730044],[22.504035481153068,65.48404439894915],[22.506296925944735,65.48284900846643],[22.50619425166903,65.48249319600923],[22.510270984186914,65.48156823906972],[22.50991146981749,65.48032290620276],[22.51119601624791,65.48025888683746],[22.511298747947958,65.48061469530529],[22.51215511982169,65.48057200899876],[22.51299381734896,65.48012851150752],[22.508890100000002,65.46592288000001]],[[22.511144651554755,65.4800809825657],[22.51157282929515,65.48005964053999],[22.51162419684897,65.48023754463689],[22.511144651554755,65.4800809825657]],[[22.50386223933187,65.48946689993552],[22.50343389998943,65.489488221748],[22.503382566196102,65.48931031451752],[22.50386223933187,65.48946689993552]],[[22.50257721899143,65.48953086175315],[22.503005559875934,65.48950954235389],[22.503056891577145,65.48968744973388],[22.50257721899143,65.48953086175315]],[[22.502200203310796,65.48973008767516],[22.50262854782946,65.48970876930784],[22.502679877438474,65.48988667683733],[22.502200203310796,65.48973008767516]],[[22.502368291754667,65.49784252246216],[22.50193981371953,65.49786384145048],[22.501837127504984,65.49750802613774],[22.502368291754667,65.49784252246216]],[[22.501702775284425,65.49101807663564],[22.501582361286722,65.49210684053917],[22.498788888446537,65.49296766221869],[22.49906335174705,65.49241262625449],[22.501702775284425,65.49101807663564]],[[22.50091728517971,65.48528238688301],[22.50048901145794,65.48530369967736],[22.500437707613468,65.48512579114364],[22.50091728517971,65.48528238688301]],[[22.499906836330084,65.48479128506472],[22.49905030220732,65.48483390357383],[22.498999009260444,65.48465599444077],[22.499906836330084,65.48479128506472]],[[22.49829123890078,65.49425564221082],[22.498719661402017,65.494234334133],[22.49877097514771,65.49441224315396],[22.49829123890078,65.49425564221082]],[[22.49877097514771,65.49441224315396],[22.499250717123548,65.4945688425157],[22.498822289664307,65.49459015214978],[22.49877097514771,65.49441224315396]],[[22.498909421075016,65.49187889933287],[22.498481037349045,65.4919002075543],[22.49842973153038,65.49172229835541],[22.498909421075016,65.49187889933287]],[[22.49702126115265,65.49738663224042],[22.498735156756926,65.49730140495187],[22.498409321299018,65.4976785317932],[22.49712388124789,65.49774245149679],[22.49702126115265,65.49738663224042]],[[22.489288096148503,65.48261241197551],[22.491550109421834,65.48141723653228],[22.49247608289311,65.48010798942161],[22.49424011377881,65.48020073623246],[22.49521716494337,65.47906938525868],[22.497306774049587,65.4787849789299],[22.4983502397786,65.4808985920209],[22.49576289058577,65.48247098533307],[22.49634493077519,65.48298341728653],[22.493877984012148,65.48346701873513],[22.492746971382473,65.48406462818566],[22.490554420622885,65.48399315106509],[22.490451955036907,65.48363732579145],[22.489595440098544,65.48367989049181],[22.48997246917552,65.48348069589592],[22.489288096148503,65.48261241197551]],[[22.497965432433126,65.49463276779706],[22.49753700266126,65.4946540738103],[22.497485696738146,65.49447616429062],[22.497965432433126,65.49463276779706]],[[22.491791653522053,65.50035345428165],[22.491842934626263,65.50053136598903],[22.49141440215667,65.50055265568551],[22.491791653522053,65.50035345428165]],[[22.489322992928905,65.50083699878749],[22.485498717463887,65.502650999857],[22.481743965204988,65.50319823705],[22.48201888821881,65.50264322738718],[22.48287603941324,65.5026006991877],[22.48342581483171,65.50149067596185],[22.48493508742477,65.50069394175465],[22.489220464343884,65.50048117330398],[22.489322992928905,65.50083699878749]],[[22.49035224950518,65.4998835823822],[22.49126056975397,65.50001891996442],[22.491363123918575,65.50037474380365],[22.489220464343884,65.50048117330398],[22.49035224950518,65.4998835823822]],[[22.488534045935676,65.48301079672815],[22.489390541054917,65.48296823824809],[22.48944176466195,65.4831461513467],[22.488636482471012,65.48336662359766],[22.488534045935676,65.48301079672815]],[[22.487607778717944,65.48432002266509],[22.487128296613047,65.48416338370271],[22.487556564806468,65.48414210884546],[22.487607778717944,65.48432002266509]],[[22.487402927686645,65.48360836723603],[22.48649520259321,65.48347300042964],[22.489167181475413,65.48370117103244],[22.488841364771872,65.48407827703521],[22.487556564806468,65.48414210884546],[22.487402927686645,65.48360836723603]],[[22.488687701892427,65.4835445369947],[22.488259444592963,65.48356581494821],[22.48820822803363,65.48338790137682],[22.488687701892427,65.4835445369947]],[[22.486169349576908,65.4838501010376],[22.484884552942383,65.48391391008649],[22.484833358511466,65.48373599514586],[22.486169349576908,65.4838501010376]],[[22.479517578583284,65.50150411045684],[22.47908901805115,65.50152536548805],[22.47903782139856,65.50134744859949],[22.479517578583284,65.50150411045684]]],[[[22.550733479491807,65.53532647353465],[22.55197444776445,65.5354316658111],[22.551870900953343,65.53507589333289],[22.553106236127437,65.53483360505413],[22.55289912049429,65.53412206180312],[22.555044226479605,65.53401470448088],[22.55531786508823,65.53345957485489],[22.556501290968225,65.53303937515523],[22.55629409997377,65.53232783732767],[22.55447456476726,65.53205796812394],[22.554696414199892,65.53132495441663],[22.551745330594095,65.5316531225823],[22.551057552711153,65.5307851535616],[22.551811967862363,65.53038645303829],[22.551656688375637,65.52985279372501],[22.549209892928427,65.5300911318515],[22.550733479491807,65.53532647353465]],[[22.55456341838945,65.53385829319099],[22.55451163071732,65.53368040799354],[22.554940644611293,65.5336589344639],[22.55456341838945,65.53385829319099]],[[22.550354867597715,65.53136173754605],[22.549925886906202,65.5313831977317],[22.5498223874034,65.53102742337602],[22.550354867597715,65.53136173754605]]],[[[22.740148907293047,65.485999976845],[22.740201843101687,65.48617778578303],[22.740630050918597,65.48615578759598],[22.740148907293047,65.485999976845]]],[[[22.54612581271479,65.52579805044486],[22.547035314736465,65.52593304069718],[22.546983597331508,65.52575515221403],[22.54612581271479,65.52579805044486]]],[[[22.601773657225323,65.45279430145644],[22.60172174259618,65.45261643384754],[22.60129410270475,65.45263802587753],[22.601773657225323,65.45279430145644]]],[[[22.573156736548167,65.47824046785499],[22.573584822807987,65.47821895096698],[22.57353303882827,65.47804107229938],[22.573156736548167,65.47824046785499]]],[[[22.570446901215217,65.47639135583282],[22.570498660273426,65.47656923581329],[22.570926721835306,65.47654772671466],[22.570446901215217,65.47639135583282]]],[[[22.555798670061886,65.53361598377833],[22.556227681618434,65.53359450662244],[22.556175883235714,65.53341662210424],[22.555798670061886,65.53361598377833]]],[[[22.536508811423307,65.58258612316804],[22.536560593487764,65.58276401461788],[22.536990433691656,65.58274258361345],[22.536508811423307,65.58258612316804]]],[[[22.531310085556935,65.51372479084884],[22.53125850441321,65.51354689561465],[22.53082979735275,65.51356829885611],[22.531310085556935,65.51372479084884]]],[[[22.529920809142105,65.51343320592963],[22.53034951488502,65.51341180527922],[22.53029794102842,65.5132339096433],[22.529920809142105,65.51343320592963]]],[[[22.53040108951692,65.51358970088978],[22.530778219852632,65.51339040342104],[22.53034951488502,65.51341180527922],[22.53040108951692,65.51358970088978]]]]}},{"type":"Feature","properties":{"cyano_daymap_file_id":4131,"date":"2018-07-08Z","cloud":null,"sub_surfac":null,"surface":null,"no_data":null,"class":1,"color_hex":null,"algae_class":"class_1","source_date":"2018-07-08"},"geometry":{"type":"MultiPolygon","coordinates":[[[[22.23303629,65.48843516],[22.257977832514783,65.48723653134009],[22.25808317610598,65.48670430157674],[22.257027506362075,65.4860335283241],[22.257834893532145,65.48581427120311],[22.25773558572568,65.48545825888665],[22.25630111683972,65.48498611187546],[22.257158126100386,65.4849448653218],[22.25859260772149,65.48541700407075],[22.25796547896267,65.48472560783985],[22.259679471088624,65.48464309125022],[22.25915165237565,65.48430771095956],[22.26038745527756,65.48406781031937],[22.260238454597403,65.483533794716],[22.261045737642128,65.48331452146132],[22.260468263463036,65.4828011406857],[22.26132519320829,65.48275987127917],[22.260797393151204,65.4824244965503],[22.264405040276888,65.4813487204561],[22.265013450056607,65.4804174124634],[22.265541261385707,65.48075277235479],[22.267205257802974,65.48049217013968],[22.267136625537393,65.47869149237236],[22.265323672926403,65.47841808279283],[22.26512492436027,65.4777060692253],[22.269668816885478,65.47532221364568],[22.272720494220806,65.47503031891777],[22.27091682,65.46857342],[22.30425788959166,65.46695995154191],[22.30536141976197,65.46638011987221],[22.30783043090917,65.46589957838665],[22.308158672283028,65.46552283995338],[22.309921177524956,65.46561775430217],[22.309314694761227,65.46654922387762],[22.30674576346874,65.46667381566714],[22.313735359999995,65.46650130999998],[22.31623582,65.4754005],[22.28731443294819,65.47680018681262],[22.286841865512116,65.47774023757493],[22.2877686232902,65.47949947508219],[22.28587584316273,65.4804929866342],[22.28264783774664,65.4813705733052],[22.282368850925238,65.48192525826852],[22.280655123439757,65.48200802963949],[22.28042588893358,65.48274070866675],[22.27891126593441,65.48353545013134],[22.279060647784927,65.48406944352952],[22.27996738477249,65.48420606601752],[22.28291683533818,65.48388321832634],[22.284102560246023,65.4834651300156],[22.285308321015663,65.48466969425236],[22.284501208098646,65.48488909545506],[22.283993068878164,65.48617646744538],[22.28280722141292,65.48659455610357],[22.282956703906684,65.48712854464469],[22.283813732483107,65.48708714670407],[22.284391760696383,65.48760043271987],[22.285248801990008,65.48755902651361],[22.28559773680923,65.48880499249242],[22.284661024783947,65.49011307192102],[22.283475012954646,65.49053116743906],[22.282538136667014,65.491839235321],[22.281730781169355,65.49205862411554],[22.282308884644085,65.49257191734281],[22.280594459240426,65.492654694928],[22.279886703985774,65.49323006823626],[22.27860084674829,65.49329213301606],[22.279587786843788,65.49216208449047],[22.279946794090502,65.49034073252962],[22.281132855579806,65.48992266421268],[22.280883751740422,65.48903267990033],[22.279976841027874,65.48889606463301],[22.279628172498178,65.48765008304572],[22.277156579864545,65.48813018882612],[22.27652608106317,65.48864277059691],[22.279817286551054,65.50040252264978],[22.28148138411017,65.49892596696314],[22.28405362951417,65.49880177219589],[22.282737638089785,65.50030854166869],[22.281172248290773,65.50092531879719],[22.280893044493865,65.5014800031264],[22.280129159503076,65.50151687075149],[22.28087259,65.50417321000002],[22.323226607569094,65.50212299999386],[22.32313018540837,65.50178071428954],[22.328552922390255,65.50097610124216],[22.329537949911934,65.49984574582994],[22.328758083911268,65.4986207339206],[22.329264211257996,65.49733323172188],[22.32871241581516,65.49537547823788],[22.327276145522884,65.4949040232897],[22.32740385220788,65.49381532912905],[22.32649654629656,65.49367899703965],[22.328210862750986,65.4935956997972],[22.328739750300727,65.49393082800722],[22.330732146447684,65.49329274074157],[22.331639459479366,65.49342904732968],[22.332774624926355,65.49283260435455],[22.334917419036305,65.49272839174822],[22.335195384866477,65.49217362009199],[22.336531228963192,65.49228905063012],[22.3368593622661,65.49191225094921],[22.33771644413978,65.49187054674034],[22.338372657156377,65.49111694205128],[22.338071381034823,65.49004909784892],[22.339306688974045,65.48980855675357],[22.340692655426302,65.49010192506921],[22.340793113703334,65.49045787113343],[22.341650140333304,65.49041614516295],[22.342328330645735,65.49093449805343],[22.335141810000003,65.46546073000002],[22.368688926432117,65.46381537694309],[22.36942497661723,65.46271900357843],[22.368166098593825,65.46133717648848],[22.36731007485078,65.4613790428105],[22.367008032251235,65.46031126399266],[22.3659507160583,65.45964126902894],[22.364188450244495,65.45954700635127],[22.360890762132215,65.45862564285498],[22.36063930813908,65.45773581402234],[22.359632541380105,65.45724373801006],[22.35918004357266,65.45564204083396],[22.358223653262367,65.45532792085046],[22.35845050235857,65.45459514803267],[22.35643733663488,65.45361095640268],[22.356613973615673,65.45270021833495],[22.35575820979474,65.45274201654614],[22.357268718052833,65.45194654622922],[22.35744531810801,65.45103580755571],[22.358628355252822,65.4506171614125],[22.358377070993907,65.4497273270935],[22.35460279331559,65.44864874831366],[22.354578573189094,65.44702613812223],[22.35613409100562,65.44639115302827],[22.32234214940752,65.44805582646632],[22.323647963454277,65.44961604704962],[22.319491336993952,65.45180265565176],[22.316973889103274,65.45210538903812],[22.314656237931203,65.45312001856324],[22.313372449474194,65.45318235861625],[22.313044428750477,65.45355910620201],[22.310576671730313,65.45403972048192],[22.307930482086533,65.45543099338676],[22.30365071903096,65.45563856506207],[22.301232467674065,65.45629701910843],[22.300904233813917,65.4566737424222],[22.298814093127078,65.45695543563592],[22.297301490619454,65.45775034146445],[22.295589402097676,65.45783326597041],[22.294504687982293,65.4586074157952],[22.292792532734953,65.45869030924347],[22.291657876312495,65.45928644680859],[22.28662078915599,65.45989096474715],[22.285475796101412,65.45579706573942],[22.286282015589595,65.45557766816249],[22.286082906811505,65.4548656856914],[22.287366856124834,65.45480357616012],[22.28812324008699,65.45440617409177],[22.28797387792462,65.45387218938602],[22.28882980880568,65.45383077387314],[22.288730226326003,65.45347478462764],[22.290242854487232,65.45267996442146],[22.291904816675036,65.45241911030152],[22.291655777841406,65.45152914295232],[22.29298936251726,65.45164498081141],[22.292889733563705,65.45128899476963],[22.294601404760872,65.45120610503348],[22.29450175592217,65.45085012025311],[22.29568582130996,65.45043195744996],[22.295382457638244,65.44934828169487],[22.28734604,65.44973946],[22.284858339999996,65.44083966999999],[22.28899024824722,65.44063946065691],[22.287524461153705,65.43675559729498],[22.285187103257137,65.43614710907417],[22.279856131984953,65.43568337771842],[22.278851728732217,65.43519073972955],[22.275858020858976,65.43533545440803],[22.27837438018823,65.43503341768614],[22.27827502597208,65.43467741924627],[22.27646504313031,65.4344041138386],[22.27498344803333,65.43375411893645],[22.277927309682273,65.43343142395307],[22.277728631047463,65.43271942611631],[22.279011519829748,65.43265739818723],[22.28011519683528,65.43350603321537],[22.28182575592917,65.43342329941696],[22.2817263622336,65.43306730364093],[22.28263132807336,65.43320392775082],[22.281955204563744,65.43233462635536],[22.282909848750002,65.43264924680041],[22.283188358257934,65.43209456544548],[22.283715387995112,65.43242986967172],[22.284570627063783,65.43238848518757],[22.28412323257557,65.43078651303043],[22.281786492267013,65.4301779659503],[22.28168711397713,65.42982196998939],[22.280255335391676,65.42935002357366],[22.280961434050013,65.42877466479733],[22.282244120629034,65.4287126113874],[22.282343501396255,65.42906860695854],[22.28533645062949,65.42892377113574],[22.285893284786315,65.42781440077296],[22.285167497928853,65.42676711687575],[22.28549560987398,65.42639042895458],[22.28607226068676,65.4269037223695],[22.286877598263796,65.42668433035745],[22.286529601481742,65.42543835765024],[22.28424298657773,65.42500784065724],[22.284948884742242,65.4244324652004],[22.283517349659398,65.42396054731029],[22.283368290834165,65.42342655495315],[22.2850284840776,65.42316579411579],[22.286489823319574,65.42219303042123],[22.287344723376517,65.42215163358576],[22.28885563800544,65.42135684422648],[22.288706488423138,65.4208228580467],[22.28961106109101,65.42095944421031],[22.28936246110988,65.42006946857825],[22.293686305236555,65.42004035201265],[22.29383555078732,65.42057433230859],[22.293080203868623,65.42097175272828],[22.294561496153438,65.42162157293042],[22.29375637877652,65.42184100377989],[22.293855884274517,65.42219699052681],[22.293000995169912,65.42223842416705],[22.29310049224106,65.42259441149596],[22.291867876972617,65.42283454807837],[22.291211912315912,65.42358794835633],[22.289979232536403,65.4238280701437],[22.290227896520612,65.42471804410478],[22.288667110256334,65.42533485332966],[22.288388781239632,65.42588954301695],[22.28921413568803,65.42729280059697],[22.290019457737795,65.42707339196299],[22.290218418292454,65.42778537080842],[22.291172989669693,65.42809993968784],[22.292674945338426,65.43037243362951],[22.293957676517905,65.43031028015733],[22.29428570226986,65.42993357398136],[22.30335935892708,65.42949356475582],[22.298771929999997,65.41310490999999],[22.234669919999995,65.41620092999999],[22.23607717282486,65.41849214516381],[22.23537471134003,65.41874003692762],[22.244552379999995,65.45180384],[22.22315277,65.45283151],[22.225620869999997,65.46173251],[22.222451766025745,65.46188402107376],[22.221546173237158,65.4630239895406],[22.220261633036795,65.46308554498653],[22.220360328805064,65.46344158794544],[22.218318055098614,65.46390020244199],[22.21642368071117,65.46489285904899],[22.214661503983617,65.46479685019314],[22.213047244698814,65.46523489363628],[22.21281622758776,65.46596748730539],[22.210015699995044,65.46682303232927],[22.209307038622544,65.46739808377505],[22.208450512992282,65.46743905416082],[22.208351960977684,65.46708300202079],[22.207017917874463,65.46696642092905],[22.207116451216102,65.46732247412321],[22.205880918342093,65.46756193634351],[22.206506241563034,65.46825356635162],[22.205551164833256,65.46793846687694],[22.203887308126717,65.46819838853251],[22.202883024257567,65.46770524395808],[22.199506032158048,65.46804698120718],[22.19764528423272,65.46759471599287],[22.19736461315678,65.46814926011385],[22.19436659551989,65.46829239987316],[22.193229246008336,65.46888782344556],[22.193376778926442,65.46942191930628],[22.18566707511265,65.4697896741837],[22.18500691815924,65.47054265256584],[22.182633320653764,65.4713772846273],[22.18235229299149,65.47193180430554],[22.17635515693358,65.47221743898183],[22.17650236820465,65.47275155443961],[22.175645605480206,65.47279234107268],[22.175329876682802,65.47315224600084],[22.22809082,65.47063345],[22.23303629,65.48843516]],[[22.27498344803333,65.43375411893645],[22.274506148783082,65.4335967841615],[22.27493379650187,65.4335761183528],[22.27498344803333,65.43375411893645]],[[22.274028855244207,65.43343944781938],[22.274456500851873,65.4334187833848],[22.274506148783082,65.4335967841615],[22.274028855244207,65.43343944781938]],[[22.356035354397928,65.45218721473532],[22.355985110010987,65.45200924691726],[22.356412980112196,65.45198834789338],[22.356035354397928,65.45218721473532]],[[22.326268520101433,65.49441173341212],[22.326168241193162,65.49405577591968],[22.32707555872548,65.49419210986446],[22.327175850616864,65.49454806662558],[22.326268520101433,65.49441173341212]],[[22.325739653704307,65.49407659634373],[22.325689518249394,65.49389861739044],[22.326118102869323,65.49387779713709],[22.325739653704307,65.49407659634373]],[[22.324681962118365,65.49340631624378],[22.32511053963858,65.49338549891849],[22.325160669964315,65.49356347811514],[22.324681962118365,65.49340631624378]],[[22.325160669964315,65.49356347811514],[22.325639383547955,65.49372063841294],[22.32521080104345,65.49374145728758],[22.325160669964315,65.49356347811514]],[[22.316190535317716,65.47866392651744],[22.31644072072925,65.47955384180125],[22.315684069370626,65.479951388359],[22.312357141287126,65.48047363177511],[22.31225711617221,65.48011766252048],[22.313442189952074,65.47969935043538],[22.31409882426893,65.47894584699038],[22.316190535317716,65.47866392651744]],[[22.28773898885656,65.48094414050135],[22.28859580570913,65.480902717531],[22.289681586330794,65.48012859965873],[22.29230181246729,65.48018227671528],[22.29205244078218,65.4792923134386],[22.29066757716662,65.4789984881118],[22.292759564073936,65.47871688938547],[22.293088175475148,65.47834018007093],[22.295001176300815,65.4789692369088],[22.295200749408323,65.47968120291803],[22.297771024060307,65.47955679420733],[22.298527942368768,65.47915933474057],[22.30071971204533,65.4792336065189],[22.30011261020064,65.48016504522454],[22.299255839550653,65.48020653305821],[22.29774194367396,65.48100145607712],[22.296456738679314,65.4810636663224],[22.29550013155521,65.48074915121025],[22.293786531335687,65.48083207028007],[22.29388630844863,65.48118805421095],[22.29169438804774,65.48111368477578],[22.290608628659704,65.48188781690116],[22.288566219952745,65.48234738262053],[22.28723107569051,65.48223152116587],[22.28647389560453,65.48262892660757],[22.286324372386137,65.48209494193836],[22.28718122963234,65.48205352659159],[22.28773898885656,65.48094414050135]],[[22.29239270060562,65.48360558182607],[22.292821148536028,65.48358485735943],[22.292871036492276,65.48376284965569],[22.29239270060562,65.48360558182607]],[[22.29329948654044,65.48374212381152],[22.295113086071222,65.48401519117972],[22.29574117224108,65.48470642363165],[22.29488424448329,65.484747888228],[22.294984054580134,65.48510387110048],[22.29284169338915,65.48520751315574],[22.290828524496437,65.48422244698071],[22.290728775009278,65.48386646076172],[22.291207106041007,65.48402373390752],[22.29329948654044,65.48374212381152]],[[22.290338922773078,65.47937519258512],[22.289910541398193,65.47939590935322],[22.289860683640097,65.47921791577672],[22.290338922773078,65.47937519258512]],[[22.281082642163483,65.4975019945846],[22.28093312629583,65.49696800454672],[22.28244844330487,65.49617323599969],[22.284163092327788,65.49609043517117],[22.28449203353394,65.49571374132765],[22.28464161342231,65.49624772721472],[22.285927598683607,65.49618560977062],[22.28663529549809,65.49561020875915],[22.289107405791412,65.49512994282591],[22.288928204721632,65.49604062677433],[22.287363215502335,65.49665746406549],[22.28670538528913,65.49741086301414],[22.285040526103213,65.49767168852371],[22.285190130726765,65.49820567361836],[22.283804324044137,65.49791179473155],[22.283505182213624,65.49684382098205],[22.281082642163483,65.4975019945846]],[[22.288994650939838,65.48232666917345],[22.289044509964246,65.48250466302065],[22.288616076110053,65.4825253766375],[22.288994650939838,65.48232666917345]],[[22.284880500278078,65.49244771471878],[22.285309100261532,65.49242701005277],[22.285358957466105,65.49260500512561],[22.284880500278078,65.49244771471878]],[[22.285787559569858,65.49258429908167],[22.287701454196327,65.49321343947923],[22.28656522251525,65.49380955428998],[22.286764702770775,65.49452153231039],[22.28600716932034,65.4949189388872],[22.28510002703976,65.4947823566644],[22.28439231735557,65.4953577506162],[22.283385467379883,65.49486516724033],[22.28252818305413,65.49490656527827],[22.28195002091753,65.49439327347554],[22.28260791858057,65.49363989454862],[22.285787559569858,65.49258429908167]],[[22.28619497861273,65.48318361794105],[22.28591605040745,65.4837383088691],[22.28533808246721,65.48322502807872],[22.28619497861273,65.48318361794105]],[[22.28553923442076,65.49945163799862],[22.285589109376033,65.49962963281402],[22.28516039157506,65.49965033943795],[22.28553923442076,65.49945163799862]],[[22.28528987089077,65.49856166356138],[22.284861170317175,65.49858236916647],[22.28481130273141,65.49840437403716],[22.28528987089077,65.49856166356138]],[[22.28506064815693,65.49929434944349],[22.285110519491123,65.49947234445274],[22.284681803811758,65.49949304969829],[22.28506064815693,65.49929434944349]],[[22.284541168279294,65.42607582284678],[22.284968683811375,65.42605512990582],[22.285018386222998,65.42623312668424],[22.284541168279294,65.42607582284678]],[[22.284163348706468,65.42627451170033],[22.28459086783729,65.42625381979452],[22.2846405681404,65.4264318167183],[22.284163348706468,65.42627451170033]],[[22.284582067635654,65.49913705931623],[22.284631935348866,65.49931505451924],[22.28420322179112,65.49933575838642],[22.284582067635654,65.49913705931623]],[[22.283785523426307,65.42647319966404],[22.28421304615589,65.42645250879342],[22.284262744350404,65.42663050586259],[22.283785523426307,65.42647319966404]],[[22.28270170235488,65.42724725589039],[22.28312923873489,65.4272265679562],[22.283178931348125,65.42740456543746],[22.28270170235488,65.42724725589039]],[[22.282323852135196,65.42744594043982],[22.28275139211416,65.42742525354093],[22.282801082618434,65.42760325116751],[22.282323852135196,65.42744594043982]],[[22.28109090681685,65.4276859922127],[22.281945996207504,65.4276446240993],[22.281995681748672,65.42782262204051],[22.28109090681685,65.4276859922127]],[[22.281995681748672,65.42782262204051],[22.282472917320916,65.42797993375564],[22.282045368034787,65.42800061995779],[22.281995681748672,65.42782262204051]],[[22.2811725544839,65.49316799258212],[22.280743938400082,65.49318868567511],[22.28069411126465,65.4930106887834],[22.2811725544839,65.49316799258212]],[[22.280155981678657,65.42899402635781],[22.280106305939405,65.42881602771396],[22.280533870367144,65.42879534685798],[22.280155981678657,65.42899402635781]],[[22.279678740766858,65.42883670736529],[22.279629068626807,65.4286587085283],[22.280056630944983,65.4286380290462],[22.279678740766858,65.42883670736529]],[[22.279907610430474,65.42810403289927],[22.279052502175162,65.42814538964349],[22.27900283586828,65.42796739054155],[22.279907610430474,65.42810403289927]],[[22.279201505563865,65.42867938680574],[22.279151837022926,65.42850138777557],[22.279579397231508,65.42848070966733],[22.279201505563865,65.42867938680574]],[[22.277529964329847,65.43200742789669],[22.27795758324763,65.43198675380206],[22.278007251665088,65.43216475322363],[22.277529964329847,65.43200742789669]],[[22.276724384111738,65.43222677240053],[22.27757962989207,65.4321854274875],[22.277629296199063,65.43236342705431],[22.276724384111738,65.43222677240053]],[[22.276018102243714,65.43280211315307],[22.275590468181033,65.43282278189999],[22.27554081466147,65.43264478153506],[22.276018102243714,65.43280211315307]],[[22.27312392317566,65.43330277176571],[22.272268632460563,65.43334409186193],[22.272219000296513,65.43316609019186],[22.27312392317566,65.43330277176571]],[[22.19520281181148,65.47131893294122],[22.194922053038564,65.47187347336522],[22.19434613123459,65.47135982484525],[22.19520281181148,65.47131893294122]]],[[[22.328766329999997,65.51989553999998],[22.350215820000003,65.51885239],[22.352734769999998,65.52775079],[22.356619115841387,65.52756130684476],[22.356785243737818,65.52702599612094],[22.358122969351957,65.52714121702643],[22.358880289961984,65.5267434513426],[22.357946889302774,65.5249847176033],[22.35918364275246,65.52474399963262],[22.359840002501738,65.52399030035716],[22.362843305039917,65.5238438230725],[22.36349953675997,65.52309010919052],[22.36264148015263,65.52313196935444],[22.361960201054252,65.52226307906585],[22.363247243980076,65.52220029321002],[22.364811889532096,65.52158267398387],[22.364610032086148,65.52087082321368],[22.36332305863573,65.52093361997494],[22.36279316479463,65.52059862290434],[22.363070797023088,65.52004380338563],[22.363651137874182,65.52055676271158],[22.364837164920385,65.52013803806678],[22.3641558972383,65.51926915754959],[22.365896969702277,65.5177407822195],[22.36529153039749,65.51253799842858],[22.364232060685307,65.5118680130451],[22.363979873814063,65.51097819721024],[22.365115026100938,65.51038151151762],[22.364106085174814,65.50988948715907],[22.361583627274513,65.51019301470414],[22.361482794136784,65.5098370862381],[22.363904356042134,65.50917763415087],[22.364232288616417,65.50880077707905],[22.36680502823604,65.50867516917263],[22.36831833553836,65.50787956035707],[22.369040820806692,65.50856125233494],[22.367091035776998,65.50168297158179],[22.364913611190676,65.50353518928809],[22.361685557779737,65.50441446474923],[22.360979310703403,65.50499020238286],[22.35775094231317,65.5058693969604],[22.35585902439639,65.50686377620829],[22.350411744439118,65.50604676139558],[22.343829391460964,65.50582608390243],[22.339163206526447,65.50623358562903],[22.33840615728276,65.50663124991108],[22.337119809223687,65.50669381748033],[22.334848458358145,65.50788677026831],[22.334948919616174,65.5082427201684],[22.33409129545123,65.50828441406964],[22.33222139651997,65.51090113249204],[22.332623172510534,65.51232493934349],[22.331815629514107,65.51254459751475],[22.331259157386167,65.51365413317893],[22.330072864773634,65.51407259709349],[22.330223503281616,65.5146065271966],[22.32812909213151,65.51488866877962],[22.327490288151303,65.51536954910819],[22.328766329999997,65.51989553999998]],[[22.36344958743913,65.51677767368962],[22.363247811955233,65.5160658202778],[22.363676723993105,65.51604489024227],[22.364256982987254,65.51655784806304],[22.36344958743913,65.51677767368962]],[[22.36355104524511,65.51099912727396],[22.36350061301818,65.51082116386198],[22.363929438715097,65.51080023396992],[22.36355104524511,65.51099912727396]],[[22.354845122668497,65.51864067404345],[22.355274085115948,65.51861976733983],[22.355324479474287,65.51879773386858],[22.354845122668497,65.51864067404345]],[[22.357595797239767,65.5176044738616],[22.357823104850205,65.51687169750763],[22.359109894128984,65.5168089493819],[22.36054795354199,65.51728008385508],[22.36090095965927,65.51852583445442],[22.359437245753995,65.51949934213428],[22.357342784231584,65.51978188881817],[22.35724196418139,65.51942595740175],[22.355904640283807,65.51931072470934],[22.355324479474287,65.51879773386858],[22.357595797239767,65.5176044738616]],[[22.358630552485742,65.51665190140403],[22.358201625599726,65.51667281727437],[22.358151216589622,65.51649485184944],[22.358630552485742,65.51665190140403]],[[22.354673440872713,65.5072824260397],[22.354244663955328,65.50730332919329],[22.354194303719655,65.50712536196014],[22.354673440872713,65.5072824260397]],[[22.35328639962039,65.50698919669826],[22.352857626174373,65.5070100958833],[22.352756926716665,65.50665416026646],[22.35328639962039,65.50698919669826]]],[[[22.374189539999996,65.5267042],[22.37671758,65.53560211],[22.398177649999997,65.53455206],[22.399112498919134,65.53783046281009],[22.399329198028845,65.53739640600347],[22.40061687844476,65.53733329578435],[22.401323073957784,65.53675737360062],[22.402181503429915,65.53671529026786],[22.402966048124455,65.53793987567448],[22.401299861743528,65.53820199475224],[22.40225985884955,65.53851580546335],[22.401124384807414,65.5391127731495],[22.4021351762253,65.539604531858],[22.399906785056068,65.54061592883573],[22.40071478,65.54344946999998],[22.402998249209578,65.54262963058245],[22.407669811397163,65.54222010475293],[22.4069585968063,65.53972887376578],[22.408043158862103,65.53895391859425],[22.415260954160676,65.53679522756428],[22.417406957314252,65.53668981312082],[22.41854194819969,65.53609272810438],[22.418440217479333,65.53573684675885],[22.419727760146152,65.53567357528321],[22.41962601522839,65.53531769487724],[22.420913533745797,65.53525441355266],[22.42124094018682,65.5348774382382],[22.422833787822718,65.53588177738203],[22.42492877002335,65.53559831859249],[22.42465231655634,65.5361532396182],[22.42621628685597,65.53553499215963],[22.4263690417163,65.53606880471484],[22.424906865783825,65.53704293017903],[22.425008690838172,65.53739880622973],[22.425867095224163,65.53735658877207],[22.42579432538094,65.53862326228891],[22.426652768511797,65.5385810399858],[22.425466941513665,65.53900024722977],[22.42572155204522,65.53988993580582],[22.424586568497293,65.5404870746024],[22.422869545682,65.5405714922609],[22.422542096196718,65.54094847153036],[22.42049755024992,65.54140984157276],[22.418682546320056,65.54256632081345],[22.443643569999995,65.54133943999999],[22.43599476,65.5146496],[22.45743472,65.51359135],[22.45233075,65.49579869],[22.388048159999997,65.49896178],[22.39057768,65.50785944],[22.37018390670484,65.50885709206074],[22.37091647190961,65.50937647843863],[22.371774060770534,65.5093345759956],[22.37422102782841,65.51029755395632],[22.375078640518293,65.5102556325304],[22.37982153208149,65.5116475654845],[22.380679178227446,65.51160561195562],[22.38691151253913,65.51364619952274],[22.387745192496126,65.5150488323807],[22.38693804851918,65.51526878089119],[22.38676217632669,65.51617954657993],[22.385954989260856,65.51639949027339],[22.387318853333962,65.51813703847836],[22.386032080611507,65.51820002647439],[22.386612825360487,65.51871289362877],[22.384417556663948,65.51863990325278],[22.384140394703227,65.51919475723841],[22.38285356061584,65.51925771880119],[22.382400312869144,65.52072333266113],[22.380204882640957,65.52065028274622],[22.37901908684743,65.52106912559061],[22.377303163529287,65.52115301524455],[22.378086034226364,65.52237774627562],[22.3763700213021,65.52246162623648],[22.376521664812827,65.5229955000606],[22.377379690043202,65.52295356146641],[22.377960377744287,65.52346646241011],[22.374477659158817,65.5234562428633],[22.37478088959187,65.52452399471578],[22.373392703039364,65.52423096130697],[22.37354429808279,65.52476483859729],[22.372686205897686,65.52480675610032],[22.37167655012982,65.52431478941166],[22.370389427467227,65.52437764779134],[22.370490449817687,65.52473356841668],[22.369682859306913,65.52495342926335],[22.37026344397898,65.52546636077925],[22.369405322381198,65.52550825996246],[22.368345201430405,65.52483830991302],[22.36630090193345,65.5252989451375],[22.36655333493444,65.52618875462113],[22.365215625512768,65.52607360810795],[22.36531658525701,65.52642953280996],[22.364079812248825,65.52667030111901],[22.36485402465985,65.52715959789053],[22.374189539999996,65.5267042]],[[22.371121562536935,65.52542445675803],[22.371222599757843,65.52578037674552],[22.37079353510803,65.52580132970473],[22.37026344397898,65.52546636077925],[22.371121562536935,65.52542445675803]],[[22.422201045371985,65.53519112134066],[22.42263021438247,65.53517002151723],[22.422681106593704,65.53534796052061],[22.422201045371985,65.53519112134066]],[[22.42161922081502,65.53467840175644],[22.42204838196232,65.53465730366216],[22.422099268999755,65.53483524291312],[22.42161922081502,65.53467840175644]],[[22.403067578173346,65.53829576942026],[22.402638338685872,65.53831681445611],[22.402587576157025,65.53813886742284],[22.403067578173346,65.53829576942026]],[[22.371651663647572,65.5257594225768],[22.371702186273595,65.52593738236185],[22.371273119508402,65.5259583367025],[22.371651663647572,65.5257594225768]],[[22.367562970592907,65.52668075570526],[22.367133887601558,65.5267016984662],[22.367083394327455,65.52652373686374],[22.367562970592907,65.52668075570526]]],[[[22.407455551074584,65.54311814854437],[22.407443732014784,65.54295294352805],[22.407014420167854,65.54297400170068],[22.407455551074584,65.54311814854437]]],[[[22.366903636862958,65.50102188211606],[22.36635105808193,65.50093904095179],[22.366401486687373,65.50111700345263],[22.366903636862958,65.50102188211606]]],[[[22.366721588281884,65.50037966708604],[22.36662842902364,65.50038421748626],[22.366727070179568,65.5003990056443],[22.366721588281884,65.50037966708604]]],[[[22.442145769999996,65.46021260999999],[22.44468914999999,65.46910921999999],[22.466091379999998,65.46805011999999],[22.46099225,65.4502577],[22.42295397409697,65.45213612812528],[22.424143313771495,65.45371676629719],[22.42109777819291,65.45368643405801],[22.420996399317616,65.4533305508866],[22.4191837238849,65.45305898582804],[22.418685426154088,65.45234639758431],[22.40937762968008,65.45280490135552],[22.408814458115106,65.45320859713802],[22.4079587787144,65.45325069047502],[22.40863964224395,65.45411937765263],[22.40793573879238,65.45469531098645],[22.406601548949265,65.45458049508504],[22.40632546137919,65.45513537893449],[22.40541912706102,65.45499951098893],[22.40418608775616,65.45524056966678],[22.403933202476754,65.45435082756443],[22.401793881317165,65.45445598385801],[22.401039259374315,65.45485393726365],[22.402299527971245,65.4562354760573],[22.4003622677129,65.45705241045958],[22.400463383638744,65.4574083101289],[22.399331287142047,65.45800523049186],[22.398424886305023,65.45786932121734],[22.39772065858374,65.45844521017223],[22.39595838083385,65.45835131851472],[22.395304612927156,65.45910514850388],[22.39072465028781,65.46131468140358],[22.387728709284794,65.4614616385707],[22.387024150510648,65.46203748094537],[22.386168140359864,65.4620794540632],[22.38626908683533,65.46243536493785],[22.384985048769583,65.46249831660185],[22.384657961193497,65.46287521022947],[22.380235258956297,65.46324907511043],[22.442145769999996,65.46021260999999]],[[22.40552030211208,65.4553554066733],[22.40509242452995,65.45537644499204],[22.405041839482386,65.45519849698991],[22.40552030211208,65.4553554066733]],[[22.40448957513555,65.45630825937697],[22.40406168098822,65.45632929494077],[22.403960521208028,65.45597339812475],[22.40448957513555,65.45630825937697]],[[22.403583208670117,65.45617238073125],[22.40315531586267,65.45619341371201],[22.403104742067512,65.45601546494728],[22.403583208670117,65.45617238073125]],[[22.402474575197175,65.45532470055637],[22.403330332994315,65.4552826375223],[22.403380906611762,65.45546058621333],[22.402474575197175,65.45532470055637]],[[22.402097260205164,65.45552367947299],[22.402525143099464,65.4555026495918],[22.402575711760512,65.45568059860264],[22.402097260205164,65.45552367947299]]],[[[22.155892671861647,65.45603802032845],[22.15547746355866,65.45625521943329],[22.153318794715407,65.45616013137892],[22.11612703,65.4579246],[22.118559319999996,65.46682769],[22.075721869999995,65.46884462999999],[22.078141639999995,65.47774848],[22.099568449999992,65.47674111],[22.101997219999998,65.48564449999999],[22.085604937543202,65.48641404611541],[22.083336786768033,65.48761796960846],[22.083101953501004,65.4883504002339],[22.081864242462967,65.4885888684155],[22.08220350245292,65.48983539193154],[22.07844162091649,65.49037267076392],[22.07458973992107,65.49217651008287],[22.073303354174058,65.4922368329738],[22.072687805552587,65.49316743398104],[22.07149817180971,65.49358389874983],[22.07093093125367,65.49469257224644],[22.066745782360805,65.4968724804199],[22.0632180214323,65.49667698200865],[22.060403061221876,65.49590701361062],[22.059303693708028,65.49505673422297],[22.058445981101787,65.4950968651364],[22.05753400637926,65.49333608855665],[22.05819841332603,65.49258362794393],[22.057956867676584,65.49169320816745],[22.059098324854986,65.4910987650778],[22.05933385462332,65.49036636513664],[22.06095231434474,65.48992992564318],[22.061858182737822,65.49006786473637],[22.064044041317032,65.48852275110528],[22.06427941257291,65.48779034495679],[22.065040181411195,65.48739402061717],[22.066339864212512,65.48731845722372],[22.059127419999996,65.48765705],[22.057929170359365,65.48323796690511],[22.056924940936245,65.48308498057307],[22.05757012013455,65.4819138081281],[22.05671301,65.47875283000002],[21.97098041,65.48274001],[21.973366070000004,65.49164586],[21.95192123,65.4926355],[21.95430148999999,65.50154168999998],[21.97575352,65.50055165],[21.978142770000005,65.50945738],[21.99960021,65.5084639],[22.001138762882515,65.51417691108229],[22.002332965468216,65.51412152749177],[22.00285814989427,65.51445782762988],[22.005910718707995,65.51449653113534],[22.007912779559902,65.51386261465395],[22.010058829388136,65.51376297829307],[22.010343941543876,65.51320874218429],[22.010869208774444,65.51354501372283],[22.014683953272304,65.51318747155136],[22.013543807501254,65.51540444257952],[22.019123761283563,65.51514511485149],[22.020648225396208,65.51435288951185],[22.021506640122286,65.5143129663937],[22.021317974510467,65.51522341645051],[22.02055573961468,65.51561953443921],[22.0207481684962,65.51633192547563],[22.021970211275804,65.51644006478993],[22.044922329999995,65.51537230999999],[22.04313014991853,65.50875787699808],[22.041427325145587,65.50923727397986],[22.041567022410973,65.50814871591008],[22.042850604266878,65.50772615256204],[22.0421789768318,65.5055954005378],[22.044126065820937,65.50316010359842],[22.04498406954939,65.50312005115877],[22.044887582129565,65.50276387365173],[22.0474132814656,65.50246560145739],[22.047322107286018,65.50373225033348],[22.046179839505193,65.50432661213502],[22.04675363670215,65.5048408446614],[22.044420681517686,65.50585146380092],[22.044517176342804,65.5062076415207],[22.042977554848136,65.50644595942245],[22.062151957552274,65.50554845121097],[22.06196261294947,65.50485128749257],[22.063104536552,65.5042568097773],[22.064820542748908,65.50417648465314],[22.06682034837032,65.50354181016569],[22.067346131353293,65.50387788056409],[22.06863310662089,65.50381760272481],[22.068729922327947,65.50417376190553],[22.069636328412557,65.50431164919512],[22.069522855703752,65.50520343698975],[22.080608972678917,65.50468452220672],[22.082110444024195,65.50066078709399],[22.086966362226516,65.49935067994872],[22.08672376125799,65.49846031644856],[22.085865987928027,65.49850060352848],[22.085340082146036,65.49816459870148],[22.083624546823,65.49824515218327],[22.08043581911852,65.49929657719761],[22.080573855650325,65.49820799907266],[22.081334667352415,65.49781159235494],[22.080331485191824,65.49731762309064],[22.080089132957525,65.4964272465355],[22.08165912505183,65.49581250996673],[22.08265475713144,65.49468366839507],[22.08198354151635,65.49381342723123],[22.08060016321923,65.49351766319087],[22.080357844379293,65.49262728670516],[22.081166967965768,65.49240895759485],[22.08140188591864,65.49167652919675],[22.082639746335715,65.49143806337253],[22.0856334687091,65.48967430837303],[22.08810889724078,65.48919730007819],[22.08839210315435,65.48864293533556],[22.089249548481362,65.48860263707613],[22.09111000857607,65.48905624000295],[22.09135265348901,65.48994659613663],[22.08978324083821,65.49056142784336],[22.08992880861796,65.49109564302479],[22.088739550412143,65.49151223987252],[22.088836584918013,65.49186838411178],[22.09012290920481,65.49180792961174],[22.08974265926832,65.49200615407575],[22.090317021465545,65.4925202158311],[22.08784915497732,65.49462006196309],[22.086659705060672,65.49503664427415],[22.086950779745905,65.49610508103979],[22.088811743966286,65.49655870736963],[22.090955998832158,65.496457940474],[22.090858914880627,65.49610179809066],[22.092096892280377,65.49586325369995],[22.09394970684332,65.49469402099957],[22.096619752513586,65.49492914975495],[22.097242899685483,65.49562125218048],[22.098529385101795,65.49556072458581],[22.098472297180475,65.49375986420806],[22.100236082623486,65.49385721324958],[22.10000167903562,65.49458966591689],[22.101482546798447,65.49524138408599],[22.10319781849097,65.49516063048942],[22.105147347343035,65.49434739856316],[22.108197593666915,65.49438406006763],[22.107826527865576,65.49620511490359],[22.108684184946288,65.49616470433908],[22.11011668260727,65.4966382707606],[22.10892750802582,65.49705502560951],[22.107212133433826,65.49713584521542],[22.10531111071203,65.49812717065919],[22.10445338295535,65.49816756276586],[22.10331267866523,65.49876234095292],[22.10241505978607,65.50024744453737],[22.105806564887423,65.50153061218373],[22.111236369201936,65.50073373079441],[22.111333751558206,65.50108985717667],[22.112620466652388,65.5010292074433],[22.111860048359993,65.50142576776682],[22.11200614041004,65.50195995653083],[22.115057279864914,65.50199647098914],[22.116441486503597,65.50229191159762],[22.116675483935104,65.50155943744113],[22.11677294411091,65.50191555956421],[22.118439854670985,65.50165656839701],[22.120828178476543,65.50244567607876],[22.12211493368374,65.50238494515133],[22.122002591723245,65.50273683006118],[22.128306769999995,65.50243946],[22.13074822,65.51134226],[22.15220011,65.51032718],[22.154753318255015,65.51959919316904],[22.1569521337494,65.52003607468797],[22.156670090317697,65.5205905561774],[22.15509382600312,65.52083575204291],[22.155559244813354,65.5225259272682],[22.157025673064485,65.5234596224485],[22.15888978924189,65.52391235511878],[22.159564386755203,65.52478222113724],[22.156438314946715,65.5257182833312],[22.15710291,65.52813177],[22.17856736,65.52711283000001],[22.180585135037933,65.53441028494598],[22.180728465025137,65.53369782027981],[22.181587216912078,65.53365698545998],[22.18148872935039,65.53330091537154],[22.182776834326514,65.5332396550643],[22.183389289287557,65.53230863736374],[22.186493279671524,65.53252170947177],[22.18758420176392,65.53174827639783],[22.18723925239902,65.53050204680703],[22.188097886851647,65.5304611761789],[22.188428635392224,65.53008467424613],[22.191004481916142,65.52996202804816],[22.19176448078346,65.52956507408406],[22.19305237228701,65.52950372838028],[22.192953747265975,65.52914766708234],[22.194621579576605,65.52888782718959],[22.194522935962855,65.52853176709367],[22.195332165384517,65.52831282614898],[22.19546547890895,65.52722419093053],[22.193733893949968,65.52568328293474],[22.19621062470425,65.52520449200698],[22.1962945698613,65.52393782695545],[22.19509096524885,65.52273253254012],[22.193226330832076,65.52228025104972],[22.194548581310233,65.52077420127327],[22.19392223305152,65.52008253205041],[22.192205665654473,65.52016432772429],[22.19224051981052,65.51871963178598],[22.19300018115348,65.51832267486142],[22.19471662451028,65.51824087137811],[22.195722759108094,65.51873405197784],[22.199535445180206,65.51837186869432],[22.204817569282067,65.51703753884334],[22.205527618865222,65.51646249509612],[22.206814825256217,65.51640103891604],[22.207574194748524,65.51600401164109],[22.2075588259565,65.51438129511659],[22.206602014571256,65.51406621938057],[22.206453906706752,65.51353214226273],[22.211768481159165,65.51075289376541],[22.212626420146464,65.51071189072395],[22.212527614042752,65.51035584391381],[22.214045810790612,65.50956173344878],[22.21412888114843,65.50829506693077],[22.215745747270176,65.50785698649311],[22.216411204509964,65.50677634051506],[22.214074510000003,65.49836268],[22.23551181,65.49733591999998],[22.23303629,65.48843516],[22.16874035,65.49150509],[22.165171959862285,65.47854574668163],[22.163933043671076,65.47912131091317],[22.160554024115974,65.47946219683602],[22.160223470430914,65.4798386360785],[22.159366445028695,65.47987933292693],[22.16045606914763,65.47910610773677],[22.160358117122996,65.47875001854423],[22.15907263177758,65.47881106262652],[22.158546209065847,65.4784753176172],[22.158876770992364,65.4780988819597],[22.159733739002746,65.47805818844745],[22.15939097078324,65.47681187371754],[22.1576281596894,65.47671520551764],[22.154726764370746,65.47721366225572],[22.155057366903215,65.4768372345566],[22.153711175364148,65.47509742940115],[22.154996493408277,65.47503643256728],[22.154898634070733,65.47468033892034],[22.15765290773657,65.47364774433738],[22.157457132269805,65.4729355609653],[22.15826498612635,65.4727168315577],[22.15816709280257,65.47236074035206],[22.156502455858213,65.47262014748074],[22.15640458694949,65.47226405489475],[22.15511940901025,65.47232506234755],[22.15502156025008,65.47196896866822],[22.154115865212983,65.47183158638954],[22.151545532299878,65.47195355118865],[22.150027522181325,65.47274703225297],[22.14821613612356,65.47247220233619],[22.14612297828658,65.47275181012688],[22.145792294239747,65.47312821907734],[22.144078625787134,65.47320944047162],[22.144176331268895,65.47356554262502],[22.142891055011248,65.47362644698524],[22.14183884984843,65.47295483612427],[22.142646839840086,65.47273618893135],[22.143161752146444,65.47144922897458],[22.14101978982095,65.47155071417875],[22.14006535777732,65.4712351944321],[22.13840060094243,65.47149440322232],[22.137261816182566,65.47208941905511],[22.135927798837773,65.47197220977445],[22.136735810162417,65.47175359399267],[22.13663821407695,65.47139748595924],[22.137923398463645,65.471336635696],[22.139062135993186,65.47074161533003],[22.13896451282047,65.4703855090597],[22.1406291936174,65.4701262947909],[22.140862272633342,65.46939379191055],[22.140005552867724,65.46943437596082],[22.139907922753025,65.46907827036323],[22.14209851701891,65.46915485482111],[22.141952032131876,65.46862069881507],[22.14280872162247,65.46858010401773],[22.14304172794345,65.46784759847039],[22.142087410067262,65.46753209037904],[22.140851241571834,65.46777102664348],[22.140325280210266,65.4674352136331],[22.13946862353047,65.46747579402472],[22.138845080522202,65.46678386943431],[22.141561438035666,65.46719628177686],[22.14579577712899,65.46681522222076],[22.146934140541127,65.46622014612201],[22.146836430677116,65.46586404577018],[22.148451878153317,65.4654266987524],[22.14835415122639,65.46507059954614],[22.149161844464132,65.46485192037531],[22.14853811345269,65.46416003762664],[22.15020229989576,65.46390072264298],[22.15005568522465,65.46336657573758],[22.15395881952474,65.4633617099519],[22.155096847359548,65.46276657557723],[22.154093681467113,65.46227309574363],[22.156283733750225,65.46234947973548],[22.15618591420468,65.46199338649274],[22.157042360189863,65.46195271332772],[22.156516315225687,65.46161695751118],[22.159746302257492,65.46074204793325],[22.160358029072285,65.45981112999065],[22.162352103438117,65.4591752479877],[22.162584490969582,65.45844271829141],[22.16143455064314,65.45741515386617],[22.160578261274296,65.4574558504168],[22.158572183760516,65.45646895438914],[22.157336691507073,65.45670801901107],[22.15723888311145,65.45635192632315],[22.156382620623162,65.45639259881484],[22.155892671861647,65.45603802032845]],[[22.136225508130956,65.50947391151574],[22.137034661761742,65.50925528314653],[22.136361241767446,65.50838530520552],[22.138604032781632,65.50863996143327],[22.1387018237028,65.50899606617497],[22.13789269248524,65.50921470324883],[22.13808826307658,65.5099269136925],[22.139375338175977,65.50986603277228],[22.13661657488004,65.51089833717336],[22.136225508130956,65.50947391151574]],[[22.206024885429386,65.51355262738629],[22.20559586340937,65.51357311129998],[22.205546501360136,65.51339508521062],[22.206024885429386,65.51355262738629]],[[22.157113280823914,65.48431517681728],[22.159060298037808,65.48350127408192],[22.158962345127815,65.48314518400737],[22.16010109406211,65.48255000500333],[22.163578527868747,65.48256521187068],[22.161962298254107,65.48300272824538],[22.162158287396412,65.48371490362901],[22.161252145999086,65.48357756850793],[22.160921553683433,65.48395400963986],[22.15877865089283,65.48405575584219],[22.158974562895207,65.48476793609863],[22.158166347757465,65.48498667279404],[22.157113280823914,65.48431517681728]],[[22.161448121011965,65.4842897449465],[22.16101953692089,65.48431009814621],[22.160970544934013,65.48413205390469],[22.161448121011965,65.4842897449465]],[[22.159672537205097,65.48257035411753],[22.159623558321208,65.48239230930895],[22.16005211230778,65.4823719603616],[22.159672537205097,65.48257035411753]],[[22.15902354273606,65.4849459811044],[22.159072523313064,65.48512402608687],[22.158643923320735,65.48514437270279],[22.15902354273606,65.4849459811044]],[[22.156829602139236,65.51643448125547],[22.158447963178396,65.51599699921029],[22.15859510633845,65.5165311325596],[22.156927676763235,65.51679057142107],[22.156829602139236,65.51643448125547]],[[22.157128176631947,65.46068605135004],[22.15669997479882,65.46070638857698],[22.15665106553788,65.4605283420908],[22.157128176631947,65.46068605135004]],[[22.154736467149853,65.49146236364788],[22.155544909684245,65.49124364310053],[22.155642852708493,65.49159973545962],[22.154736467149853,65.49146236364788]],[[22.155642852708493,65.49159973545962],[22.156120536805357,65.49175744227911],[22.155691825324926,65.4917777816042],[22.155642852708493,65.49159973545962]],[[22.15591258627044,65.48942250438361],[22.155483912868753,65.48944284274923],[22.155434946949562,65.4892647964683],[22.15591258627044,65.48942250438361]],[[22.155091259736455,65.49433144290684],[22.15466250508736,65.49435177973109],[22.154564562960747,65.49399568673712],[22.155091259736455,65.49433144290684]],[[22.153976972041374,65.49185912681496],[22.15440568646645,65.49183879232574],[22.15445465120058,65.49201683894734],[22.153976972041374,65.49185912681496]],[[22.15445465120058,65.49201683894734],[22.154932336105563,65.49217454951388],[22.15450361667083,65.49219488554567],[22.15445465120058,65.49201683894734]],[[22.15298455484478,65.49298840641119],[22.15174729785386,65.4932274423943],[22.15207813371808,65.49285101900402],[22.151073834695815,65.49235753027591],[22.14726419105071,65.4927184625162],[22.14630889671189,65.49240299067166],[22.1465908903987,65.49184852884203],[22.145684540752523,65.49171110239585],[22.145060218805607,65.49101921120621],[22.14634634368135,65.49095828015011],[22.147057020145056,65.49038350490636],[22.147914412875178,65.49034287432126],[22.148478280687147,65.48923394528106],[22.149335633064457,65.48919330702424],[22.14966645614019,65.48881688902301],[22.151381126149328,65.4887355945011],[22.151050328993644,65.48911201600436],[22.15190767254485,65.4890713632414],[22.152238456740456,65.48869493998724],[22.152385287558783,65.4892290825414],[22.153671303777298,65.48916809020406],[22.153732173775584,65.49096889252333],[22.154589573162262,65.49092822400358],[22.154687501751233,65.49128431712307],[22.153401384331133,65.49134531908992],[22.15264187184334,65.49174207571683],[22.15298455484478,65.49298840641119]],[[22.153855202583877,65.48825752263505],[22.154859390959082,65.48875099397536],[22.153671303777298,65.48916809020406],[22.153855202583877,65.48825752263505]],[[22.15434722084535,65.47741204233463],[22.153918742729164,65.47743237436313],[22.15382088723046,65.4770762799886],[22.15434722084535,65.47741204233463]],[[22.150179151737397,65.4938428887209],[22.15060790225334,65.49382256465474],[22.150656845615703,65.49400061271072],[22.150179151737397,65.4938428887209]],[[22.1497993381011,65.49404125996735],[22.150228092226303,65.49402093694356],[22.150277033451022,65.49419898514296],[22.1497993381011,65.49404125996735]],[[22.14360537170559,65.46673868955143],[22.1440336844775,65.4667183883818],[22.144082521908818,65.4668964396412],[22.14360537170559,65.46673868955143]],[[22.138709569366117,65.46787247626617],[22.13737576275769,65.46775527771962],[22.137326969002483,65.46757722386896],[22.138611963918272,65.46751636958555],[22.138709569366117,65.46787247626617]],[[22.13593223895434,65.5084055912969],[22.135883363331715,65.50822753784576],[22.136312363267503,65.50820725192087],[22.13593223895434,65.5084055912969]],[[22.134927623724014,65.5079119984279],[22.134498627337216,65.50793228038992],[22.13444976255191,65.5077542263698],[22.134927623724014,65.5079119984279]],[[22.132698517023353,65.45859780400912],[22.132747259094742,65.45877585987313],[22.132319065648662,65.45879612787408],[22.132698517023353,65.45859780400912]],[[22.131413943085814,65.45865860389205],[22.131744664644255,65.45828222600984],[22.13227032644266,65.45861807184401],[22.131413943085814,65.45865860389205]],[[22.106269877233547,65.49050703450901],[22.107984820546406,65.49042622975452],[22.10641578141654,65.49104123054921],[22.106181572790735,65.49177369093866],[22.10504118013239,65.49236847920304],[22.102565779105564,65.49284576454261],[22.102800097529325,65.49211330870668],[22.106269877233547,65.49050703450901]],[[22.100996466681565,65.49346071169485],[22.10013888394576,65.49350107792485],[22.100041688190963,65.49314494250802],[22.100996466681565,65.49346071169485]],[[22.092784497796213,65.49042033311694],[22.09235574899128,65.49044049313427],[22.092307210612415,65.4902624223531],[22.092784497796213,65.49042033311694]],[[22.0915548358967,65.49228167743846],[22.09198361563412,65.4922615193956],[22.092032156292138,65.49243959025465],[22.0915548358967,65.49228167743846]],[[22.091215091845807,65.49103517962425],[22.09164385146245,65.49101502273876],[22.091692387011967,65.4911930937587],[22.091215091845807,65.49103517962425]],[[22.09117459033837,65.49247990546166],[22.091603373680158,65.49245974846286],[22.091651912193417,65.49263781946426],[22.09117459033837,65.49247990546166]],[[22.090834861300443,65.491233406651],[22.091263624521055,65.49121325080952],[22.091312157925998,65.49139132197179],[22.090834861300443,65.491233406651]],[[22.090600212353092,65.49196584711699],[22.09102898780098,65.49194569182355],[22.091077521250366,65.49212376305921],[22.090600212353092,65.49196584711699]],[[22.090454625006444,65.49143163277608],[22.090883391831053,65.49141147797862],[22.090931923091336,65.49158954928323],[22.090454625006444,65.49143163277608]],[[22.090219963875867,65.49216407276737],[22.090648742927964,65.49214391851798],[22.09069727423254,65.49232198989604],[22.090219963875867,65.49216407276737]],[[22.0900743829637,65.49162985799944],[22.090503153392344,65.49160970424603],[22.090551682507886,65.49178777569298],[22.0900743829637,65.49162985799944]],[[22.066771954576833,65.5033637298358],[22.06720093915509,65.50334364013763],[22.067249335826464,65.50352172030266],[22.066771954576833,65.5033637298358]],[[22.05992586221458,65.49574899976788],[22.059068128052708,65.49578913441779],[22.05901980439154,65.49561105091873],[22.05992586221458,65.49574899976788]],[[22.04555915836864,65.48920694319244],[22.04470161215523,65.4892469945276],[22.044605190405914,65.48889081614743],[22.045462725119556,65.48885076546931],[22.04555915836864,65.48920694319244]],[[22.04301431989269,65.51349140341051],[22.042585146265516,65.51351142628724],[22.042536895369704,65.51333333686925],[22.04301431989269,65.51349140341051]],[[22.03312966778014,65.50908312435537],[22.0316058894508,65.50987546900409],[22.03031851292511,65.50993543549282],[22.030458676859222,65.50884688326065],[22.031316892588833,65.50880690635955],[22.031649667117097,65.50843072869148],[22.033366063940033,65.50835075683126],[22.03312966778014,65.50908312435537]],[[21.986393965418458,65.50494203220579],[21.986677925983965,65.50276497485942],[21.985342938239206,65.50264644520746],[21.984770390439348,65.5021319679873],[21.983912308179995,65.5021716794734],[21.98457906836655,65.50141952064928],[21.982719497596975,65.50096459847781],[21.982147039771974,65.50045011045863],[21.982384807399,65.49971780973983],[21.983242811913698,65.49967810765789],[21.984338519992814,65.49890609751415],[21.9878182451583,65.49892532764838],[21.988151534195357,65.49854924083868],[21.98829507865942,65.49908357249592],[21.987199482132766,65.49985561025261],[21.987438708512812,65.5007461645621],[21.989631637426363,65.50082493797788],[21.99015638314346,65.50116128643583],[21.995589867646512,65.50036852462878],[21.995494065531688,65.50001230917037],[21.997210042864634,65.49993275165194],[21.997114220601883,65.49957653740931],[21.997972193429174,65.4995367520407],[21.99987746908903,65.4985467371517],[22.000543677954468,65.49779451314343],[22.00016026238981,65.49636966540739],[22.001018124381748,65.49632986380499],[22.00173218001427,65.49575574104908],[22.003018937369916,65.49569602377831],[22.004923745400074,65.49470594968682],[22.00792602803614,65.49456653040082],[22.00863988366821,65.49399237690801],[22.013546404375923,65.49286270648084],[22.013834462187155,65.49393131222307],[22.013024708880394,65.49414928678588],[22.01283585354951,65.49505972831837],[22.01536120753168,65.49476199482235],[22.015316508256408,65.49620673942516],[22.012269218889738,65.49779105208326],[22.012365239735622,65.49814725483147],[22.011078387537935,65.49820705255718],[22.01012449039638,65.49789070727294],[22.00240331842075,65.49824921544186],[22.00116436893253,65.4984870343155],[22.0013081789517,65.49902135108502],[22.000498161531418,65.4992392610374],[22.000737834138338,65.50012979005687],[22.00502772689617,65.49993071143832],[22.00555264962611,65.50026700477551],[22.00769759412787,65.50016741239205],[22.00822255571509,65.50050369608866],[22.010940515016305,65.50091844165715],[22.012227501071795,65.50085864383284],[22.012131470072337,65.50050244110749],[22.012656494979055,65.50083870880401],[22.01689834679063,65.50046119239599],[22.018995193771598,65.50018334064403],[22.020566882002957,65.49956922267984],[22.022711700077124,65.49946941849694],[22.023854305896464,65.49887523075547],[22.02371003606066,65.4983409398426],[22.024567919353128,65.49830100440295],[22.026043155669218,65.49733063861026],[22.026901001504648,65.49729069028801],[22.02680478642462,65.49693449862833],[22.028139648297017,65.49705266340244],[22.028761047068347,65.49774506447551],[22.024904599387327,65.4995476805889],[22.025000800194174,65.49990387358115],[22.026335807532732,65.50002205289157],[22.026528255261628,65.50073443654712],[22.02538563236452,65.50132864464454],[22.025481847643476,65.50168483718394],[22.02462385498247,65.50172477885042],[22.0243391600054,65.50227903798236],[22.023148325480086,65.50269513352765],[22.02324451634573,65.5030513277166],[22.024102555097535,65.50301139343887],[22.02386593801338,65.50374374863375],[22.02477210639921,65.5038819071026],[22.02691725896827,65.50378204007673],[22.028440836495424,65.50298974452056],[22.029298863632246,65.50294978086578],[22.02982415768724,65.50328598635815],[22.029968585478223,65.50382026989111],[22.028493143517835,65.50479067586184],[22.0287338315125,65.50568115067679],[22.02754291663614,65.5060972815795],[22.026307889522602,65.50795814510055],[22.021206757193845,65.50837585998708],[22.0202042751786,65.50788148529277],[22.01886888814429,65.50776325546774],[22.017818405301632,65.50709076558529],[22.01562488577236,65.5070124066194],[22.015003598428912,65.50631995059152],[22.011141836935543,65.50649938970999],[22.00918842213503,65.50731144531412],[22.00790110989836,65.50737122036377],[22.00732801269761,65.50685683384653],[22.00475341623737,65.50697634104849],[22.00422836378298,65.50664004620165],[21.999556201422664,65.50703711866777],[21.998173007685722,65.50674059875061],[21.99802921045936,65.5062062789383],[21.996550236885387,65.50555353007972],[21.993975709348106,65.50567285313637],[21.99364241962431,65.50604895275046],[21.99159270258241,65.50650456913117],[21.98859064693626,65.50826653845199],[21.987303230829564,65.50832613914288],[21.987159645323626,65.50779180700735],[21.989495037999493,65.50678204854708],[21.990828417261163,65.5052776801622],[21.992401085541427,65.5046638457958],[21.986393965418458,65.50494203220579]],[[22.01822631298272,65.49733375748288],[22.02103653973131,65.49648167983247],[22.022752191276332,65.49640183552216],[22.022944509171097,65.49711422501169],[22.022086661825515,65.49715415089727],[22.021373023071263,65.49772836578758],[22.02166146556118,65.49879695286694],[22.018754898646876,65.49929284652784],[22.018422045851924,65.4996689966071],[22.01646595159065,65.49885829541677],[22.01822631298272,65.49733375748288]],[[21.977043720927085,65.49599772565847],[21.978759502511835,65.49591837939764],[21.97942735588341,65.49678910983945],[21.976758997664927,65.49817477233816],[21.974185087851165,65.49829375261235],[21.973994088167004,65.49758128879483],[21.977043720927085,65.49599772565847]],[[21.97694448460898,65.48915002266733],[21.975324618791845,65.4895855756027],[21.974419197076358,65.48944711373831],[21.97503819224524,65.48851688110703],[21.977563382700488,65.48821978061117],[21.97694448460898,65.48915002266733]]],[[[22.008895349013777,65.5170483200441],[22.011685910355048,65.51657273697238],[22.012400258274706,65.51599856122226],[22.01073132139897,65.51625640217972],[22.010398148619814,65.5166325375433],[22.006916070166984,65.5166138494507],[22.00375463165412,65.51728747119395],[22.008895349013777,65.5170483200441]]],[[[22.109294489999996,65.51235431],[22.10929116750564,65.51234215810781],[22.109250578075937,65.51235637512569],[22.109294489999996,65.51235431]]],[[[22.155036732419703,65.52062841585861],[22.155333499550547,65.5204735433556],[22.15499845835499,65.52048942303209],[22.155036732419703,65.52062841585861]]],[[[22.18102874,65.53601462],[22.184979344793845,65.53582649429737],[22.184656110022498,65.53531479090378],[22.183797309384815,65.53535564361168],[22.183895837804645,65.5357117117947],[22.18212895151684,65.53561536926689],[22.18193194673378,65.5349032300296],[22.180645829469118,65.5346297915157],[22.18102874,65.53601462]]],[[[22.424223133350928,65.53617434531968],[22.424274038787516,65.5363522836547],[22.424703224869518,65.53633117777997],[22.424223133350928,65.53617434531968]]],[[[22.407720618174846,65.54239804963805],[22.408149919856346,65.54237698956368],[22.40809911020016,65.54219904485139],[22.407720618174846,65.54239804963805]]],[[[22.354779470848445,65.44773801197626],[22.355207272369928,65.44771711705849],[22.355157043967942,65.44753914880258],[22.354779470848445,65.44773801197626]]],[[[22.283933855577228,65.49682311949171],[22.283883998357805,65.49664512395252],[22.283455327864896,65.4966658252731],[22.283933855577228,65.49682311949171]]],[[[22.141561438035666,65.46719628177686],[22.142038584771356,65.46735403835754],[22.14198976020881,65.4671759863128],[22.141561438035666,65.46719628177686]]],[[[22.15849758778743,65.47198430615515],[22.158069202419913,65.47200464905318],[22.158118147243606,65.47218269471428],[22.15849758778743,65.47198430615515]]],[[[22.06401091766464,65.50439473102784],[22.063581912873342,65.50441481186857],[22.06363028728159,65.50459289340269],[22.06401091766464,65.50439473102784]]],[[[22.013114575222783,65.51542438238832],[22.01316263019017,65.51560248303349],[22.01359186535082,65.51558254306097],[22.013114575222783,65.51542438238832]]],[[[22.012733394306235,65.51562242179477],[22.012781447114694,65.51580052258106],[22.01321068588086,65.51578058365605],[22.012733394306235,65.51562242179477]]],[[[22.012829500646426,65.51597862334476],[22.012352207625252,65.51582046029486],[22.012400258274706,65.51599856122226],[22.012829500646426,65.51597862334476]]],[[[21.992830160147538,65.50464396625767],[21.992782268071615,65.50446585758819],[21.992353196345537,65.50448573696312],[21.992830160147538,65.50464396625767]]],[[[21.994117379642216,65.50458432037931],[21.995308774659808,65.50416844820171],[21.994688094324847,65.5034759029483],[21.99540247804011,65.50290180703826],[21.993734194093374,65.50315945430997],[21.993544615852098,65.5040698784525],[21.992782268071615,65.50446585758819],[21.994117379642216,65.50458432037931]]]]}},{"type":"Feature","properties":{"cyano_daymap_file_id":4131,"date":"2018-07-08Z","cloud":null,"sub_surfac":null,"surface":null,"no_data":null,"class":1,"color_hex":null,"algae_class":"class_1","source_date":"2018-07-08"},"geometry":{"type":"MultiPolygon","coordinates":[[[[21.92821676,65.40357047],[21.929934280818408,65.41004330843018],[21.930350366443594,65.41033784254809],[21.93206071717197,65.41025907757084],[21.93224981056835,65.41097161326941],[21.930681207281612,65.41158478430167],[21.931203354089828,65.41192136228914],[21.930469967328616,65.41206215570853],[21.93294343,65.42138392],[21.918931433062653,65.42202813506104],[21.913742165416465,65.4244443467107],[21.9121955464954,65.42478809792426],[21.916230076517074,65.44001682984049],[21.917849371448,65.43994249113567],[21.920990449624362,65.43871636357524],[21.926555174991382,65.43846059378893],[21.927269373877078,65.43788682120537],[21.928886912117836,65.43745180503112],[21.930599036821597,65.43737303983357],[21.931549750044322,65.43768991705865],[21.931739068834094,65.43840245092855],[21.930216165349723,65.43919376575407],[21.93071836937878,65.43951713498889],[21.93564964458258,65.43929038223008],[21.936019488574875,65.43820541959494],[21.93732050919981,65.43785542393958],[21.93530943,65.43029056],[21.956704029999997,65.42930375999998],[21.95195950999999,65.41149122999998],[22.016089729999997,65.40851515],[22.017089275073815,65.4122294312014],[22.018523970345676,65.41148110974027],[22.021944165090638,65.41132156506038],[22.022990771874447,65.41199406431805],[22.02270691297758,65.41254831304866],[22.023989532002602,65.41248845686155],[22.02498833000529,65.41298284242087],[22.022994278216167,65.41361690916618],[22.022426517792795,65.41472540648785],[22.018307360333562,65.4167558015478],[22.02807174,65.45303996],[22.070887779999996,65.45103673999999],[22.06365024,65.42432449],[22.1064161,65.42231167],[22.10707558791777,65.42473296153321],[22.1086105048389,65.42276294341823],[22.108465014953417,65.42222874508117],[22.109553858500664,65.42145589436032],[22.109408358173816,65.42092169702748],[22.11087619708124,65.419950574829],[22.1117313551712,65.41991017117266],[22.110585169321556,65.41888218281835],[22.112480398859404,65.41789084642309],[22.114569586341503,65.4176117433317],[22.115997806638788,65.41808529591268],[22.119369580334048,65.41774547692563],[22.121973701280716,65.41617938981382],[22.12368372740217,65.41609845462413],[22.125112023615056,65.41657192014486],[22.125724046373687,65.41564113936317],[22.126540371225346,65.41704537163173],[22.127541245654978,65.4175390570242],[22.127832945769153,65.4186074097281],[22.126841991203193,65.41973650415544],[22.12527755280873,65.42035165646122],[22.12537476514589,65.4207077757478],[22.124237824336987,65.42130267572793],[22.123382644172572,65.42134315051753],[22.118406646470856,65.42374286785369],[22.115510280934515,65.42424052265271],[22.115228273468745,65.42479492694343],[22.113945306159813,65.4248555625929],[22.11404238483726,65.42521169046563],[22.11242878743225,65.4256486515486],[22.112622913619475,65.42636090947975],[22.113147669069022,65.42669683079731],[22.11400304286234,65.42665641216101],[22.114576369616163,65.4271703921174],[22.115061886778363,65.42895102756198],[22.11639361559664,65.42906844341641],[22.116490746376993,65.42942456918954],[22.119008524298735,65.42912517764101],[22.120865190717925,65.4295784513338],[22.120962384501542,65.429934573611],[22.122245580635578,65.42987387604487],[22.122148369699964,65.42951775476143],[22.124043900712746,65.42852627022255],[22.12489931384639,65.42848578941268],[22.125560222622926,65.42773306643862],[22.126843298180006,65.42767233093683],[22.127552766945392,65.42709765881148],[22.129166190601676,65.42666053764462],[22.131353202569944,65.42673731284118],[22.130546514151067,65.42695588705003],[22.132928243729527,65.42774486821497],[22.133745367422076,65.42914905349441],[22.13335553143625,65.43005045029562],[22.19437955,65.42715155],[22.189474259999997,65.40934817999998],[22.12536599,65.41239779],[22.12293749,65.40349477],[22.14430161,65.40248166],[22.13943581,65.38467626999999],[22.075380769999995,65.38770408999999],[22.07056495,65.369896],[22.049223889999997,65.37089844],[22.0468258,65.36199389999999],[22.02549006,65.36299292],[22.032668369999996,65.38970759],[22.001278847486162,65.39116860646611],[22.000160676747385,65.39141827527527],[22.000305787410017,65.39357546074895],[21.99888096058181,65.39310078036522],[21.999167099239234,65.39416943391142],[21.997885306414975,65.39422907102512],[21.996652994503787,65.39608966914503],[21.995134478250986,65.3968815971693],[21.994279854798254,65.39692133450117],[21.99200186636011,65.39810918697181],[21.991717482760187,65.39866338245609],[21.988203459440793,65.39846600200038],[21.98711067416751,65.39761513405819],[21.985496561373907,65.39805074164629],[21.98407174729044,65.39757592116447],[21.98321708101282,65.39761559617627],[21.982077827757237,65.39820944558846],[21.98222058568518,65.39874379131764],[21.980890944994186,65.3986251711695],[21.98103368150836,65.39915951822488],[21.97965645413577,65.3988627715927],[21.97761477095032,65.39931812263144],[21.97505055809532,65.39943702533094],[21.974860404041355,65.39872455346439],[21.973483266631355,65.39842774956313],[21.974717795981487,65.39819019933022],[21.974575194333116,65.39765584499528],[21.973150594386404,65.39718091922202],[21.973577543344387,65.3955382349818],[21.97220058928887,65.3952414175883],[21.973387463388747,65.3948257605042],[21.97367219942258,65.39427159621248],[21.97215278700896,65.39344042164339],[21.973007337655115,65.3934008104787],[21.972769782209923,65.39251021598817],[21.968586339999998,65.39269026999999],[21.96384176,65.37487811],[21.92860161394669,65.37650588500644],[21.915115044741814,65.39805648849732],[21.916264641208578,65.39800364742257],[21.919067804490577,65.39715353157523],[21.920777337561308,65.39707490233567],[21.920871672379274,65.39743117937981],[21.92167927262249,65.39721371869658],[21.92224818667616,65.39772846982198],[21.923102967574774,65.39768913945376],[21.924099317391633,65.39818421615489],[21.923622032268888,65.3996486522871],[21.92029408066301,65.40178514300437],[21.920435604823485,65.40231955874951],[21.919580668370322,65.40235887546713],[21.92014965890425,65.4028736337405],[21.91929470389372,65.40291294901247],[21.91938904396971,65.40326922689876],[21.92166958824246,65.40387143580598],[21.92821676,65.40357047]],[[21.97215278700896,65.39344042164339],[21.971678006666203,65.3932821060793],[21.97210528020341,65.39326230246587],[21.97215278700896,65.39344042164339]],[[21.971203232030764,65.39312378896436],[21.971630503426116,65.39310398671749],[21.971678006666203,65.3932821060793],[21.971203232030764,65.39312378896436]],[[22.132684883121286,65.42685458534116],[22.132733553782998,65.42703264196221],[22.132305878590937,65.42705290488082],[22.132684883121286,65.42685458534116]],[[22.132208543712846,65.42669679128385],[22.132257210786943,65.42687484809389],[22.13140186392862,65.42691536998294],[22.132208543712846,65.42669679128385]],[[22.08058934321055,65.39450634427851],[22.089916396841762,65.38901712670229],[22.092430646218578,65.3887182129522],[22.093566950242135,65.38812355882085],[22.094896508007736,65.38824118562982],[22.095089824619603,65.38895347427652],[22.093623064011915,65.3899244326321],[22.08940025138695,65.39030391782828],[22.08778834554401,65.39074059898344],[22.085136320980705,65.39212801652933],[22.08357968134586,65.39436553775704],[22.08035512219761,65.3952387655108],[22.08058934321055,65.39450634427851]],[[22.039677582257905,65.41608356303072],[22.039201987366994,65.41592546820137],[22.03962956759198,65.41590547019008],[22.039677582257905,65.41608356303072]],[[22.039533540419935,65.41554928444077],[22.038630383888048,65.4154111853673],[22.038961939122743,65.41503500283987],[22.03710768214873,65.4145806981054],[22.036483817553247,65.41226547612406],[22.037290872785945,65.41204740158167],[22.03776196779848,65.41058266753922],[22.0367150457682,65.4099102738577],[22.034529645671817,65.40983211102603],[22.033103315662576,65.40935776890697],[22.034237674959996,65.4071407027875],[22.033854031240388,65.40571594103149],[22.034421131417883,65.40460740693635],[22.035227971984476,65.40438934548575],[22.03617440270333,65.40308272614783],[22.038830144954012,65.40169613487167],[22.038734191478287,65.40133994783477],[22.039920251079874,65.40092377488047],[22.03982428623324,65.40056758864391],[22.041768948846318,65.39975522033717],[22.041672964093227,65.3993990354649],[22.04252758111669,65.39935902946294],[22.042858889553212,65.39898284067415],[22.04542268480503,65.39886278849757],[22.048173576174886,65.39783222311358],[22.055389113451636,65.39731362318861],[22.057194342660072,65.39758962574149],[22.058241272351935,65.39826187722369],[22.057013101583617,65.40012292793446],[22.057536609793573,65.40045905478358],[22.064987350539887,65.39920760013895],[22.067599211946686,65.39926525502757],[22.068694650110853,65.40011551303782],[22.06788822791533,65.40033374954209],[22.06784629953909,65.40177848436103],[22.066329656403934,65.40257111106199],[22.066715006617876,65.40399577351953],[22.065246367443386,65.4049664736335],[22.065059803050058,65.40587695915748],[22.06420501547206,65.40591709457115],[22.06434949543302,65.40645134538153],[22.062688027374325,65.40670968793653],[22.062405064001133,65.40726400267336],[22.063404368188607,65.4077581288187],[22.065541485277148,65.40765779111092],[22.067389480676468,65.40648892931087],[22.06867168005035,65.4064286971131],[22.071325998792418,65.40504154731575],[22.074648510309554,65.40452465761196],[22.075551465944248,65.40466254291239],[22.07579264035748,65.40555293909054],[22.074937883189968,65.40559313506729],[22.07465519115822,65.40614747016139],[22.073800412528858,65.40618765989664],[22.074420717756535,65.40687988451965],[22.073614139833506,65.40709815315452],[22.07342785594152,65.408008646281],[22.07176638509915,65.4082670889111],[22.068780718201985,65.41003049321151],[22.068208675184184,65.40951632676585],[22.06574032103132,65.40999294133033],[22.063127390457858,65.40993526459714],[22.061989463509374,65.4105297046914],[22.061134518746243,65.41056982421595],[22.061230816988395,65.41092599359031],[22.06004466129161,65.4113423350923],[22.05828657781766,65.41124446206737],[22.058425276585698,65.41015589668305],[22.05709474656618,65.4100379574988],[22.056907871833772,65.41094843587675],[22.054439168101776,65.41142486879035],[22.05458348596132,65.41195913048813],[22.053728480954415,65.4119992085989],[22.05225892079082,65.41296979098627],[22.049838017810234,65.4136242394433],[22.048368223414492,65.41459478615478],[22.04627851892554,65.41487297696268],[22.04637463464685,65.41522915756265],[22.041243831261326,65.41546928165074],[22.03962956759198,65.41590547019008],[22.039533540419935,65.41554928444077]],[[22.048268241656558,65.44309333467308],[22.050028442397394,65.44319130402586],[22.052024034145635,65.44255686519288],[22.05330804030557,65.44249674625071],[22.052692848067228,65.443427262937],[22.04988929496988,65.44427986555438],[22.04856226271603,65.44578469461631],[22.045993895398794,65.44590484423306],[22.04522900126838,65.44467823536307],[22.04598884573349,65.4442820156005],[22.04584448783832,65.44374774628704],[22.048268241656558,65.44309333467308]],[[22.045315231165834,65.44178875705595],[22.04474787639719,65.44289733403122],[22.042703980835157,65.4433535876329],[22.04293961554615,65.44262121180614],[22.045315231165834,65.44178875705595]],[[22.033789526044227,65.39904649087626],[22.03293490309801,65.39908644738897],[22.03288697174376,65.39890835155792],[22.033693652640093,65.39869029984524],[22.033789526044227,65.39904649087626]],[[22.02338101329991,65.416664547161],[22.024236226249048,65.41662463914064],[22.024523707758167,65.41769323116338],[22.02328874333583,65.41793119340686],[22.023384560540926,65.418287391502],[22.02428774177108,65.41842558164005],[22.02091453157706,65.41876328817729],[22.021102701531102,65.41785284214922],[22.02338101329991,65.416664547161]],[[22.020880843720853,65.4025348254845],[22.020453463972288,65.40255476840629],[22.020357755966213,65.40219856732016],[22.020880843720853,65.4025348254845]],[[21.99361587067213,65.39767351076205],[21.993663533003645,65.39785162164297],[21.99323620450687,65.39787148690515],[21.99361587067213,65.39767351076205]],[[21.97310417628309,65.40187142839747],[21.972676763585373,65.40189123617407],[21.972629234728906,65.40171311739624],[21.97310417628309,65.40187142839747]],[[21.931725514461107,65.41225793833763],[21.931297894975824,65.41227763075204],[21.931250624178396,65.41209949653165],[21.931725514461107,65.41225793833763]],[[21.916331991891848,65.43748785731036],[21.91590394696239,65.43750751009489],[21.915856725746607,65.43732937065964],[21.916331991891848,65.43748785731036]]],[[[22.017717587484384,65.41456422233419],[22.018434695951985,65.41437060295277],[22.018291097932675,65.41383629981192],[22.01909835779553,65.41361832068688],[22.017457438973537,65.4135975178316],[22.017717587484384,65.41456422233419]]],[[[22.1088411,65.43121499],[22.112932411409325,65.43067486800477],[22.112116346452027,65.42927055976025],[22.111163824627518,65.4289548387241],[22.111203319771597,65.42751011631464],[22.107869859392267,65.42640504261222],[22.1088411,65.43121499]]],[[[22.019194099084995,65.41397452219567],[22.01914622808138,65.41379642145256],[22.018718663365895,65.41381636123496],[22.019194099084995,65.41397452219567]]],[[[21.915010788367947,65.39816975364266],[21.9148830250503,65.39824745893249],[21.91502956477157,65.39824072401535],[21.915010788367947,65.39816975364266]]]]}},{"type":"Feature","properties":{"cyano_daymap_file_id":4131,"date":"2018-07-08Z","cloud":null,"sub_surfac":null,"surface":null,"no_data":null,"class":1,"color_hex":null,"algae_class":"class_1","source_date":"2018-07-08"},"geometry":{"type":"MultiPolygon","coordinates":[[[[22.751548359999997,65.69734652],[22.68681071,65.70064148],[22.696549960567992,65.73320838794575],[22.7107938778677,65.7308010551863],[22.7169667140691,65.7103161878469],[22.7354728450427,65.7111853927368],[22.7390399327984,65.7110226303001],[22.745418013632495,65.709109227441],[22.747244315396795,65.7065474501637],[22.747715649125997,65.69814462065249],[22.75178767947594,65.69814043732819],[22.751548359999997,65.69734652]],[[22.739206128931322,65.70755892602719],[22.73936655839434,65.70809233831338],[22.7374210262465,65.70891370901663],[22.736125346868786,65.70897978721419],[22.73628994812207,65.7080687359335],[22.737857056704247,65.70744721399123],[22.739206128931322,65.70755892602719]],[[22.705228415095817,65.70098444071614],[22.708304189778943,65.70100868003522],[22.708517183520126,65.7017199490163],[22.705813945929133,65.70294044361181],[22.70322298387343,65.70307204631924],[22.70338872320655,65.70216101923216],[22.705228415095817,65.70098444071614]],[[22.701980700674216,65.70331565114014],[22.703814476378223,65.70358357307082],[22.7037551945557,65.70485023883455],[22.700193898445757,65.70467001416857],[22.699981104113686,65.7039587314837],[22.701980700674216,65.70331565114014]],[[22.698318369184445,65.72624718360252],[22.69859086277509,65.72569180053382],[22.699455284597903,65.72564795637243],[22.701071460605757,65.7266490998683],[22.701444304864133,65.72789383735993],[22.700147564422164,65.72795961980364],[22.698318369184445,65.72624718360252]],[[22.699715315993316,65.72798154484558],[22.69928306675713,65.72800346866781],[22.699229815457215,65.7278256482012],[22.699715315993316,65.72798154484558]],[[22.69364291481641,65.709154351741],[22.696287728358598,65.70920072765381],[22.697796320589777,65.70984627375834],[22.69816871604116,65.71109102362985],[22.69557689143898,65.71122250482645],[22.693742647790806,65.71095448828102],[22.692719211838664,65.71046482438926],[22.692506565534153,65.70975352970567],[22.69364291481641,65.709154351741]]],[[[22.61098488,65.74056407],[22.61262989474152,65.74611204301976],[22.632172767779213,65.73949615245837],[22.61098488,65.74056407]]],[[[22.61889518,65.76724233],[22.553962170000002,65.77048271],[22.555455516540004,65.77555442800445],[22.55587619122728,65.7758158807777],[22.55798895548997,65.77553040143273],[22.55863158441463,65.77622038914852],[22.561072543412504,65.77555758640258],[22.562476467387892,65.77584873783037],[22.561610409692925,65.77589180716336],[22.561715254979333,65.77624756029792],[22.56019275979139,65.7770451945262],[22.55802749774765,65.77715282735579],[22.556282554795217,65.77836322334905],[22.55658096,65.77937667],[22.612592392255284,65.77658260151057],[22.610304811475142,65.77562834459158],[22.60852015557617,65.7755371626433],[22.606893709975925,65.7759795334102],[22.602300300326004,65.77530679025617],[22.602311674195136,65.7738622633846],[22.603832656377392,65.77306422365814],[22.604698534224752,65.77302091620484],[22.60275598157449,65.77239608775527],[22.602387123295017,65.77115106943467],[22.603200243184435,65.7709299112991],[22.603094852183297,65.7705741922085],[22.605586807069198,65.77008855316964],[22.60839504037336,65.77067001903598],[22.60914435564664,65.77171549609277],[22.608436734144057,65.7722924003465],[22.60757088827995,65.7723357287206],[22.6082674856071,65.77320335229619],[22.60913335916944,65.77316001968785],[22.61059042146173,65.77362858090336],[22.612322184530974,65.77354188421101],[22.61291343240685,65.77405377335428],[22.61421227026682,65.77398873272638],[22.61448687034718,65.77343348585198],[22.619249108637966,65.77319490193415],[22.62038942395917,65.77259625100609],[22.623366971442085,65.77226647489996],[22.622828394817002,65.77193247930869],[22.623641356857224,65.77171121368451],[22.62629158158069,65.77175879150909],[22.62688306103125,65.77227062412608],[22.62823463875212,65.77238331486781],[22.628499010608692,65.77327256000505],[22.627791787587515,65.77384955013574],[22.629735040907256,65.77447405241317],[22.63060091368873,65.77443059783995],[22.630706702723852,65.77478629390929],[22.63222684035654,65.77398797929378],[22.63401145594782,65.77407888403562],[22.633251424458113,65.77447805176581],[22.633083046225874,65.7753890225305],[22.633674746924974,65.77590082658485],[22.634540659595174,65.77585734922839],[22.635830036690635,65.77723663437803],[22.63669598981507,65.77719314437097],[22.637350152595445,65.77643826886415],[22.639461995279834,65.77615166951772],[22.64211269070334,65.77619896748217],[22.64291652593064,65.77742210617208],[22.64215653955028,65.77782131786856],[22.638692667718605,65.77799537307074],[22.637932598145746,65.7783945645378],[22.637817324064162,65.7794833839639],[22.635695708753623,65.78121447377237],[22.636234651190886,65.78154842024493],[22.63357381303815,65.78294553686939],[22.634367723697483,65.78451525309279],[22.64342632466962,65.78405982726217],[22.64538691747289,65.78236438831038],[22.6575697113765,65.7756053006684],[22.655942426430705,65.77440593372486],[22.643183609999994,65.77504827],[22.642809317204197,65.77379092838014],[22.64062040802032,65.77266385486645],[22.642318858004092,65.77214335521806],[22.64133650143154,65.77064230074231],[22.641831853371794,65.77050738679948],[22.640158486072345,65.76488613420128],[22.629626611492498,65.76057883753],[22.614929786506174,65.75386865281575],[22.61889518,65.76724233]],[[22.61448687034718,65.77343348585198],[22.614001157894506,65.77327731299592],[22.614434090525815,65.77325563105946],[22.61448687034718,65.77343348585198]],[[22.613515451301623,65.77312113853354],[22.613948381804093,65.77309945799816],[22.614001157894506,65.77327731299592],[22.613515451301623,65.77312113853354]],[[22.634588508634472,65.76863479390252],[22.63377573976825,65.76885611598948],[22.633669937675148,65.768500422196],[22.634588508634472,65.76863479390252]],[[22.631274701525776,65.77078672194695],[22.63138048188493,65.77114241762641],[22.630947601833856,65.77116414717901],[22.631274701525776,65.77078672194695]],[[22.622521657466176,65.76942085365417],[22.622954516811053,65.76939914824474],[22.623007345850063,65.76957699958912],[22.622521657466176,65.76942085365417]],[[22.624738786926727,65.76949016501761],[22.62571019828146,65.76980244085985],[22.626523068443145,65.76958116078322],[22.627220219453385,65.77044869214659],[22.629110322533084,65.77089535569795],[22.627431668313168,65.77116009017703],[22.627325942278787,65.7708043912141],[22.626460184503777,65.7708478260304],[22.625435875631737,65.77035770516618],[22.624137254501157,65.77042283928307],[22.625330181049613,65.77000200450635],[22.624464446146415,65.77004542775502],[22.623007345850063,65.76957699958912],[22.624738786926727,65.76949016501761]],[[22.62539312102235,65.76873533917298],[22.625445965227325,65.76891318951945],[22.625013116550356,65.7689349018998],[22.62539312102235,65.76873533917298]],[[22.55928803354774,65.77546582653903],[22.557451143325633,65.77519616735736],[22.55869780629849,65.77495371939582],[22.55928803354774,65.77546582653903]]],[[[22.62417873,65.78502751000002],[22.628438670716005,65.78481333928589],[22.629127366536064,65.78425167593048],[22.628704130067188,65.78282888754295],[22.623341882719664,65.78221164388505],[22.62417873,65.78502751000002]]],[[[22.625868747737947,65.77033599135052],[22.625815897117086,65.77015814121314],[22.625435875631737,65.77035770516618],[22.625868747737947,65.77033599135052]]],[[[22.56031131718178,65.77595640199473],[22.561177379651657,65.77591333999622],[22.56112496113419,65.77573546321229],[22.56031131718178,65.77595640199473]]]]}},{"type":"Feature","properties":{"cyano_daymap_file_id":4131,"date":"2018-07-08Z","cloud":null,"sub_surfac":null,"surface":null,"no_data":null,"class":1,"color_hex":null,"algae_class":"class_1","source_date":"2018-07-08"},"geometry":{"type":"MultiPolygon","coordinates":[[[[22.383280509999995,65.78788673],[22.37305184,65.75229644],[22.39469191,65.75124513],[22.38446496,65.71565559],[22.395641849483486,65.71511113684682],[22.396754956647193,65.71452981457261],[22.39660154286876,65.71399597871782],[22.39789801105563,65.71393280491283],[22.397261291543167,65.7132420839712],[22.398557720029682,65.71317890493211],[22.397972145417995,65.71266613154158],[22.39883641122655,65.71262400956533],[22.39868296811888,65.7120901760948],[22.397716439985302,65.71177640722867],[22.39740961903327,65.71070873723474],[22.396545414375566,65.71075085050843],[22.39601106095285,65.71041601407669],[22.393037459853772,65.71074130798873],[22.389176066584593,65.71255323799049],[22.386532145854325,65.71250147572358],[22.386327896102504,65.7117896778658],[22.388944164326894,65.71021887416153],[22.388484519356933,65.70861733668568],[22.390110656519795,65.70817730182635],[22.390821538889067,65.70760138252827],[22.391685649622985,65.7075593026881],[22.391583475828384,65.70720340772876],[22.39287961860797,65.70714027986305],[22.394352275023753,65.70616636054694],[22.395978156606954,65.70572626546002],[22.397808480167853,65.70599793383207],[22.398570261499952,65.70559992555745],[22.402407210347956,65.7052323902162],[22.403255376811433,65.70479331726686],[22.402598850339,65.70250827072758],[22.398286486667185,65.70308763848834],[22.39825836322013,65.70146507525453],[22.399883884463346,65.70102494193922],[22.400543226950614,65.70027103692013],[22.401852968587104,65.69991222230082],[22.39584866,65.67901417],[22.41742643,65.67796024],[22.412310889999997,65.66016634],[22.43387218,65.65911023],[22.436436249999996,65.66800677],[22.45800287,65.66694719],[22.459175576239332,65.67100133164543],[22.460184828448874,65.67028225393096],[22.4632043732564,65.67013362183884],[22.463307353919724,65.67048946053659],[22.464170085633246,65.67044698257104],[22.46606935367808,65.66945117555248],[22.470002976038025,65.66943783421357],[22.470331244876487,65.66906074412167],[22.47205658240918,65.66897570476962],[22.472417434056712,65.67022111473446],[22.472797231364652,65.6700219351691],[22.47716227185867,65.66998714262594],[22.47726544332446,65.67034296996181],[22.475868234544787,65.67005096780453],[22.474194405526035,65.67031396591284],[22.474986755205837,65.67153809918359],[22.473744199463447,65.67177982171975],[22.473519079078816,65.67251274929622],[22.472276462613642,65.67275446043134],[22.472810981186704,65.67308902714258],[22.471999735739477,65.67330947060962],[22.47210285228794,65.67366530199668],[22.471240029163162,65.67370782591512],[22.47198079202349,65.67475405917277],[22.471502701335595,65.67530317849119],[22.52528612,65.67264490000001],[22.522691029999994,65.66375016999999],[22.479567539999998,65.66588455999998],[22.47698893,65.65698889],[22.455431530000002,65.65805108],[22.452862129999996,65.64915491],[22.431310039999996,65.65021362],[22.426191569999997,65.63242022],[22.471433428443476,65.63018494986564],[22.474568250352842,65.62933175346207],[22.47441384404991,65.62879800623033],[22.475602879958632,65.62837838328356],[22.476206796145906,65.62744627455578],[22.47772340043144,65.62664953849271],[22.47858464810091,65.62660699344048],[22.478481667806562,65.62625116512366],[22.481116864530357,65.62630141604109],[22.4816505020459,65.6266359603966],[22.481875068871673,65.62590302634204],[22.480531738247368,65.6257889563239],[22.481135421105456,65.62485683031363],[22.481996602633885,65.62481426655336],[22.481893584190754,65.62445844093496],[22.48313381652614,65.62421667491618],[22.483409840843578,65.62366165150648],[22.484701545833016,65.62359778533953],[22.48432250138177,65.62379698714781],[22.484959183597617,65.62448734357001],[22.48420106771633,65.6248857477972],[22.48483777517366,65.62557610447831],[22.486129571082166,65.625512225244],[22.48597495470573,65.6249784918865],[22.48678458767823,65.6247579898907],[22.489798658893537,65.62460888374817],[22.491245110342053,65.6250786900241],[22.49377701678557,65.62477290442436],[22.494310782490427,65.62510740296128],[22.496894264527885,65.6249794732724],[22.497428074237693,65.62531396040114],[22.49866819465064,65.62507206851062],[22.498823072370765,65.6256057863076],[22.499150400065936,65.62522864339537],[22.499684243752824,65.62556312224548],[22.50049377374514,65.62534254812138],[22.50064869089894,65.6258762636601],[22.49989078146391,65.62627474421645],[22.50009733164844,65.62698636578263],[22.50106183761453,65.62729950398344],[22.49933938210387,65.62738484398692],[22.49949429022537,65.62791856079748],[22.49647990223183,65.62806786273526],[22.497926667850894,65.62853760216643],[22.496731513114124,65.62893504424578],[22.50131060953486,65.62870880425864],[22.500131480628838,65.62860884844919],[22.500458824488838,65.62823170254943],[22.501371730401342,65.62836693316316],[22.50146871940408,65.62870099250465],[22.533860049999998,65.62710063],[22.531267500000002,65.61820602000002],[22.48822043,65.62034209],[22.485644299999993,65.61144653999999],[22.43906605214251,65.61374071284652],[22.436897474074353,65.6153075282446],[22.437532683145896,65.61599809816843],[22.436774065461808,65.61639627028688],[22.436978793374767,65.61710799557724],[22.43541027988598,65.6177263996255],[22.43475392151886,65.61848042627994],[22.43255009738232,65.61840822019911],[22.432652411525464,65.61876408622363],[22.431842485782703,65.61898430217165],[22.43440455308725,65.62030204435759],[22.433799275516353,65.62123400003458],[22.432989283916193,65.62145422275985],[22.43309161852638,65.62181008828509],[22.431420415871685,65.62207258907071],[22.430056071012185,65.62340267581938],[22.429194834074046,65.6234449452809],[22.428917645071852,65.62399988143316],[22.4262099855852,65.62521539455432],[22.426896306073075,65.62608394462768],[22.422107838405214,65.62613833598652],[22.41886677321741,65.62701896209585],[22.418180693164008,65.6261503733262],[22.420151659796314,65.62388848128938],[22.41923532391365,65.62373887065516],[22.40210298,65.62457779],[22.40465206,65.63347502],[22.38311063,65.63452679],[22.385654379999995,65.64342438999999],[22.342551239999995,65.64551967],[22.347615449999996,65.66331640999998],[22.390222687921536,65.66124497169012],[22.39007369981466,65.66072479087084],[22.39217909124376,65.66044168261466],[22.392406437494014,65.65970885419966],[22.393598230797483,65.65928984701533],[22.394511719510092,65.65942571468463],[22.394840979250166,65.65904877819523],[22.39699718782196,65.65894355220865],[22.397224386493534,65.65821071803352],[22.40498635446029,65.65783164319008],[22.405797713515533,65.6576115565047],[22.405593455657627,65.65689978456278],[22.409525290623787,65.65688802668123],[22.412390298213122,65.65620659259542],[22.418857900000887,65.65589008550747],[22.420787223005398,65.6565173852016],[22.42104306362627,65.65740706940753],[22.419369453390523,65.65766946124974],[22.419902975492793,65.65800422380784],[22.418660522068357,65.65824549476892],[22.41881399268813,65.65877930782615],[22.415693189988744,65.6585711698573],[22.410269300930633,65.66100176014723],[22.410144664282132,65.66209049256727],[22.408726123959866,65.66324247683319],[22.406138311441705,65.66336894771754],[22.405809166376855,65.66374590756243],[22.40360153604939,65.66367331848123],[22.40337447954482,65.66440616078961],[22.40466844912739,65.66434295377768],[22.404339270887423,65.6647199107635],[22.401166797556908,65.66433353683269],[22.401064698728234,65.66397764748903],[22.397131770000044,65.6639891970747],[22.393477169586635,65.663445762805],[22.392155657454822,65.66188630435488],[22.390884592336526,65.66169724480335],[22.3932972,65.67011682],[22.371724779999997,65.67116728],[22.372752237324725,65.67203329093475],[22.37198319269785,65.6720706852643],[22.37681506,65.68896279],[22.365826987946075,65.68949633134933],[22.366566216483836,65.69019636457797],[22.36575350427932,65.6904162548597],[22.365956985934265,65.69112808782107],[22.364763293328448,65.69154689661363],[22.364484068056203,65.69210173471889],[22.363188594513296,65.69216461410754],[22.36382385918325,65.69285549175535],[22.363163612884218,65.69360924628845],[22.36186806010031,65.6936721151981],[22.361969761405046,65.69402803469494],[22.361156890004622,65.69424790195477],[22.361461982011864,65.6953156617817],[22.362274883798726,65.69509579259527],[22.362529173636496,65.69598559016924],[22.363545552759007,65.69647755149926],[22.362453300940363,65.69725226306218],[22.362479155586172,65.69887485481128],[22.36118333742152,65.69893772047257],[22.361285054214132,65.69929364027172],[22.360421159913376,65.69933554530732],[22.358947579976167,65.7003091449989],[22.359633796935512,65.70117799987834],[22.35871899050798,65.70104193532529],[22.358524333675057,65.7015574346342],[22.360309559999997,65.70780719999999],[22.33870413,65.70885329],[22.339738381893866,65.71248046192453],[22.340976122697956,65.71254611186262],[22.341712846292868,65.71359301760697],[22.340210543563252,65.71413635596852],[22.341241419999996,65.71775168999999],[22.320829758468733,65.71873709345185],[22.320934913958748,65.71910676006587],[22.31980236710857,65.71941236944292],[22.322158659999996,65.72769393999998],[22.343780629999998,65.72665004],[22.34697748338665,65.73783586737724],[22.349488314182004,65.73775450441885],[22.349717432456035,65.73702172291868],[22.35213478942488,65.73780688565071],[22.350887868969433,65.73804764552507],[22.350989629246715,65.73840357174656],[22.349793542303853,65.73882228619512],[22.349997043150616,65.7395341402214],[22.349131782325628,65.73957599437941],[22.348800888236738,65.73995284752883],[22.349487897514443,65.74082174040005],[22.35030231757178,65.740601920524],[22.350454965201298,65.74113581034369],[22.351320275658765,65.74109394818673],[22.351574733103135,65.74198376233244],[22.35076028130048,65.74220358931983],[22.35086205950889,65.74255951544866],[22.34999669909613,65.74260137548478],[22.348746367254357,65.74402521271197],[22.35140983,65.7533447],[22.340266071299556,65.75388283938653],[22.339071449890593,65.75503726672969],[22.338205648546722,65.7550790640172],[22.332856106461225,65.75786308892614],[22.33199019830344,65.75790485191918],[22.330974033058776,65.75862314129202],[22.332305480000002,65.76328843],[22.32401056280991,65.76368781816502],[22.32469794455873,65.76619475558348],[22.323882501217323,65.76641444833385],[22.323347881871413,65.76607935946284],[22.322048577439595,65.76614192529682],[22.317178900042066,65.76908255771761],[22.315063813207175,65.76936471977142],[22.314298887804764,65.7697623397652],[22.31294867852064,65.76964685293247],[22.31226699861609,65.77000116529716],[22.313186460000004,65.7732299],[22.334847000000003,65.77218690000001],[22.337390449999994,65.78108529999999],[22.34903874209313,65.78052267451778],[22.35096274374948,65.77972223309423],[22.355627002765704,65.77913592565535],[22.35659560955653,65.77944994170385],[22.35660688229518,65.78015712491647],[22.359056410000004,65.78003881000001],[22.361609149999996,65.78893671999998],[22.383280509999995,65.78788673]],[[22.52420684495385,65.62127812589064],[22.52398351134834,65.6220111100794],[22.523553008966328,65.62203251085033],[22.52339764916649,65.62149882317911],[22.52420684495385,65.62127812589064]],[[22.52360479712968,65.6222104066899],[22.523433229138885,65.62312128611963],[22.52191825738773,65.62391846254977],[22.519335029522548,65.62404681582406],[22.51907622058479,65.62315732783469],[22.519937270712223,65.62311455002602],[22.520969978259743,65.62216088998322],[22.52360479712968,65.6222104066899]],[[22.52351742700104,65.62041004796383],[22.523569211024096,65.62058794385615],[22.522708251793873,65.62063074136721],[22.52351742700104,65.62041004796383]],[[22.51492611922986,65.62390484218365],[22.517027073870892,65.62362004814237],[22.517302363091982,65.62306497050588],[22.518542182033908,65.62282291919253],[22.518302190079012,65.6250004660651],[22.517321030835564,65.6261320083464],[22.51489277185871,65.6267939838012],[22.514685818394767,65.62608238643763],[22.513290624245887,65.62579070836381],[22.51346256157531,65.62487983670327],[22.51492611922986,65.62390484218365]],[[22.50857127738852,65.6245811506715],[22.512928557503233,65.62454540795207],[22.51303200123974,65.62490120819659],[22.512170878226122,65.62494394754067],[22.511516602596686,65.62569828502585],[22.51149974209348,65.62714285733625],[22.509071235724303,65.62780474209428],[22.507624316016823,65.62733511048232],[22.507107440343997,65.62555608667878],[22.50857127738852,65.6245811506715]],[[22.508846757621768,65.62402608646785],[22.508898449915012,65.62420398828633],[22.508467896252665,65.62422534675912],[22.508846757621768,65.62402608646785]],[[22.506280601557815,65.62270964332323],[22.506332273131193,65.62288754622297],[22.505901738733584,65.62290889721952],[22.506280601557815,65.62270964332323]],[[22.503473029397632,65.67319861630622],[22.503317713450723,65.67266490757002],[22.50504316016576,65.67257949251056],[22.505146726610743,65.67293529695233],[22.503473029397632,65.67319861630622]],[[22.503542442925937,65.62230401802455],[22.50359409478654,65.62248192205409],[22.503163564396523,65.6225032652392],[22.503542442925937,65.62230401802455]],[[22.50116513209084,65.62765531381123],[22.50326655078968,65.62737070570422],[22.502181331699607,65.62814634931914],[22.5008894524613,65.62821036606348],[22.50116513209084,65.62765531381123]],[[22.502629741867395,65.62216879842343],[22.50268138715731,65.62234670282947],[22.502250858103547,65.62236804341082],[22.502629741867395,65.62216879842343]],[[22.50030389430749,65.62769798694403],[22.500355536921525,65.62787589217113],[22.499924913963294,65.62789722709151],[22.50030389430749,65.62769798694403]],[[22.499994946088268,65.62211891716204],[22.500046573225465,65.62229682264673],[22.49875497838277,65.62236081836812],[22.499994946088268,65.62211891716204]],[[22.49860012536913,65.62182710025861],[22.498703359932357,65.6221829123569],[22.49736015777924,65.62206899006193],[22.49677481446819,65.62155659518068],[22.49860012536913,65.62182710025861]],[[22.49734249858434,65.62351356874706],[22.49739411090583,65.62369147528322],[22.496532997006234,65.6237341257704],[22.49734249858434,65.62351356874706]],[[22.496842652544455,65.62480156656221],[22.49727322726077,65.62478024087294],[22.497324842140493,65.62495814740763],[22.496842652544455,65.62480156656221]],[[22.496757121318193,65.62300117413567],[22.496808728406414,65.62317908092314],[22.495947630324466,65.62322172792919],[22.496757121318193,65.62300117413567]],[[22.4965846043148,65.62391203263225],[22.496154043300283,65.62393335622998],[22.496102438887778,65.62375544919269],[22.4965846043148,65.62391203263225]],[[22.496344292657067,65.62157791892585],[22.49591377006704,65.621599241457],[22.49586217288523,65.62142133426659],[22.496344292657067,65.62157791892585]],[[22.48642692670789,65.67025169954691],[22.48556424546686,65.67029430339711],[22.48616869076868,65.66936214969071],[22.48822198952714,65.66889980479478],[22.48804895983578,65.66981065878154],[22.486754963622413,65.66987457628086],[22.48642692670789,65.67025169954691]],[[22.488859955438322,65.66959013211317],[22.48875662851514,65.66923431420165],[22.48961926818085,65.66919169263734],[22.48977427718265,65.66972541841314],[22.488583616140307,65.67014516862581],[22.488307265646696,65.67070020474766],[22.487444573208133,65.67074281938642],[22.48804895983578,65.66981065878154],[22.488859955438322,65.66959013211317]],[[22.484804598605123,65.62395360870738],[22.485235171171972,65.62393231720611],[22.4852867016213,65.62411022867701],[22.484804598605123,65.62395360870738]],[[22.482651724103146,65.62406004799918],[22.482600211810304,65.62388213545204],[22.483030785369795,65.62386085019742],[22.482651724103146,65.62406004799918]],[[22.48098091198714,65.62432309079747],[22.481411494450192,65.62430181004989],[22.481462999608688,65.62447972307201],[22.48098091198714,65.62432309079747]],[[22.481032414249018,65.62450100399472],[22.481083917288448,65.62467891716678],[22.480653328254537,65.62470019705026],[22.481032414249018,65.62450100399472]],[[22.480704829174833,65.62487811037221],[22.480274236466656,65.62489938921642],[22.480222738443107,65.62472147571938],[22.480704829174833,65.62487811037221]],[[22.480583240936227,65.62596686966987],[22.480152630069128,65.62598814835025],[22.48010113027728,65.62581023482922],[22.480583240936227,65.62596686966987]],[[22.47769679335151,65.67032169211771],[22.47774838316272,65.67049960557246],[22.477317030227606,65.6705208835919],[22.47769679335151,65.67032169211771]],[[22.47190194339684,65.66844195726415],[22.471953488954746,65.66861987312446],[22.47152216155645,65.6686411344375],[22.47190194339684,65.66844195726415]],[[22.46952010188263,65.66928117333191],[22.469468571433634,65.66910325649609],[22.46989990854474,65.66908200091734],[22.46952010188263,65.66928117333191]],[[22.463152884092846,65.66995570245233],[22.463584241613834,65.66993446460312],[22.463635733685734,65.67011238381464],[22.463152884092846,65.66995570245233]],[[22.425212800411046,65.64150421430006],[22.42526396166577,65.64168214975304],[22.424402109171183,65.64172439810385],[22.425212800411046,65.64150421430006]],[[22.4246778847215,65.63052339506896],[22.424729016252655,65.63070133099681],[22.424298271991027,65.63072245246443],[22.4246778847215,65.63052339506896]],[[22.411531307139533,65.64560265062559],[22.41072036903173,65.64582276379325],[22.410085090771936,65.64513208231558],[22.4114515518858,65.64380215430795],[22.41614111764861,65.6433921884022],[22.41852240423917,65.64255381495634],[22.419384295784678,65.6425115996026],[22.420830526881335,65.64298207917818],[22.42062599566388,65.64227033016255],[22.42138560109524,65.64187222903735],[22.42245203588783,65.64254174413902],[22.423313919331537,65.64249950655399],[22.423416221318185,65.64285537892547],[22.420655241995785,65.6438928782109],[22.419822509181493,65.64555764985396],[22.416403519843307,65.64734904732995],[22.413437397861856,65.64767466639853],[22.41183778208301,65.64667029559305],[22.411531307139533,65.64560265062559]],[[22.421049404382117,65.6285359709338],[22.42194008720107,65.63011629354385],[22.42112971785619,65.63033645668581],[22.42090339630769,65.63106931793001],[22.420041887316323,65.6311115381262],[22.420370436358812,65.63073455332858],[22.419078186797964,65.63079787711236],[22.41947982529982,65.62915422079547],[22.421049404382117,65.6285359709338]],[[22.416316559241558,65.64248139303545],[22.416367661859486,65.64265933206465],[22.41593671106688,65.64268043183894],[22.416316559241558,65.64248139303545]],[[22.40302246474942,65.66622773248815],[22.40264217426194,65.66642674237438],[22.402540045266306,65.6660708543199],[22.40302246474942,65.66622773248815]],[[22.372738662824403,65.72706515098362],[22.373171061342727,65.7270441597001],[22.373222068353517,65.72722211413722],[22.372738662824403,65.72706515098362]],[[22.374366223006977,65.72662527061617],[22.374162173784956,65.72591345450341],[22.378002510138046,65.72554650188486],[22.378765162583203,65.72514858434427],[22.37823072739573,65.72481368627342],[22.37952779163389,65.72475066320955],[22.380113291813,65.7252635082893],[22.380978013434092,65.72522148332772],[22.381308256777523,65.72484456660877],[22.38395343864159,65.7248964073603],[22.383725383849896,65.72562922996856],[22.385863559640576,65.72696872956736],[22.384896614885754,65.72665488332834],[22.384031853011482,65.72669693094522],[22.384134015593244,65.72705283107287],[22.381921001056167,65.72697997956789],[22.381362601336658,65.72808971766752],[22.380014318738365,65.72797480628086],[22.379251604862358,65.728372730676],[22.37945581750156,65.72908453837037],[22.378107490171562,65.72896961052864],[22.37647985045281,65.7294095316719],[22.375029468438978,65.72893867025478],[22.373299750298713,65.72902265034124],[22.373222068353517,65.72722211413722],[22.374366223006977,65.72662527061617]],[[22.38502247286049,65.72556615983653],[22.385073557891264,65.72574410954041],[22.384641192737774,65.72576513431206],[22.38502247286049,65.72556615983653]],[[22.381331669794427,65.74631496119797],[22.38138277876835,65.74649291190082],[22.38095006289771,65.7465139295953],[22.381331669794427,65.74631496119797]],[[22.37957366186116,65.74477644796796],[22.380108543039714,65.74511133697413],[22.38097392868579,65.74506930558508],[22.380847851584267,65.74615802781753],[22.37911700378548,65.74624208498739],[22.37878647191555,65.74661899973891],[22.377921030096623,65.74666101924285],[22.377641560496663,65.74721588380939],[22.37509622718244,65.74751986199378],[22.374789830036327,65.74645214237766],[22.37957366186116,65.74477644796796]],[[22.37885173442322,65.68111899986168],[22.379079607662298,65.68038618626936],[22.380374446091867,65.68032317769503],[22.37971498566163,65.68107699641472],[22.37885173442322,65.68111899986168]],[[22.355772499910163,65.65698059388775],[22.35782725652573,65.65651999788058],[22.360110171075256,65.6553265861296],[22.36350910145072,65.65498104103479],[22.36201294242713,65.65739927942502],[22.359780692713805,65.6587706820748],[22.356330482602615,65.65893818629318],[22.354884481026193,65.65846709019738],[22.35468161159472,65.65775523639313],[22.355772499910163,65.65698059388775]],[[22.362083296311308,65.734257857124],[22.36213424414036,65.73443581584569],[22.3617017112465,65.73445677707834],[22.362083296311308,65.734257857124]],[[22.360709740875677,65.73558740941557],[22.360811624704397,65.73594332787447],[22.36037906530201,65.73596428560637],[22.360709740875677,65.73558740941557]],[[22.35972462346363,65.76125582376926],[22.360157607078182,65.76123486379231],[22.360259605037037,65.7615907814916],[22.35972462346363,65.76125582376926]],[[22.358043665187658,65.76151761117603],[22.359877612761487,65.76178970080097],[22.358196621600204,65.76205149021261],[22.358043665187658,65.76151761117603]],[[22.358648819967645,65.73604810431938],[22.358750677610942,65.73640402441058],[22.358318108491137,65.7364249763813],[22.358648819967645,65.73604810431938]],[[22.353433048141053,65.71013898459168],[22.353483879367936,65.71031694734937],[22.353051741078584,65.7103378801801],[22.353433048141053,65.71013898459168]],[[22.350836093203892,65.75013861869071],[22.351268899187797,65.75011768568662],[22.35131981016305,65.7502956483739],[22.350836093203892,65.75013861869071]],[[22.35131981016305,65.7502956483739],[22.3525673125043,65.75005487934055],[22.35266915281511,65.75041080365253],[22.351854448436562,65.75063063892935],[22.35131981016305,65.7502956483739]],[[22.349975943636533,65.71030641169463],[22.350306465148645,65.7099295595697],[22.352517952020573,65.71000288555987],[22.350941852549987,65.71062048980276],[22.349975943636533,65.71030641169463]],[[22.35223828542263,65.71055770543289],[22.35228910942566,65.71073566865974],[22.351424815771008,65.71077752647184],[22.35223828542263,65.71055770543289]],[[22.35193111559333,65.74016226811173],[22.35203290025151,65.74051819339776],[22.351600255739413,65.74053912701197],[22.351065837512564,65.74020413342673],[22.35193111559333,65.74016226811173]],[[22.34862017052801,65.6533582654846],[22.347098003242802,65.65415376417434],[22.345804373405542,65.65421647746213],[22.34565243698181,65.65368257592958],[22.347605809943282,65.65286618467415],[22.34862017052801,65.6533582654846]],[[22.345018112150203,65.71289187527229],[22.345068892028095,65.71306984133713],[22.344636699590463,65.71309075078965],[22.345018112150203,65.71289187527229]],[[22.34227268109895,65.71248341120065],[22.34130680352255,65.71216927775134],[22.343950643909338,65.71222182672683],[22.34227268109895,65.71248341120065]],[[22.3443320493969,65.71202295299739],[22.344382822505775,65.71220091935739],[22.343950643909338,65.71222182672683],[22.3443320493969,65.71202295299739]],[[22.314732058317617,65.76974150707932],[22.314782763962175,65.76991948391422],[22.314349590512116,65.76994031677233],[22.314732058317617,65.76974150707932]]],[[[22.421080829999998,65.61462656],[22.42214467034543,65.61833185343983],[22.42335546121447,65.61831812801923],[22.42725187077946,65.616683424744],[22.42704741315671,65.61597168364928],[22.42775505426557,65.61539562375384],[22.429046512816154,65.6153322339279],[22.42922136748719,65.61442142947101],[22.433044414476583,65.61405325840006],[22.434919734311734,65.61450247386196],[22.435196704496292,65.61394752891923],[22.436795118231696,65.6149516654986],[22.437357395935177,65.61382487128648],[22.421080829999998,65.61462656]]],[[[22.359001624798367,65.6898277464917],[22.360317760672466,65.68977794430536],[22.360347542807755,65.68976239354285],[22.359001624798367,65.6898277464917]]],[[[22.483994972897754,65.62417410006343],[22.484098018751308,65.62452992398076],[22.484528601563422,65.62450863438255],[22.483994972897754,65.62417410006343]]],[[[22.471117932429017,65.6747965827595],[22.471169487824703,65.67497449878985],[22.47160092092121,65.6749532374299],[22.471117932429017,65.6747965827595]]],[[[22.393700204996705,65.65964574260187],[22.39413145928906,65.6596247029688],[22.394080468896345,65.65944675536124],[22.393700204996705,65.65964574260187]]],[[[22.366083555888146,65.69003937302375],[22.365651768072556,65.69006033823135],[22.365702635790893,65.69023829655782],[22.366083555888146,65.69003937302375]]],[[[22.35083698998832,65.73786968237744],[22.350404388632736,65.73789061217646],[22.35045526468559,65.73806857549694],[22.35083698998832,65.73786968237744]]]]}},{"type":"Feature","properties":{"cyano_daymap_file_id":4131,"date":"2018-07-08Z","cloud":null,"sub_surfac":null,"surface":null,"no_data":null,"class":1,"color_hex":null,"algae_class":"class_1","source_date":"2018-07-08"},"geometry":{"type":"MultiPolygon","coordinates":[[[[22.65988869455459,65.68394617061715],[22.661466356374063,65.68352554041068],[22.660611961583587,65.68212463943779],[22.658833642391897,65.6820339827907],[22.657698107935047,65.68263287271593],[22.657539548995338,65.68209935583107],[22.65840227872579,65.6820557750206],[22.6582965651389,65.68170009768438],[22.655277037778543,65.68185260672001],[22.654687178886856,65.68134086834996],[22.65485437812878,65.680429886273],[22.660205826601658,65.67781293707402],[22.661499697940982,65.67774754358386],[22.66208960388024,65.67825925501377],[22.662248228167783,65.67879276646974],[22.661438485365228,65.67901420539233],[22.6617028501159,65.67990339229205],[22.66272414421042,65.6803932994196],[22.662935683244346,65.6811046467145],[22.664282606060247,65.68121706460951],[22.664115736352834,65.68212805371311],[22.665788259685485,65.68186297725633],[22.666545139229104,65.68146367940643],[22.66633349761871,65.68075233817702],[22.66719616470126,65.68070870807564],[22.667188150829002,65.68215320433472],[22.66648417615224,65.68273034074922],[22.665621440343585,65.68277396750675],[22.66630089675865,65.68362079105269],[22.700909343669228,65.68186462662983],[22.702020439977876,65.68147054039918],[22.700998051734263,65.68098092168707],[22.701323216454913,65.68060335963334],[22.699975702373933,65.68049129570153],[22.700088321896747,65.67940245093233],[22.698740875439306,65.67929037536055],[22.69885354483989,65.67820153101064],[22.697506165999755,65.67808944380019],[22.697399935457437,65.67773379900763],[22.693191934932244,65.67830848005318],[22.69260125866337,65.6777969038027],[22.693304836531343,65.67721963746472],[22.690716368730858,65.67735100161413],[22.69136690699196,65.67659591872436],[22.69007270192735,65.67666158950874],[22.690178826669058,65.67701724049724],[22.68855929014771,65.67746043827522],[22.689050730869745,65.6761718861849],[22.68991352083187,65.67612811282788],[22.688997677918497,65.67599406021124],[22.689269907641286,65.67543869678265],[22.688354092472668,65.67530464000423],[22.688520237450966,65.67439362525946],[22.690677061110286,65.67428419175592],[22.692084091210052,65.67312967496619],[22.695534802230263,65.67295448781873],[22.69666951342924,65.67235530411754],[22.69968876555839,65.67220192973578],[22.700226324519708,65.6725356570142],[22.704214503201236,65.67269399900866],[22.70410820728354,65.67233835959426],[22.702814253596905,65.67240413634936],[22.70227666461651,65.67207041853642],[22.70092959388048,65.67195835854645],[22.703570603294647,65.67200464651424],[22.702714198974135,65.67060400970777],[22.705036176471314,65.66958335207434],[22.70406735479043,65.66927156918152],[22.705739260768503,65.6690060332476],[22.706064215556733,65.6686284632368],[22.70983910657402,65.6680753883708],[22.711351316297822,65.66727634002811],[22.71312940673088,65.66736635821799],[22.71247972560195,65.66812152542744],[22.713123757829838,65.66881083877095],[22.71479553529417,65.66854520446685],[22.717063620764776,65.66734655462932],[22.718788496239213,65.6672586920612],[22.720076883354267,65.66863725919579],[22.719693611829776,65.6702815208243],[22.720987407986136,65.67021560190128],[22.72200972869026,65.67070508672936],[22.722382609446587,65.67194977180051],[22.7214615902978,65.67326039101998],[22.72226582325639,65.67448309875148],[22.721403153951222,65.6745270546042],[22.72081201694567,65.67401559280815],[22.71994936022551,65.67405954027599],[22.719677805670077,65.67461495171177],[22.717952444496785,65.6747028293553],[22.71805894196938,65.67505845702111],[22.71945949959423,65.67534817600125],[22.716333544677415,65.6751463166477],[22.716440022140194,65.67550194565462],[22.715577307046136,65.67554586889214],[22.715737011853623,65.6760793132887],[22.714064762082945,65.67634496280446],[22.714171214355826,65.6767005936633],[22.715465347725726,65.67663471832542],[22.71449059048878,65.67776748560237],[22.71529464895108,65.67899023207548],[22.71782987281633,65.67868063523392],[22.718527589872423,65.6795477351679],[22.71604553827232,65.68003515897442],[22.71658347395201,65.68036882453221],[22.714479514427815,65.68065644486644],[22.71318517726789,65.68072231389102],[22.71248760390385,65.6798551879475],[22.70908931282545,65.68020858563803],[22.70923028968616,65.68144239013374],[22.74619894,65.67956646000002],[22.74352727,65.67067634],[22.78159816268175,65.66872243516356],[22.78006111174524,65.66863808620438],[22.78038686061025,65.66681592511692],[22.781950441030467,65.66619398548931],[22.782220573785718,65.66563847767709],[22.783460271863756,65.66539424415478],[22.78362301759587,65.66448316141499],[22.782546145256827,65.66381631385927],[22.7795284622684,65.66397131887646],[22.778396065179486,65.66457109720119],[22.777746326619,65.66677096787124],[22.776289868042475,65.66774844447067],[22.775427533391976,65.66779270365616],[22.773917313730845,65.66859236915428],[22.77095260956119,65.66892500070264],[22.769551856327517,65.66863575858076],[22.76939110002895,65.66810238178981],[22.77019986776525,65.66788036469251],[22.770470269639638,65.66732487500424],[22.77014874613503,65.66625812332938],[22.769286448410583,65.66630234726354],[22.76864100032427,65.66561328690186],[22.76772515426014,65.66547970902812],[22.767243090575644,65.6638795703024],[22.768375722025265,65.66327987274323],[22.767891059286733,65.66312418674974],[22.768107905841266,65.66239090817189],[22.765574920200628,65.66270132083376],[22.764873351430502,65.66327890078425],[22.76401114189895,65.66332309385417],[22.76411821443042,65.66367868318765],[22.762393762457155,65.66376705619584],[22.76206969421102,65.66414473745402],[22.760939868285643,65.66329993532824],[22.76013115894146,65.66352190249789],[22.758894426480246,65.6623214913102],[22.760190746598834,65.66081078879142],[22.76148394621293,65.66074453107304],[22.763425164293796,65.65992289736275],[22.761917960895218,65.65927798864787],[22.761757431353807,65.65874460150457],[22.76456052505667,65.6578787764689],[22.76671558776367,65.65776828158093],[22.768549316783655,65.65659099921116],[22.76941129333185,65.65654678278092],[22.76930418372871,65.65619119759373],[22.77210674495032,65.65532523875905],[22.77356269309906,65.6543478076992],[22.77485552951528,65.65428143985058],[22.775125706503697,65.65372594428855],[22.77744328497684,65.65270422584173],[22.779975144823656,65.65239362688253],[22.787461462102335,65.65255045040416],[22.788484294552287,65.6530394821999],[22.787459916373773,65.65399489025107],[22.78724367591281,65.65472819009348],[22.78778196834869,65.65506159961572],[22.789452048604883,65.65479516127755],[22.78977560473311,65.65441742695226],[22.791068394607297,65.65435092151215],[22.792900764861574,65.6531733591953],[22.795325021244064,65.65250694075088],[22.79758695651958,65.65275157691364],[22.798663732157284,65.65341831869645],[22.798447814027696,65.65415163114409],[22.79650815748259,65.65497369629848],[22.79704657260583,65.65530707169705],[22.796184694059736,65.65535144401441],[22.795053055860723,65.65595133861417],[22.795968692647556,65.65608475381676],[22.795214248876405,65.65648468360658],[22.796128857322188,65.6580625324803],[22.795320622405505,65.65828468210556],[22.794727309791593,65.6592179548552],[22.792787162009883,65.66003997760691],[22.79289461256092,65.66039554269523],[22.79133164421533,65.6610175886246],[22.79143907969779,65.66137315490333],[22.78831288062844,65.66261720343762],[22.7884202827191,65.66297277220458],[22.79186885409114,65.66279541893866],[22.793485648627286,65.66235114875089],[22.79370059518684,65.66306227741572],[22.791867588664076,65.66423985611904],[22.791005402689237,65.66428420221752],[22.79051925266689,65.66557302794575],[22.789764455085688,65.66597293436074],[22.790410470119593,65.6666618990541],[22.787432892985763,65.6684229804632],[22.80600260304965,65.66746993093513],[22.806684875430392,65.66690741579812],[22.80798221885964,65.6667003447034],[22.805489979999997,65.65846928],[22.827030049999998,65.65735758999999],[22.82163889,65.63958064],[22.778585660000005,65.64179917],[22.78126576,65.65068859],[22.716649049999997,65.65399499],[22.706027530000004,65.61843148],[22.662997559999997,65.62061695999999],[22.657082812645477,65.60064919067008],[22.654698482006527,65.60029260933993],[22.655830595345485,65.5996937771105],[22.656785483399354,65.59964542813455],[22.65509573,65.59394093999998],[22.651619704411623,65.59431124075212],[22.651408551263117,65.59412736479652],[22.645313229907362,65.59443554596282],[22.644416111816827,65.59503663793271],[22.644573762428198,65.59557017737724],[22.642476569663884,65.59585669902475],[22.642634186503475,65.59639024083576],[22.6405894318693,65.59685458463701],[22.637727246480537,65.59898470357875],[22.63633221391924,65.59869415592986],[22.632944636899584,65.59904568937147],[22.633049599233175,65.59940139172502],[22.633909635549077,65.5993579773694],[22.63320704866846,65.59993494506018],[22.63229451370522,65.59980050419597],[22.631539405085533,65.60019961314218],[22.63024930054457,65.60026471318312],[22.62778442181918,65.59930606942144],[22.628969579052523,65.59888528510203],[22.62865487638756,65.59781816747376],[22.63162262033045,65.5960439171348],[22.630930359138393,65.59517635755958],[22.61831532103826,65.59382703196823],[22.614457030706618,65.59257742870567],[22.61172050770108,65.59217373999837],[22.611563555315144,65.5916401593325],[22.610750737661203,65.5915202374417],[22.61210112,65.59611162000002],[22.60129489263228,65.59665326408197],[22.600988604171146,65.5972259305955],[22.60012857222523,65.59726915810111],[22.600976651084096,65.59867046166042],[22.604521508103108,65.5988532275552],[22.605108415362277,65.59936519010763],[22.609838878149866,65.59912722008681],[22.610594296777844,65.59872821611289],[22.611884384371866,65.59866328353955],[22.6117273814181,65.59812970353593],[22.614464538252417,65.59853338566816],[22.615219867620212,65.59813435955242],[22.61501044587092,65.59742292498306],[22.617160457908703,65.5973146366473],[22.617317566332275,65.59784820994304],[22.615859329078944,65.59882413703981],[22.61692886252059,65.59949225167283],[22.6151563495467,65.59940102504018],[22.616173521655234,65.59989128642603],[22.614558053399552,65.60033362777382],[22.614662770637214,65.60068934534888],[22.615522886480512,65.60064603451448],[22.615941833211256,65.60206890092964],[22.614326227451308,65.60251124121493],[22.614483315592928,65.60304481767358],[22.61297233367151,65.60384286211776],[22.613937281309106,65.60415527779207],[22.612048439738555,65.60515282536062],[22.612153146053625,65.60550854479192],[22.613978435917126,65.60577766130699],[22.614135540712063,65.60631123796806],[22.613600656590915,65.60597717291974],[22.611880061488066,65.60606377159452],[22.61214183849596,65.60695307022047],[22.609508495844473,65.6069050764566],[22.609665517157147,65.60743865860222],[22.61100839022862,65.60755158963177],[22.61121780085848,65.608263029891],[22.61030507643524,65.60812845856788],[22.61008427539606,65.6088615431843],[22.60841581214845,65.6091259652035],[22.609055382782945,65.6098157703329],[22.605770599433548,65.61052243741906],[22.60425892216125,65.61132040211925],[22.603659981988027,65.61225296844765],[22.602369195517408,65.61231783812694],[22.602473804216547,65.61267356524858],[22.598211288177822,65.61451211962415],[22.59761206212295,65.61544466498106],[22.596149215643177,65.6160869873127],[22.601053909999997,65.63276565999999],[22.64411027,65.63059748],[22.6444766026629,65.63183435191765],[22.648211455982693,65.6314871669689],[22.648202234304982,65.63293167386168],[22.64997714157829,65.63302248958432],[22.651259766094796,65.63440171091432],[22.65141784529175,65.63493523902152],[22.650662045154927,65.63533445039094],[22.651030895070935,65.63657935053303],[22.652638980248053,65.63758110882917],[22.65500302675444,65.63818361921041],[22.65510848184531,65.63853930134036],[22.651979545311942,65.6397805164411],[22.649755282489192,65.64260050146046],[22.64808509730792,65.64286537761984],[22.649377609999995,65.64838192999999],[22.58474664,65.65163233],[22.589978419999998,65.66941918999999],[22.568416290000002,65.67049747000002],[22.571027890000003,65.67939125000001],[22.61018887397439,65.67742989629139],[22.61117191773931,65.67631192129384],[22.61241333483196,65.67606908673413],[22.61230828153368,65.6757133708362],[22.613602193166308,65.67564838484519],[22.615927244887693,65.67462909785442],[22.61759981284078,65.67436455141913],[22.617442139841774,65.67383098387165],[22.619388195229376,65.67301117659073],[22.619283061179193,65.6726554663402],[22.6209554661246,65.67239088461197],[22.621123816975434,65.67147992818447],[22.623279935974534,65.67137149100255],[22.621839107188904,65.66945847528743],[22.620230140099768,65.66845639938253],[22.618557979323565,65.66872097065215],[22.615813270906187,65.66831743884822],[22.61408855033244,65.66840410449458],[22.612637470576786,65.66793551701565],[22.608756859815593,65.66813040593891],[22.60709600800005,65.66695032526145],[22.605161521107682,65.66632544693127],[22.604468119219327,65.66545777769058],[22.602586240304387,65.66501072640023],[22.601945388594885,65.66432090671628],[22.602597914187477,65.66356619744984],[22.600506549449737,65.6624076687565],[22.597110147982225,65.66275849089557],[22.596574269876267,65.66242437572954],[22.598898850227652,65.66140535419804],[22.598689260410723,65.66069389850945],[22.5971341237034,65.65986942756122],[22.599784697643834,65.65847305126677],[22.605388034788593,65.65819186445663],[22.607007218565386,65.65774958297324],[22.607921692521145,65.65788415644828],[22.60991935135755,65.65724233932612],[22.613798323385826,65.65704743730232],[22.61617424356131,65.65620602082403],[22.619622033847698,65.65603263931654],[22.622102754028507,65.65554684343509],[22.623017222538216,65.65568132604957],[22.624204986429266,65.65526055232621],[22.626086503699405,65.65570733936704],[22.626191648282653,65.65606304475999],[22.627053575696703,65.65601965006088],[22.629902330249784,65.6567786926789],[22.63162621447873,65.65669185596035],[22.632162414669427,65.65702584412445],[22.634695613835845,65.65671769404992],[22.635662824966843,65.65702994849808],[22.635873392748547,65.65774134312174],[22.637807943759476,65.65836582955016],[22.63866992423589,65.65832236836991],[22.639258917932136,65.65883417758026],[22.64012091103766,65.65879070803489],[22.641078727334676,65.66054743645022],[22.642046159028705,65.66085964800583],[22.641394858114744,65.66161451420291],[22.637137066764012,65.66200970209643],[22.63459349470223,65.66376241097443],[22.63475144673151,65.66429595784196],[22.635666288481485,65.66443036049544],[22.636308033887477,65.66512002875375],[22.63717024181216,65.66507657377859],[22.638295837336372,65.66592235128292],[22.637423882491454,65.66741032458529],[22.636614269906794,65.66763162985805],[22.637256124883212,65.66832129301595],[22.63817112240024,65.66845567900653],[22.641893383738594,65.66772650336326],[22.641998803788905,65.668082195036],[22.643450407120337,65.66855049666628],[22.642305644101338,65.67059377858443],[22.63998200985022,65.67161345481105],[22.64014013034894,65.67214699439545],[22.63846794997952,65.67241178504106],[22.63814211599104,65.67278921270737],[22.63904766748197,65.67436810243028],[22.638764904431152,65.67636788932572],[22.639838346755607,65.6770358028669],[22.63913388647698,65.67761281742315],[22.63960834936088,65.67921343738159],[22.63869296073973,65.6790790639986],[22.637557076425722,65.67967780691801],[22.637101424612368,65.68077307562662],[22.63836549,65.68503834],[22.65988869455459,65.68394617061715]],[[22.654202995513604,65.68118480833277],[22.65463434893703,65.68116302812771],[22.654687178886856,65.68134086834996],[22.654202995513604,65.68118480833277]],[[22.719677805670077,65.67461495171177],[22.72150969788064,65.67488267937438],[22.719837587929792,65.67514839099908],[22.719677805670077,65.67461495171177]],[[22.80814424936664,65.65004095296995],[22.81035225679521,65.65010762389177],[22.810513720412505,65.65064094977693],[22.808682336987086,65.65181871438648],[22.805342943479445,65.65235198782278],[22.80814424936664,65.65004095296995]],[[22.80539896178528,65.64675204660958],[22.804698703801648,65.64732979675986],[22.803837105847645,65.64737420960726],[22.802867980750808,65.64706306046801],[22.802706700999302,65.64652972457158],[22.80442984227062,65.6464409073884],[22.80539896178528,65.64675204660958]],[[22.80238342688466,65.64690748348818],[22.80243718471917,65.64708526227595],[22.802006387875238,65.64710746286953],[22.80238342688466,65.64690748348818]],[[22.77502077495031,65.65192591692757],[22.774750612148946,65.65248141214386],[22.775288697786173,65.65281486808671],[22.771948444619326,65.65334741569241],[22.7713568297047,65.65283615577252],[22.77248889605985,65.65223643344613],[22.77502077495031,65.65192591692757]],[[22.774964946924335,65.6531925735307],[22.775018532641436,65.65337036381017],[22.77458760327345,65.65339248794588],[22.774964946924335,65.6531925735307]],[[22.75901075577227,65.65834371793115],[22.756581742818167,65.66045402897103],[22.75571961015199,65.66049817416824],[22.755238398299824,65.65889798868284],[22.756100478787424,65.6588538467562],[22.755509040840742,65.65834252322851],[22.756588244232006,65.65756511484518],[22.7587433217749,65.657454732967],[22.75901075577227,65.65834371793115]],[[22.75863635383183,65.65709913879375],[22.75777433683271,65.65714329446392],[22.75815186587497,65.65694341992793],[22.75745348716912,65.65607650912055],[22.75891003792051,65.65509921239261],[22.760149468514356,65.65485517196704],[22.760042494215334,65.65449957886109],[22.760904418758024,65.65445541126758],[22.760416918401003,65.65574415426295],[22.75852938912049,65.65674354451339],[22.75901387546092,65.65689926219076],[22.7587433217749,65.657454732967],[22.75863635383183,65.65709913879375]],[[22.75964653962086,65.66336618974361],[22.759215428447753,65.66338827211752],[22.759161926098894,65.6632104753833],[22.75964653962086,65.66336618974361]],[[22.759322435570738,65.66374386550558],[22.75937594034489,65.66392166215937],[22.75894481966366,65.66394374386311],[22.759322435570738,65.66374386550558]],[[22.75454680483649,65.65514214757603],[22.7546002555286,65.65531994645094],[22.753738289352857,65.65536407868062],[22.75454680483649,65.65514214757603]],[[22.753791735056733,65.655541877892],[22.753845181567954,65.65571967707666],[22.753414191472462,65.65574174173196],[22.753791735056733,65.655541877892]],[[22.721552668485494,65.67794944349096],[22.720908171278698,65.67726017058838],[22.723229995671726,65.67623923635601],[22.72500873747063,65.67632910880882],[22.72511533977419,65.67668473045872],[22.726516061783286,65.6769743827023],[22.72678263326451,65.67786343337792],[22.72527031015484,65.67866263659346],[22.72112127583845,65.67797142059891],[22.721552668485494,65.67794944349096]],[[22.720513358830953,65.66717081003564],[22.721375785294953,65.66712686172636],[22.721429038361237,65.66730467431],[22.720513358830953,65.66717081003564]],[[22.721429038361237,65.66730467431],[22.721913510059544,65.6674605105264],[22.721482292232373,65.66748248686706],[22.721429038361237,65.66730467431]],[[22.720375466259362,65.67548204370063],[22.720806818250527,65.67546006912698],[22.72086008803209,65.67563788175443],[22.720375466259362,65.67548204370063]],[[22.720428733137208,65.67565985650906],[22.72048200082036,65.6758376692909],[22.72005064221579,65.67585964300999],[22.720428733137208,65.67565985650906]],[[22.71989085029343,65.67532620404171],[22.71999737743641,65.67568183004715],[22.719566020929754,65.67570380236867],[22.71989085029343,65.67532620404171]],[[22.718426383989655,65.67774763057189],[22.718479643106612,65.67792544414719],[22.71804824772191,65.67794741255727],[22.718426383989655,65.67774763057189]],[[22.717776616287274,65.67850282140296],[22.71820802119114,65.6784808536667],[22.718261280624745,65.6786586673167],[22.717776616287274,65.67850282140296]],[[22.717446347495898,65.68032489395802],[22.71749960626825,65.68050270788513],[22.71706816699423,65.68052467396161],[22.717446347495898,65.68032489395802]],[[22.716535644556206,65.67874653168514],[22.71648239674085,65.67856871731135],[22.716913804062084,65.67854675322528],[22.716535644556206,65.67874653168514]],[[22.708315166131246,65.65858522209648],[22.709177332116138,65.6585413457255],[22.708905687984416,65.65909673872649],[22.708043502992833,65.65914061374981],[22.708315166131246,65.65858522209648]],[[22.693286568447807,65.65808560476606],[22.692696376065435,65.65757402404282],[22.69140312378608,65.6576396964208],[22.6928092604038,65.65648518221083],[22.69232516799277,65.65632924931283],[22.69265017214468,65.65595170755029],[22.693618352157813,65.65626356977857],[22.696045543390095,65.65559870747455],[22.697769723673268,65.65551109073238],[22.69993135883214,65.65395705464759],[22.70424147329925,65.65373786920578],[22.707848886800008,65.65409588923359],[22.708167667919316,65.65516280030229],[22.70395736838894,65.65718222528555],[22.704222922053866,65.65807132571935],[22.700874081203175,65.66004681936775],[22.70001184828893,65.6600906492755],[22.699361950818343,65.66084576251573],[22.697743573459874,65.66128904628347],[22.693054035389732,65.66170778013498],[22.692463760609936,65.66119619933208],[22.69154843874067,65.66106215679265],[22.691396231154414,65.65908418865597],[22.693286568447807,65.65808560476606]],[[22.704173635007017,65.66962720877423],[22.703742363069075,65.6696491352997],[22.703689225461865,65.669471315336],[22.704173635007017,65.66962720877423]],[[22.70379550147949,65.66982695523693],[22.703364225835,65.66984888072662],[22.70331109032734,65.66967106060882],[22.70379550147949,65.66982695523693]],[[22.702501672134723,65.669892728057],[22.702932949386728,65.66987080499999],[22.702986082794737,65.67004862527185],[22.702501672134723,65.669892728057]],[[22.699476305922836,65.67149064315534],[22.69845437082506,65.6710010027498],[22.70077655509024,65.6699804081215],[22.70207039407903,65.66991464989766],[22.702607933948176,65.67024836893533],[22.699476305922836,65.67149064315534]],[[22.69856703712959,65.66991215873037],[22.699807767979614,65.66966859770505],[22.699535819054596,65.6702239771141],[22.698673245084613,65.67026780291083],[22.69856703712959,65.66991215873037]],[[22.698188855418753,65.67011189172716],[22.698241956894613,65.67028971398462],[22.69781066790132,65.67031162384198],[22.698188855418753,65.67011189172716]],[[22.69619168022472,65.67075489734722],[22.697485571852184,65.67068917764028],[22.697160466597715,65.67106673083809],[22.69619168022472,65.67075489734722]],[[22.663586806660287,65.68034968985721],[22.66294393797592,65.67966014825004],[22.66553184120087,65.67952930198192],[22.665690545690506,65.68006280903445],[22.664827897050262,65.68010643040037],[22.665365022952937,65.68044029192194],[22.663586806660287,65.68034968985721]],[[22.66622768161444,65.68039666740464],[22.6659021628772,65.68077415140327],[22.665365022952937,65.68044029192194],[22.66622768161444,65.68039666740464]],[[22.657750962513706,65.68281071162507],[22.65731958482505,65.68283250092381],[22.657266733152554,65.68265466183513],[22.657750962513706,65.68281071162507]],[[22.657372437296907,65.68301033998628],[22.65694105590266,65.68303212824807],[22.65688820633703,65.68285428900609],[22.657372437296907,65.68301033998628]],[[22.656993906267633,65.68320996746382],[22.65656252116777,65.68323175468868],[22.656509673709074,65.68305391529337],[22.656993906267633,65.68320996746382]],[[22.65690973020659,65.60776195487149],[22.655724642431732,65.60818295694936],[22.65395142456605,65.60809219123077],[22.653793490075774,65.60755866440017],[22.65621629385231,65.60689452281842],[22.65690973020659,65.60776195487149]],[[22.647335582987754,65.6004846333923],[22.644817505507483,65.59934842778391],[22.644607262804648,65.59863704256765],[22.645414686118688,65.59841571711638],[22.645476726660757,65.59714905419436],[22.64666149221085,65.59672813556244],[22.646933742358407,65.5961728547486],[22.647793644020673,65.59612936299115],[22.648925743897948,65.59553058249712],[22.650101155422117,65.59655414485667],[22.650803274869812,65.59597710367339],[22.65558524335852,65.59591556093689],[22.655953655161706,65.59716045319355],[22.655146363545487,65.5973818334357],[22.654926906868457,65.59811496938696],[22.652987480711975,65.5989351638213],[22.649600120443058,65.59928706729265],[22.648520466605945,65.6000636990091],[22.64964347898639,65.60090941830715],[22.648081130086258,65.601529955765],[22.646308389838087,65.60143909577043],[22.646150660770758,65.6009055589089],[22.647335582987754,65.6004846333923]],[[22.641013656674357,65.6056777717223],[22.63951314334487,65.60503156178564],[22.639733083866233,65.604298443185],[22.64059326861412,65.60425498938663],[22.640918264934246,65.60387756518185],[22.641778433378594,65.60383410482507],[22.64236618588395,65.60434591441272],[22.643226366896535,65.60430244571127],[22.643551325116615,65.60392501625094],[22.646614473081485,65.60395067703857],[22.6469393774634,65.60357324086739],[22.648282191762092,65.60368584232481],[22.648931936219896,65.60293096279791],[22.65016950914417,65.60268785903585],[22.65001169176831,65.6021543270915],[22.652749831009928,65.60255730771901],[22.65311822056337,65.6038022071627],[22.647790195935794,65.60497425420513],[22.647623076254135,65.60588522714701],[22.64643791733257,65.60630615734911],[22.644717432564526,65.60639312757365],[22.643752041073586,65.60608091238983],[22.641548881675124,65.60601173654173],[22.641759112617667,65.6067231261606],[22.64353220240711,65.60681403578923],[22.64181167233497,65.60690097350015],[22.641056512803242,65.60730013039728],[22.639933487460684,65.60645434757387],[22.639020688643203,65.60631994989593],[22.639345732131194,65.60594252857489],[22.641013656674357,65.6056777717223]],[[22.651661029794393,65.60477846791214],[22.651230940317106,65.60480022679317],[22.651178321324416,65.60462238333022],[22.651661029794393,65.60477846791214]],[[22.64907252365467,65.63144365603313],[22.649125193722437,65.63162149974329],[22.64869465739018,65.63164325599702],[22.64907252365467,65.63144365603313]],[[22.643250211708505,65.60881382215169],[22.64163467591552,65.6092564527677],[22.641371862609606,65.60836721571775],[22.642557198321686,65.6079463233083],[22.642452064390632,65.60759062927346],[22.643742495411384,65.60752542202755],[22.643250211708505,65.60881382215169]],[[22.64040643521629,65.60805497959142],[22.639976280217127,65.60807670721094],[22.63992373018444,65.60789885913464],[22.64040643521629,65.60805497959142]],[[22.63762078453925,65.66216582118199],[22.637673451268054,65.66234366894135],[22.637242393622355,65.66236539799911],[22.63762078453925,65.66216582118199]],[[22.632064180422148,65.601978129444],[22.63034392397879,65.60206493420955],[22.6302389856769,65.60170922973028],[22.632064180422148,65.601978129444]],[[22.61831544595957,65.67234311161357],[22.61836800518829,65.67252096716109],[22.617936758917196,65.67254264332942],[22.61831544595957,65.67234311161357]],[[22.616443446987738,65.6067365282593],[22.616013289693413,65.60675818791154],[22.61596090671445,65.60658032984043],[22.616443446987738,65.6067365282593]],[[22.616046577791217,65.60242461727417],[22.61615132553035,65.60278033351497],[22.61572123335475,65.60280199167455],[22.615186404200685,65.60246793166898],[22.616046577791217,65.60242461727417]],[[22.614423240228984,65.67398267471835],[22.613076887166862,65.67386980915104],[22.612971835498588,65.67351409370049],[22.615023087135505,65.67305005632858],[22.61518070463975,65.67358362694401],[22.614423240228984,65.67398267471835]],[[22.614565692500616,65.60628958369978],[22.614618065233866,65.60646744235694],[22.614187910556748,65.60648909680324],[22.614565692500616,65.60628958369978]],[[22.614580441095118,65.59744457901442],[22.613720429175604,65.59748788344127],[22.61366808437081,65.59731002420023],[22.614580441095118,65.59744457901442]],[[22.613054530061437,65.60708763081955],[22.61262436355889,65.60710928095003],[22.612572002899487,65.60693142148052],[22.613054530061437,65.60708763081955]],[[22.60948559763074,65.6097941298367],[22.60953794413297,65.60997199051933],[22.609107726395603,65.60999363119342],[22.60948559763074,65.6097941298367]],[[22.601770166019637,65.61325039790357],[22.603061000581807,65.61318553283448],[22.60273533977396,65.61356288260014],[22.60144448550068,65.6136277450973],[22.601770166019637,65.61325039790357]]],[[[22.61407992895619,65.5869869852316],[22.612666650666377,65.58797473198653],[22.609751133426062,65.58812152189383],[22.61032346232012,65.59006747514448],[22.61077889984089,65.58897225250769],[22.611638636340444,65.58892896758292],[22.612341425267452,65.5883520978824],[22.615780257884484,65.5881788946107],[22.61766775691315,65.58718131435857],[22.619387080833924,65.58709466298073],[22.62017174177532,65.58667989279269],[22.61407992895619,65.5869869852316]]],[[[22.54759443,65.59934491],[22.550190289999996,65.60823921],[22.52867691,65.60931135000001],[22.531267500000002,65.61820602000002],[22.568618417698755,65.61634173977303],[22.568518449452604,65.61600032321682],[22.56760565685238,65.61586549555139],[22.566758753109266,65.6144639934007],[22.56498535572625,65.61437218903345],[22.565637795465292,65.61361763974656],[22.56434682718036,65.61368218759222],[22.5628997410249,65.61321308499426],[22.562431451011374,65.61161216503515],[22.560710278343805,65.61169818879615],[22.557816511255226,65.61075989630864],[22.557712522682994,65.61040413219183],[22.55487097970612,65.6096436632418],[22.554180875833673,65.60877573172928],[22.55113184339377,65.60730365450526],[22.550182269243653,65.60554627788007],[22.55110932249713,65.60423666025888],[22.552295978869523,65.60381646055527],[22.551776612141396,65.60203761457824],[22.554683695557642,65.60153148137078],[22.556522567698053,65.60035674594334],[22.55743475614498,65.6004916464108],[22.557760928775018,65.6001143888655],[22.561097769805894,65.59958664233622],[22.561749977204492,65.59883211218036],[22.54759443,65.59934491]]],[[[22.702123521681344,65.67009247053062],[22.701692239919137,65.67011439133546],[22.70174536542161,65.6702922121225],[22.702123521681344,65.67009247053062]]],[[[22.61502930584046,65.60193435604515],[22.614599226523204,65.60195601089018],[22.614651588966094,65.60213386963538],[22.61502930584046,65.60193435604515]]],[[[22.598729759724684,65.6623162933495],[22.59878216021621,65.66249415725558],[22.599213258712748,65.66247253695437],[22.598729759724684,65.6623162933495]]]]}},{"type":"Feature","properties":{"cyano_daymap_file_id":4131,"date":"2018-07-08Z","cloud":null,"sub_surfac":null,"surface":null,"no_data":null,"class":1,"color_hex":null,"algae_class":"class_1","source_date":"2018-07-08"},"geometry":{"type":"MultiPolygon","coordinates":[[[[22.492154342724955,65.41261272625714],[22.49190454370012,65.41174260575313],[22.489564898615765,65.41113731029449],[22.48790763895803,65.41140029192977],[22.488506557443912,65.4104681852579],[22.489736693224742,65.41022646759575],[22.489124100696298,65.40809148950487],[22.490525872362657,65.40693892484315],[22.49137988110161,65.40689638049881],[22.491533056341083,65.40743012268123],[22.49281408930795,65.4073662955838],[22.492711954655167,65.4070104685307],[22.493941888968003,65.40676871861555],[22.494573202405537,65.40745908875078],[22.49628123479122,65.4073739491951],[22.49564987891689,65.4066835866518],[22.496179053111437,65.40701812497558],[22.497408954083916,65.40677634710552],[22.49730675993399,65.40642052377952],[22.49597469893218,65.40630647623543],[22.495872526432436,65.40595065171482],[22.496726492540738,65.40590807750844],[22.49725566400671,65.40624261207884],[22.49971534981957,65.40575902992305],[22.501065413061895,65.40442846265562],[22.50053623174846,65.40409394156742],[22.501032318272188,65.4028059705083],[22.502261976510496,65.402564155529],[22.502159736432684,65.40220833597193],[22.50344048338959,65.40214442148441],[22.50234900872084,65.39985290247168],[22.50347627309531,65.39925525967205],[22.50593518930687,65.39877158391735],[22.50610635774027,65.39786072906008],[22.51175758934338,65.39793936480409],[22.512935735875555,65.39751956021273],[22.515069876330553,65.39741288187157],[22.51619674300933,65.39681514800824],[22.518057640781596,65.39726348173441],[22.518211290166406,65.39779719185624],[22.520072291734895,65.39824549962658],[22.52135279264597,65.39818143541805],[22.52145527377376,65.39853723944594],[22.52268453535674,65.3982952618997],[22.522582038718824,65.39793945886854],[22.52476742799204,65.39801054466635],[22.524664904482552,65.39765474333034],[22.526320909051883,65.39739137051033],[22.52616709775961,65.39685767033642],[22.52787431657046,65.3967721810964],[22.527806476426317,65.39803885159333],[22.52662855235733,65.39845877017642],[22.52673110626582,65.39881456986306],[22.523367637222986,65.3991634072455],[22.522240839553877,65.39976119403916],[22.521387123444573,65.39980391025716],[22.521489612697373,65.40015971418],[22.524904504178334,65.39998881767893],[22.525007041958055,65.4003446187078],[22.525912044242254,65.40047978199632],[22.532844436290727,65.40049350606401],[22.53293081815912,65.40229386800378],[22.535970363051547,65.40232200511228],[22.536875486962494,65.40245710128605],[22.53697819860257,65.40281289236837],[22.53568140932697,65.40432165738446],[22.534827571418717,65.40436445102414],[22.533752163595334,65.40514021981741],[22.531293197289326,65.40562435008003],[22.531447174915396,65.40615804331905],[22.529790675934127,65.40642147760332],[22.529620294941118,65.40733235121485],[22.52811762669618,65.40812946357761],[22.526512267356093,65.4085707625935],[22.525231274940207,65.40863487572996],[22.524223424379507,65.40814391004689],[22.522139725569588,65.40842862808188],[22.522293537002543,65.40896233238965],[22.523250105319317,65.40927541002644],[22.52239608179664,65.40931813513532],[22.522549904746295,65.40985183906452],[22.521422642381314,65.41044962455744],[22.519338728724115,65.41073430608039],[22.518330903183585,65.4102433007282],[22.516144502496115,65.41017213197406],[22.514658510330317,65.4095245402439],[22.513377436381223,65.40958855345666],[22.512796784127335,65.40907617304109],[22.511942746521317,65.40911883905522],[22.510764072538947,65.40953864132888],[22.51096885809311,65.4102502655631],[22.509465448548433,65.41104719954579],[22.509567829306985,65.4114030127052],[22.51082055636531,65.41167859520483],[22.57893339,65.40826995999998],[22.576351659999993,65.39937603],[22.533668050000003,65.40152122],[22.525977019999992,65.37483639999999],[22.547298510000005,65.37376662],[22.542166569999996,65.35597729],[22.52085925,65.35704620000001],[22.518303229999997,65.34815101],[22.475696999999993,65.35027896999999],[22.47315703,65.34138285],[22.451858149999993,65.34244189999998],[22.44932715,65.33354528],[22.42803344,65.33460091],[22.433083189999998,65.35239494],[22.411773449999995,65.35344842999999],[22.409254709999995,65.34455100999999],[22.36664374,65.34664813000002],[22.37416309,65.37334276],[22.395490769999995,65.37229442],[22.396756338804696,65.37676770523846],[22.39906891042279,65.37610156986052],[22.401652028331377,65.3745308775431],[22.40406023649457,65.37387091711129],[22.40353291353699,65.3735360367875],[22.404661376548983,65.37293912174972],[22.406317114897202,65.37267707115812],[22.40686774652547,65.37156731861688],[22.408523375581733,65.37130524487515],[22.407895234196367,65.37061448252841],[22.410178970629158,65.3710431532725],[22.41168323240481,65.37024720188839],[22.41047729329762,65.36904364960161],[22.410752492498133,65.36848876716553],[22.411554980993582,65.36826873864148],[22.412082294883398,65.36860359095832],[22.41230702484313,65.3678707588423],[22.413485485356098,65.36745172922753],[22.413357124122513,65.36547326863808],[22.412779432018276,65.36496047326987],[22.410120204134028,65.36473082240792],[22.41082175951596,65.36415490273008],[22.411674534232024,65.36411282268084],[22.41109690616608,65.36360002020066],[22.41244946667485,65.36227022260009],[22.4123486309264,65.36191432810391],[22.411495928778628,65.36195641123119],[22.41069362977319,65.36217643750555],[22.41079444434897,65.36253233332685],[22.409515355436596,65.36259544336184],[22.409790515438363,65.3620405630843],[22.411395107385143,65.36160051594945],[22.410666331767416,65.36055386790336],[22.412371645349726,65.36046970714582],[22.412472474706888,65.36082560169197],[22.417212534216077,65.36077200217169],[22.417111640990555,65.36041611145545],[22.415782236331907,65.36030132802928],[22.418716007788444,65.35997598856999],[22.42149828243396,65.35911676188816],[22.424908627285777,65.35894817845694],[22.428391581201666,65.35751284470467],[22.429771417480538,65.35780545803051],[22.430096628985332,65.35742848581818],[22.43094914834543,65.35738629917638],[22.431447916732207,65.3560985305655],[22.43315286101462,65.35601413810937],[22.432704722110657,65.35747985064833],[22.43473489054808,65.35701846158535],[22.436064201041024,65.35713307854796],[22.436165335349372,65.35748895407187],[22.437870351395013,65.3574045074264],[22.437993124669028,65.35631577106723],[22.439322411917967,65.35643035948425],[22.43957535534327,65.35732004158564],[22.441179144888302,65.35687968516282],[22.441402978431928,65.35614681886807],[22.4399219281756,65.35549844009361],[22.439842270118728,65.35369795783497],[22.438188074860708,65.35396036129508],[22.438310827239142,65.35287162489448],[22.436302758082018,65.35188844705972],[22.434742799147866,65.34943952545223],[22.43331282623815,65.34896901460608],[22.433962933525223,65.34821505741637],[22.43604291632454,65.34793159690477],[22.437472879030793,65.34840208190414],[22.438700633243712,65.34816080526295],[22.439278436831387,65.34867349995912],[22.442362364638544,65.34888152539843],[22.44316398831399,65.34866133725876],[22.443265179195958,65.34901720742512],[22.448935439706577,65.35072084773614],[22.449787705213016,65.35067855697396],[22.453551423143303,65.35175486227786],[22.454403713147368,65.35171254511351],[22.45540805382211,65.35220401341721],[22.4571633500659,65.35229728237806],[22.461404489013436,65.3535301462407],[22.465493743582293,65.35422910888393],[22.472171357822656,65.35642323656558],[22.473754881984544,65.35742713423052],[22.4837230711574,65.36053971876365],[22.486039049766745,65.36258974287412],[22.48629364472657,65.36347932920626],[22.485046640616165,65.36516558670527],[22.482743139837645,65.36618264947998],[22.480611375277018,65.36628884541854],[22.480509598711187,65.36593300645745],[22.47631641011461,65.36487863236191],[22.475209490672537,65.36403146937495],[22.474650217217803,65.36207432904092],[22.469026643856367,65.36054962466822],[22.464337593603094,65.36078277991295],[22.46353578995639,65.36100308272886],[22.46363731385797,65.36135893575306],[22.459800659729733,65.3615495742339],[22.45819691365721,65.36199012867333],[22.457922783341637,65.3625450867367],[22.45659311314398,65.36243066658167],[22.456694549803604,65.36278652518567],[22.454238013517088,65.36326937272254],[22.455314162574275,65.36249416442381],[22.45217785376022,65.36210849078475],[22.451447447476664,65.36106205715896],[22.45001653858769,65.36059171472552],[22.44885998723483,65.35956641530449],[22.450088147626655,65.35932504154975],[22.450615758833234,65.35965975577454],[22.45146831060187,65.35961745254883],[22.451814077047743,65.35779583197493],[22.453316315077544,65.35699948548542],[22.45534606790535,65.35653782262858],[22.45604640956497,65.35596170474302],[22.454565016721066,65.35531347364211],[22.454362273766016,65.35460175216342],[22.450547452686234,65.35334753974917],[22.447138032701364,65.35351669472213],[22.4455851725258,65.35413504552008],[22.446091448312075,65.35591438423529],[22.445542773857166,65.35702425998409],[22.444740919527675,65.35724446317117],[22.44512473272264,65.36011254381792],[22.44628116511071,65.36113787316746],[22.446635697368723,65.3623834073874],[22.445833691388557,65.36260361795674],[22.445609937554533,65.36333649002756],[22.44611642941064,65.3651158264592],[22.444989254508677,65.3657130389194],[22.444136492570536,65.36575530759477],[22.44423777622439,65.36611117616073],[22.445567586473945,65.36622570404025],[22.444288419187224,65.36628911040657],[22.441332889702366,65.36805956076256],[22.440357348295713,65.36919054718388],[22.440885043213456,65.36952529466828],[22.438803417764632,65.36980883897958],[22.43941084549346,65.37194407370146],[22.438232613622095,65.3723633039187],[22.43795796310153,65.37291823093241],[22.439042574923768,65.37521028549057],[22.438189493401076,65.37525252374698],[22.436360442632864,65.3764257220753],[22.431668211203476,65.37665789197293],[22.427677378377464,65.37631391901039],[22.424915808054315,65.3757286606996],[22.41964551085842,65.37544770873272],[22.41276995902493,65.37560665795652],[22.407426125592927,65.37659195319827],[22.40419151938011,65.37891658996224],[22.401356211149327,65.37959757235713],[22.400704432504703,65.38035140561124],[22.398440452062946,65.38117076238814],[22.41934096999999,65.38014030999999],[22.424395430000004,65.39793458],[22.46708395,65.3958203],[22.472174429999995,65.4136126],[22.492154342724955,65.41261272625714]],[[22.500554280448892,65.40264935941362],[22.500981205612177,65.40262806024516],[22.501032318272188,65.4028059705083],[22.500554280448892,65.40264935941362]],[[22.52533385800361,65.40899067608115],[22.52490685330921,65.40901204507202],[22.52480427593212,65.40865624437149],[22.52533385800361,65.40899067608115]],[[22.52405284161638,65.40905477944774],[22.52362583461802,65.40907614483262],[22.523574554075097,65.40889824397102],[22.52405284161638,65.40905477944774]],[[22.523677115928862,65.40925404566896],[22.52372839800761,65.40943194648007],[22.52330138455475,65.40945331101219],[22.523677115928862,65.40925404566896]],[[22.523403945329306,65.4098091129079],[22.52297692542174,65.40983047658723],[22.522925647493928,65.40965257547737],[22.523403945329306,65.4098091129079]],[[22.51810885718609,65.41097626262277],[22.517681813080408,65.41099761154761],[22.51763056828166,65.41081970829451],[22.51810885718609,65.41097626262277]],[[22.514629610566544,65.37632062841669],[22.51638669554108,65.37641318785433],[22.516420610387026,65.37803566798422],[22.514594931849405,65.37920978115446],[22.51198459979437,65.37915985889735],[22.51307706548041,65.3769396722934],[22.514629610566544,65.37632062841669]],[[22.515170760834167,65.411303584126],[22.51474370851331,65.41132492481012],[22.514692482854784,65.41114702036086],[22.515170760834167,65.411303584126]],[[22.499529014471726,65.403602804254],[22.499955956142845,65.40358150782073],[22.500007064101574,65.4037594184805],[22.499529014471726,65.403602804254]],[[22.499153174308965,65.40380201049332],[22.49958011958785,65.40378071508785],[22.499682332115626,65.40413653668021],[22.499153174308965,65.40380201049332]],[[22.494846965869137,65.40690406773223],[22.494419965155977,65.40692535029608],[22.494368887602523,65.40674743742771],[22.494846965869137,65.40690406773223]],[[22.466492016402356,65.37438990078053],[22.467395833335477,65.37452542766981],[22.46729419703027,65.37416957832949],[22.468248834368534,65.37448302475333],[22.469528330216605,65.37441941137519],[22.47027964763245,65.37402114953817],[22.47374240587264,65.37402936669363],[22.47449364720141,65.37363108460987],[22.476352192478966,65.37407995756074],[22.478809301150946,65.37359674317008],[22.479063780514274,65.3744863429438],[22.480018565904977,65.37479971320612],[22.48082064091367,65.37457931977104],[22.481450786534534,65.37526975680798],[22.48170537487402,65.37615935099713],[22.48040660374229,65.37766766004886],[22.481412444708887,65.37815893928045],[22.481819847300695,65.37958228926034],[22.479890654468665,65.38040016121379],[22.479992490454517,65.38075599999374],[22.4783879404437,65.38119677788671],[22.478540670652542,65.38173053780073],[22.477362652251383,65.38215007202156],[22.477464462217352,65.38250591278002],[22.47521006889899,65.38370079916264],[22.47531185698992,65.38405664160236],[22.474560338827626,65.38445493062405],[22.47328036916806,65.38451859163949],[22.47338213496387,65.38487443561311],[22.472528806695703,65.38491687097849],[22.471401420404344,65.3855142833921],[22.471503165423872,65.38587012884946],[22.46877065365522,65.38690821491063],[22.468496518888454,65.38746319229737],[22.467216384931252,65.38752680345921],[22.467826617242416,65.3896618945867],[22.46654637420167,65.38972550117359],[22.463731718596957,65.38896305325123],[22.46031778076959,65.38913255336983],[22.458813974937332,65.38992898588445],[22.459494742200388,65.39079744437088],[22.45869199264455,65.39101773110241],[22.458143207212718,65.39212765396938],[22.45626314325189,65.39312316827129],[22.453326193836634,65.39344927224703],[22.452117230846543,65.39224608475507],[22.450786067891148,65.39213162860118],[22.451009874954675,65.39139874826625],[22.449953330172402,65.39072933425966],[22.44975038136783,65.39001760864501],[22.451579735966405,65.38884424454027],[22.45137676072725,65.38813252138952],[22.450371077301785,65.38764103992519],[22.448338855874596,65.3881026609945],[22.448237414091924,65.387746796801],[22.450269610154535,65.38728517736048],[22.449914499053296,65.38603965760214],[22.452170262936423,65.38484513593204],[22.452018046405325,65.38431134404163],[22.45058583361852,65.38384102039078],[22.45048438131659,65.38348515782046],[22.451815101659147,65.38359962117346],[22.452486225834914,65.38140097765354],[22.455168088863285,65.38018525658296],[22.45602129740762,65.38014292081903],[22.45629563024744,65.37958796412475],[22.457148817207454,65.3795456221933],[22.457697412936216,65.37843570491584],[22.458550559767236,65.37839335545348],[22.458723286868818,65.3774825387128],[22.460652946703714,65.37666493321038],[22.46125212000844,65.37573293237764],[22.463009013251224,65.37582611672377],[22.463811267481432,65.37560581207507],[22.463658879353087,65.37507203372718],[22.466492016402356,65.37438990078053]],[[22.475738504820082,65.3840354168068],[22.475789402846342,65.38421333781584],[22.47536275217762,65.38423456278478],[22.475738504820082,65.3840354168068]],[[22.463559113807484,65.38987387449701],[22.46398586757478,65.38985268191193],[22.46408753249094,65.3902085332019],[22.463559113807484,65.38987387449701]],[[22.462807251865176,65.39027210839203],[22.463660773043067,65.39022972613331],[22.46371160380194,65.39040765191409],[22.462807251865176,65.39027210839203]],[[22.45476575912714,65.36360407101685],[22.45433942223343,65.36362523320132],[22.45428871749621,65.36344730297435],[22.45476575912714,65.36360407101685]],[[22.453212500255244,65.36422250464176],[22.452786151826235,65.36424366254462],[22.452684761235986,65.36388780083283],[22.453212500255244,65.36422250464176]],[[22.45118212147686,65.3646841451505],[22.450755763589182,65.36470529739881],[22.450705080571694,65.36452736574138],[22.45118212147686,65.3646841451505]],[[22.449852368192055,65.36456966629252],[22.449426010865622,65.36459081476808],[22.449375337109604,65.3644128825678],[22.449852368192055,65.36456966629252]],[[22.447771237158506,65.36485332953595],[22.44819760035012,65.3648321856879],[22.44824826711748,65.3650101183565],[22.447771237158506,65.36485332953595]],[[22.44739553430725,65.36505240519779],[22.447821901091142,65.36503126237714],[22.447872565781342,65.36520919519361],[22.44739553430725,65.36505240519779]],[[22.44701982578648,65.36525147998],[22.447446196162677,65.36523033818683],[22.447496858775622,65.3654082711511],[22.44701982578648,65.36525147998]],[[22.446644111596054,65.36545055388254],[22.44707048556459,65.36542941311686],[22.447121146100233,65.36560734622896],[22.446644111596054,65.36545055388254]],[[22.4462683917359,65.36564962690545],[22.446694769296812,65.36562848716726],[22.446745427755033,65.36580642042719],[22.4462683917359,65.36564962690545]],[[22.435566273413126,65.34777476543478],[22.435039098858542,65.34743999397655],[22.435465192385884,65.34741888896421],[22.435566273413126,65.34777476543478]],[[22.435790201489986,65.34704190652776],[22.436642373445178,65.34699969119623],[22.43631737717486,65.347376675342],[22.435465192385884,65.34741888896421],[22.435790201489986,65.34704190652776]],[[22.43305177430602,65.35565826007337],[22.432199315007548,65.35570045801187],[22.431997173318884,65.35498870026568],[22.432849609954662,65.35494650370488],[22.43305177430602,65.35565826007337]],[[22.431469893221266,65.354653917381],[22.431043678680528,65.354675012318],[22.4309931523228,65.35449707242591],[22.431469893221266,65.354653917381]],[[22.431144733661686,65.35503089202803],[22.430718512700164,65.35505198610977],[22.430667987664748,65.35487404609495],[22.431144733661686,65.35503089202803]],[[22.430819565036714,65.35540786606539],[22.430393337654223,65.35542895929188],[22.43034281394122,65.35525101915427],[22.430819565036714,65.35540786606539]],[[22.430595440058628,65.35614071959556],[22.430169200588885,65.35616181231107],[22.430118676687968,65.35598387210001],[22.430595440058628,65.35614071959556]],[[22.430494387345917,65.3557848394931],[22.430068153542283,65.35580593186427],[22.430017631151806,65.35562799160384],[22.430494387345917,65.3557848394931]],[[22.430270250656477,65.35651769265912],[22.429844004765197,65.35653878451926],[22.42979348218694,65.35636084418543],[22.430270250656477,65.35651769265912]],[[22.429945052187424,65.35689466511289],[22.429518799874426,65.35691575611767],[22.42946827861895,65.35673781566103],[22.429945052187424,65.35689466511289]],[[22.40976327391437,65.36041799274133],[22.40933694496236,65.36043902735872],[22.409286552010236,65.36026107882188],[22.40976327391437,65.36041799274133]],[[22.40891061525692,65.36046006077608],[22.40848428479807,65.36048109299338],[22.40843389751526,65.36030314411313],[22.40891061525692,65.36046006077608]],[[22.40714304584955,65.3710124417591],[22.406716542614774,65.3710334707325],[22.406666142818928,65.37085552138853],[22.40714304584955,65.3710124417591]],[[22.40364353399543,65.36017851579989],[22.404069864234568,65.36015749729827],[22.404120221663987,65.36033544794422],[22.40364353399543,65.36017851579989]],[[22.403267554763303,65.36037748409056],[22.40369388859008,65.36035646661743],[22.40374424393761,65.36053441741045],[22.403267554763303,65.36037748409056]],[[22.40234097263109,65.36168618914922],[22.402391321908684,65.36186414045675],[22.401964962390597,65.361885154502],[22.40234097263109,65.36168618914922]],[[22.401186212676077,65.3606605052772],[22.40203889277427,65.3606184807887],[22.40224027633436,65.36133028646054],[22.401488258512472,65.3617282156964],[22.401186212676077,65.3606605052772]],[[22.40202821672493,65.37433191115619],[22.401601654697057,65.37435292623765],[22.40155128181627,65.37417497490762],[22.40202821672493,65.37433191115619]],[[22.401511871507637,65.36028359030675],[22.401085536751946,65.36030460160787],[22.40098486383828,65.35994869784037],[22.401511871507637,65.36028359030675]],[[22.400884193934935,65.35959279397477],[22.400457869765724,65.35961380338966],[22.40040753877755,65.35943585124853],[22.400884193934935,65.35959279397477]]],[[[22.53096889851054,65.40600153119827],[22.530541947981074,65.40602291559674],[22.531020222312037,65.40617942909411],[22.53096889851054,65.40600153119827]]],[[[22.521933356113575,65.39869378375946],[22.522360195971903,65.39867242489542],[22.522308948575915,65.3984945232684],[22.521933356113575,65.39869378375946]]],[[[22.466593642881712,65.37474575076352],[22.467020148135013,65.37472455213334],[22.466969331678783,65.37454662732739],[22.466593642881712,65.37474575076352]]],[[[22.404436397084353,65.37367194499065],[22.40438600659824,65.37349399478863],[22.40395946044448,65.37351501638847],[22.404436397084353,65.37367194499065]]],[[[22.40481255199824,65.373472971988],[22.40476215942803,65.37329502193312],[22.40438600659824,65.37349399478863],[22.40481255199824,65.373472971988]]],[[[22.405188701236348,65.3732739981034],[22.405138306582124,65.37309604819569],[22.40476215942803,65.37329502193312],[22.405188701236348,65.3732739981034]]]]}}]}