{"type":"FeatureCollection","properties":{"source":"SMHI SE.SR Ytansamling av alger","date":"2018-07-07","note":"Test: SMHI WFS clipped to Lulea municipal sea area and simplified 20 m."},"features":[{"type":"Feature","properties":{"cyano_daymap_file_id":4130,"date":"2018-07-07Z","cloud":null,"sub_surfac":null,"surface":null,"no_data":null,"class":1,"color_hex":null,"algae_class":"class_1","source_date":"2018-07-07"},"geometry":{"type":"MultiPolygon","coordinates":[[[[22.360309559999997,65.70780719999999],[22.33870413,65.70885329],[22.339738381893866,65.71248046192453],[22.340976122697956,65.71254611186262],[22.341712846292868,65.71359301760697],[22.340210543563252,65.71413635596852],[22.341241419999996,65.71775168999999],[22.320829758468733,65.71873709345185],[22.320934913958748,65.71910676006587],[22.31980236710857,65.71941236944292],[22.322158659999996,65.72769393999998],[22.343780629999998,65.72665004],[22.34697748338665,65.73783586737724],[22.349488314182004,65.73775450441885],[22.349717432456035,65.73702172291868],[22.35213478942488,65.73780688565071],[22.350887868969433,65.73804764552507],[22.350989629246715,65.73840357174656],[22.349793542303853,65.73882228619512],[22.349997043150616,65.7395341402214],[22.349131782325628,65.73957599437941],[22.348800888236738,65.73995284752883],[22.349487897514443,65.74082174040005],[22.35030231757178,65.740601920524],[22.350454965201298,65.74113581034369],[22.351320275658765,65.74109394818673],[22.351574733103135,65.74198376233244],[22.35076028130048,65.74220358931983],[22.35086205950889,65.74255951544866],[22.34999669909613,65.74260137548478],[22.348746367254357,65.74402521271197],[22.35140983,65.7533447],[22.340266071299556,65.75388283938653],[22.339071449890593,65.75503726672969],[22.338205648546722,65.7550790640172],[22.330974033058776,65.75862314129202],[22.332305480000002,65.76328843],[22.35395675,65.7622428],[22.35650562,65.77114083],[22.334847000000003,65.77218690000001],[22.337390449999994,65.78108529999999],[22.34903874209313,65.78052267451778],[22.35096274374948,65.77972223309423],[22.355627002765704,65.77913592565535],[22.35659560955653,65.77944994170385],[22.35660688229518,65.78015712491647],[22.359056410000004,65.78003881000001],[22.362528314507976,65.79212669824327],[22.36483492181146,65.79132046464008],[22.367818166523136,65.79099562859686],[22.36761368536889,65.7902838079933],[22.369449795976116,65.79055576151436],[22.37067471168559,65.79175945390942],[22.369374252062862,65.79182243436306],[22.370012295566344,65.79251325903866],[22.369196431728955,65.79273319824291],[22.369349841711376,65.79326706165308],[22.368100431558908,65.79350798652118],[22.367259996248702,65.79517254399794],[22.36611271531918,65.79576936422396],[22.366470584517373,65.79701505334177],[22.371444537119014,65.79749596651367],[22.37073084637415,65.79807182233455],[22.371317926219113,65.79858468588358],[22.37011943628831,65.79900358314646],[22.37027291024682,65.79953744500358],[22.36869188345109,65.80015528069389],[22.368029206432343,65.80090907970754],[22.36866745360559,65.80159990803246],[22.367902442171665,65.80199779770857],[22.36805589164476,65.80253166202749],[22.366857166735787,65.80295053591881],[22.36667920260087,65.80386129822223],[22.36736864275764,65.80473008675938],[22.366603520443938,65.80512797098609],[22.366505132156625,65.80597250742096],[22.369278999999995,65.81563008999998],[22.35546796027198,65.81629738135425],[22.35328749721711,65.81695813991308],[22.353057898417333,65.81769093123248],[22.352241096938677,65.8179107887227],[22.352164700514756,65.81917746109951],[22.351296769151446,65.81921935327337],[22.350250206911777,65.8201719899803],[22.350275858539646,65.82179458518276],[22.352369516149977,65.82295653030896],[22.353722698408784,65.82307163929919],[22.354565583330604,65.82447436421113],[22.35331452603972,65.82471518374994],[22.35351894056762,65.82542702408281],[22.352318924568593,65.82584579610017],[22.352472221743746,65.8263796775048],[22.35064997458517,65.82736099487475],[22.35119197226493,65.82924921945957],[22.35231944494453,65.8289130222257],[22.351356416739897,65.82982211508636],[22.351742762494197,65.83116807574036],[22.35196221765095,65.83073452498793],[22.353647732634112,65.83047276090367],[22.352983878421657,65.83122650577486],[22.351776260368535,65.83128477644264],[22.351980588652204,65.83199662024383],[22.353188345942158,65.83193834602875],[22.352422212940922,65.83233616879404],[22.355410364965415,65.83201152846043],[22.35691747328598,65.83266048139973],[22.357070914616187,65.83319435679445],[22.356253662978762,65.83341424005918],[22.355666044560817,65.83290132375969],[22.355385259560194,65.83345616000021],[22.35732666573803,65.8340841486254],[22.361234534837624,65.8338954198123],[22.36200057389461,65.83349755374222],[22.363737354503456,65.83341363394074],[22.36524475300969,65.83406250191284],[22.366088659179606,65.83546515335418],[22.364785977968122,65.83552811602874],[22.362819603005736,65.83634485366507],[22.359447971915504,65.83686857143896],[22.35921840382102,65.83760137168342],[22.360086939616977,65.83755942867906],[22.36067475739019,65.83807232605098],[22.359474281826945,65.83849115869145],[22.35150368401385,65.83833455894037],[22.35096715838307,65.83799958538117],[22.34917891293109,65.83790540191782],[22.34762058780852,65.83707841169641],[22.34593457757041,65.83734011397972],[22.347824962835787,65.8377902600001],[22.34754396001341,65.83834508389378],[22.348412543757096,65.83830320681744],[22.348565849057948,65.83883709204443],[22.35068622179151,65.83855441442162],[22.353343101476682,65.83860667464064],[22.35344537387996,65.83896259418368],[22.355565699290494,65.83867984927798],[22.35566800278594,65.8390357670352],[22.35658775277216,65.83917180218464],[22.359678998256502,65.83920298785338],[22.361569753992903,65.83965296020621],[22.363792459220154,65.83972601410663],[22.363614205577434,65.84063677552301],[22.358887865993253,65.84104547423539],[22.357482541181675,65.84075246227157],[22.35830001204927,65.84053257033716],[22.35776335146568,65.84019762194552],[22.353701068513434,65.83985239260969],[22.351810430338944,65.83940232173588],[22.352576777722135,65.83900449999794],[22.350788457195584,65.83891033609704],[22.351427247786305,65.83960123124753],[22.352832442818872,65.83989430016011],[22.353420173317733,65.84040722627913],[22.354671986212388,65.84016639865267],[22.354774284446506,65.84052231705718],[22.355642927541894,65.84048039829797],[22.357636052219185,65.84128633641862],[22.362030538922326,65.84125456745183],[22.362184147931146,65.84178843608892],[22.36131547348296,65.84183039234496],[22.361852215092856,65.84216532747953],[22.36049798866241,65.84205030054927],[22.359680489686795,65.84227020451402],[22.360217219808007,65.84260514550276],[22.358914159823392,65.84266806171844],[22.36070276744128,65.84276212773516],[22.36129072251794,65.84327502141534],[22.363896882985845,65.84314913693738],[22.36461192486718,65.84257330018853],[22.3659149633047,65.84251033557757],[22.366144375497687,65.84177752677452],[22.36777921362867,65.84133764681926],[22.367625491760343,65.84080378489018],[22.368774690291698,65.84020693493105],[22.370077596647796,65.84014393607748],[22.370180107874123,65.84049984211555],[22.371636824201644,65.84097068847677],[22.372505449388765,65.84092867399977],[22.371663923829537,65.84259326601867],[22.36959472573426,65.8430541888155],[22.36606866192815,65.84304419944795],[22.364868048826676,65.84346307579106],[22.365277887725327,65.84488671546916],[22.364025951552627,65.84512763118501],[22.362978864906776,65.84608036009219],[22.363720624027323,65.84712711022492],[22.365995225951824,65.84737808109686],[22.366021998641592,65.84900066273632],[22.365204330586586,65.84922059787522],[22.362060655782837,65.84901157953283],[22.36241921905087,65.85025727131921],[22.3616014795558,65.85047718785961],[22.36137187352195,65.8512099916745],[22.35861127481126,65.85080196893266],[22.35741436016507,65.85089931935921],[22.360368749999996,65.86116819999998],[22.360942614517928,65.86043261187731],[22.362578716413694,65.8599927755315],[22.36247621705252,65.85963686429918],[22.359995628208274,65.85867402475571],[22.361094549303438,65.8578992668466],[22.360940847289307,65.85736539802727],[22.362857613187007,65.8563707134304],[22.363113841545715,65.85726049094184],[22.364034287712965,65.85739647458918],[22.364546869963025,65.85917602403002],[22.363728869250362,65.85939595444667],[22.36388264374755,65.85992981976632],[22.365289102040222,65.86022276198979],[22.365774283043592,65.86090693120151],[22.38210105,65.86011780000001],[22.38382033650976,65.86606933486021],[22.383884382206553,65.86509748737991],[22.385034252013636,65.86450050871514],[22.385875543080502,65.86283584540412],[22.38745992440449,65.86221779947681],[22.389581756181435,65.8619345679876],[22.389913517259004,65.86155761803883],[22.392521362505747,65.86143122909485],[22.39367086786764,65.86083418895568],[22.39351646824871,65.86030035964805],[22.394282762534516,65.85990232926797],[22.396021200012687,65.85981802642708],[22.39668447049406,65.85906410026999],[22.39885743269808,65.85895868529497],[22.398628832698172,65.8596915353168],[22.399881130681653,65.85945033259911],[22.400492768037203,65.85851845052014],[22.4022310874637,65.85843407817926],[22.40325482732723,65.85892570248438],[22.40412399693412,65.85888350298265],[22.40468392977639,65.85777366685228],[22.405884531025684,65.85735447777965],[22.407880538852247,65.85815973235852],[22.408749673439885,65.858117506887],[22.409633619770418,65.85878219518474],[22.425559789999994,65.85800778],[22.422976689999995,65.84911123999998],[22.44469572,65.84805206],[22.4421072,65.83915589],[22.46381688,65.83809409],[22.46122296,65.8291983],[22.502988150384144,65.82714662413873],[22.50296882849633,65.82625928997233],[22.50436497495735,65.8261905074837],[22.50201497,65.81817139999998],[22.505591073820224,65.81799495928374],[22.504804923070374,65.81750635154194],[22.5069738432571,65.81739943888977],[22.50751192455021,65.81773384840209],[22.508761123385135,65.81749178405616],[22.509278084533985,65.81781304655307],[22.52370398,65.81710128999998],[22.518856418428985,65.8005879803332],[22.516537373160162,65.80050474984533],[22.51534123094673,65.80092476410816],[22.515064220141696,65.8014798555499],[22.51376369837562,65.80154406768631],[22.512254593551674,65.80089668386563],[22.51186001046369,65.79963870707482],[22.496807559999997,65.80038126999999],[22.494783733982548,65.79345663221893],[22.49425526889202,65.79348266349436],[22.49420290891504,65.7914693056543],[22.49331939333825,65.79028039058892],[22.49386895905016,65.79032667687528],[22.49300616439872,65.78737457506952],[22.491846550593184,65.7867436382432],[22.49049474442376,65.78662974033413],[22.49072018895468,65.78589678429924],[22.492438280928308,65.78543152892792],[22.491608059999997,65.78259087999999],[22.469946469999996,65.78365617],[22.472537899999995,65.79255183999999],[22.450866999999995,65.79361451],[22.445700809999998,65.77582222999999],[22.46283273400635,65.77497976822978],[22.464131658172217,65.7745716911149],[22.46415079028513,65.77312710151357],[22.46491345263092,65.77272875250958],[22.464376891345744,65.77239417807988],[22.465243025571496,65.77235166052893],[22.46513952906718,65.77199582818575],[22.465953895474463,65.77177539058852],[22.465417341469255,65.77144081975074],[22.46411818531396,65.77150459527543],[22.464673833685836,65.77039458139274],[22.46597293232647,65.77033080169475],[22.46668373250712,65.76975452903355],[22.467931031853094,65.7695128174707],[22.468467576376046,65.76984737955094],[22.46976663620275,65.76978356789469],[22.470129073617013,65.77102896783093],[22.471479976682794,65.77114305512572],[22.47158355647681,65.77149888234592],[22.4725014433207,65.7716342374952],[22.47076924864055,65.77171934945],[22.47102818648225,65.77260891869092],[22.468862852102582,65.77271528551836],[22.468688652352938,65.77362612910052],[22.46705983870155,65.77406702996015],[22.46721513933292,65.77460077594665],[22.464997865957937,65.77452917423774],[22.464270485846605,65.77490906683276],[22.51066354,65.77262769],[22.512585516019715,65.7791925267781],[22.514457562740187,65.77840958588715],[22.513868146793243,65.77789729725443],[22.514734367325502,65.77785449760765],[22.515011160637368,65.7772994089373],[22.520657345672927,65.77557651810214],[22.52325572344346,65.7754479914509],[22.52509229730662,65.77571806584218],[22.525300982517347,65.77642963209179],[22.526704568959353,65.77672111630844],[22.527502969910618,65.77794491557788],[22.525546183442486,65.77876365199926],[22.525650545532198,65.77911943466016],[22.52478430432603,65.77916229654384],[22.523076886361945,65.7810372751003],[22.534831223235255,65.78045578450069],[22.533050452154516,65.78037735868658],[22.532737050948835,65.7793100287965],[22.53187081750618,65.77935293087391],[22.5344172658239,65.77904632227306],[22.53420830378554,65.77833477123606],[22.5320950280834,65.77861992596493],[22.531938356504348,65.77808625983478],[22.531072162545016,65.7781291569841],[22.530967730523695,65.77777337872672],[22.53281981511073,65.77659879838919],[22.53498515691161,65.7764915228721],[22.533857862857662,65.77564499698003],[22.537045971560516,65.77602844344318],[22.537254989380823,65.77673999003338],[22.53557495463323,65.77700372605703],[22.53654560533828,65.77731657758198],[22.537429962009636,65.78032685996432],[22.538313047719395,65.78028304505818],[22.53928597617919,65.7791659930298],[22.541070685751805,65.7792579851081],[22.540861538187773,65.7785464450262],[22.54216081957023,65.7784820141077],[22.542384729984782,65.77774899703778],[22.543355489590315,65.77806180412084],[22.543683966642252,65.77768455357803],[22.54455012044339,65.77764158515838],[22.546544029725315,65.77844504765571],[22.54481167299432,65.77853100271912],[22.544368377079017,65.77998260571863],[22.55658096,65.77937667],[22.557875742055625,65.78377066952096],[22.560400013554496,65.78371276649949],[22.56050488037331,65.78406852026563],[22.559205372795763,65.78413310978182],[22.55936265258867,65.78466674183979],[22.55815743571772,65.78472663103658],[22.559201730000005,65.78827057],[22.580862729999996,65.7871926],[22.583096632640427,65.79474626406852],[22.584512082189747,65.7960351147783],[22.58618799555869,65.79595146197717],[22.587197546417773,65.79555414484366],[22.586460574789783,65.79306402434669],[22.588416436520824,65.79224451539378],[22.58987423483827,65.79271326740287],[22.59066419359733,65.79538123239611],[22.589724526269652,65.79577493692182],[22.605159179999994,65.79500451999999],[22.60779862999999,65.80389739999998],[22.617673591751096,65.80340301558012],[22.615732559065375,65.80279239486867],[22.614918559152652,65.80301362867493],[22.614812848693063,65.80265792080657],[22.612645710465053,65.80276634820954],[22.613248350127723,65.80183370810082],[22.61454858659842,65.8017686506789],[22.616123641120254,65.80114833008327],[22.616017923227343,65.80079262312809],[22.617540015891002,65.79999443542906],[22.617381419474356,65.79946087664032],[22.618248156442913,65.79941748363879],[22.618417168381235,65.7985065228245],[22.619283871168438,65.79846312427738],[22.620805726825402,65.79766490635795],[22.623352825486904,65.7973568057824],[22.624060764815134,65.7967798290189],[22.625307801447477,65.79653683256416],[22.625201979582787,65.79618113302325],[22.62606859046529,65.796137696836],[22.625962760074636,65.79578199790889],[22.627356923246463,65.79571210841098],[22.62682351,65.79391999999999],[22.62887965956777,65.79381676880654],[22.6312975495707,65.7903427182051],[22.639986277471895,65.78703463672049],[22.64538691747289,65.78236438831038],[22.6575697113765,65.7756053006684],[22.655942426430705,65.77440593372486],[22.63326473995467,65.77554618237025],[22.633674746924974,65.77590082658485],[22.634540659595174,65.77585734922839],[22.635830036690635,65.77723663437803],[22.63669598981507,65.77719314437097],[22.637350152595445,65.77643826886415],[22.639461995279834,65.77615166951772],[22.64211269070334,65.77619896748217],[22.64291652593064,65.77742210617208],[22.64215653955028,65.77782131786856],[22.638692667718605,65.77799537307074],[22.637932598145746,65.7783945645378],[22.637817324064162,65.7794833839639],[22.635695708753623,65.78121447377237],[22.636234651190886,65.78154842024493],[22.63357381303815,65.78294553686939],[22.63464220358173,65.78505795336041],[22.633121508426086,65.78585629769601],[22.633766408037438,65.78654594557514],[22.629382095043812,65.7865854311967],[22.62841987048512,65.7848286717454],[22.629127366536064,65.78425167593048],[22.628704130067188,65.78282888754295],[22.623242810261036,65.78220023973998],[22.61988387629444,65.78272957717223],[22.61836284779817,65.78352777758371],[22.618679852906325,65.78459489471813],[22.616292411510788,65.78543646670897],[22.61358798084585,65.78521087408409],[22.613313250546735,65.78576612067697],[22.61033401003287,65.78609571721951],[22.610228446145577,65.78574000475477],[22.60892900455356,65.78580501744459],[22.608337551130614,65.78529311485353],[22.60703812632062,65.78535811125934],[22.607143644335807,65.7857138263883],[22.604491996078742,65.78566592971127],[22.60509456920348,65.78473332258106],[22.606668838502728,65.7841131074877],[22.607651647758654,65.78298097096128],[22.607440627804774,65.78226954118593],[22.60830680729453,65.78222621022549],[22.61048313742226,65.7806733386681],[22.613514542555198,65.78052160049161],[22.61330338513976,65.77981018021458],[22.61406388460139,65.77941110730448],[22.613799934564113,65.77852183290297],[22.614507597413734,65.7779449033125],[22.613272094590865,65.77674328214462],[22.6113818193327,65.77629642384929],[22.610304811475142,65.77562834459158],[22.60852015557617,65.7755371626433],[22.606893709975925,65.7759795334102],[22.602300300326004,65.77530679025617],[22.602311674195136,65.7738622633846],[22.603832656377392,65.77306422365814],[22.604698534224752,65.77302091620484],[22.60275598157449,65.77239608775527],[22.602387123295017,65.77115106943467],[22.603200243184435,65.7709299112991],[22.603094852183297,65.7705741922085],[22.605586807069198,65.77008855316964],[22.60839504037336,65.77067001903598],[22.60914435564664,65.77171549609277],[22.608436734144057,65.7722924003465],[22.60757088827995,65.7723357287206],[22.6082674856071,65.77320335229619],[22.60913335916944,65.77316001968785],[22.61059042146173,65.77362858090336],[22.612322184530974,65.77354188421101],[22.61291343240685,65.77405377335428],[22.61421227026682,65.77398873272638],[22.61448687034718,65.77343348585198],[22.619249108637966,65.77319490193415],[22.620482044679424,65.77258599286557],[22.61889518,65.76724233],[22.53231385,65.77155673000001],[22.529704369999997,65.76266225999998],[22.551345359999992,65.76158868],[22.54873054,65.75269459],[22.57036223,65.75161841],[22.57298437,65.76051206],[22.59462139,65.75943237],[22.591991940000003,65.75053918],[22.606092070977173,65.74983358376467],[22.604195119519396,65.74896748549598],[22.612629440344755,65.74611219684766],[22.605721329999998,65.72277824],[22.595368463893738,65.72329619955796],[22.598116366939003,65.72407537363112],[22.601468207246022,65.7235465869304],[22.60211061124213,65.72423639326144],[22.604376401591136,65.72448390101218],[22.605071504524158,65.72535155387187],[22.60377508152409,65.72541649246274],[22.604627981778762,65.72681772800496],[22.60288784080145,65.72834883384753],[22.599482845484815,65.72869979567515],[22.599272582975804,65.72798834727134],[22.600411433692738,65.72738986064347],[22.59993833233816,65.72578910433681],[22.598052065741342,65.72534204083037],[22.597409739990226,65.72465221657811],[22.59498641842692,65.72387101267616],[22.594881371023305,65.72351528457554],[22.58900797583133,65.72361441825716],[22.587692649944074,65.72441623060092],[22.588387194154755,65.72528396523587],[22.587522881640165,65.72532716439795],[22.586868455913272,65.72608182821611],[22.585244694685343,65.72652394104136],[22.585781809044217,65.7268580838944],[22.58504270386097,65.72700223616137],[22.586739009999995,65.73275258],[22.56742447289573,65.7337161582727],[22.56724798818215,65.73391941383625],[22.56546635165913,65.73382769776545],[22.566108073676464,65.73451766283485],[22.565243407801574,65.73456073897418],[22.562335434383975,65.7336226748675],[22.561693836071846,65.73293269266568],[22.560292286104715,65.73264151052474],[22.558681585753423,65.7316388000274],[22.558524707969195,65.73110516340084],[22.561013773587398,65.73062028214365],[22.561132197959306,65.72953149051578],[22.563188818312454,65.72906809935967],[22.56308418284598,65.72871234522918],[22.563662866552164,65.72886400280213],[22.56250774,65.72493709],[22.57752813928706,65.72418780058209],[22.576364872519758,65.72317710068758],[22.579389779456303,65.72302610583128],[22.57734685906549,65.72204516821684],[22.578643192842698,65.72198045568166],[22.578538379383513,65.72162471397469],[22.579677448011566,65.72102638038261],[22.580541632616548,65.72098322706148],[22.581196124484165,65.72022858981477],[22.58295533578298,65.71992320669993],[22.581494039999995,65.71496572999999],[22.60309255,65.71388523],[22.600465749999998,65.70499214999998],[22.578874529999993,65.70607220999999],[22.576256999999995,65.69717861999997],[22.619422899999996,65.69501634999999],[22.62205499,65.70390905],[22.64364223,65.7028229],[22.64628359,65.71171508],[22.667876109999998,65.71062544],[22.66258083,65.69284191],[22.6841568,65.69175013000002],[22.68150489,65.68285871],[22.700887619051215,65.68187233196804],[22.702020439977876,65.68147054039918],[22.700998051734263,65.68098092168707],[22.701323216454913,65.68060335963334],[22.699975702373933,65.68049129570153],[22.700088321896747,65.67940245093233],[22.698740875439306,65.67929037536055],[22.69885354483989,65.67820153101064],[22.697506165999755,65.67808944380019],[22.697399935457437,65.67773379900763],[22.693191934932244,65.67830848005318],[22.69260125866337,65.6777969038027],[22.693304836531343,65.67721963746472],[22.690716368730858,65.67735100161413],[22.69136690699196,65.67659591872436],[22.69007270192735,65.67666158950874],[22.690178826669058,65.67701724049724],[22.68855929014771,65.67746043827522],[22.689050730869745,65.6761718861849],[22.68991352083187,65.67612811282788],[22.688997677918497,65.67599406021124],[22.689269907641286,65.67543869678265],[22.688354092472668,65.67530464000423],[22.688520237450966,65.67439362525946],[22.690677061110286,65.67428419175592],[22.692084091210052,65.67312967496619],[22.695534802230263,65.67295448781873],[22.69666951342924,65.67235530411754],[22.69968876555839,65.67220192973578],[22.700226324519708,65.6725356570142],[22.704214503201236,65.67269399900866],[22.70410820728354,65.67233835959426],[22.702814253596905,65.67240413634936],[22.70227666461651,65.67207041853642],[22.70092959388048,65.67195835854645],[22.703570603294647,65.67200464651424],[22.702714198974135,65.67060400970777],[22.705036176471314,65.66958335207434],[22.70406735479043,65.66927156918152],[22.705739260768503,65.6690060332476],[22.706064215556733,65.6686284632368],[22.70983910657402,65.6680753883708],[22.711351316297822,65.66727634002811],[22.71312940673088,65.66736635821799],[22.71247972560195,65.66812152542744],[22.713123757829838,65.66881083877095],[22.71479553529417,65.66854520446685],[22.717063620764776,65.66734655462932],[22.718788496239213,65.6672586920612],[22.720076883354267,65.66863725919579],[22.719693611829776,65.6702815208243],[22.720987407986136,65.67021560190128],[22.721591015847455,65.6705046079725],[22.71930945,65.6628857],[22.654652909999996,65.66616611999999],[22.658378444515034,65.67870655795292],[22.660205826601658,65.67781293707402],[22.661499697940982,65.67774754358386],[22.662248228167783,65.67879276646974],[22.661438485365228,65.67901420539233],[22.6617028501159,65.67990339229205],[22.66272414421042,65.6803932994196],[22.662935683244346,65.6811046467145],[22.664282606060247,65.68121706460951],[22.664115736352834,65.68212805371311],[22.665788259685485,65.68186297725633],[22.666545139229104,65.68146367940643],[22.66633349761871,65.68075233817702],[22.66719616470126,65.68070870807564],[22.667188150829002,65.68215320433472],[22.66648417615224,65.68273034074922],[22.665621440343585,65.68277396750675],[22.666317377616817,65.68364133155895],[22.665181951540966,65.68424027631316],[22.664628456305948,65.68679540994256],[22.66316721497978,65.68777182326258],[22.660957043653777,65.68770300095198],[22.659935485146363,65.68721308459908],[22.657778233363608,65.6873220535397],[22.656272448992677,65.68667606282362],[22.65454667009329,65.68676319860158],[22.6537894512132,65.68716244013673],[22.654335305695174,65.68605183782992],[22.653692530618837,65.68536225610552],[22.65676533224542,65.68538761354873],[22.65741673796574,65.68463268024549],[22.658710958223637,65.68456730696252],[22.65987554586118,65.683953105218],[22.629211121343257,65.68549796187544],[22.627973833682574,65.68575583520267],[22.62606947379135,65.68819812811375],[22.62455403443325,65.68899633369077],[22.62239645543891,65.68910480370639],[22.622406952712925,65.68766028496051],[22.62138611171286,65.6871701023275],[22.616103054446867,65.68707455581479],[22.614166821147787,65.68644980974396],[22.613525097595506,65.68576004764051],[22.615040700283835,65.68496195040862],[22.616419747061926,65.68486127882248],[22.615242849616823,65.6808789732349],[22.61215883929882,65.6811357507712],[22.609791764420784,65.6805326034501],[22.608835241517315,65.67877566456458],[22.61056067319987,65.67868905138167],[22.61008801522152,65.67708832265869],[22.61117191773931,65.67631192129384],[22.61241333483196,65.67606908673413],[22.61230828153368,65.6757133708362],[22.613602193166308,65.67564838484519],[22.615927244887693,65.67462909785442],[22.61759981284078,65.67436455141913],[22.617442139841774,65.67383098387165],[22.619388195229376,65.67301117659073],[22.619283061179193,65.6726554663402],[22.6209554661246,65.67239088461197],[22.621123816975434,65.67147992818447],[22.623279935974534,65.67137149100255],[22.621839107188904,65.66945847528743],[22.620230140099768,65.66845639938253],[22.618557979323565,65.66872097065215],[22.613563626501882,65.6682345943533],[22.589978419999998,65.66941918999999],[22.59521812,65.6872058],[22.57364145,65.68828496999998],[22.563199030000003,65.65270972000002],[22.455431530000002,65.65805108],[22.45800287,65.66694719],[22.436436249999996,65.66800677],[22.431310039999996,65.65021362],[22.452862129999996,65.64915491],[22.450294669999995,65.64025866999997],[22.46911141769997,65.63916520126462],[22.468905599751203,65.63845353027293],[22.468095387710736,65.6386739426178],[22.468198285083062,65.63902977881331],[22.467613109244148,65.63851726976421],[22.46842332071571,65.63829685999956],[22.468320423759916,65.63794102395279],[22.470095161550184,65.6380339452477],[22.46945851779362,65.63734352606019],[22.470320136333484,65.63730102422849],[22.470165760221235,65.63676727236754],[22.46925270773198,65.63663185546253],[22.46914980736415,65.63627602001284],[22.46990848224574,65.63587768542979],[22.46813389319104,65.63578476047257],[22.46803101219302,65.63542892407199],[22.466738669589674,65.6354926546439],[22.466050756261772,65.63462430079935],[22.469085323278666,65.633031003006],[22.46898244239344,65.63267516725062],[22.470981739220946,65.63203516295107],[22.470518704225174,65.63043390799972],[22.474568250352842,65.62933175346207],[22.47441384404991,65.62879800623033],[22.475602879958632,65.62837838328356],[22.476206796145906,65.62744627455578],[22.47772340043144,65.62664953849271],[22.47858464810091,65.62660699344048],[22.478481667806562,65.62625116512366],[22.481116864530357,65.62630141604109],[22.4816505020459,65.6266359603966],[22.481875068871673,65.62590302634204],[22.480531738247368,65.6257889563239],[22.481135421105456,65.62485683031363],[22.481996602633885,65.62481426655336],[22.481893584190754,65.62445844093496],[22.48313381652614,65.62421667491618],[22.483409840843578,65.62366165150648],[22.484701545833016,65.62359778533953],[22.48432250138177,65.62379698714781],[22.484959183597617,65.62448734357001],[22.48420106771633,65.6248857477972],[22.48483777517366,65.62557610447831],[22.486129571082166,65.625512225244],[22.48597495470573,65.6249784918865],[22.48678458767823,65.6247579898907],[22.489461852418856,65.62462554556889],[22.48822043,65.62034209],[22.466693969999998,65.62140556999998],[22.46412508,65.61250958],[22.44260392,65.61356959],[22.44772915,65.63136237],[22.426191569999997,65.63242022],[22.428749840000002,65.64131695],[22.385654379999995,65.64342438999999],[22.38820006,65.65232193],[22.366642179999996,65.65337152000001],[22.370307859602523,65.6661915175504],[22.370591601581133,65.66600375105058],[22.371175529512183,65.66651664590465],[22.372951948528826,65.66661068652293],[22.373053674122318,65.66696659838715],[22.37137893413902,65.66722847239947],[22.37051321448378,65.66690970608846],[22.371010358945828,65.66864837162304],[22.372166344359265,65.66845318890418],[22.371168492111337,65.66920141144493],[22.37183618718924,65.67153654440557],[22.372599620381234,65.6714994230952],[22.372752237324725,65.67203329093475],[22.371988838000288,65.67207041076487],[22.379363099999992,65.69786045],[22.36247605843683,65.69868048320757],[22.36118333742152,65.69893772047257],[22.361285054214132,65.69929364027172],[22.360421159913376,65.69933554530732],[22.358947579976167,65.7003091449989],[22.359633796935512,65.70117799987834],[22.35871899050798,65.70104193532529],[22.358523640377285,65.70155739792592],[22.360309559999997,65.70780719999999]],[[22.356712895744792,65.8319486471947],[22.35535923138135,65.8318335693266],[22.354771668622323,65.83132064905054],[22.353903332934756,65.83136255991684],[22.353801090480278,65.83100664038554],[22.354950190725983,65.83040989536771],[22.35479681332033,65.82987601722618],[22.3562015063805,65.83016905995486],[22.355613966968605,65.82965614269351],[22.359087047413617,65.82948843320901],[22.35972581046891,65.83017929393358],[22.358423378062064,65.83024219995606],[22.358959831594436,65.83057714802084],[22.35814267875686,65.83079704044971],[22.358781451191753,65.83148790503213],[22.359700943882054,65.83162392390078],[22.35952258466693,65.83253468157206],[22.357632394826535,65.83208467845701],[22.357785846860804,65.83261855303178],[22.35691747328598,65.83266048139973],[22.356712895744792,65.8319486471947]],[[22.53730724581933,65.77691787661684],[22.53865872190893,65.77703136272453],[22.538554190641136,65.77667559064795],[22.539853384759763,65.77661118025908],[22.540077347942,65.77587816606304],[22.54061495278292,65.77621246348258],[22.541481063321516,65.77616951293007],[22.541585632473314,65.77652528262429],[22.540719510204006,65.77656823388686],[22.54087635228871,65.77710188930087],[22.54001020924755,65.77714483673817],[22.53968168429749,65.77752207983565],[22.53654560533828,65.77731657758198],[22.53730724581933,65.77691787661684]],[[22.60598849422359,65.79515739341704],[22.6068023290204,65.794936208918],[22.606538438323472,65.79404692127164],[22.610057526735226,65.79405142890133],[22.609507735304582,65.79516191221865],[22.605766280318978,65.79589048680005],[22.60598849422359,65.79515739341704]],[[22.61448687034718,65.77343348585198],[22.614001157894506,65.77327731299592],[22.614434090525815,65.77325563105946],[22.61448687034718,65.77343348585198]],[[22.613515451301623,65.77312113853354],[22.613948381804093,65.77309945799816],[22.614001157894506,65.77327731299592],[22.613515451301623,65.77312113853354]],[[22.50806139,65.76373278],[22.505461219999994,65.75483779999999],[22.52709687,65.75376771999998],[22.529704369999997,65.76266225999998],[22.50806139,65.76373278]],[[22.56259963069066,65.72855599710205],[22.56303186630199,65.7285344681253],[22.56308418284598,65.72871234522918],[22.56259963069066,65.72855599710205]],[[22.575880348319814,65.72302079457259],[22.576312478139332,65.72299922893399],[22.576364872519758,65.72317710068758],[22.575880348319814,65.72302079457259]],[[22.381913059999995,65.70675805],[22.38701879,65.72455306999998],[22.379707623453246,65.72490817958106],[22.380113291813,65.7252635082893],[22.380978013434092,65.72522148332772],[22.381308256777523,65.72484456660877],[22.38395343864159,65.7248964073603],[22.383725383849896,65.72562922996856],[22.385863559640576,65.72696872956736],[22.384896614885754,65.72665488332834],[22.384031853011482,65.72669693094522],[22.384134015593244,65.72705283107287],[22.381921001056167,65.72697997956789],[22.381362601336658,65.72808971766752],[22.380014318738365,65.72797480628086],[22.379251604862358,65.728372730676],[22.37945581750156,65.72908453837037],[22.378107490171562,65.72896961052864],[22.37647985045281,65.7294095316719],[22.375029468438978,65.72893867025478],[22.373299750298713,65.72902265034124],[22.373222068353517,65.72722211413722],[22.374366223006977,65.72662527061617],[22.374162173784956,65.72591345450341],[22.378002510138046,65.72554650188486],[22.378476913587416,65.72496795620661],[22.36540068,65.72560308],[22.360309559999997,65.70780719999999],[22.381913059999995,65.70675805]],[[22.372738662824403,65.72706515098362],[22.373171061342727,65.7270441597001],[22.373222068353517,65.72722211413722],[22.372738662824403,65.72706515098362]],[[22.402598850339,65.70250827072758],[22.398286486667185,65.70308763848834],[22.39825836322013,65.70146507525453],[22.399883884463346,65.70102494193922],[22.400543226950614,65.70027103692013],[22.401852968587104,65.69991222230082],[22.39584866,65.67901417],[22.41742643,65.67796024],[22.423736752894403,65.69985984498241],[22.42531555086307,65.69960215243603],[22.425212952772274,65.69924628426892],[22.42742367153729,65.69931852883688],[22.42775292169202,65.69894152114979],[22.428338753991973,65.69945417734354],[22.429202519321297,65.69941188777526],[22.427885525663957,65.70091992673184],[22.42626050558867,65.70136035438918],[22.426085135595002,65.70227116050863],[22.424570694468706,65.70275399023633],[22.426993345177525,65.71116165723237],[22.427838867293147,65.71138803660327],[22.42716395890795,65.71175376216317],[22.42768076,65.71354729],[22.425703201516647,65.71364391034078],[22.4264998330065,65.71434067680833],[22.42578957955192,65.71491675659838],[22.425994944283943,65.71562849042765],[22.427928984528272,65.71625565298922],[22.428720690598272,65.71748003365593],[22.427856321284978,65.7175223264129],[22.427959042961962,65.71787819158153],[22.42633297304767,65.7183186303166],[22.423666888685656,65.71971212765081],[22.423769563208882,65.72006799610872],[22.42112483724906,65.72001684292063],[22.41957158749002,65.7191905376587],[22.415249334202382,65.71940169644063],[22.41407725611237,65.71837628502016],[22.411762425471732,65.71794798401208],[22.41188712739865,65.71685924967335],[22.411022745743022,65.71690144692147],[22.410920261627076,65.71654556800593],[22.408861778016526,65.71700691869117],[22.407770072125576,65.71778195021578],[22.402583502238752,65.71803492244509],[22.401082133555185,65.71738636450705],[22.399836668970874,65.71762751098746],[22.39823308204224,65.7166230358955],[22.39693648006935,65.71668621386154],[22.39678304715848,65.7161523783782],[22.395003137670905,65.71605865059348],[22.394849749117583,65.71552481272738],[22.396754956647193,65.71452981457261],[22.39660154286876,65.71399597871782],[22.39789801105563,65.71393280491283],[22.397261291543167,65.7132420839712],[22.398557720029682,65.71317890493211],[22.397972145417995,65.71266613154158],[22.39883641122655,65.71262400956533],[22.39868296811888,65.7120901760948],[22.397716439985302,65.71177640722867],[22.39740961903327,65.71070873723474],[22.396545414375566,65.71075085050843],[22.39601106095285,65.71041601407669],[22.393037459853772,65.71074130798873],[22.389176066584593,65.71255323799049],[22.386532145854325,65.71250147572358],[22.386327896102504,65.7117896778658],[22.388944164326894,65.71021887416153],[22.388484519356933,65.70861733668568],[22.395978156606954,65.70572626546002],[22.397808480167853,65.70599793383207],[22.398570261499952,65.70559992555745],[22.402407210347956,65.7052323902162],[22.403255376811433,65.70479331726686],[22.402598850339,65.70250827072758]],[[22.40238251,65.77793663999998],[22.424042629999995,65.77688096],[22.42661741,65.78577757],[22.404949939999998,65.78683368],[22.40238251,65.77793663999998]],[[22.704173635007017,65.66962720877423],[22.703742363069075,65.6696491352997],[22.703689225461865,65.669471315336],[22.704173635007017,65.66962720877423]],[[22.70379550147949,65.66982695523693],[22.703364225835,65.66984888072662],[22.70331109032734,65.66967106060882],[22.70379550147949,65.66982695523693]],[[22.702501672134723,65.669892728057],[22.702932949386728,65.66987080499999],[22.702986082794737,65.67004862527185],[22.702501672134723,65.669892728057]],[[22.699476305922836,65.67149064315534],[22.69845437082506,65.6710010027498],[22.70077655509024,65.6699804081215],[22.70207039407903,65.66991464989766],[22.702607933948176,65.67024836893533],[22.699476305922836,65.67149064315534]],[[22.69856703712959,65.66991215873037],[22.699807767979614,65.66966859770505],[22.699535819054596,65.6702239771141],[22.698673245084613,65.67026780291083],[22.69856703712959,65.66991215873037]],[[22.698188855418753,65.67011189172716],[22.698241956894613,65.67028971398462],[22.69781066790132,65.67031162384198],[22.698188855418753,65.67011189172716]],[[22.69619168022472,65.67075489734722],[22.697485571852184,65.67068917764028],[22.697160466597715,65.67106673083809],[22.69619168022472,65.67075489734722]],[[22.663586806660287,65.68034968985721],[22.66294393797592,65.67966014825004],[22.66553184120087,65.67952930198192],[22.665690545690506,65.68006280903445],[22.664827897050262,65.68010643040037],[22.665365022952937,65.68044029192194],[22.663586806660287,65.68034968985721]],[[22.66622768161444,65.68039666740464],[22.6659021628772,65.68077415140327],[22.665365022952937,65.68044029192194],[22.66622768161444,65.68039666740464]],[[22.652724027719866,65.68505012955941],[22.65277685410443,65.68522797048736],[22.652345431147342,65.68524974612477],[22.652724027719866,65.68505012955941]],[[22.634632677852665,65.78650246412623],[22.634685629534893,65.78668031021405],[22.633819353854356,65.78672379202243],[22.634632677852665,65.78650246412623]],[[22.62211409526889,65.78875483471938],[22.622811656775866,65.78962238226742],[22.621237457278674,65.79024276336958],[22.619071394818903,65.79035127134269],[22.61837393726256,65.78948370564484],[22.619948162202462,65.78886335385688],[22.62211409526889,65.78875483471938]],[[22.61831544595957,65.67234311161357],[22.61836800518829,65.67252096716109],[22.617936758917196,65.67254264332942],[22.61831544595957,65.67234311161357]],[[22.614423240228984,65.67398267471835],[22.613076887166862,65.67386980915104],[22.612971835498588,65.67351409370049],[22.615023087135505,65.67305005632858],[22.61518070463975,65.67358362694401],[22.614423240228984,65.67398267471835]],[[22.588936587319857,65.72417356253656],[22.58904155619528,65.72452929552671],[22.588609413600015,65.72455089744307],[22.588936587319857,65.72417356253656]],[[22.586958691039555,65.79177574892583],[22.58685342162408,65.79142001736311],[22.587772590157112,65.79155466535568],[22.58787787291261,65.7919103961518],[22.586958691039555,65.79177574892583]],[[22.58253317010085,65.7901914951685],[22.584318771703366,65.79028297203031],[22.58652541979251,65.79179735617069],[22.585225601254677,65.79186217056629],[22.585120355321276,65.79150643757427],[22.58257333684372,65.79181389877725],[22.58253317010085,65.7901914951685]],[[22.570506957013926,65.77923934259181],[22.57061194131412,65.779595088231],[22.569745774217566,65.7796382048763],[22.570506957013926,65.77923934259181]],[[22.56536773136676,65.7156037708573],[22.565420032502512,65.71578164730128],[22.564988012282715,65.71580318091155],[22.56536773136676,65.7156037708573]],[[22.562264747015867,65.78109329229088],[22.56470606395645,65.78043042779872],[22.56534900147609,65.78112038414756],[22.564849973828366,65.78240859786486],[22.56148973707222,65.78293666134026],[22.560951719668903,65.78260244163899],[22.561765564773037,65.78238149743994],[22.560794422141505,65.78206881140066],[22.562264747015867,65.78109329229088]],[[22.564019385488713,65.71549049049568],[22.56353508084234,65.71533414288784],[22.564883416637127,65.71544742764256],[22.564019385488713,65.71549049049568]],[[22.561072543412504,65.77555758640258],[22.562476467387892,65.77584873783037],[22.561610409692925,65.77589180716336],[22.561715254979333,65.77624756029792],[22.56019275979139,65.7770451945262],[22.55802749774765,65.77715282735579],[22.557370971192498,65.77790738530754],[22.555415160559733,65.77872649542994],[22.55449661231088,65.7785916462866],[22.554339477671647,65.77805800778856],[22.55260717816357,65.77814405088104],[22.551583948945872,65.77765342316162],[22.55132217368898,65.7767640194305],[22.55447234018928,65.77552466783318],[22.555338399884107,65.77548163904092],[22.55587619122728,65.7758158807777],[22.55798895548997,65.77553040143273],[22.55863158441463,65.77622038914852],[22.561072543412504,65.77555758640258]],[[22.560466145964508,65.78244609682385],[22.560571007504,65.78280185059475],[22.56013786044135,65.78282338163316],[22.559599862777947,65.78248915696584],[22.560466145964508,65.78244609682385]],[[22.5594901404544,65.71499421625255],[22.55964692059986,65.7155278528192],[22.558782876281853,65.71557088606193],[22.5594901404544,65.71499421625255]],[[22.55928803354774,65.77546582653903],[22.557451143325633,65.77519616735736],[22.55869780629849,65.77495371939582],[22.55928803354774,65.77546582653903]],[[22.558873417359216,65.71737119306496],[22.55892567815528,65.7175490721446],[22.558493621927326,65.71757058767102],[22.558873417359216,65.71737119306496]],[[22.549675572555472,65.72486764089943],[22.548863406284624,65.72508850385839],[22.547842411141954,65.72459782896782],[22.54708243443067,65.72499656600255],[22.545353659861533,65.72508249167926],[22.542261231931622,65.7264994851299],[22.5409645624073,65.72656389103078],[22.540428025871506,65.7262295843243],[22.540271564128787,65.72569592478132],[22.54238044006592,65.72541070036317],[22.5431405026659,65.72501198595712],[22.542551805938572,65.72449980123702],[22.54341618093487,65.72445685689114],[22.54284234396015,65.72250011716221],[22.544086633172558,65.72225781229263],[22.54393012487682,65.72172415698282],[22.542425068045258,65.72107703177586],[22.543185006196854,65.72067831839126],[22.543304162824658,65.7195895334373],[22.543631946169494,65.7192122899658],[22.54530816404862,65.71894850305817],[22.54558373831985,65.71839337111324],[22.546827804685623,65.71815104604873],[22.546998980089715,65.71724014383713],[22.547863103712228,65.71719717673396],[22.548190791491646,65.71681992439672],[22.550559860791957,65.71742401124608],[22.55228810291483,65.7173380317318],[22.551699410719774,65.71682588237478],[22.553859655768367,65.71671838930779],[22.554828210205393,65.71703114513238],[22.555640073984797,65.71681025336107],[22.555796787982445,65.71734389455844],[22.558598140059264,65.71792634610824],[22.556110237343724,65.71841117625964],[22.557026632013574,65.71854603703594],[22.556751303732074,65.71910118724841],[22.554747584066224,65.71974236553874],[22.554904301033897,65.72027600763252],[22.553660213120345,65.72051839895367],[22.55376467912825,65.72087416123438],[22.552625004689844,65.72147230682486],[22.552781690491038,65.72200595141902],[22.551157576347524,65.72244770397947],[22.55098652431087,65.72335860965906],[22.550174416428522,65.72357947903238],[22.551024355475167,65.72498104404285],[22.550212197662557,65.72520191411628],[22.549675572555472,65.72486764089943]],[[22.557368254794095,65.71672421674877],[22.557420503671665,65.71690209646373],[22.556988456739003,65.71692360762289],[22.557368254794095,65.71672421674877]],[[22.55612436049949,65.71696662628396],[22.556556409014927,65.71694511756297],[22.556608652849082,65.71712299760719],[22.55612436049949,65.71696662628396]],[[22.556608652849082,65.71712299760719],[22.557092951033628,65.71727936733068],[22.556660897474615,65.71730087762572],[22.556608652849082,65.71712299760719]],[[22.55586316778555,65.71607722479021],[22.55596764249729,65.71643298546478],[22.555535601942708,65.71645449243434],[22.55586316778555,65.71607722479021]],[[22.551903071282112,65.72349349978244],[22.551955299038745,65.7236713815893],[22.55152313359301,65.72369287840843],[22.551903071282112,65.72349349978244]],[[22.551418684709475,65.7233371144142],[22.551470908755594,65.72351499642417],[22.5510387454378,65.7235364918464],[22.551418684709475,65.7233371144142]],[[22.550693994141938,65.77462944785294],[22.55074633806663,65.77480732895913],[22.55031331532817,65.77482883085332],[22.550693994141938,65.77462944785294]],[[22.550386026982945,65.68097590974975],[22.550438141185914,65.68115379317892],[22.550006683186144,65.68117527862708],[22.550386026982945,65.68097590974975]],[[22.549902461385933,65.68081951138896],[22.549954571891885,65.68099739502082],[22.549523116012537,65.68101887907484],[22.549902461385933,65.68081951138896]],[[22.548503898914063,65.68052819096563],[22.548935347643834,65.68050670987695],[22.548987450756005,65.68068459391414],[22.548503898914063,65.68052819096563]],[[22.548987450756005,65.68068459391414],[22.549471008415274,65.6808409952659],[22.549039554656368,65.68086247792576],[22.548987450756005,65.68068459391414]],[[22.546363760326116,65.77484441000858],[22.54679678728231,65.77482291929398],[22.546901423148586,65.77517868467905],[22.546363760326116,65.77484441000858]],[[22.546901423148586,65.77517868467905],[22.54738677723166,65.77533507486307],[22.546953742273143,65.77535656733306],[22.546901423148586,65.77517868467905]],[[22.547015625973657,65.72626323624235],[22.5470678268517,65.72644111999561],[22.54663561024568,65.72646260344298],[22.547015625973657,65.72626323624235]],[[22.546859028085507,65.72572958482857],[22.546911226590566,65.72590746865879],[22.546479018744552,65.72592895157425],[22.546859028085507,65.72572958482857]],[[22.545759255669996,65.77577680370493],[22.545811568380294,65.7759546868148],[22.545378521447695,65.77597617492772],[22.545759255669996,65.77577680370493]],[[22.545401713230017,65.7790431654827],[22.545454031439228,65.77922104866312],[22.545020929332164,65.7792425363055],[22.545401713230017,65.7790431654827]],[[22.543250888550485,65.77770603595391],[22.543198589221692,65.77752815183194],[22.543631664380534,65.77750666963364],[22.543250888550485,65.77770603595391]],[[22.541538524631946,65.7180529698865],[22.54164281200684,65.71840874225768],[22.541210724147994,65.71843020901662],[22.541538524631946,65.7180529698865]],[[22.541002164230335,65.71771866346336],[22.541054303024968,65.71789654989007],[22.54062222313072,65.7179180148984],[22.541002164230335,65.71771866346336]],[[22.54030129956792,65.77514515165399],[22.540353573119663,65.77532303702286],[22.53948748873188,65.77536598091017],[22.54030129956792,65.77514515165399]],[[22.537859824728287,65.77580762680493],[22.53727001085203,65.7752954326231],[22.539106710895577,65.77556533689575],[22.537859824728287,65.77580762680493]],[[22.53688921652523,65.77549478323138],[22.536993719088787,65.77585055673157],[22.53656066507907,65.77587201986103],[22.536023119443055,65.77553770755809],[22.53688921652523,65.77549478323138]],[[22.534788384006085,65.65756829891762],[22.53359902206435,65.65798838883357],[22.53337569963621,65.6587213868245],[22.53208239133654,65.65878568350863],[22.532201883710176,65.65769690416951],[22.534201464044276,65.65705606430596],[22.534788384006085,65.65756829891762]],[[22.532177861941175,65.7759086952251],[22.532610920948763,65.77588724449889],[22.532663143299924,65.77606513300988],[22.532177861941175,65.7759086952251]],[[22.532663143299924,65.77606513300988],[22.533200657394154,65.77639945747418],[22.53276759038089,65.77642090995501],[22.532663143299924,65.77606513300988]],[[22.532282301570692,65.7762644725761],[22.53141616944565,65.77630737106995],[22.53136395510026,65.77612948205265],[22.532282301570692,65.7762644725761]],[[22.531468384583814,65.77648526006166],[22.531520600514742,65.77666314902777],[22.531087527397098,65.77668459679533],[22.531468384583814,65.77648526006166]],[[22.53090014363699,65.77904004980654],[22.5313332564735,65.77901860217945],[22.53138547763793,65.77919649114172],[22.53090014363699,65.77904004980654]],[[22.52960080037027,65.7791043853509],[22.530033915585335,65.77908294139226],[22.530086127948792,65.77926083088639],[22.52960080037027,65.7791043853509]],[[22.530086127948792,65.77926083088639],[22.53100458089148,65.77939582806002],[22.530138341105072,65.77943872035495],[22.530086127948792,65.77926083088639]],[[22.528129327983216,65.78007960060394],[22.52856246103831,65.78005816065028],[22.52861466563032,65.78023605072556],[22.528129327983216,65.78007960060394]],[[22.52861466563032,65.78023605072556],[22.529100009145406,65.78039249924421],[22.52866687101507,65.78041394077523],[22.52861466563032,65.78023605072556]],[[22.526250596082367,65.77367553447522],[22.526094081436938,65.77314186080162],[22.527878333824443,65.77323401183743],[22.527982701172103,65.77358979284352],[22.526250596082367,65.77367553447522]],[[22.527748392859493,65.7802789297645],[22.527800592376185,65.78045682016868],[22.52736745186772,65.78047825803107],[22.527748392859493,65.7802789297645]],[[22.52678797646508,65.77400988286793],[22.527221008998467,65.77398844771689],[22.527273189580196,65.7741663384848],[22.52678797646508,65.77400988286793]],[[22.526892332555693,65.7743656647325],[22.525645383043315,65.77460785533876],[22.525055838410637,65.77409561124668],[22.526892332555693,65.7743656647325]],[[22.520301116191035,65.72488165479311],[22.520197090915122,65.72452586520272],[22.521873905563115,65.72426233056632],[22.52197795262497,65.72461811879413],[22.521113529468494,65.72466094184189],[22.520457160016353,65.72541533898749],[22.519160479595325,65.72547955921249],[22.51905646711332,65.72512376871501],[22.520301116191035,65.72488165479311]],[[22.520115857165177,65.77073055826534],[22.52027223063015,65.77126423946365],[22.519839236860765,65.7712856544895],[22.520115857165177,65.77073055826534]],[[22.51933266729368,65.72456867813906],[22.51928066167858,65.7243907829523],[22.520145079459397,65.72434797036927],[22.51933266729368,65.72456867813906]],[[22.51921248701848,65.72565745442301],[22.518348023622607,65.72570026216061],[22.518296022040683,65.72552236659675],[22.51921248701848,65.72565745442301]],[[22.51892113046467,65.77115058663571],[22.519025364223115,65.77150637508663],[22.518592365148102,65.77152778662217],[22.518055143251672,65.77119340777651],[22.51892113046467,65.77115058663571]],[[22.51616363899216,65.80972724069653],[22.516874338167366,65.80915073504785],[22.517725574947036,65.81055247352853],[22.51619971832093,65.81134970130333],[22.51489870178241,65.81141392797193],[22.51392699433572,65.81110094895392],[22.51453341755422,65.8101686626484],[22.51616363899216,65.80972724069653]],[[22.51482671726371,65.80816900443486],[22.516127570187017,65.80810477998504],[22.516231945105922,65.80846056899553],[22.515364698851418,65.80850338722857],[22.51482671726371,65.80816900443486]],[[22.515440905992083,65.77276640919298],[22.51376089078754,65.77302990457083],[22.513656722195584,65.7726741118772],[22.515717635672495,65.7722113198738],[22.515440905992083,65.77276640919298]],[[22.503473029397632,65.67319861630622],[22.503317713450723,65.67266490757002],[22.50504316016576,65.67257949251056],[22.505146726610743,65.67293529695233],[22.503473029397632,65.67319861630622]],[[22.503086606580467,65.81614728779643],[22.503138723164476,65.81632518746494],[22.502704954977883,65.81634656140591],[22.503086606580467,65.81614728779643]],[[22.49540010710306,65.8154430585863],[22.495243926490023,65.81490934995162],[22.49324868656331,65.81410522955198],[22.4987139157053,65.8147384950798],[22.502062747967233,65.81565633387955],[22.50265284133761,65.8161686615605],[22.500536102158414,65.81645341273403],[22.499564370209328,65.8161403424968],[22.49734344237046,65.81606924715847],[22.49540010710306,65.8154430585863]],[[22.497980642287327,65.77164323606992],[22.49803261564778,65.77182113886786],[22.497599590378712,65.77184249101549],[22.497980642287327,65.77164323606992]],[[22.497651561595433,65.77202039396457],[22.49721853260461,65.77204174506609],[22.49716656432065,65.77186384194057],[22.497651561595433,65.77202039396457]],[[22.482251120335405,65.80959312521489],[22.48051641299236,65.80967837254803],[22.480308640792654,65.8089667361435],[22.478314329263192,65.80816241145516],[22.47833257965868,65.80671782867496],[22.4793738222359,65.80576436730558],[22.478854589112284,65.80398526995963],[22.48097056692417,65.803700826953],[22.48247907026411,65.8043485260805],[22.482582962372856,65.80470434277916],[22.481715775468583,65.80474696916923],[22.481386058450603,65.80512409818274],[22.481541880799966,65.8056578244757],[22.486033856408202,65.80597836774136],[22.487057018624792,65.80646943597141],[22.48792425286492,65.80642677875856],[22.489346728146206,65.80527401679171],[22.494341702947704,65.80430631065043],[22.496197328132446,65.80313214069669],[22.496023955276417,65.8040430073822],[22.494393730389284,65.80448421417078],[22.494653879460113,65.80537373139117],[22.496700516366403,65.80635574230749],[22.496579195984427,65.80744451210167],[22.493699894841093,65.80812767491437],[22.493370314720902,65.8085048284856],[22.489901122397416,65.8086755540783],[22.488912165454888,65.8098069901549],[22.48917218988521,65.81069651794631],[22.487055737833412,65.81098107933929],[22.486396303114102,65.81173535974668],[22.484453560574888,65.81110902601036],[22.48370804178758,65.81006290018705],[22.482251120335405,65.80959312521489]],[[22.491825568596116,65.81976966514561],[22.489934111218634,65.81932131281319],[22.48983004668586,65.81896550279845],[22.488476544322253,65.8188516035815],[22.4883725022058,65.81849579235467],[22.486741238200153,65.81893692753137],[22.485387749462724,65.81882300079079],[22.48512775712537,65.81793346622666],[22.486273179603252,65.81733576985395],[22.485857181296137,65.81591251685909],[22.487766014850617,65.81491634433314],[22.489067289439127,65.81485234648407],[22.489969250589386,65.81643215776305],[22.491582820127878,65.81743556701824],[22.49250246070793,65.81757078454625],[22.49258913654826,65.81937116880147],[22.494098869544672,65.82001874103088],[22.494133607384846,65.82164121991708],[22.492085814550517,65.8206591858234],[22.491825568596116,65.81976966514561]],[[22.488604565389625,65.79069298975638],[22.48806731244357,65.79035850552131],[22.489367346929285,65.79029451723524],[22.490026180454514,65.78954022989753],[22.491378138523995,65.78965413047253],[22.491482082241212,65.79000994059471],[22.490615407142723,65.79005261255989],[22.490337963468903,65.79060766328794],[22.489089873879312,65.79084956598038],[22.48919379181905,65.79120537791533],[22.48735645457694,65.79093487846961],[22.488604565389625,65.79069298975638]],[[22.462481434143797,65.80514976102049],[22.464701349128706,65.805221373536],[22.464008630891538,65.80435305759852],[22.464875839706636,65.80431053164476],[22.464772193963142,65.8039547004991],[22.4655875602868,65.80373425509177],[22.465276611389825,65.80266676300865],[22.46328325921503,65.80186223253176],[22.463787716536388,65.800574299578],[22.46488108107924,65.7997988501449],[22.465748134957312,65.79975632074282],[22.468368109870607,65.79818411592007],[22.469668597670296,65.79812029114638],[22.471576789050992,65.79712432741601],[22.474888948116263,65.79642029737504],[22.47473333059858,65.79588656229713],[22.47771558496723,65.79555958662445],[22.478045241762658,65.79518246613722],[22.478912114275108,65.79513986368295],[22.478374889167156,65.7948053450294],[22.47967517675284,65.79474143689708],[22.479086052757577,65.79422901096022],[22.47984908627731,65.7938305835878],[22.48114932031638,65.79376666341096],[22.483923526827343,65.79272793352321],[22.486575797428998,65.79277792099467],[22.48716503407598,65.79329031689407],[22.485968727565453,65.79371010239763],[22.485795035805403,65.79462096055109],[22.484650583393563,65.79521864384205],[22.484910283938166,65.79610818203729],[22.48317649448386,65.79619345063676],[22.482465371912813,65.79676980337894],[22.481598451658417,65.79681242649556],[22.481702295106697,65.79716824426532],[22.483436155974708,65.79708299172506],[22.48504821608447,65.79808648476128],[22.488134517894874,65.79811511879677],[22.489330988858864,65.79769531469168],[22.490301889624057,65.79800845819686],[22.490995305625773,65.79887664785663],[22.490665796213143,65.79925379488776],[22.487249793641237,65.79960235359177],[22.486364971706006,65.80108958421366],[22.481648047085105,65.80150198884097],[22.481751913930488,65.8018578063508],[22.480884821140304,65.80190042709805],[22.481110649159092,65.80116748151036],[22.47975812281206,65.80105349545691],[22.480573265363017,65.80083297214875],[22.48112876021499,65.79972289977141],[22.475596833993055,65.80035564218485],[22.47330689795692,65.80155085718681],[22.472751028706476,65.80266090472898],[22.4718838910196,65.80270347475313],[22.47283621057492,65.80446131464686],[22.471742899161217,65.80523682057877],[22.47210603160798,65.80648220906966],[22.469207398352953,65.80860950222288],[22.469952285223727,65.80965570502579],[22.471894572957655,65.81028222780154],[22.47258772708975,65.81115050368186],[22.473558947904426,65.81146375063716],[22.47279530719761,65.8118621524698],[22.472951000564045,65.81239588879505],[22.472083535633868,65.81243846314602],[22.472064948368793,65.81388304846644],[22.4708155600533,65.81412481426983],[22.471023120011584,65.81483646566687],[22.468401670811566,65.81640873047255],[22.468175370263037,65.81714166185175],[22.46671831534015,65.81667173987965],[22.465850694039926,65.8167142803227],[22.46722284763588,65.81538379482174],[22.465836702575412,65.81364718958352],[22.464431733110303,65.81335515844867],[22.463356878978697,65.81268602117385],[22.46248938523645,65.81272854126723],[22.462333906183154,65.81219479218872],[22.460184462631258,65.81085647794579],[22.459265223386573,65.81072106179998],[22.460080850024525,65.8105006432894],[22.459925437022147,65.80996689111555],[22.46079284287146,65.80992438645272],[22.459770031108615,65.80943313871464],[22.461886680563637,65.80914895387052],[22.462164918733286,65.80859394719279],[22.46336230366382,65.80817433791013],[22.463329575875832,65.80655183265347],[22.46085054374477,65.80559061581184],[22.459601443289753,65.8058322870001],[22.459705026716207,65.80618812226489],[22.45705139606997,65.8061376807217],[22.455141982209597,65.80713347461858],[22.452158080641823,65.80746002491603],[22.45162093155489,65.80712541130606],[22.451465718239348,65.80659164857968],[22.455336369504458,65.80477804770133],[22.457122618069718,65.80487100757264],[22.457019076660362,65.80451517014622],[22.45831991767115,65.80445143869179],[22.460746947389133,65.80523478145082],[22.461614192341475,65.80519227368514],[22.46151058736725,65.80483643992669],[22.462481434143797,65.80514976102049]],[[22.490771311015102,65.79058632861152],[22.49082328055162,65.79076423391129],[22.49038993006776,65.79078556876416],[22.490771311015102,65.79058632861152]],[[22.48642692670789,65.67025169954691],[22.48556424546686,65.67029430339711],[22.48616869076868,65.66936214969071],[22.48822198952714,65.66889980479478],[22.48804895983578,65.66981065878154],[22.486754963622413,65.66987457628086],[22.48642692670789,65.67025169954691]],[[22.488859955438322,65.66959013211317],[22.48875662851514,65.66923431420165],[22.48961926818085,65.66919169263734],[22.48977427718265,65.66972541841314],[22.488583616140307,65.67014516862581],[22.488307265646696,65.67070020474766],[22.487444573208133,65.67074281938642],[22.48804895983578,65.66981065878154],[22.488859955438322,65.66959013211317]],[[22.486851882434227,65.79673452113028],[22.487285336423746,65.79671319531833],[22.487337296754497,65.79689110189791],[22.486851882434227,65.79673452113028]],[[22.487337296754497,65.79689110189791],[22.487822716953357,65.79704768106316],[22.487389257874838,65.79706900845207],[22.487337296754497,65.79689110189791]],[[22.48636647399252,65.79657793876038],[22.486418427655167,65.7967558457181],[22.48598497208661,65.79677716908186],[22.48636647399252,65.79657793876038]],[[22.47537730366453,65.77095150845622],[22.476036088465676,65.7701972820774],[22.475292190967707,65.7691510993548],[22.47286819801811,65.76836795835607],[22.473682382882178,65.76814748124337],[22.473526995238593,65.76761374270464],[22.47467052067134,65.76701615198816],[22.474740878526667,65.76574947914649],[22.476905599583286,65.76564303482596],[22.476750163441544,65.76510930005169],[22.479295921923022,65.76480361911037],[22.479192268155384,65.76444779786235],[22.480975779825318,65.76454050522383],[22.485165258400297,65.7668607566767],[22.485372757025143,65.76757238909983],[22.48445495308729,65.76743711065964],[22.485043538609492,65.76794952111293],[22.48331164092485,65.76803477270242],[22.482912434769645,65.76967857327406],[22.480418091942465,65.77016222890501],[22.47996682628389,65.77162811381031],[22.477213084596467,65.77122216745842],[22.47667639850044,65.77088763755773],[22.47537730366453,65.77095150845622]],[[22.484804598605123,65.62395360870738],[22.485235171171972,65.62393231720611],[22.4852867016213,65.62411022867701],[22.484804598605123,65.62395360870738]],[[22.482651724103146,65.62406004799918],[22.482600211810304,65.62388213545204],[22.483030785369795,65.62386085019742],[22.482651724103146,65.62406004799918]],[[22.48098091198714,65.62432309079747],[22.481411494450192,65.62430181004989],[22.481462999608688,65.62447972307201],[22.48098091198714,65.62432309079747]],[[22.481032414249018,65.62450100399472],[22.481083917288448,65.62467891716678],[22.480653328254537,65.62470019705026],[22.481032414249018,65.62450100399472]],[[22.480704829174833,65.62487811037221],[22.480274236466656,65.62489938921642],[22.480222738443107,65.62472147571938],[22.480704829174833,65.62487811037221]],[[22.480583240936227,65.62596686966987],[22.480152630069128,65.62598814835025],[22.48010113027728,65.62581023482922],[22.480583240936227,65.62596686966987]],[[22.47769679335151,65.67032169211771],[22.47774838316272,65.67049960557246],[22.477317030227606,65.6705208835919],[22.47769679335151,65.67032169211771]],[[22.446884867065872,65.67725193953326],[22.44861084217377,65.6771671601577],[22.448939517277708,65.67679011228813],[22.451199781503586,65.67703995456834],[22.453480059894396,65.67584516643775],[22.456017384878564,65.67553995732627],[22.459076903903323,65.67250221355367],[22.45823381220588,65.6711000688917],[22.459096574239474,65.67105761943648],[22.460184828448874,65.67028225393096],[22.4632043732564,65.67013362183884],[22.463307353919724,65.67048946053659],[22.464170085633246,65.67044698257104],[22.46606935367808,65.66945117555248],[22.470002976038025,65.66943783421357],[22.470331244876487,65.66906074412167],[22.47205658240918,65.66897570476962],[22.472417434056712,65.67022111473446],[22.472797231364652,65.6700219351691],[22.47716227185867,65.66998714262594],[22.47726544332446,65.67034296996181],[22.475868234544787,65.67005096780453],[22.474194405526035,65.67031396591284],[22.474986755205837,65.67153809918359],[22.473744199463447,65.67177982171975],[22.473519079078816,65.67251274929622],[22.472276462613642,65.67275446043134],[22.472810981186704,65.67308902714258],[22.471999735739477,65.67330947060962],[22.47210285228794,65.67366530199668],[22.471240029163162,65.67370782591512],[22.47198079202349,65.67475405917277],[22.471324158691015,65.67550824672989],[22.471910287129948,65.67602073203193],[22.470216997586114,65.67772828000417],[22.468645706463796,65.678347055318],[22.468748801112174,65.67870288920028],[22.465380546309994,65.68067331420531],[22.463551369321785,65.6804024477716],[22.46334530954481,65.67969077160433],[22.465090699733906,65.6781612129019],[22.46729968922566,65.67823289483319],[22.468439526524836,65.67763538725143],[22.46823335906203,65.67692371878216],[22.467215819909512,65.67643246920963],[22.46376410176171,65.67660242868874],[22.463055677083467,65.67717866430453],[22.460898276473,65.67728483986463],[22.460795296360615,65.67692899952621],[22.457774943533675,65.6770775917273],[22.457672007279005,65.6767217488389],[22.45680905396096,65.67676419209667],[22.455823348943067,65.67789538146346],[22.45496035291585,65.67793781464505],[22.454631752764943,65.67831487479512],[22.4529057249718,65.67839972307638],[22.45300860383001,65.67875556976033],[22.45247421607785,65.67842093210274],[22.451179684727066,65.6784845518764],[22.450110981414348,65.67781526110687],[22.448816473322307,65.67787886051954],[22.448056272636542,65.67827710476963],[22.446278828406488,65.67818395254638],[22.446556156257763,65.67762898331132],[22.446884867065872,65.67725193953326]],[[22.47341933953891,65.77176958702456],[22.47347114392173,65.77194749984257],[22.473038092137212,65.77196878246279],[22.47341933953891,65.77176958702456]],[[22.47318459636721,65.80263961788013],[22.473236473733042,65.80281753007105],[22.472802903131154,65.80283881709606],[22.47318459636721,65.80263961788013]],[[22.472449646377534,65.7714563242748],[22.47288269014835,65.77143504340512],[22.472934490024862,65.7716129564496],[22.472449646377534,65.7714563242748]],[[22.472618481825375,65.67544445742108],[22.47267004906907,65.67562237282499],[22.472238605894805,65.67564363732048],[22.472618481825375,65.67544445742108]],[[22.47190194339684,65.66844195726415],[22.471953488954746,65.66861987312446],[22.47152216155645,65.6686411344375],[22.47190194339684,65.66844195726415]],[[22.46952010188263,65.66928117333191],[22.469468571433634,65.66910325649609],[22.46989990854474,65.66908200091734],[22.46952010188263,65.66928117333191]],[[22.46860918619785,65.81712038558776],[22.46866106701694,65.81729829930335],[22.468227248137193,65.81731957574348],[22.46860918619785,65.81712038558776]],[[22.459054477172224,65.6860373216468],[22.461109589644156,65.68557532528686],[22.462404445784074,65.68551161771188],[22.462507489065832,65.68586745633793],[22.466340519557868,65.68549834696913],[22.466115091724216,65.68623126662824],[22.465303381055833,65.68645167895008],[22.465458013607854,65.68698543324643],[22.463937592119894,65.68778208462442],[22.459621014665533,65.68799444769894],[22.459054477172224,65.6860373216468]],[[22.463152884092846,65.66995570245233],[22.463584241613834,65.66993446460312],[22.463635733685734,65.67011238381464],[22.463152884092846,65.66995570245233]],[[22.462361055453055,65.81832898241045],[22.462412896038497,65.81850689864068],[22.46154520437655,65.81854941529267],[22.462361055453055,65.81832898241045]],[[22.461422364413846,65.81963817179914],[22.461474201681806,65.81981608838059],[22.46104033326045,65.81983734487461],[22.461422364413846,65.81963817179914]],[[22.461025172805023,65.80467977697722],[22.460539764126743,65.80452311242601],[22.461406985542915,65.80448060606733],[22.461025172805023,65.80467977697722]],[[22.458540741835957,65.82032069365171],[22.46076196291027,65.8203923507917],[22.46086563275879,65.82074818443128],[22.458955316001386,65.82174403484427],[22.456785791115767,65.82185027095747],[22.45520555578521,65.82246899506505],[22.452550245270285,65.82241849157558],[22.452291343604625,65.82152889058196],[22.458540741835957,65.82032069365171]],[[22.452425582654257,65.68582183894884],[22.449887209337355,65.6861269984319],[22.4505447253787,65.68537289481898],[22.45232267801693,65.68546599212306],[22.452425582654257,65.68582183894884]],[[22.448786999242778,65.68383517844329],[22.448406816647626,65.68403430178262],[22.448303975732202,65.68367845160827],[22.448786999242778,65.68383517844329]],[[22.44797520951538,65.68405549900415],[22.448026628228035,65.68423342422848],[22.447595017405437,65.6842546204068],[22.44797520951538,65.68405549900415]],[[22.44683461571166,65.68465286053166],[22.447266233915073,65.68463166643973],[22.447317649137315,65.6848095919384],[22.44683461571166,65.68465286053166]],[[22.44589959777702,65.68596191835654],[22.43892111585401,65.68756749264045],[22.437903691770302,65.68707604569158],[22.438078572310832,65.68616523077313],[22.43932216223966,65.68592378974417],[22.439394263991847,65.68465711638154],[22.44548835363893,65.68453850927698],[22.445210937215954,65.68509347743908],[22.446886028021463,65.68483078620507],[22.446608638987684,65.68538575664785],[22.44531374242519,65.68544933005835],[22.44589959777702,65.68596191835654]],[[22.4393005321795,65.69494725873729],[22.43914638134589,65.69441347312076],[22.44000995734395,65.69437112402866],[22.439907182350993,65.69401526752438],[22.441582903702777,65.6937526285236],[22.441911879204625,65.69337559289166],[22.444882822464024,65.69304936988219],[22.44351564219758,65.69437960573502],[22.44237450134662,65.69497693918842],[22.44151090980857,65.69501930186362],[22.44161371162857,65.69537515701958],[22.44016412566809,65.69490490859738],[22.4393005321795,65.69494725873729]],[[22.440318300994285,65.69543869294091],[22.439886495893344,65.69545986914409],[22.439783717394977,65.69510401259083],[22.440318300994285,65.69543869294091]],[[22.439399008920866,65.82865537687597],[22.438148586825626,65.8288968852415],[22.438045191542873,65.82854103353188],[22.439399008920866,65.82865537687597]],[[22.434089620598847,65.72696137514912],[22.434264824857166,65.72605056143708],[22.437569032553622,65.72534741945529],[22.43810423730262,65.72568210149022],[22.437291057002618,65.725902378662],[22.437064514941106,65.72663526614866],[22.43803207423327,65.72694877485128],[22.438186435497315,65.72748255953262],[22.437476101326407,65.72805869466231],[22.434830541759705,65.72800778786618],[22.434243900595256,65.72749516462437],[22.43543806275142,65.72707580593396],[22.434089620598847,65.72696137514912]],[[22.435102732345978,65.64246261763049],[22.43267078973919,65.64312331320644],[22.433656279425172,65.6419922762328],[22.434949043106624,65.64192882320802],[22.435102732345978,65.64246261763049]],[[22.42700060815161,65.72063175990318],[22.427051970146035,65.72080969277353],[22.426619728621628,65.72083083558307],[22.42700060815161,65.72063175990318]],[[22.42571207069942,65.78601603168508],[22.425763580431397,65.78619396354452],[22.425330242307165,65.78621511339021],[22.42571207069942,65.78601603168508]],[[22.425651232903007,65.80857476476316],[22.425702796428773,65.80875269611919],[22.42526907891291,65.80877384947227],[22.425651232903007,65.80857476476316]],[[22.425212800411046,65.64150421430006],[22.42526396166577,65.64168214975304],[22.424402109171183,65.64172439810385],[22.425212800411046,65.64150421430006]],[[22.402766777149502,65.78569066316987],[22.40286947928306,65.78604654542839],[22.40378755142487,65.78618231254531],[22.403383036764293,65.78782595522742],[22.40468319480664,65.78776268771918],[22.404837303721255,65.7882965086034],[22.40690149282099,65.78783515683706],[22.405755466561086,65.78843226299315],[22.407107034843968,65.7885469143768],[22.40736397994041,65.78943661074086],[22.410192193204285,65.78857713649538],[22.411058977861508,65.78853492056277],[22.410831237624894,65.78926778059646],[22.41343164807856,65.78914110657323],[22.41289539148274,65.78880634803933],[22.41404126506593,65.7882091897099],[22.415341410965905,65.78814583144808],[22.41567190122914,65.7877688378439],[22.41536324956644,65.78670122203845],[22.41628140687399,65.78683691310478],[22.41638430095351,65.787192784391],[22.418117749718878,65.78710827837794],[22.417963374507558,65.78657447350803],[22.422296853529932,65.78636312804082],[22.423266526500257,65.78667671000284],[22.424081722000764,65.78645648811798],[22.42428772486926,65.78716821800407],[22.42298765468286,65.78723165180591],[22.42362700407241,65.7879222393144],[22.422708771492292,65.78778659320922],[22.42281175880593,65.7881424592513],[22.42469976816544,65.78859167657573],[22.42506034713561,65.78983720151261],[22.42348125263196,65.7904555860867],[22.42358426342009,65.79081145137856],[22.420983744536198,65.79093829957436],[22.420653294747638,65.79131530429585],[22.41848614085375,65.79142097308767],[22.41794977024116,65.79108623343537],[22.416216053437605,65.7911707401375],[22.415679717320323,65.790835992167],[22.414812864422544,65.79087823502527],[22.41545209255348,65.79156885797823],[22.41246943764029,65.7918946199829],[22.41267517224514,65.79260636814531],[22.411808253920213,65.79264859455952],[22.412447448822853,65.79333923042648],[22.411095606345402,65.79322462903207],[22.410485773477525,65.79415653620626],[22.409185310178525,65.79421985614327],[22.40890606054841,65.79477477584037],[22.407605561405376,65.79483808265512],[22.40732627156778,65.79539299984876],[22.405261491470277,65.79585436308035],[22.405364276715062,65.79621024284889],[22.40421785196818,65.79680734130308],[22.40253507195049,65.79706963713616],[22.402204275717608,65.79744660522047],[22.40317413671608,65.79776031311664],[22.40052143241605,65.79770887945136],[22.39932347158234,65.79812800099926],[22.3995289030509,65.79883976980939],[22.39774324506451,65.79874612997718],[22.396927432292088,65.7989662170065],[22.397030117402995,65.79932210335488],[22.395729353833193,65.79938531146465],[22.39517016000601,65.80049510775889],[22.39213488318732,65.80064254065071],[22.392237510159564,65.80099843078477],[22.38790127525977,65.80120894856613],[22.38601294378453,65.8007592788248],[22.38379357003362,65.80068651622862],[22.383383553120858,65.79926292783065],[22.38419949524504,65.79904291198876],[22.38509019697903,65.79755621881037],[22.387868782132248,65.79651919489707],[22.38837694179234,65.79523147632722],[22.3909499892843,65.79348261348325],[22.390260081873148,65.79261393604008],[22.389393119231915,65.79265603547077],[22.39053971502154,65.79205904679287],[22.390437154249238,65.79170315487197],[22.38990113702736,65.79136831318478],[22.388218554704068,65.79163044916571],[22.387682567491723,65.79129559939135],[22.388498222638454,65.7910755633247],[22.387631308255443,65.79111765227445],[22.387044085681786,65.79060485289097],[22.387962243819654,65.7907407144518],[22.389388424906258,65.78958884985288],[22.391937709631048,65.78928459451349],[22.393745741530704,65.78793369088179],[22.394612536897185,65.78789156832735],[22.395022956248386,65.78931512266601],[22.398005554372283,65.78898970241919],[22.39910045655249,65.78821470993947],[22.398410427505464,65.78734607053919],[22.39922586427693,65.78712597921347],[22.399071879899896,65.78659215145379],[22.40065134380085,65.78597401608454],[22.402766777149502,65.78569066316987]],[[22.424493740257123,65.78787994749003],[22.42454524606036,65.78805787979894],[22.424111875420472,65.78807902649807],[22.424493740257123,65.78787994749003]],[[22.42376171936519,65.80812557380538],[22.4238648189457,65.80848143804299],[22.422512130953354,65.80836694604292],[22.42376171936519,65.80812557380538]],[[22.411531307139533,65.64560265062559],[22.41072036903173,65.64582276379325],[22.410085090771936,65.64513208231558],[22.4114515518858,65.64380215430795],[22.41614111764861,65.6433921884022],[22.41852240423917,65.64255381495634],[22.419384295784678,65.6425115996026],[22.420830526881335,65.64298207917818],[22.42062599566388,65.64227033016255],[22.42138560109524,65.64187222903735],[22.42245203588783,65.64254174413902],[22.423313919331537,65.64249950655399],[22.423416221318185,65.64285537892547],[22.420655241995785,65.6438928782109],[22.419822509181493,65.64555764985396],[22.416403519843307,65.64734904732995],[22.413437397861856,65.64767466639853],[22.41183778208301,65.64667029559305],[22.411531307139533,65.64560265062559]],[[22.421780644016366,65.84683750284742],[22.423290285538098,65.84748577600868],[22.422524809742637,65.84788394391482],[22.421656048158084,65.847926244133],[22.421118413081494,65.84759152787001],[22.419432515308884,65.84785404024409],[22.41966043299667,65.84712116569638],[22.421780644016366,65.84683750284742]],[[22.393598230797483,65.65928984701533],[22.394511719510092,65.65942571468463],[22.394840979250166,65.65904877819523],[22.39699718782196,65.65894355220865],[22.397224386493534,65.65821071803352],[22.40498635446029,65.65783164319008],[22.405797713515533,65.6576115565047],[22.405593455657627,65.65689978456278],[22.409525290623787,65.65688802668123],[22.412390298213122,65.65620659259542],[22.418857900000887,65.65589008550747],[22.420787223005398,65.6565173852016],[22.42104306362627,65.65740706940753],[22.419369453390523,65.65766946124974],[22.419902975492793,65.65800422380784],[22.418660522068357,65.65824549476892],[22.41881399268813,65.65877930782615],[22.415693189988744,65.6585711698573],[22.410269300930633,65.66100176014723],[22.410144664282132,65.66209049256727],[22.408726123959866,65.66324247683319],[22.406138311441705,65.66336894771754],[22.405809166376855,65.66374590756243],[22.40360153604939,65.66367331848123],[22.40337447954482,65.66440616078961],[22.40466844912739,65.66434295377768],[22.404339270887423,65.6647199107635],[22.401166797556908,65.66433353683269],[22.401064698728234,65.66397764748903],[22.397131770000044,65.6639891970747],[22.393477169586635,65.663445762805],[22.392155657454822,65.66188630435488],[22.39032853721861,65.6616145365851],[22.39007369981466,65.66072479087084],[22.39217909124376,65.66044168261466],[22.392406437494014,65.65970885419966],[22.393598230797483,65.65928984701533]],[[22.420815909243768,65.81314120220985],[22.420867450359655,65.81331913541582],[22.41999985125283,65.81336141498929],[22.420815909243768,65.81314120220985]],[[22.411919503263377,65.81736379387704],[22.413221126862915,65.8173004393973],[22.41311813190489,65.81694456696303],[22.414368225633194,65.81670326677074],[22.41421371490434,65.81616945943088],[22.415360741177192,65.81557228004502],[22.416228423894566,65.81553002603603],[22.416073883076795,65.81499622086979],[22.41982372368046,65.8142722212173],[22.419316824516706,65.81556003217825],[22.420721426710596,65.81585248214634],[22.41941989845657,65.81591589966482],[22.41875834275234,65.81666990795523],[22.417456767387925,65.81673330918869],[22.416743610884513,65.81730937496569],[22.41549351141779,65.81755069466826],[22.416288028115062,65.81877511261602],[22.4145009303247,65.81868168288862],[22.41368464295012,65.81890186411503],[22.413787655142794,65.81925773599977],[22.412537432731995,65.8194990326792],[22.412691932724304,65.82003284181785],[22.410956246814933,65.82011730778625],[22.41041935207263,65.81978254673105],[22.411919503263377,65.81736379387704]],[[22.41931650711623,65.85200992612126],[22.41936813146325,65.85218785902491],[22.41849921824542,65.85223014275272],[22.41931650711623,65.85200992612126]],[[22.416127960596516,65.82582021883294],[22.416488751618424,65.82706576194533],[22.414370098307923,65.82734933634929],[22.413700269888725,65.82503617283255],[22.4163042751696,65.82490941507247],[22.41689289925142,65.82542208815364],[22.416127960596516,65.82582021883294]],[[22.416316559241558,65.64248139303545],[22.416367661859486,65.64265933206465],[22.41593671106688,65.64268043183894],[22.416316559241558,65.64248139303545]],[[22.415300612449972,65.71957963409425],[22.41486837992471,65.71960074343589],[22.414817104599056,65.71942280560808],[22.415300612449972,65.71957963409425]],[[22.413607881536265,65.78823030668237],[22.413556450770702,65.7880523699537],[22.41398983136125,65.7880312531559],[22.413607881536265,65.78823030668237]],[[22.413593528929333,65.79274207346259],[22.41364497119683,65.79292001006648],[22.413211508107885,65.79294112668383],[22.413593528929333,65.79274207346259]],[[22.41336583077972,65.79347493686984],[22.413417273233815,65.79365287354864],[22.412983797601452,65.79367398964038],[22.41336583077972,65.79347493686984]],[[22.41288091935597,65.79331811590849],[22.412932358087854,65.79349605278692],[22.412498884614273,65.79351716747956],[22.41288091935597,65.79331811590849]],[[22.41168336601418,65.79373733056919],[22.4117347974878,65.79391526792172],[22.411301315788187,65.79393637929049],[22.41168336601418,65.79373733056919]],[[22.408918930530547,65.82220128744363],[22.409352890305072,65.82218017822345],[22.409404373958726,65.8223581158519],[22.408918930530547,65.82220128744363]],[[22.409404373958726,65.8223581158519],[22.409889823282576,65.82251494265955],[22.40945585839563,65.8225360534554],[22.409404373958726,65.8223581158519]],[[22.408764493112177,65.82166747388415],[22.408867450607918,65.82202334961543],[22.40843349299799,65.82204445743476],[22.408764493112177,65.82166747388415]],[[22.407821295081092,65.71795989092946],[22.40825350711581,65.7179388018055],[22.40830473376929,65.71811674232029],[22.407821295081092,65.71795989092946]],[[22.40830473376929,65.71811674232029],[22.40878817830102,65.71827359211798],[22.408355961199042,65.71829468281021],[22.40830473376929,65.71811674232029]],[[22.40858792627197,65.82257827136887],[22.40863940559632,65.82275620929697],[22.408205435411734,65.82277731658937],[22.40858792627197,65.82257827136887]],[[22.40735969894236,65.82137491573572],[22.40779364632762,65.82135381106752],[22.40784511722236,65.82153174934507],[22.40735969894236,65.82137491573572]],[[22.40784511722236,65.82153174934507],[22.408330541397717,65.82168858135394],[22.40789658890016,65.82170968759769],[22.40784511722236,65.82153174934507]],[[22.40534431224621,65.82201423858928],[22.4057782723893,65.82199313952711],[22.40582973089411,65.82217107860352],[22.40534431224621,65.82201423858928]],[[22.40582973089411,65.82217107860352],[22.40761704650797,65.8222646077478],[22.408153959035346,65.82259937848647],[22.407337492693134,65.82281952749584],[22.40582973089411,65.82217107860352]],[[22.407109398119527,65.82355238536923],[22.407160869567317,65.8237303238717],[22.406726881509627,65.82375142713342],[22.407109398119527,65.82355238536923]],[[22.406208998243123,65.79761266460841],[22.40518771223726,65.79712103640405],[22.406973279112414,65.79721458997575],[22.40707609450563,65.79757046829829],[22.406208998243123,65.79761266460841]],[[22.406189962349252,65.8234166514401],[22.406241427117557,65.82359459031701],[22.40580744044202,65.82361569095166],[22.406189962349252,65.8234166514401]],[[22.404426256680782,65.85688397306932],[22.404477789729754,65.8570619118758],[22.404043236458833,65.85708301294787],[22.404426256680782,65.85688397306932]],[[22.40442636222498,65.78687298574738],[22.404477727180456,65.78705092619154],[22.40404435370351,65.78707201588728],[22.40442636222498,65.78687298574738]],[[22.40302246474942,65.66622773248815],[22.40264217426194,65.66642674237438],[22.402540045266306,65.6660708543199],[22.40302246474942,65.66622773248815]],[[22.399573451933076,65.78223722857511],[22.398655542548095,65.78210143451014],[22.399522132325615,65.78205928603914],[22.399573451933076,65.78223722857511]],[[22.399852783292967,65.78168232516998],[22.400719356641346,65.78164017005332],[22.40038871898485,65.78201713267285],[22.399522132325615,65.78205928603914],[22.399852783292967,65.78168232516998]],[[22.397207311960273,65.78469799459032],[22.39628932570019,65.78456218702502],[22.394863723107274,65.78571411056788],[22.392212270836932,65.78566252028956],[22.39195589350807,65.78477279292207],[22.392948251361414,65.78364195347945],[22.394527688973955,65.78302388179304],[22.39442511637797,65.78266799266352],[22.395343025279523,65.7828038122015],[22.39870685627953,65.78227937739467],[22.399345428969525,65.78297007418917],[22.398427494340492,65.78283427899599],[22.398404695361883,65.78427889524197],[22.397207311960273,65.78469799459032]],[[22.399291449461174,65.820864881755],[22.399342860436665,65.82104282347571],[22.39890890997369,65.82106390415055],[22.399291449461174,65.820864881755]],[[22.383696616048315,65.82324557634549],[22.383594000546196,65.82288968037244],[22.38446199232941,65.82284760398738],[22.383696616048315,65.82324557634549]],[[22.382418213251313,65.82186406124741],[22.381167556048517,65.82210510515402],[22.38101369458484,65.82157125802358],[22.381932939267667,65.82170714540774],[22.381779064795438,65.8211732991734],[22.38330973445866,65.82037737064128],[22.383538487168984,65.81964454203462],[22.385656874458874,65.81936139804255],[22.385554250467795,65.81900550346616],[22.389025659860014,65.81883712910808],[22.39004752998591,65.81932885985742],[22.39188595627323,65.8196005209011],[22.396173862752665,65.81921191731841],[22.397578415662355,65.8195045807269],[22.397681208197692,65.81986046558896],[22.399034406315153,65.819975172778],[22.39837214935081,65.82072909943484],[22.393318853287678,65.82151578548927],[22.389795769656097,65.82150631509619],[22.388596541231696,65.82192536460819],[22.38686063295112,65.82200955873412],[22.386095318764387,65.82240754252075],[22.3866832861254,65.82292033834456],[22.38446199232941,65.82284760398738],[22.382418213251313,65.82186406124741]],[[22.39880609470034,65.82070802033515],[22.398857501945976,65.82088596225529],[22.3984235536487,65.82090704152952],[22.39880609470034,65.82070802033515]],[[22.39434580504925,65.83878798673132],[22.395802852541365,65.83925859942391],[22.395882907231233,65.84105910062509],[22.394351437788746,65.84185516287641],[22.392179898052817,65.84196050014786],[22.390774160000806,65.84166779847186],[22.390311577062707,65.84006629534004],[22.39092314237387,65.83913445222858],[22.39434580504925,65.83878798673132]],[[22.39452991667912,65.76931054136178],[22.394148083050226,65.76950954501866],[22.394045580264095,65.76915365494995],[22.39452991667912,65.76931054136178]],[[22.392799891616026,65.81666916338834],[22.393233774046852,65.81664810073518],[22.39328513306019,65.81682604499717],[22.392799891616026,65.81666916338834]],[[22.39328513306019,65.81682604499717],[22.39377038039812,65.81698292500653],[22.393336492854765,65.81700398923431],[22.39328513306019,65.81682604499717]],[[22.393714993926054,65.76953060260456],[22.393766243551383,65.76970854777576],[22.393333150714035,65.76972960431259],[22.393714993926054,65.76953060260456]],[[22.39276947991344,65.76777220414917],[22.393202540467936,65.76775114952707],[22.393253782312577,65.76792909494655],[22.39276947991344,65.76777220414917]],[[22.393253782312577,65.76792909494655],[22.393738090580896,65.76808598414792],[22.393305024935195,65.76810704034119],[22.393253782312577,65.76792909494655]],[[22.392287032911128,65.85909689444928],[22.390114026683097,65.85920221643045],[22.39164663549547,65.85840618575025],[22.392515810407403,65.85836405221353],[22.392287032911128,65.85909689444928]],[[22.390790530794295,65.77310104960674],[22.38867598292732,65.77338422781159],[22.38928616147273,65.77245240451705],[22.391018726772057,65.77236821510628],[22.390790530794295,65.77310104960674]],[[22.384852402168907,65.84556355151577],[22.3825264404818,65.84513491354663],[22.38237238531344,65.84460106967232],[22.383138400648225,65.84420309783148],[22.386127502879408,65.84387784737591],[22.386230254023864,65.84423374032728],[22.38952770872428,65.84497610083073],[22.390144576427947,65.84711144030454],[22.387052375844025,65.84708088035987],[22.384852402168907,65.84556355151577]],[[22.388889956171226,65.78023039058627],[22.389425720086688,65.78056523828363],[22.38769259813928,65.780649414971],[22.387538898853247,65.78011557281013],[22.39003602667087,65.77963341075962],[22.389756502280097,65.78018829804358],[22.388889956171226,65.78023039058627]],[[22.38502247286049,65.72556615983653],[22.385073557891264,65.72574410954041],[22.384641192737774,65.72576513431206],[22.38502247286049,65.72556615983653]],[[22.381331669794427,65.74631496119797],[22.38138277876835,65.74649291190082],[22.38095006289771,65.7465139295953],[22.381331669794427,65.74631496119797]],[[22.37957366186116,65.74477644796796],[22.380108543039714,65.74511133697413],[22.38097392868579,65.74506930558508],[22.380847851584267,65.74615802781753],[22.37911700378548,65.74624208498739],[22.37878647191555,65.74661899973891],[22.377921030096623,65.74666101924285],[22.377641560496663,65.74721588380939],[22.37509622718244,65.74751986199378],[22.374789830036327,65.74645214237766],[22.37957366186116,65.74477644796796]],[[22.37885173442322,65.68111899986168],[22.379079607662298,65.68038618626936],[22.380374446091867,65.68032317769503],[22.37971498566163,65.68107699641472],[22.37885173442322,65.68111899986168]],[[22.376589603886128,65.85967657734223],[22.37664095097051,65.85985452729938],[22.376206323100263,65.8598755499312],[22.376589603886128,65.85967657734223]],[[22.37012612503744,65.83725468440433],[22.371863127352274,65.83717067006974],[22.37255370082326,65.83803942421729],[22.370101859888166,65.83869931025464],[22.3682622695755,65.83842739803592],[22.37012612503744,65.83725468440433]],[[22.37244701036396,65.67096555503394],[22.372497879600164,65.67114351107897],[22.372066412660235,65.6711644913685],[22.37244701036396,65.67096555503394]],[[22.369910015919274,65.7921573506203],[22.370343508342714,65.79213635678836],[22.37039465071897,65.7923143108362],[22.369910015919274,65.7921573506203]],[[22.368969750100987,65.79653321674856],[22.36940331701567,65.79651222487153],[22.369454463338503,65.79669017919466],[22.368969750100987,65.79653321674856]],[[22.369454463338503,65.79669017919466],[22.36993918246095,65.79684714004385],[22.369505610438786,65.79686813349313],[22.369454463338503,65.79669017919466]],[[22.362083296311308,65.734257857124],[22.36213424414036,65.73443581584569],[22.3617017112465,65.73445677707834],[22.362083296311308,65.734257857124]],[[22.36093069138219,65.83896211008195],[22.360981880518555,65.83914006681407],[22.360547587210508,65.83916104172118],[22.36093069138219,65.83896211008195]],[[22.360709740875677,65.73558740941557],[22.360811624704397,65.73594332787447],[22.36037906530201,65.73596428560637],[22.360709740875677,65.73558740941557]],[[22.360211115820672,65.830336280053],[22.360262279372748,65.8305142372756],[22.359828130891966,65.83053520875085],[22.360211115820672,65.830336280053]],[[22.35972462346363,65.76125582376926],[22.360157607078182,65.76123486379231],[22.360259605037037,65.7615907814916],[22.35972462346363,65.76125582376926]],[[22.358043665187658,65.76151761117603],[22.359877612761487,65.76178970080097],[22.358196621600204,65.76205149021261],[22.358043665187658,65.76151761117603]],[[22.35975067889147,65.82873466393876],[22.359801835435864,65.82891262138355],[22.35893359081452,65.8289545599806],[22.35975067889147,65.82873466393876]],[[22.359576638483333,65.8388470733218],[22.35962781798031,65.83902503059994],[22.359193525287864,65.83904600165124],[22.359576638483333,65.8388470733218]],[[22.358648819967645,65.73604810431938],[22.358750677610942,65.73640402441058],[22.358318108491137,65.7364249763813],[22.358648819967645,65.73604810431938]],[[22.357783470479585,65.82648411367128],[22.357834608053388,65.82666207195797],[22.357400522154524,65.82668303593209],[22.357783470479585,65.82648411367128]],[[22.357354018046014,65.8387739572646],[22.357405181996928,65.83895191543611],[22.35697088836254,65.83897288017693],[22.357354018046014,65.8387739572646]],[[22.356997051397826,65.84059546925006],[22.356945886343144,65.84041751095326],[22.35738020438556,65.84039654605013],[22.356997051397826,65.84059546925006]],[[22.355591772127703,65.84030243945539],[22.356026089553232,65.84028147840827],[22.356077247921267,65.84045943707719],[22.355591772127703,65.84030243945539]],[[22.353433048141053,65.71013898459168],[22.353483879367936,65.71031694734937],[22.353051741078584,65.7103378801801],[22.353433048141053,65.71013898459168]],[[22.353034994134727,65.83140446587532],[22.35308611062582,65.83158242595111],[22.352651937107062,65.8316033772635],[22.353034994134727,65.83140446587532]],[[22.350836093203892,65.75013861869071],[22.351268899187797,65.75011768568662],[22.35131981016305,65.7502956483739],[22.350836093203892,65.75013861869071]],[[22.35131981016305,65.7502956483739],[22.3525673125043,65.75005487934055],[22.35266915281511,65.75041080365253],[22.351854448436562,65.75063063892935],[22.35131981016305,65.7502956483739]],[[22.349975943636533,65.71030641169463],[22.350306465148645,65.7099295595697],[22.352517952020573,65.71000288555987],[22.350941852549987,65.71062048980276],[22.349975943636533,65.71030641169463]],[[22.35223828542263,65.71055770543289],[22.35228910942566,65.71073566865974],[22.351424815771008,65.71077752647184],[22.35223828542263,65.71055770543289]],[[22.35193111559333,65.74016226811173],[22.35203290025151,65.74051819339776],[22.351600255739413,65.74053912701197],[22.351065837512564,65.74020413342673],[22.35193111559333,65.74016226811173]],[[22.345018112150203,65.71289187527229],[22.345068892028095,65.71306984133713],[22.344636699590463,65.71309075078965],[22.345018112150203,65.71289187527229]],[[22.34227268109895,65.71248341120065],[22.34130680352255,65.71216927775134],[22.343950643909338,65.71222182672683],[22.34227268109895,65.71248341120065]],[[22.3443320493969,65.71202295299739],[22.344382822505775,65.71220091935739],[22.343950643909338,65.71222182672683],[22.3443320493969,65.71202295299739]]],[[[22.345649597770358,65.83481322284808],[22.339005966227134,65.83513281122148],[22.337556199870146,65.83575907518228],[22.33975254162164,65.83727711943793],[22.345500299919056,65.837361045954],[22.34437639047446,65.8365130893396],[22.343507859261663,65.83655494296282],[22.34465744429972,65.83595827078337],[22.344402108823772,65.835068453785],[22.34493848662651,65.83540345181872],[22.345806976183322,65.83536159045819],[22.345649597770358,65.83481322284808]]],[[[22.583653379831997,65.7222913358281],[22.582637020455508,65.7221419906372],[22.5821398275821,65.72343024227952],[22.57949461145645,65.72338184676904],[22.579700196024447,65.72407944799455],[22.583855439370804,65.72387216456563],[22.583653379831997,65.7222913358281]]],[[[22.74619894,65.67956646000002],[22.74352727,65.67067634],[22.722325250292034,65.67175830554179],[22.7214615902978,65.67326039101998],[22.72226582325639,65.67448309875148],[22.721403153951222,65.6745270546042],[22.72081201694567,65.67401559280815],[22.71994936022551,65.67405954027599],[22.719677805670077,65.67461495171177],[22.717952444496785,65.6747028293553],[22.71805894196938,65.67505845702111],[22.71945949959423,65.67534817600125],[22.716333544677415,65.6751463166477],[22.716440022140194,65.67550194565462],[22.715577307046136,65.67554586889214],[22.715737011853623,65.6760793132887],[22.714064762082945,65.67634496280446],[22.714171214355826,65.6767005936633],[22.715465347725726,65.67663471832542],[22.71449059048878,65.67776748560237],[22.71529464895108,65.67899023207548],[22.71782987281633,65.67868063523392],[22.718527589872423,65.6795477351679],[22.71604553827232,65.68003515897442],[22.71658347395201,65.68036882453221],[22.714479514427815,65.68065644486644],[22.71318517726789,65.68072231389102],[22.71248760390385,65.6798551879475],[22.70908931282545,65.68020858563803],[22.70887066771628,65.6809417982076],[22.709234023333043,65.68144758735093],[22.74619894,65.67956646000002]],[[22.719677805670077,65.67461495171177],[22.72150969788064,65.67488267937438],[22.719837587929792,65.67514839099908],[22.719677805670077,65.67461495171177]],[[22.721552668485494,65.67794944349096],[22.720908171278698,65.67726017058838],[22.723229995671726,65.67623923635601],[22.72500873747063,65.67632910880882],[22.72511533977419,65.67668473045872],[22.726516061783286,65.6769743827023],[22.72678263326451,65.67786343337792],[22.72527031015484,65.67866263659346],[22.72112127583845,65.67797142059891],[22.721552668485494,65.67794944349096]],[[22.720375466259362,65.67548204370063],[22.720806818250527,65.67546006912698],[22.72086008803209,65.67563788175443],[22.720375466259362,65.67548204370063]],[[22.720428733137208,65.67565985650906],[22.72048200082036,65.6758376692909],[22.72005064221579,65.67585964300999],[22.720428733137208,65.67565985650906]],[[22.71989085029343,65.67532620404171],[22.71999737743641,65.67568183004715],[22.719566020929754,65.67570380236867],[22.71989085029343,65.67532620404171]],[[22.718426383989655,65.67774763057189],[22.718479643106612,65.67792544414719],[22.71804824772191,65.67794741255727],[22.718426383989655,65.67774763057189]],[[22.717776616287274,65.67850282140296],[22.71820802119114,65.6784808536667],[22.718261280624745,65.6786586673167],[22.717776616287274,65.67850282140296]],[[22.717446347495898,65.68032489395802],[22.71749960626825,65.68050270788513],[22.71706816699423,65.68052467396161],[22.717446347495898,65.68032489395802]],[[22.716535644556206,65.67874653168514],[22.71648239674085,65.67856871731135],[22.716913804062084,65.67854675322528],[22.716535644556206,65.67874653168514]]],[[[22.65992876003037,65.6839250401463],[22.661466356374063,65.68352554041068],[22.660611961583587,65.68212463943779],[22.659375162774055,65.68206158887088],[22.65992876003037,65.6839250401463]]],[[[22.47075124607049,65.63924789301535],[22.470834773901846,65.6390801954641],[22.46853541285097,65.63935737923693],[22.47075124607049,65.63924789301535]]],[[[22.47373414678632,65.63910050533033],[22.472127282889904,65.63901642835373],[22.472043813648153,65.63918402614173],[22.47373414678632,65.63910050533033]]],[[[22.514917509999997,65.6370656],[22.51233025,65.62817062],[22.496733953357413,65.62894345401037],[22.497047735623863,65.63002483594208],[22.49623803125388,65.63024539342385],[22.495307331677694,65.6315547117407],[22.494445953049052,65.63159735302978],[22.49292959212737,65.63239425380607],[22.492377778091328,65.63350433243096],[22.49032732587845,65.63396670511429],[22.490224149587355,65.63361088672616],[22.489311111552198,65.63347559035795],[22.48946585742815,65.63400931903028],[22.488173648910013,65.63407323079306],[22.48660538532541,65.6346921615961],[22.486053255721018,65.63580222037335],[22.484915617448415,65.63639983814285],[22.48507029400611,65.6369335719912],[22.48382947869654,65.63717535966354],[22.48360488826506,65.6379082968616],[22.482312468403784,65.63797216082395],[22.481984743214884,65.63834927137255],[22.48031301058124,65.63861231601082],[22.476092444046802,65.63898397983819],[22.514917509999997,65.6370656]],[[22.500234768640148,65.62896465897624],[22.499804127519578,65.62898599373558],[22.499752486021247,65.62880808830916],[22.500234768640148,65.62896465897624]],[[22.49415228071061,65.63359697475664],[22.494203895333346,65.63377488235922],[22.493773168511357,65.63379620085787],[22.49415228071061,65.63359697475664]]],[[[22.359092590616605,65.84175730409956],[22.357687224123318,65.84146429441824],[22.35789191953173,65.84217612616993],[22.358862976556033,65.84249010423915],[22.359680489686795,65.84227020451402],[22.359092590616605,65.84175730409956]]],[[[22.356252641814418,65.83034701878987],[22.35663565223552,65.83014809881546],[22.3562015063805,65.83016905995486],[22.356252641814418,65.83034701878987]]],[[[22.702123521681344,65.67009247053062],[22.701692239919137,65.67011439133546],[22.70174536542161,65.6702922121225],[22.702123521681344,65.67009247053062]]],[[[22.57944219505931,65.72320397631307],[22.57901006496059,65.72322555084273],[22.579062478439347,65.72340342147675],[22.57944219505931,65.72320397631307]]],[[[22.56031131718178,65.77595640199473],[22.561177379651657,65.77591333999622],[22.56112496113419,65.77573546321229],[22.56031131718178,65.77595640199473]]],[[[22.483994972897754,65.62417410006343],[22.484098018751308,65.62452992398076],[22.484528601563422,65.62450863438255],[22.483994972897754,65.62417410006343]]],[[[22.446556156257763,65.67762898331132],[22.447039054333313,65.67778571693871],[22.446987657799934,65.67760779116193],[22.446556156257763,65.67762898331132]]],[[[22.471117932429017,65.6747965827595],[22.471169487824703,65.67497449878985],[22.47160092092121,65.6749532374299],[22.471117932429017,65.6747965827595]]],[[[22.40065134380085,65.78597401608454],[22.401136041867257,65.78613087799236],[22.401084702165978,65.78595293617802],[22.40065134380085,65.78597401608454]]],[[[22.42109977520038,65.7867824120235],[22.42153312702474,65.78676127406726],[22.421481645112145,65.78658334050901],[22.42109977520038,65.7867824120235]]],[[[22.42055032198367,65.79095943665571],[22.42011689864881,65.79098057251284],[22.420168381699963,65.79115850652025],[22.42055032198367,65.79095943665571]]],[[[22.412103521271025,65.81952015048562],[22.411669609026706,65.81954126706614],[22.411721102346583,65.81971920382036],[22.412103521271025,65.81952015048562]]],[[[22.393700204996705,65.65964574260187],[22.39413145928906,65.6596247029688],[22.394080468896345,65.65944675536124],[22.393700204996705,65.65964574260187]]],[[[22.36031803383443,65.83989384347262],[22.36042040886607,65.84024975736024],[22.36128903170391,65.8402078066878],[22.361186644857785,65.83985189349536],[22.36031803383443,65.83989384347262]]],[[[22.36162094920035,65.83983091666569],[22.361135452603882,65.83967393686211],[22.361186644857785,65.83985189349536],[22.36162094920035,65.83983091666569]]],[[[22.361264275608423,65.84165243580965],[22.360829940168998,65.84167341192261],[22.360881135089492,65.84185136863177],[22.361264275608423,65.84165243580965]]],[[[22.35801541951818,65.83188575488631],[22.359317936284388,65.83182285153545],[22.359266776135556,65.83164489396455],[22.35801541951818,65.83188575488631]]],[[[22.358091529182545,65.83061908238334],[22.357657376808827,65.83064004772429],[22.357708523431807,65.83081800596432],[22.358091529182545,65.83061908238334]]],[[[22.35753009736312,65.83172876195042],[22.357964268224116,65.83170779679435],[22.357913117708602,65.83152983867768],[22.35753009736312,65.83172876195042]]],[[[22.357606230964308,65.83046208945954],[22.35717208076346,65.83048305339994],[22.357223223656664,65.83066101183836],[22.357606230964308,65.83046208945954]]],[[[22.355256966548065,65.83147765098484],[22.35747894979919,65.8315508036601],[22.356406052785978,65.83088089514685],[22.35510357513508,65.83094377328729],[22.355256966548065,65.83147765098484]]],[[[22.357120938648656,65.8303050949369],[22.356686790620703,65.8303260574768],[22.356737929784217,65.83050401611351],[22.357120938648656,65.8303050949369]]],[[[22.35083698998832,65.73786968237744],[22.350404388632736,65.73789061217646],[22.35045526468559,65.73806857549694],[22.35083698998832,65.73786968237744]]],[[[22.350737339104413,65.83873237527165],[22.349868745420338,65.83877426566295],[22.34991985760431,65.83895222683542],[22.350737339104413,65.83873237527165]]],[[[22.34900014862353,65.83881615114467],[22.349051254900225,65.83899411266422],[22.349485556641348,65.83897317036352],[22.34900014862353,65.83881615114467]]]]}},{"type":"Feature","properties":{"cyano_daymap_file_id":4130,"date":"2018-07-07Z","cloud":null,"sub_surfac":null,"surface":null,"no_data":null,"class":1,"color_hex":null,"algae_class":"class_1","source_date":"2018-07-07"},"geometry":{"type":"MultiPolygon","coordinates":[[[[22.255383189999996,65.56853989],[22.264700908717845,65.56792579675948],[22.267130339511745,65.56726781829686],[22.267030529950528,65.56691181718877],[22.268369964929207,65.56702781493378],[22.2703194619816,65.56621245567713],[22.26973987194415,65.56569913138868],[22.273458380230153,65.56497903039187],[22.275797945304493,65.56366451105819],[22.27509854778311,65.56117239233063],[22.27422857976949,65.56151433189218],[22.273269218154617,65.5611997032513],[22.269301699879957,65.56102979566374],[22.253523636485053,65.56188928600702],[22.254637695777262,65.56587366565387],[22.256215801560604,65.56562739512228],[22.256365286528034,65.56616140968569],[22.25522523012427,65.56675732609611],[22.255383189999996,65.56853989]],[[22.269789792051483,65.56587713090957],[22.268930146429383,65.5659184749972],[22.268880232097825,65.56574047513654],[22.269789792051483,65.56587713090957]],[[22.2681621639545,65.5616258043628],[22.26859191709198,65.56160513578938],[22.268641819899322,65.56178313586179],[22.2681621639545,65.5616258043628]],[[22.268641819899322,65.56178313586179],[22.26912148161798,65.56194046578493],[22.268691723458666,65.56196113591027],[22.268641819899322,65.56178313586179]],[[22.26650088703343,65.56657648065739],[22.26607104991684,65.5665971441175],[22.265971257925145,65.56624114213838],[22.26650088703343,65.56657648065739]],[[22.25760496416537,65.5659214939153],[22.257175129346177,65.56594213210774],[22.257125295247242,65.56576412759244],[22.25760496416537,65.5659214939153]],[[22.256545973439202,65.56525075020465],[22.25611614867057,65.56527138529378],[22.256066323351977,65.56509338034367],[22.256545973439202,65.56525075020465]]],[[[22.297957189161327,65.55746668649988],[22.29953969651075,65.55704650702802],[22.30019856113402,65.5562930422323],[22.304115376931644,65.55628415986507],[22.304444737986817,65.55590741857111],[22.30654270280334,65.55562557000513],[22.30755240067744,65.55611797079645],[22.305916204084255,65.5570818153701],[22.33639410263167,65.55560800694525],[22.33849146446864,65.55431244391477],[22.33630729,65.54659182999998],[22.357778349999997,65.5455474],[22.35525561,65.53664913],[22.398177649999997,65.53455206],[22.399112952076976,65.53782955511717],[22.399329198028845,65.53739640600347],[22.40061687844476,65.53733329578435],[22.401323073957784,65.53675737360062],[22.402181503429915,65.53671529026786],[22.402966048124455,65.53793987567448],[22.401299861743528,65.53820199475224],[22.40225985884955,65.53851580546335],[22.401124384807414,65.5391127731495],[22.4021351762253,65.539604531858],[22.399908084180034,65.54061586517615],[22.400768959967913,65.5436325549288],[22.402998249209578,65.54262963058245],[22.407669811397163,65.54222010475293],[22.4069585968063,65.53972887376578],[22.408043158862103,65.53895391859425],[22.408901647504404,65.53891179654434],[22.408800034993916,65.53855590753884],[22.415260954160676,65.53679522756428],[22.417406957314252,65.53668981312082],[22.41854194819969,65.53609272810438],[22.418440217479333,65.53573684675885],[22.419727760146152,65.53567357528321],[22.41962601522839,65.53531769487724],[22.420913533745797,65.53525441355266],[22.42124094018682,65.5348774382382],[22.422833787822718,65.53588177738203],[22.42492877002335,65.53559831859249],[22.42465231655634,65.5361532396182],[22.42621628685597,65.53553499215963],[22.4263690417163,65.53606880471484],[22.424906865783825,65.53704293017903],[22.425008690838172,65.53739880622973],[22.425867095224163,65.53735658877207],[22.42579432538094,65.53862326228891],[22.426652768511797,65.5385810399858],[22.425466941513665,65.53900024722977],[22.42572155204522,65.53988993580582],[22.424586568497293,65.5404870746024],[22.422869545682,65.5405714922609],[22.422542096196718,65.54094847153036],[22.42049755024992,65.54140984157276],[22.418656453256606,65.54258294672026],[22.414188430219536,65.54370457953053],[22.409115448666324,65.54575793439928],[22.407347205878015,65.5456642356417],[22.407573307111225,65.54493139679373],[22.406714617786555,65.54497351331152],[22.40570352706125,65.54448178818463],[22.406460595584242,65.54408378691117],[22.406308191440583,65.54354995077436],[22.405980464902928,65.5439268969631],[22.400877690218262,65.54401356858567],[22.405794789999995,65.56124411999998],[22.427274549999996,65.56018974999999],[22.42472638,65.55129289],[22.43579773737415,65.55074705917798],[22.436988163465163,65.5503425781079],[22.437642851439453,65.54958855847207],[22.438931021570443,65.54952511729059],[22.44087375758266,65.54870763276068],[22.44435979282515,65.54871629006617],[22.44274442808443,65.5491567978623],[22.443275938080305,65.54949149833428],[22.44160945087273,65.5497540642598],[22.441389053470335,65.55047140077788],[22.46766573,65.54917593],[22.46254638,65.53138377000002],[22.419635810000003,65.53349899],[22.412014289999995,65.50680766999999],[22.39057768,65.50785944],[22.39564242,65.52565458],[22.364852729414807,65.52715877930483],[22.36566996828764,65.5276752684961],[22.367386365368237,65.52759150611139],[22.36705825791079,65.52796837175242],[22.364054509460495,65.52811493716241],[22.363953559052888,65.52775901152646],[22.362615778716023,65.5276438427278],[22.36238852990267,65.52837662568079],[22.3598138232717,65.52850217799515],[22.359157356553705,65.52925587821291],[22.35925824855757,65.52961180762834],[22.36011652469311,65.5295699644743],[22.35988919162921,65.5303027445069],[22.35731428051576,65.53042825631293],[22.35655683157519,65.53082601542833],[22.357566467068644,65.53131808322694],[22.357818672597798,65.53220790953016],[22.35600107345125,65.53193563491516],[22.354915220935684,65.53271022968976],[22.355546129624216,65.53340118501679],[22.353778886268376,65.53330685052082],[22.35398056443044,65.5340187175006],[22.35264249980175,65.5339034633305],[22.352515750017517,65.53499216909152],[22.354232679207502,65.53490855067592],[22.354333530430818,65.53526448377512],[22.351808507034985,65.53556787373928],[22.351228045157743,65.53505487019676],[22.350369571457918,65.53509666488286],[22.35004112712861,65.53547349694125],[22.347945280603973,65.5357559272289],[22.34761679309824,65.53613275445223],[22.34852569492984,65.53626894383531],[22.34862647466251,65.53662488144525],[22.34991426453592,65.53656220163727],[22.34925731879451,65.53731586362731],[22.348297986863486,65.53700171014945],[22.34620199790706,65.53728411770268],[22.345923841569274,65.5378389114176],[22.34501489714522,65.53770270682865],[22.345166006077353,65.53823661732442],[22.344408147552098,65.5386343196637],[22.341731627532546,65.53840363405509],[22.341832324543415,65.53875957700602],[22.340544402806366,65.53882218933657],[22.34026611069212,65.53937697399243],[22.338978153945803,65.53943957333955],[22.33912915149631,65.53997349096213],[22.33822016508362,65.53983724597647],[22.337512476454197,65.54041288819727],[22.336452534477598,65.53974271294369],[22.335164548637724,65.53980528012134],[22.335265162593057,65.54016122826133],[22.3336484084434,65.54060058499942],[22.332990892268338,65.54135418198597],[22.33132374073405,65.54161553996526],[22.33099494133527,65.54199233417297],[22.332863300894353,65.54244287954808],[22.332963895731545,65.54279882940398],[22.331826620931775,65.5433952946228],[22.333114793667118,65.54333275400556],[22.333695096458285,65.54384582858087],[22.327331616667205,65.54289177623252],[22.326271828184566,65.54222152816756],[22.32397422137187,65.54179172337874],[22.325591217671466,65.54135246760433],[22.32912664560779,65.54154176510136],[22.32892557536062,65.54082985903861],[22.329633467077098,65.54025425496951],[22.32895280039623,65.53938521007456],[22.33046901813344,65.53858995147081],[22.33132764518397,65.53854826817812],[22.33122709244589,65.53819231681334],[22.3337149349814,65.53769684903187],[22.290858329999992,65.53977203999999],[22.288359079999996,65.53087242],[22.275310021933336,65.53149854888461],[22.27516273663233,65.53224428858127],[22.274533972813185,65.53155297744189],[22.272816957805045,65.53163569229861],[22.27291668348081,65.53199169048402],[22.27205815995541,65.53203304132856],[22.27195356126222,65.53165960089046],[22.26879895158583,65.53181096754298],[22.26814493541047,65.5320410592623],[22.268294432273105,65.53257506203221],[22.26700660382215,65.5326370475544],[22.26806448500519,65.53330772911991],[22.267305565961927,65.53370505550083],[22.266017678920996,65.53376703318088],[22.2654389318565,65.53325368408565],[22.264630162644924,65.5334729953772],[22.264480734540246,65.53293898831552],[22.265514350150653,65.53196857154954],[22.255791621322185,65.53243509421546],[22.25498654626823,65.53321505370181],[22.25198144011376,65.5333594069363],[22.250363646518622,65.53379788382341],[22.250463075902246,65.5341538996875],[22.24960443837468,65.53419512424088],[22.24889491297342,65.5347703695992],[22.248036252174735,65.53481158548176],[22.24704641937872,65.53594145595225],[22.24547806821212,65.5365578922896],[22.245197761143494,65.53711252132601],[22.246205582703375,65.53760534939246],[22.245825895302616,65.53780396045651],[22.24405867907457,65.53770834426984],[22.244158040426726,65.5380643649324],[22.243299262211984,65.53810555508295],[22.242209763323288,65.53887937564743],[22.240541801685936,65.53913974131112],[22.240641121633328,65.53949576468372],[22.23950183206425,65.54009155534673],[22.236215296044435,65.54079022438665],[22.236314564539718,65.54114625109658],[22.232892541334415,65.54255874356478],[22.247917399999995,65.54183885],[22.249532641203146,65.54761568272299],[22.259578490578072,65.54652416702845],[22.26091684103183,65.54664024129443],[22.256291715863604,65.54722327431512],[22.256590441077815,65.54829130565187],[22.257928871074554,65.54840740555628],[22.257698516425783,65.54914006080766],[22.268717145402018,65.54806910495361],[22.268038279069142,65.54719976878027],[22.26884743866219,65.54698043545879],[22.270435257815606,65.54798642585702],[22.27151337137521,65.55027974459679],[22.282531853819336,65.54920778467171],[22.28223205372798,65.5481398151575],[22.28122314396976,65.5476472377995],[22.280364121088642,65.5476886406779],[22.27892575855553,65.54721674704244],[22.277637237770932,65.54727882984363],[22.276548405951104,65.54805289093157],[22.275689360757056,65.5480942675006],[22.275589522920257,65.54773827227471],[22.277537377117092,65.54692283612492],[22.27882588060322,65.54686075434348],[22.281153099062863,65.54584658100842],[22.28287101747116,65.54576376267273],[22.28358006837833,65.5451883627694],[22.285627437778988,65.54472881563969],[22.29078088458422,65.5444801528337],[22.290880914675068,65.54483613614775],[22.295984272190456,65.54440930526003],[22.3023470517581,65.54536468240642],[22.302067879056356,65.54591940539723],[22.303456470464596,65.5462130892366],[22.30360678823811,65.54674704891885],[22.305704029665037,65.54646521907847],[22.303807222500325,65.54745899482367],[22.305067143701457,65.54884134735111],[22.304208127248806,65.54888288547386],[22.304329909081464,65.55086150171412],[22.303091394595107,65.55110178844761],[22.302991168829735,65.5507458151453],[22.303850248982222,65.55070428330147],[22.30322025527683,65.55001310361679],[22.29940455424482,65.55037792984],[22.29952598434771,65.55235655338737],[22.30068572568834,65.55338296624048],[22.299826551207598,65.5534244810536],[22.298738142215694,65.55419869752748],[22.298208365108003,65.55386347320113],[22.296010299855716,65.55378922713645],[22.29396241782282,65.55424891971995],[22.29363292322461,65.55462563952247],[22.29234407863653,65.55468785069145],[22.292444177332786,65.5550438322808],[22.291205350476403,65.55528402483652],[22.290546246910093,65.55603745284246],[22.287409214908497,65.55727121379842],[22.28718473689271,65.55798760597483],[22.297957189161327,65.55746668649988]],[[22.44623052164662,65.54916541149738],[22.446659897083787,65.5491442414399],[22.446710986144957,65.54932217037367],[22.44623052164662,65.54916541149738]],[[22.446710986144957,65.54932217037367],[22.447191456401622,65.54947892766704],[22.446762075975325,65.54950009928251],[22.446710986144957,65.54932217037367]],[[22.422201045371985,65.53519112134066],[22.42263021438247,65.53517002151723],[22.422681106593704,65.53534796052061],[22.422201045371985,65.53519112134066]],[[22.42161922081502,65.53467840175644],[22.42204838196232,65.53465730366216],[22.422099268999755,65.53483524291312],[22.42161922081502,65.53467840175644]],[[22.41092298773422,65.553608527554],[22.411731092435243,65.55338844142001],[22.411957124245248,65.55265559672098],[22.41352237358943,65.55203746771114],[22.41331890205494,65.55132569830768],[22.414985792686696,65.55106343984512],[22.41594643365979,65.55137715727994],[22.417511510596462,65.55075898874499],[22.418573973012645,65.5514285705664],[22.420822999312602,65.55167897600678],[22.42026960321346,65.55278880743937],[22.417466952683768,65.55364821724189],[22.41481676803938,65.5550414022517],[22.414590800251375,65.5557742505799],[22.41034646311616,65.55616294445103],[22.40961182294787,65.55511635059294],[22.41107555731033,65.55414235738685],[22.41092298773422,65.553608527554]],[[22.41429014044499,65.54406046393841],[22.414340996706084,65.54423840610521],[22.413911670428416,65.5442594839882],[22.41429014044499,65.54406046393841]],[[22.403067578173346,65.53829576942026],[22.402638338685872,65.53831681445611],[22.402587576157025,65.53813886742284],[22.403067578173346,65.53829576942026]],[[22.360066072558308,65.5293920001222],[22.360495206610672,65.52937107690222],[22.360545661622105,65.5295490410826],[22.360066072558308,65.5293920001222]],[[22.35597533396527,65.5333802739203],[22.35602576751517,65.53355823981933],[22.35559656029639,65.53357915108745],[22.35597533396527,65.5333802739203]],[[22.354030985868064,65.53419668418447],[22.354081408064562,65.53437465084397],[22.353652185539563,65.53439555674824],[22.354030985868064,65.53419668418447]],[[22.35360176622104,65.53421758991715],[22.353172545815184,65.53423849443973],[22.353122130133457,65.53406052741266],[22.35360176622104,65.53421758991715]],[[22.349307715711536,65.53749383212663],[22.349358113387172,65.53767180060154],[22.34892883206469,65.53769269368965],[22.349307715711536,65.53749383212663]],[[22.348878437267956,65.53751472504324],[22.34801987810513,65.53755650724555],[22.347969489824745,65.53737853823175],[22.348878437267956,65.53751472504324]],[[22.345317121833638,65.53877052760082],[22.34488781853122,65.53879140944278],[22.344837448733468,65.53861343920357],[22.345317121833638,65.53877052760082]],[[22.342261630273278,65.53873870380833],[22.342311982795003,65.53891667507591],[22.341882674185733,65.53893754844496],[22.342261630273278,65.53873870380833]],[[22.341074399334765,65.5391572633091],[22.342033727660496,65.53947146261565],[22.340796115405002,65.53971204885798],[22.341074399334765,65.5391572633091]],[[22.339380829235516,65.54086335317955],[22.338951485766238,65.54088421857804],[22.338850818157066,65.54052827342149],[22.339380829235516,65.54086335317955]],[[22.33713345974232,65.54061172153963],[22.33670411824458,65.54063258054279],[22.336653799976173,65.54045460707161],[22.33713345974232,65.54061172153963]],[[22.3363485997238,65.542454031716],[22.33591922715133,65.5424748887999],[22.335868909948008,65.54229691505829],[22.3363485997238,65.542454031716]],[[22.335187979246374,65.541427900831],[22.333091483779363,65.54171013179126],[22.33541608920631,65.54069515028891],[22.335187979246374,65.541427900831]],[[22.33058872492322,65.54363580018894],[22.33015932734469,65.54365664117876],[22.33010904668379,65.5434786651621],[22.33058872492322,65.54363580018894]],[[22.328894185758607,65.54534178224698],[22.328464758464847,65.54536261872273],[22.328414485396152,65.54518464206915],[22.328894185758607,65.54534178224698]],[[22.32738187701554,65.54306975337286],[22.326952485662023,65.54309058520296],[22.3269022281945,65.54291260789162],[22.32738187701554,65.54306975337286]],[[22.309399508678926,65.55494615954625],[22.309070231409198,65.55532291079398],[22.308540299443333,65.55498772415058],[22.309399508678926,65.55494615954625]],[[22.299768925856352,65.55631379933808],[22.29951842005631,65.55542385990266],[22.299948040910703,65.5554031036495],[22.299768925856352,65.55631379933808]],[[22.26872370692324,65.53255439777041],[22.268773543590815,65.53273239847616],[22.268344266060865,65.5327530629076],[22.26872370692324,65.53255439777041]]],[[[22.382994830000005,65.48116628],[22.36157783,65.48221375],[22.36626795832271,65.49877799133303],[22.36831772089,65.49867786528549],[22.36804040213351,65.4992326913315],[22.366419129703118,65.49931188700825],[22.367485731169744,65.50034234222935],[22.36662842902364,65.50038421748626],[22.367536166109478,65.50052030428849],[22.367208378960882,65.50089716708106],[22.370208978155244,65.50075057047732],[22.366603208689536,65.50182885321138],[22.364913611190676,65.50353518928809],[22.361685557779737,65.50441446474923],[22.360979310703403,65.50499020238286],[22.35775094231317,65.5058693969604],[22.35585902439639,65.50686377620829],[22.350411744439118,65.50604676139558],[22.34655787512671,65.50591755802078],[22.34769876,65.50995394],[22.332366249480238,65.51069842666483],[22.332623172510534,65.51232493934349],[22.331815629514107,65.51254459751475],[22.331259157386167,65.51365413317893],[22.330072864773634,65.51407259709349],[22.330223503281616,65.5146065271966],[22.32812909213151,65.51488866877962],[22.326335768146105,65.51623865133149],[22.325879373193438,65.5177041265329],[22.327138925092836,65.5190862990987],[22.32658212902546,65.52019582073667],[22.327161762702286,65.52070892701933],[22.326303714177413,65.52075058095201],[22.325317806689537,65.52188092393332],[22.32445971610583,65.52192256782114],[22.324560100965353,65.52227852536176],[22.323752183668724,65.5224981441702],[22.32367444279255,65.5237648164396],[22.322816287137968,65.5238064516479],[22.322537757483772,65.5243612060599],[22.31983512140503,65.52557477006535],[22.319305680523346,65.52523961621479],[22.318068516579913,65.5254800121512],[22.314585474234203,65.52546841674506],[22.314184437592054,65.52404455475858],[22.314892224126687,65.52346902066068],[22.3143127649512,65.52295586564247],[22.315978914020334,65.52269470495577],[22.31663648666336,65.52194118129691],[22.31560586042197,65.51982619252087],[22.31164444907204,65.51965733392144],[22.311744648752416,65.52001330179597],[22.310407473037365,65.51989766534564],[22.310657938524333,65.52078758728781],[22.308991853650173,65.52104868872843],[22.309192196604368,65.52176062847866],[22.30765925239444,65.5221560892114],[22.30892752651787,65.52666423653449],[22.309736656198226,65.52678575812102],[22.308972128322697,65.52682277600425],[22.309819529999995,65.52983491],[22.33127809,65.52879436],[22.333773747278276,65.53762943255116],[22.33488962482142,65.53729278829933],[22.334789029338598,65.53693683972355],[22.33865254495632,65.53674911927187],[22.33802199446497,65.5360580899769],[22.339638394303158,65.53561869002012],[22.33953774184373,65.53526274516477],[22.340396241933178,65.53522101167408],[22.340624160470583,65.53448825516612],[22.342240418806288,65.53404882881313],[22.342897492482198,65.53329519601574],[22.344185134674944,65.5332325664297],[22.344285841060795,65.53358850766014],[22.345952344648094,65.53332701331549],[22.34585161675436,65.53297107340744],[22.34698812234163,65.53237451042177],[22.348326085822578,65.53248981560151],[22.34913409341859,65.53227006465333],[22.34903332706221,65.5319141272446],[22.351457237159924,65.53125485124136],[22.35158402209472,65.53016614600779],[22.352593539184074,65.53065824816879],[22.354360598671022,65.53075259833795],[22.355496811634094,65.53015597434356],[22.354765156436194,65.52910908501593],[22.357339952232394,65.5289836177435],[22.35675953688574,65.52847063495211],[22.35799646561224,65.52822992494815],[22.357845164219505,65.52769602917185],[22.352734769999998,65.52775079],[22.350215820000003,65.51885239],[22.35573265950856,65.51858329231487],[22.357595797239767,65.5176044738616],[22.357823104850205,65.51687169750763],[22.359109894128984,65.5168089493819],[22.36054795354199,65.51728008385508],[22.36084655712197,65.51833384913144],[22.365478759701887,65.51810790183146],[22.365947419148863,65.51485151100121],[22.36529153039749,65.51253799842858],[22.364232060685307,65.5118680130451],[22.363979873814063,65.51097819721024],[22.365115026100938,65.51038151151762],[22.364106085174814,65.50988948715907],[22.361583627274513,65.51019301470414],[22.361482794136784,65.5098370862381],[22.363904356042134,65.50917763415087],[22.364232288616417,65.50880077707905],[22.36680502823604,65.50867516917263],[22.36831833553836,65.50787956035707],[22.368469712355683,65.50841344492359],[22.37018390670484,65.50885709206074],[22.39057768,65.50785944],[22.382994830000005,65.48116628]],[[22.379052055161207,65.48444045417534],[22.379858329172414,65.48422055645862],[22.383008436838665,65.48460759747458],[22.38106850292554,65.48542431106405],[22.381169488879586,65.48578022494071],[22.379455889082575,65.48586411577071],[22.378019263653627,65.48539314675638],[22.379203487194495,65.48497432745746],[22.379052055161207,65.48444045417534]],[[22.372478076793406,65.49955710906669],[22.372906709021795,65.49953615564453],[22.372957178986432,65.49971411554438],[22.372478076793406,65.49955710906669]],[[22.372099908032975,65.49975602152422],[22.372528543888983,65.49973506913831],[22.372579011743117,65.49991302918552],[22.372099908032975,65.49975602152422]],[[22.369200326364655,65.50025857721826],[22.369427183704612,65.49952578789812],[22.370284452282583,65.49948389710184],[22.370385357024283,65.49983981898738],[22.37167127141846,65.49977697270208],[22.37177219640869,65.50013289345912],[22.370158524482726,65.50057260949747],[22.369200326364655,65.50025857721826]],[[22.37018355057411,65.49912797511833],[22.369326293472408,65.49916986522769],[22.369275849493615,65.4989919038558],[22.37018355057411,65.49912797511833]],[[22.36960358413358,65.49861503710301],[22.368746342729313,65.49865692376599],[22.36869590389389,65.49847896214897],[22.36960358413358,65.49861503710301]],[[22.367636863442673,65.49474176253943],[22.367208304709923,65.49476270028205],[22.367157885416614,65.49458473795515],[22.367636863442673,65.49474176253943]],[[22.36604871499145,65.49373679575602],[22.36519162663786,65.49377866072733],[22.36514122336157,65.49360069756723],[22.36604871499145,65.49373679575602]],[[22.364990018077123,65.49306680794028],[22.36584708348877,65.49302494434183],[22.365897490228217,65.49320290723205],[22.364990018077123,65.49306680794028]],[[22.36344958743913,65.51677767368962],[22.363247811955233,65.5160658202778],[22.363676723993105,65.51604489024227],[22.364256982987254,65.51655784806304],[22.36344958743913,65.51677767368962]],[[22.36355104524511,65.51099912727396],[22.36350061301818,65.51082116386198],[22.363929438715097,65.51080023396992],[22.36355104524511,65.51099912727396]],[[22.358630552485742,65.51665190140403],[22.358201625599726,65.51667281727437],[22.358151216589622,65.51649485184944],[22.358630552485742,65.51665190140403]],[[22.355951712088945,65.5286904248097],[22.355093456812448,65.52873224412791],[22.355043040873774,65.52855427774102],[22.355951712088945,65.5286904248097]],[[22.354673440872713,65.5072824260397],[22.354244663955328,65.50730332919329],[22.354194303719655,65.50712536196014],[22.354673440872713,65.5072824260397]],[[22.354007705028817,65.52950683139404],[22.35357856247,65.52952773629538],[22.353528155003776,65.52934976931988],[22.354007705028817,65.52950683139404]],[[22.35328639962039,65.50698919669826],[22.352857626174373,65.5070100958833],[22.352756926716665,65.50665416026646],[22.35328639962039,65.50698919669826]],[[22.321144940931237,65.52713497207479],[22.321674445065543,65.52747011885936],[22.32048737736734,65.52788851522816],[22.321144940931237,65.52713497207479]],[[22.3210947601316,65.52695699206771],[22.32152389176996,65.52693617942322],[22.32157407544666,65.5271141592595],[22.3210947601316,65.52695699206771]],[[22.31307565986155,65.52319622016311],[22.313504737409403,65.52317543080179],[22.31355485770251,65.52335341392636],[22.31307565986155,65.52319622016311]],[[22.312696696100005,65.52339499178048],[22.313125777278287,65.52337420345827],[22.313175895449085,65.52355218672925],[22.312696696100005,65.52339499178048]],[[22.310923852228967,65.52636744484737],[22.310494719743804,65.52638822743],[22.310444613276943,65.52621024315711],[22.310923852228967,65.52636744484737]]],[[[22.183491970000002,65.54491635],[22.18595706,65.55381802],[22.22320035360151,65.55204153690231],[22.225958776511035,65.55084185134761],[22.228541792996968,65.55039783923584],[22.227318945803628,65.54600811909603],[22.2246202110375,65.54603537868608],[22.22257161639102,65.54649411238432],[22.22029154752032,65.54768542749223],[22.218622793259048,65.54794555928011],[22.21644145226774,65.54949285986686],[22.2155327326495,65.54935587559252],[22.214822050270246,65.54993097232921],[22.210195232226088,65.55051261328838],[22.20966665706529,65.55017706773064],[22.207419627532346,65.54992350701826],[22.207750325545156,65.54954696341407],[22.204876001394776,65.54860175977271],[22.204777127795726,65.54824570865901],[22.202382052663594,65.54745799380753],[22.20152288578611,65.54749895066347],[22.199458757165495,65.54633465641253],[22.196634460903287,65.54556731784263],[22.196051108995714,65.54431824563883],[22.183491970000002,65.54491635]],[[22.224669925000157,65.55090348649408],[22.224240306336096,65.55092402911924],[22.22419073166969,65.55074601124676],[22.224669925000157,65.55090348649408]]],[[[22.44128216755481,65.55013108240112],[22.44085277060432,65.55015223741874],[22.44090382243029,65.55033016868542],[22.44128216755481,65.55013108240112]]],[[[22.424223133350928,65.53617434531968],[22.424274038787516,65.5363522836547],[22.424703224869518,65.53633117777997],[22.424223133350928,65.53617434531968]]],[[[22.407720618174846,65.54239804963805],[22.408149919856346,65.54237698956368],[22.40809911020016,65.54219904485139],[22.407720618174846,65.54239804963805]]],[[[22.40749453897317,65.5431308884872],[22.407443732014784,65.54295294352805],[22.407014420167854,65.54297400170068],[22.40749453897317,65.5431308884872]]],[[[22.407116029092037,65.54332989194003],[22.407065224247546,65.54315194683271],[22.406635908757117,65.54317300396795],[22.407116029092037,65.54332989194003]]],[[[22.406737513453358,65.54352889450362],[22.406686710722852,65.54335094924815],[22.406257391588884,65.54337200534603],[22.406737513453358,65.54352889450362]]],[[[22.245726512393254,65.5374479410994],[22.24529713529718,65.53746854111674],[22.245776203473852,65.53762595078989],[22.245726512393254,65.5374479410994]]],[[[22.31539356237628,65.52524884521478],[22.314964452572273,65.525269640253],[22.315443700350237,65.52542682753712],[22.31539356237628,65.52524884521478]]],[[[22.36635105808193,65.50093904095179],[22.366401486687373,65.50111700345263],[22.367258813305437,65.50107512923853],[22.36635105808193,65.50093904095179]]],[[[22.3514052524345,65.53414413271578],[22.351506061532643,65.53450006811806],[22.35193528785148,65.53447916826433],[22.3514052524345,65.53414413271578]]],[[[22.349184477734166,65.53244803332112],[22.350472059914374,65.5323853508254],[22.350371274775963,65.53202941449442],[22.349184477734166,65.53244803332112]]],[[[22.337160229468267,65.53916707561547],[22.33673091176636,65.53918793445914],[22.336781227612114,65.53936590792932],[22.337160229468267,65.53916707561547]]],[[[22.331726038835,65.54303934388574],[22.331296652170206,65.54306018799439],[22.33134693995928,65.54323816354622],[22.331726038835,65.54303934388574]]]]}},{"type":"Feature","properties":{"cyano_daymap_file_id":4130,"date":"2018-07-07Z","cloud":null,"sub_surfac":null,"surface":null,"no_data":null,"class":1,"color_hex":null,"algae_class":"class_1","source_date":"2018-07-07"},"geometry":{"type":"Polygon","coordinates":[[[22.835132079999998,65.68402248999999],[22.813570270000003,65.68513556],[22.816563588318775,65.69499515526353],[22.834625625970205,65.691171722962],[22.836544573112967,65.68866233478154],[22.835132079999998,65.68402248999999]]]}},{"type":"Feature","properties":{"cyano_daymap_file_id":4130,"date":"2018-07-07Z","cloud":null,"sub_surfac":null,"surface":null,"no_data":null,"class":1,"color_hex":null,"algae_class":"class_1","source_date":"2018-07-07"},"geometry":{"type":"MultiPolygon","coordinates":[[[[21.92821676,65.40357047],[21.929934900298928,65.41004318950054],[21.930350366443594,65.41033784254809],[21.93206071717197,65.41025907757084],[21.93224981056835,65.41097161326941],[21.930681207281612,65.41158478430167],[21.931203354089828,65.41192136228914],[21.930470780023324,65.4120619996898],[21.93530943,65.43029056],[21.956704029999997,65.42930375999998],[21.954330879999993,65.42039751999998],[21.96236462002363,65.42002583451836],[21.962273357313915,65.4196835922539],[21.96422186836955,65.41887218839406],[21.964507032912554,65.41831803753189],[21.965504957213653,65.41881282522733],[21.96745330244774,65.41800138119248],[21.96735824576563,65.41764514040742],[21.96906893802252,65.4175659524027],[21.96935398673448,65.41701179347288],[21.970209310002367,65.41697219079536],[21.97134995060338,65.41800129703047],[21.970399497730856,65.41768466800569],[21.970209561422962,65.41859506741753],[21.96935418525617,65.41863467060082],[21.96859388291323,65.41903050882942],[21.9691166637471,65.41936694938468],[21.9678335576909,65.41942634344129],[21.96792489351828,65.419768585351],[21.972654598344757,65.41954976290823],[21.973726182871875,65.41879284242226],[21.974581556211056,65.41875321447021],[21.974486399461266,65.41839697914091],[21.975434771218662,65.41835303599763],[21.973338029999997,65.41050221],[21.994714769999998,65.40951018999999],[21.992330900000002,65.40060465],[22.035064729999995,65.39861237],[22.036257036072964,65.40303958238663],[22.042858889553212,65.39898284067415],[22.04542268480503,65.39886278849757],[22.048173576174886,65.39783222311358],[22.055389113451636,65.39731362318861],[22.056391656292945,65.39746690255187],[22.054025469999996,65.38870735],[22.0012659554785,65.39117148503563],[22.000160676747385,65.39141827527527],[22.000305787410017,65.39357546074895],[21.99888096058181,65.39310078036522],[21.999167099239234,65.39416943391142],[21.997885306414975,65.39422907102512],[21.996652994503787,65.39608966914503],[21.995134478250986,65.3968815971693],[21.994279854798254,65.39692133450117],[21.99200186636011,65.39810918697181],[21.991717482760187,65.39866338245609],[21.988203459440793,65.39846600200038],[21.98711067416751,65.39761513405819],[21.985496561373907,65.39805074164629],[21.98407174729044,65.39757592116447],[21.98321708101282,65.39761559617627],[21.982077827757237,65.39820944558846],[21.98222058568518,65.39874379131764],[21.980890944994186,65.3986251711695],[21.98103368150836,65.39915951822488],[21.97965645413577,65.3988627715927],[21.97761477095032,65.39931812263144],[21.97505055809532,65.39943702533094],[21.974860404041355,65.39872455346439],[21.973483266631355,65.39842774956313],[21.974717795981487,65.39819019933022],[21.974575194333116,65.39765584499528],[21.973150594386404,65.39718091922202],[21.973577543344387,65.3955382349818],[21.97220058928887,65.3952414175883],[21.973387463388747,65.3948257605042],[21.97367219942258,65.39427159621248],[21.97215278700896,65.39344042164339],[21.973007337655115,65.3934008104787],[21.972769782209923,65.39251021598817],[21.970870749253393,65.39187695167371],[21.970490811633805,65.39045199343312],[21.968544509307243,65.38964057779518],[21.969351463211698,65.38942286789514],[21.969066599723376,65.3883541455339],[21.969826030366768,65.38795831308106],[21.970537789977143,65.38576147886967],[21.97139209386228,65.38572187922558],[21.971249641697998,65.38518752020896],[21.972056437291666,65.38496979732693],[21.972625763378122,65.38386147446326],[21.973432506933232,65.38364374470758],[21.973954253370728,65.38235729869676],[21.975093024971162,65.38176351517272],[21.974903024473512,65.38105104169341],[21.975757167301182,65.38101141884256],[21.976089224563935,65.38063536970984],[21.975946710274197,65.38010101569044],[21.977180362396446,65.37986345363872],[21.977796885194653,65.3789332317466],[21.982398271324996,65.37673605728268],[21.982255654389686,65.37620171018985],[21.98353661111735,65.37614221403905],[21.984200375777764,65.37539008406048],[21.985565679914846,65.37529390794373],[21.98518997,65.3738877],[21.989466438045863,65.37368868376535],[21.99060350644846,65.37346954755552],[21.990508330916178,65.37311332228033],[21.99264296678924,65.37301404181513],[21.992927082602673,65.3724598469533],[21.994587128402426,65.37220228694112],[22.000371244767145,65.36958876968997],[22.004544488535906,65.36903369073207],[22.005596883921637,65.36938456467789],[22.004549974987526,65.36547365470986],[22.004540082863443,65.36578797311935],[22.00292819895679,65.36622374606965],[22.00302351251496,65.36657996219337],[22.002169888158022,65.36661973464471],[22.000796131249746,65.36794602766433],[21.999231688120467,65.36855987185537],[21.997951143717057,65.36861949751275],[21.996432506435646,65.3677885599883],[21.98874932307546,65.36814600697333],[21.986662614907296,65.3684233428736],[21.984291604383337,65.3692548307873],[21.982915930696336,65.36895809885782],[21.98229897284545,65.36826546580346],[21.983105160758562,65.36804768954873],[21.982962586484625,65.3675133426447],[21.983768745925094,65.36729556310908],[21.984005465854043,65.36656326838089],[21.987845730577753,65.36476184741807],[21.989219990824694,65.3634356676513],[21.99087950924189,65.36317815355578],[21.991163567490627,65.36262396249597],[21.993392516153744,65.3628809046245],[21.99533592062236,65.36206914726492],[21.998227890846362,65.36157384286163],[21.99851177764927,65.3610196395843],[22.001451203587507,65.36070238468116],[22.001546472934237,65.3610586021952],[22.002826639458565,65.36099894961062],[22.002921928728046,65.36135516606001],[22.001689382300857,65.3615929282981],[22.001832298083674,65.36212725419921],[22.003682209989005,65.3625820348638],[22.004299585459652,65.36327457629982],[22.00439490465272,65.36363079151594],[22.00306696294481,65.36351235054524],[22.00325757288772,65.36422478274848],[22.00423909871552,65.364312322457],[22.004152529999995,65.36398893],[22.02549006,65.36299292],[22.027881039999997,65.37189786999998],[22.049223889999997,65.37089844],[22.05162378,65.37980292],[22.072971959999993,65.37880007999999],[22.07056495,65.369896],[22.0919042,65.36889056],[22.094318329999997,65.37779422],[22.15834657,65.37475862],[22.16078386,65.38366098],[22.20347447,65.38162138],[22.205241963120283,65.3880343871598],[22.206810488245154,65.38778864450458],[22.20713928019411,65.38741212048154],[22.208420157261646,65.3873507128027],[22.20874892074754,65.38697418554757],[22.209602822261992,65.38693323934476],[22.210177089734895,65.38744684633245],[22.213165776496403,65.3873034848001],[22.2120322737455,65.38789901234632],[22.20956868855284,65.38837793363703],[22.209289024504372,65.38893249031092],[22.20805716899995,65.38917193418318],[22.20782656159308,65.38990451658081],[22.20592781,65.39052284999998],[22.269971289999994,65.38743964999998],[22.274926210000004,65.40523989],[22.29628457,65.4042053],[22.29379906,65.39530562999998],[22.31514844,65.39426845],[22.31016879,65.37646978],[22.331502090000004,65.37543044000002],[22.333998089999994,65.38432937999998],[22.38234665161422,65.38196196025002],[22.382407589220293,65.38143181032304],[22.38524360614044,65.38075117753596],[22.387401353773896,65.37920168517034],[22.38910796698634,65.37911777481054],[22.390663638270134,65.37849997845096],[22.39194355568891,65.37843702019681],[22.39226955444673,65.37806012177194],[22.396756338804696,65.37676770523846],[22.395490769999995,65.37229442],[22.40678320286268,65.37173770938234],[22.408523375581733,65.37130524487515],[22.407895234196367,65.37061448252841],[22.410178970629158,65.3710431532725],[22.41168323240481,65.37024720188839],[22.41047729329762,65.36904364960161],[22.410752492498133,65.36848876716553],[22.411554980993582,65.36826873864148],[22.412082294883398,65.36860359095832],[22.41230702484313,65.3678707588423],[22.413485485356098,65.36745172922753],[22.413357124122513,65.36547326863808],[22.412779432018276,65.36496047326987],[22.410120204134028,65.36473082240792],[22.41082175951596,65.36415490273008],[22.411674534232024,65.36411282268084],[22.41109690616608,65.36360002020066],[22.41244946667485,65.36227022260009],[22.4123486309264,65.36191432810391],[22.411495928778628,65.36195641123119],[22.41069362977319,65.36217643750555],[22.41079444434897,65.36253233332685],[22.409515355436596,65.36259544336184],[22.409790515438363,65.3620405630843],[22.411395107385143,65.36160051594945],[22.410666331767416,65.36055386790336],[22.412371645349726,65.36046970714582],[22.412472474706888,65.36082560169197],[22.417212534216077,65.36077200217169],[22.417111640990555,65.36041611145545],[22.415782236331907,65.36030132802928],[22.418716007788444,65.35997598856999],[22.42149828243396,65.35911676188816],[22.424908627285777,65.35894817845694],[22.428391581201666,65.35751284470467],[22.429771417480538,65.35780545803051],[22.430096628985332,65.35742848581818],[22.43094914834543,65.35738629917638],[22.431447916732207,65.3560985305655],[22.43315286101462,65.35601413810937],[22.432704722110657,65.35747985064833],[22.43473489054808,65.35701846158535],[22.436064201041024,65.35713307854796],[22.436165335349372,65.35748895407187],[22.437870351395013,65.3574045074264],[22.437993124669028,65.35631577106723],[22.439322411917967,65.35643035948425],[22.43957535534327,65.35732004158564],[22.441179144888302,65.35687968516282],[22.441402978431928,65.35614681886807],[22.4399219281756,65.35549844009361],[22.439842270118728,65.35369795783497],[22.438188074860708,65.35396036129508],[22.438310827239142,65.35287162489448],[22.436302758082018,65.35188844705972],[22.434742799147866,65.34943952545223],[22.43331282623815,65.34896901460608],[22.433962933525223,65.34821505741637],[22.43604291632454,65.34793159690477],[22.437472879030793,65.34840208190414],[22.438700633243712,65.34816080526295],[22.439278436831387,65.34867349995912],[22.442362364638544,65.34888152539843],[22.44316398831399,65.34866133725876],[22.443265179195958,65.34901720742512],[22.448935439706577,65.35072084773614],[22.449787705213016,65.35067855697396],[22.453551423143303,65.35175486227786],[22.454403713147368,65.35171254511351],[22.45540805382211,65.35220401341721],[22.4571633500659,65.35229728237806],[22.461404489013436,65.3535301462407],[22.465493743582293,65.35422910888393],[22.472171357822656,65.35642323656558],[22.473754881984544,65.35742713423052],[22.4837230711574,65.36053971876365],[22.486039049766745,65.36258974287412],[22.48629364472657,65.36347932920626],[22.485046640616165,65.36516558670527],[22.482743139837645,65.36618264947998],[22.480611375277018,65.36628884541854],[22.480509598711187,65.36593300645745],[22.47631641011461,65.36487863236191],[22.475209490672537,65.36403146937495],[22.474650217217803,65.36207432904092],[22.469026643856367,65.36054962466822],[22.464337593603094,65.36078277991295],[22.46353578995639,65.36100308272886],[22.46363731385797,65.36135893575306],[22.459800659729733,65.3615495742339],[22.457576021674527,65.36251524736467],[22.45946251,65.36913138],[22.43890076318698,65.37015102837256],[22.43941084549346,65.37194407370146],[22.43871082632631,65.37219314962161],[22.44067198,65.37908553],[22.398440505273815,65.38117072831126],[22.39806934635308,65.38140842269765],[22.403048319999996,65.39898722],[22.381699319999996,65.40003685],[22.386732890000005,65.41783260000001],[22.42945746,65.41572861],[22.426925489999995,65.40683162999999],[22.44827782,65.40577556],[22.443205359999997,65.38798226999998],[22.44831683189009,65.38772875680955],[22.450269610154535,65.38728517736048],[22.449914499053296,65.38603965760214],[22.452170262936423,65.38484513593204],[22.452018046405325,65.38431134404163],[22.45058583361852,65.38384102039078],[22.45048438131659,65.38348515782046],[22.451815101659147,65.38359962117346],[22.452486225834914,65.38140097765354],[22.455168088863285,65.38018525658296],[22.45602129740762,65.38014292081903],[22.45629563024744,65.37958796412475],[22.457148817207454,65.3795456221933],[22.457697412936216,65.37843570491584],[22.458550559767236,65.37839335545348],[22.458723286868818,65.3774825387128],[22.460652946703714,65.37666493321038],[22.46125212000844,65.37573293237764],[22.463009013251224,65.37582611672377],[22.463811267481432,65.37560581207507],[22.463658879353087,65.37507203372718],[22.466492016402356,65.37438990078053],[22.467395833335477,65.37452542766981],[22.46729419703027,65.37416957832949],[22.468248834368534,65.37448302475333],[22.469528330216605,65.37441941137519],[22.47027964763245,65.37402114953817],[22.47374240587264,65.37402936669363],[22.47449364720141,65.37363108460987],[22.476352192478966,65.37407995756074],[22.478809301150946,65.37359674317008],[22.479063780514274,65.3744863429438],[22.480018565904977,65.37479971320612],[22.48082064091367,65.37457931977104],[22.481450786534534,65.37526975680798],[22.48170537487402,65.37615935099713],[22.4809062175386,65.37708744079934],[22.483328309999997,65.37696696999998],[22.48587588,65.38586284],[22.507208289999994,65.38479861999998],[22.504653619999996,65.37590318],[22.525977019999992,65.37483639999999],[22.52085925,65.35704620000001],[22.499550009999993,65.35811212],[22.49700107,65.34921649],[22.53960348,65.34708253999997],[22.53704229,65.33818772000001],[22.55833356,65.33711668],[22.555767229999997,65.32822224],[22.513196909999998,65.33036044],[22.51064661,65.32146506],[22.446798029999997,65.32464859999999],[22.444270809999992,65.31575185999999],[22.422991229999997,65.31680663],[22.42551139,65.3257038],[22.404222869999998,65.32675598999998],[22.40673785,65.33565353000002],[22.36414104,65.3377498],[22.36914832,65.3555464],[22.390461819999995,65.35449891],[22.39297536,65.3633967],[22.307681760000005,65.36757035],[22.305196589999998,65.35867086],[22.347832940000004,65.35659089],[22.345335449999997,65.34769218999998],[22.324025289999998,65.34873324999998],[22.316565240000003,65.32203552],[22.337854159999996,65.32099572999999],[22.33536413,65.31209679],[22.374733629518865,65.31016264331232],[22.374279162803262,65.30966082727232],[22.374679871629134,65.30801729889339],[22.37680743812983,65.30791264628533],[22.376932631952634,65.3068239354539],[22.377783617956027,65.30678206568231],[22.377508289053427,65.30733688912329],[22.37850947788572,65.30782890264636],[22.384892020487015,65.30751469338054],[22.38509245017057,65.30822653174474],[22.38429153526948,65.30844640311685],[22.38481726291707,65.30878136712305],[22.383540706327118,65.30884423052292],[22.383014993374612,65.30850926189979],[22.380987572961416,65.30896992499366],[22.38149446171434,65.30983049681932],[22.399198540000004,65.30896073000001],[22.396689189999993,65.30006300999999],[22.41795654,65.2990121],[22.415442009999996,65.29011473999999],[22.47921164,65.28694535],[22.47667787,65.27804921999999],[22.561649439999997,65.27378325999999],[22.564211340000004,65.28267765],[22.5854565,65.28160326000001],[22.588027339999993,65.29049715],[22.60927762,65.28941933],[22.61443913,65.30720604],[22.59317478,65.30828473],[22.595751379999996,65.31717842999998],[22.63829225,65.31501717],[22.646075919999994,65.34169522999998],[22.688651349999997,65.33951934999999],[22.691263900000003,65.34841102],[22.712555759999997,65.34731813999998],[22.707318490000002,65.32953563000001],[22.74986812,65.32734268],[22.747238329999995,65.31845222],[22.832285839999997,65.31403225999999],[22.829629879999995,65.30514352999998],[22.85087979,65.30403152],[22.845559760000004,65.28625477],[22.824323889999995,65.28736586999999],[22.82167386,65.27847694],[22.84290272,65.27736629],[22.837594569999997,65.25958912999998],[22.88001835,65.2573607],[22.874690119999997,65.23958508],[22.895885059999994,65.23846730999999],[22.89055079999999,65.22069232999999],[22.9117298,65.21957249000002],[22.906389520000005,65.20179815],[22.88522445,65.20291706999998],[22.87724974,65.17625369],[22.85610356,65.17736829],[22.85345621,65.16847991],[22.89573272,65.16624864],[22.898393949999996,65.17513611999999],[22.94067645,65.17289208],[22.932657040000002,65.14623217],[22.953774509999995,65.14510707],[22.952300852327227,65.14021360800281],[22.943665326681607,65.13661674239026],[22.92998786,65.1373454],[22.927907892070245,65.13041518370775],[22.8985886497093,65.1203780521599],[22.885184620758892,65.11631308182429],[22.8574198396373,65.1087830198622],[22.8430911307973,65.1053259673164],[22.813630577896,65.099051531591],[22.783216068086205,65.09365218440139],[22.767695334584204,65.0912889661128],[22.736125520193397,65.0872488627787],[22.703969492420804,65.0841417016372],[22.687722653553607,65.08294181426642],[22.6549815048834,65.0812580646165],[22.622043315924994,65.0805348656589],[22.5890680589074,65.08077551930198],[22.5562078378235,65.0819784364121],[22.5236222511317,65.0841381956597],[22.4989570328592,65.0864342959367],[22.4512775467598,65.06965380799399],[22.3200684113133,65.1466372251174],[21.94568985526181,65.35768601895857],[21.95910428,65.35706572],[21.96384176,65.37487811],[21.942491779999997,65.3758655],[21.938714118653465,65.36161845785912],[21.9374845157948,65.3623116230953],[21.915115044741814,65.39805648849732],[21.916264641208578,65.39800364742257],[21.919067804490577,65.39715353157523],[21.920777337561308,65.39707490233567],[21.920871672379274,65.39743117937981],[21.92167927262249,65.39721371869658],[21.92224818667616,65.39772846982198],[21.923102967574774,65.39768913945376],[21.924099317391633,65.39818421615489],[21.923622032268888,65.3996486522871],[21.92029408066301,65.40178514300437],[21.920435604823485,65.40231955874951],[21.919580668370322,65.40235887546713],[21.92014965890425,65.4028736337405],[21.91929470389372,65.40291294901247],[21.91938904396971,65.40326922689876],[21.92166958824246,65.40387143580598],[21.92821676,65.40357047]],[[21.966883046507068,65.41748681380568],[21.967310718493803,65.41746701998146],[21.96735824576563,65.41764514040742],[21.966883046507068,65.41748681380568]],[[21.95195950999999,65.41149122999998],[21.9472221,65.39367848],[21.968586339999998,65.39269026999999],[21.973338029999997,65.41050221],[21.95195950999999,65.41149122999998]],[[21.97215278700896,65.39344042164339],[21.971678006666203,65.3932821060793],[21.97210528020341,65.39326230246587],[21.97215278700896,65.39344042164339]],[[21.971203232030764,65.39312378896436],[21.971630503426116,65.39310398671749],[21.971678006666203,65.3932821060793],[21.971203232030764,65.39312378896436]],[[22.373828839801437,65.30805915155499],[22.373528658066977,65.30699136664794],[22.374805153874398,65.30692858893005],[22.374679871629134,65.30801729889339],[22.373828839801437,65.30805915155499]],[[22.789890619999994,65.24402640999999],[22.83229431,65.2418117],[22.834943459999998,65.25070045],[22.792525779999995,65.25291606],[22.789890619999994,65.24402640999999]],[[22.665225859999996,65.25949137999999],[22.67041796,65.27727583],[22.64918048,65.27836216],[22.64400242,65.26057683],[22.665225859999996,65.25949137999999]],[[22.66263271,65.25059906],[22.683847209999993,65.24951106999998],[22.68644737,65.25840295],[22.665225859999996,65.25949137999999],[22.66263271,65.25059906]],[[22.217446700000004,65.35389356],[22.26008367,65.35183844000001],[22.262552810000003,65.36073883],[22.21990164,65.36279479],[22.217446700000004,65.35389356]],[[22.03486219,65.31747035],[22.05616065,65.31647037],[22.05855688,65.32537478],[22.03725133,65.32637517],[22.03486219,65.31747035]],[[22.07986064,65.32437138999998],[22.084672660000003,65.34217922999999],[22.08132250947715,65.34233680096628],[22.080939146756574,65.34309053155319],[22.082596433178026,65.3428320284873],[22.083731036694257,65.34223746484423],[22.081750615203465,65.34449505444692],[22.080519602294054,65.34473344696475],[22.07914419181946,65.34443759173],[22.077012270242886,65.34453807171454],[22.076063290077204,65.34422209428583],[22.075949133990132,65.3425895322874],[22.042034989999994,65.34418464999997],[22.039642269999998,65.33527994],[22.0609549,65.33427914],[22.05855688,65.32537478],[22.07986064,65.32437138999998]],[[22.077457319999997,65.31546737999999],[22.14133654,65.31244043999999],[22.1437611,65.32134320999998],[22.16505764,65.32032782],[22.167491099999996,65.32923012],[22.12488204,65.33125873],[22.12246275,65.3223556],[22.10116259,65.323365],[22.07986064,65.32437138999998],[22.077457319999997,65.31546737999999]],[[22.435566273413126,65.34777476543478],[22.435039098858542,65.34743999397655],[22.435465192385884,65.34741888896421],[22.435566273413126,65.34777476543478]],[[22.435790201489986,65.34704190652776],[22.436642373445178,65.34699969119623],[22.43631737717486,65.347376675342],[22.435465192385884,65.34741888896421],[22.435790201489986,65.34704190652776]],[[22.43305177430602,65.35565826007337],[22.432199315007548,65.35570045801187],[22.431997173318884,65.35498870026568],[22.432849609954662,65.35494650370488],[22.43305177430602,65.35565826007337]],[[22.431469893221266,65.354653917381],[22.431043678680528,65.354675012318],[22.4309931523228,65.35449707242591],[22.431469893221266,65.354653917381]],[[22.431144733661686,65.35503089202803],[22.430718512700164,65.35505198610977],[22.430667987664748,65.35487404609495],[22.431144733661686,65.35503089202803]],[[22.430819565036714,65.35540786606539],[22.430393337654223,65.35542895929188],[22.43034281394122,65.35525101915427],[22.430819565036714,65.35540786606539]],[[22.430595440058628,65.35614071959556],[22.430169200588885,65.35616181231107],[22.430118676687968,65.35598387210001],[22.430595440058628,65.35614071959556]],[[22.430494387345917,65.3557848394931],[22.430068153542283,65.35580593186427],[22.430017631151806,65.35562799160384],[22.430494387345917,65.3557848394931]],[[22.430270250656477,65.35651769265912],[22.429844004765197,65.35653878451926],[22.42979348218694,65.35636084418543],[22.430270250656477,65.35651769265912]],[[22.429945052187424,65.35689466511289],[22.429518799874426,65.35691575611767],[22.42946827861895,65.35673781566103],[22.429945052187424,65.35689466511289]],[[22.40976327391437,65.36041799274133],[22.40933694496236,65.36043902735872],[22.409286552010236,65.36026107882188],[22.40976327391437,65.36041799274133]],[[22.40891061525692,65.36046006077608],[22.40848428479807,65.36048109299338],[22.40843389751526,65.36030314411313],[22.40891061525692,65.36046006077608]],[[22.40714304584955,65.3710124417591],[22.406716542614774,65.3710334707325],[22.406666142818928,65.37085552138853],[22.40714304584955,65.3710124417591]],[[22.40364353399543,65.36017851579989],[22.404069864234568,65.36015749729827],[22.404120221663987,65.36033544794422],[22.40364353399543,65.36017851579989]],[[22.403267554763303,65.36037748409056],[22.40369388859008,65.36035646661743],[22.40374424393761,65.36053441741045],[22.403267554763303,65.36037748409056]],[[22.40234097263109,65.36168618914922],[22.402391321908684,65.36186414045675],[22.401964962390597,65.361885154502],[22.40234097263109,65.36168618914922]],[[22.401186212676077,65.3606605052772],[22.40203889277427,65.3606184807887],[22.40224027633436,65.36133028646054],[22.401488258512472,65.3617282156964],[22.401186212676077,65.3606605052772]],[[22.401511871507637,65.36028359030675],[22.401085536751946,65.36030460160787],[22.40098486383828,65.35994869784037],[22.401511871507637,65.36028359030675]],[[22.400884193934935,65.35959279397477],[22.400457869765724,65.35961380338966],[22.40040753877755,65.35943585124853],[22.400884193934935,65.35959279397477]],[[22.371375759072315,65.30854061095658],[22.37095023191282,65.30856152864794],[22.37085020488706,65.30820559815263],[22.371375759072315,65.30854061095658]],[[22.31372876687125,65.39417092722694],[22.313301797753024,65.39419169621982],[22.313251977037844,65.39401370993868],[22.31372876687125,65.39417092722694]],[[22.29057202895642,65.39493474136638],[22.29195239157063,65.39522861255278],[22.290969403008766,65.3963587030088],[22.29220079490505,65.39611858598023],[22.29277687496991,65.39663185953314],[22.29410765443049,65.39674771553312],[22.294207049695768,65.39710370318984],[22.29340267112162,65.39732312478264],[22.29430644793808,65.39745969075062],[22.294405849157567,65.39781567821548],[22.291843557019885,65.39793995023055],[22.291615237388655,65.39867263740612],[22.289479912822046,65.3987761617106],[22.28938057397101,65.39842017037422],[22.288099387385518,65.39848226950625],[22.286540077798705,65.39909904203006],[22.286639381254084,65.39945503559179],[22.287821298931828,65.39903695581046],[22.289529583363386,65.3989541573428],[22.28972827296802,65.39966613963216],[22.288824441640475,65.39952954675098],[22.288119269471316,65.40010493316251],[22.287265088626725,65.40014632720914],[22.287165773527438,65.3997903341774],[22.28626195035742,65.3996537258449],[22.285934162402224,65.40003041224485],[22.286837997088774,65.40016702242791],[22.28608311277176,65.4005644032075],[22.283570139360716,65.40086653480421],[22.283291932081944,65.40142121393058],[22.282109834634575,65.40183925997697],[22.28082846045074,65.40190129916282],[22.28030210405955,65.40156597808557],[22.278593614553703,65.40164867399058],[22.27764017231275,65.40133401420056],[22.278296010204556,65.40058067416122],[22.277620934100362,65.39971134275534],[22.27890221060031,65.39964933181838],[22.27875341251306,65.39911533223652],[22.279508369648383,65.39871798744606],[22.280839203665302,65.3988339600862],[22.28101821558762,65.39792328719915],[22.28229939515411,65.3978612483452],[22.283054262420148,65.39746388668603],[22.28295501666339,65.39710789018183],[22.28375947945487,65.39688852352256],[22.28323319055767,65.39655321200009],[22.28373988132899,65.39526585642973],[22.284593910189322,65.39522448388544],[22.284395400390984,65.39451249301486],[22.28557713643795,65.39409443264303],[22.285428240737605,65.39356044061729],[22.28628221093815,65.39351905908997],[22.28618293947083,65.39316306496303],[22.287940494931817,65.3932582852285],[22.288268174660914,65.39288159553624],[22.28856607889405,65.3939495726983],[22.290552017339373,65.39331207929389],[22.29225991907966,65.39322925370163],[22.29112800057466,65.39382536012694],[22.291753682293738,65.39451663337935],[22.29057202895642,65.39493474136638]],[[22.292180677276896,65.39449592519507],[22.292230356326165,65.39467391985508],[22.291803358497134,65.39469462820865],[22.292180677276896,65.39449592519507]],[[22.289628456342427,65.39155282631923],[22.28920150675865,65.39157352681592],[22.28915185532287,65.39139553087833],[22.289628456342427,65.39155282631923]],[[22.097092029926294,65.34214764535412],[22.09666570073831,65.34216779408699],[22.09656922755892,65.34181164880792],[22.097092029926294,65.34214764535412]],[[22.016873163155733,65.34086783089761],[22.0164467807809,65.34088775282585],[22.01639908915397,65.34070964929654],[22.016873163155733,65.34086783089761]],[[22.01356546148157,65.34625194577208],[22.01531904072845,65.34635038387259],[22.015557531332025,65.34724090269042],[22.014799946897092,65.34763694793195],[22.014659622669885,65.34872548956346],[22.01375890757148,65.34858721782429],[22.01342777443863,65.34896334117265],[22.01139053560213,65.34941910702018],[22.007978308422064,65.34957833560817],[22.009729634864993,65.34805398013819],[22.01356546148157,65.34625194577208]],[[22.007599428082695,65.34977634047439],[22.00717289292191,65.34979623759972],[22.007125244497963,65.34961813073572],[22.007599428082695,65.34977634047439]],[[21.99361587067213,65.39767351076205],[21.993663533003645,65.39785162164297],[21.99323620450687,65.39787148690515],[21.99361587067213,65.39767351076205]],[[21.97310417628309,65.40187142839747],[21.972676763585373,65.40189123617407],[21.972629234728906,65.40171311739624],[21.97310417628309,65.40187142839747]],[[21.931725514461107,65.41225793833763],[21.931297894975824,65.41227763075204],[21.931250624178396,65.41209949653165],[21.931725514461107,65.41225793833763]]],[[[21.994714769999998,65.40951018999999],[21.99869295456507,65.42435476520576],[22.002197549117017,65.42324168059675],[22.00276862369443,65.42375610648438],[21.999101902549373,65.42588075250197],[21.9994879,65.4273211],[22.02087714,65.42632524],[22.02327354,65.4352302],[22.04466814,65.43423092],[22.039862839999998,65.41642176],[22.061241339999995,65.41542029],[22.06013153945508,65.41131184079448],[22.05828657781766,65.41124446206737],[22.058425276585698,65.41015589668305],[22.05709474656618,65.4100379574988],[22.056907871833772,65.41094843587675],[22.054439168101776,65.41142486879035],[22.05458348596132,65.41195913048813],[22.053728480954415,65.4119992085989],[22.05225892079082,65.41296979098627],[22.049838017810234,65.4136242394433],[22.048368223414492,65.41459478615478],[22.04627851892554,65.41487297696268],[22.04637463464685,65.41522915756265],[22.041243831261326,65.41546928165074],[22.03962956759198,65.41590547019008],[22.039533540419935,65.41554928444077],[22.038630383888048,65.4154111853673],[22.038961939122743,65.41503500283987],[22.03710768214873,65.4145806981054],[22.036483817553247,65.41226547612406],[22.037290872785945,65.41204740158167],[22.03776196779848,65.41058266753922],[22.0367150457682,65.4099102738577],[22.034529645671817,65.40983211102603],[22.033103315662576,65.40935776890697],[22.033961567237228,65.4076803458079],[21.994714769999998,65.40951018999999]],[[22.039677582257905,65.41608356303072],[22.039201987366994,65.41592546820137],[22.03962956759198,65.41590547019008],[22.039677582257905,65.41608356303072]],[[22.016012789887736,65.4150245179115],[22.018434695951985,65.41437060295277],[22.018291097932675,65.41383629981192],[22.01909835779553,65.41361832068688],[22.01605756015209,65.41357977077665],[22.0168169776374,65.41318370184868],[22.016625569427685,65.41247129502673],[22.018523970345676,65.41148110974027],[22.021944165090638,65.41132156506038],[22.022990771874447,65.41199406431805],[22.02270691297758,65.41254831304866],[22.023989532002602,65.41248845686155],[22.02498833000529,65.41298284242087],[22.022994278216167,65.41361690916618],[22.022426517792795,65.41472540648785],[22.018629416809805,65.41670585420114],[22.016966824612837,65.41696370360002],[22.016682789470792,65.4175179426461],[22.014164858359706,65.41781562754635],[22.014021324476957,65.41728131974907],[22.014828725823197,65.41706336213178],[22.016012789887736,65.4150245179115]],[[22.02338101329991,65.416664547161],[22.024236226249048,65.41662463914064],[22.024523707758167,65.41769323116338],[22.02328874333583,65.41793119340686],[22.023384560540926,65.418287391502],[22.02428774177108,65.41842558164005],[22.02091453157706,65.41876328817729],[22.021102701531102,65.41785284214922],[22.02338101329991,65.416664547161]],[[22.002816405489448,65.42393421325346],[22.002864188001215,65.42411232000015],[22.002436440207596,65.42413221536913],[22.002816405489448,65.42393421325346]]],[[[22.057081231623854,65.40001969028779],[22.057013101583617,65.40012292793446],[22.05712926633241,65.40019751337603],[22.057081231623854,65.40001969028779]]],[[[22.37740341717094,65.31003148185465],[22.379724853258317,65.30991743422962],[22.379861222928387,65.30956664102209],[22.378960080388843,65.30943056147011],[22.378859941268956,65.30907463745767],[22.37673229089615,65.30917931998638],[22.37645691756046,65.30973414195412],[22.37740341717094,65.31003148185465]]],[[[22.45000087196912,65.36057782604264],[22.44885998723483,65.35956641530449],[22.450088147626655,65.35932504154975],[22.450615758833234,65.35965975577454],[22.45146831060187,65.35961745254883],[22.451814077047743,65.35779583197493],[22.453316315077544,65.35699948548542],[22.45534606790535,65.35653782262858],[22.45604640956497,65.35596170474302],[22.454565016721066,65.35531347364211],[22.454362273766016,65.35460175216342],[22.450547452686234,65.35334753974917],[22.447138032701364,65.35351669472213],[22.4455851725258,65.35413504552008],[22.446091448312075,65.35591438423529],[22.445542773857166,65.35702425998409],[22.444740919527675,65.35724446317117],[22.44512473272264,65.36011254381792],[22.445879653446443,65.36078188028989],[22.45000087196912,65.36057782604264]]],[[[22.466593642881712,65.37474575076352],[22.467020148135013,65.37472455213334],[22.466969331678783,65.37454662732739],[22.466593642881712,65.37474575076352]]],[[[22.282239190830484,65.40075058742906],[22.28238807100815,65.40128458274322],[22.282815184962733,65.4012638999125],[22.282239190830484,65.40075058742906]]],[[[22.019194099084995,65.41397452219567],[22.01914622808138,65.41379642145256],[22.018718663365895,65.41381636123496],[22.019194099084995,65.41397452219567]]],[[[21.915010788367947,65.39816975364266],[21.9148830250503,65.39824745893249],[21.91502956477157,65.39824072401535],[21.915010788367947,65.39816975364266]]]]}},{"type":"Feature","properties":{"cyano_daymap_file_id":4130,"date":"2018-07-07Z","cloud":null,"sub_surfac":null,"surface":null,"no_data":null,"class":1,"color_hex":null,"algae_class":"class_1","source_date":"2018-07-07"},"geometry":{"type":"MultiPolygon","coordinates":[[[[22.19448800469137,65.52635435325394],[22.193733893949968,65.52568328293474],[22.19621062470425,65.52520449200698],[22.1962945698613,65.52393782695545],[22.19509096524885,65.52273253254012],[22.193226330832076,65.52228025104972],[22.194548581310233,65.52077420127327],[22.19392223305152,65.52008253205041],[22.192205665654473,65.52016432772429],[22.19224051981052,65.51871963178598],[22.19300018115348,65.51832267486142],[22.19471662451028,65.51824087137811],[22.195722759108094,65.51873405197784],[22.197933079958318,65.51852408418922],[22.197563230000004,65.51718944],[22.205072846981988,65.51683079856967],[22.207574194748524,65.51600401164109],[22.2075588259565,65.51438129511659],[22.206602014571256,65.51406621938057],[22.206453906706752,65.51353214226273],[22.211768481159165,65.51075289376541],[22.212626420146464,65.51071189072395],[22.212527614042752,65.51035584391381],[22.214045810790612,65.50956173344878],[22.21412888114843,65.50829506693077],[22.215745747270176,65.50785698649311],[22.21592756810847,65.50694636423223],[22.2183032437978,65.50611118886022],[22.218056093284947,65.50522108228131],[22.21886440513326,65.5050020244076],[22.21871610872969,65.50446796111525],[22.21733068059574,65.50417346919377],[22.217611269190886,65.50361888894861],[22.21670415704996,65.50348189596936],[22.216555915203465,65.50294783001864],[22.21736417070679,65.50272878071354],[22.218271259658646,65.50286576996032],[22.21837010980484,65.5032218126048],[22.219227789068924,65.50318077464723],[22.21998659222238,65.50278369055495],[22.21983828809177,65.50224962843058],[22.221124753845658,65.5021880576954],[22.221025870900228,65.50183201717087],[22.22236176244319,65.50194845633273],[22.223549290252375,65.50153082578727],[22.223450377286383,65.50117478714131],[22.225594377860745,65.50107211300438],[22.22509971399201,65.49929192677465],[22.225957251554615,65.4992508520257],[22.22615513116025,65.49996292545434],[22.2278702433256,65.49988075875353],[22.228150565594156,65.49932616154724],[22.229436863818886,65.4992645217174],[22.22971714671662,65.4987099219898],[22.231003410158202,65.49864826916995],[22.23085490931382,65.49811421977361],[22.233905623950587,65.4981483397331],[22.23380658540747,65.49779230909134],[22.235614691282777,65.49770554951431],[22.23551181,65.49733591999998],[22.24275734885341,65.49698784060138],[22.243897706985393,65.49658646261551],[22.243798539527052,65.49623043978794],[22.245612530213425,65.4965040974436],[22.24765682332604,65.49604509399624],[22.24874444070288,65.49527125247664],[22.248545988835044,65.49455921426187],[22.249403326617827,65.49451800846485],[22.25091948439448,65.49372354782791],[22.25258445631207,65.49346309708095],[22.25311238390579,65.49379849922232],[22.256206251219616,65.49364967515872],[22.255921698528304,65.49262956974906],[22.252485184894667,65.49310708097202],[22.251479014930943,65.49261427838276],[22.249286218537794,65.49253930227326],[22.248659152251573,65.49184786683384],[22.253964856440383,65.4890672224899],[22.254896894894287,65.48895570630361],[22.254464559999995,65.48740581],[22.257977883299937,65.48723627475714],[22.25808317610598,65.48670430157674],[22.257027506362075,65.4860335283241],[22.257834893532145,65.48581427120311],[22.25773558572568,65.48545825888665],[22.25630111683972,65.48498611187546],[22.257158126100386,65.4849448653218],[22.25859260772149,65.48541700407075],[22.25796547896267,65.48472560783985],[22.259679471088624,65.48464309125022],[22.25915165237565,65.48430771095956],[22.26038745527756,65.48406781031937],[22.260238454597403,65.483533794716],[22.261045737642128,65.48331452146132],[22.260468263463036,65.4828011406857],[22.26132519320829,65.48275987127917],[22.260797393151204,65.4824244965503],[22.264405040276888,65.4813487204561],[22.265013450056607,65.4804174124634],[22.265541261385707,65.48075277235479],[22.267205257802974,65.48049217013968],[22.267136625537393,65.47869149237236],[22.265323672926403,65.47841808279283],[22.26512492436027,65.4777060692253],[22.269668816885478,65.47532221364568],[22.27347405975772,65.47495823993196],[22.27380290770117,65.4745815702395],[22.275466426480367,65.47432088174298],[22.278464595550215,65.4741761305459],[22.278992446203365,65.47451144305555],[22.28113399803078,65.47440800539583],[22.283982721489743,65.47372915391655],[22.284480806646133,65.47550911325443],[22.285815594461795,65.47562500255165],[22.28739955757018,65.47663085338066],[22.286841865512116,65.47774023757493],[22.2877686232902,65.47949947508219],[22.28587584316273,65.4804929866342],[22.28264783774664,65.4813705733052],[22.282368850925238,65.48192525826852],[22.280655123439757,65.48200802963949],[22.28042588893358,65.48274070866675],[22.27891126593441,65.48353545013134],[22.279060647784927,65.48406944352952],[22.27996738477249,65.48420606601752],[22.28291683533818,65.48388321832634],[22.284102560246023,65.4834651300156],[22.285308321015663,65.48466969425236],[22.284501208098646,65.48488909545506],[22.2840717548774,65.48597711626886],[22.297315499999996,65.48533804],[22.299812539999994,65.49423752999999],[22.28488262714637,65.49495911075803],[22.28439231735557,65.4953577506162],[22.283694831957707,65.4950165183371],[22.278380840000004,65.49527335],[22.279817434142874,65.50040253545689],[22.28148138411017,65.49892596696314],[22.28405362951417,65.49880177219589],[22.282737638089785,65.50030854166869],[22.281172248290773,65.50092531879719],[22.280893044493865,65.5014800031264],[22.280129534681645,65.50151685264414],[22.28336621,65.51307301],[22.287878698884978,65.51285488313414],[22.287645707142296,65.51161738110156],[22.288174460130037,65.51195265253163],[22.29084782822083,65.51218431645155],[22.292513544559057,65.51192341851619],[22.2934712827823,65.51223794130105],[22.297331503184868,65.51205130834438],[22.29950496399834,65.51050292062467],[22.30122048795928,65.51041991763151],[22.302207044707835,65.50928972532795],[22.30195700011853,65.50839978519542],[22.30281468986224,65.50835827293574],[22.30208579943739,65.50731110173672],[22.303465666581538,65.50724430462566],[22.302311469999996,65.50313697],[22.323226187136953,65.50212150751629],[22.32313018540837,65.50178071428954],[22.328552922390255,65.50097610124216],[22.329537949911934,65.49984574582994],[22.328758083911268,65.4986207339206],[22.329264211257996,65.49733323172188],[22.32871241581516,65.49537547823788],[22.327276145522884,65.4949040232897],[22.32740385220788,65.49381532912905],[22.32649654629656,65.49367899703965],[22.328210862750986,65.4935956997972],[22.328739750300727,65.49393082800722],[22.335017355757223,65.49252893536126],[22.32124237,65.49319869],[22.31123677,65.45760206000001],[22.294797051306556,65.45839875895831],[22.290070137194768,65.45947699677299],[22.29232701999999,65.46753887],[22.249504749999996,65.46960493999998],[22.25198372,65.47850539999999],[22.23056263,65.47953434],[22.225620869999997,65.46173251],[22.24702764,65.46070442],[22.24207899,65.4429032],[22.22068652,65.44393045],[22.22315277,65.45283151],[22.2017513,65.45385615999999],[22.20253528951102,65.45669191378235],[22.207965278885997,65.45627853075696],[22.207866784217302,65.45592247770739],[22.210484489915142,65.4559775985923],[22.21124209791677,65.45558056997685],[22.212954360130727,65.45549860043334],[22.21315148687907,65.45621069847698],[22.210878629669278,65.45740180198183],[22.211799496334788,65.45916156257623],[22.21089397019704,65.45902451913582],[22.210810763809953,65.46029118566567],[22.21166705119905,65.46025020423218],[22.21237547498355,65.45967514401666],[22.212474048006897,65.46003119334337],[22.214861248913003,65.46081882611674],[22.216573839906808,65.46073681228889],[22.216475207935975,65.46038076622126],[22.219521509236657,65.46041521978098],[22.220279102161154,65.46001814597624],[22.221991620281024,65.45993607141048],[22.222518458627498,65.46027159116143],[22.221662191077346,65.46031263394383],[22.22185959839847,65.46102471782362],[22.222715888857067,65.46098367369623],[22.223720273986675,65.4614766853854],[22.222485174629984,65.46171627919222],[22.222303808219863,65.46262690516961],[22.221447463247916,65.46266794749579],[22.221546173237158,65.4630239895406],[22.220261633036795,65.46308554498653],[22.220360328805064,65.46344158794544],[22.218318055098614,65.46390020244199],[22.21642368071117,65.46489285904899],[22.214661503983617,65.46479685019314],[22.213047244698814,65.46523489363628],[22.21281622758776,65.46596748730539],[22.210015699995044,65.46682303232927],[22.209307038622544,65.46739808377505],[22.208450512992282,65.46743905416082],[22.208351960977684,65.46708300202079],[22.207017917874463,65.46696642092905],[22.207116451216102,65.46732247412321],[22.205880918342093,65.46756193634351],[22.206506241563034,65.46825356635162],[22.205551164833256,65.46793846687694],[22.203887308126717,65.46819838853251],[22.202883024257567,65.46770524395808],[22.199506032158048,65.46804698120718],[22.19764528423272,65.46759471599287],[22.19736461315678,65.46814926011385],[22.19436659551989,65.46829239987316],[22.193229246008336,65.46888782344556],[22.193376778926442,65.46942191930628],[22.18566707511265,65.4697896741837],[22.184697417255762,65.47065148288628],[22.18525739,65.47268142000001],[22.175329005671514,65.47315323888225],[22.17518134386134,65.47425743508045],[22.176993120358436,65.47453193777677],[22.175855103339018,65.47512723697838],[22.17591741611945,65.476928016428],[22.176872480704766,65.47724330338319],[22.17520773270668,65.47750291772742],[22.17550218690576,65.47857115037593],[22.17464523175781,65.47861193321168],[22.173984545300595,65.47936486852025],[22.172748129339592,65.47960406823901],[22.172895317198176,65.48013818740615],[22.171560744275666,65.48002129828726],[22.171328451549588,65.48075384072673],[22.170752783221907,65.48024009983406],[22.16908778104147,65.48049964920776],[22.168561196159093,65.4801639406868],[22.168548400625404,65.47854119494963],[22.16464302043509,65.47854645973739],[22.163933043671076,65.47912131091317],[22.160554024115974,65.47946219683602],[22.160223470430914,65.4798386360785],[22.159366445028695,65.47987933292693],[22.16045606914763,65.47910610773677],[22.160358117122996,65.47875001854423],[22.15907263177758,65.47881106262652],[22.158546209065847,65.4784753176172],[22.158876770992364,65.4780988819597],[22.159733739002746,65.47805818844745],[22.15939097078324,65.47681187371754],[22.1576281596894,65.47671520551764],[22.154726764370746,65.47721366225572],[22.155057366903215,65.4768372345566],[22.153711175364148,65.47509742940115],[22.154996493408277,65.47503643256728],[22.154898634070733,65.47468033892034],[22.156597566314325,65.47404339849815],[22.14241659,65.47471731000002],[22.141541463436575,65.47152599751927],[22.14006535777732,65.4712351944321],[22.13840060094243,65.47149440322232],[22.137261816182566,65.47208941905511],[22.135927798837773,65.47197220977445],[22.136735810162417,65.47175359399267],[22.13663821407695,65.47139748595924],[22.137923398463645,65.471336635696],[22.139062135993186,65.47074161533003],[22.13896451282047,65.4703855090597],[22.1406291936174,65.4701262947909],[22.140862272633342,65.46939379191055],[22.140005552867724,65.46943437596082],[22.139907922753025,65.46907827036323],[22.14087955899523,65.46911223933503],[22.140439718756944,65.46750827974721],[22.13946862353047,65.46747579402472],[22.138845080522202,65.46678386943431],[22.140301715121726,65.46700502371333],[22.1399753,65.46581468999999],[22.148448033950842,65.46541269117544],[22.14835415122639,65.46507059954614],[22.149161844464132,65.46485192037531],[22.14853811345269,65.46416003762664],[22.15020229989576,65.46390072264298],[22.15005568522465,65.46336657573758],[22.15395881952474,65.4633617099519],[22.155096847359548,65.46276657557723],[22.154093681467113,65.46227309574363],[22.156283733750225,65.46234947973548],[22.15618591420468,65.46199338649274],[22.157042360189863,65.46195271332772],[22.156516315225687,65.46161695751118],[22.159746302257492,65.46074204793325],[22.160119803652552,65.46017365834847],[22.159185637154447,65.45677074468061],[22.158572183760516,65.45646895438914],[22.157336691507073,65.45670801901107],[22.15723888311145,65.45635192632315],[22.156382620623162,65.45639259881484],[22.156235930721003,65.45585845860859],[22.15547746355866,65.45625521943329],[22.1541930685091,65.45631621137684],[22.151000676391497,65.4557462885922],[22.149337013276202,65.4560056072957],[22.148334220856245,65.45551208552713],[22.147526804801185,65.45573075759022],[22.1474291341708,65.45537465720385],[22.14533732694752,65.45565424099016],[22.144811561520935,65.45531844165633],[22.14395530951256,65.45535904356062],[22.143722420554855,65.45609154946331],[22.142866141234606,65.45613214545595],[22.141435330016883,65.45565887286192],[22.14057906055679,65.45569945578657],[22.140004570358663,65.45518558620321],[22.137053756919652,65.45515064544496],[22.137535849999995,65.45691202],[22.11612703,65.4579246],[22.118559319999996,65.46682769],[22.0971415,65.46783767],[22.101997219999998,65.48564449999999],[22.08560595907067,65.48641518175077],[22.083336786768033,65.48761796960846],[22.083101953501004,65.4883504002339],[22.081864242462967,65.4885888684155],[22.08220350245292,65.48983539193154],[22.07844162091649,65.49037267076392],[22.07458973992107,65.49217651008287],[22.073303354174058,65.4922368329738],[22.072687805552587,65.49316743398104],[22.07149817180971,65.49358389874983],[22.07093093125367,65.49469257224644],[22.066745782360805,65.4968724804199],[22.0632180214323,65.49667698200865],[22.060403061221876,65.49590701361062],[22.059303693708028,65.49505673422297],[22.058445981101787,65.4950968651364],[22.05753400637926,65.49333608855665],[22.05819841332603,65.49258362794393],[22.057956867676584,65.49169320816745],[22.059098324854986,65.4910987650778],[22.05933385462332,65.49036636513664],[22.06095231434474,65.48992992564318],[22.061858182737822,65.49006786473637],[22.064044041317032,65.48852275110528],[22.06427941257291,65.48779034495679],[22.065040181411195,65.48739402061717],[22.066326351994608,65.48733377011662],[22.066990359963274,65.48658127463669],[22.06789614100539,65.48671917838416],[22.068179754549043,65.4861648476093],[22.0690855269009,65.48630274431201],[22.071083879721726,65.48566802723336],[22.072369948614554,65.48560772627357],[22.073510812802528,65.48501318000359],[22.075654192394346,65.48491263855846],[22.0797494952639,65.48366030722869],[22.078141639999995,65.47774848],[22.03528257,65.47975415999998],[22.03287715,65.47084948],[22.031927065161184,65.47089366237691],[22.03217119912542,65.47179791318452],[22.030457195126754,65.47187784867401],[22.028506926340654,65.47269012411788],[22.024173679337185,65.47271172693237],[22.022555634722394,65.47314776866006],[22.017080653932137,65.473763337831],[22.014889942235925,65.47368494137817],[22.013936912751856,65.47336861176152],[22.01382558673215,65.4717354465101],[21.994269111871073,65.47283959126887],[21.990025209999995,65.47284225],[21.992416259999995,65.48174774999997],[22.01385032,65.48075247],[22.016250349999993,65.48965749999999],[22.03768979,65.48865878],[22.04009882,65.49756335],[22.06154364,65.4965612],[22.063626856995754,65.50423236030004],[22.064820542748908,65.50417648465314],[22.06682034837032,65.50354181016569],[22.067346131353293,65.50387788056409],[22.06863310662089,65.50381760272481],[22.068729922327947,65.50417376190553],[22.069636328412557,65.50431164919512],[22.06952275955133,65.50520419265644],[22.08060929797658,65.50468365045407],[22.082110444024195,65.50066078709399],[22.086966362226516,65.49935067994872],[22.08672376125799,65.49846031644856],[22.085865987928027,65.49850060352848],[22.085340082146036,65.49816459870148],[22.083624546823,65.49824515218327],[22.08043581911852,65.49929657719761],[22.080573855650325,65.49820799907266],[22.081334667352415,65.49781159235494],[22.080331485191824,65.49731762309064],[22.080089132957525,65.4964272465355],[22.08165912505183,65.49581250996673],[22.08265475713144,65.49468366839507],[22.08198354151635,65.49381342723123],[22.08060016321923,65.49351766319087],[22.080357844379293,65.49262728670516],[22.081166967965768,65.49240895759485],[22.08140188591864,65.49167652919675],[22.082639746335715,65.49143806337253],[22.0856334687091,65.48967430837303],[22.08810889724078,65.48919730007819],[22.08839210315435,65.48864293533556],[22.09111000857607,65.48905624000295],[22.09135265348901,65.48994659613663],[22.08978324083821,65.49056142784336],[22.08992880861796,65.49109564302479],[22.088739550412143,65.49151223987252],[22.088836584918013,65.49186838411178],[22.09012290920481,65.49180792961174],[22.08974265926832,65.49200615407575],[22.090317021465545,65.4925202158311],[22.08784915497732,65.49462006196309],[22.086659705060672,65.49503664427415],[22.086950779745905,65.49610508103979],[22.088811743966286,65.49655870736963],[22.090955998832158,65.496457940474],[22.090858914880627,65.49610179809066],[22.092096892280377,65.49586325369995],[22.09394970684332,65.49469402099957],[22.096619752513586,65.49492914975495],[22.097242899685483,65.49562125218048],[22.098529385101795,65.49556072458581],[22.098472297180475,65.49375986420806],[22.100236082623486,65.49385721324958],[22.10000167903562,65.49458966591689],[22.101482546798447,65.49524138408599],[22.10319781849097,65.49516063048942],[22.105147347343035,65.49434739856316],[22.125867159999995,65.49353661],[22.13074822,65.51134226],[22.15220011,65.51032718],[22.154753318255015,65.51959919316904],[22.1569521337494,65.52003607468797],[22.156670090317697,65.5205905561774],[22.15509382600312,65.52083575204291],[22.155559244813354,65.5225259272682],[22.157025673064485,65.5234596224485],[22.15888978924189,65.52391235511878],[22.159564386755203,65.52478222113724],[22.156438314946715,65.5257182833312],[22.15710291,65.52813177],[22.19448800469137,65.52635435325394]],[[22.136225508130956,65.50947391151574],[22.137034661761742,65.50925528314653],[22.136361241767446,65.50838530520552],[22.138604032781632,65.50863996143327],[22.1387018237028,65.50899606617497],[22.13789269248524,65.50921470324883],[22.13808826307658,65.5099269136925],[22.139375338175977,65.50986603277228],[22.13661657488004,65.51089833717336],[22.136225508130956,65.50947391151574]],[[22.326268520101433,65.49441173341212],[22.326168241193162,65.49405577591968],[22.32707555872548,65.49419210986446],[22.327175850616864,65.49454806662558],[22.326268520101433,65.49441173341212]],[[22.325739653704307,65.49407659634373],[22.325689518249394,65.49389861739044],[22.326118102869323,65.49387779713709],[22.325739653704307,65.49407659634373]],[[22.324681962118365,65.49340631624378],[22.32511053963858,65.49338549891849],[22.325160669964315,65.49356347811514],[22.324681962118365,65.49340631624378]],[[22.325160669964315,65.49356347811514],[22.325639383547955,65.49372063841294],[22.32521080104345,65.49374145728758],[22.325160669964315,65.49356347811514]],[[22.316190535317716,65.47866392651744],[22.31644072072925,65.47955384180125],[22.315684069370626,65.479951388359],[22.312357141287126,65.48047363177511],[22.31225711617221,65.48011766252048],[22.313442189952074,65.47969935043538],[22.31409882426893,65.47894584699038],[22.316190535317716,65.47866392651744]],[[22.301728665385937,65.46890149720875],[22.301529014053266,65.46818954057072],[22.302435304494068,65.46832603264895],[22.302335470372306,65.46797005491358],[22.30536141976197,65.46638011987221],[22.30783043090917,65.46589957838665],[22.308158672283028,65.46552283995338],[22.309921177524956,65.46561775430217],[22.309314694761227,65.46654922387762],[22.30674576346874,65.46667381566714],[22.30737371123645,65.46736500117582],[22.306189086021313,65.46778326121338],[22.30638886034024,65.46849521046634],[22.304775972711667,65.46893422051903],[22.304547511063376,65.46966692847077],[22.3036910925129,65.46970843796255],[22.302984445758362,65.47028390847149],[22.301371389999723,65.47072288382813],[22.29875210491654,65.47066935475098],[22.298980736888005,65.46993665388042],[22.299837171928584,65.4698951709386],[22.300115671822557,65.46934045853654],[22.301728665385937,65.46890149720875]],[[22.28773898885656,65.48094414050135],[22.28859580570913,65.480902717531],[22.289681586330794,65.48012859965873],[22.29230181246729,65.48018227671528],[22.29205244078218,65.4792923134386],[22.29066757716662,65.4789984881118],[22.292759564073936,65.47871688938547],[22.293088175475148,65.47834018007093],[22.295001176300815,65.4789692369088],[22.295200749408323,65.47968120291803],[22.297771024060307,65.47955679420733],[22.298527942368768,65.47915933474057],[22.30071971204533,65.4792336065189],[22.30011261020064,65.48016504522454],[22.299255839550653,65.48020653305821],[22.29774194367396,65.48100145607712],[22.296456738679314,65.4810636663224],[22.29550013155521,65.48074915121025],[22.293786531335687,65.48083207028007],[22.29388630844863,65.48118805421095],[22.29169438804774,65.48111368477578],[22.290608628659704,65.48188781690116],[22.288566219952745,65.48234738262053],[22.28723107569051,65.48223152116587],[22.28647389560453,65.48262892660757],[22.286324372386137,65.48209494193836],[22.28718122963234,65.48205352659159],[22.28773898885656,65.48094414050135]],[[22.29239270060562,65.48360558182607],[22.292821148536028,65.48358485735943],[22.292871036492276,65.48376284965569],[22.29239270060562,65.48360558182607]],[[22.29329948654044,65.48374212381152],[22.295113086071222,65.48401519117972],[22.29574117224108,65.48470642363165],[22.29488424448329,65.484747888228],[22.294984054580134,65.48510387110048],[22.29284169338915,65.48520751315574],[22.290828524496437,65.48422244698071],[22.290728775009278,65.48386646076172],[22.291207106041007,65.48402373390752],[22.29329948654044,65.48374212381152]],[[22.291981643630223,65.50383087066467],[22.29180250079814,65.50474155740744],[22.28985818103715,65.50555714246299],[22.288142932739955,65.50564001381886],[22.287943312431093,65.50492803903984],[22.291981643630223,65.50383087066467]],[[22.287826638509813,65.46885283252908],[22.288732885239654,65.46898940727651],[22.289868018678497,65.46839328698465],[22.291630664018452,65.46848841344271],[22.291879897000204,65.4693783788355],[22.29107330675148,65.46959780997835],[22.291172995225054,65.46995379659822],[22.289888313791774,65.4700159457697],[22.288374700469923,65.47081077213869],[22.28452048571667,65.47099711713777],[22.28437108263097,65.4704631293155],[22.28716947646138,65.46960622697816],[22.287826638509813,65.46885283252908]],[[22.290338922773078,65.47937519258512],[22.289910541398193,65.47939590935322],[22.289860683640097,65.47921791577672],[22.290338922773078,65.47937519258512]],[[22.281082642163483,65.4975019945846],[22.28093312629583,65.49696800454672],[22.28244844330487,65.49617323599969],[22.284163092327788,65.49609043517117],[22.28449203353394,65.49571374132765],[22.28464161342231,65.49624772721472],[22.285927598683607,65.49618560977062],[22.28663529549809,65.49561020875915],[22.289107405791412,65.49512994282591],[22.288928204721632,65.49604062677433],[22.287363215502335,65.49665746406549],[22.28670538528913,65.49741086301414],[22.285040526103213,65.49767168852371],[22.285190130726765,65.49820567361836],[22.283804324044137,65.49791179473155],[22.283505182213624,65.49684382098205],[22.281082642163483,65.4975019945846]],[[22.288994650939838,65.48232666917345],[22.289044509964246,65.48250466302065],[22.288616076110053,65.4825253766375],[22.288994650939838,65.48232666917345]],[[22.288024699440626,65.51141867196834],[22.288453607593,65.51139795534097],[22.28850352994616,65.51157594871616],[22.288024699440626,65.51141867196834]],[[22.28619497861273,65.48318361794105],[22.28591605040745,65.4837383088691],[22.28533808246721,65.48322502807872],[22.28619497861273,65.48318361794105]],[[22.28553923442076,65.49945163799862],[22.285589109376033,65.49962963281402],[22.28516039157506,65.49965033943795],[22.28553923442076,65.49945163799862]],[[22.28528987089077,65.49856166356138],[22.284861170317175,65.49858236916647],[22.28481130273141,65.49840437403716],[22.28528987089077,65.49856166356138]],[[22.28506064815693,65.49929434944349],[22.285110519491123,65.49947234445274],[22.284681803811758,65.49949304969829],[22.28506064815693,65.49929434944349]],[[22.284988744207357,65.4742217415549],[22.285038557331305,65.47439973718541],[22.28461025232735,65.47442043816609],[22.284988744207357,65.4742217415549]],[[22.284582067635654,65.49913705931623],[22.284631935348866,65.49931505451924],[22.28420322179112,65.49933575838642],[22.284582067635654,65.49913705931623]],[[22.2473095798028,65.49479902398951],[22.247738254175342,65.49477842515199],[22.24778786102709,65.49495643505547],[22.2473095798028,65.49479902398951]],[[22.24778786102709,65.49495643505547],[22.248266147993764,65.4951138445512],[22.247837468624528,65.49513444493515],[22.24778786102709,65.49495643505547]],[[22.243369837599737,65.49625102772153],[22.243320257860226,65.4960730161032],[22.243748956915944,65.49605242833844],[22.243369837599737,65.49625102772153]],[[22.219409464687082,65.50227014959069],[22.218980640539094,65.50229066954162],[22.218931213062948,65.50211264844953],[22.219409464687082,65.50227014959069]],[[22.21476263985184,65.4604627787053],[22.215618925374535,65.46042177487695],[22.2156682352624,65.46059979825853],[22.21476263985184,65.4604627787053]],[[22.206024885429386,65.51355262738629],[22.20559586340937,65.51357311129998],[22.205546501360136,65.51339508521062],[22.206024885429386,65.51355262738629]],[[22.19520281181148,65.47131893294122],[22.194922053038564,65.47187347336522],[22.19434613123459,65.47135982484525],[22.19520281181148,65.47131893294122]],[[22.17584187455306,65.47350449602577],[22.175989084097466,65.47403861199477],[22.17556068155475,65.47405900466963],[22.17584187455306,65.47350449602577]],[[22.170569515967447,65.48115068185184],[22.170140991875247,65.4811710603399],[22.170091944920582,65.4809930195882],[22.170569515967447,65.48115068185184]],[[22.16780223435926,65.48056076816816],[22.167373717324967,65.48058113873844],[22.167324690536535,65.48040309689107],[22.16780223435926,65.48056076816816]],[[22.157113280823914,65.48431517681728],[22.159060298037808,65.48350127408192],[22.158962345127815,65.48314518400737],[22.16010109406211,65.48255000500333],[22.163578527868747,65.48256521187068],[22.161962298254107,65.48300272824538],[22.162158287396412,65.48371490362901],[22.161252145999086,65.48357756850793],[22.160921553683433,65.48395400963986],[22.15877865089283,65.48405575584219],[22.158974562895207,65.48476793609863],[22.158166347757465,65.48498667279404],[22.157113280823914,65.48431517681728]],[[22.161448121011965,65.4842897449465],[22.16101953692089,65.48431009814621],[22.160970544934013,65.48413205390469],[22.161448121011965,65.4842897449465]],[[22.159672537205097,65.48257035411753],[22.159623558321208,65.48239230930895],[22.16005211230778,65.4823719603616],[22.159672537205097,65.48257035411753]],[[22.15902354273606,65.4849459811044],[22.159072523313064,65.48512402608687],[22.158643923320735,65.48514437270279],[22.15902354273606,65.4849459811044]],[[22.156829602139236,65.51643448125547],[22.158447963178396,65.51599699921029],[22.15859510633845,65.5165311325596],[22.156927676763235,65.51679057142107],[22.156829602139236,65.51643448125547]],[[22.157128176631947,65.46068605135004],[22.15669997479882,65.46070638857698],[22.15665106553788,65.4605283420908],[22.157128176631947,65.46068605135004]],[[22.154736467149853,65.49146236364788],[22.155544909684245,65.49124364310053],[22.155642852708493,65.49159973545962],[22.154736467149853,65.49146236364788]],[[22.155642852708493,65.49159973545962],[22.156120536805357,65.49175744227911],[22.155691825324926,65.4917777816042],[22.155642852708493,65.49159973545962]],[[22.15591258627044,65.48942250438361],[22.155483912868753,65.48944284274923],[22.155434946949562,65.4892647964683],[22.15591258627044,65.48942250438361]],[[22.155091259736455,65.49433144290684],[22.15466250508736,65.49435177973109],[22.154564562960747,65.49399568673712],[22.155091259736455,65.49433144290684]],[[22.153976972041374,65.49185912681496],[22.15440568646645,65.49183879232574],[22.15445465120058,65.49201683894734],[22.153976972041374,65.49185912681496]],[[22.15445465120058,65.49201683894734],[22.154932336105563,65.49217454951388],[22.15450361667083,65.49219488554567],[22.15445465120058,65.49201683894734]],[[22.15298455484478,65.49298840641119],[22.15174729785386,65.4932274423943],[22.15207813371808,65.49285101900402],[22.151073834695815,65.49235753027591],[22.14726419105071,65.4927184625162],[22.14630889671189,65.49240299067166],[22.1465908903987,65.49184852884203],[22.145684540752523,65.49171110239585],[22.145060218805607,65.49101921120621],[22.14634634368135,65.49095828015011],[22.147057020145056,65.49038350490636],[22.147914412875178,65.49034287432126],[22.148478280687147,65.48923394528106],[22.149335633064457,65.48919330702424],[22.14966645614019,65.48881688902301],[22.151381126149328,65.4887355945011],[22.151050328993644,65.48911201600436],[22.15190767254485,65.4890713632414],[22.152238456740456,65.48869493998724],[22.152385287558783,65.4892290825414],[22.153671303777298,65.48916809020406],[22.153732173775584,65.49096889252333],[22.154589573162262,65.49092822400358],[22.154687501751233,65.49128431712307],[22.153401384331133,65.49134531908992],[22.15264187184334,65.49174207571683],[22.15298455484478,65.49298840641119]],[[22.153855202583877,65.48825752263505],[22.154859390959082,65.48875099397536],[22.153671303777298,65.48916809020406],[22.153855202583877,65.48825752263505]],[[22.15434722084535,65.47741204233463],[22.153918742729164,65.47743237436313],[22.15382088723046,65.4770762799886],[22.15434722084535,65.47741204233463]],[[22.150179151737397,65.4938428887209],[22.15060790225334,65.49382256465474],[22.150656845615703,65.49400061271072],[22.150179151737397,65.4938428887209]],[[22.1497993381011,65.49404125996735],[22.150228092226303,65.49402093694356],[22.150277033451022,65.49419898514296],[22.1497993381011,65.49404125996735]],[[22.138709569366117,65.46787247626617],[22.13737576275769,65.46775527771962],[22.137326969002483,65.46757722386896],[22.138611963918272,65.46751636958555],[22.138709569366117,65.46787247626617]],[[22.13593223895434,65.5084055912969],[22.135883363331715,65.50822753784576],[22.136312363267503,65.50820725192087],[22.13593223895434,65.5084055912969]],[[22.134927623724014,65.5079119984279],[22.134498627337216,65.50793228038992],[22.13444976255191,65.5077542263698],[22.134927623724014,65.5079119984279]],[[22.132698517023353,65.45859780400912],[22.132747259094742,65.45877585987313],[22.132319065648662,65.45879612787408],[22.132698517023353,65.45859780400912]],[[22.131413943085814,65.45865860389205],[22.131744664644255,65.45828222600984],[22.13227032644266,65.45861807184401],[22.131413943085814,65.45865860389205]],[[22.106269877233547,65.49050703450901],[22.107984820546406,65.49042622975452],[22.10641578141654,65.49104123054921],[22.106181572790735,65.49177369093866],[22.10504118013239,65.49236847920304],[22.102565779105564,65.49284576454261],[22.102800097529325,65.49211330870668],[22.106269877233547,65.49050703450901]],[[22.100996466681565,65.49346071169485],[22.10013888394576,65.49350107792485],[22.100041688190963,65.49314494250802],[22.100996466681565,65.49346071169485]],[[22.092784497796213,65.49042033311694],[22.09235574899128,65.49044049313427],[22.092307210612415,65.4902624223531],[22.092784497796213,65.49042033311694]],[[22.0915548358967,65.49228167743846],[22.09198361563412,65.4922615193956],[22.092032156292138,65.49243959025465],[22.0915548358967,65.49228167743846]],[[22.091215091845807,65.49103517962425],[22.09164385146245,65.49101502273876],[22.091692387011967,65.4911930937587],[22.091215091845807,65.49103517962425]],[[22.09117459033837,65.49247990546166],[22.091603373680158,65.49245974846286],[22.091651912193417,65.49263781946426],[22.09117459033837,65.49247990546166]],[[22.090834861300443,65.491233406651],[22.091263624521055,65.49121325080952],[22.091312157925998,65.49139132197179],[22.090834861300443,65.491233406651]],[[22.090600212353092,65.49196584711699],[22.09102898780098,65.49194569182355],[22.091077521250366,65.49212376305921],[22.090600212353092,65.49196584711699]],[[22.090454625006444,65.49143163277608],[22.090883391831053,65.49141147797862],[22.090931923091336,65.49158954928323],[22.090454625006444,65.49143163277608]],[[22.090219963875867,65.49216407276737],[22.090648742927964,65.49214391851798],[22.09069727423254,65.49232198989604],[22.090219963875867,65.49216407276737]],[[22.0900743829637,65.49162985799944],[22.090503153392344,65.49160970424603],[22.090551682507886,65.49178777569298],[22.0900743829637,65.49162985799944]],[[22.066771954576833,65.5033637298358],[22.06720093915509,65.50334364013763],[22.067249335826464,65.50352172030266],[22.066771954576833,65.5033637298358]],[[22.05820497741838,65.48140198214229],[22.05991950267097,65.48132172680879],[22.060160999430153,65.48221214403426],[22.058971650035026,65.48262850753383],[22.058736167837257,65.48336090652558],[22.056924940936245,65.48308498057307],[22.056780100944213,65.4825507266312],[22.05820497741838,65.48140198214229]],[[22.05992586221458,65.49574899976788],[22.059068128052708,65.49578913441779],[22.05901980439154,65.49561105091873],[22.05992586221458,65.49574899976788]],[[22.04555915836864,65.48920694319244],[22.04470161215523,65.4892469945276],[22.044605190405914,65.48889081614743],[22.045462725119556,65.48885076546931],[22.04555915836864,65.48920694319244]]],[[[22.152323767399633,65.43177482540605],[22.151401467487766,65.43191872380196],[22.151596708318003,65.43263092050866],[22.15251926881947,65.43248698373651],[22.152323767399633,65.43177482540605]]],[[[22.151613990000005,65.4291893],[22.13335337775499,65.43005543013709],[22.13294901617089,65.43099041369862],[22.131714468542555,65.43122925946976],[22.131909168487773,65.43194148691026],[22.130674566479502,65.4321803246997],[22.130771905139163,65.43253643923],[22.12915815232569,65.43297358075637],[22.126932007208083,65.4343414966246],[22.126076406840813,65.43438199078435],[22.1204856065691,65.43771258553863],[22.11801562133037,65.43819007160353],[22.11493266381673,65.43959826571528],[22.111937370911555,65.43973974258519],[22.110838812614016,65.43888982982018],[22.110498987936854,65.43764337543296],[22.11162784588727,65.43542578270268],[22.11128803798546,65.43417932988294],[22.110335343752055,65.43386360531014],[22.10905191906754,65.43392420378258],[22.108615217422255,65.43232161206956],[22.110793638813877,65.43077589360676],[22.112932411409325,65.43067486800477],[22.112116346452027,65.42927055976025],[22.111163824627518,65.4289548387241],[22.111203319771597,65.42751011631464],[22.107869859392267,65.42640504261222],[22.1057314113882,65.42650599328856],[22.10549766016591,65.42723844870389],[22.103932268782707,65.42785338877873],[22.102124472349455,65.42757797122323],[22.102737553640743,65.42664727359907],[22.1070057189097,65.42482263623135],[22.1086105048389,65.42276294341823],[22.108465014953417,65.42222874508117],[22.109553858500664,65.42145589436032],[22.109408358173816,65.42092169702748],[22.11087619708124,65.419950574829],[22.1117313551712,65.41991017117266],[22.110585169321556,65.41888218281835],[22.112480398859404,65.41789084642309],[22.114569586341503,65.4176117433317],[22.115997806638788,65.41808529591268],[22.119369580334048,65.41774547692563],[22.121973701280716,65.41617938981382],[22.12368372740217,65.41609845462413],[22.125112023615056,65.41657192014486],[22.125724046373687,65.41564113936317],[22.126540371225346,65.41704537163173],[22.127541245654978,65.4175390570242],[22.127832945769153,65.4186074097281],[22.126841991203193,65.41973650415544],[22.12527755280873,65.42035165646122],[22.12537476514589,65.4207077757478],[22.124237824336987,65.42130267572793],[22.123382644172572,65.42134315051753],[22.118406646470856,65.42374286785369],[22.115510280934515,65.42424052265271],[22.115228273468745,65.42479492694343],[22.113945306159813,65.4248555625929],[22.11404238483726,65.42521169046563],[22.11242878743225,65.4256486515486],[22.112622913619475,65.42636090947975],[22.113147669069022,65.42669683079731],[22.11400304286234,65.42665641216101],[22.114576369616163,65.4271703921174],[22.115061886778363,65.42895102756198],[22.11639361559664,65.42906844341641],[22.116490746376993,65.42942456918954],[22.119008524298735,65.42912517764101],[22.120865190717925,65.4295784513338],[22.120962384501542,65.429934573611],[22.122245580635578,65.42987387604487],[22.122148369699964,65.42951775476143],[22.124043900712746,65.42852627022255],[22.12489931384639,65.42848578941268],[22.125560222622926,65.42773306643862],[22.126843298180006,65.42767233093683],[22.127552766945392,65.42709765881148],[22.129261443868554,65.42666388151672],[22.12779631,65.42130075000001],[22.149174699999996,65.42028680999998],[22.146737240000004,65.41138426000003],[22.12536599,65.41239779],[22.12293749,65.40349477],[22.101571550000003,65.40450487],[22.1064161,65.42231167],[22.085034079999996,65.42331959],[22.08987159999999,65.44112698999999],[22.132662429999996,65.4391065],[22.13691667039618,65.45464978632849],[22.13776638592124,65.4549309059288],[22.140335125948173,65.45480919110976],[22.13976066105755,65.45429532034719],[22.137999433870178,65.45419840766012],[22.140947421825416,65.45387834625261],[22.14164623834903,65.4516808387894],[22.14293044143402,65.45161995546022],[22.142258420195144,65.45074998969778],[22.14334739134024,65.44997689406887],[22.14305463641869,65.44890858204296],[22.143861883675726,65.4486899355307],[22.145183518820758,65.44718432265779],[22.146369874154875,65.44676730986043],[22.14622345346548,65.44623315725678],[22.14811923053123,65.44524136800882],[22.146016977935076,65.44389819041234],[22.14307017637124,65.44421833928924],[22.1425446779407,65.44388252941978],[22.141260852903834,65.44394340578641],[22.140491579214192,65.44271732353302],[22.139586977936965,65.44257984344412],[22.13948947441728,65.44222373624928],[22.14110361051282,65.44178648051162],[22.14071354584847,65.44036205574925],[22.1428041917173,65.44008254732377],[22.143134527939736,65.43970614818507],[22.146362313138265,65.43883154620492],[22.14578809985128,65.43831769584513],[22.146595001417534,65.4380990380673],[22.146107137886965,65.43631852740019],[22.144298335857847,65.43604362519808],[22.14405449604578,65.43515336543715],[22.143150141149167,65.43501590429074],[22.14305262324598,65.43465979951279],[22.144763775703147,65.43457861426783],[22.146561230068727,65.43323074859629],[22.148223486231853,65.43297147417098],[22.14973931112881,65.43217803227009],[22.151022536328135,65.43211708963617],[22.151303851465435,65.43156262530911],[22.15222601683353,65.43141874676472],[22.151613990000005,65.4291893]],[[22.14082791985418,65.45027670829117],[22.141255966107604,65.45025641759143],[22.141304747574836,65.4504344703224],[22.14082791985418,65.45027670829117]],[[22.141304747574836,65.4504344703224],[22.14178158102181,65.45059223079133],[22.141353529774314,65.45061252303022],[22.141304747574836,65.4504344703224]]],[[[22.06371306227484,65.50454979939347],[22.06401091766464,65.50439473102784],[22.063675218373657,65.50441044442809],[22.06371306227484,65.50454979939347]]],[[[22.1053939085563,65.49808399410544],[22.10331267866523,65.49876234095292],[22.10241505978607,65.50024744453737],[22.105806564887423,65.50153061218373],[22.10631515053712,65.50145597184391],[22.1053939085563,65.49808399410544]]],[[[22.155036732419703,65.52062841585861],[22.155333499550547,65.5204735433556],[22.15499845835499,65.52048942303209],[22.155036732419703,65.52062841585861]]],[[[22.283933855577228,65.49682311949171],[22.283883998357805,65.49664512395252],[22.283455327864896,65.4966658252731],[22.283933855577228,65.49682311949171]]],[[[22.221612841099386,65.46013461291479],[22.221184709076393,65.46015513232771],[22.22123405619087,65.46033315352487],[22.221612841099386,65.46013461291479]]]]}},{"type":"Feature","properties":{"cyano_daymap_file_id":4130,"date":"2018-07-07Z","cloud":null,"sub_surfac":null,"surface":null,"no_data":null,"class":1,"color_hex":null,"algae_class":"class_1","source_date":"2018-07-07"},"geometry":{"type":"MultiPolygon","coordinates":[[[[23.033338179999998,65.19502220999999],[23.036049059999993,65.20390666999998],[23.014888999999997,65.20504386999998],[23.01759494,65.21392872],[22.95408184,65.21732389],[22.956768899999997,65.22621005],[23.041476869999997,65.22167536999997],[23.044193799999995,65.23055962],[23.065372729999993,65.22941805000002],[23.06809864,65.23830177],[23.078526375996123,65.23773814504784],[23.072734007836395,65.22755481896989],[23.062814772555992,65.214278717246],[23.05703780408209,65.2077578360096],[23.0438821336382,65.1949890305416],[23.043262910970828,65.19448670160818],[23.033338179999998,65.19502220999999]]],[[[23.049633709999995,65.24832789999999],[23.05235671,65.25721193],[23.07355655,65.25606898],[23.07628855,65.26495248000002],[23.088092930907923,65.26431344239649],[23.082822884669362,65.24653628779369],[23.049633709999995,65.24832789999999]]]]}}]}