{"type":"FeatureCollection","properties":{"source":"SMHI SE.SR Ytansamling av alger","date":"2018-08-31","note":"Test: SMHI WFS clipped to Lulea municipal sea area and simplified 20 m."},"features":[{"type":"Feature","properties":{"cyano_daymap_file_id":4185,"date":"2018-08-31Z","cloud":null,"sub_surfac":null,"surface":null,"no_data":null,"class":1,"color_hex":null,"algae_class":"class_1","source_date":"2018-08-31"},"geometry":{"type":"MultiPolygon","coordinates":[[[[22.378154237371955,65.61717058116572],[22.38009201587744,65.61664464525592],[22.38115632517867,65.61731447128882],[22.380345990937144,65.61753441625103],[22.380599985168807,65.61842418663039],[22.379409816751046,65.61884307586493],[22.379182393682047,65.61957588561452],[22.380955609305985,65.61966986412702],[22.38085399857451,65.61931395639402],[22.3816643831023,65.61909400822258],[22.384247930919113,65.61896799626639],[22.3845768612449,65.61859108525232],[22.385438024585916,65.61854906981176],[22.38640086633091,65.6188629528997],[22.38632616983584,65.62012962629022],[22.388479191323867,65.62002455257823],[22.38878435596728,65.62109225696054],[22.38706187075571,65.62117632251031],[22.386783796746354,65.62173119031314],[22.38506126139769,65.62181523364247],[22.385213782737925,65.62234908994778],[22.38430165764872,65.62221315293799],[22.38316220854474,65.62281002517813],[22.383290684039835,65.62478850985232],[22.38264535675066,65.62552774807257],[22.40210298,65.62457779],[22.40975602,65.65126930000001],[22.38820006,65.65232193],[22.385654379999995,65.64342438999999],[22.342551239999995,65.64551967],[22.345082389999998,65.65441806999999],[22.32352067,65.65546158],[22.32505697770044,65.66087422109409],[22.32900672757998,65.6597206387253],[22.32890564039379,65.65936469121407],[22.329768264922535,65.65932297755035],[22.330859972598063,65.65854850604752],[22.332915314695782,65.65808824139914],[22.33727875254995,65.65805748345826],[22.33819192078398,65.65819369293162],[22.338293129851905,65.65854963307181],[22.341261518519303,65.65822546004732],[22.34116027025968,65.65786952226759],[22.3441791856125,65.65772326207068],[22.345015653741534,65.65912610240119],[22.344153065318896,65.65916790230396],[22.34349304445718,65.65992156926255],[22.34361883633093,65.66190011331105],[22.341334584326027,65.66309329016217],[22.341867227943524,65.66342833520932],[22.344462755669493,65.66346900060555],[22.34607953062097,65.66286341117099],[22.346385248841283,65.6633759518141],[22.369182519999995,65.66226942999998],[22.370304595856055,65.66619367733745],[22.370591601581133,65.66600375105058],[22.371175529512183,65.66651664590465],[22.372951948528826,65.66661068652293],[22.373053674122318,65.66696659838715],[22.37137893413902,65.66722847239947],[22.370509386061737,65.66690989221281],[22.37100698130657,65.66865013713843],[22.372166344359265,65.66845318890418],[22.37116529488489,65.66920380883082],[22.37183235662628,65.67153673066355],[22.372599620381234,65.6714994230952],[22.372752237324725,65.67203329093475],[22.371985007189586,65.67207059703573],[22.37681506,65.68896279],[22.365826987946075,65.68949633134933],[22.366566216483836,65.69019636457797],[22.36575350427932,65.6904162548597],[22.365956985934265,65.69112808782107],[22.364763293328448,65.69154689661363],[22.364484068056203,65.69210173471889],[22.363188594513296,65.69216461410754],[22.36382385918325,65.69285549175535],[22.363163612884218,65.69360924628845],[22.36186806010031,65.6936721151981],[22.361969761405046,65.69402803469494],[22.361156890004622,65.69424790195477],[22.361461982011864,65.6953156617817],[22.362274883798726,65.69509579259527],[22.362529173636496,65.69598559016924],[22.363545552759007,65.69647755149926],[22.362453300940363,65.69725226306218],[22.362479155586172,65.69887485481128],[22.36118333742152,65.69893772047257],[22.361285054214132,65.69929364027172],[22.360421159913376,65.69933554530732],[22.358947579976167,65.7003091449989],[22.359633796935512,65.70117799987834],[22.35871899050798,65.70104193532529],[22.358524333675057,65.7015574346342],[22.360309559999997,65.70780719999999],[22.33870413,65.70885329],[22.339738381893866,65.71248046192453],[22.340976122697956,65.71254611186262],[22.341712846292868,65.71359301760697],[22.340210543563252,65.71413635596852],[22.341241419999996,65.71775168999999],[22.320829758468733,65.71873709345185],[22.320934913958748,65.71910676006587],[22.31980236710857,65.71941236944292],[22.322158659999996,65.72769393999998],[22.343780629999998,65.72665004],[22.34697748338665,65.73783586737724],[22.349488314182004,65.73775450441885],[22.349717432456035,65.73702172291868],[22.35213478942488,65.73780688565071],[22.350887868969433,65.73804764552507],[22.350989629246715,65.73840357174656],[22.349793542303853,65.73882228619512],[22.349997043150616,65.7395341402214],[22.349131782325628,65.73957599437941],[22.348800888236738,65.73995284752883],[22.349487897514443,65.74082174040005],[22.35030231757178,65.740601920524],[22.350454965201298,65.74113581034369],[22.351320275658765,65.74109394818673],[22.351574733103135,65.74198376233244],[22.35076028130048,65.74220358931983],[22.35086205950889,65.74255951544866],[22.34999669909613,65.74260137548478],[22.348746367254357,65.74402521271197],[22.35140983,65.7533447],[22.340266071299556,65.75388283938653],[22.339071449890593,65.75503726672969],[22.338205648546722,65.7550790640172],[22.330974033058776,65.75862314129202],[22.332305480000002,65.76328843],[22.32401056280991,65.76368781816502],[22.32469794455873,65.76619475558348],[22.323882501217323,65.76641444833385],[22.323347881871413,65.76607935946284],[22.322048577439595,65.76614192529682],[22.317178900042066,65.76908255771761],[22.315063813207175,65.76936471977142],[22.314298887804764,65.7697623397652],[22.31294867852064,65.76964685293247],[22.31226699861609,65.77000116529716],[22.313186460000004,65.7732299],[22.334847000000003,65.77218690000001],[22.337390449999994,65.78108529999999],[22.34903874209313,65.78052267451778],[22.35096274374948,65.77972223309423],[22.355627002765704,65.77913592565535],[22.35659560955653,65.77944994170385],[22.35660688229518,65.78015712491647],[22.359056410000004,65.78003881000001],[22.362525894909368,65.79212754397099],[22.36483492181146,65.79132046464008],[22.367818166523136,65.79099562859686],[22.36761368536889,65.7902838079933],[22.369449795976116,65.79055576151436],[22.369603195629935,65.7910896247721],[22.37052128505983,65.79122559199034],[22.37067471168559,65.79175945390942],[22.369374252062862,65.79182243436306],[22.370012295566344,65.79251325903866],[22.369196431728955,65.79273319824291],[22.369349841711376,65.79326706165308],[22.368100431558908,65.79350798652118],[22.367259996248702,65.79517254399794],[22.36611271531918,65.79576936422396],[22.366470584517373,65.79701505334177],[22.37134686509091,65.79748652296473],[22.38584254,65.79678415],[22.385970365706747,65.79722772212301],[22.387868782132248,65.79651919489707],[22.38837694179234,65.79523147632722],[22.3909499892843,65.79348261348325],[22.390260081873148,65.79261393604008],[22.389393119231915,65.79265603547077],[22.39053971502154,65.79205904679287],[22.390437154249238,65.79170315487197],[22.38990113702736,65.79136831318478],[22.388218554704068,65.79163044916571],[22.387682567491723,65.79129559939135],[22.388498222638454,65.7910755633247],[22.387631308255443,65.79111765227445],[22.387044085681786,65.79060485289097],[22.387962243819654,65.7907407144518],[22.389388424906258,65.78958884985288],[22.391937709631048,65.78928459451349],[22.393745741530704,65.78793369088179],[22.394612536897185,65.78789156832735],[22.395022956248386,65.78931512266601],[22.398005554372283,65.78898970241919],[22.39910045655249,65.78821470993947],[22.398410427505464,65.78734607053919],[22.39922586427693,65.78712597921347],[22.399071879899896,65.78659215145379],[22.40065134380085,65.78597401608454],[22.402766777149502,65.78569066316987],[22.40286947928306,65.78604654542839],[22.40378755142487,65.78618231254531],[22.403383036764293,65.78782595522742],[22.40468319480664,65.78776268771918],[22.404837303721255,65.7882965086034],[22.40690149282099,65.78783515683706],[22.405755466561086,65.78843226299315],[22.407107034843968,65.7885469143768],[22.40736397994041,65.78943661074086],[22.410192193204285,65.78857713649538],[22.411058977861508,65.78853492056277],[22.410831237624894,65.78926778059646],[22.41343164807856,65.78914110657323],[22.41289539148274,65.78880634803933],[22.41404126506593,65.7882091897099],[22.415341410965905,65.78814583144808],[22.41567190122914,65.7877688378439],[22.41536324956644,65.78670122203845],[22.41628140687399,65.78683691310478],[22.41638430095351,65.787192784391],[22.418117749718878,65.78710827837794],[22.417963374507558,65.78657447350803],[22.422296853529932,65.78636312804082],[22.423266526500257,65.78667671000284],[22.424081722000764,65.78645648811798],[22.42428772486926,65.78716821800407],[22.42298765468286,65.78723165180591],[22.42362700407241,65.7879222393144],[22.422708771492292,65.78778659320922],[22.42281175880593,65.7881424592513],[22.42469976816544,65.78859167657573],[22.42506034713561,65.78983720151261],[22.42348125263196,65.7904555860867],[22.42358426342009,65.79081145137856],[22.41848614085375,65.79142097308767],[22.41794977024116,65.79108623343537],[22.416216053437605,65.7911707401375],[22.415679717320323,65.790835992167],[22.414812864422544,65.79087823502527],[22.41545209255348,65.79156885797823],[22.41246943764029,65.7918946199829],[22.41267517224514,65.79260636814531],[22.411808253920213,65.79264859455952],[22.412447448822853,65.79333923042648],[22.411095606345402,65.79322462903207],[22.410485773477525,65.79415653620626],[22.409185310178525,65.79421985614327],[22.40890606054841,65.79477477584037],[22.407605561405376,65.79483808265512],[22.40732627156778,65.79539299984876],[22.405261491470277,65.79585436308035],[22.405364276715062,65.79621024284889],[22.40421785196818,65.79680734130308],[22.40253507195049,65.79706963713616],[22.402204275717608,65.79744660522047],[22.40317413671608,65.79776031311664],[22.40052143241605,65.79770887945136],[22.39932347158234,65.79812800099926],[22.3995289030509,65.79883976980939],[22.39774324506451,65.79874612997718],[22.396927432292088,65.7989662170065],[22.397030117402995,65.79932210335488],[22.395729353833193,65.79938531146465],[22.39517016000601,65.80049510775889],[22.39213488318732,65.80064254065071],[22.392237510159564,65.80099843078477],[22.38790127525977,65.80120894856613],[22.387059912661382,65.80100859428144],[22.38840652,65.8056815],[22.366720439999998,65.80673236],[22.369278999999995,65.81563008999998],[22.35546796027198,65.81629738135425],[22.35328749721711,65.81695813991308],[22.353057898417333,65.81769093123248],[22.352241096938677,65.8179107887227],[22.352164700514756,65.81917746109951],[22.351296769151446,65.81921935327337],[22.350250206911777,65.8201719899803],[22.350275858539646,65.82179458518276],[22.352369516149977,65.82295653030896],[22.353722698408784,65.82307163929919],[22.354565583330604,65.82447436421113],[22.35331452603972,65.82471518374994],[22.35351894056762,65.82542702408281],[22.352318924568593,65.82584579610017],[22.352472221743746,65.8263796775048],[22.350889140315953,65.82699734834365],[22.350276376839727,65.8279290424948],[22.34639475989443,65.82974008098802],[22.346496893902433,65.8300960065145],[22.343380961242595,65.83150917963977],[22.34348306201184,65.83186510749717],[22.342231539356817,65.8321058406626],[22.340954075799193,65.83379120068693],[22.342205692306543,65.83355047709509],[22.341669389721964,65.83321546874369],[22.342818873135904,65.83261881136625],[22.343687272875282,65.8325769629167],[22.34309992293733,65.8320639957072],[22.344351435025903,65.83182325552619],[22.344453550711616,65.83217918259173],[22.34532193242513,65.83213732501916],[22.345858258623036,65.83247232031913],[22.3439425539403,65.83346678163758],[22.34263990888066,65.83352955507144],[22.34317623073423,65.83386455983016],[22.341975654746385,65.83428325589236],[22.34132444607108,65.83502210993194],[22.34587254094316,65.83480299497438],[22.345934762683882,65.83427288118394],[22.347569488721795,65.83383321859618],[22.349433982244594,65.8326607514094],[22.350353470965036,65.83279682659705],[22.350685460745183,65.8324199596425],[22.351553838398928,65.83237806667229],[22.351017441051013,65.83204309205647],[22.353188345942158,65.83193834602875],[22.352422212940922,65.83233616879404],[22.355410364965415,65.83201152846043],[22.35691747328598,65.83266048139973],[22.357070914616187,65.83319435679445],[22.356253662978762,65.83341424005918],[22.355666044560817,65.83290132375969],[22.355385259560194,65.83345616000021],[22.35732666573803,65.8340841486254],[22.361234534837624,65.8338954198123],[22.36200057389461,65.83349755374222],[22.363737354503456,65.83341363394074],[22.36524475300969,65.83406250191284],[22.366088659179606,65.83546515335418],[22.364785977968122,65.83552811602874],[22.362819603005736,65.83634485366507],[22.359447971915504,65.83686857143896],[22.35921840382102,65.83760137168342],[22.360086939616977,65.83755942867906],[22.36067475739019,65.83807232605098],[22.359474281826945,65.83849115869145],[22.35381459188451,65.83837996175781],[22.353962272622187,65.8388936658553],[22.355565699290494,65.83867984927798],[22.35566800278594,65.8390357670352],[22.35658775277216,65.83917180218464],[22.359678998256502,65.83920298785338],[22.361569753992903,65.83965296020621],[22.363792459220154,65.83972601410663],[22.363614205577434,65.84063677552301],[22.358887865993253,65.84104547423539],[22.357482541181675,65.84075246227157],[22.35830001204927,65.84053257033716],[22.35776335146568,65.84019762194552],[22.35425133314721,65.83989915633744],[22.35434617980729,65.84022907829399],[22.357636052219185,65.84128633641862],[22.362030538922326,65.84125456745183],[22.362184147931146,65.84178843608892],[22.36131547348296,65.84183039234496],[22.361852215092856,65.84216532747953],[22.36049798866241,65.84205030054927],[22.359680489686795,65.84227020451402],[22.360217219808007,65.84260514550276],[22.358914159823392,65.84266806171844],[22.36070276744128,65.84276212773516],[22.36129072251794,65.84327502141534],[22.363896882985845,65.84314913693738],[22.36461192486718,65.84257330018853],[22.3659149633047,65.84251033557757],[22.366144375497687,65.84177752677452],[22.36777921362867,65.84133764681926],[22.367625491760343,65.84080378489018],[22.368774690291698,65.84020693493105],[22.370077596647796,65.84014393607748],[22.370180107874123,65.84049984211555],[22.371636824201644,65.84097068847677],[22.372505449388765,65.84092867399977],[22.372607997955523,65.84128457804972],[22.371663923829537,65.84259326601867],[22.36959472573426,65.8430541888155],[22.36606866192815,65.84304419944795],[22.364868048826676,65.84346307579106],[22.365277887725327,65.84488671546916],[22.364025951552627,65.84512763118501],[22.362978864906776,65.84608036009219],[22.363720624027323,65.84712711022492],[22.365995225951824,65.84737808109686],[22.366021998641592,65.84900066273632],[22.365204330586586,65.84922059787522],[22.362060655782837,65.84901157953283],[22.36241921905087,65.85025727131921],[22.3616014795558,65.85047718785961],[22.36137187352195,65.8512099916745],[22.35861127481126,65.85080196893266],[22.357413613870094,65.85089907813057],[22.35780783,65.85227034999998],[22.37953274,65.85122038],[22.38210105,65.86011780000001],[22.396365864567006,65.85942625319095],[22.39668447049406,65.85906410026999],[22.39885743269808,65.85895868529497],[22.39874760012284,65.85931078855481],[22.400012983308894,65.85924944378931],[22.400492768037203,65.85851845052014],[22.4022310874637,65.85843407817926],[22.403783831253104,65.858900018542],[22.40125569,65.85016734],[22.44469572,65.84805206],[22.4421072,65.83915589],[22.46381688,65.83809409],[22.46122296,65.8291983],[22.502988150384144,65.82714662413873],[22.50296882849633,65.82625928997233],[22.50436497495735,65.8261905074837],[22.50201497,65.81817139999998],[22.505591073820224,65.81799495928374],[22.504804923070374,65.81750635154194],[22.5069738432571,65.81739943888977],[22.50751192455021,65.81773384840209],[22.508761123385135,65.81749178405616],[22.509278084533985,65.81781304655307],[22.52370398,65.81710128999998],[22.518856418428985,65.8005879803332],[22.516537373160162,65.80050474984533],[22.51534123094673,65.80092476410816],[22.515064220141696,65.8014798555499],[22.51376369837562,65.80154406768631],[22.512254593551674,65.80089668386563],[22.51186001046369,65.79963870707482],[22.496807559999997,65.80038126999999],[22.494783733982548,65.79345663221893],[22.49425526889202,65.79348266349436],[22.49420290891504,65.7914693056543],[22.49331939333825,65.79028039058892],[22.49386895905016,65.79032667687528],[22.49300616439872,65.78737457506952],[22.491846550593184,65.7867436382432],[22.49049474442376,65.78662974033413],[22.49072018895468,65.78589678429924],[22.492438280928308,65.78543152892792],[22.491608059999997,65.78259087999999],[22.50150311030653,65.78210065062633],[22.502191921218543,65.78154166069544],[22.503439434878473,65.78129965643353],[22.503335368463564,65.78094385567772],[22.505501222056168,65.78083699399589],[22.506107303037062,65.77990474461176],[22.51043878839632,65.77969091389794],[22.511686131824284,65.77944884382786],[22.51158196067598,65.77909304973545],[22.51250031695533,65.77922815934573],[22.514457562740187,65.77840958588715],[22.513868146793243,65.77789729725443],[22.514734367325502,65.77785449760765],[22.515011160637368,65.7772994089373],[22.520657345672927,65.77557651810214],[22.52325572344346,65.7754479914509],[22.52509229730662,65.77571806584218],[22.525300982517347,65.77642963209179],[22.526704568959353,65.77672111630844],[22.52729420924693,65.77723335308389],[22.527502969910618,65.77794491557788],[22.525546183442486,65.77876365199926],[22.525650545532198,65.77911943466016],[22.52478430432603,65.77916229654384],[22.523085779042297,65.78103138287642],[22.534829397929936,65.78044957007572],[22.533050452154516,65.78037735868658],[22.532737050948835,65.7793100287965],[22.53187081750618,65.77935293087391],[22.5344172658239,65.77904632227306],[22.53420830378554,65.77833477123606],[22.5320950280834,65.77861992596493],[22.531938356504348,65.77808625983478],[22.531072162545016,65.7781291569841],[22.530967730523695,65.77777337872672],[22.53281981511073,65.77659879838919],[22.53498515691161,65.7764915228721],[22.533857862857662,65.77564499698003],[22.537045971560516,65.77602844344318],[22.537254989380823,65.77673999003338],[22.53557495463323,65.77700372605703],[22.53654560533828,65.77731657758198],[22.53742818717121,65.7803208185502],[22.538318568478314,65.78027670648841],[22.53928597617919,65.7791659930298],[22.541070685751805,65.7792579851081],[22.540861538187773,65.7785464450262],[22.54216081957023,65.7784820141077],[22.542384729984782,65.77774899703778],[22.543355489590315,65.77806180412084],[22.543683966642252,65.77768455357803],[22.54455012044339,65.77764158515838],[22.546544029725315,65.77844504765571],[22.54481167299432,65.77853100271912],[22.54437012101007,65.7799768950963],[22.57823462,65.77829914999998],[22.580862729999996,65.7871926],[22.60252173,65.78611158],[22.60779862999999,65.80389739999998],[22.617673591751096,65.80340301558012],[22.615732559065375,65.80279239486867],[22.614918559152652,65.80301362867493],[22.614812848693063,65.80265792080657],[22.612645710465053,65.80276634820954],[22.613248350127723,65.80183370810082],[22.61454858659842,65.8017686506789],[22.616123641120254,65.80114833008327],[22.616017923227343,65.80079262312809],[22.617540015891002,65.79999443542906],[22.617381419474356,65.79946087664032],[22.618248156442913,65.79941748363879],[22.618417168381235,65.7985065228245],[22.619283871168438,65.79846312427738],[22.620805726825402,65.79766490635795],[22.623352825486904,65.7973568057824],[22.624060764815134,65.7967798290189],[22.625307801447477,65.79653683256416],[22.625201979582787,65.79618113302325],[22.62606859046529,65.796137696836],[22.625962760074636,65.79578199790889],[22.627356923246463,65.79571210841098],[22.62682351,65.79391999999999],[22.62887965956777,65.79381676880654],[22.6312975495707,65.7903427182051],[22.639986277471895,65.78703463672049],[22.64538691747289,65.78236438831038],[22.6575697113765,65.7756053006684],[22.655942426430705,65.77440593372486],[22.63326473995467,65.77554618237025],[22.633674746924974,65.77590082658485],[22.634540659595174,65.77585734922839],[22.635830036690635,65.77723663437803],[22.63669598981507,65.77719314437097],[22.637350152595445,65.77643826886415],[22.639461995279834,65.77615166951772],[22.64211269070334,65.77619896748217],[22.64291652593064,65.77742210617208],[22.64215653955028,65.77782131786856],[22.638692667718605,65.77799537307074],[22.637932598145746,65.7783945645378],[22.637817324064162,65.7794833839639],[22.635695708753623,65.78121447377237],[22.636234651190886,65.78154842024493],[22.63357381303815,65.78294553686939],[22.63464220358173,65.78505795336041],[22.633121508426086,65.78585629769601],[22.633766408037438,65.78654594557514],[22.629382095043812,65.7865854311967],[22.62841987048512,65.7848286717454],[22.629127366536064,65.78425167593048],[22.628704130067188,65.78282888754295],[22.623242810261036,65.78220023973998],[22.61988387629444,65.78272957717223],[22.61836284779817,65.78352777758371],[22.618679852906325,65.78459489471813],[22.616292411510788,65.78543646670897],[22.61358798084585,65.78521087408409],[22.613313250546735,65.78576612067697],[22.61033401003287,65.78609571721951],[22.610228446145577,65.78574000475477],[22.60892900455356,65.78580501744459],[22.608337551130614,65.78529311485353],[22.60703812632062,65.78535811125934],[22.607143644335807,65.7857138263883],[22.604491996078742,65.78566592971127],[22.60509456920348,65.78473332258106],[22.606668838502728,65.7841131074877],[22.607651647758654,65.78298097096128],[22.607440627804774,65.78226954118593],[22.60830680729453,65.78222621022549],[22.61048313742226,65.7806733386681],[22.613514542555198,65.78052160049161],[22.61330338513976,65.77981018021458],[22.61406388460139,65.77941110730448],[22.613799934564113,65.77852183290297],[22.614507597413734,65.7779449033125],[22.613272094590865,65.77674328214462],[22.6113818193327,65.77629642384929],[22.610304811475142,65.77562834459158],[22.60852015557617,65.7755371626433],[22.606893709975925,65.7759795334102],[22.602300300326004,65.77530679025617],[22.602311674195136,65.7738622633846],[22.603832656377392,65.77306422365814],[22.604698534224752,65.77302091620484],[22.60275598157449,65.77239608775527],[22.602387123295017,65.77115106943467],[22.603200243184435,65.7709299112991],[22.603094852183297,65.7705741922085],[22.605586807069198,65.77008855316964],[22.60839504037336,65.77067001903598],[22.60914435564664,65.77171549609277],[22.608436734144057,65.7722924003465],[22.60757088827995,65.7723357287206],[22.6082674856071,65.77320335229619],[22.60913335916944,65.77316001968785],[22.61059042146173,65.77362858090336],[22.612322184530974,65.77354188421101],[22.61291343240685,65.77405377335428],[22.61421227026682,65.77398873272638],[22.61448687034718,65.77343348585198],[22.619249108637966,65.77319490193415],[22.620482044679424,65.77258599286557],[22.61889518,65.76724233],[22.64053552,65.76615608999998],[22.6401574965187,65.76488572949641],[22.623903515649662,65.75796582211487],[22.59462139,65.75943237],[22.591991940000003,65.75053918],[22.54873054,65.75269459],[22.546117709999997,65.74380044],[22.52449135,65.74487313],[22.521887800000002,65.73597847],[22.50026678,65.73704766],[22.49767251,65.72815248999999],[22.47605683,65.72921819000001],[22.4683077,65.702531],[22.446711960000002,65.70359233],[22.44928575,65.71248857],[22.42768076,65.71354729],[22.427163759427938,65.71175375564853],[22.425297683262905,65.71169281307354],[22.42498972596834,65.71062520993225],[22.426993060358438,65.71116158097514],[22.42456960540268,65.70275433744919],[22.424079356867082,65.70291063706551],[22.42385260262911,65.70364350695432],[22.421619834672455,65.70501582293066],[22.423480083640968,65.70690972350789],[22.42218404240941,65.70697311112166],[22.42228663573414,65.70732898137774],[22.421422592686866,65.7073712343872],[22.42244053154871,65.70786278657485],[22.420763695804276,65.70812522552072],[22.421020149874835,65.70901490371216],[22.42262411982486,65.71001913484841],[22.419980425709273,65.70996795165206],[22.42028816699483,65.71103556704871],[22.421203633353016,65.71117125472578],[22.420976738214307,65.7119041217055],[22.42189223902152,65.71203980490104],[22.422046160421722,65.7125736102452],[22.42372326867895,65.71231115448889],[22.426037776298415,65.71273927669858],[22.425327554407467,65.71331535402251],[22.4264998330065,65.71434067680833],[22.42578957955192,65.71491675659838],[22.425994944283943,65.71562849042765],[22.427928984528272,65.71625565298922],[22.428720690598272,65.71748003365593],[22.427856321284978,65.7175223264129],[22.427959042961962,65.71787819158153],[22.42633297304767,65.7183186303166],[22.423666888685656,65.71971212765081],[22.423769563208882,65.72006799610872],[22.42112483724906,65.72001684292063],[22.41957158749002,65.7191905376587],[22.415249334202382,65.71940169644063],[22.41407725611237,65.71837628502016],[22.411762425471732,65.71794798401208],[22.41188712739865,65.71685924967335],[22.411022745743022,65.71690144692147],[22.410920261627076,65.71654556800593],[22.408861778016526,65.71700691869117],[22.407770072125576,65.71778195021578],[22.402583502238752,65.71803492244509],[22.401082133555185,65.71738636450705],[22.399836668970874,65.71762751098746],[22.39823308204224,65.7166230358955],[22.39693648006935,65.71668621386154],[22.39678304715848,65.7161523783782],[22.395003137670905,65.71605865059348],[22.394849749117583,65.71552481272738],[22.396754956647193,65.71452981457261],[22.39660154286876,65.71399597871782],[22.39789801105563,65.71393280491283],[22.397261291543167,65.7132420839712],[22.398557720029682,65.71317890493211],[22.397972145417995,65.71266613154158],[22.39883641122655,65.71262400956533],[22.39868296811888,65.7120901760948],[22.397716439985302,65.71177640722867],[22.39740961903327,65.71070873723474],[22.396545414375566,65.71075085050843],[22.39601106095285,65.71041601407669],[22.393037459853772,65.71074130798873],[22.389176066584593,65.71255323799049],[22.386532145854325,65.71250147572358],[22.386327896102504,65.7117896778658],[22.388944164326894,65.71021887416153],[22.388484519356933,65.70861733668568],[22.390110656519795,65.70817730182635],[22.390821538889067,65.70760138252827],[22.391685649622985,65.7075593026881],[22.391583475828384,65.70720340772876],[22.39287961860797,65.70714027986305],[22.394352275023753,65.70616636054694],[22.395978156606954,65.70572626546002],[22.397808480167853,65.70599793383207],[22.398570261499952,65.70559992555745],[22.402407210347956,65.7052323902162],[22.40273689929009,65.70485543242293],[22.405277702961214,65.7045510365522],[22.40517535664943,65.70419515241637],[22.407994469383265,65.7033358074079],[22.408653628163407,65.70258186903212],[22.410710980606655,65.70212053223709],[22.410454962894278,65.7012308323973],[22.413427236660333,65.70090521104807],[22.414166517525363,65.70195174036992],[22.4150303939978,65.7019095302114],[22.415359857472048,65.70153254727161],[22.418383354406043,65.7013847672178],[22.41871276226304,65.70100777756032],[22.420389162187682,65.70074536549932],[22.42234358946423,65.69992800306575],[22.423735265849828,65.69985991773346],[22.419987099999997,65.68685709999998],[22.39840205,65.68791147],[22.3932972,65.67011682],[22.436436249999996,65.66800677],[22.426191569999997,65.63242022],[22.471403921263402,65.63019298075882],[22.474568250352842,65.62933175346207],[22.47441384404991,65.62879800623033],[22.475602879958632,65.62837838328356],[22.476206796145906,65.62744627455578],[22.47772340043144,65.62664953849271],[22.47858464810091,65.62660699344048],[22.478481667806562,65.62625116512366],[22.481116864530357,65.62630141604109],[22.4816505020459,65.6266359603966],[22.481875068871673,65.62590302634204],[22.480531738247368,65.6257889563239],[22.481135421105456,65.62485683031363],[22.481996602633885,65.62481426655336],[22.481893584190754,65.62445844093496],[22.48313381652614,65.62421667491618],[22.483409840843578,65.62366165150648],[22.484701545833016,65.62359778533953],[22.48432250138177,65.62379698714781],[22.484959183597617,65.62448734357001],[22.48420106771633,65.6248857477972],[22.48483777517366,65.62557610447831],[22.486129571082166,65.625512225244],[22.48597495470573,65.6249784918865],[22.48678458767823,65.6247579898907],[22.489798658893537,65.62460888374817],[22.491245110342053,65.6250786900241],[22.49377701678557,65.62477290442436],[22.494310782490427,65.62510740296128],[22.496894264527885,65.6249794732724],[22.497428074237693,65.62531396040114],[22.49866819465064,65.62507206851062],[22.498823072370765,65.6256057863076],[22.499150400065936,65.62522864339537],[22.499684243752824,65.62556312224548],[22.50049377374514,65.62534254812138],[22.50064869089894,65.6258762636601],[22.49989078146391,65.62627474421645],[22.50009733164844,65.62698636578263],[22.50106183761453,65.62729950398344],[22.49933938210387,65.62738484398692],[22.49949429022537,65.62791856079748],[22.49647990223183,65.62806786273526],[22.497926667850894,65.62853760216643],[22.49668637618942,65.62877948970987],[22.497047735623863,65.63002483594208],[22.49623803125388,65.63024539342385],[22.495307331677694,65.6315547117407],[22.494445953049052,65.63159735302978],[22.49292959212737,65.63239425380607],[22.492057001642017,65.63357666684904],[22.49337851,65.638133],[22.514917509999997,65.6370656],[22.51233025,65.62817062],[22.55538789,65.62602759999999],[22.552788109999998,65.61713344],[22.50974494,65.61927556999999],[22.504580170000004,65.60148529],[22.48307012,65.60255093],[22.48049789,65.59365525],[22.458993120000002,65.59471742],[22.456430039999994,65.58582125],[22.41342917,65.58793562],[22.41088246,65.57903851],[22.36791067157343,65.58113880900565],[22.372140660912134,65.59607614165921],[22.374432567432684,65.59526898340158],[22.37921552805387,65.59521615110751],[22.380404638132518,65.59479727383517],[22.380709114812426,65.59586500128782],[22.382202776344993,65.59651383601096],[22.38190068026446,65.5985133209948],[22.38349607777853,65.5995180487767],[22.38483766301323,65.59963299508496],[22.385040811172814,65.60034480589212],[22.38501684072186,65.60178943193458],[22.383095135875795,65.60422883567075],[22.38350143565915,65.60565246163702],[22.382894628832982,65.60658422906347],[22.382084639842457,65.60680417990841],[22.383127675855174,65.60746083434562],[22.39701057,65.60678315],[22.399555809999995,65.6156805],[22.384295029888573,65.61642549923441],[22.38234639584142,65.61689556931516],[22.38156987798675,65.6165585354269],[22.378028869999998,65.61673139999999],[22.378154237371955,65.61717058116572]],[[22.41009065,65.80462758],[22.412663939999998,65.81352444],[22.390972449999992,65.81457878999998],[22.38840652,65.8056815],[22.41009065,65.80462758]],[[22.356712895744792,65.8319486471947],[22.35535923138135,65.8318335693266],[22.354771668622323,65.83132064905054],[22.353903332934756,65.83136255991684],[22.353801090480278,65.83100664038554],[22.354950190725983,65.83040989536771],[22.35479681332033,65.82987601722618],[22.3562015063805,65.83016905995486],[22.355613966968605,65.82965614269351],[22.359087047413617,65.82948843320901],[22.35972581046891,65.83017929393358],[22.358423378062064,65.83024219995606],[22.358959831594436,65.83057714802084],[22.35814267875686,65.83079704044971],[22.358781451191753,65.83148790503213],[22.359700943882054,65.83162392390078],[22.35952258466693,65.83253468157206],[22.357632394826535,65.83208467845701],[22.357785846860804,65.83261855303178],[22.35691747328598,65.83266048139973],[22.356712895744792,65.8319486471947]],[[22.53730724581933,65.77691787661684],[22.53865872190893,65.77703136272453],[22.538554190641136,65.77667559064795],[22.539853384759763,65.77661118025908],[22.540077347942,65.77587816606304],[22.54061495278292,65.77621246348258],[22.541481063321516,65.77616951293007],[22.541585632473314,65.77652528262429],[22.540719510204006,65.77656823388686],[22.54087635228871,65.77710188930087],[22.54001020924755,65.77714483673817],[22.53968168429749,65.77752207983565],[22.53654560533828,65.77731657758198],[22.53730724581933,65.77691787661684]],[[22.60598849422359,65.79515739341704],[22.6068023290204,65.794936208918],[22.606538438323472,65.79404692127164],[22.610057526735226,65.79405142890133],[22.609507735304582,65.79516191221865],[22.605766280318978,65.79589048680005],[22.60598849422359,65.79515739341704]],[[22.61448687034718,65.77343348585198],[22.614001157894506,65.77327731299592],[22.614434090525815,65.77325563105946],[22.61448687034718,65.77343348585198]],[[22.613515451301623,65.77312113853354],[22.613948381804093,65.77309945799816],[22.614001157894506,65.77327731299592],[22.613515451301623,65.77312113853354]],[[22.434353469999998,65.81246700999999],[22.45604104,65.81140653],[22.45863102,65.82030245],[22.436936079999995,65.82136336999999],[22.434353469999998,65.81246700999999]],[[22.41376307,65.74129391],[22.416330029999997,65.75019077],[22.39469191,65.75124513],[22.392132259999997,65.74234784],[22.41376307,65.74129391]],[[22.40863497,65.72350001],[22.45186148999999,65.72138473999999],[22.45701884,65.73917689],[22.41376307,65.74129391],[22.40863497,65.72350001]],[[22.3972535,65.76014236],[22.44054246,65.7580297],[22.443120650000004,65.766926],[22.421469819999995,65.76798428999999],[22.424042629999995,65.77688096],[22.40238251,65.77793663999998],[22.399817029999998,65.76903953],[22.394148083050226,65.76950954501866],[22.394092817606385,65.76931766318452],[22.378162290000002,65.77009171],[22.37305184,65.75229644],[22.39469191,65.75124513],[22.3972535,65.76014236]],[[22.634632677852665,65.78650246412623],[22.634685629534893,65.78668031021405],[22.633819353854356,65.78672379202243],[22.634632677852665,65.78650246412623]],[[22.62211409526889,65.78875483471938],[22.622811656775866,65.78962238226742],[22.621237457278674,65.79024276336958],[22.619071394818903,65.79035127134269],[22.61837393726256,65.78948370564484],[22.619948162202462,65.78886335385688],[22.62211409526889,65.78875483471938]],[[22.561072543412504,65.77555758640258],[22.562476467387892,65.77584873783037],[22.561610409692925,65.77589180716336],[22.561715254979333,65.77624756029792],[22.56019275979139,65.7770451945262],[22.55802749774765,65.77715282735579],[22.557370971192498,65.77790738530754],[22.555415160559733,65.77872649542994],[22.55449661231088,65.7785916462866],[22.554339477671647,65.77805800778856],[22.55260717816357,65.77814405088104],[22.551583948945872,65.77765342316162],[22.55132217368898,65.7767640194305],[22.55447234018928,65.77552466783318],[22.555338399884107,65.77548163904092],[22.55587619122728,65.7758158807777],[22.55798895548997,65.77553040143273],[22.55863158441463,65.77622038914852],[22.561072543412504,65.77555758640258]],[[22.55928803354774,65.77546582653903],[22.557451143325633,65.77519616735736],[22.55869780629849,65.77495371939582],[22.55928803354774,65.77546582653903]],[[22.550693994141938,65.77462944785294],[22.55074633806663,65.77480732895913],[22.55031331532817,65.77482883085332],[22.550693994141938,65.77462944785294]],[[22.546363760326116,65.77484441000858],[22.54679678728231,65.77482291929398],[22.546901423148586,65.77517868467905],[22.546363760326116,65.77484441000858]],[[22.546901423148586,65.77517868467905],[22.54738677723166,65.77533507486307],[22.546953742273143,65.77535656733306],[22.546901423148586,65.77517868467905]],[[22.545759255669996,65.77577680370493],[22.545811568380294,65.7759546868148],[22.545378521447695,65.77597617492772],[22.545759255669996,65.77577680370493]],[[22.545401713230017,65.7790431654827],[22.545454031439228,65.77922104866312],[22.545020929332164,65.7792425363055],[22.545401713230017,65.7790431654827]],[[22.543250888550485,65.77770603595391],[22.543198589221692,65.77752815183194],[22.543631664380534,65.77750666963364],[22.543250888550485,65.77770603595391]],[[22.54030129956792,65.77514515165399],[22.540353573119663,65.77532303702286],[22.53948748873188,65.77536598091017],[22.54030129956792,65.77514515165399]],[[22.537859824728287,65.77580762680493],[22.53727001085203,65.7752954326231],[22.539106710895577,65.77556533689575],[22.537859824728287,65.77580762680493]],[[22.53688921652523,65.77549478323138],[22.536993719088787,65.77585055673157],[22.53656066507907,65.77587201986103],[22.536023119443055,65.77553770755809],[22.53688921652523,65.77549478323138]],[[22.532177861941175,65.7759086952251],[22.532610920948763,65.77588724449889],[22.532663143299924,65.77606513300988],[22.532177861941175,65.7759086952251]],[[22.532663143299924,65.77606513300988],[22.533200657394154,65.77639945747418],[22.53276759038089,65.77642090995501],[22.532663143299924,65.77606513300988]],[[22.532282301570692,65.7762644725761],[22.53141616944565,65.77630737106995],[22.53136395510026,65.77612948205265],[22.532282301570692,65.7762644725761]],[[22.531468384583814,65.77648526006166],[22.531520600514742,65.77666314902777],[22.531087527397098,65.77668459679533],[22.531468384583814,65.77648526006166]],[[22.53090014363699,65.77904004980654],[22.5313332564735,65.77901860217945],[22.53138547763793,65.77919649114172],[22.53090014363699,65.77904004980654]],[[22.52960080037027,65.7791043853509],[22.530033915585335,65.77908294139226],[22.530086127948792,65.77926083088639],[22.52960080037027,65.7791043853509]],[[22.530086127948792,65.77926083088639],[22.53100458089148,65.77939582806002],[22.530138341105072,65.77943872035495],[22.530086127948792,65.77926083088639]],[[22.528129327983216,65.78007960060394],[22.52856246103831,65.78005816065028],[22.52861466563032,65.78023605072556],[22.528129327983216,65.78007960060394]],[[22.52861466563032,65.78023605072556],[22.529100009145406,65.78039249924421],[22.52866687101507,65.78041394077523],[22.52861466563032,65.78023605072556]],[[22.526250596082367,65.77367553447522],[22.526094081436938,65.77314186080162],[22.527878333824443,65.77323401183743],[22.527982701172103,65.77358979284352],[22.526250596082367,65.77367553447522]],[[22.527748392859493,65.7802789297645],[22.527800592376185,65.78045682016868],[22.52736745186772,65.78047825803107],[22.527748392859493,65.7802789297645]],[[22.52678797646508,65.77400988286793],[22.527221008998467,65.77398844771689],[22.527273189580196,65.7741663384848],[22.52678797646508,65.77400988286793]],[[22.526892332555693,65.7743656647325],[22.525645383043315,65.77460785533876],[22.525055838410637,65.77409561124668],[22.526892332555693,65.7743656647325]],[[22.52420684495385,65.62127812589064],[22.52398351134834,65.6220111100794],[22.523553008966328,65.62203251085033],[22.52339764916649,65.62149882317911],[22.52420684495385,65.62127812589064]],[[22.52360479712968,65.6222104066899],[22.523433229138885,65.62312128611963],[22.52191825738773,65.62391846254977],[22.519335029522548,65.62404681582406],[22.51907622058479,65.62315732783469],[22.519937270712223,65.62311455002602],[22.520969978259743,65.62216088998322],[22.52360479712968,65.6222104066899]],[[22.52351742700104,65.62041004796383],[22.523569211024096,65.62058794385615],[22.522708251793873,65.62063074136721],[22.52351742700104,65.62041004796383]],[[22.520115857165177,65.77073055826534],[22.52027223063015,65.77126423946365],[22.519839236860765,65.7712856544895],[22.520115857165177,65.77073055826534]],[[22.51892113046467,65.77115058663571],[22.519025364223115,65.77150637508663],[22.518592365148102,65.77152778662217],[22.518055143251672,65.77119340777651],[22.51892113046467,65.77115058663571]],[[22.51492611922986,65.62390484218365],[22.517027073870892,65.62362004814237],[22.517302363091982,65.62306497050588],[22.518542182033908,65.62282291919253],[22.518302190079012,65.6250004660651],[22.517321030835564,65.6261320083464],[22.51489277185871,65.6267939838012],[22.514685818394767,65.62608238643763],[22.513290624245887,65.62579070836381],[22.51346256157531,65.62487983670327],[22.51492611922986,65.62390484218365]],[[22.51616363899216,65.80972724069653],[22.516874338167366,65.80915073504785],[22.517725574947036,65.81055247352853],[22.51619971832093,65.81134970130333],[22.51489870178241,65.81141392797193],[22.51392699433572,65.81110094895392],[22.51453341755422,65.8101686626484],[22.51616363899216,65.80972724069653]],[[22.51482671726371,65.80816900443486],[22.516127570187017,65.80810477998504],[22.516231945105922,65.80846056899553],[22.515364698851418,65.80850338722857],[22.51482671726371,65.80816900443486]],[[22.515440905992083,65.77276640919298],[22.51376089078754,65.77302990457083],[22.513656722195584,65.7726741118772],[22.515717635672495,65.7722113198738],[22.515440905992083,65.77276640919298]],[[22.50857127738852,65.6245811506715],[22.512928557503233,65.62454540795207],[22.51303200123974,65.62490120819659],[22.512170878226122,65.62494394754067],[22.511516602596686,65.62569828502585],[22.51149974209348,65.62714285733625],[22.509071235724303,65.62780474209428],[22.507624316016823,65.62733511048232],[22.507107440343997,65.62555608667878],[22.50857127738852,65.6245811506715]],[[22.511148826873434,65.77911444144854],[22.511096745419813,65.77893654418726],[22.511529876288197,65.77891515265102],[22.511148826873434,65.77911444144854]],[[22.508846757621768,65.62402608646785],[22.508898449915012,65.62420398828633],[22.508467896252665,65.62422534675912],[22.508846757621768,65.62402608646785]],[[22.506280601557815,65.62270964332323],[22.506332273131193,65.62288754622297],[22.505901738733584,65.62290889721952],[22.506280601557815,65.62270964332323]],[[22.503542442925937,65.62230401802455],[22.50359409478654,65.62248192205409],[22.503163564396523,65.6225032652392],[22.503542442925937,65.62230401802455]],[[22.50116513209084,65.62765531381123],[22.50326655078968,65.62737070570422],[22.502181331699607,65.62814634931914],[22.5008894524613,65.62821036606348],[22.50116513209084,65.62765531381123]],[[22.503086606580467,65.81614728779643],[22.503138723164476,65.81632518746494],[22.502704954977883,65.81634656140591],[22.503086606580467,65.81614728779643]],[[22.502629741867395,65.62216879842343],[22.50268138715731,65.62234670282947],[22.502250858103547,65.62236804341082],[22.502629741867395,65.62216879842343]],[[22.49540010710306,65.8154430585863],[22.495243926490023,65.81490934995162],[22.49324868656331,65.81410522955198],[22.4987139157053,65.8147384950798],[22.502062747967233,65.81565633387955],[22.50265284133761,65.8161686615605],[22.500536102158414,65.81645341273403],[22.499564370209328,65.8161403424968],[22.49734344237046,65.81606924715847],[22.49540010710306,65.8154430585863]],[[22.500458824488838,65.62823170254943],[22.501371730401342,65.62836693316316],[22.501475034235785,65.62872274268726],[22.500131480628838,65.62860884844919],[22.500458824488838,65.62823170254943]],[[22.50030389430749,65.62769798694403],[22.500355536921525,65.62787589217113],[22.499924913963294,65.62789722709151],[22.50030389430749,65.62769798694403]],[[22.500234768640148,65.62896465897624],[22.499804127519578,65.62898599373558],[22.499752486021247,65.62880808830916],[22.500234768640148,65.62896465897624]],[[22.499994946088268,65.62211891716204],[22.500046573225465,65.62229682264673],[22.49875497838277,65.62236081836812],[22.499994946088268,65.62211891716204]],[[22.49860012536913,65.62182710025861],[22.498703359932357,65.6221829123569],[22.49736015777924,65.62206899006193],[22.49677481446819,65.62155659518068],[22.49860012536913,65.62182710025861]],[[22.497980642287327,65.77164323606992],[22.49803261564778,65.77182113886786],[22.497599590378712,65.77184249101549],[22.497980642287327,65.77164323606992]],[[22.497651561595433,65.77202039396457],[22.49721853260461,65.77204174506609],[22.49716656432065,65.77186384194057],[22.497651561595433,65.77202039396457]],[[22.49734249858434,65.62351356874706],[22.49739411090583,65.62369147528322],[22.496532997006234,65.6237341257704],[22.49734249858434,65.62351356874706]],[[22.496842652544455,65.62480156656221],[22.49727322726077,65.62478024087294],[22.497324842140493,65.62495814740763],[22.496842652544455,65.62480156656221]],[[22.496757121318193,65.62300117413567],[22.496808728406414,65.62317908092314],[22.495947630324466,65.62322172792919],[22.496757121318193,65.62300117413567]],[[22.482251120335405,65.80959312521489],[22.48051641299236,65.80967837254803],[22.480308640792654,65.8089667361435],[22.478314329263192,65.80816241145516],[22.47833257965868,65.80671782867496],[22.4793738222359,65.80576436730558],[22.478854589112284,65.80398526995963],[22.48097056692417,65.803700826953],[22.48247907026411,65.8043485260805],[22.482582962372856,65.80470434277916],[22.481715775468583,65.80474696916923],[22.481386058450603,65.80512409818274],[22.481541880799966,65.8056578244757],[22.486033856408202,65.80597836774136],[22.487057018624792,65.80646943597141],[22.48792425286492,65.80642677875856],[22.489346728146206,65.80527401679171],[22.494341702947704,65.80430631065043],[22.496197328132446,65.80313214069669],[22.496023955276417,65.8040430073822],[22.494393730389284,65.80448421417078],[22.494653879460113,65.80537373139117],[22.496700516366403,65.80635574230749],[22.496579195984427,65.80744451210167],[22.493699894841093,65.80812767491437],[22.493370314720902,65.8085048284856],[22.489901122397416,65.8086755540783],[22.488912165454888,65.8098069901549],[22.48917218988521,65.81069651794631],[22.487055737833412,65.81098107933929],[22.486396303114102,65.81173535974668],[22.484453560574888,65.81110902601036],[22.48370804178758,65.81006290018705],[22.482251120335405,65.80959312521489]],[[22.4965846043148,65.62391203263225],[22.496154043300283,65.62393335622998],[22.496102438887778,65.62375544919269],[22.4965846043148,65.62391203263225]],[[22.496344292657067,65.62157791892585],[22.49591377006704,65.621599241457],[22.49586217288523,65.62142133426659],[22.496344292657067,65.62157791892585]],[[22.49415228071061,65.63359697475664],[22.494203895333346,65.63377488235922],[22.493773168511357,65.63379620085787],[22.49415228071061,65.63359697475664]],[[22.491825568596116,65.81976966514561],[22.489934111218634,65.81932131281319],[22.48983004668586,65.81896550279845],[22.488476544322253,65.8188516035815],[22.4883725022058,65.81849579235467],[22.486741238200153,65.81893692753137],[22.485387749462724,65.81882300079079],[22.48512775712537,65.81793346622666],[22.486273179603252,65.81733576985395],[22.485857181296137,65.81591251685909],[22.487766014850617,65.81491634433314],[22.489067289439127,65.81485234648407],[22.489969250589386,65.81643215776305],[22.491582820127878,65.81743556701824],[22.49250246070793,65.81757078454625],[22.49258913654826,65.81937116880147],[22.494098869544672,65.82001874103088],[22.494133607384846,65.82164121991708],[22.492085814550517,65.8206591858234],[22.491825568596116,65.81976966514561]],[[22.488604565389625,65.79069298975638],[22.48806731244357,65.79035850552131],[22.489367346929285,65.79029451723524],[22.490026180454514,65.78954022989753],[22.491378138523995,65.78965413047253],[22.491482082241212,65.79000994059471],[22.490615407142723,65.79005261255989],[22.490337963468903,65.79060766328794],[22.489089873879312,65.79084956598038],[22.48919379181905,65.79120537791533],[22.48735645457694,65.79093487846961],[22.488604565389625,65.79069298975638]],[[22.462481434143797,65.80514976102049],[22.464701349128706,65.805221373536],[22.464008630891538,65.80435305759852],[22.464875839706636,65.80431053164476],[22.464772193963142,65.8039547004991],[22.4655875602868,65.80373425509177],[22.465276611389825,65.80266676300865],[22.46328325921503,65.80186223253176],[22.463787716536388,65.800574299578],[22.46488108107924,65.7997988501449],[22.465748134957312,65.79975632074282],[22.468368109870607,65.79818411592007],[22.469668597670296,65.79812029114638],[22.471576789050992,65.79712432741601],[22.474888948116263,65.79642029737504],[22.47473333059858,65.79588656229713],[22.47771558496723,65.79555958662445],[22.478045241762658,65.79518246613722],[22.478912114275108,65.79513986368295],[22.478374889167156,65.7948053450294],[22.47967517675284,65.79474143689708],[22.479086052757577,65.79422901096022],[22.47984908627731,65.7938305835878],[22.48114932031638,65.79376666341096],[22.483923526827343,65.79272793352321],[22.486575797428998,65.79277792099467],[22.48716503407598,65.79329031689407],[22.485968727565453,65.79371010239763],[22.485795035805403,65.79462096055109],[22.484650583393563,65.79521864384205],[22.484910283938166,65.79610818203729],[22.48317649448386,65.79619345063676],[22.482465371912813,65.79676980337894],[22.481598451658417,65.79681242649556],[22.481702295106697,65.79716824426532],[22.483436155974708,65.79708299172506],[22.48504821608447,65.79808648476128],[22.488134517894874,65.79811511879677],[22.489330988858864,65.79769531469168],[22.490301889624057,65.79800845819686],[22.490995305625773,65.79887664785663],[22.490665796213143,65.79925379488776],[22.487249793641237,65.79960235359177],[22.486364971706006,65.80108958421366],[22.481648047085105,65.80150198884097],[22.481751913930488,65.8018578063508],[22.480884821140304,65.80190042709805],[22.481110649159092,65.80116748151036],[22.47975812281206,65.80105349545691],[22.480573265363017,65.80083297214875],[22.48112876021499,65.79972289977141],[22.475596833993055,65.80035564218485],[22.47330689795692,65.80155085718681],[22.472751028706476,65.80266090472898],[22.4718838910196,65.80270347475313],[22.47283621057492,65.80446131464686],[22.471742899161217,65.80523682057877],[22.47210603160798,65.80648220906966],[22.469207398352953,65.80860950222288],[22.469952285223727,65.80965570502579],[22.471894572957655,65.81028222780154],[22.47258772708975,65.81115050368186],[22.473558947904426,65.81146375063716],[22.47279530719761,65.8118621524698],[22.472951000564045,65.81239588879505],[22.472083535633868,65.81243846314602],[22.472064948368793,65.81388304846644],[22.4708155600533,65.81412481426983],[22.471023120011584,65.81483646566687],[22.468401670811566,65.81640873047255],[22.468175370263037,65.81714166185175],[22.46671831534015,65.81667173987965],[22.465850694039926,65.8167142803227],[22.46722284763588,65.81538379482174],[22.465836702575412,65.81364718958352],[22.464431733110303,65.81335515844867],[22.463356878978697,65.81268602117385],[22.46248938523645,65.81272854126723],[22.462333906183154,65.81219479218872],[22.460184462631258,65.81085647794579],[22.459265223386573,65.81072106179998],[22.460080850024525,65.8105006432894],[22.459925437022147,65.80996689111555],[22.46079284287146,65.80992438645272],[22.459770031108615,65.80943313871464],[22.461886680563637,65.80914895387052],[22.462164918733286,65.80859394719279],[22.46336230366382,65.80817433791013],[22.463329575875832,65.80655183265347],[22.46085054374477,65.80559061581184],[22.459601443289753,65.8058322870001],[22.459705026716207,65.80618812226489],[22.45705139606997,65.8061376807217],[22.455141982209597,65.80713347461858],[22.452158080641823,65.80746002491603],[22.45162093155489,65.80712541130606],[22.451465718239348,65.80659164857968],[22.455336369504458,65.80477804770133],[22.457122618069718,65.80487100757264],[22.457019076660362,65.80451517014622],[22.45831991767115,65.80445143869179],[22.460746947389133,65.80523478145082],[22.461614192341475,65.80519227368514],[22.46151058736725,65.80483643992669],[22.462481434143797,65.80514976102049]],[[22.490771311015102,65.79058632861152],[22.49082328055162,65.79076423391129],[22.49038993006776,65.79078556876416],[22.490771311015102,65.79058632861152]],[[22.486851882434227,65.79673452113028],[22.487285336423746,65.79671319531833],[22.487337296754497,65.79689110189791],[22.486851882434227,65.79673452113028]],[[22.487337296754497,65.79689110189791],[22.487822716953357,65.79704768106316],[22.487389257874838,65.79706900845207],[22.487337296754497,65.79689110189791]],[[22.48636647399252,65.79657793876038],[22.486418427655167,65.7967558457181],[22.48598497208661,65.79677716908186],[22.48636647399252,65.79657793876038]],[[22.47537730366453,65.77095150845622],[22.476036088465676,65.7701972820774],[22.475292190967707,65.7691510993548],[22.47286819801811,65.76836795835607],[22.473682382882178,65.76814748124337],[22.473526995238593,65.76761374270464],[22.47467052067134,65.76701615198816],[22.474740878526667,65.76574947914649],[22.476905599583286,65.76564303482596],[22.476750163441544,65.76510930005169],[22.479295921923022,65.76480361911037],[22.479192268155384,65.76444779786235],[22.480975779825318,65.76454050522383],[22.485165258400297,65.7668607566767],[22.485372757025143,65.76757238909983],[22.48445495308729,65.76743711065964],[22.485043538609492,65.76794952111293],[22.48331164092485,65.76803477270242],[22.482912434769645,65.76967857327406],[22.480418091942465,65.77016222890501],[22.47996682628389,65.77162811381031],[22.477213084596467,65.77122216745842],[22.47667639850044,65.77088763755773],[22.47537730366453,65.77095150845622]],[[22.484804598605123,65.62395360870738],[22.485235171171972,65.62393231720611],[22.4852867016213,65.62411022867701],[22.484804598605123,65.62395360870738]],[[22.482651724103146,65.62406004799918],[22.482600211810304,65.62388213545204],[22.483030785369795,65.62386085019742],[22.482651724103146,65.62406004799918]],[[22.48098091198714,65.62432309079747],[22.481411494450192,65.62430181004989],[22.481462999608688,65.62447972307201],[22.48098091198714,65.62432309079747]],[[22.481032414249018,65.62450100399472],[22.481083917288448,65.62467891716678],[22.480653328254537,65.62470019705026],[22.481032414249018,65.62450100399472]],[[22.480704829174833,65.62487811037221],[22.480274236466656,65.62489938921642],[22.480222738443107,65.62472147571938],[22.480704829174833,65.62487811037221]],[[22.480583240936227,65.62596686966987],[22.480152630069128,65.62598814835025],[22.48010113027728,65.62581023482922],[22.480583240936227,65.62596686966987]],[[22.47341933953891,65.77176958702456],[22.47347114392173,65.77194749984257],[22.473038092137212,65.77196878246279],[22.47341933953891,65.77176958702456]],[[22.47318459636721,65.80263961788013],[22.473236473733042,65.80281753007105],[22.472802903131154,65.80283881709606],[22.47318459636721,65.80263961788013]],[[22.472449646377534,65.7714563242748],[22.47288269014835,65.77143504340512],[22.472934490024862,65.7716129564496],[22.472449646377534,65.7714563242748]],[[22.468862852102582,65.77271528551836],[22.468688652352938,65.77362612910052],[22.46705983870155,65.77406702996015],[22.46721513933292,65.77460077594665],[22.464997865957937,65.77452917423774],[22.463853788023847,65.77512669777258],[22.463957281901227,65.77548253101553],[22.46265791795552,65.77554629612574],[22.462884078920673,65.77481337431948],[22.464131658172217,65.7745716911149],[22.46415079028513,65.77312710151357],[22.46491345263092,65.77272875250958],[22.464376891345744,65.77239417807988],[22.465243025571496,65.77235166052893],[22.46513952906718,65.77199582818575],[22.465953895474463,65.77177539058852],[22.465417341469255,65.77144081975074],[22.46411818531396,65.77150459527543],[22.464673833685836,65.77039458139274],[22.46597293232647,65.77033080169475],[22.46668373250712,65.76975452903355],[22.467931031853094,65.7695128174707],[22.468467576376046,65.76984737955094],[22.46976663620275,65.76978356789469],[22.470129073617013,65.77102896783093],[22.471479976682794,65.77114305512572],[22.47158355647681,65.77149888234592],[22.4725014433207,65.7716342374952],[22.47076924864055,65.77171934945],[22.47102818648225,65.77260891869092],[22.468862852102582,65.77271528551836]],[[22.4689804657027,65.77613820443602],[22.469413591472573,65.7761169326209],[22.469465378735496,65.77629484696868],[22.4689804657027,65.77613820443602]],[[22.469465378735496,65.77629484696868],[22.469950297637535,65.77645148790126],[22.4695171667848,65.77647276129117],[22.469465378735496,65.77629484696868]],[[22.46899455255055,65.77920529384407],[22.46769501611945,65.7792691035811],[22.467643233884314,65.77909118858217],[22.468457799101344,65.77887073565994],[22.46899455255055,65.77920529384407]],[[22.468716743563355,65.77976030876971],[22.46882032685383,65.78011613783684],[22.468387133365944,65.78013740862855],[22.468716743563355,65.77976030876971]],[[22.46860918619785,65.81712038558776],[22.46866106701694,65.81729829930335],[22.468227248137193,65.81731957574348],[22.46860918619785,65.81712038558776]],[[22.46843892325541,65.78031532330012],[22.468005726045334,65.78033659304442],[22.467953939091515,65.78015867819695],[22.46843892325541,65.78031532330012]],[[22.464978784920017,65.77597376344761],[22.46503054126417,65.77615167960403],[22.46416427908533,65.7761941971987],[22.464978784920017,65.77597376344761]],[[22.420151659796314,65.62388848128938],[22.419290387356344,65.62393069487634],[22.41913715494353,65.6233968799383],[22.41784526658248,65.62346018964529],[22.417312507685022,65.62312541231273],[22.41743675029606,65.62203667788285],[22.41437143863979,65.62200640799838],[22.41454684134021,65.62109561505173],[22.416495595484477,65.62027838362548],[22.4160872133784,65.61885486689808],[22.415021950364743,65.61818529549096],[22.415299383339978,65.61763038232094],[22.416160454873754,65.61758819338112],[22.416313584892123,65.61812201234069],[22.418466293692468,65.61801651613557],[22.418568413192407,65.61837239358171],[22.42335546121447,65.61831812801923],[22.42725187077946,65.616683424744],[22.42704741315671,65.61597168364928],[22.42775505426557,65.61539562375384],[22.429046512816154,65.6153322339279],[22.42922136748719,65.61442142947101],[22.433044414476583,65.61405325840006],[22.434919734311734,65.61450247386196],[22.435196704496292,65.61394752891923],[22.436795118231696,65.6149516654986],[22.43762588691193,65.61328682029006],[22.43853795593447,65.613422437215],[22.438866024516617,65.61304541715634],[22.437872610416072,65.61110933565321],[22.438631060973915,65.61071115970307],[22.439973443630837,65.610825610122],[22.440075823383715,65.61118147048445],[22.441367036420132,65.61111797819346],[22.44460535341876,65.61023689884544],[22.44599896392305,65.61052922417457],[22.447187652066948,65.61010982740736],[22.447085180093694,65.60975397276647],[22.447945928548872,65.60971160660735],[22.44791513787546,65.60808907929072],[22.446419187643773,65.60744091516449],[22.448140530992347,65.60735618705162],[22.447986824259196,65.60682240601903],[22.44740280716515,65.60630980756476],[22.445630312915434,65.60621659863547],[22.445476665810748,65.60568281446511],[22.448785817931196,65.60353498220572],[22.450455650286077,65.60327230378034],[22.450711874308613,65.60416193411436],[22.452381725909593,65.60389923428379],[22.452484242523756,65.604255084898],[22.455014624911524,65.60394996143565],[22.45577260440629,65.60355170446492],[22.457923914042095,65.6034456622352],[22.460331758105298,65.6042292004493],[22.461622566372355,65.60416553973475],[22.46275938102666,65.60356810485095],[22.46367122789275,65.60370357283448],[22.46478845354744,65.60455071652994],[22.462309465219043,65.60503392372945],[22.462084490031067,65.60576683284158],[22.459759274916234,65.60678376441409],[22.46039486510073,65.60747423474925],[22.45984211942091,65.60858420417387],[22.45767049034058,65.61013487393231],[22.456809746989773,65.61017729523826],[22.455672511836532,65.61077468970602],[22.453090197182927,65.6109019057875],[22.45035407317606,65.6104953002846],[22.44931918047082,65.61144850082744],[22.45000587768931,65.61231694256486],[22.44559923041211,65.6121729316271],[22.445066359282656,65.61183825290003],[22.442914292240424,65.61194412022371],[22.438917211698264,65.61322334774691],[22.43907077787856,65.613757139369],[22.436897474074353,65.6153075282446],[22.437532683145896,65.61599809816843],[22.436774065461808,65.61639627028688],[22.436978793374767,65.61710799557724],[22.43541027988598,65.6177263996255],[22.43475392151886,65.61848042627994],[22.43255009738232,65.61840822019911],[22.432652411525464,65.61876408622363],[22.431842485782703,65.61898430217165],[22.43440455308725,65.62030204435759],[22.433799275516353,65.62123400003458],[22.432989283916193,65.62145422275985],[22.43309161852638,65.62181008828509],[22.431420415871685,65.62207258907071],[22.430056071012185,65.62340267581938],[22.429194834074046,65.6234449452809],[22.428917645071852,65.62399988143316],[22.4262099855852,65.62521539455432],[22.426896306073075,65.62608394462768],[22.422107838405214,65.62613833598652],[22.41886677321741,65.62701896209585],[22.418180693164008,65.6261503733262],[22.420151659796314,65.62388848128938]],[[22.461720677001928,65.77685547316447],[22.464371288842838,65.77690586297828],[22.463815503034866,65.7780158771083],[22.46294917586943,65.778058388433],[22.461856638234337,65.77883381593749],[22.460557099296242,65.77889756485025],[22.459968732870475,65.77838505770244],[22.460783344204447,65.77816464533902],[22.46067988115647,65.77780880963934],[22.461927625749897,65.7775671428589],[22.461720677001928,65.77685547316447]],[[22.462361055453055,65.81832898241045],[22.462412896038497,65.81850689864068],[22.46154520437655,65.81854941529267],[22.462361055453055,65.81832898241045]],[[22.461422364413846,65.81963817179914],[22.461474201681806,65.81981608838059],[22.46104033326045,65.81983734487461],[22.461422364413846,65.81963817179914]],[[22.461025172805023,65.80467977697722],[22.460539764126743,65.80452311242601],[22.461406985542915,65.80448060606733],[22.461025172805023,65.80467977697722]],[[22.458540741835957,65.82032069365171],[22.46076196291027,65.8203923507917],[22.46086563275879,65.82074818443128],[22.458955316001386,65.82174403484427],[22.456785791115767,65.82185027095747],[22.45520555578521,65.82246899506505],[22.452550245270285,65.82241849157558],[22.452291343604625,65.82152889058196],[22.458540741835957,65.82032069365171]],[[22.440250270441464,65.61027065737846],[22.439819879795227,65.61029181939121],[22.43976869339495,65.61011388909775],[22.440250270441464,65.61027065737846]],[[22.439399008920866,65.82865537687597],[22.438148586825626,65.8288968852415],[22.438045191542873,65.82854103353188],[22.439399008920866,65.82865537687597]],[[22.42700060815161,65.72063175990318],[22.427051970146035,65.72080969277353],[22.426619728621628,65.72083083558307],[22.42700060815161,65.72063175990318]],[[22.42571207069942,65.78601603168508],[22.425763580431397,65.78619396354452],[22.425330242307165,65.78621511339021],[22.42571207069942,65.78601603168508]],[[22.425651232903007,65.80857476476316],[22.425702796428773,65.80875269611919],[22.42526907891291,65.80877384947227],[22.425651232903007,65.80857476476316]],[[22.425212800411046,65.64150421430006],[22.42526396166577,65.64168214975304],[22.424402109171183,65.64172439810385],[22.425212800411046,65.64150421430006]],[[22.4246778847215,65.63052339506896],[22.424729016252655,65.63070133099681],[22.424298271991027,65.63072245246443],[22.4246778847215,65.63052339506896]],[[22.424493740257123,65.78787994749003],[22.42454524606036,65.78805787979894],[22.424111875420472,65.78807902649807],[22.424493740257123,65.78787994749003]],[[22.42376171936519,65.80812557380538],[22.4238648189457,65.80848143804299],[22.422512130953354,65.80836694604292],[22.42376171936519,65.80812557380538]],[[22.423539561293047,65.71015480871218],[22.42359087447448,65.71033274322944],[22.423158804492306,65.71035387452717],[22.423539561293047,65.71015480871218]],[[22.411531307139533,65.64560265062559],[22.41072036903173,65.64582276379325],[22.410085090771936,65.64513208231558],[22.4114515518858,65.64380215430795],[22.41614111764861,65.6433921884022],[22.41852240423917,65.64255381495634],[22.419384295784678,65.6425115996026],[22.420830526881335,65.64298207917818],[22.42062599566388,65.64227033016255],[22.42138560109524,65.64187222903735],[22.42245203588783,65.64254174413902],[22.423313919331537,65.64249950655399],[22.423416221318185,65.64285537892547],[22.420655241995785,65.6438928782109],[22.419822509181493,65.64555764985396],[22.416403519843307,65.64734904732995],[22.413437397861856,65.64767466639853],[22.41183778208301,65.64667029559305],[22.411531307139533,65.64560265062559]],[[22.421780644016366,65.84683750284742],[22.423290285538098,65.84748577600868],[22.422524809742637,65.84788394391482],[22.421656048158084,65.847926244133],[22.421118413081494,65.84759152787001],[22.419432515308884,65.84785404024409],[22.41966043299667,65.84712116569638],[22.421780644016366,65.84683750284742]],[[22.423056184745512,65.70999800511896],[22.42310749423028,65.71017593983554],[22.422675426390246,65.71019706973932],[22.423056184745512,65.70999800511896]],[[22.421049404382117,65.6285359709338],[22.42194008720107,65.63011629354385],[22.42112971785619,65.63033645668581],[22.42090339630769,65.63106931793001],[22.420041887316323,65.6311115381262],[22.420370436358812,65.63073455332858],[22.419078186797964,65.63079787711236],[22.41947982529982,65.62915422079547],[22.421049404382117,65.6285359709338]],[[22.421152334579872,65.7109933192622],[22.421584417206738,65.7109721935395],[22.421635718899537,65.71115012882876],[22.421152334579872,65.7109933192622]],[[22.393598230797483,65.65928984701533],[22.394511719510092,65.65942571468463],[22.394840979250166,65.65904877819523],[22.39699718782196,65.65894355220865],[22.397224386493534,65.65821071803352],[22.40498635446029,65.65783164319008],[22.405797713515533,65.6576115565047],[22.405593455657627,65.65689978456278],[22.409525290623787,65.65688802668123],[22.412390298213122,65.65620659259542],[22.418857900000887,65.65589008550747],[22.420787223005398,65.6565173852016],[22.42104306362627,65.65740706940753],[22.419369453390523,65.65766946124974],[22.419902975492793,65.65800422380784],[22.418660522068357,65.65824549476892],[22.41881399268813,65.65877930782615],[22.415693189988744,65.6585711698573],[22.410269300930633,65.66100176014723],[22.410144664282132,65.66209049256727],[22.408726123959866,65.66324247683319],[22.406138311441705,65.66336894771754],[22.405809166376855,65.66374590756243],[22.40360153604939,65.66367331848123],[22.40337447954482,65.66440616078961],[22.40466844912739,65.66434295377768],[22.404339270887423,65.6647199107635],[22.401166797556908,65.66433353683269],[22.401064698728234,65.66397764748903],[22.397131770000044,65.6639891970747],[22.393477169586635,65.663445762805],[22.392155657454822,65.66188630435488],[22.39032853721861,65.6616145365851],[22.39007369981466,65.66072479087084],[22.39217909124376,65.66044168261466],[22.392406437494014,65.65970885419966],[22.393598230797483,65.65928984701533]],[[22.420815909243768,65.81314120220985],[22.420867450359655,65.81331913541582],[22.41999985125283,65.81336141498929],[22.420815909243768,65.81314120220985]],[[22.411919503263377,65.81736379387704],[22.413221126862915,65.8173004393973],[22.41311813190489,65.81694456696303],[22.414368225633194,65.81670326677074],[22.41421371490434,65.81616945943088],[22.415360741177192,65.81557228004502],[22.416228423894566,65.81553002603603],[22.416073883076795,65.81499622086979],[22.41982372368046,65.8142722212173],[22.419316824516706,65.81556003217825],[22.420721426710596,65.81585248214634],[22.41941989845657,65.81591589966482],[22.41875834275234,65.81666990795523],[22.417456767387925,65.81673330918869],[22.416743610884513,65.81730937496569],[22.41549351141779,65.81755069466826],[22.416288028115062,65.81877511261602],[22.4145009303247,65.81868168288862],[22.41368464295012,65.81890186411503],[22.413787655142794,65.81925773599977],[22.412537432731995,65.8194990326792],[22.412691932724304,65.82003284181785],[22.410956246814933,65.82011730778625],[22.41041935207263,65.81978254673105],[22.411919503263377,65.81736379387704]],[[22.416127960596516,65.82582021883294],[22.416488751618424,65.82706576194533],[22.414370098307923,65.82734933634929],[22.413700269888725,65.82503617283255],[22.4163042751696,65.82490941507247],[22.41689289925142,65.82542208815364],[22.416127960596516,65.82582021883294]],[[22.416316559241558,65.64248139303545],[22.416367661859486,65.64265933206465],[22.41593671106688,65.64268043183894],[22.416316559241558,65.64248139303545]],[[22.412863849829836,65.69894788233918],[22.41063088022092,65.70032003895986],[22.409335130931776,65.70038331423092],[22.40867604462913,65.70113725485194],[22.406999493052922,65.70139953927689],[22.406721085359273,65.70195444682616],[22.398286486667185,65.70308763848834],[22.39825836322013,65.70146507525453],[22.399883884463346,65.70102494193922],[22.400543226950614,65.70027103692013],[22.401407074072957,65.70022890443363],[22.40249826191574,65.69945392362011],[22.404174736904633,65.69919168956731],[22.404885066084944,65.6986157099639],[22.414942913621662,65.69704188040323],[22.416011544211656,65.69771141912308],[22.41568213585021,65.69808840293508],[22.414818388101526,65.69813061553374],[22.414972064193826,65.69866443044033],[22.412863849829836,65.69894788233918]],[[22.41537476960938,65.69702077453898],[22.415806624821478,65.69699966745588],[22.41585785350549,65.69717760541003],[22.41537476960938,65.69702077453898]],[[22.415300612449972,65.71957963409425],[22.41486837992471,65.71960074343589],[22.414817104599056,65.71942280560808],[22.415300612449972,65.71957963409425]],[[22.413607881536265,65.78823030668237],[22.413556450770702,65.7880523699537],[22.41398983136125,65.7880312531559],[22.413607881536265,65.78823030668237]],[[22.413593528929333,65.79274207346259],[22.41364497119683,65.79292001006648],[22.413211508107885,65.79294112668383],[22.413593528929333,65.79274207346259]],[[22.41336583077972,65.79347493686984],[22.413417273233815,65.79365287354864],[22.412983797601452,65.79367398964038],[22.41336583077972,65.79347493686984]],[[22.41288091935597,65.79331811590849],[22.412932358087854,65.79349605278692],[22.412498884614273,65.79351716747956],[22.41288091935597,65.79331811590849]],[[22.41168336601418,65.79373733056919],[22.4117347974878,65.79391526792172],[22.411301315788187,65.79393637929049],[22.41168336601418,65.79373733056919]],[[22.394279926022,65.60061523263968],[22.39341937350415,65.60065729223746],[22.393317681817948,65.60030139364862],[22.395973523211822,65.59890852887754],[22.396200323192538,65.59817570011715],[22.392985319430807,65.59761112483265],[22.39257865225722,65.59618752791128],[22.393286553721303,65.5956116263178],[22.394526289368567,65.59537058977133],[22.394753105207254,65.5946377630162],[22.398065163161025,65.59249100955005],[22.401025227888468,65.59216575072529],[22.402038141434463,65.59265748894417],[22.403758680804675,65.59257327263366],[22.40515089265021,65.5928659871546],[22.4054054445321,65.59375571044869],[22.404216796134026,65.59417477923814],[22.404369515063514,65.59470861432766],[22.405609099859497,65.59446748863853],[22.40700143444082,65.59476018494352],[22.407737184983127,65.59580678039158],[22.406876817716498,65.59584891453737],[22.406548483274207,65.59622586799442],[22.407510728626708,65.59653962299423],[22.407386129079168,65.59762835283489],[22.410222166421217,65.59839163846536],[22.408552212584276,65.59865387493514],[22.408427651779355,65.5997426052456],[22.40610081268002,65.60075872977669],[22.406253616871652,65.60129256211901],[22.405393065311685,65.60133468967155],[22.40425499992085,65.6019317066167],[22.404356848903536,65.60228759630488],[22.40283933037267,65.60308360759902],[22.401978712904945,65.60312571642457],[22.401321719250184,65.60387960462063],[22.4000307479554,65.60394275355209],[22.399928950338676,65.6035868604502],[22.395574851933205,65.60361932621662],[22.394409041100293,65.60259370161634],[22.394279926022,65.60061523263968]],[[22.408918930530547,65.82220128744363],[22.409352890305072,65.82218017822345],[22.409404373958726,65.8223581158519],[22.408918930530547,65.82220128744363]],[[22.409404373958726,65.8223581158519],[22.409889823282576,65.82251494265955],[22.40945585839563,65.8225360534554],[22.409404373958726,65.8223581158519]],[[22.409379649884603,65.62134862794342],[22.409430654938507,65.6215265702733],[22.409000047746208,65.62154764695937],[22.409379649884603,65.62134862794342]],[[22.408087834691155,65.62141185383739],[22.40841644431913,65.62103489432612],[22.40894904559013,65.62136970445606],[22.408087834691155,65.62141185383739]],[[22.408764493112177,65.82166747388415],[22.408867450607918,65.82202334961543],[22.40843349299799,65.82204445743476],[22.408764493112177,65.82166747388415]],[[22.407821295081092,65.71795989092946],[22.40825350711581,65.7179388018055],[22.40830473376929,65.71811674232029],[22.407821295081092,65.71795989092946]],[[22.40830473376929,65.71811674232029],[22.40878817830102,65.71827359211798],[22.408355961199042,65.71829468281021],[22.40830473376929,65.71811674232029]],[[22.40854083342292,65.60623284445737],[22.40874469235472,65.606944616407],[22.40760646690954,65.60754166009399],[22.404746631011168,65.60822295291801],[22.404061553884613,65.60735429038773],[22.405579276453594,65.6065582648405],[22.40854083342292,65.60623284445737]],[[22.40858792627197,65.82257827136887],[22.40863940559632,65.82275620929697],[22.408205435411734,65.82277731658937],[22.40858792627197,65.82257827136887]],[[22.40735969894236,65.82137491573572],[22.40779364632762,65.82135381106752],[22.40784511722236,65.82153174934507],[22.40735969894236,65.82137491573572]],[[22.40784511722236,65.82153174934507],[22.408330541397717,65.82168858135394],[22.40789658890016,65.82170968759769],[22.40784511722236,65.82153174934507]],[[22.40534431224621,65.82201423858928],[22.4057782723893,65.82199313952711],[22.40582973089411,65.82217107860352],[22.40534431224621,65.82201423858928]],[[22.40582973089411,65.82217107860352],[22.40761704650797,65.8222646077478],[22.408153959035346,65.82259937848647],[22.407337492693134,65.82281952749584],[22.40582973089411,65.82217107860352]],[[22.407109398119527,65.82355238536923],[22.407160869567317,65.8237303238717],[22.406726881509627,65.82375142713342],[22.407109398119527,65.82355238536923]],[[22.40709788148099,65.59204889392855],[22.40666775971358,65.59206995918365],[22.406616843148946,65.59189201504427],[22.40709788148099,65.59204889392855]],[[22.406208998243123,65.79761266460841],[22.40518771223726,65.79712103640405],[22.406973279112414,65.79721458997575],[22.40707609450563,65.79757046829829],[22.406208998243123,65.79761266460841]],[[22.406265745478557,65.5937135853125],[22.40583559538929,65.59373464848713],[22.405784680586102,65.59355670405101],[22.406265745478557,65.5937135853125]],[[22.406189962349252,65.8234166514401],[22.406241427117557,65.82359459031701],[22.40580744044202,65.82361569095166],[22.406189962349252,65.8234166514401]],[[22.40442636222498,65.78687298574738],[22.404477727180456,65.78705092619154],[22.40404435370351,65.78707201588728],[22.40442636222498,65.78687298574738]],[[22.40302246474942,65.66622773248815],[22.40264217426194,65.66642674237438],[22.402540045266306,65.6660708543199],[22.40302246474942,65.66622773248815]],[[22.399573451933076,65.78223722857511],[22.398655542548095,65.78210143451014],[22.399522132325615,65.78205928603914],[22.399573451933076,65.78223722857511]],[[22.399852783292967,65.78168232516998],[22.400719356641346,65.78164017005332],[22.40038871898485,65.78201713267285],[22.399522132325615,65.78205928603914],[22.399852783292967,65.78168232516998]],[[22.397207311960273,65.78469799459032],[22.39628932570019,65.78456218702502],[22.394863723107274,65.78571411056788],[22.392212270836932,65.78566252028956],[22.39195589350807,65.78477279292207],[22.392948251361414,65.78364195347945],[22.394527688973955,65.78302388179304],[22.39442511637797,65.78266799266352],[22.395343025279523,65.7828038122015],[22.39870685627953,65.78227937739467],[22.399345428969525,65.78297007418917],[22.398427494340492,65.78283427899599],[22.398404695361883,65.78427889524197],[22.397207311960273,65.78469799459032]],[[22.399291449461174,65.820864881755],[22.399342860436665,65.82104282347571],[22.39890890997369,65.82106390415055],[22.399291449461174,65.820864881755]],[[22.383696616048315,65.82324557634549],[22.383594000546196,65.82288968037244],[22.38446199232941,65.82284760398738],[22.383696616048315,65.82324557634549]],[[22.382418213251313,65.82186406124741],[22.381167556048517,65.82210510515402],[22.38101369458484,65.82157125802358],[22.381932939267667,65.82170714540774],[22.381779064795438,65.8211732991734],[22.38330973445866,65.82037737064128],[22.383538487168984,65.81964454203462],[22.385656874458874,65.81936139804255],[22.385554250467795,65.81900550346616],[22.389025659860014,65.81883712910808],[22.39004752998591,65.81932885985742],[22.39188595627323,65.8196005209011],[22.396173862752665,65.81921191731841],[22.397578415662355,65.8195045807269],[22.397681208197692,65.81986046558896],[22.399034406315153,65.819975172778],[22.39837214935081,65.82072909943484],[22.393318853287678,65.82151578548927],[22.389795769656097,65.82150631509619],[22.388596541231696,65.82192536460819],[22.38686063295112,65.82200955873412],[22.386095318764387,65.82240754252075],[22.3866832861254,65.82292033834456],[22.38446199232941,65.82284760398738],[22.382418213251313,65.82186406124741]],[[22.39880609470034,65.82070802033515],[22.398857501945976,65.82088596225529],[22.3984235536487,65.82090704152952],[22.39880609470034,65.82070802033515]],[[22.39434580504925,65.83878798673132],[22.395802852541365,65.83925859942391],[22.395882907231233,65.84105910062509],[22.394351437788746,65.84185516287641],[22.392179898052817,65.84196050014786],[22.390774160000806,65.84166779847186],[22.390311577062707,65.84006629534004],[22.39092314237387,65.83913445222858],[22.39434580504925,65.83878798673132]],[[22.392799891616026,65.81666916338834],[22.393233774046852,65.81664810073518],[22.39328513306019,65.81682604499717],[22.392799891616026,65.81666916338834]],[[22.39328513306019,65.81682604499717],[22.39377038039812,65.81698292500653],[22.393336492854765,65.81700398923431],[22.39328513306019,65.81682604499717]],[[22.393714993926054,65.76953060260456],[22.393766243551383,65.76970854777576],[22.393333150714035,65.76972960431259],[22.393714993926054,65.76953060260456]],[[22.392287032911128,65.85909689444928],[22.390114026683097,65.85920221643045],[22.39164663549547,65.85840618575025],[22.392515810407403,65.85836405221353],[22.392287032911128,65.85909689444928]],[[22.390790530794295,65.77310104960674],[22.38867598292732,65.77338422781159],[22.38928616147273,65.77245240451705],[22.391018726772057,65.77236821510628],[22.390790530794295,65.77310104960674]],[[22.384852402168907,65.84556355151577],[22.3825264404818,65.84513491354663],[22.38237238531344,65.84460106967232],[22.383138400648225,65.84420309783148],[22.386127502879408,65.84387784737591],[22.386230254023864,65.84423374032728],[22.38952770872428,65.84497610083073],[22.390144576427947,65.84711144030454],[22.387052375844025,65.84708088035987],[22.384852402168907,65.84556355151577]],[[22.388889956171226,65.78023039058627],[22.389425720086688,65.78056523828363],[22.38769259813928,65.780649414971],[22.387538898853247,65.78011557281013],[22.39003602667087,65.77963341075962],[22.389756502280097,65.78018829804358],[22.388889956171226,65.78023039058627]],[[22.372738662824403,65.72706515098362],[22.373171061342727,65.7270441597001],[22.373222068353517,65.72722211413722],[22.372738662824403,65.72706515098362]],[[22.374366223006977,65.72662527061617],[22.374162173784956,65.72591345450341],[22.378002510138046,65.72554650188486],[22.378765162583203,65.72514858434427],[22.37823072739573,65.72481368627342],[22.37952779163389,65.72475066320955],[22.380113291813,65.7252635082893],[22.380978013434092,65.72522148332772],[22.381308256777523,65.72484456660877],[22.38395343864159,65.7248964073603],[22.383725383849896,65.72562922996856],[22.385863559640576,65.72696872956736],[22.384896614885754,65.72665488332834],[22.384031853011482,65.72669693094522],[22.384134015593244,65.72705283107287],[22.381921001056167,65.72697997956789],[22.381362601336658,65.72808971766752],[22.380014318738365,65.72797480628086],[22.379251604862358,65.728372730676],[22.37945581750156,65.72908453837037],[22.378107490171562,65.72896961052864],[22.37647985045281,65.7294095316719],[22.375029468438978,65.72893867025478],[22.373299750298713,65.72902265034124],[22.373222068353517,65.72722211413722],[22.374366223006977,65.72662527061617]],[[22.38502247286049,65.72556615983653],[22.385073557891264,65.72574410954041],[22.384641192737774,65.72576513431206],[22.38502247286049,65.72556615983653]],[[22.381331669794427,65.74631496119797],[22.38138277876835,65.74649291190082],[22.38095006289771,65.7465139295953],[22.381331669794427,65.74631496119797]],[[22.37957366186116,65.74477644796796],[22.380108543039714,65.74511133697413],[22.38097392868579,65.74506930558508],[22.380847851584267,65.74615802781753],[22.37911700378548,65.74624208498739],[22.37878647191555,65.74661899973891],[22.377921030096623,65.74666101924285],[22.377641560496663,65.74721588380939],[22.37509622718244,65.74751986199378],[22.374789830036327,65.74645214237766],[22.37957366186116,65.74477644796796]],[[22.37885173442322,65.68111899986168],[22.379079607662298,65.68038618626936],[22.380374446091867,65.68032317769503],[22.37971498566163,65.68107699641472],[22.37885173442322,65.68111899986168]],[[22.37012612503744,65.83725468440433],[22.371863127352274,65.83717067006974],[22.37255370082326,65.83803942421729],[22.370101859888166,65.83869931025464],[22.3682622695755,65.83842739803592],[22.37012612503744,65.83725468440433]],[[22.37244701036396,65.67096555503394],[22.372497879600164,65.67114351107897],[22.372066412660235,65.6711644913685],[22.37244701036396,65.67096555503394]],[[22.369910015919274,65.7921573506203],[22.370343508342714,65.79213635678836],[22.37039465071897,65.7923143108362],[22.369910015919274,65.7921573506203]],[[22.368969750100987,65.79653321674856],[22.36940331701567,65.79651222487153],[22.369454463338503,65.79669017919466],[22.368969750100987,65.79653321674856]],[[22.369454463338503,65.79669017919466],[22.36993918246095,65.79684714004385],[22.369505610438786,65.79686813349313],[22.369454463338503,65.79669017919466]],[[22.355772499910163,65.65698059388775],[22.35782725652573,65.65651999788058],[22.360110171075256,65.6553265861296],[22.36350910145072,65.65498104103479],[22.36201294242713,65.65739927942502],[22.359780692713805,65.6587706820748],[22.356330482602615,65.65893818629318],[22.354884481026193,65.65846709019738],[22.35468161159472,65.65775523639313],[22.355772499910163,65.65698059388775]],[[22.362083296311308,65.734257857124],[22.36213424414036,65.73443581584569],[22.3617017112465,65.73445677707834],[22.362083296311308,65.734257857124]],[[22.36093069138219,65.83896211008195],[22.360981880518555,65.83914006681407],[22.360547587210508,65.83916104172118],[22.36093069138219,65.83896211008195]],[[22.360709740875677,65.73558740941557],[22.360811624704397,65.73594332787447],[22.36037906530201,65.73596428560637],[22.360709740875677,65.73558740941557]],[[22.360211115820672,65.830336280053],[22.360262279372748,65.8305142372756],[22.359828130891966,65.83053520875085],[22.360211115820672,65.830336280053]],[[22.35972462346363,65.76125582376926],[22.360157607078182,65.76123486379231],[22.360259605037037,65.7615907814916],[22.35972462346363,65.76125582376926]],[[22.358043665187658,65.76151761117603],[22.359877612761487,65.76178970080097],[22.358196621600204,65.76205149021261],[22.358043665187658,65.76151761117603]],[[22.35975067889147,65.82873466393876],[22.359801835435864,65.82891262138355],[22.35893359081452,65.8289545599806],[22.35975067889147,65.82873466393876]],[[22.359576638483333,65.8388470733218],[22.35962781798031,65.83902503059994],[22.359193525287864,65.83904600165124],[22.359576638483333,65.8388470733218]],[[22.358648819967645,65.73604810431938],[22.358750677610942,65.73640402441058],[22.358318108491137,65.7364249763813],[22.358648819967645,65.73604810431938]],[[22.357783470479585,65.82648411367128],[22.357834608053388,65.82666207195797],[22.357400522154524,65.82668303593209],[22.357783470479585,65.82648411367128]],[[22.357354018046014,65.8387739572646],[22.357405181996928,65.83895191543611],[22.35697088836254,65.83897288017693],[22.357354018046014,65.8387739572646]],[[22.356997051397826,65.84059546925006],[22.356945886343144,65.84041751095326],[22.35738020438556,65.84039654605013],[22.356997051397826,65.84059546925006]],[[22.355591772127703,65.84030243945539],[22.356026089553232,65.84028147840827],[22.356077247921267,65.84045943707719],[22.355591772127703,65.84030243945539]],[[22.350429959063376,65.83153015430393],[22.35168137324148,65.83128935498986],[22.35221776281031,65.83162432734893],[22.35096633776281,65.83186513116223],[22.350429959063376,65.83153015430393]],[[22.35196221765095,65.83073452498793],[22.353647732634112,65.83047276090367],[22.352983878421657,65.83122650577486],[22.35168137324148,65.83128935498986],[22.35196221765095,65.83073452498793]],[[22.353433048141053,65.71013898459168],[22.353483879367936,65.71031694734937],[22.353051741078584,65.7103378801801],[22.353433048141053,65.71013898459168]],[[22.353034994134727,65.83140446587532],[22.35308611062582,65.83158242595111],[22.352651937107062,65.8316033772635],[22.353034994134727,65.83140446587532]],[[22.350836093203892,65.75013861869071],[22.351268899187797,65.75011768568662],[22.35131981016305,65.7502956483739],[22.350836093203892,65.75013861869071]],[[22.35131981016305,65.7502956483739],[22.3525673125043,65.75005487934055],[22.35266915281511,65.75041080365253],[22.351854448436562,65.75063063892935],[22.35131981016305,65.7502956483739]],[[22.349975943636533,65.71030641169463],[22.350306465148645,65.7099295595697],[22.352517952020573,65.71000288555987],[22.350941852549987,65.71062048980276],[22.349975943636533,65.71030641169463]],[[22.345807189980846,65.83229435736803],[22.34550079445119,65.83122657914451],[22.346420211863954,65.83136267869573],[22.346267004549773,65.83082879036591],[22.34795258731277,65.83056708849584],[22.34736520134977,65.83005413803282],[22.348233505687702,65.83001226464354],[22.34856549316843,65.82963540231638],[22.349484868311173,65.82977148382105],[22.349331608818854,65.82923759906271],[22.351119249138605,65.82933178653136],[22.351451185670513,65.82895491841742],[22.35231944494453,65.8289130222257],[22.35165558912931,65.82966676134137],[22.350889497725777,65.83006457602198],[22.34997010503395,65.82992850314223],[22.34968922518675,65.83048332982064],[22.348769823322545,65.83034724980222],[22.348923079101983,65.83088113515795],[22.348054746803527,65.8309230127355],[22.345807189980846,65.83229435736803]],[[22.35223828542263,65.71055770543289],[22.35228910942566,65.71073566865974],[22.351424815771008,65.71077752647184],[22.35223828542263,65.71055770543289]],[[22.35193111559333,65.74016226811173],[22.35203290025151,65.74051819339776],[22.351600255739413,65.74053912701197],[22.351065837512564,65.74020413342673],[22.35193111559333,65.74016226811173]],[[22.34862017052801,65.6533582654846],[22.347098003242802,65.65415376417434],[22.345804373405542,65.65421647746213],[22.34565243698181,65.65368257592958],[22.347605809943282,65.65286618467415],[22.34862017052801,65.6533582654846]],[[22.346650100743943,65.83062989461942],[22.346599031019483,65.8304519319424],[22.347033191034864,65.83043099796821],[22.346650100743943,65.83062989461942]],[[22.345018112150203,65.71289187527229],[22.345068892028095,65.71306984133713],[22.344636699590463,65.71309075078965],[22.345018112150203,65.71289187527229]],[[22.34227268109895,65.71248341120065],[22.34130680352255,65.71216927775134],[22.343950643909338,65.71222182672683],[22.34227268109895,65.71248341120065]],[[22.3443320493969,65.71202295299739],[22.344382822505775,65.71220091935739],[22.343950643909338,65.71222182672683],[22.3443320493969,65.71202295299739]],[[22.314732058317617,65.76974150707932],[22.314782763962175,65.76991948391422],[22.314349590512116,65.76994031677233],[22.314732058317617,65.76974150707932]]],[[[22.359001624798367,65.6898277464917],[22.360317760672466,65.68977794430536],[22.360347542807755,65.68976239354285],[22.359001624798367,65.6898277464917]]],[[[22.34123892409199,65.83502623015048],[22.34039183789933,65.83490082490182],[22.340136662501894,65.83401099924217],[22.339906562314,65.83474377551947],[22.33900336897099,65.83513393317321],[22.34123892409199,65.83502623015048]]],[[[22.36118704888327,65.59950845406648],[22.3611211147545,65.60060842517156],[22.359172017676848,65.60142494839613],[22.359323863657522,65.60195883735963],[22.357855564737292,65.60293237496798],[22.358058005698457,65.60364422884096],[22.35620978958799,65.60481664415794],[22.35301844128535,65.60553329041275],[22.353608807043614,65.60760982166975],[22.3550447948972,65.60685794205365],[22.357526051981644,65.60637646680986],[22.357449945285264,65.60764313977677],[22.356259877283165,65.6080618463803],[22.3563610984719,65.6084177744043],[22.353872890968592,65.6085387009569],[22.355753678215912,65.61515411428698],[22.358183602474693,65.61482446208207],[22.35853809327897,65.61607020322091],[22.360260351202243,65.6159864637744],[22.360792232717703,65.6163214499725],[22.36046298056279,65.61669831255821],[22.35825945429143,65.61662502425456],[22.35808209158323,65.61753577110039],[22.36238796058136,65.61732639655474],[22.363147768097008,65.61692858499025],[22.364870064972532,65.61684479282142],[22.365199254255266,65.61646792128954],[22.366541649016227,65.61658302152102],[22.366440250137167,65.61622710205339],[22.369935435349987,65.61623738304925],[22.3704674452425,65.61657233405361],[22.369606318237963,65.61661426414811],[22.36975449670791,65.61713413714303],[22.378028869999998,65.61673139999999],[22.376820045536057,65.61249347480741],[22.37639179450669,65.61285556191052],[22.37327683207629,65.61264649491886],[22.373378307691763,65.61300240906095],[22.370314065435334,65.61297123843961],[22.369984992590727,65.61334811992647],[22.369123971419917,65.61339004624003],[22.36580624643058,65.61246898991546],[22.366894970321823,65.61169428869697],[22.368566203644605,65.61143249853586],[22.370034557351037,65.61045885669596],[22.36929986791301,65.60941206795054],[22.3701348332711,65.60774755184383],[22.369400222920678,65.60670076279871],[22.370539308361437,65.60610399749767],[22.369272975442303,65.60472225423996],[22.36745014094258,65.60445016911777],[22.366311053526918,65.60504691123444],[22.365146319379903,65.60402105110511],[22.367778325373997,65.6010060688305],[22.36896788520048,65.60058727684692],[22.369717081471062,65.59909333499635],[22.36118704888327,65.59950845406648]],[[22.37259413897786,65.61484489975047],[22.370390746409544,65.61477178635735],[22.37028930336104,65.61441586989707],[22.373733496471974,65.61424810778388],[22.37259413897786,65.61484489975047]],[[22.3627171919653,65.61694952999578],[22.362666517458454,65.61677156874728],[22.36309709069224,65.61675062391411],[22.3627171919653,65.61694952999578]]],[[[22.35866193955655,65.59963134000216],[22.356944731600493,65.59972902769015],[22.358665914045382,65.59964531692535],[22.35866193955655,65.59963134000216]]],[[[22.359092590616605,65.84175730409956],[22.357687224123318,65.84146429441824],[22.35789191953173,65.84217612616993],[22.358862976556033,65.84249010423915],[22.359680489686795,65.84227020451402],[22.359092590616605,65.84175730409956]]],[[[22.356252641814418,65.83034701878987],[22.35663565223552,65.83014809881546],[22.3562015063805,65.83016905995486],[22.356252641814418,65.83034701878987]]],[[[22.34051985316458,65.83381211797531],[22.341005114453246,65.83396916554602],[22.340954075799193,65.83379120068693],[22.34051985316458,65.83381211797531]]],[[[22.56031131718178,65.77595640199473],[22.561177379651657,65.77591333999622],[22.56112496113419,65.77573546321229],[22.56031131718178,65.77595640199473]]],[[[22.483994972897754,65.62417410006343],[22.484098018751308,65.62452992398076],[22.484528601563422,65.62450863438255],[22.483994972897754,65.62417410006343]]],[[[22.40065134380085,65.78597401608454],[22.401136041867257,65.78613087799236],[22.401084702165978,65.78595293617802],[22.40065134380085,65.78597401608454]]],[[[22.42109977520038,65.7867824120235],[22.42153312702474,65.78676127406726],[22.421481645112145,65.78658334050901],[22.42109977520038,65.7867824120235]]],[[[22.42055032198367,65.79095943665571],[22.42011689864881,65.79098057251284],[22.420168381699963,65.79115850652025],[22.42055032198367,65.79095943665571]]],[[[22.412103521271025,65.81952015048562],[22.411669609026706,65.81954126706614],[22.411721102346583,65.81971920382036],[22.412103521271025,65.81952015048562]]],[[[22.393700204996705,65.65964574260187],[22.39413145928906,65.6596247029688],[22.394080468896345,65.65944675536124],[22.393700204996705,65.65964574260187]]],[[[22.366083555888146,65.69003937302375],[22.365651768072556,65.69006033823135],[22.365702635790893,65.69023829655782],[22.366083555888146,65.69003937302375]]],[[[22.36031803383443,65.83989384347262],[22.36042040886607,65.84024975736024],[22.36128903170391,65.8402078066878],[22.361186644857785,65.83985189349536],[22.36031803383443,65.83989384347262]]],[[[22.36162094920035,65.83983091666569],[22.361135452603882,65.83967393686211],[22.361186644857785,65.83985189349536],[22.36162094920035,65.83983091666569]]],[[[22.361264275608423,65.84165243580965],[22.360829940168998,65.84167341192261],[22.360881135089492,65.84185136863177],[22.361264275608423,65.84165243580965]]],[[[22.35801541951818,65.83188575488631],[22.359317936284388,65.83182285153545],[22.359266776135556,65.83164489396455],[22.35801541951818,65.83188575488631]]],[[[22.358091529182545,65.83061908238334],[22.357657376808827,65.83064004772429],[22.357708523431807,65.83081800596432],[22.358091529182545,65.83061908238334]]],[[[22.35753009736312,65.83172876195042],[22.357964268224116,65.83170779679435],[22.357913117708602,65.83152983867768],[22.35753009736312,65.83172876195042]]],[[[22.357606230964308,65.83046208945954],[22.35717208076346,65.83048305339994],[22.357223223656664,65.83066101183836],[22.357606230964308,65.83046208945954]]],[[[22.355256966548065,65.83147765098484],[22.35747894979919,65.8315508036601],[22.356406052785978,65.83088089514685],[22.35510357513508,65.83094377328729],[22.355256966548065,65.83147765098484]]],[[[22.357120938648656,65.8303050949369],[22.356686790620703,65.8303260574768],[22.356737929784217,65.83050401611351],[22.357120938648656,65.8303050949369]]],[[[22.35083698998832,65.73786968237744],[22.350404388632736,65.73789061217646],[22.35045526468559,65.73806857549694],[22.35083698998832,65.73786968237744]]],[[[22.34828458566351,65.83019022667612],[22.348718739617787,65.83016928796768],[22.34866765669053,65.82999132610857],[22.34828458566351,65.83019022667612]]],[[[22.34800366666941,65.83074505062798],[22.347569502305596,65.83076598740291],[22.34762057948805,65.83094394968384],[22.34800366666941,65.83074505062798]]],[[[22.34843783025578,65.83072411262611],[22.34838674794754,65.83054615066744],[22.34800366666941,65.83074505062798],[22.34843783025578,65.83072411262611]]],[[[22.347186411395143,65.83096488540522],[22.34723748640334,65.83114284783503],[22.34767165744796,65.83112191194022],[22.347186411395143,65.83096488540522]]]]}},{"type":"Feature","properties":{"cyano_daymap_file_id":4185,"date":"2018-08-31Z","cloud":null,"sub_surfac":null,"surface":null,"no_data":null,"class":1,"color_hex":null,"algae_class":"class_1","source_date":"2018-08-31"},"geometry":{"type":"MultiPolygon","coordinates":[[[[22.73862562,65.50844987],[22.746581579999994,65.53512092999999],[22.768022819999995,65.53401863],[22.757390220000005,65.49845889],[22.778800839999995,65.49735538],[22.77690335728167,65.49101478163102],[22.774388693424793,65.49145857582725],[22.774495058126014,65.49181416446449],[22.77363852537282,65.4918583528976],[22.773316608548004,65.49223603492132],[22.770693793404504,65.49219077033537],[22.773747724768842,65.49076949196585],[22.77358820185532,65.49023610794596],[22.77439150315924,65.49001412599326],[22.774660199919694,65.4894586478594],[22.77631354605608,65.48904387772825],[22.776140529999996,65.48846573],[22.797542010000004,65.48735966],[22.79487657,65.47847040000002],[22.816268909999998,65.47736176999999],[22.81359834,65.46847289],[22.77082591,65.47068623000001],[22.773482229999995,65.47957601],[22.756282975690727,65.48046233307178],[22.755620692656237,65.48394063097795],[22.75427925088453,65.48527340600073],[22.75350202325553,65.48542734052124],[22.75473706,65.48956879],[22.74359050518979,65.49014161843506],[22.74318564172991,65.49035717505461],[22.74398472141772,65.49157981877636],[22.741732712404538,65.49277870148245],[22.741944569799927,65.49348993376205],[22.74114087646681,65.49371174724507],[22.740871423491182,65.49426717364882],[22.738782660176263,65.49455497224982],[22.738248426157885,65.49422134759895],[22.73696339682442,65.49428732252221],[22.73680459834619,65.49375389210498],[22.73589499978182,65.49362005772298],[22.733859140789228,65.49408559901829],[22.732521201311826,65.49397372470736],[22.736756555427203,65.49213161114777],[22.735688255291105,65.49146434388622],[22.735831252956036,65.49054037126855],[22.7333316,65.49066883],[22.732701082299567,65.48854870576668],[22.73163233037451,65.4880619699687],[22.729543950290605,65.48834963678291],[22.727942034292155,65.48734865099594],[22.724997172154705,65.48768017884464],[22.724727428059666,65.48823557944826],[22.72387091124916,65.48827948548912],[22.72451609025102,65.48752431764393],[22.72151834754579,65.48767796264863],[22.72071465003097,65.48789966747613],[22.72082026749351,65.48825530161386],[22.71910721356456,65.48834306473633],[22.718790439279402,65.48727615769369],[22.717933941851044,65.48732002986286],[22.718309400879217,65.48712027626871],[22.717670013651396,65.48643093813793],[22.719547200002783,65.4854321652678],[22.719336030404225,65.48472089447726],[22.71789306706052,65.48425324924335],[22.715376619845507,65.4845626523918],[22.714309179476572,65.48389522501637],[22.71259638468239,65.48398291157572],[22.711693552933056,65.48240444209588],[22.714321507909883,65.48100625872024],[22.71678486452169,65.48051905768219],[22.71710747288338,65.48014148907458],[22.71801650761133,65.48027544246375],[22.718339095186344,65.4798978714437],[22.719570694011946,65.47965424401389],[22.71898424319018,65.47914272762527],[22.718990161284893,65.47769824693134],[22.717389322382868,65.47669713805897],[22.717711878013304,65.47631956872826],[22.716427665316164,65.47638536039238],[22.715788607641336,65.47569601092398],[22.71503796273211,65.47609550173665],[22.714076355470855,65.47578370857396],[22.712574984453827,65.47658267029374],[22.710434578483316,65.4766922447161],[22.710704523971113,65.47613686761227],[22.708992222377788,65.47622450812148],[22.709203027991727,65.47693579711256],[22.710111912306978,65.47706979965696],[22.710217332863422,65.47742544322419],[22.711929708078607,65.4773377880483],[22.710052788035433,65.4783364633584],[22.70919656553699,65.47838028309633],[22.70930198003225,65.47873592737099],[22.71021092810065,65.47886992865453],[22.709407397691464,65.47909157154028],[22.707934392364038,65.47830800492657],[22.70928726,65.48287479],[22.692836609251668,65.48371535905338],[22.692793112189907,65.48463426248524],[22.69413042067999,65.48474649521704],[22.693807423774725,65.48512401879049],[22.692950946273374,65.48516774907189],[22.693484417806506,65.4855015417692],[22.69177143361638,65.48558899411613],[22.6911253424352,65.48634403150523],[22.69026881957128,65.48638774705013],[22.685865575008222,65.48913958535768],[22.685008949977213,65.4891832721398],[22.68313015348661,65.49018163241222],[22.683663607848814,65.49051545999131],[22.682806933308733,65.49055913480179],[22.682536259845456,65.49111446965536],[22.68173211426491,65.4913359716918],[22.682528363842522,65.49255896954675],[22.681619066548404,65.49242480525398],[22.681243246995948,65.49262447137787],[22.681776729474254,65.49295830533543],[22.680919971099996,65.49300197031869],[22.680325939686945,65.49393480033093],[22.679093288369245,65.49417811862837],[22.678980125149746,65.49526695144638],[22.676995606943215,65.49590957319538],[22.67522935603968,65.49581901033679],[22.67495847246241,65.49637433382226],[22.674101588401857,65.49641796144428],[22.675002693723325,65.49799667363358],[22.674469189548144,65.497662815965],[22.67280783799467,65.49792789870128],[22.673454731359342,65.49717293126615],[22.672492812875387,65.4968608764874],[22.670007870094153,65.49698733804719],[22.671677660168825,65.50264233931908],[22.67321114570635,65.50223960271599],[22.67488105684481,65.50053000902312],[22.67691851313532,65.50006524607342],[22.676332406013913,65.49955356044019],[22.677941277273096,65.49911060350527],[22.67858804789859,65.49835561536173],[22.681534752358466,65.49802497322855],[22.68142962163698,65.49766930657033],[22.682286531931247,65.4976256371126],[22.683361582252417,65.49684879382214],[22.684970165349903,65.49640576505462],[22.688397593326528,65.49623097996523],[22.688292377964245,65.4958753189719],[22.68979558307836,65.49507657946226],[22.6906523915136,65.49503286361858],[22.69099754429566,65.49449051671992],[22.690514719999996,65.49285987999998],[22.711924149999998,65.49176585999999],[22.71265239486271,65.49421856704774],[22.713943352075,65.49438417106443],[22.714530066201462,65.49489570435786],[22.71335048187062,65.49531711870522],[22.713254959842732,65.49624798798688],[22.717203869999995,65.50954779999999],[22.73862562,65.50844987]],[[22.712246057270697,65.4784047138114],[22.712028851382595,65.47913791452278],[22.710052788035433,65.4783364633584],[22.712246057270697,65.4784047138114]],[[22.672912852676397,65.49828357256334],[22.67237936873215,65.49794970730434],[22.67280783799467,65.49792789870128],[22.672912852676397,65.49828357256334]],[[22.788918144895295,65.4746399998396],[22.78806220369119,65.47468426380134],[22.788008970834444,65.4745064748457],[22.78881166856915,65.4742844226261],[22.788918144895295,65.4746399998396]],[[22.732415396811895,65.49361810069536],[22.7315587193008,65.49366205202087],[22.731505823960223,65.49348423961513],[22.732415396811895,65.49361810069536]],[[22.72242766840274,65.4878118864953],[22.72248048816922,65.48798970285843],[22.721623974854403,65.48803359612032],[22.72242766840274,65.4878118864953]],[[22.718714447663093,65.47969811797465],[22.71828632329977,65.4797200531467],[22.718233552205138,65.4795422348233],[22.718714447663093,65.47969811797465]],[[22.715175670339484,65.49414057191845],[22.71474730593932,65.49416249957225],[22.714694523697204,65.49398468010133],[22.715175670339484,65.49414057191845]],[[22.71127805191259,65.47953738827518],[22.710849922650326,65.47955930241395],[22.710797202483565,65.47938148095972],[22.71127805191259,65.47953738827518]],[[22.71069176452358,65.47902583797229],[22.710744483107995,65.47920365947918],[22.710316358766228,65.47922557205352],[22.71069176452358,65.47902583797229]],[[22.70919010721689,65.47982476905837],[22.709618242502305,65.47980285956265],[22.709670955682693,65.47998068150235],[22.70919010721689,65.47982476905837]],[[22.709670955682693,65.47998068150235],[22.710151809860523,65.48013659235556],[22.709723669654203,65.48015850341574],[22.709670955682693,65.47998068150235]],[[22.70913739768384,65.47964694691295],[22.708709264463057,65.47966885502365],[22.708656558577268,65.47949103267246],[22.70913739768384,65.47964694691295]],[[22.699427106259282,65.48501748049877],[22.700388891175855,65.48532936512886],[22.700546885236715,65.48586284210616],[22.69862329448398,65.48523906894928],[22.696910348242973,65.48532657918555],[22.699427106259282,65.48501748049877]],[[22.69920250637547,65.48719515821698],[22.698774239562265,65.48721703955619],[22.698721582841745,65.4870392132114],[22.69920250637547,65.48719515821698]],[[22.69623583435504,65.49185960772401],[22.69752086820195,65.49179397921606],[22.697573528324124,65.49197180595239],[22.69623583435504,65.49185960772401]],[[22.697573528324124,65.49197180595239],[22.69805453798921,65.49212775372199],[22.697626189237003,65.49214963266246],[22.697573528324124,65.49197180595239]],[[22.694950793387896,65.49192522537456],[22.695003436352692,65.49210305318594],[22.69457508492194,65.49212492350249],[22.694950793387896,65.49192522537456]],[[22.695003436352692,65.49210305318594],[22.696341138232736,65.49221526224558],[22.695108724653664,65.49245870872998],[22.695003436352692,65.49210305318594]],[[22.695807488157072,65.49188148148056],[22.69575484026358,65.49170365400117],[22.69618318360202,65.49168178042379],[22.695807488157072,65.49188148148056]],[[22.69511592390257,65.49101421547515],[22.69468759041986,65.4910360859232],[22.694634952197347,65.49085825795412],[22.69511592390257,65.49101421547515]],[[22.69501064252918,65.49065855986898],[22.694153986210196,65.49070229884217],[22.694101352427587,65.4905244706414],[22.69501064252918,65.49065855986898]],[[22.694417166977516,65.49159143945192],[22.694845509829534,65.49156956967283],[22.69489815121351,65.49174739753681],[22.694417166977516,65.49159143945192]],[[22.691847093257223,65.49172263279253],[22.692703787660513,65.49167890650455],[22.69275641474663,65.49185673526414],[22.691847093257223,65.49172263279253]],[[22.69275641474663,65.49185673526414],[22.694522444816766,65.49194709551193],[22.692809042622944,65.49203456399748],[22.69275641474663,65.49185673526414]],[[22.694333645888467,65.48690230212408],[22.693905378951012,65.48692416965862],[22.693852756043174,65.48674634126439],[22.694333645888467,65.48690230212408]],[[22.693912661878052,65.48547967566736],[22.693965282114544,65.48565750406642],[22.69353703518492,65.48567937034734],[22.693912661878052,65.48547967566736]],[[22.69136612715239,65.49156666480378],[22.69093778083367,65.49158852475269],[22.69088516676618,65.49141069522427],[22.69136612715239,65.49156666480378]],[[22.68810470966971,65.49083050583629],[22.687676372115895,65.49085235644536],[22.6876237820143,65.49067452553261],[22.68810470966971,65.49083050583629]],[[22.682956734545144,65.49253713319001],[22.68306186111234,65.49289279881157],[22.68263348468947,65.49291463552605],[22.682956734545144,65.49253713319001]],[[22.675107738599202,65.49835234565616],[22.674679264698124,65.49837416082971],[22.67462674472745,65.49819632465278],[22.675107738599202,65.49835234565616]],[[22.67259781809431,65.49721655066332],[22.67216936027809,65.49723835855166],[22.672116860135844,65.49706052129811],[22.67259781809431,65.49721655066332]],[[22.671627425351126,65.49834899582386],[22.67248437769047,65.49830538152374],[22.67253688335251,65.4984832185942],[22.671732426016572,65.49870467065335],[22.671627425351126,65.49834899582386]]],[[[22.746789509999996,65.46289807999999],[22.742465805047956,65.46312022933135],[22.743431392193934,65.46344571748465],[22.743268067310208,65.46435676073533],[22.741556668082993,65.46444476104223],[22.74145088504348,65.46408914325637],[22.740595192073187,65.46413313546252],[22.740489423612935,65.4637775168506],[22.741345105176897,65.46373352536445],[22.742169981888843,65.4631354285454],[22.704019409999994,65.46509245999998],[22.70628478318815,65.4727395292227],[22.707833017638254,65.47231241113663],[22.708372929803293,65.47120166558209],[22.710137600537042,65.4712918574673],[22.709814992064846,65.47166941114757],[22.710453788381265,65.47235878860701],[22.713397135019,65.47202756027313],[22.715214607715616,65.47229551248567],[22.7145167773164,65.47287281960234],[22.71505025918518,65.4732065359567],[22.71804639022282,65.47305303625727],[22.718368894413228,65.4726754660771],[22.720561701302266,65.47274360057963],[22.72216816716988,65.47230019809501],[22.722865811592683,65.47172285756912],[22.724149775972403,65.47165701375421],[22.724472175030947,65.47127943164642],[22.726184090439414,65.47119161963964],[22.726342507097783,65.4717250650826],[22.728376785891538,65.47125964179347],[22.727732093204086,65.47201482089176],[22.728693716707493,65.4723265268903],[22.728852192814056,65.47285996908161],[22.726278638482626,65.47443620361155],[22.72638426590244,65.47479183370038],[22.72761554747122,65.47454814399659],[22.727721193603305,65.47490377295397],[22.726595530251444,65.47550309356072],[22.729216635298073,65.47554914179561],[22.729967043591483,65.47514958298451],[22.72959718499605,65.47390488783398],[22.73200672944069,65.47323963509147],[22.731473033659345,65.47290598091423],[22.732651325407428,65.47248443874517],[22.73329588522485,65.47172924003296],[22.73319017883773,65.47137361562352],[22.732281384678465,65.47123975107195],[22.732925926745228,65.47048455413658],[22.734584896425268,65.47021883551203],[22.735282209802783,65.46964144110731],[22.737316161651005,65.46917590080314],[22.73796050937661,65.46842068443456],[22.73924426587373,65.46835471442478],[22.739455816838092,65.46906595321126],[22.737849851694936,65.4695095343685],[22.738061376051583,65.47022077539863],[22.737041904935484,65.47117578974029],[22.740619574073964,65.47297775895393],[22.740667749387786,65.47460003693101],[22.73997043086329,65.47517745629969],[22.740879400043482,65.4753112727252],[22.740715936834523,65.47622231479576],[22.739268280987844,65.47719934242683],[22.736752784429815,65.47750909173794],[22.736166051560005,65.47699764507297],[22.735309925789206,65.4770416118713],[22.735151287449266,65.47650817814096],[22.73702710036777,65.47550920255755],[22.735314946529076,65.47559714003701],[22.734670356932238,65.47635234771592],[22.733439060637508,65.47659609511479],[22.7331695974667,65.47715150777442],[22.73231346058035,65.47719545769853],[22.732952989795212,65.47788473226055],[22.73600241644967,65.47790868386224],[22.737392437993385,65.47819834619054],[22.736694954706905,65.47877575218547],[22.736959436044284,65.47966480474781],[22.739580967037693,65.47971066857616],[22.739792638104916,65.48042190572157],[22.73802726649589,65.48033206786053],[22.737918040664802,65.48140665931196],[22.74436791716083,65.48107522131207],[22.74546397305226,65.48049147690627],[22.74471814589277,65.47944664518323],[22.745468420521924,65.4790470107213],[22.745309560407307,65.47851358999043],[22.74611275652885,65.47829175959409],[22.745578776083686,65.47795815826711],[22.743385486954686,65.47789039221766],[22.74322667778283,65.47735696876714],[22.744029857277898,65.47713514962892],[22.74392397863809,65.47677953453007],[22.743120808973067,65.47700135300073],[22.742962011715335,65.4764679291521],[22.743606361781897,65.47571268859643],[22.745265544713202,65.47544685033469],[22.74537143506754,65.47580246436387],[22.746655531066665,65.4757364277438],[22.746496671038678,65.47520300828198],[22.745693571799436,65.47542483969352],[22.7454817892065,65.47471361203729],[22.748107147839132,65.4733148682611],[22.749444080885002,65.47342661508556],[22.749602987953768,65.47396003093903],[22.750077318700374,65.47393562151125],[22.746789509999996,65.46289807999999]],[[22.74569802278196,65.47398037355141],[22.74612602544594,65.47395836194153],[22.74617897243312,65.47413616864127],[22.74569802278196,65.47398037355141]],[[22.74401794490116,65.46395713772935],[22.744070853133728,65.46413494555527],[22.74364300895753,65.46415694966778],[22.74401794490116,65.46395713772935]],[[22.740864378899822,65.46357771254401],[22.740436540572492,65.46359970750484],[22.74038365832515,65.46342189813262],[22.740864378899822,65.46357771254401]],[[22.74038424996992,65.47948886773877],[22.739956151010386,65.47951086408384],[22.739903233167553,65.47933305488475],[22.74038424996992,65.47948886773877]],[[22.7267815175821,65.46881415532174],[22.72555049509743,65.4690578354885],[22.724911389986264,65.46836852519309],[22.725180950482784,65.4678131263092],[22.72662311326502,65.46828071022716],[22.7267815175821,65.46881415532174]],[[22.71773589272641,65.4705416428748],[22.71730791713225,65.47056357371062],[22.71725517498928,65.47038575475936],[22.71773589272641,65.4705416428748]],[[22.71661017762148,65.47114088953953],[22.71618219109013,65.47116281729866],[22.716129455135228,65.47098499788807],[22.71661017762148,65.47114088953953]],[[22.712408242045896,65.46575999621331],[22.710532146414334,65.46675866871472],[22.70924838091046,65.46682439461881],[22.70946558366043,65.466091198036],[22.710374088204095,65.46622520296535],[22.709630097752953,65.46518017898116],[22.711341674478206,65.46509253884936],[22.712408242045896,65.46575999621331]]],[[[22.707898716779845,65.47818757723574],[22.708129543220128,65.47771280771164],[22.707718589930053,65.47757953503927],[22.707898716779845,65.47818757723574]]],[[[22.68788497,65.48396837],[22.68000756,65.45729342],[22.65862471,65.45838264],[22.653397179999995,65.44059812999998],[22.589279629999997,65.44384507],[22.5944644,65.46163224000001],[22.602762722650386,65.46121315156722],[22.602827305902938,65.46086311410053],[22.605290014519337,65.46037777765775],[22.60717121166217,65.46099051057955],[22.614428913246325,65.46045741426195],[22.61593180971433,65.45965943921634],[22.61508789583757,65.45825817783361],[22.613648711089763,65.45778947886524],[22.609371551439903,65.45800569053634],[22.609047785240328,65.45838303402842],[22.607764602685492,65.45844787149738],[22.60766066574808,65.45809214148822],[22.604238856952893,65.45826498559077],[22.604134968777824,65.45790925264932],[22.60242406850281,65.45799564438526],[22.602320206266533,65.45763990992673],[22.60023350839028,65.45792573886033],[22.60136091515705,65.45732736259404],[22.601529011632035,65.45641643184425],[22.59987010949131,65.45668066144002],[22.599234773429366,65.45599077484486],[22.60138558632559,65.45443829516944],[22.600750268708147,65.45374841477393],[22.601553669377346,65.4535273645484],[22.60134601448226,65.45281589366314],[22.59958353535473,65.45272438195826],[22.599259687387868,65.45310170528077],[22.597549081657966,65.45318803869564],[22.596369878193368,65.453608515797],[22.594179697703343,65.4535385184707],[22.594296164817223,65.45244972263272],[22.596654499943877,65.45160879237743],[22.5968746127733,65.45087573514489],[22.600671222090483,65.45050361044447],[22.601254545964924,65.45101562421],[22.602537383980508,65.45095084566746],[22.602317430060314,65.45168390951243],[22.60327652094192,65.45199645282787],[22.60242126371793,65.45203964425492],[22.602525100489718,65.45239537889454],[22.606853360557643,65.4523572355828],[22.607177089264756,65.45197989720286],[22.60467543176957,65.45084285735345],[22.604467717825973,65.45013139138959],[22.606605689128372,65.45002337651597],[22.607564767525027,65.45033589269875],[22.61007836708967,65.45002835435479],[22.61044213955943,65.45127340325081],[22.61750474354557,65.45019422292496],[22.61782845142243,65.44981685550981],[22.618516296471732,65.45068451302998],[22.62012322397205,65.45024219219005],[22.622261922883087,65.45013391585282],[22.622897868874613,65.45082369268583],[22.620643597663108,65.45202079133261],[22.620747681765167,65.45237651085127],[22.624973331312336,65.45198204882179],[22.62695589703237,65.45134013108894],[22.6309098587108,65.4515007477317],[22.62817603759718,65.45254178232366],[22.62763303535879,65.45365227221689],[22.625326669254793,65.45467158402609],[22.626066985487395,65.45571706084687],[22.62702682122186,65.45602943261392],[22.627339400719347,65.45709657437388],[22.626587894258215,65.45749563399397],[22.62642050956386,65.45840659163073],[22.623789959201222,65.45980327081205],[22.62207837607882,65.45988991811804],[22.620199167579436,65.4608874992597],[22.61997948469765,65.46162059247705],[22.61762008132948,65.46246193685094],[22.617724174522976,65.46281765838751],[22.616678559534893,65.46337273945136],[22.618455559999997,65.4694451],[22.597059699999996,65.47052573],[22.599656949999996,65.47941915],[22.66386008,65.4761669],[22.668279840541086,65.49113509981163],[22.673383304958968,65.49103923922075],[22.674615865735355,65.49079596846407],[22.674939208295864,65.49041848232946],[22.677028400137722,65.4901315621518],[22.677569954148513,65.4890209095585],[22.67950141482531,65.48820045144056],[22.679396359457098,65.48784478261595],[22.680523644179345,65.48724579706412],[22.681380214806566,65.48720213628728],[22.682507426175526,65.48660313669752],[22.682402337685204,65.48624747031461],[22.683363971756567,65.4865594649316],[22.68358203523489,65.48582629651479],[22.686099012477865,65.48551741765195],[22.68642212649564,65.48513990934354],[22.687278616266997,65.48509621595952],[22.687173470221985,65.48474055350263],[22.688029945401794,65.4846968560101],[22.688135102879194,65.48505251775126],[22.68941982687332,65.48498696139345],[22.690384902557476,65.48384063244265],[22.68788497,65.48396837]],[[22.63367038949995,65.47572801705965],[22.63319006089797,65.47557185731056],[22.63361820311369,65.47555016323795],[22.63367038949995,65.47572801705965]],[[22.633461648654052,65.47501660161734],[22.6326053805825,65.47505998749088],[22.633148560879366,65.47394947767638],[22.629567142180353,65.47358941712291],[22.629578027845852,65.472144889684],[22.627061606326738,65.47245282072785],[22.627281162568735,65.47171971846169],[22.629160850181346,65.47072204408869],[22.631572759864984,65.47005837047934],[22.63328496979923,65.46997160897808],[22.634788446601405,65.46917341440164],[22.636500585771884,65.46908661716459],[22.637951715048537,65.46811053993025],[22.640519795817536,65.4679802843097],[22.641490500454807,65.46684803611657],[22.6427222451238,65.46660503414215],[22.64497670310872,65.46540760360249],[22.65262764886478,65.46483851149866],[22.65336936320843,65.46588383981182],[22.651490956463398,65.46688180218051],[22.65083439848051,65.46908119149128],[22.65152387779823,65.46994868153936],[22.65077239016671,65.4703478614178],[22.65091955639339,65.47232591837782],[22.650105954374684,65.47399176604999],[22.649249753207286,65.47403524561858],[22.64935433190681,65.47439094028513],[22.64764189729649,65.47447788637768],[22.64657658957796,65.47380995848137],[22.64385121862745,65.47340677395327],[22.64326638273226,65.47289494704755],[22.641501788233125,65.47280397272307],[22.638714004072682,65.4736673657888],[22.63693889648148,65.47502086236727],[22.63361820311369,65.47555016323795],[22.633461648654052,65.47501660161734]],[[22.642481517122707,65.46282674036193],[22.64193893888505,65.46393727739039],[22.64043597697062,65.46473553779475],[22.639580059096023,65.46477895957976],[22.639099901682396,65.46462281686635],[22.639214674452525,65.46353399769255],[22.642481517122707,65.46282674036193]],[[22.63320498185648,65.45192588179343],[22.63448824676303,65.45186080789178],[22.634216892153486,65.45241606291023],[22.632933599234953,65.45248113479555],[22.63320498185648,65.45192588179343]],[[22.630857749387527,65.45132289218894],[22.63128549764266,65.45130120882557],[22.631337609817507,65.4514790641909],[22.630857749387527,65.45132289218894]],[[22.620049294646364,65.46630990917689],[22.621281224266813,65.4660670802566],[22.62160506012363,65.46568970336781],[22.624120904259364,65.4653818692788],[22.62604127810325,65.46600662421496],[22.62582172535332,65.46673972461045],[22.626353961402636,65.46707376701829],[22.625278363360675,65.4678502098829],[22.622762297855765,65.46815806556313],[22.622062502395032,65.46873496517291],[22.621206416977515,65.46877828450634],[22.619557764600582,65.46759823602159],[22.620049294646364,65.46630990917689]],[[22.623469246229828,65.47353714336644],[22.624325482771408,65.47349380963232],[22.624377601055834,65.47367166736714],[22.623469246229828,65.47353714336644]],[[22.622665113413607,65.47375833072165],[22.623521358800023,65.47371500145609],[22.623573472152287,65.47389285951988],[22.622665113413607,65.47375833072165]],[[22.619437643078747,65.47608753893078],[22.615950039183844,65.47752733840974],[22.6082973499982,65.47809447402798],[22.606753151191274,65.47726999069985],[22.60784112271699,65.47504916420519],[22.609721002819423,65.47405176192159],[22.61400078103923,65.47383551316695],[22.613896685494428,65.4734797890596],[22.61518058659251,65.47341489199788],[22.617540083157298,65.472573623193],[22.618500133221662,65.47288605983447],[22.621016067892604,65.4725783021975],[22.620524486253323,65.47386663278294],[22.622717221051495,65.4739361891402],[22.622393306234454,65.47431356925594],[22.6211089042226,65.474378552089],[22.619437643078747,65.47608753893078]],[[22.608316052151586,65.44993694294968],[22.607888462564162,65.44995855314683],[22.60783651321815,65.44978068800579],[22.608316052151586,65.44993694294968]],[[22.599297083856378,65.44876810076425],[22.59881761903132,65.44861181638954],[22.59924519568084,65.44859023203401],[22.599297083856378,65.44876810076425]],[[22.599633336765244,65.44694624316242],[22.60177107229087,65.44683829924122],[22.602406237636405,65.44752817688563],[22.600100346645846,65.44854705971177],[22.59924519568084,65.44859023203401],[22.599633336765244,65.44694624316242]],[[22.600809811208684,65.47179429225687],[22.600381857114925,65.47181588495533],[22.600329906346325,65.47163801721929],[22.600809811208684,65.47179429225687]],[[22.600008996479296,65.446746788328],[22.599581450668406,65.44676837452842],[22.599529565349485,65.4465905058687],[22.600008996479296,65.446746788328]]],[[[22.669892306527814,65.49659596423051],[22.66977322955546,65.49501368241152],[22.669377693371512,65.49485314751506],[22.669892306527814,65.49659596423051]]],[[[22.679613439999994,65.52951807999999],[22.6970732887969,65.52862815870476],[22.695735218852523,65.52834945005498],[22.69605868599736,65.52797191729945],[22.695049709851432,65.52603770156263],[22.692265419685086,65.52545762850461],[22.691144125173007,65.52461222094111],[22.688518103239375,65.52456556289201],[22.687396968923945,65.52372012588674],[22.687720504598815,65.5233426102747],[22.686870323085117,65.52194182216279],[22.687622687633574,65.52154245332375],[22.68741203486107,65.52083113232219],[22.68826969297372,65.52078742114419],[22.688164359870093,65.52043176120257],[22.691978327800086,65.51861268150816],[22.69519777834376,65.5177263993753],[22.69509236581196,65.51737074509857],[22.696055318767627,65.51768264525752],[22.69718346286178,65.51708352625786],[22.69980873584811,65.51713004161023],[22.703133244615483,65.51659924517286],[22.703027729533257,65.5162435975033],[22.709029994155653,65.5159369110409],[22.71026336841574,65.51569334089656],[22.710157760679802,65.51533769917454],[22.714233566967643,65.5144071850881],[22.71723442826739,65.51425365201231],[22.71776882407224,65.51458734934845],[22.71868790981077,65.51454030996368],[22.717203869999995,65.50954779999999],[22.69578014,65.51064272],[22.694741210228674,65.50713395490725],[22.687690557612704,65.50854198230896],[22.684253762497196,65.51016126689308],[22.68211046302895,65.51027046997302],[22.681358327475955,65.51066980896158],[22.674928200796277,65.51099720621444],[22.67425082489181,65.51135675797678],[22.679613439999994,65.52951807999999]]],[[[22.691330595703697,65.49561532725754],[22.690862881412354,65.49574418162297],[22.690968131103265,65.49609984046764],[22.69144202549085,65.49599165774517],[22.691330595703697,65.49561532725754]]],[[[22.736323333843348,65.49359807042102],[22.736270406260324,65.49342026002226],[22.735842075057644,65.49344224714415],[22.736323333843348,65.49359807042102]]],[[[22.601773657225323,65.45279430145644],[22.60172174259618,65.45261643384754],[22.60129410270475,65.45263802587753],[22.601773657225323,65.45279430145644]]]]}},{"type":"Feature","properties":{"cyano_daymap_file_id":4185,"date":"2018-08-31Z","cloud":null,"sub_surfac":null,"surface":null,"no_data":null,"class":1,"color_hex":null,"algae_class":"class_1","source_date":"2018-08-31"},"geometry":{"type":"MultiPolygon","coordinates":[[[[22.199067230810183,65.4539842781484],[22.19881326376123,65.45455154593483],[22.199767763035087,65.45486669372102],[22.199964525561803,65.45557881255192],[22.197396046318758,65.4557015394156],[22.20025969150553,65.45664699009254],[22.20253528951102,65.45669191378235],[22.2017513,65.45385615999999],[22.199067230810183,65.4539842781484]]],[[[22.18525739,65.47268142000001],[22.175328348480775,65.47315398802576],[22.17518134386134,65.47425743508045],[22.176993120358436,65.47453193777677],[22.175855103339018,65.47512723697838],[22.17591741611945,65.476928016428],[22.176872480704766,65.47724330338319],[22.17520773270668,65.47750291772742],[22.17550218690576,65.47857115037593],[22.17464523175781,65.47861193321168],[22.173984545300595,65.47936486852025],[22.172748129339592,65.47960406823901],[22.172895317198176,65.48013818740615],[22.171560744275666,65.48002129828726],[22.171328451549588,65.48075384072673],[22.170752783221907,65.48024009983406],[22.16908778104147,65.48049964920776],[22.168561196159093,65.4801639406868],[22.168548400625404,65.47854119494963],[22.165171454855635,65.47854574736242],[22.166288209999998,65.48260300999999],[22.20913967,65.48056025],[22.206675030000003,65.47165895],[22.249504749999996,65.46960493999998],[22.24702764,65.46070442],[22.26843255,65.45967332],[22.2634696,65.44187294],[22.284858339999996,65.44083966999999],[22.28882980880568,65.45383077387314],[22.288730226326003,65.45347478462764],[22.290242854487232,65.45267996442146],[22.291904816675036,65.45241911030152],[22.291655777841406,65.45152914295232],[22.29298936251726,65.45164498081141],[22.292889733563705,65.45128899476963],[22.294601404760872,65.45120610503348],[22.29450175592217,65.45085012025311],[22.29568582130996,65.45043195744996],[22.29518755115268,65.44865203671692],[22.292928163984392,65.4467770083721],[22.292022673799913,65.44664045126942],[22.291923080978062,65.44628446422199],[22.28895783232764,65.44498478410013],[22.289136784414847,65.44407410237083],[22.28717676629687,65.4432669484826],[22.286977746267024,65.44255496626816],[22.285644651303798,65.442439070418],[22.286301219591437,65.44168568840912],[22.28839029344594,65.44140417905693],[22.28829077400732,65.4410481888739],[22.2891960505772,65.44118477049948],[22.287524461153705,65.43675559729498],[22.285187103257137,65.43614710907417],[22.279856131984953,65.43568337771842],[22.278851728732217,65.43519073972955],[22.275858020858976,65.43533545440803],[22.27837438018823,65.43503341768614],[22.27827502597208,65.43467741924627],[22.27646504313031,65.4344041138386],[22.27498344803333,65.43375411893645],[22.277927309682273,65.43343142395307],[22.277728631047463,65.43271942611631],[22.279011519829748,65.43265739818723],[22.28011519683528,65.43350603321537],[22.28182575592917,65.43342329941696],[22.2817263622336,65.43306730364093],[22.28263132807336,65.43320392775082],[22.281955204563744,65.43233462635536],[22.282909848750002,65.43264924680041],[22.283188358257934,65.43209456544548],[22.283715387995112,65.43242986967172],[22.284570627063783,65.43238848518757],[22.28412323257557,65.43078651303043],[22.281786492267013,65.4301779659503],[22.28168711397713,65.42982196998939],[22.280255335391676,65.42935002357366],[22.280961434050013,65.42877466479733],[22.282244120629034,65.4287126113874],[22.282343501396255,65.42906860695854],[22.28533645062949,65.42892377113574],[22.285893284786315,65.42781440077296],[22.285167497928853,65.42676711687575],[22.28549560987398,65.42639042895458],[22.28607226068676,65.4269037223695],[22.286877598263796,65.42668433035745],[22.286529601481742,65.42543835765024],[22.28424298657773,65.42500784065724],[22.284948884742242,65.4244324652004],[22.283517349659398,65.42396054731029],[22.283368290834165,65.42342655495315],[22.2850284840776,65.42316579411579],[22.286489823319574,65.42219303042123],[22.287344723376517,65.42215163358576],[22.28885563800544,65.42135684422648],[22.288706488423138,65.4208228580467],[22.28961106109101,65.42095944421031],[22.28936246110988,65.42006946857825],[22.293686305236555,65.42004035201265],[22.29383555078732,65.42057433230859],[22.293080203868623,65.42097175272828],[22.294561496153438,65.42162157293042],[22.29375637877652,65.42184100377989],[22.293855884274517,65.42219699052681],[22.293000995169912,65.42223842416705],[22.29310049224106,65.42259441149596],[22.291867876972617,65.42283454807837],[22.291211912315912,65.42358794835633],[22.289979232536403,65.4238280701437],[22.290227896520612,65.42471804410478],[22.288667110256334,65.42533485332966],[22.288388781239632,65.42588954301695],[22.28921413568803,65.42729280059697],[22.290019457737795,65.42707339196299],[22.290218418292454,65.42778537080842],[22.291172989669693,65.42809993968784],[22.292674945338426,65.43037243362951],[22.293957676517905,65.43031028015733],[22.29428570226986,65.42993357398136],[22.30335984511088,65.4294935411793],[22.30126116,65.42200446],[22.31122110140991,65.4215204853544],[22.31133058297655,65.42116855302882],[22.30937165358316,65.42036167651436],[22.309977158358897,65.41943021630803],[22.31083192350827,65.41938868766574],[22.310554122746044,65.4199434129604],[22.311508639610917,65.42025785367197],[22.313545842336833,65.41979802964788],[22.31364560695293,65.42015400072975],[22.31198590659788,65.42041507167598],[22.311658249369287,65.4207918126628],[22.312524218885383,65.42145716411663],[22.322631910000002,65.42096601],[22.320135550000003,65.41206688],[22.277406449999997,65.41413993],[22.27988855,65.4230399],[22.25851408,65.42407233],[22.26099091,65.43297267],[22.238347062090075,65.43406156440741],[22.238054566038514,65.43499294308418],[22.23933767924683,65.4349312503605],[22.239206447391712,65.43601990428553],[22.23797268652301,65.43625961159175],[22.237742579839107,65.43699223450515],[22.23721603530475,65.43665676493248],[22.23593283161478,65.43671844050478],[22.23583404598485,65.43636240855609],[22.2349785845833,65.43640351890429],[22.234452087248822,65.43606803921726],[22.232790546414673,65.43632825649307],[22.232988037666125,65.43704032510134],[22.2313264201056,65.43730052700936],[22.230191236586236,65.43789620763192],[22.228809256382995,65.43760178681947],[22.22671979622415,65.43788247496002],[22.2269664737176,65.4387725724437],[22.225584481260842,65.43847812221574],[22.223017822804792,65.4386012670549],[22.22268865985997,65.43897782925856],[22.221833088210722,65.43901886615454],[22.221306702372694,65.43868333950299],[22.219294613800802,65.43890305018348],[22.22068652,65.44393045],[22.212039832561846,65.44435859544615],[22.211199371061742,65.44602229150195],[22.20849935000792,65.44723383962769],[22.20859781379367,65.44758989259137],[22.207363217899108,65.44782935776144],[22.206374692882875,65.4489589498509],[22.204662833152412,65.44904084081195],[22.204761253014574,65.44939689670538],[22.203196959573493,65.4500128553823],[22.201136647590335,65.45163122470623],[22.2017513,65.45385615999999],[22.22315277,65.45283151],[22.225620869999997,65.46173251],[22.222451719918116,65.46188425257647],[22.221546173237158,65.4630239895406],[22.220261633036795,65.46308554498653],[22.220360328805064,65.46344158794544],[22.218318055098614,65.46390020244199],[22.21642368071117,65.46489285904899],[22.214661503983617,65.46479685019314],[22.213047244698814,65.46523489363628],[22.21281622758776,65.46596748730539],[22.210015699995044,65.46682303232927],[22.209307038622544,65.46739808377505],[22.208450512992282,65.46743905416082],[22.208351960977684,65.46708300202079],[22.207017917874463,65.46696642092905],[22.207116451216102,65.46732247412321],[22.205880918342093,65.46756193634351],[22.206506241563034,65.46825356635162],[22.205551164833256,65.46793846687694],[22.203887308126717,65.46819838853251],[22.202883024257567,65.46770524395808],[22.199506032158048,65.46804698120718],[22.19764528423272,65.46759471599287],[22.19736461315678,65.46814926011385],[22.19436659551989,65.46829239987316],[22.193229246008336,65.46888782344556],[22.193376778926442,65.46942191930628],[22.18566707511265,65.4697896741837],[22.18469761022545,65.47065141503202],[22.18525739,65.47268142000001]],[[22.27498344803333,65.43375411893645],[22.274506148783082,65.4335967841615],[22.27493379650187,65.4335761183528],[22.27498344803333,65.43375411893645]],[[22.274028855244207,65.43343944781938],[22.274456500851873,65.4334187833848],[22.274506148783082,65.4335967841615],[22.274028855244207,65.43343944781938]],[[22.30917224139878,65.41964972745862],[22.308744853357496,65.41967048773573],[22.308695005030756,65.41949250024176],[22.30917224139878,65.41964972745862]],[[22.284541168279294,65.42607582284678],[22.284968683811375,65.42605512990582],[22.285018386222998,65.42623312668424],[22.284541168279294,65.42607582284678]],[[22.284163348706468,65.42627451170033],[22.28459086783729,65.42625381979452],[22.2846405681404,65.4264318167183],[22.284163348706468,65.42627451170033]],[[22.283785523426307,65.42647319966404],[22.28421304615589,65.42645250879342],[22.284262744350404,65.42663050586259],[22.283785523426307,65.42647319966404]],[[22.28270170235488,65.42724725589039],[22.28312923873489,65.4272265679562],[22.283178931348125,65.42740456543746],[22.28270170235488,65.42724725589039]],[[22.282323852135196,65.42744594043982],[22.28275139211416,65.42742525354093],[22.282801082618434,65.42760325116751],[22.282323852135196,65.42744594043982]],[[22.28109090681685,65.4276859922127],[22.281945996207504,65.4276446240993],[22.281995681748672,65.42782262204051],[22.28109090681685,65.4276859922127]],[[22.281995681748672,65.42782262204051],[22.282472917320916,65.42797993375564],[22.282045368034787,65.42800061995779],[22.281995681748672,65.42782262204051]],[[22.280155981678657,65.42899402635781],[22.280106305939405,65.42881602771396],[22.280533870367144,65.42879534685798],[22.280155981678657,65.42899402635781]],[[22.279678740766858,65.42883670736529],[22.279629068626807,65.4286587085283],[22.280056630944983,65.4286380290462],[22.279678740766858,65.42883670736529]],[[22.279907610430474,65.42810403289927],[22.279052502175162,65.42814538964349],[22.27900283586828,65.42796739054155],[22.279907610430474,65.42810403289927]],[[22.279201505563865,65.42867938680574],[22.279151837022926,65.42850138777557],[22.279579397231508,65.42848070966733],[22.279201505563865,65.42867938680574]],[[22.277529964329847,65.43200742789669],[22.27795758324763,65.43198675380206],[22.278007251665088,65.43216475322363],[22.277529964329847,65.43200742789669]],[[22.276724384111738,65.43222677240053],[22.27757962989207,65.4321854274875],[22.277629296199063,65.43236342705431],[22.276724384111738,65.43222677240053]],[[22.276018102243714,65.43280211315307],[22.275590468181033,65.43282278189999],[22.27554081466147,65.43264478153506],[22.276018102243714,65.43280211315307]],[[22.27312392317566,65.43330277176571],[22.272268632460563,65.43334409186193],[22.272219000296513,65.43316609019186],[22.27312392317566,65.43330277176571]],[[22.21402588147628,65.45310229906548],[22.214635498235925,65.45217118218463],[22.215590094048324,65.45248622897226],[22.21402588147628,65.45310229906548]],[[22.19520281181148,65.47131893294122],[22.194922053038564,65.47187347336522],[22.19434613123459,65.47135982484525],[22.19520281181148,65.47131893294122]],[[22.17584187455306,65.47350449602577],[22.175989084097466,65.47403861199477],[22.17556068155475,65.47405900466963],[22.17584187455306,65.47350449602577]],[[22.170569515967447,65.48115068185184],[22.170140991875247,65.4811710603399],[22.170091944920582,65.4809930195882],[22.170569515967447,65.48115068185184]],[[22.16780223435926,65.48056076816816],[22.167373717324967,65.48058113873844],[22.167324690536535,65.48040309689107],[22.16780223435926,65.48056076816816]]],[[[22.27091682,65.46857342],[22.29232701999999,65.46753887],[22.29572554117211,65.47965580148217],[22.297771024060307,65.47955679420733],[22.298527942368768,65.47915933474057],[22.30071971204533,65.4792336065189],[22.30011261020064,65.48016504522454],[22.299255839550653,65.48020653305821],[22.29774194367396,65.48100145607712],[22.296086250049115,65.48094185636492],[22.302311469999996,65.50313697],[22.323226607569094,65.50212299999386],[22.32313018540837,65.50178071428954],[22.328552922390255,65.50097610124216],[22.329537949911934,65.49984574582994],[22.328758083911268,65.4986207339206],[22.329264211257996,65.49733323172188],[22.32871241581516,65.49537547823788],[22.327276145522884,65.4949040232897],[22.32740385220788,65.49381532912905],[22.32649654629656,65.49367899703965],[22.328210862750986,65.4935956997972],[22.328739750300727,65.49393082800722],[22.330732146447684,65.49329274074157],[22.331639459479366,65.49342904732968],[22.332774624926355,65.49283260435455],[22.334917419036305,65.49272839174822],[22.335195384866477,65.49217362009199],[22.336531228963192,65.49228905063012],[22.3368593622661,65.49191225094921],[22.33771644413978,65.49187054674034],[22.338372657156377,65.49111694205128],[22.338071381034823,65.49004909784892],[22.339306688974045,65.48980855675357],[22.340692655426302,65.49010192506921],[22.340793113703334,65.49045787113343],[22.341650140333304,65.49041614516295],[22.342229371401856,65.49092919774084],[22.343993699604756,65.49102369614901],[22.34827886440091,65.49081492660484],[22.34989232441041,65.490375446289],[22.352513643681924,65.49042806798977],[22.352841522193874,65.4900512361539],[22.353370646725242,65.49038627577767],[22.35808410939825,65.49015633226595],[22.358890740565933,65.48993654290027],[22.358790038409918,65.48958061131584],[22.35969735799563,65.48971674936558],[22.359369583334185,65.49009359503944],[22.36156239493316,65.4901669735461],[22.36231803834277,65.49283644115174],[22.362847341294778,65.49317144580151],[22.365040419081215,65.49324477117374],[22.363527833403936,65.4940403399988],[22.36476281374541,65.49686682785868],[22.363956022866674,65.49708665016401],[22.364107235120525,65.49762054075154],[22.3650652749508,65.49793460690117],[22.365745973936367,65.49880348903422],[22.36831772089,65.49867786528549],[22.36804040213351,65.4992326913315],[22.366325869735558,65.49931644255739],[22.36738486356451,65.49998641803757],[22.367485731169744,65.50034234222935],[22.36662842902364,65.50038421748626],[22.367536166109478,65.50052030428849],[22.367208378960882,65.50089716708106],[22.370208978155244,65.50075057047732],[22.366603208689536,65.50182885321138],[22.364913611190676,65.50353518928809],[22.361685557779737,65.50441446474923],[22.360979310703403,65.50499020238286],[22.35775094231317,65.5058693969604],[22.35585902439639,65.50686377620829],[22.350411744439118,65.50604676139558],[22.34655787512671,65.50591755802078],[22.34769876,65.50995394],[22.332367072794526,65.5106972745268],[22.332623172510534,65.51232493934349],[22.331815629514107,65.51254459751475],[22.331259157386167,65.51365413317893],[22.330072864773634,65.51407259709349],[22.330223503281616,65.5146065271966],[22.32812909213151,65.51488866877962],[22.326335768146105,65.51623865133149],[22.325879373193438,65.5177041265329],[22.327138925092836,65.5190862990987],[22.32658212902546,65.52019582073667],[22.327161762702286,65.52070892701933],[22.326303714177413,65.52075058095201],[22.325317806689537,65.52188092393332],[22.32445971610583,65.52192256782114],[22.324560100965353,65.52227852536176],[22.323752183668724,65.5224981441702],[22.32367444279255,65.5237648164396],[22.322816287137968,65.5238064516479],[22.322537757483772,65.5243612060599],[22.31983512140503,65.52557477006535],[22.319305680523346,65.52523961621479],[22.318068516579913,65.5254800121512],[22.314585474234203,65.52546841674506],[22.314184437592054,65.52404455475858],[22.314892224126687,65.52346902066068],[22.3143127649512,65.52295586564247],[22.315978914020334,65.52269470495577],[22.31663648666336,65.52194118129691],[22.31560586042197,65.51982619252087],[22.31164444907204,65.51965733392144],[22.311744648752416,65.52001330179597],[22.310407473037365,65.51989766534564],[22.310657938524333,65.52078758728781],[22.308991853650173,65.52104868872843],[22.309192196604368,65.52176062847866],[22.307658540331133,65.52215646263357],[22.308927174212737,65.5266641836225],[22.309736656198226,65.52678575812102],[22.30897181208948,65.52682279131604],[22.309819529999995,65.52983491],[22.306721762906744,65.52998422321893],[22.307634263165582,65.53013492730501],[22.305710153888143,65.53257337282868],[22.30389303870556,65.53230046750494],[22.3042221194198,65.53192372941825],[22.303063244823825,65.53089733502314],[22.303821528318387,65.53049983561111],[22.30558843250742,65.53059475694998],[22.305438186478366,65.53006079849179],[22.30630983951567,65.53000407803876],[22.275310076007173,65.53149827509623],[22.27516273663233,65.53224428858127],[22.274533972813185,65.53155297744189],[22.272816957805045,65.53163569229861],[22.27291668348081,65.53199169048402],[22.27205815995541,65.53203304132856],[22.271953688149623,65.53166005390653],[22.268795178606275,65.53181229492813],[22.26814493541047,65.5320410592623],[22.268294432273105,65.53257506203221],[22.26700660382215,65.5326370475544],[22.26806448500519,65.53330772911991],[22.267305565961927,65.53370505550083],[22.266017678920996,65.53376703318088],[22.2654389318565,65.53325368408565],[22.264630162644924,65.5334729953772],[22.264480734540246,65.53293898831552],[22.265514863785434,65.53197040699733],[22.255791140880586,65.53243909309384],[22.25498654626823,65.53321505370181],[22.25198144011376,65.5333594069363],[22.250363646518622,65.53379788382341],[22.250463075902246,65.5341538996875],[22.24960443837468,65.53419512424088],[22.24889491297342,65.5347703695992],[22.248036252174735,65.53481158548176],[22.248135654472364,65.53516760313794],[22.247276979157096,65.53520881485407],[22.246347633390908,65.53621611196304],[22.247917399999995,65.54183885],[22.23289626633407,65.54255638558892],[22.23132692027829,65.54354980315514],[22.228898732583563,65.54420719528574],[22.22876677288988,65.54529584648435],[22.22790772731414,65.54533695189967],[22.227247010658544,65.5460901198192],[22.2246202110375,65.54603537868608],[22.22257161639102,65.54649411238432],[22.22029154752032,65.54768542749223],[22.218622793259048,65.54794555928011],[22.21644145226774,65.54949285986686],[22.2155327326495,65.54935587559252],[22.214822050270246,65.54993097232921],[22.213103597797843,65.5500130235196],[22.21191372865938,65.55043059468281],[22.210195232226088,65.55051261328838],[22.20966665706529,65.55017706773064],[22.207419627532346,65.54992350701826],[22.207750325545156,65.54954696341407],[22.204876001394776,65.54860175977271],[22.204777127795726,65.54824570865901],[22.202382052663594,65.54745799380753],[22.20152288578611,65.54749895066347],[22.199458757165495,65.54633465641253],[22.196634460903287,65.54556731784263],[22.196050274962765,65.54431645980878],[22.183491970000002,65.54491635],[22.18595706,65.55381802],[22.22320035360151,65.55204153690231],[22.225958776511035,65.55084185134761],[22.228866858494136,65.55034196153679],[22.2304364256037,65.54972568556177],[22.233823511637347,65.54938315786247],[22.234153817701667,65.54900656043108],[22.238019989619662,65.54882138360286],[22.238218652663704,65.54953343332063],[22.239077816827976,65.54949226823368],[22.2393087001284,65.54875963618377],[22.244033914373222,65.54853313568577],[22.244843324463655,65.54831392824335],[22.244743906627466,65.54795790860601],[22.252425937548292,65.54740891392407],[22.259578490578072,65.54652416702845],[22.26091684103183,65.54664024129443],[22.256291715863604,65.54722327431512],[22.256590441077815,65.54829130565187],[22.257928871074554,65.54840740555628],[22.257698516425783,65.54914006080766],[22.268717145402018,65.54806910495361],[22.268038279069142,65.54719976878027],[22.26884743866219,65.54698043545879],[22.270435257815606,65.54798642585702],[22.27151337137521,65.55027974459679],[22.28086366504853,65.54946859691037],[22.282531853819336,65.54920778467171],[22.28223205372798,65.5481398151575],[22.28122314396976,65.5476472377995],[22.280364121088642,65.5476886406779],[22.27892575855553,65.54721674704244],[22.277637237770932,65.54727882984363],[22.276548405951104,65.54805289093157],[22.275689360757056,65.5480942675006],[22.275589522920257,65.54773827227471],[22.277537377117092,65.54692283612492],[22.27882588060322,65.54686075434348],[22.281153099062863,65.54584658100842],[22.28287101747116,65.54576376267273],[22.28358006837833,65.5451883627694],[22.285627437778988,65.54472881563969],[22.29078088458422,65.5444801528337],[22.290880914675068,65.54483613614775],[22.295984272190456,65.54440930526003],[22.3023470517581,65.54536468240642],[22.302067879056356,65.54591940539723],[22.303456470464596,65.5462130892366],[22.30360678823811,65.54674704891885],[22.305704029665037,65.54646521907847],[22.303807222500325,65.54745899482367],[22.304424778340277,65.5481365609091],[22.31483432,65.54763323],[22.31232598,65.5387341],[22.333714929894494,65.53769685486301],[22.33127809,65.52879436],[22.352734769999998,65.52775079],[22.35357325265791,65.53071055887631],[22.354360598671022,65.53075259833795],[22.355496811634094,65.53015597434356],[22.354765156436194,65.52910908501593],[22.357339952232394,65.5289836177435],[22.35675953688574,65.52847063495211],[22.35799646561224,65.52822992494815],[22.357845164219505,65.52769602917185],[22.35655783469417,65.5277587719062],[22.356785243737818,65.52702599612094],[22.358122969351957,65.52714121702643],[22.358880289961984,65.5267434513426],[22.357946889302774,65.5249847176033],[22.35918364275246,65.52474399963262],[22.359840002501738,65.52399030035716],[22.362843305039917,65.5238438230725],[22.363600459185694,65.5234460354115],[22.36349953675997,65.52309010919052],[22.36264148015263,65.52313196935444],[22.362111548571043,65.52279697027306],[22.361960201054252,65.52226307906585],[22.363247243980076,65.52220029321002],[22.364811889532096,65.52158267398387],[22.364610032086148,65.52087082321368],[22.36332305863573,65.52093361997494],[22.36279316479463,65.52059862290434],[22.363070797023088,65.52004380338563],[22.363651137874182,65.52055676271158],[22.364837164920385,65.52013803806678],[22.3641558972383,65.51926915754959],[22.365896969702277,65.5177407822195],[22.36529153039749,65.51253799842858],[22.364232060685307,65.5118680130451],[22.363979873814063,65.51097819721024],[22.365115026100938,65.51038151151762],[22.364106085174814,65.50988948715907],[22.361583627274513,65.51019301470414],[22.361482794136784,65.5098370862381],[22.363904356042134,65.50917763415087],[22.364232288616417,65.50880077707905],[22.36680502823604,65.50867516917263],[22.36831833553836,65.50787956035707],[22.368469712355683,65.50841344492359],[22.370183661060054,65.50885702848592],[22.412014289999995,65.50680766999999],[22.406942809999997,65.48901314999999],[22.385520549999995,65.49006406],[22.382994830000005,65.48116628],[22.36157783,65.48221375],[22.359061159999996,65.47331547],[22.33764943,65.47435949],[22.335141810000003,65.46546073000002],[22.35654639,65.46441714],[22.354033499999996,65.45551874],[22.358228075075328,65.45531363741543],[22.35845050235857,65.45459514803267],[22.35643733663488,65.45361095640268],[22.356613973615673,65.45270021833495],[22.35575820979474,65.45274201654614],[22.357268718052833,65.45194654622922],[22.35744531810801,65.45103580755571],[22.358628355252822,65.4506171614125],[22.358377070993907,65.4497273270935],[22.35460279331559,65.44864874831366],[22.354578573189094,65.44702613812223],[22.356139029429187,65.4464086503634],[22.3557874233685,65.44516287445941],[22.35392573904344,65.44471254540599],[22.35178696295289,65.44481698737997],[22.351459598935275,65.44519381182013],[22.348087641317022,65.44553882056788],[22.34675415415578,65.44542346861655],[22.34617589570674,65.44491042359623],[22.346931090446965,65.44451273887213],[22.347335095236023,65.44286925059652],[22.34866845369163,65.44298459870633],[22.3492228513677,65.44187501950537],[22.352216813840702,65.44172884639134],[22.352293155999185,65.44046217320735],[22.351387597295336,65.44032597305758],[22.350231160857767,65.4392999154952],[22.34693654287847,65.43837821631837],[22.343622969309948,65.43798452275595],[22.32763024,65.43876407999998],[22.332636080000004,65.45656191],[22.31123677,65.45760206000001],[22.310281914595066,65.45419469335648],[22.307930482086533,65.45543099338676],[22.30365071903096,65.45563856506207],[22.301232467674065,65.45629701910843],[22.300904233813917,65.4566737424222],[22.298814093127078,65.45695543563592],[22.297301490619454,65.45775034146445],[22.295589402097676,65.45783326597041],[22.294504687982293,65.4586074157952],[22.292792532734953,65.45869030924347],[22.291657876312495,65.45928644680859],[22.28662078915599,65.45989096474715],[22.28631822343077,65.45880914724853],[22.26843255,65.45967332],[22.27091682,65.46857342]],[[22.379052055161207,65.48444045417534],[22.379858329172414,65.48422055645862],[22.383008436838665,65.48460759747458],[22.38106850292554,65.48542431106405],[22.381169488879586,65.48578022494071],[22.379455889082575,65.48586411577071],[22.378019263653627,65.48539314675638],[22.379203487194495,65.48497432745746],[22.379052055161207,65.48444045417534]],[[22.372478076793406,65.49955710906669],[22.372906709021795,65.49953615564453],[22.372957178986432,65.49971411554438],[22.372478076793406,65.49955710906669]],[[22.372099908032975,65.49975602152422],[22.372528543888983,65.49973506913831],[22.372579011743117,65.49991302918552],[22.372099908032975,65.49975602152422]],[[22.369200326364655,65.50025857721826],[22.369427183704612,65.49952578789812],[22.370284452282583,65.49948389710184],[22.370385357024283,65.49983981898738],[22.37167127141846,65.49977697270208],[22.37177219640869,65.50013289345912],[22.370158524482726,65.50057260949747],[22.369200326364655,65.50025857721826]],[[22.37018355057411,65.49912797511833],[22.369326293472408,65.49916986522769],[22.369275849493615,65.4989919038558],[22.37018355057411,65.49912797511833]],[[22.36960358413358,65.49861503710301],[22.368746342729313,65.49865692376599],[22.36869590389389,65.49847896214897],[22.36960358413358,65.49861503710301]],[[22.367636863442673,65.49474176253943],[22.367208304709923,65.49476270028205],[22.367157885416614,65.49458473795515],[22.367636863442673,65.49474176253943]],[[22.36604871499145,65.49373679575602],[22.36519162663786,65.49377866072733],[22.36514122336157,65.49360069756723],[22.36604871499145,65.49373679575602]],[[22.364990018077123,65.49306680794028],[22.36584708348877,65.49302494434183],[22.365897490228217,65.49320290723205],[22.364990018077123,65.49306680794028]],[[22.36344958743913,65.51677767368962],[22.363247811955233,65.5160658202778],[22.363676723993105,65.51604489024227],[22.364256982987254,65.51655784806304],[22.36344958743913,65.51677767368962]],[[22.36355104524511,65.51099912727396],[22.36350061301818,65.51082116386198],[22.363929438715097,65.51080023396992],[22.36355104524511,65.51099912727396]],[[22.354845122668497,65.51864067404345],[22.355274085115948,65.51861976733983],[22.355324479474287,65.51879773386858],[22.354845122668497,65.51864067404345]],[[22.357595797239767,65.5176044738616],[22.357823104850205,65.51687169750763],[22.359109894128984,65.5168089493819],[22.36054795354199,65.51728008385508],[22.36090095965927,65.51852583445442],[22.359437245753995,65.51949934213428],[22.357342784231584,65.51978188881817],[22.35724196418139,65.51942595740175],[22.355904640283807,65.51931072470934],[22.355324479474287,65.51879773386858],[22.357595797239767,65.5176044738616]],[[22.358630552485742,65.51665190140403],[22.358201625599726,65.51667281727437],[22.358151216589622,65.51649485184944],[22.358630552485742,65.51665190140403]],[[22.356035354397928,65.45218721473532],[22.355985110010987,65.45200924691726],[22.356412980112196,65.45198834789338],[22.356035354397928,65.45218721473532]],[[22.355951712088945,65.5286904248097],[22.355093456812448,65.52873224412791],[22.355043040873774,65.52855427774102],[22.355951712088945,65.5286904248097]],[[22.354673440872713,65.5072824260397],[22.354244663955328,65.50730332919329],[22.354194303719655,65.50712536196014],[22.354673440872713,65.5072824260397]],[[22.354007705028817,65.52950683139404],[22.35357856247,65.52952773629538],[22.353528155003776,65.52934976931988],[22.354007705028817,65.52950683139404]],[[22.35328639962039,65.50698919669826],[22.352857626174373,65.5070100958833],[22.352756926716665,65.50665416026646],[22.35328639962039,65.50698919669826]],[[22.35143778339566,65.44050394299552],[22.351010095964835,65.44052482608228],[22.350959912719848,65.44034685597344],[22.35143778339566,65.44050394299552]],[[22.326268520101433,65.49441173341212],[22.326168241193162,65.49405577591968],[22.32707555872548,65.49419210986446],[22.327175850616864,65.49454806662558],[22.326268520101433,65.49441173341212]],[[22.325739653704307,65.49407659634373],[22.325689518249394,65.49389861739044],[22.326118102869323,65.49387779713709],[22.325739653704307,65.49407659634373]],[[22.324681962118365,65.49340631624378],[22.32511053963858,65.49338549891849],[22.325160669964315,65.49356347811514],[22.324681962118365,65.49340631624378]],[[22.325160669964315,65.49356347811514],[22.325639383547955,65.49372063841294],[22.32521080104345,65.49374145728758],[22.325160669964315,65.49356347811514]],[[22.321144940931237,65.52713497207479],[22.321674445065543,65.52747011885936],[22.32048737736734,65.52788851522816],[22.321144940931237,65.52713497207479]],[[22.3210947601316,65.52695699206771],[22.32152389176996,65.52693617942322],[22.32157407544666,65.5271141592595],[22.3210947601316,65.52695699206771]],[[22.316190535317716,65.47866392651744],[22.31644072072925,65.47955384180125],[22.315684069370626,65.479951388359],[22.312357141287126,65.48047363177511],[22.31225711617221,65.48011766252048],[22.313442189952074,65.47969935043538],[22.31409882426893,65.47894584699038],[22.316190535317716,65.47866392651744]],[[22.31307565986155,65.52319622016311],[22.313504737409403,65.52317543080179],[22.31355485770251,65.52335341392636],[22.31307565986155,65.52319622016311]],[[22.312696696100005,65.52339499178048],[22.313125777278287,65.52337420345827],[22.313175895449085,65.52355218672925],[22.312696696100005,65.52339499178048]],[[22.310923852228967,65.52636744484737],[22.310494719743804,65.52638822743],[22.310444613276943,65.52621024315711],[22.310923852228967,65.52636744484737]],[[22.301728665385937,65.46890149720875],[22.301529014053266,65.46818954057072],[22.302435304494068,65.46832603264895],[22.302335470372306,65.46797005491358],[22.30536141976197,65.46638011987221],[22.30783043090917,65.46589957838665],[22.308158672283028,65.46552283995338],[22.309921177524956,65.46561775430217],[22.309314694761227,65.46654922387762],[22.30674576346874,65.46667381566714],[22.30737371123645,65.46736500117582],[22.306189086021313,65.46778326121338],[22.30638886034024,65.46849521046634],[22.304775972711667,65.46893422051903],[22.304547511063376,65.46966692847077],[22.3036910925129,65.46970843796255],[22.302984445758362,65.47028390847149],[22.301371389999723,65.47072288382813],[22.29875210491654,65.47066935475098],[22.298980736888005,65.46993665388042],[22.299837171928584,65.4698951709386],[22.300115671822557,65.46934045853654],[22.301728665385937,65.46890149720875]],[[22.26872370692324,65.53255439777041],[22.268773543590815,65.53273239847616],[22.268344266060865,65.5327530629076],[22.26872370692324,65.53255439777041]],[[22.238879130706966,65.54878021986845],[22.238829461047164,65.54860220771762],[22.239259027584097,65.54858162420199],[22.238879130706966,65.54878021986845]],[[22.23839989376207,65.54862279002158],[22.238350227734887,65.54844477767789],[22.23877979213551,65.54842419554298],[22.23839989376207,65.54862279002158]],[[22.224669925000157,65.55090348649408],[22.224240306336096,65.55092402911924],[22.22419073166969,65.55074601124676],[22.224669925000157,65.55090348649408]]],[[[22.28336621,65.51307301],[22.28431831781575,65.51646854034158],[22.2850828899474,65.51643163489449],[22.28654925730417,65.51545882121026],[22.28935232484131,65.51460183241515],[22.289481667283777,65.51351315437981],[22.2878772732097,65.51285429766969],[22.28336621,65.51307301]]],[[[22.29586249,65.5575711],[22.294870766105316,65.55404502078338],[22.29363292322461,65.55462563952247],[22.29234407863653,65.55468785069145],[22.292444177332786,65.5550438322808],[22.291205350476403,65.55528402483652],[22.290546246910093,65.55603745284246],[22.287409214908497,65.55727121379842],[22.28718434621569,65.55798885276938],[22.29586249,65.5575711]]],[[[22.35525561,65.53664913],[22.419635810000003,65.53349899],[22.420148572511945,65.5352920112722],[22.420913533745797,65.53525441355266],[22.42124094018682,65.5348774382382],[22.422833787822718,65.53588177738203],[22.42492877002335,65.53559831859249],[22.42465231655634,65.5361532396182],[22.42621628685597,65.53553499215963],[22.4263690417163,65.53606880471484],[22.424906865783825,65.53704293017903],[22.425008690838172,65.53739880622973],[22.425867095224163,65.53735658877207],[22.42579432538094,65.53862326228891],[22.426652768511797,65.5385810399858],[22.425466941513665,65.53900024722977],[22.42572155204522,65.53988993580582],[22.424586568497293,65.5404870746024],[22.422869545682,65.5405714922609],[22.42181322537988,65.54111294773604],[22.422180139999995,65.54239597],[22.443643569999995,65.54133943999999],[22.438542450000003,65.52354628],[22.374189539999996,65.5267042],[22.373493704163337,65.52425228171495],[22.37354429808279,65.52476483859729],[22.372686205897686,65.52480675610032],[22.37167655012982,65.52431478941166],[22.370389427467227,65.52437764779134],[22.370490449817687,65.52473356841668],[22.369682859306913,65.52495342926335],[22.37026344397898,65.52546636077925],[22.369405322381198,65.52550825996246],[22.368345201430405,65.52483830991302],[22.36630090193345,65.5252989451375],[22.36655333493444,65.52618875462113],[22.365215625512768,65.52607360810795],[22.36531658525701,65.52642953280996],[22.364079812248825,65.52667030111901],[22.36566996828764,65.5276752684961],[22.367386365368237,65.52759150611139],[22.36705825791079,65.52796837175242],[22.364054509460495,65.52811493716241],[22.363953559052888,65.52775901152646],[22.362615778716023,65.5276438427278],[22.36238852990267,65.52837662568079],[22.3598138232717,65.52850217799515],[22.359157356553705,65.52925587821291],[22.35925824855757,65.52961180762834],[22.36011652469311,65.5295699644743],[22.35988919162921,65.5303027445069],[22.35731428051576,65.53042825631293],[22.35655683157519,65.53082601542833],[22.357566467068644,65.53131808322694],[22.357818672597798,65.53220790953016],[22.35600107345125,65.53193563491516],[22.354915220935684,65.53271022968976],[22.355546129624216,65.53340118501679],[22.354316900530222,65.53333556943157],[22.35525561,65.53664913]],[[22.371121562536935,65.52542445675803],[22.371222599757843,65.52578037674552],[22.37079353510803,65.52580132970473],[22.37026344397898,65.52546636077925],[22.371121562536935,65.52542445675803]],[[22.422201045371985,65.53519112134066],[22.42263021438247,65.53517002151723],[22.422681106593704,65.53534796052061],[22.422201045371985,65.53519112134066]],[[22.42161922081502,65.53467840175644],[22.42204838196232,65.53465730366216],[22.422099268999755,65.53483524291312],[22.42161922081502,65.53467840175644]],[[22.371651663647572,65.5257594225768],[22.371702186273595,65.52593738236185],[22.371273119508402,65.5259583367025],[22.371651663647572,65.5257594225768]],[[22.367562970592907,65.52668075570526],[22.367133887601558,65.5267016984662],[22.367083394327455,65.52652373686374],[22.367562970592907,65.52668075570526]],[[22.360066072558308,65.5293920001222],[22.360495206610672,65.52937107690222],[22.360545661622105,65.5295490410826],[22.360066072558308,65.5293920001222]],[[22.35597533396527,65.5333802739203],[22.35602576751517,65.53355823981933],[22.35559656029639,65.53357915108745],[22.35597533396527,65.5333802739203]]],[[[22.424223133350928,65.53617434531968],[22.424274038787516,65.5363522836547],[22.424703224869518,65.53633117777997],[22.424223133350928,65.53617434531968]]],[[[22.31539356237628,65.52524884521478],[22.314964452572273,65.525269640253],[22.315443700350237,65.52542682753712],[22.31539356237628,65.52524884521478]]],[[[22.36635105808193,65.50093904095179],[22.366401486687373,65.50111700345263],[22.367258813305437,65.50107512923853],[22.36635105808193,65.50093904095179]]],[[[22.354779470848445,65.44773801197626],[22.355207272369928,65.44771711705849],[22.355157043967942,65.44753914880258],[22.354779470848445,65.44773801197626]]]]}},{"type":"Feature","properties":{"cyano_daymap_file_id":4185,"date":"2018-08-31Z","cloud":null,"sub_surfac":null,"surface":null,"no_data":null,"class":1,"color_hex":null,"algae_class":"class_1","source_date":"2018-08-31"},"geometry":{"type":"MultiPolygon","coordinates":[[[[21.92821676,65.40357047],[21.92993366423559,65.41004342680345],[21.930350366443594,65.41033784254809],[21.93206071717197,65.41025907757084],[21.93224981056835,65.41097161326941],[21.930681207281612,65.41158478430167],[21.931203354089828,65.41192136228914],[21.93046915843539,65.41206231099746],[21.930579209999994,65.41247721999997],[21.95195950999999,65.41149122999998],[21.954330879999993,65.42039751999998],[21.96236462002363,65.42002583451836],[21.962273357313915,65.4196835922539],[21.96422186836955,65.41887218839406],[21.964507032912554,65.41831803753189],[21.965504957213653,65.41881282522733],[21.96745330244774,65.41800138119248],[21.96735824576563,65.41764514040742],[21.96906893802252,65.4175659524027],[21.96935398673448,65.41701179347288],[21.970209310002367,65.41697219079536],[21.97134995060338,65.41800129703047],[21.970399497730856,65.41768466800569],[21.970209561422962,65.41859506741753],[21.96935418525617,65.41863467060082],[21.96859388291323,65.41903050882942],[21.9691166637471,65.41936694938468],[21.9678335576909,65.41942634344129],[21.96792489351828,65.419768585351],[21.972654598344757,65.41954976290823],[21.973726182871875,65.41879284242226],[21.974581556211056,65.41875321447021],[21.974486399461266,65.41839697914091],[21.975434771218662,65.41835303599763],[21.973338029999997,65.41050221],[21.994714769999998,65.40951018999999],[21.997100440000004,65.41841567],[22.014113281629093,65.41762363211784],[22.016012789887736,65.4150245179115],[22.017715294134934,65.41456484153886],[22.017455365269043,65.41359749154206],[22.01605756015209,65.41357977077665],[22.0168169776374,65.41318370184868],[22.017087950394227,65.41223012213987],[22.016089729999997,65.40851515],[22.033962114708626,65.40767927579394],[22.034421131417883,65.40460740693635],[22.035227971984476,65.40438934548575],[22.03617440270333,65.40308272614783],[22.038830144954012,65.40169613487167],[22.038734191478287,65.40133994783477],[22.039920251079874,65.40092377488047],[22.03982428623324,65.40056758864391],[22.041768948846318,65.39975522033717],[22.041672964093227,65.3993990354649],[22.04252758111669,65.39935902946294],[22.042858889553212,65.39898284067415],[22.04542268480503,65.39886278849757],[22.048173576174886,65.39783222311358],[22.055389113451636,65.39731362318861],[22.05639072541024,65.39746676022864],[22.054025469999996,65.38870735],[22.075380769999995,65.38770408999999],[22.07056495,65.369896],[22.049223889999997,65.37089844],[22.05162378,65.37980292],[22.024014189054814,65.3810939038068],[22.024349882766824,65.38163444970998],[22.02326008218483,65.38240669432294],[22.022405980967616,65.38244658610122],[22.022928686370225,65.38278284094247],[22.02164751422232,65.3828426741718],[22.02050977135538,65.38343679952658],[22.020273948101988,65.38416914268878],[22.01904050586757,65.38440705556658],[22.018995860646584,65.38585180296589],[22.01634060870057,65.38723804030572],[22.015820867043853,65.38852461342606],[22.01435115065945,65.38949482801763],[22.011026641525337,65.38964982755046],[22.01130948,65.39070483000002],[22.000160676747385,65.39141827527527],[22.000305787410017,65.39357546074895],[21.99888096058181,65.39310078036522],[21.999167099239234,65.39416943391142],[21.997885306414975,65.39422907102512],[21.996652994503787,65.39608966914503],[21.995134478250986,65.3968815971693],[21.994279854798254,65.39692133450117],[21.99200186636011,65.39810918697181],[21.991717482760187,65.39866338245609],[21.988203459440793,65.39846600200038],[21.98711067416751,65.39761513405819],[21.985496561373907,65.39805074164629],[21.98407174729044,65.39757592116447],[21.98321708101282,65.39761559617627],[21.982077827757237,65.39820944558846],[21.98222058568518,65.39874379131764],[21.980890944994186,65.3986251711695],[21.98103368150836,65.39915951822488],[21.97965645413577,65.3988627715927],[21.97761477095032,65.39931812263144],[21.97505055809532,65.39943702533094],[21.974860404041355,65.39872455346439],[21.973483266631355,65.39842774956313],[21.974717795981487,65.39819019933022],[21.974575194333116,65.39765584499528],[21.973150594386404,65.39718091922202],[21.973577543344387,65.3955382349818],[21.97220058928887,65.3952414175883],[21.973387463388747,65.3948257605042],[21.97367219942258,65.39427159621248],[21.97215278700896,65.39344042164339],[21.973007337655115,65.3934008104787],[21.972769782209923,65.39251021598817],[21.970870749253393,65.39187695167371],[21.970490811633805,65.39045199343312],[21.968544509307243,65.38964057779518],[21.969351463211698,65.38942286789514],[21.969066599723376,65.3883541455339],[21.969826030366768,65.38795831308106],[21.970537789977143,65.38576147886967],[21.97139209386228,65.38572187922558],[21.971249641697998,65.38518752020896],[21.972056437291666,65.38496979732693],[21.972625763378122,65.38386147446326],[21.973432506933232,65.38364374470758],[21.973954253370728,65.38235729869676],[21.975093024971162,65.38176351517272],[21.974903024473512,65.38105104169341],[21.975757167301182,65.38101141884256],[21.975946710274197,65.38010101569044],[21.977180362396446,65.37986345363872],[21.977796885194653,65.3789332317466],[21.982398271324996,65.37673605728268],[21.982255654389686,65.37620171018985],[21.98353661111735,65.37614221403905],[21.984200375777764,65.37539008406048],[21.985565679914846,65.37529390794373],[21.98518997,65.3738877],[21.96384176,65.37487811],[21.968586339999998,65.39269026999999],[21.9472221,65.39367848],[21.944856049999995,65.38477201999999],[21.92349717,65.3857568],[21.92329362833069,65.38498767838236],[21.915115044741814,65.39805648849732],[21.916264641208578,65.39800364742257],[21.919067804490577,65.39715353157523],[21.920777337561308,65.39707490233567],[21.920871672379274,65.39743117937981],[21.92167927262249,65.39721371869658],[21.92224818667616,65.39772846982198],[21.923102967574774,65.39768913945376],[21.924099317391633,65.39818421615489],[21.923622032268888,65.3996486522871],[21.92029408066301,65.40178514300437],[21.920435604823485,65.40231955874951],[21.919580668370322,65.40235887546713],[21.92014965890425,65.4028736337405],[21.91929470389372,65.40291294901247],[21.91938904396971,65.40326922689876],[21.92166958824246,65.40387143580598],[21.92821676,65.40357047]],[[21.966883046507068,65.41748681380568],[21.967310718493803,65.41746701998146],[21.96735824576563,65.41764514040742],[21.966883046507068,65.41748681380568]],[[21.97215278700896,65.39344042164339],[21.971678006666203,65.3932821060793],[21.97210528020341,65.39326230246587],[21.97215278700896,65.39344042164339]],[[21.971203232030764,65.39312378896436],[21.971630503426116,65.39310398671749],[21.971678006666203,65.3932821060793],[21.971203232030764,65.39312378896436]],[[22.033789526044227,65.39904649087626],[22.03293490309801,65.39908644738897],[22.03288697174376,65.39890835155792],[22.033693652640093,65.39869029984524],[22.033789526044227,65.39904649087626]],[[22.020880843720853,65.4025348254845],[22.020453463972288,65.40255476840629],[22.020357755966213,65.40219856732016],[22.020880843720853,65.4025348254845]],[[21.99361587067213,65.39767351076205],[21.993663533003645,65.39785162164297],[21.99323620450687,65.39787148690515],[21.99361587067213,65.39767351076205]],[[21.97310417628309,65.40187142839747],[21.972676763585373,65.40189123617407],[21.972629234728906,65.40171311739624],[21.97310417628309,65.40187142839747]],[[21.931725514461107,65.41225793833763],[21.931297894975824,65.41227763075204],[21.931250624178396,65.41209949653165],[21.931725514461107,65.41225793833763]]],[[[22.01848254,65.41742022],[22.018304143496135,65.4167563004432],[22.016966824612837,65.41696370360002],[22.016690105251335,65.41750366733073],[22.01848254,65.41742022]]],[[[22.0570804137387,65.40002092963154],[22.057013101583617,65.40012292793446],[22.057127850147914,65.400196604092],[22.0570804137387,65.40002092963154]]],[[[21.915010788367947,65.39816975364266],[21.9148830250503,65.39824745893249],[21.91502956477157,65.39824072401535],[21.915010788367947,65.39816975364266]]]]}},{"type":"Feature","properties":{"cyano_daymap_file_id":4185,"date":"2018-08-31Z","cloud":null,"sub_surfac":null,"surface":null,"no_data":null,"class":1,"color_hex":null,"algae_class":"class_1","source_date":"2018-08-31"},"geometry":{"type":"Polygon","coordinates":[[[22.729971159999995,65.69844787999999],[22.73264163,65.70733826],[22.711055139999996,65.70843702999998],[22.71372035,65.71732779999999],[22.69212457,65.71842398],[22.69478451,65.72731513],[22.699218690948197,65.72709003708755],[22.698318369184445,65.72624718360252],[22.69859086277509,65.72569180053382],[22.699455284597903,65.72564795637243],[22.701173809009095,65.7269907891715],[22.712109327937483,65.72643566798148],[22.7169667140691,65.7103161878469],[22.7354728450427,65.7111853927368],[22.7390399327984,65.7110226303001],[22.745418013632495,65.709109227441],[22.747244315396795,65.7065474501637],[22.747715649125997,65.69814462065249],[22.8019485963681,65.6980889054477],[22.822795096068184,65.69367604894362],[22.729971159999995,65.69844787999999]],[[22.739206128931322,65.70755892602719],[22.73936655839434,65.70809233831338],[22.7374210262465,65.70891370901663],[22.736125346868786,65.70897978721419],[22.73628994812207,65.7080687359335],[22.737857056704247,65.70744721399123],[22.739206128931322,65.70755892602719]]]}},{"type":"Feature","properties":{"cyano_daymap_file_id":4185,"date":"2018-08-31Z","cloud":null,"sub_surfac":null,"surface":null,"no_data":null,"class":1,"color_hex":null,"algae_class":"class_1","source_date":"2018-08-31"},"geometry":{"type":"MultiPolygon","coordinates":[[[[22.55279690349406,65.60810754790378],[22.55113184339377,65.60730365450526],[22.550182269243653,65.60554627788007],[22.55110932249713,65.60423666025888],[22.552295978869523,65.60381646055527],[22.551776612141396,65.60203761457824],[22.554683695557642,65.60153148137078],[22.556522567698053,65.60035674594334],[22.55743475614498,65.6004916464108],[22.557760928775018,65.6001143888655],[22.561097769805894,65.59958664233622],[22.561749977204492,65.59883211218036],[22.56045973086959,65.59889661962646],[22.560355763329486,65.59854085712955],[22.561490020912245,65.59794270839734],[22.565308572717033,65.59757124930609],[22.565582580226465,65.59701609719956],[22.568454973266334,65.59606682719658],[22.56805134249742,65.59468723504982],[22.567590540171658,65.59493032580217],[22.567966753998647,65.59439811529585],[22.5664975,65.58937627],[22.580572551268506,65.58866980756468],[22.578992841084553,65.5876813039948],[22.57716917301257,65.5874117498716],[22.576531029313752,65.58672179593451],[22.57561923658871,65.58658700638297],[22.575944979866236,65.58620971410426],[22.574225540497864,65.5862958736758],[22.574121445556788,65.58594012194258],[22.575632635226196,65.58514246284437],[22.577404059827508,65.5852341627026],[22.578159594895563,65.58483531927587],[22.577625625252775,65.5845011181094],[22.576765966904745,65.58454420924713],[22.576245392279354,65.58276545963191],[22.576896761992856,65.58201087288532],[22.57775633645251,65.58196778185881],[22.577600154172863,65.58143415828917],[22.579319259074996,65.58134796382491],[22.580022579698678,65.58077123871115],[22.581311869477936,65.58070657447087],[22.58165054186297,65.57888473072448],[22.57817388436844,65.57743473282653],[22.576884747144636,65.57749936880832],[22.576142793315466,65.57645366048968],[22.574853698565736,65.57651827875354],[22.572978845778007,65.57607078981036],[22.57040066818825,65.57619996139164],[22.56808237471916,65.57721848264659],[22.56823833151319,65.57775211830165],[22.56727491674499,65.57743939631786],[22.56700112737417,65.5779945492172],[22.564252790342266,65.57903453008294],[22.564564580286667,65.58010181038318],[22.563549159911386,65.57961118510647],[22.561830106757352,65.5796972000873],[22.55794779495556,65.58133521493896],[22.55848144787647,65.58166948864984],[22.557621844838877,65.5817124706002],[22.557777619745785,65.58224611887574],[22.55643626626422,65.58213270104191],[22.555850717506335,65.58162053644777],[22.554991110847865,65.58166350350776],[22.554353701306912,65.5809734487833],[22.55321999436396,65.58157153848992],[22.551930577776965,65.58163596492714],[22.55079678592273,65.58223403736169],[22.550900544345456,65.58258980850101],[22.54746193157273,65.58276153700803],[22.5468615360698,65.58369389323947],[22.54567568978661,65.58411404218165],[22.54481598057479,65.58415695254527],[22.54509030385258,65.58360183435106],[22.542081363053885,65.5837519872365],[22.541925898949955,65.58321831968723],[22.54111802667543,65.58343909811059],[22.541703331288797,65.58395132211045],[22.540843619555258,65.58399420995916],[22.54025833069012,65.58348198247874],[22.541770441875276,65.58268465190852],[22.541133353747153,65.58199453831685],[22.539895683757244,65.58223675254985],[22.539621261562118,65.58279186233422],[22.53870978670181,65.58265684747938],[22.538606194505036,65.58230106631538],[22.53688686457345,65.58238680104046],[22.537042219421497,65.58292047486177],[22.535649134444043,65.58262898118988],[22.534463149182397,65.5830490437704],[22.533878007146967,65.58253679016227],[22.53511575030535,65.58229462435077],[22.533670959050017,65.58182521978092],[22.53533849306302,65.581561629843],[22.53502787977108,65.58049427757963],[22.533686704799898,65.58038065652651],[22.533583192143613,65.580024871128],[22.530849176840878,65.57961969700874],[22.529989586547046,65.57966252203995],[22.52971497548827,65.58021761577784],[22.527995747814575,65.58030324856696],[22.527032706296914,65.57999026691398],[22.524557255057402,65.58047445599061],[22.5239723671953,65.57996216156862],[22.522734624667613,65.58020423633009],[22.522527903390774,65.57949264743642],[22.52386898924958,65.57960636817644],[22.52581118061829,65.57878779950354],[22.525707783177406,65.57843200756463],[22.52479653010263,65.57829690677018],[22.525604388852802,65.57807621552408],[22.525019537372813,65.57756392478184],[22.529265441060346,65.57717200062635],[22.530622360827014,65.57584109791985],[22.529659457264945,65.57552813157562],[22.531808087720496,65.57542106802966],[22.531068000169483,65.5743751202756],[22.529349163442383,65.57446076446823],[22.528816033038098,65.5741263828975],[22.531875683649186,65.57415439736064],[22.532528152352835,65.57339999045163],[22.53166877061153,65.57344282290053],[22.531135632494642,65.57310844957382],[22.533284056072194,65.57300136718307],[22.53233707398494,65.57124385292217],[22.53051502148579,65.57097372103135],[22.526270146270264,65.57136566982024],[22.52241954985574,65.5701136468025],[22.52719729549642,65.57005619770989],[22.52967171373307,65.56957197596323],[22.529568307700167,65.56921618675851],[22.531716418130888,65.56910912977166],[22.531612986396336,65.56875334222394],[22.532472213588807,65.5687105116565],[22.534309870406812,65.56753605818282],[22.53522078884939,65.56767110513074],[22.536354330408845,65.56707315184985],[22.537213492797548,65.56703029503814],[22.53794786718526,65.56623246210918],[22.53723052,65.56376710000002],[22.540096098391974,65.56345746570801],[22.538978296504546,65.56261088334834],[22.539837306599818,65.56256801319398],[22.541725973897407,65.56157136787549],[22.54296265314488,65.56132914875181],[22.54306620424396,65.56168492732246],[22.54435466027232,65.56162058607497],[22.54493951110754,65.56213280212303],[22.54569490327845,65.56173412212425],[22.54741283588924,65.56164830161953],[22.54768689425063,65.56109318146271],[22.550796835110617,65.56129871643675],[22.553817805336507,65.55970386303726],[22.553936175237716,65.55861507841126],[22.554846873246653,65.55875000952967],[22.55555016180476,65.55817339846118],[22.557273833258613,65.55778267850353],[22.55611258,65.55379996],[22.570222941706373,65.55309194148488],[22.57207803940618,65.55211173496156],[22.57503114919004,65.55178314938298],[22.575616364508807,65.552295243144],[22.57690425946286,65.55223063062243],[22.579545307099796,65.55083470500917],[22.581262386969073,65.5507485091285],[22.581574464959218,65.55181575129625],[22.58023459813541,65.55170252904402],[22.580767902064032,65.55203672773692],[22.578833995241183,65.55265986288445],[22.59904303,65.55164583],[22.59645262151832,65.54280473837446],[22.595866883370434,65.54261452198858],[22.596568836127947,65.54203773416758],[22.595735431782543,65.53919184855046],[22.592796604014858,65.53807628438457],[22.592484265413436,65.5370090681207],[22.593238208136846,65.5366101658732],[22.59308203687404,65.53607655830172],[22.594641892984928,65.53545661367075],[22.59491469586435,65.53490142106368],[22.596578589397062,65.53463719438693],[22.59647443841101,65.53428145870454],[22.598996226976958,65.53397402050906],[22.599581486986317,65.53448602106852],[22.603013322925793,65.53431317905138],[22.604248120898927,65.53407047871671],[22.604949666366704,65.53349365622556],[22.60628868526661,65.53360666835947],[22.606653684236004,65.53485171444036],[22.6079927798737,65.53496471070306],[22.608630398744424,65.53565453722662],[22.606810124131165,65.53538530523066],[22.607123025101668,65.5364524861141],[22.606317155871718,65.53667359156117],[22.60647360207069,65.53720718264117],[22.60561555956414,65.53725042092785],[22.606201025853366,65.53776239376859],[22.605395108585263,65.5379834947986],[22.60549939901751,65.53833922291386],[22.604589177475248,65.53820459167756],[22.60388750311514,65.5387814138362],[22.605331084018548,65.53925016082309],[22.605435379689393,65.53960588893172],[22.60366699289247,65.53951448580327],[22.603550746244757,65.54060328719142],[22.602692586212488,65.54064651010565],[22.60300539493282,65.54171370048651],[22.601288996503975,65.54180013606425],[22.60139324936756,65.54215586740335],[22.59984374153998,65.54258082395907],[22.617892409999996,65.54167131999999],[22.622685912235337,65.55796717064713],[22.622937162774967,65.55767517443113],[22.625083856714706,65.55756680764905],[22.62518851033567,65.55792251849454],[22.623952798438843,65.55816539917792],[22.625020800826178,65.55883347217559],[22.624905411574595,65.55992228125821],[22.62342609370642,65.56048347002749],[22.62835586,65.57724256],[22.63967173063266,65.57667051642508],[22.640893544923568,65.57572045615389],[22.642664508902932,65.57581139765763],[22.643712776475894,65.57646623216046],[22.64983776,65.5761566],[22.644587709999996,65.55837199999999],[22.656485691272522,65.55776889006313],[22.653149665844474,65.5566886651873],[22.65256267748827,65.55617689623061],[22.64939906780071,65.55579566391512],[22.64929409420327,65.55543997312728],[22.64843521774537,65.55548347578367],[22.647418918169002,65.55499343507947],[22.644203073318906,65.554434245507],[22.643511586920685,65.5535667357352],[22.642548209480957,65.55325449235829],[22.64309207601498,65.55214395190752],[22.646159814381523,65.55072511847904],[22.64605490959382,65.55036942475148],[22.647772332093755,65.55028244498476],[22.64970918883954,65.54946231170938],[22.649341887940245,65.54821739335611],[22.65009557579796,65.54781819756204],[22.649403923685988,65.54695072292209],[22.649413493993812,65.5455062069085],[22.64731956394824,65.5457927942211],[22.646680504282052,65.5451031521318],[22.644534144927757,65.54521185399335],[22.643570751293197,65.54489963021416],[22.642764626403928,65.54512094533622],[22.641371986417468,65.54483043899391],[22.640408963751923,65.5445181783705],[22.640251770558113,65.54398463011334],[22.63736290634759,65.54304780637985],[22.636891567002728,65.54144714917943],[22.63947589002907,65.5398723722487],[22.641569280455858,65.53958590550043],[22.642270449127015,65.53900890096841],[22.646132983832153,65.53881328291345],[22.647368048875727,65.53857020851919],[22.647692342193682,65.53819277074675],[22.64940895667181,65.53810578073768],[22.649733214733264,65.53772833895552],[22.653438080320292,65.53699900076019],[22.654401290339898,65.53731116358657],[22.654611203871255,65.53802253824634],[22.65552197926247,65.53815684984954],[22.655836912443533,65.53922390875718],[22.653576772669986,65.54042156105973],[22.65416340658655,65.54093332967105],[22.65330501748344,65.54097685493089],[22.65303325137649,65.54153214842913],[22.652174840296762,65.5415756675036],[22.65200798898487,65.54248664852028],[22.652918909570552,65.54262097430292],[22.653505582900205,65.54313274506784],[22.656667696171567,65.54351390695206],[22.65725446358887,65.54402566221309],[22.658542184596204,65.5439603374653],[22.658699751686267,65.54449386284422],[22.660574345119368,65.54494026710178],[22.66174812317902,65.54596374254932],[22.66269237823635,65.54591581311193],[22.660796720000004,65.53949994],[22.682245909999995,65.53840971999999],[22.679613439999994,65.52951807999999],[22.65817142,65.53060786],[22.655548089999996,65.52171571],[22.609187714234693,65.5240582744395],[22.60893269819627,65.52480975994229],[22.60742594214501,65.52560770544561],[22.599330125616,65.52619615489515],[22.5978229917989,65.52699400859657],[22.596965267671216,65.52703719455197],[22.596315766152422,65.52779184822388],[22.59545801280321,65.52783502593097],[22.59491254953875,65.52894541110601],[22.594106801354698,65.529166450253],[22.59237373728779,65.52886914330362],[22.59383355,65.53385906],[22.57235325536657,65.53483245462185],[22.57148833011469,65.5351759825951],[22.571644053350635,65.53570961700686],[22.5698760276525,65.53561781523928],[22.569550785515524,65.53599508926654],[22.56659938034339,65.5363235505191],[22.564284395593162,65.53734197972845],[22.564062775870816,65.53807500516798],[22.562553873422836,65.53887252541058],[22.560889344016637,65.5391363842979],[22.559003003103957,65.54013324486093],[22.552471642609536,65.54129777173958],[22.55352123,65.54490573],[22.53206027,65.54597781],[22.534230389687984,65.55344739194622],[22.534364096991304,65.55273463837594],[22.536303992506507,65.55191595850766],[22.538879972464333,65.5517873896093],[22.53941275516201,65.55212173925034],[22.540700749557065,65.55205743378238],[22.539635168152,65.55138874185552],[22.542262822114218,65.55143800683958],[22.541626535724255,65.5507478872822],[22.542485149806886,65.55070500612582],[22.542692140274173,65.5514165649524],[22.545164501557238,65.55093211097338],[22.544512928047926,65.55168656315759],[22.540049019120126,65.55281186834561],[22.53870926005882,65.55269827741566],[22.539035148145054,65.55232106313697],[22.537747135773127,65.552385354614],[22.53505194605271,65.55360268263553],[22.534286598758932,65.55364086434494],[22.534644420000003,65.55487249000001],[22.513174319999997,65.55594198999998],[22.523346104748956,65.59095947044096],[22.52439182431262,65.59040853118228],[22.525251780536323,65.59036573421862],[22.525904823127537,65.58961135000693],[22.528054634501462,65.5895043277829],[22.52832936777785,65.58894923580205],[22.530049165075887,65.58886359346906],[22.530582624975423,65.58919796738797],[22.531820714423052,65.58895582499456],[22.53209536164735,65.5884007270566],[22.53032384951364,65.58830849836664],[22.530220344790354,65.58795271058007],[22.529308732707968,65.58781764055144],[22.530598522874254,65.58775340287926],[22.53070203180991,65.58810919036473],[22.53161366097612,65.58824425183873],[22.53333339866821,65.58815857283395],[22.53183654406263,65.58751126104664],[22.533126311525972,65.58744700208757],[22.534089706154468,65.5877599414418],[22.534882113527114,65.58898376107393],[22.53402222206097,65.58902661203281],[22.533799390398055,65.58975960552432],[22.532887696947537,65.58962455784824],[22.53304302191258,65.5901582360863],[22.532131318005195,65.59002318396499],[22.532716603452645,65.5905354428849],[22.531426681750826,65.59059969991391],[22.531685522370072,65.59148916640157],[22.530017317015826,65.59175272291637],[22.52850432598132,65.59254994507776],[22.52833306511172,65.59346082686194],[22.527042985384746,65.59352504817207],[22.527146473402873,65.59388083830432],[22.52450306153591,65.59494242059752],[22.52867691,65.60931135000001],[22.55279690349406,65.60810754790378]],[[22.54566073934763,65.54964399104426],[22.5469485927788,65.54957963384322],[22.547274323888438,65.549202403428],[22.548132875881326,65.54915949086394],[22.548029315684357,65.54880371587097],[22.550123859952038,65.54851852839916],[22.54871750547919,65.54967169453712],[22.547858937786312,65.54971461057737],[22.548014282312955,65.55024827317445],[22.546297103054624,65.55033409285183],[22.545164501557238,65.55093211097338],[22.54566073934763,65.54964399104426]],[[22.649227378799026,65.54930621822247],[22.64879804189425,65.54932796892649],[22.64874557450742,65.54915012314258],[22.649227378799026,65.54930621822247]],[[22.633945230295407,65.57137863898194],[22.633086117718186,65.57142204408034],[22.633033703889396,65.57124419227296],[22.633945230295407,65.57137863898194]],[[22.60755203212187,65.53643086345025],[22.60760418790112,65.53660872666303],[22.607175178009197,65.53663034950434],[22.60755203212187,65.53643086345025]],[[22.606722558996037,65.53954103002299],[22.606293500011798,65.53956265086799],[22.606241346039134,65.53938478718135],[22.606722558996037,65.53954103002299]],[[22.6057079892961,65.53905067883468],[22.606409629695133,65.53847384858018],[22.606618246090456,65.53918530297868],[22.6057079892961,65.53905067883468]],[[22.60294518644382,65.52962385437387],[22.603049403172385,65.5299795849146],[22.603907211818473,65.52993636358468],[22.6041156776427,65.53064782293848],[22.601425854985624,65.53186627711335],[22.600788524086337,65.53117641729017],[22.60294518644382,65.52962385437387]],[[22.603811446946697,65.5414926108],[22.603382352958107,65.54151422374821],[22.603330214121726,65.54133635890078],[22.603811446946697,65.5414926108]],[[22.573587388226397,65.5513141151273],[22.57401667319809,65.55129258472887],[22.574068636128402,65.55147046146797],[22.573587388226397,65.5513141151273]],[[22.573210059650346,65.55151352140867],[22.573639348280448,65.55149199204314],[22.57369130911665,65.55166986893327],[22.573210059650346,65.55151352140867]],[[22.57170361896155,65.54635507531562],[22.571274412944575,65.54637659834782],[22.57122248131563,65.54619872033518],[22.57170361896155,65.54635507531562]],[[22.570194490033597,65.54715267410211],[22.5697652693896,65.54717419300326],[22.569661423662577,65.54681843574431],[22.570194490033597,65.54715267410211]],[[22.568668057498268,65.57773059858441],[22.568720047545753,65.57790847690806],[22.56829031867784,65.57792999680207],[22.568668057498268,65.57773059858441]],[[22.559732023931687,65.59640627999683],[22.561400204349795,65.59614239665484],[22.561504174611624,65.5964981584037],[22.560266020900475,65.5967405439596],[22.559732023931687,65.59640627999683]],[[22.55918524531154,65.58109285546702],[22.55923717868626,65.58127073762157],[22.558807384891956,65.5812922312721],[22.55918524531154,65.58109285546702]],[[22.558207430308276,65.58222462797656],[22.558259359726577,65.58240251050734],[22.557829546279866,65.58242400158309],[22.558207430308276,65.58222462797656]],[[22.55747305521256,65.54833136607506],[22.557043802514823,65.54835284922106],[22.556940124639166,65.54799708152755],[22.55747305521256,65.54833136607506]],[[22.551944514888007,65.54878843854924],[22.552699422061814,65.5483897285573],[22.552803043976983,65.54874549972533],[22.551944514888007,65.54878843854924]],[[22.553025055136352,65.54801248676577],[22.55388355653752,65.54796954209415],[22.553557936526836,65.54834678559989],[22.552699422061814,65.5483897285573],[22.553025055136352,65.54801248676577]],[[22.5538573896798,65.5822615981304],[22.55342757417789,65.58228307673828],[22.553375678051253,65.58210519221454],[22.5538573896798,65.5822615981304]],[[22.55245533097555,65.55652340256513],[22.552025938423608,65.55654487290177],[22.551974113672653,65.55636698719445],[22.55245533097555,65.55652340256513]],[[22.550523337379225,65.55138617702683],[22.5500940274944,65.55140764104272],[22.550042228241676,65.55122975441904],[22.550523337379225,65.55138617702683]],[[22.546540859975085,65.5526680914635],[22.547777073460647,65.55242583775305],[22.547673502462402,65.5520700626213],[22.548480357986804,65.55184925958854],[22.54906505796654,65.55236146120995],[22.54755488357539,65.5531588448431],[22.547762035892067,65.5538703950971],[22.54695511233225,65.55409119499375],[22.547058683217486,65.55444697062134],[22.544156654528848,65.55495290635342],[22.543897826088102,65.5540634611844],[22.54626685518651,65.55322320898145],[22.546540859975085,65.5526680914635]],[[22.54725742168643,65.56111463908623],[22.546827948342116,65.56113609549942],[22.54677614804743,65.56095820776112],[22.54725742168643,65.56111463908623]],[[22.545968999313292,65.56117900469471],[22.54553952362888,65.56120045747683],[22.54548773197228,65.56102256921004],[22.545968999313292,65.56117900469471]],[[22.544784144055445,65.56159913657167],[22.545213627058665,65.561577685858],[22.54526541817565,65.56175557422446],[22.544784144055445,65.56159913657167]],[[22.54448980497614,65.58453418223272],[22.544059942646598,65.58455563473792],[22.54400810505137,65.58437774641287],[22.54448980497614,65.58453418223272]],[[22.542433404137487,65.55052711635547],[22.542862707133484,65.55050567413858],[22.542914455679778,65.5506835637329],[22.542433404137487,65.55052711635547]],[[22.540442073664376,65.5511679811675],[22.54124896533203,65.5509472163186],[22.5413524433034,65.55130299678791],[22.540442073664376,65.5511679811675]],[[22.540206521642922,65.58330409256537],[22.540154713376594,65.58312620262647],[22.540584555989827,65.58310476140056],[22.540206521642922,65.58330409256537]],[[22.53920584741726,65.55141017509781],[22.539154122427792,65.55123228399604],[22.53958344028537,65.55121085092972],[22.53920584741726,65.55141017509781]],[[22.53783460388958,65.58414427926178],[22.537404741385732,65.5841657128868],[22.537352950191934,65.58398782181676],[22.53783460388958,65.58414427926178]],[[22.535617876383256,65.58551810577704],[22.536047762988044,65.58549667697797],[22.536099548885023,65.58567456854867],[22.535617876383256,65.58551810577704]],[[22.536099548885023,65.58567456854867],[22.536581227158074,65.58583102973087],[22.536151335562614,65.58585246009395],[22.536099548885023,65.58567456854867]],[[22.53580446566909,65.58316265651965],[22.535374617353973,65.58318408424132],[22.535322842383597,65.58300619231412],[22.53580446566909,65.58316265651965]],[[22.535156695217147,65.58842865824973],[22.535208482060444,65.58860655011742],[22.534778543271248,65.58862797706266],[22.535156695217147,65.58842865824973]],[[22.53106020834322,65.58484285920069],[22.53149008832317,65.58482144339969],[22.531541841462516,65.58499933685819],[22.53106020834322,65.58484285920069]],[[22.531541841462516,65.58499933685819],[22.532453364543883,65.58513439434984],[22.531593595381942,65.58517723029121],[22.531541841462516,65.58499933685819]],[[22.534602773794585,65.5850272832901],[22.53518798899793,65.58553953336433],[22.53389832215915,65.58560380885542],[22.532453364543883,65.58513439434984],[22.534602773794585,65.5850272832901]],[[22.535013846582594,65.56695953555462],[22.534584264762266,65.56698095833612],[22.534532534024848,65.56680306570252],[22.535013846582594,65.56695953555462]],[[22.534136834822057,65.5834262525663],[22.534670230665295,65.58376061273493],[22.53381051126192,65.58380346075293],[22.533328887504307,65.58364699021325],[22.534136834822057,65.5834262525663]],[[22.5338826021666,65.58704837190027],[22.53345268779221,65.58706979483692],[22.533400916632477,65.58689190221186],[22.5338826021666,65.58704837190027]],[[22.53207434600928,65.56584279895607],[22.531060099559568,65.56535194411185],[22.53186750716594,65.56513122403885],[22.531970925029885,65.56548701154829],[22.532830043825,65.56544418004823],[22.53207434600928,65.56584279895607]],[[22.531406620014216,65.58753267827582],[22.5313548617244,65.58735478482151],[22.531784782886625,65.58733336776834],[22.531406620014216,65.58753267827582]],[[22.529138683277264,65.56923759452314],[22.5290869843109,65.56905969970683],[22.529516605852017,65.56903829211801],[22.529138683277264,65.56923759452314]],[[22.52868600607294,65.56168038157415],[22.528256504983325,65.56170178558718],[22.528204830072145,65.56152389023121],[22.52868600607294,65.56168038157415]],[[22.528500608342725,65.58803835424173],[22.528070672280744,65.58805976212719],[22.528018935521214,65.58788186731594],[22.528500608342725,65.58803835424173]],[[22.527775331084257,65.56154529285797],[22.5273458313182,65.56156669427422],[22.527294162945143,65.56138879854134],[22.527775331084257,65.56154529285797]],[[22.52593778192926,65.56271966591574],[22.527003498378292,65.56338845292217],[22.52336064463488,65.56284802626466],[22.52593778192926,65.56271966591574]],[[22.525940791662915,65.5672312635516],[22.52576955530655,65.5681421421079],[22.52291722979045,65.56882558681922],[22.521799738931296,65.56797887450034],[22.52245235824027,65.56722450949874],[22.525940791662915,65.5672312635516]],[[22.524315063052246,65.57814040599915],[22.523885286227507,65.57816180040132],[22.52383360177009,65.57798390363978],[22.524315063052246,65.57814040599915]],[[22.52407574825702,65.58031795485928],[22.523645935261655,65.58033934894779],[22.523594247225933,65.58016145213938],[22.52407574825702,65.58031795485928]],[[22.52377382655049,65.56427120405172],[22.522914728473207,65.56431398396052],[22.52281143984981,65.56395818896335],[22.523618877497963,65.5637375125719],[22.52377382655049,65.56427120405172]],[[22.522485178267743,65.5643353720989],[22.522055627284445,65.56435675902657],[22.522003988345368,65.56417886118936],[22.522485178267743,65.5643353720989]],[[22.52092186522393,65.56495460748546],[22.521351427183202,65.56493322366302],[22.521403063471574,65.56511112175004],[22.52092186522393,65.56495460748546]],[[22.521403063471574,65.56511112175004],[22.521884267481237,65.5652676344272],[22.521454700537706,65.56528901981166],[22.521403063471574,65.56511112175004]]],[[[22.60029418213694,65.58767992901254],[22.599457419563265,65.58755638760468],[22.599209648329918,65.58773436450835],[22.60029418213694,65.58767992901254]]],[[[22.60329668961069,65.5875292255656],[22.602687269696574,65.58667202073813],[22.601345514092195,65.58655900465305],[22.60064252394737,65.58713582538788],[22.60110850963612,65.58763905585496],[22.60329668961069,65.5875292255656]]],[[[22.668684469999995,65.56617579],[22.711623970000005,65.56398964],[22.708978359999996,65.55509865],[22.732540882903777,65.55389225931587],[22.7370420418335,65.55151070437127],[22.737635215277507,65.55057766006924],[22.73951610036555,65.54957859967678],[22.740750750358966,65.54933476740372],[22.74102070502074,65.54877933561647],[22.743649212822092,65.54882505588428],[22.745259890411827,65.5483813632256],[22.74408275078892,65.54735857136998],[22.744941165972055,65.54731453080913],[22.745047404255267,65.54767014172108],[22.74719345693339,65.54756001735178],[22.74875085091815,65.54693848456289],[22.750116588123042,65.54694900285178],[22.746581579999994,65.53512092999999],[22.72513834,65.53622021],[22.727787149999997,65.54511088],[22.699586299751783,65.54654849191546],[22.699559946002356,65.54710868416345],[22.69611895454154,65.54872828277801],[22.696277325033037,65.54926176064346],[22.695471532901006,65.54948335306523],[22.69450033210066,65.55061595402066],[22.69486982939307,65.55186073977926],[22.691089644815257,65.55674675641671],[22.689635795134723,65.55772337318848],[22.6902235414612,65.55823499046872],[22.689417422199377,65.55845655405719],[22.689681267301484,65.55934569660567],[22.688498407067843,65.55976695117194],[22.688603936589356,65.56012260897884],[22.687315508342856,65.56018819689453],[22.685914079703565,65.56134261083119],[22.68467832494196,65.56158600706084],[22.68241765761749,65.56278409582443],[22.68069955125413,65.56287147582366],[22.679569095844236,65.56347049597875],[22.677798232529415,65.56338001092341],[22.67575589752737,65.56384483650358],[22.67543171771906,65.56422233331303],[22.673283928961794,65.56433145776928],[22.67167100484968,65.56477440730845],[22.669040934855484,65.56472745285683],[22.66817275902844,65.56444653313011],[22.668684469999995,65.56617579]]],[[[22.571713292999707,65.53263794791499],[22.57119069598277,65.53266416634209],[22.57074789958229,65.53413023256655],[22.572128279226252,65.53406098480681],[22.571713292999707,65.53263794791499]]],[[[22.652926739999998,65.5128235],[22.65030736,65.50393122],[22.628884859999996,65.50501664],[22.626274600000006,65.49612385000002],[22.604857299999995,65.49720581],[22.599656949999996,65.47941915],[22.579048168887603,65.48045711096538],[22.578642924445887,65.48067186628232],[22.579278361178297,65.48136183860949],[22.578607584641027,65.48171728763593],[22.580844049999996,65.48939101999999],[22.572767797635752,65.48979663443973],[22.56965772419687,65.49159137567909],[22.570293208738654,65.4922813853566],[22.56772327874635,65.49241042700561],[22.567605621888465,65.49349921475391],[22.566748936433207,65.4935422186875],[22.565619203744966,65.49414036035174],[22.56587805484221,65.4950297678609],[22.564164573664534,65.49511575241004],[22.562658083308378,65.49591324883828],[22.561103030441444,65.49621878227943],[22.56201684,65.49936068],[22.559781469395745,65.49947246879806],[22.55913557142723,65.5002409023894],[22.559667516647743,65.50057518919365],[22.558810583537106,65.50061815065438],[22.558965799355118,65.50115180319825],[22.55778383199119,65.50157200721324],[22.558315788339648,65.50190629866393],[22.556106899504822,65.50328034450938],[22.55636553624263,65.50416977054348],[22.554274601967506,65.50445500752588],[22.549782473645767,65.50395806946453],[22.54945730599863,65.5043352994567],[22.544159858158366,65.50405898681431],[22.542068789128102,65.50434405630494],[22.542275324936536,65.505055620192],[22.543767573490744,65.50570287547625],[22.542910440713232,65.50574574881414],[22.54184676807142,65.50507705313996],[22.54098965201347,65.50511991541411],[22.54124779624347,65.50600937233615],[22.540442273863285,65.50623012319751],[22.541505959871458,65.50689882862254],[22.541180637167834,65.50727604239349],[22.54032344766643,65.50731890164018],[22.541010204928533,65.50818692977388],[22.543204889730212,65.50825765264808],[22.543788457926603,65.50876988607732],[22.542554253211737,65.50901208671715],[22.54296745281781,65.51043521160565],[22.53883585040492,65.5111831919992],[22.538526104101607,65.51011583840103],[22.536863136132173,65.51037941699758],[22.53799422370326,65.50978147651607],[22.537787759361194,65.50906990603647],[22.538541772341404,65.50867127584223],[22.538438536460774,65.5083154910509],[22.537152691753217,65.50837975538896],[22.536946263701566,65.50766818339387],[22.536192253959808,65.50806680559461],[22.53566044641394,65.5077324347578],[22.532711756118754,65.50806020713911],[22.53115199083236,65.50867951194428],[22.530878063692274,65.50923460069936],[22.528837981164923,65.50969738856324],[22.528203132141655,65.50900719809141],[22.525631306918996,65.50913554307215],[22.52456792706573,65.5084667228245],[22.523333548640185,65.50870876828922],[22.522682321162442,65.50946312281344],[22.521396373230502,65.50952725416798],[22.520864721595828,65.5091928296934],[22.521996133481565,65.5085950056344],[22.52179011610084,65.50788340877476],[22.52007561743649,65.50796890369293],[22.51974996930587,65.5083460746364],[22.51911539382007,65.50765584322237],[22.51611502067191,65.50780539348045],[22.51584077964995,65.50836045816521],[22.51460632092791,65.5086024331784],[22.514503411273186,65.508246628742],[22.512788860000825,65.5083320415454],[22.51258309584897,65.50762042956822],[22.511725838512373,65.50766312732395],[22.510131409691596,65.50665974092654],[22.508845562543137,65.50672376448543],[22.50906852607993,65.50599080661911],[22.50649688436726,65.50611882418006],[22.505742443340395,65.50651729883312],[22.504885208698177,65.50655995756254],[22.504353828364383,65.50622547227384],[22.50354797536396,65.50644602984187],[22.502485267077674,65.50577704746281],[22.50361696501944,65.50517935808939],[22.50351422125378,65.50482354449416],[22.500188166706675,65.50534991419616],[22.49953634152292,65.50610417502672],[22.49749591944712,65.50656654330315],[22.496415348405566,65.50734209856968],[22.494700785168856,65.50742730632598],[22.494426089171952,65.50798233675002],[22.491579401645435,65.50866513398464],[22.490927247768834,65.50941936102498],[22.49001859853774,65.50928402477324],[22.488406440925086,65.50972498733108],[22.488252604742353,65.5091912485751],[22.487395247934685,65.50923380935198],[22.48767010608311,65.50867879006181],[22.485526747454905,65.5087851742892],[22.48520058532122,65.50916227596697],[22.483863293644674,65.50904817469413],[22.483537104154653,65.50942527306003],[22.481444896041086,65.50970951524626],[22.480536282518578,65.50957412163719],[22.480331384922426,65.50886245705333],[22.482046098868363,65.50877741076023],[22.481943631743285,65.5084215797124],[22.483332126241415,65.5087136133581],[22.48398448543746,65.50795941700902],[22.48484180714125,65.50791687593247],[22.485974007585785,65.50731931358052],[22.487259951617492,65.50725548360764],[22.487963431369433,65.50667918496573],[22.490963869458835,65.50653019284941],[22.4914437933645,65.50668681515576],[22.491220327710877,65.50741975209586],[22.491975020391152,65.50702134738037],[22.49293490415639,65.50733458368386],[22.49267838855108,65.50644502792876],[22.493810343857007,65.50584740937447],[22.492286250113345,65.50357715383029],[22.494806417207137,65.50327146932935],[22.494960345141855,65.50380520047455],[22.497685813895565,65.50421110859139],[22.50068590165381,65.50406192704897],[22.50133764567789,65.50330766209015],[22.500755031018393,65.50279525519306],[22.502263836803255,65.50199835269476],[22.501955715330475,65.50093090783508],[22.503515739162378,65.50031190173993],[22.50411595053751,65.499379719623],[22.50529871021418,65.49895992742017],[22.505144605675714,65.49842620861293],[22.50670440544846,65.49780717188554],[22.506242051207877,65.49620601971449],[22.505385155637022,65.4962486778284],[22.504974272402915,65.4948254269421],[22.506156815574375,65.4944056302312],[22.505522957750355,65.49371533449872],[22.506379770031632,65.49367267645171],[22.506551349613574,65.49276181660787],[22.504786431020637,65.49266922262916],[22.50468373071472,65.49231340939991],[22.503826959627833,65.4923560574097],[22.503295892889557,65.4920215652258],[22.505009412153182,65.49193627060423],[22.504375648309033,65.49124596910703],[22.503518911586244,65.49128861501984],[22.505181031851663,65.49102541191309],[22.504016253927777,65.49000062095162],[22.50778604953409,65.48800827776103],[22.507906195429015,65.48691951166215],[22.505987634169884,65.48629321088104],[22.505782264449508,65.48558158568508],[22.504925716018736,65.48562423765621],[22.50482304723324,65.48526842420803],[22.503966507167192,65.48531107065476],[22.504497440646897,65.48564556183217],[22.50369221455308,65.48586611377533],[22.502356052224876,65.48575216461599],[22.503161286576564,65.48553161971141],[22.50232247498986,65.48412967730044],[22.504035481153068,65.48404439894915],[22.506296925944735,65.48284900846643],[22.50619425166903,65.48249319600923],[22.510270984186914,65.48156823906972],[22.50991146981749,65.48032290620276],[22.51119601624791,65.48025888683746],[22.511298747947958,65.48061469530529],[22.51215511982169,65.48057200899876],[22.512991790981847,65.48012958303654],[22.51145684,65.47481812999999],[22.53286046,65.47374955],[22.530286579999995,65.46485473999999],[22.4874917,65.46698801],[22.49161869728433,65.4813202591743],[22.49247608289311,65.48010798942161],[22.49424011377881,65.48020073623246],[22.49521716494337,65.47906938525868],[22.497306774049587,65.4787849789299],[22.4983502397786,65.4808985920209],[22.49576289058577,65.48247098533307],[22.49634493077519,65.48298341728653],[22.492405740130938,65.48405350405217],[22.495176229999995,65.49367486999999],[22.473754449999994,65.49473828999999],[22.475555521591442,65.50099900643373],[22.479382954417947,65.49952577089816],[22.479178183341944,65.49881410348402],[22.480412529584488,65.49857241897134],[22.483808106803842,65.49677981643607],[22.485144765725547,65.49689392461326],[22.48524722184765,65.49724975359355],[22.483910544193897,65.49713564651253],[22.483635712845658,65.4976906586798],[22.48582940479582,65.49776222463167],[22.48336087046027,65.49824567045987],[22.48238263049848,65.49937695683882],[22.48291358858743,65.49971152362649],[22.481730424746498,65.50013114470579],[22.481832849718522,65.50048697631911],[22.478833042481707,65.50063578079454],[22.477272398626937,65.50125453834244],[22.475619888298734,65.50122275195503],[22.47887276,65.51253008],[22.521743069999996,65.51039847999999],[22.524319459999994,65.51929341],[22.54575888,65.51822264],[22.547608706287697,65.52458142069383],[22.548455603190817,65.52333534432901],[22.55190127281987,65.5217191169745],[22.552551931811973,65.52096464240711],[22.55426715491477,65.5208787717215],[22.554592444627872,65.5205015301053],[22.55545003847657,65.52045858580254],[22.55841434951875,65.5186858056985],[22.560025822360718,65.51824410372976],[22.559234590698807,65.51702040406494],[22.563144988451523,65.51700488592577],[22.563898828277424,65.51660613102756],[22.56528863774906,65.51689739821813],[22.566848050759326,65.51627774481896],[22.57199258894726,65.51601959951122],[22.571888862413207,65.51566384262102],[22.57365553493681,65.51575563470358],[22.573980481748357,65.51537835491396],[22.574889751033403,65.51551318001945],[22.575097287514385,65.51622468875591],[22.57595470018495,65.51618163001756],[22.57718891371191,65.51593915658984],[22.578267386122107,65.51516304589694],[22.57960535593324,65.51527630495008],[22.579930210228675,65.5148990133231],[22.581268172762098,65.51501225773464],[22.582021673860726,65.51461341596556],[22.58330769168429,65.51454876816923],[22.583632483428275,65.51417146923052],[22.58658116020535,65.5138427037017],[22.589217908760787,65.51244665360635],[22.59098441134648,65.51253824493148],[22.5925429423957,65.51191833561558],[22.594309418413708,65.5120098883581],[22.5942054072371,65.51165414972898],[22.59473803683557,65.51198830602318],[22.598271021959263,65.51217133922275],[22.600362052056518,65.51188549260625],[22.602777512469796,65.5112222807331],[22.603478505739098,65.51064547082223],[22.604335678730425,65.51060225359821],[22.604608045259646,65.51004704808503],[22.60551727424202,65.51018168938279],[22.60524492595308,65.51073689634704],[22.606530683471235,65.51067205368317],[22.60927023469907,65.50963139648061],[22.611088717340238,65.50990061726324],[22.611777886116425,65.51076829859534],[22.608986215165793,65.51163113819472],[22.609090427481657,65.51198686457508],[22.6079088111855,65.5124074569403],[22.608169320522986,65.51329677484033],[22.61111756044012,65.51296753524157],[22.61165043129201,65.513301629454],[22.612832025121083,65.51288100807089],[22.612936295822966,65.51323673120106],[22.61507938770209,65.51312854330165],[22.615183690197586,65.5134842645546],[22.616573875941334,65.51377505634878],[22.616409761676664,65.51466588903631],[22.652926739999998,65.5128235]],[[22.558377117249382,65.5170633686011],[22.558273571149915,65.5167076005301],[22.55870230252727,65.51668611921824],[22.559234590698807,65.51702040406494],[22.558377117249382,65.5170633686011]],[[22.62368700188573,65.50096145936196],[22.625400628785936,65.50087479829415],[22.624230718381906,65.49985098871903],[22.626801041571525,65.49972098179347],[22.626633641369285,65.50063193369105],[22.62577683991651,65.50067527352148],[22.62630963481315,65.50100931680763],[22.624648189349138,65.50127384520788],[22.622390733624957,65.50247096489356],[22.620624827341256,65.50237973444297],[22.620896769599437,65.50182450400169],[22.623362948470138,65.50133883664483],[22.62368700188573,65.50096145936196]],[[22.62602697920883,65.50300907628038],[22.62645541832789,65.50298740586628],[22.62650762215672,65.50316526201921],[22.62602697920883,65.50300907628038]],[[22.622484054792338,65.50427120289368],[22.62371725480093,65.5040283601475],[22.623612881739213,65.50367264553685],[22.626079180174557,65.50318693261089],[22.626235787777354,65.50372050144709],[22.624950431356513,65.5037855075809],[22.62425009486612,65.50436241023714],[22.62301688446042,65.50460525743925],[22.622484054792338,65.50427120289368]],[[22.580313336762472,65.49087540692422],[22.579716045702064,65.4918078610977],[22.57885943973046,65.49185093288325],[22.57815837555743,65.49242762925017],[22.576873430331116,65.49249222223166],[22.576717911173603,65.49195859123753],[22.580313336762472,65.49087540692422]],[[22.57521467699256,65.51513589779125],[22.575487709036373,65.51458073796145],[22.576072053692837,65.51509283875605],[22.57521467699256,65.51513589779125]],[[22.57538394180513,65.51422498388932],[22.57581261542889,65.51420345465053],[22.575916388394564,65.51455920836963],[22.57538394180513,65.51422498388932]],[[22.570721527681478,65.49225987419288],[22.570825126207545,65.49261563315184],[22.570396801540635,65.49263714466807],[22.570721527681478,65.49225987419288]],[[22.562664453355403,65.5168484976088],[22.562235723248616,65.51686999014304],[22.562183923995608,65.51669210770602],[22.562664453355403,65.5168484976088]],[[22.5359384235074,65.51168892322141],[22.535509751565026,65.51171033937558],[22.535458146629665,65.51153244581856],[22.5359384235074,65.51168892322141]],[[22.52901183007855,65.51329810744473],[22.529988514169276,65.51216653529491],[22.532080348103797,65.5118816251328],[22.531326144326226,65.51228022504408],[22.53185799343913,65.5126146107119],[22.534807207607216,65.51228684963306],[22.534104633114108,65.51286335693818],[22.53436263534034,65.5137528270921],[22.53227067917485,65.5140377700817],[22.52901183007855,65.51329810744473]],[[22.530984534505347,65.51410198500906],[22.530555818064624,65.5141233875692],[22.53050424110671,65.51394549203478],[22.530984534505347,65.51410198500906]],[[22.528941092913183,65.51005318117527],[22.52914732570918,65.51076476609498],[22.52818689145759,65.51045176539812],[22.52647224955191,65.51053733433103],[22.528941092913183,65.51005318117527]],[[22.51470923367629,65.50895823751367],[22.514280585548267,65.50897959322626],[22.51422913165491,65.50880169089619],[22.51470923367629,65.50895823751367]],[[22.513954841018602,65.50935675266578],[22.51352618560858,65.50937810631326],[22.513474735903678,65.50920020368359],[22.513954841018602,65.50935675266578]],[[22.51203445497032,65.5087305472386],[22.512463101229734,65.50870919791433],[22.512514542879583,65.50888710096994],[22.51203445497032,65.5087305472386]],[[22.512514542879583,65.50888710096994],[22.51299463652402,65.50904365311827],[22.512565985302658,65.5090650040003],[22.512514542879583,65.50888710096994]],[[22.511144651554755,65.4800809825657],[22.51157282929515,65.48005964053999],[22.51162419684897,65.48023754463689],[22.511144651554755,65.4800809825657]],[[22.50386223933187,65.48946689993552],[22.50343389998943,65.489488221748],[22.503382566196102,65.48931031451752],[22.50386223933187,65.48946689993552]],[[22.50257721899143,65.48953086175315],[22.503005559875934,65.48950954235389],[22.503056891577145,65.48968744973388],[22.50257721899143,65.48953086175315]],[[22.502200203310796,65.48973008767516],[22.50262854782946,65.48970876930784],[22.502679877438474,65.48988667683733],[22.502200203310796,65.48973008767516]],[[22.502368291754667,65.49784252246216],[22.50193981371953,65.49786384145048],[22.501837127504984,65.49750802613774],[22.502368291754667,65.49784252246216]],[[22.501702775284425,65.49101807663564],[22.501582361286722,65.49210684053917],[22.498788888446537,65.49296766221869],[22.49906335174705,65.49241262625449],[22.501702775284425,65.49101807663564]],[[22.50091728517971,65.48528238688301],[22.50048901145794,65.48530369967736],[22.500437707613468,65.48512579114364],[22.50091728517971,65.48528238688301]],[[22.499906836330084,65.48479128506472],[22.49905030220732,65.48483390357383],[22.498999009260444,65.48465599444077],[22.499906836330084,65.48479128506472]],[[22.49829123890078,65.49425564221082],[22.498719661402017,65.494234334133],[22.49877097514771,65.49441224315396],[22.49829123890078,65.49425564221082]],[[22.49877097514771,65.49441224315396],[22.499250717123548,65.4945688425157],[22.498822289664307,65.49459015214978],[22.49877097514771,65.49441224315396]],[[22.498909421075016,65.49187889933287],[22.498481037349045,65.4919002075543],[22.49842973153038,65.49172229835541],[22.498909421075016,65.49187889933287]],[[22.49702126115265,65.49738663224042],[22.498735156756926,65.49730140495187],[22.498409321299018,65.4976785317932],[22.49712388124789,65.49774245149679],[22.49702126115265,65.49738663224042]],[[22.497965432433126,65.49463276779706],[22.49753700266126,65.4946540738103],[22.497485696738146,65.49447616429062],[22.497965432433126,65.49463276779706]],[[22.491791653522053,65.50035345428165],[22.491842934626263,65.50053136598903],[22.49141440215667,65.50055265568551],[22.491791653522053,65.50035345428165]],[[22.490912580121186,65.50635228092467],[22.491341208183137,65.50633099168056],[22.49139250038835,65.50650890343071],[22.490912580121186,65.50635228092467]],[[22.489322992928905,65.50083699878749],[22.485498717463887,65.502650999857],[22.481743965204988,65.50319823705],[22.48201888821881,65.50264322738718],[22.48287603941324,65.5026006991877],[22.48342581483171,65.50149067596185],[22.48493508742477,65.50069394175465],[22.489220464343884,65.50048117330398],[22.489322992928905,65.50083699878749]],[[22.49035224950518,65.4998835823822],[22.49126056975397,65.50001891996442],[22.491363123918575,65.50037474380365],[22.489220464343884,65.50048117330398],[22.49035224950518,65.4998835823822]],[[22.48845772119433,65.50990290019946],[22.48802903170227,65.50992418188982],[22.487977754301486,65.50974626884694],[22.48845772119433,65.50990290019946]],[[22.484361898598507,65.50776023250911],[22.483933240229554,65.50778150226911],[22.483881995791904,65.50760358750408],[22.484361898598507,65.50776023250911]],[[22.48200849954911,65.51166658667002],[22.48157977477756,65.51168785042897],[22.481528537112762,65.51150993479611],[22.48200849954911,65.51166658667002]],[[22.479517578583284,65.50150411045684],[22.47908901805115,65.50152536548805],[22.47903782139856,65.50134744859949],[22.479517578583284,65.50150411045684]]],[[[22.550734565223628,65.53532656556813],[22.55197444776445,65.5354316658111],[22.551870900953343,65.53507589333289],[22.553106236127437,65.53483360505413],[22.55289912049429,65.53412206180312],[22.555044226479605,65.53401470448088],[22.55531786508823,65.53345957485489],[22.556501290968225,65.53303937515523],[22.55629409997377,65.53232783732767],[22.55447456476726,65.53205796812394],[22.554696414199892,65.53132495441663],[22.551745330594095,65.5316531225823],[22.551057552711153,65.5307851535616],[22.551811967862363,65.53038645303829],[22.551656688375637,65.52985279372501],[22.54921148550954,65.53009097672093],[22.550734565223628,65.53532656556813]],[[22.55456341838945,65.53385829319099],[22.55451163071732,65.53368040799354],[22.554940644611293,65.5336589344639],[22.55456341838945,65.53385829319099]],[[22.550354867597715,65.53136173754605],[22.549925886906202,65.5313831977317],[22.5498223874034,65.53102742337602],[22.550354867597715,65.53136173754605]]],[[[22.555798670061886,65.53361598377833],[22.556227681618434,65.53359450662244],[22.556175883235714,65.53341662210424],[22.555798670061886,65.53361598377833]]],[[[22.536508811423307,65.58258612316804],[22.536560593487764,65.58276401461788],[22.536990433691656,65.58274258361345],[22.536508811423307,65.58258612316804]]],[[[22.531310085556935,65.51372479084884],[22.53125850441321,65.51354689561465],[22.53082979735275,65.51356829885611],[22.531310085556935,65.51372479084884]]],[[[22.529920809142105,65.51343320592963],[22.53034951488502,65.51341180527922],[22.53029794102842,65.5132339096433],[22.529920809142105,65.51343320592963]]],[[[22.53040108951692,65.51358970088978],[22.530778219852632,65.51339040342104],[22.53034951488502,65.51341180527922],[22.53040108951692,65.51358970088978]]],[[[22.492608867106114,65.50771170007354],[22.49303751579644,65.5076904058098],[22.492986209590832,65.50751249475941],[22.492608867106114,65.50771170007354]]],[[[22.491700269809932,65.50757637340371],[22.492557563768315,65.50753378884853],[22.492506261201633,65.5073558775984],[22.491700269809932,65.50757637340371]]],[[[22.490586524999348,65.50672939313459],[22.490637813011148,65.50690730518355],[22.491066450446844,65.50688601662345],[22.490586524999348,65.50672939313459]]]]}}]}