{"type":"FeatureCollection","properties":{"source":"SMHI SE.SR Ytansamling av alger","date":"2026-07-21","note":"Test: SMHI WFS clipped to Lulea municipal sea area and simplified 20 m."},"features":[{"type":"Feature","properties":{"cyano_daymap_file_id":723749,"date":"2026-07-21Z","cloud":null,"sub_surfac":null,"surface":null,"no_data":null,"class":1,"color_hex":null,"algae_class":"class_1","source_date":"2026-07-21"},"geometry":{"type":"Polygon","coordinates":[[[22.36409638,65.49111196],[22.36157783,65.48221375],[22.382994830000005,65.48116628],[22.385520549999995,65.49006406],[22.406942809999997,65.48901314999999],[22.401878949999993,65.47121837999998],[22.359061159999996,65.47331547],[22.351522499999998,65.44662028],[22.32234214940752,65.44805582646632],[22.323647963454277,65.44961604704962],[22.319491336993952,65.45180265565176],[22.316973889103274,65.45210538903812],[22.314656237931203,65.45312001856324],[22.313372449474194,65.45318235861625],[22.313044428750477,65.45355910620201],[22.310282504187413,65.4541943833697],[22.31873816,65.48429963],[22.34015893,65.48325818999999],[22.34232530310644,65.49093433589674],[22.34827886440091,65.49081492660484],[22.34989232441041,65.490375446289],[22.352513643681924,65.49042806798977],[22.352841522193874,65.4900512361539],[22.353370646725242,65.49038627577767],[22.35808410939825,65.49015633226595],[22.358890740565933,65.48993654290027],[22.358790038409918,65.48958061131584],[22.35969735799563,65.48971674936558],[22.359369583334185,65.49009359503944],[22.36156239493316,65.4901669735461],[22.361860752671827,65.49122098435085],[22.36409638,65.49111196]]]}},{"type":"Feature","properties":{"cyano_daymap_file_id":723749,"date":"2026-07-21Z","cloud":null,"sub_surfac":null,"surface":null,"no_data":null,"class":1,"color_hex":null,"algae_class":"class_1","source_date":"2026-07-21"},"geometry":{"type":"MultiPolygon","coordinates":[[[[22.194488432767056,65.5263547341912],[22.193733893949968,65.52568328293474],[22.19621062470425,65.52520449200698],[22.1962945698613,65.52393782695545],[22.19509096524885,65.52273253254012],[22.193226330832076,65.52228025104972],[22.194548581310233,65.52077420127327],[22.19392223305152,65.52008253205041],[22.192205665654473,65.52016432772429],[22.19224051981052,65.51871963178598],[22.19300018115348,65.51832267486142],[22.19471662451028,65.51824087137811],[22.195722759108094,65.51873405197784],[22.197933852990033,65.51852401075568],[22.195098359999996,65.50828794999998],[22.21585763561537,65.50729661058227],[22.216409589893978,65.50677690813775],[22.214074510000003,65.49836268],[22.242760722647642,65.49698665310888],[22.243897706985393,65.49658646261551],[22.243798539527052,65.49623043978794],[22.245612530213425,65.4965040974436],[22.24765682332604,65.49604509399624],[22.24874444070288,65.49527125247664],[22.248545988835044,65.49455921426187],[22.249403326617827,65.49451800846485],[22.25091948439448,65.49372354782791],[22.25258445631207,65.49346309708095],[22.25311238390579,65.49379849922232],[22.256206805207785,65.49364964851026],[22.255922411991204,65.49262934178596],[22.252485184894667,65.49310708097202],[22.251479014930943,65.49261427838276],[22.249286218537794,65.49253930227326],[22.248659152251573,65.49184786683384],[22.253964856440383,65.4890672224899],[22.254898398192985,65.4889555264375],[22.249504749999996,65.46960493999998],[22.27091682,65.46857342],[22.26595014,65.45077315999998],[22.28734604,65.44973946],[22.284858339999996,65.44083966999999],[22.2634696,65.44187294],[22.25851408,65.42407233],[22.23713775,65.42510175],[22.239607440000004,65.43400251],[22.238346595649098,65.4340630496691],[22.238054566038514,65.43499294308418],[22.23933767924683,65.4349312503605],[22.239206447391712,65.43601990428553],[22.23797268652301,65.43625961159175],[22.237742579839107,65.43699223450515],[22.23721603530475,65.43665676493248],[22.23593283161478,65.43671844050478],[22.23583404598485,65.43636240855609],[22.2349785845833,65.43640351890429],[22.234452087248822,65.43606803921726],[22.232790546414673,65.43632825649307],[22.232988037666125,65.43704032510134],[22.2313264201056,65.43730052700936],[22.230191236586236,65.43789620763192],[22.228809256382995,65.43760178681947],[22.22671979622415,65.43788247496002],[22.2269664737176,65.4387725724437],[22.225584481260842,65.43847812221574],[22.223017822804792,65.4386012670549],[22.22268865985997,65.43897782925856],[22.221833088210722,65.43901886615454],[22.221306702372694,65.43868333950299],[22.219295008048437,65.43890300713348],[22.22315277,65.45283151],[22.2017513,65.45385615999999],[22.20253528951102,65.45669191378235],[22.207965278885997,65.45627853075696],[22.207866784217302,65.45592247770739],[22.210484489915142,65.4559775985923],[22.21124209791677,65.45558056997685],[22.212954360130727,65.45549860043334],[22.21315148687907,65.45621069847698],[22.210878629669278,65.45740180198183],[22.211799496334788,65.45916156257623],[22.21089397019704,65.45902451913582],[22.210810763809953,65.46029118566567],[22.21166705119905,65.46025020423218],[22.21237547498355,65.45967514401666],[22.212474048006897,65.46003119334337],[22.214861248913003,65.46081882611674],[22.216573839906808,65.46073681228889],[22.216475207935975,65.46038076622126],[22.219521509236657,65.46041521978098],[22.220279102161154,65.46001814597624],[22.221991620281024,65.45993607141048],[22.222518458627498,65.46027159116143],[22.221662191077346,65.46031263394383],[22.22185959839847,65.46102471782362],[22.222715888857067,65.46098367369623],[22.223720273986675,65.4614766853854],[22.222451719918116,65.46188425257647],[22.225620869999997,65.46173251],[22.22809082,65.47063345],[22.18525739,65.47268142000001],[22.187714859999993,65.48158313999997],[22.166288209999998,65.48260300999999],[22.17119433,65.50040712],[22.14975147,65.5014248],[22.15220011,65.51032718],[22.173650159999998,65.50930907999998],[22.17856736,65.52711283000001],[22.194488432767056,65.5263547341912]],[[22.2473095798028,65.49479902398951],[22.247738254175342,65.49477842515199],[22.24778786102709,65.49495643505547],[22.2473095798028,65.49479902398951]],[[22.24778786102709,65.49495643505547],[22.248266147993764,65.4951138445512],[22.247837468624528,65.49513444493515],[22.24778786102709,65.49495643505547]],[[22.243369837599737,65.49625102772153],[22.243320257860226,65.4960730161032],[22.243748956915944,65.49605242833844],[22.243369837599737,65.49625102772153]],[[22.21476263985184,65.4604627787053],[22.215618925374535,65.46042177487695],[22.2156682352624,65.46059979825853],[22.21476263985184,65.4604627787053]]],[[[22.221612841099386,65.46013461291479],[22.221184709076393,65.46015513232771],[22.22123405619087,65.46033315352487],[22.221612841099386,65.46013461291479]]]]}},{"type":"Feature","properties":{"cyano_daymap_file_id":723749,"date":"2026-07-21Z","cloud":null,"sub_surfac":null,"surface":null,"no_data":null,"class":1,"color_hex":null,"algae_class":"class_1","source_date":"2026-07-21"},"geometry":{"type":"Polygon","coordinates":[[[22.463540859999995,65.45915394],[22.455900759999995,65.43246502999999],[22.434527080000002,65.4335224],[22.42945746,65.41572861],[22.472174429999995,65.4136126],[22.469628239999995,65.40471648],[22.426925489999995,65.40683162999999],[22.421867250000002,65.38903748],[22.40052725,65.39008968],[22.403048319999996,65.39898722],[22.381699319999996,65.40003685],[22.38421517,65.40893475],[22.405571269999996,65.4078847],[22.415682020000002,65.44347399],[22.43706474,65.4424192],[22.442145769999996,65.46021260999999],[22.463540859999995,65.45915394]],[[22.446865857868545,65.40874644541536],[22.446438780283927,65.40876759280289],[22.446388023585516,65.40858966043666],[22.446865857868545,65.40874644541536]]]}},{"type":"Feature","properties":{"cyano_daymap_file_id":723749,"date":"2026-07-21Z","cloud":null,"sub_surfac":null,"surface":null,"no_data":null,"class":1,"color_hex":null,"algae_class":"class_1","source_date":"2026-07-21"},"geometry":{"type":"Polygon","coordinates":[[[21.98281322,65.36498194],[21.98043825,65.35607612],[22.00177045,65.35508352],[21.995042444242703,65.32986443513923],[21.957501857366076,65.35102722732465],[21.961472139999998,65.36597194],[21.98281322,65.36498194]]]}},{"type":"Feature","properties":{"cyano_daymap_file_id":723749,"date":"2026-07-21Z","cloud":null,"sub_surfac":null,"surface":null,"no_data":null,"class":1,"color_hex":null,"algae_class":"class_1","source_date":"2026-07-21"},"geometry":{"type":"Polygon","coordinates":[[[22.17724312,65.36483873],[22.174802379999996,65.35593665999997],[22.19612545,65.35491661],[22.19367944,65.34601491],[22.214993589999995,65.34499227],[22.212542319999994,65.33609091999999],[22.23384755,65.3350657],[22.231391029999997,65.32616471],[22.25268734,65.32513691],[22.240396889999996,65.28063316999999],[22.21913589,65.28165887999998],[22.21424662,65.26385614],[22.171747359999998,65.26589690999998],[22.169319529999996,65.25699461999999],[22.211804719999996,65.25495468],[22.20692636,65.23715159],[22.185698739999992,65.23817221999998],[22.18196732571895,65.2244890867471],[22.051244700618092,65.29818148154199],[22.051373549999997,65.29866137],[22.072656059999996,65.29765919999998],[22.075055789999997,65.30656332],[22.138913790000004,65.30353761],[22.14133654,65.31244043999999],[22.12004527,65.31345242],[22.12246275,65.3223556],[22.10116259,65.323365],[22.10840461,65.35007543999998],[22.12972604,65.34906481],[22.132150759999995,65.35796776],[22.15347748,65.35695371],[22.15591112,65.3658562],[22.17724312,65.36483873]]]}},{"type":"Feature","properties":{"cyano_daymap_file_id":723749,"date":"2026-07-21Z","cloud":null,"sub_surfac":null,"surface":null,"no_data":null,"class":1,"color_hex":null,"algae_class":"class_1","source_date":"2026-07-21"},"geometry":{"type":"MultiPolygon","coordinates":[[[[22.68681071,65.70064148],[22.708391939999995,65.6995462],[22.70573076,65.6906553],[22.66258083,65.69284191],[22.66105329379143,65.68770599807569],[22.659935485146363,65.68721308459908],[22.657778233363608,65.6873220535397],[22.656272448992677,65.68667606282362],[22.65454667009329,65.68676319860158],[22.6537894512132,65.68716244013673],[22.654335305695174,65.68605183782992],[22.653692530618837,65.68536225610552],[22.65676533224542,65.68538761354873],[22.65741673796574,65.68463268024549],[22.658710958223637,65.68456730696252],[22.65987555511279,65.68395310033871],[22.62921046886197,65.68549575843343],[22.627973833682574,65.68575583520267],[22.62606947379135,65.68819812811375],[22.62455403443325,65.68899633369077],[22.62239645543891,65.68910480370639],[22.622406952712925,65.68766028496051],[22.62138611171286,65.6871701023275],[22.616103054446867,65.68707455581479],[22.613991508572106,65.6862613735076],[22.59521812,65.6872058],[22.58736154,65.66052578999998],[22.565806680000005,65.66160363],[22.57364145,65.68828496999998],[22.50889961,65.6915042],[22.511493320000003,65.70039918],[22.48990149,65.70146661],[22.48731507,65.69257119],[22.46572857,65.69363514],[22.464021486611877,65.68773812664095],[22.459621014665533,65.68799444769894],[22.459054477172224,65.6860373216468],[22.461109589644156,65.68557532528686],[22.463453586204146,65.68577635001404],[22.460795296360615,65.67692899952621],[22.457774943533675,65.6770775917273],[22.457672007279005,65.6767217488389],[22.45680905396096,65.67676419209667],[22.455823348943067,65.67789538146346],[22.45496035291585,65.67793781464505],[22.454631752764943,65.67831487479512],[22.4529057249718,65.67839972307638],[22.45300860383001,65.67875556976033],[22.45247421607785,65.67842093210274],[22.451179684727066,65.6784845518764],[22.450110981414348,65.67781526110687],[22.448816473322307,65.67787886051954],[22.448056272636542,65.67827710476963],[22.446278828406488,65.67818395254638],[22.446556156257763,65.67762898331132],[22.446884867065872,65.67725193953326],[22.44861084217377,65.6771671601577],[22.448939517277708,65.67679011228813],[22.451199781503586,65.67703995456834],[22.453480059894396,65.67584516643775],[22.456017384878564,65.67553995732627],[22.456777382591817,65.67514167526193],[22.459076903903323,65.67250221355367],[22.45823381220588,65.6711000688917],[22.45917632040969,65.67100080143473],[22.45800287,65.66694719],[22.50113026,65.66481889],[22.49854439,65.65592365],[22.5200979,65.65485538],[22.517506729999997,65.64596052],[22.495960479999997,65.64702836],[22.49337851,65.638133],[22.476085855579402,65.63898743941574],[22.47567693996002,65.63920215935127],[22.472042214070584,65.6391872379316],[22.47066126945283,65.6399910342868],[22.46969663824163,65.63967770409234],[22.47055833374625,65.63963520014234],[22.470834773901846,65.6390801954641],[22.46830118556421,65.63938561490832],[22.46911141769997,65.63916520126462],[22.468905599751203,65.63845353027293],[22.468095387710736,65.6386739426178],[22.468198285083062,65.63902977881331],[22.467613109244148,65.63851726976421],[22.46842332071571,65.63829685999956],[22.468320423759916,65.63794102395279],[22.470095161550184,65.6380339452477],[22.46945851779362,65.63734352606019],[22.470320136333484,65.63730102422849],[22.470165760221235,65.63676727236754],[22.46925270773198,65.63663185546253],[22.46914980736415,65.63627602001284],[22.46990848224574,65.63587768542979],[22.46813389319104,65.63578476047257],[22.46803101219302,65.63542892407199],[22.466738669589674,65.6354926546439],[22.466050756261772,65.63462430079935],[22.46986919277596,65.63239130541999],[22.469264799999994,65.63030148999998],[22.47139125638307,65.63019642772669],[22.474568250352842,65.62933175346207],[22.47441384404991,65.62879800623033],[22.475602879958632,65.62837838328356],[22.476206796145906,65.62744627455578],[22.47772340043144,65.62664953849271],[22.47858464810091,65.62660699344048],[22.478481667806562,65.62625116512366],[22.481116864530357,65.62630141604109],[22.4816505020459,65.6266359603966],[22.481875068871673,65.62590302634204],[22.480531738247368,65.6257889563239],[22.481135421105456,65.62485683031363],[22.481996602633885,65.62481426655336],[22.481893584190754,65.62445844093496],[22.48313381652614,65.62421667491618],[22.483409840843578,65.62366165150648],[22.484701545833016,65.62359778533953],[22.48432250138177,65.62379698714781],[22.484959183597617,65.62448734357001],[22.48420106771633,65.6248857477972],[22.48483777517366,65.62557610447831],[22.486129571082166,65.625512225244],[22.48597495470573,65.6249784918865],[22.48678458767823,65.6247579898907],[22.489462353410126,65.62462552078482],[22.485644299999993,65.61144653999999],[22.44260392,65.61356959],[22.445165569999993,65.62246601],[22.4302662719573,65.62319775292931],[22.429194834074046,65.6234449452809],[22.428917645071852,65.62399988143316],[22.4262099855852,65.62521539455432],[22.426896306073075,65.62608394462768],[22.422107838405214,65.62613833598652],[22.41886677321741,65.62701896209585],[22.418180693164008,65.6261503733262],[22.420151659796314,65.62388848128938],[22.419290387356344,65.62393069487634],[22.41913715494353,65.6233968799383],[22.41784526658248,65.62346018964529],[22.417312507685022,65.62312541231273],[22.41743675029606,65.62203667788285],[22.41437143863979,65.62200640799838],[22.41454684134021,65.62109561505173],[22.416495595484477,65.62027838362548],[22.4160872133784,65.61885486689808],[22.415021950364743,65.61818529549096],[22.415299383339978,65.61763038232094],[22.416160454873754,65.61758819338112],[22.416313584892123,65.61812201234069],[22.418466293692468,65.61801651613557],[22.418568413192407,65.61837239358171],[22.42214467034543,65.61833185343983],[22.421080829999998,65.61462656],[22.437356184371346,65.6138272992382],[22.43762588691193,65.61328682029006],[22.43853795593447,65.613422437215],[22.438866024516617,65.61304541715634],[22.437872610416072,65.61110933565321],[22.438631060973915,65.61071115970307],[22.439973443630837,65.610825610122],[22.440075823383715,65.61118147048445],[22.441860214091157,65.61098379470833],[22.43748643,65.59577656000002],[22.458993120000002,65.59471742],[22.45386889,65.57692501],[22.43237664,65.57798328],[22.427274549999996,65.56018974999999],[22.38927228836055,65.5620523914986],[22.388672334386868,65.56263748660788],[22.387813024990628,65.56267950205405],[22.38667618953749,65.56327637485064],[22.38692976210486,65.5641661388804],[22.385166154481176,65.56528762484565],[22.389386359999996,65.58009071999999],[22.36791067106235,65.58113881065209],[22.370420609999996,65.59003786],[22.32797280926906,65.59210036245],[22.32369473571234,65.59322354117838],[22.32255510151954,65.59381995986215],[22.320834164592537,65.59390325825554],[22.318074075930927,65.59493888212855],[22.314682302545272,65.59528334051748],[22.31316238042671,65.59607847718563],[22.311491533726333,65.59633965298724],[22.310832049787766,65.59709317286325],[22.309541151977406,65.59715555058186],[22.30921137641234,65.59753230696418],[22.307234129802914,65.59791533615083],[22.30814835766647,65.60115229949983],[22.313179032467335,65.6007683997331],[22.31376029498459,65.60128154118503],[22.31462102261775,65.60123993204556],[22.31492289035564,65.60230781671135],[22.313883279539006,65.60326013746821],[22.314285773244876,65.60468398546824],[22.315196933359676,65.60482035280185],[22.31486714957797,65.6051971215542],[22.31620876000879,65.60531267486016],[22.316410083579267,65.6060245951508],[22.317701401626,65.60596215482613],[22.319496248738464,65.60767949232435],[22.321268471599158,65.60777417818927],[22.321369212595368,65.60813013422906],[22.325293814421634,65.60812062756854],[22.32980379607711,65.60555682614769],[22.331475035089223,65.60529544468069],[22.332184546028355,65.60471981285474],[22.33438700698525,65.60479349039235],[22.3342593153468,65.60588218989176],[22.335170615978974,65.60601843582212],[22.33349937038133,65.60627985808235],[22.333802083673596,65.60734769680207],[22.332991640071494,65.60756738982442],[22.3328134320655,65.60847811537892],[22.33162291779875,65.60889663299554],[22.33177425086016,65.60943055453075],[22.330963725389307,65.60965023751714],[22.330327940027086,65.6120264604827],[22.333062465218415,65.61243524659345],[22.337798254707696,65.61220571564077],[22.33802679810783,65.61147295705828],[22.339089817655225,65.6121430907837],[22.338228776452475,65.61218484190297],[22.3380002336583,65.61291760078215],[22.33992439993379,65.61354597779786],[22.340785482923078,65.61350421664231],[22.342151825931552,65.61524214705291],[22.341492791436004,65.61599579576504],[22.342176033265844,65.61686475862714],[22.337923953716295,65.61868050123002],[22.35094169794152,65.61804783811456],[22.35137014895984,65.61695977652097],[22.3525100942297,65.61636313823469],[22.353371246121437,65.61632130495194],[22.35603086428939,65.61492910303274],[22.358183602474693,65.61482446208207],[22.35853809327897,65.61607020322091],[22.360260351202243,65.6159864637744],[22.360792232717703,65.6163214499725],[22.36046298056279,65.61669831255821],[22.35825945429143,65.61662502425456],[22.35808209158323,65.61753577110039],[22.36238796058136,65.61732639655474],[22.363147768097008,65.61692858499025],[22.364870064972532,65.61684479282142],[22.365199254255266,65.61646792128954],[22.366541649016227,65.61658302152102],[22.366440250137167,65.61622710205339],[22.369935435349987,65.61623738304925],[22.3704674452425,65.61657233405361],[22.369606318237963,65.61661426414811],[22.369754327429703,65.61713354324318],[22.378028869999998,65.61673139999999],[22.378154281805838,65.61717056910587],[22.38009201587744,65.61664464525592],[22.38115632517867,65.61731447128882],[22.380345990937144,65.61753441625103],[22.380599985168807,65.61842418663039],[22.379409816751046,65.61884307586493],[22.379182393682047,65.61957588561452],[22.380955609305985,65.61966986412702],[22.38085399857451,65.61931395639402],[22.384247930919113,65.61896799626639],[22.3845768612449,65.61859108525232],[22.38640086633091,65.6188629528997],[22.38632616983584,65.62012962629022],[22.388479191323867,65.62002455257823],[22.38878435596728,65.62109225696054],[22.38706187075571,65.62117632251031],[22.386783796746354,65.62173119031314],[22.38506126139769,65.62181523364247],[22.385213782737925,65.62234908994778],[22.38430165764872,65.62221315293799],[22.38316220854474,65.62281002517813],[22.383290684039835,65.62478850985232],[22.382632629462265,65.62554232749325],[22.381771228937705,65.62558432934483],[22.381062288367996,65.6261601873857],[22.38169630562592,65.62685100267525],[22.380884120097022,65.62672996132994],[22.38311063,65.63452679],[22.370489570259807,65.6351411827401],[22.368194545272658,65.63616920035341],[22.368017438278194,65.63707995624883],[22.36725713370979,65.6374777970725],[22.357295259542664,65.6377816060617],[22.3546083461572,65.63755125091123],[22.355292634650723,65.63842014434947],[22.353366224554154,65.63779198437683],[22.35250436088057,65.63783382461268],[22.352605670476386,65.63818975424685],[22.349639718484926,65.63851412516742],[22.34740837351083,65.63988533716869],[22.346546428808484,65.63992714436851],[22.345455949799952,65.64070171663617],[22.343782596812794,65.64096327287733],[22.343503403034894,65.64151807219339],[22.34172879803197,65.64142366952854],[22.340105936977437,65.64186315525188],[22.341018543158555,65.64199935322827],[22.340739279977175,65.6425541481374],[22.34198175073478,65.64231351459077],[22.342082937167795,65.64266945244458],[22.340561174792313,65.64346488167712],[22.341143980457527,65.64397790289962],[22.337669079461676,65.64558960900818],[22.335513691368668,65.64569398471563],[22.335412580784034,65.64533804174712],[22.336554112201803,65.6447415079152],[22.336149649033402,65.64331773860523],[22.33298075398336,65.6429299059035],[22.33183921618018,65.64352641293354],[22.330115021655235,65.64360984860633],[22.32897338752884,65.64420633502675],[22.328010261342076,65.64389209034219],[22.32719864102713,65.64411176389245],[22.32195232464606,65.64256125344288],[22.321851414640907,65.64220529948949],[22.32040697355216,65.64173385998012],[22.319544915207178,65.64177551496715],[22.31944404187831,65.64141955905502],[22.317518248253474,65.64079093820064],[22.317445060138574,65.63899033007307],[22.316482267233855,65.63867600900468],[22.31650997595866,65.63723135806812],[22.315547260660413,65.63691703031002],[22.31529527685111,65.63602713180126],[22.31610675235314,65.63580752329382],[22.315199677423326,65.63260388936753],[22.314287531955944,65.6324675316948],[22.31418677421326,65.63211157114995],[22.311069918058173,65.63190124518333],[22.3121834850139,65.63274954706107],[22.312687181841188,65.63452935665231],[22.31043187427327,65.63427740651224],[22.310532590690755,65.63463336994926],[22.311444794591317,65.63476974961804],[22.310582950040814,65.6348113516314],[22.311114599486878,65.63514651418163],[22.309972881572065,65.63574285853998],[22.310174318568265,65.63645478591086],[22.31235149756887,65.63797340958014],[22.312603403276317,65.63886331372956],[22.311461561335467,65.63945967048595],[22.31214446737736,65.6403287717414],[22.31128243970937,65.64037037951124],[22.311383196263968,65.6407263419834],[22.31019087378975,65.64114470894656],[22.3101124461412,65.64241138038851],[22.311024924278772,65.64254775990449],[22.310162820790975,65.64258936205508],[22.309882887705307,65.64314410667373],[22.310034014357775,65.6436780518234],[22.31079539075133,65.6432804873263],[22.312670819368996,65.64373121254442],[22.31277161067225,65.64408717375142],[22.31190945944885,65.64412878628535],[22.31076737597825,65.64472514016104],[22.310868145837016,65.64508110283896],[22.310005957936227,65.6451227049207],[22.308863787278387,65.64571904532345],[22.308225272453804,65.64809520182499],[22.309669859848373,65.64856675579405],[22.312256759483883,65.64844193731443],[22.31144486029049,65.64866152935421],[22.312128026147693,65.64953062812002],[22.313091178966033,65.64984497328378],[22.314815853466484,65.64976172627499],[22.315549593575454,65.6508087877978],[22.31473765023622,65.6510283978714],[22.314989790429088,65.65191829572744],[22.31805864170548,65.65195053902252],[22.31795774110723,65.6515945824029],[22.32389341049755,65.65094698400031],[22.327090259831404,65.64989035118853],[22.32843424575783,65.65000577308469],[22.33008141952116,65.65118902442809],[22.328636322431457,65.65071766964354],[22.327773981679222,65.6507593741144],[22.326503851206702,65.65244454356164],[22.32444883255368,65.65290471830838],[22.324169108227917,65.653459487198],[22.323306667737118,65.65350116727184],[22.31960001360578,65.65584522731774],[22.315920395233807,65.6567445527007],[22.316071741549134,65.65727848966864],[22.314296134462385,65.65718377610007],[22.313635284004306,65.65793732132538],[22.310156809343038,65.65954843235806],[22.30226349161352,65.66101136829697],[22.302464953477877,65.66172330557465],[22.299927022882983,65.66202595591615],[22.297971435992963,65.66284175515996],[22.29667723037679,65.66290405555235],[22.29644714161095,65.66363676659198],[22.29208264866812,65.66366636173738],[22.28751706298723,65.66298387110623],[22.285410240853,65.66326554219519],[22.283554579837332,65.66443714345888],[22.2822602529632,65.6644993222016],[22.281548055108836,65.66507474624109],[22.279491212208043,65.66553433018025],[22.277685330770016,65.66688385728564],[22.27788617296999,65.66759583308888],[22.275778865635907,65.66787737529363],[22.27521702071122,65.66898675609946],[22.273541100949767,65.66924756277507],[22.27163430461425,65.67024103196574],[22.26434798530065,65.67077067463704],[22.261658365136512,65.6705387005691],[22.26155815153627,65.67018269998948],[22.260695034270693,65.67022403101797],[22.260163281415696,65.6698886930068],[22.25933100800209,65.66848534601968],[22.259893527862435,65.66737601747077],[22.26113796633068,65.66713602673794],[22.262131870483785,65.66600602541568],[22.262944738937005,65.66578668774969],[22.261480631147116,65.66369202098272],[22.26267478089177,65.66327401906494],[22.26433089682302,65.66139066689016],[22.266718854760505,65.66055461215058],[22.266568501035394,65.66002061655384],[22.26766215380331,65.65924658079906],[22.26746166997905,65.65853458799398],[22.268705614222938,65.65829454004124],[22.267361432615072,65.65817859144717],[22.26721108225392,65.65764459644659],[22.265866940515085,65.65752863424136],[22.265766729709274,65.65717263638356],[22.264522810177148,65.65741266003135],[22.263459766010676,65.65674200443272],[22.262597099438743,65.65678334191625],[22.260140028702136,65.65581865747136],[22.260502018533373,65.65399732428156],[22.259589382557508,65.65386064267587],[22.259670286672897,65.65259397378942],[22.258657614989797,65.65210128293661],[22.25714052395646,65.6496344879692],[22.25632204,65.64967374],[22.254923590297125,65.64469551680145],[22.25295733912918,65.64425631851071],[22.253057314248622,65.64461232711673],[22.251432699079555,65.64505088153413],[22.251582637066086,65.64558489615982],[22.2502891579784,65.64564679434174],[22.250439076592656,65.64618081028168],[22.24762069184323,65.64703722602181],[22.24632712902263,65.64709909126032],[22.24432097948449,65.64773619873147],[22.24335871730764,65.64742140894163],[22.240340320284684,65.64756566011282],[22.23919641138941,65.64816149290888],[22.23752144278583,65.64842189314018],[22.23792059198803,65.64984597499134],[22.23644505090881,65.6508184052909],[22.236263229450834,65.65172905125344],[22.234687759785718,65.65234544438243],[22.234705399328853,65.65396813432274],[22.23389264860533,65.65418731977098],[22.23512217533932,65.65701491350151],[22.234309334052018,65.65723410204697],[22.235172069798082,65.657192924561],[22.236284315252725,65.65804179544632],[22.237678280196125,65.65833603034291],[22.23774605149333,65.66013672779306],[22.238808583771718,65.66080756822356],[22.23799565750725,65.66102677730798],[22.2379136887245,65.66229344477142],[22.236669254539276,65.6625332452442],[22.236868930510294,65.66324528637816],[22.235342701415004,65.6640397030276],[22.235492440430004,65.66457373537783],[22.234629459846477,65.66461491703612],[22.234729277979604,65.66497093916249],[22.233152982350248,65.66558732426549],[22.23365202443648,65.66736743953778],[22.232307508866427,65.66725118397738],[22.231594114492204,65.66782638519189],[22.23188962161445,65.6688804610482],[22.23975147,65.66850566],[22.24162705562578,65.6751868815849],[22.244681880261357,65.67549980718742],[22.247935058987125,65.67462278751546],[22.248566812597698,65.67531417954876],[22.250393511949195,65.6755876559449],[22.250643731307655,65.67647767866445],[22.255392089806243,65.67625059965219],[22.256355586713784,65.67656530120935],[22.258082257056074,65.67648267934881],[22.260841969595848,65.67851538114968],[22.26208692908472,65.67827537763974],[22.262187187627617,65.6786313774201],[22.263432139529073,65.67839136296497],[22.2643958126548,65.67870601184723],[22.264727214251483,65.67832933741887],[22.266885656941618,65.6782259371331],[22.267648695870882,65.67782857309228],[22.269857263446024,65.67790312871256],[22.269827033588047,65.67934779491907],[22.26901380578378,65.67956717285516],[22.26878280921691,65.6802998506387],[22.267919368993155,65.68034122581606],[22.268019717256585,65.68069722087856],[22.26591123493495,65.68097863754538],[22.266061721559463,65.68151263244513],[22.264816646621558,65.68175266961941],[22.264254061189888,65.68286201692817],[22.262727565318006,65.68365671109446],[22.26095030151035,65.68356138992682],[22.25726467308392,65.68445935186325],[22.255737866800075,65.68525397881753],[22.255174822097665,65.68636329691064],[22.253929409901115,65.68660324814451],[22.253697932831045,65.68733590757759],[22.25222093366102,65.68830850494747],[22.252039480080995,65.68921916600334],[22.252953337834377,65.68935588117606],[22.253354094808557,65.69077990655315],[22.258236163144574,65.68946405045185],[22.25894952747182,65.6888887245649],[22.26321804792747,65.68850404092656],[22.26380040144228,65.68901736300593],[22.263036981639974,65.68941471136749],[22.262906066648437,65.69050338100776],[22.259551162404488,65.69102473371689],[22.256115030904777,65.69281268224256],[22.254005428448785,65.6930939445155],[22.253723798548158,65.69364860162182],[22.252859884522103,65.69368989580616],[22.252296552301253,65.69479920594313],[22.25110080195481,65.69521714159264],[22.2513512739713,65.69610716060741],[22.25048727339841,65.69614844214306],[22.250687641304708,65.69686045828558],[22.248727889813665,65.69767566334679],[22.24704984154876,65.69793619824122],[22.246717944683535,65.69831283882498],[22.245853861646992,65.69835409482742],[22.245953990669133,65.69871010650539],[22.24475795742699,65.69912799498323],[22.2448580749878,65.69948400749074],[22.246154257814126,65.69942212957378],[22.24648617630729,65.69904549001544],[22.24701837590617,65.69938087152865],[22.248214383052257,65.69896296552646],[22.24999267111627,65.69905842573932],[22.24902839501719,65.69874369137429],[22.25157055211827,65.69844185083106],[22.25103831435321,65.69810648561155],[22.251802171404805,65.69770919332268],[22.25276644097527,65.69802391016623],[22.252616112922436,65.69748990064305],[22.2531984707333,65.6980032632549],[22.25530848050138,65.69772200827093],[22.25615335166502,65.69605802679797],[22.26301498450726,65.69554938230752],[22.267083724528522,65.69445258461691],[22.267234329584525,65.6949865771732],[22.26858043488087,65.69510250830581],[22.26748535321786,65.6958765642855],[22.267836818242056,65.69712254523151],[22.269665263441343,65.69739577313695],[22.26960486145036,65.70028510457664],[22.270901013051663,65.7002230160654],[22.27161437546907,65.69964763082186],[22.27286023717794,65.69940753041163],[22.273141509940206,65.69885284134259],[22.275201089752706,65.69839331703236],[22.276979420179995,65.69848846129415],[22.277180538144744,65.69920043524677],[22.273744594089987,65.70098878020924],[22.272830218349323,65.70085219500365],[22.272498665570822,65.70122888850418],[22.272920971734038,65.70427550923867],[22.271112148483816,65.7056249862958],[22.272378531295296,65.70700754698787],[22.27095142157677,65.7081583249468],[22.2709715761826,65.70978098561388],[22.274962005124845,65.70995062677206],[22.275243334528625,65.70939593330421],[22.276921818757355,65.70913508317592],[22.276720614985955,65.70842310974587],[22.275122339483445,65.70741728768887],[22.27641883219327,65.70735514887674],[22.2779965622922,65.70673830133369],[22.277745050571426,65.70584833633662],[22.27464942589489,65.70419268199824],[22.28098006652558,65.70334793057711],[22.280447348035327,65.70301267294734],[22.28222601335199,65.70310775263412],[22.283421604101466,65.70268957384425],[22.283320941489887,65.70233359203479],[22.284235422014998,65.70247011315988],[22.284566817057858,65.70209339560279],[22.285430950398556,65.70205191917546],[22.28675638377283,65.7005450356041],[22.287620461228034,65.70050354727576],[22.288333454112127,65.69992808719415],[22.289629533712468,65.699865839774],[22.28991044902106,65.69931112315739],[22.290774479225583,65.69926961736581],[22.29110573967751,65.69889288685546],[22.293596986863164,65.69841236111584],[22.29349620442207,65.69805638719264],[22.29436018585023,65.69801486150061],[22.295504940533938,65.6974186053181],[22.2967287437619,65.6955556703412],[22.299601073342487,65.69487629404561],[22.29939937964114,65.69416435532433],[22.298103613572934,65.69422668297463],[22.29353243349926,65.69354442745838],[22.29107066339355,65.69258028919225],[22.290206856852414,65.69262179450996],[22.288760105625165,65.69215007642758],[22.287694962062236,65.6914796109321],[22.28739296456457,65.69041167381873],[22.289531067911096,65.68868529510416],[22.291208065535947,65.68842430166848],[22.2914888363814,65.68786958349925],[22.29278430372397,65.68780731510016],[22.29354721152617,65.68740982235549],[22.29309394950708,65.68580793643414],[22.29576380731932,65.68441669271499],[22.29566306065525,65.68406071985778],[22.297339695121252,65.68379966229371],[22.297238929702743,65.68344369066136],[22.29891550759545,65.68318261626322],[22.29881472342481,65.68282664585598],[22.30130428862615,65.68234601008062],[22.301203475568606,65.68199004153561],[22.303541652676614,65.68097541780027],[22.304405045372086,65.68093384073458],[22.305016289031855,65.68000234497124],[22.307836242039826,65.67914484910006],[22.307735354287765,65.67878888560743],[22.31380624792358,65.67705293167795],[22.315913852862895,65.67677085921608],[22.316524589411838,65.67583932208898],[22.315739553372165,65.67461429456701],[22.31817750230597,65.6739554146907],[22.323842251111387,65.67079525807056],[22.324705265627617,65.670753569368],[22.32407161354229,65.67006251268523],[22.324884063016874,65.66984284779342],[22.32463137340999,65.66895297178783],[22.323336940143818,65.66901550151404],[22.320977491332638,65.66840778662673],[22.316561782821058,65.66826011517165],[22.31577699554964,65.66703508538804],[22.318393245099525,65.66546549577386],[22.318572239211623,65.66455477969943],[22.320146386524883,65.66393752972313],[22.320706198050964,65.66282800275954],[22.32194982717719,65.66258752190387],[22.322509535089004,65.6614779892976],[22.324234946380493,65.66139462814031],[22.32456526189201,65.66101783390613],[22.32900672757998,65.6597206387253],[22.32890564039379,65.65936469121407],[22.329768264922535,65.65932297755035],[22.330859972598063,65.65854850604752],[22.332915314695782,65.65808824139914],[22.33727875254995,65.65805748345826],[22.33819192078398,65.65819369293162],[22.338293129851905,65.65854963307181],[22.341261518519303,65.65822546004732],[22.34116027025968,65.65786952226759],[22.3441791856125,65.65772326207068],[22.345015653741534,65.65912610240119],[22.344153065318896,65.65916790230396],[22.34349304445718,65.65992156926255],[22.34361883633093,65.66190011331105],[22.341334584326027,65.66309329016217],[22.341867227943524,65.66342833520932],[22.34359269390009,65.66334475364538],[22.343313282044573,65.66389955470457],[22.34607953062097,65.66286341117099],[22.346916283371453,65.66426623823317],[22.34361720969888,65.66496736172812],[22.342094223105946,65.66576281823674],[22.342195521298986,65.66611875489761],[22.341002564319822,65.66653736997905],[22.34173787172883,65.66758428952568],[22.34529069374078,65.6677730385539],[22.345798819203623,65.66648546203683],[22.34752447324307,65.66640183398015],[22.348209344418795,65.66727075358081],[22.35204142557983,65.66690453617855],[22.353082039596536,65.66595194431838],[22.355518198954996,65.66529248292096],[22.358639401387823,65.66550185335558],[22.358740925368295,65.66585777676758],[22.360314167598936,65.66524011952409],[22.362471059132545,65.66513537702109],[22.3625726339569,65.66549129737497],[22.364019171306598,65.66596231502042],[22.36574471968542,65.66587848104147],[22.36589715570864,65.66641235753984],[22.365135981813662,65.66681019623422],[22.36648100128287,65.66692527124202],[22.366938397804322,65.6685268971903],[22.368283514084737,65.66864195529267],[22.369781178027146,65.66929087299027],[22.37130349857141,65.66849514551338],[22.372166344359265,65.66845318890418],[22.370365168029632,65.66980377034797],[22.36901998282729,65.66968873134988],[22.369121669006578,65.67004464622971],[22.36706606172104,65.67050540334093],[22.367853377679914,65.67173014310958],[22.36914781673925,65.67166723408205],[22.369452917808132,65.67273497783906],[22.3703159082717,65.67269303032415],[22.369072271381473,65.67293390714937],[22.369173973607744,65.67328982183467],[22.370036983079675,65.67324787571808],[22.37018955965963,65.67378174652406],[22.368996722188218,65.67420058021303],[22.36952995563494,65.67453552245779],[22.368717754148623,65.67475542360243],[22.368819460114796,65.67511133848697],[22.36719499505266,65.67555112944622],[22.367296683875885,65.67590704551678],[22.36648442029827,65.67612693533093],[22.365545589374,65.6774355352683],[22.364682431761377,65.67747745732316],[22.364784095192785,65.67783337532123],[22.36348933552779,65.6778962503045],[22.363387689573866,65.67754033126971],[22.361762978541098,65.67798006656173],[22.361687070476172,65.67924673947454],[22.362601113604562,65.67938279362684],[22.36328685651744,65.68025163669061],[22.362474423215634,65.68047150672673],[22.362246077198243,65.68120430001741],[22.361382787668926,65.68124620461938],[22.361154405028334,65.68197899662597],[22.359250129168867,65.68297353985426],[22.35719332334053,65.68343417508565],[22.356050619756804,65.68403087545339],[22.35615219561342,65.68438680007134],[22.354907863708462,65.68462756774105],[22.355745865160028,65.68603033388285],[22.353688754007184,65.68649092466633],[22.35297758792851,65.68706667313528],[22.35386635456951,65.68864741319167],[22.357244411755328,65.68974659891332],[22.35848896455859,65.68950580996592],[22.359022391139238,65.68984078718242],[22.360317760672466,65.68977794430536],[22.36184154864951,65.68898229736058],[22.36621011780504,65.68895065819665],[22.36539744103164,65.68917054622985],[22.366515342933614,65.69001840659735],[22.36575350427932,65.6904162548597],[22.365956985934265,65.69112808782107],[22.364763293328448,65.69154689661363],[22.364484068056203,65.69210173471889],[22.363188594513296,65.69216461410754],[22.36382385918325,65.69285549175535],[22.363163612884218,65.69360924628845],[22.36186806010031,65.6936721151981],[22.361969761405046,65.69402803469494],[22.361156890004622,65.69424790195477],[22.361461982011864,65.6953156617817],[22.362274883798726,65.69509579259527],[22.362529173636496,65.69598559016924],[22.363545552759007,65.69647755149926],[22.362453300940363,65.69725226306218],[22.362479155586172,65.69887485481128],[22.36118333742152,65.69893772047257],[22.361285054214132,65.69929364027172],[22.360421159913376,65.69933554530732],[22.358947579976167,65.7003091449989],[22.359633796935512,65.70117799987834],[22.35871899050798,65.70104193532529],[22.35887153097653,65.70157581780552],[22.357092741717434,65.70148163565732],[22.357194414321373,65.70183755861952],[22.35485655110295,65.7028530042467],[22.352696481430478,65.70295766958417],[22.35168004272781,65.70246563633368],[22.350434805635057,65.70270637618769],[22.34990121341637,65.702371370466],[22.34774115981463,65.70247596527169],[22.34705530291192,65.70160705324976],[22.345327301500518,65.70169069881179],[22.345657788354856,65.70131385711416],[22.34479379625125,65.70135567432676],[22.343726827701875,65.70068561933401],[22.342532331834455,65.70110426136628],[22.341516157866895,65.70061215762269],[22.340753623865425,65.7010098873341],[22.33945763547256,65.70107256952538],[22.338745765453837,65.70164825822049],[22.337831045138703,65.70151206719694],[22.337678938875687,65.70097815942387],[22.33681494246819,65.70101993135188],[22.336484329003273,65.70139675506027],[22.334654938013095,65.70112433982868],[22.33394295829296,65.70170000710704],[22.33226556540385,65.70196147569318],[22.33089208229521,65.7032907582811],[22.331094727409297,65.70400264590162],[22.335236639957987,65.7047046264309],[22.33533802736373,65.70506056674955],[22.337167706332675,65.70533297096554],[22.340141453869595,65.70500876779064],[22.341107044854297,65.70532291142644],[22.340979382636334,65.706411615926],[22.341843550866372,65.70636981867281],[22.342910714630495,65.70703988496926],[22.340673294329587,65.70841105691956],[22.339376935217572,65.70847374202077],[22.33991052363383,65.70880878469126],[22.339046270234928,65.70885057178839],[22.33851269196658,65.70851552598816],[22.337699164622794,65.70873527419182],[22.338689282740635,65.71067204185468],[22.337774240248873,65.71053585361983],[22.337011363146704,65.71093356788356],[22.335714867037986,65.71099622310567],[22.335384117937124,65.71137304572476],[22.333604721653867,65.71127859476634],[22.333756816754548,65.71181250670242],[22.33246026714195,65.71187513470741],[22.332612342856073,65.71240904797416],[22.330782203019464,65.71213659343296],[22.330069846197354,65.71271224621152],[22.326129359614235,65.7127220310124],[22.32579844871832,65.71309883435227],[22.324400534912165,65.71280544678343],[22.32429926138926,65.7124494980865],[22.323434856124763,65.71249119796147],[22.321375062143115,65.71295137739868],[22.32147629781622,65.71330732840711],[22.320129028134595,65.71319187681769],[22.320280858789538,65.71372580476883],[22.31974741597531,65.71339069185785],[22.318018521864197,65.71347403578183],[22.317025375733827,65.71460439470204],[22.314151357858012,65.71528411634985],[22.310766499527563,65.7172512706675],[22.311502151061884,65.7182983329285],[22.312366773432913,65.71825669875288],[22.31228843417448,65.71952337004194],[22.313967173309603,65.7192621087881],[22.31587582363879,65.71826809083113],[22.316105757837462,65.71753535207488],[22.316970345797593,65.717493692075],[22.317071542274594,65.71784964638562],[22.32047928820708,65.7175049790402],[22.321826785543163,65.71762042532434],[22.321928049417846,65.71797637575287],[22.320732405951603,65.71839485763164],[22.320934913958748,65.71910676006587],[22.319306877759367,65.719546073573],[22.31955997921724,65.72043595426446],[22.3171177436857,65.72109489767472],[22.31698902809784,65.72218359209451],[22.31574251022892,65.72242406025553],[22.316276095274926,65.72275918582098],[22.314546561677545,65.72284249646849],[22.315282537923444,65.72388953729345],[22.31474894137116,65.72355440835732],[22.313884146566046,65.72359605773067],[22.31378296688764,65.72324010114718],[22.311671570538184,65.72352218065669],[22.31225570709312,65.72403529968634],[22.311390891382523,65.72407693509464],[22.311289743745366,65.72372097654565],[22.309661250761025,65.7241601912583],[22.311160775148505,65.72480966846076],[22.31136308018781,65.72552158556486],[22.31054878538454,65.72574119595562],[22.311565397496143,65.7262335022796],[22.31245312676181,65.72781449398121],[22.31428420725047,65.72808715989193],[22.315098542032693,65.72786752913419],[22.315733463963543,65.72855861077923],[22.31659842110341,65.72851694933236],[22.316929652468122,65.72814016293357],[22.317895851056512,65.72845444800225],[22.317564630151026,65.72883123640202],[22.318429592857417,65.72878956449648],[22.318963348668895,65.72912467898357],[22.319115267842484,65.72965860720848],[22.321047855990095,65.73028714161877],[22.322727195218484,65.73002577795272],[22.322828529948584,65.73038172708009],[22.323693534297835,65.73034002486241],[22.32471057855672,65.73083223920072],[22.325575594321048,65.73079052617877],[22.32494035267421,65.73009948868531],[22.32580534348492,65.73005777459858],[22.325906720730377,65.73041372126599],[22.326721025313606,65.73019402862792],[22.327254917300486,65.73052911272254],[22.32806921357561,65.7303094129531],[22.327917104956352,65.72977549549958],[22.327001432204064,65.72963924857703],[22.327281827683088,65.72908446811869],[22.32738322065687,65.72944041365216],[22.328782079151647,65.72973376465899],[22.328984915596802,65.73044565316961],[22.33173207806548,65.73085434022407],[22.332468994402994,65.73190128879034],[22.33381729515634,65.73201662112112],[22.333486266066206,65.73239344229553],[22.33412179468349,65.73308444134274],[22.333307465546053,65.73330417380248],[22.333510460281055,65.73401605474267],[22.33490963643824,65.73430934636667],[22.335977820467914,65.73497945136265],[22.334298304165632,65.73524096290541],[22.334450583246433,65.73577487232237],[22.333636173351728,65.7359946073186],[22.334221038834908,65.73650763495039],[22.333075512431545,65.73710418983747],[22.33327853668514,65.73781607079202],[22.3323625494687,65.7376798591608],[22.331216928730946,65.73827640097316],[22.331521409578254,65.7393442265513],[22.334931768283692,65.73899921036148],[22.33483022626509,65.73864327131076],[22.336713087401506,65.73909362717639],[22.33686544366384,65.73962753342485],[22.335567508243077,65.73969020131582],[22.335006859559435,65.7407997908131],[22.337984701895095,65.74047559025358],[22.3378831108627,65.74011965371434],[22.340911650602113,65.73997336514205],[22.34162448088111,65.73939765707962],[22.344500396133157,65.73871739823636],[22.34429705436932,65.73800553532637],[22.34483133879206,65.73834055396172],[22.34612917941406,65.73827780802552],[22.347274448745477,65.73768115742958],[22.349488314182004,65.73775450441885],[22.349717432456035,65.73702172291868],[22.35213478942488,65.73780688565071],[22.350887868969433,65.73804764552507],[22.350989629246715,65.73840357174656],[22.349793542303853,65.73882228619512],[22.349997043150616,65.7395341402214],[22.349131782325628,65.73957599437941],[22.348800888236738,65.73995284752883],[22.349487897514443,65.74082174040005],[22.35030231757178,65.740601920524],[22.350454965201298,65.74113581034369],[22.351320275658765,65.74109394818673],[22.351574733103135,65.74198376233244],[22.35076028130048,65.74220358931983],[22.35086205950889,65.74255951544866],[22.34999669909613,65.74260137548478],[22.348672972100342,65.74410879272574],[22.347476587030204,65.74452749185076],[22.34778182828797,65.74559527750992],[22.345669013939407,65.74587784233047],[22.34510868289655,65.74698746591487],[22.34200246482309,65.74840051787257],[22.342104151769004,65.74875645072638],[22.33866638700115,65.75054627880628],[22.33925169834289,65.75105928278147],[22.34136500975099,65.75077680219064],[22.340320712772485,65.75172934924993],[22.341745737921233,65.75364517329194],[22.340447112537532,65.75370788943688],[22.339071449890593,65.75503726672969],[22.338205648546722,65.7550790640172],[22.332856106461225,65.75786308892614],[22.33199019830344,65.75790485191918],[22.330894486139808,65.75867937004695],[22.32839820621842,65.7591605551339],[22.328499756646327,65.75951649836458],[22.327302333302995,65.75993504897173],[22.328219093620714,65.76007128358077],[22.32798919428118,65.7608040401658],[22.326409453532197,65.76142142527159],[22.32651098724372,65.76177736998528],[22.325695697645997,65.76199707096252],[22.325465712219994,65.7627298245622],[22.323987302013574,65.76370313184617],[22.32469794455873,65.76619475558348],[22.323882501217323,65.76641444833385],[22.323347881871413,65.76607935946284],[22.322048577439595,65.76614192529682],[22.317178900042066,65.76908255771761],[22.315063813207175,65.76936471977142],[22.314298887804764,65.7697623397652],[22.31294867852064,65.76964685293247],[22.31141872140613,65.77044206886814],[22.31152009108718,65.77079802512289],[22.310653707600153,65.77083967141377],[22.31037254855849,65.77139442847256],[22.296942913967758,65.77203929807035],[22.295794973806665,65.77263559546287],[22.29449525918389,65.77269793031171],[22.294646980754354,65.77323188471448],[22.295564056839083,65.77336831275024],[22.294264304649417,65.77343064598911],[22.293498934807584,65.7738281658244],[22.293802359619256,65.77489607662986],[22.29471949130986,65.77503250921382],[22.29313807928323,65.77564956528096],[22.294055234754627,65.7757860016333],[22.294156390186725,65.77614197146472],[22.294972399678084,65.77592243237751],[22.295990756073422,65.77641482587285],[22.295810409183346,65.77732552787339],[22.29726216100809,65.77779713058023],[22.298100361484778,65.77920021164924],[22.29993498633252,65.77947301611938],[22.30003624026155,65.77982898109943],[22.303503045410228,65.77966259561421],[22.304037702518215,65.77999775370516],[22.305821774944388,65.78009250547318],[22.306407144169647,65.78060563498195],[22.30722318479826,65.78038603003172],[22.3080113303252,65.78161107101468],[22.30969412951214,65.78134981797785],[22.30999833104063,65.78241768904053],[22.31139991451008,65.78271117354412],[22.31660055233909,65.78246117405742],[22.31818179716003,65.78184387626231],[22.319481903555705,65.78178133570144],[22.319813733512614,65.78140453735503],[22.321113813012502,65.7813419831371],[22.321012261159346,65.78098603503012],[22.323179015498106,65.78088175523963],[22.32389332810469,65.78030611603279],[22.330444157813503,65.78017103440982],[22.330901733636885,65.78177276638671],[22.33202271010145,65.78262085037329],[22.331792754496675,65.78335361317376],[22.330925988793354,65.78339537836156],[22.330899399960135,65.78484002021102],[22.331715356271662,65.78462028500279],[22.331613642625197,65.78426434551871],[22.332913831806547,65.78420168963608],[22.332378713868774,65.78386663726364],[22.33324549257684,65.78382486369318],[22.33378062072995,65.78415991292582],[22.334596530315505,65.78394016274872],[22.3356159558735,65.78443228118653],[22.337528444458197,65.78343795497213],[22.338446099893105,65.78357411942609],[22.34040932794414,65.78275772567572],[22.34214277646363,65.78267408335701],[22.34285670719024,65.78209835900367],[22.345788243202033,65.7815959960419],[22.346119682409196,65.78121914423083],[22.346986345396978,65.78117729366515],[22.347317761864684,65.78080043946801],[22.349000084413827,65.78053875725229],[22.35096274374948,65.77972223309423],[22.355627002765704,65.77913592565535],[22.35659560955653,65.77944994170385],[22.356621474224195,65.78107253398942],[22.355092232874718,65.78186818121718],[22.354225562498872,65.78191007792887],[22.35399624635541,65.7826428680216],[22.352747195554915,65.78288366366627],[22.351753083175574,65.78401425817142],[22.34930576064001,65.78467376708352],[22.347776081137088,65.78546934513668],[22.347878023507157,65.78582527162885],[22.34701120610338,65.78586712874727],[22.347113139809938,65.78622305583364],[22.346246307546892,65.78626490874697],[22.346348232589257,65.78662083642745],[22.345098915604837,65.78686157197556],[22.344869302590975,65.7875943511788],[22.343237422876097,65.7880339576728],[22.342344586393423,65.78952042673782],[22.34109509077588,65.78976113119894],[22.34010021328297,65.79089165704396],[22.33923321042628,65.79093347173024],[22.33895247582782,65.79148827733384],[22.33737116208027,65.79210579113821],[22.337472992383667,65.79246172565026],[22.3363251248549,65.79305832741362],[22.336528768725138,65.79377019792412],[22.337880344552993,65.79388546271699],[22.335763476931334,65.79416792910239],[22.335865294833948,65.79452386480399],[22.33494725814307,65.79438768848176],[22.335584452430684,65.79507866523475],[22.33433462326661,65.7953193175038],[22.33448732989381,65.79585322265284],[22.333186557787204,65.7959158975394],[22.333058329043823,65.79700460050329],[22.331093800161526,65.7978209120299],[22.331195570938554,65.79817685129458],[22.329129146566085,65.79863719944846],[22.329281769014443,65.79917111060692],[22.326449622149426,65.8000291213965],[22.326551339281387,65.80038506426921],[22.324203502419152,65.80140013442154],[22.32440689075116,65.80211202352893],[22.323539479931565,65.80215375290688],[22.320144293946193,65.80412121449481],[22.31927680721449,65.80416292036412],[22.31871420436547,65.8052724683289],[22.3171823710469,65.80606775996783],[22.316389064310364,65.80791004683844],[22.315572244231095,65.80812970827013],[22.31544323688202,65.80921840378005],[22.313961867440295,65.81019164194963],[22.314548117113148,65.81070473171157],[22.31541583328703,65.81066305053598],[22.315697264419356,65.81010828166899],[22.31656495827247,65.81006659417284],[22.316463333150452,65.80971064378082],[22.317663210737198,65.80929215492318],[22.317459940585433,65.80858025572137],[22.319246043603187,65.80867483097661],[22.320828800334006,65.80805749133931],[22.320727125840065,65.8077015442559],[22.32159472886985,65.80765982902967],[22.32213022139825,65.80799491562523],[22.322028529224937,65.80763896957788],[22.322896127615298,65.80759724699692],[22.323611155094966,65.8070216023308],[22.32447872962015,65.80697987098003],[22.32437700982396,65.80662392676057],[22.326010385751612,65.80618450779693],[22.327006441827816,65.80505406265887],[22.328358575972032,65.80516940647419],[22.32825681118176,65.80481346526946],[22.329124302330055,65.80477170830393],[22.329456267374834,65.804394887717],[22.33157404512812,65.80411250015113],[22.331038515131894,65.80377744705146],[22.33277341375542,65.80369389736019],[22.332671595000853,65.80333795961529],[22.33583572892334,65.80210299865423],[22.33649938665095,65.80134933016076],[22.337800423247586,65.80128662448887],[22.33851494549663,65.80071091482708],[22.339815943976436,65.80064819233279],[22.340096748617473,65.80009338448565],[22.341780400433258,65.79983176919235],[22.342443827575487,65.79907807704917],[22.34369375776191,65.79883735737187],[22.34354083922579,65.7983034634835],[22.344408081523152,65.79826162201145],[22.348285214865445,65.79645067685564],[22.35203438261658,65.79572834950653],[22.35318199455391,65.79513163199817],[22.353079934731184,65.79477571019291],[22.355247691469096,65.79467096505343],[22.356012690820986,65.7942731389469],[22.355859549771047,65.79373925954677],[22.35716014571588,65.79367639301707],[22.35907245286088,65.79268179841567],[22.362438349316502,65.7921581439776],[22.36483492181146,65.79132046464008],[22.367818166523136,65.79099562859686],[22.36761368536889,65.7902838079933],[22.369449795976116,65.79055576151436],[22.369603195629935,65.7910896247721],[22.37052128505983,65.79122559199034],[22.37067471168559,65.79175945390942],[22.369374252062862,65.79182243436306],[22.370012295566344,65.79251325903866],[22.369196431728955,65.79273319824291],[22.369349841711376,65.79326706165308],[22.368100431558908,65.79350798652118],[22.367259996248702,65.79517254399794],[22.36611271531918,65.79576936422396],[22.366470584517373,65.79701505334177],[22.371444537119014,65.79749596651367],[22.37073084637415,65.79807182233455],[22.371317926219113,65.79858468588358],[22.37011943628831,65.79900358314646],[22.37027291024682,65.79953744500358],[22.36869188345109,65.80015528069389],[22.368029206432343,65.80090907970754],[22.36866745360559,65.80159990803246],[22.367902442171665,65.80199779770857],[22.36805589164476,65.80253166202749],[22.366857166735787,65.80295053591881],[22.36667920260087,65.80386129822223],[22.36736864275764,65.80473008675938],[22.366603520443938,65.80512797098609],[22.366476685123892,65.80621668847407],[22.36522662410805,65.80645759605936],[22.365099727046065,65.80754631299241],[22.36423221273815,65.80758827470737],[22.364105270651045,65.80867699124283],[22.363288849200806,65.80889690420204],[22.364463258307634,65.80992268388809],[22.363264135311635,65.81034153336907],[22.363034870265913,65.81107433649717],[22.362218364324708,65.81129424453968],[22.36237176257387,65.81182811505312],[22.361121391147115,65.81206899198598],[22.36017771656805,65.81337760521829],[22.355916155721097,65.81538778524728],[22.356120553187644,65.8160996222803],[22.35328749721711,65.81695813991308],[22.353057898417333,65.81769093123248],[22.352241096938677,65.8179107887227],[22.352164700514756,65.81917746109951],[22.351296769151446,65.81921935327337],[22.350250206911777,65.8201719899803],[22.350275858539646,65.82179458518276],[22.352369516149977,65.82295653030896],[22.353722698408784,65.82307163929919],[22.354565583330604,65.82447436421113],[22.35331452603972,65.82471518374994],[22.35351894056762,65.82542702408281],[22.352318924568593,65.82584579610017],[22.352472221743746,65.8263796775048],[22.350889140315953,65.82699734834365],[22.350276376839727,65.8279290424948],[22.34639475989443,65.82974008098802],[22.346496893902433,65.8300960065145],[22.343380961242595,65.83150917963977],[22.34348306201184,65.83186510749717],[22.342231539356817,65.8321058406626],[22.340954075799193,65.83379120068693],[22.342205692306543,65.83355047709509],[22.341669389721964,65.83321546874369],[22.342818873135904,65.83261881136625],[22.343687272875282,65.8325769629167],[22.34309992293733,65.8320639957072],[22.344351435025903,65.83182325552619],[22.344453550711616,65.83217918259173],[22.34532193242513,65.83213732501916],[22.345858258623036,65.83247232031913],[22.3439425539403,65.83346678163758],[22.34263990888066,65.83352955507144],[22.34317623073423,65.83386455983016],[22.341975654746385,65.83428325589236],[22.34131136269418,65.83503695418423],[22.34039183789933,65.83490082490182],[22.340136662501894,65.83401099924217],[22.339906562314,65.83474377551947],[22.337556199870146,65.83575907518228],[22.33975254162164,65.83727711943793],[22.345500299919056,65.837361045954],[22.34437639047446,65.8365130893396],[22.343507859261663,65.83655494296282],[22.34465744429972,65.83595827078337],[22.344402108823772,65.835068453785],[22.34493848662651,65.83540345181872],[22.345806976183322,65.83536159045819],[22.345934762683882,65.83427288118394],[22.347569488721795,65.83383321859618],[22.349433982244594,65.8326607514094],[22.350353470965036,65.83279682659705],[22.350685460745183,65.8324199596425],[22.351553838398928,65.83237806667229],[22.351017441051013,65.83204309205647],[22.353188345942158,65.83193834602875],[22.352422212940922,65.83233616879404],[22.355410364965415,65.83201152846043],[22.35691747328598,65.83266048139973],[22.357070914616187,65.83319435679445],[22.356253662978762,65.83341424005918],[22.355666044560817,65.83290132375969],[22.355385259560194,65.83345616000021],[22.35732666573803,65.8340841486254],[22.361234534837624,65.8338954198123],[22.36200057389461,65.83349755374222],[22.363737354503456,65.83341363394074],[22.36524475300969,65.83406250191284],[22.366088659179606,65.83546515335418],[22.364785977968122,65.83552811602874],[22.362819603005736,65.83634485366507],[22.359447971915504,65.83686857143896],[22.35921840382102,65.83760137168342],[22.360086939616977,65.83755942867906],[22.36067475739019,65.83807232605098],[22.359474281826945,65.83849115869145],[22.35150368401385,65.83833455894037],[22.35096715838307,65.83799958538117],[22.34917891293109,65.83790540191782],[22.34762058780852,65.83707841169641],[22.34593457757041,65.83734011397972],[22.347824962835787,65.8377902600001],[22.34754396001341,65.83834508389378],[22.348412543757096,65.83830320681744],[22.348565849057948,65.83883709204443],[22.35068622179151,65.83855441442162],[22.353343101476682,65.83860667464064],[22.35344537387996,65.83896259418368],[22.355565699290494,65.83867984927798],[22.35566800278594,65.8390357670352],[22.35658775277216,65.83917180218464],[22.359678998256502,65.83920298785338],[22.361569753992903,65.83965296020621],[22.363792459220154,65.83972601410663],[22.363614205577434,65.84063677552301],[22.358887865993253,65.84104547423539],[22.357482541181675,65.84075246227157],[22.35830001204927,65.84053257033716],[22.35776335146568,65.84019762194552],[22.353701068513434,65.83985239260969],[22.351810430338944,65.83940232173588],[22.352576777722135,65.83900449999794],[22.350788457195584,65.83891033609704],[22.351427247786305,65.83960123124753],[22.352832442818872,65.83989430016011],[22.353420173317733,65.84040722627913],[22.354671986212388,65.84016639865267],[22.354774284446506,65.84052231705718],[22.355642927541894,65.84048039829797],[22.357636052219185,65.84128633641862],[22.362030538922326,65.84125456745183],[22.362184147931146,65.84178843608892],[22.36131547348296,65.84183039234496],[22.361852215092856,65.84216532747953],[22.36049798866241,65.84205030054927],[22.359680489686795,65.84227020451402],[22.360217219808007,65.84260514550276],[22.358914159823392,65.84266806171844],[22.36070276744128,65.84276212773516],[22.36129072251794,65.84327502141534],[22.363896882985845,65.84314913693738],[22.36461192486718,65.84257330018853],[22.3659149633047,65.84251033557757],[22.366144375497687,65.84177752677452],[22.36777921362867,65.84133764681926],[22.367625491760343,65.84080378489018],[22.368774690291698,65.84020693493105],[22.370077596647796,65.84014393607748],[22.370180107874123,65.84049984211555],[22.371636824201644,65.84097068847677],[22.372505449388765,65.84092867399977],[22.371663923829537,65.84259326601867],[22.36959472573426,65.8430541888155],[22.36606866192815,65.84304419944795],[22.364868048826676,65.84346307579106],[22.365277887725327,65.84488671546916],[22.364025951552627,65.84512763118501],[22.362978864906776,65.84608036009219],[22.363720624027323,65.84712711022492],[22.365995225951824,65.84737808109686],[22.366021998641592,65.84900066273632],[22.365204330586586,65.84922059787522],[22.362060655782837,65.84901157953283],[22.36241921905087,65.85025727131921],[22.3616014795558,65.85047718785961],[22.36137187352195,65.8512099916745],[22.35861127481126,65.85080196893266],[22.35779348440355,65.8510218655796],[22.3568221111131,65.85070788374134],[22.35669474510689,65.85179659803363],[22.3558257218503,65.85183852640425],[22.35679712691575,65.85215251427192],[22.356618563148025,65.85306327045151],[22.357538825171464,65.85319929497648],[22.35666975616428,65.85324122858398],[22.35649118248432,65.85415198470633],[22.35534108636519,65.85474875079258],[22.3531170936752,65.85467558620488],[22.35240146862002,65.85525137468856],[22.351481157826438,65.85511531969225],[22.350816642678684,65.85586906139817],[22.35132827344358,65.85764866421835],[22.350024424916672,65.85771151213086],[22.34935980363219,65.85846524850785],[22.350791884100644,65.86038091955272],[22.346752083103826,65.86165813062313],[22.347007817233813,65.86254793980771],[22.34667540795831,65.86292480273197],[22.345805988852785,65.86296667789154],[22.345396818002474,65.86461021048471],[22.348414542589467,65.86590826548523],[22.353299228088115,65.8660337231249],[22.355216925097864,65.86503912551427],[22.35496087699204,65.86414933307026],[22.356213821440523,65.86390848202714],[22.356111391463184,65.86355256587034],[22.353989030744692,65.86383533774836],[22.353017208175956,65.86352133602206],[22.35347706785792,65.86205574703877],[22.354244046081043,65.86165791094332],[22.35598275959635,65.8615740608845],[22.356519860670083,65.86190901130283],[22.35738922302201,65.8618670757487],[22.35802879719548,65.86255793575532],[22.359332868039186,65.86249501743632],[22.359460149168463,65.86140630179123],[22.360329488755593,65.86136434973152],[22.360942614517928,65.86043261187731],[22.362578716413694,65.8599927755315],[22.36247621705252,65.85963686429918],[22.359995628208274,65.85867402475571],[22.361094549303438,65.8578992668466],[22.360940847289307,65.85736539802727],[22.362857613187007,65.8563707134304],[22.363113841545715,65.85726049094184],[22.364034287712965,65.85739647458918],[22.364546869963025,65.85917602403002],[22.363728869250362,65.85939595444667],[22.36388264374755,65.85992981976632],[22.365289102040222,65.86022276198979],[22.36603139696278,65.86126949574175],[22.36690071903609,65.86122750647597],[22.36661990304796,65.86178236361567],[22.367489241311716,65.8617403708482],[22.36733537890061,65.86120651000023],[22.367872618060545,65.86154141920443],[22.369176608373134,65.8614784176754],[22.369330510980397,65.86201227628536],[22.366160801117605,65.8632479848781],[22.367364874071992,65.86589629593438],[22.36828565408756,65.8660322507862],[22.368569210948024,65.86854459496668],[22.369490092899174,65.86868054159017],[22.369157942640093,65.86905745090446],[22.370999759052506,65.8693293310105],[22.371102422910738,65.86968523494326],[22.371920681502594,65.8694652626069],[22.37430006196765,65.87007199293085],[22.376501606489207,65.8715894585933],[22.37941891787559,65.87253097961651],[22.380162171405207,65.87357763552617],[22.381953006875737,65.87367143140983],[22.381976524384218,65.87222681098089],[22.38100404492253,65.87191299349537],[22.380055219769574,65.870154548378],[22.37859666385554,65.86968379993914],[22.375066943760952,65.869674053301],[22.37307102532503,65.86886836941892],[22.37281431318158,65.86797861326161],[22.37424528169275,65.86682684455394],[22.3739885533847,65.86593709051836],[22.375676123773644,65.86567506365789],[22.3762135672513,65.86600994158636],[22.37708302968057,65.86596789306931],[22.379078840158954,65.86677352561267],[22.380410836432116,65.86833299568345],[22.382252711966025,65.86860473965966],[22.38271096933278,65.86713907820503],[22.38409002931289,65.86580927481224],[22.383884382206553,65.86509748737991],[22.385034252013636,65.86450050871514],[22.385875543080502,65.86283584540412],[22.38745992440449,65.86221779947681],[22.389581756181435,65.8619345679876],[22.389913517259004,65.86155761803883],[22.392521362505747,65.86143122909485],[22.39367086786764,65.86083418895568],[22.39351646824871,65.86030035964805],[22.394282762534516,65.85990232926797],[22.396021200012687,65.85981802642708],[22.39668447049406,65.85906410026999],[22.39885743269808,65.85895868529497],[22.398628832698172,65.8596915353168],[22.399881130681653,65.85945033259911],[22.400492768037203,65.85851845052014],[22.4022310874637,65.85843407817926],[22.40325482732723,65.85892570248438],[22.40412399693412,65.85888350298265],[22.40468392977639,65.85777366685228],[22.405884531025684,65.85735447777965],[22.407880538852247,65.85815973235852],[22.408749673439885,65.858117506887],[22.409876672025067,65.85896495966243],[22.412690515037042,65.85954997565858],[22.412793709166266,65.85990584644627],[22.4154012515101,65.85977907004832],[22.41637367058983,65.86009266930836],[22.416580169205762,65.86080440477762],[22.417449376037204,65.86076212913744],[22.418908106965812,65.86123250517576],[22.420087233571913,65.86225781084235],[22.423792113286872,65.86135571684568],[22.42726893926967,65.8611864205838],[22.429286785688472,65.86054678457339],[22.431025128535126,65.86046208450935],[22.43250478255666,65.85948772809763],[22.43424304105019,65.85940299224653],[22.436136561254365,65.85985201462591],[22.43639536756406,65.86074164392136],[22.437750887152212,65.8608559854425],[22.434429440079743,65.861559298749],[22.433332615815125,65.86233456332019],[22.434791720618367,65.86280478415149],[22.436964810846167,65.86269882615892],[22.43816509553362,65.86227938658968],[22.438061538705224,65.86192353645377],[22.440720931537577,65.86197425246911],[22.44345222599209,65.8607582488643],[22.44953622432217,65.86046115019931],[22.450249779593165,65.85988492741488],[22.449990504207502,65.85899532612738],[22.44809681540053,65.85854647702654],[22.448965883507316,65.85850402349517],[22.448427667698116,65.85816940897622],[22.44929672240206,65.85812695369292],[22.4491930315871,65.85777111239729],[22.45001022117492,65.85755073257279],[22.45266917151784,65.85760124496609],[22.459082973973757,65.85692669844047],[22.463149227414174,65.85726908622769],[22.464141039946195,65.85613778940163],[22.46587894644969,65.85605269714866],[22.466034817769764,65.85658643882343],[22.467824717578758,65.85667923794763],[22.46810328286255,65.85612421724593],[22.46968522634347,65.85550534302865],[22.469911758758666,65.85477240713267],[22.469651865072507,65.85388284522783],[22.466941326566022,65.85365471120134],[22.46673350309489,65.8529430567863],[22.46934001877161,65.85281537010647],[22.472588894791517,65.85337799170779],[22.47279688453867,65.85408963654451],[22.4720320007728,65.85448804666021],[22.47272644101526,65.85535630945405],[22.47441224751556,65.85509320994107],[22.474430598094013,65.85364862657215],[22.477315473895295,65.8529657730917],[22.480408383691262,65.85299449918786],[22.48117309167168,65.85259604885253],[22.48101693521011,65.85206232540058],[22.478532759551047,65.8511014459605],[22.475005696311662,65.85109398086544],[22.480010062070797,65.8501266526568],[22.48077469341888,65.84972820506057],[22.48251210061085,65.84964292848848],[22.48148725360576,65.8491518461483],[22.47936756177606,65.84943633247649],[22.478220585151444,65.8500339921592],[22.475180038114516,65.85018312860777],[22.47311217913399,65.8506454400973],[22.46741326370141,65.85074425964365],[22.46675229175793,65.85149847010759],[22.46358866650639,65.85273613890314],[22.46351776770236,65.85400281196313],[22.46469830896259,65.85502775958199],[22.463446865503975,65.85526948502421],[22.459484745239486,65.85528293525984],[22.459348220689826,65.85330459574386],[22.45842745115171,65.85316918940094],[22.455366971198128,65.8547625282694],[22.453142778023683,65.85469082140091],[22.4529871881142,65.85415706386564],[22.453804230530356,65.85393666517628],[22.454361906849368,65.85282666912715],[22.4556133223395,65.85258501836006],[22.45545769645583,65.85205126368903],[22.456222771993787,65.85165293469494],[22.45552899375741,65.85078459052366],[22.45412207748018,65.85049248335918],[22.45281889558265,65.85055620172297],[22.4522611958591,65.85166619236571],[22.44981019849113,65.85232734932079],[22.449913871480213,65.85268319036949],[22.447948988166278,65.85350100898543],[22.445394083935376,65.8538062549804],[22.44518685532831,65.85309456554697],[22.446717368151916,65.85229800309537],[22.448163982651696,65.84970098926426],[22.449311658159452,65.84910354852049],[22.450180404767952,65.8490610911891],[22.450459280504248,65.84850609967015],[22.452961747741387,65.84802285533404],[22.454057383398084,65.84724746142876],[22.454926057903805,65.84720497781029],[22.455327979857405,65.8455612241118],[22.456196594898696,65.84551873384453],[22.456909602434774,65.84494248527],[22.458646781295908,65.84485748230665],[22.46012450465257,65.8438828772511],[22.46099305350462,65.84384036035239],[22.461271643938787,65.84328535186883],[22.463060598866562,65.84337821593921],[22.465128068600652,65.84291604427554],[22.466190046151116,65.84051806747736],[22.467058469371167,65.8404755173098],[22.465930454089715,65.83962849633157],[22.46702534864233,65.83885301662667],[22.469630435256768,65.83872533884167],[22.47060268417851,65.83903859462559],[22.473589978588492,65.83871165057552],[22.473764312031626,65.83780080002727],[22.47598707857067,65.83787222059088],[22.475831137005418,65.837338489764],[22.477515736608815,65.8370753677286],[22.476925634541075,65.8365629429526],[22.477793902949884,65.83652033325099],[22.477689922695248,65.8361645141348],[22.480190661054458,65.83568084061413],[22.481336968765206,65.83508317265569],[22.481563020860996,65.83435022417994],[22.48281327631647,65.8341083619345],[22.482605203608095,65.83339673156219],[22.480660880651712,65.83277036493006],[22.48083493454662,65.83185950904088],[22.487623521852942,65.83098461240988],[22.48871739837411,65.83020898715282],[22.490019443113255,65.83014497367512],[22.490557583798815,65.83047944238108],[22.493595696184208,65.83033002363408],[22.493873448482212,65.82977496392337],[22.49696356129301,65.82980338211371],[22.497293343437594,65.82942621879273],[22.49897719467621,65.82916286733196],[22.498768723198804,65.8284512628991],[22.49963667451608,65.82840853210487],[22.499532431747372,65.8280527304433],[22.5030041581451,65.82788176106517],[22.50296882849633,65.82625928997233],[22.50436507225021,65.82619050269048],[22.50147568247909,65.81632701709609],[22.500536102158414,65.81645341273403],[22.499564370209328,65.8161403424968],[22.49734344237046,65.81606924715847],[22.49540010710306,65.8154430585863],[22.495243926490023,65.81490934995162],[22.49324868656331,65.81410522955198],[22.4987139157053,65.8147384950798],[22.501210814111833,65.81542283817531],[22.49941028,65.80927637],[22.51534363305081,65.80849029376697],[22.51482671726371,65.80816900443486],[22.516127570187017,65.80810477998504],[22.51622786761767,65.80844666981817],[22.521091930000004,65.8082067],[22.518856261661647,65.80058793508472],[22.516537373160162,65.80050474984533],[22.51534123094673,65.80092476410816],[22.515064220141696,65.8014798555499],[22.51376369837562,65.80154406768631],[22.512254593551674,65.80089668386563],[22.51188961619271,65.79965140923929],[22.510380671378204,65.79900400531308],[22.508992581335885,65.79726781149438],[22.50764015201842,65.79715407171165],[22.507535950688407,65.79679827513547],[22.50666907938591,65.79684104026562],[22.505593858775768,65.796172204212],[22.505437607479955,65.79563850672858],[22.507344208406767,65.79464211125946],[22.508211004436763,65.79459934303101],[22.510065311633053,65.79342501735891],[22.512509174501727,65.7927629639569],[22.512092204804816,65.79133979216478],[22.509401405579037,65.79073548251412],[22.50603845433996,65.79090161561597],[22.505921234931176,65.79128341517153],[22.502177259141433,65.79200947234149],[22.501900047604575,65.79256454182297],[22.50092921930617,65.7922514714415],[22.499247784792516,65.79251482078547],[22.499143721790126,65.79215901712664],[22.49784362249544,65.79222308939265],[22.497670359159482,65.79313395685644],[22.49588480968344,65.79304146489542],[22.495988832001068,65.79339727117691],[22.49425526889202,65.79348266349436],[22.49486203154043,65.79255045212312],[22.495676774530743,65.7923298520274],[22.495468752020578,65.79161823875276],[22.494602030806156,65.79166093382761],[22.493579333097784,65.79116991166602],[22.49300559171821,65.78737445603848],[22.491846550593184,65.7867436382432],[22.49049474442376,65.78662974033413],[22.49072018895468,65.78589678429924],[22.492437984927722,65.78543160908418],[22.491608059999997,65.78259087999999],[22.501500269502515,65.78210295602076],[22.502191921218543,65.78154166069544],[22.503439434878473,65.78129965643353],[22.503335368463564,65.78094385567772],[22.505501222056168,65.78083699399589],[22.506107303037062,65.77990474461176],[22.51043878839632,65.77969091389794],[22.511686131824284,65.77944884382786],[22.51158196067598,65.77909304973545],[22.512585516019715,65.7791925267781],[22.51066354,65.77262769],[22.467357019999998,65.77476044],[22.467148360352414,65.7740430681816],[22.46721513933292,65.77460077594665],[22.464997865957937,65.77452917423774],[22.463853788023847,65.77512669777258],[22.463957281901227,65.77548253101553],[22.46265791795552,65.77554629612574],[22.462884078920673,65.77481337431948],[22.464131658172217,65.7745716911149],[22.46415079028513,65.77312710151357],[22.46491345263092,65.77272875250958],[22.464376891345744,65.77239417807988],[22.465243025571496,65.77235166052893],[22.46513952906718,65.77199582818575],[22.465953895474463,65.77177539058852],[22.465417341469255,65.77144081975074],[22.46411818531396,65.77150459527543],[22.464673833685836,65.77039458139274],[22.46605033291208,65.77026805010485],[22.464769530000005,65.76586464999998],[22.47679739179746,65.76527147221836],[22.479295921923022,65.76480361911037],[22.479192268155384,65.76444779786235],[22.480975779825318,65.76454050522383],[22.482133711159552,65.76500830108002],[22.529704369999997,65.76266225999998],[22.53231385,65.77155673000001],[22.575608499999998,65.76940563999999],[22.58362560377329,65.7953712449489],[22.58588530668989,65.79706350114135],[22.587132735962367,65.79682081298786],[22.588157413757788,65.79731118766782],[22.590810250707598,65.79735935665079],[22.59134897014578,65.79769346399983],[22.594487914978647,65.79789781015445],[22.59637951940764,65.79834486481076],[22.599465839587698,65.79837124588977],[22.60017434816735,65.79779437438815],[22.599963388761903,65.79708293360271],[22.603810714292013,65.79671021533923],[22.603260601582473,65.79782067933861],[22.60244664533909,65.79804184614589],[22.60260492216233,65.79857542361991],[22.60016292288486,65.79923890181016],[22.600373909007992,65.79995034206318],[22.59950711799647,65.79999363402443],[22.598470602728387,65.80094786699638],[22.597117630689652,65.80083492610831],[22.594675273349416,65.80149831999563],[22.59288886054423,65.8014069724499],[22.592127395438727,65.80180594932594],[22.59195743511728,65.80271689035972],[22.5898308679587,65.80444739082762],[22.591722883583436,65.80489449918164],[22.591552894909732,65.8058054400607],[22.59268344515325,65.80665150672488],[22.594956465012995,65.80689908293144],[22.597452063422995,65.80641354066887],[22.59734657728386,65.80605781847626],[22.59897506629702,65.80561552921522],[22.599016352304314,65.80723791747376],[22.600422437221642,65.80752869791633],[22.600264139482167,65.80699511835769],[22.60286520477472,65.80686520791187],[22.60404896387984,65.80788904492309],[22.605783055474802,65.80780239938913],[22.60675571939451,65.80811478368106],[22.6102238982347,65.80794141141311],[22.611852274918622,65.8074989858058],[22.617107219319053,65.80741657900374],[22.61743495401107,65.80703917707368],[22.619221829745292,65.80713023253439],[22.620921646535795,65.80538094715318],[22.620542835416877,65.80417608699648],[22.61913671950445,65.80388549232238],[22.617022372933768,65.80417183498578],[22.616863756331895,65.80363827584542],[22.617730634822657,65.80359488437706],[22.61762488268905,65.80323917887077],[22.615732559065375,65.80279239486867],[22.614918559152652,65.80301362867493],[22.614812848693063,65.80265792080657],[22.612645710465053,65.80276634820954],[22.61254003259016,65.80241063844305],[22.613354034933906,65.80218941730641],[22.613248350127723,65.80183370810082],[22.61454858659842,65.8017686506789],[22.616123641120254,65.80114833008327],[22.616017923227343,65.80079262312809],[22.617540015891002,65.79999443542906],[22.617381419474356,65.79946087664032],[22.618248156442913,65.79941748363879],[22.618417168381235,65.7985065228245],[22.619283871168438,65.79846312427738],[22.620805726825402,65.79766490635795],[22.623352825486904,65.7973568057824],[22.624060764815134,65.7967798290189],[22.625307801447477,65.79653683256416],[22.625201979582787,65.79618113302325],[22.62606859046529,65.796137696836],[22.625962760074636,65.79578199790889],[22.627356923246463,65.79571210841098],[22.62682351,65.79391999999999],[22.62887965956777,65.79381676880654],[22.6312975495707,65.7903427182051],[22.639986277471895,65.78703463672049],[22.643424821714138,65.78406112695544],[22.634367675353822,65.78451515750794],[22.63464220358173,65.78505795336041],[22.633121508426086,65.78585629769601],[22.633766408037438,65.78654594557514],[22.629382095043812,65.7865854311967],[22.628439929535155,65.78481231266055],[22.613412449653378,65.7855656332675],[22.61033401003287,65.78609571721951],[22.610228446145577,65.78574000475477],[22.60252173,65.78611158],[22.59988628,65.77721858],[22.61258916536397,65.77658183867818],[22.610304811475142,65.77562834459158],[22.60852015557617,65.7755371626433],[22.606893709975925,65.7759795334102],[22.602300300326004,65.77530679025617],[22.602311674195136,65.7738622633846],[22.603832656377392,65.77306422365814],[22.604698534224752,65.77302091620484],[22.60275598157449,65.77239608775527],[22.602387123295017,65.77115106943467],[22.603200243184435,65.7709299112991],[22.603094852183297,65.7705741922085],[22.605586807069198,65.77008855316964],[22.60839504037336,65.77067001903598],[22.60914435564664,65.77171549609277],[22.608436734144057,65.7722924003465],[22.60757088827995,65.7723357287206],[22.6082674856071,65.77320335229619],[22.60913335916944,65.77316001968785],[22.61059042146173,65.77362858090336],[22.612322184530974,65.77354188421101],[22.61291343240685,65.77405377335428],[22.61421227026682,65.77398873272638],[22.61448687034718,65.77343348585198],[22.619249108637966,65.77319490193415],[22.62038942395917,65.77259625100609],[22.623366971442085,65.77226647489996],[22.622828394817002,65.77193247930869],[22.623641356857224,65.77171121368451],[22.62629158158069,65.77175879150909],[22.62688306103125,65.77227062412608],[22.62823463875212,65.77238331486781],[22.628499010608692,65.77327256000505],[22.627791787587515,65.77384955013574],[22.629735040907256,65.77447405241317],[22.63060091368873,65.77443059783995],[22.630706702723852,65.77478629390929],[22.63222684035654,65.77398797929378],[22.63401145594782,65.77407888403562],[22.633251424458113,65.77447805176581],[22.633263951151804,65.7755455000785],[22.643183609999994,65.77504827],[22.645368720438004,65.78238012434782],[22.6575697113765,65.7756053006684],[22.6466010174261,65.7675209826933],[22.629626611492498,65.76057883753],[22.604195119519396,65.74896748549598],[22.636865963714,65.73790735481191],[22.6519919525198,65.7256029751429],[22.692209173667,65.73394201467839],[22.696549960567992,65.73320838794575],[22.68681071,65.70064148]],[[22.41342917,65.58793562],[22.4159778,65.59683266],[22.407429368254732,65.59725053620828],[22.407386129079168,65.59762835283489],[22.410222166421217,65.59839163846536],[22.408552212584276,65.59865387493514],[22.408427651779355,65.5997426052456],[22.40610081268002,65.60075872977669],[22.406253616871652,65.60129256211901],[22.405393065311685,65.60133468967155],[22.40425499992085,65.6019317066167],[22.404356848903536,65.60228759630488],[22.40283933037267,65.60308360759902],[22.401978712904945,65.60312571642457],[22.401321719250184,65.60387960462063],[22.4000307479554,65.60394275355209],[22.399928950338676,65.6035868604502],[22.395574851933205,65.60361932621662],[22.394409041100293,65.60259370161634],[22.394279926022,65.60061523263968],[22.39341937350415,65.60065729223746],[22.393317681817948,65.60030139364862],[22.395973523211822,65.59890852887754],[22.396200323192538,65.59817570011715],[22.394524299228113,65.59788137955746],[22.38190294156124,65.5984983541374],[22.38349607777853,65.5995180487767],[22.38483766301323,65.59963299508496],[22.38501684072186,65.60178943193458],[22.383095135875795,65.60422883567075],[22.38350143565915,65.60565246163702],[22.382894628832982,65.60658422906347],[22.382084639842457,65.60680417990841],[22.383148581319332,65.60747399560336],[22.38071849735356,65.60813384038134],[22.3808200535692,65.60848974874988],[22.379681107534992,65.60908658989331],[22.380314644662402,65.60977741571004],[22.379023319211306,65.60984038927283],[22.37826396121563,65.61023827592011],[22.378517798298585,65.6111280513468],[22.37727716156555,65.61136896585201],[22.377530978192873,65.61225874313025],[22.37859503582049,65.61292858962041],[22.377784813976522,65.61314851979336],[22.377632510207462,65.61261465386931],[22.376720767597682,65.61247866750826],[22.37639179450669,65.61285556191052],[22.37327683207629,65.61264649491886],[22.373378307691763,65.61300240906095],[22.370314065435334,65.61297123843961],[22.369984992590727,65.61334811992647],[22.369123971419917,65.61339004624003],[22.36580624643058,65.61246898991546],[22.366894970321823,65.61169428869697],[22.368566203644605,65.61143249853586],[22.370034557351037,65.61045885669596],[22.36929986791301,65.60941206795054],[22.3701348332711,65.60774755184383],[22.369400222920678,65.60670076279871],[22.370539308361437,65.60610399749767],[22.369272975442303,65.60472225423996],[22.36745014094258,65.60445016911777],[22.366311053526918,65.60504691123444],[22.365146319379903,65.60402105110511],[22.367778325373997,65.6010060688305],[22.36896788520048,65.60058727684692],[22.369802620644116,65.59892276480602],[22.370612475346018,65.59870288089209],[22.37063725489894,65.5972582491627],[22.37144705113976,65.59703836136687],[22.372140378431464,65.5960762411426],[22.370420609999996,65.59003786],[22.41342917,65.58793562]],[[22.356712895744792,65.8319486471947],[22.35535923138135,65.8318335693266],[22.354771668622323,65.83132064905054],[22.353903332934756,65.83136255991684],[22.353801090480278,65.83100664038554],[22.354950190725983,65.83040989536771],[22.35479681332033,65.82987601722618],[22.3562015063805,65.83016905995486],[22.355613966968605,65.82965614269351],[22.359087047413617,65.82948843320901],[22.35972581046891,65.83017929393358],[22.358423378062064,65.83024219995606],[22.358959831594436,65.83057714802084],[22.35814267875686,65.83079704044971],[22.358781451191753,65.83148790503213],[22.359700943882054,65.83162392390078],[22.35952258466693,65.83253468157206],[22.357632394826535,65.83208467845701],[22.357785846860804,65.83261855303178],[22.35691747328598,65.83266048139973],[22.356712895744792,65.8319486471947]],[[22.353989030744692,65.86383533774836],[22.35365670936061,65.86421221501269],[22.353119595155725,65.86387725466163],[22.353989030744692,65.86383533774836]],[[22.61448687034718,65.77343348585198],[22.614001157894506,65.77327731299592],[22.614434090525815,65.77325563105946],[22.61448687034718,65.77343348585198]],[[22.613515451301623,65.77312113853354],[22.613948381804093,65.77309945799816],[22.614001157894506,65.77327731299592],[22.613515451301623,65.77312113853354]],[[22.605721329999998,65.72277824],[22.627325140000004,65.72169424],[22.62996321,65.73058675],[22.60835211,65.73167119],[22.605721329999998,65.72277824]],[[22.578874529999993,65.70607220999999],[22.600465749999998,65.70499214999998],[22.60309255,65.71388523],[22.581494039999995,65.71496572999999],[22.578874529999993,65.70607220999999]],[[22.50286301,65.74594276],[22.52449135,65.74487313],[22.52709687,65.75376771999998],[22.505461219999994,65.75483779999999],[22.50286301,65.74594276]],[[22.412290677910867,65.66009592685899],[22.410269300930633,65.66100176014723],[22.410144664282132,65.66209049256727],[22.408726123959866,65.66324247683319],[22.406138311441705,65.66336894771754],[22.405809166376855,65.66374590756243],[22.40360153604939,65.66367331848123],[22.40337447954482,65.66440616078961],[22.40466844912739,65.66434295377768],[22.404339270887423,65.6647199107635],[22.401166797556908,65.66433353683269],[22.401064698728234,65.66397764748903],[22.397131770000044,65.6639891970747],[22.393477169586635,65.663445762805],[22.392155657454822,65.66188630435488],[22.39032853721861,65.6616145365851],[22.39007369981466,65.66072479087084],[22.39217909124376,65.66044168261466],[22.392406437494014,65.65970885419966],[22.393598230797483,65.65928984701533],[22.394511719510092,65.65942571468463],[22.394840979250166,65.65904877819523],[22.39699718782196,65.65894355220865],[22.397224386493534,65.65821071803352],[22.40498635446029,65.65783164319008],[22.405797713515533,65.6576115565047],[22.405593455657627,65.65689978456278],[22.409525290623787,65.65688802668123],[22.41125196338663,65.65647734236751],[22.40720307999999,65.64237218999999],[22.428749840000002,65.64131695],[22.43387218,65.65911023],[22.412290677910867,65.66009592685899]],[[22.652724027719866,65.68505012955941],[22.65277685410443,65.68522797048736],[22.652345431147342,65.68524974612477],[22.652724027719866,65.68505012955941]],[[22.64615091669815,65.77058072765787],[22.64620390845794,65.7707585693214],[22.645771049865626,65.77078034076841],[22.64615091669815,65.77058072765787]],[[22.644958314047386,65.77100172217466],[22.645011298630223,65.77117956432537],[22.644578431768696,65.7712013324674],[22.644958314047386,65.77100172217466]],[[22.64062040802032,65.77266385486645],[22.643438749790015,65.7718001580169],[22.64477238043488,65.77480171338179],[22.64062040802032,65.77266385486645]],[[22.64409258537728,65.77104525687746],[22.64419854363298,65.77140094187205],[22.643332800032752,65.77144447240786],[22.64409258537728,65.77104525687746]],[[22.642043333198952,65.77006525169477],[22.641884451453897,65.76953172137613],[22.64275013384531,65.76948819968261],[22.64285606591778,65.76984388586874],[22.642043333198952,65.77006525169477]],[[22.642149258380815,65.77042093844274],[22.641928249633047,65.77115407225665],[22.641495380072723,65.77117583166768],[22.64133650143154,65.77064230074231],[22.642149258380815,65.77042093844274]],[[22.634632677852665,65.78650246412623],[22.634685629534893,65.78668031021405],[22.633819353854356,65.78672379202243],[22.634632677852665,65.78650246412623]],[[22.634588508634472,65.76863479390252],[22.63377573976825,65.76885611598948],[22.633669937675148,65.768500422196],[22.634588508634472,65.76863479390252]],[[22.631274701525776,65.77078672194695],[22.63138048188493,65.77114241762641],[22.630947601833856,65.77116414717901],[22.631274701525776,65.77078672194695]],[[22.622521657466176,65.76942085365417],[22.622954516811053,65.76939914824474],[22.623007345850063,65.76957699958912],[22.622521657466176,65.76942085365417]],[[22.624738786926727,65.76949016501761],[22.62571019828146,65.76980244085985],[22.626523068443145,65.76958116078322],[22.627220219453385,65.77044869214659],[22.629110322533084,65.77089535569795],[22.627431668313168,65.77116009017703],[22.627325942278787,65.7708043912141],[22.626460184503777,65.7708478260304],[22.625435875631737,65.77035770516618],[22.624137254501157,65.77042283928307],[22.625330181049613,65.77000200450635],[22.624464446146415,65.77004542775502],[22.623007345850063,65.76957699958912],[22.624738786926727,65.76949016501761]],[[22.62539312102235,65.76873533917298],[22.625445965227325,65.76891318951945],[22.625013116550356,65.7689349018998],[22.62539312102235,65.76873533917298]],[[22.62211409526889,65.78875483471938],[22.622811656775866,65.78962238226742],[22.621237457278674,65.79024276336958],[22.619071394818903,65.79035127134269],[22.61837393726256,65.78948370564484],[22.619948162202462,65.78886335385688],[22.62211409526889,65.78875483471938]],[[22.605766280318978,65.79589048680005],[22.605819056065428,65.79606834465844],[22.60538573171186,65.79609000602001],[22.605766280318978,65.79589048680005]],[[22.60598849422359,65.79515739341704],[22.6068023290204,65.794936208918],[22.606538438323472,65.79404692127164],[22.610057526735226,65.79405142890133],[22.609507735304582,65.79516191221865],[22.605766280318978,65.79589048680005],[22.60598849422359,65.79515739341704]],[[22.605438505324233,65.79626786403149],[22.60500517723309,65.79628952434892],[22.604952406556592,65.79611166615827],[22.605438505324233,65.79626786403149]],[[22.59993833233816,65.72578910433681],[22.598052065741342,65.72534204083037],[22.597409739990226,65.72465221657811],[22.59498641842692,65.72387101267616],[22.594881371023305,65.72351528457554],[22.593047866227977,65.72324602071961],[22.592942848533365,65.7228902909848],[22.597094495911303,65.72358503809558],[22.598116366939003,65.72407537363112],[22.601468207246022,65.7235465869304],[22.60211061124213,65.72423639326144],[22.604376401591136,65.72448390101218],[22.605071504524158,65.72535155387187],[22.60377508152409,65.72541649246274],[22.604627981778762,65.72681772800496],[22.603974025699575,65.72757246066466],[22.60288784080145,65.72834883384753],[22.599482845484815,65.72869979567515],[22.599272582975804,65.72798834727134],[22.600411433692738,65.72738986064347],[22.59993833233816,65.72578910433681]],[[22.6046621399362,65.722484147784],[22.604714727960165,65.72266200781957],[22.604282632321684,65.72268365377565],[22.6046621399362,65.722484147784]],[[22.60413851864582,65.79633284131391],[22.604571848340278,65.79631118344305],[22.604624616882518,65.79648904178673],[22.60413851864582,65.79633284131391]],[[22.6037579508201,65.79653235666335],[22.604191284252114,65.79651069983669],[22.604244050660036,65.79668855833347],[22.6037579508201,65.79653235666335]],[[22.600154249401367,65.71910004513761],[22.60046955390359,65.72016721664681],[22.596253985112668,65.72073922424573],[22.597392597116876,65.72014076262454],[22.599120832775945,65.72005425117781],[22.600154249401367,65.71910004513761]],[[22.59760273117569,65.72085221487923],[22.598034802952906,65.72083058813229],[22.598087341374406,65.7210084509527],[22.59760273117569,65.72085221487923]],[[22.5941866612426,65.72264758125131],[22.593164921519783,65.72215721801608],[22.592300723064536,65.72220044317338],[22.59295489673239,65.72144575853447],[22.593819068664875,65.72140252992742],[22.594957766596927,65.72080408566575],[22.595821913069713,65.72076084593813],[22.59641156536949,65.7212728148481],[22.597655266679908,65.72103007787807],[22.597760340075915,65.721385803798],[22.595862549972008,65.7223832407299],[22.5941866612426,65.72264758125131]],[[22.593907589548344,65.71724679832039],[22.5940125929372,65.71760252752127],[22.59358057101268,65.71762414234627],[22.59304355657027,65.71729002603821],[22.593907589548344,65.71724679832039]],[[22.59225622001843,65.71462204838019],[22.591929208120295,65.71499938878415],[22.59279316686654,65.7149561681396],[22.59381460644741,65.71544653685783],[22.593919599765684,65.71580226622014],[22.59262362148294,65.7158671053457],[22.592833582666188,65.71657856589914],[22.591969569839183,65.71662178731518],[22.59229660030115,65.71624444663507],[22.589220110192713,65.71621782265687],[22.58901025186769,65.71550635608885],[22.59225622001843,65.71462204838019]],[[22.591699011952805,65.72313299078978],[22.591751512443867,65.72331085617925],[22.591319392924987,65.72333246556067],[22.591699011952805,65.72313299078978]],[[22.59154151525181,65.72259939446604],[22.591594013356797,65.7227772599332],[22.590729791031674,65.72282047640705],[22.59154151525181,65.72259939446604]],[[22.590846943398255,65.72173167451862],[22.590899434609103,65.72190954029354],[22.590467337638074,65.72193114702945],[22.590846943398255,65.72173167451862]],[[22.586460574789783,65.79306402434669],[22.588416436520824,65.79224451539378],[22.58987423483827,65.79271326740287],[22.59066419359733,65.79538123239611],[22.588708172457906,65.79620077177167],[22.5856221112807,65.79617417043926],[22.587197546417773,65.79555414484366],[22.586460574789783,65.79306402434669]],[[22.575880348319814,65.72302079457259],[22.576312478139332,65.72299922893399],[22.576364872519758,65.72317710068758],[22.575880348319814,65.72302079457259]],[[22.579389779456303,65.72302610583128],[22.57734685906549,65.72204516821684],[22.578643192842698,65.72198045568166],[22.578538379383513,65.72162471397469],[22.579677448011566,65.72102638038261],[22.580541632616548,65.72098322706148],[22.581196124484165,65.72022858981477],[22.58411577191255,65.71972176552],[22.58466524551037,65.71861137747361],[22.585529339447397,65.71856819673052],[22.58563423411261,65.71892393280201],[22.58644588297614,65.71870287880387],[22.589195569268625,65.71910689133672],[22.588319151084065,65.72059462772717],[22.58972033954566,65.72088555536914],[22.590414849344935,65.72175328107625],[22.588424093994202,65.72095036139598],[22.587559926318693,65.72099355931842],[22.587232769872724,65.7213708910856],[22.585884036571972,65.72125780839872],[22.585988949239287,65.72161354405068],[22.58458776080873,65.72132258204397],[22.583880899419803,65.72189936448983],[22.584850004669796,65.72221192365235],[22.5850598140616,65.72292339647367],[22.58447034480828,65.72241138174213],[22.582637020455508,65.7221419906372],[22.5821398275821,65.72343024227952],[22.57949461145645,65.72338184676904],[22.579756705354665,65.72427119866141],[22.582244699368385,65.72378598092544],[22.581969867244045,65.72434117179252],[22.5837508937496,65.7244327007808],[22.583920791486452,65.72352176990405],[22.58613389667332,65.72359168303791],[22.587325339644448,65.72317116075827],[22.586251244814964,65.72250288272807],[22.589171041954128,65.72199595992221],[22.590087726042412,65.72213061865173],[22.588948856241394,65.7227290281876],[22.589485935890096,65.72306315830656],[22.58850445056138,65.72419516409639],[22.587692649944074,65.72441623060092],[22.588387194154755,65.72528396523587],[22.587522881640165,65.72532716439795],[22.586868455913272,65.72608182821611],[22.585244694685343,65.72652394104136],[22.585781809044217,65.7268580838944],[22.58453771247614,65.72710072776253],[22.584747561007354,65.7278122006417],[22.583018749208588,65.72789855457722],[22.58193191151867,65.72867478467762],[22.579823240840106,65.72896055511566],[22.57891917944602,65.72738129744774],[22.580215775910155,65.72731656888993],[22.58118504554753,65.72762914976202],[22.58005848543461,65.72678295861526],[22.58173479431971,65.72651876950457],[22.581472605006454,65.7256294219626],[22.580018819108634,65.72516054990807],[22.581262867856896,65.72491794346388],[22.579913971224215,65.7248048094869],[22.57883999481028,65.72413647795494],[22.577543553589898,65.72420119324032],[22.576364872519758,65.72317710068758],[22.579389779456303,65.72302610583128]],[[22.589013605719437,65.72146236038066],[22.589066083669323,65.7216402269204],[22.588633989353383,65.7216618284232],[22.589013605719437,65.72146236038066]],[[22.588936587319857,65.72417356253656],[22.58904155619528,65.72452929552671],[22.588609413600015,65.72455089744307],[22.588936587319857,65.72417356253656]],[[22.586958691039555,65.79177574892583],[22.58685342162408,65.79142001736311],[22.587772590157112,65.79155466535568],[22.58787787291261,65.7919103961518],[22.586958691039555,65.79177574892583]],[[22.58253317010085,65.7901914951685],[22.584318771703366,65.79028297203031],[22.58652541979251,65.79179735617069],[22.585225601254677,65.79186217056629],[22.585120355321276,65.79150643757427],[22.58257333684372,65.79181389877725],[22.58253317010085,65.7901914951685]],[[22.58397101834399,65.71774362271358],[22.58386615230117,65.7173878852114],[22.585214674517736,65.71750098789545],[22.5853195596501,65.71785672427724],[22.58397101834399,65.71774362271358]],[[22.579928107752686,65.72931629541688],[22.579980542400843,65.72949416552875],[22.579548307749135,65.72951574263202],[22.579928107752686,65.72931629541688]],[[22.579586656905295,65.7251821263962],[22.57953423548474,65.72500425602045],[22.579966394769272,65.72498267971041],[22.579586656905295,65.7251821263962]],[[22.579102075405963,65.72502583111115],[22.579049657698466,65.72484796053156],[22.579481814858465,65.72482638561891],[22.579102075405963,65.72502583111115]],[[22.57889354756074,65.73027037550565],[22.57743954049597,65.72980148100791],[22.578304022789762,65.72975833742221],[22.57889354756074,65.73027037550565]],[[22.57848697903588,65.72740287119461],[22.57843455976039,65.72722500041664],[22.578866757251134,65.72720342684781],[22.57848697903588,65.72740287119461]],[[22.578513725786088,65.73046982035721],[22.578081473355933,65.7304913934721],[22.578029049335303,65.73031352259903],[22.578513725786088,65.73046982035721]],[[22.576417821159144,65.72931100510611],[22.576850055531875,65.72928943689648],[22.576902468946127,65.72946730828056],[22.576417821159144,65.72931100510611]],[[22.576902468946127,65.72946730828056],[22.577387122573082,65.72962360985349],[22.576954883154652,65.7296451796388],[22.576902468946127,65.72946730828056]],[[22.56259963069066,65.72855599710205],[22.56303186630199,65.7285344681253],[22.56308418284598,65.72871234522918],[22.56259963069066,65.72855599710205]],[[22.56351642058467,65.72869081485503],[22.564433219780724,65.72882562699257],[22.56519303246576,65.72842680494614],[22.56529769554792,65.72878255735091],[22.57178116266393,65.72845937952873],[22.571885916519758,65.72881512649575],[22.573614834288662,65.72872889797299],[22.574151847976605,65.72906308287779],[22.5750163121895,65.72901995814742],[22.574741274540553,65.72957513802197],[22.577059713954664,65.73000092227784],[22.57726938508686,65.73071240724607],[22.57510808847503,65.7308202432176],[22.575645166355542,65.73115442221611],[22.5735886155964,65.73161798100229],[22.574178092495753,65.73213003783208],[22.571531989749065,65.73208151274919],[22.56963240308354,65.73307864043444],[22.568715426017423,65.73294386138724],[22.56844021514441,65.73349903160954],[22.567575588006257,65.73354212061055],[22.56724798818215,65.73391941383625],[22.56546635165913,65.73382769776545],[22.566108073676464,65.73451766283485],[22.565243407801574,65.73456073897418],[22.562335434383975,65.7336226748675],[22.561693836071846,65.73293269266568],[22.560292286104715,65.73264151052474],[22.558681585753423,65.7316388000274],[22.558524707969195,65.73110516340084],[22.561013773587398,65.73062028214365],[22.561132197959306,65.72953149051578],[22.563188818312454,65.72906809935967],[22.56351642058467,65.72869081485503]],[[22.57551395355981,65.72773172527377],[22.575946162448787,65.72771015988573],[22.575998565795643,65.72788803168014],[22.57551395355981,65.72773172527377]],[[22.575998565795643,65.72788803168014],[22.576483183870725,65.72804433648515],[22.576050969936592,65.72806590344874],[22.575998565795643,65.72788803168014]],[[22.575199567670293,65.72666449289746],[22.575631759042533,65.72664292857728],[22.57568415762523,65.72682080052655],[22.575199567670293,65.72666449289746]],[[22.57568415762523,65.72682080052655],[22.576168753418884,65.72697710655434],[22.5757365570019,65.72699867245001],[22.57568415762523,65.72682080052655]],[[22.57593317921207,65.72915470033016],[22.575985585992175,65.72933257209607],[22.575553350031022,65.72935413786634],[22.57593317921207,65.72915470033016]],[[22.573850602678775,65.72655130585406],[22.573902988790163,65.72672917854091],[22.57347079424247,65.72675073798302],[22.573850602678775,65.72655130585406]],[[22.571244192235756,65.72812518582852],[22.57129656425962,65.7283030595544],[22.57086434079906,65.72832461188266],[22.571244192235756,65.72812518582852]],[[22.570064707238533,65.73305709079997],[22.570117083170384,65.73323496489694],[22.569684776094288,65.73325651470931],[22.570064707238533,65.73305709079997]],[[22.56536773136676,65.7156037708573],[22.565420032502512,65.71578164730128],[22.564988012282715,65.71580318091155],[22.56536773136676,65.7156037708573]],[[22.564019385488713,65.71549049049568],[22.56353508084234,65.71533414288784],[22.564883416637127,65.71544742764256],[22.564019385488713,65.71549049049568]],[[22.5594901404544,65.71499421625255],[22.55964692059986,65.7155278528192],[22.558782876281853,65.71557088606193],[22.5594901404544,65.71499421625255]],[[22.558873417359216,65.71737119306496],[22.55892567815528,65.7175490721446],[22.558493621927326,65.71757058767102],[22.558873417359216,65.71737119306496]],[[22.549675572555472,65.72486764089943],[22.548863406284624,65.72508850385839],[22.547842411141954,65.72459782896782],[22.54708243443067,65.72499656600255],[22.545353659861533,65.72508249167926],[22.542261231931622,65.7264994851299],[22.5409645624073,65.72656389103078],[22.540428025871506,65.7262295843243],[22.540271564128787,65.72569592478132],[22.54238044006592,65.72541070036317],[22.5431405026659,65.72501198595712],[22.542551805938572,65.72449980123702],[22.54341618093487,65.72445685689114],[22.54284234396015,65.72250011716221],[22.544086633172558,65.72225781229263],[22.54393012487682,65.72172415698282],[22.542425068045258,65.72107703177586],[22.543185006196854,65.72067831839126],[22.543304162824658,65.7195895334373],[22.543631946169494,65.7192122899658],[22.54530816404862,65.71894850305817],[22.54558373831985,65.71839337111324],[22.546827804685623,65.71815104604873],[22.546998980089715,65.71724014383713],[22.547863103712228,65.71719717673396],[22.548190791491646,65.71681992439672],[22.550559860791957,65.71742401124608],[22.55228810291483,65.7173380317318],[22.551699410719774,65.71682588237478],[22.553859655768367,65.71671838930779],[22.554828210205393,65.71703114513238],[22.555640073984797,65.71681025336107],[22.555796787982445,65.71734389455844],[22.558598140059264,65.71792634610824],[22.556110237343724,65.71841117625964],[22.557026632013574,65.71854603703594],[22.556751303732074,65.71910118724841],[22.554747584066224,65.71974236553874],[22.554904301033897,65.72027600763252],[22.553660213120345,65.72051839895367],[22.55376467912825,65.72087416123438],[22.552625004689844,65.72147230682486],[22.552781690491038,65.72200595141902],[22.551157576347524,65.72244770397947],[22.55098652431087,65.72335860965906],[22.550174416428522,65.72357947903238],[22.551024355475167,65.72498104404285],[22.550212197662557,65.72520191411628],[22.549675572555472,65.72486764089943]],[[22.557368254794095,65.71672421674877],[22.557420503671665,65.71690209646373],[22.556988456739003,65.71692360762289],[22.557368254794095,65.71672421674877]],[[22.55612436049949,65.71696662628396],[22.556556409014927,65.71694511756297],[22.556608652849082,65.71712299760719],[22.55612436049949,65.71696662628396]],[[22.556608652849082,65.71712299760719],[22.557092951033628,65.71727936733068],[22.556660897474615,65.71730087762572],[22.556608652849082,65.71712299760719]],[[22.55586316778555,65.71607722479021],[22.55596764249729,65.71643298546478],[22.555535601942708,65.71645449243434],[22.55586316778555,65.71607722479021]],[[22.551903071282112,65.72349349978244],[22.551955299038745,65.7236713815893],[22.55152313359301,65.72369287840843],[22.551903071282112,65.72349349978244]],[[22.551418684709475,65.7233371144142],[22.551470908755594,65.72351499642417],[22.5510387454378,65.7235364918464],[22.551418684709475,65.7233371144142]],[[22.547015625973657,65.72626323624235],[22.5470678268517,65.72644111999561],[22.54663561024568,65.72646260344298],[22.547015625973657,65.72626323624235]],[[22.546859028085507,65.72572958482857],[22.546911226590566,65.72590746865879],[22.546479018744552,65.72592895157425],[22.546859028085507,65.72572958482857]],[[22.541538524631946,65.7180529698865],[22.54164281200684,65.71840874225768],[22.541210724147994,65.71843020901662],[22.541538524631946,65.7180529698865]],[[22.541002164230335,65.71771866346336],[22.541054303024968,65.71789654989007],[22.54062222313072,65.7179180148984],[22.541002164230335,65.71771866346336]],[[22.520301116191035,65.72488165479311],[22.520197090915122,65.72452586520272],[22.521873905563115,65.72426233056632],[22.52197795262497,65.72461811879413],[22.521113529468494,65.72466094184189],[22.520457160016353,65.72541533898749],[22.519160479595325,65.72547955921249],[22.51905646711332,65.72512376871501],[22.520301116191035,65.72488165479311]],[[22.51933266729368,65.72456867813906],[22.51928066167858,65.7243907829523],[22.520145079459397,65.72434797036927],[22.51933266729368,65.72456867813906]],[[22.51921248701848,65.72565745442301],[22.518348023622607,65.72570026216061],[22.518296022040683,65.72552236659675],[22.51921248701848,65.72565745442301]],[[22.511148826873434,65.77911444144854],[22.511096745419813,65.77893654418726],[22.511529876288197,65.77891515265102],[22.511148826873434,65.77911444144854]],[[22.496717076741476,65.79588791230051],[22.497150506681923,65.79586655868883],[22.497202533030393,65.79604446125892],[22.496717076741476,65.79588791230051]],[[22.497202533030393,65.79604446125892],[22.49768799519694,65.79620100861463],[22.497254560169416,65.79622236380357],[22.497202533030393,65.79604446125892]],[[22.482251120335405,65.80959312521489],[22.48051641299236,65.80967837254803],[22.480308640792654,65.8089667361435],[22.478314329263192,65.80816241145516],[22.47833257965868,65.80671782867496],[22.4793738222359,65.80576436730558],[22.478854589112284,65.80398526995963],[22.48097056692417,65.803700826953],[22.48247907026411,65.8043485260805],[22.482582962372856,65.80470434277916],[22.481715775468583,65.80474696916923],[22.481386058450603,65.80512409818274],[22.481541880799966,65.8056578244757],[22.486033856408202,65.80597836774136],[22.487057018624792,65.80646943597141],[22.48792425286492,65.80642677875856],[22.489346728146206,65.80527401679171],[22.494341702947704,65.80430631065043],[22.496197328132446,65.80313214069669],[22.496023955276417,65.8040430073822],[22.494393730389284,65.80448421417078],[22.494653879460113,65.80537373139117],[22.496700516366403,65.80635574230749],[22.496579195984427,65.80744451210167],[22.493699894841093,65.80812767491437],[22.493370314720902,65.8085048284856],[22.489901122397416,65.8086755540783],[22.488912165454888,65.8098069901549],[22.48917218988521,65.81069651794631],[22.487055737833412,65.81098107933929],[22.486396303114102,65.81173535974668],[22.484453560574888,65.81110902601036],[22.48370804178758,65.81006290018705],[22.482251120335405,65.80959312521489]],[[22.491825568596116,65.81976966514561],[22.489934111218634,65.81932131281319],[22.48983004668586,65.81896550279845],[22.488476544322253,65.8188516035815],[22.4883725022058,65.81849579235467],[22.486741238200153,65.81893692753137],[22.485387749462724,65.81882300079079],[22.48512775712537,65.81793346622666],[22.486273179603252,65.81733576985395],[22.485857181296137,65.81591251685909],[22.487766014850617,65.81491634433314],[22.489067289439127,65.81485234648407],[22.489969250589386,65.81643215776305],[22.491582820127878,65.81743556701824],[22.49250246070793,65.81757078454625],[22.49258913654826,65.81937116880147],[22.494098869544672,65.82001874103088],[22.494133607384846,65.82164121991708],[22.492085814550517,65.8206591858234],[22.491825568596116,65.81976966514561]],[[22.488604565389625,65.79069298975638],[22.48806731244357,65.79035850552131],[22.489367346929285,65.79029451723524],[22.490026180454514,65.78954022989753],[22.491378138523995,65.78965413047253],[22.491482082241212,65.79000994059471],[22.490615407142723,65.79005261255989],[22.490337963468903,65.79060766328794],[22.489089873879312,65.79084956598038],[22.48919379181905,65.79120537791533],[22.48735645457694,65.79093487846961],[22.488604565389625,65.79069298975638]],[[22.462481434143797,65.80514976102049],[22.464701349128706,65.805221373536],[22.464008630891538,65.80435305759852],[22.464875839706636,65.80431053164476],[22.464772193963142,65.8039547004991],[22.4655875602868,65.80373425509177],[22.465276611389825,65.80266676300865],[22.46328325921503,65.80186223253176],[22.463787716536388,65.800574299578],[22.46488108107924,65.7997988501449],[22.465748134957312,65.79975632074282],[22.468368109870607,65.79818411592007],[22.469668597670296,65.79812029114638],[22.471576789050992,65.79712432741601],[22.474888948116263,65.79642029737504],[22.47473333059858,65.79588656229713],[22.47771558496723,65.79555958662445],[22.478045241762658,65.79518246613722],[22.478912114275108,65.79513986368295],[22.478374889167156,65.7948053450294],[22.47967517675284,65.79474143689708],[22.479086052757577,65.79422901096022],[22.47984908627731,65.7938305835878],[22.48114932031638,65.79376666341096],[22.483923526827343,65.79272793352321],[22.486575797428998,65.79277792099467],[22.48716503407598,65.79329031689407],[22.485968727565453,65.79371010239763],[22.485795035805403,65.79462096055109],[22.484650583393563,65.79521864384205],[22.484910283938166,65.79610818203729],[22.48317649448386,65.79619345063676],[22.482465371912813,65.79676980337894],[22.481598451658417,65.79681242649556],[22.481702295106697,65.79716824426532],[22.483436155974708,65.79708299172506],[22.48504821608447,65.79808648476128],[22.488134517894874,65.79811511879677],[22.489330988858864,65.79769531469168],[22.490301889624057,65.79800845819686],[22.490995305625773,65.79887664785663],[22.490665796213143,65.79925379488776],[22.487249793641237,65.79960235359177],[22.486364971706006,65.80108958421366],[22.481648047085105,65.80150198884097],[22.481751913930488,65.8018578063508],[22.480884821140304,65.80190042709805],[22.481110649159092,65.80116748151036],[22.47975812281206,65.80105349545691],[22.480573265363017,65.80083297214875],[22.48112876021499,65.79972289977141],[22.475596833993055,65.80035564218485],[22.47330689795692,65.80155085718681],[22.472751028706476,65.80266090472898],[22.4718838910196,65.80270347475313],[22.47283621057492,65.80446131464686],[22.471742899161217,65.80523682057877],[22.47210603160798,65.80648220906966],[22.469207398352953,65.80860950222288],[22.469952285223727,65.80965570502579],[22.471894572957655,65.81028222780154],[22.47258772708975,65.81115050368186],[22.473558947904426,65.81146375063716],[22.47279530719761,65.8118621524698],[22.472951000564045,65.81239588879505],[22.472083535633868,65.81243846314602],[22.472064948368793,65.81388304846644],[22.4708155600533,65.81412481426983],[22.471023120011584,65.81483646566687],[22.468401670811566,65.81640873047255],[22.468175370263037,65.81714166185175],[22.46671831534015,65.81667173987965],[22.465850694039926,65.8167142803227],[22.46722284763588,65.81538379482174],[22.465836702575412,65.81364718958352],[22.464431733110303,65.81335515844867],[22.463356878978697,65.81268602117385],[22.46248938523645,65.81272854126723],[22.462333906183154,65.81219479218872],[22.460184462631258,65.81085647794579],[22.459265223386573,65.81072106179998],[22.460080850024525,65.8105006432894],[22.459925437022147,65.80996689111555],[22.46079284287146,65.80992438645272],[22.459770031108615,65.80943313871464],[22.461886680563637,65.80914895387052],[22.462164918733286,65.80859394719279],[22.46336230366382,65.80817433791013],[22.463329575875832,65.80655183265347],[22.46085054374477,65.80559061581184],[22.459601443289753,65.8058322870001],[22.459705026716207,65.80618812226489],[22.45705139606997,65.8061376807217],[22.455141982209597,65.80713347461858],[22.452158080641823,65.80746002491603],[22.45162093155489,65.80712541130606],[22.451465718239348,65.80659164857968],[22.455336369504458,65.80477804770133],[22.457122618069718,65.80487100757264],[22.457019076660362,65.80451517014622],[22.45831991767115,65.80445143869179],[22.460746947389133,65.80523478145082],[22.461614192341475,65.80519227368514],[22.46151058736725,65.80483643992669],[22.462481434143797,65.80514976102049]],[[22.490771311015102,65.79058632861152],[22.49082328055162,65.79076423391129],[22.49038993006776,65.79078556876416],[22.490771311015102,65.79058632861152]],[[22.48948131659441,65.8298105029347],[22.489533372397318,65.82998840784357],[22.48909936043185,65.83000974549279],[22.48948131659441,65.8298105029347]],[[22.486851882434227,65.79673452113028],[22.487285336423746,65.79671319531833],[22.487337296754497,65.79689110189791],[22.486851882434227,65.79673452113028]],[[22.487337296754497,65.79689110189791],[22.487822716953357,65.79704768106316],[22.487389257874838,65.79706900845207],[22.487337296754497,65.79689110189791]],[[22.48636647399252,65.79657793876038],[22.486418427655167,65.7967558457181],[22.48598497208661,65.79677716908186],[22.48636647399252,65.79657793876038]],[[22.485740640088693,65.63924641604393],[22.48611989257938,65.63904720860921],[22.486223038672303,65.63940303009255],[22.485740640088693,65.63924641604393]],[[22.48541295021232,65.63962353364334],[22.484982117706295,65.63964482824407],[22.48493055219191,65.63946691701429],[22.48541295021232,65.63962353364334]],[[22.484804598605123,65.62395360870738],[22.485235171171972,65.62393231720611],[22.4852867016213,65.62411022867701],[22.484804598605123,65.62395360870738]],[[22.483601302145146,65.64241996158631],[22.482360212512265,65.64266173998456],[22.481826223622758,65.64232720161961],[22.48263642697888,65.64210671606605],[22.482533317085572,65.64175089178306],[22.483601302145146,65.64241996158631]],[[22.482651724103146,65.62406004799918],[22.482600211810304,65.62388213545204],[22.483030785369795,65.62386085019742],[22.482651724103146,65.62406004799918]],[[22.48098091198714,65.62432309079747],[22.481411494450192,65.62430181004989],[22.481462999608688,65.62447972307201],[22.48098091198714,65.62432309079747]],[[22.481032414249018,65.62450100399472],[22.481083917288448,65.62467891716678],[22.480653328254537,65.62470019705026],[22.481032414249018,65.62450100399472]],[[22.480704829174833,65.62487811037221],[22.480274236466656,65.62489938921642],[22.480222738443107,65.62472147571938],[22.480704829174833,65.62487811037221]],[[22.480583240936227,65.62596686966987],[22.480152630069128,65.62598814835025],[22.48010113027728,65.62581023482922],[22.480583240936227,65.62596686966987]],[[22.475109711946313,65.8514498014718],[22.474675323451322,65.85147110177812],[22.474623318191373,65.85129319131109],[22.475109711946313,65.8514498014718]],[[22.47318459636721,65.80263961788013],[22.473236473733042,65.80281753007105],[22.472802903131154,65.80283881709606],[22.47318459636721,65.80263961788013]],[[22.470227444291982,65.8513282128501],[22.471913015608745,65.85106514318876],[22.471148205352307,65.85146354816642],[22.470227444291982,65.8513282128501]],[[22.4689804657027,65.77613820443602],[22.469413591472573,65.7761169326209],[22.469465378735496,65.77629484696868],[22.4689804657027,65.77613820443602]],[[22.469465378735496,65.77629484696868],[22.469950297637535,65.77645148790126],[22.4695171667848,65.77647276129117],[22.469465378735496,65.77629484696868]],[[22.46899455255055,65.77920529384407],[22.46769501611945,65.7792691035811],[22.467643233884314,65.77909118858217],[22.468457799101344,65.77887073565994],[22.46899455255055,65.77920529384407]],[[22.468716743563355,65.77976030876971],[22.46882032685383,65.78011613783684],[22.468387133365944,65.78013740862855],[22.468716743563355,65.77976030876971]],[[22.46860918619785,65.81712038558776],[22.46866106701694,65.81729829930335],[22.468227248137193,65.81731957574348],[22.46860918619785,65.81712038558776]],[[22.46843892325541,65.78031532330012],[22.468005726045334,65.78033659304442],[22.467953939091515,65.78015867819695],[22.46843892325541,65.78031532330012]],[[22.467256324615196,65.83360841073706],[22.467360148218532,65.83396423847334],[22.46692604715522,65.83398551395891],[22.467256324615196,65.83360841073706]],[[22.464978784920017,65.77597376344761],[22.46503054126417,65.77615167960403],[22.46416427908533,65.7761941971987],[22.464978784920017,65.77597376344761]],[[22.461720677001928,65.77685547316447],[22.464371288842838,65.77690586297828],[22.463815503034866,65.7780158771083],[22.46294917586943,65.778058388433],[22.461856638234337,65.77883381593749],[22.460557099296242,65.77889756485025],[22.459968732870475,65.77838505770244],[22.460783344204447,65.77816464533902],[22.46067988115647,65.77780880963934],[22.461927625749897,65.7775671428589],[22.461720677001928,65.77685547316447]],[[22.462361055453055,65.81832898241045],[22.462412896038497,65.81850689864068],[22.46154520437655,65.81854941529267],[22.462361055453055,65.81832898241045]],[[22.461422364413846,65.81963817179914],[22.461474201681806,65.81981608838059],[22.46104033326045,65.81983734487461],[22.461422364413846,65.81963817179914]],[[22.461025172805023,65.80467977697722],[22.460539764126743,65.80452311242601],[22.461406985542915,65.80448060606733],[22.461025172805023,65.80467977697722]],[[22.458540741835957,65.82032069365171],[22.46076196291027,65.8203923507917],[22.46086563275879,65.82074818443128],[22.458955316001386,65.82174403484427],[22.456785791115767,65.82185027095747],[22.45520555578521,65.82246899506505],[22.452550245270285,65.82241849157558],[22.452291343604625,65.82152889058196],[22.458540741835957,65.82032069365171]],[[22.452425582654257,65.68582183894884],[22.449887209337355,65.6861269984319],[22.4505447253787,65.68537289481898],[22.45232267801693,65.68546599212306],[22.452425582654257,65.68582183894884]],[[22.448602989108956,65.85725857764062],[22.448830138610607,65.8565256670686],[22.449802828536143,65.85683905098594],[22.449472012676686,65.85721612166118],[22.448602989108956,65.85725857764062]],[[22.448786999242778,65.68383517844329],[22.448406816647626,65.68403430178262],[22.448303975732202,65.68367845160827],[22.448786999242778,65.68383517844329]],[[22.44797520951538,65.68405549900415],[22.448026628228035,65.68423342422848],[22.447595017405437,65.6842546204068],[22.44797520951538,65.68405549900415]],[[22.44683461571166,65.68465286053166],[22.447266233915073,65.68463166643973],[22.447317649137315,65.6848095919384],[22.44683461571166,65.68465286053166]],[[22.44589959777702,65.68596191835654],[22.43892111585401,65.68756749264045],[22.437903691770302,65.68707604569158],[22.438078572310832,65.68616523077313],[22.43932216223966,65.68592378974417],[22.439394263991847,65.68465711638154],[22.44548835363893,65.68453850927698],[22.445210937215954,65.68509347743908],[22.446886028021463,65.68483078620507],[22.446608638987684,65.68538575664785],[22.44531374242519,65.68544933005835],[22.44589959777702,65.68596191835654]],[[22.4393005321795,65.69494725873729],[22.43914638134589,65.69441347312076],[22.44000995734395,65.69437112402866],[22.439907182350993,65.69401526752438],[22.441582903702777,65.6937526285236],[22.441911879204625,65.69337559289166],[22.444882822464024,65.69304936988219],[22.44351564219758,65.69437960573502],[22.44237450134662,65.69497693918842],[22.44151090980857,65.69501930186362],[22.44161371162857,65.69537515701958],[22.44016412566809,65.69490490859738],[22.4393005321795,65.69494725873729]],[[22.440318300994285,65.69543869294091],[22.439886495893344,65.69545986914409],[22.439783717394977,65.69510401259083],[22.440318300994285,65.69543869294091]],[[22.440250270441464,65.61027065737846],[22.439819879795227,65.61029181939121],[22.43976869339495,65.61011388909775],[22.440250270441464,65.61027065737846]],[[22.439399008920866,65.82865537687597],[22.438148586825626,65.8288968852415],[22.438045191542873,65.82854103353188],[22.439399008920866,65.82865537687597]],[[22.434089620598847,65.72696137514912],[22.434264824857166,65.72605056143708],[22.437569032553622,65.72534741945529],[22.43810423730262,65.72568210149022],[22.437291057002618,65.725902378662],[22.437064514941106,65.72663526614866],[22.43803207423327,65.72694877485128],[22.438186435497315,65.72748255953262],[22.437476101326407,65.72805869466231],[22.434830541759705,65.72800778786618],[22.434243900595256,65.72749516462437],[22.43543806275142,65.72707580593396],[22.434089620598847,65.72696137514912]],[[22.435102732345978,65.64246261763049],[22.43267078973919,65.64312331320644],[22.433656279425172,65.6419922762328],[22.434949043106624,65.64192882320802],[22.435102732345978,65.64246261763049]],[[22.41407725611237,65.71837628502016],[22.411762425471732,65.71794798401208],[22.41188712739865,65.71685924967335],[22.411022745743022,65.71690144692147],[22.410920261627076,65.71654556800593],[22.408861778016526,65.71700691869117],[22.407770072125576,65.71778195021578],[22.402583502238752,65.71803492244509],[22.401082133555185,65.71738636450705],[22.399836668970874,65.71762751098746],[22.39823308204224,65.7166230358955],[22.39693648006935,65.71668621386154],[22.39678304715848,65.7161523783782],[22.395003137670905,65.71605865059348],[22.394849749117583,65.71552481272738],[22.396754956647193,65.71452981457261],[22.39660154286876,65.71399597871782],[22.39789801105563,65.71393280491283],[22.397261291543167,65.7132420839712],[22.398557720029682,65.71317890493211],[22.397972145417995,65.71266613154158],[22.39883641122655,65.71262400956533],[22.39868296811888,65.7120901760948],[22.397716439985302,65.71177640722867],[22.39740961903327,65.71070873723474],[22.396545414375566,65.71075085050843],[22.39601106095285,65.71041601407669],[22.393037459853772,65.71074130798873],[22.389176066584593,65.71255323799049],[22.386532145854325,65.71250147572358],[22.386327896102504,65.7117896778658],[22.388944164326894,65.71021887416153],[22.388484519356933,65.70861733668568],[22.395978156606954,65.70572626546002],[22.397808480167853,65.70599793383207],[22.398570261499952,65.70559992555745],[22.402407210347956,65.7052323902162],[22.40273689929009,65.70485543242293],[22.405277702961214,65.7045510365522],[22.40517535664943,65.70419515241637],[22.407994469383265,65.7033358074079],[22.408653628163407,65.70258186903212],[22.410710980606655,65.70212053223709],[22.410454962894278,65.7012308323973],[22.413427236660333,65.70090521104807],[22.414166517525363,65.70195174036992],[22.4150303939978,65.7019095302114],[22.415359857472048,65.70153254727161],[22.418383354406043,65.7013847672178],[22.41871276226304,65.70100777756032],[22.420389162187682,65.70074536549932],[22.42234358946423,65.69992800306575],[22.424503065925816,65.69982235445809],[22.42531555086307,65.69960215243603],[22.425212952772274,65.69924628426892],[22.42742367153729,65.69931852883688],[22.42775292169202,65.69894152114979],[22.428338753991973,65.69945417734354],[22.429202519321297,65.69941188777526],[22.42897593588356,65.70014476362354],[22.427885525663957,65.70091992673184],[22.427021707449306,65.70096220933883],[22.427124338579777,65.70131807596078],[22.42626050558867,65.70136035438918],[22.426085135595002,65.70227116050863],[22.424079356867082,65.70291063706551],[22.42385260262911,65.70364350695432],[22.421619834672455,65.70501582293066],[22.423480083640968,65.70690972350789],[22.42218404240941,65.70697311112166],[22.42228663573414,65.70732898137774],[22.421422592686866,65.7073712343872],[22.42244053154871,65.70786278657485],[22.420763695804276,65.70812522552072],[22.421020149874835,65.70901490371216],[22.42262411982486,65.71001913484841],[22.419980425709273,65.70996795165206],[22.42028816699483,65.71103556704871],[22.421203633353016,65.71117125472578],[22.420976738214307,65.7119041217055],[22.42189223902152,65.71203980490104],[22.422046160421722,65.7125736102452],[22.42372326867895,65.71231115448889],[22.426037776298415,65.71273927669858],[22.425327554407467,65.71331535402251],[22.4264998330065,65.71434067680833],[22.42578957955192,65.71491675659838],[22.425994944283943,65.71562849042765],[22.427928984528272,65.71625565298922],[22.428720690598272,65.71748003365593],[22.427856321284978,65.7175223264129],[22.427959042961962,65.71787819158153],[22.42633297304767,65.7183186303166],[22.423666888685656,65.71971212765081],[22.423769563208882,65.72006799610872],[22.42112483724906,65.72001684292063],[22.41957158749002,65.7191905376587],[22.415249334202382,65.71940169644063],[22.41407725611237,65.71837628502016]],[[22.427838867293147,65.71138803660327],[22.427509470165976,65.71176504591789],[22.425297683262905,65.71169281307354],[22.42498972596834,65.71062520993225],[22.427838867293147,65.71138803660327]],[[22.42700060815161,65.72063175990318],[22.427051970146035,65.72080969277353],[22.426619728621628,65.72083083558307],[22.42700060815161,65.72063175990318]],[[22.42571207069942,65.78601603168508],[22.425763580431397,65.78619396354452],[22.425330242307165,65.78621511339021],[22.42571207069942,65.78601603168508]],[[22.425651232903007,65.80857476476316],[22.425702796428773,65.80875269611919],[22.42526907891291,65.80877384947227],[22.425651232903007,65.80857476476316]],[[22.402766777149502,65.78569066316987],[22.40286947928306,65.78604654542839],[22.40378755142487,65.78618231254531],[22.403383036764293,65.78782595522742],[22.40468319480664,65.78776268771918],[22.404837303721255,65.7882965086034],[22.40690149282099,65.78783515683706],[22.405755466561086,65.78843226299315],[22.407107034843968,65.7885469143768],[22.40736397994041,65.78943661074086],[22.410192193204285,65.78857713649538],[22.411058977861508,65.78853492056277],[22.410831237624894,65.78926778059646],[22.41343164807856,65.78914110657323],[22.41289539148274,65.78880634803933],[22.41404126506593,65.7882091897099],[22.415341410965905,65.78814583144808],[22.41567190122914,65.7877688378439],[22.41536324956644,65.78670122203845],[22.41628140687399,65.78683691310478],[22.41638430095351,65.787192784391],[22.418117749718878,65.78710827837794],[22.417963374507558,65.78657447350803],[22.422296853529932,65.78636312804082],[22.423266526500257,65.78667671000284],[22.424081722000764,65.78645648811798],[22.42428772486926,65.78716821800407],[22.42298765468286,65.78723165180591],[22.42362700407241,65.7879222393144],[22.422708771492292,65.78778659320922],[22.42281175880593,65.7881424592513],[22.42469976816544,65.78859167657573],[22.42506034713561,65.78983720151261],[22.42348125263196,65.7904555860867],[22.42358426342009,65.79081145137856],[22.420983744536198,65.79093829957436],[22.420653294747638,65.79131530429585],[22.41848614085375,65.79142097308767],[22.41794977024116,65.79108623343537],[22.416216053437605,65.7911707401375],[22.415679717320323,65.790835992167],[22.414812864422544,65.79087823502527],[22.41545209255348,65.79156885797823],[22.41246943764029,65.7918946199829],[22.41267517224514,65.79260636814531],[22.411808253920213,65.79264859455952],[22.412447448822853,65.79333923042648],[22.411095606345402,65.79322462903207],[22.410485773477525,65.79415653620626],[22.409185310178525,65.79421985614327],[22.40890606054841,65.79477477584037],[22.407605561405376,65.79483808265512],[22.40732627156778,65.79539299984876],[22.405261491470277,65.79585436308035],[22.405364276715062,65.79621024284889],[22.40421785196818,65.79680734130308],[22.40253507195049,65.79706963713616],[22.402204275717608,65.79744660522047],[22.40317413671608,65.79776031311664],[22.40052143241605,65.79770887945136],[22.39932347158234,65.79812800099926],[22.3995289030509,65.79883976980939],[22.39774324506451,65.79874612997718],[22.396927432292088,65.7989662170065],[22.397030117402995,65.79932210335488],[22.395729353833193,65.79938531146465],[22.39517016000601,65.80049510775889],[22.39213488318732,65.80064254065071],[22.392237510159564,65.80099843078477],[22.38790127525977,65.80120894856613],[22.38601294378453,65.8007592788248],[22.38379357003362,65.80068651622862],[22.383383553120858,65.79926292783065],[22.38419949524504,65.79904291198876],[22.38509019697903,65.79755621881037],[22.387868782132248,65.79651919489707],[22.38837694179234,65.79523147632722],[22.3909499892843,65.79348261348325],[22.390260081873148,65.79261393604008],[22.389393119231915,65.79265603547077],[22.39053971502154,65.79205904679287],[22.390437154249238,65.79170315487197],[22.38990113702736,65.79136831318478],[22.388218554704068,65.79163044916571],[22.387682567491723,65.79129559939135],[22.388498222638454,65.7910755633247],[22.387631308255443,65.79111765227445],[22.387044085681786,65.79060485289097],[22.387962243819654,65.7907407144518],[22.389388424906258,65.78958884985288],[22.391937709631048,65.78928459451349],[22.393745741530704,65.78793369088179],[22.394612536897185,65.78789156832735],[22.395022956248386,65.78931512266601],[22.398005554372283,65.78898970241919],[22.39910045655249,65.78821470993947],[22.398410427505464,65.78734607053919],[22.39922586427693,65.78712597921347],[22.399071879899896,65.78659215145379],[22.40065134380085,65.78597401608454],[22.402766777149502,65.78569066316987]],[[22.4246778847215,65.63052339506896],[22.424729016252655,65.63070133099681],[22.424298271991027,65.63072245246443],[22.4246778847215,65.63052339506896]],[[22.424493740257123,65.78787994749003],[22.42454524606036,65.78805787979894],[22.424111875420472,65.78807902649807],[22.424493740257123,65.78787994749003]],[[22.42376171936519,65.80812557380538],[22.4238648189457,65.80848143804299],[22.422512130953354,65.80836694604292],[22.42376171936519,65.80812557380538]],[[22.423606610742,65.85919938876766],[22.421919983495822,65.85946193561792],[22.420947522963043,65.85914837204535],[22.420792569120593,65.85861457566386],[22.422965374390678,65.85850881944529],[22.423606610742,65.85919938876766]],[[22.423539561293047,65.71015480871218],[22.42359087447448,65.71033274322944],[22.423158804492306,65.71035387452717],[22.423539561293047,65.71015480871218]],[[22.421780644016366,65.84683750284742],[22.423290285538098,65.84748577600868],[22.422524809742637,65.84788394391482],[22.421656048158084,65.847926244133],[22.421118413081494,65.84759152787001],[22.419432515308884,65.84785404024409],[22.41966043299667,65.84712116569638],[22.421780644016366,65.84683750284742]],[[22.423056184745512,65.70999800511896],[22.42310749423028,65.71017593983554],[22.422675426390246,65.71019706973932],[22.423056184745512,65.70999800511896]],[[22.421049404382117,65.6285359709338],[22.42194008720107,65.63011629354385],[22.42112971785619,65.63033645668581],[22.42090339630769,65.63106931793001],[22.420041887316323,65.6311115381262],[22.420370436358812,65.63073455332858],[22.419078186797964,65.63079787711236],[22.41947982529982,65.62915422079547],[22.421049404382117,65.6285359709338]],[[22.421152334579872,65.7109933192622],[22.421584417206738,65.7109721935395],[22.421635718899537,65.71115012882876],[22.421152334579872,65.7109933192622]],[[22.420815909243768,65.81314120220985],[22.420867450359655,65.81331913541582],[22.41999985125283,65.81336141498929],[22.420815909243768,65.81314120220985]],[[22.411919503263377,65.81736379387704],[22.413221126862915,65.8173004393973],[22.41311813190489,65.81694456696303],[22.414368225633194,65.81670326677074],[22.41421371490434,65.81616945943088],[22.415360741177192,65.81557228004502],[22.416228423894566,65.81553002603603],[22.416073883076795,65.81499622086979],[22.41982372368046,65.8142722212173],[22.419316824516706,65.81556003217825],[22.420721426710596,65.81585248214634],[22.41941989845657,65.81591589966482],[22.41875834275234,65.81666990795523],[22.417456767387925,65.81673330918869],[22.416743610884513,65.81730937496569],[22.41549351141779,65.81755069466826],[22.416288028115062,65.81877511261602],[22.4145009303247,65.81868168288862],[22.41368464295012,65.81890186411503],[22.413787655142794,65.81925773599977],[22.412537432731995,65.8194990326792],[22.412691932724304,65.82003284181785],[22.410956246814933,65.82011730778625],[22.41041935207263,65.81978254673105],[22.411919503263377,65.81736379387704]],[[22.41931650711623,65.85200992612126],[22.41936813146325,65.85218785902491],[22.41849921824542,65.85223014275272],[22.41931650711623,65.85200992612126]],[[22.416127960596516,65.82582021883294],[22.416488751618424,65.82706576194533],[22.414370098307923,65.82734933634929],[22.413700269888725,65.82503617283255],[22.4163042751696,65.82490941507247],[22.41689289925142,65.82542208815364],[22.416127960596516,65.82582021883294]],[[22.412863849829836,65.69894788233918],[22.41063088022092,65.70032003895986],[22.409335130931776,65.70038331423092],[22.40867604462913,65.70113725485194],[22.406999493052922,65.70139953927689],[22.406721085359273,65.70195444682616],[22.398286486667185,65.70308763848834],[22.39825836322013,65.70146507525453],[22.399883884463346,65.70102494193922],[22.400543226950614,65.70027103692013],[22.401407074072957,65.70022890443363],[22.40249826191574,65.69945392362011],[22.404174736904633,65.69919168956731],[22.404885066084944,65.6986157099639],[22.414942913621662,65.69704188040323],[22.416011544211656,65.69771141912308],[22.41568213585021,65.69808840293508],[22.414818388101526,65.69813061553374],[22.414972064193826,65.69866443044033],[22.412863849829836,65.69894788233918]],[[22.41537476960938,65.69702077453898],[22.415806624821478,65.69699966745588],[22.41585785350549,65.69717760541003],[22.41537476960938,65.69702077453898]],[[22.415300612449972,65.71957963409425],[22.41486837992471,65.71960074343589],[22.414817104599056,65.71942280560808],[22.415300612449972,65.71957963409425]],[[22.413607881536265,65.78823030668237],[22.413556450770702,65.7880523699537],[22.41398983136125,65.7880312531559],[22.413607881536265,65.78823030668237]],[[22.413593528929333,65.79274207346259],[22.41364497119683,65.79292001006648],[22.413211508107885,65.79294112668383],[22.413593528929333,65.79274207346259]],[[22.41336583077972,65.79347493686984],[22.413417273233815,65.79365287354864],[22.412983797601452,65.79367398964038],[22.41336583077972,65.79347493686984]],[[22.41288091935597,65.79331811590849],[22.412932358087854,65.79349605278692],[22.412498884614273,65.79351716747956],[22.41288091935597,65.79331811590849]],[[22.41168336601418,65.79373733056919],[22.4117347974878,65.79391526792172],[22.411301315788187,65.79393637929049],[22.41168336601418,65.79373733056919]],[[22.408918930530547,65.82220128744363],[22.409352890305072,65.82218017822345],[22.409404373958726,65.8223581158519],[22.408918930530547,65.82220128744363]],[[22.409404373958726,65.8223581158519],[22.409889823282576,65.82251494265955],[22.40945585839563,65.8225360534554],[22.409404373958726,65.8223581158519]],[[22.409379649884603,65.62134862794342],[22.409430654938507,65.6215265702733],[22.409000047746208,65.62154764695937],[22.409379649884603,65.62134862794342]],[[22.408087834691155,65.62141185383739],[22.40841644431913,65.62103489432612],[22.40894904559013,65.62136970445606],[22.408087834691155,65.62141185383739]],[[22.408764493112177,65.82166747388415],[22.408867450607918,65.82202334961543],[22.40843349299799,65.82204445743476],[22.408764493112177,65.82166747388415]],[[22.407821295081092,65.71795989092946],[22.40825350711581,65.7179388018055],[22.40830473376929,65.71811674232029],[22.407821295081092,65.71795989092946]],[[22.40830473376929,65.71811674232029],[22.40878817830102,65.71827359211798],[22.408355961199042,65.71829468281021],[22.40830473376929,65.71811674232029]],[[22.40854083342292,65.60623284445737],[22.40874469235472,65.606944616407],[22.40760646690954,65.60754166009399],[22.404746631011168,65.60822295291801],[22.404061553884613,65.60735429038773],[22.405579276453594,65.6065582648405],[22.40854083342292,65.60623284445737]],[[22.40858792627197,65.82257827136887],[22.40863940559632,65.82275620929697],[22.408205435411734,65.82277731658937],[22.40858792627197,65.82257827136887]],[[22.40735969894236,65.82137491573572],[22.40779364632762,65.82135381106752],[22.40784511722236,65.82153174934507],[22.40735969894236,65.82137491573572]],[[22.40784511722236,65.82153174934507],[22.408330541397717,65.82168858135394],[22.40789658890016,65.82170968759769],[22.40784511722236,65.82153174934507]],[[22.40534431224621,65.82201423858928],[22.4057782723893,65.82199313952711],[22.40582973089411,65.82217107860352],[22.40534431224621,65.82201423858928]],[[22.40582973089411,65.82217107860352],[22.40761704650797,65.8222646077478],[22.408153959035346,65.82259937848647],[22.407337492693134,65.82281952749584],[22.40582973089411,65.82217107860352]],[[22.407109398119527,65.82355238536923],[22.407160869567317,65.8237303238717],[22.406726881509627,65.82375142713342],[22.407109398119527,65.82355238536923]],[[22.406208998243123,65.79761266460841],[22.40518771223726,65.79712103640405],[22.406973279112414,65.79721458997575],[22.40707609450563,65.79757046829829],[22.406208998243123,65.79761266460841]],[[22.406189962349252,65.8234166514401],[22.406241427117557,65.82359459031701],[22.40580744044202,65.82361569095166],[22.406189962349252,65.8234166514401]],[[22.404426256680782,65.85688397306932],[22.404477789729754,65.8570619118758],[22.404043236458833,65.85708301294787],[22.404426256680782,65.85688397306932]],[[22.40442636222498,65.78687298574738],[22.404477727180456,65.78705092619154],[22.40404435370351,65.78707201588728],[22.40442636222498,65.78687298574738]],[[22.40302246474942,65.66622773248815],[22.40264217426194,65.66642674237438],[22.402540045266306,65.6660708543199],[22.40302246474942,65.66622773248815]],[[22.399573451933076,65.78223722857511],[22.398655542548095,65.78210143451014],[22.399522132325615,65.78205928603914],[22.399573451933076,65.78223722857511]],[[22.399852783292967,65.78168232516998],[22.400719356641346,65.78164017005332],[22.40038871898485,65.78201713267285],[22.399522132325615,65.78205928603914],[22.399852783292967,65.78168232516998]],[[22.397207311960273,65.78469799459032],[22.39628932570019,65.78456218702502],[22.394863723107274,65.78571411056788],[22.392212270836932,65.78566252028956],[22.39195589350807,65.78477279292207],[22.392948251361414,65.78364195347945],[22.394527688973955,65.78302388179304],[22.39442511637797,65.78266799266352],[22.395343025279523,65.7828038122015],[22.39870685627953,65.78227937739467],[22.399345428969525,65.78297007418917],[22.398427494340492,65.78283427899599],[22.398404695361883,65.78427889524197],[22.397207311960273,65.78469799459032]],[[22.399291449461174,65.820864881755],[22.399342860436665,65.82104282347571],[22.39890890997369,65.82106390415055],[22.399291449461174,65.820864881755]],[[22.383696616048315,65.82324557634549],[22.383594000546196,65.82288968037244],[22.38446199232941,65.82284760398738],[22.383696616048315,65.82324557634549]],[[22.382418213251313,65.82186406124741],[22.381167556048517,65.82210510515402],[22.38101369458484,65.82157125802358],[22.381932939267667,65.82170714540774],[22.381779064795438,65.8211732991734],[22.38330973445866,65.82037737064128],[22.383538487168984,65.81964454203462],[22.385656874458874,65.81936139804255],[22.385554250467795,65.81900550346616],[22.389025659860014,65.81883712910808],[22.39004752998591,65.81932885985742],[22.39188595627323,65.8196005209011],[22.396173862752665,65.81921191731841],[22.397578415662355,65.8195045807269],[22.397681208197692,65.81986046558896],[22.399034406315153,65.819975172778],[22.39837214935081,65.82072909943484],[22.393318853287678,65.82151578548927],[22.389795769656097,65.82150631509619],[22.388596541231696,65.82192536460819],[22.38686063295112,65.82200955873412],[22.386095318764387,65.82240754252075],[22.3866832861254,65.82292033834456],[22.38446199232941,65.82284760398738],[22.382418213251313,65.82186406124741]],[[22.39880609470034,65.82070802033515],[22.398857501945976,65.82088596225529],[22.3984235536487,65.82090704152952],[22.39880609470034,65.82070802033515]],[[22.39434580504925,65.83878798673132],[22.395802852541365,65.83925859942391],[22.395882907231233,65.84105910062509],[22.394351437788746,65.84185516287641],[22.392179898052817,65.84196050014786],[22.390774160000806,65.84166779847186],[22.390311577062707,65.84006629534004],[22.39092314237387,65.83913445222858],[22.39434580504925,65.83878798673132]],[[22.39452991667912,65.76931054136178],[22.394148083050226,65.76950954501866],[22.394045580264095,65.76915365494995],[22.39452991667912,65.76931054136178]],[[22.392799891616026,65.81666916338834],[22.393233774046852,65.81664810073518],[22.39328513306019,65.81682604499717],[22.392799891616026,65.81666916338834]],[[22.39328513306019,65.81682604499717],[22.39377038039812,65.81698292500653],[22.393336492854765,65.81700398923431],[22.39328513306019,65.81682604499717]],[[22.393714993926054,65.76953060260456],[22.393766243551383,65.76970854777576],[22.393333150714035,65.76972960431259],[22.393714993926054,65.76953060260456]],[[22.39276947991344,65.76777220414917],[22.393202540467936,65.76775114952707],[22.393253782312577,65.76792909494655],[22.39276947991344,65.76777220414917]],[[22.393253782312577,65.76792909494655],[22.393738090580896,65.76808598414792],[22.393305024935195,65.76810704034119],[22.393253782312577,65.76792909494655]],[[22.392287032911128,65.85909689444928],[22.390114026683097,65.85920221643045],[22.39164663549547,65.85840618575025],[22.392515810407403,65.85836405221353],[22.392287032911128,65.85909689444928]],[[22.390790530794295,65.77310104960674],[22.38867598292732,65.77338422781159],[22.38928616147273,65.77245240451705],[22.391018726772057,65.77236821510628],[22.390790530794295,65.77310104960674]],[[22.384852402168907,65.84556355151577],[22.3825264404818,65.84513491354663],[22.38237238531344,65.84460106967232],[22.383138400648225,65.84420309783148],[22.386127502879408,65.84387784737591],[22.386230254023864,65.84423374032728],[22.38952770872428,65.84497610083073],[22.390144576427947,65.84711144030454],[22.387052375844025,65.84708088035987],[22.384852402168907,65.84556355151577]],[[22.388889956171226,65.78023039058627],[22.389425720086688,65.78056523828363],[22.38769259813928,65.780649414971],[22.387538898853247,65.78011557281013],[22.39003602667087,65.77963341075962],[22.389756502280097,65.78018829804358],[22.388889956171226,65.78023039058627]],[[22.388645382809052,65.6099121824267],[22.388418285255938,65.61064500281199],[22.387279425604067,65.61124190016278],[22.386418507821617,65.61128392363347],[22.386266039991245,65.61075006800208],[22.388645382809052,65.6099121824267]],[[22.372738662824403,65.72706515098362],[22.373171061342727,65.7270441597001],[22.373222068353517,65.72722211413722],[22.372738662824403,65.72706515098362]],[[22.374366223006977,65.72662527061617],[22.374162173784956,65.72591345450341],[22.378002510138046,65.72554650188486],[22.378765162583203,65.72514858434427],[22.37823072739573,65.72481368627342],[22.37952779163389,65.72475066320955],[22.380113291813,65.7252635082893],[22.380978013434092,65.72522148332772],[22.381308256777523,65.72484456660877],[22.38395343864159,65.7248964073603],[22.383725383849896,65.72562922996856],[22.385863559640576,65.72696872956736],[22.384896614885754,65.72665488332834],[22.384031853011482,65.72669693094522],[22.384134015593244,65.72705283107287],[22.381921001056167,65.72697997956789],[22.381362601336658,65.72808971766752],[22.380014318738365,65.72797480628086],[22.379251604862358,65.728372730676],[22.37945581750156,65.72908453837037],[22.378107490171562,65.72896961052864],[22.37647985045281,65.7294095316719],[22.375029468438978,65.72893867025478],[22.373299750298713,65.72902265034124],[22.373222068353517,65.72722211413722],[22.374366223006977,65.72662527061617]],[[22.385330391822105,65.61205875897033],[22.385760864982316,65.6120377507934],[22.385811686402846,65.61221570286831],[22.385330391822105,65.61205875897033]],[[22.381049786802418,65.61082414661067],[22.38034121461636,65.61139999766311],[22.37948027808878,65.61144198193269],[22.380948216451298,65.61046823853698],[22.381809117886938,65.61042624628078],[22.38234115518146,65.61076115536864],[22.381049786802418,65.61082414661067]],[[22.385581505405597,65.6098813166546],[22.38545595256713,65.6109700378263],[22.38398815867064,65.61194382342467],[22.384140588177868,65.61247768172329],[22.38505236708041,65.61261362312075],[22.383153967401665,65.61360840811898],[22.383255582732193,65.6139643142693],[22.38464873638882,65.61425720778331],[22.38442149457821,65.61499002360213],[22.38361126054861,65.61520998501909],[22.383814521890088,65.61592179633392],[22.384777245169754,65.61623569089721],[22.38234639584142,65.61689556931516],[22.38085152723899,65.61624674794618],[22.381028082417032,65.61533598248896],[22.379153597283988,65.61488609258485],[22.378645810303006,65.61310654455846],[22.379886515872315,65.61286561817846],[22.380544350546263,65.61211181460126],[22.3814053071775,65.6120698240928],[22.38234115518146,65.61076115536864],[22.385581505405597,65.6098813166546]],[[22.384950733523038,65.61225771835356],[22.38538121034646,65.61223671121805],[22.385432029637858,65.61241466344114],[22.384950733523038,65.61225771835356]],[[22.38520778802202,65.6162146836023],[22.385258615501154,65.61639263580157],[22.384828069751673,65.61641364326931],[22.38520778802202,65.6162146836023]],[[22.38502247286049,65.72556615983653],[22.385073557891264,65.72574410954041],[22.384641192737774,65.72576513431206],[22.38502247286049,65.72556615983653]],[[22.38411659541797,65.61392230781648],[22.38454710061033,65.61390130276851],[22.38459791811603,65.61407925528825],[22.38411659541797,65.61392230781648]],[[22.381331669794427,65.74631496119797],[22.38138277876835,65.74649291190082],[22.38095006289771,65.7465139295953],[22.381331669794427,65.74631496119797]],[[22.37957366186116,65.74477644796796],[22.380108543039714,65.74511133697413],[22.38097392868579,65.74506930558508],[22.380847851584267,65.74615802781753],[22.37911700378548,65.74624208498739],[22.37878647191555,65.74661899973891],[22.377921030096623,65.74666101924285],[22.377641560496663,65.74721588380939],[22.37509622718244,65.74751986199378],[22.374789830036327,65.74645214237766],[22.37957366186116,65.74477644796796]],[[22.37885173442322,65.68111899986168],[22.379079607662298,65.68038618626936],[22.380374446091867,65.68032317769503],[22.37971498566163,65.68107699641472],[22.37885173442322,65.68111899986168]],[[22.377513971119356,65.86287967277444],[22.379355422750216,65.86315145570904],[22.379177607684714,65.86406223100809],[22.377209564814812,65.86487916982247],[22.375368009289765,65.86460736203104],[22.375111268739857,65.86371760999319],[22.375826603092662,65.86314171799138],[22.377513971119356,65.86287967277444]],[[22.376589603886128,65.85967657734223],[22.37664095097051,65.85985452729938],[22.376206323100263,65.8598755499312],[22.376589603886128,65.85967657734223]],[[22.37259413897786,65.61484489975047],[22.370390746409544,65.61477178635735],[22.37028930336104,65.61441586989707],[22.373733496471974,65.61424810778388],[22.37259413897786,65.61484489975047]],[[22.370591601581133,65.66600375105058],[22.371175529512183,65.66651664590465],[22.372951948528826,65.66661068652293],[22.373053674122318,65.66696659838715],[22.37137893413902,65.66722847239947],[22.370845833200946,65.66689353534116],[22.369120237164886,65.66697742772604],[22.370591601581133,65.66600375105058]],[[22.372599620381234,65.6714994230952],[22.372752237324725,65.67203329093475],[22.37188927356344,65.67207525202537],[22.371736674087366,65.67154138314821],[22.372599620381234,65.6714994230952]],[[22.37012612503744,65.83725468440433],[22.371863127352274,65.83717067006974],[22.37255370082326,65.83803942421729],[22.370101859888166,65.83869931025464],[22.3682622695755,65.83842739803592],[22.37012612503744,65.83725468440433]],[[22.37244701036396,65.67096555503394],[22.372497879600164,65.67114351107897],[22.372066412660235,65.6711644913685],[22.37244701036396,65.67096555503394]],[[22.371101756235337,65.67085053514224],[22.371964680779424,65.67080857890794],[22.37201554633509,65.67098653515052],[22.371203476471912,65.67120644829443],[22.371101756235337,65.67085053514224]],[[22.37194014159453,65.6722532082685],[22.371991010395185,65.67243116448702],[22.37112803191022,65.67247312139835],[22.37194014159453,65.6722532082685]],[[22.369910015919274,65.7921573506203],[22.370343508342714,65.79213635678836],[22.37039465071897,65.7923143108362],[22.369910015919274,65.7921573506203]],[[22.368969750100987,65.79653321674856],[22.36940331701567,65.79651222487153],[22.369454463338503,65.79669017919466],[22.368969750100987,65.79653321674856]],[[22.369454463338503,65.79669017919466],[22.36993918246095,65.79684714004385],[22.369505610438786,65.79686813349313],[22.369454463338503,65.79669017919466]],[[22.367573395920125,65.59109255317668],[22.36714325147961,65.59111350648908],[22.367092607365482,65.5909355464094],[22.367573395920125,65.59109255317668]],[[22.362766089847025,65.59565687744056],[22.363626536643977,65.59561499288102],[22.36390486061307,65.59506016506657],[22.365144856843944,65.59481936626561],[22.365549997523665,65.59624305174249],[22.36360136304044,65.59705962734961],[22.362766089847025,65.59565687744056]],[[22.36446185459581,65.59701773760729],[22.36451249499577,65.59719569860022],[22.364082246706985,65.59721664425041],[22.36446185459581,65.59701773760729]],[[22.355772499910163,65.65698059388775],[22.35782725652573,65.65651999788058],[22.360110171075256,65.6553265861296],[22.36350910145072,65.65498104103479],[22.36201294242713,65.65739927942502],[22.359780692713805,65.6587706820748],[22.356330482602615,65.65893818629318],[22.354884481026193,65.65846709019738],[22.35468161159472,65.65775523639313],[22.355772499910163,65.65698059388775]],[[22.3627171919653,65.61694952999578],[22.362666517458454,65.61677156874728],[22.36309709069224,65.61675062391411],[22.3627171919653,65.61694952999578]],[[22.349450636734737,65.60406256705421],[22.3480078729475,65.6035913736637],[22.34780570747156,65.60287950366984],[22.348565332410427,65.60248176693624],[22.34864187248298,65.60121509415828],[22.349629569983172,65.60008458178307],[22.355122371679954,65.59945678969322],[22.355881785175665,65.59905901838525],[22.356792950126053,65.5991951357058],[22.356944731600493,65.59972902769015],[22.358665914045382,65.59964531692535],[22.35856470248194,65.59928939033725],[22.35947588873579,65.599425491323],[22.361475452830643,65.59878692790494],[22.36281691369468,65.59890207029919],[22.36119704128009,65.59934175211738],[22.3611211147545,65.60060842517156],[22.359172017676848,65.60142494839613],[22.359323863657522,65.60195883735963],[22.357855564737292,65.60293237496798],[22.358058005698457,65.60364422884096],[22.35620978958799,65.60481664415794],[22.352108229189398,65.6057376868082],[22.351045150595883,65.60506764490633],[22.34965285831001,65.60477443430034],[22.349450636734737,65.60406256705421]],[[22.362083296311308,65.734257857124],[22.36213424414036,65.73443581584569],[22.3617017112465,65.73445677707834],[22.362083296311308,65.734257857124]],[[22.36093069138219,65.83896211008195],[22.360981880518555,65.83914006681407],[22.360547587210508,65.83916104172118],[22.36093069138219,65.83896211008195]],[[22.360709740875677,65.73558740941557],[22.360811624704397,65.73594332787447],[22.36037906530201,65.73596428560637],[22.360709740875677,65.73558740941557]],[[22.360211115820672,65.830336280053],[22.360262279372748,65.8305142372756],[22.359828130891966,65.83053520875085],[22.360211115820672,65.830336280053]],[[22.35972462346363,65.76125582376926],[22.360157607078182,65.76123486379231],[22.360259605037037,65.7615907814916],[22.35972462346363,65.76125582376926]],[[22.358043665187658,65.76151761117603],[22.359877612761487,65.76178970080097],[22.358196621600204,65.76205149021261],[22.358043665187658,65.76151761117603]],[[22.35975067889147,65.82873466393876],[22.359801835435864,65.82891262138355],[22.35893359081452,65.8289545599806],[22.35975067889147,65.82873466393876]],[[22.359576638483333,65.8388470733218],[22.35962781798031,65.83902503059994],[22.359193525287864,65.83904600165124],[22.359576638483333,65.8388470733218]],[[22.358648819967645,65.73604810431938],[22.358750677610942,65.73640402441058],[22.358318108491137,65.7364249763813],[22.358648819967645,65.73604810431938]],[[22.357783470479585,65.82648411367128],[22.357834608053388,65.82666207195797],[22.357400522154524,65.82668303593209],[22.357783470479585,65.82648411367128]],[[22.3550447948972,65.60685794205365],[22.357526051981644,65.60637646680986],[22.357449945285264,65.60764313977677],[22.356259877283165,65.6080618463803],[22.3563610984719,65.6084177744043],[22.35248709456834,65.608606050477],[22.352385925508813,65.60825011935515],[22.3550447948972,65.60685794205365]],[[22.357354018046014,65.8387739572646],[22.357405181996928,65.83895191543611],[22.35697088836254,65.83897288017693],[22.357354018046014,65.8387739572646]],[[22.356997051397826,65.84059546925006],[22.356945886343144,65.84041751095326],[22.35738020438556,65.84039654605013],[22.356997051397826,65.84059546925006]],[[22.355591772127703,65.84030243945539],[22.356026089553232,65.84028147840827],[22.356077247921267,65.84045943707719],[22.355591772127703,65.84030243945539]],[[22.352314316165863,65.78903906462469],[22.354812993665174,65.78855746465689],[22.353818767801773,65.78968807370225],[22.350988491900633,65.79054652201255],[22.349637040287103,65.79043137217805],[22.349535051749836,65.79007544731107],[22.352314316165863,65.78903906462469]],[[22.350429959063376,65.83153015430393],[22.35168137324148,65.83128935498986],[22.35221776281031,65.83162432734893],[22.35096633776281,65.83186513116223],[22.350429959063376,65.83153015430393]],[[22.35196221765095,65.83073452498793],[22.353647732634112,65.83047276090367],[22.352983878421657,65.83122650577486],[22.35168137324148,65.83128935498986],[22.35196221765095,65.83073452498793]],[[22.353433048141053,65.71013898459168],[22.353483879367936,65.71031694734937],[22.353051741078584,65.7103378801801],[22.353433048141053,65.71013898459168]],[[22.353034994134727,65.83140446587532],[22.35308611062582,65.83158242595111],[22.352651937107062,65.8316033772635],[22.353034994134727,65.83140446587532]],[[22.35264638105656,65.79479665554628],[22.352595355251044,65.79461869443338],[22.35302890598325,65.79459774925331],[22.35264638105656,65.79479665554628]],[[22.350836093203892,65.75013861869071],[22.351268899187797,65.75011768568662],[22.35131981016305,65.7502956483739],[22.350836093203892,65.75013861869071]],[[22.35131981016305,65.7502956483739],[22.3525673125043,65.75005487934055],[22.35266915281511,65.75041080365253],[22.351854448436562,65.75063063892935],[22.35131981016305,65.7502956483739]],[[22.349975943636533,65.71030641169463],[22.350306465148645,65.7099295595697],[22.352517952020573,65.71000288555987],[22.350941852549987,65.71062048980276],[22.349975943636533,65.71030641169463]],[[22.345807189980846,65.83229435736803],[22.34550079445119,65.83122657914451],[22.346420211863954,65.83136267869573],[22.346267004549773,65.83082879036591],[22.34795258731277,65.83056708849584],[22.34736520134977,65.83005413803282],[22.348233505687702,65.83001226464354],[22.34856549316843,65.82963540231638],[22.349484868311173,65.82977148382105],[22.349331608818854,65.82923759906271],[22.351119249138605,65.82933178653136],[22.351451185670513,65.82895491841742],[22.35231944494453,65.8289130222257],[22.35165558912931,65.82966676134137],[22.350889497725777,65.83006457602198],[22.34997010503395,65.82992850314223],[22.34968922518675,65.83048332982064],[22.348769823322545,65.83034724980222],[22.348923079101983,65.83088113515795],[22.348054746803527,65.8309230127355],[22.345807189980846,65.83229435736803]],[[22.35223828542263,65.71055770543289],[22.35228910942566,65.71073566865974],[22.351424815771008,65.71077752647184],[22.35223828542263,65.71055770543289]],[[22.35193111559333,65.74016226811173],[22.35203290025151,65.74051819339776],[22.351600255739413,65.74053912701197],[22.351065837512564,65.74020413342673],[22.35193111559333,65.74016226811173]],[[22.34862017052801,65.6533582654846],[22.347098003242802,65.65415376417434],[22.345804373405542,65.65421647746213],[22.34565243698181,65.65368257592958],[22.347605809943282,65.65286618467415],[22.34862017052801,65.6533582654846]],[[22.347647132091723,65.86323884571263],[22.348516556800433,65.86319696002806],[22.348567717962336,65.86337492117148],[22.347647132091723,65.86323884571263]],[[22.347473786537368,65.66622386780257],[22.347905195220072,65.66620295791678],[22.34795588483631,65.666380923922],[22.347473786537368,65.66622386780257]],[[22.347314723912188,65.86361571001586],[22.347698287333927,65.8634168072034],[22.347800600157125,65.86377273011092],[22.347314723912188,65.86361571001586]],[[22.346650100743943,65.83062989461942],[22.346599031019483,65.8304519319424],[22.347033191034864,65.83043099796821],[22.346650100743943,65.83062989461942]],[[22.34415114524631,65.61767104743849],[22.344050047775845,65.61731511006414],[22.345873565034243,65.61758746975515],[22.34415114524631,65.61767104743849]],[[22.34560268014317,65.83464973869424],[22.34565375298696,65.83482770167215],[22.345219517455654,65.83484863244578],[22.34560268014317,65.83464973869424]],[[22.345018112150203,65.71289187527229],[22.345068892028095,65.71306984133713],[22.344636699590463,65.71309075078965],[22.345018112150203,65.71289187527229]],[[22.34446080101823,65.7078670029486],[22.3434443174967,65.70737491510566],[22.344308513087384,65.70733310358362],[22.34446080101823,65.7078670029486]],[[22.34227268109895,65.71248341120065],[22.34130680352255,65.71216927775134],[22.343950643909338,65.71222182672683],[22.34227268109895,65.71248341120065]],[[22.3443320493969,65.71202295299739],[22.344382822505775,65.71220091935739],[22.343950643909338,65.71222182672683],[22.3443320493969,65.71202295299739]],[[22.339196628584745,65.71245172725642],[22.340976122697956,65.71254611186262],[22.341712846292868,65.71359301760697],[22.34056848310266,65.7141896176465],[22.3387381374369,65.71391726080759],[22.338433718870803,65.712849448966],[22.339196628584745,65.71245172725642]],[[22.34119184498733,65.73941856103811],[22.341141029506836,65.7392405940393],[22.34157366247178,65.73921969025355],[22.34119184498733,65.73941856103811]],[[22.341236343902793,65.70116695870985],[22.341287070113907,65.70134492656405],[22.340855069680654,65.7013658234118],[22.341236343902793,65.70116695870985]],[[22.340905793740664,65.70154379141393],[22.340956518568955,65.70172175939157],[22.34052451152851,65.70174265536453],[22.340905793740664,65.70154379141393]],[[22.340372348106783,65.70120875084092],[22.340423068479133,65.70138671903996],[22.339991066509384,65.7014076134485],[22.340372348106783,65.70120875084092]],[[22.339520337113104,65.6121222134022],[22.339570842297174,65.61230018403705],[22.339140319941876,65.61232106159035],[22.339520337113104,65.6121222134022]],[[22.338313897313647,65.79386455934272],[22.338364822760216,65.79404252619267],[22.337931267056955,65.79406342973991],[22.338313897313647,65.79386455934272]],[[22.337875690043436,65.71089179163461],[22.337926416093577,65.71106976060527],[22.3374942501076,65.71109064951223],[22.337875690043436,65.71089179163461]],[[22.337044149366438,65.73871679867723],[22.33709493540516,65.73889476732761],[22.336662303521344,65.73891565837793],[22.337044149366438,65.73871679867723]],[[22.335644707996963,65.73842352923563],[22.3360773326348,65.73840264114646],[22.336128111275414,65.73858061019097],[22.335644707996963,65.73842352923563]],[[22.336128111275414,65.73858061019097],[22.336611520411456,65.73873768955497],[22.336178890686217,65.73875857921098],[22.336128111275414,65.73858061019097]],[[22.334954528426927,65.78211869300439],[22.33582124339511,65.78207690540414],[22.33640725168552,65.78258991354507],[22.335540520624736,65.78263170463079],[22.334954528426927,65.78211869300439]],[[22.334655843332026,65.73341949796198],[22.33508838521152,65.73339861348161],[22.335139145220836,65.73357658303898],[22.334655843332026,65.73341949796198]],[[22.335571689258135,65.7335556971647],[22.336054999159867,65.73371277925683],[22.33615653473803,65.73406871755921],[22.33524066754881,65.73393252208037],[22.335571689258135,65.7335556971647]],[[22.335008169008063,65.643914268897],[22.335058717806014,65.64409224058866],[22.334627664045083,65.64411311053361],[22.335008169008063,65.643914268897]],[[22.334885352871705,65.7326867350073],[22.33493610980208,65.73286470466259],[22.33450357670503,65.7328855886255],[22.334885352871705,65.7326867350073]],[[22.334554331477673,65.73306355842881],[22.33460508702,65.73324152820763],[22.334172547298323,65.73326241129402],[22.334554331477673,65.73306355842881]],[[22.334351317005016,65.7323516790688],[22.334402069468712,65.73252964894552],[22.33396954145677,65.73255053134206],[22.334351317005016,65.7323516790688]],[[22.333017646394353,65.78149037662892],[22.33306850594066,65.78166834588693],[22.332635153025127,65.78168923243534],[22.333017646394353,65.78149037662892]],[[22.329151769320372,65.71564326748171],[22.32920244659024,65.715821239829],[22.32877019279093,65.71584210480377],[22.329151769320372,65.71564326748171]],[[22.32642994941718,65.716857136419],[22.32612599706278,65.71578929546902],[22.327524093129725,65.71608266541676],[22.3277774363699,65.71697253010913],[22.32642994941718,65.716857136419]],[[22.32641687228939,65.72912619025324],[22.326366182808847,65.72894821710533],[22.326798657963348,65.72892735682095],[22.32641687228939,65.72912619025324]],[[22.32529850337034,65.72827803979635],[22.325730968355543,65.72825718264347],[22.325781651835364,65.72843515606135],[22.32529850337034,65.72827803979635]],[[22.325781651835364,65.72843515606135],[22.326264806153482,65.7285922707362],[22.32583233608366,65.72861312945479],[22.325781651835364,65.72843515606135]],[[22.32484450220528,65.60345156450198],[22.325375667132054,65.60378668187596],[22.324034099831653,65.60367120925022],[22.32484450220528,65.60345156450198]],[[22.32519714456902,65.72792209254291],[22.325247823585478,65.72810006618184],[22.324815360758357,65.72812092194125],[22.32519714456902,65.72792209254291]],[[22.32450785611608,65.73012034389666],[22.324457177427114,65.7299423700096],[22.324889671058273,65.7299215149705],[22.32450785611608,65.73012034389666]],[[22.324305145970808,65.72940844820198],[22.324355822354498,65.72958642216227],[22.323923333808743,65.72960727563563],[22.324305145970808,65.72940844820198]],[[22.323325790144015,65.65819106343027],[22.3237570886851,65.65817022318882],[22.323807593781808,65.6583481990413],[22.323325790144015,65.65819106343027]],[[22.323807593781808,65.6583481990413],[22.324289403238016,65.65850533306721],[22.323858099642287,65.65852617486944],[22.323807593781808,65.6583481990413]],[[22.324153121430047,65.72887452617462],[22.324203795508602,65.72905250020817],[22.323771315743304,65.72907335316489],[22.324153121430047,65.72887452617462]],[[22.32071055493382,65.65976072816392],[22.32043068436163,65.66031549157647],[22.31865485520082,65.6602208311274],[22.320178259257407,65.65942560556132],[22.320407643384353,65.65869286546474],[22.323376292331538,65.6583690394545],[22.322867183106016,65.65965655052092],[22.32071055493382,65.65976072816392]],[[22.321558248875,65.7289996245625],[22.321659562678942,65.72935557467133],[22.32122707537751,65.7293764204724],[22.321558248875,65.7289996245625]],[[22.32069328521151,65.72904131425476],[22.319142636056146,65.72821395963135],[22.320490690234383,65.72832941236724],[22.32069328521151,65.72904131425476]],[[22.31728275928679,65.66154997753509],[22.318347381276176,65.66222024086383],[22.31624098108111,65.66250233539184],[22.315910525592063,65.66287911288101],[22.31413453346382,65.66278440117244],[22.313551812497387,65.66227127551376],[22.315226855615208,65.66201003608711],[22.3151259467305,65.66165407768132],[22.31728275928679,65.66154997753509]],[[22.31637730699143,65.72311514043831],[22.316809694323883,65.72309430938],[22.316860304258377,65.72327228648014],[22.31637730699143,65.72311514043831]],[[22.316860304258377,65.72327228648014],[22.317343307376312,65.72342943093255],[22.316910914960093,65.7234502635559],[22.316860304258377,65.72327228648014]],[[22.315128625267537,65.64469503982157],[22.315179039639336,65.64487301943439],[22.314747953687426,65.64489383324945],[22.315128625267537,65.64469503982157]],[[22.314732058317617,65.76974150707932],[22.314782763962175,65.76991948391422],[22.314349590512116,65.76994031677233],[22.314732058317617,65.76974150707932]],[[22.31445487365509,65.66854218987685],[22.3145558056154,65.66889814849404],[22.314124319788732,65.66891896442712],[22.31445487365509,65.66854218987685]],[[22.313609388736477,65.60074759749789],[22.314039744246607,65.60072679404858],[22.31409004846556,65.60090477513077],[22.313609388736477,65.60074759749789]],[[22.289017368759648,65.67139087494382],[22.287190586587833,65.67111786362068],[22.285493757930038,65.66975615058433],[22.285141891345347,65.66851021417285],[22.286235325201254,65.66773604687955],[22.287098310562275,65.66769457205713],[22.28656627457982,65.66735932920234],[22.287810452286617,65.66711912255235],[22.28847228064699,65.66636568029408],[22.29111137759309,65.66641919323374],[22.292305158589762,65.66600096202646],[22.29738192562989,65.66539586483309],[22.299006991448856,65.66495681452763],[22.300430563835892,65.66380580744612],[22.301293391089843,65.66376425353113],[22.300660540678603,65.66307309146117],[22.30200511008055,65.66318874159558],[22.30233577348469,65.66281199234479],[22.304061351488244,65.66272885871548],[22.305456306565215,65.66302246185496],[22.309288427937194,65.66265732247747],[22.309439679321354,65.66319126696098],[22.310403318453307,65.66350562442786],[22.31337265253288,65.66318198729108],[22.31258287768347,65.66502422145719],[22.3119217896543,65.6657777615121],[22.31072834473331,65.66619614357664],[22.31054906588152,65.66710685316313],[22.309585288382298,65.66679249796915],[22.307428002735826,65.66689649341276],[22.30628483885739,65.66749282401581],[22.305421897213662,65.66753440738924],[22.30394796043459,65.66850747742895],[22.30308498052081,65.66854904790067],[22.303185756471176,65.66890501557933],[22.301610898891195,65.66952209666931],[22.30023745221246,65.67085110212975],[22.296806787867048,65.67263991713288],[22.294368397163073,65.6732984584138],[22.292160173306293,65.67322425564785],[22.290282919885268,65.67277329482815],[22.289017368759648,65.67139087494382]],[[22.31258969711481,65.67584870197693],[22.31345290160579,65.67580707534164],[22.313503377359602,65.6759850548912],[22.31258969711481,65.67584870197693]],[[22.313339625464625,65.66769392115471],[22.31344053814338,65.66804988070123],[22.313009065349828,65.66807069334064],[22.313339625464625,65.66769392115471]],[[22.313202685141402,65.64406636565963],[22.313253084841577,65.64424434605533],[22.31282200746643,65.64426515431849],[22.313202685141402,65.64406636565963]],[[22.312259028511974,65.67622547357148],[22.312640167040957,65.67602668186969],[22.312741109184504,65.67638264158226],[22.312259028511974,65.67622547357148]],[[22.301144290754227,65.67405482717909],[22.30157587458061,65.67403404715759],[22.301626264655653,65.67421203148093],[22.301144290754227,65.67405482717909]],[[22.301626264655653,65.67421203148093],[22.302108244384524,65.67436923419764],[22.301676655493214,65.67439001578009],[22.301626264655653,65.67421203148093]],[[22.299468323331,65.67431592026182],[22.299569076630636,65.67467189054888],[22.299137480250963,65.67469266499263],[22.298605141464794,65.67435746724585],[22.299468323331,65.67431592026182]],[[22.29398276553974,65.77398537642965],[22.294849286936362,65.77394382357815],[22.29489986540246,65.77412180823335],[22.29398276553974,65.77398537642965]],[[22.29489986540246,65.77412180823335],[22.295383710060356,65.77427901425878],[22.29495044463684,65.77429979286427],[22.29489986540246,65.77412180823335]],[[22.294972514039273,65.67543430331936],[22.294792633707292,65.6763450000789],[22.29258414831074,65.67627080600862],[22.29185055054224,65.67522363231313],[22.29324605544882,65.67551734222924],[22.294972514039273,65.67543430331936]],[[22.289713666023903,65.67695003198847],[22.290425992029707,65.6763745684686],[22.291771215840345,65.67649030283864],[22.290778241116932,65.67762048888747],[22.28775664751862,65.67776571353593],[22.28717408973716,65.67725248518578],[22.28851934652678,65.67736824801982],[22.288850377647048,65.67699152459521],[22.289713666023903,65.67695003198847]],[[22.286943626319477,65.67798518539931],[22.287044224823283,65.67834116547492],[22.286612555281636,65.67836190505471],[22.28608029813532,65.6780266626562],[22.286943626319477,65.67798518539931]],[[22.279098255787627,65.69513956085606],[22.279530212124392,65.69511883985258],[22.279580500124528,65.69529683244383],[22.279098255787627,65.69513956085606]],[[22.279580500124528,65.69529683244383],[22.280062750300498,65.6954541024459],[22.27963078888628,65.69547482501095],[22.279580500124528,65.69529683244383]],[[22.270881348267704,65.67532840447602],[22.270981713830313,65.67568439742612],[22.270550073061546,65.67570509110861],[22.270881348267704,65.67532840447602]],[[22.2690042962844,65.67487717887641],[22.266364359289547,65.67482329003963],[22.266264061133256,65.67446729338918],[22.26880363001882,65.67416518966877],[22.2690042962844,65.67487717887641]],[[22.26361003287995,65.65727600395519],[22.26317869124129,65.65729667381675],[22.263128604437863,65.65711867382961],[22.26361003287995,65.65727600395519]],[[22.25740013043746,65.67561332778217],[22.257831782309193,65.67559267134061],[22.25788187574226,65.67577067299025],[22.25740013043746,65.67561332778217]],[[22.25788187574226,65.67577067299025],[22.25836362687758,65.675928016615],[22.25793196993347,65.67594867461591],[22.25788187574226,65.67577067299025]],[[22.2520337787082,65.6969765355732],[22.252465791700494,65.69695589090398],[22.252515898015517,65.69713389417433],[22.2520337787082,65.6969765355732]],[[22.25121984799987,65.6971958250332],[22.252083882102532,65.6971545390139],[22.252133986255785,65.69733254243063],[22.25121984799987,65.6971958250332]],[[22.250837925201242,65.69739447014067],[22.251269946311606,65.6973738287906],[22.251320045382187,65.69755183252396],[22.250837925201242,65.69739447014067]],[[22.250124153904526,65.69796976184193],[22.250023971012197,65.69761375342523],[22.250888021350992,65.69757247404435],[22.250124153904526,65.69796976184193]],[[22.249692121755146,65.69799040004303],[22.24974221141844,65.6981684043857],[22.24931017558931,65.69818904153705],[22.249692121755146,65.69799040004303]],[[22.249360263090285,65.69836704602604],[22.248928223581384,65.69838768212767],[22.248878139001498,65.69820967746841],[22.249360263090285,65.69836704602604]],[[22.247782332503856,65.69898359847878],[22.24686815688167,65.69884685528469],[22.247732254411627,65.69880559338065],[22.247782332503856,65.69898359847878]],[[22.247632100502887,65.6984495831125],[22.248496183313833,65.69840831700931],[22.24854626573125,65.69858632181487],[22.247732254411627,65.69880559338065],[22.247632100502887,65.6984495831125]],[[22.246045778406618,65.64765373161694],[22.246095726083936,65.64783173858403],[22.245664524577357,65.64785235735829],[22.246045778406618,65.64765373161694]],[[22.23688675290586,65.66486797418283],[22.236936677670894,65.66504598436141],[22.236505181282922,65.66506657996354],[22.23688675290586,65.66486797418283]],[[22.236405338334386,65.6647105592429],[22.236455259431033,65.66488856961517],[22.236023765200944,65.6649091638293],[22.236405338334386,65.6647105592429]],[[22.23592392958909,65.6645531427214],[22.235973847017416,65.66473115328728],[22.23554235494525,65.66475174611347],[22.23592392958909,65.6645531427214]]],[[[22.442201981693728,65.6121720884237],[22.438917211698264,65.61322334774691],[22.439066794561228,65.61374329347264],[22.44260392,65.61356959],[22.442201981693728,65.6121720884237]]],[[[22.33630729,65.54659182999998],[22.31483432,65.54763323],[22.31232598,65.5387341],[22.290858329999992,65.53977203999999],[22.29224989682556,65.54472163821873],[22.295984272190456,65.54440930526003],[22.3023470517581,65.54536468240642],[22.302067879056356,65.54591940539723],[22.303456470464596,65.5462130892366],[22.30360678823811,65.54674704891885],[22.305704029665037,65.54646521907847],[22.303807222500325,65.54745899482367],[22.305067143701457,65.54884134735111],[22.304208127248806,65.54888288547386],[22.304329909081464,65.55086150171412],[22.303091394595107,65.55110178844761],[22.302991168829735,65.5507458151453],[22.303850248982222,65.55070428330147],[22.30322025527683,65.55001310361679],[22.29940455424482,65.55037792984],[22.29952598434771,65.55235655338737],[22.30068572568834,65.55338296624048],[22.299826551207598,65.5534244810536],[22.298738142215694,65.55419869752748],[22.298208365108003,65.55386347320113],[22.296010299855716,65.55378922713645],[22.294871119577824,65.55404494143863],[22.29586249,65.5575711],[22.297950622036325,65.55747012502137],[22.29953969651075,65.55704650702802],[22.30019856113402,65.5562930422323],[22.304115376931644,65.55628415986507],[22.304444737986817,65.55590741857111],[22.30654270280334,65.55562557000513],[22.30755240067744,65.55611797079645],[22.30591558504751,65.55708496644141],[22.317344559999995,65.5565323],[22.319085015325008,65.56269774167545],[22.319342559362024,65.56240299831909],[22.320252249192993,65.56253934973856],[22.320051225833456,65.56182743148099],[22.322250020566727,65.56190132131302],[22.322807793221628,65.56079180613781],[22.325385903297985,65.56066685004232],[22.326473767356426,65.55989244745373],[22.327762770726554,65.55982994419554],[22.328900837741426,65.55923350172161],[22.329760147675987,65.55919182058152],[22.33041817965641,65.55843823257999],[22.331707099709835,65.55837569656765],[22.33231472724935,65.55744412605038],[22.333553256546754,65.55720360011759],[22.334919309264308,65.55587436558913],[22.335828844988338,65.55601062496137],[22.33849146446864,65.55431244391477],[22.33630729,65.54659182999998]],[[22.333022974188676,65.5568685026492],[22.33297264322849,65.55669052808892],[22.33340225273945,65.55666967702359],[22.333022974188676,65.5568685026492]],[[22.322099215443373,65.56136738500342],[22.322048948583703,65.56118940618505],[22.32247864277564,65.56116858528],[22.322099215443373,65.56136738500342]],[[22.309399508678926,65.55494615954625],[22.309070231409198,65.55532291079398],[22.308540299443333,65.55498772415058],[22.309399508678926,65.55494615954625]],[[22.299768925856352,65.55631379933808],[22.29951842005631,65.55542385990266],[22.299948040910703,65.5554031036495],[22.299768925856352,65.55631379933808]]],[[[22.29586249,65.5575711],[22.285031241896526,65.55810749695712],[22.282603123395077,65.55876574969146],[22.28227340928816,65.55914244691313],[22.27979514854757,65.55962266138673],[22.27908563744802,65.56019804803005],[22.277796475508804,65.56026013847244],[22.27751663460849,65.56081482266215],[22.27943545172889,65.56144401913139],[22.28115440459148,65.56136121014401],[22.281484161356953,65.56098451494489],[22.283203076063252,65.56090168307725],[22.2916765530348,65.55850859814215],[22.296024060818446,65.55814512852977],[22.29586249,65.5575711]]],[[[22.271882739999995,65.54970694],[22.267388296016982,65.53366174280013],[22.266017678920996,65.53376703318088],[22.2654389318565,65.53325368408565],[22.264630162644924,65.5334729953772],[22.264480734540246,65.53293898831552],[22.265515669916653,65.53197328766629],[22.255790958911046,65.53244060768819],[22.25498654626823,65.53321505370181],[22.25198144011376,65.5333594069363],[22.250363646518622,65.53379788382341],[22.250463075902246,65.5341538996875],[22.24960443837468,65.53419512424088],[22.24889491297342,65.5347703695992],[22.248036252174735,65.53481158548176],[22.248135654472364,65.53516760313794],[22.247276979157096,65.53520881485407],[22.246347633390908,65.53621611196304],[22.247917399999995,65.54183885],[22.232892541334415,65.54255874356478],[22.23132692027829,65.54354980315514],[22.228898732583563,65.54420719528574],[22.22876677288988,65.54529584648435],[22.22790772731414,65.54533695189967],[22.227319198399613,65.54600783115538],[22.228542554599155,65.55039770831891],[22.2304364256037,65.54972568556177],[22.233823511637347,65.54938315786247],[22.234153817701667,65.54900656043108],[22.238019989619662,65.54882138360286],[22.238218652663704,65.54953343332063],[22.239077816827976,65.54949226823368],[22.2393087001284,65.54875963618377],[22.244033914373222,65.54853313568577],[22.244843324463655,65.54831392824335],[22.244743906627466,65.54795790860601],[22.252425937548292,65.54740891392407],[22.259578490578072,65.54652416702845],[22.26091684103183,65.54664024129443],[22.256291715863604,65.54722327431512],[22.256590441077815,65.54829130565187],[22.257928871074554,65.54840740555628],[22.257698516425783,65.54914006080766],[22.268717145402018,65.54806910495361],[22.268038279069142,65.54719976878027],[22.26884743866219,65.54698043545879],[22.270435257815606,65.54798642585702],[22.27125820115073,65.5497369570097],[22.271882739999995,65.54970694]],[[22.238879130706966,65.54878021986845],[22.238829461047164,65.54860220771762],[22.239259027584097,65.54858162420199],[22.238879130706966,65.54878021986845]],[[22.23839989376207,65.54862279002158],[22.238350227734887,65.54844477767789],[22.23877979213551,65.54842419554298],[22.23839989376207,65.54862279002158]]],[[[22.26710000781381,65.53263255185064],[22.26700660382215,65.5326370475544],[22.26712170809842,65.53271002202207],[22.26710000781381,65.53263255185064]]],[[[22.18102874,65.53601462],[22.1811037336913,65.53628563553312],[22.181847296961514,65.53616989381105],[22.182375224181893,65.53650554278488],[22.184043635997842,65.53624581389296],[22.18543043221825,65.53654059743951],[22.184979344793845,65.53582649429737],[22.18102874,65.53601462]]],[[[22.182242668555094,65.5404015689397],[22.182501540813913,65.54010707787648],[22.182737504764347,65.54218983001522],[22.18477560949316,65.54360648115976],[22.182691134066268,65.54550937896292],[22.18506434799784,65.54936484063639],[22.184352983722984,65.54993980089779],[22.18311335069233,65.55017911660742],[22.18245121094289,65.55093210261226],[22.183275234575607,65.55233595028955],[22.18428251189231,65.55282919576238],[22.180513849799073,65.5533690803741],[22.18023198972337,65.55392360381909],[22.178083429583147,65.55402567875261],[22.17626605862914,65.55375124366604],[22.172976042290795,65.55444857284843],[22.173687778802375,65.55387366247243],[22.175787096440605,65.55359361302241],[22.17559010090455,65.55288146555247],[22.174202529420384,65.55258659937792],[22.174054820994744,65.55205248687953],[22.171709509407624,65.55144231927812],[22.171414216988516,65.55037408805777],[22.170076029461264,65.55025722100939],[22.17082371222211,65.54823762308489],[22.17057770007394,65.54734742834985],[22.16966928226293,65.54721016589633],[22.169570895617692,65.54685408712142],[22.170712103216275,65.54625880463189],[22.170511186757125,65.54553171040831],[22.1480403058591,65.54659695355933],[22.14364628208819,65.54754096112505],[22.141792105178716,65.54871081517942],[22.141803512864776,65.55033357543878],[22.13914989131809,65.55334482755131],[22.139394898813116,65.55423508288914],[22.137822856451997,65.55485043828844],[22.137589061052505,65.5555829427841],[22.137932037637412,65.55682930397748],[22.139515488815857,65.55783670775588],[22.14381358229339,65.55763361256602],[22.144537665599977,65.55868159020588],[22.143727062768402,65.55890027259859],[22.143825151277074,65.55925637097631],[22.14296548500639,65.55929700029577],[22.143063564913476,65.55965309924811],[22.141774042626427,65.55971403513266],[22.141540322833695,65.56044654496448],[22.138912170136763,65.56039032967398],[22.1381617031245,65.56240979634404],[22.135201450581132,65.56272992152188],[22.13553335574488,65.56235352429572],[22.130804507181576,65.56257667285188],[22.129612717018595,65.56299361533777],[22.12904661773645,65.56410249465291],[22.13005335444991,65.56459610587261],[22.130249212498963,65.56530832328392],[22.129487242982556,65.56570498693308],[22.130945613676005,65.56942384783127],[22.12798447027988,65.56974384049163],[22.126841265129023,65.57033881981664],[22.12517007745495,65.5705979445719],[22.12450575780975,65.57135069768768],[22.123645656211313,65.57139122151182],[22.120215369917933,65.57317604175911],[22.119932025735775,65.57373046687967],[22.119022928571802,65.57359290711118],[22.11807496224788,65.5749000577822],[22.11645228498547,65.57533714893519],[22.115650805726737,65.57717846449967],[22.11479049508975,65.57721894005125],[22.114458109012457,65.57759529635156],[22.114555882309144,65.57795141660444],[22.115465111123168,65.57808900190834],[22.11460477006356,65.57812947669612],[22.113079591167278,65.5789226545003],[22.1129426778566,65.58001125038213],[22.111319596688386,65.58044829040733],[22.11161283544086,65.58151665778861],[22.102529028358187,65.58176311856766],[22.102431402260585,65.58140698917053],[22.101522121024175,65.5812693261732],[22.100280209028043,65.58150798523351],[22.09458950161478,65.58141429745035],[22.093826518928243,65.58181079126962],[22.090814740237974,65.58195200724538],[22.08967014649458,65.582546719164],[22.087137238476377,65.58284576580814],[22.0855622345996,65.58346060656764],[22.082119919056577,65.58362180636597],[22.081356679557146,65.58401823983682],[22.079635475105604,65.58409880219513],[22.078920841928046,65.58467329739646],[22.07552695260901,65.58501242340043],[22.07309087089479,65.58566738958186],[22.07338261182969,65.58673584493872],[22.074673664512247,65.58667547683898],[22.07563164446017,65.58699137531163],[22.0749654840292,65.58774392838954],[22.076222865588456,65.59075107435494],[22.079714845613264,65.59076807240791],[22.080055610262164,65.59201458484118],[22.078625915273328,65.59316357979343],[22.07934845518395,65.59421188294773],[22.080785941464857,65.59468567911816],[22.080168438407572,65.59561632810815],[22.081459912612466,65.59555589821377],[22.08241830647845,65.59587174982927],[22.088875643173495,65.59556939486863],[22.089639095557793,65.59517292156684],[22.090743864590042,65.59602292750469],[22.092084103810528,65.59614047601593],[22.093140210902025,65.59681239502483],[22.091466976691272,65.59707116741592],[22.091320661819527,65.59653696152515],[22.090459665717002,65.59657730546157],[22.090792630369364,65.59620099639316],[22.089021901296462,65.59610360366392],[22.0862521139536,65.59713509349433],[22.085780963241326,65.59859997572563],[22.07630897958431,65.59904315381966],[22.074253525780357,65.5994999444906],[22.07277452406343,65.60047081509765],[22.07153142575214,65.60070924977322],[22.07235848867963,65.6037365419995],[22.071497218897935,65.6037767808529],[22.071212531103672,65.60433112729746],[22.072178407695937,65.6062698446936],[22.067635448453483,65.60720340736707],[22.06586403824734,65.60710575067338],[22.06366869437222,65.60865097865323],[22.06237652020216,65.6087112636235],[22.06184860151723,65.60837519670875],[22.060077129111765,65.60827747302385],[22.058069225266287,65.6089121344768],[22.057402023495932,65.60966461999972],[22.058367093399163,65.6116034328023],[22.059374404420065,65.61209750780854],[22.061048939162184,65.61183907731584],[22.061625523202988,65.6123532261681],[22.059950961647537,65.61261166327665],[22.059617348380726,65.61298791064308],[22.060006096884777,65.61441255398736],[22.05890798317751,65.61518513366133],[22.059102351927695,65.615897456402],[22.062027721821714,65.61702348134735],[22.064612891699237,65.61690289858154],[22.064710160497697,65.61725905552274],[22.065571889535914,65.61721885087286],[22.066336323590516,65.61682248573983],[22.06762888979283,65.61676216333488],[22.067531583254542,65.61640600861963],[22.069254971322962,65.61632556303975],[22.069970654353938,65.61575110368679],[22.070832323604375,65.61571086972579],[22.070734977931068,65.61535471743086],[22.07451500584069,65.61481745797057],[22.075230531223053,65.6142429752895],[22.077002459562642,65.61434051767722],[22.078628228148443,65.61390381987968],[22.0800180795192,65.61419953973747],[22.079920614857553,65.61384339445969],[22.080830940088543,65.61398117708362],[22.082359124648146,65.61318829567662],[22.08370022123411,65.61330591013687],[22.083602710182276,65.61294976766095],[22.084513022119186,65.61308752831853],[22.08690256563391,65.61225428752847],[22.089007574544812,65.61197538741574],[22.090153444710054,65.61138066856769],[22.0900070597372,65.6108464621649],[22.09172999542503,65.61076576558828],[22.092347411527378,65.60983507052035],[22.093972634463594,65.6093982134556],[22.093297861326416,65.60852805775784],[22.094159247699558,65.60848769400043],[22.094297033774893,65.60739910716767],[22.095158380891913,65.60735873810873],[22.09501192042569,65.60682453722887],[22.09663691113875,65.60638765380918],[22.09649042690275,65.605853454577],[22.099074293549435,65.60573229701936],[22.100219660960896,65.60513750687625],[22.10108092210573,65.60509710500138],[22.101267262870692,65.60418657935207],[22.10222621544579,65.60450230040567],[22.103606579816464,65.60317502376978],[22.106043482709026,65.60251955952471],[22.10790300349454,65.60135009299228],[22.114400385079804,65.59960192698333],[22.114302515784882,65.5992458076307],[22.116406161549047,65.59896654029802],[22.116259321863357,65.59843236352415],[22.117599789002917,65.5985496843159],[22.119174910931243,65.5979345096811],[22.119076983861472,65.5975783939557],[22.12041741802708,65.597695690155],[22.1207009848091,65.59714126214047],[22.121610921988648,65.59727880377213],[22.12275540115722,65.59668385189389],[22.12361634026218,65.59664332512094],[22.123518358276886,65.59628721278415],[22.124379282827327,65.596246681818],[22.12466275046961,65.59569224733377],[22.12595410343898,65.59563143962787],[22.126618962731904,65.59487867518781],[22.128722115123306,65.59459924170109],[22.129866313597987,65.59400423881854],[22.129768258083708,65.59364813121508],[22.134502761771298,65.5934249607934],[22.138708604019694,65.5928658503538],[22.140479265065,65.59296266346009],[22.14249550275349,65.59394970038832],[22.146050623595336,65.5894529979136],[22.14686214547571,65.58923429431748],[22.14742796804036,65.58812535139685],[22.1496165908695,65.5865789763374],[22.148793185884205,65.58517494011913],[22.145584914551428,65.58460505727321],[22.142671342654165,65.58510339964688],[22.140335170237336,65.5861155277429],[22.13459434997395,65.58584530209366],[22.1346924360499,65.58620140631106],[22.132971287075925,65.5862825737825],[22.132639058054075,65.58665896840769],[22.13053658919071,65.58693844971536],[22.129441719593935,65.58771150876308],[22.129588756821267,65.58824567093411],[22.128297780451557,65.58830650600082],[22.12715378916223,65.58890149510071],[22.125432433346585,65.58898257894555],[22.124473790540925,65.58866700162656],[22.125089544100373,65.58773618903497],[22.124512290821457,65.58722228783951],[22.12317238347756,65.58710502279415],[22.12393506083562,65.58670838422034],[22.12378815006975,65.58617421534913],[22.12584165284578,65.5857167719603],[22.126838575989197,65.58458762832596],[22.12606544267386,65.58336151155783],[22.12692593508157,65.5833209702576],[22.127922724550217,65.58219182074333],[22.12992683942472,65.5815562709918],[22.12948586357208,65.57995378361433],[22.13114674381144,65.57807184015724],[22.13453893464085,65.57773148514956],[22.13549728516747,65.57804700165109],[22.139749691797682,65.57766593780087],[22.140708101300937,65.57798142078167],[22.14199853090439,65.5779204852633],[22.142907894675574,65.578057904606],[22.14425908950556,65.57979775595376],[22.150625374701033,65.58075947466178],[22.151485734933495,65.58071879519431],[22.152051194018224,65.57960983841691],[22.15291151358687,65.57956915124527],[22.158798677154333,65.5803728236667],[22.15965900920349,65.58033209806935],[22.160322516561788,65.57957919879503],[22.160900292273208,65.5800929585663],[22.162670147996824,65.58018952024082],[22.162817815495846,65.58072364409837],[22.165779735187375,65.58040296318147],[22.16611140492961,65.58002650131849],[22.168593794115132,65.5795481081489],[22.16970042074298,65.58039752052214],[22.169404814598003,65.57932928868658],[22.171837793221293,65.57867280505279],[22.170668584558825,65.57602263089069],[22.17195883239183,65.57596144199405],[22.171761737403237,65.57524929064468],[22.17070453610796,65.574577930048],[22.169893673031567,65.5747967549593],[22.169795157594105,65.57444067766156],[22.17060601058579,65.57422185337401],[22.17045822787379,65.57368773818708],[22.171219787480794,65.5732908724978],[22.170261194656828,65.57297558427608],[22.172581607034296,65.5703402794444],[22.17243381038759,65.56980616630054],[22.173674472654806,65.56956692812916],[22.17397012022262,65.57063515132783],[22.17425227572753,65.57008063676795],[22.175972198825193,65.56999901237083],[22.17582433501468,65.56946490318197],[22.1778125488095,65.5672060064211],[22.17905303630955,65.56696672588386],[22.179715657619543,65.56621375018692],[22.181005394164654,65.5661524891869],[22.180046954277138,65.56583726138487],[22.18156930556472,65.56504343715677],[22.183239541408394,65.56478369954033],[22.183521441707217,65.56422917015969],[22.18595265907093,65.56357247683442],[22.187094196882136,65.56297706775626],[22.186995500376295,65.56262100336654],[22.18828834578201,65.56223014061501],[22.18595706,65.55381802],[22.20744128,65.5527948],[22.206417459279407,65.54910865862242],[22.204876001394776,65.54860175977271],[22.204777127795726,65.54824570865901],[22.202382052663594,65.54745799380753],[22.20152288578611,65.54749895066347],[22.199458757165495,65.54633465641253],[22.196634460903287,65.54556731784263],[22.195563137212396,65.54327340120982],[22.19680232452053,65.54303398788161],[22.197513230191067,65.54245897355442],[22.195336269464093,65.53931583617013],[22.192942308854136,65.53852796109811],[22.18759173197047,65.53806116197833],[22.183297274925845,65.53826546447195],[22.183015619893073,65.53881999118266],[22.18188927931806,65.53912447521604],[22.182242668555094,65.5404015689397]],[[22.191534940162814,65.54130067030484],[22.191105448208045,65.54132111767512],[22.191056121647478,65.54114308655342],[22.191534940162814,65.54130067030484]],[[22.18520514505733,65.54358605132849],[22.185303730215534,65.54394211801974],[22.184874188881977,65.54396254818667],[22.18520514505733,65.54358605132849]],[[22.186212110117502,65.54407928702557],[22.18593046157172,65.54463381907023],[22.185500909441394,65.54465425112011],[22.185303730215534,65.54394211801974],[22.186212110117502,65.54407928702557]],[[22.183557591115598,65.54077836749421],[22.183656140984162,65.54113443560897],[22.183226644316704,65.5411548606681],[22.183557591115598,65.54077836749421]],[[22.183029559083902,65.5404427236736],[22.183128100216248,65.54079879221784],[22.182698608574867,65.54081921572995],[22.183029559083902,65.5404427236736]],[[22.17928574395126,65.56623416809428],[22.179236441226486,65.56605613292955],[22.17966635200447,65.56603571519],[22.17928574395126,65.56623416809428]],[[22.17824493850767,65.55618252136411],[22.17781518885831,65.55620293351413],[22.177765919064573,65.55602489753713],[22.17824493850767,65.55618252136411]],[[22.17506295586516,65.56986179028755],[22.174632977610564,65.56988219561245],[22.174485142050614,65.56934808484343],[22.17506295586516,65.56986179028755]],[[22.168212892263615,65.55611757499862],[22.17084064709525,65.55617328567914],[22.17088986993889,65.55635132436191],[22.16831130255155,65.55647365439802],[22.168212892263615,65.55611757499862]],[[22.170312452920314,65.55583759911119],[22.17074220363317,65.55581720824325],[22.17079142499335,65.55599524697291],[22.170312452920314,65.55583759911119]],[[22.168544534069653,65.57937006911567],[22.16811439269102,65.57939045750949],[22.168065136282294,65.57921241828511],[22.168544534069653,65.57937006911567]],[[22.167007862027763,65.57854103262316],[22.16657773288941,65.57856141653753],[22.16652848887589,65.57838337669304],[22.167007862027763,65.57854103262316]],[[22.166196844870864,65.57875983922673],[22.165766711353424,65.57878022088114],[22.165717472384628,65.5786021807249],[22.166196844870864,65.57875983922673]],[[22.165385813910987,65.57897864162214],[22.164955676014532,65.57899902101659],[22.164906442090675,65.57882098054863],[22.165385813910987,65.57897864162214]],[[22.164574769148054,65.5791974398093],[22.164144626872623,65.57921781694368],[22.16409539799395,65.57903977616404],[22.164574769148054,65.5791974398093]],[[22.152667174461047,65.55974003979713],[22.152863606307942,65.56045222244063],[22.150284531335384,65.56057425040534],[22.154091801831843,65.55859039558567],[22.154951423859742,65.55854970353657],[22.154853186588785,65.55819361380065],[22.156093470552445,65.55795452323369],[22.156621528470172,65.5582902606985],[22.157481135835766,65.5582495544315],[22.16163163698622,65.55751182365728],[22.161779128225998,65.55804595033655],[22.16005994015881,65.5581274065264],[22.160158248245843,65.55848349220102],[22.161017855316615,65.558442765862],[22.161165340337075,65.55897689319445],[22.155860168450594,65.55868705113504],[22.152667174461047,65.55974003979713]],[[22.156425013627505,65.5575780837154],[22.157714388898803,65.55751702450301],[22.160906904602154,65.5564639340272],[22.161815605126613,65.556601246317],[22.157812662172258,65.55787311203777],[22.156093470552445,65.55795452323369],[22.156425013627505,65.5575780837154]],[[22.162405600305565,65.55873775116603],[22.16250394320928,65.55909383497988],[22.16341274432338,65.55923113671214],[22.162172470801234,65.55947028711822],[22.161263667388685,65.55933297796574],[22.161165340337075,65.55897689319445],[22.162405600305565,65.55873775116603]],[[22.15645010751403,65.5671365372582],[22.15473029966627,65.56721793891192],[22.154386354750127,65.56597162525495],[22.157015090764972,65.56602756639582],[22.15645010751403,65.5671365372582]],[[22.14332032657153,65.5621661048162],[22.14036017078354,65.56248632988556],[22.142313439600503,65.56167258321355],[22.143652106448418,65.5617896910046],[22.14332032657153,65.5621661048162]],[[22.139070500707188,65.56254724417066],[22.13864060920384,65.5625675465063],[22.138591592476256,65.56238949538829],[22.139070500707188,65.56254724417066]],[[22.128957695052843,65.5796179526882],[22.1289087058041,65.57943989820568],[22.129769063305368,65.5793993420537],[22.128957695052843,65.5796179526882]],[[22.12847852594504,65.57946017446058],[22.127618164010286,65.57950072332827],[22.127569184185074,65.57932266832226],[22.12847852594504,65.57946017446058]],[[22.12713900500436,65.5793429407683],[22.126708825084904,65.57936321200032],[22.126659851788204,65.57918515663764],[22.12713900500436,65.5793429407683]],[[22.126229674024916,65.57920542648887],[22.125369316282455,65.5792459625492],[22.125320352409034,65.57906790666328],[22.126229674024916,65.57920542648887]],[[22.12307156302076,65.57881311122686],[22.12393191077878,65.57877258830692],[22.123980864490658,65.57895064473925],[22.12307156302076,65.57881311122686]],[[22.123980864490658,65.57895064473925],[22.124890175324836,65.5790881727057],[22.12402981894095,65.57912870114838],[22.123980864490658,65.57895064473925]],[[22.12264138803427,65.57883337086577],[22.12178103584656,65.5788738865014],[22.121732097347294,65.57869582921285],[22.12264138803427,65.57883337086577]],[[22.119483372599838,65.57844097991072],[22.120343714799233,65.57840047741496],[22.120392643137727,65.57857853524966],[22.119483372599838,65.57844097991072]],[[22.120392643137727,65.57857853524966],[22.121301923041045,65.57871608504301],[22.12044157221424,65.57875659306117],[22.120392643137727,65.57857853524966]],[[22.120557794776015,65.57442244732627],[22.12012768993448,65.57444269915923],[22.12007877277825,65.57426464112415],[22.120557794776015,65.57442244732627]],[[22.119053200393243,65.57846122933753],[22.118192853766477,65.57850172454899],[22.118143940640213,65.57832366585852],[22.119053200393243,65.57846122933753]],[[22.117713769115028,65.57834391147667],[22.117283596852108,65.57836415588076],[22.117234690253323,65.57818609683407],[22.117713769115028,65.57834391147667]],[[22.1168045201476,65.57820633985763],[22.115944177723303,65.57824682226261],[22.115895280546773,65.5780687626934],[22.1168045201476,65.57820633985763]],[[22.114674195368913,65.59742473307169],[22.114194775814813,65.59726691210555],[22.114625263416116,65.59724667346191],[22.114674195368913,65.59742473307169]],[[22.11495788278988,65.59687031464702],[22.115818842701263,65.5968298319503],[22.11548623640291,65.59720619252921],[22.114625263416116,65.59724667346191],[22.11495788278988,65.59687031464702]],[[22.092867167034143,65.60854823781266],[22.092436472004792,65.60856841665158],[22.092387667008662,65.60839034869032],[22.092867167034143,65.60854823781266]],[[22.091916694702114,65.60985524809011],[22.09186789035291,65.60967717995814],[22.092298604274912,65.60965700255446],[22.091916694702114,65.60985524809011]],[[22.090451285371312,65.5949545136897],[22.09088175695595,65.5949343426077],[22.090930521218674,65.59511241146852],[22.090451285371312,65.5949545136897]],[[22.090069571514057,65.59515275274924],[22.090500046734366,65.59513258271646],[22.090548808833432,65.59531065172023],[22.090069571514057,65.59515275274924]],[[22.06145102093719,65.61650933515816],[22.061881876437024,65.61648924278488],[22.061930490830818,65.61666732232861],[22.06145102093719,65.61650933515816]]],[[[22.11173057,65.52125747],[22.115731687012335,65.52106870786612],[22.116743068714694,65.5208547264805],[22.116645523590652,65.52049860522938],[22.118313614270665,65.5202396041305],[22.118167269724403,65.51970542400424],[22.119357306053004,65.51928858825424],[22.118684193867814,65.5184185287383],[22.119825376221275,65.51782363008752],[22.118810840633518,65.5157071535162],[22.119337538191267,65.51604303415449],[22.12153204467732,65.51611987907164],[22.123004587515787,65.5151485942165],[22.123569998104625,65.5140397435493],[22.12485731665054,65.51397898385126],[22.126339921410576,65.51463044153533],[22.126573731095487,65.51389795397503],[22.127383103904037,65.51367937514662],[22.128338970284783,65.51399496100497],[22.13139689006933,65.51370586178656],[22.13074822,65.51134226],[22.10748861177877,65.51245317507109],[22.105966945794364,65.513246248153],[22.104679610371594,65.51330684722248],[22.1047769599525,65.51366297809338],[22.103967391287895,65.51388143781608],[22.0984373637259,65.51432195074506],[22.097773609440416,65.51507458163043],[22.096915311198593,65.51511493644993],[22.0963402973086,65.51460090617641],[22.094477901148586,65.51414738639694],[22.09271275584495,65.51404998326063],[22.09208925992357,65.51335786566028],[22.086178528987254,65.5139961640811],[22.085036727130387,65.51459081478455],[22.084178421044598,65.51463109740057],[22.082704438097338,65.5156020179169],[22.081846094444064,65.51564228765741],[22.079991291233704,65.51681139077894],[22.07703541274581,65.51713033736205],[22.07626678951446,65.51590392292111],[22.075311464513998,65.51558800286527],[22.07434909328544,65.51364926987138],[22.076494818114757,65.51354869403436],[22.078017414640144,65.51275590862768],[22.077920433915253,65.51239975701763],[22.07877867834393,65.51235951050495],[22.0786816890187,65.51200335946388],[22.080536221674112,65.51083427493121],[22.079808744490776,65.50816314952418],[22.078376136537287,65.50768929705117],[22.07665995003637,65.50776977774336],[22.07632067323022,65.50652324221488],[22.077559279917374,65.50628481087804],[22.078223413127198,65.50553226502271],[22.08060349090859,65.50469921259148],[22.082110444024195,65.50066078709399],[22.08422193015024,65.50009111665359],[22.08371792261562,65.49824076769458],[22.08043581911852,65.49929657719761],[22.080573855650325,65.49820799907266],[22.081334667352415,65.49781159235494],[22.080331485191824,65.49731762309064],[22.080089132957525,65.4964272465355],[22.081837842278116,65.49560988146695],[22.06791698135,65.49626244089332],[22.066745782360805,65.4968724804199],[22.06154364,65.4965612],[22.059303693708028,65.49505673422297],[22.058445981101787,65.4950968651364],[22.05753400637926,65.49333608855665],[22.05819841332603,65.49258362794393],[22.057956867676584,65.49169320816745],[22.05982716807121,65.49023333651168],[22.05792965085415,65.48323804010467],[22.056924940936245,65.48308498057307],[22.057570386522002,65.48191359336485],[22.05671301,65.47875283000002],[22.078141639999995,65.47774848],[22.073303919999997,65.45994071],[22.05188964,65.46094424],[22.049480659999997,65.45203985999999],[22.02807174,65.45303996],[22.031231094758258,65.46474896958593],[22.031437294483386,65.46425798516395],[22.03229404671972,65.46421801667944],[22.0326305650865,65.46546467777998],[22.03391574828172,65.46540471255132],[22.035340748768316,65.46425618229014],[22.036245592173312,65.46439428474433],[22.03448840866061,65.46591900274808],[22.03468077534176,65.46663137712783],[22.033872036273866,65.46684945373177],[22.034160577867006,65.46791801645196],[22.03241645836499,65.4691420925164],[22.03287715,65.47084948],[22.031927065161184,65.47089366237691],[22.03217119912542,65.47179791318452],[22.030457195126754,65.47187784867401],[22.028506926340654,65.47269012411788],[22.024173679337185,65.47271172693237],[22.022555634722394,65.47314776866006],[22.017080653932137,65.473763337831],[22.014889942235925,65.47368494137817],[22.013936912751856,65.47336861176152],[22.01382558673215,65.4717354465101],[21.994269111871073,65.47283959126887],[21.990025209999995,65.47284225],[21.99480911,65.49065319],[21.973366070000004,65.49164586],[21.97483954050457,65.4971422762118],[21.977043720927085,65.49599772565847],[21.978759502511835,65.49591837939764],[21.97942735588341,65.49678910983945],[21.976758997664927,65.49817477233816],[21.975136437285826,65.49824977600682],[21.97575352,65.50055165],[21.95430148999999,65.50154168999998],[21.955205657961468,65.50492224307334],[21.955879810550186,65.50454817845285],[21.9571671269185,65.50448884620697],[21.959884837630632,65.50328163496881],[21.96121975454665,65.5034003900472],[21.96074295853533,65.5048649362925],[21.96260244248561,65.50532012951831],[21.96388977843354,65.50526073985877],[21.964032871365777,65.50579509873185],[21.967608973324225,65.50617102389715],[21.967132495254713,65.50763558721324],[21.964557811810717,65.50937728758538],[21.96457659208083,65.51008295400156],[21.99960021,65.5084639],[22.001138762882515,65.51417691108229],[22.005910718707995,65.51449653113534],[22.007912779559902,65.51386261465395],[22.010058829388136,65.51376297829307],[22.010343941543876,65.51320874218429],[22.010869208774444,65.51354501372283],[22.014683953272304,65.51318747155136],[22.013543807501254,65.51540444257952],[22.019123761283563,65.51514511485149],[22.020648225396208,65.51435288951185],[22.021506640122286,65.5143129663937],[22.021317974510467,65.51522341645051],[22.02055573961468,65.51561953443921],[22.0207481684962,65.51633192547563],[22.021970211275804,65.51644006478993],[22.044922329999995,65.51537230999999],[22.04313014991853,65.50875787699808],[22.041427325145587,65.50923727397986],[22.041567022410973,65.50814871591008],[22.042850604266878,65.50772615256204],[22.0421789768318,65.5055954005378],[22.044887582129565,65.50276387365173],[22.0474132814656,65.50246560145739],[22.047322107286018,65.50373225033348],[22.046179839505193,65.50432661213502],[22.04675363670215,65.5048408446614],[22.044420681517686,65.50585146380092],[22.044517176342804,65.5062076415207],[22.04297724044926,65.50644600808826],[22.062152340041322,65.50554985952934],[22.06196261294947,65.50485128749257],[22.063104536552,65.5042568097773],[22.064820542748908,65.50417648465314],[22.06682034837032,65.50354181016569],[22.067346131353293,65.50387788056409],[22.06863310662089,65.50381760272481],[22.068729922327947,65.50417376190553],[22.069636328412557,65.50431164919512],[22.069497816444848,65.5054002218],[22.0675947480826,65.50639109233435],[22.067933606575902,65.50763765144255],[22.069940364479514,65.50862574394466],[22.069179069780738,65.50902209789152],[22.069372765573117,65.50973441482745],[22.067801656223157,65.51034903438439],[22.068043745695565,65.51123943299511],[22.067185518105422,65.51127961842859],[22.067282347475068,65.51163577837245],[22.068189008121802,65.51177367188708],[22.06733076325266,65.51181385831008],[22.066617749893513,65.51238828055567],[22.067337388588843,65.51343666959937],[22.066144077230618,65.51349253379975],[22.068274357002334,65.5213280705877],[22.06946856617429,65.52127216240775],[22.068301294259225,65.5214271504692],[22.068710096469832,65.52293079557849],[22.071815752834357,65.52350676949068],[22.074391606538935,65.52338610854568],[22.074585573192437,65.5240984160826],[22.07382391132481,65.52449479685527],[22.07253593148846,65.52455512848306],[22.072203559448923,65.52493139212396],[22.073159196878198,65.52524732878103],[22.072875310555222,65.5258016712496],[22.07435733248751,65.52645364382052],[22.074024964281985,65.52682991141717],[22.075936447029637,65.52746175367945],[22.08108886251854,65.52722024083626],[22.083900136815597,65.52636698521374],[22.09415562176487,65.52570517936029],[22.096059031135628,65.52471397156114],[22.096382576962153,65.52271486701373],[22.098148322622844,65.52281222153833],[22.098480291319202,65.52243590479142],[22.10325088709022,65.52239189775398],[22.107455221956496,65.52345654087449],[22.109933406558742,65.52297914877292],[22.10983594471836,65.52262302233929],[22.110694465590328,65.5225825920588],[22.11183064310119,65.52162292941917],[22.11173057,65.52125747]],[[22.069704029125003,65.52053974723147],[22.069274764430972,65.5205598467102],[22.069226315818355,65.5203817677286],[22.069704029125003,65.52053974723147]],[[22.068472858397794,65.51121933846248],[22.068521281357707,65.51139741795106],[22.068092165775713,65.51141751264862],[22.068472858397794,65.51121933846248]],[[22.066771954576833,65.5033637298358],[22.06720093915509,65.50334364013763],[22.067249335826464,65.50352172030266],[22.066771954576833,65.5033637298358]],[[22.05992586221458,65.49574899976788],[22.059068128052708,65.49578913441779],[22.05901980439154,65.49561105091873],[22.05992586221458,65.49574899976788]],[[22.04555915836864,65.48920694319244],[22.04470161215523,65.4892469945276],[22.044605190405914,65.48889081614743],[22.045462725119556,65.48885076546931],[22.04555915836864,65.48920694319244]],[[22.041602889899497,65.47298075221354],[22.042459908872317,65.47294072350425],[22.043889941167528,65.47341494103925],[22.04274888223249,65.47400926558093],[22.04332191292564,65.47452351866806],[22.04246484371691,65.47456355274855],[22.040558093556534,65.47393124210232],[22.041795512941796,65.47369311500164],[22.041602889899497,65.47298075221354]],[[22.04301431989269,65.51349140341051],[22.042585146265516,65.51351142628724],[22.042536895369704,65.51333333686925],[22.04301431989269,65.51349140341051]],[[22.03700613237902,65.46399810363059],[22.036577764567507,65.4640181017667],[22.03652966471227,65.46384000887174],[22.03700613237902,65.46399810363059]],[[22.033972600137336,65.46882847628521],[22.03354415048802,65.46884846659977],[22.03349606054404,65.46867037265527],[22.033972600137336,65.46882847628521]],[[22.03312966778014,65.50908312435537],[22.0316058894508,65.50987546900409],[22.03031851292511,65.50993543549282],[22.030458676859222,65.50884688326065],[22.031316892588833,65.50880690635955],[22.031649667117097,65.50843072869148],[22.033366063940033,65.50835075683126],[22.03312966778014,65.50908312435537]],[[21.986393965418458,65.50494203220579],[21.986677925983965,65.50276497485942],[21.985342938239206,65.50264644520746],[21.984770390439348,65.5021319679873],[21.983912308179995,65.5021716794734],[21.98457906836655,65.50141952064928],[21.982719497596975,65.50096459847781],[21.982147039771974,65.50045011045863],[21.982384807399,65.49971780973983],[21.983242811913698,65.49967810765789],[21.984338519992814,65.49890609751415],[21.9878182451583,65.49892532764838],[21.988151534195357,65.49854924083868],[21.98829507865942,65.49908357249592],[21.987199482132766,65.49985561025261],[21.987438708512812,65.5007461645621],[21.989631637426363,65.50082493797788],[21.99015638314346,65.50116128643583],[21.995589867646512,65.50036852462878],[21.995494065531688,65.50001230917037],[21.997210042864634,65.49993275165194],[21.997114220601883,65.49957653740931],[21.997972193429174,65.4995367520407],[21.99987746908903,65.4985467371517],[22.000543677954468,65.49779451314343],[22.00016026238981,65.49636966540739],[22.001018124381748,65.49632986380499],[22.00173218001427,65.49575574104908],[22.003018937369916,65.49569602377831],[22.004923745400074,65.49470594968682],[22.00792602803614,65.49456653040082],[22.00863988366821,65.49399237690801],[22.013546404375923,65.49286270648084],[22.013834462187155,65.49393131222307],[22.013024708880394,65.49414928678588],[22.01283585354951,65.49505972831837],[22.01536120753168,65.49476199482235],[22.015316508256408,65.49620673942516],[22.012269218889738,65.49779105208326],[22.012365239735622,65.49814725483147],[22.011078387537935,65.49820705255718],[22.01012449039638,65.49789070727294],[22.00240331842075,65.49824921544186],[22.00116436893253,65.4984870343155],[22.0013081789517,65.49902135108502],[22.000498161531418,65.4992392610374],[22.000737834138338,65.50012979005687],[22.00502772689617,65.49993071143832],[22.00555264962611,65.50026700477551],[22.00769759412787,65.50016741239205],[22.00822255571509,65.50050369608866],[22.010940515016305,65.50091844165715],[22.012227501071795,65.50085864383284],[22.012131470072337,65.50050244110749],[22.012656494979055,65.50083870880401],[22.01689834679063,65.50046119239599],[22.018995193771598,65.50018334064403],[22.020566882002957,65.49956922267984],[22.022711700077124,65.49946941849694],[22.023854305896464,65.49887523075547],[22.02371003606066,65.4983409398426],[22.024567919353128,65.49830100440295],[22.026043155669218,65.49733063861026],[22.026901001504648,65.49729069028801],[22.02680478642462,65.49693449862833],[22.028139648297017,65.49705266340244],[22.028761047068347,65.49774506447551],[22.024904599387327,65.4995476805889],[22.025000800194174,65.49990387358115],[22.026335807532732,65.50002205289157],[22.026528255261628,65.50073443654712],[22.02538563236452,65.50132864464454],[22.025481847643476,65.50168483718394],[22.02462385498247,65.50172477885042],[22.0243391600054,65.50227903798236],[22.023148325480086,65.50269513352765],[22.02324451634573,65.5030513277166],[22.024102555097535,65.50301139343887],[22.02386593801338,65.50374374863375],[22.02477210639921,65.5038819071026],[22.02691725896827,65.50378204007673],[22.028440836495424,65.50298974452056],[22.029298863632246,65.50294978086578],[22.02982415768724,65.50328598635815],[22.029968585478223,65.50382026989111],[22.028493143517835,65.50479067586184],[22.0287338315125,65.50568115067679],[22.02754291663614,65.5060972815795],[22.026307889522602,65.50795814510055],[22.021206757193845,65.50837585998708],[22.0202042751786,65.50788148529277],[22.01886888814429,65.50776325546774],[22.017818405301632,65.50709076558529],[22.01562488577236,65.5070124066194],[22.015003598428912,65.50631995059152],[22.011141836935543,65.50649938970999],[22.00918842213503,65.50731144531412],[22.00790110989836,65.50737122036377],[22.00732801269761,65.50685683384653],[22.00475341623737,65.50697634104849],[22.00422836378298,65.50664004620165],[21.999556201422664,65.50703711866777],[21.998173007685722,65.50674059875061],[21.99802921045936,65.5062062789383],[21.996550236885387,65.50555353007972],[21.993975709348106,65.50567285313637],[21.99364241962431,65.50604895275046],[21.99159270258241,65.50650456913117],[21.98859064693626,65.50826653845199],[21.987303230829564,65.50832613914288],[21.987159645323626,65.50779180700735],[21.989495037999493,65.50678204854708],[21.990828417261163,65.5052776801622],[21.992401085541427,65.5046638457958],[21.986393965418458,65.50494203220579]],[[22.01822631298272,65.49733375748288],[22.02103653973131,65.49648167983247],[22.022752191276332,65.49640183552216],[22.022944509171097,65.49711422501169],[22.022086661825515,65.49715415089727],[22.021373023071263,65.49772836578758],[22.02166146556118,65.49879695286694],[22.018754898646876,65.49929284652784],[22.018422045851924,65.4996689966071],[22.01646595159065,65.49885829541677],[22.01822631298272,65.49733375748288]]],[[[22.008895349013777,65.5170483200441],[22.011685910355048,65.51657273697238],[22.012400258274706,65.51599856122226],[22.01073132139897,65.51625640217972],[22.010398148619814,65.5166325375433],[22.006916070166984,65.5166138494507],[22.00375463165412,65.51728747119395],[22.008895349013777,65.5170483200441]]],[[[21.916129109999996,65.52132654999998],[21.937599139999996,65.52034175],[21.936462418954036,65.51608024464575],[21.935080546406187,65.51614373227004],[21.93393514481438,65.516737274763],[21.932647161217684,65.51679641549148],[21.93274218055886,65.51715267789598],[21.93097733751716,65.5170533846927],[21.92902059571668,65.51786443537044],[21.928733699829998,65.51841853452204],[21.921911301695182,65.51891172961113],[21.92157680427158,65.51928768145227],[21.917854597688034,65.51999917004113],[21.915992030349642,65.52116633173156],[21.91470377932206,65.52122532219069],[21.913987116508284,65.52179905765863],[21.913128258750227,65.52183837469131],[21.912458928312244,65.52259024189036],[21.909929627088776,65.52288629289234],[21.90878335400875,65.52347965300024],[21.907924431519127,65.52351894109862],[21.90687611468951,65.52284566129471],[21.908593916334514,65.52276709252834],[21.909216002966932,65.5218371013993],[21.911173666868457,65.52102629833192],[21.910412683731607,65.51979897308705],[21.911653503904905,65.51956188063842],[21.91222803663727,65.51845373968217],[21.91337401495252,65.51786035618736],[21.91423274145821,65.51782103898628],[21.914949294147295,65.51724730334652],[21.91623734830799,65.51718831263773],[21.91633214554685,65.51754458741833],[21.91809697541426,65.5176440515931],[21.918621161546252,65.51798065330067],[21.92072052851978,65.51770414118336],[21.920625670725308,65.51734786972204],[21.922582641823652,65.5165369254743],[21.923443633410205,65.51487465846667],[21.925734712135498,65.51368772106288],[21.926355984111396,65.51275766698554],[21.927214519278238,65.5127182778898],[21.928886106655042,65.51083845718686],[21.934629127328513,65.50920733408798],[21.932847660000004,65.50252871000002],[21.923743016932857,65.50294560603247],[21.923841755894156,65.50331654993143],[21.922077880627384,65.503217143794],[21.91959795589559,65.50369147355049],[21.91692567468173,65.50507611623898],[21.917020428245102,65.50543239107307],[21.916162113888518,65.50547172024261],[21.915875065393365,65.50602579654891],[21.91425311102809,65.50646071431851],[21.913631542368023,65.50739072155478],[21.912438665537763,65.50780596380771],[21.913057287857946,65.5084988654496],[21.909478365442478,65.50974455309377],[21.909238467190704,65.510476758623],[21.908379972993227,65.51051604530612],[21.906852254485806,65.51130716866713],[21.90556446469474,65.51136607700161],[21.901508212384464,65.51245307501046],[21.90160278801147,65.51280936111527],[21.900362190114723,65.51304636908327],[21.900504035069932,65.51358079945945],[21.90346185227013,65.51326528525631],[21.903698372164072,65.51415599657977],[21.902123004860677,65.51476893311786],[21.902264897134742,65.51530336138349],[21.899830738921807,65.51595552391012],[21.89959052104289,65.51668771703864],[21.898731805210282,65.51672695102837],[21.898538828248228,65.51763728682688],[21.89734524422153,65.51805241656335],[21.895623664473458,65.5197537686594],[21.893523848402555,65.52002993667644],[21.891089028568594,65.5206819646656],[21.890754061331126,65.52105785269704],[21.88946574694763,65.52111662885697],[21.888469706443892,65.51899844619186],[21.89009287520474,65.51856379372359],[21.89076275927865,65.51781202028035],[21.893102843269457,65.51680370767508],[21.89329600592695,65.5158933770651],[21.894824404710015,65.51510238434484],[21.894588177034045,65.51421165643801],[21.891535689095143,65.51417070568242],[21.890389362276586,65.51476392701966],[21.88423232456488,65.51612656611154],[21.881939113196413,65.51731289455358],[21.88065095959094,65.5173715941624],[21.880556649805047,65.5170152925242],[21.883519928530408,65.51507724191492],[21.88299624974014,65.51474051388026],[21.88213756785647,65.51477965336117],[21.88194893317266,65.5140670519838],[21.87980227374357,65.51416487626413],[21.878226330471783,65.51477756927773],[21.876461822659323,65.5146776370028],[21.874503520870093,65.51548799688025],[21.8732154370901,65.51554663252978],[21.87422152690508,65.51422342137577],[21.861456364248458,65.51480427459634],[21.857710937571753,65.51607125005201],[21.8509345896783,65.51673941247702],[21.84974026759961,65.51715417340532],[21.84983415761486,65.51751049811482],[21.848881446341274,65.51719312540526],[21.84635188716538,65.51748811595601],[21.846016307816207,65.51786391056858],[21.844681118382436,65.51774414121674],[21.843486648914205,65.51815885413507],[21.843721176865458,65.51904967730361],[21.839856129726588,65.51922477240147],[21.840566900487847,65.52027431699645],[21.844096458319193,65.52047499324374],[21.84600203496471,65.52110979145287],[21.846370374855997,65.52415804020512],[21.84841713551325,65.52532729481574],[21.85047092078348,65.5248735823017],[21.851954180813454,65.52390484410516],[21.853578281092148,65.52347057484167],[21.860020856428434,65.52317810289915],[21.861121213318675,65.52240694395937],[21.862745063416554,65.52197257862449],[21.86412759821563,65.52227034271402],[21.86364503960694,65.52373463456863],[21.86498061567831,65.52385423294666],[21.864839430386272,65.52331976329445],[21.866174989997557,65.52343935128457],[21.866033782968547,65.52290488294463],[21.869040194145246,65.52276818385037],[21.869281320105262,65.52203603093272],[21.871193169723917,65.52104757848406],[21.871098972941585,65.52069126992606],[21.87391663137776,65.51984185997675],[21.87739920558373,65.51986360484439],[21.87935267883235,65.52067612786261],[21.880159397015507,65.5220817733705],[21.878512526068604,65.52304417873061],[21.894657299999995,65.52230831999998],[21.895724430611057,65.52632916583428],[21.898614133292266,65.52610813337338],[21.89956776527503,65.5264251841659],[21.901715343106634,65.52632707083542],[21.9030985377194,65.52662447261324],[21.90820533220608,65.52621068921708],[21.908871675594888,65.52708174461901],[21.910302368699686,65.52755721928506],[21.912974309557384,65.52779557317517],[21.91263957492452,65.52817150741556],[21.913498641908888,65.52813219120286],[21.913211312952576,65.52868626486024],[21.914117804432586,65.52882508320134],[21.91574113359969,65.5283901541666],[21.916457930795435,65.52781640919873],[21.917840005841587,65.52775311693561],[21.916129109999996,65.52132654999998]],[[21.914787237030577,65.52807320779026],[21.914357706037386,65.52809287014026],[21.91431029740915,65.52791473226569],[21.914787237030577,65.52807320779026]],[[21.906351976803087,65.52250901847424],[21.905445745819254,65.52237015116812],[21.90535107594998,65.52201386840922],[21.906734078560273,65.52231123877326],[21.906446662495696,65.52286530045576],[21.906351976803087,65.52250901847424]],[[21.865433816332875,65.51734299104531],[21.864575017158252,65.51738203192532],[21.864527971533107,65.51720387509155],[21.865433816332875,65.51734299104531]],[[21.865145566884685,65.51789698198081],[21.86471615828401,65.51791650229569],[21.8646691105337,65.5177383455274],[21.865145566884685,65.51789698198081]],[[21.86237485458453,65.51892438705148],[21.86103334326202,65.52042769561085],[21.858074159535885,65.52074239278251],[21.857456679216327,65.5200492559996],[21.858603995270133,65.51945627514633],[21.86237485458453,65.51892438705148]],[[21.843385540358593,65.5194254665991],[21.842956087020436,65.51944492556683],[21.84290918437943,65.51926676070038],[21.843385540358593,65.5194254665991]]],[[[21.954330879999993,65.42039751999998],[21.96236462002363,65.42002583451836],[21.962273357313915,65.4196835922539],[21.96422186836955,65.41887218839406],[21.964507032912554,65.41831803753189],[21.965504957213653,65.41881282522733],[21.96745330244774,65.41800138119248],[21.96735824576563,65.41764514040742],[21.96906893802252,65.4175659524027],[21.96935398673448,65.41701179347288],[21.970209310002367,65.41697219079536],[21.97134995060338,65.41800129703047],[21.970399497730856,65.41768466800569],[21.970209561422962,65.41859506741753],[21.96935418525617,65.41863467060082],[21.96859388291323,65.41903050882942],[21.9691166637471,65.41936694938468],[21.9678335576909,65.41942634344129],[21.96792489351828,65.419768585351],[21.972654598344757,65.41954976290823],[21.973726182871875,65.41879284242226],[21.974581556211056,65.41875321447021],[21.974486399461266,65.41839697914091],[21.975434876733082,65.41835303110858],[21.9709613,65.40159627000001],[21.94958992,65.40258488],[21.944856049999995,65.38477201999999],[21.92349717,65.3857568],[21.92329368222344,65.38498759226547],[21.916983064499096,65.39507152230682],[21.925856079999996,65.39466366999999],[21.92821676,65.40357047],[21.92166958824246,65.40387143580598],[21.91962490653506,65.404159921229],[21.921096135068712,65.40481349627143],[21.920571395713328,65.4060997868878],[21.921426452183322,65.40606046341271],[21.921520834869195,65.40641673954045],[21.920665766967115,65.40645606365919],[21.919144327939865,65.40724725328165],[21.919663325781695,65.40920678005902],[21.923414422078523,65.41029643510255],[21.927595851385163,65.40974341134243],[21.92902034439045,65.41021876851227],[21.930255846868082,65.40998157327687],[21.930350366443594,65.41033784254809],[21.93206071717197,65.41025907757084],[21.93224981056835,65.41097161326941],[21.930681207281612,65.41158478430167],[21.931203354089828,65.41192136228914],[21.929967770047117,65.412158566056],[21.930579209999994,65.41247721999997],[21.93294343,65.42138392],[21.918931433062653,65.42202813506104],[21.913742165416465,65.4244443467107],[21.911697315881472,65.42489883456136],[21.910316032930908,65.42622437140633],[21.908604562421452,65.42630290031647],[21.908270983926247,65.42667881468775],[21.90660661142107,65.42693546393784],[21.90670088365947,65.4272917502526],[21.90541721979001,65.4273506185718],[21.905083582578587,65.42772652644352],[21.902610417766102,65.42820051453474],[21.89880218734864,65.43017804725986],[21.898943458868132,65.4307124852832],[21.897847944064942,65.4314838750248],[21.898939335732795,65.4323354021843],[21.899508608554534,65.43285023540179],[21.896178868812065,65.43336333152817],[21.895177311573203,65.43449099759523],[21.894368349377114,65.43470832900344],[21.894697850808797,65.43595536167403],[21.895601007853244,65.43609432242553],[21.89673961799026,65.43712401121763],[21.898498940141437,65.43722375584396],[21.89859314693185,65.43758004777567],[21.89987733016487,65.43752123262247],[21.900827687064243,65.43783830672055],[21.905061146882975,65.43746400685944],[21.90525345643886,65.43655366771256],[21.906109533736338,65.436514421465],[21.909007956356735,65.43764364842974],[21.913194052562897,65.43709098017766],[21.91514228807213,65.43790309149001],[21.914333393667796,65.43812052926418],[21.914475033557114,65.43865494917114],[21.913332454899184,65.43924830984578],[21.913996593210186,65.44011936474817],[21.917849371448,65.43994249113567],[21.920990449624362,65.43871636357524],[21.926555174991382,65.43846059378893],[21.927269373877078,65.43788682120537],[21.928886912117836,65.43745180503112],[21.930599036821597,65.43737303983357],[21.931549750044322,65.43768991705865],[21.931739068834094,65.43840245092855],[21.930216165349723,65.43919376575407],[21.93073887697303,65.4395303398313],[21.92988274584749,65.43956972630174],[21.92959663697534,65.44012382040218],[21.927598171348976,65.44075666672748],[21.926358816779928,65.44261675474158],[21.925549875264114,65.44283425306105],[21.92578637779515,65.44372493107021],[21.92345397214536,65.44473367813909],[21.92259504859377,65.44639592773113],[21.92149960916533,65.44716748822614],[21.92216423328562,65.4480385024654],[21.919445552473228,65.44905104386943],[21.928835820451592,65.44861922428247],[21.93077776505175,65.44620006634754],[21.9271180994071,65.44384401743079],[21.927501237425176,65.44202329698959],[21.928262822523628,65.44162765395268],[21.929594446872546,65.44174671939005],[21.929927896602734,65.44137075920665],[21.93159293709482,65.44111384640881],[21.933305291152305,65.4410350483396],[21.933828080062206,65.44137161097387],[21.934684262869222,65.44133220163366],[21.935398356247248,65.44075839161214],[21.937063301012202,65.44050141937095],[21.936873819175865,65.43978889375421],[21.935970327805446,65.43965018321802],[21.935352832166565,65.4389573638715],[21.936019488574875,65.43820541959494],[21.937636895523056,65.43777031088572],[21.937494789287022,65.43723591716332],[21.938350830366137,65.43719648836533],[21.940587219769743,65.43583126258189],[21.94144320936277,65.43579181673012],[21.94153799348447,65.43614807631354],[21.94277458871666,65.43591076821696],[21.943534425244614,65.43713794317163],[21.944390452136854,65.43709848024831],[21.946340798391176,65.43628729020226],[21.94624594840133,65.43593103426326],[21.94791047527188,65.43567394631141],[21.94776817338762,65.43513956411013],[21.949955500472058,65.43521896605412],[21.95143011470481,65.43424933388752],[21.952713990952322,65.43419007205806],[21.954996847448392,65.4330027677479],[21.954950017069756,65.43120175818903],[21.956872444149628,65.42993217669144],[21.954330879999993,65.42039751999998]],[[21.966883046507068,65.41748681380568],[21.967310718493803,65.41746701998146],[21.96735824576563,65.41764514040742],[21.966883046507068,65.41748681380568]],[[21.9447236317494,65.436722489921],[21.944295625100416,65.4367422228702],[21.944248212649644,65.43656409414787],[21.9447236317494,65.436722489921]],[[21.931725514461107,65.41225793833763],[21.931297894975824,65.41227763075204],[21.931250624178396,65.41209949653165],[21.931725514461107,65.41225793833763]],[[21.92930617338041,65.40966467788203],[21.928878593944276,65.4096843630558],[21.928831345212526,65.40950622785948],[21.92930617338041,65.40966467788203]],[[21.928403767926554,65.40952591166636],[21.92797618993216,65.40954559426748],[21.927928947626075,65.40936745872688],[21.928403767926554,65.40952591166636]],[[21.923472361815808,65.40398295439691],[21.922617376705528,65.40402228879803],[21.922570182775722,65.40384415110236],[21.923472361815808,65.40398295439691]],[[21.921901173204212,65.40621893778074],[21.922328702528365,65.40619927286828],[21.922375899941088,65.40637741059922],[21.921901173204212,65.40621893778074]],[[21.922375899941088,65.40637741059922],[21.922850632394006,65.40653588186815],[21.92242309806145,65.40655554830815],[21.922375899941088,65.40637741059922]],[[21.916331991891848,65.43748785731036],[21.91590394696239,65.43750751009489],[21.915856725746607,65.43732937065964],[21.916331991891848,65.43748785731036]],[[21.910743898789402,65.4262047361618],[21.910791061065,65.42638287778854],[21.910363192343397,65.42640251319386],[21.910743898789402,65.4262047361618]],[[21.909079581933124,65.42646141216899],[21.90912673346368,65.42663955441691],[21.908698859048695,65.42665918515576],[21.909079581933124,65.42646141216899]]],[[[22.33680241623472,65.62528345186739],[22.336546111931725,65.62471534093928],[22.335405436008806,65.62531186638455],[22.33680241623472,65.62528345186739]]],[[[22.2491305608734,65.62405470429924],[22.24784426749375,65.62447707074634],[22.246982642082273,65.6245183094928],[22.246882843334042,65.62416229513823],[22.245590416980875,65.62422414312068],[22.245690198311934,65.62458015849363],[22.243304792456623,65.62541585819868],[22.24383538527726,65.62575126648066],[22.243123340202338,65.6263265089595],[22.24380360028103,65.62719594285569],[22.243789924524993,65.63026330380681],[22.244751542780264,65.63057809712096],[22.244901242788206,65.63111212068995],[22.244039391723913,65.63115334490526],[22.24466991658065,65.63184476517539],[22.243808040771132,65.63188598831607],[22.24390783314962,65.63224200473644],[22.24476972057835,65.63220078091682],[22.244438578445024,65.63257740942007],[22.245300475985243,65.63253618248888],[22.24520066316171,65.63218016718257],[22.248267166497076,65.63221384346333],[22.249460113186732,65.63179595695358],[22.25127746143239,65.63170894143119],[22.2491305608734,65.62405470429924]],[[22.24629383493236,65.63140628981982],[22.24634374666483,65.63158429707126],[22.245912815057938,65.63160491394503],[22.24629383493236,65.63140628981982]],[[22.245962724639885,65.63178292134234],[22.246012634975965,65.63196092871571],[22.245581696805555,65.63198154471277],[22.245962724639885,65.63178292134234]]],[[[22.24882717,65.62297303999999],[22.26267020733896,65.62230932058036],[22.26551807051749,65.6205632663714],[22.26377582447287,65.61902326604084],[22.261372353414075,65.61823656708097],[22.259942184087713,65.61469718395388],[22.26070351691298,65.61429987113048],[22.26073438519903,65.61285520003496],[22.265501623322415,65.61118324980605],[22.264390530427207,65.61033458151192],[22.260946011588263,65.61049986374476],[22.260615365588034,65.61087652276979],[22.25650932120782,65.61179502239784],[22.256228529667748,65.61234967632404],[22.254125426307056,65.61263087759762],[22.253413955981483,65.61320616283193],[22.251741377142814,65.6134666968217],[22.250218456054697,65.61426123115834],[22.250318254657902,65.61461724334247],[22.24902631260276,65.6146791158991],[22.250368155089717,65.61479524939867],[22.25094851835271,65.61530864012856],[22.248745332494796,65.61523375778783],[22.247784246796744,65.61491898459278],[22.243096863047796,65.61532372773421],[22.24491924554432,65.61559731166643],[22.25013710325139,65.61552789963385],[22.25033671296797,65.61623992391578],[22.248813589979395,65.61703444609228],[22.248913382180145,65.61739045925646],[22.24800210299873,65.61725369487196],[22.247371866954374,65.61656228558529],[22.23860861555035,65.6164403703185],[22.237366365115808,65.6166801554938],[22.234583006003454,65.61609162295078],[22.21879619019037,65.61738636994481],[22.21717265504906,65.61782454740484],[22.211092708297482,65.61793386500034],[22.209518633987418,65.61854998371348],[22.207795626859255,65.61863201871554],[22.20411719120823,65.61952862317374],[22.20335482643567,65.61992566179175],[22.20365238439722,65.62099380806129],[22.204994374420195,65.62111034146882],[22.203271180378476,65.62119232688744],[22.202939561860564,65.62156886939701],[22.20164713879677,65.62163034305803],[22.201018015328344,65.62093873066326],[22.197754636959175,65.62019198049917],[22.195169891454913,65.62031482751907],[22.193644814707724,65.62110881433362],[22.18895537940846,65.62151190416238],[22.18905437245775,65.62186796423939],[22.18743004046223,65.62230583101984],[22.18441418762048,65.62244894609596],[22.17689215731822,65.62208412428299],[22.175366409458356,65.62287793377818],[22.1747517085983,65.62380893992163],[22.17020958187817,65.62474556567672],[22.165887431691527,65.62332677417909],[22.163733068229792,65.62342870126297],[22.16401595481006,65.62287419901617],[22.162144542423352,65.62242160015356],[22.161565752065982,65.62190785506374],[22.16223019972887,65.62115493870789],[22.16153990585736,65.61866236902607],[22.163065843959362,65.6178686967186],[22.16291791693025,65.61733457577776],[22.16401297611289,65.6165612734277],[22.163815727579333,65.61584911348302],[22.162043427485226,65.61575258867401],[22.16174765116182,65.61468434388644],[22.16531517030828,65.61180993889108],[22.165216548448036,65.61145385975931],[22.163493843512864,65.61153538873869],[22.16072548184294,65.61256822452962],[22.161833323495777,65.6134176824296],[22.161119761545887,65.61399255431776],[22.161464795364644,65.61523884165176],[22.160603311914162,65.61527958853627],[22.161132635996985,65.61561529792185],[22.15955748364305,65.61623090847199],[22.158991636428365,65.61733989658703],[22.15413019067972,65.62027523600213],[22.154708797020014,65.62078901121856],[22.153847116878378,65.62082972161762],[22.15223458011382,65.62288996601067],[22.15296097157081,65.62393788055634],[22.151249688907836,65.62564202849612],[22.151594435855024,65.62688834087115],[22.150732547601432,65.62692903556979],[22.15126199211363,65.62726477820334],[22.153035048661998,65.62736142171447],[22.15413081352206,65.62658818402811],[22.157147347356762,65.62644566433897],[22.157245927245523,65.62680174906656],[22.15810779897633,65.62676101753573],[22.158206393467403,65.62711710149874],[22.160028771953822,65.62739170502402],[22.160656977344768,65.62808349599864],[22.163722979286888,65.62811888513667],[22.163624304623077,65.62776280552906],[22.165397433317988,65.62785930392064],[22.16572967715693,65.62748283754752],[22.167022493457676,65.62742166606365],[22.16773627592436,65.62684676437111],[22.168598129312286,65.62680597344098],[22.168499393860877,65.62644989758154],[22.17012431273157,65.62601222785803],[22.1699761847611,65.62547811576742],[22.179123848619856,65.62540550745148],[22.180317632870914,65.62498815654352],[22.180119860489057,65.62427602289821],[22.182655626943625,65.62397539520086],[22.182472047088805,65.62488599352207],[22.181278303091304,65.62530336099219],[22.182005933981113,65.62635112450168],[22.179816044989668,65.62789797864849],[22.181638693141,65.62817232008364],[22.182733625885408,65.62739888392733],[22.183595469175433,65.62735800792527],[22.184739788279185,65.62676259013374],[22.18459135478227,65.62622849525614],[22.187162201916223,65.6244830971602],[22.194006487363744,65.62397773178819],[22.194818654351014,65.62375876536593],[22.194719573656403,65.62340270989894],[22.19763635034024,65.62290333639464],[22.19916140504849,65.62210930968506],[22.20385077135396,65.62170590510087],[22.20542517105755,65.62108984207435],[22.207628765496516,65.62116534961604],[22.208208441225516,65.62167891036675],[22.214239615040192,65.62139167958222],[22.21844811243375,65.62083033189067],[22.21864690319945,65.62154240567442],[22.221231636769172,65.62141915883328],[22.223667144606495,65.62076181900875],[22.223998449844146,65.62038523423635],[22.226102527670395,65.62010444129277],[22.226814791827184,65.61952927655723],[22.23064173549615,65.61916617103383],[22.23140365292733,65.61876899965905],[22.234749888144062,65.61824835134584],[22.23503119810674,65.61769373221108],[22.236273519248137,65.61745396547505],[22.236124091255757,65.61691993072293],[22.24656038189649,65.61678152663505],[22.24805199367371,65.61743170178158],[22.247440037817878,65.61836297533152],[22.246297545695235,65.61895884802861],[22.24543610022038,65.61900007625226],[22.244873891085668,65.62010934858576],[22.243300510452254,65.62072581099278],[22.243699463651026,65.62214987980657],[22.245041673539145,65.62226605686065],[22.246252458462376,65.62347088267329],[22.248969649999424,65.62348101681225],[22.24882717,65.62297303999999]],[[22.167045271760664,65.62435422667957],[22.167143977692803,65.62471030377442],[22.168337928705494,65.62429304551344],[22.16891690773843,65.62480676295056],[22.166331539322623,65.6249291246565],[22.16604868255826,65.62548363092377],[22.163463230535335,65.62560594456333],[22.16326591430912,65.6248937846117],[22.164029046128256,65.62449694016175],[22.167045271760664,65.62435422667957]]],[[[22.272869189999998,65.63084023],[22.294412919999992,65.62980408999998],[22.293674419084073,65.62718662230839],[22.29174601743548,65.6268794162593],[22.288278635087494,65.62542268699201],[22.288107222676736,65.62326606231974],[22.286915301293202,65.62368424258365],[22.28174611063768,65.62393292733788],[22.28012327484726,65.62437177146866],[22.279842870172118,65.62492646527348],[22.277638805830897,65.62485201113584],[22.276596953805733,65.62580409783784],[22.273300729992243,65.62650366644169],[22.272439086169584,65.62654504991387],[22.271522529623663,65.62605319730244],[22.272869189999998,65.63084023]]],[[[22.258124667162594,65.63154722133018],[22.258178583001918,65.63173919216412],[22.25504116159653,65.63169507363614],[22.255262055160042,65.63223972680802],[22.25622388336699,65.63255444539182],[22.2574667031751,65.63231450031097],[22.257316736552287,65.63178049173072],[22.257897635490927,65.63229385062562],[22.26038319435594,65.631813923658],[22.260352343944344,65.63325859434623],[22.25949045125681,65.63329990670394],[22.259640473132475,65.633833912596],[22.258066637650046,65.63445053247436],[22.25618063575577,65.6370664647321],[22.257292659351332,65.63791518400446],[22.259016756414603,65.63783257633838],[22.258454768709395,65.63894189669891],[22.25926733777932,65.64051243180509],[22.267539114711614,65.64011577346463],[22.268187893041592,65.63937723003578],[22.267436780154245,65.6367072511482],[22.268579536476988,65.63611121678655],[22.274206400788778,65.63559004883335],[22.272869189999998,65.63084023],[22.258124667162594,65.63154722133018]]],[[[22.294412919999992,65.62980408999998],[22.29485450055069,65.6301574521891],[22.2956450398727,65.62974465181647],[22.294412919999992,65.62980408999998]]],[[[22.236513806387972,65.57897300735065],[22.23423286298509,65.5789476959262],[22.23408374325994,65.57841365603704],[22.234844446867367,65.57801647903598],[22.234148584026624,65.57552429412374],[22.231799765134518,65.57491509183704],[22.229699386199297,65.57519592805934],[22.229302065497237,65.57377180620368],[22.22963272761762,65.57339521523485],[22.230492694987117,65.57335409106128],[22.230343690554882,65.57282004635167],[22.231583934658513,65.57258033807112],[22.23295601798561,65.57125196627842],[22.237006898065328,65.5701561447502],[22.237088874862188,65.56888947691526],[22.235749467531523,65.56877320229688],[22.234740598133445,65.56828031491398],[22.237220549250747,65.56780082142566],[22.237931196213413,65.5672256199918],[22.239220817029555,65.56716386445818],[22.239799845134357,65.56767731095117],[22.241519360735104,65.567594946381],[22.24437923284088,65.56691673318485],[22.245039943923306,65.56616349066911],[22.246429014870287,65.56645769285143],[22.251686803715604,65.56656633163878],[22.253836047994447,65.56646320566927],[22.25454628789016,65.5658879302673],[22.256215801560604,65.56562739512228],[22.256365286528034,65.56616140968569],[22.25522523012427,65.56675732609611],[22.255374702613903,65.56729134175528],[22.25456480266195,65.56751061026243],[22.254813913365645,65.56840063745892],[22.25400397447252,65.56861990334596],[22.254203256445454,65.56933192593368],[22.253162647239144,65.5702838398924],[22.253081453962512,65.57155050873982],[22.25232121804731,65.57194777274317],[22.252850794207355,65.57228315949115],[22.25204071898884,65.57250241620531],[22.25185983789683,65.57341307216376],[22.2548197289595,65.5730906709236],[22.255579958406134,65.57269339444805],[22.255330772011654,65.57180336927284],[22.257050500606944,65.57172082632187],[22.258950846801397,65.57072760220552],[22.25870156794903,65.56983758346776],[22.257841770456743,65.56987886610366],[22.257642384014495,65.56916684932553],[22.25893204445684,65.56910492558845],[22.26083213179611,65.56811168038276],[22.264700908717845,65.56792579675948],[22.267130339511745,65.56726781829686],[22.267030529950528,65.56691181718877],[22.268369964929207,65.56702781493378],[22.2703194619816,65.56621245567713],[22.26973987194415,65.56569913138868],[22.273458380230153,65.56497903039187],[22.278725885160977,65.56201940462735],[22.279585383430632,65.56197800638576],[22.277566596531397,65.560992819214],[22.275797703835597,65.56089759014215],[22.27422857976949,65.56151433189218],[22.273269218154617,65.5611997032513],[22.269301699879957,65.56102979566374],[22.255549551972088,65.56169065005076],[22.248342941117468,65.56239724025535],[22.237896253795913,65.56398023567863],[22.237135996330064,65.56437742369741],[22.23503652435209,65.56465832509569],[22.23399538312021,65.5656101125577],[22.230077037302305,65.56561719594337],[22.229316611660707,65.566014346342],[22.223877153796774,65.56681556121892],[22.219826213029503,65.56791103224974],[22.215626254432962,65.56847233587368],[22.21577492723557,65.56900639828056],[22.21754419268105,65.5691023247808],[22.218982707057787,65.5695747999338],[22.219181040802475,65.57028687770783],[22.217659561952825,65.57108107133642],[22.21785787336999,65.57179315105158],[22.224224725891865,65.57275177191447],[22.22457211960269,65.57399789279563],[22.224009880237407,65.57510708839109],[22.222868687087878,65.57570277221186],[22.22356347639996,65.57819501931432],[22.222703336010817,65.5782361058334],[22.221992060429933,65.5788112418707],[22.221131896700605,65.5788523196958],[22.218418899694104,65.58006417108032],[22.218865349609942,65.58166634530923],[22.21972561059586,65.58162527940777],[22.22030459611017,65.58213880076636],[22.220635489447908,65.58176222721671],[22.226227131027727,65.58149514678371],[22.22698804458963,65.5810980071977],[22.22716983759126,65.58018737218123],[22.228460130959462,65.5801257017373],[22.22875817017202,65.58119379436397],[22.232199058365588,65.58102927833886],[22.234200453342257,65.58039237677357],[22.235920829749134,65.58031006739803],[22.235771666002456,65.57977602960294],[22.236688728631623,65.57959878884041],[22.236513806387972,65.57897300735065]],[[22.269789792051483,65.56587713090957],[22.268930146429383,65.5659184749972],[22.268880232097825,65.56574047513654],[22.269789792051483,65.56587713090957]],[[22.2681621639545,65.5616258043628],[22.26859191709198,65.56160513578938],[22.268641819899322,65.56178313586179],[22.2681621639545,65.5616258043628]],[[22.268641819899322,65.56178313586179],[22.26912148161798,65.56194046578493],[22.268691723458666,65.56196113591027],[22.268641819899322,65.56178313586179]],[[22.26650088703343,65.56657648065739],[22.26607104991684,65.5665971441175],[22.265971257925145,65.56624114213838],[22.26650088703343,65.56657648065739]],[[22.25760496416537,65.5659214939153],[22.257175129346177,65.56594213210774],[22.257125295247242,65.56576412759244],[22.25760496416537,65.5659214939153]],[[22.256545973439202,65.56525075020465],[22.25611614867057,65.56527138529378],[22.256066323351977,65.56509338034367],[22.256545973439202,65.56525075020465]]],[[[21.91897064393944,65.4503488772077],[21.916304977737106,65.45209401430648],[21.916446749176114,65.45262843098925],[21.917778888640644,65.45274759578102],[21.917445126456247,65.45312353199849],[21.918730020311703,65.45306454972388],[21.91925287337719,65.45340116216158],[21.91977445665422,65.45337721005869],[21.91897064393944,65.4503488772077]]],[[[21.87423086785394,65.52724493655738],[21.872983447768938,65.52781742446726],[21.87169475159301,65.52787605285705],[21.867487462382,65.53005064132182],[21.86686369597094,65.53098047619565],[21.865192282653794,65.5312367338826],[21.862896894867358,65.53242279354065],[21.86299103080188,65.53277910768806],[21.86184324579244,65.5333721260079],[21.862078565320882,65.53426291307238],[21.86121920338485,65.53430194011872],[21.861313324597717,65.53465825543311],[21.863508829147836,65.53473883393792],[21.862502185148312,65.53586632841345],[21.86675211181614,65.53549295038906],[21.86985981312202,65.53408960575543],[21.869765577711608,65.53373329681466],[21.87091319450712,65.53314021999121],[21.87048911143528,65.53153683241945],[21.87531728032768,65.53135114211486],[21.87423086785394,65.52724493655738]]],[[[21.89903352727194,65.43269169401631],[21.898939335732795,65.4323354021843],[21.898511359167934,65.43235500499298],[21.89903352727194,65.43269169401631]]],[[[22.359092590616605,65.84175730409956],[22.357687224123318,65.84146429441824],[22.35789191953173,65.84217612616993],[22.358862976556033,65.84249010423915],[22.359680489686795,65.84227020451402],[22.359092590616605,65.84175730409956]]],[[[22.356252641814418,65.83034701878987],[22.35663565223552,65.83014809881546],[22.3562015063805,65.83016905995486],[22.356252641814418,65.83034701878987]]],[[[22.34051985316458,65.83381211797531],[22.341005114453246,65.83396916554602],[22.340954075799193,65.83379120068693],[22.34051985316458,65.83381211797531]]],[[[22.313195745370667,65.81058926778903],[22.311229556994498,65.81140533928632],[22.311866567070375,65.81209641678845],[22.312531175166843,65.81134284355622],[22.314317455920065,65.81143747479935],[22.314548117113148,65.81070473171157],[22.313195745370667,65.81058926778903]]],[[[22.251952484209227,65.69824320379594],[22.25253484680452,65.69875656890049],[22.253398930447638,65.69871527493495],[22.2531984707333,65.6980032632549],[22.251952484209227,65.69824320379594]]],[[[22.23874035428903,65.6153517132286],[22.238409325148833,65.61572832752506],[22.243096863047796,65.61532372773421],[22.23874035428903,65.6153517132286]]],[[[22.334543951410634,65.62535360093024],[22.334214207141443,65.62573041132735],[22.335075704868384,65.62568867852532],[22.335405436008806,65.62531186638455],[22.334543951410634,65.62535360093024]]],[[[22.25190237918214,65.69806520032883],[22.251520449253235,65.69826384721762],[22.251952484209227,65.69824320379594],[22.25190237918214,65.69806520032883]]],[[[22.625868747737947,65.77033599135052],[22.625815897117086,65.77015814121314],[22.625435875631737,65.77035770516618],[22.625868747737947,65.77033599135052]]],[[[22.618027112687063,65.80755103741679],[22.618566401800962,65.80788504295734],[22.618460616967432,65.8075293383458],[22.618027112687063,65.80755103741679]]],[[[22.617487837737965,65.80721702982984],[22.617593607602917,65.80757273526392],[22.618027112687063,65.80755103741679],[22.617487837737965,65.80721702982984]]],[[[22.592736157098784,65.80682936975087],[22.592788869845446,65.80700723275089],[22.593222390481426,65.80698560523494],[22.592736157098784,65.80682936975087]]],[[[22.5896556245633,65.72215222312761],[22.589223522289085,65.72217382638432],[22.589276003419105,65.72235169282054],[22.5896556245633,65.72215222312761]]],[[[22.585831581430302,65.7210799405339],[22.5853994932215,65.72110153278997],[22.585451945445488,65.72127940083293],[22.585831581430302,65.7210799405339]]],[[[22.57944219505931,65.72320397631307],[22.57901006496059,65.72322555084273],[22.579062478439347,65.72340342147675],[22.57944219505931,65.72320397631307]]],[[[22.575435535593332,65.73044293460622],[22.575487942092536,65.73062080654739],[22.575920199288902,65.73059924075083],[22.575435535593332,65.73044293460622]]],[[[22.483994972897754,65.62417410006343],[22.484098018751308,65.62452992398076],[22.484528601563422,65.62450863438255],[22.483994972897754,65.62417410006343]]],[[[22.446556156257763,65.67762898331132],[22.447039054333313,65.67778571693871],[22.446987657799934,65.67760779116193],[22.446556156257763,65.67762898331132]]],[[[22.45978265539261,65.8532833385663],[22.459730748768667,65.85310542207927],[22.459296317020144,65.85312667908067],[22.45978265539261,65.8532833385663]]],[[[22.457792831525467,65.86005755989513],[22.457046854271827,65.85901130827837],[22.455256822911622,65.85891838418745],[22.45449152176347,65.85931671052697],[22.453375884769894,65.86153670428945],[22.451254842421672,65.86182081362068],[22.451358581401394,65.86217665305222],[22.449827643307366,65.86297326609848],[22.44975606490145,65.86423993932017],[22.45062532223067,65.86419747452547],[22.45116369740956,65.86453207976565],[22.452694683526634,65.86373545287313],[22.45259091849286,65.86337961459995],[22.457792831525467,65.86005755989513]]],[[[22.44963993292086,65.86081699109046],[22.449743644679508,65.86117283188076],[22.450178221891342,65.8611516006335],[22.44963993292086,65.86081699109046]]],[[[22.40065134380085,65.78597401608454],[22.401136041867257,65.78613087799236],[22.401084702165978,65.78595293617802],[22.40065134380085,65.78597401608454]]],[[[22.42109977520038,65.7867824120235],[22.42153312702474,65.78676127406726],[22.421481645112145,65.78658334050901],[22.42109977520038,65.7867824120235]]],[[[22.42055032198367,65.79095943665571],[22.42011689864881,65.79098057251284],[22.420168381699963,65.79115850652025],[22.42055032198367,65.79095943665571]]],[[[22.412103521271025,65.81952015048562],[22.411669609026706,65.81954126706614],[22.411721102346583,65.81971920382036],[22.412103521271025,65.81952015048562]]],[[[22.393700204996705,65.65964574260187],[22.39413145928906,65.6596247029688],[22.394080468896345,65.65944675536124],[22.393700204996705,65.65964574260187]]],[[[22.372023358768995,65.86982116579314],[22.372074698575997,65.86999911734904],[22.372509501740826,65.86997810479154],[22.372023358768995,65.86982116579314]]],[[[22.366083555888146,65.69003937302375],[22.365651768072556,65.69006033823135],[22.365702635790893,65.69023829655782],[22.366083555888146,65.69003937302375]]],[[[22.363666799170453,65.67698549628737],[22.363768446335847,65.67734141512412],[22.364631601199424,65.67729949828721],[22.363666799170453,65.67698549628737]]],[[[22.36031803383443,65.83989384347262],[22.36042040886607,65.84024975736024],[22.36128903170391,65.8402078066878],[22.361186644857785,65.83985189349536],[22.36031803383443,65.83989384347262]]],[[[22.36162094920035,65.83983091666569],[22.361135452603882,65.83967393686211],[22.361186644857785,65.83985189349536],[22.36162094920035,65.83983091666569]]],[[[22.361264275608423,65.84165243580965],[22.360829940168998,65.84167341192261],[22.360881135089492,65.84185136863177],[22.361264275608423,65.84165243580965]]],[[[22.35801541951818,65.83188575488631],[22.359317936284388,65.83182285153545],[22.359266776135556,65.83164489396455],[22.35801541951818,65.83188575488631]]],[[[22.358091529182545,65.83061908238334],[22.357657376808827,65.83064004772429],[22.357708523431807,65.83081800596432],[22.358091529182545,65.83061908238334]]],[[[22.35753009736312,65.83172876195042],[22.357964268224116,65.83170779679435],[22.357913117708602,65.83152983867768],[22.35753009736312,65.83172876195042]]],[[[22.357606230964308,65.83046208945954],[22.35717208076346,65.83048305339994],[22.357223223656664,65.83066101183836],[22.357606230964308,65.83046208945954]]],[[[22.355256966548065,65.83147765098484],[22.35747894979919,65.8315508036601],[22.356406052785978,65.83088089514685],[22.35510357513508,65.83094377328729],[22.355256966548065,65.83147765098484]]],[[[22.357120938648656,65.8303050949369],[22.356686790620703,65.8303260574768],[22.356737929784217,65.83050401611351],[22.357120938648656,65.8303050949369]]],[[[22.35083698998832,65.73786968237744],[22.350404388632736,65.73789061217646],[22.35045526468559,65.73806857549694],[22.35083698998832,65.73786968237744]]],[[[22.350737339104413,65.83873237527165],[22.349868745420338,65.83877426566295],[22.34991985760431,65.83895222683542],[22.350737339104413,65.83873237527165]]],[[[22.34900014862353,65.83881615114467],[22.349051254900225,65.83899411266422],[22.349485556641348,65.83897317036352],[22.34900014862353,65.83881615114467]]],[[[22.34828458566351,65.83019022667612],[22.348718739617787,65.83016928796768],[22.34866765669053,65.82999132610857],[22.34828458566351,65.83019022667612]]],[[[22.348465709527314,65.86608622660614],[22.348030948640282,65.8661071703839],[22.348082113397393,65.86628513165384],[22.348465709527314,65.86608622660614]]],[[[22.34800366666941,65.83074505062798],[22.347569502305596,65.83076598740291],[22.34762057948805,65.83094394968384],[22.34800366666941,65.83074505062798]]],[[[22.34843783025578,65.83072411262611],[22.34838674794754,65.83054615066744],[22.34800366666941,65.83074505062798],[22.34843783025578,65.83072411262611]]],[[[22.347186411395143,65.83096488540522],[22.34723748640334,65.83114284783503],[22.34767165744796,65.83112191194022],[22.347186411395143,65.83096488540522]]],[[[22.343171678151528,65.86760414281227],[22.34306941112117,65.86724821637631],[22.342634625295677,65.86726914504487],[22.343171678151528,65.86760414281227]]],[[[22.34422034257285,65.86665153471985],[22.345908282462926,65.86638983297605],[22.34593387195876,65.86801242925152],[22.34746838923861,65.86721682358649],[22.347263742978402,65.8665049774624],[22.3463430502092,65.86636889516963],[22.344629614195856,65.86500800432817],[22.342327860673958,65.86620136410454],[22.342430112430815,65.86655729118314],[22.343350792584193,65.86669339716077],[22.342532367304674,65.86691321816323],[22.34306941112117,65.86724821637631],[22.34422034257285,65.86665153471985]]],[[[22.34506427927175,65.86805430184461],[22.345166577786074,65.86841022664542],[22.345601380441757,65.86838929061615],[22.34593387195876,65.86801242925152],[22.34506427927175,65.86805430184461]]],[[[22.344731774350727,65.86843116144556],[22.3447829218161,65.86860912398262],[22.345217728212706,65.86858818900885],[22.344731774350727,65.86843116144556]]],[[[22.344459059480776,65.79843958631919],[22.3448926824106,65.79841866357235],[22.344841701509434,65.79824069943776],[22.344459059480776,65.79843958631919]]],[[[22.34292843249346,65.79923512481064],[22.343362070297797,65.79921420627183],[22.343311098071442,65.79903624154298],[22.34292843249346,65.79923512481064]]],[[[22.342302093877038,65.86764599961455],[22.342353222639076,65.86782396314275],[22.342788018127123,65.86780303518259],[22.342302093877038,65.86764599961455]]],[[[22.34238013153749,65.70057035920868],[22.342329399641933,65.70039239177382],[22.341897416109962,65.70041329141816],[22.34238013153749,65.70057035920868]]],[[[22.339406922475288,65.70089460093261],[22.337577538539968,65.70062222078617],[22.338161640166717,65.70113524074026],[22.339076348651304,65.70127142989057],[22.339406922475288,65.70089460093261]]],[[[22.334574193762794,65.740820676258],[22.334624967770424,65.7409986458469],[22.335057636496487,65.7409777602295],[22.334574193762794,65.740820676258]]],[[[22.332491202535305,65.62581386234704],[22.332541691662634,65.62599183547107],[22.3342647078725,65.6259083837644],[22.332491202535305,65.62581386234704]]],[[[22.33168017898215,65.62603355403208],[22.33173066306999,65.62621152747516],[22.332592181552524,65.62616980857075],[22.33168017898215,65.62603355403208]]],[[[22.331299902684965,65.62623238510427],[22.3313503846342,65.62641035869466],[22.331781147920324,65.6263895008939],[22.331299902684965,65.62623238510427]]],[[[22.32552139153636,65.6274141440144],[22.322024658442583,65.62740285475438],[22.32131432702378,65.62797844701807],[22.320452726772253,65.62802010268834],[22.319792752208162,65.62877366624592],[22.32232719687036,65.62847071799777],[22.323417882929242,65.6276963098651],[22.32901812305233,65.62742535271221],[22.33053933268398,65.62663004455943],[22.32552139153636,65.6274141440144]]],[[[22.33140086734591,65.6265883322607],[22.330488855774593,65.62645207065],[22.33053933268398,65.62663004455943],[22.33140086734591,65.6265883322607]]],[[[22.329216603212284,65.78510150724097],[22.32893570802374,65.78565629595347],[22.32980255356921,65.7856145413132],[22.33051684158766,65.78503887132489],[22.329216603212284,65.78510150724097]]],[[[22.330950252834196,65.78501799023732],[22.33046599165415,65.78486090112585],[22.33051684158766,65.78503887132489],[22.330950252834196,65.78501799023732]]],[[[22.329165762100537,65.78492353652379],[22.32873235070426,65.7849444125409],[22.328783188875388,65.78512238343077],[22.329165762100537,65.78492353652379]]],[[[22.318701912819414,65.629548049816],[22.318651510154645,65.62937007124795],[22.31822068476566,65.62939089238164],[22.318701912819414,65.629548049816]]],[[[22.31832148505211,65.62974684983628],[22.318271084528206,65.62956887112111],[22.317840255475662,65.62958969121053],[22.31832148505211,65.62974684983628]]],[[[22.317941051480215,65.62994564895939],[22.317890653097283,65.62976767009712],[22.317459820381146,65.62978848914223],[22.317941051480215,65.62994564895939]]],[[[22.317079379481992,65.62998728617677],[22.317129772821477,65.63016526535752],[22.31756061210363,65.63014444718529],[22.317079379481992,65.62998728617677]]],[[[22.317230561784267,65.63052122364623],[22.31718016692224,65.63034324451404],[22.31674932397637,65.63036406164193],[22.317230561784267,65.63052122364623]]],[[[22.31685010865669,65.63072002022479],[22.3167997159359,65.6305420409455],[22.31636886932629,65.63056285702906],[22.31685010865669,65.63072002022479]]],[[[22.316469649723988,65.63091881590613],[22.316419259144514,65.63074083647973],[22.31598840887112,65.63076165151888],[22.316469649723988,65.63091881590613]]],[[[22.31608918498602,65.63111761069014],[22.316038796547975,65.63093963111668],[22.315607942610765,65.63096044511144],[22.31608918498602,65.63111761069014]]],[[[22.31570871444268,65.63131640457685],[22.315658328146128,65.63113842485627],[22.315227470545068,65.63115923780663],[22.31570871444268,65.63131640457685]]],[[[22.315328238093855,65.63151519756622],[22.315277853938884,65.63133721769857],[22.314846992673942,65.63135802960448],[22.315328238093855,65.63151519756622]]],[[[22.31263275370253,65.81169879700815],[22.3130666307771,65.81167796230099],[22.313015838175247,65.81149998575972],[22.31263275370253,65.81169879700815]]],[[[22.311349717889684,65.63134649964877],[22.310487986708036,65.63138810001747],[22.310538338170712,65.63156608179374],[22.311349717889684,65.63134649964877]]],[[[22.310846459816172,65.81160414617233],[22.31089723767916,65.81178212357598],[22.311331117843686,65.81176129377315],[22.310846459816172,65.81160414617233]]],[[[22.30956494311509,65.78243851035461],[22.309615643125532,65.78261648895197],[22.310049033991575,65.78259566746566],[22.30956494311509,65.78243851035461]]],[[[22.28967138724346,65.62571645650216],[22.28962119234787,65.62553846628263],[22.28919040249631,65.62555920465334],[22.28967138724346,65.62571645650216]]],[[[22.247168601757494,65.69991488755693],[22.245972534019117,65.70033278591362],[22.246072673883894,65.70068879740484],[22.24775090987346,65.70042827149526],[22.24831454735512,65.69931897531029],[22.24745043381441,65.69936024067596],[22.247168601757494,65.69991488755693]]],[[[22.233446595287766,65.6572752746618],[22.233496478855926,65.65745328637612],[22.234359223442834,65.65741211342197],[22.233446595287766,65.6572752746618]]],[[[22.18654610625672,65.57671190053698],[22.184790617776034,65.57823834538155],[22.18493872554231,65.5787724434176],[22.189007327723587,65.5793006009873],[22.188908530431874,65.57894453886726],[22.18971935506911,65.57872561258242],[22.189324155372564,65.57730136566127],[22.188315809256405,65.57680816416793],[22.18654610625672,65.57671190053698]]],[[[22.172290416120152,65.59290096877046],[22.172819416460744,65.59323664055383],[22.17368014719258,65.59319583152546],[22.175204253868287,65.59240205454917],[22.176876301947082,65.5921423696989],[22.177158602963797,65.59158784842904],[22.178019270967965,65.59154701536842],[22.17744089255763,65.5910333267408],[22.178301541693475,65.590992492259],[22.17810413590599,65.59028035225327],[22.179395069268857,65.59021909343832],[22.17914828534613,65.5893289204214],[22.17995951456119,65.58911004248156],[22.179860796110457,65.58875397373504],[22.180721365313723,65.588713126284],[22.179007936966975,65.58410465271795],[22.180150512832295,65.58350928606401],[22.180051817381432,65.58315321720296],[22.18162450957535,65.58253741739593],[22.18142709023002,65.58182528179674],[22.18056674997857,65.5818661310503],[22.180037890894653,65.58153048490786],[22.178796724933527,65.58176978002493],[22.178895396898756,65.58212584993393],[22.177322662778007,65.58274162182629],[22.177139105742658,65.58365221379873],[22.176328019809887,65.583871075275],[22.17374675841731,65.58399352385567],[22.17278773348189,65.58367825581551],[22.171335856478986,65.58158260364192],[22.170475505164067,65.58162339571425],[22.168951865317695,65.5824171207352],[22.16905040562803,65.58277319831609],[22.167809074647536,65.58301240502949],[22.168879795021226,65.58530652296767],[22.168216400863102,65.58605945857383],[22.169126181885886,65.58619671654414],[22.17086055961787,65.58773787831805],[22.17105774401002,65.58845002989914],[22.170345043955162,65.58902493702513],[22.17168524016225,65.58914178227204],[22.173173389811158,65.58979272663322],[22.173038967342606,65.59088135229989],[22.171895910452886,65.59147666992826],[22.171994532405087,65.59183274477971],[22.170421055484255,65.59244845214837],[22.170568965926183,65.5929825660518],[22.172290416120152,65.59290096877046]]],[[[22.18228742750381,65.5817844276877],[22.184290140192793,65.5811481727545],[22.186440908321938,65.58104598841496],[22.186772283734133,65.58066948419243],[22.18763257270731,65.580628600205],[22.188196479195444,65.57951952369184],[22.185897709135133,65.57908763497736],[22.184607345979536,65.5791489436767],[22.183514423230417,65.57992237433805],[22.179939206029992,65.58117441586532],[22.180037890894653,65.58153048490786],[22.18228742750381,65.5817844276877]]],[[[22.185345951998624,65.53780726151348],[22.185099563170102,65.53691709396757],[22.184536344863663,65.53802615269262],[22.185345951998624,65.53780726151348]]],[[[22.184296787490414,65.54344887606287],[22.183867253326213,65.54346930330303],[22.183916536137747,65.54364733718731],[22.184296787490414,65.54344887606287]]],[[[22.15249286966566,65.61277703128157],[22.15358805906787,65.61200380290633],[22.156172214687146,65.61188166990634],[22.156799919223612,65.61257348173682],[22.1581412837886,65.61269043550125],[22.159433386164242,65.6126293354862],[22.16009767364658,65.61187642993687],[22.16143901522004,65.61199335476222],[22.16362872538344,65.61044676733906],[22.163050186457312,65.609933025445],[22.160896919115284,65.61003490177008],[22.16031844335354,65.6095211488499],[22.16078553608786,65.60805607495264],[22.161929561724953,65.60746083189476],[22.1654237339337,65.60747583469157],[22.166432878095776,65.60796918069191],[22.169016560070116,65.60784683342054],[22.16891790565869,65.60749075699508],[22.170541647569788,65.6070530940061],[22.1703936412,65.60651898106535],[22.171967953349238,65.60590326602758],[22.172151805721718,65.60499267765869],[22.173394134815812,65.60475342581866],[22.17324608565916,65.60421931606193],[22.174008471625214,65.60382242851156],[22.175752511213307,65.60067335265546],[22.175555086608966,65.5999612095721],[22.17396759664892,65.59895422207981],[22.17362222441952,65.59770796626555],[22.17132205660507,65.59727586998396],[22.171124784322387,65.59656371964839],[22.16945239280397,65.596823344352],[22.16921918112247,65.59755589168408],[22.168407598135442,65.59777471552671],[22.16947905353733,65.60006882185884],[22.168631375258094,65.60173234849394],[22.16629477730286,65.60274488056784],[22.16543371670341,65.6027856508295],[22.164720514659443,65.60336053625768],[22.163428887617712,65.60342167675516],[22.162285069910357,65.6040169291506],[22.162383617649468,65.60437301092317],[22.16085842892037,65.60516666929102],[22.159997277890444,65.60520740955131],[22.15852121912792,65.60617908742276],[22.156368241154016,65.60628089668843],[22.15522413608549,65.60687609856451],[22.153932307582696,65.6069371601083],[22.151077845361232,65.60923648101974],[22.15127468463159,65.60994866147404],[22.150327128731174,65.6112560093555],[22.147275121174072,65.61284308370603],[22.144789167373975,65.61332116161032],[22.14412439708161,65.61407400470819],[22.145564152627795,65.61454716470737],[22.147717865983942,65.61444550178018],[22.148431740418175,65.61387068995468],[22.1492932001701,65.61383001241346],[22.149194788469504,65.6134739208708],[22.15249286966566,65.61277703128157]]],[[[22.172630874068783,65.57051831711213],[22.172778679629175,65.57105242997439],[22.173589402476658,65.57083359096926],[22.17339230972081,65.57012144168709],[22.172630874068783,65.57051831711213]]],[[[22.172348679567992,65.57107282902605],[22.17239794668212,65.57125086676756],[22.172827949635014,65.57123046754819],[22.172348679567992,65.57107282902605]]],[[[22.171837664512765,65.59598880716204],[22.17140725159126,65.59600920751348],[22.171456569210502,65.5961872450352],[22.171837664512765,65.59598880716204]]],[[[22.171111361505172,65.59494098189003],[22.171209988556956,65.59529705719176],[22.171640389887497,65.59527665751169],[22.171111361505172,65.59494098189003]]],[[[22.170278399042985,65.58091124257874],[22.170376950617015,65.58126731919343],[22.17080712085759,65.58124692409966],[22.170278399042985,65.58091124257874]]],[[[22.170138601517564,65.59300296233579],[22.170187903589056,65.5931810004244],[22.170618270894817,65.59316060397266],[22.170138601517564,65.59300296233579]]],[[[22.169954739676218,65.59391354845262],[22.17010265059088,65.5944476627994],[22.17053303892191,65.5944272663877],[22.169954739676218,65.59391354845262]]],[[[22.164114612466612,65.62323027854804],[22.16454548299957,65.62320989451543],[22.16449615089398,65.62303185492902],[22.164114612466612,65.62323027854804]]],[[[22.151484700732876,65.59334471750516],[22.151472518439984,65.59172196612631],[22.14697230658022,65.59121314337777],[22.145250872459023,65.59129445301537],[22.14539825851024,65.59182859647379],[22.142593733771633,65.59430579807218],[22.142839324289124,65.59519604187358],[22.14547100945391,65.59525215505386],[22.151484700732876,65.59334471750516]]],[[[22.1491072331181,65.62736650141807],[22.14877474720331,65.62774293370266],[22.150449336058443,65.62748351612639],[22.150781794330015,65.62710708043637],[22.1491072331181,65.62736650141807]]],[[[22.147912825284347,65.627783612709],[22.14796205464596,65.62796165865467],[22.148823982377454,65.62792097931334],[22.147912825284347,65.627783612709]]],[[[22.147100123938866,65.62800233312936],[22.147149348231686,65.62818037938666],[22.148011284751455,65.62813970457701],[22.147100123938866,65.62800233312936]]],[[[22.14628740873661,65.6282210493296],[22.14633662796042,65.62839909589844],[22.147198573268327,65.62835842562056],[22.14628740873661,65.6282210493296]]],[[[22.145905654190813,65.62841942921234],[22.145954871251885,65.62859747592528],[22.146385847927988,65.62857714244394],[22.145905654190813,65.62841942921234]]],[[[22.145573108730346,65.628795855047],[22.145523893832067,65.62861780818994],[22.144661936761395,65.62865846906907],[22.145573108730346,65.628795855047]]],[[[22.14169425233145,65.62897879218268],[22.141743441813432,65.62915684052304],[22.14476035567529,65.62901456342956],[22.14169425233145,65.62897879218268]]],[[[22.140450467578873,65.62921779816872],[22.140401286817195,65.62903974932637],[22.139970296825986,65.62906006594068],[22.140450467578873,65.62921779816872]]],[[[22.140068653278938,65.62941616393681],[22.140019474680887,65.62923811495044],[22.139588481039727,65.62925843051532],[22.140068653278938,65.62941616393681]]],[[[22.139686833165275,65.62961452879942],[22.13963765673093,65.62943647966902],[22.138775661405525,65.62947710748305],[22.139686833165275,65.62961452879942]]],[[[22.138874003389603,65.6298332063897],[22.13882483202603,65.62965515694806],[22.137962827914507,65.62969578022944],[22.138874003389603,65.6298332063897]]],[[[22.13806115975666,65.6300518797586],[22.138011993464087,65.62987383000569],[22.137580987386805,65.62989413998841],[22.13806115975666,65.6300518797586]]],[[[22.136768130574755,65.63011280655807],[22.136817288888988,65.6302908567895],[22.137679314900815,65.6302502398055],[22.136768130574755,65.63011280655807]]],[[[22.12996504789356,65.58011155851028],[22.13039523711532,65.58009127794612],[22.13034623696472,65.57991322403362],[22.12996504789356,65.58011155851028]]],[[[22.06401091766464,65.50439473102784],[22.063581912873342,65.50441481186857],[22.06363028728159,65.50459289340269],[22.06401091766464,65.50439473102784]]],[[[22.013114575222783,65.51542438238832],[22.01316263019017,65.51560248303349],[22.01359186535082,65.51558254306097],[22.013114575222783,65.51542438238832]]],[[[22.012733394306235,65.51562242179477],[22.012781447114694,65.51580052258106],[22.01321068588086,65.51578058365605],[22.012733394306235,65.51562242179477]]],[[[22.012829500646426,65.51597862334476],[22.012352207625252,65.51582046029486],[22.012400258274706,65.51599856122226],[22.012829500646426,65.51597862334476]]],[[[21.992830160147538,65.50464396625767],[21.992782268071615,65.50446585758819],[21.992353196345537,65.50448573696312],[21.992830160147538,65.50464396625767]]],[[[21.994117379642216,65.50458432037931],[21.995308774659808,65.50416844820171],[21.994688094324847,65.5034759029483],[21.99540247804011,65.50290180703826],[21.993734194093374,65.50315945430997],[21.993544615852098,65.5040698784525],[21.992782268071615,65.50446585758819],[21.994117379642216,65.50458432037931]]],[[[21.941109993314196,65.43616780016612],[21.94115738357726,65.4363459300861],[21.94158538661227,65.43632620607195],[21.941109993314196,65.43616780016612]]],[[[21.94072937983096,65.43636565289309],[21.940776767940505,65.4365437829525],[21.94120477455161,65.43652405998397],[21.94072937983096,65.43636565289309]]]]}}]}