{"type":"FeatureCollection","properties":{"source":"SMHI SE.SR Ytansamling av alger","date":"2026-06-24","note":"Test: SMHI WFS clipped to Lulea municipal sea area and simplified 20 m."},"features":[{"type":"Feature","properties":{"cyano_daymap_file_id":723722,"date":"2026-06-24Z","cloud":null,"sub_surfac":null,"surface":null,"no_data":null,"class":1,"color_hex":null,"algae_class":"class_1","source_date":"2026-06-24"},"geometry":{"type":"Polygon","coordinates":[[[22.546417120087753,65.47306552359117],[22.54598912845422,65.4729259120761],[22.57566189,65.47160335000001],[22.573073730000004,65.46270942],[22.5944644,65.46163224000001],[22.589279629999997,65.44384507],[22.546524879999996,65.44599466000001],[22.543949659999996,65.4371001],[22.522576519999998,65.43816992999999],[22.52001035,65.42927487],[22.498642399999998,65.43034126999999],[22.50632529,65.45702757],[22.48493403999999,65.45809225999999],[22.49005129,65.47588369],[22.546417120087753,65.47306552359117]],[[22.54669041406567,65.47234936283895],[22.549531691673007,65.47166558348182],[22.549634903705833,65.47202136088023],[22.548505673570588,65.47261936934348],[22.546417154730893,65.47290447281947],[22.54669041406567,65.47234936283895]],[[22.54567963738178,65.47185857070352],[22.54482361680035,65.47190144349392],[22.544772043380053,65.47172355282508],[22.54567963738178,65.47185857070352]]]}},{"type":"Feature","properties":{"cyano_daymap_file_id":723722,"date":"2026-06-24Z","cloud":null,"sub_surfac":null,"surface":null,"no_data":null,"class":1,"color_hex":null,"algae_class":"class_1","source_date":"2026-06-24"},"geometry":{"type":"Polygon","coordinates":[[[22.72540545,65.46399678],[22.72013125,65.44621507999999],[22.67738569,65.44840165],[22.674765789999995,65.43950979999998],[22.653397179999995,65.44059812999998],[22.64817749,65.42281336],[22.66953187,65.42172592],[22.66691785,65.41283388],[22.645570570000004,65.41392088],[22.6429656,65.40502833],[22.6002794,65.40719242],[22.605462860000003,65.42497922],[22.62682115,65.42389779],[22.62942290999999,65.43279065999998],[22.58669017,65.43495139000001],[22.589279629999997,65.44384507],[22.632026619999998,65.44168345],[22.634632280000005,65.45057619000002],[22.656009970000003,65.44949042],[22.65862471,65.45838264],[22.701388449999996,65.4562012],[22.704019409999994,65.46509245999998],[22.72540545,65.46399678]]]}},{"type":"Feature","properties":{"cyano_daymap_file_id":723722,"date":"2026-06-24Z","cloud":null,"sub_surfac":null,"surface":null,"no_data":null,"class":1,"color_hex":null,"algae_class":"class_1","source_date":"2026-06-24"},"geometry":{"type":"MultiPolygon","coordinates":[[[[21.9709613,65.40159627000001],[21.961472139999998,65.36597194],[21.98281322,65.36498194],[21.98345363440512,65.3673806887518],[21.984005465854043,65.36656326838089],[21.987845730577753,65.36476184741807],[21.989219990824694,65.3634356676513],[21.99087950924189,65.36317815355578],[21.991163567490627,65.36262396249597],[21.993392516153744,65.3628809046245],[21.99533592062236,65.36206914726492],[21.998227890846362,65.36157384286163],[21.99851177764927,65.3610196395843],[22.001451203587507,65.36070238468116],[22.001546472934237,65.3610586021952],[22.002826639458565,65.36099894961062],[22.002921928728046,65.36135516606001],[22.001689382300857,65.3615929282981],[22.001832298083674,65.36212725419921],[22.003821459038516,65.36273823759826],[21.99939015,65.34617805],[22.02071346,65.34518285],[22.032668369999996,65.38970759],[22.054025469999996,65.38870735],[22.05638979364019,65.39746661776977],[22.07779138,65.39660805],[22.06815973999999,65.36099186999999],[22.0468258,65.36199389999999],[22.039642269999998,65.33527994],[21.980543412024975,65.33803798891775],[21.976274211050928,65.34044466980711],[21.97806506,65.34717025],[21.96311356166133,65.34786373570964],[21.957500301514703,65.35102810440627],[21.95910428,65.35706572],[21.94568985526181,65.35768601895857],[21.938714428637542,65.36161828311148],[21.944856049999995,65.38477201999999],[21.92349717,65.3857568],[21.92821676,65.40357047],[21.9709613,65.40159627000001]],[[22.016873163155733,65.34086783089761],[22.0164467807809,65.34088775282585],[22.01639908915397,65.34070964929654],[22.016873163155733,65.34086783089761]]],[[[21.985566230174665,65.37529366888575],[21.99060350644846,65.37346954755552],[21.990508330916178,65.37311332228033],[21.99264296678924,65.37301404181513],[21.992927082602673,65.3724598469533],[21.994587128402426,65.37220228694112],[22.000371244767145,65.36958876968997],[22.004544488535906,65.36903369073207],[22.00560023610036,65.36938568231122],[22.004550337955138,65.36546212155464],[22.004540082863443,65.36578797311935],[22.00292819895679,65.36622374606965],[22.00302351251496,65.36657996219337],[22.002169888158022,65.36661973464471],[22.000796131249746,65.36794602766433],[21.999231688120467,65.36855987185537],[21.997951143717057,65.36861949751275],[21.996432506435646,65.3677885599883],[21.98874932307546,65.36814600697333],[21.983933359818344,65.36917755766504],[21.985566230174665,65.37529366888575]]],[[[22.00405211462325,65.36360021759572],[22.00306696294481,65.36351235054524],[22.00325757288772,65.36422478274848],[22.004242752607812,65.36431264833804],[22.00405211462325,65.36360021759572]]]]}},{"type":"Feature","properties":{"cyano_daymap_file_id":723722,"date":"2026-06-24Z","cloud":null,"sub_surfac":null,"surface":null,"no_data":null,"class":1,"color_hex":null,"algae_class":"class_1","source_date":"2026-06-24"},"geometry":{"type":"Polygon","coordinates":[[[22.586145709999993,65.20937597999999],[22.583585049999996,65.20048196],[22.647114239999997,65.19724377],[22.64195677,65.17945816],[22.620796219999995,65.18053965],[22.61822732,65.17164631],[22.533593989999996,65.17594081],[22.536135010000002,65.18483589],[22.51496497999999,65.18590251999998],[22.520038739999997,65.20369336],[22.54122273,65.20262587],[22.543769430000005,65.21152077],[22.586145709999993,65.20937597999999]]]}},{"type":"Feature","properties":{"cyano_daymap_file_id":723722,"date":"2026-06-24Z","cloud":null,"sub_surfac":null,"surface":null,"no_data":null,"class":1,"color_hex":null,"algae_class":"class_1","source_date":"2026-06-24"},"geometry":{"type":"MultiPolygon","coordinates":[[[[22.92076843,65.53510461],[22.923483749999995,65.54399110999998],[22.94492314,65.54286375],[22.94581479326999,65.545770749688],[22.95536422067524,65.53328305801216],[22.92076843,65.53510461]]],[[[22.888714029999996,65.57289862],[22.88600693,65.56401141],[22.864547079999994,65.56513062999998],[22.867246999999995,65.57401830999999],[22.824306849999996,65.5762486],[22.821621299999997,65.56736001],[22.80015537,65.56847017],[22.80283374,65.57735921],[22.78135861,65.5784668],[22.778269618313946,65.56817902072083],[22.77225881134651,65.56865829082061],[22.770863520884014,65.56836900447583],[22.764044286332695,65.56890022044963],[22.763508146908997,65.56856670481947],[22.76264906960394,65.56861085763529],[22.762059667316752,65.56809953907248],[22.76281214652344,65.56769979491868],[22.76227604836496,65.56736627450027],[22.763028503623485,65.56696652952438],[22.762492418437777,65.56663300973985],[22.762762063211923,65.56607754231352],[22.760241683010406,65.56494331303362],[22.760940832446614,65.56436578024937],[22.76072776114212,65.56365458675641],[22.758743652185217,65.56285385664512],[22.75863715236111,65.56249825802227],[22.762289011739078,65.56158845271251],[22.76169978413784,65.56107713097066],[22.764222984033466,65.56076688488282],[22.764385973168494,65.55985582147446],[22.76572744063833,65.55996737664353],[22.76927206494015,65.55870181687958],[22.76873607791091,65.5583683182138],[22.76879228689076,65.55710166145136],[22.769650972391275,65.55705747787655],[22.771531056247063,65.55605802794389],[22.774053645194044,65.55574762438836],[22.774440860276385,65.55542747536008],[22.773351109999993,65.55179809999998],[22.76851776343402,65.5520462696759],[22.768425035957318,65.55296819027338],[22.766654645577873,65.55287873975064],[22.766761207320794,65.55323433204221],[22.7638094759519,65.55356668898847],[22.763916002288788,65.55392228365602],[22.76171626212036,65.55385485156025],[22.76182276133271,65.55421044798557],[22.760588090703102,65.55445445240977],[22.760801067473032,65.55516564700602],[22.759566341918966,65.55540964367084],[22.759726059454376,65.55594304088709],[22.75886739037288,65.55598716798086],[22.75876092270792,65.55563156913918],[22.75784903502854,65.55549789084766],[22.756614264708425,65.55574186389616],[22.756078500722612,65.55540831809834],[22.75495013145377,65.55600787899301],[22.754091450485713,65.55605197911434],[22.75301998680486,65.55538486708969],[22.75130265482107,65.55547304024616],[22.750660610589147,65.5547838691595],[22.749801961176956,65.5548279446144],[22.7499083026999,65.55518355106703],[22.749372635269765,65.55484998052754],[22.748084652744254,65.55491608100962],[22.74872663281875,65.55560526369365],[22.743145152943537,65.55589159844332],[22.74233957356399,65.55611343818533],[22.742445819634696,65.55646905087877],[22.74110462113268,65.55635728658994],[22.73745271332139,65.55726658124358],[22.73600532920557,65.55679915493731],[22.7351465835544,65.55684314824633],[22.735310577515303,65.55593210581631],[22.734451859006438,65.55597609490077],[22.73386330644507,65.55546465785697],[22.733004600384803,65.55550863860033],[22.732203886202537,65.55428595297182],[22.732539759765164,65.55389357141341],[22.73043794,65.55400149],[22.72513834,65.53622021],[22.70369312,65.53731648],[22.706334749999996,65.5462076],[22.699586175444864,65.54655113426308],[22.699559946002356,65.54710868416345],[22.69611895454154,65.54872828277801],[22.696277325033037,65.54926176064346],[22.695471532901006,65.54948335306523],[22.69450033210066,65.55061595402066],[22.69486982939307,65.55186073977926],[22.691089644815257,65.55674675641671],[22.689635795134723,65.55772337318848],[22.6902235414612,65.55823499046872],[22.689417422199377,65.55845655405719],[22.689681267301484,65.55934569660567],[22.688569828523352,65.55974151569494],[22.690155209999993,65.56508422999998],[22.668684469999995,65.56617579],[22.66817275902844,65.56444653313011],[22.666585878629654,65.56232495293301],[22.665621581839275,65.56201287884244],[22.66589326550425,65.56145756349636],[22.663272293042414,65.55996599652588],[22.66005550570817,65.5594071534818],[22.65995036916842,65.55905147175696],[22.657592722270106,65.5584490056636],[22.656485691272522,65.55776889006313],[22.644587709999996,65.55837199999999],[22.643135400263052,65.55344480866127],[22.642548209480957,65.55325449235829],[22.642879756146268,65.55257749541124],[22.640251770558113,65.54398463011334],[22.63736290634759,65.54304780637985],[22.636891567002728,65.54144714917943],[22.638208612351676,65.54064459755911],[22.617892409999996,65.54167131999999],[22.61528147,65.53277835],[22.63672743,65.53169461],[22.63411127,65.52280202],[22.60918498825874,65.52405971816331],[22.60893269819627,65.52480975994229],[22.60742594214501,65.52560770544561],[22.599330125616,65.52619615489515],[22.5978229917989,65.52699400859657],[22.596965267671216,65.52703719455197],[22.596315766152422,65.52779184822388],[22.59545801280321,65.52783502593097],[22.59491254953875,65.52894541110601],[22.594106801354698,65.529166450253],[22.592716022061815,65.52887545792223],[22.587465196571582,65.52877858840661],[22.585476642814548,65.52942001711754],[22.58204531015492,65.52959245612604],[22.57995265298081,65.5298780660531],[22.57919869158458,65.53027690225738],[22.577482950167365,65.5303630610473],[22.574843802137124,65.53175893113045],[22.573933960506306,65.53162411159214],[22.57323176702101,65.53220079679747],[22.572373822760213,65.53224384553428],[22.572477635459776,65.53259960124173],[22.57171354384896,65.53263793533002],[22.57212837479137,65.53406098001271],[22.57304866113777,65.53455625580047],[22.57148833011469,65.5351759825951],[22.571644053350635,65.53570961700686],[22.5698760276525,65.53561781523928],[22.569550785515524,65.53599508926654],[22.56659938034339,65.5363235505191],[22.564284395593162,65.53734197972845],[22.564062775870816,65.53807500516798],[22.562553873422836,65.53887252541058],[22.560889344016637,65.5391363842979],[22.559003003103957,65.54013324486093],[22.551966852150887,65.54138777474243],[22.551108563514568,65.54143070637515],[22.551382355151276,65.54087558229138],[22.550524082202767,65.54091851044883],[22.55030204905349,65.54165151993912],[22.548962828288182,65.54153801429567],[22.54783066027507,65.54213604793476],[22.547934185817176,65.54249182340567],[22.546646685202308,65.54255618540489],[22.545085240594595,65.54317565118579],[22.544981750627645,65.54281987340309],[22.543265048278904,65.54290565382655],[22.542628957653697,65.54221553651817],[22.54312518075515,65.54092742510068],[22.54430914175899,65.54050731533168],[22.54442787029605,65.53941853459999],[22.54598911076258,65.5387990776905],[22.546588596759065,65.53786673433092],[22.54744677714778,65.53782382944014],[22.54895609263395,65.53702645568067],[22.549747547351668,65.53606745987193],[22.50802233,65.5381517],[22.51059736,65.54704688],[22.44619702,65.55023592],[22.44875238,65.55913235],[22.427274549999996,65.56018974999999],[22.42472638,65.55129289],[22.419605959654042,65.55154347143235],[22.420822999312602,65.55167897600678],[22.42026960321346,65.55278880743937],[22.417466952683768,65.55364821724189],[22.41481676803938,65.5550414022517],[22.414590800251375,65.5557742505799],[22.41034646311616,65.55616294445103],[22.40961182294787,65.55511635059294],[22.41107555731033,65.55414235738685],[22.41092298773422,65.553608527554],[22.411731092435243,65.55338844142001],[22.411957124245248,65.55265559672098],[22.41346703777132,65.55184389595505],[22.400378225316338,65.55248443191715],[22.39836610242218,65.55386316229053],[22.398897149828464,65.55419802314107],[22.398038138455146,65.55424009364215],[22.398670737903885,65.55493085211408],[22.39952977080163,65.55488877780903],[22.39887384351898,65.55564264483621],[22.39940493503798,65.5559775034655],[22.398116330374975,65.55604061258349],[22.39794065759954,65.55695138922616],[22.397030785155593,65.55681550638715],[22.395667894408543,65.55814526931434],[22.390641394850764,65.56037599690558],[22.390895068717665,65.5612657532905],[22.390035808865054,65.56130778085738],[22.389271899117738,65.56205277110115],[22.405794789999995,65.56124411999998],[22.408337669999998,65.57014134999999],[22.42982463,65.56908654],[22.43748643,65.59577656000002],[22.48049789,65.59365525],[22.47535922,65.57586371],[22.496847610000003,65.57479939],[22.49942319,65.58369475],[22.52091685,65.58262696000001],[22.515753219999997,65.56483704999998],[22.539624518214847,65.56364437174935],[22.540096098391974,65.56345746570801],[22.538978296504546,65.56261088334834],[22.539837306599818,65.56256801319398],[22.541725973897407,65.56157136787549],[22.54296265314488,65.56132914875181],[22.54306620424396,65.56168492732246],[22.54435466027232,65.56162058607497],[22.54493951110754,65.56213280212303],[22.54569490327845,65.56173412212425],[22.54741283588924,65.56164830161953],[22.54768689425063,65.56109318146271],[22.550796835110617,65.56129871643675],[22.553817805336507,65.55970386303726],[22.553936175237716,65.55861507841126],[22.554846873246653,65.55875000952967],[22.55555016180476,65.55817339846118],[22.557593499938722,65.55771021681053],[22.558296700049947,65.55713359388511],[22.559584885746254,65.55706912577776],[22.56109490405493,65.55627162370472],[22.561679954313437,65.55678377303228],[22.564204355451796,65.5564768882397],[22.568030713557444,65.5546608750796],[22.567926855509924,65.55430511674231],[22.568785534430624,65.55426208572699],[22.568681668001904,65.55390632799374],[22.57207803940618,65.55211173496156],[22.57503114919004,65.55178314938298],[22.575616364508807,65.552295243144],[22.57690425946286,65.55223063062243],[22.579545307099796,65.55083470500917],[22.581262386969073,65.5507485091285],[22.581574464959218,65.55181575129625],[22.58023459813541,65.55170252904402],[22.580767902064032,65.55203672773692],[22.57877743329089,65.55267808803308],[22.57780147421911,65.55380996790106],[22.57431490016493,65.5538043896148],[22.57318280921387,65.55440261215891],[22.572635899966194,65.55551293187354],[22.571829145429618,65.55573386263627],[22.57236242883492,65.55606809116047],[22.570319493057124,65.55653146804704],[22.570527298981617,65.55724298046013],[22.567351845596775,65.55830451587168],[22.567559587582434,65.55901603301551],[22.56857425436849,65.5595066390236],[22.569914480820028,65.55961996083816],[22.570018391546053,65.55997571728464],[22.567493727436243,65.56028270171274],[22.56775343549528,65.56117209755269],[22.566087547623415,65.56143602750868],[22.56592080481771,65.5623305341515],[22.569642690630765,65.56214457810418],[22.571085106947898,65.5606441837141],[22.573232304657434,65.56053654714655],[22.575171513794682,65.55971737622487],[22.577370620266205,65.55978755786714],[22.57968702704718,65.55876891378215],[22.579582990189632,65.5584131652635],[22.580819149607603,65.55817064225737],[22.581886061410234,65.55883903056716],[22.58274486183006,65.55879591912291],[22.58392896060304,65.55837549795375],[22.5840981109068,65.55746457525599],[22.585008913949487,65.55759932384476],[22.585282127797694,65.55704414434103],[22.586140862316263,65.55700101430432],[22.585919726150916,65.5577340668601],[22.58725992719744,65.55784723537357],[22.587038816909597,65.55858028930345],[22.58832698814802,65.55851557676361],[22.590109300176852,65.55716260922745],[22.589848877736433,65.55627325909477],[22.59060340275044,65.55587436397973],[22.590447146138803,65.55534075449958],[22.5916309627044,65.55492027597883],[22.59147469196469,65.55438666770682],[22.59298356206301,65.55358885935722],[22.59384216741112,65.5535456869529],[22.596053140710726,65.55217106800366],[22.599487332014238,65.5519982818704],[22.600020885643545,65.55233241015742],[22.59878518906284,65.55257508521257],[22.598512306300975,65.55313028567706],[22.59973588330254,65.55433214511343],[22.601453112809722,65.55424571863486],[22.601609586729598,65.55477931452047],[22.604991895314964,65.55442853539449],[22.60681349746739,65.5546977756902],[22.60611144975582,65.55527461205128],[22.60637241485676,65.5561639286224],[22.605513748348358,65.5562071727322],[22.60658120108106,65.55687538141429],[22.6055019298962,65.557651702403],[22.60646504236386,65.55796418426189],[22.606569443867627,65.55831991054782],[22.60576290292098,65.55854101995754],[22.606505485579152,65.55958657655755],[22.608652419263752,65.55947844034473],[22.60826359513695,65.56112246064305],[22.609226870870604,65.56143492326686],[22.608368036449715,65.56147818528841],[22.608043056762142,65.56185553938141],[22.60846084302505,65.56327843793599],[22.610178626985064,65.5631919067885],[22.61006260671139,65.56428071102344],[22.611507739384606,65.56474938325805],[22.61274388306812,65.564506599737],[22.61333013424025,65.56501853703394],[22.618001976411385,65.5646025169677],[22.619394960651295,65.56489325418762],[22.618640632613904,65.56529229078912],[22.619227017253014,65.56580420388795],[22.62008597246287,65.5657608790267],[22.62029522583671,65.56647230814845],[22.618734179966157,65.56709252958002],[22.619477545749323,65.56813801457018],[22.619309591069303,65.56904896449814],[22.618073298346978,65.56929180315514],[22.61871207913833,65.56998157542245],[22.617475736676997,65.57022440971161],[22.61768496203259,65.57093584274898],[22.61687813395801,65.57115701433587],[22.617035046331438,65.57169058983128],[22.615903203471692,65.57228912930474],[22.61568280535361,65.5730222177866],[22.61341889186556,65.57421927040181],[22.61357575564022,65.57475284998878],[22.611636692981936,65.57557251129121],[22.611091044028544,65.57668295702263],[22.611247878017878,65.57721653933335],[22.612159510884005,65.57735111608547],[22.610649904254757,65.57814912321211],[22.612095833859865,65.57861778173442],[22.613269004855503,65.57964165233722],[22.614180733360303,65.57977621594965],[22.61429661127112,65.57868740990452],[22.61280970136324,65.57659638709096],[22.61404638950252,65.57635358735155],[22.61668777754784,65.57495701012199],[22.621581585537747,65.57380777360362],[22.622545495945097,65.5741201450078],[22.625123154663807,65.57399009119372],[22.626139487042465,65.57448029418883],[22.625699229432005,65.57594649512266],[22.626935760180757,65.5757035917578],[22.626820418602982,65.57679240194295],[22.627732111527195,65.57692688435021],[22.626443148268987,65.57699194031456],[22.62546843458125,65.57812411467678],[22.626380168155432,65.57825860480708],[22.626484939796672,65.57861431359984],[22.62895821331281,65.57812848176472],[22.62949269672282,65.578462496652],[22.632877656400325,65.57811106721162],[22.634009346147273,65.57751240243718],[22.635885310236645,65.57795912438199],[22.636639724434826,65.57756000095884],[22.63841080232472,65.5776509910349],[22.640893544923568,65.57572045615389],[22.642664508902932,65.57581139765763],[22.643733737436182,65.57647932610743],[22.642759802160818,65.57761160371801],[22.640873959546656,65.57860947945984],[22.641408603975883,65.57894345064591],[22.640601740840918,65.57916474898755],[22.64069691738003,65.58096495758831],[22.64123160988494,65.58129892891246],[22.6438098663875,65.58116855092605],[22.644397118607408,65.5816803576701],[22.645738785157093,65.58179299338536],[22.645896366160418,65.58232653211178],[22.64751017818203,65.58188387383426],[22.64852724208933,65.58237391909257],[22.648360246352112,65.5832848914145],[22.65007918955183,65.58319789566119],[22.65216613230918,65.58435578596081],[22.653938039020776,65.58444657304727],[22.655008242083234,65.5851143990066],[22.65515690618363,65.58709243822717],[22.65402482874259,65.5876912844015],[22.654182622619526,65.58822481234542],[22.652893179890793,65.58829009832561],[22.652621130476415,65.58884538775102],[22.65133165228821,65.58891066080595],[22.650199888614733,65.58950945579682],[22.65078746392641,65.59002123448614],[22.649865943129743,65.5913314035826],[22.648418631299304,65.59086311980329],[22.645786893982724,65.59081573975428],[22.64525194043578,65.59048178716],[22.64315516355174,65.59076831392639],[22.643260225151742,65.59112400816724],[22.640251102239763,65.59127611248876],[22.64314553932378,65.59221282415862],[22.643030846599142,65.59330164014301],[22.64389066126769,65.59325817142219],[22.64421548103976,65.59288074198669],[22.646364971045216,65.59277204471219],[22.645873054166202,65.59406044945091],[22.644416111816827,65.59503663793271],[22.644573762428198,65.59557017737724],[22.642476569663884,65.59585669902475],[22.642634186503475,65.59639024083576],[22.6405894318693,65.59685458463701],[22.637727246480537,65.59898470357875],[22.63633221391924,65.59869415592986],[22.632944636899584,65.59904568937147],[22.633049599233175,65.59940139172502],[22.633909635549077,65.5993579773694],[22.63320704866846,65.59993494506018],[22.63229451370522,65.59980050419597],[22.631539405085533,65.60019961314218],[22.63024930054457,65.60026471318312],[22.62778442181918,65.59930606942144],[22.628969579052523,65.59888528510203],[22.62865487638756,65.59781816747376],[22.63162262033045,65.5960439171348],[22.630930359138393,65.59517635755958],[22.61831532103826,65.59382703196823],[22.614457030706618,65.59257742870567],[22.61172050770108,65.59217373999837],[22.611563555315144,65.5916401593325],[22.610750737661203,65.5915202374417],[22.61210112,65.59611162000002],[22.601293245917514,65.59665413368361],[22.600988604171146,65.5972259305955],[22.60012857222523,65.59726915810111],[22.600976651084096,65.59867046166042],[22.604521508103108,65.5988532275552],[22.605108415362277,65.59936519010763],[22.609838878149866,65.59912722008681],[22.610594296777844,65.59872821611289],[22.611884384371866,65.59866328353955],[22.6117273814181,65.59812970353593],[22.614464538252417,65.59853338566816],[22.615219867620212,65.59813435955242],[22.61501044587092,65.59742292498306],[22.617160457908703,65.5973146366473],[22.617317566332275,65.59784820994304],[22.615859329078944,65.59882413703981],[22.61692886252059,65.59949225167283],[22.6151563495467,65.59940102504018],[22.616173521655234,65.59989128642603],[22.614558053399552,65.60033362777382],[22.614662770637214,65.60068934534888],[22.615522886480512,65.60064603451448],[22.615941833211256,65.60206890092964],[22.614326227451308,65.60251124121493],[22.614483315592928,65.60304481767358],[22.61297233367151,65.60384286211776],[22.613937281309106,65.60415527779207],[22.612077732913047,65.60513735485455],[22.614718649999997,65.60500459],[22.61733815,65.61389748],[22.597980874275756,65.61487070118578],[22.59761206212295,65.61544466498106],[22.595291444962157,65.61646362646896],[22.595395976935464,65.6168193592591],[22.596687007852164,65.6167545464565],[22.596843837752285,65.61728814384884],[22.594796600531687,65.6177518950285],[22.592970645632647,65.61748255429806],[22.591784055205075,65.61790307167274],[22.590010350658712,65.61781156307319],[22.589841140692666,65.61872249329326],[22.588224052041816,65.6191645704468],[22.588054773165346,65.62007549937881],[22.58686798448904,65.62049598030467],[22.583855065606063,65.6206470032387],[22.582837654190474,65.62015652738513],[22.580411682476175,65.62081952807027],[22.5805160319372,65.62117527296496],[22.577933426800033,65.6213046177503],[22.576916098547755,65.62081410133426],[22.57417711329062,65.62040975962132],[22.574190498082235,65.61896521609404],[22.573655849707563,65.61863100775652],[22.57203848046066,65.61907291516523],[22.571191223466013,65.61767144132155],[22.568830949126124,65.6170675877379],[22.56861853738305,65.61634214852485],[22.552788109999998,65.61713344],[22.54759443,65.59934491],[22.560403654593497,65.59870473439014],[22.561490020912245,65.59794270839734],[22.565308572717033,65.59757124930609],[22.565582580226465,65.59701609719956],[22.568006755158784,65.59635335198875],[22.56845434343569,65.59606722981773],[22.56805082838632,65.59468750626299],[22.567590540171658,65.59493032580217],[22.567966357087457,65.59439867678581],[22.5664975,65.58937627],[22.53157774611061,65.59111880964987],[22.531685522370072,65.59148916640157],[22.530017317015826,65.59175272291637],[22.52850432598132,65.59254994507776],[22.52833306511172,65.59346082686194],[22.527042985384746,65.59352504817207],[22.527146473402873,65.59388083830432],[22.524496587813847,65.59494329940208],[22.52608828,65.60041662],[22.48307012,65.60255093],[22.485644299999993,65.61144653999999],[22.44260392,65.61356959],[22.44772915,65.63136237],[22.469264799999994,65.63030148999998],[22.46986919277596,65.63239130541999],[22.470981739220946,65.63203516295107],[22.470518704225174,65.63043390799972],[22.474568250352842,65.62933175346207],[22.47441384404991,65.62879800623033],[22.475602879958632,65.62837838328356],[22.476206796145906,65.62744627455578],[22.47772340043144,65.62664953849271],[22.47858464810091,65.62660699344048],[22.478481667806562,65.62625116512366],[22.481116864530357,65.62630141604109],[22.4816505020459,65.6266359603966],[22.481875068871673,65.62590302634204],[22.480531738247368,65.6257889563239],[22.481135421105456,65.62485683031363],[22.481996602633885,65.62481426655336],[22.481893584190754,65.62445844093496],[22.48313381652614,65.62421667491618],[22.483409840843578,65.62366165150648],[22.484701545833016,65.62359778533953],[22.48432250138177,65.62379698714781],[22.484959183597617,65.62448734357001],[22.48420106771633,65.6248857477972],[22.48483777517366,65.62557610447831],[22.486129571082166,65.625512225244],[22.48597495470573,65.6249784918865],[22.48678458767823,65.6247579898907],[22.489798658893537,65.62460888374817],[22.491245110342053,65.6250786900241],[22.49377701678557,65.62477290442436],[22.494310782490427,65.62510740296128],[22.496894264527885,65.6249794732724],[22.497428074237693,65.62531396040114],[22.49866819465064,65.62507206851062],[22.498823072370765,65.6256057863076],[22.499150400065936,65.62522864339537],[22.499684243752824,65.62556312224548],[22.50049377374514,65.62534254812138],[22.50064869089894,65.6258762636601],[22.49989078146391,65.62627474421645],[22.50009733164844,65.62698636578263],[22.50106183761453,65.62729950398344],[22.49933938210387,65.62738484398692],[22.49949429022537,65.62791856079748],[22.49647990223183,65.62806786273526],[22.497926667850894,65.62853760216643],[22.49668637618942,65.62877948970987],[22.497047735623863,65.63002483594208],[22.49623803125388,65.63024539342385],[22.495307331677694,65.6315547117407],[22.494445953049052,65.63159735302978],[22.49292959212737,65.63239425380607],[22.492377778091328,65.63350433243096],[22.49032732587845,65.63396670511429],[22.490224149587355,65.63361088672616],[22.489311111552198,65.63347559035795],[22.48946585742815,65.63400931903028],[22.488173648910013,65.63407323079306],[22.48660538532541,65.6346921615961],[22.486053255721018,65.63580222037335],[22.484915617448415,65.63639983814285],[22.48507029400611,65.6369335719912],[22.48382947869654,65.63717535966354],[22.48360488826506,65.6379082968616],[22.482312468403784,65.63797216082395],[22.481984743214884,65.63834927137255],[22.48031301058124,65.63861231601082],[22.476085855579402,65.63898743941574],[22.49337851,65.638133],[22.495960479999997,65.64702836],[22.47441228,65.64809315],[22.47191092920333,65.63945084465534],[22.47066126945283,65.6399910342868],[22.46969663824163,65.63967770409234],[22.47055833374625,65.63963520014234],[22.470749727130872,65.63925094256723],[22.450294669999995,65.64025866999997],[22.455431530000002,65.65805108],[22.43387218,65.65911023],[22.436436249999996,65.66800677],[22.479567539999998,65.66588455999998],[22.482148099999993,65.67478016999999],[22.471501251356358,65.67530484388988],[22.471910287129948,65.67602073203193],[22.470216997586114,65.67772828000417],[22.468645706463796,65.678347055318],[22.468748801112174,65.67870288920028],[22.465380546309994,65.68067331420531],[22.463551369321785,65.6804024477716],[22.46334530954481,65.67969077160433],[22.465090699733906,65.6781612129019],[22.46729968922566,65.67823289483319],[22.468439526524836,65.67763538725143],[22.46823335906203,65.67692371878216],[22.467215819909512,65.67643246920963],[22.46376410176171,65.67660242868874],[22.463055677083467,65.67717866430453],[22.460992133121316,65.67728022074931],[22.46315138,65.68473922],[22.445492425104423,65.6856056666868],[22.44589959777702,65.68596191835654],[22.43978446415304,65.68752514707123],[22.43892111585401,65.68756749264045],[22.437903691770302,65.68707604569158],[22.438078572310832,65.68616523077313],[22.439323039902483,65.68590837108802],[22.419987099999997,65.68685709999998],[22.41486769,65.66906332],[22.3932972,65.67011682],[22.39840205,65.68791147],[22.37681506,65.68896279],[22.381913059999995,65.70675805],[22.394416300093102,65.70614903018368],[22.395978156606954,65.70572626546002],[22.39783831207544,65.70598234754036],[22.398570261499952,65.70559992555745],[22.402407210347956,65.7052323902162],[22.403252444030404,65.7047936686228],[22.402595687279625,65.70250869568584],[22.398286486667185,65.70308763848834],[22.39825836322013,65.70146507525453],[22.399883884463346,65.70102494193922],[22.400543226950614,65.70027103692013],[22.401850003088573,65.6999143284501],[22.40095737,65.6968087],[22.439296417724524,65.69493301141317],[22.43914638134589,65.69441347312076],[22.44000995734395,65.69437112402866],[22.439907182350993,65.69401526752438],[22.441582903702777,65.6937526285236],[22.441911879204625,65.69337559289166],[22.444882822464024,65.69304936988219],[22.442784421482997,65.6947623653166],[22.44414011,65.69469604],[22.446711960000002,65.70359233],[22.42511427,65.70465062],[22.42699327267625,65.71116163782094],[22.427838867293147,65.71138803660327],[22.427164154597133,65.711753768554],[22.4302492,65.7224439],[22.379705372877154,65.72490620828043],[22.380113291813,65.7252635082893],[22.380978013434092,65.72522148332772],[22.381308256777523,65.72484456660877],[22.38395343864159,65.7248964073603],[22.383725383849896,65.72562922996856],[22.385863559640576,65.72696872956736],[22.384896614885754,65.72665488332834],[22.384031853011482,65.72669693094522],[22.384134015593244,65.72705283107287],[22.381921001056167,65.72697997956789],[22.381362601336658,65.72808971766752],[22.380014318738365,65.72797480628086],[22.379251604862358,65.728372730676],[22.37945581750156,65.72908453837037],[22.378107490171562,65.72896961052864],[22.37647985045281,65.7294095316719],[22.375029468438978,65.72893867025478],[22.373299750298713,65.72902265034124],[22.373222068353517,65.72722211413722],[22.374366223006977,65.72662527061617],[22.374162173784956,65.72591345450341],[22.378002510138046,65.72554650188486],[22.378474097390836,65.72496619146726],[22.36540068,65.72560308],[22.362854150000004,65.71670517],[22.341241419999996,65.71775168999999],[22.340210955110038,65.71413641720699],[22.3387381374369,65.71391726080759],[22.338433718870803,65.712849448966],[22.339738965307735,65.71248049286888],[22.33851269196658,65.70851552598816],[22.337699164622794,65.70873527419182],[22.338689282740635,65.71067204185468],[22.337774240248873,65.71053585361983],[22.337011363146704,65.71093356788356],[22.335714867037986,65.71099622310567],[22.335384117937124,65.71137304572476],[22.333604721653867,65.71127859476634],[22.333756816754548,65.71181250670242],[22.33246026714195,65.71187513470741],[22.332612342856073,65.71240904797416],[22.330782203019464,65.71213659343296],[22.330069846197354,65.71271224621152],[22.326129359614235,65.7127220310124],[22.32579844871832,65.71309883435227],[22.324400534912165,65.71280544678343],[22.32429926138926,65.7124494980865],[22.323434856124763,65.71249119796147],[22.321375062143115,65.71295137739868],[22.32147629781622,65.71330732840711],[22.320129028134595,65.71319187681769],[22.320280858789538,65.71372580476883],[22.31974741597531,65.71339069185785],[22.318018521864197,65.71347403578183],[22.317025375733827,65.71460439470204],[22.314151357858012,65.71528411634985],[22.310766499527563,65.7172512706675],[22.311502151061884,65.7182983329285],[22.312366773432913,65.71825669875288],[22.31228843417448,65.71952337004194],[22.313967173309603,65.7192621087881],[22.31587582363879,65.71826809083113],[22.316105757837462,65.71753535207488],[22.316970345797593,65.717493692075],[22.317071542274594,65.71784964638562],[22.32047928820708,65.7175049790402],[22.321826785543163,65.71762042532434],[22.321928049417846,65.71797637575287],[22.320732405951603,65.71839485763164],[22.320934913958748,65.71910676006587],[22.319306877759367,65.719546073573],[22.31955997921724,65.72043595426446],[22.3171177436857,65.72109489767472],[22.31698902809784,65.72218359209451],[22.31574251022892,65.72242406025553],[22.316276095274926,65.72275918582098],[22.314546561677545,65.72284249646849],[22.315282537923444,65.72388953729345],[22.31474894137116,65.72355440835732],[22.313884146566046,65.72359605773067],[22.31378296688764,65.72324010114718],[22.311671570538184,65.72352218065669],[22.31225570709312,65.72403529968634],[22.311390891382523,65.72407693509464],[22.311289743745366,65.72372097654565],[22.309661250761025,65.7241601912583],[22.311160775148505,65.72480966846076],[22.31136308018781,65.72552158556486],[22.31054878538454,65.72574119595562],[22.311565397496143,65.7262335022796],[22.31245312676181,65.72781449398121],[22.31428420725047,65.72808715989193],[22.315098542032693,65.72786752913419],[22.315733463963543,65.72855861077923],[22.31659842110341,65.72851694933236],[22.316929652468122,65.72814016293357],[22.317895851056512,65.72845444800225],[22.317564630151026,65.72883123640202],[22.318429592857417,65.72878956449648],[22.318963348668895,65.72912467898357],[22.319115267842484,65.72965860720848],[22.321047855990095,65.73028714161877],[22.322727195218484,65.73002577795272],[22.322828529948584,65.73038172708009],[22.323693534297835,65.73034002486241],[22.32471057855672,65.73083223920072],[22.325575594321048,65.73079052617877],[22.32494035267421,65.73009948868531],[22.32580534348492,65.73005777459858],[22.325906720730377,65.73041372126599],[22.326721025313606,65.73019402862792],[22.327254917300486,65.73052911272254],[22.32806921357561,65.7303094129531],[22.327917104956352,65.72977549549958],[22.327001432204064,65.72963924857703],[22.327281827683088,65.72908446811869],[22.32738322065687,65.72944041365216],[22.328782079151647,65.72973376465899],[22.328984915596802,65.73044565316961],[22.33173207806548,65.73085434022407],[22.332468994402994,65.73190128879034],[22.33381729515634,65.73201662112112],[22.333486266066206,65.73239344229553],[22.33412179468349,65.73308444134274],[22.333307465546053,65.73330417380248],[22.333510460281055,65.73401605474267],[22.33490963643824,65.73430934636667],[22.335977820467914,65.73497945136265],[22.334298304165632,65.73524096290541],[22.334450583246433,65.73577487232237],[22.333636173351728,65.7359946073186],[22.334221038834908,65.73650763495039],[22.333075512431545,65.73710418983747],[22.33327853668514,65.73781607079202],[22.3323625494687,65.7376798591608],[22.331216928730946,65.73827640097316],[22.331521409578254,65.7393442265513],[22.334931768283692,65.73899921036148],[22.33483022626509,65.73864327131076],[22.336713087401506,65.73909362717639],[22.33686544366384,65.73962753342485],[22.335567508243077,65.73969020131582],[22.335006859559435,65.7407997908131],[22.337984701895095,65.74047559025358],[22.3378831108627,65.74011965371434],[22.340911650602113,65.73997336514205],[22.34162448088111,65.73939765707962],[22.344500396133157,65.73871739823636],[22.34429705436932,65.73800553532637],[22.34483133879206,65.73834055396172],[22.34612917941406,65.73827780802552],[22.347274448745477,65.73768115742958],[22.349488314182004,65.73775450441885],[22.349717432456035,65.73702172291868],[22.35213478942488,65.73780688565071],[22.350887868969433,65.73804764552507],[22.350989629246715,65.73840357174656],[22.349793542303853,65.73882228619512],[22.349997043150616,65.7395341402214],[22.349131782325628,65.73957599437941],[22.348800888236738,65.73995284752883],[22.349487897514443,65.74082174040005],[22.35030231757178,65.740601920524],[22.350454965201298,65.74113581034369],[22.351320275658765,65.74109394818673],[22.351574733103135,65.74198376233244],[22.35076028130048,65.74220358931983],[22.35086205950889,65.74255951544866],[22.34999669909613,65.74260137548478],[22.348672972100342,65.74410879272574],[22.347476587030204,65.74452749185076],[22.34778182828797,65.74559527750992],[22.345669013939407,65.74587784233047],[22.34510868289655,65.74698746591487],[22.34200246482309,65.74840051787257],[22.342104151769004,65.74875645072638],[22.33866638700115,65.75054627880628],[22.33925169834289,65.75105928278147],[22.34136500975099,65.75077680219064],[22.340320712772485,65.75172934924993],[22.341745737921233,65.75364517329194],[22.340447112537532,65.75370788943688],[22.339071449890593,65.75503726672969],[22.338205648546722,65.7550790640172],[22.332856106461225,65.75786308892614],[22.33199019830344,65.75790485191918],[22.330894486139808,65.75867937004695],[22.32839820621842,65.7591605551339],[22.328499756646327,65.75951649836458],[22.327302333302995,65.75993504897173],[22.328219093620714,65.76007128358077],[22.32798919428118,65.7608040401658],[22.326409453532197,65.76142142527159],[22.32651098724372,65.76177736998528],[22.325695697645997,65.76199707096252],[22.325465712219994,65.7627298245622],[22.323987302013574,65.76370313184617],[22.32469794455873,65.76619475558348],[22.323882501217323,65.76641444833385],[22.323347881871413,65.76607935946284],[22.322048577439595,65.76614192529682],[22.317178900042066,65.76908255771761],[22.315063813207175,65.76936471977142],[22.314298887804764,65.7697623397652],[22.31294867852064,65.76964685293247],[22.31141872140613,65.77044206886814],[22.31152009108718,65.77079802512289],[22.310653707600153,65.77083967141377],[22.31037254855849,65.77139442847256],[22.296942913967758,65.77203929807035],[22.295794973806665,65.77263559546287],[22.29449525918389,65.77269793031171],[22.294646980754354,65.77323188471448],[22.295564056839083,65.77336831275024],[22.294264304649417,65.77343064598911],[22.293596162836767,65.77417036217409],[22.313186460000004,65.7732299],[22.315722559999998,65.78212874],[22.319481903555705,65.78178133570144],[22.319813733512614,65.78140453735503],[22.321113813012502,65.7813419831371],[22.321012261159346,65.78098603503012],[22.323179015498106,65.78088175523963],[22.32389332810469,65.78030611603279],[22.330444157813503,65.78017103440982],[22.33079575224821,65.7814017813597],[22.349040717704394,65.78052185260525],[22.35096274374948,65.77972223309423],[22.355627002765704,65.77913592565535],[22.35659560955653,65.77944994170385],[22.356606879465133,65.78015694737645],[22.359056410000004,65.78003881000001],[22.361609149999996,65.78893671999998],[22.383280509999995,65.78788673],[22.378162290000002,65.77009171],[22.399817029999998,65.76903953],[22.40238251,65.77793663999998],[22.424042629999995,65.77688096],[22.42919414,65.79467410999999],[22.40751932,65.79573066],[22.41009065,65.80462758],[22.453453039999996,65.80251055],[22.450866999999995,65.79361451],[22.472537899999995,65.79255183999999],[22.469946469999996,65.78365617],[22.448282920000004,65.78471839999999],[22.443120650000004,65.766926],[22.464769530000005,65.76586464999998],[22.46218401,65.75696879],[22.483823599999997,65.75590482],[22.48641645,65.76480024],[22.50806139,65.76373278],[22.51066354,65.77262769],[22.53231385,65.77155673000001],[22.533780819823754,65.77655118822554],[22.53498515691161,65.7764915228721],[22.533857862857662,65.77564499698003],[22.537045971560516,65.77602844344318],[22.537254989380823,65.77673999003338],[22.53557495463323,65.77700372605703],[22.53654560533828,65.77731657758198],[22.537434013444898,65.78034065073966],[22.53830026891847,65.7802977168312],[22.53928597617919,65.7791659930298],[22.541070685751805,65.7792579851081],[22.540861538187773,65.7785464450262],[22.54216081957023,65.7784820141077],[22.542384729984782,65.77774899703778],[22.543355489590315,65.77806180412084],[22.543683966642252,65.77768455357803],[22.54455012044339,65.77764158515838],[22.546544029725315,65.77844504765571],[22.54481167299432,65.77853100271912],[22.544363968315437,65.77999704251856],[22.543497735073775,65.78004001066515],[22.54284071000712,65.78079451094793],[22.540622757028803,65.7807240161332],[22.540398775327613,65.78145703132621],[22.542183647531523,65.78154900877018],[22.542459880761662,65.7809938758221],[22.5438115920713,65.78110731392087],[22.54549180256394,65.7808434853724],[22.54582028114791,65.78046623020698],[22.548471342474063,65.78051515312242],[22.54966599898729,65.78009489380838],[22.548299929752265,65.78142605956978],[22.546291230836975,65.78206717605673],[22.546538417950998,65.78440114251605],[22.5457767084708,65.78479989029658],[22.546419258966736,65.78548993029314],[22.54609072940167,65.7858671872597],[22.5452243025012,65.78591016713118],[22.545538316828182,65.7869774653017],[22.546457123323183,65.78711236588093],[22.546785662303662,65.78673510803014],[22.54765211378444,65.78669211904293],[22.548727999873357,65.78736065188936],[22.552246240101038,65.78736650195155],[22.551774804491874,65.78576557927242],[22.554374021686723,65.78563651383969],[22.554269231753185,65.7852807550956],[22.558181775406783,65.78364252998712],[22.560400013554496,65.78371276649949],[22.56050488037331,65.78406852026563],[22.559205372795763,65.78413310978182],[22.55936265258867,65.78466674183979],[22.5571967466903,65.78477436924503],[22.557406405540085,65.78548588185444],[22.556644836595883,65.78588468254145],[22.55766849701362,65.78637527203664],[22.55619770500223,65.787350751451],[22.555331248531537,65.78739378905048],[22.555002828135848,65.78777106414182],[22.55354593152117,65.78730196993669],[22.5522986258134,65.78754438212059],[22.552336871613456,65.789166812488],[22.55330818766066,65.78947955069876],[22.553517785224823,65.79019106927379],[22.554870025346474,65.79030440409623],[22.554974848111428,65.7906601621103],[22.555788997382443,65.79043924680586],[22.55589383348312,65.79079500405666],[22.55681282820957,65.79092984037224],[22.556970108337225,65.79146347491015],[22.55870328497513,65.79137737355218],[22.56324605320491,65.79187353691103],[22.56335099918828,65.79222928794883],[22.56177517367613,65.7928490710142],[22.562418363351238,65.79353903726772],[22.565451619930545,65.79338823664162],[22.566094921691615,65.7940781862813],[22.566961581148085,65.7940350855051],[22.570310020487284,65.79495143006999],[22.57057267273981,65.79584079254181],[22.57176765517646,65.7954203567846],[22.57246372511581,65.79628814923949],[22.574840772935687,65.79689177889679],[22.57614087640261,65.79682705019988],[22.576363944165795,65.79609399159561],[22.580421900456663,65.79643334001368],[22.58161674424439,65.79601282845873],[22.580972978334323,65.79532294890345],[22.58341512481046,65.79465977654371],[22.58362560377329,65.7953712449489],[22.58588530668989,65.79706350114135],[22.587132735962367,65.79682081298786],[22.588157413757788,65.79731118766782],[22.590810250707598,65.79735935665079],[22.59134897014578,65.79769346399983],[22.594487914978647,65.79789781015445],[22.59637951940764,65.79834486481076],[22.599465839587698,65.79837124588977],[22.60017434816735,65.79779437438815],[22.599963388761903,65.79708293360271],[22.603810714292013,65.79671021533923],[22.603260601582473,65.79782067933861],[22.60244664533909,65.79804184614589],[22.60260492216233,65.79857542361991],[22.60016292288486,65.79923890181016],[22.600373909007992,65.79995034206318],[22.59950711799647,65.79999363402443],[22.598470602728387,65.80094786699638],[22.597117630689652,65.80083492610831],[22.594675273349416,65.80149831999563],[22.59288886054423,65.8014069724499],[22.592127395438727,65.80180594932594],[22.59195743511728,65.80271689035972],[22.5898308679587,65.80444739082762],[22.591722883583436,65.80489449918164],[22.591552894909732,65.8058054400607],[22.59268344515325,65.80665150672488],[22.594956465012995,65.80689908293144],[22.597452063422995,65.80641354066887],[22.59734657728386,65.80605781847626],[22.59897506629702,65.80561552921522],[22.599016352304314,65.80723791747376],[22.600422437221642,65.80752869791633],[22.600264139482167,65.80699511835769],[22.60286520477472,65.80686520791187],[22.60404896387984,65.80788904492309],[22.605783055474802,65.80780239938913],[22.60675571939451,65.80811478368106],[22.6102238982347,65.80794141141311],[22.611852274918622,65.8074989858058],[22.617107219319053,65.80741657900374],[22.61743495401107,65.80703917707368],[22.619221829745292,65.80713023253439],[22.620921646535795,65.80538094715318],[22.620542835416877,65.80417608699648],[22.61913671950445,65.80388549232238],[22.617022372933768,65.80417183498578],[22.616863756331895,65.80363827584542],[22.617730634822657,65.80359488437706],[22.61762488268905,65.80323917887077],[22.615732559065375,65.80279239486867],[22.614918559152652,65.80301362867493],[22.614812848693063,65.80265792080657],[22.612645710465053,65.80276634820954],[22.61254003259016,65.80241063844305],[22.613354034933906,65.80218941730641],[22.613248350127723,65.80183370810082],[22.61454858659842,65.8017686506789],[22.616123641120254,65.80114833008327],[22.616017923227343,65.80079262312809],[22.617540015891002,65.79999443542906],[22.617381419474356,65.79946087664032],[22.618248156442913,65.79941748363879],[22.618417168381235,65.7985065228245],[22.619283871168438,65.79846312427738],[22.620805726825402,65.79766490635795],[22.623352825486904,65.7973568057824],[22.624060764815134,65.7967798290189],[22.625307801447477,65.79653683256416],[22.625201979582787,65.79618113302325],[22.62606859046529,65.796137696836],[22.625962760074636,65.79578199790889],[22.62756789066882,65.79570153259927],[22.6312975495707,65.7903427182051],[22.639986277471895,65.78703463672049],[22.64538691747289,65.78236438831038],[22.6575697113765,65.7756053006684],[22.6466010174261,65.7675209826933],[22.629626611492498,65.76057883753],[22.604195119519396,65.74896748549598],[22.636865963714,65.73790735481191],[22.6519919525198,65.7256029751429],[22.692209173667,65.73394201467839],[22.7107938778677,65.7308010551863],[22.7169667140691,65.7103161878469],[22.7354728450427,65.7111853927368],[22.7390399327984,65.7110226303001],[22.745418013632495,65.709109227441],[22.747244315396795,65.7065474501637],[22.747715649125997,65.69814462065249],[22.8019485963681,65.6980889054477],[22.834625625970205,65.691171722962],[22.926586827017804,65.57091497079375],[22.888714029999996,65.57289862]],[[22.53206027,65.54597781],[22.534230389687984,65.55344739194622],[22.534364096991304,65.55273463837594],[22.536303992506507,65.55191595850766],[22.538879972464333,65.5517873896093],[22.53941275516201,65.55212173925034],[22.540700749557065,65.55205743378238],[22.539635168152,65.55138874185552],[22.542262822114218,65.55143800683958],[22.541626535724255,65.5507478872822],[22.542485149806886,65.55070500612582],[22.542692140274173,65.5514165649524],[22.545164501557238,65.55093211097338],[22.544512928047926,65.55168656315759],[22.540049019120126,65.55281186834561],[22.53870926005882,65.55269827741566],[22.539035148145054,65.55232106313697],[22.537747135773127,65.552385354614],[22.53505194605271,65.55360268263553],[22.534286598758932,65.55364086434494],[22.534644420000003,65.55487249000001],[22.513174319999997,65.55594198999998],[22.51059736,65.54704688],[22.53206027,65.54597781]],[[22.54566073934763,65.54964399104426],[22.5469485927788,65.54957963384322],[22.547274323888438,65.549202403428],[22.548132875881326,65.54915949086394],[22.548029315684357,65.54880371587097],[22.550123859952038,65.54851852839916],[22.54871750547919,65.54967169453712],[22.547858937786312,65.54971461057737],[22.548014282312955,65.55024827317445],[22.546297103054624,65.55033409285183],[22.545164501557238,65.55093211097338],[22.54566073934763,65.54964399104426]],[[22.496440397392966,65.64449194909865],[22.496233779592494,65.6437803232],[22.499956727919294,65.64305462048203],[22.50011176139842,65.64358833542967],[22.49930166671404,65.64380891316908],[22.499077469054352,65.64454186933239],[22.497836430822023,65.64478377374971],[22.497991433161204,65.64531749117575],[22.496267770323133,65.64540280838104],[22.495578591864533,65.64453460108366],[22.496440397392966,65.64449194909865]],[[22.4847306,65.68367571],[22.48731507,65.69257119],[22.46572857,65.69363514],[22.46402034994563,65.68773872221708],[22.459621014665533,65.68799444769894],[22.459054477172224,65.6860373216468],[22.461109589644156,65.68557532528686],[22.463451888812152,65.6857765134678],[22.46315138,65.68473922],[22.4847306,65.68367571]],[[22.372738662824403,65.72706515098362],[22.373171061342727,65.7270441597001],[22.373222068353517,65.72722211413722],[22.372738662824403,65.72706515098362]],[[22.36794913,65.73450093],[22.34632177,65.73554832],[22.343780629999998,65.72665004],[22.36540068,65.72560308],[22.36794913,65.73450093]],[[22.53730724581933,65.77691787661684],[22.53865872190893,65.77703136272453],[22.538554190641136,65.77667559064795],[22.539853384759763,65.77661118025908],[22.540077347942,65.77587816606304],[22.54061495278292,65.77621246348258],[22.541481063321516,65.77616951293007],[22.541585632473314,65.77652528262429],[22.540719510204006,65.77656823388686],[22.54087635228871,65.77710188930087],[22.54001020924755,65.77714483673817],[22.53968168429749,65.77752207983565],[22.53654560533828,65.77731657758198],[22.53730724581933,65.77691787661684]],[[22.601053909999997,65.63276565999999],[22.62258308,65.63168309],[22.624236678912236,65.63612610201655],[22.626820478708314,65.63599595668359],[22.626662896932675,65.63546239792454],[22.628332842269785,65.6351977599733],[22.62812270118732,65.63448635068265],[22.62958239677686,65.63351029050858],[22.631409845523056,65.63377917521194],[22.63162006972682,65.63449057910051],[22.63377306547583,65.63438202468315],[22.635610536150143,65.63320634464881],[22.637280240107803,65.63294161068863],[22.637605620052536,65.63256418959317],[22.64002147786113,65.6333447897567],[22.639863644364237,65.63281124728893],[22.640619542825736,65.63241208871844],[22.643308138894184,65.63263736145178],[22.644116616062217,65.63241603210206],[22.643958705271224,65.63188249468632],[22.648211455982693,65.6314871669689],[22.648202234304982,65.63293167386168],[22.64997714157829,65.63302248958432],[22.651259766094796,65.63440171091432],[22.65141784529175,65.63493523902152],[22.650662045154927,65.63533445039094],[22.651030895070935,65.63657935053303],[22.652638980248053,65.63758110882917],[22.65500302675444,65.63818361921041],[22.65510848184531,65.63853930134036],[22.651979545311942,65.6397805164411],[22.649755282489192,65.64260050146046],[22.64808509730792,65.64286537761984],[22.647865131614797,65.64359850880604],[22.645974835901256,65.64459649409244],[22.64608019871127,65.64495218345093],[22.638685111251174,65.64803294167301],[22.63523853694189,65.64820674370078],[22.63470248718048,65.64787276489452],[22.628723501009368,65.64835456118496],[22.62856578972052,65.64782100567109],[22.627221079419304,65.64738661086143],[22.627835939999997,65.64946843],[22.606292280000005,65.65055190000001],[22.601053909999997,65.63276565999999]],[[22.556282554795217,65.77836322334905],[22.555415160559733,65.77872649542994],[22.55449661231088,65.7785916462866],[22.554339477671647,65.77805800778856],[22.55260717816357,65.77814405088104],[22.551583948945872,65.77765342316162],[22.55132217368898,65.7767640194305],[22.55447234018928,65.77552466783318],[22.555455516540004,65.77555442800445],[22.553962170000002,65.77048271],[22.575608499999998,65.76940563999999],[22.57823462,65.77829914999998],[22.55658096,65.77937667],[22.556282554795217,65.77836322334905]],[[22.52528612,65.67264490000001],[22.546852189999996,65.67157271],[22.549456519999996,65.68046692999998],[22.527883180000003,65.68153957000001],[22.52528612,65.67264490000001]],[[22.5200979,65.65485538],[22.54164945,65.65378407],[22.54424984,65.66267841999999],[22.522691029999994,65.66375016999999],[22.5200979,65.65485538]],[[22.37049951,65.74339872],[22.392132259999997,65.74234784],[22.39469191,65.75124513],[22.37305184,65.75229644],[22.37049951,65.74339872]],[[22.827739653616135,65.63386240724091],[22.827632489883403,65.6349512875515],[22.825425748094528,65.63488485485897],[22.825801902000737,65.63324040299995],[22.827093526595448,65.6331736029147],[22.827739653616135,65.63386240724091]],[[22.822572294375163,65.6312407254844],[22.820796391533957,65.63115196604971],[22.82047334141655,65.63008533756802],[22.82128048711853,65.62986306547191],[22.821495596248415,65.62912972924843],[22.822787029854346,65.62906296782369],[22.825800860003202,65.63035156682396],[22.825908614355193,65.6307071052041],[22.825101484014965,65.63092940176946],[22.825855258895658,65.63197375409239],[22.823702640189822,65.63208506295804],[22.82354104482849,65.63155175262197],[22.822411059204832,65.63215183371675],[22.822572294375163,65.6312407254844]],[[22.815522742275878,65.62673006355358],[22.81627602771109,65.62633004506503],[22.816060829566652,65.62561895136106],[22.817298299367923,65.62537446490997],[22.817621104491078,65.62499667922545],[22.819826989357836,65.62506323436784],[22.821441226396693,65.62606311675711],[22.824938486508973,65.62606283720524],[22.825046207627516,65.62641837652258],[22.82230239004168,65.62746303193016],[22.82246392933398,65.62799634413891],[22.820795922075543,65.62826312396764],[22.820580580953948,65.62755203814937],[22.81799784293907,65.62768551108319],[22.81826684732955,65.62712995123476],[22.815522742275878,65.62673006355358]],[[22.821442579518827,65.63328522008311],[22.822572635869715,65.63268514545587],[22.82321863084198,65.6333739704073],[22.822895811144196,65.63375176820132],[22.821442579518827,65.63328522008311]],[[22.822519119009293,65.63395179488698],[22.82208856067031,65.63397404999658],[22.822034701060833,65.63379627926791],[22.822519119009293,65.63395179488698]],[[22.822034385768553,65.63235185899939],[22.8220882417666,65.63252962976212],[22.8216577065512,65.63255188340749],[22.822034385768553,65.63235185899939]],[[22.819511181685826,65.67021809147666],[22.819834474033037,65.66984029577824],[22.82199024585568,65.66972900894913],[22.821398075595983,65.67210679846947],[22.81897270970265,65.67277364494852],[22.816762748334174,65.67270711967096],[22.816493156310298,65.67181825895595],[22.81546904116039,65.67132942910771],[22.819511181685826,65.67021809147666]],[[22.818966404684325,65.62799656938483],[22.8190202288139,65.6281743415576],[22.81858976259136,65.62819658577554],[22.818966404684325,65.62799656938483]],[[22.807007508831852,65.66941850275568],[22.80641482212247,65.66890739053649],[22.805552510984445,65.66895182052946],[22.805283350147583,65.66806293551242],[22.806684875430392,65.66690741579812],[22.808355505809423,65.66664076376625],[22.809864529197505,65.66584076832406],[22.81363663573441,65.66528514303488],[22.815845878818337,65.66390729704489],[22.817516216666178,65.66364054728035],[22.818486145588547,65.66395159459672],[22.81875570741408,65.66484045198926],[22.81789355694598,65.6648849503841],[22.81762420127364,65.66544051351683],[22.81643874146469,65.66586279479868],[22.816600448378743,65.66639611179808],[22.81751656147536,65.66652939210798],[22.817139364948247,65.66672941076871],[22.817786122349457,65.66741825126365],[22.816007838824675,65.66877388473726],[22.813582636096182,65.66944064342105],[22.812181401867544,65.66915179951486],[22.812073643221897,65.66879625124106],[22.80991789770742,65.66890739703398],[22.80910945241831,65.66912962227377],[22.809809927480618,65.66999627363087],[22.80657592429238,65.67088514878347],[22.80549819323463,65.67021847286956],[22.80673787677026,65.66997404946846],[22.807007508831852,65.66941850275568]],[[22.81159354835869,65.63397448312652],[22.810140501026282,65.63350782482661],[22.80540610668562,65.62941888866114],[22.805299273373045,65.62761890271508],[22.80793632211872,65.62621899363192],[22.809281405944365,65.62633012508927],[22.809442669531457,65.62686345401805],[22.81164869987672,65.62693012659865],[22.81224047760689,65.62744122753914],[22.81369321458144,65.62790786891782],[22.814554146751348,65.62786340705654],[22.814338848835526,65.62859673538512],[22.815630278108422,65.62853003493984],[22.815145921133787,65.62981892017874],[22.81433872215484,65.63004116018533],[22.81444631811388,65.63039670835066],[22.815845453061446,65.63068555302006],[22.81563017323509,65.63141888302202],[22.81654503337483,65.63155218214192],[22.816975587642297,65.6329743663502],[22.816383585011888,65.63390770974857],[22.817083276806326,65.6347743352668],[22.815468595623237,65.63521883458249],[22.813800189174952,65.6340411180707],[22.81159354835869,65.63397448312652]],[[22.80814424936664,65.65004095296995],[22.81035225679521,65.65010762389177],[22.810513720412505,65.65064094977693],[22.808682336987086,65.65181871438648],[22.805342943479445,65.65235198782278],[22.80814424936664,65.65004095296995]],[[22.80818907311906,65.68921827806992],[22.808296880756757,65.6895738286923],[22.807433885813527,65.68961827645273],[22.80818907311906,65.68921827806992]],[[22.8050267973564,65.63539659322001],[22.803734993937777,65.6354632072792],[22.80341257972161,65.6343965358203],[22.804166271633445,65.63399657321398],[22.805027425216743,65.63395216312233],[22.805726741448225,65.63481884491051],[22.8050267973564,65.63539659322001]],[[22.80539896178528,65.64675204660958],[22.804698703801648,65.64732979675986],[22.803837105847645,65.64737420960726],[22.802867980750808,65.64706306046801],[22.802706700999302,65.64652972457158],[22.80442984227062,65.6464409073884],[22.80539896178528,65.64675204660958]],[[22.804683240887158,65.68921826016386],[22.804305622466842,65.6894182513686],[22.805006529262215,65.69028492065564],[22.80425126153053,65.69068490405851],[22.801608269011076,65.69064038713051],[22.80144668843259,65.69010705269584],[22.80225584764523,65.68988486080634],[22.802525758362396,65.68932931902305],[22.804683240887158,65.68921826016386]],[[22.80238342688466,65.64690748348818],[22.80243718471917,65.64708526227595],[22.802006387875238,65.64710746286953],[22.80238342688466,65.64690748348818]],[[22.758894426480246,65.6623214913102],[22.760190746598834,65.66081078879142],[22.76148394621293,65.66074453107304],[22.763425164293796,65.65992289736275],[22.761917960895218,65.65927798864787],[22.761757431353807,65.65874460150457],[22.76456052505667,65.6578787764689],[22.76671558776367,65.65776828158093],[22.768549316783655,65.65659099921116],[22.76941129333185,65.65654678278092],[22.76930418372871,65.65619119759373],[22.77210674495032,65.65532523875905],[22.77356269309906,65.6543478076992],[22.77485552951528,65.65428143985058],[22.775125706503697,65.65372594428855],[22.77744328497684,65.65270422584173],[22.779975144823656,65.65239362688253],[22.787461462102335,65.65255045040416],[22.788484294552287,65.6530394821999],[22.787459916373773,65.65399489025107],[22.78724367591281,65.65472819009348],[22.78778196834869,65.65506159961572],[22.789452048604883,65.65479516127755],[22.78977560473311,65.65441742695226],[22.791068394607297,65.65435092151215],[22.792900764861574,65.6531733591953],[22.795325021244064,65.65250694075088],[22.79758695651958,65.65275157691364],[22.798663732157284,65.65341831869645],[22.798447814027696,65.65415163114409],[22.79650815748259,65.65497369629848],[22.79704657260583,65.65530707169705],[22.796184694059736,65.65535144401441],[22.795053055860723,65.65595133861417],[22.795968692647556,65.65608475381676],[22.795214248876405,65.65648468360658],[22.796128857322188,65.6580625324803],[22.795320622405505,65.65828468210556],[22.794727309791593,65.6592179548552],[22.792787162009883,65.66003997760691],[22.79289461256092,65.66039554269523],[22.79133164421533,65.6610175886246],[22.79143907969779,65.66137315490333],[22.78831288062844,65.66261720343762],[22.7884202827191,65.66297277220458],[22.79186885409114,65.66279541893866],[22.793485648627286,65.66235114875089],[22.79370059518684,65.66306227741572],[22.791867588664076,65.66423985611904],[22.791005402689237,65.66428420221752],[22.79051925266689,65.66557302794575],[22.789764455085688,65.66597293436074],[22.790410470119593,65.6666618990541],[22.787067258465925,65.66863923419115],[22.781893157160788,65.6689050839936],[22.78135464037043,65.66857165584935],[22.78006111174524,65.66863808620438],[22.78038686061025,65.66681592511692],[22.781950441030467,65.66619398548931],[22.782220573785718,65.66563847767709],[22.783460271863756,65.66539424415478],[22.78362301759587,65.66448316141499],[22.782546145256827,65.66381631385927],[22.7795284622684,65.66397131887646],[22.778396065179486,65.66457109720119],[22.777746326619,65.66677096787124],[22.776289868042475,65.66774844447067],[22.775427533391976,65.66779270365616],[22.773917313730845,65.66859236915428],[22.77095260956119,65.66892500070264],[22.769551856327517,65.66863575858076],[22.76939110002895,65.66810238178981],[22.77019986776525,65.66788036469251],[22.770470269639638,65.66732487500424],[22.77014874613503,65.66625812332938],[22.769286448410583,65.66630234726354],[22.76864100032427,65.66561328690186],[22.76772515426014,65.66547970902812],[22.767243090575644,65.6638795703024],[22.768375722025265,65.66327987274323],[22.767891059286733,65.66312418674974],[22.768107905841266,65.66239090817189],[22.765574920200628,65.66270132083376],[22.764873351430502,65.66327890078425],[22.76401114189895,65.66332309385417],[22.76411821443042,65.66367868318765],[22.762393762457155,65.66376705619584],[22.76206969421102,65.66414473745402],[22.760939868285643,65.66329993532824],[22.76013115894146,65.66352190249789],[22.758894426480246,65.6623214913102]],[[22.793782298370672,65.63001802316269],[22.796687475388353,65.63095164867967],[22.79652532915137,65.6318627387959],[22.79415667032355,65.63270693884878],[22.792811310429393,65.63259567611705],[22.792219787551435,65.63208449670897],[22.792544375835906,65.63026232244505],[22.793782298370672,65.63001802316269]],[[22.77502077495031,65.65192591692757],[22.774750612148946,65.65248141214386],[22.775288697786173,65.65281486808671],[22.771948444619326,65.65334741569241],[22.7713568297047,65.65283615577252],[22.77248889605985,65.65223643344613],[22.77502077495031,65.65192591692757]],[[22.774964946924335,65.6531925735307],[22.775018532641436,65.65337036381017],[22.77458760327345,65.65339248794588],[22.774964946924335,65.6531925735307]],[[22.754244739189907,65.60171923482318],[22.754084795026493,65.6011858338876],[22.755108448367835,65.60023065929462],[22.75478855393278,65.59916385916316],[22.75597206330122,65.59874207984824],[22.757638899758348,65.59847602523752],[22.758605648496776,65.59878748752081],[22.762152680707597,65.59896649112235],[22.763816422417275,65.6001448231054],[22.765106595067603,65.6000785658877],[22.76499982449184,65.5997229744011],[22.765859924030085,65.59967879758874],[22.766989874212488,65.59907913857236],[22.769140053625694,65.59896865987635],[22.769353703688285,65.59967983580232],[22.767900538646806,65.60065719702386],[22.76440662536768,65.60065612669611],[22.76101623692275,65.60245502631305],[22.75848897068438,65.6027652613721],[22.754244739189907,65.60171923482318]],[[22.76578686235332,65.55725626586222],[22.76584014770251,65.55743406228555],[22.7654107952562,65.55745614397291],[22.76578686235332,65.55725626586222]],[[22.760414889641957,65.55969888262459],[22.75912670136288,65.55976507922936],[22.756177723513698,65.55865283714904],[22.758218150575765,65.55818694687441],[22.761276992692338,65.5582102894063],[22.76235204330444,65.55743288404288],[22.76530423110666,65.55710055073706],[22.764335836540738,65.55823357010254],[22.76143676593415,65.55874368425384],[22.760414889641957,65.55969888262459]],[[22.75901075577227,65.65834371793115],[22.756581742818167,65.66045402897103],[22.75571961015199,65.66049817416824],[22.755238398299824,65.65889798868284],[22.756100478787424,65.6588538467562],[22.755509040840742,65.65834252322851],[22.756588244232006,65.65756511484518],[22.7587433217749,65.657454732967],[22.75901075577227,65.65834371793115]],[[22.75863635383183,65.65709913879375],[22.75777433683271,65.65714329446392],[22.75815186587497,65.65694341992793],[22.75745348716912,65.65607650912055],[22.75891003792051,65.65509921239261],[22.760149468514356,65.65485517196704],[22.760042494215334,65.65449957886109],[22.760904418758024,65.65445541126758],[22.760416918401003,65.65574415426295],[22.75852938912049,65.65674354451339],[22.75901387546092,65.65689926219076],[22.7587433217749,65.657454732967],[22.75863635383183,65.65709913879375]],[[22.75964653962086,65.66336618974361],[22.759215428447753,65.66338827211752],[22.759161926098894,65.6632104753833],[22.75964653962086,65.66336618974361]],[[22.759322435570738,65.66374386550558],[22.75937594034489,65.66392166215937],[22.75894481966366,65.66394374386311],[22.759322435570738,65.66374386550558]],[[22.74349557935243,65.56435856964121],[22.743818762921723,65.56398093763028],[22.74639564274279,65.56384878876658],[22.747095075829957,65.56327131699281],[22.74881293877694,65.56318318603846],[22.7481707570159,65.56249400575997],[22.749352742653073,65.56207229414863],[22.749246374794318,65.56171668755121],[22.750964126507345,65.56162853334506],[22.75123397352471,65.56107308438602],[22.750698163372036,65.56073952000277],[22.751826831475714,65.56013998766046],[22.752738854717848,65.56027370083049],[22.752632449524818,65.55991809700943],[22.75649707508612,65.55971963948018],[22.756820014441182,65.55934198228641],[22.758214665603642,65.55963140467946],[22.75832114553126,65.55998700379469],[22.756816455499152,65.56078644085039],[22.755098783166453,65.5608746606388],[22.754399591468513,65.56145216685678],[22.7526286596717,65.5613625578887],[22.75149995904131,65.56196209655718],[22.751283308692965,65.56269534847598],[22.74999494435834,65.56276146920166],[22.748166727438374,65.56393846906487],[22.746878292117007,65.56400456400551],[22.74671467073894,65.564915615161],[22.744190844268307,65.5652255759239],[22.744403479785937,65.56593679722023],[22.740161431784188,65.56633477546225],[22.739519394327516,65.56564555696242],[22.740595399404242,65.56486829617434],[22.74349557935243,65.56435856964121]],[[22.756667872666483,65.64618725567495],[22.757582976970934,65.64632090784616],[22.75677475947839,65.64654285202552],[22.756667872666483,65.64618725567495]],[[22.75688164951839,65.64689844826898],[22.75601996761242,65.64694259051754],[22.755913089154866,65.64658699354759],[22.75677475947839,65.64654285202552],[22.75688164951839,65.64689844826898]],[[22.757579380737887,65.55605334954984],[22.756720703639882,65.55609746454802],[22.756667483773708,65.55591966423543],[22.757579380737887,65.55605334954984]],[[22.75742263301195,65.64578751428965],[22.757476080191214,65.6459653121686],[22.757045255734926,65.64598738542138],[22.75742263301195,65.64578751428965]],[[22.75454680483649,65.65514214757603],[22.7546002555286,65.65531994645094],[22.753738289352857,65.65536407868062],[22.75454680483649,65.65514214757603]],[[22.751974968999313,65.56500677796657],[22.752404459555684,65.56498473295247],[22.7524576726771,65.56516253485336],[22.751974968999313,65.56500677796657]],[[22.7524576726771,65.56516253485336],[22.754175638388308,65.56507434197222],[22.754282090040526,65.56542994424606],[22.752993599705206,65.56549609180801],[22.7524576726771,65.56516253485336]],[[22.753791735056733,65.655541877892],[22.753845181567954,65.65571967707666],[22.753414191472462,65.65574174173196],[22.753791735056733,65.655541877892]],[[22.751568573737185,65.55636205293195],[22.75199792230226,65.55634001055277],[22.75205111136028,65.55651781282906],[22.751568573737185,65.55636205293195]],[[22.75205111136028,65.55651781282906],[22.75253365473012,65.55667357112809],[22.752104301218772,65.55669561507868],[22.75205111136028,65.55651781282906]],[[22.742959725690284,65.60049223497093],[22.74285325573612,65.60013662478414],[22.741939866024527,65.60000286617355],[22.741726962031063,65.59929164392582],[22.74334075428702,65.59884793909147],[22.747264506727873,65.59882746099915],[22.751024631695888,65.5997179375618],[22.751827758797194,65.6009404991058],[22.7480102406231,65.6013167044261],[22.74473331026369,65.60058192953713],[22.742959725690284,65.60049223497093]],[[22.75146220376964,65.5560064479376],[22.751515388353226,65.55618425044811],[22.751086041860777,65.55620629143678],[22.75146220376964,65.5560064479376]],[[22.750603515731,65.55605052834363],[22.749155971821047,65.55558322947638],[22.750926499131786,65.55567288328272],[22.750603515731,65.55605052834363]],[[22.748968512661552,65.56516105918183],[22.748539015693357,65.56518309451496],[22.748485829254985,65.56500529095919],[22.748968512661552,65.56516105918183]],[[22.74187515763075,65.56769118749864],[22.742681094132077,65.56746934648199],[22.742145255060898,65.56713575210239],[22.74289801964925,65.56673610397641],[22.746657391135898,65.56618227492896],[22.746493752915132,65.56709332604403],[22.745687861673247,65.56731518688386],[22.7457942085467,65.56767079622291],[22.74493512460534,65.56771484859708],[22.74552418466131,65.56822623736643],[22.744665081857796,65.56827028840488],[22.744607704792706,65.56953694845988],[22.74278308896014,65.56926942453406],[22.742623619681268,65.5687360067855],[22.74171134508441,65.56860223527114],[22.74187515763075,65.56769118749864]],[[22.739206128931322,65.70755892602719],[22.73936655839434,65.70809233831338],[22.7374210262465,65.70891370901663],[22.736125346868786,65.70897978721419],[22.73628994812207,65.7080687359335],[22.737857056704247,65.70744721399123],[22.739206128931322,65.70755892602719]],[[22.73450492751372,65.55615390459097],[22.734075564186334,65.55617589749913],[22.734022498553117,65.55599808762841],[22.73450492751372,65.55615390459097]],[[22.732931647689796,65.64288813806553],[22.733522273387432,65.64339955777506],[22.732065381175893,65.64437661424137],[22.72991125269743,65.64448660766988],[22.73007579974498,65.64357556431317],[22.731314971071672,65.64333176201444],[22.73163924975439,65.6429541443539],[22.732931647689796,65.64288813806553]],[[22.721552668485494,65.67794944349096],[22.720908171278698,65.67726017058838],[22.723229995671726,65.67623923635601],[22.72500873747063,65.67632910880882],[22.72511533977419,65.67668473045872],[22.726516061783286,65.6769743827023],[22.72678263326451,65.67786343337792],[22.72527031015484,65.67866263659346],[22.72112127583845,65.67797142059891],[22.721552668485494,65.67794944349096]],[[22.697639631054805,65.68440086490993],[22.697964885315674,65.68402330911852],[22.697373978255346,65.68351175375074],[22.698668503059256,65.68344601750276],[22.698562230126477,65.68309037393705],[22.699425231016516,65.68304654440824],[22.698881058568407,65.68415730431647],[22.700122462208416,65.68391373382529],[22.700016167015843,65.6835580915019],[22.700879180517276,65.68351425358682],[22.701038641949705,65.6840477159486],[22.69828370298941,65.68509024087052],[22.69882152221656,65.6854239705073],[22.697148488409923,65.68568944183356],[22.69390187464236,65.68802046812051],[22.691850128412618,65.6884856079452],[22.69131233165903,65.68815185339912],[22.691372234603513,65.68688518639249],[22.694884514464533,65.68544333002087],[22.695747601193354,65.68539952050341],[22.695050472543045,65.68453230995769],[22.697639631054805,65.68440086490993]],[[22.699318949673543,65.68269090145893],[22.700181935722128,65.682647067784],[22.70083231901571,65.68189194591363],[22.702020439977876,65.68147054039918],[22.700998051734263,65.68098092168707],[22.701323216454913,65.68060335963334],[22.699975702373933,65.68049129570153],[22.700088321896747,65.67940245093233],[22.698740875439306,65.67929037536055],[22.69885354483989,65.67820153101064],[22.697506165999755,65.67808944380019],[22.697399935457437,65.67773379900763],[22.693191934932244,65.67830848005318],[22.69260125866337,65.6777969038027],[22.693304836531343,65.67721963746472],[22.690716368730858,65.67735100161413],[22.69136690699196,65.67659591872436],[22.69007270192735,65.67666158950874],[22.690178826669058,65.67701724049724],[22.68855929014771,65.67746043827522],[22.689050730869745,65.6761718861849],[22.68991352083187,65.67612811282788],[22.688997677918497,65.67599406021124],[22.689269907641286,65.67543869678265],[22.688354092472668,65.67530464000423],[22.688520237450966,65.67439362525946],[22.690677061110286,65.67428419175592],[22.692084091210052,65.67312967496619],[22.695534802230263,65.67295448781873],[22.69666951342924,65.67235530411754],[22.69968876555839,65.67220192973578],[22.700226324519708,65.6725356570142],[22.704214503201236,65.67269399900866],[22.70410820728354,65.67233835959426],[22.702814253596905,65.67240413634936],[22.70227666461651,65.67207041853642],[22.70092959388048,65.67195835854645],[22.703570603294647,65.67200464651424],[22.702714198974135,65.67060400970777],[22.705036176471314,65.66958335207434],[22.70406735479043,65.66927156918152],[22.705739260768503,65.6690060332476],[22.706064215556733,65.6686284632368],[22.70983910657402,65.6680753883708],[22.711351316297822,65.66727634002811],[22.71312940673088,65.66736635821799],[22.71247972560195,65.66812152542744],[22.713123757829838,65.66881083877095],[22.71479553529417,65.66854520446685],[22.717063620764776,65.66734655462932],[22.718788496239213,65.6672586920612],[22.720076883354267,65.66863725919579],[22.719693611829776,65.6702815208243],[22.720987407986136,65.67021560190128],[22.72200972869026,65.67070508672936],[22.722382609446587,65.67194977180051],[22.7214615902978,65.67326039101998],[22.72226582325639,65.67448309875148],[22.721403153951222,65.6745270546042],[22.72081201694567,65.67401559280815],[22.71994936022551,65.67405954027599],[22.719677805670077,65.67461495171177],[22.717952444496785,65.6747028293553],[22.71805894196938,65.67505845702111],[22.71945949959423,65.67534817600125],[22.716333544677415,65.6751463166477],[22.716440022140194,65.67550194565462],[22.715577307046136,65.67554586889214],[22.715737011853623,65.6760793132887],[22.714064762082945,65.67634496280446],[22.714171214355826,65.6767005936633],[22.715465347725726,65.67663471832542],[22.71449059048878,65.67776748560237],[22.71529464895108,65.67899023207548],[22.71782987281633,65.67868063523392],[22.718527589872423,65.6795477351679],[22.71604553827232,65.68003515897442],[22.71658347395201,65.68036882453221],[22.714479514427815,65.68065644486644],[22.71318517726789,65.68072231389102],[22.71248760390385,65.6798551879475],[22.70908931282545,65.68020858563803],[22.70887066771628,65.6809417982076],[22.70962136063569,65.68198675887724],[22.70800186372948,65.68243016351192],[22.707458073189514,65.68354095022207],[22.70611038182109,65.68342894250412],[22.705950820591987,65.68289548648741],[22.70562569724803,65.68327305802983],[22.70470952309038,65.68313910350706],[22.705359784439068,65.68238396349996],[22.702770874562916,65.68251553754912],[22.70244570879504,65.68289310271852],[22.70066657652784,65.68280297006703],[22.70077287691493,65.6831586118799],[22.699425231016516,65.68304654440824],[22.699318949673543,65.68269090145893]],[[22.719677805670077,65.67461495171177],[22.72150969788064,65.67488267937438],[22.719837587929792,65.67514839099908],[22.719677805670077,65.67461495171177]],[[22.720513358830953,65.66717081003564],[22.721375785294953,65.66712686172636],[22.721429038361237,65.66730467431],[22.720513358830953,65.66717081003564]],[[22.721429038361237,65.66730467431],[22.721913510059544,65.6674605105264],[22.721482292232373,65.66748248686706],[22.721429038361237,65.66730467431]],[[22.721384568181463,65.69492752841954],[22.721597860860395,65.69563877596946],[22.719924420918222,65.6959045022071],[22.719066265056302,65.69450397520885],[22.71976967670849,65.6939265879577],[22.721384568181463,65.69492752841954]],[[22.720375466259362,65.67548204370063],[22.720806818250527,65.67546006912698],[22.72086008803209,65.67563788175443],[22.720375466259362,65.67548204370063]],[[22.720428733137208,65.67565985650906],[22.72048200082036,65.6758376692909],[22.72005064221579,65.67585964300999],[22.720428733137208,65.67565985650906]],[[22.71989085029343,65.67532620404171],[22.71999737743641,65.67568183004715],[22.719566020929754,65.67570380236867],[22.71989085029343,65.67532620404171]],[[22.718426383989655,65.67774763057189],[22.718479643106612,65.67792544414719],[22.71804824772191,65.67794741255727],[22.718426383989655,65.67774763057189]],[[22.717776616287274,65.67850282140296],[22.71820802119114,65.6784808536667],[22.718261280624745,65.6786586673167],[22.717776616287274,65.67850282140296]],[[22.717446347495898,65.68032489395802],[22.71749960626825,65.68050270788513],[22.71706816699423,65.68052467396161],[22.717446347495898,65.68032489395802]],[[22.716535644556206,65.67874653168514],[22.71648239674085,65.67856871731135],[22.716913804062084,65.67854675322528],[22.716535644556206,65.67874653168514]],[[22.714286899815153,65.63318837197154],[22.71557886500789,65.63312251791318],[22.71568512460593,65.63347814952941],[22.713962479596212,65.63356595395676],[22.71331935821835,65.63287663507819],[22.714127542472895,65.63265492272313],[22.714664432872564,65.6329886056239],[22.714286899815153,65.63318837197154]],[[22.708315166131246,65.65858522209648],[22.709177332116138,65.6585413457255],[22.708905687984416,65.65909673872649],[22.708043502992833,65.65914061374981],[22.708315166131246,65.65858522209648]],[[22.705228415095817,65.70098444071614],[22.708304189778943,65.70100868003522],[22.708517183520126,65.7017199490163],[22.705813945929133,65.70294044361181],[22.70322298387343,65.70307204631924],[22.70338872320655,65.70216101923216],[22.705228415095817,65.70098444071614]],[[22.693286568447807,65.65808560476606],[22.692696376065435,65.65757402404282],[22.69140312378608,65.6576396964208],[22.6928092604038,65.65648518221083],[22.69232516799277,65.65632924931283],[22.69265017214468,65.65595170755029],[22.693618352157813,65.65626356977857],[22.696045543390095,65.65559870747455],[22.697769723673268,65.65551109073238],[22.69993135883214,65.65395705464759],[22.70424147329925,65.65373786920578],[22.707848886800008,65.65409588923359],[22.708167667919316,65.65516280030229],[22.70395736838894,65.65718222528555],[22.704222922053866,65.65807132571935],[22.700874081203175,65.66004681936775],[22.70001184828893,65.6600906492755],[22.699361950818343,65.66084576251573],[22.697743573459874,65.66128904628347],[22.693054035389732,65.66170778013498],[22.692463760609936,65.66119619933208],[22.69154843874067,65.66106215679265],[22.691396231154414,65.65908418865597],[22.693286568447807,65.65808560476606]],[[22.706163570506188,65.6836067611233],[22.706216759995684,65.68378457971602],[22.70578525458506,65.6838065144296],[22.706163570506188,65.6836067611233]],[[22.704173635007017,65.66962720877423],[22.703742363069075,65.6696491352997],[22.703689225461865,65.669471315336],[22.704173635007017,65.66962720877423]],[[22.701980700674216,65.70331565114014],[22.703814476378223,65.70358357307082],[22.7037551945557,65.70485023883455],[22.700193898445757,65.70467001416857],[22.699981104113686,65.7039587314837],[22.701980700674216,65.70331565114014]],[[22.70379550147949,65.66982695523693],[22.703364225835,65.66984888072662],[22.70331109032734,65.66967106060882],[22.70379550147949,65.66982695523693]],[[22.702501672134723,65.669892728057],[22.702932949386728,65.66987080499999],[22.702986082794737,65.67004862527185],[22.702501672134723,65.669892728057]],[[22.699476305922836,65.67149064315534],[22.69845437082506,65.6710010027498],[22.70077655509024,65.6699804081215],[22.70207039407903,65.66991464989766],[22.702607933948176,65.67024836893533],[22.699476305922836,65.67149064315534]],[[22.698318369184445,65.72624718360252],[22.69859086277509,65.72569180053382],[22.699455284597903,65.72564795637243],[22.701071460605757,65.7266490998683],[22.701444304864133,65.72789383735993],[22.700147564422164,65.72795961980364],[22.698318369184445,65.72624718360252]],[[22.69867491402436,65.68200152953217],[22.699537878433564,65.68195769973592],[22.700075645969633,65.68229142545106],[22.69867491402436,65.68200152953217]],[[22.69856703712959,65.66991215873037],[22.699807767979614,65.66966859770505],[22.699535819054596,65.6702239771141],[22.698673245084613,65.67026780291083],[22.69856703712959,65.66991215873037]],[[22.699715315993316,65.72798154484558],[22.69928306675713,65.72800346866781],[22.699229815457215,65.7278256482012],[22.699715315993316,65.72798154484558]],[[22.698188855418753,65.67011189172716],[22.698241956894613,65.67028971398462],[22.69781066790132,65.67031162384198],[22.698188855418753,65.67011189172716]],[[22.69364291481641,65.709154351741],[22.696287728358598,65.70920072765381],[22.697796320589777,65.70984627375834],[22.69816871604116,65.71109102362985],[22.69557689143898,65.71122250482645],[22.693742647790806,65.71095448828102],[22.692719211838664,65.71046482438926],[22.692506565534153,65.70975352970567],[22.69364291481641,65.709154351741]],[[22.69619168022472,65.67075489734722],[22.697485571852184,65.67068917764028],[22.697160466597715,65.67106673083809],[22.69619168022472,65.67075489734722]],[[22.69710834554317,65.68262264192992],[22.697161470478736,65.68280046434701],[22.69672997222754,65.6828223732733],[22.69710834554317,65.68262264192992]],[[22.696457835362196,65.68337774915801],[22.69688934313611,65.68335584090732],[22.696942468379138,65.68353366339909],[22.696457835362196,65.68337774915801]],[[22.695701051253696,65.68377720804797],[22.69613256644834,65.68375530187062],[22.69623880932591,65.68411094744386],[22.695701051253696,65.68377720804797]],[[22.69623880932591,65.68411094744386],[22.69672345507991,65.68426686225476],[22.69629193196981,65.68428877019083],[22.69623880932591,65.68411094744386]],[[22.696079446214625,65.68357747904429],[22.69651095769889,65.68355557183031],[22.696564080838986,65.68373339447608],[22.696079446214625,65.68357747904429]],[[22.694731796227057,65.68346536998911],[22.694950860778768,65.68273217348757],[22.69586697331326,65.68286618747447],[22.694731796227057,65.68346536998911]],[[22.672122723084506,65.6178217261545],[22.672930811047618,65.61760023430897],[22.672658762714107,65.61815556630052],[22.672122723084506,65.6178217261545]],[[22.654202995513604,65.68118480833277],[22.65463434893703,65.68116302812771],[22.654687178886856,65.68134086834996],[22.654202995513604,65.68118480833277]],[[22.65485437812878,65.680429886273],[22.660205826601658,65.67781293707402],[22.661499697940982,65.67774754358386],[22.662248228167783,65.67879276646974],[22.661438485365228,65.67901420539233],[22.6617028501159,65.67990339229205],[22.66272414421042,65.6803932994196],[22.662935683244346,65.6811046467145],[22.664282606060247,65.68121706460951],[22.664115736352834,65.68212805371311],[22.665788259685485,65.68186297725633],[22.666545139229104,65.68146367940643],[22.66633349761871,65.68075233817702],[22.66719616470126,65.68070870807564],[22.667188150829002,65.68215320433472],[22.66648417615224,65.68273034074922],[22.665621440343585,65.68277396750675],[22.666317377616817,65.68364133155895],[22.665181951540966,65.68424027631316],[22.664628456305948,65.68679540994256],[22.66316721497978,65.68777182326258],[22.660957043653777,65.68770300095198],[22.659935485146363,65.68721308459908],[22.657778233363608,65.6873220535397],[22.656272448992677,65.68667606282362],[22.65454667009329,65.68676319860158],[22.6537894512132,65.68716244013673],[22.654335305695174,65.68605183782992],[22.653692530618837,65.68536225610552],[22.65676533224542,65.68538761354873],[22.65741673796574,65.68463268024549],[22.658710958223637,65.68456730696252],[22.66060358392831,65.68356913905136],[22.661466356374063,65.68352554041068],[22.660611961583587,65.68212463943779],[22.658833642391897,65.6820339827907],[22.657698107935047,65.68263287271593],[22.657539548995338,65.68209935583107],[22.65840227872579,65.6820557750206],[22.6582965651389,65.68170009768438],[22.655277037778543,65.68185260672001],[22.654687178886856,65.68134086834996],[22.65485437812878,65.680429886273]],[[22.663586806660287,65.68034968985721],[22.66294393797592,65.67966014825004],[22.66553184120087,65.67952930198192],[22.665690545690506,65.68006280903445],[22.664827897050262,65.68010643040037],[22.665365022952937,65.68044029192194],[22.663586806660287,65.68034968985721]],[[22.66622768161444,65.68039666740464],[22.6659021628772,65.68077415140327],[22.665365022952937,65.68044029192194],[22.66622768161444,65.68039666740464]],[[22.663019902270655,65.60185673823845],[22.66226489717128,65.60225601211707],[22.660974302800383,65.60232139812152],[22.660008555827908,65.60200930307404],[22.661141097490297,65.60141040735746],[22.66243164616786,65.6013450204019],[22.663019902270655,65.60185673823845]],[[22.651619704411623,65.59431124075212],[22.651032010673873,65.59379946648593],[22.649689700087485,65.5936868842415],[22.64916392208951,65.59190843939405],[22.651313306870577,65.59179967300739],[22.654331416044194,65.59020284463246],[22.65782390487101,65.59020647360126],[22.658473375696207,65.58945154312497],[22.659333352415164,65.5894079721796],[22.660342428711015,65.59134242607973],[22.659157651574052,65.59176347117398],[22.65893818638413,65.59249661945864],[22.657805969612067,65.5930954953415],[22.655708331316166,65.5933822370093],[22.655813577190223,65.59373792065847],[22.654953770707547,65.59378145694474],[22.654629098017054,65.59415890788851],[22.651619704411623,65.59431124075212]],[[22.654698482006527,65.60029260933993],[22.655830595345485,65.5996937771105],[22.6571205942609,65.59962846042102],[22.65786650610063,65.60067373090884],[22.65566378147883,65.60060475574032],[22.654698482006527,65.60029260933993]],[[22.657750962513706,65.68281071162507],[22.65731958482505,65.68283250092381],[22.657266733152554,65.68265466183513],[22.657750962513706,65.68281071162507]],[[22.657372437296907,65.68301033998628],[22.65694105590266,65.68303212824807],[22.65688820633703,65.68285428900609],[22.657372437296907,65.68301033998628]],[[22.656993906267633,65.68320996746382],[22.65656252116777,65.68323175468868],[22.656509673709074,65.68305391529337],[22.656993906267633,65.68320996746382]],[[22.65690973020659,65.60776195487149],[22.655724642431732,65.60818295694936],[22.65395142456605,65.60809219123077],[22.653793490075774,65.60755866440017],[22.65621629385231,65.60689452281842],[22.65690973020659,65.60776195487149]],[[22.647335582987754,65.6004846333923],[22.644817505507483,65.59934842778391],[22.644607262804648,65.59863704256765],[22.645414686118688,65.59841571711638],[22.645476726660757,65.59714905419436],[22.64666149221085,65.59672813556244],[22.646933742358407,65.5961728547486],[22.647793644020673,65.59612936299115],[22.648925743897948,65.59553058249712],[22.650101155422117,65.59655414485667],[22.650803274869812,65.59597710367339],[22.65558524335852,65.59591556093689],[22.655953655161706,65.59716045319355],[22.655146363545487,65.5973818334357],[22.654926906868457,65.59811496938696],[22.652987480711975,65.5989351638213],[22.649600120443058,65.59928706729265],[22.648520466605945,65.6000636990091],[22.64964347898639,65.60090941830715],[22.648081130086258,65.601529955765],[22.646308389838087,65.60143909577043],[22.646150660770758,65.6009055589089],[22.647335582987754,65.6004846333923]],[[22.641013656674357,65.6056777717223],[22.63951314334487,65.60503156178564],[22.639733083866233,65.604298443185],[22.64059326861412,65.60425498938663],[22.640918264934246,65.60387756518185],[22.641778433378594,65.60383410482507],[22.64236618588395,65.60434591441272],[22.643226366896535,65.60430244571127],[22.643551325116615,65.60392501625094],[22.646614473081485,65.60395067703857],[22.6469393774634,65.60357324086739],[22.648282191762092,65.60368584232481],[22.648931936219896,65.60293096279791],[22.65016950914417,65.60268785903585],[22.65001169176831,65.6021543270915],[22.652749831009928,65.60255730771901],[22.65311822056337,65.6038022071627],[22.647790195935794,65.60497425420513],[22.647623076254135,65.60588522714701],[22.64643791733257,65.60630615734911],[22.644717432564526,65.60639312757365],[22.643752041073586,65.60608091238983],[22.641548881675124,65.60601173654173],[22.641759112617667,65.6067231261606],[22.64353220240711,65.60681403578923],[22.64181167233497,65.60690097350015],[22.641056512803242,65.60730013039728],[22.639933487460684,65.60645434757387],[22.639020688643203,65.60631994989593],[22.639345732131194,65.60594252857489],[22.641013656674357,65.6056777717223]],[[22.652724027719866,65.68505012955941],[22.65277685410443,65.68522797048736],[22.652345431147342,65.68524974612477],[22.652724027719866,65.68505012955941]],[[22.651661029794393,65.60477846791214],[22.651230940317106,65.60480022679317],[22.651178321324416,65.60462238333022],[22.651661029794393,65.60477846791214]],[[22.65137506287938,65.59053301065667],[22.650945208487784,65.59055476631676],[22.65089262617481,65.59037692239933],[22.65137506287938,65.59053301065667]],[[22.651217309667153,65.58999947936232],[22.65126989327867,65.59017732315321],[22.65084004465436,65.5901990784558],[22.651217309667153,65.58999947936232]],[[22.649439237300825,65.58250826773747],[22.649009513424254,65.58253001656657],[22.648956963875943,65.58235217165303],[22.649439237300825,65.58250826773747]],[[22.64907252365467,65.63144365603313],[22.649125193722437,65.63162149974329],[22.64869465739018,65.63164325599702],[22.64907252365467,65.63144365603313]],[[22.646479522721222,65.59168322765461],[22.646154750114402,65.59206066145639],[22.64561976529062,65.59172671047786],[22.646479522721222,65.59168322765461]],[[22.64615091669815,65.77058072765787],[22.64620390845794,65.7707585693214],[22.645771049865626,65.77078034076841],[22.64615091669815,65.77058072765787]],[[22.644958314047386,65.77100172217466],[22.645011298630223,65.77117956432537],[22.644578431768696,65.7712013324674],[22.644958314047386,65.77100172217466]],[[22.64062040802032,65.77266385486645],[22.643438749790015,65.7718001580169],[22.64477238043488,65.77480171338179],[22.64062040802032,65.77266385486645]],[[22.643312757139448,65.59130185524859],[22.64374263155835,65.59128012103558],[22.643795167221956,65.59145796791223],[22.643312757139448,65.59130185524859]],[[22.643795167221956,65.59145796791223],[22.644277583072693,65.59161407898118],[22.643847703677444,65.5916358147628],[22.643795167221956,65.59145796791223]],[[22.64409258537728,65.77104525687746],[22.64419854363298,65.77140094187205],[22.643332800032752,65.77144447240786],[22.64409258537728,65.77104525687746]],[[22.643250211708505,65.60881382215169],[22.64163467591552,65.6092564527677],[22.641371862609606,65.60836721571775],[22.642557198321686,65.6079463233083],[22.642452064390632,65.60759062927346],[22.643742495411384,65.60752542202755],[22.643250211708505,65.60881382215169]],[[22.597110147982225,65.66275849089557],[22.596574269876267,65.66242437572954],[22.598898850227652,65.66140535419804],[22.598689260410723,65.66069389850945],[22.5971341237034,65.65986942756122],[22.599784697643834,65.65847305126677],[22.605388034788593,65.65819186445663],[22.607007218565386,65.65774958297324],[22.607921692521145,65.65788415644828],[22.60991935135755,65.65724233932612],[22.613798323385826,65.65704743730232],[22.61617424356131,65.65620602082403],[22.619622033847698,65.65603263931654],[22.622102754028507,65.65554684343509],[22.623017222538216,65.65568132604957],[22.624204986429266,65.65526055232621],[22.626086503699405,65.65570733936704],[22.626191648282653,65.65606304475999],[22.627053575696703,65.65601965006088],[22.629902330249784,65.6567786926789],[22.63162621447873,65.65669185596035],[22.632162414669427,65.65702584412445],[22.634695613835845,65.65671769404992],[22.635662824966843,65.65702994849808],[22.635873392748547,65.65774134312174],[22.637807943759476,65.65836582955016],[22.63866992423589,65.65832236836991],[22.639258917932136,65.65883417758026],[22.64012091103766,65.65879070803489],[22.640657264215214,65.65912466465048],[22.641078727334676,65.66054743645022],[22.642046159028705,65.66085964800583],[22.641394858114744,65.66161451420291],[22.637137066764012,65.66200970209643],[22.63459349470223,65.66376241097443],[22.63475144673151,65.66429595784196],[22.635666288481485,65.66443036049544],[22.636308033887477,65.66512002875375],[22.63717024181216,65.66507657377859],[22.638295837336372,65.66592235128292],[22.637423882491454,65.66741032458529],[22.636614269906794,65.66763162985805],[22.637256124883212,65.66832129301595],[22.63817112240024,65.66845567900653],[22.641893383738594,65.66772650336326],[22.641998803788905,65.668082195036],[22.643450407120337,65.66855049666628],[22.642305644101338,65.67059377858443],[22.63998200985022,65.67161345481105],[22.64014013034894,65.67214699439545],[22.63846794997952,65.67241178504106],[22.63814211599104,65.67278921270737],[22.63904766748197,65.67436810243028],[22.638764904431152,65.67636788932572],[22.639838346755607,65.6770358028669],[22.63913388647698,65.67761281742315],[22.63960834936088,65.67921343738159],[22.63869296073973,65.6790790639986],[22.637557076425722,65.67967780691801],[22.636790076302237,65.68152147616311],[22.63516995616801,65.68196408473838],[22.63451795752885,65.68271892862278],[22.633655157436383,65.68276237453907],[22.633760538096876,65.6831180723654],[22.632140265686072,65.68356065018398],[22.62911020309874,65.68515715899953],[22.62921553310914,65.6855128604947],[22.627973833682574,65.68575583520267],[22.62606947379135,65.68819812811375],[22.62455403443325,65.68899633369077],[22.62239645543891,65.68910480370639],[22.622406952712925,65.68766028496051],[22.62138611171286,65.6871701023275],[22.616103054446867,65.68707455581479],[22.614166821147787,65.68644980974396],[22.613525097595506,65.68576004764051],[22.615040700283835,65.68496195040862],[22.616335065371242,65.68489693656562],[22.61828196919637,65.68407713483606],[22.62211226799799,65.68370412556845],[22.623574862903105,65.68272809350765],[22.625300498296408,65.682641310888],[22.62665763567984,65.68130954625374],[22.625310852077376,65.68119679345524],[22.62369054812738,65.68163928149106],[22.62023938504294,65.68181278948316],[22.619271409214363,65.68150044446976],[22.61619906230491,65.68147432434152],[22.61512602987564,65.68080623966519],[22.61215883929882,65.6811357507712],[22.609791764420784,65.6805326034501],[22.608835241517315,65.67877566456458],[22.61056067319987,65.67868905138167],[22.61008801522152,65.67708832265869],[22.61117191773931,65.67631192129384],[22.61241333483196,65.67606908673413],[22.61230828153368,65.6757133708362],[22.613602193166308,65.67564838484519],[22.615927244887693,65.67462909785442],[22.61759981284078,65.67436455141913],[22.617442139841774,65.67383098387165],[22.619388195229376,65.67301117659073],[22.619283061179193,65.6726554663402],[22.6209554661246,65.67239088461197],[22.621123816975434,65.67147992818447],[22.623279935974534,65.67137149100255],[22.621839107188904,65.66945847528743],[22.620230140099768,65.66845639938253],[22.618557979323565,65.66872097065215],[22.615813270906187,65.66831743884822],[22.61408855033244,65.66840410449458],[22.612637470576786,65.66793551701565],[22.608756859815593,65.66813040593891],[22.60709600800005,65.66695032526145],[22.605161521107682,65.66632544693127],[22.604468119219327,65.66545777769058],[22.602586240304387,65.66501072640023],[22.601945388594885,65.66432090671628],[22.602597914187477,65.66356619744984],[22.600506549449737,65.6624076687565],[22.597110147982225,65.66275849089557]],[[22.613515451301623,65.77312113853354],[22.613948381804093,65.77309945799816],[22.614001157894506,65.77327731299592],[22.613515451301623,65.77312113853354]],[[22.614001157894506,65.77327731299592],[22.61448687034718,65.77343348585198],[22.614053934785975,65.77345516796765],[22.614001157894506,65.77327731299592]],[[22.619249108637966,65.77319490193415],[22.62038942395917,65.77259625100609],[22.623366971442085,65.77226647489996],[22.622828394817002,65.77193247930869],[22.623641356857224,65.77171121368451],[22.62629158158069,65.77175879150909],[22.62688306103125,65.77227062412608],[22.62823463875212,65.77238331486781],[22.628499010608692,65.77327256000505],[22.627791787587515,65.77384955013574],[22.629735040907256,65.77447405241317],[22.63060091368873,65.77443059783995],[22.630706702723852,65.77478629390929],[22.63222684035654,65.77398797929378],[22.63401145594782,65.77407888403562],[22.633251424458113,65.77447805176581],[22.633083046225874,65.7753890225305],[22.633674746924974,65.77590082658485],[22.634540659595174,65.77585734922839],[22.635830036690635,65.77723663437803],[22.63669598981507,65.77719314437097],[22.637350152595445,65.77643826886415],[22.639461995279834,65.77615166951772],[22.64211269070334,65.77619896748217],[22.642651606165646,65.77653289152296],[22.64291652593064,65.77742210617208],[22.64215653955028,65.77782131786856],[22.638692667718605,65.77799537307074],[22.637932598145746,65.7783945645378],[22.637817324064162,65.7794833839639],[22.635695708753623,65.78121447377237],[22.636234651190886,65.78154842024493],[22.63357381303815,65.78294553686939],[22.63464220358173,65.78505795336041],[22.633121508426086,65.78585629769601],[22.633766408037438,65.78654594557514],[22.629382095043812,65.7865854311967],[22.62841987048512,65.7848286717454],[22.629127366536064,65.78425167593048],[22.628704130067188,65.78282888754295],[22.623242810261036,65.78220023973998],[22.61988387629444,65.78272957717223],[22.61836284779817,65.78352777758371],[22.618679852906325,65.78459489471813],[22.616292411510788,65.78543646670897],[22.61358798084585,65.78521087408409],[22.613313250546735,65.78576612067697],[22.61033401003287,65.78609571721951],[22.610228446145577,65.78574000475477],[22.60892900455356,65.78580501744459],[22.608337551130614,65.78529311485353],[22.60703812632062,65.78535811125934],[22.607143644335807,65.7857138263883],[22.604491996078742,65.78566592971127],[22.60509456920348,65.78473332258106],[22.606668838502728,65.7841131074877],[22.607651647758654,65.78298097096128],[22.607440627804774,65.78226954118593],[22.60830680729453,65.78222621022549],[22.61048313742226,65.7806733386681],[22.613514542555198,65.78052160049161],[22.61330338513976,65.77981018021458],[22.61406388460139,65.77941110730448],[22.613799934564113,65.77852183290297],[22.614507597413734,65.7779449033125],[22.613272094590865,65.77674328214462],[22.6113818193327,65.77629642384929],[22.610304811475142,65.77562834459158],[22.60852015557617,65.7755371626433],[22.606893709975925,65.7759795334102],[22.602300300326004,65.77530679025617],[22.602311674195136,65.7738622633846],[22.603832656377392,65.77306422365814],[22.604698534224752,65.77302091620484],[22.60275598157449,65.77239608775527],[22.602387123295017,65.77115106943467],[22.603200243184435,65.7709299112991],[22.603094852183297,65.7705741922085],[22.605586807069198,65.77008855316964],[22.60839504037336,65.77067001903598],[22.60914435564664,65.77171549609277],[22.608436734144057,65.7722924003465],[22.60757088827995,65.7723357287206],[22.6082674856071,65.77320335229619],[22.60913335916944,65.77316001968785],[22.61059042146173,65.77362858090336],[22.612322184530974,65.77354188421101],[22.61291343240685,65.77405377335428],[22.61421227026682,65.77398873272638],[22.61448687034718,65.77343348585198],[22.619249108637966,65.77319490193415]],[[22.642043333198952,65.77006525169477],[22.641884451453897,65.76953172137613],[22.64275013384531,65.76948819968261],[22.64285606591778,65.76984388586874],[22.642043333198952,65.77006525169477]],[[22.642149258380815,65.77042093844274],[22.641928249633047,65.77115407225665],[22.641495380072723,65.77117583166768],[22.64133650143154,65.77064230074231],[22.642149258380815,65.77042093844274]],[[22.64040643521629,65.60805497959142],[22.639976280217127,65.60807670721094],[22.63992373018444,65.60789885913464],[22.64040643521629,65.60805497959142]],[[22.63762078453925,65.66216582118199],[22.637673451268054,65.66234366894135],[22.637242393622355,65.66236539799911],[22.63762078453925,65.66216582118199]],[[22.634632677852665,65.78650246412623],[22.634685629534893,65.78668031021405],[22.633819353854356,65.78672379202243],[22.634632677852665,65.78650246412623]],[[22.634588508634472,65.76863479390252],[22.63377573976825,65.76885611598948],[22.633669937675148,65.768500422196],[22.634588508634472,65.76863479390252]],[[22.633945230295407,65.57137863898194],[22.633086117718186,65.57142204408034],[22.633033703889396,65.57124419227296],[22.633945230295407,65.57137863898194]],[[22.632064180422148,65.601978129444],[22.63034392397879,65.60206493420955],[22.6302389856769,65.60170922973028],[22.632064180422148,65.601978129444]],[[22.631274701525776,65.77078672194695],[22.63138048188493,65.77114241762641],[22.630947601833856,65.77116414717901],[22.631274701525776,65.77078672194695]],[[22.622521657466176,65.76942085365417],[22.622954516811053,65.76939914824474],[22.623007345850063,65.76957699958912],[22.622521657466176,65.76942085365417]],[[22.624738786926727,65.76949016501761],[22.62571019828146,65.76980244085985],[22.626523068443145,65.76958116078322],[22.627220219453385,65.77044869214659],[22.629110322533084,65.77089535569795],[22.627431668313168,65.77116009017703],[22.627325942278787,65.7708043912141],[22.626460184503777,65.7708478260304],[22.625435875631737,65.77035770516618],[22.624137254501157,65.77042283928307],[22.625330181049613,65.77000200450635],[22.624464446146415,65.77004542775502],[22.623007345850063,65.76957699958912],[22.624738786926727,65.76949016501761]],[[22.62539312102235,65.76873533917298],[22.625445965227325,65.76891318951945],[22.625013116550356,65.7689349018998],[22.62539312102235,65.76873533917298]],[[22.612180519621624,65.56110560736698],[22.613155223238298,65.55997351877286],[22.614443384946444,65.55990858409992],[22.615574739922412,65.55931006058222],[22.618475776645443,65.55880276605033],[22.620413398834735,65.55798303204351],[22.62261244072785,65.55805255713905],[22.622937162774967,65.55767517443113],[22.625083856714706,65.55756680764905],[22.62518851033567,65.55792251849454],[22.623952798438843,65.55816539917792],[22.625020800826178,65.55883347217559],[22.624905411574595,65.55992228125821],[22.622161323443684,65.56096326877963],[22.62226595363925,65.56131898189409],[22.620705258228845,65.561939220032],[22.62086218198897,65.56247279141064],[22.620107944959116,65.56287183438306],[22.6158658902064,65.56326626518911],[22.6129756925737,65.56232898943986],[22.612180519621624,65.56110560736698]],[[22.621383117623743,65.571651825783],[22.620901212991352,65.57149563663403],[22.621330783124044,65.5714739691154],[22.621383117623743,65.571651825783]],[[22.621226116489463,65.57111825570237],[22.622892022445143,65.57085371891374],[22.622619488792306,65.57140895929692],[22.621330783124044,65.5714739691154],[22.621226116489463,65.57111825570237]],[[22.62211409526889,65.78875483471938],[22.622811656775866,65.78962238226742],[22.621237457278674,65.79024276336958],[22.619071394818903,65.79035127134269],[22.61837393726256,65.78948370564484],[22.619948162202462,65.78886335385688],[22.62211409526889,65.78875483471938]],[[22.619929040704204,65.56522730691321],[22.620358508492245,65.56520564320105],[22.6204108211691,65.56538350042027],[22.619929040704204,65.56522730691321]],[[22.6204108211691,65.56538350042027],[22.620892607390758,65.56553969233549],[22.62046313463373,65.56556135761353],[22.6204108211691,65.56538350042027]],[[22.61875629505478,65.56420348364618],[22.618326842173374,65.56422514266097],[22.61827454652294,65.56404728454892],[22.61875629505478,65.56420348364618]],[[22.61831544595957,65.67234311161357],[22.61836800518829,65.67252096716109],[22.617936758917196,65.67254264332942],[22.61831544595957,65.67234311161357]],[[22.616443446987738,65.6067365282593],[22.616013289693413,65.60675818791154],[22.61596090671445,65.60658032984043],[22.616443446987738,65.6067365282593]],[[22.616046577791217,65.60242461727417],[22.61615132553035,65.60278033351497],[22.61572123335475,65.60280199167455],[22.615186404200685,65.60246793166898],[22.616046577791217,65.60242461727417]],[[22.606251197546683,65.55129675060641],[22.607434570912968,65.55087615304505],[22.607017080398233,65.54945324874765],[22.610137603211545,65.54821304762804],[22.610995997284455,65.54816978008297],[22.610827832119778,65.54908072262675],[22.612492452105062,65.54881631344028],[22.612701334283383,65.54952775677036],[22.61441819555554,65.54944118697603],[22.615381101776602,65.54975361420155],[22.609830220882998,65.55310184859836],[22.605966681726688,65.55329649229219],[22.60538085196096,65.55278452221675],[22.606251197546683,65.55129675060641]],[[22.614423240228984,65.67398267471835],[22.613076887166862,65.67386980915104],[22.612971835498588,65.67351409370049],[22.615023087135505,65.67305005632858],[22.61518070463975,65.67358362694401],[22.614423240228984,65.67398267471835]],[[22.614580441095118,65.59744457901442],[22.613720429175604,65.59748788344127],[22.61366808437081,65.59731002420023],[22.614580441095118,65.59744457901442]],[[22.612850639248027,65.57821877282353],[22.612420949374265,65.57824041751194],[22.612368660100632,65.57806255727841],[22.612850639248027,65.57821877282353]],[[22.605766280318978,65.79589048680005],[22.605819056065428,65.79606834465844],[22.60538573171186,65.79609000602001],[22.605766280318978,65.79589048680005]],[[22.60598849422359,65.79515739341704],[22.6068023290204,65.794936208918],[22.606538438323472,65.79404692127164],[22.610057526735226,65.79405142890133],[22.609507735304582,65.79516191221865],[22.605766280318978,65.79589048680005],[22.60598849422359,65.79515739341704]],[[22.595866883370434,65.54261452198858],[22.596568836127947,65.54203773416758],[22.595735431782543,65.53919184855046],[22.592796604014858,65.53807628438457],[22.592484265413436,65.5370090681207],[22.593238208136846,65.5366101658732],[22.59308203687404,65.53607655830172],[22.594641892984928,65.53545661367075],[22.59491469586435,65.53490142106368],[22.596578589397062,65.53463719438693],[22.59647443841101,65.53428145870454],[22.597709299060405,65.53403881110513],[22.598996226976958,65.53397402050906],[22.599581486986317,65.53448602106852],[22.603013322925793,65.53431317905138],[22.604248120898927,65.53407047871671],[22.604949666366704,65.53349365622556],[22.60628868526661,65.53360666835947],[22.606653684236004,65.53485171444036],[22.6079927798737,65.53496471070306],[22.608630398744424,65.53565453722662],[22.606810124131165,65.53538530523066],[22.607123025101668,65.5364524861141],[22.606317155871718,65.53667359156117],[22.60647360207069,65.53720718264117],[22.60561555956414,65.53725042092785],[22.606201025853366,65.53776239376859],[22.605395108585263,65.5379834947986],[22.60549939901751,65.53833922291386],[22.604589177475248,65.53820459167756],[22.60388750311514,65.5387814138362],[22.605331084018548,65.53925016082309],[22.605435379689393,65.53960588893172],[22.60366699289247,65.53951448580327],[22.603550746244757,65.54060328719142],[22.602692586212488,65.54064651010565],[22.60300539493282,65.54171370048651],[22.601288996503975,65.54180013606425],[22.60139324936756,65.54215586740335],[22.599781048418237,65.54259801771093],[22.599664632843044,65.54368681786357],[22.598702138428248,65.54337428644654],[22.597414745941865,65.54343907930222],[22.597310541136807,65.54308334472745],[22.595866883370434,65.54261452198858]],[[22.60755203212187,65.53643086345025],[22.60760418790112,65.53660872666303],[22.607175178009197,65.53663034950434],[22.60755203212187,65.53643086345025]],[[22.606722558996037,65.53954103002299],[22.606293500011798,65.53956265086799],[22.606241346039134,65.53938478718135],[22.606722558996037,65.53954103002299]],[[22.6057079892961,65.53905067883468],[22.606409629695133,65.53847384858018],[22.606618246090456,65.53918530297868],[22.6057079892961,65.53905067883468]],[[22.605438505324233,65.79626786403149],[22.60500517723309,65.79628952434892],[22.604952406556592,65.79611166615827],[22.605438505324233,65.79626786403149]],[[22.59993833233816,65.72578910433681],[22.598052065741342,65.72534204083037],[22.597409739990226,65.72465221657811],[22.59498641842692,65.72387101267616],[22.594881371023305,65.72351528457554],[22.593047866227977,65.72324602071961],[22.592942848533365,65.7228902909848],[22.597094495911303,65.72358503809558],[22.598116366939003,65.72407537363112],[22.601468207246022,65.7235465869304],[22.60211061124213,65.72423639326144],[22.604376401591136,65.72448390101218],[22.605071504524158,65.72535155387187],[22.60377508152409,65.72541649246274],[22.604627981778762,65.72681772800496],[22.603974025699575,65.72757246066466],[22.60288784080145,65.72834883384753],[22.599482845484815,65.72869979567515],[22.599272582975804,65.72798834727134],[22.600411433692738,65.72738986064347],[22.59993833233816,65.72578910433681]],[[22.6046621399362,65.722484147784],[22.604714727960165,65.72266200781957],[22.604282632321684,65.72268365377565],[22.6046621399362,65.722484147784]],[[22.60413851864582,65.79633284131391],[22.604571848340278,65.79631118344305],[22.604624616882518,65.79648904178673],[22.60413851864582,65.79633284131391]],[[22.6037579508201,65.79653235666335],[22.604191284252114,65.79651069983669],[22.604244050660036,65.79668855833347],[22.6037579508201,65.79653235666335]],[[22.60294518644382,65.52962385437387],[22.603049403172385,65.5299795849146],[22.603907211818473,65.52993636358468],[22.6041156776427,65.53064782293848],[22.601425854985624,65.53186627711335],[22.600788524086337,65.53117641729017],[22.60294518644382,65.52962385437387]],[[22.603811446946697,65.5414926108],[22.603382352958107,65.54151422374821],[22.603330214121726,65.54133635890078],[22.603811446946697,65.5414926108]],[[22.600639278461927,65.54255481059297],[22.601549634545485,65.54268946421845],[22.600743526106733,65.54291054243485],[22.600639278461927,65.54255481059297]],[[22.600154249401367,65.71910004513761],[22.60046955390359,65.72016721664681],[22.596253985112668,65.72073922424573],[22.597392597116876,65.72014076262454],[22.599120832775945,65.72005425117781],[22.600154249401367,65.71910004513761]],[[22.59760273117569,65.72085221487923],[22.598034802952906,65.72083058813229],[22.598087341374406,65.7210084509527],[22.59760273117569,65.72085221487923]],[[22.5941866612426,65.72264758125131],[22.593164921519783,65.72215721801608],[22.592300723064536,65.72220044317338],[22.59295489673239,65.72144575853447],[22.593819068664875,65.72140252992742],[22.594957766596927,65.72080408566575],[22.595821913069713,65.72076084593813],[22.59641156536949,65.7212728148481],[22.597655266679908,65.72103007787807],[22.597760340075915,65.721385803798],[22.595862549972008,65.7223832407299],[22.5941866612426,65.72264758125131]],[[22.593907589548344,65.71724679832039],[22.5940125929372,65.71760252752127],[22.59358057101268,65.71762414234627],[22.59304355657027,65.71729002603821],[22.593907589548344,65.71724679832039]],[[22.59225622001843,65.71462204838019],[22.591929208120295,65.71499938878415],[22.59279316686654,65.7149561681396],[22.59381460644741,65.71544653685783],[22.593919599765684,65.71580226622014],[22.59262362148294,65.7158671053457],[22.592833582666188,65.71657856589914],[22.591969569839183,65.71662178731518],[22.59229660030115,65.71624444663507],[22.589220110192713,65.71621782265687],[22.58901025186769,65.71550635608885],[22.59225622001843,65.71462204838019]],[[22.591699011952805,65.72313299078978],[22.591751512443867,65.72331085617925],[22.591319392924987,65.72333246556067],[22.591699011952805,65.72313299078978]],[[22.59154151525181,65.72259939446604],[22.591594013356797,65.7227772599332],[22.590729791031674,65.72282047640705],[22.59154151525181,65.72259939446604]],[[22.590846943398255,65.72173167451862],[22.590899434609103,65.72190954029354],[22.590467337638074,65.72193114702945],[22.590846943398255,65.72173167451862]],[[22.586460574789783,65.79306402434669],[22.588416436520824,65.79224451539378],[22.58987423483827,65.79271326740287],[22.59066419359733,65.79538123239611],[22.588708172457906,65.79620077177167],[22.5856221112807,65.79617417043926],[22.587197546417773,65.79555414484366],[22.586460574789783,65.79306402434669]],[[22.575880348319814,65.72302079457259],[22.576312478139332,65.72299922893399],[22.576364872519758,65.72317710068758],[22.575880348319814,65.72302079457259]],[[22.579389779456303,65.72302610583128],[22.57734685906549,65.72204516821684],[22.578643192842698,65.72198045568166],[22.578538379383513,65.72162471397469],[22.579677448011566,65.72102638038261],[22.580541632616548,65.72098322706148],[22.581196124484165,65.72022858981477],[22.58411577191255,65.71972176552],[22.58466524551037,65.71861137747361],[22.585529339447397,65.71856819673052],[22.58563423411261,65.71892393280201],[22.58644588297614,65.71870287880387],[22.589195569268625,65.71910689133672],[22.588319151084065,65.72059462772717],[22.58972033954566,65.72088555536914],[22.590414849344935,65.72175328107625],[22.588424093994202,65.72095036139598],[22.587559926318693,65.72099355931842],[22.587232769872724,65.7213708910856],[22.585884036571972,65.72125780839872],[22.585988949239287,65.72161354405068],[22.58458776080873,65.72132258204397],[22.583880899419803,65.72189936448983],[22.584850004669796,65.72221192365235],[22.5850598140616,65.72292339647367],[22.58447034480828,65.72241138174213],[22.582637020455508,65.7221419906372],[22.5821398275821,65.72343024227952],[22.57949461145645,65.72338184676904],[22.579756705354665,65.72427119866141],[22.582244699368385,65.72378598092544],[22.581969867244045,65.72434117179252],[22.5837508937496,65.7244327007808],[22.583920791486452,65.72352176990405],[22.58613389667332,65.72359168303791],[22.587325339644448,65.72317116075827],[22.586251244814964,65.72250288272807],[22.589171041954128,65.72199595992221],[22.590087726042412,65.72213061865173],[22.588948856241394,65.7227290281876],[22.589485935890096,65.72306315830656],[22.58850445056138,65.72419516409639],[22.587692649944074,65.72441623060092],[22.588387194154755,65.72528396523587],[22.587522881640165,65.72532716439795],[22.586868455913272,65.72608182821611],[22.585244694685343,65.72652394104136],[22.585781809044217,65.7268580838944],[22.58453771247614,65.72710072776253],[22.584747561007354,65.7278122006417],[22.583018749208588,65.72789855457722],[22.58193191151867,65.72867478467762],[22.579823240840106,65.72896055511566],[22.57891917944602,65.72738129744774],[22.580215775910155,65.72731656888993],[22.58118504554753,65.72762914976202],[22.58005848543461,65.72678295861526],[22.58173479431971,65.72651876950457],[22.581472605006454,65.7256294219626],[22.580018819108634,65.72516054990807],[22.581262867856896,65.72491794346388],[22.579913971224215,65.7248048094869],[22.57883999481028,65.72413647795494],[22.577543553589898,65.72420119324032],[22.576364872519758,65.72317710068758],[22.579389779456303,65.72302610583128]],[[22.589013605719437,65.72146236038066],[22.589066083669323,65.7216402269204],[22.588633989353383,65.7216618284232],[22.589013605719437,65.72146236038066]],[[22.588936587319857,65.72417356253656],[22.58904155619528,65.72452929552671],[22.588609413600015,65.72455089744307],[22.588936587319857,65.72417356253656]],[[22.586958691039555,65.79177574892583],[22.58685342162408,65.79142001736311],[22.587772590157112,65.79155466535568],[22.58787787291261,65.7919103961518],[22.586958691039555,65.79177574892583]],[[22.58253317010085,65.7901914951685],[22.584318771703366,65.79028297203031],[22.58652541979251,65.79179735617069],[22.585225601254677,65.79186217056629],[22.585120355321276,65.79150643757427],[22.58257333684372,65.79181389877725],[22.58253317010085,65.7901914951685]],[[22.58397101834399,65.71774362271358],[22.58386615230117,65.7173878852114],[22.585214674517736,65.71750098789545],[22.5853195596501,65.71785672427724],[22.58397101834399,65.71774362271358]],[[22.58287657272086,65.7943256395205],[22.58292918672779,65.79450350689112],[22.582495865588115,65.79452510318124],[22.58287657272086,65.7943256395205]],[[22.581799510966803,65.79365735935004],[22.58185211590498,65.79383522718145],[22.581418804910943,65.79385682031057],[22.581799510966803,65.79365735935004]],[[22.579426940777314,65.55787954229294],[22.578568163924302,65.55792263467438],[22.578464146409154,65.55756688519135],[22.579700277032334,65.5573243716163],[22.57959624695024,65.55696862304055],[22.580454990328807,65.5569255251686],[22.580559031920814,65.55728127303668],[22.579426940777314,65.55787954229294]],[[22.579928107752686,65.72931629541688],[22.579980542400843,65.72949416552875],[22.579548307749135,65.72951574263202],[22.579928107752686,65.72931629541688]],[[22.579586656905295,65.7251821263962],[22.57953423548474,65.72500425602045],[22.579966394769272,65.72498267971041],[22.579586656905295,65.7251821263962]],[[22.579102075405963,65.72502583111115],[22.579049657698466,65.72484796053156],[22.579481814858465,65.72482638561891],[22.579102075405963,65.72502583111115]],[[22.57889354756074,65.73027037550565],[22.57743954049597,65.72980148100791],[22.578304022789762,65.72975833742221],[22.57889354756074,65.73027037550565]],[[22.57848697903588,65.72740287119461],[22.57843455976039,65.72722500041664],[22.578866757251134,65.72720342684781],[22.57848697903588,65.72740287119461]],[[22.578513725786088,65.73046982035721],[22.578081473355933,65.7304913934721],[22.578029049335303,65.73031352259903],[22.578513725786088,65.73046982035721]],[[22.577348526218955,65.79496203290732],[22.577401103653347,65.7951399025472],[22.576967766254175,65.79516148329061],[22.577348526218955,65.79496203290732]],[[22.576417821159144,65.72931100510611],[22.576850055531875,65.72928943689648],[22.576902468946127,65.72946730828056],[22.576417821159144,65.72931100510611]],[[22.576902468946127,65.72946730828056],[22.577387122573082,65.72962360985349],[22.576954883154652,65.7296451796388],[22.576902468946127,65.72946730828056]],[[22.56259963069066,65.72855599710205],[22.56303186630199,65.7285344681253],[22.56308418284598,65.72871234522918],[22.56259963069066,65.72855599710205]],[[22.56351642058467,65.72869081485503],[22.564433219780724,65.72882562699257],[22.56519303246576,65.72842680494614],[22.56529769554792,65.72878255735091],[22.57178116266393,65.72845937952873],[22.571885916519758,65.72881512649575],[22.573614834288662,65.72872889797299],[22.574151847976605,65.72906308287779],[22.5750163121895,65.72901995814742],[22.574741274540553,65.72957513802197],[22.577059713954664,65.73000092227784],[22.57726938508686,65.73071240724607],[22.57510808847503,65.7308202432176],[22.575645166355542,65.73115442221611],[22.5735886155964,65.73161798100229],[22.574178092495753,65.73213003783208],[22.571531989749065,65.73208151274919],[22.56963240308354,65.73307864043444],[22.568715426017423,65.73294386138724],[22.56844021514441,65.73349903160954],[22.567575588006257,65.73354212061055],[22.56724798818215,65.73391941383625],[22.56546635165913,65.73382769776545],[22.566108073676464,65.73451766283485],[22.565243407801574,65.73456073897418],[22.562335434383975,65.7336226748675],[22.561693836071846,65.73293269266568],[22.560292286104715,65.73264151052474],[22.558681585753423,65.7316388000274],[22.558524707969195,65.73110516340084],[22.561013773587398,65.73062028214365],[22.561132197959306,65.72953149051578],[22.563188818312454,65.72906809935967],[22.56351642058467,65.72869081485503]],[[22.57551395355981,65.72773172527377],[22.575946162448787,65.72771015988573],[22.575998565795643,65.72788803168014],[22.57551395355981,65.72773172527377]],[[22.575998565795643,65.72788803168014],[22.576483183870725,65.72804433648515],[22.576050969936592,65.72806590344874],[22.575998565795643,65.72788803168014]],[[22.575199567670293,65.72666449289746],[22.575631759042533,65.72664292857728],[22.57568415762523,65.72682080052655],[22.575199567670293,65.72666449289746]],[[22.57568415762523,65.72682080052655],[22.576168753418884,65.72697710655434],[22.5757365570019,65.72699867245001],[22.57568415762523,65.72682080052655]],[[22.57593317921207,65.72915470033016],[22.575985585992175,65.72933257209607],[22.575553350031022,65.72935413786634],[22.57593317921207,65.72915470033016]],[[22.575076722809122,65.79471418235603],[22.573501038310585,65.7953340851949],[22.572581803206663,65.79519935183404],[22.573238291261514,65.79444472870718],[22.575076722809122,65.79471418235603]],[[22.573587388226397,65.5513141151273],[22.57401667319809,65.55129258472887],[22.574068636128402,65.55147046146797],[22.573587388226397,65.5513141151273]],[[22.573850602678775,65.72655130585406],[22.573902988790163,65.72672917854091],[22.57347079424247,65.72675073798302],[22.573850602678775,65.72655130585406]],[[22.57184625514894,65.79270914668335],[22.573146156777327,65.79264444551234],[22.57373709522717,65.79315648968429],[22.57184625514894,65.79270914668335]],[[22.573210059650346,65.55151352140867],[22.573639348280448,65.55149199204314],[22.57369130911665,65.55166986893327],[22.573210059650346,65.55151352140867]],[[22.57170361896155,65.54635507531562],[22.571274412944575,65.54637659834782],[22.57122248131563,65.54619872033518],[22.57170361896155,65.54635507531562]],[[22.571244192235756,65.72812518582852],[22.57129656425962,65.7283030595544],[22.57086434079906,65.72832461188266],[22.571244192235756,65.72812518582852]],[[22.570506957013926,65.77923934259181],[22.57061194131412,65.779595088231],[22.569745774217566,65.7796382048763],[22.570506957013926,65.77923934259181]],[[22.570194490033597,65.54715267410211],[22.5697652693896,65.54717419300326],[22.569661423662577,65.54681843574431],[22.570194490033597,65.54715267410211]],[[22.570064707238533,65.73305709079997],[22.570117083170384,65.73323496489694],[22.569684776094288,65.73325651470931],[22.570064707238533,65.73305709079997]],[[22.56497923219536,65.79178736419831],[22.566764894510044,65.79187904601926],[22.568760610810973,65.79268220002812],[22.568918151032666,65.79321581966603],[22.565884939109708,65.79336668880146],[22.564913325192737,65.79305403365085],[22.564217602021742,65.79218620332648],[22.56497923219536,65.79178736419831]],[[22.56536773136676,65.7156037708573],[22.565420032502512,65.71578164730128],[22.564988012282715,65.71580318091155],[22.56536773136676,65.7156037708573]],[[22.562264747015867,65.78109329229088],[22.56470606395645,65.78043042779872],[22.56534900147609,65.78112038414756],[22.564849973828366,65.78240859786486],[22.56148973707222,65.78293666134026],[22.560951719668903,65.78260244163899],[22.561765564773037,65.78238149743994],[22.560794422141505,65.78206881140066],[22.562264747015867,65.78109329229088]],[[22.564019385488713,65.71549049049568],[22.56353508084234,65.71533414288784],[22.564883416637127,65.71544742764256],[22.564019385488713,65.71549049049568]],[[22.559732023931687,65.59640627999683],[22.561400204349795,65.59614239665484],[22.561504174611624,65.5964981584037],[22.560266020900475,65.5967405439596],[22.559732023931687,65.59640627999683]],[[22.560466145964508,65.78244609682385],[22.560571007504,65.78280185059475],[22.56013786044135,65.78282338163316],[22.559599862777947,65.78248915696584],[22.560466145964508,65.78244609682385]],[[22.5594901404544,65.71499421625255],[22.55964692059986,65.7155278528192],[22.558782876281853,65.71557088606193],[22.5594901404544,65.71499421625255]],[[22.55775950034513,65.7881755756626],[22.55937383498157,65.78917826009909],[22.55861219113474,65.78957707135994],[22.557312400312963,65.78964164754301],[22.556983982457897,65.79001892687997],[22.555684164466673,65.79008348945213],[22.55471279716986,65.78977076688203],[22.5543983623099,65.78870349175847],[22.55516004765603,65.78830470113812],[22.55775950034513,65.7881755756626]],[[22.558873417359216,65.71737119306496],[22.55892567815528,65.7175490721446],[22.558493621927326,65.71757058767102],[22.558873417359216,65.71737119306496]],[[22.549675572555472,65.72486764089943],[22.548863406284624,65.72508850385839],[22.547842411141954,65.72459782896782],[22.54708243443067,65.72499656600255],[22.545353659861533,65.72508249167926],[22.542261231931622,65.7264994851299],[22.5409645624073,65.72656389103078],[22.540428025871506,65.7262295843243],[22.540271564128787,65.72569592478132],[22.54238044006592,65.72541070036317],[22.5431405026659,65.72501198595712],[22.542551805938572,65.72449980123702],[22.54341618093487,65.72445685689114],[22.54284234396015,65.72250011716221],[22.544086633172558,65.72225781229263],[22.54393012487682,65.72172415698282],[22.542425068045258,65.72107703177586],[22.543185006196854,65.72067831839126],[22.543304162824658,65.7195895334373],[22.543631946169494,65.7192122899658],[22.54530816404862,65.71894850305817],[22.54558373831985,65.71839337111324],[22.546827804685623,65.71815104604873],[22.546998980089715,65.71724014383713],[22.547863103712228,65.71719717673396],[22.548190791491646,65.71681992439672],[22.550559860791957,65.71742401124608],[22.55228810291483,65.7173380317318],[22.551699410719774,65.71682588237478],[22.553859655768367,65.71671838930779],[22.554828210205393,65.71703114513238],[22.555640073984797,65.71681025336107],[22.555796787982445,65.71734389455844],[22.558598140059264,65.71792634610824],[22.556110237343724,65.71841117625964],[22.557026632013574,65.71854603703594],[22.556751303732074,65.71910118724841],[22.554747584066224,65.71974236553874],[22.554904301033897,65.72027600763252],[22.553660213120345,65.72051839895367],[22.55376467912825,65.72087416123438],[22.552625004689844,65.72147230682486],[22.552781690491038,65.72200595141902],[22.551157576347524,65.72244770397947],[22.55098652431087,65.72335860965906],[22.550174416428522,65.72357947903238],[22.551024355475167,65.72498104404285],[22.550212197662557,65.72520191411628],[22.549675572555472,65.72486764089943]],[[22.55747305521256,65.54833136607506],[22.557043802514823,65.54835284922106],[22.556940124639166,65.54799708152755],[22.55747305521256,65.54833136607506]],[[22.557368254794095,65.71672421674877],[22.557420503671665,65.71690209646373],[22.556988456739003,65.71692360762289],[22.557368254794095,65.71672421674877]],[[22.55612436049949,65.71696662628396],[22.556556409014927,65.71694511756297],[22.556608652849082,65.71712299760719],[22.55612436049949,65.71696662628396]],[[22.556608652849082,65.71712299760719],[22.557092951033628,65.71727936733068],[22.556660897474615,65.71730087762572],[22.556608652849082,65.71712299760719]],[[22.55586316778555,65.71607722479021],[22.55596764249729,65.71643298546478],[22.555535601942708,65.71645449243434],[22.55586316778555,65.71607722479021]],[[22.551944514888007,65.54878843854924],[22.552699422061814,65.5483897285573],[22.552803043976983,65.54874549972533],[22.551944514888007,65.54878843854924]],[[22.553025055136352,65.54801248676577],[22.55388355653752,65.54796954209415],[22.553557936526836,65.54834678559989],[22.552699422061814,65.5483897285573],[22.553025055136352,65.54801248676577]],[[22.55245533097555,65.55652340256513],[22.552025938423608,65.55654487290177],[22.551974113672653,65.55636698719445],[22.55245533097555,65.55652340256513]],[[22.551903071282112,65.72349349978244],[22.551955299038745,65.7236713815893],[22.55152313359301,65.72369287840843],[22.551903071282112,65.72349349978244]],[[22.551418684709475,65.7233371144142],[22.551470908755594,65.72351499642417],[22.5510387454378,65.7235364918464],[22.551418684709475,65.7233371144142]],[[22.550693994141938,65.77462944785294],[22.55074633806663,65.77480732895913],[22.55031331532817,65.77482883085332],[22.550693994141938,65.77462944785294]],[[22.550523337379225,65.55138617702683],[22.5500940274944,65.55140764104272],[22.550042228241676,65.55122975441904],[22.550523337379225,65.55138617702683]],[[22.550386026982945,65.68097590974975],[22.550438141185914,65.68115379317892],[22.550006683186144,65.68117527862708],[22.550386026982945,65.68097590974975]],[[22.549902461385933,65.68081951138896],[22.549954571891885,65.68099739502082],[22.549523116012537,65.68101887907484],[22.549902461385933,65.68081951138896]],[[22.548503898914063,65.68052819096563],[22.548935347643834,65.68050670987695],[22.548987450756005,65.68068459391414],[22.548503898914063,65.68052819096563]],[[22.548987450756005,65.68068459391414],[22.549471008415274,65.6808409952659],[22.549039554656368,65.68086247792576],[22.548987450756005,65.68068459391414]],[[22.549389930531216,65.78065003818146],[22.549442280154114,65.78082791968343],[22.549009155069893,65.78084941888459],[22.549389930531216,65.78065003818146]],[[22.546540859975085,65.5526680914635],[22.547777073460647,65.55242583775305],[22.547673502462402,65.5520700626213],[22.548480357986804,65.55184925958854],[22.54906505796654,65.55236146120995],[22.54755488357539,65.5531588448431],[22.547762035892067,65.5538703950971],[22.54695511233225,65.55409119499375],[22.547058683217486,65.55444697062134],[22.544156654528848,65.55495290635342],[22.543897826088102,65.5540634611844],[22.54626685518651,65.55322320898145],[22.546540859975085,65.5526680914635]],[[22.54750042826212,65.78020238014582],[22.547933543996677,65.78018088532383],[22.547985882434613,65.78035876743606],[22.54750042826212,65.78020238014582]],[[22.54747156397102,65.78309148536317],[22.547523906324294,65.78326936759736],[22.547090738330034,65.78329086177183],[22.54747156397102,65.78309148536317]],[[22.546363760326116,65.77484441000858],[22.54679678728231,65.77482291929398],[22.546901423148586,65.77517868467905],[22.546363760326116,65.77484441000858]],[[22.546901423148586,65.77517868467905],[22.54738677723166,65.77533507486307],[22.546953742273143,65.77535656733306],[22.546901423148586,65.77517868467905]],[[22.54725742168643,65.56111463908623],[22.546827948342116,65.56113609549942],[22.54677614804743,65.56095820776112],[22.54725742168643,65.56111463908623]],[[22.547015625973657,65.72626323624235],[22.5470678268517,65.72644111999561],[22.54663561024568,65.72646260344298],[22.547015625973657,65.72626323624235]],[[22.546859028085507,65.72572958482857],[22.546911226590566,65.72590746865879],[22.546479018744552,65.72592895157425],[22.546859028085507,65.72572958482857]],[[22.545968999313292,65.56117900469471],[22.54553952362888,65.56120045747683],[22.54548773197228,65.56102256921004],[22.545968999313292,65.56117900469471]],[[22.545759255669996,65.77577680370493],[22.545811568380294,65.7759546868148],[22.545378521447695,65.77597617492772],[22.545759255669996,65.77577680370493]],[[22.545401713230017,65.7790431654827],[22.545454031439228,65.77922104866312],[22.545020929332164,65.7792425363055],[22.545401713230017,65.7790431654827]],[[22.544784144055445,65.56159913657167],[22.545213627058665,65.561577685858],[22.54526541817565,65.56175557422446],[22.544784144055445,65.56159913657167]],[[22.543250888550485,65.77770603595391],[22.543198589221692,65.77752815183194],[22.543631664380534,65.77750666963364],[22.543250888550485,65.77770603595391]],[[22.542433404137487,65.55052711635547],[22.542862707133484,65.55050567413858],[22.542914455679778,65.5506835637329],[22.542433404137487,65.55052711635547]],[[22.541538524631946,65.7180529698865],[22.54164281200684,65.71840874225768],[22.541210724147994,65.71843020901662],[22.541538524631946,65.7180529698865]],[[22.540442073664376,65.5511679811675],[22.54124896533203,65.5509472163186],[22.5413524433034,65.55130299678791],[22.540442073664376,65.5511679811675]],[[22.541002164230335,65.71771866346336],[22.541054303024968,65.71789654989007],[22.54062222313072,65.7179180148984],[22.541002164230335,65.71771866346336]],[[22.54030129956792,65.77514515165399],[22.540353573119663,65.77532303702286],[22.53948748873188,65.77536598091017],[22.54030129956792,65.77514515165399]],[[22.53920584741726,65.55141017509781],[22.539154122427792,65.55123228399604],[22.53958344028537,65.55121085092972],[22.53920584741726,65.55141017509781]],[[22.537859824728287,65.77580762680493],[22.53727001085203,65.7752954326231],[22.539106710895577,65.77556533689575],[22.537859824728287,65.77580762680493]],[[22.53688921652523,65.77549478323138],[22.536993719088787,65.77585055673157],[22.53656066507907,65.77587201986103],[22.536023119443055,65.77553770755809],[22.53688921652523,65.77549478323138]],[[22.52868600607294,65.56168038157415],[22.528256504983325,65.56170178558718],[22.528204830072145,65.56152389023121],[22.52868600607294,65.56168038157415]],[[22.527775331084257,65.56154529285797],[22.5273458313182,65.56156669427422],[22.527294162945143,65.56138879854134],[22.527775331084257,65.56154529285797]],[[22.52593778192926,65.56271966591574],[22.527003498378292,65.56338845292217],[22.52336064463488,65.56284802626466],[22.52593778192926,65.56271966591574]],[[22.52524530145032,65.60534508878966],[22.52567552597478,65.60532368601184],[22.52577905189715,65.60567947671065],[22.52524530145032,65.60534508878966]],[[22.52491859050428,65.60572228175725],[22.525348821591127,65.60570087984046],[22.525400582832752,65.60587877532771],[22.52491859050428,65.60572228175725]],[[22.52454011409654,65.6059215783003],[22.524970348855046,65.60590017742052],[22.525022107986604,65.60607807305836],[22.52454011409654,65.6059215783003]],[[22.52420684495385,65.62127812589064],[22.52398351134834,65.6220111100794],[22.523553008966328,65.62203251085033],[22.52339764916649,65.62149882317911],[22.52420684495385,65.62127812589064]],[[22.52377382655049,65.56427120405172],[22.522914728473207,65.56431398396052],[22.52281143984981,65.56395818896335],[22.523618877497963,65.5637375125719],[22.52377382655049,65.56427120405172]],[[22.52360479712968,65.6222104066899],[22.523433229138885,65.62312128611963],[22.52191825738773,65.62391846254977],[22.519335029522548,65.62404681582406],[22.51907622058479,65.62315732783469],[22.519937270712223,65.62311455002602],[22.520969978259743,65.62216088998322],[22.52360479712968,65.6222104066899]],[[22.52351742700104,65.62041004796383],[22.523569211024096,65.62058794385615],[22.522708251793873,65.62063074136721],[22.52351742700104,65.62041004796383]],[[22.52226913422779,65.60711733894162],[22.52269939101697,65.60709594428438],[22.52275113748637,65.60727384082548],[22.52226913422779,65.60711733894162]],[[22.52275113748637,65.60727384082548],[22.523284897449646,65.60760823743342],[22.522854632767203,65.60762963383159],[22.52275113748637,65.60727384082548]],[[22.522485178267743,65.5643353720989],[22.522055627284445,65.56435675902657],[22.522003988345368,65.56417886118936],[22.522485178267743,65.5643353720989]],[[22.520301116191035,65.72488165479311],[22.520197090915122,65.72452586520272],[22.521873905563115,65.72426233056632],[22.52197795262497,65.72461811879413],[22.521113529468494,65.72466094184189],[22.520457160016353,65.72541533898749],[22.519160479595325,65.72547955921249],[22.51905646711332,65.72512376871501],[22.520301116191035,65.72488165479311]],[[22.520115857165177,65.77073055826534],[22.52027223063015,65.77126423946365],[22.519839236860765,65.7712856544895],[22.520115857165177,65.77073055826534]],[[22.51933266729368,65.72456867813906],[22.51928066167858,65.7243907829523],[22.520145079459397,65.72434797036927],[22.51933266729368,65.72456867813906]],[[22.51921248701848,65.72565745442301],[22.518348023622607,65.72570026216061],[22.518296022040683,65.72552236659675],[22.51921248701848,65.72565745442301]],[[22.51892113046467,65.77115058663571],[22.519025364223115,65.77150637508663],[22.518592365148102,65.77152778662217],[22.518055143251672,65.77119340777651],[22.51892113046467,65.77115058663571]],[[22.51492611922986,65.62390484218365],[22.517027073870892,65.62362004814237],[22.517302363091982,65.62306497050588],[22.518542182033908,65.62282291919253],[22.518302190079012,65.6250004660651],[22.517321030835564,65.6261320083464],[22.51489277185871,65.6267939838012],[22.514685818394767,65.62608238643763],[22.513290624245887,65.62579070836381],[22.51346256157531,65.62487983670327],[22.51492611922986,65.62390484218365]],[[22.50857127738852,65.6245811506715],[22.512928557503233,65.62454540795207],[22.51303200123974,65.62490120819659],[22.512170878226122,65.62494394754067],[22.511516602596686,65.62569828502585],[22.51149974209348,65.62714285733625],[22.509071235724303,65.62780474209428],[22.507624316016823,65.62733511048232],[22.507107440343997,65.62555608667878],[22.50857127738852,65.6245811506715]],[[22.510412956241076,65.61889531763242],[22.512565265742968,65.61878849005313],[22.51223821076257,65.61916565916123],[22.510412956241076,65.61889531763242]],[[22.508846757621768,65.62402608646785],[22.508898449915012,65.62420398828633],[22.508467896252665,65.62422534675912],[22.508846757621768,65.62402608646785]],[[22.506280601557815,65.62270964332323],[22.506332273131193,65.62288754622297],[22.505901738733584,65.62290889721952],[22.506280601557815,65.62270964332323]],[[22.503473029397632,65.67319861630622],[22.503317713450723,65.67266490757002],[22.50504316016576,65.67257949251056],[22.505146726610743,65.67293529695233],[22.503473029397632,65.67319861630622]],[[22.503542442925937,65.62230401802455],[22.50359409478654,65.62248192205409],[22.503163564396523,65.6225032652392],[22.503542442925937,65.62230401802455]],[[22.50116513209084,65.62765531381123],[22.50326655078968,65.62737070570422],[22.502181331699607,65.62814634931914],[22.5008894524613,65.62821036606348],[22.50116513209084,65.62765531381123]],[[22.502629741867395,65.62216879842343],[22.50268138715731,65.62234670282947],[22.502250858103547,65.62236804341082],[22.502629741867395,65.62216879842343]],[[22.500458824488838,65.62823170254943],[22.501371730401342,65.62836693316316],[22.501475034235785,65.62872274268726],[22.500131480628838,65.62860884844919],[22.500458824488838,65.62823170254943]],[[22.50030389430749,65.62769798694403],[22.500355536921525,65.62787589217113],[22.499924913963294,65.62789722709151],[22.50030389430749,65.62769798694403]],[[22.500234768640148,65.62896465897624],[22.499804127519578,65.62898599373558],[22.499752486021247,65.62880808830916],[22.500234768640148,65.62896465897624]],[[22.499994946088268,65.62211891716204],[22.500046573225465,65.62229682264673],[22.49875497838277,65.62236081836812],[22.499994946088268,65.62211891716204]],[[22.49860012536913,65.62182710025861],[22.498703359932357,65.6221829123569],[22.49736015777924,65.62206899006193],[22.49677481446819,65.62155659518068],[22.49860012536913,65.62182710025861]],[[22.49734249858434,65.62351356874706],[22.49739411090583,65.62369147528322],[22.496532997006234,65.6237341257704],[22.49734249858434,65.62351356874706]],[[22.496842652544455,65.62480156656221],[22.49727322726077,65.62478024087294],[22.497324842140493,65.62495814740763],[22.496842652544455,65.62480156656221]],[[22.496757121318193,65.62300117413567],[22.496808728406414,65.62317908092314],[22.495947630324466,65.62322172792919],[22.496757121318193,65.62300117413567]],[[22.4965846043148,65.62391203263225],[22.496154043300283,65.62393335622998],[22.496102438887778,65.62375544919269],[22.4965846043148,65.62391203263225]],[[22.496344292657067,65.62157791892585],[22.49591377006704,65.621599241457],[22.49586217288523,65.62142133426659],[22.496344292657067,65.62157791892585]],[[22.496319427725325,65.64558071484159],[22.495888507163087,65.64560204127994],[22.495836852662304,65.64542413464378],[22.496319427725325,65.64558071484159]],[[22.49415228071061,65.63359697475664],[22.494203895333346,65.63377488235922],[22.493773168511357,65.63379620085787],[22.49415228071061,65.63359697475664]],[[22.48642692670789,65.67025169954691],[22.48556424546686,65.67029430339711],[22.48616869076868,65.66936214969071],[22.48822198952714,65.66889980479478],[22.48804895983578,65.66981065878154],[22.486754963622413,65.66987457628086],[22.48642692670789,65.67025169954691]],[[22.488859955438322,65.66959013211317],[22.48875662851514,65.66923431420165],[22.48961926818085,65.66919169263734],[22.48977427718265,65.66972541841314],[22.488583616140307,65.67014516862581],[22.488307265646696,65.67070020474766],[22.487444573208133,65.67074281938642],[22.48804895983578,65.66981065878154],[22.488859955438322,65.66959013211317]],[[22.484804598605123,65.62395360870738],[22.485235171171972,65.62393231720611],[22.4852867016213,65.62411022867701],[22.484804598605123,65.62395360870738]],[[22.482651724103146,65.62406004799918],[22.482600211810304,65.62388213545204],[22.483030785369795,65.62386085019742],[22.482651724103146,65.62406004799918]],[[22.48098091198714,65.62432309079747],[22.481411494450192,65.62430181004989],[22.481462999608688,65.62447972307201],[22.48098091198714,65.62432309079747]],[[22.481032414249018,65.62450100399472],[22.481083917288448,65.62467891716678],[22.480653328254537,65.62470019705026],[22.481032414249018,65.62450100399472]],[[22.480704829174833,65.62487811037221],[22.480274236466656,65.62489938921642],[22.480222738443107,65.62472147571938],[22.480704829174833,65.62487811037221]],[[22.480583240936227,65.62596686966987],[22.480152630069128,65.62598814835025],[22.48010113027728,65.62581023482922],[22.480583240936227,65.62596686966987]],[[22.472618481825375,65.67544445742108],[22.47267004906907,65.67562237282499],[22.472238605894805,65.67564363732048],[22.472618481825375,65.67544445742108]],[[22.452425582654257,65.68582183894884],[22.449887209337355,65.6861269984319],[22.4505447253787,65.68537289481898],[22.45232267801693,65.68546599212306],[22.452425582654257,65.68582183894884]],[[22.434089620598847,65.72696137514912],[22.434264824857166,65.72605056143708],[22.437569032553622,65.72534741945529],[22.43810423730262,65.72568210149022],[22.437291057002618,65.725902378662],[22.437064514941106,65.72663526614866],[22.43803207423327,65.72694877485128],[22.438186435497315,65.72748255953262],[22.437476101326407,65.72805869466231],[22.434830541759705,65.72800778786618],[22.434243900595256,65.72749516462437],[22.43543806275142,65.72707580593396],[22.434089620598847,65.72696137514912]],[[22.40101706869171,65.55247025750397],[22.40106785417711,65.55264820483296],[22.40063837651252,65.55266924657197],[22.40101706869171,65.55247025750397]],[[22.39276947991344,65.76777220414917],[22.393202540467936,65.76775114952707],[22.393253782312577,65.76792909494655],[22.39276947991344,65.76777220414917]],[[22.393253782312577,65.76792909494655],[22.393738090580896,65.76808598414792],[22.393305024935195,65.76810704034119],[22.393253782312577,65.76792909494655]],[[22.38502247286049,65.72556615983653],[22.385073557891264,65.72574410954041],[22.384641192737774,65.72576513431206],[22.38502247286049,65.72556615983653]],[[22.360709740875677,65.73558740941557],[22.360811624704397,65.73594332787447],[22.36037906530201,65.73596428560637],[22.360709740875677,65.73558740941557]],[[22.35972462346363,65.76125582376926],[22.360157607078182,65.76123486379231],[22.360259605037037,65.7615907814916],[22.35972462346363,65.76125582376926]],[[22.358043665187658,65.76151761117603],[22.359877612761487,65.76178970080097],[22.358196621600204,65.76205149021261],[22.358043665187658,65.76151761117603]],[[22.358648819967645,65.73604810431938],[22.358750677610942,65.73640402441058],[22.358318108491137,65.7364249763813],[22.358648819967645,65.73604810431938]],[[22.350836093203892,65.75013861869071],[22.351268899187797,65.75011768568662],[22.35131981016305,65.7502956483739],[22.350836093203892,65.75013861869071]],[[22.35131981016305,65.7502956483739],[22.3525673125043,65.75005487934055],[22.35266915281511,65.75041080365253],[22.351854448436562,65.75063063892935],[22.35131981016305,65.7502956483739]],[[22.35193111559333,65.74016226811173],[22.35203290025151,65.74051819339776],[22.351600255739413,65.74053912701197],[22.351065837512564,65.74020413342673],[22.35193111559333,65.74016226811173]],[[22.34119184498733,65.73941856103811],[22.341141029506836,65.7392405940393],[22.34157366247178,65.73921969025355],[22.34119184498733,65.73941856103811]],[[22.337875690043436,65.71089179163461],[22.337926416093577,65.71106976060527],[22.3374942501076,65.71109064951223],[22.337875690043436,65.71089179163461]],[[22.337044149366438,65.73871679867723],[22.33709493540516,65.73889476732761],[22.336662303521344,65.73891565837793],[22.337044149366438,65.73871679867723]],[[22.335644707996963,65.73842352923563],[22.3360773326348,65.73840264114646],[22.336128111275414,65.73858061019097],[22.335644707996963,65.73842352923563]],[[22.336128111275414,65.73858061019097],[22.336611520411456,65.73873768955497],[22.336178890686217,65.73875857921098],[22.336128111275414,65.73858061019097]],[[22.334655843332026,65.73341949796198],[22.33508838521152,65.73339861348161],[22.335139145220836,65.73357658303898],[22.334655843332026,65.73341949796198]],[[22.335571689258135,65.7335556971647],[22.336054999159867,65.73371277925683],[22.33615653473803,65.73406871755921],[22.33524066754881,65.73393252208037],[22.335571689258135,65.7335556971647]],[[22.334885352871705,65.7326867350073],[22.33493610980208,65.73286470466259],[22.33450357670503,65.7328855886255],[22.334885352871705,65.7326867350073]],[[22.334554331477673,65.73306355842881],[22.33460508702,65.73324152820763],[22.334172547298323,65.73326241129402],[22.334554331477673,65.73306355842881]],[[22.334351317005016,65.7323516790688],[22.334402069468712,65.73252964894552],[22.33396954145677,65.73255053134206],[22.334351317005016,65.7323516790688]],[[22.329151769320372,65.71564326748171],[22.32920244659024,65.715821239829],[22.32877019279093,65.71584210480377],[22.329151769320372,65.71564326748171]],[[22.32642994941718,65.716857136419],[22.32612599706278,65.71578929546902],[22.327524093129725,65.71608266541676],[22.3277774363699,65.71697253010913],[22.32642994941718,65.716857136419]],[[22.32641687228939,65.72912619025324],[22.326366182808847,65.72894821710533],[22.326798657963348,65.72892735682095],[22.32641687228939,65.72912619025324]],[[22.32529850337034,65.72827803979635],[22.325730968355543,65.72825718264347],[22.325781651835364,65.72843515606135],[22.32529850337034,65.72827803979635]],[[22.325781651835364,65.72843515606135],[22.326264806153482,65.7285922707362],[22.32583233608366,65.72861312945479],[22.325781651835364,65.72843515606135]],[[22.32519714456902,65.72792209254291],[22.325247823585478,65.72810006618184],[22.324815360758357,65.72812092194125],[22.32519714456902,65.72792209254291]],[[22.32450785611608,65.73012034389666],[22.324457177427114,65.7299423700096],[22.324889671058273,65.7299215149705],[22.32450785611608,65.73012034389666]],[[22.324305145970808,65.72940844820198],[22.324355822354498,65.72958642216227],[22.323923333808743,65.72960727563563],[22.324305145970808,65.72940844820198]],[[22.324153121430047,65.72887452617462],[22.324203795508602,65.72905250020817],[22.323771315743304,65.72907335316489],[22.324153121430047,65.72887452617462]],[[22.321558248875,65.7289996245625],[22.321659562678942,65.72935557467133],[22.32122707537751,65.7293764204724],[22.321558248875,65.7289996245625]],[[22.32069328521151,65.72904131425476],[22.319142636056146,65.72821395963135],[22.320490690234383,65.72832941236724],[22.32069328521151,65.72904131425476]],[[22.31637730699143,65.72311514043831],[22.316809694323883,65.72309430938],[22.316860304258377,65.72327228648014],[22.31637730699143,65.72311514043831]],[[22.316860304258377,65.72327228648014],[22.317343307376312,65.72342943093255],[22.316910914960093,65.7234502635559],[22.316860304258377,65.72327228648014]],[[22.314732058317617,65.76974150707932],[22.314782763962175,65.76991948391422],[22.314349590512116,65.76994031677233],[22.314732058317617,65.76974150707932]]],[[[22.58603399,65.50717843],[22.56460563,65.5082548],[22.566943005114414,65.51627298015003],[22.57199258894726,65.51601959951122],[22.571888862413207,65.51566384262102],[22.57365553493681,65.51575563470358],[22.573980481748357,65.51537835491396],[22.574889751033403,65.51551318001945],[22.575097287514385,65.51622468875591],[22.57595470018495,65.51618163001756],[22.57718891371191,65.51593915658984],[22.578267386122107,65.51516304589694],[22.57960535593324,65.51527630495008],[22.579930210228675,65.5148990133231],[22.581268172762098,65.51501225773464],[22.582021673860726,65.51461341596556],[22.58330769168429,65.51454876816923],[22.583632483428275,65.51417146923052],[22.58658116020535,65.5138427037017],[22.587793802205073,65.51320065955382],[22.58603399,65.50717843]],[[22.57521467699256,65.51513589779125],[22.575487709036373,65.51458073796145],[22.576072053692837,65.51509283875605],[22.57521467699256,65.51513589779125]],[[22.57538394180513,65.51422498388932],[22.57581261542889,65.51420345465053],[22.575916388394564,65.51455920836963],[22.57538394180513,65.51422498388932]]],[[[22.357739413899104,65.54574354814171],[22.362488182449805,65.54406873289622],[22.36382681108491,65.54418389438382],[22.36458452387069,65.54378609626077],[22.3658726208945,65.54372327758763],[22.367059645668906,65.54330452561211],[22.36695858330872,65.54294860310667],[22.367867819810638,65.54308467297213],[22.367766747453043,65.54272875110556],[22.369105327459224,65.54284386638909],[22.369180858767578,65.54157719309656],[22.370948710990756,65.54167134162537],[22.37122636729532,65.54111650692344],[22.37241318696848,65.54069771499655],[22.37226150331212,65.54016383747029],[22.37279193013457,65.54049879604165],[22.37579704484139,65.54035204352472],[22.37612517040038,65.53997515876078],[22.377909146635837,65.5397928691781],[22.37671758,65.53560211],[22.419635810000003,65.53349899],[22.40440993,65.48011579],[22.382994830000005,65.48116628],[22.380471009999997,65.47226843],[22.359061159999996,65.47331547],[22.351132128305128,65.44522731764815],[22.348087641317022,65.44553882056788],[22.34675415415578,65.44542346861655],[22.34617589570674,65.44491042359623],[22.346931090446965,65.44451273887213],[22.347335095236023,65.44286925059652],[22.34866845369163,65.44298459870633],[22.3492228513677,65.44187501950537],[22.350172713640813,65.44182864473362],[22.349392656646902,65.43906533635862],[22.34693654287847,65.43837821631837],[22.341554033930464,65.4377387076192],[22.337177314439177,65.43759124915175],[22.330334766178765,65.43792458172307],[22.32364200386402,65.43879154921922],[22.32042038300591,65.43966987929863],[22.319137269852856,65.4397322616385],[22.31601527055901,65.44096646643122],[22.314903631304453,65.44318540690979],[22.315403114797466,65.44496525040108],[22.3169862723882,65.44597079902574],[22.31789186091302,65.44610720534504],[22.318041779176156,65.44664115486209],[22.320180866382216,65.44653718810997],[22.323047791660617,65.44748027537322],[22.323197824479074,65.44801421861878],[22.32234214940752,65.44805582646632],[22.323647963454277,65.44961604704962],[22.319491336993952,65.45180265565176],[22.316973889103274,65.45210538903812],[22.314656237931203,65.45312001856324],[22.313372449474194,65.45318235861625],[22.313044428750477,65.45355910620201],[22.310576671730313,65.45403972048192],[22.307930482086533,65.45543099338676],[22.30365071903096,65.45563856506207],[22.301232467674065,65.45629701910843],[22.300904233813917,65.4566737424222],[22.298814093127078,65.45695543563592],[22.297301490619454,65.45775034146445],[22.295589402097676,65.45783326597041],[22.294504687982293,65.4586074157952],[22.292792532734953,65.45869030924347],[22.291657876312495,65.45928644680859],[22.28662078915599,65.45989096474715],[22.285475796101412,65.45579706573942],[22.286282015589595,65.45557766816249],[22.286082906811505,65.4548656856914],[22.287366856124834,65.45480357616012],[22.28812324008699,65.45440617409177],[22.28797387792462,65.45387218938602],[22.28882980880568,65.45383077387314],[22.288730226326003,65.45347478462764],[22.290242854487232,65.45267996442146],[22.291904816675036,65.45241911030152],[22.291655777841406,65.45152914295232],[22.29298936251726,65.45164498081141],[22.292889733563705,65.45128899476963],[22.294601404760872,65.45120610503348],[22.29450175592217,65.45085012025311],[22.29568582130996,65.45043195744996],[22.29518755115268,65.44865203671692],[22.292928163984392,65.4467770083721],[22.292022673799913,65.44664045126942],[22.291923080978062,65.44628446422199],[22.28895783232764,65.44498478410013],[22.289136784414847,65.44407410237083],[22.28717676629687,65.4432669484826],[22.286977746267024,65.44255496626816],[22.285644651303798,65.442439070418],[22.286301219591437,65.44168568840912],[22.28839029344594,65.44140417905693],[22.28829077400732,65.4410481888739],[22.2891960505772,65.44118477049948],[22.287524461153705,65.43675559729498],[22.285187103257137,65.43614710907417],[22.279856131984953,65.43568337771842],[22.278851728732217,65.43519073972955],[22.275858020858976,65.43533545440803],[22.27837438018823,65.43503341768614],[22.27827502597208,65.43467741924627],[22.27646504313031,65.4344041138386],[22.27498344803333,65.43375411893645],[22.277927309682273,65.43343142395307],[22.277728631047463,65.43271942611631],[22.279011519829748,65.43265739818723],[22.28011519683528,65.43350603321537],[22.28182575592917,65.43342329941696],[22.2817263622336,65.43306730364093],[22.28263132807336,65.43320392775082],[22.281955204563744,65.43233462635536],[22.282909848750002,65.43264924680041],[22.283188358257934,65.43209456544548],[22.283715387995112,65.43242986967172],[22.284570627063783,65.43238848518757],[22.28412323257557,65.43078651303043],[22.281786492267013,65.4301779659503],[22.28168711397713,65.42982196998939],[22.280255335391676,65.42935002357366],[22.280961434050013,65.42877466479733],[22.282244120629034,65.4287126113874],[22.282343501396255,65.42906860695854],[22.28533645062949,65.42892377113574],[22.285893284786315,65.42781440077296],[22.285167497928853,65.42676711687575],[22.28549560987398,65.42639042895458],[22.28607226068676,65.4269037223695],[22.286877598263796,65.42668433035745],[22.286529601481742,65.42543835765024],[22.28424298657773,65.42500784065724],[22.284948884742242,65.4244324652004],[22.283517349659398,65.42396054731029],[22.283368290834165,65.42342655495315],[22.2850284840776,65.42316579411579],[22.286489823319574,65.42219303042123],[22.287344723376517,65.42215163358576],[22.28885563800544,65.42135684422648],[22.288706488423138,65.4208228580467],[22.28961106109101,65.42095944421031],[22.28936246110988,65.42006946857825],[22.29278174475434,65.41990379017454],[22.293686305236555,65.42004035201265],[22.29383555078732,65.42057433230859],[22.293080203868623,65.42097175272828],[22.294561496153438,65.42162157293042],[22.29375637877652,65.42184100377989],[22.293855884274517,65.42219699052681],[22.293000995169912,65.42223842416705],[22.29310049224106,65.42259441149596],[22.291867876972617,65.42283454807837],[22.291211912315912,65.42358794835633],[22.289979232536403,65.4238280701437],[22.290227896520612,65.42471804410478],[22.288667110256334,65.42533485332966],[22.288388781239632,65.42588954301695],[22.28921413568803,65.42729280059697],[22.290019457737795,65.42707339196299],[22.290218418292454,65.42778537080842],[22.291172989669693,65.42809993968784],[22.292674945338426,65.43037243362951],[22.293957676517905,65.43031028015733],[22.29428570226986,65.42993357398136],[22.30369205026927,65.42947743154014],[22.305024551963612,65.42959317386754],[22.3056016559665,65.43010638805372],[22.30688433705236,65.43004412514748],[22.309371261554098,65.43118623885306],[22.31236427159258,65.43104086609267],[22.312891647473055,65.43137606488875],[22.315079432538784,65.43145016803155],[22.315656774729174,65.43196334135213],[22.31651193749311,65.43192177653158],[22.316611798151648,65.43227774467314],[22.318322137528906,65.43219459921598],[22.318172313413967,65.43166064900869],[22.320787706386717,65.43171388015294],[22.320510002041196,65.43226862279411],[22.321365165455106,65.43222703045144],[22.32194264764163,65.43274017830674],[22.32370297684842,65.43283495352046],[22.324458181705293,65.43243738117783],[22.325740922594793,65.43237495731155],[22.32493575068085,65.43259455515566],[22.32546331764747,65.43292970807413],[22.326646078785647,65.43251131542529],[22.32679608132146,65.43304525542254],[22.327978825650174,65.4326268524917],[22.328078845215217,65.43298281144365],[22.328984034010677,65.43311915520037],[22.336730568705402,65.43292219323612],[22.34462733073008,65.43325875342414],[22.350135587670866,65.43280945861153],[22.35322887002469,65.43301921667032],[22.36167950924459,65.43224529334962],[22.36233362842596,65.43149160552423],[22.365326316955283,65.43134518506851],[22.36565331760532,65.43096833419605],[22.366659154922143,65.43146037942515],[22.368872368048336,65.43128924393632],[22.36788027,65.42777829000002],[22.389252510000002,65.42673038],[22.391774009999995,65.43562809999999],[22.434527080000002,65.4335224],[22.42945746,65.41572861],[22.472174429999995,65.4136126],[22.469628239999995,65.40471648],[22.426925489999995,65.40683162999999],[22.424395430000004,65.39793458],[22.360348449999996,65.40108346999999],[22.3503323,65.36548953],[22.371654760000002,65.36444461000002],[22.37416309,65.37334276],[22.395490769999995,65.37229442],[22.390461819999995,65.35449891],[22.433083189999998,65.35239494],[22.434417758562308,65.35709053502863],[22.436064201041024,65.35713307854796],[22.436165335349372,65.35748895407187],[22.437870351395013,65.3574045074264],[22.437993124669028,65.35631577106723],[22.439322411917967,65.35643035948425],[22.43957535534327,65.35732004158564],[22.441179144888302,65.35687968516282],[22.441402978431928,65.35614681886807],[22.4399219281756,65.35549844009361],[22.439842270118728,65.35369795783497],[22.438188074860708,65.35396036129508],[22.438310827239142,65.35287162489448],[22.436302758082018,65.35188844705972],[22.434742799147866,65.34943952545223],[22.43331282623815,65.34896901460608],[22.433962933525223,65.34821505741637],[22.43604291632454,65.34793159690477],[22.437472879030793,65.34840208190414],[22.438700633243712,65.34816080526295],[22.439278436831387,65.34867349995912],[22.442362364638544,65.34888152539843],[22.44316398831399,65.34866133725876],[22.443265179195958,65.34901720742512],[22.448935439706577,65.35072084773614],[22.449787705213016,65.35067855697396],[22.453551423143303,65.35175486227786],[22.454515065001054,65.35176703449946],[22.451858149999993,65.34244189999998],[22.47315703,65.34138285],[22.46808278,65.32359042],[22.489365639999995,65.32252923],[22.4868243,65.31363336],[22.508098209999996,65.31256961],[22.50300710999999,65.29477854],[22.4817473,65.29584142],[22.47921164,65.28694535],[22.436700430000002,65.28906127],[22.42914697,65.26237012],[22.40790965,65.26342231],[22.41041857,65.27231985],[22.36792427,65.27441612],[22.365429419999998,65.26551772],[22.386670469999995,65.26447150999999],[22.381672289999997,65.24667538999998],[22.40289743,65.24562704999998],[22.400394109999997,65.23672932],[22.442824749999996,65.23462453],[22.440309279999994,65.22572759999998],[22.482718419999998,65.22361174000001],[22.477665099999996,65.20581942],[22.45647546,65.20687798000002],[22.453958599999996,65.19798129],[22.4115877,65.20008862],[22.409086680000005,65.19119102],[22.23958508,65.1994978],[22.242030119999995,65.20839878],[22.220827180000004,65.20942413000002],[22.219203955998484,65.2034976443149],[22.155094946934227,65.23963787942895],[22.16446931,65.23918987],[22.16689352,65.24809228],[22.188129979999996,65.24707421],[22.19056302999999,65.25597614999998],[22.211804719999996,65.25495468],[22.21424662,65.26385614],[22.15049501,65.26691282],[22.14467947180643,65.24550940552861],[22.08522115451714,65.27902790156662],[22.110393369999997,65.27783911],[22.107984899999998,65.26893564],[22.12924085,65.26792573000002],[22.13407371,65.28573179],[22.09153178,65.28775027],[22.09393679,65.29665404000002],[22.0503100602751,65.29870836726735],[22.013784406189117,65.31929901038646],[22.015944,65.32737256],[22.03725133,65.32637517],[22.039642269999998,65.33527994],[22.08226575,65.33327533999999],[22.07986064,65.32437138999998],[22.10116259,65.323365],[22.096343589999996,65.30555774999999],[22.11762959,65.30454917999998],[22.12004527,65.31345242],[22.14133654,65.31244043999999],[22.146187470000005,65.33024593000002],[22.167491099999996,65.32923012],[22.17724312,65.36483873],[22.21990164,65.36279479],[22.22235841,65.37169596000001],[22.2863537,65.36860626],[22.28883363,65.37750610999998],[22.31016879,65.37646978],[22.312657679999997,65.38536914],[22.333998089999994,65.38432937999998],[22.336495949999996,65.39322826999998],[22.31514844,65.39426845],[22.31764106,65.4031677],[22.29628457,65.4042053],[22.29379906,65.39530562999998],[22.291801228249927,65.39540239710398],[22.290969403008766,65.3963587030088],[22.29220079490505,65.39611858598023],[22.29277687496991,65.39663185953314],[22.29410765443049,65.39674771553312],[22.294207049695768,65.39710370318984],[22.29340267112162,65.39732312478264],[22.29430644793808,65.39745969075062],[22.294405849157567,65.39781567821548],[22.291843557019885,65.39793995023055],[22.291615237388655,65.39867263740612],[22.289479912822046,65.3987761617106],[22.28938057397101,65.39842017037422],[22.288099387385518,65.39848226950625],[22.286540077798705,65.39909904203006],[22.286639381254084,65.39945503559179],[22.287821298931828,65.39903695581046],[22.289529583363386,65.3989541573428],[22.28972827296802,65.39966613963216],[22.288824441640475,65.39952954675098],[22.288119269471316,65.40010493316251],[22.287265088626725,65.40014632720914],[22.287165773527438,65.3997903341774],[22.28626195035742,65.3996537258449],[22.285934162402224,65.40003041224485],[22.286837997088774,65.40016702242791],[22.28608311277176,65.4005644032075],[22.283570139360716,65.40086653480421],[22.283291932081944,65.40142121393058],[22.282109834634575,65.40183925997697],[22.278593614553703,65.40164867399058],[22.27764017231275,65.40133401420056],[22.278296010204556,65.40058067416122],[22.277620934100362,65.39971134275534],[22.27890221060031,65.39964933181838],[22.27875341251306,65.39911533223652],[22.279508369648383,65.39871798744606],[22.280839203665302,65.3988339600862],[22.28101821558762,65.39792328719915],[22.28229939515411,65.3978612483452],[22.283054262420148,65.39746388668603],[22.28295501666339,65.39710789018183],[22.28375947945487,65.39688852352256],[22.28323319055767,65.39655321200009],[22.283528427826475,65.39580309898423],[22.27244782,65.3963398],[22.277406449999997,65.41413993],[22.256039109999996,65.41517193000001],[22.25851408,65.42407233],[22.23713775,65.42510175],[22.239607440000004,65.43400251],[22.238346595649098,65.4340630496691],[22.238054566038514,65.43499294308418],[22.23933767924683,65.4349312503605],[22.239206447391712,65.43601990428553],[22.23797268652301,65.43625961159175],[22.237742579839107,65.43699223450515],[22.23721603530475,65.43665676493248],[22.23593283161478,65.43671844050478],[22.23583404598485,65.43636240855609],[22.2349785845833,65.43640351890429],[22.234452087248822,65.43606803921726],[22.232790546414673,65.43632825649307],[22.232988037666125,65.43704032510134],[22.2313264201056,65.43730052700936],[22.230191236586236,65.43789620763192],[22.228809256382995,65.43760178681947],[22.22671979622415,65.43788247496002],[22.2269664737176,65.4387725724437],[22.225584481260842,65.43847812221574],[22.223017822804792,65.4386012670549],[22.22268865985997,65.43897782925856],[22.221833088210722,65.43901886615454],[22.221306702372694,65.43868333950299],[22.218361492219447,65.43900494270477],[22.217703012317568,65.43975804759113],[22.21827865643465,65.44027160987577],[22.21613959533972,65.44037413180041],[22.216238131749943,65.44073017907935],[22.21543175429824,65.4409492040204],[22.21534877566016,65.44221587097275],[22.214493084432025,65.4422568674248],[22.213505067250555,65.44338650125304],[22.212698585386093,65.44360551261235],[22.21284634302378,65.44413958732689],[22.212039832561846,65.44435859544615],[22.211199371061742,65.44602229150195],[22.20849935000792,65.44723383962769],[22.20859781379367,65.44758989259137],[22.207363217899108,65.44782935776144],[22.206374692882875,65.4489589498509],[22.204662833152412,65.44904084081195],[22.204761253014574,65.44939689670538],[22.203196959573493,65.4500128553823],[22.2018293670281,65.45134091487219],[22.19988605383683,65.45215533251263],[22.19881326376123,65.45455154593483],[22.199767763035087,65.45486669372102],[22.199964525561803,65.45557881255192],[22.197396046318758,65.4557015394156],[22.20025969150553,65.45664699009254],[22.20159317819085,65.45676363635876],[22.207965278885997,65.45627853075696],[22.207866784217302,65.45592247770739],[22.210484489915142,65.4559775985923],[22.21124209791677,65.45558056997685],[22.212954360130727,65.45549860043334],[22.21315148687907,65.45621069847698],[22.210878629669278,65.45740180198183],[22.211799496334788,65.45916156257623],[22.21089397019704,65.45902451913582],[22.210810763809953,65.46029118566567],[22.21166705119905,65.46025020423218],[22.21237547498355,65.45967514401666],[22.212474048006897,65.46003119334337],[22.214861248913003,65.46081882611674],[22.216573839906808,65.46073681228889],[22.216475207935975,65.46038076622126],[22.219521509236657,65.46041521978098],[22.220279102161154,65.46001814597624],[22.221991620281024,65.45993607141048],[22.222518458627498,65.46027159116143],[22.221662191077346,65.46031263394383],[22.22185959839847,65.46102471782362],[22.222715888857067,65.46098367369623],[22.223720273986675,65.4614766853854],[22.222485174629984,65.46171627919222],[22.222303808219863,65.46262690516961],[22.221447463247916,65.46266794749579],[22.221546173237158,65.4630239895406],[22.220261633036795,65.46308554498653],[22.220360328805064,65.46344158794544],[22.218318055098614,65.46390020244199],[22.21642368071117,65.46489285904899],[22.214661503983617,65.46479685019314],[22.213047244698814,65.46523489363628],[22.21281622758776,65.46596748730539],[22.210015699995044,65.46682303232927],[22.209307038622544,65.46739808377505],[22.208450512992282,65.46743905416082],[22.208351960977684,65.46708300202079],[22.207017917874463,65.46696642092905],[22.207116451216102,65.46732247412321],[22.205880918342093,65.46756193634351],[22.206506241563034,65.46825356635162],[22.205551164833256,65.46793846687694],[22.203887308126717,65.46819838853251],[22.202883024257567,65.46770524395808],[22.199506032158048,65.46804698120718],[22.19764528423272,65.46759471599287],[22.19736461315678,65.46814926011385],[22.19436659551989,65.46829239987316],[22.193229246008336,65.46888782344556],[22.193376778926442,65.46942191930628],[22.18566707511265,65.4697896741837],[22.18500691815924,65.47054265256584],[22.182633320653764,65.4713772846273],[22.18235229299149,65.47193180430554],[22.17635515693358,65.47221743898183],[22.17650236820465,65.47275155443961],[22.175645605480206,65.47279234107268],[22.17498508593809,65.47354527916482],[22.17518134386134,65.47425743508045],[22.176993120358436,65.47453193777677],[22.175855103339018,65.47512723697838],[22.17591741611945,65.476928016428],[22.176872480704766,65.47724330338319],[22.17520773270668,65.47750291772742],[22.17550218690576,65.47857115037593],[22.17464523175781,65.47861193321168],[22.173984545300595,65.47936486852025],[22.172748129339592,65.47960406823901],[22.172895317198176,65.48013818740615],[22.171560744275666,65.48002129828726],[22.171328451549588,65.48075384072673],[22.170752783221907,65.48024009983406],[22.16908778104147,65.48049964920776],[22.168561196159093,65.4801639406868],[22.168548400625404,65.47854119494963],[22.16464302043509,65.47854645973739],[22.163933043671076,65.47912131091317],[22.160554024115974,65.47946219683602],[22.160223470430914,65.4798386360785],[22.159366445028695,65.47987933292693],[22.16045606914763,65.47910610773677],[22.160358117122996,65.47875001854423],[22.15907263177758,65.47881106262652],[22.158546209065847,65.4784753176172],[22.158876770992364,65.4780988819597],[22.159733739002746,65.47805818844745],[22.15939097078324,65.47681187371754],[22.1576281596894,65.47671520551764],[22.154726764370746,65.47721366225572],[22.155057366903215,65.4768372345566],[22.153711175364148,65.47509742940115],[22.154996493408277,65.47503643256728],[22.154898634070733,65.47468033892034],[22.15765290773657,65.47364774433738],[22.157457132269805,65.4729355609653],[22.15826498612635,65.4727168315577],[22.15816709280257,65.47236074035206],[22.156502455858213,65.47262014748074],[22.15640458694949,65.47226405489475],[22.15511940901025,65.47232506234755],[22.15502156025008,65.47196896866822],[22.154115865212983,65.47183158638954],[22.151545532299878,65.47195355118865],[22.150027522181325,65.47274703225297],[22.14821613612356,65.47247220233619],[22.14612297828658,65.47275181012688],[22.145792294239747,65.47312821907734],[22.144078625787134,65.47320944047162],[22.144176331268895,65.47356554262502],[22.142891055011248,65.47362644698524],[22.14183884984843,65.47295483612427],[22.142646839840086,65.47273618893135],[22.143161752146444,65.47144922897458],[22.14101978982095,65.47155071417875],[22.14006535777732,65.4712351944321],[22.13840060094243,65.47149440322232],[22.137261816182566,65.47208941905511],[22.135927798837773,65.47197220977445],[22.136735810162417,65.47175359399267],[22.13663821407695,65.47139748595924],[22.137923398463645,65.471336635696],[22.139062135993186,65.47074161533003],[22.13896451282047,65.4703855090597],[22.1406291936174,65.4701262947909],[22.140862272633342,65.46939379191055],[22.140005552867724,65.46943437596082],[22.139907922753025,65.46907827036323],[22.14209851701891,65.46915485482111],[22.141952032131876,65.46862069881507],[22.14280872162247,65.46858010401773],[22.14304172794345,65.46784759847039],[22.142087410067262,65.46753209037904],[22.140851241571834,65.46777102664348],[22.140325280210266,65.4674352136331],[22.13946862353047,65.46747579402472],[22.138845080522202,65.46678386943431],[22.141561438035666,65.46719628177686],[22.14579577712899,65.46681522222076],[22.146934140541127,65.46622014612201],[22.146836430677116,65.46586404577018],[22.148451878153317,65.4654266987524],[22.14835415122639,65.46507059954614],[22.149161844464132,65.46485192037531],[22.14853811345269,65.46416003762664],[22.15020229989576,65.46390072264298],[22.15005568522465,65.46336657573758],[22.15395881952474,65.4633617099519],[22.155096847359548,65.46276657557723],[22.154093681467113,65.46227309574363],[22.156283733750225,65.46234947973548],[22.15618591420468,65.46199338649274],[22.157042360189863,65.46195271332772],[22.156516315225687,65.46161695751118],[22.159746302257492,65.46074204793325],[22.160358029072285,65.45981112999065],[22.162352103438117,65.4591752479877],[22.162584490969582,65.45844271829141],[22.16143455064314,65.45741515386617],[22.160578261274296,65.4574558504168],[22.158572183760516,65.45646895438914],[22.157336691507073,65.45670801901107],[22.15628098433405,65.45602251179704],[22.15547746355866,65.45625521943329],[22.15333074273406,65.45616226440264],[22.11612703,65.4579246],[22.113696559999998,65.44902145999998],[22.070887779999996,65.45103673999999],[22.073303919999997,65.45994071],[22.05188964,65.46094424],[22.05671301,65.47875283000002],[22.099568449999992,65.47674111],[22.101997219999998,65.48564449999999],[22.08560595907067,65.48641518175077],[22.083336786768033,65.48761796960846],[22.083101953501004,65.4883504002339],[22.081864242462967,65.4885888684155],[22.081904375721614,65.49157972777765],[22.0856334687091,65.48967430837303],[22.08810889724078,65.48919730007819],[22.08839210315435,65.48864293533556],[22.09111000857607,65.48905624000295],[22.09135265348901,65.48994659613663],[22.08978324083821,65.49056142784336],[22.08992880861796,65.49109564302479],[22.088739550412143,65.49151223987252],[22.088836584918013,65.49186838411178],[22.09012290920481,65.49180792961174],[22.08974265926832,65.49200615407575],[22.090317021465545,65.4925202158311],[22.08784915497732,65.49462006196309],[22.086659705060672,65.49503664427415],[22.086752881155522,65.49537866221822],[22.093357695328844,65.49506761436157],[22.09394970684332,65.49469402099957],[22.098506067324486,65.49482515635557],[22.098472297180475,65.49375986420806],[22.100236082623486,65.49385721324958],[22.100340473397114,65.49473876663103],[22.125867159999995,65.49353661],[22.13074822,65.51134226],[22.10748861177877,65.51245317507109],[22.105966945794364,65.513246248153],[22.104679610371594,65.51330684722248],[22.1047769599525,65.51366297809338],[22.103967391287895,65.51388143781608],[22.0984373637259,65.51432195074506],[22.097773609440416,65.51507458163043],[22.096915311198593,65.51511493644993],[22.0963402973086,65.51460090617641],[22.094477901148586,65.51414738639694],[22.09271275584495,65.51404998326063],[22.09208925992357,65.51335786566028],[22.086178528987254,65.5139961640811],[22.085036727130387,65.51459081478455],[22.084178421044598,65.51463109740057],[22.082704438097338,65.5156020179169],[22.081846094444064,65.51564228765741],[22.079991291233704,65.51681139077894],[22.07703541274581,65.51713033736205],[22.07626678951446,65.51590392292111],[22.075311464513998,65.51558800286527],[22.07434909328544,65.51364926987138],[22.076494818114757,65.51354869403436],[22.078017414640144,65.51275590862768],[22.077920433915253,65.51239975701763],[22.07877867834393,65.51235951050495],[22.0786816890187,65.51200335946388],[22.080536221674112,65.51083427493121],[22.079808744490776,65.50816314952418],[22.078376136537287,65.50768929705117],[22.07665995003637,65.50776977774336],[22.07632067323022,65.50652324221488],[22.077559279917374,65.50628481087804],[22.078223413127198,65.50553226502271],[22.08060929797658,65.50468365045407],[22.06952275955133,65.50520419265644],[22.0675947480826,65.50639109233435],[22.067933606575902,65.50763765144255],[22.069940364479514,65.50862574394466],[22.069179069780738,65.50902209789152],[22.069372765573117,65.50973441482745],[22.067801656223157,65.51034903438439],[22.068043745695565,65.51123943299511],[22.067185518105422,65.51127961842859],[22.067282347475068,65.51163577837245],[22.068189008121802,65.51177367188708],[22.06733076325266,65.51181385831008],[22.066617749893513,65.51238828055567],[22.067337388588843,65.51343666959937],[22.06614325988676,65.51349257206323],[22.066381539999995,65.51436934],[22.065433666610545,65.51442751910075],[22.065959659441756,65.51476359226558],[22.065149720203838,65.5149818477188],[22.065059398846213,65.51624849887902],[22.06353620258952,65.51704115952329],[22.063348994227304,65.51795164786823],[22.06559850013585,65.51983019720436],[22.067890086769303,65.5202639789037],[22.06775145399217,65.52135255085155],[22.06946856617429,65.52127216240775],[22.067370611971647,65.52155072462676],[22.067328834466473,65.52299545569717],[22.06947535987142,65.52289497180122],[22.070479352235427,65.52338900518384],[22.071815752834357,65.52350676949068],[22.074391606538935,65.52338610854568],[22.074585573192437,65.5240984160826],[22.07382391132481,65.52449479685527],[22.07253593148846,65.52455512848306],[22.072203559448923,65.52493139212396],[22.073159196878198,65.52524732878103],[22.072875310555222,65.5258016712496],[22.07435733248751,65.52645364382052],[22.074024964281985,65.52682991141717],[22.075936447029637,65.52746175367945],[22.08108886251854,65.52722024083626],[22.083900136815597,65.52636698521374],[22.09415562176487,65.52570517936029],[22.096059031135628,65.52471397156114],[22.096382576962153,65.52271486701373],[22.098148322622844,65.52281222153833],[22.098480291319202,65.52243590479142],[22.10325088709022,65.52239189775398],[22.107455221956496,65.52345654087449],[22.109933406558742,65.52297914877292],[22.10983594471836,65.52262302233929],[22.110694465590328,65.5225825920588],[22.111738527598302,65.52163162521681],[22.115552919248923,65.5212715427459],[22.11588461595498,65.52089519043156],[22.116743068714694,65.5208547264805],[22.116645523590652,65.52049860522938],[22.118313614270665,65.5202396041305],[22.118167269724403,65.51970542400424],[22.119357306053004,65.51928858825424],[22.118684193867814,65.5184185287383],[22.119825376221275,65.51782363008752],[22.118810840633518,65.5157071535162],[22.119337538191267,65.51604303415449],[22.12153204467732,65.51611987907164],[22.123004587515787,65.5151485942165],[22.123569998104625,65.5140397435493],[22.12485731665054,65.51397898385126],[22.126339921410576,65.51463044153533],[22.126573731095487,65.51389795397503],[22.127383103904037,65.51367937514662],[22.128338970284783,65.51399496100497],[22.13215199684893,65.51363447313177],[22.13224972239994,65.51399058265844],[22.133107917620546,65.51395002832328],[22.132961313124564,65.51341586499699],[22.134726539142257,65.51351279759949],[22.135769369815232,65.51256167676131],[22.13677418489,65.51305526208172],[22.138968476394474,65.5131318560872],[22.139310845955702,65.51437822054007],[22.140413641218867,65.51522788410233],[22.142890417069314,65.51474996574777],[22.14298829404435,65.51510606686247],[22.141369718661995,65.5155433855519],[22.14227688309319,65.51568082994797],[22.14242369343254,65.51621498223604],[22.1437110661437,65.5161540615385],[22.144765125946297,65.51682564107942],[22.14653061986559,65.51692243330909],[22.146677525619687,65.51745658053741],[22.147535807636324,65.51741594349427],[22.147633760007345,65.51777204086292],[22.149828472630876,65.51784847321957],[22.149497306866795,65.51822489479346],[22.150833758365508,65.51834196053431],[22.152415277472016,65.51934924844535],[22.154561105507977,65.519247564119],[22.154659161959042,65.51960365592201],[22.15551749952719,65.51956297305004],[22.155615570448035,65.51991906409185],[22.1569521337494,65.52003607468797],[22.156670090317697,65.5205905561774],[22.15500238278048,65.52084997649747],[22.154916429552117,65.52211663788717],[22.157025673064485,65.5234596224485],[22.15888978924189,65.52391235511878],[22.159564386755203,65.52478222113724],[22.15670678379934,65.52545881085177],[22.155333053393136,65.52678650764447],[22.153284681748097,65.52724430138649],[22.152143877335305,65.52783944869283],[22.15224193978141,65.52819554197573],[22.151101070636592,65.52879068204003],[22.150242421379687,65.52883134286132],[22.149960149617375,65.52938581399968],[22.15106395117876,65.53023539003722],[22.152351990912674,65.53017438934874],[22.151640396121206,65.53074919816774],[22.152216864263654,65.53126300387535],[22.15355399921341,65.53138003895717],[22.153946407904918,65.53280440645948],[22.15571301686315,65.53290108070621],[22.154952363633463,65.53329785984911],[22.15643683211219,65.53394900427614],[22.15729563807095,65.53390830678791],[22.15739379833383,65.53426439576421],[22.159589924783013,65.53434067279184],[22.159307799971533,65.53489515991306],[22.160694255889062,65.53519017340703],[22.16132011505021,65.53588198479143],[22.16217897542045,65.53584125906426],[22.16189689157023,65.53639575060791],[22.16409320771951,65.53647196044729],[22.16419147237552,65.53682804399394],[22.16681727251877,65.53688384337765],[22.168682526779808,65.53733644430025],[22.1688300247025,65.53787056414347],[22.170547845063414,65.53778902161179],[22.172032957564397,65.5384400067676],[22.171751059653268,65.53899451485927],[22.17308867185519,65.53911137268443],[22.173187071264884,65.53946744907363],[22.176193404311825,65.53932464887575],[22.177101576711777,65.53946187456715],[22.17634106954647,65.53985875976525],[22.17853770896309,65.53993475684307],[22.178734666966896,65.54064690092109],[22.180501885606105,65.54074327985064],[22.18218447983619,65.54210630180661],[22.183092779713103,65.54224349030885],[22.184677033073818,65.54325041403884],[22.183332454625376,65.5449239235206],[22.18595706,65.55381802],[22.16447098,65.55483822],[22.16201311,65.54593613],[22.170511444576007,65.54553264342604],[22.169029822049236,65.54489565218387],[22.165875310323134,65.54450419411666],[22.160720434313365,65.54474861775488],[22.154951721802306,65.54592378410479],[22.147746461833794,65.5466255738629],[22.14364628208819,65.54754096112505],[22.141792105178716,65.54871081517942],[22.141803512864776,65.55033357543878],[22.13914989131809,65.55334482755131],[22.139394898813116,65.55423508288914],[22.137822856451997,65.55485043828844],[22.137589061052505,65.5555829427841],[22.137932037637412,65.55682930397748],[22.139515488815857,65.55783670775588],[22.14381358229339,65.55763361256602],[22.144537665599977,65.55868159020588],[22.143727062768402,65.55890027259859],[22.143825151277074,65.55925637097631],[22.14296548500639,65.55929700029577],[22.143063564913476,65.55965309924811],[22.141774042626427,65.55971403513266],[22.141540322833695,65.56044654496448],[22.138912170136763,65.56039032967398],[22.1381617031245,65.56240979634404],[22.135201450581132,65.56272992152188],[22.13553335574488,65.56235352429572],[22.130804507181576,65.56257667285188],[22.129612717018595,65.56299361533777],[22.12904661773645,65.56410249465291],[22.13005335444991,65.56459610587261],[22.130249212498963,65.56530832328392],[22.129487242982556,65.56570498693308],[22.130945613676005,65.56942384783127],[22.12798447027988,65.56974384049163],[22.126841265129023,65.57033881981664],[22.125261067455966,65.57058383618532],[22.126385659999993,65.57467518999997],[22.11645228498547,65.57533714893519],[22.115650805726737,65.57717846449967],[22.11479049508975,65.57721894005125],[22.114458109012457,65.57759529635156],[22.114555882309144,65.57795141660444],[22.115465111123168,65.57808900190834],[22.11460477006356,65.57812947669612],[22.113079591167278,65.5789226545003],[22.1129426778566,65.58001125038213],[22.111319596688386,65.58044829040733],[22.11161283544086,65.58151665778861],[22.102529028358187,65.58176311856766],[22.102431402260585,65.58140698917053],[22.101522121024175,65.5812693261732],[22.100280209028043,65.58150798523351],[22.09458950161478,65.58141429745035],[22.093826518928243,65.58181079126962],[22.090814740237974,65.58195200724538],[22.08967014649458,65.582546719164],[22.087137238476377,65.58284576580814],[22.08522559987762,65.5834763707963],[22.085806149999996,65.5855996],[22.073232914889918,65.58618760340636],[22.07338261182969,65.58673584493872],[22.074673664512247,65.58667547683898],[22.07563164446017,65.58699137531163],[22.0749654840292,65.58774392838954],[22.076222865588456,65.59075107435494],[22.079714845613264,65.59076807240791],[22.080055610262164,65.59201458484118],[22.078625915273328,65.59316357979343],[22.07934845518395,65.59421188294773],[22.080785941464857,65.59468567911816],[22.080168438407572,65.59561632810815],[22.081459912612466,65.59555589821377],[22.08241830647845,65.59587174982927],[22.088875643173495,65.59556939486863],[22.089639095557793,65.59517292156684],[22.090743864590042,65.59602292750469],[22.092084103810528,65.59614047601593],[22.093140210902025,65.59681239502483],[22.091466976691272,65.59707116741592],[22.091320661819527,65.59653696152515],[22.090459665717002,65.59657730546157],[22.090792630369364,65.59620099639316],[22.089021901296462,65.59610360366392],[22.0862521139536,65.59713509349433],[22.085780963241326,65.59859997572563],[22.07630897958431,65.59904315381966],[22.074253525780357,65.5994999444906],[22.07277452406343,65.60047081509765],[22.07153142575214,65.60070924977322],[22.07235848867963,65.6037365419995],[22.071497218897935,65.6037767808529],[22.071212531103672,65.60433112729746],[22.072178407695937,65.6062698446936],[22.067635448453483,65.60720340736707],[22.06586403824734,65.60710575067338],[22.06366869437222,65.60865097865323],[22.06237652020216,65.6087112636235],[22.06184860151723,65.60837519670875],[22.060077129111765,65.60827747302385],[22.058069225266287,65.6089121344768],[22.057402023495932,65.60966461999972],[22.058367093399163,65.6116034328023],[22.059374404420065,65.61209750780854],[22.061048939162184,65.61183907731584],[22.061625523202988,65.6123532261681],[22.059950961647537,65.61261166327665],[22.059617348380726,65.61298791064308],[22.060006096884777,65.61441255398736],[22.05890798317751,65.61518513366133],[22.059102351927695,65.615897456402],[22.062027721821714,65.61702348134735],[22.064612891699237,65.61690289858154],[22.064710160497697,65.61725905552274],[22.065571889535914,65.61721885087286],[22.066336323590516,65.61682248573983],[22.06762888979283,65.61676216333488],[22.067531583254542,65.61640600861963],[22.069254971322962,65.61632556303975],[22.069970654353938,65.61575110368679],[22.070832323604375,65.61571086972579],[22.070734977931068,65.61535471743086],[22.07451500584069,65.61481745797057],[22.075230531223053,65.6142429752895],[22.077002459562642,65.61434051767722],[22.078628228148443,65.61390381987968],[22.0800180795192,65.61419953973747],[22.079920614857553,65.61384339445969],[22.080830940088543,65.61398117708362],[22.082359124648146,65.61318829567662],[22.08370022123411,65.61330591013687],[22.083602710182276,65.61294976766095],[22.084513022119186,65.61308752831853],[22.08690256563391,65.61225428752847],[22.089007574544812,65.61197538741574],[22.090153444710054,65.61138066856769],[22.0900070597372,65.6108464621649],[22.09172999542503,65.61076576558828],[22.092347411527378,65.60983507052035],[22.093972634463594,65.6093982134556],[22.093297861326416,65.60852805775784],[22.094159247699558,65.60848769400043],[22.094297033774893,65.60739910716767],[22.095158380891913,65.60735873810873],[22.09501192042569,65.60682453722887],[22.09663691113875,65.60638765380918],[22.09649042690275,65.605853454577],[22.099074293549435,65.60573229701936],[22.100219660960896,65.60513750687625],[22.10108092210573,65.60509710500138],[22.101267262870692,65.60418657935207],[22.10222621544579,65.60450230040567],[22.103606579816464,65.60317502376978],[22.106043482709026,65.60251955952471],[22.10790300349454,65.60135009299228],[22.114400385079804,65.59960192698333],[22.114302515784882,65.5992458076307],[22.116406161549047,65.59896654029802],[22.116259321863357,65.59843236352415],[22.117599789002917,65.5985496843159],[22.119174910931243,65.5979345096811],[22.119076983861472,65.5975783939557],[22.12041741802708,65.597695690155],[22.1207009848091,65.59714126214047],[22.121610921988648,65.59727880377213],[22.12275540115722,65.59668385189389],[22.12361634026218,65.59664332512094],[22.123518358276886,65.59628721278415],[22.124379282827327,65.596246681818],[22.12466275046961,65.59569224733377],[22.12595410343898,65.59563143962787],[22.126618962731904,65.59487867518781],[22.128722115123306,65.59459924170109],[22.129866313597987,65.59400423881854],[22.129768258083708,65.59364813121508],[22.134502761771298,65.5934249607934],[22.138708604019694,65.5928658503538],[22.140479265065,65.59296266346009],[22.14249550275349,65.59394970038832],[22.146050623595336,65.5894529979136],[22.14686214547571,65.58923429431748],[22.14742796804036,65.58812535139685],[22.1496165908695,65.5865789763374],[22.148793185884205,65.58517494011913],[22.145584914551428,65.58460505727321],[22.142671342654165,65.58510339964688],[22.140335170237336,65.5861155277429],[22.13459434997395,65.58584530209366],[22.1346924360499,65.58620140631106],[22.132971287075925,65.5862825737825],[22.132639058054075,65.58665896840769],[22.13053658919071,65.58693844971536],[22.129441719593935,65.58771150876308],[22.129588756821267,65.58824567093411],[22.128297780451557,65.58830650600082],[22.12715378916223,65.58890149510071],[22.125432433346585,65.58898257894555],[22.124473790540925,65.58866700162656],[22.125089544100373,65.58773618903497],[22.124512290821457,65.58722228783951],[22.12317238347756,65.58710502279415],[22.12393506083562,65.58670838422034],[22.12378815006975,65.58617421534913],[22.12584165284578,65.5857167719603],[22.126838575989197,65.58458762832596],[22.12606544267386,65.58336151155783],[22.12692593508157,65.5833209702576],[22.127922724550217,65.58219182074333],[22.12992683942472,65.5815562709918],[22.12948586357208,65.57995378361433],[22.13114674381144,65.57807184015724],[22.13453893464085,65.57773148514956],[22.13549728516747,65.57804700165109],[22.139749691797682,65.57766593780087],[22.140708101300937,65.57798142078167],[22.14199853090439,65.5779204852633],[22.142907894675574,65.578057904606],[22.14425908950556,65.57979775595376],[22.150625374701033,65.58075947466178],[22.151485734933495,65.58071879519431],[22.152051194018224,65.57960983841691],[22.15291151358687,65.57956915124527],[22.158798677154333,65.5803728236667],[22.15965900920349,65.58033209806935],[22.160322516561788,65.57957919879503],[22.160900292273208,65.5800929585663],[22.162670147996824,65.58018952024082],[22.162817815495846,65.58072364409837],[22.165779735187375,65.58040296318147],[22.16611140492961,65.58002650131849],[22.168593794115132,65.5795481081489],[22.16970042074298,65.58039752052214],[22.169404814598003,65.57932928868658],[22.17111534949875,65.5788677399674],[22.166930700000005,65.56374025],[22.1878551931961,65.56258012386907],[22.188566809190185,65.56200514477544],[22.189475841708425,65.56214228785358],[22.190286145282144,65.56192336354239],[22.190187409989647,65.56156730160535],[22.191476886912515,65.56150595395579],[22.192998636515718,65.5607120206618],[22.193858255013026,65.56067110780933],[22.193759476653373,65.56031504861494],[22.192850487423986,65.56017793082619],[22.193132137320102,65.55962338596711],[22.194999484756703,65.56007564212246],[22.1951822950711,65.55916503559014],[22.1963728320948,65.55874758948435],[22.195597276879067,65.55752185114116],[22.19868938690528,65.55611192197992],[22.199548842957395,65.55607097840092],[22.200640319706842,65.55529744597405],[22.20149974521454,65.55525649161825],[22.202210864610578,65.55468145321],[22.203070266837894,65.55464049016608],[22.203781335014675,65.55406544487678],[22.206310003395007,65.55376449030047],[22.20898704157389,65.55399756556194],[22.209994862956087,65.55449063465655],[22.213002684006884,65.55434708887964],[22.221298887027462,65.55286851741127],[22.225958776511035,65.55084185134761],[22.228866858494136,65.55034196153679],[22.2304364256037,65.54972568556177],[22.233823511637347,65.54938315786247],[22.234153817701667,65.54900656043108],[22.238019989619662,65.54882138360286],[22.238218652663704,65.54953343332063],[22.239077816827976,65.54949226823368],[22.2393087001284,65.54875963618377],[22.244033914373222,65.54853313568577],[22.244843324463655,65.54831392824335],[22.244743906627466,65.54795790860601],[22.252425937548292,65.54740891392407],[22.259578490578072,65.54652416702845],[22.26091684103183,65.54664024129443],[22.256291715863604,65.54722327431512],[22.256590441077815,65.54829130565187],[22.257928871074554,65.54840740555628],[22.257698516425783,65.54914006080766],[22.268717145402018,65.54806910495361],[22.268038279069142,65.54719976878027],[22.26884743866219,65.54698043545879],[22.270435257815606,65.54798642585702],[22.27151337137521,65.55027974459679],[22.28086366504853,65.54946859691037],[22.282531853819336,65.54920778467171],[22.28223205372798,65.5481398151575],[22.28122314396976,65.5476472377995],[22.280364121088642,65.5476886406779],[22.27892575855553,65.54721674704244],[22.277637237770932,65.54727882984363],[22.276548405951104,65.54805289093157],[22.275689360757056,65.5480942675006],[22.275589522920257,65.54773827227471],[22.277537377117092,65.54692283612492],[22.27882588060322,65.54686075434348],[22.281153099062863,65.54584658100842],[22.28287101747116,65.54576376267273],[22.28358006837833,65.5451883627694],[22.285627437778988,65.54472881563969],[22.29078088458422,65.5444801528337],[22.290880914675068,65.54483613614775],[22.295984272190456,65.54440930526003],[22.3023470517581,65.54536468240642],[22.302067879056356,65.54591940539723],[22.303456470464596,65.5462130892366],[22.30360678823811,65.54674704891885],[22.305704029665037,65.54646521907847],[22.303807222500325,65.54745899482367],[22.305067143701457,65.54884134735111],[22.304208127248806,65.54888288547386],[22.304329909081464,65.55086150171412],[22.303091394595107,65.55110178844761],[22.302991168829735,65.5507458151453],[22.303850248982222,65.55070428330147],[22.30322025527683,65.55001310361679],[22.29940455424482,65.55037792984],[22.29952598434771,65.55235655338737],[22.30068572568834,65.55338296624048],[22.299826551207598,65.5534244810536],[22.298738142215694,65.55419869752748],[22.298208365108003,65.55386347320113],[22.296010299855716,65.55378922713645],[22.29396241782282,65.55424891971995],[22.29363292322461,65.55462563952247],[22.29234407863653,65.55468785069145],[22.292444177332786,65.5550438322808],[22.291205350476403,65.55528402483652],[22.290546246910093,65.55603745284246],[22.287409214908497,65.55727121379842],[22.287179629277862,65.55800390625846],[22.285031241896526,65.55810749695712],[22.282603123395077,65.55876574969146],[22.28227340928816,65.55914244691313],[22.27979514854757,65.55962266138673],[22.27908563744802,65.56019804803005],[22.277796475508804,65.56026013847244],[22.27751663460849,65.56081482266215],[22.27943545172889,65.56144401913139],[22.28115440459148,65.56136121014401],[22.281484161356953,65.56098451494489],[22.283203076063252,65.56090168307725],[22.2916765530348,65.55850859814215],[22.29678256673781,65.55808171430115],[22.298680399102494,65.55708801654511],[22.29953969651075,65.55704650702802],[22.30019856113402,65.5562930422323],[22.304115376931644,65.55628415986507],[22.304444737986817,65.55590741857111],[22.30654270280334,65.55562557000513],[22.30755240067744,65.55611797079645],[22.306743299607955,65.55633751039437],[22.306843602543225,65.55669348044398],[22.305984330809643,65.55673503115835],[22.305805421097944,65.55764573195883],[22.30451646229285,65.55770804786756],[22.30461674118649,65.55806401962654],[22.303807554809044,65.55828354437405],[22.304008101601326,65.55899548887034],[22.305877251307418,65.55944635955521],[22.30739532271167,65.55865131398765],[22.31078245004958,65.55830706425971],[22.311362668220884,65.55882022524173],[22.31303112624515,65.55855907429495],[22.313561190645444,65.5588942439102],[22.31275205710323,65.55911381593373],[22.31290265504835,65.55964776359075],[22.311942909751682,65.55933338376941],[22.310224208856837,65.5594165397464],[22.308555666327617,65.55967766059506],[22.308656009520277,65.56003362904279],[22.306507557992273,65.56013752507367],[22.305748477909507,65.56053504574399],[22.30589894230526,65.56106900167394],[22.30460981450043,65.5611313200392],[22.304710110561153,65.5614872915623],[22.307768274624912,65.5615198472176],[22.308047473531687,65.56096511349392],[22.30933658319672,65.56090276604331],[22.310446919257014,65.56175111254647],[22.31332644459185,65.56269425934524],[22.31901333919273,65.56277977061329],[22.319342559362024,65.56240299831909],[22.320252249192993,65.56253934973856],[22.320051225833456,65.56182743148099],[22.322250020566727,65.56190132131302],[22.322807793221628,65.56079180613781],[22.325385903297985,65.56066685004232],[22.326473767356426,65.55989244745373],[22.327762770726554,65.55982994419554],[22.328900837741426,65.55923350172161],[22.329760147675987,65.55919182058152],[22.33041817965641,65.55843823257999],[22.331707099709835,65.55837569656765],[22.33231472724935,65.55744412605038],[22.333553256546754,65.55720360011759],[22.334919309264308,65.55587436558913],[22.335828844988338,65.55601062496137],[22.338003504829995,65.55446167247659],[22.340808950854814,65.55360370668924],[22.34179530236491,65.55247325847283],[22.342654364635756,65.55243150660695],[22.34255359268273,65.55207556495928],[22.343362249784114,65.55185583841713],[22.343261470854145,65.55149989730911],[22.344170893078584,65.5516361076919],[22.344499613802856,65.55125928565569],[22.345358630858158,65.5512175188916],[22.34725408585026,65.55022323604456],[22.34715326142029,65.54986729797672],[22.34801222749781,65.54982551665938],[22.349907480751682,65.54883120258243],[22.349806626606693,65.54847526657511],[22.35109499812203,65.54841257095599],[22.35099412972564,65.54805663588073],[22.352611036319207,65.54761709234273],[22.352889141847843,65.54706228685653],[22.354556408842186,65.54680069018339],[22.35440504782481,65.54626679158267],[22.356552125844498,65.54616222962197],[22.356779665976653,65.54542945257585],[22.357739413899104,65.54574354814171]],[[22.385520549999995,65.49006406],[22.36409638,65.49111196],[22.36157783,65.48221375],[22.382994830000005,65.48116628],[22.385520549999995,65.49006406]],[[22.36409638,65.49111196],[22.36626782741219,65.49877799772769],[22.36831772089,65.49867786528549],[22.36804040213351,65.4992326913315],[22.36641905551811,65.49931189063203],[22.367485731169744,65.50034234222935],[22.36662842902364,65.50038421748626],[22.367536166109478,65.50052030428849],[22.367208378960882,65.50089716708106],[22.370208978155244,65.50075057047732],[22.366603208689536,65.50182885321138],[22.364913611190676,65.50353518928809],[22.361685557779737,65.50441446474923],[22.360979310703403,65.50499020238286],[22.35775094231317,65.5058693969604],[22.35585902439639,65.50686377620829],[22.350411744439118,65.50604676139558],[22.343829391460964,65.50582608390243],[22.339163206526447,65.50623358562903],[22.33840615728276,65.50663124991108],[22.337119809223687,65.50669381748033],[22.334848458358145,65.50788677026831],[22.334948919616174,65.5082427201684],[22.33409129545123,65.50828441406964],[22.33222139651997,65.51090113249204],[22.332623172510534,65.51232493934349],[22.331815629514107,65.51254459751475],[22.331259157386167,65.51365413317893],[22.330072864773634,65.51407259709349],[22.330223503281616,65.5146065271966],[22.32812909213151,65.51488866877962],[22.326335768146105,65.51623865133149],[22.325879373193438,65.5177041265329],[22.327138925092836,65.5190862990987],[22.32658212902546,65.52019582073667],[22.327161762702286,65.52070892701933],[22.326303714177413,65.52075058095201],[22.325317806689537,65.52188092393332],[22.32445971610583,65.52192256782114],[22.324560100965353,65.52227852536176],[22.323752183668724,65.5224981441702],[22.32367444279255,65.5237648164396],[22.322816287137968,65.5238064516479],[22.322537757483772,65.5243612060599],[22.31983512140503,65.52557477006535],[22.319305680523346,65.52523961621479],[22.318068516579913,65.5254800121512],[22.314585474234203,65.52546841674506],[22.314184437592054,65.52404455475858],[22.314892224126687,65.52346902066068],[22.3143127649512,65.52295586564247],[22.315978914020334,65.52269470495577],[22.31663648666336,65.52194118129691],[22.316135140377575,65.52016136091962],[22.31560586042197,65.51982619252087],[22.31164444907204,65.51965733392144],[22.311744648752416,65.52001330179597],[22.310407473037365,65.51989766534564],[22.310657938524333,65.52078758728781],[22.308991853650173,65.52104868872843],[22.309192196604368,65.52176062847866],[22.307955097999585,65.52200094105537],[22.30568109144074,65.52319348175327],[22.301290129710676,65.52304512379551],[22.300303045971553,65.52417531525433],[22.299444831903568,65.52421681844146],[22.299294755810013,65.52368285219323],[22.298386537887055,65.52354636038102],[22.295003726621776,65.52389029042867],[22.29421630915706,65.52573240708756],[22.2919413454496,65.52692475062332],[22.290224701476138,65.52700765937087],[22.29058330407316,65.52518628646975],[22.288716902113553,65.52473519993852],[22.287050333163037,65.52499606443706],[22.28725011440184,65.52570803873934],[22.28338778809181,65.52589443504512],[22.281262033312796,65.52762060851431],[22.2804036694945,65.52766200514179],[22.276510836293582,65.52929289808957],[22.276909915286915,65.5307168789762],[22.275143088378602,65.53062162196046],[22.274384355376053,65.53101898202095],[22.275342596824903,65.53133361464076],[22.27516273663233,65.53224428858127],[22.274533972813185,65.53155297744189],[22.272816957805045,65.53163569229861],[22.27291668348081,65.53199169048402],[22.27205815995541,65.53203304132856],[22.27190858984451,65.53149904299612],[22.26933305309053,65.5316230634236],[22.26814493541047,65.5320410592623],[22.268294432273105,65.53257506203221],[22.26700660382215,65.5326370475544],[22.26806448500519,65.53330772911991],[22.267305565961927,65.53370505550083],[22.266017678920996,65.53376703318088],[22.2654389318565,65.53325368408565],[22.264630162644924,65.5334729953772],[22.264480734540246,65.53293898831552],[22.265569323594804,65.53216501635879],[22.26537007405694,65.53145300825996],[22.26297479478697,65.53066625425946],[22.259970035406976,65.53081076274603],[22.26006958207021,65.53116677115058],[22.25587643946433,65.53172912403811],[22.25574564300253,65.5328177873712],[22.25498654626823,65.53321505370181],[22.25198144011376,65.5333594069363],[22.250363646518622,65.53379788382341],[22.250463075902246,65.5341538996875],[22.24960443837468,65.53419512424088],[22.24889491297342,65.5347703695992],[22.248036252174735,65.53481158548176],[22.248135654472364,65.53516760313794],[22.247276979157096,65.53520881485407],[22.246347633390908,65.53621611196304],[22.247917399999995,65.54183885],[22.232892541334415,65.54255874356478],[22.23132692027829,65.54354980315514],[22.228898732583563,65.54420719528574],[22.22876677288988,65.54529584648435],[22.22790772731414,65.54533695189967],[22.227247010658544,65.5460901198192],[22.2246202110375,65.54603537868608],[22.22257161639102,65.54649411238432],[22.22029154752032,65.54768542749223],[22.218622793259048,65.54794555928011],[22.21644145226774,65.54949285986686],[22.2155327326495,65.54935587559252],[22.214822050270246,65.54993097232921],[22.213103597797843,65.5500130235196],[22.21191372865938,65.55043059468281],[22.210195232226088,65.55051261328838],[22.20966665706529,65.55017706773064],[22.207419627532346,65.54992350701826],[22.207750325545156,65.54954696341407],[22.204876001394776,65.54860175977271],[22.204777127795726,65.54824570865901],[22.202382052663594,65.54745799380753],[22.20152288578611,65.54749895066347],[22.199458757165495,65.54633465641253],[22.196634460903287,65.54556731784263],[22.195563137212396,65.54327340120982],[22.19680232452053,65.54303398788161],[22.197513230191067,65.54245897355442],[22.195336269464093,65.53931583617013],[22.192942308854136,65.53852796109811],[22.18759173197047,65.53806116197833],[22.183297274925845,65.53826546447195],[22.183015619893073,65.53881999118266],[22.18139628920658,65.53925774540171],[22.1815440604834,65.53979185018574],[22.17799613562409,65.5379763586918],[22.178228659865066,65.53724380411741],[22.179467730636148,65.53700453382564],[22.180178866688028,65.53642959866838],[22.181847296961514,65.53616989381105],[22.182375224181893,65.53650554278488],[22.184043635997842,65.53624581389296],[22.18543043221825,65.53654059743951],[22.184979344793845,65.53582649429737],[22.18102874,65.53601462],[22.17610783,65.51821099],[22.197563230000004,65.51718944],[22.19017418,65.4904848],[22.21160616,65.48946149],[22.214074510000003,65.49836268],[22.242760722647642,65.49698665310888],[22.243897706985393,65.49658646261551],[22.243798539527052,65.49623043978794],[22.245612530213425,65.4965040974436],[22.24765682332604,65.49604509399624],[22.24874444070288,65.49527125247664],[22.248545988835044,65.49455921426187],[22.249403326617827,65.49451800846485],[22.25091948439448,65.49372354782791],[22.25258445631207,65.49346309708095],[22.25311238390579,65.49379849922232],[22.25654158257627,65.49363354474004],[22.256442256502318,65.49327753176972],[22.258156814958454,65.49319502687916],[22.260908803517413,65.49216057325798],[22.260710048966743,65.49144855399652],[22.259424224421416,65.49151045528501],[22.255436006505928,65.49278475631553],[22.252485184894667,65.49310708097202],[22.251479014930943,65.49261427838276],[22.249286218537794,65.49253930227326],[22.248659152251573,65.49184786683384],[22.253964856440383,65.4890672224899],[22.25648663717805,65.48876549741698],[22.256815895191234,65.48838886070386],[22.258958689026272,65.48828572523618],[22.258809688486586,65.48775170823527],[22.257902930791428,65.48761495897904],[22.25808317610598,65.48670430157674],[22.257027506362075,65.4860335283241],[22.257834893532145,65.48581427120311],[22.25773558572568,65.48545825888665],[22.25630111683972,65.48498611187546],[22.257158126100386,65.4849448653218],[22.25859260772149,65.48541700407075],[22.25796547896267,65.48472560783985],[22.259679471088624,65.48464309125022],[22.25915165237565,65.48430771095956],[22.26038745527756,65.48406781031937],[22.260238454597403,65.483533794716],[22.261045737642128,65.48331452146132],[22.260468263463036,65.4828011406857],[22.26132519320829,65.48275987127917],[22.260797393151204,65.4824244965503],[22.264405040276888,65.4813487204561],[22.265013450056607,65.4804174124634],[22.265541261385707,65.48075277235479],[22.267205257802974,65.48049217013968],[22.267136625537393,65.47869149237236],[22.265323672926403,65.47841808279283],[22.26512492436027,65.4777060692253],[22.269668816885478,65.47532221364568],[22.27347405975772,65.47495823993196],[22.27380290770117,65.4745815702395],[22.275466426480367,65.47432088174298],[22.278464595550215,65.4741761305459],[22.278992446203365,65.47451144305555],[22.28113399803078,65.47440800539583],[22.283982721489743,65.47372915391655],[22.284480806646133,65.47550911325443],[22.285815594461795,65.47562500255165],[22.28739955757018,65.47663085338066],[22.286841865512116,65.47774023757493],[22.2877686232902,65.47949947508219],[22.28587584316273,65.4804929866342],[22.28264783774664,65.4813705733052],[22.282368850925238,65.48192525826852],[22.280655123439757,65.48200802963949],[22.28042588893358,65.48274070866675],[22.27891126593441,65.48353545013134],[22.279060647784927,65.48406944352952],[22.27996738477249,65.48420606601752],[22.28291683533818,65.48388321832634],[22.284102560246023,65.4834651300156],[22.284252047575578,65.48399911723543],[22.28515880749576,65.48413570833877],[22.285308321015663,65.48466969425236],[22.284501208098646,65.48488909545506],[22.283993068878164,65.48617646744538],[22.28280722141292,65.48659455610357],[22.282956703906684,65.48712854464469],[22.283813732483107,65.48708714670407],[22.284391760696383,65.48760043271987],[22.285248801990008,65.48755902651361],[22.28559773680923,65.48880499249242],[22.284661024783947,65.49011307192102],[22.283475012954646,65.49053116743906],[22.282538136667014,65.491839235321],[22.281730781169355,65.49205862411554],[22.282308884644085,65.49257191734281],[22.280594459240426,65.492654694928],[22.279886703985774,65.49323006823626],[22.27860084674829,65.49329213301606],[22.279587786843788,65.49216208449047],[22.279946794090502,65.49034073252962],[22.281132855579806,65.48992266421268],[22.280883751740422,65.48903267990033],[22.279976841027874,65.48889606463301],[22.279628172498178,65.48765008304572],[22.277156579864545,65.48813018882612],[22.276448864906328,65.48870554564792],[22.270120065709005,65.48937160649179],[22.269840735304847,65.48992627168154],[22.268275642017144,65.4905429123479],[22.268474594233616,65.49125491970763],[22.27066732157325,65.49132961807246],[22.271673795826082,65.49182228988802],[22.272530999785648,65.4917809542148],[22.272779850976747,65.49267095477337],[22.27587972760798,65.49288223360797],[22.27622830180698,65.49412822474224],[22.27589925888236,65.49450490160451],[22.27456353894873,65.49438893389559],[22.275290940512676,65.4954362524537],[22.27105408519572,65.49582096708477],[22.269967117177313,65.49659496270431],[22.270594864797715,65.4972863029526],[22.267613028391832,65.49905359848377],[22.265040663983996,65.49917751463398],[22.26334451685166,65.50088277819431],[22.26356223078226,65.50321746907811],[22.265097339790465,65.50404554146166],[22.266812571573713,65.5039629317421],[22.26757065809438,65.50356561595771],[22.273803348868697,65.5025436285957],[22.2754989069492,65.50083825352351],[22.27716406802187,65.50057753014214],[22.27749316413673,65.50020085001263],[22.28016523687033,65.50043271557684],[22.28001571949474,65.49989872465417],[22.28148138411017,65.49892596696314],[22.28405362951417,65.49880177219589],[22.282737638089785,65.50030854166869],[22.281172248290773,65.50092531879719],[22.280893044493865,65.5014800031264],[22.28003553846275,65.50152138921365],[22.280185067454692,65.50205537999767],[22.27753249889931,65.50344618276203],[22.27763215891903,65.50380217853788],[22.276774570466266,65.50384354693922],[22.27563763472746,65.50443958650324],[22.274351213833626,65.50450162068512],[22.274022021173046,65.50487829491729],[22.269833399240806,65.5054409901283],[22.26755901740557,65.50663296130631],[22.266272465395165,65.50669492803331],[22.26551427041022,65.50709223836863],[22.264656550840968,65.50713353931562],[22.26455705223873,65.50677753340858],[22.26241276896073,65.50688076292249],[22.261654508783902,65.50727805454213],[22.262599512516456,65.51066012841527],[22.264234558003903,65.51184421240389],[22.26657833545059,65.51245296148986],[22.26677744294497,65.51316496946883],[22.26773492621661,65.51347965774909],[22.26793407468352,65.51419166379785],[22.268841814461716,65.51432834315149],[22.269519788044274,65.51519768464757],[22.270806749494124,65.51513568625629],[22.27145434751565,65.51744968817609],[22.276043650823414,65.51831091553875],[22.279954798596922,65.51830271377958],[22.280942564856606,65.51717264839962],[22.281850473181176,65.51730924800066],[22.284324712389495,65.5168290393564],[22.284224901135833,65.51647304950974],[22.2850828899474,65.51643163489449],[22.28654925730417,65.51545882121026],[22.28935232484131,65.51460183241515],[22.289481667283777,65.51351315437981],[22.287516292763588,65.51270605828574],[22.287645707142296,65.51161738110156],[22.288174460130037,65.51195265253163],[22.29084782822083,65.51218431645155],[22.292513544559057,65.51192341851619],[22.2934712827823,65.51223794130105],[22.297331503184868,65.51205130834438],[22.29950496399834,65.51050292062467],[22.30122048795928,65.51041991763151],[22.302207044707835,65.50928972532795],[22.30195700011853,65.50839978519542],[22.30281468986224,65.50835827293574],[22.30208579943739,65.50731110173672],[22.304658751707596,65.50718654932653],[22.30536631469052,65.50661106197985],[22.306602715939594,65.50637077746201],[22.306502649466154,65.50601480484472],[22.307360252212963,65.50597326765902],[22.307260177259554,65.5056172956265],[22.30859660422047,65.50573296732139],[22.310540336474645,65.50491714711778],[22.31273430044664,65.50499122279528],[22.313012856522153,65.50443648613972],[22.313920474265824,65.50457289608251],[22.314020635103788,65.50492886285461],[22.315306962984018,65.50486649203565],[22.31477801545172,65.50453131742725],[22.317350620935063,65.50440655245346],[22.317200316404996,65.50387260620668],[22.31843647451547,65.50363222731932],[22.318714895765297,65.50307748149307],[22.32047997928138,65.50317224694854],[22.321615816360428,65.50257588115744],[22.323280596541053,65.50231465358421],[22.32313018540837,65.50178071428954],[22.32363802359905,65.50170536244494],[22.31873816,65.48429963],[22.34015893,65.48325818999999],[22.34232530310644,65.49093433589674],[22.34827886440091,65.49081492660484],[22.34989232441041,65.490375446289],[22.352513643681924,65.49042806798977],[22.352841522193874,65.4900512361539],[22.353370646725242,65.49038627577767],[22.35808410939825,65.49015633226595],[22.358890740565933,65.48993654290027],[22.358790038409918,65.48958061131584],[22.35969735799563,65.48971674936558],[22.359369583334185,65.49009359503944],[22.36156239493316,65.4901669735461],[22.361860752671827,65.49122098435085],[22.36409638,65.49111196]],[[22.27498344803333,65.43375411893645],[22.274506148783082,65.4335967841615],[22.27493379650187,65.4335761183528],[22.27498344803333,65.43375411893645]],[[22.274028855244207,65.43343944781938],[22.274456500851873,65.4334187833848],[22.274506148783082,65.4335967841615],[22.274028855244207,65.43343944781938]],[[22.34418651,65.26656095],[22.341700559999996,65.25766206999998],[22.36293643,65.25661926999999],[22.365429419999998,65.26551772],[22.34418651,65.26656095]],[[22.346674319999998,65.27545976999998],[22.304168879999995,65.2775381],[22.301695149999993,65.26863843999999],[22.34418651,65.26656095],[22.346674319999998,65.27545976999998]],[[22.2567386,65.26180341],[22.259196409999998,65.27070397],[22.21669034,65.27275753999999],[22.21424662,65.26385614],[22.2567386,65.26180341]],[[22.307681760000005,65.36757035],[22.329007960000002,65.36653144],[22.331502090000004,65.37543044000002],[22.31016879,65.37646978],[22.307681760000005,65.36757035]],[[22.337854159999996,65.32099572999999],[22.35474537865288,65.32000194351022],[22.354871515613592,65.31891324151074],[22.356098704849753,65.3186726449246],[22.35665046945792,65.31756306477138],[22.358303260375575,65.3173015722294],[22.359380475434385,65.31652703978958],[22.360657473705125,65.3164643771384],[22.361408866460742,65.31606665834227],[22.36358712788184,65.31614015436932],[22.365615412465086,65.31567971723769],[22.36664234564461,65.31472716848042],[22.36574108846659,65.31459101082842],[22.36564110404755,65.31423507643414],[22.36771921048594,65.31395257985464],[22.368846023461327,65.31335595011866],[22.368695993594585,65.31282205214438],[22.369497174896683,65.31260226118239],[22.368871542703772,65.31191131052068],[22.370573871073347,65.31182765382368],[22.37132498252629,65.31142988832903],[22.371049473721587,65.31198470176965],[22.372000695963017,65.31229879297241],[22.370723932107136,65.31236154960509],[22.371299597031985,65.31287452697599],[22.370698515675436,65.31380618846487],[22.37330221865117,65.31385862758371],[22.373402304760177,65.31421455583919],[22.370948648076098,65.31469601416006],[22.37197470207741,65.31681067260003],[22.375805609036828,65.31662233197905],[22.37530499078733,65.31484269996258],[22.376256367697323,65.31515676264388],[22.37743310503096,65.31473803289407],[22.376006050875556,65.31426694767245],[22.380737860830923,65.3142145810455],[22.380187180077424,65.31532423847412],[22.38081319337952,65.31601513811201],[22.37820926920759,65.31596283138528],[22.37745813843383,65.31636063148294],[22.377332944100502,65.31744934274484],[22.378234356103736,65.31758542929506],[22.377057507088917,65.31800416645925],[22.376782059105523,65.31855898978074],[22.375079319935367,65.3186427210035],[22.375279587142725,65.31935457410425],[22.374302863377626,65.32048514398329],[22.373451428305938,65.32052699863209],[22.372775439862615,65.31965810333335],[22.3709725342067,65.31938586018356],[22.367566892405108,65.3195531733799],[22.367291228751032,65.32010798150509],[22.36829273074283,65.32060005989223],[22.366639840135875,65.3208616632966],[22.366014073077796,65.32017070212605],[22.365212634568696,65.32039047714224],[22.365112630636006,65.32003454259907],[22.365964065832284,65.31999273518322],[22.365388339828925,65.31947973800453],[22.364111209110533,65.31954244220273],[22.36223254829977,65.32053676774319],[22.359314153883293,65.32056870550299],[22.3616402,65.3288514],[22.34034606,65.32989461],[22.337854159999996,65.32099572999999]],[[22.14735617284225,65.49270974800186],[22.14630889671189,65.49240299067166],[22.1465908903987,65.49184852884203],[22.145684540752523,65.49171110239585],[22.145060218805607,65.49101921120621],[22.14634634368135,65.49095828015011],[22.147057020145056,65.49038350490636],[22.147914412875178,65.49034287432126],[22.148478280687147,65.48923394528106],[22.149335633064457,65.48919330702424],[22.14966645614019,65.48881688902301],[22.151381126149328,65.4887355945011],[22.151050328993644,65.48911201600436],[22.15190767254485,65.4890713632414],[22.152238456740456,65.48869493998724],[22.152385287558783,65.4892290825414],[22.153671303777298,65.48916809020406],[22.153732173775584,65.49096889252333],[22.154589573162262,65.49092822400358],[22.154687501751233,65.49128431712307],[22.153401384331133,65.49134531908992],[22.15264187184334,65.49174207571683],[22.1527849052836,65.49226228525794],[22.16874035,65.49150509],[22.17119433,65.50040712],[22.14975147,65.5014248],[22.14735617284225,65.49270974800186]],[[22.153855202583877,65.48825752263505],[22.154859390959082,65.48875099397536],[22.153671303777298,65.48916809020406],[22.153855202583877,65.48825752263505]],[[22.153976972041374,65.49185912681496],[22.15440568646645,65.49183879232574],[22.15445465120058,65.49201683894734],[22.153976972041374,65.49185912681496]],[[22.446865857868545,65.40874644541536],[22.446438780283927,65.40876759280289],[22.446388023585516,65.40858966043666],[22.446865857868545,65.40874644541536]],[[22.435566273413126,65.34777476543478],[22.435039098858542,65.34743999397655],[22.435465192385884,65.34741888896421],[22.435566273413126,65.34777476543478]],[[22.435790201489986,65.34704190652776],[22.436642373445178,65.34699969119623],[22.43631737717486,65.347376675342],[22.435465192385884,65.34741888896421],[22.435790201489986,65.34704190652776]],[[22.326271828184566,65.54222152816756],[22.32397422137187,65.54179172337874],[22.325591217671466,65.54135246760433],[22.32912664560779,65.54154176510136],[22.32892557536062,65.54082985903861],[22.329633467077098,65.54025425496951],[22.32895280039623,65.53938521007456],[22.33046901813344,65.53858995147081],[22.33132764518397,65.53854826817812],[22.33122709244589,65.53819231681334],[22.33488962482142,65.53729278829933],[22.334789029338598,65.53693683972355],[22.33865254495632,65.53674911927187],[22.33802199446497,65.5360580899769],[22.339638394303158,65.53561869002012],[22.33953774184373,65.53526274516477],[22.340396241933178,65.53522101167408],[22.340624160470583,65.53448825516612],[22.342240418806288,65.53404882881313],[22.342897492482198,65.53329519601574],[22.344185134674944,65.5332325664297],[22.344285841060795,65.53358850766014],[22.345952344648094,65.53332701331549],[22.34585161675436,65.53297107340744],[22.34698812234163,65.53237451042177],[22.348326085822578,65.53248981560151],[22.34913409341859,65.53227006465333],[22.34903332706221,65.5319141272446],[22.351457237159924,65.53125485124136],[22.35158402209472,65.53016614600779],[22.352593539184074,65.53065824816879],[22.354360598671022,65.53075259833795],[22.355496811634094,65.53015597434356],[22.354765156436194,65.52910908501593],[22.357339952232394,65.5289836177435],[22.35675953688574,65.52847063495211],[22.35799646561224,65.52822992494815],[22.357845164219505,65.52769602917185],[22.35655783469417,65.5277587719062],[22.356785243737818,65.52702599612094],[22.358122969351957,65.52714121702643],[22.358880289961984,65.5267434513426],[22.357946889302774,65.5249847176033],[22.35918364275246,65.52474399963262],[22.359840002501738,65.52399030035716],[22.362843305039917,65.5238438230725],[22.363600459185694,65.5234460354115],[22.36349953675997,65.52309010919052],[22.36264148015263,65.52313196935444],[22.362111548571043,65.52279697027306],[22.361960201054252,65.52226307906585],[22.363247243980076,65.52220029321002],[22.364811889532096,65.52158267398387],[22.364610032086148,65.52087082321368],[22.36332305863573,65.52093361997494],[22.36279316479463,65.52059862290434],[22.363070797023088,65.52004380338563],[22.363651137874182,65.52055676271158],[22.364837164920385,65.52013803806678],[22.3641558972383,65.51926915754959],[22.365896969702277,65.5177407822195],[22.36529153039749,65.51253799842858],[22.364232060685307,65.5118680130451],[22.363979873814063,65.51097819721024],[22.365115026100938,65.51038151151762],[22.364106085174814,65.50988948715907],[22.361583627274513,65.51019301470414],[22.361482794136784,65.5098370862381],[22.363904356042134,65.50917763415087],[22.364232288616417,65.50880077707905],[22.36680502823604,65.50867516917263],[22.36831833553836,65.50787956035707],[22.368469712355683,65.50841344492359],[22.37081551545329,65.50902055743046],[22.37091647190961,65.50937647843863],[22.371774060770534,65.5093345759956],[22.37422102782841,65.51029755395632],[22.375078640518293,65.5102556325304],[22.37982153208149,65.5116475654845],[22.380679178227446,65.51160561195562],[22.38691151253913,65.51364619952274],[22.387745192496126,65.5150488323807],[22.38693804851918,65.51526878089119],[22.38676217632669,65.51617954657993],[22.385954989260856,65.51639949027339],[22.387318853333962,65.51813703847836],[22.386032080611507,65.51820002647439],[22.386612825360487,65.51871289362877],[22.384417556663948,65.51863990325278],[22.384140394703227,65.51919475723841],[22.38285356061584,65.51925771880119],[22.382400312869144,65.52072333266113],[22.380204882640957,65.52065028274622],[22.37901908684743,65.52106912559061],[22.377303163529287,65.52115301524455],[22.378086034226364,65.52237774627562],[22.3763700213021,65.52246162623648],[22.376521664812827,65.5229955000606],[22.377379690043202,65.52295356146641],[22.377960377744287,65.52346646241011],[22.374477659158817,65.5234562428633],[22.37478088959187,65.52452399471578],[22.373392703039364,65.52423096130697],[22.37354429808279,65.52476483859729],[22.372686205897686,65.52480675610032],[22.37167655012982,65.52431478941166],[22.370389427467227,65.52437764779134],[22.370490449817687,65.52473356841668],[22.369682859306913,65.52495342926335],[22.37026344397898,65.52546636077925],[22.369405322381198,65.52550825996246],[22.368345201430405,65.52483830991302],[22.36630090193345,65.5252989451375],[22.36655333493444,65.52618875462113],[22.365215625512768,65.52607360810795],[22.36531658525701,65.52642953280996],[22.364079812248825,65.52667030111901],[22.36566996828764,65.5276752684961],[22.367386365368237,65.52759150611139],[22.36705825791079,65.52796837175242],[22.364054509460495,65.52811493716241],[22.363953559052888,65.52775901152646],[22.362615778716023,65.5276438427278],[22.36238852990267,65.52837662568079],[22.3598138232717,65.52850217799515],[22.359157356553705,65.52925587821291],[22.35925824855757,65.52961180762834],[22.36011652469311,65.5295699644743],[22.35988919162921,65.5303027445069],[22.35731428051576,65.53042825631293],[22.35655683157519,65.53082601542833],[22.357566467068644,65.53131808322694],[22.357818672597798,65.53220790953016],[22.35600107345125,65.53193563491516],[22.354915220935684,65.53271022968976],[22.355546129624216,65.53340118501679],[22.353778886268376,65.53330685052082],[22.35398056443044,65.5340187175006],[22.35264249980175,65.5339034633305],[22.352515750017517,65.53499216909152],[22.354232679207502,65.53490855067592],[22.354333530430818,65.53526448377512],[22.351808507034985,65.53556787373928],[22.351228045157743,65.53505487019676],[22.350369571457918,65.53509666488286],[22.35004112712861,65.53547349694125],[22.347945280603973,65.5357559272289],[22.34761679309824,65.53613275445223],[22.34852569492984,65.53626894383531],[22.34862647466251,65.53662488144525],[22.34991426453592,65.53656220163727],[22.34925731879451,65.53731586362731],[22.348297986863486,65.53700171014945],[22.34620199790706,65.53728411770268],[22.345923841569274,65.5378389114176],[22.34501489714522,65.53770270682865],[22.345166006077353,65.53823661732442],[22.344408147552098,65.5386343196637],[22.341731627532546,65.53840363405509],[22.341832324543415,65.53875957700602],[22.340544402806366,65.53882218933657],[22.34026611069212,65.53937697399243],[22.338978153945803,65.53943957333955],[22.33912915149631,65.53997349096213],[22.33822016508362,65.53983724597647],[22.337512476454197,65.54041288819727],[22.336452534477598,65.53974271294369],[22.335164548637724,65.53980528012134],[22.335265162593057,65.54016122826133],[22.3336484084434,65.54060058499942],[22.332990892268338,65.54135418198597],[22.33132374073405,65.54161553996526],[22.33099494133527,65.54199233417297],[22.332863300894353,65.54244287954808],[22.332963895731545,65.54279882940398],[22.331826620931775,65.5433952946228],[22.333114793667118,65.54333275400556],[22.333695096458285,65.54384582858087],[22.327331616667205,65.54289177623252],[22.326271828184566,65.54222152816756]],[[22.371121562536935,65.52542445675803],[22.371222599757843,65.52578037674552],[22.37079353510803,65.52580132970473],[22.37026344397898,65.52546636077925],[22.371121562536935,65.52542445675803]],[[22.373528658066977,65.30699136664794],[22.374805153874398,65.30692858893005],[22.374679871629134,65.30801729889339],[22.373828839801437,65.30805915155499],[22.373528658066977,65.30699136664794]],[[22.37680743812983,65.30791264628533],[22.376932631952634,65.3068239354539],[22.377783617956027,65.30678206568231],[22.377508289053427,65.30733688912329],[22.37850947788572,65.30782890264636],[22.381012434959214,65.30752529007854],[22.381112595999554,65.30788121243236],[22.38196360807365,65.30783931871933],[22.382288935012078,65.30746244873754],[22.38356542833786,65.30739959662081],[22.384892020487015,65.30751469338054],[22.38509245017057,65.30822653174474],[22.38429153526948,65.30844640311685],[22.38481726291707,65.30878136712305],[22.383540706327118,65.30884423052292],[22.383014993374612,65.30850926189979],[22.380987572961416,65.30896992499366],[22.381813806993783,65.31037266617808],[22.380261860454087,65.31099033317037],[22.37936066675952,65.31085425654499],[22.379861222928387,65.30956664102209],[22.378960080388843,65.30943056147011],[22.378859941268956,65.30907463745767],[22.37673229089615,65.30917931998638],[22.37645691756046,65.30973414195412],[22.377358058519693,65.30987023653387],[22.377458181029713,65.31022616171687],[22.378259208531524,65.31000632561673],[22.378359343830038,65.31036225006824],[22.377608370398384,65.31076004930864],[22.37703263252025,65.31024709685175],[22.37618153326003,65.31028896352905],[22.376757255690467,65.31080191940494],[22.375530628523858,65.31104267890314],[22.374279162803262,65.30966082727232],[22.374679871629134,65.30801729889339],[22.37680743812983,65.30791264628533]],[[22.380462197155733,65.31170217865933],[22.38003662771678,65.3117231225157],[22.379986545243934,65.3115451610093],[22.380462197155733,65.31170217865933]],[[22.379636455458463,65.3164338943324],[22.38006210132268,65.316412950827],[22.380112195508627,65.3165909121874],[22.379636455458463,65.3164338943324]],[[22.379260897382455,65.31663279834193],[22.37968654681942,65.31661185586357],[22.379736638928133,65.31678981737032],[22.379260897382455,65.31663279834193]],[[22.379110294673065,65.309964447306],[22.379060222497724,65.30978648538509],[22.379485761624142,65.30976554460425],[22.379110294673065,65.309964447306]],[[22.378885333656346,65.31683170147073],[22.37931098666611,65.31681076001944],[22.37936107669751,65.31698872167259],[22.378885333656346,65.31683170147073]],[[22.378084106949803,65.31705154294517],[22.378935420862643,65.31700966329463],[22.378985508816648,65.31718762509415],[22.378184272304768,65.31740746720283],[22.378084106949803,65.31705154294517]],[[22.37830943124127,65.31631875559395],[22.378359513379507,65.31649671766174],[22.377933864524554,65.31651765637586],[22.37830943124127,65.31631875559395]],[[22.378084040031744,65.31398430897309],[22.37723282216229,65.31402618281898],[22.377032551251393,65.31331433235407],[22.377933818781187,65.31345042218514],[22.378084040031744,65.31398430897309]],[[22.37705762071654,65.31186969597873],[22.37663204529877,65.3118906302546],[22.376581985417122,65.31171266738255],[22.37705762071654,65.31186969597873]],[[22.37610617536239,65.31462287373414],[22.375680554591,65.31464380577944],[22.37563049479858,65.31446584259012],[22.37610617536239,65.31462287373414]],[[22.375229770850584,65.31610937364496],[22.37480412523866,65.31613030346224],[22.374704011394197,65.31577437642504],[22.375229770850584,65.31610937364496]],[[22.3729513995731,65.31568011811308],[22.373377039698678,65.31565919359899],[22.373427087025213,65.31583715766605],[22.3729513995731,65.31568011811308]],[[22.373427087025213,65.31583715766605],[22.373902780127324,65.31599419565558],[22.37347713509883,65.31601512170872],[22.373427087025213,65.31583715766605]],[[22.37252634943785,65.3126338007344],[22.372951940798053,65.31261287792276],[22.373001978250688,65.3127908422331],[22.37252634943785,65.3126338007344]],[[22.373001978250688,65.3127908422331],[22.3734776127121,65.3129478821686],[22.37305201645018,65.31296880651907],[22.373001978250688,65.3127908422331]],[[22.372478076793406,65.49955710906669],[22.372906709021795,65.49953615564453],[22.372957178986432,65.49971411554438],[22.372478076793406,65.49955710906669]],[[22.37285131281113,65.31532418956473],[22.372425677588396,65.31534511253979],[22.372375638152807,65.3151671480585],[22.37285131281113,65.31532418956473]],[[22.37265114825113,65.31461233217588],[22.372751229037178,65.31496826091897],[22.37232559946417,65.31498918355285],[22.37265114825113,65.31461233217588]],[[22.372150789134896,65.31283268699985],[22.372576384066203,65.3128117652153],[22.372626419441378,65.31298972967187],[22.372150789134896,65.31283268699985]],[[22.372099908032975,65.49975602152422],[22.372528543888983,65.49973506913831],[22.372579011743117,65.49991302918552],[22.372099908032975,65.49975602152422]],[[22.371832203162935,65.54018479571987],[22.371402902252697,65.54020575275916],[22.371352348313966,65.54002779319059],[22.371832203162935,65.54018479571987]],[[22.369200326364655,65.50025857721826],[22.369427183704612,65.49952578789812],[22.370284452282583,65.49948389710184],[22.370385357024283,65.49983981898738],[22.37167127141846,65.49977697270208],[22.37177219640869,65.50013289345912],[22.370158524482726,65.50057260949747],[22.369200326364655,65.50025857721826]],[[22.371651663647572,65.5257594225768],[22.371702186273595,65.52593738236185],[22.371273119508402,65.5259583367025],[22.371651663647572,65.5257594225768]],[[22.371375759072315,65.30854061095658],[22.37095023191282,65.30856152864794],[22.37085020488706,65.30820559815263],[22.371375759072315,65.30854061095658]],[[22.37092304952165,65.54004874884754],[22.370493749968382,65.54006970329417],[22.370443202548458,65.53989174335702],[22.37092304952165,65.54004874884754]],[[22.37018355057411,65.49912797511833],[22.369326293472408,65.49916986522769],[22.369275849493615,65.4989919038558],[22.37018355057411,65.49912797511833]],[[22.369635148579157,65.5401116085565],[22.37006444965421,65.5400906565305],[22.370114994956065,65.54026861661514],[22.369635148579157,65.5401116085565]],[[22.369256386287145,65.54031051980087],[22.369685691002026,65.54028956881315],[22.369736234185744,65.54046752904529],[22.369256386287145,65.54031051980087]],[[22.36960358413358,65.49861503710301],[22.368746342729313,65.49865692376599],[22.36869590389389,65.49847896214897],[22.36960358413358,65.49861503710301]],[[22.368877618237054,65.54050943015433],[22.369306926591804,65.54048848020497],[22.369357467657295,65.54066644058462],[22.368877618237054,65.54050943015433]],[[22.36875153237667,65.54159814286749],[22.368700993265488,65.54142018226638],[22.36913031677706,65.54139923266746],[22.36875153237667,65.54159814286749]],[[22.36849884442878,65.54070833961697],[22.368928156423433,65.54068739070595],[22.368978695370608,65.54086535123308],[22.36849884442878,65.54070833961697]],[[22.36847381848524,65.54215297360027],[22.36804448193436,65.54217392146631],[22.367993946299592,65.54199596059476],[22.36847381848524,65.54215297360027]],[[22.3677918113682,65.54128411686352],[22.367362488453644,65.54130506265928],[22.367311959501933,65.54112710149327],[22.3677918113682,65.54128411686352]],[[22.367636863442673,65.49474176253943],[22.367208304709923,65.49476270028205],[22.367157885416614,65.49458473795515],[22.367636863442673,65.49474176253943]],[[22.367562970592907,65.52668075570526],[22.367133887601558,65.5267016984662],[22.367083394327455,65.52652373686374],[22.367562970592907,65.52668075570526]],[[22.36604871499145,65.49373679575602],[22.36519162663786,65.49377866072733],[22.36514122336157,65.49360069756723],[22.36604871499145,65.49373679575602]],[[22.364990018077123,65.49306680794028],[22.36584708348877,65.49302494434183],[22.365897490228217,65.49320290723205],[22.364990018077123,65.49306680794028]],[[22.36344958743913,65.51677767368962],[22.363247811955233,65.5160658202778],[22.363676723993105,65.51604489024227],[22.364256982987254,65.51655784806304],[22.36344958743913,65.51677767368962]],[[22.36355104524511,65.51099912727396],[22.36350061301818,65.51082116386198],[22.363929438715097,65.51080023396992],[22.36355104524511,65.51099912727396]],[[22.363346927924717,65.54402686675321],[22.363296420001905,65.5438489040389],[22.363725788718657,65.54382796932343],[22.363346927924717,65.54402686675321]],[[22.36263586138566,65.3158260103662],[22.362210208247028,65.31584690459306],[22.362160236613434,65.31566893602022],[22.36263586138566,65.3158260103662]],[[22.354845122668497,65.51864067404345],[22.355274085115948,65.51861976733983],[22.355324479474287,65.51879773386858],[22.354845122668497,65.51864067404345]],[[22.357595797239767,65.5176044738616],[22.357823104850205,65.51687169750763],[22.359109894128984,65.5168089493819],[22.36054795354199,65.51728008385508],[22.36090095965927,65.51852583445442],[22.359437245753995,65.51949934213428],[22.357342784231584,65.51978188881817],[22.35724196418139,65.51942595740175],[22.355904640283807,65.51931072470934],[22.355324479474287,65.51879773386858],[22.357595797239767,65.5176044738616]],[[22.360066072558308,65.5293920001222],[22.360495206610672,65.52937107690222],[22.360545661622105,65.5295490410826],[22.360066072558308,65.5293920001222]],[[22.360063386983516,65.54472819439148],[22.36001289982148,65.54455023037579],[22.360442283261186,65.54452930482954],[22.360063386983516,65.54472819439148]],[[22.358630552485742,65.51665190140403],[22.358201625599726,65.51667281727437],[22.358151216589622,65.51649485184944],[22.358630552485742,65.51665190140403]],[[22.35597533396527,65.5333802739203],[22.35602576751517,65.53355823981933],[22.35559656029639,65.53357915108745],[22.35597533396527,65.5333802739203]],[[22.355951712088945,65.5286904248097],[22.355093456812448,65.52873224412791],[22.355043040873774,65.52855427774102],[22.355951712088945,65.5286904248097]],[[22.354673440872713,65.5072824260397],[22.354244663955328,65.50730332919329],[22.354194303719655,65.50712536196014],[22.354673440872713,65.5072824260397]],[[22.354030985868064,65.53419668418447],[22.354081408064562,65.53437465084397],[22.353652185539563,65.53439555674824],[22.354030985868064,65.53419668418447]],[[22.354007705028817,65.52950683139404],[22.35357856247,65.52952773629538],[22.353528155003776,65.52934976931988],[22.354007705028817,65.52950683139404]],[[22.35360176622104,65.53421758991715],[22.353172545815184,65.53423849443973],[22.353122130133457,65.53406052741266],[22.35360176622104,65.53421758991715]],[[22.35328639962039,65.50698919669826],[22.352857626174373,65.5070100958833],[22.352756926716665,65.50665416026646],[22.35328639962039,65.50698919669826]],[[22.349307715711536,65.53749383212663],[22.349358113387172,65.53767180060154],[22.34892883206469,65.53769269368965],[22.349307715711536,65.53749383212663]],[[22.348878437267956,65.53751472504324],[22.34801987810513,65.53755650724555],[22.347969489824745,65.53737853823175],[22.348878437267956,65.53751472504324]],[[22.345432351280465,65.43303905199322],[22.345004779825317,65.43305991689195],[22.34495465461166,65.43288194420053],[22.345432351280465,65.43303905199322]],[[22.345317121833638,65.53877052760082],[22.34488781853122,65.53879140944278],[22.344837448733468,65.53861343920357],[22.345317121833638,65.53877052760082]],[[22.344527085258644,65.43290280772403],[22.343671944298073,65.43294453115762],[22.343621828397023,65.4327665579297],[22.344527085258644,65.43290280772403]],[[22.343144147347317,65.43260944424615],[22.34319425964327,65.43278741766903],[22.342339119881665,65.43282913353426],[22.343144147347317,65.43260944424615]],[[22.342261630273278,65.53873870380833],[22.342311982795003,65.53891667507591],[22.341882674185733,65.53893754844496],[22.342261630273278,65.53873870380833]],[[22.33919584946879,65.43244117617168],[22.34133367672518,65.43233692219194],[22.341383776103886,65.43251489634608],[22.33919584946879,65.43244117617168]],[[22.341383776103886,65.43251489634608],[22.34228901329312,65.43265115977002],[22.341433876233765,65.43269287047592],[22.341383776103886,65.43251489634608]],[[22.341074399334765,65.5391572633091],[22.342033727660496,65.53947146261565],[22.340796115405002,65.53971204885798],[22.341074399334765,65.5391572633091]],[[22.339380829235516,65.54086335317955],[22.338951485766238,65.54088421857804],[22.338850818157066,65.54052827342149],[22.339380829235516,65.54086335317955]],[[22.33876828176445,65.43246202335416],[22.33834071330921,65.43248286933213],[22.33829063465743,65.43230489395943],[22.33876828176445,65.43246202335416]],[[22.337913144103084,65.43250371410562],[22.337485574146125,65.4325245576746],[22.337435501201846,65.43234658196073],[22.337913144103084,65.43250371410562]],[[22.33713345974232,65.54061172153963],[22.33670411824458,65.54063258054279],[22.336653799976173,65.54045460707161],[22.33713345974232,65.54061172153963]],[[22.33700793334787,65.43236742415463],[22.336152795387733,65.4324091049289],[22.336102731755496,65.4322311286792],[22.33700793334787,65.43236742415463]],[[22.3363485997238,65.542454031716],[22.33591922715133,65.5424748887999],[22.335868909948008,65.54229691505829],[22.3363485997238,65.542454031716]],[[22.335187979246374,65.541427900831],[22.333091483779363,65.54171013179126],[22.33541608920631,65.54069515028891],[22.335187979246374,65.541427900831]],[[22.335247596500324,65.43227280429439],[22.334392458242938,65.43231447509153],[22.334342406776404,65.43213649813552],[22.335247596500324,65.43227280429439]],[[22.33353731698365,65.43235614107058],[22.33310974522841,65.43237697225332],[22.333059702323343,65.43219899478589],[22.33353731698365,65.43235614107058]],[[22.333022974188676,65.5568685026492],[22.33297264322849,65.55669052808892],[22.33340225273945,65.55666967702359],[22.333022974188676,65.5568685026492]],[[22.332254599466918,65.4324186310052],[22.33182702546075,65.43243945857435],[22.331776991117298,65.43226148059557],[22.332254599466918,65.4324186310052]],[[22.33092184656216,65.43230313177938],[22.33134941921481,65.43228230678973],[22.33139945070435,65.43246028493891],[22.33092184656216,65.43230313177938]],[[22.330544298941074,65.43250193405449],[22.330971875197786,65.43248111009899],[22.331021904583555,65.43265908839436],[22.330544298941074,65.43250193405449]],[[22.33058872492322,65.54363580018894],[22.33015932734469,65.54365664117876],[22.33010904668379,65.5434786651621],[22.33058872492322,65.54363580018894]],[[22.32659607943981,65.4323333353778],[22.329161531980887,65.43220844066703],[22.329211548450722,65.43238641969245],[22.32659607943981,65.4323333353778]],[[22.328894185758607,65.54534178224698],[22.328464758464847,65.54536261872273],[22.328414485396152,65.54518464206915],[22.328894185758607,65.54534178224698]],[[22.32738187701554,65.54306975337286],[22.326952485662023,65.54309058520296],[22.3269022281945,65.54291260789162],[22.32738187701554,65.54306975337286]],[[22.324835775571355,65.43223859367419],[22.32398061843796,65.43228020563075],[22.32393063771557,65.43210222451322],[22.324835775571355,65.43223859367419]],[[22.321265240507138,65.43187106610122],[22.321692815382193,65.43185026846338],[22.321742780335665,65.43202825048037],[22.321265240507138,65.43187106610122]],[[22.321742780335665,65.43202825048037],[22.323075483292627,65.43214383131095],[22.321792746038334,65.4322062324732],[22.321742780335665,65.43202825048037]],[[22.322099215443373,65.56136738500342],[22.322048948583703,65.56118940618505],[22.32247864277564,65.56116858528],[22.322099215443373,65.56136738500342]],[[22.3218427124902,65.4323842144419],[22.322270295178363,65.43236341508883],[22.32232026523363,65.43254139686313],[22.3218427124902,65.4323842144419]],[[22.321144940931237,65.52713497207479],[22.321674445065543,65.52747011885936],[22.32048737736734,65.52788851522816],[22.321144940931237,65.52713497207479]],[[22.3210947601316,65.52695699206771],[22.32152389176996,65.52693617942322],[22.32157407544666,65.5271141592595],[22.3210947601316,65.52695699206771]],[[22.31774473825529,65.43168143666954],[22.317694801235348,65.43150345304872],[22.31812237353995,65.43148266555797],[22.31774473825529,65.43168143666954]],[[22.317267228182,65.43152423933489],[22.317217294764855,65.43134625551983],[22.317644864964162,65.43132546940375],[22.317267228182,65.43152423933489]],[[22.31736709726243,65.43188020689263],[22.31693951775212,65.43190099231441],[22.31688958569169,65.43172300837753],[22.31736709726243,65.43188020689263]],[[22.316799537466363,65.50244874848418],[22.316370803354776,65.502469543792],[22.31632071224783,65.50229156129728],[22.316799537466363,65.50244874848418]],[[22.316262298948022,65.43103185575536],[22.316689864936645,65.4310110723886],[22.31673979400243,65.43118905642203],[22.316262298948022,65.43103185575536]],[[22.316190535317716,65.47866392651744],[22.31644072072925,65.47955384180125],[22.315684069370626,65.479951388359],[22.312357141287126,65.48047363177511],[22.31225711617221,65.48011766252048],[22.313442189952074,65.47969935043538],[22.31409882426893,65.47894584699038],[22.316190535317716,65.47866392651744]],[[22.315884655568624,65.43123062229118],[22.316312225159823,65.4312098399589],[22.31636215212022,65.4313878241383],[22.315884655568624,65.43123062229118]],[[22.315407164725105,65.43107341887521],[22.314979596490886,65.43109419862833],[22.31492967958962,65.43091621389051],[22.315407164725105,65.43107341887521]],[[22.31434924523527,65.5045521073592],[22.314299163073944,65.50437412410737],[22.314727930418638,65.50435333434591],[22.31434924523527,65.5045521073592]],[[22.309977158358897,65.41943021630803],[22.31083192350827,65.41938868766574],[22.310554122746044,65.4199434129604],[22.311508639610917,65.42025785367197],[22.313545842336833,65.41979802964788],[22.31364560695293,65.42015400072975],[22.31198590659788,65.42041507167598],[22.311658249369287,65.4207918126628],[22.312762448722403,65.42164020354868],[22.311102645568276,65.42190126580086],[22.31133058297655,65.42116855302882],[22.30937165358316,65.42036167651436],[22.309977158358897,65.41943021630803]],[[22.31307565986155,65.52319622016311],[22.313504737409403,65.52317543080179],[22.31355485770251,65.52335341392636],[22.31307565986155,65.52319622016311]],[[22.313547164525122,65.43062257484405],[22.31311960185942,65.43064334926879],[22.313069698619096,65.43046536377857],[22.313547164525122,65.43062257484405]],[[22.312696696100005,65.52339499178048],[22.313125777278287,65.52337420345827],[22.313175895449085,65.52355218672925],[22.312696696100005,65.52339499178048]],[[22.311459236287064,65.43090442106813],[22.311031667026512,65.43092518963998],[22.310981777308115,65.430747203324],[22.311459236287064,65.43090442106813]],[[22.310923852228967,65.52636744484737],[22.310494719743804,65.52638822743],[22.310444613276943,65.52621024315711],[22.310923852228967,65.52636744484737]],[[22.301728665385937,65.46890149720875],[22.301529014053266,65.46818954057072],[22.302435304494068,65.46832603264895],[22.302335470372306,65.46797005491358],[22.30536141976197,65.46638011987221],[22.30783043090917,65.46589957838665],[22.308158672283028,65.46552283995338],[22.309921177524956,65.46561775430217],[22.309314694761227,65.46654922387762],[22.30674576346874,65.46667381566714],[22.30737371123645,65.46736500117582],[22.306189086021313,65.46778326121338],[22.30638886034024,65.46849521046634],[22.304775972711667,65.46893422051903],[22.304547511063376,65.46966692847077],[22.3036910925129,65.46970843796255],[22.302984445758362,65.47028390847149],[22.301371389999723,65.47072288382813],[22.29875210491654,65.47066935475098],[22.298980736888005,65.46993665388042],[22.299837171928584,65.4698951709386],[22.300115671822557,65.46934045853654],[22.301728665385937,65.46890149720875]],[[22.309736656198226,65.52678575812102],[22.308878374441214,65.52682731549895],[22.30882827797552,65.52664933059219],[22.309736656198226,65.52678575812102]],[[22.309399508678926,65.55494615954625],[22.309070231409198,65.55532291079398],[22.308540299443333,65.55498772415058],[22.309399508678926,65.55494615954625]],[[22.30917224139878,65.41964972745862],[22.308744853357496,65.41967048773573],[22.308695005030756,65.41949250024176],[22.30917224139878,65.41964972745862]],[[22.307534072625586,65.52977895663207],[22.30839245400834,65.52973740589756],[22.30844255465758,65.5299153909051],[22.307534072625586,65.52977895663207]],[[22.305710153888143,65.53257337282868],[22.30389303870556,65.53230046750494],[22.3042221194198,65.53192372941825],[22.303063244823825,65.53089733502314],[22.303821528318387,65.53049983561111],[22.30558843250742,65.53059475694998],[22.305438186478366,65.53006079849179],[22.3062965811559,65.53001925951781],[22.30662559984428,65.52964251681223],[22.306725777363987,65.52999848821554],[22.307634263165582,65.53013492730501],[22.305710153888143,65.53257337282868]],[[22.30607384696428,65.50603557162434],[22.306023817728356,65.50585758510913],[22.3064526173579,65.50583681849982],[22.30607384696428,65.50603557162434]],[[22.30566705519463,65.52932808534278],[22.305237868991497,65.52934885354281],[22.30518779150394,65.52917086724523],[22.30566705519463,65.52932808534278]],[[22.304129890188506,65.50685133661577],[22.303701071683548,65.50687209682359],[22.30360104241621,65.50651612191847],[22.304129890188506,65.50685133661577]],[[22.30364221369104,65.42929944226555],[22.304069763520115,65.42927869483529],[22.304119602952245,65.4294566839401],[22.30364221369104,65.42929944226555]],[[22.28773898885656,65.48094414050135],[22.28859580570913,65.480902717531],[22.289681586330794,65.48012859965873],[22.29230181246729,65.48018227671528],[22.29205244078218,65.4792923134386],[22.29066757716662,65.4789984881118],[22.292759564073936,65.47871688938547],[22.293088175475148,65.47834018007093],[22.295001176300815,65.4789692369088],[22.295200749408323,65.47968120291803],[22.297771024060307,65.47955679420733],[22.298527942368768,65.47915933474057],[22.30071971204533,65.4792336065189],[22.30011261020064,65.48016504522454],[22.299255839550653,65.48020653305821],[22.29774194367396,65.48100145607712],[22.296456738679314,65.4810636663224],[22.29550013155521,65.48074915121025],[22.293786531335687,65.48083207028007],[22.29388630844863,65.48118805421095],[22.29169438804774,65.48111368477578],[22.290608628659704,65.48188781690116],[22.288566219952745,65.48234738262053],[22.28723107569051,65.48223152116587],[22.28647389560453,65.48262892660757],[22.286324372386137,65.48209494193836],[22.28718122963234,65.48205352659159],[22.28773898885656,65.48094414050135]],[[22.299768925856352,65.55631379933808],[22.29951842005631,65.55542385990266],[22.299948040910703,65.5554031036495],[22.299768925856352,65.55631379933808]],[[22.29239270060562,65.48360558182607],[22.292821148536028,65.48358485735943],[22.292871036492276,65.48376284965569],[22.29239270060562,65.48360558182607]],[[22.29329948654044,65.48374212381152],[22.295113086071222,65.48401519117972],[22.29574117224108,65.48470642363165],[22.29488424448329,65.484747888228],[22.294984054580134,65.48510387110048],[22.29284169338915,65.48520751315574],[22.290828524496437,65.48422244698071],[22.290728775009278,65.48386646076172],[22.291207106041007,65.48402373390752],[22.29329948654044,65.48374212381152]],[[22.291981643630223,65.50383087066467],[22.29180250079814,65.50474155740744],[22.28985818103715,65.50555714246299],[22.288142932739955,65.50564001381886],[22.287943312431093,65.50492803903984],[22.291981643630223,65.50383087066467]],[[22.287826638509813,65.46885283252908],[22.288732885239654,65.46898940727651],[22.289868018678497,65.46839328698465],[22.291630664018452,65.46848841344271],[22.291879897000204,65.4693783788355],[22.29107330675148,65.46959780997835],[22.291172995225054,65.46995379659822],[22.289888313791774,65.4700159457697],[22.288374700469923,65.47081077213869],[22.28452048571667,65.47099711713777],[22.28437108263097,65.4704631293155],[22.28716947646138,65.46960622697816],[22.287826638509813,65.46885283252908]],[[22.290338922773078,65.47937519258512],[22.289910541398193,65.47939590935322],[22.289860683640097,65.47921791577672],[22.290338922773078,65.47937519258512]],[[22.281082642163483,65.4975019945846],[22.28093312629583,65.49696800454672],[22.28244844330487,65.49617323599969],[22.284163092327788,65.49609043517117],[22.28449203353394,65.49571374132765],[22.28464161342231,65.49624772721472],[22.285927598683607,65.49618560977062],[22.28663529549809,65.49561020875915],[22.289107405791412,65.49512994282591],[22.288928204721632,65.49604062677433],[22.287363215502335,65.49665746406549],[22.28670538528913,65.49741086301414],[22.285040526103213,65.49767168852371],[22.285190130726765,65.49820567361836],[22.283804324044137,65.49791179473155],[22.283505182213624,65.49684382098205],[22.281082642163483,65.4975019945846]],[[22.288994650939838,65.48232666917345],[22.289044509964246,65.48250466302065],[22.288616076110053,65.4825253766375],[22.288994650939838,65.48232666917345]],[[22.288024699440626,65.51141867196834],[22.288453607593,65.51139795534097],[22.28850352994616,65.51157594871616],[22.288024699440626,65.51141867196834]],[[22.284880500278078,65.49244771471878],[22.285309100261532,65.49242701005277],[22.285358957466105,65.49260500512561],[22.284880500278078,65.49244771471878]],[[22.285787559569858,65.49258429908167],[22.287701454196327,65.49321343947923],[22.28656522251525,65.49380955428998],[22.286764702770775,65.49452153231039],[22.28600716932034,65.4949189388872],[22.28510002703976,65.4947823566644],[22.28439231735557,65.4953577506162],[22.283385467379883,65.49486516724033],[22.28252818305413,65.49490656527827],[22.28195002091753,65.49439327347554],[22.28260791858057,65.49363989454862],[22.285787559569858,65.49258429908167]],[[22.28619497861273,65.48318361794105],[22.28591605040745,65.4837383088691],[22.28533808246721,65.48322502807872],[22.28619497861273,65.48318361794105]],[[22.28553923442076,65.49945163799862],[22.285589109376033,65.49962963281402],[22.28516039157506,65.49965033943795],[22.28553923442076,65.49945163799862]],[[22.28528987089077,65.49856166356138],[22.284861170317175,65.49858236916647],[22.28481130273141,65.49840437403716],[22.28528987089077,65.49856166356138]],[[22.28506064815693,65.49929434944349],[22.285110519491123,65.49947234445274],[22.284681803811758,65.49949304969829],[22.28506064815693,65.49929434944349]],[[22.284988744207357,65.4742217415549],[22.285038557331305,65.47439973718541],[22.28461025232735,65.47442043816609],[22.284988744207357,65.4742217415549]],[[22.284541168279294,65.42607582284678],[22.284968683811375,65.42605512990582],[22.285018386222998,65.42623312668424],[22.284541168279294,65.42607582284678]],[[22.284163348706468,65.42627451170033],[22.28459086783729,65.42625381979452],[22.2846405681404,65.4264318167183],[22.284163348706468,65.42627451170033]],[[22.284582067635654,65.49913705931623],[22.284631935348866,65.49931505451924],[22.28420322179112,65.49933575838642],[22.284582067635654,65.49913705931623]],[[22.283785523426307,65.42647319966404],[22.28421304615589,65.42645250879342],[22.284262744350404,65.42663050586259],[22.283785523426307,65.42647319966404]],[[22.28270170235488,65.42724725589039],[22.28312923873489,65.4272265679562],[22.283178931348125,65.42740456543746],[22.28270170235488,65.42724725589039]],[[22.282323852135196,65.42744594043982],[22.28275139211416,65.42742525354093],[22.282801082618434,65.42760325116751],[22.282323852135196,65.42744594043982]],[[22.28109090681685,65.4276859922127],[22.281945996207504,65.4276446240993],[22.281995681748672,65.42782262204051],[22.28109090681685,65.4276859922127]],[[22.281995681748672,65.42782262204051],[22.282472917320916,65.42797993375564],[22.282045368034787,65.42800061995779],[22.281995681748672,65.42782262204051]],[[22.2811725544839,65.49316799258212],[22.280743938400082,65.49318868567511],[22.28069411126465,65.4930106887834],[22.2811725544839,65.49316799258212]],[[22.280155981678657,65.42899402635781],[22.280106305939405,65.42881602771396],[22.280533870367144,65.42879534685798],[22.280155981678657,65.42899402635781]],[[22.279678740766858,65.42883670736529],[22.279629068626807,65.4286587085283],[22.280056630944983,65.4286380290462],[22.279678740766858,65.42883670736529]],[[22.279907610430474,65.42810403289927],[22.279052502175162,65.42814538964349],[22.27900283586828,65.42796739054155],[22.279907610430474,65.42810403289927]],[[22.279201505563865,65.42867938680574],[22.279151837022926,65.42850138777557],[22.279579397231508,65.42848070966733],[22.279201505563865,65.42867938680574]],[[22.277529964329847,65.43200742789669],[22.27795758324763,65.43198675380206],[22.278007251665088,65.43216475322363],[22.277529964329847,65.43200742789669]],[[22.276724384111738,65.43222677240053],[22.27757962989207,65.4321854274875],[22.277629296199063,65.43236342705431],[22.276724384111738,65.43222677240053]],[[22.276018102243714,65.43280211315307],[22.275590468181033,65.43282278189999],[22.27554081466147,65.43264478153506],[22.276018102243714,65.43280211315307]],[[22.27312392317566,65.43330277176571],[22.272268632460563,65.43334409186193],[22.272219000296513,65.43316609019186],[22.27312392317566,65.43330277176571]],[[22.26872370692324,65.53255439777041],[22.268773543590815,65.53273239847616],[22.268344266060865,65.5327530629076],[22.26872370692324,65.53255439777041]],[[22.260598396836745,65.53150213834367],[22.26016913173024,65.5315227794595],[22.26011935652561,65.531344775317],[22.260598396836745,65.53150213834367]],[[22.2473095798028,65.49479902398951],[22.247738254175342,65.49477842515199],[22.24778786102709,65.49495643505547],[22.2473095798028,65.49479902398951]],[[22.24778786102709,65.49495643505547],[22.248266147993764,65.4951138445512],[22.247837468624528,65.49513444493515],[22.24778786102709,65.49495643505547]],[[22.243369837599737,65.49625102772153],[22.243320257860226,65.4960730161032],[22.243748956915944,65.49605242833844],[22.243369837599737,65.49625102772153]],[[22.238879130706966,65.54878021986845],[22.238829461047164,65.54860220771762],[22.239259027584097,65.54858162420199],[22.238879130706966,65.54878021986845]],[[22.23839989376207,65.54862279002158],[22.238350227734887,65.54844477767789],[22.23877979213551,65.54842419554298],[22.23839989376207,65.54862279002158]],[[22.224669925000157,65.55090348649408],[22.224240306336096,65.55092402911924],[22.22419073166969,65.55074601124676],[22.224669925000157,65.55090348649408]],[[22.21476263985184,65.4604627787053],[22.215618925374535,65.46042177487695],[22.2156682352624,65.46059979825853],[22.21476263985184,65.4604627787053]],[[22.21402588147628,65.45310229906548],[22.214635498235925,65.45217118218463],[22.215590094048324,65.45248622897226],[22.21402588147628,65.45310229906548]],[[22.19520281181148,65.47131893294122],[22.194922053038564,65.47187347336522],[22.19434613123459,65.47135982484525],[22.19520281181148,65.47131893294122]],[[22.193512543779526,65.55942490021637],[22.193942331692625,65.55940444314805],[22.19399171966716,65.55958247270681],[22.193512543779526,65.55942490021637]],[[22.191534940162814,65.54130067030484],[22.191105448208045,65.54132111767512],[22.191056121647478,65.54114308655342],[22.191534940162814,65.54130067030484]],[[22.18520514505733,65.54358605132849],[22.185303730215534,65.54394211801974],[22.184874188881977,65.54396254818667],[22.18520514505733,65.54358605132849]],[[22.186212110117502,65.54407928702557],[22.18593046157172,65.54463381907023],[22.185500909441394,65.54465425112011],[22.185303730215534,65.54394211801974],[22.186212110117502,65.54407928702557]],[[22.183557591115598,65.54077836749421],[22.183656140984162,65.54113443560897],[22.183226644316704,65.5411548606681],[22.183557591115598,65.54077836749421]],[[22.183029559083902,65.5404427236736],[22.183128100216248,65.54079879221784],[22.182698608574867,65.54081921572995],[22.183029559083902,65.5404427236736]],[[22.182501540813913,65.54010707787648],[22.182600073210487,65.54046314685023],[22.182170586595117,65.54048356881535],[22.182501540813913,65.54010707787648]],[[22.181973536305133,65.53977143010299],[22.182072059966366,65.54012749950617],[22.181642578376945,65.54014791992431],[22.181973536305133,65.53977143010299]],[[22.180348324215526,65.5338962713849],[22.179918943536325,65.53391668593457],[22.179869710172817,65.53373865025502],[22.180348324215526,65.5338962713849]],[[22.179771245669556,65.53338257882542],[22.179341872896174,65.53340299166109],[22.179292644638686,65.53322495574346],[22.179771245669556,65.53338257882542]],[[22.17824493850767,65.55618252136411],[22.17781518885831,65.55620293351413],[22.177765919064573,65.55602489753713],[22.17824493850767,65.55618252136411]],[[22.17584187455306,65.47350449602577],[22.175989084097466,65.47403861199477],[22.17556068155475,65.47405900466963],[22.17584187455306,65.47350449602577]],[[22.17332134299642,65.53837882423593],[22.17375080332538,65.53835842763576],[22.173800005463633,65.53853646560088],[22.17332134299642,65.53837882423593]],[[22.172941078297427,65.53857725792473],[22.173419742246438,65.53873490047773],[22.172560807830962,65.53877569071363],[22.172941078297427,65.53857725792473]],[[22.172413227369564,65.53824157531079],[22.171983767701775,65.53826196810908],[22.17193457857989,65.53808392942712],[22.172413227369564,65.53824157531079]],[[22.168212892263615,65.55611757499862],[22.17084064709525,65.55617328567914],[22.17088986993889,65.55635132436191],[22.16831130255155,65.55647365439802],[22.168212892263615,65.55611757499862]],[[22.170312452920314,65.55583759911119],[22.17074220363317,65.55581720824325],[22.17079142499335,65.55599524697291],[22.170312452920314,65.55583759911119]],[[22.170569515967447,65.48115068185184],[22.170140991875247,65.4811710603399],[22.170091944920582,65.4809930195882],[22.170569515967447,65.48115068185184]],[[22.169492250879177,65.53711763680197],[22.169921694065,65.53709725123298],[22.169970867208995,65.53727529072533],[22.169492250879177,65.53711763680197]],[[22.168633362286304,65.53715840430567],[22.16906280695293,65.53713802115956],[22.16911197432994,65.5373160609867],[22.168633362286304,65.53715840430567]],[[22.16911197432994,65.5373160609867],[22.16959059214064,65.53747371609809],[22.169161142447354,65.53749410079047],[22.16911197432994,65.5373160609867]],[[22.168544534069653,65.57937006911567],[22.16811439269102,65.57939045750949],[22.168065136282294,65.57921241828511],[22.168544534069653,65.57937006911567]],[[22.16780223435926,65.48056076816816],[22.167373717324967,65.48058113873844],[22.167324690536535,65.48040309689107],[22.16780223435926,65.48056076816816]],[[22.167007862027763,65.57854103262316],[22.16657773288941,65.57856141653753],[22.16652848887589,65.57838337669304],[22.167007862027763,65.57854103262316]],[[22.166196844870864,65.57875983922673],[22.165766711353424,65.57878022088114],[22.165717472384628,65.5786021807249],[22.166196844870864,65.57875983922673]],[[22.165385813910987,65.57897864162214],[22.164955676014532,65.57899902101659],[22.164906442090675,65.57882098054863],[22.165385813910987,65.57897864162214]],[[22.164574769148054,65.5791974398093],[22.164144626872623,65.57921781694368],[22.16409539799395,65.57903977616404],[22.164574769148054,65.5791974398093]],[[22.157113280823914,65.48431517681728],[22.159060298037808,65.48350127408192],[22.158962345127815,65.48314518400737],[22.16010109406211,65.48255000500333],[22.163578527868747,65.48256521187068],[22.161962298254107,65.48300272824538],[22.162158287396412,65.48371490362901],[22.161252145999086,65.48357756850793],[22.160921553683433,65.48395400963986],[22.15877865089283,65.48405575584219],[22.158974562895207,65.48476793609863],[22.158166347757465,65.48498667279404],[22.157113280823914,65.48431517681728]],[[22.152667174461047,65.55974003979713],[22.152863606307942,65.56045222244063],[22.150284531335384,65.56057425040534],[22.154091801831843,65.55859039558567],[22.154951423859742,65.55854970353657],[22.154853186588785,65.55819361380065],[22.156093470552445,65.55795452323369],[22.156621528470172,65.5582902606985],[22.157481135835766,65.5582495544315],[22.16163163698622,65.55751182365728],[22.161779128225998,65.55804595033655],[22.16005994015881,65.5581274065264],[22.160158248245843,65.55848349220102],[22.161017855316615,65.558442765862],[22.161165340337075,65.55897689319445],[22.155860168450594,65.55868705113504],[22.152667174461047,65.55974003979713]],[[22.156425013627505,65.5575780837154],[22.157714388898803,65.55751702450301],[22.160906904602154,65.5564639340272],[22.161815605126613,65.556601246317],[22.157812662172258,65.55787311203777],[22.156093470552445,65.55795452323369],[22.156425013627505,65.5575780837154]],[[22.162405600305565,65.55873775116603],[22.16250394320928,65.55909383497988],[22.16341274432338,65.55923113671214],[22.162172470801234,65.55947028711822],[22.161263667388685,65.55933297796574],[22.161165340337075,65.55897689319445],[22.162405600305565,65.55873775116603]],[[22.161448121011965,65.4842897449465],[22.16101953692089,65.48431009814621],[22.160970544934013,65.48413205390469],[22.161448121011965,65.4842897449465]],[[22.159672537205097,65.48257035411753],[22.159623558321208,65.48239230930895],[22.16005211230778,65.4823719603616],[22.159672537205097,65.48257035411753]],[[22.15902354273606,65.4849459811044],[22.159072523313064,65.48512402608687],[22.158643923320735,65.48514437270279],[22.15902354273606,65.4849459811044]],[[22.156829602139236,65.51643448125547],[22.158447963178396,65.51599699921029],[22.15859510633845,65.5165311325596],[22.156927676763235,65.51679057142107],[22.156829602139236,65.51643448125547]],[[22.157128176631947,65.46068605135004],[22.15669997479882,65.46070638857698],[22.15665106553788,65.4605283420908],[22.157128176631947,65.46068605135004]],[[22.15645010751403,65.5671365372582],[22.15473029966627,65.56721793891192],[22.154386354750127,65.56597162525495],[22.157015090764972,65.56602756639582],[22.15645010751403,65.5671365372582]],[[22.154736467149853,65.49146236364788],[22.155544909684245,65.49124364310053],[22.155642852708493,65.49159973545962],[22.154736467149853,65.49146236364788]],[[22.155642852708493,65.49159973545962],[22.156120536805357,65.49175744227911],[22.155691825324926,65.4917777816042],[22.155642852708493,65.49159973545962]],[[22.15591258627044,65.48942250438361],[22.155483912868753,65.48944284274923],[22.155434946949562,65.4892647964683],[22.15591258627044,65.48942250438361]],[[22.15434722084535,65.47741204233463],[22.153918742729164,65.47743237436313],[22.15382088723046,65.4770762799886],[22.15434722084535,65.47741204233463]],[[22.152683257327798,65.52979796059401],[22.15349288978736,65.52957923957253],[22.153590978525607,65.52993533172089],[22.152683257327798,65.52979796059401]],[[22.152302954082515,65.5299963428086],[22.15273229630185,65.52997600699048],[22.152781336014183,65.53015405336363],[22.152302954082515,65.5299963428086]],[[22.14360537170559,65.46673868955143],[22.1440336844775,65.4667183883818],[22.144082521908818,65.4668964396412],[22.14360537170559,65.46673868955143]],[[22.14332032657153,65.5621661048162],[22.14036017078354,65.56248632988556],[22.142313439600503,65.56167258321355],[22.143652106448418,65.5617896910046],[22.14332032657153,65.5621661048162]],[[22.136714348921775,65.51125444335547],[22.136187531044726,65.5109186243853],[22.13661657488004,65.51089833717336],[22.136714348921775,65.51125444335547]],[[22.136225508130956,65.50947391151574],[22.137034661761742,65.50925528314653],[22.136361241767446,65.50838530520552],[22.138604032781632,65.50863996143327],[22.1387018237028,65.50899606617497],[22.13789269248524,65.50921470324883],[22.13808826307658,65.5099269136925],[22.139375338175977,65.50986603277228],[22.13661657488004,65.51089833717336],[22.136225508130956,65.50947391151574]],[[22.139070500707188,65.56254724417066],[22.13864060920384,65.5625675465063],[22.138591592476256,65.56238949538829],[22.139070500707188,65.56254724417066]],[[22.138709569366117,65.46787247626617],[22.13737576275769,65.46775527771962],[22.137326969002483,65.46757722386896],[22.138611963918272,65.46751636958555],[22.138709569366117,65.46787247626617]],[[22.13638307055815,65.51163083732247],[22.135954014475256,65.51165112399016],[22.13590513137179,65.51147307062425],[22.13638307055815,65.51163083732247]],[[22.13593223895434,65.5084055912969],[22.135883363331715,65.50822753784576],[22.136312363267503,65.50820725192087],[22.13593223895434,65.5084055912969]],[[22.136149554243865,65.5123633372216],[22.13572048591264,65.51238362334503],[22.13562272031388,65.51202751644283],[22.136149554243865,65.5123633372216]],[[22.134927623724014,65.5079119984279],[22.134498627337216,65.50793228038992],[22.13444976255191,65.5077542263698],[22.134927623724014,65.5079119984279]],[[22.132698517023353,65.45859780400912],[22.132747259094742,65.45877585987313],[22.132319065648662,65.45879612787408],[22.132698517023353,65.45859780400912]],[[22.131413943085814,65.45865860389205],[22.131744664644255,65.45828222600984],[22.13227032644266,65.45861807184401],[22.131413943085814,65.45865860389205]],[[22.128957695052843,65.5796179526882],[22.1289087058041,65.57943989820568],[22.129769063305368,65.5793993420537],[22.128957695052843,65.5796179526882]],[[22.12847852594504,65.57946017446058],[22.127618164010286,65.57950072332827],[22.127569184185074,65.57932266832226],[22.12847852594504,65.57946017446058]],[[22.12713900500436,65.5793429407683],[22.126708825084904,65.57936321200032],[22.126659851788204,65.57918515663764],[22.12713900500436,65.5793429407683]],[[22.126229674024916,65.57920542648887],[22.125369316282455,65.5792459625492],[22.125320352409034,65.57906790666328],[22.126229674024916,65.57920542648887]],[[22.12307156302076,65.57881311122686],[22.12393191077878,65.57877258830692],[22.123980864490658,65.57895064473925],[22.12307156302076,65.57881311122686]],[[22.123980864490658,65.57895064473925],[22.124890175324836,65.5790881727057],[22.12402981894095,65.57912870114838],[22.123980864490658,65.57895064473925]],[[22.12264138803427,65.57883337086577],[22.12178103584656,65.5788738865014],[22.121732097347294,65.57869582921285],[22.12264138803427,65.57883337086577]],[[22.119483372599838,65.57844097991072],[22.120343714799233,65.57840047741496],[22.120392643137727,65.57857853524966],[22.119483372599838,65.57844097991072]],[[22.120392643137727,65.57857853524966],[22.121301923041045,65.57871608504301],[22.12044157221424,65.57875659306117],[22.120392643137727,65.57857853524966]],[[22.119053200393243,65.57846122933753],[22.118192853766477,65.57850172454899],[22.118143940640213,65.57832366585852],[22.119053200393243,65.57846122933753]],[[22.117713769115028,65.57834391147667],[22.117283596852108,65.57836415588076],[22.117234690253323,65.57818609683407],[22.117713769115028,65.57834391147667]],[[22.1168045201476,65.57820633985763],[22.115944177723303,65.57824682226261],[22.115895280546773,65.5780687626934],[22.1168045201476,65.57820633985763]],[[22.114674195368913,65.59742473307169],[22.114194775814813,65.59726691210555],[22.114625263416116,65.59724667346191],[22.114674195368913,65.59742473307169]],[[22.11495788278988,65.59687031464702],[22.115818842701263,65.5968298319503],[22.11548623640291,65.59720619252921],[22.114625263416116,65.59724667346191],[22.11495788278988,65.59687031464702]],[[22.106269877233547,65.49050703450901],[22.107984820546406,65.49042622975452],[22.10641578141654,65.49104123054921],[22.106181572790735,65.49177369093866],[22.10504118013239,65.49236847920304],[22.102565779105564,65.49284576454261],[22.102800097529325,65.49211330870668],[22.106269877233547,65.49050703450901]],[[22.100996466681565,65.49346071169485],[22.10013888394576,65.49350107792485],[22.100041688190963,65.49314494250802],[22.100996466681565,65.49346071169485]],[[22.092867167034143,65.60854823781266],[22.092436472004792,65.60856841665158],[22.092387667008662,65.60839034869032],[22.092867167034143,65.60854823781266]],[[22.092784497796213,65.49042033311694],[22.09235574899128,65.49044049313427],[22.092307210612415,65.4902624223531],[22.092784497796213,65.49042033311694]],[[22.091916694702114,65.60985524809011],[22.09186789035291,65.60967717995814],[22.092298604274912,65.60965700255446],[22.091916694702114,65.60985524809011]],[[22.0915548358967,65.49228167743846],[22.09198361563412,65.4922615193956],[22.092032156292138,65.49243959025465],[22.0915548358967,65.49228167743846]],[[22.091215091845807,65.49103517962425],[22.09164385146245,65.49101502273876],[22.091692387011967,65.4911930937587],[22.091215091845807,65.49103517962425]],[[22.09117459033837,65.49247990546166],[22.091603373680158,65.49245974846286],[22.091651912193417,65.49263781946426],[22.09117459033837,65.49247990546166]],[[22.090834861300443,65.491233406651],[22.091263624521055,65.49121325080952],[22.091312157925998,65.49139132197179],[22.090834861300443,65.491233406651]],[[22.090600212353092,65.49196584711699],[22.09102898780098,65.49194569182355],[22.091077521250366,65.49212376305921],[22.090600212353092,65.49196584711699]],[[22.090454625006444,65.49143163277608],[22.090883391831053,65.49141147797862],[22.090931923091336,65.49158954928323],[22.090454625006444,65.49143163277608]],[[22.090451285371312,65.5949545136897],[22.09088175695595,65.5949343426077],[22.090930521218674,65.59511241146852],[22.090451285371312,65.5949545136897]],[[22.090219963875867,65.49216407276737],[22.090648742927964,65.49214391851798],[22.09069727423254,65.49232198989604],[22.090219963875867,65.49216407276737]],[[22.0900743829637,65.49162985799944],[22.090503153392344,65.49160970424603],[22.090551682507886,65.49178777569298],[22.0900743829637,65.49162985799944]],[[22.090069571514057,65.59515275274924],[22.090500046734366,65.59513258271646],[22.090548808833432,65.59531065172023],[22.090069571514057,65.59515275274924]],[[22.069704029125003,65.52053974723147],[22.069274764430972,65.5205598467102],[22.069226315818355,65.5203817677286],[22.069704029125003,65.52053974723147]],[[22.068472858397794,65.51121933846248],[22.068521281357707,65.51139741795106],[22.068092165775713,65.51141751264862],[22.068472858397794,65.51121933846248]],[[22.06145102093719,65.61650933515816],[22.061881876437024,65.61648924278488],[22.061930490830818,65.61666732232861],[22.06145102093719,65.61650933515816]]],[[[22.359832037634185,65.54544720352698],[22.359785457309187,65.54528301131468],[22.359435817660184,65.54546653453103],[22.359832037634185,65.54544720352698]]],[[[22.45946251,65.36913138],[22.457577478862973,65.36251537275795],[22.45659311314398,65.36243066658167],[22.456694549803604,65.36278652518567],[22.454238013517088,65.36326937272254],[22.455314162574275,65.36249416442381],[22.45217785376022,65.36210849078475],[22.451447447476664,65.36106205715896],[22.45001653858769,65.36059171472552],[22.44885998723483,65.35956641530449],[22.450088147626655,65.35932504154975],[22.450615758833234,65.35965975577454],[22.45146831060187,65.35961745254883],[22.451814077047743,65.35779583197493],[22.453316315077544,65.35699948548542],[22.45534606790535,65.35653782262858],[22.455662323116176,65.35579363535982],[22.454565016721066,65.35531347364211],[22.454362273766016,65.35460175216342],[22.450547452686234,65.35334753974917],[22.447138032701364,65.35351669472213],[22.4455851725258,65.35413504552008],[22.446091448312075,65.35591438423529],[22.445542773857166,65.35702425998409],[22.444740919527675,65.35724446317117],[22.44512473272264,65.36011254381792],[22.44628116511071,65.36113787316746],[22.446635697368723,65.3623834073874],[22.445833691388557,65.36260361795674],[22.445609937554533,65.36333649002756],[22.44611642941064,65.3651158264592],[22.444989254508677,65.3657130389194],[22.444136492570536,65.36575530759477],[22.44423777622439,65.36611117616073],[22.445567586473945,65.36622570404025],[22.444288419187224,65.36628911040657],[22.441332889702366,65.36805956076256],[22.440357348295713,65.36919054718388],[22.440885043213456,65.36952529466828],[22.438803417764632,65.36980883897958],[22.43890076318698,65.37015102837256],[22.45946251,65.36913138]],[[22.45476575912714,65.36360407101685],[22.45433942223343,65.36362523320132],[22.45428871749621,65.36344730297435],[22.45476575912714,65.36360407101685]],[[22.453212500255244,65.36422250464176],[22.452786151826235,65.36424366254462],[22.452684761235986,65.36388780083283],[22.453212500255244,65.36422250464176]],[[22.45118212147686,65.3646841451505],[22.450755763589182,65.36470529739881],[22.450705080571694,65.36452736574138],[22.45118212147686,65.3646841451505]],[[22.449852368192055,65.36456966629252],[22.449426010865622,65.36459081476808],[22.449375337109604,65.3644128825678],[22.449852368192055,65.36456966629252]],[[22.447771237158506,65.36485332953595],[22.44819760035012,65.3648321856879],[22.44824826711748,65.3650101183565],[22.447771237158506,65.36485332953595]],[[22.44739553430725,65.36505240519779],[22.447821901091142,65.36503126237714],[22.447872565781342,65.36520919519361],[22.44739553430725,65.36505240519779]],[[22.44701982578648,65.36525147998],[22.447446196162677,65.36523033818683],[22.447496858775622,65.3654082711511],[22.44701982578648,65.36525147998]],[[22.446644111596054,65.36545055388254],[22.44707048556459,65.36542941311686],[22.447121146100233,65.36560734622896],[22.446644111596054,65.36545055388254]],[[22.4462683917359,65.36564962690545],[22.446694769296812,65.36562848716726],[22.446745427755033,65.36580642042719],[22.4462683917359,65.36564962690545]]],[[[22.23780475626308,65.1930117967767],[22.225052710533678,65.20020052013356],[22.23958508,65.1994978],[22.23780475626308,65.1930117967767]]],[[[22.33655635660314,65.70131466007572],[22.334654938013095,65.70112433982868],[22.33394295829296,65.70170000710704],[22.33226556540385,65.70196147569318],[22.33089208229521,65.7032907582811],[22.331094727409297,65.70400264590162],[22.335236639957987,65.7047046264309],[22.33533802736373,65.70506056674955],[22.337167706332675,65.70533297096554],[22.33768560632693,65.70527650859934],[22.33655635660314,65.70131466007572]]],[[[22.360347542807755,65.68976239354285],[22.36184154864951,65.68898229736058],[22.36621011780504,65.68895065819665],[22.36539744103164,65.68917054622985],[22.365826987946075,65.68949633134933],[22.37681506,65.68896279],[22.37426896,65.68006507],[22.362421832798773,65.68064027649582],[22.361154405028334,65.68197899662597],[22.359250129168867,65.68297353985426],[22.35719332334053,65.68343417508565],[22.356050619756804,65.68403087545339],[22.35615219561342,65.68438680007134],[22.354907863708462,65.68462756774105],[22.355745865160028,65.68603033388285],[22.353688754007184,65.68649092466633],[22.35297758792851,65.68706667313528],[22.35386635456951,65.68864741319167],[22.357244411755328,65.68974659891332],[22.35848896455859,65.68950580996592],[22.359001624798367,65.6898277464917],[22.360347542807755,65.68976239354285]]],[[[22.32352067,65.65546158],[22.345082389999998,65.65441806999999],[22.347615449999996,65.66331640999998],[22.369182519999995,65.66226942999998],[22.366642179999996,65.65337152000001],[22.40975602,65.65126930000001],[22.40465206,65.63347502],[22.370491196093248,65.6351404544755],[22.368194545272658,65.63616920035341],[22.368017438278194,65.63707995624883],[22.36725713370979,65.6374777970725],[22.357295259542664,65.6377816060617],[22.3546083461572,65.63755125091123],[22.355292634650723,65.63842014434947],[22.353366224554154,65.63779198437683],[22.35250436088057,65.63783382461268],[22.352605670476386,65.63818975424685],[22.349639718484926,65.63851412516742],[22.34740837351083,65.63988533716869],[22.346546428808484,65.63992714436851],[22.345455949799952,65.64070171663617],[22.343782596812794,65.64096327287733],[22.343503403034894,65.64151807219339],[22.34172879803197,65.64142366952854],[22.340105936977437,65.64186315525188],[22.341018543158555,65.64199935322827],[22.340739279977175,65.6425541481374],[22.34198175073478,65.64231351459077],[22.342082937167795,65.64266945244458],[22.340561174792313,65.64346488167712],[22.341143980457527,65.64397790289962],[22.337669079461676,65.64558960900818],[22.335513691368668,65.64569398471563],[22.335412580784034,65.64533804174712],[22.336554112201803,65.6447415079152],[22.336149649033402,65.64331773860523],[22.33298075398336,65.6429299059035],[22.33183921618018,65.64352641293354],[22.330115021655235,65.64360984860633],[22.32897338752884,65.64420633502675],[22.328010261342076,65.64389209034219],[22.32719864102713,65.64411176389245],[22.32195232464606,65.64256125344288],[22.321851414640907,65.64220529948949],[22.32040697355216,65.64173385998012],[22.319544915207178,65.64177551496715],[22.31944404187831,65.64141955905502],[22.317518248253474,65.64079093820064],[22.317445060138574,65.63899033007307],[22.316482267233855,65.63867600900468],[22.31650997595866,65.63723135806812],[22.315547260660413,65.63691703031002],[22.31529527685111,65.63602713180126],[22.31610675235314,65.63580752329382],[22.315199677423326,65.63260388936753],[22.314287531955944,65.6324675316948],[22.31418677421326,65.63211157114995],[22.311069918058173,65.63190124518333],[22.3121834850139,65.63274954706107],[22.312687181841188,65.63452935665231],[22.31043187427327,65.63427740651224],[22.310532590690755,65.63463336994926],[22.311444794591317,65.63476974961804],[22.310582950040814,65.6348113516314],[22.311114599486878,65.63514651418163],[22.309972881572065,65.63574285853998],[22.310174318568265,65.63645478591086],[22.31235149756887,65.63797340958014],[22.312603403276317,65.63886331372956],[22.311461561335467,65.63945967048595],[22.31214446737736,65.6403287717414],[22.31128243970937,65.64037037951124],[22.311383196263968,65.6407263419834],[22.31019087378975,65.64114470894656],[22.3101124461412,65.64241138038851],[22.311024924278772,65.64254775990449],[22.310162820790975,65.64258936205508],[22.309882887705307,65.64314410667373],[22.310034014357775,65.6436780518234],[22.31079539075133,65.6432804873263],[22.312670819368996,65.64373121254442],[22.31277161067225,65.64408717375142],[22.31190945944885,65.64412878628535],[22.31076737597825,65.64472514016104],[22.310868145837016,65.64508110283896],[22.310005957936227,65.6451227049207],[22.308863787278387,65.64571904532345],[22.308225272453804,65.64809520182499],[22.309669859848373,65.64856675579405],[22.312256759483883,65.64844193731443],[22.31144486029049,65.64866152935421],[22.312128026147693,65.64953062812002],[22.313091178966033,65.64984497328378],[22.314815853466484,65.64976172627499],[22.315549593575454,65.6508087877978],[22.31473765023622,65.6510283978714],[22.314989790429088,65.65191829572744],[22.31805864170548,65.65195053902252],[22.31795774110723,65.6515945824029],[22.32389341049755,65.65094698400031],[22.327090259831404,65.64989035118853],[22.32843424575783,65.65000577308469],[22.33008141952116,65.65118902442809],[22.328636322431457,65.65071766964354],[22.327773981679222,65.6507593741144],[22.326503851206702,65.65244454356164],[22.32444883255368,65.65290471830838],[22.324169108227917,65.653459487198],[22.323306667737118,65.65350116727184],[22.31960001360578,65.65584522731774],[22.315920395233807,65.6567445527007],[22.316071741549134,65.65727848966864],[22.314296134462385,65.65718377610007],[22.313635284004306,65.65793732132538],[22.310156809343038,65.65954843235806],[22.30318488202978,65.66084059914766],[22.303723870686824,65.66274511761758],[22.305456306565215,65.66302246185496],[22.309288427937194,65.66265732247747],[22.309439679321354,65.66319126696098],[22.310403318453307,65.66350562442786],[22.31337265253288,65.66318198729108],[22.313523991660233,65.66371592685316],[22.312711631713928,65.66393553013548],[22.3119217896543,65.6657777615121],[22.31072834473331,65.66619614357664],[22.31054906588152,65.66710685316313],[22.309585288382298,65.66679249796915],[22.307428002735826,65.66689649341276],[22.30628483885739,65.66749282401581],[22.305421897213662,65.66753440738924],[22.30394796043459,65.66850747742895],[22.30308498052081,65.66854904790067],[22.303185756471176,65.66890501557933],[22.301610898891195,65.66952209666931],[22.30023745221246,65.67085110212975],[22.296806787867048,65.67263991713288],[22.294368397163073,65.6732984584138],[22.292160173306293,65.67322425564785],[22.290282919885268,65.67277329482815],[22.289017368759648,65.67139087494382],[22.287190586587833,65.67111786362068],[22.285493757930038,65.66975615058433],[22.285141891345347,65.66851021417285],[22.286235325201254,65.66773604687955],[22.287098310562275,65.66769457205713],[22.28656627457982,65.66735932920234],[22.287810452286617,65.66711912255235],[22.28847228064699,65.66636568029408],[22.29111137759309,65.66641919323374],[22.29251722860486,65.6659756855129],[22.277965199823335,65.66667471239634],[22.27788617296999,65.66759583308888],[22.275778865635907,65.66787737529363],[22.27521702071122,65.66898675609946],[22.273541100949767,65.66924756277507],[22.27163430461425,65.67024103196574],[22.26434798530065,65.67077067463704],[22.261658365136512,65.6705387005691],[22.26155815153627,65.67018269998948],[22.260695034270693,65.67022403101797],[22.260163281415696,65.6698886930068],[22.25933100800209,65.66848534601968],[22.259893527862435,65.66737601747077],[22.261209977868,65.66705415452508],[22.258824110000003,65.65857384999998],[22.267357317339716,65.6581639753435],[22.26721108225392,65.65764459644659],[22.265866940515085,65.65752863424136],[22.265766729709274,65.65717263638356],[22.264522810177148,65.65741266003135],[22.263459766010676,65.65674200443272],[22.262597099438743,65.65678334191625],[22.260140028702136,65.65581865747136],[22.260502018533373,65.65399732428156],[22.259589382557508,65.65386064267587],[22.259670286672897,65.65259397378942],[22.258657614989797,65.65210128293661],[22.257094631652734,65.64965055820973],[22.258288219342113,65.64923259616181],[22.258900449119242,65.64830127639117],[22.25976284092915,65.64825996255645],[22.260425041481163,65.64750663886238],[22.261618477057496,65.64708865210402],[22.261699279487182,65.64582198306896],[22.262511527777413,65.64560265368479],[22.263504598249824,65.64447265129164],[22.26358530746948,65.64320598213573],[22.265009332199245,65.6420553026146],[22.26442806393496,65.64154197454884],[22.265290220679862,65.64150063159582],[22.26519009230778,65.64114463252697],[22.267195211382823,65.64050725932647],[22.268187893041592,65.63937723003578],[22.267436780154245,65.6367072511482],[22.268579536476988,65.63611121678655],[22.274206400788778,65.63559004883335],[22.272869189999998,65.63084023],[22.294412919999992,65.62980408999998],[22.29485450055069,65.6301574521891],[22.29637693367282,65.6293624747065],[22.29501283846632,65.62762411051976],[22.292607635231267,65.62683792341336],[22.29174601743548,65.6268794162593],[22.288278635087494,65.62542268699201],[22.288107222676736,65.62326606231974],[22.286915301293202,65.62368424258365],[22.28174611063768,65.62393292733788],[22.28012327484726,65.62437177146866],[22.279842870172118,65.62492646527348],[22.277638805830897,65.62485201113584],[22.276596953805733,65.62580409783784],[22.273300729992243,65.62650366644169],[22.272439086169584,65.62654504991387],[22.270896271860195,65.62571712800289],[22.269703954661793,65.62613517689002],[22.26711903006569,65.62625925129291],[22.26635745654204,65.62665659862265],[22.26506496208627,65.6267186131367],[22.263541701462927,65.62751328445412],[22.263691766320488,65.62804728594266],[22.263160871791474,65.62771195003455],[22.26229916845472,65.62775327650718],[22.262830052881775,65.62808861552772],[22.261687505164314,65.62868460461017],[22.260394896408712,65.62874658045534],[22.259683144814137,65.6293218977654],[22.253151199414756,65.62783090158985],[22.252370725024637,65.62660550289294],[22.25546770697107,65.62519436817325],[22.256329338554742,65.62515308118668],[22.25699108748392,65.62439977673395],[22.25785268980795,65.62435848138072],[22.257752742908824,65.62400247561548],[22.25904512331839,65.62394052448745],[22.25975674826039,65.62336521137927],[22.26104909122432,65.62330324354566],[22.26551807051749,65.6205632663714],[22.26377582447287,65.61902326604084],[22.261372353414075,65.61823656708097],[22.259942184087713,65.61469718395388],[22.26070351691298,65.61429987113048],[22.26073438519903,65.61285520003496],[22.265501623322415,65.61118324980605],[22.264390530427207,65.61033458151192],[22.260946011588263,65.61049986374476],[22.260615365588034,65.61087652276979],[22.25650932120782,65.61179502239784],[22.256228529667748,65.61234967632404],[22.254125426307056,65.61263087759762],[22.253413955981483,65.61320616283193],[22.251741377142814,65.6134666968217],[22.250218456054697,65.61426123115834],[22.250318254657902,65.61461724334247],[22.24902631260276,65.6146791158991],[22.250368155089717,65.61479524939867],[22.25094851835271,65.61530864012856],[22.248745332494796,65.61523375778783],[22.247784246796744,65.61491898459278],[22.243096863047796,65.61532372773421],[22.24491924554432,65.61559731166643],[22.25013710325139,65.61552789963385],[22.25033671296797,65.61623992391578],[22.248813589979395,65.61703444609228],[22.248913382180145,65.61739045925646],[22.24800210299873,65.61725369487196],[22.247371866954374,65.61656228558529],[22.23860861555035,65.6164403703185],[22.237366365115808,65.6166801554938],[22.234583006003454,65.61609162295078],[22.21879619019037,65.61738636994481],[22.21717265504906,65.61782454740484],[22.211092708297482,65.61793386500034],[22.209518633987418,65.61854998371348],[22.207795626859255,65.61863201871554],[22.20411719120823,65.61952862317374],[22.20335482643567,65.61992566179175],[22.20365238439722,65.62099380806129],[22.204994374420195,65.62111034146882],[22.203271180378476,65.62119232688744],[22.202939561860564,65.62156886939701],[22.20164713879677,65.62163034305803],[22.201018015328344,65.62093873066326],[22.197754636959175,65.62019198049917],[22.195169891454913,65.62031482751907],[22.193644814707724,65.62110881433362],[22.18895537940846,65.62151190416238],[22.18905437245775,65.62186796423939],[22.18743004046223,65.62230583101984],[22.18441418762048,65.62244894609596],[22.17689215731822,65.62208412428299],[22.175366409458356,65.62287793377818],[22.1747517085983,65.62380893992163],[22.17020958187817,65.62474556567672],[22.165887431691527,65.62332677417909],[22.163733068229792,65.62342870126297],[22.16401595481006,65.62287419901617],[22.162144542423352,65.62242160015356],[22.161565752065982,65.62190785506374],[22.16223019972887,65.62115493870789],[22.16153990585736,65.61866236902607],[22.163065843959362,65.6178686967186],[22.16291791693025,65.61733457577776],[22.16401297611289,65.6165612734277],[22.163815727579333,65.61584911348302],[22.162043427485226,65.61575258867401],[22.16174765116182,65.61468434388644],[22.16531517030828,65.61180993889108],[22.165216548448036,65.61145385975931],[22.163493843512864,65.61153538873869],[22.16072548184294,65.61256822452962],[22.161833323495777,65.6134176824296],[22.161119761545887,65.61399255431776],[22.161464795364644,65.61523884165176],[22.160603311914162,65.61527958853627],[22.161132635996985,65.61561529792185],[22.15955748364305,65.61623090847199],[22.158991636428365,65.61733989658703],[22.15413019067972,65.62027523600213],[22.154708797020014,65.62078901121856],[22.153847116878378,65.62082972161762],[22.15223458011382,65.62288996601067],[22.15296097157081,65.62393788055634],[22.151249688907836,65.62564202849612],[22.151594435855024,65.62688834087115],[22.150732547601432,65.62692903556979],[22.15126199211363,65.62726477820334],[22.153035048661998,65.62736142171447],[22.15413081352206,65.62658818402811],[22.157147347356762,65.62644566433897],[22.157245927245523,65.62680174906656],[22.15810779897633,65.62676101753573],[22.158206393467403,65.62711710149874],[22.160028771953822,65.62739170502402],[22.160656977344768,65.62808349599864],[22.163722979286888,65.62811888513667],[22.163624304623077,65.62776280552906],[22.165397433317988,65.62785930392064],[22.16572967715693,65.62748283754752],[22.167022493457676,65.62742166606365],[22.16773627592436,65.62684676437111],[22.168598129312286,65.62680597344098],[22.168499393860877,65.62644989758154],[22.17012431273157,65.62601222785803],[22.1699761847611,65.62547811576742],[22.179123848619856,65.62540550745148],[22.180317632870914,65.62498815654352],[22.180119860489057,65.62427602289821],[22.182655626943625,65.62397539520086],[22.182472047088805,65.62488599352207],[22.181278303091304,65.62530336099219],[22.182005933981113,65.62635112450168],[22.179816044989668,65.62789797864849],[22.181638693141,65.62817232008364],[22.182733625885408,65.62739888392733],[22.183595469175433,65.62735800792527],[22.184739788279185,65.62676259013374],[22.18459135478227,65.62622849525614],[22.187162201916223,65.6244830971602],[22.194006487363744,65.62397773178819],[22.194818654351014,65.62375876536593],[22.194719573656403,65.62340270989894],[22.19763635034024,65.62290333639464],[22.19916140504849,65.62210930968506],[22.20385077135396,65.62170590510087],[22.20542517105755,65.62108984207435],[22.207628765496516,65.62116534961604],[22.208208441225516,65.62167891036675],[22.214239615040192,65.62139167958222],[22.21844811243375,65.62083033189067],[22.21864690319945,65.62154240567442],[22.221231636769172,65.62141915883328],[22.223667144606495,65.62076181900875],[22.223998449844146,65.62038523423635],[22.226102527670395,65.62010444129277],[22.226814791827184,65.61952927655723],[22.23064173549615,65.61916617103383],[22.23140365292733,65.61876899965905],[22.234749888144062,65.61824835134584],[22.23503119810674,65.61769373221108],[22.236273519248137,65.61745396547505],[22.236124091255757,65.61691993072293],[22.24656038189649,65.61678152663505],[22.24805199367371,65.61743170178158],[22.247440037817878,65.61836297533152],[22.246297545695235,65.61895884802861],[22.24543610022038,65.61900007625226],[22.244873891085668,65.62010934858576],[22.243300510452254,65.62072581099278],[22.243699463651026,65.62214987980657],[22.245041673539145,65.62226605686065],[22.246252458462376,65.62347088267329],[22.249748725016687,65.62348392247954],[22.249898478442223,65.62401794062538],[22.24860606791918,65.62407981414006],[22.24784426749375,65.62447707074634],[22.246982642082273,65.6245183094928],[22.246882843334042,65.62416229513823],[22.245590416980875,65.62422414312068],[22.245690198311934,65.62458015849363],[22.243304792456623,65.62541585819868],[22.24383538527726,65.62575126648066],[22.243123340202338,65.6263265089595],[22.24380360028103,65.62719594285569],[22.243789924524993,65.63026330380681],[22.244751542780264,65.63057809712096],[22.244901242788206,65.63111212068995],[22.244039391723913,65.63115334490526],[22.24466991658065,65.63184476517539],[22.243808040771132,65.63188598831607],[22.24390783314962,65.63224200473644],[22.24476972057835,65.63220078091682],[22.244438578445024,65.63257740942007],[22.245300475985243,65.63253618248888],[22.24520066316171,65.63218016718257],[22.248267166497076,65.63221384346333],[22.249460113186732,65.63179595695358],[22.254200316879256,65.63156899368359],[22.255112134370012,65.63170571560573],[22.255262055160042,65.63223972680802],[22.25622388336699,65.63255444539182],[22.2574667031751,65.63231450031097],[22.257316736552287,65.63178049173072],[22.257897635490927,65.63229385062562],[22.26038319435594,65.631813923658],[22.260352343944344,65.63325859434623],[22.25949045125681,65.63329990670394],[22.259640473132475,65.633833912596],[22.258066637650046,65.63445053247436],[22.25618063575577,65.6370664647321],[22.257292659351332,65.63791518400446],[22.259016756414603,65.63783257633838],[22.258454768709395,65.63894189669891],[22.260367394585398,65.64263862377656],[22.25950519061763,65.64267993922986],[22.25889310415472,65.6436112600847],[22.25764976203978,65.6438512218819],[22.25774979961295,65.64420722679431],[22.256937552648978,65.6444265306945],[22.25483187253106,65.64470776668527],[22.25295733912918,65.64425631851071],[22.253057314248622,65.64461232711673],[22.251432699079555,65.64505088153413],[22.251582637066086,65.64558489615982],[22.2502891579784,65.64564679434174],[22.250439076592656,65.64618081028168],[22.24762069184323,65.64703722602181],[22.24632712902263,65.64709909126032],[22.24432097948449,65.64773619873147],[22.24335871730764,65.64742140894163],[22.240340320284684,65.64756566011282],[22.23919641138941,65.64816149290888],[22.23752144278583,65.64842189314018],[22.23792059198803,65.64984597499134],[22.23644505090881,65.6508184052909],[22.236263229450834,65.65172905125344],[22.235167320935606,65.65215781893697],[22.236850050145392,65.65816120945918],[22.237678280196125,65.65833603034291],[22.23774605149333,65.66013672779306],[22.238808583771718,65.66080756822356],[22.23799565750725,65.66102677730798],[22.2379136887245,65.66229344477142],[22.236669254539276,65.6625332452442],[22.236868930510294,65.66324528637816],[22.235342701415004,65.6640397030276],[22.235492440430004,65.66457373537783],[22.234629459846477,65.66461491703612],[22.234729277979604,65.66497093916249],[22.233152982350248,65.66558732426549],[22.23365202443648,65.66736743953778],[22.232307508866427,65.66725118397738],[22.231594114492204,65.66782638519189],[22.232941552686274,65.6726327061275],[22.232128208906747,65.67285188780885],[22.231946124098496,65.67376253099508],[22.23204594781004,65.67411855480793],[22.233340899372326,65.67405679787798],[22.233640441118194,65.67512486568815],[22.234885504100962,65.67488508400083],[22.236048477873926,65.67591195960986],[22.238788418988367,65.67632239269221],[22.240896840784316,65.67604135284536],[22.241078621301675,65.67513070188171],[22.244681880261357,65.67549980718742],[22.247935058987125,65.67462278751546],[22.248566812597698,65.67531417954876],[22.250393511949195,65.6755876559449],[22.250643731307655,65.67647767866445],[22.255392089806243,65.67625059965219],[22.258294239178483,65.67663881751021],[22.263833919999996,65.67637389999999],[22.264468310446205,65.67862361011952],[22.264727214251483,65.67832933741887],[22.266885656941618,65.6782259371331],[22.267648695870882,65.67782857309228],[22.269857263446024,65.67790312871256],[22.269827033588047,65.67934779491907],[22.26901380578378,65.67956717285516],[22.26878280921691,65.6802998506387],[22.267919368993155,65.68034122581606],[22.268019717256585,65.68069722087856],[22.26591123493495,65.68097863754538],[22.266061721559463,65.68151263244513],[22.265323131877373,65.68165502466175],[22.270563633212713,65.70023917730141],[22.27286023717794,65.69940753041163],[22.273141509940206,65.69885284134259],[22.275201089752706,65.69839331703236],[22.276979420179995,65.69848846129415],[22.277180538144744,65.69920043524677],[22.273744594089987,65.70098878020924],[22.272830218349323,65.70085219500365],[22.272498665570822,65.70122888850418],[22.272920971734038,65.70427550923867],[22.271112148483816,65.7056249862958],[22.272378531295296,65.70700754698787],[22.27095142157677,65.7081583249468],[22.2709715761826,65.70978098561388],[22.274962005124845,65.70995062677206],[22.275243334528625,65.70939593330421],[22.276921818757355,65.70913508317592],[22.276720614985955,65.70842310974587],[22.275122339483445,65.70741728768887],[22.27641883219327,65.70735514887674],[22.2779965622922,65.70673830133369],[22.277745050571426,65.70584833633662],[22.27464942589489,65.70419268199824],[22.28098006652558,65.70334793057711],[22.280447348035327,65.70301267294734],[22.28222601335199,65.70310775263412],[22.283421604101466,65.70268957384425],[22.283320941489887,65.70233359203479],[22.284235422014998,65.70247011315988],[22.284566817057858,65.70209339560279],[22.285430950398556,65.70205191917546],[22.28675638377283,65.7005450356041],[22.287620461228034,65.70050354727576],[22.288333454112127,65.69992808719415],[22.289629533712468,65.699865839774],[22.28991044902106,65.69931112315739],[22.290774479225583,65.69926961736581],[22.29110573967751,65.69889288685546],[22.293596986863164,65.69841236111584],[22.29349620442207,65.69805638719264],[22.29436018585023,65.69801486150061],[22.295504940533938,65.6974186053181],[22.2967287437619,65.6955556703412],[22.299601073342487,65.69487629404561],[22.29939937964114,65.69416435532433],[22.298103613572934,65.69422668297463],[22.29353243349926,65.69354442745838],[22.29107066339355,65.69258028919225],[22.290206856852414,65.69262179450996],[22.288760105625165,65.69215007642758],[22.287694962062236,65.6914796109321],[22.28739296456457,65.69041167381873],[22.289531067911096,65.68868529510416],[22.291208065535947,65.68842430166848],[22.2914888363814,65.68786958349925],[22.29278430372397,65.68780731510016],[22.29354721152617,65.68740982235549],[22.29309394950708,65.68580793643414],[22.29576380731932,65.68441669271499],[22.29566306065525,65.68406071985778],[22.297339695121252,65.68379966229371],[22.297238929702743,65.68344369066136],[22.29891550759545,65.68318261626322],[22.29881472342481,65.68282664585598],[22.30130428862615,65.68234601008062],[22.301203475568606,65.68199004153561],[22.303541652676614,65.68097541780027],[22.304405045372086,65.68093384073458],[22.305016289031855,65.68000234497124],[22.307836242039826,65.67914484910006],[22.307735354287765,65.67878888560743],[22.31380624792358,65.67705293167795],[22.315913852862895,65.67677085921608],[22.316524589411838,65.67583932208898],[22.315739553372165,65.67461429456701],[22.31817750230597,65.6739554146907],[22.323842251111387,65.67079525807056],[22.324705265627617,65.670753569368],[22.32407161354229,65.67006251268523],[22.324884063016874,65.66984284779342],[22.32463137340999,65.66895297178783],[22.323336940143818,65.66901550151404],[22.320977491332638,65.66840778662673],[22.316561782821058,65.66826011517165],[22.31577699554964,65.66703508538804],[22.318393245099525,65.66546549577386],[22.318572239211623,65.66455477969943],[22.320146386524883,65.66393752972313],[22.320706198050964,65.66282800275954],[22.32194982717719,65.66258752190387],[22.322509535089004,65.6614779892976],[22.324234946380493,65.66139462814031],[22.3250575160684,65.66087406385583],[22.32352067,65.65546158]],[[22.355772499910163,65.65698059388775],[22.35782725652573,65.65651999788058],[22.360110171075256,65.6553265861296],[22.36350910145072,65.65498104103479],[22.36201294242713,65.65739927942502],[22.359780692713805,65.6587706820748],[22.356330482602615,65.65893818629318],[22.354884481026193,65.65846709019738],[22.35468161159472,65.65775523639313],[22.355772499910163,65.65698059388775]],[[22.34862017052801,65.6533582654846],[22.347098003242802,65.65415376417434],[22.345804373405542,65.65421647746213],[22.34565243698181,65.65368257592958],[22.347605809943282,65.65286618467415],[22.34862017052801,65.6533582654846]],[[22.335008169008063,65.643914268897],[22.335058717806014,65.64409224058866],[22.334627664045083,65.64411311053361],[22.335008169008063,65.643914268897]],[[22.323325790144015,65.65819106343027],[22.3237570886851,65.65817022318882],[22.323807593781808,65.6583481990413],[22.323325790144015,65.65819106343027]],[[22.323807593781808,65.6583481990413],[22.324289403238016,65.65850533306721],[22.323858099642287,65.65852617486944],[22.323807593781808,65.6583481990413]],[[22.32071055493382,65.65976072816392],[22.32043068436163,65.66031549157647],[22.31865485520082,65.6602208311274],[22.320178259257407,65.65942560556132],[22.320407643384353,65.65869286546474],[22.323376292331538,65.6583690394545],[22.322867183106016,65.65965655052092],[22.32071055493382,65.65976072816392]],[[22.31728275928679,65.66154997753509],[22.318347381276176,65.66222024086383],[22.31624098108111,65.66250233539184],[22.315910525592063,65.66287911288101],[22.31413453346382,65.66278440117244],[22.313551812497387,65.66227127551376],[22.315226855615208,65.66201003608711],[22.3151259467305,65.66165407768132],[22.31728275928679,65.66154997753509]],[[22.315128625267537,65.64469503982157],[22.315179039639336,65.64487301943439],[22.314747953687426,65.64489383324945],[22.315128625267537,65.64469503982157]],[[22.31445487365509,65.66854218987685],[22.3145558056154,65.66889814849404],[22.314124319788732,65.66891896442712],[22.31445487365509,65.66854218987685]],[[22.31258969711481,65.67584870197693],[22.31345290160579,65.67580707534164],[22.313503377359602,65.6759850548912],[22.31258969711481,65.67584870197693]],[[22.313339625464625,65.66769392115471],[22.31344053814338,65.66804988070123],[22.313009065349828,65.66807069334064],[22.313339625464625,65.66769392115471]],[[22.313202685141402,65.64406636565963],[22.313253084841577,65.64424434605533],[22.31282200746643,65.64426515431849],[22.313202685141402,65.64406636565963]],[[22.312259028511974,65.67622547357148],[22.312640167040957,65.67602668186969],[22.312741109184504,65.67638264158226],[22.312259028511974,65.67622547357148]],[[22.301144290754227,65.67405482717909],[22.30157587458061,65.67403404715759],[22.301626264655653,65.67421203148093],[22.301144290754227,65.67405482717909]],[[22.301626264655653,65.67421203148093],[22.302108244384524,65.67436923419764],[22.301676655493214,65.67439001578009],[22.301626264655653,65.67421203148093]],[[22.299468323331,65.67431592026182],[22.299569076630636,65.67467189054888],[22.299137480250963,65.67469266499263],[22.298605141464794,65.67435746724585],[22.299468323331,65.67431592026182]],[[22.294972514039273,65.67543430331936],[22.294792633707292,65.6763450000789],[22.29258414831074,65.67627080600862],[22.29185055054224,65.67522363231313],[22.29324605544882,65.67551734222924],[22.294972514039273,65.67543430331936]],[[22.289713666023903,65.67695003198847],[22.290425992029707,65.6763745684686],[22.291771215840345,65.67649030283864],[22.290778241116932,65.67762048888747],[22.28775664751862,65.67776571353593],[22.28717408973716,65.67725248518578],[22.28851934652678,65.67736824801982],[22.288850377647048,65.67699152459521],[22.289713666023903,65.67695003198847]],[[22.286943626319477,65.67798518539931],[22.287044224823283,65.67834116547492],[22.286612555281636,65.67836190505471],[22.28608029813532,65.6780266626562],[22.286943626319477,65.67798518539931]],[[22.279098255787627,65.69513956085606],[22.279530212124392,65.69511883985258],[22.279580500124528,65.69529683244383],[22.279098255787627,65.69513956085606]],[[22.279580500124528,65.69529683244383],[22.280062750300498,65.6954541024459],[22.27963078888628,65.69547482501095],[22.279580500124528,65.69529683244383]],[[22.270881348267704,65.67532840447602],[22.270981713830313,65.67568439742612],[22.270550073061546,65.67570509110861],[22.270881348267704,65.67532840447602]],[[22.2690042962844,65.67487717887641],[22.266364359289547,65.67482329003963],[22.266264061133256,65.67446729338918],[22.26880363001882,65.67416518966877],[22.2690042962844,65.67487717887641]],[[22.26361003287995,65.65727600395519],[22.26317869124129,65.65729667381675],[22.263128604437863,65.65711867382961],[22.26361003287995,65.65727600395519]],[[22.25935225570087,65.62969855635353],[22.25892136782022,65.62971920973884],[22.25882138142335,65.6293632050718],[22.25935225570087,65.62969855635353]],[[22.259071353080373,65.63025321655948],[22.25864045573266,65.63027386923889],[22.258490479184264,65.62973986190805],[22.259071353080373,65.63025321655948]],[[22.2587404438748,65.63062987400622],[22.258309539963683,65.63065052580963],[22.258209557629627,65.6302945207022],[22.2587404438748,65.63062987400622]],[[22.25835953226366,65.6308285283274],[22.258459519129605,65.63118453329098],[22.258028605750688,65.6312051843884],[22.25835953226366,65.6308285283274]],[[22.25740013043746,65.67561332778217],[22.257831782309193,65.67559267134061],[22.25788187574226,65.67577067299025],[22.25740013043746,65.67561332778217]],[[22.25788187574226,65.67577067299025],[22.25836362687758,65.675928016615],[22.25793196993347,65.67594867461591],[22.25788187574226,65.67577067299025]],[[22.257647680373932,65.63140383705559],[22.25807859741243,65.63138318700427],[22.258178583001918,65.63173919216412],[22.257647680373932,65.63140383705559]],[[22.24629383493236,65.63140628981982],[22.24634374666483,65.63158429707126],[22.245912815057938,65.63160491394503],[22.24629383493236,65.63140628981982]],[[22.246045778406618,65.64765373161694],[22.246095726083936,65.64783173858403],[22.245664524577357,65.64785235735829],[22.246045778406618,65.64765373161694]],[[22.245962724639885,65.63178292134234],[22.246012634975965,65.63196092871571],[22.245581696805555,65.63198154471277],[22.245962724639885,65.63178292134234]],[[22.23688675290586,65.66486797418283],[22.236936677670894,65.66504598436141],[22.236505181282922,65.66506657996354],[22.23688675290586,65.66486797418283]],[[22.236405338334386,65.6647105592429],[22.236455259431033,65.66488856961517],[22.236023765200944,65.6649091638293],[22.236405338334386,65.6647105592429]],[[22.23592392958909,65.6645531427214],[22.235973847017416,65.66473115328728],[22.23554235494525,65.66475174611347],[22.23592392958909,65.6645531427214]],[[22.167045271760664,65.62435422667957],[22.167143977692803,65.62471030377442],[22.168337928705494,65.62429304551344],[22.16891690773843,65.62480676295056],[22.166331539322623,65.6249291246565],[22.16604868255826,65.62548363092377],[22.163463230535335,65.62560594456333],[22.16326591430912,65.6248937846117],[22.164029046128256,65.62449694016175],[22.167045271760664,65.62435422667957]]],[[[22.33680241623472,65.62528345186739],[22.336546111931725,65.62471534093928],[22.335405436008806,65.62531186638455],[22.33680241623472,65.62528345186739]]],[[[22.350942163534505,65.61804665573004],[22.35137014895984,65.61695977652097],[22.3525100942297,65.61636313823469],[22.353371246121437,65.61632130495194],[22.35446050179007,65.615546687786],[22.35532162285733,65.6155048437335],[22.35603086428939,65.61492910303274],[22.358183602474693,65.61482446208207],[22.35853809327897,65.61607020322091],[22.360260351202243,65.6159864637744],[22.360792232717703,65.6163214499725],[22.36046298056279,65.61669831255821],[22.35825945429143,65.61662502425456],[22.35808209158323,65.61753577110039],[22.36238796058136,65.61732639655474],[22.363147768097008,65.61692858499025],[22.364870064972532,65.61684479282142],[22.365199254255266,65.61646792128954],[22.366541649016227,65.61658302152102],[22.366440250137167,65.61622710205339],[22.369935435349987,65.61623738304925],[22.3704674452425,65.61657233405361],[22.369606318237963,65.61661426414811],[22.369753617394363,65.61713105213771],[22.3815644664359,65.61655618663865],[22.38085152723899,65.61624674794618],[22.381028082417032,65.61533598248896],[22.379153597283988,65.61488609258485],[22.378645810303006,65.61310654455846],[22.379886515872315,65.61286561817846],[22.380544350546263,65.61211181460126],[22.3814053071775,65.6120698240928],[22.38234115518146,65.61076115536864],[22.385581505405597,65.6098813166546],[22.38545595256713,65.6109700378263],[22.38398815867064,65.61194382342467],[22.384140588177868,65.61247768172329],[22.38505236708041,65.61261362312075],[22.383153967401665,65.61360840811898],[22.383255582732193,65.6139643142693],[22.38464873638882,65.61425720778331],[22.38442149457821,65.61499002360213],[22.38361126054861,65.61520998501909],[22.383814521890088,65.61592179633392],[22.384777245169754,65.61623569089721],[22.38430145525369,65.61642297009872],[22.399555809999995,65.6156805],[22.39701057,65.60678315],[22.383124698834866,65.60745896013074],[22.38071849735356,65.60813384038134],[22.3808200535692,65.60848974874988],[22.379681107534992,65.60908658989331],[22.380314644662402,65.60977741571004],[22.379023319211306,65.60984038927283],[22.37826396121563,65.61023827592011],[22.378517798298585,65.6111280513468],[22.37727716156555,65.61136896585201],[22.377530978192873,65.61225874313025],[22.37859503582049,65.61292858962041],[22.377784813976522,65.61314851979336],[22.377632510207462,65.61261465386931],[22.376720767597682,65.61247866750826],[22.37639179450669,65.61285556191052],[22.37327683207629,65.61264649491886],[22.373378307691763,65.61300240906095],[22.370314065435334,65.61297123843961],[22.369984992590727,65.61334811992647],[22.369123971419917,65.61339004624003],[22.36580624643058,65.61246898991546],[22.366894970321823,65.61169428869697],[22.368566203644605,65.61143249853586],[22.370034557351037,65.61045885669596],[22.36929986791301,65.60941206795054],[22.369958155652256,65.60809976135697],[22.332445729999996,65.60992545],[22.332106301820247,65.6087267024586],[22.33162291779875,65.60889663299554],[22.330327940027086,65.6120264604827],[22.333062465218415,65.61243524659345],[22.337798254707696,65.61220571564077],[22.33802679810783,65.61147295705828],[22.339089817655225,65.6121430907837],[22.338228776452475,65.61218484190297],[22.3380002336583,65.61291760078215],[22.33992439993379,65.61354597779786],[22.340785482923078,65.61350421664231],[22.342151825931552,65.61524214705291],[22.341492791436004,65.61599579576504],[22.342176033265844,65.61686475862714],[22.337924405866577,65.61868026468841],[22.350942163534505,65.61804665573004]],[[22.381049786802418,65.61082414661067],[22.38034121461636,65.61139999766311],[22.37948027808878,65.61144198193269],[22.380948216451298,65.61046823853698],[22.381809117886938,65.61042624628078],[22.38234115518146,65.61076115536864],[22.381049786802418,65.61082414661067]],[[22.388645382809052,65.6099121824267],[22.388418285255938,65.61064500281199],[22.387279425604067,65.61124190016278],[22.386418507821617,65.61128392363347],[22.386266039991245,65.61075006800208],[22.388645382809052,65.6099121824267]],[[22.385330391822105,65.61205875897033],[22.385760864982316,65.6120377507934],[22.385811686402846,65.61221570286831],[22.385330391822105,65.61205875897033]],[[22.384950733523038,65.61225771835356],[22.38538121034646,65.61223671121805],[22.385432029637858,65.61241466344114],[22.384950733523038,65.61225771835356]],[[22.38411659541797,65.61392230781648],[22.38454710061033,65.61390130276851],[22.38459791811603,65.61407925528825],[22.38411659541797,65.61392230781648]],[[22.37259413897786,65.61484489975047],[22.370390746409544,65.61477178635735],[22.37028930336104,65.61441586989707],[22.373733496471974,65.61424810778388],[22.37259413897786,65.61484489975047]],[[22.3627171919653,65.61694952999578],[22.362666517458454,65.61677156874728],[22.36309709069224,65.61675062391411],[22.3627171919653,65.61694952999578]],[[22.34415114524631,65.61767104743849],[22.344050047775845,65.61731511006414],[22.345873565034243,65.61758746975515],[22.34415114524631,65.61767104743849]],[[22.339520337113104,65.6121222134022],[22.339570842297174,65.61230018403705],[22.339140319941876,65.61232106159035],[22.339520337113104,65.6121222134022]]],[[[22.32747625010315,65.59237489832596],[22.32369473571234,65.59322354117838],[22.32255510151954,65.59381995986215],[22.320834164592537,65.59390325825554],[22.318074075930927,65.59493888212855],[22.314682302545272,65.59528334051748],[22.31316238042671,65.59607847718563],[22.311491533726333,65.59633965298724],[22.310832049787766,65.59709317286325],[22.309541151977406,65.59715555058186],[22.30921137641234,65.59753230696418],[22.307234129802914,65.59791533615083],[22.30814835766647,65.60115229949983],[22.313179032467335,65.6007683997331],[22.31376029498459,65.60128154118503],[22.31462102261775,65.60123993204556],[22.31492289035564,65.60230781671135],[22.313883279539006,65.60326013746821],[22.314285773244876,65.60468398546824],[22.315196933359676,65.60482035280185],[22.31486714957797,65.6051971215542],[22.31620876000879,65.60531267486016],[22.316410083579267,65.6060245951508],[22.317701401626,65.60596215482613],[22.319496248738464,65.60767949232435],[22.321268471599158,65.60777417818927],[22.321369212595368,65.60813013422906],[22.325293814421634,65.60812062756854],[22.32980379607711,65.60555682614769],[22.331149164306492,65.60534641080979],[22.32747625010315,65.59237489832596]],[[22.32484450220528,65.60345156450198],[22.325375667132054,65.60378668187596],[22.324034099831653,65.60367120925022],[22.32484450220528,65.60345156450198]],[[22.313609388736477,65.60074759749789],[22.314039744246607,65.60072679404858],[22.31409004846556,65.60090477513077],[22.313609388736477,65.60074759749789]]],[[[22.386848789999995,65.57119311999998],[22.38516588158686,65.56528779838035],[22.385389827438196,65.5664065865363],[22.38311567500349,65.56760029198307],[22.38225619115589,65.56764227762876],[22.382408272609837,65.56817614115033],[22.381650148307475,65.56857403256497],[22.38256036093901,65.56871000445048],[22.382005002066695,65.56981971532454],[22.379048886473296,65.57157375128523],[22.386848789999995,65.57119311999998]]],[[[22.60029755074148,65.58768042636048],[22.599457419563265,65.58755638760468],[22.59920853263693,65.58773516592336],[22.60029755074148,65.58768042636048]]],[[[22.6032969977349,65.58752965897048],[22.602687269696574,65.58667202073813],[22.601345514092195,65.58655900465305],[22.60064252394737,65.58713582538788],[22.601109047249356,65.58763963643794],[22.6032969977349,65.58752965897048]]],[[[22.61032346232012,65.59006747514448],[22.61077889984089,65.58897225250769],[22.611638636340444,65.58892896758292],[22.612341425267452,65.5883520978824],[22.615780257884484,65.5881788946107],[22.61766775691315,65.58718131435857],[22.619387080833924,65.58709466298073],[22.620896917476617,65.58629656638236],[22.619734080887003,65.58382823897846],[22.618822182044294,65.58369371052777],[22.618717490422664,65.58333799560634],[22.617428182679536,65.58340297837772],[22.617417105016955,65.58484750163746],[22.616180050160956,65.58509033265744],[22.616284715616555,65.58544604960362],[22.612666650666377,65.58797473198653],[22.609751133426062,65.58812152189383],[22.61032346232012,65.59006747514448]]],[[[22.47376494557695,65.63910211683532],[22.472127282889904,65.63901642835373],[22.472042214070584,65.6391872379316],[22.47376494557695,65.63910211683532]]],[[[22.37953274,65.85122038],[22.40125569,65.85016734],[22.39868195,65.8412703],[22.395146959196502,65.84144164854484],[22.394351437788746,65.84185516287641],[22.392179898052817,65.84196050014786],[22.39077011762035,65.84165380339242],[22.37696638,65.8423229],[22.374401969999997,65.83342535999999],[22.36483676821753,65.83388688261664],[22.366088659179606,65.83546515335418],[22.364785977968122,65.83552811602874],[22.362819603005736,65.83634485366507],[22.359447971915504,65.83686857143896],[22.35921840382102,65.83760137168342],[22.360086939616977,65.83755942867906],[22.36067475739019,65.83807232605098],[22.359474281826945,65.83849115869145],[22.35150368401385,65.83833455894037],[22.35096715838307,65.83799958538117],[22.34917891293109,65.83790540191782],[22.34762058780852,65.83707841169641],[22.34593457757041,65.83734011397972],[22.347824962835787,65.8377902600001],[22.34754396001341,65.83834508389378],[22.348412543757096,65.83830320681744],[22.348565849057948,65.83883709204443],[22.35068622179151,65.83855441442162],[22.353343101476682,65.83860667464064],[22.35344537387996,65.83896259418368],[22.355565699290494,65.83867984927798],[22.35566800278594,65.8390357670352],[22.35658775277216,65.83917180218464],[22.359678998256502,65.83920298785338],[22.361569753992903,65.83965296020621],[22.363792459220154,65.83972601410663],[22.363614205577434,65.84063677552301],[22.358887865993253,65.84104547423539],[22.357482541181675,65.84075246227157],[22.35830001204927,65.84053257033716],[22.35776335146568,65.84019762194552],[22.353701068513434,65.83985239260969],[22.351810430338944,65.83940232173588],[22.352576777722135,65.83900449999794],[22.350788457195584,65.83891033609704],[22.351427247786305,65.83960123124753],[22.352832442818872,65.83989430016011],[22.353420173317733,65.84040722627913],[22.354671986212388,65.84016639865267],[22.354774284446506,65.84052231705718],[22.355642927541894,65.84048039829797],[22.357636052219185,65.84128633641862],[22.362030538922326,65.84125456745183],[22.362184147931146,65.84178843608892],[22.36131547348296,65.84183039234496],[22.361852215092856,65.84216532747953],[22.36049798866241,65.84205030054927],[22.359680489686795,65.84227020451402],[22.360217219808007,65.84260514550276],[22.358914159823392,65.84266806171844],[22.36070276744128,65.84276212773516],[22.36129072251794,65.84327502141534],[22.363896882985845,65.84314913693738],[22.36461192486718,65.84257330018853],[22.3659149633047,65.84251033557757],[22.366144375497687,65.84177752677452],[22.36777921362867,65.84133764681926],[22.367625491760343,65.84080378489018],[22.368774690291698,65.84020693493105],[22.370077596647796,65.84014393607748],[22.370180107874123,65.84049984211555],[22.371636824201644,65.84097068847677],[22.372505449388765,65.84092867399977],[22.372607997955523,65.84128457804972],[22.371663923829537,65.84259326601867],[22.36959472573426,65.8430541888155],[22.36606866192815,65.84304419944795],[22.364868048826676,65.84346307579106],[22.365277887725327,65.84488671546916],[22.364025951552627,65.84512763118501],[22.362978864906776,65.84608036009219],[22.363720624027323,65.84712711022492],[22.365995225951824,65.84737808109686],[22.366021998641592,65.84900066273632],[22.365204330586586,65.84922059787522],[22.362060655782837,65.84901157953283],[22.36241921905087,65.85025727131921],[22.3616014795558,65.85047718785961],[22.36137187352195,65.8512099916745],[22.35861127481126,65.85080196893266],[22.35779348440355,65.8510218655796],[22.3568221111131,65.85070788374134],[22.35669474510689,65.85179659803363],[22.3558257218503,65.85183852640425],[22.35679712691575,65.85215251427192],[22.356618563148025,65.85306327045151],[22.357538825171464,65.85319929497648],[22.35666975616428,65.85324122858398],[22.35649118248432,65.85415198470633],[22.35534108636519,65.85474875079258],[22.3531170936752,65.85467558620488],[22.35240146862002,65.85525137468856],[22.351481157826438,65.85511531969225],[22.350816642678684,65.85586906139817],[22.35132827344358,65.85764866421835],[22.350024424916672,65.85771151213086],[22.34935980363219,65.85846524850785],[22.350791884100644,65.86038091955272],[22.346752083103826,65.86165813062313],[22.347007817233813,65.86254793980771],[22.34667540795831,65.86292480273197],[22.345805988852785,65.86296667789154],[22.345396818002474,65.86461021048471],[22.348414542589467,65.86590826548523],[22.353299228088115,65.8660337231249],[22.355216925097864,65.86503912551427],[22.35496087699204,65.86414933307026],[22.356213821440523,65.86390848202714],[22.356111391463184,65.86355256587034],[22.353989030744692,65.86383533774836],[22.353017208175956,65.86352133602206],[22.35347706785792,65.86205574703877],[22.354244046081043,65.86165791094332],[22.35598275959635,65.8615740608845],[22.356519860670083,65.86190901130283],[22.35738922302201,65.8618670757487],[22.35802879719548,65.86255793575532],[22.359332868039186,65.86249501743632],[22.359460149168463,65.86140630179123],[22.360329488755593,65.86136434973152],[22.360942614517928,65.86043261187731],[22.362578716413694,65.8599927755315],[22.36247621705252,65.85963686429918],[22.359995628208274,65.85867402475571],[22.361094549303438,65.8578992668466],[22.360940847289307,65.85736539802727],[22.362857613187007,65.8563707134304],[22.363113841545715,65.85726049094184],[22.364034287712965,65.85739647458918],[22.364546869963025,65.85917602403002],[22.363728869250362,65.85939595444667],[22.36388264374755,65.85992981976632],[22.365289102040222,65.86022276198979],[22.36603139696278,65.86126949574175],[22.36690071903609,65.86122750647597],[22.36661990304796,65.86178236361567],[22.367489241311716,65.8617403708482],[22.36733537890061,65.86120651000023],[22.367872618060545,65.86154141920443],[22.369176608373134,65.8614784176754],[22.369330510980397,65.86201227628536],[22.366160801117605,65.8632479848781],[22.367364874071992,65.86589629593438],[22.36828565408756,65.8660322507862],[22.368569210948024,65.86854459496668],[22.369490092899174,65.86868054159017],[22.369157942640093,65.86905745090446],[22.370999759052506,65.8693293310105],[22.371102422910738,65.86968523494326],[22.371920681502594,65.8694652626069],[22.37430006196765,65.87007199293085],[22.376501606489207,65.8715894585933],[22.37941891787559,65.87253097961651],[22.380162171405207,65.87357763552617],[22.381953006875737,65.87367143140983],[22.381976524384218,65.87222681098089],[22.38100404492253,65.87191299349537],[22.380055219769574,65.870154548378],[22.37859666385554,65.86968379993914],[22.375066943760952,65.869674053301],[22.37307102532503,65.86886836941892],[22.37281431318158,65.86797861326161],[22.37424528169275,65.86682684455394],[22.3739885533847,65.86593709051836],[22.375676123773644,65.86567506365789],[22.379078840158954,65.86677352561267],[22.380410836432116,65.86833299568345],[22.382252711966025,65.86860473965966],[22.38382059384507,65.86606908671628],[22.37953274,65.85122038]],[[22.353989030744692,65.86383533774836],[22.35365670936061,65.86421221501269],[22.353119595155725,65.86387725466163],[22.353989030744692,65.86383533774836]],[[22.384852402168907,65.84556355151577],[22.3825264404818,65.84513491354663],[22.38237238531344,65.84460106967232],[22.383138400648225,65.84420309783148],[22.386127502879408,65.84387784737591],[22.386230254023864,65.84423374032728],[22.38952770872428,65.84497610083073],[22.390144576427947,65.84711144030454],[22.387052375844025,65.84708088035987],[22.384852402168907,65.84556355151577]],[[22.377513971119356,65.86287967277444],[22.379355422750216,65.86315145570904],[22.379177607684714,65.86406223100809],[22.377209564814812,65.86487916982247],[22.375368009289765,65.86460736203104],[22.375111268739857,65.86371760999319],[22.375826603092662,65.86314171799138],[22.377513971119356,65.86287967277444]],[[22.376589603886128,65.85967657734223],[22.37664095097051,65.85985452729938],[22.376206323100263,65.8598755499312],[22.376589603886128,65.85967657734223]],[[22.37012612503744,65.83725468440433],[22.371863127352274,65.83717067006974],[22.37255370082326,65.83803942421729],[22.370101859888166,65.83869931025464],[22.3682622695755,65.83842739803592],[22.37012612503744,65.83725468440433]],[[22.36093069138219,65.83896211008195],[22.360981880518555,65.83914006681407],[22.360547587210508,65.83916104172118],[22.36093069138219,65.83896211008195]],[[22.359576638483333,65.8388470733218],[22.35962781798031,65.83902503059994],[22.359193525287864,65.83904600165124],[22.359576638483333,65.8388470733218]],[[22.357354018046014,65.8387739572646],[22.357405181996928,65.83895191543611],[22.35697088836254,65.83897288017693],[22.357354018046014,65.8387739572646]],[[22.356997051397826,65.84059546925006],[22.356945886343144,65.84041751095326],[22.35738020438556,65.84039654605013],[22.356997051397826,65.84059546925006]],[[22.355591772127703,65.84030243945539],[22.356026089553232,65.84028147840827],[22.356077247921267,65.84045943707719],[22.355591772127703,65.84030243945539]],[[22.347647132091723,65.86323884571263],[22.348516556800433,65.86319696002806],[22.348567717962336,65.86337492117148],[22.347647132091723,65.86323884571263]],[[22.347314723912188,65.86361571001586],[22.347698287333927,65.8634168072034],[22.347800600157125,65.86377273011092],[22.347314723912188,65.86361571001586]]],[[[22.345649440389447,65.83481267445536],[22.339004892556915,65.83513327502102],[22.337556199870146,65.83575907518228],[22.33975254162164,65.83727711943793],[22.345500299919056,65.837361045954],[22.34437639047446,65.8365130893396],[22.343507859261663,65.83655494296282],[22.34465744429972,65.83595827078337],[22.344402108823772,65.835068453785],[22.34493848662651,65.83540345181872],[22.345806976183322,65.83536159045819],[22.345649440389447,65.83481267445536]]],[[[22.45425948586891,65.80528262353975],[22.455336369504458,65.80477804770133],[22.457122618069718,65.80487100757264],[22.457019076660362,65.80451517014622],[22.45831991767115,65.80445143869179],[22.460746947389133,65.80523478145082],[22.461614192341475,65.80519227368514],[22.46151058736725,65.80483643992669],[22.462481434143797,65.80514976102049],[22.464701349128706,65.805221373536],[22.464008630891538,65.80435305759852],[22.464875839706636,65.80431053164476],[22.464772193963142,65.8039547004991],[22.4655875602868,65.80373425509177],[22.465276611389825,65.80266676300865],[22.463650520103556,65.80201046152087],[22.453453039999996,65.80251055],[22.45425948586891,65.80528262353975]],[[22.461025172805023,65.80467977697722],[22.460539764126743,65.80452311242601],[22.461406985542915,65.80448060606733],[22.461025172805023,65.80467977697722]]],[[[22.45604104,65.81140653],[22.434353469999998,65.81246700999999],[22.436936079999995,65.82136336999999],[22.45863102,65.82030245],[22.46076196291027,65.8203923507917],[22.46086563275879,65.82074818443128],[22.45903842425021,65.82170071041467],[22.46122296,65.8291983],[22.439520659999996,65.83025966],[22.4421072,65.83915589],[22.475878819364674,65.83750168900463],[22.477515736608815,65.8370753677286],[22.476925634541075,65.8365629429526],[22.480190661054458,65.83568084061413],[22.481336968765206,65.83508317265569],[22.481563020860996,65.83435022417994],[22.48281327631647,65.8341083619345],[22.482605203608095,65.83339673156219],[22.480660880651712,65.83277036493006],[22.48083493454662,65.83185950904088],[22.487623521852942,65.83098461240988],[22.48871739837411,65.83020898715282],[22.490019443113255,65.83014497367512],[22.490557583798815,65.83047944238108],[22.493595696184208,65.83033002363408],[22.493873448482212,65.82977496392337],[22.49696356129301,65.82980338211371],[22.497293343437594,65.82942621879273],[22.49897719467621,65.82916286733196],[22.498768723198804,65.8284512628991],[22.49963667451608,65.82840853210487],[22.499532431747372,65.8280527304433],[22.5030041581451,65.82788176106517],[22.50296882849633,65.82625928997233],[22.504704563412748,65.82617377733416],[22.505468112398283,65.82577521674837],[22.504495962729653,65.8254621819904],[22.507862957489316,65.82493530855652],[22.507220384847358,65.82424510629866],[22.508469899780167,65.8240030412429],[22.507184807204116,65.8226226386211],[22.50621275883243,65.82230961380773],[22.504043421300814,65.82241651972251],[22.503887010731383,65.82188282217798],[22.505240734022138,65.82199658257439],[22.506385855288755,65.82139873822372],[22.50768740173368,65.82133457894919],[22.50900543235652,65.81982583952419],[22.50770396610405,65.81989000925327],[22.505812234013366,65.81944185638523],[22.50588104886093,65.81817518432307],[22.504804923070374,65.81750635154194],[22.5069738432571,65.81739943888977],[22.50751192455021,65.81773384840209],[22.508761123385135,65.81749178405616],[22.50929922958741,65.81782618702344],[22.511086546277223,65.8179185046003],[22.51188560286161,65.8191423793565],[22.513187018809937,65.81907817446424],[22.513725216174652,65.81941256093505],[22.51578982927396,65.81894973159945],[22.518011042020888,65.81902055570288],[22.519103499443865,65.81824472672972],[22.52290300963807,65.81769611330492],[22.52404752611143,65.81709814240598],[22.523456988403318,65.81658590182799],[22.523524933205433,65.81531923038915],[22.524392392602902,65.81527636368128],[22.524287871785607,65.81492058168034],[22.52619511523965,65.81392394423422],[22.52706252231335,65.81388106286211],[22.52695797142525,65.8135252829867],[22.52886500890773,65.81252861419718],[22.528514451184652,65.80983882851203],[22.527333574261487,65.8088143777174],[22.52485198637474,65.80785422631774],[22.524695251098464,65.80732055332271],[22.52377582249982,65.80718552771408],[22.524016147487206,65.80500796768288],[22.525055611242333,65.80405421221617],[22.523076071677107,65.80180591888949],[22.518271319606008,65.80041910048126],[22.516537373160162,65.80050474984533],[22.51534123094673,65.80092476410816],[22.515064220141696,65.8014798555499],[22.51376369837562,65.80154406768631],[22.512254593551674,65.80089668386563],[22.51186001046369,65.79963870707482],[22.496807559999997,65.80038126999999],[22.494782966386442,65.7934566700294],[22.49425526889202,65.79348266349436],[22.494206819999995,65.79148610999998],[22.472537899999995,65.79255183999999],[22.47373707568578,65.79666513851292],[22.474888948116263,65.79642029737504],[22.47473333059858,65.79588656229713],[22.47771558496723,65.79555958662445],[22.478045241762658,65.79518246613722],[22.478912114275108,65.79513986368295],[22.478374889167156,65.7948053450294],[22.47967517675284,65.79474143689708],[22.479086052757577,65.79422901096022],[22.47984908627731,65.7938305835878],[22.48114932031638,65.79376666341096],[22.483923526827343,65.79272793352321],[22.486575797428998,65.79277792099467],[22.48716503407598,65.79329031689407],[22.485968727565453,65.79371010239763],[22.485795035805403,65.79462096055109],[22.484650583393563,65.79521864384205],[22.484910283938166,65.79610818203729],[22.48317649448386,65.79619345063676],[22.482465371912813,65.79676980337894],[22.481598451658417,65.79681242649556],[22.481702295106697,65.79716824426532],[22.483436155974708,65.79708299172506],[22.48504821608447,65.79808648476128],[22.488134517894874,65.79811511879677],[22.489330988858864,65.79769531469168],[22.490301889624057,65.79800845819686],[22.490995305625773,65.79887664785663],[22.490665796213143,65.79925379488776],[22.487249793641237,65.79960235359177],[22.486364971706006,65.80108958421366],[22.481648047085105,65.80150198884097],[22.481751913930488,65.8018578063508],[22.480884821140304,65.80190042709805],[22.481110649159092,65.80116748151036],[22.47975812281206,65.80105349545691],[22.480573265363017,65.80083297214875],[22.48112876021499,65.79972289977141],[22.475596833993055,65.80035564218485],[22.474916512570953,65.80071073086725],[22.475131289999997,65.80144744],[22.47330689795692,65.80155085718681],[22.472751028706476,65.80266090472898],[22.4718838910196,65.80270347475313],[22.47283621057492,65.80446131464686],[22.471742899161217,65.80523682057877],[22.47210603160798,65.80648220906966],[22.469207398352953,65.80860950222288],[22.469952285223727,65.80965570502579],[22.471894572957655,65.81028222780154],[22.47258772708975,65.81115050368186],[22.473558947904426,65.81146375063716],[22.47279530719761,65.8118621524698],[22.472951000564045,65.81239588879505],[22.472083535633868,65.81243846314602],[22.472064948368793,65.81388304846644],[22.4708155600533,65.81412481426983],[22.471023120011584,65.81483646566687],[22.468401670811566,65.81640873047255],[22.468175370263037,65.81714166185175],[22.46671831534015,65.81667173987965],[22.465850694039926,65.8167142803227],[22.46722284763588,65.81538379482174],[22.465836702575412,65.81364718958352],[22.464431733110303,65.81335515844867],[22.463356878978697,65.81268602117385],[22.46248938523645,65.81272854126723],[22.462333906183154,65.81219479218872],[22.460184462631258,65.81085647794579],[22.459265223386573,65.81072106179998],[22.460080850024525,65.8105006432894],[22.459925437022147,65.80996689111555],[22.46079284287146,65.80992438645272],[22.459770031108615,65.80943313871464],[22.461886680563637,65.80914895387052],[22.462164918733286,65.80859394719279],[22.46336230366382,65.80817433791013],[22.463329575875832,65.80655183265347],[22.46085054374477,65.80559061581184],[22.459601443289753,65.8058322870001],[22.459705026716207,65.80618812226489],[22.45705139606997,65.8061376807217],[22.454808547279292,65.80716996485567],[22.45604104,65.81140653]],[[22.51616363899216,65.80972724069653],[22.516874338167366,65.80915073504785],[22.517725574947036,65.81055247352853],[22.51619971832093,65.81134970130333],[22.51489870178241,65.81141392797193],[22.51392699433572,65.81110094895392],[22.51453341755422,65.8101686626484],[22.51616363899216,65.80972724069653]],[[22.51482671726371,65.80816900443486],[22.516127570187017,65.80810477998504],[22.516231945105922,65.80846056899553],[22.515364698851418,65.80850338722857],[22.51482671726371,65.80816900443486]],[[22.503086606580467,65.81614728779643],[22.503138723164476,65.81632518746494],[22.502704954977883,65.81634656140591],[22.503086606580467,65.81614728779643]],[[22.49540010710306,65.8154430585863],[22.495243926490023,65.81490934995162],[22.49324868656331,65.81410522955198],[22.4987139157053,65.8147384950798],[22.502062747967233,65.81565633387955],[22.50265284133761,65.8161686615605],[22.500536102158414,65.81645341273403],[22.499564370209328,65.8161403424968],[22.49734344237046,65.81606924715847],[22.49540010710306,65.8154430585863]],[[22.482251120335405,65.80959312521489],[22.48051641299236,65.80967837254803],[22.480308640792654,65.8089667361435],[22.478314329263192,65.80816241145516],[22.47833257965868,65.80671782867496],[22.4793738222359,65.80576436730558],[22.478854589112284,65.80398526995963],[22.48097056692417,65.803700826953],[22.48247907026411,65.8043485260805],[22.482582962372856,65.80470434277916],[22.481715775468583,65.80474696916923],[22.481386058450603,65.80512409818274],[22.481541880799966,65.8056578244757],[22.486033856408202,65.80597836774136],[22.487057018624792,65.80646943597141],[22.48792425286492,65.80642677875856],[22.489346728146206,65.80527401679171],[22.494341702947704,65.80430631065043],[22.496197328132446,65.80313214069669],[22.496023955276417,65.8040430073822],[22.494393730389284,65.80448421417078],[22.494653879460113,65.80537373139117],[22.496700516366403,65.80635574230749],[22.496579195984427,65.80744451210167],[22.493699894841093,65.80812767491437],[22.493370314720902,65.8085048284856],[22.489901122397416,65.8086755540783],[22.488912165454888,65.8098069901549],[22.48917218988521,65.81069651794631],[22.487055737833412,65.81098107933929],[22.486396303114102,65.81173535974668],[22.484453560574888,65.81110902601036],[22.48370804178758,65.81006290018705],[22.482251120335405,65.80959312521489]],[[22.491825568596116,65.81976966514561],[22.489934111218634,65.81932131281319],[22.48983004668586,65.81896550279845],[22.488476544322253,65.8188516035815],[22.4883725022058,65.81849579235467],[22.486741238200153,65.81893692753137],[22.485387749462724,65.81882300079079],[22.48512775712537,65.81793346622666],[22.486273179603252,65.81733576985395],[22.485857181296137,65.81591251685909],[22.487766014850617,65.81491634433314],[22.489067289439127,65.81485234648407],[22.489969250589386,65.81643215776305],[22.491582820127878,65.81743556701824],[22.49250246070793,65.81757078454625],[22.49258913654826,65.81937116880147],[22.494098869544672,65.82001874103088],[22.494133607384846,65.82164121991708],[22.492085814550517,65.8206591858234],[22.491825568596116,65.81976966514561]],[[22.48948131659441,65.8298105029347],[22.489533372397318,65.82998840784357],[22.48909936043185,65.83000974549279],[22.48948131659441,65.8298105029347]],[[22.486851882434227,65.79673452113028],[22.487285336423746,65.79671319531833],[22.487337296754497,65.79689110189791],[22.486851882434227,65.79673452113028]],[[22.487337296754497,65.79689110189791],[22.487822716953357,65.79704768106316],[22.487389257874838,65.79706900845207],[22.487337296754497,65.79689110189791]],[[22.48636647399252,65.79657793876038],[22.486418427655167,65.7967558457181],[22.48598497208661,65.79677716908186],[22.48636647399252,65.79657793876038]],[[22.47318459636721,65.80263961788013],[22.473236473733042,65.80281753007105],[22.472802903131154,65.80283881709606],[22.47318459636721,65.80263961788013]],[[22.46860918619785,65.81712038558776],[22.46866106701694,65.81729829930335],[22.468227248137193,65.81731957574348],[22.46860918619785,65.81712038558776]],[[22.467256324615196,65.83360841073706],[22.467360148218532,65.83396423847334],[22.46692604715522,65.83398551395891],[22.467256324615196,65.83360841073706]],[[22.462361055453055,65.81832898241045],[22.462412896038497,65.81850689864068],[22.46154520437655,65.81854941529267],[22.462361055453055,65.81832898241045]],[[22.461422364413846,65.81963817179914],[22.461474201681806,65.81981608838059],[22.46104033326045,65.81983734487461],[22.461422364413846,65.81963817179914]]],[[[21.87082871,65.51437936],[21.861455201562542,65.514805203704],[21.857710937571753,65.51607125005201],[21.8509345896783,65.51673941247702],[21.84974026759961,65.51715417340532],[21.84983415761486,65.51751049811482],[21.848881446341274,65.51719312540526],[21.84635188716538,65.51748811595601],[21.846016307816207,65.51786391056858],[21.844681118382436,65.51774414121674],[21.843486648914205,65.51815885413507],[21.843721176865458,65.51904967730361],[21.839856129726588,65.51922477240147],[21.840566900487847,65.52027431699645],[21.844096458319193,65.52047499324374],[21.84600203496471,65.52110979145287],[21.846370374855997,65.52415804020512],[21.84841713551325,65.52532729481574],[21.85047092078348,65.5248735823017],[21.851954180813454,65.52390484410516],[21.853578281092148,65.52347057484167],[21.860020856428434,65.52317810289915],[21.861121213318675,65.52240694395937],[21.862745063416554,65.52197257862449],[21.86412759821563,65.52227034271402],[21.86364503960694,65.52373463456863],[21.86498061567831,65.52385423294666],[21.864839430386272,65.52331976329445],[21.866174989997557,65.52343935128457],[21.866033782968547,65.52290488294463],[21.869040194145246,65.52276818385037],[21.869281320105262,65.52203603093272],[21.871193169723917,65.52104757848406],[21.871098972941585,65.52069126992606],[21.87391663137776,65.51984185997675],[21.87739920558373,65.51986360484439],[21.87935267883235,65.52067612786261],[21.880159397015507,65.5220817733705],[21.877147949928634,65.52384161546593],[21.877430837584136,65.52491052682274],[21.87876653093043,65.52503000242712],[21.878525649251507,65.52576216813726],[21.876472304198767,65.52621625726678],[21.872983447768938,65.52781742446726],[21.87169475159301,65.52787605285705],[21.867487462382,65.53005064132182],[21.86686369597094,65.53098047619565],[21.865192282653794,65.5312367338826],[21.862896894867358,65.53242279354065],[21.86299103080188,65.53277910768806],[21.86184324579244,65.5333721260079],[21.862078565320882,65.53426291307238],[21.86121920338485,65.53430194011872],[21.861313324597717,65.53465825543311],[21.863508829147836,65.53473883393792],[21.862502185148312,65.53586632841345],[21.86675211181614,65.53549295038906],[21.86985981312202,65.53408960575543],[21.869765577711608,65.53373329681466],[21.87091319450712,65.53314021999121],[21.87048911143528,65.53153683241945],[21.874832500225352,65.53151954318908],[21.876027058341847,65.53110458211896],[21.87774551533224,65.53102635749138],[21.87936960814508,65.53059181157097],[21.880899275966616,65.52980094795294],[21.880804908573356,65.52944464708875],[21.884147147285873,65.52893177390821],[21.884482305790765,65.52855589877713],[21.886965243924074,65.52808211702376],[21.888017764138937,65.52713262016553],[21.89212410467339,65.52622410401858],[21.896943361629855,65.52636473569886],[21.898614133292266,65.52610813337338],[21.89956776527503,65.5264251841659],[21.901715343106634,65.52632707083542],[21.9030985377194,65.52662447261324],[21.90820533220608,65.52621068921708],[21.908871675594888,65.52708174461901],[21.910302368699686,65.52755721928506],[21.912974309557384,65.52779557317517],[21.91263957492452,65.52817150741556],[21.913498641908888,65.52813219120286],[21.913211312952576,65.52868626486024],[21.914117804432586,65.52882508320134],[21.91574113359969,65.5283901541666],[21.916457930795435,65.52781640919873],[21.9181760246482,65.52773772892122],[21.920897947416176,65.52653117955785],[21.922186443326314,65.52647213406885],[21.924096564746826,65.52548302970023],[21.925002998265686,65.52562178338891],[21.927437394141883,65.52496921374255],[21.928535800712204,65.52419758322415],[21.929824160603836,65.5241384739747],[21.934215346279107,65.52267473382125],[21.934739842407375,65.52301127673067],[21.93559869938807,65.52297183703216],[21.935074193147777,65.52263529719468],[21.936362458081994,65.52257613316449],[21.93712619368934,65.52218042565579],[21.939368384534884,65.52243804133997],[21.945332524901826,65.5219835532381],[21.94647788622372,65.52138992488771],[21.947336668458693,65.5213504192636],[21.94724143158533,65.52099416810545],[21.94915019401063,65.52000476023083],[21.95120173361242,65.51954970212134],[21.95186986317052,65.51879767491633],[21.95611559727775,65.51842182748325],[21.95931169612333,65.51899583338601],[21.95967866135121,65.5193257041319],[21.961979452331274,65.51921950292898],[21.963223455690898,65.51899581602984],[21.96312801249742,65.51863957681282],[21.964034400858015,65.51877809711456],[21.964749868939982,65.51820413597505],[21.966085573956224,65.51832284063067],[21.966419412050858,65.51794679667204],[21.968947542343663,65.51764981249235],[21.969281330693587,65.517273762684],[21.97114185550471,65.51772884098355],[21.97142475150245,65.51878352150229],[21.978327151540697,65.51846491664271],[21.9794420864501,65.51788636721882],[21.979346426957253,65.51753014028182],[21.983400093632497,65.51644108013551],[21.985975740743513,65.51632192654127],[21.98869329212939,65.51511419937384],[21.990410286422016,65.5150347094147],[21.992746184047594,65.51402489607622],[21.99803840457336,65.51269769752108],[22.0001844041639,65.51259820173676],[21.999565787606976,65.51352853335649],[22.000424214097233,65.51348872977573],[22.000616075037687,65.5142011518015],[22.002332965468216,65.51412152749177],[22.00285814989427,65.51445782762988],[22.005910718707995,65.51449653113534],[22.007912779559902,65.51386261465395],[22.010058829388136,65.51376297829307],[22.010343941543876,65.51320874218429],[22.010869208774444,65.51354501372283],[22.014683953272304,65.51318747155136],[22.013543807501254,65.51540444257952],[22.019123761283563,65.51514511485149],[22.020648225396208,65.51435288951185],[22.021506640122286,65.5143129663937],[22.021317974510467,65.51522341645051],[22.02055573961468,65.51561953443921],[22.0207481684962,65.51633192547563],[22.023461300000005,65.51637225],[22.02129919918119,65.50836829021793],[22.0202042751786,65.50788148529277],[22.018585918068595,65.50758210589993],[21.99960021,65.5084639],[21.999195447686194,65.50695978266977],[21.998173007685722,65.50674059875061],[21.99802921045936,65.5062062789383],[21.996550236885387,65.50555353007972],[21.993975709348106,65.50567285313637],[21.99364241962431,65.50604895275046],[21.99159270258241,65.50650456913117],[21.98859064693626,65.50826653845199],[21.987303230829564,65.50832613914288],[21.987159645323626,65.50779180700735],[21.989495037999493,65.50678204854708],[21.990828417261163,65.5052776801622],[21.992401085541427,65.5046638457958],[21.986393965418458,65.50494203220579],[21.986677925983965,65.50276497485942],[21.985342938239206,65.50264644520746],[21.984770390439348,65.5021319679873],[21.983912308179995,65.5021716794734],[21.98457906836655,65.50141952064928],[21.982719497596975,65.50096459847781],[21.982147039771974,65.50045011045863],[21.982384807399,65.49971780973983],[21.983242811913698,65.49967810765789],[21.984338519992814,65.49890609751415],[21.9878182451583,65.49892532764838],[21.988151534195357,65.49854924083868],[21.98829507865942,65.49908357249592],[21.987199482132766,65.49985561025261],[21.987438708512812,65.5007461645621],[21.989631637426363,65.50082493797788],[21.99015638314346,65.50116128643583],[21.995589867646512,65.50036852462878],[21.995494065531688,65.50001230917037],[21.997210042864634,65.49993275165194],[21.997114220601883,65.49957653740931],[21.998001504592054,65.49952152144267],[21.99987746908903,65.4985467371517],[22.000543677954468,65.49779451314343],[22.00016026238981,65.49636966540739],[22.001018124381748,65.49632986380499],[22.00173218001427,65.49575574104908],[22.003018937369916,65.49569602377831],[22.004923745400074,65.49470594968682],[22.00792602803614,65.49456653040082],[22.00863988366821,65.49399237690801],[22.013546404375923,65.49286270648084],[22.013834462187155,65.49393131222307],[22.013024708880394,65.49414928678588],[22.01283585354951,65.49505972831837],[22.01536120753168,65.49476199482235],[22.015316508256408,65.49620673942516],[22.012269218889738,65.49779105208326],[22.012365239735622,65.49814725483147],[22.011078387537935,65.49820705255718],[22.01012449039638,65.49789070727294],[22.00240331842075,65.49824921544186],[22.00116436893253,65.4984870343155],[22.0013081789517,65.49902135108502],[22.000542369261304,65.49940351955178],[22.01670301121221,65.4986529930355],[22.01831364110216,65.49730727907188],[22.016250349999993,65.48965749999999],[22.03768979,65.48865878],[22.03528257,65.47975415999998],[21.97098041,65.48274001],[21.974839843982867,65.49714211862657],[21.977043720927085,65.49599772565847],[21.978759502511835,65.49591837939764],[21.97942735588341,65.49678910983945],[21.976758997664927,65.49817477233816],[21.9751366678379,65.49824976534941],[21.97575352,65.50055165],[21.923740738940232,65.50293704803819],[21.923841755894156,65.50331654993143],[21.922077880627384,65.503217143794],[21.91959795589559,65.50369147355049],[21.91692567468173,65.50507611623898],[21.917020428245102,65.50543239107307],[21.916162113888518,65.50547172024261],[21.915875065393365,65.50602579654891],[21.91425311102809,65.50646071431851],[21.913631542368023,65.50739072155478],[21.912438665537763,65.50780596380771],[21.913057287857946,65.5084988654496],[21.909478365442478,65.50974455309377],[21.909238467190704,65.510476758623],[21.908379972993227,65.51051604530612],[21.906852254485806,65.51130716866713],[21.90556446469474,65.51136607700161],[21.901508212384464,65.51245307501046],[21.90160278801147,65.51280936111527],[21.900362190114723,65.51304636908327],[21.900504035069932,65.51358079945945],[21.90346185227013,65.51326528525631],[21.903698372164072,65.51415599657977],[21.902123004860677,65.51476893311786],[21.902264897134742,65.51530336138349],[21.899830738921807,65.51595552391012],[21.89959052104289,65.51668771703864],[21.898731805210282,65.51672695102837],[21.898538828248228,65.51763728682688],[21.89734524422153,65.51805241656335],[21.895623664473458,65.5197537686594],[21.893523848402555,65.52002993667644],[21.891089028568594,65.5206819646656],[21.890754061331126,65.52105785269704],[21.88946574694763,65.52111662885697],[21.888469706443892,65.51899844619186],[21.89009287520474,65.51856379372359],[21.89076275927865,65.51781202028035],[21.893102843269457,65.51680370767508],[21.89329600592695,65.5158933770651],[21.894824404710015,65.51510238434484],[21.894588177034045,65.51421165643801],[21.891535689095143,65.51417070568242],[21.890389362276586,65.51476392701966],[21.88423232456488,65.51612656611154],[21.881939113196413,65.51731289455358],[21.88065095959094,65.5173715941624],[21.880556649805047,65.5170152925242],[21.883519928530408,65.51507724191492],[21.88299624974014,65.51474051388026],[21.88213756785647,65.51477965336117],[21.88194893317266,65.5140670519838],[21.87980227374357,65.51416487626413],[21.878226330471783,65.51477756927773],[21.876461822659323,65.5146776370028],[21.874503520870093,65.51548799688025],[21.8732154370901,65.51554663252978],[21.873121236677843,65.51519032522756],[21.874220876203186,65.51441907760032],[21.874226273633237,65.51279615197113],[21.875613756648328,65.51147088967275],[21.87871817645136,65.51006739306764],[21.879576709657687,65.51002827437975],[21.88072308455961,65.50943513448564],[21.880628808382962,65.50907883252624],[21.88411473979669,65.50747751582358],[21.884020425906666,65.50712121631783],[21.88559577660601,65.50650846839264],[21.886171164799975,65.50540041822065],[21.887502666264428,65.50459899007835],[21.875929648713626,65.50512974911099],[21.874436268333447,65.5070170621771],[21.872243078199276,65.50693662059643],[21.871143683050224,65.50770785167951],[21.869174812193762,65.50811878590002],[21.87082871,65.51437936]],[[21.987261905788255,65.51463947259171],[21.986832661898937,65.51465933793008],[21.98678478853842,65.51448122721109],[21.987261905788255,65.51463947259171]],[[21.985734841186876,65.51380850952285],[21.986593302301806,65.51376878411067],[21.986736915898458,65.51430311646968],[21.985401333931097,65.51418459298559],[21.985734841186876,65.51380850952285]],[[21.97694448460898,65.48915002266733],[21.975324618791845,65.4895855756027],[21.974419197076358,65.48944711373831],[21.97503819224524,65.48851688110703],[21.977563382700488,65.48821978061117],[21.97694448460898,65.48915002266733]],[[21.97109408234672,65.51755072436502],[21.971523388190015,65.51753090310493],[21.971571164231754,65.51770901956071],[21.97109408234672,65.51755072436502]],[[21.908593916334514,65.52276709252834],[21.909216002966932,65.5218371013993],[21.911173666868457,65.52102629833192],[21.910412683731607,65.51979897308705],[21.911653503904905,65.51956188063842],[21.91222803663727,65.51845373968217],[21.914949294147295,65.51724730334652],[21.91623734830799,65.51718831263773],[21.91633214554685,65.51754458741833],[21.91809697541426,65.5176440515931],[21.918621161546252,65.51798065330067],[21.92072052851978,65.51770414118336],[21.920625670725308,65.51734786972204],[21.922582641823652,65.5165369254743],[21.923443633410205,65.51487465846667],[21.925734712135498,65.51368772106288],[21.926355984111396,65.51275766698554],[21.927214519278238,65.5127182778898],[21.928886106655042,65.51083845718686],[21.934944458263484,65.50911777432472],[21.934849444181648,65.50876151320591],[21.935707832578835,65.50872207728034],[21.936805332580096,65.50795039504149],[21.93938039855979,65.50783204027901],[21.93966696278001,65.50727792396417],[21.940191207586484,65.50761445042555],[21.94147871798027,65.50755524991224],[21.94391102419439,65.50690243469649],[21.94538977420225,65.50593282358379],[21.946248050463478,65.50589332889021],[21.94734511975236,65.50512157419581],[21.948584895966523,65.50488418865726],[21.955545980146404,65.50492419915666],[21.955879810550186,65.50454817845285],[21.9571671269185,65.50448884620697],[21.959884837630632,65.50328163496881],[21.96121975454665,65.5034003900472],[21.96074295853533,65.5048649362925],[21.96260244248561,65.50532012951831],[21.96388977843354,65.50526073985877],[21.964032871365777,65.50579509873185],[21.967608973324225,65.50617102389715],[21.967132495254713,65.50763558721324],[21.964557811810717,65.50937728758538],[21.964605742604277,65.51117828145316],[21.9637473262967,65.51121788165273],[21.962221279612336,65.51200954822329],[21.96231668119331,65.51236578844242],[21.961458221679397,65.51240537605719],[21.96155361460125,65.51276161683707],[21.95912122711288,65.51341471648645],[21.957642586070293,65.51438446070439],[21.95597317731626,65.51464170189276],[21.95587785220197,65.5142854569661],[21.954447093225,65.51381041379243],[21.950536099709563,65.51381019701424],[21.94910546192079,65.51333510217121],[21.94347748410068,65.51341372389314],[21.940662848729904,65.51426440055752],[21.940853086659413,65.51497691338703],[21.940042057625508,65.51519450883171],[21.940137170782016,65.51555076571688],[21.938849262649867,65.51560995854123],[21.938944361365557,65.51596621630968],[21.935080546406187,65.51614373227004],[21.93393514481438,65.516737274763],[21.932647161217684,65.51679641549148],[21.93274218055886,65.51715267789598],[21.93097733751716,65.5170533846927],[21.92902059571668,65.51786443537044],[21.928733699829998,65.51841853452204],[21.921911301695182,65.51891172961113],[21.92157680427158,65.51928768145227],[21.917854597688034,65.51999917004113],[21.915992030349642,65.52116633173156],[21.91470377932206,65.52122532219069],[21.913987116508284,65.52179905765863],[21.913128258750227,65.52183837469131],[21.912458928312244,65.52259024189036],[21.909929627088776,65.52288629289234],[21.90878335400875,65.52347965300024],[21.907924431519127,65.52351894109862],[21.90687611468951,65.52284566129471],[21.908593916334514,65.52276709252834]],[[21.914787237030577,65.52807320779026],[21.914357706037386,65.52809287014026],[21.91431029740915,65.52791473226569],[21.914787237030577,65.52807320779026]],[[21.906351976803087,65.52250901847424],[21.905445745819254,65.52237015116812],[21.90535107594998,65.52201386840922],[21.906734078560273,65.52231123877326],[21.906446662495696,65.52286530045576],[21.906351976803087,65.52250901847424]],[[21.865433816332875,65.51734299104531],[21.864575017158252,65.51738203192532],[21.864527971533107,65.51720387509155],[21.865433816332875,65.51734299104531]],[[21.865145566884685,65.51789698198081],[21.86471615828401,65.51791650229569],[21.8646691105337,65.5177383455274],[21.865145566884685,65.51789698198081]],[[21.86237485458453,65.51892438705148],[21.86103334326202,65.52042769561085],[21.858074159535885,65.52074239278251],[21.857456679216327,65.5200492559996],[21.858603995270133,65.51945627514633],[21.86237485458453,65.51892438705148]],[[21.843385540358593,65.5194254665991],[21.842956087020436,65.51944492556683],[21.84290918437943,65.51926676070038],[21.843385540358593,65.5194254665991]]],[[[22.25356598999999,65.40627147999999],[22.232203920000003,65.40730005],[22.229739779999996,65.39839911999998],[22.187024359999995,65.40044641],[22.184576300000003,65.39154457000001],[22.16322296,65.39256329],[22.168106659999996,65.41036773],[22.146737240000004,65.41138426000003],[22.152226671311368,65.43141864465143],[22.155678801319397,65.43171549292906],[22.157292018289034,65.43127807298875],[22.15757319183635,65.43072359835494],[22.16127595033685,65.43000640459125],[22.161984713789856,65.42943157750729],[22.1632677701695,65.42937053236555],[22.165601780084742,65.42998094144407],[22.167691316828513,65.42970109906003],[22.169597762307983,65.43033180725475],[22.170270123026945,65.43120164807355],[22.17198094774935,65.43112015734732],[22.17187025176756,65.42914132881698],[22.174583152905026,65.42955318111882],[22.17510875802002,65.42988887838851],[22.178053527125456,65.42956812385735],[22.17815149736544,65.42992420154252],[22.18157290912306,65.42976102425474],[22.18474912518616,65.42870758879644],[22.18693642535904,65.42878355519998],[22.187265987469026,65.42840706709083],[22.188219379681144,65.42872229882752],[22.189404208749654,65.42830496275577],[22.19121291401761,65.42857932510857],[22.193252960701773,65.4281210990249],[22.193582423307927,65.42774459809392],[22.195671461244153,65.42746437304292],[22.195524166900093,65.42693027690315],[22.19685611225161,65.42704698018667],[22.196624916723046,65.42777955102756],[22.19881216380955,65.42785534574124],[22.19866480285785,65.42732125332698],[22.199520036690366,65.42728035113365],[22.200655484751227,65.42668489869065],[22.200129623601573,65.42634929297398],[22.200935690684556,65.42613035284923],[22.206543547100498,65.42604234928656],[22.20644520899656,65.42568629368765],[22.207300374843413,65.42564534804804],[22.207958824693286,65.42489228878925],[22.20881396179816,65.42485133485069],[22.2102782667846,65.42387928101364],[22.211511716806843,65.42363980325703],[22.21131493047515,65.42292769954925],[22.212597529463153,65.42286623933207],[22.21249912359471,65.42251018834264],[22.2145055554979,65.42159027956427],[22.213298869999996,65.41722691999999],[22.256039109999996,65.41517193000001],[22.25356598999999,65.40627147999999]],[[22.171442578854528,65.42916170267762],[22.170159555711802,65.42922281702737],[22.170061697143762,65.42886673305605],[22.171442578854528,65.42916170267762]],[[22.16764240285443,65.42952305613248],[22.16721471974622,65.42954341810595],[22.16711689971366,65.42918733184752],[22.16764240285443,65.42952305613248]]],[[[22.152519391504793,65.43248696459528],[22.153258873634247,65.43237159148904],[22.153063589997426,65.43165939735091],[22.15232424461359,65.43177475095054],[22.152519391504793,65.43248696459528]]],[[[22.111267919999996,65.44011825],[22.113696559999998,65.44902145999998],[22.144866889504808,65.44754502823969],[22.14811923053123,65.44524136800882],[22.146016977935076,65.44389819041234],[22.14307017637124,65.44421833928924],[22.1425446779407,65.44388252941978],[22.141260852903834,65.44394340578641],[22.140491579214192,65.44271732353302],[22.139586977936965,65.44257984344412],[22.13948947441728,65.44222373624928],[22.14110361051282,65.44178648051162],[22.14071354584847,65.44036205574925],[22.1428041917173,65.44008254732377],[22.143134527939736,65.43970614818507],[22.146362313138265,65.43883154620492],[22.145963832480454,65.43847495496256],[22.111267919999996,65.44011825]]],[[[22.044922329999995,65.51537230999999],[22.045049899241455,65.51584277609732],[22.045951614231644,65.51532420286067],[22.044922329999995,65.51537230999999]]],[[[22.008891326058105,65.51704900565872],[22.011685910355048,65.51657273697238],[22.012400258274706,65.51599856122226],[22.01073132139897,65.51625640217972],[22.010398148619814,65.5166325375433],[22.006916070166984,65.5166138494507],[22.003754438695278,65.51728760715551],[22.008891326058105,65.51704900565872]]],[[[22.24822897578087,65.69867179072982],[22.247732254411627,65.69880559338065],[22.247981492591478,65.69779154947804],[22.245853861646992,65.69835409482742],[22.2448580749878,65.69948400749074],[22.246154257814126,65.69942212957378],[22.24648617630729,65.69904549001544],[22.24701837590617,65.69938087152865],[22.248312318792546,65.69896822281115],[22.24822897578087,65.69867179072982]],[[22.247782332503856,65.69898359847878],[22.24686815688167,65.69884685528469],[22.247732254411627,65.69880559338065],[22.247782332503856,65.69898359847878]]],[[[22.197933217035846,65.51852407116765],[22.199535445180206,65.51837186869432],[22.205072846981988,65.51683079856967],[22.197563230000004,65.51718944],[22.197933217035846,65.51852407116765]]],[[[22.17996914843096,65.5811588115037],[22.180037890894653,65.58153048490786],[22.18228742750381,65.5817844276877],[22.186619597495167,65.58084296421413],[22.17996914843096,65.5811588115037]]],[[[22.359092590616605,65.84175730409956],[22.357687224123318,65.84146429441824],[22.35789191953173,65.84217612616993],[22.358862976556033,65.84249010423915],[22.359680489686795,65.84227020451402],[22.359092590616605,65.84175730409956]]],[[[22.23874035428903,65.6153517132286],[22.238409325148833,65.61572832752506],[22.243096863047796,65.61532372773421],[22.23874035428903,65.6153517132286]]],[[[22.334543951410634,65.62535360093024],[22.334214207141443,65.62573041132735],[22.335075704868384,65.62568867852532],[22.335405436008806,65.62531186638455],[22.334543951410634,65.62535360093024]]],[[[22.759549291660452,65.56263192895108],[22.75997873535117,65.56260986293819],[22.759925477215084,65.56243206415672],[22.759549291660452,65.56263192895108]]],[[[22.744505581432996,65.5677368729687],[22.743593333231065,65.56760311252083],[22.74375281399457,65.56813652912163],[22.744665081857796,65.56827028840488],[22.744505581432996,65.5677368729687]]],[[[22.74208775422204,65.56840241247198],[22.74337642164434,65.568336355885],[22.743323262665797,65.56815855022387],[22.74208775422204,65.56840241247198]]],[[[22.701961055873078,65.68273720623337],[22.702286226959334,65.68235964204744],[22.701423254766457,65.68240348753197],[22.701961055873078,65.68273720623337]]],[[[22.702123521681344,65.67009247053062],[22.701692239919137,65.67011439133546],[22.70174536542161,65.6702922121225],[22.702123521681344,65.67009247053062]]],[[[22.641155335770875,65.63274604920313],[22.641260574674092,65.6331017431349],[22.64212170988408,65.63305827096025],[22.642447020028275,65.63268084019356],[22.641155335770875,65.63274604920313]]],[[[22.625868747737947,65.77033599135052],[22.625815897117086,65.77015814121314],[22.625435875631737,65.77035770516618],[22.625868747737947,65.77033599135052]]],[[[22.619813425464788,65.56631611447625],[22.619383938830257,65.56633777683541],[22.619436247598134,65.56651563443273],[22.619813425464788,65.56631611447625]]],[[[22.61933163085012,65.56615991921218],[22.619708804535037,65.56596039955957],[22.618472660975165,65.56620323994431],[22.61933163085012,65.56615991921218]]],[[[22.618027112687063,65.80755103741679],[22.618566401800962,65.80788504295734],[22.618460616967432,65.8075293383458],[22.618027112687063,65.80755103741679]]],[[[22.617487837737965,65.80721702982984],[22.617593607602917,65.80757273526392],[22.618027112687063,65.80755103741679],[22.617487837737965,65.80721702982984]]],[[[22.61502930584046,65.60193435604515],[22.614599226523204,65.60195601089018],[22.614651588966094,65.60213386963538],[22.61502930584046,65.60193435604515]]],[[[22.598729759724684,65.6623162933495],[22.59878216021621,65.66249415725558],[22.599213258712748,65.66247253695437],[22.598729759724684,65.6623162933495]]],[[[22.592736157098784,65.80682936975087],[22.592788869845446,65.80700723275089],[22.593222390481426,65.80698560523494],[22.592736157098784,65.80682936975087]]],[[[22.5896556245633,65.72215222312761],[22.589223522289085,65.72217382638432],[22.589276003419105,65.72235169282054],[22.5896556245633,65.72215222312761]]],[[[22.585831581430302,65.7210799405339],[22.5853994932215,65.72110153278997],[22.585451945445488,65.72127940083293],[22.585831581430302,65.7210799405339]]],[[[22.57944219505931,65.72320397631307],[22.57901006496059,65.72322555084273],[22.579062478439347,65.72340342147675],[22.57944219505931,65.72320397631307]]],[[[22.575435535593332,65.73044293460622],[22.575487942092536,65.73062080654739],[22.575920199288902,65.73059924075083],[22.575435535593332,65.73044293460622]]],[[[22.551863276908847,65.54103200253891],[22.55143413872907,65.54105346860757],[22.551485923086098,65.54123135489826],[22.551863276908847,65.54103200253891]]],[[[22.523733960832008,65.81603079550302],[22.52378621972521,65.8162086867175],[22.524653708552954,65.81616581823562],[22.523733960832008,65.81603079550302]]],[[[22.510809281173284,65.81847359083005],[22.510861456755006,65.81865148728383],[22.511295255619473,65.81863008986005],[22.510809281173284,65.81847359083005]]],[[[22.483994972897754,65.62417410006343],[22.484098018751308,65.62452992398076],[22.484528601563422,65.62450863438255],[22.483994972897754,65.62417410006343]]],[[[22.372023358768995,65.86982116579314],[22.372074698575997,65.86999911734904],[22.372509501740826,65.86997810479154],[22.372023358768995,65.86982116579314]]],[[[22.368970552083237,65.31533448737352],[22.3681192730988,65.31537631022417],[22.367943681756138,65.31628705139583],[22.37139893344572,65.3162976988783],[22.37067310109231,65.31525082729844],[22.369771806341934,65.3151146942026],[22.369596273579507,65.31602543670641],[22.36874497348763,65.31606726331685],[22.368970552083237,65.31533448737352]]],[[[22.31539356237628,65.52524884521478],[22.314964452572273,65.525269640253],[22.315443700350237,65.52542682753712],[22.31539356237628,65.52524884521478]]],[[[22.36635105808193,65.50093904095179],[22.366401486687373,65.50111700345263],[22.367258813305437,65.50107512923853],[22.36635105808193,65.50093904095179]]],[[[22.36031803383443,65.83989384347262],[22.36042040886607,65.84024975736024],[22.36128903170391,65.8402078066878],[22.361186644857785,65.83985189349536],[22.36031803383443,65.83989384347262]]],[[[22.36162094920035,65.83983091666569],[22.361135452603882,65.83967393686211],[22.361186644857785,65.83985189349536],[22.36162094920035,65.83983091666569]]],[[[22.361264275608423,65.84165243580965],[22.360829940168998,65.84167341192261],[22.360881135089492,65.84185136863177],[22.361264275608423,65.84165243580965]]],[[[22.3514052524345,65.53414413271578],[22.351506061532643,65.53450006811806],[22.35193528785148,65.53447916826433],[22.3514052524345,65.53414413271578]]],[[[22.35083698998832,65.73786968237744],[22.350404388632736,65.73789061217646],[22.35045526468559,65.73806857549694],[22.35083698998832,65.73786968237744]]],[[[22.350737339104413,65.83873237527165],[22.349868745420338,65.83877426566295],[22.34991985760431,65.83895222683542],[22.350737339104413,65.83873237527165]]],[[[22.349184477734166,65.53244803332112],[22.350472059914374,65.5323853508254],[22.350371274775963,65.53202941449442],[22.349184477734166,65.53244803332112]]],[[[22.34900014862353,65.83881615114467],[22.349051254900225,65.83899411266422],[22.349485556641348,65.83897317036352],[22.34900014862353,65.83881615114467]]],[[[22.348465709527314,65.86608622660614],[22.348030948640282,65.8661071703839],[22.348082113397393,65.86628513165384],[22.348465709527314,65.86608622660614]]],[[[22.343171678151528,65.86760414281227],[22.34306941112117,65.86724821637631],[22.342634625295677,65.86726914504487],[22.343171678151528,65.86760414281227]]],[[[22.34422034257285,65.86665153471985],[22.345908282462926,65.86638983297605],[22.34593387195876,65.86801242925152],[22.34746838923861,65.86721682358649],[22.347263742978402,65.8665049774624],[22.3463430502092,65.86636889516963],[22.344629614195856,65.86500800432817],[22.342327860673958,65.86620136410454],[22.342430112430815,65.86655729118314],[22.343350792584193,65.86669339716077],[22.342532367304674,65.86691321816323],[22.34306941112117,65.86724821637631],[22.34422034257285,65.86665153471985]]],[[[22.34506427927175,65.86805430184461],[22.345166577786074,65.86841022664542],[22.345601380441757,65.86838929061615],[22.34593387195876,65.86801242925152],[22.34506427927175,65.86805430184461]]],[[[22.344731774350727,65.86843116144556],[22.3447829218161,65.86860912398262],[22.345217728212706,65.86858818900885],[22.344731774350727,65.86843116144556]]],[[[22.342302093877038,65.86764599961455],[22.342353222639076,65.86782396314275],[22.342788018127123,65.86780303518259],[22.342302093877038,65.86764599961455]]],[[[22.337160229468267,65.53916707561547],[22.33673091176636,65.53918793445914],[22.336781227612114,65.53936590792932],[22.337160229468267,65.53916707561547]]],[[[22.334574193762794,65.740820676258],[22.334624967770424,65.7409986458469],[22.335057636496487,65.7409777602295],[22.334574193762794,65.740820676258]]],[[[22.332491202535305,65.62581386234704],[22.332541691662634,65.62599183547107],[22.3342647078725,65.6259083837644],[22.332491202535305,65.62581386234704]]],[[[22.33168017898215,65.62603355403208],[22.33173066306999,65.62621152747516],[22.332592181552524,65.62616980857075],[22.33168017898215,65.62603355403208]]],[[[22.331299902684965,65.62623238510427],[22.3313503846342,65.62641035869466],[22.331781147920324,65.6263895008939],[22.331299902684965,65.62623238510427]]],[[[22.331726038835,65.54303934388574],[22.331296652170206,65.54306018799439],[22.33134693995928,65.54323816354622],[22.331726038835,65.54303934388574]]],[[[22.32552139153636,65.6274141440144],[22.322024658442583,65.62740285475438],[22.32131432702378,65.62797844701807],[22.320452726772253,65.62802010268834],[22.319792752208162,65.62877366624592],[22.32232719687036,65.62847071799777],[22.323417882929242,65.6276963098651],[22.32901812305233,65.62742535271221],[22.33053933268398,65.62663004455943],[22.32552139153636,65.6274141440144]]],[[[22.33140086734591,65.6265883322607],[22.330488855774593,65.62645207065],[22.33053933268398,65.62663004455943],[22.33140086734591,65.6265883322607]]],[[[22.324558152605583,65.4327933429515],[22.32460813917999,65.43297132380205],[22.325035728788514,65.43295051654039],[22.324558152605583,65.4327933429515]]],[[[22.318701912819414,65.629548049816],[22.318651510154645,65.62937007124795],[22.31822068476566,65.62939089238164],[22.318701912819414,65.629548049816]]],[[[22.31832148505211,65.62974684983628],[22.318271084528206,65.62956887112111],[22.317840255475662,65.62958969121053],[22.31832148505211,65.62974684983628]]],[[[22.317941051480215,65.62994564895939],[22.317890653097283,65.62976767009712],[22.317459820381146,65.62978848914223],[22.317941051480215,65.62994564895939]]],[[[22.317079379481992,65.62998728617677],[22.317129772821477,65.63016526535752],[22.31756061210363,65.63014444718529],[22.317079379481992,65.62998728617677]]],[[[22.317230561784267,65.63052122364623],[22.31718016692224,65.63034324451404],[22.31674932397637,65.63036406164193],[22.317230561784267,65.63052122364623]]],[[[22.31685010865669,65.63072002022479],[22.3167997159359,65.6305420409455],[22.31636886932629,65.63056285702906],[22.31685010865669,65.63072002022479]]],[[[22.316469649723988,65.63091881590613],[22.316419259144514,65.63074083647973],[22.31598840887112,65.63076165151888],[22.316469649723988,65.63091881590613]]],[[[22.31608918498602,65.63111761069014],[22.316038796547975,65.63093963111668],[22.315607942610765,65.63096044511144],[22.31608918498602,65.63111761069014]]],[[[22.31570871444268,65.63131640457685],[22.315658328146128,65.63113842485627],[22.315227470545068,65.63115923780663],[22.31570871444268,65.63131640457685]]],[[[22.315328238093855,65.63151519756622],[22.315277853938884,65.63133721769857],[22.314846992673942,65.63135802960448],[22.315328238093855,65.63151519756622]]],[[[22.311349717889684,65.63134649964877],[22.310487986708036,65.63138810001747],[22.310538338170712,65.63156608179374],[22.311349717889684,65.63134649964877]]],[[[22.28967138724346,65.62571645650216],[22.28962119234787,65.62553846628263],[22.28919040249631,65.62555920465334],[22.28967138724346,65.62571645650216]]],[[[22.283933855577228,65.49682311949171],[22.283883998357805,65.49664512395252],[22.283455327864896,65.4966658252731],[22.283933855577228,65.49682311949171]]],[[[22.282239190830484,65.40075058742906],[22.28238807100815,65.40128458274322],[22.282815184962733,65.4012638999125],[22.282239190830484,65.40075058742906]]],[[[22.273458380230153,65.56497903039187],[22.278725885160977,65.56201940462735],[22.279585383430632,65.56197800638576],[22.277566596531397,65.560992819214],[22.275797703835597,65.56089759014215],[22.27422857976949,65.56151433189218],[22.273269218154617,65.5611997032513],[22.269301699879957,65.56102979566374],[22.255549551972088,65.56169065005076],[22.248342941117468,65.56239724025535],[22.237896253795913,65.56398023567863],[22.237135996330064,65.56437742369741],[22.23503652435209,65.56465832509569],[22.23399538312021,65.5656101125577],[22.230077037302305,65.56561719594337],[22.229316611660707,65.566014346342],[22.223877153796774,65.56681556121892],[22.219826213029503,65.56791103224974],[22.215626254432962,65.56847233587368],[22.21577492723557,65.56900639828056],[22.21754419268105,65.5691023247808],[22.218982707057787,65.5695747999338],[22.219181040802475,65.57028687770783],[22.217659561952825,65.57108107133642],[22.21785787336999,65.57179315105158],[22.224224725891865,65.57275177191447],[22.22457211960269,65.57399789279563],[22.224009880237407,65.57510708839109],[22.222868687087878,65.57570277221186],[22.22356347639996,65.57819501931432],[22.222703336010817,65.5782361058334],[22.221992060429933,65.5788112418707],[22.221131896700605,65.5788523196958],[22.218418899694104,65.58006417108032],[22.218865349609942,65.58166634530923],[22.21972561059586,65.58162527940777],[22.22030459611017,65.58213880076636],[22.220635489447908,65.58176222721671],[22.226227131027727,65.58149514678371],[22.22698804458963,65.5810980071977],[22.22716983759126,65.58018737218123],[22.228460130959462,65.5801257017373],[22.22875817017202,65.58119379436397],[22.232199058365588,65.58102927833886],[22.234200453342257,65.58039237677357],[22.235920829749134,65.58031006739803],[22.235771666002456,65.57977602960294],[22.237012185978706,65.57953627421489],[22.237293074933753,65.57898165482385],[22.23423286298509,65.5789476959262],[22.23408374325994,65.57841365603704],[22.234844446867367,65.57801647903598],[22.234148584026624,65.57552429412374],[22.231799765134518,65.57491509183704],[22.229699386199297,65.57519592805934],[22.229302065497237,65.57377180620368],[22.22963272761762,65.57339521523485],[22.230492694987117,65.57335409106128],[22.230343690554882,65.57282004635167],[22.231583934658513,65.57258033807112],[22.23295601798561,65.57125196627842],[22.237006898065328,65.5701561447502],[22.237088874862188,65.56888947691526],[22.235749467531523,65.56877320229688],[22.234740598133445,65.56828031491398],[22.237220549250747,65.56780082142566],[22.237931196213413,65.5672256199918],[22.239220817029555,65.56716386445818],[22.239799845134357,65.56767731095117],[22.241519360735104,65.567594946381],[22.24437923284088,65.56691673318485],[22.245039943923306,65.56616349066911],[22.246429014870287,65.56645769285143],[22.251686803715604,65.56656633163878],[22.253836047994447,65.56646320566927],[22.25454628789016,65.5658879302673],[22.256215801560604,65.56562739512228],[22.256365286528034,65.56616140968569],[22.25522523012427,65.56675732609611],[22.255374702613903,65.56729134175528],[22.25456480266195,65.56751061026243],[22.254813913365645,65.56840063745892],[22.25400397447252,65.56861990334596],[22.254203256445454,65.56933192593368],[22.253162647239144,65.5702838398924],[22.253081453962512,65.57155050873982],[22.25232121804731,65.57194777274317],[22.252850794207355,65.57228315949115],[22.25204071898884,65.57250241620531],[22.25185983789683,65.57341307216376],[22.2548197289595,65.5730906709236],[22.255579958406134,65.57269339444805],[22.255330772011654,65.57180336927284],[22.257050500606944,65.57172082632187],[22.258950846801397,65.57072760220552],[22.25870156794903,65.56983758346776],[22.257841770456743,65.56987886610366],[22.257642384014495,65.56916684932553],[22.25893204445684,65.56910492558845],[22.26083213179611,65.56811168038276],[22.264700908717845,65.56792579675948],[22.267130339511745,65.56726781829686],[22.267030529950528,65.56691181718877],[22.268369964929207,65.56702781493378],[22.2703194619816,65.56621245567713],[22.26973987194415,65.56569913138868],[22.273458380230153,65.56497903039187]],[[22.269789792051483,65.56587713090957],[22.268930146429383,65.5659184749972],[22.268880232097825,65.56574047513654],[22.269789792051483,65.56587713090957]],[[22.2681621639545,65.5616258043628],[22.26859191709198,65.56160513578938],[22.268641819899322,65.56178313586179],[22.2681621639545,65.5616258043628]],[[22.268641819899322,65.56178313586179],[22.26912148161798,65.56194046578493],[22.268691723458666,65.56196113591027],[22.268641819899322,65.56178313586179]],[[22.26650088703343,65.56657648065739],[22.26607104991684,65.5665971441175],[22.265971257925145,65.56624114213838],[22.26650088703343,65.56657648065739]],[[22.25760496416537,65.5659214939153],[22.257175129346177,65.56594213210774],[22.257125295247242,65.56576412759244],[22.25760496416537,65.5659214939153]],[[22.256545973439202,65.56525075020465],[22.25611614867057,65.56527138529378],[22.256066323351977,65.56509338034367],[22.256545973439202,65.56525075020465]]],[[[22.267880580367116,65.62586190036562],[22.267930627116492,65.62603989920572],[22.26836144535788,65.62601922091672],[22.267880580367116,65.62586190036562]]],[[[22.247168601757494,65.69991488755693],[22.245972534019117,65.70033278591362],[22.246072673883894,65.70068879740484],[22.24775090987346,65.70042827149526],[22.24831454735512,65.69931897531029],[22.24745043381441,65.69936024067596],[22.247168601757494,65.69991488755693]]],[[[22.141561438035666,65.46719628177686],[22.142038584771356,65.46735403835754],[22.14198976020881,65.4671759863128],[22.141561438035666,65.46719628177686]]],[[[22.221612841099386,65.46013461291479],[22.221184709076393,65.46015513232771],[22.22123405619087,65.46033315352487],[22.221612841099386,65.46013461291479]]],[[[22.172290416120152,65.59290096877046],[22.172819416460744,65.59323664055383],[22.17368014719258,65.59319583152546],[22.175204253868287,65.59240205454917],[22.176876301947082,65.5921423696989],[22.177158602963797,65.59158784842904],[22.178019270967965,65.59154701536842],[22.17744089255763,65.5910333267408],[22.178301541693475,65.590992492259],[22.17810413590599,65.59028035225327],[22.179395069268857,65.59021909343832],[22.17914828534613,65.5893289204214],[22.17995951456119,65.58911004248156],[22.179860796110457,65.58875397373504],[22.180721365313723,65.588713126284],[22.179007936966975,65.58410465271795],[22.180150512832295,65.58350928606401],[22.180051817381432,65.58315321720296],[22.18162450957535,65.58253741739593],[22.18142709023002,65.58182528179674],[22.18056674997857,65.5818661310503],[22.180037890894653,65.58153048490786],[22.178796724933527,65.58176978002493],[22.178895396898756,65.58212584993393],[22.177322662778007,65.58274162182629],[22.177139105742658,65.58365221379873],[22.176328019809887,65.583871075275],[22.17374675841731,65.58399352385567],[22.17278773348189,65.58367825581551],[22.171335856478986,65.58158260364192],[22.170475505164067,65.58162339571425],[22.168951865317695,65.5824171207352],[22.16905040562803,65.58277319831609],[22.167809074647536,65.58301240502949],[22.168879795021226,65.58530652296767],[22.168216400863102,65.58605945857383],[22.169126181885886,65.58619671654414],[22.17086055961787,65.58773787831805],[22.17105774401002,65.58845002989914],[22.170345043955162,65.58902493702513],[22.17168524016225,65.58914178227204],[22.173173389811158,65.58979272663322],[22.173038967342606,65.59088135229989],[22.171895910452886,65.59147666992826],[22.171994532405087,65.59183274477971],[22.170421055484255,65.59244845214837],[22.170568965926183,65.5929825660518],[22.172290416120152,65.59290096877046]]],[[[22.185345951998624,65.53780726151348],[22.185099563170102,65.53691709396757],[22.184536344863663,65.53802615269262],[22.185345951998624,65.53780726151348]]],[[[22.184296787490414,65.54344887606287],[22.183867253326213,65.54346930330303],[22.183916536137747,65.54364733718731],[22.184296787490414,65.54344887606287]]],[[[22.15249286966566,65.61277703128157],[22.15358805906787,65.61200380290633],[22.156172214687146,65.61188166990634],[22.156799919223612,65.61257348173682],[22.1581412837886,65.61269043550125],[22.159433386164242,65.6126293354862],[22.16009767364658,65.61187642993687],[22.16143901522004,65.61199335476222],[22.16362872538344,65.61044676733906],[22.163050186457312,65.609933025445],[22.160896919115284,65.61003490177008],[22.16031844335354,65.6095211488499],[22.16078553608786,65.60805607495264],[22.161929561724953,65.60746083189476],[22.1654237339337,65.60747583469157],[22.166432878095776,65.60796918069191],[22.169016560070116,65.60784683342054],[22.16891790565869,65.60749075699508],[22.170541647569788,65.6070530940061],[22.1703936412,65.60651898106535],[22.171967953349238,65.60590326602758],[22.172151805721718,65.60499267765869],[22.173394134815812,65.60475342581866],[22.17324608565916,65.60421931606193],[22.174008471625214,65.60382242851156],[22.175752511213307,65.60067335265546],[22.175555086608966,65.5999612095721],[22.17396759664892,65.59895422207981],[22.17362222441952,65.59770796626555],[22.17132205660507,65.59727586998396],[22.171124784322387,65.59656371964839],[22.16945239280397,65.596823344352],[22.16921918112247,65.59755589168408],[22.168407598135442,65.59777471552671],[22.16947905353733,65.60006882185884],[22.168631375258094,65.60173234849394],[22.16629477730286,65.60274488056784],[22.16543371670341,65.6027856508295],[22.164720514659443,65.60336053625768],[22.163428887617712,65.60342167675516],[22.162285069910357,65.6040169291506],[22.162383617649468,65.60437301092317],[22.16085842892037,65.60516666929102],[22.159997277890444,65.60520740955131],[22.15852121912792,65.60617908742276],[22.156368241154016,65.60628089668843],[22.15522413608549,65.60687609856451],[22.153932307582696,65.6069371601083],[22.151077845361232,65.60923648101974],[22.15127468463159,65.60994866147404],[22.150327128731174,65.6112560093555],[22.147275121174072,65.61284308370603],[22.144789167373975,65.61332116161032],[22.14412439708161,65.61407400470819],[22.145564152627795,65.61454716470737],[22.147717865983942,65.61444550178018],[22.148431740418175,65.61387068995468],[22.1492932001701,65.61383001241346],[22.149194788469504,65.6134739208708],[22.15249286966566,65.61277703128157]]],[[[22.17206602342759,65.42985349381132],[22.172114968177716,65.4300315350015],[22.172542654643475,65.43001115910157],[22.17206602342759,65.42985349381132]]],[[[22.171837664512765,65.59598880716204],[22.17140725159126,65.59600920751348],[22.171456569210502,65.5961872450352],[22.171837664512765,65.59598880716204]]],[[[22.171111361505172,65.59494098189003],[22.171209988556956,65.59529705719176],[22.171640389887497,65.59527665751169],[22.171111361505172,65.59494098189003]]],[[[22.17160349427215,65.53846039852189],[22.171174030239186,65.5384807890647],[22.171223215075052,65.53865882803476],[22.17160349427215,65.53846039852189]]],[[[22.170278399042985,65.58091124257874],[22.170376950617015,65.58126731919343],[22.17080712085759,65.58124692409966],[22.170278399042985,65.58091124257874]]],[[[22.170138601517564,65.59300296233579],[22.170187903589056,65.5931810004244],[22.170618270894817,65.59316060397266],[22.170138601517564,65.59300296233579]]],[[[22.169954739676218,65.59391354845262],[22.17010265059088,65.5944476627994],[22.17053303892191,65.5944272663877],[22.169954739676218,65.59391354845262]]],[[[22.164114612466612,65.62323027854804],[22.16454548299957,65.62320989451543],[22.16449615089398,65.62303185492902],[22.164114612466612,65.62323027854804]]],[[[22.15849758778743,65.47198430615515],[22.158069202419913,65.47200464905318],[22.158118147243606,65.47218269471428],[22.15849758778743,65.47198430615515]]],[[[22.155333499550547,65.5204735433556],[22.15490431599913,65.52049388502114],[22.15495334902084,65.520671930771],[22.155333499550547,65.5204735433556]]],[[[22.151484700732876,65.59334471750516],[22.151472518439984,65.59172196612631],[22.14697230658022,65.59121314337777],[22.145250872459023,65.59129445301537],[22.14539825851024,65.59182859647379],[22.142593733771633,65.59430579807218],[22.142839324289124,65.59519604187358],[22.14547100945391,65.59525215505386],[22.151484700732876,65.59334471750516]]],[[[22.1491072331181,65.62736650141807],[22.14877474720331,65.62774293370266],[22.150449336058443,65.62748351612639],[22.150781794330015,65.62710708043637],[22.1491072331181,65.62736650141807]]],[[[22.147912825284347,65.627783612709],[22.14796205464596,65.62796165865467],[22.148823982377454,65.62792097931334],[22.147912825284347,65.627783612709]]],[[[22.147100123938866,65.62800233312936],[22.147149348231686,65.62818037938666],[22.148011284751455,65.62813970457701],[22.147100123938866,65.62800233312936]]],[[[22.14628740873661,65.6282210493296],[22.14633662796042,65.62839909589844],[22.147198573268327,65.62835842562056],[22.14628740873661,65.6282210493296]]],[[[22.145905654190813,65.62841942921234],[22.145954871251885,65.62859747592528],[22.146385847927988,65.62857714244394],[22.145905654190813,65.62841942921234]]],[[[22.145573108730346,65.628795855047],[22.145523893832067,65.62861780818994],[22.144661936761395,65.62865846906907],[22.145573108730346,65.628795855047]]],[[[22.14169425233145,65.62897879218268],[22.141743441813432,65.62915684052304],[22.14476035567529,65.62901456342956],[22.14169425233145,65.62897879218268]]],[[[22.140450467578873,65.62921779816872],[22.140401286817195,65.62903974932637],[22.139970296825986,65.62906006594068],[22.140450467578873,65.62921779816872]]],[[[22.140068653278938,65.62941616393681],[22.140019474680887,65.62923811495044],[22.139588481039727,65.62925843051532],[22.140068653278938,65.62941616393681]]],[[[22.139686833165275,65.62961452879942],[22.13963765673093,65.62943647966902],[22.138775661405525,65.62947710748305],[22.139686833165275,65.62961452879942]]],[[[22.138874003389603,65.6298332063897],[22.13882483202603,65.62965515694806],[22.137962827914507,65.62969578022944],[22.138874003389603,65.6298332063897]]],[[[22.13806115975666,65.6300518797586],[22.138011993464087,65.62987383000569],[22.137580987386805,65.62989413998841],[22.13806115975666,65.6300518797586]]],[[[22.136768130574755,65.63011280655807],[22.136817288888988,65.6302908567895],[22.137679314900815,65.6302502398055],[22.136768130574755,65.63011280655807]]],[[[22.12996504789356,65.58011155851028],[22.13039523711532,65.58009127794612],[22.13034623696472,65.57991322403362],[22.12996504789356,65.58011155851028]]],[[[22.064533386411014,65.51591242277726],[22.06410419295711,65.51593250690361],[22.064152596685727,65.51611058796426],[22.064533386411014,65.51591242277726]]],[[[22.013114575222783,65.51542438238832],[22.01316263019017,65.51560248303349],[22.01359186535082,65.51558254306097],[22.013114575222783,65.51542438238832]]],[[[22.012733394306235,65.51562242179477],[22.012781447114694,65.51580052258106],[22.01321068588086,65.51578058365605],[22.012733394306235,65.51562242179477]]],[[[22.012829500646426,65.51597862334476],[22.012352207625252,65.51582046029486],[22.012400258274706,65.51599856122226],[22.012829500646426,65.51597862334476]]],[[[21.992830160147538,65.50464396625767],[21.992782268071615,65.50446585758819],[21.992353196345537,65.50448573696312],[21.992830160147538,65.50464396625767]]],[[[21.994117379642216,65.50458432037931],[21.995308774659808,65.50416844820171],[21.994688094324847,65.5034759029483],[21.99540247804011,65.50290180703826],[21.993734194093374,65.50315945430997],[21.993544615852098,65.5040698784525],[21.992782268071615,65.50446585758819],[21.994117379642216,65.50458432037931]]],[[[21.964462602349997,65.51064392361465],[21.9640334032021,65.5106637238324],[21.96408111301986,65.51084184329679],[21.964462602349997,65.51064392361465]]],[[[21.958930048132682,65.51919374154508],[21.95807135800332,65.51923331210783],[21.958166734844678,65.51958955513604],[21.959025436512015,65.51954998392338],[21.958930048132682,65.51919374154508]]]]}}]}