datetime_utc,year,month,day,lat,lon,current_ka,multiplicity,chi_square,cloud_indicator,surface_class
2014-05-22T23:22:07.323847Z,2014,5,22,65.326500,22.650500,-5.0,0,8.2,1,sea
2014-05-22T23:25:56.229632Z,2014,5,22,65.971900,21.965000,-23.0,0,7.8,1,mainland
2014-05-22T23:25:56.268326Z,2014,5,22,66.007100,21.940200,-10.0,0,5.2,1,mainland
2014-05-22T23:34:23.403650Z,2014,5,22,66.018200,22.235800,15.0,0,8.8,1,mainland
2014-05-22T23:37:13.530869Z,2014,5,22,65.982300,22.195000,10.0,0,3.8,1,coast_uncertain
2014-05-22T23:37:13.646779Z,2014,5,22,65.920900,22.290600,-11.0,0,5.4,1,coast_uncertain
2014-05-22T23:41:54.894451Z,2014,5,22,65.928300,22.206300,-5.0,0,6.4,1,coast_uncertain
2014-05-22T23:41:55.040071Z,2014,5,22,65.956000,22.130000,-13.0,0,5.8,1,mainland
2014-05-22T23:53:07.354372Z,2014,5,22,65.979200,22.386700,6.0,0,3.8,1,mainland
2014-05-22T23:53:07.419004Z,2014,5,22,65.971400,22.263300,-21.0,0,7.0,1,coast_uncertain
2014-06-05T22:00:13.512169Z,2014,6,5,65.374400,22.065500,-40.0,0,23.0,1,sea
2014-06-05T22:57:11.391643Z,2014,6,5,65.556500,22.154900,-5.0,0,4.4,1,coast_uncertain
2014-06-06T00:15:29.018972Z,2014,6,6,65.674100,21.375900,-16.0,0,13.2,1,mainland
2014-06-06T01:14:23.227036Z,2014,6,6,66.032600,22.043800,-5.0,0,8.6,1,coast_uncertain
2014-06-08T01:05:10.795226Z,2014,6,8,65.907000,22.142600,23.0,0,21.0,1,mainland
2014-06-19T21:12:53.699304Z,2014,6,19,65.460000,22.750300,-13.0,0,3.8,1,coast_uncertain
2014-06-19T21:18:28.787959Z,2014,6,19,65.394100,22.912200,-15.0,0,6.0,1,sea
2014-06-19T21:27:59.905494Z,2014,6,19,65.378500,22.918800,13.0,0,5.0,1,sea
2014-06-19T21:27:59.911558Z,2014,6,19,65.366400,22.947600,19.0,0,11.4,1,sea
2014-06-19T21:27:59.913480Z,2014,6,19,65.370600,22.928200,14.0,0,11.0,1,sea
2014-06-19T21:33:40.835196Z,2014,6,19,65.366100,22.927200,3.0,0,1.4,1,sea
2014-06-19T21:36:12.342553Z,2014,6,19,65.281500,22.861500,17.0,0,6.0,1,sea
2014-06-19T21:38:13.937380Z,2014,6,19,65.286700,22.848700,-15.0,0,7.0,1,sea
2014-06-19T21:40:49.703388Z,2014,6,19,65.330200,22.898200,-17.0,0,4.8,1,sea
2014-06-19T22:05:17.690726Z,2014,6,19,65.303400,22.123400,131.0,0,30.2,1,sea
2014-07-01T08:59:40.302088Z,2014,7,1,65.857500,22.033500,-26.0,0,13.8,1,coast_uncertain
2014-07-01T09:13:33.411492Z,2014,7,1,65.683300,21.829000,8.0,0,4.0,1,coast_uncertain
2014-07-01T09:46:23.479190Z,2014,7,1,65.988500,22.364400,8.0,0,4.2,1,mainland
2014-07-01T09:46:23.480027Z,2014,7,1,66.039100,22.273000,-8.0,0,9.8,1,coast_uncertain
2014-07-01T09:48:03.893378Z,2014,7,1,66.021500,22.230300,7.0,0,5.2,1,mainland
2014-07-01T09:50:20.142228Z,2014,7,1,66.057700,22.250800,-6.0,0,6.4,1,mainland
2014-07-01T09:52:37.439110Z,2014,7,1,66.037500,22.244700,-33.0,0,9.6,1,mainland
2014-07-01T09:54:36.369544Z,2014,7,1,65.970100,21.958500,-5.0,0,3.4,1,mainland
2014-07-01T09:54:36.381725Z,2014,7,1,66.042200,22.216900,-16.0,0,9.6,1,mainland
2014-07-01T09:54:36.408286Z,2014,7,1,66.017900,22.250700,-8.0,0,5.8,1,mainland
2014-07-01T11:07:54.447990Z,2014,7,1,66.037900,22.172600,6.0,0,18.8,1,mainland
2014-07-01T17:14:32.727403Z,2014,7,1,65.989500,21.899000,8.0,0,15.0,1,mainland
2014-07-01T17:20:12.672619Z,2014,7,1,65.933500,22.057200,17.0,0,13.6,1,mainland
2014-07-01T17:20:12.681331Z,2014,7,1,65.656500,21.798100,16.0,0,30.2,1,mainland
2014-07-01T17:20:12.681801Z,2014,7,1,65.997100,22.060700,11.0,0,21.4,1,mainland
2014-07-01T17:20:12.731638Z,2014,7,1,66.016300,21.967300,-7.0,0,5.2,1,coast_uncertain
2014-07-01T17:39:38.707680Z,2014,7,1,66.002700,21.979100,23.0,0,7.4,1,coast_uncertain
2014-07-14T16:14:37.632621Z,2014,7,14,65.341200,22.442500,-10.0,0,8.8,1,sea
2014-07-14T17:04:36.080535Z,2014,7,14,65.095000,22.471300,-13.0,0,4.8,1,sea
2014-07-14T17:06:09.610412Z,2014,7,14,65.114400,22.409100,-18.0,0,6.6,1,sea
2014-07-14T17:07:07.170123Z,2014,7,14,65.202700,22.900200,3.0,0,8.2,1,sea
2014-07-14T17:07:56.454595Z,2014,7,14,65.111500,22.387800,-29.0,0,8.6,1,sea
2014-07-14T17:09:35.360557Z,2014,7,14,65.097000,22.776900,-39.0,0,6.6,1,sea
2014-07-14T17:09:35.405506Z,2014,7,14,65.104000,22.741000,-20.0,0,5.8,1,sea
2014-07-14T17:12:47.918802Z,2014,7,14,65.124900,22.409500,-14.0,0,3.4,1,sea
2014-07-14T17:13:35.450760Z,2014,7,14,65.118300,22.427700,-18.0,0,8.4,1,sea
2014-07-14T17:13:35.593055Z,2014,7,14,65.134100,22.395700,-12.0,0,5.2,1,sea
2014-07-14T17:13:57.924788Z,2014,7,14,65.135600,22.739700,-11.0,0,4.4,1,sea
2014-07-14T17:13:57.959700Z,2014,7,14,65.135100,22.753100,-10.0,0,3.8,1,sea
2014-07-14T17:14:50.376449Z,2014,7,14,65.136900,22.745900,-19.0,0,5.2,1,sea
2014-07-14T17:14:50.421456Z,2014,7,14,65.138500,22.799900,-13.0,0,7.6,1,sea
2014-07-14T17:15:43.709909Z,2014,7,14,65.131300,22.770300,-13.0,0,4.2,1,sea
2014-07-14T17:16:05.756417Z,2014,7,14,65.311100,23.061500,18.0,0,30.2,1,sea
2014-07-14T17:16:35.184482Z,2014,7,14,65.136100,22.376500,-5.0,0,3.0,1,sea
2014-07-14T17:16:42.080277Z,2014,7,14,65.137300,22.722500,-28.0,0,7.8,1,sea
2014-07-14T17:16:42.130455Z,2014,7,14,65.149000,22.768000,-15.0,0,6.6,1,sea
2014-07-14T17:21:04.258734Z,2014,7,14,65.141100,22.728200,-15.0,0,13.2,1,sea
2014-07-14T17:21:04.262966Z,2014,7,14,65.145400,22.697700,-40.0,0,9.0,1,sea
2014-07-14T17:21:04.290854Z,2014,7,14,65.149100,22.740100,-14.0,0,4.0,1,sea
2014-07-14T17:21:04.330318Z,2014,7,14,65.152000,22.662500,-13.0,0,5.6,1,sea
2014-07-14T17:21:04.368994Z,2014,7,14,65.152800,22.753000,-13.0,0,5.2,1,sea
2014-07-14T17:21:04.391186Z,2014,7,14,65.152300,22.739600,-9.0,0,2.2,1,sea
2014-07-14T17:29:05.030920Z,2014,7,14,65.199500,22.311900,5.0,0,3.8,1,sea
2014-07-14T17:29:51.397625Z,2014,7,14,65.288900,22.807800,4.0,0,3.4,1,sea
2014-07-14T17:30:24.949225Z,2014,7,14,65.416700,22.186400,10.0,0,8.8,1,sea
2014-07-14T17:30:24.950321Z,2014,7,14,65.206900,22.237000,-21.0,0,19.6,1,sea
2014-07-14T17:30:51.520314Z,2014,7,14,65.289300,23.092600,-27.0,0,8.4,1,sea
2014-07-14T17:32:14.682348Z,2014,7,14,65.189600,22.281800,19.0,0,7.2,1,sea
2014-07-14T17:32:15.286677Z,2014,7,14,65.098000,22.668800,-25.0,0,14.0,1,sea
2014-07-14T17:32:28.988725Z,2014,7,14,65.232700,22.951200,-13.0,0,4.2,1,sea
2014-07-14T17:33:10.905931Z,2014,7,14,65.195500,22.543400,-6.0,0,4.0,1,sea
2014-07-14T17:33:34.295728Z,2014,7,14,65.193500,22.252200,-15.0,0,4.8,1,sea
2014-07-14T17:33:34.376355Z,2014,7,14,65.210500,22.221600,-10.0,0,5.2,1,sea
2014-07-14T17:33:34.707161Z,2014,7,14,65.220900,22.279400,-14.0,0,5.2,1,sea
2014-07-14T17:34:13.399744Z,2014,7,14,65.199800,22.240300,-16.0,0,8.8,1,sea
2014-07-14T17:34:24.460131Z,2014,7,14,65.211000,22.556300,-17.0,0,5.8,1,sea
2014-07-14T17:34:24.500380Z,2014,7,14,65.206500,22.575900,-17.0,0,5.2,1,sea
2014-07-14T17:34:25.914928Z,2014,7,14,65.237300,22.800700,-5.0,0,3.6,1,sea
2014-07-14T17:35:40.687205Z,2014,7,14,65.168600,22.616800,-22.0,0,5.0,1,sea
2014-07-14T17:38:18.672916Z,2014,7,14,65.258500,22.767000,-10.0,0,3.4,1,sea
2014-07-14T17:39:05.362727Z,2014,7,14,65.216500,22.419400,-11.0,0,11.2,1,sea
2014-07-14T17:40:17.493895Z,2014,7,14,65.265400,22.261800,-21.0,0,6.4,1,sea
2014-07-14T17:40:17.572507Z,2014,7,14,65.256800,22.260500,-17.0,0,5.4,1,sea
2014-07-14T17:41:14.814316Z,2014,7,14,65.258600,22.701100,-12.0,0,6.4,1,sea
2014-07-14T17:41:14.885269Z,2014,7,14,65.279600,22.768700,-12.0,0,3.8,1,sea
2014-07-14T17:41:17.391180Z,2014,7,14,65.285300,22.207700,-27.0,0,13.8,1,sea
2014-07-14T17:41:17.470783Z,2014,7,14,65.255300,22.280800,-13.0,0,6.6,1,sea
2014-07-14T17:41:17.527181Z,2014,7,14,65.276200,22.227300,-14.0,0,3.8,1,sea
2014-07-14T17:41:17.541999Z,2014,7,14,65.146300,22.475000,14.0,0,10.0,1,sea
2014-07-14T17:41:23.593891Z,2014,7,14,65.247700,22.782400,-14.0,0,3.6,1,sea
2014-07-14T17:41:23.666960Z,2014,7,14,65.263200,22.681900,-11.0,0,5.2,1,sea
2014-07-14T17:41:24.122428Z,2014,7,14,65.258400,22.991200,-8.0,0,2.4,1,sea
2014-07-14T17:41:24.201421Z,2014,7,14,65.257000,22.993600,-8.0,0,2.2,1,sea
2014-07-14T17:41:57.368983Z,2014,7,14,65.217500,22.335800,-36.0,0,7.8,1,sea
2014-07-14T17:41:57.408283Z,2014,7,14,65.228100,22.312500,-16.0,0,5.4,1,sea
2014-07-14T17:42:06.243032Z,2014,7,14,65.266000,22.505900,-10.0,0,4.4,1,sea
2014-07-14T17:42:26.552409Z,2014,7,14,65.244900,22.823500,-5.0,0,3.2,1,sea
2014-07-14T17:42:47.088955Z,2014,7,14,65.258200,22.824100,10.0,0,4.0,1,sea
2014-07-14T17:43:52.685704Z,2014,7,14,65.254900,22.794500,-10.0,0,3.6,1,sea
2014-07-14T17:43:54.425662Z,2014,7,14,65.275100,22.545000,-11.0,0,4.0,1,sea
2014-07-14T17:44:08.409607Z,2014,7,14,65.230100,22.334000,-43.0,0,7.4,1,sea
2014-07-14T17:44:29.020670Z,2014,7,14,65.259800,22.906500,-13.0,0,4.2,1,sea
2014-07-14T17:44:29.070878Z,2014,7,14,65.249200,22.973400,-13.0,0,3.2,1,sea
2014-07-14T17:44:29.102063Z,2014,7,14,65.274300,22.939200,-11.0,0,3.8,1,sea
2014-07-14T17:44:29.173736Z,2014,7,14,65.255800,22.883200,-18.0,0,8.2,1,sea
2014-07-14T17:44:29.279953Z,2014,7,14,65.260700,22.952500,-9.0,0,3.6,1,sea
2014-07-14T17:44:51.647052Z,2014,7,14,65.249400,22.205200,-16.0,0,8.0,1,sea
2014-07-14T17:44:51.678105Z,2014,7,14,65.226200,22.376100,-10.0,0,4.0,1,sea
2014-07-14T17:44:51.714918Z,2014,7,14,65.232500,22.299900,-15.0,0,3.8,1,sea
2014-07-14T17:44:51.772208Z,2014,7,14,65.226200,22.299800,-12.0,0,4.2,1,sea
2014-07-14T17:44:52.996459Z,2014,7,14,65.298500,22.890900,-11.0,0,4.4,1,sea
2014-07-14T17:44:53.082771Z,2014,7,14,65.295200,22.908800,-5.0,0,2.8,1,sea
2014-07-14T17:46:34.434351Z,2014,7,14,65.265300,22.250400,-18.0,0,6.0,1,sea
2014-07-14T17:46:37.301201Z,2014,7,14,65.261200,22.854100,-37.0,0,8.8,1,sea
2014-07-14T17:46:37.351173Z,2014,7,14,65.274800,22.822000,-22.0,0,8.4,1,sea
2014-07-14T17:46:37.374589Z,2014,7,14,65.259500,22.855600,-12.0,0,4.4,1,sea
2014-07-14T17:46:37.408454Z,2014,7,14,65.313400,22.766000,-9.0,0,3.4,1,sea
2014-07-14T17:46:37.782314Z,2014,7,14,65.262900,22.813100,-10.0,0,3.2,1,sea
2014-07-14T17:47:22.141980Z,2014,7,14,65.253500,22.256800,-14.0,0,4.8,1,sea
2014-07-14T17:48:29.844683Z,2014,7,14,65.275700,22.689600,-11.0,0,4.2,1,sea
2014-07-14T17:48:59.716320Z,2014,7,14,65.297700,22.535700,4.0,0,3.0,1,sea
2014-07-14T17:50:09.207649Z,2014,7,14,65.271000,22.245600,-39.0,0,4.8,1,sea
2014-07-14T17:50:09.237790Z,2014,7,14,65.275900,22.233300,-15.0,0,3.8,1,sea
2014-07-14T17:50:39.269881Z,2014,7,14,65.271000,22.236900,-11.0,0,3.8,1,sea
2014-07-14T17:50:39.798853Z,2014,7,14,65.321400,22.652900,-16.0,0,6.0,1,sea
2014-07-14T17:50:39.927538Z,2014,7,14,65.339400,22.667300,-14.0,0,6.4,1,sea
2014-07-14T17:50:39.975410Z,2014,7,14,65.349000,22.712300,-18.0,0,6.4,1,sea
2014-07-14T17:50:40.019197Z,2014,7,14,65.345200,22.636900,-12.0,0,3.8,1,sea
2014-07-14T17:50:40.067168Z,2014,7,14,65.333800,22.701300,-15.0,0,6.0,1,sea
2014-07-14T17:50:40.100739Z,2014,7,14,65.336000,22.664300,-13.0,0,5.6,1,sea
2014-07-14T17:50:40.137630Z,2014,7,14,65.328700,22.773900,-11.0,0,5.0,1,sea
2014-07-14T17:51:00.814781Z,2014,7,14,65.318000,22.626900,-10.0,0,4.4,1,sea
2014-07-14T17:51:00.966712Z,2014,7,14,65.274800,22.742200,-9.0,0,4.4,1,sea
2014-07-14T17:51:01.014267Z,2014,7,14,65.309900,22.805100,-11.0,0,3.0,1,sea
2014-07-14T17:53:54.969377Z,2014,7,14,65.300100,22.445700,-23.0,0,5.6,1,sea
2014-07-14T17:53:55.367100Z,2014,7,14,65.289600,22.516400,-17.0,0,6.4,1,sea
2014-07-14T17:54:23.366209Z,2014,7,14,65.367300,22.231900,-11.0,0,5.8,1,sea
2014-07-14T17:54:31.112718Z,2014,7,14,65.274800,22.165000,-99.0,0,25.4,1,sea
2014-07-14T17:54:31.144222Z,2014,7,14,65.281600,22.158800,-15.0,0,5.0,1,sea
2014-07-14T17:54:59.366810Z,2014,7,14,65.322000,22.552300,-19.0,0,8.2,1,sea
2014-07-14T17:54:59.686363Z,2014,7,14,65.341800,22.319600,17.0,0,9.2,1,sea
2014-07-14T17:54:59.686569Z,2014,7,14,65.313000,22.430200,17.0,0,14.0,1,sea
2014-07-14T17:55:58.573524Z,2014,7,14,65.307800,22.576800,-8.0,0,5.8,1,sea
2014-07-14T17:56:20.351714Z,2014,7,14,65.391500,22.183500,19.0,0,8.0,1,sea
2014-07-14T17:57:39.115496Z,2014,7,14,65.362300,22.509400,-10.0,0,4.0,1,sea
2014-07-14T17:57:58.968040Z,2014,7,14,65.308700,22.241100,12.0,0,8.2,1,sea
2014-07-14T17:57:59.340083Z,2014,7,14,65.360900,22.226400,-14.0,0,7.6,1,sea
2014-07-14T17:58:02.237385Z,2014,7,14,65.307300,22.467400,-19.0,0,7.6,1,sea
2014-07-14T17:58:02.283445Z,2014,7,14,65.314500,22.387900,-18.0,0,7.2,1,coast_uncertain
2014-07-14T17:58:02.527291Z,2014,7,14,65.315300,22.513500,-11.0,0,3.8,1,sea
2014-07-14T17:58:02.659860Z,2014,7,14,65.319900,22.378000,-11.0,0,5.0,1,coast_uncertain
2014-07-14T17:58:03.069081Z,2014,7,14,65.301400,22.558200,12.0,0,7.8,1,sea
2014-07-14T17:59:07.079753Z,2014,7,14,65.883800,22.425600,-9.0,0,9.6,1,mainland
2014-07-14T17:59:56.722091Z,2014,7,14,65.352300,22.479400,-4.0,0,2.2,1,sea
2014-07-14T17:59:56.763491Z,2014,7,14,65.339500,22.485400,-6.0,0,2.4,1,sea
2014-07-14T17:59:56.931306Z,2014,7,14,65.334600,22.661000,-4.0,0,1.8,1,sea
2014-07-14T17:59:57.129769Z,2014,7,14,65.319400,22.391100,-10.0,0,3.6,1,sea
2014-07-14T18:01:38.952405Z,2014,7,14,65.359300,22.465100,-13.0,0,5.8,1,coast_uncertain
2014-07-14T18:02:12.383033Z,2014,7,14,65.358800,22.453900,-16.0,0,8.8,1,coast_uncertain
2014-07-14T18:02:12.423580Z,2014,7,14,65.362100,22.437700,-17.0,0,7.6,1,coast_uncertain
2014-07-14T18:04:05.947751Z,2014,7,14,65.334300,22.491400,-11.0,0,5.8,1,sea
2014-07-14T18:04:05.999510Z,2014,7,14,65.328900,22.441800,-15.0,0,5.2,1,sea
2014-07-14T18:04:35.723796Z,2014,7,14,65.331900,22.670100,-8.0,0,8.2,1,sea
2014-07-14T18:04:53.221423Z,2014,7,14,65.378800,22.071000,-17.0,0,6.6,1,sea
2014-07-14T18:04:53.261877Z,2014,7,14,65.376300,22.147600,-9.0,0,3.6,1,sea
2014-07-14T18:04:53.311927Z,2014,7,14,65.393800,22.105600,-14.0,0,4.6,1,sea
2014-07-14T18:05:40.687917Z,2014,7,14,65.339000,22.542700,-14.0,0,6.0,1,sea
2014-07-14T18:05:40.740042Z,2014,7,14,65.333700,22.492100,-15.0,0,5.6,1,sea
2014-07-14T18:05:40.798218Z,2014,7,14,65.334700,22.475600,-10.0,0,3.4,1,sea
2014-07-14T18:05:41.069255Z,2014,7,14,65.356300,22.529300,11.0,0,6.0,1,sea
2014-07-14T18:06:21.971137Z,2014,7,14,65.390900,22.193900,-15.0,0,13.6,1,coast_uncertain
2014-07-14T18:06:46.791049Z,2014,7,14,65.297500,22.332200,-16.0,0,5.8,1,sea
2014-07-14T18:07:22.552459Z,2014,7,14,65.381600,22.532600,-15.0,0,4.8,1,sea
2014-07-14T18:07:22.609233Z,2014,7,14,65.434600,22.594100,-16.0,0,6.6,1,sea
2014-07-14T18:07:54.340096Z,2014,7,14,65.380200,22.047200,-15.0,0,6.6,1,sea
2014-07-14T18:07:57.479811Z,2014,7,14,65.413000,22.720900,-10.0,0,3.8,1,sea
2014-07-14T18:09:13.517148Z,2014,7,14,65.448000,22.968400,-5.0,0,2.6,1,sea
2014-07-14T18:09:13.527893Z,2014,7,14,65.446700,22.959400,-5.0,0,2.4,1,sea
2014-07-14T18:09:32.593725Z,2014,7,14,65.393800,22.473900,-29.0,0,5.6,1,sea
2014-07-14T18:09:32.650481Z,2014,7,14,65.383900,22.533500,-10.0,0,6.4,1,sea
2014-07-14T18:09:39.026981Z,2014,7,14,65.414200,22.022400,-18.0,0,7.8,1,coast_uncertain
2014-07-14T18:13:09.909094Z,2014,7,14,65.480600,22.584100,-32.0,0,7.0,1,coast_uncertain
2014-07-14T18:13:09.966868Z,2014,7,14,65.445800,22.367100,-13.0,0,5.6,1,islands
2014-07-14T18:14:14.446916Z,2014,7,14,65.438100,22.677300,4.0,0,3.6,1,sea
2014-07-14T18:14:14.626731Z,2014,7,14,65.399500,22.871700,9.0,0,6.4,1,sea
2014-07-14T18:14:31.461001Z,2014,7,14,65.615100,22.039400,-24.0,0,12.6,1,mainland
2014-07-14T18:14:31.519068Z,2014,7,14,65.442900,22.329500,-9.0,0,4.0,1,sea
2014-07-14T18:14:49.828591Z,2014,7,14,65.449200,21.937400,17.0,0,13.6,1,coast_uncertain
2014-07-14T18:14:49.828920Z,2014,7,14,65.399100,22.181900,-19.0,0,17.6,1,sea
2014-07-14T18:14:49.871132Z,2014,7,14,65.394500,22.213800,7.0,0,4.6,1,sea
2014-07-14T18:15:11.973285Z,2014,7,14,65.426100,22.373100,-18.0,0,6.6,1,sea
2014-07-14T18:15:12.024268Z,2014,7,14,65.426800,22.355200,-25.0,0,7.8,1,sea
2014-07-14T18:16:29.349890Z,2014,7,14,65.433500,22.395800,-8.0,0,3.4,1,coast_uncertain
2014-07-14T18:17:05.055365Z,2014,7,14,65.439700,22.743800,18.0,0,6.6,1,sea
2014-07-14T18:17:53.731254Z,2014,7,14,65.413400,22.023300,37.0,0,9.2,1,coast_uncertain
2014-07-14T18:17:53.732283Z,2014,7,14,65.386200,22.042900,13.0,0,11.6,1,sea
2014-07-14T18:18:30.520742Z,2014,7,14,65.454900,22.400700,-14.0,0,4.4,1,coast_uncertain
2014-07-14T18:19:14.170794Z,2014,7,14,65.435600,22.470000,-16.0,0,5.4,1,sea
2014-07-14T18:19:56.077562Z,2014,7,14,65.382200,22.390900,12.0,0,10.4,1,coast_uncertain
2014-07-14T18:19:56.077918Z,2014,7,14,65.448800,21.987800,13.0,0,14.4,1,mainland
2014-07-14T18:23:29.162014Z,2014,7,14,65.463700,21.796100,-36.0,0,16.8,1,coast_uncertain
2014-07-14T18:25:12.295933Z,2014,7,14,65.543400,22.559200,-12.0,0,10.2,1,coast_uncertain
2014-07-14T18:26:51.940681Z,2014,7,14,65.465200,22.559500,26.0,0,8.4,1,sea
2014-07-14T18:26:51.941016Z,2014,7,14,65.465700,22.569700,15.0,0,13.0,1,sea
2014-07-14T18:26:52.337455Z,2014,7,14,65.436700,22.514800,-13.0,0,6.4,1,sea
2014-07-14T18:28:12.483491Z,2014,7,14,65.377400,22.334400,11.0,0,6.6,1,sea
2014-07-14T18:30:24.838548Z,2014,7,14,65.391900,22.849900,-15.0,0,7.8,1,sea
2014-07-14T18:31:28.506194Z,2014,7,14,65.641800,22.403600,-29.0,0,14.8,1,coast_uncertain
2014-07-14T18:32:09.540613Z,2014,7,14,65.575600,22.651200,16.0,0,6.4,1,coast_uncertain
2014-07-14T18:34:13.774534Z,2014,7,14,65.543100,22.782100,-9.0,0,4.0,1,coast_uncertain
2014-07-14T18:34:54.249375Z,2014,7,14,65.564300,22.481500,-15.0,0,5.2,1,sea
2014-07-14T18:34:54.309044Z,2014,7,14,65.567500,22.472600,-12.0,0,3.4,1,sea
2014-07-14T18:34:54.347599Z,2014,7,14,65.563700,22.475600,-7.0,0,3.4,1,sea
2014-07-14T18:34:54.381628Z,2014,7,14,65.564000,22.474800,-6.0,0,3.4,1,sea
2014-07-14T18:34:55.413342Z,2014,7,14,65.649100,22.411500,15.0,0,8.4,1,coast_uncertain
2014-07-14T18:34:55.413791Z,2014,7,14,65.644800,22.387400,21.0,0,8.2,1,sea
2014-07-14T18:34:55.414751Z,2014,7,14,65.709100,22.230300,10.0,0,17.0,1,coast_uncertain
2014-07-14T18:34:55.550478Z,2014,7,14,65.606700,22.386800,9.0,0,5.0,1,coast_uncertain
2014-07-14T18:36:00.139445Z,2014,7,14,65.545300,22.532700,-11.0,0,4.4,1,sea
2014-07-14T18:36:00.172034Z,2014,7,14,65.539100,22.481500,-11.0,0,5.0,1,sea
2014-07-14T18:36:00.698404Z,2014,7,14,65.465000,22.460500,10.0,0,3.6,1,sea
2014-07-14T18:37:20.036905Z,2014,7,14,65.524300,22.587000,-28.0,0,11.2,1,islands
2014-07-14T18:37:20.112218Z,2014,7,14,65.511300,22.488400,12.0,0,16.6,1,coast_uncertain
2014-07-14T18:37:40.533538Z,2014,7,14,65.677300,22.369700,17.0,0,18.4,1,coast_uncertain
2014-07-14T18:37:40.534645Z,2014,7,14,65.632100,22.372700,11.0,0,10.0,1,coast_uncertain
2014-07-14T18:37:40.576672Z,2014,7,14,65.638200,22.382400,4.0,0,4.4,1,sea
2014-07-14T18:38:26.950796Z,2014,7,14,65.524500,22.571200,-37.0,0,7.0,1,islands
2014-07-14T18:38:26.970343Z,2014,7,14,65.526700,22.558500,-4.0,0,2.8,1,coast_uncertain
2014-07-14T18:39:16.904578Z,2014,7,14,65.551700,22.471900,-9.0,0,4.6,1,sea
2014-07-14T18:39:16.935320Z,2014,7,14,65.586500,22.435600,-8.0,0,3.4,1,sea
2014-07-14T18:39:16.986485Z,2014,7,14,65.586900,22.449900,-10.0,0,4.4,1,sea
2014-07-14T18:39:16.991306Z,2014,7,14,65.541600,22.433000,-4.0,0,4.0,1,coast_uncertain
2014-07-14T18:39:17.021075Z,2014,7,14,65.585000,22.445900,-6.0,0,2.8,1,sea
2014-07-14T18:39:31.016768Z,2014,7,14,65.460800,22.409300,5.0,0,5.2,1,sea
2014-07-14T18:39:31.070928Z,2014,7,14,65.513800,22.368800,17.0,0,8.4,1,coast_uncertain
2014-07-14T18:39:31.844235Z,2014,7,14,65.627900,22.430400,-28.0,0,7.0,1,coast_uncertain
2014-07-14T18:39:31.881117Z,2014,7,14,65.626200,22.429400,-10.0,0,3.4,1,coast_uncertain
2014-07-14T18:40:14.098446Z,2014,7,14,65.610200,22.529400,-5.0,0,3.0,1,coast_uncertain
2014-07-14T18:40:45.452359Z,2014,7,14,65.648400,22.457000,-6.0,0,8.2,1,sea
2014-07-14T18:40:45.682076Z,2014,7,14,65.560000,22.413100,-4.0,0,4.2,1,coast_uncertain
2014-07-14T18:41:23.943952Z,2014,7,14,65.632500,22.451600,-26.0,0,5.0,1,sea
2014-07-14T18:41:23.961280Z,2014,7,14,65.618600,22.473500,-16.0,0,29.2,1,sea
2014-07-14T18:41:23.993402Z,2014,7,14,65.643200,22.475900,-10.0,0,9.6,1,coast_uncertain
2014-07-14T18:42:33.727045Z,2014,7,14,65.648300,22.445000,-33.0,0,6.0,1,sea
2014-07-14T18:42:33.759522Z,2014,7,14,65.621000,22.463900,-8.0,0,4.4,1,sea
2014-07-14T18:42:33.781571Z,2014,7,14,65.651900,22.445100,-10.0,0,4.2,1,sea
2014-07-14T18:43:13.147443Z,2014,7,14,65.663200,22.367600,8.0,0,4.4,1,coast_uncertain
2014-07-14T18:43:13.724933Z,2014,7,14,65.506400,22.393600,9.0,0,9.6,1,sea
2014-07-14T18:43:31.403274Z,2014,7,14,65.688700,22.708400,-5.0,0,2.8,1,sea
2014-07-14T18:45:28.255274Z,2014,7,14,65.503400,22.089000,-33.0,0,8.0,1,coast_uncertain
2014-07-14T18:49:11.254153Z,2014,7,14,65.642300,22.402500,-13.0,0,6.0,1,coast_uncertain
2014-07-14T18:50:36.068324Z,2014,7,14,65.359000,22.165900,8.0,0,9.2,1,sea
2014-07-14T18:52:30.218001Z,2014,7,14,65.648600,22.353100,-20.0,0,5.0,1,sea
2014-07-14T18:52:30.282245Z,2014,7,14,65.659500,22.340000,7.0,0,5.2,1,coast_uncertain
2014-07-14T18:53:50.683957Z,2014,7,14,65.658100,22.376200,-11.0,0,6.0,1,sea
2014-07-14T18:53:50.780187Z,2014,7,14,65.572800,22.780500,-13.0,0,9.8,1,coast_uncertain
2014-07-14T18:54:35.167657Z,2014,7,14,65.514900,22.419500,15.0,0,10.6,1,sea
2014-07-14T18:54:35.873796Z,2014,7,14,65.465500,21.938000,-20.0,0,9.8,1,mainland
2014-07-14T18:55:12.935546Z,2014,7,14,65.513900,22.611600,-13.0,0,10.8,1,coast_uncertain
2014-07-14T18:56:25.954593Z,2014,7,14,65.670400,22.351600,-30.0,0,8.8,1,coast_uncertain
2014-07-14T18:56:25.973504Z,2014,7,14,65.666300,22.441000,-9.0,0,7.6,1,sea
2014-07-14T18:57:44.578547Z,2014,7,14,65.607900,22.279500,-23.0,0,5.4,1,mainland
2014-07-14T18:57:44.613496Z,2014,7,14,65.643600,22.297800,-12.0,0,4.6,1,coast_uncertain
2014-07-14T18:57:44.646498Z,2014,7,14,65.602100,22.361800,-8.0,0,3.8,1,coast_uncertain
2014-07-14T18:58:26.011737Z,2014,7,14,65.672100,22.643400,-17.0,0,6.2,1,coast_uncertain
2014-07-14T18:59:37.364104Z,2014,7,14,65.667100,22.305100,-7.0,0,3.0,1,coast_uncertain
2014-07-14T19:02:20.065656Z,2014,7,14,65.636200,21.901000,28.0,0,6.8,1,mainland
2014-07-14T19:02:20.165690Z,2014,7,14,65.587300,21.931900,10.0,0,5.2,1,coast_uncertain
2014-07-14T19:02:47.982991Z,2014,7,14,65.719700,22.368300,-10.0,0,7.0,1,sea
2014-07-14T19:02:48.069917Z,2014,7,14,65.719100,22.392900,-8.0,0,5.4,1,coast_uncertain
2014-07-14T19:04:35.052967Z,2014,7,14,65.692400,22.255000,9.0,0,6.6,1,coast_uncertain
2014-07-14T19:06:20.575954Z,2014,7,14,65.749100,22.565000,13.0,0,7.8,1,sea
2014-07-14T19:07:15.449612Z,2014,7,14,65.668600,21.849800,12.0,0,5.2,1,coast_uncertain
2014-07-14T19:10:23.594833Z,2014,7,14,65.608100,21.927900,10.0,0,6.4,1,mainland
2014-07-14T19:10:23.638351Z,2014,7,14,65.664600,21.941200,60.0,0,12.6,1,mainland
2014-07-14T19:10:55.529375Z,2014,7,14,65.774000,22.649100,-8.0,0,4.0,1,coast_uncertain
2014-07-14T19:12:00.118330Z,2014,7,14,65.684700,22.345200,19.0,0,8.2,1,coast_uncertain
2014-07-14T19:12:58.775773Z,2014,7,14,65.678700,21.707200,11.0,0,6.6,1,mainland
2014-07-14T19:14:46.147220Z,2014,7,14,65.649400,21.796800,11.0,0,5.2,1,mainland
2014-07-14T19:14:46.411144Z,2014,7,14,65.693700,22.120300,-41.0,0,22.6,1,mainland
2014-07-14T19:14:46.432808Z,2014,7,14,65.703000,22.090400,-15.0,0,5.8,1,mainland
2014-07-14T19:14:46.474464Z,2014,7,14,65.504800,22.029000,-8.0,0,4.2,1,coast_uncertain
2014-07-14T19:14:46.506682Z,2014,7,14,65.700800,22.095300,-7.0,0,6.0,1,mainland
2014-07-14T19:14:50.275325Z,2014,7,14,65.771300,22.300400,11.0,0,7.0,1,coast_uncertain
2014-07-14T19:15:53.274906Z,2014,7,14,65.665200,22.812800,-4.0,0,1.8,1,coast_uncertain
2014-07-14T19:16:30.492071Z,2014,7,14,65.720700,22.340100,17.0,0,7.2,1,sea
2014-07-14T19:18:22.980933Z,2014,7,14,65.708300,21.811700,28.0,0,17.0,1,coast_uncertain
2014-07-14T19:24:23.247333Z,2014,7,14,65.908600,22.553100,-6.0,0,8.4,1,mainland
2014-07-14T19:26:00.091672Z,2014,7,14,65.772200,22.147200,-24.0,0,11.6,1,coast_uncertain
2014-07-14T19:28:17.941087Z,2014,7,14,65.703600,22.393400,-11.0,0,4.4,1,coast_uncertain
2014-07-14T19:33:10.449273Z,2014,7,14,65.847800,22.399800,11.0,0,12.2,1,coast_uncertain
2014-07-14T19:33:44.169898Z,2014,7,14,65.475700,21.944900,-19.0,0,14.6,1,mainland
2014-07-14T19:38:31.602758Z,2014,7,14,65.840200,22.153200,-15.0,0,11.6,1,mainland
2014-07-14T19:57:59.841927Z,2014,7,14,65.908200,22.253400,126.0,0,22.2,1,mainland
2014-07-14T19:57:59.944373Z,2014,7,14,65.780200,22.115200,41.0,0,8.2,1,coast_uncertain
2014-07-14T20:03:46.020858Z,2014,7,14,65.976700,22.330700,9.0,0,7.8,1,mainland
2014-07-14T20:05:00.528281Z,2014,7,14,65.353100,22.202800,-51.0,0,10.0,1,sea
2014-07-14T20:05:00.554064Z,2014,7,14,65.358700,22.207000,-10.0,0,3.8,1,sea
2014-07-14T20:08:27.832644Z,2014,7,14,65.363400,22.195200,-67.0,0,12.0,1,sea
2014-07-14T20:08:27.860328Z,2014,7,14,65.367700,22.157400,-24.0,0,5.6,1,sea
2014-07-14T20:08:27.874022Z,2014,7,14,65.362900,22.158300,-15.0,0,4.6,1,sea
2014-07-14T20:13:35.222274Z,2014,7,14,65.314900,22.243900,-14.0,0,12.2,1,sea
2014-07-14T20:14:33.308356Z,2014,7,14,65.358000,22.296000,-12.0,0,4.4,1,sea
2014-07-14T20:26:42.856077Z,2014,7,14,65.438600,22.009600,17.0,0,12.8,1,coast_uncertain
2014-07-14T20:26:42.856900Z,2014,7,14,65.429800,21.999100,18.0,0,13.4,1,coast_uncertain
2014-07-14T20:26:42.857605Z,2014,7,14,65.400700,22.035600,14.0,0,12.6,1,coast_uncertain
2014-07-16T08:18:04.220526Z,2014,7,16,65.432800,22.204800,-15.0,0,14.6,1,coast_uncertain
2014-07-19T12:29:29.960619Z,2014,7,19,65.503400,22.737400,-24.0,0,22.0,1,sea
2014-07-19T13:07:29.841456Z,2014,7,19,65.763300,22.415000,-23.0,0,17.2,1,sea
2014-07-19T13:43:15.193583Z,2014,7,19,65.969800,22.437600,-13.0,0,11.8,1,coast_uncertain
2014-07-19T13:43:15.213588Z,2014,7,19,65.916200,22.401600,-21.0,0,7.8,1,coast_uncertain
2014-07-19T13:43:15.240297Z,2014,7,19,65.953600,22.422800,-15.0,0,8.0,1,mainland
2014-07-19T15:55:00.663405Z,2014,7,19,66.156900,22.311300,-12.0,0,7.0,1,coast_uncertain
2014-07-19T16:00:56.197687Z,2014,7,19,66.187800,22.225900,-73.0,0,17.6,1,mainland
2014-07-19T16:10:56.313624Z,2014,7,19,66.042000,21.976100,14.0,0,23.8,1,mainland
2014-07-19T16:10:56.314572Z,2014,7,19,65.979800,21.936000,13.0,0,8.4,1,mainland
2014-07-19T16:12:45.745753Z,2014,7,19,66.033200,21.962100,24.0,0,30.2,1,coast_uncertain
2014-07-19T16:15:59.297276Z,2014,7,19,66.133300,22.333400,6.0,0,7.6,1,mainland
2014-07-19T16:19:32.813199Z,2014,7,19,66.091200,22.325100,7.0,0,8.0,1,coast_uncertain
2014-07-19T16:19:32.815069Z,2014,7,19,66.063400,22.377700,8.0,0,6.2,1,coast_uncertain
2014-07-19T16:31:47.536974Z,2014,7,19,65.994900,21.975400,-16.0,0,7.2,1,mainland
2014-07-19T16:34:20.004935Z,2014,7,19,66.004200,21.967300,-18.0,0,7.6,1,coast_uncertain
2014-07-19T16:36:10.526531Z,2014,7,19,66.005700,21.955800,-34.0,0,8.4,1,mainland
2014-07-19T16:36:10.548363Z,2014,7,19,66.008800,21.937900,-11.0,0,10.0,1,mainland
2014-07-19T16:37:41.133207Z,2014,7,19,66.213800,22.137100,-8.0,0,22.8,1,coast_uncertain
2014-07-19T16:51:38.399528Z,2014,7,19,65.996500,21.957300,-17.0,0,9.0,1,mainland
2014-07-20T16:36:57.364194Z,2014,7,20,66.071100,22.399600,11.0,0,6.0,1,mainland
2014-07-20T16:40:29.724447Z,2014,7,20,66.066400,22.367300,-27.0,0,5.6,1,mainland
2014-07-27T13:27:55.667884Z,2014,7,27,65.622100,21.614400,39.0,0,12.8,1,coast_uncertain
2014-07-27T13:58:56.873710Z,2014,7,27,65.963800,21.902100,-7.0,0,6.8,1,mainland
2014-07-27T13:58:56.911260Z,2014,7,27,65.964600,21.924500,-12.0,0,7.6,1,coast_uncertain
2014-07-27T13:59:26.678673Z,2014,7,27,65.769300,21.943800,-16.0,0,8.0,1,mainland
2014-07-27T13:59:55.959252Z,2014,7,27,65.980200,21.930300,-6.0,0,6.2,1,mainland
2014-07-27T14:04:29.527374Z,2014,7,27,65.788000,21.907600,-10.0,0,13.4,1,coast_uncertain
2014-07-27T14:04:50.695744Z,2014,7,27,66.056200,22.056800,9.0,0,3.4,1,coast_uncertain
2014-07-27T14:04:51.719031Z,2014,7,27,65.791800,21.894000,-8.0,0,5.6,1,coast_uncertain
2014-07-27T14:05:06.164773Z,2014,7,27,65.790800,21.922200,-6.0,0,6.6,1,coast_uncertain
2014-07-27T14:05:27.287455Z,2014,7,27,65.624000,21.423100,-12.0,0,11.2,1,mainland
2014-07-27T14:05:27.363341Z,2014,7,27,65.620900,21.456400,-9.0,0,7.8,1,coast_uncertain
2014-07-27T14:05:51.166086Z,2014,7,27,65.615200,21.413300,-9.0,0,13.4,1,coast_uncertain
2014-07-27T14:05:51.185060Z,2014,7,27,65.617800,21.422100,-7.0,0,7.8,1,coast_uncertain
2014-07-27T14:06:05.362266Z,2014,7,27,65.801100,21.942300,-6.0,0,6.0,1,mainland
2014-07-27T14:06:12.839670Z,2014,7,27,65.648500,21.392500,-40.0,0,12.8,1,mainland
2014-07-27T14:06:37.356552Z,2014,7,27,65.649900,21.407000,-7.0,0,7.6,1,mainland
2014-07-27T14:06:37.385677Z,2014,7,27,65.654200,21.366500,-16.0,0,8.4,1,mainland
2014-07-27T14:06:43.503264Z,2014,7,27,65.782400,21.957500,-6.0,0,5.0,1,coast_uncertain
2014-07-27T14:06:46.690415Z,2014,7,27,66.050400,22.176200,5.0,0,7.2,1,mainland
2014-07-27T14:07:38.995754Z,2014,7,27,65.809200,22.072000,-6.0,0,10.2,1,mainland
2014-07-27T14:08:12.314890Z,2014,7,27,65.635500,21.389600,-12.0,0,8.4,1,mainland
2014-07-27T14:08:12.352234Z,2014,7,27,65.631500,21.384000,-16.0,0,9.4,1,mainland
2014-07-27T14:08:53.623037Z,2014,7,27,65.645100,21.409700,-20.0,0,7.4,1,mainland
2014-07-27T14:08:53.659088Z,2014,7,27,65.648300,21.426100,-13.0,0,8.4,1,coast_uncertain
2014-07-27T14:08:53.827321Z,2014,7,27,65.647300,21.423200,-21.0,0,10.6,1,coast_uncertain
2014-07-27T14:09:28.360908Z,2014,7,27,65.647300,21.386800,-22.0,0,9.4,1,coast_uncertain
2014-07-27T14:09:29.272861Z,2014,7,27,65.820300,21.974400,-12.0,0,6.4,1,coast_uncertain
2014-07-27T14:09:51.384345Z,2014,7,27,65.655300,21.481100,-9.0,0,8.4,1,mainland
2014-07-27T14:10:05.370680Z,2014,7,27,65.824500,21.961900,-15.0,0,7.8,1,coast_uncertain
2014-07-27T14:11:48.897650Z,2014,7,27,66.068200,22.023200,6.0,0,5.4,1,mainland
2014-07-27T14:12:07.489899Z,2014,7,27,65.635600,21.450900,7.0,0,6.6,1,mainland
2014-07-27T14:13:47.570172Z,2014,7,27,65.827300,22.167000,-13.0,0,9.0,1,coast_uncertain
2014-07-27T14:13:47.667275Z,2014,7,27,65.821100,22.127700,-7.0,0,7.2,1,mainland
2014-07-27T14:15:27.354030Z,2014,7,27,66.056000,22.126000,-5.0,0,7.8,1,mainland
2014-07-27T14:18:28.871500Z,2014,7,27,65.637700,21.521900,-7.0,0,5.2,1,mainland
2014-07-27T14:18:55.070885Z,2014,7,27,65.643500,21.529200,-12.0,0,7.8,1,coast_uncertain
2014-07-27T14:19:23.204725Z,2014,7,27,65.669000,21.521200,-15.0,0,9.0,1,coast_uncertain
2014-07-27T14:19:42.518685Z,2014,7,27,65.645300,21.541500,-13.0,0,11.4,1,coast_uncertain
2014-07-27T14:19:59.129699Z,2014,7,27,66.014000,22.135600,-6.0,0,6.6,1,coast_uncertain
2014-07-27T14:20:10.159340Z,2014,7,27,65.819900,22.030300,-16.0,0,8.0,1,mainland
2014-07-27T14:20:32.943391Z,2014,7,27,65.654600,21.601900,-10.0,0,7.0,1,coast_uncertain
2014-07-27T14:20:42.155253Z,2014,7,27,66.018100,22.123300,-7.0,0,8.0,1,mainland
2014-07-27T14:20:54.103999Z,2014,7,27,65.645900,21.559700,-11.0,0,8.2,1,mainland
2014-07-27T14:20:54.132561Z,2014,7,27,65.643100,21.625400,-9.0,0,7.6,1,coast_uncertain
2014-07-27T14:20:54.253426Z,2014,7,27,65.659700,21.489100,-12.0,0,5.4,1,coast_uncertain
2014-07-27T14:21:02.819821Z,2014,7,27,65.841100,22.069100,-26.0,0,9.8,1,mainland
2014-07-27T14:21:02.878875Z,2014,7,27,65.841000,22.042900,-7.0,0,5.2,1,coast_uncertain
2014-07-27T14:22:32.859898Z,2014,7,27,65.642500,21.495000,7.0,0,6.6,1,coast_uncertain
2014-07-27T14:23:19.594725Z,2014,7,27,65.649500,21.490000,-13.0,0,8.2,1,mainland
2014-07-27T14:23:53.582950Z,2014,7,27,65.673500,21.380000,-8.0,0,7.0,1,mainland
2014-07-27T14:24:24.173437Z,2014,7,27,65.880900,22.142200,-7.0,0,9.0,1,mainland
2014-07-27T14:25:05.457292Z,2014,7,27,65.634400,21.663500,-8.0,0,9.8,1,mainland
2014-07-27T14:25:48.912799Z,2014,7,27,65.664400,21.509100,-8.0,0,8.4,1,coast_uncertain
2014-07-27T14:25:49.432643Z,2014,7,27,65.650700,21.470600,-11.0,0,7.6,1,mainland
2014-07-27T14:26:25.731557Z,2014,7,27,65.661200,21.399900,6.0,0,10.0,1,coast_uncertain
2014-07-27T14:27:10.668979Z,2014,7,27,65.648200,21.732600,-6.0,0,10.8,1,mainland
2014-07-27T14:27:11.246805Z,2014,7,27,65.657200,21.856400,8.0,0,2.0,1,coast_uncertain
2014-07-27T14:27:50.146342Z,2014,7,27,65.922700,22.192000,-8.0,0,8.8,1,mainland
2014-07-27T14:27:50.992041Z,2014,7,27,65.651600,21.502100,-23.0,0,13.6,1,mainland
2014-07-27T14:27:51.022582Z,2014,7,27,65.652500,21.535000,-12.0,0,7.0,1,mainland
2014-07-27T14:28:04.576664Z,2014,7,27,65.957600,22.189500,17.0,0,8.4,1,mainland
2014-07-27T14:28:16.962718Z,2014,7,27,65.678600,21.603800,-7.0,0,10.0,1,coast_uncertain
2014-07-27T14:28:38.315205Z,2014,7,27,65.651000,21.645700,-11.0,0,8.2,1,mainland
2014-07-27T14:28:38.359924Z,2014,7,27,65.651400,21.581900,-8.0,0,8.2,1,coast_uncertain
2014-07-27T14:28:38.420382Z,2014,7,27,65.652300,21.548400,-18.0,0,12.2,1,mainland
2014-07-27T14:28:38.607002Z,2014,7,27,65.652200,21.591300,-12.0,0,9.4,1,coast_uncertain
2014-07-27T14:28:38.661038Z,2014,7,27,65.649300,21.626200,-7.0,0,9.0,1,mainland
2014-07-27T14:29:28.836418Z,2014,7,27,65.960600,22.403600,-6.0,0,5.0,1,mainland
2014-07-27T14:29:28.888816Z,2014,7,27,65.961900,22.328100,-6.0,0,5.2,1,coast_uncertain
2014-07-27T14:30:40.679088Z,2014,7,27,65.659300,21.632900,-13.0,0,7.6,1,mainland
2014-07-27T14:31:31.241842Z,2014,7,27,65.666200,21.807800,-7.0,0,4.8,1,mainland
2014-07-27T14:31:52.108145Z,2014,7,27,65.674500,21.594400,-14.0,0,11.8,1,coast_uncertain
2014-07-27T14:31:52.206692Z,2014,7,27,65.669800,21.575400,-17.0,0,10.0,1,mainland
2014-07-27T14:31:52.372130Z,2014,7,27,65.670400,21.589300,-14.0,0,8.8,1,coast_uncertain
2014-07-27T14:33:08.777553Z,2014,7,27,65.639600,21.698500,6.0,0,6.4,1,mainland
2014-07-27T14:33:52.222113Z,2014,7,27,65.875500,22.321100,-19.0,0,8.8,1,coast_uncertain
2014-07-27T14:34:21.044168Z,2014,7,27,65.905800,22.273200,-19.0,0,8.8,1,coast_uncertain
2014-07-27T14:34:21.152123Z,2014,7,27,65.920200,22.312700,8.0,0,5.0,1,mainland
2014-07-27T14:35:05.722796Z,2014,7,27,65.914600,22.291400,6.0,0,7.2,1,coast_uncertain
2014-07-27T14:36:04.808828Z,2014,7,27,65.662900,21.722600,-7.0,0,7.6,1,mainland
2014-07-27T14:37:43.273180Z,2014,7,27,65.667500,21.685200,-14.0,0,8.8,1,coast_uncertain
2014-07-27T14:37:43.330129Z,2014,7,27,65.664600,21.681700,-8.0,0,6.6,1,coast_uncertain
2014-07-27T14:37:43.409728Z,2014,7,27,65.665700,21.686300,-19.0,0,8.6,1,coast_uncertain
2014-07-27T14:37:43.470900Z,2014,7,27,65.664500,21.669200,-8.0,0,7.0,1,coast_uncertain
2014-07-27T14:38:51.258101Z,2014,7,27,65.902500,22.361800,-25.0,0,9.4,1,mainland
2014-07-27T14:39:05.062036Z,2014,7,27,65.664500,21.846800,7.0,0,4.2,1,coast_uncertain
2014-07-27T14:39:45.514813Z,2014,7,27,65.911700,22.339000,-14.0,0,10.6,1,mainland
2014-07-27T14:39:45.549428Z,2014,7,27,65.922300,22.332300,-8.0,0,9.6,1,mainland
2014-07-27T14:41:21.083555Z,2014,7,27,66.002700,22.347100,4.0,0,3.0,1,mainland
2014-07-27T14:42:22.880561Z,2014,7,27,65.595900,21.736600,-6.0,0,5.0,1,coast_uncertain
2014-07-27T14:43:48.645277Z,2014,7,27,65.677100,21.711700,12.0,0,8.4,1,mainland
2014-07-27T14:43:55.658834Z,2014,7,27,65.880600,22.441900,5.0,0,2.8,1,mainland
2014-07-27T14:44:29.043339Z,2014,7,27,65.877900,22.459100,-7.0,0,4.0,1,coast_uncertain
2014-07-27T14:44:29.310590Z,2014,7,27,65.903800,22.415100,-6.0,0,2.8,1,coast_uncertain
2014-07-27T14:44:29.352280Z,2014,7,27,65.903300,22.414300,-6.0,0,3.0,1,coast_uncertain
2014-07-27T14:44:36.579128Z,2014,7,27,65.678200,21.713400,12.0,0,8.6,1,mainland
2014-07-27T14:44:45.605073Z,2014,7,27,65.833300,22.520100,-11.0,0,4.8,1,mainland
2014-07-27T14:44:45.654483Z,2014,7,27,65.834300,22.544100,-7.0,0,4.2,1,coast_uncertain
2014-07-27T14:44:48.291962Z,2014,7,27,65.677200,21.740400,5.0,0,4.0,1,mainland
2014-07-27T14:45:42.876054Z,2014,7,27,65.689300,21.763700,-7.0,0,8.8,1,mainland
2014-07-27T14:45:56.450981Z,2014,7,27,65.884000,22.470100,8.0,0,4.6,1,mainland
2014-07-27T14:46:36.382045Z,2014,7,27,65.882900,22.463600,-18.0,0,6.4,1,coast_uncertain
2014-07-27T14:46:36.404021Z,2014,7,27,65.879400,22.456800,-9.0,0,4.6,1,coast_uncertain
2014-07-27T14:46:36.460597Z,2014,7,27,65.909600,22.459800,-9.0,0,8.4,1,coast_uncertain
2014-07-27T14:46:36.671420Z,2014,7,27,65.910600,22.457700,-8.0,0,8.0,1,coast_uncertain
2014-07-27T14:47:14.694983Z,2014,7,27,65.904300,22.484700,-41.0,0,10.4,1,coast_uncertain
2014-07-27T14:47:14.733708Z,2014,7,27,65.904100,22.447900,-12.0,0,5.2,1,coast_uncertain
2014-07-27T14:47:14.762893Z,2014,7,27,65.917000,22.444600,-9.0,0,4.0,1,coast_uncertain
2014-07-27T14:47:14.827079Z,2014,7,27,65.914400,22.486600,-7.0,0,4.6,1,coast_uncertain
2014-07-27T14:47:15.079222Z,2014,7,27,65.914600,22.466700,-16.0,0,4.8,1,coast_uncertain
2014-07-27T14:47:26.069660Z,2014,7,27,65.669400,21.756300,15.0,0,22.4,1,mainland
2014-07-27T14:47:31.801842Z,2014,7,27,65.840900,22.553800,-4.0,0,5.0,1,coast_uncertain
2014-07-27T14:47:31.840362Z,2014,7,27,65.866300,22.540200,-7.0,0,5.0,1,coast_uncertain
2014-07-27T14:47:31.841159Z,2014,7,27,65.709600,22.668600,-4.0,0,3.6,1,sea
2014-07-27T14:47:31.891099Z,2014,7,27,65.867000,22.550600,-8.0,0,4.4,1,coast_uncertain
2014-07-27T14:47:32.018298Z,2014,7,27,65.981500,22.474700,4.0,0,2.8,1,coast_uncertain
2014-07-27T14:48:34.638789Z,2014,7,27,65.897400,22.512300,-11.0,0,8.8,1,mainland
2014-07-27T14:49:54.566121Z,2014,7,27,65.954000,22.462700,-20.0,0,15.6,1,mainland
2014-07-27T14:49:54.602387Z,2014,7,27,65.952000,22.442700,-20.0,0,7.6,1,mainland
2014-07-27T14:49:54.624925Z,2014,7,27,65.950300,22.488900,-9.0,0,6.8,1,coast_uncertain
2014-07-27T14:49:54.659306Z,2014,7,27,65.952200,22.475700,-18.0,0,7.8,1,mainland
2014-07-27T14:50:11.776245Z,2014,7,27,65.687500,21.875300,-12.0,0,6.2,1,mainland
2014-07-27T14:52:09.426022Z,2014,7,27,65.746000,21.972200,16.0,0,8.8,1,mainland
2014-07-27T14:52:13.779041Z,2014,7,27,65.928900,22.523300,-7.0,0,4.2,1,coast_uncertain
2014-07-27T14:53:06.977115Z,2014,7,27,65.676200,22.321400,4.0,0,4.4,1,coast_uncertain
2014-07-27T14:53:58.409645Z,2014,7,27,65.629000,21.812000,-33.0,0,7.8,1,coast_uncertain
2014-07-27T14:53:58.429910Z,2014,7,27,65.627000,21.814900,-6.0,0,4.6,1,coast_uncertain
2014-07-27T14:54:02.461475Z,2014,7,27,65.628300,21.964800,-17.0,0,7.2,1,inland_water
2014-07-27T14:54:02.467372Z,2014,7,27,65.635700,21.957100,-46.0,0,8.2,1,inland_water
2014-07-27T14:54:02.520160Z,2014,7,27,65.640900,21.972500,-7.0,0,3.8,1,coast_uncertain
2014-07-27T14:54:02.551944Z,2014,7,27,65.636700,21.992700,-7.0,0,4.6,1,coast_uncertain
2014-07-27T14:54:12.405782Z,2014,7,27,65.833700,22.595800,-12.0,0,6.8,1,mainland
2014-07-27T14:54:12.425616Z,2014,7,27,65.833600,22.594300,-5.0,0,4.8,1,mainland
2014-07-27T14:54:27.467136Z,2014,7,27,65.734600,22.172600,6.0,0,4.0,1,mainland
2014-07-27T14:54:27.467927Z,2014,7,27,65.735800,22.187300,17.0,0,16.8,1,coast_uncertain
2014-07-27T14:56:55.508789Z,2014,7,27,65.629300,22.001900,-8.0,0,4.6,1,inland_water
2014-07-27T14:59:55.129825Z,2014,7,27,65.635200,22.021900,9.0,0,9.6,1,coast_uncertain
2014-07-27T15:00:51.350294Z,2014,7,27,65.735400,22.128800,-7.0,0,10.4,1,coast_uncertain
2014-07-27T15:04:07.449240Z,2014,7,27,65.779300,22.129500,-22.0,0,7.2,1,inland_water
2014-07-27T15:06:32.108423Z,2014,7,27,65.656500,22.058100,-21.0,0,7.8,1,mainland
2014-07-27T15:06:32.134793Z,2014,7,27,65.664300,22.077400,-19.0,0,7.0,1,mainland
2014-07-27T15:06:32.190433Z,2014,7,27,65.648000,22.034200,-17.0,0,8.6,1,mainland
2014-07-27T15:08:31.013307Z,2014,7,27,65.776000,22.289000,-10.0,0,8.4,1,coast_uncertain
2014-07-27T15:08:31.130509Z,2014,7,27,65.778900,22.288200,-16.0,0,6.0,1,coast_uncertain
2014-07-27T15:09:03.855134Z,2014,7,27,65.814000,22.015000,15.0,0,7.0,1,coast_uncertain
2014-07-27T15:09:39.506977Z,2014,7,27,65.665900,22.040500,-13.0,0,4.6,1,mainland
2014-07-27T15:09:49.720280Z,2014,7,27,65.628000,22.123000,-6.0,0,3.2,1,mainland
2014-07-27T15:10:08.655991Z,2014,7,27,65.792500,22.247700,9.0,0,12.8,1,mainland
2014-07-27T15:10:09.858429Z,2014,7,27,65.666100,22.064700,-78.0,0,20.4,1,coast_uncertain
2014-07-27T15:10:09.886788Z,2014,7,27,65.710400,22.003400,-7.0,0,10.6,1,coast_uncertain
2014-07-27T15:10:09.907441Z,2014,7,27,65.670200,22.005600,-16.0,0,5.2,1,mainland
2014-07-27T15:10:11.143755Z,2014,7,27,65.808700,21.952900,25.0,0,12.2,1,mainland
2014-07-27T15:10:37.559243Z,2014,7,27,65.653300,22.010200,17.0,0,23.8,1,mainland
2014-07-27T15:10:59.146189Z,2014,7,27,65.812000,21.965800,7.0,0,2.8,1,mainland
2014-07-27T15:11:14.057456Z,2014,7,27,65.675400,22.026000,-55.0,0,10.2,1,mainland
2014-07-27T15:11:14.102641Z,2014,7,27,65.668600,22.051600,-16.0,0,7.2,1,coast_uncertain
2014-07-27T15:11:14.142212Z,2014,7,27,65.686200,22.065600,-21.0,0,5.6,1,mainland
2014-07-27T15:11:14.173391Z,2014,7,27,65.684700,22.060200,-11.0,0,4.2,1,mainland
2014-07-27T15:11:29.800449Z,2014,7,27,65.663100,22.011700,-20.0,0,6.4,1,mainland
2014-07-27T15:11:29.824793Z,2014,7,27,65.664500,22.014900,-14.0,0,8.2,1,mainland
2014-07-27T15:11:29.840209Z,2014,7,27,65.662000,21.995200,-12.0,0,5.8,1,mainland
2014-07-27T15:11:29.882640Z,2014,7,27,65.661800,22.027700,-39.0,0,11.2,1,mainland
2014-07-27T15:11:51.610851Z,2014,7,27,65.660900,22.041400,-15.0,0,6.6,1,mainland
2014-07-27T15:11:51.630002Z,2014,7,27,65.660000,22.108800,-20.0,0,8.8,1,coast_uncertain
2014-07-27T15:12:10.585652Z,2014,7,27,65.685600,22.056300,-30.0,0,7.6,1,mainland
2014-07-27T15:12:10.617249Z,2014,7,27,65.915800,22.341600,-36.0,0,18.4,1,coast_uncertain
2014-07-27T15:12:10.635954Z,2014,7,27,65.686200,22.048900,-14.0,0,5.2,1,mainland
2014-07-27T15:12:10.666525Z,2014,7,27,65.686200,22.055400,-20.0,0,7.0,1,mainland
2014-07-27T15:12:10.720602Z,2014,7,27,65.688500,22.059500,-16.0,0,9.6,1,mainland
2014-07-27T15:12:10.775383Z,2014,7,27,65.686300,22.050800,-6.0,0,4.4,1,mainland
2014-07-27T15:12:10.804818Z,2014,7,27,65.687100,22.049900,-4.0,0,3.4,1,mainland
2014-07-27T15:12:10.846348Z,2014,7,27,65.686900,22.046900,-7.0,0,5.0,1,mainland
2014-07-27T15:12:10.911375Z,2014,7,27,65.685100,22.047700,-8.0,0,5.0,1,mainland
2014-07-27T15:12:39.722146Z,2014,7,27,65.671800,22.034000,7.0,0,5.0,1,mainland
2014-07-27T15:12:40.230116Z,2014,7,27,65.744700,21.926200,-15.0,0,6.4,1,mainland
2014-07-27T15:12:40.269345Z,2014,7,27,65.743100,21.934700,-6.0,0,4.0,1,mainland
2014-07-27T15:12:40.420819Z,2014,7,27,65.743000,21.934100,-8.0,0,4.2,1,mainland
2014-07-27T15:13:02.283404Z,2014,7,27,65.664400,22.093800,-35.0,0,7.0,1,mainland
2014-07-27T15:13:02.321257Z,2014,7,27,65.676600,22.041300,-14.0,0,3.8,1,coast_uncertain
2014-07-27T15:13:02.333367Z,2014,7,27,65.677100,22.037000,-7.0,0,3.6,1,coast_uncertain
2014-07-27T15:13:52.899359Z,2014,7,27,65.689900,21.969800,4.0,0,2.0,1,mainland
2014-07-27T15:13:52.904229Z,2014,7,27,65.677100,21.993000,6.0,0,4.6,1,mainland
2014-07-27T15:13:53.754326Z,2014,7,27,65.745800,21.903600,-7.0,0,3.4,1,mainland
2014-07-27T15:14:20.765707Z,2014,7,27,65.681700,21.991600,-15.0,0,6.0,1,mainland
2014-07-27T15:14:20.782765Z,2014,7,27,65.684000,22.009600,-5.0,0,3.2,1,coast_uncertain
2014-07-27T15:14:33.251756Z,2014,7,27,65.808000,22.222800,-7.0,0,4.8,1,coast_uncertain
2014-07-27T15:14:33.266176Z,2014,7,27,65.812900,22.206200,-8.0,0,5.2,1,coast_uncertain
2014-07-27T15:14:33.281510Z,2014,7,27,65.815100,22.253600,-6.0,0,4.4,1,coast_uncertain
2014-07-27T15:15:21.400851Z,2014,7,27,65.626900,22.399100,-7.0,0,9.6,1,sea
2014-07-27T15:15:41.240480Z,2014,7,27,65.691900,21.972700,-6.0,0,3.4,1,coast_uncertain
2014-07-27T15:15:41.263356Z,2014,7,27,65.704400,22.044700,-7.0,0,4.4,1,mainland
2014-07-27T15:15:41.311270Z,2014,7,27,65.703800,22.083800,-8.0,0,4.4,1,mainland
2014-07-27T15:15:41.364115Z,2014,7,27,65.640800,22.017700,-4.0,0,3.6,1,mainland
2014-07-27T15:15:52.571120Z,2014,7,27,65.805700,22.244400,9.0,0,8.0,1,mainland
2014-07-27T15:15:53.111138Z,2014,7,27,65.841100,22.106100,-5.0,0,3.8,1,mainland
2014-07-27T15:15:53.146093Z,2014,7,27,65.839900,22.102900,-9.0,0,4.8,1,mainland
2014-07-27T15:15:53.180044Z,2014,7,27,65.842700,22.101600,-6.0,0,4.0,1,mainland
2014-07-27T15:16:37.235709Z,2014,7,27,65.690200,22.016000,-15.0,0,6.6,1,mainland
2014-07-27T15:16:37.273913Z,2014,7,27,65.694700,22.038300,-11.0,0,4.4,1,coast_uncertain
2014-07-27T15:16:37.306194Z,2014,7,27,65.673900,22.004500,-10.0,0,6.2,1,mainland
2014-07-27T15:16:37.352403Z,2014,7,27,65.706300,22.058000,-13.0,0,4.0,1,mainland
2014-07-27T15:16:37.400484Z,2014,7,27,65.686300,22.073000,-8.0,0,6.4,1,coast_uncertain
2014-07-27T15:16:37.627254Z,2014,7,27,65.687500,22.069500,-4.0,0,3.2,1,coast_uncertain
2014-07-27T15:17:22.743348Z,2014,7,27,65.695400,22.112000,-73.0,0,24.0,1,mainland
2014-07-27T15:17:22.790681Z,2014,7,27,65.699800,22.045600,-25.0,0,9.2,1,mainland
2014-07-27T15:17:22.831601Z,2014,7,27,65.658600,21.978100,-8.0,0,3.8,1,coast_uncertain
2014-07-27T15:17:22.861960Z,2014,7,27,65.699900,22.028700,-13.0,0,5.6,1,mainland
2014-07-27T15:18:25.276389Z,2014,7,27,65.691500,21.854900,-9.0,0,5.4,1,mainland
2014-07-27T15:18:25.322545Z,2014,7,27,65.694500,22.008600,-18.0,0,12.2,1,coast_uncertain
2014-07-27T15:20:07.092342Z,2014,7,27,65.688600,22.313900,-6.0,0,3.2,1,mainland
2014-07-27T15:20:07.220666Z,2014,7,27,65.691500,22.143700,-17.0,0,6.4,1,mainland
2014-07-27T15:20:24.217145Z,2014,7,27,65.689900,22.051000,-18.0,0,11.0,1,mainland
2014-07-27T15:20:50.925046Z,2014,7,27,65.670300,22.230000,8.0,0,5.0,1,coast_uncertain
2014-07-27T15:21:51.222342Z,2014,7,27,65.693800,21.989100,-15.0,0,5.6,1,coast_uncertain
2014-07-27T15:23:59.495574Z,2014,7,27,65.832400,22.290100,-12.0,0,7.8,1,mainland
2014-07-27T15:24:04.725468Z,2014,7,27,65.590800,21.506700,-26.0,0,15.8,1,coast_uncertain
2014-07-27T15:25:38.653824Z,2014,7,27,65.621500,21.542400,-18.0,0,8.6,1,mainland
2014-07-27T15:26:00.965345Z,2014,7,27,65.859400,22.297400,-11.0,0,18.4,1,coast_uncertain
2014-07-27T15:26:01.061964Z,2014,7,27,65.846400,22.356300,-16.0,0,9.0,1,coast_uncertain
2014-07-27T15:26:01.194140Z,2014,7,27,65.842900,22.409000,-16.0,0,9.8,1,sea
2014-07-27T15:26:01.284595Z,2014,7,27,65.843200,22.151700,-6.0,0,8.6,1,mainland
2014-07-27T15:26:40.048994Z,2014,7,27,65.695600,22.055200,8.0,0,4.8,1,mainland
2014-07-27T15:26:57.097517Z,2014,7,27,65.712000,22.262700,14.0,0,10.0,1,coast_uncertain
2014-07-27T15:27:49.065970Z,2014,7,27,65.616500,21.541400,-14.0,0,11.0,1,mainland
2014-07-27T15:28:08.289531Z,2014,7,27,65.234800,22.196400,3.0,0,5.2,1,sea
2014-07-27T15:28:11.931448Z,2014,7,27,65.701400,22.199800,10.0,0,27.2,1,mainland
2014-07-27T15:28:11.938039Z,2014,7,27,65.707800,22.136500,7.0,0,3.4,1,mainland
2014-07-27T15:28:12.370078Z,2014,7,27,65.890800,22.112100,-12.0,0,7.0,1,mainland
2014-07-27T15:29:30.214305Z,2014,7,27,65.474700,21.901400,6.0,0,10.0,1,mainland
2014-07-27T15:33:07.325133Z,2014,7,27,65.549400,21.701000,44.0,0,11.8,1,mainland
2014-07-27T15:33:56.866021Z,2014,7,27,65.714600,22.268200,4.0,0,3.6,1,coast_uncertain
2014-07-27T15:34:24.996280Z,2014,7,27,65.700200,22.307600,4.0,0,2.0,1,mainland
2014-07-27T15:34:35.764751Z,2014,7,27,65.807100,22.024500,7.0,0,3.4,1,coast_uncertain
2014-07-27T15:35:26.699343Z,2014,7,27,65.657200,21.939800,5.0,0,2.8,1,coast_uncertain
2014-07-27T15:35:56.944267Z,2014,7,27,65.694700,22.344700,3.0,0,1.4,1,mainland
2014-07-27T15:36:00.265414Z,2014,7,27,65.895800,22.317700,10.0,0,5.6,1,mainland
2014-07-27T15:37:17.151296Z,2014,7,27,65.980800,21.998200,-9.0,0,5.8,1,coast_uncertain
2014-07-27T15:37:17.289502Z,2014,7,27,65.669300,21.837300,28.0,0,10.2,1,coast_uncertain
2014-07-27T15:37:42.629666Z,2014,7,27,65.756400,22.153700,5.0,0,2.6,1,coast_uncertain
2014-07-27T15:38:13.358554Z,2014,7,27,66.027800,22.180000,23.0,0,23.2,1,coast_uncertain
2014-07-27T15:38:13.358711Z,2014,7,27,65.552600,21.682400,24.0,0,16.4,1,mainland
2014-07-27T15:38:27.556305Z,2014,7,27,65.910600,22.426600,16.0,0,15.0,1,coast_uncertain
2014-07-27T15:38:28.031553Z,2014,7,27,65.951600,22.248500,7.0,0,6.6,1,coast_uncertain
2014-07-27T15:40:20.174478Z,2014,7,27,65.813700,22.262600,17.0,0,10.4,1,coast_uncertain
2014-07-27T15:40:53.608229Z,2014,7,27,65.639900,21.465200,3.0,0,3.8,1,mainland
2014-07-27T15:40:54.188728Z,2014,7,27,65.672000,21.689000,-9.0,0,5.6,1,coast_uncertain
2014-07-27T15:40:54.269062Z,2014,7,27,65.671200,21.687800,-6.0,0,5.6,1,coast_uncertain
2014-07-27T15:41:24.406959Z,2014,7,27,65.783800,22.233400,5.0,0,2.0,1,mainland
2014-07-27T15:41:32.830073Z,2014,7,27,65.905100,22.546800,-6.0,0,3.8,1,mainland
2014-07-27T15:41:32.894162Z,2014,7,27,65.904300,22.550300,-6.0,0,3.2,1,mainland
2014-07-27T15:43:06.271479Z,2014,7,27,65.776600,22.244800,4.0,0,5.2,1,coast_uncertain
2014-07-27T15:43:18.381741Z,2014,7,27,65.954400,22.525400,-5.0,0,6.6,1,mainland
2014-07-27T15:43:36.175911Z,2014,7,27,65.892400,22.404000,-10.0,0,4.4,1,coast_uncertain
2014-07-27T15:43:36.197079Z,2014,7,27,65.904500,22.410000,-6.0,0,6.4,1,coast_uncertain
2014-07-27T15:43:36.458150Z,2014,7,27,65.903600,22.414200,-6.0,0,4.0,1,coast_uncertain
2014-07-27T15:43:50.164045Z,2014,7,27,65.852600,22.034300,-3.0,0,4.0,1,coast_uncertain
2014-07-27T15:43:50.283556Z,2014,7,27,65.800800,22.178500,11.0,0,8.8,1,mainland
2014-07-27T15:44:45.829068Z,2014,7,27,65.938500,22.416500,-9.0,0,4.6,1,mainland
2014-07-27T15:44:45.846832Z,2014,7,27,65.930600,22.455100,-8.0,0,5.4,1,inland_water
2014-07-27T15:45:36.626408Z,2014,7,27,65.810300,22.202000,4.0,0,2.2,1,coast_uncertain
2014-07-27T15:45:36.995862Z,2014,7,27,65.837700,22.319000,17.0,0,5.6,1,coast_uncertain
2014-07-27T15:45:59.644252Z,2014,7,27,65.990600,22.439200,-4.0,0,3.4,1,mainland
2014-07-27T15:45:59.708538Z,2014,7,27,65.955200,22.536200,-16.0,0,7.0,1,mainland
2014-07-27T15:45:59.821480Z,2014,7,27,65.955700,22.525400,-13.0,0,5.0,1,mainland
2014-07-27T15:45:59.857153Z,2014,7,27,65.953700,22.529100,-8.0,0,4.6,1,coast_uncertain
2014-07-27T15:46:14.135162Z,2014,7,27,65.815500,22.210200,-13.0,0,5.8,1,mainland
2014-07-27T15:46:14.158170Z,2014,7,27,65.815700,22.195100,-6.0,0,5.0,1,coast_uncertain
2014-07-27T15:46:14.188434Z,2014,7,27,65.806900,22.214100,-9.0,0,6.2,1,coast_uncertain
2014-07-27T15:46:14.335142Z,2014,7,27,65.815900,22.211500,-12.0,0,5.2,1,mainland
2014-07-27T15:46:28.731702Z,2014,7,27,65.770400,22.318700,3.0,0,3.4,1,coast_uncertain
2014-07-27T15:46:28.734461Z,2014,7,27,65.767200,22.396200,11.0,0,7.4,1,coast_uncertain
2014-07-27T15:46:28.750235Z,2014,7,27,65.793800,22.256500,4.0,0,5.2,1,mainland
2014-07-27T15:46:51.410926Z,2014,7,27,65.327100,22.012000,13.0,0,6.6,1,sea
2014-07-27T15:48:58.074070Z,2014,7,27,65.346100,21.983900,-12.0,0,4.0,1,sea
2014-07-27T15:49:20.201473Z,2014,7,27,65.332300,22.010100,18.0,0,13.2,1,sea
2014-07-27T15:49:35.092705Z,2014,7,27,65.307400,22.065100,-14.0,0,4.8,1,sea
2014-07-27T15:53:12.732849Z,2014,7,27,65.338000,22.007300,-9.0,0,8.4,1,sea
2014-07-27T15:54:12.412317Z,2014,7,27,65.924000,22.273500,12.0,0,11.6,1,coast_uncertain
2014-07-27T15:55:01.883305Z,2014,7,27,65.703500,21.894300,38.0,0,12.4,1,mainland
2014-07-27T15:56:41.255407Z,2014,7,27,65.334800,21.990700,-14.0,0,11.6,1,sea
2014-07-27T15:58:19.805260Z,2014,7,27,65.907700,22.415900,-15.0,0,9.4,1,coast_uncertain
2014-07-27T15:58:19.830172Z,2014,7,27,65.903800,22.465200,-6.0,0,5.2,1,coast_uncertain
2014-07-27T15:58:19.871577Z,2014,7,27,65.905600,22.369300,-12.0,0,7.6,1,mainland
2014-07-27T15:58:19.908389Z,2014,7,27,65.616300,21.455400,17.0,0,8.2,1,coast_uncertain
2014-07-27T15:58:51.385213Z,2014,7,27,65.378300,22.124900,-21.0,0,7.6,1,sea
2014-07-27T16:01:16.442149Z,2014,7,27,65.768300,22.033100,42.0,0,12.0,1,mainland
2014-07-27T16:01:43.161428Z,2014,7,27,65.378800,22.214600,-10.0,0,13.2,1,sea
2014-07-27T16:05:29.931127Z,2014,7,27,65.374500,22.349800,-14.0,0,5.0,1,sea
2014-07-27T16:05:53.172955Z,2014,7,27,65.418500,22.218100,-18.0,0,5.4,1,coast_uncertain
2014-07-27T16:07:24.193521Z,2014,7,27,65.401200,22.013300,-14.0,0,6.8,1,coast_uncertain
2014-07-27T16:07:24.692733Z,2014,7,27,65.414400,22.070800,-14.0,0,9.0,1,coast_uncertain
2014-07-27T16:07:39.998636Z,2014,7,27,65.865500,22.211900,10.0,0,6.4,1,mainland
2014-07-27T16:09:43.194498Z,2014,7,27,65.413300,22.398700,19.0,0,12.6,1,sea
2014-07-27T16:09:43.730354Z,2014,7,27,65.412100,22.277100,-20.0,0,6.6,1,sea
2014-07-27T16:10:36.261559Z,2014,7,27,65.423800,22.357000,-17.0,0,4.0,1,sea
2014-07-27T16:10:36.421597Z,2014,7,27,65.424600,22.334400,-14.0,0,3.4,1,sea
2014-07-27T16:11:35.215748Z,2014,7,27,65.285400,22.536100,5.0,0,4.6,1,sea
2014-07-27T16:12:14.293210Z,2014,7,27,65.411100,22.392900,-20.0,0,5.2,1,sea
2014-07-27T16:12:14.543751Z,2014,7,27,65.408700,22.409300,-24.0,0,9.6,1,sea
2014-07-27T16:12:14.609046Z,2014,7,27,65.413100,22.408300,-15.0,0,4.8,1,sea
2014-07-27T16:12:14.672803Z,2014,7,27,65.411000,22.397500,-15.0,0,5.2,1,sea
2014-07-27T16:12:15.016688Z,2014,7,27,65.411800,22.394800,-15.0,0,4.8,1,sea
2014-07-27T16:14:42.154717Z,2014,7,27,65.425900,22.449100,-15.0,0,4.6,1,sea
2014-07-27T16:18:25.209056Z,2014,7,27,65.293100,22.595600,-13.0,0,4.4,1,sea
2014-07-27T16:18:25.219492Z,2014,7,27,65.289100,22.659700,-9.0,0,3.0,1,sea
2014-07-27T16:19:38.030145Z,2014,7,27,65.415500,22.510700,-18.0,0,5.4,1,coast_uncertain
2014-07-27T16:20:30.982456Z,2014,7,27,65.425000,22.521200,-18.0,0,6.2,1,sea
2014-07-27T16:21:24.324701Z,2014,7,27,65.436000,22.480700,-16.0,0,3.8,1,sea
2014-07-27T16:25:07.646119Z,2014,7,27,65.310900,22.745900,-17.0,0,5.2,1,sea
2014-07-27T16:26:21.176107Z,2014,7,27,65.324300,22.730600,-16.0,0,5.0,1,sea
2014-07-27T16:26:21.266235Z,2014,7,27,65.324200,22.682700,-11.0,0,4.6,1,sea
2014-07-27T16:26:21.362397Z,2014,7,27,65.321700,22.700600,-12.0,0,3.2,1,sea
2014-07-27T16:30:04.243431Z,2014,7,27,65.741800,22.227800,45.0,0,15.2,1,coast_uncertain
2014-07-27T16:34:26.097443Z,2014,7,27,65.475200,22.476300,20.0,0,8.8,1,sea
2014-07-27T16:34:27.619988Z,2014,7,27,65.834300,22.103800,17.0,0,19.0,1,mainland
2014-07-27T16:37:40.340434Z,2014,7,27,65.435400,22.737900,18.0,0,7.4,1,sea
2014-07-27T16:40:03.205916Z,2014,7,27,65.436800,22.725500,21.0,0,8.2,1,sea
2014-07-27T16:42:03.522520Z,2014,7,27,65.453100,22.795700,50.0,0,11.2,1,sea
2014-07-27T16:42:04.278232Z,2014,7,27,65.665700,22.010500,20.0,0,8.8,1,mainland
2014-07-27T16:42:05.121250Z,2014,7,27,65.673600,21.554300,-8.0,0,4.2,1,coast_uncertain
2014-07-27T16:44:04.850963Z,2014,7,27,65.379400,22.995500,-32.0,0,6.2,1,sea
2014-07-28T04:19:00.017549Z,2014,7,28,65.614700,22.207100,-16.0,0,4.4,1,coast_uncertain
2014-07-28T04:19:00.025829Z,2014,7,28,65.616200,22.288700,-9.0,0,3.2,1,mainland
2014-07-28T04:25:41.080211Z,2014,7,28,65.638200,22.264200,-39.0,0,7.8,1,coast_uncertain
2014-07-28T04:29:23.677952Z,2014,7,28,65.642200,22.351600,-18.0,0,5.4,1,coast_uncertain
2014-07-28T04:30:56.458006Z,2014,7,28,65.633900,22.409600,-13.0,0,5.8,1,sea
2014-07-28T04:34:35.426292Z,2014,7,28,65.690600,22.559500,-10.0,0,3.2,1,sea
2014-07-28T04:44:55.504664Z,2014,7,28,65.687700,22.833700,-12.0,0,5.0,1,sea
2014-07-28T04:48:23.434599Z,2014,7,28,65.683100,22.605500,-13.0,0,3.0,1,coast_uncertain
2014-07-28T04:48:23.452418Z,2014,7,28,65.680800,22.539600,-7.0,0,2.6,1,coast_uncertain
2014-07-28T04:49:05.041488Z,2014,7,28,65.674500,22.461000,-23.0,0,5.0,1,coast_uncertain
2014-07-28T05:03:22.972294Z,2014,7,28,65.714500,22.593500,9.0,0,6.0,1,coast_uncertain
2014-07-28T05:20:45.634926Z,2014,7,28,65.730200,22.706300,-13.0,0,7.2,1,coast_uncertain
2014-07-28T05:29:50.795416Z,2014,7,28,65.415300,21.889000,-15.0,0,8.4,1,mainland
2014-07-28T05:31:22.224990Z,2014,7,28,65.408000,21.925100,-21.0,0,6.4,1,coast_uncertain
2014-07-28T05:33:57.318202Z,2014,7,28,65.416400,21.936600,-9.0,0,4.4,1,coast_uncertain
2014-07-28T05:35:09.100817Z,2014,7,28,65.424100,21.937900,-24.0,0,8.2,1,sea
2014-07-28T05:35:09.129359Z,2014,7,28,65.427300,21.934200,-16.0,0,4.6,1,sea
2014-07-28T05:38:40.673613Z,2014,7,28,65.430500,21.974700,-36.0,0,10.0,1,coast_uncertain
2014-07-28T05:42:27.054680Z,2014,7,28,65.443800,22.040300,-20.0,0,7.6,1,coast_uncertain
2014-07-28T05:46:11.313388Z,2014,7,28,65.466000,21.970000,7.0,0,3.8,1,mainland
2014-07-28T05:46:11.406600Z,2014,7,28,65.391600,22.021400,-16.0,0,6.0,1,coast_uncertain
2014-07-28T05:47:42.892636Z,2014,7,28,65.451800,22.123400,-13.0,0,6.0,1,sea
2014-07-28T05:49:15.254278Z,2014,7,28,65.464100,22.070800,-39.0,0,7.6,1,sea
2014-07-28T05:49:15.276595Z,2014,7,28,65.454100,22.055800,-10.0,0,5.4,1,coast_uncertain
2014-07-28T05:50:29.730147Z,2014,7,28,65.456100,22.099100,-40.0,0,9.4,1,sea
2014-07-28T05:53:00.160683Z,2014,7,28,65.465800,22.416000,-8.0,0,10.2,1,sea
2014-07-28T05:53:00.244095Z,2014,7,28,65.473100,22.206100,-13.0,0,5.2,1,sea
2014-07-28T05:54:01.067412Z,2014,7,28,65.482800,22.142900,-23.0,0,5.8,1,sea
2014-07-28T05:54:43.381960Z,2014,7,28,65.495600,22.110500,12.0,0,21.8,1,coast_uncertain
2014-07-28T05:55:15.341781Z,2014,7,28,65.487700,22.169500,-6.0,0,4.0,1,sea
2014-07-28T05:56:09.661437Z,2014,7,28,65.502200,22.249100,10.0,0,5.2,1,islands
2014-07-28T05:56:09.662197Z,2014,7,28,65.496300,22.234200,-11.0,0,11.2,1,coast_uncertain
2014-07-28T05:56:54.414749Z,2014,7,28,65.521000,22.567500,-25.0,0,6.4,1,coast_uncertain
2014-07-28T05:56:54.452473Z,2014,7,28,65.525700,22.583400,-9.0,0,5.0,1,coast_uncertain
2014-07-28T05:56:54.515186Z,2014,7,28,65.559900,22.592400,-6.0,0,3.8,1,coast_uncertain
2014-07-28T05:57:02.116149Z,2014,7,28,65.502700,22.227500,13.0,0,5.8,1,coast_uncertain
2014-07-28T05:57:41.015796Z,2014,7,28,65.531100,22.143100,15.0,0,30.2,1,coast_uncertain
2014-07-28T05:57:41.223021Z,2014,7,28,65.484100,22.374000,-9.0,0,4.8,1,coast_uncertain
2014-07-28T05:58:15.995964Z,2014,7,28,65.478700,22.272300,-54.0,0,10.2,1,coast_uncertain
2014-07-28T05:58:16.036586Z,2014,7,28,65.494900,22.381700,-15.0,0,6.2,1,sea
2014-07-28T05:58:16.052310Z,2014,7,28,65.417600,22.532400,-16.0,0,13.2,1,sea
2014-07-28T05:58:16.085244Z,2014,7,28,65.484300,22.262600,-32.0,0,11.8,1,coast_uncertain
2014-07-28T05:58:44.253691Z,2014,7,28,65.508500,22.829500,23.0,0,12.4,1,sea
2014-07-28T05:58:44.254197Z,2014,7,28,65.508800,22.841800,58.0,0,18.4,1,sea
2014-07-28T05:59:05.314429Z,2014,7,28,65.511100,22.278200,15.0,0,10.8,1,coast_uncertain
2014-07-28T05:59:40.559994Z,2014,7,28,65.541200,22.398600,-45.0,0,10.0,1,coast_uncertain
2014-07-28T05:59:50.630674Z,2014,7,28,65.496400,22.234800,-54.0,0,9.0,1,coast_uncertain
2014-07-28T05:59:50.659828Z,2014,7,28,65.502900,22.283100,-9.0,0,4.4,1,coast_uncertain
2014-07-28T05:59:50.692506Z,2014,7,28,65.495200,22.278100,-16.0,0,4.4,1,coast_uncertain
2014-07-28T06:00:01.865118Z,2014,7,28,65.476300,22.793300,-15.0,0,9.2,1,coast_uncertain
2014-07-28T06:00:51.077007Z,2014,7,28,65.501000,22.437100,15.0,0,17.2,1,sea
2014-07-28T06:01:44.209722Z,2014,7,28,65.416700,22.962900,31.0,0,11.0,1,sea
2014-07-28T06:01:44.212064Z,2014,7,28,65.554700,22.354100,-63.0,0,26.2,1,mainland
2014-07-28T06:01:44.305621Z,2014,7,28,65.563000,22.593600,-20.0,0,8.6,1,coast_uncertain
2014-07-28T06:01:58.848847Z,2014,7,28,65.543600,22.844300,23.0,0,17.6,1,sea
2014-07-28T06:01:58.850589Z,2014,7,28,65.586900,22.733400,11.0,0,16.6,1,sea
2014-07-28T06:02:41.043829Z,2014,7,28,65.514500,22.402500,-32.0,0,7.0,1,sea
2014-07-28T06:02:41.085487Z,2014,7,28,65.574100,22.436100,-19.0,0,16.8,1,sea
2014-07-28T06:02:41.101065Z,2014,7,28,65.521900,22.363400,-10.0,0,5.6,1,coast_uncertain
2014-07-28T06:02:53.303332Z,2014,7,28,65.546400,22.650300,-45.0,0,12.0,1,coast_uncertain
2014-07-28T06:02:53.340083Z,2014,7,28,65.543000,22.605600,-10.0,0,4.6,1,coast_uncertain
2014-07-28T06:02:53.396033Z,2014,7,28,65.532800,22.597900,-11.0,0,7.8,1,coast_uncertain
2014-07-28T06:03:13.462569Z,2014,7,28,65.508700,22.289900,-16.0,0,5.6,1,coast_uncertain
2014-07-28T06:04:42.077907Z,2014,7,28,65.541000,22.771400,7.0,0,6.6,1,coast_uncertain
2014-07-28T06:04:42.233383Z,2014,7,28,65.523200,22.927400,-4.0,0,2.2,1,sea
2014-07-28T06:04:44.176365Z,2014,7,28,65.539100,22.623200,-33.0,0,6.4,1,sea
2014-07-28T06:05:18.036920Z,2014,7,28,65.527200,22.552200,-24.0,0,4.4,1,coast_uncertain
2014-07-28T06:05:18.151114Z,2014,7,28,65.507700,22.589700,-7.0,0,5.6,1,coast_uncertain
2014-07-28T06:05:18.285886Z,2014,7,28,65.503600,22.594100,-13.0,0,3.8,1,sea
2014-07-28T06:06:05.811501Z,2014,7,28,65.540300,22.880500,-14.0,0,3.2,1,sea
2014-07-28T06:06:05.818259Z,2014,7,28,65.547000,22.870500,-16.0,0,3.8,1,sea
2014-07-28T06:06:05.837556Z,2014,7,28,65.553500,22.776700,-5.0,0,3.4,1,coast_uncertain
2014-07-28T06:06:23.334187Z,2014,7,28,65.568000,22.553200,3.0,0,1.8,1,islands
2014-07-28T06:06:23.367479Z,2014,7,28,65.535300,22.688100,-3.0,0,3.8,1,sea
2014-07-28T06:06:23.719780Z,2014,7,28,65.507800,22.592100,-19.0,0,7.8,1,coast_uncertain
2014-07-28T06:06:58.560170Z,2014,7,28,65.560100,22.545000,12.0,0,8.8,1,coast_uncertain
2014-07-28T06:06:58.560782Z,2014,7,28,65.555900,22.509800,11.0,0,9.8,1,sea
2014-07-28T06:07:15.495006Z,2014,7,28,65.481800,22.532100,-14.0,0,4.2,1,coast_uncertain
2014-07-28T06:07:15.615559Z,2014,7,28,65.483100,22.541100,-9.0,0,3.2,1,coast_uncertain
2014-07-28T06:07:59.321900Z,2014,7,28,65.541000,22.543000,-25.0,0,5.8,1,coast_uncertain
2014-07-28T06:07:59.417489Z,2014,7,28,65.547900,22.520000,-7.0,0,4.6,1,sea
2014-07-28T06:07:59.850231Z,2014,7,28,65.559200,22.532500,-32.0,0,7.0,1,coast_uncertain
2014-07-28T06:08:47.756711Z,2014,7,28,65.631900,22.515700,-21.0,0,6.8,1,sea
2014-07-28T06:09:12.701056Z,2014,7,28,65.575200,22.799600,13.0,0,10.2,1,sea
2014-07-28T06:09:12.793895Z,2014,7,28,65.529800,22.825300,-43.0,0,4.4,1,sea
2014-07-28T06:09:53.441113Z,2014,7,28,65.523100,22.628000,-27.0,0,7.4,1,sea
2014-07-28T06:09:53.530359Z,2014,7,28,65.518500,22.624800,-7.0,0,2.6,1,coast_uncertain
2014-07-28T06:09:53.743802Z,2014,7,28,65.519200,22.624400,-25.0,0,5.0,1,coast_uncertain
2014-07-28T06:10:19.918478Z,2014,7,28,65.596100,22.779900,12.0,0,13.2,1,sea
2014-07-28T06:10:24.714642Z,2014,7,28,65.525800,22.540600,-18.0,0,7.0,1,coast_uncertain
2014-07-28T06:11:02.008965Z,2014,7,28,65.536700,22.622700,-8.0,0,4.6,1,sea
2014-07-28T06:11:02.299374Z,2014,7,28,65.631800,22.412700,4.0,0,3.2,1,coast_uncertain
2014-07-28T06:11:20.904666Z,2014,7,28,65.480500,22.781300,-10.0,0,9.0,1,sea
2014-07-28T06:11:21.588868Z,2014,7,28,65.560800,22.856300,-40.0,0,9.4,1,sea
2014-07-28T06:11:37.264396Z,2014,7,28,65.519600,22.565800,-16.0,0,5.4,1,coast_uncertain
2014-07-28T06:12:32.444505Z,2014,7,28,65.588100,22.825700,4.0,0,5.0,1,sea
2014-07-28T06:12:56.669471Z,2014,7,28,65.556000,22.650100,-30.0,0,5.6,1,coast_uncertain
2014-07-28T06:12:56.901783Z,2014,7,28,65.475800,22.442400,-10.0,0,2.8,1,sea
2014-07-28T06:13:14.308163Z,2014,7,28,65.591100,22.707200,10.0,0,7.0,1,sea
2014-07-28T06:13:14.308685Z,2014,7,28,65.566100,22.843100,30.0,0,15.6,1,sea
2014-07-28T06:13:14.556887Z,2014,7,28,65.541400,22.823500,-14.0,0,5.8,1,coast_uncertain
2014-07-28T06:13:47.048569Z,2014,7,28,65.528300,22.634900,-33.0,0,9.6,1,sea
2014-07-28T06:14:56.859751Z,2014,7,28,65.535600,22.444900,15.0,0,12.0,1,sea
2014-07-28T06:14:56.860510Z,2014,7,28,65.385500,23.009800,11.0,0,10.4,1,sea
2014-07-28T06:14:56.861168Z,2014,7,28,65.521200,22.588400,11.0,0,14.6,1,islands
2014-07-28T06:15:14.569324Z,2014,7,28,65.569500,22.890800,-13.0,0,6.0,1,sea
2014-07-28T06:15:41.774105Z,2014,7,28,65.569800,22.656800,12.0,0,6.6,1,sea
2014-07-28T06:15:42.131823Z,2014,7,28,65.491800,22.508500,-16.0,0,6.4,1,coast_uncertain
2014-07-28T06:15:50.567345Z,2014,7,28,65.574100,22.888700,29.0,0,11.6,1,sea
2014-07-28T06:16:16.112313Z,2014,7,28,65.590000,22.850100,19.0,0,12.2,1,sea
2014-07-28T06:16:52.067073Z,2014,7,28,65.550300,22.477100,35.0,0,11.8,1,sea
2014-07-28T06:16:52.214069Z,2014,7,28,65.485700,22.452900,-31.0,0,5.2,1,sea
2014-07-28T06:17:22.530129Z,2014,7,28,65.583700,22.905000,11.0,0,7.0,1,sea
2014-07-28T06:17:22.565311Z,2014,7,28,65.567400,22.921100,10.0,0,10.8,1,sea
2014-07-28T06:17:22.672107Z,2014,7,28,65.544100,22.892300,-29.0,0,11.6,1,sea
2014-07-28T06:17:22.843729Z,2014,7,28,65.637500,22.706000,-35.0,0,12.0,1,sea
2014-07-28T06:17:22.897321Z,2014,7,28,65.576800,22.860700,-46.0,0,12.2,1,sea
2014-07-28T06:17:22.947010Z,2014,7,28,65.580000,22.851700,-34.0,0,10.0,1,sea
2014-07-28T06:17:22.972853Z,2014,7,28,65.615000,22.678400,-12.0,0,5.8,1,coast_uncertain
2014-07-28T06:17:46.371674Z,2014,7,28,65.579000,22.878500,16.0,0,4.6,1,sea
2014-07-28T06:17:46.669128Z,2014,7,28,65.582500,22.714400,-18.0,0,4.4,1,sea
2014-07-28T06:18:21.261031Z,2014,7,28,65.520200,22.742900,-26.0,0,10.0,1,sea
2014-07-28T06:18:21.595373Z,2014,7,28,65.595800,22.800600,-65.0,0,7.8,1,sea
2014-07-28T06:18:21.638981Z,2014,7,28,65.592000,22.805300,-6.0,0,2.8,1,sea
2014-07-28T06:18:21.686233Z,2014,7,28,65.595700,22.800600,-15.0,0,5.2,1,sea
2014-07-28T06:18:21.713562Z,2014,7,28,65.591900,22.805500,-8.0,0,3.2,1,sea
2014-07-28T06:18:52.055243Z,2014,7,28,65.554100,22.495200,21.0,0,9.2,1,sea
2014-07-28T06:19:28.233046Z,2014,7,28,65.461200,22.838400,13.0,0,18.2,1,sea
2014-07-28T06:19:28.471006Z,2014,7,28,65.538800,22.521900,-36.0,0,12.6,1,sea
2014-07-28T06:19:28.577928Z,2014,7,28,65.539600,22.515800,-34.0,0,8.8,1,sea
2014-07-28T06:19:28.639496Z,2014,7,28,65.541800,22.517900,-18.0,0,4.6,1,sea
2014-07-28T06:19:28.896389Z,2014,7,28,65.587700,22.871500,-62.0,0,5.0,1,sea
2014-07-28T06:19:28.944045Z,2014,7,28,65.593700,22.856900,-19.0,0,6.6,1,sea
2014-07-28T06:19:45.609736Z,2014,7,28,65.278100,22.537400,13.0,0,3.4,1,sea
2014-07-28T06:19:48.081575Z,2014,7,28,65.568700,22.567700,-14.0,0,5.0,1,coast_uncertain
2014-07-28T06:19:48.197070Z,2014,7,28,65.565500,22.560400,-23.0,0,4.6,1,coast_uncertain
2014-07-28T06:20:04.635048Z,2014,7,28,65.588300,22.877400,11.0,0,6.6,1,sea
2014-07-28T06:20:04.635898Z,2014,7,28,65.626000,22.714900,-13.0,0,8.4,1,sea
2014-07-28T06:20:04.798680Z,2014,7,28,65.588300,22.889500,-16.0,0,4.4,1,sea
2014-07-28T06:20:05.074418Z,2014,7,28,65.559100,22.924700,-16.0,0,7.6,1,sea
2014-07-28T06:20:05.251624Z,2014,7,28,65.556400,22.918800,-5.0,0,3.0,1,sea
2014-07-28T06:20:14.634943Z,2014,7,28,65.560200,22.490000,14.0,0,6.6,1,sea
2014-07-28T06:20:52.495088Z,2014,7,28,65.556900,22.822700,-43.0,0,4.0,1,sea
2014-07-28T06:21:20.246286Z,2014,7,28,65.581700,22.823100,-27.0,0,6.0,1,sea
2014-07-28T06:21:20.368152Z,2014,7,28,65.585300,22.829800,-16.0,0,5.0,1,sea
2014-07-28T06:21:20.520611Z,2014,7,28,65.583800,22.814600,-16.0,0,4.4,1,sea
2014-07-28T06:21:20.579533Z,2014,7,28,65.581300,22.832800,-20.0,0,5.6,1,sea
2014-07-28T06:21:31.441975Z,2014,7,28,65.358700,22.803900,-14.0,0,19.4,1,sea
2014-07-28T06:22:16.772219Z,2014,7,28,65.598100,22.836300,-49.0,0,6.4,1,sea
2014-07-28T06:22:16.789794Z,2014,7,28,65.598900,22.832300,-17.0,0,4.4,1,sea
2014-07-28T06:22:16.791539Z,2014,7,28,65.603300,22.823000,-13.0,0,7.8,1,sea
2014-07-28T06:22:17.032235Z,2014,7,28,65.611700,22.761600,-26.0,0,30.2,1,sea
2014-07-28T06:23:22.048596Z,2014,7,28,65.555100,22.551100,18.0,0,7.0,1,coast_uncertain
2014-07-28T06:23:22.051880Z,2014,7,28,65.537300,22.471100,-64.0,0,15.4,1,sea
2014-07-28T06:23:22.080849Z,2014,7,28,65.540500,22.488000,-31.0,0,6.8,1,sea
2014-07-28T06:23:57.454117Z,2014,7,28,65.519100,22.539800,-13.0,0,5.0,1,sea
2014-07-28T06:23:57.819561Z,2014,7,28,65.520900,22.546600,-22.0,0,5.2,1,coast_uncertain
2014-07-28T06:24:14.108996Z,2014,7,28,65.579400,22.773200,-29.0,0,8.0,1,sea
2014-07-28T06:24:14.157473Z,2014,7,28,65.563700,22.770200,-13.0,0,5.0,1,coast_uncertain
2014-07-28T06:24:14.229739Z,2014,7,28,65.564100,22.772600,-14.0,0,4.2,1,coast_uncertain
2014-07-28T06:24:14.288103Z,2014,7,28,65.563100,22.776000,-7.0,0,3.2,1,islands
2014-07-28T06:24:14.376622Z,2014,7,28,65.564100,22.772400,-20.0,0,5.0,1,coast_uncertain
2014-07-28T06:24:14.424844Z,2014,7,28,65.564200,22.771000,-16.0,0,3.8,1,coast_uncertain
2014-07-28T06:24:14.464862Z,2014,7,28,65.562900,22.769800,-11.0,0,3.4,1,coast_uncertain
2014-07-28T06:24:14.850971Z,2014,7,28,65.565700,22.767200,-5.0,0,2.6,1,coast_uncertain
2014-07-28T06:24:37.354175Z,2014,7,28,65.614900,22.799600,17.0,0,5.6,1,sea
2014-07-28T06:25:07.902467Z,2014,7,28,65.565900,22.604200,-20.0,0,5.8,1,coast_uncertain
2014-07-28T06:25:08.370101Z,2014,7,28,65.565200,22.603000,-14.0,0,5.8,1,coast_uncertain
2014-07-28T06:25:08.402769Z,2014,7,28,65.592200,22.685500,15.0,0,30.2,1,sea
2014-07-28T06:25:39.900017Z,2014,7,28,65.546200,22.663800,-22.0,0,4.4,1,coast_uncertain
2014-07-28T06:25:40.093018Z,2014,7,28,65.572300,22.635700,6.0,0,4.4,1,coast_uncertain
2014-07-28T06:25:40.129692Z,2014,7,28,65.587500,22.595600,6.0,0,4.6,1,coast_uncertain
2014-07-28T06:26:09.675658Z,2014,7,28,65.602200,22.883900,-55.0,0,6.4,1,sea
2014-07-28T06:26:37.130510Z,2014,7,28,65.565300,22.563800,-17.0,0,5.0,1,coast_uncertain
2014-07-28T06:26:37.156476Z,2014,7,28,65.570600,22.610700,-10.0,0,5.0,1,coast_uncertain
2014-07-28T06:26:37.178907Z,2014,7,28,65.560800,22.571600,-10.0,0,3.4,1,coast_uncertain
2014-07-28T06:26:37.836363Z,2014,7,28,65.355200,22.087100,3.0,0,2.6,1,sea
2014-07-28T06:27:27.130716Z,2014,7,28,65.574400,22.781700,-24.0,0,27.6,1,sea
2014-07-28T06:27:37.303228Z,2014,7,28,65.558100,22.601900,-15.0,0,3.8,1,coast_uncertain
2014-07-28T06:27:37.340639Z,2014,7,28,65.559100,22.600500,-8.0,0,4.0,1,coast_uncertain
2014-07-28T06:27:37.367889Z,2014,7,28,65.547100,22.616100,-9.0,0,5.2,1,coast_uncertain
2014-07-28T06:27:37.652252Z,2014,7,28,65.556300,22.602100,-14.0,0,5.4,1,coast_uncertain
2014-07-28T06:27:37.731147Z,2014,7,28,65.556800,22.602200,-12.0,0,5.6,1,coast_uncertain
2014-07-28T06:27:37.778075Z,2014,7,28,65.558900,22.598600,-6.0,0,4.0,1,coast_uncertain
2014-07-28T06:28:21.406693Z,2014,7,28,65.559900,22.640200,-65.0,0,7.2,1,sea
2014-07-28T06:28:21.430487Z,2014,7,28,65.572500,22.628200,-30.0,0,7.2,1,coast_uncertain
2014-07-28T06:28:21.459802Z,2014,7,28,65.567700,22.597700,-13.0,0,6.6,1,islands
2014-07-28T06:28:21.515799Z,2014,7,28,65.580500,22.649200,-12.0,0,5.6,1,coast_uncertain
2014-07-28T06:28:21.553827Z,2014,7,28,65.561200,22.682100,-11.0,0,3.8,1,coast_uncertain
2014-07-28T06:28:21.660018Z,2014,7,28,65.549100,22.660500,-11.0,0,4.4,1,coast_uncertain
2014-07-28T06:28:52.188136Z,2014,7,28,65.554200,22.629100,-19.0,0,6.0,1,coast_uncertain
2014-07-28T06:28:52.232544Z,2014,7,28,65.557200,22.628700,-16.0,0,5.2,1,coast_uncertain
2014-07-28T06:28:52.867836Z,2014,7,28,65.557200,22.613900,-12.0,0,3.0,1,coast_uncertain
2014-07-28T06:29:31.810891Z,2014,7,28,65.570400,22.834600,-6.0,0,2.2,1,sea
2014-07-28T06:30:51.958729Z,2014,7,28,65.564100,22.678600,-40.0,0,9.8,1,coast_uncertain
2014-07-28T06:30:52.538449Z,2014,7,28,65.571100,22.661800,-18.0,0,4.2,1,sea
2014-07-28T06:30:52.600444Z,2014,7,28,65.569800,22.676100,-10.0,0,4.0,1,sea
2014-07-28T06:30:52.604460Z,2014,7,28,65.563800,22.679300,-11.0,0,7.8,1,coast_uncertain
2014-07-28T06:31:36.941943Z,2014,7,28,65.605500,22.628400,4.0,0,2.2,1,coast_uncertain
2014-07-28T06:33:27.203569Z,2014,7,28,65.558200,22.699100,-20.0,0,7.4,1,coast_uncertain
2014-07-28T06:33:27.223950Z,2014,7,28,65.589400,22.702400,-9.0,0,3.2,1,sea
2014-07-28T06:33:27.239502Z,2014,7,28,65.545100,22.760400,-3.0,0,1.8,1,coast_uncertain
2014-07-28T06:33:27.688935Z,2014,7,28,65.571800,22.649400,5.0,0,5.0,1,sea
2014-07-28T06:34:16.817604Z,2014,7,28,65.550000,22.717800,-17.0,0,4.4,1,sea
2014-07-28T06:34:16.848920Z,2014,7,28,65.600000,22.759500,-9.0,0,3.6,1,coast_uncertain
2014-07-28T06:34:16.866583Z,2014,7,28,65.549600,22.719900,-11.0,0,4.0,1,sea
2014-07-28T06:34:16.891086Z,2014,7,28,65.546400,22.716700,-15.0,0,4.4,1,sea
2014-07-28T06:34:17.327783Z,2014,7,28,65.552300,22.727400,-9.0,0,4.0,1,coast_uncertain
2014-07-28T06:34:17.443369Z,2014,7,28,65.548300,22.717200,-6.0,0,3.4,1,sea
2014-07-28T06:34:59.323776Z,2014,7,28,65.561900,22.728200,-27.0,0,7.2,1,sea
2014-07-28T06:34:59.350775Z,2014,7,28,65.564100,22.724400,-6.0,0,2.6,1,sea
2014-07-28T06:34:59.365188Z,2014,7,28,65.563700,22.734400,-9.0,0,2.6,1,coast_uncertain
2014-07-28T06:34:59.388079Z,2014,7,28,65.561800,22.727900,-15.0,0,3.0,1,sea
2014-07-28T06:34:59.402149Z,2014,7,28,65.564300,22.723400,-8.0,0,2.8,1,sea
2014-07-28T06:34:59.461242Z,2014,7,28,65.564200,22.707700,-14.0,0,4.6,1,sea
2014-07-28T06:34:59.527304Z,2014,7,28,65.562900,22.727800,-32.0,0,7.2,1,sea
2014-07-28T06:34:59.572419Z,2014,7,28,65.561700,22.727300,-13.0,0,3.2,1,sea
2014-07-28T06:34:59.686424Z,2014,7,28,65.565600,22.731600,-18.0,0,4.0,1,coast_uncertain
2014-07-28T06:36:35.896039Z,2014,7,28,65.620500,22.827100,-80.0,0,16.2,1,sea
2014-07-28T06:36:35.896090Z,2014,7,28,65.525500,22.592300,-76.0,0,22.4,1,coast_uncertain
2014-07-28T06:37:09.890436Z,2014,7,28,65.573900,22.764600,-14.0,0,5.8,1,sea
2014-07-28T06:37:09.934704Z,2014,7,28,65.577000,22.765100,-17.0,0,5.2,1,sea
2014-07-28T06:37:09.958994Z,2014,7,28,65.576600,22.763000,-11.0,0,3.8,1,sea
2014-07-28T06:37:10.011643Z,2014,7,28,65.560200,22.713200,-12.0,0,3.2,1,sea
2014-07-28T06:37:10.071059Z,2014,7,28,65.577400,22.764700,-16.0,0,5.2,1,sea
2014-07-28T06:37:10.071425Z,2014,7,28,65.641800,22.738000,-12.0,0,9.6,1,coast_uncertain
2014-07-28T06:37:10.188106Z,2014,7,28,65.574100,22.769900,-31.0,0,7.6,1,sea
2014-07-28T06:37:10.251997Z,2014,7,28,65.559600,22.794900,-4.0,0,2.2,1,coast_uncertain
2014-07-28T06:37:10.318792Z,2014,7,28,65.576700,22.763700,-7.0,0,3.8,1,sea
2014-07-28T06:37:10.518521Z,2014,7,28,65.574600,22.764900,-12.0,0,3.6,1,sea
2014-07-28T06:37:10.600745Z,2014,7,28,65.575700,22.765400,-5.0,0,3.2,1,sea
2014-07-28T06:56:49.964939Z,2014,7,28,65.330700,22.654000,-4.0,0,6.4,1,sea
2014-07-28T07:02:07.058508Z,2014,7,28,65.550100,22.837400,-6.0,0,5.6,1,sea
2014-07-28T07:05:02.813974Z,2014,7,28,65.542900,22.788800,-3.0,0,3.2,1,coast_uncertain
2014-07-28T07:21:51.175657Z,2014,7,28,65.504500,22.594000,7.0,0,4.2,1,sea
2014-07-28T07:22:46.609466Z,2014,7,28,65.548800,22.865000,-21.0,0,7.0,1,sea
2014-07-28T07:23:13.799848Z,2014,7,28,65.550600,22.733200,13.0,0,10.8,1,coast_uncertain
2014-07-28T07:24:36.106647Z,2014,7,28,65.524800,22.849600,-17.0,0,5.0,1,sea
2014-07-28T07:25:49.427465Z,2014,7,28,65.553800,22.904200,-31.0,0,7.0,1,sea
2014-07-28T07:25:49.490771Z,2014,7,28,65.548200,22.873100,-9.0,0,6.0,1,sea
2014-07-28T07:26:37.807255Z,2014,7,28,65.549200,22.787300,-6.0,0,3.2,1,coast_uncertain
2014-07-28T07:29:05.270331Z,2014,7,28,65.557900,22.931900,-8.0,0,5.2,1,sea
2014-07-28T07:31:25.826825Z,2014,7,28,65.550800,22.922200,-51.0,0,7.2,1,sea
2014-07-28T07:32:13.741675Z,2014,7,28,65.569100,22.886100,11.0,0,8.4,1,sea
2014-07-28T07:33:13.154910Z,2014,7,28,65.515600,22.811400,-4.0,0,3.0,1,sea
2014-07-28T07:34:03.222278Z,2014,7,28,65.559700,22.926300,13.0,0,7.6,1,sea
2014-07-28T07:34:33.119629Z,2014,7,28,65.546300,22.935600,-8.0,0,3.8,1,sea
2014-07-28T07:35:14.016835Z,2014,7,28,65.595700,22.713200,-8.0,0,5.6,1,sea
2014-07-28T07:36:49.994043Z,2014,7,28,65.513700,22.803700,-8.0,0,3.0,1,sea
2014-07-28T07:37:49.318144Z,2014,7,28,65.554600,22.938200,-61.0,0,19.4,1,sea
2014-07-28T07:38:44.172152Z,2014,7,28,65.655500,22.388900,-22.0,0,25.6,1,coast_uncertain
2014-07-28T07:38:44.946082Z,2014,7,28,65.541400,22.898000,-4.0,0,2.8,1,sea
2014-07-28T07:39:39.947244Z,2014,7,28,65.717500,22.568500,-42.0,0,18.6,1,coast_uncertain
2014-07-28T07:39:40.021820Z,2014,7,28,65.553900,22.884500,-17.0,0,6.2,1,sea
2014-07-28T07:41:59.461377Z,2014,7,28,65.625600,22.691000,-13.0,0,5.6,1,sea
2014-07-28T07:44:45.192362Z,2014,7,28,65.562800,22.924900,-4.0,0,1.8,1,sea
2014-07-28T07:45:57.160324Z,2014,7,28,65.549200,22.901700,-5.0,0,2.2,1,sea
2014-07-28T07:47:05.671789Z,2014,7,28,65.558700,22.934400,-20.0,0,4.6,1,sea
2014-07-28T07:50:39.523152Z,2014,7,28,65.538200,22.859700,-7.0,0,4.4,1,sea
2014-07-28T07:53:16.182520Z,2014,7,28,65.522400,22.913300,-5.0,0,2.6,1,sea
2014-07-28T07:53:16.648179Z,2014,7,28,65.519900,22.913600,-7.0,0,3.4,1,sea
2014-07-28T08:00:29.525306Z,2014,7,28,65.563200,22.919300,-5.0,0,1.8,1,sea
2014-07-28T08:04:44.559128Z,2014,7,28,65.566800,22.919900,-5.0,0,4.8,1,sea
2014-07-28T08:18:06.938267Z,2014,7,28,65.524500,22.951600,-8.0,0,3.8,1,sea
2014-07-28T08:28:50.518437Z,2014,7,28,65.647500,22.728300,18.0,0,5.4,1,coast_uncertain
2014-07-28T09:20:19.456497Z,2014,7,28,65.556200,22.927500,-5.0,0,3.0,1,sea
2014-07-28T14:30:53.155959Z,2014,7,28,66.162900,22.114900,20.0,0,13.2,1,mainland
2014-07-28T14:32:50.588395Z,2014,7,28,66.117900,22.200700,-11.0,0,9.0,1,coast_uncertain
2014-07-28T14:35:27.701965Z,2014,7,28,66.213700,22.168100,-38.0,0,20.4,1,mainland
2014-07-28T14:35:41.827867Z,2014,7,28,66.221100,22.035700,-23.0,0,10.6,1,coast_uncertain
2014-07-28T14:36:35.421290Z,2014,7,28,66.155700,22.181600,15.0,0,11.8,1,coast_uncertain
2014-07-28T14:36:35.422270Z,2014,7,28,66.130600,22.199500,12.0,0,19.4,1,mainland
2014-07-28T14:38:18.534145Z,2014,7,28,66.195800,22.163900,-10.0,0,7.4,1,mainland
2014-07-28T14:40:27.401414Z,2014,7,28,66.137800,22.171700,-12.0,0,12.2,1,mainland
2014-07-28T14:40:43.034783Z,2014,7,28,66.231200,22.145600,12.0,0,5.8,1,mainland
2014-07-28T14:40:43.035286Z,2014,7,28,66.244800,22.099700,23.0,0,15.6,1,coast_uncertain
2014-07-28T14:41:10.098794Z,2014,7,28,66.123800,22.247900,6.0,0,10.4,1,coast_uncertain
2014-07-28T14:41:45.816459Z,2014,7,28,66.220900,22.171000,13.0,0,20.6,1,mainland
2014-07-28T14:41:45.817021Z,2014,7,28,66.084200,22.357300,-21.0,0,27.6,1,coast_uncertain
2014-07-28T14:42:19.483051Z,2014,7,28,66.217400,22.214400,-11.0,0,25.2,1,mainland
2014-07-28T14:45:39.767071Z,2014,7,28,66.274800,22.112700,-12.0,0,8.2,1,mainland
2014-07-28T14:46:52.394907Z,2014,7,28,66.121100,22.281700,-10.0,0,16.8,1,coast_uncertain
2014-07-28T14:47:06.210257Z,2014,7,28,66.074500,22.399500,-12.0,0,4.8,1,mainland
2014-07-28T14:50:14.454267Z,2014,7,28,66.198600,22.167100,-33.0,0,10.8,1,mainland
2014-07-28T14:50:50.726666Z,2014,7,28,65.958300,22.294300,-27.0,0,11.0,1,mainland
2014-07-28T14:51:22.004727Z,2014,7,28,66.011100,22.428400,-22.0,0,15.0,1,mainland
2014-07-28T14:51:49.194313Z,2014,7,28,66.223000,22.196600,-11.0,0,17.0,1,mainland
2014-07-28T14:52:41.612951Z,2014,7,28,65.866600,22.355800,-30.0,0,21.4,1,coast_uncertain
2014-07-28T14:52:41.672598Z,2014,7,28,66.209200,22.163400,-13.0,0,11.4,1,mainland
2014-07-28T14:53:05.106240Z,2014,7,28,66.175100,22.188000,-30.0,0,14.4,1,mainland
2014-07-28T14:53:30.499302Z,2014,7,28,66.194100,22.135900,-17.0,0,9.0,1,coast_uncertain
2014-07-28T14:53:30.527468Z,2014,7,28,66.156300,22.234700,-17.0,0,6.0,1,coast_uncertain
2014-07-28T14:53:30.653489Z,2014,7,28,65.926400,22.347400,-18.0,0,8.2,1,mainland
2014-07-28T14:54:06.833089Z,2014,7,28,66.155600,22.205100,-18.0,0,8.4,1,coast_uncertain
2014-07-28T14:54:06.869406Z,2014,7,28,66.144700,22.209900,-12.0,0,5.6,1,coast_uncertain
2014-07-28T14:54:37.244181Z,2014,7,28,66.123800,22.267900,-23.0,0,17.6,1,coast_uncertain
2014-07-28T14:54:37.278149Z,2014,7,28,66.066000,22.266400,-15.0,0,5.6,1,coast_uncertain
2014-07-28T14:54:37.304899Z,2014,7,28,66.061400,22.234000,-20.0,0,8.2,1,coast_uncertain
2014-07-28T14:56:37.178270Z,2014,7,28,66.172700,22.254800,-11.0,0,6.6,1,mainland
2014-07-28T14:56:37.210074Z,2014,7,28,66.193200,22.192900,-16.0,0,10.4,1,mainland
2014-07-28T14:56:37.272226Z,2014,7,28,66.173400,22.210800,9.0,0,8.0,1,mainland
2014-07-28T14:57:44.735403Z,2014,7,28,66.140100,22.295000,-43.0,0,26.2,1,coast_uncertain
2014-07-28T14:57:45.115254Z,2014,7,28,66.148300,22.274800,-12.0,0,7.8,1,coast_uncertain
2014-07-28T14:58:58.692127Z,2014,7,28,65.797300,22.257300,-53.0,0,25.0,1,mainland
2014-07-28T14:58:58.714892Z,2014,7,28,66.153900,22.299300,-11.0,0,8.8,1,coast_uncertain
2014-07-28T14:58:58.740234Z,2014,7,28,66.193400,22.201000,-17.0,0,7.4,1,mainland
2014-07-28T15:00:18.501474Z,2014,7,28,66.130600,22.230600,-38.0,0,12.2,1,coast_uncertain
2014-07-28T15:00:18.532142Z,2014,7,28,66.100200,22.245500,-13.0,0,6.0,1,coast_uncertain
2014-07-28T15:04:24.591605Z,2014,7,28,66.133300,22.250900,-14.0,0,9.6,1,coast_uncertain
2014-07-28T15:06:46.499632Z,2014,7,28,65.953500,22.300900,10.0,0,15.4,1,mainland
2014-07-28T15:07:27.372138Z,2014,7,28,66.227400,22.166900,14.0,0,19.4,1,mainland
2014-07-28T15:07:27.383349Z,2014,7,28,66.250000,22.148000,24.0,0,16.8,1,mainland
2014-07-28T15:07:37.934058Z,2014,7,28,66.227700,22.052000,-10.0,0,13.6,1,coast_uncertain
2014-07-28T15:10:47.898910Z,2014,7,28,66.040600,22.117200,13.0,0,19.2,1,coast_uncertain
2014-07-28T15:10:47.902678Z,2014,7,28,66.247200,22.152500,10.0,0,7.2,1,coast_uncertain
2014-07-28T15:11:09.264613Z,2014,7,28,66.200700,22.210500,12.0,0,7.0,1,mainland
2014-07-28T15:13:46.555588Z,2014,7,28,66.173700,22.275900,-17.0,0,9.6,1,mainland
2014-07-28T15:18:04.522814Z,2014,7,28,66.240200,22.143700,-27.0,0,20.6,1,coast_uncertain
2014-07-28T15:21:37.429747Z,2014,7,28,66.265500,22.102000,-9.0,0,10.4,1,mainland
2014-07-28T15:25:14.326637Z,2014,7,28,66.242900,22.106300,18.0,0,20.2,1,coast_uncertain
2014-07-28T15:27:12.163592Z,2014,7,28,65.981200,21.931000,-30.0,0,11.2,1,mainland
2014-07-28T15:27:36.017651Z,2014,7,28,66.162800,22.236800,6.0,0,2.0,1,coast_uncertain
2014-07-28T15:28:59.632670Z,2014,7,28,66.183400,22.110800,20.0,0,30.2,1,mainland
2014-07-28T15:28:59.633362Z,2014,7,28,66.272200,22.108600,17.0,0,22.4,1,mainland
2014-07-28T15:30:06.738333Z,2014,7,28,66.266000,22.145900,12.0,0,8.8,1,mainland
2014-07-28T15:30:59.657089Z,2014,7,28,66.218500,22.163700,12.0,0,11.6,1,mainland
2014-07-28T15:32:02.102856Z,2014,7,28,66.215400,22.214400,28.0,0,30.2,1,mainland
2014-07-28T15:33:37.518079Z,2014,7,28,66.262000,22.077900,-5.0,0,10.0,1,coast_uncertain
2014-07-28T15:34:32.083742Z,2014,7,28,66.132000,22.089800,-21.0,0,11.6,1,mainland
2014-07-28T15:37:03.033367Z,2014,7,28,66.125900,22.164100,-7.0,0,7.8,1,coast_uncertain
2014-07-28T15:37:53.890217Z,2014,7,28,66.213700,22.218200,16.0,0,30.2,1,mainland
2014-07-28T15:46:16.072298Z,2014,7,28,66.210500,22.228900,-75.0,0,23.2,1,mainland
2014-07-28T15:46:16.098032Z,2014,7,28,66.244700,22.156000,-12.0,0,8.6,1,coast_uncertain
2014-07-29T06:03:42.103174Z,2014,7,29,66.191400,22.109000,-4.0,0,5.6,1,mainland
2014-07-29T06:05:01.314983Z,2014,7,29,66.080000,22.036600,-13.0,0,7.8,1,mainland
2014-07-29T06:05:01.429075Z,2014,7,29,66.060100,22.022600,-4.0,0,7.0,1,coast_uncertain
2014-07-29T06:06:03.623056Z,2014,7,29,66.139200,22.038400,-5.0,0,5.0,1,coast_uncertain
2014-07-29T06:06:25.098573Z,2014,7,29,66.155900,22.035000,-5.0,0,5.6,1,coast_uncertain
2014-07-29T06:07:56.997921Z,2014,7,29,66.270600,22.131300,-12.0,0,9.2,1,mainland
2014-07-29T06:08:38.792370Z,2014,7,29,66.131600,22.061000,-26.0,0,21.6,1,coast_uncertain
2014-07-29T06:08:39.433897Z,2014,7,29,66.025500,21.936200,-7.0,0,5.6,1,coast_uncertain
2014-07-29T06:09:15.205715Z,2014,7,29,66.111000,22.043500,-45.0,0,15.0,1,mainland
2014-07-29T06:09:15.217048Z,2014,7,29,66.115300,22.037300,-8.0,0,6.4,1,mainland
2014-07-29T06:09:43.459132Z,2014,7,29,66.112100,22.056400,-31.0,0,11.8,1,mainland
2014-07-29T06:10:14.395546Z,2014,7,29,66.110800,22.068400,-28.0,0,10.2,1,mainland
2014-07-29T06:11:01.321916Z,2014,7,29,66.126400,22.096900,-35.0,0,20.0,1,mainland
2014-07-29T06:11:58.496613Z,2014,7,29,66.184200,22.181600,-5.0,0,5.6,1,mainland
2014-07-29T06:12:25.435057Z,2014,7,29,66.116000,22.116100,-42.0,0,9.0,1,mainland
2014-07-29T06:12:25.456578Z,2014,7,29,66.120300,22.099100,-11.0,0,13.4,1,mainland
2014-07-29T06:12:25.539255Z,2014,7,29,66.132500,22.083800,5.0,0,7.6,1,mainland
2014-07-29T06:12:26.126738Z,2014,7,29,66.023700,22.027400,-15.0,0,6.4,1,mainland
2014-07-29T06:12:45.447259Z,2014,7,29,66.101900,22.122900,11.0,0,6.0,1,mainland
2014-07-29T06:14:23.759298Z,2014,7,29,66.089900,22.144100,27.0,0,9.0,1,mainland
2014-07-29T06:14:44.248632Z,2014,7,29,66.101900,22.146300,29.0,0,13.4,1,mainland
2014-07-29T06:14:44.249316Z,2014,7,29,66.223900,22.205700,8.0,0,6.4,1,coast_uncertain
2014-07-29T06:15:03.858190Z,2014,7,29,66.105900,22.154300,12.0,0,4.8,1,mainland
2014-07-29T06:15:03.858969Z,2014,7,29,66.227300,22.205400,6.0,0,5.6,1,coast_uncertain
2014-07-29T06:16:24.897573Z,2014,7,29,66.096400,22.177700,-42.0,0,16.2,1,coast_uncertain
2014-07-29T06:16:25.172754Z,2014,7,29,66.072000,22.135500,-4.0,0,6.0,1,mainland
2014-07-29T06:17:01.029017Z,2014,7,29,66.087700,22.160800,-13.0,0,8.8,1,coast_uncertain
2014-07-29T06:17:33.186479Z,2014,7,29,66.100600,22.182800,-47.0,0,13.8,1,coast_uncertain
2014-07-29T06:18:04.616213Z,2014,7,29,66.124100,22.189700,16.0,0,25.8,1,coast_uncertain
2014-07-29T06:18:41.853766Z,2014,7,29,66.094500,22.165500,-16.0,0,9.4,1,coast_uncertain
2014-07-29T06:18:41.874478Z,2014,7,29,66.092600,22.157700,-9.0,0,5.6,1,coast_uncertain
2014-07-29T06:18:41.920345Z,2014,7,29,66.106200,22.235300,-14.0,0,11.0,1,coast_uncertain
2014-07-29T06:18:41.974663Z,2014,7,29,66.014800,22.097500,-4.0,0,4.2,1,coast_uncertain
2014-07-29T06:19:03.237657Z,2014,7,29,66.140300,22.190600,-12.0,0,6.8,1,coast_uncertain
2014-07-29T06:19:03.261310Z,2014,7,29,66.142000,22.199900,-8.0,0,5.0,1,coast_uncertain
2014-07-29T06:19:45.011449Z,2014,7,29,66.110800,22.211600,-10.0,0,6.6,1,coast_uncertain
2014-07-29T06:21:12.834713Z,2014,7,29,66.118100,22.260800,-21.0,0,25.6,1,coast_uncertain
2014-07-29T06:21:12.855670Z,2014,7,29,66.058200,22.188500,-7.0,0,6.6,1,coast_uncertain
2014-07-29T06:21:12.871230Z,2014,7,29,66.090000,22.223300,-19.0,0,9.6,1,mainland
2014-07-29T06:21:12.911476Z,2014,7,29,66.114700,22.214700,-38.0,0,28.6,1,coast_uncertain
2014-07-29T06:21:12.942932Z,2014,7,29,66.081000,22.204000,-10.0,0,7.2,1,coast_uncertain
2014-07-29T06:21:13.001625Z,2014,7,29,66.092500,22.226100,-15.0,0,9.4,1,coast_uncertain
2014-07-29T06:21:13.042329Z,2014,7,29,66.092000,22.227600,-5.0,0,5.4,1,coast_uncertain
2014-07-29T06:21:46.230879Z,2014,7,29,66.114700,22.244300,-22.0,0,8.4,1,coast_uncertain
2014-07-29T06:21:46.258109Z,2014,7,29,66.103000,22.206400,-5.0,0,5.2,1,mainland
2014-07-29T06:21:46.410743Z,2014,7,29,66.090200,22.161900,5.0,0,2.8,1,coast_uncertain
2014-07-29T06:22:48.966857Z,2014,7,29,66.118900,22.235300,-28.0,0,10.2,1,coast_uncertain
2014-07-29T06:22:48.991364Z,2014,7,29,66.134100,22.250200,-10.0,0,7.6,1,coast_uncertain
2014-07-29T06:23:26.954076Z,2014,7,29,66.108700,22.211300,-20.0,0,7.2,1,mainland
2014-07-29T06:23:26.977141Z,2014,7,29,66.104300,22.231300,-10.0,0,6.2,1,coast_uncertain
2014-07-29T06:24:06.112130Z,2014,7,29,66.125300,22.281000,-24.0,0,11.0,1,coast_uncertain
2014-07-29T06:24:06.123950Z,2014,7,29,66.123500,22.275400,-8.0,0,7.2,1,coast_uncertain
2014-07-29T06:24:06.136780Z,2014,7,29,66.121500,22.260200,-10.0,0,5.6,1,coast_uncertain
2014-07-29T06:24:06.156265Z,2014,7,29,66.110400,22.266700,-11.0,0,7.2,1,mainland
2014-07-29T06:25:04.429088Z,2014,7,29,66.088900,22.247500,-9.0,0,6.6,1,coast_uncertain
2014-07-29T06:25:48.319936Z,2014,7,29,66.108400,22.141100,-51.0,0,10.2,1,coast_uncertain
2014-07-29T06:25:48.334598Z,2014,7,29,66.083500,22.249500,-7.0,0,5.2,1,coast_uncertain
2014-07-29T06:26:47.288557Z,2014,7,29,66.091500,22.234300,-57.0,0,13.4,1,coast_uncertain
2014-07-29T06:26:47.304552Z,2014,7,29,66.094200,22.243700,-15.0,0,8.2,1,coast_uncertain
2014-07-29T06:26:47.597868Z,2014,7,29,66.017100,22.170900,10.0,0,11.4,1,coast_uncertain
2014-07-29T06:30:15.843659Z,2014,7,29,66.087900,22.312000,-29.0,0,18.2,1,mainland
2014-07-29T06:31:45.823956Z,2014,7,29,66.094600,22.375500,-20.0,0,10.4,1,mainland
2014-07-29T06:31:45.834999Z,2014,7,29,66.103400,22.347400,-5.0,0,6.0,1,coast_uncertain
2014-07-29T06:31:45.863005Z,2014,7,29,66.080700,22.360700,-11.0,0,7.0,1,mainland
2014-07-29T06:32:08.166999Z,2014,7,29,66.106200,22.348900,-6.0,0,9.2,1,coast_uncertain
2014-07-29T06:38:41.978532Z,2014,7,29,66.006000,22.264200,-7.0,0,4.6,1,mainland
2014-07-29T06:45:20.670848Z,2014,7,29,66.013500,22.463700,-13.0,0,4.6,1,mainland
2014-07-29T06:46:26.203610Z,2014,7,29,65.917200,22.390400,-10.0,0,5.4,1,mainland
2014-07-29T06:48:24.433960Z,2014,7,29,65.908200,22.397500,-55.0,0,10.6,1,coast_uncertain
2014-07-29T06:48:24.453345Z,2014,7,29,65.921700,22.401900,-14.0,0,8.2,1,mainland
2014-07-29T06:48:24.466668Z,2014,7,29,65.906600,22.424500,-10.0,0,6.6,1,coast_uncertain
2014-07-29T06:48:24.484171Z,2014,7,29,65.928900,22.375300,-6.0,0,5.0,1,mainland
2014-07-29T06:48:24.788169Z,2014,7,29,65.927000,22.366600,-16.0,0,5.2,1,mainland
2014-07-29T06:49:42.020182Z,2014,7,29,66.020100,22.453600,-11.0,0,5.6,1,mainland
2014-07-29T06:51:48.652267Z,2014,7,29,65.757100,22.201100,16.0,0,11.8,1,coast_uncertain
2014-07-29T06:51:49.116098Z,2014,7,29,65.974000,22.468200,8.0,0,7.6,1,coast_uncertain
2014-07-31T17:37:07.123883Z,2014,7,31,65.930100,22.049000,-6.0,0,6.4,1,mainland
2014-07-31T17:40:47.151701Z,2014,7,31,65.504000,22.037200,-14.0,0,5.8,1,coast_uncertain
2014-07-31T17:42:26.024898Z,2014,7,31,65.538200,22.024300,-6.0,0,4.2,1,mainland
2014-07-31T17:42:26.046563Z,2014,7,31,65.503700,22.048000,-8.0,0,5.0,1,coast_uncertain
2014-07-31T17:42:26.077972Z,2014,7,31,65.512700,21.941100,-6.0,0,3.6,1,coast_uncertain
2014-07-31T17:44:47.386370Z,2014,7,31,65.499600,22.150200,-9.0,0,4.0,1,sea
2014-07-31T17:46:17.619144Z,2014,7,31,65.513500,22.091900,-21.0,0,5.2,1,coast_uncertain
2014-07-31T17:49:50.991524Z,2014,7,31,65.516800,22.119100,-34.0,0,5.6,1,coast_uncertain
2014-07-31T17:49:51.020984Z,2014,7,31,65.522500,22.130700,-8.0,0,5.0,1,mainland
2014-07-31T17:51:21.692732Z,2014,7,31,66.146300,22.107100,-22.0,0,10.0,1,coast_uncertain
2014-07-31T17:51:21.718876Z,2014,7,31,66.145700,22.091900,-12.0,0,5.2,1,mainland
2014-07-31T17:51:21.754844Z,2014,7,31,66.146300,22.107500,-19.0,0,9.6,1,coast_uncertain
2014-07-31T17:51:21.771469Z,2014,7,31,66.143600,22.107600,-8.0,0,5.0,1,coast_uncertain
2014-07-31T17:52:10.541841Z,2014,7,31,66.092400,22.082500,-12.0,0,5.6,1,coast_uncertain
2014-07-31T17:52:59.767872Z,2014,7,31,66.115600,22.131300,-18.0,0,9.8,1,mainland
2014-07-31T17:52:59.797051Z,2014,7,31,66.051200,22.038300,-13.0,0,19.4,1,coast_uncertain
2014-07-31T17:52:59.816457Z,2014,7,31,66.108100,22.192800,-5.0,0,5.2,1,mainland
2014-07-31T17:53:37.958209Z,2014,7,31,66.117300,22.117300,-14.0,0,9.0,1,mainland
2014-07-31T17:54:43.008991Z,2014,7,31,66.081800,22.094500,-16.0,0,11.8,1,coast_uncertain
2014-07-31T17:54:43.096970Z,2014,7,31,66.079100,22.091500,-15.0,0,8.8,1,coast_uncertain
2014-07-31T17:54:43.143073Z,2014,7,31,66.077000,22.087000,-5.0,0,6.6,1,coast_uncertain
2014-07-31T17:56:22.268874Z,2014,7,31,65.797600,22.599500,5.0,0,3.4,1,coast_uncertain
2014-07-31T17:56:22.279793Z,2014,7,31,66.180700,22.152100,17.0,0,9.8,1,coast_uncertain
2014-07-31T17:56:22.308762Z,2014,7,31,66.115000,22.197700,18.0,0,10.0,1,mainland
2014-07-31T17:56:35.885450Z,2014,7,31,66.083900,22.114200,8.0,0,4.6,1,coast_uncertain
2014-07-31T17:58:49.133559Z,2014,7,31,66.106600,22.166300,6.0,0,4.2,1,coast_uncertain
2014-07-31T17:59:16.830898Z,2014,7,31,66.081700,22.221500,8.0,0,10.2,1,coast_uncertain
2014-07-31T18:03:14.945274Z,2014,7,31,66.093600,22.180600,-14.0,0,7.0,1,coast_uncertain
2014-07-31T18:03:15.055074Z,2014,7,31,66.081700,22.214500,-7.0,0,4.8,1,coast_uncertain
2014-07-31T18:03:15.084515Z,2014,7,31,66.122400,22.209900,-8.0,0,6.6,1,coast_uncertain
2014-07-31T18:03:15.095657Z,2014,7,31,66.081200,22.204100,-9.0,0,4.6,1,coast_uncertain
2014-07-31T18:03:15.129575Z,2014,7,31,66.079900,22.214100,-6.0,0,4.8,1,coast_uncertain
2014-07-31T18:04:07.732824Z,2014,7,31,66.087900,22.238700,-12.0,0,6.4,1,coast_uncertain
2014-07-31T18:04:07.779001Z,2014,7,31,66.094400,22.255200,-14.0,0,6.0,1,coast_uncertain
2014-07-31T18:04:07.842812Z,2014,7,31,66.080800,22.214600,-13.0,0,7.4,1,coast_uncertain
2014-07-31T18:04:48.592474Z,2014,7,31,66.095800,22.255200,6.0,0,6.6,1,coast_uncertain
2014-07-31T18:05:22.104734Z,2014,7,31,66.188600,22.208000,-9.0,0,5.8,1,mainland
2014-07-31T18:05:30.865893Z,2014,7,31,66.082200,22.277100,-8.0,0,7.0,1,mainland
2014-07-31T18:08:01.400469Z,2014,7,31,66.035800,22.127600,10.0,0,5.2,1,coast_uncertain
2014-07-31T18:09:18.764285Z,2014,7,31,66.098900,22.331300,9.0,0,9.6,1,mainland
2014-07-31T18:14:40.700951Z,2014,7,31,66.044700,22.267800,-7.0,0,5.2,1,coast_uncertain
2014-07-31T18:15:29.248906Z,2014,7,31,66.133100,22.052000,10.0,0,9.6,1,coast_uncertain
2014-07-31T18:16:54.426230Z,2014,7,31,66.033900,22.270800,-7.0,0,6.2,1,coast_uncertain
2014-08-01T16:59:26.385338Z,2014,8,1,65.664700,21.503300,22.0,0,11.4,1,mainland
2014-08-01T18:32:03.506810Z,2014,8,1,65.247600,22.183800,-31.0,0,7.8,1,sea
2014-08-01T18:35:35.058959Z,2014,8,1,65.268500,22.206400,20.0,0,8.4,1,sea
2014-08-01T18:36:10.051321Z,2014,8,1,65.264500,22.196600,6.0,0,3.8,1,sea
2014-08-01T18:36:50.193091Z,2014,8,1,65.274000,22.172100,-7.0,0,3.4,1,sea
2014-08-01T18:39:24.582892Z,2014,8,1,65.299500,22.259400,12.0,0,6.6,1,sea
2014-08-01T18:39:24.583877Z,2014,8,1,65.290600,22.271100,7.0,0,7.0,1,sea
2014-08-01T18:39:24.682434Z,2014,8,1,65.298400,22.398500,-10.0,0,5.2,1,sea
2014-08-01T18:39:24.688605Z,2014,8,1,65.306900,22.152000,-8.0,0,3.0,1,sea
2014-08-01T18:41:22.925667Z,2014,8,1,65.257200,22.244300,11.0,0,23.8,1,sea
2014-08-01T18:41:22.926380Z,2014,8,1,65.292200,22.283800,16.0,0,19.4,1,sea
2014-08-01T18:41:23.011038Z,2014,8,1,65.252700,22.301900,-20.0,0,6.8,1,sea
2014-08-01T18:43:02.169883Z,2014,8,1,65.278700,22.324500,4.0,0,2.4,1,sea
2014-08-01T18:43:02.251804Z,2014,8,1,65.272900,22.146500,-9.0,0,3.8,1,sea
2014-08-01T18:45:26.161734Z,2014,8,1,65.312900,22.289200,-9.0,0,3.8,1,sea
2014-08-01T18:56:32.789739Z,2014,8,1,65.248500,22.275000,20.0,0,12.2,1,sea
2014-08-01T18:59:30.645875Z,2014,8,1,65.365400,22.251800,-23.0,0,7.6,1,sea
2014-08-01T19:00:33.102715Z,2014,8,1,65.216100,22.260300,-24.0,0,6.6,1,sea
2014-08-01T19:00:59.765712Z,2014,8,1,65.195900,22.387900,-17.0,0,6.4,1,sea
2014-08-01T19:02:23.572018Z,2014,8,1,65.229100,22.395500,-15.0,0,7.6,1,sea
2014-08-01T19:03:13.150553Z,2014,8,1,65.242100,22.189400,-17.0,0,6.6,1,sea
2014-08-01T19:04:08.985371Z,2014,8,1,65.204100,22.278300,-19.0,0,8.2,1,sea
2014-08-01T19:05:31.540570Z,2014,8,1,65.393800,22.411300,-15.0,0,4.6,1,sea
2014-08-01T19:06:23.259187Z,2014,8,1,65.238400,22.173400,-14.0,0,6.0,1,sea
2014-08-01T19:06:55.731924Z,2014,8,1,65.292000,22.320900,8.0,0,4.8,1,sea
2014-08-01T19:10:18.223345Z,2014,8,1,65.315300,22.330000,-15.0,0,5.6,1,sea
2014-08-01T19:11:17.042397Z,2014,8,1,65.313900,22.346400,-21.0,0,8.8,1,sea
2014-08-01T19:11:17.059054Z,2014,8,1,65.309600,22.368500,-17.0,0,10.4,1,coast_uncertain
2014-08-01T19:16:46.120880Z,2014,8,1,65.286000,22.187300,-18.0,0,9.4,1,sea
2014-08-01T19:17:35.138876Z,2014,8,1,65.287500,22.328300,-8.0,0,4.6,1,sea
2014-08-01T19:19:58.690997Z,2014,8,1,65.420100,22.562200,-14.0,0,3.8,1,sea
2014-08-01T19:20:44.349394Z,2014,8,1,65.299400,22.300400,7.0,0,3.8,1,sea
2014-08-01T19:21:43.688273Z,2014,8,1,65.365600,22.142700,-13.0,0,6.6,1,sea
2014-08-01T19:22:49.979695Z,2014,8,1,65.437700,22.634100,6.0,0,7.0,1,sea
2014-08-01T19:22:49.981181Z,2014,8,1,65.386700,22.670500,7.0,0,3.2,1,sea
2014-08-01T19:22:50.239924Z,2014,8,1,65.427200,22.734100,-19.0,0,4.2,1,sea
2014-08-01T19:23:09.735007Z,2014,8,1,65.332300,22.145400,-14.0,0,5.4,1,sea
2014-08-01T19:23:35.511230Z,2014,8,1,65.210000,22.230500,-8.0,0,2.0,1,sea
2014-08-01T19:23:41.574890Z,2014,8,1,65.367300,22.340400,-9.0,0,7.0,1,sea
2014-08-01T19:23:42.121397Z,2014,8,1,65.442300,22.667300,4.0,0,6.0,1,sea
2014-08-01T19:24:44.476093Z,2014,8,1,65.440200,22.639200,-30.0,0,7.6,1,sea
2014-08-01T19:24:44.512965Z,2014,8,1,65.433500,22.646300,-14.0,0,4.0,1,sea
2014-08-01T19:24:44.561328Z,2014,8,1,65.438700,22.624900,-11.0,0,3.2,1,sea
2014-08-01T19:24:44.600774Z,2014,8,1,65.449900,22.637100,-8.0,0,3.8,1,coast_uncertain
2014-08-01T19:25:25.237762Z,2014,8,1,65.456300,22.638800,-13.0,0,4.6,1,coast_uncertain
2014-08-01T19:25:25.313861Z,2014,8,1,65.456300,22.647400,-9.0,0,3.2,1,sea
2014-08-01T19:25:25.361192Z,2014,8,1,65.456400,22.637600,-11.0,0,3.6,1,coast_uncertain
2014-08-01T19:25:45.390860Z,2014,8,1,65.299500,22.295900,-8.0,0,3.8,1,sea
2014-08-01T19:25:45.815511Z,2014,8,1,65.329000,22.266600,-7.0,0,3.0,1,sea
2014-08-01T19:25:56.786093Z,2014,8,1,65.441600,22.624400,-15.0,0,4.4,1,sea
2014-08-01T19:25:56.829677Z,2014,8,1,65.438600,22.639200,-14.0,0,5.4,1,sea
2014-08-01T19:25:56.876417Z,2014,8,1,65.439800,22.555500,-11.0,0,7.2,1,sea
2014-08-01T19:26:07.584199Z,2014,8,1,65.354700,22.406600,7.0,0,7.2,1,sea
2014-08-01T19:26:26.394085Z,2014,8,1,65.440300,22.586500,-5.0,0,2.8,1,sea
2014-08-01T19:26:30.571510Z,2014,8,1,65.324400,22.348500,4.0,0,2.0,1,coast_uncertain
2014-08-01T19:26:30.572608Z,2014,8,1,65.321000,22.357300,8.0,0,5.0,1,coast_uncertain
2014-08-01T19:26:30.573899Z,2014,8,1,65.315700,22.451800,6.0,0,22.0,1,sea
2014-08-01T19:26:30.575724Z,2014,8,1,65.329600,22.364300,4.0,0,2.6,1,sea
2014-08-01T19:26:56.503575Z,2014,8,1,65.455100,22.615600,-12.0,0,3.4,1,coast_uncertain
2014-08-01T19:26:56.539815Z,2014,8,1,65.472600,22.631400,-8.0,0,3.2,1,coast_uncertain
2014-08-01T19:26:56.568859Z,2014,8,1,65.448700,22.532500,-5.0,0,2.8,1,sea
2014-08-01T19:26:56.662281Z,2014,8,1,65.435300,22.514600,-5.0,0,4.2,1,sea
2014-08-01T19:26:56.853727Z,2014,8,1,65.435200,22.512800,-4.0,0,2.0,1,sea
2014-08-01T19:26:56.998319Z,2014,8,1,65.454500,22.642400,-12.0,0,5.8,1,coast_uncertain
2014-08-01T19:26:57.082747Z,2014,8,1,65.458900,22.630900,-6.0,0,2.0,1,coast_uncertain
2014-08-01T19:26:57.180508Z,2014,8,1,65.457200,22.646000,-11.0,0,3.2,1,sea
2014-08-01T19:26:57.506303Z,2014,8,1,65.390100,22.356500,-15.0,0,6.6,1,sea
2014-08-01T19:27:52.158561Z,2014,8,1,65.452300,22.564900,-5.0,0,2.6,1,sea
2014-08-01T19:27:52.447941Z,2014,8,1,65.432200,22.544000,6.0,0,3.4,1,sea
2014-08-01T19:28:32.939916Z,2014,8,1,65.337900,22.352000,6.0,0,3.6,1,sea
2014-08-01T19:28:32.945725Z,2014,8,1,65.345300,22.366700,6.0,0,4.0,1,sea
2014-08-01T19:28:32.950666Z,2014,8,1,65.318400,22.455400,12.0,0,30.2,1,sea
2014-08-01T19:29:11.747173Z,2014,8,1,65.416900,22.651600,5.0,0,7.2,1,sea
2014-08-01T19:30:18.295745Z,2014,8,1,65.412100,22.499500,-4.0,0,2.6,1,coast_uncertain
2014-08-01T19:30:52.569557Z,2014,8,1,65.426500,22.448400,-12.0,0,7.8,1,sea
2014-08-01T19:31:27.690635Z,2014,8,1,65.365500,22.410700,-39.0,0,7.0,1,coast_uncertain
2014-08-01T19:32:30.782998Z,2014,8,1,65.363900,22.447900,-39.0,0,12.0,1,coast_uncertain
2014-08-01T19:32:31.042382Z,2014,8,1,65.385300,22.427900,-26.0,0,4.4,1,sea
2014-08-01T19:34:52.235051Z,2014,8,1,65.339000,22.430600,-9.0,0,15.6,1,sea
2014-08-01T19:35:56.406789Z,2014,8,1,65.494100,22.898700,-17.0,0,7.4,1,sea
2014-08-01T19:40:21.799180Z,2014,8,1,65.407600,22.429200,-17.0,0,6.6,1,sea
2014-08-01T19:43:49.526499Z,2014,8,1,65.407000,22.411100,-8.0,0,3.6,1,sea
2014-08-01T19:45:08.687349Z,2014,8,1,65.311500,22.161600,-25.0,0,5.0,1,sea
2014-08-01T19:45:08.710342Z,2014,8,1,65.300400,22.186200,-21.0,0,8.2,1,sea
2014-08-01T19:45:08.744313Z,2014,8,1,65.301200,22.146200,-21.0,0,5.4,1,sea
2014-08-01T19:46:17.051367Z,2014,8,1,65.486400,22.786600,7.0,0,15.8,1,coast_uncertain
2014-08-01T19:46:47.823060Z,2014,8,1,65.364700,22.371900,-32.0,0,7.0,1,sea
2014-08-01T19:46:47.829555Z,2014,8,1,65.359000,22.417400,-37.0,0,10.6,1,coast_uncertain
2014-08-01T19:46:47.865556Z,2014,8,1,65.348700,22.435100,-11.0,0,4.8,1,coast_uncertain
2014-08-01T19:46:47.889865Z,2014,8,1,65.342400,22.376000,-6.0,0,2.8,1,sea
2014-08-01T19:46:48.262128Z,2014,8,1,65.338500,22.467100,-4.0,0,7.6,1,sea
2014-08-01T19:47:38.330191Z,2014,8,1,65.536100,22.765700,23.0,0,11.8,1,sea
2014-08-01T19:47:38.330682Z,2014,8,1,65.533400,22.754100,16.0,0,10.0,1,sea
2014-08-01T19:47:38.372958Z,2014,8,1,65.438300,22.772700,4.0,0,3.8,1,sea
2014-08-01T19:47:38.680865Z,2014,8,1,65.502400,22.539700,-56.0,0,10.0,1,coast_uncertain
2014-08-01T19:47:38.729525Z,2014,8,1,65.497100,22.547800,-37.0,0,13.4,1,islands
2014-08-01T19:47:38.790171Z,2014,8,1,65.500100,22.563700,-26.0,0,13.8,1,coast_uncertain
2014-08-01T19:47:38.836829Z,2014,8,1,65.497500,22.554700,-13.0,0,5.2,1,coast_uncertain
2014-08-01T19:47:38.861888Z,2014,8,1,65.497300,22.560200,-13.0,0,4.6,1,coast_uncertain
2014-08-01T19:48:00.818140Z,2014,8,1,65.312400,22.144900,-58.0,0,16.0,1,sea
2014-08-01T19:48:00.834211Z,2014,8,1,65.304000,22.131500,-13.0,0,3.8,1,sea
2014-08-01T19:48:00.853091Z,2014,8,1,65.310900,22.131100,-29.0,0,9.4,1,sea
2014-08-01T19:48:00.875943Z,2014,8,1,65.322000,22.163000,-11.0,0,5.4,1,sea
2014-08-01T19:48:00.888693Z,2014,8,1,65.303400,22.161100,-6.0,0,3.0,1,sea
2014-08-01T19:49:11.980306Z,2014,8,1,65.550700,22.798200,-61.0,0,18.2,1,coast_uncertain
2014-08-01T19:49:11.999870Z,2014,8,1,65.559300,22.785900,-15.0,0,4.2,1,islands
2014-08-01T19:49:12.019253Z,2014,8,1,65.539100,22.728200,-8.0,0,4.2,1,sea
2014-08-01T19:49:31.327176Z,2014,8,1,65.478900,22.559400,-10.0,0,7.2,1,coast_uncertain
2014-08-01T19:49:31.327953Z,2014,8,1,65.403800,22.515600,-5.0,0,2.2,1,coast_uncertain
2014-08-01T19:49:31.329903Z,2014,8,1,65.457000,22.620200,-5.0,0,2.2,1,coast_uncertain
2014-08-01T19:50:24.051997Z,2014,8,1,65.559700,22.760600,-21.0,0,7.0,1,coast_uncertain
2014-08-01T19:50:24.603194Z,2014,8,1,65.498700,22.644700,-22.0,0,6.6,1,sea
2014-08-01T19:50:41.905672Z,2014,8,1,65.365900,22.877900,-29.0,0,10.2,1,sea
2014-08-01T19:50:41.929842Z,2014,8,1,65.371600,22.814500,-12.0,0,3.2,1,sea
2014-08-01T19:50:41.961066Z,2014,8,1,65.368200,22.787500,-10.0,0,3.4,1,sea
2014-08-01T19:51:47.335156Z,2014,8,1,65.564500,22.831000,-12.0,0,4.6,1,sea
2014-08-01T19:53:28.354610Z,2014,8,1,65.529700,22.542900,-8.0,0,3.2,1,coast_uncertain
2014-08-01T19:54:14.098074Z,2014,8,1,65.249000,22.196300,-26.0,0,7.8,1,sea
2014-08-01T19:54:14.143484Z,2014,8,1,65.302500,22.240800,-16.0,0,5.8,1,sea
2014-08-01T19:54:14.169013Z,2014,8,1,65.253400,22.161300,-10.0,0,3.4,1,sea
2014-08-01T19:54:14.212846Z,2014,8,1,65.253300,22.171700,-21.0,0,4.4,1,sea
2014-08-01T19:55:59.654985Z,2014,8,1,65.519500,22.836100,-8.0,0,3.4,1,sea
2014-08-01T19:56:59.273256Z,2014,8,1,65.544300,22.881900,-19.0,0,4.4,1,sea
2014-08-01T19:58:44.442722Z,2014,8,1,65.566800,22.825800,-12.0,0,7.6,1,sea
2014-08-01T19:59:37.344521Z,2014,8,1,65.573900,22.840400,-19.0,0,7.2,1,sea
2014-08-01T19:59:37.366373Z,2014,8,1,65.572400,22.847800,-28.0,0,6.0,1,sea
2014-08-01T20:00:28.405269Z,2014,8,1,65.559900,22.899800,-15.0,0,5.6,1,sea
2014-08-01T20:00:29.012359Z,2014,8,1,65.527800,22.772000,-6.0,0,2.6,1,sea
2014-08-01T20:01:24.636462Z,2014,8,1,65.557100,22.863800,-9.0,0,5.0,1,sea
2014-08-01T20:02:50.873716Z,2014,8,1,65.431600,22.980000,-51.0,0,5.2,1,sea
2014-08-01T20:02:50.970246Z,2014,8,1,65.446000,22.906800,-21.0,0,5.6,1,sea
2014-08-01T20:02:51.136128Z,2014,8,1,65.433400,22.950600,-19.0,0,9.4,1,sea
2014-08-01T20:03:23.946669Z,2014,8,1,65.562800,22.657500,-24.0,0,7.6,1,coast_uncertain
2014-08-01T20:04:35.436892Z,2014,8,1,65.457100,22.912600,-17.0,0,6.6,1,sea
2014-08-01T20:04:35.455145Z,2014,8,1,65.464200,22.921200,-18.0,0,4.6,1,sea
2014-08-01T20:09:46.915253Z,2014,8,1,65.617700,22.888600,-24.0,0,7.0,1,sea
2014-08-01T20:11:56.532391Z,2014,8,1,65.523600,22.804100,-5.0,0,3.2,1,coast_uncertain
2014-08-01T20:14:27.881397Z,2014,8,1,65.600500,22.744800,-5.0,0,3.0,1,coast_uncertain
2014-08-01T20:17:22.555371Z,2014,8,1,65.591100,22.744100,-7.0,0,4.8,1,sea
2014-08-01T20:19:04.079040Z,2014,8,1,65.565900,22.837800,5.0,0,3.4,1,sea
2014-08-01T20:21:25.201441Z,2014,8,1,65.557700,22.855700,-8.0,0,3.2,1,sea
2014-08-01T20:21:25.281016Z,2014,8,1,65.569400,22.883900,-9.0,0,2.8,1,sea
2014-08-01T20:45:07.092945Z,2014,8,1,65.386700,22.873300,23.0,0,23.0,1,sea
2014-08-07T18:53:45.029781Z,2014,8,7,65.189600,22.948200,-23.0,0,11.0,1,sea
2014-08-08T12:16:57.213006Z,2014,8,8,65.915100,22.548300,-60.0,0,25.8,1,mainland
2014-08-08T12:32:34.515715Z,2014,8,8,65.902400,22.481900,-12.0,0,10.0,1,coast_uncertain
2014-08-08T12:33:58.621461Z,2014,8,8,65.898600,22.548100,-25.0,0,8.2,1,mainland
2014-08-08T12:48:55.088127Z,2014,8,8,65.920000,22.490900,-15.0,0,7.2,1,mainland
2014-08-08T13:16:13.268457Z,2014,8,8,65.954800,22.384700,10.0,0,4.8,1,coast_uncertain
2014-08-08T13:17:02.599614Z,2014,8,8,66.019100,22.457000,-19.0,0,13.2,1,mainland
2014-08-08T13:17:02.771450Z,2014,8,8,66.044500,22.241300,-17.0,0,7.0,1,mainland
2014-08-08T13:17:03.053441Z,2014,8,8,66.020500,22.356400,-12.0,0,7.0,1,mainland
2014-08-08T13:17:58.334697Z,2014,8,8,66.024500,22.440500,-16.0,0,10.6,1,mainland
2014-08-08T13:21:56.977535Z,2014,8,8,66.070100,22.214600,-26.0,0,17.4,1,mainland
2014-08-08T13:42:06.710730Z,2014,8,8,65.821200,22.092800,-14.0,0,9.0,1,coast_uncertain
2014-08-14T15:14:38.395862Z,2014,8,14,66.189500,22.198900,9.0,0,12.8,1,mainland
2014-08-14T15:20:14.559350Z,2014,8,14,66.121500,22.142400,9.0,0,8.2,1,mainland
2014-08-14T15:22:44.185451Z,2014,8,14,66.217400,22.051900,-7.0,0,5.8,1,coast_uncertain
2014-08-14T15:26:07.283119Z,2014,8,14,66.191900,22.136700,7.0,0,8.4,1,mainland
2014-08-14T15:26:07.283539Z,2014,8,14,66.169700,22.032600,9.0,0,8.0,1,coast_uncertain
2014-08-14T15:57:28.378488Z,2014,8,14,66.018400,22.416500,5.0,0,21.6,1,mainland
2014-08-14T16:20:09.967753Z,2014,8,14,66.170400,22.173300,9.0,0,10.8,1,coast_uncertain
2014-08-14T16:34:56.703354Z,2014,8,14,66.169700,22.292200,-12.0,0,10.0,1,mainland
2014-08-14T16:57:01.878051Z,2014,8,14,66.076200,22.355700,-10.0,0,10.0,1,mainland
2014-08-14T16:57:01.956934Z,2014,8,14,66.135600,22.315500,-14.0,0,11.0,1,coast_uncertain
2014-08-14T16:58:56.688526Z,2014,8,14,66.012800,22.458000,-6.0,0,5.0,1,mainland
2014-08-14T17:02:15.699588Z,2014,8,14,66.171600,22.199400,-16.0,0,10.4,1,mainland
2014-08-14T17:02:42.715844Z,2014,8,14,65.955300,22.014600,8.0,0,8.4,1,mainland
2014-08-14T17:02:42.716590Z,2014,8,14,65.995000,22.145300,9.0,0,7.8,1,coast_uncertain
2014-08-14T17:02:42.847203Z,2014,8,14,65.927200,22.017600,-7.0,0,5.8,1,mainland
2014-08-14T17:19:16.131574Z,2014,8,14,66.022900,22.444100,10.0,0,30.2,1,mainland
2014-08-14T17:42:25.343885Z,2014,8,14,66.071900,22.156800,6.0,0,24.4,1,coast_uncertain
2014-08-14T18:13:52.443798Z,2014,8,14,65.468200,22.250900,4.0,0,9.6,1,sea
2014-08-18T19:45:46.460093Z,2014,8,18,65.893300,22.226800,-5.0,0,3.2,1,mainland
2014-08-18T19:45:46.477245Z,2014,8,18,65.890000,22.245700,-6.0,0,5.6,1,mainland
2014-08-18T23:26:05.653268Z,2014,8,18,65.547700,22.818600,-7.0,0,4.4,1,sea
2014-08-18T23:36:52.244458Z,2014,8,18,65.460500,22.931400,-12.0,0,3.2,1,sea
2014-08-18T23:36:52.280692Z,2014,8,18,65.452800,22.951400,-9.0,0,3.2,1,sea
2014-08-18T23:36:52.322446Z,2014,8,18,65.445600,23.010300,-7.0,0,2.2,1,sea
2014-08-18T23:39:06.614170Z,2014,8,18,65.458200,22.961400,-7.0,0,2.8,1,sea
2014-08-19T00:07:25.360108Z,2014,8,19,65.862700,22.543500,-51.0,0,13.2,1,coast_uncertain
2014-08-19T13:51:01.081369Z,2014,8,19,65.973300,22.174100,-6.0,0,16.4,1,coast_uncertain
2014-08-19T13:51:01.103352Z,2014,8,19,65.975900,22.115000,-5.0,0,5.6,1,mainland
2014-08-19T13:54:49.022493Z,2014,8,19,65.978200,22.134400,7.0,0,11.6,1,coast_uncertain
2014-08-19T14:57:50.175321Z,2014,8,19,65.359100,22.294200,-9.0,0,5.2,1,sea
2014-08-19T21:45:36.286572Z,2014,8,19,65.668100,22.792600,-5.0,0,3.0,1,coast_uncertain
2014-08-19T23:51:40.519318Z,2014,8,19,65.507600,22.585200,4.0,0,3.8,1,sea
2014-08-20T02:56:04.840263Z,2014,8,20,65.409900,22.670600,9.0,0,2.6,1,sea
2014-08-21T07:42:54.088447Z,2014,8,21,65.151200,22.460500,-6.0,0,2.6,1,sea
2014-08-21T07:46:57.533865Z,2014,8,21,65.166300,22.446600,-17.0,0,6.6,1,sea
2014-08-21T07:50:24.564200Z,2014,8,21,65.147000,22.456900,-15.0,0,5.8,1,sea
2014-08-21T08:03:31.902442Z,2014,8,21,65.162100,22.509300,-55.0,0,20.8,1,sea
2014-08-21T08:03:31.911100Z,2014,8,21,65.174000,22.533200,-10.0,0,15.0,1,sea
2014-08-21T08:03:31.915345Z,2014,8,21,65.165700,22.486600,-6.0,0,8.4,1,sea
2014-08-21T08:03:31.916606Z,2014,8,21,65.135900,22.478500,-13.0,0,2.6,1,sea
2014-08-21T08:03:31.916624Z,2014,8,21,65.140400,22.519800,-16.0,0,7.2,1,sea
2014-08-21T08:05:53.529384Z,2014,8,21,65.167200,22.489700,-53.0,0,10.2,1,sea
2014-08-21T08:05:53.555869Z,2014,8,21,65.165000,22.477100,-12.0,0,4.0,1,sea
2014-08-21T08:05:53.565386Z,2014,8,21,65.175800,22.459000,-8.0,0,5.4,1,sea
2014-08-21T08:05:53.579774Z,2014,8,21,65.176000,22.489500,-11.0,0,5.0,1,sea
2014-08-21T08:05:53.581402Z,2014,8,21,65.174200,22.454100,-9.0,0,3.2,1,sea
2014-08-21T08:18:46.996321Z,2014,8,21,65.179700,22.664600,-15.0,0,15.0,1,sea
2014-08-21T08:18:47.004426Z,2014,8,21,65.248700,22.793500,-5.0,0,9.6,1,sea
2014-08-21T08:18:47.007867Z,2014,8,21,65.266400,22.986300,-6.0,0,18.8,1,sea
2014-08-21T09:16:06.789808Z,2014,8,21,65.185800,22.814500,-12.0,0,30.2,1,sea
2014-08-21T09:16:06.931919Z,2014,8,21,65.263900,22.792200,-6.0,0,3.6,1,sea
2014-08-21T09:18:52.229903Z,2014,8,21,65.275200,22.702500,-5.0,0,2.0,1,sea
2014-08-21T16:17:18.877821Z,2014,8,21,65.149200,22.448800,-6.0,0,4.0,1,sea
2014-08-21T16:20:30.284774Z,2014,8,21,65.159400,22.447800,-8.0,0,3.8,1,sea
2014-08-21T16:23:00.796706Z,2014,8,21,65.152000,22.445000,-28.0,0,7.2,1,sea
2014-08-21T16:23:00.812291Z,2014,8,21,65.156400,22.463100,-19.0,0,7.0,1,sea
2014-08-21T16:23:01.083885Z,2014,8,21,65.180800,22.342200,-10.0,0,5.8,1,sea
2014-08-21T16:26:40.216372Z,2014,8,21,65.166000,22.688100,18.0,0,5.0,1,sea
2014-08-21T16:26:40.217498Z,2014,8,21,65.155400,22.457300,-82.0,0,17.4,1,sea
2014-08-21T16:26:40.233327Z,2014,8,21,65.151700,22.410700,-18.0,0,5.4,1,sea
2014-08-21T16:31:45.433070Z,2014,8,21,65.138200,22.410000,6.0,0,2.8,1,sea
2014-08-21T16:31:45.434516Z,2014,8,21,65.139100,22.531800,8.0,0,30.2,1,sea
2014-08-21T16:31:45.435503Z,2014,8,21,65.173500,22.305400,7.0,0,3.0,1,sea
2014-08-21T16:31:45.444233Z,2014,8,21,65.152100,22.386900,10.0,0,3.4,1,sea
2014-08-21T16:34:32.441857Z,2014,8,21,65.186500,22.759200,5.0,0,9.4,1,sea
2014-08-21T16:34:32.497622Z,2014,8,21,65.121300,22.498300,-20.0,0,4.6,1,sea
2014-08-21T16:34:32.568654Z,2014,8,21,65.164500,22.415000,-4.0,0,2.2,1,sea
2014-08-21T16:34:32.739446Z,2014,8,21,65.150900,22.371600,-6.0,0,3.2,1,sea
2014-08-21T16:35:16.179707Z,2014,8,21,65.143100,22.421400,-35.0,0,8.8,1,sea
2014-08-21T16:35:16.200156Z,2014,8,21,65.147700,22.384000,-14.0,0,4.6,1,sea
2014-08-21T16:35:16.232418Z,2014,8,21,65.175900,22.417600,-11.0,0,5.2,1,sea
2014-08-21T16:36:05.855435Z,2014,8,21,65.137600,22.419200,16.0,0,5.0,1,sea
2014-08-21T16:36:33.311254Z,2014,8,21,65.143400,22.394200,-9.0,0,3.4,1,sea
2014-08-21T16:36:33.327123Z,2014,8,21,65.149000,22.431700,-5.0,0,2.0,1,sea
2014-08-21T16:36:33.609130Z,2014,8,21,65.155900,22.393600,-14.0,0,5.0,1,sea
2014-08-21T16:36:33.643064Z,2014,8,21,65.157800,22.390800,-11.0,0,4.6,1,sea
2014-08-21T16:37:56.472049Z,2014,8,21,65.137900,22.399000,-6.0,0,3.0,1,sea
2014-08-21T16:38:49.634634Z,2014,8,21,65.146200,22.426200,-33.0,0,7.2,1,sea
2014-08-21T16:38:49.670453Z,2014,8,21,65.155600,22.405100,-6.0,0,2.8,1,sea
2014-08-21T16:39:43.836366Z,2014,8,21,65.138300,22.442700,-52.0,0,7.2,1,sea
2014-08-21T16:39:43.850832Z,2014,8,21,65.160100,22.398600,-21.0,0,6.0,1,sea
2014-08-21T16:39:43.874368Z,2014,8,21,65.133700,22.371200,-10.0,0,3.0,1,sea
2014-08-21T16:39:44.180975Z,2014,8,21,65.158700,22.353000,-11.0,0,3.4,1,sea
2014-08-21T16:40:24.721513Z,2014,8,21,65.134400,22.425800,21.0,0,7.6,1,sea
2014-08-21T16:41:17.507057Z,2014,8,21,65.143600,22.406200,-25.0,0,7.4,1,sea
2014-08-21T16:42:13.808769Z,2014,8,21,65.337700,22.206800,10.0,0,14.4,1,sea
2014-08-21T16:42:13.810174Z,2014,8,21,65.120400,22.565400,11.0,0,30.2,1,sea
2014-08-21T16:43:05.615334Z,2014,8,21,65.136800,22.415000,-55.0,0,22.8,1,sea
2014-08-21T16:43:41.643668Z,2014,8,21,65.119800,22.421200,-12.0,0,4.0,1,sea
2014-08-21T16:44:03.209923Z,2014,8,21,65.134300,22.370500,-13.0,0,3.4,1,sea
2014-08-21T16:44:03.224461Z,2014,8,21,65.147600,22.380600,-9.0,0,2.6,1,sea
2014-08-21T16:44:03.254472Z,2014,8,21,65.134900,22.367900,-11.0,0,3.8,1,sea
2014-08-21T16:44:03.289224Z,2014,8,21,65.159200,22.402500,-10.0,0,3.0,1,sea
2014-08-21T16:44:47.611478Z,2014,8,21,65.132500,22.413100,-65.0,0,15.8,1,sea
2014-08-21T16:44:47.658552Z,2014,8,21,65.135100,22.370800,-24.0,0,9.4,1,sea
2014-08-21T16:44:47.673578Z,2014,8,21,65.134200,22.421200,-12.0,0,4.2,1,sea
2014-08-21T16:44:47.727000Z,2014,8,21,65.152700,22.361900,-9.0,0,3.6,1,sea
2014-08-21T16:45:25.376142Z,2014,8,21,65.132000,22.379700,7.0,0,2.6,1,sea
2014-08-21T16:46:19.012448Z,2014,8,21,65.160000,22.389900,-10.0,0,3.0,1,sea
2014-08-21T16:46:19.025741Z,2014,8,21,65.164500,22.380200,-5.0,0,3.0,1,sea
2014-08-21T16:46:19.326747Z,2014,8,21,65.201400,22.357800,-12.0,0,4.0,1,sea
2014-08-21T16:46:38.440748Z,2014,8,21,65.106000,22.439800,4.0,0,2.2,1,sea
2014-08-21T16:50:27.171001Z,2014,8,21,65.127600,22.369500,-12.0,0,4.8,1,sea
2014-08-21T16:50:27.217892Z,2014,8,21,65.138400,22.401500,-12.0,0,4.6,1,sea
2014-08-21T16:50:27.276742Z,2014,8,21,65.147200,22.359800,-9.0,0,5.0,1,sea
2014-08-21T16:50:27.342377Z,2014,8,21,65.146500,22.360700,-13.0,0,3.2,1,sea
2014-08-21T16:50:27.412535Z,2014,8,21,65.141400,22.370300,-7.0,0,2.6,1,sea
2014-08-21T16:50:27.467185Z,2014,8,21,65.144000,22.360100,-9.0,0,3.0,1,sea
2014-08-21T16:50:27.626288Z,2014,8,21,65.146700,22.362500,-11.0,0,3.6,1,sea
2014-08-21T16:50:58.637390Z,2014,8,21,65.129200,22.414100,6.0,0,3.8,1,sea
2014-08-21T16:51:27.519916Z,2014,8,21,65.107300,22.495900,10.0,0,4.2,1,sea
2014-08-21T16:51:27.522357Z,2014,8,21,65.119900,22.375500,9.0,0,12.0,1,sea
2014-08-21T16:51:47.638109Z,2014,8,21,65.151100,22.362800,-7.0,0,4.0,1,sea
2014-08-21T16:51:47.661015Z,2014,8,21,65.157200,22.371400,-9.0,0,3.0,1,sea
2014-08-21T16:53:08.183946Z,2014,8,21,65.150200,22.362400,-12.0,0,4.6,1,sea
2014-08-21T16:53:08.199218Z,2014,8,21,65.157900,22.363400,-8.0,0,3.4,1,sea
2014-08-21T16:53:27.124231Z,2014,8,21,65.087600,22.445900,5.0,0,3.8,1,sea
2014-08-21T16:55:12.595930Z,2014,8,21,65.112200,22.429400,4.0,0,4.0,1,sea
2014-08-21T16:56:25.772567Z,2014,8,21,65.133700,22.385700,6.0,0,2.8,1,sea
2014-08-21T16:56:25.774008Z,2014,8,21,65.131000,22.398400,8.0,0,2.6,1,sea
2014-08-21T16:56:25.777010Z,2014,8,21,65.132700,22.403700,7.0,0,5.2,1,sea
2014-08-21T16:56:25.778460Z,2014,8,21,65.139800,22.385500,12.0,0,12.6,1,sea
2014-08-21T16:56:25.780522Z,2014,8,21,65.133800,22.408400,10.0,0,12.6,1,sea
2014-08-21T16:57:06.855540Z,2014,8,21,65.161900,22.647700,15.0,0,24.4,1,sea
2014-08-21T16:57:06.856082Z,2014,8,21,65.118800,22.445000,-10.0,0,12.4,1,sea
2014-08-21T16:57:06.859163Z,2014,8,21,65.126400,22.401200,6.0,0,3.0,1,sea
2014-08-21T16:57:32.338098Z,2014,8,21,65.100600,22.483900,-5.0,0,2.2,1,sea
2014-08-21T16:57:32.347107Z,2014,8,21,65.147300,22.357300,-8.0,0,5.8,1,sea
2014-08-21T16:58:39.376868Z,2014,8,21,65.133700,22.387100,-6.0,0,3.8,1,sea
2014-08-21T16:58:39.389276Z,2014,8,21,65.122300,22.425400,-10.0,0,11.4,1,sea
2014-08-21T16:58:39.391705Z,2014,8,21,65.150400,22.369100,-11.0,0,4.2,1,sea
2014-08-21T16:59:18.709358Z,2014,8,21,65.125600,22.450000,-11.0,0,8.8,1,sea
2014-08-21T16:59:18.709769Z,2014,8,21,65.129900,22.417400,-10.0,0,9.0,1,sea
2014-08-21T16:59:18.716680Z,2014,8,21,65.134200,22.423200,6.0,0,2.6,1,sea
2014-08-21T16:59:18.740029Z,2014,8,21,65.139900,22.398100,4.0,0,4.2,1,sea
2014-08-21T17:00:08.711538Z,2014,8,21,65.147300,22.377200,-30.0,0,7.4,1,sea
2014-08-21T17:00:08.717318Z,2014,8,21,65.149200,22.402100,-11.0,0,8.4,1,sea
2014-08-21T17:00:42.867528Z,2014,8,21,65.128200,22.399200,7.0,0,4.4,1,sea
2014-08-21T17:00:42.877360Z,2014,8,21,65.135900,22.356400,8.0,0,3.8,1,sea
2014-08-21T17:00:42.878541Z,2014,8,21,65.112300,22.538900,11.0,0,24.2,1,sea
2014-08-21T17:00:42.882448Z,2014,8,21,65.154300,22.330500,12.0,0,7.6,1,sea
2014-08-21T17:01:31.715357Z,2014,8,21,65.152800,22.419700,11.0,0,4.2,1,sea
2014-08-21T17:01:31.720273Z,2014,8,21,65.130200,22.406800,5.0,0,3.4,1,sea
2014-08-21T17:01:31.727947Z,2014,8,21,65.203500,22.476400,10.0,0,11.2,1,sea
2014-08-21T17:02:07.363388Z,2014,8,21,65.136900,22.371800,-15.0,0,5.0,1,sea
2014-08-21T17:02:07.373310Z,2014,8,21,65.140200,22.365700,-7.0,0,2.8,1,sea
2014-08-21T17:03:19.415234Z,2014,8,21,65.160000,22.324900,-7.0,0,9.0,1,sea
2014-08-21T17:03:19.421289Z,2014,8,21,65.145800,22.432500,12.0,0,25.6,1,sea
2014-08-21T17:04:06.448991Z,2014,8,21,65.140700,22.358000,-11.0,0,3.8,1,sea
2014-08-21T17:04:06.452379Z,2014,8,21,65.137500,22.338100,5.0,0,8.0,1,sea
2014-08-21T17:04:06.876343Z,2014,8,21,65.140900,22.352200,-14.0,0,3.4,1,sea
2014-08-21T17:04:06.916952Z,2014,8,21,65.137500,22.358200,-7.0,0,2.8,1,sea
2014-08-21T17:04:07.045141Z,2014,8,21,65.138100,22.361900,-5.0,0,2.2,1,sea
2014-08-21T17:05:19.332760Z,2014,8,21,65.132600,22.399800,-21.0,0,4.4,1,sea
2014-08-21T17:06:24.671975Z,2014,8,21,65.128600,22.405900,-19.0,0,7.0,1,sea
2014-08-21T17:06:24.679260Z,2014,8,21,65.132800,22.377800,-12.0,0,3.6,1,sea
2014-08-21T17:07:25.416525Z,2014,8,21,65.126800,22.388200,-16.0,0,6.0,1,sea
2014-08-21T17:07:25.433540Z,2014,8,21,65.124600,22.446300,-10.0,0,3.2,1,sea
2014-08-21T17:07:25.449099Z,2014,8,21,65.119700,22.432100,-9.0,0,3.8,1,sea
2014-08-21T17:08:30.705201Z,2014,8,21,65.131300,22.475900,8.0,0,6.0,1,sea
2014-08-21T17:08:30.708565Z,2014,8,21,65.126400,22.429000,-57.0,0,7.8,1,sea
2014-08-21T17:08:42.421330Z,2014,8,21,65.124800,22.414400,-16.0,0,5.2,1,sea
2014-08-21T17:08:42.438809Z,2014,8,21,65.134600,22.382000,-9.0,0,3.8,1,sea
2014-08-21T17:09:39.939307Z,2014,8,21,65.128200,22.437600,-42.0,0,6.4,1,sea
2014-08-21T17:09:39.960466Z,2014,8,21,65.138200,22.391800,-17.0,0,5.8,1,sea
2014-08-21T17:09:39.983608Z,2014,8,21,65.111200,22.457900,-9.0,0,2.8,1,sea
2014-08-21T17:10:12.386055Z,2014,8,21,65.126700,22.405800,-12.0,0,4.0,1,sea
2014-08-21T17:10:12.425427Z,2014,8,21,65.147700,22.331900,-4.0,0,2.6,1,sea
2014-08-21T17:10:46.570626Z,2014,8,21,65.133400,22.420400,-26.0,0,7.2,1,sea
2014-08-21T17:10:46.592648Z,2014,8,21,65.141100,22.404700,-9.0,0,3.6,1,sea
2014-08-21T17:10:46.611831Z,2014,8,21,65.143300,22.397800,-10.0,0,6.4,1,sea
2014-08-21T17:10:46.641763Z,2014,8,21,65.119100,22.406900,-12.0,0,3.4,1,sea
2014-08-21T17:10:46.669677Z,2014,8,21,65.147500,22.373600,-11.0,0,3.0,1,sea
2014-08-21T17:11:32.305892Z,2014,8,21,65.123100,22.433600,-32.0,0,10.4,1,sea
2014-08-21T17:11:32.334494Z,2014,8,21,65.123200,22.400600,-13.0,0,4.2,1,sea
2014-08-21T17:11:32.356493Z,2014,8,21,65.146200,22.362700,-10.0,0,4.6,1,sea
2014-08-21T17:11:32.389373Z,2014,8,21,65.138800,22.401600,-13.0,0,4.8,1,sea
2014-08-21T17:11:32.708335Z,2014,8,21,65.139300,22.373400,-6.0,0,2.4,1,sea
2014-08-21T17:12:19.966573Z,2014,8,21,65.126600,22.413500,-39.0,0,7.2,1,sea
2014-08-21T17:12:19.982789Z,2014,8,21,65.130500,22.387100,-12.0,0,4.8,1,sea
2014-08-21T17:12:19.992607Z,2014,8,21,65.131000,22.397500,-8.0,0,3.0,1,sea
2014-08-21T17:13:11.479016Z,2014,8,21,65.136300,22.419900,-44.0,0,10.0,1,sea
2014-08-21T17:13:11.505749Z,2014,8,21,65.138700,22.391400,-12.0,0,4.4,1,sea
2014-08-21T17:13:11.533011Z,2014,8,21,65.143200,22.364300,-12.0,0,3.8,1,sea
2014-08-21T17:13:11.554758Z,2014,8,21,65.146400,22.389700,-11.0,0,3.4,1,sea
2014-08-21T17:13:11.584905Z,2014,8,21,65.149300,22.384700,-12.0,0,3.4,1,sea
2014-08-21T17:14:15.718474Z,2014,8,21,65.136800,22.413100,-46.0,0,10.4,1,sea
2014-08-21T17:14:15.718627Z,2014,8,21,65.212500,22.249600,-16.0,0,30.2,1,sea
2014-08-21T17:14:15.734222Z,2014,8,21,65.130600,22.383400,-18.0,0,5.0,1,sea
2014-08-21T17:16:10.471859Z,2014,8,21,65.127400,22.377300,-10.0,0,3.6,1,sea
2014-08-21T17:16:10.475066Z,2014,8,21,65.116200,22.431700,-32.0,0,7.6,1,sea
2014-08-21T17:17:25.452299Z,2014,8,21,65.120700,22.427400,-37.0,0,7.8,1,sea
2014-08-21T17:17:25.471985Z,2014,8,21,65.123600,22.421900,-15.0,0,3.8,1,sea
2014-08-21T17:18:42.381243Z,2014,8,21,65.130900,22.379400,-32.0,0,8.4,1,sea
2014-08-21T17:18:42.394596Z,2014,8,21,65.131400,22.374800,-12.0,0,3.4,1,sea
2014-08-21T17:19:32.185959Z,2014,8,21,65.130000,22.424600,-12.0,0,4.0,1,sea
2014-08-21T17:19:32.225723Z,2014,8,21,65.117500,22.426200,-9.0,0,3.6,1,sea
2014-08-21T17:19:32.279892Z,2014,8,21,65.130000,22.421500,-10.0,0,5.2,1,sea
2014-08-21T17:19:32.327621Z,2014,8,21,65.124900,22.427300,-6.0,0,2.6,1,sea
2014-08-21T17:19:32.573877Z,2014,8,21,65.136700,22.408400,-12.0,0,3.4,1,sea
2014-08-21T17:19:32.603321Z,2014,8,21,65.124700,22.427700,-3.0,0,2.0,1,sea
2014-08-21T17:19:32.633514Z,2014,8,21,65.124100,22.428200,-6.0,0,2.6,1,sea
2014-08-21T17:20:39.181059Z,2014,8,21,65.112400,22.460200,-27.0,0,12.6,1,sea
2014-08-21T17:20:39.215518Z,2014,8,21,65.122700,22.422700,-17.0,0,5.6,1,sea
2014-08-21T17:20:39.602381Z,2014,8,21,65.129000,22.409900,-9.0,0,3.4,1,sea
2014-08-21T17:21:49.961080Z,2014,8,21,65.113300,22.422700,-16.0,0,7.0,1,sea
2014-08-21T17:21:49.989801Z,2014,8,21,65.121100,22.425200,-23.0,0,7.0,1,sea
2014-08-21T17:21:50.019898Z,2014,8,21,65.137100,22.369600,-11.0,0,4.0,1,sea
2014-08-21T17:21:50.042430Z,2014,8,21,65.148900,22.392700,-7.0,0,3.2,1,sea
2014-08-21T17:22:31.552994Z,2014,8,21,65.122600,22.431900,-17.0,0,5.6,1,sea
2014-08-21T17:22:31.579323Z,2014,8,21,65.137000,22.401700,-14.0,0,2.2,1,sea
2014-08-21T17:22:31.621727Z,2014,8,21,65.129300,22.440200,-13.0,0,3.2,1,sea
2014-08-21T17:25:10.191082Z,2014,8,21,65.125900,22.430400,-24.0,0,6.4,1,sea
2014-08-21T17:26:33.514337Z,2014,8,21,65.136000,22.424300,-10.0,0,3.2,1,sea
2014-08-21T17:26:33.514979Z,2014,8,21,65.264200,22.372400,4.0,0,6.2,1,sea
2014-08-21T17:26:33.520797Z,2014,8,21,65.123100,22.428100,-33.0,0,8.8,1,sea
2014-08-21T17:28:03.247722Z,2014,8,21,65.123600,22.424300,-43.0,0,8.4,1,sea
2014-08-21T17:28:03.267548Z,2014,8,21,65.122100,22.363800,-10.0,0,3.8,1,sea
2014-08-21T17:29:03.256854Z,2014,8,21,65.121100,22.426700,-28.0,0,8.8,1,sea
2014-08-21T17:29:22.406323Z,2014,8,21,65.093300,22.439500,13.0,0,10.6,1,sea
2014-08-21T17:30:37.354593Z,2014,8,21,65.306600,22.170200,-42.0,0,10.6,1,sea
2014-08-21T17:30:37.373537Z,2014,8,21,65.122300,22.416600,-16.0,0,5.8,1,sea
2014-08-21T17:30:37.378543Z,2014,8,21,65.135500,22.389600,-14.0,0,8.2,1,sea
2014-08-21T17:31:23.865585Z,2014,8,21,65.105400,22.463200,14.0,0,18.8,1,sea
2014-08-21T17:31:43.567839Z,2014,8,21,65.104700,22.432500,-16.0,0,6.2,1,sea
2014-08-21T17:32:24.711408Z,2014,8,21,65.116500,22.442900,-75.0,0,17.4,1,sea
2014-08-21T17:32:24.815399Z,2014,8,21,65.124100,22.397200,-17.0,0,6.0,1,sea
2014-08-21T17:32:25.331919Z,2014,8,21,65.162400,22.298100,-6.0,0,2.6,1,sea
2014-08-21T17:33:06.219844Z,2014,8,21,65.119600,22.406300,11.0,0,7.8,1,sea
2014-08-21T17:33:06.241467Z,2014,8,21,65.151800,22.485700,6.0,0,12.6,1,sea
2014-08-21T17:33:31.646017Z,2014,8,21,65.091200,22.433100,-10.0,0,3.2,1,sea
2014-08-21T17:33:58.292011Z,2014,8,21,65.115000,22.427200,-57.0,0,10.8,1,sea
2014-08-21T17:33:58.331890Z,2014,8,21,65.118700,22.410800,-13.0,0,4.2,1,sea
2014-08-21T17:33:58.341261Z,2014,8,21,65.126900,22.415500,-12.0,0,4.2,1,sea
2014-08-21T17:33:58.353160Z,2014,8,21,65.118400,22.420000,-13.0,0,4.0,1,sea
2014-08-21T17:33:58.367531Z,2014,8,21,65.122300,22.410700,-12.0,0,4.2,1,sea
2014-08-21T17:33:58.395616Z,2014,8,21,65.101300,22.434300,-7.0,0,6.0,1,sea
2014-08-21T17:33:58.402180Z,2014,8,21,65.123700,22.385300,-4.0,0,2.0,1,sea
2014-08-21T17:34:30.176251Z,2014,8,21,65.109600,22.440000,-77.0,0,10.2,1,sea
2014-08-21T17:34:30.197573Z,2014,8,21,65.115300,22.419500,-13.0,0,13.4,1,sea
2014-08-21T17:34:30.223207Z,2014,8,21,65.131900,22.447000,-23.0,0,11.0,1,sea
2014-08-21T17:34:30.223336Z,2014,8,21,65.281600,22.983000,22.0,0,12.4,1,sea
2014-08-21T17:34:30.256192Z,2014,8,21,65.117100,22.413000,-19.0,0,4.0,1,sea
2014-08-21T17:34:30.305583Z,2014,8,21,65.113300,22.427600,-18.0,0,7.2,1,sea
2014-08-21T17:35:03.438612Z,2014,8,21,65.109600,22.439800,-68.0,0,13.8,1,sea
2014-08-21T17:35:03.463427Z,2014,8,21,65.115900,22.413400,-9.0,0,5.4,1,sea
2014-08-21T17:35:03.466031Z,2014,8,21,65.119500,22.408900,-18.0,0,7.0,1,sea
2014-08-21T17:35:03.488735Z,2014,8,21,65.102400,22.407700,-21.0,0,4.6,1,sea
2014-08-21T17:35:03.539357Z,2014,8,21,65.122500,22.395200,-11.0,0,4.6,1,sea
2014-08-21T17:35:03.659396Z,2014,8,21,65.099900,22.441200,4.0,0,2.0,1,sea
2014-08-21T17:35:03.660688Z,2014,8,21,65.120500,22.390400,-9.0,0,3.2,1,sea
2014-08-21T17:35:03.814768Z,2014,8,21,65.117300,22.400500,-4.0,0,2.2,1,sea
2014-08-21T17:35:56.914185Z,2014,8,21,65.091500,22.492500,-121.0,0,17.4,1,sea
2014-08-21T17:35:56.940515Z,2014,8,21,65.112400,22.426800,-27.0,0,7.8,1,sea
2014-08-21T17:35:56.947348Z,2014,8,21,65.114100,22.436200,-24.0,0,4.8,1,sea
2014-08-21T17:35:56.959536Z,2014,8,21,65.113400,22.431600,-22.0,0,5.6,1,sea
2014-08-21T17:35:56.965011Z,2014,8,21,65.113600,22.435600,-14.0,0,10.0,1,sea
2014-08-21T17:35:56.992515Z,2014,8,21,65.107200,22.404600,-16.0,0,5.0,1,sea
2014-08-21T17:35:57.008752Z,2014,8,21,65.111600,22.429400,-17.0,0,5.2,1,sea
2014-08-21T17:36:24.727380Z,2014,8,21,65.091900,22.463700,-57.0,0,10.6,1,sea
2014-08-21T17:36:24.744895Z,2014,8,21,65.108000,22.507000,-13.0,0,30.2,1,sea
2014-08-21T17:36:24.792091Z,2014,8,21,65.105800,22.415800,-18.0,0,6.4,1,sea
2014-08-21T17:36:51.926921Z,2014,8,21,65.102700,22.403800,-51.0,0,12.6,1,sea
2014-08-21T17:36:51.945523Z,2014,8,21,65.108200,22.393900,-18.0,0,3.8,1,sea
2014-08-21T17:36:51.964817Z,2014,8,21,65.106400,22.407400,-18.0,0,6.4,1,sea
2014-08-21T17:37:24.189900Z,2014,8,21,65.097200,22.415200,-51.0,0,11.4,1,sea
2014-08-21T17:37:24.210115Z,2014,8,21,65.097400,22.409400,-25.0,0,15.6,1,sea
2014-08-21T17:37:24.237179Z,2014,8,21,65.102800,22.396500,-38.0,0,7.2,1,sea
2014-08-21T17:37:24.252869Z,2014,8,21,65.104100,22.397300,-10.0,0,4.8,1,sea
2014-08-21T17:37:24.278990Z,2014,8,21,65.101800,22.403300,-20.0,0,5.6,1,sea
2014-08-21T17:37:24.327941Z,2014,8,21,65.110500,22.412800,-7.0,0,3.2,1,sea
2014-08-21T17:38:00.262139Z,2014,8,21,65.103400,22.425900,-56.0,0,14.6,1,sea
2014-08-21T17:38:39.370499Z,2014,8,21,65.125700,22.400400,-32.0,0,5.0,1,sea
2014-08-21T17:38:39.391555Z,2014,8,21,65.130700,22.451700,-17.0,0,6.2,1,sea
2014-08-21T17:38:39.438687Z,2014,8,21,65.134800,22.419500,-18.0,0,6.0,1,sea
2014-08-21T17:38:39.456913Z,2014,8,21,65.136500,22.382000,-12.0,0,2.6,1,sea
2014-08-21T17:38:39.508848Z,2014,8,21,65.105300,22.403200,-8.0,0,3.2,1,sea
2014-08-21T17:39:32.863398Z,2014,8,21,65.131100,22.404800,-39.0,0,14.2,1,sea
2014-08-21T17:39:32.977267Z,2014,8,21,65.109000,22.421300,-8.0,0,4.0,1,sea
2014-08-21T17:39:33.163017Z,2014,8,21,65.130800,22.384700,-6.0,0,2.4,1,sea
2014-08-21T17:39:33.382600Z,2014,8,21,65.138200,22.366300,-9.0,0,2.8,1,sea
2014-08-21T17:40:54.110199Z,2014,8,21,65.130400,22.436700,-93.0,0,11.4,1,sea
2014-08-21T17:44:11.866258Z,2014,8,21,65.117100,22.433700,-166.0,0,24.0,1,sea
2014-08-21T17:46:59.882790Z,2014,8,21,65.124300,22.410200,-44.0,0,11.0,1,sea
2014-08-21T17:47:00.073568Z,2014,8,21,65.120500,22.375100,6.0,0,4.0,1,sea
2014-08-21T17:49:56.054083Z,2014,8,21,65.182300,22.263200,-50.0,0,8.0,1,sea
2014-08-21T17:49:56.054585Z,2014,8,21,65.123800,22.378500,-148.0,0,11.6,1,sea
2014-08-21T17:49:56.113864Z,2014,8,21,65.138700,22.346500,-7.0,0,2.8,1,sea
2014-08-21T17:49:56.114237Z,2014,8,21,65.113000,22.400100,-7.0,0,2.8,1,sea
2014-08-21T17:52:35.118667Z,2014,8,21,65.110600,22.495800,-97.0,0,11.0,1,sea
2014-08-21T17:52:35.138437Z,2014,8,21,65.136700,22.465400,-11.0,0,4.6,1,sea
2014-08-21T17:56:01.295376Z,2014,8,21,65.111300,22.482200,-63.0,0,6.4,1,sea
2014-08-21T17:56:01.317212Z,2014,8,21,65.129900,22.419500,-14.0,0,6.0,1,sea
2014-08-21T17:56:01.336837Z,2014,8,21,65.180200,22.401300,-9.0,0,7.2,1,sea
2014-08-21T17:56:01.340416Z,2014,8,21,65.105000,22.446300,-11.0,0,8.2,1,sea
2014-08-21T17:58:24.625691Z,2014,8,21,65.113200,22.485500,-8.0,0,2.6,1,sea
2014-08-21T17:58:24.700785Z,2014,8,21,65.081100,22.451100,4.0,0,3.2,1,sea
2014-08-21T17:58:24.773293Z,2014,8,21,65.147500,22.392500,12.0,0,4.8,1,sea
2014-08-21T17:58:24.774624Z,2014,8,21,65.162500,22.336200,6.0,0,4.8,1,sea
2014-08-21T18:00:28.913309Z,2014,8,21,65.129400,22.512900,-31.0,0,8.4,1,sea
2014-08-21T18:00:28.955773Z,2014,8,21,65.122600,22.483900,-3.0,0,2.2,1,sea
2014-08-21T18:03:11.713869Z,2014,8,21,65.105600,22.434600,-12.0,0,3.6,1,sea
2014-08-21T18:09:13.053858Z,2014,8,21,65.144300,22.570500,-35.0,0,16.6,1,sea
2014-08-21T18:09:13.097609Z,2014,8,21,65.161800,22.492100,-7.0,0,2.6,1,sea
2014-08-21T18:09:13.432512Z,2014,8,21,65.174100,22.364000,-36.0,0,15.0,1,sea
2014-08-21T18:09:13.446083Z,2014,8,21,65.156300,22.419800,-18.0,0,30.2,1,sea
2014-08-21T18:09:13.464050Z,2014,8,21,65.152600,22.385100,-33.0,0,10.2,1,sea
2014-08-21T18:11:47.894548Z,2014,8,21,65.151700,22.515800,-59.0,0,7.0,1,sea
2014-08-21T18:11:47.912007Z,2014,8,21,65.169700,22.503200,-24.0,0,11.4,1,sea
2014-08-21T18:14:21.267067Z,2014,8,21,65.132500,22.594100,-14.0,0,8.0,1,sea
2014-08-21T18:14:21.269466Z,2014,8,21,65.138300,22.580700,-40.0,0,6.6,1,sea
2014-08-21T18:14:21.290225Z,2014,8,21,65.148400,22.519600,-22.0,0,7.2,1,sea
2014-08-21T18:17:14.675842Z,2014,8,21,65.125600,22.679200,-10.0,0,15.0,1,sea
2014-08-21T18:17:14.679763Z,2014,8,21,65.128300,22.638200,-54.0,0,13.4,1,sea
2014-08-21T18:17:14.693230Z,2014,8,21,65.204300,22.562700,-4.0,0,7.2,1,sea
2014-08-21T18:17:14.702229Z,2014,8,21,65.142000,22.568400,-29.0,0,8.8,1,sea
2014-08-21T18:17:14.709236Z,2014,8,21,65.156400,22.548200,-15.0,0,4.2,1,sea
2014-08-21T18:18:38.101058Z,2014,8,21,65.188300,22.553200,-10.0,0,3.6,1,sea
2014-08-21T18:18:38.109246Z,2014,8,21,65.179200,22.553100,-6.0,0,2.2,1,sea
2014-08-21T18:20:18.950251Z,2014,8,21,65.162600,22.732800,12.0,0,17.4,1,sea
2014-08-21T18:20:18.953490Z,2014,8,21,65.185400,22.589400,4.0,0,7.6,1,sea
2014-08-21T18:20:19.183183Z,2014,8,21,65.097600,22.540500,-19.0,0,30.2,1,sea
2014-08-21T18:20:19.183201Z,2014,8,21,65.186500,22.653800,-21.0,0,19.6,1,sea
2014-08-21T18:20:19.197340Z,2014,8,21,65.180200,22.591500,-3.0,0,2.0,1,sea
2014-08-21T18:21:33.714463Z,2014,8,21,65.154600,22.613700,-37.0,0,12.6,1,sea
2014-08-21T18:21:33.747177Z,2014,8,21,65.170400,22.625600,-15.0,0,5.2,1,sea
2014-08-21T18:21:33.781588Z,2014,8,21,65.146500,22.623300,-12.0,0,4.6,1,sea
2014-08-21T18:21:33.805132Z,2014,8,21,65.131000,22.601000,-8.0,0,3.8,1,sea
2014-08-21T18:22:59.272402Z,2014,8,21,65.171300,22.574800,-60.0,0,8.8,1,sea
2014-08-21T18:22:59.282879Z,2014,8,21,65.176400,22.563000,-5.0,0,8.4,1,sea
2014-08-21T18:22:59.285865Z,2014,8,21,65.170900,22.578100,-13.0,0,6.0,1,sea
2014-08-21T18:22:59.298989Z,2014,8,21,65.176700,22.585600,-20.0,0,8.2,1,sea
2014-08-21T18:22:59.307533Z,2014,8,21,65.176600,22.571600,-13.0,0,3.2,1,sea
2014-08-21T18:22:59.732285Z,2014,8,21,65.169100,22.576800,-7.0,0,1.4,1,sea
2014-08-21T18:24:55.310697Z,2014,8,21,65.187500,22.580200,-20.0,0,7.6,1,sea
2014-08-21T18:24:55.345018Z,2014,8,21,65.112500,22.624500,-4.0,0,2.8,1,sea
2014-08-21T18:24:55.688334Z,2014,8,21,65.152900,22.452200,-5.0,0,2.2,1,sea
2014-08-21T18:24:55.746613Z,2014,8,21,65.166600,22.435800,-9.0,0,3.4,1,sea
2014-08-21T18:26:18.481075Z,2014,8,21,65.427500,22.882500,9.0,0,3.0,1,sea
2014-08-21T18:26:18.483223Z,2014,8,21,65.164500,22.640100,-57.0,0,15.2,1,sea
2014-08-21T18:26:18.491523Z,2014,8,21,65.182800,22.615700,-15.0,0,7.4,1,sea
2014-08-21T18:26:18.496024Z,2014,8,21,65.197200,22.594700,-5.0,0,8.4,1,sea
2014-08-21T18:26:18.800724Z,2014,8,21,65.162200,22.390500,5.0,0,4.6,1,sea
2014-08-21T18:28:07.162158Z,2014,8,21,65.183000,22.613100,-76.0,0,16.6,1,sea
2014-08-21T18:28:07.222547Z,2014,8,21,65.184000,22.536300,-6.0,0,2.2,1,sea
2014-08-21T18:30:57.337382Z,2014,8,21,65.178300,22.531900,-151.0,0,7.0,1,sea
2014-08-21T18:30:57.484561Z,2014,8,21,65.179300,22.487800,5.0,0,4.4,1,sea
2014-08-21T18:34:45.432869Z,2014,8,21,65.177700,22.605300,-27.0,0,11.0,1,sea
2014-08-21T18:34:45.433986Z,2014,8,21,65.174400,22.678300,-105.0,0,23.6,1,sea
2014-08-21T18:34:45.448567Z,2014,8,21,65.182600,22.606500,-17.0,0,8.6,1,sea
2014-08-21T18:34:45.462570Z,2014,8,21,65.184800,22.615600,-15.0,0,6.0,1,sea
2014-08-21T18:34:45.786615Z,2014,8,21,65.212200,22.523600,-16.0,0,7.2,1,sea
2014-08-21T18:34:45.830636Z,2014,8,21,65.216600,22.519300,-11.0,0,2.0,1,sea
2014-08-21T18:34:45.879964Z,2014,8,21,65.209300,22.527100,-5.0,0,1.4,1,sea
2014-08-21T18:37:20.236980Z,2014,8,21,65.183200,22.635300,-93.0,0,13.2,1,sea
2014-08-21T18:37:20.255165Z,2014,8,21,65.178200,22.611700,-22.0,0,5.4,1,sea
2014-08-21T18:37:20.263167Z,2014,8,21,65.132800,22.662500,-7.0,0,7.8,1,sea
2014-08-21T18:37:20.588053Z,2014,8,21,65.199800,22.339000,-18.0,0,5.6,1,sea
2014-08-21T18:37:20.673118Z,2014,8,21,65.177800,22.369300,-4.0,0,2.8,1,sea
2014-08-21T18:40:19.699359Z,2014,8,21,65.177200,22.596200,-14.0,0,7.2,1,sea
2014-08-21T18:40:19.701521Z,2014,8,21,65.178400,22.621700,-47.0,0,13.8,1,sea
2014-08-21T18:40:19.718032Z,2014,8,21,65.150200,22.488200,-7.0,0,16.2,1,sea
2014-08-21T18:40:20.086295Z,2014,8,21,65.182800,22.504900,-4.0,0,2.2,1,sea
2014-08-21T18:50:12.709261Z,2014,8,21,65.194900,22.723600,-6.0,0,2.8,1,sea
2014-08-21T18:50:12.923375Z,2014,8,21,65.220500,22.674700,4.0,0,3.8,1,sea
2014-08-21T18:52:44.968074Z,2014,8,21,65.209700,22.711500,-7.0,0,3.8,1,sea
2014-08-21T18:52:45.023472Z,2014,8,21,65.211600,22.668100,-7.0,0,4.6,1,sea
2014-08-21T18:52:45.095906Z,2014,8,21,65.210200,22.703800,-8.0,0,2.2,1,sea
2014-08-21T18:54:27.047844Z,2014,8,21,65.201300,22.725400,-3.0,0,1.6,1,sea
2014-08-21T18:54:27.074731Z,2014,8,21,65.224900,22.679100,-5.0,0,2.0,1,sea
2014-08-21T18:56:51.708374Z,2014,8,21,65.166700,22.715600,20.0,0,30.2,1,sea
2014-08-21T18:56:51.720929Z,2014,8,21,65.161700,22.563700,-6.0,0,12.0,1,sea
2014-08-21T18:56:51.741114Z,2014,8,21,65.189900,22.710800,5.0,0,12.0,1,sea
2014-08-21T18:56:51.748487Z,2014,8,21,65.210500,22.562000,7.0,0,7.6,1,sea
2014-08-21T18:56:51.751845Z,2014,8,21,65.098800,22.638600,4.0,0,1.4,1,sea
2014-08-21T18:56:51.777033Z,2014,8,21,65.216900,22.585300,31.0,0,12.4,1,sea
2014-08-21T18:56:51.901473Z,2014,8,21,65.142800,22.624900,-29.0,0,8.0,1,sea
2014-08-21T18:56:51.918749Z,2014,8,21,65.243100,22.526500,-34.0,0,23.2,1,sea
2014-08-21T18:56:51.932262Z,2014,8,21,65.253900,22.490200,-12.0,0,3.8,1,sea
2014-08-21T18:56:51.933337Z,2014,8,21,65.148800,22.590800,-8.0,0,2.8,1,sea
2014-08-21T18:56:51.941998Z,2014,8,21,65.255200,22.476100,-8.0,0,4.2,1,sea
2014-08-21T18:56:51.956996Z,2014,8,21,65.253900,22.492200,-11.0,0,5.2,1,sea
2014-08-21T18:56:51.972016Z,2014,8,21,65.250600,22.490100,-6.0,0,4.2,1,sea
2014-08-21T18:56:52.038651Z,2014,8,21,65.255700,22.489400,-9.0,0,4.6,1,sea
2014-08-21T18:56:52.060418Z,2014,8,21,65.175700,22.559000,-5.0,0,1.4,1,sea
2014-08-21T18:56:52.084573Z,2014,8,21,65.229500,22.511700,-4.0,0,1.4,1,sea
2014-08-21T18:56:52.121891Z,2014,8,21,65.178600,22.556500,-6.0,0,4.2,1,sea
2014-08-21T18:56:52.188718Z,2014,8,21,65.249600,22.494300,-7.0,0,1.4,1,sea
2014-08-21T18:56:52.211387Z,2014,8,21,65.250800,22.493400,-7.0,0,4.6,1,sea
2014-08-21T18:58:02.051785Z,2014,8,21,65.228800,22.643100,-4.0,0,4.0,1,sea
2014-08-21T19:00:15.649664Z,2014,8,21,65.215500,22.538200,-43.0,0,11.2,1,sea
2014-08-21T19:00:15.649725Z,2014,8,21,65.404500,22.226600,-47.0,0,13.4,1,sea
2014-08-21T19:00:15.660797Z,2014,8,21,65.217800,22.635000,-22.0,0,8.2,1,sea
2014-08-21T19:00:15.715339Z,2014,8,21,65.226700,22.623400,-7.0,0,1.6,1,sea
2014-08-21T19:00:15.885940Z,2014,8,21,65.191700,22.640800,-6.0,0,2.2,1,sea
2014-08-21T19:02:48.036741Z,2014,8,21,65.217500,22.666700,7.0,0,8.4,1,sea
2014-08-21T19:02:48.067050Z,2014,8,21,65.209300,22.538400,-18.0,0,19.6,1,sea
2014-08-21T19:05:36.964204Z,2014,8,21,65.223900,22.646400,-7.0,0,3.6,1,sea
2014-08-21T19:06:28.056135Z,2014,8,21,65.218200,22.719100,-12.0,0,3.8,1,sea
2014-08-21T19:06:28.070043Z,2014,8,21,65.208800,22.704700,-8.0,0,4.0,1,sea
2014-08-21T19:06:28.095168Z,2014,8,21,65.222000,22.707300,-14.0,0,18.2,1,sea
2014-08-21T19:06:28.128247Z,2014,8,21,65.205200,22.707000,-11.0,0,4.8,1,sea
2014-08-21T19:06:28.165096Z,2014,8,21,65.223400,22.606700,-6.0,0,2.8,1,sea
2014-08-21T19:08:03.989761Z,2014,8,21,65.229400,22.752500,-45.0,0,12.8,1,sea
2014-08-21T19:08:04.011962Z,2014,8,21,65.213900,22.676800,-14.0,0,4.4,1,sea
2014-08-21T19:08:04.013283Z,2014,8,21,65.230100,22.711400,-5.0,0,1.8,1,sea
2014-08-21T19:08:04.018282Z,2014,8,21,65.180200,22.759200,-3.0,0,2.0,1,sea
2014-08-21T19:08:04.332628Z,2014,8,21,65.168200,22.561800,5.0,0,1.6,1,sea
2014-08-21T19:10:09.265578Z,2014,8,21,65.215500,22.663200,-66.0,0,18.8,1,sea
2014-08-21T19:10:09.277448Z,2014,8,21,65.217700,22.648300,-12.0,0,5.8,1,sea
2014-08-21T19:10:09.280348Z,2014,8,21,65.167900,22.666500,-4.0,0,5.4,1,sea
2014-08-21T19:11:12.826340Z,2014,8,21,65.309300,23.050600,-15.0,0,3.8,1,sea
2014-08-21T19:11:12.911687Z,2014,8,21,65.336800,23.068100,-24.0,0,4.4,1,sea
2014-08-21T19:13:00.336244Z,2014,8,21,65.312200,23.042000,-19.0,0,8.0,1,sea
2014-08-21T19:13:00.369411Z,2014,8,21,65.324200,23.044000,-14.0,0,2.6,1,sea
2014-08-21T19:13:00.412917Z,2014,8,21,65.318300,23.075900,-11.0,0,3.0,1,sea
2014-08-21T19:13:00.570682Z,2014,8,21,65.326000,23.024500,-20.0,0,11.0,1,sea
2014-08-21T19:13:00.575973Z,2014,8,21,65.324400,23.008700,-4.0,0,2.2,1,sea
2014-08-21T19:13:16.563880Z,2014,8,21,65.201000,22.677400,-163.0,0,8.8,1,sea
2014-08-21T19:13:16.652928Z,2014,8,21,65.195500,22.569400,6.0,0,5.8,1,sea
2014-08-21T19:14:37.691155Z,2014,8,21,65.332900,23.045300,-5.0,0,3.0,1,sea
2014-08-21T19:16:19.660141Z,2014,8,21,65.305000,23.078600,-51.0,0,20.8,1,sea
2014-08-21T19:16:19.679479Z,2014,8,21,65.327800,23.051500,-12.0,0,2.0,1,sea
2014-08-21T19:16:32.329333Z,2014,8,21,65.213900,22.774700,-21.0,0,14.6,1,sea
2014-08-21T19:16:32.334959Z,2014,8,21,65.225500,22.725500,-18.0,0,8.0,1,sea
2014-08-21T19:16:32.378950Z,2014,8,21,65.193800,22.781400,-4.0,0,5.0,1,sea
2014-08-21T19:16:32.394056Z,2014,8,21,65.194400,22.774600,-4.0,0,2.8,1,sea
2014-08-21T19:18:34.731726Z,2014,8,21,65.184800,22.786100,-11.0,0,6.6,1,sea
2014-08-21T19:18:34.736322Z,2014,8,21,65.216900,22.755400,-35.0,0,9.6,1,sea
2014-08-21T19:18:34.749373Z,2014,8,21,65.233100,22.720200,-17.0,0,8.2,1,sea
2014-08-21T19:18:35.050196Z,2014,8,21,65.239100,22.473700,33.0,0,8.4,1,sea
2014-08-21T19:18:35.161553Z,2014,8,21,65.200600,22.378700,14.0,0,8.2,1,sea
2014-08-21T19:19:10.757241Z,2014,8,21,65.318300,23.039000,6.0,0,7.6,1,sea
2014-08-21T19:20:05.087492Z,2014,8,21,65.270100,23.015100,3.0,0,6.0,1,sea
2014-08-21T19:22:03.214065Z,2014,8,21,65.161000,22.818300,10.0,0,18.4,1,sea
2014-08-21T19:22:03.288408Z,2014,8,21,65.182100,22.751300,-4.0,0,4.2,1,sea
2014-08-21T19:23:18.584431Z,2014,8,21,65.224700,22.803400,22.0,0,12.0,1,sea
2014-08-21T19:23:18.955410Z,2014,8,21,65.273300,22.720600,-9.0,0,4.0,1,sea
2014-08-21T19:24:30.718488Z,2014,8,21,65.265600,23.072800,-31.0,0,9.0,1,sea
2014-08-21T19:24:31.007270Z,2014,8,21,65.317900,23.032400,-7.0,0,6.6,1,sea
2014-08-21T19:25:13.825613Z,2014,8,21,65.245800,22.791900,-23.0,0,20.6,1,sea
2014-08-21T19:25:13.827106Z,2014,8,21,65.231100,22.744500,-68.0,0,10.8,1,sea
2014-08-21T19:25:13.849210Z,2014,8,21,65.176500,22.820300,-10.0,0,13.8,1,sea
2014-08-21T19:25:13.851914Z,2014,8,21,65.237400,22.755400,-6.0,0,2.0,1,sea
2014-08-21T19:27:10.599325Z,2014,8,21,65.210900,22.830000,-150.0,0,29.0,1,sea
2014-08-21T19:27:10.659163Z,2014,8,21,65.238900,22.791300,-5.0,0,2.4,1,sea
2014-08-21T19:27:10.969301Z,2014,8,21,65.253100,22.573000,-11.0,0,3.2,1,sea
2014-08-21T19:29:38.645546Z,2014,8,21,65.250300,22.768200,-123.0,0,19.4,1,sea
2014-08-21T19:29:38.682703Z,2014,8,21,65.262100,22.724200,-10.0,0,2.0,1,sea
2014-08-21T19:32:17.763561Z,2014,8,21,65.260600,22.792300,-12.0,0,3.8,1,sea
2014-08-21T19:33:41.193542Z,2014,8,21,65.262000,22.776300,-10.0,0,2.6,1,sea
2014-08-21T19:33:41.199593Z,2014,8,21,65.268000,22.806700,-5.0,0,2.6,1,sea
2014-08-21T19:33:55.669575Z,2014,8,21,65.315100,23.038500,-64.0,0,14.8,1,sea
2014-08-21T19:36:08.808070Z,2014,8,21,65.227900,22.695500,-40.0,0,9.2,1,sea
2014-08-21T19:36:09.096388Z,2014,8,21,65.266800,22.636800,-14.0,0,6.0,1,sea
2014-08-21T19:36:09.133909Z,2014,8,21,65.266600,22.636800,-13.0,0,6.4,1,sea
2014-08-21T19:40:50.774051Z,2014,8,21,65.327900,23.011900,-52.0,0,10.0,1,sea
2014-08-21T19:40:50.783120Z,2014,8,21,65.309700,22.950300,-13.0,0,7.8,1,sea
2014-08-21T19:40:50.784066Z,2014,8,21,65.306500,23.093800,-10.0,0,12.8,1,sea
2014-08-21T19:40:50.785935Z,2014,8,21,65.286500,22.950500,-5.0,0,16.0,1,sea
2014-08-21T19:54:08.656665Z,2014,8,21,65.326200,23.020800,-7.0,0,5.0,1,sea
2014-08-21T19:54:08.663480Z,2014,8,21,65.318700,23.068900,-5.0,0,2.8,1,sea
2014-08-21T19:55:22.929787Z,2014,8,21,65.272600,22.890700,-6.0,0,2.8,1,sea
2014-08-21T19:56:34.172817Z,2014,8,21,65.332800,23.055600,-13.0,0,6.8,1,sea
2014-08-21T19:57:15.025087Z,2014,8,21,65.258600,22.886000,-10.0,0,3.0,1,sea
2014-08-21T20:16:01.073808Z,2014,8,21,65.279400,23.065300,-15.0,0,6.8,1,sea
2014-08-21T20:16:01.090495Z,2014,8,21,65.285100,23.038200,-10.0,0,3.2,1,sea
2014-08-21T20:16:01.118190Z,2014,8,21,65.289300,23.089000,-10.0,0,3.0,1,sea
2014-08-21T20:16:01.354375Z,2014,8,21,65.291300,23.081300,-12.0,0,4.6,1,sea
2014-08-21T20:16:01.374099Z,2014,8,21,65.290200,23.092900,-11.0,0,4.0,1,sea
2014-08-21T20:16:01.398155Z,2014,8,21,65.289600,23.090700,-13.0,0,3.6,1,sea
2014-08-21T20:18:10.809854Z,2014,8,21,65.293800,23.018500,-10.0,0,4.6,1,sea
2014-08-21T20:18:10.906906Z,2014,8,21,65.281200,23.025100,-5.0,0,2.0,1,sea
2014-08-21T20:18:11.016209Z,2014,8,21,65.287200,23.011500,-11.0,0,4.2,1,sea
2014-08-21T20:18:11.041435Z,2014,8,21,65.289800,23.011900,-10.0,0,4.2,1,sea
2014-08-21T20:20:42.954897Z,2014,8,21,65.299500,23.005400,-19.0,0,8.8,1,sea
2014-08-21T20:22:03.978222Z,2014,8,21,65.299500,22.993400,-16.0,0,5.8,1,sea
2014-08-21T20:22:04.023327Z,2014,8,21,65.297400,23.028500,-9.0,0,2.2,1,sea
2014-08-21T20:22:04.032362Z,2014,8,21,65.287300,23.074800,-5.0,0,13.8,1,sea
2014-08-21T20:22:04.036792Z,2014,8,21,65.306000,23.020200,-10.0,0,4.0,1,sea
2014-08-21T20:23:30.611829Z,2014,8,21,65.299600,23.007100,-20.0,0,8.4,1,sea
2014-08-21T20:23:30.624342Z,2014,8,21,65.302800,22.982500,-10.0,0,6.4,1,sea
2014-08-21T20:23:30.640247Z,2014,8,21,65.303800,22.987600,-13.0,0,2.2,1,sea
2014-08-21T20:23:30.671974Z,2014,8,21,65.313200,23.019300,-8.0,0,2.2,1,sea
2014-08-21T20:26:29.166782Z,2014,8,21,65.249000,23.014800,14.0,0,18.6,1,sea
2014-08-21T20:26:29.286223Z,2014,8,21,65.290600,22.885700,43.0,0,16.8,1,sea
2014-08-21T20:26:29.343209Z,2014,8,21,65.342300,22.601200,18.0,0,10.0,1,sea
2014-08-21T20:30:22.614364Z,2014,8,21,65.323800,22.969100,-43.0,0,6.6,1,sea
2014-08-21T20:30:22.642938Z,2014,8,21,65.324600,22.954100,-12.0,0,3.0,1,sea
2014-08-21T20:32:49.197954Z,2014,8,21,65.274800,23.051600,-87.0,0,20.0,1,sea
2014-08-21T20:32:49.221716Z,2014,8,21,65.310300,22.952100,-11.0,0,5.8,1,sea
2014-08-21T20:32:49.242216Z,2014,8,21,65.324300,22.969700,-10.0,0,3.2,1,sea
2014-08-21T20:34:49.811869Z,2014,8,21,65.200100,22.363600,-17.0,0,15.6,1,sea
2014-08-21T20:34:49.813882Z,2014,8,21,65.285300,23.029200,-95.0,0,25.6,1,sea
2014-08-21T20:34:49.842652Z,2014,8,21,65.300100,22.944300,-9.0,0,2.6,1,sea
2014-08-21T20:34:49.853369Z,2014,8,21,65.305700,22.980400,-7.0,0,5.8,1,sea
2014-08-21T20:34:49.855831Z,2014,8,21,65.307300,22.960800,-8.0,0,12.8,1,sea
2014-08-21T20:34:50.063793Z,2014,8,21,65.279900,22.995100,-5.0,0,2.8,1,sea
2014-08-21T20:34:50.083779Z,2014,8,21,65.308600,22.984300,10.0,0,5.8,1,sea
2014-08-21T20:36:27.976697Z,2014,8,21,65.309100,22.964400,-59.0,0,8.2,1,sea
2014-08-21T20:38:45.995097Z,2014,8,21,65.283200,23.041300,-87.0,0,21.2,1,sea
2014-08-21T20:38:46.010695Z,2014,8,21,65.224900,22.958500,-13.0,0,19.0,1,sea
2014-08-21T20:38:46.012179Z,2014,8,21,65.317000,22.974500,-13.0,0,9.4,1,sea
2014-08-21T20:40:27.448161Z,2014,8,21,65.458000,22.599400,13.0,0,4.6,1,coast_uncertain
2014-08-21T20:40:27.469741Z,2014,8,21,65.320500,23.001500,-7.0,0,2.2,1,sea
2014-08-21T20:40:27.506031Z,2014,8,21,65.319500,23.039400,-8.0,0,22.0,1,sea
2014-08-21T20:47:32.715327Z,2014,8,21,65.366600,22.688700,-15.0,0,6.2,1,sea
2014-08-22T03:02:08.229697Z,2014,8,22,65.393800,22.856500,15.0,0,10.0,1,sea
2014-08-22T03:04:26.035883Z,2014,8,22,65.418800,22.960900,-5.0,0,2.6,1,sea
2014-08-22T03:05:50.630298Z,2014,8,22,65.416400,22.933000,9.0,0,7.6,1,sea
2014-08-22T03:05:50.631434Z,2014,8,22,65.243900,23.043200,7.0,0,1.8,1,sea
2014-08-22T03:05:50.633251Z,2014,8,22,65.424800,22.945000,11.0,0,17.4,1,sea
2014-08-22T03:11:10.839379Z,2014,8,22,65.260600,23.068200,4.0,0,4.6,1,sea
2014-08-22T03:11:10.879784Z,2014,8,22,65.407000,22.958100,-11.0,0,3.2,1,sea
2014-08-22T03:22:38.915498Z,2014,8,22,65.440700,22.996300,7.0,0,8.2,1,sea
2014-08-22T03:22:38.917554Z,2014,8,22,65.480400,22.979100,4.0,0,4.2,1,sea
2014-08-22T03:22:38.984033Z,2014,8,22,65.411200,23.003800,-5.0,0,2.4,1,sea
2014-08-22T03:22:39.120035Z,2014,8,22,65.450100,22.765900,-46.0,0,8.6,1,sea
2014-08-22T03:22:39.128905Z,2014,8,22,65.452600,22.765600,-9.0,0,3.0,1,sea
2014-08-24T02:26:48.888765Z,2014,8,24,65.117300,22.820100,4.0,0,4.6,1,sea
2014-08-24T02:26:48.893818Z,2014,8,24,65.154600,22.813600,51.0,0,17.6,1,sea
2014-08-24T02:29:54.154676Z,2014,8,24,65.153600,22.757800,14.0,0,8.2,1,sea
2014-08-24T04:31:44.541440Z,2014,8,24,65.126000,22.728000,11.0,0,5.4,1,sea
2014-08-24T04:31:44.652060Z,2014,8,24,65.157500,22.736800,-16.0,0,4.0,1,sea
2014-08-24T04:37:19.913350Z,2014,8,24,65.172900,22.538500,-11.0,0,15.4,1,sea
2014-08-24T11:15:36.308106Z,2014,8,24,65.099200,22.427900,-11.0,0,5.6,1,sea
2014-08-24T12:12:51.753817Z,2014,8,24,65.206500,22.544900,-4.0,0,15.0,1,sea
2014-08-24T13:52:50.349285Z,2014,8,24,65.380600,22.816500,-13.0,0,6.0,1,sea
2014-08-24T13:54:01.206942Z,2014,8,24,65.208000,22.246600,6.0,0,3.2,1,sea
2014-08-24T14:02:27.326043Z,2014,8,24,65.199000,22.406900,-4.0,0,1.6,1,sea
2014-08-24T14:11:52.698437Z,2014,8,24,65.210700,22.389000,-8.0,0,4.0,1,sea
2014-08-24T14:11:52.737766Z,2014,8,24,65.212000,22.325000,6.0,0,8.4,1,sea
2014-08-24T14:18:27.163922Z,2014,8,24,65.232800,22.322400,-36.0,0,6.6,1,sea
2014-08-24T14:18:27.481479Z,2014,8,24,65.241000,22.172000,-16.0,0,6.6,1,sea
2014-08-24T14:21:21.257877Z,2014,8,24,65.224800,22.324000,-39.0,0,7.0,1,sea
2014-08-24T14:21:21.276664Z,2014,8,24,65.224800,22.247600,-5.0,0,2.4,1,sea
2014-08-24T14:23:43.189766Z,2014,8,24,65.229800,22.417700,-9.0,0,3.2,1,sea
2014-08-24T14:23:54.449987Z,2014,8,24,65.222200,22.324300,-36.0,0,7.0,1,sea
2014-08-24T14:25:19.968245Z,2014,8,24,65.236300,22.403400,-8.0,0,3.8,1,sea
2014-08-24T14:25:20.200467Z,2014,8,24,65.219000,22.441000,-10.0,0,3.4,1,sea
2014-08-24T14:25:20.599107Z,2014,8,24,65.245500,22.193200,-32.0,0,7.6,1,sea
2014-08-24T14:26:55.906799Z,2014,8,24,65.228100,22.398400,-13.0,0,4.6,1,sea
2014-08-24T14:26:55.925638Z,2014,8,24,65.222200,22.400400,-12.0,0,2.8,1,sea
2014-08-24T14:26:55.957497Z,2014,8,24,65.220100,22.419700,-13.0,0,4.2,1,sea
2014-08-24T14:26:55.998881Z,2014,8,24,65.219800,22.325800,-7.0,0,3.0,1,sea
2014-08-24T14:28:29.803045Z,2014,8,24,65.230800,22.377300,-17.0,0,5.0,1,sea
2014-08-24T14:28:29.900846Z,2014,8,24,65.246300,22.354200,-4.0,0,1.6,1,sea
2014-08-24T14:29:51.952276Z,2014,8,24,65.219700,22.376500,-18.0,0,7.6,1,sea
2014-08-24T14:31:30.933235Z,2014,8,24,65.224300,22.402100,-20.0,0,8.2,1,sea
2014-08-24T14:31:30.944447Z,2014,8,24,65.238100,22.364400,-9.0,0,3.2,1,sea
2014-08-24T14:31:30.969589Z,2014,8,24,65.241000,22.344600,-8.0,0,3.0,1,sea
2014-08-24T14:33:00.369500Z,2014,8,24,65.225900,22.372100,-17.0,0,5.8,1,sea
2014-08-24T14:33:00.384343Z,2014,8,24,65.229900,22.349600,-6.0,0,2.2,1,sea
2014-08-24T14:33:00.421331Z,2014,8,24,65.228500,22.390300,-6.0,0,3.6,1,sea
2014-08-24T14:35:25.505389Z,2014,8,24,65.240000,22.563100,-14.0,0,7.0,1,sea
2014-08-24T14:35:52.667487Z,2014,8,24,65.229900,22.306300,-133.0,0,12.8,1,sea
2014-08-24T14:35:52.719775Z,2014,8,24,65.217500,22.286200,-4.0,0,2.0,1,sea
2014-08-24T14:36:53.700622Z,2014,8,24,65.231200,22.365900,-22.0,0,6.6,1,sea
2014-08-24T14:36:53.712497Z,2014,8,24,65.227100,22.385300,-12.0,0,5.2,1,sea
2014-08-24T14:36:53.726935Z,2014,8,24,65.231700,22.352000,-11.0,0,4.2,1,sea
2014-08-24T14:36:53.752668Z,2014,8,24,65.250700,22.349700,-9.0,0,4.4,1,sea
2014-08-24T14:36:53.783262Z,2014,8,24,65.226500,22.330400,-12.0,0,4.8,1,sea
2014-08-24T14:36:53.839959Z,2014,8,24,65.225100,22.357600,-12.0,0,4.6,1,sea
2014-08-24T14:36:53.905567Z,2014,8,24,65.226400,22.355000,-12.0,0,5.6,1,sea
2014-08-24T14:36:54.009932Z,2014,8,24,65.229600,22.351300,-13.0,0,3.0,1,sea
2014-08-24T14:36:54.119911Z,2014,8,24,65.224700,22.362400,-6.0,0,2.4,1,sea
2014-08-24T14:36:55.629528Z,2014,8,24,65.236200,22.565600,-6.0,0,2.0,1,sea
2014-08-24T14:38:22.872632Z,2014,8,24,65.244300,22.360100,-37.0,0,10.4,1,sea
2014-08-24T14:38:22.888306Z,2014,8,24,65.235400,22.322600,-9.0,0,3.8,1,sea
2014-08-24T14:39:30.767774Z,2014,8,24,65.333300,22.546900,-12.0,0,5.0,1,sea
2014-08-24T14:39:30.772486Z,2014,8,24,65.225800,22.354600,-25.0,0,7.0,1,sea
2014-08-24T14:40:41.321696Z,2014,8,24,65.263500,22.544700,-5.0,0,1.6,1,sea
2014-08-24T14:40:41.332729Z,2014,8,24,65.229500,22.593700,-6.0,0,8.2,1,sea
2014-08-24T14:40:46.988155Z,2014,8,24,65.378500,22.576500,-14.0,0,12.6,1,sea
2014-08-24T14:40:46.990861Z,2014,8,24,65.240700,22.339300,-44.0,0,13.2,1,sea
2014-08-24T14:42:12.276807Z,2014,8,24,65.225100,22.330200,-60.0,0,10.8,1,sea
2014-08-24T14:42:12.290949Z,2014,8,24,65.244100,22.336500,-6.0,0,4.4,1,sea
2014-08-24T14:43:35.447567Z,2014,8,24,65.220100,22.332100,-61.0,0,10.0,1,sea
2014-08-24T14:43:35.467915Z,2014,8,24,65.232100,22.326000,-8.0,0,7.6,1,sea
2014-08-24T14:43:35.470027Z,2014,8,24,65.233500,22.307700,-25.0,0,7.0,1,sea
2014-08-24T14:43:35.488032Z,2014,8,24,65.229000,22.328100,-18.0,0,7.0,1,sea
2014-08-24T14:43:35.502304Z,2014,8,24,65.245500,22.320000,-7.0,0,3.2,1,sea
2014-08-24T14:43:35.856781Z,2014,8,24,65.206800,22.341100,-6.0,0,3.0,1,sea
2014-08-24T14:45:05.279779Z,2014,8,24,65.225600,22.319400,-21.0,0,10.8,1,sea
2014-08-24T14:45:05.281522Z,2014,8,24,65.227700,22.343100,-67.0,0,13.4,1,sea
2014-08-24T14:45:05.292283Z,2014,8,24,65.232600,22.288000,-15.0,0,6.4,1,sea
2014-08-24T14:45:36.697004Z,2014,8,24,65.263500,22.514200,-29.0,0,6.8,1,sea
2014-08-24T14:46:10.895572Z,2014,8,24,65.147700,22.388100,-5.0,0,2.0,1,sea
2014-08-24T14:46:10.899602Z,2014,8,24,65.230800,22.313800,-37.0,0,11.4,1,sea
2014-08-24T14:46:10.910091Z,2014,8,24,65.192400,22.301500,-14.0,0,8.0,1,sea
2014-08-24T14:46:10.920380Z,2014,8,24,65.234600,22.283600,-11.0,0,3.2,1,sea
2014-08-24T14:49:21.278509Z,2014,8,24,65.232100,22.311300,-10.0,0,5.6,1,sea
2014-08-24T14:49:21.282691Z,2014,8,24,65.216800,22.344800,-28.0,0,4.8,1,sea
2014-08-24T14:49:21.289042Z,2014,8,24,65.227700,22.311300,-12.0,0,4.2,1,sea
2014-08-24T14:50:40.514442Z,2014,8,24,65.226100,22.342700,3.0,0,2.8,1,sea
2014-08-24T14:50:40.737298Z,2014,8,24,65.120900,22.414500,-4.0,0,5.6,1,sea
2014-08-24T14:52:20.978872Z,2014,8,24,65.246700,22.464800,5.0,0,12.6,1,sea
2014-08-24T14:52:20.980035Z,2014,8,24,65.252700,22.507700,8.0,0,16.0,1,sea
2014-08-24T14:53:28.886826Z,2014,8,24,65.227500,22.311800,-32.0,0,11.6,1,sea
2014-08-24T14:53:28.901233Z,2014,8,24,65.226100,22.305100,-12.0,0,5.0,1,sea
2014-08-24T14:54:23.997216Z,2014,8,24,65.231900,22.320800,-24.0,0,9.0,1,sea
2014-08-24T14:54:24.023285Z,2014,8,24,65.243100,22.280400,-8.0,0,3.2,1,sea
2014-08-24T14:55:37.051293Z,2014,8,24,65.273200,22.509300,-4.0,0,1.6,1,sea
2014-08-24T14:55:37.072175Z,2014,8,24,65.288200,22.505400,-4.0,0,2.6,1,sea
2014-08-24T14:56:11.659637Z,2014,8,24,65.233400,22.322100,-37.0,0,10.8,1,sea
2014-08-24T14:56:11.684642Z,2014,8,24,65.240200,22.290300,-14.0,0,6.2,1,sea
2014-08-24T14:56:11.698935Z,2014,8,24,65.222200,22.324100,-11.0,0,4.6,1,sea
2014-08-24T14:58:04.072192Z,2014,8,24,65.279700,22.500700,-11.0,0,5.0,1,sea
2014-08-24T14:58:04.417390Z,2014,8,24,65.273400,22.412900,-4.0,0,2.8,1,sea
2014-08-24T14:59:19.877550Z,2014,8,24,65.239100,22.266100,-14.0,0,5.8,1,sea
2014-08-24T14:59:19.904101Z,2014,8,24,65.244500,22.256000,-7.0,0,3.0,1,sea
2014-08-24T15:00:28.291781Z,2014,8,24,65.288800,22.465600,-22.0,0,7.2,1,sea
2014-08-24T15:00:28.333803Z,2014,8,24,65.295000,22.481400,-5.0,0,2.2,1,sea
2014-08-24T15:00:28.745988Z,2014,8,24,65.205200,22.395700,4.0,0,2.8,1,sea
2014-08-24T15:02:21.677854Z,2014,8,24,65.259300,22.518800,-7.0,0,2.2,1,sea
2014-08-24T15:02:21.695816Z,2014,8,24,65.217000,22.549600,-5.0,0,5.6,1,sea
2014-08-24T15:02:22.094595Z,2014,8,24,65.300000,22.328700,-6.0,0,4.2,1,sea
2014-08-24T15:04:03.028952Z,2014,8,24,65.206600,22.542200,-4.0,0,1.8,1,sea
2014-08-24T15:04:03.034847Z,2014,8,24,65.279600,22.475600,-22.0,0,7.4,1,sea
2014-08-24T15:04:03.049438Z,2014,8,24,65.284400,22.478700,-6.0,0,3.0,1,sea
2014-08-24T15:04:59.184098Z,2014,8,24,65.271000,22.506600,-7.0,0,2.4,1,sea
2014-08-24T15:04:59.197459Z,2014,8,24,65.273600,22.533100,-11.0,0,4.4,1,sea
2014-08-24T15:04:59.237362Z,2014,8,24,65.267000,22.486100,-8.0,0,3.8,1,sea
2014-08-24T15:04:59.286467Z,2014,8,24,65.270600,22.439600,-4.0,0,1.4,1,sea
2014-08-24T15:07:16.776909Z,2014,8,24,65.255600,22.457400,-30.0,0,16.8,1,sea
2014-08-24T15:07:16.803545Z,2014,8,24,65.272500,22.506600,-21.0,0,6.4,1,sea
2014-08-24T15:07:17.097512Z,2014,8,24,65.232900,22.405300,5.0,0,3.4,1,sea
2014-08-24T15:07:17.100173Z,2014,8,24,65.264900,22.244500,12.0,0,9.6,1,sea
2014-08-24T15:07:17.101841Z,2014,8,24,65.304400,22.136400,8.0,0,5.0,1,sea
2014-08-24T15:07:17.249810Z,2014,8,24,65.315200,22.070500,9.0,0,3.2,1,sea
2014-08-24T15:08:03.376397Z,2014,8,24,65.280200,22.441000,-17.0,0,6.6,1,sea
2014-08-24T15:08:03.419454Z,2014,8,24,65.289100,22.519600,-4.0,0,1.4,1,sea
2014-08-24T15:08:03.511165Z,2014,8,24,65.289400,22.391700,11.0,0,5.6,1,sea
2014-08-24T15:09:14.807679Z,2014,8,24,65.267600,22.462000,-42.0,0,15.4,1,sea
2014-08-24T15:09:14.831939Z,2014,8,24,65.266100,22.429300,-16.0,0,5.8,1,sea
2014-08-24T15:09:14.832897Z,2014,8,24,65.272500,22.439900,-4.0,0,1.4,1,sea
2014-08-24T15:09:14.842897Z,2014,8,24,65.278200,22.429700,-10.0,0,4.2,1,sea
2014-08-24T15:09:15.216731Z,2014,8,24,65.284700,22.425600,-11.0,0,2.4,1,sea
2014-08-24T15:11:22.204707Z,2014,8,24,65.231100,22.459400,9.0,0,4.6,1,sea
2014-08-24T15:11:22.205102Z,2014,8,24,65.242100,22.465300,25.0,0,10.6,1,sea
2014-08-24T15:11:22.205104Z,2014,8,24,65.252700,22.459400,34.0,0,14.4,1,sea
2014-08-24T15:11:22.328837Z,2014,8,24,65.220900,22.558600,-15.0,0,4.0,1,sea
2014-08-24T15:12:24.802429Z,2014,8,24,65.267600,22.475900,-15.0,0,11.8,1,sea
2014-08-24T15:12:24.816196Z,2014,8,24,65.272700,22.460700,-5.0,0,1.4,1,sea
2014-08-24T15:14:54.194904Z,2014,8,24,65.666300,22.659900,-13.0,0,15.0,1,sea
2014-08-24T15:14:54.196529Z,2014,8,24,65.284400,22.477700,-53.0,0,14.6,1,sea
2014-08-24T15:14:54.476973Z,2014,8,24,65.287300,22.452000,3.0,0,1.6,1,sea
2014-08-24T15:14:54.531819Z,2014,8,24,65.285900,22.225100,-6.0,0,4.4,1,sea
2014-08-24T15:14:54.629186Z,2014,8,24,65.245600,22.416600,-4.0,0,6.0,1,sea
2014-08-24T15:16:42.856390Z,2014,8,24,65.276000,22.457000,-11.0,0,7.0,1,sea
2014-08-24T15:16:42.858559Z,2014,8,24,65.278400,22.452500,-33.0,0,12.4,1,sea
2014-08-24T15:18:12.860907Z,2014,8,24,65.284700,22.419600,-34.0,0,5.8,1,sea
2014-08-24T15:19:39.589859Z,2014,8,24,65.223700,22.724700,11.0,0,30.2,1,sea
2014-08-24T15:19:39.590324Z,2014,8,24,65.250000,22.472700,9.0,0,12.2,1,sea
2014-08-24T15:21:31.325835Z,2014,8,24,65.522500,22.765300,12.0,0,6.6,1,sea
2014-08-24T15:21:31.327157Z,2014,8,24,65.294000,22.433400,-35.0,0,8.6,1,sea
2014-08-24T15:23:26.056188Z,2014,8,24,65.239600,22.500900,-9.0,0,11.4,1,sea
2014-08-24T15:23:26.064521Z,2014,8,24,65.272100,22.510500,-14.0,0,4.8,1,sea
2014-08-24T15:23:26.337889Z,2014,8,24,65.300700,22.355200,7.0,0,3.2,1,sea
2014-08-24T15:24:31.001936Z,2014,8,24,65.280500,22.405500,-21.0,0,8.4,1,sea
2014-08-24T15:25:06.513445Z,2014,8,24,65.274800,22.425800,-38.0,0,9.2,1,sea
2014-08-24T15:26:09.526803Z,2014,8,24,65.295400,22.361100,-35.0,0,10.6,1,sea
2014-08-24T15:26:47.649961Z,2014,8,24,65.265100,22.446100,-7.0,0,2.6,1,sea
2014-08-24T15:26:47.668251Z,2014,8,24,65.275900,22.498700,-4.0,0,1.0,1,sea
2014-08-24T15:28:48.974838Z,2014,8,24,65.278700,22.485500,-18.0,0,5.8,1,sea
2014-08-24T15:28:48.999661Z,2014,8,24,65.256400,22.461900,-12.0,0,4.4,1,sea
2014-08-24T15:28:49.000494Z,2014,8,24,65.295300,22.460100,-8.0,0,3.6,1,sea
2014-08-24T15:28:49.397621Z,2014,8,24,65.295200,22.238200,17.0,0,8.0,1,sea
2014-08-24T15:31:39.304509Z,2014,8,24,65.269800,22.389400,-18.0,0,8.8,1,sea
2014-08-24T15:31:39.314461Z,2014,8,24,65.285100,22.470700,-5.0,0,2.0,1,sea
2014-08-24T15:33:01.818038Z,2014,8,24,65.278800,22.395900,-36.0,0,8.6,1,sea
2014-08-24T15:33:01.845921Z,2014,8,24,65.285700,22.420200,-12.0,0,5.0,1,sea
2014-08-24T15:35:43.248628Z,2014,8,24,65.278000,22.324500,-34.0,0,7.2,1,sea
2014-08-24T15:35:43.248634Z,2014,8,24,65.372200,22.323400,-30.0,0,19.8,1,sea
2014-08-24T15:39:14.641129Z,2014,8,24,65.278400,22.412900,-71.0,0,18.2,1,sea
2014-08-24T15:39:14.642438Z,2014,8,24,65.260200,22.415100,-54.0,0,30.2,1,sea
2014-08-24T15:39:14.651018Z,2014,8,24,65.293300,22.432000,-6.0,0,3.2,1,sea
2014-08-24T15:41:35.187135Z,2014,8,24,65.281600,22.375900,-32.0,0,12.2,1,sea
2014-08-24T15:41:35.189095Z,2014,8,24,65.310900,22.273400,-32.0,0,7.8,1,sea
2014-08-24T15:43:52.957729Z,2014,8,24,65.654200,22.814600,-10.0,0,7.2,1,coast_uncertain
2014-08-24T15:43:52.961429Z,2014,8,24,65.304100,22.384200,-12.0,0,6.4,1,coast_uncertain
2014-08-24T15:43:52.971570Z,2014,8,24,65.295900,22.355100,-7.0,0,3.6,1,sea
2014-08-24T15:43:53.012732Z,2014,8,24,65.277500,22.373800,6.0,0,4.0,1,sea
2014-08-24T15:46:09.120533Z,2014,8,24,65.312300,22.391700,-18.0,0,6.8,1,sea
2014-08-24T15:47:32.996257Z,2014,8,24,65.310700,22.362900,-13.0,0,5.4,1,coast_uncertain
2014-08-24T15:47:33.015323Z,2014,8,24,65.299900,22.395900,-12.0,0,17.2,1,sea
2014-08-24T15:47:33.017659Z,2014,8,24,65.338800,22.372000,-10.0,0,3.4,1,sea
2014-08-24T15:48:50.880126Z,2014,8,24,65.309200,22.370200,-18.0,0,7.8,1,coast_uncertain
2014-08-24T15:48:50.894287Z,2014,8,24,65.328600,22.370400,-6.0,0,2.2,1,sea
2014-08-24T15:48:50.896055Z,2014,8,24,65.313900,22.369200,-6.0,0,9.4,1,coast_uncertain
2014-08-24T15:50:42.850946Z,2014,8,24,65.311000,22.363000,-25.0,0,8.2,1,coast_uncertain
2014-08-24T15:50:42.853116Z,2014,8,24,65.364000,22.279200,-38.0,0,11.4,1,sea
2014-08-24T15:50:42.870056Z,2014,8,24,65.323500,22.348200,-16.0,0,3.4,1,coast_uncertain
2014-08-24T16:14:39.150473Z,2014,8,24,65.294700,22.380300,-39.0,0,19.8,1,sea
2014-08-24T16:14:39.304973Z,2014,8,24,65.299200,22.345000,-9.0,0,2.8,1,sea
2014-08-24T16:14:39.687717Z,2014,8,24,65.254000,22.395100,16.0,0,6.6,1,sea
2014-08-24T16:16:18.275409Z,2014,8,24,65.294700,22.510200,-5.0,0,1.6,1,sea
2014-08-24T16:17:39.437824Z,2014,8,24,65.269700,22.603000,-5.0,0,25.2,1,sea
2014-08-24T16:17:39.438542Z,2014,8,24,65.273100,22.503400,-6.0,0,4.2,1,sea
2014-08-24T16:19:33.457344Z,2014,8,24,65.279700,22.497600,-17.0,0,7.6,1,sea
2014-08-24T16:19:33.472439Z,2014,8,24,65.295100,22.477400,-7.0,0,2.0,1,sea
2014-08-24T16:19:33.504588Z,2014,8,24,65.279900,22.681700,-5.0,0,2.6,1,sea
2014-08-24T16:19:33.508047Z,2014,8,24,65.301100,22.458900,-10.0,0,6.6,1,sea
2014-08-24T16:22:56.520929Z,2014,8,24,65.291600,22.469700,-24.0,0,11.4,1,sea
2014-08-24T16:22:56.580181Z,2014,8,24,65.302600,22.437800,-7.0,0,2.8,1,sea
2014-08-24T16:27:30.740183Z,2014,8,24,65.277700,22.531200,-20.0,0,13.4,1,sea
2014-08-24T16:27:30.757235Z,2014,8,24,65.233100,22.549500,-5.0,0,3.2,1,sea
2014-08-24T16:27:30.913519Z,2014,8,24,65.295700,22.494200,13.0,0,3.2,1,sea
2014-08-24T16:27:30.954330Z,2014,8,24,65.316700,22.462700,15.0,0,7.2,1,sea
2014-08-24T16:27:31.143746Z,2014,8,24,65.322800,22.388500,-4.0,0,1.8,1,sea
2014-08-24T16:29:44.515002Z,2014,8,24,65.268700,22.504700,6.0,0,9.0,1,sea
2014-08-24T16:52:35.630091Z,2014,8,24,65.251200,22.537700,-4.0,0,2.2,1,sea
2014-08-24T17:35:12.168164Z,2014,8,24,65.284200,22.304600,10.0,0,8.4,1,sea
2014-08-24T17:35:12.191205Z,2014,8,24,65.189200,22.515700,7.0,0,6.0,1,sea
2014-08-24T17:35:12.355375Z,2014,8,24,65.252700,22.568000,-6.0,0,2.8,1,sea
2014-08-24T17:35:12.367135Z,2014,8,24,65.253500,22.565500,-5.0,0,2.2,1,sea
2014-08-24T17:35:12.403054Z,2014,8,24,65.251600,22.567500,-5.0,0,1.2,1,sea
2014-08-24T17:35:12.423957Z,2014,8,24,65.253200,22.565900,-6.0,0,2.2,1,sea
2014-08-24T18:02:35.155689Z,2014,8,24,65.706500,22.237900,15.0,0,6.6,1,coast_uncertain
2014-08-24T18:02:35.263589Z,2014,8,24,65.716900,22.263800,4.0,0,3.2,1,coast_uncertain
