datetime_utc,year,month,day,lat,lon,current_ka,multiplicity,chi_square,cloud_indicator,surface_class,uncertainty_pair,uncertain_area_500,coast_uncertain_250,coast_uncertain_500,coast_uncertain_1000,municipality_boundary_uncertain_250,municipality_boundary_uncertain_500,municipality_boundary_uncertain_1000
2016-05-31T16:38:44.839840Z,2016,5,31,66.245800,22.134200,8.0,0,8.8,1,mainland,,0,0,0,0,0,0,0
2016-06-01T02:10:43.605589Z,2016,6,1,65.671500,22.227800,13.0,0,25.2,1,mainland,mainland__sea,1,1,1,1,0,0,0
2016-06-01T02:10:43.615684Z,2016,6,1,65.625800,22.227000,13.0,0,13.2,1,mainland,,0,0,0,1,0,0,0
2016-06-01T02:10:43.673731Z,2016,6,1,65.587700,22.190400,-13.0,0,4.6,1,mainland,mainland__sea,1,0,1,1,0,0,0
2016-06-01T02:13:13.912967Z,2016,6,1,65.623900,22.261000,-15.0,0,5.2,1,mainland,mainland__sea,1,1,1,1,0,0,0
2016-06-01T02:13:13.918382Z,2016,6,1,65.630700,22.254200,-16.0,0,6.4,1,sea,mainland__sea,1,1,1,1,0,0,0
2016-06-01T02:13:13.938679Z,2016,6,1,65.660900,22.253000,-7.0,0,4.6,1,sea,mainland__sea,1,0,1,1,0,0,0
2016-06-13T18:10:26.025911Z,2016,6,13,65.427400,21.896000,7.0,0,3.0,1,mainland,mainland__sea,1,0,1,1,0,0,0
2016-06-13T18:10:26.223688Z,2016,6,13,65.467900,22.124000,25.0,0,12.6,1,sea,,0,0,0,1,0,0,0
2016-06-13T18:10:26.234959Z,2016,6,13,65.491600,22.167900,26.0,0,10.8,1,sea,,0,0,0,1,0,0,0
2016-06-18T17:26:02.700442Z,2016,6,18,65.431900,22.912900,-4.0,0,2.0,1,sea,,0,0,0,0,0,0,0
2016-06-18T17:26:02.768874Z,2016,6,18,65.416100,22.905900,-6.0,0,2.2,1,sea,,0,0,0,0,0,0,0
2016-06-18T17:31:03.163583Z,2016,6,18,65.530300,22.924300,-13.0,0,6.2,1,sea,,0,0,0,0,0,0,0
2016-06-18T17:31:03.167566Z,2016,6,18,65.534700,22.873700,-50.0,0,15.2,1,sea,,0,0,0,0,0,0,0
2016-06-18T17:31:03.192038Z,2016,6,18,65.536600,22.890800,-15.0,0,3.4,1,sea,,0,0,0,0,0,0,0
2016-06-18T17:31:03.210586Z,2016,6,18,65.514300,22.831400,-18.0,0,16.0,1,sea,,0,0,0,0,0,0,0
2016-06-18T17:31:03.247211Z,2016,6,18,65.554000,22.872500,-6.0,0,3.8,1,sea,,0,0,0,0,0,0,0
2016-06-18T17:31:03.314315Z,2016,6,18,65.540700,22.837700,-8.0,0,2.8,1,sea,,0,0,0,0,0,0,0
2016-06-18T17:33:43.471321Z,2016,6,18,65.502700,22.906400,-12.0,0,3.4,1,sea,,0,0,0,0,0,0,0
2016-06-18T18:21:40.387848Z,2016,6,18,65.323400,23.084400,72.0,0,27.8,1,sea,,0,0,0,0,0,0,0
2016-06-18T18:24:46.915307Z,2016,6,18,65.354000,23.086400,25.0,0,12.6,1,sea,,1,0,0,0,1,1,1
2016-06-24T10:02:03.648377Z,2016,6,24,65.796300,22.199400,7.0,0,2.2,1,mainland,inland_water__mainland,1,0,0,0,0,0,0
2016-06-24T10:48:13.452429Z,2016,6,24,66.240400,22.106700,11.0,0,6.0,1,mainland,inland_water__mainland,1,0,0,0,0,0,0
2016-06-24T11:01:29.057691Z,2016,6,24,66.182900,22.153800,9.0,0,11.4,1,mainland,inland_water__mainland,1,0,0,0,0,0,0
2016-06-24T11:01:57.986047Z,2016,6,24,66.216100,22.226700,8.0,0,7.4,1,mainland,,1,0,0,0,0,1,1
2016-06-24T11:02:19.660218Z,2016,6,24,66.212700,22.215900,7.0,0,8.4,1,mainland,,0,0,0,0,0,0,1
2016-06-24T11:02:56.987881Z,2016,6,24,66.213800,22.234900,9.0,0,4.4,1,mainland,,1,0,0,0,1,1,1
2016-06-24T11:03:31.039239Z,2016,6,24,66.215700,22.234700,10.0,0,9.0,1,mainland,,1,0,0,0,1,1,1
2016-06-24T13:32:08.606295Z,2016,6,24,65.918800,22.488100,4.0,0,10.8,1,mainland,inland_water__mainland,1,0,0,0,0,0,0
2016-06-24T17:34:45.172997Z,2016,6,24,65.534200,22.151500,-17.0,0,4.0,1,mainland,mainland__sea,1,1,1,1,0,0,0
2016-07-02T01:54:48.105089Z,2016,7,2,65.505500,22.667400,13.0,0,20.6,1,sea,islands__sea,1,1,1,1,0,0,0
2016-07-02T01:54:48.106400Z,2016,7,2,65.505900,22.670200,9.0,0,5.8,1,islands,islands__sea,1,1,1,1,0,0,0
2016-07-02T02:01:08.258306Z,2016,7,2,65.543400,22.714100,12.0,0,9.4,1,sea,,0,0,0,1,0,0,0
2016-07-02T02:01:08.259131Z,2016,7,2,65.526400,22.709300,-18.0,0,16.6,1,islands,,0,0,0,1,0,0,0
2016-07-02T02:01:08.261480Z,2016,7,2,65.620100,22.533100,10.0,0,12.6,1,sea,islands__sea,1,0,1,1,0,0,0
2016-07-02T02:01:08.266327Z,2016,7,2,65.440400,22.807600,4.0,0,3.8,1,sea,,0,0,0,0,0,0,0
2016-07-02T02:01:08.299489Z,2016,7,2,65.543900,22.690100,-10.0,0,4.8,1,sea,islands__sea,1,1,1,1,0,0,0
2016-07-02T02:01:08.510478Z,2016,7,2,65.551800,22.787200,-5.0,0,3.6,1,islands,islands__sea,1,1,1,1,0,0,0
2016-07-02T02:01:57.806746Z,2016,7,2,65.546500,22.771000,15.0,0,18.8,1,sea,islands__sea,1,1,1,1,0,0,0
2016-07-02T02:01:57.807803Z,2016,7,2,65.544900,22.757500,9.0,0,3.0,1,islands,islands__sea,1,1,1,1,0,0,0
2016-07-02T02:02:52.189687Z,2016,7,2,65.544500,22.465900,24.0,0,10.4,1,sea,,0,0,0,0,0,0,0
2016-07-02T02:02:52.542566Z,2016,7,2,65.589300,22.671000,-8.0,0,3.2,1,sea,,0,0,0,1,0,0,0
2016-07-02T02:03:50.139738Z,2016,7,2,65.567800,22.737400,15.0,0,17.2,1,sea,islands__sea,1,1,1,1,0,0,0
2016-07-02T02:05:03.070374Z,2016,7,2,65.584300,22.770600,-50.0,0,8.8,1,sea,,0,0,0,0,0,0,0
2016-07-02T02:05:03.099170Z,2016,7,2,65.578500,22.775100,-21.0,0,6.6,1,sea,,0,0,0,0,0,0,0
2016-07-02T02:05:03.114267Z,2016,7,2,65.575600,22.796000,-14.0,0,3.8,1,sea,,0,0,0,1,0,0,0
2016-07-02T02:05:03.151559Z,2016,7,2,65.572100,22.754200,-11.0,0,3.2,1,sea,,0,0,0,1,0,0,0
2016-07-02T02:05:03.173691Z,2016,7,2,65.578800,22.738300,-10.0,0,2.8,1,sea,,0,0,0,0,0,0,0
2016-07-02T02:06:02.412581Z,2016,7,2,65.589300,22.791600,-56.0,0,6.0,1,sea,,0,0,0,0,0,0,0
2016-07-02T02:06:02.442017Z,2016,7,2,65.589400,22.793400,-18.0,0,6.0,1,sea,,0,0,0,0,0,0,0
2016-07-02T02:06:02.468260Z,2016,7,2,65.589800,22.782500,-9.0,0,2.8,1,sea,,0,0,0,0,0,0,0
2016-07-02T02:06:02.484706Z,2016,7,2,65.590000,22.790600,-13.0,0,4.0,1,sea,,0,0,0,0,0,0,0
2016-07-02T02:06:02.525777Z,2016,7,2,65.577900,22.829100,-7.0,0,5.6,1,sea,,0,0,0,0,0,0,0
2016-07-02T02:06:02.576664Z,2016,7,2,65.595700,22.697500,-5.0,0,3.4,1,sea,,0,0,0,0,0,0,0
2016-07-02T02:06:02.674429Z,2016,7,2,65.582400,22.760100,-8.0,0,3.6,1,sea,,0,0,0,0,0,0,0
2016-07-02T02:07:36.736873Z,2016,7,2,65.651800,22.640400,-5.0,0,3.0,1,sea,islands__sea,1,0,1,1,0,0,0
2016-07-02T02:08:51.274581Z,2016,7,2,65.611100,22.780300,-55.0,0,13.8,1,sea,,0,0,0,0,0,0,0
2016-07-02T02:08:51.310210Z,2016,7,2,65.614600,22.827000,-25.0,0,8.8,1,sea,,0,0,0,0,0,0,0
2016-07-02T02:08:51.346644Z,2016,7,2,65.622100,22.711600,-16.0,0,4.6,1,sea,,0,0,0,0,0,0,0
2016-07-02T02:08:51.378281Z,2016,7,2,65.596600,22.791300,-9.0,0,4.0,1,sea,,0,0,0,0,0,0,0
2016-07-02T02:10:58.326289Z,2016,7,2,65.632500,22.807200,8.0,0,11.2,1,sea,islands__sea,1,1,1,1,0,0,0
2016-07-02T02:10:58.517103Z,2016,7,2,65.651300,22.690400,-7.0,0,3.4,1,sea,,0,0,0,1,0,0,0
2016-07-02T02:12:05.477854Z,2016,7,2,65.669200,22.711300,9.0,0,5.0,1,islands,inland_water__islands,1,1,1,1,0,0,0
2016-07-02T02:13:23.578158Z,2016,7,2,65.680700,22.698000,-6.0,0,3.6,1,sea,islands__sea,1,1,1,1,0,0,0
2016-07-02T02:13:23.589416Z,2016,7,2,65.673700,22.728400,-20.0,0,11.4,1,sea,islands__sea,1,0,1,1,0,0,0
2016-07-02T02:13:23.630816Z,2016,7,2,65.675700,22.725300,-12.0,0,5.8,1,sea,islands__sea,1,1,1,1,0,0,0
2016-07-02T02:13:23.665578Z,2016,7,2,65.657800,22.717200,-8.0,0,3.4,1,sea,islands__sea,1,0,1,1,0,0,0
2016-07-02T02:15:24.426039Z,2016,7,2,65.684600,22.728200,-29.0,0,7.8,1,sea,,0,0,0,1,0,0,0
2016-07-02T02:15:24.450309Z,2016,7,2,65.687200,22.742100,-8.0,0,4.4,1,sea,,0,0,0,0,0,0,0
2016-07-02T02:17:04.740340Z,2016,7,2,65.708800,22.734800,-53.0,0,19.2,1,sea,islands__sea,1,1,1,1,0,1,1
2016-07-02T02:17:04.751842Z,2016,7,2,65.707200,22.737500,-33.0,0,6.2,1,sea,islands__sea,1,1,1,1,0,1,1
2016-07-02T02:17:04.764194Z,2016,7,2,65.701400,22.717700,-13.0,0,5.0,1,sea,islands__sea,1,0,1,1,0,0,1
2016-07-02T02:17:04.800051Z,2016,7,2,65.692900,22.773100,-15.0,0,6.0,1,sea,,0,0,0,0,0,0,1
2016-07-02T02:17:04.825039Z,2016,7,2,65.693800,22.718500,-11.0,0,3.8,1,sea,islands__sea,1,1,1,1,0,0,0
2016-07-02T02:17:04.968686Z,2016,7,2,65.693200,22.728800,-17.0,0,4.6,1,sea,islands__sea,1,0,1,1,0,0,0
2016-07-02T02:17:21.006857Z,2016,7,2,65.690900,22.774000,7.0,0,8.2,1,sea,,0,0,0,0,0,0,1
2016-07-02T02:20:19.944789Z,2016,7,2,65.638500,22.745600,-12.0,0,3.6,1,sea,,0,0,0,1,0,0,0
2016-07-02T02:22:46.781957Z,2016,7,2,65.681500,22.807800,-14.0,0,5.4,1,sea,,0,0,0,1,0,0,0
2016-07-02T02:25:24.285678Z,2016,7,2,65.721700,22.649700,18.0,0,14.0,1,sea,,1,0,0,0,0,1,1
2016-07-02T20:43:58.012880Z,2016,7,2,65.174200,22.282200,6.0,0,4.6,1,sea,,1,0,0,0,0,1,1
2016-07-02T20:53:55.162917Z,2016,7,2,65.267700,22.429100,-22.0,0,11.4,1,sea,,0,0,0,0,0,0,0
2016-07-02T20:53:55.200575Z,2016,7,2,65.283400,22.393400,-6.0,0,2.2,1,sea,,0,0,0,0,0,0,0
2016-07-02T21:01:10.304025Z,2016,7,2,65.259800,22.550300,4.0,0,8.6,1,sea,,0,0,0,0,0,0,0
2016-07-02T21:01:10.639906Z,2016,7,2,65.400900,22.449600,-11.0,0,5.4,1,sea,,0,0,0,1,0,0,0
2016-07-02T21:03:21.388429Z,2016,7,2,65.832400,22.402600,-5.0,0,3.2,1,sea,,0,0,0,1,0,0,0
2016-07-02T21:05:35.745503Z,2016,7,2,65.446600,22.459800,9.0,0,4.8,1,sea,,0,0,0,0,0,0,0
2016-07-02T21:11:02.859076Z,2016,7,2,65.518400,22.499800,19.0,0,9.4,1,sea,,0,0,0,0,0,0,0
2016-07-02T21:11:02.859354Z,2016,7,2,65.560800,22.616300,-20.0,0,11.8,1,islands,islands__sea,1,1,1,1,0,0,0
2016-07-02T21:11:02.874057Z,2016,7,2,65.528700,22.482300,10.0,0,23.8,1,sea,,0,0,0,0,0,0,0
2016-07-04T20:45:37.509298Z,2016,7,4,65.667900,21.451600,-13.0,0,5.4,1,mainland,inland_water__mainland,1,0,0,0,0,0,1
2016-07-04T20:45:37.550177Z,2016,7,4,65.662400,21.496100,74.0,0,30.2,1,mainland,inland_water__mainland,1,0,0,0,0,0,1
2016-07-04T20:48:00.491689Z,2016,7,4,65.695500,21.541400,28.0,0,8.2,1,mainland,inland_water__mainland,1,0,0,0,0,0,1
2016-07-04T21:42:15.571344Z,2016,7,4,66.083700,22.083400,6.0,0,4.8,1,mainland,inland_water__mainland,1,0,0,0,0,0,1
2016-07-05T12:29:01.717648Z,2016,7,5,65.315000,23.096900,88.0,0,20.6,1,sea,,0,0,0,0,0,0,1
2016-07-05T12:36:24.678568Z,2016,7,5,65.419500,22.925000,4.0,0,4.0,1,sea,,0,0,0,0,0,0,0
2016-07-05T12:36:24.679607Z,2016,7,5,65.415700,22.912600,8.0,0,8.0,1,sea,,0,0,0,0,0,0,0
2016-07-05T12:36:24.693450Z,2016,7,5,65.409800,22.926900,8.0,0,11.4,1,sea,,0,0,0,0,0,0,0
2016-07-05T12:36:24.744772Z,2016,7,5,65.413200,22.937000,20.0,0,12.6,1,sea,,0,0,0,0,0,0,0
2016-07-05T12:36:24.744791Z,2016,7,5,65.416400,22.928900,18.0,0,9.8,1,sea,,0,0,0,0,0,0,0
2016-07-09T18:42:05.208028Z,2016,7,9,65.949600,22.387700,-6.0,0,5.4,1,mainland,inland_water__mainland,1,0,0,0,0,0,0
2016-07-09T18:50:26.345831Z,2016,7,9,65.928200,22.448100,7.0,0,11.6,1,inland_water,inland_water__mainland,1,0,0,0,0,0,0
2016-07-09T18:52:33.792413Z,2016,7,9,65.925300,22.483900,13.0,0,30.2,1,mainland,inland_water__mainland,1,0,0,0,0,0,0
2016-07-09T19:11:08.927999Z,2016,7,9,66.017400,22.196000,4.0,0,3.0,1,mainland,,0,0,0,0,0,0,0
2016-07-09T19:20:09.636821Z,2016,7,9,65.890500,22.410400,6.0,0,11.4,1,mainland,inland_water__mainland,1,0,0,0,0,0,0
2016-07-09T19:20:09.653965Z,2016,7,9,65.856300,22.417400,61.0,0,12.2,1,sea,islands__sea,1,0,1,1,0,0,0
2016-07-09T19:20:09.656002Z,2016,7,9,65.777900,22.489300,-8.0,0,19.2,1,sea,,0,0,0,1,0,0,0
2016-07-09T19:30:21.054209Z,2016,7,9,65.800300,22.071100,33.0,0,7.2,1,mainland,,0,0,0,0,0,0,0
2016-07-13T10:10:13.696413Z,2016,7,13,65.996400,22.008200,-17.0,0,15.0,1,inland_water,inland_water__mainland,1,0,0,0,0,0,0
2016-07-13T10:39:00.126548Z,2016,7,13,65.926700,22.277100,33.0,0,12.6,1,mainland,inland_water__mainland,1,0,0,0,0,0,0
2016-07-13T10:46:41.090123Z,2016,7,13,65.903900,22.284700,-6.0,0,8.8,1,inland_water,inland_water__mainland,1,0,0,0,0,0,0
2016-07-13T10:49:22.427950Z,2016,7,13,65.924100,22.284900,16.0,0,16.4,1,mainland,inland_water__mainland,1,0,0,0,0,0,0
2016-07-13T10:49:22.525049Z,2016,7,13,65.895700,22.437300,-14.0,0,6.0,1,mainland,,0,0,0,0,0,0,0
2016-07-13T10:54:01.280839Z,2016,7,13,65.913700,22.371700,-41.0,0,10.2,1,mainland,,0,0,0,0,0,0,0
2016-07-13T10:54:01.462387Z,2016,7,13,65.913800,22.372500,-13.0,0,5.0,1,mainland,,0,0,0,0,0,0,0
2016-07-13T10:54:01.484430Z,2016,7,13,65.913400,22.368800,-10.0,0,5.2,1,mainland,,0,0,0,0,0,0,0
2016-07-13T10:58:12.243288Z,2016,7,13,65.906700,22.353600,15.0,0,8.8,1,mainland,,0,0,0,0,0,0,0
2016-07-13T10:58:12.244343Z,2016,7,13,65.896000,22.322000,17.0,0,12.4,1,mainland,,0,0,0,0,0,0,0
2016-07-13T10:58:12.257286Z,2016,7,13,65.902200,22.357100,5.0,0,7.6,1,mainland,,0,0,0,0,0,0,0
2016-07-13T10:58:12.361839Z,2016,7,13,65.866700,22.228200,-11.0,0,4.6,1,mainland,,0,0,0,0,0,0,0
2016-07-13T10:59:39.876427Z,2016,7,13,66.030200,21.937500,10.0,0,17.6,1,mainland,inland_water__mainland,1,0,0,0,1,1,1
2016-07-13T10:59:39.885606Z,2016,7,13,66.020300,21.964100,14.0,0,15.6,1,mainland,inland_water__mainland,1,0,0,0,0,0,0
2016-07-13T11:22:57.761030Z,2016,7,13,65.833800,22.241000,10.0,0,15.6,1,mainland,,0,0,0,0,0,0,0
2016-07-13T11:26:54.540401Z,2016,7,13,65.829500,22.194000,12.0,0,6.0,1,mainland,inland_water__mainland,1,0,0,0,0,0,0
2016-07-13T11:27:26.815414Z,2016,7,13,65.826100,22.165300,7.0,0,10.4,1,mainland,,0,0,0,0,0,0,0
2016-07-13T11:28:11.655529Z,2016,7,13,65.818300,22.268400,-5.0,0,2.2,1,mainland,,0,0,0,0,0,0,0
2016-07-13T11:30:20.949050Z,2016,7,13,65.816800,22.245700,19.0,0,8.4,1,mainland,inland_water__mainland,1,0,0,0,0,0,0
2016-07-13T11:30:20.949527Z,2016,7,13,65.814800,22.258300,18.0,0,8.6,1,mainland,inland_water__mainland,1,0,0,0,0,0,0
2016-07-13T11:30:21.066658Z,2016,7,13,65.763300,22.340200,-14.0,0,5.4,1,sea,,0,0,0,1,0,0,0
2016-07-13T11:33:03.590731Z,2016,7,13,65.753700,22.184800,-9.0,0,5.0,1,mainland,,0,0,0,0,0,0,0
2016-07-13T11:36:37.939368Z,2016,7,13,65.913900,22.050100,-5.0,0,4.0,1,mainland,,0,0,0,0,0,0,0
2016-07-13T11:38:19.929268Z,2016,7,13,65.805500,22.172900,21.0,0,14.8,1,mainland,,0,0,0,0,0,0,0
2016-07-13T11:38:19.952009Z,2016,7,13,65.815600,22.131000,-9.0,0,12.0,1,mainland,,0,0,0,0,0,0,0
2016-07-13T11:38:19.980332Z,2016,7,13,65.755000,22.174500,-17.0,0,7.2,1,mainland,inland_water__mainland,1,0,0,0,0,0,0
2016-07-13T11:38:47.795156Z,2016,7,13,66.240700,22.175400,-37.0,0,13.4,1,mainland,inland_water__mainland,1,0,0,0,0,0,0
2016-07-13T11:38:47.826189Z,2016,7,13,66.222100,22.185100,-7.0,0,9.0,1,mainland,,0,0,0,0,0,0,0
2016-07-13T11:38:47.865257Z,2016,7,13,66.234000,22.149800,-7.0,0,4.2,1,mainland,inland_water__mainland,1,0,0,0,0,0,0
2016-07-13T11:40:02.342107Z,2016,7,13,65.774800,22.067400,-30.0,0,10.8,1,mainland,inland_water__mainland,1,0,0,0,0,0,0
2016-07-13T11:40:21.560580Z,2016,7,13,65.780800,22.238300,11.0,0,5.8,1,mainland,,0,0,0,0,0,0,0
2016-07-13T11:40:21.561428Z,2016,7,13,65.809000,22.289400,-13.0,0,10.2,1,mainland,,0,0,0,0,0,0,0
2016-07-13T11:40:56.472226Z,2016,7,13,65.781200,22.249200,5.0,0,4.8,1,mainland,,0,0,0,0,0,0,0
2016-07-13T11:40:56.473166Z,2016,7,13,65.778600,22.265900,6.0,0,5.2,1,mainland,,0,0,0,0,0,0,0
2016-07-13T11:41:19.232490Z,2016,7,13,65.777700,22.190700,-12.0,0,6.0,1,mainland,,0,0,0,0,0,0,0
2016-07-13T11:41:19.297701Z,2016,7,13,65.765600,22.247500,-16.0,0,5.8,1,mainland,inland_water__mainland,1,0,0,0,0,0,0
2016-07-13T11:42:04.538053Z,2016,7,13,65.809700,22.182600,-14.0,0,6.4,1,mainland,,0,0,0,0,0,0,0
2016-07-13T11:42:23.194794Z,2016,7,13,65.838500,22.071300,6.0,0,2.8,1,mainland,,0,0,0,0,0,0,0
2016-07-13T11:42:49.233201Z,2016,7,13,65.781100,22.261800,-19.0,0,10.8,1,mainland,,0,0,0,0,0,0,0
2016-07-13T11:42:49.270879Z,2016,7,13,65.773600,22.188000,-15.0,0,5.2,1,mainland,inland_water__mainland,1,0,0,0,0,0,0
2016-07-13T11:42:49.378154Z,2016,7,13,65.769900,22.202700,-15.0,0,6.6,1,mainland,inland_water__mainland,1,0,0,0,0,0,0
2016-07-13T11:42:49.551165Z,2016,7,13,65.769000,22.194400,-15.0,0,5.2,1,mainland,inland_water__mainland,1,0,0,0,0,0,0
2016-07-13T11:42:49.610034Z,2016,7,13,65.771000,22.192600,-20.0,0,5.6,1,mainland,inland_water__mainland,1,0,0,0,0,0,0
2016-07-13T11:42:49.688973Z,2016,7,13,65.770200,22.194000,-20.0,0,3.2,1,mainland,inland_water__mainland,1,0,0,0,0,0,0
2016-07-13T11:42:59.450926Z,2016,7,13,65.774700,22.268600,8.0,0,2.8,1,mainland,,0,0,0,0,0,0,0
2016-07-13T11:43:23.330207Z,2016,7,13,65.763200,22.235800,-14.0,0,6.4,1,mainland,,0,0,0,0,0,0,0
2016-07-13T11:43:23.358858Z,2016,7,13,65.763600,22.235700,-13.0,0,4.6,1,mainland,,0,0,0,0,0,0,0
2016-07-13T11:44:12.990071Z,2016,7,13,65.772200,22.219000,-52.0,0,16.4,1,mainland,inland_water__mainland,1,0,0,0,0,0,0
2016-07-13T11:44:13.012682Z,2016,7,13,65.773100,22.220300,-15.0,0,5.8,1,mainland,inland_water__mainland,1,0,0,0,0,0,0
2016-07-13T11:44:13.028132Z,2016,7,13,65.772500,22.215100,-11.0,0,6.0,1,mainland,,0,0,0,0,0,0,0
2016-07-13T11:44:13.054771Z,2016,7,13,65.773500,22.206400,-18.0,0,6.6,1,mainland,inland_water__mainland,1,0,0,0,0,0,0
2016-07-13T11:44:13.114055Z,2016,7,13,65.782400,22.210800,-19.0,0,8.8,1,mainland,inland_water__mainland,1,0,0,0,0,0,0
2016-07-13T11:44:56.112970Z,2016,7,13,65.776000,22.201300,-14.0,0,5.8,1,mainland,inland_water__mainland,1,0,0,0,0,0,0
2016-07-13T11:44:56.127373Z,2016,7,13,65.767000,22.213200,-8.0,0,3.2,1,mainland,,0,0,0,0,0,0,0
2016-07-13T11:44:56.153604Z,2016,7,13,65.775600,22.196900,-10.0,0,4.6,1,mainland,inland_water__mainland,1,0,0,0,0,0,0
2016-07-13T11:44:56.266879Z,2016,7,13,65.775000,22.196900,-13.0,0,3.8,1,mainland,inland_water__mainland,1,0,0,0,0,0,0
2016-07-13T11:44:56.292983Z,2016,7,13,65.774800,22.199900,-7.0,0,3.6,1,mainland,inland_water__mainland,1,0,0,0,0,0,0
2016-07-13T11:44:56.381938Z,2016,7,13,65.775100,22.197200,-11.0,0,4.0,1,mainland,inland_water__mainland,1,0,0,0,0,0,0
2016-07-13T11:44:56.490205Z,2016,7,13,65.776200,22.200600,-5.0,0,3.2,1,mainland,inland_water__mainland,1,0,0,0,0,0,0
2016-07-13T11:45:41.821476Z,2016,7,13,65.774400,22.207500,-9.0,0,5.2,1,mainland,inland_water__mainland,1,0,0,0,0,0,0
2016-07-13T11:45:41.841443Z,2016,7,13,65.773900,22.209900,-6.0,0,4.0,1,mainland,inland_water__mainland,1,0,0,0,0,0,0
2016-07-13T11:45:41.869249Z,2016,7,13,65.773300,22.217300,-18.0,0,16.2,1,mainland,inland_water__mainland,1,0,0,0,0,0,0
2016-07-13T11:45:41.897478Z,2016,7,13,65.773900,22.209900,-7.0,0,3.8,1,mainland,inland_water__mainland,1,0,0,0,0,0,0
2016-07-13T11:48:01.249328Z,2016,7,13,65.786900,22.099700,-9.0,0,8.2,1,mainland,inland_water__mainland,1,0,0,0,0,0,0
2016-07-13T11:48:01.251976Z,2016,7,13,65.772700,22.230400,-22.0,0,7.8,1,mainland,inland_water__mainland,1,0,0,0,0,0,0
2016-07-13T11:48:01.403867Z,2016,7,13,65.774800,22.275800,-5.0,0,3.2,1,mainland,,0,0,0,1,0,0,0
2016-07-13T11:49:37.328289Z,2016,7,13,65.811100,22.109900,-79.0,0,28.2,1,mainland,inland_water__mainland,1,0,0,0,0,0,0
2016-07-13T11:49:37.399356Z,2016,7,13,65.825500,22.117900,-43.0,0,10.8,1,mainland,,0,0,0,0,0,0,0
2016-07-13T11:49:37.477563Z,2016,7,13,65.826500,22.122700,-18.0,0,7.2,1,mainland,,0,0,0,0,0,0,0
2016-07-13T11:51:28.904677Z,2016,7,13,65.780300,22.061200,-17.0,0,14.6,1,inland_water,inland_water__mainland,1,0,0,0,0,0,0
2016-07-13T11:52:54.541841Z,2016,7,13,65.784900,22.082300,-15.0,0,7.0,1,inland_water,inland_water__mainland,1,0,0,0,0,0,0
2016-07-13T11:54:01.898013Z,2016,7,13,65.780600,22.090300,-9.0,0,5.8,1,inland_water,inland_water__mainland,1,0,0,0,0,0,0
2016-07-13T11:54:09.687913Z,2016,7,13,65.772800,22.198000,-15.0,0,5.2,1,mainland,inland_water__mainland,1,0,0,0,0,0,0
2016-07-13T11:54:09.735978Z,2016,7,13,65.774300,22.210300,-21.0,0,7.4,1,mainland,inland_water__mainland,1,0,0,0,0,0,0
2016-07-13T11:54:09.781619Z,2016,7,13,65.779700,22.196800,-16.0,0,5.8,1,mainland,inland_water__mainland,1,0,0,0,0,0,0
2016-07-13T11:54:09.837728Z,2016,7,13,65.771900,22.205400,-8.0,0,6.2,1,mainland,inland_water__mainland,1,0,0,0,0,0,0
2016-07-13T11:54:18.371759Z,2016,7,13,65.818500,22.002700,7.0,0,5.2,1,mainland,inland_water__mainland,1,0,0,0,0,0,1
2016-07-13T11:54:57.147141Z,2016,7,13,65.788900,22.093000,-6.0,0,3.4,1,mainland,inland_water__mainland,1,0,0,0,0,0,0
2016-07-13T11:55:06.850196Z,2016,7,13,65.766300,22.231200,-11.0,0,4.8,1,mainland,,0,0,0,0,0,0,0
2016-07-13T11:55:06.894387Z,2016,7,13,65.750700,22.179400,-9.0,0,8.2,1,mainland,inland_water__mainland,1,0,0,0,0,0,0
2016-07-13T11:55:06.949458Z,2016,7,13,65.867200,22.128800,-12.0,0,6.6,1,mainland,,0,0,0,0,0,0,0
2016-07-13T11:55:33.446004Z,2016,7,13,65.837100,22.169600,-13.0,0,8.2,1,mainland,,0,0,0,0,0,0,0
2016-07-13T11:57:46.517845Z,2016,7,13,65.821000,21.989600,5.0,0,3.8,1,mainland,inland_water__mainland,1,0,0,0,1,1,1
2016-07-13T11:58:35.383866Z,2016,7,13,65.785400,22.113300,-19.0,0,5.2,1,mainland,inland_water__mainland,1,0,0,0,0,0,0
2016-07-13T11:59:33.405944Z,2016,7,13,65.793500,22.097200,-31.0,0,12.0,1,mainland,,0,0,0,0,0,0,0
2016-07-13T11:59:33.478702Z,2016,7,13,65.744200,22.228000,-13.0,0,6.0,1,inland_water,inland_water__mainland,1,0,0,0,0,0,0
2016-07-13T12:01:00.348839Z,2016,7,13,65.761600,22.169100,-10.0,0,5.0,1,mainland,,0,0,0,0,0,0,0
2016-07-13T12:01:00.401091Z,2016,7,13,65.739100,22.139400,-7.0,0,3.8,1,mainland,inland_water__mainland,1,0,0,0,0,0,0
2016-07-13T12:04:28.734198Z,2016,7,13,65.784800,22.061100,8.0,0,2.6,1,inland_water,inland_water__mainland,1,0,0,0,0,0,0
2016-07-13T12:06:10.498974Z,2016,7,13,65.742000,22.232400,7.0,0,16.4,1,inland_water,inland_water__mainland,1,0,0,0,0,0,0
2016-07-13T12:06:42.423081Z,2016,7,13,65.773500,21.959800,11.0,0,14.4,1,mainland,,0,0,0,0,0,0,0
2016-07-13T12:06:42.425072Z,2016,7,13,65.780500,21.957600,9.0,0,7.0,1,mainland,inland_water__mainland,1,0,0,0,0,0,0
2016-07-13T12:06:42.722381Z,2016,7,13,65.678500,21.985200,-13.0,0,5.0,1,mainland,,0,0,0,0,0,0,0
2016-07-13T12:07:41.575280Z,2016,7,13,65.774100,21.933300,11.0,0,11.4,1,mainland,,0,0,0,0,0,0,0
2016-07-13T12:07:41.941343Z,2016,7,13,65.728800,21.944500,-20.0,0,7.2,1,mainland,,0,0,0,0,0,0,0
2016-07-13T12:09:37.488235Z,2016,7,13,65.770600,21.983900,8.0,0,5.6,1,mainland,,0,0,0,0,0,0,0
2016-07-13T12:10:06.429712Z,2016,7,13,65.787200,22.124000,-16.0,0,6.4,1,mainland,inland_water__mainland,1,0,0,0,0,0,0
2016-07-13T12:10:42.438728Z,2016,7,13,65.774000,22.126500,-16.0,0,17.2,1,inland_water,,0,0,0,0,0,0,0
2016-07-13T12:11:19.275644Z,2016,7,13,65.763100,21.983400,7.0,0,3.0,1,mainland,,0,0,0,0,0,0,0
2016-07-13T12:12:59.016759Z,2016,7,13,65.717000,21.884900,-14.0,0,15.2,1,mainland,,0,0,0,0,0,0,0
2016-07-13T12:13:23.219621Z,2016,7,13,65.773000,22.177200,8.0,0,11.2,1,mainland,,0,0,0,0,0,0,0
2016-07-13T12:19:27.568010Z,2016,7,13,65.722600,22.005600,14.0,0,6.4,1,mainland,,0,0,0,0,0,0,0
2016-07-13T12:21:17.165134Z,2016,7,13,65.708000,22.027800,-43.0,0,13.2,1,mainland,,0,0,0,0,0,0,0
2016-07-13T12:21:17.185081Z,2016,7,13,65.696900,22.084200,-22.0,0,6.6,1,mainland,inland_water__mainland,1,0,0,0,0,0,0
2016-07-13T12:21:17.200992Z,2016,7,13,65.710800,22.038900,-13.0,0,4.4,1,mainland,,0,0,0,0,0,0,0
2016-07-13T12:30:20.631608Z,2016,7,13,65.676900,21.868200,-10.0,0,10.0,1,mainland,,0,0,0,0,0,0,0
2016-07-13T12:35:54.242330Z,2016,7,13,65.701000,21.797700,-9.0,0,18.4,1,inland_water,inland_water__mainland,1,0,0,0,1,1,1
2016-07-13T12:37:45.358754Z,2016,7,13,65.710000,21.791800,11.0,0,4.4,1,mainland,inland_water__mainland,1,0,0,0,1,1,1
2016-07-13T12:42:52.329385Z,2016,7,13,65.700900,21.827600,19.0,0,5.6,1,mainland,inland_water__mainland,1,0,0,0,0,0,0
2016-07-13T12:53:59.888929Z,2016,7,13,65.651000,21.793800,-7.0,0,7.2,1,mainland,,0,0,0,0,0,0,0
2016-07-13T12:54:00.063587Z,2016,7,13,65.666400,22.063700,13.0,0,4.6,1,mainland,inland_water__mainland,1,0,0,0,0,0,0
2016-07-13T12:55:17.968148Z,2016,7,13,65.646300,21.661800,6.0,0,13.8,1,mainland,inland_water__mainland,1,0,0,0,0,0,0
2016-07-13T12:58:25.870694Z,2016,7,13,65.667800,22.036700,16.0,0,6.0,1,mainland,,0,0,0,0,0,0,0
2016-07-13T13:04:05.679129Z,2016,7,13,65.553400,21.648800,15.0,0,10.8,1,mainland,,0,0,0,0,0,0,0
2016-07-13T13:04:05.689127Z,2016,7,13,65.642700,21.642500,13.0,0,16.4,1,mainland,inland_water__mainland,1,0,0,0,0,0,0
2016-07-14T09:59:11.658851Z,2016,7,14,65.335300,22.642500,16.0,0,14.6,1,sea,,0,0,0,0,0,0,0
2016-07-14T12:46:04.149483Z,2016,7,14,65.867100,22.092500,-18.0,0,8.2,1,mainland,,0,0,0,0,0,0,1
2016-07-14T13:09:06.636702Z,2016,7,14,66.030900,22.258500,65.0,0,13.2,1,mainland,,0,0,0,0,0,0,0
2016-07-14T13:23:28.530457Z,2016,7,14,65.530900,21.673500,4.0,0,2.6,1,mainland,inland_water__mainland,1,0,0,0,0,0,0
2016-07-14T13:27:17.541905Z,2016,7,14,65.551000,21.616600,-10.0,0,6.6,1,mainland,inland_water__mainland,1,0,0,0,0,0,0
2016-07-14T13:33:15.235589Z,2016,7,14,65.596900,21.540800,7.0,0,2.8,1,mainland,,0,0,0,0,0,0,0
2016-07-14T13:34:01.870344Z,2016,7,14,65.612500,21.563900,6.0,0,1.8,1,mainland,,0,0,0,0,0,0,0
2016-07-14T13:35:17.901361Z,2016,7,14,65.618200,21.466700,-8.0,0,7.8,1,mainland,inland_water__mainland,1,0,0,0,0,0,0
2016-07-14T13:35:34.208211Z,2016,7,14,65.607300,21.493200,-14.0,0,24.6,1,mainland,inland_water__mainland,1,0,0,0,0,0,0
2016-07-14T13:36:34.364300Z,2016,7,14,65.618500,21.577600,22.0,0,25.2,1,mainland,,0,0,0,0,0,0,0
2016-07-14T13:36:34.379478Z,2016,7,14,65.622500,21.576200,7.0,0,4.0,1,mainland,,0,0,0,0,0,0,0
2016-07-14T13:37:53.779805Z,2016,7,14,65.605500,21.540900,15.0,0,30.2,1,mainland,inland_water__mainland,1,0,0,0,0,0,0
2016-07-14T13:37:53.784217Z,2016,7,14,65.608500,21.527900,14.0,0,7.8,1,mainland,,0,0,0,0,0,0,0
2016-07-14T13:40:04.356459Z,2016,7,14,65.609300,21.526000,6.0,0,2.8,1,mainland,,0,0,0,0,0,0,0
2016-07-14T13:40:35.547174Z,2016,7,14,65.610900,21.537400,-8.0,0,8.8,1,mainland,,0,0,0,0,0,0,0
2016-07-14T13:41:20.075816Z,2016,7,14,65.596500,21.512300,17.0,0,30.2,1,mainland,inland_water__mainland,1,0,0,0,0,0,0
2016-07-14T13:41:31.977630Z,2016,7,14,65.563300,21.587700,6.0,0,3.4,1,mainland,,0,0,0,0,0,0,0
2016-07-14T13:42:08.656186Z,2016,7,14,65.611000,21.679700,-17.0,0,28.2,1,mainland,,0,0,0,0,0,0,0
2016-07-14T13:42:16.335027Z,2016,7,14,66.024200,22.043100,23.0,0,19.2,1,mainland,inland_water__mainland,1,0,0,0,0,0,0
2016-07-14T13:43:04.295215Z,2016,7,14,65.590100,21.553900,16.0,0,22.0,1,mainland,,0,0,0,0,0,0,0
2016-07-14T13:43:19.412829Z,2016,7,14,65.601400,21.742600,-15.0,0,25.2,1,mainland,,0,0,0,0,0,0,0
2016-07-14T13:43:34.529014Z,2016,7,14,65.625300,21.697700,6.0,0,10.6,1,mainland,inland_water__mainland,1,0,0,0,0,0,0
2016-07-14T13:44:13.749400Z,2016,7,14,65.594200,21.560300,9.0,0,4.4,1,mainland,,0,0,0,0,0,0,0
2016-07-14T13:46:01.565032Z,2016,7,14,65.596500,21.570200,19.0,0,30.2,1,mainland,,0,0,0,0,0,0,0
2016-07-14T13:47:03.097065Z,2016,7,14,65.609700,21.558900,53.0,0,29.2,1,mainland,inland_water__mainland,1,0,0,0,0,0,0
2016-07-14T13:47:03.101628Z,2016,7,14,65.580100,21.603300,11.0,0,22.4,1,mainland,,0,0,0,0,0,0,0
2016-07-14T13:48:33.470258Z,2016,7,14,65.594300,21.581600,14.0,0,17.0,1,mainland,,0,0,0,0,0,0,0
2016-07-14T13:49:41.175176Z,2016,7,14,65.610000,21.597600,-23.0,0,16.4,1,mainland,,0,0,0,0,0,0,0
2016-07-14T13:49:41.177541Z,2016,7,14,65.614600,21.609400,-76.0,0,14.6,1,mainland,,0,0,0,0,0,0,0
2016-07-14T13:49:41.187857Z,2016,7,14,65.612300,21.579400,-6.0,0,8.2,1,mainland,,0,0,0,0,0,0,0
2016-07-14T13:49:41.196992Z,2016,7,14,65.608800,21.612400,-23.0,0,14.0,1,mainland,,0,0,0,0,0,0,0
2016-07-14T13:53:16.264797Z,2016,7,14,65.611400,21.701400,13.0,0,27.6,1,mainland,inland_water__mainland,1,0,0,0,0,0,0
2016-07-14T13:54:01.042657Z,2016,7,14,65.660200,21.819000,-15.0,0,25.6,1,mainland,,0,0,0,0,0,0,0
2016-07-14T13:54:01.256086Z,2016,7,14,65.587500,21.558800,-17.0,0,4.8,1,mainland,,0,0,0,0,0,0,0
2016-07-14T13:54:24.920708Z,2016,7,14,65.644500,21.679600,18.0,0,18.0,1,mainland,inland_water__mainland,1,0,0,0,0,0,0
2016-07-14T13:54:44.011765Z,2016,7,14,65.648800,21.676600,18.0,0,8.2,1,mainland,inland_water__mainland,1,0,0,0,0,0,0
2016-07-14T13:54:44.495694Z,2016,7,14,65.632400,21.697900,-12.0,0,5.4,1,mainland,inland_water__mainland,1,0,0,0,0,0,0
2016-07-14T13:55:11.192075Z,2016,7,14,65.544400,21.622800,-16.0,0,13.4,1,mainland,inland_water__mainland,1,0,0,0,0,0,0
2016-07-14T13:55:11.192855Z,2016,7,14,65.671700,21.566800,6.0,0,30.2,1,mainland,inland_water__mainland,1,0,0,0,0,0,0
2016-07-14T13:55:37.361092Z,2016,7,14,65.659200,21.670700,6.0,0,8.8,1,mainland,inland_water__mainland,1,0,0,0,0,0,0
2016-07-14T13:55:53.572154Z,2016,7,14,65.578700,21.571200,12.0,0,4.8,1,mainland,,0,0,0,0,0,0,0
2016-07-14T13:55:53.782398Z,2016,7,14,65.600600,21.531900,-8.0,0,3.8,1,mainland,,0,0,0,0,0,0,0
2016-07-14T13:57:29.740103Z,2016,7,14,65.652500,21.699300,-69.0,0,8.8,1,mainland,,0,0,0,0,0,0,0
2016-07-14T13:57:29.758047Z,2016,7,14,65.660300,21.749900,-17.0,0,7.2,1,mainland,inland_water__mainland,1,0,0,0,0,0,0
2016-07-14T13:57:29.765732Z,2016,7,14,65.658700,21.702600,-15.0,0,6.0,1,mainland,,0,0,0,0,0,0,0
2016-07-14T13:57:29.772521Z,2016,7,14,65.649400,21.657100,8.0,0,7.8,1,mainland,inland_water__mainland,1,0,0,0,0,0,0
2016-07-14T13:59:09.840742Z,2016,7,14,65.603300,21.586100,7.0,0,4.4,1,mainland,,0,0,0,0,0,0,0
2016-07-14T14:02:17.909411Z,2016,7,14,65.611100,21.561900,22.0,0,30.2,1,mainland,,0,0,0,0,0,0,0
2016-07-14T14:02:17.910092Z,2016,7,14,65.588900,21.581000,34.0,0,24.6,1,mainland,,0,0,0,0,0,0,0
2016-07-14T14:04:43.757265Z,2016,7,14,65.580200,21.596200,-17.0,0,25.0,1,mainland,,0,0,0,0,0,0,0
2016-07-14T14:04:43.757328Z,2016,7,14,65.607200,21.632600,20.0,0,7.8,1,mainland,,0,0,0,0,0,0,0
2016-07-14T14:06:37.951448Z,2016,7,14,65.591100,21.636200,-114.0,0,16.6,1,mainland,inland_water__mainland,1,0,0,0,0,0,0
2016-07-14T14:06:37.970541Z,2016,7,14,65.591500,21.611000,-38.0,0,14.4,1,mainland,,0,0,0,0,0,0,0
2016-07-14T14:06:38.331622Z,2016,7,14,65.682000,21.768500,-8.0,0,6.2,1,mainland,,0,0,0,0,0,0,1
2016-07-14T14:09:47.185894Z,2016,7,14,65.602500,21.661600,20.0,0,5.8,1,mainland,,0,0,0,0,0,0,0
2016-07-14T14:09:47.186699Z,2016,7,14,65.603400,21.651700,-148.0,0,30.2,1,mainland,,0,0,0,0,0,0,0
2016-07-14T14:09:47.230466Z,2016,7,14,65.589200,21.649600,-24.0,0,8.6,1,mainland,inland_water__mainland,1,0,0,0,0,0,0
2016-07-14T14:09:47.238851Z,2016,7,14,65.590000,21.657400,-6.0,0,7.0,1,mainland,inland_water__mainland,1,0,0,0,0,0,0
2016-07-14T14:13:09.077643Z,2016,7,14,65.606200,21.658000,-93.0,0,18.6,1,mainland,,0,0,0,0,0,0,0
2016-07-14T14:13:09.165897Z,2016,7,14,65.639500,21.749800,7.0,0,3.2,1,mainland,,0,0,0,0,0,0,0
2016-07-15T23:39:53.781960Z,2016,7,15,65.512100,21.948200,156.0,0,12.8,1,islands,islands__sea,1,1,1,1,0,0,0
2016-07-15T23:39:53.879198Z,2016,7,15,65.476100,21.865800,14.0,0,9.8,1,mainland,,0,0,0,0,0,0,0
2016-07-15T23:42:41.707136Z,2016,7,15,65.476500,21.896400,92.0,0,30.2,1,mainland,,0,0,0,0,0,0,0
2016-07-15T23:43:58.854108Z,2016,7,15,65.499700,21.874700,45.0,0,9.0,1,mainland,mainland__sea,1,0,1,1,0,0,0
2016-07-16T00:14:01.460959Z,2016,7,16,65.624100,22.036700,22.0,0,8.2,1,mainland,inland_water__mainland,1,0,0,0,0,0,0
2016-07-16T00:21:22.698212Z,2016,7,16,65.600900,21.504900,35.0,0,9.4,1,mainland,inland_water__mainland,1,0,0,0,0,0,0
2016-07-16T00:33:31.070101Z,2016,7,16,65.600000,21.841100,8.0,0,3.2,1,mainland,inland_water__mainland,1,0,0,0,0,0,0
2016-07-16T00:33:31.076458Z,2016,7,16,65.566500,21.941200,55.0,0,8.4,1,mainland,,0,0,0,0,0,0,0
2016-07-25T11:20:49.883224Z,2016,7,25,65.978800,22.506800,-39.0,0,17.2,1,mainland,,1,0,0,0,1,1,1
2016-07-25T12:58:49.252232Z,2016,7,25,65.640500,21.395400,-16.0,0,6.4,1,mainland,inland_water__mainland,1,0,0,0,0,0,1
2016-07-25T14:17:50.159762Z,2016,7,25,66.096800,22.339400,9.0,0,10.6,1,mainland,inland_water__mainland,1,0,0,0,0,0,0
2016-07-25T14:27:17.036035Z,2016,7,25,66.044800,22.107800,9.0,0,5.2,1,mainland,inland_water__mainland,1,0,0,0,0,0,0
2016-07-26T15:14:44.621950Z,2016,7,26,65.603900,21.603500,-6.0,0,5.6,1,mainland,,0,0,0,0,0,0,0
2016-07-26T15:14:44.717875Z,2016,7,26,65.610500,21.602200,-6.0,0,4.8,1,mainland,,0,0,0,0,0,0,0
2016-07-26T15:18:10.550078Z,2016,7,26,65.613300,21.571400,-10.0,0,4.6,1,mainland,,0,0,0,0,0,0,0
2016-07-26T15:20:23.864649Z,2016,7,26,65.616300,21.593600,-18.0,0,19.8,1,mainland,,0,0,0,0,0,0,0
2016-07-27T02:07:06.922192Z,2016,7,27,65.087900,22.633200,7.0,0,4.6,1,sea,,0,0,0,0,0,0,0
2016-07-27T02:15:52.464624Z,2016,7,27,65.196500,22.738200,18.0,0,23.4,1,sea,,0,0,0,0,0,0,0
2016-07-27T02:30:04.785727Z,2016,7,27,65.258000,22.778500,19.0,0,9.0,1,sea,,0,0,0,0,0,0,0
2016-07-27T02:37:56.008105Z,2016,7,27,65.295800,22.804000,15.0,0,12.6,1,sea,,0,0,0,0,0,0,0
2016-07-27T02:41:00.402344Z,2016,7,27,65.313100,22.771500,7.0,0,8.8,1,sea,,0,0,0,0,0,0,0
2016-07-27T02:41:00.407993Z,2016,7,27,65.306300,23.014400,-18.0,0,5.2,1,sea,,0,0,0,0,0,0,0
2016-07-27T02:41:00.416608Z,2016,7,27,65.332900,22.859400,-9.0,0,3.2,1,sea,,0,0,0,0,0,0,0
2016-07-27T02:43:25.782028Z,2016,7,27,65.310000,22.737800,9.0,0,15.2,1,sea,,0,0,0,0,0,0,0
2016-07-27T02:48:27.369276Z,2016,7,27,65.388900,22.807400,3.0,0,4.0,1,sea,,0,0,0,0,0,0,0
2016-07-27T02:58:46.563609Z,2016,7,27,65.410000,22.961300,-65.0,0,5.4,1,sea,,0,0,0,0,0,0,0
2016-07-27T02:58:46.581218Z,2016,7,27,65.413100,22.958600,-19.0,0,9.2,1,sea,,0,0,0,0,0,0,0
2016-07-27T02:58:46.601129Z,2016,7,27,65.411700,22.959100,-19.0,0,6.0,1,sea,,0,0,0,0,0,0,0
2016-07-27T02:58:46.697465Z,2016,7,27,65.382800,22.969800,-5.0,0,2.0,1,sea,,0,0,0,0,0,0,0
2016-07-27T03:00:04.028601Z,2016,7,27,65.429600,22.971700,-24.0,0,6.6,1,sea,,0,0,0,0,0,0,0
2016-07-27T03:00:04.047543Z,2016,7,27,65.425600,22.964600,-13.0,0,2.8,1,sea,,0,0,0,0,0,0,0
2016-07-27T03:06:24.990200Z,2016,7,27,65.480300,22.963800,5.0,0,3.2,1,sea,,0,0,0,0,0,0,0
2016-07-27T03:06:25.006683Z,2016,7,27,65.484000,22.965300,13.0,0,14.0,1,sea,,0,0,0,0,0,0,0
2016-07-27T03:35:52.409404Z,2016,7,27,65.742100,22.135500,6.0,0,21.0,1,mainland,inland_water__mainland,1,0,0,0,0,0,0
2016-07-27T03:43:08.886276Z,2016,7,27,65.771000,22.075900,-9.0,0,4.6,1,mainland,,0,0,0,0,0,0,0
2016-07-27T03:54:11.583231Z,2016,7,27,65.909500,22.019100,-8.0,0,4.6,1,mainland,inland_water__mainland,1,0,0,0,1,1,1
2016-07-27T04:10:41.368276Z,2016,7,27,65.289000,23.111700,-7.0,0,3.4,1,sea,,0,0,0,0,0,0,0
2016-07-27T05:38:33.268879Z,2016,7,27,65.155300,22.935900,-13.0,0,4.4,1,sea,,0,0,0,0,0,0,0
2016-07-27T05:40:14.753110Z,2016,7,27,65.140300,22.815700,12.0,0,12.8,1,sea,,0,0,0,0,0,0,0
2016-07-27T05:50:34.833944Z,2016,7,27,65.177000,22.945300,23.0,0,24.2,1,sea,,0,0,0,0,0,0,0
2016-07-27T05:50:34.834252Z,2016,7,27,65.174900,22.935700,25.0,0,6.4,1,sea,,0,0,0,0,0,0,0
2016-07-27T05:50:34.834947Z,2016,7,27,65.200600,22.889700,17.0,0,23.0,1,sea,,0,0,0,0,0,0,0
2016-07-27T05:50:34.916003Z,2016,7,27,65.169000,22.968200,-18.0,0,3.6,1,sea,,0,0,0,0,0,0,0
2016-07-27T05:51:35.989761Z,2016,7,27,65.240000,22.727600,12.0,0,27.0,1,sea,,0,0,0,0,0,0,0
2016-07-27T05:52:39.045067Z,2016,7,27,65.214800,22.901800,26.0,0,13.4,1,sea,,0,0,0,0,0,0,0
2016-07-27T05:52:39.045405Z,2016,7,27,65.211400,22.892500,14.0,0,12.8,1,sea,,0,0,0,0,0,0,0
2016-07-27T05:52:39.045934Z,2016,7,27,65.211600,22.889800,11.0,0,17.6,1,sea,,0,0,0,0,0,0,0
2016-07-27T05:53:22.218036Z,2016,7,27,65.257600,22.736100,11.0,0,8.6,1,sea,,0,0,0,0,0,0,0
2016-07-27T05:53:22.229643Z,2016,7,27,65.254700,22.742400,-6.0,0,2.2,1,sea,,0,0,0,0,0,0,0
2016-07-27T05:54:09.846623Z,2016,7,27,65.399700,22.754800,-17.0,0,5.0,1,sea,,0,0,0,0,0,0,0
2016-07-27T05:54:09.847408Z,2016,7,27,65.456900,22.800800,-7.0,0,6.2,1,sea,,0,0,0,0,0,0,0
2016-07-27T05:54:09.848057Z,2016,7,27,65.387500,22.637700,5.0,0,19.4,1,sea,,0,0,0,0,0,0,0
2016-07-27T05:54:09.850101Z,2016,7,27,65.397500,22.739400,6.0,0,9.0,1,sea,,0,0,0,0,0,0,0
2016-07-27T05:55:02.537611Z,2016,7,27,65.199100,22.890300,30.0,0,6.8,1,sea,,0,0,0,0,0,0,0
2016-07-27T05:57:46.562674Z,2016,7,27,65.247500,22.956300,28.0,0,18.2,1,sea,,0,0,0,0,0,0,0
2016-07-27T05:57:46.563002Z,2016,7,27,65.245400,22.947900,18.0,0,12.8,1,sea,,0,0,0,0,0,0,0
2016-07-27T05:57:46.563286Z,2016,7,27,65.241800,22.994800,17.0,0,14.6,1,sea,,0,0,0,0,0,0,0
2016-07-27T05:57:46.596423Z,2016,7,27,65.234000,22.936700,7.0,0,12.0,1,sea,,0,0,0,0,0,0,0
2016-07-27T06:00:01.503859Z,2016,7,27,65.259200,22.978600,-123.0,0,12.2,1,sea,,0,0,0,0,0,0,0
2016-07-27T06:01:09.976298Z,2016,7,27,65.256800,22.871600,3.0,0,3.4,1,sea,,0,0,0,0,0,0,0
2016-07-27T06:02:17.236439Z,2016,7,27,65.266500,22.975700,-68.0,0,14.0,1,sea,,0,0,0,0,0,0,0
2016-07-27T06:02:17.254129Z,2016,7,27,65.265400,22.968900,-10.0,0,3.0,1,sea,,0,0,0,0,0,0,0
2016-07-27T06:02:17.627377Z,2016,7,27,65.258500,22.971700,-5.0,0,2.6,1,sea,,0,0,0,0,0,0,0
2016-07-27T06:03:25.392423Z,2016,7,27,65.277600,22.984100,5.0,0,3.2,1,sea,,0,0,0,0,0,0,0
2016-07-27T06:03:25.393434Z,2016,7,27,65.282500,23.000300,11.0,0,5.6,1,sea,,0,0,0,0,0,0,0
2016-07-27T06:04:19.833184Z,2016,7,27,65.278700,22.996000,17.0,0,12.4,1,sea,,0,0,0,0,0,0,0
2016-07-27T06:05:40.636842Z,2016,7,27,65.279200,22.964900,10.0,0,10.8,1,sea,,0,0,0,0,0,0,0
2016-07-27T06:05:40.642080Z,2016,7,27,65.285900,22.932600,5.0,0,4.4,1,sea,,0,0,0,0,0,0,0
2016-07-27T06:07:37.438294Z,2016,7,27,65.288500,22.967100,14.0,0,16.6,1,sea,,0,0,0,0,0,0,0
2016-07-27T06:07:37.439636Z,2016,7,27,65.280400,22.973600,22.0,0,10.8,1,sea,,0,0,0,0,0,0,0
2016-07-27T06:10:54.669057Z,2016,7,27,65.346200,22.902400,9.0,0,29.8,1,sea,,0,0,0,0,0,0,0
2016-07-27T06:10:54.670394Z,2016,7,27,65.319800,22.707200,12.0,0,7.8,1,sea,,0,0,0,0,0,0,0
2016-07-27T06:10:54.674676Z,2016,7,27,65.261300,22.997800,-4.0,0,2.2,1,sea,,0,0,0,0,0,0,0
2016-07-27T06:13:39.121800Z,2016,7,27,65.356300,22.960900,20.0,0,8.6,1,sea,,0,0,0,0,0,0,0
2016-07-27T06:13:39.122133Z,2016,7,27,65.351200,22.960100,10.0,0,8.8,1,sea,,0,0,0,0,0,0,0
2016-07-27T06:16:23.668074Z,2016,7,27,65.343600,23.087400,16.0,0,8.6,1,sea,,1,0,0,0,0,1,1
2016-07-27T06:16:23.719994Z,2016,7,27,65.323800,23.031600,14.0,0,17.2,1,sea,,0,0,0,0,0,0,0
2016-07-27T06:16:23.856527Z,2016,7,27,65.336800,23.101200,-28.0,0,10.8,1,sea,,1,0,0,0,1,1,1
2016-07-27T06:19:45.646125Z,2016,7,27,65.347500,23.053800,7.0,0,6.4,1,sea,,0,0,0,0,0,0,0
2016-07-27T06:22:40.342849Z,2016,7,27,65.387100,23.061200,-19.0,0,5.4,1,sea,,1,0,0,0,1,1,1
2016-07-27T06:22:40.370321Z,2016,7,27,65.381700,23.059200,-6.0,0,2.0,1,sea,,1,0,0,0,0,1,1
2016-07-27T06:32:54.689907Z,2016,7,27,65.436900,22.672400,7.0,0,13.8,1,sea,,0,0,0,0,0,0,0
2016-07-27T13:16:43.172631Z,2016,7,27,65.749200,21.940000,16.0,0,19.6,1,mainland,,0,0,0,0,0,0,1
2016-07-27T13:16:43.173283Z,2016,7,27,65.720800,21.913900,-12.0,0,12.2,1,mainland,,0,0,0,0,0,0,0
2016-07-27T13:20:30.033028Z,2016,7,27,65.736000,21.975400,5.0,0,5.6,1,mainland,,0,0,0,0,0,0,0
2016-07-27T13:21:54.851582Z,2016,7,27,65.771100,21.970100,-47.0,0,11.8,1,mainland,,0,0,0,0,0,0,0
2016-07-27T13:22:20.961231Z,2016,7,27,65.768500,21.989100,-15.0,0,11.0,1,mainland,,0,0,0,0,0,0,0
2016-07-27T13:23:11.943923Z,2016,7,27,65.739900,21.997800,-14.0,0,8.6,1,mainland,,0,0,0,0,0,0,0
2016-07-29T14:01:20.591859Z,2016,7,29,65.711600,22.394400,5.0,0,15.6,1,sea,islands__sea,1,1,1,1,0,0,0
2016-07-29T15:55:00.726540Z,2016,7,29,65.587500,22.209000,-5.0,0,6.0,1,mainland,,0,0,0,1,0,0,0
2016-07-31T10:23:02.892125Z,2016,7,31,65.875400,22.499900,-8.0,0,11.8,1,mainland,inland_water__mainland,1,0,0,0,0,0,0
2016-07-31T19:30:12.460738Z,2016,7,31,65.087200,22.584200,-8.0,0,4.4,1,sea,,0,0,0,0,0,0,0
2016-07-31T19:33:36.004180Z,2016,7,31,65.423800,22.448800,-5.0,0,19.4,1,sea,islands__sea,1,0,1,1,0,0,0
2016-07-31T19:36:11.603697Z,2016,7,31,65.472700,21.787200,-4.0,0,4.6,1,mainland,inland_water__mainland,1,0,0,0,0,0,1
2016-07-31T19:36:37.981731Z,2016,7,31,65.087800,22.650200,15.0,0,22.8,1,sea,,0,0,0,0,0,0,0
2016-07-31T19:41:36.271071Z,2016,7,31,65.098400,22.670200,6.0,0,28.4,1,sea,,0,0,0,0,0,0,0
2016-07-31T19:41:36.295998Z,2016,7,31,65.091900,22.745900,-12.0,0,4.4,1,sea,,0,0,0,0,0,0,0
2016-07-31T19:43:04.933883Z,2016,7,31,65.089700,22.700100,-24.0,0,9.0,1,sea,,0,0,0,0,0,0,0
2016-07-31T19:46:18.114490Z,2016,7,31,65.109900,22.730900,-44.0,0,7.4,1,sea,,0,0,0,0,0,0,0
2016-07-31T19:48:05.377681Z,2016,7,31,65.118200,22.743800,-11.0,0,3.0,1,sea,,0,0,0,0,0,0,0
2016-07-31T19:48:05.383439Z,2016,7,31,65.121200,22.740000,-25.0,0,8.2,1,sea,,0,0,0,0,0,0,0
2016-07-31T19:56:29.008867Z,2016,7,31,65.146600,22.429500,-23.0,0,21.8,1,sea,,0,0,0,0,0,0,0
2016-07-31T19:56:29.048957Z,2016,7,31,65.133600,22.445000,-6.0,0,2.2,1,sea,,0,0,0,0,0,0,0
2016-07-31T19:58:19.437167Z,2016,7,31,65.156700,22.443700,-22.0,0,6.6,1,sea,,0,0,0,0,0,0,0
2016-07-31T19:58:19.443064Z,2016,7,31,65.153300,22.442800,-19.0,0,4.2,1,sea,,0,0,0,0,0,0,0
2016-07-31T19:58:19.488980Z,2016,7,31,65.160300,22.390100,-11.0,0,3.2,1,sea,,0,0,0,0,0,0,0
2016-07-31T20:00:45.215751Z,2016,7,31,65.167600,22.449200,15.0,0,5.4,1,sea,,0,0,0,0,0,0,0
2016-07-31T20:00:45.219111Z,2016,7,31,65.165800,22.452000,-33.0,0,6.6,1,sea,,0,0,0,0,0,0,0
2016-07-31T20:00:45.233769Z,2016,7,31,65.188600,22.452000,-4.0,0,2.0,1,sea,,0,0,0,0,0,0,0
2016-07-31T20:04:59.532251Z,2016,7,31,65.278700,22.834400,14.0,0,5.6,1,sea,,0,0,0,0,0,0,0
2016-07-31T20:04:59.534389Z,2016,7,31,65.162700,22.443200,-48.0,0,6.8,1,sea,,0,0,0,0,0,0,0
2016-07-31T20:04:59.552213Z,2016,7,31,65.168200,22.475000,-21.0,0,4.8,1,sea,,0,0,0,0,0,0,0
2016-07-31T20:12:32.825652Z,2016,7,31,65.181300,22.506100,5.0,0,4.4,1,sea,,0,0,0,0,0,0,0
2016-07-31T20:33:00.548193Z,2016,7,31,65.232100,22.463900,-19.0,0,7.0,1,sea,,0,0,0,0,0,0,0
2016-07-31T20:33:00.555472Z,2016,7,31,65.240500,22.444000,-8.0,0,3.4,1,sea,,0,0,0,0,0,0,0
2016-07-31T20:33:46.314184Z,2016,7,31,65.300000,22.455800,-12.0,0,4.0,1,sea,,0,0,0,0,0,0,0
2016-07-31T20:36:23.041235Z,2016,7,31,65.247900,22.479700,-71.0,0,10.4,1,sea,,0,0,0,0,0,0,0
2016-07-31T20:45:22.559722Z,2016,7,31,65.342300,22.299800,-15.0,0,12.2,1,sea,,0,0,0,0,0,0,0
2016-07-31T20:45:22.559725Z,2016,7,31,65.345900,22.447000,11.0,0,17.4,1,sea,islands__sea,1,0,1,1,0,0,0
2016-07-31T20:47:44.094560Z,2016,7,31,65.790200,22.523500,-9.0,0,10.8,1,mainland,,0,0,0,1,0,0,0
2016-07-31T20:49:31.605755Z,2016,7,31,65.341200,22.287600,12.0,0,7.2,1,sea,,0,0,0,0,0,0,0
2016-07-31T20:50:28.320647Z,2016,7,31,65.338000,22.277200,10.0,0,3.6,1,sea,,0,0,0,0,0,0,0
2016-07-31T20:51:16.929333Z,2016,7,31,65.333200,22.294900,5.0,0,4.6,1,sea,,0,0,0,0,0,0,0
2016-07-31T20:53:20.136893Z,2016,7,31,65.348900,22.303500,-14.0,0,10.2,1,sea,,0,0,0,0,0,0,0
2016-07-31T20:53:20.141219Z,2016,7,31,65.339900,22.271800,-24.0,0,6.6,1,sea,,0,0,0,0,0,0,0
2016-07-31T20:53:20.144582Z,2016,7,31,65.345100,22.258300,-7.0,0,7.8,1,sea,,0,0,0,0,0,0,0
2016-07-31T20:55:23.309218Z,2016,7,31,65.298800,22.464000,-48.0,0,8.4,1,sea,,0,0,0,0,0,0,0
2016-07-31T20:55:23.310011Z,2016,7,31,65.356300,22.285500,-10.0,0,7.6,1,sea,,0,0,0,0,0,0,0
2016-07-31T20:55:23.332024Z,2016,7,31,65.344400,22.309200,-11.0,0,5.4,1,sea,,0,0,0,0,0,0,0
2016-07-31T20:55:23.347012Z,2016,7,31,65.356100,22.254100,-11.0,0,4.0,1,sea,,0,0,0,0,0,0,0
2016-07-31T21:20:10.987728Z,2016,7,31,65.333600,22.444900,-14.0,0,13.2,1,sea,,0,0,0,0,0,0,0
2016-07-31T21:21:39.956355Z,2016,7,31,65.346300,21.987500,-12.0,0,5.2,1,sea,,0,0,0,1,0,0,1
2016-07-31T21:41:22.445021Z,2016,7,31,65.611300,21.832000,7.0,0,17.0,1,mainland,inland_water__mainland,1,0,0,0,0,0,0
2016-07-31T21:47:46.270192Z,2016,7,31,65.484900,22.155600,38.0,0,30.2,1,sea,islands__sea,1,1,1,1,0,0,0
2016-07-31T21:47:46.271491Z,2016,7,31,65.525600,22.188300,8.0,0,6.0,1,sea,islands__sea,1,0,1,1,0,0,0
2016-07-31T21:54:37.260170Z,2016,7,31,65.441900,22.029600,-7.0,0,2.6,1,sea,,0,0,0,1,0,0,0
2016-07-31T21:59:01.914905Z,2016,7,31,65.469000,22.072600,7.0,0,3.2,1,sea,,0,0,0,0,0,0,0
2016-07-31T22:03:23.634027Z,2016,7,31,65.506300,22.126400,-6.0,0,15.4,1,sea,islands__sea,1,1,1,1,0,0,0
2016-07-31T22:06:18.402572Z,2016,7,31,65.477700,22.895600,5.0,0,27.6,1,sea,,0,0,0,0,0,0,0
2016-07-31T22:51:32.897620Z,2016,7,31,65.582200,22.351500,-6.0,0,5.2,1,mainland,mainland__sea,1,0,1,1,0,0,0
2016-07-31T23:00:08.148604Z,2016,7,31,66.223900,22.048100,-18.0,0,6.0,1,inland_water,inland_water__mainland,1,0,0,0,0,0,1
2016-07-31T23:00:08.160738Z,2016,7,31,66.228000,22.065000,-5.0,0,5.6,1,mainland,,0,0,0,0,0,0,0
2016-07-31T23:01:44.963850Z,2016,7,31,66.221800,22.040900,6.0,0,6.8,1,mainland,inland_water__mainland,1,0,0,0,0,1,1
2016-07-31T23:01:44.978283Z,2016,7,31,66.228200,22.034300,-5.0,0,5.8,1,mainland,inland_water__mainland,1,0,0,0,1,1,1
2016-07-31T23:01:50.677802Z,2016,7,31,66.011700,22.148600,-7.0,0,5.0,1,mainland,inland_water__mainland,1,0,0,0,0,0,0
2016-07-31T23:03:53.166510Z,2016,7,31,66.224400,22.043200,-15.0,0,9.0,1,mainland,inland_water__mainland,1,0,0,0,0,0,1
2016-07-31T23:03:53.172484Z,2016,7,31,66.227500,22.037900,-11.0,0,13.8,1,mainland,inland_water__mainland,1,0,0,0,0,1,1
2016-07-31T23:04:17.246014Z,2016,7,31,65.979700,22.191800,6.0,0,4.6,1,inland_water,inland_water__mainland,1,0,0,0,0,0,0
2016-07-31T23:06:26.762008Z,2016,7,31,66.035800,22.137500,12.0,0,15.8,1,mainland,,0,0,0,0,0,0,0
2016-07-31T23:06:26.762643Z,2016,7,31,66.032300,22.130400,7.0,0,3.8,1,mainland,inland_water__mainland,1,0,0,0,0,0,0
2016-07-31T23:07:24.894033Z,2016,7,31,66.022300,22.173900,-8.0,0,11.6,1,mainland,inland_water__mainland,1,0,0,0,0,0,0
2016-07-31T23:08:49.583224Z,2016,7,31,66.040600,22.190200,-10.0,0,6.0,1,mainland,inland_water__mainland,1,0,0,0,0,0,0
2016-07-31T23:08:49.696589Z,2016,7,31,66.033700,22.169500,-7.0,0,5.8,1,mainland,,0,0,0,0,0,0,0
2016-07-31T23:09:23.352159Z,2016,7,31,66.044400,22.164300,-19.0,0,10.8,1,mainland,inland_water__mainland,1,0,0,0,0,0,0
2016-07-31T23:09:23.391367Z,2016,7,31,66.037000,22.153200,-8.0,0,6.6,1,mainland,inland_water__mainland,1,0,0,0,0,0,0
2016-07-31T23:09:23.489831Z,2016,7,31,66.045100,22.139700,-11.0,0,10.0,1,mainland,,0,0,0,0,0,0,0
2016-07-31T23:09:23.765561Z,2016,7,31,66.134100,22.194200,-5.0,0,12.0,1,mainland,inland_water__mainland,1,0,0,0,0,0,0
2016-07-31T23:11:48.727924Z,2016,7,31,66.045700,22.188600,-12.0,0,9.6,1,mainland,inland_water__mainland,1,0,0,0,0,0,0
2016-07-31T23:13:20.909636Z,2016,7,31,66.066100,22.200700,-7.0,0,7.2,1,mainland,inland_water__mainland,1,0,0,0,0,0,0
2016-07-31T23:13:20.961952Z,2016,7,31,66.054900,22.188600,-5.0,0,5.6,1,mainland,inland_water__mainland,1,0,0,0,0,0,0
2016-07-31T23:13:21.049529Z,2016,7,31,66.065900,22.166500,-7.0,0,7.2,1,mainland,inland_water__mainland,1,0,0,0,0,0,0
2016-07-31T23:16:12.755534Z,2016,7,31,66.075200,22.178900,-9.0,0,6.8,1,mainland,inland_water__mainland,1,0,0,0,0,0,0
2016-07-31T23:16:13.128082Z,2016,7,31,65.742800,22.394800,7.0,0,4.0,1,sea,,0,0,0,1,0,0,0
2016-07-31T23:17:43.229130Z,2016,7,31,66.024900,22.264300,5.0,0,4.0,1,mainland,,0,0,0,0,0,0,0
2016-07-31T23:17:43.270237Z,2016,7,31,66.071200,22.144700,11.0,0,11.6,1,mainland,,0,0,0,0,0,0,0
2016-07-31T23:19:09.764513Z,2016,7,31,66.113200,22.095500,-19.0,0,8.4,1,mainland,,0,0,0,0,0,0,0
2016-07-31T23:22:43.825631Z,2016,7,31,66.062200,22.200600,5.0,0,9.4,1,inland_water,inland_water__mainland,1,0,0,0,0,0,0
2016-07-31T23:23:39.886524Z,2016,7,31,66.121600,22.224300,5.0,0,16.6,1,inland_water,inland_water__mainland,1,0,0,0,0,0,0
2016-07-31T23:24:20.586010Z,2016,7,31,66.113300,22.263600,-10.0,0,7.2,1,mainland,,0,0,0,0,0,0,0
2016-07-31T23:24:20.635772Z,2016,7,31,66.090600,22.270000,-6.0,0,5.0,1,mainland,inland_water__mainland,1,0,0,0,0,0,0
2016-07-31T23:24:38.893270Z,2016,7,31,66.105700,22.240000,16.0,0,8.2,1,mainland,inland_water__mainland,1,0,0,0,0,0,0
2016-07-31T23:26:59.166275Z,2016,7,31,66.126300,22.265900,-12.0,0,12.0,1,mainland,inland_water__mainland,1,0,0,0,0,0,0
2016-07-31T23:27:51.801810Z,2016,7,31,66.243800,22.117100,-28.0,0,6.4,1,mainland,,0,0,0,0,0,0,0
2016-07-31T23:27:52.307236Z,2016,7,31,66.102700,22.227900,10.0,0,14.6,1,mainland,inland_water__mainland,1,0,0,0,0,0,0
2016-07-31T23:28:45.678893Z,2016,7,31,66.148500,22.246300,-15.0,0,6.0,1,mainland,inland_water__mainland,1,0,0,0,0,0,0
2016-07-31T23:28:45.700877Z,2016,7,31,66.140900,22.221700,-10.0,0,6.8,1,mainland,inland_water__mainland,1,0,0,0,0,0,0
2016-07-31T23:28:45.864396Z,2016,7,31,66.097800,22.225000,11.0,0,20.6,1,mainland,,0,0,0,0,0,0,0
2016-07-31T23:29:44.682198Z,2016,7,31,66.131100,22.277800,-23.0,0,8.4,1,inland_water,inland_water__mainland,1,0,0,0,0,0,0
2016-07-31T23:29:44.709002Z,2016,7,31,66.121300,22.272800,-8.0,0,6.4,1,mainland,inland_water__mainland,1,0,0,0,0,0,0
2016-07-31T23:29:44.734832Z,2016,7,31,66.119700,22.290200,-8.0,0,6.4,1,inland_water,inland_water__mainland,1,0,0,0,0,0,0
2016-07-31T23:30:37.848732Z,2016,7,31,66.131000,22.222400,-14.0,0,8.8,1,mainland,inland_water__mainland,1,0,0,0,0,0,0
2016-07-31T23:30:37.873328Z,2016,7,31,66.125600,22.240200,-15.0,0,5.8,1,mainland,inland_water__mainland,1,0,0,0,0,0,0
2016-07-31T23:31:36.813792Z,2016,7,31,66.248000,22.091000,9.0,0,25.2,1,mainland,inland_water__mainland,1,0,0,0,0,0,1
2016-07-31T23:32:31.763528Z,2016,7,31,66.131100,22.236400,8.0,0,12.0,1,inland_water,inland_water__mainland,1,0,0,0,0,0,0
2016-07-31T23:32:31.764208Z,2016,7,31,66.143600,22.231000,6.0,0,6.0,1,mainland,inland_water__mainland,1,0,0,0,0,0,0
2016-07-31T23:37:01.177904Z,2016,7,31,66.274700,22.131200,17.0,0,22.0,1,mainland,,0,0,0,0,0,0,1
2016-07-31T23:37:01.178545Z,2016,7,31,66.269600,22.141400,12.0,0,12.2,1,mainland,inland_water__mainland,1,0,0,0,0,0,1
2016-07-31T23:40:09.255660Z,2016,7,31,66.164900,22.283800,-7.0,0,6.2,1,mainland,inland_water__mainland,1,0,0,0,0,0,1
2016-07-31T23:44:46.745563Z,2016,7,31,66.195000,22.257600,-7.0,0,5.2,1,mainland,,1,0,0,0,1,1,1
2016-07-31T23:58:18.880504Z,2016,7,31,66.245500,22.145300,-10.0,0,17.4,1,mainland,inland_water__mainland,1,0,0,0,0,0,0
2016-08-02T06:30:52.985925Z,2016,8,2,65.303800,23.073000,6.0,0,10.6,1,sea,,0,0,0,0,0,0,0
2016-08-02T06:30:53.097779Z,2016,8,2,65.285800,22.996300,-12.0,0,2.6,1,sea,,0,0,0,0,0,0,0
2016-08-02T06:32:21.098802Z,2016,8,2,65.314300,23.060400,-18.0,0,15.2,1,sea,,0,0,0,0,0,0,0
2016-08-02T06:32:21.099837Z,2016,8,2,65.312100,23.036500,12.0,0,14.2,1,sea,,0,0,0,0,0,0,0
2016-08-02T06:32:21.100763Z,2016,8,2,65.301900,23.120800,3.0,0,2.6,1,sea,,1,0,0,0,0,1,1
2016-08-02T06:33:15.268332Z,2016,8,2,65.312700,23.068700,16.0,0,14.0,1,sea,,0,0,0,0,0,0,0
2016-08-02T06:33:15.269795Z,2016,8,2,65.312500,23.056600,4.0,0,2.2,1,sea,,0,0,0,0,0,0,0
2016-08-02T06:33:15.449849Z,2016,8,2,65.287200,23.032900,-9.0,0,2.4,1,sea,,0,0,0,0,0,0,0
2016-08-02T06:37:40.050056Z,2016,8,2,65.334400,23.012600,11.0,0,7.0,1,sea,,0,0,0,0,0,0,0
2016-08-02T06:37:40.052781Z,2016,8,2,65.307500,23.067200,12.0,0,8.8,1,sea,,0,0,0,0,0,0,0
2016-08-02T06:37:40.174062Z,2016,8,2,65.285300,23.044100,-18.0,0,3.4,1,sea,,0,0,0,0,0,0,0
2016-08-02T06:50:29.264720Z,2016,8,2,65.313500,23.096000,5.0,0,15.4,1,sea,,0,0,0,0,0,0,0
2016-08-02T06:50:29.517792Z,2016,8,2,65.328300,23.102800,-6.0,0,2.2,1,sea,,1,0,0,0,0,1,1
2016-08-02T07:03:25.402035Z,2016,8,2,65.492600,22.972300,-6.0,0,3.4,1,sea,,0,0,0,0,0,0,1
2016-08-02T07:07:37.753878Z,2016,8,2,65.505700,22.780800,-39.0,0,10.0,1,sea,,0,0,0,0,0,0,0
2016-08-02T07:07:37.769919Z,2016,8,2,65.498200,22.974700,-12.0,0,3.8,1,sea,,1,0,0,0,0,1,1
2016-08-02T07:11:29.921983Z,2016,8,2,65.531000,22.957000,-42.0,0,26.8,1,sea,,1,0,0,0,1,1,1
2016-08-02T07:11:29.922577Z,2016,8,2,65.528500,22.959400,-132.0,0,23.6,1,sea,,1,0,0,0,1,1,1
2016-08-02T07:11:31.217210Z,2016,8,2,65.504000,22.948400,10.0,0,4.2,1,sea,,0,0,0,0,0,0,0
2016-08-02T07:22:16.948163Z,2016,8,2,65.751400,21.983500,9.0,0,7.6,1,mainland,,0,0,0,0,0,0,0
2016-08-02T07:22:41.836798Z,2016,8,2,65.648900,22.298000,-10.0,0,14.0,1,mainland,inland_water__mainland,1,0,1,1,0,0,0
2016-08-02T07:22:41.839275Z,2016,8,2,65.570300,22.178500,-59.0,0,6.6,1,mainland,mainland__sea,1,1,1,1,0,0,0
2016-08-02T07:22:41.859798Z,2016,8,2,65.574600,22.184500,-16.0,0,6.4,1,mainland,mainland__sea,1,0,1,1,0,0,0
2016-08-02T07:22:41.891213Z,2016,8,2,65.569200,22.203400,-10.0,0,3.8,1,mainland,inland_water__mainland,1,0,0,1,0,0,0
2016-08-02T07:22:41.943766Z,2016,8,2,65.571200,22.134700,-6.0,0,7.0,1,sea,mainland__sea,1,0,1,1,0,0,0
2016-08-02T07:25:09.601255Z,2016,8,2,65.523200,22.943200,13.0,0,12.2,1,sea,,0,0,0,0,0,0,1
2016-08-02T07:26:42.978610Z,2016,8,2,65.557400,22.176700,-76.0,0,26.2,1,sea,islands__sea,1,1,1,1,0,0,0
2016-08-02T07:26:43.007471Z,2016,8,2,65.581700,22.217700,-13.0,0,7.0,1,mainland,mainland__sea,1,1,1,1,0,0,0
2016-08-02T07:26:43.018954Z,2016,8,2,65.586000,22.163800,-7.0,0,3.0,1,mainland,mainland__sea,1,1,1,1,0,0,0
2016-08-02T07:28:24.417459Z,2016,8,2,65.557200,22.132600,18.0,0,26.2,1,mainland,mainland__sea,1,1,1,1,0,0,0
2016-08-02T07:30:27.332727Z,2016,8,2,65.503800,22.118600,-44.0,0,13.2,1,islands,islands__sea,1,1,1,1,0,0,0
2016-08-02T07:30:27.393101Z,2016,8,2,65.503700,22.120100,-19.0,0,4.4,1,islands,islands__sea,1,1,1,1,0,0,0
2016-08-02T07:30:27.393329Z,2016,8,2,65.427700,21.895300,-11.0,0,22.4,1,mainland,mainland__sea,1,0,1,1,0,0,0
2016-08-02T07:32:38.723721Z,2016,8,2,65.603200,22.164700,13.0,0,5.4,1,mainland,mainland__sea,1,1,1,1,0,0,0
2016-08-02T07:32:38.724465Z,2016,8,2,65.605500,22.165900,18.0,0,28.0,1,sea,mainland__sea,1,1,1,1,0,0,0
2016-08-02T07:32:38.725968Z,2016,8,2,65.665500,22.569500,-20.0,0,30.2,1,sea,,0,0,0,0,0,0,0
2016-08-02T07:32:38.764275Z,2016,8,2,65.559500,22.162900,7.0,0,2.0,1,sea,islands__sea,1,1,1,1,0,0,0
2016-08-02T07:34:51.661970Z,2016,8,2,65.598700,22.328200,16.0,0,7.6,1,sea,,0,0,0,1,0,0,0
2016-08-02T07:34:51.662742Z,2016,8,2,65.575400,22.148500,-100.0,0,27.4,1,sea,mainland__sea,1,0,1,1,0,0,0
2016-08-02T07:34:51.754633Z,2016,8,2,65.569800,22.112500,15.0,0,22.0,1,mainland,inland_water__mainland,1,0,0,1,0,0,0
2016-08-02T07:36:37.784420Z,2016,8,2,65.614000,22.175500,-64.0,0,15.6,1,mainland,,0,0,0,1,0,0,0
2016-08-02T07:36:37.796204Z,2016,8,2,65.609700,22.161500,-11.0,0,8.8,1,mainland,mainland__sea,1,1,1,1,0,0,0
2016-08-02T07:36:37.800242Z,2016,8,2,65.610700,22.176700,-15.0,0,4.6,1,mainland,mainland__sea,1,0,1,1,0,0,0
2016-08-02T07:36:37.856494Z,2016,8,2,65.573000,22.051700,12.0,0,6.8,1,mainland,inland_water__mainland,1,0,0,0,0,0,0
2016-08-02T07:37:46.706315Z,2016,8,2,65.408900,22.234600,9.0,0,3.2,1,sea,,0,0,0,1,0,0,0
2016-08-02T07:37:46.708407Z,2016,8,2,65.624000,22.175700,7.0,0,4.0,1,sea,mainland__sea,1,1,1,1,0,0,0
2016-08-02T07:37:46.723140Z,2016,8,2,65.623100,22.179000,9.0,0,12.8,1,sea,mainland__sea,1,1,1,1,0,0,0
2016-08-02T07:38:48.188722Z,2016,8,2,65.595400,22.211800,-18.0,0,10.8,1,mainland,,0,0,0,0,0,0,0
2016-08-02T07:38:48.233441Z,2016,8,2,65.590600,22.146200,5.0,0,2.6,1,mainland,mainland__sea,1,1,1,1,0,0,0
2016-08-02T07:39:39.279574Z,2016,8,2,65.636500,22.150500,10.0,0,25.2,1,mainland,,0,0,0,1,0,0,0
2016-08-02T07:39:39.280320Z,2016,8,2,65.566300,22.111000,8.0,0,9.4,1,mainland,inland_water__mainland,1,0,0,1,0,0,0
2016-08-02T07:40:33.818943Z,2016,8,2,65.631800,22.161600,12.0,0,18.8,1,mainland,mainland__sea,1,0,1,1,0,0,0
2016-08-02T07:40:33.819683Z,2016,8,2,65.429300,21.952600,15.0,0,23.2,1,sea,mainland__sea,1,1,1,1,0,0,0
2016-08-02T07:41:13.136313Z,2016,8,2,65.586100,22.126700,-19.0,0,6.0,1,mainland,mainland__sea,1,1,1,1,0,0,0
2016-08-02T07:41:13.139488Z,2016,8,2,65.591900,22.126000,-14.0,0,6.2,1,sea,mainland__sea,1,0,1,1,0,0,0
2016-08-02T07:42:50.630117Z,2016,8,2,65.512100,22.054400,-67.0,0,13.0,1,mainland,mainland__sea,1,1,1,1,0,0,0
2016-08-02T07:42:50.630164Z,2016,8,2,65.666500,22.191300,-72.0,0,13.8,1,mainland,,0,0,0,0,0,0,0
2016-08-02T07:42:50.650319Z,2016,8,2,65.651500,22.161700,-12.0,0,6.8,1,mainland,,0,0,0,0,0,0,0
2016-08-02T07:42:50.656310Z,2016,8,2,65.644100,22.152900,-7.0,0,6.6,1,mainland,,0,0,0,0,0,0,0
2016-08-02T07:42:50.656599Z,2016,8,2,65.666600,22.220900,-8.0,0,5.2,1,mainland,,0,0,0,1,0,0,0
2016-08-02T07:43:41.436901Z,2016,8,2,65.612100,22.133500,-14.0,0,8.4,1,mainland,,0,0,0,1,0,0,0
2016-08-02T07:43:41.439543Z,2016,8,2,65.610800,22.161700,-39.0,0,28.2,1,sea,mainland__sea,1,1,1,1,0,0,0
2016-08-02T07:43:41.454783Z,2016,8,2,65.624400,22.207000,-7.0,0,3.8,1,mainland,mainland__sea,1,0,1,1,0,0,0
2016-08-02T07:44:11.090458Z,2016,8,2,65.610800,22.176500,14.0,0,8.2,1,mainland,mainland__sea,1,0,1,1,0,0,0
2016-08-02T07:44:11.090492Z,2016,8,2,65.708700,22.246900,9.0,0,3.8,1,mainland,,0,0,0,1,0,0,0
2016-08-02T07:44:11.095550Z,2016,8,2,65.610300,22.195700,5.0,0,6.2,1,mainland,,0,0,0,0,0,0,0
2016-08-02T07:44:11.104776Z,2016,8,2,65.612200,22.176500,8.0,0,8.0,1,mainland,,0,0,0,1,0,0,0
2016-08-02T07:44:41.096985Z,2016,8,2,65.644000,22.149400,6.0,0,6.6,1,mainland,,0,0,0,0,0,0,0
2016-08-02T07:46:11.634826Z,2016,8,2,65.622600,22.044900,-53.0,0,13.4,1,mainland,,0,0,0,1,0,0,0
2016-08-02T07:46:11.654545Z,2016,8,2,65.616600,22.247900,-11.0,0,7.0,1,mainland,mainland__sea,1,1,1,1,0,0,0
2016-08-02T07:46:11.671475Z,2016,8,2,65.633100,22.150400,-5.0,0,4.2,1,mainland,,0,0,0,1,0,0,0
2016-08-02T07:46:50.254547Z,2016,8,2,65.636900,22.253300,-16.0,0,10.6,1,mainland,mainland__sea,1,1,1,1,0,0,0
2016-08-02T07:46:50.267595Z,2016,8,2,65.640700,22.205900,6.0,0,4.0,1,mainland,,0,0,0,0,0,0,0
2016-08-02T07:47:12.432452Z,2016,8,2,65.638100,22.181100,15.0,0,10.0,1,mainland,,0,0,0,0,0,0,0
2016-08-02T07:47:12.432983Z,2016,8,2,65.638200,22.063300,14.0,0,21.2,1,mainland,inland_water__mainland,1,0,0,0,0,0,0
2016-08-02T07:47:54.495032Z,2016,8,2,65.627100,22.167100,-12.0,0,7.0,1,sea,mainland__sea,1,1,1,1,0,0,0
2016-08-02T07:47:54.498408Z,2016,8,2,65.632000,22.180200,-32.0,0,15.6,1,mainland,mainland__sea,1,0,1,1,0,0,0
2016-08-02T07:47:54.508133Z,2016,8,2,65.608600,22.173300,15.0,0,27.2,1,mainland,mainland__sea,1,1,1,1,0,0,0
2016-08-02T07:48:30.726966Z,2016,8,2,65.644800,22.208800,-7.0,0,4.8,1,mainland,,0,0,0,0,0,0,0
2016-08-02T07:48:30.727338Z,2016,8,2,65.576100,22.104100,13.0,0,30.2,1,mainland,inland_water__mainland,1,0,0,1,0,0,0
2016-08-02T07:48:30.728269Z,2016,8,2,65.666300,22.210200,20.0,0,5.2,1,mainland,,0,0,0,1,0,0,0
2016-08-02T07:49:04.073575Z,2016,8,2,65.717300,22.233200,26.0,0,25.0,1,mainland,,0,0,0,0,0,0,0
2016-08-02T07:49:04.074963Z,2016,8,2,65.688500,22.195800,10.0,0,16.4,1,mainland,,0,0,0,0,0,0,0
2016-08-02T07:50:26.043498Z,2016,8,2,65.721500,22.273100,6.0,0,11.8,1,mainland,inland_water__mainland,1,0,0,0,0,0,0
2016-08-02T07:50:26.045077Z,2016,8,2,65.718600,22.269400,11.0,0,12.0,1,inland_water,inland_water__mainland,1,0,0,0,0,0,0
2016-08-02T07:50:26.273105Z,2016,8,2,65.712000,22.288200,-12.0,0,3.4,1,mainland,inland_water__mainland,1,0,0,1,0,0,0
2016-08-02T07:50:26.282139Z,2016,8,2,65.705200,22.287500,-16.0,0,6.2,1,mainland,inland_water__mainland,1,0,1,1,0,0,0
2016-08-02T07:51:47.431588Z,2016,8,2,65.656000,22.158100,-99.0,0,15.6,1,mainland,,0,0,0,0,0,0,0
2016-08-02T07:51:47.453663Z,2016,8,2,65.654300,22.212200,-6.0,0,3.0,1,mainland,,0,0,0,1,0,0,0
2016-08-02T07:52:31.140730Z,2016,8,2,65.723800,22.253700,18.0,0,9.6,1,inland_water,inland_water__mainland,1,0,0,0,0,0,0
2016-08-02T07:52:31.141452Z,2016,8,2,65.728500,22.275300,-100.0,0,30.2,1,mainland,inland_water__mainland,1,0,0,0,0,0,0
2016-08-02T07:52:31.152624Z,2016,8,2,65.723700,22.259600,-13.0,0,5.0,1,inland_water,inland_water__mainland,1,0,0,0,0,0,0
2016-08-02T07:52:31.163452Z,2016,8,2,65.797200,21.939100,14.0,0,17.8,1,mainland,,0,0,0,0,0,0,0
2016-08-02T07:52:31.170054Z,2016,8,2,65.727600,22.252400,-9.0,0,7.0,1,inland_water,inland_water__mainland,1,0,0,0,0,0,0
2016-08-02T07:53:03.005009Z,2016,8,2,65.661400,22.196000,8.0,0,7.0,1,mainland,,0,0,0,0,0,0,0
2016-08-02T07:53:03.006087Z,2016,8,2,65.660600,22.202600,6.0,0,5.4,1,mainland,,0,0,0,0,0,0,0
2016-08-02T07:53:03.008338Z,2016,8,2,65.705600,22.255400,8.0,0,2.6,1,mainland,,0,0,0,1,0,0,0
2016-08-02T07:54:00.998635Z,2016,8,2,65.732200,22.229200,-12.0,0,2.6,1,inland_water,inland_water__mainland,1,0,0,0,0,0,0
2016-08-02T07:54:01.002669Z,2016,8,2,65.736600,22.256700,-44.0,0,12.2,1,mainland,inland_water__mainland,1,0,0,0,0,0,0
2016-08-02T07:54:01.023816Z,2016,8,2,65.736200,22.260500,-11.0,0,6.6,1,mainland,inland_water__mainland,1,0,0,0,0,0,0
2016-08-02T07:54:01.050019Z,2016,8,2,65.723500,22.245400,-15.0,0,8.0,1,inland_water,inland_water__mainland,1,0,0,0,0,0,0
2016-08-02T07:54:01.286762Z,2016,8,2,65.705600,22.241200,-13.0,0,3.8,1,mainland,inland_water__mainland,1,0,0,1,0,0,0
2016-08-02T07:54:49.192945Z,2016,8,2,65.728100,22.260700,-23.0,0,4.6,1,mainland,inland_water__mainland,1,0,0,0,0,0,0
2016-08-02T07:54:49.212452Z,2016,8,2,65.725200,22.249200,-19.0,0,5.0,1,inland_water,inland_water__mainland,1,0,0,0,0,0,0
2016-08-02T07:54:49.243409Z,2016,8,2,65.724000,22.270400,-6.0,0,3.4,1,mainland,inland_water__mainland,1,0,0,0,0,0,0
2016-08-02T07:55:19.644964Z,2016,8,2,65.715900,22.210000,11.0,0,6.0,1,mainland,inland_water__mainland,1,0,0,0,0,0,0
2016-08-02T07:56:13.796973Z,2016,8,2,65.740900,22.215800,-9.0,0,6.2,1,other,,0,0,0,0,0,0,0
2016-08-02T07:56:13.811334Z,2016,8,2,65.725200,22.243500,-6.0,0,4.4,1,inland_water,inland_water__mainland,1,0,0,0,0,0,0
2016-08-02T07:57:00.001750Z,2016,8,2,65.685400,22.195300,-11.0,0,12.2,1,mainland,,0,0,0,0,0,0,0
2016-08-02T07:57:00.008705Z,2016,8,2,65.651700,22.189700,-19.0,0,22.8,1,mainland,,0,0,0,0,0,0,0
2016-08-02T07:58:31.610235Z,2016,8,2,65.755700,22.073500,7.0,0,21.4,1,mainland,,0,0,0,0,0,0,0
2016-08-02T07:59:31.101264Z,2016,8,2,65.720400,22.179400,12.0,0,10.2,1,mainland,inland_water__mainland,1,0,0,0,0,0,0
2016-08-02T07:59:31.101616Z,2016,8,2,65.731600,22.152400,29.0,0,26.2,1,mainland,inland_water__mainland,1,0,0,0,0,0,0
2016-08-02T07:59:31.102862Z,2016,8,2,65.705600,22.141700,16.0,0,15.8,1,mainland,,0,0,0,0,0,0,0
2016-08-02T07:59:31.124122Z,2016,8,2,65.729300,22.200300,6.0,0,5.4,1,mainland,inland_water__mainland,1,0,0,0,0,0,0
2016-08-02T08:00:29.201790Z,2016,8,2,65.702800,22.118100,-12.0,0,9.8,1,mainland,,0,0,0,0,0,0,0
2016-08-02T08:00:29.202681Z,2016,8,2,65.724900,22.147900,20.0,0,30.2,1,mainland,,0,0,0,0,0,0,0
2016-08-02T08:00:29.204179Z,2016,8,2,65.704600,22.121300,-19.0,0,28.0,1,mainland,,0,0,0,0,0,0,0
2016-08-02T08:01:09.731348Z,2016,8,2,65.720600,22.177100,13.0,0,29.6,1,mainland,inland_water__mainland,1,0,0,0,0,0,0
2016-08-02T08:01:09.734135Z,2016,8,2,65.690500,22.308800,-9.0,0,15.6,1,mainland,,0,0,0,1,0,0,0
2016-08-02T08:01:52.222723Z,2016,8,2,65.771100,22.224300,-29.0,0,10.6,1,mainland,inland_water__mainland,1,0,0,0,0,0,0
2016-08-02T08:03:01.660719Z,2016,8,2,65.839500,22.542900,-6.0,0,3.2,1,mainland,inland_water__mainland,1,0,0,0,0,0,0
2016-08-02T08:03:18.538493Z,2016,8,2,65.670000,22.079400,-12.0,0,18.0,1,mainland,,0,0,0,0,0,0,0
2016-08-02T08:03:18.539194Z,2016,8,2,65.758200,22.073400,15.0,0,21.2,1,mainland,,0,0,0,0,0,0,0
2016-08-02T08:03:18.541019Z,2016,8,2,65.802400,22.189400,14.0,0,14.2,1,mainland,,0,0,0,0,0,0,0
2016-08-02T08:04:20.094184Z,2016,8,2,65.777700,22.219400,-44.0,0,15.8,1,mainland,inland_water__mainland,1,0,0,0,0,0,0
2016-08-02T08:04:20.113444Z,2016,8,2,65.771300,22.225600,-19.0,0,9.4,1,mainland,inland_water__mainland,1,0,0,0,0,0,0
2016-08-02T08:04:20.132505Z,2016,8,2,65.767400,22.298800,-9.0,0,5.6,1,mainland,,0,0,0,1,0,0,0
2016-08-02T08:04:20.164822Z,2016,8,2,65.784500,22.272200,-11.0,0,4.8,1,mainland,,0,0,0,0,0,0,0
2016-08-02T08:05:00.965286Z,2016,8,2,65.763600,22.226000,-35.0,0,7.8,1,mainland,,0,0,0,0,0,0,0
2016-08-02T08:05:00.981136Z,2016,8,2,65.705400,22.095900,-13.0,0,7.2,1,mainland,inland_water__mainland,1,0,0,0,0,0,0
2016-08-02T08:05:00.981150Z,2016,8,2,65.757700,22.231600,-14.0,0,8.4,1,mainland,,0,0,0,0,0,0,0
2016-08-02T08:05:00.993078Z,2016,8,2,65.761900,22.229000,-8.0,0,30.2,1,mainland,,0,0,0,0,0,0,0
2016-08-02T08:05:01.440993Z,2016,8,2,65.761200,22.216900,-7.0,0,3.4,1,mainland,inland_water__mainland,1,0,0,0,0,0,0
2016-08-02T08:05:41.105983Z,2016,8,2,65.824100,22.093100,10.0,0,5.8,1,mainland,,0,0,0,0,0,0,0
2016-08-02T08:05:54.285135Z,2016,8,2,65.800900,22.446700,12.0,0,7.2,1,sea,,0,0,0,1,0,0,0
2016-08-02T08:05:54.285628Z,2016,8,2,65.829100,22.460300,32.0,0,10.8,1,sea,,0,0,0,1,0,0,0
2016-08-02T08:05:54.285928Z,2016,8,2,65.824000,22.417400,36.0,0,15.8,1,sea,islands__sea,1,1,1,1,0,0,0
2016-08-02T08:05:54.287875Z,2016,8,2,65.829900,22.455000,9.0,0,12.6,1,sea,,0,0,0,1,0,0,0
2016-08-02T08:05:54.298379Z,2016,8,2,65.835600,22.466600,6.0,0,4.0,1,sea,islands__sea,1,1,1,1,0,0,0
2016-08-02T08:06:43.852477Z,2016,8,2,65.909000,22.452200,12.0,0,11.6,1,mainland,inland_water__mainland,1,0,0,0,0,0,0
2016-08-02T08:07:28.241891Z,2016,8,2,65.813300,22.267700,9.0,0,24.4,1,mainland,inland_water__mainland,1,0,0,0,0,0,0
2016-08-02T08:07:54.866999Z,2016,8,2,65.836100,22.442400,9.0,0,6.0,1,sea,,0,0,0,1,0,0,0
2016-08-02T08:07:54.867476Z,2016,8,2,65.374000,21.943100,15.0,0,10.8,1,sea,,0,0,0,0,0,0,1
2016-08-02T08:07:54.869141Z,2016,8,2,65.871700,22.336500,-5.0,0,20.2,1,mainland,,0,0,0,1,0,0,0
2016-08-02T08:08:23.162895Z,2016,8,2,65.748300,22.227500,-44.0,0,23.8,1,inland_water,inland_water__mainland,1,0,0,0,0,0,0
2016-08-02T08:08:53.351743Z,2016,8,2,65.820500,22.356800,17.0,0,15.0,1,sea,mainland__sea,1,0,1,1,0,0,0
2016-08-02T08:08:53.352323Z,2016,8,2,65.835600,22.444100,21.0,0,7.0,1,sea,,0,0,0,1,0,0,0
2016-08-02T08:09:14.821731Z,2016,8,2,65.735200,22.053200,7.0,0,2.8,1,mainland,,0,0,0,0,0,0,0
2016-08-02T08:10:11.344281Z,2016,8,2,65.837600,22.404600,10.0,0,16.6,1,sea,islands__sea,1,0,1,1,0,0,0
2016-08-02T08:10:11.548366Z,2016,8,2,65.857800,22.519000,-9.0,0,10.6,1,mainland,,0,0,0,0,0,0,0
2016-08-02T08:10:11.608870Z,2016,8,2,65.828800,22.457400,-5.0,0,8.2,1,sea,,0,0,0,1,0,0,0
2016-08-02T08:10:11.776295Z,2016,8,2,65.826100,22.432800,-13.0,0,7.6,1,sea,islands__sea,1,0,1,1,0,0,0
2016-08-02T08:11:52.006819Z,2016,8,2,65.835800,22.436700,-84.0,0,22.2,1,sea,,0,0,0,1,0,0,0
2016-08-02T08:11:52.029810Z,2016,8,2,65.827500,22.429100,-26.0,0,11.0,1,sea,islands__sea,1,0,1,1,0,0,0
2016-08-02T08:11:52.039823Z,2016,8,2,65.836700,22.442200,-12.0,0,6.4,1,sea,,0,0,0,1,0,0,0
2016-08-02T08:11:52.515849Z,2016,8,2,65.833000,22.441200,-8.0,0,4.0,1,sea,islands__sea,1,0,1,1,0,0,0
2016-08-02T08:11:52.603169Z,2016,8,2,65.757300,22.037600,14.0,0,20.2,1,mainland,,0,0,0,0,0,0,0
2016-08-02T08:11:52.712457Z,2016,8,2,65.846100,22.091300,-7.0,0,2.6,1,mainland,,1,0,0,0,0,1,1
2016-08-02T08:12:56.456272Z,2016,8,2,65.758200,22.063300,7.0,0,7.8,1,mainland,,0,0,0,0,0,0,0
2016-08-02T08:14:12.783872Z,2016,8,2,65.825700,22.204800,19.0,0,23.6,1,mainland,,0,0,0,0,0,0,0
2016-08-02T08:14:12.785310Z,2016,8,2,65.815200,22.224900,19.0,0,21.8,1,mainland,,0,0,0,0,0,0,0
2016-08-02T08:14:12.787070Z,2016,8,2,65.819100,22.205700,15.0,0,9.4,1,mainland,,0,0,0,0,0,0,0
2016-08-02T08:14:56.793610Z,2016,8,2,65.741400,22.091600,10.0,0,10.6,1,mainland,,0,0,0,0,0,0,0
2016-08-02T08:14:56.794063Z,2016,8,2,65.766500,22.104100,9.0,0,5.2,1,inland_water,inland_water__mainland,1,0,0,0,0,0,0
2016-08-02T08:16:20.658030Z,2016,8,2,65.824500,22.051100,-16.0,0,9.0,1,mainland,,0,0,0,0,0,0,1
2016-08-02T08:16:20.658416Z,2016,8,2,65.834600,22.250100,20.0,0,13.8,1,mainland,,0,0,0,0,0,0,0
2016-08-02T08:16:20.659297Z,2016,8,2,65.793100,22.273500,8.0,0,4.4,1,mainland,,0,0,0,0,0,0,0
2016-08-02T08:16:20.661979Z,2016,8,2,65.831700,22.214600,6.0,0,3.6,1,mainland,,0,0,0,0,0,0,0
2016-08-02T08:17:11.350815Z,2016,8,2,65.867100,22.285600,-29.0,0,25.0,1,inland_water,inland_water__mainland,1,0,0,0,0,0,0
2016-08-02T08:17:53.454341Z,2016,8,2,65.756500,22.224500,-35.0,0,10.6,1,mainland,inland_water__mainland,1,0,0,0,0,0,0
2016-08-02T08:18:44.910849Z,2016,8,2,65.762800,22.100600,8.0,0,10.6,1,mainland,inland_water__mainland,1,0,0,0,0,0,0
2016-08-02T08:18:45.290108Z,2016,8,2,65.898100,22.278300,-7.0,0,12.8,1,mainland,inland_water__mainland,1,0,0,0,0,0,0
2016-08-02T08:19:25.197570Z,2016,8,2,65.840900,22.401200,-7.0,0,9.4,1,sea,islands__sea,1,1,1,1,0,0,0
2016-08-02T08:19:39.396857Z,2016,8,2,65.882700,22.264200,-12.0,0,4.6,1,mainland,,0,0,0,0,0,0,0
2016-08-02T08:19:39.456694Z,2016,8,2,65.884400,22.253400,8.0,0,3.2,1,mainland,inland_water__mainland,1,0,0,0,0,0,0
2016-08-02T08:21:29.591670Z,2016,8,2,65.885400,22.241800,6.0,0,2.4,1,mainland,inland_water__mainland,1,0,0,0,0,0,0
2016-08-02T08:21:29.592801Z,2016,8,2,65.878600,22.256400,7.0,0,5.6,1,mainland,inland_water__mainland,1,0,0,0,0,0,0
2016-08-02T08:21:29.652883Z,2016,8,2,65.833500,22.232400,6.0,0,3.8,1,mainland,,0,0,0,0,0,0,0
2016-08-02T08:21:29.736799Z,2016,8,2,65.915200,22.530200,-5.0,0,3.8,1,mainland,,0,0,0,0,0,0,1
2016-08-02T08:22:04.886435Z,2016,8,2,65.747500,22.237200,-4.0,0,4.2,1,mainland,inland_water__mainland,1,0,0,0,0,0,0
2016-08-02T08:22:56.962409Z,2016,8,2,65.869600,22.335800,-10.0,0,16.4,1,mainland,mainland__sea,1,0,1,1,0,0,0
2016-08-02T08:22:57.271209Z,2016,8,2,65.852300,22.216500,-13.0,0,3.6,1,mainland,,0,0,0,0,0,0,0
2016-08-02T08:22:57.277343Z,2016,8,2,65.815000,22.187100,-5.0,0,4.2,1,mainland,inland_water__mainland,1,0,0,0,0,0,0
2016-08-02T08:24:24.947137Z,2016,8,2,65.864200,22.348800,-66.0,0,23.4,1,sea,islands__sea,1,1,1,1,0,0,0
2016-08-02T08:24:24.969472Z,2016,8,2,65.856100,22.406500,-13.0,0,5.8,1,sea,islands__sea,1,1,1,1,0,0,0
2016-08-02T08:24:24.980905Z,2016,8,2,65.872700,22.365800,-6.0,0,6.2,1,mainland,inland_water__mainland,1,0,1,1,0,0,0
2016-08-02T08:24:25.159324Z,2016,8,2,65.867200,22.285200,9.0,0,13.8,1,inland_water,inland_water__mainland,1,0,0,0,0,0,0
2016-08-02T08:24:25.161377Z,2016,8,2,65.823300,22.302800,7.0,0,7.2,1,mainland,,0,0,0,0,0,0,0
2016-08-02T08:24:25.330750Z,2016,8,2,65.864400,22.278600,-6.0,0,7.0,1,inland_water,inland_water__mainland,1,0,0,0,0,0,0
2016-08-02T08:25:24.137423Z,2016,8,2,65.863200,22.311600,-74.0,0,29.4,1,mainland,,0,0,0,0,0,0,0
2016-08-02T08:25:24.146996Z,2016,8,2,65.846000,22.158100,-11.0,0,21.8,1,mainland,inland_water__mainland,1,0,0,0,0,0,0
2016-08-02T08:25:24.154513Z,2016,8,2,65.880200,22.222900,-23.0,0,10.2,1,inland_water,inland_water__mainland,1,0,0,0,0,0,0
2016-08-02T08:26:06.805490Z,2016,8,2,65.972600,22.514400,15.0,0,8.4,1,mainland,,1,0,0,0,1,1,1
2016-08-02T08:26:17.029063Z,2016,8,2,65.880300,22.381700,-28.0,0,6.4,1,mainland,,0,0,0,1,0,0,0
2016-08-02T08:26:17.400295Z,2016,8,2,65.879300,22.376300,-8.0,0,4.0,1,mainland,inland_water__mainland,1,0,0,1,0,0,0
2016-08-02T08:26:17.540700Z,2016,8,2,65.852800,22.207300,-7.0,0,5.0,1,mainland,,0,0,0,0,0,0,0
2016-08-02T08:27:46.530394Z,2016,8,2,65.892200,22.230100,-8.0,0,4.6,1,mainland,,0,0,0,0,0,0,0
2016-08-02T08:27:46.534545Z,2016,8,2,65.896500,22.243300,-37.0,0,8.8,1,mainland,,0,0,0,0,0,0,0
2016-08-02T08:27:46.863879Z,2016,8,2,65.890400,22.286800,-7.0,0,5.4,1,mainland,,0,0,0,0,0,0,0
2016-08-02T08:28:21.973610Z,2016,8,2,66.078000,22.378200,19.0,0,16.0,1,mainland,,0,0,0,0,0,0,0
2016-08-02T08:28:21.973634Z,2016,8,2,65.980000,22.219700,12.0,0,11.4,1,mainland,inland_water__mainland,1,0,0,0,0,0,0
2016-08-02T08:28:22.055552Z,2016,8,2,65.984500,22.344600,-17.0,0,13.8,1,mainland,inland_water__mainland,1,0,0,0,0,0,0
2016-08-02T08:28:55.068814Z,2016,8,2,65.944900,22.156700,-85.0,0,28.6,1,mainland,inland_water__mainland,1,0,0,0,0,0,0
2016-08-02T08:28:55.068822Z,2016,8,2,65.896300,22.308500,-83.0,0,25.0,1,mainland,,0,0,0,0,0,0,0
2016-08-02T08:28:55.094288Z,2016,8,2,65.898400,22.249800,-22.0,0,6.6,1,mainland,,0,0,0,0,0,0,0
2016-08-02T08:30:19.733937Z,2016,8,2,65.878300,22.255200,-94.0,0,15.0,1,mainland,inland_water__mainland,1,0,0,0,0,0,0
2016-08-02T08:30:19.749723Z,2016,8,2,65.875400,22.233500,-39.0,0,7.4,1,mainland,inland_water__mainland,1,0,0,0,0,0,0
2016-08-02T08:30:20.229624Z,2016,8,2,65.813400,22.035400,-55.0,0,24.4,1,mainland,,0,0,0,0,0,0,0
2016-08-02T08:30:20.807283Z,2016,8,2,65.988300,22.222600,7.0,0,8.8,1,mainland,inland_water__mainland,1,0,0,0,0,0,0
2016-08-02T08:30:20.808990Z,2016,8,2,65.993700,22.226900,12.0,0,9.0,1,mainland,inland_water__mainland,1,0,0,0,0,0,0
2016-08-02T08:30:20.810568Z,2016,8,2,65.995700,22.170100,14.0,0,24.8,1,mainland,inland_water__mainland,1,0,0,0,0,0,0
2016-08-02T08:33:06.722800Z,2016,8,2,65.895000,22.216000,-70.0,0,7.8,1,mainland,inland_water__mainland,1,0,0,0,0,0,0
2016-08-02T08:33:06.741054Z,2016,8,2,65.905200,22.208100,-13.0,0,5.4,1,mainland,inland_water__mainland,1,0,0,0,0,0,0
2016-08-02T08:33:06.746410Z,2016,8,2,65.893100,22.215900,-5.0,0,20.0,1,mainland,inland_water__mainland,1,0,0,0,0,0,0
2016-08-02T08:33:06.751767Z,2016,8,2,65.897800,22.195000,-18.0,0,6.2,1,inland_water,inland_water__mainland,1,0,0,0,0,0,0
2016-08-02T08:33:07.167236Z,2016,8,2,65.843900,22.191800,9.0,0,12.6,1,mainland,inland_water__mainland,1,0,0,0,0,0,0
2016-08-02T08:33:07.167923Z,2016,8,2,65.846600,22.210400,7.0,0,11.2,1,mainland,,0,0,0,0,0,0,0
2016-08-02T08:33:07.326629Z,2016,8,2,65.936300,22.465600,-15.0,0,6.6,1,inland_water,inland_water__mainland,1,0,0,0,0,0,0
2016-08-02T08:33:07.514076Z,2016,8,2,65.796800,22.253700,10.0,0,3.6,1,mainland,,0,0,0,0,0,0,0
2016-08-02T08:34:29.003748Z,2016,8,2,65.895500,22.254600,-21.0,0,14.4,1,mainland,,0,0,0,0,0,0,0
2016-08-02T08:36:02.952154Z,2016,8,2,65.902100,22.223600,-60.0,0,15.0,1,mainland,inland_water__mainland,1,0,0,0,0,0,0
2016-08-02T08:36:02.963691Z,2016,8,2,65.896200,22.208400,-8.0,0,4.0,1,mainland,inland_water__mainland,1,0,0,0,0,0,0
2016-08-02T08:37:25.947232Z,2016,8,2,65.907400,22.468800,-42.0,0,16.2,1,mainland,inland_water__mainland,1,0,0,0,0,0,0
2016-08-02T08:37:25.949910Z,2016,8,2,65.835000,22.088400,-26.0,0,9.2,1,mainland,,0,0,0,0,0,0,0
2016-08-02T08:37:25.949911Z,2016,8,2,65.793900,22.109900,-20.0,0,8.6,1,mainland,,0,0,0,0,0,0,0
2016-08-02T08:37:25.973008Z,2016,8,2,65.836700,22.136400,-8.0,0,30.2,1,mainland,,0,0,0,0,0,0,0
2016-08-02T08:37:25.973428Z,2016,8,2,65.817900,22.108900,-25.0,0,29.8,1,mainland,,0,0,0,0,0,0,0
2016-08-02T08:37:25.984255Z,2016,8,2,65.906900,22.462800,-28.0,0,12.2,1,inland_water,inland_water__mainland,1,0,0,0,0,0,0
2016-08-02T08:37:26.003480Z,2016,8,2,65.817500,22.105600,-22.0,0,6.4,1,mainland,,0,0,0,0,0,0,0
2016-08-02T08:37:26.068303Z,2016,8,2,65.816400,22.107100,-10.0,0,6.0,1,mainland,,0,0,0,0,0,0,0
2016-08-02T08:37:26.123391Z,2016,8,2,65.818100,22.104500,-18.0,0,7.0,1,mainland,,0,0,0,0,0,0,0
2016-08-02T08:37:26.160156Z,2016,8,2,65.817400,22.103700,-8.0,0,4.8,1,mainland,,0,0,0,0,0,0,0
2016-08-02T08:37:26.213650Z,2016,8,2,65.904800,22.465700,-7.0,0,3.8,1,inland_water,inland_water__mainland,1,0,0,0,0,0,0
2016-08-02T08:39:38.831375Z,2016,8,2,65.987200,22.233500,8.0,0,12.2,1,mainland,inland_water__mainland,1,0,0,0,0,0,0
2016-08-02T08:41:35.365167Z,2016,8,2,66.013400,22.128200,-71.0,0,8.6,1,mainland,,0,0,0,0,0,0,0
2016-08-02T08:41:35.374582Z,2016,8,2,66.020100,22.212000,-9.0,0,11.2,1,mainland,inland_water__mainland,1,0,0,0,0,0,0
2016-08-02T08:41:35.385938Z,2016,8,2,66.023300,22.202000,-8.0,0,7.0,1,mainland,,0,0,0,0,0,0,0
2016-08-02T08:41:35.480269Z,2016,8,2,65.920800,22.185300,8.0,0,6.6,1,mainland,inland_water__mainland,1,0,0,0,0,0,0
2016-08-02T08:41:35.485156Z,2016,8,2,65.911700,22.547200,5.0,0,21.8,1,mainland,,1,0,0,0,0,1,1
2016-08-02T08:42:22.893063Z,2016,8,2,66.023200,22.213400,-7.0,0,8.8,1,mainland,inland_water__mainland,1,0,0,0,0,0,0
2016-08-02T08:42:22.932842Z,2016,8,2,66.038300,22.234500,-6.0,0,5.6,1,mainland,,0,0,0,0,0,0,0
2016-08-02T08:43:07.984429Z,2016,8,2,65.770300,22.530700,16.0,0,6.8,1,sea,islands__sea,1,0,1,1,0,0,0
2016-08-02T08:44:32.775845Z,2016,8,2,65.767200,22.524600,-9.0,0,3.2,1,sea,islands__sea,1,0,1,1,0,0,0
2016-08-02T08:47:23.797299Z,2016,8,2,66.069600,22.265900,7.0,0,7.6,1,mainland,inland_water__mainland,1,0,0,0,0,0,0
2016-08-02T08:47:23.799672Z,2016,8,2,66.077600,22.300300,11.0,0,16.2,1,mainland,,0,0,0,0,0,0,0
2016-08-02T08:49:01.707937Z,2016,8,2,66.076000,22.235800,9.0,0,10.2,1,mainland,,0,0,0,0,0,0,0
2016-08-02T08:49:01.709913Z,2016,8,2,66.044800,22.211800,-17.0,0,16.8,1,mainland,,0,0,0,0,0,0,0
2016-08-02T08:49:35.430143Z,2016,8,2,65.778700,22.555400,-63.0,0,18.2,1,islands,islands__sea,1,1,1,1,0,0,0
2016-08-02T08:50:12.443782Z,2016,8,2,66.078100,22.236400,24.0,0,23.4,1,mainland,inland_water__mainland,1,0,0,0,0,0,0
2016-08-02T08:50:13.080375Z,2016,8,2,65.920700,22.258100,-48.0,0,12.6,1,inland_water,inland_water__mainland,1,0,0,0,0,0,0
2016-08-02T08:50:13.096120Z,2016,8,2,65.919300,22.257800,-7.0,0,6.4,1,mainland,inland_water__mainland,1,0,0,0,0,0,0
2016-08-02T08:52:16.262620Z,2016,8,2,66.092700,22.237900,-17.0,0,9.6,1,mainland,inland_water__mainland,1,0,0,0,0,0,0
2016-08-02T08:52:16.263281Z,2016,8,2,66.040300,22.057000,-19.0,0,14.6,1,mainland,,0,0,0,0,0,0,0
2016-08-02T08:53:45.513777Z,2016,8,2,66.075300,22.171600,-7.0,0,4.0,1,mainland,inland_water__mainland,1,0,0,0,0,0,0
2016-08-02T08:55:00.473825Z,2016,8,2,66.092100,22.254600,9.0,0,30.2,1,mainland,inland_water__mainland,1,0,0,0,0,0,0
2016-08-02T08:55:00.474429Z,2016,8,2,66.091300,22.257900,14.0,0,7.2,1,mainland,inland_water__mainland,1,0,0,0,0,0,0
2016-08-02T08:55:51.862656Z,2016,8,2,66.098600,22.236300,14.0,0,9.8,1,mainland,inland_water__mainland,1,0,0,0,0,0,0
2016-08-02T08:55:51.863150Z,2016,8,2,66.112400,22.226600,25.0,0,28.2,1,mainland,inland_water__mainland,1,0,0,0,0,0,0
2016-08-02T08:56:32.288723Z,2016,8,2,66.089500,22.208800,7.0,0,29.4,1,mainland,inland_water__mainland,1,0,0,0,0,0,0
2016-08-02T08:57:54.646031Z,2016,8,2,66.098600,22.246000,8.0,0,8.2,1,mainland,inland_water__mainland,1,0,0,0,0,0,0
2016-08-02T09:00:29.863468Z,2016,8,2,65.878300,22.541900,-94.0,0,12.2,1,mainland,inland_water__mainland,1,0,0,0,0,0,0
2016-08-02T09:00:29.873395Z,2016,8,2,65.883200,22.553200,-15.0,0,30.2,1,mainland,,0,0,0,0,0,0,1
2016-08-02T09:00:29.876113Z,2016,8,2,65.881800,22.482300,-23.0,0,21.4,1,mainland,,0,0,0,0,0,0,0
2016-08-02T09:00:29.915938Z,2016,8,2,66.012200,22.422500,7.0,0,16.6,1,mainland,inland_water__mainland,1,0,0,0,0,0,0
2016-08-02T09:00:29.981433Z,2016,8,2,65.876300,22.525200,7.0,0,3.8,1,mainland,inland_water__mainland,1,0,0,0,0,0,0
2016-08-02T09:00:30.753197Z,2016,8,2,66.108100,22.222600,-38.0,0,9.0,1,mainland,inland_water__mainland,1,0,0,0,0,0,0
2016-08-02T09:00:30.753913Z,2016,8,2,66.107200,22.241500,-107.0,0,30.2,1,mainland,inland_water__mainland,1,0,0,0,0,0,0
2016-08-02T09:04:02.885380Z,2016,8,2,66.106100,22.194500,-76.0,0,19.8,1,mainland,,0,0,0,0,0,0,0
2016-08-02T09:04:02.905481Z,2016,8,2,66.111200,22.217300,-11.0,0,6.4,1,mainland,inland_water__mainland,1,0,0,0,0,0,0
2016-08-02T09:09:35.327723Z,2016,8,2,65.920800,22.518300,-5.0,0,5.8,1,mainland,inland_water__mainland,1,0,0,0,0,0,0
2016-08-02T09:09:35.693934Z,2016,8,2,66.010300,22.017600,-6.0,0,2.8,1,mainland,,0,0,0,0,0,0,0
2016-08-02T09:19:12.616072Z,2016,8,2,65.677700,22.824300,5.0,0,8.2,1,sea,,0,0,0,1,0,0,1
2016-08-02T09:30:17.112424Z,2016,8,2,65.610000,21.844100,5.0,0,5.0,1,mainland,inland_water__mainland,1,0,0,0,0,0,0
2016-08-02T09:36:25.993438Z,2016,8,2,66.011200,22.385300,38.0,0,10.6,1,mainland,,0,0,0,0,0,0,0
2016-08-03T04:57:14.251696Z,2016,8,3,65.306600,22.914100,-92.0,0,15.0,1,sea,,0,0,0,0,0,0,0
2016-08-03T04:57:14.277204Z,2016,8,3,65.301200,22.936100,-7.0,0,2.2,1,sea,,0,0,0,0,0,0,0
2016-08-03T04:57:14.286418Z,2016,8,3,65.300800,22.965400,-11.0,0,3.6,1,sea,,0,0,0,0,0,0,0
2016-08-03T04:57:14.295444Z,2016,8,3,65.310100,22.964500,-10.0,0,4.2,1,sea,,0,0,0,0,0,0,0
2016-08-03T05:18:05.073638Z,2016,8,3,65.367800,22.848900,-14.0,0,7.6,1,sea,,0,0,0,0,0,0,0
2016-08-03T05:21:32.704159Z,2016,8,3,65.393700,22.875400,25.0,0,17.2,1,sea,,0,0,0,0,0,0,0
2016-08-03T05:21:32.704475Z,2016,8,3,65.396000,22.830800,11.0,0,15.8,1,sea,,0,0,0,0,0,0,0
2016-08-03T05:21:32.721740Z,2016,8,3,65.394600,22.878100,6.0,0,5.0,1,sea,,0,0,0,0,0,0,0
2016-08-03T05:22:19.091928Z,2016,8,3,65.402600,22.821000,7.0,0,11.8,1,sea,,0,0,0,0,0,0,0
2016-08-03T05:22:48.818800Z,2016,8,3,65.391000,22.867900,8.0,0,21.2,1,sea,,0,0,0,0,0,0,0
2016-08-03T05:22:48.820376Z,2016,8,3,65.394700,22.879000,12.0,0,3.2,1,sea,,0,0,0,0,0,0,0
2016-08-03T05:24:47.867894Z,2016,8,3,65.406500,22.901500,7.0,0,3.4,1,sea,,0,0,0,0,0,0,0
2016-08-03T05:24:47.868508Z,2016,8,3,65.404900,22.859200,10.0,0,6.4,1,sea,,0,0,0,0,0,0,0
2016-08-03T05:24:47.869998Z,2016,8,3,65.380000,22.833400,-13.0,0,11.2,1,sea,,0,0,0,0,0,0,0
2016-08-03T05:24:47.882910Z,2016,8,3,65.394500,22.956200,11.0,0,30.2,1,sea,,0,0,0,0,0,0,0
2016-08-03T05:24:47.888090Z,2016,8,3,65.397900,22.886000,5.0,0,8.4,1,sea,,0,0,0,0,0,0,0
2016-08-03T05:25:44.158953Z,2016,8,3,65.409700,22.894800,11.0,0,26.6,1,sea,,0,0,0,0,0,0,0
2016-08-03T05:26:49.412346Z,2016,8,3,65.402800,22.933600,14.0,0,7.4,1,sea,,0,0,0,0,0,0,0
2016-08-03T05:28:11.634828Z,2016,8,3,65.402800,22.878100,12.0,0,18.8,1,sea,,0,0,0,0,0,0,0
2016-08-03T05:28:11.636114Z,2016,8,3,65.407500,22.896900,12.0,0,24.8,1,sea,,0,0,0,0,0,0,0
2016-08-03T05:28:11.638347Z,2016,8,3,65.411700,22.913300,35.0,0,20.6,1,sea,,0,0,0,0,0,0,0
2016-08-03T05:28:11.808131Z,2016,8,3,65.339000,22.856800,-22.0,0,6.8,1,sea,,0,0,0,0,0,0,0
2016-08-03T05:30:01.368425Z,2016,8,3,65.422900,22.931300,-132.0,0,18.4,1,sea,,0,0,0,0,0,0,0
2016-08-03T05:30:01.401834Z,2016,8,3,65.423300,22.968700,-31.0,0,3.8,1,sea,,0,0,0,0,0,0,0
2016-08-03T05:30:01.405038Z,2016,8,3,65.406600,22.930000,-19.0,0,21.4,1,sea,,0,0,0,0,0,0,0
2016-08-03T05:30:01.420006Z,2016,8,3,65.409800,22.927300,-16.0,0,2.6,1,sea,,0,0,0,0,0,0,0
2016-08-03T05:32:36.169103Z,2016,8,3,65.423400,22.860300,-18.0,0,22.2,1,sea,,0,0,0,0,0,0,0
2016-08-03T05:35:30.066303Z,2016,8,3,65.438100,23.020000,5.0,0,6.8,1,sea,,1,0,0,0,0,1,1
2016-08-03T05:37:15.412051Z,2016,8,3,65.471500,22.988500,9.0,0,7.0,1,sea,,0,0,0,0,0,0,1
2016-08-03T05:37:15.485302Z,2016,8,3,65.440200,22.961800,7.0,0,7.8,1,sea,,0,0,0,0,0,0,0
2016-08-03T05:39:30.146164Z,2016,8,3,65.431500,23.013800,13.0,0,9.8,1,sea,,0,0,0,0,0,0,1
2016-08-03T05:39:30.385320Z,2016,8,3,65.425900,22.869900,-21.0,0,6.6,1,sea,,0,0,0,0,0,0,0
2016-08-03T05:41:38.103843Z,2016,8,3,65.431700,22.877500,-18.0,0,24.8,1,sea,,0,0,0,0,0,0,0
2016-08-03T05:41:38.115898Z,2016,8,3,65.328900,23.020400,4.0,0,6.2,1,sea,,0,0,0,0,0,0,0
2016-08-03T05:43:51.196211Z,2016,8,3,65.462900,22.925600,14.0,0,6.4,1,sea,,0,0,0,0,0,0,0
2016-08-03T05:43:51.199559Z,2016,8,3,65.466100,22.919200,20.0,0,11.2,1,sea,,0,0,0,0,0,0,0
2016-08-03T05:43:51.240794Z,2016,8,3,65.454100,22.879100,-37.0,0,14.6,1,sea,,0,0,0,0,0,0,0
2016-08-03T06:07:25.989581Z,2016,8,3,65.293300,22.549300,8.0,0,5.8,1,sea,,0,0,0,0,0,0,0
2016-08-03T06:07:26.071818Z,2016,8,3,65.272300,22.523900,-15.0,0,4.6,1,sea,,0,0,0,0,0,0,0
2016-08-03T06:11:14.150397Z,2016,8,3,65.437000,22.953500,22.0,0,5.4,1,sea,,0,0,0,0,0,0,0
2016-08-03T06:11:14.162147Z,2016,8,3,65.529100,22.938300,-11.0,0,18.8,1,sea,,0,0,0,0,0,0,1
2016-08-03T06:17:40.699780Z,2016,8,3,65.760100,22.617900,12.0,0,24.6,1,sea,,1,0,0,0,0,1,1
2016-08-03T06:20:40.236096Z,2016,8,3,65.612000,22.765600,-5.0,0,8.6,1,sea,,0,0,0,0,0,0,0
2016-08-03T06:20:40.371678Z,2016,8,3,65.728900,22.606900,-9.0,0,3.4,1,sea,islands__sea,1,1,1,1,0,0,0
2016-08-03T06:21:47.808563Z,2016,8,3,65.776300,22.655400,-9.0,0,5.2,1,sea,,1,0,0,1,1,1,1
2016-08-03T06:30:04.009810Z,2016,8,3,65.465200,22.435500,5.0,0,2.6,1,sea,,0,0,0,0,0,0,0
2016-08-03T06:30:04.094216Z,2016,8,3,65.443100,22.385700,-12.0,0,4.4,1,islands,,0,0,0,1,0,0,0
2016-08-03T06:31:30.651999Z,2016,8,3,65.466900,22.450500,13.0,0,8.6,1,sea,,0,0,0,0,0,0,0
2016-08-03T06:31:30.652624Z,2016,8,3,65.469700,22.460000,13.0,0,7.8,1,sea,,0,0,0,0,0,0,0
2016-08-03T06:33:26.100593Z,2016,8,3,65.238700,22.418100,11.0,0,13.4,1,sea,,0,0,0,0,0,0,0
2016-08-03T06:33:26.102052Z,2016,8,3,65.369300,22.594300,-11.0,0,17.8,1,sea,,0,0,0,0,0,0,0
2016-08-03T06:33:26.244133Z,2016,8,3,65.423500,22.436100,-20.0,0,7.6,1,sea,,0,0,0,1,0,0,0
2016-08-03T06:35:21.813704Z,2016,8,3,65.475100,22.464000,-91.0,0,18.8,1,sea,,0,0,0,0,0,0,0
2016-08-03T06:35:21.859461Z,2016,8,3,65.480600,22.475300,-14.0,0,19.0,1,sea,,0,0,0,1,0,0,0
2016-08-03T06:35:21.864738Z,2016,8,3,65.472200,22.474500,-24.0,0,7.6,1,sea,,0,0,0,0,0,0,0
2016-08-03T06:35:21.882336Z,2016,8,3,65.462500,22.488500,-8.0,0,3.2,1,sea,,0,0,0,0,0,0,0
2016-08-03T06:37:19.889405Z,2016,8,3,65.497200,22.478400,10.0,0,17.4,1,sea,islands__sea,1,1,1,1,0,0,0
2016-08-03T06:37:19.889838Z,2016,8,3,65.491500,22.447300,16.0,0,16.2,1,sea,,0,0,0,1,0,0,0
2016-08-03T06:37:19.890419Z,2016,8,3,65.488100,22.481000,13.0,0,10.2,1,sea,,0,0,0,1,0,0,0
2016-08-03T06:37:20.010834Z,2016,8,3,65.421900,22.577600,-14.0,0,5.8,1,sea,,0,0,0,0,0,0,0
2016-08-03T06:38:23.510960Z,2016,8,3,65.498600,22.392700,-61.0,0,25.0,1,sea,,0,0,0,1,0,0,0
2016-08-03T06:38:23.577017Z,2016,8,3,65.524500,22.356800,-17.0,0,6.0,1,sea,islands__sea,1,1,1,1,0,0,0
2016-08-03T06:38:56.439803Z,2016,8,3,65.488800,22.462500,8.0,0,4.0,1,sea,,0,0,0,0,0,0,0
2016-08-03T06:38:56.451017Z,2016,8,3,65.489600,22.460700,5.0,0,3.4,1,sea,,0,0,0,0,0,0,0
2016-08-03T06:41:25.860107Z,2016,8,3,65.486600,22.488500,8.0,0,7.2,1,sea,islands__sea,1,0,1,1,0,0,0
2016-08-03T06:41:25.879780Z,2016,8,3,65.498500,22.461500,11.0,0,5.6,1,sea,,0,0,0,1,0,0,0
2016-08-03T06:41:25.960873Z,2016,8,3,65.441800,22.523900,-35.0,0,7.6,1,sea,,0,0,0,0,0,0,0
2016-08-03T06:44:39.786106Z,2016,8,3,65.494000,22.469100,14.0,0,5.8,1,sea,,0,0,0,1,0,0,0
2016-08-03T06:44:39.787265Z,2016,8,3,65.494300,22.475800,15.0,0,16.0,1,sea,islands__sea,1,0,1,1,0,0,0
2016-08-03T06:44:39.798689Z,2016,8,3,65.504100,22.404300,16.0,0,8.4,1,sea,,0,0,0,0,0,0,0
2016-08-03T06:44:39.852621Z,2016,8,3,65.437500,22.325100,-22.0,0,9.6,1,islands,islands__sea,1,1,1,1,0,0,0
2016-08-03T06:48:15.634965Z,2016,8,3,65.527200,22.441800,8.0,0,16.6,1,sea,,0,0,0,0,0,0,0
2016-08-03T06:48:15.694961Z,2016,8,3,65.462300,22.526400,-29.0,0,8.8,1,sea,,0,0,0,0,0,0,0
2016-08-03T06:48:15.705566Z,2016,8,3,65.457200,22.334300,-9.0,0,3.2,1,sea,,0,0,0,1,0,0,0
2016-08-03T06:52:26.841500Z,2016,8,3,65.523400,22.504900,10.0,0,6.6,1,sea,,0,0,0,0,0,0,0
2016-08-03T06:52:26.841868Z,2016,8,3,65.520600,22.493800,19.0,0,18.8,1,sea,,0,0,0,0,0,0,0
2016-08-03T06:52:26.842350Z,2016,8,3,65.530700,22.530700,10.0,0,18.4,1,sea,,0,0,0,1,0,0,0
2016-08-03T06:52:26.843679Z,2016,8,3,65.522700,22.483900,14.0,0,17.0,1,sea,,0,0,0,0,0,0,0
2016-08-03T06:52:26.844687Z,2016,8,3,65.522200,22.472300,12.0,0,10.6,1,sea,,0,0,0,0,0,0,0
2016-08-03T06:52:26.850782Z,2016,8,3,65.522100,22.495400,13.0,0,5.4,1,sea,,0,0,0,0,0,0,0
2016-08-03T06:57:22.433100Z,2016,8,3,65.501600,22.461500,-16.0,0,7.6,1,sea,islands__sea,1,0,1,1,0,0,0
2016-08-03T06:57:22.486761Z,2016,8,3,65.471500,22.398600,-27.0,0,6.4,1,sea,,0,0,0,0,0,0,0
2016-08-03T07:00:44.041275Z,2016,8,3,65.508800,22.502000,4.0,0,2.4,1,sea,islands__sea,1,0,1,1,0,0,0
2016-08-03T07:00:44.066526Z,2016,8,3,65.516900,22.472200,5.0,0,6.6,1,sea,,0,0,0,1,0,0,0
2016-08-03T07:00:44.199214Z,2016,8,3,65.494700,22.406600,-14.0,0,3.2,1,sea,,0,0,0,1,0,0,0
2016-08-03T07:02:23.765343Z,2016,8,3,65.520500,22.493000,24.0,0,12.8,1,sea,,0,0,0,0,0,0,0
2016-08-03T07:04:06.622144Z,2016,8,3,65.524700,22.488900,21.0,0,9.8,1,sea,,0,0,0,0,0,0,0
2016-08-03T07:04:06.803284Z,2016,8,3,65.529800,22.380500,-14.0,0,6.4,1,sea,,0,0,0,1,0,0,0
2016-08-03T07:07:35.648045Z,2016,8,3,65.611700,22.590800,5.0,0,14.6,1,islands,islands__sea,1,0,1,1,0,0,0
2016-08-03T07:08:54.054199Z,2016,8,3,65.724800,22.521100,10.0,0,4.0,1,sea,islands__sea,1,1,1,1,0,0,0
2016-08-03T07:09:06.002557Z,2016,8,3,65.624500,22.564300,15.0,0,5.8,1,sea,,0,0,0,1,0,0,0
2016-08-03T07:09:49.163110Z,2016,8,3,65.630600,22.531800,17.0,0,12.2,1,sea,,0,0,0,1,0,0,0
2016-08-03T07:09:49.163902Z,2016,8,3,65.591900,22.515600,21.0,0,20.6,1,sea,islands__sea,1,1,1,1,0,0,0
2016-08-03T07:09:49.164457Z,2016,8,3,65.624500,22.437400,12.0,0,8.2,1,sea,islands__sea,1,0,1,1,0,0,0
2016-08-03T07:10:19.051069Z,2016,8,3,65.634300,22.550900,8.0,0,2.6,1,sea,,0,0,0,0,0,0,0
2016-08-03T07:10:19.054470Z,2016,8,3,65.631300,22.567900,10.0,0,7.6,1,sea,,0,0,0,0,0,0,0
2016-08-03T07:10:19.555590Z,2016,8,3,65.568100,22.551900,-89.0,0,20.2,1,islands,,0,0,0,1,0,0,0
2016-08-03T07:10:19.584427Z,2016,8,3,65.568800,22.553200,-22.0,0,10.8,1,islands,inland_water__islands,1,0,0,1,0,0,0
2016-08-03T07:10:19.620951Z,2016,8,3,65.569300,22.540800,-23.0,0,11.6,1,islands,inland_water__islands,1,0,1,1,0,0,0
2016-08-03T07:11:16.414730Z,2016,8,3,65.567400,22.620000,5.0,0,10.2,1,sea,islands__sea,1,1,1,1,0,0,0
2016-08-03T07:11:16.416580Z,2016,8,3,65.643800,22.572500,19.0,0,13.2,1,sea,,0,0,0,0,0,0,0
2016-08-03T07:11:16.776756Z,2016,8,3,65.588600,22.519500,-28.0,0,6.8,1,sea,islands__sea,1,0,1,1,0,0,0
2016-08-03T07:11:16.833929Z,2016,8,3,65.516600,22.597900,-4.0,0,2.2,1,islands,islands__sea,1,0,1,1,0,0,0
2016-08-03T07:12:30.799465Z,2016,8,3,65.675700,22.465800,6.0,0,3.2,1,islands,islands__sea,1,1,1,1,0,0,0
2016-08-03T07:15:10.873924Z,2016,8,3,65.649500,22.565900,-217.0,0,29.0,1,sea,,0,0,0,0,0,0,0
2016-08-03T07:18:43.072617Z,2016,8,3,65.662200,22.558000,-85.0,0,13.2,1,sea,,0,0,0,0,0,0,0
2016-08-03T07:18:43.096046Z,2016,8,3,65.671200,22.570100,-19.0,0,4.8,1,sea,,0,0,0,0,0,0,0
2016-08-03T07:18:43.117529Z,2016,8,3,65.673800,22.594600,-12.0,0,4.0,1,sea,,0,0,0,1,0,0,0
2016-08-03T07:18:43.222580Z,2016,8,3,65.711400,22.401000,4.0,0,3.6,1,islands,islands__sea,1,1,1,1,0,0,0
2016-08-03T07:20:23.900341Z,2016,8,3,65.665400,22.742600,-33.0,0,11.6,1,sea,,0,0,0,1,0,0,0
2016-08-03T07:20:23.921633Z,2016,8,3,65.642300,22.789400,-11.0,0,4.6,1,sea,,0,0,0,1,0,0,0
2016-08-03T07:20:23.943728Z,2016,8,3,65.663200,22.763900,-7.0,0,4.0,1,islands,islands__sea,1,1,1,1,0,0,0
2016-08-03T07:20:24.259709Z,2016,8,3,65.678900,22.580100,5.0,0,5.0,1,sea,,0,0,0,0,0,0,0
2016-08-03T07:20:24.266209Z,2016,8,3,65.596200,22.690500,-6.0,0,3.4,1,sea,,0,0,0,0,0,0,0
2016-08-03T07:21:59.134578Z,2016,8,3,65.696400,22.534300,-15.0,0,5.2,1,sea,,0,0,0,0,0,0,0
2016-08-03T07:21:59.453785Z,2016,8,3,65.703300,22.503800,-6.0,0,2.6,1,sea,,0,0,0,0,0,0,0
2016-08-03T07:22:10.489292Z,2016,8,3,65.689900,22.630800,-13.0,0,10.2,1,sea,islands__sea,1,0,1,1,0,0,0
2016-08-03T07:22:42.217789Z,2016,8,3,65.677800,22.738500,10.0,0,10.8,1,sea,,0,0,0,1,0,0,0
2016-08-03T07:23:47.145273Z,2016,8,3,65.686400,22.483200,11.0,0,9.2,1,sea,,0,0,0,1,0,0,0
2016-08-03T07:23:47.145890Z,2016,8,3,65.570400,22.362500,16.0,0,21.4,1,mainland,,0,0,0,1,0,0,0
2016-08-03T07:23:47.147001Z,2016,8,3,65.684500,22.471000,13.0,0,30.2,1,sea,islands__sea,1,1,1,1,0,0,0
2016-08-03T07:23:47.154595Z,2016,8,3,65.683700,22.549900,10.0,0,12.6,1,sea,islands__sea,1,0,1,1,0,0,0
2016-08-03T07:23:47.575176Z,2016,8,3,65.677000,22.608200,-55.0,0,7.4,1,sea,islands__sea,1,1,1,1,0,0,0
2016-08-03T07:23:47.583973Z,2016,8,3,65.683800,22.771800,7.0,0,6.6,1,sea,,0,0,0,0,0,0,0
2016-08-03T07:23:47.591090Z,2016,8,3,65.682400,22.775400,5.0,0,2.0,1,sea,,0,0,0,0,0,0,0
2016-08-03T07:23:47.647284Z,2016,8,3,65.680300,22.612200,-38.0,0,23.0,1,islands,islands__sea,1,1,1,1,0,0,0
2016-08-03T07:23:47.682363Z,2016,8,3,65.678000,22.609800,-9.0,0,3.8,1,sea,islands__sea,1,1,1,1,0,0,0
2016-08-03T07:24:52.678197Z,2016,8,3,65.654000,22.555200,-9.0,0,9.4,1,sea,,0,0,0,0,0,0,0
2016-08-03T07:24:52.678768Z,2016,8,3,65.665700,22.581800,22.0,0,30.2,1,sea,,0,0,0,1,0,0,0
2016-08-03T07:25:17.107456Z,2016,8,3,65.695700,22.776700,9.0,0,14.4,1,sea,,1,0,0,0,0,1,1
2016-08-03T07:25:17.125243Z,2016,8,3,65.698100,22.782600,4.0,0,5.2,1,sea,,1,0,0,0,1,1,1
2016-08-03T07:26:17.805798Z,2016,8,3,65.643500,22.490600,19.0,0,30.2,1,sea,islands__sea,1,1,1,1,0,0,0
2016-08-03T07:26:17.806743Z,2016,8,3,65.411900,22.955400,19.0,0,9.8,1,sea,,0,0,0,0,0,0,0
2016-08-03T07:26:17.811544Z,2016,8,3,65.702100,22.521000,6.0,0,3.8,1,sea,,0,0,0,0,0,0,0
2016-08-03T07:26:17.823081Z,2016,8,3,65.699500,22.515300,6.0,0,11.6,1,sea,,0,0,0,0,0,0,0
2016-08-03T07:26:17.831504Z,2016,8,3,65.707000,22.536700,5.0,0,13.2,1,sea,,0,0,0,0,0,0,0
2016-08-03T07:26:18.048964Z,2016,8,3,65.706100,22.623900,-37.0,0,10.8,1,sea,,0,0,0,0,0,0,0
2016-08-03T07:26:18.050839Z,2016,8,3,65.582100,22.833000,9.0,0,14.2,1,sea,,0,0,0,0,0,0,0
2016-08-03T07:26:18.200639Z,2016,8,3,65.709400,22.556400,-6.0,0,4.0,1,sea,,0,0,0,1,0,0,0
2016-08-03T07:26:18.332371Z,2016,8,3,65.635800,22.689100,-25.0,0,14.8,1,sea,,0,0,0,0,0,0,0
2016-08-03T07:26:18.359980Z,2016,8,3,65.631000,22.654700,-19.0,0,5.6,1,sea,islands__sea,1,0,1,1,0,0,0
2016-08-03T07:26:18.394657Z,2016,8,3,65.630700,22.653000,-20.0,0,5.4,1,sea,islands__sea,1,1,1,1,0,0,0
2016-08-03T07:27:14.892631Z,2016,8,3,65.669600,22.600200,29.0,0,19.6,1,sea,islands__sea,1,0,1,1,0,0,0
2016-08-03T07:27:14.892641Z,2016,8,3,65.690600,22.786600,31.0,0,20.2,1,sea,,0,0,0,1,0,0,1
2016-08-03T07:28:17.859131Z,2016,8,3,65.616600,22.630600,11.0,0,6.0,1,sea,,0,0,0,1,0,0,0
2016-08-03T07:28:17.861424Z,2016,8,3,65.713800,22.505200,21.0,0,25.2,1,sea,,0,0,0,0,0,0,0
2016-08-03T07:31:00.155688Z,2016,8,3,65.693300,22.519300,-28.0,0,7.8,1,sea,,0,0,0,0,0,0,0
2016-08-03T07:31:00.226049Z,2016,8,3,65.693000,22.526500,-8.0,0,3.0,1,sea,,0,0,0,0,0,0,0
2016-08-03T07:31:00.265745Z,2016,8,3,65.662400,22.610700,-8.0,0,3.2,1,islands,islands__sea,1,0,1,1,0,0,0
2016-08-03T07:32:00.563011Z,2016,8,3,65.720000,22.639500,13.0,0,28.6,1,sea,,0,0,0,0,0,0,1
2016-08-03T07:32:00.565848Z,2016,8,3,65.731500,22.615800,16.0,0,15.6,1,sea,,0,0,0,1,0,0,0
2016-08-03T07:33:15.734657Z,2016,8,3,65.720800,22.684200,13.0,0,13.0,1,sea,,0,0,0,1,0,0,0
2016-08-03T07:33:17.783664Z,2016,8,3,65.666000,22.735600,-60.0,0,23.6,1,sea,,0,0,0,1,0,0,0
2016-08-03T07:38:54.049927Z,2016,8,3,65.802800,22.449400,11.0,0,1.8,1,sea,islands__sea,1,0,1,1,0,0,0
2016-08-03T07:40:28.447983Z,2016,8,3,65.671300,22.382800,-37.0,0,13.2,1,sea,islands__sea,1,0,1,1,0,0,0
2016-08-03T07:42:37.346837Z,2016,8,3,65.892500,22.368700,-21.0,0,6.4,1,mainland,inland_water__mainland,1,0,0,0,0,0,0
2016-08-03T07:44:48.684689Z,2016,8,3,65.882400,22.406800,-5.0,0,3.8,1,mainland,inland_water__mainland,1,0,0,0,0,0,0
2016-08-03T07:49:56.121458Z,2016,8,3,65.694300,22.692700,-12.0,0,18.0,1,sea,,0,0,0,1,0,0,0
2016-08-03T07:49:56.514947Z,2016,8,3,65.767900,22.511900,-35.0,0,8.8,1,sea,islands__sea,1,0,1,1,0,0,0
2016-08-03T07:49:56.529127Z,2016,8,3,65.767500,22.517700,-11.0,0,3.8,1,sea,islands__sea,1,0,1,1,0,0,0
2016-08-03T07:49:56.555793Z,2016,8,3,65.767200,22.519000,-22.0,0,5.2,1,sea,islands__sea,1,0,1,1,0,0,0
2016-08-03T07:49:56.597156Z,2016,8,3,65.767800,22.512800,-9.0,0,4.0,1,sea,islands__sea,1,0,1,1,0,0,0
2016-08-03T07:49:56.639199Z,2016,8,3,65.766700,22.514900,-9.0,0,3.2,1,sea,,0,0,0,1,0,0,0
2016-08-03T07:56:55.789351Z,2016,8,3,65.750400,22.582200,-20.0,0,7.0,1,sea,,0,0,0,0,0,0,0
2016-08-03T07:59:46.382564Z,2016,8,3,65.559000,22.617900,5.0,0,2.6,1,islands,islands__sea,1,1,1,1,0,0,0
2016-08-03T07:59:46.616580Z,2016,8,3,65.439400,22.581800,-8.0,0,3.4,1,sea,,0,0,0,0,0,0,0
2016-08-03T08:04:00.740510Z,2016,8,3,65.614200,22.046200,11.0,0,4.8,1,mainland,,0,0,0,1,0,0,0
2016-08-03T08:06:35.766468Z,2016,8,3,65.639200,22.064200,15.0,0,8.2,1,mainland,inland_water__mainland,1,0,0,0,0,0,0
2016-08-03T08:06:35.768928Z,2016,8,3,65.784800,22.094400,8.0,0,12.0,1,inland_water,inland_water__mainland,1,0,0,0,0,0,0
2016-08-03T08:06:35.780591Z,2016,8,3,65.632300,22.056600,14.0,0,11.8,1,mainland,,0,0,0,0,0,0,0
2016-08-03T08:06:35.845404Z,2016,8,3,65.585700,22.114800,-13.0,0,30.2,1,sea,mainland__sea,1,0,1,1,0,0,0
2016-08-03T08:06:35.960607Z,2016,8,3,65.655600,22.100800,-6.0,0,5.0,1,mainland,inland_water__mainland,1,0,0,0,0,0,0
2016-08-03T08:06:35.963180Z,2016,8,3,65.624800,22.125000,5.0,0,10.2,1,mainland,,0,0,0,1,0,0,0
2016-08-03T08:11:53.808797Z,2016,8,3,65.635200,22.111200,-127.0,0,11.4,1,mainland,inland_water__mainland,1,0,0,0,0,0,0
2016-08-03T08:18:56.332386Z,2016,8,3,65.670600,22.168000,-12.0,0,3.8,1,mainland,,0,0,0,0,0,0,0
2016-08-03T08:18:56.378139Z,2016,8,3,65.669200,22.182000,-14.0,0,3.6,1,mainland,,0,0,0,0,0,0,0
2016-08-03T08:18:56.412797Z,2016,8,3,65.669800,22.177200,-7.0,0,5.2,1,mainland,,0,0,0,0,0,0,0
2016-08-03T08:28:42.902610Z,2016,8,3,65.628400,22.117400,11.0,0,15.8,1,mainland,,0,0,0,1,0,0,0
2016-08-03T08:28:42.903468Z,2016,8,3,65.716300,22.236800,-14.0,0,25.2,1,mainland,,0,0,0,0,0,0,0
2016-08-03T08:28:42.905284Z,2016,8,3,65.760800,22.220500,6.0,0,9.2,1,mainland,inland_water__mainland,1,0,0,0,0,0,0
2016-08-03T08:28:43.149651Z,2016,8,3,65.733600,22.184300,-36.0,0,10.2,1,mainland,inland_water__mainland,1,0,0,0,0,0,0
2016-08-03T08:28:43.166991Z,2016,8,3,65.731200,22.182700,-9.0,0,9.8,1,mainland,inland_water__mainland,1,0,0,0,0,0,0
2016-08-03T08:28:43.200745Z,2016,8,3,65.732700,22.182300,-25.0,0,5.8,1,mainland,inland_water__mainland,1,0,0,0,0,0,0
2016-08-03T08:28:43.264517Z,2016,8,3,65.733600,22.180200,-6.0,0,3.2,1,mainland,inland_water__mainland,1,0,0,0,0,0,0
2016-08-03T08:28:43.398315Z,2016,8,3,65.732600,22.178000,-6.0,0,3.6,1,mainland,,0,0,0,0,0,0,0
2016-08-03T08:28:43.424042Z,2016,8,3,65.733200,22.176200,-7.0,0,4.8,1,mainland,,0,0,0,0,0,0,0
2016-08-03T08:28:43.459615Z,2016,8,3,65.731600,22.176700,-13.0,0,6.6,1,mainland,,0,0,0,0,0,0,0
2016-08-03T08:36:50.949440Z,2016,8,3,65.642800,22.107800,8.0,0,11.4,1,mainland,,0,0,0,0,0,0,0
2016-08-03T08:36:51.123604Z,2016,8,3,65.684600,22.213000,-16.0,0,6.2,1,mainland,inland_water__mainland,1,0,0,0,0,0,0
2016-08-03T08:54:25.297538Z,2016,8,3,65.724100,22.352800,7.0,0,11.8,1,sea,,0,0,0,1,0,0,0
2016-08-03T08:55:35.805026Z,2016,8,3,65.733100,22.347400,14.0,0,21.8,1,sea,mainland__sea,1,0,1,1,0,0,0
2016-08-03T08:56:07.565188Z,2016,8,3,65.700600,22.458700,7.0,0,5.8,1,sea,,0,0,0,1,0,0,0
2016-08-03T08:56:39.342373Z,2016,8,3,65.731800,22.350000,12.0,0,5.4,1,sea,,0,0,0,1,0,0,0
2016-08-03T08:56:39.342966Z,2016,8,3,65.705000,22.356500,9.0,0,30.2,1,sea,mainland__sea,1,0,1,1,0,0,0
2016-08-03T08:58:16.497811Z,2016,8,3,65.762200,22.388100,-22.0,0,6.4,1,sea,,0,0,0,1,0,0,0
2016-08-03T08:58:54.167238Z,2016,8,3,65.764200,22.632500,12.0,0,5.2,1,sea,islands__sea,1,0,1,1,1,1,1
2016-08-03T08:58:54.168516Z,2016,8,3,65.568700,22.201300,19.0,0,15.4,1,mainland,inland_water__mainland,1,0,0,1,0,0,0
2016-08-03T08:58:54.170821Z,2016,8,3,65.745100,22.384500,7.0,0,5.2,1,sea,islands__sea,1,1,1,1,0,0,0
2016-08-03T08:59:48.326521Z,2016,8,3,65.744700,22.372700,-51.0,0,30.2,1,sea,islands__sea,1,1,1,1,0,0,0
2016-08-03T08:59:48.340610Z,2016,8,3,65.750900,22.356700,-5.0,0,5.8,1,sea,islands__sea,1,1,1,1,0,0,0
2016-08-03T09:00:32.358897Z,2016,8,3,65.742000,22.356300,-48.0,0,10.4,1,sea,mainland__sea,1,1,1,1,0,0,0
2016-08-03T09:00:32.379248Z,2016,8,3,65.752800,22.381200,-14.0,0,5.8,1,sea,,0,0,0,1,0,0,0
2016-08-03T09:00:32.392958Z,2016,8,3,65.744600,22.361400,-16.0,0,4.4,1,sea,,0,0,0,1,0,0,0
2016-08-03T09:01:50.100584Z,2016,8,3,65.754400,22.366500,-99.0,0,26.4,1,sea,,0,0,0,1,0,0,0
2016-08-03T09:03:52.457377Z,2016,8,3,65.753100,22.391000,-140.0,0,17.6,1,sea,,0,0,0,1,0,0,0
2016-08-03T09:03:52.477460Z,2016,8,3,65.752500,22.349900,-26.0,0,27.4,1,sea,islands__sea,1,1,1,1,0,0,0
2016-08-03T09:03:52.479059Z,2016,8,3,65.750300,22.333900,-11.0,0,14.2,1,mainland,mainland__sea,1,1,1,1,0,0,0
2016-08-03T09:03:52.508699Z,2016,8,3,65.746400,22.436900,-19.0,0,10.8,1,sea,,0,0,0,0,0,0,0
2016-08-03T09:05:02.655490Z,2016,8,3,65.748800,22.384800,-125.0,0,15.2,1,sea,islands__sea,1,0,1,1,0,0,0
2016-08-03T09:05:02.667492Z,2016,8,3,65.761900,22.310200,-12.0,0,18.8,1,mainland,,0,0,0,1,0,0,0
2016-08-03T09:05:02.677008Z,2016,8,3,65.759900,22.377900,-6.0,0,11.8,1,sea,,0,0,0,1,0,0,0
2016-08-03T09:06:31.709699Z,2016,8,3,65.753200,22.363600,-115.0,0,22.4,1,sea,,0,0,0,1,0,0,0
2016-08-03T09:06:31.718968Z,2016,8,3,65.748400,22.355800,-9.0,0,14.6,1,sea,islands__sea,1,1,1,1,0,0,0
2016-08-03T09:06:31.719305Z,2016,8,3,65.762400,22.424800,-11.0,0,14.4,1,sea,,0,0,0,0,0,0,0
2016-08-03T09:06:31.720287Z,2016,8,3,65.746900,22.319600,-17.0,0,25.4,1,mainland,,0,0,0,1,0,0,0
2016-08-03T09:06:31.723649Z,2016,8,3,65.756900,22.362000,-17.0,0,7.0,1,sea,islands__sea,1,0,1,1,0,0,0
2016-08-03T09:07:34.720320Z,2016,8,3,65.750300,22.414800,-67.0,0,17.0,1,sea,,0,0,0,0,0,0,0
2016-08-03T09:07:34.731476Z,2016,8,3,65.739300,22.429000,-8.0,0,5.8,1,sea,,0,0,0,0,0,0,0
2016-08-03T09:07:34.739047Z,2016,8,3,65.699800,22.395500,12.0,0,30.2,1,sea,islands__sea,1,1,1,1,0,0,0
2016-08-03T09:07:34.759711Z,2016,8,3,65.773500,22.424700,-14.0,0,4.6,1,sea,,0,0,0,0,0,0,0
2016-08-03T09:09:20.574229Z,2016,8,3,65.638700,22.285000,22.0,0,8.2,1,mainland,mainland__sea,1,0,1,1,0,0,0
2016-08-03T09:09:20.575130Z,2016,8,3,65.765300,22.416800,-94.0,0,13.8,1,sea,,0,0,0,0,0,0,0
2016-08-03T09:09:20.589138Z,2016,8,3,65.772500,22.394900,-33.0,0,23.6,1,sea,islands__sea,1,1,1,1,0,0,0
2016-08-03T09:09:20.593797Z,2016,8,3,65.775100,22.338200,-16.0,0,30.2,1,sea,,0,0,0,1,0,0,0
2016-08-03T09:09:20.600271Z,2016,8,3,65.744300,22.326700,-9.0,0,23.2,1,mainland,inland_water__mainland,1,0,1,1,0,0,0
2016-08-03T09:10:25.677336Z,2016,8,3,65.757000,22.435000,-19.0,0,12.8,1,sea,,0,0,0,0,0,0,0
2016-08-03T09:17:58.420082Z,2016,8,3,65.772600,22.476400,6.0,0,6.2,1,sea,islands__sea,1,1,1,1,0,0,0
2016-08-03T09:17:58.426156Z,2016,8,3,65.739600,22.481900,-25.0,0,15.4,1,sea,,0,0,0,0,0,0,0
2016-08-03T09:19:20.308269Z,2016,8,3,65.762400,22.474400,5.0,0,3.0,1,sea,islands__sea,1,0,1,1,0,0,0
2016-08-03T09:19:20.316482Z,2016,8,3,65.764200,22.467600,7.0,0,6.0,1,sea,islands__sea,1,0,1,1,0,0,0
2016-08-03T09:19:20.605297Z,2016,8,3,65.744100,22.590900,-13.0,0,9.2,1,sea,,0,0,0,0,0,0,1
2016-08-03T09:19:20.663283Z,2016,8,3,65.720400,22.652600,-4.0,0,3.0,1,sea,,0,0,0,0,0,0,1
2016-08-03T09:20:40.985907Z,2016,8,3,65.824100,22.359600,-7.0,0,5.0,1,sea,mainland__sea,1,1,1,1,0,0,0
2016-08-03T09:51:36.272471Z,2016,8,3,66.181600,22.214600,-10.0,0,6.8,1,mainland,,0,0,0,0,0,0,0
2016-08-03T10:00:15.050028Z,2016,8,3,65.655200,22.184900,8.0,0,7.0,1,mainland,,0,0,0,0,0,0,0
2016-08-03T10:00:15.059166Z,2016,8,3,65.666600,22.194300,5.0,0,29.4,1,mainland,,0,0,0,0,0,0,0
2016-08-03T10:01:53.716843Z,2016,8,3,65.718200,22.262100,-45.0,0,10.8,1,inland_water,inland_water__mainland,1,0,0,0,0,0,0
2016-08-03T10:01:53.737463Z,2016,8,3,65.717300,22.268300,-15.0,0,4.6,1,other,,0,0,0,0,0,0,0
2016-08-03T10:01:53.799984Z,2016,8,3,65.719000,22.263700,-5.0,0,3.2,1,inland_water,inland_water__mainland,1,0,0,0,0,0,0
2016-08-03T10:01:53.844113Z,2016,8,3,65.716100,22.268100,-8.0,0,3.4,1,inland_water,inland_water__mainland,1,0,0,0,0,0,0
2016-08-03T10:34:46.967289Z,2016,8,3,65.610900,21.458200,-106.0,0,20.6,1,mainland,,0,0,0,0,0,0,1
2016-08-03T10:34:46.979162Z,2016,8,3,65.607700,21.441500,-40.0,0,26.4,1,mainland,,1,0,0,0,1,1,1
2016-08-03T10:36:51.059708Z,2016,8,3,65.665000,22.321100,-14.0,0,10.0,1,mainland,mainland__sea,1,1,1,1,0,0,0
2016-08-03T10:36:51.072309Z,2016,8,3,65.668200,22.338400,-8.0,0,3.2,1,mainland,mainland__sea,1,1,1,1,0,0,0
2016-08-03T10:39:49.390351Z,2016,8,3,65.655800,22.318500,-13.0,0,7.0,1,mainland,mainland__sea,1,1,1,1,0,0,0
2016-08-03T10:44:47.371436Z,2016,8,3,65.667400,22.302000,-30.0,0,10.8,1,islands,islands__sea,1,1,1,1,0,0,0
2016-08-03T10:47:15.113501Z,2016,8,3,65.687000,22.340500,18.0,0,13.4,1,mainland,,0,0,0,1,0,0,0
2016-08-03T10:47:15.117263Z,2016,8,3,65.662800,22.338700,5.0,0,12.2,1,mainland,mainland__sea,1,1,1,1,0,0,0
2016-08-03T10:47:15.257246Z,2016,8,3,65.666500,22.401000,-19.0,0,8.2,1,sea,islands__sea,1,1,1,1,0,0,0
2016-08-03T10:50:48.849079Z,2016,8,3,65.640300,21.587000,24.0,0,15.0,1,mainland,inland_water__mainland,1,0,0,0,0,0,0
2016-08-03T10:51:18.748659Z,2016,8,3,65.640000,21.583800,10.0,0,7.2,1,mainland,inland_water__mainland,1,0,0,0,0,0,0
2016-08-03T10:52:40.165807Z,2016,8,3,65.605800,21.621500,-56.0,0,12.8,1,mainland,,0,0,0,0,0,0,0
2016-08-03T10:54:42.465309Z,2016,8,3,65.619900,21.647300,-70.0,0,18.0,1,mainland,,0,0,0,0,0,0,0
2016-08-03T10:54:42.478882Z,2016,8,3,65.597100,21.658600,15.0,0,17.8,1,mainland,,0,0,0,0,0,0,0
2016-08-03T10:59:41.500139Z,2016,8,3,65.578800,21.726500,-34.0,0,7.2,1,mainland,inland_water__mainland,1,0,0,0,0,0,0
2016-08-03T10:59:41.500861Z,2016,8,3,65.580200,21.634500,-14.0,0,20.2,1,mainland,,0,0,0,0,0,0,0
2016-08-03T10:59:41.626238Z,2016,8,3,65.624600,21.781000,-10.0,0,4.0,1,mainland,,0,0,0,0,0,0,0
2016-08-03T11:03:50.161587Z,2016,8,3,65.594000,21.699100,-64.0,0,13.8,1,mainland,,0,0,0,0,0,0,0
2016-08-03T11:03:50.170338Z,2016,8,3,65.626600,21.601900,15.0,0,10.4,1,mainland,inland_water__mainland,1,0,0,0,0,0,0
2016-08-03T11:03:50.196421Z,2016,8,3,65.595100,21.702200,-19.0,0,8.8,1,mainland,,0,0,0,0,0,0,0
2016-08-03T11:03:50.355979Z,2016,8,3,65.622500,21.641100,9.0,0,6.8,1,mainland,,0,0,0,0,0,0,0
2016-08-03T11:03:50.429041Z,2016,8,3,65.626000,21.642800,-8.0,0,6.4,1,mainland,,0,0,0,0,0,0,0
2016-08-03T11:04:50.080653Z,2016,8,3,65.699100,22.307000,6.0,0,9.4,1,mainland,,0,0,0,1,0,0,0
2016-08-03T11:05:14.242125Z,2016,8,3,65.580700,21.671100,-10.0,0,6.0,1,mainland,inland_water__mainland,1,0,0,0,0,0,0
2016-08-03T11:09:08.421037Z,2016,8,3,65.603800,21.595600,-56.0,0,11.8,1,mainland,,0,0,0,0,0,0,0
2016-08-03T11:09:08.449436Z,2016,8,3,65.603400,21.602100,-19.0,0,8.6,1,mainland,,0,0,0,0,0,0,0
2016-08-03T11:09:08.575836Z,2016,8,3,65.605000,21.632200,-10.0,0,7.4,1,mainland,,0,0,0,0,0,0,0
2016-08-03T11:11:08.854302Z,2016,8,3,65.580900,21.657600,-12.0,0,18.8,1,mainland,,0,0,0,0,0,0,0
2016-08-03T11:13:53.082729Z,2016,8,3,65.632400,21.744500,-14.0,0,8.8,1,mainland,,0,0,0,0,0,0,0
2016-08-03T11:16:53.211042Z,2016,8,3,65.652100,21.729800,7.0,0,2.8,1,mainland,,0,0,0,0,0,0,0
2016-08-03T11:16:53.214709Z,2016,8,3,65.564400,21.795200,-12.0,0,23.2,1,mainland,,0,0,0,0,0,0,0
2016-08-03T11:16:53.498876Z,2016,8,3,65.695900,21.839800,-12.0,0,6.4,1,mainland,inland_water__mainland,1,0,0,0,0,0,0
2016-08-03T11:20:26.886226Z,2016,8,3,65.710800,21.812400,-10.0,0,6.0,1,mainland,inland_water__mainland,1,0,0,0,0,0,1
2016-08-03T11:23:51.047432Z,2016,8,3,65.697500,21.852900,9.0,0,7.8,1,mainland,,0,0,0,0,0,0,0
2016-08-03T11:26:00.983874Z,2016,8,3,65.691600,21.777100,-21.0,0,15.2,1,mainland,,1,0,0,0,1,1,1
2016-08-03T11:27:14.927142Z,2016,8,3,65.701000,21.893500,-6.0,0,4.0,1,mainland,,0,0,0,0,0,0,0
2016-08-03T11:27:38.262110Z,2016,8,3,65.698700,21.900100,7.0,0,13.6,1,mainland,,0,0,0,0,0,0,0
2016-08-03T11:29:43.524008Z,2016,8,3,65.664000,21.983300,8.0,0,5.6,1,mainland,inland_water__mainland,1,0,0,0,0,0,0
2016-08-03T11:29:43.537506Z,2016,8,3,65.710100,21.828700,19.0,0,16.2,1,mainland,inland_water__mainland,1,0,0,0,0,0,0
2016-08-03T11:30:25.494632Z,2016,8,3,65.699600,21.922300,-16.0,0,6.2,1,mainland,,0,0,0,0,0,0,0
2016-08-03T11:31:16.550730Z,2016,8,3,65.696700,21.886600,6.0,0,2.0,1,mainland,,0,0,0,0,0,0,0
2016-08-03T11:31:23.787290Z,2016,8,3,65.646000,21.890500,6.0,0,2.6,1,mainland,inland_water__mainland,1,0,0,0,0,0,0
2016-08-03T11:31:51.578560Z,2016,8,3,65.704900,21.898900,5.0,0,4.4,1,mainland,,0,0,0,0,0,0,0
2016-08-03T11:31:51.582445Z,2016,8,3,65.683200,21.904500,7.0,0,13.8,1,mainland,,0,0,0,0,0,0,0
2016-08-03T11:34:53.712651Z,2016,8,3,65.782200,22.159400,-6.0,0,7.8,1,mainland,inland_water__mainland,1,0,0,0,0,0,0
2016-08-03T11:35:08.775069Z,2016,8,3,65.761700,21.920500,-9.0,0,4.4,1,mainland,,1,0,0,0,1,1,1
2016-08-03T11:35:08.947178Z,2016,8,3,65.762600,21.925500,-19.0,0,7.0,1,mainland,,1,0,0,0,0,1,1
2016-08-03T11:35:09.004286Z,2016,8,3,65.763700,21.923700,-5.0,0,3.6,1,mainland,,1,0,0,0,0,1,1
2016-08-03T11:37:21.654167Z,2016,8,3,65.621700,21.964900,-8.0,0,5.6,1,inland_water,inland_water__mainland,1,0,0,0,0,0,0
2016-08-03T11:39:46.783312Z,2016,8,3,65.685700,22.147500,-23.0,0,9.0,1,mainland,inland_water__mainland,1,0,0,0,0,0,0
2016-08-03T11:39:46.930159Z,2016,8,3,65.845700,22.147200,-32.0,0,11.8,1,mainland,,0,0,0,0,0,0,0
2016-08-03T11:39:47.066609Z,2016,8,3,65.734600,22.002700,-8.0,0,5.2,1,mainland,inland_water__mainland,1,0,0,0,0,0,0
2016-08-03T11:41:51.390028Z,2016,8,3,65.768700,21.937300,-6.0,0,5.2,1,mainland,,0,0,0,0,0,0,0
2016-08-03T11:41:51.454868Z,2016,8,3,65.707200,22.150600,-5.0,0,6.0,1,mainland,,0,0,0,0,0,0,0
2016-08-03T11:42:10.152749Z,2016,8,3,65.687800,22.029000,6.0,0,5.4,1,mainland,inland_water__mainland,1,0,0,0,0,0,0
2016-08-03T11:42:23.838803Z,2016,8,3,65.704100,21.957300,18.0,0,15.0,1,mainland,,0,0,0,0,0,0,0
2016-08-03T11:42:38.357362Z,2016,8,3,65.698500,22.002500,8.0,0,6.6,1,mainland,inland_water__mainland,1,0,0,0,0,0,0
2016-08-03T11:43:01.432279Z,2016,8,3,65.728700,21.994700,-6.0,0,2.6,1,mainland,,0,0,0,0,0,0,0
2016-08-03T11:43:13.690113Z,2016,8,3,65.705200,22.017500,10.0,0,4.0,1,mainland,,0,0,0,0,0,0,0
2016-08-03T11:43:14.087757Z,2016,8,3,65.828900,22.185500,-6.0,0,10.6,1,mainland,inland_water__mainland,1,0,0,0,0,0,0
2016-08-03T11:43:33.123786Z,2016,8,3,65.524400,21.656600,-13.0,0,8.0,1,mainland,inland_water__mainland,1,0,0,0,0,0,1
2016-08-03T11:44:15.407380Z,2016,8,3,65.738400,22.003800,-15.0,0,11.4,1,mainland,inland_water__mainland,1,0,0,0,0,0,0
2016-08-03T11:46:08.631974Z,2016,8,3,65.707400,21.963900,6.0,0,3.8,1,mainland,inland_water__mainland,1,0,0,0,0,0,0
2016-08-03T11:46:20.027249Z,2016,8,3,65.756200,22.002000,-24.0,0,17.6,1,mainland,,0,0,0,0,0,0,0
2016-08-03T11:46:37.275395Z,2016,8,3,65.685700,22.008600,6.0,0,3.4,1,mainland,,0,0,0,0,0,0,0
2016-08-03T11:47:24.254611Z,2016,8,3,65.671800,22.037600,7.0,0,3.0,1,mainland,,0,0,0,0,0,0,0
2016-08-03T11:47:24.318190Z,2016,8,3,65.653500,22.089900,-12.0,0,5.4,1,mainland,,0,0,0,0,0,0,0
2016-08-03T11:47:24.927305Z,2016,8,3,65.804300,21.971100,-71.0,0,21.8,1,mainland,,0,0,0,0,0,0,0
2016-08-03T11:47:43.719706Z,2016,8,3,65.631200,22.064200,-19.0,0,17.4,1,mainland,inland_water__mainland,1,0,0,0,0,0,0
2016-08-03T11:48:12.625383Z,2016,8,3,65.683100,21.982000,13.0,0,30.2,1,mainland,,0,0,0,0,0,0,0
2016-08-03T11:48:12.627165Z,2016,8,3,65.686100,22.155500,4.0,0,30.2,1,mainland,inland_water__mainland,1,0,0,0,0,0,0
2016-08-03T11:48:12.634104Z,2016,8,3,65.719200,22.046600,6.0,0,4.4,1,mainland,,0,0,0,0,0,0,0
2016-08-03T11:48:13.257807Z,2016,8,3,65.782600,21.980800,7.0,0,3.6,1,mainland,,0,0,0,0,0,0,0
2016-08-03T11:48:37.499667Z,2016,8,3,65.708500,22.003100,-21.0,0,11.2,1,mainland,inland_water__mainland,1,0,0,0,0,0,0
2016-08-03T11:48:37.501512Z,2016,8,3,65.723800,22.014100,-5.0,0,11.4,1,mainland,,0,0,0,0,0,0,0
2016-08-03T11:49:10.339433Z,2016,8,3,65.668900,21.962700,-12.0,0,5.4,1,mainland,inland_water__mainland,1,0,0,0,0,0,0
2016-08-03T11:49:10.469708Z,2016,8,3,65.668400,21.955200,-9.0,0,3.2,1,mainland,,0,0,0,0,0,0,0
2016-08-03T11:49:10.574401Z,2016,8,3,65.805900,22.029000,-34.0,0,16.4,1,mainland,inland_water__mainland,1,0,0,0,0,0,0
2016-08-03T11:49:10.598301Z,2016,8,3,65.796100,22.031500,-8.0,0,5.8,1,inland_water,inland_water__mainland,1,0,0,0,0,0,0
2016-08-03T11:49:44.675735Z,2016,8,3,65.710500,22.033200,-88.0,0,22.6,1,mainland,,0,0,0,0,0,0,0
2016-08-03T11:49:44.682997Z,2016,8,3,65.719200,22.007200,-9.0,0,20.2,1,mainland,,0,0,0,0,0,0,0
2016-08-03T11:49:44.685918Z,2016,8,3,65.711600,22.014600,-10.0,0,5.8,1,mainland,,0,0,0,0,0,0,0
2016-08-03T11:49:44.686731Z,2016,8,3,65.722600,22.026500,-24.0,0,22.0,1,mainland,,0,0,0,0,0,0,0
2016-08-03T11:49:44.696532Z,2016,8,3,65.721300,22.049600,-8.0,0,19.2,1,mainland,,0,0,0,0,0,0,0
2016-08-03T11:49:44.699174Z,2016,8,3,65.724200,22.040200,-6.0,0,8.4,1,mainland,,0,0,0,0,0,0,0
2016-08-03T11:50:35.911238Z,2016,8,3,65.722100,22.065500,18.0,0,27.0,1,mainland,,0,0,0,0,0,0,0
2016-08-03T11:50:35.917678Z,2016,8,3,65.716700,22.081300,9.0,0,30.2,1,mainland,,0,0,0,0,0,0,0
2016-08-03T11:50:36.237454Z,2016,8,3,65.738800,21.953000,-22.0,0,6.6,1,mainland,,0,0,0,0,0,0,0
2016-08-03T11:50:36.238817Z,2016,8,3,65.756700,22.043500,-15.0,0,3.4,1,mainland,,0,0,0,0,0,0,0
2016-08-03T11:51:12.124449Z,2016,8,3,65.581500,21.851100,8.0,0,17.8,1,mainland,,0,0,0,0,0,0,0
2016-08-03T11:51:12.126582Z,2016,8,3,65.680200,22.218600,5.0,0,25.0,1,mainland,inland_water__mainland,1,0,0,1,0,0,0
2016-08-03T11:51:12.141438Z,2016,8,3,65.741600,22.061100,6.0,0,6.4,1,mainland,,0,0,0,0,0,0,0
2016-08-03T11:51:12.536350Z,2016,8,3,65.818600,22.004100,-64.0,0,16.2,1,mainland,inland_water__mainland,1,0,0,0,0,0,1
2016-08-03T11:51:12.585215Z,2016,8,3,65.820100,22.000600,-14.0,0,6.4,1,mainland,inland_water__mainland,1,0,0,0,0,0,1
2016-08-03T11:51:12.616940Z,2016,8,3,65.816700,21.998200,-10.0,0,3.8,1,mainland,inland_water__mainland,1,0,0,0,0,0,1
2016-08-03T11:51:12.653487Z,2016,8,3,65.816700,22.003600,-11.0,0,23.6,1,mainland,inland_water__mainland,1,0,0,0,0,0,1
2016-08-03T11:51:12.734735Z,2016,8,3,65.817700,21.999200,-17.0,0,6.4,1,mainland,inland_water__mainland,1,0,0,0,0,0,1
2016-08-03T11:51:49.825358Z,2016,8,3,65.735300,22.060500,6.0,0,18.4,1,mainland,,0,0,0,0,0,0,0
2016-08-03T11:53:45.379387Z,2016,8,3,65.744400,22.067900,11.0,0,12.6,1,mainland,,0,0,0,0,0,0,0
2016-08-03T11:53:45.391705Z,2016,8,3,65.728200,22.074200,8.0,0,11.6,1,mainland,,0,0,0,0,0,0,0
2016-08-03T11:53:45.844394Z,2016,8,3,65.753800,21.999000,-46.0,0,12.6,1,mainland,,0,0,0,0,0,0,0
2016-08-03T11:55:46.730219Z,2016,8,3,65.745400,22.073700,11.0,0,8.4,1,mainland,,0,0,0,0,0,0,0
2016-08-03T11:55:46.730719Z,2016,8,3,65.742800,22.079400,10.0,0,7.8,1,mainland,,0,0,0,0,0,0,0
2016-08-03T11:55:46.738390Z,2016,8,3,65.722600,22.106900,-18.0,0,22.2,1,mainland,,0,0,0,0,0,0,0
2016-08-03T11:55:46.937552Z,2016,8,3,65.745300,22.093000,-7.0,0,9.8,1,mainland,,0,0,0,0,0,0,0
2016-08-03T11:56:34.832613Z,2016,8,3,65.678200,22.048600,17.0,0,6.4,1,mainland,inland_water__mainland,1,0,0,0,0,0,0
2016-08-03T11:57:50.441658Z,2016,8,3,65.777900,22.095500,-14.0,0,5.2,1,inland_water,inland_water__mainland,1,0,0,0,0,0,0
2016-08-03T11:59:05.503241Z,2016,8,3,65.772100,22.097300,-6.0,0,3.0,1,inland_water,inland_water__mainland,1,0,0,0,0,0,0
2016-08-03T11:59:31.006430Z,2016,8,3,65.694000,22.000400,12.0,0,9.2,1,mainland,inland_water__mainland,1,0,0,0,0,0,0
2016-08-03T11:59:58.129863Z,2016,8,3,65.772200,22.121400,-14.0,0,6.6,1,inland_water,,0,0,0,0,0,0,0
2016-08-03T11:59:58.137307Z,2016,8,3,65.774800,22.104200,-7.0,0,2.8,1,inland_water,,0,0,0,0,0,0,0
2016-08-03T11:59:58.148880Z,2016,8,3,65.786200,22.114000,-5.0,0,6.0,1,mainland,inland_water__mainland,1,0,0,0,0,0,0
2016-08-03T12:00:19.723046Z,2016,8,3,65.940700,22.181300,9.0,0,6.0,1,mainland,,0,0,0,0,0,0,0
2016-08-03T12:00:59.091676Z,2016,8,3,65.765900,22.097800,-36.0,0,10.6,1,inland_water,inland_water__mainland,1,0,0,0,0,0,0
2016-08-03T12:00:59.110931Z,2016,8,3,65.778000,22.118200,-12.0,0,7.2,1,inland_water,,0,0,0,0,0,0,0
2016-08-03T12:00:59.333913Z,2016,8,3,65.778800,22.086400,-5.0,0,3.2,1,inland_water,inland_water__mainland,1,0,0,0,0,0,0
2016-08-03T12:00:59.389876Z,2016,8,3,65.777500,22.013800,-7.0,0,3.4,1,mainland,,0,0,0,0,0,0,0
2016-08-03T12:01:55.157297Z,2016,8,3,65.694700,22.030800,19.0,0,8.6,1,mainland,inland_water__mainland,1,0,0,0,0,0,0
2016-08-03T12:02:42.470129Z,2016,8,3,65.689000,22.045100,-17.0,0,9.4,1,mainland,inland_water__mainland,1,0,0,0,0,0,0
2016-08-03T12:02:42.476293Z,2016,8,3,65.692000,22.036000,-7.0,0,2.6,1,mainland,inland_water__mainland,1,0,0,0,0,0,0
2016-08-03T12:02:42.489108Z,2016,8,3,65.675000,22.090600,-6.0,0,2.4,1,mainland,inland_water__mainland,1,0,0,0,0,0,0
2016-08-03T12:03:32.142113Z,2016,8,3,65.708400,22.030100,13.0,0,10.2,1,mainland,,0,0,0,0,0,0,0
2016-08-03T12:04:37.026379Z,2016,8,3,65.756100,22.129000,-11.0,0,11.8,1,inland_water,inland_water__mainland,1,0,0,0,0,0,0
2016-08-03T12:04:37.028357Z,2016,8,3,65.762100,22.100000,-10.0,0,11.2,1,mainland,inland_water__mainland,1,0,0,0,0,0,0
2016-08-03T12:04:37.094127Z,2016,8,3,65.709600,22.037300,8.0,0,7.0,1,mainland,,0,0,0,0,0,0,0
2016-08-03T12:04:37.439128Z,2016,8,3,65.844700,22.073100,-35.0,0,10.2,1,mainland,,0,0,0,0,0,0,1
2016-08-03T12:05:52.204535Z,2016,8,3,65.722900,22.368800,-24.0,0,20.0,1,sea,islands__sea,1,0,1,1,0,0,0
2016-08-03T12:05:52.205563Z,2016,8,3,65.705200,22.075100,9.0,0,8.2,1,mainland,,0,0,0,0,0,0,0
2016-08-03T12:08:38.712081Z,2016,8,3,65.816500,22.114100,-17.0,0,8.2,1,mainland,,0,0,0,0,0,0,0
2016-08-03T12:08:38.741209Z,2016,8,3,65.783800,22.086300,-12.0,0,4.2,1,inland_water,inland_water__mainland,1,0,0,0,0,0,0
2016-08-03T12:08:38.763615Z,2016,8,3,65.618100,21.694500,-5.0,0,4.6,1,mainland,inland_water__mainland,1,0,0,0,0,0,0
2016-08-03T12:11:01.563760Z,2016,8,3,65.732900,22.057800,13.0,0,12.8,1,mainland,,0,0,0,0,0,0,0
2016-08-03T12:11:01.564300Z,2016,8,3,65.716400,22.080400,15.0,0,10.6,1,mainland,,0,0,0,0,0,0,0
2016-08-03T12:13:45.326833Z,2016,8,3,65.720600,22.091300,9.0,0,18.2,1,mainland,,0,0,0,0,0,0,0
2016-08-03T12:13:45.328034Z,2016,8,3,65.690300,22.066800,8.0,0,20.8,1,mainland,,0,0,0,0,0,0,0
2016-08-03T12:14:17.740472Z,2016,8,3,65.578800,21.697100,14.0,0,30.2,1,mainland,,0,0,0,0,0,0,0
2016-08-03T12:14:46.878132Z,2016,8,3,65.806000,22.094100,-7.0,0,4.6,1,mainland,inland_water__mainland,1,0,0,0,0,0,0
2016-08-03T12:20:58.340960Z,2016,8,3,65.706300,22.029600,8.0,0,3.0,1,mainland,,0,0,0,0,0,0,0
2016-08-03T12:20:58.475257Z,2016,8,3,65.692800,22.074900,14.0,0,4.8,1,mainland,inland_water__mainland,1,0,0,0,0,0,0
2016-08-03T12:24:18.683419Z,2016,8,3,65.594300,21.910200,11.0,0,5.6,1,mainland,,0,0,0,0,0,0,0
2016-08-03T12:24:18.683682Z,2016,8,3,65.638100,21.876700,14.0,0,9.4,1,mainland,,0,0,0,0,0,0,0
2016-08-03T12:24:18.684101Z,2016,8,3,65.683600,21.933900,-19.0,0,30.2,1,mainland,,0,0,0,0,0,0,0
2016-08-03T12:24:18.763550Z,2016,8,3,65.624000,22.004800,-10.0,0,3.8,1,inland_water,,0,0,0,0,0,0,0
2016-08-03T12:24:39.684950Z,2016,8,3,65.710200,22.028200,11.0,0,9.2,1,mainland,,0,0,0,0,0,0,0
2016-08-03T12:25:51.231154Z,2016,8,3,65.616600,21.831500,6.0,0,3.8,1,inland_water,inland_water__mainland,1,0,0,0,0,0,0
2016-08-03T12:25:51.233263Z,2016,8,3,65.562200,21.790300,9.0,0,7.6,1,mainland,,0,0,0,0,0,0,0
2016-08-03T12:25:51.352999Z,2016,8,3,65.711300,21.821300,-6.0,0,9.0,1,mainland,inland_water__mainland,1,0,0,0,0,0,1
2016-08-03T12:27:56.866171Z,2016,8,3,65.706800,22.035000,9.0,0,13.0,1,mainland,,0,0,0,0,0,0,0
2016-08-03T12:29:49.015168Z,2016,8,3,65.608200,21.803200,6.0,0,6.0,1,mainland,inland_water__mainland,1,0,0,0,0,0,0
2016-08-03T12:29:49.232847Z,2016,8,3,65.579400,21.919000,-7.0,0,5.2,1,mainland,inland_water__mainland,1,0,0,0,0,0,0
2016-08-03T12:31:36.146823Z,2016,8,3,65.621100,21.818400,14.0,0,6.0,1,mainland,inland_water__mainland,1,0,0,0,0,0,0
2016-08-03T12:32:38.075542Z,2016,8,3,65.626100,21.799900,-5.0,0,17.0,1,mainland,inland_water__mainland,1,0,0,0,0,0,0
2016-08-03T12:36:14.632576Z,2016,8,3,65.637100,21.873100,-25.0,0,7.0,1,mainland,,0,0,0,0,0,0,0
2016-08-03T12:38:19.867737Z,2016,8,3,65.630100,21.835300,11.0,0,9.4,1,mainland,inland_water__mainland,1,0,0,0,0,0,0
2016-08-03T12:38:19.868075Z,2016,8,3,65.630200,21.827300,17.0,0,27.6,1,mainland,inland_water__mainland,1,0,0,0,0,0,0
2016-08-03T12:38:19.868086Z,2016,8,3,65.668900,21.832100,13.0,0,11.8,1,inland_water,inland_water__mainland,1,0,0,0,0,0,0
2016-08-03T12:38:19.868574Z,2016,8,3,65.632300,21.846100,21.0,0,30.2,1,mainland,,0,0,0,0,0,0,0
2016-08-03T12:38:19.870174Z,2016,8,3,65.634600,21.843300,12.0,0,27.2,1,mainland,,0,0,0,0,0,0,0
2016-08-03T12:51:28.296085Z,2016,8,3,65.629700,21.891400,7.0,0,3.6,1,mainland,,0,0,0,0,0,0,0
2016-08-03T12:51:28.622872Z,2016,8,3,65.642200,21.798500,-17.0,0,9.6,1,mainland,,0,0,0,0,0,0,0
2016-08-03T12:51:28.682289Z,2016,8,3,65.580900,21.828700,11.0,0,16.8,1,mainland,,0,0,0,0,0,0,0
2016-08-03T12:51:28.682436Z,2016,8,3,65.641300,21.810000,-24.0,0,22.8,1,mainland,,0,0,0,0,0,0,0
2016-08-03T12:51:28.729531Z,2016,8,3,65.639800,21.798300,-7.0,0,3.6,1,mainland,,0,0,0,0,0,0,0
2016-08-03T12:52:44.563822Z,2016,8,3,65.734600,22.183700,16.0,0,15.6,1,mainland,inland_water__mainland,1,0,0,0,0,0,0
2016-08-03T12:53:17.311564Z,2016,8,3,65.611000,21.869100,-17.0,0,16.4,1,inland_water,inland_water__mainland,1,0,0,0,0,0,0
2016-08-03T12:54:00.640226Z,2016,8,3,65.639200,21.893600,-47.0,0,19.0,1,mainland,,0,0,0,0,0,0,0
2016-08-03T12:54:51.696044Z,2016,8,3,65.633600,21.891900,-53.0,0,17.0,1,mainland,,0,0,0,0,0,0,0
2016-08-03T12:54:51.696048Z,2016,8,3,65.643500,21.906400,-63.0,0,16.6,1,inland_water,inland_water__mainland,1,0,0,0,0,0,0
2016-08-03T12:54:51.708710Z,2016,8,3,65.648700,21.837000,-7.0,0,8.2,1,mainland,,0,0,0,0,0,0,0
2016-08-03T12:54:51.715413Z,2016,8,3,65.638900,21.892400,-25.0,0,19.0,1,mainland,,0,0,0,0,0,0,0
2016-08-03T12:54:51.731709Z,2016,8,3,65.652100,21.865300,-18.0,0,10.0,1,mainland,inland_water__mainland,1,0,0,0,0,0,0
2016-08-03T12:54:51.778743Z,2016,8,3,65.631700,21.908100,-8.0,0,7.6,1,mainland,,0,0,0,0,0,0,0
2016-08-03T12:54:51.779354Z,2016,8,3,65.639700,21.879800,-12.0,0,16.4,1,mainland,,0,0,0,0,0,0,0
2016-08-03T12:55:54.940109Z,2016,8,3,65.646700,21.903200,-7.0,0,4.2,1,inland_water,inland_water__mainland,1,0,0,0,0,0,0
2016-08-03T12:55:54.959841Z,2016,8,3,65.637200,21.920100,-8.0,0,6.6,1,mainland,inland_water__mainland,1,0,0,0,0,0,0
2016-08-03T12:56:30.712749Z,2016,8,3,65.637500,21.896800,15.0,0,5.8,1,mainland,,0,0,0,0,0,0,0
2016-08-03T12:56:30.713854Z,2016,8,3,65.635000,21.905400,29.0,0,14.6,1,mainland,,0,0,0,0,0,0,0
2016-08-03T12:58:08.037320Z,2016,8,3,65.641700,21.879700,12.0,0,17.0,1,mainland,,0,0,0,0,0,0,0
2016-08-03T12:59:51.904888Z,2016,8,3,65.653000,21.891100,37.0,0,30.2,1,inland_water,inland_water__mainland,1,0,0,0,0,0,0
2016-08-03T12:59:51.907169Z,2016,8,3,65.640100,21.825800,-17.0,0,26.8,1,mainland,,0,0,0,0,0,0,0
2016-08-03T12:59:51.912856Z,2016,8,3,65.655700,21.889200,6.0,0,6.0,1,inland_water,inland_water__mainland,1,0,0,0,0,0,0
2016-08-03T13:01:41.606594Z,2016,8,3,65.666700,21.873600,-48.0,0,10.0,1,inland_water,,0,0,0,0,0,0,0
2016-08-03T13:01:41.618325Z,2016,8,3,65.627600,21.798000,18.0,0,22.0,1,mainland,inland_water__mainland,1,0,0,0,0,0,0
2016-08-03T13:02:37.915749Z,2016,8,3,65.639400,21.933700,-64.0,0,13.2,1,inland_water,inland_water__mainland,1,0,0,0,0,0,0
2016-08-03T13:02:37.927919Z,2016,8,3,65.640600,21.830100,-13.0,0,14.0,1,mainland,,0,0,0,0,0,0,0
2016-08-03T13:02:37.928038Z,2016,8,3,65.947400,21.985400,-8.0,0,12.8,1,mainland,,0,0,0,0,0,0,1
2016-08-03T13:02:37.943838Z,2016,8,3,65.643300,21.928500,-14.0,0,6.0,1,inland_water,inland_water__mainland,1,0,0,0,0,0,0
2016-08-03T13:02:37.953034Z,2016,8,3,65.640900,21.927300,-7.0,0,2.6,1,inland_water,inland_water__mainland,1,0,0,0,0,0,0
2016-08-03T13:04:39.113210Z,2016,8,3,65.644100,21.946500,-7.0,0,4.0,1,inland_water,inland_water__mainland,1,0,0,0,0,0,0
2016-08-03T13:04:39.162214Z,2016,8,3,65.645100,21.943100,-7.0,0,4.6,1,inland_water,inland_water__mainland,1,0,0,0,0,0,0
2016-08-03T13:06:17.045536Z,2016,8,3,65.628400,21.939200,12.0,0,4.4,1,mainland,inland_water__mainland,1,0,0,0,0,0,0
2016-08-03T13:10:08.487159Z,2016,8,3,65.603400,22.012700,6.0,0,2.4,1,mainland,inland_water__mainland,1,0,0,0,0,0,0
2016-08-03T13:15:27.149821Z,2016,8,3,65.650700,21.910300,13.0,0,9.0,1,inland_water,,0,0,0,0,0,0,0
2016-08-03T13:15:27.151078Z,2016,8,3,65.619100,21.939300,10.0,0,8.2,1,mainland,,0,0,0,0,0,0,0
2016-08-03T14:03:58.007763Z,2016,8,3,65.657100,21.881300,-15.0,0,19.8,1,inland_water,inland_water__mainland,1,0,0,0,0,0,0
2016-08-03T14:06:31.462088Z,2016,8,3,65.621100,21.522600,6.0,0,8.8,1,mainland,,0,0,0,0,0,0,0
2016-08-03T14:23:30.993559Z,2016,8,3,65.564200,21.832400,-5.0,0,27.8,1,mainland,,0,0,0,0,0,0,0
2016-08-03T14:24:45.392182Z,2016,8,3,65.613600,21.419200,14.0,0,15.6,1,mainland,inland_water__mainland,1,0,0,0,1,1,1
2016-08-03T14:27:22.184710Z,2016,8,3,65.608900,21.440200,11.0,0,5.6,1,mainland,,1,0,0,0,1,1,1
2016-08-03T14:27:22.185874Z,2016,8,3,65.605700,21.766600,-22.0,0,22.8,1,mainland,,0,0,0,0,0,0,0
2016-08-03T14:28:18.250580Z,2016,8,3,65.605600,21.444200,23.0,0,23.2,1,mainland,,1,0,0,0,1,1,1
2016-08-03T14:30:22.891082Z,2016,8,3,65.623700,21.460800,20.0,0,7.6,1,mainland,inland_water__mainland,1,0,0,0,0,0,0
2016-08-03T14:30:22.893212Z,2016,8,3,65.608300,21.473700,-6.0,0,17.0,1,mainland,inland_water__mainland,1,0,0,0,0,0,0
2016-08-03T14:30:22.912450Z,2016,8,3,65.600100,21.466000,10.0,0,17.4,1,mainland,inland_water__mainland,1,0,0,0,1,1,1
2016-08-03T14:33:21.419266Z,2016,8,3,65.680200,21.516100,9.0,0,13.2,1,mainland,inland_water__mainland,1,0,0,0,0,0,1
2016-08-03T14:33:21.420583Z,2016,8,3,65.619500,21.460100,17.0,0,9.6,1,mainland,inland_water__mainland,1,0,0,0,0,0,0
2016-08-03T14:33:21.421073Z,2016,8,3,65.487800,21.748600,9.0,0,19.8,1,mainland,,0,0,0,0,0,0,0
2016-08-03T14:33:21.427292Z,2016,8,3,65.608000,21.463300,13.0,0,22.2,1,mainland,,0,0,0,0,0,0,1
2016-08-03T14:36:34.821572Z,2016,8,3,65.621200,21.466200,12.0,0,5.8,1,mainland,inland_water__mainland,1,0,0,0,0,0,0
2016-08-03T14:36:34.821950Z,2016,8,3,65.678800,21.538400,8.0,0,9.2,1,mainland,inland_water__mainland,1,0,0,0,0,0,0
2016-08-03T14:36:34.822673Z,2016,8,3,65.612500,21.465500,10.0,0,12.8,1,mainland,inland_water__mainland,1,0,0,0,0,0,0
2016-08-03T14:36:34.823066Z,2016,8,3,65.665500,21.514600,10.0,0,13.8,1,inland_water,inland_water__mainland,1,0,0,0,0,0,0
2016-08-03T14:36:34.830968Z,2016,8,3,65.628400,21.444000,8.0,0,13.8,1,inland_water,inland_water__mainland,1,0,0,0,0,0,0
2016-08-03T14:42:26.498312Z,2016,8,3,65.656800,21.437600,-29.0,0,11.6,1,mainland,inland_water__mainland,1,0,0,0,0,0,0
2016-08-03T17:17:30.455602Z,2016,8,3,66.062000,22.391800,20.0,0,28.4,1,mainland,inland_water__mainland,1,0,0,0,0,0,0
2016-08-03T17:24:30.875873Z,2016,8,3,65.685400,21.831600,11.0,0,3.2,1,inland_water,inland_water__mainland,1,0,0,0,0,0,0
2016-08-03T17:24:30.876601Z,2016,8,3,65.831100,22.188000,8.0,0,4.2,1,mainland,inland_water__mainland,1,0,0,0,0,0,0
2016-08-06T13:07:05.442875Z,2016,8,6,66.131600,22.076900,-18.0,0,8.8,1,mainland,,0,0,0,0,0,0,0
2016-08-06T13:07:05.452777Z,2016,8,6,66.094500,22.113700,-11.0,0,17.4,1,mainland,,0,0,0,0,0,0,0
2016-08-06T13:28:23.874827Z,2016,8,6,66.220200,22.069000,-7.0,0,6.4,1,mainland,inland_water__mainland,1,0,0,0,0,0,0
2016-08-09T10:55:16.130269Z,2016,8,9,65.602700,21.629400,14.0,0,22.8,1,mainland,,0,0,0,0,0,0,0
2016-08-09T10:55:16.191375Z,2016,8,9,65.560400,21.739600,20.0,0,6.4,1,mainland,,0,0,0,0,0,0,0
2016-08-09T11:00:46.083495Z,2016,8,9,65.553000,21.691200,29.0,0,11.6,1,mainland,,0,0,0,0,0,0,0
2016-08-09T11:02:33.942058Z,2016,8,9,65.571300,21.734000,10.0,0,5.0,1,mainland,inland_water__mainland,1,0,0,0,0,0,0
2016-08-12T11:51:07.456544Z,2016,8,12,65.596100,22.265300,12.0,0,9.2,1,mainland,,0,0,0,0,0,0,0
2016-08-12T12:08:56.373832Z,2016,8,12,65.627000,22.837000,43.0,0,14.0,1,sea,,0,0,0,1,0,0,0
2016-08-12T12:09:34.755480Z,2016,8,12,65.608500,22.763200,28.0,0,11.8,1,sea,,0,0,0,1,0,0,0
2016-08-12T12:11:18.880465Z,2016,8,12,65.615400,22.716100,23.0,0,10.4,1,sea,,0,0,0,0,0,0,0
2016-08-12T12:14:29.161583Z,2016,8,12,65.597700,22.642100,51.0,0,16.0,1,sea,islands__sea,1,1,1,1,0,0,0
2016-08-12T12:14:29.249574Z,2016,8,12,65.528800,22.729000,-4.0,0,2.0,1,sea,islands__sea,1,1,1,1,0,0,0
2016-08-12T12:18:29.502935Z,2016,8,12,65.587000,22.770200,5.0,0,5.8,1,sea,,0,0,0,0,0,0,0
2016-08-12T12:18:29.507691Z,2016,8,12,65.595800,22.763800,13.0,0,8.4,1,sea,islands__sea,1,0,1,1,0,0,0
2016-08-27T04:49:03.947987Z,2016,8,27,65.161100,22.627900,-14.0,0,3.8,1,sea,,0,0,0,0,0,0,0
2016-08-27T04:49:04.036352Z,2016,8,27,65.203900,22.620900,-8.0,0,2.6,1,sea,,0,0,0,0,0,0,0
2016-08-27T04:52:25.069137Z,2016,8,27,65.204600,22.678800,-6.0,0,3.4,1,sea,,0,0,0,0,0,0,0
2016-08-27T04:55:24.684748Z,2016,8,27,65.217700,22.782300,-56.0,0,11.8,1,sea,,0,0,0,0,0,0,0
2016-08-27T04:55:24.708785Z,2016,8,27,65.231700,22.752900,-16.0,0,3.8,1,sea,,0,0,0,0,0,0,0
2016-08-27T04:56:11.747857Z,2016,8,27,65.235000,22.753200,-11.0,0,3.2,1,sea,,0,0,0,0,0,0,0
2016-08-27T04:56:11.759844Z,2016,8,27,65.226000,22.754200,-11.0,0,4.4,1,sea,,0,0,0,0,0,0,0
2016-08-27T04:56:43.026468Z,2016,8,27,65.228900,22.743100,-7.0,0,3.2,1,sea,,0,0,0,0,0,0,0
2016-08-27T04:56:43.058617Z,2016,8,27,65.215600,22.758300,-11.0,0,3.6,1,sea,,0,0,0,0,0,0,0
2016-08-27T04:57:27.737772Z,2016,8,27,65.235000,22.786100,-18.0,0,3.6,1,sea,,0,0,0,0,0,0,0
2016-08-27T04:57:27.764564Z,2016,8,27,65.236100,22.788900,-14.0,0,3.6,1,sea,,0,0,0,0,0,0,0
2016-08-27T04:57:27.777560Z,2016,8,27,65.235200,22.749400,-9.0,0,4.4,1,sea,,0,0,0,0,0,0,0
2016-08-27T04:57:27.814080Z,2016,8,27,65.243800,22.756000,-19.0,0,3.8,1,sea,,0,0,0,0,0,0,0
2016-08-27T04:59:31.615521Z,2016,8,27,65.239900,22.777500,-120.0,0,14.2,1,sea,,0,0,0,0,0,0,0
2016-08-27T04:59:31.622691Z,2016,8,27,65.245600,22.757700,-31.0,0,8.8,1,sea,,0,0,0,0,0,0,0
2016-08-27T04:59:31.714304Z,2016,8,27,65.231200,22.793200,-6.0,0,2.6,1,sea,,0,0,0,0,0,0,0
2016-08-27T05:02:16.411947Z,2016,8,27,65.264200,22.788300,50.0,0,22.0,1,sea,,0,0,0,0,0,0,0
2016-08-27T05:02:16.504111Z,2016,8,27,65.256000,22.825500,-6.0,0,1.6,1,sea,,0,0,0,0,0,0,0
2016-08-27T05:03:57.360369Z,2016,8,27,65.246200,22.933000,-11.0,0,3.2,1,sea,,0,0,0,0,0,0,0
2016-08-27T05:03:57.373653Z,2016,8,27,65.272300,22.853700,-16.0,0,3.8,1,sea,,0,0,0,0,0,0,0
2016-08-27T05:03:57.394855Z,2016,8,27,65.262900,22.875400,-8.0,0,2.2,1,sea,,0,0,0,0,0,0,0
2016-08-27T05:06:07.930673Z,2016,8,27,65.237000,22.883200,-6.0,0,2.0,1,sea,,0,0,0,0,0,0,0
2016-08-27T05:08:47.090479Z,2016,8,27,65.254100,22.916700,15.0,0,4.6,1,sea,,0,0,0,0,0,0,0
2016-08-27T05:12:19.033326Z,2016,8,27,65.277600,22.987000,-26.0,0,11.8,1,sea,,0,0,0,0,0,0,0
2016-08-27T05:15:05.330871Z,2016,8,27,65.297600,23.020500,-7.0,0,2.2,1,sea,,0,0,0,0,0,0,0
2016-08-27T05:15:05.368150Z,2016,8,27,65.298000,22.957300,-4.0,0,12.8,1,sea,,0,0,0,0,0,0,0
2016-08-27T05:15:50.221344Z,2016,8,27,65.289300,23.002400,6.0,0,1.6,1,sea,,0,0,0,0,0,0,0
2016-08-27T05:20:53.597263Z,2016,8,27,65.319200,23.060900,-7.0,0,1.6,1,sea,,0,0,0,0,0,0,0
2016-08-27T05:20:53.615080Z,2016,8,27,65.337300,23.054300,-10.0,0,5.8,1,sea,,0,0,0,0,0,0,0
2016-08-27T05:23:32.045200Z,2016,8,27,65.406000,22.869900,-18.0,0,6.4,1,sea,,0,0,0,0,0,0,0
2016-08-27T05:25:22.616463Z,2016,8,27,65.388700,22.972500,-18.0,0,8.4,1,sea,,0,0,0,0,0,0,0
2016-08-27T05:25:22.616481Z,2016,8,27,65.400600,22.990100,26.0,0,5.0,1,sea,,0,0,0,0,0,0,0
2016-08-27T05:25:22.772862Z,2016,8,27,65.371200,23.064000,-11.0,0,3.2,1,sea,,0,0,0,0,0,0,1
2016-08-27T05:27:15.119649Z,2016,8,27,65.531100,22.917700,-11.0,0,5.6,1,sea,,0,0,0,0,0,0,0
2016-08-27T05:29:23.761256Z,2016,8,27,65.413200,23.024700,-5.0,0,1.6,1,sea,,0,0,0,0,0,0,1
2016-08-27T05:46:27.644231Z,2016,8,27,65.658500,22.358800,-8.0,0,5.4,1,islands,islands__sea,1,1,1,1,0,0,0
2016-08-27T05:55:25.955320Z,2016,8,27,65.888400,22.331000,-11.0,0,18.2,1,mainland,,0,0,0,0,0,0,0
2016-08-27T05:57:30.534344Z,2016,8,27,65.844100,22.477500,-4.0,0,2.6,1,mainland,inland_water__mainland,1,0,0,1,0,0,0
2016-08-27T06:11:30.371096Z,2016,8,27,65.888700,22.241900,19.0,0,11.4,1,mainland,inland_water__mainland,1,0,0,0,0,0,0
2016-08-27T06:16:06.894040Z,2016,8,27,66.003800,22.471200,25.0,0,10.2,1,mainland,,1,0,0,0,0,1,1
2016-08-27T06:28:52.224368Z,2016,8,27,66.094600,22.128100,-15.0,0,10.2,1,mainland,,0,0,0,0,0,0,0
2016-08-30T14:23:53.561167Z,2016,8,30,65.850400,22.218700,12.0,0,15.2,1,mainland,,0,0,0,0,0,0,0
2016-08-30T15:42:36.202699Z,2016,8,30,65.969700,22.386400,8.0,0,3.2,1,mainland,,0,0,0,0,0,0,0
2016-09-04T15:40:50.551496Z,2016,9,4,66.092500,22.200400,-16.0,0,8.8,1,inland_water,inland_water__mainland,1,0,0,0,0,0,0
2016-09-04T15:40:50.569644Z,2016,9,4,66.081100,22.256400,-6.0,0,11.0,1,mainland,inland_water__mainland,1,0,0,0,0,0,0
2016-09-04T15:40:50.601684Z,2016,9,4,66.092900,22.261500,-6.0,0,8.8,1,mainland,inland_water__mainland,1,0,0,0,0,0,0
2016-09-04T15:44:01.920888Z,2016,9,4,66.111300,22.227200,10.0,0,23.2,1,mainland,inland_water__mainland,1,0,0,0,0,0,0
2016-09-04T15:51:08.365381Z,2016,9,4,66.090800,22.284800,8.0,0,3.2,1,mainland,,0,0,0,0,0,0,0
2016-09-07T12:24:16.894783Z,2016,9,7,65.810000,22.555600,7.0,0,12.8,1,mainland,,0,0,0,0,0,0,0
2016-09-07T12:50:37.611303Z,2016,9,7,65.798900,22.288600,25.0,0,20.6,1,mainland,inland_water__mainland,1,0,0,0,0,0,0
