datetime_utc,year,month,day,lat,lon,current_ka,multiplicity,chi_square,cloud_indicator,surface_class
2018-05-22T17:58:39.344550Z,2018,5,22,65.213800,22.491900,-6.0,0,6.6,1,sea
2018-05-22T17:58:39.355826Z,2018,5,22,65.221100,22.488900,-29.0,0,8.8,1,sea
2018-05-22T17:58:39.403970Z,2018,5,22,65.229300,22.463600,-13.0,0,3.2,1,sea
2018-05-22T18:00:05.790267Z,2018,5,22,65.212300,22.482800,-15.0,0,5.8,1,sea
2018-05-22T18:02:50.584236Z,2018,5,22,65.214400,22.537600,14.0,0,18.2,1,sea
2018-05-22T18:02:51.038711Z,2018,5,22,65.163400,22.521100,5.0,0,2.0,1,sea
2018-05-22T18:06:54.969432Z,2018,5,22,65.178700,22.607900,-21.0,0,4.8,1,sea
2018-05-22T18:09:01.783242Z,2018,5,22,65.096800,22.474400,12.0,0,6.6,1,sea
2018-05-22T18:14:18.791078Z,2018,5,22,65.105500,22.519200,13.0,0,20.2,1,sea
2018-05-22T18:19:38.125060Z,2018,5,22,65.144700,22.668300,17.0,0,14.0,1,sea
2018-05-22T18:19:38.257336Z,2018,5,22,65.231200,22.703600,-4.0,0,2.6,1,sea
2018-05-22T18:45:27.531113Z,2018,5,22,65.264400,22.959600,116.0,0,28.6,1,sea
2018-05-22T18:45:27.637870Z,2018,5,22,65.224700,22.892900,21.0,0,8.2,1,sea
2018-06-15T19:05:54.874947Z,2018,6,15,65.572400,22.162600,10.0,0,4.0,1,coast_uncertain
2018-06-15T19:05:54.889783Z,2018,6,15,65.257000,22.218200,11.0,0,18.8,1,sea
2018-06-15T19:12:36.766680Z,2018,6,15,65.295600,22.311200,18.0,0,10.6,1,sea
2018-06-15T19:15:03.418925Z,2018,6,15,65.301300,22.347300,11.0,0,6.0,1,sea
2018-06-15T19:20:36.656561Z,2018,6,15,65.323200,22.398900,8.0,0,12.6,1,sea
2018-06-15T19:20:36.869202Z,2018,6,15,65.332900,22.367700,13.0,0,8.0,1,sea
2018-06-15T19:20:36.940346Z,2018,6,15,65.327300,22.064600,8.0,0,3.4,1,sea
2018-06-15T19:27:55.747140Z,2018,6,15,65.377900,22.251700,7.0,0,7.6,1,sea
2018-06-15T19:27:55.769392Z,2018,6,15,65.393900,22.208200,8.0,0,6.4,1,coast_uncertain
2018-06-15T19:27:55.819741Z,2018,6,15,65.377200,22.191200,33.0,0,15.6,1,sea
2018-06-15T19:27:55.821053Z,2018,6,15,65.405300,22.238600,9.0,0,5.6,1,sea
2018-06-16T12:06:42.244926Z,2018,6,16,66.146300,22.082100,-11.0,0,8.2,1,coast_uncertain
2018-06-16T12:13:22.353114Z,2018,6,16,66.138600,22.040800,15.0,0,13.8,1,coast_uncertain
2018-06-16T12:19:37.493535Z,2018,6,16,66.023900,22.372300,-6.0,0,11.2,1,coast_uncertain
2018-06-16T12:19:37.545410Z,2018,6,16,66.117700,22.103700,-5.0,0,4.2,1,mainland
2018-06-16T12:21:22.629002Z,2018,6,16,65.959400,21.880100,-9.0,0,7.6,1,mainland
2018-06-16T12:28:56.211429Z,2018,6,16,66.136100,22.111900,6.0,0,3.2,1,mainland
2018-06-16T12:28:56.212783Z,2018,6,16,66.100700,22.377100,14.0,0,11.2,1,mainland
2018-06-16T12:28:56.212811Z,2018,6,16,66.127800,22.107900,21.0,0,13.2,1,mainland
2018-06-16T12:30:50.417122Z,2018,6,16,66.196200,22.178700,23.0,0,10.2,1,mainland
2018-06-16T12:30:50.419009Z,2018,6,16,66.202000,22.236500,11.0,0,16.4,1,mainland
2018-06-16T12:31:44.776544Z,2018,6,16,66.193700,22.191700,18.0,0,10.6,1,mainland
2018-06-16T12:31:44.777239Z,2018,6,16,66.192500,22.182500,13.0,0,30.2,1,mainland
2018-06-16T12:31:44.777793Z,2018,6,16,66.193700,22.203300,11.0,0,11.8,1,mainland
2018-06-16T12:33:37.684432Z,2018,6,16,66.198300,22.255600,19.0,0,15.2,1,mainland
2018-06-16T12:37:23.713763Z,2018,6,16,65.955000,22.115100,6.0,0,5.8,1,coast_uncertain
2018-06-16T12:37:38.778197Z,2018,6,16,66.133600,22.241300,17.0,0,14.4,1,coast_uncertain
2018-06-16T12:43:03.615796Z,2018,6,16,66.018300,22.203400,-11.0,0,5.6,1,coast_uncertain
2018-06-16T12:43:42.545223Z,2018,6,16,65.946500,21.972100,6.0,0,9.4,1,mainland
2018-06-16T12:47:44.192966Z,2018,6,16,66.049800,22.194500,14.0,0,18.0,1,coast_uncertain
2018-06-16T12:54:10.225014Z,2018,6,16,66.064600,22.220500,-6.0,0,5.0,1,coast_uncertain
2018-06-16T12:58:33.665946Z,2018,6,16,66.012600,22.161400,11.0,0,5.6,1,coast_uncertain
2018-06-16T13:07:20.406574Z,2018,6,16,66.064200,22.252700,20.0,0,23.6,1,coast_uncertain
2018-06-16T13:11:44.485845Z,2018,6,16,66.078800,22.300400,14.0,0,19.2,1,mainland
2018-06-16T13:18:10.087164Z,2018,6,16,66.101800,22.373100,-12.0,0,5.8,1,mainland
2018-06-16T13:18:10.120756Z,2018,6,16,66.101800,22.373000,-12.0,0,5.2,1,mainland
2018-06-16T14:25:46.595087Z,2018,6,16,65.795000,22.134400,8.0,0,4.4,1,mainland
2018-06-18T02:36:04.251159Z,2018,6,18,65.087500,22.490700,-6.0,0,1.6,1,sea
2018-06-18T02:40:39.177834Z,2018,6,18,65.137900,22.394800,13.0,0,20.2,1,sea
2018-06-18T02:43:11.618383Z,2018,6,18,65.126800,22.532900,-39.0,0,7.8,1,sea
2018-06-18T02:43:11.626926Z,2018,6,18,65.128400,22.526200,-6.0,0,3.0,1,sea
2018-06-18T02:43:11.635504Z,2018,6,18,65.130300,22.561100,-17.0,0,8.8,1,sea
2018-06-18T02:43:11.736354Z,2018,6,18,65.135400,22.469600,-7.0,0,3.4,1,sea
2018-06-18T02:44:26.993992Z,2018,6,18,65.137400,22.498500,20.0,0,11.2,1,sea
2018-06-18T02:44:26.994447Z,2018,6,18,65.141800,22.527700,28.0,0,15.8,1,sea
2018-06-18T02:44:26.999678Z,2018,6,18,65.097500,22.559100,3.0,0,4.0,1,sea
2018-06-18T02:47:09.319631Z,2018,6,18,65.164200,22.487900,24.0,0,10.8,1,sea
2018-06-18T02:47:09.320276Z,2018,6,18,65.170200,22.537400,15.0,0,23.2,1,sea
2018-06-18T02:47:09.322264Z,2018,6,18,65.158100,22.494400,5.0,0,5.0,1,sea
2018-06-18T02:57:00.884361Z,2018,6,18,65.223900,22.509200,14.0,0,5.6,1,sea
2018-06-18T02:59:48.539272Z,2018,6,18,65.282100,22.492300,24.0,0,17.6,1,sea
2018-06-18T02:59:48.562546Z,2018,6,18,65.306100,22.557700,4.0,0,8.4,1,sea
2018-06-18T03:04:07.689605Z,2018,6,18,65.287900,22.529800,23.0,0,26.0,1,sea
2018-06-18T03:04:07.690281Z,2018,6,18,65.225700,22.648200,-14.0,0,12.6,1,sea
2018-06-18T03:04:07.691268Z,2018,6,18,65.269300,22.468400,5.0,0,5.0,1,sea
2018-06-18T03:04:07.711483Z,2018,6,18,65.299600,22.483900,8.0,0,10.8,1,sea
2018-06-18T03:04:07.722637Z,2018,6,18,65.288500,22.508300,4.0,0,3.4,1,sea
2018-06-18T03:09:28.840329Z,2018,6,18,65.305900,22.539500,7.0,0,6.0,1,sea
2018-06-18T03:09:28.849446Z,2018,6,18,65.279000,22.290700,-4.0,0,2.6,1,sea
2018-06-18T04:33:53.759851Z,2018,6,18,65.460900,22.991800,-7.0,0,3.2,1,sea
2018-06-21T17:22:33.484586Z,2018,6,21,66.068000,22.119100,5.0,0,13.4,1,mainland
2018-07-13T16:55:57.211972Z,2018,7,13,65.686100,21.530400,6.0,0,2.2,1,coast_uncertain
2018-07-13T18:28:05.925679Z,2018,7,13,65.936700,22.109200,5.0,0,1.6,1,mainland
2018-07-14T08:13:49.594841Z,2018,7,14,65.818000,22.013100,11.0,0,11.4,1,mainland
2018-07-14T08:18:58.144880Z,2018,7,14,66.243800,22.061900,26.0,0,30.2,1,coast_uncertain
2018-07-14T08:28:19.400079Z,2018,7,14,66.271000,22.144600,-6.0,0,1.4,1,coast_uncertain
2018-07-14T08:53:39.783489Z,2018,7,14,65.671500,22.662000,-6.0,0,3.2,1,sea
2018-07-14T08:56:57.134983Z,2018,7,14,66.256600,22.117800,7.0,0,13.8,1,mainland
2018-07-14T08:57:52.705594Z,2018,7,14,66.263200,22.149500,-10.0,0,5.6,1,mainland
2018-07-14T08:57:52.774568Z,2018,7,14,66.257900,22.152000,-7.0,0,5.4,1,mainland
2018-07-14T09:12:04.623377Z,2018,7,14,66.241000,22.195300,6.0,0,5.4,1,coast_uncertain
2018-07-14T09:12:04.624416Z,2018,7,14,66.222400,22.204300,10.0,0,9.4,1,mainland
2018-07-14T09:13:51.250078Z,2018,7,14,66.142200,22.212600,8.0,0,5.6,1,coast_uncertain
2018-07-14T09:17:19.201668Z,2018,7,14,66.142500,22.201900,12.0,0,7.6,1,coast_uncertain
2018-07-14T09:17:19.204219Z,2018,7,14,66.091600,22.292700,8.0,0,23.8,1,coast_uncertain
2018-07-14T09:19:31.261886Z,2018,7,14,66.143900,22.232800,9.0,0,7.8,1,coast_uncertain
2018-07-14T09:19:31.263452Z,2018,7,14,66.173500,22.109900,16.0,0,15.2,1,mainland
2018-07-14T09:19:31.263474Z,2018,7,14,66.154400,22.232300,9.0,0,14.2,1,coast_uncertain
2018-07-14T09:27:55.384451Z,2018,7,14,66.147800,22.251800,8.0,0,8.6,1,coast_uncertain
2018-07-14T09:27:55.425701Z,2018,7,14,66.124600,22.155500,-18.0,0,8.2,1,coast_uncertain
2018-07-14T09:33:51.535818Z,2018,7,14,66.094800,22.208000,-6.0,0,3.0,1,coast_uncertain
2018-07-14T09:33:51.544418Z,2018,7,14,66.099500,22.192400,-30.0,0,9.0,1,mainland
2018-07-14T09:33:51.553571Z,2018,7,14,66.099000,22.194800,-7.0,0,7.0,1,mainland
2018-07-14T09:33:51.579248Z,2018,7,14,66.098300,22.187300,-13.0,0,7.6,1,mainland
2018-07-14T09:34:16.049458Z,2018,7,14,65.955300,22.248300,8.0,0,2.0,1,coast_uncertain
2018-07-14T09:35:16.917390Z,2018,7,14,66.103300,22.201100,-13.0,0,7.2,1,mainland
2018-07-14T09:35:16.954038Z,2018,7,14,66.093000,22.287300,-10.0,0,11.2,1,coast_uncertain
2018-07-14T09:35:17.000547Z,2018,7,14,66.112800,22.260200,-8.0,0,8.2,1,mainland
2018-07-14T09:37:36.345963Z,2018,7,14,66.035700,22.199300,-11.0,0,7.0,1,mainland
2018-07-14T09:39:58.593730Z,2018,7,14,66.091000,22.229800,8.0,0,3.0,1,coast_uncertain
2018-07-14T09:39:58.595817Z,2018,7,14,65.941600,22.456700,7.0,0,17.0,1,coast_uncertain
2018-07-14T09:42:35.217786Z,2018,7,14,66.131400,22.301700,17.0,0,15.2,1,inland_water
2018-07-14T09:42:35.218301Z,2018,7,14,66.129000,22.292200,12.0,0,20.8,1,coast_uncertain
2018-07-14T09:42:35.218572Z,2018,7,14,66.129900,22.307900,16.0,0,6.6,1,coast_uncertain
2018-07-14T09:44:32.666853Z,2018,7,14,66.146700,22.286000,-20.0,0,9.4,1,coast_uncertain
2018-07-14T09:48:05.446432Z,2018,7,14,66.157100,22.297200,10.0,0,8.2,1,coast_uncertain
2018-07-14T09:49:24.326574Z,2018,7,14,66.130600,22.279700,10.0,0,4.6,1,coast_uncertain
2018-07-14T09:49:24.327612Z,2018,7,14,66.173900,22.120100,7.0,0,13.2,1,mainland
2018-07-14T09:49:24.353367Z,2018,7,14,66.143100,22.301800,7.0,0,7.2,1,coast_uncertain
2018-07-14T09:52:51.405664Z,2018,7,14,65.830800,22.560700,6.0,0,1.8,1,coast_uncertain
2018-07-14T09:55:22.857405Z,2018,7,14,66.052300,22.233000,7.0,0,3.8,1,coast_uncertain
2018-07-14T09:56:10.970542Z,2018,7,14,66.111500,22.229200,-14.0,0,14.0,1,coast_uncertain
2018-07-14T09:56:11.058551Z,2018,7,14,66.092300,22.255600,-11.0,0,9.0,1,coast_uncertain
2018-07-14T09:57:40.333997Z,2018,7,14,66.159600,22.232000,8.0,0,2.8,1,coast_uncertain
2018-07-14T09:59:07.704957Z,2018,7,14,66.132100,22.253300,9.0,0,7.8,1,coast_uncertain
2018-07-14T09:59:49.028583Z,2018,7,14,66.166800,22.240500,-8.0,0,6.6,1,mainland
2018-07-14T10:01:19.591082Z,2018,7,14,66.160800,22.244400,-15.0,0,7.2,1,coast_uncertain
2018-07-14T10:01:19.593677Z,2018,7,14,66.160600,22.263600,-7.0,0,4.6,1,mainland
2018-07-14T10:02:36.626701Z,2018,7,14,66.092400,22.285000,6.0,0,5.0,1,mainland
2018-07-14T10:03:31.089543Z,2018,7,14,66.213900,22.116900,-8.0,0,14.2,1,coast_uncertain
2018-07-14T10:05:03.381673Z,2018,7,14,66.104300,22.210900,7.0,0,15.2,1,mainland
2018-07-14T10:08:16.910924Z,2018,7,14,66.113200,22.216000,-21.0,0,10.8,1,coast_uncertain
2018-07-14T10:08:17.207996Z,2018,7,14,66.086300,22.232600,-19.0,0,14.2,1,mainland
2018-07-14T10:08:17.244030Z,2018,7,14,66.121900,22.253400,-9.0,0,8.2,1,coast_uncertain
2018-07-14T10:11:28.957082Z,2018,7,14,65.975900,22.048000,-8.0,0,3.8,1,coast_uncertain
2018-07-14T10:11:29.005631Z,2018,7,14,65.989100,22.068800,-6.0,0,6.4,1,mainland
2018-07-14T10:11:29.106253Z,2018,7,14,65.968000,22.030700,-5.0,0,3.6,1,mainland
2018-07-14T10:11:29.135988Z,2018,7,14,65.736900,22.418800,-5.0,0,2.6,1,sea
2018-07-14T10:11:29.173969Z,2018,7,14,65.966400,22.028700,-7.0,0,3.6,1,mainland
2018-07-14T10:12:09.170654Z,2018,7,14,65.989000,22.035800,16.0,0,10.2,1,coast_uncertain
2018-07-14T10:12:54.047054Z,2018,7,14,65.790400,22.367700,7.0,0,19.4,1,coast_uncertain
2018-07-14T10:12:54.048617Z,2018,7,14,65.980500,22.053500,10.0,0,6.8,1,coast_uncertain
2018-07-14T10:13:03.880362Z,2018,7,14,66.201200,22.101500,-6.0,0,5.6,1,mainland
2018-07-14T10:13:14.414451Z,2018,7,14,66.000200,22.390900,5.0,0,2.6,1,mainland
2018-07-14T10:13:14.575537Z,2018,7,14,66.089200,22.160500,5.0,0,6.4,1,coast_uncertain
2018-07-14T10:13:32.807023Z,2018,7,14,65.971200,22.032000,10.0,0,11.2,1,mainland
2018-07-14T10:13:32.807359Z,2018,7,14,65.973000,22.028300,10.0,0,13.2,1,mainland
2018-07-14T10:13:32.934067Z,2018,7,14,66.000500,22.143800,-7.0,0,6.4,1,coast_uncertain
2018-07-14T10:14:24.374872Z,2018,7,14,65.726000,22.456800,5.0,0,2.6,1,sea
2018-07-14T10:15:58.284899Z,2018,7,14,65.978100,22.035500,10.0,0,5.6,1,coast_uncertain
2018-07-14T10:15:58.285312Z,2018,7,14,65.972500,22.164800,12.0,0,17.8,1,coast_uncertain
2018-07-14T10:15:58.285686Z,2018,7,14,65.973900,22.041400,8.0,0,5.0,1,mainland
2018-07-14T10:15:58.410799Z,2018,7,14,65.961800,22.164300,-11.0,0,14.2,1,coast_uncertain
2018-07-14T10:17:24.511430Z,2018,7,14,65.955700,22.007900,8.0,0,17.8,1,mainland
2018-07-14T10:18:14.634088Z,2018,7,14,66.085500,22.280500,25.0,0,9.8,1,mainland
2018-07-14T10:18:14.634312Z,2018,7,14,66.071700,22.287700,-25.0,0,10.2,1,coast_uncertain
2018-07-14T10:18:14.683399Z,2018,7,14,66.105400,22.317200,9.0,0,13.4,1,coast_uncertain
2018-07-14T10:18:14.792907Z,2018,7,14,66.072200,22.340200,22.0,0,8.8,1,coast_uncertain
2018-07-14T10:19:31.242033Z,2018,7,14,65.789000,22.392500,12.0,0,27.8,1,coast_uncertain
2018-07-14T10:19:31.242802Z,2018,7,14,65.952100,22.119700,8.0,0,12.0,1,coast_uncertain
2018-07-14T10:19:31.243190Z,2018,7,14,65.959000,22.101200,6.0,0,26.2,1,coast_uncertain
2018-07-14T10:19:31.354196Z,2018,7,14,65.994800,22.254200,-8.0,0,6.4,1,coast_uncertain
2018-07-14T10:23:47.510496Z,2018,7,14,66.000200,21.961700,8.0,0,15.6,1,mainland
2018-07-14T10:23:47.512018Z,2018,7,14,65.799000,22.359900,7.0,0,5.8,1,coast_uncertain
2018-07-14T10:23:47.573120Z,2018,7,14,66.014500,21.996400,-9.0,0,11.2,1,coast_uncertain
2018-07-14T10:52:39.863768Z,2018,7,14,65.715700,22.094600,-15.0,0,8.4,1,mainland
2018-07-14T10:52:39.905867Z,2018,7,14,65.706900,22.037900,-8.0,0,5.6,1,mainland
2018-07-14T10:53:31.392770Z,2018,7,14,65.730600,22.051800,-14.0,0,7.8,1,mainland
2018-07-14T10:53:31.449012Z,2018,7,14,65.700300,22.028200,-8.0,0,2.8,1,mainland
2018-07-14T10:53:31.524355Z,2018,7,14,65.698600,22.027900,-12.0,0,5.6,1,mainland
2018-07-14T10:55:48.910218Z,2018,7,14,65.582000,22.334800,-5.0,0,5.0,1,mainland
2018-07-14T10:55:48.928453Z,2018,7,14,65.732500,22.056500,-6.0,0,3.4,1,mainland
2018-07-14T10:55:48.962682Z,2018,7,14,65.700600,22.048100,-7.0,0,11.8,1,mainland
2018-07-14T10:55:49.002139Z,2018,7,14,65.726800,22.064200,-7.0,0,3.8,1,mainland
2018-07-14T10:55:49.033336Z,2018,7,14,65.611100,22.285400,-5.0,0,2.2,1,mainland
2018-07-14T10:55:49.087898Z,2018,7,14,65.621800,22.257300,-6.0,0,1.6,1,coast_uncertain
2018-07-14T11:04:29.813840Z,2018,7,14,66.195700,22.101300,-15.0,0,28.0,1,mainland
2018-07-14T13:44:40.866008Z,2018,7,14,65.658900,22.315000,5.0,0,4.8,1,coast_uncertain
2018-07-15T10:34:27.304833Z,2018,7,15,65.439100,21.934500,5.0,0,3.4,1,coast_uncertain
2018-07-15T10:34:27.319299Z,2018,7,15,65.428600,21.960200,5.0,0,1.6,1,coast_uncertain
2018-07-15T10:36:32.609798Z,2018,7,15,65.566000,21.611400,10.0,0,8.0,1,mainland
2018-07-15T10:37:16.710991Z,2018,7,15,65.687200,21.868200,12.0,0,7.0,1,mainland
2018-07-15T10:40:30.674720Z,2018,7,15,65.552500,22.196100,5.0,0,2.2,1,coast_uncertain
2018-07-15T10:41:53.881557Z,2018,7,15,65.598900,21.681400,7.0,0,3.0,1,mainland
2018-07-15T10:41:53.881850Z,2018,7,15,65.599500,21.702400,10.0,0,21.6,1,mainland
2018-07-15T10:41:53.882245Z,2018,7,15,65.599100,21.646400,14.0,0,11.0,1,mainland
2018-07-15T10:43:49.896552Z,2018,7,15,65.604900,21.717300,6.0,0,3.4,1,coast_uncertain
2018-07-15T10:47:07.758577Z,2018,7,15,65.622300,21.712100,16.0,0,7.6,1,mainland
2018-07-15T10:47:44.303751Z,2018,7,15,65.715400,22.012500,-11.0,0,8.8,1,mainland
2018-07-15T10:49:07.817425Z,2018,7,15,65.551400,21.892700,5.0,0,6.2,1,mainland
2018-07-15T10:49:28.930627Z,2018,7,15,65.599100,22.186800,5.0,0,2.0,1,mainland
2018-07-15T10:49:28.931093Z,2018,7,15,65.708200,21.965100,9.0,0,10.6,1,coast_uncertain
2018-07-15T10:49:28.933085Z,2018,7,15,65.538900,22.309800,6.0,0,10.4,1,sea
2018-07-15T10:49:36.356165Z,2018,7,15,65.629800,21.713300,-7.0,0,3.8,1,mainland
2018-07-15T10:49:36.570114Z,2018,7,15,65.614200,21.719400,-6.0,0,4.2,1,mainland
2018-07-15T10:49:36.570414Z,2018,7,15,65.568500,21.888200,-8.0,0,7.6,1,mainland
2018-07-15T10:50:37.561847Z,2018,7,15,65.747600,21.990200,7.0,0,2.0,1,mainland
2018-07-15T10:52:25.970433Z,2018,7,15,65.648800,21.762200,6.0,0,2.8,1,coast_uncertain
2018-07-15T10:52:31.335318Z,2018,7,15,65.755400,21.996200,-5.0,0,6.6,1,mainland
2018-07-15T10:54:08.392659Z,2018,7,15,65.481500,22.607100,7.0,0,30.2,1,coast_uncertain
2018-07-15T10:55:14.673029Z,2018,7,15,65.645100,21.773000,9.0,0,11.6,1,mainland
2018-07-15T10:55:14.675579Z,2018,7,15,65.400800,22.334200,4.0,0,1.6,1,sea
2018-07-15T10:55:14.691689Z,2018,7,15,65.563600,21.989400,5.0,0,2.6,1,mainland
2018-07-15T10:56:19.920230Z,2018,7,15,65.651100,21.965600,-6.0,0,3.8,1,coast_uncertain
2018-07-15T10:56:34.202370Z,2018,7,15,65.639500,21.824400,9.0,0,4.0,1,mainland
2018-07-15T10:56:41.728474Z,2018,7,15,65.559800,22.450600,5.0,0,4.4,1,sea
2018-07-15T10:58:52.889903Z,2018,7,15,65.654000,21.845600,6.0,0,6.4,1,coast_uncertain
2018-07-15T11:01:34.024197Z,2018,7,15,65.653400,21.788400,11.0,0,15.0,1,mainland
2018-07-15T11:01:34.035889Z,2018,7,15,65.657100,21.829900,10.0,0,13.8,1,mainland
2018-07-15T11:08:03.681400Z,2018,7,15,65.808100,22.171200,6.0,0,3.6,1,mainland
2018-07-15T11:08:16.667227Z,2018,7,15,65.653500,21.950400,11.0,0,9.4,1,mainland
2018-07-15T11:09:41.151179Z,2018,7,15,65.687700,21.901200,12.0,0,3.6,1,mainland
2018-07-15T11:11:07.086660Z,2018,7,15,65.685200,21.921000,7.0,0,2.2,1,mainland
2018-07-15T11:13:03.641286Z,2018,7,15,65.283800,22.110000,15.0,0,5.2,1,sea
2018-07-15T11:15:03.694194Z,2018,7,15,65.825900,22.286200,6.0,0,8.4,1,mainland
2018-07-15T11:16:00.986960Z,2018,7,15,65.407400,21.984500,5.0,0,2.2,1,coast_uncertain
2018-07-15T11:16:00.991303Z,2018,7,15,65.338000,22.017400,4.0,0,3.0,1,coast_uncertain
2018-07-15T11:17:24.268944Z,2018,7,15,65.829000,22.314300,6.0,0,7.2,1,mainland
2018-07-15T11:17:27.903822Z,2018,7,15,65.156300,22.336500,7.0,0,4.6,1,sea
2018-07-15T11:17:27.903953Z,2018,7,15,65.140200,22.369300,7.0,0,1.6,1,sea
2018-07-15T11:17:27.910830Z,2018,7,15,65.127600,22.372400,5.0,0,2.0,1,sea
2018-07-15T11:18:56.636133Z,2018,7,15,65.859000,22.279400,-27.0,0,16.0,1,coast_uncertain
2018-07-15T11:18:56.704271Z,2018,7,15,65.853000,22.301300,-22.0,0,5.8,1,coast_uncertain
2018-07-15T11:18:56.738666Z,2018,7,15,65.852300,22.304400,-6.0,0,2.6,1,coast_uncertain
2018-07-15T11:18:56.793476Z,2018,7,15,65.852100,22.300100,-9.0,0,3.4,1,coast_uncertain
2018-07-15T11:26:00.442162Z,2018,7,15,65.751300,22.074500,11.0,0,2.4,1,mainland
2018-07-15T11:26:29.715245Z,2018,7,15,65.856900,22.397400,24.0,0,6.0,1,coast_uncertain
2018-07-15T11:29:13.080447Z,2018,7,15,65.356000,22.078700,-16.0,0,7.8,1,sea
2018-07-15T11:29:13.080686Z,2018,7,15,65.405500,22.064300,15.0,0,5.6,1,coast_uncertain
2018-07-15T11:29:13.085379Z,2018,7,15,65.435000,22.054800,100.0,0,23.2,1,sea
2018-07-15T11:29:13.090870Z,2018,7,15,65.368000,22.078400,-10.0,0,11.6,1,sea
2018-07-15T11:29:13.280308Z,2018,7,15,65.435500,22.047900,-8.0,0,1.6,1,sea
2018-07-15T11:32:04.126311Z,2018,7,15,65.523700,21.647400,-5.0,0,3.8,1,coast_uncertain
2018-07-15T11:34:34.783322Z,2018,7,15,65.339900,22.054100,-15.0,0,19.8,1,sea
2018-07-15T11:34:34.810145Z,2018,7,15,65.358600,22.054800,-4.0,0,1.6,1,sea
2018-07-15T11:36:06.208678Z,2018,7,15,65.344400,22.045100,6.0,0,2.8,1,sea
2018-07-15T11:38:05.153832Z,2018,7,15,65.372400,22.027800,8.0,0,7.6,1,coast_uncertain
2018-07-15T11:38:05.154407Z,2018,7,15,65.197200,22.422200,4.0,0,8.0,1,sea
2018-07-15T11:38:05.224871Z,2018,7,15,65.436100,22.184100,-7.0,0,4.6,1,islands
2018-07-15T11:38:05.272792Z,2018,7,15,65.367500,22.145700,10.0,0,15.0,1,sea
2018-07-15T11:49:53.683217Z,2018,7,15,65.341300,22.025900,6.0,0,6.2,1,coast_uncertain
2018-07-15T11:52:39.874471Z,2018,7,15,65.275000,22.120800,-4.0,0,1.2,1,sea
2018-07-15T11:52:39.986063Z,2018,7,15,65.317300,22.276800,12.0,0,14.4,1,sea
2018-07-15T11:53:47.033906Z,2018,7,15,65.329100,21.997500,-25.0,0,7.0,1,sea
2018-07-15T11:53:47.115644Z,2018,7,15,65.333400,21.998300,-8.0,0,1.4,1,sea
2018-07-15T11:54:36.085768Z,2018,7,15,65.337900,22.010500,-8.0,0,2.4,1,coast_uncertain
2018-07-15T11:56:14.695989Z,2018,7,15,65.340000,22.033400,-9.0,0,2.6,1,sea
2018-07-15T11:56:14.758545Z,2018,7,15,65.350700,22.015800,-12.0,0,3.4,1,coast_uncertain
2018-07-15T11:56:14.922191Z,2018,7,15,65.338200,22.037400,-9.0,0,1.6,1,sea
2018-07-15T11:56:14.971857Z,2018,7,15,65.340800,22.035800,-6.0,0,1.4,1,sea
2018-07-15T11:56:45.554652Z,2018,7,15,65.338100,22.003300,11.0,0,8.8,1,sea
2018-07-15T11:56:45.554934Z,2018,7,15,65.339800,22.010500,13.0,0,14.8,1,coast_uncertain
2018-07-15T11:57:24.753418Z,2018,7,15,65.326600,22.063700,7.0,0,4.0,1,sea
2018-07-15T11:58:10.506921Z,2018,7,15,65.226500,22.354100,4.0,0,1.6,1,sea
2018-07-15T11:59:01.348844Z,2018,7,15,65.237100,22.348700,4.0,0,1.4,1,sea
2018-07-15T12:00:17.940749Z,2018,7,15,65.340500,22.103900,18.0,0,21.8,1,coast_uncertain
2018-07-15T12:00:17.941408Z,2018,7,15,65.299900,22.206700,12.0,0,20.2,1,sea
2018-07-15T12:01:16.639425Z,2018,7,15,65.200500,22.470600,-4.0,0,1.2,1,sea
2018-07-15T12:02:30.789439Z,2018,7,15,65.417200,22.330700,-12.0,0,2.2,1,sea
2018-07-15T12:02:49.541448Z,2018,7,15,65.369000,22.152700,-5.0,0,3.8,1,sea
2018-07-15T12:04:27.621275Z,2018,7,15,65.408300,22.263200,-16.0,0,5.4,1,coast_uncertain
2018-07-15T12:05:00.518728Z,2018,7,15,65.374900,22.162900,-26.0,0,4.6,1,sea
2018-07-15T12:05:00.548811Z,2018,7,15,65.385700,22.151400,-14.0,0,3.8,1,sea
2018-07-15T12:06:21.878793Z,2018,7,15,65.372900,22.231700,5.0,0,1.8,1,sea
2018-07-15T12:06:59.132400Z,2018,7,15,65.211700,22.581900,-4.0,0,1.0,1,sea
2018-07-15T12:06:59.158370Z,2018,7,15,65.381400,22.177000,-11.0,0,4.4,1,coast_uncertain
2018-07-15T12:06:59.191539Z,2018,7,15,65.376700,22.190300,-11.0,0,1.8,1,sea
2018-07-15T12:07:19.908665Z,2018,7,15,65.442200,22.094100,-9.0,0,1.8,1,sea
2018-07-15T12:08:09.112185Z,2018,7,15,65.381400,22.234600,-24.0,0,4.0,1,sea
2018-07-15T12:08:09.415376Z,2018,7,15,65.366100,22.192600,-6.0,0,1.6,1,sea
2018-07-15T12:09:03.838699Z,2018,7,15,65.385000,22.191700,-33.0,0,7.6,1,sea
2018-07-15T12:09:03.845327Z,2018,7,15,65.372300,22.234400,-4.0,0,2.4,1,sea
2018-07-15T12:09:03.868450Z,2018,7,15,65.384000,22.227500,-10.0,0,4.0,1,sea
2018-07-15T12:09:03.906890Z,2018,7,15,65.387200,22.227700,-9.0,0,1.4,1,sea
2018-07-15T12:09:39.388367Z,2018,7,15,65.290300,22.374000,12.0,0,16.4,1,sea
2018-07-15T12:09:39.389105Z,2018,7,15,65.503600,22.169200,-5.0,0,10.6,1,sea
2018-07-15T12:10:28.219233Z,2018,7,15,65.403000,22.321900,-15.0,0,6.6,1,sea
2018-07-15T12:10:28.219857Z,2018,7,15,65.339200,22.351200,8.0,0,3.0,1,sea
2018-07-15T12:11:14.627308Z,2018,7,15,65.395200,22.265400,-5.0,0,1.6,1,sea
2018-07-15T12:12:21.615085Z,2018,7,15,65.347300,22.153900,12.0,0,16.6,1,sea
2018-07-15T12:13:38.241471Z,2018,7,15,65.231100,22.611800,4.0,0,26.0,1,sea
2018-07-15T12:14:13.975798Z,2018,7,15,65.132300,22.871000,4.0,0,1.6,1,sea
2018-07-15T12:15:35.730179Z,2018,7,15,65.393200,22.377500,-9.0,0,3.2,1,coast_uncertain
2018-07-15T12:15:35.769494Z,2018,7,15,65.402000,22.359400,-6.0,0,2.2,1,sea
2018-07-15T12:16:50.050893Z,2018,7,15,65.399400,22.309800,6.0,0,8.0,1,coast_uncertain
2018-07-15T12:16:50.314906Z,2018,7,15,65.389500,22.270100,5.0,0,3.4,1,sea
2018-07-15T12:18:28.832168Z,2018,7,15,65.401500,22.423100,-6.0,0,6.0,1,sea
2018-07-15T12:19:20.482289Z,2018,7,15,65.268800,22.693600,5.0,0,2.0,1,sea
2018-07-15T12:21:10.440847Z,2018,7,15,65.392500,22.440400,9.0,0,6.6,1,coast_uncertain
2018-07-15T12:23:18.210622Z,2018,7,15,65.404100,22.460900,7.0,0,8.4,1,sea
2018-07-15T12:23:18.278791Z,2018,7,15,65.384300,22.351700,-13.0,0,3.4,1,sea
2018-07-15T12:23:18.415648Z,2018,7,15,65.377000,22.273300,-13.0,0,13.2,1,sea
2018-07-15T12:24:46.578417Z,2018,7,15,65.408000,22.477900,15.0,0,6.8,1,sea
2018-07-15T12:24:46.579970Z,2018,7,15,65.177200,22.942000,3.0,0,1.4,1,sea
2018-07-15T12:26:42.902919Z,2018,7,15,65.412500,22.531000,12.0,0,4.4,1,coast_uncertain
2018-07-15T12:28:42.589010Z,2018,7,15,65.432000,22.530900,20.0,0,9.4,1,sea
2018-07-15T12:30:31.662502Z,2018,7,15,65.426800,22.578800,7.0,0,6.0,1,sea
2018-07-15T13:29:34.065474Z,2018,7,15,65.681300,22.486500,4.0,0,2.0,1,sea
2018-07-15T13:29:34.065731Z,2018,7,15,65.888800,22.128100,5.0,0,7.4,1,coast_uncertain
2018-07-15T13:36:54.585379Z,2018,7,15,66.010700,22.067400,9.0,0,14.4,1,coast_uncertain
2018-07-15T13:41:49.667486Z,2018,7,15,65.760200,22.557600,5.0,0,3.2,1,sea
2018-07-15T13:44:41.398532Z,2018,7,15,65.981700,22.254300,6.0,0,3.8,1,coast_uncertain
2018-07-21T03:16:18.525666Z,2018,7,21,65.488100,22.884700,-4.0,0,4.2,1,sea
2018-07-21T04:38:51.349015Z,2018,7,21,65.090100,22.739800,3.0,0,5.2,1,sea
2018-07-21T04:38:51.392252Z,2018,7,21,65.119500,22.803900,8.0,0,9.2,1,sea
2018-07-21T11:04:15.279493Z,2018,7,21,65.884200,22.355200,8.0,0,6.6,1,coast_uncertain
2018-07-21T11:43:18.934355Z,2018,7,21,65.665000,21.550700,6.0,0,3.6,1,coast_uncertain
2018-07-21T11:59:43.233310Z,2018,7,21,65.734000,21.883500,5.0,0,1.4,1,mainland
2018-07-21T12:10:05.543614Z,2018,7,21,65.621500,22.832900,5.0,0,3.4,1,sea
2018-07-21T12:11:06.275656Z,2018,7,21,66.013600,22.216100,6.0,0,2.4,1,coast_uncertain
2018-07-21T12:12:19.924603Z,2018,7,21,66.010600,22.286400,12.0,0,19.2,1,mainland
2018-07-21T12:12:19.926769Z,2018,7,21,66.020400,22.209600,6.0,0,1.6,1,coast_uncertain
2018-07-21T12:13:50.526067Z,2018,7,21,66.019200,22.224200,-13.0,0,7.6,1,coast_uncertain
2018-07-21T12:15:12.326760Z,2018,7,21,66.010300,22.225100,-13.0,0,9.0,1,coast_uncertain
2018-07-21T12:15:12.351080Z,2018,7,21,65.931200,22.367500,-6.0,0,3.6,1,mainland
2018-07-21T12:16:16.247978Z,2018,7,21,66.008500,22.111400,-8.0,0,7.6,1,coast_uncertain
2018-07-21T12:17:16.094133Z,2018,7,21,65.981200,22.237700,-6.0,0,3.4,1,coast_uncertain
2018-07-21T12:19:39.766223Z,2018,7,21,65.973200,22.180700,-6.0,0,3.6,1,mainland
2018-07-21T12:22:11.219167Z,2018,7,21,65.974700,22.199300,-8.0,0,14.6,1,coast_uncertain
2018-07-21T12:25:05.585331Z,2018,7,21,66.049200,22.174900,11.0,0,15.8,1,mainland
2018-07-21T12:31:27.249263Z,2018,7,21,65.784800,22.530400,7.0,0,30.2,1,coast_uncertain
2018-07-21T12:31:27.252190Z,2018,7,21,65.858600,22.411200,8.0,0,4.2,1,coast_uncertain
2018-07-21T12:31:27.270544Z,2018,7,21,65.856100,22.445000,5.0,0,6.8,1,coast_uncertain
2018-07-21T12:50:29.621781Z,2018,7,21,65.920300,22.147000,-6.0,0,4.0,1,coast_uncertain
2018-07-21T12:58:36.081555Z,2018,7,21,65.783600,22.369300,5.0,0,3.0,1,sea
2018-07-21T13:04:24.726261Z,2018,7,21,65.991100,21.906000,7.0,0,13.8,1,mainland
2018-07-21T13:11:09.037855Z,2018,7,21,65.993000,21.885500,8.0,0,14.2,1,mainland
2018-07-21T13:13:15.388238Z,2018,7,21,65.965800,22.087800,6.0,0,8.2,1,coast_uncertain
2018-07-21T13:20:19.628550Z,2018,7,21,65.853900,22.128000,5.0,0,3.6,1,mainland
2018-07-21T13:22:02.967308Z,2018,7,21,65.795400,22.279000,7.0,0,1.6,1,mainland
2018-07-21T13:28:47.709872Z,2018,7,21,65.607100,22.441700,17.0,0,8.0,1,coast_uncertain
2018-07-21T14:32:33.289926Z,2018,7,21,66.087000,22.311100,13.0,0,16.4,1,mainland
2018-07-21T14:35:38.961269Z,2018,7,21,66.077600,22.305300,16.0,0,20.8,1,mainland
2018-07-21T14:35:38.962185Z,2018,7,21,66.079500,22.289500,18.0,0,12.2,1,mainland
2018-07-21T14:36:03.440454Z,2018,7,21,66.083000,22.225100,7.0,0,9.2,1,coast_uncertain
2018-07-21T14:38:40.167280Z,2018,7,21,66.034000,22.272100,-7.0,0,9.0,1,coast_uncertain
2018-07-21T14:41:08.081203Z,2018,7,21,66.094600,22.266500,6.0,0,5.8,1,coast_uncertain
2018-07-21T14:41:08.086009Z,2018,7,21,66.091700,22.276000,6.0,0,15.2,1,mainland
2018-07-21T14:41:08.249877Z,2018,7,21,66.043500,22.277200,-8.0,0,6.2,1,coast_uncertain
2018-07-21T14:41:45.486434Z,2018,7,21,66.047600,22.210200,-12.0,0,22.0,1,mainland
2018-07-21T14:42:06.072296Z,2018,7,21,66.090700,22.257600,7.0,0,8.4,1,coast_uncertain
2018-07-21T14:42:06.073108Z,2018,7,21,66.098000,22.249600,8.0,0,4.4,1,coast_uncertain
2018-07-21T14:42:06.079264Z,2018,7,21,66.094300,22.263800,9.0,0,17.0,1,coast_uncertain
2018-07-21T14:42:18.511359Z,2018,7,21,66.177000,22.144900,-7.0,0,9.4,1,mainland
2018-07-21T14:43:05.057077Z,2018,7,21,66.095100,22.252400,5.0,0,3.0,1,coast_uncertain
2018-07-21T14:43:05.057811Z,2018,7,21,66.098800,22.260700,9.0,0,15.4,1,coast_uncertain
2018-07-21T14:43:05.073318Z,2018,7,21,66.097100,22.273600,15.0,0,16.0,1,coast_uncertain
2018-07-21T14:43:59.206339Z,2018,7,21,66.089600,22.138300,-12.0,0,14.0,1,mainland
2018-07-21T14:44:25.486400Z,2018,7,21,66.094500,22.274000,5.0,0,1.8,1,coast_uncertain
2018-07-21T14:44:25.502133Z,2018,7,21,66.099600,22.259100,6.0,0,2.8,1,coast_uncertain
2018-07-21T14:44:25.504667Z,2018,7,21,66.176800,22.264200,11.0,0,5.8,1,mainland
2018-07-21T14:45:10.570779Z,2018,7,21,66.105000,22.126400,10.0,0,29.2,1,mainland
2018-07-21T14:45:10.574386Z,2018,7,21,66.092600,22.270500,7.0,0,2.0,1,coast_uncertain
2018-07-21T14:45:10.578627Z,2018,7,21,66.095200,22.266400,20.0,0,15.2,1,coast_uncertain
2018-07-21T14:45:10.587399Z,2018,7,21,66.092800,22.262900,7.0,0,4.8,1,coast_uncertain
2018-07-21T14:45:10.594151Z,2018,7,21,66.028500,22.379000,6.0,0,2.0,1,mainland
2018-07-21T14:45:10.598557Z,2018,7,21,66.090900,22.282400,7.0,0,7.0,1,mainland
2018-07-21T14:45:30.749365Z,2018,7,21,66.093600,22.250300,5.0,0,2.0,1,coast_uncertain
2018-07-21T14:45:30.955363Z,2018,7,21,66.074600,22.141900,-10.0,0,13.8,1,coast_uncertain
2018-07-21T14:46:07.622575Z,2018,7,21,66.099000,22.235100,9.0,0,13.2,1,coast_uncertain
2018-07-21T14:46:54.371390Z,2018,7,21,66.069400,22.349100,8.0,0,3.2,1,coast_uncertain
2018-07-21T14:46:58.973371Z,2018,7,21,66.030100,22.121700,-14.0,0,9.0,1,coast_uncertain
2018-07-21T14:47:47.923716Z,2018,7,21,66.104300,22.231500,13.0,0,4.8,1,coast_uncertain
2018-07-21T14:47:47.924353Z,2018,7,21,66.062800,22.077900,-9.0,0,17.4,1,coast_uncertain
2018-07-21T14:47:47.925453Z,2018,7,21,66.101700,22.247700,10.0,0,6.6,1,coast_uncertain
2018-07-21T14:47:47.927786Z,2018,7,21,66.101600,22.243400,6.0,0,2.8,1,coast_uncertain
2018-07-21T14:48:54.626471Z,2018,7,21,66.098300,22.262700,15.0,0,27.4,1,coast_uncertain
2018-07-21T14:48:54.627156Z,2018,7,21,66.098200,22.243900,11.0,0,5.4,1,coast_uncertain
2018-07-21T14:48:54.631932Z,2018,7,21,66.104600,22.248200,8.0,0,3.4,1,coast_uncertain
2018-07-21T14:48:54.643335Z,2018,7,21,66.100200,22.260300,8.0,0,4.4,1,coast_uncertain
2018-07-21T14:48:54.654517Z,2018,7,21,66.108600,22.264500,7.0,0,5.8,1,mainland
2018-07-21T14:48:54.772352Z,2018,7,21,66.091900,22.158500,-18.0,0,9.6,1,coast_uncertain
2018-07-21T14:49:45.618982Z,2018,7,21,66.128700,22.239200,6.0,0,3.8,1,coast_uncertain
2018-07-21T14:49:45.745812Z,2018,7,21,66.129700,22.157100,-17.0,0,8.0,1,coast_uncertain
2018-07-21T14:50:22.408911Z,2018,7,21,66.096500,22.216400,-18.0,0,16.2,1,mainland
2018-07-21T14:50:22.460209Z,2018,7,21,66.089800,22.228900,-10.0,0,5.0,1,coast_uncertain
2018-07-21T14:50:22.505486Z,2018,7,21,66.055000,22.166400,-9.0,0,10.8,1,coast_uncertain
2018-07-21T14:51:00.322596Z,2018,7,21,66.131400,22.232900,-9.0,0,5.6,1,coast_uncertain
2018-07-21T14:51:00.329184Z,2018,7,21,66.124000,22.254300,-42.0,0,21.6,1,coast_uncertain
2018-07-21T14:51:00.350569Z,2018,7,21,66.124900,22.257000,-7.0,0,6.2,1,coast_uncertain
2018-07-21T14:51:19.013398Z,2018,7,21,66.130100,22.222000,8.0,0,6.4,1,coast_uncertain
2018-07-21T14:51:19.015203Z,2018,7,21,66.132800,22.240200,7.0,0,2.6,1,coast_uncertain
2018-07-21T14:51:54.947015Z,2018,7,21,66.121600,22.214100,8.0,0,11.4,1,coast_uncertain
2018-07-21T14:51:54.957815Z,2018,7,21,66.097000,22.199300,12.0,0,26.4,1,coast_uncertain
2018-07-21T14:52:26.550157Z,2018,7,21,66.061500,22.368000,-12.0,0,11.4,1,mainland
2018-07-21T14:53:29.895969Z,2018,7,21,66.124300,22.227700,7.0,0,4.6,1,coast_uncertain
2018-07-21T14:53:29.899246Z,2018,7,21,66.131700,22.230400,9.0,0,26.6,1,coast_uncertain
2018-07-21T14:53:29.915650Z,2018,7,21,66.079100,22.327700,7.0,0,22.2,1,coast_uncertain
2018-07-21T14:54:11.540452Z,2018,7,21,66.121500,22.204600,8.0,0,2.4,1,coast_uncertain
2018-07-21T14:54:11.542348Z,2018,7,21,66.119800,22.215000,6.0,0,2.0,1,coast_uncertain
2018-07-21T14:54:54.731996Z,2018,7,21,66.097300,22.297000,10.0,0,30.2,1,mainland
2018-07-21T14:54:54.732647Z,2018,7,21,65.931600,22.536400,9.0,0,14.4,1,coast_uncertain
2018-07-21T14:54:54.989971Z,2018,7,21,66.090700,22.104000,-5.0,0,11.4,1,mainland
2018-07-21T14:56:05.800499Z,2018,7,21,66.125500,22.203600,13.0,0,16.0,1,coast_uncertain
2018-07-21T14:56:53.793828Z,2018,7,21,66.060400,22.175600,-8.0,0,4.4,1,coast_uncertain
2018-07-21T14:58:11.484271Z,2018,7,21,66.059700,22.197100,-16.0,0,7.2,1,coast_uncertain
2018-07-21T15:00:14.422494Z,2018,7,21,66.122600,22.198100,5.0,0,1.8,1,coast_uncertain
2018-07-21T15:00:14.587462Z,2018,7,21,66.065700,22.110400,-11.0,0,10.6,1,mainland
2018-07-21T15:00:40.618579Z,2018,7,21,66.073000,22.119200,12.0,0,22.2,1,mainland
2018-07-21T15:00:40.621090Z,2018,7,21,66.122800,22.176900,7.0,0,6.2,1,mainland
2018-07-21T15:02:18.989822Z,2018,7,21,66.119600,22.195800,6.0,0,6.0,1,coast_uncertain
2018-07-21T15:02:19.145440Z,2018,7,21,66.081300,22.090500,-14.0,0,5.6,1,coast_uncertain
2018-07-21T15:03:44.861324Z,2018,7,21,66.125900,22.173200,10.0,0,8.8,1,coast_uncertain
2018-07-21T15:03:44.861897Z,2018,7,21,66.128100,22.197600,13.0,0,11.4,1,mainland
2018-07-21T15:03:44.863609Z,2018,7,21,66.127300,22.175100,10.0,0,5.2,1,mainland
2018-07-21T15:03:45.105168Z,2018,7,21,66.069200,22.218400,-7.0,0,5.8,1,coast_uncertain
2018-07-21T15:05:24.319120Z,2018,7,21,66.126400,22.173000,7.0,0,30.2,1,coast_uncertain
2018-07-21T15:05:24.413634Z,2018,7,21,66.081300,22.162400,-17.0,0,6.4,1,coast_uncertain
2018-07-21T15:06:20.836648Z,2018,7,21,66.115100,22.345900,9.0,0,18.0,1,coast_uncertain
2018-07-21T15:06:20.836976Z,2018,7,21,66.133300,22.124300,11.0,0,19.6,1,mainland
2018-07-21T15:06:57.968684Z,2018,7,21,66.155500,22.048300,-15.0,0,16.8,1,coast_uncertain
2018-07-21T15:06:58.152105Z,2018,7,21,65.924800,22.400600,-6.0,0,3.0,1,mainland
2018-07-21T15:07:46.489663Z,2018,7,21,66.133300,22.148900,5.0,0,1.6,1,coast_uncertain
2018-07-21T15:09:21.767428Z,2018,7,21,66.142800,22.161200,6.0,0,5.8,1,mainland
2018-07-21T15:09:21.952221Z,2018,7,21,66.074700,22.159600,-21.0,0,6.4,1,coast_uncertain
2018-07-21T15:12:15.295527Z,2018,7,21,66.157000,22.113800,-12.0,0,8.2,1,mainland
2018-07-21T15:12:15.298074Z,2018,7,21,66.134400,22.104200,-132.0,0,13.2,1,mainland
2018-07-21T15:12:15.298102Z,2018,7,21,66.212700,22.205900,-181.0,0,25.0,1,mainland
2018-07-21T15:12:15.340552Z,2018,7,21,66.129300,22.109300,-6.0,0,4.6,1,mainland
2018-07-21T15:12:15.344589Z,2018,7,21,66.150500,22.109000,-15.0,0,9.4,1,coast_uncertain
2018-07-21T15:12:15.361846Z,2018,7,21,66.139500,22.093000,-16.0,0,8.2,1,mainland
2018-07-21T15:16:02.480131Z,2018,7,21,66.089800,22.155000,-14.0,0,5.0,1,coast_uncertain
2018-07-21T15:18:46.349218Z,2018,7,21,66.270100,22.089400,5.0,0,2.6,1,mainland
2018-07-21T15:21:41.261078Z,2018,7,21,66.227300,22.063800,-8.0,0,13.2,1,mainland
2018-07-21T15:28:01.586174Z,2018,7,21,65.958900,22.217000,-6.0,0,2.6,1,coast_uncertain
2018-07-21T15:29:04.399584Z,2018,7,21,65.984700,22.177400,6.0,0,3.4,1,coast_uncertain
2018-07-21T15:33:44.962533Z,2018,7,21,66.022700,22.251800,6.0,0,21.2,1,mainland
2018-07-21T15:33:44.964764Z,2018,7,21,65.976200,22.319000,6.0,0,2.6,1,coast_uncertain
2018-07-21T15:42:54.288453Z,2018,7,21,66.132700,22.015000,19.0,0,30.2,1,mainland
2018-07-21T15:46:01.504885Z,2018,7,21,65.802100,22.531000,7.0,0,2.4,1,coast_uncertain
2018-07-21T15:49:28.059519Z,2018,7,21,65.887000,22.406600,5.0,0,2.6,1,coast_uncertain
2018-07-21T21:11:02.219263Z,2018,7,21,65.455200,22.552400,12.0,0,15.6,1,sea
2018-07-21T21:13:46.123914Z,2018,7,21,65.265600,22.898300,6.0,0,2.8,1,sea
2018-07-21T21:13:46.132125Z,2018,7,21,65.457800,22.551100,-21.0,0,8.2,1,sea
2018-07-21T21:13:46.207713Z,2018,7,21,65.443400,22.483500,-10.0,0,3.0,1,sea
2018-07-21T21:43:18.381450Z,2018,7,21,65.306400,22.367300,-11.0,0,8.8,1,coast_uncertain
2018-07-21T21:59:34.500140Z,2018,7,21,65.435400,22.310400,-19.0,0,4.8,1,coast_uncertain
2018-07-21T22:03:07.857820Z,2018,7,21,65.399700,22.279200,-75.0,0,6.4,1,coast_uncertain
2018-07-21T22:03:07.885652Z,2018,7,21,65.415700,22.249900,-17.0,0,3.2,1,sea
2018-07-21T22:03:07.896396Z,2018,7,21,65.400900,22.268200,-16.0,0,2.8,1,coast_uncertain
2018-07-21T22:03:07.906596Z,2018,7,21,65.638100,21.864200,6.0,0,12.4,1,mainland
2018-07-21T22:03:07.923374Z,2018,7,21,65.398800,22.277600,-16.0,0,2.4,1,coast_uncertain
2018-07-21T22:03:07.941597Z,2018,7,21,65.398600,22.276100,-16.0,0,2.0,1,coast_uncertain
2018-07-21T22:03:08.057124Z,2018,7,21,65.399200,22.267400,-27.0,0,8.2,1,coast_uncertain
2018-07-21T22:03:08.065852Z,2018,7,21,65.400600,22.269500,-4.0,0,1.2,1,coast_uncertain
2018-07-21T22:03:08.187727Z,2018,7,21,65.398600,22.279000,-13.0,0,2.2,1,coast_uncertain
2018-07-21T22:03:08.201392Z,2018,7,21,65.401600,22.267400,-6.0,0,1.2,1,coast_uncertain
2018-07-21T22:06:05.712722Z,2018,7,21,65.402600,22.256700,-4.0,0,2.8,1,sea
2018-07-21T22:06:05.720387Z,2018,7,21,65.404100,22.261900,-47.0,0,6.4,1,coast_uncertain
2018-07-21T22:06:05.776394Z,2018,7,21,65.405600,22.256700,-19.0,0,5.0,1,sea
2018-07-21T22:22:48.862548Z,2018,7,21,65.442100,22.080100,-18.0,0,19.0,1,sea
2018-07-21T22:22:48.863390Z,2018,7,21,65.426500,22.181700,18.0,0,14.6,1,coast_uncertain
2018-07-21T22:25:27.633621Z,2018,7,21,65.423000,22.178400,12.0,0,4.2,1,sea
2018-07-21T22:25:27.634353Z,2018,7,21,65.427700,22.169500,12.0,0,5.2,1,coast_uncertain
2018-07-21T22:25:27.638847Z,2018,7,21,65.425100,22.177000,10.0,0,8.4,1,sea
2018-07-21T22:25:27.640684Z,2018,7,21,65.430900,22.187100,7.0,0,15.8,1,coast_uncertain
2018-07-21T22:30:44.151039Z,2018,7,21,65.621000,22.477000,-4.0,0,1.8,1,coast_uncertain
2018-07-21T22:30:44.163324Z,2018,7,21,65.708800,22.402800,-14.0,0,5.2,1,coast_uncertain
2018-07-21T22:30:44.185433Z,2018,7,21,65.702600,22.428700,-8.0,0,3.4,1,coast_uncertain
2018-07-21T22:30:44.238404Z,2018,7,21,65.706500,22.413800,-10.0,0,4.6,1,coast_uncertain
2018-07-21T22:30:44.294838Z,2018,7,21,65.689100,22.403900,-11.0,0,3.2,1,sea
2018-07-21T22:33:26.282858Z,2018,7,21,65.835500,22.446800,12.0,0,5.8,1,sea
2018-07-21T22:33:26.293300Z,2018,7,21,65.711200,22.413900,-19.0,0,4.8,1,coast_uncertain
2018-07-21T22:33:26.317216Z,2018,7,21,65.710800,22.406800,-13.0,0,6.0,1,coast_uncertain
2018-07-21T22:40:01.087210Z,2018,7,21,65.733800,22.388700,17.0,0,18.4,1,sea
2018-07-21T22:40:01.088121Z,2018,7,21,65.806300,22.402700,6.0,0,2.6,1,sea
2018-07-21T22:40:01.089001Z,2018,7,21,65.602300,22.619400,5.0,0,2.0,1,coast_uncertain
2018-07-21T22:40:01.099101Z,2018,7,21,65.719100,22.418800,11.0,0,30.2,1,coast_uncertain
2018-07-21T22:40:01.101190Z,2018,7,21,65.726100,22.385300,7.0,0,8.8,1,coast_uncertain
2018-07-21T22:42:03.144240Z,2018,7,21,65.711700,22.506900,7.0,0,5.6,1,sea
2018-07-21T22:44:24.060020Z,2018,7,21,65.710700,22.501500,7.0,0,20.8,1,sea
2018-07-21T22:44:24.061771Z,2018,7,21,65.433500,22.953500,4.0,0,1.4,1,sea
2018-07-21T22:45:50.844127Z,2018,7,21,65.715200,22.476100,-9.0,0,5.8,1,sea
2018-07-21T22:54:24.408301Z,2018,7,21,65.612800,22.257100,17.0,0,21.6,1,coast_uncertain
2018-07-21T22:54:24.419803Z,2018,7,21,65.535400,22.400900,11.0,0,3.0,1,coast_uncertain
2018-07-21T22:54:24.775876Z,2018,7,21,65.478400,22.150300,6.0,0,1.6,1,coast_uncertain
2018-07-21T22:55:30.889125Z,2018,7,21,65.573300,22.471200,6.0,0,15.2,1,sea
2018-07-21T22:55:30.890772Z,2018,7,21,65.502800,22.589300,4.0,0,14.6,1,sea
2018-07-21T22:55:30.892501Z,2018,7,21,65.394800,22.678000,5.0,0,1.8,1,sea
2018-07-21T22:55:30.900293Z,2018,7,21,65.576500,22.331600,8.0,0,7.0,1,mainland
2018-07-21T22:57:11.999433Z,2018,7,21,65.532400,22.449200,7.0,0,10.6,1,sea
2018-07-21T22:57:12.014606Z,2018,7,21,65.570000,22.421000,-18.0,0,4.4,1,sea
2018-07-21T22:59:40.231838Z,2018,7,21,65.368000,22.941200,4.0,0,5.4,1,sea
2018-07-21T22:59:40.231841Z,2018,7,21,65.581900,22.296600,-10.0,0,6.2,1,coast_uncertain
2018-07-21T22:59:40.236301Z,2018,7,21,65.573300,22.347900,-79.0,0,10.6,1,mainland
2018-07-21T22:59:40.264198Z,2018,7,21,65.567400,22.274600,-11.0,0,5.6,1,coast_uncertain
2018-07-21T22:59:40.271352Z,2018,7,21,65.586600,22.383100,-5.0,0,18.2,1,sea
2018-07-21T23:03:23.281853Z,2018,7,21,65.589200,22.264200,-12.0,0,7.2,1,mainland
2018-07-21T23:03:23.281916Z,2018,7,21,65.301800,22.809700,8.0,0,2.2,1,sea
2018-07-21T23:03:23.283712Z,2018,7,21,65.487300,22.445700,-5.0,0,1.6,1,sea
2018-07-21T23:03:23.311542Z,2018,7,21,65.467900,22.907400,-27.0,0,7.4,1,sea
2018-07-21T23:03:23.325749Z,2018,7,21,65.575500,22.284500,-20.0,0,6.0,1,mainland
2018-07-21T23:03:23.372599Z,2018,7,21,65.581100,22.350400,-5.0,0,2.6,1,coast_uncertain
2018-07-21T23:10:03.906479Z,2018,7,21,65.574400,22.497500,-7.0,0,25.4,1,sea
2018-07-21T23:10:03.908766Z,2018,7,21,65.675900,22.196800,-8.0,0,4.0,1,mainland
2018-07-21T23:10:03.987513Z,2018,7,21,65.685400,22.211700,13.0,0,4.2,1,coast_uncertain
2018-07-21T23:20:54.422453Z,2018,7,21,65.667100,22.215200,-7.0,0,3.0,1,mainland
2018-07-21T23:27:13.162537Z,2018,7,21,65.686400,22.170800,-8.0,0,5.8,1,mainland
2018-07-21T23:27:13.170326Z,2018,7,21,65.680500,22.190700,-17.0,0,11.0,1,mainland
2018-07-21T23:27:13.187193Z,2018,7,21,65.690600,22.184400,-20.0,0,6.4,1,mainland
2018-07-21T23:27:13.207682Z,2018,7,21,65.690200,22.188800,-14.0,0,4.8,1,mainland
2018-07-21T23:27:13.314825Z,2018,7,21,65.677800,22.152800,5.0,0,5.6,1,mainland
2018-07-21T23:29:50.180530Z,2018,7,21,65.690100,22.103300,-11.0,0,2.6,1,coast_uncertain
2018-07-21T23:29:50.188940Z,2018,7,21,65.678800,22.134600,-47.0,0,8.8,1,mainland
2018-07-21T23:29:50.206443Z,2018,7,21,65.679400,22.136100,-16.0,0,7.6,1,mainland
2018-07-21T23:29:50.234594Z,2018,7,21,65.083800,22.578700,3.0,0,5.6,1,sea
2018-07-21T23:29:50.269772Z,2018,7,21,65.675900,22.155700,18.0,0,6.0,1,mainland
2018-07-21T23:29:50.350286Z,2018,7,21,65.683700,22.169700,-6.0,0,3.2,1,mainland
2018-07-21T23:29:50.387625Z,2018,7,21,65.681900,22.172500,-6.0,0,3.2,1,mainland
2018-07-21T23:33:58.044779Z,2018,7,21,65.589700,22.389800,-22.0,0,5.6,1,coast_uncertain
2018-07-21T23:33:58.105980Z,2018,7,21,65.554600,22.381700,-6.0,0,4.8,1,mainland
2018-07-21T23:35:22.011619Z,2018,7,21,65.684600,22.117900,-6.0,0,3.6,1,mainland
2018-07-21T23:37:52.206274Z,2018,7,21,65.665400,22.156200,-5.0,0,2.4,1,mainland
2018-07-21T23:37:52.219512Z,2018,7,21,65.692200,22.116000,-18.0,0,4.8,1,mainland
2018-07-21T23:37:52.255132Z,2018,7,21,65.683300,22.181500,-10.0,0,7.0,1,mainland
2018-07-21T23:37:52.306655Z,2018,7,21,65.683600,22.200500,-10.0,0,6.4,1,mainland
2018-07-21T23:37:52.349099Z,2018,7,21,65.677600,22.130800,6.0,0,7.6,1,mainland
2018-07-21T23:42:11.614565Z,2018,7,21,65.280500,22.873800,-5.0,0,3.6,1,sea
2018-07-21T23:42:11.615226Z,2018,7,21,65.567700,22.356600,17.0,0,10.4,1,mainland
2018-07-21T23:42:11.615717Z,2018,7,21,65.568700,22.327500,18.0,0,18.2,1,mainland
2018-07-21T23:42:11.616198Z,2018,7,21,65.572200,22.335100,13.0,0,21.0,1,mainland
2018-07-21T23:42:11.617017Z,2018,7,21,65.628500,22.339800,7.0,0,3.4,1,coast_uncertain
2018-07-21T23:42:11.617411Z,2018,7,21,65.568600,22.264300,9.0,0,10.2,1,coast_uncertain
2018-07-21T23:42:11.618063Z,2018,7,21,65.558700,22.350300,6.0,0,10.2,1,mainland
2018-07-21T23:42:11.618835Z,2018,7,21,65.596600,22.454900,6.0,0,26.8,1,sea
2018-07-21T23:42:11.958257Z,2018,7,21,65.668500,22.216400,-48.0,0,11.8,1,mainland
2018-07-21T23:42:11.967019Z,2018,7,21,65.730600,22.235800,-4.0,0,1.8,1,inland_water
2018-07-21T23:42:11.996404Z,2018,7,21,65.526800,22.474100,5.0,0,7.2,1,sea
2018-07-21T23:42:11.998388Z,2018,7,21,65.539000,22.469200,8.0,0,3.0,1,sea
2018-07-21T23:42:12.053801Z,2018,7,21,65.670800,22.213400,-11.0,0,3.4,1,mainland
2018-07-21T23:42:12.246973Z,2018,7,21,65.668500,22.219900,-8.0,0,3.2,1,mainland
2018-07-21T23:45:19.227064Z,2018,7,21,65.568900,22.358600,12.0,0,7.2,1,mainland
2018-07-21T23:45:19.228055Z,2018,7,21,65.568900,22.356300,8.0,0,6.0,1,mainland
2018-07-21T23:45:19.229095Z,2018,7,21,65.473100,22.536500,15.0,0,10.4,1,coast_uncertain
2018-07-21T23:45:19.231015Z,2018,7,21,65.586700,22.315500,6.0,0,3.0,1,coast_uncertain
2018-07-21T23:48:27.915840Z,2018,7,21,65.307900,22.900000,5.0,0,3.2,1,sea
2018-07-21T23:48:27.915963Z,2018,7,21,65.586800,22.383700,11.0,0,20.6,1,sea
2018-07-21T23:48:27.916963Z,2018,7,21,65.567900,22.423700,18.0,0,18.4,1,sea
2018-07-21T23:48:27.916964Z,2018,7,21,65.570800,22.401800,23.0,0,19.6,1,sea
2018-07-21T23:50:14.627904Z,2018,7,21,65.574800,22.372200,13.0,0,7.6,1,coast_uncertain
2018-07-21T23:56:48.963164Z,2018,7,21,65.540100,22.390700,18.0,0,7.6,1,coast_uncertain
2018-07-21T23:56:48.963456Z,2018,7,21,65.532900,22.383800,13.0,0,11.6,1,coast_uncertain
2018-07-21T23:56:48.964877Z,2018,7,21,65.511800,22.447800,8.0,0,7.8,1,sea
2018-07-21T23:56:48.965717Z,2018,7,21,65.372200,22.711100,4.0,0,1.4,1,sea
2018-07-21T23:56:48.969956Z,2018,7,21,65.546000,22.386700,6.0,0,27.6,1,coast_uncertain
2018-07-21T23:56:48.973570Z,2018,7,21,65.547300,22.387300,5.0,0,2.8,1,coast_uncertain
2018-07-21T23:56:49.269260Z,2018,7,21,65.497200,22.480600,6.0,0,2.2,1,coast_uncertain
2018-07-22T00:01:48.095006Z,2018,7,22,65.534700,22.539500,-57.0,0,13.0,1,coast_uncertain
2018-07-22T00:01:48.128907Z,2018,7,22,65.521300,22.545800,-11.0,0,4.4,1,coast_uncertain
2018-07-22T00:01:48.131427Z,2018,7,22,65.611500,22.403200,-5.0,0,7.0,1,coast_uncertain
2018-07-22T00:01:48.150533Z,2018,7,22,65.510100,22.584500,-13.0,0,2.8,1,coast_uncertain
2018-07-22T00:01:48.204284Z,2018,7,22,65.458800,22.692700,5.0,0,3.6,1,sea
2018-07-22T00:01:48.208290Z,2018,7,22,65.502900,22.562000,4.0,0,4.0,1,coast_uncertain
2018-07-22T00:04:25.401707Z,2018,7,22,65.510200,22.531600,16.0,0,8.4,1,coast_uncertain
2018-07-22T00:04:25.403140Z,2018,7,22,65.472600,22.644300,6.0,0,20.0,1,coast_uncertain
2018-07-22T00:04:25.405787Z,2018,7,22,65.517400,22.538600,5.0,0,3.0,1,coast_uncertain
2018-07-22T00:04:25.417420Z,2018,7,22,65.518900,22.530900,7.0,0,7.8,1,sea
2018-07-22T00:04:25.435786Z,2018,7,22,65.458800,22.558900,-4.0,0,5.0,1,sea
2018-07-22T00:04:25.446665Z,2018,7,22,65.513600,22.528500,7.0,0,14.0,1,coast_uncertain
2018-07-22T00:04:25.587076Z,2018,7,22,65.509200,22.560200,-10.0,0,4.0,1,sea
2018-07-22T00:04:26.045368Z,2018,7,22,65.608400,22.390800,4.0,0,2.8,1,coast_uncertain
2018-07-22T00:04:26.062313Z,2018,7,22,65.549800,22.523600,-6.0,0,5.4,1,sea
2018-07-22T00:08:47.370243Z,2018,7,22,65.524100,22.507000,14.0,0,7.0,1,sea
2018-07-22T00:08:47.371623Z,2018,7,22,65.467000,22.465700,21.0,0,10.2,1,sea
2018-07-22T00:08:47.373875Z,2018,7,22,65.492700,22.516400,8.0,0,26.2,1,coast_uncertain
2018-07-22T00:08:47.377403Z,2018,7,22,65.285400,22.968100,5.0,0,3.0,1,sea
2018-07-22T00:08:47.378365Z,2018,7,22,65.402700,22.729000,5.0,0,5.0,1,sea
2018-07-22T00:08:47.404311Z,2018,7,22,65.523300,22.506900,5.0,0,9.4,1,sea
2018-07-22T00:11:01.330094Z,2018,7,22,65.434900,22.472900,-5.0,0,2.0,1,sea
2018-07-22T00:11:01.378131Z,2018,7,22,65.434300,22.494200,-10.0,0,3.6,1,sea
2018-07-22T00:11:01.419014Z,2018,7,22,65.482100,22.395600,-11.0,0,2.8,1,sea
2018-07-22T00:13:41.833784Z,2018,7,22,65.582600,22.467700,20.0,0,5.2,1,sea
2018-07-22T00:13:41.839514Z,2018,7,22,65.643700,22.413800,6.0,0,10.4,1,coast_uncertain
2018-07-22T00:13:41.892312Z,2018,7,22,65.493300,22.549400,-6.0,0,11.0,1,islands
2018-07-22T00:13:41.907444Z,2018,7,22,65.588200,22.471000,5.0,0,7.0,1,sea
2018-07-22T00:13:58.530558Z,2018,7,22,65.459600,22.497500,-16.0,0,8.2,1,sea
2018-07-22T00:13:58.541420Z,2018,7,22,65.455800,22.491900,-17.0,0,3.0,1,sea
2018-07-22T00:13:58.556666Z,2018,7,22,65.443400,22.494100,-11.0,0,4.0,1,sea
2018-07-22T00:15:56.247169Z,2018,7,22,65.398200,22.514800,-4.0,0,2.8,1,coast_uncertain
2018-07-22T00:15:56.249387Z,2018,7,22,65.361500,22.585200,-4.0,0,3.2,1,sea
2018-07-22T00:15:56.261226Z,2018,7,22,65.409300,22.499400,-17.0,0,2.6,1,coast_uncertain
2018-07-22T00:15:56.295014Z,2018,7,22,65.399000,22.478500,-12.0,0,3.4,1,sea
2018-07-22T00:16:39.193641Z,2018,7,22,65.539600,22.490600,13.0,0,6.4,1,sea
2018-07-22T00:16:39.194487Z,2018,7,22,65.529800,22.506300,16.0,0,20.0,1,sea
2018-07-22T00:16:39.196420Z,2018,7,22,65.541900,22.525800,6.0,0,7.6,1,sea
2018-07-22T00:16:39.201186Z,2018,7,22,65.466700,22.639400,4.0,0,3.4,1,coast_uncertain
2018-07-22T00:16:39.210903Z,2018,7,22,65.536900,22.519300,6.0,0,3.4,1,sea
2018-07-22T00:16:39.213290Z,2018,7,22,65.550900,22.483500,8.0,0,22.6,1,sea
2018-07-22T00:16:39.220398Z,2018,7,22,65.606100,22.451800,-8.0,0,21.2,1,coast_uncertain
2018-07-22T00:16:52.670340Z,2018,7,22,65.326600,22.082100,6.0,0,5.8,1,sea
2018-07-22T00:16:52.689325Z,2018,7,22,65.125100,22.511500,-3.0,0,2.0,1,sea
2018-07-22T00:17:40.579229Z,2018,7,22,65.357800,22.853500,4.0,0,3.0,1,sea
2018-07-22T00:18:55.976676Z,2018,7,22,65.469100,22.469100,7.0,0,9.6,1,sea
2018-07-22T00:18:56.137527Z,2018,7,22,65.576400,22.481900,-5.0,0,6.6,1,sea
2018-07-22T00:18:56.149222Z,2018,7,22,65.447700,22.506700,5.0,0,1.4,1,sea
2018-07-22T00:20:19.060752Z,2018,7,22,65.272300,22.769000,4.0,0,1.2,1,sea
2018-07-22T00:21:35.885003Z,2018,7,22,65.473200,22.504100,-52.0,0,11.4,1,sea
2018-07-22T00:21:35.898938Z,2018,7,22,65.483500,22.511700,-12.0,0,8.8,1,coast_uncertain
2018-07-22T00:21:35.901507Z,2018,7,22,65.480000,22.477300,-9.0,0,3.8,1,sea
2018-07-22T00:21:36.101356Z,2018,7,22,65.548800,22.431800,6.0,0,4.2,1,coast_uncertain
2018-07-22T00:21:36.105923Z,2018,7,22,65.554700,22.469900,10.0,0,3.2,1,sea
2018-07-22T00:21:36.115654Z,2018,7,22,65.418600,22.765000,4.0,0,2.8,1,sea
2018-07-22T00:21:36.128564Z,2018,7,22,65.491200,22.509900,7.0,0,6.6,1,coast_uncertain
2018-07-22T00:21:36.341458Z,2018,7,22,65.480400,22.479200,-8.0,0,3.2,1,coast_uncertain
2018-07-22T00:22:00.242299Z,2018,7,22,65.295400,22.078000,-14.0,0,5.0,1,sea
2018-07-22T00:22:00.254290Z,2018,7,22,65.291200,22.086500,-25.0,0,8.2,1,sea
2018-07-22T00:22:00.262186Z,2018,7,22,65.378200,22.124300,-20.0,0,3.4,1,sea
2018-07-22T00:22:00.262221Z,2018,7,22,65.283700,22.098300,-16.0,0,6.0,1,sea
2018-07-22T00:22:00.491774Z,2018,7,22,65.487200,22.123100,-5.0,0,3.4,1,sea
2018-07-22T00:22:00.495542Z,2018,7,22,65.283200,22.097700,11.0,0,1.8,1,sea
2018-07-22T00:23:14.703114Z,2018,7,22,65.503500,22.640800,-5.0,0,5.8,1,sea
2018-07-22T00:23:14.710290Z,2018,7,22,65.509300,22.625200,-13.0,0,7.8,1,sea
2018-07-22T00:23:14.755485Z,2018,7,22,65.498000,22.646600,-15.0,0,3.6,1,sea
2018-07-22T00:23:14.928691Z,2018,7,22,65.490400,22.645800,-13.0,0,3.4,1,sea
2018-07-22T00:23:14.949922Z,2018,7,22,65.488000,22.651300,-7.0,0,2.6,1,sea
2018-07-22T00:23:15.065413Z,2018,7,22,65.493300,22.561400,6.0,0,5.6,1,coast_uncertain
2018-07-22T00:23:15.076444Z,2018,7,22,65.527800,22.531000,6.0,0,5.2,1,sea
2018-07-22T00:23:15.276674Z,2018,7,22,65.528600,22.496900,7.0,0,11.0,1,sea
2018-07-22T00:23:15.277128Z,2018,7,22,65.370300,22.812000,10.0,0,19.0,1,sea
2018-07-22T00:23:15.278228Z,2018,7,22,65.534000,22.487100,4.0,0,12.6,1,sea
2018-07-22T00:23:15.279991Z,2018,7,22,65.419900,22.695000,-5.0,0,2.0,1,sea
2018-07-22T00:23:15.281612Z,2018,7,22,65.477300,22.599900,5.0,0,12.2,1,coast_uncertain
2018-07-22T00:23:15.284503Z,2018,7,22,65.539400,22.261000,-5.0,0,8.0,1,sea
2018-07-22T00:25:48.372544Z,2018,7,22,65.500400,22.676400,5.0,0,6.0,1,coast_uncertain
2018-07-22T00:25:48.373444Z,2018,7,22,65.486300,22.659400,7.0,0,9.8,1,sea
2018-07-22T00:27:33.646339Z,2018,7,22,65.494500,22.643400,10.0,0,19.0,1,sea
2018-07-22T00:27:33.845878Z,2018,7,22,65.525700,22.512800,5.0,0,5.4,1,sea
2018-07-22T00:28:24.598297Z,2018,7,22,65.495200,22.684500,5.0,0,6.6,1,coast_uncertain
2018-07-22T00:28:24.598772Z,2018,7,22,65.449700,22.749300,4.0,0,3.4,1,sea
2018-07-22T00:29:10.374584Z,2018,7,22,65.499400,22.652700,-17.0,0,7.4,1,sea
2018-07-22T00:30:54.354508Z,2018,7,22,65.507900,22.605200,-6.0,0,21.8,1,coast_uncertain
2018-07-22T00:30:54.367868Z,2018,7,22,65.492400,22.590900,-19.0,0,19.0,1,sea
2018-07-22T00:30:54.403300Z,2018,7,22,65.498000,22.668500,-9.0,0,10.6,1,coast_uncertain
2018-07-22T00:30:54.579361Z,2018,7,22,65.526900,22.470200,6.0,0,13.4,1,sea
2018-07-22T00:30:54.579930Z,2018,7,22,65.529400,22.476000,8.0,0,6.0,1,sea
2018-07-22T00:30:54.580309Z,2018,7,22,65.316500,22.862200,5.0,0,3.2,1,sea
2018-07-22T00:30:54.584304Z,2018,7,22,65.459700,22.850200,3.0,0,7.2,1,sea
2018-07-22T00:30:54.604089Z,2018,7,22,65.640100,22.372600,-6.0,0,19.0,1,coast_uncertain
2018-07-22T00:32:10.378533Z,2018,7,22,65.474200,22.592400,-36.0,0,10.2,1,coast_uncertain
2018-07-22T00:32:10.407530Z,2018,7,22,65.470000,22.562700,-17.0,0,5.6,1,sea
2018-07-22T00:32:10.446232Z,2018,7,22,65.555600,22.547400,-18.0,0,7.6,1,coast_uncertain
2018-07-22T00:32:10.446239Z,2018,7,22,65.534200,22.600900,-14.0,0,10.2,1,coast_uncertain
2018-07-22T00:32:10.460442Z,2018,7,22,65.472600,22.518400,-7.0,0,2.4,1,coast_uncertain
2018-07-22T00:32:56.444445Z,2018,7,22,65.530200,22.574000,6.0,0,2.0,1,coast_uncertain
2018-07-22T00:33:47.075648Z,2018,7,22,65.488800,22.543800,-7.0,0,5.4,1,coast_uncertain
2018-07-22T00:33:47.104255Z,2018,7,22,65.500600,22.608800,-11.0,0,3.8,1,sea
2018-07-22T00:33:47.139787Z,2018,7,22,65.499700,22.555200,-8.0,0,5.2,1,coast_uncertain
2018-07-22T00:34:29.454608Z,2018,7,22,65.527300,22.584900,8.0,0,5.4,1,coast_uncertain
2018-07-22T00:34:54.371853Z,2018,7,22,65.496900,22.529800,-7.0,0,5.4,1,islands
2018-07-22T00:34:54.438831Z,2018,7,22,65.491900,22.568300,-10.0,0,3.4,1,coast_uncertain
2018-07-22T00:36:23.393710Z,2018,7,22,65.483000,22.555700,-53.0,0,10.8,1,coast_uncertain
2018-07-22T00:36:23.427419Z,2018,7,22,65.487700,22.574500,-23.0,0,12.6,1,coast_uncertain
2018-07-22T00:36:23.443709Z,2018,7,22,65.490400,22.588000,-13.0,0,4.0,1,coast_uncertain
2018-07-22T00:36:23.601157Z,2018,7,22,65.491000,22.587800,-18.0,0,4.8,1,coast_uncertain
2018-07-22T00:36:23.711950Z,2018,7,22,65.521300,22.557900,11.0,0,7.2,1,coast_uncertain
2018-07-22T00:36:23.713806Z,2018,7,22,65.517500,22.550400,19.0,0,30.2,1,coast_uncertain
2018-07-22T00:36:23.714419Z,2018,7,22,65.512600,22.555900,6.0,0,4.0,1,coast_uncertain
2018-07-22T00:36:23.716150Z,2018,7,22,65.237600,23.046100,6.0,0,12.2,1,sea
2018-07-22T00:36:23.725356Z,2018,7,22,65.446100,22.730900,5.0,0,4.8,1,sea
2018-07-22T00:38:22.427115Z,2018,7,22,65.522300,22.568800,10.0,0,4.2,1,islands
2018-07-22T00:38:22.430070Z,2018,7,22,65.501700,22.629700,5.0,0,8.2,1,coast_uncertain
2018-07-22T00:38:22.430620Z,2018,7,22,65.424000,22.735600,4.0,0,7.8,1,sea
2018-07-22T00:38:22.457341Z,2018,7,22,65.539500,22.638500,12.0,0,30.2,1,coast_uncertain
2018-07-22T00:39:30.870083Z,2018,7,22,65.311900,22.920700,4.0,0,6.0,1,sea
2018-07-22T00:39:30.874460Z,2018,7,22,65.440500,22.716300,5.0,0,16.4,1,sea
2018-07-22T00:39:30.891554Z,2018,7,22,65.483700,22.598300,7.0,0,9.6,1,sea
2018-07-22T00:41:03.534015Z,2018,7,22,65.488900,22.594500,-49.0,0,21.8,1,sea
2018-07-22T00:41:03.568483Z,2018,7,22,65.487300,22.578200,-28.0,0,6.4,1,coast_uncertain
2018-07-22T00:41:03.677187Z,2018,7,22,65.449900,22.580000,-13.0,0,5.8,1,sea
2018-07-22T00:42:55.709046Z,2018,7,22,65.406200,22.725100,7.0,0,3.0,1,sea
2018-07-22T00:42:55.709642Z,2018,7,22,65.501400,22.546900,6.0,0,2.8,1,coast_uncertain
2018-07-22T00:42:55.712997Z,2018,7,22,65.578400,22.584700,8.0,0,3.2,1,coast_uncertain
2018-07-22T00:44:03.577350Z,2018,7,22,65.493800,22.558300,-95.0,0,12.8,1,coast_uncertain
2018-07-22T00:44:03.604509Z,2018,7,22,65.503000,22.559000,-32.0,0,7.0,1,coast_uncertain
2018-07-22T00:44:03.619336Z,2018,7,22,65.502900,22.556000,-6.0,0,2.0,1,coast_uncertain
2018-07-22T00:44:03.619516Z,2018,7,22,65.445600,22.690000,-5.0,0,2.8,1,sea
2018-07-22T00:45:28.290010Z,2018,7,22,65.526200,22.519700,-5.0,0,1.4,1,sea
2018-07-22T00:45:28.290196Z,2018,7,22,65.532200,22.509000,-5.0,0,15.4,1,sea
2018-07-22T00:45:28.317610Z,2018,7,22,65.361800,22.469900,-4.0,0,2.8,1,coast_uncertain
2018-07-22T00:45:28.321983Z,2018,7,22,65.507800,22.546700,-33.0,0,12.4,1,coast_uncertain
2018-07-22T00:45:28.622699Z,2018,7,22,65.501700,22.552400,-26.0,0,18.8,1,coast_uncertain
2018-07-22T00:45:28.659619Z,2018,7,22,65.506000,22.541500,-9.0,0,3.6,1,coast_uncertain
2018-07-22T00:49:34.252051Z,2018,7,22,65.484500,22.538600,11.0,0,18.2,1,coast_uncertain
2018-07-22T00:49:34.326142Z,2018,7,22,65.387700,22.830300,4.0,0,1.6,1,sea
2018-07-22T00:49:34.343008Z,2018,7,22,65.529200,22.663500,-5.0,0,11.4,1,sea
2018-07-22T00:53:44.664013Z,2018,7,22,65.583100,22.512200,5.0,0,2.8,1,sea
2018-07-22T00:53:44.664073Z,2018,7,22,65.504100,22.536100,-237.0,0,30.2,1,coast_uncertain
2018-07-22T00:53:44.707914Z,2018,7,22,65.496000,22.610400,-5.0,0,2.0,1,sea
2018-07-22T00:53:44.739575Z,2018,7,22,65.495000,22.637900,-18.0,0,5.4,1,sea
2018-07-22T00:56:36.532986Z,2018,7,22,65.502300,22.548900,-22.0,0,4.0,1,coast_uncertain
2018-07-22T00:56:36.535366Z,2018,7,22,65.457500,22.821400,-7.0,0,2.2,1,sea
2018-07-22T00:56:36.535449Z,2018,7,22,65.527100,22.504300,-98.0,0,30.2,1,sea
2018-07-22T00:56:36.614333Z,2018,7,22,65.510300,22.485400,-14.0,0,18.0,1,coast_uncertain
2018-07-22T00:56:36.627963Z,2018,7,22,65.492100,22.588800,-12.0,0,4.4,1,coast_uncertain
2018-07-22T00:56:36.642781Z,2018,7,22,65.493100,22.576500,-8.0,0,3.8,1,coast_uncertain
2018-07-22T00:56:36.642998Z,2018,7,22,65.516300,22.504400,-8.0,0,13.8,1,sea
2018-07-22T00:57:57.552437Z,2018,7,22,65.423500,22.752300,-11.0,0,2.8,1,sea
2018-07-22T00:57:57.557991Z,2018,7,22,65.513300,22.630400,-54.0,0,27.0,1,sea
2018-07-22T00:57:57.589078Z,2018,7,22,65.508600,22.606600,-24.0,0,4.6,1,coast_uncertain
2018-07-22T00:57:57.898274Z,2018,7,22,65.589600,22.456500,8.0,0,14.0,1,sea
2018-07-22T01:00:26.529406Z,2018,7,22,65.513500,22.602700,-15.0,0,6.4,1,coast_uncertain
2018-07-22T01:00:26.531485Z,2018,7,22,65.512000,22.594000,-120.0,0,12.0,1,coast_uncertain
2018-07-22T01:00:30.443108Z,2018,7,22,65.466100,22.578700,-8.0,0,1.6,1,coast_uncertain
2018-07-22T01:00:30.448876Z,2018,7,22,65.485400,22.832400,-69.0,0,19.6,1,sea
2018-07-22T01:00:30.448907Z,2018,7,22,65.479100,22.518400,-74.0,0,19.0,1,coast_uncertain
2018-07-22T01:00:30.530695Z,2018,7,22,65.358900,22.722700,-4.0,0,1.4,1,sea
2018-07-22T01:02:45.203210Z,2018,7,22,65.438300,22.548400,-157.0,0,24.0,1,sea
2018-07-22T01:02:45.203220Z,2018,7,22,65.463400,22.568600,-152.0,0,7.8,1,sea
2018-07-22T01:02:45.241958Z,2018,7,22,65.463700,22.569400,-23.0,0,8.8,1,sea
2018-07-22T01:05:31.983215Z,2018,7,22,65.516300,22.456900,-167.0,0,11.2,1,sea
2018-07-22T01:05:31.983224Z,2018,7,22,65.504400,22.536300,-218.0,0,21.6,1,coast_uncertain
2018-07-22T01:06:11.180786Z,2018,7,22,65.457400,22.642100,-5.0,0,8.8,1,sea
2018-07-22T01:06:11.186350Z,2018,7,22,65.471500,22.593300,-76.0,0,15.0,1,coast_uncertain
2018-07-22T01:06:11.229300Z,2018,7,22,65.471800,22.588300,-5.0,0,2.8,1,coast_uncertain
2018-07-22T01:06:11.277422Z,2018,7,22,65.481500,22.586100,-5.0,0,3.4,1,coast_uncertain
2018-07-22T01:06:11.504776Z,2018,7,22,65.526800,22.584700,-14.0,0,6.8,1,coast_uncertain
2018-07-22T01:06:11.654656Z,2018,7,22,65.526600,22.538800,-18.0,0,18.0,1,coast_uncertain
2018-07-22T01:06:11.655087Z,2018,7,22,65.532300,22.436200,-13.0,0,13.2,1,sea
2018-07-22T01:08:35.190156Z,2018,7,22,65.479100,22.593400,20.0,0,7.8,1,sea
2018-07-22T01:08:35.191275Z,2018,7,22,65.470200,22.590600,18.0,0,30.2,1,coast_uncertain
2018-07-22T01:08:35.193174Z,2018,7,22,65.468800,22.591700,4.0,0,26.8,1,coast_uncertain
2018-07-22T01:08:35.194132Z,2018,7,22,65.487700,22.559100,12.0,0,11.0,1,islands
2018-07-22T01:08:35.198931Z,2018,7,22,65.504300,22.577100,6.0,0,7.6,1,sea
2018-07-22T01:08:35.212971Z,2018,7,22,65.487300,22.612800,-5.0,0,11.4,1,sea
2018-07-22T01:08:35.371911Z,2018,7,22,65.391900,22.751400,4.0,0,2.2,1,sea
2018-07-22T01:08:35.443442Z,2018,7,22,65.436000,22.672000,-12.0,0,2.4,1,sea
2018-07-22T01:10:37.570846Z,2018,7,22,65.556800,22.486600,21.0,0,9.4,1,sea
2018-07-22T01:10:37.571170Z,2018,7,22,65.492000,22.602900,32.0,0,27.0,1,sea
2018-07-22T01:10:37.578404Z,2018,7,22,65.504500,22.616900,6.0,0,9.2,1,coast_uncertain
2018-07-22T01:10:37.640877Z,2018,7,22,65.353400,22.834700,4.0,0,6.8,1,sea
2018-07-22T01:11:14.589767Z,2018,7,22,65.411700,22.744000,-16.0,0,4.0,1,sea
2018-07-22T01:11:14.601613Z,2018,7,22,65.539500,22.571400,-22.0,0,7.4,1,coast_uncertain
2018-07-22T01:13:08.844869Z,2018,7,22,65.497000,22.583800,19.0,0,18.8,1,sea
2018-07-22T01:13:08.845664Z,2018,7,22,65.464400,22.453500,33.0,0,30.2,1,sea
2018-07-22T01:13:08.847140Z,2018,7,22,65.493900,22.590000,10.0,0,8.2,1,sea
2018-07-22T01:13:08.848020Z,2018,7,22,65.491300,22.513100,16.0,0,30.2,1,coast_uncertain
2018-07-22T01:13:08.881046Z,2018,7,22,65.511500,22.582800,6.0,0,3.4,1,coast_uncertain
2018-07-22T01:14:53.114824Z,2018,7,22,65.326400,22.914400,12.0,0,4.6,1,sea
2018-07-22T01:14:53.115892Z,2018,7,22,65.514800,22.575100,15.0,0,14.0,1,coast_uncertain
2018-07-22T01:14:53.116694Z,2018,7,22,65.513700,22.580500,29.0,0,25.0,1,coast_uncertain
2018-07-22T01:14:53.122329Z,2018,7,22,65.552800,22.517400,5.0,0,22.8,1,sea
2018-07-22T01:16:16.101815Z,2018,7,22,65.459000,22.711700,-14.0,0,4.0,1,sea
2018-07-22T01:16:16.144190Z,2018,7,22,65.482000,22.728700,-5.0,0,4.0,1,coast_uncertain
2018-07-22T01:16:16.297026Z,2018,7,22,65.510500,22.575500,5.0,0,3.2,1,coast_uncertain
2018-07-22T01:16:16.298982Z,2018,7,22,65.507300,22.574700,4.0,0,3.2,1,sea
2018-07-22T01:16:16.299836Z,2018,7,22,65.553300,22.305400,10.0,0,25.2,1,coast_uncertain
2018-07-22T01:16:16.300223Z,2018,7,22,65.504400,22.567100,10.0,0,3.4,1,coast_uncertain
2018-07-22T01:16:16.300997Z,2018,7,22,65.512800,22.574100,6.0,0,1.6,1,coast_uncertain
2018-07-22T01:16:16.303340Z,2018,7,22,65.580300,22.484200,4.0,0,9.6,1,sea
2018-07-22T01:16:16.304468Z,2018,7,22,65.510600,22.598200,7.0,0,3.6,1,coast_uncertain
2018-07-22T01:16:16.305954Z,2018,7,22,65.548000,22.533200,4.0,0,2.6,1,coast_uncertain
2018-07-22T01:17:43.915571Z,2018,7,22,65.506300,22.572700,16.0,0,18.0,1,sea
2018-07-22T01:17:43.915950Z,2018,7,22,65.510800,22.569900,-13.0,0,7.6,1,coast_uncertain
2018-07-22T01:17:43.933194Z,2018,7,22,65.447100,22.531100,-11.0,0,2.6,1,sea
2018-07-22T01:18:06.420025Z,2018,7,22,65.516500,22.805000,4.0,0,12.2,1,coast_uncertain
2018-07-22T01:18:13.659324Z,2018,7,22,65.443200,22.728500,-7.0,0,2.0,1,sea
2018-07-22T01:18:13.659520Z,2018,7,22,65.396000,22.808200,-5.0,0,14.4,1,sea
2018-07-22T01:18:13.702562Z,2018,7,22,65.471700,22.712400,-7.0,0,4.2,1,coast_uncertain
2018-07-22T01:18:13.749669Z,2018,7,22,65.455400,22.693700,-8.0,0,3.2,1,sea
2018-07-22T01:18:13.869777Z,2018,7,22,65.418500,22.733900,-14.0,0,5.2,1,sea
2018-07-22T01:18:13.934098Z,2018,7,22,65.516100,22.676200,-7.0,0,2.0,1,sea
2018-07-22T01:20:16.959326Z,2018,7,22,65.478900,22.605000,10.0,0,9.4,1,coast_uncertain
2018-07-22T01:20:16.960702Z,2018,7,22,65.479100,22.667600,9.0,0,21.6,1,sea
2018-07-22T01:20:17.106327Z,2018,7,22,65.435800,22.571000,-11.0,0,3.4,1,sea
2018-07-22T01:23:16.575584Z,2018,7,22,65.499000,22.645700,8.0,0,3.2,1,sea
2018-07-22T01:23:16.577598Z,2018,7,22,65.495000,22.611700,29.0,0,18.6,1,sea
2018-07-22T01:23:16.579902Z,2018,7,22,65.426500,22.784900,4.0,0,5.8,1,sea
2018-07-22T01:23:16.586005Z,2018,7,22,65.488700,22.592500,8.0,0,8.8,1,sea
2018-07-22T01:23:16.716770Z,2018,7,22,65.438200,22.599600,-15.0,0,4.0,1,sea
2018-07-22T01:23:16.721475Z,2018,7,22,65.490300,22.603700,-13.0,0,3.8,1,sea
2018-07-22T01:23:16.722461Z,2018,7,22,65.289400,23.009600,-4.0,0,1.6,1,sea
2018-07-22T01:23:16.722852Z,2018,7,22,65.353900,22.887500,-9.0,0,14.0,1,sea
2018-07-22T01:25:42.631558Z,2018,7,22,65.496600,22.632000,17.0,0,16.4,1,coast_uncertain
2018-07-22T01:25:42.632027Z,2018,7,22,65.687000,22.689100,-16.0,0,13.8,1,coast_uncertain
2018-07-22T01:25:42.632432Z,2018,7,22,65.499000,22.634500,16.0,0,9.4,1,coast_uncertain
2018-07-22T01:25:42.633310Z,2018,7,22,65.495100,22.536700,11.0,0,23.2,1,islands
2018-07-22T01:25:42.634407Z,2018,7,22,65.394700,23.047800,4.0,0,17.0,1,sea
2018-07-22T01:25:42.637447Z,2018,7,22,65.497200,22.624000,6.0,0,6.2,1,coast_uncertain
2018-07-22T01:25:42.637658Z,2018,7,22,65.582500,22.498200,7.0,0,22.0,1,sea
2018-07-22T01:25:42.685824Z,2018,7,22,65.495100,22.632100,4.0,0,11.2,1,coast_uncertain
2018-07-22T01:29:13.668177Z,2018,7,22,65.474000,22.678300,11.0,0,4.8,1,sea
2018-07-22T01:29:13.668927Z,2018,7,22,65.474900,22.683900,16.0,0,5.2,1,sea
2018-07-22T01:29:13.711903Z,2018,7,22,65.516300,22.625200,5.0,0,3.2,1,coast_uncertain
2018-07-22T01:29:13.713424Z,2018,7,22,65.530900,22.654600,5.0,0,1.6,1,sea
2018-07-22T01:29:13.745027Z,2018,7,22,65.471800,22.681500,5.0,0,6.6,1,sea
2018-07-22T02:26:10.039451Z,2018,7,22,65.347400,23.075100,8.0,0,3.8,1,sea
2018-07-22T02:38:24.409143Z,2018,7,22,65.170400,23.006400,-82.0,0,13.4,1,sea
2018-07-22T02:49:20.509229Z,2018,7,22,65.293500,22.267900,6.0,0,2.2,1,sea
2018-07-22T02:53:46.393184Z,2018,7,22,65.375900,23.014600,5.0,0,2.2,1,sea
2018-07-22T02:55:36.099311Z,2018,7,22,65.297100,23.085200,5.0,0,2.0,1,sea
2018-07-22T02:55:36.102188Z,2018,7,22,65.267300,22.917800,4.0,0,1.6,1,sea
2018-07-22T02:57:28.220332Z,2018,7,22,65.247400,22.994000,10.0,0,7.2,1,sea
2018-07-22T02:57:28.221115Z,2018,7,22,65.266700,23.061500,3.0,0,4.4,1,sea
2018-07-22T07:29:13.494786Z,2018,7,22,65.103200,22.519300,3.0,0,1.8,1,sea
2018-07-22T07:49:46.845710Z,2018,7,22,65.202200,22.910700,3.0,0,2.0,1,sea
2018-07-22T07:52:12.760789Z,2018,7,22,65.228900,22.985500,-8.0,0,8.4,1,sea
2018-07-22T07:53:32.690148Z,2018,7,22,65.138000,22.521800,4.0,0,5.6,1,sea
2018-07-22T07:56:24.509670Z,2018,7,22,65.170600,22.994500,5.0,0,5.8,1,sea
2018-07-22T07:57:39.398082Z,2018,7,22,65.205000,23.008100,5.0,0,23.0,1,sea
2018-07-22T07:58:38.344319Z,2018,7,22,65.105900,22.736500,-33.0,0,9.6,1,sea
2018-07-22T07:58:38.420170Z,2018,7,22,65.106200,22.736500,-25.0,0,7.0,1,sea
2018-07-22T07:58:38.436760Z,2018,7,22,65.104600,22.731500,-8.0,0,2.8,1,sea
2018-07-22T08:02:18.157369Z,2018,7,22,65.242400,22.719900,-12.0,0,21.0,1,sea
2018-07-22T08:02:18.228386Z,2018,7,22,65.260600,22.833700,-5.0,0,2.0,1,sea
2018-07-22T08:03:05.641581Z,2018,7,22,65.211700,23.030500,11.0,0,23.6,1,sea
2018-07-22T08:03:06.054750Z,2018,7,22,65.186200,22.971800,-6.0,0,20.2,1,sea
2018-07-22T08:05:11.097752Z,2018,7,22,65.222500,22.805400,5.0,0,7.2,1,sea
2018-07-22T08:06:03.056760Z,2018,7,22,65.321600,23.051800,-24.0,0,19.4,1,sea
2018-07-22T08:12:28.816984Z,2018,7,22,65.340800,22.777300,4.0,0,18.8,1,sea
2018-07-22T08:17:52.714863Z,2018,7,22,65.187600,22.999900,15.0,0,22.2,1,sea
2018-07-22T08:23:31.377942Z,2018,7,22,65.170600,22.803800,-3.0,0,3.2,1,sea
2018-07-22T08:24:37.944854Z,2018,7,22,65.296800,23.084600,-5.0,0,18.0,1,sea
2018-07-22T08:27:38.408606Z,2018,7,22,65.374900,23.048400,-7.0,0,8.2,1,sea
2018-07-22T08:30:24.196687Z,2018,7,22,65.204900,23.045200,3.0,0,1.2,1,sea
2018-07-22T08:31:36.062102Z,2018,7,22,65.243500,23.021900,-5.0,0,6.0,1,sea
2018-07-22T08:33:03.543930Z,2018,7,22,65.301100,23.086200,6.0,0,23.6,1,sea
2018-07-22T08:33:03.546001Z,2018,7,22,65.251600,23.063300,4.0,0,3.0,1,sea
2018-07-22T08:33:03.546668Z,2018,7,22,65.246000,23.036200,9.0,0,14.6,1,sea
2018-07-22T08:36:25.848362Z,2018,7,22,65.442700,22.558200,-15.0,0,30.2,1,sea
2018-07-22T08:36:26.035204Z,2018,7,22,65.181700,22.923200,3.0,0,23.2,1,sea
2018-07-22T08:38:20.865807Z,2018,7,22,65.402000,22.829700,-6.0,0,15.6,1,sea
2018-07-22T08:38:21.151654Z,2018,7,22,65.245300,23.025900,12.0,0,9.0,1,sea
2018-07-22T08:38:21.153229Z,2018,7,22,65.246700,23.030100,11.0,0,7.0,1,sea
2018-07-22T08:38:21.156049Z,2018,7,22,65.233500,23.060100,4.0,0,2.2,1,sea
2018-07-22T08:43:49.550160Z,2018,7,22,65.197600,23.001100,4.0,0,7.0,1,sea
2018-07-22T08:51:52.437999Z,2018,7,22,65.301900,23.104400,-5.0,0,2.8,1,sea
2018-07-22T09:01:53.783688Z,2018,7,22,65.371400,23.004400,-4.0,0,3.8,1,sea
2018-07-22T09:07:09.330645Z,2018,7,22,65.445700,23.018400,-4.0,0,10.0,1,sea
2018-07-22T13:25:53.111027Z,2018,7,22,65.434500,22.409200,39.0,0,17.2,1,sea
2018-07-22T13:35:53.170856Z,2018,7,22,65.209100,22.316600,6.0,0,11.8,1,sea
2018-07-22T13:42:42.183005Z,2018,7,22,65.248700,22.237900,4.0,0,1.6,1,sea
2018-07-22T13:46:23.280830Z,2018,7,22,65.485100,21.863100,-79.0,0,30.2,1,mainland
2018-07-22T13:46:23.413346Z,2018,7,22,65.490900,21.719400,-19.0,0,7.8,1,mainland
2018-07-22T13:47:38.660912Z,2018,7,22,65.361700,21.999300,-7.0,0,16.8,1,coast_uncertain
2018-07-22T13:47:38.662266Z,2018,7,22,65.502200,21.779800,-133.0,0,11.6,1,mainland
2018-07-22T13:49:05.119178Z,2018,7,22,65.498600,21.711300,6.0,0,2.8,1,mainland
2018-07-22T13:50:48.003711Z,2018,7,22,65.300100,22.149700,6.0,0,1.6,1,sea
2018-07-22T13:50:48.003950Z,2018,7,22,65.375800,21.964700,6.0,0,2.0,1,sea
2018-07-22T13:50:48.007757Z,2018,7,22,65.497800,21.784300,13.0,0,27.6,1,mainland
2018-07-22T13:51:26.425356Z,2018,7,22,65.336400,22.038500,6.0,0,2.2,1,sea
2018-07-22T13:52:27.330260Z,2018,7,22,65.339500,22.053400,4.0,0,1.2,1,sea
2018-07-22T13:52:27.691432Z,2018,7,22,65.298000,22.095400,5.0,0,1.0,1,sea
2018-07-22T13:53:56.129417Z,2018,7,22,65.355200,21.991600,5.0,0,1.6,1,sea
2018-07-22T13:53:56.132042Z,2018,7,22,65.575500,21.651800,7.0,0,2.2,1,mainland
2018-07-22T13:55:23.454716Z,2018,7,22,65.499800,21.691700,-15.0,0,7.8,1,mainland
2018-07-22T13:55:23.526029Z,2018,7,22,65.515400,21.661100,-6.0,0,6.4,1,mainland
2018-07-22T13:56:32.096588Z,2018,7,22,65.501600,21.711500,-95.0,0,11.0,1,mainland
2018-07-22T13:56:32.130637Z,2018,7,22,65.513800,21.681600,-8.0,0,15.0,1,mainland
2018-07-22T13:56:32.194544Z,2018,7,22,65.501500,21.814800,-21.0,0,7.8,1,mainland
2018-07-22T13:56:32.219263Z,2018,7,22,65.502100,21.711500,-13.0,0,5.6,1,mainland
2018-07-22T13:57:56.207329Z,2018,7,22,65.506700,21.704300,-82.0,0,15.0,1,mainland
2018-07-22T13:57:56.618569Z,2018,7,22,65.505300,21.701100,-6.0,0,4.6,1,mainland
2018-07-22T14:01:12.957872Z,2018,7,22,65.499800,21.697800,-97.0,0,10.2,1,mainland
2018-07-22T14:01:12.992988Z,2018,7,22,65.516500,21.699000,-11.0,0,6.6,1,mainland
2018-07-22T14:01:13.356501Z,2018,7,22,65.501600,21.690900,-5.0,0,4.0,1,mainland
2018-07-22T14:06:39.303838Z,2018,7,22,65.516000,21.713600,13.0,0,25.6,1,mainland
2018-07-22T14:08:30.923207Z,2018,7,22,65.507600,21.708100,-6.0,0,5.2,1,mainland
2018-07-22T14:08:30.934200Z,2018,7,22,65.514600,21.671600,-13.0,0,9.0,1,mainland
2018-07-22T14:10:53.378136Z,2018,7,22,65.406400,22.069900,5.0,0,5.0,1,coast_uncertain
2018-07-22T14:17:35.194294Z,2018,7,22,65.299100,22.240700,5.0,0,8.8,1,sea
2018-07-22T14:17:35.202491Z,2018,7,22,65.482600,21.803200,-4.0,0,2.2,1,mainland
2018-07-22T14:17:35.215916Z,2018,7,22,65.374300,22.099800,5.0,0,2.0,1,sea
2018-07-22T14:48:15.498020Z,2018,7,22,66.274600,22.113400,-11.0,0,7.6,1,mainland
2018-07-22T15:18:11.156573Z,2018,7,22,66.241900,22.101500,-7.0,0,6.6,1,coast_uncertain
2018-07-22T15:24:03.156842Z,2018,7,22,66.254500,22.162000,-8.0,0,11.8,1,mainland
2018-07-22T23:57:20.960452Z,2018,7,22,65.290700,22.181900,6.0,0,3.0,1,sea
2018-07-23T13:03:46.205944Z,2018,7,23,65.376000,22.017200,5.0,0,1.4,1,coast_uncertain
2018-07-23T13:07:54.257794Z,2018,7,23,65.565800,21.584700,-8.0,0,3.6,1,mainland
2018-07-23T13:07:54.272304Z,2018,7,23,65.581600,21.614500,-5.0,0,7.6,1,mainland
2018-07-23T13:09:03.283474Z,2018,7,23,65.515900,21.748400,5.0,0,3.2,1,mainland
2018-07-23T13:11:43.509527Z,2018,7,23,65.572900,21.594500,-7.0,0,10.6,1,mainland
2018-07-23T13:12:09.698216Z,2018,7,23,65.588600,21.663100,9.0,0,6.0,1,coast_uncertain
2018-07-23T13:12:50.696959Z,2018,7,23,65.444000,21.963900,-4.0,0,1.6,1,mainland
2018-07-23T13:12:50.723379Z,2018,7,23,65.436000,21.926600,-5.0,0,2.0,1,coast_uncertain
2018-07-23T13:13:15.923677Z,2018,7,23,65.297600,22.332800,4.0,0,21.8,1,sea
2018-07-23T13:13:15.943118Z,2018,7,23,65.436200,22.009900,5.0,0,3.2,1,coast_uncertain
2018-07-23T13:13:47.169077Z,2018,7,23,65.588500,21.649400,7.0,0,4.8,1,coast_uncertain
2018-07-23T13:15:00.400997Z,2018,7,23,65.594600,21.648600,7.0,0,3.0,1,mainland
2018-07-23T13:15:57.505604Z,2018,7,23,65.413000,22.095300,5.0,0,1.4,1,sea
2018-07-23T13:16:58.158282Z,2018,7,23,65.458400,22.006900,6.0,0,5.4,1,coast_uncertain
2018-07-23T13:18:07.334018Z,2018,7,23,65.597500,21.707500,9.0,0,4.0,1,mainland
2018-07-23T13:19:52.714843Z,2018,7,23,65.644000,21.608900,-10.0,0,7.0,1,mainland
2018-07-23T13:21:36.815472Z,2018,7,23,65.614700,21.730200,13.0,0,5.2,1,coast_uncertain
2018-07-23T13:21:36.827104Z,2018,7,23,65.616100,21.702500,7.0,0,7.2,1,coast_uncertain
2018-07-23T13:21:36.975054Z,2018,7,23,65.656600,21.556800,-7.0,0,7.0,1,mainland
2018-07-23T13:23:17.470449Z,2018,7,23,65.665200,21.729400,-5.0,0,4.8,1,coast_uncertain
2018-07-23T13:24:50.983920Z,2018,7,23,65.617000,21.718600,13.0,0,4.2,1,mainland
2018-07-23T13:24:50.984512Z,2018,7,23,65.662100,21.627900,7.0,0,7.4,1,coast_uncertain
2018-07-23T13:24:50.984646Z,2018,7,23,65.673600,21.594600,9.0,0,15.6,1,coast_uncertain
2018-07-23T13:24:50.999889Z,2018,7,23,65.454600,22.104500,6.0,0,3.6,1,sea
2018-07-23T13:40:36.759301Z,2018,7,23,65.644300,22.130100,5.0,0,4.2,1,coast_uncertain
2018-07-23T13:40:36.761776Z,2018,7,23,65.731200,22.103200,52.0,0,19.0,1,mainland
2018-07-25T12:05:08.588948Z,2018,7,25,65.560100,21.624700,5.0,0,9.8,1,mainland
2018-07-25T12:09:31.887519Z,2018,7,25,65.618100,21.703000,6.0,0,3.0,1,coast_uncertain
2018-07-25T13:16:43.900298Z,2018,7,25,65.859300,22.271400,7.0,0,2.0,1,coast_uncertain
2018-07-25T13:35:19.097149Z,2018,7,25,65.630600,21.678000,5.0,0,1.2,1,coast_uncertain
2018-07-25T14:13:06.426119Z,2018,7,25,65.616600,21.603500,6.0,0,1.6,1,mainland
2018-07-25T14:29:54.116503Z,2018,7,25,65.624900,21.432000,6.0,0,1.4,1,mainland
2018-07-25T14:30:06.991167Z,2018,7,25,65.633800,21.414400,-6.0,0,1.4,1,coast_uncertain
2018-07-25T14:33:00.431004Z,2018,7,25,65.640100,21.424500,7.0,0,5.2,1,coast_uncertain
2018-07-25T14:34:21.888585Z,2018,7,25,65.574600,21.627100,5.0,0,2.6,1,mainland
2018-07-25T14:35:01.359613Z,2018,7,25,65.643200,21.489300,7.0,0,1.4,1,coast_uncertain
2018-07-25T14:38:00.097525Z,2018,7,25,65.541800,21.758900,6.0,0,1.8,1,coast_uncertain
2018-07-25T15:20:22.457236Z,2018,7,25,65.928200,22.152900,9.0,0,8.8,1,coast_uncertain
2018-07-25T15:37:02.615650Z,2018,7,25,65.755700,22.069200,5.0,0,5.6,1,mainland
2018-07-25T15:44:32.341761Z,2018,7,25,65.619400,21.423200,7.0,0,3.8,1,coast_uncertain
2018-07-25T15:50:40.990326Z,2018,7,25,65.497800,21.808000,6.0,0,1.4,1,mainland
2018-07-25T16:07:18.537502Z,2018,7,25,65.591500,21.704800,6.0,0,2.0,1,mainland
2018-07-25T16:14:22.922226Z,2018,7,25,65.720400,21.845700,8.0,0,1.4,1,mainland
2018-07-25T16:20:02.942984Z,2018,7,25,65.558500,21.980500,6.0,0,2.0,1,mainland
2018-07-25T16:21:30.397890Z,2018,7,25,65.941300,21.985300,6.0,0,2.8,1,mainland
2018-07-25T16:26:50.321157Z,2018,7,25,65.630000,21.913300,5.0,0,1.6,1,mainland
2018-07-25T16:28:07.566822Z,2018,7,25,65.756400,22.066000,5.0,0,2.2,1,mainland
2018-07-25T16:29:37.940951Z,2018,7,25,65.636700,21.932000,6.0,0,1.4,1,coast_uncertain
2018-07-25T16:30:01.995665Z,2018,7,25,65.930400,22.152000,5.0,0,3.0,1,coast_uncertain
2018-07-25T16:30:05.633515Z,2018,7,25,65.583100,22.262200,5.0,0,5.6,1,mainland
2018-07-25T16:31:16.952794Z,2018,7,25,65.748800,21.953900,6.0,0,2.6,1,mainland
2018-07-25T16:34:38.683091Z,2018,7,25,65.770500,22.114500,6.0,0,1.6,1,inland_water
2018-07-25T16:35:10.746788Z,2018,7,25,65.715900,22.162400,6.0,0,3.6,1,mainland
2018-07-25T16:36:03.555319Z,2018,7,25,65.790100,22.072100,5.0,0,3.4,1,coast_uncertain
2018-07-25T16:37:56.451973Z,2018,7,25,65.787100,22.200500,5.0,0,2.2,1,coast_uncertain
2018-07-25T16:39:23.747395Z,2018,7,25,65.538400,21.920200,6.0,0,1.4,1,mainland
2018-07-25T16:39:45.506895Z,2018,7,25,65.748900,22.139800,5.0,0,2.6,1,coast_uncertain
2018-07-25T16:41:33.039324Z,2018,7,25,65.700000,21.984900,5.0,0,2.0,1,coast_uncertain
2018-07-25T16:42:08.338803Z,2018,7,25,65.954600,21.954800,6.0,0,1.6,1,mainland
2018-07-25T16:42:44.599845Z,2018,7,25,65.948300,21.976600,6.0,0,2.0,1,mainland
2018-07-25T16:43:34.512301Z,2018,7,25,65.779200,22.214200,6.0,0,3.6,1,coast_uncertain
2018-07-25T16:44:09.537206Z,2018,7,25,65.634200,22.167000,4.0,0,5.0,1,mainland
2018-07-25T16:44:13.081852Z,2018,7,25,65.628700,21.697900,8.0,0,1.8,1,mainland
2018-07-25T16:45:15.160842Z,2018,7,25,65.799900,22.157900,6.0,0,2.0,1,mainland
2018-07-25T16:45:20.250219Z,2018,7,25,66.022600,22.298100,5.0,0,6.0,1,coast_uncertain
2018-07-25T16:45:33.514262Z,2018,7,25,65.792600,22.198700,5.0,0,2.2,1,coast_uncertain
2018-07-25T16:46:59.832897Z,2018,7,25,65.718000,22.393700,5.0,0,30.2,1,coast_uncertain
2018-07-25T16:47:18.269251Z,2018,7,25,65.601500,22.153700,4.0,0,11.4,1,coast_uncertain
2018-07-25T16:48:12.073926Z,2018,7,25,65.690600,22.064800,6.0,0,6.0,1,mainland
2018-07-25T16:48:31.914971Z,2018,7,25,66.075600,22.144000,6.0,0,3.8,1,coast_uncertain
2018-07-25T16:49:12.860125Z,2018,7,25,65.859800,22.124600,6.0,0,3.6,1,mainland
2018-07-25T16:49:53.325250Z,2018,7,25,65.919900,22.423100,5.0,0,2.2,1,coast_uncertain
2018-07-25T16:49:59.034803Z,2018,7,25,65.625200,21.910000,6.0,0,1.0,1,mainland
2018-07-25T16:50:17.763583Z,2018,7,25,65.851900,22.120300,6.0,0,3.2,1,mainland
2018-07-25T16:50:30.031235Z,2018,7,25,65.800700,22.146300,5.0,0,1.6,1,mainland
2018-07-25T16:51:17.024198Z,2018,7,25,65.556000,21.941500,8.0,0,27.2,1,mainland
2018-07-25T16:52:37.427175Z,2018,7,25,65.693100,22.444600,5.0,0,6.6,1,coast_uncertain
2018-07-25T16:53:28.079245Z,2018,7,25,65.545400,22.054100,-6.0,0,3.4,1,mainland
2018-07-25T16:54:14.522955Z,2018,7,25,65.934600,22.012300,-19.0,0,14.2,1,mainland
2018-07-25T16:54:14.728638Z,2018,7,25,65.901200,22.310600,6.0,0,2.2,1,mainland
2018-07-25T16:54:55.927207Z,2018,7,25,65.932200,22.220700,6.0,0,1.6,1,mainland
2018-07-25T16:56:04.700153Z,2018,7,25,65.838100,22.275000,5.0,0,3.0,1,mainland
2018-07-25T16:56:09.700711Z,2018,7,25,65.628600,22.003900,5.0,0,11.8,1,inland_water
2018-07-25T16:56:47.739523Z,2018,7,25,65.934000,22.302800,5.0,0,2.8,1,mainland
2018-07-25T16:57:22.696165Z,2018,7,25,66.174400,22.044000,-6.0,0,3.2,1,coast_uncertain
2018-07-25T16:59:06.564117Z,2018,7,25,65.590000,22.151100,-5.0,0,2.0,1,coast_uncertain
2018-07-25T17:01:15.930068Z,2018,7,25,65.712300,21.912700,8.0,0,2.8,1,mainland
2018-07-25T17:02:20.300754Z,2018,7,25,65.727100,21.949500,6.0,0,2.0,1,mainland
2018-07-25T17:06:51.073310Z,2018,7,25,65.670200,21.987200,6.0,0,2.0,1,coast_uncertain
2018-07-25T17:08:33.941602Z,2018,7,25,65.684900,21.984400,11.0,0,2.6,1,mainland
2018-07-25T17:09:21.339941Z,2018,7,25,65.592000,22.148600,7.0,0,1.4,1,coast_uncertain
2018-07-25T17:14:11.645235Z,2018,7,25,65.806200,22.000700,6.0,0,1.6,1,coast_uncertain
2018-07-25T17:17:57.473143Z,2018,7,25,65.552600,22.402200,5.0,0,4.4,1,coast_uncertain
2018-07-25T17:18:19.111247Z,2018,7,25,65.724600,22.257400,6.0,0,5.6,1,coast_uncertain
2018-07-25T17:19:01.853930Z,2018,7,25,66.002800,21.952300,10.0,0,25.2,1,mainland
2018-07-25T17:19:01.896592Z,2018,7,25,65.665700,22.382700,5.0,0,3.2,1,coast_uncertain
2018-07-25T17:20:17.497304Z,2018,7,25,65.823100,22.102800,5.0,0,1.2,1,mainland
2018-07-25T17:20:54.775581Z,2018,7,25,65.738400,22.272300,7.0,0,2.8,1,mainland
2018-07-25T17:24:34.715320Z,2018,7,25,65.880400,22.491500,6.0,0,1.6,1,coast_uncertain
2018-07-25T17:29:57.940181Z,2018,7,25,65.887200,22.243600,6.0,0,1.6,1,coast_uncertain
2018-07-25T17:30:36.695671Z,2018,7,25,65.824200,22.414500,6.0,0,2.4,1,coast_uncertain
2018-07-25T17:33:34.332456Z,2018,7,25,65.878400,22.465800,5.0,0,3.2,1,coast_uncertain
2018-07-25T17:38:50.034096Z,2018,7,25,66.176100,22.050200,6.0,0,5.4,1,mainland
2018-07-25T17:39:27.682199Z,2018,7,25,66.226800,22.085800,-6.0,0,5.0,1,mainland
2018-07-25T17:39:27.929149Z,2018,7,25,66.228100,22.073700,-14.0,0,6.4,1,mainland
2018-07-25T17:39:53.632926Z,2018,7,25,66.242200,22.077800,5.0,0,30.2,1,mainland
2018-07-25T17:39:54.016096Z,2018,7,25,66.241700,22.066500,8.0,0,3.8,1,coast_uncertain
2018-07-25T17:40:30.147975Z,2018,7,25,66.229000,22.105900,-11.0,0,6.0,1,coast_uncertain
2018-07-25T17:40:46.424581Z,2018,7,25,66.018100,22.000300,-9.0,0,8.8,1,coast_uncertain
2018-07-25T17:43:55.166405Z,2018,7,25,66.259800,22.107000,7.0,0,5.6,1,mainland
2018-07-25T17:44:11.988295Z,2018,7,25,66.258400,22.109800,7.0,0,2.0,1,mainland
2018-07-25T17:44:12.033389Z,2018,7,25,66.257800,22.113000,6.0,0,1.4,1,mainland
2018-07-25T17:44:31.180715Z,2018,7,25,66.252300,22.114900,-24.0,0,8.4,1,mainland
2018-07-25T17:44:31.225521Z,2018,7,25,66.228300,22.132900,15.0,0,24.4,1,mainland
2018-07-25T17:44:31.225851Z,2018,7,25,66.254000,22.102700,-20.0,0,5.2,1,mainland
2018-07-25T17:44:31.380577Z,2018,7,25,66.258400,22.134600,8.0,0,3.2,1,mainland
2018-07-25T17:44:56.307696Z,2018,7,25,66.129200,22.283200,6.0,0,10.6,1,coast_uncertain
2018-07-25T17:45:28.050808Z,2018,7,25,66.259300,22.121800,-8.0,0,5.0,1,mainland
2018-07-25T17:45:28.076903Z,2018,7,25,66.259700,22.119400,-8.0,0,5.2,1,mainland
2018-07-25T17:45:28.133861Z,2018,7,25,66.257800,22.109100,-13.0,0,7.4,1,mainland
2018-07-25T17:45:54.969409Z,2018,7,25,66.252700,22.112600,-24.0,0,6.0,1,mainland
2018-07-25T17:45:55.024624Z,2018,7,25,66.256300,22.092700,-11.0,0,5.8,1,coast_uncertain
2018-07-25T17:46:30.470908Z,2018,7,25,66.260300,22.108000,-7.0,0,12.8,1,mainland
2018-07-25T17:47:16.929498Z,2018,7,25,66.256400,22.135600,-7.0,0,4.0,1,mainland
2018-07-25T17:47:17.003874Z,2018,7,25,66.267400,22.131400,-10.0,0,10.2,1,mainland
2018-07-25T17:49:15.153630Z,2018,7,25,66.276100,22.130800,-14.0,0,4.6,1,mainland
2018-07-25T17:49:15.193488Z,2018,7,25,66.278900,22.131000,-7.0,0,4.6,1,mainland
2018-07-25T18:13:12.204843Z,2018,7,25,65.650900,22.397500,6.0,0,7.6,1,sea
2018-07-25T18:16:55.946033Z,2018,7,25,65.973700,21.891000,10.0,0,8.2,1,coast_uncertain
2018-07-25T18:21:36.722326Z,2018,7,25,65.667700,22.374100,6.0,0,5.6,1,coast_uncertain
2018-07-25T18:22:39.510101Z,2018,7,25,66.000600,21.934400,9.0,0,5.8,1,mainland
2018-07-25T18:22:39.524917Z,2018,7,25,66.006300,21.946100,9.0,0,23.0,1,mainland
2018-07-25T18:27:38.351752Z,2018,7,25,66.008100,21.956500,9.0,0,9.0,1,coast_uncertain
2018-07-25T18:27:38.353026Z,2018,7,25,66.012400,21.949600,12.0,0,12.8,1,coast_uncertain
2018-07-25T18:29:35.618598Z,2018,7,25,66.032900,21.945000,-14.0,0,10.0,1,coast_uncertain
2018-07-25T18:29:35.623049Z,2018,7,25,66.029600,21.934500,-68.0,0,18.0,1,coast_uncertain
2018-07-25T18:29:35.630586Z,2018,7,25,66.036200,21.950400,-9.0,0,19.6,1,mainland
2018-07-25T18:29:35.693607Z,2018,7,25,66.043700,21.984900,-8.0,0,18.8,1,mainland
2018-07-25T18:29:35.739253Z,2018,7,25,66.051000,22.002200,-7.0,0,4.8,1,coast_uncertain
2018-07-25T18:29:35.904576Z,2018,7,25,66.051300,22.001400,-20.0,0,7.2,1,coast_uncertain
2018-07-25T18:31:53.336477Z,2018,7,25,66.051000,21.980000,-17.0,0,9.6,1,mainland
2018-07-25T18:31:53.364691Z,2018,7,25,66.033900,21.982300,-15.0,0,9.6,1,coast_uncertain
2018-07-25T18:31:53.394079Z,2018,7,25,66.045700,21.997700,-12.0,0,5.0,1,coast_uncertain
2018-07-25T18:34:45.258660Z,2018,7,25,65.985500,22.215400,6.0,0,2.8,1,coast_uncertain
2018-07-25T18:34:45.301732Z,2018,7,25,66.123500,22.129200,-12.0,0,14.0,1,mainland
2018-07-25T18:34:45.302310Z,2018,7,25,66.133400,22.157600,-8.0,0,12.2,1,coast_uncertain
2018-07-25T18:42:17.091981Z,2018,7,25,66.004100,22.263100,7.0,0,12.0,1,mainland
2018-07-25T18:42:17.094305Z,2018,7,25,66.085200,22.224800,6.0,0,23.2,1,coast_uncertain
2018-07-25T18:42:17.095040Z,2018,7,25,65.999800,22.325000,7.0,0,7.8,1,coast_uncertain
2018-07-25T18:45:28.666587Z,2018,7,25,66.025700,22.397900,-6.0,0,5.2,1,coast_uncertain
2018-07-25T18:45:28.675122Z,2018,7,25,66.203800,22.102900,-32.0,0,12.4,1,mainland
2018-07-25T18:45:28.677018Z,2018,7,25,66.210100,22.104000,-7.0,0,13.8,1,mainland
2018-07-25T18:45:28.704594Z,2018,7,25,66.225900,22.124700,-9.0,0,4.8,1,coast_uncertain
2018-07-25T18:45:28.740454Z,2018,7,25,66.207900,22.131600,-5.0,0,11.6,1,coast_uncertain
2018-07-25T18:45:28.740898Z,2018,7,25,66.210600,22.100100,-6.0,0,3.2,1,mainland
2018-07-25T18:48:42.600565Z,2018,7,25,66.235500,22.094100,6.0,0,2.6,1,coast_uncertain
2018-07-25T19:10:14.750850Z,2018,7,25,65.916700,22.411600,5.0,0,5.2,1,coast_uncertain
2018-07-25T19:14:00.232379Z,2018,7,25,66.099000,22.268300,-12.0,0,4.6,1,coast_uncertain
2018-07-25T19:14:55.131891Z,2018,7,25,65.818900,22.565500,10.0,0,3.2,1,coast_uncertain
2018-07-25T19:14:55.131892Z,2018,7,25,66.131800,22.093000,-16.0,0,24.6,1,mainland
2018-07-25T19:15:43.258018Z,2018,7,25,66.152600,22.062700,13.0,0,17.0,1,mainland
2018-07-25T19:16:24.502047Z,2018,7,25,66.176800,22.146700,-7.0,0,3.0,1,mainland
2018-07-25T19:16:24.542550Z,2018,7,25,66.148800,22.058100,-9.0,0,6.2,1,coast_uncertain
2018-07-25T19:17:38.395802Z,2018,7,25,66.154700,22.133300,8.0,0,3.6,1,mainland
2018-07-25T19:17:38.416009Z,2018,7,25,66.158900,22.097200,9.0,0,5.0,1,coast_uncertain
2018-07-25T19:18:25.855957Z,2018,7,25,66.174200,22.171900,-13.0,0,5.8,1,coast_uncertain
2018-07-25T19:21:01.046006Z,2018,7,25,66.183300,22.153200,12.0,0,11.2,1,coast_uncertain
2018-07-25T19:22:16.888458Z,2018,7,25,66.181200,22.116900,-15.0,0,8.8,1,mainland
2018-07-25T19:22:16.897753Z,2018,7,25,66.179100,22.170800,-43.0,0,26.2,1,coast_uncertain
2018-07-25T19:22:16.913887Z,2018,7,25,66.180700,22.116400,-8.0,0,4.8,1,mainland
2018-07-25T19:22:16.925279Z,2018,7,25,66.165600,22.163800,-9.0,0,6.2,1,mainland
2018-07-25T19:24:25.711004Z,2018,7,25,66.200600,22.173300,-17.0,0,8.4,1,mainland
2018-07-25T19:24:25.714613Z,2018,7,25,66.192900,22.168200,-66.0,0,29.4,1,mainland
2018-07-25T19:24:25.721431Z,2018,7,25,66.201100,22.139700,-13.0,0,12.8,1,coast_uncertain
2018-07-25T19:24:25.726365Z,2018,7,25,66.192600,22.152500,-11.0,0,20.2,1,coast_uncertain
2018-07-25T19:24:25.727379Z,2018,7,25,66.207900,22.156000,-13.0,0,3.4,1,mainland
2018-07-25T19:24:25.729022Z,2018,7,25,66.211800,22.081900,-7.0,0,17.4,1,mainland
2018-07-25T19:27:24.384262Z,2018,7,25,66.180200,22.238700,-156.0,0,12.2,1,mainland
2018-07-25T19:27:24.393667Z,2018,7,25,66.177000,22.226400,9.0,0,6.4,1,mainland
2018-07-25T19:27:24.397344Z,2018,7,25,66.184700,22.237500,-10.0,0,25.8,1,mainland
2018-07-25T19:27:24.401040Z,2018,7,25,66.167200,22.231900,-24.0,0,3.8,1,coast_uncertain
2018-07-25T19:27:24.402920Z,2018,7,25,66.222900,22.168000,-6.0,0,19.4,1,mainland
2018-07-25T19:35:52.737323Z,2018,7,25,66.186300,22.212000,8.0,0,30.2,1,mainland
2018-07-26T02:19:41.872758Z,2018,7,26,65.468700,22.535100,5.0,0,3.4,1,sea
2018-07-26T02:34:22.816673Z,2018,7,26,65.081400,22.474400,4.0,0,1.4,1,sea
2018-07-26T02:35:17.710545Z,2018,7,26,65.357900,22.041400,-5.0,0,1.4,1,sea
2018-07-26T02:36:27.168727Z,2018,7,26,65.291100,22.068300,4.0,0,1.6,1,sea
2018-07-26T02:36:27.187725Z,2018,7,26,65.363500,22.020000,4.0,0,3.0,1,sea
2018-07-26T02:36:27.439970Z,2018,7,26,65.355900,22.207800,-17.0,0,4.4,1,sea
2018-07-26T02:37:59.349363Z,2018,7,26,65.373300,21.999500,-11.0,0,4.6,1,coast_uncertain
2018-07-26T02:39:01.125102Z,2018,7,26,65.422400,22.086800,-3.0,0,3.2,1,sea
2018-07-26T02:39:44.749338Z,2018,7,26,65.297600,22.080700,-6.0,0,5.8,1,sea
2018-07-26T02:39:44.768217Z,2018,7,26,65.290200,22.087200,-16.0,0,4.4,1,sea
2018-07-26T02:39:44.787125Z,2018,7,26,65.293400,22.070200,-10.0,0,2.2,1,sea
2018-07-26T02:39:44.801955Z,2018,7,26,65.290700,22.085800,-4.0,0,1.0,1,sea
2018-07-26T02:42:58.546363Z,2018,7,26,65.305900,22.108900,-5.0,0,3.2,1,sea
2018-07-26T02:42:58.605777Z,2018,7,26,65.305000,22.110400,-7.0,0,1.6,1,sea
2018-07-26T02:42:58.642231Z,2018,7,26,65.315800,22.077700,-8.0,0,2.8,1,sea
2018-07-26T02:42:58.869581Z,2018,7,26,65.279900,22.109400,-8.0,0,2.0,1,sea
2018-07-26T02:42:58.906319Z,2018,7,26,65.323500,22.121900,-12.0,0,3.0,1,sea
2018-07-26T02:46:16.750694Z,2018,7,26,65.303600,22.314500,-22.0,0,14.6,1,sea
2018-07-26T02:46:16.759164Z,2018,7,26,65.343900,22.117700,8.0,0,3.4,1,sea
2018-07-26T02:47:10.022320Z,2018,7,26,65.457600,22.122600,-15.0,0,4.0,1,coast_uncertain
2018-07-26T02:48:02.519059Z,2018,7,26,65.358000,22.156400,6.0,0,2.8,1,sea
2018-07-26T02:48:02.519532Z,2018,7,26,65.267000,22.372300,8.0,0,30.2,1,sea
2018-07-26T02:48:02.523242Z,2018,7,26,65.361200,22.166000,5.0,0,9.6,1,sea
2018-07-26T02:48:40.118748Z,2018,7,26,65.343100,22.251500,-28.0,0,9.2,1,sea
2018-07-26T02:48:40.162323Z,2018,7,26,65.359000,22.289400,10.0,0,6.6,1,sea
2018-07-26T02:48:40.168000Z,2018,7,26,65.355800,22.248100,-15.0,0,2.8,1,sea
2018-07-26T02:48:40.191869Z,2018,7,26,65.355800,22.246100,-13.0,0,1.8,1,sea
2018-07-26T02:48:40.257163Z,2018,7,26,65.362400,22.287000,-7.0,0,2.6,1,sea
2018-07-26T02:48:40.271591Z,2018,7,26,65.368100,22.189000,-7.0,0,1.4,1,sea
2018-07-26T02:49:45.192944Z,2018,7,26,65.372500,22.188800,18.0,0,10.6,1,sea
2018-07-26T02:49:45.194097Z,2018,7,26,65.413600,22.090700,12.0,0,13.4,1,sea
2018-07-26T02:49:45.216078Z,2018,7,26,65.380700,22.180400,6.0,0,9.2,1,sea
2018-07-26T02:49:45.241404Z,2018,7,26,65.355500,22.158300,5.0,0,29.4,1,sea
2018-07-26T02:49:45.583958Z,2018,7,26,65.276500,22.213500,-13.0,0,3.4,1,sea
2018-07-26T02:50:27.926541Z,2018,7,26,65.395400,22.179100,-8.0,0,2.2,1,sea
2018-07-26T02:50:46.164603Z,2018,7,26,65.494700,21.794400,8.0,0,2.0,1,mainland
2018-07-26T02:51:24.776131Z,2018,7,26,65.264900,22.575500,4.0,0,1.4,1,sea
2018-07-26T02:52:21.521099Z,2018,7,26,65.373500,22.275600,-11.0,0,4.4,1,sea
2018-07-26T02:53:19.125068Z,2018,7,26,65.380000,22.299100,-15.0,0,2.0,1,sea
2018-07-26T02:53:19.167525Z,2018,7,26,65.380600,22.279800,-13.0,0,2.8,1,sea
2018-07-26T02:53:19.217553Z,2018,7,26,65.363000,22.261000,-11.0,0,2.6,1,sea
2018-07-26T02:53:57.120006Z,2018,7,26,65.415000,22.236400,9.0,0,5.8,1,coast_uncertain
2018-07-26T02:53:57.121032Z,2018,7,26,65.405400,22.241400,10.0,0,8.8,1,sea
2018-07-26T02:54:37.327724Z,2018,7,26,65.388300,22.325400,-5.0,0,6.4,1,sea
2018-07-26T02:54:37.336607Z,2018,7,26,65.376000,22.295200,-9.0,0,1.6,1,sea
2018-07-26T02:54:37.387670Z,2018,7,26,65.394900,22.247400,-12.0,0,3.4,1,sea
2018-07-26T02:54:49.112230Z,2018,7,26,65.680500,21.475500,14.0,0,9.6,1,coast_uncertain
2018-07-26T02:56:08.800653Z,2018,7,26,65.425500,22.249800,13.0,0,11.2,1,sea
2018-07-26T02:56:08.802727Z,2018,7,26,65.394400,22.358600,5.0,0,2.0,1,coast_uncertain
2018-07-26T02:56:08.816312Z,2018,7,26,65.429000,22.276000,5.0,0,1.6,1,coast_uncertain
2018-07-26T02:56:32.805524Z,2018,7,26,65.174700,22.292500,6.0,0,3.8,1,sea
2018-07-26T02:57:01.988810Z,2018,7,26,65.355500,22.430600,4.0,0,1.4,1,coast_uncertain
2018-07-26T02:58:17.936820Z,2018,7,26,65.438400,22.349500,-51.0,0,5.4,1,coast_uncertain
2018-07-26T02:58:17.979990Z,2018,7,26,65.438600,22.300100,-17.0,0,8.2,1,islands
2018-07-26T02:58:18.009849Z,2018,7,26,65.418300,22.315200,-15.0,0,4.8,1,coast_uncertain
2018-07-26T02:58:18.048102Z,2018,7,26,65.415900,22.305100,-19.0,0,4.0,1,coast_uncertain
2018-07-26T02:58:18.078201Z,2018,7,26,65.438600,22.305700,-14.0,0,4.2,1,islands
2018-07-26T02:58:18.111537Z,2018,7,26,65.227600,22.733100,-3.0,0,4.0,1,sea
2018-07-26T02:58:18.112383Z,2018,7,26,65.330600,22.517800,-5.0,0,1.0,1,sea
2018-07-26T02:58:46.053718Z,2018,7,26,65.277800,22.626700,6.0,0,2.0,1,sea
2018-07-26T02:58:46.077633Z,2018,7,26,65.441500,22.286900,4.0,0,1.6,1,coast_uncertain
2018-07-26T02:58:46.325911Z,2018,7,26,65.439600,22.293000,9.0,0,3.2,1,coast_uncertain
2018-07-26T02:58:46.384112Z,2018,7,26,65.327400,22.584400,-4.0,0,1.6,1,sea
2018-07-26T02:59:13.766126Z,2018,7,26,65.438400,22.282600,9.0,0,12.8,1,coast_uncertain
2018-07-26T02:59:13.770838Z,2018,7,26,65.326400,22.539700,6.0,0,3.4,1,sea
2018-07-26T02:59:29.398730Z,2018,7,26,65.432100,22.431900,-8.0,0,1.6,1,sea
2018-07-26T02:59:29.555299Z,2018,7,26,65.435400,22.360300,-5.0,0,6.0,1,coast_uncertain
2018-07-26T02:59:54.703840Z,2018,7,26,65.367000,21.979800,6.0,0,5.4,1,coast_uncertain
2018-07-26T03:00:31.391807Z,2018,7,26,65.416500,22.393400,7.0,0,4.6,1,sea
2018-07-26T03:00:31.414146Z,2018,7,26,65.447300,22.337200,7.0,0,3.2,1,coast_uncertain
2018-07-26T03:01:19.828535Z,2018,7,26,65.451500,22.317700,9.0,0,2.6,1,coast_uncertain
2018-07-26T03:01:44.865224Z,2018,7,26,65.473000,22.304900,4.0,0,3.6,1,coast_uncertain
2018-07-26T03:02:01.379476Z,2018,7,26,65.456700,22.319000,6.0,0,2.8,1,coast_uncertain
2018-07-26T03:02:13.868184Z,2018,7,26,65.458900,22.393700,-5.0,0,4.6,1,coast_uncertain
2018-07-26T03:02:13.916452Z,2018,7,26,65.437800,22.319600,-9.0,0,3.4,1,coast_uncertain
2018-07-26T03:02:45.634516Z,2018,7,26,65.453900,22.312800,7.0,0,4.6,1,coast_uncertain
2018-07-26T03:02:45.636935Z,2018,7,26,65.410000,22.438900,4.0,0,1.6,1,coast_uncertain
2018-07-26T03:02:45.648409Z,2018,7,26,65.401800,22.448500,12.0,0,16.6,1,sea
2018-07-26T03:02:45.668630Z,2018,7,26,65.461400,22.327300,4.0,0,3.4,1,sea
2018-07-26T03:03:13.342783Z,2018,7,26,65.453000,22.325000,4.0,0,2.8,1,coast_uncertain
2018-07-26T03:03:13.356638Z,2018,7,26,65.464200,22.317200,5.0,0,2.0,1,coast_uncertain
2018-07-26T03:03:37.962007Z,2018,7,26,65.479300,22.341100,-15.0,0,4.6,1,sea
2018-07-26T03:03:37.978456Z,2018,7,26,65.470000,22.315300,-22.0,0,7.0,1,coast_uncertain
2018-07-26T03:03:38.005789Z,2018,7,26,65.471300,22.324300,-16.0,0,3.8,1,sea
2018-07-26T03:03:38.039450Z,2018,7,26,65.471800,22.322700,-22.0,0,5.4,1,sea
2018-07-26T03:03:38.053598Z,2018,7,26,65.471600,22.316000,-6.0,0,1.6,1,sea
2018-07-26T03:03:38.107888Z,2018,7,26,65.452300,22.325800,-13.0,0,2.0,1,coast_uncertain
2018-07-26T03:03:38.264819Z,2018,7,26,65.450000,22.329700,-20.0,0,6.6,1,coast_uncertain
2018-07-26T03:03:38.341950Z,2018,7,26,65.451700,22.319700,-5.0,0,1.0,1,coast_uncertain
2018-07-26T03:03:38.407562Z,2018,7,26,65.450500,22.319700,-7.0,0,1.6,1,coast_uncertain
2018-07-26T03:03:38.498916Z,2018,7,26,65.450500,22.318100,-11.0,0,2.0,1,coast_uncertain
2018-07-26T03:04:03.186548Z,2018,7,26,65.390800,22.522600,4.0,0,3.8,1,sea
2018-07-26T03:04:03.188156Z,2018,7,26,65.360600,22.601400,4.0,0,6.2,1,sea
2018-07-26T03:04:03.191600Z,2018,7,26,65.385700,22.538800,5.0,0,4.6,1,sea
2018-07-26T03:04:03.193375Z,2018,7,26,65.368200,22.562700,4.0,0,1.4,1,sea
2018-07-26T03:04:03.498716Z,2018,7,26,65.456100,22.382700,5.0,0,1.6,1,islands
2018-07-26T03:04:03.514399Z,2018,7,26,65.455300,22.381300,7.0,0,2.0,1,islands
2018-07-26T03:04:23.394403Z,2018,7,26,65.442300,22.481700,-12.0,0,2.8,1,sea
2018-07-26T03:04:23.460652Z,2018,7,26,65.385700,22.456300,-4.0,0,1.0,1,coast_uncertain
2018-07-26T03:04:23.778013Z,2018,7,26,65.465200,22.286700,-8.0,0,1.4,1,coast_uncertain
2018-07-26T03:04:50.975838Z,2018,7,26,65.477500,22.351400,4.0,0,1.6,1,sea
2018-07-26T03:04:50.981044Z,2018,7,26,65.479000,22.340300,5.0,0,2.0,1,sea
2018-07-26T03:05:19.427817Z,2018,7,26,65.454900,22.362500,-6.0,0,2.4,1,coast_uncertain
2018-07-26T03:05:19.438411Z,2018,7,26,65.402100,22.463900,-4.0,0,1.4,1,sea
2018-07-26T03:05:19.455122Z,2018,7,26,65.449600,22.363500,-11.0,0,3.4,1,coast_uncertain
2018-07-26T03:05:19.475480Z,2018,7,26,65.438600,22.368200,-10.0,0,1.8,1,islands
2018-07-26T03:05:19.510219Z,2018,7,26,65.436000,22.399900,-17.0,0,2.2,1,coast_uncertain
2018-07-26T03:05:19.546054Z,2018,7,26,65.446800,22.424300,-10.0,0,3.0,1,coast_uncertain
2018-07-26T03:05:19.585746Z,2018,7,26,65.436200,22.398100,-15.0,0,6.0,1,coast_uncertain
2018-07-26T03:05:19.674734Z,2018,7,26,65.470400,22.473400,-8.0,0,3.0,1,sea
2018-07-26T03:06:00.377421Z,2018,7,26,65.489900,22.389900,-23.0,0,4.0,1,sea
2018-07-26T03:06:00.404887Z,2018,7,26,65.495800,22.323700,-13.0,0,2.6,1,coast_uncertain
2018-07-26T03:06:00.446156Z,2018,7,26,65.482300,22.328600,-11.0,0,3.2,1,sea
2018-07-26T03:06:00.506609Z,2018,7,26,65.480800,22.338800,-18.0,0,5.2,1,sea
2018-07-26T03:06:10.053555Z,2018,7,26,65.491200,22.603800,5.0,0,27.0,1,sea
2018-07-26T03:06:33.881737Z,2018,7,26,65.433100,21.923200,-5.0,0,4.8,1,sea
2018-07-26T03:06:35.061618Z,2018,7,26,65.481000,22.340300,-20.0,0,6.0,1,sea
2018-07-26T03:06:35.085800Z,2018,7,26,65.475800,22.291100,-10.0,0,4.0,1,coast_uncertain
2018-07-26T03:06:35.100249Z,2018,7,26,65.481000,22.336800,-7.0,0,2.6,1,sea
2018-07-26T03:06:35.372643Z,2018,7,26,65.481500,22.343800,-12.0,0,4.2,1,sea
2018-07-26T03:06:35.431796Z,2018,7,26,65.480200,22.335700,-11.0,0,1.8,1,sea
2018-07-26T03:06:35.489112Z,2018,7,26,65.480900,22.334600,-11.0,0,1.6,1,sea
2018-07-26T03:06:35.489686Z,2018,7,26,65.459100,22.367700,7.0,0,1.4,1,coast_uncertain
2018-07-26T03:06:35.552959Z,2018,7,26,65.481400,22.343000,-13.0,0,3.8,1,sea
2018-07-26T03:06:53.735200Z,2018,7,26,65.385500,22.545800,5.0,0,2.4,1,sea
2018-07-26T03:06:54.123462Z,2018,7,26,65.468900,22.383500,4.0,0,2.6,1,sea
2018-07-26T03:07:07.407068Z,2018,7,26,65.450000,22.394400,-7.0,0,2.6,1,islands
2018-07-26T03:07:19.662359Z,2018,7,26,65.402500,22.702800,4.0,0,8.8,1,sea
2018-07-26T03:07:19.663722Z,2018,7,26,65.397200,22.732300,4.0,0,8.2,1,sea
2018-07-26T03:07:24.586784Z,2018,7,26,65.465700,22.329300,-10.0,0,1.6,1,sea
2018-07-26T03:07:24.587486Z,2018,7,26,65.626400,22.168400,5.0,0,12.2,1,coast_uncertain
2018-07-26T03:07:42.541326Z,2018,7,26,65.494400,22.379800,-15.0,0,5.6,1,sea
2018-07-26T03:07:42.588136Z,2018,7,26,65.500400,22.399100,-13.0,0,5.8,1,sea
2018-07-26T03:07:42.750242Z,2018,7,26,65.498400,22.402900,-13.0,0,2.8,1,sea
2018-07-26T03:07:59.166778Z,2018,7,26,65.487300,22.513500,-12.0,0,3.8,1,coast_uncertain
2018-07-26T03:08:05.807483Z,2018,7,26,65.451000,22.403300,5.0,0,4.4,1,coast_uncertain
2018-07-26T03:08:34.036924Z,2018,7,26,65.482600,22.368500,-16.0,0,4.2,1,sea
2018-07-26T03:08:34.060807Z,2018,7,26,65.483100,22.359700,-10.0,0,2.6,1,sea
2018-07-26T03:08:34.120220Z,2018,7,26,65.510000,22.404900,-12.0,0,3.8,1,sea
2018-07-26T03:08:34.205419Z,2018,7,26,65.482500,22.360700,-8.0,0,2.6,1,sea
2018-07-26T03:08:34.284770Z,2018,7,26,65.483800,22.367700,-12.0,0,2.0,1,sea
2018-07-26T03:08:34.285387Z,2018,7,26,65.527000,22.420100,-5.0,0,2.4,1,sea
2018-07-26T03:08:49.387257Z,2018,7,26,65.391000,22.620400,4.0,0,1.4,1,sea
2018-07-26T03:08:49.388697Z,2018,7,26,65.395600,22.730200,5.0,0,16.8,1,sea
2018-07-26T03:09:10.662553Z,2018,7,26,65.132400,22.483700,5.0,0,2.2,1,sea
2018-07-26T03:09:11.520999Z,2018,7,26,65.336600,22.733300,5.0,0,5.8,1,sea
2018-07-26T03:09:11.528560Z,2018,7,26,65.530100,22.368100,5.0,0,4.0,1,coast_uncertain
2018-07-26T03:09:25.961313Z,2018,7,26,65.487400,22.452100,-12.0,0,3.8,1,sea
2018-07-26T03:09:26.005434Z,2018,7,26,65.503700,22.447500,-10.0,0,4.4,1,sea
2018-07-26T03:09:26.078283Z,2018,7,26,65.503600,22.456800,-17.0,0,2.0,1,sea
2018-07-26T03:09:26.130319Z,2018,7,26,65.504800,22.447600,-6.0,0,2.0,1,sea
2018-07-26T03:09:26.212876Z,2018,7,26,65.480200,22.434300,-8.0,0,2.2,1,sea
2018-07-26T03:09:26.288863Z,2018,7,26,65.478300,22.435400,-8.0,0,2.6,1,sea
2018-07-26T03:09:49.272866Z,2018,7,26,65.481300,22.358000,-36.0,0,5.4,1,sea
2018-07-26T03:09:49.345810Z,2018,7,26,65.511700,22.369700,-28.0,0,12.6,1,coast_uncertain
2018-07-26T03:09:49.402468Z,2018,7,26,65.488700,22.323900,-9.0,0,4.6,1,sea
2018-07-26T03:09:49.519162Z,2018,7,26,65.488700,22.333200,-21.0,0,7.0,1,coast_uncertain
2018-07-26T03:09:49.523041Z,2018,7,26,65.510900,22.378600,-8.0,0,3.2,1,coast_uncertain
2018-07-26T03:09:49.607970Z,2018,7,26,65.492700,22.322700,-8.0,0,1.4,1,coast_uncertain
2018-07-26T03:09:49.654108Z,2018,7,26,65.492900,22.325300,-5.0,0,1.2,1,coast_uncertain
2018-07-26T03:09:49.709606Z,2018,7,26,65.489100,22.324700,-8.0,0,2.6,1,coast_uncertain
2018-07-26T03:09:49.830578Z,2018,7,26,65.488700,22.324500,-9.0,0,2.6,1,sea
2018-07-26T03:10:00.460999Z,2018,7,26,65.559000,22.361000,-12.0,0,5.6,1,mainland
2018-07-26T03:10:00.478178Z,2018,7,26,65.559000,22.354400,-6.0,0,3.0,1,mainland
2018-07-26T03:10:00.519613Z,2018,7,26,65.588500,22.418800,-15.0,0,4.6,1,sea
2018-07-26T03:10:00.581946Z,2018,7,26,65.586000,22.428000,-15.0,0,3.0,1,sea
2018-07-26T03:10:00.702560Z,2018,7,26,65.586100,22.418700,-5.0,0,2.6,1,sea
2018-07-26T03:10:26.579764Z,2018,7,26,65.586700,22.420500,12.0,0,3.0,1,sea
2018-07-26T03:10:44.000178Z,2018,7,26,65.578400,22.425500,-17.0,0,2.4,1,sea
2018-07-26T03:10:44.041270Z,2018,7,26,65.577800,22.425200,-14.0,0,4.2,1,sea
2018-07-26T03:10:44.126231Z,2018,7,26,65.582300,22.257200,-11.0,0,11.4,1,mainland
2018-07-26T03:10:44.201476Z,2018,7,26,65.577500,22.426700,-14.0,0,4.0,1,sea
2018-07-26T03:10:44.254413Z,2018,7,26,65.578100,22.414400,-9.0,0,2.8,1,sea
2018-07-26T03:10:48.213834Z,2018,7,26,65.495600,22.464900,-13.0,0,5.4,1,sea
2018-07-26T03:10:48.278446Z,2018,7,26,65.508400,22.405500,-13.0,0,4.8,1,sea
2018-07-26T03:10:48.505685Z,2018,7,26,65.463500,22.584100,-5.0,0,2.2,1,coast_uncertain
2018-07-26T03:11:07.905365Z,2018,7,26,65.593200,22.443400,11.0,0,5.6,1,sea
2018-07-26T03:11:24.358207Z,2018,7,26,65.581200,22.434300,-14.0,0,5.0,1,sea
2018-07-26T03:11:24.411104Z,2018,7,26,65.579900,22.427800,-11.0,0,3.2,1,sea
2018-07-26T03:11:24.437255Z,2018,7,26,65.584900,22.419100,-8.0,0,6.8,1,sea
2018-07-26T03:11:24.472789Z,2018,7,26,65.582700,22.432700,-15.0,0,19.4,1,sea
2018-07-26T03:11:24.577251Z,2018,7,26,65.584200,22.424700,-22.0,0,4.2,1,sea
2018-07-26T03:11:24.660852Z,2018,7,26,65.582600,22.420000,-11.0,0,3.4,1,sea
2018-07-26T03:11:24.697616Z,2018,7,26,65.583200,22.422200,-5.0,0,3.2,1,sea
2018-07-26T03:11:24.731451Z,2018,7,26,65.454400,22.661700,-5.0,0,1.4,1,sea
2018-07-26T03:11:24.752502Z,2018,7,26,65.491300,22.594700,-5.0,0,1.6,1,sea
2018-07-26T03:11:24.788111Z,2018,7,26,65.582800,22.420800,-9.0,0,3.2,1,sea
2018-07-26T03:11:24.793558Z,2018,7,26,65.433800,22.698800,-4.0,0,1.4,1,sea
2018-07-26T03:11:24.824808Z,2018,7,26,65.357500,22.838700,-4.0,0,1.6,1,sea
2018-07-26T03:11:24.862971Z,2018,7,26,65.433600,22.698800,-4.0,0,1.4,1,sea
2018-07-26T03:11:42.956866Z,2018,7,26,65.474200,22.263700,4.0,0,1.6,1,coast_uncertain
2018-07-26T03:11:44.218855Z,2018,7,26,65.597600,22.438200,5.0,0,1.4,1,sea
2018-07-26T03:11:44.409949Z,2018,7,26,65.519600,22.371700,5.0,0,18.2,1,coast_uncertain
2018-07-26T03:11:44.722093Z,2018,7,26,65.515700,22.357400,-11.0,0,4.8,1,coast_uncertain
2018-07-26T03:12:04.079490Z,2018,7,26,65.218000,22.816200,-4.0,0,5.2,1,sea
2018-07-26T03:12:04.086467Z,2018,7,26,65.404100,22.447400,-4.0,0,9.4,1,coast_uncertain
2018-07-26T03:12:04.700736Z,2018,7,26,65.569200,22.396700,-10.0,0,3.4,1,sea
2018-07-26T03:12:04.742991Z,2018,7,26,65.597400,22.430000,-13.0,0,4.0,1,sea
2018-07-26T03:12:04.812025Z,2018,7,26,65.598600,22.413600,-8.0,0,3.2,1,coast_uncertain
2018-07-26T03:12:26.002380Z,2018,7,26,65.536800,22.515000,-4.0,0,8.0,1,sea
2018-07-26T03:12:28.450824Z,2018,7,26,65.578800,22.425800,-13.0,0,4.6,1,sea
2018-07-26T03:12:28.590227Z,2018,7,26,65.579300,22.419200,-6.0,0,2.8,1,sea
2018-07-26T03:12:28.648554Z,2018,7,26,65.415000,22.724300,-4.0,0,1.4,1,sea
2018-07-26T03:12:28.763873Z,2018,7,26,65.578500,22.425800,-36.0,0,6.2,1,sea
2018-07-26T03:12:31.558236Z,2018,7,26,65.514800,22.377700,-5.0,0,4.2,1,coast_uncertain
2018-07-26T03:12:31.581851Z,2018,7,26,65.356700,22.658300,-4.0,0,1.2,1,sea
2018-07-26T03:12:31.615279Z,2018,7,26,65.502700,22.381300,-6.0,0,2.2,1,sea
2018-07-26T03:13:11.557675Z,2018,7,26,65.358500,22.398400,5.0,0,3.2,1,coast_uncertain
2018-07-26T03:13:11.573676Z,2018,7,26,65.363800,22.394200,6.0,0,4.4,1,coast_uncertain
2018-07-26T03:13:22.524118Z,2018,7,26,65.511300,22.547100,-7.0,0,3.2,1,coast_uncertain
2018-07-26T03:13:22.770394Z,2018,7,26,65.508600,22.555600,-18.0,0,3.8,1,coast_uncertain
2018-07-26T03:13:22.849418Z,2018,7,26,65.515100,22.543600,-9.0,0,2.0,1,coast_uncertain
2018-07-26T03:13:22.855135Z,2018,7,26,65.472500,22.550200,-4.0,0,1.6,1,coast_uncertain
2018-07-26T03:13:22.994589Z,2018,7,26,65.511500,22.555200,-14.0,0,2.8,1,sea
2018-07-26T03:13:35.339511Z,2018,7,26,65.618300,22.427800,-22.0,0,10.0,1,coast_uncertain
2018-07-26T03:13:35.372672Z,2018,7,26,65.584800,22.453000,-29.0,0,4.6,1,sea
2018-07-26T03:13:35.388755Z,2018,7,26,65.584800,22.453800,-13.0,0,3.2,1,sea
2018-07-26T03:13:35.487396Z,2018,7,26,65.584800,22.453600,-23.0,0,4.4,1,sea
2018-07-26T03:13:35.489118Z,2018,7,26,65.684500,22.475900,-6.0,0,30.2,1,coast_uncertain
2018-07-26T03:13:35.489566Z,2018,7,26,65.327200,22.885700,-4.0,0,2.4,1,sea
2018-07-26T03:13:35.533544Z,2018,7,26,65.588200,22.443800,-14.0,0,3.0,1,sea
2018-07-26T03:13:35.555405Z,2018,7,26,65.585500,22.445700,-5.0,0,2.0,1,sea
2018-07-26T03:13:35.585529Z,2018,7,26,65.587100,22.440500,-11.0,0,2.6,1,sea
2018-07-26T03:13:52.030569Z,2018,7,26,65.536200,22.470900,-13.0,0,7.6,1,sea
2018-07-26T03:13:52.068822Z,2018,7,26,65.539100,22.459100,-11.0,0,4.2,1,sea
2018-07-26T03:13:52.099319Z,2018,7,26,65.483100,22.352000,-11.0,0,5.0,1,sea
2018-07-26T03:13:52.117401Z,2018,7,26,65.540700,22.460600,-8.0,0,2.6,1,sea
2018-07-26T03:14:21.819828Z,2018,7,26,65.531200,22.555600,4.0,0,3.2,1,coast_uncertain
2018-07-26T03:14:21.823332Z,2018,7,26,65.546700,22.390600,5.0,0,25.0,1,coast_uncertain
2018-07-26T03:14:21.841710Z,2018,7,26,65.486900,22.632300,5.0,0,2.0,1,sea
2018-07-26T03:14:22.013264Z,2018,7,26,65.529800,22.557900,5.0,0,2.6,1,coast_uncertain
2018-07-26T03:14:22.090004Z,2018,7,26,65.342100,22.896000,5.0,0,2.8,1,sea
2018-07-26T03:14:22.108704Z,2018,7,26,65.528700,22.556500,7.0,0,3.2,1,coast_uncertain
2018-07-26T03:14:22.122696Z,2018,7,26,65.529600,22.558500,5.0,0,3.2,1,coast_uncertain
2018-07-26T03:14:27.746562Z,2018,7,26,65.605800,22.449800,5.0,0,2.8,1,coast_uncertain
2018-07-26T03:14:27.747370Z,2018,7,26,65.530700,22.625500,5.0,0,7.8,1,sea
2018-07-26T03:14:36.170868Z,2018,7,26,65.514900,22.406200,-8.0,0,4.2,1,sea
2018-07-26T03:14:36.213061Z,2018,7,26,65.509600,22.458500,-12.0,0,3.8,1,sea
2018-07-26T03:14:36.260022Z,2018,7,26,65.526100,22.444900,-6.0,0,3.2,1,sea
2018-07-26T03:14:36.371184Z,2018,7,26,65.523400,22.444300,-5.0,0,2.2,1,sea
2018-07-26T03:15:09.131482Z,2018,7,26,65.495500,22.581700,-40.0,0,13.8,1,coast_uncertain
2018-07-26T03:15:09.131497Z,2018,7,26,65.537800,22.294700,-29.0,0,5.2,1,sea
2018-07-26T03:15:09.152035Z,2018,7,26,65.521400,22.427800,-6.0,0,3.2,1,sea
2018-07-26T03:15:09.161720Z,2018,7,26,65.497900,22.430900,-15.0,0,3.6,1,coast_uncertain
2018-07-26T03:15:09.198057Z,2018,7,26,65.499900,22.424000,-15.0,0,3.4,1,coast_uncertain
2018-07-26T03:15:11.426567Z,2018,7,26,65.566700,22.162500,11.0,0,6.6,1,coast_uncertain
2018-07-26T03:15:11.865743Z,2018,7,26,65.510200,22.150600,-6.0,0,1.8,1,sea
2018-07-26T03:15:12.154026Z,2018,7,26,65.315100,22.325400,-10.0,0,3.2,1,sea
2018-07-26T03:15:28.230036Z,2018,7,26,65.602400,22.457600,-9.0,0,5.4,1,coast_uncertain
2018-07-26T03:15:28.282469Z,2018,7,26,65.587200,22.429100,-9.0,0,3.2,1,sea
2018-07-26T03:15:28.387218Z,2018,7,26,65.591300,22.421200,-6.0,0,5.0,1,sea
2018-07-26T03:15:28.443679Z,2018,7,26,65.586100,22.438200,-11.0,0,3.2,1,sea
2018-07-26T03:15:28.522145Z,2018,7,26,65.586300,22.440000,-15.0,0,3.8,1,sea
2018-07-26T03:15:28.616441Z,2018,7,26,65.586300,22.428200,-11.0,0,3.2,1,sea
2018-07-26T03:15:28.720403Z,2018,7,26,65.585900,22.428100,-11.0,0,3.2,1,sea
2018-07-26T03:15:35.836150Z,2018,7,26,65.454000,22.490700,4.0,0,4.0,1,sea
2018-07-26T03:15:53.320541Z,2018,7,26,65.419600,22.336600,4.0,0,5.6,1,sea
2018-07-26T03:15:53.320856Z,2018,7,26,65.278000,22.557500,14.0,0,11.0,1,sea
2018-07-26T03:15:53.321451Z,2018,7,26,65.347700,22.482100,9.0,0,19.4,1,sea
2018-07-26T03:15:53.322200Z,2018,7,26,65.326400,22.401800,4.0,0,3.2,1,sea
2018-07-26T03:15:58.949477Z,2018,7,26,65.552800,22.470900,-22.0,0,14.6,1,sea
2018-07-26T03:15:59.009912Z,2018,7,26,65.566900,22.525800,-9.0,0,3.2,1,coast_uncertain
2018-07-26T03:16:15.536856Z,2018,7,26,65.627600,22.474100,11.0,0,8.8,1,coast_uncertain
2018-07-26T03:16:39.334028Z,2018,7,26,65.617300,22.439800,-5.0,0,2.0,1,coast_uncertain
2018-07-26T03:16:39.346801Z,2018,7,26,65.535400,22.588200,-27.0,0,5.0,1,coast_uncertain
2018-07-26T03:16:39.365313Z,2018,7,26,65.534900,22.611200,-12.0,0,5.4,1,coast_uncertain
2018-07-26T03:16:39.407842Z,2018,7,26,65.526400,22.572100,-12.0,0,3.8,1,islands
2018-07-26T03:16:39.454674Z,2018,7,26,65.527000,22.566000,-5.0,0,2.0,1,islands
2018-07-26T03:16:39.861593Z,2018,7,26,65.529500,22.564100,-5.0,0,2.8,1,coast_uncertain
2018-07-26T03:16:48.435480Z,2018,7,26,65.521500,22.400900,6.0,0,8.2,1,sea
2018-07-26T03:17:23.875036Z,2018,7,26,65.557200,22.199000,9.0,0,11.6,1,coast_uncertain
2018-07-26T03:17:23.878324Z,2018,7,26,65.334000,22.298000,-6.0,0,2.2,1,sea
2018-07-26T03:17:23.890494Z,2018,7,26,65.556000,22.198900,5.0,0,4.0,1,coast_uncertain
2018-07-26T03:17:40.455984Z,2018,7,26,65.513100,22.470700,6.0,0,20.6,1,sea
2018-07-26T03:18:18.148815Z,2018,7,26,65.574600,22.531700,-7.0,0,2.6,1,coast_uncertain
2018-07-26T03:18:18.159899Z,2018,7,26,65.545300,22.586900,-27.0,0,6.6,1,sea
2018-07-26T03:18:18.189337Z,2018,7,26,65.533100,22.629800,-14.0,0,4.0,1,sea
2018-07-26T03:18:18.212764Z,2018,7,26,65.580600,22.545900,-7.0,0,2.2,1,coast_uncertain
2018-07-26T03:18:18.727745Z,2018,7,26,65.579800,22.549700,-21.0,0,4.2,1,coast_uncertain
2018-07-26T03:18:18.808021Z,2018,7,26,65.581400,22.543600,-9.0,0,3.0,1,coast_uncertain
2018-07-26T03:18:23.909650Z,2018,7,26,65.572100,22.394600,5.0,0,4.0,1,sea
2018-07-26T03:18:24.124320Z,2018,7,26,65.396400,22.707400,-4.0,0,3.0,1,sea
2018-07-26T03:18:47.074280Z,2018,7,26,65.266600,22.709000,5.0,0,1.6,1,sea
2018-07-26T03:18:47.074894Z,2018,7,26,65.251000,22.326100,9.0,0,9.6,1,sea
2018-07-26T03:18:47.075858Z,2018,7,26,65.176600,22.889400,3.0,0,3.6,1,sea
2018-07-26T03:18:47.076366Z,2018,7,26,65.388800,22.443700,5.0,0,3.0,1,coast_uncertain
2018-07-26T03:18:47.415682Z,2018,7,26,65.396600,22.493300,-12.0,0,3.6,1,sea
2018-07-26T03:18:47.565444Z,2018,7,26,65.397500,22.496100,-17.0,0,3.6,1,coast_uncertain
2018-07-26T03:18:47.589923Z,2018,7,26,65.403600,22.526900,-13.0,0,1.6,1,coast_uncertain
2018-07-26T03:18:47.914404Z,2018,7,26,65.397500,22.488600,-8.0,0,1.8,1,sea
2018-07-26T03:18:48.153721Z,2018,7,26,65.397900,22.491400,-5.0,0,1.2,1,sea
2018-07-26T03:19:09.290766Z,2018,7,26,65.581900,22.351600,16.0,0,6.6,1,coast_uncertain
2018-07-26T03:19:39.069278Z,2018,7,26,65.548600,22.435300,-9.0,0,4.6,1,coast_uncertain
2018-07-26T03:19:39.107386Z,2018,7,26,65.574400,22.514900,-9.0,0,3.6,1,sea
2018-07-26T03:19:39.173708Z,2018,7,26,65.579700,22.491200,-15.0,0,4.0,1,sea
2018-07-26T03:19:39.175328Z,2018,7,26,65.555700,22.508500,-5.0,0,2.2,1,sea
2018-07-26T03:19:39.316282Z,2018,7,26,65.565300,22.472300,-14.0,0,5.0,1,sea
2018-07-26T03:19:39.441841Z,2018,7,26,65.558600,22.480200,-13.0,0,2.8,1,sea
2018-07-26T03:19:39.564045Z,2018,7,26,65.581500,22.465500,-12.0,0,4.0,1,sea
2018-07-26T03:19:39.684105Z,2018,7,26,65.568300,22.462800,-8.0,0,2.8,1,sea
2018-07-26T03:19:39.811683Z,2018,7,26,65.565800,22.473400,-13.0,0,3.2,1,sea
2018-07-26T03:19:52.520806Z,2018,7,26,65.666700,22.502100,-6.0,0,12.4,1,sea
2018-07-26T03:20:13.817592Z,2018,7,26,65.559500,21.791500,6.0,0,6.0,1,mainland
2018-07-26T03:20:13.826048Z,2018,7,26,65.485900,22.013500,5.0,0,13.8,1,sea
2018-07-26T03:20:13.892744Z,2018,7,26,65.258600,22.441900,5.0,0,1.4,1,sea
2018-07-26T03:20:28.419530Z,2018,7,26,65.546200,22.603900,-7.0,0,2.8,1,coast_uncertain
2018-07-26T03:20:51.130731Z,2018,7,26,65.346500,22.538400,11.0,0,4.4,1,sea
2018-07-26T03:21:02.341183Z,2018,7,26,65.433300,22.809300,-4.0,0,2.0,1,sea
2018-07-26T03:21:02.352646Z,2018,7,26,65.577400,22.565400,-17.0,0,6.2,1,coast_uncertain
2018-07-26T03:21:02.372232Z,2018,7,26,65.593400,22.529400,-12.0,0,2.6,1,coast_uncertain
2018-07-26T03:21:02.407906Z,2018,7,26,65.560700,22.529900,-16.0,0,4.6,1,coast_uncertain
2018-07-26T03:21:02.436915Z,2018,7,26,65.556600,22.568600,-11.0,0,4.6,1,coast_uncertain
2018-07-26T03:21:02.519458Z,2018,7,26,65.574000,22.554200,-9.0,0,3.2,1,coast_uncertain
2018-07-26T03:21:19.960988Z,2018,7,26,65.683900,22.497400,6.0,0,2.8,1,sea
2018-07-26T03:21:25.723456Z,2018,7,26,65.587300,22.403500,-15.0,0,4.0,1,sea
2018-07-26T03:21:25.782674Z,2018,7,26,65.564700,22.477900,-13.0,0,3.8,1,sea
2018-07-26T03:21:25.850277Z,2018,7,26,65.447300,22.664200,-4.0,0,4.2,1,sea
2018-07-26T03:21:25.862305Z,2018,7,26,65.583300,22.397800,-15.0,0,4.4,1,sea
2018-07-26T03:21:36.613774Z,2018,7,26,65.547800,22.487300,-11.0,0,26.8,1,sea
2018-07-26T03:21:53.790232Z,2018,7,26,65.449300,22.166300,-4.0,0,1.6,1,islands
2018-07-26T03:21:55.812728Z,2018,7,26,65.562600,22.547600,-9.0,0,3.8,1,coast_uncertain
2018-07-26T03:21:55.865502Z,2018,7,26,65.558500,22.613400,-7.0,0,5.2,1,coast_uncertain
2018-07-26T03:21:55.943095Z,2018,7,26,65.599300,22.566300,-7.0,0,3.8,1,coast_uncertain
2018-07-26T03:22:16.235532Z,2018,7,26,65.298600,22.717200,4.0,0,2.4,1,sea
2018-07-26T03:22:23.195117Z,2018,7,26,65.570400,22.585700,10.0,0,14.4,1,coast_uncertain
2018-07-26T03:22:23.195967Z,2018,7,26,65.582800,22.510100,6.0,0,3.8,1,sea
2018-07-26T03:22:23.196264Z,2018,7,26,65.574200,22.475000,6.0,0,13.8,1,sea
2018-07-26T03:23:16.300435Z,2018,7,26,65.609000,22.337300,8.0,0,2.2,1,coast_uncertain
2018-07-26T03:23:16.303854Z,2018,7,26,65.600500,22.340400,5.0,0,2.2,1,coast_uncertain
2018-07-26T03:23:16.392417Z,2018,7,26,65.583200,22.534900,5.0,0,4.8,1,coast_uncertain
2018-07-26T03:23:16.441990Z,2018,7,26,65.602400,22.341000,4.0,0,2.6,1,coast_uncertain
2018-07-26T03:23:16.694375Z,2018,7,26,65.417000,22.310800,5.0,0,1.4,1,coast_uncertain
2018-07-26T03:23:39.991475Z,2018,7,26,65.448000,22.761100,4.0,0,2.8,1,sea
2018-07-26T03:24:03.912629Z,2018,7,26,65.612300,22.356700,6.0,0,7.6,1,coast_uncertain
2018-07-26T03:24:20.216102Z,2018,7,26,65.562500,22.733300,-4.0,0,3.2,1,coast_uncertain
2018-07-26T03:24:20.671062Z,2018,7,26,65.671700,22.545600,-7.0,0,2.0,1,sea
2018-07-26T03:25:01.859072Z,2018,7,26,65.482700,22.684700,-5.0,0,2.2,1,coast_uncertain
2018-07-26T03:25:01.952771Z,2018,7,26,65.587200,22.462900,-5.0,0,3.2,1,sea
2018-07-26T03:25:05.056789Z,2018,7,26,65.512700,22.705100,-7.0,0,4.6,1,coast_uncertain
2018-07-26T03:25:20.240527Z,2018,7,26,65.495900,22.686700,6.0,0,4.4,1,coast_uncertain
2018-07-26T03:25:20.241212Z,2018,7,26,65.503900,22.683000,7.0,0,4.4,1,coast_uncertain
2018-07-26T03:25:49.633244Z,2018,7,26,65.598600,22.382400,-7.0,0,2.8,1,coast_uncertain
2018-07-26T03:26:02.253306Z,2018,7,26,65.605600,22.448000,-10.0,0,5.0,1,coast_uncertain
2018-07-26T03:26:02.270078Z,2018,7,26,65.613600,22.430500,-7.0,0,3.2,1,coast_uncertain
2018-07-26T03:26:02.287386Z,2018,7,26,65.614600,22.483700,-8.0,0,3.8,1,sea
2018-07-26T03:26:02.375788Z,2018,7,26,65.640800,22.469700,-5.0,0,3.0,1,coast_uncertain
2018-07-26T03:26:02.449441Z,2018,7,26,65.610800,22.421100,-14.0,0,4.4,1,sea
2018-07-26T03:26:02.492758Z,2018,7,26,65.612700,22.482900,-7.0,0,2.2,1,sea
2018-07-26T03:26:02.569356Z,2018,7,26,65.613700,22.482200,-9.0,0,2.0,1,sea
2018-07-26T03:26:02.657000Z,2018,7,26,65.613200,22.489500,-14.0,0,3.4,1,sea
2018-07-26T03:26:02.693691Z,2018,7,26,65.613300,22.481300,-8.0,0,3.2,1,sea
2018-07-26T03:26:02.831206Z,2018,7,26,65.612400,22.481400,-10.0,0,2.6,1,sea
2018-07-26T03:26:02.988204Z,2018,7,26,65.591600,22.462700,-5.0,0,1.0,1,sea
2018-07-26T03:26:46.523374Z,2018,7,26,65.608700,22.524600,-11.0,0,5.6,1,coast_uncertain
2018-07-26T03:26:46.556458Z,2018,7,26,65.609000,22.525300,-8.0,0,2.2,1,coast_uncertain
2018-07-26T03:26:46.613212Z,2018,7,26,65.472600,22.839800,-7.0,0,2.8,1,sea
2018-07-26T03:26:46.650087Z,2018,7,26,65.611600,22.526100,-5.0,0,2.0,1,coast_uncertain
2018-07-26T03:26:59.160787Z,2018,7,26,65.600200,22.324000,-9.0,0,3.2,1,coast_uncertain
2018-07-26T03:26:59.293424Z,2018,7,26,65.604700,22.393900,-6.0,0,3.2,1,coast_uncertain
2018-07-26T03:26:59.466271Z,2018,7,26,65.481000,22.621900,-5.0,0,2.2,1,coast_uncertain
2018-07-26T03:27:24.717309Z,2018,7,26,65.395000,22.593600,6.0,0,7.0,1,sea
2018-07-26T03:28:07.765944Z,2018,7,26,65.499300,22.747900,5.0,0,9.0,1,sea
2018-07-26T03:28:29.650661Z,2018,7,26,65.613900,22.514300,-9.0,0,3.0,1,sea
2018-07-26T03:28:29.705156Z,2018,7,26,65.606000,22.630100,-5.0,0,3.0,1,coast_uncertain
2018-07-26T03:28:58.143427Z,2018,7,26,65.462100,22.831000,-4.0,0,1.4,1,sea
2018-07-26T03:28:58.577517Z,2018,7,26,65.496500,22.618300,8.0,0,10.2,1,coast_uncertain
2018-07-26T03:28:58.617737Z,2018,7,26,65.574400,22.636900,8.0,0,2.4,1,coast_uncertain
2018-07-26T03:28:59.602040Z,2018,7,26,65.712300,22.617700,7.0,0,2.6,1,sea
2018-07-26T03:30:06.277600Z,2018,7,26,65.686500,22.462100,7.0,0,1.8,1,coast_uncertain
2018-07-26T03:30:11.521945Z,2018,7,26,65.539700,22.731700,5.0,0,2.2,1,sea
2018-07-26T03:30:11.544170Z,2018,7,26,65.530900,22.720500,5.0,0,3.8,1,coast_uncertain
2018-07-26T03:30:32.496735Z,2018,7,26,65.480300,22.035100,-37.0,0,3.6,1,sea
2018-07-26T03:30:32.515373Z,2018,7,26,65.479300,22.041400,-17.0,0,2.2,1,sea
2018-07-26T03:30:32.525753Z,2018,7,26,65.481100,22.033400,-12.0,0,2.6,1,sea
2018-07-26T03:30:45.859277Z,2018,7,26,65.678200,22.476700,-7.0,0,2.0,1,coast_uncertain
2018-07-26T03:30:45.882084Z,2018,7,26,65.698400,22.515600,-6.0,0,3.0,1,sea
2018-07-26T03:31:13.768229Z,2018,7,26,65.487100,22.862700,5.0,0,2.6,1,sea
2018-07-26T03:31:25.704648Z,2018,7,26,65.368100,22.579100,-10.0,0,9.4,1,sea
2018-07-26T03:31:25.704678Z,2018,7,26,65.291300,22.865500,9.0,0,2.8,1,sea
2018-07-26T03:31:25.725484Z,2018,7,26,65.438000,22.618900,4.0,0,10.8,1,sea
2018-07-26T03:31:39.156286Z,2018,7,26,65.653000,22.622400,-11.0,0,2.0,1,coast_uncertain
2018-07-26T03:31:39.200430Z,2018,7,26,65.638600,22.590900,-11.0,0,5.4,1,sea
2018-07-26T03:31:47.544937Z,2018,7,26,65.604000,21.891200,-5.0,0,3.4,1,coast_uncertain
2018-07-26T03:32:09.024403Z,2018,7,26,65.432100,22.914900,5.0,0,2.6,1,sea
2018-07-26T03:32:09.033566Z,2018,7,26,65.539900,22.738400,4.0,0,3.6,1,sea
2018-07-26T03:32:09.039726Z,2018,7,26,65.541700,22.727200,9.0,0,10.6,1,sea
2018-07-26T03:32:15.948884Z,2018,7,26,65.622600,22.283500,5.0,0,11.2,1,coast_uncertain
2018-07-26T03:32:41.645667Z,2018,7,26,65.651000,22.635900,9.0,0,7.2,1,coast_uncertain
2018-07-26T03:33:05.973925Z,2018,7,26,65.643700,22.675100,-4.0,0,1.0,1,sea
2018-07-26T03:33:06.084484Z,2018,7,26,65.665700,22.691800,-9.0,0,6.8,1,coast_uncertain
2018-07-26T03:33:06.557156Z,2018,7,26,65.658900,22.706900,-11.0,0,3.0,1,coast_uncertain
2018-07-26T03:33:13.470040Z,2018,7,26,65.496000,22.852200,-5.0,0,6.4,1,sea
2018-07-26T03:34:14.674219Z,2018,7,26,65.557600,22.755700,5.0,0,2.6,1,coast_uncertain
2018-07-26T03:34:32.628775Z,2018,7,26,65.630400,22.300000,7.0,0,6.4,1,coast_uncertain
2018-07-26T03:34:32.653519Z,2018,7,26,65.632300,22.299600,5.0,0,6.8,1,coast_uncertain
2018-07-26T03:34:32.992061Z,2018,7,26,65.659800,22.398300,-6.0,0,2.2,1,coast_uncertain
2018-07-26T03:35:12.654576Z,2018,7,26,65.668000,22.637700,6.0,0,6.0,1,coast_uncertain
2018-07-26T03:35:12.911455Z,2018,7,26,65.668900,22.627900,6.0,0,5.0,1,coast_uncertain
2018-07-26T03:35:12.918802Z,2018,7,26,65.668700,22.653700,7.0,0,4.0,1,coast_uncertain
2018-07-26T03:35:13.144977Z,2018,7,26,65.583100,22.819800,-10.0,0,2.8,1,sea
2018-07-26T03:35:13.333837Z,2018,7,26,65.545500,22.688400,-30.0,0,7.2,1,coast_uncertain
2018-07-26T03:35:13.358667Z,2018,7,26,65.545900,22.685000,-15.0,0,3.2,1,coast_uncertain
2018-07-26T03:35:13.376261Z,2018,7,26,65.548900,22.678500,-12.0,0,3.6,1,coast_uncertain
2018-07-26T03:35:53.554170Z,2018,7,26,65.561100,22.795100,8.0,0,5.0,1,coast_uncertain
2018-07-26T03:35:53.563904Z,2018,7,26,65.555700,22.840400,10.0,0,11.4,1,sea
2018-07-26T03:35:53.586884Z,2018,7,26,65.552700,22.775200,6.0,0,9.4,1,coast_uncertain
2018-07-26T03:36:30.170600Z,2018,7,26,65.696700,22.758300,-8.0,0,3.4,1,sea
2018-07-26T03:36:57.939115Z,2018,7,26,65.672200,22.586500,-7.0,0,3.2,1,sea
2018-07-26T03:37:03.333541Z,2018,7,26,65.475500,22.625000,6.0,0,4.4,1,coast_uncertain
2018-07-26T03:37:03.342804Z,2018,7,26,65.417700,22.748200,10.0,0,12.0,1,sea
2018-07-26T03:37:03.344230Z,2018,7,26,65.472700,22.651200,8.0,0,17.0,1,coast_uncertain
2018-07-26T03:37:08.653732Z,2018,7,26,65.549700,22.814300,6.0,0,5.0,1,coast_uncertain
2018-07-26T03:37:08.723932Z,2018,7,26,65.561400,22.786200,5.0,0,2.6,1,islands
2018-07-26T03:38:42.736367Z,2018,7,26,65.586600,22.788000,4.0,0,4.2,1,sea
2018-07-26T03:39:08.092368Z,2018,7,26,65.659200,22.773700,15.0,0,14.4,1,coast_uncertain
2018-07-26T03:39:30.362711Z,2018,7,26,65.778600,22.625500,-6.0,0,5.8,1,coast_uncertain
2018-07-26T03:40:25.008062Z,2018,7,26,65.661100,22.263800,6.0,0,11.2,1,coast_uncertain
2018-07-26T03:40:26.298102Z,2018,7,26,65.668200,22.382700,7.0,0,5.2,1,coast_uncertain
2018-07-26T03:40:30.333440Z,2018,7,26,65.696400,22.685200,5.0,0,7.6,1,sea
2018-07-26T03:40:41.864048Z,2018,7,26,65.586400,22.851000,6.0,0,3.8,1,sea
2018-07-26T03:40:55.546618Z,2018,7,26,65.764800,22.580400,7.0,0,30.2,1,sea
2018-07-26T03:41:39.664527Z,2018,7,26,65.600100,22.558900,4.0,0,4.8,1,coast_uncertain
2018-07-26T03:42:09.412220Z,2018,7,26,65.818400,22.242300,-6.0,0,5.2,1,mainland
2018-07-26T03:42:28.163798Z,2018,7,26,65.298800,23.017500,11.0,0,10.6,1,sea
2018-07-26T03:42:38.739415Z,2018,7,26,65.739900,22.622300,5.0,0,11.4,1,sea
2018-07-26T03:43:05.754246Z,2018,7,26,65.696700,22.706900,6.0,0,7.6,1,coast_uncertain
2018-07-26T03:43:08.975128Z,2018,7,26,65.643600,22.479200,6.0,0,7.4,1,coast_uncertain
2018-07-26T03:43:20.629694Z,2018,7,26,65.674900,22.478400,11.0,0,10.2,1,coast_uncertain
2018-07-26T03:43:42.484777Z,2018,7,26,65.663100,22.800400,7.0,0,11.8,1,coast_uncertain
2018-07-26T03:44:06.572374Z,2018,7,26,65.616800,22.780300,7.0,0,14.8,1,sea
2018-07-26T03:44:26.815321Z,2018,7,26,65.705700,22.700300,-5.0,0,2.2,1,coast_uncertain
2018-07-26T03:44:34.279430Z,2018,7,26,65.769000,22.510200,-10.0,0,2.8,1,coast_uncertain
2018-07-26T03:44:44.230789Z,2018,7,26,65.631700,22.734200,-6.0,0,3.4,1,sea
2018-07-26T03:44:44.233938Z,2018,7,26,65.423900,22.955000,-5.0,0,11.2,1,sea
2018-07-26T03:45:17.547279Z,2018,7,26,65.613000,22.871500,6.0,0,4.6,1,sea
2018-07-26T03:45:18.057522Z,2018,7,26,65.489200,22.855000,5.0,0,3.4,1,sea
2018-07-26T03:45:24.079511Z,2018,7,26,65.697700,22.432500,6.0,0,2.0,1,coast_uncertain
2018-07-26T03:45:24.080406Z,2018,7,26,65.400500,22.941800,6.0,0,1.4,1,sea
2018-07-26T03:45:24.099281Z,2018,7,26,65.708600,22.433600,7.0,0,3.8,1,coast_uncertain
2018-07-26T03:45:24.507988Z,2018,7,26,65.764000,22.482800,12.0,0,8.4,1,coast_uncertain
2018-07-26T03:45:57.093622Z,2018,7,26,65.695200,22.385200,8.0,0,15.0,1,sea
2018-07-26T03:45:59.024440Z,2018,7,26,65.708600,22.711600,-7.0,0,3.0,1,sea
2018-07-26T03:45:59.062222Z,2018,7,26,65.700800,22.708700,-8.0,0,2.8,1,coast_uncertain
2018-07-26T03:45:59.162687Z,2018,7,26,65.702600,22.678200,-5.0,0,1.4,1,sea
2018-07-26T03:45:59.258069Z,2018,7,26,65.713200,22.646800,-6.0,0,2.2,1,sea
2018-07-26T03:46:30.743153Z,2018,7,26,65.502300,22.780900,4.0,0,2.0,1,sea
2018-07-26T03:46:59.471669Z,2018,7,26,65.743300,22.392400,5.0,0,6.6,1,sea
2018-07-26T03:47:30.392394Z,2018,7,26,65.704300,22.453900,-13.0,0,4.2,1,sea
2018-07-26T03:47:47.209776Z,2018,7,26,65.736900,22.365300,-10.0,0,4.4,1,coast_uncertain
2018-07-26T03:47:49.594587Z,2018,7,26,65.574700,22.492300,4.0,0,3.4,1,sea
2018-07-26T03:48:15.615224Z,2018,7,26,65.702800,22.432100,-10.0,0,2.6,1,coast_uncertain
2018-07-26T03:48:15.698907Z,2018,7,26,65.694000,22.431300,-10.0,0,4.0,1,coast_uncertain
2018-07-26T03:48:15.722336Z,2018,7,26,65.519300,22.737000,-4.0,0,1.0,1,coast_uncertain
2018-07-26T03:48:15.793739Z,2018,7,26,65.694800,22.439500,-18.0,0,4.6,1,coast_uncertain
2018-07-26T03:48:15.820507Z,2018,7,26,65.694300,22.431100,-7.0,0,2.4,1,coast_uncertain
2018-07-26T03:48:15.849572Z,2018,7,26,65.693700,22.432200,-6.0,0,2.8,1,coast_uncertain
2018-07-26T03:48:15.893214Z,2018,7,26,65.694600,22.430300,-8.0,0,2.8,1,coast_uncertain
2018-07-26T03:48:15.936910Z,2018,7,26,65.694300,22.430600,-7.0,0,3.0,1,coast_uncertain
2018-07-26T03:48:16.019569Z,2018,7,26,65.692200,22.434000,-10.0,0,1.6,1,coast_uncertain
2018-07-26T03:48:16.127851Z,2018,7,26,65.594000,22.609700,-5.0,0,1.0,1,coast_uncertain
2018-07-26T03:48:53.870068Z,2018,7,26,65.387800,22.775600,-5.0,0,16.8,1,sea
2018-07-26T03:49:13.338773Z,2018,7,26,65.657900,22.818200,-4.0,0,1.4,1,sea
2018-07-26T03:50:23.209531Z,2018,7,26,65.759600,22.421500,-8.0,0,3.6,1,sea
2018-07-26T03:50:36.899828Z,2018,7,26,65.623200,22.883600,7.0,0,7.6,1,sea
2018-07-26T03:50:52.700682Z,2018,7,26,65.652500,22.355800,8.0,0,13.2,1,coast_uncertain
2018-07-26T03:51:31.198188Z,2018,7,26,65.678200,22.815500,-7.0,0,3.4,1,sea
2018-07-26T03:51:45.580357Z,2018,7,26,65.617900,22.670800,5.0,0,8.4,1,coast_uncertain
2018-07-26T03:51:45.610898Z,2018,7,26,65.679900,22.585100,6.0,0,13.8,1,sea
2018-07-26T03:52:38.769918Z,2018,7,26,65.760100,22.626700,-12.0,0,4.4,1,sea
2018-07-26T03:53:19.876998Z,2018,7,26,65.754100,22.532700,7.0,0,5.2,1,sea
2018-07-26T03:53:19.878004Z,2018,7,26,65.619900,22.763200,6.0,0,5.6,1,sea
2018-07-26T03:53:19.879395Z,2018,7,26,65.545800,22.447500,6.0,0,4.4,1,coast_uncertain
2018-07-26T03:55:01.183157Z,2018,7,26,65.575700,22.846400,5.0,0,13.2,1,sea
2018-07-26T03:56:17.745229Z,2018,7,26,65.467200,22.921600,4.0,0,2.6,1,sea
2018-07-26T03:56:18.006443Z,2018,7,26,65.597000,22.681000,15.0,0,20.8,1,sea
2018-07-26T03:56:37.915333Z,2018,7,26,65.645300,22.648400,5.0,0,1.6,1,coast_uncertain
2018-07-26T04:00:43.109794Z,2018,7,26,65.607700,22.802500,4.0,0,1.6,1,sea
2018-07-26T04:00:43.122117Z,2018,7,26,65.802300,22.505100,5.0,0,9.0,1,coast_uncertain
2018-07-26T04:01:32.969535Z,2018,7,26,65.615800,22.734700,-5.0,0,2.2,1,sea
2018-07-26T04:02:43.918771Z,2018,7,26,65.629900,22.811800,5.0,0,2.2,1,coast_uncertain
2018-07-26T04:04:28.664330Z,2018,7,26,65.630600,22.754400,-8.0,0,2.2,1,sea
2018-07-26T04:04:28.679547Z,2018,7,26,65.634000,22.724300,-7.0,0,2.0,1,coast_uncertain
2018-07-26T04:04:30.469869Z,2018,7,26,65.215000,22.709700,13.0,0,5.0,1,sea
2018-07-26T04:07:57.939857Z,2018,7,26,65.824500,22.600300,-27.0,0,5.2,1,mainland
2018-07-26T04:07:57.962322Z,2018,7,26,65.825300,22.593100,-16.0,0,12.6,1,mainland
2018-07-26T04:07:57.983126Z,2018,7,26,65.823300,22.568600,-14.0,0,14.0,1,coast_uncertain
2018-07-26T04:10:19.598342Z,2018,7,26,65.231200,22.174300,6.0,0,3.8,1,sea
2018-07-26T04:12:05.580773Z,2018,7,26,65.868100,22.375900,-4.0,0,1.0,1,coast_uncertain
2018-07-26T04:12:57.140344Z,2018,7,26,65.317800,22.095000,-11.0,0,7.8,1,sea
2018-07-26T04:13:02.507261Z,2018,7,26,65.658400,22.785600,11.0,0,17.0,1,coast_uncertain
2018-07-26T04:16:57.437530Z,2018,7,26,65.331300,22.008800,23.0,0,6.2,1,sea
2018-07-26T04:23:29.356131Z,2018,7,26,65.930500,22.297700,4.0,0,1.6,1,mainland
2018-07-30T02:39:20.178057Z,2018,7,30,65.601600,21.534100,-13.0,0,10.0,1,mainland
2018-07-30T02:43:18.828170Z,2018,7,30,65.444600,22.913500,4.0,0,8.0,1,sea
2018-07-30T02:45:34.520983Z,2018,7,30,65.564900,21.621700,5.0,0,5.6,1,mainland
2018-07-30T02:45:36.401296Z,2018,7,30,65.649400,21.485300,8.0,0,11.4,1,mainland
2018-07-30T02:50:16.629184Z,2018,7,30,65.674400,21.449400,7.0,0,7.6,1,coast_uncertain
2018-07-30T02:58:13.190508Z,2018,7,30,65.542800,22.086600,6.0,0,4.8,1,coast_uncertain
2018-07-30T03:00:38.999772Z,2018,7,30,65.585000,22.027800,6.0,0,3.4,1,coast_uncertain
2018-07-30T03:03:13.016075Z,2018,7,30,65.463800,22.301100,8.0,0,4.4,1,coast_uncertain
2018-07-30T03:07:45.205609Z,2018,7,30,65.663200,21.915700,-5.0,0,8.8,1,coast_uncertain
2018-07-30T03:10:23.741289Z,2018,7,30,65.551900,22.235300,-4.0,0,18.8,1,coast_uncertain
2018-07-30T03:21:38.998562Z,2018,7,30,65.750600,22.050200,5.0,0,2.6,1,mainland
2018-07-30T03:23:11.965304Z,2018,7,30,65.612000,22.259600,8.0,0,8.8,1,coast_uncertain
2018-07-30T03:27:16.051907Z,2018,7,30,65.697000,22.142600,5.0,0,1.6,1,mainland
2018-07-30T03:27:16.060419Z,2018,7,30,65.673200,22.188500,5.0,0,17.2,1,mainland
2018-07-30T03:30:41.271376Z,2018,7,30,65.585400,21.755900,11.0,0,8.2,1,mainland
2018-07-30T03:35:05.132305Z,2018,7,30,65.605300,21.765800,10.0,0,13.6,1,mainland
2018-07-30T03:35:05.132541Z,2018,7,30,65.609100,21.786400,14.0,0,8.2,1,coast_uncertain
2018-07-30T03:42:31.694368Z,2018,7,30,65.586100,22.029800,17.0,0,27.4,1,coast_uncertain
2018-07-30T03:46:55.634382Z,2018,7,30,65.682400,22.019000,-24.0,0,13.6,1,coast_uncertain
2018-07-30T03:46:55.634402Z,2018,7,30,65.590600,22.006100,-27.0,0,11.4,1,coast_uncertain
2018-07-30T03:46:55.664267Z,2018,7,30,65.651800,22.049900,-9.0,0,1.8,1,coast_uncertain
2018-07-30T03:48:39.264240Z,2018,7,30,65.619600,22.023600,11.0,0,10.2,1,coast_uncertain
2018-07-30T03:48:39.265125Z,2018,7,30,65.615400,22.029800,7.0,0,19.0,1,coast_uncertain
2018-07-30T03:55:57.150703Z,2018,7,30,65.701500,22.030000,19.0,0,8.2,1,mainland
2018-07-30T03:55:57.151118Z,2018,7,30,65.753600,21.936100,-13.0,0,15.0,1,mainland
2018-07-30T04:19:09.099746Z,2018,7,30,65.753600,22.379800,7.0,0,5.0,1,sea
2018-07-30T04:19:09.100320Z,2018,7,30,65.847900,22.308000,15.0,0,6.4,1,coast_uncertain
2018-07-30T04:19:09.101388Z,2018,7,30,65.754300,22.362900,9.0,0,5.0,1,sea
2018-07-30T04:19:09.101993Z,2018,7,30,65.742800,22.311200,13.0,0,14.6,1,mainland
2018-07-30T04:21:43.393520Z,2018,7,30,65.479100,22.067900,8.0,0,3.4,1,coast_uncertain
2018-07-30T04:21:43.394131Z,2018,7,30,65.771000,22.401900,15.0,0,4.2,1,coast_uncertain
2018-07-30T04:21:43.398403Z,2018,7,30,65.768800,22.373500,7.0,0,3.2,1,sea
2018-07-30T04:21:43.399071Z,2018,7,30,65.769100,22.370800,6.0,0,2.4,1,sea
2018-07-30T04:21:43.401950Z,2018,7,30,65.765500,22.362100,5.0,0,2.8,1,coast_uncertain
2018-07-30T04:23:56.355283Z,2018,7,30,65.821900,22.382000,9.0,0,10.4,1,coast_uncertain
2018-07-30T04:23:56.356510Z,2018,7,30,65.765100,22.285900,7.0,0,7.8,1,coast_uncertain
2018-07-30T04:23:56.363257Z,2018,7,30,65.817800,22.364400,5.0,0,9.4,1,coast_uncertain
2018-07-30T04:26:41.670378Z,2018,7,30,65.811200,22.319500,11.0,0,30.2,1,coast_uncertain
2018-07-30T04:26:41.670823Z,2018,7,30,65.837600,22.336400,13.0,0,8.8,1,coast_uncertain
2018-07-30T06:43:48.830746Z,2018,7,30,65.638100,22.653900,-18.0,0,18.8,1,coast_uncertain
2018-07-30T07:57:05.361025Z,2018,7,30,65.547600,22.553700,7.0,0,15.0,1,coast_uncertain
2018-07-30T11:30:16.364845Z,2018,7,30,65.341600,22.038800,-14.0,0,6.4,1,sea
2018-07-30T11:32:04.442407Z,2018,7,30,65.306800,22.071700,-15.0,0,6.0,1,sea
2018-07-30T11:36:04.016182Z,2018,7,30,65.338000,22.028200,14.0,0,6.4,1,sea
2018-07-30T11:36:04.018009Z,2018,7,30,65.345200,22.066400,-16.0,0,10.8,1,coast_uncertain
2018-07-30T11:36:04.068876Z,2018,7,30,65.343800,21.997100,5.0,0,2.2,1,sea
2018-07-30T11:43:30.193669Z,2018,7,30,65.468200,22.090200,-20.0,0,9.0,1,sea
2018-07-30T11:43:30.195272Z,2018,7,30,65.354600,22.126900,7.0,0,30.2,1,sea
2018-07-30T11:43:30.199599Z,2018,7,30,65.384400,22.031200,7.0,0,16.0,1,coast_uncertain
2018-07-30T11:43:30.250257Z,2018,7,30,65.404000,22.079400,-8.0,0,2.2,1,coast_uncertain
2018-07-30T11:46:10.017826Z,2018,7,30,65.436400,22.088100,14.0,0,5.4,1,sea
2018-07-30T11:46:10.018807Z,2018,7,30,65.425100,22.274300,-15.0,0,14.4,1,coast_uncertain
2018-07-30T11:46:10.020995Z,2018,7,30,65.366300,22.312900,4.0,0,2.6,1,sea
2018-07-30T11:48:42.607885Z,2018,7,30,65.471300,22.135300,17.0,0,28.6,1,coast_uncertain
2018-07-30T11:48:42.608472Z,2018,7,30,65.468600,22.078500,17.0,0,5.2,1,sea
2018-07-30T11:48:42.608958Z,2018,7,30,65.465600,22.069200,6.0,0,1.6,1,sea
2018-07-30T11:48:42.747831Z,2018,7,30,65.458200,22.146000,-13.0,0,3.4,1,coast_uncertain
2018-07-30T12:02:15.034018Z,2018,7,30,65.577600,22.076300,11.0,0,18.0,1,mainland
2018-07-30T12:02:15.039270Z,2018,7,30,65.610800,22.145600,6.0,0,7.6,1,coast_uncertain
2018-07-30T12:12:17.628300Z,2018,7,30,65.641600,22.136100,-5.0,0,4.2,1,mainland
2018-07-30T12:13:34.061012Z,2018,7,30,65.616400,22.499500,5.0,0,12.2,1,sea
2018-07-30T12:13:34.061434Z,2018,7,30,65.585200,22.553400,5.0,0,10.6,1,coast_uncertain
2018-07-30T12:13:34.074789Z,2018,7,30,65.613200,22.507300,6.0,0,1.6,1,sea
2018-07-30T12:14:26.685228Z,2018,7,30,65.577700,22.584000,5.0,0,2.2,1,coast_uncertain
2018-07-30T12:15:32.488051Z,2018,7,30,65.900600,22.258500,9.0,0,19.4,1,mainland
2018-07-30T12:15:32.507688Z,2018,7,30,65.778600,22.239100,8.0,0,9.0,1,mainland
2018-07-30T12:15:32.508161Z,2018,7,30,65.777700,22.253700,9.0,0,10.2,1,mainland
2018-07-30T12:16:09.014012Z,2018,7,30,65.762000,22.219300,14.0,0,18.2,1,coast_uncertain
2018-07-30T12:16:09.015705Z,2018,7,30,65.778100,22.257300,7.0,0,2.8,1,mainland
2018-07-30T12:16:09.018823Z,2018,7,30,65.779300,22.261200,5.0,0,6.0,1,mainland
2018-07-30T12:16:47.560789Z,2018,7,30,65.790400,22.253900,9.0,0,2.6,1,mainland
2018-07-30T12:16:47.562197Z,2018,7,30,65.649300,22.507500,5.0,0,2.6,1,sea
2018-07-30T12:18:46.995285Z,2018,7,30,65.801400,22.261500,7.0,0,5.6,1,mainland
2018-07-30T12:18:46.995632Z,2018,7,30,65.811000,22.321500,-13.0,0,20.0,1,coast_uncertain
2018-07-30T12:18:46.998067Z,2018,7,30,65.798000,22.380700,15.0,0,30.2,1,coast_uncertain
2018-07-30T12:18:47.006393Z,2018,7,30,65.769800,22.051100,-12.0,0,19.4,1,mainland
2018-07-30T12:18:47.010478Z,2018,7,30,65.809800,22.273400,7.0,0,8.2,1,coast_uncertain
2018-07-30T12:18:47.112252Z,2018,7,30,65.814400,22.151200,-32.0,0,10.2,1,mainland
2018-07-30T12:19:49.902862Z,2018,7,30,65.770100,22.353400,7.0,0,25.6,1,sea
2018-07-30T12:20:45.611593Z,2018,7,30,65.819800,22.302400,7.0,0,3.4,1,mainland
2018-07-30T12:20:45.638700Z,2018,7,30,65.820200,22.287900,9.0,0,3.8,1,mainland
2018-07-30T12:20:45.645963Z,2018,7,30,65.801700,22.294000,6.0,0,2.2,1,coast_uncertain
2018-07-30T12:22:16.897399Z,2018,7,30,65.832400,22.277100,8.0,0,5.6,1,mainland
2018-07-30T12:22:17.025937Z,2018,7,30,65.892800,22.199900,-18.0,0,4.6,1,coast_uncertain
2018-07-30T12:24:07.357337Z,2018,7,30,65.860400,22.359400,8.0,0,1.6,1,coast_uncertain
2018-07-30T12:24:07.359482Z,2018,7,30,65.865400,22.363000,7.0,0,1.8,1,coast_uncertain
2018-07-30T12:24:07.360985Z,2018,7,30,65.796100,22.470700,5.0,0,1.6,1,coast_uncertain
2018-07-30T12:24:07.489006Z,2018,7,30,65.865000,22.222200,-24.0,0,10.6,1,mainland
2018-07-30T12:26:26.558207Z,2018,7,30,65.908300,22.357000,10.0,0,6.4,1,mainland
2018-07-30T12:26:26.558794Z,2018,7,30,65.806600,22.559400,27.0,0,11.6,1,mainland
2018-07-30T12:26:26.575207Z,2018,7,30,65.789500,22.558600,6.0,0,5.8,1,coast_uncertain
2018-07-30T12:26:26.686938Z,2018,7,30,65.986000,22.214400,-11.0,0,4.6,1,coast_uncertain
2018-07-30T12:28:17.167891Z,2018,7,30,65.922600,22.376600,30.0,0,15.0,1,mainland
2018-07-30T12:28:17.168900Z,2018,7,30,65.920000,22.373200,8.0,0,6.0,1,mainland
2018-07-30T12:28:17.169321Z,2018,7,30,65.855500,22.435700,6.0,0,6.4,1,coast_uncertain
2018-07-30T12:28:17.350058Z,2018,7,30,66.037400,22.324300,-7.0,0,3.8,1,coast_uncertain
2018-07-30T12:38:02.988440Z,2018,7,30,66.011500,22.445200,20.0,0,15.8,1,mainland
2018-07-30T12:38:03.215707Z,2018,7,30,66.062200,22.350600,-10.0,0,4.4,1,coast_uncertain
2018-07-30T13:05:19.070293Z,2018,7,30,65.531100,21.798700,-5.0,0,2.0,1,mainland
2018-08-01T20:16:25.800031Z,2018,8,1,65.618900,21.541900,5.0,0,8.4,1,mainland
2018-08-02T15:49:45.272691Z,2018,8,2,66.138200,22.192300,5.0,0,1.8,1,coast_uncertain
2018-08-02T16:09:36.462347Z,2018,8,2,66.226500,22.203000,9.0,0,2.4,1,coast_uncertain
2018-08-02T17:52:59.547961Z,2018,8,2,65.901700,22.095400,-19.0,0,8.2,1,mainland
2018-08-02T17:53:54.906365Z,2018,8,2,65.819400,22.214500,-14.0,0,5.8,1,mainland
2018-08-02T17:54:13.743887Z,2018,8,2,65.770100,22.482200,-14.0,0,5.8,1,coast_uncertain
2018-08-02T17:56:48.824722Z,2018,8,2,65.718500,22.393100,-14.0,0,3.8,1,coast_uncertain
2018-08-02T17:58:03.915696Z,2018,8,2,65.799300,22.432900,-20.0,0,13.8,1,sea
2018-08-02T18:00:29.650208Z,2018,8,2,65.771400,22.415900,-18.0,0,7.0,1,sea
2018-08-02T18:01:45.679660Z,2018,8,2,65.786300,22.358900,-14.0,0,5.6,1,coast_uncertain
2018-08-02T18:02:23.525425Z,2018,8,2,65.817900,22.355900,9.0,0,9.4,1,coast_uncertain
2018-08-02T18:05:30.605981Z,2018,8,2,65.736100,22.352800,-15.0,0,8.4,1,coast_uncertain
2018-08-02T18:09:44.742153Z,2018,8,2,65.751300,22.573500,-23.0,0,8.2,1,sea
2018-08-02T18:12:03.430264Z,2018,8,2,65.831300,22.467900,6.0,0,5.8,1,coast_uncertain
2018-08-02T18:12:03.457501Z,2018,8,2,65.850300,22.448100,6.0,0,4.6,1,coast_uncertain
2018-08-02T18:15:32.701466Z,2018,8,2,65.803900,22.616000,5.0,0,14.8,1,coast_uncertain
2018-08-02T18:15:32.704262Z,2018,8,2,65.837300,22.579600,8.0,0,14.6,1,mainland
2018-08-02T18:15:32.715711Z,2018,8,2,65.841200,22.558100,6.0,0,1.6,1,coast_uncertain
2018-08-02T18:19:59.124216Z,2018,8,2,65.802400,22.520100,5.0,0,3.2,1,coast_uncertain
2018-08-02T18:20:39.341451Z,2018,8,2,65.797800,22.551500,12.0,0,5.4,1,coast_uncertain
2018-08-02T18:20:39.411671Z,2018,8,2,65.796900,22.560800,23.0,0,16.0,1,coast_uncertain
2018-08-02T18:20:47.633390Z,2018,8,2,65.747200,22.454500,-12.0,0,2.2,1,sea
2018-08-02T18:20:47.786448Z,2018,8,2,65.747400,22.457400,-6.0,0,2.2,1,sea
2018-08-02T18:20:47.905011Z,2018,8,2,65.745700,22.459700,-9.0,0,2.8,1,sea
2018-08-02T18:21:28.759569Z,2018,8,2,65.786900,22.497300,5.0,0,3.2,1,coast_uncertain
2018-08-02T18:21:28.764820Z,2018,8,2,65.671900,22.681600,4.0,0,1.6,1,coast_uncertain
2018-08-02T18:21:34.205273Z,2018,8,2,65.849500,22.531300,5.0,0,1.4,1,mainland
2018-08-02T18:22:00.773015Z,2018,8,2,65.707600,22.505200,-16.0,0,4.6,1,sea
2018-08-02T18:22:10.045929Z,2018,8,2,65.789600,22.504500,16.0,0,11.4,1,coast_uncertain
2018-08-02T18:22:52.699053Z,2018,8,2,65.792800,22.522600,6.0,0,15.2,1,coast_uncertain
2018-08-02T18:22:52.878271Z,2018,8,2,65.740900,22.607800,-29.0,0,4.2,1,sea
2018-08-02T18:23:02.095954Z,2018,8,2,65.660100,22.759800,5.0,0,1.6,1,coast_uncertain
2018-08-02T18:23:51.431256Z,2018,8,2,65.824000,22.598800,5.0,0,6.0,1,mainland
2018-08-02T18:24:43.414175Z,2018,8,2,65.789100,22.524000,7.0,0,6.2,1,mainland
2018-08-02T18:24:52.342452Z,2018,8,2,66.079300,22.235100,6.0,0,11.4,1,mainland
2018-08-02T18:25:04.565927Z,2018,8,2,65.791700,22.539000,6.0,0,3.2,1,coast_uncertain
2018-08-02T18:25:11.857376Z,2018,8,2,65.798600,22.541900,5.0,0,7.0,1,coast_uncertain
2018-08-02T18:25:11.859175Z,2018,8,2,65.799300,22.524900,5.0,0,1.6,1,coast_uncertain
2018-08-02T18:25:34.685965Z,2018,8,2,65.820300,22.579000,6.0,0,3.8,1,coast_uncertain
2018-08-02T18:25:34.727974Z,2018,8,2,65.819400,22.580300,9.0,0,4.2,1,coast_uncertain
2018-08-02T18:25:43.678204Z,2018,8,2,65.787300,22.543800,5.0,0,5.4,1,coast_uncertain
2018-08-02T18:25:55.113966Z,2018,8,2,65.776600,22.216800,8.0,0,3.8,1,coast_uncertain
2018-08-02T18:26:00.605733Z,2018,8,2,65.736500,22.450600,-25.0,0,12.8,1,sea
2018-08-02T18:26:00.693926Z,2018,8,2,65.730900,22.460300,-6.0,0,1.6,1,sea
2018-08-02T18:26:00.697945Z,2018,8,2,65.568200,22.887500,6.0,0,1.8,1,sea
2018-08-02T18:26:00.774056Z,2018,8,2,65.492000,22.862200,-5.0,0,2.4,1,sea
2018-08-02T18:26:00.833376Z,2018,8,2,65.731500,22.456900,-11.0,0,3.2,1,sea
2018-08-02T18:26:00.943270Z,2018,8,2,65.734100,22.456100,-7.0,0,3.2,1,sea
2018-08-02T18:26:01.074712Z,2018,8,2,65.731500,22.461600,-5.0,0,2.0,1,sea
2018-08-02T18:26:27.757641Z,2018,8,2,65.786700,22.546100,7.0,0,3.4,1,coast_uncertain
2018-08-02T18:26:27.900801Z,2018,8,2,65.607300,22.825000,6.0,0,2.2,1,sea
2018-08-02T18:26:32.470059Z,2018,8,2,65.804900,22.569800,-5.0,0,6.2,1,mainland
2018-08-02T18:26:32.481179Z,2018,8,2,65.774500,22.630900,-6.0,0,9.6,1,coast_uncertain
2018-08-02T18:26:32.542048Z,2018,8,2,65.792200,22.605300,-8.0,0,5.6,1,coast_uncertain
2018-08-02T18:26:32.926435Z,2018,8,2,65.783100,22.577300,-8.0,0,3.2,1,coast_uncertain
2018-08-02T18:26:41.992931Z,2018,8,2,65.596600,22.529300,7.0,0,22.2,1,coast_uncertain
2018-08-02T18:26:50.310181Z,2018,8,2,65.745800,22.553000,6.0,0,10.0,1,sea
2018-08-02T18:27:11.923843Z,2018,8,2,65.790400,22.534500,11.0,0,16.2,1,mainland
2018-08-02T18:27:11.927004Z,2018,8,2,65.807500,22.460200,5.0,0,9.4,1,coast_uncertain
2018-08-02T18:27:13.017779Z,2018,8,2,65.776900,22.583300,5.0,0,3.2,1,sea
2018-08-02T18:27:16.872727Z,2018,8,2,65.824200,22.581900,6.0,0,2.0,1,coast_uncertain
2018-08-02T18:27:16.873878Z,2018,8,2,65.817000,22.549000,5.0,0,2.2,1,coast_uncertain
2018-08-02T18:27:19.542583Z,2018,8,2,65.717000,22.669300,5.0,0,13.4,1,sea
2018-08-02T18:27:22.889584Z,2018,8,2,65.624200,22.830900,6.0,0,30.2,1,coast_uncertain
2018-08-02T18:27:32.353303Z,2018,8,2,65.847300,22.491500,6.0,0,5.6,1,coast_uncertain
2018-08-02T18:27:38.786422Z,2018,8,2,65.677200,22.712300,-5.0,0,3.2,1,coast_uncertain
2018-08-02T18:27:38.897407Z,2018,8,2,65.784300,22.543500,8.0,0,3.6,1,coast_uncertain
2018-08-02T18:27:42.274690Z,2018,8,2,65.727500,22.463500,-26.0,0,6.0,1,sea
2018-08-02T18:27:42.468748Z,2018,8,2,65.733100,22.454600,-11.0,0,11.4,1,sea
2018-08-02T18:27:42.542632Z,2018,8,2,65.460700,22.902600,-4.0,0,1.4,1,sea
2018-08-02T18:27:42.611558Z,2018,8,2,65.721600,22.463800,-6.0,0,3.8,1,sea
2018-08-02T18:27:42.748681Z,2018,8,2,65.721600,22.462500,-7.0,0,2.6,1,sea
2018-08-02T18:28:08.510393Z,2018,8,2,65.550500,22.031200,-4.0,0,30.2,1,mainland
2018-08-02T18:28:08.533470Z,2018,8,2,65.796400,22.582600,9.0,0,8.4,1,coast_uncertain
2018-08-02T18:28:11.661316Z,2018,8,2,65.797300,22.529900,10.0,0,2.2,1,coast_uncertain
2018-08-02T18:28:12.070657Z,2018,8,2,65.784500,22.578300,-19.0,0,6.0,1,sea
2018-08-02T18:28:12.317922Z,2018,8,2,65.655700,22.794900,-5.0,0,2.2,1,coast_uncertain
2018-08-02T18:28:12.490531Z,2018,8,2,65.791200,22.581900,-6.0,0,2.6,1,coast_uncertain
2018-08-02T18:28:12.590263Z,2018,8,2,65.791900,22.578500,-8.0,0,3.0,1,coast_uncertain
2018-08-02T18:28:32.816399Z,2018,8,2,65.466900,22.441000,4.0,0,5.8,1,sea
2018-08-02T18:28:34.752225Z,2018,8,2,65.787300,22.553500,11.0,0,11.4,1,coast_uncertain
2018-08-02T18:28:44.905901Z,2018,8,2,65.847500,22.118800,-5.0,0,2.8,1,mainland
2018-08-02T18:28:51.414749Z,2018,8,2,65.768700,22.456300,-33.0,0,12.0,1,coast_uncertain
2018-08-02T18:28:51.527644Z,2018,8,2,65.768900,22.462300,-12.0,0,3.0,1,coast_uncertain
2018-08-02T18:28:51.561178Z,2018,8,2,65.767100,22.459500,-5.0,0,2.6,1,coast_uncertain
2018-08-02T18:28:51.763756Z,2018,8,2,65.768900,22.460600,-16.0,0,5.4,1,coast_uncertain
2018-08-02T18:28:51.809701Z,2018,8,2,65.768500,22.452800,-10.0,0,4.2,1,sea
2018-08-02T18:28:51.881980Z,2018,8,2,65.769100,22.454400,-6.0,0,2.8,1,coast_uncertain
2018-08-02T18:28:59.618656Z,2018,8,2,65.788800,22.193100,-6.0,0,8.2,1,coast_uncertain
2018-08-02T18:28:59.693917Z,2018,8,2,65.816300,22.118800,-10.0,0,5.4,1,mainland
2018-08-02T18:29:22.652354Z,2018,8,2,65.813800,22.577400,6.0,0,5.0,1,coast_uncertain
2018-08-02T18:29:26.352277Z,2018,8,2,65.803500,22.585700,7.0,0,2.2,1,coast_uncertain
2018-08-02T18:29:33.207962Z,2018,8,2,65.764500,22.595500,-30.0,0,18.2,1,sea
2018-08-02T18:29:38.536027Z,2018,8,2,65.784600,22.226700,16.0,0,8.4,1,mainland
2018-08-02T18:29:38.536034Z,2018,8,2,65.773900,22.238300,20.0,0,6.8,1,coast_uncertain
2018-08-02T18:29:38.546653Z,2018,8,2,65.726300,22.327700,5.0,0,4.0,1,coast_uncertain
2018-08-02T18:29:39.989060Z,2018,8,2,65.549400,21.868600,6.0,0,1.2,1,coast_uncertain
2018-08-02T18:29:42.551907Z,2018,8,2,65.983000,22.470300,9.0,0,30.2,1,coast_uncertain
2018-08-02T18:29:46.135977Z,2018,8,2,65.773500,22.567200,8.0,0,6.6,1,coast_uncertain
2018-08-02T18:29:51.057281Z,2018,8,2,65.615400,22.832300,4.0,0,25.8,1,sea
2018-08-02T18:29:53.966614Z,2018,8,2,65.790700,22.523400,9.0,0,1.6,1,mainland
2018-08-02T18:29:59.688008Z,2018,8,2,65.769200,22.541900,6.0,0,7.2,1,sea
2018-08-02T18:30:09.249444Z,2018,8,2,65.756100,22.583100,9.0,0,2.4,1,sea
2018-08-02T18:30:16.967618Z,2018,8,2,65.774000,22.577000,5.0,0,6.8,1,sea
2018-08-02T18:30:20.720443Z,2018,8,2,65.775200,22.087200,-13.0,0,3.8,1,coast_uncertain
2018-08-02T18:30:25.134360Z,2018,8,2,65.781500,22.578200,10.0,0,8.8,1,coast_uncertain
2018-08-02T18:30:25.548157Z,2018,8,2,65.804600,22.567500,11.0,0,3.4,1,mainland
2018-08-02T18:30:29.771675Z,2018,8,2,65.773800,22.576700,-21.0,0,8.6,1,sea
2018-08-02T18:30:34.362510Z,2018,8,2,65.783300,22.561600,4.0,0,3.2,1,coast_uncertain
2018-08-02T18:32:36.513141Z,2018,8,2,65.818700,22.460900,-30.0,0,30.2,1,coast_uncertain
2018-08-02T18:32:51.591835Z,2018,8,2,65.739300,22.537000,-33.0,0,4.8,1,sea
2018-08-02T18:32:56.790130Z,2018,8,2,65.783500,22.548300,6.0,0,3.8,1,coast_uncertain
2018-08-02T18:32:58.734609Z,2018,8,2,65.798700,22.621100,11.0,0,26.2,1,coast_uncertain
2018-08-02T18:32:58.749461Z,2018,8,2,65.797700,22.607600,12.0,0,4.6,1,coast_uncertain
2018-08-02T18:32:58.768043Z,2018,8,2,65.783900,22.570600,-13.0,0,7.2,1,coast_uncertain
2018-08-02T18:32:58.791222Z,2018,8,2,65.784300,21.973200,6.0,0,2.2,1,mainland
2018-08-02T18:33:05.144316Z,2018,8,2,65.784900,22.593500,5.0,0,10.4,1,sea
2018-08-02T18:33:08.161482Z,2018,8,2,65.758200,22.602900,5.0,0,1.6,1,sea
2018-08-02T18:33:18.807223Z,2018,8,2,65.770600,22.570400,6.0,0,2.6,1,sea
2018-08-02T18:33:18.807612Z,2018,8,2,65.544600,22.910000,5.0,0,4.4,1,sea
2018-08-02T18:33:37.269744Z,2018,8,2,65.791200,22.596300,4.0,0,2.2,1,coast_uncertain
2018-08-02T18:33:37.282011Z,2018,8,2,65.841700,22.547900,6.0,0,15.6,1,mainland
2018-08-02T18:33:37.677887Z,2018,8,2,65.779900,22.595300,8.0,0,21.2,1,sea
2018-08-02T18:33:42.554058Z,2018,8,2,65.773800,22.640400,6.0,0,18.8,1,coast_uncertain
2018-08-02T18:33:43.829381Z,2018,8,2,65.856800,22.383000,8.0,0,19.4,1,coast_uncertain
2018-08-02T18:33:43.930160Z,2018,8,2,65.911300,22.386700,-21.0,0,10.8,1,mainland
2018-08-02T18:33:44.565102Z,2018,8,2,65.639500,22.806000,4.0,0,2.2,1,coast_uncertain
2018-08-02T18:33:55.440385Z,2018,8,2,65.792200,22.606300,-5.0,0,11.8,1,coast_uncertain
2018-08-02T18:34:04.695831Z,2018,8,2,65.776800,22.631800,10.0,0,13.4,1,coast_uncertain
2018-08-02T18:34:10.701366Z,2018,8,2,65.763600,22.537200,6.0,0,8.4,1,sea
2018-08-02T18:34:26.511409Z,2018,8,2,65.788800,22.597300,6.0,0,3.2,1,coast_uncertain
2018-08-02T18:34:33.402151Z,2018,8,2,65.863100,22.454800,6.0,0,2.2,1,coast_uncertain
2018-08-02T18:34:33.403680Z,2018,8,2,65.811000,22.590100,6.0,0,21.0,1,coast_uncertain
2018-08-02T18:34:33.405500Z,2018,8,2,65.862000,22.331800,8.0,0,16.6,1,mainland
2018-08-02T18:34:33.417627Z,2018,8,2,65.610700,22.854100,5.0,0,6.4,1,sea
2018-08-02T18:34:39.977389Z,2018,8,2,65.821900,22.557900,7.0,0,4.0,1,coast_uncertain
2018-08-02T18:34:41.975599Z,2018,8,2,65.794300,22.558100,-6.0,0,10.0,1,coast_uncertain
2018-08-02T18:34:41.988707Z,2018,8,2,65.780200,22.574500,-20.0,0,8.4,1,coast_uncertain
2018-08-02T18:34:41.989836Z,2018,8,2,65.705200,22.709500,-5.0,0,2.6,1,coast_uncertain
2018-08-02T18:34:41.996419Z,2018,8,2,65.842500,22.478100,-5.0,0,17.4,1,coast_uncertain
2018-08-02T18:34:42.045483Z,2018,8,2,65.769200,22.538400,-16.0,0,4.8,1,sea
2018-08-02T18:34:42.068653Z,2018,8,2,65.775100,22.578600,-7.0,0,2.6,1,sea
2018-08-02T18:34:42.155022Z,2018,8,2,65.777800,22.579600,-31.0,0,3.4,1,coast_uncertain
2018-08-02T18:34:42.215231Z,2018,8,2,65.776900,22.574800,-9.0,0,3.2,1,coast_uncertain
2018-08-02T18:34:42.393239Z,2018,8,2,65.776100,22.575500,-12.0,0,3.2,1,coast_uncertain
2018-08-02T18:34:42.436275Z,2018,8,2,65.776900,22.575200,-8.0,0,3.4,1,coast_uncertain
2018-08-02T18:34:42.544333Z,2018,8,2,65.768100,22.581700,-6.0,0,2.4,1,sea
2018-08-02T18:34:44.544368Z,2018,8,2,65.803500,22.612000,7.0,0,13.4,1,coast_uncertain
2018-08-02T18:34:45.948280Z,2018,8,2,65.793200,22.562800,10.0,0,14.6,1,coast_uncertain
2018-08-02T18:34:45.980559Z,2018,8,2,65.638300,22.844300,4.0,0,3.0,1,sea
2018-08-02T18:34:47.909280Z,2018,8,2,65.786400,22.567200,10.0,0,13.8,1,coast_uncertain
2018-08-02T18:34:59.410417Z,2018,8,2,65.663100,22.465700,5.0,0,2.6,1,sea
2018-08-02T18:34:59.421241Z,2018,8,2,65.709400,22.433100,5.0,0,30.2,1,coast_uncertain
2018-08-02T18:34:59.552131Z,2018,8,2,65.857100,22.234700,-16.0,0,5.0,1,mainland
2018-08-02T18:35:05.349993Z,2018,8,2,65.773600,22.613900,11.0,0,7.2,1,coast_uncertain
2018-08-02T18:35:05.377336Z,2018,8,2,65.789100,22.595400,9.0,0,6.4,1,coast_uncertain
2018-08-02T18:35:05.440194Z,2018,8,2,65.778300,22.623200,11.0,0,10.6,1,coast_uncertain
2018-08-02T18:35:12.234045Z,2018,8,2,65.661900,21.686600,8.0,0,3.8,1,mainland
2018-08-02T18:35:14.314511Z,2018,8,2,65.798200,22.588800,6.0,0,22.6,1,coast_uncertain
2018-08-02T18:35:15.023528Z,2018,8,2,65.773300,22.654000,5.0,0,3.8,1,coast_uncertain
2018-08-02T18:35:36.848292Z,2018,8,2,65.787600,22.600500,8.0,0,17.0,1,coast_uncertain
2018-08-02T18:35:36.976488Z,2018,8,2,65.809600,22.527400,8.0,0,4.6,1,coast_uncertain
2018-08-02T18:38:08.537042Z,2018,8,2,65.801100,22.556600,-14.0,0,17.2,1,mainland
2018-08-02T18:38:21.397235Z,2018,8,2,65.773800,22.559600,-13.0,0,20.6,1,coast_uncertain
2018-08-02T18:38:32.138686Z,2018,8,2,65.786400,22.594000,-15.0,0,5.4,1,coast_uncertain
2018-08-02T18:39:15.679526Z,2018,8,2,65.767100,22.548600,-47.0,0,10.6,1,sea
2018-08-02T18:39:48.523313Z,2018,8,2,65.778000,22.513100,-24.0,0,6.6,1,coast_uncertain
2018-08-02T18:42:23.947787Z,2018,8,2,65.672700,21.521200,-36.0,0,12.2,1,coast_uncertain
2018-08-02T18:43:20.318325Z,2018,8,2,65.836100,22.201500,-14.0,0,11.4,1,mainland
2018-08-02T18:44:50.267537Z,2018,8,2,65.837100,22.091000,-19.0,0,10.2,1,mainland
2018-08-02T18:47:30.587111Z,2018,8,2,65.648400,21.619300,-17.0,0,10.2,1,mainland
2018-08-02T18:47:43.225003Z,2018,8,2,65.654900,22.475700,3.0,0,1.8,1,sea
2018-08-02T18:48:02.490723Z,2018,8,2,65.872300,22.151500,-19.0,0,8.2,1,coast_uncertain
2018-08-02T18:49:12.042959Z,2018,8,2,65.614600,22.423300,6.0,0,5.8,1,coast_uncertain
2018-08-02T18:49:12.262720Z,2018,8,2,65.695600,22.256600,-17.0,0,13.4,1,coast_uncertain
2018-08-02T18:49:24.838990Z,2018,8,2,65.601600,22.607200,5.0,0,2.2,1,coast_uncertain
2018-08-02T18:49:39.522211Z,2018,8,2,65.595200,22.402200,-4.0,0,6.6,1,coast_uncertain
2018-08-02T18:49:45.804487Z,2018,8,2,65.523900,22.584700,4.0,0,1.6,1,islands
2018-08-02T18:49:46.040008Z,2018,8,2,65.533300,22.314200,5.0,0,6.2,1,coast_uncertain
2018-08-02T18:49:56.768161Z,2018,8,2,65.812000,22.609700,6.0,0,5.6,1,coast_uncertain
2018-08-02T18:49:58.163377Z,2018,8,2,65.849000,22.046400,-9.0,0,3.4,1,coast_uncertain
2018-08-02T18:50:11.680182Z,2018,8,2,65.654700,21.854100,9.0,0,3.6,1,coast_uncertain
2018-08-02T18:50:12.931043Z,2018,8,2,65.683100,22.643000,-11.0,0,5.2,1,coast_uncertain
2018-08-02T18:50:12.931638Z,2018,8,2,65.578700,22.841300,-6.0,0,2.6,1,sea
2018-08-02T18:50:13.296783Z,2018,8,2,65.681500,22.663100,-6.0,0,5.8,1,coast_uncertain
2018-08-02T18:50:13.344377Z,2018,8,2,65.670300,22.695300,-6.0,0,5.0,1,coast_uncertain
2018-08-02T18:50:13.573745Z,2018,8,2,65.681400,22.663200,-5.0,0,2.8,1,coast_uncertain
2018-08-02T18:50:14.147567Z,2018,8,2,65.542000,22.623200,5.0,0,3.4,1,sea
2018-08-02T18:50:14.584644Z,2018,8,2,65.886900,22.496700,11.0,0,5.2,1,coast_uncertain
2018-08-02T18:50:14.585733Z,2018,8,2,65.888400,22.475800,7.0,0,5.8,1,mainland
2018-08-02T18:50:14.586514Z,2018,8,2,65.889000,22.500000,5.0,0,3.4,1,coast_uncertain
2018-08-02T18:50:14.598074Z,2018,8,2,65.890200,22.500300,5.0,0,3.6,1,coast_uncertain
2018-08-02T18:51:03.309664Z,2018,8,2,65.726900,21.990100,6.0,0,8.8,1,mainland
2018-08-02T18:51:03.489935Z,2018,8,2,65.717800,21.928800,-21.0,0,8.2,1,mainland
2018-08-02T18:51:03.551275Z,2018,8,2,65.531500,22.337100,5.0,0,1.4,1,coast_uncertain
2018-08-02T18:51:07.540242Z,2018,8,2,65.772900,22.633600,5.0,0,1.6,1,coast_uncertain
2018-08-02T18:51:07.786312Z,2018,8,2,65.684100,22.721300,7.0,0,30.2,1,coast_uncertain
2018-08-02T18:51:29.987196Z,2018,8,2,65.796700,22.626000,5.0,0,1.8,1,coast_uncertain
2018-08-02T18:51:35.596966Z,2018,8,2,66.214400,22.035600,-7.0,0,10.8,1,mainland
2018-08-02T18:51:45.921496Z,2018,8,2,65.773200,22.640000,11.0,0,3.0,1,coast_uncertain
2018-08-02T18:52:15.086304Z,2018,8,2,65.809200,22.144400,6.0,0,3.0,1,mainland
2018-08-02T18:52:21.680951Z,2018,8,2,65.644600,22.374900,5.0,0,2.0,1,sea
2018-08-02T18:52:22.099159Z,2018,8,2,65.614700,22.616400,8.0,0,2.0,1,sea
2018-08-02T18:52:27.239279Z,2018,8,2,65.798700,22.402100,6.0,0,2.0,1,coast_uncertain
2018-08-02T18:52:27.243098Z,2018,8,2,65.799600,22.400600,8.0,0,28.0,1,coast_uncertain
2018-08-02T18:52:27.244123Z,2018,8,2,65.803000,22.397400,6.0,0,1.6,1,coast_uncertain
2018-08-02T18:52:28.743508Z,2018,8,2,65.622400,22.167800,-6.0,0,13.2,1,coast_uncertain
2018-08-02T18:52:45.364940Z,2018,8,2,65.802800,22.022200,6.0,0,10.0,1,coast_uncertain
2018-08-02T18:52:48.887214Z,2018,8,2,65.662700,22.058000,5.0,0,2.0,1,mainland
2018-08-02T18:53:32.970705Z,2018,8,2,65.796000,22.022900,4.0,0,1.4,1,coast_uncertain
2018-08-02T18:53:44.947953Z,2018,8,2,65.778500,22.231700,5.0,0,10.6,1,coast_uncertain
2018-08-02T18:53:57.342551Z,2018,8,2,65.781900,22.100400,-6.0,0,4.8,1,coast_uncertain
2018-08-02T18:53:59.082208Z,2018,8,2,65.844900,22.067600,-7.0,0,12.2,1,mainland
2018-08-02T18:54:15.177251Z,2018,8,2,65.741200,22.558500,5.0,0,4.0,1,sea
2018-08-02T18:54:15.189610Z,2018,8,2,65.744000,22.526900,6.0,0,21.8,1,sea
2018-08-02T18:54:25.558356Z,2018,8,2,65.807300,22.113700,6.0,0,7.8,1,mainland
2018-08-02T18:54:32.361244Z,2018,8,2,65.714800,22.353300,5.0,0,3.8,1,coast_uncertain
2018-08-02T18:54:52.919491Z,2018,8,2,65.785600,22.120800,6.0,0,2.0,1,coast_uncertain
2018-08-02T18:55:01.187391Z,2018,8,2,65.540700,22.055100,5.0,0,2.6,1,mainland
2018-08-02T18:55:07.319676Z,2018,8,2,65.787400,22.216600,8.0,0,30.2,1,mainland
2018-08-02T18:55:19.374821Z,2018,8,2,65.868100,22.422800,6.0,0,6.2,1,mainland
2018-08-02T18:55:26.155062Z,2018,8,2,65.806700,22.615800,6.0,0,3.2,1,coast_uncertain
2018-08-02T18:55:43.061132Z,2018,8,2,65.654800,22.410400,6.0,0,2.0,1,coast_uncertain
2018-08-02T18:56:08.084869Z,2018,8,2,65.671100,22.755500,6.0,0,8.8,1,sea
2018-08-02T18:56:44.169858Z,2018,8,2,65.703100,22.345300,5.0,0,2.2,1,coast_uncertain
2018-08-02T18:57:27.142947Z,2018,8,2,65.875800,22.395400,6.0,0,2.8,1,coast_uncertain
2018-08-02T18:57:28.740622Z,2018,8,2,65.787700,22.225600,10.0,0,8.2,1,mainland
2018-08-02T18:57:28.965735Z,2018,8,2,65.762500,22.288300,6.0,0,15.0,1,mainland
2018-08-02T18:57:41.114167Z,2018,8,2,65.811500,22.136300,9.0,0,11.2,1,mainland
2018-08-02T18:57:43.338333Z,2018,8,2,65.493500,22.419800,6.0,0,4.2,1,coast_uncertain
2018-08-02T18:57:53.693322Z,2018,8,2,65.669300,22.447400,7.0,0,1.6,1,sea
2018-08-02T18:58:05.011052Z,2018,8,2,65.594000,22.716800,-5.0,0,4.6,1,sea
2018-08-02T18:58:05.998187Z,2018,8,2,65.780900,22.192900,7.0,0,3.4,1,coast_uncertain
2018-08-02T18:58:20.764861Z,2018,8,2,65.559800,22.254100,5.0,0,1.4,1,coast_uncertain
2018-08-02T18:58:25.002994Z,2018,8,2,65.694800,22.286000,5.0,0,5.6,1,coast_uncertain
2018-08-02T18:58:40.601103Z,2018,8,2,65.704300,22.679200,4.0,0,2.0,1,sea
2018-08-02T18:58:59.149838Z,2018,8,2,65.470100,22.703200,4.0,0,1.4,1,coast_uncertain
2018-08-02T18:59:47.822301Z,2018,8,2,65.607000,22.026600,5.0,0,2.6,1,coast_uncertain
2018-08-02T19:00:21.797291Z,2018,8,2,65.674100,22.311500,5.0,0,2.2,1,coast_uncertain
2018-08-02T19:00:34.029451Z,2018,8,2,65.642600,22.409800,6.0,0,3.2,1,coast_uncertain
2018-08-02T19:00:42.201099Z,2018,8,2,65.881400,22.401300,8.0,0,3.4,1,coast_uncertain
2018-08-02T19:00:42.534897Z,2018,8,2,65.869600,22.430300,15.0,0,3.8,1,coast_uncertain
2018-08-02T19:00:45.247537Z,2018,8,2,66.078700,22.149800,6.0,0,0.8,1,coast_uncertain
2018-08-02T19:00:48.483463Z,2018,8,2,65.801700,22.046000,-5.0,0,17.2,1,mainland
2018-08-02T19:00:54.434742Z,2018,8,2,65.416800,22.854400,4.0,0,1.6,1,sea
2018-08-02T19:01:25.140174Z,2018,8,2,65.807800,22.059200,8.0,0,4.6,1,mainland
2018-08-02T19:01:39.589361Z,2018,8,2,65.741300,22.255700,7.0,0,14.4,1,mainland
2018-08-02T19:02:00.284934Z,2018,8,2,65.824800,22.269800,-6.0,0,6.0,1,mainland
2018-08-02T19:02:18.914379Z,2018,8,2,65.547300,22.059600,5.0,0,1.6,1,mainland
2018-08-02T19:02:31.147458Z,2018,8,2,65.847800,22.468000,-15.0,0,11.6,1,coast_uncertain
2018-08-02T19:02:31.303657Z,2018,8,2,65.860900,22.396300,-10.0,0,19.2,1,coast_uncertain
2018-08-02T19:02:31.375556Z,2018,8,2,65.860400,22.399300,-23.0,0,12.8,1,coast_uncertain
2018-08-02T19:02:31.423467Z,2018,8,2,65.862900,22.391700,-21.0,0,6.4,1,coast_uncertain
2018-08-02T19:02:31.490899Z,2018,8,2,65.861400,22.397400,-18.0,0,7.2,1,coast_uncertain
2018-08-02T19:02:31.542635Z,2018,8,2,65.638600,22.752400,-5.0,0,3.4,1,sea
2018-08-02T19:02:32.416573Z,2018,8,2,65.510500,22.584100,5.0,0,2.2,1,coast_uncertain
2018-08-02T19:02:32.425909Z,2018,8,2,65.804200,22.058800,7.0,0,5.2,1,mainland
2018-08-02T19:02:32.426651Z,2018,8,2,65.798300,22.062800,9.0,0,7.8,1,coast_uncertain
2018-08-02T19:02:32.540094Z,2018,8,2,65.793000,22.147900,5.0,0,4.8,1,mainland
2018-08-02T19:02:37.012205Z,2018,8,2,65.747800,22.204000,7.0,0,7.2,1,coast_uncertain
2018-08-02T19:02:44.031055Z,2018,8,2,65.810700,22.113200,6.0,0,2.4,1,coast_uncertain
2018-08-02T19:02:44.033893Z,2018,8,2,65.568200,22.625800,5.0,0,3.4,1,coast_uncertain
2018-08-02T19:03:08.886544Z,2018,8,2,65.883500,22.409100,6.0,0,30.2,1,coast_uncertain
2018-08-02T19:03:17.136710Z,2018,8,2,65.572300,22.498100,4.0,0,2.0,1,sea
2018-08-02T19:03:27.515114Z,2018,8,2,65.658000,22.233500,6.0,0,3.2,1,coast_uncertain
2018-08-02T19:03:33.869196Z,2018,8,2,65.740700,22.104200,6.0,0,5.0,1,mainland
2018-08-02T19:03:37.576498Z,2018,8,2,65.792700,22.072100,7.0,0,2.8,1,coast_uncertain
2018-08-02T19:03:51.924227Z,2018,8,2,65.672800,22.331300,5.0,0,1.6,1,coast_uncertain
2018-08-02T19:04:08.681893Z,2018,8,2,65.825500,22.102900,7.0,0,1.4,1,mainland
2018-08-02T19:04:12.518096Z,2018,8,2,65.808800,22.060900,6.0,0,1.6,1,mainland
2018-08-02T19:04:12.518265Z,2018,8,2,65.811500,22.065000,10.0,0,4.6,1,mainland
2018-08-02T19:04:38.471404Z,2018,8,2,65.838600,22.147300,9.0,0,5.0,1,mainland
2018-08-02T19:04:43.547519Z,2018,8,2,65.700400,22.281100,5.0,0,1.4,1,coast_uncertain
2018-08-02T19:04:43.598220Z,2018,8,2,65.577700,22.445500,5.0,0,3.2,1,sea
2018-08-02T19:04:49.523778Z,2018,8,2,65.607000,22.828900,-4.0,0,6.8,1,sea
2018-08-02T19:04:56.358716Z,2018,8,2,65.827200,22.112200,11.0,0,2.6,1,mainland
2018-08-02T19:04:59.984646Z,2018,8,2,65.660400,22.014400,11.0,0,25.0,1,mainland
2018-08-02T19:05:00.012616Z,2018,8,2,65.726300,21.866800,7.0,0,2.4,1,mainland
2018-08-02T19:05:02.835891Z,2018,8,2,65.655500,22.309400,6.0,0,1.8,1,coast_uncertain
2018-08-02T19:05:09.613512Z,2018,8,2,65.815700,22.157200,-7.0,0,5.0,1,mainland
2018-08-02T19:05:18.827157Z,2018,8,2,65.806500,22.035800,6.0,0,6.2,1,mainland
2018-08-02T19:05:18.829022Z,2018,8,2,65.792600,22.026900,10.0,0,17.6,1,coast_uncertain
2018-08-02T19:05:20.571026Z,2018,8,2,65.463600,22.538200,4.0,0,1.8,1,sea
2018-08-02T19:05:32.239898Z,2018,8,2,65.813800,22.083900,6.0,0,2.6,1,coast_uncertain
2018-08-02T19:05:32.281619Z,2018,8,2,65.825500,22.009900,11.0,0,28.4,1,mainland
2018-08-02T19:05:38.015947Z,2018,8,2,65.614000,22.445100,5.0,0,2.4,1,coast_uncertain
2018-08-02T19:05:43.398940Z,2018,8,2,65.834700,22.105600,-9.0,0,12.2,1,mainland
2018-08-02T19:05:52.936269Z,2018,8,2,65.834700,22.330600,9.0,0,30.2,1,coast_uncertain
2018-08-02T19:06:09.754551Z,2018,8,2,65.678800,22.803200,6.0,0,3.8,1,sea
2018-08-02T19:06:24.201885Z,2018,8,2,65.781400,22.061700,7.0,0,8.8,1,coast_uncertain
2018-08-02T19:06:36.599291Z,2018,8,2,65.795300,22.128400,6.0,0,3.0,1,mainland
2018-08-02T19:06:45.944767Z,2018,8,2,65.791000,22.136000,6.0,0,1.6,1,mainland
2018-08-02T19:06:48.813339Z,2018,8,2,65.783600,22.550100,5.0,0,7.8,1,coast_uncertain
2018-08-02T19:06:48.816140Z,2018,8,2,65.811700,22.068600,10.0,0,25.4,1,mainland
2018-08-02T19:07:01.375739Z,2018,8,2,65.768300,22.058300,-5.0,0,29.2,1,mainland
2018-08-02T19:07:20.123508Z,2018,8,2,65.528200,22.545800,5.0,0,2.0,1,coast_uncertain
2018-08-02T19:07:27.435177Z,2018,8,2,65.609600,22.428700,5.0,0,2.8,1,coast_uncertain
2018-08-02T19:07:28.750470Z,2018,8,2,65.885000,22.408500,17.0,0,19.4,1,coast_uncertain
2018-08-02T19:07:28.751146Z,2018,8,2,65.884900,22.403300,11.0,0,17.0,1,coast_uncertain
2018-08-02T19:07:31.954511Z,2018,8,2,65.396700,22.558100,4.0,0,1.0,1,sea
2018-08-02T19:07:57.981601Z,2018,8,2,65.754300,22.153000,8.0,0,15.0,1,coast_uncertain
2018-08-02T19:08:08.897758Z,2018,8,2,65.797700,22.065800,9.0,0,2.2,1,coast_uncertain
2018-08-02T19:08:16.117226Z,2018,8,2,65.891300,22.356900,12.0,0,23.2,1,coast_uncertain
2018-08-02T19:08:16.119006Z,2018,8,2,65.902500,22.390400,-6.0,0,13.8,1,coast_uncertain
2018-08-02T19:08:16.126012Z,2018,8,2,65.890100,22.403200,6.0,0,2.2,1,coast_uncertain
2018-08-02T19:08:20.351031Z,2018,8,2,65.804500,22.161100,8.0,0,2.6,1,mainland
2018-08-02T19:08:24.878401Z,2018,8,2,65.824300,22.190000,6.0,0,3.0,1,coast_uncertain
2018-08-02T19:08:24.909529Z,2018,8,2,65.554600,22.649500,5.0,0,1.6,1,coast_uncertain
2018-08-02T19:08:28.040775Z,2018,8,2,65.664400,22.055600,7.0,0,1.8,1,coast_uncertain
2018-08-02T19:08:28.042960Z,2018,8,2,65.601800,22.189100,7.0,0,15.8,1,mainland
2018-08-02T19:09:04.837819Z,2018,8,2,65.840900,22.529600,6.0,0,18.0,1,coast_uncertain
2018-08-02T19:09:16.301898Z,2018,8,2,65.548700,22.306500,6.0,0,1.4,1,coast_uncertain
2018-08-02T19:09:51.927326Z,2018,8,2,65.674700,22.685000,5.0,0,2.4,1,coast_uncertain
2018-08-02T19:09:57.456989Z,2018,8,2,65.804200,22.056800,7.0,0,2.4,1,mainland
2018-08-02T19:10:05.516884Z,2018,8,2,65.718800,21.886900,6.0,0,5.8,1,mainland
2018-08-02T19:10:22.292056Z,2018,8,2,65.454600,22.717900,4.0,0,2.0,1,sea
2018-08-02T19:10:27.987785Z,2018,8,2,65.563800,22.183400,5.0,0,1.4,1,coast_uncertain
2018-08-02T19:10:38.811189Z,2018,8,2,65.815400,22.126800,12.0,0,15.4,1,mainland
2018-08-02T19:10:43.507332Z,2018,8,2,65.670500,22.245300,6.0,0,1.6,1,coast_uncertain
2018-08-02T19:10:59.856634Z,2018,8,2,65.606400,22.465900,5.0,0,1.4,1,coast_uncertain
2018-08-02T19:11:01.501859Z,2018,8,2,65.761900,22.287200,-4.0,0,25.2,1,mainland
2018-08-02T19:11:09.750443Z,2018,8,2,65.807500,22.033000,6.0,0,10.0,1,mainland
2018-08-02T19:11:19.541363Z,2018,8,2,65.748800,22.285000,5.0,0,3.2,1,mainland
2018-08-02T19:11:19.592980Z,2018,8,2,65.837600,22.156000,10.0,0,18.6,1,mainland
2018-08-02T19:11:25.906109Z,2018,8,2,65.615800,22.782600,4.0,0,1.6,1,sea
2018-08-02T19:11:42.670410Z,2018,8,2,65.812900,22.050900,6.0,0,2.6,1,mainland
2018-08-02T19:12:32.923465Z,2018,8,2,65.670000,22.813000,4.0,0,2.0,1,coast_uncertain
2018-08-02T19:12:36.871561Z,2018,8,2,65.756000,22.231400,5.0,0,10.2,1,coast_uncertain
2018-08-02T19:12:47.417205Z,2018,8,2,65.994700,22.368900,9.0,0,22.8,1,mainland
2018-08-02T19:12:47.417940Z,2018,8,2,65.869200,22.395900,11.0,0,4.8,1,coast_uncertain
2018-08-02T19:12:47.436820Z,2018,8,2,65.869900,22.402800,7.0,0,9.6,1,coast_uncertain
2018-08-02T19:13:11.554651Z,2018,8,2,65.813400,22.058000,6.0,0,5.8,1,mainland
2018-08-02T19:13:43.059085Z,2018,8,2,65.764200,21.996500,-77.0,0,30.2,1,mainland
2018-08-02T19:13:52.436612Z,2018,8,2,65.811700,22.027300,6.0,0,3.2,1,mainland
2018-08-02T19:14:04.281027Z,2018,8,2,65.851700,22.444100,-22.0,0,10.2,1,coast_uncertain
2018-08-02T19:14:04.361965Z,2018,8,2,65.855500,22.434400,-25.0,0,4.4,1,coast_uncertain
2018-08-02T19:14:04.429557Z,2018,8,2,65.855300,22.426600,-7.0,0,2.8,1,coast_uncertain
2018-08-02T19:14:04.644079Z,2018,8,2,65.856000,22.423500,-10.0,0,3.2,1,coast_uncertain
2018-08-02T19:14:08.902743Z,2018,8,2,65.802500,21.990800,6.0,0,4.0,1,mainland
2018-08-02T19:14:11.604325Z,2018,8,2,65.691100,22.271900,5.0,0,8.2,1,coast_uncertain
2018-08-02T19:14:18.909362Z,2018,8,2,65.604900,22.055400,5.0,0,2.0,1,coast_uncertain
2018-08-02T19:14:22.127117Z,2018,8,2,65.740400,22.268400,5.0,0,3.0,1,mainland
2018-08-02T19:14:52.651972Z,2018,8,2,65.598600,22.379600,6.0,0,3.2,1,coast_uncertain
2018-08-02T19:14:52.671069Z,2018,8,2,65.675700,22.231800,6.0,0,2.6,1,coast_uncertain
2018-08-02T19:15:14.457731Z,2018,8,2,65.811200,22.015900,5.0,0,1.6,1,coast_uncertain
2018-08-02T19:15:28.263264Z,2018,8,2,65.603200,22.414300,4.0,0,2.0,1,coast_uncertain
2018-08-02T19:15:29.004079Z,2018,8,2,65.868000,22.426100,6.0,0,5.8,1,mainland
2018-08-02T19:16:10.857185Z,2018,8,2,65.736500,22.183900,6.0,0,2.0,1,coast_uncertain
2018-08-02T19:16:17.611212Z,2018,8,2,65.814300,22.018000,6.0,0,4.4,1,coast_uncertain
2018-08-02T19:16:18.270090Z,2018,8,2,65.500200,22.378900,5.0,0,1.4,1,coast_uncertain
2018-08-02T19:16:22.591907Z,2018,8,2,65.815800,21.976900,13.0,0,16.6,1,coast_uncertain
2018-08-02T19:16:46.887694Z,2018,8,2,65.796200,21.976000,-40.0,0,11.0,1,mainland
2018-08-02T19:16:46.920631Z,2018,8,2,65.797900,21.978600,-6.0,0,3.0,1,mainland
2018-08-02T19:16:46.958370Z,2018,8,2,65.682500,22.188000,-5.0,0,1.4,1,mainland
2018-08-02T19:16:46.958559Z,2018,8,2,65.800500,21.971700,-10.0,0,6.0,1,mainland
2018-08-02T19:16:47.019289Z,2018,8,2,65.796000,21.976900,-17.0,0,6.4,1,mainland
2018-08-02T19:16:47.069909Z,2018,8,2,65.795100,21.978300,-14.0,0,6.4,1,mainland
2018-08-02T19:16:47.211689Z,2018,8,2,65.797000,21.978200,-8.0,0,5.2,1,mainland
2018-08-02T19:16:47.255863Z,2018,8,2,65.795700,21.982400,-5.0,0,4.2,1,mainland
2018-08-02T19:17:02.823646Z,2018,8,2,65.684800,22.178100,6.0,0,3.4,1,mainland
2018-08-02T19:17:05.126428Z,2018,8,2,65.624900,22.053500,-6.0,0,1.6,1,mainland
2018-08-02T19:17:37.109655Z,2018,8,2,65.634400,22.386600,6.0,0,3.2,1,sea
2018-08-02T19:17:37.121162Z,2018,8,2,65.592100,22.464000,5.0,0,3.2,1,sea
2018-08-02T19:17:52.865668Z,2018,8,2,65.740500,22.397000,-4.0,0,20.8,1,sea
2018-08-02T19:18:11.789426Z,2018,8,2,65.700800,21.988300,6.0,0,1.8,1,mainland
2018-08-02T19:18:13.672197Z,2018,8,2,65.614800,22.244000,-6.0,0,2.2,1,coast_uncertain
2018-08-02T19:18:29.756173Z,2018,8,2,65.582300,22.459200,4.0,0,1.6,1,sea
2018-08-02T19:19:34.411533Z,2018,8,2,65.873800,22.516000,-14.0,0,8.4,1,coast_uncertain
2018-08-02T19:19:34.587993Z,2018,8,2,65.868700,22.427900,-42.0,0,10.8,1,mainland
2018-08-02T19:19:34.661740Z,2018,8,2,65.864600,22.437000,-12.0,0,6.2,1,coast_uncertain
2018-08-02T19:19:37.615254Z,2018,8,2,65.688100,22.745500,7.0,0,2.4,1,sea
2018-08-02T19:21:06.226588Z,2018,8,2,65.546800,22.356500,5.0,0,8.6,1,coast_uncertain
2018-08-02T19:21:08.425824Z,2018,8,2,65.825100,22.019100,6.0,0,3.2,1,mainland
2018-08-02T19:21:47.819597Z,2018,8,2,65.660900,22.114600,5.0,0,7.2,1,coast_uncertain
2018-08-02T19:22:24.428165Z,2018,8,2,65.785000,22.063100,6.0,0,7.0,1,coast_uncertain
2018-08-02T19:22:24.439994Z,2018,8,2,65.783200,22.091500,8.0,0,15.4,1,coast_uncertain
2018-08-02T19:22:35.840487Z,2018,8,2,65.890200,22.562300,6.0,0,15.0,1,mainland
2018-08-02T19:22:43.794578Z,2018,8,2,65.613700,22.456600,5.0,0,2.8,1,coast_uncertain
2018-08-02T19:23:17.676955Z,2018,8,2,65.825600,22.117200,5.0,0,12.2,1,mainland
2018-08-02T19:23:17.758325Z,2018,8,2,65.726300,21.959000,8.0,0,7.2,1,mainland
2018-08-02T19:23:27.145919Z,2018,8,2,65.651000,22.750900,4.0,0,3.4,1,coast_uncertain
2018-08-02T19:24:57.260070Z,2018,8,2,65.766000,22.190800,6.0,0,2.4,1,mainland
2018-08-02T19:25:00.801579Z,2018,8,2,65.731200,21.969900,8.0,0,3.4,1,mainland
2018-08-02T19:25:00.825225Z,2018,8,2,65.742300,21.967500,7.0,0,5.2,1,mainland
2018-08-02T19:26:09.295014Z,2018,8,2,65.490200,22.457100,6.0,0,2.0,1,sea
2018-08-02T19:26:09.557849Z,2018,8,2,65.686700,22.079800,5.0,0,2.2,1,coast_uncertain
2018-08-02T19:26:27.978454Z,2018,8,2,65.844800,22.214000,9.0,0,30.2,1,mainland
2018-08-02T19:26:28.659984Z,2018,8,2,65.735700,21.966400,7.0,0,5.4,1,mainland
2018-08-02T19:26:34.066763Z,2018,8,2,65.421200,22.607600,5.0,0,3.4,1,sea
2018-08-02T19:26:54.956117Z,2018,8,2,65.587700,22.252600,-5.0,0,3.2,1,mainland
2018-08-02T19:27:25.964703Z,2018,8,2,65.644200,22.165200,7.0,0,2.0,1,mainland
2018-08-02T19:27:26.001898Z,2018,8,2,65.690600,22.091900,5.0,0,2.0,1,coast_uncertain
2018-08-02T19:27:35.103759Z,2018,8,2,65.689100,22.026600,7.0,0,1.4,1,coast_uncertain
2018-08-02T19:27:35.294110Z,2018,8,2,65.521700,22.381400,5.0,0,2.0,1,coast_uncertain
2018-08-02T19:27:54.105380Z,2018,8,2,65.740200,21.974400,9.0,0,2.2,1,mainland
2018-08-02T19:28:04.513436Z,2018,8,2,65.707800,21.979900,-5.0,0,2.0,1,coast_uncertain
2018-08-02T19:28:06.454112Z,2018,8,2,65.672500,21.981100,6.0,0,2.0,1,coast_uncertain
2018-08-02T19:28:36.757473Z,2018,8,2,65.583600,22.240400,5.0,0,1.8,1,coast_uncertain
2018-08-02T19:28:49.652369Z,2018,8,2,65.627900,22.139600,-5.0,0,1.6,1,coast_uncertain
2018-08-02T19:28:52.880392Z,2018,8,2,65.668900,22.131400,5.0,0,10.0,1,mainland
2018-08-02T19:29:10.769005Z,2018,8,2,65.616100,22.141200,6.0,0,1.4,1,coast_uncertain
2018-08-02T19:29:10.770093Z,2018,8,2,65.723200,21.924400,8.0,0,2.6,1,mainland
2018-08-02T19:29:17.993551Z,2018,8,2,65.727100,21.998700,6.0,0,1.6,1,mainland
2018-08-02T19:29:43.531759Z,2018,8,2,65.734500,22.136600,7.0,0,26.2,1,coast_uncertain
2018-08-02T19:30:15.614626Z,2018,8,2,65.778000,21.937500,-47.0,0,14.2,1,coast_uncertain
2018-08-02T19:30:15.862446Z,2018,8,2,65.780100,21.930800,-8.0,0,3.8,1,coast_uncertain
2018-08-02T19:30:25.428962Z,2018,8,2,65.677000,22.114900,5.0,0,10.6,1,mainland
2018-08-02T19:30:45.288143Z,2018,8,2,65.714900,21.953900,-6.0,0,3.8,1,mainland
2018-08-02T19:31:05.357317Z,2018,8,2,65.634500,22.153600,5.0,0,2.6,1,mainland
2018-08-02T19:31:05.557737Z,2018,8,2,65.786400,21.893200,-7.0,0,1.4,1,mainland
2018-08-02T19:31:17.200234Z,2018,8,2,65.687200,22.060800,-5.0,0,2.6,1,mainland
2018-08-02T19:31:25.785819Z,2018,8,2,65.732000,22.030500,6.0,0,11.0,1,mainland
2018-08-02T19:31:48.712971Z,2018,8,2,65.585300,22.197600,5.0,0,1.6,1,mainland
2018-08-02T19:31:57.581174Z,2018,8,2,65.435000,22.572000,-4.0,0,2.2,1,sea
2018-08-02T19:31:57.582574Z,2018,8,2,65.627400,22.209100,5.0,0,2.6,1,mainland
2018-08-02T19:31:57.601938Z,2018,8,2,65.644800,22.170200,5.0,0,3.0,1,mainland
2018-08-02T19:31:58.385876Z,2018,8,2,65.616500,22.180900,5.0,0,1.2,1,mainland
2018-08-02T19:32:18.023780Z,2018,8,2,65.734800,21.986900,6.0,0,5.2,1,mainland
2018-08-02T19:32:28.967531Z,2018,8,2,65.599200,22.411300,5.0,0,3.0,1,coast_uncertain
2018-08-02T19:32:44.994055Z,2018,8,2,65.641100,22.116000,5.0,0,4.2,1,coast_uncertain
2018-08-02T19:32:52.736041Z,2018,8,2,65.685000,22.068800,-6.0,0,2.8,1,coast_uncertain
2018-08-02T19:33:09.577463Z,2018,8,2,65.754800,21.936000,5.0,0,2.0,1,mainland
2018-08-02T19:33:18.895751Z,2018,8,2,65.732500,21.991600,-28.0,0,12.8,1,mainland
2018-08-02T19:33:18.971561Z,2018,8,2,65.732500,21.994000,-28.0,0,7.0,1,mainland
2018-08-02T19:33:18.972392Z,2018,8,2,65.804100,21.978300,-13.0,0,23.0,1,mainland
2018-08-02T19:33:19.138540Z,2018,8,2,65.733000,22.019700,-7.0,0,3.0,1,mainland
2018-08-02T19:33:19.225955Z,2018,8,2,65.733400,21.987200,-10.0,0,4.8,1,mainland
2018-08-02T19:33:19.263044Z,2018,8,2,65.733000,21.988500,-14.0,0,4.6,1,mainland
2018-08-02T19:33:19.277310Z,2018,8,2,65.509300,22.423200,-4.0,0,3.2,1,sea
2018-08-02T19:33:19.500969Z,2018,8,2,65.733800,21.988500,-13.0,0,4.4,1,mainland
2018-08-02T19:33:19.589714Z,2018,8,2,65.732600,21.994100,-18.0,0,4.6,1,mainland
2018-08-02T19:33:22.896612Z,2018,8,2,65.734200,22.015400,8.0,0,4.6,1,coast_uncertain
2018-08-02T19:33:37.478497Z,2018,8,2,65.689900,22.131800,14.0,0,30.2,1,mainland
2018-08-02T19:33:58.701907Z,2018,8,2,65.637500,22.394000,8.0,0,21.8,1,sea
2018-08-02T19:33:58.702388Z,2018,8,2,65.576500,22.352600,6.0,0,5.6,1,mainland
2018-08-02T19:34:05.015577Z,2018,8,2,65.513700,22.379300,7.0,0,1.6,1,coast_uncertain
2018-08-02T19:34:11.587425Z,2018,8,2,65.538200,22.406400,7.0,0,2.8,1,coast_uncertain
2018-08-02T19:34:11.814009Z,2018,8,2,65.737800,21.952400,-9.0,0,4.4,1,mainland
2018-08-02T19:34:21.945775Z,2018,8,2,65.678900,22.056500,5.0,0,1.6,1,mainland
2018-08-02T19:34:23.230016Z,2018,8,2,65.551700,22.391200,6.0,0,2.6,1,coast_uncertain
2018-08-02T19:34:23.250425Z,2018,8,2,65.604600,22.269600,4.0,0,3.6,1,mainland
2018-08-02T19:34:35.135102Z,2018,8,2,65.643100,22.181300,5.0,0,11.4,1,mainland
2018-08-02T19:34:37.141145Z,2018,8,2,65.740900,22.018000,6.0,0,2.2,1,mainland
2018-08-02T19:34:37.152475Z,2018,8,2,65.474900,22.528500,5.0,0,2.2,1,coast_uncertain
2018-08-02T19:34:52.125616Z,2018,8,2,65.646500,22.192000,5.0,0,4.6,1,mainland
2018-08-02T19:35:05.847689Z,2018,8,2,65.598500,22.221000,5.0,0,1.6,1,mainland
2018-08-02T19:35:12.832651Z,2018,8,2,65.666700,22.160700,6.0,0,3.8,1,mainland
2018-08-02T19:35:12.841951Z,2018,8,2,65.748100,22.009900,7.0,0,4.4,1,mainland
2018-08-02T19:35:26.903206Z,2018,8,2,65.661800,22.019500,-25.0,0,12.8,1,mainland
2018-08-02T19:35:38.767350Z,2018,8,2,65.617300,22.276400,5.0,0,2.2,1,mainland
2018-08-02T19:35:38.781537Z,2018,8,2,65.667700,22.184600,6.0,0,6.6,1,mainland
2018-08-02T19:36:21.389782Z,2018,8,2,65.579100,22.253100,4.0,0,1.0,1,mainland
2018-08-02T19:36:24.810541Z,2018,8,2,65.792200,22.033900,5.0,0,10.6,1,coast_uncertain
2018-08-02T19:36:30.830492Z,2018,8,2,65.755200,21.935200,7.0,0,4.2,1,mainland
2018-08-02T19:36:33.624705Z,2018,8,2,65.527600,22.488600,6.0,0,2.4,1,sea
2018-08-02T19:36:43.306519Z,2018,8,2,65.725400,22.004000,-6.0,0,2.8,1,mainland
2018-08-02T19:36:51.152785Z,2018,8,2,65.550000,22.267700,7.0,0,2.4,1,coast_uncertain
2018-08-02T19:36:55.266295Z,2018,8,2,65.752400,22.126600,9.0,0,30.2,1,coast_uncertain
2018-08-02T19:36:57.948104Z,2018,8,2,65.592900,22.208400,7.0,0,1.6,1,mainland
2018-08-02T19:37:12.361585Z,2018,8,2,65.783300,22.006200,9.0,0,7.6,1,mainland
2018-08-02T19:37:13.785587Z,2018,8,2,65.510300,22.406600,5.0,0,2.2,1,sea
2018-08-02T19:37:26.815125Z,2018,8,2,65.687900,21.869500,-16.0,0,4.4,1,mainland
2018-08-02T19:37:32.922343Z,2018,8,2,65.601500,22.196800,5.0,0,1.6,1,mainland
2018-08-02T19:37:39.221213Z,2018,8,2,65.744200,22.008400,6.0,0,4.8,1,mainland
2018-08-02T19:37:56.328172Z,2018,8,2,65.604200,22.335700,-5.0,0,4.8,1,coast_uncertain
2018-08-02T19:38:19.556239Z,2018,8,2,65.623800,22.211400,6.0,0,2.8,1,coast_uncertain
2018-08-02T19:38:19.947160Z,2018,8,2,65.561600,22.374600,5.0,0,2.6,1,mainland
2018-08-02T19:38:47.270274Z,2018,8,2,65.693200,22.066600,5.0,0,2.0,1,mainland
2018-08-02T19:38:55.834714Z,2018,8,2,65.726100,22.057900,7.0,0,19.6,1,mainland
2018-08-02T19:39:14.378483Z,2018,8,2,65.789200,21.941000,6.0,0,8.0,1,mainland
2018-08-02T19:39:23.898333Z,2018,8,2,65.637900,22.236200,5.0,0,2.2,1,mainland
2018-08-02T19:39:29.476023Z,2018,8,2,65.519100,22.352800,4.0,0,1.4,1,coast_uncertain
2018-08-02T19:40:47.494491Z,2018,8,2,65.751100,21.946100,-26.0,0,15.4,1,mainland
2018-08-02T19:40:47.554480Z,2018,8,2,65.736800,22.039600,-11.0,0,3.4,1,mainland
2018-08-02T19:40:47.628033Z,2018,8,2,65.741800,22.029500,-10.0,0,3.4,1,mainland
2018-08-02T19:40:47.808975Z,2018,8,2,65.738900,22.043900,-20.0,0,4.0,1,mainland
2018-08-02T19:42:12.186597Z,2018,8,2,65.513600,22.362600,5.0,0,1.4,1,coast_uncertain
2018-08-02T19:42:45.847194Z,2018,8,2,65.786300,22.133300,5.0,0,7.2,1,coast_uncertain
2018-08-02T19:42:46.701489Z,2018,8,2,65.525200,22.319000,6.0,0,2.2,1,coast_uncertain
2018-08-02T19:43:42.977638Z,2018,8,2,65.548200,22.535200,5.0,0,29.4,1,coast_uncertain
2018-08-02T19:43:47.175993Z,2018,8,2,65.632000,22.185000,5.0,0,2.6,1,coast_uncertain
2018-08-02T19:44:24.783372Z,2018,8,2,65.732500,22.038200,6.0,0,3.2,1,mainland
2018-08-02T19:44:46.019637Z,2018,8,2,65.756600,22.030200,-27.0,0,12.0,1,mainland
2018-08-02T19:44:46.109936Z,2018,8,2,65.557300,22.415100,-5.0,0,2.2,1,coast_uncertain
2018-08-02T19:44:46.264250Z,2018,8,2,65.754800,22.046000,-16.0,0,7.0,1,mainland
2018-08-02T19:44:57.866547Z,2018,8,2,65.604200,22.165600,6.0,0,2.0,1,coast_uncertain
2018-08-02T19:44:58.205293Z,2018,8,2,65.640700,22.219200,6.0,0,8.6,1,mainland
2018-08-02T19:45:08.603427Z,2018,8,2,65.574800,22.263600,7.0,0,2.8,1,coast_uncertain
2018-08-02T19:45:55.715984Z,2018,8,2,65.653700,22.172300,5.0,0,2.4,1,mainland
2018-08-02T19:46:03.454678Z,2018,8,2,65.746100,21.994100,6.0,0,12.8,1,mainland
2018-08-02T19:46:13.529261Z,2018,8,2,65.569900,22.338400,6.0,0,1.8,1,mainland
2018-08-02T19:47:21.319703Z,2018,8,2,65.751200,22.104200,8.0,0,3.0,1,mainland
2018-08-02T19:50:04.166436Z,2018,8,2,65.718400,22.125400,7.0,0,17.0,1,mainland
2018-08-02T19:50:04.606777Z,2018,8,2,65.655700,22.114600,6.0,0,3.8,1,coast_uncertain
2018-08-02T19:50:26.158447Z,2018,8,2,65.535900,22.466100,5.0,0,1.4,1,sea
2018-08-02T19:51:05.757058Z,2018,8,2,65.726700,22.119300,6.0,0,8.0,1,mainland
2018-08-02T19:51:21.058824Z,2018,8,2,65.605400,22.267300,6.0,0,2.6,1,mainland
2018-08-02T19:53:12.929750Z,2018,8,2,65.691900,22.131100,5.0,0,9.4,1,mainland
2018-08-02T19:53:55.185009Z,2018,8,2,65.671300,22.139500,5.0,0,1.4,1,coast_uncertain
2018-08-02T19:54:13.526175Z,2018,8,2,65.776200,22.308600,5.0,0,3.0,1,coast_uncertain
2018-08-02T19:54:39.958769Z,2018,8,2,65.657900,22.115500,-7.0,0,23.0,1,coast_uncertain
2018-08-02T19:55:18.658292Z,2018,8,2,65.751800,21.965300,5.0,0,2.8,1,mainland
2018-08-02T19:55:18.708584Z,2018,8,2,65.723700,22.033300,5.0,0,1.6,1,mainland
2018-08-02T19:56:18.670874Z,2018,8,2,65.746600,22.110200,11.0,0,10.2,1,mainland
2018-08-02T19:56:18.694296Z,2018,8,2,65.756900,22.168500,6.0,0,10.2,1,coast_uncertain
2018-08-02T19:56:44.179213Z,2018,8,2,65.631100,22.337900,5.0,0,2.2,1,mainland
2018-08-02T19:56:44.182483Z,2018,8,2,65.739200,22.119800,11.0,0,4.0,1,mainland
2018-08-02T19:57:33.225233Z,2018,8,2,65.703600,22.339000,5.0,0,13.8,1,coast_uncertain
2018-08-02T19:57:33.245106Z,2018,8,2,65.632300,22.351500,6.0,0,6.0,1,mainland
2018-08-02T19:58:01.043910Z,2018,8,2,65.702300,22.204500,5.0,0,2.0,1,mainland
2018-08-02T19:58:01.067676Z,2018,8,2,65.618800,22.357400,4.0,0,2.2,1,coast_uncertain
2018-08-02T19:58:19.795889Z,2018,8,2,65.604100,22.132300,6.0,0,2.4,1,coast_uncertain
2018-08-02T19:58:19.806036Z,2018,8,2,65.625300,22.081400,8.0,0,19.6,1,coast_uncertain
2018-08-02T20:00:19.176177Z,2018,8,2,65.601500,22.429300,7.0,0,29.6,1,sea
2018-08-02T20:00:19.305799Z,2018,8,2,65.488300,22.634500,7.0,0,2.8,1,sea
2018-08-02T20:01:44.155364Z,2018,8,2,65.737100,21.967900,-5.0,0,10.6,1,mainland
2018-08-02T20:04:32.359280Z,2018,8,2,65.531000,22.322400,8.0,0,16.8,1,coast_uncertain
2018-08-02T20:05:24.618176Z,2018,8,2,65.734200,22.069200,5.0,0,2.0,1,mainland
2018-08-02T20:07:00.579857Z,2018,8,2,65.498100,22.191800,6.0,0,2.6,1,sea
2018-08-02T20:07:14.269149Z,2018,8,2,65.581000,22.679500,6.0,0,20.2,1,sea
2018-08-02T20:07:19.969673Z,2018,8,2,65.453900,22.370400,-19.0,0,15.8,1,islands
2018-08-02T20:07:19.969679Z,2018,8,2,65.446500,22.396200,10.0,0,2.2,1,coast_uncertain
2018-08-02T20:07:36.735400Z,2018,8,2,65.436700,22.398200,5.0,0,1.6,1,coast_uncertain
2018-08-02T20:08:03.409836Z,2018,8,2,65.510700,22.266000,5.0,0,8.2,1,coast_uncertain
2018-08-02T20:08:03.414613Z,2018,8,2,65.466800,22.355300,7.0,0,6.0,1,coast_uncertain
2018-08-02T20:08:03.422611Z,2018,8,2,65.422200,22.377800,10.0,0,30.2,1,sea
2018-08-02T20:08:03.435208Z,2018,8,2,65.379300,22.525600,4.0,0,1.0,1,coast_uncertain
2018-08-02T20:08:14.959307Z,2018,8,2,65.377100,22.556700,-11.0,0,4.4,1,sea
2018-08-02T20:08:14.971767Z,2018,8,2,65.484200,22.340600,-5.0,0,10.2,1,sea
2018-08-02T20:08:14.977318Z,2018,8,2,65.495000,22.311000,-5.0,0,1.6,1,sea
2018-08-02T20:08:15.221038Z,2018,8,2,65.471400,22.393500,-10.0,0,2.0,1,sea
2018-08-02T20:08:37.777405Z,2018,8,2,65.440600,22.418900,13.0,0,30.2,1,coast_uncertain
2018-08-02T20:08:37.786342Z,2018,8,2,65.463700,22.368700,8.0,0,9.0,1,coast_uncertain
2018-08-02T20:08:57.765219Z,2018,8,2,65.457200,22.388800,-10.0,0,7.0,1,coast_uncertain
2018-08-02T20:08:57.774846Z,2018,8,2,65.310600,22.675300,4.0,0,1.4,1,sea
2018-08-02T20:08:57.781744Z,2018,8,2,65.355900,22.599600,5.0,0,17.4,1,sea
2018-08-02T20:08:57.807611Z,2018,8,2,65.466800,22.352600,6.0,0,3.6,1,sea
2018-08-02T20:09:14.285035Z,2018,8,2,65.603100,22.157500,-13.0,0,18.2,1,coast_uncertain
2018-08-02T20:09:14.286794Z,2018,8,2,65.274800,22.746100,4.0,0,1.4,1,sea
2018-08-02T20:09:14.294785Z,2018,8,2,65.355500,22.580700,4.0,0,1.4,1,sea
2018-08-02T20:09:14.311585Z,2018,8,2,65.462100,22.329500,8.0,0,10.8,1,sea
2018-08-02T20:09:38.537926Z,2018,8,2,65.164900,22.967100,4.0,0,1.4,1,sea
2018-08-02T20:10:32.769128Z,2018,8,2,65.477700,22.373600,6.0,0,3.6,1,sea
2018-08-02T20:10:36.930853Z,2018,8,2,65.412400,22.383800,-14.0,0,2.6,1,sea
2018-08-02T20:10:55.182521Z,2018,8,2,65.465100,22.378700,5.0,0,2.0,1,coast_uncertain
2018-08-02T20:11:12.082916Z,2018,8,2,65.590000,22.528000,4.0,0,3.0,1,coast_uncertain
2018-08-02T20:11:14.947217Z,2018,8,2,65.469100,22.351600,8.0,0,9.6,1,sea
2018-08-02T20:12:46.280719Z,2018,8,2,65.358800,22.554000,4.0,0,4.6,1,sea
2018-08-02T20:13:00.106473Z,2018,8,2,65.491400,22.349200,5.0,0,1.8,1,coast_uncertain
2018-08-02T20:13:00.112471Z,2018,8,2,65.368600,22.598200,5.0,0,6.6,1,sea
2018-08-02T20:13:33.699333Z,2018,8,2,65.495200,22.359600,10.0,0,5.6,1,coast_uncertain
2018-08-02T20:13:33.719142Z,2018,8,2,65.449600,22.469300,5.0,0,18.0,1,sea
2018-08-02T20:13:33.722282Z,2018,8,2,65.492400,22.375800,6.0,0,10.8,1,coast_uncertain
2018-08-02T20:13:33.947013Z,2018,8,2,65.438400,22.356100,-16.0,0,7.0,1,coast_uncertain
2018-08-02T20:13:41.515238Z,2018,8,2,65.521900,22.161300,10.0,0,8.2,1,coast_uncertain
2018-08-02T20:14:20.884938Z,2018,8,2,65.493200,22.416700,-14.0,0,19.2,1,coast_uncertain
2018-08-02T20:14:20.886748Z,2018,8,2,65.323700,22.706600,4.0,0,1.0,1,sea
2018-08-02T20:14:20.889242Z,2018,8,2,65.475700,22.411900,5.0,0,18.8,1,sea
2018-08-02T20:14:20.901198Z,2018,8,2,65.483000,22.263500,-4.0,0,16.4,1,coast_uncertain
2018-08-02T20:14:20.901371Z,2018,8,2,65.479500,22.410200,9.0,0,24.0,1,sea
2018-08-02T20:14:20.903595Z,2018,8,2,65.474500,22.417700,7.0,0,6.0,1,sea
2018-08-02T20:14:20.946243Z,2018,8,2,65.346900,22.673400,4.0,0,2.0,1,sea
2018-08-02T20:14:21.028683Z,2018,8,2,65.406300,22.470600,-21.0,0,3.4,1,sea
2018-08-02T20:14:21.028732Z,2018,8,2,65.326500,22.578200,6.0,0,12.2,1,sea
2018-08-02T20:14:46.704301Z,2018,8,2,65.754900,22.271900,14.0,0,13.2,1,mainland
2018-08-02T20:14:46.714328Z,2018,8,2,65.826900,22.198600,7.0,0,30.2,1,coast_uncertain
2018-08-02T20:14:50.849896Z,2018,8,2,65.462700,22.415300,7.0,0,19.0,1,sea
2018-08-02T20:14:50.874193Z,2018,8,2,65.466000,22.376900,7.0,0,20.2,1,coast_uncertain
2018-08-02T20:15:15.428116Z,2018,8,2,65.560300,22.442700,4.0,0,2.6,1,sea
2018-08-02T20:15:15.444529Z,2018,8,2,65.458800,22.391100,7.0,0,5.2,1,coast_uncertain
2018-08-02T20:15:15.465504Z,2018,8,2,65.344400,22.622700,6.0,0,11.6,1,sea
2018-08-02T20:15:15.644900Z,2018,8,2,65.423400,22.315800,-18.0,0,3.2,1,coast_uncertain
2018-08-02T20:15:48.864067Z,2018,8,2,65.531100,22.198300,6.0,0,1.4,1,coast_uncertain
2018-08-02T20:15:48.864802Z,2018,8,2,65.468600,22.341600,12.0,0,15.6,1,sea
2018-08-02T20:16:21.955334Z,2018,8,2,65.468700,22.304400,-16.0,0,3.0,1,coast_uncertain
2018-08-02T20:16:29.387965Z,2018,8,2,65.450600,22.461900,5.0,0,3.0,1,sea
2018-08-02T20:16:49.659269Z,2018,8,2,65.497000,22.171200,-13.0,0,2.2,1,sea
2018-08-02T20:17:05.011313Z,2018,8,2,65.465300,22.412100,11.0,0,7.8,1,sea
2018-08-02T20:17:05.053734Z,2018,8,2,65.467500,22.421200,4.0,0,1.8,1,sea
2018-08-02T20:17:17.646364Z,2018,8,2,65.567000,22.549000,5.0,0,5.8,1,coast_uncertain
2018-08-02T20:17:22.436923Z,2018,8,2,65.468400,22.421700,-13.0,0,2.8,1,sea
2018-08-02T20:17:22.567833Z,2018,8,2,65.329400,22.686300,-15.0,0,1.6,1,sea
2018-08-02T20:17:58.286670Z,2018,8,2,65.467900,22.417500,6.0,0,2.0,1,sea
2018-08-02T20:18:58.186110Z,2018,8,2,65.462300,22.440100,10.0,0,5.2,1,sea
2018-08-02T20:18:58.205319Z,2018,8,2,65.442900,22.499600,6.0,0,11.8,1,sea
2018-08-02T20:19:17.371358Z,2018,8,2,65.462100,22.384200,6.0,0,9.8,1,coast_uncertain
2018-08-02T20:20:11.978898Z,2018,8,2,65.598000,22.277700,-6.0,0,5.2,1,coast_uncertain
2018-08-02T20:20:34.171083Z,2018,8,2,65.737400,22.285200,6.0,0,4.6,1,mainland
2018-08-02T20:20:41.839054Z,2018,8,2,65.488000,22.423000,4.0,0,1.8,1,sea
2018-08-02T20:20:41.870911Z,2018,8,2,65.466800,22.422800,6.0,0,2.2,1,sea
2018-08-02T20:20:42.096548Z,2018,8,2,65.411700,22.508300,-4.0,0,30.2,1,coast_uncertain
2018-08-02T20:20:42.127175Z,2018,8,2,65.665500,22.478000,4.0,0,1.4,1,coast_uncertain
2018-08-02T20:21:10.291569Z,2018,8,2,65.463800,22.427600,6.0,0,2.6,1,sea
2018-08-02T20:21:10.301767Z,2018,8,2,65.466500,22.418200,7.0,0,2.6,1,sea
2018-08-02T20:21:10.316008Z,2018,8,2,65.395300,22.556500,5.0,0,26.6,1,sea
2018-08-02T20:21:27.211884Z,2018,8,2,65.461600,22.417500,7.0,0,2.8,1,sea
2018-08-02T20:21:27.223877Z,2018,8,2,65.426700,22.469700,6.0,0,30.2,1,sea
2018-08-02T20:21:27.566157Z,2018,8,2,65.422000,22.384800,-9.0,0,11.2,1,sea
2018-08-02T20:21:27.595811Z,2018,8,2,65.418000,22.370000,-10.0,0,19.6,1,sea
2018-08-02T20:21:27.597090Z,2018,8,2,65.426300,22.364200,-31.0,0,6.2,1,sea
2018-08-02T20:21:39.934284Z,2018,8,2,65.433400,22.325300,5.0,0,1.4,1,coast_uncertain
2018-08-02T20:21:52.004488Z,2018,8,2,65.457600,22.444700,5.0,0,2.0,1,sea
2018-08-02T20:21:52.005478Z,2018,8,2,65.281500,22.789200,4.0,0,1.4,1,sea
2018-08-02T20:21:52.014098Z,2018,8,2,65.464000,22.447300,5.0,0,4.4,1,sea
2018-08-02T20:22:18.072701Z,2018,8,2,65.458400,22.434800,4.0,0,2.4,1,sea
2018-08-02T20:22:27.724531Z,2018,8,2,65.452100,22.447700,7.0,0,13.8,1,sea
2018-08-02T20:22:49.329234Z,2018,8,2,65.400000,22.559700,4.0,0,10.0,1,sea
2018-08-02T20:23:55.047272Z,2018,8,2,65.461600,22.453800,9.0,0,9.2,1,sea
2018-08-02T20:23:55.047959Z,2018,8,2,65.461300,22.460900,9.0,0,4.6,1,sea
2018-08-02T20:23:55.048766Z,2018,8,2,65.468600,22.446600,13.0,0,9.0,1,sea
2018-08-02T20:23:55.065490Z,2018,8,2,65.486300,22.511100,6.0,0,25.0,1,coast_uncertain
2018-08-02T20:24:09.438874Z,2018,8,2,65.472100,22.455100,7.0,0,5.2,1,sea
2018-08-02T20:24:09.440201Z,2018,8,2,65.462200,22.455900,5.0,0,1.6,1,sea
2018-08-02T20:24:09.462115Z,2018,8,2,65.472600,22.454200,8.0,0,5.2,1,sea
2018-08-02T20:24:09.465661Z,2018,8,2,65.408100,22.548100,5.0,0,3.6,1,sea
2018-08-02T20:24:24.664649Z,2018,8,2,65.460500,22.431400,6.0,0,4.4,1,sea
2018-08-02T20:24:24.700248Z,2018,8,2,65.461100,22.445000,9.0,0,2.8,1,sea
2018-08-02T20:24:39.045494Z,2018,8,2,65.456600,22.441700,7.0,0,2.8,1,sea
2018-08-02T20:24:39.065345Z,2018,8,2,65.444300,22.442000,5.0,0,8.2,1,sea
2018-08-02T20:24:55.921641Z,2018,8,2,65.730500,22.286600,6.0,0,2.2,1,coast_uncertain
2018-08-02T20:25:01.774984Z,2018,8,2,65.464100,22.439800,21.0,0,12.6,1,sea
2018-08-02T20:25:01.784236Z,2018,8,2,65.410900,22.569000,5.0,0,17.4,1,sea
2018-08-02T20:25:01.795326Z,2018,8,2,65.463200,22.452400,6.0,0,3.4,1,sea
2018-08-02T20:25:31.457792Z,2018,8,2,65.463700,22.488100,11.0,0,7.8,1,sea
2018-08-02T20:25:31.484375Z,2018,8,2,65.358500,22.671900,5.0,0,2.0,1,sea
2018-08-02T20:25:56.162193Z,2018,8,2,65.298500,22.817700,4.0,0,3.4,1,sea
2018-08-02T20:25:56.166319Z,2018,8,2,65.589600,22.539500,6.0,0,4.2,1,coast_uncertain
2018-08-02T20:25:56.182614Z,2018,8,2,65.466300,22.459800,10.0,0,15.2,1,sea
2018-08-02T20:25:56.199826Z,2018,8,2,65.312200,22.758600,4.0,0,1.2,1,sea
2018-08-02T20:26:48.627832Z,2018,8,2,65.452600,22.431100,-5.0,0,3.8,1,coast_uncertain
2018-08-02T20:26:48.651878Z,2018,8,2,65.463000,22.505800,-6.0,0,4.0,1,sea
2018-08-02T20:27:23.161785Z,2018,8,2,65.469900,22.467200,6.0,0,30.2,1,sea
2018-08-02T20:27:23.162142Z,2018,8,2,65.476200,22.467000,17.0,0,19.4,1,sea
2018-08-02T20:27:23.165259Z,2018,8,2,65.472100,22.462900,12.0,0,7.0,1,sea
2018-08-02T20:27:23.169457Z,2018,8,2,65.280700,22.815900,4.0,0,0.8,1,sea
2018-08-02T20:27:23.172910Z,2018,8,2,65.467200,22.463100,8.0,0,7.8,1,sea
2018-08-02T20:27:55.165806Z,2018,8,2,65.474500,22.506000,16.0,0,19.6,1,sea
2018-08-02T20:27:55.176280Z,2018,8,2,65.478000,22.497400,11.0,0,30.2,1,coast_uncertain
2018-08-02T20:27:55.177810Z,2018,8,2,65.253100,22.924000,3.0,0,2.6,1,sea
2018-08-02T20:27:55.188638Z,2018,8,2,65.478900,22.493400,5.0,0,3.2,1,coast_uncertain
2018-08-02T20:28:49.497902Z,2018,8,2,65.464800,22.463400,10.0,0,4.0,1,sea
2018-08-02T20:28:49.498913Z,2018,8,2,65.364500,22.668000,5.0,0,1.4,1,sea
2018-08-02T20:28:49.509519Z,2018,8,2,65.474800,22.468100,6.0,0,6.4,1,sea
2018-08-02T20:28:49.515562Z,2018,8,2,65.416100,22.571300,4.0,0,2.6,1,sea
2018-08-02T20:28:49.521546Z,2018,8,2,65.480600,22.491000,5.0,0,3.6,1,coast_uncertain
2018-08-02T20:28:49.550810Z,2018,8,2,65.287300,22.899100,-4.0,0,6.8,1,sea
2018-08-02T20:29:35.066860Z,2018,8,2,65.411800,22.637000,4.0,0,1.4,1,sea
2018-08-02T20:29:35.067738Z,2018,8,2,65.280300,22.896900,3.0,0,7.6,1,sea
2018-08-02T20:29:35.194019Z,2018,8,2,65.361900,22.754800,6.0,0,6.0,1,sea
2018-08-02T20:30:54.702024Z,2018,8,2,65.544000,22.404900,8.0,0,7.8,1,coast_uncertain
2018-08-02T20:30:54.714007Z,2018,8,2,65.543000,22.438200,6.0,0,2.6,1,sea
2018-08-02T20:31:35.844416Z,2018,8,2,65.475400,22.566200,5.0,0,14.0,1,coast_uncertain
2018-08-02T20:32:36.009284Z,2018,8,2,65.540500,22.423200,11.0,0,13.2,1,coast_uncertain
2018-08-02T20:33:10.220307Z,2018,8,2,65.580800,22.327300,-8.0,0,4.6,1,coast_uncertain
2018-08-02T20:35:42.392168Z,2018,8,2,65.540600,22.279200,-13.0,0,3.4,1,sea
2018-08-02T20:35:42.392893Z,2018,8,2,65.537100,22.282900,-6.0,0,3.2,1,sea
2018-08-02T20:36:22.085217Z,2018,8,2,65.587900,22.217000,-6.0,0,3.4,1,mainland
2018-08-02T20:37:15.525011Z,2018,8,2,65.423000,22.066500,5.0,0,2.8,1,sea
2018-08-02T20:37:32.877332Z,2018,8,2,65.472700,22.646800,7.0,0,24.0,1,coast_uncertain
2018-08-02T20:38:50.520853Z,2018,8,2,65.454500,22.642700,4.0,0,3.4,1,coast_uncertain
2018-08-02T20:38:50.521679Z,2018,8,2,65.379700,22.735000,4.0,0,8.8,1,sea
2018-08-02T20:39:33.908348Z,2018,8,2,65.558400,22.465600,7.0,0,5.2,1,sea
2018-08-02T20:40:33.110291Z,2018,8,2,65.598600,22.312100,-15.0,0,8.2,1,coast_uncertain
2018-08-02T20:41:14.972061Z,2018,8,2,65.640000,21.590200,-6.0,0,1.6,1,mainland
2018-08-02T20:41:58.047396Z,2018,8,2,65.573900,22.459400,8.0,0,5.0,1,sea
2018-08-02T20:43:07.714694Z,2018,8,2,65.385400,22.751100,7.0,0,3.8,1,sea
2018-08-02T20:43:07.715728Z,2018,8,2,65.383700,22.754500,4.0,0,7.0,1,sea
2018-08-02T20:43:26.492325Z,2018,8,2,65.489300,22.643400,-6.0,0,8.8,1,sea
2018-08-02T20:43:26.605686Z,2018,8,2,65.639500,22.450700,-14.0,0,2.8,1,sea
2018-08-02T20:44:12.368054Z,2018,8,2,65.623200,22.373600,11.0,0,23.8,1,coast_uncertain
2018-08-02T20:44:51.897868Z,2018,8,2,65.611400,22.440700,-5.0,0,8.8,1,coast_uncertain
2018-08-02T20:44:51.911590Z,2018,8,2,65.569400,22.498700,-16.0,0,3.2,1,sea
2018-08-02T20:44:51.963606Z,2018,8,2,65.600500,22.531800,-13.0,0,3.8,1,sea
2018-08-02T20:46:46.448662Z,2018,8,2,65.578800,22.493700,-17.0,0,6.6,1,sea
2018-08-02T20:46:46.458058Z,2018,8,2,65.571000,22.490400,-31.0,0,7.2,1,sea
2018-08-02T20:46:46.467581Z,2018,8,2,65.511200,22.672700,-6.0,0,26.6,1,coast_uncertain
2018-08-02T20:46:46.492742Z,2018,8,2,65.577400,22.508500,-15.0,0,7.2,1,sea
2018-08-02T20:46:46.524583Z,2018,8,2,65.573100,22.490600,-19.0,0,4.2,1,sea
2018-08-02T20:46:46.567161Z,2018,8,2,65.572300,22.492600,-14.0,0,3.6,1,sea
2018-08-02T20:46:46.574958Z,2018,8,2,65.572400,22.484700,-7.0,0,3.2,1,sea
2018-08-02T20:46:46.630127Z,2018,8,2,65.572400,22.494800,-19.0,0,4.6,1,sea
2018-08-02T20:46:46.671519Z,2018,8,2,65.571000,22.485300,-10.0,0,2.6,1,sea
2018-08-02T20:46:46.708049Z,2018,8,2,65.573500,22.485000,-6.0,0,2.4,1,sea
2018-08-02T20:46:46.795378Z,2018,8,2,65.571300,22.485600,-7.0,0,3.8,1,sea
2018-08-02T20:46:46.859050Z,2018,8,2,65.575200,22.483100,-6.0,0,1.6,1,sea
2018-08-02T20:48:43.102167Z,2018,8,2,65.574700,22.495900,13.0,0,6.4,1,sea
2018-08-02T20:48:43.119687Z,2018,8,2,65.569500,22.489200,5.0,0,6.2,1,sea
2018-08-02T20:48:43.124341Z,2018,8,2,65.580900,22.501400,7.0,0,9.4,1,sea
2018-08-02T21:02:04.142150Z,2018,8,2,65.598100,21.546700,7.0,0,2.6,1,mainland
2018-08-02T21:18:37.970591Z,2018,8,2,65.654200,21.375800,6.0,0,13.6,1,mainland
2018-08-02T21:21:37.372643Z,2018,8,2,65.612300,21.540600,8.0,0,2.6,1,mainland
2018-08-02T21:21:37.713456Z,2018,8,2,65.674100,21.379800,-5.0,0,5.0,1,mainland
2018-08-02T21:22:57.689168Z,2018,8,2,65.636800,21.450400,7.0,0,5.6,1,mainland
2018-08-02T21:23:54.079936Z,2018,8,2,65.622800,21.593400,7.0,0,3.2,1,mainland
2018-08-02T21:25:32.658443Z,2018,8,2,65.665900,21.377000,7.0,0,6.8,1,coast_uncertain
2018-08-02T21:44:34.890676Z,2018,8,2,65.677000,21.720100,5.0,0,1.6,1,mainland
2018-08-03T01:36:20.859706Z,2018,8,3,65.130900,22.827300,-16.0,0,3.8,1,sea
2018-08-03T01:47:34.119477Z,2018,8,3,65.301900,23.093300,-3.0,0,22.6,1,sea
2018-08-03T02:19:02.371262Z,2018,8,3,65.565900,21.557600,7.0,0,2.8,1,mainland
2018-08-03T02:33:00.273448Z,2018,8,3,65.648400,21.453300,6.0,0,24.4,1,coast_uncertain
2018-08-03T02:38:57.992848Z,2018,8,3,65.584800,21.534100,6.0,0,20.2,1,coast_uncertain
2018-08-03T02:38:58.004102Z,2018,8,3,65.611800,21.468600,6.0,0,1.6,1,coast_uncertain
2018-08-03T02:39:26.913056Z,2018,8,3,65.578800,21.540400,6.0,0,1.6,1,coast_uncertain
2018-08-03T02:39:51.877247Z,2018,8,3,65.497300,21.756700,7.0,0,2.2,1,mainland
2018-08-03T02:40:11.331432Z,2018,8,3,65.608400,21.499400,8.0,0,20.2,1,coast_uncertain
2018-08-03T02:41:25.113603Z,2018,8,3,65.586200,21.547400,5.0,0,2.2,1,mainland
2018-08-03T02:41:25.124658Z,2018,8,3,65.637400,21.431500,6.0,0,1.4,1,mainland
2018-08-03T02:41:43.183276Z,2018,8,3,65.560400,21.623100,6.0,0,1.6,1,mainland
2018-08-03T02:42:21.327519Z,2018,8,3,65.641400,21.427000,5.0,0,1.4,1,coast_uncertain
2018-08-03T02:43:28.254358Z,2018,8,3,65.513700,21.717200,5.0,0,1.6,1,mainland
2018-08-03T02:44:15.545995Z,2018,8,3,65.581700,21.564400,7.0,0,3.0,1,mainland
2018-08-03T02:44:49.187834Z,2018,8,3,65.661000,21.487100,6.0,0,1.6,1,coast_uncertain
2018-08-03T02:46:38.468133Z,2018,8,3,65.261700,23.081200,4.0,0,6.8,1,sea
2018-08-03T02:50:04.898863Z,2018,8,3,65.569900,21.566800,5.0,0,7.6,1,mainland
2018-08-03T02:52:19.660252Z,2018,8,3,65.499900,21.808500,5.0,0,1.6,1,mainland
2018-08-03T02:53:11.684697Z,2018,8,3,65.590200,21.650100,5.0,0,2.4,1,coast_uncertain
2018-08-03T02:59:10.262416Z,2018,8,3,65.398800,22.106100,4.0,0,2.8,1,sea
2018-08-03T03:03:40.276259Z,2018,8,3,65.451300,22.003500,7.0,0,2.6,1,coast_uncertain
2018-08-03T03:06:01.593833Z,2018,8,3,65.566400,22.081500,6.0,0,2.8,1,mainland
2018-08-03T03:08:42.198087Z,2018,8,3,65.758300,21.956200,-12.0,0,3.2,1,mainland
2018-08-03T03:32:51.163679Z,2018,8,3,65.661100,22.167000,5.0,0,4.6,1,mainland
2018-08-03T03:35:58.264996Z,2018,8,3,65.782400,22.293300,8.0,0,5.8,1,coast_uncertain
2018-08-03T03:38:42.380640Z,2018,8,3,65.674100,21.715900,-4.0,0,6.8,1,mainland
2018-08-03T03:40:59.821801Z,2018,8,3,65.781900,21.905200,6.0,0,28.0,1,mainland
2018-08-03T03:41:38.578126Z,2018,8,3,65.655000,22.162200,6.0,0,3.2,1,mainland
2018-08-03T03:50:36.963175Z,2018,8,3,65.752500,21.955300,-7.0,0,2.8,1,mainland
2018-08-03T03:50:50.651127Z,2018,8,3,65.754200,22.134700,6.0,0,3.4,1,coast_uncertain
2018-08-03T03:53:30.395262Z,2018,8,3,65.727800,21.910500,7.0,0,1.6,1,mainland
2018-08-03T04:07:11.334540Z,2018,8,3,65.691400,22.388800,5.0,0,5.6,1,sea
2018-08-03T04:07:41.658747Z,2018,8,3,65.819200,22.136300,8.0,0,12.6,1,mainland
2018-08-03T04:42:44.524405Z,2018,8,3,66.014100,22.039300,7.0,0,2.8,1,mainland
2018-08-03T05:18:09.965753Z,2018,8,3,65.909300,22.437100,5.0,0,4.0,1,mainland
2018-08-03T05:18:10.807189Z,2018,8,3,66.163500,22.284500,7.0,0,17.0,1,coast_uncertain
2018-08-03T05:53:08.858311Z,2018,8,3,66.126500,22.111500,7.0,0,5.6,1,mainland
2018-08-03T05:55:40.014535Z,2018,8,3,66.124800,22.138000,7.0,0,5.8,1,mainland
2018-08-03T05:58:57.553832Z,2018,8,3,66.129500,22.148900,10.0,0,7.6,1,coast_uncertain
2018-08-03T05:58:57.559451Z,2018,8,3,66.141300,22.131000,7.0,0,12.4,1,coast_uncertain
2018-08-03T06:01:06.610315Z,2018,8,3,66.130700,22.138700,19.0,0,9.0,1,coast_uncertain
2018-08-03T06:01:06.621575Z,2018,8,3,66.130500,22.150000,9.0,0,8.8,1,coast_uncertain
2018-08-03T06:01:06.627586Z,2018,8,3,66.110500,22.221600,6.0,0,10.0,1,coast_uncertain
2018-08-03T06:04:35.032200Z,2018,8,3,66.173200,22.272000,-19.0,0,9.4,1,mainland
2018-08-03T06:05:46.615628Z,2018,8,3,66.194500,22.104100,-31.0,0,17.0,1,mainland
2018-08-03T06:07:12.687873Z,2018,8,3,66.110800,22.270500,9.0,0,4.2,1,mainland
2018-08-03T06:07:13.096010Z,2018,8,3,66.187700,22.178000,-22.0,0,16.4,1,mainland
2018-08-03T06:07:13.121854Z,2018,8,3,66.194800,22.114200,-11.0,0,6.4,1,mainland
2018-08-03T06:07:46.217842Z,2018,8,3,66.111800,22.273400,13.0,0,20.8,1,mainland
2018-08-03T06:07:57.534223Z,2018,8,3,66.207500,22.092200,6.0,0,6.8,1,mainland
2018-08-03T06:09:46.071715Z,2018,8,3,66.202300,22.134100,-41.0,0,13.8,1,coast_uncertain
2018-08-03T06:09:46.084627Z,2018,8,3,66.200900,22.141200,-7.0,0,4.2,1,coast_uncertain
2018-08-03T06:32:14.034038Z,2018,8,3,66.277300,22.120700,11.0,0,5.8,1,mainland
2018-08-03T06:39:52.513103Z,2018,8,3,65.513500,22.468600,7.0,0,3.0,1,sea
2018-08-03T06:54:08.888231Z,2018,8,3,65.934800,22.227400,-7.0,0,2.6,1,mainland
2018-08-03T07:10:36.270465Z,2018,8,3,65.807300,22.451500,5.0,0,1.8,1,coast_uncertain
2018-08-03T14:27:44.570788Z,2018,8,3,65.237200,22.189600,5.0,0,2.2,1,sea
2018-08-03T14:27:44.572432Z,2018,8,3,65.230500,22.199100,6.0,0,5.6,1,sea
2018-08-03T14:27:44.890652Z,2018,8,3,65.213200,22.234400,-36.0,0,8.8,1,sea
2018-08-03T14:42:47.177423Z,2018,8,3,65.268600,22.364600,6.0,0,5.2,1,sea
2018-08-05T04:26:51.675443Z,2018,8,5,65.404700,23.003900,16.0,0,21.2,1,sea
2018-08-05T04:26:51.676350Z,2018,8,5,65.693000,22.513000,5.0,0,7.0,1,sea
2018-08-05T04:45:42.539338Z,2018,8,5,65.379000,23.048700,10.0,0,4.6,1,sea
2018-08-05T17:09:49.209418Z,2018,8,5,65.202200,22.542200,5.0,0,12.2,1,sea
2018-08-05T20:23:53.487595Z,2018,8,5,65.238800,22.280900,4.0,0,5.2,1,sea
2018-08-05T20:54:03.726317Z,2018,8,5,65.500800,21.943500,11.0,0,4.4,1,sea
2018-08-05T20:54:03.726810Z,2018,8,5,65.499600,21.941900,24.0,0,6.4,1,coast_uncertain
2018-08-05T20:54:03.748596Z,2018,8,5,65.619200,21.760900,29.0,0,14.4,1,mainland
2018-08-05T20:54:03.748619Z,2018,8,5,65.554800,21.931800,29.0,0,17.8,1,mainland
2018-08-05T20:54:04.131077Z,2018,8,5,65.217900,22.429500,4.0,0,1.6,1,sea
2018-08-05T20:57:12.037841Z,2018,8,5,65.360900,22.222200,73.0,0,9.0,1,sea
2018-08-05T20:57:12.164908Z,2018,8,5,65.356000,22.112300,26.0,0,7.0,1,sea
2018-08-05T20:58:38.074067Z,2018,8,5,65.290000,22.586500,4.0,0,2.0,1,sea
2018-08-05T20:58:38.074727Z,2018,8,5,65.359300,22.442700,7.0,0,4.6,1,coast_uncertain
2018-08-05T21:00:29.015784Z,2018,8,5,65.523300,21.926600,17.0,0,22.6,1,coast_uncertain
2018-08-05T21:00:29.022878Z,2018,8,5,65.301500,22.430500,5.0,0,2.8,1,sea
2018-08-05T21:00:29.025638Z,2018,8,5,65.522200,21.942700,6.0,0,2.6,1,coast_uncertain
2018-08-05T21:00:29.101903Z,2018,8,5,65.481500,21.781100,5.0,0,6.0,1,mainland
2018-08-05T21:00:29.131313Z,2018,8,5,65.561200,21.926000,-5.0,0,5.0,1,coast_uncertain
2018-08-05T21:00:29.347209Z,2018,8,5,65.426500,21.949700,13.0,0,5.0,1,coast_uncertain
2018-08-05T21:01:02.177181Z,2018,8,5,65.579400,21.693500,32.0,0,10.8,1,mainland
2018-08-05T21:03:09.680406Z,2018,8,5,65.577600,21.660600,-5.0,0,4.0,1,mainland
2018-08-05T21:03:09.699862Z,2018,8,5,65.416900,22.033000,-4.0,0,1.6,1,coast_uncertain
2018-08-05T21:03:09.807972Z,2018,8,5,65.579200,21.653600,11.0,0,8.2,1,mainland
2018-08-05T21:05:09.880480Z,2018,8,5,65.570600,21.657600,-6.0,0,7.2,1,mainland
2018-08-05T21:06:29.631915Z,2018,8,5,65.396800,22.353800,12.0,0,4.8,1,coast_uncertain
2018-08-05T21:06:29.633549Z,2018,8,5,65.289000,22.676500,4.0,0,1.4,1,sea
2018-08-05T21:06:29.637527Z,2018,8,5,65.287900,22.810500,6.0,0,26.0,1,sea
2018-08-05T21:45:28.536147Z,2018,8,5,65.459600,22.565100,13.0,0,10.2,1,sea
2018-08-05T21:45:28.536463Z,2018,8,5,65.460000,22.550500,10.0,0,3.0,1,sea
2018-08-05T21:45:28.541167Z,2018,8,5,65.456000,22.563900,5.0,0,2.6,1,sea
2018-08-05T21:45:28.585637Z,2018,8,5,65.365800,22.752200,-4.0,0,7.6,1,sea
2018-08-05T21:45:28.651527Z,2018,8,5,65.390500,22.548300,35.0,0,9.4,1,sea
2018-08-05T21:48:43.316108Z,2018,8,5,65.458600,22.533500,5.0,0,3.2,1,sea
2018-08-05T21:48:43.316922Z,2018,8,5,65.455500,22.481300,6.0,0,25.6,1,sea
2018-08-05T21:48:43.318043Z,2018,8,5,65.461600,22.520300,9.0,0,8.0,1,sea
2018-08-05T21:50:33.112283Z,2018,8,5,65.326000,23.093200,-4.0,0,1.2,1,sea
2018-08-05T21:50:40.378664Z,2018,8,5,65.481100,22.534800,6.0,0,3.2,1,coast_uncertain
2018-08-05T21:50:40.379934Z,2018,8,5,65.480300,22.540400,7.0,0,4.6,1,coast_uncertain
2018-08-05T21:50:40.384097Z,2018,8,5,65.525800,22.457300,6.0,0,16.2,1,sea
2018-08-05T21:50:40.396892Z,2018,8,5,65.453000,22.522500,4.0,0,4.8,1,sea
2018-08-05T21:52:23.939179Z,2018,8,5,65.463600,22.499400,13.0,0,6.8,1,sea
2018-08-05T21:52:23.947603Z,2018,8,5,65.454700,22.494900,18.0,0,30.2,1,sea
2018-08-05T21:52:23.950788Z,2018,8,5,65.462800,22.494000,8.0,0,11.2,1,sea
2018-08-05T21:52:24.402083Z,2018,8,5,65.451100,22.738400,6.0,0,2.4,1,sea
2018-08-05T21:53:14.857826Z,2018,8,5,65.490500,22.508900,8.0,0,24.4,1,coast_uncertain
2018-08-05T21:53:53.149843Z,2018,8,5,65.468600,22.505100,5.0,0,4.6,1,sea
2018-08-05T21:56:08.111133Z,2018,8,5,65.510100,22.456200,9.0,0,19.4,1,sea
2018-08-05T21:57:52.176620Z,2018,8,5,65.302100,22.823500,4.0,0,3.0,1,sea
2018-08-05T21:57:52.201866Z,2018,8,5,65.357900,22.719200,4.0,0,3.6,1,sea
2018-08-05T22:04:37.335027Z,2018,8,5,65.373600,22.908500,4.0,0,2.0,1,sea
2018-08-05T22:04:37.336832Z,2018,8,5,65.730200,22.607600,5.0,0,16.4,1,coast_uncertain
2018-08-05T22:09:20.049854Z,2018,8,5,65.439800,22.870700,88.0,0,14.4,1,sea
2018-08-05T22:09:20.049857Z,2018,8,5,65.430500,22.944800,89.0,0,27.8,1,sea
2018-08-05T22:09:20.228322Z,2018,8,5,65.430700,22.809600,24.0,0,7.6,1,sea
2018-08-05T22:09:20.400551Z,2018,8,5,65.551300,22.469900,-16.0,0,4.4,1,sea
2018-08-05T22:09:20.407697Z,2018,8,5,65.552700,22.461400,-5.0,0,2.4,1,sea
2018-08-05T22:09:20.414314Z,2018,8,5,65.554100,22.459300,-6.0,0,2.6,1,sea
2018-08-05T22:12:40.730038Z,2018,8,5,65.608900,22.420600,15.0,0,25.0,1,sea
2018-08-05T22:12:40.793196Z,2018,8,5,65.595800,22.464700,52.0,0,12.8,1,sea
2018-08-05T22:14:46.388755Z,2018,8,5,65.604100,22.472200,7.0,0,1.8,1,coast_uncertain
2018-08-05T22:14:46.393399Z,2018,8,5,65.596100,22.510900,12.0,0,15.8,1,coast_uncertain
2018-08-05T22:14:46.395877Z,2018,8,5,65.601600,22.469900,9.0,0,4.0,1,coast_uncertain
2018-08-05T22:14:46.456038Z,2018,8,5,65.554500,22.529000,27.0,0,10.8,1,coast_uncertain
2018-08-05T22:14:46.456053Z,2018,8,5,65.519400,22.727500,31.0,0,11.6,1,coast_uncertain
2018-08-05T22:16:04.561112Z,2018,8,5,65.601900,22.449000,9.0,0,10.6,1,coast_uncertain
2018-08-05T22:16:04.666791Z,2018,8,5,65.604000,22.453400,24.0,0,4.6,1,coast_uncertain
2018-08-05T22:19:10.569672Z,2018,8,5,65.381500,22.946500,7.0,0,6.6,1,sea
2018-08-05T22:36:00.268805Z,2018,8,5,65.506800,22.939300,12.0,0,6.0,1,sea
2018-08-05T22:39:44.595471Z,2018,8,5,65.425100,22.564800,4.0,0,4.8,1,sea
2018-08-05T22:43:09.193657Z,2018,8,5,65.483900,22.811300,5.0,0,1.6,1,sea
2018-08-05T22:43:09.545279Z,2018,8,5,65.472900,22.835300,-11.0,0,6.0,1,sea
2018-08-05T22:43:09.551394Z,2018,8,5,65.474600,22.834300,-5.0,0,2.2,1,sea
2018-08-05T22:43:09.610411Z,2018,8,5,65.478600,22.810100,-20.0,0,8.2,1,sea
2018-08-05T23:00:54.735396Z,2018,8,5,65.502500,22.300900,10.0,0,4.8,1,coast_uncertain
2018-08-05T23:13:59.110115Z,2018,8,5,65.494800,22.842600,4.0,0,4.6,1,sea
2018-08-05T23:19:49.628581Z,2018,8,5,65.663000,22.699600,-5.0,0,6.0,1,coast_uncertain
2018-08-05T23:30:45.846474Z,2018,8,5,65.670200,22.378000,5.0,0,18.8,1,coast_uncertain
2018-08-06T03:29:30.764545Z,2018,8,6,65.546500,22.808600,6.0,0,4.4,1,coast_uncertain
2018-08-06T03:29:30.765218Z,2018,8,6,65.558100,22.761200,10.0,0,8.8,1,coast_uncertain
2018-08-06T03:29:30.771101Z,2018,8,6,65.573600,22.864600,10.0,0,7.2,1,sea
2018-08-06T03:35:32.878186Z,2018,8,6,65.538100,22.759900,12.0,0,3.4,1,sea
2018-08-06T03:35:32.879181Z,2018,8,6,65.540600,22.752800,5.0,0,3.6,1,coast_uncertain
2018-08-06T03:35:32.879720Z,2018,8,6,65.537700,22.758400,10.0,0,3.2,1,sea
2018-08-06T03:35:32.884635Z,2018,8,6,65.537100,22.765500,19.0,0,10.8,1,sea
2018-08-06T03:35:32.886428Z,2018,8,6,65.539100,22.787400,10.0,0,14.0,1,coast_uncertain
2018-08-06T03:35:32.954789Z,2018,8,6,65.592800,22.760700,5.0,0,9.0,1,sea
2018-08-06T03:38:06.158662Z,2018,8,6,65.540700,22.749400,15.0,0,4.0,1,coast_uncertain
2018-08-06T03:38:06.196588Z,2018,8,6,65.575100,22.839800,4.0,0,3.4,1,sea
2018-08-06T03:38:06.385534Z,2018,8,6,65.503600,22.814800,-14.0,0,2.2,1,coast_uncertain
2018-08-06T03:41:14.357471Z,2018,8,6,65.482800,22.836200,7.0,0,3.6,1,sea
2018-08-06T03:41:14.358046Z,2018,8,6,65.322700,23.109300,7.0,0,10.0,1,sea
2018-08-06T03:41:14.358551Z,2018,8,6,65.438100,22.915700,5.0,0,2.8,1,sea
2018-08-06T03:42:11.263846Z,2018,8,6,65.508000,22.780100,-13.0,0,6.2,1,sea
2018-08-06T03:43:32.411188Z,2018,8,6,65.469800,22.829500,5.0,0,12.6,1,sea
2018-08-06T03:44:28.342206Z,2018,8,6,65.472100,22.960800,6.0,0,4.0,1,sea
2018-08-06T03:45:18.409522Z,2018,8,6,65.476700,22.950800,4.0,0,2.0,1,sea
2018-08-06T03:45:37.775057Z,2018,8,6,65.454700,22.805200,12.0,0,4.6,1,sea
2018-08-06T03:45:37.775619Z,2018,8,6,65.465000,22.815400,6.0,0,8.2,1,sea
2018-08-06T03:47:43.852369Z,2018,8,6,65.339000,23.076100,6.0,0,8.6,1,sea
2018-08-06T03:47:43.854036Z,2018,8,6,65.458800,22.774000,6.0,0,2.2,1,sea
2018-08-06T03:47:43.866489Z,2018,8,6,65.464800,22.793700,5.0,0,5.8,1,sea
2018-08-06T03:48:29.416843Z,2018,8,6,65.337600,23.029600,4.0,0,2.6,1,sea
2018-08-06T03:49:37.987582Z,2018,8,6,65.460600,22.742000,8.0,0,4.6,1,coast_uncertain
2018-08-06T03:49:37.988374Z,2018,8,6,65.545900,22.778300,8.0,0,2.4,1,coast_uncertain
2018-08-06T03:49:37.990249Z,2018,8,6,65.467300,22.750300,10.0,0,15.8,1,coast_uncertain
2018-08-06T03:49:37.998026Z,2018,8,6,65.443900,22.764500,10.0,0,30.2,1,sea
2018-08-06T03:49:42.980711Z,2018,8,6,65.290700,23.108800,5.0,0,2.8,1,sea
2018-08-06T03:51:17.128821Z,2018,8,6,65.453600,22.732400,5.0,0,3.8,1,sea
2018-08-06T03:51:17.129936Z,2018,8,6,65.456400,22.708200,7.0,0,10.0,1,sea
2018-08-06T03:51:17.131166Z,2018,8,6,65.356200,22.907500,7.0,0,2.6,1,sea
2018-08-06T03:52:29.330141Z,2018,8,6,65.464300,22.704600,5.0,0,7.8,1,coast_uncertain
2018-08-06T03:53:35.501546Z,2018,8,6,65.449000,22.701600,5.0,0,12.2,1,sea
2018-08-06T03:53:35.501934Z,2018,8,6,65.340600,22.903000,6.0,0,2.8,1,sea
2018-08-06T03:53:35.503282Z,2018,8,6,65.462500,22.666300,7.0,0,5.6,1,sea
2018-08-06T03:53:35.504435Z,2018,8,6,65.449100,22.688200,5.0,0,3.2,1,sea
2018-08-06T03:53:35.506589Z,2018,8,6,65.460500,22.738000,4.0,0,4.0,1,coast_uncertain
2018-08-06T03:58:33.928253Z,2018,8,6,65.506100,22.943900,5.0,0,7.2,1,sea
2018-08-06T04:01:19.234240Z,2018,8,6,65.459700,22.691000,8.0,0,5.2,1,coast_uncertain
2018-08-06T04:01:19.234959Z,2018,8,6,65.426700,22.762100,4.0,0,4.8,1,sea
2018-08-06T04:01:19.235764Z,2018,8,6,65.458400,22.704600,8.0,0,6.8,1,sea
2018-08-06T04:01:19.256044Z,2018,8,6,65.446900,22.706500,6.0,0,14.0,1,sea
2018-08-06T04:01:19.258771Z,2018,8,6,65.456700,22.645200,6.0,0,7.6,1,sea
2018-08-06T04:01:19.349456Z,2018,8,6,65.334400,22.918600,4.0,0,1.6,1,sea
2018-08-06T04:02:48.475948Z,2018,8,6,65.455100,22.676100,13.0,0,8.2,1,sea
2018-08-06T04:02:48.476550Z,2018,8,6,65.419700,22.737000,8.0,0,4.0,1,sea
2018-08-06T04:06:13.378867Z,2018,8,6,65.447500,22.656600,14.0,0,10.6,1,sea
2018-08-06T04:06:13.381107Z,2018,8,6,65.340900,22.855700,5.0,0,5.0,1,sea
2018-08-06T04:06:13.636916Z,2018,8,6,65.462700,22.623400,-4.0,0,0.8,1,coast_uncertain
2018-08-06T04:06:13.740283Z,2018,8,6,65.367000,22.796900,-7.0,0,3.4,1,sea
2018-08-06T04:07:47.211499Z,2018,8,6,65.478100,22.942200,4.0,0,4.0,1,sea
2018-08-06T04:08:56.891484Z,2018,8,6,65.433800,22.954900,3.0,0,3.6,1,sea
2018-08-06T04:12:14.949670Z,2018,8,6,65.424000,22.996600,8.0,0,5.0,1,sea
2018-08-06T04:16:38.278224Z,2018,8,6,65.477000,22.840400,13.0,0,4.8,1,sea
2018-08-06T04:16:38.279024Z,2018,8,6,65.502800,22.917100,9.0,0,4.2,1,sea
2018-08-06T04:16:38.281412Z,2018,8,6,65.503500,22.900200,7.0,0,8.4,1,sea
2018-08-06T04:16:38.288987Z,2018,8,6,65.510200,22.858600,12.0,0,12.8,1,sea
2018-08-06T04:16:38.356569Z,2018,8,6,65.499500,22.775100,33.0,0,11.2,1,sea
2018-08-06T04:18:39.258058Z,2018,8,6,65.663000,22.653200,11.0,0,26.2,1,sea
2018-08-06T04:18:39.263048Z,2018,8,6,65.493100,22.832600,5.0,0,8.2,1,sea
2018-08-06T04:18:39.337692Z,2018,8,6,65.484400,22.802000,34.0,0,6.0,1,sea
2018-08-06T04:33:45.799856Z,2018,8,6,65.466200,22.759400,7.0,0,3.6,1,coast_uncertain
2018-08-06T04:33:45.832459Z,2018,8,6,65.478200,22.752100,5.0,0,4.4,1,coast_uncertain
2018-08-06T04:33:45.840936Z,2018,8,6,65.468500,22.750600,103.0,0,21.8,1,coast_uncertain
2018-08-06T07:46:29.661202Z,2018,8,6,65.120700,22.420600,5.0,0,6.6,1,sea
2018-08-06T07:59:07.650611Z,2018,8,6,65.194400,22.290800,10.0,0,17.4,1,sea
2018-08-06T08:27:59.702676Z,2018,8,6,65.088200,22.597000,5.0,0,9.0,1,sea
2018-08-06T08:32:15.151035Z,2018,8,6,65.095300,22.450700,-8.0,0,1.4,1,sea
2018-08-06T08:36:06.433869Z,2018,8,6,65.214100,22.486100,3.0,0,3.2,1,sea
2018-08-06T08:38:51.662420Z,2018,8,6,65.324800,22.128200,4.0,0,1.6,1,sea
2018-08-06T08:42:33.242209Z,2018,8,6,65.109800,22.403300,5.0,0,5.8,1,sea
2018-08-06T08:50:04.861703Z,2018,8,6,65.110900,22.538200,-5.0,0,1.4,1,sea
2018-08-06T08:50:05.030991Z,2018,8,6,65.123500,22.583800,4.0,0,1.8,1,sea
2018-08-06T09:02:05.249208Z,2018,8,6,65.167100,22.425800,3.0,0,1.8,1,sea
2018-08-06T09:10:46.068175Z,2018,8,6,65.420600,22.599800,4.0,0,1.4,1,sea
2018-08-07T05:59:10.589857Z,2018,8,7,65.175700,22.323000,8.0,0,5.0,1,sea
2018-08-07T06:08:35.742787Z,2018,8,7,65.202800,22.345700,3.0,0,1.6,1,sea
2018-08-07T06:11:52.453002Z,2018,8,7,65.159400,22.315000,4.0,0,6.4,1,sea
2018-08-07T06:21:34.635022Z,2018,8,7,65.116100,22.432200,15.0,0,9.0,1,sea
2018-08-07T06:21:34.647066Z,2018,8,7,65.118200,22.442200,11.0,0,6.2,1,sea
2018-08-07T06:24:22.214340Z,2018,8,7,65.157900,22.377700,6.0,0,6.0,1,sea
2018-08-07T06:24:22.239190Z,2018,8,7,65.166500,22.375500,18.0,0,6.2,1,sea
2018-08-07T06:28:55.663065Z,2018,8,7,65.141300,22.422100,-4.0,0,3.6,1,sea
2018-08-07T06:30:36.782132Z,2018,8,7,65.123000,22.490600,4.0,0,1.4,1,sea
2018-08-07T06:32:07.596758Z,2018,8,7,65.131100,22.493600,12.0,0,3.2,1,sea
2018-08-07T06:32:07.598188Z,2018,8,7,65.115900,22.438700,8.0,0,3.0,1,sea
2018-08-07T06:32:07.601078Z,2018,8,7,65.111800,22.433800,8.0,0,28.2,1,sea
2018-08-07T06:32:07.604851Z,2018,8,7,65.118900,22.453000,10.0,0,16.8,1,sea
2018-08-07T06:33:28.644478Z,2018,8,7,65.347800,22.625400,3.0,0,2.2,1,sea
2018-08-07T06:33:28.647197Z,2018,8,7,65.098200,22.487800,4.0,0,3.6,1,sea
2018-08-07T06:33:28.648619Z,2018,8,7,65.109000,22.459800,7.0,0,8.8,1,sea
2018-08-07T06:33:28.655340Z,2018,8,7,65.105600,22.474600,10.0,0,13.6,1,sea
2018-08-07T06:35:48.486185Z,2018,8,7,65.092000,22.495100,6.0,0,15.4,1,sea
2018-08-07T06:37:19.599763Z,2018,8,7,65.144300,22.593800,4.0,0,6.2,1,sea
2018-08-07T06:41:19.696306Z,2018,8,7,65.098600,22.572800,5.0,0,3.0,1,sea
2018-08-07T06:45:04.438276Z,2018,8,7,65.084700,22.546700,16.0,0,8.8,1,sea
2018-08-17T16:02:29.406537Z,2018,8,17,65.465200,21.841400,8.0,0,3.2,1,mainland
2018-08-17T16:02:29.406860Z,2018,8,17,65.461500,21.804700,10.0,0,7.6,1,coast_uncertain
2018-08-17T16:02:29.438904Z,2018,8,17,65.501500,21.847700,-4.0,0,1.8,1,mainland
2018-08-17T16:08:25.041378Z,2018,8,17,65.434400,22.028700,17.0,0,4.4,1,sea
2018-08-17T16:08:25.047765Z,2018,8,17,65.517800,21.806000,6.0,0,7.0,1,mainland
2018-08-17T16:08:25.051470Z,2018,8,17,65.533700,21.855700,4.0,0,4.0,1,coast_uncertain
2018-08-17T16:08:25.055374Z,2018,8,17,65.393600,22.108100,5.0,0,1.0,1,sea
2018-08-17T16:11:06.265415Z,2018,8,17,65.530000,21.881600,6.0,0,9.6,1,coast_uncertain
2018-08-17T16:15:59.930205Z,2018,8,17,65.566300,21.914700,10.0,0,10.8,1,coast_uncertain
2018-08-17T16:19:46.683251Z,2018,8,17,65.572900,22.062300,5.0,0,2.6,1,coast_uncertain
2018-08-17T16:19:46.694354Z,2018,8,17,65.596300,22.021200,6.0,0,5.6,1,coast_uncertain
2018-08-17T17:06:29.990284Z,2018,8,17,65.256200,22.230200,-4.0,0,1.4,1,sea
2018-08-17T17:09:14.841935Z,2018,8,17,65.413600,21.964900,4.0,0,2.0,1,coast_uncertain
2018-08-17T17:15:38.532942Z,2018,8,17,65.438100,22.021200,-5.0,0,2.0,1,sea
2018-08-17T17:15:38.539556Z,2018,8,17,65.615400,21.600300,16.0,0,12.2,1,mainland
2018-08-17T17:24:10.430299Z,2018,8,17,65.647400,22.417200,-26.0,0,22.4,1,coast_uncertain
2018-08-17T17:29:49.073708Z,2018,8,17,66.049200,22.060600,6.0,0,4.4,1,coast_uncertain
2018-08-17T17:40:08.270224Z,2018,8,17,66.040700,22.244800,6.0,0,21.0,1,mainland
2018-08-24T12:24:31.368768Z,2018,8,24,65.230200,22.456200,-13.0,0,4.6,1,sea
2018-08-24T12:24:31.519866Z,2018,8,24,65.222100,22.423500,5.0,0,3.2,1,sea
2018-08-24T12:28:03.469125Z,2018,8,24,65.262900,22.496100,-22.0,0,6.2,1,sea
2018-08-24T12:52:21.758022Z,2018,8,24,65.444400,22.796900,-11.0,0,11.0,1,sea
2018-08-24T12:55:26.780897Z,2018,8,24,65.472900,22.799900,-14.0,0,9.6,1,sea
2018-08-24T12:55:26.824698Z,2018,8,24,65.319400,23.063400,-4.0,0,1.4,1,sea
2018-08-26T15:48:02.027895Z,2018,8,26,65.290100,22.477200,11.0,0,11.0,1,sea
2018-08-26T15:48:02.085610Z,2018,8,26,65.228100,22.950100,-4.0,0,2.2,1,sea
2018-08-26T16:34:03.832893Z,2018,8,26,65.568600,22.820800,5.0,0,3.2,1,sea
2018-08-26T16:34:03.839250Z,2018,8,26,65.355800,22.852400,-4.0,0,2.2,1,sea
2018-09-11T21:29:16.793229Z,2018,9,11,65.467000,22.551200,-4.0,0,2.6,1,sea
2018-09-11T21:42:54.726861Z,2018,9,11,65.660600,22.338100,-9.0,0,3.2,1,coast_uncertain
2018-09-11T21:42:54.762632Z,2018,9,11,65.655900,22.362300,11.0,0,4.0,1,coast_uncertain
2018-09-11T21:53:41.307062Z,2018,9,11,65.664000,22.423000,16.0,0,22.0,1,sea
2018-09-11T22:41:15.517485Z,2018,9,11,65.778700,22.393100,-6.0,0,2.8,1,coast_uncertain
2018-09-11T22:44:31.285771Z,2018,9,11,65.748100,22.099500,-7.0,0,17.2,1,mainland
2018-09-11T22:48:57.874162Z,2018,9,11,65.755900,22.390100,-10.0,0,4.0,1,sea
2018-09-11T22:51:20.255327Z,2018,9,11,65.766500,22.351100,-5.0,0,2.2,1,sea
2018-09-11T22:51:20.397746Z,2018,9,11,65.507700,22.841500,-4.0,0,2.8,1,sea
2018-09-11T23:27:05.098869Z,2018,9,11,65.268200,22.316300,-4.0,0,1.6,1,sea
2018-09-14T07:05:56.890888Z,2018,9,14,65.665800,21.392700,-4.0,0,6.4,1,mainland
2018-09-14T07:58:02.718908Z,2018,9,14,65.964600,21.997900,-17.0,0,30.0,1,mainland
2018-09-14T07:59:52.340574Z,2018,9,14,65.984000,21.969800,8.0,0,10.2,1,coast_uncertain
2018-09-14T07:59:52.346008Z,2018,9,14,65.993200,22.015300,9.0,0,14.4,1,coast_uncertain
2018-09-14T08:01:11.407980Z,2018,9,14,65.986400,22.035000,5.0,0,27.4,1,coast_uncertain
2018-09-14T08:04:53.315742Z,2018,9,14,65.955200,22.094600,5.0,0,11.0,1,coast_uncertain
2018-09-14T08:06:00.681287Z,2018,9,14,65.964300,22.112000,6.0,0,2.2,1,mainland
2018-09-14T08:08:33.412707Z,2018,9,14,65.916100,22.176800,9.0,0,4.2,1,coast_uncertain
2018-09-20T12:24:59.515352Z,2018,9,20,66.053000,22.040800,8.0,0,7.2,1,coast_uncertain
2018-09-20T12:24:59.623049Z,2018,9,20,66.032200,22.121100,-5.0,0,6.6,1,coast_uncertain
2018-09-20T12:29:15.543002Z,2018,9,20,65.810100,22.480400,6.0,0,2.0,1,coast_uncertain
2018-09-20T12:30:32.605074Z,2018,9,20,65.972200,22.036900,11.0,0,12.0,1,mainland
2018-09-20T12:30:32.606017Z,2018,9,20,65.954200,22.085400,5.0,0,7.2,1,coast_uncertain
2018-09-20T12:31:50.512852Z,2018,9,20,65.984600,22.062300,7.0,0,18.4,1,coast_uncertain
2018-09-20T12:31:50.513903Z,2018,9,20,65.985200,22.068400,8.0,0,7.2,1,mainland
2018-09-20T12:35:43.300533Z,2018,9,20,65.942400,22.126500,-8.0,0,6.4,1,coast_uncertain
2018-09-20T12:39:02.177150Z,2018,9,20,66.057400,22.211300,12.0,0,11.4,1,coast_uncertain
2018-09-20T12:39:02.177418Z,2018,9,20,66.060500,22.216300,8.0,0,5.6,1,coast_uncertain
2018-09-20T12:39:02.179606Z,2018,9,20,66.064900,22.198100,9.0,0,5.8,1,coast_uncertain
2018-09-20T12:40:28.672372Z,2018,9,20,66.069200,22.250300,7.0,0,3.2,1,coast_uncertain
2018-09-20T12:40:28.672929Z,2018,9,20,66.068900,22.238200,7.0,0,5.2,1,coast_uncertain
2018-09-20T12:40:28.687936Z,2018,9,20,66.071800,22.240000,9.0,0,10.8,1,coast_uncertain
2018-09-20T12:41:34.840170Z,2018,9,20,66.065500,22.227700,13.0,0,9.6,1,coast_uncertain
2018-09-20T12:41:34.840408Z,2018,9,20,66.018500,22.144100,-8.0,0,9.0,1,coast_uncertain
2018-09-20T12:41:34.841094Z,2018,9,20,66.064500,22.221100,9.0,0,17.8,1,coast_uncertain
2018-09-20T12:41:34.857857Z,2018,9,20,66.065200,22.239500,7.0,0,30.2,1,coast_uncertain
2018-09-20T12:42:46.265902Z,2018,9,20,66.072100,22.248100,7.0,0,3.2,1,coast_uncertain
2018-09-20T12:42:46.266603Z,2018,9,20,66.086900,22.226500,17.0,0,29.6,1,coast_uncertain
2018-09-20T12:42:46.287523Z,2018,9,20,66.077600,22.265100,5.0,0,8.6,1,coast_uncertain
2018-09-20T12:43:54.788488Z,2018,9,20,66.036800,22.113500,8.0,0,28.0,1,coast_uncertain
2018-09-20T12:43:54.803425Z,2018,9,20,66.055500,22.363800,6.0,0,14.4,1,mainland
2018-09-20T12:46:15.704049Z,2018,9,20,66.076100,22.278000,14.0,0,9.8,1,coast_uncertain
2018-09-20T12:48:01.297774Z,2018,9,20,66.088400,22.330100,7.0,0,8.4,1,coast_uncertain
2018-09-20T12:48:01.298053Z,2018,9,20,66.093200,22.317700,11.0,0,8.4,1,mainland
2018-09-20T12:50:08.768553Z,2018,9,20,66.099500,22.315300,7.0,0,2.4,1,coast_uncertain
2018-09-20T12:50:08.768874Z,2018,9,20,66.103100,22.270800,11.0,0,17.8,1,mainland
2018-09-20T12:50:08.769795Z,2018,9,20,66.081800,22.400800,8.0,0,10.8,1,mainland
2018-09-20T12:50:13.568215Z,2018,9,20,65.390000,22.962900,-4.0,0,5.4,1,sea
2018-09-20T12:52:59.363612Z,2018,9,20,66.112300,22.363700,7.0,0,4.2,1,coast_uncertain
2018-09-20T12:55:55.384849Z,2018,9,20,66.081300,22.376100,9.0,0,12.4,1,mainland
2018-09-20T13:58:02.405713Z,2018,9,20,66.212000,22.103000,6.0,0,2.2,1,mainland
