datetime_utc,year,month,day,lat,lon,current_ka,multiplicity,chi_square,cloud_indicator,surface_class
2019-03-29T10:02:24.913610Z,2019,3,29,66.134300,22.216200,5.0,0,6.0,1,coast_uncertain
2019-05-08T14:59:20.662004Z,2019,5,8,65.909100,22.065800,-8.0,0,4.6,1,mainland
2019-05-08T15:02:24.179738Z,2019,5,8,65.741500,22.342300,6.0,0,3.0,1,coast_uncertain
2019-05-08T15:02:24.230473Z,2019,5,8,65.893600,22.050600,23.0,0,12.0,1,coast_uncertain
2019-05-08T15:02:24.442084Z,2019,5,8,65.885800,22.168700,-20.0,0,5.6,1,mainland
2019-05-08T15:11:02.774018Z,2019,5,8,65.931000,22.208400,51.0,0,13.0,1,mainland
2019-05-08T15:11:02.814102Z,2019,5,8,65.940000,22.148400,13.0,0,7.0,1,coast_uncertain
2019-05-08T15:17:30.505123Z,2019,5,8,65.980700,22.190000,7.0,0,25.8,1,coast_uncertain
2019-05-08T15:17:30.554021Z,2019,5,8,65.962500,22.258000,40.0,0,10.2,1,coast_uncertain
2019-05-08T15:19:23.142079Z,2019,5,8,65.988700,22.148600,14.0,0,7.6,1,coast_uncertain
2019-05-08T15:24:16.756138Z,2019,5,8,65.924000,22.372200,6.0,0,4.6,1,mainland
2019-05-08T15:24:16.824939Z,2019,5,8,65.985000,22.182700,23.0,0,9.8,1,coast_uncertain
2019-05-08T15:26:05.123230Z,2019,5,8,66.023900,22.184300,33.0,0,30.2,1,mainland
2019-05-08T15:30:17.900065Z,2019,5,8,66.040100,22.256400,33.0,0,15.8,1,mainland
2019-05-12T04:27:41.068524Z,2019,5,12,65.555800,22.131600,12.0,0,8.4,1,coast_uncertain
2019-05-12T04:27:41.069960Z,2019,5,12,65.554300,22.121800,7.0,0,3.8,1,mainland
2019-05-12T04:27:41.087912Z,2019,5,12,65.565900,22.113700,5.0,0,2.4,1,coast_uncertain
2019-05-12T04:49:30.991284Z,2019,5,12,65.905400,22.127500,8.0,0,5.8,1,coast_uncertain
2019-05-12T04:49:31.066412Z,2019,5,12,65.917200,22.262400,-11.0,0,5.8,1,coast_uncertain
2019-05-12T04:51:58.888561Z,2019,5,12,65.897600,22.236900,-16.0,0,6.6,1,mainland
2019-05-12T04:54:12.152387Z,2019,5,12,65.895100,22.168600,-8.0,0,12.4,1,mainland
2019-05-12T04:54:12.156908Z,2019,5,12,65.906800,22.052200,-21.0,0,7.0,1,mainland
2019-05-12T04:58:34.329963Z,2019,5,12,65.964500,21.979900,-7.0,0,13.0,1,mainland
2019-05-12T05:01:29.114651Z,2019,5,12,65.782900,22.166700,6.0,0,4.4,1,mainland
2019-05-12T05:01:29.898254Z,2019,5,12,65.698500,22.066000,32.0,0,8.2,1,mainland
2019-05-12T05:15:56.745624Z,2019,5,12,65.694000,22.050600,-9.0,0,16.0,1,mainland
2019-05-27T14:08:19.116387Z,2019,5,27,65.713300,22.363700,-6.0,0,2.6,1,sea
2019-05-27T14:10:20.641042Z,2019,5,27,65.929200,22.016800,-8.0,0,4.0,1,mainland
2019-05-27T14:10:20.667420Z,2019,5,27,65.928000,22.016800,-10.0,0,6.8,1,mainland
2019-05-27T14:10:20.756967Z,2019,5,27,66.056300,22.035400,-9.0,0,5.8,1,coast_uncertain
2019-05-27T14:13:17.405364Z,2019,5,27,65.927500,22.041700,7.0,0,4.2,1,mainland
2019-05-27T14:13:17.426079Z,2019,5,27,65.929300,22.003100,6.0,0,9.6,1,mainland
2019-06-06T05:10:51.817390Z,2019,6,6,65.748600,22.338100,7.0,0,19.0,1,coast_uncertain
2019-06-07T11:06:21.020513Z,2019,6,7,65.583500,22.017200,6.0,0,2.2,1,mainland
2019-06-07T11:10:36.296705Z,2019,6,7,65.590800,21.896200,6.0,0,1.8,1,mainland
2019-06-07T12:14:44.225609Z,2019,6,7,65.652600,21.531800,-5.0,0,2.6,1,mainland
2019-06-07T12:18:13.823328Z,2019,6,7,65.650100,21.590100,-5.0,0,3.2,1,coast_uncertain
2019-06-07T12:33:25.854249Z,2019,6,7,65.673200,21.756200,7.0,0,2.2,1,mainland
2019-06-07T13:51:52.556493Z,2019,6,7,65.669200,22.017600,5.0,0,1.6,1,mainland
2019-06-07T14:07:49.618375Z,2019,6,7,65.788200,22.035400,-7.0,0,16.4,1,coast_uncertain
2019-06-07T14:14:08.046729Z,2019,6,7,65.662300,22.240400,5.0,0,2.2,1,coast_uncertain
2019-06-07T23:44:02.592688Z,2019,6,7,65.233100,22.471500,6.0,0,6.2,1,sea
2019-06-07T23:45:51.641118Z,2019,6,7,65.246900,22.488000,15.0,0,7.2,1,sea
2019-06-07T23:45:51.641633Z,2019,6,7,65.192300,22.610600,16.0,0,11.0,1,sea
2019-06-07T23:52:26.660928Z,2019,6,7,65.281000,22.536400,5.0,0,6.4,1,sea
2019-06-07T23:52:26.671508Z,2019,6,7,65.285800,22.578300,6.0,0,7.6,1,sea
2019-06-08T11:31:31.257598Z,2019,6,8,66.152800,22.235200,5.0,0,6.6,1,coast_uncertain
2019-06-08T11:32:48.674181Z,2019,6,8,66.180200,22.112000,7.0,0,3.6,1,mainland
2019-06-09T05:51:58.195683Z,2019,6,9,65.133900,22.886900,6.0,0,12.2,1,sea
2019-06-09T05:55:35.868652Z,2019,6,9,65.136900,22.928000,-3.0,0,3.8,1,sea
2019-06-09T06:01:02.815042Z,2019,6,9,65.118900,22.854000,4.0,0,12.0,1,sea
2019-06-09T06:02:28.132369Z,2019,6,9,65.176100,22.951200,4.0,0,2.6,1,sea
2019-06-09T06:02:28.132808Z,2019,6,9,65.124900,22.660900,5.0,0,7.8,1,sea
2019-06-09T06:02:28.133141Z,2019,6,9,65.172400,22.982300,7.0,0,8.2,1,sea
2019-06-09T06:05:49.475951Z,2019,6,9,65.232200,22.982500,-17.0,0,6.4,1,sea
2019-06-09T06:05:49.477378Z,2019,6,9,65.195100,22.990500,-5.0,0,26.4,1,sea
2019-06-09T06:05:49.513810Z,2019,6,9,65.241600,22.965900,-12.0,0,9.0,1,sea
2019-06-09T06:05:49.669208Z,2019,6,9,65.257400,22.974300,-8.0,0,4.0,1,sea
2019-06-09T06:06:55.767250Z,2019,6,9,65.195000,22.964500,4.0,0,7.6,1,sea
2019-06-09T06:09:03.161112Z,2019,6,9,65.204300,22.975500,-10.0,0,5.8,1,sea
2019-06-09T06:09:03.356802Z,2019,6,9,65.203600,22.973600,-6.0,0,1.6,1,sea
2019-06-09T06:10:11.988360Z,2019,6,9,65.234000,23.001400,-12.0,0,4.8,1,sea
2019-06-09T06:10:12.012796Z,2019,6,9,65.234800,23.003300,-4.0,0,1.6,1,sea
2019-06-09T06:11:49.245166Z,2019,6,9,65.241600,22.986100,12.0,0,11.8,1,sea
2019-06-09T06:11:49.246508Z,2019,6,9,65.235300,22.997700,5.0,0,2.8,1,sea
2019-06-09T06:11:49.277197Z,2019,6,9,65.226800,22.984600,4.0,0,15.2,1,sea
2019-06-09T06:11:49.537700Z,2019,6,9,65.222400,22.899600,4.0,0,2.6,1,sea
2019-06-09T06:13:28.757973Z,2019,6,9,65.236900,22.995200,7.0,0,24.6,1,sea
2019-06-09T06:15:38.274297Z,2019,6,9,65.241500,23.038300,4.0,0,5.6,1,sea
2019-06-09T06:17:31.957028Z,2019,6,9,65.307400,23.024000,-12.0,0,2.2,1,sea
2019-06-09T06:18:39.011350Z,2019,6,9,65.241600,22.996100,-4.0,0,8.2,1,sea
2019-06-09T06:18:39.469552Z,2019,6,9,65.300000,23.019700,-10.0,0,3.2,1,sea
2019-06-09T06:19:18.731031Z,2019,6,9,65.299100,23.039200,-8.0,0,3.0,1,sea
2019-06-09T06:19:51.071230Z,2019,6,9,65.304800,23.018300,-6.0,0,3.4,1,sea
2019-06-09T06:19:51.138700Z,2019,6,9,65.342700,22.989500,-8.0,0,3.0,1,sea
2019-06-09T06:19:51.213625Z,2019,6,9,65.307400,22.979800,-6.0,0,2.2,1,sea
2019-06-09T06:19:51.281404Z,2019,6,9,65.307400,22.979400,-3.0,0,1.4,1,sea
2019-06-09T06:19:51.304697Z,2019,6,9,65.306600,22.978400,-6.0,0,3.2,1,sea
2019-06-09T06:19:51.359149Z,2019,6,9,65.309400,22.981200,-19.0,0,5.6,1,sea
2019-06-09T06:20:31.551683Z,2019,6,9,65.264500,23.032600,-12.0,0,6.8,1,sea
2019-06-09T06:20:31.591416Z,2019,6,9,65.278600,23.055400,-16.0,0,6.0,1,sea
2019-06-09T06:25:57.039347Z,2019,6,9,65.334000,23.081300,-7.0,0,14.6,1,sea
2019-06-09T06:25:57.120143Z,2019,6,9,65.293300,23.067700,-4.0,0,1.6,1,sea
2019-06-09T06:25:57.123586Z,2019,6,9,65.320700,23.043800,-5.0,0,1.6,1,sea
2019-06-09T06:27:23.722276Z,2019,6,9,65.306100,23.121200,-18.0,0,10.8,1,sea
2019-06-09T06:28:43.667410Z,2019,6,9,65.330500,23.096000,-10.0,0,3.8,1,sea
2019-06-09T06:28:43.714748Z,2019,6,9,65.340100,23.069300,-13.0,0,5.4,1,sea
2019-06-09T06:28:43.787059Z,2019,6,9,65.341900,23.058800,-11.0,0,4.6,1,sea
2019-06-09T06:28:43.819485Z,2019,6,9,65.331800,23.057300,-8.0,0,17.6,1,sea
2019-06-09T06:30:09.434353Z,2019,6,9,65.166700,22.966000,5.0,0,2.2,1,sea
2019-06-09T06:31:23.348594Z,2019,6,9,65.325600,23.024600,5.0,0,2.0,1,sea
2019-06-09T06:31:23.349000Z,2019,6,9,65.342800,22.902400,5.0,0,4.6,1,sea
2019-06-09T06:31:23.351058Z,2019,6,9,65.289800,22.997900,8.0,0,6.4,1,sea
2019-06-09T06:31:23.352996Z,2019,6,9,65.308800,23.032200,4.0,0,7.8,1,sea
2019-06-09T06:31:23.354326Z,2019,6,9,65.321000,23.109200,8.0,0,30.2,1,sea
2019-06-09T06:31:23.355418Z,2019,6,9,65.307900,23.102300,5.0,0,2.2,1,sea
2019-06-09T06:33:23.249509Z,2019,6,9,65.334700,23.096400,-8.0,0,11.6,1,sea
2019-06-09T06:36:35.092975Z,2019,6,9,65.348000,23.061900,3.0,0,5.6,1,sea
2019-06-09T06:50:05.341762Z,2019,6,9,65.408500,23.002800,8.0,0,2.8,1,sea
2019-06-09T07:05:14.611931Z,2019,6,9,65.425900,22.866600,4.0,0,2.0,1,sea
2019-06-09T07:13:44.276822Z,2019,6,9,65.475600,22.877100,-5.0,0,9.4,1,sea
2019-06-09T07:37:23.816649Z,2019,6,9,65.274400,22.981800,-7.0,0,2.2,1,sea
2019-06-09T07:37:23.817399Z,2019,6,9,65.257200,22.982400,-4.0,0,2.0,1,sea
2019-06-09T07:42:43.959834Z,2019,6,9,65.299800,22.985000,-7.0,0,2.6,1,sea
2019-06-09T07:46:08.254340Z,2019,6,9,65.538600,22.531400,-5.0,0,21.4,1,sea
2019-06-09T07:46:08.263399Z,2019,6,9,65.300500,22.957400,-12.0,0,3.0,1,sea
2019-06-09T07:46:08.275869Z,2019,6,9,65.297000,22.942800,-6.0,0,13.4,1,sea
2019-06-09T07:46:08.284390Z,2019,6,9,65.309300,22.964700,-5.0,0,2.0,1,sea
2019-06-09T07:50:20.527698Z,2019,6,9,65.328400,23.030200,-22.0,0,7.2,1,sea
2019-06-09T07:51:55.793995Z,2019,6,9,65.330600,23.020700,-8.0,0,2.6,1,sea
2019-06-09T07:51:55.804523Z,2019,6,9,65.328800,23.024300,-24.0,0,5.4,1,sea
2019-06-09T07:53:10.407263Z,2019,6,9,65.340600,23.027500,-19.0,0,6.0,1,sea
2019-06-09T07:53:10.423344Z,2019,6,9,65.336500,23.033300,-11.0,0,3.2,1,sea
2019-06-09T07:53:10.455541Z,2019,6,9,65.328700,22.988500,-10.0,0,3.6,1,sea
2019-06-09T07:53:10.531094Z,2019,6,9,65.320300,23.026800,-10.0,0,3.8,1,sea
2019-06-09T07:54:43.699806Z,2019,6,9,65.347800,23.011400,-22.0,0,5.0,1,sea
2019-06-09T07:56:02.011310Z,2019,6,9,65.351400,23.046700,-18.0,0,8.2,1,sea
2019-06-09T07:56:02.026875Z,2019,6,9,65.357400,23.027000,-10.0,0,2.8,1,sea
2019-06-09T08:08:22.395965Z,2019,6,9,65.296400,22.884700,-18.0,0,5.2,1,sea
2019-06-09T08:08:22.398749Z,2019,6,9,65.299400,22.863400,-56.0,0,11.0,1,sea
2019-06-09T08:08:22.413624Z,2019,6,9,65.296700,22.881900,-18.0,0,3.8,1,sea
2019-06-09T08:08:22.414427Z,2019,6,9,65.302700,22.850300,-9.0,0,25.0,1,sea
2019-06-09T08:08:22.445330Z,2019,6,9,65.260800,22.989900,5.0,0,19.6,1,sea
2019-06-09T08:11:22.553217Z,2019,6,9,65.304900,22.910800,36.0,0,17.4,1,sea
2019-06-09T08:11:22.554063Z,2019,6,9,65.301300,22.890600,23.0,0,19.4,1,sea
2019-06-09T08:11:22.555112Z,2019,6,9,65.301100,22.886900,9.0,0,22.0,1,sea
2019-06-09T08:11:22.576060Z,2019,6,9,65.307700,22.882100,5.0,0,12.6,1,sea
2019-06-09T08:11:22.678062Z,2019,6,9,65.299300,22.691500,-14.0,0,3.2,1,sea
2019-06-09T08:20:44.493703Z,2019,6,9,65.358300,22.895600,7.0,0,30.2,1,sea
2019-06-09T08:20:44.509137Z,2019,6,9,65.358700,22.935500,4.0,0,1.4,1,sea
2019-06-09T17:32:03.496742Z,2019,6,9,65.413300,22.309700,-4.0,0,11.0,1,sea
2019-06-17T17:01:19.036385Z,2019,6,17,65.188000,22.438600,12.0,0,15.4,1,sea
2019-06-18T10:45:03.461000Z,2019,6,18,65.890900,22.356700,6.0,0,2.4,1,coast_uncertain
2019-06-18T11:18:17.173059Z,2019,6,18,66.184300,22.063300,7.0,0,6.6,1,coast_uncertain
2019-06-18T11:26:02.283857Z,2019,6,18,66.187600,22.090900,8.0,0,2.8,1,mainland
2019-06-18T11:26:50.828563Z,2019,6,18,66.174600,22.209200,-11.0,0,5.2,1,mainland
2019-06-18T11:29:21.622447Z,2019,6,18,66.212700,22.100700,5.0,0,15.6,1,mainland
2019-06-18T11:30:55.647671Z,2019,6,18,66.199500,22.062300,6.0,0,22.6,1,mainland
2019-06-18T11:31:08.799605Z,2019,6,18,66.206800,22.082500,4.0,0,14.4,1,mainland
2019-06-18T11:33:05.815509Z,2019,6,18,66.227300,22.061600,-25.0,0,10.4,1,mainland
2019-06-18T11:33:05.888921Z,2019,6,18,66.224000,22.146400,9.0,0,15.4,1,mainland
2019-06-18T11:35:13.733339Z,2019,6,18,66.213200,22.206500,-8.0,0,11.8,1,mainland
2019-06-18T11:35:13.775209Z,2019,6,18,66.233000,22.136000,-12.0,0,7.2,1,mainland
2019-06-18T11:36:07.946475Z,2019,6,18,66.219100,22.148700,11.0,0,8.4,1,mainland
2019-06-18T11:36:07.949269Z,2019,6,18,66.036900,22.405500,6.0,0,23.0,1,coast_uncertain
2019-06-18T11:38:35.306566Z,2019,6,18,66.230800,22.147700,9.0,0,22.4,1,mainland
2019-06-18T12:09:22.129669Z,2019,6,18,66.014900,22.259200,6.0,0,2.4,1,mainland
2019-06-18T12:28:58.803227Z,2019,6,18,66.090800,22.339600,6.0,0,3.0,1,coast_uncertain
2019-06-18T13:44:35.284069Z,2019,6,18,65.539600,21.735600,17.0,0,2.0,1,mainland
2019-06-18T13:53:30.631753Z,2019,6,18,65.794500,21.925300,16.0,0,26.8,1,coast_uncertain
2019-06-18T13:57:10.662554Z,2019,6,18,65.733800,21.982500,-7.0,0,5.6,1,mainland
2019-06-18T13:57:10.676090Z,2019,6,18,65.719800,22.005100,-7.0,0,4.6,1,mainland
2019-06-18T13:57:10.718874Z,2019,6,18,65.462600,22.506500,-5.0,0,3.0,1,sea
2019-06-18T13:57:10.752381Z,2019,6,18,65.721200,21.998100,-9.0,0,3.8,1,mainland
2019-06-18T13:57:10.800765Z,2019,6,18,65.721700,21.999300,-8.0,0,2.8,1,mainland
2019-06-18T13:57:10.932588Z,2019,6,18,65.720400,22.000800,-14.0,0,4.2,1,mainland
2019-06-18T13:58:15.316368Z,2019,6,18,65.737600,22.010000,-8.0,0,5.4,1,coast_uncertain
2019-06-18T13:58:15.359811Z,2019,6,18,65.728000,22.032400,-5.0,0,3.4,1,mainland
2019-06-18T13:58:15.439178Z,2019,6,18,65.742400,22.021400,-8.0,0,3.8,1,mainland
2019-06-18T13:58:15.495343Z,2019,6,18,65.734700,22.027400,-5.0,0,8.0,1,mainland
2019-06-18T13:59:42.982952Z,2019,6,18,65.741300,22.040700,-8.0,0,4.8,1,mainland
2019-06-18T13:59:43.000191Z,2019,6,18,65.736500,22.026900,-6.0,0,2.2,1,mainland
2019-06-18T13:59:43.026978Z,2019,6,18,65.738200,22.020300,-8.0,0,3.2,1,coast_uncertain
2019-06-18T13:59:43.046888Z,2019,6,18,65.738900,22.022300,-5.0,0,2.8,1,mainland
2019-06-18T13:59:43.073293Z,2019,6,18,65.739300,22.018500,-9.0,0,3.2,1,coast_uncertain
2019-06-18T14:01:09.659290Z,2019,6,18,65.752400,22.091400,6.0,0,2.6,1,mainland
2019-06-18T14:02:47.942392Z,2019,6,18,65.588400,22.457900,5.0,0,12.0,1,sea
2019-06-18T14:02:47.943009Z,2019,6,18,65.580500,22.468300,5.0,0,16.6,1,sea
2019-06-18T14:02:47.950223Z,2019,6,18,65.568300,22.493800,5.0,0,5.8,1,sea
2019-06-18T14:04:49.047265Z,2019,6,18,66.009100,22.248000,5.0,0,1.8,1,mainland
2019-06-18T14:06:33.659638Z,2019,6,18,65.632900,22.435600,5.0,0,3.4,1,sea
2019-06-18T14:08:36.203797Z,2019,6,18,65.787300,22.185800,19.0,0,17.0,1,mainland
2019-06-18T14:08:36.204488Z,2019,6,18,65.784400,22.195100,11.0,0,7.4,1,coast_uncertain
2019-06-18T14:08:36.205211Z,2019,6,18,65.647400,22.461100,5.0,0,5.0,1,sea
2019-06-18T14:08:36.211638Z,2019,6,18,65.632800,22.430200,6.0,0,9.6,1,coast_uncertain
2019-06-18T14:08:36.215844Z,2019,6,18,65.784900,22.200800,7.0,0,11.0,1,coast_uncertain
2019-06-18T14:08:57.317400Z,2019,6,18,65.775200,22.233200,-10.0,0,4.0,1,coast_uncertain
2019-06-18T14:09:48.159386Z,2019,6,18,65.524300,22.683300,5.0,0,8.6,1,coast_uncertain
2019-06-18T14:09:48.160272Z,2019,6,18,65.548300,22.647200,5.0,0,2.2,1,coast_uncertain
2019-06-18T14:10:16.564560Z,2019,6,18,65.794900,22.203400,-23.0,0,7.0,1,coast_uncertain
2019-06-18T14:10:16.588358Z,2019,6,18,65.795700,22.223100,-10.0,0,6.0,1,mainland
2019-06-18T14:10:16.606875Z,2019,6,18,65.783100,22.231700,-6.0,0,3.4,1,mainland
2019-06-18T14:11:15.745055Z,2019,6,18,65.800300,22.220800,-46.0,0,30.2,1,mainland
2019-06-18T14:11:15.751552Z,2019,6,18,65.734200,22.371500,-13.0,0,14.6,1,coast_uncertain
2019-06-18T14:11:15.765800Z,2019,6,18,65.801500,22.223400,-18.0,0,10.2,1,coast_uncertain
2019-06-18T14:11:15.789387Z,2019,6,18,65.809000,22.222600,-9.0,0,4.6,1,coast_uncertain
2019-06-18T14:12:43.702765Z,2019,6,18,65.799400,22.232200,-45.0,0,7.8,1,mainland
2019-06-18T14:12:43.713231Z,2019,6,18,65.800400,22.246000,-6.0,0,6.4,1,mainland
2019-06-18T14:12:43.714160Z,2019,6,18,65.797300,22.244100,-6.0,0,6.2,1,mainland
2019-06-18T14:13:49.921729Z,2019,6,18,65.328200,22.217400,8.0,0,23.0,1,sea
2019-06-18T14:13:49.922222Z,2019,6,18,65.326700,22.231100,15.0,0,9.0,1,sea
2019-06-18T14:13:50.017895Z,2019,6,18,65.294400,22.187900,-9.0,0,2.8,1,sea
2019-06-18T14:13:50.018683Z,2019,6,18,65.306300,22.143800,-6.0,0,1.6,1,sea
2019-06-18T14:15:49.099832Z,2019,6,18,65.841800,22.322500,5.0,0,4.8,1,coast_uncertain
2019-06-18T14:19:20.649673Z,2019,6,18,65.832600,22.341400,9.0,0,8.2,1,coast_uncertain
2019-06-18T14:19:20.656962Z,2019,6,18,65.546800,22.834000,4.0,0,2.0,1,sea
2019-06-18T14:19:20.703553Z,2019,6,18,65.388800,23.015800,-3.0,0,4.0,1,sea
2019-06-18T14:26:37.115806Z,2019,6,18,65.285800,22.442800,-15.0,0,3.2,1,sea
2019-06-18T14:32:57.089612Z,2019,6,18,65.383000,22.596100,7.0,0,7.4,1,sea
2019-06-18T14:32:57.090208Z,2019,6,18,65.505200,22.354100,5.0,0,9.6,1,coast_uncertain
2019-06-18T14:32:57.094269Z,2019,6,18,65.552400,22.161800,-5.0,0,4.2,1,coast_uncertain
2019-06-18T14:33:35.820448Z,2019,6,18,65.601500,21.932300,7.0,0,5.0,1,mainland
2019-06-18T14:33:35.821260Z,2019,6,18,65.673200,21.776600,5.0,0,1.6,1,mainland
2019-06-18T14:37:29.193655Z,2019,6,18,65.397700,22.671800,5.0,0,8.8,1,sea
2019-06-18T14:39:25.311809Z,2019,6,18,65.340900,22.821900,4.0,0,3.2,1,sea
2019-06-18T14:41:26.201097Z,2019,6,18,65.864900,22.339700,5.0,0,18.0,1,coast_uncertain
2019-06-18T14:41:41.823589Z,2019,6,18,66.031700,22.007900,6.0,0,7.8,1,coast_uncertain
2019-06-18T14:41:44.673713Z,2019,6,18,65.391400,22.750600,6.0,0,3.6,1,sea
2019-06-18T14:41:44.674441Z,2019,6,18,65.417600,22.726400,7.0,0,23.6,1,sea
2019-06-18T14:41:44.679751Z,2019,6,18,65.430900,22.734300,12.0,0,8.2,1,sea
2019-06-18T14:41:59.088725Z,2019,6,18,65.980700,22.034900,-7.0,0,4.4,1,coast_uncertain
2019-06-18T14:43:18.073548Z,2019,6,18,65.436100,22.771200,10.0,0,10.2,1,sea
2019-06-18T14:43:18.077006Z,2019,6,18,65.448200,22.763600,7.0,0,3.6,1,sea
2019-06-18T14:44:32.174594Z,2019,6,18,65.994000,22.169400,9.0,0,11.4,1,coast_uncertain
2019-06-18T14:47:47.521991Z,2019,6,18,65.449700,22.809500,5.0,0,3.4,1,sea
2019-06-18T14:47:47.525956Z,2019,6,18,65.439800,22.824300,4.0,0,1.6,1,sea
2019-06-18T14:47:47.542716Z,2019,6,18,65.445900,22.825100,5.0,0,4.6,1,sea
2019-06-18T14:47:47.683298Z,2019,6,18,65.399100,22.896800,-18.0,0,6.4,1,sea
2019-06-18T14:52:58.140626Z,2019,6,18,65.419400,22.810300,23.0,0,30.2,1,sea
2019-06-18T14:52:58.142953Z,2019,6,18,65.413300,22.821100,6.0,0,15.0,1,sea
2019-06-18T14:52:58.233648Z,2019,6,18,65.370200,22.777200,-34.0,0,3.8,1,sea
2019-06-18T14:57:39.055825Z,2019,6,18,66.155900,22.148000,13.0,0,8.2,1,mainland
2019-06-18T14:59:24.508641Z,2019,6,18,65.457500,22.787200,5.0,0,6.6,1,sea
2019-06-18T14:59:24.520653Z,2019,6,18,65.434600,22.909800,8.0,0,10.8,1,sea
2019-06-18T15:11:10.460544Z,2019,6,18,66.063200,22.386900,6.0,0,3.4,1,coast_uncertain
2019-06-18T15:52:18.056398Z,2019,6,18,65.274500,22.877900,6.0,0,22.0,1,sea
2019-06-18T15:52:18.136631Z,2019,6,18,65.267000,22.762100,-15.0,0,3.2,1,sea
2019-06-21T14:58:28.280866Z,2019,6,21,65.652100,21.999600,10.0,0,5.8,1,mainland
2019-06-21T15:09:34.762395Z,2019,6,21,65.507100,21.711600,9.0,0,4.6,1,mainland
2019-06-21T15:17:09.489280Z,2019,6,21,65.620100,21.639400,7.0,0,3.6,1,mainland
2019-06-21T15:17:09.785674Z,2019,6,21,65.536100,21.710800,-5.0,0,5.0,1,mainland
2019-06-21T15:47:11.050536Z,2019,6,21,65.650800,21.429100,-9.0,0,7.0,1,coast_uncertain
2019-06-21T15:47:11.052148Z,2019,6,21,65.675000,21.451400,-8.0,0,10.0,1,coast_uncertain
2019-06-21T15:48:29.329231Z,2019,6,21,65.679100,21.392500,-8.0,0,4.0,1,mainland
2019-06-21T15:48:29.343612Z,2019,6,21,65.680500,21.408800,-9.0,0,5.8,1,mainland
2019-06-21T15:49:59.125267Z,2019,6,21,65.670400,21.419700,-6.0,0,1.4,1,mainland
2019-06-21T15:54:23.061019Z,2019,6,21,65.582400,21.818400,5.0,0,1.4,1,mainland
2019-06-21T15:54:23.340356Z,2019,6,21,65.593500,21.745300,6.0,0,5.4,1,coast_uncertain
2019-06-21T15:56:34.359074Z,2019,6,21,65.675300,21.419600,7.0,0,21.0,1,mainland
2019-06-21T15:56:34.385088Z,2019,6,21,65.564100,21.815500,5.0,0,3.8,1,mainland
2019-06-21T15:58:32.402500Z,2019,6,21,65.659900,21.438900,6.0,0,4.0,1,mainland
2019-06-21T15:58:32.407496Z,2019,6,21,65.364000,22.189000,4.0,0,4.8,1,sea
2019-06-21T15:58:32.416691Z,2019,6,21,65.433900,22.002400,5.0,0,4.2,1,coast_uncertain
2019-06-21T15:58:32.613505Z,2019,6,21,65.631000,21.559000,-7.0,0,6.6,1,mainland
2019-06-21T15:58:48.413755Z,2019,6,21,65.606400,21.987100,6.0,0,1.4,1,coast_uncertain
2019-06-21T16:01:09.628666Z,2019,6,21,65.513900,21.942400,5.0,0,4.0,1,coast_uncertain
2019-06-21T16:02:27.749178Z,2019,6,21,65.433400,22.212200,6.0,0,2.2,1,coast_uncertain
2019-06-21T16:15:43.785255Z,2019,6,21,65.683300,21.880800,10.0,0,17.6,1,mainland
2019-06-21T16:15:43.786157Z,2019,6,21,65.664700,21.927600,5.0,0,12.8,1,coast_uncertain
2019-06-21T16:15:43.788824Z,2019,6,21,65.665500,21.895300,7.0,0,8.8,1,coast_uncertain
2019-06-21T16:15:43.867736Z,2019,6,21,65.698900,21.884400,-20.0,0,9.6,1,mainland
2019-06-21T16:15:43.889029Z,2019,6,21,65.522400,22.262000,5.0,0,4.6,1,coast_uncertain
2019-06-21T16:15:43.987591Z,2019,6,21,65.665100,21.703200,-7.0,0,4.4,1,mainland
2019-06-21T16:21:16.685154Z,2019,6,21,65.545800,22.286200,-5.0,0,2.0,1,coast_uncertain
2019-06-21T16:25:37.426330Z,2019,6,21,65.796700,21.908500,-5.0,0,6.0,1,coast_uncertain
2019-06-21T16:26:37.144791Z,2019,6,21,65.781000,21.938500,-6.0,0,5.6,1,coast_uncertain
2019-06-21T16:27:38.253496Z,2019,6,21,65.786500,21.943400,-10.0,0,7.2,1,coast_uncertain
2019-06-21T16:27:38.293214Z,2019,6,21,65.788000,21.943500,-10.0,0,7.2,1,mainland
2019-06-21T16:27:38.366371Z,2019,6,21,65.787900,21.944800,-14.0,0,8.0,1,mainland
2019-06-21T16:27:38.388606Z,2019,6,21,65.784600,21.953900,-9.0,0,3.8,1,coast_uncertain
2019-06-21T16:27:38.418479Z,2019,6,21,65.788600,21.948000,-15.0,0,5.4,1,mainland
2019-06-21T16:27:38.458154Z,2019,6,21,65.788200,21.948400,-17.0,0,6.2,1,mainland
2019-06-21T16:27:38.492169Z,2019,6,21,65.786900,21.953100,-12.0,0,4.2,1,mainland
2019-06-21T16:27:38.532346Z,2019,6,21,65.786700,21.948400,-8.0,0,4.6,1,mainland
2019-06-21T16:27:38.591204Z,2019,6,21,65.787800,21.948200,-7.0,0,3.6,1,mainland
2019-06-21T16:27:38.694255Z,2019,6,21,65.788700,21.949100,-6.0,0,3.2,1,mainland
2019-06-21T16:29:09.585036Z,2019,6,21,65.781500,21.966400,8.0,0,10.2,1,mainland
2019-06-21T16:29:09.585265Z,2019,6,21,65.801600,21.919100,8.0,0,3.4,1,coast_uncertain
2019-06-21T16:32:02.112522Z,2019,6,21,65.792900,21.971800,18.0,0,16.6,1,mainland
2019-06-21T16:35:33.799837Z,2019,6,21,65.787400,21.981000,-54.0,0,17.8,1,mainland
2019-06-21T16:35:33.817146Z,2019,6,21,65.791700,21.985000,-6.0,0,4.6,1,mainland
2019-06-21T16:35:33.822637Z,2019,6,21,65.793300,22.005700,-11.0,0,7.0,1,mainland
2019-06-21T16:42:49.303178Z,2019,6,21,65.178200,22.333900,4.0,0,3.2,1,sea
2019-06-21T16:42:49.318712Z,2019,6,21,65.486800,21.720400,-6.0,0,2.2,1,coast_uncertain
2019-06-21T16:51:51.082344Z,2019,6,21,65.284900,22.127700,5.0,0,2.0,1,sea
2019-06-21T16:53:25.116235Z,2019,6,21,65.343100,21.994100,4.0,0,1.2,1,sea
2019-06-21T17:00:34.682704Z,2019,6,21,65.468100,21.784400,8.0,0,5.2,1,coast_uncertain
2019-06-21T17:00:34.685363Z,2019,6,21,65.570800,21.567700,14.0,0,12.6,1,mainland
2019-06-21T17:06:38.954046Z,2019,6,21,65.528700,21.649000,23.0,0,21.2,1,coast_uncertain
2019-06-21T17:06:38.954428Z,2019,6,21,65.533900,21.696200,10.0,0,23.0,1,mainland
2019-06-21T17:06:38.955796Z,2019,6,21,65.548300,21.713000,8.0,0,5.6,1,mainland
2019-06-21T17:06:38.962362Z,2019,6,21,65.568100,21.609800,-6.0,0,3.8,1,mainland
2019-06-21T17:09:19.503894Z,2019,6,21,65.527800,21.669500,5.0,0,5.6,1,coast_uncertain
2019-06-21T17:09:19.512139Z,2019,6,21,65.542100,21.692700,6.0,0,2.8,1,mainland
2019-06-21T17:10:58.194626Z,2019,6,21,65.211300,22.449300,5.0,0,2.8,1,sea
2019-06-21T17:19:03.038518Z,2019,6,21,65.539700,21.775800,7.0,0,6.0,1,mainland
2019-06-21T18:20:37.805678Z,2019,6,21,65.212900,22.233400,-4.0,0,3.2,1,sea
2019-06-21T18:28:45.382921Z,2019,6,21,65.477500,21.791500,5.0,0,2.4,1,mainland
2019-06-21T18:30:37.696092Z,2019,6,21,65.220100,22.411800,4.0,0,1.4,1,sea
2019-06-21T18:31:04.520910Z,2019,6,21,65.183800,22.297500,4.0,0,2.4,1,sea
2019-06-21T18:31:44.491281Z,2019,6,21,65.480800,21.735900,7.0,0,3.4,1,mainland
2019-06-21T18:32:45.467019Z,2019,6,21,65.438200,21.903000,6.0,0,10.6,1,coast_uncertain
2019-06-21T18:34:57.915736Z,2019,6,21,65.465700,21.818800,-33.0,0,15.4,1,coast_uncertain
2019-06-21T18:34:57.916930Z,2019,6,21,65.480800,21.762300,-8.0,0,6.6,1,mainland
2019-06-21T18:36:09.549015Z,2019,6,21,65.476700,21.786700,12.0,0,14.0,1,mainland
2019-06-21T18:36:09.550011Z,2019,6,21,65.305100,22.205800,6.0,0,1.2,1,sea
2019-06-21T18:36:09.623546Z,2019,6,21,65.301300,22.205300,12.0,0,2.2,1,sea
2019-06-21T18:37:16.978048Z,2019,6,21,65.511900,21.681900,-6.0,0,5.2,1,mainland
2019-06-21T18:40:10.533698Z,2019,6,21,65.266000,22.304600,4.0,0,2.0,1,sea
2019-06-21T18:40:10.591640Z,2019,6,21,65.430100,21.965900,5.0,0,10.0,1,coast_uncertain
2019-06-21T18:41:29.342159Z,2019,6,21,65.259600,22.290300,-4.0,0,1.0,1,sea
2019-06-21T18:41:38.171931Z,2019,6,21,65.473500,21.864800,10.0,0,2.2,1,mainland
2019-06-21T18:42:13.928240Z,2019,6,21,65.431900,21.897100,-7.0,0,6.8,1,coast_uncertain
2019-06-21T18:42:13.996948Z,2019,6,21,65.451600,21.872800,-11.0,0,8.8,1,coast_uncertain
2019-06-21T18:42:14.040579Z,2019,6,21,65.451000,21.874300,-6.0,0,3.8,1,coast_uncertain
2019-06-21T18:42:46.430395Z,2019,6,21,65.444400,21.865200,-17.0,0,5.6,1,mainland
2019-06-21T18:43:53.491832Z,2019,6,21,65.155100,22.550000,4.0,0,1.8,1,sea
2019-06-21T18:43:53.540778Z,2019,6,21,65.454900,21.874700,-7.0,0,4.4,1,coast_uncertain
2019-06-21T18:43:53.593434Z,2019,6,21,65.433400,21.867500,-8.0,0,5.6,1,mainland
2019-06-21T18:43:53.682585Z,2019,6,21,65.465300,21.825000,-8.0,0,4.8,1,coast_uncertain
2019-06-21T18:43:53.747987Z,2019,6,21,65.462400,21.828400,-9.0,0,5.8,1,mainland
2019-06-21T18:44:17.062365Z,2019,6,21,65.490100,21.877900,8.0,0,6.0,1,mainland
2019-06-21T18:44:17.063460Z,2019,6,21,65.491600,21.886700,10.0,0,25.0,1,mainland
2019-06-21T18:44:36.906060Z,2019,6,21,65.466700,21.912600,-18.0,0,5.4,1,coast_uncertain
2019-06-21T18:44:36.930271Z,2019,6,21,65.467500,21.908000,-15.0,0,6.0,1,coast_uncertain
2019-06-21T18:44:36.968651Z,2019,6,21,65.468000,21.910600,-28.0,0,10.0,1,coast_uncertain
2019-06-21T18:44:36.994373Z,2019,6,21,65.464000,21.916300,-10.0,0,3.0,1,coast_uncertain
2019-06-21T18:44:37.060378Z,2019,6,21,65.467700,21.911400,-17.0,0,6.4,1,coast_uncertain
2019-06-21T18:44:37.161497Z,2019,6,21,65.467400,21.903600,-11.0,0,5.4,1,coast_uncertain
2019-06-21T18:45:05.742357Z,2019,6,21,65.452000,21.920600,-8.0,0,1.6,1,coast_uncertain
2019-06-21T18:45:22.146507Z,2019,6,21,65.482600,21.846700,6.0,0,4.4,1,mainland
2019-06-21T18:45:22.147062Z,2019,6,21,65.470600,21.870200,7.0,0,5.6,1,mainland
2019-06-21T18:45:22.147716Z,2019,6,21,65.473700,21.862100,8.0,0,14.0,1,mainland
2019-06-21T18:45:22.153463Z,2019,6,21,65.486500,21.861700,6.0,0,2.2,1,mainland
2019-06-21T18:45:50.358060Z,2019,6,21,65.467800,21.876100,-58.0,0,10.2,1,coast_uncertain
2019-06-21T18:45:50.374214Z,2019,6,21,65.498700,21.852600,-8.0,0,5.0,1,mainland
2019-06-21T18:45:51.101512Z,2019,6,21,65.467100,21.870700,-9.0,0,6.0,1,coast_uncertain
2019-06-21T18:46:13.734771Z,2019,6,21,65.462400,21.885900,-27.0,0,5.8,1,coast_uncertain
2019-06-21T18:46:13.761065Z,2019,6,21,65.458900,21.868500,-11.0,0,5.0,1,coast_uncertain
2019-06-21T18:46:13.796235Z,2019,6,21,65.465900,21.850700,-9.0,0,4.6,1,mainland
2019-06-21T18:46:13.797445Z,2019,6,21,65.335800,22.167300,-7.0,0,1.6,1,sea
2019-06-21T18:46:13.855951Z,2019,6,21,65.457500,21.863900,7.0,0,13.2,1,coast_uncertain
2019-06-21T18:46:13.862203Z,2019,6,21,65.459300,21.870000,-18.0,0,9.4,1,coast_uncertain
2019-06-21T18:46:35.161494Z,2019,6,21,65.460700,21.839200,6.0,0,6.8,1,mainland
2019-06-21T18:46:49.334134Z,2019,6,21,65.473000,21.901700,-13.0,0,7.6,1,mainland
2019-06-21T18:46:49.358282Z,2019,6,21,65.474100,21.901600,-18.0,0,5.0,1,mainland
2019-06-21T18:46:49.662072Z,2019,6,21,65.474500,21.899900,-27.0,0,6.2,1,mainland
2019-06-21T18:46:49.704484Z,2019,6,21,65.472900,21.896900,-7.0,0,3.8,1,mainland
2019-06-21T18:46:49.837687Z,2019,6,21,65.473200,21.895100,-9.0,0,4.0,1,mainland
2019-06-21T18:47:14.843046Z,2019,6,21,65.462000,21.850000,15.0,0,19.4,1,mainland
2019-06-21T18:47:14.843051Z,2019,6,21,65.478500,21.877000,17.0,0,15.4,1,mainland
2019-06-21T18:47:14.844152Z,2019,6,21,65.260600,22.375700,4.0,0,2.2,1,sea
2019-06-21T18:47:14.844817Z,2019,6,21,65.475500,21.894000,9.0,0,7.6,1,mainland
2019-06-21T18:47:14.844820Z,2019,6,21,65.467000,21.927200,13.0,0,30.2,1,mainland
2019-06-21T18:47:29.434420Z,2019,6,21,65.456300,21.882800,-7.0,0,5.6,1,coast_uncertain
2019-06-21T18:47:29.480884Z,2019,6,21,65.434300,21.902800,-9.0,0,4.6,1,coast_uncertain
2019-06-21T18:47:45.752437Z,2019,6,21,65.479900,21.909600,-11.0,0,7.6,1,mainland
2019-06-21T18:47:45.763603Z,2019,6,21,65.476600,21.891500,-7.0,0,4.4,1,mainland
2019-06-21T18:47:45.777688Z,2019,6,21,65.481700,21.905600,-6.0,0,5.0,1,mainland
2019-06-21T18:47:46.062992Z,2019,6,21,65.480500,21.908400,-18.0,0,9.4,1,mainland
2019-06-21T18:47:46.092934Z,2019,6,21,65.481700,21.908700,-6.0,0,5.6,1,mainland
2019-06-21T18:47:46.184102Z,2019,6,21,65.482100,21.909800,-12.0,0,7.2,1,mainland
2019-06-21T18:47:46.515549Z,2019,6,21,65.326100,22.171200,-6.0,0,6.0,1,sea
2019-06-21T18:48:23.605262Z,2019,6,21,65.482600,21.901300,-30.0,0,10.4,1,mainland
2019-06-21T18:48:23.623472Z,2019,6,21,65.418500,22.063800,-5.0,0,5.6,1,sea
2019-06-21T18:48:23.624885Z,2019,6,21,65.481700,21.922000,-26.0,0,4.4,1,mainland
2019-06-21T18:48:23.650397Z,2019,6,21,65.484900,21.887700,-23.0,0,7.8,1,mainland
2019-06-21T18:48:23.681286Z,2019,6,21,65.482300,21.923900,-14.0,0,4.8,1,mainland
2019-06-21T18:48:23.696708Z,2019,6,21,65.484900,21.884400,-6.0,0,3.8,1,mainland
2019-06-21T18:48:23.696975Z,2019,6,21,65.310800,22.388700,-4.0,0,9.8,1,coast_uncertain
2019-06-21T18:49:37.887589Z,2019,6,21,65.485500,21.881600,-90.0,0,20.6,1,mainland
2019-06-21T18:49:37.887595Z,2019,6,21,65.489700,21.926200,-83.0,0,20.8,1,coast_uncertain
2019-06-21T18:49:37.917909Z,2019,6,21,65.488700,21.931400,-6.0,0,2.0,1,mainland
2019-06-21T18:50:34.359706Z,2019,6,21,65.461600,21.955200,-58.0,0,12.4,1,mainland
2019-06-21T18:50:34.374407Z,2019,6,21,65.461400,21.937200,-7.0,0,2.0,1,mainland
2019-06-21T18:50:34.539235Z,2019,6,21,65.508700,21.894500,8.0,0,7.6,1,coast_uncertain
2019-06-21T18:50:34.540001Z,2019,6,21,65.504000,21.905300,6.0,0,3.4,1,coast_uncertain
2019-06-21T18:50:34.541183Z,2019,6,21,65.548300,22.070200,18.0,0,25.2,1,mainland
2019-06-21T18:50:34.541197Z,2019,6,21,65.501400,21.905800,13.0,0,7.6,1,coast_uncertain
2019-06-21T18:51:19.640785Z,2019,6,21,65.473900,21.938100,-14.0,0,4.0,1,mainland
2019-06-21T18:51:19.956064Z,2019,6,21,65.472000,21.933200,-8.0,0,2.6,1,mainland
2019-06-21T18:51:20.107836Z,2019,6,21,65.473400,21.936600,-24.0,0,7.2,1,mainland
2019-06-21T18:51:20.126319Z,2019,6,21,65.473500,21.935300,-6.0,0,1.6,1,mainland
2019-06-21T18:51:50.172429Z,2019,6,21,65.430800,22.190100,4.0,0,5.2,1,coast_uncertain
2019-06-21T18:52:42.166058Z,2019,6,21,65.497900,21.943200,12.0,0,8.4,1,coast_uncertain
2019-06-21T18:52:42.167267Z,2019,6,21,65.498900,21.914600,7.0,0,7.4,1,coast_uncertain
2019-06-21T18:52:42.173496Z,2019,6,21,65.503100,21.927200,6.0,0,9.4,1,coast_uncertain
2019-06-21T18:52:42.889971Z,2019,6,21,65.508100,22.292800,-5.0,0,5.0,1,coast_uncertain
2019-06-21T18:53:01.242538Z,2019,6,21,65.253000,22.544100,-8.0,0,2.0,1,sea
2019-06-21T18:54:10.968386Z,2019,6,21,65.511800,22.150800,-12.0,0,4.4,1,coast_uncertain
2019-06-21T18:54:11.102415Z,2019,6,21,65.493500,22.052800,-25.0,0,4.4,1,coast_uncertain
2019-06-21T18:54:47.759609Z,2019,6,21,65.515300,21.999600,6.0,0,2.6,1,coast_uncertain
2019-06-21T18:54:47.792594Z,2019,6,21,65.494200,22.044100,7.0,0,6.8,1,sea
2019-06-21T18:55:31.646005Z,2019,6,21,65.479800,22.152200,-9.0,0,3.2,1,coast_uncertain
2019-06-21T18:55:31.648439Z,2019,6,21,65.474400,22.120200,-5.0,0,1.8,1,sea
2019-06-21T18:55:31.761391Z,2019,6,21,65.444200,22.082700,-6.0,0,2.2,1,sea
2019-06-21T18:55:32.205401Z,2019,6,21,65.483100,21.799300,-13.0,0,5.4,1,mainland
2019-06-21T18:55:32.507298Z,2019,6,21,65.609500,21.812500,-8.0,0,3.4,1,coast_uncertain
2019-06-21T18:55:32.514762Z,2019,6,21,65.599200,21.834000,-9.0,0,10.6,1,coast_uncertain
2019-06-21T18:56:59.262439Z,2019,6,21,65.666500,21.931500,6.0,0,3.2,1,mainland
2019-06-21T18:57:57.338059Z,2019,6,21,65.657700,22.246100,5.0,0,28.4,1,coast_uncertain
2019-06-21T18:59:04.164929Z,2019,6,21,65.504200,22.031200,9.0,0,7.0,1,coast_uncertain
2019-06-21T18:59:04.176638Z,2019,6,21,65.176600,22.754800,4.0,0,1.6,1,sea
2019-06-21T18:59:04.179102Z,2019,6,21,65.349900,22.628900,5.0,0,2.0,1,sea
2019-06-21T18:59:04.179397Z,2019,6,21,65.293200,22.566300,4.0,0,2.2,1,sea
2019-06-21T18:59:04.408046Z,2019,6,21,65.508500,22.030700,8.0,0,2.8,1,coast_uncertain
2019-06-21T18:59:04.449119Z,2019,6,21,65.507300,22.035400,12.0,0,13.4,1,coast_uncertain
2019-06-21T18:59:04.460500Z,2019,6,21,65.271900,22.547800,6.0,0,1.4,1,sea
2019-06-21T18:59:04.703018Z,2019,6,21,65.577900,21.853600,-32.0,0,8.4,1,mainland
2019-06-21T18:59:04.743800Z,2019,6,21,65.578400,21.853200,-23.0,0,5.0,1,mainland
2019-06-21T18:59:04.789642Z,2019,6,21,65.577300,21.855000,-14.0,0,4.0,1,mainland
2019-06-21T20:12:02.309339Z,2019,6,21,65.783300,22.305600,6.0,0,3.4,1,coast_uncertain
2019-06-21T21:45:36.517337Z,2019,6,21,65.601100,21.665500,9.0,0,15.4,1,mainland
2019-06-21T21:45:36.518111Z,2019,6,21,65.602600,21.676500,6.0,0,23.6,1,mainland
2019-06-21T21:45:36.523918Z,2019,6,21,65.422700,22.035900,-5.0,0,1.6,1,sea
2019-06-21T21:45:36.532764Z,2019,6,21,65.596700,21.644300,9.0,0,14.0,1,mainland
2019-06-21T21:45:36.538634Z,2019,6,21,65.360500,22.186100,6.0,0,2.8,1,sea
2019-06-21T21:49:12.441706Z,2019,6,21,65.601100,21.485000,9.0,0,14.2,1,coast_uncertain
2019-06-21T21:49:12.442939Z,2019,6,21,65.599800,21.589200,7.0,0,9.0,1,mainland
2019-06-21T21:49:12.449188Z,2019,6,21,65.605300,21.627600,11.0,0,17.8,1,mainland
2019-06-21T21:50:39.770155Z,2019,6,21,65.392800,22.423600,-9.0,0,2.2,1,sea
2019-06-21T21:50:39.771433Z,2019,6,21,65.484600,22.311300,7.0,0,1.6,1,coast_uncertain
2019-06-21T21:50:39.826541Z,2019,6,21,65.643600,21.857300,-8.0,0,4.8,1,mainland
2019-06-21T21:51:09.753705Z,2019,6,21,65.606400,21.605800,6.0,0,2.6,1,mainland
2019-06-21T21:51:09.754399Z,2019,6,21,65.622100,21.589300,6.0,0,3.6,1,mainland
2019-06-21T21:51:09.771415Z,2019,6,21,65.527300,21.713200,6.0,0,5.0,1,mainland
2019-06-21T21:54:12.687269Z,2019,6,21,65.619000,21.665000,24.0,0,15.0,1,mainland
2019-06-21T21:54:12.687935Z,2019,6,21,65.621200,21.672700,11.0,0,8.4,1,mainland
2019-06-21T21:56:05.941879Z,2019,6,21,65.629700,21.651300,21.0,0,30.2,1,coast_uncertain
2019-06-21T21:56:05.942178Z,2019,6,21,65.627100,21.601800,16.0,0,8.8,1,coast_uncertain
2019-06-21T21:56:05.946284Z,2019,6,21,65.482500,21.997500,5.0,0,2.8,1,sea
2019-06-21T21:59:17.688149Z,2019,6,21,65.641800,21.630200,15.0,0,15.6,1,coast_uncertain
2019-06-21T21:59:17.689996Z,2019,6,21,66.227600,22.056100,8.0,0,18.4,1,mainland
2019-06-21T21:59:17.691680Z,2019,6,21,65.655000,21.455700,-5.0,0,2.4,1,coast_uncertain
2019-06-21T21:59:17.697475Z,2019,6,21,65.669900,21.630900,5.0,0,5.8,1,mainland
2019-06-21T21:59:17.876308Z,2019,6,21,65.629600,21.592000,-11.0,0,9.6,1,mainland
2019-06-21T22:01:55.827808Z,2019,6,21,65.659200,21.639500,18.0,0,12.8,1,mainland
2019-06-21T22:01:55.828196Z,2019,6,21,65.631600,22.066400,-7.0,0,6.4,1,coast_uncertain
2019-06-21T22:01:55.828297Z,2019,6,21,65.669000,21.633200,20.0,0,25.0,1,mainland
2019-06-21T22:01:55.828594Z,2019,6,21,65.658600,21.633000,16.0,0,12.2,1,mainland
2019-06-21T22:01:55.835763Z,2019,6,21,65.657500,21.628300,15.0,0,10.8,1,mainland
2019-06-21T22:04:53.536045Z,2019,6,21,65.669300,21.559000,20.0,0,15.2,1,coast_uncertain
2019-06-21T22:04:53.536355Z,2019,6,21,65.565500,21.864700,8.0,0,6.0,1,mainland
2019-06-21T22:53:07.949190Z,2019,6,21,65.516400,22.348400,5.0,0,7.8,1,coast_uncertain
2019-06-22T02:28:34.312209Z,2019,6,22,65.647300,21.508200,7.0,0,2.6,1,mainland
2019-06-22T02:36:59.220253Z,2019,6,22,65.656400,21.500400,23.0,0,30.2,1,mainland
2019-06-22T02:40:09.354947Z,2019,6,22,65.454900,21.960200,5.0,0,8.0,1,mainland
2019-06-22T02:42:47.425716Z,2019,6,22,65.500400,22.008100,-8.0,0,2.2,1,coast_uncertain
2019-06-22T02:42:47.426193Z,2019,6,22,65.694700,21.561800,-6.0,0,3.4,1,coast_uncertain
2019-06-22T02:45:33.743101Z,2019,6,22,65.650600,21.470700,7.0,0,8.4,1,mainland
2019-06-22T02:47:04.181596Z,2019,6,22,65.654500,21.539900,17.0,0,13.2,1,mainland
2019-06-22T02:47:04.181937Z,2019,6,22,65.654900,21.484000,18.0,0,10.0,1,mainland
2019-06-22T02:47:04.182891Z,2019,6,22,65.654900,21.530400,10.0,0,7.6,1,mainland
2019-06-22T02:48:19.368260Z,2019,6,22,65.657400,21.546300,6.0,0,1.6,1,mainland
2019-06-22T02:48:19.369454Z,2019,6,22,65.348600,22.266200,5.0,0,3.8,1,sea
2019-06-22T02:50:14.016600Z,2019,6,22,65.669600,21.615700,9.0,0,14.6,1,coast_uncertain
2019-06-22T02:50:14.017161Z,2019,6,22,65.510500,21.898500,11.0,0,4.6,1,coast_uncertain
2019-06-22T02:50:45.234026Z,2019,6,22,65.667700,21.582000,-12.0,0,5.6,1,coast_uncertain
2019-06-22T02:50:45.276096Z,2019,6,22,65.669200,21.576900,-8.0,0,4.8,1,coast_uncertain
2019-06-22T02:50:45.404105Z,2019,6,22,65.669800,21.578300,-26.0,0,6.6,1,coast_uncertain
2019-06-22T02:51:25.222401Z,2019,6,22,65.392100,22.183100,5.0,0,2.6,1,sea
2019-06-22T02:52:53.020935Z,2019,6,22,65.682800,21.526300,-42.0,0,16.2,1,coast_uncertain
2019-06-22T02:52:53.086210Z,2019,6,22,65.676800,21.538500,-9.0,0,16.4,1,coast_uncertain
2019-06-22T02:52:53.100903Z,2019,6,22,65.682400,21.529000,-9.0,0,5.2,1,coast_uncertain
2019-06-22T02:53:52.826088Z,2019,6,22,65.676400,21.561400,4.0,0,3.2,1,mainland
2019-06-22T02:54:19.994227Z,2019,6,22,65.665300,21.573000,-7.0,0,5.2,1,mainland
2019-06-22T02:54:20.059349Z,2019,6,22,65.659200,21.568700,-11.0,0,7.8,1,mainland
2019-06-22T02:54:20.085706Z,2019,6,22,65.659800,21.568100,-7.0,0,6.4,1,mainland
2019-06-22T02:54:20.109432Z,2019,6,22,65.660800,21.567700,-6.0,0,4.0,1,mainland
2019-06-22T02:54:53.159452Z,2019,6,22,65.664900,21.567800,-14.0,0,11.2,1,coast_uncertain
2019-06-22T02:54:53.184369Z,2019,6,22,65.663600,21.566500,-10.0,0,6.4,1,coast_uncertain
2019-06-22T02:54:53.201777Z,2019,6,22,65.663200,21.568900,-10.0,0,5.2,1,coast_uncertain
2019-06-22T02:54:53.222615Z,2019,6,22,65.664600,21.567500,-9.0,0,5.2,1,coast_uncertain
2019-06-22T02:54:53.248919Z,2019,6,22,65.664400,21.567000,-9.0,0,4.4,1,coast_uncertain
2019-06-22T02:54:53.284377Z,2019,6,22,65.664200,21.566400,-9.0,0,4.6,1,coast_uncertain
2019-06-22T02:54:53.349842Z,2019,6,22,65.664100,21.567900,-7.0,0,4.4,1,coast_uncertain
2019-06-22T02:54:53.428820Z,2019,6,22,65.663700,21.568600,-8.0,0,4.4,1,coast_uncertain
2019-06-22T02:55:40.951430Z,2019,6,22,65.673800,21.575300,12.0,0,6.6,1,mainland
2019-06-22T02:55:40.951974Z,2019,6,22,65.572000,21.807000,7.0,0,3.0,1,mainland
2019-06-22T02:57:29.450751Z,2019,6,22,65.667100,21.574200,10.0,0,4.0,1,mainland
2019-06-22T02:57:29.453917Z,2019,6,22,65.393600,22.174300,5.0,0,6.2,1,sea
2019-06-22T03:00:01.622349Z,2019,6,22,65.507400,22.126400,5.0,0,1.8,1,coast_uncertain
2019-06-22T03:01:53.726575Z,2019,6,22,65.607100,22.002000,6.0,0,1.6,1,coast_uncertain
2019-06-22T03:02:47.844726Z,2019,6,22,65.548100,21.943700,5.0,0,2.6,1,mainland
2019-06-22T03:05:45.380193Z,2019,6,22,65.704100,21.564900,-6.0,0,5.2,1,coast_uncertain
2019-06-22T03:07:26.112956Z,2019,6,22,65.495100,22.061900,-5.0,0,1.8,1,coast_uncertain
2019-06-22T03:18:30.035554Z,2019,6,22,65.537700,22.048400,5.0,0,1.6,1,mainland
2019-06-22T03:21:10.566622Z,2019,6,22,65.659200,21.769800,5.0,0,11.8,1,coast_uncertain
2019-06-22T03:21:42.053938Z,2019,6,22,65.592200,22.080100,7.0,0,6.4,1,coast_uncertain
2019-06-22T03:23:39.636276Z,2019,6,22,65.586200,22.106300,4.0,0,1.2,1,sea
2019-06-22T03:26:12.488633Z,2019,6,22,65.724800,21.895400,10.0,0,5.2,1,mainland
2019-06-22T03:29:14.680435Z,2019,6,22,65.626100,22.069800,5.0,0,1.6,1,coast_uncertain
2019-06-22T03:30:08.178171Z,2019,6,22,65.675200,21.976100,5.0,0,8.6,1,mainland
2019-06-22T03:41:08.737655Z,2019,6,22,65.613700,21.444800,-4.0,0,7.4,1,mainland
2019-06-22T03:41:08.738188Z,2019,6,22,65.627500,22.136000,6.0,0,16.8,1,coast_uncertain
2019-06-22T03:41:08.738598Z,2019,6,22,65.653900,22.273200,6.0,0,21.2,1,mainland
2019-06-22T03:45:40.284134Z,2019,6,22,65.356000,22.561200,-5.0,0,2.2,1,sea
2019-06-22T03:50:56.516148Z,2019,6,22,65.670200,22.135900,5.0,0,5.6,1,coast_uncertain
2019-06-22T03:50:56.518046Z,2019,6,22,65.781200,22.044100,5.0,0,6.0,1,coast_uncertain
2019-06-22T04:12:40.749126Z,2019,6,22,66.024900,22.009100,-8.0,0,3.4,1,coast_uncertain
2019-06-22T04:19:51.399243Z,2019,6,22,65.860600,22.306500,7.0,0,3.0,1,mainland
2019-06-22T06:40:25.650557Z,2019,6,22,65.354200,22.236800,5.0,0,7.6,1,sea
2019-06-22T07:12:35.043627Z,2019,6,22,65.409500,22.208700,5.0,0,3.6,1,sea
2019-06-22T07:24:08.928490Z,2019,6,22,65.657600,22.341100,-4.0,0,2.6,1,coast_uncertain
2019-06-22T07:47:39.035418Z,2019,6,22,65.617300,21.995100,5.0,0,4.8,1,inland_water
2019-06-22T07:49:21.814373Z,2019,6,22,65.082500,22.631400,5.0,0,3.0,1,sea
2019-06-22T07:51:22.975721Z,2019,6,22,65.182800,22.276600,4.0,0,2.4,1,sea
2019-06-22T07:52:05.760318Z,2019,6,22,65.091800,22.609200,13.0,0,15.4,1,sea
2019-06-22T07:54:04.579759Z,2019,6,22,65.425800,22.168400,-4.0,0,1.6,1,coast_uncertain
2019-06-22T07:54:43.801465Z,2019,6,22,65.192700,22.244500,14.0,0,2.0,1,sea
2019-06-22T07:54:43.802015Z,2019,6,22,65.190700,22.244400,9.0,0,25.4,1,sea
2019-06-22T07:59:24.651293Z,2019,6,22,65.123000,22.727600,3.0,0,5.8,1,sea
2019-06-22T07:59:52.647584Z,2019,6,22,65.204200,22.244800,-125.0,0,15.0,1,sea
2019-06-22T07:59:52.742182Z,2019,6,22,65.315100,22.262900,3.0,0,4.0,1,sea
2019-06-22T07:59:52.743898Z,2019,6,22,65.184400,22.280800,6.0,0,1.8,1,sea
2019-06-22T08:01:14.772129Z,2019,6,22,65.110800,22.543300,-5.0,0,3.4,1,sea
2019-06-22T08:01:14.818395Z,2019,6,22,65.119100,22.545400,8.0,0,3.8,1,sea
2019-06-22T08:03:55.695020Z,2019,6,22,65.154200,22.607300,10.0,0,10.4,1,sea
2019-06-22T08:03:55.704067Z,2019,6,22,65.155500,22.627800,6.0,0,8.0,1,sea
2019-06-22T08:04:14.943582Z,2019,6,22,65.209200,22.235400,-174.0,0,15.8,1,sea
2019-06-22T08:06:50.023030Z,2019,6,22,65.226900,22.204800,-14.0,0,3.8,1,sea
2019-06-22T08:06:50.028625Z,2019,6,22,65.230400,22.199900,-29.0,0,13.4,1,sea
2019-06-22T08:06:50.064941Z,2019,6,22,65.217600,22.309300,-6.0,0,2.6,1,sea
2019-06-22T08:06:50.385696Z,2019,6,22,65.157100,22.619300,10.0,0,4.0,1,sea
2019-06-22T08:08:10.931348Z,2019,6,22,65.175100,22.334200,-93.0,0,30.2,1,sea
2019-06-22T08:08:10.931352Z,2019,6,22,65.220100,22.245900,-116.0,0,9.4,1,sea
2019-06-22T08:08:10.950027Z,2019,6,22,65.228000,22.231100,-26.0,0,7.0,1,sea
2019-06-22T08:08:10.952205Z,2019,6,22,65.223300,22.189800,-13.0,0,10.0,1,sea
2019-06-22T08:08:11.236338Z,2019,6,22,65.225800,22.352500,-9.0,0,5.0,1,sea
2019-06-22T08:08:14.415925Z,2019,6,22,65.154800,22.608000,17.0,0,12.0,1,sea
2019-06-22T08:08:58.710813Z,2019,6,22,65.225300,22.215600,7.0,0,10.0,1,sea
2019-06-22T08:10:05.430159Z,2019,6,22,65.246000,22.219900,-44.0,0,8.4,1,sea
2019-06-22T08:10:05.438503Z,2019,6,22,65.233800,22.221700,-4.0,0,5.8,1,sea
2019-06-22T08:10:05.443749Z,2019,6,22,65.232300,22.211100,-17.0,0,6.0,1,sea
2019-06-22T08:10:05.448912Z,2019,6,22,65.234100,22.222600,-7.0,0,11.0,1,sea
2019-06-22T08:10:05.452127Z,2019,6,22,65.229600,22.247300,-10.0,0,4.0,1,sea
2019-06-22T08:10:38.778835Z,2019,6,22,65.167400,22.629600,13.0,0,28.0,1,sea
2019-06-22T08:10:38.779303Z,2019,6,22,65.167500,22.635500,12.0,0,17.2,1,sea
2019-06-22T08:12:47.473715Z,2019,6,22,65.189500,22.631000,4.0,0,4.2,1,sea
2019-06-22T08:12:47.473900Z,2019,6,22,65.180500,22.657200,10.0,0,8.0,1,sea
2019-06-22T08:12:47.475931Z,2019,6,22,65.170500,22.690300,3.0,0,4.0,1,sea
2019-06-22T08:12:47.483245Z,2019,6,22,65.172100,22.611500,4.0,0,4.4,1,sea
2019-06-22T08:12:47.530499Z,2019,6,22,65.181100,22.630000,5.0,0,1.4,1,sea
2019-06-22T08:12:47.930252Z,2019,6,22,65.144600,22.751700,-6.0,0,1.6,1,sea
2019-06-22T08:12:56.036822Z,2019,6,22,65.272300,22.318200,-8.0,0,6.0,1,sea
2019-06-22T08:13:54.064975Z,2019,6,22,65.262400,22.302200,-20.0,0,6.4,1,sea
2019-06-22T08:13:54.098884Z,2019,6,22,65.268400,22.283100,-7.0,0,3.8,1,sea
2019-06-22T08:13:54.099832Z,2019,6,22,65.123600,22.646400,-4.0,0,1.4,1,sea
2019-06-22T08:13:54.125145Z,2019,6,22,65.259100,22.316200,-13.0,0,7.2,1,sea
2019-06-22T08:13:54.168581Z,2019,6,22,65.253100,22.242700,-6.0,0,2.8,1,sea
2019-06-22T08:15:51.516801Z,2019,6,22,65.273400,22.316900,-11.0,0,2.4,1,sea
2019-06-22T08:15:51.527002Z,2019,6,22,65.274400,22.272500,-10.0,0,3.8,1,sea
2019-06-22T08:15:51.543195Z,2019,6,22,65.269000,22.282700,-11.0,0,6.0,1,sea
2019-06-22T08:15:51.555065Z,2019,6,22,65.272900,22.265800,-9.0,0,3.0,1,sea
2019-06-22T08:15:51.718655Z,2019,6,22,65.276400,22.362100,-11.0,0,5.6,1,sea
2019-06-22T08:15:51.757815Z,2019,6,22,65.268900,22.233700,-7.0,0,3.8,1,sea
2019-06-22T08:16:00.561218Z,2019,6,22,65.188100,22.673500,-93.0,0,8.8,1,sea
2019-06-22T08:16:00.575811Z,2019,6,22,65.195000,22.626200,-6.0,0,14.6,1,sea
2019-06-22T08:16:00.576215Z,2019,6,22,65.184400,22.631100,-6.0,0,5.2,1,sea
2019-06-22T08:16:00.581212Z,2019,6,22,65.200100,22.654700,-24.0,0,6.6,1,sea
2019-06-22T08:18:46.027875Z,2019,6,22,65.286100,22.190100,-6.0,0,5.0,1,sea
2019-06-22T08:19:43.285492Z,2019,6,22,65.125100,22.489100,54.0,0,15.6,1,sea
2019-06-22T08:20:24.687990Z,2019,6,22,65.255800,22.130700,-6.0,0,2.4,1,sea
2019-06-22T08:20:24.699952Z,2019,6,22,65.253700,22.138100,-5.0,0,3.0,1,sea
2019-06-22T08:20:24.741948Z,2019,6,22,65.252800,22.138200,-9.0,0,2.8,1,sea
2019-06-22T08:20:49.561335Z,2019,6,22,65.291900,22.097400,9.0,0,4.6,1,sea
2019-06-22T08:20:49.563255Z,2019,6,22,65.289800,22.099500,8.0,0,3.8,1,sea
2019-06-22T08:21:36.540969Z,2019,6,22,65.292200,22.282500,-8.0,0,6.0,1,sea
2019-06-22T08:21:36.547752Z,2019,6,22,65.289100,22.281600,-16.0,0,3.8,1,sea
2019-06-22T08:21:36.558071Z,2019,6,22,65.290400,22.233600,-9.0,0,3.2,1,sea
2019-06-22T08:22:36.015734Z,2019,6,22,65.300300,22.130400,13.0,0,4.8,1,sea
2019-06-22T08:23:02.569056Z,2019,6,22,65.228800,23.016000,64.0,0,30.2,1,sea
2019-06-22T08:23:02.579901Z,2019,6,22,65.120200,22.800500,-5.0,0,3.2,1,sea
2019-06-22T08:23:02.693889Z,2019,6,22,65.155900,22.774100,-3.0,0,11.6,1,sea
2019-06-22T08:23:02.778100Z,2019,6,22,65.156000,22.458600,-4.0,0,2.6,1,sea
2019-06-22T08:23:02.824781Z,2019,6,22,65.181300,22.700200,-43.0,0,12.8,1,sea
2019-06-22T08:23:02.839230Z,2019,6,22,65.289000,22.098600,8.0,0,4.6,1,sea
2019-06-22T08:23:02.843088Z,2019,6,22,65.154300,22.472200,5.0,0,7.8,1,sea
2019-06-22T08:23:03.083536Z,2019,6,22,65.350800,22.060100,4.0,0,1.4,1,sea
2019-06-22T08:23:28.776650Z,2019,6,22,65.412400,22.308000,-5.0,0,6.0,1,sea
2019-06-22T08:23:28.820601Z,2019,6,22,65.291500,22.150300,-9.0,0,3.2,1,sea
2019-06-22T08:24:03.973759Z,2019,6,22,65.300000,22.086900,7.0,0,7.8,1,sea
2019-06-22T08:24:03.974852Z,2019,6,22,65.303200,22.167700,-8.0,0,12.6,1,sea
2019-06-22T08:24:03.975741Z,2019,6,22,65.301600,22.118200,5.0,0,3.2,1,sea
2019-06-22T08:24:04.374802Z,2019,6,22,65.256300,22.168900,-8.0,0,7.6,1,sea
2019-06-22T08:25:03.226024Z,2019,6,22,65.151300,22.359700,-5.0,0,2.2,1,sea
2019-06-22T08:25:03.408927Z,2019,6,22,65.268800,22.108600,9.0,0,12.0,1,sea
2019-06-22T08:25:03.409667Z,2019,6,22,65.092600,22.565000,7.0,0,2.0,1,sea
2019-06-22T08:25:42.092263Z,2019,6,22,65.270000,22.115400,-45.0,0,6.2,1,sea
2019-06-22T08:25:42.194234Z,2019,6,22,65.275600,22.092300,-9.0,0,3.8,1,sea
2019-06-22T08:25:42.196438Z,2019,6,22,65.270800,22.177400,-15.0,0,5.2,1,sea
2019-06-22T08:25:42.342360Z,2019,6,22,65.219100,22.246000,8.0,0,9.4,1,sea
2019-06-22T08:25:42.348811Z,2019,6,22,65.282600,22.233600,7.0,0,2.2,1,sea
2019-06-22T08:26:17.789993Z,2019,6,22,65.284600,22.124900,9.0,0,10.6,1,sea
2019-06-22T08:26:17.790793Z,2019,6,22,65.327300,22.210700,10.0,0,22.2,1,sea
2019-06-22T08:26:53.694397Z,2019,6,22,65.240900,23.076400,-6.0,0,6.2,1,sea
2019-06-22T08:27:18.750387Z,2019,6,22,65.296600,22.125900,8.0,0,3.2,1,sea
2019-06-22T08:27:18.751441Z,2019,6,22,65.296100,22.112300,11.0,0,5.6,1,sea
2019-06-22T08:27:18.751921Z,2019,6,22,65.295500,22.140500,13.0,0,11.8,1,sea
2019-06-22T08:27:18.755662Z,2019,6,22,65.155100,22.495200,4.0,0,24.0,1,sea
2019-06-22T08:27:19.480311Z,2019,6,22,65.212400,22.976000,35.0,0,9.4,1,sea
2019-06-22T08:27:19.491507Z,2019,6,22,65.199200,22.936000,12.0,0,7.6,1,sea
2019-06-22T08:27:19.491827Z,2019,6,22,65.222900,22.959900,7.0,0,5.4,1,sea
2019-06-22T08:27:19.721136Z,2019,6,22,65.273900,23.047800,-4.0,0,2.0,1,sea
2019-06-22T08:27:40.609435Z,2019,6,22,65.397800,21.944100,-5.0,0,12.8,1,sea
2019-06-22T08:28:26.810653Z,2019,6,22,65.185700,22.300900,-4.0,0,1.6,1,sea
2019-06-22T08:28:26.900787Z,2019,6,22,65.427100,22.213700,-6.0,0,2.4,1,coast_uncertain
2019-06-22T08:29:18.621111Z,2019,6,22,65.325800,22.251500,6.0,0,7.0,1,sea
2019-06-22T08:29:18.624944Z,2019,6,22,65.221700,22.549000,4.0,0,29.6,1,sea
2019-06-22T08:29:18.629339Z,2019,6,22,65.338100,22.285100,10.0,0,6.4,1,sea
2019-06-22T08:29:18.631591Z,2019,6,22,65.322600,22.292500,5.0,0,2.2,1,sea
2019-06-22T08:30:20.328725Z,2019,6,22,65.279600,22.099600,-80.0,0,13.8,1,sea
2019-06-22T08:30:20.344153Z,2019,6,22,65.271800,22.110900,-5.0,0,11.2,1,sea
2019-06-22T08:30:20.346297Z,2019,6,22,65.291100,22.105300,-19.0,0,7.0,1,sea
2019-06-22T08:30:20.463390Z,2019,6,22,65.308900,22.129900,8.0,0,4.2,1,sea
2019-06-22T08:30:20.466007Z,2019,6,22,65.297100,22.140000,11.0,0,17.6,1,sea
2019-06-22T08:30:20.469889Z,2019,6,22,65.227300,22.302600,7.0,0,3.8,1,sea
2019-06-22T08:30:52.107053Z,2019,6,22,65.221800,22.963800,19.0,0,12.4,1,sea
2019-06-22T08:30:52.116890Z,2019,6,22,65.225500,22.961200,11.0,0,15.6,1,sea
2019-06-22T08:30:52.136989Z,2019,6,22,65.201400,23.002500,70.0,0,14.2,1,sea
2019-06-22T08:30:52.153562Z,2019,6,22,65.231400,22.962000,5.0,0,2.0,1,sea
2019-06-22T08:30:52.154809Z,2019,6,22,65.222300,22.943800,5.0,0,9.2,1,sea
2019-06-22T08:31:11.469408Z,2019,6,22,65.513300,21.787000,5.0,0,3.0,1,mainland
2019-06-22T08:31:11.639665Z,2019,6,22,65.514500,21.896200,-8.0,0,7.6,1,coast_uncertain
2019-06-22T08:31:20.585321Z,2019,6,22,65.340300,22.208700,-82.0,0,19.4,1,sea
2019-06-22T08:31:20.596037Z,2019,6,22,65.297500,22.117100,-4.0,0,7.0,1,sea
2019-06-22T08:31:20.604246Z,2019,6,22,65.324500,22.061800,-5.0,0,7.0,1,sea
2019-06-22T08:31:20.609672Z,2019,6,22,65.313800,22.112100,-31.0,0,4.8,1,sea
2019-06-22T08:31:20.629472Z,2019,6,22,65.442100,22.080900,-4.0,0,0.8,1,sea
2019-06-22T08:31:20.632449Z,2019,6,22,65.330800,22.099600,-20.0,0,3.0,1,sea
2019-06-22T08:31:20.652870Z,2019,6,22,65.330300,22.074700,-31.0,0,8.6,1,sea
2019-06-22T08:31:20.668110Z,2019,6,22,65.333900,22.082800,-9.0,0,3.4,1,sea
2019-06-22T08:31:20.797011Z,2019,6,22,65.377800,22.111300,-6.0,0,2.8,1,sea
2019-06-22T08:31:33.029741Z,2019,6,22,65.312100,22.893800,-41.0,0,7.2,1,sea
2019-06-22T08:31:33.069924Z,2019,6,22,65.321700,22.869400,-13.0,0,3.2,1,sea
2019-06-22T08:31:33.103987Z,2019,6,22,65.284600,22.916300,43.0,0,13.4,1,sea
2019-06-22T08:31:33.250136Z,2019,6,22,65.279600,22.915100,5.0,0,2.4,1,sea
2019-06-22T08:31:46.687933Z,2019,6,22,65.509400,21.741500,-10.0,0,5.6,1,mainland
2019-06-22T08:32:15.848379Z,2019,6,22,65.293000,22.165200,-11.0,0,8.2,1,sea
2019-06-22T08:32:15.851075Z,2019,6,22,65.321600,22.070000,5.0,0,2.4,1,sea
2019-06-22T08:32:47.739029Z,2019,6,22,65.346600,22.846700,4.0,0,2.0,1,sea
2019-06-22T08:32:54.066029Z,2019,6,22,65.260400,22.386100,-5.0,0,4.6,1,sea
2019-06-22T08:32:54.071215Z,2019,6,22,65.359400,22.160300,-41.0,0,5.2,1,sea
2019-06-22T08:33:06.218387Z,2019,6,22,65.530700,21.772400,5.0,0,3.8,1,mainland
2019-06-22T08:33:18.730813Z,2019,6,22,65.317600,22.871000,-16.0,0,4.4,1,sea
2019-06-22T08:33:18.736518Z,2019,6,22,65.313700,22.884300,-28.0,0,6.2,1,sea
2019-06-22T08:33:18.751038Z,2019,6,22,65.316000,22.885000,-15.0,0,16.0,1,sea
2019-06-22T08:33:18.773472Z,2019,6,22,65.315300,22.881200,25.0,0,7.0,1,sea
2019-06-22T08:33:18.787268Z,2019,6,22,65.222100,22.797300,4.0,0,4.0,1,sea
2019-06-22T08:33:18.948806Z,2019,6,22,65.241600,22.851100,5.0,0,1.6,1,sea
2019-06-22T08:33:18.967936Z,2019,6,22,65.242100,22.851700,4.0,0,1.4,1,sea
2019-06-22T08:33:40.623321Z,2019,6,22,65.289300,22.069300,-16.0,0,5.4,1,sea
2019-06-22T08:33:40.961884Z,2019,6,22,65.326700,22.157400,10.0,0,21.4,1,sea
2019-06-22T08:33:40.961900Z,2019,6,22,65.324800,22.243900,-21.0,0,13.8,1,sea
2019-06-22T08:33:40.966666Z,2019,6,22,65.158200,22.420500,6.0,0,10.6,1,sea
2019-06-22T08:33:40.974184Z,2019,6,22,65.289000,22.068700,10.0,0,4.6,1,sea
2019-06-22T08:33:40.976435Z,2019,6,22,65.319500,22.257500,6.0,0,8.6,1,sea
2019-06-22T08:34:09.859377Z,2019,6,22,65.541400,21.928300,-8.0,0,2.6,1,mainland
2019-06-22T08:34:22.337071Z,2019,6,22,65.349200,22.977400,4.0,0,7.4,1,sea
2019-06-22T08:34:39.221983Z,2019,6,22,65.330700,22.166600,-124.0,0,28.2,1,sea
2019-06-22T08:34:39.261469Z,2019,6,22,65.336100,22.162600,-5.0,0,2.8,1,sea
2019-06-22T08:34:39.370705Z,2019,6,22,65.333800,22.186900,-5.0,0,4.2,1,sea
2019-06-22T08:35:00.094939Z,2019,6,22,65.325500,22.912100,-29.0,0,15.8,1,sea
2019-06-22T08:35:00.120896Z,2019,6,22,65.322300,22.891900,-7.0,0,3.0,1,sea
2019-06-22T08:35:00.344465Z,2019,6,22,65.320000,22.823500,5.0,0,5.2,1,sea
2019-06-22T08:35:21.534509Z,2019,6,22,65.326300,22.110400,-55.0,0,16.6,1,sea
2019-06-22T08:35:21.552457Z,2019,6,22,65.324600,22.087200,-28.0,0,6.6,1,sea
2019-06-22T08:35:21.773014Z,2019,6,22,65.323400,22.259000,-6.0,0,10.2,1,sea
2019-06-22T08:35:21.781094Z,2019,6,22,65.262600,22.403900,4.0,0,2.0,1,sea
2019-06-22T08:35:32.539291Z,2019,6,22,65.500500,21.749000,-27.0,0,9.4,1,mainland
2019-06-22T08:35:32.589894Z,2019,6,22,65.493900,21.740800,6.0,0,14.2,1,mainland
2019-06-22T08:35:55.926165Z,2019,6,22,65.209200,22.267900,-5.0,0,1.6,1,sea
2019-06-22T08:35:55.948202Z,2019,6,22,65.106000,22.483400,-4.0,0,1.4,1,sea
2019-06-22T08:35:56.352318Z,2019,6,22,65.242800,22.535200,-6.0,0,3.2,1,sea
2019-06-22T08:36:00.014385Z,2019,6,22,65.361600,22.964600,8.0,0,4.8,1,sea
2019-06-22T08:36:04.103333Z,2019,6,22,65.538300,21.801100,5.0,0,4.2,1,coast_uncertain
2019-06-22T08:37:03.687835Z,2019,6,22,65.293100,22.372400,8.0,0,5.8,1,sea
2019-06-22T08:37:03.688268Z,2019,6,22,65.540300,21.817100,8.0,0,9.6,1,coast_uncertain
2019-06-22T08:37:03.692524Z,2019,6,22,65.395100,22.152600,6.0,0,7.0,1,sea
2019-06-22T08:37:06.158783Z,2019,6,22,65.203800,22.562500,6.0,0,21.2,1,sea
2019-06-22T08:37:06.392293Z,2019,6,22,65.314200,22.117000,-7.0,0,3.2,1,sea
2019-06-22T08:37:06.427969Z,2019,6,22,65.310700,22.149900,-4.0,0,2.0,1,sea
2019-06-22T08:37:30.307179Z,2019,6,22,65.360200,22.963400,-13.0,0,2.8,1,sea
2019-06-22T08:37:30.314411Z,2019,6,22,65.366300,22.969500,-28.0,0,8.2,1,sea
2019-06-22T08:37:30.349434Z,2019,6,22,65.361900,22.960800,-15.0,0,3.6,1,sea
2019-06-22T08:37:30.364943Z,2019,6,22,65.360000,22.958100,-9.0,0,2.0,1,sea
2019-06-22T08:37:30.867572Z,2019,6,22,65.257200,22.802700,22.0,0,6.6,1,sea
2019-06-22T08:38:18.013154Z,2019,6,22,65.326600,22.093600,-128.0,0,19.4,1,sea
2019-06-22T08:38:20.200856Z,2019,6,22,65.341500,22.155600,-98.0,0,10.0,1,sea
2019-06-22T08:38:20.260175Z,2019,6,22,65.337900,22.178600,6.0,0,4.4,1,sea
2019-06-22T08:38:20.263859Z,2019,6,22,65.325500,22.183900,5.0,0,4.6,1,sea
2019-06-22T08:38:20.276736Z,2019,6,22,65.214000,22.467100,5.0,0,2.0,1,sea
2019-06-22T08:38:26.853797Z,2019,6,22,65.454900,21.872500,-9.0,0,8.4,1,coast_uncertain
2019-06-22T08:38:41.165092Z,2019,6,22,65.368900,22.959600,5.0,0,5.2,1,sea
2019-06-22T08:38:41.165889Z,2019,6,22,65.370600,22.963600,5.0,0,18.2,1,sea
2019-06-22T08:38:41.446728Z,2019,6,22,65.327600,22.885200,-6.0,0,5.2,1,sea
2019-06-22T08:38:56.895980Z,2019,6,22,65.535000,21.769000,5.0,0,16.2,1,coast_uncertain
2019-06-22T08:39:07.733452Z,2019,6,22,65.532800,22.540600,-9.0,0,5.2,1,coast_uncertain
2019-06-22T08:39:46.569043Z,2019,6,22,65.368500,22.197800,12.0,0,12.2,1,sea
2019-06-22T08:39:46.570362Z,2019,6,22,65.366700,22.201400,18.0,0,22.2,1,sea
2019-06-22T08:39:46.573627Z,2019,6,22,65.366000,22.200200,4.0,0,2.2,1,sea
2019-06-22T08:39:46.574118Z,2019,6,22,65.357400,22.272300,5.0,0,18.6,1,sea
2019-06-22T08:39:46.576106Z,2019,6,22,65.165000,22.705100,4.0,0,5.2,1,sea
2019-06-22T08:39:58.898124Z,2019,6,22,65.532500,21.794500,12.0,0,5.4,1,mainland
2019-06-22T08:40:01.254141Z,2019,6,22,65.320500,22.969200,-41.0,0,6.6,1,sea
2019-06-22T08:40:20.155801Z,2019,6,22,65.525500,22.251300,-7.0,0,2.4,1,islands
2019-06-22T08:40:20.158104Z,2019,6,22,65.307100,22.353100,6.0,0,10.6,1,sea
2019-06-22T08:40:20.441056Z,2019,6,22,65.566500,22.349400,-4.0,0,1.6,1,mainland
2019-06-22T08:40:43.954899Z,2019,6,22,65.532500,21.854800,7.0,0,11.4,1,coast_uncertain
2019-06-22T08:40:43.955421Z,2019,6,22,65.404000,22.085700,5.0,0,1.4,1,coast_uncertain
2019-06-22T08:40:44.919809Z,2019,6,22,65.184700,22.498400,-5.0,0,2.0,1,sea
2019-06-22T08:40:44.929682Z,2019,6,22,65.348300,22.128600,-12.0,0,5.0,1,sea
2019-06-22T08:40:44.945728Z,2019,6,22,65.355800,22.180000,-6.0,0,2.2,1,sea
2019-06-22T08:40:48.378090Z,2019,6,22,65.368500,22.945400,-5.0,0,3.2,1,sea
2019-06-22T08:40:48.407822Z,2019,6,22,65.367900,22.930700,-4.0,0,5.4,1,sea
2019-06-22T08:41:29.342123Z,2019,6,22,65.377400,22.308900,-28.0,0,15.0,1,sea
2019-06-22T08:41:29.791521Z,2019,6,22,65.365500,22.170300,12.0,0,11.4,1,sea
2019-06-22T08:41:29.793587Z,2019,6,22,65.341800,22.180600,12.0,0,25.8,1,sea
2019-06-22T08:41:29.794966Z,2019,6,22,65.395000,22.184800,6.0,0,1.8,1,sea
2019-06-22T08:41:29.796828Z,2019,6,22,65.348900,22.166400,6.0,0,4.0,1,sea
2019-06-22T08:41:50.949911Z,2019,6,22,65.373600,22.892200,-9.0,0,12.6,1,sea
2019-06-22T08:41:50.954487Z,2019,6,22,65.372800,22.898900,-46.0,0,8.4,1,sea
2019-06-22T08:41:50.969581Z,2019,6,22,65.354800,22.895000,-12.0,0,7.6,1,sea
2019-06-22T08:41:50.970888Z,2019,6,22,65.362400,22.901000,-13.0,0,19.0,1,sea
2019-06-22T08:41:50.990136Z,2019,6,22,65.383300,22.905300,-14.0,0,5.0,1,sea
2019-06-22T08:41:51.006399Z,2019,6,22,65.361100,22.957900,-11.0,0,3.2,1,sea
2019-06-22T08:42:07.575147Z,2019,6,22,65.339600,22.086200,-39.0,0,10.0,1,coast_uncertain
2019-06-22T08:42:07.584101Z,2019,6,22,65.341000,22.094000,-7.0,0,11.8,1,coast_uncertain
2019-06-22T08:42:07.592829Z,2019,6,22,65.347300,22.049100,-9.0,0,5.2,1,sea
2019-06-22T08:42:15.662265Z,2019,6,22,65.146300,22.673400,4.0,0,2.0,1,sea
2019-06-22T08:42:15.663272Z,2019,6,22,65.369600,22.176700,4.0,0,3.2,1,sea
2019-06-22T08:42:53.141270Z,2019,6,22,65.532000,21.799900,5.0,0,13.8,1,coast_uncertain
2019-06-22T08:42:53.142877Z,2019,6,22,65.261300,22.404400,5.0,0,3.0,1,sea
2019-06-22T08:42:53.303831Z,2019,6,22,65.503700,21.769200,6.0,0,3.2,1,mainland
2019-06-22T08:42:56.213263Z,2019,6,22,65.086100,22.704600,7.0,0,2.0,1,sea
2019-06-22T08:42:56.216624Z,2019,6,22,65.347000,22.105700,-47.0,0,9.8,1,sea
2019-06-22T08:43:32.642545Z,2019,6,22,65.378200,22.891900,-11.0,0,3.6,1,sea
2019-06-22T08:43:32.644524Z,2019,6,22,65.377700,22.891200,-79.0,0,12.2,1,sea
2019-06-22T08:43:32.670214Z,2019,6,22,65.375100,22.961500,-8.0,0,2.2,1,sea
2019-06-22T08:43:32.919590Z,2019,6,22,65.337400,22.828900,5.0,0,1.6,1,sea
2019-06-22T08:43:56.985046Z,2019,6,22,65.381800,22.170300,9.0,0,20.4,1,coast_uncertain
2019-06-22T08:43:56.986008Z,2019,6,22,65.383800,22.184000,14.0,0,18.8,1,coast_uncertain
2019-06-22T08:43:56.986753Z,2019,6,22,65.381900,22.180700,11.0,0,5.4,1,coast_uncertain
2019-06-22T08:44:47.793966Z,2019,6,22,65.296200,22.362300,7.0,0,4.0,1,sea
2019-06-22T08:44:47.797594Z,2019,6,22,65.373600,22.141600,8.0,0,12.0,1,sea
2019-06-22T08:44:47.863257Z,2019,6,22,65.381700,22.174600,5.0,0,2.6,1,coast_uncertain
2019-06-22T08:45:14.541823Z,2019,6,22,65.381000,22.929500,-92.0,0,12.6,1,sea
2019-06-22T08:45:14.565956Z,2019,6,22,65.398400,22.944600,-26.0,0,7.0,1,sea
2019-06-22T08:45:14.574086Z,2019,6,22,65.380800,22.928200,-21.0,0,5.4,1,sea
2019-06-22T08:45:14.580185Z,2019,6,22,65.364100,22.956900,-9.0,0,12.2,1,sea
2019-06-22T08:45:14.581090Z,2019,6,22,65.378900,22.901500,-6.0,0,3.0,1,sea
2019-06-22T08:45:21.039922Z,2019,6,22,65.376900,22.105300,-6.0,0,2.6,1,sea
2019-06-22T08:45:21.046945Z,2019,6,22,65.371500,22.113200,-27.0,0,8.4,1,sea
2019-06-22T08:45:21.072392Z,2019,6,22,65.359400,22.140200,-13.0,0,3.0,1,sea
2019-06-22T08:45:21.106312Z,2019,6,22,65.186700,22.471100,-4.0,0,1.4,1,sea
2019-06-22T08:45:45.138627Z,2019,6,22,65.524000,21.799900,14.0,0,30.2,1,mainland
2019-06-22T08:46:21.002396Z,2019,6,22,65.398400,22.911500,-59.0,0,7.8,1,sea
2019-06-22T08:46:21.002403Z,2019,6,22,65.397700,22.904400,-54.0,0,26.4,1,sea
2019-06-22T08:46:21.026643Z,2019,6,22,65.376900,22.923700,-9.0,0,2.8,1,sea
2019-06-22T08:46:22.514282Z,2019,6,22,65.368700,22.083700,-4.0,0,2.6,1,sea
2019-06-22T08:46:22.516132Z,2019,6,22,65.371600,22.074900,-110.0,0,11.4,1,sea
2019-06-22T08:46:22.544623Z,2019,6,22,65.423200,22.282600,-21.0,0,5.6,1,coast_uncertain
2019-06-22T08:46:22.547716Z,2019,6,22,65.369900,22.080800,-10.0,0,10.8,1,sea
2019-06-22T08:46:22.552152Z,2019,6,22,65.367500,22.094500,-18.0,0,13.4,1,sea
2019-06-22T08:46:22.691249Z,2019,6,22,65.320200,22.050900,5.0,0,1.6,1,sea
2019-06-22T08:46:22.693753Z,2019,6,22,65.316600,22.041200,10.0,0,10.8,1,sea
2019-06-22T08:46:22.694764Z,2019,6,22,65.322600,22.062700,15.0,0,20.8,1,sea
2019-06-22T08:46:22.695548Z,2019,6,22,65.309000,22.039100,5.0,0,2.6,1,sea
2019-06-22T08:46:22.695998Z,2019,6,22,65.244600,22.270600,7.0,0,4.4,1,sea
2019-06-22T08:46:54.758424Z,2019,6,22,65.358800,22.193400,6.0,0,3.4,1,sea
2019-06-22T08:47:10.221011Z,2019,6,22,65.301200,22.378100,6.0,0,14.8,1,sea
2019-06-22T08:47:10.221563Z,2019,6,22,65.200200,22.593400,8.0,0,3.2,1,sea
2019-06-22T08:47:10.222282Z,2019,6,22,65.378300,22.178000,6.0,0,14.4,1,sea
2019-06-22T08:47:10.223192Z,2019,6,22,65.362900,22.178300,9.0,0,20.6,1,sea
2019-06-22T08:47:10.264042Z,2019,6,22,65.390200,22.190700,5.0,0,5.6,1,sea
2019-06-22T08:47:10.265225Z,2019,6,22,65.344800,22.302700,4.0,0,10.4,1,sea
2019-06-22T08:47:10.750771Z,2019,6,22,65.191000,22.371100,-9.0,0,1.6,1,sea
2019-06-22T08:47:10.753385Z,2019,6,22,65.310500,22.089600,-29.0,0,7.4,1,sea
2019-06-22T08:47:10.790174Z,2019,6,22,65.569300,22.116500,5.0,0,2.6,1,coast_uncertain
2019-06-22T08:47:10.834903Z,2019,6,22,65.311900,22.090600,-36.0,0,6.2,1,sea
2019-06-22T08:47:26.645056Z,2019,6,22,65.395800,22.931700,-14.0,0,7.6,1,sea
2019-06-22T08:47:26.646968Z,2019,6,22,65.395700,22.924000,-90.0,0,13.8,1,sea
2019-06-22T08:47:26.646988Z,2019,6,22,65.312000,23.064300,-123.0,0,14.6,1,sea
2019-06-22T08:47:26.658673Z,2019,6,22,65.386300,22.910200,-19.0,0,5.0,1,sea
2019-06-22T08:47:26.681637Z,2019,6,22,65.380200,22.966200,-12.0,0,4.2,1,sea
2019-06-22T08:47:33.835155Z,2019,6,22,65.371600,22.110200,-5.0,0,1.8,1,sea
2019-06-22T08:47:45.392913Z,2019,6,22,65.507400,21.809600,5.0,0,2.8,1,mainland
2019-06-22T08:47:45.549093Z,2019,6,22,65.516400,21.825600,-5.0,0,4.6,1,coast_uncertain
2019-06-22T08:48:20.217199Z,2019,6,22,65.537800,21.830500,-13.0,0,12.8,1,mainland
2019-06-22T08:48:30.083910Z,2019,6,22,65.396900,22.915900,-69.0,0,14.6,1,sea
2019-06-22T08:48:30.083943Z,2019,6,22,65.311800,22.787700,-51.0,0,20.8,1,sea
2019-06-22T08:48:30.098035Z,2019,6,22,65.400500,22.896400,-14.0,0,3.2,1,sea
2019-06-22T08:48:30.110889Z,2019,6,22,65.396000,22.872100,-6.0,0,22.8,1,sea
2019-06-22T08:48:59.461919Z,2019,6,22,65.508400,21.815500,7.0,0,3.4,1,mainland
2019-06-22T08:49:15.449933Z,2019,6,22,65.374800,22.098000,-99.0,0,13.2,1,sea
2019-06-22T08:49:15.567850Z,2019,6,22,65.324300,22.068800,4.0,0,5.6,1,sea
2019-06-22T08:49:15.577017Z,2019,6,22,65.326900,22.140300,5.0,0,2.6,1,sea
2019-06-22T08:49:38.043922Z,2019,6,22,65.399900,22.910700,-128.0,0,16.0,1,sea
2019-06-22T08:49:38.065317Z,2019,6,22,65.411300,22.912100,-22.0,0,5.0,1,sea
2019-06-22T08:49:38.597050Z,2019,6,22,65.366700,22.792000,27.0,0,10.4,1,sea
2019-06-22T08:50:51.970337Z,2019,6,22,65.183100,22.675800,5.0,0,2.0,1,sea
2019-06-22T08:50:51.970712Z,2019,6,22,65.414700,22.167100,11.0,0,13.4,1,sea
2019-06-22T08:50:51.973140Z,2019,6,22,65.422900,22.402600,20.0,0,8.4,1,sea
2019-06-22T08:50:51.973165Z,2019,6,22,65.390900,22.135700,19.0,0,16.2,1,sea
2019-06-22T08:50:51.973211Z,2019,6,22,65.337500,22.341900,23.0,0,11.4,1,sea
2019-06-22T08:50:52.031459Z,2019,6,22,65.377400,22.154700,9.0,0,10.4,1,sea
2019-06-22T08:51:45.433469Z,2019,6,22,65.400700,22.894700,-151.0,0,21.0,1,sea
2019-06-22T08:51:45.770465Z,2019,6,22,65.396500,22.904600,-9.0,0,2.6,1,sea
2019-06-22T08:51:45.880177Z,2019,6,22,65.365100,22.618200,-49.0,0,7.2,1,sea
2019-06-22T08:51:51.584143Z,2019,6,22,65.316100,22.293600,-14.0,0,15.6,1,sea
2019-06-22T08:51:51.586211Z,2019,6,22,65.469800,22.371700,-58.0,0,21.2,1,coast_uncertain
2019-06-22T08:51:51.586251Z,2019,6,22,65.372400,22.128400,-66.0,0,9.4,1,sea
2019-06-22T08:51:51.616694Z,2019,6,22,65.380200,22.105000,-9.0,0,12.6,1,sea
2019-06-22T08:51:51.645916Z,2019,6,22,65.397700,22.183900,-7.0,0,1.8,1,sea
2019-06-22T08:52:01.555428Z,2019,6,22,65.545700,21.835100,15.0,0,28.8,1,mainland
2019-06-22T08:52:01.555997Z,2019,6,22,65.546700,21.820600,13.0,0,15.0,1,mainland
2019-06-22T08:52:37.678600Z,2019,6,22,65.406400,21.912800,-52.0,0,8.6,1,coast_uncertain
2019-06-22T08:52:37.693894Z,2019,6,22,65.404900,21.915000,-8.0,0,5.0,1,coast_uncertain
2019-06-22T08:52:37.707295Z,2019,6,22,65.407200,21.909500,-9.0,0,5.8,1,coast_uncertain
2019-06-22T08:52:37.752862Z,2019,6,22,65.408200,21.908400,-8.0,0,5.2,1,coast_uncertain
2019-06-22T08:53:19.991608Z,2019,6,22,65.101900,22.761700,7.0,0,2.0,1,sea
2019-06-22T08:53:19.996362Z,2019,6,22,65.386400,22.081100,-21.0,0,4.2,1,sea
2019-06-22T08:53:20.214758Z,2019,6,22,65.558900,22.319200,5.0,0,4.8,1,coast_uncertain
2019-06-22T08:53:20.215196Z,2019,6,22,65.309500,22.148100,7.0,0,8.6,1,sea
2019-06-22T08:53:20.218576Z,2019,6,22,65.321900,22.169000,5.0,0,2.0,1,sea
2019-06-22T08:53:20.348050Z,2019,6,22,65.533800,22.197600,5.0,0,2.6,1,islands
2019-06-22T08:53:20.487658Z,2019,6,22,65.240500,22.435200,-7.0,0,7.8,1,sea
2019-06-22T08:53:24.280265Z,2019,6,22,65.589600,21.730600,-19.0,0,7.4,1,coast_uncertain
2019-06-22T08:54:30.923736Z,2019,6,22,65.415500,22.941600,-71.0,0,7.0,1,sea
2019-06-22T08:54:31.195136Z,2019,6,22,65.378700,22.731100,4.0,0,2.6,1,sea
2019-06-22T08:54:31.198201Z,2019,6,22,65.370400,22.786600,20.0,0,30.2,1,sea
2019-06-22T08:54:31.198203Z,2019,6,22,65.385200,22.776700,19.0,0,17.8,1,sea
2019-06-22T08:54:31.435093Z,2019,6,22,65.323600,22.727400,14.0,0,7.2,1,sea
2019-06-22T08:54:31.438940Z,2019,6,22,65.336600,22.740300,4.0,0,1.4,1,sea
2019-06-22T08:54:31.440802Z,2019,6,22,65.336000,22.646900,5.0,0,2.0,1,sea
2019-06-22T08:54:36.662264Z,2019,6,22,65.589000,21.807200,11.0,0,9.8,1,mainland
2019-06-22T08:54:46.750503Z,2019,6,22,65.405800,22.121900,-24.0,0,4.6,1,sea
2019-06-22T08:54:46.856286Z,2019,6,22,65.384200,22.156300,7.0,0,5.2,1,sea
2019-06-22T08:54:46.856976Z,2019,6,22,65.386400,22.130300,10.0,0,13.2,1,sea
2019-06-22T08:54:46.859626Z,2019,6,22,65.386200,22.154800,14.0,0,10.8,1,sea
2019-06-22T08:54:46.862135Z,2019,6,22,65.263600,22.360300,4.0,0,15.6,1,sea
2019-06-22T08:54:46.865471Z,2019,6,22,65.251900,22.461400,4.0,0,1.4,1,sea
2019-06-22T08:55:56.227132Z,2019,6,22,65.435700,22.172000,9.0,0,3.8,1,coast_uncertain
2019-06-22T08:55:56.227537Z,2019,6,22,65.446900,22.155800,7.0,0,4.4,1,coast_uncertain
2019-06-22T08:55:56.227893Z,2019,6,22,65.244900,22.587800,9.0,0,2.6,1,sea
2019-06-22T08:55:56.229008Z,2019,6,22,65.284000,22.506000,6.0,0,13.2,1,sea
2019-06-22T08:55:56.239959Z,2019,6,22,65.353500,22.269800,4.0,0,5.0,1,sea
2019-06-22T08:56:07.792804Z,2019,6,22,65.454800,22.907600,-50.0,0,30.2,1,sea
2019-06-22T08:56:07.805135Z,2019,6,22,65.452300,22.934600,-9.0,0,14.4,1,sea
2019-06-22T08:56:18.240924Z,2019,6,22,65.590400,21.818000,6.0,0,11.8,1,mainland
2019-06-22T08:56:18.241984Z,2019,6,22,65.478800,22.075300,5.0,0,7.2,1,sea
2019-06-22T08:56:55.018803Z,2019,6,22,65.453200,22.922600,-8.0,0,3.8,1,sea
2019-06-22T08:56:55.026018Z,2019,6,22,65.461200,22.933700,-25.0,0,7.4,1,sea
2019-06-22T08:56:55.384845Z,2019,6,22,65.436000,22.831600,9.0,0,10.6,1,sea
2019-06-22T08:56:55.386640Z,2019,6,22,65.472500,22.776700,5.0,0,3.6,1,sea
2019-06-22T08:56:55.387556Z,2019,6,22,65.471000,22.783100,9.0,0,6.2,1,coast_uncertain
2019-06-22T08:56:55.394755Z,2019,6,22,65.440700,22.731000,-15.0,0,20.2,1,sea
2019-06-22T08:56:55.394760Z,2019,6,22,65.439600,22.782300,-15.0,0,13.0,1,sea
2019-06-22T08:56:55.412449Z,2019,6,22,65.408200,22.785100,-5.0,0,2.0,1,sea
2019-06-22T08:56:55.428897Z,2019,6,22,65.447600,22.924200,4.0,0,11.2,1,sea
2019-06-22T08:58:00.299061Z,2019,6,22,65.408300,22.161400,-195.0,0,21.6,1,sea
2019-06-22T08:58:00.402637Z,2019,6,22,65.395100,22.190200,12.0,0,8.4,1,sea
2019-06-22T08:58:00.402697Z,2019,6,22,65.580200,22.338400,7.0,0,7.0,1,mainland
2019-06-22T08:58:00.403532Z,2019,6,22,65.387100,22.190300,9.0,0,9.4,1,sea
2019-06-22T08:58:00.409238Z,2019,6,22,65.382700,22.130000,10.0,0,5.0,1,sea
2019-06-22T08:58:00.829836Z,2019,6,22,65.533600,22.046000,-6.0,0,5.2,1,mainland
2019-06-22T08:58:02.159896Z,2019,6,22,65.454600,22.915300,-8.0,0,3.0,1,sea
2019-06-22T08:58:02.162604Z,2019,6,22,65.451700,22.922300,-49.0,0,5.8,1,sea
2019-06-22T08:58:02.174022Z,2019,6,22,65.430200,22.934900,-6.0,0,14.2,1,sea
2019-06-22T08:58:02.179434Z,2019,6,22,65.459500,22.888800,-10.0,0,17.8,1,sea
2019-06-22T08:59:46.233285Z,2019,6,22,65.444000,22.152300,-16.0,0,4.6,1,coast_uncertain
2019-06-22T08:59:46.234831Z,2019,6,22,65.443800,22.231400,-126.0,0,7.4,1,sea
2019-06-22T08:59:46.253780Z,2019,6,22,65.509400,22.085200,-7.0,0,1.6,1,coast_uncertain
2019-06-22T08:59:46.258531Z,2019,6,22,65.455300,22.134500,-21.0,0,7.2,1,coast_uncertain
2019-06-22T08:59:46.265141Z,2019,6,22,65.450400,22.115100,-5.0,0,16.4,1,sea
2019-06-22T08:59:46.266184Z,2019,6,22,65.245700,22.571300,-4.0,0,2.6,1,sea
2019-06-22T08:59:46.267502Z,2019,6,22,65.452900,22.145400,-9.0,0,4.4,1,coast_uncertain
2019-06-22T09:00:52.303167Z,2019,6,22,65.596900,21.884400,23.0,0,25.0,1,coast_uncertain
2019-06-22T09:00:59.475049Z,2019,6,22,65.470200,22.924700,-30.0,0,9.4,1,sea
2019-06-22T09:00:59.476100Z,2019,6,22,65.453200,22.868500,-59.0,0,14.0,1,sea
2019-06-22T09:00:59.494444Z,2019,6,22,65.483000,22.928000,-10.0,0,3.6,1,sea
2019-06-22T09:00:59.511933Z,2019,6,22,65.454300,22.950000,-4.0,0,25.0,1,sea
2019-06-22T09:01:03.190943Z,2019,6,22,65.448800,22.158800,-11.0,0,16.2,1,islands
2019-06-22T09:01:03.190982Z,2019,6,22,65.277800,22.522400,6.0,0,5.4,1,sea
2019-06-22T09:01:03.193032Z,2019,6,22,65.450600,22.183100,-70.0,0,14.4,1,islands
2019-06-22T09:01:03.212416Z,2019,6,22,65.482400,22.139400,-19.0,0,4.0,1,sea
2019-06-22T09:01:03.347155Z,2019,6,22,65.441900,22.120800,5.0,0,5.2,1,coast_uncertain
2019-06-22T09:01:03.347963Z,2019,6,22,65.435300,22.088000,8.0,0,6.2,1,sea
2019-06-22T09:01:03.348994Z,2019,6,22,65.423600,22.122900,13.0,0,15.6,1,coast_uncertain
2019-06-22T09:01:03.951201Z,2019,6,22,65.077400,22.457000,4.0,0,1.6,1,sea
2019-06-22T09:02:46.405072Z,2019,6,22,65.542600,22.351500,6.0,0,5.2,1,coast_uncertain
2019-06-22T09:02:46.405489Z,2019,6,22,65.502500,22.462400,5.0,0,4.4,1,coast_uncertain
2019-06-22T09:02:57.194730Z,2019,6,22,65.503700,22.757900,-18.0,0,10.0,1,sea
2019-06-22T09:02:57.196413Z,2019,6,22,65.499900,22.752700,-67.0,0,14.2,1,sea
2019-06-22T09:02:57.206613Z,2019,6,22,65.505700,22.767600,-14.0,0,5.6,1,sea
2019-06-22T09:02:57.341186Z,2019,6,22,65.439000,22.789000,12.0,0,22.8,1,sea
2019-06-22T09:02:57.341947Z,2019,6,22,65.438600,22.849000,9.0,0,26.2,1,sea
2019-06-22T09:02:57.343427Z,2019,6,22,65.436400,22.844600,5.0,0,5.6,1,sea
2019-06-22T09:02:57.359455Z,2019,6,22,65.325800,23.039400,-5.0,0,3.6,1,sea
2019-06-22T09:02:57.364699Z,2019,6,22,65.530400,22.810000,-4.0,0,4.6,1,coast_uncertain
2019-06-22T09:05:02.217751Z,2019,6,22,65.578300,21.876500,5.0,0,7.8,1,mainland
2019-06-22T09:05:02.304245Z,2019,6,22,65.450700,22.158400,5.0,0,5.6,1,islands
2019-06-22T09:05:02.325304Z,2019,6,22,65.306900,22.430300,4.0,0,1.4,1,sea
2019-06-22T09:05:40.658598Z,2019,6,22,65.478400,22.830700,-14.0,0,11.4,1,sea
2019-06-22T09:05:40.658600Z,2019,6,22,65.520700,22.918200,-19.0,0,4.4,1,sea
2019-06-22T09:05:40.682163Z,2019,6,22,65.475600,22.900600,4.0,0,3.4,1,sea
2019-06-22T09:05:40.683271Z,2019,6,22,65.479100,22.898700,11.0,0,4.2,1,sea
2019-06-22T09:05:40.691103Z,2019,6,22,65.511200,22.892100,-5.0,0,4.6,1,sea
2019-06-22T09:05:40.692845Z,2019,6,22,65.492700,22.926300,11.0,0,20.0,1,sea
2019-06-22T09:05:40.696532Z,2019,6,22,65.491800,22.853100,8.0,0,5.8,1,sea
2019-06-22T09:05:40.697689Z,2019,6,22,65.491100,22.894300,14.0,0,7.4,1,sea
2019-06-22T09:05:40.703127Z,2019,6,22,65.448100,22.884900,4.0,0,1.8,1,sea
2019-06-22T09:05:40.899568Z,2019,6,22,65.482600,22.609900,6.0,0,3.8,1,sea
2019-06-22T09:06:40.929614Z,2019,6,22,65.618500,22.351500,11.0,0,7.8,1,coast_uncertain
2019-06-22T09:06:40.931138Z,2019,6,22,65.493600,22.170900,-51.0,0,10.8,1,sea
2019-06-22T09:06:40.942761Z,2019,6,22,65.484000,22.131100,-8.0,0,3.4,1,sea
2019-06-22T09:08:11.399034Z,2019,6,22,65.566600,22.219200,-5.0,0,3.8,1,coast_uncertain
2019-06-22T09:08:11.714382Z,2019,6,22,65.418600,22.028500,-39.0,0,12.2,1,coast_uncertain
2019-06-22T09:08:11.719921Z,2019,6,22,65.350200,22.363000,-6.0,0,13.4,1,sea
2019-06-22T09:08:11.721790Z,2019,6,22,65.567300,22.069700,-6.0,0,1.4,1,coast_uncertain
2019-06-22T09:09:29.002618Z,2019,6,22,65.576800,22.351200,20.0,0,7.2,1,mainland
2019-06-22T09:09:29.202309Z,2019,6,22,65.563400,22.346800,7.0,0,3.6,1,mainland
2019-06-22T09:09:29.212577Z,2019,6,22,65.353100,22.811000,4.0,0,17.4,1,sea
2019-06-22T09:09:29.217447Z,2019,6,22,65.299700,22.846900,4.0,0,1.6,1,sea
2019-06-22T09:09:29.293179Z,2019,6,22,65.575300,22.345700,9.0,0,2.6,1,mainland
2019-06-22T09:09:29.530114Z,2019,6,22,65.522200,22.541300,-37.0,0,8.0,1,coast_uncertain
2019-06-22T09:09:29.561679Z,2019,6,22,65.271300,22.798700,4.0,0,1.6,1,sea
2019-06-22T09:09:29.574118Z,2019,6,22,65.358400,22.941500,4.0,0,2.2,1,sea
2019-06-22T09:09:29.738392Z,2019,6,22,65.192800,22.375800,6.0,0,1.4,1,sea
2019-06-22T09:09:29.844364Z,2019,6,22,65.414000,22.294300,-6.0,0,1.6,1,sea
2019-06-22T09:09:29.964670Z,2019,6,22,65.352800,22.054200,-9.0,0,3.8,1,sea
2019-06-22T09:10:34.942814Z,2019,6,22,65.600200,22.340100,11.0,0,16.4,1,coast_uncertain
2019-06-22T09:10:34.942824Z,2019,6,22,65.237800,22.993600,-4.0,0,4.2,1,sea
2019-06-22T09:11:32.394442Z,2019,6,22,65.587100,22.208700,8.0,0,4.0,1,mainland
2019-06-22T09:12:30.334289Z,2019,6,22,65.498800,22.093500,15.0,0,29.8,1,coast_uncertain
2019-06-22T09:13:41.850024Z,2019,6,22,65.616400,22.326600,16.0,0,15.4,1,mainland
2019-06-22T09:13:41.890707Z,2019,6,22,65.519100,22.504400,-5.0,0,10.0,1,sea
2019-06-22T09:13:42.193301Z,2019,6,22,65.522300,22.379900,6.0,0,7.0,1,coast_uncertain
2019-06-22T09:13:42.197129Z,2019,6,22,65.552400,22.409000,-5.0,0,4.0,1,coast_uncertain
2019-06-22T09:13:42.877369Z,2019,6,22,65.609600,22.771600,-30.0,0,7.4,1,sea
2019-06-22T09:13:42.951650Z,2019,6,22,65.589600,22.798600,-7.0,0,5.6,1,sea
2019-06-22T09:13:43.045834Z,2019,6,22,65.611800,22.774300,-41.0,0,7.0,1,sea
2019-06-22T09:13:43.090410Z,2019,6,22,65.461300,22.846200,6.0,0,5.8,1,sea
2019-06-22T09:13:43.094012Z,2019,6,22,65.533200,22.728500,7.0,0,4.6,1,coast_uncertain
2019-06-22T09:14:43.712649Z,2019,6,22,65.551100,21.955600,-6.0,0,15.6,1,mainland
2019-06-22T09:14:43.857614Z,2019,6,22,65.587200,22.318500,6.0,0,2.8,1,coast_uncertain
2019-06-22T09:14:43.879723Z,2019,6,22,65.607600,22.206800,7.0,0,7.8,1,mainland
2019-06-22T09:14:44.108981Z,2019,6,22,65.520100,22.162000,-18.0,0,5.2,1,coast_uncertain
2019-06-22T09:14:44.137637Z,2019,6,22,65.518600,22.157400,-10.0,0,5.8,1,coast_uncertain
2019-06-22T09:14:44.207073Z,2019,6,22,65.519900,22.157600,-6.0,0,4.6,1,coast_uncertain
2019-06-22T09:14:44.304626Z,2019,6,22,65.518400,22.156700,-9.0,0,4.8,1,coast_uncertain
2019-06-22T09:14:52.966419Z,2019,6,22,65.606900,22.790000,5.0,0,16.4,1,sea
2019-06-22T09:14:53.333577Z,2019,6,22,65.570800,22.773700,-13.0,0,11.4,1,coast_uncertain
2019-06-22T09:16:00.161777Z,2019,6,22,65.143600,22.902500,10.0,0,7.2,1,sea
2019-06-22T09:16:00.162256Z,2019,6,22,65.583300,22.566900,-14.0,0,9.8,1,coast_uncertain
2019-06-22T09:16:00.162652Z,2019,6,22,65.619700,22.331800,22.0,0,28.2,1,coast_uncertain
2019-06-22T09:16:00.163038Z,2019,6,22,65.539000,22.487900,13.0,0,14.4,1,sea
2019-06-22T09:16:00.650420Z,2019,6,22,65.487000,22.031700,14.0,0,22.6,1,sea
2019-06-22T09:16:01.028383Z,2019,6,22,65.492100,22.208500,-35.0,0,7.2,1,sea
2019-06-22T09:16:30.690957Z,2019,6,22,65.628400,22.716700,6.0,0,2.6,1,coast_uncertain
2019-06-22T09:16:30.691623Z,2019,6,22,65.628100,22.724600,12.0,0,18.8,1,sea
2019-06-22T09:16:30.693323Z,2019,6,22,65.681300,22.825500,5.0,0,2.2,1,sea
2019-06-22T09:16:30.694181Z,2019,6,22,65.721100,22.576300,5.0,0,2.0,1,coast_uncertain
2019-06-22T09:16:30.695178Z,2019,6,22,65.498600,22.937100,4.0,0,2.0,1,sea
2019-06-22T09:16:30.990773Z,2019,6,22,65.445600,23.010600,4.0,0,1.4,1,sea
2019-06-22T09:17:07.675310Z,2019,6,22,65.588800,22.518900,7.0,0,5.8,1,coast_uncertain
2019-06-22T09:17:07.676456Z,2019,6,22,65.602000,22.505900,8.0,0,19.4,1,sea
2019-06-22T09:17:07.677028Z,2019,6,22,65.579100,22.502400,10.0,0,11.4,1,sea
2019-06-22T09:17:07.733170Z,2019,6,22,65.561100,22.414300,3.0,0,2.8,1,sea
2019-06-22T09:17:41.498332Z,2019,6,22,65.627300,22.720000,6.0,0,4.2,1,sea
2019-06-22T09:17:41.499044Z,2019,6,22,65.627000,22.711000,12.0,0,4.2,1,sea
2019-06-22T09:17:41.501335Z,2019,6,22,65.613800,22.694500,-13.0,0,23.4,1,sea
2019-06-22T09:18:52.365541Z,2019,6,22,65.598400,22.348600,11.0,0,11.8,1,coast_uncertain
2019-06-22T09:18:52.366657Z,2019,6,22,65.617700,22.322700,19.0,0,30.2,1,mainland
2019-06-22T09:18:52.368959Z,2019,6,22,65.555300,22.447600,7.0,0,18.0,1,sea
2019-06-22T09:18:52.375033Z,2019,6,22,65.613400,22.339600,5.0,0,4.4,1,coast_uncertain
2019-06-22T09:19:03.227791Z,2019,6,22,65.512000,22.916700,4.0,0,2.8,1,sea
2019-06-22T09:19:03.231329Z,2019,6,22,65.621700,22.743200,-49.0,0,22.6,1,sea
2019-06-22T09:19:03.231337Z,2019,6,22,65.624600,22.727500,-53.0,0,22.8,1,sea
2019-06-22T09:19:03.251366Z,2019,6,22,65.640800,22.729600,-29.0,0,7.2,1,coast_uncertain
2019-06-22T09:19:03.274505Z,2019,6,22,65.617400,22.792100,-6.0,0,5.2,1,sea
2019-06-22T09:19:03.306216Z,2019,6,22,65.604300,22.755800,-7.0,0,3.6,1,coast_uncertain
2019-06-22T09:19:03.329530Z,2019,6,22,65.637200,22.721300,-11.0,0,2.4,1,coast_uncertain
2019-06-22T09:20:17.641559Z,2019,6,22,65.621000,22.397300,-9.0,0,21.0,1,coast_uncertain
2019-06-22T09:20:17.642058Z,2019,6,22,65.619400,22.319100,6.0,0,17.6,1,mainland
2019-06-22T09:20:17.645227Z,2019,6,22,65.536100,22.544400,5.0,0,3.0,1,coast_uncertain
2019-06-22T09:20:17.875989Z,2019,6,22,65.599400,22.148500,-5.0,0,6.6,1,coast_uncertain
2019-06-22T09:20:18.090445Z,2019,6,22,65.392700,22.427900,6.0,0,2.0,1,sea
2019-06-22T09:21:24.336426Z,2019,6,22,65.595400,22.716900,25.0,0,13.4,1,sea
2019-06-22T09:21:24.340969Z,2019,6,22,65.552600,22.653200,-3.0,0,3.6,1,coast_uncertain
2019-06-22T09:21:26.789090Z,2019,6,22,65.505300,22.178100,8.0,0,7.2,1,sea
2019-06-22T09:21:26.843682Z,2019,6,22,65.605600,22.000700,36.0,0,15.2,1,coast_uncertain
2019-06-22T09:21:26.952778Z,2019,6,22,65.602300,21.783900,21.0,0,5.4,1,mainland
2019-06-22T09:21:27.240388Z,2019,6,22,65.333800,22.583000,-4.0,0,1.4,1,sea
2019-06-22T09:22:35.766704Z,2019,6,22,65.624500,22.339400,20.0,0,16.4,1,coast_uncertain
2019-06-22T09:22:35.766958Z,2019,6,22,65.623500,22.341800,29.0,0,17.0,1,coast_uncertain
2019-06-22T09:22:35.768265Z,2019,6,22,65.639500,22.447200,-19.0,0,12.2,1,sea
2019-06-22T09:22:35.772331Z,2019,6,22,65.460500,22.658600,4.0,0,8.2,1,sea
2019-06-22T09:22:35.883450Z,2019,6,22,65.401000,22.412400,4.0,0,1.4,1,sea
2019-06-22T09:23:16.784349Z,2019,6,22,65.640800,22.713200,14.0,0,15.4,1,sea
2019-06-22T09:23:16.786846Z,2019,6,22,65.646700,22.759900,9.0,0,21.2,1,coast_uncertain
2019-06-22T09:23:16.789929Z,2019,6,22,65.652100,22.721300,5.0,0,20.8,1,sea
2019-06-22T09:23:16.811402Z,2019,6,22,65.638100,22.720800,11.0,0,16.6,1,sea
2019-06-22T09:24:29.732844Z,2019,6,22,65.599300,22.135500,-24.0,0,7.2,1,mainland
2019-06-22T09:24:29.733449Z,2019,6,22,65.596000,22.109300,24.0,0,30.2,1,coast_uncertain
2019-06-22T09:24:29.734064Z,2019,6,22,65.598000,22.190800,-14.0,0,17.8,1,mainland
2019-06-22T09:24:29.734091Z,2019,6,22,65.475300,22.412100,12.0,0,10.4,1,sea
2019-06-22T09:24:29.734915Z,2019,6,22,65.343300,22.657400,5.0,0,1.6,1,sea
2019-06-22T09:24:29.735769Z,2019,6,22,65.652200,22.226300,18.0,0,30.2,1,coast_uncertain
2019-06-22T09:24:29.735803Z,2019,6,22,65.570400,22.135900,-21.0,0,23.0,1,coast_uncertain
2019-06-22T09:24:29.737221Z,2019,6,22,65.593900,22.141500,14.0,0,12.8,1,coast_uncertain
2019-06-22T09:24:29.796056Z,2019,6,22,65.487900,22.351700,5.0,0,1.2,1,coast_uncertain
2019-06-22T09:24:29.801954Z,2019,6,22,65.605400,21.969500,-7.0,0,3.8,1,coast_uncertain
2019-06-22T09:24:29.808908Z,2019,6,22,65.494600,22.179800,-5.0,0,1.6,1,sea
2019-06-22T09:24:29.940541Z,2019,6,22,65.397700,22.405100,-4.0,0,2.2,1,sea
2019-06-22T09:25:29.119206Z,2019,6,22,65.657900,22.733700,-78.0,0,9.2,1,sea
2019-06-22T09:25:29.145080Z,2019,6,22,65.647400,22.714400,-9.0,0,2.8,1,sea
2019-06-22T09:25:29.326300Z,2019,6,22,65.606500,22.674200,4.0,0,3.0,1,sea
2019-06-22T09:25:29.430091Z,2019,6,22,65.572700,22.681000,21.0,0,10.0,1,sea
2019-06-22T09:25:29.498849Z,2019,6,22,65.646900,22.714500,8.0,0,2.6,1,sea
2019-06-22T09:25:29.508496Z,2019,6,22,65.648100,22.714800,5.0,0,3.2,1,sea
2019-06-22T09:25:29.560068Z,2019,6,22,65.572400,22.675300,9.0,0,4.0,1,sea
2019-06-22T09:25:44.135697Z,2019,6,22,65.638200,22.077000,-14.0,0,6.2,1,coast_uncertain
2019-06-22T09:25:44.155702Z,2019,6,22,65.637000,22.093600,-7.0,0,4.0,1,coast_uncertain
2019-06-22T09:25:44.185113Z,2019,6,22,65.645900,22.014400,-9.0,0,4.6,1,mainland
2019-06-22T09:25:44.204684Z,2019,6,22,65.631000,22.106600,-7.0,0,4.8,1,mainland
2019-06-22T09:25:51.517114Z,2019,6,22,65.650400,22.369100,13.0,0,7.8,1,sea
2019-06-22T09:25:51.517449Z,2019,6,22,65.643900,22.365900,11.0,0,5.2,1,sea
2019-06-22T09:25:51.524161Z,2019,6,22,65.634400,22.354600,5.0,0,6.0,1,coast_uncertain
2019-06-22T09:25:51.529911Z,2019,6,22,65.474300,22.700500,4.0,0,2.8,1,coast_uncertain
2019-06-22T09:25:52.021070Z,2019,6,22,65.591800,21.693900,20.0,0,7.2,1,mainland
2019-06-22T09:25:56.920702Z,2019,6,22,65.726800,22.690600,-9.0,0,3.4,1,coast_uncertain
2019-06-22T09:25:56.950762Z,2019,6,22,65.711900,22.685800,-6.0,0,17.2,1,coast_uncertain
2019-06-22T09:27:09.588021Z,2019,6,22,65.654000,22.394100,16.0,0,8.8,1,coast_uncertain
2019-06-22T09:27:09.588362Z,2019,6,22,65.658500,22.406000,-20.0,0,6.0,1,coast_uncertain
2019-06-22T09:27:10.076265Z,2019,6,22,65.556300,22.270300,-13.0,0,3.8,1,coast_uncertain
2019-06-22T09:27:10.145985Z,2019,6,22,65.519900,21.837300,6.0,0,3.2,1,coast_uncertain
2019-06-22T09:28:36.489056Z,2019,6,22,65.635300,22.086100,-6.0,0,2.2,1,coast_uncertain
2019-06-22T09:29:09.610501Z,2019,6,22,65.639200,22.180800,8.0,0,6.2,1,mainland
2019-06-22T09:29:09.901660Z,2019,6,22,65.608600,21.988800,7.0,0,3.4,1,coast_uncertain
2019-06-22T09:29:09.967919Z,2019,6,22,65.645200,22.081800,-9.0,0,1.8,1,mainland
2019-06-22T09:29:09.995380Z,2019,6,22,65.556700,22.068100,-10.0,0,3.8,1,coast_uncertain
2019-06-22T09:29:10.017349Z,2019,6,22,65.558600,22.063200,-7.0,0,3.2,1,coast_uncertain
2019-06-22T09:29:10.045031Z,2019,6,22,65.557500,22.062200,-9.0,0,4.4,1,coast_uncertain
2019-06-22T09:29:10.100725Z,2019,6,22,65.559000,22.069500,-14.0,0,4.6,1,coast_uncertain
2019-06-22T09:29:10.126872Z,2019,6,22,65.557600,22.064800,-6.0,0,1.8,1,coast_uncertain
2019-06-22T09:29:20.751332Z,2019,6,22,65.631400,22.698200,5.0,0,7.2,1,sea
2019-06-22T09:29:20.854794Z,2019,6,22,65.627900,22.711200,10.0,0,4.8,1,sea
2019-06-22T09:30:22.063260Z,2019,6,22,65.659600,22.416000,12.0,0,5.2,1,coast_uncertain
2019-06-22T09:30:22.064013Z,2019,6,22,65.665700,22.378700,12.0,0,20.8,1,coast_uncertain
2019-06-22T09:30:22.064748Z,2019,6,22,65.661300,22.406700,6.0,0,7.8,1,coast_uncertain
2019-06-22T09:30:22.078576Z,2019,6,22,65.563100,22.634700,5.0,0,30.2,1,sea
2019-06-22T09:30:58.974084Z,2019,6,22,65.622200,22.111200,-12.0,0,10.8,1,mainland
2019-06-22T09:30:58.975977Z,2019,6,22,65.617600,22.122300,-63.0,0,10.8,1,mainland
2019-06-22T09:30:58.975997Z,2019,6,22,65.680400,22.179400,-49.0,0,13.2,1,mainland
2019-06-22T09:30:58.989631Z,2019,6,22,65.618900,22.235300,-5.0,0,24.4,1,coast_uncertain
2019-06-22T09:30:58.992900Z,2019,6,22,65.611000,22.131700,-19.0,0,4.4,1,coast_uncertain
2019-06-22T09:30:58.997941Z,2019,6,22,65.615800,22.118600,-7.0,0,3.2,1,coast_uncertain
2019-06-22T09:30:59.015014Z,2019,6,22,65.616600,22.114600,-13.0,0,4.2,1,coast_uncertain
2019-06-22T09:30:59.441497Z,2019,6,22,65.614800,22.109400,-8.0,0,3.4,1,coast_uncertain
2019-06-22T09:32:00.272907Z,2019,6,22,65.700000,22.669600,-23.0,0,5.2,1,sea
2019-06-22T09:32:00.289593Z,2019,6,22,65.689400,22.702000,-9.0,0,4.6,1,coast_uncertain
2019-06-22T09:32:00.325406Z,2019,6,22,65.707000,22.677000,-5.0,0,5.6,1,sea
2019-06-22T09:32:30.770382Z,2019,6,22,65.661700,22.460600,10.0,0,4.6,1,sea
2019-06-22T09:32:30.771243Z,2019,6,22,65.655100,22.451100,8.0,0,14.6,1,sea
2019-06-22T09:32:30.772738Z,2019,6,22,65.726600,22.364600,5.0,0,1.6,1,coast_uncertain
2019-06-22T09:32:30.774755Z,2019,6,22,65.503300,22.769100,5.0,0,7.0,1,sea
2019-06-22T09:32:30.822657Z,2019,6,22,65.668800,22.380800,6.0,0,12.0,1,coast_uncertain
2019-06-22T09:32:31.120123Z,2019,6,22,65.599100,21.697200,55.0,0,12.0,1,mainland
2019-06-22T09:32:31.128740Z,2019,6,22,65.602200,21.700500,8.0,0,5.0,1,mainland
2019-06-22T09:32:31.191707Z,2019,6,22,65.611600,22.300800,-19.0,0,4.6,1,mainland
2019-06-22T09:33:30.553721Z,2019,6,22,65.485400,22.723400,4.0,0,8.8,1,coast_uncertain
2019-06-22T09:34:15.466632Z,2019,6,22,65.646900,22.284800,6.0,0,3.2,1,coast_uncertain
2019-06-22T09:34:16.820895Z,2019,6,22,65.710800,22.660700,-230.0,0,19.6,1,sea
2019-06-22T09:34:16.845003Z,2019,6,22,65.709100,22.688600,-27.0,0,8.2,1,coast_uncertain
2019-06-22T09:34:16.850662Z,2019,6,22,65.700200,22.717500,-12.0,0,30.2,1,coast_uncertain
2019-06-22T09:34:16.918213Z,2019,6,22,65.729600,22.679300,5.0,0,4.4,1,sea
2019-06-22T09:34:16.919751Z,2019,6,22,65.720800,22.664100,4.0,0,1.6,1,sea
2019-06-22T09:34:16.922016Z,2019,6,22,65.625200,22.874700,5.0,0,3.2,1,sea
2019-06-22T09:34:16.922844Z,2019,6,22,65.646700,22.781900,4.0,0,2.2,1,sea
2019-06-22T09:36:05.086771Z,2019,6,22,65.535300,22.629500,5.0,0,4.6,1,sea
2019-06-22T09:36:05.087007Z,2019,6,22,65.697200,22.343100,6.0,0,15.6,1,coast_uncertain
2019-06-22T09:36:05.109723Z,2019,6,22,65.689700,22.332300,9.0,0,22.6,1,mainland
2019-06-22T09:36:05.128257Z,2019,6,22,65.692900,22.358900,7.0,0,7.0,1,coast_uncertain
2019-06-22T09:36:05.157316Z,2019,6,22,65.679500,22.385400,6.0,0,2.8,1,coast_uncertain
2019-06-22T09:36:05.190605Z,2019,6,22,65.683900,22.578200,-5.0,0,1.8,1,sea
2019-06-22T09:36:05.203966Z,2019,6,22,65.509500,22.934800,4.0,0,3.8,1,sea
2019-06-22T09:36:05.380815Z,2019,6,22,65.693700,22.349300,8.0,0,3.0,1,mainland
2019-06-22T09:37:18.214394Z,2019,6,22,65.680000,22.233400,-7.0,0,3.8,1,coast_uncertain
2019-06-22T09:37:18.231327Z,2019,6,22,65.659300,22.209600,-6.0,0,3.4,1,mainland
2019-06-22T09:37:18.328851Z,2019,6,22,65.674600,22.402900,11.0,0,11.6,1,sea
2019-06-22T09:37:18.329573Z,2019,6,22,65.680000,22.354900,7.0,0,7.0,1,coast_uncertain
2019-06-22T09:38:37.952969Z,2019,6,22,65.681800,22.358600,13.0,0,5.0,1,coast_uncertain
2019-06-22T09:38:37.955733Z,2019,6,22,65.471900,22.683200,5.0,0,14.6,1,sea
2019-06-22T09:38:38.022776Z,2019,6,22,65.545400,22.600600,6.0,0,3.4,1,coast_uncertain
2019-06-22T09:38:38.273775Z,2019,6,22,65.479200,21.822700,34.0,0,10.6,1,mainland
2019-06-22T09:38:38.421697Z,2019,6,22,65.640700,22.229800,-35.0,0,17.4,1,mainland
2019-06-22T09:38:38.421718Z,2019,6,22,65.602800,22.149900,-40.0,0,10.6,1,coast_uncertain
2019-06-22T09:38:38.438640Z,2019,6,22,65.603100,22.150600,-12.0,0,4.0,1,coast_uncertain
2019-06-22T09:38:38.449721Z,2019,6,22,65.602300,22.147500,-7.0,0,4.0,1,mainland
2019-06-22T09:38:38.458140Z,2019,6,22,65.384700,22.571800,-5.0,0,1.0,1,sea
2019-06-22T09:39:58.912948Z,2019,6,22,65.626900,22.729500,-31.0,0,10.8,1,sea
2019-06-22T09:40:29.303461Z,2019,6,22,65.758800,22.387100,-114.0,0,14.6,1,sea
2019-06-22T09:40:29.550800Z,2019,6,22,65.702800,22.350800,8.0,0,16.8,1,coast_uncertain
2019-06-22T09:40:29.556275Z,2019,6,22,65.515800,22.670000,8.0,0,10.0,1,coast_uncertain
2019-06-22T09:40:29.556538Z,2019,6,22,65.637200,22.340600,6.0,0,12.8,1,coast_uncertain
2019-06-22T09:40:29.562706Z,2019,6,22,65.649300,22.368300,5.0,0,10.0,1,sea
2019-06-22T09:41:08.986918Z,2019,6,22,65.654500,22.814700,27.0,0,8.4,1,coast_uncertain
2019-06-22T09:41:09.163038Z,2019,6,22,65.705700,22.545800,-6.0,0,2.2,1,sea
2019-06-22T09:42:44.017146Z,2019,6,22,65.789700,22.468200,13.0,0,20.0,1,sea
2019-06-22T09:42:44.017577Z,2019,6,22,65.792500,22.592300,18.0,0,18.8,1,coast_uncertain
2019-06-22T09:42:44.018706Z,2019,6,22,65.785700,22.576500,17.0,0,20.4,1,sea
2019-06-22T09:42:44.020230Z,2019,6,22,65.779900,22.593100,9.0,0,3.6,1,sea
2019-06-22T09:42:44.043676Z,2019,6,22,65.788500,22.571800,5.0,0,5.6,1,coast_uncertain
2019-06-22T09:42:44.479125Z,2019,6,22,65.747200,22.508200,-12.0,0,4.6,1,sea
2019-06-22T09:42:44.480061Z,2019,6,22,65.706000,22.553400,-15.0,0,3.8,1,sea
2019-06-22T09:42:44.484572Z,2019,6,22,65.575900,22.587400,6.0,0,9.6,1,coast_uncertain
2019-06-22T09:42:44.544362Z,2019,6,22,65.712400,22.521100,-10.0,0,4.0,1,sea
2019-06-22T09:42:44.671704Z,2019,6,22,65.697700,22.361000,-13.0,0,9.6,1,coast_uncertain
2019-06-22T09:42:44.823931Z,2019,6,22,65.699600,22.535900,16.0,0,7.8,1,sea
2019-06-22T09:42:44.968431Z,2019,6,22,65.562700,21.647400,42.0,0,11.4,1,mainland
2019-06-22T09:42:45.007611Z,2019,6,22,65.652200,22.119100,7.0,0,3.4,1,coast_uncertain
2019-06-22T09:42:45.246271Z,2019,6,22,65.358000,22.198900,-4.0,0,1.2,1,sea
2019-06-22T09:43:40.054002Z,2019,6,22,65.741800,22.422800,-20.0,0,8.0,1,sea
2019-06-22T09:43:40.074384Z,2019,6,22,65.740600,22.421200,-9.0,0,3.2,1,sea
2019-06-22T09:43:40.088068Z,2019,6,22,65.741700,22.422400,-5.0,0,2.6,1,sea
2019-06-22T09:43:40.096757Z,2019,6,22,65.560500,22.728400,-4.0,0,2.4,1,sea
2019-06-22T09:44:52.468700Z,2019,6,22,65.731800,22.413800,-58.0,0,17.6,1,sea
2019-06-22T09:44:52.589713Z,2019,6,22,65.716100,22.367500,-5.0,0,1.8,1,sea
2019-06-22T09:44:52.618170Z,2019,6,22,65.724100,22.511700,6.0,0,5.2,1,coast_uncertain
2019-06-22T09:44:52.618904Z,2019,6,22,65.642600,22.651200,6.0,0,1.8,1,coast_uncertain
2019-06-22T09:44:52.654187Z,2019,6,22,65.591900,22.905300,5.0,0,2.2,1,sea
2019-06-22T09:46:51.899010Z,2019,6,22,65.737500,22.427800,-9.0,0,4.8,1,sea
2019-06-22T09:46:51.900942Z,2019,6,22,65.747800,22.421400,-78.0,0,21.2,1,sea
2019-06-22T09:46:52.000036Z,2019,6,22,65.761800,22.530100,6.0,0,3.2,1,sea
2019-06-22T09:46:52.002231Z,2019,6,22,65.768300,22.537300,5.0,0,5.0,1,sea
2019-06-22T09:46:52.003531Z,2019,6,22,65.857900,22.499500,4.0,0,20.4,1,coast_uncertain
2019-06-22T09:46:52.249067Z,2019,6,22,65.636100,22.105600,8.0,0,11.4,1,coast_uncertain
2019-06-22T09:46:52.289093Z,2019,6,22,65.650300,22.113300,18.0,0,6.6,1,coast_uncertain
2019-06-22T09:47:41.416415Z,2019,6,22,65.741900,22.563200,-8.0,0,2.6,1,sea
2019-06-22T09:47:41.587469Z,2019,6,22,65.748300,22.494400,-8.0,0,4.4,1,sea
2019-06-22T09:47:41.659114Z,2019,6,22,65.749500,22.489600,-10.0,0,3.2,1,sea
2019-06-22T09:50:15.836329Z,2019,6,22,65.791300,22.535100,-51.0,0,10.2,1,coast_uncertain
2019-06-22T09:50:15.923163Z,2019,6,22,65.734200,22.586000,5.0,0,8.2,1,sea
2019-06-22T09:50:15.929390Z,2019,6,22,65.647700,22.768600,6.0,0,5.6,1,sea
2019-06-22T09:50:15.958155Z,2019,6,22,65.626500,22.578600,5.0,0,2.6,1,sea
2019-06-22T09:51:42.794096Z,2019,6,22,65.525200,22.896200,4.0,0,2.0,1,sea
2019-06-22T09:51:43.007378Z,2019,6,22,65.697500,22.402900,-10.0,0,25.6,1,coast_uncertain
2019-06-22T09:51:43.153125Z,2019,6,22,65.491900,22.163100,52.0,0,10.8,1,coast_uncertain
2019-06-22T09:51:43.166920Z,2019,6,22,65.474500,22.104300,-5.0,0,1.6,1,sea
2019-06-22T09:52:56.580803Z,2019,6,22,65.822100,22.407600,17.0,0,16.4,1,coast_uncertain
2019-06-22T09:52:56.583490Z,2019,6,22,65.815700,22.565700,4.0,0,17.6,1,coast_uncertain
2019-06-22T09:52:57.082940Z,2019,6,22,65.759600,22.300200,-13.0,0,9.6,1,coast_uncertain
2019-06-22T09:53:48.811446Z,2019,6,22,65.738500,22.528600,16.0,0,17.8,1,sea
2019-06-22T09:53:48.845751Z,2019,6,22,65.818200,22.516800,-6.0,0,3.2,1,coast_uncertain
2019-06-22T09:55:52.657659Z,2019,6,22,65.802000,22.492600,-127.0,0,26.0,1,coast_uncertain
2019-06-22T09:55:52.726798Z,2019,6,22,65.835000,22.501400,6.0,0,7.6,1,mainland
2019-06-22T09:55:52.767257Z,2019,6,22,65.734200,22.588000,5.0,0,15.6,1,sea
2019-06-22T09:58:43.054737Z,2019,6,22,65.898800,22.545900,10.0,0,4.2,1,mainland
2019-06-22T09:58:43.984938Z,2019,6,22,65.593800,22.649500,-7.0,0,4.6,1,coast_uncertain
2019-06-22T09:59:32.833141Z,2019,6,22,65.846500,22.483300,-14.0,0,9.2,1,coast_uncertain
2019-06-22T09:59:32.851553Z,2019,6,22,65.867600,22.468600,-5.0,0,3.2,1,mainland
2019-06-22T09:59:32.996154Z,2019,6,22,65.609900,22.855700,4.0,0,2.0,1,sea
2019-06-22T09:59:33.000644Z,2019,6,22,65.836500,22.478300,5.0,0,6.0,1,coast_uncertain
2019-06-22T09:59:33.002866Z,2019,6,22,65.592700,22.864600,4.0,0,7.0,1,sea
2019-06-22T10:00:43.634970Z,2019,6,22,65.853200,22.451700,-77.0,0,14.2,1,coast_uncertain
2019-06-22T10:00:43.654708Z,2019,6,22,65.858400,22.483000,-18.0,0,8.8,1,coast_uncertain
2019-06-22T10:02:33.127992Z,2019,6,22,65.817900,22.334400,-5.0,0,7.0,1,mainland
2019-06-22T10:02:33.135086Z,2019,6,22,65.858500,22.451300,5.0,0,16.0,1,coast_uncertain
2019-06-22T10:02:33.596540Z,2019,6,22,65.746000,22.191700,-23.0,0,6.0,1,mainland
2019-06-22T10:02:33.641028Z,2019,6,22,65.747700,22.205700,-5.0,0,4.4,1,coast_uncertain
2019-06-22T10:04:05.299409Z,2019,6,22,65.891900,22.468900,-54.0,0,28.8,1,coast_uncertain
2019-06-22T10:04:05.365927Z,2019,6,22,65.860000,22.448000,6.0,0,3.2,1,coast_uncertain
2019-06-22T10:04:05.366662Z,2019,6,22,65.792500,22.380600,6.0,0,23.0,1,coast_uncertain
2019-06-22T10:04:05.891493Z,2019,6,22,65.776600,22.090900,-36.0,0,8.0,1,coast_uncertain
2019-06-22T10:04:05.969003Z,2019,6,22,65.777000,22.092400,-14.0,0,4.4,1,coast_uncertain
2019-06-22T10:04:06.000000Z,2019,6,22,65.775400,22.093800,-9.0,0,3.4,1,coast_uncertain
2019-06-22T10:06:19.252704Z,2019,6,22,65.946100,22.491600,17.0,0,27.0,1,coast_uncertain
2019-06-22T10:06:19.254295Z,2019,6,22,65.939600,22.529400,10.0,0,9.0,1,mainland
2019-06-22T10:06:19.255085Z,2019,6,22,65.944800,22.516000,9.0,0,13.8,1,mainland
2019-06-22T10:06:19.256141Z,2019,6,22,65.942300,22.510400,7.0,0,17.4,1,mainland
2019-06-22T10:06:19.300090Z,2019,6,22,65.894100,22.500100,9.0,0,6.0,1,coast_uncertain
2019-06-22T10:06:20.156986Z,2019,6,22,65.677000,22.265200,-5.0,0,5.2,1,coast_uncertain
2019-06-22T10:06:20.189830Z,2019,6,22,65.680700,22.259700,-6.0,0,3.0,1,coast_uncertain
2019-06-22T10:11:39.315533Z,2019,6,22,65.967000,22.491200,8.0,0,30.2,1,mainland
2019-06-22T10:16:57.129228Z,2019,6,22,65.938000,22.473200,5.0,0,8.8,1,coast_uncertain
2019-06-22T10:16:57.435764Z,2019,6,22,65.386500,22.779900,-5.0,0,3.4,1,sea
2019-06-22T10:20:17.975027Z,2019,6,22,65.787100,22.200700,11.0,0,5.6,1,coast_uncertain
2019-06-22T10:20:17.976115Z,2019,6,22,65.812800,22.167700,12.0,0,28.0,1,mainland
2019-06-22T10:20:17.995152Z,2019,6,22,65.804000,22.152200,8.0,0,14.2,1,mainland
2019-06-22T10:20:18.067318Z,2019,6,22,65.836900,22.161800,15.0,0,5.4,1,mainland
2019-06-22T10:22:23.692741Z,2019,6,22,65.834200,22.290400,-6.0,0,4.2,1,mainland
2019-06-22T10:25:48.005801Z,2019,6,22,65.820500,22.264900,14.0,0,5.4,1,mainland
2019-06-22T10:25:48.227016Z,2019,6,22,65.495500,22.767700,-4.0,0,1.4,1,coast_uncertain
2019-06-22T10:27:31.492031Z,2019,6,22,66.047100,22.416100,-95.0,0,15.8,1,coast_uncertain
2019-06-22T10:27:31.886884Z,2019,6,22,65.843300,22.067200,-6.0,0,5.2,1,mainland
2019-06-22T10:28:46.819066Z,2019,6,22,65.660500,22.287300,6.0,0,6.8,1,coast_uncertain
2019-06-22T10:28:47.119405Z,2019,6,22,65.645700,21.863800,-7.0,0,2.4,1,mainland
2019-06-22T10:30:43.935851Z,2019,6,22,65.880600,22.139600,-19.0,0,7.8,1,mainland
2019-06-22T10:30:43.983055Z,2019,6,22,65.988100,22.341300,-5.0,0,4.4,1,coast_uncertain
2019-06-22T10:34:48.278200Z,2019,6,22,65.624200,22.341000,-6.0,0,2.6,1,coast_uncertain
2019-06-22T10:34:48.551322Z,2019,6,22,65.820500,22.074600,-11.0,0,6.6,1,mainland
2019-06-22T10:34:48.605847Z,2019,6,22,65.864500,22.115500,-30.0,0,7.0,1,mainland
2019-06-22T10:34:48.627499Z,2019,6,22,65.863600,22.115900,-8.0,0,4.2,1,mainland
2019-06-22T10:34:48.637049Z,2019,6,22,65.864800,22.117200,-15.0,0,30.2,1,mainland
2019-06-22T10:34:48.949157Z,2019,6,22,66.052000,22.284000,-8.0,0,9.4,1,coast_uncertain
2019-06-22T10:34:48.974665Z,2019,6,22,65.878000,22.245900,7.0,0,13.8,1,coast_uncertain
2019-06-22T10:34:48.975445Z,2019,6,22,65.911500,22.187500,-8.0,0,11.4,1,coast_uncertain
2019-06-22T10:40:39.518744Z,2019,6,22,65.407300,22.947200,4.0,0,1.6,1,sea
2019-06-22T10:40:39.519712Z,2019,6,22,65.978600,22.022800,7.0,0,4.4,1,mainland
2019-06-22T10:40:39.718802Z,2019,6,22,65.832900,22.168600,-10.0,0,4.0,1,mainland
2019-06-22T10:40:39.733454Z,2019,6,22,65.771200,22.091100,-9.0,0,7.6,1,coast_uncertain
2019-06-22T10:40:39.736343Z,2019,6,22,65.833300,22.168900,-7.0,0,2.6,1,mainland
2019-06-22T10:40:39.760928Z,2019,6,22,65.833000,22.166600,-9.0,0,3.6,1,mainland
2019-06-22T10:40:40.064730Z,2019,6,22,65.536300,22.502300,-6.0,0,9.0,1,sea
2019-06-22T10:40:40.082409Z,2019,6,22,65.658600,22.280800,-6.0,0,4.0,1,mainland
2019-06-22T10:42:47.192875Z,2019,6,22,65.927900,22.077400,6.0,0,2.2,1,coast_uncertain
2019-06-22T10:49:03.463928Z,2019,6,22,65.800200,22.149100,7.0,0,14.2,1,mainland
2019-06-22T10:54:36.667211Z,2019,6,22,65.767700,22.234300,5.0,0,2.0,1,mainland
2019-06-22T10:55:56.284878Z,2019,6,22,65.794900,22.290900,5.0,0,3.4,1,mainland
2019-06-22T10:57:19.297250Z,2019,6,22,65.938100,22.390700,-5.0,0,2.2,1,mainland
2019-06-22T10:57:19.610891Z,2019,6,22,66.184100,22.096300,-37.0,0,16.4,1,mainland
2019-06-22T11:00:52.433984Z,2019,6,22,66.021200,21.988900,16.0,0,7.0,1,coast_uncertain
2019-06-22T11:00:52.556388Z,2019,6,22,66.103700,22.185100,-26.0,0,11.6,1,coast_uncertain
2019-06-22T11:02:38.468156Z,2019,6,22,65.840400,22.164600,5.0,0,1.8,1,mainland
2019-06-22T11:08:17.728249Z,2019,6,22,66.053900,21.974300,5.0,0,8.8,1,coast_uncertain
2019-06-22T11:08:17.731250Z,2019,6,22,66.054700,22.042800,45.0,0,15.6,1,coast_uncertain
2019-06-22T11:09:14.919699Z,2019,6,22,65.855900,22.056800,5.0,0,2.2,1,mainland
2019-06-22T11:21:05.724019Z,2019,6,22,65.659200,22.526000,-6.0,0,23.0,1,coast_uncertain
2019-06-22T11:24:19.372855Z,2019,6,22,65.554600,22.367700,-5.0,0,1.6,1,mainland
2019-06-26T10:01:27.570759Z,2019,6,26,66.033700,22.388600,8.0,0,12.0,1,mainland
2019-06-26T10:02:54.165726Z,2019,6,26,66.031500,22.379600,-9.0,0,15.0,1,mainland
2019-06-26T10:05:58.719672Z,2019,6,26,66.045000,22.414000,-11.0,0,5.4,1,coast_uncertain
2019-06-26T10:05:58.721187Z,2019,6,26,65.996200,22.324300,-6.0,0,28.8,1,coast_uncertain
2019-07-20T19:38:30.539490Z,2019,7,20,65.605000,21.706600,6.0,0,2.2,1,coast_uncertain
2019-07-21T01:34:47.265946Z,2019,7,21,66.272800,22.118100,-16.0,0,28.8,1,mainland
2019-08-14T20:09:13.184001Z,2019,8,14,65.658800,21.685700,-4.0,0,4.4,1,mainland
2019-08-15T14:27:35.701837Z,2019,8,15,65.942500,22.488900,-13.0,0,7.6,1,coast_uncertain
2019-08-15T14:38:02.570521Z,2019,8,15,65.928600,22.404000,6.0,0,2.0,1,mainland
2019-08-15T14:42:49.894605Z,2019,8,15,65.911400,22.405900,-15.0,0,8.4,1,coast_uncertain
2019-08-15T14:42:49.896607Z,2019,8,15,65.891800,22.384800,-57.0,0,10.0,1,coast_uncertain
2019-08-15T14:42:49.903058Z,2019,8,15,65.906400,22.398700,-7.0,0,5.2,1,coast_uncertain
2019-08-15T14:42:49.904585Z,2019,8,15,65.909700,22.411800,-9.0,0,13.6,1,coast_uncertain
2019-08-15T14:42:49.908858Z,2019,8,15,65.913300,22.404700,-18.0,0,5.6,1,coast_uncertain
2019-08-15T14:42:49.911420Z,2019,8,15,65.910700,22.410900,-8.0,0,25.8,1,coast_uncertain
2019-08-15T17:02:46.624992Z,2019,8,15,65.982800,22.102100,4.0,0,12.2,1,mainland
2019-08-15T17:03:16.810811Z,2019,8,15,65.992100,22.067900,3.0,0,7.4,1,mainland
2019-08-15T17:03:51.557096Z,2019,8,15,65.955300,22.036700,9.0,0,29.4,1,coast_uncertain
2019-08-15T17:05:27.184686Z,2019,8,15,65.986600,22.078500,6.0,0,2.6,1,mainland
2019-08-15T17:05:27.185574Z,2019,8,15,65.982800,22.065200,7.0,0,6.6,1,coast_uncertain
2019-08-15T17:29:57.403425Z,2019,8,15,65.957900,22.021600,6.0,0,4.6,1,mainland
2019-08-15T17:36:18.002630Z,2019,8,15,65.794200,22.316300,5.0,0,15.4,1,mainland
2019-08-20T22:44:06.232051Z,2019,8,20,65.577000,22.599600,7.0,0,7.8,1,islands
2019-08-20T22:46:18.666730Z,2019,8,20,65.486800,22.753200,4.0,0,3.0,1,coast_uncertain
2019-08-20T22:47:12.256360Z,2019,8,20,65.571000,22.596200,7.0,0,10.0,1,islands
2019-08-20T22:47:12.258730Z,2019,8,20,65.421300,22.828300,5.0,0,6.0,1,sea
2019-08-20T22:48:01.920231Z,2019,8,20,65.572300,22.602900,9.0,0,7.2,1,islands
2019-08-20T22:48:01.926337Z,2019,8,20,65.570300,22.606900,-9.0,0,18.8,1,coast_uncertain
2019-08-20T22:48:01.936918Z,2019,8,20,65.581000,22.590400,6.0,0,14.6,1,coast_uncertain
2019-08-20T22:48:01.937433Z,2019,8,20,65.559400,22.659300,5.0,0,8.8,1,coast_uncertain
2019-08-20T22:48:02.062522Z,2019,8,20,65.525300,22.623900,-14.0,0,6.4,1,sea
2019-08-20T22:48:56.258711Z,2019,8,20,65.554700,22.442200,7.0,0,12.2,1,coast_uncertain
2019-08-20T22:48:56.261450Z,2019,8,20,65.470600,22.356200,9.0,0,5.2,1,sea
2019-08-20T22:48:56.374705Z,2019,8,20,65.473100,22.469900,-12.0,0,4.0,1,sea
2019-08-20T22:49:06.451368Z,2019,8,20,65.414500,22.894300,4.0,0,3.6,1,sea
2019-08-20T22:49:06.451716Z,2019,8,20,65.681800,22.430100,7.0,0,2.8,1,sea
2019-08-20T22:49:06.453341Z,2019,8,20,65.511300,22.730300,6.0,0,3.4,1,sea
2019-08-20T22:49:06.453756Z,2019,8,20,65.585200,22.616200,15.0,0,25.6,1,coast_uncertain
2019-08-20T22:49:06.455142Z,2019,8,20,65.594600,22.771000,12.0,0,27.0,1,coast_uncertain
2019-08-20T22:49:06.462291Z,2019,8,20,65.587200,22.604600,23.0,0,16.8,1,coast_uncertain
2019-08-20T22:49:06.466209Z,2019,8,20,65.585000,22.599300,9.0,0,16.8,1,coast_uncertain
2019-08-20T22:49:06.473265Z,2019,8,20,65.588600,22.593300,5.0,0,22.8,1,coast_uncertain
2019-08-20T22:50:20.327006Z,2019,8,20,65.576700,22.590700,11.0,0,25.4,1,coast_uncertain
2019-08-20T22:50:20.327512Z,2019,8,20,65.553700,22.588400,8.0,0,23.4,1,coast_uncertain
2019-08-20T22:50:20.328820Z,2019,8,20,65.588500,22.626400,19.0,0,30.2,1,coast_uncertain
2019-08-20T22:50:20.333862Z,2019,8,20,65.592200,22.617400,27.0,0,13.4,1,coast_uncertain
2019-08-20T22:50:20.344099Z,2019,8,20,65.472300,22.805600,7.0,0,11.2,1,sea
2019-08-20T22:51:00.710801Z,2019,8,20,65.591500,22.621800,-13.0,0,4.0,1,coast_uncertain
2019-08-20T22:51:00.716392Z,2019,8,20,65.587600,22.627000,-15.0,0,4.2,1,coast_uncertain
2019-08-20T22:51:00.725457Z,2019,8,20,65.587300,22.596500,-6.0,0,15.4,1,coast_uncertain
2019-08-20T22:51:00.730051Z,2019,8,20,65.590000,22.623400,-6.0,0,3.8,1,coast_uncertain
2019-08-20T22:51:00.741136Z,2019,8,20,65.513400,22.727500,-4.0,0,3.0,1,coast_uncertain
2019-08-20T22:52:50.747890Z,2019,8,20,65.585200,22.587000,11.0,0,17.6,1,coast_uncertain
2019-08-20T22:52:50.748676Z,2019,8,20,65.600000,22.636200,-23.0,0,14.4,1,coast_uncertain
2019-08-20T22:52:50.756190Z,2019,8,20,65.573900,22.670200,17.0,0,8.6,1,sea
2019-08-20T22:52:50.863422Z,2019,8,20,65.543900,22.518300,-28.0,0,5.2,1,sea
2019-08-20T22:54:21.026215Z,2019,8,20,65.592300,22.692900,-36.0,0,30.2,1,sea
2019-08-20T22:54:21.028363Z,2019,8,20,65.575800,22.613600,-46.0,0,26.2,1,coast_uncertain
2019-08-20T22:54:21.045726Z,2019,8,20,65.581800,22.592300,-4.0,0,3.6,1,islands
2019-08-20T22:54:21.049602Z,2019,8,20,65.404300,22.957100,-4.0,0,5.8,1,sea
2019-08-20T22:57:00.817125Z,2019,8,20,65.606500,22.677700,-72.0,0,10.8,1,sea
2019-08-20T22:57:00.844275Z,2019,8,20,65.568600,22.859000,-7.0,0,6.4,1,sea
2019-08-20T22:57:00.845906Z,2019,8,20,65.597700,22.611000,-9.0,0,3.6,1,coast_uncertain
2019-08-20T22:59:13.655592Z,2019,8,20,65.605700,22.590300,8.0,0,2.2,1,islands
2019-08-20T22:59:13.656388Z,2019,8,20,65.606000,22.711700,-29.0,0,15.2,1,sea
2019-08-20T22:59:13.657260Z,2019,8,20,65.609000,22.581600,11.0,0,17.0,1,islands
2019-08-20T22:59:13.665174Z,2019,8,20,65.605000,22.593000,10.0,0,9.4,1,islands
2019-08-20T22:59:13.669664Z,2019,8,20,65.607600,22.624300,11.0,0,11.6,1,coast_uncertain
2019-08-20T22:59:13.682622Z,2019,8,20,65.609000,22.632000,6.0,0,9.0,1,coast_uncertain
2019-08-20T22:59:13.833766Z,2019,8,20,65.544200,22.804800,-14.0,0,4.2,1,coast_uncertain
2019-08-20T23:00:31.710323Z,2019,8,20,65.610100,22.616800,-36.0,0,7.0,1,coast_uncertain
2019-08-20T23:00:31.717008Z,2019,8,20,65.607200,22.608700,-7.0,0,10.4,1,coast_uncertain
2019-08-20T23:00:31.723748Z,2019,8,20,65.618300,22.645800,-8.0,0,28.0,1,sea
2019-08-20T23:00:31.735236Z,2019,8,20,65.631200,22.647000,-5.0,0,3.4,1,coast_uncertain
2019-08-20T23:00:31.736868Z,2019,8,20,65.407000,23.019000,-5.0,0,5.6,1,sea
2019-08-20T23:01:03.830522Z,2019,8,20,65.249800,22.663200,3.0,0,1.6,1,sea
2019-08-20T23:01:03.831139Z,2019,8,20,65.513200,22.441500,6.0,0,30.2,1,sea
2019-08-20T23:02:05.956168Z,2019,8,20,65.626700,22.645800,-84.0,0,30.2,1,sea
2019-08-20T23:02:05.968870Z,2019,8,20,65.625000,22.656300,-16.0,0,6.2,1,sea
2019-08-20T23:02:05.970433Z,2019,8,20,65.610300,22.641700,-21.0,0,7.4,1,coast_uncertain
2019-08-20T23:02:05.972652Z,2019,8,20,65.622800,22.628900,-12.0,0,3.8,1,sea
2019-08-20T23:02:05.976679Z,2019,8,20,65.568500,22.740000,-5.0,0,15.6,1,coast_uncertain
2019-08-20T23:02:05.983908Z,2019,8,20,65.616200,22.606100,-5.0,0,5.0,1,coast_uncertain
2019-08-20T23:03:54.794861Z,2019,8,20,65.628700,22.642600,-24.0,0,17.4,1,coast_uncertain
2019-08-20T23:03:54.796372Z,2019,8,20,65.630100,22.662800,-69.0,0,6.8,1,sea
2019-08-20T23:03:54.808107Z,2019,8,20,65.615000,22.688500,-6.0,0,2.2,1,sea
2019-08-20T23:05:05.960422Z,2019,8,20,65.638100,22.630100,12.0,0,13.8,1,coast_uncertain
2019-08-20T23:05:05.961290Z,2019,8,20,65.642100,22.647300,9.0,0,12.6,1,coast_uncertain
2019-08-20T23:05:05.962876Z,2019,8,20,65.830600,22.301100,6.0,0,15.2,1,mainland
2019-08-20T23:05:05.968126Z,2019,8,20,65.621300,22.705300,-14.0,0,10.4,1,sea
2019-08-20T23:05:05.980281Z,2019,8,20,65.715500,22.512000,6.0,0,29.4,1,sea
2019-08-20T23:05:29.077951Z,2019,8,20,65.411500,22.517000,7.0,0,4.6,1,coast_uncertain
2019-08-20T23:05:29.080653Z,2019,8,20,65.516700,22.461900,13.0,0,17.8,1,sea
2019-08-20T23:05:29.097766Z,2019,8,20,65.661500,22.557900,4.0,0,5.6,1,sea
2019-08-20T23:06:18.044896Z,2019,8,20,65.644500,22.702400,5.0,0,4.0,1,sea
2019-08-20T23:06:18.049579Z,2019,8,20,65.540700,22.832900,6.0,0,29.4,1,sea
2019-08-20T23:06:18.050275Z,2019,8,20,65.620100,22.572200,9.0,0,26.8,1,coast_uncertain
2019-08-20T23:06:18.071265Z,2019,8,20,65.646700,22.627500,8.0,0,9.0,1,coast_uncertain
2019-08-20T23:06:24.099606Z,2019,8,20,66.144200,22.212300,6.0,0,3.6,1,coast_uncertain
2019-08-20T23:06:58.102287Z,2019,8,20,65.636100,22.622800,-10.0,0,5.0,1,coast_uncertain
2019-08-20T23:06:58.112430Z,2019,8,20,65.722200,22.668600,-9.0,0,30.2,1,sea
2019-08-20T23:06:58.113677Z,2019,8,20,65.635600,22.649500,-6.0,0,2.2,1,coast_uncertain
2019-08-20T23:06:58.121777Z,2019,8,20,65.680000,22.715200,-5.0,0,1.0,1,coast_uncertain
2019-08-20T23:07:53.416114Z,2019,8,20,65.654500,22.643100,6.0,0,2.8,1,coast_uncertain
2019-08-20T23:07:53.418209Z,2019,8,20,65.668300,22.567200,8.0,0,11.6,1,sea
2019-08-20T23:07:53.419194Z,2019,8,20,65.644100,22.620000,7.0,0,14.2,1,coast_uncertain
2019-08-20T23:07:53.432735Z,2019,8,20,65.645400,22.688900,11.0,0,30.2,1,sea
2019-08-20T23:07:53.451192Z,2019,8,20,65.642700,22.649400,4.0,0,2.6,1,coast_uncertain
2019-08-20T23:07:53.500953Z,2019,8,20,65.644600,22.402800,-6.0,0,4.0,1,coast_uncertain
2019-08-20T23:07:53.513235Z,2019,8,20,65.638400,22.627300,-7.0,0,4.4,1,coast_uncertain
2019-08-20T23:08:53.318644Z,2019,8,20,65.659800,22.672900,8.0,0,6.4,1,sea
2019-08-20T23:08:53.319670Z,2019,8,20,65.630700,22.670000,12.0,0,27.6,1,sea
2019-08-20T23:08:53.346422Z,2019,8,20,65.646800,22.663400,7.0,0,13.6,1,sea
2019-08-20T23:08:53.352478Z,2019,8,20,65.649200,22.657000,5.0,0,10.2,1,sea
2019-08-20T23:08:53.355983Z,2019,8,20,65.651300,22.645800,8.0,0,6.0,1,coast_uncertain
2019-08-20T23:09:28.102448Z,2019,8,20,65.648300,22.665500,-25.0,0,7.0,1,sea
2019-08-20T23:09:28.108266Z,2019,8,20,65.652300,22.638300,-23.0,0,5.0,1,coast_uncertain
2019-08-20T23:09:28.110780Z,2019,8,20,65.644100,22.662700,-7.0,0,21.4,1,sea
2019-08-20T23:09:28.112246Z,2019,8,20,65.665200,22.584900,-9.0,0,11.4,1,sea
2019-08-20T23:09:28.113545Z,2019,8,20,65.632800,22.668900,-10.0,0,4.6,1,sea
2019-08-20T23:10:05.740839Z,2019,8,20,65.625900,22.730500,8.0,0,30.2,1,sea
2019-08-20T23:10:05.768108Z,2019,8,20,65.633500,22.794000,10.0,0,30.2,1,coast_uncertain
2019-08-20T23:10:05.780305Z,2019,8,20,65.642400,22.663700,9.0,0,10.6,1,sea
2019-08-20T23:10:39.353805Z,2019,8,20,65.670700,22.656000,6.0,0,21.2,1,sea
2019-08-20T23:10:39.354838Z,2019,8,20,65.659200,22.669900,6.0,0,2.0,1,sea
2019-08-20T23:10:39.399008Z,2019,8,20,65.552900,22.838900,5.0,0,6.0,1,sea
2019-08-20T23:10:52.591642Z,2019,8,20,65.671200,22.642200,-5.0,0,7.6,1,coast_uncertain
2019-08-20T23:10:52.592351Z,2019,8,20,65.576800,22.811200,-5.0,0,15.2,1,sea
2019-08-20T23:11:26.593921Z,2019,8,20,65.660300,22.666800,6.0,0,2.8,1,sea
2019-08-20T23:11:26.595508Z,2019,8,20,65.655700,22.693200,5.0,0,25.2,1,coast_uncertain
2019-08-20T23:11:26.602524Z,2019,8,20,65.662600,22.668600,34.0,0,29.0,1,sea
2019-08-20T23:11:26.605583Z,2019,8,20,65.664300,22.669000,19.0,0,28.4,1,sea
2019-08-20T23:11:26.615103Z,2019,8,20,65.656700,22.666000,7.0,0,5.2,1,sea
2019-08-20T23:11:26.619536Z,2019,8,20,65.561800,22.841900,5.0,0,4.4,1,sea
2019-08-20T23:11:52.391780Z,2019,8,20,65.607300,22.771100,-5.0,0,2.0,1,sea
2019-08-20T23:11:52.395271Z,2019,8,20,65.674200,22.675700,-50.0,0,9.6,1,sea
2019-08-20T23:11:52.407601Z,2019,8,20,65.667900,22.680700,-6.0,0,11.6,1,sea
2019-08-20T23:11:52.409521Z,2019,8,20,65.667600,22.672100,-6.0,0,3.6,1,sea
2019-08-20T23:11:52.410058Z,2019,8,20,65.657500,22.676700,-9.0,0,7.6,1,sea
2019-08-20T23:11:52.410986Z,2019,8,20,65.676200,22.676600,-18.0,0,26.6,1,sea
2019-08-20T23:11:52.418908Z,2019,8,20,65.659900,22.676700,-5.0,0,4.8,1,sea
2019-08-20T23:11:52.434511Z,2019,8,20,65.659100,22.679400,-11.0,0,5.8,1,sea
2019-08-20T23:11:52.469418Z,2019,8,20,65.507100,22.924700,-4.0,0,2.2,1,sea
2019-08-20T23:11:52.477730Z,2019,8,20,65.680700,22.678300,-21.0,0,9.4,1,sea
2019-08-20T23:11:52.509163Z,2019,8,20,65.658300,22.654800,-4.0,0,1.0,1,sea
2019-08-20T23:12:16.766839Z,2019,8,20,65.672400,22.707000,9.0,0,30.2,1,coast_uncertain
2019-08-20T23:12:16.767706Z,2019,8,20,65.669000,22.672900,6.0,0,4.0,1,sea
2019-08-20T23:12:16.768837Z,2019,8,20,65.663300,22.680600,14.0,0,28.6,1,sea
2019-08-20T23:12:16.796258Z,2019,8,20,65.666200,22.804700,9.0,0,30.2,1,coast_uncertain
2019-08-20T23:12:37.124152Z,2019,8,20,65.663900,22.672800,5.0,0,16.2,1,sea
2019-08-20T23:12:54.502949Z,2019,8,20,65.669100,22.676000,-25.0,0,9.6,1,sea
2019-08-20T23:12:54.519829Z,2019,8,20,65.667200,22.692200,-7.0,0,8.2,1,coast_uncertain
2019-08-20T23:12:54.550485Z,2019,8,20,65.659600,22.716800,-22.0,0,7.2,1,coast_uncertain
2019-08-20T23:12:54.570982Z,2019,8,20,65.667400,22.664700,-7.0,0,3.4,1,sea
2019-08-20T23:12:54.632921Z,2019,8,20,65.668200,22.668800,-23.0,0,6.4,1,sea
2019-08-20T23:12:54.698134Z,2019,8,20,65.667300,22.669100,-15.0,0,3.4,1,sea
2019-08-20T23:12:54.741135Z,2019,8,20,65.668700,22.661300,-7.0,0,2.8,1,sea
2019-08-20T23:13:27.954021Z,2019,8,20,65.663300,22.701500,-62.0,0,6.8,1,coast_uncertain
2019-08-20T23:13:27.966129Z,2019,8,20,65.668900,22.670900,-6.0,0,8.2,1,sea
2019-08-20T23:13:28.001470Z,2019,8,20,65.661000,22.706000,-18.0,0,7.2,1,coast_uncertain
2019-08-20T23:13:28.025222Z,2019,8,20,65.675700,22.702700,-8.0,0,4.4,1,coast_uncertain
2019-08-20T23:13:28.068594Z,2019,8,20,65.683500,22.707500,-8.0,0,3.2,1,coast_uncertain
2019-08-20T23:13:50.718701Z,2019,8,20,65.547900,22.571400,15.0,0,12.6,1,coast_uncertain
2019-08-20T23:13:50.722578Z,2019,8,20,65.552900,22.569300,9.0,0,4.8,1,coast_uncertain
2019-08-20T23:13:50.725131Z,2019,8,20,65.498300,22.631200,7.0,0,9.2,1,coast_uncertain
2019-08-20T23:13:50.739201Z,2019,8,20,65.560200,22.520400,8.0,0,4.6,1,coast_uncertain
2019-08-20T23:13:51.108683Z,2019,8,20,65.634500,22.640700,-6.0,0,7.2,1,coast_uncertain
2019-08-20T23:13:51.109042Z,2019,8,20,65.637000,22.620000,-5.0,0,6.6,1,coast_uncertain
2019-08-20T23:13:51.110736Z,2019,8,20,65.587300,22.555300,-47.0,0,8.4,1,sea
2019-08-20T23:13:51.144692Z,2019,8,20,65.590800,22.560000,-22.0,0,2.6,1,sea
2019-08-20T23:13:51.174271Z,2019,8,20,65.589200,22.558700,-11.0,0,2.8,1,sea
2019-08-20T23:13:51.175096Z,2019,8,20,65.570900,22.561500,-8.0,0,8.8,1,coast_uncertain
2019-08-20T23:13:51.258142Z,2019,8,20,65.589100,22.556800,-18.0,0,7.8,1,sea
2019-08-20T23:14:21.573161Z,2019,8,20,65.670700,22.697300,8.0,0,3.2,1,coast_uncertain
2019-08-20T23:14:21.574473Z,2019,8,20,65.663300,22.687800,19.0,0,23.8,1,coast_uncertain
2019-08-20T23:14:21.575391Z,2019,8,20,65.640300,22.575400,16.0,0,27.4,1,sea
2019-08-20T23:14:21.575886Z,2019,8,20,65.661400,22.720100,16.0,0,30.2,1,sea
2019-08-20T23:14:21.586969Z,2019,8,20,65.516900,22.925000,8.0,0,3.6,1,sea
2019-08-20T23:15:04.925376Z,2019,8,20,65.670100,22.669400,-10.0,0,4.0,1,sea
2019-08-20T23:15:04.930037Z,2019,8,20,65.677800,22.701000,-65.0,0,22.0,1,coast_uncertain
2019-08-20T23:15:04.945526Z,2019,8,20,65.663400,22.685300,-7.0,0,15.0,1,coast_uncertain
2019-08-20T23:15:04.948121Z,2019,8,20,65.668400,22.704700,-22.0,0,9.4,1,coast_uncertain
2019-08-20T23:15:04.951901Z,2019,8,20,65.667200,22.676400,-7.0,0,6.0,1,sea
2019-08-20T23:15:05.223748Z,2019,8,20,65.687900,22.774300,-5.0,0,23.8,1,sea
2019-08-20T23:15:16.453456Z,2019,8,20,65.546900,22.869900,6.0,0,12.8,1,sea
2019-08-20T23:15:16.453846Z,2019,8,20,65.550700,22.577400,7.0,0,1.8,1,coast_uncertain
2019-08-20T23:16:10.139431Z,2019,8,20,65.682000,22.698400,-143.0,0,30.2,1,coast_uncertain
2019-08-20T23:16:10.165102Z,2019,8,20,65.661300,22.654800,-6.0,0,2.6,1,sea
2019-08-20T23:16:10.722138Z,2019,8,20,65.625500,22.627200,-9.0,0,2.8,1,sea
2019-08-20T23:17:13.027353Z,2019,8,20,65.693100,22.695300,6.0,0,6.6,1,sea
2019-08-20T23:17:36.074093Z,2019,8,20,65.570500,22.631600,13.0,0,6.4,1,coast_uncertain
2019-08-20T23:17:36.079824Z,2019,8,20,65.571700,22.625600,7.0,0,30.2,1,coast_uncertain
2019-08-20T23:18:12.520632Z,2019,8,20,65.708800,22.643200,5.0,0,6.6,1,sea
2019-08-20T23:18:12.538351Z,2019,8,20,65.707500,22.674900,6.0,0,8.4,1,sea
2019-08-20T23:18:12.546694Z,2019,8,20,65.702100,22.667300,7.0,0,15.8,1,sea
2019-08-20T23:18:26.731666Z,2019,8,20,65.571200,22.684100,6.0,0,12.0,1,sea
2019-08-20T23:18:48.613908Z,2019,8,20,65.689500,22.694600,4.0,0,2.0,1,coast_uncertain
2019-08-20T23:18:48.616166Z,2019,8,20,65.619300,22.851800,4.0,0,5.2,1,sea
2019-08-20T23:18:48.622995Z,2019,8,20,65.675100,22.650600,5.0,0,4.0,1,sea
2019-08-20T23:19:13.572924Z,2019,8,20,65.579800,22.632400,6.0,0,7.0,1,coast_uncertain
2019-08-20T23:19:13.788521Z,2019,8,20,65.700800,22.693100,5.0,0,3.2,1,coast_uncertain
2019-08-20T23:19:35.417665Z,2019,8,20,65.707800,22.686800,-7.0,0,25.6,1,coast_uncertain
2019-08-20T23:19:35.434620Z,2019,8,20,65.690900,22.695800,-8.0,0,3.8,1,coast_uncertain
2019-08-20T23:19:54.487868Z,2019,8,20,65.579600,22.645300,17.0,0,11.4,1,coast_uncertain
2019-08-20T23:19:54.496305Z,2019,8,20,65.582300,22.645500,11.0,0,23.2,1,coast_uncertain
2019-08-20T23:19:54.503648Z,2019,8,20,65.433200,22.893500,4.0,0,2.8,1,sea
2019-08-20T23:19:54.508012Z,2019,8,20,65.573600,22.632600,8.0,0,24.6,1,coast_uncertain
2019-08-20T23:20:28.486226Z,2019,8,20,65.713800,22.693700,9.0,0,5.6,1,coast_uncertain
2019-08-20T23:20:28.487221Z,2019,8,20,65.713900,22.673700,6.0,0,4.4,1,sea
2019-08-20T23:20:28.518645Z,2019,8,20,65.585900,22.872100,7.0,0,30.2,1,sea
2019-08-20T23:20:39.816912Z,2019,8,20,65.578100,22.665700,6.0,0,14.0,1,sea
2019-08-20T23:21:02.020387Z,2019,8,20,65.705100,22.695400,-14.0,0,12.6,1,coast_uncertain
2019-08-20T23:21:02.028228Z,2019,8,20,65.691100,22.705300,-10.0,0,4.8,1,sea
2019-08-20T23:21:36.147261Z,2019,8,20,65.698400,22.675800,6.0,0,3.2,1,sea
2019-08-20T23:21:36.179218Z,2019,8,20,65.697500,22.703800,5.0,0,23.2,1,coast_uncertain
2019-08-20T23:21:47.676589Z,2019,8,20,65.559300,22.709000,-4.0,0,28.4,1,sea
2019-08-20T23:22:15.482570Z,2019,8,20,65.713100,22.687900,-7.0,0,2.4,1,coast_uncertain
2019-08-20T23:22:15.487324Z,2019,8,20,65.697300,22.705000,-22.0,0,7.0,1,coast_uncertain
2019-08-20T23:22:15.499289Z,2019,8,20,65.703000,22.701600,-8.0,0,3.6,1,coast_uncertain
2019-08-20T23:22:15.500443Z,2019,8,20,65.703700,22.698100,-9.0,0,27.6,1,coast_uncertain
2019-08-20T23:22:15.510867Z,2019,8,20,65.699800,22.675100,-7.0,0,8.4,1,sea
2019-08-20T23:22:15.979885Z,2019,8,20,65.704900,22.709100,-15.0,0,5.6,1,coast_uncertain
2019-08-20T23:22:16.022174Z,2019,8,20,65.704500,22.705200,-5.0,0,2.2,1,coast_uncertain
2019-08-20T23:22:16.133576Z,2019,8,20,65.704400,22.703400,-7.0,0,2.6,1,coast_uncertain
2019-08-20T23:22:16.179952Z,2019,8,20,65.703900,22.704400,-5.0,0,2.2,1,coast_uncertain
2019-08-20T23:23:14.214888Z,2019,8,20,65.697800,22.675100,6.0,0,4.6,1,sea
2019-08-20T23:23:14.235056Z,2019,8,20,65.709300,22.698600,8.0,0,11.4,1,coast_uncertain
2019-08-20T23:23:14.235568Z,2019,8,20,65.708800,22.710400,7.0,0,4.4,1,sea
2019-08-20T23:23:14.242558Z,2019,8,20,65.694700,22.705000,5.0,0,30.2,1,sea
2019-08-20T23:23:14.245850Z,2019,8,20,65.707100,22.711100,6.0,0,5.0,1,coast_uncertain
2019-08-20T23:23:51.558904Z,2019,8,20,65.595100,22.691900,6.0,0,3.6,1,sea
2019-08-20T23:23:52.079112Z,2019,8,20,65.663700,22.618800,-30.0,0,5.4,1,islands
2019-08-20T23:23:52.085137Z,2019,8,20,65.666700,22.630000,-13.0,0,4.0,1,coast_uncertain
2019-08-20T23:24:18.551726Z,2019,8,20,65.710800,22.691800,6.0,0,9.4,1,coast_uncertain
2019-08-20T23:24:18.552561Z,2019,8,20,65.710500,22.699900,10.0,0,6.0,1,coast_uncertain
2019-08-20T23:24:20.981977Z,2019,8,20,65.592000,22.606500,6.0,0,13.2,1,coast_uncertain
2019-08-20T23:24:20.982807Z,2019,8,20,65.594600,22.683700,8.0,0,2.6,1,sea
2019-08-20T23:24:21.000200Z,2019,8,20,65.382900,23.042400,5.0,0,13.2,1,sea
2019-08-20T23:25:08.334714Z,2019,8,20,65.769000,22.632600,5.0,0,14.0,1,coast_uncertain
2019-08-20T23:25:08.729734Z,2019,8,20,65.643800,22.699300,-77.0,0,21.0,1,sea
2019-08-20T23:25:08.756043Z,2019,8,20,65.647000,22.717200,-27.0,0,30.2,1,sea
2019-08-20T23:25:08.771450Z,2019,8,20,65.645000,22.712400,-10.0,0,2.8,1,sea
2019-08-20T23:25:08.774400Z,2019,8,20,65.602700,22.689000,-6.0,0,13.2,1,sea
2019-08-20T23:25:08.959759Z,2019,8,20,65.646200,22.716000,-22.0,0,4.0,1,sea
2019-08-20T23:25:09.056581Z,2019,8,20,65.646300,22.712600,-6.0,0,2.8,1,sea
2019-08-20T23:26:13.119982Z,2019,8,20,65.599800,22.693300,11.0,0,5.2,1,sea
2019-08-20T23:26:13.120846Z,2019,8,20,65.598300,22.669100,9.0,0,10.6,1,coast_uncertain
2019-08-20T23:26:13.121416Z,2019,8,20,65.598600,22.738500,-15.0,0,13.2,1,coast_uncertain
2019-08-20T23:26:13.123309Z,2019,8,20,65.594900,22.700800,9.0,0,5.8,1,sea
2019-08-20T23:26:13.136933Z,2019,8,20,65.599700,22.693000,6.0,0,7.0,1,sea
2019-08-20T23:26:13.150180Z,2019,8,20,65.593900,22.671600,7.0,0,12.2,1,sea
2019-08-20T23:27:10.606497Z,2019,8,20,65.514000,22.518400,7.0,0,8.4,1,coast_uncertain
2019-08-20T23:27:10.962834Z,2019,8,20,65.529500,22.559700,-14.0,0,9.0,1,coast_uncertain
2019-08-20T23:27:10.971711Z,2019,8,20,65.608600,22.661600,-7.0,0,2.6,1,coast_uncertain
2019-08-20T23:27:10.981303Z,2019,8,20,65.568900,22.703200,-34.0,0,8.4,1,sea
2019-08-20T23:27:10.995758Z,2019,8,20,65.500100,22.858300,-5.0,0,4.2,1,sea
2019-08-20T23:27:11.010794Z,2019,8,20,65.583700,22.606400,-43.0,0,23.2,1,coast_uncertain
2019-08-20T23:28:05.711088Z,2019,8,20,65.618400,22.607600,10.0,0,8.2,1,sea
2019-08-20T23:28:05.713173Z,2019,8,20,65.629300,22.606100,6.0,0,1.8,1,sea
2019-08-20T23:28:05.713801Z,2019,8,20,65.625200,22.608400,7.0,0,4.6,1,sea
2019-08-20T23:28:05.731575Z,2019,8,20,65.614600,22.604400,5.0,0,7.8,1,coast_uncertain
2019-08-20T23:28:05.732083Z,2019,8,20,65.623600,22.629500,11.0,0,17.4,1,sea
2019-08-20T23:29:40.347746Z,2019,8,20,65.608900,22.713500,-13.0,0,13.4,1,sea
2019-08-20T23:29:40.350472Z,2019,8,20,65.609300,22.720500,-8.0,0,28.2,1,sea
2019-08-20T23:29:40.358913Z,2019,8,20,65.619800,22.512100,10.0,0,12.6,1,coast_uncertain
2019-08-20T23:29:40.365061Z,2019,8,20,65.594100,22.690900,6.0,0,11.8,1,sea
2019-08-20T23:29:40.466214Z,2019,8,20,65.419100,22.720200,-4.0,0,7.0,1,sea
2019-08-20T23:31:28.785008Z,2019,8,20,65.643700,22.641300,16.0,0,4.4,1,coast_uncertain
2019-08-20T23:31:28.805614Z,2019,8,20,65.624600,22.648400,5.0,0,8.4,1,sea
2019-08-20T23:31:28.806879Z,2019,8,20,65.626300,22.635800,6.0,0,6.0,1,sea
2019-08-20T23:31:28.994282Z,2019,8,20,65.594300,22.613000,-59.0,0,12.8,1,coast_uncertain
2019-08-20T23:31:28.994287Z,2019,8,20,65.584200,22.671900,-61.0,0,25.8,1,sea
2019-08-20T23:32:55.798478Z,2019,8,20,65.664000,22.707300,-13.0,0,23.0,1,coast_uncertain
2019-08-20T23:32:55.803971Z,2019,8,20,65.632700,22.637000,8.0,0,7.6,1,coast_uncertain
2019-08-20T23:32:55.804408Z,2019,8,20,65.753900,22.475300,6.0,0,12.8,1,sea
2019-08-20T23:32:55.809035Z,2019,8,20,65.648400,22.651800,6.0,0,20.4,1,coast_uncertain
2019-08-20T23:32:55.814891Z,2019,8,20,65.612400,22.520800,13.0,0,13.4,1,sea
2019-08-20T23:32:56.173239Z,2019,8,20,65.668900,22.699100,-56.0,0,14.6,1,coast_uncertain
2019-08-20T23:32:56.209415Z,2019,8,20,65.651800,22.734400,-48.0,0,10.4,1,sea
2019-08-20T23:32:56.226759Z,2019,8,20,65.653500,22.690100,-8.0,0,4.6,1,coast_uncertain
2019-08-20T23:34:27.235022Z,2019,8,20,65.642300,22.647600,19.0,0,30.2,1,coast_uncertain
2019-08-20T23:34:27.242017Z,2019,8,20,65.639700,22.632500,6.0,0,3.4,1,coast_uncertain
2019-08-20T23:36:00.093741Z,2019,8,20,65.639900,22.585400,7.0,0,26.6,1,sea
2019-08-20T23:36:00.094339Z,2019,8,20,65.582200,22.682000,7.0,0,4.0,1,sea
2019-08-20T23:36:00.095789Z,2019,8,20,65.731200,22.643200,11.0,0,14.4,1,sea
2019-08-20T23:36:00.095802Z,2019,8,20,65.548500,22.775000,20.0,0,19.4,1,coast_uncertain
2019-08-20T23:36:00.104333Z,2019,8,20,65.679100,22.581600,7.0,0,4.2,1,sea
2019-08-20T23:36:00.437705Z,2019,8,20,65.666500,22.767200,-112.0,0,12.2,1,coast_uncertain
2019-08-20T23:36:00.475745Z,2019,8,20,65.668800,22.768300,-44.0,0,24.2,1,coast_uncertain
2019-08-20T23:36:58.245211Z,2019,8,20,65.638400,22.580600,6.0,0,3.2,1,sea
2019-08-20T23:37:36.657920Z,2019,8,20,65.626300,22.591800,7.0,0,21.6,1,sea
2019-08-20T23:38:41.034466Z,2019,8,20,65.515300,22.774100,5.0,0,2.8,1,sea
2019-08-20T23:39:32.712188Z,2019,8,20,65.625100,22.576800,11.0,0,8.2,1,coast_uncertain
2019-08-20T23:39:32.725920Z,2019,8,20,65.616400,22.595900,9.0,0,19.4,1,coast_uncertain
2019-08-20T23:39:32.730014Z,2019,8,20,65.625800,22.586800,5.0,0,16.6,1,sea
2019-08-20T23:39:32.733968Z,2019,8,20,65.625300,22.589300,5.0,0,5.6,1,sea
2019-08-20T23:39:32.917019Z,2019,8,20,65.655200,22.609100,-6.0,0,2.2,1,coast_uncertain
2019-08-20T23:40:09.696718Z,2019,8,20,65.688700,22.480500,6.0,0,24.4,1,sea
2019-08-20T23:40:09.697328Z,2019,8,20,65.429400,22.990900,4.0,0,3.8,1,sea
2019-08-20T23:40:09.709597Z,2019,8,20,65.616300,22.647000,13.0,0,30.2,1,sea
2019-08-20T23:40:09.716104Z,2019,8,20,65.496500,22.834600,5.0,0,14.0,1,sea
2019-08-20T23:40:09.725508Z,2019,8,20,65.649900,22.583800,6.0,0,5.2,1,sea
2019-08-20T23:40:43.664755Z,2019,8,20,65.636500,22.582800,5.0,0,11.4,1,sea
2019-08-20T23:40:43.665340Z,2019,8,20,65.638700,22.578300,11.0,0,11.6,1,sea
2019-08-20T23:40:43.685173Z,2019,8,20,65.636000,22.588200,5.0,0,6.2,1,sea
2019-08-20T23:40:43.735291Z,2019,8,20,65.492900,22.716900,-5.0,0,4.0,1,coast_uncertain
2019-08-20T23:41:16.308079Z,2019,8,20,65.707300,22.739300,4.0,0,22.8,1,coast_uncertain
2019-08-20T23:41:54.878990Z,2019,8,20,65.630100,22.589100,13.0,0,6.0,1,sea
2019-08-20T23:41:54.879770Z,2019,8,20,65.643900,22.576800,24.0,0,30.2,1,sea
2019-08-20T23:41:54.892806Z,2019,8,20,65.418900,22.951900,5.0,0,12.0,1,sea
2019-08-20T23:41:54.897811Z,2019,8,20,65.637000,22.579200,6.0,0,11.8,1,sea
2019-08-20T23:43:10.614193Z,2019,8,20,65.586800,22.574600,5.0,0,2.6,1,coast_uncertain
2019-08-20T23:43:10.614560Z,2019,8,20,65.588500,22.576800,10.0,0,6.2,1,coast_uncertain
2019-08-20T23:43:10.617061Z,2019,8,20,65.588000,22.569000,7.0,0,2.6,1,coast_uncertain
2019-08-20T23:43:10.617846Z,2019,8,20,65.587300,22.594200,6.0,0,13.6,1,coast_uncertain
2019-08-20T23:43:10.635316Z,2019,8,20,65.589800,22.587900,5.0,0,3.2,1,coast_uncertain
2019-08-20T23:43:10.705352Z,2019,8,20,65.548300,22.770600,6.0,0,18.4,1,coast_uncertain
2019-08-20T23:44:16.165366Z,2019,8,20,65.592500,22.575400,5.0,0,6.6,1,coast_uncertain
2019-08-20T23:44:16.200555Z,2019,8,20,65.643800,22.592100,6.0,0,13.8,1,sea
2019-08-20T23:45:02.761934Z,2019,8,20,65.416900,22.707800,6.0,0,25.8,1,sea
2019-08-20T23:45:02.764643Z,2019,8,20,65.449300,22.843000,4.0,0,5.4,1,sea
2019-08-20T23:45:02.767701Z,2019,8,20,65.616100,22.568000,9.0,0,11.4,1,coast_uncertain
2019-08-20T23:46:23.182453Z,2019,8,20,65.335300,23.025700,4.0,0,3.2,1,sea
2019-08-20T23:46:23.201019Z,2019,8,20,65.607800,22.567800,-4.0,0,4.0,1,coast_uncertain
2019-08-20T23:46:23.233887Z,2019,8,20,65.403600,22.968900,4.0,0,11.0,1,sea
2019-08-20T23:47:20.867512Z,2019,8,20,65.612800,22.596800,-26.0,0,11.4,1,coast_uncertain
2019-08-20T23:47:21.335953Z,2019,8,20,65.607400,22.589700,-10.0,0,4.4,1,islands
2019-08-20T23:47:58.214302Z,2019,8,20,65.597500,22.573300,-10.0,0,8.4,1,coast_uncertain
2019-08-20T23:49:08.699502Z,2019,8,20,65.621200,22.642800,-98.0,0,20.2,1,sea
2019-08-20T23:49:08.705870Z,2019,8,20,65.629600,22.659100,-5.0,0,10.4,1,sea
2019-08-20T23:49:08.707933Z,2019,8,20,65.608300,22.658700,-8.0,0,14.0,1,coast_uncertain
2019-08-20T23:49:08.711967Z,2019,8,20,65.610200,22.599600,-7.0,0,24.6,1,coast_uncertain
2019-08-20T23:49:08.712500Z,2019,8,20,65.610300,22.600600,-20.0,0,29.4,1,coast_uncertain
2019-08-20T23:49:08.716309Z,2019,8,20,65.602800,22.588500,-22.0,0,7.2,1,islands
2019-08-20T23:49:09.150691Z,2019,8,20,65.602700,22.581600,-5.0,0,3.0,1,islands
2019-08-20T23:49:56.716863Z,2019,8,20,65.610900,22.590700,-10.0,0,5.0,1,islands
2019-08-20T23:49:56.717562Z,2019,8,20,65.494700,22.796200,-4.0,0,1.4,1,sea
2019-08-20T23:49:56.720887Z,2019,8,20,65.610600,22.622900,-58.0,0,17.6,1,sea
2019-08-20T23:49:56.732966Z,2019,8,20,65.598400,22.624500,-5.0,0,3.8,1,coast_uncertain
2019-08-20T23:49:56.735683Z,2019,8,20,65.610600,22.590600,-8.0,0,10.6,1,islands
2019-08-20T23:49:56.740043Z,2019,8,20,65.607000,22.595300,-13.0,0,4.0,1,islands
2019-08-20T23:49:56.749364Z,2019,8,20,65.621400,22.608400,-6.0,0,1.6,1,sea
2019-08-20T23:49:56.770189Z,2019,8,20,65.410400,22.940100,-5.0,0,1.6,1,sea
2019-08-20T23:49:56.771594Z,2019,8,20,65.587100,22.577300,-11.0,0,2.8,1,coast_uncertain
2019-08-20T23:50:52.443089Z,2019,8,20,65.609100,22.619700,-77.0,0,16.2,1,coast_uncertain
2019-08-20T23:50:52.455303Z,2019,8,20,65.611800,22.594500,-10.0,0,4.2,1,coast_uncertain
2019-08-20T23:50:52.457959Z,2019,8,20,65.625400,22.636300,-17.0,0,12.2,1,sea
2019-08-20T23:50:52.465196Z,2019,8,20,65.618400,22.599300,-6.0,0,6.4,1,coast_uncertain
2019-08-20T23:50:52.470733Z,2019,8,20,65.406600,22.977100,-4.0,0,3.8,1,sea
2019-08-20T23:50:52.584704Z,2019,8,20,65.623900,22.608300,11.0,0,27.6,1,sea
2019-08-20T23:50:52.586038Z,2019,8,20,65.639900,22.590900,8.0,0,14.4,1,sea
2019-08-20T23:52:15.749438Z,2019,8,20,65.609200,22.611500,-88.0,0,10.4,1,coast_uncertain
2019-08-20T23:52:15.783087Z,2019,8,20,65.608500,22.606100,-6.0,0,3.0,1,coast_uncertain
2019-08-20T23:53:26.867650Z,2019,8,20,65.594100,22.592700,-31.0,0,17.6,1,coast_uncertain
2019-08-20T23:53:26.869140Z,2019,8,20,65.603000,22.755200,9.0,0,30.2,1,coast_uncertain
2019-08-20T23:53:26.871244Z,2019,8,20,65.489300,22.780400,4.0,0,2.2,1,coast_uncertain
2019-08-20T23:54:59.273440Z,2019,8,20,65.638700,22.573600,-6.0,0,11.8,1,sea
2019-08-20T23:54:59.280070Z,2019,8,20,65.632000,22.706400,-12.0,0,4.0,1,coast_uncertain
2019-08-20T23:54:59.293923Z,2019,8,20,65.476300,22.923600,5.0,0,9.2,1,sea
2019-08-20T23:56:21.019429Z,2019,8,20,65.631800,22.655500,-5.0,0,20.2,1,coast_uncertain
2019-08-20T23:56:21.021190Z,2019,8,20,65.630600,22.643300,-12.0,0,15.4,1,coast_uncertain
2019-08-20T23:56:21.022675Z,2019,8,20,65.647300,22.597000,-9.0,0,15.0,1,sea
2019-08-20T23:56:21.023129Z,2019,8,20,65.628400,22.641300,-38.0,0,30.2,1,coast_uncertain
2019-08-20T23:56:21.031671Z,2019,8,20,65.641400,22.654100,-6.0,0,3.2,1,coast_uncertain
2019-08-20T23:57:34.569124Z,2019,8,20,65.627800,22.619500,-124.0,0,27.8,1,sea
2019-08-20T23:57:34.569124Z,2019,8,20,65.579600,22.705500,-125.0,0,29.4,1,sea
2019-08-20T23:57:34.581901Z,2019,8,20,65.622300,22.607700,-9.0,0,19.8,1,sea
2019-08-20T23:57:34.585540Z,2019,8,20,65.631500,22.612100,-29.0,0,8.4,1,coast_uncertain
2019-08-20T23:57:34.602325Z,2019,8,20,65.609000,22.634700,-17.0,0,5.2,1,coast_uncertain
2019-08-20T23:57:34.605101Z,2019,8,20,65.544100,22.810700,6.0,0,16.2,1,coast_uncertain
2019-08-20T23:58:25.211580Z,2019,8,20,65.603100,22.580600,5.0,0,8.6,1,islands
2019-08-20T23:58:25.239092Z,2019,8,20,65.606300,22.584500,12.0,0,20.6,1,islands
2019-08-20T23:58:25.284271Z,2019,8,20,65.440800,22.933900,4.0,0,3.6,1,sea
2019-08-21T00:00:46.057032Z,2019,8,21,65.510200,22.897500,-5.0,0,1.6,1,sea
2019-08-21T00:02:00.557492Z,2019,8,21,65.617500,22.603700,79.0,0,19.2,1,coast_uncertain
2019-08-21T00:02:00.560579Z,2019,8,21,65.587900,22.877500,6.0,0,30.2,1,sea
2019-08-21T00:02:00.562304Z,2019,8,21,65.619500,22.662500,6.0,0,12.6,1,coast_uncertain
2019-08-21T00:02:00.565040Z,2019,8,21,65.622900,22.629600,9.0,0,30.2,1,sea
2019-08-21T00:02:00.567572Z,2019,8,21,65.620900,22.615700,9.0,0,13.4,1,sea
2019-08-21T00:02:00.581150Z,2019,8,21,65.619000,22.601700,6.0,0,6.0,1,coast_uncertain
2019-08-21T00:02:00.742365Z,2019,8,21,65.621400,22.703800,-6.0,0,7.6,1,sea
2019-08-21T00:03:32.144280Z,2019,8,21,65.642700,22.627400,-173.0,0,14.6,1,coast_uncertain
2019-08-21T00:03:32.550574Z,2019,8,21,65.474600,22.913400,7.0,0,5.8,1,sea
2019-08-21T00:03:32.551480Z,2019,8,21,65.496000,22.877500,9.0,0,2.6,1,sea
2019-08-21T00:03:32.739024Z,2019,8,21,65.622400,22.654200,-4.0,0,1.0,1,sea
2019-08-21T00:04:25.512463Z,2019,8,21,65.591300,22.891300,9.0,0,12.4,1,sea
2019-08-21T00:04:25.513323Z,2019,8,21,65.470300,22.929900,4.0,0,1.0,1,sea
2019-08-21T00:04:25.513524Z,2019,8,21,65.633800,22.659100,15.0,0,13.0,1,coast_uncertain
2019-08-21T00:04:25.513567Z,2019,8,21,65.505300,22.878700,24.0,0,30.2,1,sea
2019-08-21T00:04:25.514147Z,2019,8,21,65.633400,22.674100,21.0,0,23.8,1,sea
2019-08-21T00:04:25.521700Z,2019,8,21,65.629900,22.639600,8.0,0,30.2,1,coast_uncertain
2019-08-21T00:04:25.532961Z,2019,8,21,65.622300,22.626700,8.0,0,12.0,1,sea
2019-08-21T00:06:56.871689Z,2019,8,21,65.636000,22.683700,24.0,0,13.4,1,sea
2019-08-21T00:06:56.872400Z,2019,8,21,65.614400,22.670900,12.0,0,9.6,1,coast_uncertain
2019-08-21T00:06:56.874509Z,2019,8,21,65.628400,22.659000,15.0,0,14.0,1,sea
2019-08-21T00:06:56.895995Z,2019,8,21,65.638200,22.656100,8.0,0,5.6,1,coast_uncertain
2019-08-21T00:08:08.399799Z,2019,8,21,65.618000,22.600100,-70.0,0,24.2,1,coast_uncertain
2019-08-21T00:08:08.407809Z,2019,8,21,65.636900,22.669600,-10.0,0,8.4,1,sea
2019-08-21T00:08:08.408524Z,2019,8,21,65.645700,22.647200,-12.0,0,27.6,1,coast_uncertain
2019-08-21T00:08:08.413333Z,2019,8,21,65.645300,22.642700,-11.0,0,10.6,1,coast_uncertain
2019-08-21T00:08:08.414625Z,2019,8,21,65.638900,22.676800,-5.0,0,3.2,1,sea
2019-08-21T00:09:35.182770Z,2019,8,21,65.631800,22.765500,14.0,0,29.8,1,sea
2019-08-21T00:09:35.183620Z,2019,8,21,65.582900,22.653200,32.0,0,28.6,1,coast_uncertain
2019-08-21T00:09:35.199649Z,2019,8,21,65.647900,22.658900,6.0,0,10.8,1,sea
2019-08-21T00:09:35.202114Z,2019,8,21,65.337400,22.238600,5.0,0,1.6,1,sea
2019-08-21T00:09:35.224699Z,2019,8,21,65.507600,22.886400,-6.0,0,1.4,1,sea
2019-08-21T00:10:46.327328Z,2019,8,21,65.650600,22.626000,6.0,0,3.6,1,coast_uncertain
2019-08-21T00:10:46.328131Z,2019,8,21,65.649100,22.553000,16.0,0,28.0,1,sea
2019-08-21T00:10:46.329358Z,2019,8,21,65.652100,22.618700,10.0,0,20.6,1,coast_uncertain
2019-08-21T00:10:46.337438Z,2019,8,21,65.655000,22.664000,8.0,0,17.0,1,sea
2019-08-21T00:10:46.343985Z,2019,8,21,65.649800,22.641100,7.0,0,4.6,1,coast_uncertain
2019-08-21T00:13:06.824011Z,2019,8,21,65.647300,22.696600,19.0,0,21.2,1,sea
2019-08-21T00:13:06.825866Z,2019,8,21,65.621600,22.732200,15.0,0,30.2,1,sea
2019-08-21T00:13:06.827457Z,2019,8,21,65.661600,22.686900,8.0,0,15.0,1,coast_uncertain
2019-08-21T00:13:06.840080Z,2019,8,21,65.654600,22.698500,16.0,0,28.0,1,coast_uncertain
2019-08-21T00:13:06.841106Z,2019,8,21,65.657000,22.687600,5.0,0,8.4,1,coast_uncertain
2019-08-21T00:13:06.845429Z,2019,8,21,65.648900,22.638000,8.0,0,3.8,1,coast_uncertain
2019-08-21T00:16:37.555212Z,2019,8,21,65.649600,22.675800,-26.0,0,11.8,1,sea
2019-08-21T00:16:37.564820Z,2019,8,21,65.652100,22.690800,-28.0,0,15.2,1,coast_uncertain
2019-08-21T00:16:37.573872Z,2019,8,21,65.650700,22.688300,-13.0,0,4.6,1,sea
2019-08-21T00:16:37.608016Z,2019,8,21,65.662700,22.693100,-12.0,0,7.8,1,coast_uncertain
2019-08-21T00:16:37.626790Z,2019,8,21,65.645800,22.816400,-12.0,0,4.8,1,sea
2019-08-21T00:16:37.644374Z,2019,8,21,65.652700,22.693600,-17.0,0,4.0,1,coast_uncertain
2019-08-21T00:16:37.651573Z,2019,8,21,65.652900,22.688300,-5.0,0,2.6,1,coast_uncertain
2019-08-21T00:18:05.950521Z,2019,8,21,65.657200,22.674400,12.0,0,11.6,1,sea
2019-08-21T00:18:05.951208Z,2019,8,21,65.654000,22.677800,45.0,0,28.2,1,sea
2019-08-21T00:18:05.952179Z,2019,8,21,65.639300,22.685600,7.0,0,6.0,1,sea
2019-08-21T00:18:05.963319Z,2019,8,21,65.676300,22.656100,9.0,0,16.0,1,coast_uncertain
2019-08-21T00:18:05.968206Z,2019,8,21,65.657100,22.663700,5.0,0,5.8,1,sea
2019-08-21T00:20:01.110421Z,2019,8,21,65.636600,22.728800,-61.0,0,5.6,1,sea
2019-08-21T00:20:01.118122Z,2019,8,21,65.645300,22.685800,-18.0,0,30.2,1,sea
2019-08-21T00:20:01.123258Z,2019,8,21,65.633900,22.720300,-4.0,0,11.2,1,coast_uncertain
2019-08-21T00:20:01.127210Z,2019,8,21,65.650900,22.714100,-10.0,0,23.6,1,coast_uncertain
2019-08-21T00:20:01.132570Z,2019,8,21,65.645700,22.675900,-32.0,0,6.6,1,sea
2019-08-21T00:20:01.149894Z,2019,8,21,65.650000,22.684700,-15.0,0,6.0,1,sea
2019-08-21T00:20:01.178438Z,2019,8,21,65.670700,22.656400,-16.0,0,3.4,1,sea
2019-08-21T00:20:01.249344Z,2019,8,21,65.641500,22.663200,-13.0,0,5.4,1,coast_uncertain
2019-08-21T00:22:42.953105Z,2019,8,21,65.655000,22.692400,10.0,0,17.8,1,coast_uncertain
2019-08-21T00:23:45.907994Z,2019,8,21,65.647200,22.714200,8.0,0,3.4,1,sea
2019-08-21T00:23:45.908729Z,2019,8,21,65.650300,22.710100,14.0,0,17.6,1,coast_uncertain
2019-08-21T00:25:20.474058Z,2019,8,21,65.660600,22.745400,13.0,0,9.0,1,coast_uncertain
2019-08-21T00:25:20.474980Z,2019,8,21,65.648700,22.738000,13.0,0,10.2,1,sea
2019-08-21T00:25:20.476795Z,2019,8,21,65.676600,22.669900,13.0,0,27.0,1,coast_uncertain
2019-08-21T00:25:20.476811Z,2019,8,21,65.682500,22.772500,9.0,0,11.4,1,sea
2019-08-21T00:25:20.478509Z,2019,8,21,65.655000,22.758900,5.0,0,3.0,1,coast_uncertain
2019-08-21T00:25:20.483392Z,2019,8,21,65.656300,22.748000,10.0,0,16.4,1,coast_uncertain
2019-08-21T00:27:45.062842Z,2019,8,21,65.653900,22.758800,-165.0,0,15.0,1,coast_uncertain
2019-08-21T00:31:00.636367Z,2019,8,21,65.660800,22.787800,-7.0,0,9.4,1,coast_uncertain
2019-08-21T00:31:00.639106Z,2019,8,21,65.656500,22.826000,-10.0,0,23.0,1,sea
2019-08-21T00:31:00.641521Z,2019,8,21,65.655100,22.769500,-42.0,0,30.2,1,coast_uncertain
2019-08-21T00:31:00.660309Z,2019,8,21,65.631500,22.681900,-5.0,0,1.4,1,sea
2019-08-21T00:31:00.777722Z,2019,8,21,65.692500,22.753100,7.0,0,3.0,1,sea
2019-08-21T11:38:20.432812Z,2019,8,21,65.259600,22.429200,6.0,0,2.6,1,sea
2019-08-25T14:59:40.525559Z,2019,8,25,65.095200,22.710700,3.0,0,2.6,1,sea
2019-08-25T14:59:40.554087Z,2019,8,25,65.111300,22.810300,3.0,0,2.2,1,sea
2019-08-25T16:07:05.611420Z,2019,8,25,65.876700,22.240900,9.0,0,12.0,1,coast_uncertain
2019-08-25T16:09:57.845912Z,2019,8,25,65.887100,22.295800,9.0,0,9.2,1,mainland
2019-08-25T16:09:57.848352Z,2019,8,25,65.887600,22.297900,8.0,0,11.4,1,mainland
2019-08-30T03:34:06.177691Z,2019,8,30,65.969300,22.203700,-11.0,0,15.6,1,coast_uncertain
2019-08-30T03:34:06.189665Z,2019,8,30,65.956800,22.151500,-8.0,0,13.8,1,coast_uncertain
2019-08-30T03:34:06.213546Z,2019,8,30,65.954800,22.147000,-5.0,0,3.2,1,coast_uncertain
2019-08-30T03:39:29.025766Z,2019,8,30,66.017900,22.198800,6.0,0,27.4,1,coast_uncertain
2019-08-30T03:39:29.026433Z,2019,8,30,65.991800,22.406000,-9.0,0,10.2,1,mainland
