datetime_utc,year,month,day,lat,lon,current_ka,multiplicity,chi_square,cloud_indicator,surface_class,coast_uncertain_250,coast_uncertain_500,coast_uncertain_1000,municipality_boundary_uncertain_250,municipality_boundary_uncertain_500,municipality_boundary_uncertain_1000
2020-06-02T12:47:08.373399Z,2020,6,2,65.593400,21.648500,6.0,0,9.0,1,mainland,0,0,0,0,0,0
2020-06-18T01:19:37.335507Z,2020,6,18,65.509500,22.554600,5.0,0,6.6,1,sea,0,0,1,0,0,0
2020-06-18T01:32:07.120883Z,2020,6,18,65.200200,22.930100,7.0,0,10.8,1,sea,0,0,0,0,0,0
2020-06-18T02:12:45.461573Z,2020,6,18,65.595600,22.132200,5.0,0,8.4,1,mainland,1,1,1,0,0,0
2020-06-18T04:17:53.906255Z,2020,6,18,65.483100,22.127800,-11.0,0,5.2,1,sea,0,0,0,0,0,0
2020-06-18T04:20:12.129242Z,2020,6,18,65.701800,22.104000,7.0,0,30.2,1,mainland,0,0,0,0,0,0
2020-06-18T04:20:57.365488Z,2020,6,18,65.490800,22.119000,10.0,0,4.6,1,sea,0,0,1,0,0,0
2020-06-18T04:20:57.366622Z,2020,6,18,65.503600,22.152800,9.0,0,20.0,1,sea,0,0,1,0,0,0
2020-06-18T04:20:57.367084Z,2020,6,18,65.493900,22.109600,7.0,0,10.2,1,sea,1,1,1,0,0,0
2020-06-18T04:22:48.674682Z,2020,6,18,65.503900,22.091000,-23.0,0,9.6,1,islands,0,1,1,0,0,0
2020-06-18T04:26:43.840766Z,2020,6,18,65.515100,22.046900,-19.0,0,6.8,1,mainland,1,1,1,0,0,0
2020-06-18T05:15:31.487031Z,2020,6,18,65.674500,21.567300,7.0,0,2.2,1,mainland,0,0,0,0,0,0
2020-06-18T05:20:51.969791Z,2020,6,18,65.677100,21.575000,5.0,0,9.6,1,mainland,0,0,0,0,0,0
2020-06-18T06:58:22.091293Z,2020,6,18,65.150400,22.394400,4.0,0,11.2,1,sea,0,0,0,0,0,0
2020-06-18T07:26:18.961728Z,2020,6,18,65.240600,22.460400,13.0,0,9.4,1,sea,0,0,0,0,0,0
2020-06-18T07:43:40.261901Z,2020,6,18,65.165200,22.665300,-7.0,0,11.4,1,sea,0,0,0,0,0,0
2020-06-18T07:43:47.883563Z,2020,6,18,65.241700,22.318000,-11.0,0,1.4,1,sea,0,0,0,0,0,0
2020-06-18T07:53:44.802793Z,2020,6,18,65.187300,22.283900,-7.0,0,3.0,1,sea,0,0,0,0,0,0
2020-06-18T07:53:44.883245Z,2020,6,18,65.187700,22.282500,-8.0,0,2.8,1,sea,0,0,0,0,0,0
2020-06-18T07:53:44.921223Z,2020,6,18,65.189100,22.286800,-18.0,0,6.4,1,sea,0,0,0,0,0,0
2020-06-18T07:54:01.150641Z,2020,6,18,65.642100,21.902200,4.0,0,3.4,1,mainland,0,0,0,0,0,0
2020-06-18T07:55:31.210810Z,2020,6,18,65.207000,22.247400,16.0,0,27.6,1,sea,0,0,0,0,0,0
2020-06-18T07:55:31.217772Z,2020,6,18,65.224600,22.284500,4.0,0,1.4,1,sea,0,0,0,0,0,0
2020-06-18T07:55:47.309069Z,2020,6,18,65.197200,22.278200,-6.0,0,2.8,1,sea,0,0,0,0,0,0
2020-06-18T07:56:26.430386Z,2020,6,18,65.205500,22.284700,-30.0,0,7.6,1,sea,0,0,0,0,0,0
2020-06-18T07:56:26.448697Z,2020,6,18,65.196200,22.277300,-12.0,0,3.4,1,sea,0,0,0,0,0,0
2020-06-18T07:56:26.495060Z,2020,6,18,65.193300,22.345500,-11.0,0,5.0,1,sea,0,0,0,0,0,0
2020-06-18T07:56:26.548954Z,2020,6,18,65.204000,22.230600,-9.0,0,2.8,1,sea,0,0,0,0,1,1
2020-06-18T07:56:26.609134Z,2020,6,18,65.216800,22.258800,-7.0,0,5.4,1,sea,0,0,0,0,0,0
2020-06-18T07:57:01.277318Z,2020,6,18,65.215200,22.262100,7.0,0,3.4,1,sea,0,0,0,0,0,0
2020-06-18T07:57:01.278578Z,2020,6,18,65.195600,22.311600,10.0,0,18.4,1,sea,0,0,0,0,0,0
2020-06-18T07:57:01.279897Z,2020,6,18,65.127100,22.471100,7.0,0,4.0,1,sea,0,0,0,0,0,0
2020-06-18T07:57:01.313193Z,2020,6,18,65.207600,22.246600,7.0,0,4.6,1,sea,0,0,0,0,0,0
2020-06-18T07:57:34.123705Z,2020,6,18,65.191400,22.285100,-7.0,0,3.2,1,sea,0,0,0,0,0,0
2020-06-18T07:57:34.189152Z,2020,6,18,65.196500,22.234800,-7.0,0,1.4,1,sea,0,0,0,1,1,1
2020-06-18T07:57:57.830929Z,2020,6,18,65.209600,22.263200,-14.0,0,4.0,1,sea,0,0,0,0,0,0
2020-06-18T07:57:57.847787Z,2020,6,18,65.211000,22.234500,-10.0,0,4.0,1,sea,0,0,0,0,0,0
2020-06-18T07:57:57.884642Z,2020,6,18,65.215500,22.243300,-12.0,0,5.2,1,sea,0,0,0,0,0,0
2020-06-18T07:57:57.908193Z,2020,6,18,65.218600,22.216100,-4.0,0,1.0,1,sea,0,0,0,0,0,1
2020-06-18T07:57:58.281370Z,2020,6,18,65.208800,22.245300,-8.0,0,4.2,1,sea,0,0,0,0,0,0
2020-06-18T07:59:05.848427Z,2020,6,18,65.211400,22.265400,-15.0,0,5.8,1,sea,0,0,0,0,0,0
2020-06-18T07:59:05.907169Z,2020,6,18,65.236200,22.204500,6.0,0,2.6,1,sea,0,0,0,0,0,0
2020-06-18T07:59:05.908215Z,2020,6,18,65.183200,22.267200,5.0,0,12.6,1,sea,0,0,0,0,1,1
2020-06-18T07:59:05.911280Z,2020,6,18,65.164100,22.299000,5.0,0,14.4,1,sea,0,0,0,0,1,1
2020-06-18T07:59:06.188087Z,2020,6,18,65.212000,22.266400,-18.0,0,3.8,1,sea,0,0,0,0,0,0
2020-06-18T07:59:06.286079Z,2020,6,18,65.211100,22.263400,-4.0,0,2.2,1,sea,0,0,0,0,0,0
2020-06-18T07:59:06.301512Z,2020,6,18,65.211400,22.262600,-5.0,0,1.6,1,sea,0,0,0,0,0,0
2020-06-18T07:59:06.335870Z,2020,6,18,65.210900,22.262100,-5.0,0,2.6,1,sea,0,0,0,0,0,0
2020-06-18T08:00:31.565134Z,2020,6,18,65.230800,22.239500,-11.0,0,10.4,1,sea,0,0,0,0,0,0
2020-06-18T08:00:31.568334Z,2020,6,18,65.224600,22.235900,-81.0,0,12.0,1,sea,0,0,0,0,0,0
2020-06-18T08:00:31.582305Z,2020,6,18,65.228500,22.233900,-5.0,0,6.6,1,sea,0,0,0,0,0,0
2020-06-18T08:00:31.599256Z,2020,6,18,65.224100,22.228500,-25.0,0,6.8,1,sea,0,0,0,0,0,0
2020-06-18T08:00:31.615855Z,2020,6,18,65.227500,22.188700,-11.0,0,4.2,1,sea,0,0,0,0,1,1
2020-06-18T08:00:31.634985Z,2020,6,18,65.248500,22.181100,5.0,0,10.2,1,sea,0,0,0,0,0,0
2020-06-18T08:00:31.635739Z,2020,6,18,65.232700,22.195100,4.0,0,2.6,1,sea,0,0,0,0,0,0
2020-06-18T08:00:31.636057Z,2020,6,18,65.225400,22.220300,5.0,0,4.8,1,sea,0,0,0,0,0,0
2020-06-18T08:00:31.651569Z,2020,6,18,65.226700,22.182500,5.0,0,1.4,1,sea,0,0,0,1,1,1
2020-06-18T08:01:19.915526Z,2020,6,18,65.236500,22.225100,-9.0,0,3.4,1,sea,0,0,0,0,0,0
2020-06-18T08:01:19.921747Z,2020,6,18,65.234200,22.202500,-48.0,0,8.8,1,sea,0,0,0,0,0,0
2020-06-18T08:01:19.928402Z,2020,6,18,65.231200,22.209000,-6.0,0,18.4,1,sea,0,0,0,0,0,0
2020-06-18T08:01:19.935761Z,2020,6,18,65.234100,22.205800,-14.0,0,2.6,1,sea,0,0,0,0,0,0
2020-06-18T08:01:19.950526Z,2020,6,18,65.240700,22.212200,-4.0,0,8.2,1,sea,0,0,0,0,0,0
2020-06-18T08:01:19.967672Z,2020,6,18,65.231400,22.253400,-7.0,0,3.4,1,sea,0,0,0,0,0,0
2020-06-18T08:01:19.971595Z,2020,6,18,65.233700,22.173200,-6.0,0,2.8,1,sea,0,0,0,1,1,1
2020-06-18T08:01:20.397751Z,2020,6,18,65.235500,22.180600,-14.0,0,4.0,1,sea,0,0,0,0,0,1
2020-06-18T08:01:20.482433Z,2020,6,18,65.234000,22.173700,-8.0,0,3.4,1,sea,0,0,0,0,1,1
2020-06-18T08:01:20.652009Z,2020,6,18,65.235100,22.180300,-11.0,0,3.6,1,sea,0,0,0,0,0,1
2020-06-18T08:02:02.517097Z,2020,6,18,65.234700,22.244300,-37.0,0,9.4,1,sea,0,0,0,0,0,0
2020-06-18T08:02:02.528224Z,2020,6,18,65.257600,22.186200,-4.0,0,2.6,1,sea,0,0,0,0,0,0
2020-06-18T08:02:02.548459Z,2020,6,18,65.237800,22.200200,-21.0,0,6.2,1,sea,0,0,0,0,0,0
2020-06-18T08:02:02.577106Z,2020,6,18,65.221200,22.225900,-10.0,0,4.0,1,sea,0,0,0,0,0,0
2020-06-18T08:02:39.543455Z,2020,6,18,65.117500,22.518100,-5.0,0,1.4,1,sea,0,0,0,0,0,0
2020-06-18T08:02:39.550474Z,2020,6,18,65.243400,22.227600,-37.0,0,6.0,1,sea,0,0,0,0,0,0
2020-06-18T08:02:39.579709Z,2020,6,18,65.240000,22.262000,-11.0,0,3.2,1,sea,0,0,0,0,0,0
2020-06-18T08:02:39.890556Z,2020,6,18,65.239500,22.255600,-26.0,0,5.2,1,sea,0,0,0,0,0,0
2020-06-18T08:02:39.978241Z,2020,6,18,65.238200,22.252100,-9.0,0,2.8,1,sea,0,0,0,0,0,0
2020-06-18T08:02:40.058853Z,2020,6,18,65.239500,22.253400,-7.0,0,1.6,1,sea,0,0,0,0,0,0
2020-06-18T08:02:40.114323Z,2020,6,18,65.240200,22.262400,-9.0,0,3.2,1,sea,0,0,0,0,0,0
2020-06-18T08:02:40.283068Z,2020,6,18,65.239200,22.252800,-9.0,0,2.8,1,sea,0,0,0,0,0,0
2020-06-18T08:03:15.767223Z,2020,6,18,65.245000,22.225900,-23.0,0,4.6,1,sea,0,0,0,0,0,0
2020-06-18T08:03:15.794239Z,2020,6,18,65.248600,22.219200,-11.0,0,3.0,1,sea,0,0,0,0,0,0
2020-06-18T08:03:15.804450Z,2020,6,18,65.243500,22.219200,-5.0,0,2.4,1,sea,0,0,0,0,0,0
2020-06-18T08:03:54.703040Z,2020,6,18,65.254000,22.245900,-19.0,0,6.6,1,sea,0,0,0,0,0,0
2020-06-18T08:03:54.760423Z,2020,6,18,65.229300,22.202800,-10.0,0,3.8,1,sea,0,0,0,0,0,0
2020-06-18T08:04:39.353891Z,2020,6,18,65.253400,22.257000,14.0,0,18.4,1,sea,0,0,0,0,0,0
2020-06-18T08:04:39.354661Z,2020,6,18,65.227700,22.322200,7.0,0,7.8,1,sea,0,0,0,0,0,0
2020-06-18T08:05:43.466655Z,2020,6,18,65.253000,22.243200,7.0,0,5.0,1,sea,0,0,0,0,0,0
2020-06-18T08:06:10.371465Z,2020,6,18,65.254800,22.261900,-7.0,0,15.0,1,sea,0,0,0,0,0,0
2020-06-18T08:07:40.419882Z,2020,6,18,65.258800,22.250500,-6.0,0,4.4,1,sea,0,0,0,0,0,0
2020-06-18T08:07:40.438812Z,2020,6,18,65.241300,22.313600,-9.0,0,4.0,1,sea,0,0,0,0,0,0
2020-06-18T08:08:06.645975Z,2020,6,18,65.287000,22.135000,5.0,0,2.6,1,sea,0,0,0,0,0,0
2020-06-18T08:09:00.054342Z,2020,6,18,65.756900,22.587600,4.0,0,9.8,1,sea,0,0,0,0,0,0
2020-06-18T08:10:48.629683Z,2020,6,18,65.426300,22.420300,-9.0,0,5.6,1,sea,0,0,0,0,0,0
2020-06-18T08:10:48.630264Z,2020,6,18,65.176300,22.475800,-4.0,0,5.6,1,sea,0,0,0,0,0,0
2020-06-18T08:10:48.633228Z,2020,6,18,65.272400,22.204700,-38.0,0,23.2,1,sea,0,0,0,0,0,0
2020-06-18T08:10:48.637978Z,2020,6,18,65.264600,22.300400,-6.0,0,11.4,1,sea,0,0,0,0,0,0
2020-06-18T08:10:48.646717Z,2020,6,18,65.266600,22.243900,-4.0,0,8.4,1,sea,0,0,0,0,0,0
2020-06-18T08:10:48.651558Z,2020,6,18,65.276400,22.195400,-18.0,0,6.4,1,sea,0,0,0,0,0,0
2020-06-18T08:10:48.668025Z,2020,6,18,65.280000,22.175400,-8.0,0,3.4,1,sea,0,0,0,0,0,0
2020-06-18T08:10:48.668672Z,2020,6,18,65.292600,22.221000,-7.0,0,1.6,1,sea,0,0,0,0,0,0
2020-06-18T08:10:48.713180Z,2020,6,18,65.286900,22.132800,7.0,0,19.4,1,sea,0,0,0,0,0,0
2020-06-18T08:14:33.117008Z,2020,6,18,65.303900,22.230800,-77.0,0,14.0,1,sea,0,0,0,0,0,0
2020-06-18T08:14:33.138772Z,2020,6,18,65.294400,22.219900,-31.0,0,7.6,1,sea,0,0,0,0,0,0
2020-06-18T08:14:33.140760Z,2020,6,18,65.314100,22.208500,15.0,0,7.2,1,sea,0,0,0,0,0,0
2020-06-18T08:14:33.142443Z,2020,6,18,65.306100,22.254800,-6.0,0,5.8,1,sea,0,0,0,0,0,0
2020-06-18T08:14:33.145488Z,2020,6,18,65.198600,22.476800,3.0,0,2.6,1,sea,0,0,0,0,0,0
2020-06-18T08:14:33.148795Z,2020,6,18,65.307900,22.204000,4.0,0,4.0,1,sea,0,0,0,0,0,0
2020-06-18T08:14:33.276044Z,2020,6,18,65.289900,22.260600,-4.0,0,1.6,1,sea,0,0,0,0,0,0
2020-06-18T08:14:33.304254Z,2020,6,18,65.550500,22.280100,-6.0,0,16.0,1,inland_water,0,0,0,0,0,0
2020-06-18T08:16:38.239414Z,2020,6,18,65.360600,21.987200,9.0,0,3.8,1,sea,0,1,1,0,0,0
2020-06-18T08:16:38.244015Z,2020,6,18,65.253300,22.276600,4.0,0,5.4,1,sea,0,0,0,0,0,0
2020-06-18T08:16:38.245462Z,2020,6,18,65.225800,22.305200,5.0,0,3.2,1,sea,0,0,0,0,0,0
2020-06-18T08:16:38.476588Z,2020,6,18,65.329200,22.147800,-16.0,0,6.0,1,sea,0,0,0,0,0,0
2020-06-18T08:18:43.100479Z,2020,6,18,65.122500,22.513700,5.0,0,1.6,1,sea,0,0,0,0,0,0
2020-06-18T08:18:43.445603Z,2020,6,18,65.324500,22.143000,-29.0,0,9.2,1,sea,0,0,0,0,0,0
2020-06-18T08:20:57.486920Z,2020,6,18,65.165100,22.530500,-4.0,0,1.4,1,sea,0,0,0,0,0,0
2020-06-18T08:24:45.816556Z,2020,6,18,65.383200,21.928400,10.0,0,29.0,1,sea,0,0,0,1,1,1
2020-06-18T08:24:45.845462Z,2020,6,18,65.271900,22.179700,4.0,0,2.0,1,sea,0,0,0,0,0,0
2020-06-18T08:24:45.955524Z,2020,6,18,65.366000,22.135900,-5.0,0,6.4,1,sea,0,0,0,0,0,0
2020-06-18T08:26:33.894621Z,2020,6,18,65.395200,21.965900,-6.0,0,3.0,1,sea,0,1,1,0,0,0
2020-06-18T08:29:37.040994Z,2020,6,18,65.421700,22.111300,12.0,0,8.4,1,islands,1,1,1,0,0,0
2020-06-18T08:29:37.041938Z,2020,6,18,65.426400,22.114900,8.0,0,7.2,1,sea,1,1,1,0,0,0
2020-06-18T08:29:37.043035Z,2020,6,18,65.412200,22.112600,8.0,0,7.0,1,sea,0,0,1,0,0,0
2020-06-18T08:29:37.365092Z,2020,6,18,65.413700,22.018100,-8.0,0,4.0,1,sea,1,1,1,0,0,0
2020-06-18T08:29:37.409953Z,2020,6,18,65.414300,22.015500,-5.0,0,2.4,1,sea,1,1,1,0,0,0
2020-06-18T08:31:31.669299Z,2020,6,18,65.426100,22.077000,6.0,0,3.8,1,sea,0,0,0,0,0,0
2020-06-18T08:31:31.956105Z,2020,6,18,65.385500,22.027800,-10.0,0,3.2,1,sea,0,1,1,0,0,0
2020-06-18T08:31:31.992060Z,2020,6,18,65.385300,22.025900,-23.0,0,5.8,1,sea,0,1,1,0,0,0
2020-06-18T08:34:29.501329Z,2020,6,18,65.141200,22.538700,4.0,0,6.6,1,sea,0,0,0,0,0,0
2020-06-18T08:35:26.533461Z,2020,6,18,65.443900,21.923100,7.0,0,3.2,1,mainland,1,1,1,0,0,0
2020-06-18T08:35:26.580241Z,2020,6,18,65.445900,21.910200,5.0,0,4.0,1,mainland,0,0,1,0,0,0
2020-06-18T08:36:42.344038Z,2020,6,18,65.451100,21.937300,5.0,0,4.2,1,mainland,0,1,1,0,0,0
2020-06-18T08:40:24.462682Z,2020,6,18,65.212700,22.536500,4.0,0,6.0,1,sea,0,0,0,0,0,0
2020-06-18T08:40:33.858690Z,2020,6,18,65.498500,21.994300,7.0,0,4.4,1,sea,1,1,1,0,0,0
2020-06-18T08:46:44.239757Z,2020,6,18,65.499900,21.956700,7.0,0,8.6,1,sea,0,1,1,0,0,0
2020-06-18T08:46:44.252708Z,2020,6,18,65.435400,22.116400,8.0,0,17.4,1,islands,1,1,1,0,0,0
2020-06-18T08:46:44.333361Z,2020,6,18,65.313600,22.165600,4.0,0,2.2,1,sea,0,0,0,0,0,0
2020-06-18T08:49:16.715684Z,2020,6,18,65.305400,22.078200,6.0,0,4.0,1,sea,0,0,0,0,0,0
2020-06-18T08:50:45.745810Z,2020,6,18,65.497400,22.062400,-9.0,0,6.4,1,sea,1,1,1,0,0,0
2020-06-18T08:51:32.422162Z,2020,6,18,65.382800,22.714300,10.0,0,13.2,1,sea,0,0,0,0,0,0
2020-06-18T08:51:32.422481Z,2020,6,18,65.382500,22.698500,6.0,0,9.0,1,sea,0,0,0,0,0,0
2020-06-18T08:51:32.422767Z,2020,6,18,65.338900,22.771600,7.0,0,15.8,1,sea,0,0,0,0,0,0
2020-06-18T08:51:32.548869Z,2020,6,18,65.375300,22.545500,-11.0,0,2.4,1,sea,0,0,0,0,0,0
2020-06-18T08:52:35.863858Z,2020,6,18,65.364700,22.726300,8.0,0,5.0,1,sea,0,0,0,0,0,0
2020-06-18T08:53:21.306070Z,2020,6,18,65.523100,21.993600,-5.0,0,2.8,1,mainland,0,0,1,0,0,0
2020-06-18T08:54:05.307791Z,2020,6,18,65.516100,21.888700,-37.0,0,12.6,1,sea,1,1,1,0,0,0
2020-06-18T08:54:05.381705Z,2020,6,18,65.513100,22.011500,-14.0,0,9.4,1,sea,1,1,1,0,0,0
2020-06-18T08:55:25.328852Z,2020,6,18,65.360800,22.719300,-15.0,0,4.0,1,sea,0,0,0,0,0,0
2020-06-18T08:55:25.345154Z,2020,6,18,65.393300,22.669900,-7.0,0,2.2,1,sea,0,0,0,0,0,0
2020-06-18T08:55:25.349052Z,2020,6,18,65.370900,22.721900,-4.0,0,2.4,1,sea,0,0,0,0,0,0
2020-06-18T08:57:19.436219Z,2020,6,18,65.369900,22.668300,-16.0,0,11.0,1,sea,0,0,0,0,0,0
2020-06-18T08:57:19.436716Z,2020,6,18,65.509900,22.288500,7.0,0,13.4,1,sea,1,1,1,0,0,0
2020-06-18T08:59:03.509856Z,2020,6,18,65.410800,22.577400,4.0,0,1.0,1,sea,0,0,0,0,0,0
2020-06-18T08:59:03.528910Z,2020,6,18,65.374200,22.537800,10.0,0,20.4,1,sea,0,0,0,0,0,0
2020-06-18T08:59:03.673238Z,2020,6,18,65.335600,22.658000,-15.0,0,3.6,1,sea,0,0,0,0,0,0
2020-06-18T09:04:26.703274Z,2020,6,18,65.399200,22.633900,12.0,0,7.4,1,sea,0,0,0,0,0,0
2020-06-18T09:04:26.703498Z,2020,6,18,65.315900,22.575000,13.0,0,13.8,1,sea,0,0,0,0,0,0
2020-06-18T09:04:26.703775Z,2020,6,18,65.490700,22.718900,11.0,0,5.8,1,sea,0,1,1,0,0,0
2020-06-18T09:04:26.704180Z,2020,6,18,65.402400,22.617000,12.0,0,5.8,1,sea,0,0,0,0,0,0
2020-06-18T09:04:26.705641Z,2020,6,18,65.242200,22.896900,4.0,0,5.8,1,sea,0,0,0,0,0,0
2020-06-18T09:04:26.706932Z,2020,6,18,65.323600,22.729700,4.0,0,1.6,1,sea,0,0,0,0,0,0
2020-06-18T09:04:26.807135Z,2020,6,18,65.400800,22.651200,-15.0,0,6.6,1,sea,0,0,0,0,0,0
2020-06-18T09:06:06.514060Z,2020,6,18,65.387600,22.710700,9.0,0,18.2,1,sea,0,0,0,0,0,0
2020-06-18T09:06:06.514566Z,2020,6,18,65.629700,22.494800,8.0,0,28.8,1,islands,1,1,1,0,0,0
2020-06-18T09:06:06.532242Z,2020,6,18,65.404400,22.620700,7.0,0,2.6,1,sea,0,0,0,0,0,0
2020-06-18T09:18:22.449751Z,2020,6,18,65.420900,22.399400,10.0,0,15.8,1,sea,0,0,0,0,0,0
2020-06-18T09:19:12.690749Z,2020,6,18,65.496800,22.199500,9.0,0,12.2,1,sea,0,0,0,0,0,0
2020-06-18T09:19:12.692097Z,2020,6,18,65.493200,22.159100,10.0,0,22.6,1,sea,1,1,1,0,0,0
2020-06-18T09:19:12.695139Z,2020,6,18,65.228300,22.732900,4.0,0,6.6,1,sea,0,0,0,0,0,0
2020-06-18T09:19:55.748900Z,2020,6,18,65.439300,22.394200,9.0,0,5.4,1,islands,1,1,1,0,0,0
2020-06-18T09:21:36.372229Z,2020,6,18,65.345800,22.498600,11.0,0,5.2,1,sea,0,0,0,0,0,0
2020-06-18T09:21:36.373403Z,2020,6,18,65.250900,22.701600,4.0,0,1.8,1,sea,0,0,0,0,0,0
2020-06-18T09:22:15.836485Z,2020,6,18,65.443500,22.383200,10.0,0,7.0,1,islands,0,0,1,0,0,0
2020-06-18T09:22:15.837243Z,2020,6,18,65.444900,22.376200,5.0,0,15.2,1,islands,0,0,1,0,0,0
2020-06-18T09:22:15.841640Z,2020,6,18,65.449600,22.381800,9.0,0,10.6,1,islands,0,0,0,0,0,0
2020-06-18T09:24:19.753050Z,2020,6,18,65.404300,22.323500,19.0,0,16.8,1,sea,0,0,0,0,0,0
2020-06-18T09:24:19.753558Z,2020,6,18,65.493100,22.129000,21.0,0,11.4,1,sea,0,0,1,0,0,0
2020-06-18T09:24:19.776466Z,2020,6,18,65.501200,22.122300,6.0,0,7.6,1,sea,1,1,1,0,0,0
2020-06-18T09:25:28.368261Z,2020,6,18,65.445900,22.347800,16.0,0,22.6,1,sea,1,1,1,0,0,0
2020-06-18T09:25:28.369142Z,2020,6,18,65.807600,22.270800,6.0,0,15.2,1,mainland,0,0,0,0,0,0
2020-06-18T09:29:21.303554Z,2020,6,18,65.528200,22.165300,-23.0,0,8.8,1,sea,0,1,1,0,0,0
2020-06-18T09:29:21.304024Z,2020,6,18,65.524800,22.150500,14.0,0,10.8,1,mainland,0,1,1,0,0,0
2020-06-18T09:29:21.304648Z,2020,6,18,65.521500,22.127800,6.0,0,15.0,1,mainland,0,1,1,0,0,0
2020-06-18T09:29:21.326606Z,2020,6,18,65.518900,22.138900,5.0,0,2.0,1,mainland,0,1,1,0,0,0
2020-06-18T09:30:50.065884Z,2020,6,18,65.526700,22.134000,8.0,0,2.8,1,mainland,0,0,1,0,0,0
2020-06-18T09:30:50.066349Z,2020,6,18,65.531900,22.146700,8.0,0,26.2,1,mainland,0,1,1,0,0,0
2020-06-18T09:30:50.082732Z,2020,6,18,65.543100,22.123900,7.0,0,12.0,1,mainland,0,0,0,0,0,0
2020-06-18T09:33:08.995360Z,2020,6,18,65.536700,22.157200,-8.0,0,7.6,1,mainland,1,1,1,0,0,0
2020-06-18T09:33:08.995550Z,2020,6,18,65.537200,22.130100,19.0,0,17.6,1,mainland,0,0,0,0,0,0
2020-06-18T09:33:08.996622Z,2020,6,18,65.536700,22.119600,15.0,0,22.4,1,mainland,0,0,0,0,0,0
2020-06-18T09:33:08.997539Z,2020,6,18,65.647000,21.817700,5.0,0,8.6,1,mainland,0,0,0,0,0,0
2020-06-18T09:33:09.006131Z,2020,6,18,65.547600,22.116400,9.0,0,20.0,1,mainland,0,0,0,0,0,0
2020-06-18T09:35:18.390417Z,2020,6,18,65.547400,22.095500,12.0,0,11.8,1,mainland,0,0,0,0,0,0
2020-06-18T09:35:18.393665Z,2020,6,18,65.547400,22.092200,8.0,0,11.2,1,mainland,0,0,0,0,0,0
2020-06-18T09:35:18.400511Z,2020,6,18,65.546700,22.117500,5.0,0,4.8,1,mainland,0,0,0,0,0,0
2020-06-18T09:36:55.011505Z,2020,6,18,65.414300,22.378600,9.0,0,7.0,1,sea,0,0,0,0,0,0
2020-06-18T09:36:55.011905Z,2020,6,18,65.559200,22.083600,12.0,0,8.8,1,mainland,0,0,0,0,0,0
2020-06-18T09:36:55.012309Z,2020,6,18,65.299600,22.258800,-21.0,0,17.4,1,sea,0,0,0,0,0,0
2020-06-18T09:36:55.015277Z,2020,6,18,65.552400,22.093800,5.0,0,9.0,1,mainland,0,0,0,0,0,0
2020-06-18T09:36:55.021696Z,2020,6,18,65.561400,22.092400,7.0,0,8.4,1,mainland,0,0,0,0,0,0
2020-06-18T09:40:53.873672Z,2020,6,18,65.603400,22.074200,20.0,0,28.6,1,sea,1,1,1,0,0,0
2020-06-18T09:40:53.874659Z,2020,6,18,65.778700,22.105600,9.0,0,7.2,1,inland_water,0,0,0,0,0,0
2020-06-18T09:40:53.875563Z,2020,6,18,65.569900,22.081200,6.0,0,9.0,1,mainland,0,0,0,0,0,0
2020-06-18T09:40:53.877096Z,2020,6,18,65.453000,22.366300,4.0,0,2.0,1,islands,0,1,1,0,0,0
2020-06-18T09:40:53.910501Z,2020,6,18,65.404300,22.386900,-5.0,0,2.6,1,sea,0,0,0,0,0,0
2020-06-18T09:43:33.391268Z,2020,6,18,65.615000,22.039400,5.0,0,17.0,1,mainland,0,0,1,0,0,0
2020-06-18T09:43:33.392168Z,2020,6,18,65.566200,22.169800,7.0,0,3.8,1,sea,0,1,1,0,0,0
2020-06-18T09:43:33.392864Z,2020,6,18,65.608200,22.055900,9.0,0,6.4,1,mainland,1,1,1,0,0,0
2020-06-18T09:43:33.402080Z,2020,6,18,65.613500,22.059200,11.0,0,15.0,1,mainland,1,1,1,0,0,0
2020-06-18T09:43:33.419755Z,2020,6,18,65.612300,22.036500,8.0,0,3.0,1,mainland,0,0,0,0,0,0
2020-06-18T09:43:52.137489Z,2020,6,18,65.569800,22.580700,6.0,0,11.4,1,islands,0,0,1,0,0,0
2020-06-18T09:46:52.151831Z,2020,6,18,65.586300,22.526600,18.0,0,15.6,1,sea,1,1,1,0,0,0
2020-06-18T09:46:52.152299Z,2020,6,18,65.586300,22.505700,16.0,0,10.6,1,sea,0,0,1,0,0,0
2020-06-18T09:48:02.153203Z,2020,6,18,66.085200,22.144600,14.0,0,8.8,1,mainland,0,0,0,0,0,0
2020-06-18T09:55:10.551588Z,2020,6,18,65.810000,22.229800,5.0,0,2.6,1,mainland,0,0,0,0,0,0
2020-06-18T09:55:10.551960Z,2020,6,18,65.630500,22.378300,6.0,0,7.6,1,sea,1,1,1,0,0,0
2020-06-18T09:55:10.552662Z,2020,6,18,65.594300,22.417600,6.0,0,8.6,1,sea,0,1,1,0,0,0
2020-06-18T09:55:10.579632Z,2020,6,18,65.613100,22.414800,8.0,0,6.0,1,sea,0,0,1,0,0,0
2020-06-18T09:55:10.615455Z,2020,6,18,65.633000,22.400900,16.0,0,9.2,1,sea,0,0,1,0,0,0
2020-06-18T09:55:10.615546Z,2020,6,18,65.356000,22.796000,17.0,0,17.0,1,sea,0,0,0,0,0,0
2020-06-18T09:55:10.739993Z,2020,6,18,65.562500,22.119700,16.0,0,6.0,1,mainland,0,1,1,0,0,0
2020-06-18T09:55:10.785896Z,2020,6,18,65.557000,22.573500,-7.0,0,2.2,1,sea,1,1,1,0,0,0
2020-06-18T09:55:10.906484Z,2020,6,18,65.316300,22.581200,-5.0,0,1.4,1,sea,0,0,0,0,0,0
2020-06-18T09:59:40.187766Z,2020,6,18,65.602500,22.366400,9.0,0,7.6,1,islands,1,1,1,0,0,0
2020-06-18T09:59:40.207311Z,2020,6,18,65.598200,22.339500,6.0,0,5.0,1,sea,0,0,1,0,0,0
2020-06-18T09:59:40.509951Z,2020,6,18,65.599700,22.086900,38.0,0,9.8,1,sea,1,1,1,0,0,0
2020-06-18T09:59:40.522108Z,2020,6,18,65.443400,22.359400,-4.0,0,1.4,1,islands,0,1,1,0,0,0
2020-06-18T09:59:40.616101Z,2020,6,18,65.744900,22.103100,-6.0,0,5.6,1,mainland,0,0,0,0,0,0
2020-06-18T10:01:07.180270Z,2020,6,18,65.602400,22.586400,6.0,0,3.8,1,islands,0,0,1,0,0,0
2020-06-18T10:01:07.350968Z,2020,6,18,65.613600,22.585200,7.0,0,3.8,1,islands,0,0,1,0,0,0
2020-06-18T10:04:17.351921Z,2020,6,18,65.617900,22.527000,5.0,0,5.8,1,sea,0,1,1,0,0,0
2020-06-18T10:04:17.373093Z,2020,6,18,65.493500,22.699500,5.0,0,2.2,1,sea,1,1,1,0,0,0
2020-06-18T10:04:17.381521Z,2020,6,18,65.642500,22.666700,37.0,0,12.6,1,sea,0,0,1,0,0,0
2020-06-18T10:06:35.705267Z,2020,6,18,65.595900,22.453800,14.0,0,8.4,1,sea,0,0,1,0,0,0
2020-06-18T10:12:05.979964Z,2020,6,18,65.620700,22.592800,25.0,0,14.0,1,sea,1,1,1,0,0,0
2020-06-18T10:12:05.980184Z,2020,6,18,65.626100,22.549200,-21.0,0,5.8,1,sea,0,0,0,0,0,0
2020-06-18T10:12:05.988902Z,2020,6,18,65.621300,22.527300,7.0,0,14.0,1,sea,1,1,1,0,0,0
2020-06-18T10:12:05.995700Z,2020,6,18,65.626500,22.433900,5.0,0,3.8,1,sea,0,1,1,0,0,0
2020-06-18T10:12:05.998531Z,2020,6,18,65.617100,22.548800,19.0,0,13.8,1,sea,0,0,1,0,0,0
2020-06-18T10:12:05.999596Z,2020,6,18,65.349300,23.022300,6.0,0,5.2,1,sea,0,0,0,0,0,0
2020-06-18T10:12:06.002835Z,2020,6,18,65.620100,22.503300,5.0,0,4.8,1,sea,1,1,1,0,0,0
2020-06-18T10:12:06.014095Z,2020,6,18,65.624100,22.569800,5.0,0,9.6,1,sea,0,1,1,0,0,0
2020-06-18T10:12:06.017392Z,2020,6,18,65.659700,22.452400,29.0,0,9.4,1,sea,0,0,0,0,0,0
2020-06-18T10:12:06.017412Z,2020,6,18,65.649900,22.330100,26.0,0,23.0,1,sea,1,1,1,0,0,0
2020-06-18T10:12:06.025332Z,2020,6,18,65.582900,22.392100,-6.0,0,8.8,1,sea,0,0,1,0,0,0
2020-06-18T10:12:06.028557Z,2020,6,18,65.481300,22.380800,-4.0,0,1.0,1,sea,0,1,1,0,0,0
2020-06-18T10:13:59.905620Z,2020,6,18,65.618900,22.537900,15.0,0,20.8,1,sea,0,0,1,0,0,0
2020-06-18T10:13:59.906186Z,2020,6,18,65.637800,22.688000,5.0,0,30.2,1,sea,0,0,0,0,0,0
2020-06-18T10:13:59.920099Z,2020,6,18,65.625400,22.547500,9.0,0,7.2,1,sea,0,0,0,0,0,0
2020-06-18T10:13:59.931328Z,2020,6,18,65.599300,22.602800,51.0,0,12.2,1,islands,1,1,1,0,0,0
2020-06-18T10:13:59.931330Z,2020,6,18,65.598200,22.661100,70.0,0,11.6,1,sea,1,1,1,0,0,0
2020-06-18T10:13:59.935419Z,2020,6,18,65.359800,22.934900,-3.0,0,4.2,1,sea,0,0,0,0,0,0
2020-06-18T10:13:59.977764Z,2020,6,18,65.635500,22.561600,39.0,0,10.0,1,sea,0,0,0,0,0,0
2020-06-18T10:14:00.277996Z,2020,6,18,65.634800,22.555600,-9.0,0,2.6,1,sea,0,0,0,0,0,0
2020-06-18T10:17:27.955124Z,2020,6,18,65.615300,22.510200,13.0,0,5.6,1,sea,0,1,1,0,0,0
2020-06-18T10:17:27.955876Z,2020,6,18,65.614700,22.490500,8.0,0,27.4,1,sea,0,0,1,0,0,0
2020-06-18T10:17:27.958135Z,2020,6,18,65.769500,22.559900,5.0,0,3.0,1,sea,0,0,1,0,0,0
2020-06-18T10:17:27.967457Z,2020,6,18,65.621500,22.499900,18.0,0,20.6,1,sea,1,1,1,0,0,0
2020-06-18T10:17:27.967955Z,2020,6,18,65.498600,22.719600,5.0,0,6.2,1,sea,0,1,1,0,0,0
2020-06-18T10:17:27.969926Z,2020,6,18,65.620600,22.324400,6.0,0,2.8,1,mainland,0,0,1,0,0,0
2020-06-18T10:17:27.988982Z,2020,6,18,65.589000,22.533400,63.0,0,13.4,1,islands,1,1,1,0,0,0
2020-06-18T10:17:28.201270Z,2020,6,18,65.602100,22.382900,7.0,0,2.2,1,islands,1,1,1,0,0,0
2020-06-18T10:20:40.339581Z,2020,6,18,65.703700,22.113700,14.0,0,6.0,1,mainland,0,0,0,0,0,0
2020-06-18T10:20:40.349603Z,2020,6,18,65.700800,22.123700,6.0,0,6.2,1,mainland,0,0,0,0,0,0
2020-06-18T10:20:40.393384Z,2020,6,18,65.671100,22.151100,14.0,0,6.6,1,mainland,0,0,0,0,0,0
2020-06-18T10:20:40.417772Z,2020,6,18,65.425800,22.767700,5.0,0,1.4,1,sea,0,0,0,0,0,0
2020-06-18T10:20:40.418570Z,2020,6,18,65.631100,22.416000,8.0,0,3.0,1,sea,1,1,1,0,0,0
2020-06-18T10:20:40.424637Z,2020,6,18,65.667600,22.153300,15.0,0,8.8,1,mainland,0,0,0,0,0,0
2020-06-18T10:21:40.587233Z,2020,6,18,65.630100,22.819400,12.0,0,4.0,1,sea,1,1,1,0,0,0
2020-06-18T10:25:23.992542Z,2020,6,18,65.603500,22.475600,-5.0,0,3.0,1,sea,0,0,1,0,0,0
2020-06-18T10:25:24.001536Z,2020,6,18,65.621900,22.854900,6.0,0,19.8,1,sea,0,0,0,0,0,0
2020-06-18T10:27:04.681209Z,2020,6,18,65.634200,22.713200,13.0,0,7.8,1,sea,1,1,1,0,0,0
2020-06-18T10:30:26.263228Z,2020,6,18,65.641400,22.868500,-5.0,0,3.6,1,sea,0,0,0,1,1,1
2020-06-18T10:32:08.947172Z,2020,6,18,65.622900,22.875600,-5.0,0,6.8,1,sea,0,0,0,0,0,1
2020-06-18T10:37:06.766996Z,2020,6,18,65.583300,22.795500,-5.0,0,2.2,1,sea,0,0,0,0,0,0
2020-06-18T10:39:48.609375Z,2020,6,18,65.700100,22.682300,11.0,0,25.6,1,sea,0,0,1,0,0,0
2020-06-18T10:39:48.609827Z,2020,6,18,65.699200,22.678900,9.0,0,6.4,1,sea,0,0,0,0,0,0
2020-06-18T10:39:48.632428Z,2020,6,18,65.695500,22.668500,7.0,0,9.4,1,sea,0,0,1,0,0,0
2020-06-18T10:39:48.990323Z,2020,6,18,65.652700,22.367000,26.0,0,9.6,1,sea,0,1,1,0,0,0
2020-06-18T10:39:49.005590Z,2020,6,18,65.373000,22.832000,5.0,0,2.2,1,sea,0,0,0,0,0,0
2020-06-18T10:42:59.956525Z,2020,6,18,65.707600,22.647600,15.0,0,22.6,1,sea,0,0,0,0,0,0
2020-06-18T10:42:59.957952Z,2020,6,18,65.692700,22.634300,6.0,0,23.4,1,sea,0,0,1,0,0,0
2020-06-18T10:42:59.969569Z,2020,6,18,65.666800,22.642800,111.0,0,15.2,1,sea,1,1,1,0,0,0
2020-06-18T10:42:59.976783Z,2020,6,18,65.502900,22.969000,-5.0,0,2.2,1,sea,0,0,0,0,1,1
2020-06-18T10:42:59.978615Z,2020,6,18,65.706500,22.639300,6.0,0,6.6,1,sea,0,0,0,0,0,0
2020-06-18T10:42:59.980837Z,2020,6,18,65.728200,22.685600,-5.0,0,3.6,1,sea,0,0,1,0,1,1
2020-06-18T10:47:46.442568Z,2020,6,18,65.712500,22.694600,5.0,0,11.8,1,sea,1,1,1,0,0,1
2020-06-18T10:47:46.452792Z,2020,6,18,65.646400,22.791700,6.0,0,12.0,1,sea,0,1,1,0,0,0
2020-06-18T11:03:05.240723Z,2020,6,18,66.037300,22.321900,-6.0,0,9.0,1,mainland,0,0,0,0,0,0
2020-06-18T11:13:58.690890Z,2020,6,18,66.048300,22.314500,-5.0,0,3.8,1,mainland,0,0,0,0,0,0
2020-06-18T11:13:58.691614Z,2020,6,18,66.041800,22.315300,-5.0,0,3.2,1,mainland,0,0,0,0,0,0
2020-06-18T11:14:18.162440Z,2020,6,18,65.490900,22.646200,44.0,0,14.8,1,sea,0,0,1,0,0,0
2020-06-18T11:14:18.172702Z,2020,6,18,65.494700,22.629200,-7.0,0,3.2,1,sea,0,1,1,0,0,0
2020-06-18T11:14:18.235629Z,2020,6,18,65.576300,22.767800,-4.0,0,16.2,1,sea,0,0,1,0,0,0
2020-06-18T11:14:18.351454Z,2020,6,18,65.490300,22.641600,-6.0,0,2.6,1,sea,0,0,0,0,0,0
2020-06-18T11:14:18.351705Z,2020,6,18,65.510800,22.601300,-9.0,0,11.8,1,sea,1,1,1,0,0,0
2020-06-18T11:19:04.579449Z,2020,6,18,66.155400,22.279300,-13.0,0,5.0,1,mainland,0,0,0,0,0,0
2020-06-18T11:21:39.979253Z,2020,6,18,66.142000,22.330100,12.0,0,10.6,1,mainland,0,0,0,1,1,1
2020-06-18T11:21:39.980268Z,2020,6,18,66.135900,22.308000,5.0,0,8.8,1,inland_water,0,0,0,0,0,0
2020-06-18T11:22:37.598541Z,2020,6,18,66.139000,22.309200,13.0,0,8.2,1,inland_water,0,0,0,0,0,0
2020-06-18T11:22:37.598948Z,2020,6,18,66.142300,22.313600,23.0,0,17.2,1,mainland,0,0,0,0,0,1
2020-06-18T11:23:32.127489Z,2020,6,18,66.129800,22.338400,-9.0,0,7.0,1,mainland,0,0,0,0,1,1
2020-06-18T11:23:32.220943Z,2020,6,18,66.134300,22.313900,-6.0,0,20.2,1,inland_water,0,0,0,0,0,0
2020-06-18T11:26:13.061232Z,2020,6,18,66.137300,22.304300,10.0,0,5.8,1,inland_water,0,0,0,0,0,0
2020-06-18T11:26:13.063619Z,2020,6,18,66.132600,22.294800,7.0,0,10.8,1,inland_water,0,0,0,0,0,0
2020-06-18T11:26:13.065194Z,2020,6,18,66.134500,22.298100,7.0,0,17.0,1,inland_water,0,0,0,0,0,0
2020-06-18T11:26:13.067399Z,2020,6,18,66.136000,22.288300,7.0,0,11.4,1,inland_water,0,0,0,0,0,0
2020-06-18T11:27:29.729122Z,2020,6,18,66.142000,22.272300,8.0,0,6.6,1,inland_water,0,0,0,0,0,0
2020-06-18T11:27:29.730887Z,2020,6,18,66.149100,22.257100,7.0,0,2.6,1,inland_water,0,0,0,0,0,0
2020-06-18T11:27:29.732395Z,2020,6,18,65.771800,22.394300,4.0,0,2.0,1,sea,1,1,1,0,0,0
2020-06-18T11:28:51.618675Z,2020,6,18,66.162300,22.160800,-19.0,0,11.8,1,mainland,0,0,0,0,0,0
2020-06-18T11:28:51.641197Z,2020,6,18,66.171900,22.141500,-5.0,0,7.8,1,mainland,0,0,0,0,0,0
2020-06-18T11:28:51.702808Z,2020,6,18,66.166200,22.079400,8.0,0,4.8,1,mainland,0,0,0,0,0,0
2020-06-18T11:36:29.958957Z,2020,6,18,66.154000,22.008500,4.0,0,7.2,1,mainland,0,0,0,1,1,1
2020-06-18T11:36:30.489646Z,2020,6,18,66.186100,22.249300,-52.0,0,4.4,1,mainland,0,0,0,0,0,1
2020-06-18T11:36:30.530895Z,2020,6,18,66.196500,22.234000,-22.0,0,7.8,1,mainland,0,0,0,0,0,0
2020-06-18T11:38:08.535928Z,2020,6,18,66.156500,21.976800,14.0,0,18.2,1,mainland,0,0,0,1,1,1
2020-06-18T11:38:08.536546Z,2020,6,18,65.735800,22.607600,6.0,0,2.8,1,sea,0,0,1,0,0,0
2020-06-18T11:39:12.438461Z,2020,6,18,66.164500,22.198900,6.0,0,2.6,1,mainland,0,0,0,0,0,0
2020-06-18T11:39:12.439302Z,2020,6,18,66.166800,22.223400,7.0,0,11.6,1,mainland,0,0,0,0,0,0
2020-06-18T11:39:12.439913Z,2020,6,18,66.157100,22.206100,10.0,0,13.2,1,mainland,0,0,0,0,0,0
2020-06-18T11:44:27.267661Z,2020,6,18,66.042000,22.126000,10.0,0,10.8,1,mainland,0,0,0,0,0,0
2020-06-18T11:47:49.330454Z,2020,6,18,66.117500,22.153800,5.0,0,30.2,1,mainland,0,0,0,0,0,0
2020-06-18T11:49:53.740389Z,2020,6,18,65.974600,22.198500,6.0,0,4.0,1,mainland,0,0,0,0,0,0
2020-06-18T11:51:55.509696Z,2020,6,18,65.721400,22.598400,5.0,0,3.2,1,sea,1,1,1,0,0,0
2020-06-18T11:55:19.076280Z,2020,6,18,66.157700,21.983400,6.0,0,5.0,1,mainland,0,0,0,1,1,1
2020-06-18T11:55:19.076955Z,2020,6,18,65.814700,22.539400,6.0,0,7.8,1,mainland,0,0,1,0,0,0
2020-06-18T11:59:48.281683Z,2020,6,18,66.205600,22.085800,-10.0,0,8.2,1,mainland,0,0,0,0,0,0
2020-06-18T12:43:39.636906Z,2020,6,18,65.880600,22.356800,6.0,0,6.0,1,mainland,0,0,0,0,0,0
2020-06-25T06:10:02.402720Z,2020,6,25,65.560000,21.798800,5.0,0,1.2,1,mainland,0,0,0,0,0,0
2020-06-25T06:49:55.762434Z,2020,6,25,65.688800,22.226200,5.0,0,13.4,1,mainland,0,0,0,0,0,0
2020-06-25T06:54:06.452314Z,2020,6,25,65.667100,22.393200,6.0,0,5.2,1,sea,0,1,1,0,0,0
2020-06-25T06:58:51.717321Z,2020,6,25,65.960700,22.119000,6.0,0,10.0,1,mainland,0,0,0,0,0,0
2020-06-25T07:02:54.563357Z,2020,6,25,65.995500,22.137100,4.0,0,26.4,1,mainland,0,0,0,0,0,0
2020-06-25T07:06:22.235445Z,2020,6,25,65.948600,22.167400,6.0,0,20.2,1,mainland,0,0,0,0,0,0
2020-06-25T07:06:22.236259Z,2020,6,25,65.689100,22.619400,5.0,0,2.2,1,sea,1,1,1,0,0,0
2020-06-25T07:06:22.237654Z,2020,6,25,65.983900,22.142800,6.0,0,1.6,1,mainland,0,0,0,0,0,0
2020-06-25T07:08:31.047809Z,2020,6,25,65.962600,22.202900,-6.0,0,7.4,1,mainland,0,0,0,0,0,0
2020-06-25T07:11:15.620508Z,2020,6,25,66.180600,22.170800,6.0,0,6.6,1,mainland,0,0,0,0,0,0
2020-06-25T07:11:15.621634Z,2020,6,25,65.956300,22.317400,-14.0,0,16.4,1,mainland,0,0,0,0,0,0
2020-06-25T07:11:15.622803Z,2020,6,25,65.905000,22.161800,9.0,0,28.6,1,mainland,0,0,0,0,0,0
2020-06-25T07:14:02.829065Z,2020,6,25,65.958500,22.282400,12.0,0,6.4,1,mainland,0,0,0,0,0,0
2020-06-25T07:14:02.829418Z,2020,6,25,65.953700,22.312000,7.0,0,6.8,1,mainland,0,0,0,0,0,0
2020-06-25T07:14:02.830700Z,2020,6,25,65.959300,22.289900,6.0,0,7.6,1,mainland,0,0,0,0,0,0
2020-06-25T07:14:02.874872Z,2020,6,25,65.979500,22.292700,6.0,0,7.6,1,mainland,0,0,0,0,0,0
2020-06-25T07:18:07.479845Z,2020,6,25,66.045100,22.031200,-6.0,0,6.6,1,mainland,0,0,0,0,0,0
2020-06-25T07:19:13.409503Z,2020,6,25,65.953600,22.451400,8.0,0,5.6,1,mainland,0,0,0,0,0,0
2020-06-25T07:19:13.410550Z,2020,6,25,65.953900,22.443400,5.0,0,12.6,1,mainland,0,0,0,0,0,0
2020-06-25T07:19:13.410968Z,2020,6,25,65.965800,22.439000,4.0,0,20.6,1,mainland,0,0,0,0,0,0
2020-06-25T07:20:52.947152Z,2020,6,25,65.951400,22.480300,7.0,0,3.8,1,mainland,0,0,0,0,0,0
2020-06-25T07:23:05.934711Z,2020,6,25,65.908600,22.393300,9.0,0,13.4,1,mainland,0,0,0,0,0,0
2020-06-25T07:23:05.935542Z,2020,6,25,65.912800,22.412700,7.0,0,8.0,1,mainland,0,0,0,0,0,0
2020-06-25T08:14:09.902172Z,2020,6,25,65.926800,22.099700,6.0,0,30.2,1,mainland,0,0,0,0,0,0
2020-06-25T08:50:14.004077Z,2020,6,25,66.047300,22.349900,8.0,0,3.6,1,mainland,0,0,0,0,0,0
2020-06-25T10:24:19.350403Z,2020,6,25,65.578700,22.723800,-19.0,0,28.8,1,sea,0,0,0,0,0,0
2020-06-25T10:52:54.417242Z,2020,6,25,65.423400,21.897700,5.0,0,1.4,1,mainland,0,0,1,0,0,1
2020-06-25T10:54:11.326396Z,2020,6,25,65.493600,21.735600,6.0,0,2.2,1,mainland,0,0,0,0,0,0
2020-06-25T11:02:02.272701Z,2020,6,25,65.667100,21.376000,7.0,0,2.6,1,mainland,0,0,0,0,0,0
2020-06-25T11:04:19.017110Z,2020,6,25,65.515100,21.824700,6.0,0,2.2,1,mainland,0,0,1,0,0,0
2020-06-25T11:05:15.997565Z,2020,6,25,65.723100,21.824100,7.0,0,8.4,1,mainland,0,0,0,1,1,1
2020-06-25T11:06:18.408670Z,2020,6,25,65.620800,21.568500,7.0,0,10.0,1,mainland,0,0,0,0,0,0
2020-06-25T11:09:13.582651Z,2020,6,25,65.674600,21.531400,9.0,0,3.6,1,mainland,0,0,0,0,0,0
2020-06-25T11:09:49.171526Z,2020,6,25,65.684400,21.548400,7.0,0,17.0,1,mainland,0,0,0,0,0,0
2020-06-25T11:09:49.172463Z,2020,6,25,65.461700,22.056200,6.0,0,2.2,1,sea,1,1,1,0,0,0
2020-06-25T11:10:22.850951Z,2020,6,25,65.482200,22.047900,5.0,0,13.8,1,sea,0,1,1,0,0,0
2020-06-25T11:10:22.874909Z,2020,6,25,65.470800,22.071000,6.0,0,2.2,1,sea,0,0,0,0,0,0
2020-06-25T11:11:49.003757Z,2020,6,25,65.670300,21.738900,7.0,0,14.6,1,mainland,0,0,0,0,0,0
2020-06-25T11:12:48.604921Z,2020,6,25,65.675800,21.619200,-5.0,0,11.6,1,mainland,0,0,0,1,1,1
2020-06-25T11:19:23.254376Z,2020,6,25,65.669300,21.794900,7.0,0,3.8,1,mainland,0,0,0,0,0,0
2020-06-25T11:19:23.255110Z,2020,6,25,65.677900,21.803200,9.0,0,12.4,1,mainland,0,0,0,0,0,0
2020-06-25T11:19:23.280533Z,2020,6,25,65.448400,22.271700,4.0,0,2.2,1,sea,0,0,1,0,0,0
2020-06-25T11:24:53.200943Z,2020,6,25,65.642400,21.726000,-6.0,0,7.6,1,mainland,0,0,0,0,0,0
2020-06-25T11:24:53.283187Z,2020,6,25,65.672700,21.821800,-6.0,0,4.4,1,inland_water,0,0,0,0,0,0
2020-06-25T11:24:53.343196Z,2020,6,25,65.673300,21.809300,-13.0,0,3.8,1,mainland,0,0,0,0,0,0
2020-06-25T11:26:32.445637Z,2020,6,25,65.659400,22.097300,5.0,0,2.6,1,mainland,0,0,0,0,0,0
2020-06-25T11:27:23.785847Z,2020,6,25,65.421800,22.387500,5.0,0,2.8,1,sea,0,0,0,0,0,0
2020-06-25T11:28:24.804455Z,2020,6,25,65.418900,22.640800,5.0,0,1.8,1,sea,0,0,0,0,0,0
2020-06-25T11:29:45.981184Z,2020,6,25,65.560100,22.240800,5.0,0,1.6,1,mainland,0,1,1,0,0,0
2020-06-25T11:30:48.448232Z,2020,6,25,65.684600,21.878800,7.0,0,12.0,1,mainland,0,0,0,0,0,0
2020-06-25T11:32:39.473102Z,2020,6,25,65.648900,21.950700,7.0,0,6.4,1,mainland,0,0,0,0,0,0
2020-06-25T11:32:39.487026Z,2020,6,25,65.504400,22.255000,5.0,0,2.2,1,islands,0,1,1,0,0,0
2020-06-25T11:33:33.516235Z,2020,6,25,65.650100,22.105800,7.0,0,6.4,1,mainland,0,0,0,0,0,0
2020-06-25T11:38:18.260089Z,2020,6,25,65.661800,22.099200,6.0,0,3.2,1,mainland,0,0,0,0,0,0
2020-06-25T11:38:18.282985Z,2020,6,25,65.638700,22.152300,6.0,0,7.0,1,mainland,0,0,0,0,0,0
2020-06-25T11:39:14.698222Z,2020,6,25,65.557900,22.265400,-5.0,0,2.2,1,mainland,0,1,1,0,0,0
2020-06-25T11:40:43.984716Z,2020,6,25,65.244300,22.179600,-5.0,0,7.8,1,sea,0,0,0,0,0,0
2020-06-25T11:40:43.994453Z,2020,6,25,65.281200,22.506600,-4.0,0,1.6,1,sea,0,0,0,0,0,0
2020-06-25T11:41:46.307922Z,2020,6,25,65.092700,22.421700,5.0,0,2.2,1,sea,0,0,0,0,1,1
2020-06-25T11:42:20.881317Z,2020,6,25,65.633600,22.309000,7.0,0,7.0,1,mainland,1,1,1,0,0,0
2020-06-25T11:42:20.881561Z,2020,6,25,65.633300,22.306000,10.0,0,8.4,1,mainland,1,1,1,0,0,0
2020-06-25T11:42:20.882793Z,2020,6,25,65.634300,22.307000,8.0,0,8.0,1,mainland,1,1,1,0,0,0
2020-06-25T11:42:21.057340Z,2020,6,25,65.631300,22.307500,6.0,0,2.0,1,mainland,1,1,1,0,0,0
2020-06-25T11:43:20.135534Z,2020,6,25,65.635700,22.312300,6.0,0,5.8,1,sea,1,1,1,0,0,0
2020-06-25T11:43:58.203063Z,2020,6,25,65.116300,22.383900,6.0,0,26.4,1,sea,0,0,0,0,1,1
2020-06-25T11:45:39.936721Z,2020,6,25,65.509500,22.619000,5.0,0,5.2,1,sea,0,1,1,0,0,0
2020-06-25T11:45:39.936999Z,2020,6,25,65.706700,22.272700,16.0,0,18.4,1,sea,1,1,1,0,0,0
2020-06-25T11:45:39.937023Z,2020,6,25,65.641100,22.407400,8.0,0,11.4,1,sea,0,1,1,0,0,0
2020-06-25T11:45:39.937058Z,2020,6,25,65.723400,22.483900,11.0,0,18.2,1,sea,0,0,0,0,0,0
2020-06-25T11:47:22.122266Z,2020,6,25,65.146700,22.349300,6.0,0,1.6,1,sea,0,0,0,0,0,0
2020-06-25T11:50:03.569135Z,2020,6,25,65.650100,22.350500,14.0,0,20.8,1,sea,0,1,1,0,0,0
2020-06-25T11:54:45.213828Z,2020,6,25,65.279300,22.735900,-3.0,0,1.0,1,sea,0,0,0,0,0,0
2020-06-25T11:57:48.550665Z,2020,6,25,65.577900,21.839500,11.0,0,8.2,1,mainland,0,0,0,0,0,0
2020-06-25T11:57:48.740776Z,2020,6,25,65.641900,21.835600,-6.0,0,5.2,1,mainland,0,0,0,0,0,0
2020-06-25T11:58:36.907457Z,2020,6,25,65.197400,22.299800,5.0,0,5.8,1,sea,0,0,0,0,0,0
2020-06-25T11:58:37.512184Z,2020,6,25,65.271100,22.320800,-33.0,0,8.8,1,sea,0,0,0,0,0,0
2020-06-25T11:58:37.528281Z,2020,6,25,65.271400,22.319900,-8.0,0,3.4,1,sea,0,0,0,0,0,0
2020-06-25T11:58:37.554457Z,2020,6,25,65.271300,22.320200,-7.0,0,3.0,1,sea,0,0,0,0,0,0
2020-06-25T11:59:40.673726Z,2020,6,25,65.215100,22.285600,20.0,0,13.2,1,sea,0,0,0,0,0,0
2020-06-25T12:00:16.455983Z,2020,6,25,65.592200,21.871000,5.0,0,4.6,1,mainland,0,0,0,0,0,0
2020-06-25T12:02:00.239204Z,2020,6,25,65.577900,21.962800,7.0,0,16.4,1,mainland,0,0,0,0,0,0
2020-06-25T12:02:00.240219Z,2020,6,25,65.589900,21.925900,6.0,0,4.6,1,mainland,0,0,0,0,0,0
2020-06-25T12:02:35.358777Z,2020,6,25,65.204000,22.306900,9.0,0,4.0,1,sea,0,0,0,0,0,0
2020-06-25T12:03:43.345990Z,2020,6,25,65.192200,22.594900,5.0,0,8.2,1,sea,0,0,0,0,0,0
2020-06-25T12:09:45.693585Z,2020,6,25,65.206500,22.251000,6.0,0,3.2,1,sea,0,0,0,0,0,0
2020-06-25T12:15:16.130245Z,2020,6,25,65.571800,22.400100,5.0,0,24.4,1,sea,0,0,1,0,0,0
2020-06-25T12:16:37.996198Z,2020,6,25,65.426200,22.525900,4.0,0,8.0,1,sea,0,0,0,0,0,0
2020-06-25T12:17:33.900557Z,2020,6,25,65.543600,22.365800,5.0,0,26.2,1,sea,1,1,1,0,0,0
2020-06-25T12:17:33.901180Z,2020,6,25,65.558600,22.238100,6.0,0,2.0,1,mainland,0,0,1,0,0,0
2020-06-25T12:17:33.913010Z,2020,6,25,65.542700,22.283200,18.0,0,30.2,1,sea,0,1,1,0,0,0
2020-06-25T12:17:40.817237Z,2020,6,25,65.143300,22.551300,-4.0,0,8.2,1,sea,0,0,0,0,0,0
2020-06-25T12:17:40.818849Z,2020,6,25,65.092600,22.460100,-4.0,0,1.8,1,sea,0,0,0,0,0,0
2020-06-25T12:19:06.654802Z,2020,6,25,65.178200,22.317700,4.0,0,6.6,1,sea,0,0,0,0,0,0
2020-06-25T12:19:54.797817Z,2020,6,25,65.189200,22.249900,6.0,0,4.4,1,sea,0,0,0,1,1,1
2020-06-25T12:19:55.502856Z,2020,6,25,65.237200,22.969500,35.0,0,8.2,1,sea,0,0,0,0,0,0
2020-06-25T12:21:05.987809Z,2020,6,25,65.628000,22.224000,7.0,0,7.2,1,mainland,0,0,1,0,0,0
2020-06-25T12:21:06.133322Z,2020,6,25,65.673400,22.093000,-9.0,0,2.6,1,mainland,0,0,0,0,0,0
2020-06-25T12:21:35.830262Z,2020,6,25,65.191100,22.271700,5.0,0,6.0,1,sea,0,0,0,0,0,0
2020-06-25T12:22:09.734823Z,2020,6,25,65.090100,22.728300,-4.0,0,1.2,1,sea,0,0,0,0,0,0
2020-06-25T12:22:46.902896Z,2020,6,25,65.178000,22.337100,4.0,0,1.6,1,sea,0,0,0,0,0,0
2020-06-25T12:22:59.679550Z,2020,6,25,65.240600,22.274800,4.0,0,3.6,1,sea,0,0,0,0,0,0
2020-06-25T12:24:06.160222Z,2020,6,25,65.641800,22.253200,8.0,0,6.8,1,mainland,0,1,1,0,0,0
2020-06-25T12:24:06.162279Z,2020,6,25,65.542000,22.415700,8.0,0,10.6,1,mainland,1,1,1,0,0,0
2020-06-25T12:24:06.162916Z,2020,6,25,65.563700,22.651300,8.0,0,30.2,1,sea,0,0,1,0,0,0
2020-06-25T12:24:06.287926Z,2020,6,25,65.600100,22.140600,-12.0,0,3.2,1,mainland,0,0,1,0,0,0
2020-06-25T12:24:16.518149Z,2020,6,25,65.185700,22.426500,6.0,0,3.4,1,sea,0,0,0,0,0,0
2020-06-25T12:25:19.886814Z,2020,6,25,65.228200,22.507500,5.0,0,12.0,1,sea,0,0,0,0,0,0
2020-06-25T12:25:46.187438Z,2020,6,25,65.178500,22.393200,9.0,0,7.6,1,sea,0,0,0,0,0,0
2020-06-25T12:28:30.615838Z,2020,6,25,65.192700,22.456500,6.0,0,7.0,1,sea,0,0,0,0,0,0
2020-06-25T12:29:41.824656Z,2020,6,25,65.207300,22.565900,8.0,0,2.4,1,sea,0,0,0,0,0,0
2020-06-25T12:30:25.054980Z,2020,6,25,65.191900,22.433400,6.0,0,2.4,1,sea,0,0,0,0,0,0
2020-06-25T12:31:09.710127Z,2020,6,25,65.195600,22.430300,5.0,0,2.8,1,sea,0,0,0,0,0,0
2020-06-25T12:32:01.758742Z,2020,6,25,65.192600,22.451500,6.0,0,5.0,1,sea,0,0,0,0,0,0
2020-06-25T12:32:43.308244Z,2020,6,25,65.192100,22.488400,4.0,0,1.6,1,sea,0,0,0,0,0,0
2020-06-25T12:32:43.330715Z,2020,6,25,65.204300,22.473100,6.0,0,13.8,1,sea,0,0,0,0,0,0
2020-06-25T12:33:46.637851Z,2020,6,25,65.250300,22.639100,8.0,0,6.0,1,sea,0,0,0,0,0,0
2020-06-25T12:34:17.998173Z,2020,6,25,65.438200,22.657400,-4.0,0,1.4,1,sea,0,0,0,0,0,0
2020-06-25T12:34:18.026897Z,2020,6,25,65.191800,22.529500,10.0,0,8.8,1,sea,0,0,0,0,0,0
2020-06-25T12:34:18.028938Z,2020,6,25,65.193800,22.524400,7.0,0,5.4,1,sea,0,0,0,0,0,0
2020-06-25T12:34:18.035573Z,2020,6,25,65.197600,22.513200,6.0,0,5.8,1,sea,0,0,0,0,0,0
2020-06-25T12:34:50.815635Z,2020,6,25,65.195100,22.516900,7.0,0,20.4,1,sea,0,0,0,0,0,0
2020-06-25T12:34:50.973399Z,2020,6,25,65.220900,22.944200,-3.0,0,2.0,1,sea,0,0,0,0,0,0
2020-06-25T12:35:47.026041Z,2020,6,25,65.195100,22.562100,5.0,0,6.2,1,sea,0,0,0,0,0,0
2020-06-25T12:37:04.709289Z,2020,6,25,65.185300,22.568900,4.0,0,6.6,1,sea,0,0,0,0,0,0
2020-06-25T12:37:04.731147Z,2020,6,25,65.183400,22.580300,6.0,0,10.2,1,sea,0,0,0,0,0,0
2020-06-25T12:37:05.036006Z,2020,6,25,65.191600,22.791900,6.0,0,2.0,1,sea,0,0,0,0,0,0
2020-06-25T12:37:49.614606Z,2020,6,25,65.182600,22.622300,5.0,0,3.0,1,sea,0,0,0,0,0,0
2020-06-25T12:39:32.381126Z,2020,6,25,65.167600,22.661600,5.0,0,3.2,1,sea,0,0,0,0,0,0
2020-06-25T12:39:32.387554Z,2020,6,25,65.168600,22.678100,15.0,0,30.2,1,sea,0,0,0,0,0,0
2020-06-25T12:39:32.406736Z,2020,6,25,65.171700,22.700800,11.0,0,4.4,1,sea,0,0,0,0,0,0
2020-06-25T12:39:32.869825Z,2020,6,25,65.219200,23.012700,-6.0,0,7.0,1,sea,0,0,0,0,0,0
2020-06-25T12:41:33.061838Z,2020,6,25,65.164600,22.682700,14.0,0,19.0,1,sea,0,0,0,0,0,0
2020-06-25T12:41:33.063996Z,2020,6,25,65.167700,22.702800,8.0,0,8.4,1,sea,0,0,0,0,0,0
2020-06-25T12:41:33.081964Z,2020,6,25,65.165700,22.724100,17.0,0,18.2,1,sea,0,0,0,0,0,0
2020-06-25T12:41:33.083576Z,2020,6,25,65.170700,22.707700,5.0,0,2.0,1,sea,0,0,0,0,0,0
2020-06-25T12:42:55.918557Z,2020,6,25,65.170400,22.716800,9.0,0,6.0,1,sea,0,0,0,0,0,0
2020-06-25T12:42:55.919986Z,2020,6,25,65.192800,22.868000,8.0,0,17.2,1,sea,0,0,0,0,0,0
2020-06-25T12:45:22.139671Z,2020,6,25,65.167300,22.792200,9.0,0,27.4,1,sea,0,0,0,0,0,0
2020-06-25T12:57:24.844665Z,2020,6,25,65.515800,21.886200,6.0,0,2.6,1,sea,1,1,1,0,0,0
2020-06-25T12:57:24.845509Z,2020,6,25,65.514200,21.887000,8.0,0,4.0,1,mainland,1,1,1,0,0,0
2020-06-25T13:02:33.933294Z,2020,6,25,65.392300,22.245600,5.0,0,10.6,1,sea,0,0,0,0,0,0
2020-06-25T13:04:30.713883Z,2020,6,25,65.497700,22.048800,13.0,0,9.0,1,sea,0,0,1,0,0,0
2020-06-25T13:04:30.714723Z,2020,6,25,65.530700,22.086600,8.0,0,12.0,1,mainland,0,1,1,0,0,0
2020-06-25T13:04:30.716374Z,2020,6,25,65.494400,22.069400,7.0,0,24.8,1,islands,1,1,1,0,0,0
2020-06-25T13:05:14.444803Z,2020,6,25,65.503700,22.032200,5.0,0,4.4,1,sea,1,1,1,0,0,0
2020-06-25T13:12:55.757986Z,2020,6,25,65.494600,22.257200,5.0,0,2.8,1,islands,1,1,1,0,0,0
2020-06-25T13:16:15.119563Z,2020,6,25,65.504100,22.255900,-12.0,0,4.0,1,islands,0,1,1,0,0,0
2020-06-25T13:20:40.320378Z,2020,6,25,65.370800,22.658400,5.0,0,1.6,1,sea,0,0,0,0,0,0
2020-06-25T13:20:40.321274Z,2020,6,25,65.498100,22.359800,8.0,0,30.2,1,islands,1,1,1,0,0,0
2020-06-25T13:20:40.322395Z,2020,6,25,65.362700,22.676800,5.0,0,2.6,1,sea,0,0,0,0,0,0
2020-06-25T13:23:12.286363Z,2020,6,25,65.303100,22.800100,4.0,0,1.8,1,sea,0,0,0,0,0,0
2020-06-25T13:23:12.286661Z,2020,6,25,65.517000,22.366100,7.0,0,7.6,1,islands,1,1,1,0,0,0
2020-06-25T13:24:55.964334Z,2020,6,25,65.470500,22.361400,5.0,0,2.8,1,sea,0,1,1,0,0,0
2020-06-25T13:24:55.968170Z,2020,6,25,65.462700,22.380000,8.0,0,15.8,1,islands,1,1,1,0,0,0
2020-06-25T13:27:03.848135Z,2020,6,25,65.528500,22.382600,-14.0,0,4.8,1,sea,0,0,1,0,0,0
2020-06-25T13:27:03.849444Z,2020,6,25,65.500600,22.494900,6.0,0,5.0,1,sea,1,1,1,0,0,0
2020-06-25T13:28:46.571648Z,2020,6,25,65.235900,22.999800,5.0,0,5.8,1,sea,0,0,0,0,0,0
2020-06-25T13:28:46.572720Z,2020,6,25,65.488800,22.528200,6.0,0,5.2,1,islands,0,0,1,0,0,0
2020-06-25T13:29:56.166452Z,2020,6,25,65.484000,22.566900,7.0,0,4.0,1,islands,0,1,1,0,0,0
2020-06-25T13:29:56.167108Z,2020,6,25,65.487200,22.565500,5.0,0,2.8,1,islands,0,1,1,0,0,0
2020-06-25T13:32:47.098667Z,2020,6,25,65.470300,22.548600,10.0,0,7.4,1,sea,1,1,1,0,0,0
2020-06-25T13:32:47.099159Z,2020,6,25,65.414000,22.481700,10.0,0,23.2,1,sea,0,1,1,0,0,0
2020-06-25T13:37:55.801773Z,2020,6,25,65.336300,22.884100,-5.0,0,2.2,1,sea,0,0,0,0,0,0
2020-06-25T13:40:23.780534Z,2020,6,25,65.504300,22.714200,7.0,0,3.2,1,sea,0,1,1,0,0,0
2020-06-30T15:07:42.478927Z,2020,6,30,65.748600,22.047400,5.0,0,2.2,1,mainland,0,0,0,0,0,0
2020-06-30T15:47:37.324884Z,2020,6,30,65.748000,22.052500,6.0,0,2.2,1,mainland,0,0,0,0,0,0
2020-06-30T16:35:36.443236Z,2020,6,30,65.326600,22.097500,4.0,0,19.2,1,sea,0,0,0,0,0,0
2020-06-30T16:42:05.138863Z,2020,6,30,65.462400,21.822200,7.0,0,1.8,1,mainland,0,0,0,0,0,1
2020-06-30T17:01:13.901249Z,2020,6,30,65.708300,22.130000,6.0,0,5.6,1,mainland,0,0,0,0,0,0
2020-06-30T17:01:13.901498Z,2020,6,30,65.642300,22.255300,5.0,0,3.0,1,mainland,1,1,1,0,0,0
2020-06-30T17:02:32.376368Z,2020,6,30,65.655400,21.389800,8.0,0,4.6,1,mainland,0,0,0,0,0,1
2020-06-30T17:02:32.392350Z,2020,6,30,65.464000,21.871400,5.0,0,24.4,1,mainland,0,0,0,0,0,0
2020-06-30T17:02:32.396200Z,2020,6,30,65.661800,21.385000,8.0,0,9.6,1,mainland,0,0,0,0,0,0
2020-06-30T17:07:05.894419Z,2020,6,30,65.725500,22.217700,5.0,0,9.8,1,mainland,0,0,0,0,0,0
2020-06-30T17:07:42.611818Z,2020,6,30,65.659100,21.415600,19.0,0,10.0,1,mainland,0,0,0,0,0,0
2020-06-30T17:09:47.583750Z,2020,6,30,65.721800,22.245300,5.0,0,5.0,1,mainland,0,0,0,0,0,0
2020-06-30T17:13:17.619668Z,2020,6,30,65.171000,22.428300,4.0,0,6.8,1,sea,0,0,0,0,0,0
2020-07-03T12:32:21.509103Z,2020,7,3,65.592100,21.604400,13.0,0,6.0,1,mainland,0,0,0,0,0,0
2020-07-03T13:03:02.744329Z,2020,7,3,65.519300,21.684100,-117.0,0,30.2,1,mainland,0,0,0,0,0,0
2020-07-03T13:06:27.391944Z,2020,7,3,65.517100,21.719500,-70.0,0,19.4,1,mainland,0,0,0,0,0,0
2020-07-03T13:06:27.419113Z,2020,7,3,65.521900,21.758400,-35.0,0,10.6,1,mainland,0,0,0,0,0,0
2020-07-03T13:06:27.441342Z,2020,7,3,65.497300,21.821100,-6.0,0,6.4,1,mainland,0,0,0,0,0,0
2020-07-03T13:09:59.518007Z,2020,7,3,65.537000,21.686500,22.0,0,14.4,1,mainland,0,0,0,0,0,0
2020-07-03T13:09:59.518554Z,2020,7,3,65.528100,21.684900,23.0,0,17.0,1,mainland,0,0,0,0,0,0
2020-07-03T13:09:59.519284Z,2020,7,3,65.530300,21.730400,22.0,0,20.2,1,mainland,0,0,0,0,0,0
2020-07-03T13:09:59.520039Z,2020,7,3,65.510500,21.852400,-12.0,0,24.6,1,mainland,0,0,1,0,0,0
2020-07-03T13:09:59.522515Z,2020,7,3,65.524600,21.697100,11.0,0,11.4,1,mainland,0,0,0,0,0,0
2020-07-03T13:13:37.532328Z,2020,7,3,65.263400,22.342600,5.0,0,1.2,1,sea,0,0,0,0,0,0
2020-07-03T13:13:37.532854Z,2020,7,3,65.516000,21.682900,11.0,0,5.4,1,mainland,0,0,0,0,0,1
2020-07-03T13:13:37.533730Z,2020,7,3,65.565200,21.603800,7.0,0,6.6,1,mainland,0,0,0,0,0,0
2020-07-03T13:13:37.534174Z,2020,7,3,65.543600,21.649300,-17.0,0,20.4,1,mainland,0,0,0,0,0,0
2020-07-03T13:13:37.534647Z,2020,7,3,65.557600,21.654200,6.0,0,4.8,1,mainland,0,0,0,0,0,0
2020-07-03T13:13:37.535681Z,2020,7,3,65.464900,21.801500,7.0,0,18.8,1,mainland,0,0,0,0,1,1
2020-07-03T13:13:37.536187Z,2020,7,3,65.288100,22.285500,5.0,0,2.0,1,sea,0,0,0,0,0,0
2020-07-03T13:15:02.888574Z,2020,7,3,65.539500,21.709300,-16.0,0,17.0,1,mainland,0,0,0,0,0,0
2020-07-03T13:15:02.888990Z,2020,7,3,65.532000,21.770100,-5.0,0,16.2,1,mainland,0,0,0,0,0,0
2020-07-03T13:15:02.889630Z,2020,7,3,65.526100,21.700900,-5.0,0,14.4,1,mainland,0,0,0,0,0,0
2020-07-03T13:15:02.891197Z,2020,7,3,65.523500,21.710300,-17.0,0,8.0,1,mainland,0,0,0,0,0,0
2020-07-03T13:17:07.397521Z,2020,7,3,65.555100,21.693700,13.0,0,3.4,1,mainland,0,0,0,0,0,0
2020-07-03T13:17:07.398704Z,2020,7,3,65.560300,21.691300,18.0,0,17.8,1,mainland,0,0,0,0,0,0
2020-07-03T13:17:07.399726Z,2020,7,3,65.333500,22.221400,5.0,0,2.6,1,sea,0,0,0,0,0,0
2020-07-03T13:17:07.400277Z,2020,7,3,65.564100,21.685600,14.0,0,11.6,1,mainland,0,0,0,0,0,0
2020-07-03T13:17:07.400311Z,2020,7,3,65.469700,21.825900,21.0,0,16.4,1,mainland,0,0,0,0,0,0
2020-07-03T13:17:07.401283Z,2020,7,3,65.490100,21.854600,6.0,0,1.8,1,mainland,0,0,0,0,0,0
2020-07-03T13:17:07.402808Z,2020,7,3,65.400100,22.086100,5.0,0,13.8,1,sea,0,0,1,0,0,0
2020-07-03T13:19:02.516377Z,2020,7,3,65.552500,21.718300,-40.0,0,16.0,1,mainland,0,0,0,0,0,0
2020-07-03T13:19:02.517025Z,2020,7,3,65.550300,21.726200,-112.0,0,9.0,1,mainland,0,0,0,0,0,0
2020-07-03T13:21:16.986912Z,2020,7,3,65.276100,22.313900,4.0,0,1.4,1,sea,0,0,0,0,0,0
2020-07-03T13:23:54.866946Z,2020,7,3,65.562800,21.723700,-91.0,0,29.6,1,mainland,0,0,0,0,0,0
2020-07-03T13:27:26.947776Z,2020,7,3,65.560300,21.757200,-69.0,0,9.6,1,mainland,0,0,0,0,0,0
2020-07-03T13:27:26.967083Z,2020,7,3,65.556600,21.763200,-6.0,0,6.4,1,mainland,0,0,0,0,0,0
2020-07-03T13:27:26.967710Z,2020,7,3,65.559700,21.763200,-22.0,0,8.8,1,mainland,0,0,0,0,0,0
2020-07-03T13:28:56.929190Z,2020,7,3,65.575600,21.806500,-57.0,0,10.6,1,mainland,0,0,0,0,0,0
2020-07-03T13:28:56.929197Z,2020,7,3,65.569500,21.757500,-53.0,0,17.8,1,mainland,0,0,0,0,0,0
2020-07-03T13:28:57.286118Z,2020,7,3,65.569100,21.760100,-13.0,0,6.0,1,mainland,0,0,0,0,0,0
2020-07-03T13:30:42.089458Z,2020,7,3,65.573300,21.759500,-25.0,0,12.2,1,mainland,0,0,0,0,0,0
2020-07-03T13:30:42.090671Z,2020,7,3,65.573900,21.757700,-66.0,0,15.2,1,mainland,0,0,0,0,0,0
2020-07-03T13:34:14.287024Z,2020,7,3,65.596800,21.744000,15.0,0,11.8,1,mainland,0,0,0,0,0,0
2020-07-03T13:34:14.287728Z,2020,7,3,65.606700,21.716400,12.0,0,6.0,1,mainland,0,0,0,0,0,0
2020-07-03T13:34:14.288174Z,2020,7,3,65.608000,21.709900,12.0,0,24.2,1,mainland,0,0,0,0,0,0
2020-07-03T13:34:14.288687Z,2020,7,3,65.604100,21.725100,6.0,0,6.4,1,mainland,0,0,0,0,0,0
2020-07-03T13:34:14.291849Z,2020,7,3,65.590000,21.714800,5.0,0,7.0,1,mainland,0,0,0,0,0,0
2020-07-03T13:35:42.735830Z,2020,7,3,65.590600,21.771000,-12.0,0,4.4,1,mainland,0,0,0,0,0,0
2020-07-03T13:35:42.738720Z,2020,7,3,65.585400,21.768900,-20.0,0,9.0,1,mainland,0,0,0,0,0,0
2020-07-03T13:35:42.752797Z,2020,7,3,65.454000,22.064300,-5.0,0,7.8,1,sea,0,1,1,0,0,0
2020-07-03T13:38:24.082802Z,2020,7,3,65.596300,21.784000,-39.0,0,16.4,1,mainland,0,0,0,0,0,0
2020-07-03T13:38:24.083853Z,2020,7,3,65.589000,21.784400,-65.0,0,9.4,1,mainland,0,0,0,0,0,0
2020-07-03T13:41:11.399134Z,2020,7,3,65.598800,21.769300,6.0,0,12.8,1,mainland,0,0,0,0,0,0
2020-07-03T13:41:11.399814Z,2020,7,3,65.574600,21.767100,7.0,0,8.2,1,mainland,0,0,0,0,0,0
2020-07-03T13:41:11.400548Z,2020,7,3,65.605600,21.769400,14.0,0,20.6,1,mainland,0,0,0,0,0,0
2020-07-03T13:41:11.437956Z,2020,7,3,65.589500,21.832200,-6.0,0,14.4,1,mainland,0,0,0,0,0,0
2020-07-03T13:41:11.446501Z,2020,7,3,65.607900,21.794000,6.0,0,10.0,1,mainland,0,0,0,0,0,0
2020-07-03T14:00:49.036337Z,2020,7,3,65.511500,22.114300,5.0,0,16.2,1,islands,1,1,1,0,0,0
2020-07-03T15:39:30.574652Z,2020,7,3,65.652700,21.524100,-11.0,0,9.0,1,mainland,0,0,0,0,0,0
2020-07-03T15:39:30.593889Z,2020,7,3,65.648000,21.546800,-8.0,0,6.6,1,mainland,0,0,0,0,0,0
2020-07-03T15:39:30.624935Z,2020,7,3,65.653300,21.523500,-5.0,0,4.6,1,mainland,0,0,0,0,0,0
2020-07-03T15:39:30.837747Z,2020,7,3,65.654200,21.520500,-7.0,0,8.6,1,mainland,0,0,0,0,0,0
2020-07-03T15:40:45.208750Z,2020,7,3,65.655100,21.533700,-5.0,0,6.0,1,mainland,0,0,0,0,0,0
2020-07-03T15:41:57.931761Z,2020,7,3,65.653400,21.586900,-8.0,0,2.8,1,inland_water,0,0,0,0,0,0
2020-07-03T15:41:58.065238Z,2020,7,3,65.649200,21.627700,-6.0,0,9.0,1,mainland,0,0,0,0,0,0
2020-07-04T11:21:30.082222Z,2020,7,4,65.468600,22.296500,8.0,0,6.4,1,sea,1,1,1,0,0,0
2020-07-08T12:02:33.861065Z,2020,7,8,65.363700,22.053600,5.0,0,1.6,1,sea,0,0,0,0,0,0
2020-07-08T12:02:33.861556Z,2020,7,8,65.529400,21.665500,5.0,0,4.6,1,inland_water,0,0,0,0,0,0
2020-07-09T09:30:47.826555Z,2020,7,9,65.682200,21.865400,-11.0,0,3.8,1,mainland,0,0,0,0,0,0
2020-07-09T11:08:59.728274Z,2020,7,9,66.066300,22.143400,5.0,0,8.4,1,mainland,0,0,0,0,0,0
2020-07-09T11:16:44.627449Z,2020,7,9,66.071000,22.112900,-81.0,0,11.2,1,mainland,0,0,0,0,0,0
2020-07-09T13:03:09.834751Z,2020,7,9,65.657500,21.982500,-7.0,0,8.4,1,mainland,0,0,0,0,0,0
2020-07-09T13:21:07.197247Z,2020,7,9,65.386200,22.418800,5.0,0,3.8,1,sea,0,0,0,0,0,0
2020-07-09T13:32:50.880811Z,2020,7,9,65.571100,21.568800,5.0,0,3.8,1,mainland,0,0,0,0,0,0
2020-07-09T14:20:15.525970Z,2020,7,9,65.633000,22.194200,5.0,0,1.4,1,mainland,0,0,1,0,0,0
2020-07-09T14:23:21.088961Z,2020,7,9,65.879300,22.254200,5.0,0,3.0,1,mainland,0,0,0,0,0,0
2020-07-09T14:26:27.495368Z,2020,7,9,65.726400,21.992600,-6.0,0,6.6,1,mainland,0,0,0,0,0,0
2020-07-09T15:32:29.612460Z,2020,7,9,66.161400,22.282200,-7.0,0,15.0,1,mainland,0,0,0,0,0,1
2020-07-10T07:32:56.648309Z,2020,7,10,65.571400,22.300200,-22.0,0,14.6,1,mainland,0,0,0,0,0,0
2020-07-12T07:08:39.081149Z,2020,7,12,65.942400,22.215900,12.0,0,12.8,1,mainland,0,0,0,0,0,0
2020-07-12T07:08:39.081507Z,2020,7,12,65.944400,22.207200,13.0,0,12.8,1,mainland,0,0,0,0,0,0
2020-07-12T07:08:39.081864Z,2020,7,12,65.948500,22.213400,11.0,0,17.2,1,mainland,0,0,0,0,0,0
2020-07-12T07:12:19.131103Z,2020,7,12,65.952000,22.212600,20.0,0,26.0,1,mainland,0,0,0,0,0,0
2020-07-12T07:12:19.131373Z,2020,7,12,65.951600,22.218500,20.0,0,11.0,1,mainland,0,0,0,0,0,0
2020-07-12T07:12:19.131724Z,2020,7,12,65.893400,22.371600,12.0,0,10.0,1,mainland,0,0,0,0,0,0
2020-07-12T07:12:19.132238Z,2020,7,12,65.951100,22.215500,11.0,0,6.6,1,mainland,0,0,0,0,0,0
2020-07-12T08:04:06.201109Z,2020,7,12,65.922500,22.208000,6.0,0,7.6,1,mainland,0,0,0,0,0,0
2020-07-12T08:04:06.201576Z,2020,7,12,65.906300,22.207600,10.0,0,28.8,1,mainland,0,0,0,0,0,0
2020-07-12T08:04:06.202677Z,2020,7,12,66.017900,22.045700,5.0,0,30.2,1,mainland,0,0,0,0,0,0
2020-07-12T08:04:06.203331Z,2020,7,12,65.741600,22.284900,5.0,0,1.4,1,mainland,0,0,0,0,0,0
2020-07-12T08:04:06.230716Z,2020,7,12,65.975500,22.301500,-8.0,0,3.2,1,mainland,0,0,0,0,0,0
2020-07-12T08:07:06.310786Z,2020,7,12,65.969300,22.464600,5.0,0,2.2,1,mainland,0,0,0,0,0,0
2020-07-12T08:07:06.310990Z,2020,7,12,66.076100,22.310800,7.0,0,6.0,1,mainland,0,0,0,0,0,0
2020-07-12T08:27:30.771768Z,2020,7,12,65.959600,21.997600,6.0,0,10.0,1,mainland,0,0,0,0,0,0
2020-07-12T08:27:30.774143Z,2020,7,12,65.947200,22.041600,5.0,0,6.0,1,mainland,0,0,0,0,0,0
2020-07-12T08:27:30.836861Z,2020,7,12,65.898300,22.030000,-18.0,0,14.4,1,mainland,0,0,0,1,1,1
2020-07-12T08:29:44.833587Z,2020,7,12,65.937100,22.019400,6.0,0,6.6,1,mainland,0,0,0,0,0,0
2020-07-12T08:31:18.126185Z,2020,7,12,65.948400,22.024900,8.0,0,16.0,1,mainland,0,0,0,0,0,0
2020-07-12T08:32:27.555788Z,2020,7,12,65.934300,22.008800,7.0,0,2.0,1,mainland,0,0,0,0,0,1
2020-07-12T08:32:27.556742Z,2020,7,12,65.593600,22.600300,6.0,0,9.4,1,islands,1,1,1,0,0,0
2020-07-12T08:45:00.130213Z,2020,7,12,65.928500,22.151300,6.0,0,11.2,1,inland_water,0,0,0,0,0,0
2020-07-12T09:20:52.940873Z,2020,7,12,65.423400,22.925800,4.0,0,2.6,1,sea,0,0,0,0,0,0
2020-07-12T09:20:52.942576Z,2020,7,12,65.872500,22.128600,-44.0,0,11.4,1,mainland,0,0,0,0,0,0
2020-07-12T09:20:52.949800Z,2020,7,12,65.903200,22.116600,-6.0,0,4.6,1,mainland,0,0,0,0,0,0
2020-07-12T09:23:10.960810Z,2020,7,12,65.885300,22.189900,7.0,0,5.8,1,mainland,0,0,0,0,0,0
2020-07-12T09:23:10.962247Z,2020,7,12,65.890900,22.291300,8.0,0,16.4,1,mainland,0,0,0,0,0,0
2020-07-12T09:23:10.962845Z,2020,7,12,65.885800,22.214600,12.0,0,11.2,1,mainland,0,0,0,0,0,0
2020-07-12T09:23:10.981945Z,2020,7,12,65.885600,22.162700,5.0,0,10.8,1,mainland,0,0,0,0,0,0
2020-07-12T09:26:43.728161Z,2020,7,12,65.883900,22.197400,4.0,0,16.4,1,mainland,0,0,0,0,0,0
2020-07-12T09:28:57.768165Z,2020,7,12,65.875700,22.188600,8.0,0,3.4,1,mainland,0,0,0,0,0,0
2020-07-12T09:33:49.298595Z,2020,7,12,65.857300,22.121000,5.0,0,15.2,1,mainland,0,0,0,0,0,1
2020-07-12T09:33:49.299326Z,2020,7,12,65.732900,22.475800,6.0,0,8.4,1,sea,0,0,0,0,0,0
2020-07-12T09:38:07.874602Z,2020,7,12,65.900800,22.232000,4.0,0,7.4,1,mainland,0,0,0,0,0,0
2020-07-12T09:41:27.735288Z,2020,7,12,65.896200,22.288400,-6.0,0,15.2,1,mainland,0,0,0,0,0,0
2020-07-12T09:43:44.246012Z,2020,7,12,65.893300,22.180600,15.0,0,13.2,1,mainland,0,0,0,0,0,0
2020-07-12T09:43:44.246371Z,2020,7,12,65.890100,22.166900,18.0,0,21.8,1,mainland,0,0,0,0,0,0
2020-07-12T09:43:44.248396Z,2020,7,12,65.915600,22.303700,6.0,0,28.0,1,mainland,0,0,0,0,0,0
2020-07-12T09:45:33.165749Z,2020,7,12,65.903800,22.196500,7.0,0,5.8,1,mainland,0,0,0,0,0,0
2020-07-12T09:45:33.166141Z,2020,7,12,65.903600,22.197800,9.0,0,5.2,1,inland_water,0,0,0,0,0,0
2020-07-12T09:45:33.167516Z,2020,7,12,65.895000,22.170600,34.0,0,12.2,1,mainland,0,0,0,0,0,0
2020-07-12T09:45:33.168448Z,2020,7,12,65.943500,22.012300,-12.0,0,22.2,1,mainland,0,0,0,0,0,0
2020-07-12T09:46:41.696813Z,2020,7,12,65.898100,22.199700,5.0,0,7.0,1,inland_water,0,0,0,0,0,0
2020-07-12T09:46:41.697530Z,2020,7,12,65.904600,22.207400,10.0,0,4.8,1,mainland,0,0,0,0,0,0
2020-07-12T09:46:41.698197Z,2020,7,12,65.949700,22.496900,-21.0,0,22.4,1,mainland,0,0,0,0,0,0
2020-07-12T09:46:41.701082Z,2020,7,12,65.901300,22.196000,7.0,0,14.8,1,mainland,0,0,0,0,0,0
2020-07-12T09:50:28.472490Z,2020,7,12,65.913600,22.214500,8.0,0,3.0,1,mainland,0,0,0,0,0,0
2020-07-12T09:50:28.473176Z,2020,7,12,65.910400,22.201100,14.0,0,7.0,1,mainland,0,0,0,0,0,0
2020-07-12T09:50:28.474185Z,2020,7,12,65.913900,22.208000,24.0,0,30.2,1,mainland,0,0,0,0,0,0
2020-07-12T09:54:15.240698Z,2020,7,12,65.930100,22.322700,5.0,0,5.8,1,mainland,0,0,0,0,0,0
2020-07-12T09:54:15.241912Z,2020,7,12,65.938100,22.283700,5.0,0,3.4,1,mainland,0,0,0,0,0,0
2020-07-12T09:55:03.325206Z,2020,7,12,65.705600,22.674000,5.0,0,2.8,1,sea,0,0,1,0,0,0
2020-07-12T09:57:24.771944Z,2020,7,12,65.934400,22.318700,8.0,0,2.2,1,mainland,0,0,0,0,0,0
2020-07-12T10:02:16.551495Z,2020,7,12,65.946900,22.325500,6.0,0,10.0,1,mainland,0,0,0,0,0,0
2020-07-12T10:02:16.554330Z,2020,7,12,65.950800,22.323800,8.0,0,5.6,1,mainland,0,0,0,0,0,0
2020-07-12T10:02:16.556242Z,2020,7,12,65.933800,22.307800,6.0,0,2.8,1,mainland,0,0,0,0,0,0
2020-07-12T10:04:49.324630Z,2020,7,12,65.872500,22.283600,6.0,0,7.6,1,mainland,0,0,0,0,0,0
2020-07-12T10:04:49.325108Z,2020,7,12,65.849600,22.265500,8.0,0,9.4,1,mainland,0,0,0,0,0,0
2020-07-12T10:04:49.330230Z,2020,7,12,65.852600,22.287700,7.0,0,10.4,1,mainland,0,0,0,0,0,0
2020-07-12T10:04:49.337463Z,2020,7,12,65.865800,22.291800,12.0,0,30.2,1,inland_water,0,0,0,0,0,0
2020-07-12T10:06:18.724667Z,2020,7,12,65.938000,22.320200,6.0,0,6.6,1,mainland,0,0,0,0,0,0
2020-07-12T10:07:08.953927Z,2020,7,12,65.917400,22.371900,-16.0,0,7.8,1,mainland,0,0,0,0,0,0
2020-07-12T10:07:09.058400Z,2020,7,12,65.989200,22.430000,-5.0,0,3.4,1,mainland,0,0,0,0,0,0
2020-07-12T10:07:09.322105Z,2020,7,12,65.916200,22.355200,-7.0,0,5.4,1,mainland,0,0,0,0,0,0
2020-07-12T10:09:54.270553Z,2020,7,12,65.918300,22.325400,7.0,0,2.6,1,mainland,0,0,0,0,0,0
2020-07-12T10:09:54.270826Z,2020,7,12,65.917100,22.326900,8.0,0,5.2,1,mainland,0,0,0,0,0,0
2020-07-12T10:09:54.272128Z,2020,7,12,65.912800,22.333300,6.0,0,7.4,1,mainland,0,0,0,0,0,0
2020-07-12T10:09:54.273524Z,2020,7,12,65.919800,22.335400,5.0,0,24.0,1,mainland,0,0,0,0,0,0
2020-07-12T10:11:00.077126Z,2020,7,12,65.917200,22.333200,6.0,0,4.0,1,mainland,0,0,0,0,0,0
2020-07-12T10:11:00.078251Z,2020,7,12,65.917400,22.327500,14.0,0,8.2,1,mainland,0,0,0,0,0,0
2020-07-12T10:11:00.079133Z,2020,7,12,65.868900,22.407200,7.0,0,2.0,1,mainland,0,0,1,0,0,0
2020-07-12T10:11:00.373649Z,2020,7,12,65.915900,22.362400,9.0,0,16.8,1,mainland,0,0,0,0,0,0
2020-07-12T10:12:39.175001Z,2020,7,12,65.924900,22.305900,5.0,0,14.8,1,mainland,0,0,0,0,0,0
2020-07-12T10:12:39.175630Z,2020,7,12,65.923800,22.329400,7.0,0,4.6,1,mainland,0,0,0,0,0,0
2020-07-12T10:12:39.176269Z,2020,7,12,65.918000,22.337800,9.0,0,2.6,1,mainland,0,0,0,0,0,0
2020-07-12T10:12:39.185810Z,2020,7,12,65.925600,22.327400,8.0,0,8.4,1,mainland,0,0,0,0,0,0
2020-07-12T10:12:39.189048Z,2020,7,12,65.926900,22.324000,9.0,0,11.8,1,mainland,0,0,0,0,0,0
2020-07-12T10:12:39.451380Z,2020,7,12,65.821200,22.270200,-60.0,0,8.6,1,mainland,0,0,0,0,0,0
2020-07-12T10:12:39.468966Z,2020,7,12,65.824200,22.287700,-23.0,0,6.0,1,mainland,0,0,0,0,0,0
2020-07-12T10:12:39.485124Z,2020,7,12,65.822000,22.275600,-12.0,0,4.4,1,mainland,0,0,0,0,0,0
2020-07-12T10:12:39.523141Z,2020,7,12,65.823800,22.278900,-20.0,0,14.4,1,mainland,0,0,0,0,0,0
2020-07-12T10:12:39.543992Z,2020,7,12,65.583500,22.684300,-4.0,0,2.6,1,sea,0,0,0,0,0,0
2020-07-12T10:12:39.595087Z,2020,7,12,65.823100,22.274400,-6.0,0,3.4,1,mainland,0,0,0,0,0,0
2020-07-12T10:14:14.309101Z,2020,7,12,65.933300,22.340000,9.0,0,3.4,1,mainland,0,0,0,0,0,0
2020-07-12T10:14:14.330903Z,2020,7,12,65.930400,22.360700,6.0,0,11.8,1,mainland,0,0,0,0,0,0
2020-07-12T10:16:03.682653Z,2020,7,12,65.998600,22.285100,5.0,0,2.2,1,mainland,0,0,0,0,0,0
2020-07-12T10:17:53.969975Z,2020,7,12,65.947000,22.317800,6.0,0,5.2,1,mainland,0,0,0,0,0,0
2020-07-12T10:17:53.974909Z,2020,7,12,65.940100,22.332200,5.0,0,9.6,1,mainland,0,0,0,0,0,0
2020-07-12T10:23:58.588203Z,2020,7,12,65.817300,22.330000,6.0,0,12.8,1,mainland,0,0,1,0,0,0
2020-07-12T10:23:58.606863Z,2020,7,12,65.714100,22.505400,6.0,0,13.2,1,sea,0,0,0,0,0,0
2020-07-12T10:31:28.052211Z,2020,7,12,66.011700,22.444900,11.0,0,18.2,1,mainland,0,0,0,0,0,0
2020-07-12T10:31:58.739678Z,2020,7,12,65.649200,22.643000,5.0,0,14.6,1,sea,1,1,1,0,0,0
2020-07-12T10:37:21.435616Z,2020,7,12,65.837000,22.383600,7.0,0,1.4,1,sea,0,1,1,0,0,0
2020-07-12T10:37:21.436216Z,2020,7,12,65.834300,22.367800,7.0,0,6.0,1,sea,1,1,1,0,0,0
2020-07-12T10:37:21.437257Z,2020,7,12,65.834600,22.378500,5.0,0,4.0,1,sea,0,1,1,0,0,0
2020-07-12T10:37:21.438841Z,2020,7,12,65.844000,22.371100,7.0,0,6.6,1,sea,1,1,1,0,0,0
2020-07-12T10:39:34.933483Z,2020,7,12,65.854000,22.363900,7.0,0,24.6,1,sea,0,1,1,0,0,0
2020-07-12T10:39:34.935201Z,2020,7,12,65.690800,22.632100,6.0,0,7.6,1,sea,0,1,1,0,0,0
2020-07-12T11:22:29.774867Z,2020,7,12,65.751400,22.315500,7.0,0,17.8,1,mainland,0,0,0,0,0,0
2020-07-12T11:31:29.589613Z,2020,7,12,65.677700,22.371300,5.0,0,1.6,1,sea,0,1,1,0,0,0
2020-07-12T11:31:29.589976Z,2020,7,12,65.716300,22.293500,6.0,0,2.6,1,mainland,0,0,1,0,0,0
2020-07-12T11:31:29.603161Z,2020,7,12,65.724300,22.293300,6.0,0,10.6,1,mainland,0,0,1,0,0,0
2020-07-12T11:34:54.164952Z,2020,7,12,65.731000,22.299300,-22.0,0,14.6,1,mainland,0,0,1,0,0,0
2020-07-12T11:34:54.165629Z,2020,7,12,65.728300,22.501800,-94.0,0,27.8,1,sea,0,0,1,0,0,0
2020-07-12T11:34:54.177872Z,2020,7,12,65.721000,22.278300,-8.0,0,15.0,1,mainland,0,0,0,0,0,0
2020-07-12T11:34:54.178518Z,2020,7,12,65.730800,22.294300,-7.0,0,6.8,1,mainland,0,0,1,0,0,0
2020-07-12T11:34:54.312582Z,2020,7,12,65.726700,22.304700,-12.0,0,6.2,1,mainland,0,1,1,0,0,0
2020-07-12T11:37:56.555630Z,2020,7,12,65.728300,22.309400,-182.0,0,23.2,1,mainland,1,1,1,0,0,0
2020-07-12T11:40:48.101177Z,2020,7,12,65.697300,22.325200,5.0,0,2.0,1,mainland,0,0,1,0,0,0
2020-07-12T11:40:48.209924Z,2020,7,12,65.338800,22.944400,5.0,0,1.6,1,sea,0,0,0,0,0,0
2020-07-12T11:43:32.789260Z,2020,7,12,65.347200,22.427900,8.0,0,6.0,1,sea,0,1,1,0,0,0
2020-07-12T11:43:32.789400Z,2020,7,12,65.714900,22.366500,11.0,0,6.6,1,sea,0,0,1,0,0,0
2020-07-12T11:43:32.790440Z,2020,7,12,65.525800,22.541000,5.0,0,6.0,1,sea,1,1,1,0,0,0
2020-07-12T11:43:32.792202Z,2020,7,12,65.610500,22.524000,6.0,0,5.8,1,sea,0,1,1,0,0,0
2020-07-12T11:43:32.859096Z,2020,7,12,65.690900,22.261800,-15.0,0,4.8,1,sea,1,1,1,0,0,0
2020-07-12T11:44:48.707687Z,2020,7,12,65.669300,22.436700,5.0,0,17.2,1,sea,0,0,0,0,0,0
2020-07-12T11:44:48.708953Z,2020,7,12,65.732700,22.325600,5.0,0,5.4,1,mainland,1,1,1,0,0,0
2020-07-12T11:45:57.260544Z,2020,7,12,66.150800,22.229300,8.0,0,6.4,1,mainland,0,0,0,0,0,0
2020-07-12T11:45:57.261402Z,2020,7,12,65.754900,22.368200,7.0,0,17.4,1,sea,0,0,1,0,0,0
2020-07-12T11:45:57.272088Z,2020,7,12,65.725400,22.357700,5.0,0,10.8,1,sea,0,0,1,0,0,0
2020-07-12T11:46:49.500570Z,2020,7,12,65.727400,22.332300,5.0,0,4.6,1,sea,0,1,1,0,0,0
2020-07-12T11:46:49.501076Z,2020,7,12,65.770600,22.083900,-7.0,0,6.0,1,mainland,0,0,0,0,0,0
2020-07-12T11:46:49.501685Z,2020,7,12,65.726300,22.337700,16.0,0,27.6,1,sea,0,0,1,0,0,0
2020-07-12T11:46:49.502038Z,2020,7,12,65.734400,22.353500,12.0,0,29.8,1,sea,0,1,1,0,0,0
2020-07-12T11:46:49.502613Z,2020,7,12,65.901700,22.074300,10.0,0,26.4,1,mainland,0,0,0,0,0,0
2020-07-12T11:46:49.645104Z,2020,7,12,65.672200,22.282300,-10.0,0,4.0,1,sea,0,1,1,0,0,0
2020-07-12T11:48:09.154381Z,2020,7,12,65.725800,22.353900,6.0,0,6.2,1,sea,0,0,1,0,0,0
2020-07-12T11:48:09.154809Z,2020,7,12,65.721800,22.359600,15.0,0,8.4,1,sea,0,0,1,0,0,0
2020-07-12T11:48:09.156654Z,2020,7,12,65.726500,22.357800,9.0,0,14.4,1,sea,0,0,1,0,0,0
2020-07-12T11:48:09.173670Z,2020,7,12,65.725500,22.357100,7.0,0,5.6,1,sea,0,0,1,0,0,0
2020-07-12T11:48:09.176536Z,2020,7,12,65.611000,22.543300,6.0,0,7.2,1,sea,0,0,1,0,0,0
2020-07-12T11:48:09.179948Z,2020,7,12,65.723800,22.349000,6.0,0,6.0,1,sea,0,0,0,0,0,0
2020-07-12T11:48:09.280594Z,2020,7,12,65.716200,22.272400,-13.0,0,5.2,1,mainland,0,0,1,0,0,0
2020-07-12T11:49:53.550251Z,2020,7,12,65.488900,22.718900,5.0,0,5.6,1,sea,1,1,1,0,0,0
2020-07-12T11:49:53.551389Z,2020,7,12,65.709500,22.331800,8.0,0,4.0,1,mainland,1,1,1,0,0,0
2020-07-12T11:49:53.551689Z,2020,7,12,65.711600,22.329600,5.0,0,2.2,1,mainland,1,1,1,0,0,0
2020-07-12T11:49:53.642824Z,2020,7,12,65.692200,22.271200,-11.0,0,4.6,1,sea,0,1,1,0,0,0
2020-07-12T11:51:56.723483Z,2020,7,12,65.733100,22.231700,-14.0,0,5.6,1,inland_water,0,0,0,0,0,0
2020-07-12T11:57:34.123587Z,2020,7,12,65.732500,22.373900,7.0,0,9.4,1,sea,0,1,1,0,0,0
2020-07-12T11:57:34.174956Z,2020,7,12,65.683500,22.371900,-10.0,0,4.4,1,sea,0,1,1,0,0,0
2020-07-12T12:16:51.123248Z,2020,7,12,65.718300,22.324800,7.0,0,17.6,1,sea,1,1,1,0,0,0
2020-07-12T12:18:25.362487Z,2020,7,12,65.476600,22.750500,7.0,0,12.8,1,islands,1,1,1,0,0,0
2020-07-12T12:18:25.362830Z,2020,7,12,65.529200,22.653100,5.0,0,2.6,1,sea,0,0,1,0,0,0
2020-07-12T12:19:41.852856Z,2020,7,12,65.721000,22.331400,5.0,0,2.6,1,sea,0,1,1,0,0,0
2020-07-12T12:19:41.853795Z,2020,7,12,65.736900,22.346300,6.0,0,9.2,1,sea,1,1,1,0,0,0
2020-07-12T12:19:41.870290Z,2020,7,12,65.724800,22.341500,6.0,0,23.2,1,sea,0,0,1,0,0,0
2020-07-12T12:20:40.449081Z,2020,7,12,65.903900,22.054200,6.0,0,2.4,1,mainland,0,0,0,0,0,0
2020-07-12T12:20:43.915333Z,2020,7,12,65.724800,22.333500,6.0,0,8.8,1,sea,0,0,1,0,0,0
2020-07-12T12:20:43.915977Z,2020,7,12,65.723100,22.345200,5.0,0,7.4,1,sea,0,0,0,0,0,0
2020-07-12T12:23:55.497500Z,2020,7,12,65.925100,22.031600,6.0,0,3.2,1,mainland,0,0,0,0,0,0
2020-07-12T12:24:36.869549Z,2020,7,12,65.975900,21.974700,6.0,0,1.6,1,mainland,0,0,0,0,0,0
2020-07-12T12:25:23.534799Z,2020,7,12,65.940900,22.049100,6.0,0,10.0,1,mainland,0,0,0,0,0,0
2020-07-12T13:02:46.462956Z,2020,7,12,65.676400,21.935000,-11.0,0,11.4,1,mainland,0,0,0,0,0,0
2020-07-12T13:07:41.033712Z,2020,7,12,65.652500,21.821100,6.0,0,10.4,1,mainland,0,0,0,0,0,0
2020-07-12T13:07:41.033991Z,2020,7,12,65.652400,21.820000,14.0,0,22.6,1,mainland,0,0,0,0,0,0
2020-07-12T13:07:41.034367Z,2020,7,12,65.653500,21.823700,16.0,0,25.2,1,mainland,0,0,0,0,0,0
2020-07-12T13:07:41.034743Z,2020,7,12,65.652900,21.811700,16.0,0,17.8,1,mainland,0,0,0,0,0,0
2020-07-12T13:07:41.034745Z,2020,7,12,65.649300,21.847300,17.0,0,15.4,1,mainland,0,0,0,0,0,0
2020-07-12T13:07:41.035220Z,2020,7,12,65.649200,21.834800,-20.0,0,22.2,1,mainland,0,0,0,0,0,0
2020-07-12T13:07:41.153489Z,2020,7,12,65.629500,21.725500,-15.0,0,7.0,1,mainland,0,0,0,0,0,0
2020-07-12T13:09:10.675039Z,2020,7,12,65.659600,21.832100,13.0,0,11.0,1,mainland,0,0,0,0,0,0
2020-07-12T13:09:10.675347Z,2020,7,12,65.652800,21.804400,21.0,0,11.4,1,mainland,0,0,0,0,0,0
2020-07-12T13:09:10.676266Z,2020,7,12,65.671600,21.817600,10.0,0,16.8,1,mainland,0,0,0,0,0,0
2020-07-12T13:09:10.685970Z,2020,7,12,65.520400,22.103400,7.0,0,5.8,1,sea,1,1,1,0,0,0
2020-07-12T13:10:17.196918Z,2020,7,12,65.454900,22.230400,4.0,0,2.0,1,sea,0,0,1,0,0,0
2020-07-12T13:10:17.198487Z,2020,7,12,65.613800,21.922500,7.0,0,13.8,1,mainland,0,0,0,0,0,0
2020-07-12T13:10:17.207457Z,2020,7,12,65.558300,22.015900,5.0,0,6.0,1,mainland,0,0,0,0,0,0
2020-07-12T13:11:37.970939Z,2020,7,12,65.359900,22.166000,6.0,0,1.8,1,sea,0,0,0,0,0,0
2020-07-12T13:11:37.971091Z,2020,7,12,65.559500,21.945700,12.0,0,13.2,1,mainland,0,0,0,0,0,0
2020-07-12T13:11:37.971586Z,2020,7,12,65.700800,21.851800,4.0,0,10.4,1,mainland,0,0,0,0,0,0
2020-07-12T13:11:37.972832Z,2020,7,12,65.654700,21.805400,8.0,0,17.0,1,mainland,0,0,0,0,0,0
2020-07-12T13:11:37.987853Z,2020,7,12,65.441400,22.261000,5.0,0,3.0,1,sea,0,0,1,0,0,0
2020-07-12T13:11:38.099263Z,2020,7,12,65.641500,21.742100,-12.0,0,3.8,1,mainland,0,0,0,0,0,0
2020-07-12T13:13:01.797304Z,2020,7,12,65.651800,21.798100,9.0,0,5.8,1,mainland,0,0,0,0,0,0
2020-07-12T13:13:01.798239Z,2020,7,12,65.666400,21.786600,8.0,0,13.0,1,mainland,0,0,0,0,0,0
2020-07-12T13:13:01.798778Z,2020,7,12,65.637000,21.767400,8.0,0,10.8,1,mainland,0,0,0,0,0,0
2020-07-12T13:13:01.801838Z,2020,7,12,65.511400,22.147500,4.0,0,2.0,1,sea,0,1,1,0,0,0
2020-07-12T13:13:01.808487Z,2020,7,12,65.571100,22.000100,5.0,0,9.4,1,mainland,0,0,0,0,0,0
2020-07-12T13:13:01.951565Z,2020,7,12,65.622300,21.875000,-6.0,0,3.2,1,mainland,0,0,0,0,0,0
2020-07-12T13:15:49.458986Z,2020,7,12,65.647600,21.798000,6.0,0,3.8,1,mainland,0,0,0,0,0,0
2020-07-12T13:18:51.337629Z,2020,7,12,65.423300,22.486400,10.0,0,4.0,1,sea,0,0,1,0,0,0
2020-07-12T13:18:51.337758Z,2020,7,12,65.711600,21.893800,17.0,0,11.8,1,mainland,0,0,0,0,0,0
2020-07-12T13:18:51.338320Z,2020,7,12,65.717500,21.913000,11.0,0,6.6,1,mainland,0,0,0,0,0,0
2020-07-12T13:18:51.348956Z,2020,7,12,65.724000,21.894200,5.0,0,3.8,1,mainland,0,0,0,0,0,0
2020-07-12T13:18:51.649106Z,2020,7,12,65.751000,21.984800,-44.0,0,20.8,1,mainland,0,0,0,0,0,0
2020-07-12T13:18:51.676182Z,2020,7,12,65.751100,21.984300,-14.0,0,7.6,1,mainland,0,0,0,0,0,0
2020-07-12T13:18:51.711577Z,2020,7,12,65.747900,21.982700,-17.0,0,16.6,1,mainland,0,0,0,0,0,0
2020-07-12T13:18:51.712045Z,2020,7,12,65.685100,22.222500,-5.0,0,11.0,1,mainland,0,0,0,0,0,0
2020-07-12T13:18:51.744623Z,2020,7,12,65.749600,21.991400,-15.0,0,8.2,1,mainland,0,0,0,0,0,0
2020-07-12T13:19:52.595108Z,2020,7,12,65.636400,21.706800,5.0,0,10.8,1,mainland,0,0,0,0,0,0
2020-07-12T13:19:52.595599Z,2020,7,12,65.660000,21.675800,-17.0,0,13.2,1,mainland,0,0,0,0,0,0
2020-07-12T13:19:52.596331Z,2020,7,12,65.672100,21.677800,19.0,0,11.0,1,mainland,0,0,0,1,1,1
2020-07-12T13:19:52.597872Z,2020,7,12,65.659200,21.686300,5.0,0,5.8,1,mainland,0,0,0,0,0,0
2020-07-12T13:19:52.599397Z,2020,7,12,65.670600,21.664100,6.0,0,8.2,1,mainland,0,0,0,1,1,1
2020-07-12T13:19:52.610985Z,2020,7,12,65.610800,21.813900,6.0,0,14.8,1,mainland,0,0,0,0,0,0
2020-07-12T13:19:52.616079Z,2020,7,12,65.571500,21.900000,5.0,0,1.8,1,mainland,0,0,0,0,0,0
2020-07-12T13:20:43.572308Z,2020,7,12,65.446200,22.468700,5.0,0,2.6,1,sea,0,0,0,0,0,0
2020-07-12T13:22:21.814503Z,2020,7,12,65.705200,21.989400,6.0,0,10.0,1,mainland,0,0,0,0,0,0
2020-07-12T13:22:52.984129Z,2020,7,12,65.741900,21.884100,6.0,0,9.8,1,mainland,0,0,0,1,1,1
2020-07-12T13:23:40.158775Z,2020,7,12,65.682900,21.835800,6.0,0,11.8,1,mainland,0,0,0,0,0,0
2020-07-12T13:24:29.003110Z,2020,7,12,65.747300,21.930900,-13.0,0,18.8,1,mainland,0,0,0,0,0,1
2020-07-12T13:24:29.330614Z,2020,7,12,65.767000,21.911800,-5.0,0,6.0,1,mainland,0,0,0,1,1,1
2020-07-12T13:24:46.894335Z,2020,7,12,65.615900,21.776100,-9.0,0,3.8,1,mainland,0,0,0,0,0,0
2020-07-12T13:25:21.138285Z,2020,7,12,65.458800,22.477100,5.0,0,4.8,1,sea,0,0,0,0,0,0
2020-07-12T13:25:21.147097Z,2020,7,12,65.728700,21.879000,7.0,0,22.8,1,mainland,0,0,0,0,0,0
2020-07-12T13:27:03.276685Z,2020,7,12,65.739300,21.884700,17.0,0,21.4,1,mainland,0,0,0,0,1,1
2020-07-12T13:27:03.279001Z,2020,7,12,65.776000,21.904800,21.0,0,20.2,1,mainland,0,0,0,1,1,1
2020-07-12T13:27:03.284317Z,2020,7,12,65.735400,21.899200,7.0,0,23.6,1,mainland,0,0,0,0,0,0
2020-07-12T13:28:16.465348Z,2020,7,12,65.733600,21.855700,6.0,0,6.0,1,mainland,0,0,0,1,1,1
2020-07-12T13:28:16.466099Z,2020,7,12,65.485000,22.422100,5.0,0,1.6,1,sea,0,0,1,0,0,0
2020-07-12T13:29:42.744119Z,2020,7,12,65.775700,21.922200,11.0,0,28.4,1,mainland,0,0,0,0,0,1
2020-07-12T13:29:42.746853Z,2020,7,12,65.759900,21.924300,7.0,0,16.2,1,mainland,0,0,0,1,1,1
2020-07-12T13:29:42.756739Z,2020,7,12,65.595600,22.228100,-6.0,0,2.6,1,mainland,0,0,0,0,0,0
2020-07-12T13:29:42.961320Z,2020,7,12,65.738700,21.920600,-7.0,0,3.6,1,mainland,0,0,0,0,0,0
2020-07-12T13:30:37.266197Z,2020,7,12,65.727800,22.194600,6.0,0,3.6,1,mainland,0,0,0,0,0,0
2020-07-12T13:30:37.266348Z,2020,7,12,65.758100,22.137900,5.0,0,3.6,1,inland_water,0,0,0,0,0,0
2020-07-12T13:31:59.991767Z,2020,7,12,65.756100,21.927600,14.0,0,16.4,1,mainland,0,0,0,1,1,1
2020-07-12T13:31:59.992666Z,2020,7,12,65.631200,21.916100,4.0,0,24.8,1,mainland,0,0,0,0,0,0
2020-07-12T13:32:00.098265Z,2020,7,12,65.764000,21.928800,-8.0,0,3.2,1,mainland,0,0,0,0,0,1
2020-07-12T13:33:12.728304Z,2020,7,12,65.591000,22.242500,7.0,0,15.2,1,mainland,0,0,0,0,0,0
2020-07-12T13:33:12.729271Z,2020,7,12,65.776700,21.902400,5.0,0,12.0,1,mainland,0,0,0,1,1,1
2020-07-12T13:33:12.730041Z,2020,7,12,65.577000,22.293400,5.0,0,3.0,1,mainland,0,0,0,0,0,0
2020-07-12T13:37:54.077765Z,2020,7,12,65.703500,21.794800,-67.0,0,19.6,1,inland_water,0,0,0,1,1,1
2020-07-12T13:37:54.094317Z,2020,7,12,65.734600,22.022500,6.0,0,6.4,1,mainland,0,0,0,0,0,0
2020-07-12T13:40:26.875831Z,2020,7,12,65.878700,22.226800,5.0,0,17.2,1,inland_water,0,0,0,0,0,0
2020-07-12T13:42:17.599184Z,2020,7,12,65.706600,21.877900,-9.0,0,4.8,1,mainland,0,0,0,0,0,0
2020-07-12T13:44:26.241211Z,2020,7,12,65.355000,22.490000,5.0,0,2.6,1,sea,0,0,1,0,0,0
2020-07-12T13:44:26.241745Z,2020,7,12,65.396100,22.413400,4.0,0,4.0,1,sea,0,0,0,0,0,0
2020-07-12T13:46:29.040503Z,2020,7,12,65.508800,22.200300,5.0,0,4.2,1,sea,0,0,1,0,0,0
2020-07-12T13:46:29.050298Z,2020,7,12,65.694200,21.810400,5.0,0,12.0,1,inland_water,0,0,0,0,0,1
2020-07-12T13:46:37.083498Z,2020,7,12,65.662800,22.470600,4.0,0,6.2,1,sea,0,0,1,0,0,0
2020-07-12T13:48:04.265677Z,2020,7,12,65.868300,22.146000,6.0,0,22.6,1,mainland,0,0,0,0,0,0
2020-07-12T13:49:00.645072Z,2020,7,12,65.695300,21.814600,6.0,0,4.2,1,inland_water,0,0,0,0,0,1
2020-07-12T13:54:34.822177Z,2020,7,12,65.812800,22.316500,-6.0,0,2.2,1,mainland,1,1,1,0,0,0
2020-07-12T13:55:19.532221Z,2020,7,12,65.707200,21.800400,10.0,0,18.4,1,mainland,0,0,0,0,1,1
2020-07-12T13:55:19.533537Z,2020,7,12,65.695000,21.868600,-11.0,0,22.0,1,mainland,0,0,0,0,0,0
2020-07-12T13:55:19.542729Z,2020,7,12,65.719800,21.829700,9.0,0,23.0,1,mainland,0,0,0,0,0,1
2020-07-12T13:55:22.498153Z,2020,7,12,65.908400,22.068400,6.0,0,17.6,1,mainland,0,0,0,0,0,0
2020-07-12T13:58:33.577176Z,2020,7,12,65.717000,21.816400,8.0,0,16.4,1,mainland,0,0,0,0,1,1
2020-07-12T14:04:21.152266Z,2020,7,12,65.435400,22.400200,6.0,0,5.6,1,sea,0,1,1,0,0,0
2020-07-12T14:08:02.185037Z,2020,7,12,65.581500,22.017100,6.0,0,9.6,1,mainland,0,0,0,0,0,0
2020-07-12T14:10:15.906056Z,2020,7,12,65.574400,22.077000,5.0,0,3.4,1,mainland,0,0,0,0,0,0
2020-07-12T14:12:56.063550Z,2020,7,12,65.285700,22.657500,5.0,0,7.8,1,sea,0,0,0,0,0,0
2020-07-12T14:21:18.963842Z,2020,7,12,65.552000,21.637100,6.0,0,3.6,1,mainland,0,0,0,0,0,0
2020-07-12T14:21:18.973606Z,2020,7,12,65.710800,21.806900,6.0,0,10.0,1,mainland,0,0,0,0,1,1
2020-07-12T14:21:19.078566Z,2020,7,12,65.638900,22.272200,-5.0,0,3.4,1,mainland,1,1,1,0,0,0
2020-07-12T14:22:57.642507Z,2020,7,12,65.938600,22.332900,6.0,0,12.6,1,mainland,0,0,0,0,0,0
2020-07-12T14:24:52.678631Z,2020,7,12,66.033600,22.202100,7.0,0,30.2,1,mainland,0,0,0,0,0,0
2020-07-12T17:53:50.745864Z,2020,7,12,65.574100,22.037600,6.0,0,1.6,1,mainland,0,0,0,0,0,0
2020-07-12T19:12:08.152815Z,2020,7,12,65.414500,21.931100,5.0,0,1.6,1,sea,1,1,1,0,0,0
2020-07-13T06:30:06.742223Z,2020,7,13,65.358900,22.610000,-36.0,0,30.2,1,sea,0,0,0,0,0,0
2020-07-13T07:11:21.842171Z,2020,7,13,65.221000,22.830500,-80.0,0,8.4,1,sea,0,0,0,0,0,0
2020-07-13T07:11:21.855687Z,2020,7,13,65.218600,22.832000,-3.0,0,1.0,1,sea,0,0,0,0,0,0
2020-07-13T07:11:21.860324Z,2020,7,13,65.217000,22.806700,-15.0,0,2.8,1,sea,0,0,0,0,0,0
2020-07-13T10:18:32.897407Z,2020,7,13,65.956500,22.273100,26.0,0,9.0,1,mainland,0,0,0,0,0,0
2020-07-13T10:22:07.590531Z,2020,7,13,65.951600,22.253300,5.0,0,10.8,1,mainland,0,0,0,0,0,0
2020-07-13T10:22:07.591786Z,2020,7,13,65.924200,22.257500,6.0,0,21.6,1,inland_water,0,0,0,0,0,0
2020-07-13T10:32:23.761798Z,2020,7,13,65.977700,22.190000,12.0,0,10.4,1,mainland,0,0,0,0,0,0
2020-07-13T10:32:23.762313Z,2020,7,13,65.990000,22.198500,6.0,0,15.8,1,mainland,0,0,0,0,0,0
2020-07-13T10:32:23.944070Z,2020,7,13,65.961800,22.153900,-28.0,0,7.8,1,inland_water,0,0,0,0,0,0
2020-07-13T10:32:23.945336Z,2020,7,13,65.974100,22.147700,-5.0,0,1.6,1,inland_water,0,0,0,0,0,0
2020-07-13T10:34:32.430693Z,2020,7,13,65.873600,22.442900,6.0,0,11.6,1,mainland,0,0,0,0,0,0
2020-07-13T10:36:19.642253Z,2020,7,13,65.660300,22.718200,5.0,0,3.0,1,sea,0,1,1,0,0,0
2020-07-13T10:36:19.642397Z,2020,7,13,66.063600,22.067100,7.0,0,2.8,1,inland_water,0,0,0,0,0,0
2020-07-13T10:36:19.644166Z,2020,7,13,65.989000,22.201100,7.0,0,14.2,1,mainland,0,0,0,0,0,0
2020-07-13T10:36:19.645138Z,2020,7,13,65.988600,22.169100,4.0,0,10.0,1,mainland,0,0,0,0,0,0
2020-07-13T10:38:34.255333Z,2020,7,13,65.993200,22.172600,5.0,0,5.2,1,mainland,0,0,0,0,0,0
2020-07-13T10:38:34.603716Z,2020,7,13,66.004500,22.238300,-6.0,0,5.6,1,mainland,0,0,0,0,0,0
2020-07-13T10:45:16.755732Z,2020,7,13,66.016400,22.138300,7.0,0,5.8,1,mainland,0,0,0,0,0,0
2020-07-13T10:45:16.756013Z,2020,7,13,66.017900,22.125800,6.0,0,7.0,1,mainland,0,0,0,0,0,0
2020-07-13T10:58:35.006938Z,2020,7,13,65.853100,22.497700,6.0,0,5.8,1,mainland,0,0,1,0,0,0
2020-07-13T10:58:35.032980Z,2020,7,13,65.993200,22.274500,6.0,0,15.6,1,mainland,0,0,0,0,0,0
2020-07-13T10:58:35.060174Z,2020,7,13,66.008600,22.117000,-6.0,0,4.2,1,mainland,0,0,0,0,0,0
2020-07-13T11:11:11.619917Z,2020,7,13,65.998000,22.355800,6.0,0,5.6,1,mainland,0,0,0,0,0,0
2020-07-13T11:11:11.622701Z,2020,7,13,65.985800,22.396200,5.0,0,17.6,1,mainland,0,0,0,0,0,0
2020-07-13T11:40:15.018528Z,2020,7,13,65.980700,22.312900,6.0,0,28.2,1,mainland,0,0,0,0,0,0
2020-07-13T11:40:15.114380Z,2020,7,13,66.015900,22.076600,9.0,0,8.8,1,inland_water,0,0,0,0,0,0
2020-07-13T11:42:42.873022Z,2020,7,13,65.973400,22.178500,5.0,0,3.2,1,mainland,0,0,0,0,0,0
2020-07-13T13:43:34.834340Z,2020,7,13,65.994300,22.480200,7.0,0,9.8,1,mainland,0,0,0,0,1,1
2020-07-13T13:43:34.841094Z,2020,7,13,65.965400,22.480800,5.0,0,3.8,1,mainland,0,0,0,0,0,0
2020-07-13T13:43:34.969559Z,2020,7,13,65.974000,22.486900,18.0,0,6.6,1,mainland,0,0,0,0,0,0
2020-07-20T17:34:21.379586Z,2020,7,20,65.566800,21.866700,-7.0,0,2.6,1,mainland,0,0,0,0,0,0
2020-07-21T12:51:50.301408Z,2020,7,21,65.654900,21.998400,5.0,0,1.4,1,mainland,0,0,0,0,0,0
2020-07-21T12:52:45.729825Z,2020,7,21,65.669300,21.788000,6.0,0,5.0,1,mainland,0,0,0,0,0,0
2020-07-21T13:02:22.220684Z,2020,7,21,65.431900,22.266200,4.0,0,1.4,1,sea,0,1,1,0,0,0
2020-07-21T14:46:12.824113Z,2020,7,21,65.744800,22.405900,-8.0,0,3.4,1,sea,0,0,0,0,0,0
2020-07-23T09:20:52.737647Z,2020,7,23,65.667500,22.665700,9.0,0,10.0,1,sea,0,0,0,0,0,0
2020-07-23T09:20:52.740545Z,2020,7,23,65.677500,22.650600,7.0,0,4.0,1,sea,0,1,1,0,0,0
2020-07-24T18:43:55.269731Z,2020,7,24,65.300100,23.102300,19.0,0,9.4,1,sea,0,0,0,0,0,0
2020-07-24T18:57:15.631133Z,2020,7,24,65.322400,22.951700,7.0,0,8.6,1,sea,0,0,0,0,0,0
2020-07-24T18:57:15.631507Z,2020,7,24,65.370700,22.969300,9.0,0,7.8,1,sea,0,0,0,0,0,0
2020-07-24T18:57:15.632925Z,2020,7,24,65.362400,22.953400,5.0,0,3.2,1,sea,0,0,0,0,0,0
2020-07-24T19:01:09.703625Z,2020,7,24,65.364300,22.924300,10.0,0,5.2,1,sea,0,0,0,0,0,0
2020-08-01T12:20:14.823992Z,2020,8,1,66.210900,22.102700,-6.0,0,30.2,1,mainland,0,0,0,0,0,0
2020-08-01T12:20:14.948954Z,2020,8,1,66.221300,22.057600,-6.0,0,5.4,1,mainland,0,0,0,0,0,0
2020-08-01T12:22:14.358056Z,2020,8,1,66.222200,22.094900,-10.0,0,10.6,1,mainland,0,0,0,0,0,0
2020-08-01T12:22:14.360190Z,2020,8,1,66.220700,22.114100,-31.0,0,13.2,1,mainland,0,0,0,0,0,0
2020-08-01T12:22:14.380176Z,2020,8,1,66.214200,22.100100,-13.0,0,8.4,1,mainland,0,0,0,0,0,0
2020-08-01T12:23:40.638037Z,2020,8,1,66.197200,22.155200,7.0,0,4.4,1,mainland,0,0,0,0,0,0
2020-08-01T12:23:40.738548Z,2020,8,1,66.220200,22.097500,4.0,0,27.4,1,mainland,0,0,0,0,0,0
2020-08-01T12:24:50.629920Z,2020,8,1,66.221100,22.089900,-4.0,0,3.6,1,mainland,0,0,0,0,0,0
2020-08-01T12:32:35.182870Z,2020,8,1,66.262900,22.074800,7.0,0,2.8,1,mainland,0,0,0,1,1,1
2020-08-01T12:32:35.189474Z,2020,8,1,66.199200,22.168000,4.0,0,17.6,1,mainland,0,0,0,0,0,0
2020-08-01T12:35:02.616011Z,2020,8,1,66.195100,22.226100,6.0,0,8.6,1,mainland,0,0,0,0,0,0
2020-08-01T12:37:22.133822Z,2020,8,1,66.182700,22.247700,7.0,0,16.8,1,mainland,0,0,0,0,0,0
2020-08-01T12:37:22.134095Z,2020,8,1,66.180500,22.261900,-9.0,0,8.4,1,mainland,0,0,0,0,0,1
2020-08-01T12:42:45.054969Z,2020,8,1,66.175300,22.242800,5.0,0,6.0,1,mainland,0,0,0,0,0,0
2020-08-01T12:42:45.061827Z,2020,8,1,66.175300,22.242100,4.0,0,13.8,1,mainland,0,0,0,0,0,0
2020-08-01T12:58:58.858259Z,2020,8,1,66.130300,22.287600,-33.0,0,14.6,1,inland_water,0,0,0,0,0,0
2020-08-01T12:58:58.858270Z,2020,8,1,66.106900,22.177100,-33.0,0,9.8,1,mainland,0,0,0,0,0,0
2020-08-01T12:58:58.858278Z,2020,8,1,66.138400,22.207300,-27.0,0,20.0,1,mainland,0,0,0,0,0,0
2020-08-01T12:58:58.870889Z,2020,8,1,66.105700,22.184300,-6.0,0,9.8,1,mainland,0,0,0,0,0,0
2020-08-01T12:59:54.312501Z,2020,8,1,66.111600,22.175000,8.0,0,9.4,1,mainland,0,0,0,0,0,0
2020-08-01T13:02:35.942460Z,2020,8,1,65.894100,22.072300,5.0,0,3.6,1,mainland,0,0,0,0,0,0
2020-08-01T13:19:42.246459Z,2020,8,1,65.949000,22.186800,7.0,0,11.8,1,mainland,0,0,0,0,0,0
2020-08-01T13:19:42.253637Z,2020,8,1,65.949400,22.186200,5.0,0,2.8,1,mainland,0,0,0,0,0,0
2020-08-01T13:28:20.435264Z,2020,8,1,65.952300,22.171500,9.0,0,15.8,1,mainland,0,0,0,0,0,0
2020-08-01T13:28:20.447693Z,2020,8,1,65.951300,22.183400,5.0,0,5.2,1,mainland,0,0,0,0,0,0
2020-08-01T13:28:56.267657Z,2020,8,1,65.951700,22.168500,8.0,0,3.4,1,inland_water,0,0,0,0,0,0
2020-08-01T13:29:44.185903Z,2020,8,1,65.870300,22.310800,6.0,0,4.0,1,mainland,0,0,0,0,0,0
2020-08-01T13:33:14.011264Z,2020,8,1,65.993000,22.448200,6.0,0,5.6,1,mainland,0,0,0,0,0,0
2020-08-01T13:33:59.679495Z,2020,8,1,65.938100,22.200700,6.0,0,30.2,1,mainland,0,0,0,0,0,0
2020-08-01T13:37:24.921069Z,2020,8,1,66.005600,21.931600,5.0,0,8.8,1,mainland,0,0,0,0,0,1
2020-08-01T13:37:53.341778Z,2020,8,1,65.936100,22.178300,6.0,0,9.2,1,mainland,0,0,0,0,0,0
2020-08-01T13:37:53.342688Z,2020,8,1,65.936100,22.180200,9.0,0,12.8,1,mainland,0,0,0,0,0,0
2020-08-01T13:38:21.931442Z,2020,8,1,65.878700,22.230100,5.0,0,2.2,1,mainland,0,0,0,0,0,0
2020-08-01T13:39:11.606561Z,2020,8,1,65.974600,22.448500,7.0,0,9.8,1,mainland,0,0,0,0,0,0
2020-08-01T13:39:11.608840Z,2020,8,1,65.974900,22.453800,6.0,0,6.0,1,mainland,0,0,0,0,0,0
2020-08-01T13:40:14.428960Z,2020,8,1,65.948600,22.432900,7.0,0,10.6,1,mainland,0,0,0,0,0,0
2020-08-01T13:40:14.429486Z,2020,8,1,65.921300,22.366200,8.0,0,25.0,1,mainland,0,0,0,0,0,0
2020-08-01T13:40:14.430164Z,2020,8,1,65.934300,22.477300,5.0,0,14.2,1,inland_water,0,0,0,0,0,0
2020-08-01T13:41:15.779226Z,2020,8,1,65.762600,22.458200,5.0,0,3.8,1,sea,0,0,1,0,0,0
2020-08-01T13:41:15.780088Z,2020,8,1,65.885200,22.251900,7.0,0,4.4,1,mainland,0,0,0,0,0,0
2020-08-01T13:42:54.199163Z,2020,8,1,65.967900,22.432400,6.0,0,13.0,1,mainland,0,0,0,0,0,0
2020-08-01T13:44:10.400788Z,2020,8,1,65.890300,22.233000,5.0,0,2.0,1,mainland,0,0,0,0,0,0
2020-08-01T13:45:40.141667Z,2020,8,1,65.885100,22.265700,6.0,0,3.2,1,mainland,0,0,0,0,0,0
2020-08-01T13:45:48.889525Z,2020,8,1,65.890700,22.233900,6.0,0,17.4,1,mainland,0,0,0,0,0,0
2020-08-01T13:45:59.374836Z,2020,8,1,65.862700,22.190200,5.0,0,11.8,1,mainland,0,0,0,0,0,0
2020-08-01T13:45:59.403469Z,2020,8,1,65.703600,22.560700,5.0,0,2.4,1,sea,0,0,0,0,0,0
2020-08-01T13:46:17.585315Z,2020,8,1,65.751800,22.462500,5.0,0,4.2,1,sea,0,0,0,0,0,0
2020-08-01T13:47:34.329435Z,2020,8,1,65.879800,22.267300,10.0,0,22.0,1,mainland,0,0,0,0,0,0
2020-08-01T13:47:34.330140Z,2020,8,1,65.883300,22.261700,5.0,0,13.6,1,mainland,0,0,0,0,0,0
2020-08-01T13:47:34.338092Z,2020,8,1,65.882500,22.265200,6.0,0,6.2,1,mainland,0,0,0,0,0,0
2020-08-01T13:47:34.348775Z,2020,8,1,65.877800,22.269000,5.0,0,5.6,1,mainland,0,0,0,0,0,0
2020-08-01T13:49:20.639746Z,2020,8,1,65.862800,22.284400,8.0,0,3.2,1,inland_water,0,0,0,0,0,0
2020-08-01T13:50:07.332462Z,2020,8,1,65.875300,22.248900,11.0,0,11.2,1,mainland,0,0,0,0,0,0
2020-08-01T13:50:07.338297Z,2020,8,1,65.876400,22.250900,5.0,0,30.2,1,mainland,0,0,0,0,0,0
2020-08-01T13:50:07.344051Z,2020,8,1,65.875500,22.262100,4.0,0,3.8,1,inland_water,0,0,0,0,0,0
2020-08-01T13:51:50.037786Z,2020,8,1,65.798900,22.520300,8.0,0,4.4,1,mainland,1,1,1,0,0,0
2020-08-01T13:52:01.755384Z,2020,8,1,65.596600,22.706900,5.0,0,2.4,1,sea,0,0,0,0,0,0
2020-08-01T13:53:33.759637Z,2020,8,1,65.849400,22.239600,5.0,0,6.0,1,mainland,0,0,0,0,0,0
2020-08-01T13:54:20.093846Z,2020,8,1,65.866000,22.239500,-11.0,0,16.8,1,mainland,0,0,0,0,0,0
2020-08-01T13:54:48.073072Z,2020,8,1,65.838600,22.250400,6.0,0,5.8,1,mainland,0,0,0,0,0,0
2020-08-01T13:55:54.453787Z,2020,8,1,65.855100,22.287600,-8.0,0,3.8,1,mainland,0,0,0,0,0,0
2020-08-01T13:55:54.672642Z,2020,8,1,65.856600,22.322800,-14.0,0,15.0,1,mainland,0,0,0,0,0,0
2020-08-01T13:55:54.736936Z,2020,8,1,65.885300,22.337800,12.0,0,5.4,1,mainland,0,0,0,0,0,0
2020-08-01T13:56:02.459550Z,2020,8,1,65.851300,22.228200,4.0,0,6.4,1,mainland,0,0,0,0,0,0
2020-08-01T13:56:35.389858Z,2020,8,1,65.850500,22.259500,-8.0,0,4.0,1,mainland,0,0,0,0,0,0
2020-08-01T13:56:35.436148Z,2020,8,1,65.850800,22.262600,-5.0,0,2.8,1,mainland,0,0,0,0,0,0
2020-08-01T13:57:23.697531Z,2020,8,1,65.799400,22.265800,-8.0,0,5.2,1,mainland,0,0,0,0,0,0
2020-08-01T13:57:46.378869Z,2020,8,1,65.845900,22.291000,-7.0,0,5.8,1,mainland,0,0,0,0,0,0
2020-08-01T13:57:46.508837Z,2020,8,1,65.849800,22.262000,-7.0,0,3.2,1,mainland,0,0,0,0,0,0
2020-08-01T13:57:46.572897Z,2020,8,1,65.850800,22.260000,-7.0,0,3.0,1,mainland,0,0,0,0,0,0
2020-08-01T13:57:46.657743Z,2020,8,1,65.850500,22.260300,-7.0,0,3.2,1,mainland,0,0,0,0,0,0
2020-08-01T13:58:03.576121Z,2020,8,1,65.841600,22.300800,-5.0,0,3.0,1,mainland,0,0,0,0,0,0
2020-08-01T13:58:09.350033Z,2020,8,1,65.830300,22.229500,5.0,0,8.2,1,mainland,0,0,0,0,0,0
2020-08-01T13:58:38.150937Z,2020,8,1,65.843700,22.297800,-11.0,0,3.4,1,mainland,0,0,0,0,0,0
2020-08-01T13:58:45.202793Z,2020,8,1,65.826400,22.181700,-7.0,0,4.0,1,mainland,0,0,0,0,0,0
2020-08-01T13:59:29.874317Z,2020,8,1,65.839000,22.299500,-7.0,0,4.4,1,mainland,0,0,0,0,0,0
2020-08-01T13:59:53.105472Z,2020,8,1,65.836100,22.286500,15.0,0,4.6,1,mainland,0,0,0,0,0,0
2020-08-01T14:00:41.589779Z,2020,8,1,65.836600,22.406100,5.0,0,23.2,1,sea,0,0,1,0,0,0
2020-08-01T14:00:59.744791Z,2020,8,1,65.640100,22.710200,5.0,0,23.8,1,sea,0,0,1,0,0,0
2020-08-01T14:01:22.886043Z,2020,8,1,65.715900,22.308000,4.0,0,7.6,1,mainland,1,1,1,0,0,0
2020-08-01T14:03:18.919189Z,2020,8,1,65.825200,22.333000,-6.0,0,3.0,1,mainland,0,0,1,0,0,0
2020-08-01T14:05:14.858246Z,2020,8,1,65.797500,22.266600,4.0,0,12.0,1,mainland,0,0,0,0,0,0
2020-08-01T14:05:28.798844Z,2020,8,1,65.824300,22.286800,-6.0,0,3.2,1,mainland,0,0,0,0,0,0
2020-08-01T14:05:28.842483Z,2020,8,1,65.820400,22.244300,-5.0,0,5.6,1,mainland,0,0,0,0,0,0
2020-08-01T14:05:28.900650Z,2020,8,1,65.823800,22.238400,-18.0,0,7.2,1,mainland,0,0,0,0,0,0
2020-08-01T14:05:28.949669Z,2020,8,1,65.822600,22.235200,-6.0,0,3.2,1,mainland,0,0,0,0,0,0
2020-08-01T14:05:28.951004Z,2020,8,1,65.843300,22.296300,-5.0,0,9.2,1,mainland,0,0,0,0,0,0
2020-08-01T14:05:42.810752Z,2020,8,1,65.808900,22.283900,-11.0,0,4.8,1,mainland,0,0,0,0,0,0
2020-08-01T14:05:42.829321Z,2020,8,1,65.813200,22.372500,-5.0,0,3.2,1,sea,0,1,1,0,0,0
2020-08-01T14:05:42.927545Z,2020,8,1,65.829700,22.303300,-5.0,0,3.2,1,mainland,0,0,0,0,0,0
2020-08-01T14:05:57.004421Z,2020,8,1,65.790600,22.294100,-16.0,0,7.0,1,mainland,0,0,0,0,0,0
2020-08-01T14:06:49.613020Z,2020,8,1,65.795500,22.339800,-4.0,0,6.0,1,sea,1,1,1,0,0,0
2020-08-01T14:06:49.741892Z,2020,8,1,65.817700,22.236000,6.0,0,6.6,1,mainland,0,0,0,0,0,0
2020-08-01T14:07:02.702765Z,2020,8,1,65.782800,22.289400,5.0,0,6.6,1,mainland,0,0,1,0,0,0
2020-08-01T14:07:23.114337Z,2020,8,1,65.795100,22.253300,6.0,0,14.2,1,mainland,0,0,0,0,0,0
2020-08-01T14:08:01.077906Z,2020,8,1,65.822500,22.212000,-7.0,0,3.4,1,mainland,0,0,0,0,0,0
2020-08-01T14:08:01.111803Z,2020,8,1,65.828700,22.228900,-5.0,0,4.0,1,mainland,0,0,0,0,0,0
2020-08-01T14:08:01.244065Z,2020,8,1,65.837300,22.216200,-7.0,0,3.0,1,mainland,0,0,0,0,0,0
2020-08-01T14:08:01.324581Z,2020,8,1,65.689400,22.381800,-5.0,0,6.0,1,sea,0,0,1,0,0,0
2020-08-01T14:08:01.545127Z,2020,8,1,65.818400,22.151200,-7.0,0,3.4,1,mainland,0,0,0,0,0,0
2020-08-01T14:08:01.612769Z,2020,8,1,65.816600,22.154500,-8.0,0,4.4,1,mainland,0,0,0,0,0,0
2020-08-01T14:08:01.701808Z,2020,8,1,65.817200,22.150400,-10.0,0,4.0,1,mainland,0,0,0,0,0,0
2020-08-01T14:08:01.913270Z,2020,8,1,65.614900,22.514000,-5.0,0,2.6,1,sea,0,1,1,0,0,0
2020-08-01T14:08:27.718866Z,2020,8,1,65.796100,22.314900,11.0,0,30.2,1,mainland,0,0,1,0,0,0
2020-08-01T14:08:27.790502Z,2020,8,1,65.792000,22.268900,7.0,0,2.6,1,mainland,0,0,0,0,0,0
2020-08-01T14:09:27.730139Z,2020,8,1,65.539000,22.660300,5.0,0,3.2,1,sea,1,1,1,0,0,0
2020-08-01T14:09:47.449441Z,2020,8,1,65.761600,22.299300,-5.0,0,5.8,1,mainland,0,0,0,0,0,0
2020-08-01T14:10:19.380322Z,2020,8,1,65.644200,22.496600,6.0,0,4.0,1,islands,1,1,1,0,0,0
2020-08-01T14:12:26.049067Z,2020,8,1,65.769100,22.222400,-8.0,0,4.6,1,mainland,0,0,0,0,0,0
2020-08-01T14:12:32.818856Z,2020,8,1,65.553700,22.695700,-4.0,0,2.2,1,sea,1,1,1,0,0,0
2020-08-01T14:13:01.827279Z,2020,8,1,65.519700,22.951600,-4.0,0,6.4,1,sea,0,0,0,0,0,1
2020-08-01T14:13:11.743213Z,2020,8,1,65.782500,22.211500,5.0,0,8.2,1,mainland,0,0,0,0,0,0
2020-08-01T14:13:27.206078Z,2020,8,1,65.771900,22.276300,5.0,0,2.2,1,mainland,0,0,1,0,0,0
2020-08-01T14:13:27.215603Z,2020,8,1,65.763200,22.279800,7.0,0,2.0,1,mainland,0,0,0,0,0,0
2020-08-01T14:13:27.230328Z,2020,8,1,65.759700,22.359600,6.0,0,18.8,1,sea,1,1,1,0,0,0
2020-08-01T14:13:27.311810Z,2020,8,1,65.654900,22.527100,-5.0,0,5.8,1,sea,0,1,1,0,0,0
2020-08-01T14:13:27.334439Z,2020,8,1,65.638700,22.502100,5.0,0,3.0,1,sea,0,1,1,0,0,0
2020-08-01T14:13:47.438138Z,2020,8,1,65.753200,22.336200,-6.0,0,7.6,1,mainland,1,1,1,0,0,0
2020-08-01T14:14:17.175391Z,2020,8,1,65.796400,22.224700,-5.0,0,6.0,1,mainland,0,0,0,0,0,0
2020-08-01T14:14:31.258559Z,2020,8,1,65.528700,22.667200,5.0,0,1.4,1,sea,0,0,0,0,0,0
2020-08-01T14:15:29.482204Z,2020,8,1,65.785400,22.273200,-5.0,0,5.2,1,mainland,0,0,0,0,0,0
2020-08-01T14:15:57.692473Z,2020,8,1,65.499300,22.726600,4.0,0,7.2,1,sea,0,0,1,0,0,0
2020-08-01T14:16:54.900479Z,2020,8,1,65.787400,22.263900,-5.0,0,10.8,1,mainland,0,0,0,0,0,0
2020-08-01T14:16:54.911905Z,2020,8,1,65.633000,22.523300,5.0,0,2.8,1,sea,0,0,1,0,0,0
2020-08-01T14:17:21.635854Z,2020,8,1,65.761700,22.287300,5.0,0,2.8,1,mainland,0,0,0,0,0,0
2020-08-01T14:17:21.636490Z,2020,8,1,65.761000,22.287800,5.0,0,4.6,1,mainland,0,0,0,0,0,0
2020-08-01T14:18:05.024554Z,2020,8,1,65.735100,22.247400,5.0,0,7.6,1,inland_water,0,0,0,0,0,0
2020-08-01T14:18:10.834924Z,2020,8,1,65.771700,22.220900,6.0,0,9.4,1,mainland,0,0,0,0,0,0
2020-08-01T14:18:15.501455Z,2020,8,1,65.758500,22.446500,-11.0,0,5.0,1,sea,0,0,0,0,0,0
2020-08-01T14:18:15.541017Z,2020,8,1,65.761000,22.457400,-11.0,0,3.6,1,sea,0,0,1,0,0,0
2020-08-01T14:18:15.591063Z,2020,8,1,65.767700,22.466400,-16.0,0,9.2,1,sea,1,1,1,0,0,0
2020-08-01T14:18:15.617294Z,2020,8,1,65.758600,22.448300,-9.0,0,5.2,1,sea,0,0,0,0,0,0
2020-08-01T14:18:15.649043Z,2020,8,1,65.759100,22.447800,-7.0,0,3.8,1,sea,0,0,0,0,0,0
2020-08-01T14:18:15.819720Z,2020,8,1,65.760400,22.447800,-5.0,0,2.8,1,sea,0,0,0,0,0,0
2020-08-01T14:18:28.463760Z,2020,8,1,65.764900,22.250700,5.0,0,4.0,1,mainland,0,0,0,0,0,0
2020-08-01T14:19:14.080804Z,2020,8,1,65.728900,22.222300,4.0,0,4.4,1,inland_water,0,0,0,0,0,0
2020-08-01T14:19:18.413506Z,2020,8,1,65.485900,22.759100,4.0,0,7.6,1,sea,1,1,1,0,0,0
2020-08-01T14:19:18.681698Z,2020,8,1,65.618400,22.513100,6.0,0,2.6,1,sea,1,1,1,0,0,0
2020-08-01T14:19:30.915081Z,2020,8,1,65.747600,22.111300,-18.0,0,4.2,1,mainland,0,0,0,0,0,0
2020-08-01T14:19:30.926405Z,2020,8,1,65.752900,22.099600,-6.0,0,3.8,1,mainland,0,0,0,0,0,0
2020-08-01T14:19:30.939554Z,2020,8,1,65.759100,22.117400,-8.0,0,6.0,1,inland_water,0,0,0,0,0,0
2020-08-01T14:19:30.962477Z,2020,8,1,65.739400,22.127800,-6.0,0,2.8,1,mainland,0,0,0,0,0,0
2020-08-01T14:19:30.983388Z,2020,8,1,65.545700,22.513500,-5.0,0,2.0,1,sea,0,0,0,0,0,0
2020-08-01T14:19:54.908353Z,2020,8,1,65.733700,22.291300,8.0,0,2.2,1,mainland,0,0,0,0,0,0
2020-08-01T14:20:03.344956Z,2020,8,1,65.541700,22.657500,6.0,0,3.2,1,sea,1,1,1,0,0,0
2020-08-01T14:20:17.562530Z,2020,8,1,65.743400,22.299000,6.0,0,3.0,1,mainland,0,0,0,0,0,0
2020-08-01T14:21:13.945268Z,2020,8,1,65.754000,22.306000,-6.0,0,3.2,1,mainland,0,0,0,0,0,0
2020-08-01T14:21:14.008713Z,2020,8,1,65.753200,22.307600,-7.0,0,4.2,1,mainland,0,0,0,0,0,0
2020-08-01T14:21:15.973841Z,2020,8,1,65.724900,22.241100,6.0,0,6.4,1,inland_water,0,0,0,0,0,0
2020-08-01T14:23:20.734540Z,2020,8,1,65.779600,22.304100,-8.0,0,3.6,1,sea,1,1,1,0,0,0
2020-08-01T14:23:20.844212Z,2020,8,1,65.758900,22.329300,-8.0,0,3.8,1,mainland,1,1,1,0,0,0
2020-08-01T14:23:22.236101Z,2020,8,1,65.755200,22.213000,-8.0,0,3.8,1,mainland,0,0,0,0,0,0
2020-08-01T14:23:36.807074Z,2020,8,1,65.498700,22.702500,5.0,0,1.6,1,islands,0,1,1,0,0,0
2020-08-01T14:23:45.729725Z,2020,8,1,65.708200,22.338100,6.0,0,10.0,1,mainland,1,1,1,0,0,0
2020-08-01T14:24:17.904025Z,2020,8,1,65.730100,22.295600,-6.0,0,4.0,1,mainland,0,0,1,0,0,0
2020-08-01T14:24:30.285408Z,2020,8,1,65.714000,22.265700,5.0,0,2.8,1,mainland,0,0,1,0,0,0
2020-08-01T14:24:30.435892Z,2020,8,1,65.713100,22.267300,7.0,0,12.2,1,mainland,0,1,1,0,0,0
2020-08-01T14:26:19.540701Z,2020,8,1,65.646400,22.597400,-5.0,0,3.0,1,sea,0,1,1,0,0,0
2020-08-01T14:26:19.836463Z,2020,8,1,65.769000,22.399300,6.0,0,5.4,1,sea,1,1,1,0,0,0
2020-08-01T14:27:29.034605Z,2020,8,1,65.402600,22.882400,4.0,0,1.4,1,sea,0,0,0,0,0,0
2020-08-01T14:28:00.756260Z,2020,8,1,65.707100,22.263700,6.0,0,10.0,1,mainland,0,1,1,0,0,0
2020-08-01T14:28:21.769424Z,2020,8,1,65.714000,22.265600,7.0,0,2.0,1,mainland,0,0,1,0,0,0
2020-08-01T14:29:33.831443Z,2020,8,1,65.519700,22.642200,4.0,0,2.0,1,sea,0,0,0,0,0,0
2020-08-01T14:29:34.405530Z,2020,8,1,65.711100,22.413000,-13.0,0,5.6,1,islands,0,1,1,0,0,0
2020-08-01T14:29:34.428743Z,2020,8,1,65.764100,22.431200,-7.0,0,4.6,1,sea,0,0,0,0,0,0
2020-08-01T14:29:34.455283Z,2020,8,1,65.710000,22.411300,-6.0,0,5.4,1,islands,0,1,1,0,0,0
2020-08-01T14:31:05.103659Z,2020,8,1,65.614100,22.364600,5.0,0,13.8,1,sea,1,1,1,0,0,0
2020-08-01T14:31:05.265057Z,2020,8,1,65.716200,22.254100,-6.0,0,5.2,1,mainland,0,0,0,0,0,0
2020-08-01T14:31:05.341425Z,2020,8,1,65.373800,22.995100,-4.0,0,3.2,1,sea,0,0,0,0,0,0
2020-08-01T14:32:13.903800Z,2020,8,1,65.706500,22.281800,5.0,0,5.2,1,mainland,1,1,1,0,0,0
2020-08-01T14:32:37.704209Z,2020,8,1,65.674700,22.304300,7.0,0,4.4,1,sea,1,1,1,0,0,0
2020-08-01T14:32:37.721246Z,2020,8,1,65.666400,22.214500,7.0,0,12.0,1,mainland,0,0,1,0,0,0
2020-08-01T14:34:36.187497Z,2020,8,1,65.501300,22.664000,4.0,0,1.6,1,sea,0,1,1,0,0,0
2020-08-01T14:35:41.597859Z,2020,8,1,65.404000,22.739100,5.0,0,2.0,1,sea,0,0,0,0,0,0
2020-08-01T14:36:32.009792Z,2020,8,1,65.475100,22.665900,4.0,0,7.6,1,sea,0,0,1,0,0,0
2020-08-01T14:36:32.284765Z,2020,8,1,65.672800,22.285600,5.0,0,3.8,1,sea,1,1,1,0,0,0
2020-08-01T14:37:07.778351Z,2020,8,1,65.715900,22.244000,12.0,0,16.6,1,mainland,0,0,0,0,0,0
2020-08-01T14:38:25.674367Z,2020,8,1,65.408600,22.768400,4.0,0,4.2,1,sea,0,0,0,0,0,0
2020-08-01T14:39:27.314784Z,2020,8,1,65.654200,22.324200,6.0,0,6.4,1,sea,1,1,1,0,0,0
2020-08-01T14:42:27.919565Z,2020,8,1,65.634300,22.334200,8.0,0,9.4,1,mainland,0,0,1,0,0,0
2020-08-01T14:42:28.412617Z,2020,8,1,65.713600,22.520200,6.0,0,2.2,1,sea,0,0,0,0,0,0
2020-08-01T14:42:54.166712Z,2020,8,1,65.658100,22.307600,5.0,0,1.8,1,mainland,1,1,1,0,0,0
2020-08-01T14:43:44.194580Z,2020,8,1,65.653600,22.229400,4.0,0,5.8,1,mainland,1,1,1,0,0,0
2020-08-01T14:44:40.945783Z,2020,8,1,65.627000,22.333900,6.0,0,3.8,1,mainland,1,1,1,0,0,0
2020-08-01T14:45:08.310168Z,2020,8,1,65.621100,22.309800,-11.0,0,4.0,1,mainland,0,0,1,0,0,0
2020-08-01T14:45:35.945038Z,2020,8,1,65.626100,22.287500,8.0,0,6.0,1,sea,1,1,1,0,0,0
2020-08-01T14:45:59.061164Z,2020,8,1,65.653900,22.224600,5.0,0,4.6,1,mainland,0,1,1,0,0,0
2020-08-01T14:46:13.258447Z,2020,8,1,65.629700,22.325000,6.0,0,5.4,1,mainland,1,1,1,0,0,0
2020-08-01T14:49:12.855761Z,2020,8,1,65.632600,22.314300,7.0,0,17.4,1,sea,1,1,1,0,0,0
2020-08-01T14:49:12.867412Z,2020,8,1,65.643300,22.324700,9.0,0,10.8,1,mainland,1,1,1,0,0,0
2020-08-01T14:49:12.875130Z,2020,8,1,65.637700,22.224700,7.0,0,21.8,1,mainland,0,0,0,0,0,0
2020-08-01T14:50:46.840000Z,2020,8,1,65.660400,22.255500,-5.0,0,3.4,1,sea,0,1,1,0,0,0
2020-08-01T14:54:37.718634Z,2020,8,1,65.363400,22.986000,-5.0,0,16.2,1,sea,0,0,0,0,0,0
2020-08-01T14:56:15.280031Z,2020,8,1,65.621900,22.370900,11.0,0,3.6,1,inland_water,0,0,0,0,0,0
2020-08-01T14:56:15.281613Z,2020,8,1,65.621700,22.355300,6.0,0,6.4,1,mainland,0,1,1,0,0,0
2020-08-01T14:56:33.731514Z,2020,8,1,65.627200,22.366800,6.0,0,1.8,1,mainland,0,0,1,0,0,0
2020-08-01T14:57:43.476525Z,2020,8,1,65.486200,22.230600,6.0,0,1.4,1,sea,0,0,0,0,0,0
2020-08-01T14:58:38.488006Z,2020,8,1,65.412700,22.718800,4.0,0,18.2,1,sea,0,0,0,0,0,0
2020-08-01T14:59:32.933788Z,2020,8,1,65.422600,22.691400,4.0,0,3.4,1,sea,0,0,0,0,0,0
2020-08-01T14:59:33.586857Z,2020,8,1,65.550200,22.736800,-5.0,0,6.0,1,sea,1,1,1,0,0,0
2020-08-01T15:00:21.076599Z,2020,8,1,65.642100,22.534400,6.0,0,3.0,1,sea,0,0,0,0,0,0
2020-08-01T15:00:55.977066Z,2020,8,1,65.590600,22.358700,7.0,0,3.4,1,sea,0,1,1,0,0,0
2020-08-01T15:00:55.977789Z,2020,8,1,65.591300,22.358700,4.0,0,6.4,1,sea,0,1,1,0,0,0
2020-08-01T15:02:01.070510Z,2020,8,1,65.583300,22.341700,4.0,0,4.8,1,mainland,0,1,1,0,0,0
2020-08-01T15:05:11.380109Z,2020,8,1,65.579400,22.350300,-29.0,0,5.6,1,mainland,0,0,1,0,0,0
2020-08-01T15:05:11.408686Z,2020,8,1,65.591600,22.355100,-11.0,0,5.8,1,sea,0,0,1,0,0,0
2020-08-01T15:05:11.430175Z,2020,8,1,65.592600,22.351400,-17.0,0,4.4,1,sea,0,0,1,0,0,0
2020-08-01T15:05:11.450122Z,2020,8,1,65.594500,22.344300,-7.0,0,2.2,1,sea,0,0,1,0,0,0
2020-08-01T15:05:11.450926Z,2020,8,1,65.642600,22.391000,-4.0,0,2.2,1,sea,0,0,1,0,0,0
2020-08-01T15:05:43.836904Z,2020,8,1,65.601500,22.327400,8.0,0,11.4,1,sea,1,1,1,0,0,0
2020-08-01T15:05:43.837155Z,2020,8,1,65.571100,22.350700,7.0,0,4.4,1,mainland,0,0,0,0,0,0
2020-08-01T15:05:43.838140Z,2020,8,1,65.577800,22.348500,5.0,0,4.2,1,mainland,0,0,1,0,0,0
2020-08-01T15:05:43.846320Z,2020,8,1,65.574100,22.341500,-7.0,0,5.8,1,mainland,0,0,0,0,0,0
2020-08-01T15:05:43.849937Z,2020,8,1,65.583000,22.353300,5.0,0,9.8,1,mainland,1,1,1,0,0,0
2020-08-01T15:05:43.852209Z,2020,8,1,65.583700,22.341300,5.0,0,4.6,1,mainland,0,1,1,0,0,0
2020-08-01T15:06:25.660540Z,2020,8,1,65.438200,22.656000,4.0,0,5.2,1,sea,0,0,0,0,0,0
2020-08-01T15:07:13.237322Z,2020,8,1,65.556600,22.338400,5.0,0,4.2,1,mainland,1,1,1,0,0,0
2020-08-01T15:07:13.240088Z,2020,8,1,65.551000,22.441400,7.0,0,11.6,1,sea,1,1,1,0,0,0
2020-08-01T15:09:20.768579Z,2020,8,1,65.498400,22.545400,5.0,0,4.6,1,islands,0,0,1,0,0,0
2020-08-01T15:10:20.378028Z,2020,8,1,65.576200,22.406000,6.0,0,4.8,1,sea,0,0,0,0,0,0
2020-08-01T15:10:20.430170Z,2020,8,1,65.619300,22.523700,-5.0,0,1.6,1,sea,1,1,1,0,0,0
2020-08-01T15:10:20.636118Z,2020,8,1,65.547200,22.452100,5.0,0,3.8,1,sea,0,1,1,0,0,0
2020-08-01T15:11:40.140831Z,2020,8,1,65.604000,22.171800,5.0,0,3.4,1,sea,1,1,1,0,0,0
2020-08-01T15:13:04.363285Z,2020,8,1,65.601400,22.199300,-41.0,0,5.4,1,mainland,0,0,0,0,0,0
2020-08-01T15:14:13.221538Z,2020,8,1,65.595700,22.141400,6.0,0,5.6,1,mainland,1,1,1,0,0,0
2020-08-01T15:15:18.065269Z,2020,8,1,65.585100,22.191000,8.0,0,3.0,1,mainland,0,0,1,0,0,0
2020-08-01T15:16:46.164002Z,2020,8,1,65.574700,22.196800,6.0,0,3.6,1,mainland,0,1,1,0,0,0
2020-08-01T15:16:46.164556Z,2020,8,1,65.573400,22.216700,5.0,0,3.8,1,mainland,1,1,1,0,0,0
2020-08-01T15:17:34.257379Z,2020,8,1,65.511700,22.322700,5.0,0,3.8,1,islands,0,1,1,0,0,0
2020-08-01T15:18:27.387656Z,2020,8,1,65.568600,22.165700,6.0,0,5.2,1,sea,0,1,1,0,0,0
2020-08-01T15:18:27.388074Z,2020,8,1,65.570900,22.177500,9.0,0,5.8,1,mainland,1,1,1,0,0,0
2020-08-01T15:18:28.025525Z,2020,8,1,65.524700,22.476900,-19.0,0,6.4,1,sea,0,0,0,0,0,0
2020-08-01T15:18:28.044987Z,2020,8,1,65.525600,22.483700,-8.0,0,2.8,1,sea,0,0,0,0,0,0
2020-08-01T15:18:28.084231Z,2020,8,1,65.523600,22.477800,-5.0,0,2.0,1,sea,0,0,0,0,0,0
2020-08-01T15:18:28.097501Z,2020,8,1,65.349200,22.804000,-4.0,0,2.2,1,sea,0,0,0,0,0,0
2020-08-01T15:18:28.132023Z,2020,8,1,65.524200,22.475300,-7.0,0,2.8,1,sea,0,0,0,0,0,0
2020-08-01T15:18:28.160107Z,2020,8,1,65.525200,22.473700,-8.0,0,3.0,1,sea,0,0,0,0,0,0
2020-08-01T15:18:28.186523Z,2020,8,1,65.523800,22.475700,-7.0,0,2.2,1,sea,0,0,0,0,0,0
2020-08-01T15:20:02.824126Z,2020,8,1,65.398700,22.513600,5.0,0,7.2,1,islands,1,1,1,0,0,0
2020-08-01T15:23:59.116330Z,2020,8,1,65.555600,22.176800,6.0,0,10.2,1,sea,1,1,1,0,0,0
2020-08-01T15:24:03.915350Z,2020,8,1,65.428000,22.545300,7.0,0,3.8,1,sea,0,0,0,0,0,0
2020-08-01T15:25:07.036994Z,2020,8,1,65.465900,22.504600,10.0,0,4.2,1,sea,0,0,0,0,0,0
2020-08-01T15:26:03.792978Z,2020,8,1,65.541700,22.504700,4.0,0,12.0,1,sea,0,0,0,0,0,0
2020-08-01T15:26:03.817662Z,2020,8,1,65.445900,22.563600,5.0,0,5.8,1,sea,0,0,0,0,0,0
2020-08-01T15:29:14.589648Z,2020,8,1,65.533500,22.430100,18.0,0,9.6,1,sea,0,1,1,0,0,0
2020-08-01T15:29:14.590952Z,2020,8,1,65.533300,22.448900,12.0,0,17.8,1,sea,0,0,0,0,0,0
2020-08-01T15:29:14.605124Z,2020,8,1,65.534700,22.436100,9.0,0,22.0,1,sea,0,1,1,0,0,0
2020-08-01T15:32:29.446548Z,2020,8,1,65.433300,22.372100,4.0,0,10.6,1,islands,1,1,1,0,0,0
2020-08-01T15:32:29.446727Z,2020,8,1,65.476500,22.373500,12.0,0,2.8,1,sea,0,0,1,0,0,0
2020-08-01T15:32:29.458240Z,2020,8,1,65.484100,22.432000,7.0,0,9.6,1,sea,0,0,0,0,0,0
2020-08-01T15:32:29.472841Z,2020,8,1,65.519900,22.346000,5.0,0,5.0,1,sea,0,1,1,0,0,0
2020-08-01T15:35:35.786342Z,2020,8,1,65.529500,22.359500,5.0,0,6.4,1,sea,1,1,1,0,0,0
2020-08-01T15:35:35.786585Z,2020,8,1,65.507600,22.395400,-5.0,0,14.4,1,sea,0,0,1,0,0,0
2020-08-01T15:35:35.803599Z,2020,8,1,65.497900,22.314400,5.0,0,8.2,1,sea,0,1,1,0,0,0
2020-08-01T15:35:35.808486Z,2020,8,1,65.501700,22.319100,6.0,0,8.2,1,sea,1,1,1,0,0,0
2020-08-01T15:35:35.820363Z,2020,8,1,65.490200,22.439500,4.0,0,6.0,1,sea,0,0,1,0,0,0
2020-08-01T15:35:35.915390Z,2020,8,1,65.541800,22.410600,6.0,0,6.4,1,mainland,1,1,1,0,0,0
2020-08-01T15:39:06.477980Z,2020,8,1,65.494200,22.359700,14.0,0,12.6,1,islands,1,1,1,0,0,0
2020-08-01T15:39:06.477980Z,2020,8,1,65.495700,22.389500,12.0,0,5.6,1,sea,0,0,1,0,0,0
2020-08-01T15:39:06.487763Z,2020,8,1,65.344000,22.763900,-6.0,0,3.4,1,sea,0,0,0,0,0,0
2020-08-01T15:39:06.587501Z,2020,8,1,65.525000,22.407000,24.0,0,9.6,1,sea,0,0,0,0,0,0
2020-08-01T15:42:13.997295Z,2020,8,1,65.359200,22.559600,8.0,0,9.4,1,sea,0,0,0,0,0,0
2020-08-01T15:42:14.012514Z,2020,8,1,65.299900,22.704800,7.0,0,5.0,1,sea,0,0,0,0,0,0
2020-08-01T15:42:14.044435Z,2020,8,1,65.276200,22.827800,-4.0,0,2.0,1,sea,0,0,0,0,0,0
2020-08-01T15:42:14.051631Z,2020,8,1,65.452600,22.488700,-6.0,0,6.2,1,sea,0,0,0,0,0,0
2020-08-01T15:42:14.060333Z,2020,8,1,65.448600,22.506400,-6.0,0,2.8,1,sea,0,0,0,0,0,0
2020-08-01T15:42:14.129449Z,2020,8,1,65.366700,22.577400,8.0,0,4.2,1,sea,0,0,0,0,0,0
2020-08-01T15:53:06.456674Z,2020,8,1,65.341800,22.561800,15.0,0,19.0,1,sea,0,0,0,0,0,0
2020-08-01T15:53:06.457492Z,2020,8,1,65.524100,22.657600,8.0,0,5.8,1,sea,0,0,0,0,0,0
2020-08-01T15:53:06.460389Z,2020,8,1,65.334000,22.574700,19.0,0,12.4,1,sea,0,0,0,0,0,0
2020-08-01T15:53:06.471439Z,2020,8,1,65.402000,22.535300,65.0,0,19.4,1,sea,1,1,1,0,0,0
2020-08-01T15:53:06.624881Z,2020,8,1,65.430700,22.646700,-6.0,0,1.8,1,sea,0,0,0,0,0,0
2020-08-01T16:05:29.250293Z,2020,8,1,65.278400,22.674200,11.0,0,3.8,1,sea,0,0,0,0,0,0
2020-08-01T16:05:29.252306Z,2020,8,1,65.234000,22.797200,24.0,0,14.2,1,sea,0,0,0,0,0,0
2020-08-01T16:05:29.259365Z,2020,8,1,65.277800,22.657800,14.0,0,23.2,1,sea,0,0,0,0,0,0
2020-08-01T16:05:29.260653Z,2020,8,1,65.275400,22.667700,11.0,0,16.4,1,sea,0,0,0,0,0,0
2020-08-01T16:05:29.261620Z,2020,8,1,65.305900,22.627400,6.0,0,9.6,1,sea,0,0,0,0,0,0
2020-08-01T16:05:29.266614Z,2020,8,1,65.268200,22.669600,6.0,0,3.0,1,sea,0,0,0,0,0,0
2020-08-01T16:05:29.282437Z,2020,8,1,65.283300,22.730600,70.0,0,19.0,1,sea,0,0,0,0,0,0
2020-08-01T16:06:58.846679Z,2020,8,1,65.144200,22.953100,7.0,0,1.8,1,sea,0,0,0,0,0,0
2020-08-01T16:06:58.866862Z,2020,8,1,65.319600,22.764200,41.0,0,12.0,1,sea,0,0,0,0,0,0
2020-08-01T16:13:08.118673Z,2020,8,1,65.222500,22.752300,16.0,0,13.8,1,sea,0,0,0,0,0,0
2020-08-01T16:13:08.123476Z,2020,8,1,65.147100,22.702300,4.0,0,4.8,1,sea,0,0,0,0,0,0
2020-08-01T16:13:08.128123Z,2020,8,1,65.246100,22.534000,48.0,0,13.0,1,sea,0,0,0,0,0,0
2020-08-01T16:13:08.426268Z,2020,8,1,65.320400,22.694600,-3.0,0,1.4,1,sea,0,0,0,0,0,0
2020-08-01T16:15:56.980943Z,2020,8,1,65.191200,22.835400,3.0,0,1.4,1,sea,0,0,0,0,0,0
2020-08-01T16:15:56.982206Z,2020,8,1,65.230100,22.757900,13.0,0,7.6,1,sea,0,0,0,0,0,0
2020-08-01T16:15:56.983512Z,2020,8,1,65.201800,22.906500,11.0,0,14.6,1,sea,0,0,0,0,0,0
2020-08-01T16:15:56.983755Z,2020,8,1,65.151500,22.932300,5.0,0,11.8,1,sea,0,0,0,0,0,0
2020-08-01T16:15:56.992317Z,2020,8,1,65.219900,22.771600,11.0,0,10.4,1,sea,0,0,0,0,0,0
2020-08-01T16:15:56.996139Z,2020,8,1,65.267500,22.705300,94.0,0,14.8,1,sea,0,0,0,0,0,0
2020-08-01T16:23:20.709762Z,2020,8,1,65.156200,22.607900,-7.0,0,8.2,1,sea,0,0,0,0,0,0
2020-08-01T16:23:20.751641Z,2020,8,1,65.161600,22.696300,-9.0,0,5.0,1,sea,0,0,0,0,0,0
2020-08-01T16:26:37.009027Z,2020,8,1,65.158800,22.663300,13.0,0,9.0,1,sea,0,0,0,0,0,0
2020-08-01T16:26:37.009236Z,2020,8,1,65.152200,22.648200,-13.0,0,8.2,1,sea,0,0,0,0,0,0
2020-08-01T16:26:37.018245Z,2020,8,1,65.156100,22.644400,8.0,0,18.4,1,sea,0,0,0,0,0,0
2020-08-01T16:26:37.021182Z,2020,8,1,65.151600,22.654800,6.0,0,4.8,1,sea,0,0,0,0,0,0
2020-08-01T16:26:37.022634Z,2020,8,1,65.158600,22.943600,4.0,0,4.4,1,sea,0,0,0,0,0,0
2020-08-01T16:26:37.033089Z,2020,8,1,65.148000,22.659000,7.0,0,9.4,1,sea,0,0,0,0,0,0
2020-08-01T16:26:37.039405Z,2020,8,1,65.196300,22.752200,-6.0,0,3.4,1,sea,0,0,0,0,0,0
2020-08-01T16:26:37.134943Z,2020,8,1,65.155200,22.658100,5.0,0,2.0,1,sea,0,0,0,0,0,0
2020-08-01T16:29:36.151417Z,2020,8,1,65.443500,22.239600,9.0,0,6.4,1,sea,0,0,1,0,0,0
2020-08-01T16:30:30.781259Z,2020,8,1,65.300300,22.820900,11.0,0,13.4,1,sea,0,0,0,0,0,0
2020-08-01T16:30:30.792789Z,2020,8,1,65.143600,22.723500,16.0,0,2.2,1,sea,0,0,0,0,0,0
2020-08-01T16:30:30.943338Z,2020,8,1,65.159100,22.712000,-16.0,0,5.8,1,sea,0,0,0,0,0,0
2020-08-01T16:31:37.843144Z,2020,8,1,65.097300,22.778000,5.0,0,2.6,1,sea,0,0,0,0,0,0
2020-08-01T16:35:00.226075Z,2020,8,1,65.327500,22.510600,5.0,0,8.2,1,sea,0,0,0,0,0,0
2020-08-01T16:39:31.038349Z,2020,8,1,65.096200,22.790600,-3.0,0,2.0,1,sea,0,0,0,0,0,0
2020-08-01T16:39:37.879505Z,2020,8,1,65.990200,21.891900,6.0,0,15.2,1,mainland,0,0,0,0,1,1
2020-08-01T17:20:06.034744Z,2020,8,1,65.232200,22.882700,3.0,0,2.0,1,sea,0,0,0,0,0,0
2020-08-01T17:23:58.408441Z,2020,8,1,65.468000,22.752600,7.0,0,5.0,1,sea,1,1,1,0,0,0
2020-08-01T17:25:32.195464Z,2020,8,1,65.299500,22.375700,9.0,0,8.4,1,sea,0,0,1,0,0,0
2020-08-01T17:25:32.195684Z,2020,8,1,65.299000,22.412800,-10.0,0,6.0,1,sea,0,0,0,0,0,0
2020-08-01T17:25:32.209018Z,2020,8,1,65.214100,22.581300,3.0,0,2.0,1,sea,0,0,0,0,0,0
2020-08-01T17:27:38.351416Z,2020,8,1,65.294500,22.429000,6.0,0,5.2,1,sea,0,0,0,0,0,0
2020-08-01T17:38:04.627048Z,2020,8,1,65.610000,21.639100,7.0,0,15.0,1,mainland,0,0,0,0,0,0
2020-08-01T17:38:04.712726Z,2020,8,1,65.634100,21.757400,-22.0,0,11.4,1,mainland,0,0,0,0,0,0
2020-08-01T17:40:34.590852Z,2020,8,1,65.654900,21.620700,-8.0,0,5.8,1,mainland,0,0,0,0,0,0
2020-08-01T17:47:27.658582Z,2020,8,1,65.249800,22.336600,5.0,0,7.6,1,sea,0,0,0,0,0,0
2020-08-01T18:11:43.279248Z,2020,8,1,65.441500,22.694800,5.0,0,8.8,1,sea,0,0,0,0,0,0
2020-08-01T18:17:37.512624Z,2020,8,1,65.104500,22.640000,4.0,0,5.2,1,sea,0,0,0,0,0,0
2020-08-01T18:17:37.512895Z,2020,8,1,65.143700,22.553400,5.0,0,7.0,1,sea,0,0,0,0,0,0
2020-08-01T18:17:37.516486Z,2020,8,1,65.160900,22.509100,6.0,0,18.8,1,sea,0,0,0,0,0,0
2020-08-01T18:17:37.517510Z,2020,8,1,65.091200,22.658000,3.0,0,2.2,1,sea,0,0,0,0,0,0
2020-08-01T18:34:37.419799Z,2020,8,1,65.089900,22.672600,3.0,0,1.2,1,sea,0,0,0,0,0,0
2020-08-01T19:13:36.130897Z,2020,8,1,65.245700,23.040500,5.0,0,5.0,1,sea,0,0,0,0,0,0
2020-08-04T14:46:47.060311Z,2020,8,4,65.290600,22.167200,4.0,0,1.2,1,sea,0,0,0,0,0,0
2020-08-04T14:48:14.571189Z,2020,8,4,65.580700,21.539900,5.0,0,21.2,1,mainland,0,0,0,0,0,1
2020-08-04T14:49:21.569520Z,2020,8,4,65.564100,21.551000,5.0,0,5.8,1,mainland,0,0,0,1,1,1
2020-08-04T14:49:21.587551Z,2020,8,4,65.290800,22.204700,5.0,0,2.0,1,sea,0,0,0,0,0,0
2020-08-04T14:50:43.935075Z,2020,8,4,65.270600,22.250300,4.0,0,2.2,1,sea,0,0,0,0,0,0
2020-08-04T14:50:43.953768Z,2020,8,4,65.582300,21.511100,7.0,0,2.6,1,mainland,0,0,0,1,1,1
2020-08-04T14:50:43.958934Z,2020,8,4,65.589600,21.500300,6.0,0,2.6,1,mainland,0,0,0,1,1,1
2020-08-04T14:53:01.975326Z,2020,8,4,65.574800,21.535700,8.0,0,5.2,1,mainland,0,0,0,0,1,1
2020-08-04T14:53:01.976259Z,2020,8,4,65.575500,21.542900,20.0,0,14.0,1,mainland,0,0,0,0,0,1
2020-08-04T14:55:11.218950Z,2020,8,4,65.575800,21.570400,-10.0,0,12.6,1,mainland,0,0,0,0,0,0
2020-08-04T14:56:06.697811Z,2020,8,4,65.655400,21.526100,4.0,0,4.4,1,mainland,0,0,0,0,0,0
2020-08-04T15:30:45.343810Z,2020,8,4,65.654400,21.743700,7.0,0,2.8,1,mainland,0,0,0,0,0,0
2020-08-04T15:30:45.373669Z,2020,8,4,65.658000,21.741000,6.0,0,3.8,1,mainland,0,0,0,0,0,0
2020-08-04T15:36:23.202524Z,2020,8,4,65.361500,22.489700,4.0,0,1.4,1,sea,1,1,1,0,0,0
2020-08-04T15:40:08.154747Z,2020,8,4,65.692300,21.865100,5.0,0,2.2,1,mainland,0,0,0,0,0,0
2020-08-04T15:42:26.902705Z,2020,8,4,65.686300,21.869200,6.0,0,2.0,1,mainland,0,0,0,0,0,0
2020-08-04T15:42:26.902982Z,2020,8,4,65.692800,21.880500,6.0,0,5.6,1,mainland,0,0,0,0,0,0
2020-08-04T15:42:26.918981Z,2020,8,4,65.527400,22.199700,5.0,0,2.2,1,islands,1,1,1,0,0,0
2020-08-04T15:43:30.181690Z,2020,8,4,65.691800,21.878500,5.0,0,4.4,1,mainland,0,0,0,0,0,0
2020-08-04T15:44:50.043784Z,2020,8,4,65.591700,22.092900,6.0,0,3.8,1,sea,0,1,1,0,0,0
2020-08-04T15:45:42.650041Z,2020,8,4,65.694200,21.870900,-9.0,0,3.6,1,mainland,0,0,0,0,0,0
2020-08-04T15:46:17.778654Z,2020,8,4,65.694200,21.880100,9.0,0,5.4,1,mainland,0,0,0,0,0,0
2020-08-04T15:47:07.205998Z,2020,8,4,65.695300,21.876200,5.0,0,8.8,1,mainland,0,0,0,0,0,0
2020-08-04T15:47:07.207623Z,2020,8,4,65.495100,22.289100,5.0,0,4.2,1,sea,1,1,1,0,0,0
2020-08-04T15:47:07.227616Z,2020,8,4,65.700500,21.883000,4.0,0,8.6,1,mainland,0,0,0,0,0,0
2020-08-04T15:50:26.087179Z,2020,8,4,65.725100,21.856900,-16.0,0,5.0,1,mainland,0,0,0,0,0,1
2020-08-04T15:50:26.089381Z,2020,8,4,65.718400,21.867300,-52.0,0,13.8,1,mainland,0,0,0,0,0,0
2020-08-04T15:50:26.100506Z,2020,8,4,65.711000,21.842600,-5.0,0,11.4,1,mainland,0,0,0,0,0,0
2020-08-04T15:51:57.497218Z,2020,8,4,65.695600,21.972100,-40.0,0,9.6,1,mainland,0,0,0,0,0,0
2020-08-04T15:52:49.573579Z,2020,8,4,65.706300,21.967400,5.0,0,3.8,1,mainland,0,0,0,0,0,0
2020-08-04T15:53:48.063053Z,2020,8,4,65.564600,22.199400,-8.0,0,2.4,1,mainland,0,0,1,0,0,0
2020-08-04T15:53:48.068644Z,2020,8,4,65.708400,21.882500,-7.0,0,3.8,1,mainland,0,0,0,0,0,0
2020-08-04T15:53:48.079447Z,2020,8,4,65.716400,21.914000,-6.0,0,11.0,1,mainland,0,0,0,0,0,0
2020-08-04T15:54:28.286284Z,2020,8,4,65.696800,21.950800,6.0,0,2.6,1,mainland,0,0,0,0,0,0
2020-08-04T15:54:28.286582Z,2020,8,4,65.697900,21.965500,6.0,0,4.8,1,mainland,0,0,0,0,0,0
2020-08-04T15:54:28.287128Z,2020,8,4,65.590000,22.183700,5.0,0,13.4,1,mainland,1,1,1,0,0,0
2020-08-04T15:56:34.747901Z,2020,8,4,65.700700,21.962500,-7.0,0,4.8,1,mainland,0,0,0,0,0,0
2020-08-04T15:56:34.862772Z,2020,8,4,65.719900,21.913900,7.0,0,1.8,1,mainland,0,0,0,0,0,0
2020-08-04T15:58:40.806562Z,2020,8,4,65.704900,21.988900,9.0,0,8.2,1,mainland,0,0,0,0,0,0
2020-08-04T15:58:40.807075Z,2020,8,4,65.704100,21.998100,6.0,0,6.0,1,mainland,0,0,0,0,0,0
2020-08-04T16:01:54.913904Z,2020,8,4,65.791600,22.030000,4.0,0,2.8,1,mainland,0,0,0,0,0,0
2020-08-04T16:01:54.915304Z,2020,8,4,65.745300,21.968900,-89.0,0,17.6,1,mainland,0,0,0,0,0,0
2020-08-04T16:01:54.924118Z,2020,8,4,65.749700,22.016000,-8.0,0,16.6,1,mainland,0,0,0,0,0,0
2020-08-04T16:01:54.924742Z,2020,8,4,65.745100,21.993000,-7.0,0,3.8,1,mainland,0,0,0,0,0,0
2020-08-04T16:01:54.925305Z,2020,8,4,65.750900,21.974600,-14.0,0,17.0,1,mainland,0,0,0,0,0,0
2020-08-04T16:01:54.931464Z,2020,8,4,65.756400,21.975400,-5.0,0,7.2,1,mainland,0,0,0,0,0,0
2020-08-04T16:01:54.951999Z,2020,8,4,65.734100,21.956200,8.0,0,10.4,1,mainland,0,0,0,0,0,0
2020-08-04T16:06:25.121902Z,2020,8,4,65.758300,22.016400,24.0,0,17.0,1,mainland,0,0,0,0,0,0
2020-08-04T16:06:25.124093Z,2020,8,4,65.754600,22.004700,7.0,0,7.2,1,mainland,0,0,0,0,0,0
2020-08-04T16:09:42.856523Z,2020,8,4,65.771100,21.994400,14.0,0,4.2,1,mainland,0,0,0,0,0,0
2020-08-04T16:09:42.857290Z,2020,8,4,65.765800,22.013600,15.0,0,13.6,1,mainland,0,0,0,0,0,0
2020-08-04T16:09:42.858689Z,2020,8,4,65.537400,22.428800,5.0,0,8.4,1,sea,1,1,1,0,0,0
2020-08-04T17:03:42.778987Z,2020,8,4,65.875700,22.423400,6.0,0,7.2,1,mainland,0,0,0,0,0,0
2020-08-04T17:05:00.975594Z,2020,8,4,66.125100,22.030100,-24.0,0,12.0,1,mainland,0,0,0,0,0,1
2020-08-04T17:05:00.987995Z,2020,8,4,66.117200,22.029200,-9.0,0,6.4,1,mainland,0,0,0,0,1,1
2020-08-04T17:07:09.366237Z,2020,8,4,66.155800,22.102200,-31.0,0,11.4,1,mainland,0,0,0,0,0,0
2020-08-04T17:12:39.340783Z,2020,8,4,66.049100,21.992400,-42.0,0,14.6,1,mainland,0,0,0,0,0,1
2020-08-04T17:12:39.340808Z,2020,8,4,66.028000,22.035800,-48.0,0,13.8,1,mainland,0,0,0,0,0,0
2020-08-04T17:12:39.363756Z,2020,8,4,65.998500,22.157600,-7.0,0,10.4,1,mainland,0,0,0,0,0,0
2020-08-04T17:19:41.803251Z,2020,8,4,66.224900,22.127500,6.0,0,6.6,1,mainland,0,0,0,0,0,0
2020-08-04T17:23:05.534889Z,2020,8,4,66.209800,22.102100,8.0,0,3.0,1,mainland,0,0,0,0,0,0
2020-08-04T17:23:05.536441Z,2020,8,4,66.210800,22.081600,7.0,0,5.2,1,mainland,0,0,0,0,0,0
2020-08-04T17:23:05.545622Z,2020,8,4,66.213400,22.082100,20.0,0,15.0,1,mainland,0,0,0,0,0,0
2020-08-04T17:24:47.118954Z,2020,8,4,66.214400,22.108100,6.0,0,9.4,1,mainland,0,0,0,0,0,0
2020-08-04T17:24:47.413307Z,2020,8,4,66.144900,22.033100,-29.0,0,7.6,1,mainland,0,0,0,0,0,0
2020-08-04T17:24:47.450970Z,2020,8,4,66.144500,22.037100,-25.0,0,8.6,1,mainland,0,0,0,0,0,0
2020-08-04T17:24:47.469358Z,2020,8,4,66.144000,22.033500,-11.0,0,8.0,1,mainland,0,0,0,0,0,0
2020-08-04T17:27:09.498459Z,2020,8,4,66.215100,22.109700,9.0,0,16.2,1,mainland,0,0,0,0,0,0
2020-08-04T17:27:09.500702Z,2020,8,4,66.207100,22.098400,7.0,0,9.8,1,mainland,0,0,0,0,0,0
2020-08-04T17:27:09.501495Z,2020,8,4,66.211400,22.108300,8.0,0,9.8,1,mainland,0,0,0,0,0,0
2020-08-04T17:27:09.502036Z,2020,8,4,66.217000,22.129600,-8.0,0,15.8,1,mainland,0,0,0,0,0,0
2020-08-04T17:27:09.687593Z,2020,8,4,66.155200,22.094600,-5.0,0,7.8,1,mainland,0,0,0,0,0,0
2020-08-04T17:27:09.724207Z,2020,8,4,66.147400,22.141900,-9.0,0,8.8,1,mainland,0,0,0,0,0,0
2020-08-04T17:41:12.035813Z,2020,8,4,66.257000,22.179400,12.0,0,5.2,1,mainland,0,0,0,1,1,1
2020-08-20T02:44:23.550728Z,2020,8,20,65.513900,22.470300,11.0,0,7.8,1,sea,0,0,1,0,0,0
2020-08-20T02:54:27.084060Z,2020,8,20,65.520300,22.460300,-61.0,0,11.8,1,sea,0,0,0,0,0,0
2020-08-20T02:54:27.108219Z,2020,8,20,65.504500,22.504600,7.0,0,22.4,1,islands,1,1,1,0,0,0
2020-08-20T02:54:27.123956Z,2020,8,20,65.516600,22.462300,-13.0,0,12.8,1,sea,0,0,0,0,0,0
2020-08-20T02:54:27.124890Z,2020,8,20,65.517600,22.437300,-8.0,0,3.4,1,sea,0,0,0,0,0,0
2020-08-20T02:55:40.356987Z,2020,8,20,65.535900,22.345500,-6.0,0,6.4,1,islands,1,1,1,0,0,0
2020-08-20T02:58:38.273170Z,2020,8,20,65.518400,22.458100,-26.0,0,7.0,1,sea,0,0,0,0,0,0
2020-08-20T02:58:38.277829Z,2020,8,20,65.519400,22.464400,-27.0,0,14.6,1,sea,0,0,0,0,0,0
2020-08-20T02:58:38.292760Z,2020,8,20,65.522000,22.483800,-5.0,0,13.4,1,sea,0,0,0,0,0,0
2020-08-20T03:00:02.396427Z,2020,8,20,65.518900,22.607400,5.0,0,24.2,1,islands,0,1,1,0,0,0
2020-08-20T03:00:37.164193Z,2020,8,20,65.518400,22.563900,-6.0,0,2.6,1,islands,1,1,1,0,0,0
2020-08-20T03:00:37.221566Z,2020,8,20,65.527000,22.563800,-5.0,0,3.2,1,islands,0,0,1,0,0,0
2020-08-20T03:00:37.274262Z,2020,8,20,65.523500,22.525300,-8.0,0,2.8,1,sea,0,0,1,0,0,0
2020-08-20T03:02:25.178764Z,2020,8,20,65.529800,22.569600,12.0,0,13.2,1,islands,0,1,1,0,0,0
2020-08-20T03:02:25.197415Z,2020,8,20,65.532400,22.561600,6.0,0,14.6,1,islands,1,1,1,0,0,0
2020-08-20T03:03:10.176071Z,2020,8,20,65.524200,22.566500,5.0,0,2.6,1,islands,0,0,1,0,0,0
2020-08-20T03:03:47.711776Z,2020,8,20,65.530900,22.564700,8.0,0,2.2,1,islands,0,1,1,0,0,0
2020-08-20T03:04:59.073969Z,2020,8,20,65.291800,22.961500,5.0,0,2.0,1,sea,0,0,0,0,0,0
2020-08-20T03:06:24.218264Z,2020,8,20,65.535100,22.585900,-12.0,0,11.6,1,sea,0,1,1,0,0,0
2020-08-20T03:06:24.224324Z,2020,8,20,65.535500,22.582300,-27.0,0,6.6,1,sea,0,1,1,0,0,0
2020-08-20T03:06:24.238587Z,2020,8,20,65.539100,22.567200,-13.0,0,3.2,1,sea,1,1,1,0,0,0
2020-08-20T03:06:24.246936Z,2020,8,20,65.543100,22.600800,-6.0,0,6.0,1,sea,1,1,1,0,0,0
2020-08-20T03:07:04.945774Z,2020,8,20,65.534400,22.594700,8.0,0,5.4,1,sea,1,1,1,0,0,0
2020-08-20T03:07:57.002804Z,2020,8,20,65.493400,22.639800,7.0,0,30.2,1,sea,0,0,1,0,0,0
2020-08-20T03:07:57.047118Z,2020,8,20,65.378700,22.838800,4.0,0,3.2,1,sea,0,0,0,0,0,0
2020-08-20T03:08:23.836230Z,2020,8,20,65.543900,22.583800,-9.0,0,4.4,1,sea,0,0,1,0,0,0
2020-08-20T03:09:21.164147Z,2020,8,20,65.530400,22.633100,6.0,0,3.2,1,sea,0,0,0,0,0,0
2020-08-20T03:09:21.166015Z,2020,8,20,65.563500,22.602100,14.0,0,24.2,1,islands,0,1,1,0,0,0
2020-08-20T03:10:43.513858Z,2020,8,20,65.531500,22.643600,12.0,0,11.8,1,sea,0,0,1,0,0,0
2020-08-20T03:10:43.515800Z,2020,8,20,65.554000,22.620600,7.0,0,15.6,1,sea,0,1,1,0,0,0
2020-08-20T03:10:43.516219Z,2020,8,20,65.532600,22.656400,5.0,0,8.2,1,sea,0,0,1,0,0,0
2020-08-20T03:10:43.706123Z,2020,8,20,65.564600,22.847500,-15.0,0,2.6,1,sea,0,0,0,0,0,0
2020-08-20T03:10:43.708911Z,2020,8,20,65.491800,22.671700,-5.0,0,4.0,1,islands,1,1,1,0,0,0
2020-08-20T03:11:43.798163Z,2020,8,20,65.548800,22.636800,-15.0,0,6.6,1,sea,0,1,1,0,0,0
2020-08-20T03:11:43.810113Z,2020,8,20,65.478400,22.748800,-4.0,0,21.4,1,islands,1,1,1,0,0,0
2020-08-20T03:12:49.565533Z,2020,8,20,65.548200,22.657400,-13.0,0,3.6,1,islands,0,1,1,0,0,0
2020-08-20T03:12:49.570306Z,2020,8,20,65.543200,22.671000,-60.0,0,8.6,1,sea,0,1,1,0,0,0
2020-08-20T03:12:49.582018Z,2020,8,20,65.528800,22.615700,-6.0,0,20.8,1,sea,0,0,1,0,0,0
2020-08-20T03:12:49.604489Z,2020,8,20,65.540400,22.703100,-14.0,0,3.4,1,sea,0,0,1,0,0,0
2020-08-20T03:12:49.606708Z,2020,8,20,65.557600,22.626700,-5.0,0,2.6,1,sea,1,1,1,0,0,0
2020-08-20T03:12:49.625739Z,2020,8,20,65.565000,22.616100,-7.0,0,2.4,1,islands,1,1,1,0,0,0
2020-08-20T03:13:50.845339Z,2020,8,20,65.547700,22.653000,-14.0,0,5.0,1,islands,1,1,1,0,0,0
2020-08-20T03:13:50.845700Z,2020,8,20,65.547100,22.661300,-13.0,0,5.6,1,islands,1,1,1,0,0,0
2020-08-20T03:13:50.853353Z,2020,8,20,65.543100,22.625100,-37.0,0,13.6,1,sea,0,0,1,0,0,0
2020-08-20T03:13:50.867658Z,2020,8,20,65.559000,22.628500,-6.0,0,19.4,1,sea,1,1,1,0,0,0
2020-08-20T03:13:50.881667Z,2020,8,20,65.542300,22.718600,-16.0,0,5.6,1,sea,0,0,1,0,0,0
2020-08-20T03:13:50.906602Z,2020,8,20,65.544800,22.680800,-13.0,0,4.6,1,islands,1,1,1,0,0,0
2020-08-20T03:13:50.945510Z,2020,8,20,65.531700,22.625300,-12.0,0,5.8,1,sea,0,0,1,0,0,0
2020-08-20T03:14:55.267846Z,2020,8,20,65.524400,22.713300,-11.0,0,6.6,1,islands,0,0,1,0,0,0
2020-08-20T03:14:55.275885Z,2020,8,20,65.544400,22.678600,-27.0,0,7.0,1,sea,1,1,1,0,0,0
2020-08-20T03:17:17.256524Z,2020,8,20,65.548200,22.698000,8.0,0,4.6,1,sea,1,1,1,0,0,0
2020-08-20T03:17:17.257207Z,2020,8,20,65.546700,22.722800,25.0,0,30.2,1,sea,0,0,1,0,0,0
2020-08-20T03:17:17.258486Z,2020,8,20,65.550200,22.685700,6.0,0,4.2,1,islands,0,1,1,0,0,0
2020-08-20T03:17:17.277836Z,2020,8,20,65.557500,22.700400,12.0,0,30.2,1,sea,0,1,1,0,0,0
2020-08-20T03:19:54.257804Z,2020,8,20,65.566400,22.751100,-49.0,0,7.4,1,sea,1,1,1,0,0,0
2020-08-20T03:19:54.269807Z,2020,8,20,65.434800,22.908200,-4.0,0,2.2,1,sea,0,0,0,0,0,0
2020-08-20T03:19:54.270933Z,2020,8,20,65.552400,22.730800,-16.0,0,15.0,1,sea,1,1,1,0,0,0
2020-08-20T03:19:54.274771Z,2020,8,20,65.564000,22.741000,8.0,0,5.8,1,sea,1,1,1,0,0,0
2020-08-20T03:21:10.061515Z,2020,8,20,65.563200,22.729200,22.0,0,9.8,1,sea,0,0,1,0,0,0
2020-08-20T03:21:10.062175Z,2020,8,20,65.560300,22.723700,9.0,0,3.2,1,sea,0,0,1,0,0,0
2020-08-20T03:21:10.064630Z,2020,8,20,65.569700,22.717500,7.0,0,11.2,1,sea,0,0,0,0,0,0
2020-08-20T03:21:10.066842Z,2020,8,20,65.447800,22.949500,6.0,0,2.6,1,sea,0,0,0,0,0,0
2020-08-20T03:22:35.530000Z,2020,8,20,65.557700,22.742200,-17.0,0,7.8,1,sea,1,1,1,0,0,0
2020-08-20T03:22:35.534687Z,2020,8,20,65.557800,22.739300,-24.0,0,7.8,1,sea,1,1,1,0,0,0
2020-08-20T03:24:38.573890Z,2020,8,20,65.567100,22.800500,8.0,0,16.4,1,sea,1,1,1,0,0,0
2020-08-20T03:26:50.480239Z,2020,8,20,65.640600,22.687000,13.0,0,22.8,1,sea,0,0,0,0,0,0
2020-08-20T03:26:50.480864Z,2020,8,20,65.548600,22.807500,11.0,0,26.0,1,sea,1,1,1,0,0,0
2020-08-20T03:26:50.481286Z,2020,8,20,65.574300,22.798600,10.0,0,27.4,1,sea,0,0,1,0,0,0
2020-08-20T03:26:50.482497Z,2020,8,20,65.574100,22.807900,7.0,0,11.0,1,sea,0,0,1,0,0,0
2020-08-20T03:31:44.581802Z,2020,8,20,65.579400,22.795400,5.0,0,3.8,1,sea,0,0,0,0,0,0
2020-08-20T03:31:44.613636Z,2020,8,20,65.560500,22.855800,7.0,0,20.2,1,sea,0,0,0,0,0,0
2020-08-20T03:31:44.621613Z,2020,8,20,65.538300,22.842200,6.0,0,20.2,1,sea,0,0,0,0,0,0
2020-08-20T03:42:56.095869Z,2020,8,20,65.408600,22.321300,12.0,0,22.4,1,sea,0,0,0,0,0,0
2020-08-20T03:42:56.096495Z,2020,8,20,65.408400,22.324500,8.0,0,7.0,1,sea,0,0,0,0,0,0
2020-08-20T03:45:42.611027Z,2020,8,20,65.528100,22.882600,7.0,0,3.6,1,sea,0,0,0,0,0,0
2020-08-20T03:47:33.198857Z,2020,8,20,65.539300,22.903800,13.0,0,14.6,1,sea,0,0,0,0,0,0
2020-08-20T03:48:07.773618Z,2020,8,20,65.434600,22.350700,4.0,0,1.4,1,islands,1,1,1,0,0,0
2020-08-20T03:48:07.774241Z,2020,8,20,65.248200,22.738000,6.0,0,8.8,1,sea,0,0,0,0,0,0
2020-08-20T03:48:07.802883Z,2020,8,20,65.433500,22.387300,6.0,0,1.6,1,sea,1,1,1,0,0,0
2020-08-20T03:48:07.806171Z,2020,8,20,65.447500,22.399400,5.0,0,8.8,1,islands,0,1,1,0,0,0
2020-08-20T03:48:07.872710Z,2020,8,20,65.483000,22.361500,-16.0,0,3.8,1,sea,0,0,1,0,0,0
2020-08-20T03:49:06.323291Z,2020,8,20,65.534800,22.914900,6.0,0,4.6,1,sea,0,0,0,0,0,0
2020-08-20T03:49:06.350902Z,2020,8,20,65.534100,22.935500,6.0,0,24.0,1,sea,0,0,0,0,0,1
2020-08-20T03:49:06.407950Z,2020,8,20,65.485200,22.916000,5.0,0,1.8,1,sea,0,0,0,0,0,0
2020-08-20T03:50:05.304322Z,2020,8,20,65.429300,22.366600,10.0,0,8.0,1,sea,1,1,1,0,0,0
2020-08-20T03:50:05.305376Z,2020,8,20,65.362500,22.511700,6.0,0,2.0,1,sea,0,0,0,0,0,0
2020-08-20T03:50:05.314492Z,2020,8,20,65.451900,22.509400,-15.0,0,19.8,1,sea,0,0,0,0,0,0
2020-08-20T03:51:03.241293Z,2020,8,20,65.372800,22.512500,7.0,0,6.4,1,sea,0,1,1,0,0,0
2020-08-20T03:53:08.292302Z,2020,8,20,65.417000,22.409200,4.0,0,23.6,1,sea,0,0,0,0,0,0
2020-08-20T03:53:08.326500Z,2020,8,20,65.437300,22.404400,6.0,0,4.2,1,sea,0,1,1,0,0,0
2020-08-20T03:53:08.330638Z,2020,8,20,65.444900,22.471400,7.0,0,5.8,1,sea,0,0,0,0,0,0
2020-08-20T03:53:08.475876Z,2020,8,20,65.463800,22.197500,-7.0,0,1.6,1,islands,0,1,1,0,0,0
2020-08-20T03:54:32.904292Z,2020,8,20,65.577300,22.735100,5.0,0,13.2,1,sea,0,0,1,0,0,0
2020-08-20T03:57:12.928292Z,2020,8,20,65.441200,22.415300,8.0,0,12.0,1,sea,0,1,1,0,0,0
2020-08-20T03:57:12.931550Z,2020,8,20,65.707700,22.344500,6.0,0,7.8,1,islands,1,1,1,0,0,0
2020-08-20T03:57:12.932768Z,2020,8,20,65.437200,22.358100,7.0,0,13.0,1,islands,0,1,1,0,0,0
2020-08-20T03:57:12.933249Z,2020,8,20,65.338300,22.624500,7.0,0,2.6,1,sea,0,0,0,0,0,0
2020-08-20T03:57:13.075540Z,2020,8,20,65.510400,22.459200,-7.0,0,3.0,1,sea,0,0,1,0,0,0
2020-08-20T03:59:39.692086Z,2020,8,20,65.456400,22.464000,5.0,0,7.0,1,sea,0,0,0,0,0,0
2020-08-20T03:59:39.895257Z,2020,8,20,65.468200,22.357900,-11.0,0,6.2,1,sea,0,1,1,0,0,0
2020-08-20T04:05:26.489589Z,2020,8,20,65.450000,22.529700,10.0,0,30.2,1,sea,0,0,0,0,0,0
2020-08-20T04:05:26.530895Z,2020,8,20,65.462500,22.466000,9.0,0,13.8,1,sea,0,0,0,0,0,0
2020-08-20T04:05:26.633675Z,2020,8,20,65.506600,22.565600,-7.0,0,4.4,1,sea,0,0,1,0,0,0
2020-08-20T04:07:06.925620Z,2020,8,20,65.481400,22.497000,6.0,0,20.6,1,islands,1,1,1,0,0,0
2020-08-20T04:07:58.414566Z,2020,8,20,65.463500,22.500100,7.0,0,11.0,1,sea,0,0,0,0,0,0
2020-08-20T04:07:58.613216Z,2020,8,20,65.487600,22.372400,-11.0,0,3.8,1,sea,0,1,1,0,0,0
2020-08-20T04:07:58.613867Z,2020,8,20,65.478000,22.392000,-6.0,0,3.6,1,sea,0,0,1,0,0,0
2020-08-20T04:10:00.676285Z,2020,8,20,65.497400,22.473800,11.0,0,22.0,1,sea,0,1,1,0,0,0
2020-08-20T04:10:00.676303Z,2020,8,20,65.476800,22.560300,11.0,0,15.0,1,islands,1,1,1,0,0,0
2020-08-20T04:10:00.950657Z,2020,8,20,65.499900,22.609600,5.0,0,8.2,1,sea,0,0,1,0,0,0
2020-08-20T04:13:24.878619Z,2020,8,20,65.503000,22.645700,10.0,0,18.4,1,sea,0,0,1,0,0,0
2020-08-20T04:13:24.879694Z,2020,8,20,65.507800,22.625300,29.0,0,24.6,1,sea,0,1,1,0,0,0
2020-08-20T04:13:24.900700Z,2020,8,20,65.475400,22.843500,7.0,0,5.2,1,sea,0,0,0,0,0,0
2020-08-20T04:13:24.901168Z,2020,8,20,65.356800,22.897300,4.0,0,9.2,1,sea,0,0,0,0,0,0
2020-08-20T04:13:24.976742Z,2020,8,20,65.564100,22.568800,-21.0,0,8.2,1,islands,1,1,1,0,0,0
2020-08-20T04:17:03.987321Z,2020,8,20,65.503000,22.673200,10.0,0,10.8,1,islands,1,1,1,0,0,0
2020-08-20T04:17:03.988426Z,2020,8,20,65.512300,22.634100,12.0,0,28.0,1,sea,0,0,1,0,0,0
2020-08-20T04:17:03.989039Z,2020,8,20,65.512600,22.644700,7.0,0,3.2,1,sea,0,0,0,0,0,0
2020-08-20T04:17:03.990494Z,2020,8,20,65.511100,22.659700,6.0,0,5.8,1,sea,0,1,1,0,0,0
2020-08-20T04:17:03.994116Z,2020,8,20,65.499200,22.860200,4.0,0,23.8,1,sea,0,0,0,0,0,0
2020-08-20T04:17:03.998153Z,2020,8,20,65.510600,22.612700,8.0,0,19.0,1,sea,1,1,1,0,0,0
2020-08-20T04:17:03.999989Z,2020,8,20,65.513700,22.646100,7.0,0,5.6,1,sea,0,0,1,0,0,0
2020-08-20T04:17:04.103133Z,2020,8,20,65.590500,22.676900,-14.0,0,4.6,1,sea,0,0,1,0,0,0
2020-08-20T04:23:07.716395Z,2020,8,20,65.380600,22.975800,4.0,0,2.6,1,sea,0,0,0,0,0,0
2020-08-20T04:23:58.852836Z,2020,8,20,65.603300,22.639200,-8.0,0,3.6,1,sea,1,1,1,0,0,0
2020-08-20T04:26:43.610234Z,2020,8,20,65.585100,22.656800,-6.0,0,2.6,1,sea,1,1,1,0,0,0
2020-08-20T04:26:43.631548Z,2020,8,20,65.589400,22.660000,-20.0,0,8.0,1,sea,1,1,1,0,0,0
2020-08-20T04:26:43.667745Z,2020,8,20,65.589500,22.660900,-16.0,0,3.4,1,sea,1,1,1,0,0,0
2020-08-20T05:15:38.272430Z,2020,8,20,65.226800,22.239200,10.0,0,13.2,1,sea,0,0,0,0,0,0
2020-08-20T05:15:38.273043Z,2020,8,20,65.227800,22.285500,6.0,0,13.2,1,sea,0,0,0,0,0,0
2020-08-20T05:15:38.273474Z,2020,8,20,65.225300,22.224400,4.0,0,6.4,1,sea,0,0,0,0,0,0
2020-08-20T05:15:38.293806Z,2020,8,20,65.233200,22.226100,4.0,0,6.0,1,sea,0,0,0,0,0,0
2020-08-20T05:20:18.834042Z,2020,8,20,65.198400,22.229400,6.0,0,5.2,1,sea,0,0,0,1,1,1
2020-08-20T05:20:18.862655Z,2020,8,20,65.233300,22.252400,4.0,0,6.0,1,sea,0,0,0,0,0,0
2020-08-20T05:23:38.205786Z,2020,8,20,65.394000,22.174900,-17.0,0,12.0,1,sea,0,0,1,0,0,0
2020-08-20T05:23:38.211062Z,2020,8,20,65.393200,22.158800,-12.0,0,3.0,1,sea,0,0,1,0,0,0
2020-08-20T05:24:49.881658Z,2020,8,20,65.244900,22.274600,22.0,0,12.8,1,sea,0,0,0,0,0,0
2020-08-20T05:24:49.882161Z,2020,8,20,65.239900,22.231900,9.0,0,16.8,1,sea,0,0,0,0,0,0
2020-08-20T05:24:49.882932Z,2020,8,20,65.237500,22.271600,12.0,0,28.0,1,sea,0,0,0,0,0,0
2020-08-20T05:24:49.885257Z,2020,8,20,65.118000,22.589900,5.0,0,2.6,1,sea,0,0,0,0,0,0
2020-08-20T05:24:49.891672Z,2020,8,20,65.249100,22.277400,8.0,0,10.0,1,sea,0,0,0,0,0,0
2020-08-20T05:24:49.891701Z,2020,8,20,65.183000,22.439000,12.0,0,12.0,1,sea,0,0,0,0,0,0
2020-08-20T05:24:49.895700Z,2020,8,20,65.224200,22.300900,10.0,0,7.2,1,sea,0,0,0,0,0,0
2020-08-20T05:24:49.896653Z,2020,8,20,65.148100,22.522900,7.0,0,10.4,1,sea,0,0,0,0,0,0
2020-08-20T05:27:34.164414Z,2020,8,20,65.252900,22.295900,10.0,0,14.4,1,sea,0,0,0,0,0,0
2020-08-20T05:27:34.172416Z,2020,8,20,65.119900,22.597400,4.0,0,5.8,1,sea,0,0,0,0,0,0
2020-08-20T05:27:34.187720Z,2020,8,20,65.234600,22.223800,-4.0,0,2.6,1,sea,0,0,0,0,0,0
2020-08-20T05:32:38.935935Z,2020,8,20,65.261700,22.342700,-4.0,0,1.0,1,sea,0,0,0,0,0,0
2020-08-20T05:35:01.867561Z,2020,8,20,65.166800,22.312900,10.0,0,5.0,1,sea,0,0,0,0,0,0
2020-08-20T05:35:02.007103Z,2020,8,20,65.240100,22.325600,-11.0,0,6.2,1,sea,0,0,0,0,0,0
2020-08-20T05:36:49.074686Z,2020,8,20,65.415200,22.608700,-5.0,0,3.0,1,sea,0,0,0,0,0,0
2020-08-20T05:38:49.141687Z,2020,8,20,65.085500,22.598400,5.0,0,5.8,1,sea,0,0,0,0,0,0
2020-08-20T05:46:44.336519Z,2020,8,20,65.091100,22.607000,11.0,0,20.6,1,sea,0,0,0,0,0,0
2020-08-20T05:46:44.338313Z,2020,8,20,65.096000,22.623400,7.0,0,5.4,1,sea,0,0,0,0,0,0
2020-08-20T05:46:44.345084Z,2020,8,20,65.090300,22.612600,4.0,0,4.4,1,sea,0,0,0,0,0,0
2020-08-20T05:47:58.321560Z,2020,8,20,65.092800,22.642500,-7.0,0,5.0,1,sea,0,0,0,0,0,0
2020-08-20T05:47:58.331133Z,2020,8,20,65.094600,22.627200,-7.0,0,6.4,1,sea,0,0,0,0,0,0
2020-08-20T05:47:58.336434Z,2020,8,20,65.093000,22.644700,-4.0,0,6.4,1,sea,0,0,0,0,0,0
2020-08-20T05:47:58.343972Z,2020,8,20,65.104800,22.707200,-3.0,0,1.0,1,sea,0,0,0,0,0,0
2020-08-20T05:52:01.034391Z,2020,8,20,65.087500,22.677900,5.0,0,6.6,1,sea,0,0,0,0,0,0
2020-08-20T05:52:01.039237Z,2020,8,20,65.109800,22.660800,5.0,0,6.0,1,sea,0,0,0,0,0,0
2020-08-20T05:52:01.342328Z,2020,8,20,65.257900,22.409200,-3.0,0,1.0,1,sea,0,0,0,0,0,0
2020-08-20T05:52:01.345224Z,2020,8,20,65.177700,22.392400,17.0,0,5.8,1,sea,0,0,0,0,0,0
2020-08-20T05:52:01.356798Z,2020,8,20,65.095600,22.771900,-5.0,0,19.4,1,sea,0,0,0,0,0,0
2020-08-20T05:54:07.683904Z,2020,8,20,65.112200,22.733400,-5.0,0,2.6,1,sea,0,0,0,0,0,0
2020-08-20T05:54:43.564290Z,2020,8,20,65.255300,22.849500,-4.0,0,1.6,1,sea,0,0,0,0,0,0
2020-08-20T05:54:43.564742Z,2020,8,20,65.147600,22.777400,11.0,0,7.6,1,sea,0,0,0,0,0,0
2020-08-20T05:54:43.567150Z,2020,8,20,65.142600,22.742200,3.0,0,11.4,1,sea,0,0,0,0,0,0
2020-08-20T05:55:14.378821Z,2020,8,20,65.299300,22.914900,-9.0,0,14.6,1,sea,0,0,0,0,0,0
2020-08-20T05:55:32.602860Z,2020,8,20,65.155200,22.796700,8.0,0,9.4,1,sea,0,0,0,0,0,0
2020-08-20T05:55:32.604033Z,2020,8,20,65.139300,22.831300,5.0,0,12.0,1,sea,0,0,0,0,0,0
2020-08-20T05:55:32.604978Z,2020,8,20,65.147800,22.807400,4.0,0,6.0,1,sea,0,0,0,0,0,0
2020-08-20T05:56:06.894418Z,2020,8,20,65.146000,22.798400,6.0,0,5.2,1,sea,0,0,0,0,0,0
2020-08-20T05:56:15.434630Z,2020,8,20,65.274400,22.802000,10.0,0,6.4,1,sea,0,0,0,0,0,0
2020-08-20T05:56:59.869150Z,2020,8,20,65.156900,22.841900,12.0,0,4.4,1,sea,0,0,0,0,0,0
2020-08-20T05:56:59.885913Z,2020,8,20,65.183700,22.843500,-3.0,0,2.2,1,sea,0,0,0,0,0,0
2020-08-20T05:57:00.123540Z,2020,8,20,65.145200,22.800800,7.0,0,7.6,1,sea,0,0,0,0,0,0
2020-08-20T05:57:00.127431Z,2020,8,20,65.148400,22.811200,3.0,0,26.8,1,sea,0,0,0,0,0,0
2020-08-20T05:57:06.784777Z,2020,8,20,65.283400,22.803900,4.0,0,2.2,1,sea,0,0,0,0,0,0
2020-08-20T05:57:53.525840Z,2020,8,20,65.107800,22.740800,5.0,0,1.8,1,sea,0,0,0,0,0,0
2020-08-20T05:57:53.744881Z,2020,8,20,65.110200,22.741300,-4.0,0,1.6,1,sea,0,0,0,0,0,0
2020-08-20T05:58:51.675108Z,2020,8,20,65.286900,22.818000,9.0,0,4.2,1,sea,0,0,0,0,0,0
2020-08-20T05:58:52.717801Z,2020,8,20,65.153800,22.789700,7.0,0,3.8,1,sea,0,0,0,0,0,0
2020-08-20T05:58:52.719441Z,2020,8,20,65.155300,22.789400,4.0,0,30.2,1,sea,0,0,0,0,0,0
2020-08-20T05:58:52.720093Z,2020,8,20,65.154400,22.798200,3.0,0,9.4,1,sea,0,0,0,0,0,0
2020-08-20T05:58:52.722342Z,2020,8,20,65.144600,22.804100,3.0,0,2.2,1,sea,0,0,0,0,0,0
2020-08-20T05:59:54.724863Z,2020,8,20,65.151100,22.812800,5.0,0,9.2,1,sea,0,0,0,0,0,0
2020-08-20T06:00:36.546977Z,2020,8,20,65.301200,22.832800,7.0,0,11.6,1,sea,0,0,0,0,0,0
2020-08-20T06:00:36.547484Z,2020,8,20,65.296200,22.818000,5.0,0,3.6,1,sea,0,0,0,0,0,0
2020-08-20T06:00:36.548217Z,2020,8,20,65.298300,22.821800,8.0,0,3.4,1,sea,0,0,0,0,0,0
2020-08-20T06:00:36.549661Z,2020,8,20,65.275900,22.871900,6.0,0,17.4,1,sea,0,0,0,0,0,0
2020-08-20T06:00:36.550251Z,2020,8,20,65.261800,22.844200,3.0,0,2.0,1,sea,0,0,0,0,0,0
2020-08-20T06:01:10.828465Z,2020,8,20,65.230500,22.739800,-7.0,0,2.0,1,sea,0,0,0,0,0,0
2020-08-20T06:01:10.875713Z,2020,8,20,65.171000,22.867800,-9.0,0,3.8,1,sea,0,0,0,0,0,0
2020-08-20T06:01:10.980143Z,2020,8,20,65.230600,22.588000,29.0,0,9.8,1,sea,0,0,0,0,0,0
2020-08-20T06:01:54.938375Z,2020,8,20,65.483200,22.966400,-5.0,0,1.8,1,sea,0,0,0,0,0,0
2020-08-20T06:01:54.939714Z,2020,8,20,65.335500,22.879500,5.0,0,10.8,1,sea,0,0,0,0,0,0
2020-08-20T06:01:54.941312Z,2020,8,20,65.296700,22.853500,7.0,0,24.6,1,sea,0,0,0,0,0,0
2020-08-20T06:01:54.942492Z,2020,8,20,65.309400,22.802200,6.0,0,8.2,1,sea,0,0,0,0,0,0
2020-08-20T06:01:54.943978Z,2020,8,20,65.287800,22.946700,4.0,0,9.0,1,sea,0,0,0,0,0,0
2020-08-20T06:01:54.958904Z,2020,8,20,65.299800,22.839200,9.0,0,10.8,1,sea,0,0,0,0,0,0
2020-08-20T06:02:58.885314Z,2020,8,20,65.160100,22.819700,-6.0,0,10.8,1,sea,0,0,0,0,0,0
2020-08-20T06:03:33.020360Z,2020,8,20,65.291100,23.018900,3.0,0,15.0,1,sea,0,0,0,0,0,0
2020-08-20T06:03:33.078572Z,2020,8,20,65.259600,22.823900,-3.0,0,4.8,1,sea,0,0,0,0,0,0
2020-08-20T06:04:14.361371Z,2020,8,20,65.193400,22.835300,10.0,0,7.2,1,sea,0,0,0,0,0,0
2020-08-20T06:04:14.363429Z,2020,8,20,65.184600,22.834700,4.0,0,4.2,1,sea,0,0,0,0,0,0
2020-08-20T06:05:20.894729Z,2020,8,20,65.181400,22.978200,-36.0,0,6.6,1,sea,0,0,0,0,0,0
2020-08-20T06:05:20.925405Z,2020,8,20,65.180700,22.980000,-22.0,0,2.0,1,sea,0,0,0,0,0,0
2020-08-20T06:05:20.965298Z,2020,8,20,65.184400,22.977600,-23.0,0,9.4,1,sea,0,0,0,0,0,0
2020-08-20T06:05:21.005795Z,2020,8,20,65.185000,22.979500,-17.0,0,11.6,1,sea,0,0,0,0,0,0
2020-08-20T06:05:47.188750Z,2020,8,20,65.298900,22.988300,6.0,0,3.8,1,sea,0,0,0,0,0,0
2020-08-20T06:05:47.195031Z,2020,8,20,65.287500,22.974500,-26.0,0,4.8,1,sea,0,0,0,0,0,0
2020-08-20T06:05:47.207707Z,2020,8,20,65.302700,22.996600,-5.0,0,12.0,1,sea,0,0,0,0,0,0
2020-08-20T06:05:47.226411Z,2020,8,20,65.302100,22.955900,-15.0,0,5.6,1,sea,0,0,0,0,0,0
2020-08-20T06:06:11.341013Z,2020,8,20,65.164600,22.973200,5.0,0,5.6,1,sea,0,0,0,0,0,0
2020-08-20T06:06:55.304033Z,2020,8,20,65.217300,22.929300,7.0,0,21.2,1,sea,0,0,0,0,0,0
2020-08-20T06:06:55.305883Z,2020,8,20,65.226300,22.932700,4.0,0,6.4,1,sea,0,0,0,0,0,0
2020-08-20T06:06:55.322098Z,2020,8,20,65.212800,22.912300,9.0,0,12.6,1,sea,0,0,0,0,0,0
2020-08-20T06:06:55.356232Z,2020,8,20,65.164000,22.838900,-5.0,0,3.8,1,sea,0,0,0,0,0,0
2020-08-20T06:07:26.314563Z,2020,8,20,65.310900,22.917700,6.0,0,2.0,1,sea,0,0,0,0,0,0
2020-08-20T06:08:25.189138Z,2020,8,20,65.226800,22.976500,8.0,0,10.0,1,sea,0,0,0,0,0,0
2020-08-20T06:08:25.259750Z,2020,8,20,65.188200,22.996900,-4.0,0,6.0,1,sea,0,0,0,0,0,0
2020-08-20T06:08:25.437073Z,2020,8,20,65.207000,22.935700,-5.0,0,6.8,1,sea,0,0,0,0,0,0
2020-08-20T06:08:26.231028Z,2020,8,20,65.278400,22.608700,-4.0,0,1.0,1,sea,0,0,0,0,0,0
2020-08-20T06:08:26.260288Z,2020,8,20,65.277100,22.606700,-5.0,0,1.4,1,sea,0,0,0,0,0,0
2020-08-20T06:08:26.287093Z,2020,8,20,65.277000,22.606100,-5.0,0,1.4,1,sea,0,0,0,0,0,0
2020-08-20T06:10:22.967274Z,2020,8,20,65.238600,22.993800,-11.0,0,5.0,1,sea,0,0,0,0,0,0
2020-08-20T06:10:22.971640Z,2020,8,20,65.243500,22.980800,-48.0,0,12.8,1,sea,0,0,0,0,0,0
2020-08-20T06:10:22.980617Z,2020,8,20,65.241000,22.981000,-7.0,0,18.0,1,sea,0,0,0,0,0,0
2020-08-20T06:10:22.989842Z,2020,8,20,65.240000,22.952100,-20.0,0,12.8,1,sea,0,0,0,0,0,0
2020-08-20T06:10:23.012880Z,2020,8,20,65.234500,22.961700,-14.0,0,6.6,1,sea,0,0,0,0,0,0
2020-08-20T06:10:23.013879Z,2020,8,20,65.252100,22.980900,-6.0,0,3.0,1,sea,0,0,0,0,0,0
2020-08-20T06:10:23.418806Z,2020,8,20,65.234900,22.962300,-16.0,0,6.0,1,sea,0,0,0,0,0,0
2020-08-20T06:11:14.273795Z,2020,8,20,65.228000,23.017700,8.0,0,25.0,1,sea,0,0,0,0,0,0
2020-08-20T06:12:40.347159Z,2020,8,20,65.250600,22.617100,-5.0,0,2.2,1,sea,0,0,0,0,0,0
2020-08-20T06:14:48.781052Z,2020,8,20,65.244800,23.077900,5.0,0,26.4,1,sea,0,0,0,0,0,0
2020-08-20T06:14:49.056725Z,2020,8,20,65.312500,22.956200,4.0,0,7.0,1,sea,0,0,0,0,0,0
2020-08-20T06:16:49.279532Z,2020,8,20,65.291100,22.998100,6.0,0,3.6,1,sea,0,0,0,0,0,0
2020-08-20T06:16:49.280422Z,2020,8,20,65.317300,23.109500,4.0,0,5.2,1,sea,0,0,0,0,1,1
2020-08-20T06:16:49.286497Z,2020,8,20,65.296100,22.999400,-49.0,0,8.4,1,sea,0,0,0,0,0,0
2020-08-20T06:16:49.325814Z,2020,8,20,65.295300,23.023900,-7.0,0,1.4,1,sea,0,0,0,0,0,0
2020-08-20T06:18:08.779324Z,2020,8,20,65.422200,22.756200,4.0,0,8.4,1,sea,0,0,0,0,0,0
2020-08-20T06:23:29.668982Z,2020,8,20,65.311100,23.099900,-19.0,0,20.2,1,sea,0,0,0,0,0,1
2020-08-20T06:23:30.105601Z,2020,8,20,65.327300,23.079000,-52.0,0,15.8,1,sea,0,0,0,0,0,0
2020-08-20T07:37:21.878108Z,2020,8,20,65.304200,22.877900,-12.0,0,3.2,1,sea,0,0,0,0,0,0
2020-08-20T07:41:37.565948Z,2020,8,20,65.296400,23.010700,-4.0,0,1.0,1,sea,0,0,0,0,0,0
2020-08-20T07:45:40.189526Z,2020,8,20,65.311600,23.112500,4.0,0,8.2,1,sea,0,0,0,0,1,1
2020-08-20T07:51:36.906498Z,2020,8,20,65.333500,23.096000,8.0,0,9.4,1,sea,0,0,0,0,1,1
2020-08-20T07:51:36.913707Z,2020,8,20,65.329500,23.101100,4.0,0,1.8,1,sea,0,0,0,0,1,1
2020-08-20T13:54:40.186634Z,2020,8,20,65.548800,21.596900,6.0,0,12.0,1,mainland,0,0,0,0,0,1
2020-08-20T13:58:53.011043Z,2020,8,20,65.599600,21.614700,8.0,0,30.2,1,mainland,0,0,0,0,0,0
2020-08-20T13:58:53.013631Z,2020,8,20,65.329900,22.047600,7.0,0,2.0,1,sea,0,0,0,0,0,0
2020-08-20T13:58:53.024989Z,2020,8,20,65.429800,21.872600,5.0,0,9.4,1,mainland,0,0,0,0,1,1
2020-08-20T13:59:19.438770Z,2020,8,20,65.676000,21.538900,-5.0,0,6.6,1,mainland,0,0,0,0,0,0
2020-08-20T14:02:32.002504Z,2020,8,20,65.280700,22.198700,4.0,0,1.4,1,sea,0,0,0,0,0,0
2020-08-20T14:05:09.684664Z,2020,8,20,65.436900,21.918500,4.0,0,4.0,1,sea,1,1,1,0,0,0
2020-08-20T14:05:36.297519Z,2020,8,20,65.589900,21.497100,5.0,0,1.6,1,mainland,0,0,0,1,1,1
2020-08-20T14:05:36.298900Z,2020,8,20,65.592900,21.496900,5.0,0,2.8,1,mainland,0,0,0,0,1,1
2020-08-20T14:05:36.570344Z,2020,8,20,65.592500,21.503000,5.0,0,2.8,1,mainland,0,0,0,0,0,1
2020-08-20T14:05:36.620951Z,2020,8,20,65.418100,21.925100,5.0,0,1.6,1,sea,1,1,1,0,0,0
2020-08-20T14:06:33.004771Z,2020,8,20,65.594800,21.511700,5.0,0,2.0,1,mainland,0,0,0,0,0,0
2020-08-20T14:06:33.013583Z,2020,8,20,65.598400,21.499100,7.0,0,6.0,1,mainland,0,0,0,0,0,1
2020-08-20T14:08:40.193097Z,2020,8,20,65.615200,21.518200,4.0,0,5.6,1,mainland,0,0,0,0,0,0
2020-08-20T14:08:40.194088Z,2020,8,20,65.616300,21.505100,7.0,0,13.2,1,mainland,0,0,0,0,0,0
2020-08-20T14:08:40.195344Z,2020,8,20,65.396600,22.039700,5.0,0,1.6,1,sea,0,1,1,0,0,0
2020-08-20T14:08:40.195918Z,2020,8,20,65.497900,21.798500,5.0,0,2.4,1,mainland,0,0,0,0,0,0
2020-08-20T14:10:17.671733Z,2020,8,20,65.623600,21.521100,6.0,0,5.8,1,mainland,0,0,0,0,0,0
2020-08-20T14:10:17.672485Z,2020,8,20,65.623600,21.522100,8.0,0,10.8,1,mainland,0,0,0,0,0,0
2020-08-20T14:10:17.673641Z,2020,8,20,65.624500,21.528600,24.0,0,30.2,1,mainland,0,0,0,0,0,0
2020-08-20T14:10:17.685035Z,2020,8,20,65.622800,21.550200,3.0,0,3.0,1,mainland,0,0,0,0,0,0
2020-08-20T14:10:18.002359Z,2020,8,20,65.465000,22.303900,-5.0,0,1.4,1,sea,1,1,1,0,0,0
2020-08-20T14:11:57.213007Z,2020,8,20,65.613600,21.575900,9.0,0,13.2,1,mainland,0,0,0,0,0,0
2020-08-20T14:11:57.213793Z,2020,8,20,65.630600,21.525100,6.0,0,4.4,1,mainland,0,0,0,0,0,0
2020-08-20T14:11:57.215714Z,2020,8,20,65.436600,21.979000,6.0,0,1.8,1,mainland,0,0,1,0,0,0
2020-08-20T14:11:57.484429Z,2020,8,20,65.656300,21.638700,7.0,0,25.6,1,mainland,0,0,0,0,0,0
2020-08-20T14:14:16.702661Z,2020,8,20,65.286700,22.335200,4.0,0,2.0,1,sea,0,0,0,0,0,0
2020-08-20T14:14:16.704758Z,2020,8,20,65.617700,21.546100,6.0,0,29.8,1,mainland,0,0,0,0,0,0
2020-08-20T14:16:35.659960Z,2020,8,20,65.652800,21.585400,7.0,0,2.8,1,inland_water,0,0,0,0,0,0
2020-08-20T14:16:35.662597Z,2020,8,20,65.655200,21.594100,8.0,0,3.8,1,inland_water,0,0,0,0,0,0
2020-08-20T14:16:35.669887Z,2020,8,20,65.652000,21.572300,7.0,0,3.8,1,mainland,0,0,0,0,0,0
2020-08-20T14:16:36.122551Z,2020,8,20,65.658000,21.544400,-6.0,0,16.8,1,mainland,0,0,0,0,0,0
2020-08-20T14:18:55.511849Z,2020,8,20,65.555000,21.889100,9.0,0,1.6,1,mainland,0,0,0,0,0,0
2020-08-20T14:18:55.512714Z,2020,8,20,65.667500,21.631700,14.0,0,9.2,1,mainland,0,0,0,0,1,1
2020-08-20T14:23:40.849534Z,2020,8,20,65.379100,22.127300,14.0,0,14.0,1,sea,0,0,0,0,0,0
2020-08-20T14:28:39.236277Z,2020,8,20,65.649500,21.554200,-5.0,0,15.6,1,mainland,0,0,0,0,0,0
2020-08-20T14:30:07.015301Z,2020,8,20,65.196300,22.241900,4.0,0,1.4,1,sea,0,0,0,0,1,1
2020-08-20T14:30:07.358539Z,2020,8,20,65.523600,21.677700,6.0,0,1.6,1,mainland,0,0,0,0,0,0
2020-08-20T14:31:10.708798Z,2020,8,20,65.335300,22.105000,5.0,0,29.0,1,sea,0,0,1,0,0,0
2020-08-20T14:31:26.595173Z,2020,8,20,65.286200,22.184800,4.0,0,1.6,1,sea,0,0,0,0,0,0
2020-08-20T14:35:01.103241Z,2020,8,20,65.258000,22.127800,6.0,0,30.2,1,sea,0,0,0,1,1,1
2020-08-20T14:35:26.234253Z,2020,8,20,65.223500,22.210600,4.0,0,1.8,1,sea,0,0,0,0,0,1
2020-08-20T14:39:59.590637Z,2020,8,20,65.248800,22.192400,7.0,0,1.6,1,sea,0,0,0,0,0,0
2020-08-20T14:40:10.507228Z,2020,8,20,65.318800,22.040300,5.0,0,2.0,1,sea,0,0,0,0,0,1
2020-08-20T14:40:56.683489Z,2020,8,20,65.654800,21.959600,6.0,0,5.6,1,mainland,0,0,0,0,0,0
2020-08-20T14:40:56.684182Z,2020,8,20,65.659200,22.072000,6.0,0,17.4,1,mainland,0,0,0,0,0,0
2020-08-20T14:40:56.906775Z,2020,8,20,65.676300,21.944900,11.0,0,6.0,1,mainland,0,0,0,0,0,0
2020-08-20T14:41:03.073763Z,2020,8,20,65.274800,22.161300,5.0,0,4.4,1,sea,0,0,0,0,0,0
2020-08-20T14:41:35.398699Z,2020,8,20,65.319200,22.030100,5.0,0,1.0,1,sea,0,0,0,0,0,1
2020-08-20T14:42:40.774251Z,2020,8,20,65.337300,22.024400,4.0,0,5.8,1,sea,0,0,1,0,0,0
2020-08-20T14:42:50.196620Z,2020,8,20,65.296200,22.098600,4.0,0,2.4,1,sea,0,0,0,0,0,0
2020-08-20T14:44:11.682564Z,2020,8,20,65.714700,22.074800,6.0,0,6.6,1,mainland,0,0,0,0,0,0
2020-08-20T14:44:11.683451Z,2020,8,20,65.727600,22.081200,5.0,0,6.6,1,mainland,0,0,0,0,0,0
2020-08-20T14:44:12.128281Z,2020,8,20,65.710400,22.094700,-5.0,0,13.8,1,mainland,0,0,0,0,0,0
2020-08-20T14:44:56.052872Z,2020,8,20,65.652800,22.013900,7.0,0,6.0,1,mainland,0,0,0,0,0,0
2020-08-20T14:46:58.364178Z,2020,8,20,65.308000,22.119600,5.0,0,1.4,1,sea,0,0,0,0,0,0
2020-08-20T14:47:08.855355Z,2020,8,20,65.739100,21.999800,15.0,0,6.0,1,mainland,0,0,0,0,0,0
2020-08-20T14:47:12.422890Z,2020,8,20,65.602200,21.709300,4.0,0,4.0,1,mainland,0,0,0,0,0,0
2020-08-20T14:47:41.810698Z,2020,8,20,65.282200,22.182400,6.0,0,3.4,1,sea,0,0,0,0,0,0
2020-08-20T14:47:42.124949Z,2020,8,20,65.554600,21.612700,6.0,0,6.8,1,mainland,0,0,0,0,0,0
2020-08-20T14:48:09.657164Z,2020,8,20,65.363800,22.013500,5.0,0,2.0,1,sea,0,1,1,0,0,0
2020-08-20T14:48:24.911315Z,2020,8,20,65.523400,21.639400,7.0,0,6.0,1,mainland,0,0,0,1,1,1
2020-08-20T14:48:32.638962Z,2020,8,20,65.417500,22.558800,4.0,0,1.6,1,sea,0,0,0,0,0,0
2020-08-20T14:48:32.641521Z,2020,8,20,65.674900,22.054600,6.0,0,2.2,1,mainland,0,0,0,0,0,0
2020-08-20T14:48:46.547302Z,2020,8,20,65.297900,22.192500,5.0,0,1.6,1,sea,0,0,0,0,0,0
2020-08-20T14:48:46.581622Z,2020,8,20,65.342500,22.025300,4.0,0,2.0,1,sea,0,1,1,0,0,0
2020-08-20T14:50:20.113138Z,2020,8,20,65.350800,22.158800,5.0,0,2.0,1,sea,0,0,0,0,0,0
2020-08-20T14:50:56.109214Z,2020,8,20,65.642200,22.410500,6.0,0,7.8,1,sea,1,1,1,0,0,0
2020-08-20T14:51:02.288232Z,2020,8,20,65.560200,21.712200,4.0,0,29.8,1,mainland,0,0,0,0,0,0
2020-08-20T14:51:16.077448Z,2020,8,20,65.545100,21.716000,7.0,0,2.2,1,mainland,0,0,0,0,0,0
2020-08-20T14:51:31.549530Z,2020,8,20,65.549600,21.719100,7.0,0,3.2,1,mainland,0,0,0,0,0,0
2020-08-20T14:51:52.846803Z,2020,8,20,65.543100,21.740800,6.0,0,5.0,1,mainland,0,0,0,0,0,0
2020-08-20T14:52:09.279620Z,2020,8,20,65.555300,21.791200,13.0,0,8.6,1,mainland,0,0,0,0,0,0
2020-08-20T14:52:09.279626Z,2020,8,20,65.546800,21.725000,11.0,0,7.0,1,mainland,0,0,0,0,0,0
2020-08-20T14:52:32.875490Z,2020,8,20,65.535300,21.773200,-15.0,0,14.4,1,mainland,0,0,0,0,0,0
2020-08-20T14:52:32.878058Z,2020,8,20,65.548800,21.723900,5.0,0,3.4,1,mainland,0,0,0,0,0,0
2020-08-20T14:53:08.104598Z,2020,8,20,65.539600,21.756500,14.0,0,23.8,1,mainland,0,0,0,0,0,0
2020-08-20T14:53:08.119750Z,2020,8,20,65.549300,21.710700,9.0,0,4.6,1,mainland,0,0,0,0,0,0
2020-08-20T14:53:08.120117Z,2020,8,20,65.551600,21.722600,10.0,0,24.4,1,mainland,0,0,0,0,0,0
2020-08-20T14:53:42.980464Z,2020,8,20,65.558300,21.743300,17.0,0,26.2,1,mainland,0,0,0,0,0,0
2020-08-20T14:53:42.993820Z,2020,8,20,65.555200,21.751200,8.0,0,3.4,1,mainland,0,0,0,0,0,0
2020-08-20T14:53:43.004567Z,2020,8,20,65.548300,21.814400,6.0,0,5.4,1,mainland,0,0,0,0,0,0
2020-08-20T14:53:43.006015Z,2020,8,20,65.558700,21.733300,7.0,0,10.0,1,mainland,0,0,0,0,0,0
2020-08-20T14:53:58.317794Z,2020,8,20,65.809700,22.367500,-14.0,0,3.6,1,sea,1,1,1,0,0,0
2020-08-20T14:54:15.551358Z,2020,8,20,65.552200,21.743200,18.0,0,9.6,1,mainland,0,0,0,0,0,0
2020-08-20T14:54:15.571756Z,2020,8,20,65.555400,21.753100,7.0,0,26.4,1,mainland,0,0,0,0,0,0
2020-08-20T14:54:52.385701Z,2020,8,20,65.553600,21.716400,10.0,0,8.8,1,mainland,0,0,0,0,0,0
2020-08-20T14:54:52.400559Z,2020,8,20,65.558400,21.774800,5.0,0,5.2,1,mainland,0,0,0,0,0,0
2020-08-20T14:54:52.402625Z,2020,8,20,65.564100,21.759000,6.0,0,4.6,1,mainland,0,0,0,0,0,0
2020-08-20T14:54:52.403689Z,2020,8,20,65.574300,21.787000,-15.0,0,14.4,1,mainland,0,0,0,0,0,0
2020-08-20T14:54:52.415197Z,2020,8,20,65.562300,21.770300,7.0,0,7.2,1,mainland,0,0,0,0,0,0
2020-08-20T14:55:26.398875Z,2020,8,20,65.557200,21.740800,9.0,0,18.4,1,mainland,0,0,0,0,0,0
2020-08-20T14:55:26.398887Z,2020,8,20,65.554900,21.792800,4.0,0,14.8,1,mainland,0,0,0,0,0,0
2020-08-20T14:56:21.837223Z,2020,8,20,65.340900,22.263400,5.0,0,1.4,1,sea,0,0,0,0,0,0
2020-08-20T14:56:43.375828Z,2020,8,20,65.746700,22.202300,7.0,0,2.0,1,mainland,0,0,0,0,0,0
2020-08-20T14:56:43.391105Z,2020,8,20,65.751300,22.192600,7.0,0,14.4,1,mainland,0,0,0,0,0,0
2020-08-20T14:56:56.928614Z,2020,8,20,65.230500,22.538100,5.0,0,7.4,1,sea,0,0,0,0,0,0
2020-08-20T14:56:56.929597Z,2020,8,20,65.565200,21.782500,5.0,0,3.2,1,mainland,0,0,0,0,0,0
2020-08-20T14:56:56.945682Z,2020,8,20,65.429300,22.091400,5.0,0,1.4,1,sea,0,0,1,0,0,0
2020-08-20T14:56:56.951269Z,2020,8,20,65.541000,21.814600,9.0,0,20.2,1,mainland,0,0,0,0,0,0
2020-08-20T14:56:56.959269Z,2020,8,20,65.530600,21.812100,10.0,0,24.2,1,mainland,0,0,0,0,0,0
2020-08-20T14:56:56.966265Z,2020,8,20,65.554200,21.775900,4.0,0,3.2,1,mainland,0,0,0,0,0,0
2020-08-20T14:57:19.152810Z,2020,8,20,65.564300,21.828400,7.0,0,7.2,1,mainland,0,0,0,0,0,0
2020-08-20T14:57:53.899595Z,2020,8,20,65.549500,21.787300,5.0,0,5.4,1,mainland,0,0,0,0,0,0
2020-08-20T14:57:53.901434Z,2020,8,20,65.546600,21.773200,5.0,0,2.0,1,mainland,0,0,0,0,0,0
2020-08-20T14:58:24.530286Z,2020,8,20,65.557300,21.796200,6.0,0,13.2,1,mainland,0,0,0,0,0,0
2020-08-20T14:58:24.531435Z,2020,8,20,65.399100,22.165500,5.0,0,2.0,1,sea,0,0,1,0,0,0
2020-08-20T14:58:24.532067Z,2020,8,20,65.312700,22.355700,6.0,0,3.0,1,sea,0,1,1,0,0,0
2020-08-20T14:58:24.534425Z,2020,8,20,65.565100,21.804400,6.0,0,9.2,1,mainland,0,0,0,0,0,0
2020-08-20T14:58:24.540889Z,2020,8,20,65.409000,22.152800,6.0,0,6.4,1,sea,0,0,1,0,0,0
2020-08-20T14:58:24.546101Z,2020,8,20,65.564500,21.762400,9.0,0,11.4,1,mainland,0,0,0,0,0,0
2020-08-20T14:58:24.546107Z,2020,8,20,65.565600,21.798800,6.0,0,9.4,1,mainland,0,0,0,0,0,0
2020-08-20T14:58:49.661343Z,2020,8,20,65.564700,21.832800,6.0,0,11.0,1,mainland,0,0,0,0,0,0
2020-08-20T14:59:33.734804Z,2020,8,20,65.511900,21.962000,5.0,0,2.0,1,islands,1,1,1,0,0,0
2020-08-20T14:59:59.084353Z,2020,8,20,65.360800,22.281400,6.0,0,1.6,1,sea,0,0,0,0,0,0
2020-08-20T14:59:59.092860Z,2020,8,20,65.568900,21.826100,6.0,0,5.8,1,mainland,0,0,0,0,0,0
2020-08-20T14:59:59.097084Z,2020,8,20,65.566700,21.820000,6.0,0,4.6,1,mainland,0,0,0,0,0,0
2020-08-20T14:59:59.097482Z,2020,8,20,65.628500,21.684000,8.0,0,22.0,1,mainland,0,0,0,0,0,0
2020-08-20T14:59:59.101913Z,2020,8,20,65.561800,21.819200,3.0,0,2.6,1,mainland,0,0,0,0,0,0
2020-08-20T14:59:59.110792Z,2020,8,20,65.568800,21.824300,6.0,0,2.6,1,mainland,0,0,0,0,0,0
2020-08-20T15:00:27.860165Z,2020,8,20,65.571900,21.843600,8.0,0,5.2,1,mainland,0,0,0,0,0,0
2020-08-20T15:00:27.875071Z,2020,8,20,65.565500,21.837400,5.0,0,2.8,1,mainland,0,0,0,0,0,0
2020-08-20T15:01:08.549365Z,2020,8,20,65.549700,21.608600,5.0,0,1.6,1,mainland,0,0,0,0,0,0
2020-08-20T15:01:08.550015Z,2020,8,20,65.571500,21.891200,7.0,0,30.2,1,mainland,0,0,0,0,0,0
2020-08-20T15:01:08.564039Z,2020,8,20,65.347000,22.365800,4.0,0,1.4,1,sea,0,0,0,0,0,0
2020-08-20T15:01:08.850801Z,2020,8,20,65.554600,21.843100,-14.0,0,8.4,1,mainland,0,0,0,0,0,0
2020-08-20T15:01:37.263378Z,2020,8,20,65.576600,21.842500,7.0,0,2.2,1,mainland,0,0,0,0,0,0
2020-08-20T15:01:37.263870Z,2020,8,20,65.485500,22.046900,6.0,0,5.2,1,sea,0,1,1,0,0,0
2020-08-20T15:01:37.264313Z,2020,8,20,65.396100,22.241100,5.0,0,12.0,1,sea,0,0,0,0,0,0
2020-08-20T15:01:37.264463Z,2020,8,20,65.370100,22.294600,6.0,0,1.6,1,sea,0,0,0,0,0,0
2020-08-20T15:01:37.275540Z,2020,8,20,65.414700,22.195000,4.0,0,23.6,1,sea,0,0,0,0,0,0
2020-08-20T15:01:37.276153Z,2020,8,20,65.440900,22.188400,4.0,0,6.4,1,islands,0,0,0,0,0,0
2020-08-20T15:02:01.905535Z,2020,8,20,65.774600,22.271600,-21.0,0,4.0,1,mainland,0,0,1,0,0,0
2020-08-20T15:02:01.907023Z,2020,8,20,65.791200,22.293200,7.0,0,9.0,1,mainland,0,0,0,0,0,0
2020-08-20T15:02:01.908087Z,2020,8,20,65.776300,22.303400,11.0,0,19.0,1,sea,0,1,1,0,0,0
2020-08-20T15:02:01.908828Z,2020,8,20,65.776800,22.294800,9.0,0,10.0,1,mainland,1,1,1,0,0,0
2020-08-20T15:02:01.963714Z,2020,8,20,65.792400,22.166800,37.0,0,11.4,1,mainland,0,0,0,0,0,0
2020-08-20T15:02:12.647519Z,2020,8,20,65.589900,21.948600,6.0,0,13.2,1,mainland,0,0,0,0,0,0
2020-08-20T15:02:12.649210Z,2020,8,20,65.586100,21.892400,7.0,0,7.6,1,mainland,0,0,0,0,0,0
2020-08-20T15:02:12.658841Z,2020,8,20,65.576700,21.868100,8.0,0,3.2,1,mainland,0,0,0,0,0,0
2020-08-20T15:02:42.045356Z,2020,8,20,65.347300,22.405600,7.0,0,1.6,1,sea,0,0,0,0,0,0
2020-08-20T15:02:42.059002Z,2020,8,20,65.580300,21.881100,7.0,0,3.0,1,mainland,0,0,0,0,0,0
2020-08-20T15:02:42.067014Z,2020,8,20,65.591900,21.899700,5.0,0,30.2,1,mainland,0,0,0,0,0,0
2020-08-20T15:03:07.854347Z,2020,8,20,65.578000,21.885100,9.0,0,6.0,1,mainland,0,0,0,0,0,0
2020-08-20T15:03:07.859519Z,2020,8,20,65.471100,22.139400,5.0,0,1.4,1,islands,1,1,1,0,0,0
2020-08-20T15:03:07.861375Z,2020,8,20,65.454400,22.163200,5.0,0,1.8,1,islands,0,1,1,0,0,0
2020-08-20T15:03:31.424887Z,2020,8,20,65.438400,22.196300,4.0,0,1.4,1,islands,0,0,1,0,0,0
2020-08-20T15:03:56.047269Z,2020,8,20,65.423700,22.256700,7.0,0,14.8,1,sea,0,0,0,0,0,0
2020-08-20T15:03:56.047341Z,2020,8,20,65.546300,21.992800,11.0,0,3.6,1,other,0,0,0,0,0,0
2020-08-20T15:03:56.057965Z,2020,8,20,65.588300,21.894600,5.0,0,16.8,1,mainland,0,0,0,0,0,0
2020-08-20T15:03:56.058711Z,2020,8,20,65.586800,21.898200,9.0,0,3.8,1,mainland,0,0,0,0,0,0
2020-08-20T15:04:35.661303Z,2020,8,20,65.588800,21.899300,11.0,0,11.4,1,mainland,0,0,0,0,0,0
2020-08-20T15:04:35.682627Z,2020,8,20,65.583600,21.889500,6.0,0,6.4,1,mainland,0,0,0,0,0,0
2020-08-20T15:05:03.699605Z,2020,8,20,65.593300,21.911300,6.0,0,2.6,1,mainland,0,0,0,0,0,0
2020-08-20T15:05:03.700214Z,2020,8,20,65.611600,21.920800,7.0,0,17.0,1,mainland,0,0,0,0,0,0
2020-08-20T15:05:03.701436Z,2020,8,20,65.468300,22.190200,6.0,0,2.0,1,islands,1,1,1,0,0,0
2020-08-20T15:05:28.443751Z,2020,8,20,65.513300,22.091300,7.0,0,2.0,1,islands,1,1,1,0,0,0
2020-08-20T15:05:28.566923Z,2020,8,20,65.470300,22.061900,-5.0,0,1.4,1,sea,0,0,1,0,0,0
2020-08-20T15:05:55.387251Z,2020,8,20,65.580900,21.938300,6.0,0,2.6,1,mainland,0,0,0,0,0,0
2020-08-20T15:05:55.418361Z,2020,8,20,65.591000,21.907700,5.0,0,4.0,1,mainland,0,0,0,0,0,0
2020-08-20T15:05:55.432439Z,2020,8,20,65.589600,21.915400,5.0,0,16.8,1,mainland,0,0,0,0,0,0
2020-08-20T15:06:10.469752Z,2020,8,20,65.363000,22.372600,-4.0,0,5.2,1,sea,0,0,0,0,0,0
2020-08-20T15:06:10.479138Z,2020,8,20,65.336000,22.450400,-4.0,0,2.0,1,sea,0,0,0,0,0,0
2020-08-20T15:06:10.482016Z,2020,8,20,65.585100,21.935700,-5.0,0,6.4,1,inland_water,0,0,0,0,0,0
2020-08-20T15:06:10.518170Z,2020,8,20,65.580700,21.969900,-5.0,0,5.0,1,mainland,0,0,0,0,0,0
2020-08-20T15:06:44.422865Z,2020,8,20,65.586100,21.929900,14.0,0,30.2,1,inland_water,0,0,0,0,0,0
2020-08-20T15:06:44.424719Z,2020,8,20,65.432200,22.269100,4.0,0,1.4,1,sea,1,1,1,0,0,0
2020-08-20T15:06:44.427148Z,2020,8,20,65.403000,22.336000,5.0,0,1.6,1,sea,0,0,0,0,0,0
2020-08-20T15:06:44.449215Z,2020,8,20,65.567400,22.094000,7.0,0,12.4,1,inland_water,0,0,0,0,0,0
2020-08-20T15:06:44.450562Z,2020,8,20,65.521500,22.067400,4.0,0,8.0,1,mainland,1,1,1,0,0,0
2020-08-20T15:07:14.801680Z,2020,8,20,65.607500,21.924000,11.0,0,30.2,1,mainland,0,0,0,0,0,0
2020-08-20T15:08:40.587625Z,2020,8,20,65.616800,21.984500,7.0,0,4.2,1,inland_water,0,0,0,0,0,0
2020-08-20T15:08:40.588141Z,2020,8,20,65.430700,22.550800,7.0,0,21.8,1,sea,0,0,0,0,0,0
2020-08-20T15:08:40.588709Z,2020,8,20,65.610400,21.991400,6.0,0,2.0,1,inland_water,0,0,0,0,0,0
2020-08-20T15:08:40.589004Z,2020,8,20,65.612800,21.989800,9.0,0,8.4,1,inland_water,0,0,0,0,0,0
2020-08-20T15:08:40.590042Z,2020,8,20,65.609300,22.010400,7.0,0,4.0,1,inland_water,0,0,0,0,0,0
2020-08-20T15:08:40.599092Z,2020,8,20,65.502200,22.219700,5.0,0,1.6,1,sea,1,1,1,0,0,0
2020-08-20T15:08:40.604694Z,2020,8,20,65.602500,21.965600,5.0,0,2.2,1,mainland,0,0,0,0,0,0
2020-08-20T15:08:40.605390Z,2020,8,20,65.591300,21.956100,9.0,0,16.6,1,mainland,0,0,0,0,0,0
2020-08-20T15:08:40.617055Z,2020,8,20,65.610300,21.953800,-6.0,0,5.0,1,mainland,0,0,0,0,0,0
2020-08-20T15:08:40.816274Z,2020,8,20,65.868000,22.394900,58.0,0,16.8,1,mainland,0,0,1,0,0,0
2020-08-20T15:08:40.841753Z,2020,8,20,65.914600,22.403800,-10.0,0,6.0,1,mainland,0,0,0,0,0,0
2020-08-20T15:09:24.759876Z,2020,8,20,65.428500,22.378900,4.0,0,1.4,1,sea,0,1,1,0,0,0
2020-08-20T15:10:07.395447Z,2020,8,20,65.401500,22.414800,4.0,0,3.0,1,sea,0,0,0,0,0,0
2020-08-20T15:11:04.786726Z,2020,8,20,65.647600,22.000400,4.0,0,15.6,1,mainland,0,0,0,0,0,0
2020-08-20T15:11:04.833040Z,2020,8,20,65.441600,22.363000,5.0,0,2.0,1,islands,0,0,1,0,0,0
2020-08-20T15:12:27.687046Z,2020,8,20,65.534800,21.858800,-11.0,0,8.2,1,mainland,1,1,1,0,0,0
2020-08-20T15:14:15.773380Z,2020,8,20,65.537100,21.791200,6.0,0,1.8,1,mainland,0,0,0,0,0,0
2020-08-20T15:14:44.651052Z,2020,8,20,65.632400,22.019400,7.0,0,5.8,1,mainland,0,0,0,0,0,0
2020-08-20T15:14:44.653437Z,2020,8,20,65.625500,22.027100,7.0,0,3.2,1,mainland,0,0,0,0,0,0
2020-08-20T15:14:44.666143Z,2020,8,20,65.625500,22.032500,5.0,0,2.6,1,mainland,0,0,0,0,0,0
2020-08-20T15:14:44.666611Z,2020,8,20,65.630900,22.027800,11.0,0,18.0,1,mainland,0,0,0,0,0,0
2020-08-20T15:14:44.667133Z,2020,8,20,65.618100,22.066300,10.0,0,10.2,1,mainland,1,1,1,0,0,0
2020-08-20T15:14:44.674756Z,2020,8,20,65.629000,22.069500,5.0,0,11.4,1,inland_water,0,0,0,0,0,0
2020-08-20T15:14:44.706455Z,2020,8,20,65.502200,22.370700,-4.0,0,1.6,1,sea,1,1,1,0,0,0
2020-08-20T15:16:13.520282Z,2020,8,20,65.450700,22.408800,4.0,0,1.2,1,islands,1,1,1,0,0,0
2020-08-20T15:17:22.902640Z,2020,8,20,65.637000,22.077600,6.0,0,4.4,1,inland_water,0,0,0,0,0,0
2020-08-20T15:17:47.961185Z,2020,8,20,65.567600,21.888200,-5.0,0,1.6,1,mainland,0,0,0,0,0,0
2020-08-20T15:19:03.082384Z,2020,8,20,65.641900,22.098700,6.0,0,1.6,1,mainland,0,0,0,0,0,0
2020-08-20T15:19:03.083829Z,2020,8,20,65.641800,22.094200,12.0,0,6.6,1,mainland,0,0,0,0,0,0
2020-08-20T15:19:03.094634Z,2020,8,20,65.633900,22.082500,7.0,0,24.6,1,inland_water,0,0,0,0,0,0
2020-08-20T15:19:03.112781Z,2020,8,20,65.586700,22.352600,4.0,0,3.8,1,sea,1,1,1,0,0,0
2020-08-20T15:19:03.116004Z,2020,8,20,65.633800,22.110200,5.0,0,5.0,1,mainland,0,0,0,0,0,0
2020-08-20T15:19:25.430944Z,2020,8,20,65.528500,22.330700,4.0,0,1.6,1,sea,0,1,1,0,0,0
2020-08-20T15:20:56.217282Z,2020,8,20,65.644600,22.116400,7.0,0,5.8,1,mainland,0,0,0,0,0,0
2020-08-20T15:20:56.219131Z,2020,8,20,65.644300,22.107000,6.0,0,9.0,1,mainland,0,0,0,0,0,0
2020-08-20T15:21:37.540974Z,2020,8,20,65.559300,21.841100,4.0,0,3.4,1,mainland,0,0,0,0,0,0
2020-08-20T15:22:23.201583Z,2020,8,20,65.556100,21.850300,-5.0,0,30.2,1,mainland,0,0,0,0,0,0
2020-08-20T15:22:23.257909Z,2020,8,20,65.554900,21.837900,-6.0,0,3.2,1,mainland,0,0,0,0,0,0
2020-08-20T15:22:45.309672Z,2020,8,20,65.298200,22.821800,5.0,0,2.2,1,sea,0,0,0,0,0,0
2020-08-20T15:23:16.176814Z,2020,8,20,65.659200,22.149900,5.0,0,2.8,1,mainland,0,0,0,0,0,0
2020-08-20T15:23:47.213551Z,2020,8,20,65.652600,22.153000,5.0,0,8.2,1,mainland,0,0,0,0,0,0
2020-08-20T15:23:47.219126Z,2020,8,20,65.690900,22.190400,7.0,0,20.0,1,mainland,0,0,0,0,0,0
2020-08-20T15:24:37.633887Z,2020,8,20,65.816500,22.508000,18.0,0,3.4,1,sea,1,1,1,0,0,0
2020-08-20T15:24:54.196087Z,2020,8,20,65.423100,22.645500,4.0,0,3.2,1,sea,0,0,0,0,0,0
2020-08-20T15:25:55.784940Z,2020,8,20,65.653600,22.189200,8.0,0,7.8,1,mainland,0,0,0,0,0,0
2020-08-20T15:25:55.786689Z,2020,8,20,65.657800,22.195100,6.0,0,23.8,1,mainland,0,0,0,0,0,0
2020-08-20T15:26:28.354553Z,2020,8,20,65.639500,22.251800,5.0,0,8.8,1,mainland,0,1,1,0,0,0
2020-08-20T15:27:37.153930Z,2020,8,20,65.665600,21.416700,7.0,0,1.8,1,mainland,0,0,0,0,0,0
2020-08-20T15:28:30.894635Z,2020,8,20,65.702100,22.319400,4.0,0,1.4,1,mainland,0,0,1,0,0,0
2020-08-20T15:29:20.818317Z,2020,8,20,65.547600,22.497100,6.0,0,5.4,1,sea,0,0,0,0,0,0
2020-08-20T15:30:08.962937Z,2020,8,20,65.674500,22.246400,9.0,0,4.6,1,sea,1,1,1,0,0,0
2020-08-20T15:31:43.227348Z,2020,8,20,65.698200,22.299100,6.0,0,10.0,1,mainland,1,1,1,0,0,0
2020-08-20T15:31:43.237607Z,2020,8,20,65.686400,22.354100,-14.0,0,12.8,1,sea,1,1,1,0,0,0
2020-08-20T15:31:43.246431Z,2020,8,20,65.701900,22.291200,7.0,0,19.6,1,mainland,1,1,1,0,0,0
2020-08-20T15:33:17.245870Z,2020,8,20,65.708600,22.310300,-24.0,0,7.8,1,mainland,0,0,1,0,0,0
2020-08-20T15:33:17.246140Z,2020,8,20,65.715200,22.306400,-21.0,0,7.8,1,mainland,0,1,1,0,0,0
2020-08-20T15:33:17.249412Z,2020,8,20,65.715900,22.297700,-29.0,0,7.0,1,mainland,0,0,1,0,0,0
2020-08-20T15:33:17.259054Z,2020,8,20,65.702100,22.327500,-7.0,0,3.6,1,mainland,1,1,1,0,0,0
2020-08-20T15:35:04.089653Z,2020,8,20,65.707500,22.336600,8.0,0,7.0,1,mainland,1,1,1,0,0,0
2020-08-20T15:35:04.090425Z,2020,8,20,65.458100,22.783800,5.0,0,2.2,1,sea,0,0,1,0,0,0
2020-08-20T15:35:04.092144Z,2020,8,20,65.464800,22.778600,4.0,0,1.6,1,sea,0,0,1,0,0,0
2020-08-20T15:35:04.093187Z,2020,8,20,65.720000,22.327300,10.0,0,11.6,1,sea,0,1,1,0,0,0
2020-08-20T15:35:04.095682Z,2020,8,20,65.715900,22.318300,5.0,0,11.4,1,sea,1,1,1,0,0,0
2020-08-20T15:35:04.100119Z,2020,8,20,65.714400,22.334900,8.0,0,4.2,1,sea,1,1,1,0,0,0
2020-08-20T15:36:21.670364Z,2020,8,20,65.684700,22.389100,-8.0,0,5.4,1,sea,0,0,1,0,0,0
2020-08-20T15:36:21.672298Z,2020,8,20,65.712500,22.330900,-5.0,0,11.8,1,sea,1,1,1,0,0,0
2020-08-20T15:37:25.933319Z,2020,8,20,65.702000,22.370500,-7.0,0,2.2,1,sea,0,0,1,0,0,0
2020-08-20T15:37:25.945018Z,2020,8,20,65.704500,22.384100,-15.0,0,5.8,1,sea,0,1,1,0,0,0
2020-08-20T15:37:25.961418Z,2020,8,20,65.580300,22.632400,-5.0,0,3.4,1,islands,1,1,1,0,0,0
2020-08-20T15:38:33.768680Z,2020,8,20,65.708500,22.381400,-12.0,0,5.8,1,sea,0,1,1,0,0,0
2020-08-20T15:38:33.787473Z,2020,8,20,65.727700,22.384100,-13.0,0,4.0,1,sea,1,1,1,0,0,0
2020-08-20T15:38:33.798510Z,2020,8,20,65.710300,22.380300,-7.0,0,2.2,1,sea,0,1,1,0,0,0
2020-08-20T15:42:16.590675Z,2020,8,20,65.735500,22.452100,9.0,0,9.6,1,sea,0,0,0,0,0,0
2020-08-20T15:42:16.592235Z,2020,8,20,65.741600,22.465700,7.0,0,12.4,1,sea,0,0,0,0,0,0
2020-08-20T15:44:30.711711Z,2020,8,20,65.725900,22.496200,9.0,0,15.0,1,sea,0,0,0,0,0,0
2020-08-20T16:05:57.559732Z,2020,8,20,65.495400,22.307900,6.0,0,5.8,1,sea,0,0,1,0,0,0
2020-08-20T16:11:32.046109Z,2020,8,20,65.630500,21.526500,9.0,0,27.2,1,mainland,0,0,0,0,0,0
2020-08-20T16:13:22.896418Z,2020,8,20,65.226900,22.206200,4.0,0,2.2,1,sea,0,0,0,0,0,0
2020-08-20T16:14:20.936325Z,2020,8,20,65.637600,21.501600,8.0,0,21.0,1,mainland,0,0,0,0,0,0
2020-08-20T16:15:43.724434Z,2020,8,20,65.259100,22.164800,5.0,0,2.6,1,sea,0,0,0,0,0,0
2020-08-20T16:17:42.166280Z,2020,8,20,65.359400,21.978600,4.0,0,1.8,1,sea,0,0,1,0,0,0
2020-08-20T16:20:17.412116Z,2020,8,20,65.278900,22.149800,4.0,0,2.0,1,sea,0,0,0,0,0,0
2020-08-20T16:23:08.709054Z,2020,8,20,65.617600,21.407300,16.0,0,15.6,1,mainland,0,0,0,1,1,1
2020-08-20T16:23:08.709057Z,2020,8,20,65.616500,21.410000,15.0,0,28.8,1,inland_water,0,0,0,1,1,1
2020-08-20T16:23:08.722030Z,2020,8,20,65.429000,21.867300,4.0,0,18.8,1,mainland,0,0,0,1,1,1
2020-08-20T16:24:05.740866Z,2020,8,20,65.610700,21.437800,7.0,0,24.4,1,mainland,0,0,0,0,1,1
2020-08-20T16:24:05.741964Z,2020,8,20,65.607200,21.438800,9.0,0,4.2,1,mainland,0,0,0,1,1,1
2020-08-20T16:24:05.742712Z,2020,8,20,65.611800,21.440200,6.0,0,2.4,1,mainland,0,0,0,0,0,1
2020-08-20T16:24:05.755587Z,2020,8,20,65.383800,21.991000,5.0,0,4.4,1,islands,0,0,1,0,0,0
2020-08-20T16:24:53.148664Z,2020,8,20,65.627900,22.301000,6.0,0,2.4,1,mainland,0,1,1,0,0,0
2020-08-20T16:26:37.992987Z,2020,8,20,65.355000,22.033800,5.0,0,1.8,1,sea,0,0,0,0,0,0
2020-08-20T16:27:19.129420Z,2020,8,20,65.434900,21.869700,6.0,0,1.4,1,mainland,0,0,0,0,1,1
2020-08-20T16:27:59.387676Z,2020,8,20,65.597500,21.490000,-6.0,0,4.6,1,mainland,0,0,0,0,0,1
2020-08-20T16:28:18.504317Z,2020,8,20,65.616200,21.517500,-16.0,0,24.6,1,mainland,0,0,0,0,0,0
2020-08-20T16:29:08.935591Z,2020,8,20,65.609100,21.471700,14.0,0,9.4,1,mainland,0,0,0,0,0,0
2020-08-20T16:29:08.938043Z,2020,8,20,65.612700,21.478900,10.0,0,12.2,1,inland_water,0,0,0,0,0,0
2020-08-20T16:29:08.944653Z,2020,8,20,65.606000,21.481200,7.0,0,4.8,1,mainland,0,0,0,0,0,0
2020-08-20T16:29:25.261229Z,2020,8,20,65.640700,21.419800,7.0,0,8.2,1,mainland,0,0,0,0,0,0
2020-08-20T16:30:26.626096Z,2020,8,20,65.338900,22.157300,5.0,0,1.4,1,sea,0,0,0,0,0,0
2020-08-20T16:30:26.627872Z,2020,8,20,65.404900,21.996500,8.0,0,5.0,1,sea,0,0,1,0,0,0
2020-08-20T16:30:26.640707Z,2020,8,20,65.605700,21.513800,11.0,0,30.2,1,inland_water,0,0,0,0,0,0
2020-08-20T16:30:47.145560Z,2020,8,20,65.618100,21.487100,7.0,0,5.2,1,mainland,0,0,0,0,0,0
2020-08-20T16:30:47.145967Z,2020,8,20,65.622200,21.499300,6.0,0,4.8,1,mainland,0,0,0,0,0,0
2020-08-20T16:31:37.719771Z,2020,8,20,65.616000,21.513700,4.0,0,2.4,1,mainland,0,0,0,0,0,0
2020-08-20T16:32:10.631868Z,2020,8,20,65.588300,21.529700,-5.0,0,5.8,1,mainland,0,0,0,0,0,0
2020-08-20T16:32:32.982645Z,2020,8,20,65.610200,21.526200,6.0,0,7.8,1,mainland,0,0,0,0,0,0
2020-08-20T16:32:45.534163Z,2020,8,20,65.541100,21.722800,5.0,0,1.6,1,mainland,0,0,0,0,0,0
2020-08-20T16:33:13.783379Z,2020,8,20,65.606800,21.522600,5.0,0,14.0,1,mainland,0,0,0,0,0,0
2020-08-20T16:33:13.784717Z,2020,8,20,65.491600,21.808100,5.0,0,2.2,1,mainland,0,0,0,0,0,0
2020-08-20T16:34:03.186251Z,2020,8,20,65.617100,21.522700,6.0,0,2.0,1,mainland,0,0,0,0,0,0
2020-08-20T16:34:03.195982Z,2020,8,20,65.491300,21.824400,6.0,0,29.4,1,mainland,0,0,0,0,0,0
2020-08-20T16:34:21.993369Z,2020,8,20,65.618600,21.511200,7.0,0,15.4,1,mainland,0,0,0,0,0,0
2020-08-20T16:34:22.001789Z,2020,8,20,65.616200,21.523200,6.0,0,2.0,1,mainland,0,0,0,0,0,0
2020-08-20T16:34:22.002653Z,2020,8,20,65.616300,21.511800,6.0,0,2.0,1,mainland,0,0,0,0,0,0
2020-08-20T16:34:22.011283Z,2020,8,20,65.334700,22.184600,5.0,0,1.4,1,sea,0,0,0,0,0,0
2020-08-20T16:34:22.012780Z,2020,8,20,65.601500,21.548900,8.0,0,12.6,1,mainland,0,0,0,0,0,0
2020-08-20T16:34:59.586973Z,2020,8,20,65.618500,21.545100,-23.0,0,7.6,1,mainland,0,0,0,0,0,0
2020-08-20T16:34:59.588723Z,2020,8,20,65.575200,21.697500,-6.0,0,8.8,1,mainland,0,0,0,0,0,0
2020-08-20T16:34:59.607033Z,2020,8,20,65.618700,21.639000,-7.0,0,6.0,1,mainland,0,0,0,0,0,0
2020-08-20T16:34:59.614378Z,2020,8,20,65.621700,21.560100,-18.0,0,8.4,1,mainland,0,0,0,0,0,0
2020-08-20T16:34:59.629634Z,2020,8,20,65.616400,21.562800,-8.0,0,4.8,1,mainland,0,0,0,0,0,0
2020-08-20T16:35:22.730085Z,2020,8,20,65.471000,21.889000,6.0,0,1.6,1,mainland,0,0,0,0,0,0
2020-08-20T16:35:22.740198Z,2020,8,20,65.612900,21.532500,8.0,0,13.0,1,mainland,0,0,0,0,0,0
2020-08-20T16:35:22.744321Z,2020,8,20,65.543400,21.723700,6.0,0,28.2,1,mainland,0,0,0,0,0,0
2020-08-20T16:35:22.751698Z,2020,8,20,65.588300,21.619400,-9.0,0,30.2,1,mainland,0,0,0,0,0,0
2020-08-20T16:35:22.759419Z,2020,8,20,65.612900,21.546000,8.0,0,11.4,1,mainland,0,0,0,0,0,0
2020-08-20T16:35:37.827928Z,2020,8,20,65.611200,21.538300,7.0,0,3.4,1,mainland,0,0,0,0,0,0
2020-08-20T16:36:14.098123Z,2020,8,20,65.614000,21.546200,4.0,0,3.8,1,mainland,0,0,0,0,0,0
2020-08-20T16:36:14.098583Z,2020,8,20,65.255200,22.396800,4.0,0,1.0,1,sea,0,0,0,0,0,0
2020-08-20T16:36:14.115473Z,2020,8,20,65.468100,21.899800,9.0,0,24.6,1,mainland,0,0,0,0,0,0
2020-08-20T16:36:30.167546Z,2020,8,20,65.623900,21.540500,8.0,0,3.6,1,mainland,0,0,0,0,0,0
2020-08-20T16:36:30.169851Z,2020,8,20,65.607300,21.568500,10.0,0,21.8,1,mainland,0,0,0,0,0,0
2020-08-20T16:36:40.923391Z,2020,8,20,65.612800,21.521300,-6.0,0,5.6,1,mainland,0,0,0,0,0,0
2020-08-20T16:36:40.939414Z,2020,8,20,65.621400,21.547800,-6.0,0,5.2,1,mainland,0,0,0,0,0,0
2020-08-20T16:36:40.980144Z,2020,8,20,65.622800,21.504300,-7.0,0,8.4,1,mainland,0,0,0,0,0,0
2020-08-20T16:37:00.166707Z,2020,8,20,65.604400,21.580800,12.0,0,23.6,1,mainland,0,0,0,0,0,0
2020-08-20T16:37:00.174460Z,2020,8,20,65.349100,22.178000,7.0,0,2.6,1,sea,0,0,0,0,0,0
2020-08-20T16:37:00.175244Z,2020,8,20,65.626200,21.537900,8.0,0,12.6,1,mainland,0,0,0,0,0,0
2020-08-20T16:37:45.494180Z,2020,8,20,65.632300,21.737000,9.0,0,17.0,1,mainland,0,0,0,0,0,0
2020-08-20T16:37:45.505446Z,2020,8,20,65.620300,21.573900,7.0,0,3.6,1,mainland,0,0,0,0,0,0
2020-08-20T16:37:45.506148Z,2020,8,20,65.629700,21.585900,8.0,0,14.4,1,mainland,0,0,0,0,0,0
2020-08-20T16:37:45.530722Z,2020,8,20,65.630600,21.520900,5.0,0,1.8,1,mainland,0,0,0,0,0,0
2020-08-20T16:37:45.568632Z,2020,8,20,65.610100,21.590500,4.0,0,25.8,1,mainland,0,0,0,0,0,0
2020-08-20T16:38:07.010985Z,2020,8,20,65.628800,21.599900,6.0,0,14.4,1,mainland,0,0,0,0,0,0
2020-08-20T16:38:07.016269Z,2020,8,20,65.388600,22.154800,5.0,0,2.0,1,sea,0,0,0,0,0,0
2020-08-20T16:38:07.037194Z,2020,8,20,65.521300,21.854100,5.0,0,1.2,1,sea,1,1,1,0,0,0
2020-08-20T16:38:29.363714Z,2020,8,20,65.574200,21.751200,8.0,0,21.8,1,mainland,0,0,0,0,0,0
2020-08-20T16:38:29.367042Z,2020,8,20,65.632400,21.643000,5.0,0,5.6,1,mainland,0,0,0,0,0,0
2020-08-20T16:38:29.369534Z,2020,8,20,65.460700,22.008300,5.0,0,1.6,1,mainland,0,1,1,0,0,0
2020-08-20T16:38:50.567474Z,2020,8,20,65.634200,21.611900,6.0,0,3.2,1,mainland,0,0,0,0,0,0
2020-08-20T16:38:50.569809Z,2020,8,20,65.541100,21.816600,5.0,0,1.8,1,mainland,0,0,0,0,0,0
2020-08-20T16:38:50.589624Z,2020,8,20,65.616100,21.650100,6.0,0,14.4,1,mainland,0,0,0,0,0,0
2020-08-20T16:39:14.639031Z,2020,8,20,65.420600,22.101300,-5.0,0,1.6,1,sea,0,1,1,0,0,0
2020-08-20T16:39:14.651801Z,2020,8,20,65.617300,21.630100,-5.0,0,5.8,1,mainland,0,0,0,0,0,0
2020-08-20T16:41:08.830033Z,2020,8,20,65.587700,21.732400,6.0,0,30.2,1,mainland,0,0,0,0,0,0
2020-08-20T16:41:08.849390Z,2020,8,20,65.474400,21.977000,5.0,0,1.6,1,sea,1,1,1,0,0,0
2020-08-20T16:41:24.486148Z,2020,8,20,65.622000,21.644400,-21.0,0,8.2,1,mainland,0,0,0,0,0,0
2020-08-20T16:41:24.523236Z,2020,8,20,65.621800,21.646500,-19.0,0,7.6,1,mainland,0,0,0,0,0,0
2020-08-20T16:41:24.719782Z,2020,8,20,65.679600,21.503100,6.0,0,8.4,1,mainland,0,0,0,1,1,1
2020-08-20T16:42:05.087001Z,2020,8,20,65.622300,21.644900,-12.0,0,7.0,1,mainland,0,0,0,0,0,0
2020-08-20T16:42:05.116536Z,2020,8,20,65.620600,21.642900,-20.0,0,9.6,1,mainland,0,0,0,0,0,0
2020-08-20T16:42:05.380718Z,2020,8,20,65.620800,21.647800,-6.0,0,5.8,1,mainland,0,0,0,0,0,0
2020-08-20T16:42:33.303972Z,2020,8,20,65.611100,21.637400,-8.0,0,5.8,1,mainland,0,0,0,0,0,0
2020-08-20T16:42:33.361386Z,2020,8,20,65.630200,21.617600,9.0,0,30.2,1,mainland,0,0,0,0,0,0
2020-08-20T16:42:33.361942Z,2020,8,20,65.622800,21.640800,-11.0,0,5.8,1,mainland,0,0,0,0,0,0
2020-08-20T16:42:33.398806Z,2020,8,20,65.620200,21.636800,-9.0,0,7.2,1,mainland,0,0,0,0,0,0
2020-08-20T16:42:48.473977Z,2020,8,20,65.637200,21.662000,-8.0,0,3.8,1,mainland,0,0,0,0,0,0
2020-08-20T16:42:48.506996Z,2020,8,20,65.638700,21.659200,-7.0,0,3.2,1,mainland,0,0,0,0,0,0
2020-08-20T16:42:48.580604Z,2020,8,20,65.629800,21.659600,-6.0,0,5.2,1,mainland,0,0,0,0,0,0
2020-08-20T16:42:48.636325Z,2020,8,20,65.628900,21.647400,-7.0,0,6.8,1,mainland,0,0,0,0,0,0
2020-08-20T16:42:48.742532Z,2020,8,20,65.630000,21.652700,-15.0,0,8.2,1,mainland,0,0,0,0,0,0
2020-08-20T16:42:48.942799Z,2020,8,20,65.630400,21.647700,-5.0,0,4.8,1,mainland,0,0,0,0,0,0
2020-08-20T16:43:07.143531Z,2020,8,20,65.619800,21.701200,-29.0,0,5.6,1,mainland,0,0,0,0,0,0
2020-08-20T16:43:07.161332Z,2020,8,20,65.612500,21.708000,-5.0,0,2.0,1,mainland,0,0,0,0,0,0
2020-08-20T16:43:07.194350Z,2020,8,20,65.619700,21.701400,-28.0,0,28.0,1,mainland,0,0,0,0,0,0
2020-08-20T16:43:07.268179Z,2020,8,20,65.639500,21.658600,-5.0,0,7.2,1,mainland,0,0,0,0,0,0
2020-08-20T16:43:07.382978Z,2020,8,20,65.640600,21.655300,-17.0,0,4.6,1,mainland,0,0,0,0,0,0
2020-08-20T16:43:07.383980Z,2020,8,20,65.620000,21.665900,-14.0,0,26.6,1,mainland,0,0,0,0,0,0
2020-08-20T16:43:07.499405Z,2020,8,20,65.633900,21.661900,-5.0,0,3.4,1,mainland,0,0,0,0,0,0
2020-08-20T16:43:22.477886Z,2020,8,20,65.614200,21.694000,5.0,0,18.8,1,mainland,0,0,0,0,0,0
2020-08-20T16:43:22.479144Z,2020,8,20,65.620800,21.684900,4.0,0,2.6,1,mainland,0,0,0,0,0,0
2020-08-20T16:43:22.490010Z,2020,8,20,65.634900,21.636600,7.0,0,3.8,1,mainland,0,0,0,0,0,0
2020-08-20T16:43:22.494460Z,2020,8,20,65.637800,21.631800,8.0,0,4.0,1,mainland,0,0,0,0,0,0
2020-08-20T16:44:12.102137Z,2020,8,20,65.623100,21.647600,-12.0,0,6.0,1,mainland,0,0,0,0,0,0
2020-08-20T16:44:12.401396Z,2020,8,20,65.622800,21.642500,-7.0,0,6.4,1,mainland,0,0,0,0,0,0
2020-08-20T16:44:12.508241Z,2020,8,20,65.622500,21.648200,-6.0,0,6.4,1,mainland,0,0,0,0,0,0
2020-08-20T16:44:56.466641Z,2020,8,20,65.629600,21.645300,-8.0,0,6.6,1,mainland,0,0,0,0,0,0
2020-08-20T16:45:11.137650Z,2020,8,20,65.632500,21.699200,4.0,0,27.2,1,mainland,0,0,0,0,0,0
2020-08-20T16:45:37.641807Z,2020,8,20,65.535900,21.914500,5.0,0,11.4,1,mainland,0,0,1,0,0,0
2020-08-20T16:45:48.880511Z,2020,8,20,65.649900,21.636700,-6.0,0,2.2,1,mainland,0,0,0,0,0,0
2020-08-20T16:45:48.914710Z,2020,8,20,65.624600,21.718100,-5.0,0,5.0,1,mainland,0,0,0,0,0,0
2020-08-20T16:45:48.981855Z,2020,8,20,65.642800,21.664800,-6.0,0,3.8,1,mainland,0,0,0,0,0,0
2020-08-20T16:46:01.551530Z,2020,8,20,65.391000,22.233800,6.0,0,1.6,1,sea,0,0,0,0,0,0
2020-08-20T16:46:18.924952Z,2020,8,20,65.560400,21.842100,7.0,0,29.2,1,mainland,0,0,0,0,0,0
2020-08-20T16:46:28.891447Z,2020,8,20,65.636800,21.666800,-5.0,0,4.2,1,mainland,0,0,0,0,0,0
2020-08-20T16:46:28.928847Z,2020,8,20,65.641900,21.633200,-7.0,0,3.8,1,mainland,0,0,0,0,0,0
2020-08-20T16:46:28.981642Z,2020,8,20,65.636100,21.710700,-5.0,0,4.4,1,mainland,0,0,0,0,0,0
2020-08-20T16:46:28.982154Z,2020,8,20,65.528600,21.907200,-5.0,0,3.6,1,mainland,1,1,1,0,0,0
2020-08-20T16:46:29.148855Z,2020,8,20,65.644900,21.696600,-6.0,0,4.8,1,mainland,0,0,0,0,0,0
2020-08-20T16:47:05.962390Z,2020,8,20,65.627900,21.692700,7.0,0,2.6,1,mainland,0,0,0,0,0,0
2020-08-20T16:47:05.963772Z,2020,8,20,65.230500,22.573100,5.0,0,2.0,1,sea,0,0,0,0,0,0
2020-08-20T16:47:05.965091Z,2020,8,20,65.542200,21.883100,7.0,0,2.2,1,mainland,0,0,0,0,0,0
2020-08-20T16:47:05.966546Z,2020,8,20,65.629900,21.691400,6.0,0,22.6,1,mainland,0,0,0,0,0,0
2020-08-20T16:47:05.970720Z,2020,8,20,65.631600,21.681800,11.0,0,14.4,1,mainland,0,0,0,0,0,0
2020-08-20T16:47:05.974848Z,2020,8,20,65.636700,21.684300,5.0,0,13.2,1,mainland,0,0,0,0,0,0
2020-08-20T16:47:05.983998Z,2020,8,20,65.633800,21.685600,6.0,0,18.2,1,mainland,0,0,0,0,0,0
2020-08-20T16:47:36.503153Z,2020,8,20,65.626600,21.698900,6.0,0,3.8,1,mainland,0,0,0,0,0,0
2020-08-20T16:47:36.505535Z,2020,8,20,65.629800,21.666400,7.0,0,6.4,1,mainland,0,0,0,0,0,0
2020-08-20T16:47:36.525863Z,2020,8,20,65.639600,21.704300,4.0,0,2.6,1,mainland,0,0,0,0,0,0
2020-08-20T16:48:10.647363Z,2020,8,20,65.643700,21.674100,-5.0,0,3.6,1,mainland,0,0,0,0,0,0
2020-08-20T16:48:10.652482Z,2020,8,20,65.647400,21.674500,-36.0,0,6.6,1,mainland,0,0,0,0,0,0
2020-08-20T16:48:10.658256Z,2020,8,20,65.667000,21.714400,-7.0,0,23.2,1,mainland,0,0,0,0,0,0
2020-08-20T16:48:10.668665Z,2020,8,20,65.643100,21.663800,-13.0,0,4.2,1,mainland,0,0,0,0,0,0
2020-08-20T16:48:40.390777Z,2020,8,20,65.638000,21.691300,10.0,0,15.8,1,mainland,0,0,0,0,0,0
2020-08-20T16:48:40.392610Z,2020,8,20,65.636400,21.678500,6.0,0,3.0,1,mainland,0,0,0,0,0,0
2020-08-20T16:49:14.505147Z,2020,8,20,65.449900,22.141900,4.0,0,1.4,1,sea,1,1,1,0,0,0
2020-08-20T16:49:14.508184Z,2020,8,20,65.387800,22.285100,5.0,0,2.0,1,sea,0,1,1,0,0,0
2020-08-20T16:49:14.515137Z,2020,8,20,65.479500,22.090700,6.0,0,2.0,1,sea,0,1,1,0,0,0
2020-08-20T16:49:14.521455Z,2020,8,20,65.648600,21.693100,6.0,0,12.6,1,mainland,0,0,0,0,0,0
2020-08-20T16:49:29.238220Z,2020,8,20,65.651300,21.693400,-6.0,0,4.4,1,mainland,0,0,0,0,0,0
2020-08-20T16:50:22.905093Z,2020,8,20,65.658200,21.683300,-7.0,0,3.8,1,mainland,0,0,0,0,0,0
2020-08-20T16:50:22.950419Z,2020,8,20,65.644600,21.689100,-10.0,0,6.4,1,mainland,0,0,0,0,0,0
2020-08-20T16:51:14.337863Z,2020,8,20,65.583700,21.877000,6.0,0,6.4,1,mainland,0,0,0,0,0,0
2020-08-20T16:51:14.338652Z,2020,8,20,65.661400,21.702300,8.0,0,5.8,1,mainland,0,0,0,0,0,0
2020-08-20T16:51:14.339210Z,2020,8,20,65.647500,21.750900,-15.0,0,16.8,1,mainland,0,0,0,0,0,0
2020-08-20T16:51:14.341572Z,2020,8,20,65.664400,21.699600,6.0,0,1.6,1,mainland,0,0,0,0,0,0
2020-08-20T16:52:28.730419Z,2020,8,20,65.380500,22.386000,5.0,0,2.0,1,islands,1,1,1,0,0,0
2020-08-20T16:52:35.137420Z,2020,8,20,65.485200,22.133100,6.0,0,3.2,1,sea,0,0,1,0,0,0
2020-08-20T16:53:10.992121Z,2020,8,20,65.462900,21.809900,-8.0,0,8.0,1,mainland,0,0,0,0,1,1
2020-08-20T16:53:33.261831Z,2020,8,20,65.653600,21.874800,-5.0,0,3.6,1,mainland,0,0,0,0,0,0
2020-08-20T16:54:07.117348Z,2020,8,20,65.517300,21.695400,-5.0,0,7.0,1,mainland,0,0,0,0,0,0
2020-08-20T16:54:07.130737Z,2020,8,20,65.338700,22.093600,-4.0,0,1.4,1,sea,0,1,1,0,0,0
2020-08-20T16:54:35.928264Z,2020,8,20,65.662700,21.747300,-6.0,0,4.8,1,mainland,0,0,0,0,0,0
2020-08-20T16:54:35.942082Z,2020,8,20,65.672200,21.778500,-5.0,0,7.6,1,mainland,0,0,0,0,0,0
2020-08-20T16:54:35.952267Z,2020,8,20,65.509900,22.087900,-5.0,0,2.0,1,islands,0,1,1,0,0,0
2020-08-20T16:54:35.955439Z,2020,8,20,65.659800,21.769400,-7.0,0,19.8,1,mainland,0,0,0,0,0,0
2020-08-20T16:54:36.232892Z,2020,8,20,65.667900,21.775700,-6.0,0,6.2,1,mainland,0,0,0,0,0,0
2020-08-20T16:54:36.318965Z,2020,8,20,65.668100,21.781100,-6.0,0,6.2,1,mainland,0,0,0,0,0,0
2020-08-20T16:54:36.415845Z,2020,8,20,65.663000,21.781800,-5.0,0,4.6,1,mainland,0,0,0,0,0,0
2020-08-20T16:55:24.528593Z,2020,8,20,65.502900,21.695500,10.0,0,5.6,1,mainland,0,0,0,0,1,1
2020-08-20T16:55:24.538507Z,2020,8,20,65.522600,21.932300,6.0,0,3.6,1,sea,1,1,1,0,0,0
2020-08-20T16:55:37.467826Z,2020,8,20,65.695400,21.829900,7.0,0,11.0,1,mainland,0,0,0,0,0,0
2020-08-20T16:55:37.737339Z,2020,8,20,65.657400,21.898000,9.0,0,3.8,1,inland_water,0,0,0,0,0,0
2020-08-20T16:56:09.031260Z,2020,8,20,65.660500,21.886200,-18.0,0,9.4,1,inland_water,0,0,0,0,0,0
2020-08-20T16:56:09.073020Z,2020,8,20,65.670200,21.900700,-11.0,0,5.8,1,mainland,0,0,0,0,0,0
2020-08-20T16:56:09.136868Z,2020,8,20,65.675500,21.832500,-6.0,0,3.2,1,inland_water,0,0,0,0,0,0
2020-08-20T16:56:38.219224Z,2020,8,20,65.643000,21.883100,6.0,0,2.2,1,mainland,0,0,0,0,0,0
2020-08-20T16:56:38.222892Z,2020,8,20,65.648000,21.901300,6.0,0,3.2,1,inland_water,0,0,0,0,0,0
2020-08-20T16:56:38.225382Z,2020,8,20,65.632400,21.982400,-14.0,0,9.4,1,inland_water,0,0,0,0,0,0
2020-08-20T16:56:38.231260Z,2020,8,20,65.497800,22.206700,5.0,0,1.4,1,sea,0,0,1,0,0,0
2020-08-20T16:56:38.232689Z,2020,8,20,65.507300,22.181100,5.0,0,1.6,1,sea,0,0,0,0,0,0
2020-08-20T16:56:38.711330Z,2020,8,20,65.660100,21.894900,-18.0,0,9.6,1,inland_water,0,0,0,0,0,0
2020-08-20T16:57:04.118610Z,2020,8,20,65.509500,21.747600,5.0,0,11.4,1,mainland,0,0,0,0,0,0
2020-08-20T16:57:04.299261Z,2020,8,20,65.540500,21.641900,-11.0,0,5.4,1,mainland,0,0,0,0,0,0
2020-08-20T16:57:23.447366Z,2020,8,20,65.681800,21.764100,-18.0,0,9.4,1,mainland,0,0,0,0,0,1
2020-08-20T16:57:23.457295Z,2020,8,20,65.674600,21.761300,-5.0,0,2.6,1,mainland,0,0,0,0,0,0
2020-08-20T16:57:23.463210Z,2020,8,20,65.687600,21.813800,-8.0,0,6.6,1,inland_water,0,0,0,0,0,0
2020-08-20T16:57:23.488971Z,2020,8,20,65.669900,21.743400,-6.0,0,3.8,1,mainland,0,0,0,0,0,0
2020-08-20T16:57:23.702977Z,2020,8,20,65.460000,22.296100,6.0,0,30.2,1,sea,1,1,1,0,0,0
2020-08-20T16:57:48.491847Z,2020,8,20,65.529200,22.168000,-5.0,0,2.6,1,sea,0,0,1,0,0,0
2020-08-20T16:57:48.493548Z,2020,8,20,65.437200,22.359100,-4.0,0,1.6,1,islands,0,1,1,0,0,0
2020-08-20T16:57:48.509524Z,2020,8,20,65.656200,21.899700,-6.0,0,3.8,1,inland_water,0,0,0,0,0,0
2020-08-20T16:58:43.759513Z,2020,8,20,65.695600,21.855400,-6.0,0,5.2,1,mainland,0,0,0,0,0,0
2020-08-20T16:59:19.716490Z,2020,8,20,65.670000,21.891400,7.0,0,11.8,1,mainland,0,0,0,0,0,0
2020-08-20T16:59:32.763887Z,2020,8,20,65.685000,21.879200,-5.0,0,3.2,1,mainland,0,0,0,0,0,0
2020-08-20T16:59:56.968551Z,2020,8,20,65.353100,22.173400,12.0,0,5.2,1,sea,0,0,0,0,0,0
2020-08-20T16:59:56.969617Z,2020,8,20,65.511000,21.747300,6.0,0,3.6,1,mainland,0,0,0,0,0,0
2020-08-20T17:00:11.496802Z,2020,8,20,65.694400,21.794900,-28.0,0,8.2,1,inland_water,0,0,0,1,1,1
2020-08-20T17:00:11.529561Z,2020,8,20,65.705100,21.835400,-12.0,0,9.0,1,mainland,0,0,0,0,0,0
2020-08-20T17:00:11.539766Z,2020,8,20,65.691300,21.811600,-15.0,0,5.0,1,inland_water,0,0,0,0,0,1
2020-08-20T17:00:11.546878Z,2020,8,20,65.705800,21.831300,-6.0,0,4.2,1,mainland,0,0,0,0,0,0
2020-08-20T17:00:11.563514Z,2020,8,20,65.699600,21.803500,-8.0,0,3.8,1,inland_water,0,0,0,0,1,1
2020-08-20T17:00:41.565938Z,2020,8,20,65.632800,21.875900,-8.0,0,20.2,1,mainland,0,0,0,0,0,0
2020-08-20T17:01:21.599749Z,2020,8,20,65.722100,21.944800,17.0,0,20.6,1,mainland,0,0,0,0,0,0
2020-08-20T17:03:37.762566Z,2020,8,20,65.450000,22.452100,6.0,0,8.4,1,sea,0,0,0,0,0,0
2020-08-20T17:03:37.765008Z,2020,8,20,65.704200,21.949000,6.0,0,7.0,1,mainland,0,0,0,0,0,0
2020-08-20T17:03:37.773635Z,2020,8,20,65.579300,22.193600,6.0,0,30.0,1,mainland,1,1,1,0,0,0
2020-08-20T17:03:37.776754Z,2020,8,20,65.700400,21.939700,4.0,0,5.6,1,mainland,0,0,0,0,0,0
2020-08-20T17:03:37.786741Z,2020,8,20,65.697000,21.934900,8.0,0,4.0,1,mainland,0,0,0,0,0,0
2020-08-20T17:04:30.071227Z,2020,8,20,65.422000,22.470300,4.0,0,2.2,1,sea,0,0,1,0,0,0
2020-08-20T17:04:30.079834Z,2020,8,20,65.701600,21.908400,5.0,0,10.0,1,mainland,0,0,0,0,0,0
2020-08-20T17:05:16.970158Z,2020,8,20,65.520500,22.280200,-5.0,0,1.8,1,islands,1,1,1,0,0,0
2020-08-20T17:05:16.979022Z,2020,8,20,65.715000,21.976500,-6.0,0,24.0,1,mainland,0,0,0,0,0,0
2020-08-20T17:05:16.986431Z,2020,8,20,65.712100,21.886700,-7.0,0,4.6,1,mainland,0,0,0,0,0,0
2020-08-20T17:05:17.100785Z,2020,8,20,65.577800,22.142200,-5.0,0,2.2,1,sea,1,1,1,0,0,0
2020-08-20T17:05:59.918733Z,2020,8,20,65.647300,21.893100,6.0,0,9.0,1,mainland,0,0,0,0,0,0
2020-08-20T17:06:13.318576Z,2020,8,20,65.690700,21.950600,7.0,0,11.0,1,mainland,0,0,0,0,0,0
2020-08-20T17:06:13.348501Z,2020,8,20,65.507600,22.393900,-5.0,0,2.0,1,sea,0,0,1,0,0,0
2020-08-20T17:06:13.612959Z,2020,8,20,65.679200,21.991600,5.0,0,6.0,1,mainland,0,0,0,0,0,0
2020-08-20T17:06:58.738993Z,2020,8,20,65.647100,21.904700,5.0,0,3.2,1,inland_water,0,0,0,0,0,0
2020-08-20T17:07:40.454508Z,2020,8,20,65.460600,22.304600,6.0,0,9.2,1,sea,0,1,1,0,0,0
2020-08-20T17:07:40.763163Z,2020,8,20,65.572800,21.864400,-7.0,0,3.0,1,mainland,0,0,0,0,0,0
2020-08-20T17:07:40.763477Z,2020,8,20,65.570200,21.857800,-5.0,0,14.4,1,mainland,0,0,0,0,0,0
2020-08-20T17:10:20.211069Z,2020,8,20,65.750800,21.920500,7.0,0,23.0,1,mainland,0,0,0,1,1,1
2020-08-20T17:10:20.213115Z,2020,8,20,65.742700,21.954500,5.0,0,7.6,1,mainland,0,0,0,0,0,0
2020-08-20T17:10:20.223659Z,2020,8,20,65.744500,21.945400,4.0,0,5.2,1,mainland,0,0,0,0,0,0
2020-08-20T17:10:39.750959Z,2020,8,20,65.654600,21.944800,11.0,0,15.0,1,mainland,0,0,0,0,0,0
2020-08-20T17:10:39.751594Z,2020,8,20,65.658800,21.943300,15.0,0,11.2,1,mainland,0,0,0,0,0,0
2020-08-20T17:10:39.758010Z,2020,8,20,65.429200,22.365900,5.0,0,18.4,1,sea,1,1,1,0,0,0
2020-08-20T17:10:55.958775Z,2020,8,20,65.429000,22.432300,5.0,0,2.0,1,sea,0,0,0,0,0,0
2020-08-20T17:11:02.899456Z,2020,8,20,65.743200,21.944800,6.0,0,9.6,1,mainland,0,0,0,0,0,0
2020-08-20T17:11:02.900604Z,2020,8,20,65.743800,22.004800,5.0,0,17.6,1,mainland,0,0,0,0,0,0
2020-08-20T17:11:02.939102Z,2020,8,20,65.538200,22.371400,5.0,0,19.6,1,sea,1,1,1,0,0,0
2020-08-20T17:11:37.538020Z,2020,8,20,65.654000,21.949000,5.0,0,3.0,1,mainland,0,0,0,0,0,0
2020-08-20T17:11:37.538769Z,2020,8,20,65.656800,21.961600,7.0,0,5.6,1,mainland,0,0,0,0,0,0
2020-08-20T17:11:37.541121Z,2020,8,20,65.660100,21.948200,10.0,0,30.2,1,mainland,0,0,0,0,0,0
2020-08-20T17:11:37.561661Z,2020,8,20,65.449700,22.382300,5.0,0,1.4,1,islands,0,0,0,0,0,0
2020-08-20T17:11:38.193436Z,2020,8,20,65.704000,22.057500,4.0,0,3.4,1,mainland,0,0,0,0,0,0
2020-08-20T17:12:04.629366Z,2020,8,20,65.539700,22.224500,6.0,0,1.6,1,islands,0,0,1,0,0,0
2020-08-20T17:12:04.648518Z,2020,8,20,65.642800,21.981600,5.0,0,2.0,1,mainland,0,0,0,0,0,0
2020-08-20T17:12:11.809831Z,2020,8,20,65.755400,21.963200,6.0,0,3.2,1,mainland,0,0,0,0,0,0
2020-08-20T17:12:11.810607Z,2020,8,20,65.752000,21.973600,9.0,0,6.2,1,mainland,0,0,0,0,0,0
2020-08-20T17:12:11.811537Z,2020,8,20,65.713900,22.038400,-5.0,0,23.0,1,mainland,0,0,0,0,0,0
2020-08-20T17:12:11.818257Z,2020,8,20,65.755700,21.974300,6.0,0,11.0,1,mainland,0,0,0,0,0,0
2020-08-20T17:12:11.823328Z,2020,8,20,65.748700,21.979400,5.0,0,7.2,1,mainland,0,0,0,0,0,0
2020-08-20T17:12:11.856452Z,2020,8,20,65.750300,21.978600,7.0,0,4.4,1,mainland,0,0,0,0,0,0
2020-08-20T17:12:33.816648Z,2020,8,20,65.751800,21.973600,6.0,0,12.2,1,mainland,0,0,0,0,0,0
2020-08-20T17:12:37.332594Z,2020,8,20,65.348200,22.632800,4.0,0,1.0,1,sea,0,0,0,0,0,0
2020-08-20T17:13:11.132575Z,2020,8,20,65.687900,21.964400,5.0,0,4.4,1,mainland,0,0,0,0,0,0
2020-08-20T17:13:11.135846Z,2020,8,20,65.677500,21.961200,18.0,0,11.2,1,mainland,0,0,0,0,0,0
2020-08-20T17:13:11.135848Z,2020,8,20,65.683500,21.969900,19.0,0,15.4,1,mainland,0,0,0,0,0,0
2020-08-20T17:13:11.138901Z,2020,8,20,65.699400,21.981100,7.0,0,20.2,1,mainland,0,0,0,0,0,0
2020-08-20T17:13:23.018547Z,2020,8,20,65.735400,22.014000,6.0,0,17.4,1,mainland,0,0,0,0,0,0
2020-08-20T17:13:23.019169Z,2020,8,20,65.741200,21.951300,4.0,0,7.0,1,mainland,0,0,0,0,0,0
2020-08-20T17:13:23.019916Z,2020,8,20,65.801900,22.127000,5.0,0,19.0,1,mainland,0,0,0,0,0,0
2020-08-20T17:13:23.020550Z,2020,8,20,65.746200,21.971200,6.0,0,9.4,1,mainland,0,0,0,0,0,0
2020-08-20T17:13:23.027084Z,2020,8,20,65.613100,22.256400,5.0,0,2.6,1,sea,1,1,1,0,0,0
2020-08-20T17:13:23.035205Z,2020,8,20,65.754600,21.990700,5.0,0,3.2,1,mainland,0,0,0,0,0,0
2020-08-20T17:13:42.371751Z,2020,8,20,65.520400,22.290700,5.0,0,5.2,1,islands,0,1,1,0,0,0
2020-08-20T17:13:42.384561Z,2020,8,20,65.683200,21.943200,6.0,0,1.6,1,mainland,0,0,0,0,0,0
2020-08-20T17:13:42.387010Z,2020,8,20,65.671500,21.961800,10.0,0,17.8,1,mainland,0,0,0,0,0,0
2020-08-20T17:13:42.387019Z,2020,8,20,65.675700,21.973100,12.0,0,19.2,1,mainland,0,0,0,0,0,0
2020-08-20T17:13:42.529662Z,2020,8,20,65.672300,21.974100,8.0,0,4.8,1,mainland,0,0,0,0,0,0
2020-08-20T17:14:05.395258Z,2020,8,20,65.741800,22.047700,-32.0,0,9.6,1,mainland,0,0,0,0,0,0
2020-08-20T17:14:05.411326Z,2020,8,20,65.757100,22.032800,-6.0,0,16.2,1,mainland,0,0,0,0,0,0
2020-08-20T17:14:58.570699Z,2020,8,20,65.646200,22.086700,6.0,0,7.4,1,mainland,0,0,0,0,0,0
2020-08-20T17:14:58.581143Z,2020,8,20,65.474700,22.396400,5.0,0,1.6,1,sea,0,0,0,0,0,0
2020-08-20T17:14:58.581587Z,2020,8,20,65.455200,22.433300,4.0,0,1.6,1,sea,0,1,1,0,0,0
2020-08-20T17:14:58.588766Z,2020,8,20,65.507800,22.330200,5.0,0,18.8,1,islands,1,1,1,0,0,0
2020-08-20T17:14:59.075947Z,2020,8,20,65.446100,22.587600,-5.0,0,1.6,1,sea,0,0,1,0,0,0
2020-08-20T17:14:59.079036Z,2020,8,20,65.716600,22.075600,-63.0,0,23.2,1,mainland,0,0,0,0,0,0
2020-08-20T17:14:59.156033Z,2020,8,20,65.719700,22.056600,-6.0,0,3.0,1,mainland,0,0,0,0,0,0
2020-08-20T17:15:41.763639Z,2020,8,20,65.755700,22.016900,-24.0,0,10.6,1,mainland,0,0,0,0,0,0
2020-08-20T17:15:41.775664Z,2020,8,20,65.599400,22.314300,-5.0,0,3.6,1,sea,1,1,1,0,0,0
2020-08-20T17:15:41.782117Z,2020,8,20,65.736300,22.180100,-21.0,0,11.8,1,mainland,0,0,0,0,0,0
2020-08-20T17:15:41.789711Z,2020,8,20,65.749600,22.051400,-8.0,0,2.2,1,mainland,0,0,0,0,0,0
2020-08-20T17:15:41.808754Z,2020,8,20,65.759200,22.014000,-7.0,0,3.0,1,mainland,0,0,0,0,0,0
2020-08-20T17:15:41.852350Z,2020,8,20,65.737600,22.018100,-9.0,0,3.2,1,mainland,0,0,0,0,0,0
2020-08-20T17:15:41.921924Z,2020,8,20,65.758500,22.017000,-6.0,0,4.6,1,mainland,0,0,0,0,0,0
2020-08-20T17:15:41.991278Z,2020,8,20,65.758900,22.012300,-7.0,0,3.2,1,mainland,0,0,0,0,0,0
2020-08-20T17:15:42.034230Z,2020,8,20,65.759700,22.018100,-6.0,0,3.0,1,mainland,0,0,0,0,0,0
2020-08-20T17:15:42.068684Z,2020,8,20,65.760000,22.019100,-5.0,0,3.2,1,mainland,0,0,0,0,0,0
2020-08-20T17:15:42.223553Z,2020,8,20,65.752000,22.127200,7.0,0,1.6,1,mainland,0,0,0,0,0,0
2020-08-20T17:15:42.225814Z,2020,8,20,65.752400,22.109900,10.0,0,6.8,1,mainland,0,0,0,0,0,0
2020-08-20T17:16:36.484419Z,2020,8,20,65.578400,21.900600,6.0,0,22.2,1,mainland,0,0,0,0,0,0
2020-08-20T17:16:36.498450Z,2020,8,20,65.422000,22.242000,6.0,0,4.6,1,sea,0,1,1,0,0,0
2020-08-20T17:16:44.530219Z,2020,8,20,65.714000,22.112400,6.0,0,8.4,1,mainland,0,0,0,0,0,0
2020-08-20T17:16:44.538842Z,2020,8,20,65.710400,22.123400,7.0,0,23.8,1,mainland,0,0,0,0,0,0
2020-08-20T17:17:44.116697Z,2020,8,20,65.765100,22.037300,-38.0,0,11.8,1,mainland,0,0,0,0,0,0
2020-08-20T17:17:44.132425Z,2020,8,20,65.768500,22.017800,-11.0,0,4.0,1,mainland,0,0,0,0,0,0
2020-08-20T17:17:44.135759Z,2020,8,20,65.710100,22.171900,-6.0,0,10.0,1,mainland,0,0,0,0,0,0
2020-08-20T17:17:44.161253Z,2020,8,20,65.764900,22.023400,-9.0,0,5.0,1,mainland,0,0,0,0,0,0
2020-08-20T17:18:59.134436Z,2020,8,20,65.336200,22.708700,-5.0,0,2.0,1,sea,0,0,0,0,0,0
2020-08-20T17:18:59.203996Z,2020,8,20,65.512300,22.425700,-4.0,0,2.6,1,sea,0,0,0,0,0,0
2020-08-20T17:18:59.240566Z,2020,8,20,65.660000,22.083800,-8.0,0,3.0,1,mainland,0,0,0,0,0,0
2020-08-20T17:18:59.397778Z,2020,8,20,65.643300,22.112700,-9.0,0,3.2,1,mainland,0,0,0,0,0,0
2020-08-20T17:18:59.466299Z,2020,8,20,65.644700,22.119600,-10.0,0,4.0,1,mainland,0,0,0,0,0,0
2020-08-20T17:18:59.560507Z,2020,8,20,65.644900,22.114900,-25.0,0,4.6,1,mainland,0,0,0,0,0,0
2020-08-20T17:19:14.009124Z,2020,8,20,65.772700,22.022500,-72.0,0,25.0,1,mainland,0,0,0,0,0,0
2020-08-20T17:19:14.009129Z,2020,8,20,65.773800,22.060500,-65.0,0,16.8,1,mainland,0,0,0,0,0,0
2020-08-20T17:19:14.019679Z,2020,8,20,65.779400,22.048400,-5.0,0,7.6,1,mainland,0,0,0,0,0,0
2020-08-20T17:19:14.023828Z,2020,8,20,65.768500,22.130100,-7.0,0,5.8,1,inland_water,0,0,0,0,0,0
2020-08-20T17:19:14.029622Z,2020,8,20,65.777900,22.049600,-25.0,0,5.8,1,mainland,0,0,0,0,0,0
2020-08-20T17:19:14.056885Z,2020,8,20,65.791800,22.014400,-41.0,0,8.2,1,mainland,0,0,0,0,0,0
2020-08-20T17:19:35.650737Z,2020,8,20,65.581600,21.924500,-10.0,0,9.4,1,inland_water,0,0,0,0,0,0
2020-08-20T17:19:52.005091Z,2020,8,20,65.767700,22.085700,6.0,0,1.6,1,mainland,0,0,0,0,0,0
2020-08-20T17:19:52.016992Z,2020,8,20,65.780100,22.069700,7.0,0,2.8,1,inland_water,0,0,0,0,0,0
2020-08-20T17:20:29.553793Z,2020,8,20,65.780900,22.121500,-6.0,0,2.8,1,inland_water,0,0,0,0,0,0
2020-08-20T17:20:35.811734Z,2020,8,20,65.606900,22.337200,5.0,0,13.6,1,sea,1,1,1,0,0,0
2020-08-20T17:21:06.227630Z,2020,8,20,65.781800,22.100600,6.0,0,9.0,1,mainland,0,0,0,0,0,0
2020-08-20T17:21:06.229481Z,2020,8,20,65.780000,22.100800,6.0,0,2.6,1,inland_water,0,0,0,0,0,0
2020-08-20T17:21:30.202123Z,2020,8,20,65.670500,22.141400,5.0,0,4.6,1,mainland,0,0,0,0,0,0
2020-08-20T17:21:45.586233Z,2020,8,20,65.546000,22.555800,6.0,0,2.4,1,sea,1,1,1,0,0,0
2020-08-20T17:21:45.602314Z,2020,8,20,65.783300,22.118500,6.0,0,4.8,1,mainland,0,0,0,0,0,0
2020-08-20T17:22:06.486127Z,2020,8,20,65.672200,22.128000,-5.0,0,4.6,1,mainland,0,0,0,0,0,0
2020-08-20T17:22:06.612761Z,2020,8,20,65.661600,22.127300,-14.0,0,4.2,1,mainland,0,0,0,0,0,0
2020-08-20T17:22:06.792669Z,2020,8,20,65.662200,22.122100,-5.0,0,2.4,1,mainland,0,0,0,0,0,0
2020-08-20T17:22:17.977815Z,2020,8,20,65.759600,22.103700,5.0,0,2.0,1,mainland,0,0,0,0,0,0
2020-08-20T17:22:17.978884Z,2020,8,20,65.757800,22.163200,11.0,0,15.8,1,mainland,0,0,0,0,0,0
2020-08-20T17:22:17.991174Z,2020,8,20,65.764100,22.201000,-18.0,0,16.8,1,mainland,0,0,0,0,0,0
2020-08-20T17:22:17.991217Z,2020,8,20,65.958600,22.079700,4.0,0,4.6,1,mainland,0,0,0,0,0,0
2020-08-20T17:22:18.004735Z,2020,8,20,65.688900,22.433200,7.0,0,22.8,1,sea,0,1,1,0,0,0
2020-08-20T17:22:35.949639Z,2020,8,20,65.783700,22.074500,6.0,0,11.6,1,inland_water,0,0,0,0,0,0
2020-08-20T17:22:58.858733Z,2020,8,20,65.787200,22.113500,6.0,0,11.0,1,mainland,0,0,0,0,0,0
2020-08-20T17:23:41.012456Z,2020,8,20,65.732900,22.144500,6.0,0,4.6,1,mainland,0,0,0,0,0,0
2020-08-20T17:23:41.013136Z,2020,8,20,65.487100,22.575000,5.0,0,1.8,1,sea,1,1,1,0,0,0
2020-08-20T17:23:41.013480Z,2020,8,20,65.622900,22.330500,6.0,0,11.0,1,mainland,0,1,1,0,0,0
2020-08-20T17:23:41.022647Z,2020,8,20,65.720000,22.125800,5.0,0,3.4,1,mainland,0,0,0,0,0,0
2020-08-20T17:24:19.960896Z,2020,8,20,65.552500,22.461700,6.0,0,6.4,1,sea,0,0,1,0,0,0
2020-08-20T17:24:54.964921Z,2020,8,20,65.795700,22.161600,7.0,0,6.6,1,mainland,0,0,0,0,0,0
2020-08-20T17:24:54.965735Z,2020,8,20,65.802300,22.167200,9.0,0,20.0,1,mainland,0,0,0,0,0,0
2020-08-20T17:24:54.971189Z,2020,8,20,65.808200,22.183600,7.0,0,2.2,1,mainland,0,0,0,0,0,0
2020-08-20T17:24:54.974281Z,2020,8,20,65.801900,22.164400,6.0,0,3.2,1,mainland,0,0,0,0,0,0
2020-08-20T17:24:54.977246Z,2020,8,20,65.809100,22.148900,8.0,0,17.4,1,mainland,0,0,0,0,0,0
2020-08-20T17:25:06.154140Z,2020,8,20,65.679700,22.167300,-6.0,0,5.4,1,mainland,0,0,0,0,0,0
2020-08-20T17:25:31.467822Z,2020,8,20,65.623000,22.494600,5.0,0,9.8,1,sea,1,1,1,0,0,0
2020-08-20T17:25:31.716672Z,2020,8,20,65.446300,22.812800,-4.0,0,2.6,1,sea,0,0,0,0,0,0
2020-08-20T17:25:31.790318Z,2020,8,20,65.781200,22.138900,-6.0,0,2.0,1,inland_water,0,0,0,0,0,0
2020-08-20T17:26:06.910387Z,2020,8,20,65.726200,22.063700,6.0,0,11.8,1,mainland,0,0,0,0,0,0
2020-08-20T17:26:06.911226Z,2020,8,20,65.499400,22.587100,4.0,0,3.4,1,sea,0,0,1,0,0,0
2020-08-20T17:26:06.916612Z,2020,8,20,65.731000,22.155400,5.0,0,5.8,1,mainland,0,0,0,0,0,0
2020-08-20T17:26:06.916986Z,2020,8,20,65.725600,22.183900,5.0,0,5.8,1,mainland,0,0,0,0,0,0
2020-08-20T17:26:06.925392Z,2020,8,20,65.702700,22.139500,8.0,0,22.8,1,mainland,0,0,0,0,0,0
2020-08-20T17:27:10.556605Z,2020,8,20,65.538700,22.602400,4.0,0,3.2,1,islands,1,1,1,0,0,0
2020-08-20T17:27:10.566435Z,2020,8,20,65.723300,22.168800,8.0,0,9.0,1,mainland,0,0,0,0,0,0
2020-08-20T17:27:10.578475Z,2020,8,20,65.718300,22.168900,3.0,0,2.6,1,mainland,0,0,0,0,0,0
2020-08-20T17:28:21.558566Z,2020,8,20,65.809000,22.184900,-6.0,0,2.6,1,mainland,0,0,0,0,0,0
2020-08-20T17:28:48.639365Z,2020,8,20,65.755000,22.241600,-25.0,0,4.2,1,mainland,0,0,0,0,0,0
2020-08-20T17:28:48.703703Z,2020,8,20,65.748900,22.225400,-5.0,0,4.0,1,inland_water,0,0,0,0,0,0
2020-08-20T17:29:12.095090Z,2020,8,20,65.806700,22.249700,4.0,0,2.2,1,mainland,0,0,0,0,0,0
2020-08-20T17:29:12.103062Z,2020,8,20,66.166700,22.171900,3.0,0,3.6,1,mainland,0,0,0,0,0,0
2020-08-20T17:29:12.110410Z,2020,8,20,65.815000,22.242100,6.0,0,16.2,1,mainland,0,0,0,0,0,0
2020-08-20T17:29:12.111269Z,2020,8,20,65.806500,22.258600,8.0,0,7.2,1,mainland,0,0,0,0,0,0
2020-08-20T17:29:12.120862Z,2020,8,20,65.817100,22.232100,5.0,0,5.6,1,mainland,0,0,0,0,0,0
2020-08-20T17:29:28.768237Z,2020,8,20,65.867100,22.411100,-5.0,0,8.0,1,mainland,0,0,1,0,0,0
2020-08-20T17:29:28.782533Z,2020,8,20,65.861100,22.424600,-5.0,0,14.4,1,sea,1,1,1,0,0,0
2020-08-20T17:29:44.826874Z,2020,8,20,65.831100,22.169900,-7.0,0,3.8,1,mainland,0,0,0,0,0,0
2020-08-20T17:30:04.555132Z,2020,8,20,65.841600,22.250300,-7.0,0,4.6,1,mainland,0,0,0,0,0,0
2020-08-20T17:30:37.187107Z,2020,8,20,65.818500,22.224500,-5.0,0,2.8,1,mainland,0,0,0,0,0,0
2020-08-20T17:30:37.206189Z,2020,8,20,65.815300,22.254600,-6.0,0,2.4,1,mainland,0,0,0,0,0,0
2020-08-20T17:30:37.245957Z,2020,8,20,65.792700,22.252800,-5.0,0,2.0,1,mainland,0,0,0,0,0,0
2020-08-20T17:31:00.429852Z,2020,8,20,65.605800,22.288600,-4.0,0,7.2,1,mainland,0,1,1,0,0,0
2020-08-20T17:31:00.610740Z,2020,8,20,65.669900,22.082400,-7.0,0,3.0,1,mainland,0,0,0,0,0,0
2020-08-20T17:31:28.139823Z,2020,8,20,65.678400,22.466700,-6.0,0,3.4,1,islands,1,1,1,0,0,0
2020-08-20T17:31:28.159554Z,2020,8,20,65.813700,22.246800,-8.0,0,3.4,1,mainland,0,0,0,0,0,0
2020-08-20T17:31:47.121292Z,2020,8,20,65.786500,22.299900,-10.0,0,19.4,1,mainland,0,0,1,0,0,0
2020-08-20T17:31:47.127155Z,2020,8,20,65.815500,22.276600,6.0,0,5.6,1,mainland,0,0,0,0,0,0
2020-08-20T17:31:47.678442Z,2020,8,20,65.735900,22.279700,-14.0,0,5.8,1,mainland,0,0,0,0,0,0
2020-08-20T17:31:47.797309Z,2020,8,20,65.735500,22.275400,-5.0,0,3.2,1,mainland,0,0,0,0,0,0
2020-08-20T17:31:47.844076Z,2020,8,20,65.736800,22.272900,-5.0,0,3.2,1,mainland,0,0,0,0,0,0
2020-08-20T17:31:47.886899Z,2020,8,20,65.734400,22.274000,-10.0,0,4.4,1,mainland,0,0,0,0,0,0
2020-08-20T17:31:47.996533Z,2020,8,20,65.734500,22.279200,-9.0,0,5.0,1,mainland,0,0,0,0,0,0
2020-08-20T17:31:53.190868Z,2020,8,20,65.860100,22.416600,6.0,0,13.2,1,sea,1,1,1,0,0,0
2020-08-20T17:32:46.741935Z,2020,8,20,65.687400,22.232700,-6.0,0,30.2,1,mainland,0,0,1,0,0,0
2020-08-20T17:32:46.780844Z,2020,8,20,65.488100,22.629500,-4.0,0,2.0,1,sea,0,0,0,0,0,0
2020-08-20T17:33:15.183549Z,2020,8,20,65.811100,22.269900,-6.0,0,2.8,1,mainland,0,0,0,0,0,0
2020-08-20T17:33:57.850786Z,2020,8,20,65.688000,22.546500,5.0,0,11.4,1,sea,0,0,1,0,0,0
2020-08-20T17:33:57.862955Z,2020,8,20,65.827100,22.287700,5.0,0,12.8,1,mainland,0,0,0,0,0,0
2020-08-20T17:33:57.873309Z,2020,8,20,65.817900,22.276700,6.0,0,7.6,1,mainland,0,0,0,0,0,0
2020-08-20T17:34:03.601526Z,2020,8,20,65.691900,22.212000,-12.0,0,7.2,1,mainland,0,0,0,0,0,0
2020-08-20T17:34:03.612380Z,2020,8,20,65.694100,22.203000,-5.0,0,4.0,1,mainland,0,0,0,0,0,0
2020-08-20T17:34:04.064852Z,2020,8,20,65.748700,22.299300,6.0,0,5.8,1,mainland,0,0,0,0,0,0
2020-08-20T17:34:04.065402Z,2020,8,20,65.503100,22.729400,5.0,0,1.6,1,sea,0,0,1,0,0,0
2020-08-20T17:34:04.065704Z,2020,8,20,65.750300,22.318700,7.0,0,8.4,1,mainland,0,0,1,0,0,0
2020-08-20T17:35:07.798457Z,2020,8,20,65.832900,22.315500,-7.0,0,5.4,1,mainland,0,0,0,0,0,0
2020-08-20T17:35:07.807127Z,2020,8,20,65.831400,22.306000,-10.0,0,9.2,1,mainland,0,0,0,0,0,0
2020-08-20T17:36:19.087723Z,2020,8,20,65.814800,22.235200,8.0,0,30.2,1,mainland,0,0,0,0,0,0
2020-08-20T17:36:19.088290Z,2020,8,20,65.762100,22.232300,7.0,0,9.6,1,mainland,0,0,0,0,0,0
2020-08-20T17:36:19.091348Z,2020,8,20,65.628000,22.474000,6.0,0,15.4,1,sea,1,1,1,0,0,0
2020-08-20T17:36:19.102319Z,2020,8,20,65.756500,22.233100,8.0,0,13.0,1,mainland,0,0,0,0,0,0
2020-08-20T17:36:40.499140Z,2020,8,20,65.852900,22.323000,-7.0,0,2.0,1,mainland,0,0,0,0,0,0
2020-08-20T17:36:40.509892Z,2020,8,20,65.853200,22.366100,-17.0,0,7.0,1,sea,0,1,1,0,0,0
2020-08-20T17:36:40.520560Z,2020,8,20,65.828600,22.335600,-5.0,0,14.0,1,mainland,0,1,1,0,0,0
2020-08-20T17:36:40.546737Z,2020,8,20,65.854400,22.280800,-6.0,0,2.8,1,mainland,0,0,0,0,0,0
2020-08-20T17:37:35.089155Z,2020,8,20,65.774400,22.303500,4.0,0,14.4,1,sea,0,1,1,0,0,0
2020-08-20T17:37:35.508962Z,2020,8,20,65.816500,22.317100,-31.0,0,9.4,1,mainland,0,0,1,0,0,0
2020-08-20T17:37:35.530403Z,2020,8,20,65.817300,22.315100,-17.0,0,30.2,1,mainland,0,0,1,0,0,0
2020-08-20T17:37:35.605928Z,2020,8,20,65.815600,22.313400,-8.0,0,4.0,1,mainland,0,1,1,0,0,0
2020-08-20T17:38:39.626371Z,2020,8,20,65.831500,22.420500,-6.0,0,3.0,1,sea,0,0,1,0,0,0
2020-08-20T17:38:39.626741Z,2020,8,20,65.865200,22.373400,-5.0,0,9.0,1,sea,1,1,1,0,0,0
2020-08-20T17:38:39.637727Z,2020,8,20,65.862600,22.356800,-5.0,0,11.6,1,mainland,1,1,1,0,0,0
2020-08-20T17:38:39.720013Z,2020,8,20,65.750700,22.409200,-5.0,0,3.2,1,sea,0,0,0,0,0,0
2020-08-20T17:40:08.505332Z,2020,8,20,65.883400,22.460700,-6.0,0,10.0,1,mainland,0,0,0,0,0,0
2020-08-20T17:40:20.159020Z,2020,8,20,65.774600,22.270800,6.0,0,23.6,1,mainland,0,0,0,0,0,0
2020-08-20T17:40:20.159998Z,2020,8,20,65.777800,22.275200,12.0,0,6.0,1,mainland,0,0,1,0,0,0
2020-08-20T17:40:20.160388Z,2020,8,20,65.591100,22.598700,11.0,0,4.6,1,sea,1,1,1,0,0,0
2020-08-20T17:40:20.171003Z,2020,8,20,65.753000,22.314600,6.0,0,7.8,1,mainland,0,0,1,0,0,0
2020-08-20T17:40:50.510697Z,2020,8,20,65.871600,22.370000,-5.0,0,3.8,1,mainland,1,1,1,0,0,0
2020-08-20T17:40:50.548364Z,2020,8,20,65.871500,22.366100,-6.0,0,3.0,1,mainland,0,1,1,0,0,0
2020-08-20T17:40:50.591958Z,2020,8,20,65.862300,22.432500,-7.0,0,8.0,1,mainland,1,1,1,0,0,0
2020-08-20T17:40:50.658985Z,2020,8,20,65.870900,22.301900,-5.0,0,5.6,1,mainland,0,0,0,0,0,0
2020-08-20T17:41:24.588124Z,2020,8,20,65.708600,22.629900,6.0,0,8.8,1,sea,0,0,0,0,0,0
2020-08-20T17:41:59.931541Z,2020,8,20,65.896400,22.513000,6.0,0,13.2,1,mainland,0,0,0,0,0,0
2020-08-20T17:42:51.152938Z,2020,8,20,65.587200,22.857900,-5.0,0,2.2,1,sea,0,0,0,0,0,0
2020-08-20T17:42:51.164866Z,2020,8,20,65.884800,22.404600,-7.0,0,12.6,1,mainland,0,0,0,0,0,0
2020-08-20T17:43:52.640243Z,2020,8,20,65.877500,22.389600,9.0,0,14.0,1,mainland,0,0,1,0,0,0
2020-08-20T17:43:52.640805Z,2020,8,20,65.848400,22.407900,7.0,0,21.6,1,sea,0,0,1,0,0,0
2020-08-20T17:44:30.885023Z,2020,8,20,65.881800,22.400200,13.0,0,3.8,1,mainland,0,0,0,0,0,0
2020-08-20T17:44:30.885127Z,2020,8,20,65.885700,22.409700,-10.0,0,6.0,1,mainland,0,0,0,0,0,0
2020-08-20T17:44:30.893740Z,2020,8,20,65.888300,22.255700,-8.0,0,16.8,1,mainland,0,0,0,0,0,0
2020-08-20T17:45:04.079538Z,2020,8,20,65.899600,22.485900,-5.0,0,20.2,1,inland_water,0,0,0,0,0,0
2020-08-20T17:46:02.535343Z,2020,8,20,65.368200,22.772400,7.0,0,20.4,1,sea,0,0,0,0,0,0
2020-08-20T17:47:31.186154Z,2020,8,20,65.885100,22.490700,5.0,0,1.6,1,mainland,0,0,0,0,0,0
2020-08-20T17:48:48.972867Z,2020,8,20,65.542900,21.708100,5.0,0,1.8,1,mainland,0,0,0,0,0,0
2020-08-20T17:48:51.232735Z,2020,8,20,65.693300,22.794300,5.0,0,2.2,1,sea,0,1,1,0,0,1
2020-08-20T17:49:32.966152Z,2020,8,20,65.892300,22.479400,5.0,0,2.4,1,mainland,0,0,0,0,0,0
2020-08-20T17:51:13.189415Z,2020,8,20,65.900300,22.484600,6.0,0,8.6,1,inland_water,0,0,0,0,0,0
2020-08-20T17:52:43.109438Z,2020,8,20,65.904000,22.499500,5.0,0,5.8,1,mainland,0,0,0,0,0,0
2020-08-20T17:54:01.128304Z,2020,8,20,65.922900,22.533200,-6.0,0,3.6,1,mainland,0,0,0,0,1,1
2020-08-20T17:54:28.564611Z,2020,8,20,65.554800,21.991400,5.0,0,1.4,1,mainland,0,0,0,0,0,0
2020-08-20T17:54:52.297356Z,2020,8,20,65.580500,21.702500,5.0,0,1.6,1,mainland,0,0,0,0,0,0
2020-08-20T17:56:39.967704Z,2020,8,20,65.681100,21.436400,6.0,0,9.8,1,inland_water,0,0,0,0,0,1
2020-08-20T17:57:48.619049Z,2020,8,20,65.600600,22.826400,4.0,0,1.4,1,sea,0,0,0,0,0,0
2020-08-20T17:58:02.043090Z,2020,8,20,65.497600,22.004800,6.0,0,3.2,1,islands,1,1,1,0,0,0
2020-08-20T17:58:32.071926Z,2020,8,20,65.647700,21.582600,-6.0,0,11.0,1,mainland,0,0,0,0,0,0
2020-08-20T17:59:25.295832Z,2020,8,20,65.436600,22.073300,5.0,0,2.0,1,sea,0,0,0,0,0,0
2020-08-20T17:59:25.296537Z,2020,8,20,65.647700,21.588200,6.0,0,1.8,1,mainland,0,0,0,0,0,0
2020-08-20T18:00:00.521038Z,2020,8,20,65.578200,21.826100,6.0,0,2.8,1,mainland,0,0,0,0,0,0
2020-08-20T18:01:53.561180Z,2020,8,20,65.617500,21.441200,6.0,0,2.6,1,mainland,0,0,0,0,0,0
2020-08-20T18:02:10.608045Z,2020,8,20,65.437600,22.123200,6.0,0,2.2,1,sea,1,1,1,0,0,0
2020-08-20T18:05:48.368378Z,2020,8,20,65.611000,21.474900,5.0,0,1.6,1,mainland,0,0,0,0,0,0
2020-08-20T18:05:48.373675Z,2020,8,20,65.617400,21.456200,6.0,0,3.2,1,inland_water,0,0,0,0,0,0
2020-08-20T18:06:29.851104Z,2020,8,20,65.581100,21.783500,5.0,0,5.8,1,mainland,0,0,0,0,0,0
2020-08-20T18:06:29.861314Z,2020,8,20,65.476100,22.021300,5.0,0,2.8,1,sea,0,1,1,0,0,0
2020-08-20T18:06:43.776062Z,2020,8,20,65.658200,21.821900,-5.0,0,1.2,1,mainland,0,0,0,0,0,0
2020-08-20T18:08:07.081682Z,2020,8,20,65.620700,21.473100,6.0,0,9.4,1,mainland,0,0,0,0,0,0
2020-08-20T18:09:22.056692Z,2020,8,20,65.493000,22.201500,4.0,0,24.4,1,sea,0,0,0,0,0,0
2020-08-20T18:09:32.491886Z,2020,8,20,65.609300,21.487100,6.0,0,5.0,1,mainland,0,0,0,0,0,0
2020-08-20T18:09:32.492755Z,2020,8,20,65.423100,21.945300,5.0,0,2.0,1,sea,0,0,1,0,0,0
2020-08-20T18:11:27.278681Z,2020,8,20,65.629700,21.492700,8.0,0,5.2,1,mainland,0,0,0,0,0,0
2020-08-20T18:15:11.171431Z,2020,8,20,65.588300,21.873200,-7.0,0,3.8,1,mainland,0,0,0,0,0,0
2020-08-20T18:17:23.763839Z,2020,8,20,65.515200,22.249300,6.0,0,2.2,1,islands,0,0,1,0,0,0
2020-08-20T18:17:41.300736Z,2020,8,20,65.370200,22.212100,5.0,0,1.4,1,sea,0,0,0,0,0,0
2020-08-20T18:17:41.300857Z,2020,8,20,65.666700,21.547700,11.0,0,14.2,1,mainland,0,0,0,0,0,0
2020-08-20T18:17:41.301337Z,2020,8,20,65.460500,22.010900,5.0,0,3.0,1,mainland,0,1,1,0,0,0
2020-08-20T18:17:41.310401Z,2020,8,20,65.649600,21.835000,6.0,0,25.2,1,mainland,0,0,0,0,0,0
2020-08-20T18:18:51.935102Z,2020,8,20,65.413700,22.313900,-4.0,0,3.6,1,sea,0,0,1,0,0,0
2020-08-20T18:20:54.414214Z,2020,8,20,65.600500,22.158900,5.0,0,3.8,1,mainland,0,1,1,0,0,0
2020-08-20T18:23:36.472596Z,2020,8,20,65.556500,21.941700,-5.0,0,2.6,1,mainland,0,0,0,0,0,0
2020-08-20T18:25:44.294194Z,2020,8,20,65.516000,22.131800,4.0,0,1.4,1,mainland,1,1,1,0,0,0
2020-08-20T18:26:06.172512Z,2020,8,20,65.614500,22.219600,6.0,0,1.8,1,mainland,0,1,1,0,0,0
2020-08-20T18:26:37.783302Z,2020,8,20,65.575200,21.966500,6.0,0,1.2,1,mainland,0,0,0,0,0,0
2020-08-20T18:27:51.459245Z,2020,8,20,65.568000,21.955800,-7.0,0,1.4,1,mainland,0,0,0,0,0,0
2020-08-20T18:27:51.503892Z,2020,8,20,65.608500,21.867200,-5.0,0,1.6,1,inland_water,0,0,0,0,0,0
2020-08-20T18:28:06.750175Z,2020,8,20,65.437900,21.861400,6.0,0,1.8,1,mainland,0,0,0,0,1,1
2020-08-20T18:28:42.054617Z,2020,8,20,65.545400,22.055800,6.0,0,2.6,1,mainland,0,0,0,0,0,0
2020-08-20T18:33:18.943582Z,2020,8,20,65.554300,21.865200,5.0,0,1.2,1,mainland,0,0,0,0,0,0
2020-08-20T18:34:16.998499Z,2020,8,20,65.594100,21.944900,5.0,0,2.6,1,mainland,0,0,0,0,0,0
2020-08-20T18:34:27.882007Z,2020,8,20,65.570300,22.191600,6.0,0,1.4,1,mainland,0,0,1,0,0,0
2020-08-20T18:35:06.931845Z,2020,8,20,65.523300,22.075000,-5.0,0,2.6,1,sea,1,1,1,0,0,0
2020-08-20T18:35:17.532042Z,2020,8,20,65.760500,22.044600,-5.0,0,4.0,1,mainland,0,0,0,0,0,0
2020-08-20T18:36:54.704507Z,2020,8,20,65.590700,21.990700,5.0,0,1.6,1,mainland,0,0,0,0,0,0
2020-08-20T18:36:54.931531Z,2020,8,20,65.625200,21.869500,5.0,0,6.6,1,mainland,0,0,0,0,0,0
2020-08-20T18:36:55.141641Z,2020,8,20,65.561200,21.928500,5.0,0,1.6,1,mainland,0,0,0,0,0,0
2020-08-20T18:39:00.531469Z,2020,8,20,65.650800,21.557100,-6.0,0,2.6,1,mainland,0,0,0,0,0,0
2020-08-20T18:42:21.013183Z,2020,8,20,65.596800,22.052400,5.0,0,2.8,1,mainland,0,0,1,0,0,0
2020-08-20T18:43:20.695413Z,2020,8,20,65.530400,22.094000,-6.0,0,1.0,1,mainland,0,0,1,0,0,0
2020-08-20T18:43:56.416337Z,2020,8,20,65.588100,22.069300,-5.0,0,2.0,1,inland_water,0,0,0,0,0,0
2020-08-20T18:44:56.432336Z,2020,8,20,65.552500,22.101600,5.0,0,1.6,1,mainland,0,0,0,0,0,0
2020-08-20T18:45:45.859352Z,2020,8,20,65.715400,21.832900,10.0,0,30.2,1,mainland,0,0,0,0,0,1
2020-08-20T18:47:33.778990Z,2020,8,20,65.599400,22.039000,5.0,0,2.0,1,mainland,0,0,0,0,0,0
2020-08-20T18:48:50.149366Z,2020,8,20,65.689000,22.000300,5.0,0,3.2,1,mainland,0,0,0,0,0,0
2020-08-20T18:49:27.305515Z,2020,8,20,65.587000,22.148500,7.0,0,1.6,1,sea,1,1,1,0,0,0
2020-08-20T18:52:03.820279Z,2020,8,20,65.984700,22.190600,8.0,0,6.0,1,inland_water,0,0,0,0,0,0
2020-08-20T18:52:34.417097Z,2020,8,20,65.682700,21.924500,-5.0,0,1.8,1,mainland,0,0,0,0,0,0
2020-08-20T18:53:31.240661Z,2020,8,20,65.668600,21.995300,5.0,0,1.6,1,mainland,0,0,0,0,0,0
2020-08-20T18:53:58.495500Z,2020,8,20,65.949600,21.980400,10.0,0,9.0,1,mainland,0,0,0,0,0,1
2020-08-20T18:55:42.458088Z,2020,8,20,65.665500,22.013300,5.0,0,2.2,1,mainland,0,0,0,0,0,0
2020-08-20T18:56:33.805078Z,2020,8,20,65.913400,22.083300,8.0,0,7.2,1,mainland,0,0,0,0,0,0
2020-08-20T18:56:33.808062Z,2020,8,20,65.919700,22.108300,6.0,0,7.2,1,inland_water,0,0,0,0,0,0
2020-08-20T18:57:41.432155Z,2020,8,20,65.912800,22.212500,8.0,0,22.2,1,mainland,0,0,0,0,0,0
2020-08-20T18:57:41.433009Z,2020,8,20,65.908700,22.144400,5.0,0,17.4,1,mainland,0,0,0,0,0,0
2020-08-20T18:57:41.433966Z,2020,8,20,65.924500,22.100100,5.0,0,19.2,1,mainland,0,0,0,0,0,0
2020-08-20T18:57:41.435494Z,2020,8,20,65.925900,22.108400,6.0,0,3.2,1,mainland,0,0,0,0,0,0
2020-08-20T18:58:24.286938Z,2020,8,20,65.930100,22.050200,7.0,0,25.2,1,mainland,0,0,0,0,0,0
2020-08-20T18:58:24.288121Z,2020,8,20,65.922500,22.131100,6.0,0,4.4,1,mainland,0,0,0,0,0,0
2020-08-20T18:59:04.996881Z,2020,8,20,66.154100,22.062200,47.0,0,19.8,1,mainland,0,0,0,0,0,0
2020-08-20T18:59:22.723691Z,2020,8,20,65.639000,22.127800,5.0,0,14.0,1,mainland,0,0,0,0,0,0
2020-08-20T18:59:42.125393Z,2020,8,20,65.562400,22.274600,-5.0,0,1.6,1,sea,1,1,1,0,0,0
2020-08-20T18:59:48.860975Z,2020,8,20,65.851100,22.277200,6.0,0,5.6,1,mainland,0,0,0,0,0,0
2020-08-20T19:00:34.554942Z,2020,8,20,66.029500,22.254000,-8.0,0,3.8,1,mainland,0,0,0,0,0,0
2020-08-20T19:00:34.565733Z,2020,8,20,66.031100,22.257200,-4.0,0,21.6,1,mainland,0,0,0,0,0,0
2020-08-20T19:02:14.277017Z,2020,8,20,65.991500,21.979900,5.0,0,27.0,1,mainland,0,0,0,0,0,0
2020-08-20T19:02:15.080314Z,2020,8,20,65.544400,22.410100,5.0,0,1.2,1,mainland,1,1,1,0,0,0
2020-08-20T19:03:49.657445Z,2020,8,20,65.947700,22.186900,6.0,0,3.0,1,mainland,0,0,0,0,0,0
2020-08-20T19:03:49.658314Z,2020,8,20,65.947200,22.190000,7.0,0,6.2,1,mainland,0,0,0,0,0,0
2020-08-20T19:03:49.659300Z,2020,8,20,65.540500,22.854300,4.0,0,2.8,1,sea,0,0,0,0,0,0
2020-08-20T19:05:01.824245Z,2020,8,20,65.394400,22.078200,6.0,0,28.0,1,sea,1,1,1,0,0,0
2020-08-20T19:05:21.986325Z,2020,8,20,65.994100,22.054200,-40.0,0,16.6,1,mainland,0,0,0,0,0,0
2020-08-20T19:05:21.998153Z,2020,8,20,65.991900,22.057900,-8.0,0,5.6,1,mainland,0,0,0,0,0,0
2020-08-20T19:05:22.138346Z,2020,8,20,65.993600,22.056900,-7.0,0,5.4,1,mainland,0,0,0,0,0,0
2020-08-20T19:05:22.154959Z,2020,8,20,65.993600,22.056900,-6.0,0,4.4,1,mainland,0,0,0,0,0,0
2020-08-20T19:07:16.274642Z,2020,8,20,65.994800,21.951300,9.0,0,5.0,1,mainland,0,0,0,0,0,0
2020-08-20T19:07:16.519212Z,2020,8,20,66.034900,22.118100,-5.0,0,3.2,1,mainland,0,0,0,0,0,0
2020-08-20T19:07:16.642454Z,2020,8,20,65.978500,21.978000,-13.0,0,7.8,1,mainland,0,0,0,0,0,0
2020-08-20T19:07:16.654148Z,2020,8,20,65.732800,22.271800,-5.0,0,1.6,1,mainland,0,0,0,0,0,0
2020-08-20T19:07:16.847328Z,2020,8,20,65.979300,21.979700,-10.0,0,5.8,1,mainland,0,0,0,0,0,0
2020-08-20T19:07:48.569845Z,2020,8,20,65.952500,22.228000,7.0,0,5.8,1,mainland,0,0,0,0,0,0
2020-08-20T19:08:26.221746Z,2020,8,20,65.970600,22.263900,6.0,0,11.8,1,mainland,0,0,0,0,0,0
2020-08-20T19:08:26.222479Z,2020,8,20,65.950600,22.254700,6.0,0,1.4,1,mainland,0,0,0,0,0,0
2020-08-20T19:09:14.807847Z,2020,8,20,65.797200,22.505700,6.0,0,5.8,1,sea,1,1,1,0,0,0
2020-08-20T19:09:14.808080Z,2020,8,20,65.951200,22.252100,7.0,0,4.4,1,mainland,0,0,0,0,0,0
2020-08-20T19:11:09.118166Z,2020,8,20,65.962600,22.256800,5.0,0,12.6,1,mainland,0,0,0,0,0,0
2020-08-20T19:11:09.153860Z,2020,8,20,65.964400,22.269000,6.0,0,17.2,1,mainland,0,0,0,0,0,0
2020-08-20T19:12:33.469360Z,2020,8,20,65.963400,22.285500,6.0,0,24.4,1,mainland,0,0,0,0,0,0
2020-08-20T19:12:33.471631Z,2020,8,20,65.968300,22.293000,4.0,0,1.4,1,mainland,0,0,0,0,0,0
2020-08-20T19:12:33.481491Z,2020,8,20,65.970500,22.281100,6.0,0,10.0,1,mainland,0,0,0,0,0,0
2020-08-20T19:13:32.015008Z,2020,8,20,65.965300,22.286000,12.0,0,7.6,1,mainland,0,0,0,0,0,0
2020-08-20T19:13:32.018128Z,2020,8,20,65.967600,22.310400,6.0,0,6.6,1,mainland,0,0,0,0,0,0
2020-08-20T19:14:48.763932Z,2020,8,20,65.960300,22.349200,15.0,0,30.2,1,mainland,0,0,0,0,0,0
2020-08-20T19:14:48.765393Z,2020,8,20,65.977300,22.314800,4.0,0,1.4,1,mainland,0,0,0,0,0,0
2020-08-20T19:15:27.591703Z,2020,8,20,65.974500,22.300400,5.0,0,13.0,1,mainland,0,0,0,0,0,0
2020-08-20T19:15:32.520238Z,2020,8,20,65.915500,22.070300,7.0,0,2.0,1,mainland,0,0,0,0,0,0
2020-08-20T19:16:27.831979Z,2020,8,20,65.982300,22.352400,10.0,0,9.6,1,mainland,0,0,0,0,0,0
2020-08-20T19:16:27.832435Z,2020,8,20,66.008800,22.389600,11.0,0,28.6,1,mainland,0,0,0,0,0,0
2020-08-20T19:16:27.844039Z,2020,8,20,65.898300,22.428900,6.0,0,19.4,1,mainland,0,0,0,0,0,0
2020-08-20T19:17:56.834797Z,2020,8,20,65.973200,22.438900,5.0,0,4.4,1,mainland,0,0,0,0,0,0
2020-08-20T19:18:31.711131Z,2020,8,20,65.654500,22.526600,5.0,0,5.2,1,sea,0,1,1,0,0,0
2020-08-20T19:18:31.726746Z,2020,8,20,65.938500,22.048200,9.0,0,15.6,1,mainland,0,0,0,0,0,0
2020-08-20T19:18:59.902122Z,2020,8,20,65.663800,22.565400,8.0,0,2.4,1,sea,0,0,0,0,0,0
2020-08-20T19:19:05.201076Z,2020,8,20,66.148800,22.283200,5.0,0,6.4,1,mainland,0,0,0,0,0,0
2020-08-20T19:19:05.210540Z,2020,8,20,66.089800,22.301200,8.0,0,4.4,1,mainland,0,0,0,0,0,0
2020-08-20T19:19:09.455478Z,2020,8,20,65.483700,21.921900,5.0,0,17.2,1,mainland,0,0,1,0,0,0
2020-08-20T19:20:51.083157Z,2020,8,20,66.119900,22.327700,6.0,0,19.4,1,inland_water,0,0,0,0,0,0
2020-08-20T19:20:51.352218Z,2020,8,20,66.083300,22.324100,5.0,0,4.4,1,mainland,0,0,0,0,0,0
2020-08-20T19:21:51.942456Z,2020,8,20,66.097900,22.372700,11.0,0,18.0,1,mainland,0,0,0,0,0,1
2020-08-20T19:21:51.942950Z,2020,8,20,66.098600,22.383400,7.0,0,10.6,1,mainland,0,0,0,1,1,1
2020-08-20T19:22:35.474758Z,2020,8,20,65.439400,21.920800,6.0,0,2.0,1,mainland,1,1,1,0,0,0
2020-08-20T19:22:44.802675Z,2020,8,20,65.924000,22.217700,7.0,0,30.2,1,mainland,0,0,0,0,0,0
2020-08-20T19:23:14.102933Z,2020,8,20,66.095400,22.378400,10.0,0,11.6,1,mainland,0,0,0,0,1,1
2020-08-20T19:23:14.103186Z,2020,8,20,66.101600,22.376000,10.0,0,5.0,1,mainland,0,0,0,1,1,1
2020-08-20T19:23:59.618664Z,2020,8,20,65.972900,22.168000,6.0,0,8.2,1,mainland,0,0,0,0,0,0
2020-08-20T19:23:59.620080Z,2020,8,20,65.970900,22.154400,6.0,0,8.8,1,inland_water,0,0,0,0,0,0
2020-08-20T19:25:57.752747Z,2020,8,20,66.000100,22.197600,5.0,0,17.4,1,mainland,0,0,0,0,0,0
2020-08-20T19:25:57.764812Z,2020,8,20,66.092100,22.315700,4.0,0,3.4,1,mainland,0,0,0,0,0,0
2020-08-20T19:26:03.150454Z,2020,8,20,65.588700,21.652600,-9.0,0,4.0,1,mainland,0,0,0,0,0,0
2020-08-20T19:26:35.764937Z,2020,8,20,65.584500,21.710300,5.0,0,2.0,1,mainland,0,0,0,0,0,0
2020-08-20T19:27:48.312695Z,2020,8,20,65.563900,21.755700,7.0,0,3.4,1,mainland,0,0,0,0,0,0
2020-08-20T19:28:28.824850Z,2020,8,20,65.989600,22.187700,5.0,0,22.4,1,mainland,0,0,0,0,0,0
2020-08-20T19:28:28.825206Z,2020,8,20,65.985600,22.196100,5.0,0,7.6,1,mainland,0,0,0,0,0,0
2020-08-20T19:28:46.190209Z,2020,8,20,65.546500,21.999400,9.0,0,18.2,1,mainland,0,0,0,0,0,0
2020-08-20T19:30:15.293968Z,2020,8,20,65.527800,21.897800,6.0,0,2.6,1,mainland,1,1,1,0,0,0
2020-08-20T19:30:15.437240Z,2020,8,20,65.474200,22.027600,4.0,0,1.6,1,sea,1,1,1,0,0,0
2020-08-20T19:32:29.003636Z,2020,8,20,66.023100,22.233400,8.0,0,7.0,1,mainland,0,0,0,0,0,0
2020-08-20T19:32:29.005647Z,2020,8,20,66.023000,22.244600,13.0,0,8.2,1,mainland,0,0,0,0,0,0
2020-08-20T19:32:29.009597Z,2020,8,20,66.002900,22.254700,7.0,0,3.6,1,mainland,0,0,0,0,0,0
2020-08-20T19:32:29.017038Z,2020,8,20,66.018300,22.219800,6.0,0,12.0,1,mainland,0,0,0,0,0,0
2020-08-20T19:32:29.018055Z,2020,8,20,66.003500,22.212900,8.0,0,12.2,1,mainland,0,0,0,0,0,0
2020-08-20T19:32:47.835963Z,2020,8,20,65.490900,21.938400,5.0,0,1.6,1,mainland,1,1,1,0,0,0
2020-08-20T19:35:48.951605Z,2020,8,20,66.040700,22.385700,6.0,0,5.2,1,mainland,0,0,0,0,0,0
2020-08-20T19:36:24.533057Z,2020,8,20,65.584500,21.865700,7.0,0,6.4,1,mainland,0,0,0,0,0,0
2020-08-20T19:38:03.202642Z,2020,8,20,66.016600,22.274300,12.0,0,7.0,1,mainland,0,0,0,0,0,0
2020-08-20T19:38:03.203276Z,2020,8,20,66.028700,22.378600,12.0,0,25.8,1,mainland,0,0,0,0,0,0
2020-08-20T19:38:03.215762Z,2020,8,20,66.021500,22.287700,14.0,0,19.0,1,mainland,0,0,0,0,0,0
2020-08-20T19:38:03.301697Z,2020,8,20,66.013800,22.234000,17.0,0,10.8,1,mainland,0,0,0,0,0,0
2020-08-20T19:38:30.570420Z,2020,8,20,65.486100,22.336300,5.0,0,2.0,1,sea,0,1,1,0,0,0
2020-08-20T19:40:36.532397Z,2020,8,20,66.030700,22.302300,8.0,0,15.2,1,mainland,0,0,0,0,0,0
2020-08-20T19:40:36.533140Z,2020,8,20,66.024800,22.321200,8.0,0,12.6,1,mainland,0,0,0,0,0,0
2020-08-20T19:40:36.534212Z,2020,8,20,66.021800,22.302700,8.0,0,21.2,1,mainland,0,0,0,0,0,0
2020-08-20T19:40:36.536818Z,2020,8,20,66.037000,22.289900,4.0,0,15.2,1,mainland,0,0,0,0,0,0
2020-08-20T19:40:36.543066Z,2020,8,20,66.033500,22.298700,11.0,0,25.6,1,mainland,0,0,0,0,0,0
2020-08-20T19:40:36.543651Z,2020,8,20,66.032800,22.298800,15.0,0,10.8,1,mainland,0,0,0,0,0,0
2020-08-20T19:40:36.657525Z,2020,8,20,65.975200,22.351300,11.0,0,3.8,1,mainland,0,0,0,0,0,0
2020-08-20T19:41:39.362227Z,2020,8,20,65.992400,22.350300,42.0,0,10.0,1,mainland,0,0,0,0,0,0
2020-08-20T19:43:35.196931Z,2020,8,20,65.988800,22.477300,45.0,0,30.2,1,mainland,0,0,0,0,0,1
2020-08-20T19:46:47.505235Z,2020,8,20,65.574100,22.225200,4.0,0,22.0,1,sea,1,1,1,0,0,0
2020-08-20T19:52:47.605935Z,2020,8,20,65.987400,22.465100,92.0,0,16.8,1,mainland,0,0,0,0,0,0
2020-08-20T20:03:44.138721Z,2020,8,20,65.951200,21.961400,8.0,0,13.8,1,mainland,0,0,0,0,0,1
2020-08-20T20:03:44.140696Z,2020,8,20,65.692500,22.404400,5.0,0,4.6,1,sea,0,0,1,0,0,0
2020-08-20T20:03:44.153279Z,2020,8,20,65.984700,21.890000,8.0,0,22.2,1,mainland,0,0,0,0,0,1
2020-08-20T20:05:55.154276Z,2020,8,20,65.947600,21.980100,-6.0,0,3.4,1,mainland,0,0,0,0,0,1
2020-08-20T20:05:55.163694Z,2020,8,20,65.945000,22.024100,-6.0,0,3.6,1,mainland,0,0,0,0,0,0
2020-08-20T20:07:36.720098Z,2020,8,20,65.943600,22.012900,7.0,0,10.6,1,mainland,0,0,0,0,0,0
2020-08-20T20:07:36.738538Z,2020,8,20,65.947400,22.029600,5.0,0,11.2,1,mainland,0,0,0,0,0,0
2020-08-20T20:07:36.867899Z,2020,8,20,65.983800,22.023200,8.0,0,6.4,1,mainland,0,0,0,0,0,0
2020-08-20T20:08:44.853623Z,2020,8,20,66.040600,22.134100,4.0,0,4.4,1,mainland,0,0,0,0,0,0
2020-08-20T20:09:42.713737Z,2020,8,20,65.944800,22.012300,5.0,0,13.4,1,mainland,0,0,0,0,0,0
2020-08-20T20:09:43.453380Z,2020,8,20,65.822300,21.994500,16.0,0,9.4,1,mainland,0,0,0,1,1,1
2020-08-20T20:11:07.765030Z,2020,8,20,65.958500,22.028700,9.0,0,14.4,1,mainland,0,0,0,0,0,0
2020-08-20T20:11:07.765224Z,2020,8,20,65.938100,22.122600,8.0,0,25.2,1,mainland,0,0,0,0,0,0
2020-08-20T20:11:07.766666Z,2020,8,20,65.960800,22.044500,4.0,0,5.4,1,mainland,0,0,0,0,0,0
2020-08-20T20:12:59.101606Z,2020,8,20,65.929100,22.101300,-5.0,0,12.0,1,mainland,0,0,0,0,0,0
2020-08-20T20:12:59.102148Z,2020,8,20,65.958800,22.213000,-8.0,0,12.2,1,mainland,0,0,0,0,0,0
2020-08-20T20:12:59.102767Z,2020,8,20,65.688400,22.549400,5.0,0,2.6,1,sea,0,0,1,0,0,0
2020-08-20T20:15:47.937335Z,2020,8,20,65.978700,22.112500,12.0,0,19.4,1,mainland,0,0,0,0,0,0
2020-08-20T20:15:47.944538Z,2020,8,20,65.985800,22.267200,8.0,0,11.4,1,mainland,0,0,0,0,0,0
2020-08-20T20:34:28.392106Z,2020,8,20,65.991700,22.370600,-6.0,0,2.8,1,mainland,0,0,0,0,0,0
2020-08-20T20:34:28.972302Z,2020,8,20,65.913000,22.224600,-25.0,0,14.4,1,mainland,0,0,0,0,0,0
2020-08-20T20:34:29.037029Z,2020,8,20,65.873200,22.297300,-5.0,0,2.6,1,mainland,0,0,0,0,0,0
2020-08-22T14:28:47.012818Z,2020,8,22,65.681300,21.713200,5.0,0,2.0,1,mainland,0,0,0,1,1,1
2020-08-22T14:48:37.367124Z,2020,8,22,65.701500,22.005300,5.0,0,1.4,1,mainland,0,0,0,0,0,0
2020-08-22T14:58:19.234384Z,2020,8,22,65.574000,21.630800,-10.0,0,30.2,1,mainland,0,0,0,0,0,0
2020-08-22T15:06:06.831022Z,2020,8,22,65.612900,21.805600,6.0,0,1.6,1,mainland,0,0,0,0,0,0
2020-08-22T15:39:25.352000Z,2020,8,22,65.184400,22.959900,14.0,0,19.6,1,sea,0,0,0,0,0,0
2020-08-22T16:34:17.005745Z,2020,8,22,65.588700,22.415000,-26.0,0,11.8,1,sea,0,0,1,0,0,0
2020-08-22T19:12:45.530378Z,2020,8,22,65.607900,21.707000,11.0,0,3.2,1,mainland,0,0,0,0,0,0
2020-08-23T09:38:50.431192Z,2020,8,23,65.577000,22.591900,5.0,0,1.4,1,islands,0,0,1,0,0,0
2020-08-23T09:38:50.638749Z,2020,8,23,65.990100,21.947300,-9.0,0,5.8,1,mainland,0,0,0,0,0,0
2020-08-23T09:43:29.197133Z,2020,8,23,65.958600,21.939600,-5.0,0,5.2,1,mainland,0,0,0,0,0,0
2020-08-23T09:44:08.304808Z,2020,8,23,65.983800,21.876400,12.0,0,16.4,1,mainland,0,0,0,0,0,1
2020-08-23T09:44:08.305400Z,2020,8,23,65.976400,21.873600,6.0,0,26.8,1,mainland,0,0,0,0,0,1
2020-08-23T09:44:08.308613Z,2020,8,23,65.994000,21.969800,9.0,0,15.2,1,mainland,0,0,0,0,0,0
2020-08-23T09:44:40.954400Z,2020,8,23,65.985200,21.897500,12.0,0,11.2,1,mainland,0,0,0,0,0,1
2020-08-23T09:44:40.954786Z,2020,8,23,65.988200,21.881000,10.0,0,13.4,1,mainland,0,0,0,0,1,1
2020-08-23T09:45:25.265895Z,2020,8,23,65.988800,21.873800,5.0,0,8.2,1,mainland,0,0,0,1,1,1
2020-08-23T09:45:37.259861Z,2020,8,23,65.853200,22.150500,-5.0,0,4.0,1,mainland,0,0,0,0,0,0
2020-08-23T09:45:37.322323Z,2020,8,23,65.892600,22.067800,-5.0,0,3.2,1,mainland,0,0,0,0,0,0
2020-08-23T09:46:10.701016Z,2020,8,23,65.983500,21.899100,12.0,0,3.8,1,mainland,0,0,0,0,0,0
2020-08-23T09:46:10.702532Z,2020,8,23,66.130800,22.044700,5.0,0,7.6,1,mainland,0,0,0,0,0,0
2020-08-23T09:47:02.454561Z,2020,8,23,65.987900,21.864000,6.0,0,14.0,1,mainland,0,0,0,0,1,1
2020-08-23T09:47:25.442768Z,2020,8,23,65.887100,22.103700,-6.0,0,8.4,1,mainland,0,0,0,0,0,0
2020-08-23T09:48:54.939223Z,2020,8,23,65.993500,21.897500,5.0,0,19.6,1,mainland,0,0,0,0,0,1
2020-08-23T09:48:54.940594Z,2020,8,23,65.988800,21.917200,5.0,0,9.4,1,mainland,0,0,0,0,0,0
2020-08-23T09:48:54.940669Z,2020,8,23,65.820100,22.450000,10.0,0,30.2,1,sea,1,1,1,0,0,0
2020-08-23T09:49:25.130352Z,2020,8,23,65.905700,22.093200,10.0,0,2.8,1,mainland,0,0,0,0,0,0
2020-08-23T09:49:25.130395Z,2020,8,23,65.907700,22.103600,-11.0,0,8.8,1,mainland,0,0,0,0,0,0
2020-08-23T09:49:25.143689Z,2020,8,23,65.905100,22.108400,-6.0,0,3.2,1,mainland,0,0,0,0,0,0
2020-08-23T09:54:35.648599Z,2020,8,23,66.027100,21.939700,4.0,0,4.2,1,inland_water,0,0,0,0,1,1
2020-08-23T09:54:35.649237Z,2020,8,23,66.011000,21.917500,12.0,0,11.4,1,mainland,0,0,0,1,1,1
2020-08-23T09:54:35.652584Z,2020,8,23,66.002700,21.916000,7.0,0,12.8,1,mainland,0,0,0,1,1,1
2020-08-23T09:57:03.919856Z,2020,8,23,65.999300,21.985000,4.0,0,6.2,1,mainland,0,0,0,0,0,0
2020-08-23T09:57:33.978669Z,2020,8,23,66.006100,22.017500,6.0,0,4.6,1,mainland,0,0,0,0,0,0
2020-08-23T09:59:28.381741Z,2020,8,23,65.932500,22.275900,-14.0,0,5.6,1,mainland,0,0,0,0,0,0
2020-08-23T10:00:44.879820Z,2020,8,23,65.991600,22.025000,7.0,0,5.4,1,inland_water,0,0,0,0,0,0
2020-08-23T10:00:44.881728Z,2020,8,23,65.993600,22.041100,6.0,0,5.8,1,mainland,0,0,0,0,0,0
2020-08-23T10:00:44.882401Z,2020,8,23,66.010300,22.174900,6.0,0,3.8,1,mainland,0,0,0,0,0,0
2020-08-23T10:00:44.884109Z,2020,8,23,65.991700,22.025600,6.0,0,6.4,1,inland_water,0,0,0,0,0,0
2020-08-23T10:01:27.731330Z,2020,8,23,65.957200,22.159800,-13.0,0,6.8,1,mainland,0,0,0,0,0,0
2020-08-23T10:01:27.735905Z,2020,8,23,65.944000,22.156200,-9.0,0,6.0,1,mainland,0,0,0,0,0,0
2020-08-23T10:01:27.738775Z,2020,8,23,65.954700,22.146800,-5.0,0,13.2,1,mainland,0,0,0,0,0,0
2020-08-23T10:01:28.334328Z,2020,8,23,65.731500,22.573400,-6.0,0,2.8,1,islands,1,1,1,0,0,0
2020-08-23T10:01:36.604353Z,2020,8,23,65.985300,22.010200,6.0,0,15.8,1,mainland,0,0,0,0,0,0
2020-08-23T10:02:18.076356Z,2020,8,23,66.145000,22.078500,4.0,0,3.4,1,mainland,0,0,0,0,0,0
2020-08-23T10:02:45.010076Z,2020,8,23,66.139100,22.085800,-8.0,0,4.2,1,mainland,0,0,0,0,0,0
2020-08-23T10:03:29.653646Z,2020,8,23,66.032800,22.059500,4.0,0,17.0,1,mainland,0,0,0,0,0,0
2020-08-23T10:03:29.654922Z,2020,8,23,65.986400,22.066000,9.0,0,14.6,1,mainland,0,0,0,0,0,0
2020-08-23T10:03:29.655951Z,2020,8,23,66.014600,22.040800,6.0,0,2.8,1,mainland,0,0,0,0,0,0
2020-08-23T10:03:29.657218Z,2020,8,23,66.016000,22.040200,5.0,0,21.2,1,mainland,0,0,0,0,0,0
2020-08-23T10:04:05.151564Z,2020,8,23,66.141900,22.087400,-6.0,0,3.4,1,mainland,0,0,0,0,0,0
2020-08-23T10:04:05.157586Z,2020,8,23,66.151800,22.098300,-15.0,0,10.6,1,mainland,0,0,0,0,0,0
2020-08-23T10:04:05.656544Z,2020,8,23,66.060800,22.026900,6.0,0,1.6,1,mainland,0,0,0,0,0,1
2020-08-23T10:04:56.913034Z,2020,8,23,66.086900,22.119000,-15.0,0,6.6,1,mainland,0,0,0,0,0,0
2020-08-23T10:04:56.945404Z,2020,8,23,66.087200,22.104200,-10.0,0,4.8,1,mainland,0,0,0,0,0,0
2020-08-23T10:04:56.997539Z,2020,8,23,66.096400,22.109600,-5.0,0,2.8,1,mainland,0,0,0,0,0,0
2020-08-23T10:05:34.402757Z,2020,8,23,66.161600,22.084800,5.0,0,1.0,1,mainland,0,0,0,0,0,0
2020-08-23T10:05:57.035362Z,2020,8,23,65.995000,22.013700,6.0,0,2.8,1,inland_water,0,0,0,0,0,0
2020-08-23T10:05:57.035808Z,2020,8,23,65.996200,22.021400,10.0,0,4.4,1,inland_water,0,0,0,0,0,0
2020-08-23T10:05:57.036134Z,2020,8,23,65.987200,22.037500,17.0,0,11.0,1,inland_water,0,0,0,0,0,0
2020-08-23T10:06:51.425384Z,2020,8,23,66.016600,22.121600,-20.0,0,6.4,1,mainland,0,0,0,0,0,0
2020-08-23T10:06:51.465845Z,2020,8,23,66.017900,22.119500,-6.0,0,4.4,1,mainland,0,0,0,0,0,0
2020-08-23T10:06:51.556965Z,2020,8,23,66.016400,22.120500,-11.0,0,5.4,1,mainland,0,0,0,0,0,0
2020-08-23T10:07:11.084264Z,2020,8,23,66.001400,22.044700,5.0,0,7.8,1,mainland,0,0,0,0,0,0
2020-08-23T10:07:40.306331Z,2020,8,23,66.138100,22.107900,7.0,0,6.8,1,mainland,0,0,0,0,0,0
2020-08-23T10:08:08.287236Z,2020,8,23,66.197200,22.141600,-6.0,0,3.8,1,mainland,0,0,0,0,0,0
2020-08-23T10:09:22.395786Z,2020,8,23,66.160000,22.193900,-52.0,0,21.6,1,mainland,0,0,0,0,0,0
2020-08-23T10:09:22.416678Z,2020,8,23,66.162100,22.196900,-22.0,0,7.6,1,mainland,0,0,0,0,0,0
2020-08-23T10:09:22.444972Z,2020,8,23,66.149100,22.217200,-12.0,0,7.0,1,mainland,0,0,0,0,0,0
2020-08-23T10:09:22.461194Z,2020,8,23,66.159500,22.196800,-6.0,0,4.0,1,mainland,0,0,0,0,0,0
2020-08-23T10:10:00.899633Z,2020,8,23,66.045200,22.140500,6.0,0,4.6,1,mainland,0,0,0,0,0,0
2020-08-23T10:10:22.129575Z,2020,8,23,66.051700,22.140600,5.0,0,5.2,1,mainland,0,0,0,0,0,0
2020-08-23T10:10:55.005932Z,2020,8,23,66.132000,22.090600,7.0,0,5.0,1,mainland,0,0,0,0,0,0
2020-08-23T10:11:30.119462Z,2020,8,23,65.803600,22.429600,6.0,0,4.6,1,sea,0,0,1,0,0,0
2020-08-23T10:11:30.145830Z,2020,8,23,66.056700,22.176000,28.0,0,30.2,1,mainland,0,0,0,0,0,0
2020-08-23T10:11:30.147640Z,2020,8,23,66.065600,22.149700,7.0,0,7.2,1,mainland,0,0,0,0,0,0
2020-08-23T10:11:46.757306Z,2020,8,23,66.160400,22.186800,-5.0,0,4.8,1,mainland,0,0,0,0,0,0
2020-08-23T10:11:46.771908Z,2020,8,23,66.145900,22.234800,-16.0,0,4.8,1,mainland,0,0,0,0,0,0
2020-08-23T10:11:46.814686Z,2020,8,23,66.158400,22.227000,-25.0,0,8.8,1,inland_water,0,0,0,0,0,0
2020-08-23T10:11:46.857546Z,2020,8,23,66.159400,22.233000,-20.0,0,6.6,1,mainland,0,0,0,0,0,0
2020-08-23T10:11:46.875894Z,2020,8,23,66.159200,22.276000,-6.0,0,5.0,1,mainland,0,0,0,0,0,0
2020-08-23T10:11:47.165908Z,2020,8,23,66.158700,22.227700,-16.0,0,8.8,1,inland_water,0,0,0,0,0,0
2020-08-23T10:12:39.818021Z,2020,8,23,66.019600,22.231600,-21.0,0,12.8,1,mainland,0,0,0,0,0,0
2020-08-23T10:12:39.818412Z,2020,8,23,66.058100,22.168600,13.0,0,6.0,1,mainland,0,0,0,0,0,0
2020-08-23T10:12:39.819619Z,2020,8,23,66.059000,22.158400,6.0,0,2.2,1,mainland,0,0,0,0,0,0
2020-08-23T10:12:39.828930Z,2020,8,23,66.063500,22.166200,7.0,0,15.8,1,mainland,0,0,0,0,0,0
2020-08-23T10:13:33.803307Z,2020,8,23,66.014600,22.041600,5.0,0,12.2,1,mainland,0,0,0,0,0,0
2020-08-23T10:13:33.803902Z,2020,8,23,66.036200,22.115000,7.0,0,9.0,1,mainland,0,0,0,0,0,0
2020-08-23T10:13:33.804276Z,2020,8,23,66.037500,22.112400,8.0,0,17.4,1,mainland,0,0,0,0,0,0
2020-08-23T10:13:33.804996Z,2020,8,23,66.032900,22.140200,5.0,0,17.4,1,mainland,0,0,0,0,0,0
2020-08-23T10:13:33.805583Z,2020,8,23,66.032400,22.112700,14.0,0,26.4,1,mainland,0,0,0,0,0,0
2020-08-23T10:13:33.820554Z,2020,8,23,66.071700,22.145400,5.0,0,2.0,1,mainland,0,0,0,0,0,0
2020-08-23T10:13:33.838079Z,2020,8,23,66.036600,22.110300,6.0,0,1.6,1,mainland,0,0,0,0,0,0
2020-08-23T10:13:34.141948Z,2020,8,23,66.022600,22.186400,7.0,0,8.2,1,mainland,0,0,0,0,0,0
2020-08-23T10:13:34.144122Z,2020,8,23,66.024900,22.183600,-10.0,0,7.0,1,mainland,0,0,0,0,0,0
2020-08-23T10:14:17.708743Z,2020,8,23,66.179700,22.194600,8.0,0,4.6,1,mainland,0,0,0,0,0,0
2020-08-23T10:14:17.709460Z,2020,8,23,66.178700,22.234800,-7.0,0,10.4,1,mainland,0,0,0,0,0,0
2020-08-23T10:14:17.720634Z,2020,8,23,66.181100,22.198000,7.0,0,3.4,1,mainland,0,0,0,0,0,0
2020-08-23T10:14:18.179444Z,2020,8,23,66.133300,22.169100,-46.0,0,24.4,1,mainland,0,0,0,0,0,0
2020-08-23T10:14:18.201710Z,2020,8,23,66.133900,22.176900,-15.0,0,6.0,1,mainland,0,0,0,0,0,0
2020-08-23T10:14:18.409053Z,2020,8,23,66.133400,22.173800,-10.0,0,7.0,1,mainland,0,0,0,0,0,0
2020-08-23T10:14:42.484800Z,2020,8,23,66.183000,22.193600,4.0,0,5.2,1,mainland,0,0,0,0,0,0
2020-08-23T10:15:10.261722Z,2020,8,23,66.084200,22.139600,7.0,0,2.8,1,mainland,0,0,0,0,0,0
2020-08-23T10:16:09.010693Z,2020,8,23,66.186900,22.207400,5.0,0,3.4,1,mainland,0,0,0,0,0,0
2020-08-23T10:16:09.012635Z,2020,8,23,66.178300,22.181300,5.0,0,13.4,1,mainland,0,0,0,0,0,0
2020-08-23T10:16:09.016027Z,2020,8,23,66.192000,22.200300,5.0,0,9.0,1,mainland,0,0,0,0,0,0
2020-08-23T10:16:09.037217Z,2020,8,23,66.186400,22.211000,31.0,0,30.0,1,mainland,0,0,0,0,0,0
2020-08-23T10:17:02.183157Z,2020,8,23,66.054600,22.158800,-7.0,0,6.4,1,mainland,0,0,0,0,0,0
2020-08-23T10:17:02.185644Z,2020,8,23,66.052000,22.167400,-42.0,0,16.2,1,mainland,0,0,0,0,0,0
2020-08-23T10:17:02.199679Z,2020,8,23,66.066800,22.186800,-4.0,0,8.2,1,mainland,0,0,0,0,0,0
2020-08-23T10:17:02.199698Z,2020,8,23,66.050600,22.179700,7.0,0,5.4,1,mainland,0,0,0,0,0,0
2020-08-23T10:17:02.203847Z,2020,8,23,66.051400,22.166300,-15.0,0,6.6,1,mainland,0,0,0,0,0,0
2020-08-23T10:17:02.594355Z,2020,8,23,66.050500,22.164300,-7.0,0,4.6,1,mainland,0,0,0,0,0,0
2020-08-23T10:18:00.011074Z,2020,8,23,66.078200,22.140800,6.0,0,11.2,1,mainland,0,0,0,0,0,0
2020-08-23T10:18:00.011712Z,2020,8,23,66.076600,22.156200,19.0,0,20.2,1,mainland,0,0,0,0,0,0
2020-08-23T10:18:00.012807Z,2020,8,23,66.076400,22.160700,17.0,0,17.4,1,mainland,0,0,0,0,0,0
2020-08-23T10:18:00.013841Z,2020,8,23,66.078900,22.150100,13.0,0,7.6,1,mainland,0,0,0,0,0,0
2020-08-23T10:18:00.015401Z,2020,8,23,66.078300,22.140100,5.0,0,5.0,1,mainland,0,0,0,0,0,0
2020-08-23T10:19:47.454683Z,2020,8,23,66.055600,22.158800,8.0,0,4.6,1,mainland,0,0,0,0,0,0
2020-08-23T10:19:47.455685Z,2020,8,23,66.059300,22.169600,6.0,0,5.4,1,mainland,0,0,0,0,0,0
2020-08-23T10:19:47.456723Z,2020,8,23,65.711200,22.708600,4.0,0,19.6,1,sea,0,1,1,0,1,1
2020-08-23T10:19:47.457544Z,2020,8,23,66.052900,22.213400,7.0,0,19.0,1,mainland,0,0,0,0,0,0
2020-08-23T10:20:46.560347Z,2020,8,23,66.057000,22.182300,7.0,0,5.4,1,mainland,0,0,0,0,0,0
2020-08-23T10:22:05.311428Z,2020,8,23,66.047500,22.392500,-15.0,0,17.4,1,mainland,0,0,0,0,0,0
2020-08-23T10:23:01.218776Z,2020,8,23,66.014700,22.341100,-6.0,0,6.0,1,mainland,0,0,0,0,0,0
2020-08-23T10:23:01.489523Z,2020,8,23,66.087400,22.202700,5.0,0,5.8,1,mainland,0,0,0,0,0,0
2020-08-23T10:23:01.492464Z,2020,8,23,66.023300,22.307400,5.0,0,4.8,1,mainland,0,0,0,0,0,0
2020-08-23T10:25:08.637741Z,2020,8,23,66.106500,22.258400,7.0,0,4.4,1,mainland,0,0,0,0,0,0
2020-08-23T10:25:08.639284Z,2020,8,23,66.107900,22.269300,10.0,0,12.4,1,mainland,0,0,0,0,0,0
2020-08-23T10:25:08.650602Z,2020,8,23,66.111400,22.262300,9.0,0,16.2,1,mainland,0,0,0,0,0,0
2020-08-23T10:27:11.857390Z,2020,8,23,65.935600,22.180400,7.0,0,5.0,1,mainland,0,0,0,0,0,0
2020-08-23T10:27:11.858426Z,2020,8,23,66.139600,22.258200,10.0,0,8.0,1,mainland,0,0,0,0,0,0
2020-08-23T10:27:11.859977Z,2020,8,23,66.142700,22.268200,5.0,0,6.2,1,inland_water,0,0,0,0,0,0
2020-08-23T10:27:11.861928Z,2020,8,23,66.150100,22.234800,7.0,0,8.2,1,mainland,0,0,0,0,0,0
2020-08-23T10:27:11.873993Z,2020,8,23,66.138900,22.248800,7.0,0,14.4,1,mainland,0,0,0,0,0,0
2020-08-23T10:28:30.136095Z,2020,8,23,66.141800,22.271500,6.0,0,3.2,1,inland_water,0,0,0,0,0,0
2020-08-23T10:28:30.136488Z,2020,8,23,66.141900,22.265200,6.0,0,26.6,1,inland_water,0,0,0,0,0,0
2020-08-23T10:28:30.371425Z,2020,8,23,66.103300,22.283400,-4.0,0,14.0,1,mainland,0,0,0,0,0,0
2020-08-23T10:30:52.421920Z,2020,8,23,65.624400,22.490400,5.0,0,30.2,1,sea,1,1,1,0,0,0
2020-08-23T10:30:52.422980Z,2020,8,23,66.120300,22.353000,7.0,0,6.6,1,mainland,0,0,0,1,1,1
2020-08-23T10:30:52.424783Z,2020,8,23,66.125000,22.333900,4.0,0,5.2,1,mainland,0,0,0,0,0,1
2020-08-23T10:30:52.433794Z,2020,8,23,66.116800,22.352000,9.0,0,6.4,1,mainland,0,0,0,0,1,1
2020-08-23T10:33:59.589317Z,2020,8,23,66.101900,22.284500,-8.0,0,6.0,1,mainland,0,0,0,0,0,0
2020-08-23T10:33:59.628323Z,2020,8,23,66.119700,22.305600,-9.0,0,6.4,1,inland_water,0,0,0,0,0,0
2020-08-23T10:33:59.669998Z,2020,8,23,66.119400,22.327600,-7.0,0,4.6,1,inland_water,0,0,0,0,0,0
2020-08-23T10:33:59.737668Z,2020,8,23,66.090900,22.300400,-10.0,0,4.0,1,mainland,0,0,0,0,0,0
2020-08-23T10:33:59.776830Z,2020,8,23,66.102700,22.339200,-5.0,0,7.4,1,mainland,0,0,0,0,0,0
2020-08-23T10:35:00.288035Z,2020,8,23,66.110700,22.320400,-13.0,0,6.0,1,mainland,0,0,0,0,0,0
2020-08-23T10:35:00.346735Z,2020,8,23,66.102000,22.328000,-8.0,0,5.6,1,mainland,0,0,0,0,0,0
2020-08-23T10:35:00.415356Z,2020,8,23,66.093800,22.306900,-10.0,0,8.2,1,mainland,0,0,0,0,0,0
2020-08-23T10:35:00.456927Z,2020,8,23,66.099600,22.381800,-6.0,0,5.8,1,mainland,0,0,0,1,1,1
2020-08-23T10:35:43.890155Z,2020,8,23,66.112300,22.307700,-14.0,0,12.8,1,inland_water,0,0,0,0,0,0
2020-08-23T10:35:43.901409Z,2020,8,23,66.116300,22.315300,-6.0,0,4.0,1,inland_water,0,0,0,0,0,0
2020-08-23T10:36:33.862155Z,2020,8,23,66.133400,22.331600,-5.0,0,3.8,1,mainland,0,0,0,0,1,1
2020-08-23T10:36:33.894398Z,2020,8,23,66.126100,22.329300,-7.0,0,5.2,1,mainland,0,0,0,0,0,1
2020-08-23T10:36:33.977178Z,2020,8,23,66.117000,22.311500,-11.0,0,4.8,1,inland_water,0,0,0,0,0,0
2020-08-23T10:36:34.030882Z,2020,8,23,66.118800,22.314100,-18.0,0,6.2,1,inland_water,0,0,0,0,0,0
2020-08-23T10:36:34.086034Z,2020,8,23,66.117600,22.312400,-13.0,0,5.0,1,inland_water,0,0,0,0,0,0
2020-08-23T10:36:34.226981Z,2020,8,23,66.117200,22.310500,-14.0,0,5.0,1,inland_water,0,0,0,0,0,0
2020-08-23T10:36:34.418977Z,2020,8,23,66.117500,22.311200,-5.0,0,4.2,1,inland_water,0,0,0,0,0,0
2020-08-23T10:43:29.349541Z,2020,8,23,66.071400,22.259900,-6.0,0,4.2,1,mainland,0,0,0,0,0,0
2020-08-23T10:46:28.580077Z,2020,8,23,66.050300,22.187700,7.0,0,7.0,1,mainland,0,0,0,0,0,0
2020-08-23T10:46:28.580636Z,2020,8,23,66.029600,22.193100,7.0,0,30.2,1,mainland,0,0,0,0,0,0
2020-08-23T10:47:49.684271Z,2020,8,23,66.051500,22.162400,6.0,0,7.0,1,mainland,0,0,0,0,0,0
2020-08-23T10:47:49.685023Z,2020,8,23,66.053600,22.185900,8.0,0,8.4,1,mainland,0,0,0,0,0,0
2020-08-23T10:47:49.686190Z,2020,8,23,66.047500,22.253200,6.0,0,10.8,1,mainland,0,0,0,0,0,0
2020-08-23T10:47:49.687071Z,2020,8,23,66.049000,22.380400,4.0,0,24.8,1,mainland,0,0,0,0,0,0
2020-08-23T10:48:45.867676Z,2020,8,23,66.042200,22.182800,8.0,0,4.6,1,mainland,0,0,0,0,0,0
2020-08-23T10:48:45.868695Z,2020,8,23,66.050700,22.196100,11.0,0,11.2,1,mainland,0,0,0,0,0,0
2020-08-23T10:48:45.872902Z,2020,8,23,66.043900,22.188500,7.0,0,7.0,1,mainland,0,0,0,0,0,0
2020-08-23T10:48:45.884909Z,2020,8,23,66.049000,22.190500,5.0,0,6.0,1,mainland,0,0,0,0,0,0
2020-08-23T10:49:35.872879Z,2020,8,23,66.043800,22.187300,5.0,0,5.0,1,inland_water,0,0,0,0,0,0
2020-08-23T10:50:17.437663Z,2020,8,23,66.038700,22.179200,5.0,0,4.4,1,mainland,0,0,0,0,0,0
2020-08-23T10:50:17.438355Z,2020,8,23,65.782300,22.537200,6.0,0,7.0,1,mainland,1,1,1,0,0,0
2020-08-23T10:50:17.438582Z,2020,8,23,66.020400,22.198200,8.0,0,10.8,1,mainland,0,0,0,0,0,0
2020-08-23T10:50:17.438590Z,2020,8,23,66.037400,22.201200,10.0,0,11.8,1,mainland,0,0,0,0,0,0
2020-08-23T10:51:23.217088Z,2020,8,23,66.045200,22.199800,5.0,0,16.2,1,mainland,0,0,0,0,0,0
2020-08-23T10:51:23.218531Z,2020,8,23,66.021000,22.162700,4.0,0,15.0,1,inland_water,0,0,0,0,0,0
2020-08-23T10:51:23.220058Z,2020,8,23,66.031400,22.230900,5.0,0,5.2,1,mainland,0,0,0,0,0,0
2020-08-23T10:55:06.699147Z,2020,8,23,66.042100,22.248100,8.0,0,18.2,1,mainland,0,0,0,0,0,0
2020-08-23T10:55:06.699955Z,2020,8,23,66.177100,22.207300,4.0,0,1.0,1,mainland,0,0,0,0,0,0
2020-08-23T10:55:06.708779Z,2020,8,23,66.063100,22.228000,9.0,0,8.4,1,mainland,0,0,0,0,0,0
2020-08-23T11:04:29.434557Z,2020,8,23,66.090800,22.308500,5.0,0,6.6,1,mainland,0,0,0,0,0,0
2020-08-23T11:04:29.435583Z,2020,8,23,66.100200,22.286600,7.0,0,17.0,1,mainland,0,0,0,0,0,0
2020-08-23T11:06:33.882878Z,2020,8,23,66.102200,22.323800,7.0,0,19.8,1,mainland,0,0,0,0,0,0
2020-08-23T11:06:33.883698Z,2020,8,23,66.102100,22.314900,11.0,0,16.6,1,mainland,0,0,0,0,0,0
2020-08-23T11:06:59.886613Z,2020,8,23,65.920500,22.401800,-14.0,0,6.8,1,mainland,0,0,0,0,0,0
2020-08-23T11:10:46.515599Z,2020,8,23,65.927800,22.401100,-9.0,0,3.0,1,mainland,0,0,0,0,0,0
2020-08-23T11:11:52.542219Z,2020,8,23,66.020900,22.230700,5.0,0,13.4,1,mainland,0,0,0,0,0,0
2020-08-23T11:11:52.542589Z,2020,8,23,66.024300,22.235300,5.0,0,2.0,1,mainland,0,0,0,0,0,0
2020-08-23T11:14:52.594087Z,2020,8,23,66.113400,22.355400,6.0,0,7.0,1,mainland,0,0,0,0,1,1
2020-08-23T11:15:31.453473Z,2020,8,23,66.024200,22.272800,10.0,0,30.2,1,mainland,0,0,0,0,0,0
2020-08-23T11:16:22.469925Z,2020,8,23,66.047400,22.294700,6.0,0,4.6,1,mainland,0,0,0,0,0,0
2020-08-23T11:17:35.731385Z,2020,8,23,66.049700,22.272900,8.0,0,16.4,1,mainland,0,0,0,0,0,0
2020-08-23T11:17:35.731620Z,2020,8,23,66.058900,22.311200,6.0,0,7.6,1,mainland,0,0,0,0,0,0
2020-08-23T11:17:35.732347Z,2020,8,23,66.060300,22.295600,7.0,0,23.4,1,mainland,0,0,0,0,0,0
2020-08-23T11:17:35.742738Z,2020,8,23,66.076400,22.331900,-27.0,0,23.0,1,mainland,0,0,0,0,0,0
2020-08-23T11:18:54.956148Z,2020,8,23,66.052000,22.373500,5.0,0,20.6,1,mainland,0,0,0,0,0,0
2020-08-23T11:18:54.957503Z,2020,8,23,66.062500,22.292200,7.0,0,15.0,1,mainland,0,0,0,0,0,0
2020-08-23T11:18:54.970205Z,2020,8,23,66.059200,22.314100,6.0,0,21.8,1,mainland,0,0,0,0,0,0
2020-08-23T11:29:25.058412Z,2020,8,23,66.064500,22.414300,5.0,0,13.4,1,mainland,0,0,0,0,1,1
2020-08-23T11:29:25.060529Z,2020,8,23,66.065700,22.379800,4.0,0,2.8,1,mainland,0,0,0,0,0,0
2020-08-23T11:31:33.490961Z,2020,8,23,66.056400,22.407100,5.0,0,3.4,1,mainland,0,0,0,0,0,0
2020-08-23T11:33:43.192075Z,2020,8,23,66.069900,22.405000,8.0,0,8.4,1,mainland,0,0,0,0,0,1
2020-08-23T11:33:43.192830Z,2020,8,23,66.072500,22.409600,10.0,0,12.4,1,mainland,0,0,0,1,1,1
2020-08-23T11:33:43.222190Z,2020,8,23,66.069900,22.403400,7.0,0,10.0,1,mainland,0,0,0,0,0,1
2020-08-23T11:33:43.223066Z,2020,8,23,66.075200,22.410500,12.0,0,17.6,1,mainland,0,0,0,1,1,1
2020-08-23T11:36:30.177033Z,2020,8,23,66.073300,22.366900,7.0,0,15.8,1,mainland,0,0,0,0,0,0
2020-08-23T14:44:42.810531Z,2020,8,23,66.095000,22.172600,4.0,0,3.8,1,mainland,0,0,0,0,0,0
2020-08-23T14:45:34.404292Z,2020,8,23,66.095500,22.187000,6.0,0,3.4,1,mainland,0,0,0,0,0,0
2020-08-23T14:48:39.049066Z,2020,8,23,66.091300,22.206400,6.0,0,16.6,1,mainland,0,0,0,0,0,0
2020-08-23T14:48:39.050241Z,2020,8,23,66.092400,22.213500,3.0,0,23.2,1,mainland,0,0,0,0,0,0
2020-08-23T14:52:02.376797Z,2020,8,23,66.074000,22.240200,8.0,0,5.4,1,mainland,0,0,0,0,0,0
2020-08-23T14:52:02.377648Z,2020,8,23,66.074700,22.151900,12.0,0,16.6,1,mainland,0,0,0,0,0,0
2020-08-23T14:53:04.166803Z,2020,8,23,66.077000,22.334600,6.0,0,21.2,1,mainland,0,0,0,0,0,0
2020-08-23T14:53:04.167338Z,2020,8,23,66.074800,22.245400,6.0,0,8.8,1,mainland,0,0,0,0,0,0
2020-08-23T14:54:30.744789Z,2020,8,23,66.086900,22.258500,-41.0,0,21.0,1,mainland,0,0,0,0,0,0
2020-08-23T14:54:30.763319Z,2020,8,23,66.082900,22.259600,-19.0,0,11.8,1,mainland,0,0,0,0,0,0
2020-08-23T14:54:30.773416Z,2020,8,23,66.080400,22.268300,-5.0,0,16.6,1,mainland,0,0,0,0,0,0
2020-08-23T14:54:30.777125Z,2020,8,23,66.081600,22.288800,-5.0,0,3.8,1,mainland,0,0,0,0,0,0
2020-08-23T14:54:30.794452Z,2020,8,23,66.083100,22.246000,-10.0,0,6.4,1,mainland,0,0,0,0,0,0
2020-08-23T14:54:30.818296Z,2020,8,23,66.085600,22.280300,-17.0,0,3.8,1,mainland,0,0,0,0,0,0
2020-08-23T14:54:30.818841Z,2020,8,23,66.083500,22.258700,-10.0,0,19.8,1,mainland,0,0,0,0,0,0
2020-08-23T14:58:37.543355Z,2020,8,23,66.094500,22.339500,-20.0,0,9.6,1,mainland,0,0,0,0,0,0
2020-08-23T14:58:37.544651Z,2020,8,23,66.085100,22.334100,-80.0,0,19.6,1,mainland,0,0,0,0,0,0
2020-08-23T14:58:37.549894Z,2020,8,23,66.094100,22.344500,-6.0,0,13.2,1,mainland,0,0,0,0,0,0
2020-08-23T14:58:37.552429Z,2020,8,23,66.095200,22.328700,-7.0,0,28.4,1,mainland,0,0,0,0,0,0
2020-08-23T14:58:37.553397Z,2020,8,23,66.092900,22.351500,-8.0,0,14.6,1,inland_water,0,0,0,0,0,0
2020-08-23T14:58:37.554044Z,2020,8,23,66.101300,22.332000,-7.0,0,13.8,1,mainland,0,0,0,0,0,0
2020-08-23T14:58:37.559394Z,2020,8,23,66.084800,22.319200,-4.0,0,9.8,1,mainland,0,0,0,0,0,0
2020-08-23T15:01:29.909862Z,2020,8,23,66.101700,22.376500,5.0,0,12.8,1,mainland,0,0,0,1,1,1
2020-08-23T15:01:29.910509Z,2020,8,23,66.098500,22.368400,16.0,0,7.2,1,mainland,0,0,0,0,0,1
2020-08-23T15:01:29.911409Z,2020,8,23,66.024200,22.417200,7.0,0,12.0,1,mainland,0,0,0,0,0,0
2020-08-23T15:01:29.918608Z,2020,8,23,66.096800,22.370100,6.0,0,5.8,1,mainland,0,0,0,0,0,1
2020-08-25T15:08:06.450315Z,2020,8,25,65.520800,22.578600,4.0,0,3.6,1,islands,0,0,1,0,0,0
2020-08-25T15:10:40.417717Z,2020,8,25,65.785100,22.124700,10.0,0,13.0,1,inland_water,0,0,0,0,0,0
2020-08-25T15:10:40.418542Z,2020,8,25,65.786700,22.112600,16.0,0,18.6,1,mainland,0,0,0,0,0,0
2020-08-25T15:11:50.632155Z,2020,8,25,65.787200,22.188500,4.0,0,9.2,1,mainland,0,0,0,0,0,0
2020-08-25T15:11:50.633081Z,2020,8,25,65.997900,22.149500,5.0,0,6.0,1,mainland,0,0,0,0,0,0
2020-08-25T15:11:50.633718Z,2020,8,25,65.781100,22.108400,11.0,0,12.0,1,inland_water,0,0,0,0,0,0
2020-08-25T15:11:50.634351Z,2020,8,25,65.665600,22.336300,6.0,0,7.6,1,mainland,1,1,1,0,0,0
2020-08-25T15:13:40.820185Z,2020,8,25,65.804900,22.144200,15.0,0,17.2,1,mainland,0,0,0,0,0,0
2020-08-25T15:13:40.831585Z,2020,8,25,65.774300,21.927000,5.0,0,7.2,1,mainland,0,0,0,0,0,1
2020-08-25T16:44:39.627126Z,2020,8,25,65.816000,22.495800,9.0,0,18.2,1,sea,1,1,1,0,0,0
2020-08-25T16:44:39.627441Z,2020,8,25,65.761200,22.087000,8.0,0,15.8,1,mainland,0,0,0,0,0,0
2020-08-25T16:44:39.628401Z,2020,8,25,65.759100,22.063100,5.0,0,9.8,1,mainland,0,0,0,0,0,0
2020-08-25T17:08:18.179516Z,2020,8,25,65.886000,22.054100,8.0,0,7.0,1,mainland,0,0,0,0,1,1
2020-08-25T17:08:18.181134Z,2020,8,25,65.890700,22.072900,5.0,0,1.6,1,mainland,0,0,0,0,0,0
2020-08-25T17:10:48.006348Z,2020,8,25,65.892100,22.083600,-68.0,0,13.2,1,mainland,0,0,0,0,0,0
2020-08-25T17:10:48.011105Z,2020,8,25,65.896800,22.100600,-6.0,0,11.6,1,mainland,0,0,0,0,0,0
2020-08-25T17:10:48.011496Z,2020,8,25,65.895700,22.091600,-10.0,0,8.6,1,mainland,0,0,0,0,0,0
2020-08-25T17:10:48.014860Z,2020,8,25,65.902500,22.100100,-9.0,0,13.4,1,mainland,0,0,0,0,0,0
2020-08-25T17:15:00.661907Z,2020,8,25,65.957200,22.090200,7.0,0,10.8,1,mainland,0,0,0,0,0,0
2020-08-25T17:15:00.662811Z,2020,8,25,65.956000,22.063400,6.0,0,12.4,1,mainland,0,0,0,0,0,0
2020-08-25T17:15:00.665765Z,2020,8,25,65.882900,22.230700,6.0,0,3.0,1,inland_water,0,0,0,0,0,0
2020-08-25T17:15:00.683979Z,2020,8,25,65.947700,22.086600,6.0,0,30.2,1,mainland,0,0,0,0,0,0
2020-08-25T17:15:00.764621Z,2020,8,25,65.958200,22.276100,-6.0,0,12.6,1,mainland,0,0,0,0,0,0
2020-08-25T17:17:23.126766Z,2020,8,25,65.972000,22.206200,-7.0,0,9.4,1,mainland,0,0,0,0,0,0
2020-08-25T17:17:23.127384Z,2020,8,25,65.973800,22.106100,31.0,0,23.2,1,mainland,0,0,0,0,0,0
2020-08-25T17:17:23.130708Z,2020,8,25,65.919000,22.056400,6.0,0,19.4,1,mainland,0,0,0,0,0,0
2020-08-25T17:17:23.134864Z,2020,8,25,65.979400,22.100900,4.0,0,30.2,1,mainland,0,0,0,0,0,0
2020-08-25T17:18:23.991997Z,2020,8,25,65.978300,22.119500,11.0,0,7.8,1,mainland,0,0,0,0,0,0
2020-08-25T17:18:23.993083Z,2020,8,25,65.979000,22.121100,9.0,0,18.2,1,mainland,0,0,0,0,0,0
2020-08-25T17:18:23.994040Z,2020,8,25,65.990100,22.118000,4.0,0,14.6,1,mainland,0,0,0,0,0,0
2020-08-25T17:18:23.994547Z,2020,8,25,65.976700,22.126600,11.0,0,6.8,1,mainland,0,0,0,0,0,0
2020-08-25T17:18:24.003115Z,2020,8,25,65.987300,22.332200,6.0,0,22.8,1,mainland,0,0,0,0,0,0
2020-08-25T17:18:59.439099Z,2020,8,25,65.984600,22.116000,7.0,0,14.6,1,mainland,0,0,0,0,0,0
2020-08-25T17:20:08.959258Z,2020,8,25,65.978600,22.116100,8.0,0,6.0,1,mainland,0,0,0,0,0,0
2020-08-25T17:20:08.960118Z,2020,8,25,65.976500,22.117000,13.0,0,9.0,1,mainland,0,0,0,0,0,0
2020-08-25T17:20:08.960587Z,2020,8,25,65.972600,22.125600,15.0,0,21.2,1,mainland,0,0,0,0,0,0
2020-08-25T17:20:08.962020Z,2020,8,25,65.702800,22.573100,5.0,0,2.8,1,sea,0,0,0,0,0,0
2020-08-25T17:20:08.969544Z,2020,8,25,65.990900,22.113000,7.0,0,8.8,1,mainland,0,0,0,0,0,0
2020-08-25T17:22:11.971888Z,2020,8,25,65.982500,22.107500,6.0,0,9.0,1,mainland,0,0,0,0,0,0
2020-08-25T17:22:11.972666Z,2020,8,25,65.922300,22.157600,11.0,0,7.0,1,mainland,0,0,0,0,0,0
2020-08-25T17:22:11.973156Z,2020,8,25,65.987700,22.099600,9.0,0,24.4,1,mainland,0,0,0,0,0,0
2020-08-25T17:22:11.975233Z,2020,8,25,65.989400,22.121600,8.0,0,15.2,1,mainland,0,0,0,0,0,0
2020-08-25T17:22:11.979663Z,2020,8,25,65.992800,22.131700,8.0,0,25.8,1,mainland,0,0,0,0,0,0
2020-08-25T17:22:12.055836Z,2020,8,25,65.976100,21.994400,-19.0,0,10.8,1,mainland,0,0,0,0,0,0
2020-08-25T17:23:32.366416Z,2020,8,25,65.879500,22.226000,11.0,0,4.4,1,inland_water,0,0,0,0,0,0
2020-08-25T17:23:32.367046Z,2020,8,25,65.993500,22.137800,-118.0,0,22.6,1,mainland,0,0,0,0,0,0
2020-08-25T17:26:32.226907Z,2020,8,25,65.993900,22.164900,7.0,0,5.8,1,mainland,0,0,0,0,0,0
2020-08-25T17:26:32.227629Z,2020,8,25,65.995600,22.162300,6.0,0,22.6,1,mainland,0,0,0,0,0,0
2020-08-25T17:26:32.228604Z,2020,8,25,65.993000,22.148500,13.0,0,16.2,1,mainland,0,0,0,0,0,0
2020-08-25T17:26:32.229041Z,2020,8,25,65.996000,22.121800,9.0,0,6.2,1,mainland,0,0,0,0,0,0
2020-08-25T17:26:32.234206Z,2020,8,25,65.994900,22.173300,5.0,0,6.0,1,mainland,0,0,0,0,0,0
2020-08-25T17:26:32.238591Z,2020,8,25,65.622700,22.796400,5.0,0,13.8,1,sea,0,0,1,0,0,0
2020-08-25T17:26:32.249303Z,2020,8,25,66.021900,22.156600,4.0,0,6.0,1,mainland,0,0,0,0,0,0
2020-08-25T17:26:32.272662Z,2020,8,25,65.924900,22.244900,-14.0,0,15.4,1,mainland,0,0,0,0,0,0
2020-08-25T17:27:02.869175Z,2020,8,25,65.758000,22.096300,-5.0,0,2.4,1,mainland,0,0,0,0,0,0
2020-08-25T17:27:02.869827Z,2020,8,25,66.015100,22.148200,-8.0,0,3.2,1,mainland,0,0,0,0,0,0
2020-08-25T17:32:39.857482Z,2020,8,25,66.064300,22.189300,-115.0,0,28.2,1,mainland,0,0,0,0,0,0
2020-08-25T17:32:39.936419Z,2020,8,25,66.030500,22.173100,6.0,0,11.4,1,mainland,0,0,0,0,0,0
2020-08-25T17:32:39.939143Z,2020,8,25,65.764500,22.595600,5.0,0,1.6,1,sea,0,0,1,0,0,0
2020-08-25T17:33:26.745948Z,2020,8,25,66.076500,22.177500,6.0,0,27.8,1,mainland,0,0,0,0,0,0
2020-08-25T17:33:26.746288Z,2020,8,25,66.059600,22.155700,5.0,0,15.6,1,mainland,0,0,0,0,0,0
2020-08-25T17:33:26.746714Z,2020,8,25,66.080500,22.175900,7.0,0,7.0,1,mainland,0,0,0,0,0,0
2020-08-25T17:33:26.748027Z,2020,8,25,66.075200,22.179900,7.0,0,10.8,1,mainland,0,0,0,0,0,0
2020-08-25T17:33:26.750508Z,2020,8,25,66.068300,22.198200,5.0,0,4.0,1,mainland,0,0,0,0,0,0
2020-08-25T17:33:55.697427Z,2020,8,25,66.085700,22.224800,5.0,0,11.8,1,mainland,0,0,0,0,0,0
2020-08-25T17:35:12.458231Z,2020,8,25,66.089600,22.233100,7.0,0,3.0,1,mainland,0,0,0,0,0,0
2020-08-25T17:35:38.456605Z,2020,8,25,66.090600,22.239000,15.0,0,30.2,1,mainland,0,0,0,0,0,0
2020-08-25T17:36:07.545522Z,2020,8,25,66.095700,22.226700,5.0,0,15.2,1,mainland,0,0,0,0,0,0
2020-08-25T17:36:07.573316Z,2020,8,25,66.089100,22.231800,5.0,0,11.6,1,mainland,0,0,0,0,0,0
2020-08-25T17:36:52.727433Z,2020,8,25,66.039200,22.252100,-17.0,0,16.6,1,mainland,0,0,0,0,0,0
2020-08-25T17:36:52.746591Z,2020,8,25,66.099600,22.233300,7.0,0,16.0,1,mainland,0,0,0,0,0,0
2020-08-25T17:36:52.754624Z,2020,8,25,66.088500,22.237900,6.0,0,5.2,1,mainland,0,0,0,0,0,0
2020-08-25T17:36:52.754941Z,2020,8,25,66.088800,22.241200,-6.0,0,6.2,1,mainland,0,0,0,0,0,0
2020-08-25T17:37:28.569688Z,2020,8,25,66.084500,22.275600,10.0,0,25.8,1,mainland,0,0,0,0,0,0
2020-08-25T17:37:28.569695Z,2020,8,25,66.111000,22.225700,14.0,0,27.0,1,mainland,0,0,0,0,0,0
2020-08-25T17:37:28.593936Z,2020,8,25,66.101900,22.238600,9.0,0,12.0,1,mainland,0,0,0,0,0,0
2020-08-25T17:37:58.583517Z,2020,8,25,66.111000,22.274100,10.0,0,13.2,1,mainland,0,0,0,0,0,0
2020-08-25T17:37:58.584261Z,2020,8,25,66.105300,22.253100,9.0,0,7.2,1,mainland,0,0,0,0,0,0
2020-08-25T17:37:58.615307Z,2020,8,25,66.104700,22.243000,5.0,0,25.6,1,mainland,0,0,0,0,0,0
2020-08-25T17:38:21.950644Z,2020,8,25,66.112800,22.265700,5.0,0,22.6,1,mainland,0,0,0,0,0,0
2020-08-25T17:39:33.741653Z,2020,8,25,66.126500,22.244600,7.0,0,9.8,1,mainland,0,0,0,0,0,0
2020-08-25T17:39:33.743496Z,2020,8,25,66.115300,22.252800,7.0,0,14.2,1,mainland,0,0,0,0,0,0
2020-08-25T17:39:33.745588Z,2020,8,25,66.084100,22.218600,6.0,0,16.2,1,inland_water,0,0,0,0,0,0
2020-08-25T17:39:51.558048Z,2020,8,25,66.127600,22.258000,6.0,0,2.2,1,mainland,0,0,0,0,0,0
2020-08-25T17:40:38.226944Z,2020,8,25,66.124700,22.251500,17.0,0,8.8,1,mainland,0,0,0,0,0,0
2020-08-25T17:40:38.227649Z,2020,8,25,66.057700,22.323000,9.0,0,23.0,1,mainland,0,0,0,0,0,0
2020-08-25T17:40:38.228202Z,2020,8,25,66.127800,22.265100,8.0,0,6.6,1,mainland,0,0,0,0,0,0
2020-08-25T17:40:38.229088Z,2020,8,25,66.124600,22.279900,4.0,0,5.0,1,inland_water,0,0,0,0,0,0
2020-08-25T17:41:59.712173Z,2020,8,25,66.129500,22.278900,10.0,0,5.4,1,inland_water,0,0,0,0,0,0
2020-08-25T17:41:59.712728Z,2020,8,25,66.130700,22.271900,11.0,0,30.2,1,inland_water,0,0,0,0,0,0
2020-08-25T17:41:59.712945Z,2020,8,25,66.126700,22.285300,6.0,0,7.0,1,inland_water,0,0,0,0,0,0
2020-08-25T17:41:59.762239Z,2020,8,25,66.076900,22.303300,7.0,0,30.2,1,mainland,0,0,0,0,0,0
2020-08-25T17:41:59.765946Z,2020,8,25,66.125500,22.276900,6.0,0,30.2,1,inland_water,0,0,0,0,0,0
2020-08-25T17:41:59.931361Z,2020,8,25,65.995600,22.192400,-14.0,0,8.0,1,mainland,0,0,0,0,0,0
2020-08-25T17:41:59.933671Z,2020,8,25,66.143500,22.229600,-6.0,0,5.0,1,mainland,0,0,0,0,0,0
2020-08-25T17:42:55.759393Z,2020,8,25,66.131900,22.299200,18.0,0,26.4,1,inland_water,0,0,0,0,0,0
2020-08-25T17:42:55.775841Z,2020,8,25,66.137600,22.280000,9.0,0,16.0,1,inland_water,0,0,0,0,0,0
2020-08-25T17:42:55.779504Z,2020,8,25,66.131600,22.273400,5.0,0,11.2,1,inland_water,0,0,0,0,0,0
2020-08-25T17:42:55.780344Z,2020,8,25,66.133300,22.257100,7.0,0,13.4,1,mainland,0,0,0,0,0,0
2020-08-25T17:42:55.920358Z,2020,8,25,66.014800,22.140600,-14.0,0,5.6,1,mainland,0,0,0,0,0,0
2020-08-25T17:43:51.385108Z,2020,8,25,66.135700,22.246200,11.0,0,17.6,1,mainland,0,0,0,0,0,0
2020-08-25T17:43:51.400037Z,2020,8,25,66.130200,22.270400,6.0,0,9.0,1,mainland,0,0,0,0,0,0
2020-08-25T17:44:45.803157Z,2020,8,25,66.143200,22.316500,-6.0,0,5.2,1,mainland,0,0,0,0,0,1
2020-08-25T17:45:36.674348Z,2020,8,25,66.143000,22.249400,5.0,0,6.0,1,mainland,0,0,0,0,0,0
2020-08-25T17:47:23.938973Z,2020,8,25,66.157200,22.310800,10.0,0,10.2,1,mainland,0,0,0,1,1,1
2020-08-25T17:47:23.940218Z,2020,8,25,66.149800,22.314900,5.0,0,15.8,1,mainland,0,0,0,1,1,1
2020-08-25T17:47:24.083122Z,2020,8,25,66.014200,22.178300,-15.0,0,6.6,1,mainland,0,0,0,0,0,0
2020-08-25T17:49:01.324112Z,2020,8,25,66.033400,22.207500,-16.0,0,8.2,1,mainland,0,0,0,0,0,0
2020-08-25T17:50:30.475761Z,2020,8,25,66.153500,22.315100,-3.0,0,25.6,1,mainland,0,0,0,1,1,1
2020-08-25T17:52:26.409795Z,2020,8,25,66.125100,22.346900,4.0,0,24.8,1,mainland,0,0,0,1,1,1
2020-08-25T17:52:26.523377Z,2020,8,25,66.040900,22.290200,-17.0,0,16.2,1,mainland,0,0,0,0,0,0
2020-08-25T17:54:07.958081Z,2020,8,25,66.047900,22.214600,-9.0,0,5.8,1,mainland,0,0,0,0,0,0
2020-08-25T17:55:13.607135Z,2020,8,25,66.232600,22.140800,10.0,0,9.2,1,mainland,0,0,0,0,0,0
2020-08-26T06:41:23.536495Z,2020,8,26,65.538600,22.323700,7.0,0,3.6,1,sea,0,1,1,0,0,0
2020-08-26T06:43:04.416130Z,2020,8,26,65.541600,22.306400,7.0,0,2.4,1,sea,0,1,1,0,0,0
2020-08-26T06:43:04.416682Z,2020,8,26,65.541600,22.295700,6.0,0,3.4,1,sea,0,1,1,0,0,0
2020-08-26T06:43:04.417050Z,2020,8,26,65.562500,22.315900,6.0,0,10.0,1,sea,1,1,1,0,0,0
2020-08-26T06:45:13.203913Z,2020,8,26,65.537700,22.320900,6.0,0,4.2,1,sea,0,1,1,0,0,0
2020-08-26T06:54:31.873142Z,2020,8,26,65.385300,22.645900,4.0,0,5.0,1,sea,0,0,0,0,0,0
2020-08-26T09:24:17.496187Z,2020,8,26,65.557800,22.491900,6.0,0,4.0,1,sea,0,0,0,0,0,0
2020-08-30T09:39:10.768412Z,2020,8,30,65.291800,23.112500,11.0,0,5.2,1,sea,0,0,0,0,0,0
2020-08-30T09:39:10.768947Z,2020,8,30,65.290900,23.131500,10.0,0,10.4,1,sea,0,0,0,1,1,1
2020-08-30T09:41:45.281352Z,2020,8,30,65.289900,23.104500,5.0,0,8.8,1,sea,0,0,0,0,0,0
2020-08-30T09:41:45.287235Z,2020,8,30,65.301200,23.108700,4.0,0,3.2,1,sea,0,0,0,0,0,1
2020-08-30T09:41:45.294604Z,2020,8,30,65.293600,23.129000,11.0,0,18.6,1,sea,0,0,0,1,1,1
2020-08-30T09:44:45.988076Z,2020,8,30,65.297000,23.130200,10.0,0,4.0,1,sea,0,0,0,1,1,1
2020-08-30T09:44:46.002751Z,2020,8,30,65.294800,23.133400,5.0,0,23.2,1,sea,0,0,0,1,1,1
2020-08-30T09:53:57.006843Z,2020,8,30,65.237000,23.056600,4.0,0,5.0,1,sea,0,0,0,0,0,0
2020-08-30T13:11:22.593079Z,2020,8,30,65.840900,22.273000,7.0,0,3.4,1,mainland,0,0,0,0,0,0
2020-08-30T13:11:22.605218Z,2020,8,30,65.768500,22.338000,5.0,0,8.8,1,sea,0,0,1,0,0,0
2020-08-30T13:13:09.453730Z,2020,8,30,65.839900,22.281300,7.0,0,4.2,1,mainland,0,0,0,0,0,0
2020-08-30T13:13:09.454653Z,2020,8,30,65.688800,22.541000,4.0,0,2.0,1,sea,0,0,1,0,0,0
2020-08-30T13:13:09.461836Z,2020,8,30,65.843300,22.275900,4.0,0,28.2,1,mainland,0,0,0,0,0,0
2020-08-30T13:15:34.030259Z,2020,8,30,65.743100,22.185700,4.0,0,9.8,1,mainland,0,0,0,0,0,0
2020-08-30T13:15:34.031191Z,2020,8,30,65.841300,22.286400,6.0,0,13.4,1,mainland,0,0,0,0,0,0
2020-08-30T13:15:34.037973Z,2020,8,30,65.833800,22.293200,7.0,0,7.0,1,mainland,0,0,0,0,0,0
2020-08-30T14:35:57.096960Z,2020,8,30,65.536200,22.393600,4.0,0,4.6,1,mainland,1,1,1,0,0,0
2020-08-31T03:15:02.147063Z,2020,8,31,65.580600,22.446600,-17.0,0,18.4,1,sea,0,0,0,0,0,0
2020-09-05T12:10:18.103344Z,2020,9,5,65.672100,21.562500,-41.0,0,15.4,1,mainland,0,0,0,0,0,0
2020-09-05T12:42:51.293350Z,2020,9,5,65.622500,22.047600,5.0,0,3.8,1,mainland,0,0,1,0,0,0
2020-09-05T12:47:39.818173Z,2020,9,5,65.296600,22.937800,-24.0,0,18.8,1,sea,0,0,0,0,0,0
2020-09-05T13:12:42.612540Z,2020,9,5,65.779700,22.065400,6.0,0,13.8,1,inland_water,0,0,0,0,0,0
2020-09-05T13:37:39.132635Z,2020,9,5,65.667500,22.128700,5.0,0,1.8,1,mainland,0,0,0,0,0,0
2020-09-05T13:53:42.882563Z,2020,9,5,65.857300,22.129400,6.0,0,12.8,1,mainland,0,0,0,0,0,0
2020-09-05T14:38:47.140352Z,2020,9,5,65.696100,22.203400,8.0,0,1.8,1,mainland,0,0,0,0,0,0
2020-09-05T14:53:00.138166Z,2020,9,5,65.745800,22.369600,5.0,0,5.2,1,sea,1,1,1,0,0,0
2020-09-05T14:58:07.651184Z,2020,9,5,65.842400,22.322200,6.0,0,3.0,1,inland_water,0,0,0,0,0,0
2020-09-09T18:07:02.996697Z,2020,9,9,65.301900,22.132600,-20.0,0,5.6,1,sea,0,0,0,0,0,0
2020-09-09T18:35:44.537128Z,2020,9,9,65.375000,22.298700,5.0,0,3.4,1,sea,0,0,0,0,0,0
2020-09-09T18:35:44.538151Z,2020,9,9,65.379400,22.302700,8.0,0,2.6,1,sea,0,0,0,0,0,0
2020-09-09T18:35:44.578406Z,2020,9,9,65.286900,22.361900,-5.0,0,2.6,1,sea,0,0,0,0,0,0
2020-09-09T18:37:31.602134Z,2020,9,9,65.370900,22.346100,7.0,0,18.4,1,sea,0,0,0,0,0,0
2020-09-09T18:39:22.695510Z,2020,9,9,65.378900,22.320500,4.0,0,4.4,1,sea,0,0,0,0,0,0
2020-09-09T18:39:22.720956Z,2020,9,9,65.377500,22.335800,5.0,0,10.4,1,sea,0,0,0,0,0,0
2020-09-09T18:39:22.967612Z,2020,9,9,65.393700,22.324100,-9.0,0,3.4,1,sea,0,1,1,0,0,0
2020-09-09T18:39:22.997010Z,2020,9,9,65.393400,22.315400,-9.0,0,3.2,1,sea,1,1,1,0,0,0
2020-09-09T19:39:59.981709Z,2020,9,9,65.422300,22.388400,4.0,0,3.4,1,sea,0,0,0,0,0,0
2020-09-09T19:39:59.990744Z,2020,9,9,65.368700,22.394600,10.0,0,5.8,1,sea,0,0,1,0,0,0
2020-09-09T19:40:00.020963Z,2020,9,9,65.383300,22.412600,6.0,0,13.2,1,sea,0,0,1,0,0,0
2020-09-09T19:41:10.990503Z,2020,9,9,65.371900,22.371200,9.0,0,3.2,1,sea,0,0,0,0,0,0
2020-09-09T19:41:10.991391Z,2020,9,9,65.282800,22.344800,4.0,0,3.2,1,sea,0,0,0,0,0,0
2020-09-09T19:41:11.004109Z,2020,9,9,65.367200,22.383300,8.0,0,13.0,1,sea,0,0,0,0,0,0
2020-09-09T19:43:07.473872Z,2020,9,9,65.387700,22.427800,6.0,0,3.8,1,sea,0,0,1,0,0,0
2020-09-09T19:43:07.474445Z,2020,9,9,65.383500,22.404900,8.0,0,30.2,1,sea,0,1,1,0,0,0
2020-09-09T19:43:07.485171Z,2020,9,9,65.385000,22.416500,8.0,0,30.2,1,sea,0,0,1,0,0,0
2020-09-09T19:43:07.485685Z,2020,9,9,65.361900,22.372600,5.0,0,26.2,1,sea,0,0,0,0,0,0
2020-09-09T20:03:26.968798Z,2020,9,9,65.364400,22.462800,50.0,0,14.0,1,sea,0,1,1,0,0,0
2020-09-09T20:03:26.989642Z,2020,9,9,65.368000,22.416900,4.0,0,8.8,1,islands,1,1,1,0,0,0
2020-09-09T20:03:26.990251Z,2020,9,9,65.359100,22.505700,7.0,0,1.6,1,sea,0,0,1,0,0,0
2020-09-09T21:46:44.917935Z,2020,9,9,65.561600,22.803100,14.0,0,6.0,1,islands,1,1,1,0,0,0
2020-09-09T21:52:15.467688Z,2020,9,9,65.145900,22.641100,3.0,0,1.8,1,sea,0,0,0,0,0,0
2020-09-09T22:04:30.976167Z,2020,9,9,65.095300,22.498300,52.0,0,15.0,1,sea,0,0,0,0,0,0
2020-09-09T22:10:13.816917Z,2020,9,9,65.103100,22.518000,6.0,0,18.2,1,sea,0,0,0,0,0,0
2020-09-09T22:10:13.817669Z,2020,9,9,65.105900,22.523400,10.0,0,30.2,1,sea,0,0,0,0,0,0
2020-09-09T22:10:13.828579Z,2020,9,9,65.102600,22.527400,21.0,0,12.4,1,sea,0,0,0,0,0,0
2020-09-09T22:10:13.833935Z,2020,9,9,65.094400,22.519300,8.0,0,30.2,1,sea,0,0,0,0,0,0
2020-09-09T22:10:13.854558Z,2020,9,9,65.092700,22.540800,5.0,0,10.4,1,sea,0,0,0,0,0,0
2020-09-09T22:14:24.508319Z,2020,9,9,65.129300,22.532100,4.0,0,1.6,1,sea,0,0,0,0,0,0
2020-09-09T22:14:24.511005Z,2020,9,9,65.300700,22.160500,5.0,0,6.2,1,sea,0,0,0,0,0,0
2020-09-09T22:14:24.533415Z,2020,9,9,65.120900,22.509800,13.0,0,13.8,1,sea,0,0,0,0,0,0
2020-09-09T22:14:24.559182Z,2020,9,9,65.117100,22.538800,5.0,0,3.2,1,sea,0,0,0,0,0,0
2020-09-13T02:08:28.311266Z,2020,9,13,65.671200,22.670800,8.0,0,4.0,1,sea,0,0,1,0,0,0
2020-09-13T02:08:28.341576Z,2020,9,13,65.661600,22.643200,52.0,0,17.4,1,sea,1,1,1,0,0,0
2020-10-08T16:52:12.461031Z,2020,10,8,65.243800,22.964600,-8.0,0,6.6,1,sea,0,0,0,0,0,0
2020-10-08T16:52:12.665785Z,2020,10,8,65.215700,22.946500,23.0,0,11.0,1,sea,0,0,0,0,0,0
