datetime_utc,year,month,day,lat,lon,current_ka,multiplicity,chi_square,cloud_indicator,surface_class
2021-06-05T10:46:53.714719Z,2021,6,5,65.581900,21.812900,8.0,0,3.9,1,mainland
2021-06-05T10:46:53.715035Z,2021,6,5,65.587200,21.809300,8.0,0,6.8,1,mainland
2021-06-05T10:46:53.797432Z,2021,6,5,65.563700,21.802200,-6.0,0,7.2,1,mainland
2021-06-05T11:05:03.937690Z,2021,6,5,65.837800,22.077300,9.0,0,7.7,1,mainland
2021-06-05T11:09:32.731536Z,2021,6,5,65.803800,22.107200,13.0,0,11.8,1,coast_uncertain
2021-06-05T11:09:39.240996Z,2021,6,5,65.943800,22.506600,-7.0,0,8.7,1,mainland
2021-06-05T11:14:30.666927Z,2021,6,5,65.795800,22.083200,14.0,0,17.8,1,mainland
2021-06-05T11:19:39.222706Z,2021,6,5,65.434300,21.945500,-11.0,0,5.4,1,coast_uncertain
2021-06-05T11:28:10.223651Z,2021,6,5,65.762300,22.114500,10.0,0,9.1,1,coast_uncertain
2021-06-05T11:29:47.153347Z,2021,6,5,65.745400,21.969900,-6.0,0,8.0,1,mainland
2021-06-05T11:31:52.426712Z,2021,6,5,65.740800,21.979600,6.0,0,2.6,1,mainland
2021-06-05T11:39:32.759677Z,2021,6,5,65.731600,22.040600,-14.0,0,9.4,1,mainland
2021-06-05T11:39:32.759738Z,2021,6,5,65.585500,22.485100,14.0,0,30.2,1,sea
2021-06-05T11:39:32.760072Z,2021,6,5,65.721500,21.986100,4.0,0,13.0,1,mainland
2021-06-05T11:43:53.727524Z,2021,6,5,65.564300,21.641200,-6.0,0,5.8,1,mainland
2021-06-05T11:45:19.912007Z,2021,6,5,65.281500,22.729900,4.0,0,1.7,1,sea
2021-06-05T11:45:19.913442Z,2021,6,5,65.722700,21.846800,5.0,0,1.8,1,mainland
2021-06-05T11:45:19.914470Z,2021,6,5,65.715500,21.874300,10.0,0,19.9,1,mainland
2021-06-05T11:45:19.914508Z,2021,6,5,65.738700,21.901700,-20.0,0,14.3,1,mainland
2021-06-05T11:45:20.164317Z,2021,6,5,65.726400,21.852500,-23.0,0,4.6,1,mainland
2021-06-05T11:45:20.200066Z,2021,6,5,65.727000,21.858800,-10.0,0,4.2,1,mainland
2021-06-05T11:48:36.036841Z,2021,6,5,65.718400,21.870500,6.0,0,2.1,1,mainland
2021-06-05T11:48:36.037349Z,2021,6,5,65.721000,21.909000,6.0,0,13.7,1,mainland
2021-06-05T11:48:36.038096Z,2021,6,5,65.724400,21.868700,7.0,0,2.7,1,mainland
2021-06-05T11:55:09.724549Z,2021,6,5,65.796700,21.989900,4.0,0,7.2,1,mainland
2021-06-05T11:56:00.364685Z,2021,6,5,65.714800,21.885000,6.0,0,3.1,1,mainland
2021-06-05T11:56:43.970903Z,2021,6,5,65.717700,21.890000,7.0,0,16.3,1,mainland
2021-06-05T11:57:46.123833Z,2021,6,5,65.714600,21.859700,6.0,0,4.1,1,mainland
2021-06-05T11:58:52.044905Z,2021,6,5,65.672300,22.019200,9.0,0,30.4,1,mainland
2021-06-05T11:58:52.047657Z,2021,6,5,65.715200,21.884600,8.0,0,3.3,1,mainland
2021-06-05T12:00:44.766227Z,2021,6,5,65.715000,21.888800,7.0,0,3.5,1,mainland
2021-06-05T12:02:51.379898Z,2021,6,5,66.276000,22.132500,-5.0,0,5.7,1,mainland
2021-06-05T12:03:24.515615Z,2021,6,5,65.704500,21.936100,7.0,0,6.7,1,mainland
2021-06-05T12:03:24.515622Z,2021,6,5,65.710300,21.902900,7.0,0,7.6,1,mainland
2021-06-05T12:03:24.521968Z,2021,6,5,65.726200,21.844500,9.0,0,6.2,1,mainland
2021-06-05T12:03:24.522001Z,2021,6,5,65.786100,21.976100,5.0,0,6.9,1,mainland
2021-06-05T12:24:01.505931Z,2021,6,5,65.632200,21.758400,4.0,0,3.1,1,mainland
2021-06-05T13:04:04.603772Z,2021,6,5,65.582100,21.703500,4.0,0,5.4,1,mainland
2021-06-05T13:25:29.275752Z,2021,6,5,65.941200,22.088900,6.0,0,14.4,1,mainland
2021-06-05T13:36:44.245179Z,2021,6,5,65.903300,22.049900,6.0,0,30.4,1,mainland
2021-06-05T13:42:09.795542Z,2021,6,5,65.984200,22.147700,5.0,0,5.2,1,coast_uncertain
2021-06-05T13:47:04.031991Z,2021,6,5,65.573500,22.625700,6.0,0,6.3,1,coast_uncertain
2021-06-05T13:47:04.034531Z,2021,6,5,65.917900,22.013500,8.0,0,8.0,1,mainland
2021-06-05T13:50:32.650414Z,2021,6,5,65.903200,22.063200,16.0,0,10.7,1,mainland
2021-06-05T13:50:32.650418Z,2021,6,5,65.926900,22.045200,14.0,0,12.2,1,mainland
2021-06-05T13:50:32.651855Z,2021,6,5,65.925200,22.020700,9.0,0,7.4,1,mainland
2021-06-05T13:50:32.651865Z,2021,6,5,65.904400,22.074500,4.0,0,6.3,1,mainland
2021-06-05T13:50:32.667272Z,2021,6,5,65.909400,22.070500,13.0,0,6.9,1,mainland
2021-06-05T13:56:26.607901Z,2021,6,5,65.918500,22.092600,5.0,0,3.3,1,coast_uncertain
2021-06-05T13:58:52.189537Z,2021,6,5,65.910400,22.134400,-13.0,0,6.8,1,coast_uncertain
2021-06-05T13:58:52.190357Z,2021,6,5,65.874600,22.107400,-8.0,0,8.6,1,coast_uncertain
2021-06-05T13:58:52.191247Z,2021,6,5,65.905800,22.133000,4.0,0,1.9,1,coast_uncertain
2021-06-05T13:58:52.198255Z,2021,6,5,65.912700,22.149200,6.0,0,12.2,1,mainland
2021-06-05T14:00:07.301880Z,2021,6,5,65.913500,22.125600,8.0,0,4.3,1,coast_uncertain
2021-06-05T14:02:08.694960Z,2021,6,5,65.903600,22.154000,20.0,0,5.2,1,mainland
2021-06-05T14:02:08.695098Z,2021,6,5,65.870400,22.423100,12.0,0,12.0,1,mainland
2021-06-05T14:02:08.695354Z,2021,6,5,65.595000,22.108400,14.0,0,7.2,1,coast_uncertain
2021-06-05T14:02:08.702771Z,2021,6,5,65.907300,22.111400,8.0,0,8.9,1,mainland
2021-06-05T14:06:13.402568Z,2021,6,5,65.889100,22.144700,66.0,0,18.4,1,coast_uncertain
2021-06-05T14:06:13.402569Z,2021,6,5,65.902100,22.122200,49.0,0,16.3,1,coast_uncertain
2021-06-05T14:06:13.403325Z,2021,6,5,65.934700,22.514800,-10.0,0,15.5,1,coast_uncertain
2021-06-08T03:07:20.112758Z,2021,6,8,65.313800,23.025900,16.0,0,18.5,1,sea
2021-06-08T09:12:53.986286Z,2021,6,8,66.143700,22.027800,8.0,0,17.8,1,mainland
2021-06-08T09:44:02.187033Z,2021,6,8,66.131800,22.014800,-5.0,0,13.6,1,mainland
2021-06-08T09:47:12.239641Z,2021,6,8,65.999400,22.126000,13.0,0,9.8,1,coast_uncertain
2021-06-08T09:47:12.328659Z,2021,6,8,66.238300,22.157800,-6.0,0,11.4,1,mainland
2021-06-08T10:02:16.019797Z,2021,6,8,66.178400,22.045000,5.0,0,6.6,1,mainland
2021-06-08T10:02:16.020196Z,2021,6,8,65.617900,22.884600,8.0,0,3.6,1,sea
2021-06-08T10:03:15.399595Z,2021,6,8,66.207800,22.091500,4.0,0,5.5,1,mainland
2021-06-08T10:05:20.705824Z,2021,6,8,66.240700,22.046700,5.0,0,6.9,1,coast_uncertain
2021-06-08T10:13:01.787187Z,2021,6,8,66.208700,22.069500,4.0,0,6.4,1,coast_uncertain
2021-06-08T10:22:47.681633Z,2021,6,8,66.218900,22.044500,50.0,0,12.3,1,coast_uncertain
2021-06-08T10:23:24.505763Z,2021,6,8,66.275300,22.118000,5.0,0,3.9,1,mainland
2021-06-09T10:20:46.485972Z,2021,6,9,65.649500,21.609800,6.0,0,6.1,1,mainland
2021-06-09T10:36:04.829701Z,2021,6,9,65.440800,21.866100,4.0,0,1.5,1,mainland
2021-06-09T11:16:19.708264Z,2021,6,9,65.560300,21.636400,3.0,0,2.6,1,mainland
2021-06-09T11:32:13.856920Z,2021,6,9,65.645900,21.454900,-49.0,0,14.8,1,coast_uncertain
2021-06-09T11:32:13.882397Z,2021,6,9,65.644300,21.447800,-23.0,0,9.9,1,coast_uncertain
2021-06-09T11:32:13.899071Z,2021,6,9,65.638800,21.458600,-16.0,0,9.8,1,mainland
2021-06-09T11:32:14.052004Z,2021,6,9,65.625500,21.404500,7.0,0,3.3,1,mainland
2021-06-09T11:39:12.294924Z,2021,6,9,65.515700,22.290200,6.0,0,4.5,1,coast_uncertain
2021-06-09T12:09:42.382160Z,2021,6,9,65.688600,21.811600,67.0,0,11.6,1,coast_uncertain
2021-06-09T12:09:42.382161Z,2021,6,9,65.687600,21.829300,73.0,0,12.4,1,coast_uncertain
2021-06-09T12:22:21.484908Z,2021,6,9,65.584100,22.644400,5.0,0,2.0,1,coast_uncertain
2021-06-09T12:22:21.485587Z,2021,6,9,66.122900,22.090000,8.0,0,6.4,1,coast_uncertain
2021-06-09T12:22:21.491110Z,2021,6,9,66.043200,22.024800,7.0,0,8.9,1,coast_uncertain
2021-06-09T12:23:48.516551Z,2021,6,9,65.424200,22.025000,-8.0,0,17.3,1,sea
2021-06-10T11:27:38.117776Z,2021,6,10,65.916800,22.049300,5.0,0,10.0,1,mainland
2021-06-10T11:29:33.380909Z,2021,6,10,65.925400,22.061700,6.0,0,10.3,1,mainland
2021-06-10T11:29:33.386379Z,2021,6,10,65.925100,22.063600,5.0,0,6.4,1,mainland
2021-06-10T11:30:34.860813Z,2021,6,10,65.928400,22.054500,6.0,0,4.3,1,mainland
2021-06-10T11:31:32.968812Z,2021,6,10,65.928100,22.039800,7.0,0,3.7,1,mainland
2021-06-10T11:35:22.698252Z,2021,6,10,65.934600,22.050300,8.0,0,3.7,1,mainland
2021-06-10T11:44:43.819781Z,2021,6,10,65.963800,22.168900,24.0,0,15.7,1,coast_uncertain
2021-06-10T11:44:43.820541Z,2021,6,10,65.940200,22.169800,7.0,0,8.2,1,mainland
2021-06-10T11:47:02.375127Z,2021,6,10,65.947000,22.135500,8.0,0,6.0,1,coast_uncertain
2021-06-10T12:03:54.814354Z,2021,6,10,65.932500,22.172100,8.0,0,5.8,1,coast_uncertain
2021-06-15T11:28:59.666608Z,2021,6,15,65.753700,22.520100,6.0,0,3.6,1,sea
2021-06-15T11:30:30.406414Z,2021,6,15,65.670700,22.407100,5.0,0,11.6,1,sea
2021-06-15T11:36:04.850763Z,2021,6,15,65.664100,22.536800,6.0,0,4.3,1,sea
2021-06-15T11:36:04.859336Z,2021,6,15,65.662700,22.628000,9.0,0,6.7,1,coast_uncertain
2021-06-15T11:36:04.859338Z,2021,6,15,65.669600,22.514500,10.0,0,8.6,1,sea
2021-06-15T11:36:04.871833Z,2021,6,15,65.658600,22.491700,8.0,0,2.9,1,sea
2021-06-15T11:37:24.580959Z,2021,6,15,65.664800,22.560900,8.0,0,6.9,1,sea
2021-06-15T11:37:52.427969Z,2021,6,15,65.957400,21.957000,6.0,0,11.4,1,mainland
2021-06-15T11:38:24.928391Z,2021,6,15,65.749800,22.270300,13.0,0,6.0,1,mainland
2021-06-15T11:41:34.936046Z,2021,6,15,65.636700,22.606400,5.0,0,2.6,1,coast_uncertain
2021-06-15T11:41:34.940056Z,2021,6,15,65.635000,22.626400,12.0,0,8.9,1,coast_uncertain
2021-06-15T11:41:34.940062Z,2021,6,15,65.665500,22.560900,8.0,0,8.7,1,sea
2021-06-15T11:45:53.044514Z,2021,6,15,65.621600,22.754600,6.0,0,10.1,1,sea
2021-06-15T11:45:53.045804Z,2021,6,15,65.623800,22.729700,8.0,0,14.1,1,sea
2021-06-15T11:45:53.062905Z,2021,6,15,65.623000,22.701200,5.0,0,4.3,1,sea
2021-06-15T11:45:53.063794Z,2021,6,15,65.637900,22.679000,8.0,0,10.8,1,sea
2021-06-15T11:56:57.702352Z,2021,6,15,65.697300,22.801000,12.0,0,3.8,1,sea
2021-06-15T11:56:57.702366Z,2021,6,15,65.692100,22.691100,9.0,0,4.1,1,coast_uncertain
2021-06-15T11:56:57.702500Z,2021,6,15,65.702800,22.706100,-7.0,0,5.8,1,coast_uncertain
2021-06-15T11:56:57.706062Z,2021,6,15,65.686400,22.702800,5.0,0,5.1,1,coast_uncertain
2021-06-15T11:56:57.709408Z,2021,6,15,65.690100,22.677400,7.0,0,11.2,1,sea
2021-06-15T11:56:57.713304Z,2021,6,15,65.685600,22.666600,13.0,0,5.6,1,coast_uncertain
2021-06-15T11:56:57.715046Z,2021,6,15,65.673900,22.709200,169.0,0,30.4,1,coast_uncertain
2021-06-15T11:56:57.720491Z,2021,6,15,65.630200,22.750000,6.0,0,4.3,1,sea
2021-06-15T11:56:57.794626Z,2021,6,15,65.689700,22.806100,9.0,0,25.0,1,coast_uncertain
2021-06-15T13:30:37.095597Z,2021,6,15,65.341700,22.153700,6.0,0,3.8,1,sea
2021-06-15T13:30:37.096076Z,2021,6,15,65.349100,22.060500,7.0,0,12.2,1,sea
2021-06-15T13:30:37.098657Z,2021,6,15,65.348800,21.989700,4.0,0,4.1,1,sea
2021-06-15T13:30:37.125678Z,2021,6,15,65.354900,21.989000,5.0,0,4.9,1,sea
2021-06-15T14:09:00.982161Z,2021,6,15,65.603900,21.837200,-6.0,0,3.7,1,coast_uncertain
2021-06-15T14:15:28.953130Z,2021,6,15,65.625200,22.230100,7.0,0,1.8,1,mainland
2021-06-15T14:15:48.540293Z,2021,6,15,65.466700,22.704100,-13.0,0,10.4,1,coast_uncertain
2021-06-15T14:15:48.545896Z,2021,6,15,65.485500,22.678400,6.0,0,13.0,1,coast_uncertain
2021-06-15T14:17:23.728560Z,2021,6,15,65.463300,22.724000,7.0,0,10.1,1,sea
2021-06-15T14:17:23.729527Z,2021,6,15,65.481800,22.698900,6.0,0,5.0,1,coast_uncertain
2021-06-15T14:17:23.729848Z,2021,6,15,65.475400,22.829000,4.0,0,17.5,1,sea
2021-06-15T14:17:23.735823Z,2021,6,15,65.458900,22.724400,5.0,0,3.3,1,sea
2021-06-15T14:17:23.737013Z,2021,6,15,65.472300,22.709800,9.0,0,5.1,1,coast_uncertain
2021-06-15T14:18:14.390858Z,2021,6,15,65.613800,22.251400,7.0,0,11.1,1,coast_uncertain
2021-06-15T14:18:14.639038Z,2021,6,15,65.613200,22.281900,-5.0,0,2.7,1,mainland
2021-06-15T14:20:23.291547Z,2021,6,15,65.456300,22.857800,9.0,0,19.6,1,sea
2021-06-15T14:20:23.293348Z,2021,6,15,65.539400,22.825300,5.0,0,11.0,1,sea
2021-06-15T14:20:23.303816Z,2021,6,15,65.474300,22.829200,4.0,0,2.3,1,sea
2021-06-15T14:23:34.414170Z,2021,6,15,65.605500,22.229000,5.0,0,3.3,1,mainland
2021-06-15T14:23:34.415932Z,2021,6,15,65.600500,22.237000,6.0,0,30.4,1,mainland
2021-06-15T14:28:24.798546Z,2021,6,15,65.558300,22.398200,-18.0,0,7.6,1,coast_uncertain
2021-06-15T14:28:24.798769Z,2021,6,15,65.612900,22.087300,15.0,0,12.3,1,coast_uncertain
2021-06-15T14:28:24.807021Z,2021,6,15,65.567700,22.362800,11.0,0,26.9,1,mainland
2021-06-15T14:28:24.809358Z,2021,6,15,65.579400,22.329300,8.0,0,3.3,1,coast_uncertain
2021-06-15T14:28:24.968222Z,2021,6,15,65.552900,22.418600,-42.0,0,17.8,1,coast_uncertain
2021-06-15T14:28:24.974704Z,2021,6,15,65.591600,22.489900,-5.0,0,8.7,1,sea
2021-06-15T14:30:21.952065Z,2021,6,15,65.611900,22.154700,6.0,0,3.1,1,coast_uncertain
2021-06-15T14:30:21.957025Z,2021,6,15,65.561100,22.330600,6.0,0,14.8,1,coast_uncertain
2021-06-15T14:30:21.975543Z,2021,6,15,65.560700,22.357200,6.0,0,7.4,1,mainland
2021-06-15T14:32:05.841091Z,2021,6,15,65.318000,22.739800,7.0,0,1.9,1,sea
2021-06-15T14:32:05.842824Z,2021,6,15,65.534600,22.337500,8.0,0,2.4,1,coast_uncertain
2021-06-15T14:32:05.847705Z,2021,6,15,65.538300,22.250200,5.0,0,15.3,1,coast_uncertain
2021-06-15T14:32:48.802641Z,2021,6,15,65.530400,22.352800,7.0,0,6.9,1,coast_uncertain
2021-06-15T14:34:29.338644Z,2021,6,15,65.537000,22.348400,7.0,0,6.2,1,coast_uncertain
2021-06-15T14:34:29.608969Z,2021,6,15,65.591800,22.542700,-68.0,0,21.0,1,coast_uncertain
2021-06-15T14:34:29.608975Z,2021,6,15,65.603300,22.488100,-64.0,0,14.4,1,sea
2021-06-15T14:34:29.620824Z,2021,6,15,65.578000,22.624400,-23.0,0,30.4,1,coast_uncertain
2021-06-15T14:34:29.636590Z,2021,6,15,65.585000,22.523800,-21.0,0,4.4,1,coast_uncertain
2021-06-15T14:37:25.633792Z,2021,6,15,65.555000,22.482000,11.0,0,8.6,1,sea
2021-06-15T14:37:25.635250Z,2021,6,15,65.557200,22.508000,11.0,0,8.5,1,sea
2021-06-15T14:37:25.635251Z,2021,6,15,65.566200,22.538400,10.0,0,24.7,1,coast_uncertain
2021-06-15T14:37:25.637911Z,2021,6,15,65.326000,22.899300,6.0,0,3.3,1,sea
2021-06-15T14:37:25.644065Z,2021,6,15,65.546700,22.488400,7.0,0,19.0,1,sea
2021-06-15T14:37:25.668347Z,2021,6,15,65.565800,22.507800,4.0,0,1.5,1,sea
2021-06-15T14:37:25.771378Z,2021,6,15,65.513200,22.522500,-7.0,0,2.5,1,coast_uncertain
2021-06-15T14:38:41.824979Z,2021,6,15,65.561900,22.477000,6.0,0,8.1,1,sea
2021-06-15T14:41:04.928240Z,2021,6,15,65.551400,22.595400,5.0,0,11.8,1,coast_uncertain
2021-06-15T14:42:54.952107Z,2021,6,15,65.550500,22.557400,5.0,0,8.3,1,coast_uncertain
2021-06-15T14:46:06.283476Z,2021,6,15,65.471100,22.486700,7.0,0,3.7,1,sea
2021-06-15T14:46:06.284146Z,2021,6,15,65.518500,22.447400,5.0,0,3.3,1,sea
2021-06-15T14:46:06.284774Z,2021,6,15,65.459000,22.476500,4.0,0,1.7,1,sea
2021-06-15T14:53:39.377173Z,2021,6,15,65.459400,22.621500,5.0,0,8.0,1,coast_uncertain
2021-06-15T14:53:39.418932Z,2021,6,15,65.527300,22.828700,-4.0,0,11.7,1,sea
2021-06-15T14:53:39.475759Z,2021,6,15,65.539800,22.878700,35.0,0,18.1,1,sea
2021-06-15T15:49:35.249988Z,2021,6,15,65.578200,21.603800,5.0,0,2.9,1,mainland
2021-06-15T15:49:35.250062Z,2021,6,15,65.392700,22.001600,12.0,0,3.2,1,coast_uncertain
2021-06-15T15:49:35.276535Z,2021,6,15,65.554000,21.595900,7.0,0,4.9,1,coast_uncertain
2021-06-15T16:06:56.058211Z,2021,6,15,65.527500,22.110700,10.0,0,4.9,1,coast_uncertain
2021-06-15T16:06:56.172748Z,2021,6,15,65.517700,22.082500,-8.0,0,2.9,1,coast_uncertain
2021-06-15T16:10:45.031764Z,2021,6,15,65.391800,22.761100,5.0,0,1.9,1,sea
2021-06-15T16:10:45.079714Z,2021,6,15,65.521400,22.167200,-5.0,0,2.4,1,coast_uncertain
2021-06-15T16:14:14.649254Z,2021,6,15,65.655200,22.386500,5.0,0,10.5,1,sea
2021-06-15T16:14:14.649741Z,2021,6,15,65.553300,22.230100,5.0,0,7.3,1,coast_uncertain
2021-06-15T16:14:14.650211Z,2021,6,15,65.461400,22.200100,6.0,0,22.8,1,coast_uncertain
2021-06-15T16:14:14.650256Z,2021,6,15,65.562900,22.418400,-12.0,0,24.0,1,sea
2021-06-15T16:14:14.650949Z,2021,6,15,65.515200,22.286100,4.0,0,3.7,1,coast_uncertain
2021-06-15T16:14:14.653020Z,2021,6,15,65.528200,22.242700,6.0,0,4.2,1,islands
2021-06-15T16:14:14.679241Z,2021,6,15,65.525300,22.273400,5.0,0,2.4,1,coast_uncertain
2021-06-15T16:15:06.174257Z,2021,6,15,65.489100,22.370700,5.0,0,16.6,1,coast_uncertain
2021-06-15T16:15:06.175073Z,2021,6,15,65.509900,22.257300,7.0,0,6.6,1,coast_uncertain
2021-06-15T16:15:06.176796Z,2021,6,15,65.512800,22.262200,4.0,0,3.9,1,coast_uncertain
2021-06-15T16:15:06.177060Z,2021,6,15,65.514500,22.282300,8.0,0,7.3,1,coast_uncertain
2021-06-15T16:15:41.291929Z,2021,6,15,65.519800,22.295100,8.0,0,5.6,1,coast_uncertain
2021-06-15T16:17:06.171028Z,2021,6,15,65.520400,22.300900,6.0,0,4.6,1,coast_uncertain
2021-06-15T16:17:06.379291Z,2021,6,15,65.494500,22.256600,-13.0,0,5.6,1,coast_uncertain
2021-06-15T16:17:47.488470Z,2021,6,15,65.513800,22.316200,6.0,0,2.1,1,islands
2021-06-15T16:17:47.489313Z,2021,6,15,65.513400,22.327400,7.0,0,2.7,1,coast_uncertain
2021-06-15T16:19:51.748677Z,2021,6,15,65.467800,22.140200,-5.0,0,2.4,1,coast_uncertain
2021-06-15T16:23:59.278276Z,2021,6,15,65.203900,22.519800,8.0,0,12.0,1,sea
2021-06-15T16:23:59.301644Z,2021,6,15,65.475800,22.300700,7.0,0,11.8,1,coast_uncertain
2021-06-15T16:25:30.885782Z,2021,6,15,65.473000,22.337000,7.0,0,3.0,1,sea
2021-06-15T16:25:30.914198Z,2021,6,15,65.483800,22.350500,9.0,0,13.9,1,sea
2021-06-15T16:33:14.994356Z,2021,6,15,65.429800,22.360200,9.0,0,12.4,1,coast_uncertain
2021-06-15T16:33:15.000383Z,2021,6,15,65.432800,22.425700,5.0,0,2.0,1,sea
2021-06-15T16:47:45.555491Z,2021,6,15,65.387800,22.861100,6.0,0,6.7,1,sea
2021-06-15T16:47:45.555874Z,2021,6,15,65.383600,22.681800,12.0,0,4.5,1,sea
2021-06-15T16:47:45.788894Z,2021,6,15,65.387900,22.879500,-8.0,0,2.4,1,sea
2021-06-15T16:49:08.751360Z,2021,6,15,65.378100,22.925900,43.0,0,11.4,1,sea
2021-06-15T16:49:08.848479Z,2021,6,15,65.463800,22.880000,-4.0,0,9.1,1,sea
2021-06-15T16:49:08.858260Z,2021,6,15,65.447900,22.922400,17.0,0,29.1,1,sea
2021-06-15T16:50:18.669030Z,2021,6,15,65.401300,22.936500,48.0,0,17.2,1,sea
2021-06-15T16:50:18.674089Z,2021,6,15,65.411100,23.011300,4.0,0,24.6,1,sea
2021-06-15T16:50:18.678661Z,2021,6,15,65.383600,22.938200,7.0,0,2.6,1,sea
2021-06-15T16:50:18.684056Z,2021,6,15,65.369000,22.892100,4.0,0,22.3,1,sea
2021-06-15T16:52:01.381076Z,2021,6,15,65.376700,22.951000,4.0,0,4.2,1,sea
2021-06-15T16:52:01.496049Z,2021,6,15,65.396200,22.948200,105.0,0,26.9,1,sea
2021-06-15T16:52:01.535568Z,2021,6,15,65.432900,22.965900,13.0,0,6.4,1,sea
2021-06-15T16:52:01.563436Z,2021,6,15,65.384500,22.959300,4.0,0,1.8,1,sea
2021-06-15T16:55:35.351563Z,2021,6,15,65.361900,23.001400,7.0,0,3.8,1,sea
2021-06-15T16:59:09.996808Z,2021,6,15,65.879600,22.090400,7.0,0,4.4,1,mainland
2021-06-15T16:59:10.000254Z,2021,6,15,65.871800,22.108700,6.0,0,29.4,1,mainland
2021-06-15T16:59:10.001081Z,2021,6,15,65.877100,22.078900,8.0,0,15.6,1,mainland
2021-06-15T17:04:17.810628Z,2021,6,15,65.945800,22.187800,4.0,0,5.6,1,mainland
2021-06-15T17:04:17.820584Z,2021,6,15,65.860900,22.113800,5.0,0,11.1,1,mainland
2021-06-15T17:04:17.823075Z,2021,6,15,65.869200,22.099700,5.0,0,13.6,1,mainland
2021-06-15T17:05:55.498434Z,2021,6,15,65.865300,22.168000,8.0,0,3.3,1,coast_uncertain
2021-06-15T17:23:51.105217Z,2021,6,15,65.818500,22.305600,-6.0,0,5.2,1,mainland
2021-06-15T17:23:51.105270Z,2021,6,15,65.824100,22.337000,17.0,0,6.2,1,mainland
2021-06-15T17:23:51.105274Z,2021,6,15,65.839500,22.311800,14.0,0,7.4,1,coast_uncertain
2021-06-15T17:23:51.106627Z,2021,6,15,65.904900,22.317200,5.0,0,8.5,1,mainland
2021-06-15T17:23:51.121121Z,2021,6,15,65.829600,22.329500,6.0,0,5.0,1,mainland
2021-06-15T17:26:22.258920Z,2021,6,15,65.810700,22.327700,6.0,0,7.2,1,coast_uncertain
2021-06-15T18:10:18.640739Z,2021,6,15,65.611500,22.868700,4.0,0,11.4,1,sea
2021-06-15T18:10:18.641290Z,2021,6,15,65.626500,22.838200,5.0,0,3.6,1,sea
2021-06-15T20:07:08.673734Z,2021,6,15,65.478200,22.871500,-25.0,0,26.8,1,sea
2021-06-19T22:42:28.946889Z,2021,6,19,65.248200,22.530600,-15.0,0,13.7,1,sea
2021-06-19T22:46:47.869803Z,2021,6,19,65.121800,22.424300,5.0,0,14.1,1,sea
2021-06-19T22:48:54.944803Z,2021,6,19,65.570700,22.730800,-19.0,0,3.9,1,sea
2021-06-19T23:19:38.164058Z,2021,6,19,65.221700,23.055300,3.0,0,2.6,1,sea
2021-06-21T06:00:19.920224Z,2021,6,21,65.426300,21.892200,5.0,0,2.3,1,mainland
2021-06-21T06:00:19.999934Z,2021,6,21,65.418100,21.924800,44.0,0,9.7,1,coast_uncertain
2021-06-21T06:19:34.435297Z,2021,6,21,65.542200,22.287700,5.0,0,5.5,1,coast_uncertain
2021-06-21T06:19:34.436024Z,2021,6,21,65.548300,22.286700,5.0,0,4.8,1,coast_uncertain
2021-06-21T06:19:34.436783Z,2021,6,21,65.538700,22.295200,9.0,0,2.9,1,sea
2021-06-21T06:19:34.437233Z,2021,6,21,65.546200,22.411400,5.0,0,14.3,1,coast_uncertain
2021-06-21T06:19:34.563370Z,2021,6,21,65.539900,22.288500,4.0,0,2.3,1,sea
2021-06-21T06:19:34.815938Z,2021,6,21,65.564000,22.185800,-7.0,0,1.5,1,coast_uncertain
2021-06-21T06:19:35.256972Z,2021,6,21,65.557700,22.240000,-9.0,0,2.6,1,coast_uncertain
2021-06-21T06:21:44.251268Z,2021,6,21,65.548600,22.311900,7.0,0,2.0,1,coast_uncertain
2021-06-21T06:21:44.252218Z,2021,6,21,65.562100,22.295400,10.0,0,10.4,1,coast_uncertain
2021-06-21T06:21:44.252699Z,2021,6,21,65.553700,22.267200,15.0,0,24.7,1,coast_uncertain
2021-06-21T06:21:44.252702Z,2021,6,21,65.560500,22.322800,9.0,0,25.0,1,coast_uncertain
2021-06-21T06:21:44.252803Z,2021,6,21,65.304300,22.113200,-15.0,0,12.5,1,sea
2021-06-21T06:21:44.254027Z,2021,6,21,65.534000,22.297900,15.0,0,14.5,1,coast_uncertain
2021-06-21T06:21:44.254027Z,2021,6,21,65.580400,22.290900,11.0,0,10.3,1,coast_uncertain
2021-06-21T06:21:44.256800Z,2021,6,21,65.559800,22.328500,8.0,0,11.1,1,coast_uncertain
2021-06-21T06:23:16.841735Z,2021,6,21,65.579500,22.340100,5.0,0,2.5,1,mainland
2021-06-21T06:23:16.843600Z,2021,6,21,65.565800,22.509000,5.0,0,4.8,1,sea
2021-06-21T06:23:16.844007Z,2021,6,21,65.593500,22.369000,7.0,0,30.4,1,coast_uncertain
2021-06-21T06:23:16.844011Z,2021,6,21,65.616900,22.509900,-22.0,0,19.6,1,coast_uncertain
2021-06-21T06:23:16.844666Z,2021,6,21,65.581300,22.366600,8.0,0,6.0,1,coast_uncertain
2021-06-21T06:23:16.844697Z,2021,6,21,65.585900,22.402300,-20.0,0,16.8,1,sea
2021-06-21T06:23:17.138391Z,2021,6,21,65.581800,22.366000,-23.0,0,8.3,1,coast_uncertain
2021-06-21T06:23:17.178305Z,2021,6,21,65.583100,22.391400,-9.0,0,3.1,1,sea
2021-06-21T06:23:17.229383Z,2021,6,21,65.589700,22.361600,-6.0,0,2.6,1,coast_uncertain
2021-06-21T06:25:06.562682Z,2021,6,21,65.468700,22.606900,10.0,0,6.0,1,coast_uncertain
2021-06-21T06:25:06.562962Z,2021,6,21,65.593800,22.385600,12.0,0,9.4,1,coast_uncertain
2021-06-21T06:25:06.563501Z,2021,6,21,65.579800,22.409000,19.0,0,18.2,1,sea
2021-06-21T06:25:06.565233Z,2021,6,21,65.594000,22.370800,19.0,0,16.1,1,coast_uncertain
2021-06-21T06:32:03.482738Z,2021,6,21,65.593600,22.511200,9.0,0,9.7,1,coast_uncertain
2021-06-21T06:33:16.470408Z,2021,6,21,65.568900,22.546500,6.0,0,12.4,1,coast_uncertain
2021-06-21T06:34:39.134092Z,2021,6,21,65.596600,22.561200,-9.0,0,4.2,1,coast_uncertain
2021-06-21T06:34:39.205665Z,2021,6,21,65.583400,22.520800,-7.0,0,5.6,1,coast_uncertain
2021-06-21T06:34:39.251779Z,2021,6,21,65.611700,22.612600,-6.0,0,6.0,1,coast_uncertain
2021-06-21T06:35:48.269728Z,2021,6,21,65.631700,22.543900,7.0,0,4.4,1,sea
2021-06-21T06:35:48.270062Z,2021,6,21,65.642900,22.567100,6.0,0,8.9,1,sea
2021-06-21T06:35:48.270829Z,2021,6,21,65.635900,22.534000,5.0,0,3.9,1,sea
2021-06-21T06:35:48.272005Z,2021,6,21,65.619500,22.589900,4.0,0,2.3,1,coast_uncertain
2021-06-21T06:35:48.678851Z,2021,6,21,65.680400,22.490900,22.0,0,24.7,1,sea
2021-06-21T06:35:48.812541Z,2021,6,21,65.674600,22.216100,10.0,0,5.2,1,mainland
2021-06-21T06:46:38.715801Z,2021,6,21,65.703200,22.666600,11.0,0,23.8,1,sea
2021-06-21T06:46:38.719785Z,2021,6,21,65.716400,22.652800,11.0,0,22.8,1,sea
2021-06-21T06:46:39.120324Z,2021,6,21,65.697800,22.566700,-9.0,0,15.4,1,sea
2021-06-21T06:46:39.298467Z,2021,6,21,65.703800,22.690100,-5.0,0,9.3,1,coast_uncertain
2021-06-21T06:46:39.366322Z,2021,6,21,65.584600,22.494500,-25.0,0,6.2,1,sea
2021-06-21T06:46:39.387684Z,2021,6,21,65.586400,22.472900,-17.0,0,4.2,1,sea
2021-06-21T06:46:39.387684Z,2021,6,21,65.590300,22.546400,-16.0,0,5.0,1,sea
2021-06-21T06:46:39.431435Z,2021,6,21,65.594600,22.583700,-27.0,0,4.6,1,coast_uncertain
2021-06-21T06:46:39.431448Z,2021,6,21,65.597300,22.565300,-31.0,0,16.5,1,coast_uncertain
2021-06-21T06:49:07.797503Z,2021,6,21,65.674900,22.718400,5.0,0,11.7,1,coast_uncertain
2021-06-21T06:49:08.283606Z,2021,6,21,65.839400,22.570400,11.0,0,5.6,1,mainland
2021-06-21T06:51:07.871543Z,2021,6,21,65.498000,22.517800,18.0,0,7.2,1,coast_uncertain
2021-06-21T06:54:37.577073Z,2021,6,21,65.707500,22.744500,-6.0,0,3.3,1,coast_uncertain
2021-06-21T06:57:53.629386Z,2021,6,21,65.698800,22.700100,9.0,0,11.9,1,coast_uncertain
2021-06-21T06:57:53.629682Z,2021,6,21,65.692400,22.697200,17.0,0,22.2,1,sea
2021-06-21T06:57:53.629971Z,2021,6,21,65.693000,22.670000,12.0,0,3.1,1,sea
2021-06-21T06:57:53.633933Z,2021,6,21,65.656500,22.847800,5.0,0,10.5,1,sea
2021-06-21T06:57:53.649211Z,2021,6,21,65.720800,22.684500,41.0,0,30.4,1,sea
2021-06-21T06:57:53.776346Z,2021,6,21,65.710800,22.645400,31.0,0,9.7,1,sea
2021-06-21T07:03:08.380534Z,2021,6,21,65.613400,22.847000,-18.0,0,20.0,1,sea
2021-06-21T07:07:07.284519Z,2021,6,21,65.469500,23.000900,-5.0,0,2.7,1,sea
2021-06-21T07:07:07.285715Z,2021,6,21,65.637400,22.861000,-7.0,0,1.7,1,sea
2021-06-21T07:07:07.340324Z,2021,6,21,65.648500,22.800100,-14.0,0,4.9,1,coast_uncertain
2021-06-21T07:07:07.585536Z,2021,6,21,65.663800,22.831000,-4.0,0,9.5,1,sea
2021-06-21T07:10:30.843302Z,2021,6,21,65.685100,22.830200,6.0,0,3.3,1,sea
2021-06-21T08:03:36.935926Z,2021,6,21,65.461900,21.916500,7.0,0,5.0,1,coast_uncertain
2021-06-21T08:11:58.309656Z,2021,6,21,65.262700,22.406200,5.0,0,16.3,1,sea
2021-06-21T08:15:26.483454Z,2021,6,21,65.484800,21.976900,-27.0,0,8.0,1,coast_uncertain
2021-06-21T08:15:26.551633Z,2021,6,21,65.489400,22.018600,-8.0,0,3.6,1,coast_uncertain
2021-06-21T08:15:26.587913Z,2021,6,21,65.507300,22.004700,-7.0,0,3.7,1,coast_uncertain
2021-06-21T08:21:16.343062Z,2021,6,21,65.879000,22.120200,3.0,0,2.9,1,coast_uncertain
2021-06-21T08:21:16.716533Z,2021,6,21,65.521500,21.840900,17.0,0,5.7,1,coast_uncertain
2021-06-21T08:28:44.198464Z,2021,6,21,65.702700,21.937900,18.0,0,11.8,1,mainland
2021-06-21T08:28:44.199088Z,2021,6,21,65.698700,21.925200,13.0,0,15.3,1,mainland
2021-06-21T08:28:44.200412Z,2021,6,21,65.703500,21.957700,5.0,0,30.4,1,mainland
2021-06-21T08:28:44.200429Z,2021,6,21,65.691200,21.956000,-12.0,0,18.2,1,mainland
2021-06-21T08:28:44.203955Z,2021,6,21,65.648800,22.010000,5.0,0,13.4,1,mainland
2021-06-21T08:35:20.978417Z,2021,6,21,65.705200,22.241800,-65.0,0,11.0,1,coast_uncertain
2021-06-21T08:35:20.978429Z,2021,6,21,65.745100,22.234900,-78.0,0,9.9,1,coast_uncertain
2021-06-21T08:35:21.008022Z,2021,6,21,65.722600,22.278400,-43.0,0,19.9,1,coast_uncertain
2021-06-21T08:35:21.024881Z,2021,6,21,65.736100,22.209000,-15.0,0,3.9,1,coast_uncertain
2021-06-21T08:35:21.116145Z,2021,6,21,65.748200,22.233100,-8.0,0,3.2,1,coast_uncertain
2021-06-21T08:37:46.531811Z,2021,6,21,65.707200,21.549600,12.0,0,3.7,1,coast_uncertain
2021-06-21T08:37:46.534792Z,2021,6,21,65.653700,21.618900,14.0,0,28.6,1,mainland
2021-06-21T08:37:46.604991Z,2021,6,21,65.671000,21.538500,27.0,0,9.5,1,coast_uncertain
2021-06-21T08:38:55.180001Z,2021,6,21,65.806000,22.188700,14.0,0,15.4,1,mainland
2021-06-21T08:38:55.180035Z,2021,6,21,65.906200,22.247300,16.0,0,15.5,1,mainland
2021-06-21T08:38:55.180417Z,2021,6,21,65.800400,22.175000,9.0,0,19.1,1,mainland
2021-06-21T08:38:55.181769Z,2021,6,21,65.767400,22.288100,6.0,0,11.6,1,coast_uncertain
2021-06-21T08:38:55.213374Z,2021,6,21,65.804100,22.205500,5.0,0,11.6,1,coast_uncertain
2021-06-21T08:38:55.251010Z,2021,6,21,65.828200,22.094600,64.0,0,11.7,1,mainland
2021-06-21T08:40:26.238612Z,2021,6,21,65.234800,22.197200,9.0,0,3.0,1,sea
2021-06-21T08:49:13.087704Z,2021,6,21,65.255300,22.144800,-15.0,0,18.6,1,sea
2021-06-21T08:50:20.302238Z,2021,6,21,65.941600,22.021800,6.0,0,12.4,1,mainland
2021-06-21T08:50:20.303036Z,2021,6,21,65.932100,22.132600,7.0,0,11.2,1,coast_uncertain
2021-06-21T08:50:20.308824Z,2021,6,21,65.928900,22.212200,6.0,0,8.0,1,mainland
2021-06-21T08:50:20.310935Z,2021,6,21,65.940500,22.234600,6.0,0,2.7,1,mainland
2021-06-21T08:55:55.119529Z,2021,6,21,65.289800,22.090900,30.0,0,25.0,1,sea
2021-06-21T08:55:55.119531Z,2021,6,21,65.284800,22.154300,23.0,0,8.3,1,sea
2021-06-21T08:55:55.119549Z,2021,6,21,65.285100,22.081200,26.0,0,19.2,1,sea
2021-06-21T08:55:55.122592Z,2021,6,21,65.306100,22.317300,4.0,0,1.8,1,sea
2021-06-21T08:55:55.127994Z,2021,6,21,65.259600,22.218300,4.0,0,20.1,1,sea
2021-06-21T08:56:53.457809Z,2021,6,21,65.377600,21.989900,7.0,0,11.3,1,coast_uncertain
2021-06-21T08:56:53.458806Z,2021,6,21,65.350800,21.966000,11.0,0,2.1,1,sea
2021-06-21T08:56:53.458860Z,2021,6,21,65.495500,22.074000,-9.0,0,12.6,1,coast_uncertain
2021-06-21T08:58:49.535841Z,2021,6,21,65.275600,22.196100,4.0,0,6.2,1,sea
2021-06-21T09:01:40.795637Z,2021,6,21,65.470300,22.193400,9.0,0,4.3,1,coast_uncertain
2021-06-21T09:01:40.797012Z,2021,6,21,65.434800,22.084500,7.0,0,9.8,1,sea
2021-06-21T09:03:49.635707Z,2021,6,21,65.471300,22.115600,7.0,0,14.5,1,sea
2021-06-21T09:03:49.636104Z,2021,6,21,65.475400,22.127900,-12.0,0,12.2,1,sea
2021-06-21T09:03:49.637132Z,2021,6,21,65.402400,22.244300,15.0,0,24.1,1,sea
2021-06-21T09:03:49.832597Z,2021,6,21,65.457800,21.934500,-5.0,0,2.0,1,mainland
2021-06-21T09:03:55.099143Z,2021,6,21,65.329500,22.166800,-224.0,0,21.0,1,sea
2021-06-21T09:03:55.099192Z,2021,6,21,65.484700,22.392200,-159.0,0,23.5,1,coast_uncertain
2021-06-21T09:08:39.895701Z,2021,6,21,65.519900,22.230300,12.0,0,9.1,1,islands
2021-06-21T09:08:39.895987Z,2021,6,21,65.532500,22.227600,29.0,0,25.6,1,islands
2021-06-21T09:08:39.903814Z,2021,6,21,65.506300,22.244900,7.0,0,21.3,1,islands
2021-06-21T09:08:39.925441Z,2021,6,21,65.484100,22.100800,5.0,0,5.2,1,sea
2021-06-21T09:10:25.188502Z,2021,6,21,65.327500,22.699900,14.0,0,7.2,1,sea
2021-06-21T09:10:25.190864Z,2021,6,21,65.311200,22.625500,5.0,0,20.6,1,sea
2021-06-21T09:10:25.191851Z,2021,6,21,65.339800,22.724200,8.0,0,4.9,1,sea
2021-06-21T09:10:25.197939Z,2021,6,21,65.318400,22.664400,-4.0,0,4.6,1,sea
2021-06-21T09:10:25.198570Z,2021,6,21,65.321000,22.692100,4.0,0,2.3,1,sea
2021-06-21T09:10:25.203837Z,2021,6,21,65.328500,22.707200,4.0,0,8.2,1,sea
2021-06-21T09:11:35.474307Z,2021,6,21,65.198600,23.011100,5.0,0,2.7,1,sea
2021-06-21T09:21:24.913824Z,2021,6,21,65.613800,22.520700,6.0,0,1.5,1,sea
2021-06-21T09:21:24.914658Z,2021,6,21,65.627300,22.526900,16.0,0,13.1,1,coast_uncertain
2021-06-21T09:21:24.915544Z,2021,6,21,65.618400,22.451400,11.0,0,10.8,1,sea
2021-06-21T09:21:24.916235Z,2021,6,21,65.561000,22.680900,6.0,0,15.5,1,coast_uncertain
2021-06-21T09:21:24.917249Z,2021,6,21,65.597000,22.550800,9.0,0,5.4,1,coast_uncertain
2021-06-21T09:21:24.917257Z,2021,6,21,65.657400,22.553400,8.0,0,11.3,1,sea
2021-06-21T09:21:24.920141Z,2021,6,21,65.590100,22.503700,13.0,0,7.0,1,sea
2021-06-21T09:21:24.938897Z,2021,6,21,65.615500,22.558500,6.0,0,10.6,1,coast_uncertain
2021-06-21T09:21:25.014558Z,2021,6,21,65.662000,22.489800,41.0,0,9.9,1,sea
2021-06-21T09:21:25.187519Z,2021,6,21,65.656600,22.465100,-6.0,0,2.6,1,sea
2021-06-21T09:21:52.838913Z,2021,6,21,65.246500,23.039700,7.0,0,1.7,1,sea
2021-06-21T09:21:52.847011Z,2021,6,21,65.278900,23.044800,3.0,0,4.9,1,sea
2021-06-21T09:21:52.902864Z,2021,6,21,65.302300,23.014100,4.0,0,6.2,1,sea
2021-06-21T09:24:39.055344Z,2021,6,21,65.347700,21.978500,10.0,0,13.1,1,sea
2021-06-21T09:25:21.115151Z,2021,6,21,65.462100,21.927000,23.0,0,20.6,1,coast_uncertain
2021-06-21T09:25:21.115158Z,2021,6,21,65.463200,21.889400,23.0,0,17.5,1,coast_uncertain
2021-06-21T09:25:21.116344Z,2021,6,21,65.446300,21.999800,-17.0,0,22.6,1,coast_uncertain
2021-06-21T09:25:21.226411Z,2021,6,21,65.450000,21.929200,-5.0,0,3.5,1,coast_uncertain
2021-06-21T09:25:21.228083Z,2021,6,21,65.421000,22.096500,-8.0,0,2.1,1,sea
2021-06-21T09:25:21.229434Z,2021,6,21,65.425800,22.026700,-5.0,0,1.7,1,sea
2021-06-21T09:25:47.515633Z,2021,6,21,65.363600,22.004600,7.0,0,28.1,1,coast_uncertain
2021-06-21T09:26:56.868863Z,2021,6,21,65.432000,21.935800,8.0,0,15.5,1,coast_uncertain
2021-06-21T09:26:56.869277Z,2021,6,21,65.433500,21.941200,8.0,0,3.7,1,coast_uncertain
2021-06-21T09:28:17.853653Z,2021,6,21,65.455900,21.971300,11.0,0,12.8,1,mainland
2021-06-21T09:28:17.853935Z,2021,6,21,65.461500,21.963100,21.0,0,13.5,1,mainland
2021-06-21T09:28:17.854572Z,2021,6,21,65.143900,22.664700,5.0,0,2.3,1,sea
2021-06-21T09:28:17.857145Z,2021,6,21,65.456100,21.948300,6.0,0,8.5,1,mainland
2021-06-21T09:28:17.861713Z,2021,6,21,65.462200,21.937800,5.0,0,4.1,1,mainland
2021-06-21T09:28:18.263882Z,2021,6,21,65.383700,22.176900,-24.0,0,4.4,1,coast_uncertain
2021-06-21T09:28:35.099172Z,2021,6,21,65.620000,21.386200,-8.0,0,6.4,1,mainland
2021-06-21T09:29:42.035765Z,2021,6,21,65.425700,21.947900,26.0,0,15.7,1,sea
2021-06-21T09:29:42.037417Z,2021,6,21,65.481900,22.009200,9.0,0,30.4,1,sea
2021-06-21T09:29:42.037422Z,2021,6,21,65.416500,21.991300,-31.0,0,25.9,1,coast_uncertain
2021-06-21T09:29:42.039509Z,2021,6,21,65.367400,22.123300,5.0,0,3.7,1,sea
2021-06-21T09:29:42.039532Z,2021,6,21,65.421000,21.959500,8.0,0,4.6,1,coast_uncertain
2021-06-21T09:29:42.561303Z,2021,6,21,65.475100,22.093700,-44.0,0,4.4,1,sea
2021-06-21T09:30:00.320720Z,2021,6,21,65.642800,21.405000,-23.0,0,7.4,1,mainland
2021-06-21T09:30:21.106361Z,2021,6,21,65.669600,21.365600,-12.0,0,9.3,1,coast_uncertain
2021-06-21T09:30:41.777765Z,2021,6,21,65.668100,21.370600,-14.0,0,9.8,1,coast_uncertain
2021-06-21T09:30:43.459750Z,2021,6,21,65.344100,22.848700,4.0,0,3.3,1,sea
2021-06-21T09:30:43.460640Z,2021,6,21,65.347600,22.787100,7.0,0,9.8,1,sea
2021-06-21T09:30:43.463473Z,2021,6,21,65.342900,22.839100,6.0,0,3.6,1,sea
2021-06-21T09:30:49.971031Z,2021,6,21,65.438100,21.967500,9.0,0,9.9,1,coast_uncertain
2021-06-21T09:30:49.972138Z,2021,6,21,65.529800,22.062000,13.0,0,4.2,1,coast_uncertain
2021-06-21T09:30:50.161723Z,2021,6,21,65.419500,22.208600,-58.0,0,12.6,1,coast_uncertain
2021-06-21T09:30:50.218104Z,2021,6,21,65.448000,21.970000,5.0,0,15.4,1,mainland
2021-06-21T09:30:50.224270Z,2021,6,21,65.416200,22.203200,-8.0,0,2.0,1,sea
2021-06-21T09:31:16.050605Z,2021,6,21,65.645100,21.383000,-20.0,0,9.5,1,coast_uncertain
2021-06-21T09:31:16.110242Z,2021,6,21,65.677600,21.386100,-12.0,0,9.4,1,mainland
2021-06-21T09:31:49.880922Z,2021,6,21,65.673600,21.371900,-5.0,0,5.7,1,mainland
2021-06-21T09:31:53.308152Z,2021,6,21,65.470700,22.083000,8.0,0,5.5,1,sea
2021-06-21T09:31:53.308185Z,2021,6,21,65.556500,22.172600,6.0,0,5.8,1,coast_uncertain
2021-06-21T09:31:53.309047Z,2021,6,21,65.414800,22.199000,8.0,0,5.1,1,sea
2021-06-21T09:31:53.310665Z,2021,6,21,65.449300,22.054900,7.0,0,10.7,1,coast_uncertain
2021-06-21T09:31:53.311262Z,2021,6,21,65.451400,22.067500,6.0,0,2.6,1,sea
2021-06-21T09:31:53.360947Z,2021,6,21,65.480100,21.988500,-5.0,0,2.0,1,sea
2021-06-21T09:31:53.387848Z,2021,6,21,65.458000,22.032300,7.0,0,2.1,1,sea
2021-06-21T09:31:53.685700Z,2021,6,21,65.347700,22.028100,-19.0,0,3.2,1,sea
2021-06-21T09:31:53.688111Z,2021,6,21,65.358900,22.113800,-6.0,0,4.5,1,sea
2021-06-21T09:32:34.434008Z,2021,6,21,65.341100,22.996400,8.0,0,8.7,1,sea
2021-06-21T09:32:34.434042Z,2021,6,21,65.386000,22.881600,-15.0,0,9.3,1,sea
2021-06-21T09:32:34.434552Z,2021,6,21,65.341700,22.993200,6.0,0,6.7,1,sea
2021-06-21T09:32:34.434603Z,2021,6,21,65.395300,22.944100,-11.0,0,10.1,1,sea
2021-06-21T09:33:07.074637Z,2021,6,21,65.681500,21.456000,-8.0,0,6.6,1,coast_uncertain
2021-06-21T09:33:07.168210Z,2021,6,21,65.681000,21.457600,-7.0,0,6.8,1,coast_uncertain
2021-06-21T09:33:09.170935Z,2021,6,21,65.477800,21.892700,16.0,0,6.0,1,mainland
2021-06-21T09:33:09.170952Z,2021,6,21,65.469400,22.068300,-19.0,0,6.7,1,sea
2021-06-21T09:33:09.173134Z,2021,6,21,65.465700,22.101000,-111.0,0,11.4,1,sea
2021-06-21T09:33:09.173143Z,2021,6,21,65.433300,22.134600,-95.0,0,9.5,1,coast_uncertain
2021-06-21T09:33:14.614340Z,2021,6,21,65.593200,22.163600,-6.0,0,9.4,1,coast_uncertain
2021-06-21T09:33:14.618086Z,2021,6,21,65.475300,22.090600,-98.0,0,15.6,1,sea
2021-06-21T09:33:14.618118Z,2021,6,21,65.400600,22.378600,-100.0,0,13.5,1,sea
2021-06-21T09:33:14.683270Z,2021,6,21,65.486500,22.023200,8.0,0,8.7,1,sea
2021-06-21T09:33:14.686286Z,2021,6,21,65.481700,22.025600,7.0,0,5.8,1,sea
2021-06-21T09:33:14.776665Z,2021,6,21,65.101600,22.644400,-5.0,0,1.2,1,sea
2021-06-21T09:33:14.867520Z,2021,6,21,65.442600,22.106400,-6.0,0,2.1,1,coast_uncertain
2021-06-21T09:33:15.201763Z,2021,6,21,65.439600,22.129900,-8.0,0,3.1,1,coast_uncertain
2021-06-21T09:34:00.856613Z,2021,6,21,65.403500,22.933300,-34.0,0,27.8,1,sea
2021-06-21T09:34:26.631652Z,2021,6,21,65.496400,22.104700,18.0,0,15.1,1,coast_uncertain
2021-06-21T09:34:26.632884Z,2021,6,21,65.345800,22.409300,14.0,0,15.0,1,sea
2021-06-21T09:34:26.632903Z,2021,6,21,65.483200,22.096500,-6.0,0,11.1,1,coast_uncertain
2021-06-21T09:34:26.633656Z,2021,6,21,65.510700,22.141700,17.0,0,20.7,1,coast_uncertain
2021-06-21T09:34:26.633676Z,2021,6,21,65.547500,22.088000,14.0,0,22.9,1,mainland
2021-06-21T09:34:26.634920Z,2021,6,21,65.493400,22.118500,4.0,0,8.9,1,coast_uncertain
2021-06-21T09:34:26.638564Z,2021,6,21,65.486800,22.079700,7.0,0,22.3,1,coast_uncertain
2021-06-21T09:34:26.758308Z,2021,6,21,65.492200,21.983400,14.0,0,17.4,1,coast_uncertain
2021-06-21T09:35:09.394750Z,2021,6,21,65.667600,21.394300,-6.0,0,6.7,1,mainland
2021-06-21T09:35:21.036730Z,2021,6,21,65.403200,22.951000,-21.0,0,6.3,1,sea
2021-06-21T09:35:21.088200Z,2021,6,21,65.394700,22.834100,-8.0,0,3.8,1,sea
2021-06-21T09:35:42.384382Z,2021,6,21,65.527900,22.043600,14.0,0,8.5,1,coast_uncertain
2021-06-21T09:35:42.384873Z,2021,6,21,65.524300,22.048000,-16.0,0,12.4,1,mainland
2021-06-21T09:35:42.385327Z,2021,6,21,65.531400,22.024800,24.0,0,18.6,1,mainland
2021-06-21T09:35:42.386392Z,2021,6,21,65.463600,22.097600,10.0,0,29.6,1,sea
2021-06-21T09:35:42.390325Z,2021,6,21,65.533100,22.048900,5.0,0,23.7,1,mainland
2021-06-21T09:36:37.696366Z,2021,6,21,65.657100,21.449400,-6.0,0,9.9,1,coast_uncertain
2021-06-21T09:36:41.011474Z,2021,6,21,65.427400,23.010800,-20.0,0,9.8,1,sea
2021-06-21T09:36:41.030603Z,2021,6,21,65.427900,22.977900,-13.0,0,4.2,1,sea
2021-06-21T09:36:52.577107Z,2021,6,21,65.532200,22.055900,10.0,0,2.5,1,mainland
2021-06-21T09:36:52.577797Z,2021,6,21,65.538800,22.056600,13.0,0,12.0,1,mainland
2021-06-21T09:36:52.579410Z,2021,6,21,65.355900,22.192600,7.0,0,21.2,1,sea
2021-06-21T09:36:52.580557Z,2021,6,21,65.537300,21.996600,6.0,0,30.4,1,coast_uncertain
2021-06-21T09:36:52.580580Z,2021,6,21,65.512500,22.134600,-10.0,0,16.6,1,coast_uncertain
2021-06-21T09:36:52.582255Z,2021,6,21,65.541600,22.031700,6.0,0,11.4,1,coast_uncertain
2021-06-21T09:36:52.585612Z,2021,6,21,65.541700,22.068700,5.0,0,3.2,1,mainland
2021-06-21T09:36:52.810921Z,2021,6,21,65.534400,22.157000,-6.0,0,5.8,1,coast_uncertain
2021-06-21T09:36:52.943555Z,2021,6,21,65.597800,22.090300,5.0,0,3.2,1,coast_uncertain
2021-06-21T09:36:54.247208Z,2021,6,21,65.516400,21.703000,26.0,0,29.7,1,mainland
2021-06-21T09:37:27.801719Z,2021,6,21,65.442800,22.963400,-8.0,0,2.5,1,sea
2021-06-21T09:37:27.851224Z,2021,6,21,65.400700,22.927600,-8.0,0,3.0,1,sea
2021-06-21T09:38:25.162243Z,2021,6,21,65.545700,22.193800,-155.0,0,10.1,1,coast_uncertain
2021-06-21T09:38:25.190838Z,2021,6,21,65.548500,22.102100,-5.0,0,1.7,1,mainland
2021-06-21T09:38:25.272611Z,2021,6,21,65.549800,22.175800,11.0,0,13.6,1,coast_uncertain
2021-06-21T09:38:25.272615Z,2021,6,21,65.522700,22.202200,14.0,0,19.0,1,coast_uncertain
2021-06-21T09:39:59.192620Z,2021,6,21,65.615100,21.755100,6.0,0,19.2,1,mainland
2021-06-21T09:39:59.193050Z,2021,6,21,65.592400,21.514300,25.0,0,24.2,1,coast_uncertain
2021-06-21T09:40:42.433388Z,2021,6,21,65.579300,22.187100,-6.0,0,2.5,1,coast_uncertain
2021-06-21T09:40:42.434175Z,2021,6,21,65.585500,22.256500,5.0,0,21.6,1,mainland
2021-06-21T09:40:42.436597Z,2021,6,21,65.577000,22.207600,-185.0,0,27.9,1,coast_uncertain
2021-06-21T09:40:42.495651Z,2021,6,21,65.572900,22.237300,-31.0,0,7.6,1,coast_uncertain
2021-06-21T09:40:42.502814Z,2021,6,21,65.571600,22.186900,-24.0,0,4.6,1,mainland
2021-06-21T09:40:42.537062Z,2021,6,21,65.549400,22.317500,-6.0,0,30.2,1,sea
2021-06-21T09:40:42.559831Z,2021,6,21,65.552300,22.232900,6.0,0,13.2,1,coast_uncertain
2021-06-21T09:40:42.560755Z,2021,6,21,65.548600,22.221500,10.0,0,5.6,1,coast_uncertain
2021-06-21T09:40:42.563993Z,2021,6,21,65.509600,22.344600,7.0,0,6.2,1,coast_uncertain
2021-06-21T09:40:42.582017Z,2021,6,21,65.563800,22.200900,6.0,0,2.1,1,coast_uncertain
2021-06-21T09:41:34.185447Z,2021,6,21,65.587800,22.217800,-99.0,0,16.0,1,mainland
2021-06-21T09:41:34.185449Z,2021,6,21,65.588400,22.219300,-88.0,0,17.3,1,mainland
2021-06-21T09:41:34.231811Z,2021,6,21,65.606900,22.235300,-9.0,0,3.5,1,mainland
2021-06-21T09:41:34.252377Z,2021,6,21,65.604600,22.226600,-6.0,0,2.7,1,mainland
2021-06-21T09:41:34.270913Z,2021,6,21,65.584100,22.231100,-7.0,0,2.1,1,coast_uncertain
2021-06-21T09:41:43.209369Z,2021,6,21,65.537100,21.695400,11.0,0,9.1,1,mainland
2021-06-21T09:41:43.209872Z,2021,6,21,65.493000,21.776500,6.0,0,30.4,1,mainland
2021-06-21T09:41:43.219307Z,2021,6,21,65.524200,21.669000,5.0,0,4.4,1,coast_uncertain
2021-06-21T09:42:23.010352Z,2021,6,21,65.568000,22.103500,-11.0,0,4.4,1,coast_uncertain
2021-06-21T09:42:23.015571Z,2021,6,21,65.609900,22.434500,-71.0,0,5.6,1,coast_uncertain
2021-06-21T09:42:23.056071Z,2021,6,21,65.587700,22.240800,-12.0,0,3.9,1,mainland
2021-06-21T09:42:23.075536Z,2021,6,21,65.611300,22.233300,-12.0,0,8.1,1,mainland
2021-06-21T09:42:23.114425Z,2021,6,21,65.602600,22.278400,-14.0,0,11.4,1,mainland
2021-06-21T09:42:23.142359Z,2021,6,21,65.575000,22.250400,-8.0,0,3.5,1,coast_uncertain
2021-06-21T09:42:23.443663Z,2021,6,21,65.585300,22.260100,9.0,0,5.2,1,mainland
2021-06-21T09:42:23.458792Z,2021,6,21,65.619600,22.290100,-5.0,0,7.6,1,coast_uncertain
2021-06-21T09:42:40.519295Z,2021,6,21,65.420800,22.972100,-39.0,0,24.7,1,sea
2021-06-21T09:42:40.568749Z,2021,6,21,65.470200,22.985700,-4.0,0,2.0,1,sea
2021-06-21T09:43:07.071627Z,2021,6,21,65.584300,22.354500,-69.0,0,18.5,1,coast_uncertain
2021-06-21T09:43:07.118266Z,2021,6,21,65.620700,22.231900,-11.0,0,5.2,1,coast_uncertain
2021-06-21T09:43:07.160655Z,2021,6,21,65.627300,22.265400,-13.0,0,4.2,1,coast_uncertain
2021-06-21T09:43:07.208539Z,2021,6,21,65.592600,22.255200,-17.0,0,4.4,1,mainland
2021-06-21T09:43:07.208560Z,2021,6,21,65.656100,22.269000,-18.0,0,10.1,1,coast_uncertain
2021-06-21T09:43:07.251588Z,2021,6,21,65.594700,22.278000,-8.0,0,6.6,1,coast_uncertain
2021-06-21T09:43:07.568358Z,2021,6,21,65.604800,22.187400,-6.0,0,1.5,1,mainland
2021-06-21T09:43:40.092275Z,2021,6,21,65.546100,21.718900,-53.0,0,11.6,1,mainland
2021-06-21T09:43:40.115514Z,2021,6,21,65.562700,21.730900,6.0,0,5.5,1,mainland
2021-06-21T09:43:40.120936Z,2021,6,21,65.563800,21.680800,-25.0,0,10.6,1,mainland
2021-06-21T09:43:40.132094Z,2021,6,21,65.534600,21.845600,-16.0,0,10.7,1,coast_uncertain
2021-06-21T09:43:40.191602Z,2021,6,21,65.212600,22.549200,5.0,0,2.3,1,sea
2021-06-21T09:43:40.192329Z,2021,6,21,65.570500,21.757300,13.0,0,14.1,1,coast_uncertain
2021-06-21T09:43:40.193264Z,2021,6,21,65.557800,21.761200,4.0,0,2.9,1,mainland
2021-06-21T09:43:40.194852Z,2021,6,21,65.568000,21.885800,7.0,0,8.3,1,mainland
2021-06-21T09:43:40.199316Z,2021,6,21,65.553500,21.760900,6.0,0,3.2,1,mainland
2021-06-21T09:44:34.586868Z,2021,6,21,66.010900,22.267300,-33.0,0,15.5,1,mainland
2021-06-21T09:44:34.591067Z,2021,6,21,66.020800,22.260300,-28.0,0,8.7,1,mainland
2021-06-21T09:44:34.591074Z,2021,6,21,65.967000,22.280500,-29.0,0,9.1,1,mainland
2021-06-21T09:44:34.606546Z,2021,6,21,66.003900,22.299700,-5.0,0,3.1,1,coast_uncertain
2021-06-21T09:44:41.787117Z,2021,6,21,65.635200,22.254300,-13.0,0,5.5,1,coast_uncertain
2021-06-21T09:44:41.789264Z,2021,6,21,65.632600,22.429600,-162.0,0,13.6,1,coast_uncertain
2021-06-21T09:44:41.789271Z,2021,6,21,65.639600,22.303400,-164.0,0,15.4,1,coast_uncertain
2021-06-21T09:44:41.882178Z,2021,6,21,65.601200,22.302600,-50.0,0,18.8,1,coast_uncertain
2021-06-21T09:44:41.884890Z,2021,6,21,65.630300,22.203900,-29.0,0,17.5,1,mainland
2021-06-21T09:44:41.884908Z,2021,6,21,65.653500,22.211300,-21.0,0,23.4,1,mainland
2021-06-21T09:44:41.903962Z,2021,6,21,65.624200,22.233200,8.0,0,11.2,1,coast_uncertain
2021-06-21T09:44:41.913136Z,2021,6,21,65.632900,22.291100,-40.0,0,12.2,1,coast_uncertain
2021-06-21T09:44:41.930074Z,2021,6,21,65.632800,22.281700,-32.0,0,7.0,1,coast_uncertain
2021-06-21T09:44:41.983793Z,2021,6,21,65.630100,22.271200,6.0,0,3.3,1,coast_uncertain
2021-06-21T09:44:41.986094Z,2021,6,21,65.620800,22.353300,23.0,0,14.4,1,coast_uncertain
2021-06-21T09:44:41.986113Z,2021,6,21,65.610500,22.314900,24.0,0,10.5,1,coast_uncertain
2021-06-21T09:44:41.988579Z,2021,6,21,65.691600,22.148100,8.0,0,24.2,1,mainland
2021-06-21T09:44:41.992505Z,2021,6,21,65.651500,22.295800,8.0,0,6.3,1,mainland
2021-06-21T09:45:13.668462Z,2021,6,21,65.582500,21.734100,15.0,0,12.9,1,coast_uncertain
2021-06-21T09:45:13.670155Z,2021,6,21,65.557300,21.798600,9.0,0,9.5,1,mainland
2021-06-21T09:45:13.694615Z,2021,6,21,65.576100,21.720400,6.0,0,2.9,1,mainland
2021-06-21T09:45:40.002902Z,2021,6,21,65.631300,22.301200,-75.0,0,27.9,1,coast_uncertain
2021-06-21T09:46:30.097476Z,2021,6,21,65.660100,22.312900,-9.0,0,25.5,1,coast_uncertain
2021-06-21T09:46:30.099238Z,2021,6,21,65.667900,22.322700,-168.0,0,15.6,1,coast_uncertain
2021-06-21T09:46:30.131982Z,2021,6,21,65.659900,22.354600,-31.0,0,10.8,1,coast_uncertain
2021-06-21T09:46:58.830498Z,2021,6,21,65.392100,22.232700,15.0,0,2.9,1,sea
2021-06-21T09:46:58.830718Z,2021,6,21,65.561900,21.764900,27.0,0,15.9,1,coast_uncertain
2021-06-21T09:46:58.830754Z,2021,6,21,65.712500,21.906800,25.0,0,14.2,1,mainland
2021-06-21T09:46:58.831900Z,2021,6,21,65.669700,21.895000,6.0,0,11.9,1,coast_uncertain
2021-06-21T09:46:58.832600Z,2021,6,21,65.593400,21.746800,5.0,0,3.3,1,mainland
2021-06-21T09:46:58.835058Z,2021,6,21,65.588900,21.870800,9.0,0,9.8,1,mainland
2021-06-21T09:46:58.839201Z,2021,6,21,65.605500,21.752400,6.0,0,6.4,1,mainland
2021-06-21T09:46:58.845450Z,2021,6,21,65.589400,21.788000,8.0,0,2.0,1,mainland
2021-06-21T09:46:59.777240Z,2021,6,21,65.681400,22.168500,-34.0,0,8.6,1,mainland
2021-06-21T09:46:59.777241Z,2021,6,21,65.693100,22.153500,-27.0,0,10.3,1,mainland
2021-06-21T09:46:59.809284Z,2021,6,21,65.666600,22.183100,-15.0,0,7.2,1,mainland
2021-06-21T09:46:59.809285Z,2021,6,21,65.706600,22.163800,-12.0,0,3.8,1,mainland
2021-06-21T09:47:16.114866Z,2021,6,21,65.598400,21.993600,-6.0,0,1.8,1,coast_uncertain
2021-06-21T09:48:16.672708Z,2021,6,21,66.097500,22.320000,-6.0,0,5.5,1,coast_uncertain
2021-06-21T09:48:17.598347Z,2021,6,21,65.743600,22.318600,-5.0,0,19.9,1,mainland
2021-06-21T09:48:17.600908Z,2021,6,21,65.672600,22.305400,-96.0,0,15.1,1,coast_uncertain
2021-06-21T09:48:17.667714Z,2021,6,21,65.684400,22.274600,-46.0,0,8.7,1,sea
2021-06-21T09:48:17.765294Z,2021,6,21,65.689000,22.350000,9.0,0,11.2,1,coast_uncertain
2021-06-21T09:48:17.766175Z,2021,6,21,65.453200,22.784500,9.0,0,2.4,1,sea
2021-06-21T09:48:17.766783Z,2021,6,21,65.679300,22.377800,6.0,0,2.9,1,coast_uncertain
2021-06-21T09:48:17.769381Z,2021,6,21,65.689600,22.501700,6.0,0,30.4,1,sea
2021-06-21T09:48:17.777614Z,2021,6,21,65.662700,22.346600,5.0,0,7.4,1,coast_uncertain
2021-06-21T09:49:09.724184Z,2021,6,21,65.443300,22.169500,10.0,0,8.3,1,islands
2021-06-21T09:49:09.958475Z,2021,6,21,65.614400,21.950300,-71.0,0,12.0,1,mainland
2021-06-21T09:50:16.922248Z,2021,6,21,65.720200,22.365000,-4.0,0,2.9,1,sea
2021-06-21T09:50:16.922891Z,2021,6,21,65.694100,22.339200,-148.0,0,20.3,1,mainland
2021-06-21T09:50:16.922906Z,2021,6,21,65.743400,22.365300,-165.0,0,21.9,1,sea
2021-06-21T09:50:16.953996Z,2021,6,21,65.698500,22.324900,-15.0,0,4.9,1,coast_uncertain
2021-06-21T09:50:16.962374Z,2021,6,21,65.704000,22.314700,-5.0,0,2.4,1,mainland
2021-06-21T09:50:17.175499Z,2021,6,21,65.720600,22.438000,11.0,0,17.9,1,sea
2021-06-21T09:50:17.176419Z,2021,6,21,65.663800,22.513300,16.0,0,14.8,1,sea
2021-06-21T09:50:17.176443Z,2021,6,21,65.741800,22.456000,25.0,0,16.9,1,sea
2021-06-21T09:50:17.184634Z,2021,6,21,65.695500,22.381300,6.0,0,20.7,1,sea
2021-06-21T09:50:17.186392Z,2021,6,21,65.689400,22.419000,7.0,0,21.6,1,sea
2021-06-21T09:50:17.187123Z,2021,6,21,65.611900,22.588300,7.0,0,9.5,1,islands
2021-06-21T09:50:17.187168Z,2021,6,21,65.709500,22.478400,10.0,0,6.3,1,sea
2021-06-21T09:50:33.462129Z,2021,6,21,65.627200,21.808600,7.0,0,7.7,1,coast_uncertain
2021-06-21T09:50:33.463017Z,2021,6,21,65.608800,21.874000,8.0,0,23.8,1,coast_uncertain
2021-06-21T09:51:46.850891Z,2021,6,21,65.642000,21.914500,6.0,0,13.7,1,coast_uncertain
2021-06-21T09:52:03.245524Z,2021,6,21,65.687600,22.600000,5.0,0,2.0,1,sea
2021-06-21T09:52:03.289428Z,2021,6,21,65.678000,22.620500,4.0,0,6.0,1,coast_uncertain
2021-06-21T09:52:03.327653Z,2021,6,21,65.724300,22.468300,6.0,0,15.4,1,sea
2021-06-21T09:52:19.501835Z,2021,6,21,65.139000,22.902800,-45.0,0,0.0,1,sea
2021-06-21T09:52:19.547680Z,2021,6,21,65.116900,22.857800,-4.0,0,7.4,1,sea
2021-06-21T09:52:19.561229Z,2021,6,21,65.106900,22.847600,6.0,0,14.8,1,sea
2021-06-21T09:52:48.272405Z,2021,6,21,65.667000,21.880800,10.0,0,4.9,1,coast_uncertain
2021-06-21T09:52:48.272818Z,2021,6,21,65.667100,21.954700,6.0,0,10.8,1,mainland
2021-06-21T09:52:48.274252Z,2021,6,21,65.666800,21.877800,8.0,0,21.6,1,inland_water
2021-06-21T09:52:48.276297Z,2021,6,21,65.663400,21.892500,7.0,0,6.8,1,inland_water
2021-06-21T09:52:48.318853Z,2021,6,21,65.673700,22.014500,5.0,0,7.0,1,mainland
2021-06-21T09:53:26.193291Z,2021,6,21,65.652000,21.841400,-6.0,0,4.1,1,mainland
2021-06-21T09:53:39.897349Z,2021,6,21,65.671200,22.439200,-11.0,0,8.1,1,sea
2021-06-21T09:53:39.897537Z,2021,6,21,65.793600,22.608100,22.0,0,10.3,1,coast_uncertain
2021-06-21T09:53:39.897549Z,2021,6,21,65.828800,22.575400,14.0,0,9.5,1,coast_uncertain
2021-06-21T09:53:39.898146Z,2021,6,21,65.783600,22.547300,10.0,0,18.1,1,coast_uncertain
2021-06-21T09:53:39.933756Z,2021,6,21,65.761300,22.535500,5.0,0,25.0,1,sea
2021-06-21T09:53:40.189264Z,2021,6,21,65.704700,22.583400,-8.0,0,21.9,1,sea
2021-06-21T09:53:40.189298Z,2021,6,21,65.720700,22.532600,13.0,0,14.3,1,coast_uncertain
2021-06-21T09:53:40.199956Z,2021,6,21,65.705600,22.567900,-22.0,0,12.0,1,sea
2021-06-21T09:54:20.932513Z,2021,6,21,65.677400,21.987000,6.0,0,14.8,1,mainland
2021-06-21T09:54:20.933261Z,2021,6,21,65.688000,21.920200,8.0,0,2.7,1,mainland
2021-06-21T09:54:20.933664Z,2021,6,21,65.675500,21.906000,9.0,0,10.8,1,mainland
2021-06-21T09:54:42.412096Z,2021,6,21,65.213100,22.940700,-95.0,0,6.9,1,sea
2021-06-21T09:54:42.434982Z,2021,6,21,65.129400,22.802100,17.0,0,13.9,1,sea
2021-06-21T09:54:42.465641Z,2021,6,21,65.115200,22.875300,11.0,0,8.2,1,sea
2021-06-21T09:54:42.471376Z,2021,6,21,65.117200,22.721000,3.0,0,2.1,1,sea
2021-06-21T09:54:42.611750Z,2021,6,21,65.121100,22.873900,-6.0,0,3.1,1,sea
2021-06-21T09:55:22.447735Z,2021,6,21,65.825400,22.574700,-12.0,0,16.8,1,coast_uncertain
2021-06-21T09:55:22.500205Z,2021,6,21,65.582400,22.729700,7.0,0,1.8,1,sea
2021-06-21T09:55:22.500277Z,2021,6,21,65.777600,22.563000,11.0,0,26.6,1,coast_uncertain
2021-06-21T09:55:22.849568Z,2021,6,21,65.730600,22.583100,6.0,0,10.6,1,coast_uncertain
2021-06-21T09:55:30.755806Z,2021,6,21,65.677500,21.871100,10.0,0,2.5,1,mainland
2021-06-21T09:55:30.756930Z,2021,6,21,65.636300,21.964700,9.0,0,30.4,1,coast_uncertain
2021-06-21T09:55:30.756960Z,2021,6,21,65.641300,22.029100,-9.0,0,13.6,1,mainland
2021-06-21T09:55:30.758768Z,2021,6,21,65.684800,21.883400,8.0,0,14.2,1,mainland
2021-06-21T09:55:31.009679Z,2021,6,21,65.636700,21.903300,-6.0,0,5.7,1,mainland
2021-06-21T09:56:31.618984Z,2021,6,21,65.475800,22.362700,12.0,0,1.4,1,sea
2021-06-21T09:56:31.619696Z,2021,6,21,65.697600,21.923400,13.0,0,22.6,1,mainland
2021-06-21T09:56:31.914264Z,2021,6,21,65.968100,21.872500,-6.0,0,7.7,1,mainland
2021-06-21T09:56:34.475686Z,2021,6,21,65.133200,22.910300,-17.0,0,8.9,1,sea
2021-06-21T09:56:34.477250Z,2021,6,21,65.151200,22.922000,-146.0,0,10.6,1,sea
2021-06-21T09:56:34.477371Z,2021,6,21,65.471700,22.873600,-102.0,0,28.1,1,sea
2021-06-21T09:56:34.494841Z,2021,6,21,65.141600,22.925300,15.0,0,13.2,1,sea
2021-06-21T09:56:34.494847Z,2021,6,21,65.272700,22.976000,-17.0,0,11.8,1,sea
2021-06-21T09:56:34.498660Z,2021,6,21,65.140300,22.920900,-4.0,0,1.2,1,sea
2021-06-21T09:56:34.508814Z,2021,6,21,65.148300,22.919100,-26.0,0,8.0,1,sea
2021-06-21T09:56:34.532545Z,2021,6,21,65.126200,22.837200,-9.0,0,2.0,1,sea
2021-06-21T09:56:34.549957Z,2021,6,21,65.132300,22.912200,8.0,0,11.0,1,sea
2021-06-21T09:56:42.433832Z,2021,6,21,65.793200,22.593700,8.0,0,6.7,1,coast_uncertain
2021-06-21T09:57:27.154559Z,2021,6,21,65.652200,21.941500,-23.0,0,22.2,1,coast_uncertain
2021-06-21T09:57:27.410022Z,2021,6,21,65.680800,21.915600,-13.0,0,6.1,1,mainland
2021-06-21T09:57:27.623649Z,2021,6,21,65.677600,21.925100,-8.0,0,4.4,1,mainland
2021-06-21T09:57:36.220105Z,2021,6,21,65.724600,22.595800,6.0,0,14.2,1,coast_uncertain
2021-06-21T09:57:36.222094Z,2021,6,21,65.767600,22.549200,9.0,0,18.2,1,sea
2021-06-21T09:57:36.222839Z,2021,6,21,65.757300,22.573200,6.0,0,4.1,1,sea
2021-06-21T09:57:36.224248Z,2021,6,21,65.777800,22.473600,6.0,0,13.9,1,coast_uncertain
2021-06-21T09:57:55.552879Z,2021,6,21,65.908400,22.061700,-7.0,0,3.3,1,mainland
2021-06-21T09:58:16.360010Z,2021,6,21,65.734000,22.165100,5.0,0,2.9,1,coast_uncertain
2021-06-21T09:58:17.180760Z,2021,6,21,65.768000,22.141700,-28.0,0,7.9,1,coast_uncertain
2021-06-21T09:58:29.472527Z,2021,6,21,65.153500,22.977700,18.0,0,3.7,1,sea
2021-06-21T09:58:29.502314Z,2021,6,21,65.152400,22.960200,6.0,0,7.0,1,sea
2021-06-21T09:58:29.504212Z,2021,6,21,65.178900,22.904900,9.0,0,20.3,1,sea
2021-06-21T09:58:29.519853Z,2021,6,21,65.169600,22.967100,4.0,0,3.1,1,sea
2021-06-21T09:59:15.525474Z,2021,6,21,65.721800,21.885000,9.0,0,3.1,1,mainland
2021-06-21T10:00:29.737970Z,2021,6,21,65.736800,22.048000,-22.0,0,11.9,1,mainland
2021-06-21T10:00:29.738292Z,2021,6,21,65.800000,21.933500,28.0,0,21.9,1,coast_uncertain
2021-06-21T10:00:29.738319Z,2021,6,21,65.750000,21.963800,27.0,0,22.4,1,mainland
2021-06-21T10:00:29.739865Z,2021,6,21,65.733500,21.912300,8.0,0,19.6,1,mainland
2021-06-21T10:00:29.740943Z,2021,6,21,65.713700,22.064100,-7.0,0,10.7,1,mainland
2021-06-21T10:00:29.759553Z,2021,6,21,65.739300,21.943100,6.0,0,3.3,1,mainland
2021-06-21T10:00:29.761476Z,2021,6,21,65.725400,21.976700,8.0,0,9.5,1,mainland
2021-06-21T10:00:38.216791Z,2021,6,21,65.139400,22.900800,3.0,0,1.8,1,sea
2021-06-21T10:00:38.321199Z,2021,6,21,65.217300,22.994000,26.0,0,17.8,1,sea
2021-06-21T10:00:38.326585Z,2021,6,21,65.124900,22.780100,4.0,0,4.9,1,sea
2021-06-21T10:00:42.452846Z,2021,6,21,65.752400,22.268600,24.0,0,13.0,1,mainland
2021-06-21T10:00:42.453422Z,2021,6,21,65.756200,22.274500,48.0,0,25.4,1,mainland
2021-06-21T10:00:42.454123Z,2021,6,21,65.977800,22.339800,-30.0,0,17.9,1,coast_uncertain
2021-06-21T10:00:42.454129Z,2021,6,21,65.998800,22.473500,-26.0,0,15.7,1,mainland
2021-06-21T10:00:42.454168Z,2021,6,21,65.774500,22.255300,9.0,0,10.7,1,coast_uncertain
2021-06-21T10:00:55.496424Z,2021,6,21,65.781300,21.971800,-13.0,0,3.5,1,mainland
2021-06-21T10:00:55.498036Z,2021,6,21,65.982200,21.918300,-77.0,0,17.2,1,coast_uncertain
2021-06-21T10:00:55.541075Z,2021,6,21,65.975900,21.928700,-27.0,0,13.4,1,mainland
2021-06-21T10:01:32.984165Z,2021,6,21,65.708300,22.724200,5.0,0,2.1,1,sea
2021-06-21T10:02:04.811200Z,2021,6,21,65.982600,21.995100,-8.0,0,5.1,1,coast_uncertain
2021-06-21T10:02:08.435803Z,2021,6,21,65.745700,21.962400,6.0,0,2.0,1,mainland
2021-06-21T10:02:08.436289Z,2021,6,21,65.745400,21.977600,10.0,0,3.3,1,mainland
2021-06-21T10:02:08.437379Z,2021,6,21,65.750600,21.941300,23.0,0,30.3,1,mainland
2021-06-21T10:02:08.441025Z,2021,6,21,65.737300,21.972400,6.0,0,3.8,1,mainland
2021-06-21T10:02:08.464816Z,2021,6,21,65.742800,21.975800,8.0,0,13.7,1,mainland
2021-06-21T10:02:08.464845Z,2021,6,21,65.762600,21.967600,-20.0,0,17.6,1,mainland
2021-06-21T10:02:32.793274Z,2021,6,21,65.175500,23.005000,-15.0,0,4.4,1,sea
2021-06-21T10:02:32.942332Z,2021,6,21,65.186100,23.005100,5.0,0,6.1,1,sea
2021-06-21T10:02:32.944233Z,2021,6,21,65.206600,23.000400,13.0,0,6.8,1,sea
2021-06-21T10:02:32.946051Z,2021,6,21,65.207700,22.994500,11.0,0,15.3,1,sea
2021-06-21T10:02:32.946085Z,2021,6,21,65.219300,22.928800,-15.0,0,9.2,1,sea
2021-06-21T10:02:32.958740Z,2021,6,21,65.212300,22.968300,7.0,0,8.6,1,sea
2021-06-21T10:03:02.878732Z,2021,6,21,65.792100,22.306500,7.0,0,1.7,1,mainland
2021-06-21T10:03:02.879624Z,2021,6,21,65.793300,22.314000,6.0,0,2.3,1,mainland
2021-06-21T10:03:02.880218Z,2021,6,21,65.798800,22.351200,14.0,0,16.2,1,coast_uncertain
2021-06-21T10:03:02.890429Z,2021,6,21,65.772500,22.331800,10.0,0,6.8,1,sea
2021-06-21T10:03:03.932934Z,2021,6,21,65.821500,22.491600,-53.0,0,7.7,1,coast_uncertain
2021-06-21T10:03:03.932943Z,2021,6,21,65.868600,22.522800,-76.0,0,9.5,1,coast_uncertain
2021-06-21T10:03:03.932953Z,2021,6,21,65.890000,22.518400,-66.0,0,12.2,1,mainland
2021-06-21T10:03:03.990920Z,2021,6,21,65.866700,22.522000,-22.0,0,13.1,1,coast_uncertain
2021-06-21T10:03:30.304173Z,2021,6,21,66.011200,21.989400,10.0,0,8.0,1,coast_uncertain
2021-06-21T10:03:30.304699Z,2021,6,21,65.991400,22.042500,9.0,0,25.6,1,coast_uncertain
2021-06-21T10:03:30.306050Z,2021,6,21,65.855700,22.208100,8.0,0,23.5,1,mainland
2021-06-21T10:03:30.306113Z,2021,6,21,65.996700,22.013100,11.0,0,26.2,1,coast_uncertain
2021-06-21T10:03:45.882556Z,2021,6,21,65.780700,22.393700,-5.0,0,4.3,1,coast_uncertain
2021-06-21T10:03:47.144659Z,2021,6,21,65.747300,22.019900,-8.0,0,10.1,1,mainland
2021-06-21T10:03:47.149264Z,2021,6,21,65.754500,21.989000,-39.0,0,13.0,1,mainland
2021-06-21T10:03:47.172451Z,2021,6,21,65.746600,22.030600,-16.0,0,5.5,1,mainland
2021-06-21T10:03:47.185613Z,2021,6,21,65.759700,21.974000,-7.0,0,4.4,1,mainland
2021-06-21T10:04:45.436890Z,2021,6,21,66.026400,22.001200,8.0,0,4.3,1,coast_uncertain
2021-06-21T10:04:45.438009Z,2021,6,21,66.023600,22.021700,13.0,0,26.9,1,coast_uncertain
2021-06-21T10:04:45.439668Z,2021,6,21,66.011400,22.015300,6.0,0,3.1,1,mainland
2021-06-21T10:04:49.733350Z,2021,6,21,65.382800,22.840200,6.0,0,5.8,1,sea
2021-06-21T10:04:49.769121Z,2021,6,21,65.207500,23.006100,6.0,0,9.1,1,sea
2021-06-21T10:04:49.774141Z,2021,6,21,65.202700,23.027100,4.0,0,25.7,1,sea
2021-06-21T10:05:17.323917Z,2021,6,21,65.761500,22.393000,12.0,0,1.9,1,sea
2021-06-21T10:05:17.324675Z,2021,6,21,65.826600,22.377400,11.0,0,30.4,1,coast_uncertain
2021-06-21T10:05:17.325792Z,2021,6,21,65.815200,22.388400,18.0,0,12.6,1,coast_uncertain
2021-06-21T10:05:17.328535Z,2021,6,21,65.819600,22.373700,12.0,0,13.9,1,coast_uncertain
2021-06-21T10:05:17.328542Z,2021,6,21,65.811600,22.373100,15.0,0,30.4,1,coast_uncertain
2021-06-21T10:05:56.380071Z,2021,6,21,65.161700,22.319200,4.0,0,2.7,1,sea
2021-06-21T10:05:56.388354Z,2021,6,21,65.784500,22.022900,5.0,0,11.7,1,coast_uncertain
2021-06-21T10:06:07.425035Z,2021,6,21,66.024800,22.052800,-5.0,0,5.8,1,coast_uncertain
2021-06-21T10:06:07.442664Z,2021,6,21,66.047500,22.043700,-23.0,0,13.8,1,mainland
2021-06-21T10:06:07.486691Z,2021,6,21,66.040400,21.981300,-7.0,0,19.3,1,mainland
2021-06-21T10:06:49.187304Z,2021,6,21,65.199000,23.027500,4.0,0,1.3,1,sea
2021-06-21T10:06:57.890051Z,2021,6,21,65.853100,22.387100,8.0,0,11.6,1,sea
2021-06-21T10:06:57.891185Z,2021,6,21,65.832100,22.431900,7.0,0,5.5,1,coast_uncertain
2021-06-21T10:06:57.891536Z,2021,6,21,65.831100,22.376900,5.0,0,2.6,1,sea
2021-06-21T10:07:31.412724Z,2021,6,21,66.058700,22.068200,8.0,0,3.0,1,coast_uncertain
2021-06-21T10:07:31.413300Z,2021,6,21,66.108900,22.178100,5.0,0,18.5,1,coast_uncertain
2021-06-21T10:07:31.699648Z,2021,6,21,66.070700,22.061900,7.0,0,3.2,1,coast_uncertain
2021-06-21T10:08:18.770385Z,2021,6,21,65.818800,22.082200,23.0,0,19.8,1,coast_uncertain
2021-06-21T10:08:18.771609Z,2021,6,21,65.830900,22.101500,-18.0,0,14.2,1,mainland
2021-06-21T10:08:18.772728Z,2021,6,21,65.816300,22.068600,12.0,0,26.0,1,mainland
2021-06-21T10:08:18.772737Z,2021,6,21,65.838900,22.059800,10.0,0,26.5,1,mainland
2021-06-21T10:08:18.772763Z,2021,6,21,65.819600,22.048300,-21.0,0,22.8,1,mainland
2021-06-21T10:09:43.963987Z,2021,6,21,65.843400,22.520700,16.0,0,18.2,1,coast_uncertain
2021-06-21T10:09:43.964685Z,2021,6,21,65.868000,22.497500,13.0,0,12.8,1,coast_uncertain
2021-06-21T10:09:43.967774Z,2021,6,21,65.865200,22.501600,4.0,0,14.3,1,coast_uncertain
2021-06-21T10:09:44.293897Z,2021,6,21,65.877500,22.544800,-8.0,0,3.8,1,coast_uncertain
2021-06-21T10:09:47.039251Z,2021,6,21,66.061400,22.154900,9.0,0,7.7,1,coast_uncertain
2021-06-21T10:09:47.039944Z,2021,6,21,66.065800,22.167400,8.0,0,9.2,1,coast_uncertain
2021-06-21T10:09:47.048615Z,2021,6,21,66.029700,21.986400,4.0,0,18.5,1,coast_uncertain
2021-06-21T10:11:31.762096Z,2021,6,21,66.069500,22.316400,-5.0,0,9.1,1,coast_uncertain
2021-06-21T10:11:31.762109Z,2021,6,21,66.033700,22.422000,8.0,0,30.4,1,mainland
2021-06-21T10:11:31.762799Z,2021,6,21,66.072600,22.277800,11.0,0,26.0,1,coast_uncertain
2021-06-21T10:11:31.762817Z,2021,6,21,66.125000,22.223700,9.0,0,23.8,1,coast_uncertain
2021-06-21T10:11:31.767097Z,2021,6,21,66.084500,22.240300,6.0,0,4.1,1,mainland
2021-06-21T10:11:44.559135Z,2021,6,21,65.873700,22.112100,12.0,0,13.1,1,coast_uncertain
2021-06-21T10:11:44.560790Z,2021,6,21,65.803100,22.198700,-7.0,0,12.8,1,coast_uncertain
2021-06-21T10:11:44.563481Z,2021,6,21,65.846100,22.126400,5.0,0,11.6,1,mainland
2021-06-21T10:12:06.007168Z,2021,6,21,65.900400,22.559900,-117.0,0,9.1,1,mainland
2021-06-21T10:12:45.089802Z,2021,6,21,65.290100,23.073600,-85.0,0,6.2,1,sea
2021-06-21T10:12:45.089806Z,2021,6,21,65.261800,23.042900,-67.0,0,16.8,1,sea
2021-06-21T10:12:45.089808Z,2021,6,21,65.269400,23.018900,-65.0,0,15.7,1,sea
2021-06-21T10:12:45.123591Z,2021,6,21,65.246800,22.990100,-18.0,0,9.5,1,sea
2021-06-21T10:12:45.124474Z,2021,6,21,65.229100,22.996000,-7.0,0,3.5,1,sea
2021-06-21T10:12:45.136921Z,2021,6,21,65.233200,22.941600,4.0,0,1.9,1,sea
2021-06-21T10:12:45.147084Z,2021,6,21,65.224700,22.924100,-4.0,0,1.9,1,sea
2021-06-21T10:12:45.517247Z,2021,6,21,65.236900,22.923100,-40.0,0,9.3,1,sea
2021-06-21T10:12:45.542144Z,2021,6,21,65.232900,22.916600,-4.0,0,1.1,1,sea
2021-06-21T10:13:27.601451Z,2021,6,21,66.091000,22.272300,9.0,0,25.4,1,coast_uncertain
2021-06-21T10:13:27.602154Z,2021,6,21,66.110000,22.260000,11.0,0,12.6,1,mainland
2021-06-21T10:13:27.603560Z,2021,6,21,66.098400,22.240100,9.0,0,10.8,1,coast_uncertain
2021-06-21T10:13:27.604199Z,2021,6,21,66.101600,22.223100,6.0,0,6.0,1,mainland
2021-06-21T10:14:53.476011Z,2021,6,21,66.112800,22.281700,5.0,0,3.9,1,coast_uncertain
2021-06-21T10:14:53.482412Z,2021,6,21,66.118800,22.291900,6.0,0,13.7,1,coast_uncertain
2021-06-21T10:16:10.606697Z,2021,6,21,66.131800,22.304700,28.0,0,30.4,1,inland_water
2021-07-08T07:46:25.179616Z,2021,7,8,66.027800,22.169600,6.0,0,3.3,1,mainland
2021-07-08T08:08:50.952163Z,2021,7,8,66.039600,21.990900,6.0,0,6.8,1,coast_uncertain
2021-07-08T08:20:06.532012Z,2021,7,8,66.136800,22.008800,7.0,0,12.3,1,mainland
2021-07-08T08:21:28.385901Z,2021,7,8,66.133400,22.114200,6.0,0,11.2,1,mainland
2021-07-08T08:22:55.803445Z,2021,7,8,65.627100,21.446300,-38.0,0,7.4,1,coast_uncertain
2021-07-08T08:22:55.822549Z,2021,7,8,65.636600,21.471400,-11.0,0,8.0,1,coast_uncertain
2021-07-08T08:22:55.928110Z,2021,7,8,65.660600,21.526600,-17.0,0,10.1,1,mainland
2021-07-08T08:23:20.677962Z,2021,7,8,66.149500,22.026900,6.0,0,2.6,1,mainland
2021-07-08T08:24:45.324213Z,2021,7,8,66.092600,22.172000,5.0,0,6.4,1,coast_uncertain
2021-07-08T08:26:05.095285Z,2021,7,8,66.095600,22.092400,4.0,0,4.2,1,mainland
2021-07-08T08:27:45.834660Z,2021,7,8,66.112400,22.066700,7.0,0,17.5,1,mainland
2021-07-08T08:28:57.076841Z,2021,7,8,65.675400,21.441200,13.0,0,14.9,1,coast_uncertain
2021-07-08T08:28:57.079406Z,2021,7,8,65.659100,21.482800,6.0,0,7.2,1,coast_uncertain
2021-07-08T08:28:57.113051Z,2021,7,8,65.680600,21.426000,6.0,0,2.4,1,coast_uncertain
2021-07-08T08:29:00.066083Z,2021,7,8,65.971100,21.878400,6.0,0,12.0,1,coast_uncertain
2021-07-08T08:29:33.764406Z,2021,7,8,65.992300,21.887900,5.0,0,15.4,1,mainland
2021-07-08T08:29:59.451909Z,2021,7,8,66.151300,22.198200,5.0,0,12.2,1,coast_uncertain
2021-07-08T08:29:59.648310Z,2021,7,8,65.999800,21.966300,9.0,0,29.7,1,mainland
2021-07-08T08:30:12.513401Z,2021,7,8,65.671200,21.449300,11.0,0,14.7,1,coast_uncertain
2021-07-08T08:30:46.339870Z,2021,7,8,65.985400,21.870500,4.0,0,8.9,1,mainland
2021-07-08T08:30:46.339877Z,2021,7,8,65.968800,21.861700,-7.0,0,12.3,1,mainland
2021-07-08T08:31:08.103678Z,2021,7,8,66.141900,22.129000,7.0,0,8.6,1,coast_uncertain
2021-07-08T08:31:08.109854Z,2021,7,8,66.107800,22.163200,7.0,0,28.1,1,coast_uncertain
2021-07-08T08:31:08.116907Z,2021,7,8,66.128300,22.082500,9.0,0,12.0,1,coast_uncertain
2021-07-08T08:31:28.493645Z,2021,7,8,66.133000,22.089700,6.0,0,9.3,1,mainland
2021-07-08T08:31:28.513035Z,2021,7,8,66.131300,22.088200,7.0,0,8.3,1,mainland
2021-07-08T08:31:28.520792Z,2021,7,8,66.131200,22.083800,5.0,0,3.0,1,mainland
2021-07-08T08:31:28.755769Z,2021,7,8,66.128800,22.124200,6.0,0,5.1,1,mainland
2021-07-08T08:31:49.336027Z,2021,7,8,66.137200,22.067300,-10.0,0,5.6,1,coast_uncertain
2021-07-08T08:31:49.361560Z,2021,7,8,66.118400,22.103500,-6.0,0,5.2,1,mainland
2021-07-08T08:31:49.414217Z,2021,7,8,66.121100,22.052400,-7.0,0,7.0,1,mainland
2021-07-08T08:31:54.866069Z,2021,7,8,65.657600,21.615200,8.0,0,2.1,1,coast_uncertain
2021-07-08T08:32:08.926743Z,2021,7,8,66.117200,22.064400,11.0,0,17.3,1,mainland
2021-07-08T08:32:20.524505Z,2021,7,8,66.027800,22.044900,-20.0,0,5.8,1,coast_uncertain
2021-07-08T08:32:35.106825Z,2021,7,8,65.667300,21.492900,6.0,0,5.8,1,mainland
2021-07-08T08:32:37.797702Z,2021,7,8,66.117000,22.166200,-7.0,0,7.7,1,coast_uncertain
2021-07-08T08:32:37.817494Z,2021,7,8,66.138800,22.051300,-7.0,0,8.2,1,coast_uncertain
2021-07-08T08:32:37.852966Z,2021,7,8,66.141500,22.070800,-5.0,0,3.2,1,coast_uncertain
2021-07-08T08:32:37.923865Z,2021,7,8,66.145800,22.250300,-5.0,0,9.9,1,coast_uncertain
2021-07-08T08:32:44.106268Z,2021,7,8,66.136100,22.088400,10.0,0,6.3,1,mainland
2021-07-08T08:33:03.013681Z,2021,7,8,66.118200,22.259000,-5.0,0,5.8,1,coast_uncertain
2021-07-08T08:33:03.039113Z,2021,7,8,66.151600,22.091500,-8.0,0,8.6,1,coast_uncertain
2021-07-08T08:33:03.103157Z,2021,7,8,66.118700,22.190800,-9.0,0,8.3,1,coast_uncertain
2021-07-08T08:33:03.156348Z,2021,7,8,66.148300,22.100000,-10.0,0,8.0,1,coast_uncertain
2021-07-08T08:33:03.591091Z,2021,7,8,66.125100,22.107000,-7.0,0,5.5,1,mainland
2021-07-08T08:33:32.639475Z,2021,7,8,66.123100,22.092900,8.0,0,2.3,1,mainland
2021-07-08T08:33:32.640220Z,2021,7,8,66.109500,22.092700,8.0,0,10.3,1,mainland
2021-07-08T08:33:32.643804Z,2021,7,8,66.124500,22.087500,8.0,0,8.0,1,coast_uncertain
2021-07-08T08:33:32.644224Z,2021,7,8,66.141600,22.216700,3.0,0,29.1,1,coast_uncertain
2021-07-08T08:33:32.650129Z,2021,7,8,66.123500,22.105200,7.0,0,29.0,1,mainland
2021-07-08T08:33:32.651665Z,2021,7,8,66.122500,22.115600,7.0,0,27.5,1,mainland
2021-07-08T08:33:38.090640Z,2021,7,8,65.646800,21.459800,6.0,0,29.4,1,coast_uncertain
2021-07-08T08:33:38.092440Z,2021,7,8,65.660100,21.464400,8.0,0,8.0,1,coast_uncertain
2021-07-08T08:34:12.994930Z,2021,7,8,66.117200,22.132000,4.0,0,4.1,1,mainland
2021-07-08T08:34:13.816108Z,2021,7,8,65.312700,22.322900,6.0,0,2.5,1,sea
2021-07-08T08:34:13.816158Z,2021,7,8,65.664500,21.543000,-8.0,0,11.9,1,coast_uncertain
2021-07-08T08:34:58.925150Z,2021,7,8,66.100600,22.187300,8.0,0,5.6,1,coast_uncertain
2021-07-08T08:35:08.413114Z,2021,7,8,65.678600,21.505700,-20.0,0,11.0,1,coast_uncertain
2021-07-08T08:35:23.556743Z,2021,7,8,66.114100,22.203100,4.0,0,16.2,1,coast_uncertain
2021-07-08T08:35:33.250376Z,2021,7,8,66.146200,22.152100,7.0,0,7.0,1,coast_uncertain
2021-07-08T08:35:38.836189Z,2021,7,8,65.648600,21.561600,5.0,0,9.4,1,mainland
2021-07-08T08:36:07.692890Z,2021,7,8,65.989900,21.986500,5.0,0,24.1,1,mainland
2021-07-08T08:36:07.692899Z,2021,7,8,65.975500,22.038500,-8.0,0,12.0,1,coast_uncertain
2021-07-08T08:36:07.701464Z,2021,7,8,65.968800,22.042600,5.0,0,19.4,1,coast_uncertain
2021-07-08T08:36:36.535632Z,2021,7,8,66.128400,22.235300,5.0,0,26.8,1,coast_uncertain
2021-07-08T08:36:36.572658Z,2021,7,8,66.140200,22.244500,5.0,0,11.3,1,coast_uncertain
2021-07-08T08:36:36.612230Z,2021,7,8,66.101100,22.105800,6.0,0,9.3,1,mainland
2021-07-08T08:36:41.242159Z,2021,7,8,65.989500,21.928100,7.0,0,2.7,1,mainland
2021-07-08T08:36:59.807434Z,2021,7,8,65.968900,21.964300,5.0,0,13.9,1,mainland
2021-07-08T08:36:59.819994Z,2021,7,8,65.986100,21.975100,10.0,0,9.5,1,coast_uncertain
2021-07-08T08:36:59.833507Z,2021,7,8,65.991200,21.982500,5.0,0,26.0,1,mainland
2021-07-08T08:37:00.097989Z,2021,7,8,65.989800,21.945700,7.0,0,3.8,1,mainland
2021-07-08T08:37:14.699674Z,2021,7,8,65.989900,21.966900,7.0,0,10.8,1,coast_uncertain
2021-07-08T08:37:14.704982Z,2021,7,8,65.981400,21.908700,7.0,0,4.9,1,coast_uncertain
2021-07-08T08:37:14.711494Z,2021,7,8,65.988100,21.965300,7.0,0,10.8,1,coast_uncertain
2021-07-08T08:37:17.635427Z,2021,7,8,65.682900,21.534000,10.0,0,18.2,1,coast_uncertain
2021-07-08T08:37:21.613772Z,2021,7,8,66.097100,22.118900,7.0,0,4.3,1,mainland
2021-07-08T08:37:21.621376Z,2021,7,8,66.098100,22.121700,6.0,0,3.8,1,mainland
2021-07-08T08:37:21.626066Z,2021,7,8,66.097100,22.126200,5.0,0,24.2,1,mainland
2021-07-08T08:37:21.642799Z,2021,7,8,66.104400,22.126300,6.0,0,7.7,1,mainland
2021-07-08T08:37:32.627421Z,2021,7,8,66.129000,22.196700,6.0,0,3.7,1,mainland
2021-07-08T08:37:48.155558Z,2021,7,8,65.993400,22.083800,12.0,0,19.0,1,mainland
2021-07-08T08:37:48.155593Z,2021,7,8,66.006100,21.980700,-22.0,0,17.4,1,coast_uncertain
2021-07-08T08:37:48.167447Z,2021,7,8,65.992900,21.987900,5.0,0,30.2,1,mainland
2021-07-08T08:37:48.691128Z,2021,7,8,66.133400,22.201700,9.0,0,30.4,1,coast_uncertain
2021-07-08T08:37:48.692324Z,2021,7,8,66.124400,22.293200,4.0,0,18.2,1,coast_uncertain
2021-07-08T08:37:48.707498Z,2021,7,8,66.127300,22.201400,7.0,0,6.7,1,mainland
2021-07-08T08:38:17.050816Z,2021,7,8,65.975700,21.957200,-9.0,0,8.0,1,mainland
2021-07-08T08:38:22.423962Z,2021,7,8,65.688400,21.532200,9.0,0,5.2,1,mainland
2021-07-08T08:38:22.432596Z,2021,7,8,65.676600,21.519400,7.0,0,3.8,1,coast_uncertain
2021-07-08T08:38:27.508817Z,2021,7,8,66.121800,22.228300,-6.0,0,9.8,1,coast_uncertain
2021-07-08T08:38:27.544102Z,2021,7,8,66.147700,22.122800,-8.0,0,4.1,1,coast_uncertain
2021-07-08T08:38:41.098335Z,2021,7,8,66.124000,22.177100,5.0,0,8.7,1,mainland
2021-07-08T08:38:41.101765Z,2021,7,8,66.077400,22.302600,6.0,0,1.8,1,mainland
2021-07-08T08:38:41.124214Z,2021,7,8,66.125000,22.194500,5.0,0,8.9,1,coast_uncertain
2021-07-08T08:38:46.953820Z,2021,7,8,66.001200,21.930600,11.0,0,7.7,1,mainland
2021-07-08T08:38:48.751625Z,2021,7,8,65.695900,21.558600,11.0,0,26.6,1,coast_uncertain
2021-07-08T08:38:48.776088Z,2021,7,8,65.681800,21.567300,10.0,0,17.0,1,coast_uncertain
2021-07-08T08:38:59.988680Z,2021,7,8,65.991500,21.947400,6.0,0,8.2,1,mainland
2021-07-08T08:39:00.003954Z,2021,7,8,66.005100,21.951600,5.0,0,2.1,1,mainland
2021-07-08T08:39:04.525026Z,2021,7,8,65.666700,21.553100,8.0,0,15.5,1,coast_uncertain
2021-07-08T08:39:23.095131Z,2021,7,8,66.137200,22.175800,-14.0,0,10.7,1,mainland
2021-07-08T08:39:23.121801Z,2021,7,8,66.144900,22.193300,-13.0,0,4.9,1,mainland
2021-07-08T08:39:23.173986Z,2021,7,8,66.138900,22.170900,-8.0,0,4.9,1,mainland
2021-07-08T08:39:23.230046Z,2021,7,8,66.136800,22.158400,-8.0,0,4.9,1,coast_uncertain
2021-07-08T08:39:23.448082Z,2021,7,8,66.107400,22.099100,-17.0,0,8.3,1,coast_uncertain
2021-07-08T08:39:23.448986Z,2021,7,8,66.059100,22.077900,-8.0,0,5.7,1,coast_uncertain
2021-07-08T08:39:23.492437Z,2021,7,8,66.138700,22.186100,-15.0,0,8.0,1,coast_uncertain
2021-07-08T08:39:23.725862Z,2021,7,8,66.141200,22.167300,-6.0,0,6.0,1,mainland
2021-07-08T08:39:23.935425Z,2021,7,8,66.142000,22.162600,-5.0,0,5.5,1,mainland
2021-07-08T08:39:24.093167Z,2021,7,8,66.141900,22.166000,-7.0,0,6.9,1,mainland
2021-07-08T08:39:46.022650Z,2021,7,8,65.996000,21.980800,-6.0,0,4.5,1,mainland
2021-07-08T08:39:53.753474Z,2021,7,8,66.251400,22.152000,-8.0,0,12.5,1,mainland
2021-07-08T08:40:11.301273Z,2021,7,8,65.970700,21.882400,15.0,0,19.8,1,coast_uncertain
2021-07-08T08:40:11.626751Z,2021,7,8,65.952400,21.972900,-7.0,0,10.7,1,mainland
2021-07-08T08:40:14.585381Z,2021,7,8,66.126000,22.154200,6.0,0,2.4,1,coast_uncertain
2021-07-08T08:40:14.587046Z,2021,7,8,66.060500,22.299000,7.0,0,28.5,1,mainland
2021-07-08T08:40:14.587778Z,2021,7,8,66.119300,22.222300,7.0,0,24.4,1,coast_uncertain
2021-07-08T08:40:14.593386Z,2021,7,8,66.130900,22.204400,18.0,0,19.2,1,mainland
2021-07-08T08:40:14.600193Z,2021,7,8,66.127800,22.211500,9.0,0,16.7,1,coast_uncertain
2021-07-08T08:40:14.601920Z,2021,7,8,66.120400,22.187600,5.0,0,4.6,1,coast_uncertain
2021-07-08T08:40:14.609471Z,2021,7,8,66.112000,22.184000,9.0,0,12.4,1,mainland
2021-07-08T08:40:31.388938Z,2021,7,8,65.615400,21.429200,-8.0,0,2.1,1,mainland
2021-07-08T08:40:31.399930Z,2021,7,8,65.612900,21.434600,-21.0,0,10.5,1,mainland
2021-07-08T08:40:31.495329Z,2021,7,8,65.641800,21.409600,-5.0,0,4.4,1,mainland
2021-07-08T08:40:31.552318Z,2021,7,8,65.620000,21.489400,-6.0,0,5.0,1,coast_uncertain
2021-07-08T08:40:31.675638Z,2021,7,8,65.614300,21.443100,-7.0,0,9.4,1,mainland
2021-07-08T08:40:31.711361Z,2021,7,8,65.613400,21.452100,-6.0,0,5.5,1,coast_uncertain
2021-07-08T08:40:31.753795Z,2021,7,8,65.611900,21.452200,-5.0,0,4.9,1,mainland
2021-07-08T08:40:31.793245Z,2021,7,8,65.608900,21.505700,-10.0,0,6.3,1,coast_uncertain
2021-07-08T08:40:32.233349Z,2021,7,8,66.122300,22.159600,6.0,0,5.7,1,coast_uncertain
2021-07-08T08:40:32.234269Z,2021,7,8,66.123800,22.180000,8.0,0,3.9,1,coast_uncertain
2021-07-08T08:40:32.842782Z,2021,7,8,66.064100,22.233000,-10.0,0,10.5,1,coast_uncertain
2021-07-08T08:40:58.595075Z,2021,7,8,65.968400,21.873400,14.0,0,14.7,1,mainland
2021-07-08T08:40:59.585885Z,2021,7,8,65.954700,21.895800,15.0,0,28.5,1,mainland
2021-07-08T08:41:34.673618Z,2021,7,8,65.632200,21.813600,-6.0,0,16.6,1,coast_uncertain
2021-07-08T08:41:35.486797Z,2021,7,8,66.100300,22.233300,16.0,0,4.5,1,coast_uncertain
2021-07-08T08:41:35.488048Z,2021,7,8,66.101700,22.241200,5.0,0,1.9,1,coast_uncertain
2021-07-08T08:41:35.500135Z,2021,7,8,66.105900,22.250300,11.0,0,13.8,1,coast_uncertain
2021-07-08T08:41:35.507521Z,2021,7,8,66.100100,22.243500,8.0,0,6.6,1,coast_uncertain
2021-07-08T08:41:35.508592Z,2021,7,8,66.105600,22.230600,6.0,0,11.7,1,coast_uncertain
2021-07-08T08:41:35.515290Z,2021,7,8,66.109600,22.222200,7.0,0,9.1,1,coast_uncertain
2021-07-08T08:41:37.744721Z,2021,7,8,65.977500,21.945200,13.0,0,9.3,1,mainland
2021-07-08T08:41:37.777398Z,2021,7,8,65.979800,21.908700,6.0,0,6.1,1,mainland
2021-07-08T08:41:56.126201Z,2021,7,8,65.974100,21.967800,8.0,0,3.1,1,mainland
2021-07-08T08:41:59.771880Z,2021,7,8,66.101300,22.187000,6.0,0,25.7,1,coast_uncertain
2021-07-08T08:41:59.785857Z,2021,7,8,66.120200,22.243200,10.0,0,9.3,1,coast_uncertain
2021-07-08T08:41:59.797019Z,2021,7,8,66.109400,22.187500,6.0,0,19.3,1,mainland
2021-07-08T08:41:59.797963Z,2021,7,8,66.104400,22.209400,5.0,0,3.5,1,mainland
2021-07-08T08:41:59.800497Z,2021,7,8,66.102100,22.194100,5.0,0,6.7,1,mainland
2021-07-08T08:42:15.334676Z,2021,7,8,65.678200,21.704200,-7.0,0,9.3,1,mainland
2021-07-08T08:42:19.572471Z,2021,7,8,66.010100,21.937200,5.0,0,6.6,1,coast_uncertain
2021-07-08T08:42:19.573167Z,2021,7,8,66.006600,21.985000,6.0,0,3.1,1,coast_uncertain
2021-07-08T08:42:19.613175Z,2021,7,8,66.006900,21.943100,6.0,0,11.1,1,mainland
2021-07-08T08:42:20.482779Z,2021,7,8,66.108500,22.204600,5.0,0,4.3,1,mainland
2021-07-08T08:42:20.516308Z,2021,7,8,66.112600,22.199200,8.0,0,26.9,1,mainland
2021-07-08T08:42:34.007770Z,2021,7,8,65.979100,21.895100,5.0,0,14.4,1,coast_uncertain
2021-07-08T08:42:34.010840Z,2021,7,8,65.980000,21.903800,5.0,0,3.9,1,mainland
2021-07-08T08:42:52.197623Z,2021,7,8,66.109300,22.259800,5.0,0,4.5,1,coast_uncertain
2021-07-08T08:42:52.201387Z,2021,7,8,66.106800,22.254600,5.0,0,2.9,1,coast_uncertain
2021-07-08T08:42:52.214367Z,2021,7,8,66.112800,22.250900,15.0,0,22.9,1,mainland
2021-07-08T08:42:52.214368Z,2021,7,8,66.117000,22.291900,11.0,0,12.6,1,coast_uncertain
2021-07-08T08:42:52.221645Z,2021,7,8,66.118200,22.214200,7.0,0,22.9,1,coast_uncertain
2021-07-08T08:42:52.682405Z,2021,7,8,66.074100,22.189600,5.0,0,11.3,1,mainland
2021-07-08T08:43:25.933875Z,2021,7,8,66.152600,22.254700,5.0,0,2.3,1,coast_uncertain
2021-07-08T08:43:25.952442Z,2021,7,8,66.140400,22.245900,6.0,0,8.8,1,coast_uncertain
2021-07-08T08:43:33.321766Z,2021,7,8,65.978400,22.000000,5.0,0,7.3,1,coast_uncertain
2021-07-08T08:43:33.325203Z,2021,7,8,66.006600,21.971900,12.0,0,15.4,1,coast_uncertain
2021-07-08T08:43:33.325210Z,2021,7,8,66.016100,22.106600,13.0,0,15.5,1,coast_uncertain
2021-07-08T08:43:33.327626Z,2021,7,8,65.987200,21.934100,5.0,0,14.2,1,mainland
2021-07-08T08:43:33.399894Z,2021,7,8,66.043400,21.953300,5.0,0,3.8,1,coast_uncertain
2021-07-08T08:44:03.446994Z,2021,7,8,66.148700,22.247200,6.0,0,5.2,1,coast_uncertain
2021-07-08T08:44:03.449066Z,2021,7,8,66.142900,22.293700,5.0,0,26.2,1,coast_uncertain
2021-07-08T08:44:03.473483Z,2021,7,8,66.139200,22.256400,8.0,0,9.8,1,coast_uncertain
2021-07-08T08:44:05.030341Z,2021,7,8,65.952000,21.966500,5.0,0,12.3,1,mainland
2021-07-08T08:44:05.054908Z,2021,7,8,65.980300,21.916400,15.0,0,30.4,1,coast_uncertain
2021-07-08T08:44:05.054931Z,2021,7,8,65.977100,21.885100,-29.0,0,20.3,1,coast_uncertain
2021-07-08T08:44:05.059611Z,2021,7,8,65.966000,21.911200,9.0,0,8.3,1,mainland
2021-07-08T08:44:16.820894Z,2021,7,8,66.106500,22.332100,-6.0,0,8.8,1,coast_uncertain
2021-07-08T08:44:16.881181Z,2021,7,8,66.102700,22.333000,-10.0,0,6.2,1,coast_uncertain
2021-07-08T08:44:17.002439Z,2021,7,8,66.103500,22.335900,-12.0,0,8.1,1,mainland
2021-07-08T08:44:17.093552Z,2021,7,8,66.104200,22.331500,-8.0,0,5.8,1,coast_uncertain
2021-07-08T08:44:24.744528Z,2021,7,8,65.987900,21.920600,6.0,0,30.4,1,coast_uncertain
2021-07-08T08:44:24.744537Z,2021,7,8,65.971800,21.984200,-18.0,0,13.6,1,mainland
2021-07-08T08:44:43.398254Z,2021,7,8,66.142300,22.276200,13.0,0,7.0,1,coast_uncertain
2021-07-08T08:44:43.398706Z,2021,7,8,66.141300,22.319300,5.0,0,13.8,1,coast_uncertain
2021-07-08T08:44:43.399065Z,2021,7,8,66.040000,22.445800,6.0,0,16.1,1,mainland
2021-07-08T08:44:43.399102Z,2021,7,8,66.136200,22.313700,9.0,0,30.4,1,coast_uncertain
2021-07-08T08:44:43.438557Z,2021,7,8,66.139800,22.253800,5.0,0,17.4,1,coast_uncertain
2021-07-08T08:44:44.421208Z,2021,7,8,66.039900,22.033900,11.0,0,7.0,1,coast_uncertain
2021-07-08T08:44:44.422157Z,2021,7,8,66.038700,22.193900,16.0,0,21.5,1,mainland
2021-07-08T08:44:54.730978Z,2021,7,8,65.976700,21.930200,5.0,0,23.0,1,mainland
2021-07-08T08:44:55.306272Z,2021,7,8,66.125500,22.281600,6.0,0,23.6,1,coast_uncertain
2021-07-08T08:45:07.689550Z,2021,7,8,66.132400,22.278200,5.0,0,3.2,1,coast_uncertain
2021-07-08T08:45:17.283125Z,2021,7,8,66.041400,22.070400,-22.0,0,8.0,1,coast_uncertain
2021-07-08T08:45:17.309431Z,2021,7,8,65.942900,21.993100,20.0,0,30.4,1,mainland
2021-07-08T08:45:17.314288Z,2021,7,8,65.954000,21.936000,8.0,0,21.1,1,mainland
2021-07-08T08:45:20.161228Z,2021,7,8,66.129200,22.256300,6.0,0,5.2,1,coast_uncertain
2021-07-08T08:46:02.220309Z,2021,7,8,65.968800,21.992000,21.0,0,20.1,1,mainland
2021-07-08T08:46:02.224828Z,2021,7,8,65.977400,22.020300,7.0,0,18.8,1,mainland
2021-07-08T08:46:02.243063Z,2021,7,8,65.978400,21.911700,5.0,0,7.3,1,mainland
2021-07-08T08:46:02.799502Z,2021,7,8,66.036400,22.035500,-49.0,0,18.4,1,mainland
2021-07-08T08:46:28.863716Z,2021,7,8,66.103500,22.345900,-7.0,0,3.2,1,coast_uncertain
2021-07-08T08:46:29.391882Z,2021,7,8,66.120400,22.318900,-7.0,0,7.5,1,coast_uncertain
2021-07-08T08:46:29.397774Z,2021,7,8,66.103500,22.362500,-6.0,0,4.1,1,coast_uncertain
2021-07-08T08:46:39.979573Z,2021,7,8,66.126900,22.323700,9.0,0,6.9,1,coast_uncertain
2021-07-08T08:46:39.982673Z,2021,7,8,66.131000,22.286400,9.0,0,9.5,1,coast_uncertain
2021-07-08T08:46:39.999294Z,2021,7,8,66.124800,22.308300,7.0,0,21.0,1,inland_water
2021-07-08T08:46:41.028609Z,2021,7,8,65.405300,22.250900,5.0,0,1.9,1,sea
2021-07-08T08:46:54.289920Z,2021,7,8,66.128900,22.319700,6.0,0,11.0,1,coast_uncertain
2021-07-08T08:46:54.326527Z,2021,7,8,66.132700,22.296800,6.0,0,4.2,1,coast_uncertain
2021-07-08T08:47:26.557195Z,2021,7,8,66.064500,22.183600,4.0,0,3.1,1,coast_uncertain
2021-07-08T08:47:45.429198Z,2021,7,8,65.975200,21.995600,5.0,0,13.6,1,mainland
2021-07-08T08:47:56.996689Z,2021,7,8,65.746500,22.224000,-22.0,0,12.4,1,coast_uncertain
2021-07-08T08:48:09.889588Z,2021,7,8,65.982800,21.971100,9.0,0,22.4,1,coast_uncertain
2021-07-08T08:48:09.919159Z,2021,7,8,65.994500,21.977700,9.0,0,14.5,1,mainland
2021-07-08T08:48:10.320649Z,2021,7,8,65.656600,21.487700,-5.0,0,30.4,1,coast_uncertain
2021-07-08T08:48:14.824061Z,2021,7,8,65.641900,22.072600,7.0,0,3.9,1,coast_uncertain
2021-07-08T08:48:25.636445Z,2021,7,8,66.100700,22.365700,8.0,0,14.7,1,coast_uncertain
2021-07-08T08:48:36.556707Z,2021,7,8,65.996600,22.010400,-18.0,0,10.4,1,coast_uncertain
2021-07-08T08:48:36.566286Z,2021,7,8,65.974900,22.008600,-9.0,0,6.6,1,mainland
2021-07-08T08:49:04.400516Z,2021,7,8,66.143600,22.317600,-14.0,0,19.2,1,coast_uncertain
2021-07-08T08:49:20.589243Z,2021,7,8,65.976400,22.415100,6.0,0,9.1,1,coast_uncertain
2021-07-08T08:49:20.738014Z,2021,7,8,66.002400,22.169700,7.0,0,3.1,1,coast_uncertain
2021-07-08T08:49:45.807492Z,2021,7,8,66.014500,21.957700,35.0,0,30.4,1,coast_uncertain
2021-07-08T08:51:13.874898Z,2021,7,8,66.095700,22.220900,7.0,0,2.4,1,mainland
2021-07-08T08:52:16.802068Z,2021,7,8,66.040000,22.257100,-5.0,0,13.9,1,mainland
2021-07-08T08:52:16.804478Z,2021,7,8,66.027900,22.218000,4.0,0,1.8,1,mainland
2021-07-08T08:53:02.074674Z,2021,7,8,66.023800,22.169500,-7.0,0,14.9,1,coast_uncertain
2021-07-08T08:53:02.074731Z,2021,7,8,66.019100,22.169000,18.0,0,25.5,1,coast_uncertain
2021-07-08T08:53:02.078697Z,2021,7,8,66.005100,22.127500,-28.0,0,18.4,1,coast_uncertain
2021-07-08T08:53:02.136183Z,2021,7,8,66.034200,22.101800,5.0,0,7.7,1,coast_uncertain
2021-07-08T08:53:27.301432Z,2021,7,8,66.029100,22.259200,-12.0,0,6.0,1,mainland
2021-07-08T08:53:27.333213Z,2021,7,8,66.025800,22.340400,-6.0,0,8.1,1,mainland
2021-07-08T08:53:27.362737Z,2021,7,8,66.025600,22.227600,-6.0,0,4.9,1,mainland
2021-07-08T08:53:27.400008Z,2021,7,8,66.056400,22.283600,-8.0,0,4.5,1,coast_uncertain
2021-07-08T08:53:27.465799Z,2021,7,8,66.028300,22.213700,-7.0,0,4.6,1,mainland
2021-07-08T08:53:27.661545Z,2021,7,8,66.025100,22.234800,-12.0,0,6.6,1,mainland
2021-07-08T08:53:27.735172Z,2021,7,8,66.038500,22.235900,-32.0,0,21.9,1,mainland
2021-07-08T08:53:27.735172Z,2021,7,8,66.025800,22.262900,-22.0,0,30.4,1,mainland
2021-07-08T08:53:27.771540Z,2021,7,8,66.028600,22.249900,-15.0,0,4.4,1,coast_uncertain
2021-07-08T08:53:27.959995Z,2021,7,8,66.015600,22.130700,6.0,0,18.1,1,coast_uncertain
2021-07-08T08:53:27.961189Z,2021,7,8,66.041200,22.044800,7.0,0,11.3,1,mainland
2021-07-08T08:53:27.963228Z,2021,7,8,66.031900,21.986300,11.0,0,7.9,1,coast_uncertain
2021-07-08T08:54:10.449376Z,2021,7,8,66.043400,22.284800,-66.0,0,13.7,1,coast_uncertain
2021-07-08T08:54:10.467167Z,2021,7,8,66.043600,22.292400,9.0,0,7.0,1,coast_uncertain
2021-07-08T08:54:10.467251Z,2021,7,8,65.925100,22.350700,-29.0,0,9.7,1,mainland
2021-07-08T08:54:50.655197Z,2021,7,8,66.042400,22.251900,-57.0,0,19.1,1,coast_uncertain
2021-07-08T08:54:50.680319Z,2021,7,8,66.047000,22.245100,-15.0,0,10.1,1,coast_uncertain
2021-07-08T08:55:25.859418Z,2021,7,8,66.047700,22.369400,-7.0,0,6.4,1,coast_uncertain
2021-07-08T08:56:00.148872Z,2021,7,8,66.033800,22.282100,-14.0,0,7.7,1,coast_uncertain
2021-07-08T08:56:00.178829Z,2021,7,8,66.022300,22.353000,-9.0,0,4.4,1,mainland
2021-07-08T08:56:00.210702Z,2021,7,8,65.998000,22.182500,-14.0,0,9.4,1,coast_uncertain
2021-07-08T08:56:00.244414Z,2021,7,8,66.052700,22.272600,-5.0,0,6.2,1,coast_uncertain
2021-07-08T08:56:00.470311Z,2021,7,8,66.042700,22.198100,8.0,0,4.1,1,coast_uncertain
2021-07-08T08:56:00.471847Z,2021,7,8,66.035800,22.233200,16.0,0,29.4,1,mainland
2021-07-08T08:56:00.474588Z,2021,7,8,66.042900,22.332000,5.0,0,24.9,1,coast_uncertain
2021-07-08T08:56:00.474609Z,2021,7,8,65.996200,22.203700,-5.0,0,14.4,1,mainland
2021-07-08T08:56:00.896269Z,2021,7,8,66.054100,22.231200,-6.0,0,5.5,1,coast_uncertain
2021-07-08T08:57:00.747517Z,2021,7,8,66.050800,22.430200,-11.0,0,5.6,1,coast_uncertain
2021-07-08T08:57:00.771568Z,2021,7,8,66.064100,22.355500,-6.0,0,5.5,1,mainland
2021-07-08T08:57:00.771944Z,2021,7,8,66.033100,22.381600,-5.0,0,4.4,1,mainland
2021-07-08T08:57:32.833759Z,2021,7,8,66.038700,22.106000,5.0,0,6.0,1,coast_uncertain
2021-07-08T08:57:32.835177Z,2021,7,8,66.040600,22.182600,5.0,0,24.8,1,coast_uncertain
2021-07-08T08:57:32.835704Z,2021,7,8,66.042600,22.040500,6.0,0,2.1,1,coast_uncertain
2021-07-08T08:57:44.151136Z,2021,7,8,65.658400,21.681100,14.0,0,24.1,1,coast_uncertain
2021-07-08T08:58:16.591764Z,2021,7,8,66.076900,22.349900,-12.0,0,7.2,1,mainland
2021-07-08T08:58:16.595497Z,2021,7,8,66.065200,22.365000,-48.0,0,24.0,1,mainland
2021-07-08T08:58:16.616206Z,2021,7,8,66.048300,22.374900,-13.0,0,4.9,1,coast_uncertain
2021-07-08T08:58:17.084197Z,2021,7,8,66.049600,22.375700,-22.0,0,8.9,1,coast_uncertain
2021-07-08T08:58:17.165684Z,2021,7,8,66.050500,22.374000,-17.0,0,5.7,1,coast_uncertain
2021-07-08T08:58:34.895044Z,2021,7,8,65.904700,22.026300,5.0,0,8.9,1,coast_uncertain
2021-07-08T08:58:47.603752Z,2021,7,8,65.604600,21.825400,5.0,0,6.6,1,mainland
2021-07-08T08:59:26.748284Z,2021,7,8,66.044200,22.236000,-30.0,0,12.4,1,mainland
2021-07-08T08:59:26.819380Z,2021,7,8,66.070700,22.135600,-4.0,0,15.7,1,mainland
2021-07-08T08:59:36.501196Z,2021,7,8,65.909600,22.032400,6.0,0,4.9,1,coast_uncertain
2021-07-08T08:59:52.868858Z,2021,7,8,65.648800,21.695600,-7.0,0,14.5,1,mainland
2021-07-08T08:59:52.875107Z,2021,7,8,65.613600,22.001000,-47.0,0,22.5,1,inland_water
2021-07-08T08:59:52.882592Z,2021,7,8,65.591100,21.743900,-19.0,0,14.3,1,coast_uncertain
2021-07-08T08:59:52.910926Z,2021,7,8,65.647600,21.661700,-20.0,0,9.5,1,coast_uncertain
2021-07-08T08:59:52.934932Z,2021,7,8,65.649500,21.656600,-6.0,0,4.6,1,coast_uncertain
2021-07-08T08:59:53.258400Z,2021,7,8,65.648700,21.642000,-11.0,0,7.6,1,mainland
2021-07-08T09:00:27.102295Z,2021,7,8,66.123100,22.235900,13.0,0,21.1,1,coast_uncertain
2021-07-08T09:00:27.102994Z,2021,7,8,66.127800,22.230600,13.0,0,9.2,1,coast_uncertain
2021-07-08T09:00:27.102996Z,2021,7,8,66.070100,22.311400,10.0,0,23.6,1,mainland
2021-07-08T09:00:27.104437Z,2021,7,8,66.068900,22.359000,6.0,0,18.5,1,mainland
2021-07-08T09:00:27.106933Z,2021,7,8,66.088900,22.136400,25.0,0,30.4,1,mainland
2021-07-08T09:00:31.836301Z,2021,7,8,65.928600,22.093400,-12.0,0,6.2,1,coast_uncertain
2021-07-08T09:00:45.276737Z,2021,7,8,65.648800,21.735400,6.0,0,3.1,1,mainland
2021-07-08T09:00:45.277049Z,2021,7,8,65.671400,21.863600,9.0,0,30.4,1,coast_uncertain
2021-07-08T09:00:45.301804Z,2021,7,8,65.655200,21.832600,6.0,0,27.4,1,mainland
2021-07-08T09:00:45.316125Z,2021,7,8,65.662200,21.696600,5.0,0,3.7,1,mainland
2021-07-08T09:01:06.171897Z,2021,7,8,65.698200,21.829600,11.0,0,11.0,1,coast_uncertain
2021-07-08T09:01:06.184338Z,2021,7,8,65.702700,21.828400,7.0,0,14.9,1,coast_uncertain
2021-07-08T09:01:08.292036Z,2021,7,8,66.057800,22.177300,-5.0,0,4.5,1,coast_uncertain
2021-07-08T09:01:28.147942Z,2021,7,8,65.905800,22.067800,-11.0,0,8.7,1,mainland
2021-07-08T09:01:28.199461Z,2021,7,8,65.919600,22.036200,-6.0,0,12.2,1,mainland
2021-07-08T09:01:33.411310Z,2021,7,8,65.646000,21.742400,-33.0,0,8.0,1,mainland
2021-07-08T09:01:33.419119Z,2021,7,8,65.634300,21.752900,-8.0,0,8.3,1,mainland
2021-07-08T09:01:33.433566Z,2021,7,8,65.648200,21.689900,-8.0,0,6.3,1,mainland
2021-07-08T09:01:33.712669Z,2021,7,8,65.647000,21.686100,-7.0,0,5.5,1,mainland
2021-07-08T09:01:33.887074Z,2021,7,8,65.642300,21.745800,-6.0,0,3.3,1,mainland
2021-07-08T09:01:33.971134Z,2021,7,8,65.648200,21.683200,-7.0,0,4.2,1,mainland
2021-07-08T09:01:59.969549Z,2021,7,8,65.925200,22.007900,-49.0,0,16.8,1,mainland
2021-07-08T09:01:59.987406Z,2021,7,8,65.910500,22.036700,-6.0,0,17.0,1,coast_uncertain
2021-07-08T09:02:38.571485Z,2021,7,8,65.918500,22.053100,-14.0,0,15.0,1,mainland
2021-07-08T09:02:44.564239Z,2021,7,8,65.683400,21.746900,5.0,0,18.2,1,mainland
2021-07-08T09:03:04.062475Z,2021,7,8,65.681700,21.752600,6.0,0,7.4,1,mainland
2021-07-08T09:03:11.775260Z,2021,7,8,65.625300,21.481400,6.0,0,2.4,1,mainland
2021-07-08T09:03:11.903746Z,2021,7,8,65.681000,21.539800,-14.0,0,5.4,1,coast_uncertain
2021-07-08T09:03:27.444147Z,2021,7,8,65.920500,22.059700,-6.0,0,6.4,1,mainland
2021-07-08T09:03:27.490027Z,2021,7,8,65.927800,22.130400,-9.0,0,3.6,1,coast_uncertain
2021-07-08T09:03:27.573673Z,2021,7,8,65.933300,22.041700,-9.0,0,4.9,1,mainland
2021-07-08T09:03:27.703077Z,2021,7,8,65.697400,21.829200,8.0,0,4.6,1,coast_uncertain
2021-07-08T09:03:54.697054Z,2021,7,8,65.450700,22.280000,10.0,0,3.2,1,sea
2021-07-08T09:03:54.707005Z,2021,7,8,65.693900,21.788400,13.0,0,20.1,1,coast_uncertain
2021-07-08T09:03:54.707997Z,2021,7,8,65.674800,21.908500,5.0,0,4.9,1,mainland
2021-07-08T09:03:54.719602Z,2021,7,8,65.584800,21.970100,11.0,0,15.6,1,coast_uncertain
2021-07-08T09:03:54.721540Z,2021,7,8,65.672700,21.723700,6.0,0,17.3,1,mainland
2021-07-08T09:03:54.731383Z,2021,7,8,65.678700,21.783000,6.0,0,19.2,1,mainland
2021-07-08T09:03:54.736522Z,2021,7,8,65.682700,21.770700,5.0,0,17.2,1,mainland
2021-07-08T09:04:12.454259Z,2021,7,8,65.858900,22.033100,-15.0,0,7.4,1,coast_uncertain
2021-07-08T09:04:23.679752Z,2021,7,8,65.689400,21.771700,8.0,0,6.3,1,mainland
2021-07-08T09:04:23.681462Z,2021,7,8,65.673000,21.895400,-10.0,0,14.8,1,coast_uncertain
2021-07-08T09:04:23.685953Z,2021,7,8,65.701200,21.933700,4.0,0,4.3,1,mainland
2021-07-08T09:04:23.689744Z,2021,7,8,65.704600,21.797800,9.0,0,13.0,1,coast_uncertain
2021-07-08T09:04:23.691440Z,2021,7,8,65.683100,21.758200,6.0,0,9.3,1,mainland
2021-07-08T09:04:23.700810Z,2021,7,8,65.703400,21.860600,-18.0,0,20.5,1,mainland
2021-07-08T09:04:55.101516Z,2021,7,8,65.675500,21.797800,8.0,0,11.3,1,coast_uncertain
2021-07-08T09:04:55.102078Z,2021,7,8,65.687800,21.804700,7.0,0,11.0,1,coast_uncertain
2021-07-08T09:05:01.101908Z,2021,7,8,65.995500,22.302700,-8.0,0,9.4,1,mainland
2021-07-08T09:05:01.102783Z,2021,7,8,66.005800,22.187800,5.0,0,6.4,1,coast_uncertain
2021-07-08T09:05:32.867606Z,2021,7,8,65.825200,22.067200,7.0,0,3.1,1,mainland
2021-07-08T09:05:33.594908Z,2021,7,8,65.680200,21.777700,17.0,0,28.8,1,mainland
2021-07-08T09:05:33.594914Z,2021,7,8,65.677000,21.788100,11.0,0,27.5,1,coast_uncertain
2021-07-08T09:05:33.594937Z,2021,7,8,65.682400,21.808000,-22.0,0,17.3,1,coast_uncertain
2021-07-08T09:05:33.597975Z,2021,7,8,65.683100,21.837700,4.0,0,8.1,1,coast_uncertain
2021-07-08T09:05:33.601170Z,2021,7,8,65.680400,21.816000,7.0,0,30.4,1,coast_uncertain
2021-07-08T09:05:33.604206Z,2021,7,8,65.710400,21.785700,5.0,0,13.6,1,coast_uncertain
2021-07-08T09:05:33.604223Z,2021,7,8,65.669700,21.817100,-9.0,0,12.4,1,coast_uncertain
2021-07-08T09:05:39.970502Z,2021,7,8,65.922100,22.081500,8.0,0,21.5,1,coast_uncertain
2021-07-08T09:05:53.831939Z,2021,7,8,65.920000,22.056600,5.0,0,10.4,1,mainland
2021-07-08T09:05:56.293320Z,2021,7,8,65.589700,21.571600,6.0,0,19.8,1,mainland
2021-07-08T09:05:58.726330Z,2021,7,8,66.007000,22.225500,5.0,0,5.7,1,coast_uncertain
2021-07-08T09:06:14.655195Z,2021,7,8,65.680200,21.755100,5.0,0,14.2,1,mainland
2021-07-08T09:06:14.656629Z,2021,7,8,65.702300,21.797700,6.0,0,11.1,1,coast_uncertain
2021-07-08T09:06:41.446888Z,2021,7,8,65.670900,21.837300,-8.0,0,11.4,1,coast_uncertain
2021-07-08T09:06:41.458168Z,2021,7,8,65.685100,21.853300,8.0,0,22.4,1,mainland
2021-07-08T09:06:41.468146Z,2021,7,8,65.689500,21.817300,11.0,0,14.7,1,inland_water
2021-07-08T09:06:41.479069Z,2021,7,8,65.707200,21.831600,5.0,0,11.9,1,coast_uncertain
2021-07-08T09:07:01.999248Z,2021,7,8,65.869500,22.020100,16.0,0,21.0,1,coast_uncertain
2021-07-08T09:07:02.070918Z,2021,7,8,65.859000,22.102600,-10.0,0,13.0,1,mainland
2021-07-08T09:07:18.730157Z,2021,7,8,65.938500,22.076300,6.0,0,6.2,1,coast_uncertain
2021-07-08T09:07:19.147841Z,2021,7,8,65.837600,22.049000,5.0,0,8.9,1,coast_uncertain
2021-07-08T09:07:20.003917Z,2021,7,8,65.675800,21.889100,-9.0,0,13.7,1,mainland
2021-07-08T09:07:20.007359Z,2021,7,8,65.691100,21.818800,7.0,0,15.7,1,inland_water
2021-07-08T09:07:20.015810Z,2021,7,8,65.690400,21.807000,10.0,0,8.0,1,inland_water
2021-07-08T09:07:20.025045Z,2021,7,8,65.686600,21.830200,6.0,0,7.3,1,coast_uncertain
2021-07-08T09:07:40.378030Z,2021,7,8,66.015800,22.200400,14.0,0,15.6,1,coast_uncertain
2021-07-08T09:07:40.378740Z,2021,7,8,66.002300,22.234400,4.0,0,1.8,1,coast_uncertain
2021-07-08T09:07:40.379552Z,2021,7,8,65.997700,22.165500,6.0,0,7.4,1,coast_uncertain
2021-07-08T09:08:00.117518Z,2021,7,8,65.839900,22.114200,5.0,0,22.3,1,mainland
2021-07-08T09:08:21.298366Z,2021,7,8,65.700600,21.796500,6.0,0,5.8,1,coast_uncertain
2021-07-08T09:08:21.306451Z,2021,7,8,65.722400,21.953500,10.0,0,19.9,1,mainland
2021-07-08T09:08:21.306476Z,2021,7,8,65.705400,21.885400,-21.0,0,19.1,1,mainland
2021-07-08T09:08:21.313703Z,2021,7,8,65.700400,21.825600,9.0,0,10.0,1,coast_uncertain
2021-07-08T09:08:31.554137Z,2021,7,8,65.890300,22.154800,4.0,0,5.5,1,mainland
2021-07-08T09:08:37.985586Z,2021,7,8,65.866200,22.208500,7.0,0,8.8,1,mainland
2021-07-08T09:08:54.320119Z,2021,7,8,66.107800,22.295000,4.0,0,26.0,1,coast_uncertain
2021-07-08T09:09:03.225393Z,2021,7,8,65.695300,21.794900,7.0,0,6.1,1,coast_uncertain
2021-07-08T09:09:03.239755Z,2021,7,8,65.700100,21.820900,14.0,0,11.1,1,coast_uncertain
2021-07-08T09:09:10.814327Z,2021,7,8,66.031200,22.214700,6.0,0,6.1,1,mainland
2021-07-08T09:09:10.814729Z,2021,7,8,66.036200,22.207200,6.0,0,4.8,1,mainland
2021-07-08T09:09:21.588133Z,2021,7,8,65.854200,22.045300,-5.0,0,3.3,1,coast_uncertain
2021-07-08T09:09:27.076678Z,2021,7,8,65.685200,21.855200,6.0,0,11.9,1,mainland
2021-07-08T09:09:27.091289Z,2021,7,8,65.701900,21.849800,6.0,0,4.1,1,mainland
2021-07-08T09:09:31.635638Z,2021,7,8,65.871900,22.081200,5.0,0,3.1,1,mainland
2021-07-08T09:09:36.441849Z,2021,7,8,65.870200,22.021600,12.0,0,9.9,1,coast_uncertain
2021-07-08T09:09:46.211003Z,2021,7,8,65.886200,22.063000,8.0,0,6.9,1,mainland
2021-07-08T09:09:47.701380Z,2021,7,8,65.884500,22.044700,-8.0,0,3.3,1,coast_uncertain
2021-07-08T09:09:47.708181Z,2021,7,8,65.892700,22.055100,-7.0,0,16.6,1,coast_uncertain
2021-07-08T09:09:47.712219Z,2021,7,8,65.898200,22.076800,-5.0,0,10.4,1,mainland
2021-07-08T09:09:57.999425Z,2021,7,8,65.850800,22.045500,5.0,0,3.7,1,coast_uncertain
2021-07-08T09:10:03.268536Z,2021,7,8,65.683000,21.845600,4.0,0,6.7,1,mainland
2021-07-08T09:10:23.443354Z,2021,7,8,65.694700,21.822700,7.0,0,20.3,1,coast_uncertain
2021-07-08T09:10:23.443873Z,2021,7,8,65.693400,21.826800,7.0,0,2.1,1,coast_uncertain
2021-07-08T09:10:23.448906Z,2021,7,8,65.702000,21.849800,5.0,0,11.8,1,mainland
2021-07-08T09:10:23.448920Z,2021,7,8,65.681500,21.880500,-6.0,0,6.6,1,mainland
2021-07-08T09:10:23.454121Z,2021,7,8,65.664600,21.922800,-11.0,0,26.3,1,coast_uncertain
2021-07-08T09:10:23.457482Z,2021,7,8,65.695000,21.837200,5.0,0,4.3,1,coast_uncertain
2021-07-08T09:10:23.461761Z,2021,7,8,65.695000,21.806300,6.0,0,1.9,1,coast_uncertain
2021-07-08T09:10:23.463190Z,2021,7,8,65.687900,21.815400,10.0,0,5.4,1,inland_water
2021-07-08T09:10:27.395108Z,2021,7,8,66.005700,22.255500,5.0,0,6.4,1,mainland
2021-07-08T09:10:42.090260Z,2021,7,8,65.691100,21.865800,5.0,0,10.7,1,mainland
2021-07-08T09:10:46.337449Z,2021,7,8,65.967200,21.949600,23.0,0,14.4,1,mainland
2021-07-08T09:11:00.039882Z,2021,7,8,65.699600,21.814400,7.0,0,2.5,1,coast_uncertain
2021-07-08T09:11:00.042147Z,2021,7,8,65.692900,21.842400,6.0,0,11.6,1,coast_uncertain
2021-07-08T09:11:00.066423Z,2021,7,8,65.601000,21.665200,8.0,0,30.4,1,mainland
2021-07-08T09:11:39.047562Z,2021,7,8,66.002400,22.171000,4.0,0,14.1,1,coast_uncertain
2021-07-08T09:11:39.048747Z,2021,7,8,66.007500,22.277600,5.0,0,10.0,1,mainland
2021-07-08T09:11:45.045159Z,2021,7,8,65.852700,22.068000,-6.0,0,4.3,1,mainland
2021-07-08T09:11:45.165612Z,2021,7,8,65.572100,21.556600,7.0,0,2.6,1,mainland
2021-07-08T09:11:59.319511Z,2021,7,8,65.688700,21.777600,5.0,0,3.7,1,mainland
2021-07-08T09:12:06.944257Z,2021,7,8,65.890300,22.041900,9.0,0,25.4,1,coast_uncertain
2021-07-08T09:12:07.497074Z,2021,7,8,65.933600,22.026700,5.0,0,17.8,1,mainland
2021-07-08T09:12:14.307592Z,2021,7,8,65.697900,21.883400,17.0,0,10.1,1,mainland
2021-07-08T09:12:14.308760Z,2021,7,8,65.695600,21.861000,8.0,0,3.3,1,mainland
2021-07-08T09:12:39.492284Z,2021,7,8,65.713800,21.886300,-8.0,0,8.8,1,mainland
2021-07-08T09:12:39.506886Z,2021,7,8,65.705900,21.930600,-5.0,0,3.5,1,mainland
2021-07-08T09:12:39.793003Z,2021,7,8,65.717800,21.949200,-20.0,0,24.7,1,mainland
2021-07-08T09:12:53.540878Z,2021,7,8,65.669000,21.801700,6.0,0,5.5,1,mainland
2021-07-08T09:12:53.552342Z,2021,7,8,65.666800,21.777300,8.0,0,10.5,1,mainland
2021-07-08T09:13:01.110087Z,2021,7,8,66.009200,22.180300,-55.0,0,20.4,1,coast_uncertain
2021-07-08T09:13:01.203369Z,2021,7,8,65.993000,22.192100,-23.0,0,21.7,1,coast_uncertain
2021-07-08T09:13:18.811357Z,2021,7,8,65.929400,21.998000,5.0,0,14.9,1,mainland
2021-07-08T09:13:27.918955Z,2021,7,8,65.670400,21.604700,6.0,0,3.5,1,coast_uncertain
2021-07-08T09:13:37.157459Z,2021,7,8,65.688200,21.862900,9.0,0,3.3,1,mainland
2021-07-08T09:13:39.931714Z,2021,7,8,65.607200,21.657900,8.0,0,3.8,1,mainland
2021-07-08T09:13:40.174131Z,2021,7,8,66.033800,22.245200,8.0,0,11.9,1,coast_uncertain
2021-07-08T09:13:53.947357Z,2021,7,8,65.889200,22.125500,7.0,0,3.5,1,coast_uncertain
2021-07-08T09:13:53.972213Z,2021,7,8,65.888500,22.063300,5.0,0,3.0,1,mainland
2021-07-08T09:13:53.975802Z,2021,7,8,65.887400,22.054200,5.0,0,5.8,1,coast_uncertain
2021-07-08T09:13:53.982600Z,2021,7,8,65.882400,22.089000,10.0,0,14.5,1,coast_uncertain
2021-07-08T09:14:03.179137Z,2021,7,8,65.715700,21.882300,6.0,0,3.0,1,mainland
2021-07-08T09:14:17.622541Z,2021,7,8,65.940900,22.015000,-10.0,0,6.6,1,mainland
2021-07-08T09:14:17.690193Z,2021,7,8,65.922700,22.062900,-9.0,0,14.5,1,mainland
2021-07-08T09:14:18.365561Z,2021,7,8,65.896200,22.090500,6.0,0,16.1,1,mainland
2021-07-08T09:14:24.924855Z,2021,7,8,65.900000,22.044300,5.0,0,12.5,1,mainland
2021-07-08T09:14:29.787190Z,2021,7,8,65.896200,22.074700,6.0,0,6.3,1,mainland
2021-07-08T09:14:39.072904Z,2021,7,8,65.891100,22.073700,11.0,0,4.5,1,mainland
2021-07-08T09:14:39.075159Z,2021,7,8,65.966000,21.924900,5.0,0,2.4,1,coast_uncertain
2021-07-08T09:14:39.100052Z,2021,7,8,65.882500,22.101200,14.0,0,12.0,1,coast_uncertain
2021-07-08T09:14:46.952598Z,2021,7,8,65.892000,22.066900,10.0,0,25.4,1,mainland
2021-07-08T09:14:46.973346Z,2021,7,8,65.894100,22.069000,6.0,0,11.9,1,mainland
2021-07-08T09:14:52.235418Z,2021,7,8,65.888900,22.060800,6.0,0,6.7,1,mainland
2021-07-08T09:15:01.321117Z,2021,7,8,65.906200,22.055100,19.0,0,8.3,1,mainland
2021-07-08T09:15:01.321118Z,2021,7,8,65.925900,22.028200,16.0,0,9.9,1,mainland
2021-07-08T09:15:01.322671Z,2021,7,8,65.911700,22.025100,7.0,0,8.9,1,coast_uncertain
2021-07-08T09:15:06.374248Z,2021,7,8,65.630100,21.612500,13.0,0,3.7,1,coast_uncertain
2021-07-08T09:15:07.482180Z,2021,7,8,65.992800,22.122600,12.0,0,15.3,1,mainland
2021-07-08T09:15:07.482188Z,2021,7,8,65.804700,22.221200,17.0,0,16.0,1,coast_uncertain
2021-07-08T09:15:07.580025Z,2021,7,8,65.705900,21.817400,9.0,0,6.2,1,coast_uncertain
2021-07-08T09:15:07.580763Z,2021,7,8,65.677800,21.883300,-9.0,0,13.0,1,mainland
2021-07-08T09:15:11.768776Z,2021,7,8,65.887700,22.106800,6.0,0,4.4,1,mainland
2021-07-08T09:15:18.986964Z,2021,7,8,65.892800,22.104100,9.0,0,29.2,1,mainland
2021-07-08T09:15:18.986998Z,2021,7,8,65.884300,22.092200,-18.0,0,16.6,1,coast_uncertain
2021-07-08T09:15:25.201864Z,2021,7,8,65.912500,22.081800,9.0,0,25.7,1,coast_uncertain
2021-07-08T09:15:25.204241Z,2021,7,8,65.901100,22.168600,6.0,0,21.7,1,mainland
2021-07-08T09:15:25.216207Z,2021,7,8,65.902800,22.100400,8.0,0,9.1,1,mainland
2021-07-08T09:15:25.466643Z,2021,7,8,65.887300,22.102000,7.0,0,14.7,1,coast_uncertain
2021-07-08T09:15:25.520839Z,2021,7,8,65.890800,22.090200,5.0,0,10.6,1,mainland
2021-07-08T09:15:31.279124Z,2021,7,8,65.873600,22.104700,5.0,0,18.2,1,mainland
2021-07-08T09:15:31.280185Z,2021,7,8,65.894300,22.137600,13.0,0,27.5,1,mainland
2021-07-08T09:15:34.363138Z,2021,7,8,65.684600,21.764600,5.0,0,2.9,1,mainland
2021-07-08T09:15:36.640769Z,2021,7,8,65.631700,21.672000,5.0,0,11.4,1,mainland
2021-07-08T09:15:50.877535Z,2021,7,8,65.887400,22.071600,6.0,0,5.6,1,mainland
2021-07-08T09:15:50.891511Z,2021,7,8,65.892600,22.074800,6.0,0,7.6,1,mainland
2021-07-08T09:15:58.250291Z,2021,7,8,65.919200,22.176200,7.0,0,4.8,1,coast_uncertain
2021-07-08T09:15:58.250297Z,2021,7,8,65.871200,22.201400,-11.0,0,25.6,1,mainland
2021-07-08T09:15:58.266751Z,2021,7,8,65.876200,22.093400,5.0,0,9.9,1,mainland
2021-07-08T09:15:59.175516Z,2021,7,8,65.947300,22.008100,-19.0,0,14.8,1,mainland
2021-07-08T09:15:59.441413Z,2021,7,8,65.947500,22.082600,-28.0,0,17.4,1,mainland
2021-07-08T09:16:10.391213Z,2021,7,8,65.897800,22.209800,6.0,0,5.5,1,coast_uncertain
2021-07-08T09:16:10.404537Z,2021,7,8,65.893600,22.066600,5.0,0,6.4,1,mainland
2021-07-08T09:16:25.313081Z,2021,7,8,65.894500,22.097000,15.0,0,18.6,1,mainland
2021-07-08T09:16:25.315589Z,2021,7,8,65.892800,22.100600,6.0,0,5.7,1,mainland
2021-07-08T09:16:25.329874Z,2021,7,8,65.893700,22.070300,5.0,0,12.2,1,mainland
2021-07-08T09:16:25.632416Z,2021,7,8,65.914700,22.167300,-5.0,0,3.3,1,coast_uncertain
2021-07-08T09:16:25.636347Z,2021,7,8,65.923600,22.076900,6.0,0,10.8,1,coast_uncertain
2021-07-08T09:16:25.922554Z,2021,7,8,65.613500,21.513900,6.0,0,4.1,1,coast_uncertain
2021-07-08T09:16:25.924014Z,2021,7,8,65.592600,21.530500,11.0,0,12.6,1,coast_uncertain
2021-07-08T09:16:26.185647Z,2021,7,8,65.997200,22.155900,-10.0,0,16.8,1,coast_uncertain
2021-07-08T09:16:26.191576Z,2021,7,8,65.982400,22.259500,-7.0,0,6.1,1,coast_uncertain
2021-07-08T09:16:33.512842Z,2021,7,8,65.901300,22.056400,6.0,0,7.4,1,mainland
2021-07-08T09:16:33.513782Z,2021,7,8,65.900600,22.081400,6.0,0,2.6,1,mainland
2021-07-08T09:16:33.559202Z,2021,7,8,65.893000,22.102800,8.0,0,4.2,1,mainland
2021-07-08T09:16:33.566096Z,2021,7,8,65.886100,22.125900,5.0,0,6.6,1,coast_uncertain
2021-07-08T09:16:41.980825Z,2021,7,8,65.912000,22.206200,6.0,0,13.7,1,mainland
2021-07-08T09:16:41.994273Z,2021,7,8,65.893800,22.111100,6.0,0,3.1,1,mainland
2021-07-08T09:16:42.010705Z,2021,7,8,65.900600,22.087300,5.0,0,6.2,1,mainland
2021-07-08T09:16:42.772862Z,2021,7,8,65.964300,22.195800,5.0,0,10.1,1,coast_uncertain
2021-07-08T09:16:52.372068Z,2021,7,8,65.912400,22.054600,-32.0,0,12.6,1,mainland
2021-07-08T09:16:52.426996Z,2021,7,8,65.913700,22.182500,-6.0,0,27.4,1,coast_uncertain
2021-07-08T09:16:52.458995Z,2021,7,8,65.926900,22.088200,-14.0,0,7.4,1,coast_uncertain
2021-07-08T09:17:00.560433Z,2021,7,8,65.903900,22.208800,8.0,0,22.5,1,coast_uncertain
2021-07-08T09:17:00.562829Z,2021,7,8,65.911600,22.026800,6.0,0,8.1,1,coast_uncertain
2021-07-08T09:17:00.592371Z,2021,7,8,65.904700,22.069800,7.0,0,4.9,1,mainland
2021-07-08T09:17:10.209079Z,2021,7,8,65.909400,22.062400,7.0,0,9.7,1,mainland
2021-07-08T09:17:10.209952Z,2021,7,8,65.907200,22.158100,10.0,0,19.0,1,mainland
2021-07-08T09:17:16.330998Z,2021,7,8,65.836700,22.079500,6.0,0,3.6,1,mainland
2021-07-08T09:17:21.693940Z,2021,7,8,65.913500,22.099200,7.0,0,3.8,1,coast_uncertain
2021-07-08T09:17:39.614306Z,2021,7,8,65.671200,21.831000,-5.0,0,4.2,1,coast_uncertain
2021-07-08T09:17:39.651452Z,2021,7,8,65.681100,21.846200,-8.0,0,3.8,1,mainland
2021-07-08T09:17:41.616714Z,2021,7,8,65.912100,22.091500,5.0,0,2.9,1,coast_uncertain
2021-07-08T09:17:41.672571Z,2021,7,8,65.903400,22.122200,8.0,0,13.1,1,coast_uncertain
2021-07-08T09:17:48.310938Z,2021,7,8,65.892100,22.135500,8.0,0,6.6,1,coast_uncertain
2021-07-08T09:17:53.518180Z,2021,7,8,65.889300,22.053100,7.0,0,22.1,1,coast_uncertain
2021-07-08T09:17:56.858035Z,2021,7,8,65.894600,22.105600,7.0,0,6.9,1,mainland
2021-07-08T09:17:56.867866Z,2021,7,8,65.897900,22.118000,6.0,0,3.8,1,coast_uncertain
2021-07-08T09:17:56.882364Z,2021,7,8,65.895800,22.143800,7.0,0,6.0,1,mainland
2021-07-08T09:18:06.017713Z,2021,7,8,65.822400,22.188200,-6.0,0,9.7,1,coast_uncertain
2021-07-08T09:18:06.702175Z,2021,7,8,65.837400,22.067900,-6.0,0,4.3,1,mainland
2021-07-08T09:18:07.038324Z,2021,7,8,65.863900,22.179900,-6.0,0,2.9,1,mainland
2021-07-08T09:18:07.038792Z,2021,7,8,65.920600,22.151800,-10.0,0,7.6,1,coast_uncertain
2021-07-08T09:18:08.035851Z,2021,7,8,65.663500,21.737300,6.0,0,3.0,1,coast_uncertain
2021-07-08T09:18:08.042735Z,2021,7,8,65.638300,21.846300,6.0,0,3.0,1,mainland
2021-07-08T09:18:11.503504Z,2021,7,8,65.984400,22.249900,-61.0,0,19.4,1,coast_uncertain
2021-07-08T09:18:11.537812Z,2021,7,8,65.986200,22.250600,-24.0,0,10.6,1,coast_uncertain
2021-07-08T09:18:19.833005Z,2021,7,8,65.652000,21.895300,-7.0,0,10.8,1,coast_uncertain
2021-07-08T09:18:19.842442Z,2021,7,8,65.661700,21.761000,7.0,0,7.4,1,mainland
2021-07-08T09:18:20.133962Z,2021,7,8,65.664400,21.778900,6.0,0,4.6,1,mainland
2021-07-08T09:18:30.437278Z,2021,7,8,65.645800,21.806100,9.0,0,30.4,1,mainland
2021-07-08T09:18:30.492508Z,2021,7,8,65.945500,22.068000,-6.0,0,3.7,1,coast_uncertain
2021-07-08T09:18:37.006818Z,2021,7,8,65.893300,22.140900,-8.0,0,2.7,1,mainland
2021-07-08T09:18:40.501758Z,2021,7,8,65.686100,21.814300,-7.0,0,3.1,1,coast_uncertain
2021-07-08T09:18:40.538460Z,2021,7,8,65.681800,21.818000,-6.0,0,5.2,1,coast_uncertain
2021-07-08T09:18:40.921895Z,2021,7,8,65.676500,21.822500,-6.0,0,4.4,1,coast_uncertain
2021-07-08T09:18:46.454344Z,2021,7,8,65.935900,22.254600,-7.0,0,11.1,1,coast_uncertain
2021-07-08T09:18:46.606606Z,2021,7,8,65.933400,22.234000,-5.0,0,4.1,1,coast_uncertain
2021-07-08T09:18:47.008633Z,2021,7,8,65.916900,22.281900,-8.0,0,5.5,1,coast_uncertain
2021-07-08T09:18:55.097884Z,2021,7,8,65.848400,22.513700,7.0,0,27.9,1,coast_uncertain
2021-07-08T09:19:02.840013Z,2021,7,8,65.888800,22.183900,13.0,0,6.1,1,mainland
2021-07-08T09:19:02.842663Z,2021,7,8,65.885800,22.170100,8.0,0,4.3,1,mainland
2021-07-08T09:19:03.312057Z,2021,7,8,65.649800,21.757200,7.0,0,3.5,1,coast_uncertain
2021-07-08T09:19:10.087781Z,2021,7,8,65.903700,22.129400,7.0,0,2.1,1,coast_uncertain
2021-07-08T09:19:26.795222Z,2021,7,8,66.079400,22.322900,5.0,0,7.4,1,mainland
2021-07-08T09:19:26.796069Z,2021,7,8,65.889100,22.482200,5.0,0,8.3,1,coast_uncertain
2021-07-08T09:20:07.417711Z,2021,7,8,65.661200,21.776000,4.0,0,3.7,1,mainland
2021-07-08T09:20:12.141755Z,2021,7,8,65.907500,22.181900,6.0,0,22.8,1,coast_uncertain
2021-07-08T09:20:12.155058Z,2021,7,8,65.904600,22.126100,5.0,0,3.1,1,coast_uncertain
2021-07-08T09:20:18.073169Z,2021,7,8,65.807800,22.164600,-7.0,0,9.1,1,mainland
2021-07-08T09:20:21.546190Z,2021,7,8,65.690800,21.573500,-49.0,0,15.3,1,coast_uncertain
2021-07-08T09:20:21.570937Z,2021,7,8,65.686700,21.568500,-17.0,0,6.2,1,coast_uncertain
2021-07-08T09:20:21.655510Z,2021,7,8,65.687000,21.573500,-17.0,0,4.9,1,coast_uncertain
2021-07-08T09:20:21.710096Z,2021,7,8,65.926500,22.280200,-12.0,0,6.1,1,coast_uncertain
2021-07-08T09:20:21.710825Z,2021,7,8,65.692700,21.578500,-32.0,0,8.3,1,coast_uncertain
2021-07-08T09:20:21.759380Z,2021,7,8,65.933400,22.251500,-9.0,0,7.0,1,coast_uncertain
2021-07-08T09:20:21.785545Z,2021,7,8,65.939700,22.189500,-7.0,0,4.9,1,mainland
2021-07-08T09:20:21.816953Z,2021,7,8,65.624900,21.571800,-5.0,0,8.8,1,mainland
2021-07-08T09:20:21.823440Z,2021,7,8,65.922400,22.301900,-8.0,0,5.0,1,mainland
2021-07-08T09:20:31.803551Z,2021,7,8,65.683600,21.839900,-5.0,0,5.4,1,coast_uncertain
2021-07-08T09:20:31.837411Z,2021,7,8,65.690400,21.855400,-6.0,0,5.4,1,mainland
2021-07-08T09:20:31.959138Z,2021,7,8,65.669500,21.762600,-7.0,0,3.1,1,mainland
2021-07-08T09:20:32.022440Z,2021,7,8,65.694500,21.902800,-7.0,0,5.7,1,mainland
2021-07-08T09:20:32.101150Z,2021,7,8,65.698400,21.876900,-6.0,0,4.4,1,mainland
2021-07-08T09:20:32.780160Z,2021,7,8,65.936300,22.158300,26.0,0,20.3,1,coast_uncertain
2021-07-08T09:20:32.791300Z,2021,7,8,65.917900,22.270400,4.0,0,8.5,1,coast_uncertain
2021-07-08T09:20:32.793927Z,2021,7,8,65.926000,22.252300,4.0,0,19.4,1,coast_uncertain
2021-07-08T09:20:33.375137Z,2021,7,8,65.934700,22.147000,7.0,0,4.3,1,coast_uncertain
2021-07-08T09:20:49.744315Z,2021,7,8,65.659500,21.782300,6.0,0,2.5,1,mainland
2021-07-08T09:20:49.746552Z,2021,7,8,65.646200,21.813900,4.0,0,4.4,1,mainland
2021-07-08T09:21:00.068178Z,2021,7,8,65.908100,22.160900,7.0,0,12.3,1,mainland
2021-07-08T09:21:13.160554Z,2021,7,8,65.515700,21.662300,7.0,0,7.6,1,mainland
2021-07-08T09:21:37.902691Z,2021,7,8,65.905700,22.199800,-13.0,0,14.5,1,coast_uncertain
2021-07-08T09:21:37.925255Z,2021,7,8,65.932200,22.169200,-6.0,0,5.4,1,coast_uncertain
2021-07-08T09:21:38.351057Z,2021,7,8,65.975500,22.215500,5.0,0,8.9,1,coast_uncertain
2021-07-08T09:21:38.362683Z,2021,7,8,65.989900,22.220200,-8.0,0,11.9,1,mainland
2021-07-08T09:21:38.874713Z,2021,7,8,65.666900,21.797400,7.0,0,3.3,1,mainland
2021-07-08T09:21:57.306332Z,2021,7,8,65.850400,22.133400,6.0,0,6.8,1,mainland
2021-07-08T09:21:57.508222Z,2021,7,8,65.673100,21.799900,-9.0,0,4.2,1,coast_uncertain
2021-07-08T09:22:06.321520Z,2021,7,8,65.910600,22.246600,4.0,0,10.8,1,mainland
2021-07-08T09:22:06.322843Z,2021,7,8,65.899200,22.340400,7.0,0,23.1,1,mainland
2021-07-08T09:22:06.326670Z,2021,7,8,65.907700,22.172700,5.0,0,7.3,1,coast_uncertain
2021-07-08T09:22:15.461261Z,2021,7,8,65.897400,22.087600,12.0,0,30.4,1,mainland
2021-07-08T09:22:15.586450Z,2021,7,8,65.646800,21.784200,11.0,0,11.6,1,mainland
2021-07-08T09:22:15.824818Z,2021,7,8,65.933600,22.221100,-10.0,0,5.4,1,mainland
2021-07-08T09:22:15.904687Z,2021,7,8,65.969400,22.307200,-6.0,0,8.0,1,coast_uncertain
2021-07-08T09:22:28.185087Z,2021,7,8,65.899000,22.192600,-7.0,0,3.1,1,coast_uncertain
2021-07-08T09:22:28.213808Z,2021,7,8,65.623700,21.819200,5.0,0,8.1,1,coast_uncertain
2021-07-08T09:22:28.531549Z,2021,7,8,65.893800,22.199600,-14.0,0,4.4,1,coast_uncertain
2021-07-08T09:22:31.486252Z,2021,7,8,66.038500,22.327500,7.0,0,5.5,1,coast_uncertain
2021-07-08T09:22:39.353664Z,2021,7,8,65.826400,22.046700,6.0,0,5.8,1,coast_uncertain
2021-07-08T09:22:43.322718Z,2021,7,8,65.918800,22.417000,5.0,0,27.7,1,coast_uncertain
2021-07-08T09:22:51.805965Z,2021,7,8,65.667900,21.823300,9.0,0,14.9,1,coast_uncertain
2021-07-08T09:23:01.455940Z,2021,7,8,65.507200,21.713700,7.0,0,3.9,1,mainland
2021-07-08T09:23:01.473878Z,2021,7,8,65.468100,21.937700,17.0,0,30.4,1,mainland
2021-07-08T09:23:01.481107Z,2021,7,8,65.606900,21.809600,5.0,0,13.0,1,coast_uncertain
2021-07-08T09:23:07.540927Z,2021,7,8,65.665600,21.803500,-17.0,0,7.2,1,mainland
2021-07-08T09:23:07.666897Z,2021,7,8,65.668100,21.827500,-36.0,0,9.7,1,coast_uncertain
2021-07-08T09:23:07.719724Z,2021,7,8,65.667100,21.809700,-6.0,0,2.7,1,mainland
2021-07-08T09:23:09.262364Z,2021,7,8,65.849600,22.190600,6.0,0,1.9,1,mainland
2021-07-08T09:23:23.869532Z,2021,7,8,65.963200,22.261400,-17.0,0,6.3,1,coast_uncertain
2021-07-08T09:23:23.909596Z,2021,7,8,65.948000,22.260400,-18.0,0,5.5,1,mainland
2021-07-08T09:23:23.923243Z,2021,7,8,65.513500,21.692800,11.0,0,5.2,1,mainland
2021-07-08T09:23:23.923247Z,2021,7,8,65.541000,21.664900,10.0,0,6.4,1,mainland
2021-07-08T09:23:23.950307Z,2021,7,8,65.490500,21.755800,6.0,0,30.4,1,mainland
2021-07-08T09:23:23.950338Z,2021,7,8,65.522600,21.727500,-22.0,0,20.7,1,mainland
2021-07-08T09:23:23.956465Z,2021,7,8,65.954400,22.317000,-8.0,0,3.5,1,mainland
2021-07-08T09:23:23.986961Z,2021,7,8,65.931000,22.306800,-5.0,0,6.2,1,mainland
2021-07-08T09:23:24.269981Z,2021,7,8,65.924300,22.300300,-6.0,0,6.8,1,mainland
2021-07-08T09:23:33.290686Z,2021,7,8,65.906800,22.315000,-5.0,0,8.8,1,mainland
2021-07-08T09:23:37.099931Z,2021,7,8,65.694200,22.022900,5.0,0,9.4,1,coast_uncertain
2021-07-08T09:23:37.099952Z,2021,7,8,65.683300,21.958700,-10.0,0,10.0,1,mainland
2021-07-08T09:23:37.101981Z,2021,7,8,65.689000,21.921600,4.0,0,8.2,1,mainland
2021-07-08T09:23:37.566952Z,2021,7,8,65.827500,22.142800,6.0,0,5.7,1,mainland
2021-07-08T09:23:46.948899Z,2021,7,8,65.819400,22.101500,6.0,0,3.0,1,coast_uncertain
2021-07-08T09:23:47.330971Z,2021,7,8,65.929400,22.259900,7.0,0,15.4,1,coast_uncertain
2021-07-08T09:23:47.331009Z,2021,7,8,65.919600,22.225600,-9.0,0,12.3,1,mainland
2021-07-08T09:23:47.334097Z,2021,7,8,65.929000,22.180900,8.0,0,12.8,1,coast_uncertain
2021-07-08T09:23:53.130950Z,2021,7,8,65.522700,21.779900,-20.0,0,17.3,1,mainland
2021-07-08T09:23:57.518353Z,2021,7,8,65.835100,22.108200,6.0,0,3.3,1,mainland
2021-07-08T09:24:08.107446Z,2021,7,8,65.943100,22.304200,-10.0,0,8.6,1,mainland
2021-07-08T09:24:08.109311Z,2021,7,8,65.916500,22.275700,9.0,0,28.5,1,coast_uncertain
2021-07-08T09:24:10.525864Z,2021,7,8,65.830900,22.125300,-8.0,0,6.1,1,mainland
2021-07-08T09:24:19.808745Z,2021,7,8,65.778100,22.096800,5.0,0,2.3,1,coast_uncertain
2021-07-08T09:24:20.391014Z,2021,7,8,65.421900,22.528000,3.0,0,14.4,1,sea
2021-07-08T09:24:20.391131Z,2021,7,8,65.666800,21.838200,-7.0,0,4.9,1,coast_uncertain
2021-07-08T09:24:20.993903Z,2021,7,8,65.836700,22.184600,9.0,0,13.4,1,coast_uncertain
2021-07-08T09:24:24.771354Z,2021,7,8,65.668200,21.753800,-26.0,0,7.0,1,coast_uncertain
2021-07-08T09:24:24.832343Z,2021,7,8,65.877100,22.113300,6.0,0,9.5,1,coast_uncertain
2021-07-08T09:24:26.843247Z,2021,7,8,65.517800,21.651700,7.0,0,2.6,1,mainland
2021-07-08T09:24:26.843686Z,2021,7,8,65.522300,21.673100,12.0,0,9.5,1,coast_uncertain
2021-07-08T09:24:26.844576Z,2021,7,8,65.515700,21.668300,7.0,0,3.8,1,mainland
2021-07-08T09:24:26.845661Z,2021,7,8,65.519800,21.681800,5.0,0,30.3,1,coast_uncertain
2021-07-08T09:24:26.845692Z,2021,7,8,65.508400,21.788600,-11.0,0,15.6,1,mainland
2021-07-08T09:24:30.745565Z,2021,7,8,66.037200,22.076900,-38.0,0,23.1,1,coast_uncertain
2021-07-08T09:24:37.160795Z,2021,7,8,65.812100,22.130900,7.0,0,5.8,1,mainland
2021-07-08T09:24:37.290237Z,2021,7,8,65.838900,22.058900,5.0,0,20.7,1,mainland
2021-07-08T09:24:39.028731Z,2021,7,8,65.830000,22.087300,-6.0,0,12.9,1,mainland
2021-07-08T09:24:41.269399Z,2021,7,8,66.080000,22.389900,7.0,0,5.2,1,mainland
2021-07-08T09:24:43.280384Z,2021,7,8,65.937100,22.236100,-6.0,0,3.1,1,coast_uncertain
2021-07-08T09:24:43.280740Z,2021,7,8,65.926300,22.243200,-10.0,0,4.3,1,coast_uncertain
2021-07-08T09:24:43.281952Z,2021,7,8,65.948800,22.299200,-13.0,0,27.4,1,mainland
2021-07-08T09:24:45.224799Z,2021,7,8,65.822100,22.180900,15.0,0,11.1,1,coast_uncertain
2021-07-08T09:25:00.784476Z,2021,7,8,65.525400,21.666900,6.0,0,2.7,1,coast_uncertain
2021-07-08T09:25:00.785237Z,2021,7,8,65.526500,21.642600,17.0,0,15.9,1,coast_uncertain
2021-07-08T09:25:03.168111Z,2021,7,8,65.708400,21.978900,7.0,0,3.1,1,coast_uncertain
2021-07-08T09:25:05.699989Z,2021,7,8,65.929800,22.281700,6.0,0,15.0,1,mainland
2021-07-08T09:25:14.351388Z,2021,7,8,65.683700,21.839200,6.0,0,2.9,1,coast_uncertain
2021-07-08T09:25:23.166871Z,2021,7,8,65.840000,22.115900,7.0,0,7.0,1,mainland
2021-07-08T09:25:36.901620Z,2021,7,8,66.052100,22.434900,7.0,0,2.3,1,mainland
2021-07-08T09:25:45.621497Z,2021,7,8,65.519100,21.683900,-23.0,0,11.4,1,coast_uncertain
2021-07-08T09:25:45.621508Z,2021,7,8,65.440200,21.886300,18.0,0,15.0,1,coast_uncertain
2021-07-08T09:25:45.647454Z,2021,7,8,65.512100,21.711700,4.0,0,3.8,1,mainland
2021-07-08T09:25:51.913103Z,2021,7,8,65.888200,22.117700,-5.0,0,4.9,1,mainland
2021-07-08T09:25:53.269444Z,2021,7,8,65.657500,21.833800,5.0,0,30.4,1,coast_uncertain
2021-07-08T09:25:53.269468Z,2021,7,8,65.630500,21.940000,-9.0,0,20.1,1,coast_uncertain
2021-07-08T09:26:01.039006Z,2021,7,8,65.709000,21.829300,8.0,0,8.9,1,coast_uncertain
2021-07-08T09:26:03.083751Z,2021,7,8,65.782300,22.129000,11.0,0,8.3,1,coast_uncertain
2021-07-08T09:26:07.979443Z,2021,7,8,65.616800,21.861200,6.0,0,3.7,1,coast_uncertain
2021-07-08T09:26:12.764795Z,2021,7,8,65.828500,22.186200,9.0,0,19.0,1,coast_uncertain
2021-07-08T09:26:13.164040Z,2021,7,8,65.931400,22.203300,6.0,0,4.1,1,coast_uncertain
2021-07-08T09:26:13.166487Z,2021,7,8,65.935000,22.227600,7.0,0,5.5,1,mainland
2021-07-08T09:26:13.167341Z,2021,7,8,65.935100,22.249300,8.0,0,12.6,1,coast_uncertain
2021-07-08T09:26:13.537426Z,2021,7,8,65.932300,22.241100,6.0,0,2.0,1,coast_uncertain
2021-07-08T09:26:16.642426Z,2021,7,8,65.839600,22.192800,7.0,0,2.1,1,coast_uncertain
2021-07-08T09:26:18.919541Z,2021,7,8,65.502200,21.799000,10.0,0,6.1,1,mainland
2021-07-08T09:26:18.928810Z,2021,7,8,65.506000,21.727300,6.0,0,21.3,1,mainland
2021-07-08T09:26:21.782225Z,2021,7,8,65.863600,22.247200,4.0,0,30.4,1,coast_uncertain
2021-07-08T09:26:31.856773Z,2021,7,8,65.781700,22.250400,5.0,0,26.9,1,mainland
2021-07-08T09:26:35.385783Z,2021,7,8,65.958900,22.287500,-6.0,0,6.3,1,mainland
2021-07-08T09:26:38.761125Z,2021,7,8,65.838300,22.142100,9.0,0,8.7,1,mainland
2021-07-08T09:26:43.238008Z,2021,7,8,65.788000,22.083500,11.0,0,10.1,1,coast_uncertain
2021-07-08T09:26:55.024302Z,2021,7,8,65.853500,22.174300,-7.0,0,4.9,1,coast_uncertain
2021-07-08T09:26:55.102712Z,2021,7,8,65.886600,22.134700,-7.0,0,3.7,1,coast_uncertain
2021-07-08T09:26:55.274235Z,2021,7,8,65.866800,22.170200,-8.0,0,3.3,1,mainland
2021-07-08T09:26:55.350002Z,2021,7,8,65.862600,22.169700,-18.0,0,4.3,1,coast_uncertain
2021-07-08T09:26:55.411677Z,2021,7,8,65.862500,22.168100,-22.0,0,8.1,1,coast_uncertain
2021-07-08T09:26:55.497547Z,2021,7,8,65.864900,22.164200,-21.0,0,5.0,1,coast_uncertain
2021-07-08T09:26:55.556655Z,2021,7,8,65.864300,22.163200,-5.0,0,2.7,1,coast_uncertain
2021-07-08T09:27:05.491666Z,2021,7,8,65.789900,22.130600,6.0,0,5.6,1,coast_uncertain
2021-07-08T09:27:05.493347Z,2021,7,8,65.794600,22.120100,9.0,0,7.4,1,mainland
2021-07-08T09:27:10.967252Z,2021,7,8,65.944800,22.244100,9.0,0,15.3,1,mainland
2021-07-08T09:27:10.967932Z,2021,7,8,65.938400,22.313900,8.0,0,4.8,1,mainland
2021-07-08T09:27:19.363526Z,2021,7,8,65.776100,22.110500,6.0,0,8.8,1,inland_water
2021-07-08T09:27:48.207950Z,2021,7,8,65.667200,21.847700,5.0,0,3.6,1,coast_uncertain
2021-07-08T09:27:49.134816Z,2021,7,8,66.023100,22.461600,5.0,0,21.0,1,mainland
2021-07-08T09:27:57.635389Z,2021,7,8,65.650900,21.890200,5.0,0,19.3,1,coast_uncertain
2021-07-08T09:28:11.627325Z,2021,7,8,65.614800,22.153500,-8.0,0,9.5,1,coast_uncertain
2021-07-08T09:28:12.377042Z,2021,7,8,65.943900,22.281400,6.0,0,7.6,1,mainland
2021-07-08T09:28:12.634225Z,2021,7,8,65.957200,22.118300,-8.0,0,13.9,1,mainland
2021-07-08T09:28:12.648968Z,2021,7,8,65.931200,22.138600,5.0,0,10.8,1,coast_uncertain
2021-07-08T09:28:20.108328Z,2021,7,8,65.792900,22.129500,5.0,0,9.3,1,mainland
2021-07-08T09:28:35.959982Z,2021,7,8,65.677100,21.849700,7.0,0,4.3,1,mainland
2021-07-08T09:28:42.729637Z,2021,7,8,65.783100,22.176200,5.0,0,8.9,1,mainland
2021-07-08T09:28:46.989045Z,2021,7,8,65.935000,22.261300,5.0,0,3.2,1,coast_uncertain
2021-07-08T09:28:46.989678Z,2021,7,8,65.934800,22.280000,6.0,0,6.1,1,mainland
2021-07-08T09:28:46.991808Z,2021,7,8,65.918200,22.355300,5.0,0,11.9,1,coast_uncertain
2021-07-08T09:28:46.992727Z,2021,7,8,65.941200,22.301900,7.0,0,9.9,1,mainland
2021-07-08T09:29:06.762436Z,2021,7,8,65.807000,22.189000,-5.0,0,13.8,1,coast_uncertain
2021-07-08T09:29:08.888015Z,2021,7,8,65.844900,22.117800,9.0,0,2.7,1,mainland
2021-07-08T09:29:10.995850Z,2021,7,8,65.779900,22.191900,10.0,0,3.2,1,coast_uncertain
2021-07-08T09:29:15.420495Z,2021,7,8,65.968900,22.341400,6.0,0,11.4,1,mainland
2021-07-08T09:29:15.420506Z,2021,7,8,65.964400,22.374500,-24.0,0,14.2,1,coast_uncertain
2021-07-08T09:29:35.884934Z,2021,7,8,65.669700,21.877200,8.0,0,4.3,1,coast_uncertain
2021-07-08T09:29:35.885989Z,2021,7,8,65.677500,21.864500,6.0,0,3.8,1,mainland
2021-07-08T09:29:51.964515Z,2021,7,8,65.815500,22.157700,-5.0,0,3.6,1,mainland
2021-07-08T09:29:51.995208Z,2021,7,8,65.833800,22.169700,-6.0,0,3.2,1,mainland
2021-07-08T09:29:52.034959Z,2021,7,8,65.827400,22.151400,-11.0,0,5.8,1,mainland
2021-07-08T09:29:52.129017Z,2021,7,8,65.849000,22.181500,-6.0,0,2.9,1,coast_uncertain
2021-07-08T09:29:52.648935Z,2021,7,8,65.918500,22.257500,-5.0,0,3.6,1,coast_uncertain
2021-07-08T09:29:52.961377Z,2021,7,8,66.035200,22.323200,13.0,0,6.1,1,coast_uncertain
2021-07-08T09:29:52.962752Z,2021,7,8,66.027900,22.375700,8.0,0,9.1,1,mainland
2021-07-08T09:29:52.969509Z,2021,7,8,66.021900,22.239000,-6.0,0,13.9,1,mainland
2021-07-08T09:29:59.042202Z,2021,7,8,65.670600,21.889200,6.0,0,2.1,1,coast_uncertain
2021-07-08T09:30:03.452555Z,2021,7,8,65.794000,22.188900,6.0,0,1.8,1,coast_uncertain
2021-07-08T09:30:08.301028Z,2021,7,8,65.875100,22.069000,-10.0,0,3.1,1,mainland
2021-07-08T09:30:22.128727Z,2021,7,8,65.793700,22.047400,6.0,0,16.0,1,coast_uncertain
2021-07-08T09:30:38.052036Z,2021,7,8,65.933800,22.137800,-16.0,0,7.9,1,coast_uncertain
2021-07-08T09:30:38.084973Z,2021,7,8,65.937200,22.119100,-6.0,0,3.5,1,coast_uncertain
2021-07-08T09:30:44.179143Z,2021,7,8,65.804700,22.218800,7.0,0,30.4,1,coast_uncertain
2021-07-08T09:30:45.182813Z,2021,7,8,65.689400,21.901900,-12.0,0,6.0,1,mainland
2021-07-08T09:30:47.358899Z,2021,7,8,65.794700,22.174200,8.0,0,5.0,1,mainland
2021-07-08T09:30:54.553528Z,2021,7,8,65.961000,22.312400,5.0,0,2.6,1,mainland
2021-07-08T09:30:54.554052Z,2021,7,8,65.957800,22.362700,-21.0,0,16.8,1,coast_uncertain
2021-07-08T09:30:54.555157Z,2021,7,8,65.940800,22.444700,-8.0,0,12.8,1,coast_uncertain
2021-07-08T09:30:57.309429Z,2021,7,8,65.799100,22.185300,6.0,0,5.6,1,mainland
2021-07-08T09:31:11.208874Z,2021,7,8,65.788400,22.183200,6.0,0,3.5,1,mainland
2021-07-08T09:31:12.954374Z,2021,7,8,65.675500,21.908900,6.0,0,2.1,1,mainland
2021-07-08T09:31:13.649711Z,2021,7,8,65.801700,22.244700,5.0,0,16.1,1,mainland
2021-07-08T09:31:37.512333Z,2021,7,8,65.805500,22.231900,5.0,0,2.7,1,coast_uncertain
2021-07-08T09:31:39.447091Z,2021,7,8,65.956200,22.345000,5.0,0,2.4,1,mainland
2021-07-08T09:31:54.527805Z,2021,7,8,65.797000,22.254400,5.0,0,2.7,1,mainland
2021-07-08T09:32:08.649830Z,2021,7,8,65.823300,22.338500,5.0,0,21.5,1,mainland
2021-07-08T09:32:08.649841Z,2021,7,8,65.765300,22.340800,-8.0,0,13.5,1,sea
2021-07-08T09:32:17.314649Z,2021,7,8,65.717500,21.936300,8.0,0,11.0,1,mainland
2021-07-08T09:32:17.315437Z,2021,7,8,65.728900,21.974800,7.0,0,2.7,1,mainland
2021-07-08T09:32:17.542318Z,2021,7,8,65.724300,21.978600,6.0,0,1.7,1,mainland
2021-07-08T09:32:23.502288Z,2021,7,8,65.883500,22.092800,-6.0,0,3.2,1,coast_uncertain
2021-07-08T09:32:23.519532Z,2021,7,8,65.891300,22.079000,-6.0,0,3.9,1,mainland
2021-07-08T09:32:23.548550Z,2021,7,8,65.882900,22.117500,-8.0,0,3.2,1,coast_uncertain
2021-07-08T09:32:24.014463Z,2021,7,8,65.890500,22.096500,-6.0,0,2.6,1,mainland
2021-07-08T09:32:24.049475Z,2021,7,8,65.889300,22.097500,-6.0,0,3.9,1,mainland
2021-07-08T09:32:34.006197Z,2021,7,8,65.649800,21.915600,7.0,0,3.0,1,coast_uncertain
2021-07-08T09:32:44.657523Z,2021,7,8,65.791200,22.245200,6.0,0,2.7,1,mainland
2021-07-08T09:32:44.758427Z,2021,7,8,65.849500,22.258500,-16.0,0,17.6,1,coast_uncertain
2021-07-08T09:32:46.361056Z,2021,7,8,65.704500,21.884700,6.0,0,11.6,1,mainland
2021-07-08T09:32:46.705709Z,2021,7,8,65.708300,21.846700,6.0,0,5.5,1,mainland
2021-07-08T09:32:47.805984Z,2021,7,8,65.741500,22.392800,-7.0,0,23.0,1,sea
2021-07-08T09:32:53.308357Z,2021,7,8,65.790500,22.215600,5.0,0,2.1,1,mainland
2021-07-08T09:32:54.620998Z,2021,7,8,65.651100,21.914800,6.0,0,3.1,1,coast_uncertain
2021-07-08T09:32:56.771260Z,2021,7,8,65.984300,22.317500,5.0,0,6.1,1,coast_uncertain
2021-07-08T09:32:56.772166Z,2021,7,8,65.981600,22.369200,8.0,0,11.1,1,mainland
2021-07-08T09:32:56.773019Z,2021,7,8,65.965300,22.446700,-8.0,0,15.9,1,mainland
2021-07-08T09:32:56.775071Z,2021,7,8,65.981700,22.322700,9.0,0,6.6,1,coast_uncertain
2021-07-08T09:32:56.796457Z,2021,7,8,65.977900,22.383100,5.0,0,6.9,1,mainland
2021-07-08T09:32:59.079600Z,2021,7,8,65.673100,21.978500,5.0,0,6.3,1,mainland
2021-07-08T09:33:11.802331Z,2021,7,8,65.672000,21.996000,8.0,0,2.7,1,mainland
2021-07-08T09:33:16.627012Z,2021,7,8,65.812300,22.263300,7.0,0,2.7,1,coast_uncertain
2021-07-08T09:33:16.904012Z,2021,7,8,65.822500,22.161900,-8.0,0,5.5,1,coast_uncertain
2021-07-08T09:33:30.658538Z,2021,7,8,65.640400,21.845200,5.0,0,13.8,1,mainland
2021-07-08T09:33:31.556278Z,2021,7,8,65.794200,22.177800,10.0,0,9.7,1,mainland
2021-07-08T09:33:39.611775Z,2021,7,8,65.537200,21.737800,6.0,0,6.9,1,mainland
2021-07-08T09:33:43.265156Z,2021,7,8,65.702600,21.934000,-7.0,0,3.3,1,mainland
2021-07-08T09:33:44.096980Z,2021,7,8,65.967600,22.311900,6.0,0,3.1,1,coast_uncertain
2021-07-08T09:33:44.103101Z,2021,7,8,65.962800,22.352500,5.0,0,11.6,1,coast_uncertain
2021-07-08T09:33:56.353809Z,2021,7,8,65.799800,22.282700,5.0,0,8.2,1,coast_uncertain
2021-07-08T09:34:06.951548Z,2021,7,8,65.528900,21.910900,6.0,0,8.7,1,coast_uncertain
2021-07-08T09:34:11.037308Z,2021,7,8,65.811700,22.351900,7.0,0,26.0,1,coast_uncertain
2021-07-08T09:34:11.393451Z,2021,7,8,65.671400,21.951000,6.0,0,1.3,1,mainland
2021-07-08T09:34:26.569335Z,2021,7,8,65.670300,21.962900,7.0,0,2.1,1,mainland
2021-07-08T09:34:28.036859Z,2021,7,8,65.776500,22.253700,4.0,0,3.5,1,mainland
2021-07-08T09:34:43.348331Z,2021,7,8,65.899400,22.264500,-8.0,0,3.0,1,coast_uncertain
2021-07-08T09:34:43.349739Z,2021,7,8,65.873400,22.437100,-5.0,0,3.2,1,coast_uncertain
2021-07-08T09:34:43.353719Z,2021,7,8,65.876400,22.286900,-30.0,0,14.7,1,mainland
2021-07-08T09:34:43.435629Z,2021,7,8,65.952700,22.274500,5.0,0,16.5,1,mainland
2021-07-08T09:34:43.438723Z,2021,7,8,65.943600,22.302400,5.0,0,3.1,1,mainland
2021-07-08T09:34:43.439220Z,2021,7,8,65.940300,22.292600,5.0,0,24.8,1,mainland
2021-07-08T09:34:43.455420Z,2021,7,8,65.935600,22.305600,5.0,0,11.8,1,mainland
2021-07-08T09:34:43.874025Z,2021,7,8,66.030200,22.440900,-16.0,0,9.9,1,mainland
2021-07-08T09:34:50.265038Z,2021,7,8,65.657500,22.001600,6.0,0,2.7,1,mainland
2021-07-08T09:35:03.623996Z,2021,7,8,65.512700,21.964100,9.0,0,12.5,1,coast_uncertain
2021-07-08T09:35:03.624025Z,2021,7,8,65.516600,21.883500,-20.0,0,10.6,1,coast_uncertain
2021-07-08T09:35:03.625106Z,2021,7,8,65.530500,21.907400,7.0,0,3.1,1,coast_uncertain
2021-07-08T09:35:12.665289Z,2021,7,8,65.668500,22.011400,5.0,0,13.5,1,mainland
2021-07-08T09:35:13.596811Z,2021,7,8,65.931700,22.460700,-16.0,0,15.6,1,coast_uncertain
2021-07-08T09:35:13.617516Z,2021,7,8,65.955000,22.446200,-7.0,0,4.8,1,mainland
2021-07-08T09:35:13.653824Z,2021,7,8,65.965300,22.458100,-5.0,0,4.6,1,mainland
2021-07-08T09:35:21.048717Z,2021,7,8,65.665300,21.972100,6.0,0,13.7,1,coast_uncertain
2021-07-08T09:35:21.069619Z,2021,7,8,65.677100,21.950000,7.0,0,2.4,1,mainland
2021-07-08T09:35:43.040385Z,2021,7,8,65.639800,22.072400,7.0,0,3.0,1,coast_uncertain
2021-07-08T09:35:53.864902Z,2021,7,8,65.685200,21.961400,7.0,0,6.3,1,mainland
2021-07-08T09:35:57.265887Z,2021,7,8,65.795500,22.239200,8.0,0,3.5,1,mainland
2021-07-08T09:36:00.695081Z,2021,7,8,65.993800,22.342900,10.0,0,6.2,1,mainland
2021-07-08T09:36:00.946212Z,2021,7,8,65.519600,21.945300,11.0,0,8.3,1,coast_uncertain
2021-07-08T09:36:08.164427Z,2021,7,8,65.663100,22.091000,-10.0,0,3.2,1,mainland
2021-07-08T09:36:08.165920Z,2021,7,8,65.657100,22.076800,-7.0,0,2.1,1,mainland
2021-07-08T09:36:08.211564Z,2021,7,8,65.663300,22.088400,-11.0,0,4.1,1,mainland
2021-07-08T09:36:08.291308Z,2021,7,8,65.650300,22.098700,-27.0,0,8.9,1,mainland
2021-07-08T09:36:08.291314Z,2021,7,8,65.659200,22.095500,-35.0,0,30.4,1,mainland
2021-07-08T09:36:08.435694Z,2021,7,8,65.673400,22.109400,-10.0,0,3.1,1,mainland
2021-07-08T09:36:11.105151Z,2021,7,8,65.675800,21.929400,6.0,0,4.2,1,coast_uncertain
2021-07-08T09:36:16.098735Z,2021,7,8,65.811300,22.225900,6.0,0,3.9,1,mainland
2021-07-08T09:36:29.049652Z,2021,7,8,65.668300,21.973400,6.0,0,3.6,1,coast_uncertain
2021-07-08T09:36:30.854633Z,2021,7,8,65.937300,22.431800,-7.0,0,4.6,1,coast_uncertain
2021-07-08T09:36:35.726183Z,2021,7,8,65.754800,22.006800,-9.0,0,3.3,1,mainland
2021-07-08T09:36:38.999100Z,2021,7,8,65.817900,22.378300,9.0,0,13.6,1,coast_uncertain
2021-07-08T09:36:41.525561Z,2021,7,8,65.822300,22.271400,7.0,0,2.1,1,mainland
2021-07-08T09:36:41.531189Z,2021,7,8,65.811400,22.313300,5.0,0,5.1,1,coast_uncertain
2021-07-08T09:36:44.869252Z,2021,7,8,65.821600,22.221400,7.0,0,6.7,1,mainland
2021-07-08T09:36:46.505178Z,2021,7,8,65.703900,21.795200,21.0,0,30.4,1,coast_uncertain
2021-07-08T09:36:46.505264Z,2021,7,8,65.598400,22.016800,-42.0,0,30.4,1,coast_uncertain
2021-07-08T09:36:51.430493Z,2021,7,8,65.782800,22.093300,13.0,0,25.5,1,coast_uncertain
2021-07-08T09:37:07.346548Z,2021,7,8,65.793800,22.318300,6.0,0,17.4,1,coast_uncertain
2021-07-08T09:37:18.900150Z,2021,7,8,65.651000,22.032900,6.0,0,3.0,1,mainland
2021-07-08T09:37:18.900192Z,2021,7,8,65.645900,22.040000,-6.0,0,27.7,1,mainland
2021-07-08T09:37:19.200302Z,2021,7,8,65.643500,22.034600,6.0,0,2.3,1,mainland
2021-07-08T09:37:24.365633Z,2021,7,8,65.687200,22.025100,6.0,0,2.3,1,coast_uncertain
2021-07-08T09:37:24.375905Z,2021,7,8,65.692100,21.990500,9.0,0,7.7,1,coast_uncertain
2021-07-08T09:37:30.593494Z,2021,7,8,65.655300,22.040800,6.0,0,5.4,1,mainland
2021-07-08T09:37:38.725415Z,2021,7,8,65.802700,22.271400,6.0,0,3.8,1,coast_uncertain
2021-07-08T09:37:45.297615Z,2021,7,8,65.965400,22.451600,-10.0,0,10.5,1,mainland
2021-07-08T09:37:45.343939Z,2021,7,8,65.964000,22.458000,-7.0,0,3.3,1,mainland
2021-07-08T09:37:45.380117Z,2021,7,8,65.953800,22.438700,-10.0,0,8.7,1,mainland
2021-07-08T09:37:47.826107Z,2021,7,8,65.782500,22.193100,5.0,0,17.8,1,coast_uncertain
2021-07-08T09:37:51.234821Z,2021,7,8,65.789200,22.300900,6.0,0,7.7,1,mainland
2021-07-08T09:37:52.256381Z,2021,7,8,65.694800,22.045100,7.0,0,20.4,1,mainland
2021-07-08T09:37:52.311971Z,2021,7,8,65.695300,22.026300,-10.0,0,5.4,1,coast_uncertain
2021-07-08T09:37:59.601865Z,2021,7,8,65.798200,22.287900,5.0,0,7.5,1,coast_uncertain
2021-07-08T09:38:00.539867Z,2021,7,8,65.642300,22.016200,5.0,0,5.8,1,mainland
2021-07-08T09:38:03.196721Z,2021,7,8,65.818300,22.246300,6.0,0,2.9,1,coast_uncertain
2021-07-08T09:38:07.053636Z,2021,7,8,65.794000,22.256400,5.0,0,4.3,1,mainland
2021-07-08T09:38:15.369827Z,2021,7,8,65.872800,22.314200,-5.0,0,2.1,1,coast_uncertain
2021-07-08T09:38:27.829251Z,2021,7,8,65.634900,22.039300,5.0,0,2.4,1,mainland
2021-07-08T09:38:27.830350Z,2021,7,8,65.637400,22.048600,9.0,0,5.8,1,mainland
2021-07-08T09:38:27.830395Z,2021,7,8,65.736600,22.085800,-9.0,0,15.1,1,mainland
2021-07-08T09:38:27.838220Z,2021,7,8,65.637300,22.063100,6.0,0,8.7,1,coast_uncertain
2021-07-08T09:38:29.040843Z,2021,7,8,65.516700,21.937300,9.0,0,26.0,1,coast_uncertain
2021-07-08T09:38:29.040992Z,2021,7,8,65.914500,22.521600,4.0,0,25.2,1,mainland
2021-07-08T09:38:29.041450Z,2021,7,8,65.533700,21.955000,5.0,0,17.3,1,mainland
2021-07-08T09:38:29.047454Z,2021,7,8,65.524600,21.950000,5.0,0,24.3,1,coast_uncertain
2021-07-08T09:38:29.671678Z,2021,7,8,65.527800,21.864800,-47.0,0,12.0,1,coast_uncertain
2021-07-08T09:38:29.714130Z,2021,7,8,65.521100,21.849400,-7.0,0,3.9,1,coast_uncertain
2021-07-08T09:38:31.652537Z,2021,7,8,65.691500,22.066800,6.0,0,2.5,1,mainland
2021-07-08T09:38:37.292859Z,2021,7,8,65.799700,22.295600,5.0,0,13.7,1,mainland
2021-07-08T09:38:39.576229Z,2021,7,8,65.642600,22.032100,7.0,0,12.0,1,mainland
2021-07-08T09:38:40.508634Z,2021,7,8,65.834400,22.265000,7.0,0,7.0,1,mainland
2021-07-08T09:38:43.289501Z,2021,7,8,65.812500,22.300800,5.0,0,6.0,1,coast_uncertain
2021-07-08T09:38:45.772299Z,2021,7,8,65.705400,22.083600,10.0,0,19.3,1,mainland
2021-07-08T09:38:46.613198Z,2021,7,8,65.691800,22.075000,17.0,0,11.1,1,coast_uncertain
2021-07-08T09:38:50.363935Z,2021,7,8,65.813300,22.289400,8.0,0,6.0,1,mainland
2021-07-08T09:38:50.552378Z,2021,7,8,65.827800,22.240000,6.0,0,8.0,1,mainland
2021-07-08T09:38:52.974037Z,2021,7,8,65.735700,22.368800,8.0,0,11.0,1,coast_uncertain
2021-07-08T09:39:12.058104Z,2021,7,8,65.688200,22.097800,10.0,0,6.3,1,coast_uncertain
2021-07-08T09:39:19.503972Z,2021,7,8,65.651500,22.072400,6.0,0,8.3,1,coast_uncertain
2021-07-08T09:39:19.513500Z,2021,7,8,65.651500,22.057600,6.0,0,3.5,1,coast_uncertain
2021-07-08T09:39:22.672876Z,2021,7,8,65.782200,22.037000,-6.0,0,3.0,1,coast_uncertain
2021-07-08T09:39:30.916423Z,2021,7,8,65.737200,22.165800,6.0,0,30.4,1,mainland
2021-07-08T09:39:38.879892Z,2021,7,8,65.706900,22.053400,-11.0,0,4.3,1,mainland
2021-07-08T09:39:38.884244Z,2021,7,8,65.709700,21.993300,-43.0,0,22.3,1,coast_uncertain
2021-07-08T09:39:45.086362Z,2021,7,8,65.546900,21.985500,6.0,0,2.1,1,coast_uncertain
2021-07-08T09:39:45.991591Z,2021,7,8,65.691900,22.081600,6.0,0,3.1,1,coast_uncertain
2021-07-08T09:39:49.348755Z,2021,7,8,65.647200,22.049700,7.0,0,3.7,1,coast_uncertain
2021-07-08T09:40:03.158730Z,2021,7,8,65.973300,22.279600,7.0,0,16.0,1,mainland
2021-07-08T09:40:07.842380Z,2021,7,8,65.631100,22.066500,7.0,0,4.4,1,coast_uncertain
2021-07-08T09:40:20.293505Z,2021,7,8,65.665800,22.094800,5.0,0,4.3,1,mainland
2021-07-08T09:40:20.306845Z,2021,7,8,65.671700,22.084000,6.0,0,5.2,1,mainland
2021-07-08T09:40:28.948672Z,2021,7,8,65.843300,22.270400,-5.0,0,16.8,1,mainland
2021-07-08T09:40:32.494259Z,2021,7,8,65.957800,22.448400,-5.0,0,3.3,1,mainland
2021-07-08T09:40:41.578672Z,2021,7,8,65.808400,22.345100,11.0,0,5.7,1,mainland
2021-07-08T09:40:56.139338Z,2021,7,8,65.819600,22.314200,9.0,0,8.7,1,mainland
2021-07-08T09:41:00.911097Z,2021,7,8,65.933900,22.470400,7.0,0,6.9,1,coast_uncertain
2021-07-08T09:41:02.866056Z,2021,7,8,65.612300,22.175000,-6.0,0,26.0,1,coast_uncertain
2021-07-08T09:41:02.866130Z,2021,7,8,65.790600,22.287600,-8.0,0,3.1,1,mainland
2021-07-08T09:41:02.982036Z,2021,7,8,65.790700,22.297100,-5.0,0,4.6,1,mainland
2021-07-08T09:41:03.065178Z,2021,7,8,65.792000,22.301600,-7.0,0,6.2,1,mainland
2021-07-08T09:41:03.140753Z,2021,7,8,65.792500,22.296800,-16.0,0,6.8,1,mainland
2021-07-08T09:41:03.194824Z,2021,7,8,65.793900,22.295100,-5.0,0,3.1,1,mainland
2021-07-08T09:41:03.325392Z,2021,7,8,65.787000,22.304400,-5.0,0,2.9,1,mainland
2021-07-08T09:41:13.048430Z,2021,7,8,65.656200,22.070500,6.0,0,2.5,1,mainland
2021-07-08T09:41:20.065380Z,2021,7,8,65.631600,22.159700,7.0,0,30.4,1,coast_uncertain
2021-07-08T09:41:31.685754Z,2021,7,8,65.668000,22.064100,10.0,0,5.5,1,coast_uncertain
2021-07-08T09:41:31.688335Z,2021,7,8,65.664600,22.091100,6.0,0,11.2,1,mainland
2021-07-08T09:41:31.697929Z,2021,7,8,65.668600,22.093900,5.0,0,10.6,1,mainland
2021-07-08T09:41:31.709250Z,2021,7,8,65.677100,22.054200,6.0,0,6.7,1,mainland
2021-07-08T09:41:31.760576Z,2021,7,8,65.658700,22.269900,7.0,0,14.3,1,coast_uncertain
2021-07-08T09:41:34.877986Z,2021,7,8,65.835200,22.047900,6.0,0,5.5,1,mainland
2021-07-08T09:41:49.904857Z,2021,7,8,65.871600,22.320000,6.0,0,1.4,1,coast_uncertain
2021-07-08T09:41:51.033747Z,2021,7,8,65.694400,22.116400,-12.0,0,8.2,1,mainland
2021-07-08T09:41:53.491985Z,2021,7,8,65.641800,22.063900,-72.0,0,17.6,1,coast_uncertain
2021-07-08T09:41:53.507129Z,2021,7,8,65.626000,22.019200,-10.0,0,3.9,1,coast_uncertain
2021-07-08T09:41:53.550604Z,2021,7,8,65.625900,22.012700,-25.0,0,7.3,1,coast_uncertain
2021-07-08T09:41:53.573201Z,2021,7,8,65.624500,22.014800,-6.0,0,2.5,1,coast_uncertain
2021-07-08T09:41:59.092503Z,2021,7,8,65.701700,22.075500,5.0,0,6.2,1,mainland
2021-07-08T09:41:59.301933Z,2021,7,8,65.642900,22.121700,7.0,0,4.6,1,coast_uncertain
2021-07-08T09:42:09.821035Z,2021,7,8,65.853500,22.061800,7.0,0,1.8,1,mainland
2021-07-08T09:42:22.733748Z,2021,7,8,65.936200,22.461000,12.0,0,6.0,1,coast_uncertain
2021-07-08T09:42:22.734458Z,2021,7,8,65.934600,22.456300,7.0,0,8.5,1,inland_water
2021-07-08T09:42:32.768066Z,2021,7,8,65.810900,22.334400,6.0,0,1.7,1,mainland
2021-07-08T09:42:40.613144Z,2021,7,8,65.673200,22.106100,14.0,0,2.1,1,mainland
2021-07-08T09:42:46.740457Z,2021,7,8,65.961900,22.519100,-6.0,0,3.3,1,mainland
2021-07-08T09:42:50.837508Z,2021,7,8,65.671000,21.999700,14.0,0,16.9,1,mainland
2021-07-08T09:42:50.839334Z,2021,7,8,65.675500,22.106000,10.0,0,10.8,1,mainland
2021-07-08T09:42:51.106461Z,2021,7,8,65.694400,22.194900,4.0,0,17.9,1,mainland
2021-07-08T09:43:05.141313Z,2021,7,8,65.835500,22.375100,7.0,0,23.6,1,coast_uncertain
2021-07-08T09:43:11.415297Z,2021,7,8,65.697200,22.077400,6.0,0,6.3,1,coast_uncertain
2021-07-08T09:43:11.423693Z,2021,7,8,65.677000,22.085800,9.0,0,4.2,1,coast_uncertain
2021-07-08T09:43:11.423711Z,2021,7,8,65.679800,22.117100,-11.0,0,18.7,1,mainland
2021-07-08T09:43:11.431462Z,2021,7,8,65.710300,22.087100,-5.0,0,28.0,1,coast_uncertain
2021-07-08T09:43:13.106666Z,2021,7,8,65.928400,22.491700,5.0,0,17.5,1,coast_uncertain
2021-07-08T09:43:18.832232Z,2021,7,8,65.671300,22.086100,7.0,0,3.8,1,mainland
2021-07-08T09:43:18.854928Z,2021,7,8,65.661300,22.105500,5.0,0,8.1,1,coast_uncertain
2021-07-08T09:43:19.270678Z,2021,7,8,65.728200,22.196300,-10.0,0,3.0,1,coast_uncertain
2021-07-08T09:43:19.272944Z,2021,7,8,65.705400,22.138000,7.0,0,6.3,1,mainland
2021-07-08T09:43:19.949587Z,2021,7,8,65.549600,22.080600,8.0,0,3.9,1,mainland
2021-07-08T09:43:19.949752Z,2021,7,8,65.576000,22.090300,10.0,0,13.0,1,mainland
2021-07-08T09:43:19.951334Z,2021,7,8,65.550000,22.073700,5.0,0,2.4,1,mainland
2021-07-08T09:43:39.522294Z,2021,7,8,65.755700,22.107400,5.0,0,9.1,1,coast_uncertain
2021-07-08T09:43:53.304039Z,2021,7,8,65.821800,22.348900,7.0,0,3.1,1,coast_uncertain
2021-07-08T09:43:59.914240Z,2021,7,8,65.835700,22.338300,7.0,0,20.9,1,coast_uncertain
2021-07-08T09:44:00.153177Z,2021,7,8,65.893200,22.427600,-12.0,0,7.3,1,coast_uncertain
2021-07-08T09:44:07.371318Z,2021,7,8,65.845100,22.346600,8.0,0,8.0,1,mainland
2021-07-08T09:44:07.492084Z,2021,7,8,65.693000,22.153500,7.0,0,15.3,1,mainland
2021-07-08T09:44:15.212726Z,2021,7,8,65.870100,22.112100,6.0,0,2.7,1,mainland
2021-07-08T09:44:18.777400Z,2021,7,8,65.691400,22.075600,4.0,0,8.0,1,coast_uncertain
2021-07-08T09:44:19.186620Z,2021,7,8,65.695500,22.097700,6.0,0,1.8,1,mainland
2021-07-08T09:44:29.937761Z,2021,7,8,65.656400,22.165000,6.0,0,5.5,1,mainland
2021-07-08T09:44:39.213125Z,2021,7,8,65.637400,22.115000,8.0,0,10.4,1,coast_uncertain
2021-07-08T09:44:39.223808Z,2021,7,8,65.667600,22.120700,9.0,0,9.3,1,mainland
2021-07-08T09:44:43.659908Z,2021,7,8,65.583500,22.056600,5.0,0,2.5,1,coast_uncertain
2021-07-08T09:44:50.245013Z,2021,7,8,65.817700,22.329100,7.0,0,12.4,1,mainland
2021-07-08T09:45:04.353634Z,2021,7,8,65.677100,22.126800,-17.0,0,7.0,1,mainland
2021-07-08T09:45:25.030967Z,2021,7,8,65.664700,22.149500,6.0,0,2.3,1,coast_uncertain
2021-07-08T09:45:25.035276Z,2021,7,8,65.667400,22.134600,7.0,0,30.4,1,mainland
2021-07-08T09:45:25.064784Z,2021,7,8,65.685200,22.230600,-22.0,0,14.2,1,mainland
2021-07-08T09:45:37.992994Z,2021,7,8,65.667800,22.189900,6.0,0,3.8,1,mainland
2021-07-08T09:45:38.711977Z,2021,7,8,65.921200,22.545300,8.0,0,14.5,1,mainland
2021-07-08T09:45:57.703778Z,2021,7,8,65.843900,22.114400,6.0,0,14.4,1,mainland
2021-07-08T09:46:03.925744Z,2021,7,8,65.813700,22.373400,7.0,0,3.9,1,sea
2021-07-08T09:46:20.136989Z,2021,7,8,65.874100,22.446200,6.0,0,1.9,1,coast_uncertain
2021-07-08T09:46:20.143136Z,2021,7,8,65.881100,22.438700,8.0,0,6.8,1,mainland
2021-07-08T09:46:23.091835Z,2021,7,8,65.674100,22.133800,5.0,0,3.5,1,mainland
2021-07-08T09:46:23.114156Z,2021,7,8,65.672100,22.130800,6.0,0,2.7,1,mainland
2021-07-08T09:46:23.136458Z,2021,7,8,65.680300,22.106900,7.0,0,2.7,1,mainland
2021-07-08T09:46:32.346537Z,2021,7,8,65.808800,22.390700,5.0,0,17.6,1,sea
2021-07-08T09:46:37.738604Z,2021,7,8,65.675000,22.181800,7.0,0,13.6,1,mainland
2021-07-08T09:46:42.871420Z,2021,7,8,65.929100,22.459100,7.0,0,2.3,1,coast_uncertain
2021-07-08T09:47:04.239221Z,2021,7,8,65.722400,22.301900,-7.0,0,2.3,1,coast_uncertain
2021-07-08T09:47:04.246939Z,2021,7,8,65.739400,22.195500,-16.0,0,5.8,1,coast_uncertain
2021-07-08T09:47:15.831339Z,2021,7,8,65.669200,22.102700,15.0,0,6.2,1,mainland
2021-07-08T09:47:15.831349Z,2021,7,8,65.686400,22.197200,-22.0,0,7.9,1,mainland
2021-07-08T09:47:15.832107Z,2021,7,8,65.655800,22.241900,5.0,0,4.3,1,coast_uncertain
2021-07-08T09:47:15.834908Z,2021,7,8,65.676400,22.148000,5.0,0,30.4,1,mainland
2021-07-08T09:47:15.842835Z,2021,7,8,65.693700,22.123200,5.0,0,3.9,1,mainland
2021-07-08T09:47:15.862122Z,2021,7,8,65.671000,22.211800,6.0,0,4.5,1,mainland
2021-07-08T09:47:20.063016Z,2021,7,8,65.814600,22.548100,6.0,0,16.1,1,mainland
2021-07-08T09:47:23.828412Z,2021,7,8,65.879300,22.467200,5.0,0,8.6,1,coast_uncertain
2021-07-08T09:47:24.637064Z,2021,7,8,65.905300,22.490300,-11.0,0,4.6,1,coast_uncertain
2021-07-08T09:47:24.671530Z,2021,7,8,65.910200,22.493200,-6.0,0,5.5,1,coast_uncertain
2021-07-08T09:47:34.109626Z,2021,7,8,65.665800,22.173500,6.0,0,3.3,1,mainland
2021-07-08T09:47:34.110301Z,2021,7,8,65.667400,22.200500,6.0,0,1.4,1,mainland
2021-07-08T09:47:34.111027Z,2021,7,8,65.557500,22.275700,5.0,0,2.4,1,coast_uncertain
2021-07-08T09:47:34.112745Z,2021,7,8,65.663700,22.187900,6.0,0,4.3,1,mainland
2021-07-08T09:47:34.128111Z,2021,7,8,65.678600,22.198600,10.0,0,19.0,1,mainland
2021-07-08T09:47:34.128135Z,2021,7,8,65.651800,22.191100,-18.0,0,20.5,1,mainland
2021-07-08T09:47:38.885708Z,2021,7,8,65.826400,22.341900,8.0,0,4.4,1,coast_uncertain
2021-07-08T09:47:49.228907Z,2021,7,8,65.886100,22.434500,8.0,0,5.4,1,mainland
2021-07-08T09:47:49.237454Z,2021,7,8,65.881700,22.477100,7.0,0,13.2,1,mainland
2021-07-08T09:47:56.486617Z,2021,7,8,65.797100,22.414100,5.0,0,4.3,1,coast_uncertain
2021-07-08T09:48:23.389385Z,2021,7,8,65.904500,22.515400,5.0,0,1.5,1,mainland
2021-07-08T09:48:23.439566Z,2021,7,8,65.663200,22.187500,23.0,0,9.9,1,mainland
2021-07-08T09:48:23.440366Z,2021,7,8,65.753300,22.287300,6.0,0,4.4,1,mainland
2021-07-08T09:48:23.441130Z,2021,7,8,65.658900,22.181500,13.0,0,26.1,1,mainland
2021-07-08T09:48:23.441141Z,2021,7,8,65.639800,22.323000,-21.0,0,9.4,1,coast_uncertain
2021-07-08T09:48:24.107368Z,2021,7,8,65.983800,22.465300,12.0,0,11.1,1,coast_uncertain
2021-07-08T09:48:42.098270Z,2021,7,8,65.679400,22.218100,6.0,0,6.3,1,coast_uncertain
2021-07-08T09:48:42.099024Z,2021,7,8,65.678600,22.230500,6.0,0,2.3,1,coast_uncertain
2021-07-08T09:48:42.099507Z,2021,7,8,65.675000,22.204500,7.0,0,2.9,1,mainland
2021-07-08T09:48:42.130757Z,2021,7,8,65.730100,22.247100,5.0,0,30.4,1,inland_water
2021-07-08T09:48:57.120279Z,2021,7,8,65.847800,22.195300,6.0,0,2.4,1,mainland
2021-07-08T09:48:57.531447Z,2021,7,8,65.854100,22.204100,-5.0,0,3.1,1,mainland
2021-07-08T09:49:04.718154Z,2021,7,8,65.679900,22.206600,5.0,0,18.6,1,coast_uncertain
2021-07-08T09:49:17.383165Z,2021,7,8,65.793900,22.277400,7.0,0,2.7,1,mainland
2021-07-08T09:49:27.505712Z,2021,7,8,65.834500,22.188500,-6.0,0,2.9,1,coast_uncertain
2021-07-08T09:49:31.260765Z,2021,7,8,65.675300,22.213200,11.0,0,18.0,1,mainland
2021-07-08T09:49:31.261393Z,2021,7,8,65.656200,22.329900,17.0,0,14.2,1,coast_uncertain
2021-07-08T09:49:31.261898Z,2021,7,8,65.523500,22.331700,6.0,0,3.6,1,coast_uncertain
2021-07-08T09:49:48.893623Z,2021,7,8,65.709900,22.198300,9.0,0,5.7,1,mainland
2021-07-08T09:49:48.898226Z,2021,7,8,65.732200,22.174000,6.0,0,14.3,1,mainland
2021-07-08T09:49:56.721477Z,2021,7,8,65.857400,22.285800,-7.0,0,14.2,1,coast_uncertain
2021-07-08T09:50:07.549843Z,2021,7,8,65.812700,22.373500,6.0,0,3.7,1,sea
2021-07-08T09:50:08.941804Z,2021,7,8,65.666900,22.322500,9.0,0,29.0,1,coast_uncertain
2021-07-08T09:50:08.942798Z,2021,7,8,65.681300,22.232300,6.0,0,3.3,1,mainland
2021-07-08T09:50:40.259143Z,2021,7,8,65.802400,22.306800,6.0,0,2.0,1,mainland
2021-07-08T09:50:47.286346Z,2021,7,8,65.919000,22.523200,6.0,0,2.9,1,mainland
2021-07-08T09:50:47.287365Z,2021,7,8,65.921300,22.520200,8.0,0,4.6,1,coast_uncertain
2021-07-08T09:50:57.314567Z,2021,7,8,65.839600,22.234900,-8.0,0,3.6,1,mainland
2021-07-08T09:50:57.383371Z,2021,7,8,65.845300,22.262500,-7.0,0,8.5,1,mainland
2021-07-08T09:50:57.457465Z,2021,7,8,65.688200,22.310800,18.0,0,24.0,1,mainland
2021-07-08T09:50:57.458924Z,2021,7,8,65.682700,22.343700,6.0,0,15.1,1,coast_uncertain
2021-07-08T09:50:57.479287Z,2021,7,8,65.675900,22.300000,7.0,0,9.9,1,coast_uncertain
2021-07-08T09:50:57.488216Z,2021,7,8,65.680800,22.195300,12.0,0,14.7,1,mainland
2021-07-08T09:51:03.621123Z,2021,7,8,65.494600,22.092500,-14.0,0,4.4,1,coast_uncertain
2021-07-08T09:51:03.647085Z,2021,7,8,65.483600,22.068800,-6.0,0,1.5,1,coast_uncertain
2021-07-08T09:51:30.424691Z,2021,7,8,65.875500,22.273800,6.0,0,4.3,1,coast_uncertain
2021-07-08T09:51:30.652180Z,2021,7,8,65.885700,22.266100,-10.0,0,5.8,1,mainland
2021-07-08T09:51:30.911682Z,2021,7,8,65.940500,22.320900,25.0,0,29.9,1,mainland
2021-07-08T09:51:51.210362Z,2021,7,8,65.859000,22.280800,6.0,0,4.2,1,coast_uncertain
2021-07-08T09:51:51.232232Z,2021,7,8,65.864300,22.295100,7.0,0,3.9,1,coast_uncertain
2021-07-08T09:51:51.337457Z,2021,7,8,65.503900,22.081600,-6.0,0,8.0,1,coast_uncertain
2021-07-08T09:51:51.372300Z,2021,7,8,65.499300,22.118400,-13.0,0,5.0,1,coast_uncertain
2021-07-08T09:51:51.451986Z,2021,7,8,65.492400,22.039700,-11.0,0,3.5,1,coast_uncertain
2021-07-08T09:51:59.952398Z,2021,7,8,65.827300,22.419000,6.0,0,16.3,1,coast_uncertain
2021-07-08T09:52:00.802723Z,2021,7,8,65.750100,22.361100,-8.0,0,5.8,1,coast_uncertain
2021-07-08T09:52:23.152252Z,2021,7,8,65.832500,22.294200,-26.0,0,10.5,1,mainland
2021-07-08T09:52:23.172095Z,2021,7,8,65.853700,22.266000,-10.0,0,3.7,1,coast_uncertain
2021-07-08T09:52:23.193886Z,2021,7,8,65.834600,22.264400,-16.0,0,6.2,1,mainland
2021-07-08T09:52:23.243964Z,2021,7,8,65.841900,22.254600,-5.0,0,3.3,1,mainland
2021-07-08T09:52:23.277176Z,2021,7,8,65.854800,22.309100,-18.0,0,7.0,1,mainland
2021-07-08T09:52:23.307342Z,2021,7,8,65.836200,22.285200,-7.0,0,3.3,1,mainland
2021-07-08T09:52:23.352406Z,2021,7,8,65.838800,22.281900,-24.0,0,11.2,1,mainland
2021-07-08T09:52:23.353199Z,2021,7,8,65.887400,22.254400,-6.0,0,30.4,1,mainland
2021-07-08T09:52:23.402696Z,2021,7,8,65.832300,22.252100,-10.0,0,4.5,1,mainland
2021-07-08T09:52:23.944156Z,2021,7,8,65.832900,22.245900,-10.0,0,5.0,1,mainland
2021-07-08T09:52:24.008486Z,2021,7,8,65.833500,22.248800,-5.0,0,3.1,1,mainland
2021-07-08T09:52:32.373583Z,2021,7,8,65.762600,22.388300,7.0,0,4.8,1,sea
2021-07-08T09:52:40.659815Z,2021,7,8,65.911700,22.525100,5.0,0,1.7,1,mainland
2021-07-08T09:52:46.454687Z,2021,7,8,65.494700,22.071100,-12.0,0,3.9,1,coast_uncertain
2021-07-08T09:52:46.477014Z,2021,7,8,65.496700,22.079600,-6.0,0,1.7,1,coast_uncertain
2021-07-08T09:53:30.287646Z,2021,7,8,65.833500,22.301600,-6.0,0,3.0,1,mainland
2021-07-08T09:53:30.407985Z,2021,7,8,65.858400,22.300000,-7.0,0,3.3,1,mainland
2021-07-08T09:53:30.787508Z,2021,7,8,65.837500,22.307800,-9.0,0,3.7,1,mainland
2021-07-08T09:54:09.842218Z,2021,7,8,65.747700,22.279100,5.0,0,8.6,1,mainland
2021-07-08T09:54:10.232854Z,2021,7,8,65.821000,22.251300,-5.0,0,30.4,1,mainland
2021-07-08T09:54:20.411270Z,2021,7,8,65.810300,22.475500,5.0,0,3.7,1,coast_uncertain
2021-07-08T09:54:32.575078Z,2021,7,8,65.782300,22.332500,6.0,0,3.5,1,coast_uncertain
2021-07-08T09:54:32.576966Z,2021,7,8,65.774900,22.347600,5.0,0,2.0,1,sea
2021-07-08T09:54:33.261468Z,2021,7,8,65.836500,22.461700,-8.0,0,5.2,1,coast_uncertain
2021-07-08T09:54:33.439324Z,2021,7,8,65.836000,22.446200,-10.0,0,4.1,1,sea
2021-07-08T09:54:33.807603Z,2021,7,8,65.632000,21.844200,-8.0,0,4.8,1,mainland
2021-07-08T09:54:33.818219Z,2021,7,8,65.489100,22.071500,-5.0,0,30.4,1,coast_uncertain
2021-07-08T09:54:33.819873Z,2021,7,8,65.484100,22.099500,-15.0,0,3.0,1,sea
2021-07-08T09:54:33.837130Z,2021,7,8,65.499900,22.103500,-10.0,0,2.5,1,coast_uncertain
2021-07-08T09:55:15.619128Z,2021,7,8,65.912400,22.505000,11.0,0,8.2,1,mainland
2021-07-08T09:55:16.221294Z,2021,7,8,65.925800,22.415400,6.0,0,14.8,1,mainland
2021-07-08T09:55:16.233280Z,2021,7,8,65.958700,22.418300,6.0,0,4.1,1,mainland
2021-07-08T09:55:17.856371Z,2021,7,8,65.776300,22.377100,9.0,0,5.2,1,sea
2021-07-08T09:55:28.667295Z,2021,7,8,65.831900,22.522000,5.0,0,1.8,1,mainland
2021-07-08T09:55:32.626719Z,2021,7,8,65.696300,22.508900,5.0,0,5.4,1,sea
2021-07-08T09:55:34.118740Z,2021,7,8,65.771100,22.370300,4.0,0,1.7,1,sea
2021-07-08T09:56:13.739603Z,2021,7,8,65.513300,22.131000,-13.0,0,11.4,1,coast_uncertain
2021-07-08T09:56:13.753310Z,2021,7,8,65.497000,22.076500,-8.0,0,3.2,1,coast_uncertain
2021-07-08T09:56:13.862423Z,2021,7,8,65.534500,22.127500,5.0,0,4.3,1,mainland
2021-07-08T09:56:13.889047Z,2021,7,8,65.797500,22.397600,17.0,0,30.4,1,coast_uncertain
2021-07-08T09:56:13.912070Z,2021,7,8,65.835500,22.355000,10.0,0,10.5,1,coast_uncertain
2021-07-08T09:57:15.698128Z,2021,7,8,65.863800,22.413700,-6.0,0,2.5,1,coast_uncertain
2021-07-08T09:57:15.826874Z,2021,7,8,65.857300,22.458400,-6.0,0,2.7,1,coast_uncertain
2021-07-08T09:57:15.908778Z,2021,7,8,65.869400,22.339200,-8.0,0,2.5,1,coast_uncertain
2021-07-08T09:57:27.628694Z,2021,7,8,65.690700,22.368100,-6.0,0,17.0,1,coast_uncertain
2021-07-08T09:57:34.938540Z,2021,7,8,65.669500,22.412800,5.0,0,14.7,1,sea
2021-07-08T09:57:46.701703Z,2021,7,8,65.765000,22.379600,7.0,0,8.8,1,sea
2021-07-08T09:57:46.704624Z,2021,7,8,65.772000,22.417000,7.0,0,6.1,1,sea
2021-07-08T09:57:53.062242Z,2021,7,8,65.836700,22.516900,6.0,0,8.9,1,mainland
2021-07-08T09:57:54.000946Z,2021,7,8,65.942100,22.324500,9.0,0,5.7,1,mainland
2021-07-08T09:57:54.309253Z,2021,7,8,66.014200,22.457700,11.0,0,4.1,1,mainland
2021-07-08T09:58:04.227694Z,2021,7,8,65.683000,22.321600,6.0,0,16.7,1,mainland
2021-07-08T09:58:04.229066Z,2021,7,8,65.690200,22.360800,9.0,0,4.6,1,coast_uncertain
2021-07-08T09:58:04.244635Z,2021,7,8,65.682600,22.381900,5.0,0,5.5,1,coast_uncertain
2021-07-08T09:58:04.252258Z,2021,7,8,65.676600,22.363800,7.0,0,11.8,1,coast_uncertain
2021-07-08T09:58:05.076381Z,2021,7,8,65.773100,22.291500,-30.0,0,16.2,1,coast_uncertain
2021-07-08T09:58:05.129323Z,2021,7,8,65.768800,22.277200,-14.0,0,7.7,1,coast_uncertain
2021-07-08T09:58:05.181520Z,2021,7,8,65.773900,22.270600,-16.0,0,24.2,1,mainland
2021-07-08T09:58:41.200476Z,2021,7,8,65.680400,22.358700,7.0,0,21.9,1,coast_uncertain
2021-07-08T09:59:12.506023Z,2021,7,8,65.759900,22.434100,6.0,0,3.7,1,sea
2021-07-08T09:59:12.512975Z,2021,7,8,65.763400,22.404300,5.0,0,3.5,1,sea
2021-07-08T09:59:42.432997Z,2021,7,8,65.826300,22.604700,7.0,0,3.0,1,mainland
2021-07-08T09:59:51.120507Z,2021,7,8,65.710600,22.398800,6.0,0,15.7,1,coast_uncertain
2021-07-08T09:59:51.149722Z,2021,7,8,65.682300,22.403800,6.0,0,7.9,1,sea
2021-07-08T09:59:55.145090Z,2021,7,8,65.795500,22.488700,6.0,0,2.7,1,coast_uncertain
2021-07-08T10:00:17.587590Z,2021,7,8,65.686400,22.418400,-5.0,0,3.7,1,sea
2021-07-08T10:00:17.635383Z,2021,7,8,65.673100,22.402300,-5.0,0,2.1,1,sea
2021-07-08T10:00:34.428586Z,2021,7,8,65.787100,22.597900,5.0,0,1.1,1,coast_uncertain
2021-07-08T10:01:00.557143Z,2021,7,8,65.697900,22.403400,5.0,0,1.4,1,coast_uncertain
2021-07-08T10:01:00.557980Z,2021,7,8,65.648800,22.446000,28.0,0,30.0,1,sea
2021-07-08T10:01:00.558006Z,2021,7,8,65.812700,22.498300,19.0,0,20.4,1,coast_uncertain
2021-07-08T10:01:00.563731Z,2021,7,8,65.660800,22.581500,5.0,0,4.1,1,sea
2021-07-08T10:01:00.569874Z,2021,7,8,65.692600,22.454400,5.0,0,25.2,1,coast_uncertain
2021-07-08T10:01:01.854736Z,2021,7,8,65.826800,22.538600,6.0,0,2.4,1,coast_uncertain
2021-07-08T10:01:26.485033Z,2021,7,8,65.838400,22.348700,-7.0,0,4.6,1,coast_uncertain
2021-07-08T10:01:26.629930Z,2021,7,8,65.872300,22.558200,-18.0,0,9.5,1,coast_uncertain
2021-07-08T10:01:26.683606Z,2021,7,8,65.901500,22.410200,-7.0,0,6.2,1,coast_uncertain
2021-07-08T10:01:27.217908Z,2021,7,8,65.910500,22.542500,-6.0,0,6.8,1,mainland
2021-07-08T10:01:41.899812Z,2021,7,8,65.816400,22.594800,5.0,0,1.8,1,mainland
2021-07-08T10:01:42.197082Z,2021,7,8,65.837000,22.551300,5.0,0,15.0,1,coast_uncertain
2021-07-08T10:02:07.780005Z,2021,7,8,65.824500,22.506300,5.0,0,5.4,1,coast_uncertain
2021-07-08T10:02:07.829269Z,2021,7,8,65.850200,22.538200,7.0,0,7.7,1,mainland
2021-07-08T10:02:07.836296Z,2021,7,8,65.828800,22.559300,6.0,0,6.8,1,coast_uncertain
2021-07-08T10:02:08.108486Z,2021,7,8,65.828100,22.589100,-7.0,0,3.5,1,mainland
2021-07-08T10:02:43.900963Z,2021,7,8,65.830300,22.489800,7.0,0,11.3,1,coast_uncertain
2021-07-08T10:02:43.916386Z,2021,7,8,65.833200,22.556000,10.0,0,20.4,1,coast_uncertain
2021-07-08T10:02:43.926402Z,2021,7,8,65.836100,22.557900,7.0,0,9.3,1,coast_uncertain
2021-07-08T10:02:44.228716Z,2021,7,8,65.835700,22.532800,7.0,0,3.2,1,coast_uncertain
2021-07-08T10:03:05.078152Z,2021,7,8,65.814100,22.552300,7.0,0,11.3,1,mainland
2021-07-08T10:03:05.119559Z,2021,7,8,65.826400,22.572100,6.0,0,14.1,1,coast_uncertain
2021-07-08T10:03:05.463316Z,2021,7,8,65.733500,22.353300,7.0,0,15.3,1,coast_uncertain
2021-07-08T10:03:28.829320Z,2021,7,8,65.815500,22.563200,5.0,0,1.3,1,coast_uncertain
2021-07-08T10:03:28.829761Z,2021,7,8,65.834500,22.537700,6.0,0,8.5,1,coast_uncertain
2021-07-08T10:03:28.853706Z,2021,7,8,65.840100,22.543000,9.0,0,26.2,1,coast_uncertain
2021-07-08T10:03:35.154650Z,2021,7,8,65.749700,22.501500,6.0,0,7.9,1,sea
2021-07-08T10:04:03.094950Z,2021,7,8,65.694600,22.503100,-9.0,0,5.4,1,sea
2021-07-08T10:04:49.373081Z,2021,7,8,65.767800,22.580100,6.0,0,3.7,1,sea
2021-07-08T10:04:49.804410Z,2021,7,8,65.769100,22.592700,7.0,0,1.8,1,coast_uncertain
2021-07-08T10:05:36.853016Z,2021,7,8,65.889100,22.485500,7.0,0,9.4,1,coast_uncertain
2021-07-08T10:08:09.068623Z,2021,7,8,65.589300,22.566200,-24.0,0,18.4,1,coast_uncertain
2021-07-08T10:13:30.661248Z,2021,7,8,66.023500,22.451900,7.0,0,25.5,1,mainland
2021-07-08T10:24:15.951294Z,2021,7,8,65.733500,22.546100,21.0,0,18.0,1,sea
2021-07-08T10:31:49.887926Z,2021,7,8,65.494000,22.879700,6.0,0,8.8,1,sea
2021-07-11T05:34:43.431840Z,2021,7,11,65.572900,21.678800,-5.0,0,3.9,1,mainland
2021-07-11T06:51:20.861450Z,2021,7,11,65.656300,22.396800,5.0,0,5.4,1,coast_uncertain
2021-07-11T06:51:20.863519Z,2021,7,11,65.649100,22.261500,6.0,0,6.2,1,coast_uncertain
2021-07-11T06:51:20.953793Z,2021,7,11,65.662000,22.413400,-7.0,0,3.7,1,coast_uncertain
2021-07-11T06:53:44.804070Z,2021,7,11,65.675300,21.617400,8.0,0,9.4,1,coast_uncertain
2021-07-11T06:54:03.460542Z,2021,7,11,65.714800,22.133800,10.0,0,5.7,1,mainland
2021-07-11T06:54:03.460574Z,2021,7,11,65.637900,22.297000,-20.0,0,11.1,1,coast_uncertain
2021-07-11T06:54:03.461001Z,2021,7,11,65.677400,22.256200,18.0,0,11.0,1,coast_uncertain
2021-07-11T06:57:22.735246Z,2021,7,11,65.725700,22.324100,6.0,0,6.9,1,coast_uncertain
2021-07-11T06:57:22.735288Z,2021,7,11,65.703300,22.350500,-26.0,0,9.3,1,coast_uncertain
2021-07-11T06:57:22.743742Z,2021,7,11,65.728000,22.325600,-27.0,0,4.9,1,coast_uncertain
2021-07-11T06:57:22.771559Z,2021,7,11,65.723000,22.340700,-22.0,0,6.0,1,sea
2021-07-11T06:57:22.845125Z,2021,7,11,65.716900,22.270900,15.0,0,10.1,1,coast_uncertain
2021-07-11T06:57:22.845706Z,2021,7,11,65.723600,22.405000,10.0,0,16.9,1,sea
2021-07-11T06:57:22.847263Z,2021,7,11,65.712600,22.254500,9.0,0,17.0,1,mainland
2021-07-11T06:59:55.432672Z,2021,7,11,65.732300,22.309500,-7.0,0,8.5,1,coast_uncertain
2021-07-11T06:59:55.432783Z,2021,7,11,65.436100,22.238500,9.0,0,8.1,1,coast_uncertain
2021-07-11T06:59:55.438557Z,2021,7,11,65.732500,22.297700,-51.0,0,11.0,1,coast_uncertain
2021-07-11T06:59:55.467375Z,2021,7,11,65.732100,22.337400,-21.0,0,6.1,1,coast_uncertain
2021-07-11T06:59:55.485254Z,2021,7,11,65.683700,22.187300,-12.0,0,4.4,1,mainland
2021-07-11T07:01:40.981924Z,2021,7,11,65.770100,22.373200,-31.0,0,18.6,1,sea
2021-07-11T07:01:40.991044Z,2021,7,11,65.751300,22.386500,-33.0,0,7.6,1,sea
2021-07-11T07:01:41.032879Z,2021,7,11,65.742100,22.314400,-6.0,0,11.0,1,mainland
2021-07-11T07:01:41.033614Z,2021,7,11,65.735300,22.245500,9.0,0,9.1,1,coast_uncertain
2021-07-11T07:01:41.034160Z,2021,7,11,65.738800,22.319200,6.0,0,6.4,1,mainland
2021-07-11T07:01:41.037747Z,2021,7,11,65.737400,22.367200,5.0,0,13.0,1,coast_uncertain
2021-07-11T07:03:00.325190Z,2021,7,11,65.248400,22.260800,7.0,0,13.6,1,sea
2021-07-11T07:03:45.534953Z,2021,7,11,65.452000,22.338300,5.0,0,1.2,1,sea
2021-07-11T07:04:28.279650Z,2021,7,11,65.553100,22.740100,10.0,0,2.0,1,coast_uncertain
2021-07-11T07:04:28.307041Z,2021,7,11,65.776200,22.370000,6.0,0,3.3,1,sea
2021-07-11T07:04:28.378365Z,2021,7,11,65.814900,22.401500,-14.0,0,5.5,1,coast_uncertain
2021-07-11T07:05:33.640680Z,2021,7,11,65.777800,22.342000,-9.0,0,4.4,1,coast_uncertain
2021-07-11T07:05:33.672482Z,2021,7,11,65.765000,22.344600,-8.0,0,3.8,1,sea
2021-07-11T07:06:29.135831Z,2021,7,11,65.791500,22.396300,-7.0,0,6.1,1,coast_uncertain
2021-07-11T07:06:29.158060Z,2021,7,11,65.766500,22.340500,-11.0,0,4.3,1,sea
2021-07-11T07:06:29.191888Z,2021,7,11,65.764800,22.289500,-10.0,0,3.0,1,mainland
2021-07-11T07:06:29.212427Z,2021,7,11,65.775400,22.353000,-10.0,0,3.9,1,coast_uncertain
2021-07-11T07:07:41.197262Z,2021,7,11,65.781900,22.370600,-44.0,0,6.9,1,sea
2021-07-11T07:07:41.231876Z,2021,7,11,65.793400,22.415800,-16.0,0,4.2,1,coast_uncertain
2021-07-11T07:07:41.271818Z,2021,7,11,65.782100,22.353600,-12.0,0,2.9,1,coast_uncertain
2021-07-11T07:07:41.272438Z,2021,7,11,65.776500,22.364200,-6.0,0,8.2,1,coast_uncertain
2021-07-11T07:07:41.322536Z,2021,7,11,65.771400,22.358000,-10.0,0,2.6,1,sea
2021-07-11T07:08:15.415332Z,2021,7,11,65.781400,22.376000,20.0,0,6.3,1,sea
2021-07-11T07:08:58.287216Z,2021,7,11,65.789300,22.331500,7.0,0,3.0,1,coast_uncertain
2021-07-11T07:08:58.290540Z,2021,7,11,65.799500,22.378900,6.0,0,4.6,1,coast_uncertain
2021-07-11T07:08:58.657902Z,2021,7,11,65.790300,22.332800,-7.0,0,2.6,1,coast_uncertain
2021-07-11T07:09:46.233408Z,2021,7,11,65.795200,22.348200,8.0,0,19.3,1,coast_uncertain
2021-07-11T07:09:51.954926Z,2021,7,11,65.173200,22.307300,4.0,0,2.9,1,sea
2021-07-11T07:10:31.127417Z,2021,7,11,65.857300,22.312600,-7.0,0,4.3,1,mainland
2021-07-11T07:10:31.135303Z,2021,7,11,65.795000,22.361700,-37.0,0,13.4,1,coast_uncertain
2021-07-11T07:10:31.154645Z,2021,7,11,65.810000,22.353700,-14.0,0,11.2,1,coast_uncertain
2021-07-11T07:10:31.178235Z,2021,7,11,65.788000,22.291600,-12.0,0,29.2,1,mainland
2021-07-11T07:10:31.226085Z,2021,7,11,65.820100,22.334100,-12.0,0,9.4,1,mainland
2021-07-11T07:10:31.331168Z,2021,7,11,65.817400,22.314400,-23.0,0,9.5,1,mainland
2021-07-11T07:11:26.078875Z,2021,7,11,65.812200,22.339500,19.0,0,30.0,1,mainland
2021-07-11T07:11:26.079734Z,2021,7,11,65.809500,22.338900,8.0,0,17.9,1,mainland
2021-07-11T07:11:26.080607Z,2021,7,11,65.778600,22.439000,6.0,0,17.9,1,sea
2021-07-11T07:12:25.516578Z,2021,7,11,65.799700,22.368800,7.0,0,1.4,1,coast_uncertain
2021-07-11T07:12:25.517321Z,2021,7,11,65.791100,22.378900,7.0,0,1.5,1,coast_uncertain
2021-07-11T07:12:25.517702Z,2021,7,11,65.805900,22.345700,49.0,0,28.4,1,mainland
2021-07-11T07:12:25.518715Z,2021,7,11,65.800100,22.332200,-15.0,0,17.2,1,coast_uncertain
2021-07-11T07:13:19.428133Z,2021,7,11,65.805100,22.376600,-25.0,0,8.9,1,coast_uncertain
2021-07-11T07:13:19.546671Z,2021,7,11,65.783300,22.321900,-5.0,0,4.3,1,coast_uncertain
2021-07-11T07:13:19.704435Z,2021,7,11,65.832300,22.328500,-7.0,0,7.4,1,mainland
2021-07-11T07:13:58.488315Z,2021,7,11,65.804600,22.364900,13.0,0,6.2,1,coast_uncertain
2021-07-11T07:13:58.488318Z,2021,7,11,65.838000,22.442600,12.0,0,15.0,1,sea
2021-07-11T07:13:58.488821Z,2021,7,11,65.809600,22.384900,7.0,0,3.3,1,sea
2021-07-11T07:13:58.489347Z,2021,7,11,65.815800,22.365400,24.0,0,28.3,1,coast_uncertain
2021-07-11T07:14:40.403379Z,2021,7,11,66.021900,22.453600,5.0,0,2.5,1,mainland
2021-07-11T07:15:00.722352Z,2021,7,11,65.814900,22.401900,8.0,0,14.8,1,coast_uncertain
2021-07-11T07:15:00.723497Z,2021,7,11,65.790600,22.499200,-7.0,0,14.2,1,coast_uncertain
2021-07-11T07:15:00.995370Z,2021,7,11,65.883300,22.393800,-8.0,0,3.6,1,coast_uncertain
2021-07-11T07:16:33.317645Z,2021,7,11,65.848100,22.501900,-19.0,0,7.0,1,coast_uncertain
2021-07-11T07:16:57.172048Z,2021,7,11,65.198700,22.303200,7.0,0,11.3,1,sea
2021-07-11T07:16:57.195009Z,2021,7,11,65.379400,22.520000,6.0,0,8.8,1,coast_uncertain
2021-07-11T07:17:43.804544Z,2021,7,11,65.303300,22.065100,4.0,0,5.8,1,sea
2021-07-11T07:17:57.920751Z,2021,7,11,65.269100,22.206400,9.0,0,15.7,1,sea
2021-07-11T07:18:03.103121Z,2021,7,11,65.817500,22.341800,25.0,0,30.4,1,coast_uncertain
2021-07-11T07:18:03.260287Z,2021,7,11,65.782700,22.460500,-16.0,0,5.5,1,coast_uncertain
2021-07-11T07:18:27.832655Z,2021,7,11,66.036500,22.442300,6.0,0,4.6,1,mainland
2021-07-11T07:19:18.294816Z,2021,7,11,65.325800,22.023500,4.0,0,8.8,1,sea
2021-07-11T07:20:11.242562Z,2021,7,11,66.036000,22.404300,7.0,0,3.1,1,mainland
2021-07-11T07:20:11.383043Z,2021,7,11,66.067200,22.414500,-6.0,0,8.6,1,coast_uncertain
2021-07-11T07:20:18.390603Z,2021,7,11,65.878300,22.345700,9.0,0,11.3,1,mainland
2021-07-11T07:20:18.391653Z,2021,7,11,65.853600,22.336700,23.0,0,20.0,1,mainland
2021-07-11T07:20:18.391655Z,2021,7,11,65.859800,22.316200,19.0,0,27.9,1,mainland
2021-07-11T07:20:18.392636Z,2021,7,11,65.842300,22.328100,6.0,0,8.0,1,coast_uncertain
2021-07-11T07:20:18.393555Z,2021,7,11,65.848000,22.369100,6.0,0,12.3,1,coast_uncertain
2021-07-11T07:20:18.578063Z,2021,7,11,65.890500,22.175100,-8.0,0,4.6,1,mainland
2021-07-11T07:25:04.068259Z,2021,7,11,65.243700,22.161600,11.0,0,30.4,1,sea
2021-07-11T07:25:04.384284Z,2021,7,11,65.207300,22.287400,-11.0,0,7.0,1,sea
2021-07-11T07:27:08.614747Z,2021,7,11,65.264400,22.165000,-79.0,0,8.0,1,sea
2021-07-11T07:27:08.637668Z,2021,7,11,65.254200,22.189800,-21.0,0,7.5,1,sea
2021-07-11T07:27:08.648137Z,2021,7,11,65.260500,22.193300,-15.0,0,5.5,1,sea
2021-07-11T07:31:16.078148Z,2021,7,11,65.145600,22.645900,-8.0,0,2.4,1,sea
2021-07-11T07:31:16.125176Z,2021,7,11,65.320400,22.280800,12.0,0,14.3,1,sea
2021-07-11T07:31:16.137188Z,2021,7,11,65.301600,22.267600,-12.0,0,3.0,1,sea
2021-07-11T07:31:16.209701Z,2021,7,11,65.262600,22.139300,7.0,0,2.4,1,sea
2021-07-11T07:31:16.213238Z,2021,7,11,65.132500,22.458100,7.0,0,4.8,1,sea
2021-07-11T07:31:16.216676Z,2021,7,11,65.212000,22.238200,7.0,0,20.1,1,sea
2021-07-11T07:31:16.216727Z,2021,7,11,65.154800,22.371600,12.0,0,27.4,1,sea
2021-07-11T07:33:16.525921Z,2021,7,11,65.321800,22.109200,12.0,0,11.0,1,sea
2021-07-11T07:33:16.530035Z,2021,7,11,65.279400,22.140200,5.0,0,1.9,1,sea
2021-07-11T07:33:16.971215Z,2021,7,11,65.255200,22.252100,17.0,0,6.2,1,sea
2021-07-11T07:33:16.971984Z,2021,7,11,65.291600,22.357300,10.0,0,2.3,1,sea
2021-07-11T07:33:16.973093Z,2021,7,11,65.163600,22.571900,-6.0,0,16.7,1,sea
2021-07-11T07:33:16.973132Z,2021,7,11,65.299400,22.427900,6.0,0,3.8,1,sea
2021-07-11T07:33:17.170990Z,2021,7,11,65.302500,22.196300,-8.0,0,6.3,1,sea
2021-07-11T07:33:17.182615Z,2021,7,11,65.277200,22.302500,-8.0,0,1.2,1,sea
2021-07-11T07:33:17.453920Z,2021,7,11,65.311100,22.107900,3.0,0,6.2,1,sea
2021-07-11T07:34:19.969492Z,2021,7,11,65.297900,22.394300,-19.0,0,14.5,1,sea
2021-07-11T07:34:20.019147Z,2021,7,11,65.286100,22.371000,-7.0,0,1.3,1,sea
2021-07-11T07:34:20.079177Z,2021,7,11,65.298500,22.419800,4.0,0,1.3,1,sea
2021-07-11T07:34:20.177445Z,2021,7,11,65.288300,22.381700,-9.0,0,1.8,1,sea
2021-07-11T07:34:59.295903Z,2021,7,11,65.152300,22.653700,-5.0,0,1.4,1,sea
2021-07-11T07:34:59.408445Z,2021,7,11,65.213800,22.499700,-8.0,0,1.9,1,sea
2021-07-11T07:35:42.630339Z,2021,7,11,65.290300,22.311100,-9.0,0,5.7,1,sea
2021-07-11T07:35:42.718196Z,2021,7,11,65.299300,22.438800,-8.0,0,2.5,1,sea
2021-07-11T07:37:02.565719Z,2021,7,11,65.342600,22.239000,-9.0,0,9.8,1,sea
2021-07-11T07:37:02.578994Z,2021,7,11,65.338200,22.283800,-9.0,0,3.2,1,sea
2021-07-11T07:37:02.617612Z,2021,7,11,65.327700,22.189400,-7.0,0,1.7,1,sea
2021-07-11T07:37:02.957753Z,2021,7,11,65.363400,22.145800,-7.0,0,2.3,1,sea
2021-07-11T07:37:03.440526Z,2021,7,11,65.367800,22.175900,-9.0,0,1.5,1,sea
2021-07-11T07:37:41.150624Z,2021,7,11,65.316800,22.259900,-9.0,0,2.5,1,sea
2021-07-11T07:37:41.221773Z,2021,7,11,65.325900,22.199000,-6.0,0,1.4,1,sea
2021-07-11T07:38:12.887683Z,2021,7,11,65.353700,22.335900,-6.0,0,1.2,1,sea
2021-07-11T07:38:12.940714Z,2021,7,11,65.349000,22.224900,-8.0,0,4.1,1,sea
2021-07-11T07:38:13.037217Z,2021,7,11,65.349300,22.242600,-9.0,0,3.2,1,sea
2021-07-11T07:38:13.341091Z,2021,7,11,65.342800,22.256200,-11.0,0,2.7,1,sea
2021-07-11T07:38:24.720295Z,2021,7,11,65.214800,22.473800,10.0,0,9.7,1,sea
2021-07-11T07:38:24.725788Z,2021,7,11,65.088400,22.718200,3.0,0,2.1,1,sea
2021-07-11T07:39:01.878190Z,2021,7,11,65.340900,22.325000,-10.0,0,2.6,1,sea
2021-07-11T07:39:01.966914Z,2021,7,11,65.344100,22.207900,-9.0,0,2.4,1,sea
2021-07-11T07:39:02.085382Z,2021,7,11,65.365100,22.312500,-13.0,0,4.1,1,sea
2021-07-11T07:39:02.085823Z,2021,7,11,65.322100,22.386800,-16.0,0,2.3,1,sea
2021-07-11T07:39:02.152692Z,2021,7,11,65.380600,22.295200,-40.0,0,8.0,1,sea
2021-07-11T07:39:02.179076Z,2021,7,11,65.305200,22.190300,11.0,0,8.3,1,sea
2021-07-11T07:39:02.179747Z,2021,7,11,65.136600,22.497300,5.0,0,30.4,1,sea
2021-07-11T07:39:02.180755Z,2021,7,11,65.308900,22.133200,6.0,0,8.3,1,sea
2021-07-11T07:39:02.475246Z,2021,7,11,65.308300,22.113900,-5.0,0,1.5,1,sea
2021-07-11T07:39:02.507012Z,2021,7,11,65.258700,22.211000,-4.0,0,2.5,1,sea
2021-07-11T07:40:00.747040Z,2021,7,11,65.349700,22.259100,-14.0,0,3.7,1,sea
2021-07-11T07:40:00.759755Z,2021,7,11,65.351500,22.231600,-19.0,0,4.3,1,sea
2021-07-11T07:40:00.819246Z,2021,7,11,65.354300,22.270800,-7.0,0,1.3,1,sea
2021-07-11T07:40:01.031818Z,2021,7,11,65.335800,22.188100,9.0,0,11.7,1,sea
2021-07-11T07:40:01.033339Z,2021,7,11,65.341300,22.245100,12.0,0,11.4,1,sea
2021-07-11T07:40:01.033358Z,2021,7,11,65.313000,22.310400,-9.0,0,16.3,1,sea
2021-07-11T07:40:02.160668Z,2021,7,11,65.373900,22.022500,10.0,0,7.0,1,coast_uncertain
2021-07-11T07:41:03.496196Z,2021,7,11,65.888200,22.501300,12.0,0,16.7,1,coast_uncertain
2021-07-11T07:41:04.747422Z,2021,7,11,65.351600,22.283300,-12.0,0,3.7,1,sea
2021-07-11T07:41:04.824733Z,2021,7,11,65.361900,22.205100,-9.0,0,3.7,1,sea
2021-07-11T07:41:04.890085Z,2021,7,11,65.352900,22.214100,-5.0,0,1.3,1,sea
2021-07-11T07:41:05.035785Z,2021,7,11,65.354400,22.217800,-7.0,0,1.4,1,sea
2021-07-11T07:41:05.184948Z,2021,7,11,65.355100,22.221100,-7.0,0,1.5,1,sea
2021-07-11T07:42:06.133179Z,2021,7,11,65.365200,22.392900,-8.0,0,2.7,1,sea
2021-07-11T07:42:06.166221Z,2021,7,11,65.337600,22.359400,-9.0,0,1.9,1,sea
2021-07-11T07:42:06.289347Z,2021,7,11,65.354300,22.410300,-10.0,0,1.8,1,sea
2021-07-11T07:42:06.624738Z,2021,7,11,65.370800,22.105000,5.0,0,7.4,1,sea
2021-07-11T07:42:06.625146Z,2021,7,11,65.361200,22.138600,13.0,0,3.6,1,sea
2021-07-11T07:42:06.628701Z,2021,7,11,65.372700,22.218300,11.0,0,18.2,1,sea
2021-07-11T07:42:07.072353Z,2021,7,11,65.299000,22.305300,5.0,0,6.2,1,sea
2021-07-11T07:42:07.207347Z,2021,7,11,65.362600,21.957200,-5.0,0,1.5,1,sea
2021-07-11T07:43:13.785094Z,2021,7,11,65.230200,22.670600,6.0,0,1.8,1,sea
2021-07-11T07:43:14.204024Z,2021,7,11,65.337000,22.211000,4.0,0,23.2,1,sea
2021-07-11T07:44:31.941474Z,2021,7,11,65.383800,22.364400,12.0,0,7.6,1,coast_uncertain
2021-07-11T07:44:31.941478Z,2021,7,11,65.396200,22.369200,10.0,0,13.0,1,coast_uncertain
2021-07-11T07:44:31.941965Z,2021,7,11,65.394900,22.375100,7.0,0,6.6,1,coast_uncertain
2021-07-11T07:44:32.451790Z,2021,7,11,65.220800,22.453000,6.0,0,4.2,1,sea
2021-07-11T07:45:00.360653Z,2021,7,11,65.160900,22.384200,-19.0,0,7.3,1,sea
2021-07-11T07:45:00.423352Z,2021,7,11,65.149300,22.341300,13.0,0,12.4,1,sea
2021-07-11T07:45:00.423372Z,2021,7,11,65.196700,22.296100,16.0,0,14.5,1,sea
2021-07-11T07:46:05.390563Z,2021,7,11,65.249500,22.630400,-14.0,0,3.1,1,sea
2021-07-11T07:46:05.407265Z,2021,7,11,65.400100,22.335900,-13.0,0,2.1,1,sea
2021-07-11T07:46:05.455894Z,2021,7,11,65.408200,22.298700,-14.0,0,4.2,1,sea
2021-07-11T07:46:05.490861Z,2021,7,11,65.291600,22.309100,-6.0,0,3.9,1,sea
2021-07-11T07:46:05.523557Z,2021,7,11,65.381300,22.261700,-9.0,0,4.3,1,sea
2021-07-11T07:47:34.376868Z,2021,7,11,65.429700,22.300900,5.0,0,2.7,1,coast_uncertain
2021-07-11T07:47:34.376910Z,2021,7,11,65.298800,22.544700,10.0,0,5.5,1,sea
2021-07-11T07:47:34.378501Z,2021,7,11,65.400800,22.327900,5.0,0,11.8,1,sea
2021-07-11T07:47:34.378801Z,2021,7,11,65.314100,22.515200,10.0,0,10.8,1,sea
2021-07-11T07:47:34.382380Z,2021,7,11,65.249500,22.620700,7.0,0,5.7,1,sea
2021-07-11T07:49:19.906272Z,2021,7,11,65.429000,22.321000,28.0,0,10.7,1,coast_uncertain
2021-07-11T07:49:19.906782Z,2021,7,11,65.439700,22.620000,-20.0,0,8.6,1,sea
2021-07-11T07:49:19.906810Z,2021,7,11,65.435500,22.286300,8.0,0,19.8,1,coast_uncertain
2021-07-11T07:49:19.979855Z,2021,7,11,65.216900,22.635000,6.0,0,1.5,1,sea
2021-07-11T07:49:20.387558Z,2021,7,11,65.364900,22.378300,-5.0,0,1.8,1,sea
2021-07-11T07:49:26.712260Z,2021,7,11,65.639000,22.007500,-15.0,0,5.8,1,coast_uncertain
2021-07-11T07:49:26.712298Z,2021,7,11,65.506300,22.254500,-28.0,0,7.3,1,coast_uncertain
2021-07-11T07:51:09.955070Z,2021,7,11,65.426200,22.315600,-15.0,0,3.9,1,coast_uncertain
2021-07-11T07:51:09.962824Z,2021,7,11,65.432300,22.313400,-32.0,0,7.5,1,coast_uncertain
2021-07-11T07:51:09.976589Z,2021,7,11,65.431900,22.320800,-12.0,0,2.7,1,coast_uncertain
2021-07-11T07:52:43.927435Z,2021,7,11,65.424200,22.282600,-10.0,0,7.5,1,coast_uncertain
2021-07-11T07:52:43.935023Z,2021,7,11,65.420000,22.311500,-33.0,0,6.1,1,coast_uncertain
2021-07-11T07:52:43.951620Z,2021,7,11,65.375600,22.235800,-16.0,0,8.6,1,sea
2021-07-11T07:52:43.984304Z,2021,7,11,65.229600,22.652300,-7.0,0,1.9,1,sea
2021-07-11T07:52:44.559877Z,2021,7,11,65.439600,22.213400,29.0,0,16.5,1,coast_uncertain
2021-07-11T07:52:44.559906Z,2021,7,11,65.385000,22.306400,24.0,0,20.3,1,sea
2021-07-11T07:52:44.562146Z,2021,7,11,65.366200,22.319000,6.0,0,8.6,1,sea
2021-07-11T07:53:05.329252Z,2021,7,11,65.224200,22.285100,-16.0,0,9.7,1,sea
2021-07-11T07:53:07.066022Z,2021,7,11,65.626200,22.050400,-13.0,0,3.8,1,coast_uncertain
2021-07-11T07:53:07.112099Z,2021,7,11,65.601000,22.054600,-5.0,0,8.3,1,mainland
2021-07-11T07:54:20.587487Z,2021,7,11,65.236900,22.391300,-7.0,0,6.6,1,sea
2021-07-11T07:54:20.783946Z,2021,7,11,65.223200,22.521900,-10.0,0,12.6,1,sea
2021-07-11T07:54:20.820746Z,2021,7,11,65.242100,22.395000,-4.0,0,1.2,1,sea
2021-07-11T07:55:55.501946Z,2021,7,11,65.327100,22.409000,5.0,0,5.8,1,sea
2021-07-11T07:55:55.991208Z,2021,7,11,65.453000,22.002300,8.0,0,4.6,1,coast_uncertain
2021-07-11T07:57:49.980205Z,2021,7,11,65.326800,22.390700,18.0,0,15.0,1,sea
2021-07-11T07:57:49.980214Z,2021,7,11,65.312600,22.366500,20.0,0,17.3,1,coast_uncertain
2021-07-11T07:57:49.980674Z,2021,7,11,65.165100,22.698500,6.0,0,2.3,1,sea
2021-07-11T07:57:50.344271Z,2021,7,11,65.388200,22.395900,-6.0,0,3.9,1,coast_uncertain
2021-07-11T08:00:03.238014Z,2021,7,11,65.671100,22.030600,53.0,0,10.7,1,mainland
2021-07-11T08:00:03.238037Z,2021,7,11,65.778000,22.135500,-59.0,0,12.6,1,coast_uncertain
2021-07-11T08:00:03.247951Z,2021,7,11,65.657800,22.129200,-6.0,0,7.7,1,mainland
2021-07-11T08:00:13.416005Z,2021,7,11,65.308600,22.487300,-9.0,0,2.4,1,sea
2021-07-11T08:00:13.607287Z,2021,7,11,65.327900,22.445800,-16.0,0,6.2,1,sea
2021-07-11T08:00:13.686190Z,2021,7,11,65.330000,22.451300,-9.0,0,1.8,1,sea
2021-07-11T08:00:40.417497Z,2021,7,11,65.308700,22.450400,-11.0,0,3.2,1,sea
2021-07-11T08:01:02.475560Z,2021,7,11,65.326200,22.455600,-11.0,0,3.3,1,sea
2021-07-11T08:01:23.040846Z,2021,7,11,65.317200,22.448300,-14.0,0,3.1,1,sea
2021-07-11T08:01:23.079573Z,2021,7,11,65.318800,22.452600,-6.0,0,1.3,1,sea
2021-07-11T08:01:23.184679Z,2021,7,11,65.330400,22.451000,-8.0,0,1.4,1,sea
2021-07-11T08:01:23.229604Z,2021,7,11,65.329700,22.447000,-8.0,0,2.1,1,sea
2021-07-11T08:01:23.252288Z,2021,7,11,65.331500,22.451300,-7.0,0,2.7,1,sea
2021-07-11T08:01:23.410473Z,2021,7,11,65.329900,22.448100,-12.0,0,1.9,1,sea
2021-07-11T08:01:23.580609Z,2021,7,11,65.302600,22.490300,-20.0,0,4.8,1,sea
2021-07-11T08:01:23.607932Z,2021,7,11,65.240600,22.569700,8.0,0,3.2,1,sea
2021-07-11T08:01:23.610918Z,2021,7,11,65.323900,22.440100,18.0,0,9.2,1,sea
2021-07-11T08:01:23.684501Z,2021,7,11,65.311800,22.431000,-16.0,0,4.4,1,sea
2021-07-11T08:01:23.704877Z,2021,7,11,65.302400,22.402600,-23.0,0,12.6,1,sea
2021-07-11T08:01:23.722332Z,2021,7,11,65.323000,22.433200,-12.0,0,3.0,1,sea
2021-07-11T08:01:23.734013Z,2021,7,11,65.390200,22.357300,8.0,0,3.5,1,sea
2021-07-11T08:01:23.734495Z,2021,7,11,65.443100,22.223000,7.0,0,18.7,1,coast_uncertain
2021-07-11T08:01:23.735266Z,2021,7,11,65.372500,22.390600,8.0,0,16.0,1,sea
2021-07-11T08:01:23.736900Z,2021,7,11,65.450700,22.194900,8.0,0,5.0,1,coast_uncertain
2021-07-11T08:01:23.752752Z,2021,7,11,65.388000,22.228000,21.0,0,6.7,1,sea
2021-07-11T08:02:52.755377Z,2021,7,11,65.345100,22.406100,-12.0,0,2.4,1,sea
2021-07-11T08:02:52.762191Z,2021,7,11,65.224900,22.674300,-6.0,0,3.7,1,sea
2021-07-11T08:03:17.162558Z,2021,7,11,65.333300,22.411400,-12.0,0,2.6,1,sea
2021-07-11T08:03:56.535875Z,2021,7,11,65.364300,22.446400,-11.0,0,3.1,1,coast_uncertain
2021-07-11T08:03:56.617946Z,2021,7,11,65.376300,22.320500,-7.0,0,1.8,1,sea
2021-07-11T08:03:56.638387Z,2021,7,11,65.366300,22.392500,-16.0,0,4.3,1,sea
2021-07-11T08:04:34.596643Z,2021,7,11,65.352300,22.490500,-10.0,0,3.2,1,sea
2021-07-11T08:04:34.648954Z,2021,7,11,65.357800,22.438800,-10.0,0,2.5,1,coast_uncertain
2021-07-11T08:05:18.174736Z,2021,7,11,65.548500,22.407200,14.0,0,14.5,1,coast_uncertain
2021-07-11T08:05:18.176256Z,2021,7,11,65.632200,22.255800,6.0,0,2.4,1,coast_uncertain
2021-07-11T08:05:18.176923Z,2021,7,11,65.550100,22.428000,6.0,0,5.1,1,coast_uncertain
2021-07-11T08:05:18.178041Z,2021,7,11,65.551000,22.380800,6.0,0,11.1,1,mainland
2021-07-11T08:05:18.179698Z,2021,7,11,65.546300,22.271400,8.0,0,14.1,1,coast_uncertain
2021-07-11T08:05:18.299221Z,2021,7,11,65.478000,22.135200,9.0,0,8.9,1,sea
2021-07-11T08:06:12.161682Z,2021,7,11,65.327600,22.573200,-12.0,0,13.9,1,sea
2021-07-11T08:06:12.161729Z,2021,7,11,65.261400,22.654000,9.0,0,1.8,1,sea
2021-07-11T08:07:51.315059Z,2021,7,11,65.357900,22.432700,-10.0,0,3.6,1,coast_uncertain
2021-07-11T08:07:51.547152Z,2021,7,11,65.370500,22.437300,-21.0,0,11.7,1,coast_uncertain
2021-07-11T08:07:51.586397Z,2021,7,11,65.371100,22.435100,-20.0,0,4.3,1,coast_uncertain
2021-07-11T08:07:51.618604Z,2021,7,11,65.362900,22.428600,-10.0,0,4.4,1,coast_uncertain
2021-07-11T08:09:02.574968Z,2021,7,11,65.360200,22.432500,-4.0,0,4.2,1,coast_uncertain
2021-07-11T08:09:02.625160Z,2021,7,11,65.348100,22.534900,-8.0,0,8.2,1,sea
2021-07-11T08:09:39.488076Z,2021,7,11,65.385700,22.412100,-8.0,0,3.1,1,sea
2021-07-11T08:09:39.614576Z,2021,7,11,65.539900,22.673500,5.0,0,3.3,1,sea
2021-07-11T08:09:39.618942Z,2021,7,11,65.271000,22.429500,-8.0,0,10.5,1,sea
2021-07-11T08:09:39.656345Z,2021,7,11,65.327800,22.277300,7.0,0,8.3,1,sea
2021-07-11T08:09:39.671464Z,2021,7,11,65.412800,22.451800,-6.0,0,11.7,1,coast_uncertain
2021-07-11T08:09:39.671997Z,2021,7,11,65.629400,22.492600,-5.0,0,14.4,1,coast_uncertain
2021-07-11T08:11:23.330203Z,2021,7,11,65.384600,22.425400,-6.0,0,2.4,1,sea
2021-07-11T08:12:26.241916Z,2021,7,11,65.402200,22.453700,-8.0,0,2.1,1,sea
2021-07-11T08:12:26.344951Z,2021,7,11,65.372100,22.515200,45.0,0,8.2,1,coast_uncertain
2021-07-11T08:12:26.425100Z,2021,7,11,65.415300,22.419300,-9.0,0,2.5,1,sea
2021-07-11T08:12:26.838138Z,2021,7,11,65.641400,21.789000,20.0,0,4.8,1,coast_uncertain
2021-07-11T08:12:26.923208Z,2021,7,11,65.497300,22.227400,25.0,0,9.1,1,coast_uncertain
2021-07-11T08:14:25.628871Z,2021,7,11,65.419100,22.437700,-18.0,0,7.3,1,sea
2021-07-11T08:14:25.638014Z,2021,7,11,65.402700,22.481400,-31.0,0,6.1,1,sea
2021-07-11T08:14:25.661843Z,2021,7,11,65.395800,22.489000,-9.0,0,3.3,1,sea
2021-07-11T08:15:00.671806Z,2021,7,11,65.445000,22.336000,-6.0,0,1.7,1,coast_uncertain
2021-07-11T08:15:00.755900Z,2021,7,11,65.446600,22.381400,8.0,0,1.8,1,islands
2021-07-11T08:15:00.949615Z,2021,7,11,65.568400,21.942600,18.0,0,12.6,1,mainland
2021-07-11T08:15:07.698883Z,2021,7,11,65.747700,22.246500,17.0,0,5.5,1,coast_uncertain
2021-07-11T08:15:07.698886Z,2021,7,11,65.745000,22.217500,17.0,0,11.9,1,coast_uncertain
2021-07-11T08:15:50.650654Z,2021,7,11,65.425800,22.445500,9.0,0,9.3,1,sea
2021-07-11T08:15:50.651331Z,2021,7,11,65.188100,22.768500,8.0,0,3.0,1,sea
2021-07-11T08:15:50.651673Z,2021,7,11,65.262400,22.826700,9.0,0,2.3,1,sea
2021-07-11T08:15:51.068614Z,2021,7,11,65.285800,22.511400,7.0,0,2.3,1,sea
2021-07-11T08:17:31.637891Z,2021,7,11,65.456700,22.531500,6.0,0,6.3,1,sea
2021-07-11T08:17:31.638587Z,2021,7,11,65.465500,22.499800,27.0,0,22.5,1,sea
2021-07-11T08:17:31.638587Z,2021,7,11,65.440800,22.551400,29.0,0,30.4,1,sea
2021-07-11T08:17:31.640502Z,2021,7,11,65.434000,22.518300,6.0,0,1.9,1,sea
2021-07-11T08:17:32.190724Z,2021,7,11,65.627100,22.290900,5.0,0,6.7,1,coast_uncertain
2021-07-11T08:18:57.146290Z,2021,7,11,65.455000,22.534000,-20.0,0,5.2,1,sea
2021-07-11T08:18:57.220470Z,2021,7,11,65.466100,22.509800,-8.0,0,4.2,1,sea
2021-07-11T08:18:57.276740Z,2021,7,11,65.446600,22.449600,-8.0,0,2.5,1,sea
2021-07-11T08:20:01.251010Z,2021,7,11,65.469600,22.566300,-29.0,0,8.9,1,sea
2021-07-11T08:20:01.283476Z,2021,7,11,65.465700,22.521200,-10.0,0,4.1,1,sea
2021-07-11T08:20:29.865728Z,2021,7,11,65.452300,22.596600,-13.0,0,6.8,1,coast_uncertain
2021-07-11T08:20:29.899672Z,2021,7,11,65.275700,22.881200,-8.0,0,2.5,1,sea
2021-07-11T08:20:29.966054Z,2021,7,11,65.455700,22.527000,-14.0,0,4.5,1,sea
2021-07-11T08:20:30.074607Z,2021,7,11,65.465400,22.672200,-10.0,0,3.3,1,sea
2021-07-11T08:20:30.214382Z,2021,7,11,65.464100,22.671200,-12.0,0,3.1,1,sea
2021-07-11T08:20:30.277848Z,2021,7,11,65.445300,22.665200,-7.0,0,1.9,1,sea
2021-07-11T08:21:44.835595Z,2021,7,11,65.459800,22.575700,-7.0,0,6.3,1,sea
2021-07-11T08:21:44.881180Z,2021,7,11,65.489500,22.531000,-9.0,0,2.9,1,coast_uncertain
2021-07-11T08:22:43.697689Z,2021,7,11,65.478200,22.530600,-24.0,0,5.2,1,coast_uncertain
2021-07-11T08:22:43.727527Z,2021,7,11,65.477700,22.600100,-15.0,0,3.9,1,coast_uncertain
2021-07-11T08:22:43.760658Z,2021,7,11,65.521200,22.532000,-9.0,0,3.2,1,sea
2021-07-11T08:22:43.928068Z,2021,7,11,65.338600,22.672300,-8.0,0,2.7,1,sea
2021-07-11T08:23:37.865190Z,2021,7,11,65.482700,22.632700,-9.0,0,3.9,1,coast_uncertain
2021-07-11T08:23:37.880360Z,2021,7,11,65.460600,22.524000,-10.0,0,3.8,1,sea
2021-07-11T08:24:34.894446Z,2021,7,11,65.487100,22.595400,-11.0,0,6.9,1,sea
2021-07-11T08:24:34.953481Z,2021,7,11,65.461500,22.470800,-10.0,0,5.2,1,sea
2021-07-11T08:24:35.064920Z,2021,7,11,65.510200,22.525800,-10.0,0,5.8,1,coast_uncertain
2021-07-11T08:28:35.988035Z,2021,7,11,65.510900,22.354700,-12.0,0,9.9,1,coast_uncertain
2021-07-11T08:28:35.990172Z,2021,7,11,65.534000,22.369400,-111.0,0,23.6,1,sea
2021-07-11T08:28:35.990173Z,2021,7,11,65.515300,22.426800,-126.0,0,11.1,1,sea
2021-07-11T08:28:36.018983Z,2021,7,11,65.512500,22.437800,-34.0,0,11.4,1,sea
2021-07-11T08:28:36.043981Z,2021,7,11,65.519600,22.426400,-26.0,0,5.4,1,sea
2021-07-11T08:28:36.122060Z,2021,7,11,65.527300,22.507700,7.0,0,9.1,1,sea
2021-07-11T08:28:36.123229Z,2021,7,11,65.566500,22.464900,13.0,0,13.1,1,sea
2021-07-11T08:28:36.124510Z,2021,7,11,65.521500,22.470500,14.0,0,22.9,1,sea
2021-07-11T08:28:36.425617Z,2021,7,11,65.560000,22.434200,-10.0,0,3.7,1,sea
2021-07-11T08:28:37.190089Z,2021,7,11,65.624300,21.496400,5.0,0,22.4,1,mainland
2021-07-11T08:32:28.251913Z,2021,7,11,65.603800,22.637900,8.0,0,5.8,1,coast_uncertain
2021-07-11T08:32:28.254691Z,2021,7,11,65.614500,22.679300,-65.0,0,8.9,1,coast_uncertain
2021-07-11T08:32:28.293240Z,2021,7,11,65.622200,22.643000,-12.0,0,3.1,1,sea
2021-07-11T08:32:28.537560Z,2021,7,11,65.593600,22.647400,6.0,0,3.8,1,coast_uncertain
2021-07-11T08:32:28.571191Z,2021,7,11,65.576900,22.492600,8.0,0,10.4,1,sea
2021-07-11T08:32:28.578968Z,2021,7,11,65.613800,22.731200,8.0,0,19.3,1,sea
2021-07-11T08:32:28.735811Z,2021,7,11,65.541000,22.234300,34.0,0,16.2,1,coast_uncertain
2021-07-11T08:32:28.916182Z,2021,7,11,65.690800,21.961100,7.0,0,3.1,1,mainland
2021-07-11T08:35:37.002163Z,2021,7,11,65.611900,22.778500,-10.0,0,12.6,1,sea
2021-07-11T08:35:37.036410Z,2021,7,11,65.580900,22.725900,-8.0,0,3.0,1,sea
2021-07-11T08:36:49.834831Z,2021,7,11,65.610500,22.645800,14.0,0,5.1,1,coast_uncertain
2021-07-11T08:36:49.836240Z,2021,7,11,65.639100,22.622500,13.0,0,10.1,1,coast_uncertain
2021-07-11T08:36:49.995931Z,2021,7,11,65.671100,22.368800,5.0,0,5.5,1,coast_uncertain
2021-07-11T08:36:50.055941Z,2021,7,11,65.739100,22.352600,37.0,0,11.1,1,coast_uncertain
2021-07-11T08:36:50.342117Z,2021,7,11,65.757500,22.040600,-7.0,0,1.7,1,mainland
2021-07-11T08:39:02.091347Z,2021,7,11,65.609300,22.702200,5.0,0,2.1,1,sea
2021-07-11T08:39:02.092513Z,2021,7,11,65.631300,22.700600,6.0,0,3.1,1,sea
2021-07-11T08:40:01.644620Z,2021,7,11,65.652200,22.694000,-13.0,0,17.9,1,coast_uncertain
2021-07-11T08:40:01.644719Z,2021,7,11,65.606400,22.701000,-20.0,0,9.9,1,sea
2021-07-11T08:41:12.802630Z,2021,7,11,65.639200,22.744500,-17.0,0,14.4,1,sea
2021-07-11T08:41:12.819686Z,2021,7,11,65.666700,22.724300,-6.0,0,3.7,1,coast_uncertain
2021-07-11T08:42:07.047631Z,2021,7,11,65.638900,22.664100,11.0,0,6.2,1,coast_uncertain
2021-07-11T08:42:07.048098Z,2021,7,11,65.644800,22.624800,10.0,0,8.8,1,coast_uncertain
2021-07-11T08:42:07.048521Z,2021,7,11,65.637100,22.655900,12.0,0,8.6,1,coast_uncertain
2021-07-11T08:42:07.049394Z,2021,7,11,65.569600,22.771700,4.0,0,4.6,1,coast_uncertain
2021-07-11T08:43:50.487143Z,2021,7,11,65.652900,22.623300,13.0,0,3.7,1,coast_uncertain
2021-07-11T08:43:50.487737Z,2021,7,11,65.617500,22.712700,9.0,0,11.0,1,sea
2021-07-11T08:43:50.487744Z,2021,7,11,65.656000,22.520500,12.0,0,24.8,1,sea
2021-07-11T08:43:50.488557Z,2021,7,11,65.682400,22.690900,11.0,0,14.9,1,coast_uncertain
2021-07-11T08:43:50.695504Z,2021,7,11,65.621100,22.559200,20.0,0,8.1,1,sea
2021-07-11T08:43:50.769460Z,2021,7,11,65.692500,22.415300,7.0,0,4.8,1,sea
2021-07-11T08:43:50.845512Z,2021,7,11,65.717200,22.003900,6.0,0,13.5,1,mainland
2021-07-11T08:43:51.155290Z,2021,7,11,65.730100,22.428800,-23.0,0,6.6,1,coast_uncertain
2021-07-11T08:43:51.308680Z,2021,7,11,65.736100,22.433100,-20.0,0,12.2,1,sea
2021-07-11T08:51:52.524188Z,2021,7,11,65.741700,22.587100,9.0,0,11.0,1,sea
2021-07-11T08:51:52.542008Z,2021,7,11,65.730800,22.705100,8.0,0,23.8,1,coast_uncertain
2021-07-11T08:51:52.594536Z,2021,7,11,65.740200,22.469400,-6.0,0,13.2,1,sea
2021-07-11T08:51:52.595424Z,2021,7,11,65.729600,22.579100,51.0,0,13.7,1,coast_uncertain
2021-07-11T08:51:52.875194Z,2021,7,11,65.700400,22.442200,-5.0,0,1.5,1,sea
2021-07-11T08:51:53.300094Z,2021,7,11,65.914300,22.037200,-5.0,0,5.7,1,coast_uncertain
2021-07-11T08:51:53.634351Z,2021,7,11,65.804200,22.004000,-6.0,0,13.9,1,coast_uncertain
2021-07-11T08:51:53.688302Z,2021,7,11,65.603000,22.145800,-11.0,0,3.8,1,mainland
2021-07-11T08:56:38.877796Z,2021,7,11,65.830800,22.340400,7.0,0,8.0,1,coast_uncertain
2021-07-11T08:56:38.889288Z,2021,7,11,65.840700,22.384000,6.0,0,6.2,1,coast_uncertain
2021-07-11T08:56:38.965000Z,2021,7,11,65.796700,22.457400,48.0,0,12.4,1,coast_uncertain
2021-07-11T08:56:39.056163Z,2021,7,11,65.791200,22.420800,-8.0,0,2.6,1,coast_uncertain
2021-07-11T08:56:39.069717Z,2021,7,11,65.790500,22.448200,-7.0,0,2.4,1,sea
2021-07-11T08:56:39.088611Z,2021,7,11,65.801900,22.480900,-7.0,0,2.9,1,coast_uncertain
2021-07-11T08:56:39.154078Z,2021,7,11,65.790500,22.449400,-5.0,0,2.5,1,sea
2021-07-11T08:56:39.201759Z,2021,7,11,65.800900,22.578500,-20.0,0,7.5,1,coast_uncertain
2021-07-11T08:58:06.545436Z,2021,7,11,65.239700,23.061500,-4.0,0,4.5,1,sea
2021-07-11T09:22:36.274317Z,2021,7,11,65.684800,22.759800,-39.0,0,6.4,1,sea
2021-07-11T09:22:36.305609Z,2021,7,11,65.675400,22.754000,-17.0,0,7.0,1,sea
2021-07-11T09:38:18.402678Z,2021,7,11,65.336100,22.986700,-8.0,0,4.2,1,sea
2021-07-15T13:30:29.064306Z,2021,7,15,65.990100,21.861800,-11.0,0,5.2,1,mainland
2021-07-15T13:31:15.349456Z,2021,7,15,66.021300,21.939700,-6.0,0,4.9,1,coast_uncertain
2021-07-15T13:32:31.391944Z,2021,7,15,66.008500,21.992300,-6.0,0,2.9,1,coast_uncertain
2021-07-15T13:32:31.501353Z,2021,7,15,65.994700,21.934100,-6.0,0,7.6,1,mainland
2021-07-15T13:34:41.239499Z,2021,7,15,66.012100,21.956700,-19.0,0,9.1,1,coast_uncertain
2021-07-15T13:34:41.320507Z,2021,7,15,66.041800,21.958300,-6.0,0,6.0,1,coast_uncertain
2021-07-15T13:34:41.321398Z,2021,7,15,66.029500,21.938600,-5.0,0,4.2,1,coast_uncertain
2021-07-15T13:35:23.896422Z,2021,7,15,65.961200,21.899400,8.0,0,3.8,1,mainland
2021-07-15T13:36:54.703617Z,2021,7,15,66.024300,22.059700,-4.0,0,6.4,1,coast_uncertain
2021-07-15T13:36:54.919521Z,2021,7,15,66.146800,22.001700,-12.0,0,11.2,1,coast_uncertain
2021-07-15T13:37:32.455585Z,2021,7,15,66.046900,22.015800,-8.0,0,4.8,1,coast_uncertain
2021-07-15T13:37:32.517186Z,2021,7,15,66.030800,22.015800,-12.0,0,7.4,1,coast_uncertain
2021-07-15T13:39:07.280550Z,2021,7,15,66.196000,22.072300,11.0,0,5.5,1,mainland
2021-07-15T13:39:07.280643Z,2021,7,15,66.212800,22.081200,-17.0,0,8.5,1,mainland
2021-07-15T13:39:07.285042Z,2021,7,15,66.193600,22.110900,-26.0,0,11.7,1,mainland
2021-07-15T13:39:07.285046Z,2021,7,15,66.208600,22.066100,-17.0,0,12.4,1,coast_uncertain
2021-07-15T13:39:07.321937Z,2021,7,15,66.193300,22.096300,-16.0,0,8.8,1,mainland
2021-07-15T13:39:07.416847Z,2021,7,15,66.200100,22.078200,-6.0,0,5.0,1,coast_uncertain
2021-07-15T13:40:21.185854Z,2021,7,15,66.040900,22.095200,5.0,0,5.8,1,coast_uncertain
2021-07-15T13:41:44.008435Z,2021,7,15,66.001000,22.031600,-6.0,0,8.6,1,coast_uncertain
2021-07-15T13:41:44.017837Z,2021,7,15,66.007600,22.074100,-28.0,0,9.3,1,coast_uncertain
2021-07-15T13:43:53.665269Z,2021,7,15,66.083700,22.165900,6.0,0,9.1,1,coast_uncertain
2021-07-15T13:43:57.721321Z,2021,7,15,66.016500,22.126100,6.0,0,11.4,1,mainland
2021-07-15T13:46:29.637512Z,2021,7,15,66.063000,22.154600,-46.0,0,8.3,1,coast_uncertain
2021-07-15T13:46:29.653881Z,2021,7,15,66.067100,22.139400,-10.0,0,7.5,1,mainland
2021-07-15T13:46:29.658871Z,2021,7,15,66.069800,22.213700,-6.0,0,5.6,1,coast_uncertain
2021-07-15T13:46:29.686269Z,2021,7,15,66.067900,22.180500,-9.0,0,5.8,1,coast_uncertain
2021-07-15T13:51:53.200048Z,2021,7,15,66.021300,22.112700,11.0,0,15.3,1,coast_uncertain
2021-07-15T13:51:53.400649Z,2021,7,15,66.001000,22.069500,-8.0,0,12.6,1,mainland
2021-07-15T13:54:04.060243Z,2021,7,15,66.026900,22.168000,8.0,0,6.8,1,mainland
2021-07-15T13:56:53.858482Z,2021,7,15,66.051400,22.253300,5.0,0,2.7,1,coast_uncertain
2021-07-15T13:58:38.861264Z,2021,7,15,66.063800,22.239600,4.0,0,11.2,1,coast_uncertain
2021-07-15T13:59:49.295935Z,2021,7,15,66.059700,22.257000,8.0,0,6.8,1,mainland
2021-07-18T12:26:54.521028Z,2021,7,18,66.225100,22.123400,-24.0,0,8.3,1,coast_uncertain
2021-07-18T15:03:49.113540Z,2021,7,18,66.000800,21.962300,11.0,0,7.7,1,mainland
2021-07-18T15:03:49.113571Z,2021,7,18,65.909800,22.121200,14.0,0,11.1,1,coast_uncertain
2021-07-18T15:03:49.114349Z,2021,7,18,65.983100,21.990500,6.0,0,6.3,1,coast_uncertain
2021-07-25T14:09:05.228068Z,2021,7,25,65.906300,22.181100,6.0,0,5.4,1,coast_uncertain
2021-07-26T19:24:07.455755Z,2021,7,26,65.618700,21.563900,5.0,0,16.8,1,mainland
2021-07-26T19:24:07.456404Z,2021,7,26,65.675000,21.414000,6.0,0,4.6,1,mainland
2021-07-26T19:26:21.967949Z,2021,7,26,65.664000,21.472700,10.0,0,15.6,1,coast_uncertain
2021-07-26T19:27:39.284773Z,2021,7,26,65.667900,21.453600,5.0,0,2.5,1,coast_uncertain
2021-07-26T19:29:23.984067Z,2021,7,26,65.672400,21.449800,5.0,0,1.5,1,coast_uncertain
2021-07-26T19:30:58.735906Z,2021,7,26,65.677700,21.435100,6.0,0,3.3,1,coast_uncertain
2021-07-26T19:30:58.736678Z,2021,7,26,65.679600,21.458800,7.0,0,6.3,1,coast_uncertain
2021-07-26T19:33:10.871763Z,2021,7,26,65.650900,21.445700,6.0,0,11.4,1,coast_uncertain
2021-07-26T19:49:36.067645Z,2021,7,26,65.614200,21.581600,7.0,0,5.5,1,mainland
2021-07-26T19:49:36.068061Z,2021,7,26,65.641100,21.678600,-21.0,0,8.8,1,coast_uncertain
2021-07-26T19:49:36.068078Z,2021,7,26,65.656500,21.526000,15.0,0,23.2,1,mainland
2021-07-26T19:58:19.543904Z,2021,7,26,65.651600,21.509800,21.0,0,7.4,1,mainland
2021-07-26T19:58:19.543923Z,2021,7,26,65.626600,21.597000,14.0,0,16.5,1,coast_uncertain
2021-07-26T19:58:19.544530Z,2021,7,26,65.640000,21.591600,-10.0,0,11.4,1,mainland
2021-07-26T19:58:19.546419Z,2021,7,26,65.555500,21.804700,9.0,0,20.1,1,mainland
2021-07-26T19:58:19.546435Z,2021,7,26,65.610800,21.648100,14.0,0,18.6,1,mainland
2021-07-26T19:58:19.552845Z,2021,7,26,65.580600,21.570200,8.0,0,26.3,1,mainland
2021-07-26T19:58:19.554606Z,2021,7,26,65.606100,21.613200,6.0,0,11.8,1,mainland
2021-07-26T20:01:04.168661Z,2021,7,26,65.614500,21.570600,13.0,0,13.6,1,mainland
2021-07-26T20:02:22.613383Z,2021,7,26,65.622600,21.629900,-6.0,0,4.3,1,mainland
2021-07-26T20:04:00.184645Z,2021,7,26,65.610100,21.665500,5.0,0,28.8,1,mainland
2021-07-26T20:04:00.206087Z,2021,7,26,65.609400,21.458200,10.0,0,17.0,1,mainland
2021-07-26T20:04:10.172854Z,2021,7,26,65.699800,21.541600,4.0,0,8.9,1,coast_uncertain
2021-07-26T20:04:10.175501Z,2021,7,26,65.677300,21.597300,8.0,0,4.9,1,coast_uncertain
2021-07-26T20:04:10.188221Z,2021,7,26,65.686900,21.537500,7.0,0,4.8,1,mainland
2021-07-26T20:06:07.502544Z,2021,7,26,65.567700,21.768600,9.0,0,19.0,1,coast_uncertain
2021-07-26T20:06:07.503258Z,2021,7,26,65.551000,21.764300,5.0,0,27.5,1,mainland
2021-07-26T20:06:07.503300Z,2021,7,26,65.631200,21.677500,-18.0,0,21.8,1,coast_uncertain
2021-07-26T20:06:07.503681Z,2021,7,26,65.607700,21.675400,5.0,0,23.0,1,mainland
2021-07-26T20:06:07.516566Z,2021,7,26,65.603200,21.626100,10.0,0,11.7,1,mainland
2021-07-26T20:11:31.292717Z,2021,7,26,65.617300,21.408500,-16.0,0,10.0,1,coast_uncertain
2021-07-26T20:11:31.294306Z,2021,7,26,65.583700,21.537000,-144.0,0,15.0,1,coast_uncertain
2021-07-26T20:11:31.294313Z,2021,7,26,65.635100,21.663600,-120.0,0,14.2,1,mainland
2021-07-26T20:11:31.294324Z,2021,7,26,65.604900,21.649100,-109.0,0,19.3,1,mainland
2021-07-26T20:11:31.309540Z,2021,7,26,65.595500,21.678800,-22.0,0,9.1,1,mainland
2021-07-26T20:11:31.313680Z,2021,7,26,65.607300,21.665600,-12.0,0,22.3,1,mainland
2021-07-26T20:11:31.313701Z,2021,7,26,65.615800,21.705600,14.0,0,9.9,1,coast_uncertain
2021-07-26T20:14:39.251690Z,2021,7,26,65.614100,21.648400,19.0,0,30.4,1,mainland
2021-07-26T20:14:39.251696Z,2021,7,26,65.619500,21.621200,18.0,0,16.7,1,coast_uncertain
2021-07-26T20:16:33.699616Z,2021,7,26,65.575300,21.794000,5.0,0,5.6,1,mainland
2021-07-26T20:16:33.704570Z,2021,7,26,65.592800,21.792000,6.0,0,11.1,1,mainland
2021-07-26T20:18:05.560163Z,2021,7,26,65.607800,21.633900,7.0,0,2.4,1,mainland
2021-07-26T20:18:05.561449Z,2021,7,26,65.595200,21.661700,7.0,0,5.5,1,mainland
2021-07-26T20:19:09.338652Z,2021,7,26,65.573700,21.809800,6.0,0,3.6,1,mainland
2021-07-26T20:23:47.238662Z,2021,7,26,66.003300,22.218600,11.0,0,7.0,1,coast_uncertain
2021-07-26T20:23:47.318887Z,2021,7,26,65.998900,22.234100,-6.0,0,8.2,1,coast_uncertain
2021-07-26T20:24:28.367312Z,2021,7,26,65.598100,21.646600,7.0,0,5.8,1,mainland
2021-07-26T20:26:52.486124Z,2021,7,26,65.620000,21.637100,6.0,0,5.0,1,mainland
2021-07-26T20:28:30.506389Z,2021,7,26,65.593700,21.652700,6.0,0,3.6,1,coast_uncertain
2021-07-26T20:28:30.506898Z,2021,7,26,65.601100,21.656200,7.0,0,3.2,1,mainland
2021-07-26T20:30:36.372547Z,2021,7,26,65.590400,21.697400,-16.0,0,6.7,1,mainland
2021-07-26T20:30:36.379299Z,2021,7,26,65.575700,21.682400,-5.0,0,5.2,1,mainland
2021-07-26T20:31:50.183016Z,2021,7,26,65.599300,21.677200,8.0,0,8.6,1,mainland
2021-07-26T20:31:50.183288Z,2021,7,26,65.578300,21.576000,6.0,0,19.2,1,mainland
2021-07-26T20:31:50.184128Z,2021,7,26,65.608500,21.662800,7.0,0,11.8,1,mainland
2021-07-26T20:31:50.202687Z,2021,7,26,65.594000,21.507100,8.0,0,17.4,1,coast_uncertain
2021-07-26T20:32:51.684881Z,2021,7,26,65.599600,21.468900,-12.0,0,2.7,1,coast_uncertain
2021-07-26T20:33:43.964940Z,2021,7,26,65.593800,21.662600,37.0,0,13.1,1,mainland
2021-07-26T20:35:42.264740Z,2021,7,26,65.603500,21.648000,7.0,0,3.0,1,mainland
2021-07-26T20:48:09.342753Z,2021,7,26,65.603900,21.827500,14.0,0,10.7,1,coast_uncertain
2021-07-26T20:48:09.343410Z,2021,7,26,65.564900,21.899900,14.0,0,10.1,1,mainland
2021-07-26T20:48:09.344444Z,2021,7,26,65.559800,21.887400,6.0,0,3.0,1,mainland
2021-07-26T20:49:57.529232Z,2021,7,26,65.403900,22.323300,5.0,0,5.6,1,sea
2021-07-26T21:04:33.668870Z,2021,7,26,65.606300,21.470400,26.0,0,8.0,1,mainland
2021-07-26T21:07:22.227348Z,2021,7,26,65.609400,21.446300,-7.0,0,2.1,1,mainland
2021-07-26T21:15:04.303877Z,2021,7,26,65.667900,21.424800,34.0,0,14.4,1,mainland
2021-07-26T21:15:04.303880Z,2021,7,26,65.655500,21.478000,31.0,0,8.8,1,mainland
2021-07-26T21:25:11.338082Z,2021,7,26,65.515800,21.769900,6.0,0,3.2,1,mainland
2021-07-26T21:25:11.343539Z,2021,7,26,65.524200,21.763400,6.0,0,5.5,1,mainland
2021-07-26T21:42:56.036472Z,2021,7,26,65.506900,21.725700,16.0,0,8.9,1,mainland
2021-07-26T21:42:56.053259Z,2021,7,26,65.505300,21.695100,11.0,0,8.0,1,mainland
2021-07-26T21:46:39.390806Z,2021,7,26,65.491800,21.720800,-6.0,0,3.2,1,mainland
2021-07-26T21:46:39.391048Z,2021,7,26,65.500800,21.720600,-12.0,0,30.4,1,mainland
2021-07-26T21:46:39.394365Z,2021,7,26,65.498300,21.723600,-49.0,0,11.8,1,mainland
2021-07-26T21:49:56.893866Z,2021,7,26,65.486000,21.737000,17.0,0,19.2,1,coast_uncertain
2021-07-26T21:49:56.894301Z,2021,7,26,65.494300,21.786100,11.0,0,22.8,1,mainland
2021-07-26T21:49:56.894788Z,2021,7,26,65.511900,21.790900,13.0,0,16.8,1,mainland
2021-07-26T21:49:56.896280Z,2021,7,26,65.508600,21.827700,10.0,0,4.6,1,coast_uncertain
2021-07-26T21:49:56.904542Z,2021,7,26,65.465700,21.953900,-10.0,0,16.3,1,mainland
2021-07-26T21:51:16.777820Z,2021,7,26,65.494400,21.787900,8.0,0,8.0,1,mainland
2021-07-26T21:51:16.778253Z,2021,7,26,65.492100,21.837100,-12.0,0,15.4,1,mainland
2021-07-26T21:51:16.778796Z,2021,7,26,65.495600,21.749400,15.0,0,13.1,1,mainland
2021-07-26T21:51:16.784368Z,2021,7,26,65.567100,21.901700,4.0,0,30.4,1,mainland
2021-07-26T21:52:33.244574Z,2021,7,26,65.547300,21.726500,-19.0,0,11.8,1,mainland
2021-07-26T21:52:33.245102Z,2021,7,26,65.493300,21.814100,9.0,0,7.4,1,mainland
2021-07-26T21:54:13.966106Z,2021,7,26,65.504000,21.811200,6.0,0,6.1,1,mainland
2021-07-26T21:54:13.967234Z,2021,7,26,65.478900,21.875300,-9.0,0,9.5,1,mainland
2021-07-26T21:54:13.967335Z,2021,7,26,65.231600,22.422100,7.0,0,1.3,1,sea
2021-07-26T21:58:08.071478Z,2021,7,26,65.479000,21.851500,15.0,0,7.7,1,mainland
2021-07-26T21:58:08.084316Z,2021,7,26,65.480400,21.847300,8.0,0,27.2,1,mainland
2021-07-26T21:59:50.623651Z,2021,7,26,65.530900,21.917500,-5.0,0,3.9,1,coast_uncertain
2021-07-26T22:02:48.618659Z,2021,7,26,65.478700,21.877700,12.0,0,14.5,1,mainland
2021-07-26T22:02:48.620202Z,2021,7,26,65.484200,21.839800,10.0,0,7.5,1,mainland
2021-07-26T22:02:48.620213Z,2021,7,26,65.506200,21.833500,7.0,0,7.5,1,coast_uncertain
2021-07-26T22:05:22.530990Z,2021,7,26,65.472600,21.923300,8.0,0,26.7,1,mainland
2021-07-26T22:05:22.531712Z,2021,7,26,65.436100,21.985900,21.0,0,12.3,1,mainland
2021-07-26T22:05:22.531736Z,2021,7,26,65.598300,21.977700,12.0,0,11.7,1,mainland
2021-07-26T22:05:22.533184Z,2021,7,26,65.352000,22.058700,4.0,0,1.7,1,sea
2021-07-26T22:05:22.541039Z,2021,7,26,65.471700,21.770000,16.0,0,29.2,1,mainland
2021-07-26T22:08:29.250682Z,2021,7,26,65.476900,21.933700,15.0,0,6.9,1,mainland
2021-07-26T22:08:29.250892Z,2021,7,26,65.488600,21.949200,24.0,0,13.0,1,coast_uncertain
2021-07-26T22:08:29.251380Z,2021,7,26,65.533000,21.980300,6.0,0,28.8,1,coast_uncertain
2021-07-26T22:08:29.252286Z,2021,7,26,65.477400,21.944700,12.0,0,11.1,1,mainland
2021-07-26T22:08:29.252982Z,2021,7,26,65.474300,21.976400,10.0,0,11.1,1,coast_uncertain
2021-07-26T22:08:29.268166Z,2021,7,26,65.481000,21.897100,6.0,0,3.3,1,mainland
2021-07-26T22:08:29.409832Z,2021,7,26,65.424000,22.074200,-11.0,0,4.3,1,sea
2021-07-26T22:13:13.861192Z,2021,7,26,65.670200,22.149800,19.0,0,23.2,1,coast_uncertain
2021-07-26T22:13:13.879600Z,2021,7,26,65.465200,21.922700,7.0,0,15.5,1,coast_uncertain
2021-07-26T22:16:58.960381Z,2021,7,26,65.476300,21.986400,18.0,0,8.7,1,sea
2021-07-26T22:16:58.960930Z,2021,7,26,65.483500,21.970400,23.0,0,22.6,1,coast_uncertain
2021-07-26T22:16:58.960951Z,2021,7,26,65.493400,21.877600,27.0,0,15.1,1,mainland
2021-07-26T22:16:58.962303Z,2021,7,26,65.926700,22.113000,6.0,0,25.0,1,coast_uncertain
2021-07-26T22:16:58.966403Z,2021,7,26,65.464800,21.968000,9.0,0,14.2,1,mainland
2021-07-26T22:16:58.977966Z,2021,7,26,65.492300,21.992600,12.0,0,24.0,1,sea
2021-07-26T22:16:59.311280Z,2021,7,26,65.517900,22.123300,-6.0,0,1.5,1,coast_uncertain
2021-07-26T22:25:18.492345Z,2021,7,26,65.356800,22.129100,6.0,0,1.3,1,sea
2021-07-26T22:32:49.240057Z,2021,7,26,65.376600,22.139300,15.0,0,14.7,1,sea
2021-07-26T22:32:49.240388Z,2021,7,26,65.372200,22.206200,15.0,0,20.9,1,sea
2021-07-26T22:32:49.241008Z,2021,7,26,65.369900,22.170900,8.0,0,14.8,1,sea
2021-07-26T22:32:49.242827Z,2021,7,26,65.349800,22.123600,4.0,0,4.3,1,sea
2021-07-26T22:32:49.548403Z,2021,7,26,65.375200,22.010700,-6.0,0,1.8,1,islands
2021-07-26T22:35:46.889504Z,2021,7,26,65.268400,22.149600,-8.0,0,3.2,1,sea
2021-07-26T22:40:19.922804Z,2021,7,26,65.232500,22.235400,-92.0,0,11.2,1,sea
2021-07-26T22:40:19.922840Z,2021,7,26,65.339500,22.213600,-95.0,0,13.7,1,sea
2021-07-26T22:40:19.922850Z,2021,7,26,65.250800,22.272400,-96.0,0,27.5,1,sea
2021-07-26T22:40:19.933541Z,2021,7,26,65.331200,22.217400,-15.0,0,6.3,1,sea
2021-07-26T22:40:19.938820Z,2021,7,26,65.339800,22.255900,-6.0,0,4.9,1,sea
2021-07-26T22:40:19.946955Z,2021,7,26,65.327000,22.219300,-20.0,0,6.1,1,sea
2021-07-26T22:40:19.958506Z,2021,7,26,65.321900,22.207700,-10.0,0,3.7,1,sea
2021-07-26T22:40:20.236100Z,2021,7,26,65.404900,22.212400,-17.0,0,6.4,1,sea
2021-07-26T22:42:40.636402Z,2021,7,26,65.327000,22.273500,9.0,0,4.9,1,sea
2021-07-26T22:42:40.636564Z,2021,7,26,65.329600,22.270800,45.0,0,13.2,1,sea
2021-07-26T22:42:40.636736Z,2021,7,26,65.341600,22.268800,-12.0,0,7.9,1,sea
2021-07-26T22:42:40.636898Z,2021,7,26,65.348300,22.289200,26.0,0,24.9,1,sea
2021-07-26T22:42:40.645389Z,2021,7,26,65.340900,22.286400,-6.0,0,2.5,1,sea
2021-07-26T22:42:40.646191Z,2021,7,26,65.330100,22.257700,5.0,0,3.6,1,sea
2021-07-26T22:44:40.671647Z,2021,7,26,65.356600,22.199400,18.0,0,22.8,1,sea
2021-07-26T22:44:40.765298Z,2021,7,26,65.415600,22.201200,7.0,0,3.5,1,sea
2021-07-26T22:44:40.789301Z,2021,7,26,65.503300,22.087300,19.0,0,8.9,1,coast_uncertain
2021-07-26T22:46:33.582679Z,2021,7,26,65.329700,22.245800,10.0,0,13.6,1,sea
2021-07-26T22:46:33.583720Z,2021,7,26,65.321800,22.235200,5.0,0,6.0,1,sea
2021-07-26T22:48:57.730256Z,2021,7,26,65.346900,22.214300,36.0,0,15.4,1,sea
2021-07-26T22:48:57.731492Z,2021,7,26,65.175700,22.632600,9.0,0,2.6,1,sea
2021-07-26T22:48:57.741169Z,2021,7,26,65.347900,22.268500,13.0,0,23.8,1,sea
2021-07-26T22:48:57.741228Z,2021,7,26,65.215800,22.210800,-15.0,0,22.6,1,sea
2021-07-26T22:52:10.480430Z,2021,7,26,65.343500,22.262400,52.0,0,29.2,1,sea
2021-07-26T22:52:10.481686Z,2021,7,26,65.356200,22.254900,8.0,0,16.1,1,sea
2021-07-26T22:52:10.494754Z,2021,7,26,65.320000,22.234900,4.0,0,8.3,1,sea
2021-07-26T22:52:10.503438Z,2021,7,26,65.338600,22.325000,5.0,0,7.7,1,sea
2021-07-26T22:52:10.509566Z,2021,7,26,65.330600,22.351700,-7.0,0,1.5,1,sea
2021-07-26T22:52:10.510477Z,2021,7,26,65.338400,22.296500,-11.0,0,9.5,1,sea
2021-07-26T22:52:10.510502Z,2021,7,26,65.346900,22.336500,14.0,0,11.4,1,sea
2021-07-26T22:52:10.517543Z,2021,7,26,65.335600,22.319400,-5.0,0,3.1,1,sea
2021-07-26T22:54:02.654616Z,2021,7,26,65.333200,22.264700,11.0,0,3.3,1,sea
2021-07-26T22:54:02.654874Z,2021,7,26,65.339900,22.248200,8.0,0,8.2,1,sea
2021-07-26T22:54:02.660053Z,2021,7,26,65.318700,22.309700,5.0,0,21.8,1,sea
2021-07-26T22:56:16.011442Z,2021,7,26,65.334100,22.270300,14.0,0,3.6,1,sea
2021-07-26T23:13:42.812964Z,2021,7,26,65.397400,22.288500,4.0,0,2.6,1,coast_uncertain
2021-07-26T23:13:43.020930Z,2021,7,26,65.389200,22.243200,27.0,0,9.2,1,sea
2021-07-26T23:13:43.021648Z,2021,7,26,65.294100,22.291800,12.0,0,3.9,1,sea
2021-07-28T12:00:08.002537Z,2021,7,28,66.046300,22.408200,5.0,0,8.1,1,coast_uncertain
2021-07-28T12:00:08.010754Z,2021,7,28,66.048300,22.408700,8.0,0,10.8,1,coast_uncertain
2021-07-28T12:00:45.068515Z,2021,7,28,66.046600,22.353500,8.0,0,8.3,1,coast_uncertain
2021-07-28T12:03:46.362843Z,2021,7,28,65.918100,22.499800,5.0,0,17.5,1,mainland
2021-07-28T12:03:55.867790Z,2021,7,28,66.048300,22.353600,5.0,0,4.1,1,coast_uncertain
2021-07-28T12:03:55.871732Z,2021,7,28,66.043700,22.398200,7.0,0,17.2,1,coast_uncertain
2021-07-28T12:05:40.281938Z,2021,7,28,65.953000,22.423000,5.0,0,5.6,1,mainland
2021-07-28T12:06:37.480486Z,2021,7,28,66.049100,22.401800,5.0,0,10.4,1,coast_uncertain
2021-07-28T12:06:37.481276Z,2021,7,28,66.051400,22.394900,10.0,0,8.3,1,coast_uncertain
2021-07-28T12:06:37.482915Z,2021,7,28,66.076000,22.406600,6.0,0,10.5,1,mainland
2021-07-28T12:06:37.483693Z,2021,7,28,66.058300,22.409600,15.0,0,16.7,1,coast_uncertain
2021-07-28T12:06:37.483696Z,2021,7,28,66.057600,22.400000,17.0,0,15.9,1,mainland
2021-07-28T12:06:37.483698Z,2021,7,28,66.045400,22.427500,23.0,0,17.2,1,coast_uncertain
2021-07-28T12:06:37.484624Z,2021,7,28,66.053800,22.370100,7.0,0,12.8,1,coast_uncertain
2021-07-28T12:06:37.489907Z,2021,7,28,66.046800,22.362800,8.0,0,7.7,1,coast_uncertain
2021-07-28T12:06:37.491221Z,2021,7,28,66.053900,22.378800,6.0,0,7.5,1,coast_uncertain
2021-07-28T12:09:30.571095Z,2021,7,28,65.961700,22.415300,6.0,0,20.4,1,mainland
2021-07-28T12:09:30.571928Z,2021,7,28,65.967400,22.403400,8.0,0,4.6,1,mainland
2021-07-28T12:09:30.573208Z,2021,7,28,65.960900,22.438800,6.0,0,11.4,1,mainland
2021-07-28T12:09:30.577345Z,2021,7,28,65.975200,22.402000,7.0,0,18.2,1,mainland
2021-07-28T12:10:01.875548Z,2021,7,28,66.047500,22.350100,5.0,0,9.7,1,coast_uncertain
2021-07-28T12:11:18.609658Z,2021,7,28,65.958300,22.416800,7.0,0,4.5,1,mainland
2021-07-28T12:11:18.611714Z,2021,7,28,65.946400,22.412100,6.0,0,12.4,1,coast_uncertain
2021-07-28T12:11:18.615913Z,2021,7,28,65.947800,22.394200,5.0,0,3.9,1,coast_uncertain
2021-07-28T12:11:32.873884Z,2021,7,28,66.120400,22.067100,7.0,0,7.0,1,coast_uncertain
2021-07-28T12:11:32.882487Z,2021,7,28,66.129700,22.134400,6.0,0,8.9,1,mainland
2021-07-28T12:11:32.896011Z,2021,7,28,66.126700,22.093700,8.0,0,11.9,1,mainland
2021-07-28T12:19:14.748687Z,2021,7,28,66.190400,22.092300,4.0,0,12.4,1,mainland
2021-07-28T12:21:16.095121Z,2021,7,28,66.124100,22.051500,7.0,0,3.2,1,mainland
2021-07-28T12:22:43.712289Z,2021,7,28,65.953900,22.303400,5.0,0,6.4,1,mainland
2021-07-28T12:25:19.849039Z,2021,7,28,66.080400,22.153600,7.0,0,9.5,1,coast_uncertain
2021-07-28T12:26:15.897683Z,2021,7,28,65.971400,22.482400,8.0,0,6.1,1,mainland
2021-07-28T12:26:18.413447Z,2021,7,28,66.055100,22.124600,5.0,0,12.6,1,mainland
2021-07-28T12:26:35.213618Z,2021,7,28,66.115900,22.042200,6.0,0,9.4,1,mainland
2021-07-28T12:26:47.443599Z,2021,7,28,66.054200,22.165900,6.0,0,8.0,1,mainland
2021-07-28T12:28:05.790343Z,2021,7,28,65.948600,22.368900,6.0,0,19.9,1,mainland
2021-07-28T12:29:02.073528Z,2021,7,28,66.067300,22.153700,7.0,0,8.3,1,coast_uncertain
2021-07-28T12:30:11.805963Z,2021,7,28,65.956500,22.292800,4.0,0,6.9,1,mainland
2021-07-28T12:30:11.815698Z,2021,7,28,65.932600,22.356900,7.0,0,3.2,1,mainland
2021-07-28T12:30:13.324560Z,2021,7,28,66.073800,22.170300,5.0,0,11.6,1,coast_uncertain
2021-07-28T12:31:36.423929Z,2021,7,28,66.066900,22.250600,5.0,0,17.6,1,coast_uncertain
2021-07-28T12:31:36.423940Z,2021,7,28,66.078800,22.271000,-9.0,0,12.6,1,coast_uncertain
2021-07-28T12:32:10.795369Z,2021,7,28,66.058500,22.236800,5.0,0,2.6,1,coast_uncertain
2021-07-28T12:32:10.817970Z,2021,7,28,66.071700,22.095900,6.0,0,19.9,1,coast_uncertain
2021-07-28T12:32:34.941627Z,2021,7,28,66.082100,22.050000,7.0,0,15.4,1,coast_uncertain
2021-07-28T12:32:39.349319Z,2021,7,28,65.968000,22.497500,5.0,0,3.9,1,mainland
2021-07-28T12:32:51.240644Z,2021,7,28,66.073100,22.091600,7.0,0,4.3,1,coast_uncertain
2021-07-28T12:32:59.803838Z,2021,7,28,66.070500,22.119500,6.0,0,3.2,1,mainland
2021-07-28T12:33:00.042439Z,2021,7,28,66.090100,22.216500,5.0,0,16.3,1,coast_uncertain
2021-07-28T12:33:07.923699Z,2021,7,28,66.072100,22.251700,5.0,0,14.2,1,coast_uncertain
2021-07-28T12:33:18.556996Z,2021,7,28,65.966400,22.293900,7.0,0,17.5,1,coast_uncertain
2021-07-28T12:33:18.557002Z,2021,7,28,65.948600,22.426300,-7.0,0,8.5,1,mainland
2021-07-28T12:33:18.557350Z,2021,7,28,65.959300,22.421700,3.0,0,19.8,1,mainland
2021-07-28T12:33:18.570733Z,2021,7,28,65.959300,22.339600,7.0,0,25.0,1,coast_uncertain
2021-07-28T12:33:18.572908Z,2021,7,28,65.974200,22.398300,5.0,0,16.6,1,mainland
2021-07-28T12:33:36.563501Z,2021,7,28,66.088000,22.082600,7.0,0,21.5,1,coast_uncertain
2021-07-28T12:33:46.287734Z,2021,7,28,66.067700,22.100600,5.0,0,3.5,1,mainland
2021-07-28T12:33:46.303305Z,2021,7,28,66.067100,22.149700,9.0,0,11.1,1,coast_uncertain
2021-07-28T12:34:01.742630Z,2021,7,28,66.067000,22.083600,5.0,0,8.9,1,coast_uncertain
2021-07-28T12:34:01.744271Z,2021,7,28,66.072000,22.087400,6.0,0,10.0,1,coast_uncertain
2021-07-28T12:34:06.788388Z,2021,7,28,66.088600,22.105200,7.0,0,7.4,1,coast_uncertain
2021-07-28T12:34:12.155549Z,2021,7,28,66.068400,22.107300,8.0,0,6.9,1,mainland
2021-07-28T12:34:12.157867Z,2021,7,28,66.070700,22.132500,6.0,0,3.1,1,mainland
2021-07-28T12:35:44.137620Z,2021,7,28,65.986700,22.270600,10.0,0,30.4,1,coast_uncertain
2021-07-28T12:35:57.992332Z,2021,7,28,66.074300,22.097500,11.0,0,15.9,1,coast_uncertain
2021-07-28T12:35:57.992911Z,2021,7,28,65.968700,22.218900,5.0,0,16.2,1,coast_uncertain
2021-07-28T12:35:57.992973Z,2021,7,28,66.065600,22.162800,-17.0,0,11.4,1,coast_uncertain
2021-07-28T12:35:58.005329Z,2021,7,28,66.066700,22.198300,7.0,0,21.0,1,coast_uncertain
2021-07-28T12:36:05.929439Z,2021,7,28,65.965000,22.297600,5.0,0,10.8,1,coast_uncertain
2021-07-28T12:36:19.648941Z,2021,7,28,66.067200,22.196300,5.0,0,19.9,1,coast_uncertain
2021-07-28T12:36:28.354328Z,2021,7,28,66.078900,22.112900,5.0,0,11.3,1,coast_uncertain
2021-07-28T12:36:40.879169Z,2021,7,28,66.080100,22.109400,6.0,0,3.5,1,coast_uncertain
2021-07-28T12:36:51.953015Z,2021,7,28,66.028700,22.252300,5.0,0,2.6,1,coast_uncertain
2021-07-28T12:37:01.924156Z,2021,7,28,65.960700,22.525900,9.0,0,13.9,1,mainland
2021-07-28T12:37:02.179573Z,2021,7,28,66.078700,22.141600,-4.0,0,11.0,1,coast_uncertain
2021-07-28T12:37:02.197482Z,2021,7,28,66.097800,22.324700,7.0,0,29.8,1,coast_uncertain
2021-07-28T12:37:30.936816Z,2021,7,28,66.077600,22.110600,7.0,0,7.6,1,coast_uncertain
2021-07-28T12:37:47.652968Z,2021,7,28,66.079500,22.108300,5.0,0,29.9,1,coast_uncertain
2021-07-28T12:37:47.652977Z,2021,7,28,66.057700,22.232900,-8.0,0,12.8,1,coast_uncertain
2021-07-28T12:38:15.494137Z,2021,7,28,66.145300,22.181200,10.0,0,11.2,1,mainland
2021-07-28T12:38:35.679888Z,2021,7,28,66.076100,22.081300,6.0,0,8.5,1,coast_uncertain
2021-07-28T12:38:35.709134Z,2021,7,28,66.081600,22.140900,13.0,0,16.1,1,coast_uncertain
2021-07-28T12:39:01.096300Z,2021,7,28,66.072300,22.062400,8.0,0,3.2,1,coast_uncertain
2021-07-28T12:39:01.106828Z,2021,7,28,66.068900,22.058100,6.0,0,4.6,1,coast_uncertain
2021-07-28T12:39:21.698980Z,2021,7,28,66.088300,22.082300,13.0,0,15.5,1,coast_uncertain
2021-07-28T12:39:21.708790Z,2021,7,28,66.076900,22.082700,6.0,0,7.2,1,coast_uncertain
2021-07-28T12:39:40.559698Z,2021,7,28,66.070000,22.060000,6.0,0,3.7,1,coast_uncertain
2021-07-28T12:40:04.126441Z,2021,7,28,66.068000,22.094300,4.0,0,1.5,1,mainland
2021-07-28T12:40:26.415859Z,2021,7,28,66.062700,22.056300,14.0,0,19.0,1,coast_uncertain
2021-07-28T12:40:26.426134Z,2021,7,28,66.057800,22.130600,-6.0,0,8.6,1,mainland
2021-07-28T12:42:53.003883Z,2021,7,28,65.997500,22.206000,7.0,0,3.9,1,mainland
2021-07-28T12:43:36.745682Z,2021,7,28,66.042400,21.990800,9.0,0,20.9,1,coast_uncertain
2021-07-28T12:45:19.942138Z,2021,7,28,65.989000,21.984500,7.0,0,14.7,1,mainland
2021-07-28T12:47:30.896758Z,2021,7,28,66.017800,22.214700,6.0,0,7.9,1,coast_uncertain
2021-07-28T12:47:43.725550Z,2021,7,28,66.014700,22.187900,5.0,0,2.4,1,mainland
2021-07-28T12:47:43.737280Z,2021,7,28,66.013700,22.199700,9.0,0,7.7,1,coast_uncertain
2021-07-28T12:48:05.882882Z,2021,7,28,65.948100,22.312900,8.0,0,13.9,1,mainland
2021-07-28T12:48:16.287883Z,2021,7,28,66.079700,22.131000,6.0,0,26.0,1,mainland
2021-07-28T12:48:31.836303Z,2021,7,28,66.017300,22.269400,10.0,0,14.9,1,mainland
2021-07-28T12:48:31.848379Z,2021,7,28,66.022000,22.235400,6.0,0,30.4,1,mainland
2021-07-28T12:48:31.848410Z,2021,7,28,66.064400,22.153700,-16.0,0,15.4,1,coast_uncertain
2021-07-28T12:48:31.858117Z,2021,7,28,66.021600,22.185200,5.0,0,7.4,1,coast_uncertain
2021-07-28T12:48:32.514931Z,2021,7,28,66.016800,22.235100,5.0,0,8.1,1,mainland
2021-07-28T12:48:53.424046Z,2021,7,28,66.001600,22.286200,6.0,0,16.6,1,mainland
2021-07-28T12:48:53.425215Z,2021,7,28,66.028800,22.172700,11.0,0,4.5,1,mainland
2021-07-28T12:48:53.432218Z,2021,7,28,66.019900,22.218200,5.0,0,2.7,1,coast_uncertain
2021-07-28T12:48:53.436683Z,2021,7,28,66.013100,22.220700,9.0,0,10.7,1,coast_uncertain
2021-07-28T12:48:53.448030Z,2021,7,28,66.016500,22.214400,5.0,0,7.5,1,coast_uncertain
2021-07-28T12:49:36.954316Z,2021,7,28,66.047500,22.253600,34.0,0,30.4,1,coast_uncertain
2021-07-28T12:49:36.954319Z,2021,7,28,66.025200,22.264400,34.0,0,30.4,1,mainland
2021-07-28T12:49:36.959088Z,2021,7,28,66.019100,22.199300,9.0,0,4.1,1,mainland
2021-07-28T12:49:36.959614Z,2021,7,28,66.018800,22.223900,11.0,0,13.8,1,coast_uncertain
2021-07-28T12:49:36.967384Z,2021,7,28,66.023000,22.198400,7.0,0,13.2,1,mainland
2021-07-28T12:49:36.973407Z,2021,7,28,66.018100,22.212200,6.0,0,15.9,1,coast_uncertain
2021-07-28T12:50:09.846818Z,2021,7,28,66.024000,22.164300,9.0,0,7.9,1,coast_uncertain
2021-07-28T12:50:09.847612Z,2021,7,28,66.036600,22.186900,9.0,0,12.6,1,mainland
2021-07-28T12:50:09.847643Z,2021,7,28,66.041500,22.248000,-22.0,0,13.9,1,mainland
2021-07-28T12:50:09.848687Z,2021,7,28,65.991100,22.085000,20.0,0,23.5,1,mainland
2021-07-28T12:50:09.870619Z,2021,7,28,66.024800,22.223600,5.0,0,21.2,1,mainland
2021-07-28T12:50:47.804443Z,2021,7,28,66.015600,22.219500,8.0,0,7.4,1,coast_uncertain
2021-07-28T12:50:47.806385Z,2021,7,28,66.022900,22.255600,36.0,0,30.4,1,mainland
2021-07-28T12:50:47.808295Z,2021,7,28,65.993900,22.240900,7.0,0,19.7,1,coast_uncertain
2021-07-28T12:50:47.810905Z,2021,7,28,66.015100,22.222200,6.0,0,3.1,1,coast_uncertain
2021-07-28T12:50:47.810909Z,2021,7,28,66.000800,22.335300,-11.0,0,16.9,1,mainland
2021-07-28T12:51:14.373737Z,2021,7,28,66.015300,22.181500,7.0,0,2.0,1,coast_uncertain
2021-07-28T12:51:14.375060Z,2021,7,28,66.013900,22.211800,6.0,0,26.5,1,coast_uncertain
2021-07-28T12:52:19.381224Z,2021,7,28,65.987600,22.376300,4.0,0,27.3,1,mainland
2021-07-28T12:53:12.409671Z,2021,7,28,66.010700,22.218100,9.0,0,5.0,1,coast_uncertain
2021-07-28T12:53:12.410171Z,2021,7,28,66.011100,22.224400,9.0,0,2.4,1,coast_uncertain
2021-07-28T12:53:12.410642Z,2021,7,28,66.007200,22.205100,9.0,0,27.7,1,mainland
2021-07-28T12:53:12.411743Z,2021,7,28,66.011500,22.237400,22.0,0,14.5,1,mainland
2021-07-28T12:53:12.423552Z,2021,7,28,66.011200,22.200700,8.0,0,11.8,1,coast_uncertain
2021-07-28T12:53:43.287896Z,2021,7,28,65.983100,22.349500,7.0,0,20.4,1,coast_uncertain
2021-07-28T12:54:27.869369Z,2021,7,28,65.993500,22.245700,12.0,0,18.2,1,coast_uncertain
2021-07-28T12:54:27.869375Z,2021,7,28,66.021600,22.336400,-21.0,0,7.3,1,mainland
2021-07-28T12:54:27.886152Z,2021,7,28,66.008600,22.280100,6.0,0,22.4,1,mainland
2021-07-28T12:55:27.079134Z,2021,7,28,66.000000,22.271300,7.0,0,11.7,1,coast_uncertain
2021-07-28T12:55:27.079629Z,2021,7,28,66.030900,22.345500,-25.0,0,14.4,1,coast_uncertain
2021-07-28T12:55:27.081381Z,2021,7,28,65.991600,22.222800,26.0,0,17.2,1,coast_uncertain
2021-07-28T12:55:27.081389Z,2021,7,28,66.007400,22.259300,19.0,0,18.0,1,mainland
2021-07-28T12:56:24.948988Z,2021,7,28,65.951200,22.528700,6.0,0,10.1,1,coast_uncertain
2021-07-28T12:58:17.056790Z,2021,7,28,65.964100,22.261000,7.0,0,20.0,1,coast_uncertain
2021-07-28T12:58:17.515751Z,2021,7,28,66.025900,22.196700,-49.0,0,13.0,1,mainland
2021-07-28T12:58:17.515752Z,2021,7,28,66.012500,22.211900,-50.0,0,12.3,1,coast_uncertain
2021-07-28T12:58:17.672865Z,2021,7,28,66.031100,22.193500,-14.0,0,10.8,1,coast_uncertain
2021-07-28T12:58:52.044773Z,2021,7,28,66.138500,22.005700,7.0,0,7.6,1,mainland
2021-07-28T12:59:03.178327Z,2021,7,28,65.955100,22.521100,5.0,0,24.2,1,mainland
2021-07-28T12:59:34.857158Z,2021,7,28,65.976200,22.229900,9.0,0,8.5,1,coast_uncertain
2021-07-28T12:59:34.858346Z,2021,7,28,66.206400,22.134900,-23.0,0,17.0,1,coast_uncertain
2021-07-28T12:59:34.858412Z,2021,7,28,65.985600,22.243100,8.0,0,16.0,1,coast_uncertain
2021-07-28T12:59:34.859171Z,2021,7,28,65.975100,22.268000,6.0,0,11.3,1,mainland
2021-07-28T12:59:34.861063Z,2021,7,28,65.971000,22.224100,7.0,0,5.2,1,coast_uncertain
2021-07-28T12:59:34.869504Z,2021,7,28,65.967700,22.205300,8.0,0,11.8,1,coast_uncertain
2021-07-28T12:59:35.522187Z,2021,7,28,65.940000,22.274500,-17.0,0,14.8,1,mainland
2021-07-28T12:59:35.613794Z,2021,7,28,65.937000,22.226600,-8.0,0,5.1,1,coast_uncertain
2021-07-28T13:01:01.139457Z,2021,7,28,65.955300,22.515000,7.0,0,3.3,1,mainland
2021-07-28T13:01:01.140962Z,2021,7,28,65.952300,22.519100,12.0,0,21.0,1,coast_uncertain
2021-07-28T13:01:01.141489Z,2021,7,28,65.948500,22.523700,8.0,0,7.7,1,coast_uncertain
2021-07-28T13:01:01.141859Z,2021,7,28,65.950900,22.517700,6.0,0,2.9,1,coast_uncertain
2021-07-28T13:01:01.152091Z,2021,7,28,65.955800,22.508800,6.0,0,4.2,1,mainland
2021-07-28T13:01:08.058311Z,2021,7,28,65.971700,22.258200,10.0,0,14.4,1,coast_uncertain
2021-07-28T13:01:45.505135Z,2021,7,28,65.940700,22.329100,9.0,0,30.4,1,mainland
2021-07-28T13:01:45.516425Z,2021,7,28,65.963600,22.238700,4.0,0,9.4,1,coast_uncertain
2021-07-28T13:01:46.260742Z,2021,7,28,65.996300,22.182600,-5.0,0,4.1,1,coast_uncertain
2021-07-28T13:02:12.839548Z,2021,7,28,65.966700,22.481600,7.0,0,8.9,1,mainland
2021-07-28T13:02:41.889932Z,2021,7,28,65.993500,22.175600,5.0,0,30.4,1,coast_uncertain
2021-07-28T13:03:19.996943Z,2021,7,28,65.976400,22.220800,7.0,0,27.7,1,coast_uncertain
2021-07-28T13:03:19.998608Z,2021,7,28,65.976800,22.196500,5.0,0,3.0,1,coast_uncertain
2021-07-28T13:03:20.008310Z,2021,7,28,65.993000,22.366400,6.0,0,3.1,1,mainland
2021-07-28T13:03:53.122872Z,2021,7,28,65.977100,22.190600,7.0,0,3.7,1,coast_uncertain
2021-07-28T13:04:25.850594Z,2021,7,28,66.012700,22.053100,7.0,0,3.2,1,coast_uncertain
2021-07-28T13:04:25.850594Z,2021,7,28,65.991200,22.221400,11.0,0,6.1,1,coast_uncertain
2021-07-28T13:04:25.862011Z,2021,7,28,65.991400,22.169300,6.0,0,2.5,1,coast_uncertain
2021-07-28T13:05:04.962338Z,2021,7,28,65.988500,22.224800,7.0,0,13.6,1,coast_uncertain
2021-07-28T13:05:04.978473Z,2021,7,28,65.961900,22.313500,7.0,0,26.9,1,coast_uncertain
2021-07-28T13:05:41.918340Z,2021,7,28,65.940400,22.493200,19.0,0,23.7,1,coast_uncertain
2021-07-28T13:05:41.930833Z,2021,7,28,65.962000,22.407000,12.0,0,11.0,1,mainland
2021-07-28T13:05:56.365463Z,2021,7,28,65.963600,22.191400,5.0,0,8.0,1,coast_uncertain
2021-07-28T13:05:56.366638Z,2021,7,28,65.981200,22.193600,6.0,0,8.0,1,coast_uncertain
2021-07-28T13:05:56.378893Z,2021,7,28,65.998500,22.194500,8.0,0,14.5,1,coast_uncertain
2021-07-28T13:06:46.627708Z,2021,7,28,65.989400,22.180100,6.0,0,3.6,1,coast_uncertain
2021-07-28T13:06:46.629810Z,2021,7,28,65.987200,22.222700,10.0,0,14.8,1,coast_uncertain
2021-07-28T13:06:46.629868Z,2021,7,28,65.783500,22.351200,12.0,0,6.8,1,coast_uncertain
2021-07-28T13:06:46.637282Z,2021,7,28,65.973800,22.141000,8.0,0,22.4,1,coast_uncertain
2021-07-28T13:06:46.637304Z,2021,7,28,65.993900,22.253600,-17.0,0,14.9,1,coast_uncertain
2021-07-28T13:07:08.477729Z,2021,7,28,65.966100,22.526100,5.0,0,7.5,1,mainland
2021-07-28T13:07:08.481921Z,2021,7,28,65.964100,22.497900,5.0,0,9.4,1,mainland
2021-07-28T13:07:08.507752Z,2021,7,28,65.965100,22.519200,5.0,0,2.4,1,mainland
2021-07-28T13:07:57.376135Z,2021,7,28,66.001100,22.171400,6.0,0,2.5,1,coast_uncertain
2021-07-28T13:07:57.378213Z,2021,7,28,65.996900,22.117800,7.0,0,9.1,1,coast_uncertain
2021-07-28T13:07:57.402382Z,2021,7,28,65.987100,22.262800,-8.0,0,9.4,1,coast_uncertain
2021-07-28T13:07:57.404683Z,2021,7,28,66.003100,22.194400,5.0,0,19.2,1,coast_uncertain
2021-07-28T13:08:41.126589Z,2021,7,28,65.998500,22.166400,6.0,0,2.5,1,coast_uncertain
2021-07-28T13:08:41.144228Z,2021,7,28,65.999600,22.188700,13.0,0,11.0,1,coast_uncertain
2021-07-28T13:08:41.144610Z,2021,7,28,65.915000,22.285500,7.0,0,14.5,1,coast_uncertain
2021-07-28T13:08:41.144638Z,2021,7,28,65.998900,22.123300,12.0,0,17.4,1,coast_uncertain
2021-07-28T13:08:45.659381Z,2021,7,28,65.957200,22.518000,5.0,0,2.4,1,mainland
2021-07-28T13:08:45.659916Z,2021,7,28,65.962000,22.490100,6.0,0,8.5,1,mainland
2021-07-28T13:08:45.661092Z,2021,7,28,65.961400,22.513200,13.0,0,30.4,1,mainland
2021-07-28T13:08:45.661129Z,2021,7,28,66.037300,22.432600,-16.0,0,18.1,1,mainland
2021-07-28T13:08:45.661983Z,2021,7,28,65.996100,22.198100,6.0,0,1.8,1,coast_uncertain
2021-07-28T13:10:01.280793Z,2021,7,28,66.001900,22.143300,5.0,0,3.2,1,coast_uncertain
2021-07-28T13:10:01.285064Z,2021,7,28,65.998900,22.182200,6.0,0,4.3,1,coast_uncertain
2021-07-28T13:10:04.671692Z,2021,7,28,65.962300,22.486600,7.0,0,4.6,1,mainland
2021-07-28T13:10:04.673777Z,2021,7,28,65.958700,22.512700,5.0,0,2.7,1,mainland
2021-07-28T13:10:04.674435Z,2021,7,28,65.907700,22.477500,24.0,0,27.5,1,coast_uncertain
2021-07-28T13:10:04.681717Z,2021,7,28,65.970100,22.504100,8.0,0,17.0,1,mainland
2021-07-28T13:11:01.503716Z,2021,7,28,65.955300,22.532600,-16.0,0,6.0,1,mainland
2021-07-28T13:11:49.069575Z,2021,7,28,66.003700,22.156000,7.0,0,2.7,1,coast_uncertain
2021-07-28T13:11:49.070264Z,2021,7,28,65.994900,22.138500,5.0,0,6.7,1,coast_uncertain
2021-07-28T13:11:49.079336Z,2021,7,28,66.001200,22.170100,5.0,0,5.5,1,coast_uncertain
2021-07-28T13:12:41.824853Z,2021,7,28,65.959600,22.536500,6.0,0,11.1,1,mainland
2021-07-28T13:14:00.075528Z,2021,7,28,65.993500,22.158100,6.0,0,6.2,1,coast_uncertain
2021-07-28T13:14:00.075980Z,2021,7,28,65.994300,22.167900,10.0,0,9.2,1,coast_uncertain
2021-07-28T13:14:00.076759Z,2021,7,28,65.977100,22.272100,-8.0,0,10.3,1,mainland
2021-07-28T13:14:00.084091Z,2021,7,28,65.999100,21.942300,10.0,0,23.4,1,mainland
2021-07-28T13:14:00.089912Z,2021,7,28,65.996700,22.175000,7.0,0,5.2,1,coast_uncertain
2021-07-28T13:15:34.658035Z,2021,7,28,65.959600,22.521900,6.0,0,11.1,1,mainland
2021-07-28T13:16:12.927725Z,2021,7,28,65.990700,22.149300,5.0,0,4.4,1,coast_uncertain
2021-07-28T13:16:12.929294Z,2021,7,28,65.986900,22.214700,18.0,0,30.4,1,coast_uncertain
2021-07-28T13:16:12.929308Z,2021,7,28,65.895500,22.115900,25.0,0,30.4,1,mainland
2021-07-28T13:16:12.936056Z,2021,7,28,65.996900,22.178700,20.0,0,26.0,1,coast_uncertain
2021-07-28T13:16:12.937846Z,2021,7,28,65.990100,22.134100,10.0,0,9.7,1,coast_uncertain
2021-07-28T13:16:12.944095Z,2021,7,28,65.997200,22.175200,12.0,0,11.3,1,coast_uncertain
2021-07-28T13:16:12.951183Z,2021,7,28,65.998000,22.136700,7.0,0,11.8,1,coast_uncertain
2021-07-28T13:30:46.103604Z,2021,7,28,65.992900,21.973500,3.0,0,12.6,1,mainland
2021-07-28T13:34:15.317463Z,2021,7,28,65.994200,21.967800,3.0,0,17.0,1,mainland
2021-07-28T13:36:02.096295Z,2021,7,28,65.949300,21.970200,5.0,0,9.1,1,mainland
2021-07-28T13:36:02.098979Z,2021,7,28,65.947200,21.974600,6.0,0,13.6,1,mainland
2021-07-28T13:40:28.617069Z,2021,7,28,65.923300,22.038200,4.0,0,7.4,1,mainland
2021-07-28T13:48:06.784231Z,2021,7,28,65.578400,22.122900,6.0,0,1.7,1,coast_uncertain
2021-07-28T13:54:45.884485Z,2021,7,28,65.803100,22.036400,6.0,0,11.6,1,coast_uncertain
2021-07-28T13:55:20.341969Z,2021,7,28,65.604700,22.310400,6.0,0,1.8,1,coast_uncertain
2021-07-28T13:55:26.410912Z,2021,7,28,65.821500,22.044300,5.0,0,13.7,1,mainland
2021-07-28T13:56:04.191751Z,2021,7,28,65.821100,22.023100,6.0,0,2.3,1,mainland
2021-07-28T13:56:39.269399Z,2021,7,28,65.823900,22.000300,4.0,0,6.0,1,mainland
2021-07-28T13:56:39.280818Z,2021,7,28,65.878900,22.126100,-21.0,0,14.8,1,coast_uncertain
2021-07-28T13:56:39.288648Z,2021,7,28,65.820400,21.972100,8.0,0,14.9,1,coast_uncertain
2021-07-28T13:56:39.290006Z,2021,7,28,65.909600,22.140500,5.0,0,7.9,1,mainland
2021-07-28T13:58:32.978897Z,2021,7,28,65.814400,22.032900,11.0,0,13.9,1,mainland
2021-07-28T13:58:32.985008Z,2021,7,28,65.813000,22.038100,8.0,0,13.0,1,mainland
2021-07-28T13:59:10.082955Z,2021,7,28,65.809300,22.055100,5.0,0,2.3,1,mainland
2021-07-28T14:00:34.707409Z,2021,7,28,65.826800,22.186800,11.0,0,23.2,1,coast_uncertain
2021-07-28T14:00:34.707442Z,2021,7,28,65.759700,22.073600,-20.0,0,12.6,1,mainland
2021-07-28T14:00:34.715743Z,2021,7,28,65.815300,22.010200,15.0,0,16.0,1,coast_uncertain
2021-07-28T14:00:34.716401Z,2021,7,28,65.813200,22.019600,7.0,0,16.5,1,coast_uncertain
2021-07-28T14:00:34.724150Z,2021,7,28,65.816900,22.029100,6.0,0,2.6,1,mainland
2021-07-28T14:01:38.200806Z,2021,7,28,65.813000,22.022000,6.0,0,3.9,1,mainland
2021-07-28T14:01:38.203179Z,2021,7,28,65.825000,22.265500,5.0,0,30.4,1,mainland
2021-07-28T14:02:49.783717Z,2021,7,28,65.812400,22.036600,9.0,0,17.8,1,mainland
2021-07-28T14:05:06.316457Z,2021,7,28,65.814000,22.009800,7.0,0,3.9,1,coast_uncertain
2021-07-29T06:42:30.856393Z,2021,7,29,66.073600,22.360100,7.0,0,11.4,1,mainland
2021-07-29T07:54:41.647126Z,2021,7,29,66.268600,22.082100,17.0,0,15.4,1,mainland
2021-07-29T07:58:59.877472Z,2021,7,29,66.275300,22.131400,-14.0,0,16.7,1,mainland
2021-07-29T07:58:59.903704Z,2021,7,29,66.266200,22.143700,6.0,0,16.1,1,mainland
2021-07-29T08:04:05.522017Z,2021,7,29,66.262800,22.094600,-7.0,0,12.9,1,mainland
2021-07-29T08:04:05.608270Z,2021,7,29,66.265300,22.082800,8.0,0,3.9,1,coast_uncertain
2021-07-29T08:05:30.333618Z,2021,7,29,66.246800,22.084900,-13.0,0,5.6,1,coast_uncertain
2021-07-29T08:07:00.253173Z,2021,7,29,66.262900,22.089200,-27.0,0,9.9,1,mainland
2021-07-29T08:07:00.263486Z,2021,7,29,66.263700,22.072300,-7.0,0,6.4,1,coast_uncertain
2021-07-29T08:07:00.277352Z,2021,7,29,66.269500,22.145300,-6.0,0,6.4,1,coast_uncertain
2021-07-29T08:07:39.733605Z,2021,7,29,66.239200,22.053300,8.0,0,8.3,1,coast_uncertain
2021-07-29T08:09:14.017950Z,2021,7,29,66.244300,22.154800,-7.0,0,6.0,1,coast_uncertain
2021-07-29T08:09:14.024987Z,2021,7,29,66.253500,22.083500,-21.0,0,7.9,1,coast_uncertain
2021-07-29T08:09:14.073709Z,2021,7,29,66.237900,22.069700,7.0,0,17.4,1,mainland
2021-07-29T08:11:15.130628Z,2021,7,29,66.254900,22.099600,10.0,0,20.0,1,mainland
2021-07-29T08:11:15.131239Z,2021,7,29,66.249700,22.112200,10.0,0,11.7,1,mainland
2021-07-29T08:11:15.131240Z,2021,7,29,66.240600,22.109100,11.0,0,5.6,1,coast_uncertain
2021-07-29T08:11:15.161363Z,2021,7,29,66.252600,22.080000,47.0,0,26.1,1,coast_uncertain
2021-07-29T08:12:47.655399Z,2021,7,29,66.248000,22.073200,-5.0,0,4.3,1,mainland
2021-07-29T08:12:47.678652Z,2021,7,29,66.247300,22.110600,6.0,0,9.9,1,mainland
2021-07-29T08:12:47.685882Z,2021,7,29,66.259100,22.153400,5.0,0,9.3,1,mainland
2021-07-29T08:17:08.563473Z,2021,7,29,66.243900,22.067700,-12.0,0,6.0,1,coast_uncertain
2021-07-29T08:17:22.667423Z,2021,7,29,65.584400,22.813700,-5.0,0,13.8,1,sea
2021-07-29T08:18:13.468282Z,2021,7,29,66.246800,22.079300,-18.0,0,6.4,1,coast_uncertain
2021-07-29T08:18:13.490002Z,2021,7,29,66.248100,22.078800,-9.0,0,3.9,1,coast_uncertain
2021-07-29T08:18:13.535383Z,2021,7,29,66.231900,22.126800,-9.0,0,4.8,1,mainland
2021-07-29T08:18:13.570972Z,2021,7,29,66.235200,22.041000,-9.0,0,10.5,1,coast_uncertain
2021-07-29T08:19:36.154656Z,2021,7,29,66.245300,22.172400,-4.0,0,2.5,1,coast_uncertain
2021-07-29T08:24:02.590163Z,2021,7,29,66.255800,22.144300,17.0,0,6.6,1,mainland
2021-07-29T08:26:59.935446Z,2021,7,29,66.237800,22.161500,-7.0,0,5.4,1,mainland
2021-07-29T08:26:59.979345Z,2021,7,29,66.262700,22.157500,6.0,0,3.6,1,mainland
2021-07-29T08:28:07.961938Z,2021,7,29,66.234300,22.131800,-5.0,0,2.7,1,mainland
2021-07-29T09:49:39.320411Z,2021,7,29,66.116800,22.048400,25.0,0,12.0,1,mainland
2021-07-29T09:49:39.369242Z,2021,7,29,66.120100,22.165100,-11.0,0,14.5,1,coast_uncertain
2021-07-29T09:52:02.059539Z,2021,7,29,66.116400,22.059200,-15.0,0,10.0,1,mainland
2021-07-29T09:52:02.061025Z,2021,7,29,66.088700,22.081800,-59.0,0,15.6,1,coast_uncertain
2021-08-11T15:30:38.081929Z,2021,8,11,65.922100,22.457500,-6.0,0,4.6,1,coast_uncertain
2021-08-11T15:33:09.357226Z,2021,8,11,65.913700,22.365000,5.0,0,3.7,1,mainland
2021-08-11T15:33:09.357239Z,2021,8,11,65.908200,22.484900,-12.0,0,11.2,1,coast_uncertain
2021-08-14T21:13:51.353596Z,2021,8,14,65.878400,22.299100,8.0,0,13.6,1,mainland
2021-08-14T21:13:51.669547Z,2021,8,14,65.870500,22.261900,6.0,0,9.5,1,coast_uncertain
2021-08-14T21:30:42.984135Z,2021,8,14,65.949900,22.347300,18.0,0,30.4,1,mainland
2021-08-20T14:19:59.845079Z,2021,8,20,65.675700,21.755200,4.0,0,9.8,1,mainland
2021-08-20T14:22:25.031390Z,2021,8,20,65.657800,21.773800,5.0,0,1.8,1,coast_uncertain
2021-08-20T14:22:25.031818Z,2021,8,20,65.680600,21.759000,6.0,0,10.6,1,mainland
