datetime_utc,year,month,day,lat,lon,current_ka,multiplicity,chi_square,cloud_indicator,surface_class,coast_uncertain_250,coast_uncertain_500,coast_uncertain_1000,municipality_boundary_uncertain_250,municipality_boundary_uncertain_500,municipality_boundary_uncertain_1000
2023-06-20T20:03:28.371770Z,2023,6,20,65.744100,22.388500,7.0,0,16.2,1,sea,0,1,1,0,0,0
2023-06-20T20:03:28.372295Z,2023,6,20,65.740600,22.401400,7.0,0,8.8,1,sea,0,0,0,0,0,0
2023-06-20T20:04:55.241210Z,2023,6,20,65.744300,22.417900,-28.0,0,5.2,1,sea,0,0,0,0,0,0
2023-06-20T20:04:55.244035Z,2023,6,20,65.745400,22.399600,-8.0,0,17.6,1,sea,0,0,1,0,0,0
2023-06-20T20:04:55.280380Z,2023,6,20,65.724200,22.366400,-12.0,0,3.9,1,sea,0,1,1,0,0,0
2023-06-20T20:04:55.405271Z,2023,6,20,65.745900,22.396900,-9.0,0,3.3,1,sea,0,0,1,0,0,0
2023-06-20T20:06:02.202369Z,2023,6,20,65.766500,22.498300,6.0,0,10.7,1,sea,0,0,1,0,0,0
2023-06-20T20:06:02.203047Z,2023,6,20,65.763200,22.437400,5.0,0,1.8,1,sea,0,0,0,0,0,0
2023-06-20T20:07:35.500925Z,2023,6,20,65.761000,22.456400,14.0,0,6.8,1,sea,0,0,1,0,0,0
2023-06-20T20:07:35.501419Z,2023,6,20,65.761500,22.435500,4.0,0,2.4,1,sea,0,0,0,0,0,0
2023-06-20T20:07:35.527557Z,2023,6,20,65.751800,22.513000,6.0,0,11.3,1,sea,0,0,0,0,0,0
2023-06-20T20:09:41.918438Z,2023,6,20,65.714000,22.245800,9.0,0,8.9,1,mainland,0,0,0,0,0,0
2023-06-20T20:09:41.918880Z,2023,6,20,65.768600,22.493900,12.0,0,12.0,1,sea,0,1,1,0,0,0
2023-06-20T20:09:41.944229Z,2023,6,20,65.687600,22.611500,8.0,0,30.4,1,sea,1,1,1,0,0,0
2023-06-20T20:09:42.124525Z,2023,6,20,65.833400,22.438400,-16.0,0,8.6,1,sea,0,0,1,0,0,0
2023-06-20T20:11:18.331623Z,2023,6,20,65.765700,22.509100,-8.0,0,0.0,1,sea,0,0,1,0,0,0
2023-06-20T20:11:18.331731Z,2023,6,20,65.764400,22.506300,-10.0,0,0.0,1,sea,0,0,1,0,0,0
2023-06-20T20:11:18.331795Z,2023,6,20,65.760700,22.506700,-14.0,0,0.0,1,sea,0,0,0,0,0,0
2023-06-20T20:11:18.331901Z,2023,6,20,65.764100,22.511800,-19.0,0,8.6,1,sea,0,0,1,0,0,0
2023-06-20T20:11:18.332024Z,2023,6,20,65.761900,22.501400,-9.0,0,0.0,1,sea,0,0,1,0,0,0
2023-06-20T20:11:18.332197Z,2023,6,20,65.763900,22.519400,-9.0,0,0.0,1,sea,0,0,1,0,0,0
2023-06-20T20:11:18.338211Z,2023,6,20,65.769200,22.503800,-11.0,0,3.3,1,sea,0,1,1,0,0,0
2023-06-20T20:14:43.910329Z,2023,6,20,65.771500,22.542300,-15.0,0,0.0,1,sea,0,1,1,0,0,0
2023-06-20T20:14:43.910406Z,2023,6,20,65.770000,22.542500,-38.0,0,14.5,1,sea,0,0,1,0,0,0
2023-06-20T20:14:43.912791Z,2023,6,20,65.773700,22.519900,-85.0,0,17.3,1,sea,1,1,1,0,0,0
2023-06-20T20:14:43.924095Z,2023,6,20,65.797900,22.578700,-8.0,0,8.2,1,mainland,1,1,1,0,0,0
2023-06-20T20:14:43.933171Z,2023,6,20,65.783200,22.565600,-13.0,0,5.2,1,sea,1,1,1,0,0,0
2023-06-20T20:14:43.936267Z,2023,6,20,65.771200,22.530300,-13.0,0,5.8,1,sea,1,1,1,0,0,0
2023-06-20T20:14:43.938816Z,2023,6,20,65.747900,22.553400,-8.0,0,6.3,1,sea,0,0,0,0,0,0
2023-06-20T20:16:57.754995Z,2023,6,20,65.777000,22.548300,-18.0,0,0.0,1,sea,1,1,1,0,0,0
2023-06-20T20:16:57.755112Z,2023,6,20,65.776200,22.557800,-19.0,0,9.4,1,islands,1,1,1,0,0,0
2023-06-20T20:16:57.757776Z,2023,6,20,65.776500,22.557700,-56.0,0,16.6,1,islands,1,1,1,0,0,0
2023-06-20T20:16:57.765526Z,2023,6,20,65.773600,22.531300,-9.0,0,19.6,1,sea,1,1,1,0,0,0
2023-06-20T20:16:57.770984Z,2023,6,20,65.779300,22.565700,-7.0,0,13.5,1,sea,1,1,1,0,0,0
2023-06-20T20:16:57.779749Z,2023,6,20,65.774600,22.593400,-15.0,0,5.5,1,sea,0,1,1,0,0,0
2023-06-20T20:24:33.664356Z,2023,6,20,65.832200,22.257200,6.0,0,10.1,1,mainland,0,0,0,0,0,0
2023-06-20T20:29:09.090606Z,2023,6,20,65.847300,22.334000,8.0,0,5.8,1,mainland,0,0,0,0,0,0
2023-06-20T20:29:09.092972Z,2023,6,20,65.835400,22.285000,-58.0,0,11.1,1,mainland,0,0,0,0,0,0
2023-06-20T20:29:09.092973Z,2023,6,20,65.838500,22.292800,-51.0,0,12.9,1,mainland,0,0,0,0,0,0
2023-06-20T20:29:09.118747Z,2023,6,20,65.841800,22.333700,-20.0,0,9.9,1,mainland,0,0,1,0,0,0
2023-06-20T20:29:09.139121Z,2023,6,20,65.801200,22.378200,-5.0,0,5.2,1,sea,0,1,1,0,0,0
2023-06-20T20:32:06.716292Z,2023,6,20,65.842800,22.409600,10.0,0,9.4,1,sea,0,0,1,0,0,0
2023-06-20T20:32:06.718770Z,2023,6,20,65.836300,22.384700,6.0,0,12.6,1,sea,0,1,1,0,0,0
2023-06-20T20:32:06.724688Z,2023,6,20,65.824100,22.454900,5.0,0,21.3,1,sea,1,1,1,0,0,0
2023-06-20T20:32:06.740281Z,2023,6,20,65.837800,22.339900,10.0,0,13.6,1,mainland,1,1,1,0,0,0
2023-06-20T20:38:11.919327Z,2023,6,20,65.728200,22.534600,7.0,0,19.9,1,sea,0,1,1,0,0,0
2023-06-20T20:39:48.831094Z,2023,6,20,65.838000,22.450000,6.0,0,16.2,1,sea,0,0,1,0,0,0
2023-06-20T20:39:48.858682Z,2023,6,20,65.854600,22.437700,8.0,0,19.6,1,sea,0,1,1,0,0,0
2023-06-20T20:41:15.772810Z,2023,6,20,65.852900,22.475900,6.0,0,4.1,1,sea,1,1,1,0,0,0
2023-06-20T20:43:45.725257Z,2023,6,20,65.855300,22.502400,-96.0,0,27.9,1,mainland,0,0,0,0,0,0
2023-06-20T20:43:45.737070Z,2023,6,20,65.855800,22.512300,-6.0,0,3.5,1,mainland,0,0,0,0,0,0
2023-06-20T20:43:45.739446Z,2023,6,20,65.860700,22.507900,-6.0,0,12.0,1,mainland,0,0,0,0,0,0
2023-06-20T20:43:45.742814Z,2023,6,20,65.853300,22.499300,-7.0,0,28.0,1,mainland,0,0,1,0,0,0
2023-06-20T20:43:45.754851Z,2023,6,20,65.842400,22.497600,-9.0,0,4.6,1,mainland,0,0,0,0,0,0
2023-06-20T20:45:32.958105Z,2023,6,20,65.850400,22.499400,12.0,0,30.4,1,mainland,0,0,1,0,0,0
2023-06-20T20:48:05.526497Z,2023,6,20,65.836700,22.514700,10.0,0,11.3,1,mainland,0,0,0,0,0,0
2023-06-20T20:48:05.526501Z,2023,6,20,65.841100,22.504000,8.0,0,10.4,1,mainland,0,0,0,0,0,0
2023-06-20T20:48:05.527804Z,2023,6,20,65.830900,22.514300,7.0,0,3.1,1,mainland,0,0,1,0,0,0
2023-06-20T20:48:05.529094Z,2023,6,20,65.828900,22.502500,6.0,0,1.8,1,mainland,1,1,1,0,0,0
2023-06-20T20:48:05.531061Z,2023,6,20,65.838300,22.557200,6.0,0,5.0,1,mainland,0,0,0,0,0,0
2023-06-20T20:48:05.547823Z,2023,6,20,65.845700,22.500000,8.0,0,25.7,1,mainland,0,0,1,0,0,0
2023-06-21T10:43:46.113513Z,2023,6,21,65.872200,22.233600,-30.0,0,9.2,1,mainland,0,0,0,0,0,0
2023-06-21T10:43:46.155567Z,2023,6,21,65.872300,22.234400,-7.0,0,3.7,1,mainland,0,0,0,0,0,0
2023-06-21T10:43:46.303009Z,2023,6,21,65.872300,22.233600,-14.0,0,7.9,1,mainland,0,0,0,0,0,0
2023-06-21T10:46:00.205065Z,2023,6,21,65.870500,22.212600,8.0,0,16.3,1,mainland,0,0,0,0,0,0
2023-06-21T10:46:00.207236Z,2023,6,21,65.888000,22.316100,5.0,0,8.1,1,mainland,0,0,0,0,0,0
2023-06-21T10:46:19.494170Z,2023,6,21,65.879000,22.261200,6.0,0,2.6,1,mainland,0,0,0,0,0,0
2023-06-21T10:47:21.019627Z,2023,6,21,65.887200,22.213300,6.0,0,30.0,1,inland_water,0,0,0,0,0,0
2023-06-21T10:47:30.230050Z,2023,6,21,65.869500,22.295600,7.0,0,21.9,1,mainland,0,0,0,0,0,0
2023-06-21T10:47:46.713908Z,2023,6,21,65.833800,22.247400,5.0,0,3.9,1,mainland,0,0,0,0,0,0
2023-06-21T10:47:46.801452Z,2023,6,21,65.882000,22.200300,6.0,0,2.7,1,mainland,0,0,0,0,0,0
2023-06-21T10:48:24.955734Z,2023,6,21,65.885100,22.229400,7.0,0,19.4,1,inland_water,0,0,0,0,0,0
2023-06-21T10:48:24.956677Z,2023,6,21,65.861900,22.258400,7.0,0,2.4,1,mainland,0,0,0,0,0,0
2023-06-21T10:49:08.309076Z,2023,6,21,65.905000,22.198500,10.0,0,6.4,1,inland_water,0,0,0,0,0,0
2023-06-21T10:49:08.597139Z,2023,6,21,65.995600,22.167200,-7.0,0,3.7,1,mainland,0,0,0,0,0,0
2023-06-21T10:50:23.414496Z,2023,6,21,65.889000,22.272100,-5.0,0,11.4,1,mainland,0,0,0,0,0,0
2023-06-21T10:51:45.276974Z,2023,6,21,65.869900,22.259400,8.0,0,14.4,1,mainland,0,0,0,0,0,0
2023-06-21T10:51:45.277779Z,2023,6,21,65.868300,22.300400,16.0,0,30.4,1,mainland,0,0,0,0,0,0
2023-06-21T10:52:01.153952Z,2023,6,21,65.864000,22.305200,6.0,0,5.7,1,mainland,0,0,0,0,0,0
2023-06-21T10:52:53.836552Z,2023,6,21,65.877900,22.273500,6.0,0,5.6,1,mainland,0,0,0,0,0,0
2023-06-21T10:53:47.495746Z,2023,6,21,65.879200,22.208500,8.0,0,7.0,1,mainland,0,0,0,0,0,0
2023-06-21T10:53:47.496010Z,2023,6,21,65.877000,22.269500,6.0,0,9.5,1,mainland,0,0,0,0,0,0
2023-06-21T10:53:47.498750Z,2023,6,21,65.881500,22.253800,12.0,0,19.7,1,mainland,0,0,0,0,0,0
2023-06-21T10:53:47.526377Z,2023,6,21,65.861600,22.321300,4.0,0,6.9,1,mainland,0,0,0,0,0,0
2023-06-21T10:53:47.533579Z,2023,6,21,65.881100,22.271400,11.0,0,14.4,1,mainland,0,0,0,0,0,0
2023-06-21T10:53:47.717850Z,2023,6,21,65.986100,22.313200,-8.0,0,4.8,1,mainland,0,0,0,0,0,0
2023-06-21T10:55:27.572296Z,2023,6,21,65.845600,22.284400,-12.0,0,11.3,1,mainland,0,0,0,0,0,0
2023-06-21T10:55:27.606570Z,2023,6,21,65.864300,22.279000,6.0,0,1.4,1,inland_water,0,0,0,0,0,0
2023-06-21T10:56:04.649114Z,2023,6,21,65.869800,22.290600,6.0,0,5.7,1,mainland,0,0,0,0,0,0
2023-06-21T10:56:04.704056Z,2023,6,21,65.863300,22.194800,5.0,0,9.5,1,mainland,0,0,0,0,0,0
2023-06-21T10:56:36.224003Z,2023,6,21,65.908300,22.220500,5.0,0,5.4,1,mainland,0,0,0,0,0,0
2023-06-21T10:56:55.192904Z,2023,6,21,65.864300,22.270900,6.0,0,1.9,1,mainland,0,0,0,0,0,0
2023-06-21T10:56:55.194102Z,2023,6,21,65.869000,22.264500,6.0,0,3.1,1,mainland,0,0,0,0,0,0
2023-06-21T10:57:16.052600Z,2023,6,21,65.903200,22.301700,7.0,0,28.8,1,mainland,0,0,0,0,0,0
2023-06-21T10:58:11.399381Z,2023,6,21,65.898600,22.203100,5.0,0,8.6,1,mainland,0,0,0,0,0,0
2023-06-21T11:00:21.335376Z,2023,6,21,65.904800,22.124800,-7.0,0,11.2,1,mainland,0,0,0,0,0,0
2023-06-21T11:01:58.755924Z,2023,6,21,65.935800,22.253200,6.0,0,17.0,1,mainland,0,0,0,0,0,0
2023-06-21T11:02:25.027078Z,2023,6,21,65.879900,22.238800,5.0,0,27.7,1,mainland,0,0,0,0,0,0
2023-06-21T11:03:09.448973Z,2023,6,21,65.890400,22.222200,5.0,0,1.8,1,mainland,0,0,0,0,0,0
2023-06-21T11:03:32.097747Z,2023,6,21,65.897500,22.239800,6.0,0,7.3,1,mainland,0,0,0,0,0,0
2023-06-21T11:03:47.184382Z,2023,6,21,65.895300,22.264900,-5.0,0,3.3,1,mainland,0,0,0,0,0,0
2023-06-21T11:03:59.034440Z,2023,6,21,65.900700,22.221000,8.0,0,3.3,1,mainland,0,0,0,0,0,0
2023-06-21T11:04:36.978699Z,2023,6,21,65.874800,22.243400,7.0,0,13.5,1,mainland,0,0,0,0,0,0
2023-06-21T11:05:27.643325Z,2023,6,21,65.906600,22.289100,-6.0,0,12.6,1,inland_water,0,0,0,0,0,0
2023-06-21T11:05:27.832723Z,2023,6,21,65.904500,22.205300,8.0,0,3.1,1,mainland,0,0,0,0,0,0
2023-06-21T11:06:19.161394Z,2023,6,21,65.892600,22.204700,12.0,0,6.0,1,mainland,0,0,0,0,0,0
2023-06-21T11:07:37.874353Z,2023,6,21,65.902900,22.244000,10.0,0,4.9,1,mainland,0,0,0,0,0,0
2023-06-21T11:08:44.755645Z,2023,6,21,65.905900,22.206500,7.0,0,3.2,1,mainland,0,0,0,0,0,0
2023-06-21T11:09:57.075275Z,2023,6,21,65.858200,22.346800,6.0,0,1.7,1,mainland,1,1,1,0,0,0
2023-06-21T11:10:39.900803Z,2023,6,21,65.891800,22.235800,10.0,0,12.8,1,mainland,0,0,0,0,0,0
2023-06-21T11:10:39.903538Z,2023,6,21,65.886300,22.246200,7.0,0,15.1,1,mainland,0,0,0,0,0,0
2023-06-21T11:10:59.099576Z,2023,6,21,65.882900,22.309100,-6.0,0,3.7,1,mainland,0,0,0,0,0,0
2023-06-21T11:12:26.027344Z,2023,6,21,65.842400,22.373800,5.0,0,15.3,1,sea,1,1,1,0,0,0
2023-06-21T11:13:43.679709Z,2023,6,21,65.824200,22.280100,6.0,0,3.9,1,mainland,0,0,0,0,0,0
2023-06-21T11:13:43.701767Z,2023,6,21,65.864500,22.234300,7.0,0,13.8,1,mainland,0,0,0,0,0,0
2023-06-21T11:14:59.431785Z,2023,6,21,65.866800,22.107200,14.0,0,12.8,1,mainland,0,0,0,0,0,0
2023-06-21T11:16:16.758718Z,2023,6,21,65.854800,22.148100,5.0,0,11.7,1,mainland,0,0,0,0,0,0
2023-06-21T11:19:26.127877Z,2023,6,21,65.844300,22.245300,5.0,0,1.9,1,mainland,0,0,0,0,0,0
2023-06-21T11:19:48.352562Z,2023,6,21,66.046900,22.435100,7.0,0,6.8,1,mainland,0,0,0,0,1,1
2023-06-21T11:21:15.960488Z,2023,6,21,65.836400,22.266900,10.0,0,18.1,1,mainland,0,0,0,0,0,0
2023-06-21T11:21:15.960533Z,2023,6,21,65.862600,22.260900,-17.0,0,16.8,1,inland_water,0,0,0,0,0,0
2023-06-21T11:21:17.197293Z,2023,6,21,66.043300,22.443900,6.0,0,8.3,1,mainland,0,0,0,1,1,1
2023-06-21T11:23:07.394799Z,2023,6,21,65.851500,22.249600,6.0,0,12.8,1,mainland,0,0,0,0,0,0
2023-06-21T11:28:07.530919Z,2023,6,21,65.959900,22.017500,-6.0,0,20.4,1,mainland,0,0,0,0,0,0
2023-06-21T11:28:35.029790Z,2023,6,21,65.564600,22.067600,6.0,0,2.0,1,mainland,0,0,0,0,0,0
2023-06-21T11:28:35.032896Z,2023,6,21,65.577900,22.038200,6.0,0,6.1,1,mainland,0,0,0,0,0,0
2023-06-21T11:29:59.460243Z,2023,6,21,65.846000,22.207200,7.0,0,5.7,1,mainland,0,0,0,0,0,0
2023-06-21T11:31:05.402503Z,2023,6,21,65.837000,22.206400,17.0,0,15.8,1,mainland,0,0,0,0,0,0
2023-06-21T11:31:05.403281Z,2023,6,21,65.836600,22.223600,7.0,0,12.0,1,mainland,0,0,0,0,0,0
2023-06-21T11:31:05.403311Z,2023,6,21,65.837200,22.243700,-12.0,0,15.1,1,mainland,0,0,0,0,0,0
2023-06-21T11:32:36.300828Z,2023,6,21,66.056200,22.294800,-17.0,0,6.6,1,mainland,0,0,0,0,0,0
2023-06-21T11:33:00.449175Z,2023,6,21,66.048100,22.384900,-7.0,0,5.4,1,mainland,0,0,0,0,0,0
2023-06-21T11:34:24.795340Z,2023,6,21,65.829000,22.237100,9.0,0,3.1,1,mainland,0,0,0,0,0,0
2023-06-21T11:34:24.796020Z,2023,6,21,65.830400,22.240500,19.0,0,23.8,1,mainland,0,0,0,0,0,0
2023-06-21T11:35:07.670874Z,2023,6,21,66.020000,22.354500,6.0,0,8.2,1,mainland,0,0,0,0,0,0
2023-06-21T11:39:06.225788Z,2023,6,21,66.025900,22.459100,5.0,0,9.3,1,mainland,0,0,0,1,1,1
2023-06-21T11:40:09.753970Z,2023,6,21,66.032600,22.398700,5.0,0,9.7,1,mainland,0,0,0,0,0,0
2023-06-21T11:43:40.711286Z,2023,6,21,65.565300,21.843000,-15.0,0,9.4,1,mainland,0,0,0,0,0,0
2023-06-21T11:44:00.327538Z,2023,6,21,66.023700,22.460300,7.0,0,6.0,1,mainland,0,0,0,1,1,1
2023-06-21T11:44:00.328042Z,2023,6,21,66.024100,22.460300,7.0,0,28.0,1,mainland,0,0,0,1,1,1
2023-06-21T11:44:00.328731Z,2023,6,21,65.984400,22.448300,6.0,0,26.3,1,mainland,0,0,0,0,0,0
2023-06-21T11:45:40.468038Z,2023,6,21,66.030200,22.387800,7.0,0,8.9,1,mainland,0,0,0,0,0,0
2023-06-21T11:47:16.155504Z,2023,6,21,65.502800,21.863100,5.0,0,5.5,1,mainland,0,0,1,0,0,0
2023-06-21T11:47:23.887254Z,2023,6,21,66.021600,22.312100,5.0,0,12.8,1,mainland,0,0,0,0,0,0
2023-06-21T11:47:23.887813Z,2023,6,21,66.019000,22.428100,9.0,0,16.7,1,mainland,0,0,0,0,0,0
2023-06-21T11:47:23.889231Z,2023,6,21,66.004500,22.453600,8.0,0,14.7,1,mainland,0,0,0,0,0,0
2023-06-21T11:49:05.398264Z,2023,6,21,66.021600,22.450200,6.0,0,9.4,1,mainland,0,0,0,0,0,1
2023-06-21T11:49:05.399112Z,2023,6,21,66.017600,22.435400,5.0,0,19.3,1,mainland,0,0,0,0,0,0
2023-06-21T11:49:05.400198Z,2023,6,21,66.013500,22.437600,17.0,0,11.2,1,mainland,0,0,0,0,0,0
2023-06-21T11:50:15.312299Z,2023,6,21,65.598500,21.803800,-8.0,0,8.9,1,mainland,0,0,0,0,0,0
2023-06-21T11:50:15.315290Z,2023,6,21,65.550500,21.877800,7.0,0,3.7,1,mainland,0,0,0,0,0,0
2023-06-21T11:52:44.408364Z,2023,6,21,65.556200,21.890000,6.0,0,7.2,1,mainland,0,0,0,0,0,0
2023-06-21T11:53:13.863130Z,2023,6,21,66.022900,22.448100,6.0,0,16.3,1,mainland,0,0,0,0,0,1
2023-06-21T11:53:24.153919Z,2023,6,21,65.559100,21.879300,7.0,0,2.7,1,mainland,0,0,0,0,0,0
2023-06-21T11:55:46.108749Z,2023,6,21,65.559000,21.864800,-52.0,0,7.7,1,mainland,0,0,0,0,0,0
2023-06-21T11:55:46.108751Z,2023,6,21,65.563000,21.856600,-45.0,0,7.4,1,mainland,0,0,0,0,0,0
2023-06-21T11:55:46.132033Z,2023,6,21,65.558300,21.845200,11.0,0,25.4,1,mainland,0,0,0,0,0,0
2023-06-21T11:55:46.160535Z,2023,6,21,65.560900,21.870500,-11.0,0,4.3,1,mainland,0,0,0,0,0,0
2023-06-21T11:55:46.187783Z,2023,6,21,65.558700,21.867400,-16.0,0,5.4,1,mainland,0,0,0,0,0,0
2023-06-21T12:02:43.747241Z,2023,6,21,65.549000,21.713600,-6.0,0,4.4,1,mainland,0,0,0,0,0,0
2023-06-21T12:19:27.165806Z,2023,6,21,65.546200,21.904800,7.0,0,8.3,1,mainland,0,0,0,0,0,0
2023-06-21T12:38:41.363230Z,2023,6,21,66.146500,22.108600,-5.0,0,5.2,1,mainland,0,0,0,0,0,0
2023-06-21T12:45:28.932051Z,2023,6,21,66.012400,21.995500,-7.0,0,5.5,1,mainland,0,0,0,0,0,0
2023-06-21T12:49:40.841177Z,2023,6,21,66.145100,22.022900,6.0,0,22.5,1,mainland,0,0,0,0,0,0
2023-06-21T12:50:38.784075Z,2023,6,21,66.184300,22.084400,-6.0,0,7.0,1,mainland,0,0,0,0,0,0
2023-06-21T12:53:03.864915Z,2023,6,21,66.201500,22.187700,6.0,0,4.3,1,mainland,0,0,0,0,0,0
2023-06-21T12:53:04.125961Z,2023,6,21,66.172100,22.165200,-11.0,0,8.8,1,mainland,0,0,0,0,0,0
2023-06-21T12:53:04.126095Z,2023,6,21,66.172500,22.165400,-5.0,0,0.0,1,mainland,0,0,0,0,0,0
2023-06-21T12:54:50.783022Z,2023,6,21,66.149600,22.052000,-7.0,0,9.8,1,mainland,0,0,0,0,0,0
2023-06-21T12:56:45.066642Z,2023,6,21,66.199000,22.043300,-11.0,0,9.9,1,mainland,0,0,0,1,1,1
2023-06-21T12:57:02.504876Z,2023,6,21,66.146400,22.023400,9.0,0,8.9,1,mainland,0,0,0,0,0,0
2023-06-21T12:58:37.597343Z,2023,6,21,66.173500,22.129500,-9.0,0,6.1,1,mainland,0,0,0,0,0,0
2023-06-21T12:59:25.253384Z,2023,6,21,66.155200,21.999500,-26.0,0,11.9,1,mainland,0,0,0,1,1,1
2023-06-21T13:01:30.901702Z,2023,6,21,66.197900,22.146100,4.0,0,13.8,1,mainland,0,0,0,0,0,0
2023-06-21T13:01:30.902690Z,2023,6,21,66.119700,22.061700,6.0,0,2.1,1,mainland,0,0,0,0,0,0
2023-06-21T13:01:30.903740Z,2023,6,21,66.086300,22.157300,-28.0,0,22.2,1,mainland,0,0,0,0,0,0
2023-06-21T13:01:30.925433Z,2023,6,21,66.124200,22.122200,-19.0,0,25.5,1,mainland,0,0,0,0,0,0
2023-06-21T13:03:26.812754Z,2023,6,21,66.124800,22.023200,7.0,0,9.6,1,mainland,0,0,0,0,1,1
2023-06-21T13:04:22.165279Z,2023,6,21,66.167300,22.127200,-27.0,0,12.0,1,mainland,0,0,0,0,0,0
2023-06-21T13:04:22.166856Z,2023,6,21,66.123100,22.128400,-11.0,0,3.9,1,mainland,0,0,0,0,0,0
2023-06-21T13:04:22.313673Z,2023,6,21,66.171000,22.144900,-6.0,0,5.5,1,mainland,0,0,0,0,0,0
2023-06-21T13:05:47.305136Z,2023,6,21,66.000500,21.950200,10.0,0,5.4,1,mainland,0,0,0,0,0,0
2023-06-21T13:05:47.305741Z,2023,6,21,66.009300,21.919200,10.0,0,13.0,1,mainland,0,0,0,1,1,1
2023-06-21T13:05:47.306842Z,2023,6,21,65.993800,21.945200,6.0,0,11.9,1,mainland,0,0,0,0,0,0
2023-06-21T13:07:18.268570Z,2023,6,21,66.210100,22.152000,-10.0,0,10.3,1,mainland,0,0,0,0,0,0
2023-06-21T13:08:14.635148Z,2023,6,21,66.008600,21.930400,7.0,0,3.6,1,mainland,0,0,0,0,0,1
2023-06-21T13:08:14.648074Z,2023,6,21,65.986900,21.983200,7.0,0,21.1,1,mainland,0,0,0,0,0,0
2023-06-21T13:11:11.435312Z,2023,6,21,66.173300,22.060700,6.0,0,9.2,1,mainland,0,0,0,0,0,1
2023-06-21T13:11:11.439495Z,2023,6,21,66.166800,22.055900,7.0,0,15.5,1,mainland,0,0,0,0,0,0
2023-06-21T13:11:27.412112Z,2023,6,21,66.154100,22.164900,-8.0,0,10.7,1,mainland,0,0,0,0,0,0
2023-06-21T13:11:27.416846Z,2023,6,21,66.153600,22.167400,-15.0,0,6.0,1,mainland,0,0,0,0,0,0
2023-06-21T13:11:34.946964Z,2023,6,21,66.008600,21.972000,14.0,0,16.7,1,mainland,0,0,0,0,0,0
2023-06-21T13:11:34.947420Z,2023,6,21,66.010700,21.987100,7.0,0,11.2,1,mainland,0,0,0,0,0,0
2023-06-21T13:11:34.958550Z,2023,6,21,66.010000,21.966100,6.0,0,20.4,1,mainland,0,0,0,0,0,0
2023-06-21T13:12:23.928997Z,2023,6,21,66.169800,22.092100,5.0,0,3.7,1,mainland,0,0,0,0,0,0
2023-06-21T13:13:20.938846Z,2023,6,21,66.169900,22.065800,6.0,0,10.7,1,mainland,0,0,0,0,0,0
2023-06-21T13:13:28.649781Z,2023,6,21,66.179700,22.061300,-5.0,0,3.7,1,mainland,0,0,0,0,1,1
2023-06-21T13:13:44.933989Z,2023,6,21,66.181300,22.086700,6.0,0,3.1,1,mainland,0,0,0,0,0,0
2023-06-21T13:13:56.591420Z,2023,6,21,65.809900,21.973900,9.0,0,8.2,1,mainland,0,0,0,0,0,1
2023-06-21T13:14:05.105435Z,2023,6,21,66.180100,22.082800,-21.0,0,8.5,1,mainland,0,0,0,0,0,0
2023-06-21T13:14:05.333036Z,2023,6,21,66.184000,22.123100,-8.0,0,9.4,1,mainland,0,0,0,0,0,0
2023-06-21T13:14:05.384984Z,2023,6,21,66.183900,22.117400,-9.0,0,8.1,1,mainland,0,0,0,0,0,0
2023-06-21T13:14:05.629409Z,2023,6,21,66.181800,22.129000,-7.0,0,6.4,1,mainland,0,0,0,0,0,0
2023-06-21T13:14:05.897895Z,2023,6,21,66.181500,22.118200,-6.0,0,8.0,1,mainland,0,0,0,0,0,0
2023-06-21T13:14:25.549985Z,2023,6,21,66.185700,22.122000,6.0,0,5.8,1,mainland,0,0,0,0,0,0
2023-06-21T13:15:26.586221Z,2023,6,21,66.202000,22.180600,5.0,0,14.2,1,mainland,0,0,0,0,0,0
2023-06-21T13:15:57.732441Z,2023,6,21,66.180800,22.121000,7.0,0,10.0,1,mainland,0,0,0,0,0,0
2023-06-21T13:15:57.737136Z,2023,6,21,66.200900,22.224600,6.0,0,8.0,1,mainland,0,0,0,0,0,0
2023-06-21T13:15:57.963771Z,2023,6,21,66.228500,22.166900,-10.0,0,5.2,1,mainland,0,0,0,0,0,0
2023-06-21T13:15:57.964633Z,2023,6,21,66.184200,22.197000,9.0,0,21.3,1,mainland,0,0,0,0,0,0
2023-06-21T13:15:57.964654Z,2023,6,21,66.174200,22.260300,-9.0,0,7.0,1,mainland,0,0,0,0,0,0
2023-06-21T13:16:49.419183Z,2023,6,21,66.178400,22.111600,6.0,0,10.1,1,mainland,0,0,0,0,0,0
2023-06-21T13:16:49.419967Z,2023,6,21,66.171200,22.147200,6.0,0,23.6,1,mainland,0,0,0,0,0,0
2023-06-21T13:16:49.420008Z,2023,6,21,66.176300,22.128600,-16.0,0,10.7,1,mainland,0,0,0,0,0,0
2023-06-21T13:16:49.423379Z,2023,6,21,66.179300,22.111100,6.0,0,23.0,1,mainland,0,0,0,0,0,0
2023-06-21T13:16:49.424873Z,2023,6,21,66.178600,22.137900,6.0,0,22.1,1,mainland,0,0,0,0,0,0
2023-06-21T13:16:49.668337Z,2023,6,21,66.155500,22.057500,-8.0,0,16.9,1,mainland,0,0,0,0,0,0
2023-06-21T13:16:59.915730Z,2023,6,21,66.136400,22.139400,13.0,0,8.2,1,mainland,0,0,0,0,0,0
2023-06-21T13:17:30.669252Z,2023,6,21,66.180500,22.110100,7.0,0,12.6,1,mainland,0,0,0,0,0,0
2023-06-21T13:18:52.652586Z,2023,6,21,66.189600,22.251100,-8.0,0,15.0,1,mainland,0,0,0,0,0,1
2023-06-21T13:18:52.671328Z,2023,6,21,66.159400,22.248700,4.0,0,22.5,1,mainland,0,0,0,0,0,0
2023-06-21T13:18:52.941164Z,2023,6,21,66.196200,22.145400,-30.0,0,10.6,1,inland_water,0,0,0,0,0,0
2023-06-21T13:18:53.078500Z,2023,6,21,66.195700,22.145100,-20.0,0,8.6,1,mainland,0,0,0,0,0,0
2023-06-21T13:18:53.128253Z,2023,6,21,66.196100,22.149500,-9.0,0,6.0,1,mainland,0,0,0,0,0,0
2023-06-21T13:18:53.268062Z,2023,6,21,66.196700,22.151700,-7.0,0,5.6,1,mainland,0,0,0,0,0,0
2023-06-21T13:20:02.199710Z,2023,6,21,66.162500,22.156800,9.0,0,12.3,1,mainland,0,0,0,0,0,0
2023-06-21T13:20:02.395818Z,2023,6,21,66.195700,22.089900,-20.0,0,6.8,1,mainland,0,0,0,0,0,0
2023-06-21T13:20:22.942658Z,2023,6,21,66.142000,22.218000,6.0,0,16.6,1,mainland,0,0,0,0,0,0
2023-06-21T13:20:22.942714Z,2023,6,21,66.091700,22.187800,-7.0,0,14.8,1,mainland,0,0,0,0,0,0
2023-06-21T13:21:20.099921Z,2023,6,21,66.183000,22.100400,5.0,0,3.7,1,mainland,0,0,0,0,0,0
2023-06-21T13:21:20.102484Z,2023,6,21,66.175600,22.129000,-14.0,0,18.5,1,mainland,0,0,0,0,0,0
2023-06-21T13:21:20.103360Z,2023,6,21,66.194500,22.098000,8.0,0,15.4,1,mainland,0,0,0,0,0,0
2023-06-21T13:21:20.104708Z,2023,6,21,66.185600,22.108300,9.0,0,8.2,1,mainland,0,0,0,0,0,0
2023-06-21T13:21:20.105478Z,2023,6,21,66.178500,22.045400,6.0,0,10.7,1,mainland,0,0,0,1,1,1
2023-06-21T13:21:20.106712Z,2023,6,21,66.183600,22.074000,7.0,0,8.9,1,mainland,0,0,0,0,0,1
2023-06-21T13:21:20.111772Z,2023,6,21,66.174500,22.163300,6.0,0,21.8,1,mainland,0,0,0,0,0,0
2023-06-21T13:21:20.272940Z,2023,6,21,66.222800,22.084300,-25.0,0,15.5,1,mainland,0,0,0,0,0,0
2023-06-21T13:21:20.337203Z,2023,6,21,66.126000,22.255200,-6.0,0,6.1,1,mainland,0,0,0,0,0,0
2023-06-21T13:22:57.154446Z,2023,6,21,66.167900,22.212900,-7.0,0,13.2,1,mainland,0,0,0,0,0,0
2023-06-21T13:22:57.154959Z,2023,6,21,66.152800,22.174600,10.0,0,26.2,1,mainland,0,0,0,0,0,0
2023-06-21T13:22:57.155012Z,2023,6,21,66.236700,22.032600,-15.0,0,15.8,1,mainland,0,0,0,1,1,1
2023-06-21T13:22:57.155474Z,2023,6,21,66.170500,22.135100,-20.0,0,13.4,1,mainland,0,0,0,0,0,0
2023-06-21T13:22:57.155476Z,2023,6,21,66.240500,22.142200,10.0,0,29.6,1,mainland,0,0,0,0,0,0
2023-06-21T13:22:57.156673Z,2023,6,21,66.170800,22.122200,16.0,0,7.2,1,mainland,0,0,0,0,0,0
2023-06-21T13:22:57.156673Z,2023,6,21,66.168200,22.120500,17.0,0,4.7,1,mainland,0,0,0,0,0,0
2023-06-21T13:22:57.159765Z,2023,6,21,66.168000,22.140800,7.0,0,3.9,1,mainland,0,0,0,0,0,0
2023-06-21T13:22:57.176099Z,2023,6,21,66.181100,22.159200,9.0,0,20.7,1,mainland,0,0,0,0,0,0
2023-06-21T13:22:57.176141Z,2023,6,21,66.167000,22.173600,-16.0,0,20.0,1,mainland,0,0,0,0,0,0
2023-06-21T13:22:57.313159Z,2023,6,21,66.224800,22.109900,-9.0,0,6.0,1,mainland,0,0,0,0,0,0
2023-06-21T13:24:34.083220Z,2023,6,21,66.165700,22.185700,6.0,0,8.9,1,inland_water,0,0,0,0,0,0
2023-06-21T13:25:59.920406Z,2023,6,21,66.178200,22.159400,-8.0,0,12.6,1,mainland,0,0,0,0,0,0
2023-06-21T13:25:59.920901Z,2023,6,21,66.174300,22.153200,6.0,0,4.2,1,mainland,0,0,0,0,0,0
2023-06-21T13:25:59.920901Z,2023,6,21,66.177900,22.161100,9.0,0,5.0,1,mainland,0,0,0,0,0,0
2023-06-21T13:25:59.932422Z,2023,6,21,66.177300,22.129600,6.0,0,21.3,1,mainland,0,0,0,0,0,0
2023-06-21T13:27:22.570481Z,2023,6,21,66.162600,22.143700,-10.0,0,10.0,1,mainland,0,0,0,0,0,0
2023-06-21T13:27:22.570481Z,2023,6,21,66.170400,22.206200,-12.0,0,9.0,1,mainland,0,0,0,0,0,0
2023-06-21T13:27:22.574529Z,2023,6,21,66.049200,22.237900,-33.0,0,16.2,1,mainland,0,0,0,0,0,0
2023-06-21T13:37:53.045693Z,2023,6,21,66.140000,22.053000,-9.0,0,18.5,1,inland_water,0,0,0,0,0,0
2023-06-21T13:44:58.495321Z,2023,6,21,66.121100,22.231300,-78.0,0,12.2,1,inland_water,0,0,0,0,0,0
2023-06-21T13:44:58.523420Z,2023,6,21,66.121400,22.231100,-24.0,0,12.8,1,inland_water,0,0,0,0,0,0
2023-06-21T13:44:58.655376Z,2023,6,21,66.121600,22.231200,-13.0,0,7.2,1,inland_water,0,0,0,0,0,0
2023-06-21T13:44:58.672654Z,2023,6,21,66.123400,22.236000,-9.0,0,7.5,1,mainland,0,0,0,0,0,0
2023-06-21T14:09:29.448293Z,2023,6,21,65.665400,21.836800,-8.0,0,14.2,1,inland_water,0,0,0,0,0,0
2023-06-21T14:10:55.459841Z,2023,6,21,65.436900,22.307200,5.0,0,4.6,1,islands,0,0,1,0,0,0
2023-06-21T14:14:15.223740Z,2023,6,21,65.788800,21.913600,-18.0,0,13.5,1,mainland,0,0,0,0,0,0
2023-06-21T14:15:42.376647Z,2023,6,21,65.676000,21.803000,7.0,0,16.7,1,mainland,0,0,0,0,0,0
2023-06-21T14:15:42.671614Z,2023,6,21,65.771300,22.110000,-12.0,0,5.1,1,inland_water,0,0,0,0,0,0
2023-06-21T14:20:05.245815Z,2023,6,21,65.713700,21.962300,6.0,0,0.0,1,mainland,0,0,0,0,0,0
2023-06-21T14:20:05.245967Z,2023,6,21,65.710800,21.969800,13.0,0,8.5,1,mainland,0,0,0,0,0,0
2023-06-21T14:20:05.245984Z,2023,6,21,65.713000,21.964100,15.0,0,8.6,1,mainland,0,0,0,0,0,0
2023-06-21T14:20:05.246177Z,2023,6,21,65.711600,21.966600,8.0,0,0.0,1,mainland,0,0,0,0,0,0
2023-06-21T14:20:55.776420Z,2023,6,21,65.683300,21.805400,6.0,0,2.3,1,mainland,0,0,0,0,0,0
2023-06-21T14:34:54.224103Z,2023,6,21,65.907400,22.468300,-18.0,0,8.8,1,mainland,0,0,0,0,0,0
2023-06-21T14:45:46.777505Z,2023,6,21,65.601700,21.686400,8.0,0,5.8,1,mainland,0,0,0,0,0,0
2023-06-22T18:30:16.582586Z,2023,6,22,65.341300,22.062300,-31.0,0,23.4,1,sea,0,1,1,0,0,0
2023-06-22T18:30:16.582599Z,2023,6,22,65.347600,22.052200,-17.0,0,0.0,1,sea,0,0,0,0,0,0
2023-06-22T18:30:16.582899Z,2023,6,22,65.351000,22.077400,-21.0,0,12.3,1,sea,0,0,1,0,0,0
2023-06-22T18:30:16.593611Z,2023,6,22,65.341500,22.084100,-14.0,0,3.1,1,sea,1,1,1,0,0,0
2023-06-22T18:30:16.624284Z,2023,6,22,65.337600,22.053300,-12.0,0,3.6,1,sea,0,0,1,0,0,0
2023-06-22T18:30:16.645806Z,2023,6,22,65.337700,22.056700,-13.0,0,3.5,1,sea,0,0,1,0,0,0
2023-06-22T18:31:42.296689Z,2023,6,22,65.323300,22.108900,8.0,0,3.2,1,sea,0,0,0,0,0,0
2023-06-22T18:31:42.297145Z,2023,6,22,65.344900,22.057500,11.0,0,3.3,1,sea,0,0,1,0,0,0
2023-06-22T18:31:42.298167Z,2023,6,22,65.347400,22.078700,15.0,0,24.9,1,sea,0,1,1,0,0,0
2023-06-22T18:31:42.300679Z,2023,6,22,65.348400,22.072600,9.0,0,23.0,1,sea,0,1,1,0,0,0
2023-06-22T18:31:42.300730Z,2023,6,22,65.348900,22.118200,-16.0,0,20.6,1,sea,0,0,0,0,0,0
2023-06-22T18:31:42.316776Z,2023,6,22,65.330200,22.101600,5.0,0,2.3,1,sea,0,0,0,0,0,0
2023-06-22T18:32:20.447562Z,2023,6,22,65.349100,22.058700,-8.0,0,5.8,1,sea,0,0,1,0,0,0
2023-06-22T18:32:20.458718Z,2023,6,22,65.331900,22.093200,-5.0,0,3.3,1,sea,0,0,0,0,0,0
2023-06-22T18:32:20.468510Z,2023,6,22,65.346600,22.077200,-7.0,0,1.7,1,sea,1,1,1,0,0,0
2023-06-22T18:33:32.628819Z,2023,6,22,65.360600,22.085400,-26.0,0,11.7,1,sea,0,0,0,0,0,0
2023-06-22T18:33:32.652833Z,2023,6,22,65.346600,22.094500,-9.0,0,3.6,1,sea,0,0,1,0,0,0
2023-06-22T18:33:32.695604Z,2023,6,22,65.372800,22.025200,-10.0,0,3.1,1,sea,1,1,1,0,0,0
2023-06-22T18:35:13.703937Z,2023,6,22,65.353200,22.017200,8.0,0,14.5,1,sea,0,1,1,0,0,0
2023-06-22T18:35:13.705256Z,2023,6,22,65.421300,22.150200,11.0,0,15.4,1,sea,0,0,0,0,0,0
2023-06-22T18:35:13.707200Z,2023,6,22,65.323100,22.115700,5.0,0,17.0,1,sea,0,0,0,0,0,0
2023-06-22T18:35:13.860334Z,2023,6,22,65.416400,22.147800,-14.0,0,4.9,1,sea,0,0,1,0,0,0
2023-06-22T18:38:11.618422Z,2023,6,22,65.343900,22.061400,-17.0,0,0.0,1,sea,0,0,1,0,0,0
2023-06-22T18:38:11.618431Z,2023,6,22,65.349100,22.062700,-38.0,0,6.0,1,sea,0,0,1,0,0,0
2023-06-22T18:38:11.618444Z,2023,6,22,65.347700,22.072100,-37.0,0,6.0,1,sea,0,1,1,0,0,0
2023-06-22T18:38:11.618568Z,2023,6,22,65.347400,22.054700,-26.0,0,0.0,1,sea,0,0,1,0,0,0
2023-06-22T18:38:11.618624Z,2023,6,22,65.348100,22.063900,-30.0,0,0.0,1,sea,0,0,1,0,0,0
2023-06-22T18:38:11.618735Z,2023,6,22,65.439300,22.016100,-25.0,0,0.0,1,sea,0,1,1,0,0,0
2023-06-22T18:38:11.618821Z,2023,6,22,65.328500,22.035600,-11.0,0,0.0,1,sea,0,0,0,0,0,0
2023-06-22T18:38:11.620977Z,2023,6,22,65.356700,22.039400,-59.0,0,10.6,1,sea,0,0,0,0,0,0
2023-06-22T18:38:11.620978Z,2023,6,22,65.355600,22.032000,-46.0,0,13.9,1,sea,0,0,0,0,0,0
2023-06-22T18:38:11.643195Z,2023,6,22,65.339300,22.085700,-8.0,0,17.3,1,sea,1,1,1,0,0,0
2023-06-22T18:38:11.651457Z,2023,6,22,65.343500,22.080400,-16.0,0,4.9,1,islands,1,1,1,0,0,0
2023-06-22T18:38:11.716126Z,2023,6,22,65.383600,22.172500,-6.0,0,2.7,1,sea,1,1,1,0,0,0
2023-06-22T18:39:55.618087Z,2023,6,22,65.354200,22.045500,-15.0,0,3.3,1,sea,0,0,0,0,0,0
2023-06-22T18:39:55.622395Z,2023,6,22,65.370500,22.066600,-54.0,0,19.9,1,sea,0,0,0,0,0,0
2023-06-22T18:39:55.643494Z,2023,6,22,65.356300,22.096200,-8.0,0,3.3,1,sea,0,0,0,0,0,0
2023-06-22T18:40:53.600293Z,2023,6,22,65.354700,22.118000,4.0,0,1.4,1,sea,0,0,0,0,0,0
2023-06-22T18:40:53.601410Z,2023,6,22,65.365600,22.073400,8.0,0,8.6,1,sea,0,0,0,0,0,0
2023-06-22T18:42:28.666738Z,2023,6,22,65.371700,22.026800,-5.0,0,2.7,1,sea,1,1,1,0,0,0
2023-06-22T18:42:28.673271Z,2023,6,22,65.381500,22.019200,-38.0,0,8.6,1,islands,1,1,1,0,0,0
2023-06-22T18:42:28.710034Z,2023,6,22,65.343700,22.012500,-11.0,0,3.5,1,sea,0,1,1,0,0,0
2023-06-22T18:42:28.711990Z,2023,6,22,65.346300,22.064700,-5.0,0,2.7,1,sea,0,0,1,0,0,0
2023-06-22T18:43:22.456309Z,2023,6,22,66.167500,22.092500,-21.0,0,20.7,1,mainland,0,0,0,0,0,0
2023-06-22T18:45:16.352900Z,2023,6,22,65.387300,22.032700,-10.0,0,4.0,1,sea,0,0,1,0,0,0
2023-06-22T18:45:16.352914Z,2023,6,22,65.389900,22.011700,-12.0,0,0.0,1,sea,1,1,1,0,0,0
2023-06-22T18:45:16.352996Z,2023,6,22,65.388900,22.007100,-12.0,0,15.2,1,islands,1,1,1,0,0,0
2023-06-22T18:45:16.353083Z,2023,6,22,65.391100,22.010200,-9.0,0,0.0,1,sea,1,1,1,0,0,0
2023-06-22T18:45:16.356830Z,2023,6,22,65.375100,22.067000,-56.0,0,16.1,1,sea,0,0,0,0,0,0
2023-06-22T18:47:02.974531Z,2023,6,22,66.239600,22.198600,7.0,0,14.7,1,mainland,0,0,0,1,1,1
2023-06-22T18:50:34.516833Z,2023,6,22,65.356800,21.980300,5.0,0,2.1,1,sea,0,0,1,0,0,0
2023-06-22T18:50:34.520447Z,2023,6,22,65.347200,22.048500,7.0,0,3.8,1,sea,0,0,0,0,0,0
2023-06-22T18:50:34.523356Z,2023,6,22,65.361500,22.016400,4.0,0,1.5,1,sea,0,0,1,0,0,0
2023-06-22T18:51:05.636113Z,2023,6,22,66.265400,22.115100,8.0,0,8.4,1,mainland,0,0,0,0,0,0
2023-06-22T18:51:05.636681Z,2023,6,22,66.266300,22.120500,9.0,0,0.0,1,mainland,0,0,0,0,0,0
2023-06-22T18:52:25.830480Z,2023,6,22,66.257100,22.156800,8.0,0,18.7,1,mainland,0,0,0,0,0,1
2023-06-22T18:52:25.831326Z,2023,6,22,66.255100,22.175300,7.0,0,5.5,1,mainland,0,0,0,0,1,1
2023-06-22T18:52:25.839179Z,2023,6,22,66.258100,22.164100,6.0,0,7.5,1,mainland,0,0,0,0,0,1
2023-06-22T18:53:33.194398Z,2023,6,22,66.265900,22.158200,5.0,0,5.8,1,mainland,0,0,0,0,1,1
2023-06-22T18:54:59.614376Z,2023,6,22,65.369000,21.947300,7.0,0,9.4,1,sea,0,0,0,0,0,1
2023-06-22T18:56:16.321366Z,2023,6,22,66.253000,22.181000,8.0,0,30.0,1,mainland,0,0,0,1,1,1
2023-06-22T18:59:30.136856Z,2023,6,22,66.249700,22.152600,5.0,0,0.0,1,mainland,0,0,0,0,0,0
2023-06-22T18:59:30.137136Z,2023,6,22,66.240000,22.193400,18.0,0,9.9,1,mainland,0,0,0,0,1,1
2023-06-22T18:59:30.137137Z,2023,6,22,66.254700,22.160400,20.0,0,13.7,1,mainland,0,0,0,0,0,1
2023-06-22T18:59:30.137165Z,2023,6,22,66.248700,22.155400,19.0,0,15.9,1,mainland,0,0,0,0,0,0
2023-06-22T19:22:02.238626Z,2023,6,22,65.483300,22.072100,-8.0,0,2.4,1,sea,1,1,1,0,0,0
2023-06-22T19:22:02.414728Z,2023,6,22,65.444800,22.073000,-5.0,0,2.9,1,sea,0,0,1,0,0,0
2023-06-22T19:23:16.567415Z,2023,6,22,65.469500,22.045500,9.0,0,2.5,1,sea,0,1,1,0,0,0
2023-06-22T19:25:31.369183Z,2023,6,22,65.448600,22.083700,-5.0,0,17.8,1,sea,0,0,0,0,0,0
2023-06-22T19:25:31.369979Z,2023,6,22,65.437400,21.984000,-16.0,0,8.2,1,mainland,0,0,1,0,0,0
2023-06-22T19:25:31.381586Z,2023,6,22,65.451700,22.065100,-7.0,0,1.8,1,sea,0,0,1,0,0,0
2023-06-22T19:27:35.351167Z,2023,6,22,65.471800,22.012900,-7.0,0,5.7,1,sea,1,1,1,0,0,0
2023-06-22T19:27:35.355440Z,2023,6,22,65.463900,22.021900,-27.0,0,5.5,1,mainland,1,1,1,0,0,0
2023-06-22T19:27:35.383049Z,2023,6,22,65.470200,22.044500,-15.0,0,6.9,1,sea,0,1,1,0,0,0
2023-06-22T19:27:35.397200Z,2023,6,22,65.470400,22.046300,-6.0,0,1.4,1,sea,0,1,1,0,0,0
2023-06-22T19:27:35.423048Z,2023,6,22,65.471500,22.045500,-12.0,0,1.9,1,sea,1,1,1,0,0,0
2023-06-22T19:27:35.474190Z,2023,6,22,65.468500,22.053500,-8.0,0,3.6,1,sea,0,0,1,0,0,0
2023-06-22T19:27:35.550967Z,2023,6,22,65.472000,22.047900,-13.0,0,6.3,1,sea,1,1,1,0,0,0
2023-06-22T19:27:35.574585Z,2023,6,22,65.471500,22.045200,-16.0,0,5.5,1,sea,1,1,1,0,0,0
2023-06-22T19:27:35.574585Z,2023,6,22,65.471900,22.045600,-20.0,0,4.2,1,sea,1,1,1,0,0,0
2023-06-22T19:27:35.602162Z,2023,6,22,65.470500,22.044100,-16.0,0,22.6,1,sea,0,1,1,0,0,0
2023-06-22T19:27:35.667586Z,2023,6,22,65.471700,22.045400,-20.0,0,3.7,1,sea,1,1,1,0,0,0
2023-06-22T19:31:13.033459Z,2023,6,22,65.478200,22.061000,7.0,0,4.1,1,sea,0,1,1,0,0,0
2023-06-22T19:31:13.034062Z,2023,6,22,65.473500,22.062500,12.0,0,0.0,1,sea,0,0,1,0,0,0
2023-06-22T19:31:13.034379Z,2023,6,22,65.490200,22.055100,23.0,0,22.2,1,sea,1,1,1,0,0,0
2023-06-22T19:31:13.034400Z,2023,6,22,65.473300,22.064500,23.0,0,15.0,1,sea,0,0,1,0,0,0
2023-06-22T19:33:25.916607Z,2023,6,22,65.468400,22.023200,7.0,0,7.4,1,mainland,1,1,1,0,0,0
2023-06-22T19:33:25.916951Z,2023,6,22,65.466400,22.022400,8.0,0,17.0,1,mainland,1,1,1,0,0,0
2023-06-22T19:33:25.918069Z,2023,6,22,65.477300,22.016900,5.0,0,15.5,1,sea,0,1,1,0,0,0
2023-06-22T19:33:25.918787Z,2023,6,22,65.463400,22.059400,7.0,0,1.8,1,sea,0,1,1,0,0,0
2023-06-22T19:33:26.206356Z,2023,6,22,65.466100,22.101800,-5.0,0,2.6,1,sea,0,0,0,0,0,0
2023-06-22T19:38:46.189089Z,2023,6,22,65.473000,22.214000,-6.0,0,3.1,1,sea,0,0,1,0,0,0
2023-06-22T19:38:46.198880Z,2023,6,22,65.495300,22.157600,-10.0,0,2.1,1,sea,1,1,1,0,0,0
2023-06-22T19:38:46.234114Z,2023,6,22,65.499300,22.153200,-11.0,0,5.4,1,sea,0,0,1,0,0,0
2023-06-22T19:38:46.286123Z,2023,6,22,65.500100,22.153800,-14.0,0,3.0,1,sea,0,0,1,0,0,0
2023-06-22T19:38:46.306379Z,2023,6,22,65.500400,22.157000,-11.0,0,4.6,1,sea,0,0,1,0,0,0
2023-06-22T19:39:39.814419Z,2023,6,22,65.496700,22.165000,16.0,0,6.8,1,sea,0,0,1,0,0,0
2023-06-22T19:40:35.804838Z,2023,6,22,65.489900,22.158300,-5.0,0,4.8,1,sea,1,1,1,0,0,0
2023-06-22T19:41:12.818045Z,2023,6,22,65.499500,22.227300,5.0,0,4.9,1,sea,1,1,1,0,0,0
2023-06-22T19:42:03.489463Z,2023,6,22,65.505200,22.170200,-8.0,0,2.0,1,sea,0,0,0,0,0,0
2023-06-22T19:42:03.524388Z,2023,6,22,65.495500,22.149000,-10.0,0,3.1,1,sea,1,1,1,0,0,0
2023-06-22T19:42:03.565591Z,2023,6,22,65.504800,22.204400,-12.0,0,5.4,1,sea,0,0,1,0,0,0
2023-06-22T19:42:03.617688Z,2023,6,22,65.490000,22.157000,-12.0,0,3.2,1,sea,1,1,1,0,0,0
2023-06-22T19:42:03.736182Z,2023,6,22,65.503300,22.156600,26.0,0,7.5,1,sea,0,0,0,0,0,0
2023-06-22T19:42:52.088015Z,2023,6,22,65.467000,22.104500,6.0,0,1.8,1,sea,0,0,0,0,0,0
2023-06-22T19:42:52.088436Z,2023,6,22,65.489600,22.057500,8.0,0,16.8,1,sea,1,1,1,0,0,0
2023-06-22T19:42:52.089583Z,2023,6,22,65.492600,22.153800,6.0,0,14.5,1,sea,1,1,1,0,0,0
2023-06-22T19:42:52.089588Z,2023,6,22,65.473800,22.100100,8.0,0,11.9,1,sea,0,0,0,0,0,0
2023-06-22T19:42:52.098830Z,2023,6,22,65.467400,22.106100,6.0,0,13.5,1,sea,0,0,0,0,0,0
2023-06-22T19:43:18.396552Z,2023,6,22,65.496400,22.127000,-7.0,0,2.1,1,sea,0,0,1,0,0,0
2023-06-22T19:43:18.456132Z,2023,6,22,65.498200,22.135300,-8.0,0,1.4,1,sea,0,0,1,0,0,0
2023-06-22T19:43:18.515617Z,2023,6,22,65.498600,22.129000,-6.0,0,1.3,1,sea,0,0,1,0,0,0
2023-06-22T19:43:18.677101Z,2023,6,22,65.496900,22.131200,-8.0,0,1.8,1,sea,0,0,1,0,0,0
2023-06-22T19:43:18.715460Z,2023,6,22,65.496900,22.141500,-6.0,0,1.2,1,sea,0,1,1,0,0,0
2023-06-22T19:44:11.531787Z,2023,6,22,65.508100,22.194400,-12.0,0,3.2,1,sea,0,0,1,0,0,0
2023-06-22T19:44:11.563163Z,2023,6,22,65.508000,22.187700,-7.0,0,2.4,1,sea,0,0,0,0,0,0
2023-06-22T19:44:11.635753Z,2023,6,22,65.507600,22.192600,-14.0,0,3.9,1,sea,0,0,1,0,0,0
2023-06-22T19:44:11.659295Z,2023,6,22,65.506100,22.215500,-6.0,0,2.9,1,sea,1,1,1,0,0,0
2023-06-22T19:44:11.690595Z,2023,6,22,65.508100,22.195500,-8.0,0,1.9,1,sea,0,0,1,0,0,0
2023-06-22T19:44:11.726395Z,2023,6,22,65.507600,22.192500,-10.0,0,3.3,1,sea,0,0,1,0,0,0
2023-06-22T19:44:11.773913Z,2023,6,22,65.508300,22.192800,-14.0,0,4.2,1,sea,0,0,1,0,0,0
2023-06-22T19:44:11.801983Z,2023,6,22,65.488500,22.229000,-6.0,0,1.4,1,sea,0,0,1,0,0,0
2023-06-22T19:44:11.968682Z,2023,6,22,65.507700,22.206500,-6.0,0,2.9,1,sea,0,1,1,0,0,0
2023-06-22T19:44:12.073846Z,2023,6,22,65.508400,22.209300,-7.0,0,2.9,1,sea,1,1,1,0,0,0
2023-06-22T19:44:51.467616Z,2023,6,22,65.525100,22.173700,-10.0,0,4.4,1,sea,0,0,1,0,0,0
2023-06-22T19:44:51.511721Z,2023,6,22,65.519400,22.172300,-9.0,0,1.9,1,sea,0,0,1,0,0,0
2023-06-22T19:44:51.566590Z,2023,6,22,65.522800,22.171200,-12.0,0,3.1,1,sea,0,0,1,0,0,0
2023-06-22T19:44:51.601271Z,2023,6,22,65.523700,22.170200,-9.0,0,2.7,1,sea,0,0,1,0,0,0
2023-06-22T19:44:51.895406Z,2023,6,22,65.523200,22.163100,-8.0,0,3.0,1,sea,1,1,1,0,0,0
2023-06-22T19:45:48.676954Z,2023,6,22,65.501900,22.172000,14.0,0,13.9,1,sea,0,0,0,0,0,0
2023-06-22T19:46:25.502213Z,2023,6,22,65.501200,22.158000,15.0,0,5.5,1,sea,0,0,1,0,0,0
2023-06-22T19:46:25.503922Z,2023,6,22,65.506000,22.177400,7.0,0,21.7,1,sea,0,0,0,0,0,0
2023-06-22T19:47:04.727847Z,2023,6,22,65.519400,22.169500,-7.0,0,3.9,1,sea,0,0,1,0,0,0
2023-06-22T19:47:37.132231Z,2023,6,22,65.520500,22.156600,-14.0,0,3.8,1,mainland,1,1,1,0,0,0
2023-06-22T19:47:37.155892Z,2023,6,22,65.514100,22.128100,-9.0,0,4.9,1,mainland,1,1,1,0,0,0
2023-06-22T19:47:37.211355Z,2023,6,22,65.516800,22.178800,-12.0,0,5.7,1,sea,0,0,1,0,0,0
2023-06-22T19:47:37.376337Z,2023,6,22,65.514900,22.179900,-11.0,0,3.2,1,sea,0,0,1,0,0,0
2023-06-22T19:47:37.428136Z,2023,6,22,65.516400,22.181400,-7.0,0,2.4,1,sea,0,0,1,0,0,0
2023-06-22T19:47:37.496876Z,2023,6,22,65.516000,22.181300,-9.0,0,1.7,1,sea,0,0,1,0,0,0
2023-06-22T19:48:12.410721Z,2023,6,22,65.483600,22.197800,5.0,0,2.0,1,sea,0,0,0,0,0,0
2023-06-22T19:48:12.411700Z,2023,6,22,65.502600,22.190300,5.0,0,2.4,1,sea,0,0,0,0,0,0
2023-06-22T19:48:12.412386Z,2023,6,22,65.535900,22.095500,27.0,0,19.2,1,mainland,0,0,0,0,0,0
2023-06-22T19:48:12.413916Z,2023,6,22,65.483300,22.203900,6.0,0,2.3,1,sea,0,0,0,0,0,0
2023-06-22T19:49:27.710777Z,2023,6,22,65.514300,22.177200,-11.0,0,5.4,1,sea,0,0,1,0,0,0
2023-06-22T19:49:27.733180Z,2023,6,22,65.480600,22.171800,-6.0,0,2.6,1,sea,1,1,1,0,0,0
2023-06-22T19:49:28.013913Z,2023,6,22,65.461500,22.210200,-6.0,0,1.3,1,islands,1,1,1,0,0,0
2023-06-22T19:51:06.088272Z,2023,6,22,65.505300,22.140400,-21.0,0,9.3,1,sea,0,1,1,0,0,0
2023-06-22T19:51:06.101870Z,2023,6,22,65.495100,22.133800,-21.0,0,11.7,1,sea,0,0,1,0,0,0
2023-06-22T19:51:06.134399Z,2023,6,22,65.511800,22.217100,-11.0,0,7.0,1,islands,1,1,1,0,0,0
2023-06-22T19:51:06.165234Z,2023,6,22,65.496100,22.108400,-7.0,0,2.6,1,sea,1,1,1,0,0,0
2023-06-22T19:52:51.899738Z,2023,6,22,65.505300,22.138600,9.0,0,8.5,1,sea,0,1,1,0,0,0
2023-06-22T19:52:51.900664Z,2023,6,22,65.509100,22.133900,7.0,0,3.3,1,sea,1,1,1,0,0,0
2023-06-22T19:53:30.768141Z,2023,6,22,65.506000,22.257400,6.0,0,14.3,1,islands,1,1,1,0,0,0
2023-06-22T19:54:27.289691Z,2023,6,22,65.503900,22.133300,25.0,0,14.8,1,sea,0,1,1,0,0,0
2023-06-22T19:54:27.290328Z,2023,6,22,65.377300,22.749500,-10.0,0,11.6,1,sea,0,0,0,0,0,0
2023-06-22T19:54:27.290407Z,2023,6,22,65.504500,22.131700,7.0,0,3.6,1,sea,0,1,1,0,0,0
2023-06-22T19:54:27.320558Z,2023,6,22,65.502700,22.135000,13.0,0,30.4,1,sea,0,0,1,0,0,0
2023-06-22T19:55:09.639022Z,2023,6,22,65.254500,22.693200,7.0,0,7.7,1,sea,0,0,0,0,0,0
2023-06-22T19:55:44.891122Z,2023,6,22,65.503800,22.159900,-41.0,0,6.3,1,sea,0,0,0,0,0,0
2023-06-22T19:55:44.921674Z,2023,6,22,65.494800,22.161100,-7.0,0,3.1,1,sea,0,1,1,0,0,0
2023-06-22T19:56:40.245521Z,2023,6,22,65.498500,22.125300,8.0,0,2.3,1,sea,0,1,1,0,0,0
2023-06-22T19:56:40.246220Z,2023,6,22,65.408800,22.567300,-10.0,0,13.9,1,sea,0,0,0,0,0,0
2023-06-22T19:57:47.923611Z,2023,6,22,65.513700,22.149600,7.0,0,7.6,1,sea,0,1,1,0,0,0
2023-06-22T19:57:47.924006Z,2023,6,22,65.514600,22.146800,10.0,0,4.6,1,sea,1,1,1,0,0,0
2023-06-22T19:57:47.924520Z,2023,6,22,65.514500,22.153800,8.0,0,2.4,1,sea,0,1,1,0,0,0
2023-06-22T19:57:47.926767Z,2023,6,22,65.472200,22.172600,11.0,0,3.8,1,islands,1,1,1,0,0,0
2023-06-22T19:57:47.926780Z,2023,6,22,65.502000,22.143300,11.0,0,12.2,1,sea,0,0,1,0,0,0
2023-06-22T19:57:47.926802Z,2023,6,22,65.468900,22.233200,16.0,0,19.0,1,sea,0,0,1,0,0,0
2023-06-22T19:58:25.031171Z,2023,6,22,65.511200,22.143300,-16.0,0,4.9,1,sea,1,1,1,0,0,0
2023-06-22T19:58:25.048721Z,2023,6,22,65.485200,22.151200,-5.0,0,3.9,1,sea,0,1,1,0,0,0
2023-06-22T19:58:25.290809Z,2023,6,22,65.515700,22.060800,-7.0,0,2.4,1,mainland,1,1,1,0,0,0
2023-06-22T19:59:53.140957Z,2023,6,22,65.519800,22.192500,9.0,0,9.8,1,islands,1,1,1,0,0,0
2023-06-22T19:59:53.141454Z,2023,6,22,65.525000,22.203100,14.0,0,16.2,1,islands,0,1,1,0,0,0
2023-06-22T19:59:53.143206Z,2023,6,22,65.500300,22.234900,5.0,0,1.8,1,islands,1,1,1,0,0,0
2023-06-22T20:01:21.924762Z,2023,6,22,65.528700,22.183600,-9.0,0,5.4,1,sea,0,1,1,0,0,0
2023-06-22T20:01:21.924846Z,2023,6,22,65.532100,22.169700,-11.0,0,6.6,1,sea,0,1,1,0,0,0
2023-06-22T20:01:21.927961Z,2023,6,22,65.534700,22.211600,-56.0,0,15.6,1,islands,0,0,1,0,0,0
2023-06-22T20:01:21.944714Z,2023,6,22,65.526900,22.226500,-6.0,0,17.9,1,islands,0,0,0,0,0,0
2023-06-22T20:01:21.950295Z,2023,6,22,65.561300,22.222900,-12.0,0,2.7,1,mainland,0,0,1,0,0,0
2023-06-22T20:01:21.953618Z,2023,6,22,65.525800,22.224500,-6.0,0,1.4,1,islands,0,0,0,0,0,0
2023-06-22T20:01:22.335932Z,2023,6,22,65.538700,22.170000,-15.0,0,4.3,1,mainland,1,1,1,0,0,0
2023-06-22T20:01:22.357708Z,2023,6,22,65.517300,22.209900,-6.0,0,1.7,1,islands,1,1,1,0,0,0
2023-06-22T20:02:08.925106Z,2023,6,22,65.507100,22.205400,5.0,0,2.3,1,sea,0,1,1,0,0,0
2023-06-22T20:02:08.926052Z,2023,6,22,65.529800,22.163500,23.0,0,7.6,1,sea,0,1,1,0,0,0
2023-06-22T20:02:08.926997Z,2023,6,22,65.526800,22.189400,5.0,0,5.4,1,sea,1,1,1,0,0,0
2023-06-22T20:02:08.958806Z,2023,6,22,65.500400,22.220700,5.0,0,12.0,1,sea,1,1,1,0,0,0
2023-06-22T20:03:03.035727Z,2023,6,22,65.521900,22.167500,9.0,0,13.1,1,sea,0,1,1,0,0,0
2023-06-22T20:03:03.036747Z,2023,6,22,65.509000,22.185300,6.0,0,11.8,1,sea,0,0,0,0,0,0
2023-06-22T20:03:03.037223Z,2023,6,22,65.521600,22.165200,12.0,0,30.4,1,sea,0,1,1,0,0,0
2023-06-22T20:03:03.038248Z,2023,6,22,65.522500,22.156000,17.0,0,30.4,1,sea,1,1,1,0,0,0
2023-06-22T20:04:01.004594Z,2023,6,22,65.513400,22.358100,-12.0,0,5.5,1,sea,0,1,1,0,0,0
2023-06-22T20:04:01.025699Z,2023,6,22,65.512900,22.367100,-7.0,0,3.1,1,islands,1,1,1,0,0,0
2023-06-22T20:04:01.105963Z,2023,6,22,65.511300,22.357100,-7.0,0,3.5,1,sea,1,1,1,0,0,0
2023-06-22T20:04:01.221374Z,2023,6,22,65.499700,22.316900,-4.0,0,1.9,1,sea,0,1,1,0,0,0
2023-06-22T20:05:11.142948Z,2023,6,22,65.509100,22.352000,14.0,0,7.0,1,sea,1,1,1,0,0,0
2023-06-22T20:05:11.143549Z,2023,6,22,65.507300,22.352300,16.0,0,11.7,1,sea,1,1,1,0,0,0
2023-06-22T20:05:11.144481Z,2023,6,22,65.511600,22.337800,15.0,0,12.6,1,sea,0,1,1,0,0,0
2023-06-22T20:06:05.621022Z,2023,6,22,65.506300,22.291800,7.0,0,6.1,1,sea,1,1,1,0,0,0
2023-06-22T20:06:05.865336Z,2023,6,22,65.473600,22.484800,-13.0,0,4.2,1,sea,0,0,1,0,0,0
2023-06-22T20:06:45.868819Z,2023,6,22,65.498800,22.335000,4.0,0,9.5,1,islands,0,1,1,0,0,0
2023-06-22T20:07:36.920318Z,2023,6,22,65.507300,22.319500,7.0,0,18.5,1,islands,0,1,1,0,0,0
2023-06-22T20:08:13.084054Z,2023,6,22,65.494800,22.385300,-10.0,0,5.5,1,sea,0,0,1,0,0,0
2023-06-22T20:08:13.166947Z,2023,6,22,65.501500,22.394500,-7.0,0,3.1,1,sea,0,0,0,0,0,0
2023-06-22T20:08:13.529366Z,2023,6,22,65.725900,22.420600,-5.0,0,12.2,1,sea,0,0,1,0,0,0
2023-06-22T20:09:27.174594Z,2023,6,22,65.518600,22.322600,-8.0,0,4.2,1,islands,1,1,1,0,0,0
2023-06-22T20:09:27.370649Z,2023,6,22,65.537600,22.313000,-23.0,0,5.5,1,sea,0,0,1,0,0,0
2023-06-22T20:09:27.594833Z,2023,6,22,65.537100,22.307100,-17.0,0,4.1,1,sea,0,0,1,0,0,0
2023-06-22T20:09:27.595476Z,2023,6,22,65.564000,22.234700,-10.0,0,15.9,1,mainland,1,1,1,0,0,0
2023-06-22T20:10:11.005384Z,2023,6,22,65.521900,22.191400,7.0,0,12.6,1,sea,1,1,1,0,0,0
2023-06-22T20:10:11.005979Z,2023,6,22,65.448500,22.444200,6.0,0,30.4,1,sea,0,0,1,0,0,0
2023-06-22T20:10:31.105692Z,2023,6,22,65.514400,22.280000,-7.0,0,4.6,1,sea,0,1,1,0,0,0
2023-06-22T20:10:31.139400Z,2023,6,22,65.506200,22.339900,-6.0,0,2.5,1,sea,1,1,1,0,0,0
2023-06-22T20:10:31.156141Z,2023,6,22,65.514500,22.278100,-7.0,0,2.9,1,sea,0,1,1,0,0,0
2023-06-22T20:10:31.292539Z,2023,6,22,65.498100,22.399900,-5.0,0,2.1,1,sea,0,0,0,0,0,0
2023-06-22T20:11:33.068448Z,2023,6,22,65.536600,22.292700,12.0,0,10.0,1,sea,0,0,1,0,0,0
2023-06-22T20:11:33.424399Z,2023,6,22,65.523600,22.268200,6.0,0,14.2,1,islands,0,0,1,0,0,0
2023-06-22T20:12:18.504806Z,2023,6,22,65.532400,22.300600,6.0,0,6.0,1,sea,1,1,1,0,0,0
2023-06-22T20:12:48.089595Z,2023,6,22,65.495400,22.393400,-12.0,0,12.0,1,sea,0,0,0,0,0,0
2023-06-22T20:12:48.200849Z,2023,6,22,65.476000,22.387900,-4.0,0,2.7,1,sea,0,0,1,0,0,0
2023-06-22T20:13:40.779141Z,2023,6,22,65.415700,22.110600,-8.0,0,5.4,1,sea,0,1,1,0,0,0
2023-06-22T20:13:40.783097Z,2023,6,22,65.525100,22.299400,-70.0,0,20.6,1,sea,1,1,1,0,0,0
2023-06-22T20:13:40.810072Z,2023,6,22,65.541400,22.279400,-24.0,0,4.3,1,sea,0,1,1,0,0,0
2023-06-22T20:13:40.842492Z,2023,6,22,65.540000,22.311900,-12.0,0,4.3,1,sea,0,0,1,0,0,0
2023-06-22T20:13:40.861667Z,2023,6,22,65.526000,22.341100,-9.0,0,3.5,1,sea,0,0,1,0,0,0
2023-06-22T20:14:02.109016Z,2023,6,22,65.523700,22.286200,11.0,0,24.2,1,islands,1,1,1,0,0,0
2023-06-22T20:14:02.111275Z,2023,6,22,65.522500,22.293700,7.0,0,3.8,1,islands,1,1,1,0,0,0
2023-06-22T20:14:51.025292Z,2023,6,22,65.539000,22.284000,-9.0,0,3.5,1,sea,0,0,1,0,0,0
2023-06-22T20:14:51.030801Z,2023,6,22,65.524800,22.281300,-42.0,0,20.1,1,islands,1,1,1,0,0,0
2023-06-22T20:14:51.063176Z,2023,6,22,65.527100,22.324400,-15.0,0,7.5,1,sea,1,1,1,0,0,0
2023-06-22T20:14:51.087873Z,2023,6,22,65.513500,22.315700,-5.0,0,1.3,1,islands,0,0,1,0,0,0
2023-06-22T20:14:51.105676Z,2023,6,22,65.516500,22.262500,-10.0,0,3.7,1,islands,0,1,1,0,0,0
2023-06-22T20:14:51.131686Z,2023,6,22,65.515200,22.276000,-4.0,0,1.8,1,sea,1,1,1,0,0,0
2023-06-22T20:14:51.522896Z,2023,6,22,65.538500,22.235900,-9.0,0,3.6,1,islands,1,1,1,0,0,0
2023-06-22T20:15:22.885630Z,2023,6,22,65.521600,22.250200,8.0,0,30.3,1,islands,0,0,0,0,0,0
2023-06-22T20:15:22.886169Z,2023,6,22,65.522700,22.259300,8.0,0,5.2,1,islands,0,0,1,0,0,0
2023-06-22T20:15:22.886399Z,2023,6,22,65.551800,22.213200,-12.0,0,18.9,1,sea,1,1,1,0,0,0
2023-06-22T20:16:07.076792Z,2023,6,22,65.513500,22.302700,23.0,0,23.2,1,islands,0,1,1,0,0,0
2023-06-22T20:16:07.077342Z,2023,6,22,65.525200,22.271100,11.0,0,30.4,1,islands,0,1,1,0,0,0
2023-06-22T20:17:06.492458Z,2023,6,22,65.539600,22.247300,-12.0,0,10.3,1,sea,1,1,1,0,0,0
2023-06-22T20:17:06.492947Z,2023,6,22,65.542700,22.276300,-6.0,0,0.0,1,sea,0,1,1,0,0,0
2023-06-22T20:17:06.496252Z,2023,6,22,65.540800,22.250700,-60.0,0,12.8,1,sea,0,1,1,0,0,0
2023-06-22T20:17:06.508666Z,2023,6,22,65.537200,22.251600,-7.0,0,7.6,1,sea,0,1,1,0,0,0
2023-06-22T20:17:06.521332Z,2023,6,22,65.540700,22.268400,-13.0,0,27.7,1,sea,0,0,1,0,0,0
2023-06-22T20:17:06.521350Z,2023,6,22,65.627300,22.284900,26.0,0,23.5,1,sea,0,1,1,0,0,0
2023-06-22T20:17:06.576256Z,2023,6,22,65.523900,22.302400,-7.0,0,2.4,1,sea,1,1,1,0,0,0
2023-06-22T20:17:06.577538Z,2023,6,22,65.511500,22.293300,-6.0,0,2.4,1,sea,1,1,1,0,0,0
2023-06-22T20:17:46.334781Z,2023,6,22,65.521400,22.275000,-34.0,0,14.5,1,islands,0,1,1,0,0,0
2023-06-22T20:17:46.369187Z,2023,6,22,65.527800,22.237600,-10.0,0,3.6,1,islands,0,0,1,0,0,0
2023-06-22T20:17:46.392895Z,2023,6,22,65.515500,22.277000,-9.0,0,6.0,1,sea,0,1,1,0,0,0
2023-06-22T20:17:46.666378Z,2023,6,22,65.514900,22.278000,-28.0,0,6.2,1,sea,0,1,1,0,0,0
2023-06-22T20:17:46.751121Z,2023,6,22,65.514700,22.277000,-12.0,0,5.7,1,sea,0,1,1,0,0,0
2023-06-22T20:17:46.752904Z,2023,6,22,65.482300,22.473300,-5.0,0,4.9,1,sea,0,0,1,0,0,0
2023-06-22T20:17:46.857865Z,2023,6,22,65.509200,22.270100,-12.0,0,4.4,1,sea,0,1,1,0,0,0
2023-06-22T20:17:46.857867Z,2023,6,22,65.517000,22.280000,-11.0,0,3.1,1,sea,1,1,1,0,0,0
2023-06-22T20:18:17.799737Z,2023,6,22,65.527600,22.273900,-21.0,0,5.0,1,islands,1,1,1,0,0,0
2023-06-22T20:18:17.835226Z,2023,6,22,65.527400,22.247100,-6.0,0,3.6,1,islands,0,0,1,0,0,0
2023-06-22T20:18:19.433778Z,2023,6,22,65.511400,22.428200,4.0,0,2.4,1,sea,0,0,0,0,0,0
2023-06-22T20:18:57.511957Z,2023,6,22,65.528300,22.289900,7.0,0,10.1,1,sea,1,1,1,0,0,0
2023-06-22T20:19:33.359862Z,2023,6,22,65.531400,22.250000,-31.0,0,5.4,1,islands,1,1,1,0,0,0
2023-06-22T20:19:33.371979Z,2023,6,22,65.535700,22.282000,-12.0,0,6.1,1,sea,0,1,1,0,0,0
2023-06-22T20:19:33.395791Z,2023,6,22,65.524600,22.198200,-10.0,0,3.5,1,islands,1,1,1,0,0,0
2023-06-22T20:19:33.421326Z,2023,6,22,65.550300,22.208800,-9.0,0,3.3,1,sea,1,1,1,0,0,0
2023-06-22T20:19:33.768349Z,2023,6,22,65.551200,22.206800,-19.0,0,10.7,1,sea,1,1,1,0,0,0
2023-06-22T20:19:33.768809Z,2023,6,22,65.413800,22.466000,-9.0,0,1.4,1,sea,0,1,1,0,0,0
2023-06-22T20:19:33.843680Z,2023,6,22,65.551200,22.209000,-15.0,0,8.0,1,sea,1,1,1,0,0,0
2023-06-22T20:19:33.843680Z,2023,6,22,65.551200,22.207700,-18.0,0,5.2,1,sea,1,1,1,0,0,0
2023-06-22T20:19:33.938200Z,2023,6,22,65.530800,22.244000,-5.0,0,1.5,1,islands,0,1,1,0,0,0
2023-06-22T20:19:34.242095Z,2023,6,22,65.529300,22.245400,-9.0,0,1.9,1,islands,0,0,1,0,0,0
2023-06-22T20:19:58.875734Z,2023,6,22,65.507900,22.464600,5.0,0,5.5,1,sea,0,0,1,0,0,0
2023-06-22T20:19:58.881044Z,2023,6,22,65.521600,22.412700,8.0,0,6.7,1,sea,0,0,0,0,0,0
2023-06-22T20:21:03.096681Z,2023,6,22,65.530700,22.235000,-67.0,0,11.0,1,islands,0,0,1,0,0,0
2023-06-22T20:21:03.121110Z,2023,6,22,65.528900,22.215900,-11.0,0,7.0,1,islands,0,0,1,0,0,0
2023-06-22T20:22:10.246600Z,2023,6,22,65.370300,22.589900,5.0,0,8.0,1,sea,0,0,0,0,0,0
2023-06-22T20:22:10.246696Z,2023,6,22,65.648300,21.952400,-9.0,0,5.2,1,mainland,0,0,0,0,0,0
2023-06-22T20:22:10.249977Z,2023,6,22,65.540200,22.265200,-66.0,0,17.3,1,sea,0,0,1,0,0,0
2023-06-22T20:22:10.273420Z,2023,6,22,65.539700,22.228300,-8.0,0,5.5,1,islands,0,1,1,0,0,0
2023-06-22T20:22:10.273535Z,2023,6,22,65.535800,22.246100,-12.0,0,5.8,1,islands,1,1,1,0,0,0
2023-06-22T20:23:06.884116Z,2023,6,22,65.550700,22.314700,-6.0,0,3.3,1,sea,0,1,1,0,0,0
2023-06-22T20:23:06.995072Z,2023,6,22,65.508000,22.355400,-7.0,0,3.0,1,sea,1,1,1,0,0,0
2023-06-22T20:23:45.764110Z,2023,6,22,65.515300,22.280700,-41.0,0,19.7,1,sea,1,1,1,0,0,0
2023-06-22T20:23:45.794103Z,2023,6,22,65.518300,22.235200,-16.0,0,4.2,1,islands,0,0,0,0,0,0
2023-06-22T20:23:45.823998Z,2023,6,22,65.544900,22.206700,-11.0,0,5.0,1,islands,0,1,1,0,0,0
2023-06-22T20:23:45.837519Z,2023,6,22,65.520300,22.236900,-6.0,0,3.1,1,islands,0,0,0,0,0,0
2023-06-22T20:23:46.249093Z,2023,6,22,65.486100,22.349900,-4.0,0,1.7,1,sea,0,1,1,0,0,0
2023-06-22T20:24:48.673227Z,2023,6,22,65.537300,22.246500,-71.0,0,15.4,1,sea,1,1,1,0,0,0
2023-06-22T20:24:48.702463Z,2023,6,22,65.539400,22.284300,-16.0,0,3.7,1,sea,0,0,1,0,0,0
2023-06-22T20:26:08.502984Z,2023,6,22,65.539600,22.240600,8.0,0,3.1,1,sea,1,1,1,0,0,0
2023-06-22T20:26:08.504468Z,2023,6,22,65.629300,22.063700,27.0,0,30.4,1,mainland,0,0,0,0,0,0
2023-06-22T20:26:08.504498Z,2023,6,22,65.525300,22.259000,19.0,0,28.7,1,islands,0,0,1,0,0,0
2023-06-22T20:26:08.505394Z,2023,6,22,65.541500,22.251700,7.0,0,3.3,1,sea,0,1,1,0,0,0
2023-06-22T20:26:08.506600Z,2023,6,22,65.457700,22.523400,-11.0,0,19.5,1,sea,0,0,0,0,0,0
2023-06-22T20:26:08.507429Z,2023,6,22,65.521700,22.260300,6.0,0,3.1,1,islands,0,0,1,0,0,0
2023-06-22T20:26:50.812720Z,2023,6,22,65.505700,22.420500,5.0,0,3.7,1,sea,0,0,0,0,0,0
2023-06-22T20:26:50.813907Z,2023,6,22,65.522100,22.375500,6.0,0,4.9,1,islands,1,1,1,0,0,0
2023-06-22T20:26:51.069109Z,2023,6,22,65.525600,22.398100,5.0,0,2.5,1,sea,0,0,1,0,0,0
2023-06-22T20:27:17.647141Z,2023,6,22,65.524800,22.388700,-13.0,0,6.0,1,sea,0,0,1,0,0,0
2023-06-22T20:27:17.661140Z,2023,6,22,65.504600,22.424700,-5.0,0,2.3,1,sea,0,0,1,0,0,0
2023-06-22T20:27:17.692140Z,2023,6,22,65.519200,22.332100,-23.0,0,11.8,1,sea,1,1,1,0,0,0
2023-06-22T20:27:17.692148Z,2023,6,22,65.527800,22.384100,-18.0,0,6.0,1,sea,0,0,1,0,0,0
2023-06-22T20:27:17.716920Z,2023,6,22,65.504800,22.423500,-5.0,0,1.9,1,sea,0,0,1,0,0,0
2023-06-22T20:27:17.766961Z,2023,6,22,65.524100,22.389600,-28.0,0,6.2,1,sea,0,0,1,0,0,0
2023-06-22T20:27:17.795123Z,2023,6,22,65.524100,22.391100,-12.0,0,3.3,1,sea,0,0,1,0,0,0
2023-06-22T20:27:17.822345Z,2023,6,22,65.524900,22.389300,-17.0,0,4.8,1,sea,0,0,1,0,0,0
2023-06-22T20:27:17.855835Z,2023,6,22,65.524900,22.388300,-22.0,0,6.7,1,sea,0,0,1,0,0,0
2023-06-22T20:27:17.884286Z,2023,6,22,65.524500,22.387800,-12.0,0,3.8,1,sea,0,1,1,0,0,0
2023-06-22T20:27:17.920935Z,2023,6,22,65.524800,22.388700,-13.0,0,3.5,1,sea,0,0,1,0,0,0
2023-06-22T20:27:17.983752Z,2023,6,22,65.524500,22.388600,-22.0,0,5.7,1,sea,0,0,1,0,0,0
2023-06-22T20:27:18.200778Z,2023,6,22,65.502100,22.427200,-5.0,0,1.9,1,sea,0,0,1,0,0,0
2023-06-22T20:28:12.591884Z,2023,6,22,65.565600,22.618400,-7.0,0,7.6,1,islands,1,1,1,0,0,0
2023-06-22T20:28:12.592011Z,2023,6,22,65.546500,22.216500,-12.0,0,8.5,1,islands,1,1,1,0,0,0
2023-06-22T20:28:12.744861Z,2023,6,22,65.559200,22.195100,-8.0,0,2.7,1,sea,1,1,1,0,0,0
2023-06-22T20:29:16.461893Z,2023,6,22,65.547300,22.322400,7.0,0,27.4,1,sea,0,1,1,0,0,0
2023-06-22T20:29:58.098038Z,2023,6,22,65.542100,22.330400,-10.0,0,13.7,1,islands,1,1,1,0,0,0
2023-06-22T20:29:58.102621Z,2023,6,22,65.536100,22.317400,-9.0,0,4.9,1,sea,0,0,1,0,0,0
2023-06-22T20:29:58.126106Z,2023,6,22,65.540000,22.287100,-6.0,0,3.5,1,sea,0,0,1,0,0,0
2023-06-22T20:30:53.363103Z,2023,6,22,65.538700,22.312200,8.0,0,7.2,1,sea,0,0,1,0,0,0
2023-06-22T20:31:53.179907Z,2023,6,22,65.526300,22.370100,12.0,0,15.1,1,sea,1,1,1,0,0,0
2023-06-22T20:31:53.180608Z,2023,6,22,65.535200,22.351800,9.0,0,10.5,1,islands,1,1,1,0,0,0
2023-06-22T20:31:53.180770Z,2023,6,22,65.537200,22.361600,17.0,0,22.5,1,sea,0,1,1,0,0,0
2023-06-22T20:31:53.181635Z,2023,6,22,65.543400,22.341800,10.0,0,4.4,1,sea,0,1,1,0,0,0
2023-06-22T20:33:02.760094Z,2023,6,22,65.546900,22.292400,9.0,0,13.9,1,mainland,1,1,1,0,0,0
2023-06-22T20:33:02.761244Z,2023,6,22,65.542200,22.297700,9.0,0,4.3,1,sea,0,1,1,0,0,0
2023-06-22T20:33:02.783687Z,2023,6,22,65.547400,22.258900,6.0,0,10.1,1,sea,1,1,1,0,0,0
2023-06-22T20:34:02.791403Z,2023,6,22,65.538900,22.320600,11.0,0,7.0,1,sea,0,1,1,0,0,0
2023-06-22T20:34:02.809741Z,2023,6,22,65.522500,22.366900,6.0,0,4.4,1,islands,1,1,1,0,0,0
2023-06-22T20:35:11.962390Z,2023,6,22,65.347800,22.512800,-10.0,0,27.9,1,sea,0,0,0,0,0,0
2023-06-22T20:35:11.968839Z,2023,6,22,65.539000,22.310600,-17.0,0,6.4,1,sea,0,0,1,0,0,0
2023-06-22T20:35:11.985025Z,2023,6,22,65.532900,22.321600,-12.0,0,3.2,1,sea,0,0,1,0,0,0
2023-06-22T20:36:47.263685Z,2023,6,22,65.544000,22.296900,-54.0,0,15.7,1,sea,1,1,1,0,0,0
2023-06-22T20:36:47.285924Z,2023,6,22,65.530200,22.318600,-16.0,0,6.9,1,sea,0,1,1,0,0,0
2023-06-22T20:36:47.285924Z,2023,6,22,65.530600,22.327500,-17.0,0,4.9,1,sea,0,1,1,0,0,0
2023-06-22T20:36:47.385101Z,2023,6,22,65.503600,22.280400,5.0,0,2.1,1,sea,1,1,1,0,0,0
2023-06-22T20:38:14.632156Z,2023,6,22,65.552500,22.314500,6.0,0,6.7,1,sea,0,1,1,0,0,0
2023-06-22T20:38:14.633291Z,2023,6,22,65.551200,22.327400,7.0,0,3.1,1,sea,0,0,1,0,0,0
2023-06-22T20:38:14.633981Z,2023,6,22,65.558800,22.317400,6.0,0,6.1,1,sea,1,1,1,0,0,0
2023-06-22T20:40:39.566405Z,2023,6,22,65.722400,22.305500,-8.0,0,6.7,1,mainland,0,1,1,0,0,0
2023-06-22T20:40:39.569288Z,2023,6,22,65.555300,22.125600,-66.0,0,14.3,1,mainland,0,0,1,0,0,0
2023-06-22T20:40:39.589414Z,2023,6,22,65.563300,22.095400,-17.0,0,4.2,1,mainland,0,0,0,0,0,0
2023-06-22T20:41:57.708032Z,2023,6,22,65.557600,22.112200,-6.0,0,3.1,1,mainland,0,0,0,0,0,0
2023-06-22T20:41:57.709940Z,2023,6,22,65.527200,22.060200,5.0,0,2.0,1,mainland,0,0,1,0,0,0
2023-06-22T20:43:25.319375Z,2023,6,22,65.562200,22.241200,-11.0,0,6.4,1,mainland,1,1,1,0,0,0
2023-06-22T20:43:25.319388Z,2023,6,22,65.558700,22.275100,-9.0,0,0.0,1,mainland,1,1,1,0,0,0
2023-06-22T20:43:25.319696Z,2023,6,22,65.559100,22.275500,-8.0,0,0.0,1,mainland,1,1,1,0,0,0
2023-06-22T20:43:25.328050Z,2023,6,22,65.570900,22.268600,-10.0,0,6.1,1,mainland,0,1,1,0,0,0
2023-06-22T20:44:37.947288Z,2023,6,22,65.551300,22.312200,6.0,0,1.4,1,sea,0,1,1,0,0,0
2023-06-22T20:44:38.036486Z,2023,6,22,65.532900,22.001600,-6.0,0,2.7,1,mainland,0,0,0,0,0,0
2023-06-22T20:44:38.036907Z,2023,6,22,65.528000,21.979700,-5.0,0,1.8,1,mainland,0,0,1,0,0,0
2023-06-22T20:47:19.534383Z,2023,6,22,65.469600,22.459400,-17.0,0,6.9,1,sea,0,0,0,0,0,0
2023-06-22T20:47:19.536854Z,2023,6,22,65.558600,22.266200,-58.0,0,14.4,1,mainland,0,1,1,0,0,0
2023-06-22T20:47:19.545537Z,2023,6,22,65.569100,22.336500,-8.0,0,27.4,1,mainland,0,0,0,0,0,0
2023-06-22T20:47:19.552325Z,2023,6,22,65.567500,22.246900,-15.0,0,5.0,1,mainland,1,1,1,0,0,0
2023-06-22T20:47:19.559111Z,2023,6,22,65.561000,22.275300,-8.0,0,8.7,1,mainland,1,1,1,0,0,0
2023-06-22T20:47:19.615885Z,2023,6,22,65.566100,22.111600,6.0,0,4.9,1,mainland,0,0,1,0,0,0
2023-06-22T20:50:59.042318Z,2023,6,22,65.542000,22.317900,5.0,0,1.9,1,sea,0,1,1,0,0,0
2023-06-22T20:50:59.044029Z,2023,6,22,65.531400,22.370500,-10.0,0,17.6,1,sea,0,1,1,0,0,0
2023-06-22T20:50:59.148985Z,2023,6,22,65.560100,22.191000,5.0,0,3.9,1,sea,1,1,1,0,0,0
2023-06-22T20:55:14.277422Z,2023,6,22,65.540400,22.054400,7.0,0,6.3,1,mainland,0,0,0,0,0,0
2023-06-22T20:55:14.280624Z,2023,6,22,65.528600,22.088900,6.0,0,5.4,1,mainland,0,1,1,0,0,0
2023-06-22T20:55:14.367400Z,2023,6,22,65.531700,22.289900,5.0,0,4.3,1,sea,0,0,1,0,0,0
2023-06-22T21:02:54.509517Z,2023,6,22,65.566700,22.269100,-5.0,0,2.1,1,sea,1,1,1,0,0,0
2023-06-22T21:04:25.622153Z,2023,6,22,65.541000,22.052100,6.0,0,7.5,1,mainland,0,0,0,0,0,0
2023-06-22T21:08:26.354388Z,2023,6,22,65.570200,21.974200,7.0,0,4.4,1,mainland,0,0,0,0,0,0
2023-06-22T21:08:26.369957Z,2023,6,22,65.572600,21.975300,7.0,0,5.1,1,mainland,0,0,0,0,0,0
2023-06-22T21:08:26.446264Z,2023,6,22,65.547100,21.893600,35.0,0,14.4,1,mainland,0,0,0,0,0,0
2023-06-22T21:16:58.776602Z,2023,6,22,65.535100,21.910900,101.0,0,18.2,1,mainland,0,0,1,0,0,0
2023-06-22T21:16:58.855766Z,2023,6,22,65.558100,21.845800,11.0,0,6.0,1,mainland,0,0,0,0,0,0
2023-06-22T21:16:58.874499Z,2023,6,22,65.574400,22.141600,5.0,0,2.4,1,sea,0,1,1,0,0,0
2023-06-22T21:19:36.169714Z,2023,6,22,65.575700,22.244400,11.0,0,4.9,1,mainland,0,1,1,0,0,0
2023-06-22T21:20:03.663585Z,2023,6,22,65.552900,21.941600,5.0,0,2.0,1,mainland,0,0,0,0,0,0
2023-06-22T21:21:41.747598Z,2023,6,22,65.536600,22.325200,6.0,0,2.9,1,sea,0,1,1,0,0,0
2023-06-22T21:26:08.012072Z,2023,6,22,65.605700,22.075600,61.0,0,25.2,1,sea,1,1,1,0,0,0
2023-06-22T21:26:08.059712Z,2023,6,22,65.606400,22.194800,30.0,0,7.6,1,mainland,0,0,0,0,0,0
2023-06-22T21:28:18.692306Z,2023,6,22,65.583400,22.008200,10.0,0,16.7,1,mainland,0,0,0,0,0,0
2023-06-22T21:28:18.799512Z,2023,6,22,65.619800,22.020000,10.0,0,4.8,1,inland_water,0,0,0,0,0,0
2023-06-22T21:30:35.536807Z,2023,6,22,65.610500,21.993200,16.0,0,5.8,1,inland_water,0,0,0,0,0,0
2023-06-22T21:30:35.536817Z,2023,6,22,65.612600,22.006600,9.0,0,0.0,1,inland_water,0,0,0,0,0,0
2023-06-22T21:30:35.536869Z,2023,6,22,65.612600,22.006900,9.0,0,5.5,1,inland_water,0,0,0,0,0,0
2023-06-22T21:30:35.603777Z,2023,6,22,65.616600,22.059700,19.0,0,5.8,1,mainland,1,1,1,0,0,0
2023-06-22T21:32:03.667139Z,2023,6,22,65.615200,21.981300,23.0,0,7.2,1,inland_water,0,0,0,0,0,0
2023-06-22T21:32:03.667140Z,2023,6,22,65.619500,21.967300,12.0,0,5.6,1,inland_water,0,0,0,0,0,0
2023-06-22T21:32:03.667149Z,2023,6,22,65.613700,21.984900,14.0,0,5.6,1,inland_water,0,0,0,0,0,0
2023-06-22T21:32:03.667275Z,2023,6,22,65.614300,21.982200,8.0,0,0.0,1,inland_water,0,0,0,0,0,0
2023-06-22T21:32:03.667501Z,2023,6,22,65.612900,21.986200,5.0,0,0.0,1,inland_water,0,0,0,0,0,0
2023-06-22T21:32:03.856478Z,2023,6,22,65.630600,22.012500,5.0,0,3.0,1,inland_water,0,0,0,0,0,0
2023-06-22T21:37:14.289543Z,2023,6,22,65.607400,22.004000,12.0,0,5.1,1,inland_water,0,0,0,0,0,0
2023-06-22T21:38:34.765406Z,2023,6,22,65.597000,22.017700,-7.0,0,2.3,1,inland_water,0,0,0,0,0,0
2023-06-22T21:40:32.302576Z,2023,6,22,65.605400,22.015200,-6.0,0,1.5,1,mainland,0,0,0,0,0,0
2023-06-22T21:42:54.953152Z,2023,6,22,65.549500,22.101400,-12.0,0,10.5,1,mainland,0,0,0,0,0,0
2023-06-22T21:42:55.124361Z,2023,6,22,65.557000,22.137500,-10.0,0,3.9,1,mainland,1,1,1,0,0,0
2023-06-23T04:57:26.204579Z,2023,6,23,65.901500,22.424600,-6.0,0,6.8,1,mainland,0,0,0,0,0,0
2023-06-26T11:23:59.293200Z,2023,6,26,66.169100,22.079100,-6.0,0,6.9,1,mainland,0,0,0,0,0,0
2023-06-26T11:57:27.737072Z,2023,6,26,65.985200,22.075100,-7.0,0,5.0,1,mainland,0,0,0,0,0,0
2023-06-26T12:15:59.675628Z,2023,6,26,65.987700,22.155300,-6.0,0,7.7,1,mainland,0,0,0,0,0,0
2023-06-26T12:15:59.680583Z,2023,6,26,65.977700,22.160000,-39.0,0,7.4,1,mainland,0,0,0,0,0,0
2023-06-26T12:15:59.685072Z,2023,6,26,65.973700,22.169500,-5.0,0,5.2,1,mainland,0,0,0,0,0,0
2023-06-26T12:15:59.696615Z,2023,6,26,65.964900,22.169600,-8.0,0,6.2,1,mainland,0,0,0,0,0,0
2023-06-26T12:15:59.725907Z,2023,6,26,65.954600,22.142200,-5.0,0,4.6,1,mainland,0,0,0,0,0,0
2023-06-26T12:18:39.012420Z,2023,6,26,65.973200,22.177700,-26.0,0,7.3,1,mainland,0,0,0,0,0,0
2023-06-26T12:18:39.012435Z,2023,6,26,65.981900,22.163400,-23.0,0,7.3,1,mainland,0,0,0,0,0,0
2023-06-26T12:18:39.012557Z,2023,6,26,65.982000,22.168800,-17.0,0,0.0,1,mainland,0,0,0,0,0,0
2023-06-26T12:18:39.012583Z,2023,6,26,66.186300,22.093600,12.0,0,0.0,1,mainland,0,0,0,0,0,0
2023-06-26T12:18:39.012647Z,2023,6,26,66.040100,22.133400,6.0,0,0.0,1,mainland,0,0,0,0,0,0
2023-06-26T12:18:39.012685Z,2023,6,26,65.977800,22.171100,-12.0,0,0.0,1,mainland,0,0,0,0,0,0
2023-06-26T12:18:39.012716Z,2023,6,26,65.978400,22.167800,-8.0,0,0.0,1,mainland,0,0,0,0,0,0
2023-06-26T12:18:39.014925Z,2023,6,26,65.974300,22.180200,-31.0,0,22.4,1,mainland,0,0,0,0,0,0
2023-06-26T12:18:39.035224Z,2023,6,26,65.979600,22.192600,-10.0,0,5.4,1,inland_water,0,0,0,0,0,0
2023-06-26T12:23:16.633144Z,2023,6,26,66.000400,22.109900,-6.0,0,5.0,1,mainland,0,0,0,0,0,0
2023-06-27T05:09:55.750686Z,2023,6,27,65.223600,22.246500,6.0,0,3.6,1,sea,0,0,0,0,0,0
2023-06-27T05:27:32.694327Z,2023,6,27,65.275700,22.263000,5.0,0,0.0,1,sea,0,0,0,0,0,0
2023-06-27T05:27:32.694647Z,2023,6,27,65.270500,22.257300,10.0,0,0.0,1,sea,0,0,0,0,0,0
2023-06-27T05:27:32.704111Z,2023,6,27,65.258000,22.300500,5.0,0,3.1,1,sea,0,0,0,0,0,0
2023-06-27T05:27:32.751858Z,2023,6,27,65.268000,22.252200,12.0,0,4.8,1,sea,0,0,0,0,0,0
2023-06-27T05:28:35.728692Z,2023,6,27,65.238900,22.321500,4.0,0,5.4,1,sea,0,0,0,0,0,0
2023-06-27T05:28:35.730289Z,2023,6,27,65.261100,22.288000,9.0,0,3.7,1,sea,0,0,0,0,0,0
2023-06-27T05:40:00.753476Z,2023,6,27,65.289000,22.391300,-6.0,0,2.6,1,sea,0,0,0,0,0,0
2023-06-27T05:40:00.761968Z,2023,6,27,65.279800,22.345900,7.0,0,2.5,1,sea,0,0,0,0,0,0
2023-06-27T05:40:00.772093Z,2023,6,27,65.287700,22.394100,62.0,0,14.9,1,sea,0,0,0,0,0,0
2023-06-27T10:00:59.003506Z,2023,6,27,65.625400,21.564700,9.0,0,3.2,1,mainland,0,0,0,0,0,0
2023-06-27T10:04:42.373275Z,2023,6,27,65.634400,21.513500,6.0,0,7.4,1,mainland,0,0,0,0,0,0
2023-06-27T10:04:42.374982Z,2023,6,27,65.632800,21.494700,5.0,0,10.0,1,inland_water,0,0,0,0,0,0
2023-06-27T10:04:42.376272Z,2023,6,27,65.631300,21.508800,5.0,0,6.6,1,mainland,0,0,0,0,0,0
2023-06-27T10:07:42.076311Z,2023,6,27,65.640000,21.629200,7.0,0,4.8,1,mainland,0,0,0,0,0,0
2023-06-27T10:09:32.295532Z,2023,6,27,65.652500,21.581200,7.0,0,5.0,1,inland_water,0,0,0,0,0,0
2023-06-27T10:09:32.296406Z,2023,6,27,65.656600,21.586400,9.0,0,6.8,1,inland_water,0,0,0,0,0,0
2023-06-27T10:09:32.308799Z,2023,6,27,65.585500,22.021400,8.0,0,30.4,1,mainland,0,0,0,0,0,0
2023-06-27T10:09:32.317944Z,2023,6,27,65.629700,21.628600,6.0,0,3.0,1,mainland,0,0,0,0,0,0
2023-06-27T10:10:48.762641Z,2023,6,27,65.658200,21.592800,17.0,0,8.0,1,inland_water,0,0,0,0,0,0
2023-06-27T10:10:48.772811Z,2023,6,27,65.656300,21.556800,14.0,0,30.4,1,mainland,0,0,0,0,0,0
2023-06-27T10:10:48.780870Z,2023,6,27,65.656900,21.606500,6.0,0,11.2,1,mainland,0,0,0,0,0,0
2023-06-27T10:12:15.701825Z,2023,6,27,65.626200,21.627500,7.0,0,4.9,1,mainland,0,0,0,0,0,0
2023-06-27T10:12:15.702722Z,2023,6,27,65.644000,21.579400,7.0,0,4.8,1,mainland,0,0,0,0,0,0
2023-06-27T10:12:15.703156Z,2023,6,27,65.645900,21.651200,10.0,0,30.4,1,mainland,0,0,0,0,0,0
2023-06-27T10:12:15.706349Z,2023,6,27,65.588200,21.634100,22.0,0,23.1,1,mainland,0,0,0,0,0,0
2023-06-27T10:12:15.706380Z,2023,6,27,65.620900,21.655900,24.0,0,26.6,1,mainland,0,0,0,0,0,0
2023-06-27T10:12:15.716208Z,2023,6,27,65.654700,21.582700,7.0,0,19.2,1,inland_water,0,0,0,0,0,0
2023-06-27T10:13:45.858955Z,2023,6,27,65.658200,21.609300,7.0,0,0.0,1,mainland,0,0,0,0,0,0
2023-06-27T10:13:45.861160Z,2023,6,27,65.658500,21.591600,-28.0,0,17.5,1,inland_water,0,0,0,0,0,0
2023-06-27T10:13:45.878336Z,2023,6,27,65.653300,21.606500,8.0,0,10.3,1,mainland,0,0,0,0,0,0
2023-06-27T10:16:47.669686Z,2023,6,27,65.984700,21.901200,-8.0,0,0.0,1,mainland,0,0,0,0,0,0
2023-06-27T10:16:47.669747Z,2023,6,27,65.985700,21.901600,-8.0,0,0.0,1,mainland,0,0,0,0,0,0
2023-06-27T10:16:47.669832Z,2023,6,27,65.984200,21.906700,-14.0,0,18.6,1,mainland,0,0,0,0,0,0
2023-06-27T10:16:47.669951Z,2023,6,27,65.983000,21.912600,-9.0,0,0.0,1,mainland,0,0,0,0,0,0
2023-06-27T10:16:47.670034Z,2023,6,27,65.986200,21.913700,-8.0,0,0.0,1,mainland,0,0,0,0,0,0
2023-06-27T10:16:47.671170Z,2023,6,27,65.983300,21.895200,-52.0,0,32.1,1,mainland,0,0,0,0,0,0
2023-06-27T10:16:47.678873Z,2023,6,27,65.989800,21.913400,-6.0,0,15.3,1,mainland,0,0,0,0,0,1
2023-06-27T10:16:47.684686Z,2023,6,27,65.993300,21.895400,-8.0,0,6.0,1,mainland,0,0,0,0,1,1
2023-06-27T10:16:47.690964Z,2023,6,27,65.990100,21.974400,-5.0,0,8.3,1,mainland,0,0,0,0,0,0
2023-06-27T10:17:17.466718Z,2023,6,27,65.627000,21.395700,8.0,0,4.1,1,mainland,0,0,0,0,0,1
2023-06-27T10:17:17.468820Z,2023,6,27,65.629700,21.387200,5.0,0,3.4,1,mainland,0,0,0,1,1,1
2023-06-27T10:17:17.975491Z,2023,6,27,65.451900,22.060600,8.0,0,6.4,1,sea,0,0,1,0,0,0
2023-06-27T10:17:17.975581Z,2023,6,27,65.665400,21.565100,10.0,0,13.7,1,mainland,0,0,0,0,0,0
2023-06-27T10:17:17.977579Z,2023,6,27,65.641800,21.573300,18.0,0,22.0,1,mainland,0,0,0,0,0,0
2023-06-27T10:17:17.977595Z,2023,6,27,65.616000,21.574800,18.0,0,25.2,1,mainland,0,0,0,0,0,0
2023-06-27T10:17:17.985687Z,2023,6,27,65.632400,21.649800,-9.0,0,12.9,1,mainland,0,0,0,0,0,0
2023-06-27T10:17:18.087788Z,2023,6,27,65.562400,21.554500,-10.0,0,6.1,1,mainland,0,0,0,1,1,1
2023-06-27T10:18:40.562415Z,2023,6,27,65.662100,21.572500,-18.0,0,6.2,1,mainland,0,0,0,0,0,0
2023-06-27T10:18:40.562417Z,2023,6,27,65.663500,21.564000,-12.0,0,7.2,1,mainland,0,0,0,0,0,0
2023-06-27T10:18:40.562427Z,2023,6,27,65.657400,21.596500,-11.0,0,4.5,1,inland_water,0,0,0,0,0,0
2023-06-27T10:18:40.562518Z,2023,6,27,65.658900,21.597900,-9.0,0,0.0,1,mainland,0,0,0,0,0,0
2023-06-27T10:18:40.567092Z,2023,6,27,65.660300,21.639300,-14.0,0,8.9,1,mainland,0,0,0,0,0,1
2023-06-27T10:18:40.592937Z,2023,6,27,65.645100,21.594900,-8.0,0,5.8,1,mainland,0,0,0,0,0,0
2023-06-27T10:19:21.999931Z,2023,6,27,65.626300,21.399400,-8.0,0,0.0,1,mainland,0,0,0,0,0,1
2023-06-27T10:19:22.000029Z,2023,6,27,65.627300,21.400500,-7.0,0,0.0,1,mainland,0,0,0,0,0,1
2023-06-27T10:19:22.000111Z,2023,6,27,65.627500,21.399300,-17.0,0,8.4,1,mainland,0,0,0,0,0,1
2023-06-27T10:19:22.000218Z,2023,6,27,65.626700,21.398000,-9.0,0,0.0,1,mainland,0,0,0,0,0,1
2023-06-27T10:19:22.000283Z,2023,6,27,65.631700,21.401100,7.0,0,0.0,1,mainland,0,0,0,0,0,1
2023-06-27T10:22:12.106572Z,2023,6,27,66.003200,21.930500,17.0,0,9.7,1,mainland,0,0,0,0,0,1
2023-06-27T10:22:12.106574Z,2023,6,27,66.001300,21.940800,23.0,0,15.1,1,mainland,0,0,0,0,0,0
2023-06-27T10:22:12.106589Z,2023,6,27,65.999500,21.933700,17.0,0,9.7,1,mainland,0,0,0,0,0,0
2023-06-27T10:22:12.106923Z,2023,6,27,65.998600,21.938400,14.0,0,0.0,1,mainland,0,0,0,0,0,0
2023-06-27T10:22:12.109315Z,2023,6,27,65.999400,21.931300,15.0,0,8.8,1,mainland,0,0,0,0,0,0
2023-06-27T10:22:12.109315Z,2023,6,27,65.999600,21.924700,9.0,0,9.1,1,mainland,0,0,0,0,0,1
2023-06-27T10:50:47.866583Z,2023,6,27,65.636900,21.669500,11.0,0,23.2,1,mainland,0,0,0,0,0,0
2023-06-27T11:09:03.819233Z,2023,6,27,65.810000,22.113300,9.0,0,27.9,1,mainland,0,0,0,0,0,0
2023-06-27T11:09:03.819827Z,2023,6,27,65.776400,22.060000,10.0,0,3.2,1,mainland,0,0,0,0,0,0
2023-06-27T11:09:03.820561Z,2023,6,27,65.779600,22.096200,-6.0,0,8.0,1,inland_water,0,0,0,0,0,0
2023-06-27T11:10:17.301998Z,2023,6,27,65.776300,22.054500,8.0,0,10.1,1,mainland,0,0,0,0,0,0
2023-06-27T11:10:17.303764Z,2023,6,27,65.776300,22.058700,7.0,0,9.4,1,mainland,0,0,0,0,0,0
2023-06-27T11:10:17.303766Z,2023,6,27,65.780500,22.028100,9.0,0,10.7,1,mainland,0,0,0,0,0,0
2023-06-27T11:12:45.666755Z,2023,6,27,65.750100,22.114700,5.0,0,6.2,1,mainland,0,0,0,0,0,0
2023-06-27T11:20:08.277244Z,2023,6,27,65.798800,22.023100,6.0,0,3.9,1,inland_water,0,0,0,0,0,0
2023-06-27T11:20:08.277251Z,2023,6,27,65.781300,22.061000,10.0,0,5.2,1,inland_water,0,0,0,0,0,0
2023-06-27T11:20:08.287203Z,2023,6,27,65.800900,22.045900,7.0,0,28.1,1,mainland,0,0,0,0,0,0
2023-06-27T11:20:08.288152Z,2023,6,27,65.796500,22.036800,14.0,0,9.9,1,inland_water,0,0,0,0,0,0
2023-06-27T11:20:08.379502Z,2023,6,27,65.774400,22.049400,-8.0,0,8.3,1,mainland,0,0,0,0,0,0
2023-06-27T16:21:36.229322Z,2023,6,27,65.703300,22.557300,4.0,0,1.4,1,sea,0,0,0,0,0,0
2023-06-27T16:29:14.533895Z,2023,6,27,65.906900,22.025200,5.0,0,8.2,1,mainland,0,0,0,1,1,1
2023-06-27T16:39:16.079161Z,2023,6,27,65.858700,22.027800,7.0,0,28.1,1,mainland,0,0,0,1,1,1
2023-06-27T16:40:37.178445Z,2023,6,27,65.760900,22.013400,6.0,0,5.6,1,mainland,0,0,0,0,0,0
2023-06-27T16:41:42.313719Z,2023,6,27,65.852200,22.057000,-7.0,0,4.3,1,mainland,0,0,0,0,0,1
2023-06-27T16:41:42.314112Z,2023,6,27,65.877000,22.077200,-5.0,0,3.7,1,mainland,0,0,0,0,0,1
2023-06-27T16:44:19.132645Z,2023,6,27,66.038300,22.039500,-34.0,0,19.2,1,mainland,0,0,0,0,0,0
2023-06-27T16:46:23.341258Z,2023,6,27,65.812400,21.956400,-9.0,0,9.1,1,mainland,0,0,0,1,1,1
2023-06-27T16:46:23.343836Z,2023,6,27,65.802200,21.968100,-35.0,0,13.9,1,mainland,0,0,0,0,0,0
2023-06-27T16:46:23.359437Z,2023,6,27,65.774600,22.006600,-12.0,0,19.2,1,mainland,0,0,0,0,0,0
2023-06-27T16:46:23.378489Z,2023,6,27,65.804900,21.977900,-6.0,0,5.5,1,mainland,0,0,0,0,0,0
2023-06-27T16:47:55.910696Z,2023,6,27,65.847500,22.054000,-7.0,0,4.2,1,mainland,0,0,0,0,0,1
2023-06-27T16:50:24.953017Z,2023,6,27,65.815100,21.967800,9.0,0,6.0,1,mainland,0,0,0,1,1,1
2023-06-27T16:50:25.030197Z,2023,6,27,65.781500,22.073900,-12.0,0,4.2,1,inland_water,0,0,0,0,0,0
2023-06-27T16:53:13.211698Z,2023,6,27,65.866100,22.029600,8.0,0,4.5,1,mainland,0,0,0,1,1,1
2023-06-27T16:53:13.348614Z,2023,6,27,65.871700,22.103000,-8.0,0,3.9,1,mainland,0,0,0,0,0,0
2023-06-27T16:54:17.356425Z,2023,6,27,65.356200,22.934000,5.0,0,2.3,1,sea,0,0,0,0,0,0
2023-06-27T16:55:58.424216Z,2023,6,27,65.876800,22.062500,-5.0,0,6.2,1,mainland,0,0,0,0,1,1
2023-06-27T16:57:26.462100Z,2023,6,27,65.865700,22.031000,6.0,0,7.6,1,mainland,0,0,0,1,1,1
2023-06-27T16:57:26.470787Z,2023,6,27,65.870200,22.017700,8.0,0,30.4,1,mainland,0,0,0,1,1,1
2023-06-27T16:57:26.714226Z,2023,6,27,65.850100,22.056100,-6.0,0,5.6,1,mainland,0,0,0,0,0,1
2023-06-27T16:59:14.223139Z,2023,6,27,65.754000,22.001100,-9.0,0,3.9,1,mainland,0,0,0,0,0,0
2023-06-27T17:03:00.952699Z,2023,6,27,65.820400,22.171000,-9.0,0,18.1,1,mainland,0,0,0,0,0,0
2023-06-27T17:12:54.187675Z,2023,6,27,65.822400,22.020500,8.0,0,3.2,1,mainland,0,0,0,0,1,1
2023-06-27T17:12:54.325667Z,2023,6,27,65.790000,22.016800,-11.0,0,3.8,1,mainland,0,0,0,0,0,0
2023-06-27T18:08:38.159116Z,2023,6,27,66.272800,22.101800,4.0,0,20.4,1,mainland,0,0,0,1,1,1
2023-06-27T18:10:25.265283Z,2023,6,27,66.272500,22.127400,-10.0,0,10.8,1,mainland,0,0,0,0,0,1
2023-06-27T18:26:35.464089Z,2023,6,27,66.196600,22.082700,11.0,0,0.0,1,mainland,0,0,0,0,0,0
2023-06-27T18:26:35.464262Z,2023,6,27,66.203700,22.084600,35.0,0,30.3,1,mainland,0,0,0,0,0,0
2023-06-27T18:26:35.464262Z,2023,6,27,66.202000,22.086800,36.0,0,30.4,1,mainland,0,0,0,0,0,0
2023-06-27T18:26:35.464295Z,2023,6,27,66.196500,22.081000,34.0,0,28.8,1,mainland,0,0,0,0,0,0
2023-06-27T18:26:35.464481Z,2023,6,27,66.196800,22.082600,14.0,0,0.0,1,mainland,0,0,0,0,0,0
2023-06-27T18:26:35.464686Z,2023,6,27,66.230400,22.201800,-10.0,0,0.0,1,mainland,0,0,0,0,0,1
2023-06-27T18:26:35.465061Z,2023,6,27,66.203500,22.091800,10.0,0,5.5,1,mainland,0,0,0,0,0,0
2023-06-27T18:26:35.465092Z,2023,6,27,66.190700,22.097700,7.0,0,0.0,1,mainland,0,0,0,0,0,0
2023-06-27T18:26:35.466173Z,2023,6,27,66.213000,22.095300,7.0,0,8.6,1,mainland,0,0,0,0,0,0
2023-06-27T18:26:35.653537Z,2023,6,27,66.154200,22.167700,-7.0,0,11.1,1,mainland,0,0,0,0,0,0
2023-06-27T18:29:08.893716Z,2023,6,27,66.177800,22.086600,9.0,0,19.3,1,mainland,0,0,0,0,0,0
2023-06-27T18:29:08.894097Z,2023,6,27,66.133300,22.178100,6.0,0,21.6,1,mainland,0,0,0,0,0,0
2023-06-27T18:32:08.491056Z,2023,6,27,66.215500,22.041800,5.0,0,12.0,1,mainland,0,0,0,0,1,1
2023-06-27T18:33:38.651498Z,2023,6,27,66.213700,22.036300,5.0,0,8.3,1,mainland,0,0,0,1,1,1
2023-06-27T18:37:02.043120Z,2023,6,27,66.029200,22.029700,-5.0,0,6.0,1,mainland,0,0,0,0,0,0
2023-06-27T18:38:24.312824Z,2023,6,27,66.209100,22.054700,6.0,0,0.0,1,mainland,0,0,0,0,0,0
2023-06-27T18:38:24.312895Z,2023,6,27,66.210900,22.064400,10.0,0,0.0,1,mainland,0,0,0,0,0,0
2023-06-27T18:38:24.313092Z,2023,6,27,66.206500,22.063400,7.0,0,0.0,1,inland_water,0,0,0,0,0,0
2023-06-27T18:38:24.313314Z,2023,6,27,66.197700,22.056600,21.0,0,9.8,1,mainland,0,0,0,0,0,1
2023-06-27T18:38:24.313321Z,2023,6,27,66.225500,22.034000,23.0,0,10.9,1,mainland,0,0,0,1,1,1
2023-06-27T18:38:24.313337Z,2023,6,27,66.206900,22.064900,20.0,0,10.9,1,mainland,0,0,0,0,0,0
2023-06-27T18:38:24.313558Z,2023,6,27,66.209100,22.069600,6.0,0,0.0,1,mainland,0,0,0,0,0,0
2023-06-27T18:39:51.055738Z,2023,6,27,66.111100,22.198500,-11.0,0,4.6,1,mainland,0,0,0,0,0,0
2023-06-28T09:50:47.335286Z,2023,6,28,65.582500,22.045900,-7.0,0,6.4,1,mainland,0,0,0,0,0,0
2023-06-28T09:52:30.071843Z,2023,6,28,65.593600,22.004900,-7.0,0,1.7,1,mainland,0,0,0,0,0,0
2023-06-28T09:52:30.089859Z,2023,6,28,65.596000,22.008100,-7.0,0,2.9,1,inland_water,0,0,0,0,0,0
2023-06-28T09:54:19.460791Z,2023,6,28,65.597600,21.993000,-8.0,0,24.2,1,mainland,0,0,0,0,0,0
2023-06-28T09:54:19.474652Z,2023,6,28,65.592900,21.991200,-6.0,0,2.7,1,mainland,0,0,0,0,0,0
2023-06-28T09:54:19.493825Z,2023,6,28,65.559400,22.047100,-6.0,0,3.9,1,mainland,0,0,0,0,0,0
2023-06-28T11:58:17.235328Z,2023,6,28,65.530100,22.396600,7.0,0,16.6,1,sea,0,0,1,0,0,0
2023-06-28T12:03:28.793754Z,2023,6,28,65.953900,22.502000,-7.0,0,8.0,1,mainland,0,0,0,0,0,0
2023-06-28T12:09:52.317713Z,2023,6,28,65.947700,22.485200,9.0,0,17.2,1,mainland,0,0,0,0,0,0
2023-06-28T12:09:52.317741Z,2023,6,28,65.985000,22.460700,-19.0,0,14.8,1,mainland,0,0,0,0,0,0
2023-06-28T12:09:52.318239Z,2023,6,28,65.980700,22.480500,7.0,0,12.0,1,mainland,0,0,0,0,0,1
2023-06-28T12:09:52.319810Z,2023,6,28,65.981200,22.467200,8.0,0,15.0,1,mainland,0,0,0,0,0,0
2023-06-28T12:09:52.329966Z,2023,6,28,65.983300,22.445700,8.0,0,25.3,1,mainland,0,0,0,0,0,0
2023-06-28T12:09:52.409520Z,2023,6,28,65.972800,22.321000,-15.0,0,6.3,1,mainland,0,0,0,0,0,0
2023-06-28T12:11:51.934706Z,2023,6,28,65.976500,22.389400,7.0,0,4.5,1,mainland,0,0,0,0,0,0
2023-06-28T12:11:51.961115Z,2023,6,28,65.981500,22.427500,6.0,0,7.5,1,mainland,0,0,0,0,0,0
2023-06-28T12:11:52.021420Z,2023,6,28,65.942500,22.346500,-17.0,0,7.2,1,mainland,0,0,0,0,0,0
2023-06-28T12:14:20.985482Z,2023,6,28,65.999400,22.271300,-24.0,0,6.2,1,mainland,0,0,0,0,0,0
2023-06-28T12:16:39.920488Z,2023,6,28,65.959100,22.344900,7.0,0,2.1,1,mainland,0,0,0,0,0,0
2023-06-28T12:17:44.650418Z,2023,6,28,65.972700,22.294800,5.0,0,12.8,1,mainland,0,0,0,0,0,0
2023-06-28T12:17:44.873303Z,2023,6,28,65.968700,22.333500,8.0,0,3.7,1,mainland,0,0,0,0,0,0
2023-06-28T12:17:44.878059Z,2023,6,28,65.973000,22.388900,-6.0,0,9.3,1,mainland,0,0,0,0,0,0
2023-06-28T12:21:22.501394Z,2023,6,28,65.971500,22.346900,6.0,0,2.6,1,mainland,0,0,0,0,0,0
2023-06-28T12:22:02.967317Z,2023,6,28,65.959100,22.349800,7.0,0,20.0,1,mainland,0,0,0,0,0,0
2023-06-28T12:22:02.967345Z,2023,6,28,65.958900,22.361500,-18.0,0,14.8,1,mainland,0,0,0,0,0,0
2023-06-28T12:22:02.968447Z,2023,6,28,65.964400,22.372600,-13.0,0,25.7,1,mainland,0,0,0,0,0,0
2023-06-28T12:22:02.977709Z,2023,6,28,65.959700,22.344200,12.0,0,12.3,1,mainland,0,0,0,0,0,0
2023-06-28T12:22:02.977715Z,2023,6,28,65.948900,22.377300,18.0,0,13.9,1,mainland,0,0,0,0,0,0
2023-06-28T12:22:02.983574Z,2023,6,28,65.962700,22.346000,9.0,0,29.7,1,mainland,0,0,0,0,0,0
2023-06-28T12:22:48.205545Z,2023,6,28,65.953200,22.370300,9.0,0,9.3,1,mainland,0,0,0,0,0,0
2023-06-28T12:22:48.205879Z,2023,6,28,65.960300,22.362300,7.0,0,6.4,1,mainland,0,0,0,0,0,0
2023-06-28T12:22:48.208144Z,2023,6,28,65.965500,22.435700,7.0,0,13.1,1,mainland,0,0,0,0,0,0
2023-06-28T12:22:48.208169Z,2023,6,28,65.961600,22.420300,-8.0,0,14.4,1,mainland,0,0,0,0,0,0
2023-06-28T12:22:48.231553Z,2023,6,28,65.971000,22.374700,6.0,0,3.1,1,mainland,0,0,0,0,0,0
2023-06-28T12:22:48.240759Z,2023,6,28,65.972000,22.368200,6.0,0,3.5,1,mainland,0,0,0,0,0,0
2023-06-28T12:23:20.983124Z,2023,6,28,65.961600,22.350200,7.0,0,6.5,1,mainland,0,0,0,0,0,0
2023-06-28T12:23:21.001946Z,2023,6,28,65.957700,22.362500,7.0,0,8.9,1,mainland,0,0,0,0,0,0
2023-06-28T12:23:46.191403Z,2023,6,28,65.957100,22.266800,7.0,0,8.5,1,mainland,0,0,0,0,0,0
2023-06-28T12:23:46.329961Z,2023,6,28,65.931800,22.255100,-11.0,0,12.6,1,inland_water,0,0,0,0,0,0
2023-06-28T12:25:12.791833Z,2023,6,28,65.949400,22.288600,29.0,0,25.0,1,mainland,0,0,0,0,0,0
2023-06-28T12:25:12.791848Z,2023,6,28,66.010800,22.331300,31.0,0,28.0,1,mainland,0,0,0,0,0,0
2023-06-28T12:25:12.814778Z,2023,6,28,65.947400,22.383900,6.0,0,3.3,1,mainland,0,0,0,0,0,0
2023-06-28T12:25:13.074505Z,2023,6,28,65.958500,22.452800,8.0,0,16.3,1,mainland,0,0,0,0,0,0
2023-06-28T12:25:36.450004Z,2023,6,28,65.967800,22.330300,7.0,0,19.6,1,mainland,0,0,0,0,0,0
2023-06-28T12:25:36.464275Z,2023,6,28,65.960400,22.351300,6.0,0,2.4,1,mainland,0,0,0,0,0,0
2023-06-28T12:26:10.048572Z,2023,6,28,65.965900,22.344100,5.0,0,4.8,1,mainland,0,0,0,0,0,0
2023-06-28T12:26:10.049298Z,2023,6,28,65.970000,22.342800,5.0,0,2.3,1,mainland,0,0,0,0,0,0
2023-06-28T12:26:10.051587Z,2023,6,28,65.964700,22.325900,10.0,0,7.4,1,mainland,0,0,0,0,0,0
2023-06-28T12:26:10.057456Z,2023,6,28,66.005000,22.311700,7.0,0,8.0,1,mainland,0,0,0,0,0,0
2023-06-28T12:26:10.057465Z,2023,6,28,65.973200,22.356800,-13.0,0,20.0,1,mainland,0,0,0,0,0,0
2023-06-28T12:26:36.232556Z,2023,6,28,65.970400,22.359700,16.0,0,22.3,1,mainland,0,0,0,0,0,0
2023-06-28T12:27:20.654797Z,2023,6,28,65.972100,22.310300,5.0,0,0.0,1,mainland,0,0,0,0,0,0
2023-06-28T12:27:20.654895Z,2023,6,28,65.974000,22.286400,20.0,0,22.3,1,mainland,0,0,0,0,0,0
2023-06-28T12:27:20.654904Z,2023,6,28,65.947200,22.328000,26.0,0,23.4,1,mainland,0,0,0,0,0,0
2023-06-28T12:27:20.661649Z,2023,6,28,65.959100,22.352300,6.0,0,3.6,1,mainland,0,0,0,0,0,0
2023-06-28T12:28:03.503249Z,2023,6,28,65.913300,22.524700,6.0,0,13.1,1,mainland,0,0,0,0,0,0
2023-06-28T12:28:03.542505Z,2023,6,28,65.961400,22.345400,10.0,0,16.1,1,mainland,0,0,0,0,0,0
2023-06-28T12:28:03.542521Z,2023,6,28,65.958700,22.424300,-18.0,0,26.7,1,mainland,0,0,0,0,0,0
2023-06-28T12:28:03.566738Z,2023,6,28,65.962800,22.335800,7.0,0,4.5,1,mainland,0,0,0,0,0,0
2023-06-28T12:29:00.494553Z,2023,6,28,65.958000,22.344600,-10.0,0,0.0,1,mainland,0,0,0,0,0,0
2023-06-28T12:29:00.494707Z,2023,6,28,65.958000,22.336700,-13.0,0,0.0,1,mainland,0,0,0,0,0,0
2023-06-28T12:29:00.494914Z,2023,6,28,65.951600,22.322000,11.0,0,5.5,1,mainland,0,0,0,0,0,0
2023-06-28T12:29:00.495031Z,2023,6,28,65.958600,22.330200,16.0,0,0.0,1,mainland,0,0,0,0,0,0
2023-06-28T12:29:00.495337Z,2023,6,28,65.961400,22.340000,12.0,0,0.0,1,mainland,0,0,0,0,0,0
2023-06-28T12:29:00.496584Z,2023,6,28,65.790200,22.127500,-98.0,0,13.6,1,mainland,0,0,0,0,0,0
2023-06-28T12:29:00.496654Z,2023,6,28,65.964800,22.348800,-79.0,0,13.7,1,mainland,0,0,0,0,0,0
2023-06-28T12:29:00.496654Z,2023,6,28,65.964100,22.344300,-74.0,0,27.9,1,mainland,0,0,0,0,0,0
2023-06-28T12:29:00.517458Z,2023,6,28,65.958500,22.344500,-6.0,0,22.6,1,mainland,0,0,0,0,0,0
2023-06-28T12:29:00.520745Z,2023,6,28,66.016600,22.349600,-15.0,0,16.1,1,mainland,0,0,0,0,0,0
2023-06-28T12:29:00.532279Z,2023,6,28,65.964600,22.326300,-7.0,0,10.1,1,mainland,0,0,0,0,0,0
2023-06-28T12:30:37.051440Z,2023,6,28,65.934000,22.372100,-17.0,0,0.0,1,mainland,0,0,0,0,0,0
2023-06-28T12:30:37.051558Z,2023,6,28,65.933700,22.371300,-25.0,0,0.0,1,mainland,0,0,0,0,0,0
2023-06-28T12:30:37.052798Z,2023,6,28,65.960800,22.317500,-186.0,0,30.4,1,mainland,0,0,0,0,0,0
2023-06-28T12:30:37.052808Z,2023,6,28,65.987100,22.321700,-162.0,0,28.8,1,mainland,0,0,0,0,0,0
2023-06-28T12:30:37.077043Z,2023,6,28,65.951500,22.295600,-17.0,0,26.7,1,mainland,0,0,0,0,0,0
2023-06-28T12:30:37.092305Z,2023,6,28,65.954200,22.339100,-9.0,0,7.9,1,mainland,0,0,0,0,0,0
2023-06-28T12:30:37.501092Z,2023,6,28,65.961100,22.376100,-6.0,0,3.6,1,mainland,0,0,0,0,0,0
2023-06-28T12:30:37.594745Z,2023,6,28,65.964000,22.352400,-6.0,0,3.6,1,mainland,0,0,0,0,0,0
2023-06-28T12:32:11.164743Z,2023,6,28,65.951000,22.257300,9.0,0,9.7,1,mainland,0,0,0,0,0,0
2023-06-28T12:32:11.165965Z,2023,6,28,65.947800,22.252700,6.0,0,15.5,1,mainland,0,0,0,0,0,0
2023-06-28T12:32:11.192275Z,2023,6,28,65.990600,22.293700,5.0,0,30.4,1,mainland,0,0,0,0,0,0
2023-06-28T12:32:11.208329Z,2023,6,28,65.957800,22.316400,7.0,0,8.3,1,mainland,0,0,0,0,0,0
2023-06-28T12:32:11.213551Z,2023,6,28,65.972500,22.316700,9.0,0,13.9,1,mainland,0,0,0,0,0,0
2023-06-28T12:33:47.495029Z,2023,6,28,65.932700,22.259200,13.0,0,11.7,1,inland_water,0,0,0,0,0,0
2023-06-28T12:33:47.506905Z,2023,6,28,65.952700,22.265600,7.0,0,9.8,1,mainland,0,0,0,0,0,0
2023-06-28T12:35:10.502748Z,2023,6,28,65.958500,22.324100,7.0,0,1.9,1,mainland,0,0,0,0,0,0
2023-06-28T12:35:10.504540Z,2023,6,28,65.966400,22.354700,12.0,0,8.0,1,mainland,0,0,0,0,0,0
2023-06-28T12:35:10.530441Z,2023,6,28,65.945200,22.420400,13.0,0,30.4,1,mainland,0,0,0,0,0,0
2023-06-28T12:35:10.544837Z,2023,6,28,65.970600,22.318500,-8.0,0,12.0,1,mainland,0,0,0,0,0,0
2023-06-28T12:36:29.840548Z,2023,6,28,65.955300,22.297300,-39.0,0,9.2,1,mainland,0,0,0,0,0,0
2023-06-28T12:36:29.840550Z,2023,6,28,65.950500,22.304900,-43.0,0,9.3,1,mainland,0,0,0,0,0,0
2023-06-28T12:36:29.852684Z,2023,6,28,65.955800,22.289100,-8.0,0,5.0,1,mainland,0,0,0,0,0,0
2023-06-28T12:36:29.859278Z,2023,6,28,65.973400,22.312600,-6.0,0,5.4,1,mainland,0,0,0,0,0,0
2023-06-28T12:36:29.863179Z,2023,6,28,65.950500,22.263100,9.0,0,9.5,1,mainland,0,0,0,0,0,0
2023-06-28T12:38:46.781247Z,2023,6,28,65.947800,22.303700,6.0,0,3.5,1,mainland,0,0,0,0,0,0
2023-06-28T12:38:46.781669Z,2023,6,28,65.936100,22.312300,5.0,0,5.5,1,mainland,0,0,0,0,0,0
2023-06-28T12:38:46.783501Z,2023,6,28,65.948900,22.279600,7.0,0,2.6,1,mainland,0,0,0,0,0,0
2023-06-28T12:38:46.784850Z,2023,6,28,65.940900,22.298600,9.0,0,10.5,1,mainland,0,0,0,0,0,0
2023-06-28T12:38:46.786565Z,2023,6,28,65.951400,22.449600,6.0,0,17.3,1,mainland,0,0,0,0,0,0
2023-06-28T12:38:46.790365Z,2023,6,28,65.954200,22.276200,9.0,0,30.4,1,mainland,0,0,0,0,0,0
2023-06-28T12:38:46.791165Z,2023,6,28,65.956300,22.279100,6.0,0,19.8,1,mainland,0,0,0,0,0,0
2023-06-28T12:38:46.791825Z,2023,6,28,65.956500,22.273600,6.0,0,13.2,1,mainland,0,0,0,0,0,0
2023-06-28T12:42:43.978208Z,2023,6,28,65.957200,22.271600,6.0,0,12.4,1,mainland,0,0,0,0,0,0
2023-06-28T12:42:43.978970Z,2023,6,28,65.959500,22.240200,10.0,0,30.2,1,mainland,0,0,0,0,0,0
2023-06-28T12:42:43.982468Z,2023,6,28,65.965100,22.219200,8.0,0,30.4,1,mainland,0,0,0,0,0,0
2023-06-28T12:42:43.990236Z,2023,6,28,65.953200,22.261100,17.0,0,14.5,1,mainland,0,0,0,0,0,0
2023-06-28T12:46:55.225011Z,2023,6,28,65.984300,22.201000,20.0,0,21.7,1,mainland,0,0,0,0,0,0
2023-06-28T12:46:55.225011Z,2023,6,28,65.983500,22.206300,16.0,0,16.4,1,mainland,0,0,0,0,0,0
2023-06-28T12:46:55.225802Z,2023,6,28,65.971200,22.234600,6.0,0,5.9,1,mainland,0,0,0,0,0,0
2023-06-28T12:46:55.242102Z,2023,6,28,65.992300,22.210200,12.0,0,25.3,1,mainland,0,0,0,0,0,0
2023-06-28T12:48:20.437074Z,2023,6,28,65.983300,22.182400,7.0,0,7.0,1,mainland,0,0,0,0,0,0
2023-06-28T12:48:20.437565Z,2023,6,28,65.985300,22.200400,10.0,0,11.2,1,mainland,0,0,0,0,0,0
2023-06-28T12:48:20.439343Z,2023,6,28,65.976000,22.252100,4.0,0,16.6,1,mainland,0,0,0,0,0,0
2023-06-28T12:51:49.233431Z,2023,6,28,65.995600,22.181400,-6.0,0,0.0,1,inland_water,0,0,0,0,0,0
2023-06-28T12:51:49.233499Z,2023,6,28,65.986400,22.191400,-17.0,0,7.8,1,inland_water,0,0,0,0,0,0
2023-06-28T12:51:49.233516Z,2023,6,28,65.981500,22.214900,-20.0,0,0.0,1,mainland,0,0,0,0,0,0
2023-06-28T12:51:49.233611Z,2023,6,28,65.981700,22.216300,-31.0,0,0.0,1,mainland,0,0,0,0,0,0
2023-06-28T12:51:49.234557Z,2023,6,28,65.980000,22.196100,-110.0,0,10.6,1,inland_water,0,0,0,0,0,0
2023-06-28T12:51:49.234559Z,2023,6,28,65.989300,22.185700,-127.0,0,25.7,1,mainland,0,0,0,0,0,0
2023-06-28T12:51:49.234563Z,2023,6,28,66.007700,22.188600,-127.0,0,7.6,1,mainland,0,0,0,0,0,0
2023-06-28T12:51:49.564008Z,2023,6,28,65.965100,22.223300,-9.0,0,8.7,1,mainland,0,0,0,0,0,0
2023-06-28T12:55:51.594822Z,2023,6,28,65.976800,22.213500,-75.0,0,17.3,1,inland_water,0,0,0,0,0,0
2023-06-28T12:55:51.595509Z,2023,6,28,65.977600,22.212000,-6.0,0,0.0,1,inland_water,0,0,0,0,0,0
2023-06-28T12:55:51.618119Z,2023,6,28,65.977700,22.200800,-15.0,0,7.4,1,inland_water,0,0,0,0,0,0
2023-06-28T12:59:11.913332Z,2023,6,28,65.980900,22.150000,7.0,0,21.5,1,mainland,0,0,0,0,0,0
2023-06-28T12:59:11.932649Z,2023,6,28,65.902700,22.503300,6.0,0,30.4,1,mainland,0,0,0,0,0,0
2023-06-28T13:15:05.784504Z,2023,6,28,65.746600,21.923100,-8.0,0,18.5,1,mainland,0,0,0,0,1,1
2023-06-28T13:32:50.894805Z,2023,6,28,65.925800,22.051400,-9.0,0,3.6,1,mainland,0,0,0,0,0,0
2023-06-28T13:46:36.903675Z,2023,6,28,65.898100,22.052800,-37.0,0,10.1,1,mainland,0,0,0,0,0,1
2023-06-28T13:49:32.129449Z,2023,6,28,65.892600,22.119100,5.0,0,6.0,1,mainland,0,0,0,0,0,0
2023-06-28T13:49:32.194395Z,2023,6,28,65.940700,22.066300,-5.0,0,3.3,1,mainland,0,0,0,0,0,0
2023-06-28T13:52:55.901631Z,2023,6,28,65.893600,22.508800,14.0,0,30.4,1,mainland,0,0,0,0,0,0
2023-06-28T13:57:27.638221Z,2023,6,28,65.973100,21.894300,-23.0,0,16.2,1,inland_water,0,0,0,0,0,0
2023-06-29T11:30:44.234855Z,2023,6,29,66.004700,22.115100,-9.0,0,6.3,1,inland_water,0,0,0,0,0,0
2023-06-29T11:40:21.048491Z,2023,6,29,65.898100,22.562100,-12.0,0,3.7,1,mainland,0,0,0,1,1,1
2023-06-29T11:40:30.864472Z,2023,6,29,65.588100,22.764900,6.0,0,2.1,1,sea,0,0,0,0,0,0
2023-06-29T12:01:21.402168Z,2023,6,29,65.830000,22.318000,-10.0,0,3.1,1,mainland,0,0,0,0,0,0
2023-06-29T12:02:41.650687Z,2023,6,29,65.961100,22.242500,20.0,0,14.1,1,mainland,0,0,0,0,0,0
2023-06-29T12:02:41.650688Z,2023,6,29,65.968400,22.245600,16.0,0,11.4,1,mainland,0,0,0,0,0,0
2023-06-29T12:03:33.067898Z,2023,6,29,65.904600,22.273600,6.0,0,30.4,1,inland_water,0,0,0,0,0,0
2023-06-29T12:03:33.072812Z,2023,6,29,65.911300,22.285400,5.0,0,13.2,1,inland_water,0,0,0,0,0,0
2023-06-29T12:07:19.135337Z,2023,6,29,65.935100,22.245800,7.0,0,9.1,1,inland_water,0,0,0,0,0,0
2023-06-29T12:07:19.137410Z,2023,6,29,65.941000,22.247800,8.0,0,10.1,1,mainland,0,0,0,0,0,0
2023-06-29T12:07:20.073556Z,2023,6,29,65.785100,22.608300,-6.0,0,3.1,1,islands,1,1,1,0,0,0
2023-06-29T12:08:01.339785Z,2023,6,29,65.932700,22.253600,8.0,0,17.8,1,inland_water,0,0,0,0,0,0
2023-06-29T12:08:01.339800Z,2023,6,29,65.939600,22.271200,-10.0,0,10.4,1,mainland,0,0,0,0,0,0
2023-06-29T12:08:01.341054Z,2023,6,29,65.929900,22.230900,5.0,0,3.8,1,mainland,0,0,0,0,0,0
2023-06-29T12:09:18.752629Z,2023,6,29,65.931500,22.235300,6.0,0,12.0,1,mainland,0,0,0,0,0,0
2023-06-29T12:09:18.753259Z,2023,6,29,65.928300,22.247000,12.0,0,5.1,1,inland_water,0,0,0,0,0,0
2023-06-29T12:09:18.753284Z,2023,6,29,65.930600,22.205200,-25.0,0,15.7,1,mainland,0,0,0,0,0,0
2023-06-29T12:09:18.754373Z,2023,6,29,65.928700,22.244300,7.0,0,9.1,1,mainland,0,0,0,0,0,0
2023-06-29T12:09:18.765924Z,2023,6,29,65.925500,22.256100,7.0,0,16.9,1,inland_water,0,0,0,0,0,0
2023-06-29T12:11:19.221195Z,2023,6,29,65.930400,22.273300,-8.0,0,7.2,1,mainland,0,0,0,0,0,0
2023-06-29T12:11:19.222003Z,2023,6,29,65.926800,22.235300,9.0,0,9.8,1,mainland,0,0,0,0,0,0
2023-06-29T12:11:19.222721Z,2023,6,29,65.929600,22.219600,6.0,0,13.5,1,mainland,0,0,0,0,0,0
2023-06-29T12:12:12.055033Z,2023,6,29,65.843400,22.334100,5.0,0,3.7,1,mainland,0,0,1,0,0,0
2023-06-29T12:14:14.502404Z,2023,6,29,65.856500,22.583800,10.0,0,8.0,1,mainland,0,0,0,1,1,1
2023-06-29T12:14:20.348405Z,2023,6,29,65.842700,22.339000,6.0,0,7.2,1,mainland,0,0,1,0,0,0
2023-06-29T12:14:20.781702Z,2023,6,29,65.824300,22.385000,7.0,0,3.1,1,sea,1,1,1,0,0,0
2023-06-29T12:15:12.452993Z,2023,6,29,65.827900,22.604200,9.0,0,18.0,1,mainland,0,0,0,1,1,1
2023-06-29T12:15:12.453876Z,2023,6,29,65.843200,22.582800,11.0,0,24.9,1,mainland,0,0,0,0,0,1
2023-06-29T12:16:15.775680Z,2023,6,29,65.856600,22.571800,7.0,0,4.4,1,mainland,0,0,0,0,0,1
2023-06-29T12:16:42.488950Z,2023,6,29,65.851700,22.346000,10.0,0,12.4,1,mainland,0,1,1,0,0,0
2023-06-29T12:16:42.489385Z,2023,6,29,65.852100,22.353500,10.0,0,7.3,1,mainland,1,1,1,0,0,0
2023-06-29T12:16:42.489408Z,2023,6,29,65.843400,22.314100,-20.0,0,17.4,1,mainland,0,0,0,0,0,0
2023-06-29T12:16:42.490990Z,2023,6,29,65.851200,22.354800,11.0,0,14.1,1,mainland,1,1,1,0,0,0
2023-06-29T12:16:42.845675Z,2023,6,29,65.910900,22.122700,8.0,0,4.8,1,mainland,0,0,0,0,0,0
2023-06-29T12:18:06.086806Z,2023,6,29,65.863300,22.359400,9.0,0,8.2,1,mainland,1,1,1,0,0,0
2023-06-29T12:18:06.086810Z,2023,6,29,65.851000,22.337300,10.0,0,8.1,1,mainland,0,0,1,0,0,0
2023-06-29T12:18:06.087807Z,2023,6,29,65.837600,22.363900,5.0,0,14.5,1,sea,1,1,1,0,0,0
2023-06-29T12:18:06.089452Z,2023,6,29,65.856600,22.344500,9.0,0,7.4,1,mainland,0,1,1,0,0,0
2023-06-29T12:19:09.162829Z,2023,6,29,65.867500,22.578000,12.0,0,28.3,1,mainland,0,0,0,1,1,1
2023-06-29T12:19:34.564250Z,2023,6,29,65.825800,22.405400,6.0,0,3.0,1,sea,1,1,1,0,0,0
2023-06-29T12:19:34.803144Z,2023,6,29,65.808200,22.256400,-8.0,0,3.5,1,mainland,0,0,0,0,0,0
2023-06-29T12:21:04.012035Z,2023,6,29,65.785400,22.283000,-9.0,0,5.4,1,mainland,0,0,1,0,0,0
2023-06-29T12:21:04.117446Z,2023,6,29,65.784000,22.304100,-6.0,0,3.1,1,mainland,0,1,1,0,0,0
2023-06-29T12:22:04.191331Z,2023,6,29,65.850600,22.538900,5.0,0,17.2,1,mainland,0,0,0,0,0,0
2023-06-29T12:22:04.255090Z,2023,6,29,65.852500,22.498400,-20.0,0,8.6,1,mainland,0,0,1,0,0,0
2023-06-29T12:22:04.255230Z,2023,6,29,65.867600,22.443800,-6.0,0,0.0,1,inland_water,0,0,0,0,0,0
2023-06-29T12:22:46.143867Z,2023,6,29,65.825500,22.317000,6.0,0,3.6,1,mainland,0,0,0,0,0,0
2023-06-29T12:23:16.585280Z,2023,6,29,65.801500,22.389300,6.0,0,20.3,1,sea,1,1,1,0,0,0
2023-06-29T12:23:47.367274Z,2023,6,29,65.899300,22.443900,-10.0,0,3.0,1,mainland,0,0,0,0,0,0
2023-06-29T12:23:47.406170Z,2023,6,29,65.900100,22.038800,-6.0,0,7.7,1,mainland,0,0,0,0,1,1
2023-06-29T12:28:10.452570Z,2023,6,29,65.869700,22.389100,6.0,0,24.9,1,mainland,0,1,1,0,0,0
2023-06-29T12:28:30.769130Z,2023,6,29,65.776400,22.650500,5.0,0,6.8,1,sea,0,1,1,1,1,1
2023-06-29T12:29:07.738947Z,2023,6,29,65.867000,22.386700,16.0,0,20.5,1,mainland,1,1,1,0,0,0
2023-06-29T12:29:07.739794Z,2023,6,29,65.867400,22.389300,8.0,0,30.2,1,mainland,0,1,1,0,0,0
2023-06-29T12:29:07.748252Z,2023,6,29,65.868600,22.378900,6.0,0,6.1,1,mainland,1,1,1,0,0,0
2023-06-29T12:30:22.747654Z,2023,6,29,65.850300,22.426600,7.0,0,12.4,1,sea,0,1,1,0,0,0
2023-06-29T12:30:22.749905Z,2023,6,29,65.874700,22.380300,4.0,0,4.4,1,mainland,1,1,1,0,0,0
2023-06-29T12:30:22.749905Z,2023,6,29,65.878200,22.388200,8.0,0,8.5,1,mainland,0,0,1,0,0,0
2023-06-29T12:30:22.760273Z,2023,6,29,65.867200,22.402000,10.0,0,7.7,1,mainland,0,0,1,0,0,0
2023-06-29T12:31:02.983380Z,2023,6,29,65.901700,22.326500,8.0,0,14.8,1,mainland,0,0,0,0,0,0
2023-06-29T12:31:02.983862Z,2023,6,29,65.862800,22.385000,14.0,0,17.9,1,sea,1,1,1,0,0,0
2023-06-29T12:31:02.984047Z,2023,6,29,65.863700,22.373700,-6.0,0,0.0,1,sea,1,1,1,0,0,0
2023-06-29T12:31:02.984654Z,2023,6,29,65.856800,22.418200,8.0,0,13.3,1,sea,1,1,1,0,0,0
2023-06-29T12:31:02.985966Z,2023,6,29,65.868000,22.373500,5.0,0,15.6,1,mainland,1,1,1,0,0,0
2023-06-29T12:31:57.547162Z,2023,6,29,65.862900,22.296300,21.0,0,8.5,1,mainland,0,0,0,0,0,0
2023-06-29T12:31:57.547169Z,2023,6,29,65.849700,22.317200,15.0,0,7.5,1,mainland,0,0,0,0,0,0
2023-06-29T12:32:44.808571Z,2023,6,29,65.863500,22.353400,12.0,0,5.2,1,mainland,1,1,1,0,0,0
2023-06-29T12:32:44.808946Z,2023,6,29,65.989100,22.397600,12.0,0,8.3,1,mainland,0,0,0,0,0,0
2023-06-29T12:32:44.830094Z,2023,6,29,65.863200,22.401300,7.0,0,8.0,1,mainland,0,1,1,0,0,0
2023-06-29T12:33:40.416589Z,2023,6,29,65.832100,22.419700,10.0,0,2.5,1,sea,0,0,1,0,0,0
2023-06-29T12:33:40.417944Z,2023,6,29,65.854500,22.381700,7.0,0,16.9,1,sea,0,0,1,0,0,0
2023-06-29T12:33:40.419465Z,2023,6,29,65.848800,22.391500,5.0,0,2.7,1,sea,1,1,1,0,0,0
2023-06-29T12:33:44.258688Z,2023,6,29,65.848600,22.546500,6.0,0,5.1,1,mainland,0,0,0,0,0,0
2023-06-29T12:35:32.131898Z,2023,6,29,65.846600,22.510900,11.0,0,28.4,1,mainland,0,0,0,0,0,0
2023-06-29T12:35:32.131905Z,2023,6,29,65.858700,22.531000,6.0,0,28.1,1,mainland,0,0,0,0,0,0
2023-06-29T12:35:32.132800Z,2023,6,29,65.841500,22.528800,6.0,0,5.4,1,mainland,0,0,0,0,0,0
2023-06-29T12:35:32.134795Z,2023,6,29,65.830600,22.588200,6.0,0,3.3,1,mainland,0,0,0,0,0,1
2023-06-29T12:38:28.776582Z,2023,6,29,65.823700,22.345500,9.0,0,9.7,1,mainland,0,1,1,0,0,0
2023-06-29T12:39:50.936897Z,2023,6,29,65.816100,22.329100,6.0,0,13.2,1,mainland,0,0,1,0,0,0
2023-06-29T12:40:23.050197Z,2023,6,29,65.816200,22.333800,6.0,0,3.0,1,mainland,0,0,1,0,0,0
2023-06-29T12:40:23.050916Z,2023,6,29,65.823600,22.320500,6.0,0,2.1,1,mainland,0,0,0,0,0,0
2023-06-29T12:40:23.052270Z,2023,6,29,65.823200,22.292800,20.0,0,14.3,1,mainland,0,0,0,0,0,0
2023-06-29T12:40:23.052275Z,2023,6,29,65.840200,22.295700,20.0,0,19.9,1,mainland,0,0,0,0,0,0
2023-06-29T12:40:23.052300Z,2023,6,29,65.762200,22.427100,28.0,0,21.7,1,sea,0,0,0,0,0,0
2023-06-29T12:40:52.142218Z,2023,6,29,65.868400,22.333600,8.0,0,16.6,1,mainland,0,1,1,0,0,0
2023-06-29T12:40:52.143002Z,2023,6,29,65.819400,22.294300,6.0,0,7.4,1,mainland,0,0,0,0,0,0
2023-06-29T12:40:59.178192Z,2023,6,29,65.798300,22.577500,6.0,0,3.8,1,mainland,1,1,1,0,0,0
2023-06-29T12:41:29.650576Z,2023,6,29,65.814900,22.239300,-24.0,0,8.1,1,mainland,0,0,0,0,0,0
2023-06-29T12:42:05.621488Z,2023,6,29,65.788900,22.331700,6.0,0,6.3,1,mainland,0,1,1,0,0,0
2023-06-29T12:42:05.621852Z,2023,6,29,65.814800,22.296000,7.0,0,4.3,1,mainland,0,0,1,0,0,0
2023-06-29T12:42:05.640042Z,2023,6,29,65.812600,22.323400,6.0,0,3.3,1,mainland,0,1,1,0,0,0
2023-06-29T12:42:05.648747Z,2023,6,29,65.824300,22.287200,7.0,0,25.3,1,mainland,0,0,0,0,0,0
2023-06-29T12:43:15.860697Z,2023,6,29,65.805400,22.579000,5.0,0,3.0,1,mainland,0,0,1,0,0,0
2023-06-29T12:44:15.024780Z,2023,6,29,65.808300,22.270900,12.0,0,6.6,1,mainland,0,0,0,0,0,0
2023-06-29T12:44:15.040230Z,2023,6,29,65.812000,22.267800,12.0,0,6.3,1,mainland,0,0,0,0,0,0
2023-06-29T12:46:00.827610Z,2023,6,29,65.815700,22.271200,6.0,0,2.7,1,mainland,0,0,0,0,0,0
2023-06-29T12:46:24.060302Z,2023,6,29,65.820100,22.253700,7.0,0,14.2,1,mainland,0,0,0,0,0,0
2023-06-29T12:46:51.176391Z,2023,6,29,65.809300,22.305600,8.0,0,2.1,1,mainland,0,1,1,0,0,0
2023-06-29T12:46:51.185356Z,2023,6,29,65.814200,22.262600,9.0,0,14.8,1,mainland,0,0,0,0,0,0
2023-06-29T12:47:20.008420Z,2023,6,29,65.813300,22.272700,-5.0,0,0.0,1,mainland,0,0,0,0,0,0
2023-06-29T12:47:20.008707Z,2023,6,29,65.818100,22.303400,7.0,0,30.4,1,mainland,0,0,1,0,0,0
2023-06-29T12:47:20.009774Z,2023,6,29,65.816000,22.264000,7.0,0,5.8,1,mainland,0,0,0,0,0,0
2023-06-29T12:47:20.028485Z,2023,6,29,65.819800,22.262800,5.0,0,2.6,1,mainland,0,0,0,0,0,0
2023-06-29T12:47:20.184603Z,2023,6,29,65.813300,22.532700,5.0,0,6.3,1,mainland,1,1,1,0,0,0
2023-06-29T12:48:06.479881Z,2023,6,29,65.769000,22.206700,11.0,0,30.4,1,mainland,0,0,0,0,0,0
2023-06-29T12:48:06.480975Z,2023,6,29,65.804700,22.259000,8.0,0,18.1,1,mainland,0,0,0,0,0,0
2023-06-29T12:48:06.482749Z,2023,6,29,65.813800,22.262200,9.0,0,11.8,1,mainland,0,0,0,0,0,0
2023-06-29T12:48:06.489432Z,2023,6,29,65.779600,22.314400,6.0,0,28.8,1,sea,0,1,1,0,0,0
2023-06-29T12:48:06.492260Z,2023,6,29,65.808800,22.253000,8.0,0,6.1,1,mainland,0,0,0,0,0,0
2023-06-29T12:48:32.029173Z,2023,6,29,65.806800,22.248300,7.0,0,3.0,1,mainland,0,0,0,0,0,0
2023-06-29T12:48:32.029187Z,2023,6,29,65.772400,22.308800,11.0,0,13.2,1,sea,1,1,1,0,0,0
2023-06-29T12:48:32.030492Z,2023,6,29,65.806100,22.267600,6.0,0,2.7,1,mainland,0,0,0,0,0,0
2023-06-29T12:49:00.606771Z,2023,6,29,65.813400,22.265500,10.0,0,8.0,1,mainland,0,0,0,0,0,0
2023-06-29T12:49:00.606778Z,2023,6,29,65.786300,22.281200,12.0,0,9.5,1,mainland,0,0,0,0,0,0
2023-06-29T12:49:00.608065Z,2023,6,29,65.802800,22.244500,5.0,0,11.0,1,mainland,0,0,0,0,0,0
2023-06-29T12:49:44.027725Z,2023,6,29,65.792800,22.238900,5.0,0,12.8,1,mainland,0,0,0,0,0,0
2023-06-29T12:49:44.028840Z,2023,6,29,65.788300,22.295400,6.0,0,2.1,1,mainland,0,0,1,0,0,0
2023-06-29T12:49:44.029551Z,2023,6,29,65.805900,22.286200,6.0,0,1.5,1,mainland,0,0,0,0,0,0
2023-06-29T12:49:44.031848Z,2023,6,29,65.789900,22.297400,5.0,0,7.3,1,mainland,0,0,1,0,0,0
2023-06-29T12:49:44.053611Z,2023,6,29,65.805100,22.256900,13.0,0,11.9,1,mainland,0,0,0,0,0,0
2023-06-29T12:50:50.962807Z,2023,6,29,65.795500,22.257100,8.0,0,4.3,1,mainland,0,0,0,0,0,0
2023-06-29T12:50:50.963685Z,2023,6,29,65.819900,22.114300,7.0,0,2.6,1,mainland,0,0,0,0,0,0
2023-06-29T12:50:50.963711Z,2023,6,29,65.815700,22.335900,-11.0,0,19.6,1,mainland,0,0,1,0,0,0
2023-06-29T12:50:50.964379Z,2023,6,29,65.783500,22.270800,6.0,0,3.0,1,mainland,0,0,0,0,0,0
2023-06-29T12:50:50.965280Z,2023,6,29,65.786000,22.286300,-7.0,0,14.3,1,mainland,0,0,1,0,0,0
2023-06-29T12:50:50.974877Z,2023,6,29,65.800100,22.288300,9.0,0,25.0,1,mainland,0,0,0,0,0,0
2023-06-29T12:50:50.981054Z,2023,6,29,65.795500,22.247400,7.0,0,4.3,1,mainland,0,0,0,0,0,0
2023-06-29T12:50:51.133759Z,2023,6,29,65.776900,22.289200,7.0,0,3.8,1,mainland,1,1,1,0,0,0
2023-06-29T12:51:36.465473Z,2023,6,29,65.770800,22.282100,8.0,0,21.2,1,mainland,0,0,1,0,0,0
2023-06-29T12:51:36.467059Z,2023,6,29,65.789500,22.248700,15.0,0,23.5,1,mainland,0,0,0,0,0,0
2023-06-29T12:51:36.467060Z,2023,6,29,65.789900,22.253600,11.0,0,19.8,1,mainland,0,0,0,0,0,0
2023-06-29T12:51:36.469537Z,2023,6,29,65.779300,22.295500,-9.0,0,16.0,1,mainland,1,1,1,0,0,0
2023-06-29T12:51:36.477459Z,2023,6,29,65.792500,22.259100,7.0,0,9.2,1,mainland,0,0,0,0,0,0
2023-06-29T12:52:37.244182Z,2023,6,29,65.789200,22.245300,5.0,0,20.5,1,mainland,0,0,0,0,0,0
2023-06-29T12:52:37.246003Z,2023,6,29,65.791900,22.270900,13.0,0,18.6,1,mainland,0,0,0,0,0,0
2023-06-29T12:52:37.257724Z,2023,6,29,65.792200,22.293800,7.0,0,6.4,1,mainland,0,0,0,0,0,0
2023-06-29T12:52:37.597438Z,2023,6,29,65.800000,22.309900,-20.0,0,14.5,1,mainland,0,0,1,0,0,0
2023-06-29T12:52:37.597701Z,2023,6,29,65.790600,22.329400,9.0,0,0.0,1,mainland,0,1,1,0,0,0
2023-06-29T12:52:37.655444Z,2023,6,29,65.822300,22.343500,12.0,0,17.0,1,mainland,0,1,1,0,0,0
2023-06-29T12:52:37.656330Z,2023,6,29,65.799300,22.306200,-8.0,0,3.6,1,mainland,0,0,1,0,0,0
2023-06-29T12:52:37.689904Z,2023,6,29,65.799900,22.314400,-6.0,0,3.3,1,mainland,0,1,1,0,0,0
2023-06-29T12:53:20.072169Z,2023,6,29,65.773200,22.109100,7.0,0,15.9,1,inland_water,0,0,0,0,0,0
2023-06-29T12:53:20.072779Z,2023,6,29,65.768300,22.094100,8.0,0,15.7,1,inland_water,0,0,0,0,0,0
2023-06-29T12:53:20.072779Z,2023,6,29,65.764700,22.096400,9.0,0,16.2,1,mainland,0,0,0,0,0,0
2023-06-29T12:53:22.742546Z,2023,6,29,65.774800,22.318900,8.0,0,3.0,1,sea,0,0,1,0,0,0
2023-06-29T12:53:22.743783Z,2023,6,29,65.794400,22.347000,5.0,0,6.2,1,sea,1,1,1,0,0,0
2023-06-29T12:55:01.696062Z,2023,6,29,65.788800,22.305600,-10.0,0,14.3,1,mainland,0,0,1,0,0,0
2023-06-29T12:55:01.702074Z,2023,6,29,65.791700,22.283700,6.0,0,4.6,1,mainland,0,0,0,0,0,0
2023-06-29T12:55:01.751545Z,2023,6,29,65.801100,22.426600,-7.0,0,3.1,1,sea,0,0,1,0,0,0
2023-06-29T12:55:51.254158Z,2023,6,29,65.766900,22.119300,10.0,0,11.0,1,inland_water,0,0,0,0,0,0
2023-06-29T12:55:51.255501Z,2023,6,29,65.766700,22.113800,-7.0,0,21.1,1,inland_water,0,0,0,0,0,0
2023-06-29T12:55:51.257288Z,2023,6,29,65.745300,22.172500,6.0,0,3.1,1,mainland,0,0,0,0,0,0
2023-06-29T12:55:51.334765Z,2023,6,29,65.752800,22.030400,-8.0,0,3.2,1,mainland,0,0,0,0,0,0
2023-06-29T12:56:17.518631Z,2023,6,29,65.788400,22.276300,8.0,0,24.4,1,mainland,0,0,0,0,0,0
2023-06-29T12:56:17.519402Z,2023,6,29,65.787400,22.303000,7.0,0,2.7,1,mainland,0,0,1,0,0,0
2023-06-29T12:56:17.520184Z,2023,6,29,65.786100,22.283700,7.0,0,7.0,1,mainland,0,0,0,0,0,0
2023-06-29T12:57:28.888884Z,2023,6,29,65.789700,22.595500,4.0,0,6.6,1,sea,0,1,1,0,0,0
2023-06-29T12:59:12.219383Z,2023,6,29,65.488000,22.808100,7.0,0,5.4,1,sea,0,0,0,0,0,0
2023-06-29T12:59:12.220184Z,2023,6,29,65.791100,22.258500,9.0,0,25.7,1,mainland,0,0,0,0,0,0
2023-06-29T12:59:12.223966Z,2023,6,29,65.795200,22.302500,7.0,0,8.3,1,mainland,0,0,0,0,0,0
2023-06-29T12:59:12.225037Z,2023,6,29,65.779500,22.298500,6.0,0,12.6,1,mainland,1,1,1,0,0,0
2023-06-29T13:02:07.356602Z,2023,6,29,65.784200,22.350500,-8.0,0,11.1,1,mainland,1,1,1,0,0,0
2023-06-29T13:02:07.357844Z,2023,6,29,65.790200,22.299200,8.0,0,22.3,1,mainland,0,0,1,0,0,0
2023-06-29T13:02:07.358752Z,2023,6,29,65.783200,22.308300,7.0,0,13.6,1,mainland,1,1,1,0,0,0
2023-06-29T13:02:07.359272Z,2023,6,29,65.778100,22.306300,8.0,0,5.4,1,sea,1,1,1,0,0,0
2023-06-29T13:02:07.369048Z,2023,6,29,65.790000,22.292800,6.0,0,29.4,1,mainland,0,0,0,0,0,0
2023-06-29T13:02:10.089592Z,2023,6,29,65.634500,22.209400,14.0,0,14.3,1,mainland,0,0,0,0,0,0
2023-06-29T13:02:10.090715Z,2023,6,29,65.781500,22.118300,10.0,0,11.2,1,inland_water,0,0,0,0,0,0
2023-06-29T13:02:10.107104Z,2023,6,29,65.782600,22.070300,7.0,0,14.7,1,inland_water,0,0,0,0,0,0
2023-06-29T13:04:05.739602Z,2023,6,29,65.772900,22.237200,7.0,0,15.5,1,inland_water,0,0,0,0,0,0
2023-06-29T13:04:05.740376Z,2023,6,29,65.818000,22.145100,5.0,0,18.8,1,mainland,0,0,0,0,0,0
2023-06-29T13:04:05.741280Z,2023,6,29,65.780900,22.103700,19.0,0,21.8,1,inland_water,0,0,0,0,0,0
2023-06-29T13:04:05.741281Z,2023,6,29,65.771900,22.111800,14.0,0,13.8,1,inland_water,0,0,0,0,0,0
2023-06-29T13:04:05.741959Z,2023,6,29,65.769200,22.094000,7.0,0,5.6,1,inland_water,0,0,0,0,0,0
2023-06-29T13:05:17.003218Z,2023,6,29,65.744600,22.117500,7.0,0,22.2,1,mainland,0,0,0,0,0,0
2023-06-29T13:05:17.003631Z,2023,6,29,65.746700,22.109100,8.0,0,14.1,1,mainland,0,0,0,0,0,0
2023-06-29T13:05:49.221510Z,2023,6,29,65.758000,22.046100,6.0,0,10.8,1,mainland,0,0,0,0,0,0
2023-06-29T13:05:49.233458Z,2023,6,29,65.717500,22.180500,7.0,0,30.4,1,mainland,0,0,0,0,0,0
2023-06-29T13:06:59.457151Z,2023,6,29,65.760300,22.145500,4.0,0,6.3,1,inland_water,0,0,0,0,0,0
2023-06-29T13:06:59.476450Z,2023,6,29,65.756200,22.117000,6.0,0,8.6,1,mainland,0,0,0,0,0,0
2023-06-29T13:07:18.880146Z,2023,6,29,65.734000,22.274000,9.0,0,4.1,1,mainland,0,0,0,0,0,0
2023-06-29T13:07:38.240201Z,2023,6,29,65.763800,22.089900,14.0,0,22.1,1,mainland,0,0,0,0,0,0
2023-06-29T13:07:38.241409Z,2023,6,29,65.748200,22.126400,25.0,0,24.0,1,mainland,0,0,0,0,0,0
2023-06-29T13:07:38.241982Z,2023,6,29,65.753700,22.110700,9.0,0,5.5,1,mainland,0,0,0,0,0,0
2023-06-29T13:08:44.902743Z,2023,6,29,65.724900,22.173100,14.0,0,21.3,1,mainland,0,0,0,0,0,0
2023-06-29T13:08:44.902752Z,2023,6,29,65.751600,22.100100,20.0,0,23.0,1,mainland,0,0,0,0,0,0
2023-06-29T13:08:44.902753Z,2023,6,29,65.755900,22.094300,19.0,0,22.3,1,mainland,0,0,0,0,0,0
2023-06-29T13:08:44.906996Z,2023,6,29,65.755600,22.121000,6.0,0,1.8,1,mainland,0,0,0,0,0,0
2023-06-29T13:08:59.860469Z,2023,6,29,65.731300,22.282100,7.0,0,2.7,1,mainland,0,0,0,0,0,0
2023-06-29T13:08:59.860779Z,2023,6,29,65.734300,22.262500,6.0,0,2.3,1,mainland,0,0,0,0,0,0
2023-06-29T13:10:27.993124Z,2023,6,29,65.692000,22.353900,9.0,0,30.4,1,mainland,0,1,1,0,0,0
2023-06-29T13:10:27.994688Z,2023,6,29,65.737000,22.282100,10.0,0,11.3,1,mainland,0,0,0,0,0,0
2023-06-29T13:12:31.187505Z,2023,6,29,65.735400,22.258800,12.0,0,9.9,1,mainland,0,0,0,0,0,0
2023-06-29T13:12:31.189002Z,2023,6,29,65.713900,22.304400,7.0,0,2.6,1,mainland,0,1,1,0,0,0
2023-06-29T13:13:24.489419Z,2023,6,29,65.731100,22.279500,10.0,0,8.8,1,mainland,0,0,0,0,0,0
2023-06-29T13:13:24.489429Z,2023,6,29,65.706300,22.361700,-10.0,0,9.1,1,sea,0,1,1,0,0,0
2023-06-29T13:14:18.188726Z,2023,6,29,65.722800,22.295300,13.0,0,6.4,1,mainland,0,0,1,0,0,0
2023-06-29T13:14:18.188727Z,2023,6,29,65.735700,22.280000,12.0,0,11.8,1,mainland,0,0,0,0,0,0
2023-06-29T13:14:18.189361Z,2023,6,29,65.728500,22.272000,9.0,0,3.6,1,mainland,0,0,0,0,0,0
2023-06-29T13:15:18.708316Z,2023,6,29,65.702400,21.795100,9.0,0,1.8,1,inland_water,0,0,0,1,1,1
2023-06-29T13:15:18.711450Z,2023,6,29,65.717400,22.216600,5.0,0,4.4,1,mainland,0,0,0,0,0,0
2023-06-29T13:15:18.712892Z,2023,6,29,65.700400,22.279400,6.0,0,2.0,1,sea,1,1,1,0,0,0
2023-06-29T13:15:18.714074Z,2023,6,29,65.691700,22.256900,7.0,0,30.4,1,mainland,1,1,1,0,0,0
2023-06-29T13:15:40.082045Z,2023,6,29,65.731200,22.063100,7.0,0,6.6,1,mainland,0,0,0,0,0,0
2023-06-29T13:15:56.996112Z,2023,6,29,65.724200,22.270900,9.0,0,8.6,1,mainland,0,0,0,0,0,0
2023-06-29T13:15:56.997115Z,2023,6,29,65.724700,22.270700,22.0,0,19.4,1,mainland,0,0,0,0,0,0
2023-06-29T13:15:56.997116Z,2023,6,29,65.714600,22.274100,21.0,0,10.8,1,mainland,0,0,1,0,0,0
2023-06-29T13:15:56.997991Z,2023,6,29,65.724300,22.271200,6.0,0,4.4,1,mainland,0,0,0,0,0,0
2023-06-29T13:15:56.998614Z,2023,6,29,65.727000,22.269100,16.0,0,9.3,1,mainland,0,0,0,0,0,0
2023-06-29T13:15:57.017811Z,2023,6,29,65.731200,22.267100,7.0,0,5.7,1,mainland,0,0,0,0,0,0
2023-06-29T13:16:21.114080Z,2023,6,29,65.732400,22.069200,8.0,0,6.8,1,mainland,0,0,0,0,0,0
2023-06-29T13:16:21.114080Z,2023,6,29,65.731400,22.063900,13.0,0,24.9,1,mainland,0,0,0,0,0,0
2023-06-29T13:16:21.123317Z,2023,6,29,65.731300,22.072600,10.0,0,6.2,1,mainland,0,0,0,0,0,0
2023-06-29T13:16:24.005504Z,2023,6,29,65.692400,22.305800,6.0,0,1.0,1,mainland,0,1,1,0,0,0
2023-06-29T13:16:24.011840Z,2023,6,29,65.724000,22.422200,6.0,0,19.1,1,sea,0,1,1,0,0,0
2023-06-29T13:16:24.014000Z,2023,6,29,65.716500,22.277500,10.0,0,24.3,1,mainland,0,0,1,0,0,0
2023-06-29T13:17:00.690997Z,2023,6,29,65.731300,22.051300,9.0,0,9.9,1,mainland,0,0,0,0,0,0
2023-06-29T13:17:00.691695Z,2023,6,29,65.737200,22.087700,-6.0,0,11.1,1,mainland,0,0,0,0,0,0
2023-06-29T13:17:01.078863Z,2023,6,29,65.737100,22.288400,17.0,0,9.3,1,mainland,0,0,0,0,0,0
2023-06-29T13:17:29.026345Z,2023,6,29,65.734200,22.243500,8.0,0,3.5,1,inland_water,0,0,0,0,0,0
2023-06-29T13:17:29.027665Z,2023,6,29,65.731900,22.275900,-7.0,0,9.7,1,mainland,0,0,0,0,0,0
2023-06-29T13:17:29.036186Z,2023,6,29,65.672400,22.308300,8.0,0,23.7,1,sea,0,1,1,0,0,0
2023-06-29T13:17:29.036197Z,2023,6,29,65.687600,22.331700,9.0,0,28.6,1,mainland,0,0,1,0,0,0
2023-06-29T13:17:29.062839Z,2023,6,29,65.726000,22.105000,10.0,0,19.9,1,mainland,0,0,0,0,0,0
2023-06-29T13:17:29.183214Z,2023,6,29,65.688900,22.707400,-5.0,0,25.7,1,sea,0,0,1,0,0,0
2023-06-29T13:17:55.850324Z,2023,6,29,65.723200,22.255800,5.0,0,7.4,1,inland_water,0,0,0,0,0,0
2023-06-29T13:17:55.851539Z,2023,6,29,65.695900,22.313500,6.0,0,4.1,1,mainland,0,0,1,0,0,0
2023-06-29T13:17:55.864896Z,2023,6,29,65.718600,22.272400,7.0,0,10.6,1,inland_water,0,0,0,0,0,0
2023-06-29T13:18:42.781871Z,2023,6,29,65.713600,22.264200,7.0,0,5.1,1,mainland,0,0,1,0,0,0
2023-06-29T13:18:42.798048Z,2023,6,29,65.717300,22.420600,9.0,0,30.4,1,islands,1,1,1,0,0,0
2023-06-29T13:18:42.809366Z,2023,6,29,65.722300,22.376600,-13.0,0,26.1,1,sea,0,1,1,0,0,0
2023-06-29T13:19:25.301637Z,2023,6,29,65.718200,22.080400,6.0,0,2.4,1,mainland,0,0,0,0,0,0
2023-06-29T13:22:13.898439Z,2023,6,29,65.702300,22.222600,7.0,0,30.4,1,mainland,0,0,0,0,0,0
2023-06-29T13:22:45.114965Z,2023,6,29,65.723100,22.111600,7.0,0,11.4,1,mainland,0,0,0,0,0,0
2023-06-29T13:22:45.155130Z,2023,6,29,65.705900,22.308800,9.0,0,30.4,1,mainland,0,0,1,0,0,0
2023-06-29T13:23:15.065185Z,2023,6,29,65.702800,22.269500,7.0,0,11.3,1,mainland,1,1,1,0,0,0
2023-06-29T13:24:15.275843Z,2023,6,29,65.719700,22.309600,-5.0,0,8.0,1,mainland,1,1,1,0,0,0
2023-06-29T13:24:15.275851Z,2023,6,29,65.731100,22.327200,8.0,0,4.8,1,mainland,1,1,1,0,0,0
2023-06-29T13:24:38.487843Z,2023,6,29,65.704800,22.240500,10.0,0,6.8,1,mainland,0,0,1,0,0,0
2023-06-29T13:24:54.309742Z,2023,6,29,65.705100,22.219400,9.0,0,10.1,1,mainland,0,0,0,0,0,0
2023-06-29T13:26:20.143077Z,2023,6,29,65.674100,22.290100,5.0,0,10.6,1,sea,1,1,1,0,0,0
2023-06-29T13:26:24.487002Z,2023,6,29,65.706100,22.143500,5.0,0,2.1,1,mainland,0,0,0,0,0,0
2023-06-29T13:26:36.695973Z,2023,6,29,65.715000,22.196400,7.0,0,11.7,1,mainland,0,0,0,0,0,0
2023-06-29T13:26:52.173270Z,2023,6,29,65.710400,22.138300,7.0,0,2.7,1,mainland,0,0,0,0,0,0
2023-06-29T13:27:43.809422Z,2023,6,29,65.402000,22.721700,11.0,0,3.0,1,sea,0,0,0,0,0,0
2023-06-29T13:28:35.424225Z,2023,6,29,65.679300,21.940100,-10.0,0,6.1,1,mainland,0,0,0,0,0,0
2023-06-29T13:28:35.499780Z,2023,6,29,65.659600,21.977300,-6.0,0,5.5,1,mainland,0,0,0,0,0,0
2023-06-29T13:28:35.551209Z,2023,6,29,65.679100,21.939200,-6.0,0,3.9,1,mainland,0,0,0,0,0,0
2023-06-29T13:28:35.767190Z,2023,6,29,65.680200,21.938100,-10.0,0,5.6,1,mainland,0,0,0,0,0,0
2023-06-29T13:28:53.048160Z,2023,6,29,65.683600,22.077800,8.0,0,17.6,1,mainland,0,0,0,0,0,0
2023-06-29T13:29:07.315830Z,2023,6,29,65.689000,22.202400,7.0,0,6.6,1,mainland,0,0,0,0,0,0
2023-06-29T13:29:25.930662Z,2023,6,29,65.680900,22.177200,8.0,0,2.3,1,mainland,0,0,0,0,0,0
2023-06-29T13:29:34.352476Z,2023,6,29,65.666200,22.355300,6.0,0,19.8,1,mainland,1,1,1,0,0,0
2023-06-29T13:29:34.352495Z,2023,6,29,65.673200,22.150800,-9.0,0,10.0,1,mainland,0,0,0,0,0,0
2023-06-29T13:31:13.630556Z,2023,6,29,65.677900,22.234500,7.0,0,5.2,1,mainland,1,1,1,0,0,0
2023-06-29T13:31:20.343718Z,2023,6,29,65.670400,22.270900,6.0,0,15.5,1,sea,1,1,1,0,0,0
2023-06-29T13:31:37.428196Z,2023,6,29,65.698300,22.197700,18.0,0,13.4,1,mainland,0,0,0,0,0,0
2023-06-29T13:31:37.429346Z,2023,6,29,65.694300,22.225800,6.0,0,14.1,1,mainland,0,0,0,0,0,0
2023-06-29T13:31:59.044127Z,2023,6,29,65.648500,22.273500,6.0,0,6.4,1,mainland,0,0,1,0,0,0
2023-06-29T13:31:59.055325Z,2023,6,29,65.676200,22.393300,-10.0,0,16.6,1,sea,0,0,1,0,0,0
2023-06-29T13:32:10.702469Z,2023,6,29,65.657600,22.332600,7.0,0,18.7,1,sea,1,1,1,0,0,0
2023-06-29T13:32:10.702522Z,2023,6,29,65.695700,22.378500,-10.0,0,12.3,1,sea,0,0,1,0,0,0
2023-06-29T13:32:54.534822Z,2023,6,29,65.650100,21.886400,-15.0,0,6.7,1,inland_water,0,0,0,0,0,0
2023-06-29T13:33:44.440475Z,2023,6,29,65.670200,22.231900,9.0,0,24.0,1,mainland,1,1,1,0,0,0
2023-06-29T13:34:04.715321Z,2023,6,29,65.673200,22.046600,-17.0,0,4.6,1,mainland,0,0,0,0,0,0
2023-06-29T13:34:04.786477Z,2023,6,29,65.675400,22.055200,-5.0,0,3.1,1,mainland,0,0,0,0,0,0
2023-06-29T13:34:04.952601Z,2023,6,29,65.673800,22.041000,-15.0,0,4.8,1,mainland,0,0,0,0,0,0
2023-06-29T13:34:21.464539Z,2023,6,29,65.668500,22.165500,6.0,0,5.0,1,mainland,0,0,0,0,0,0
2023-06-29T13:34:48.650889Z,2023,6,29,65.660500,22.199200,5.0,0,1.7,1,mainland,0,0,0,0,0,0
2023-06-29T13:35:13.409603Z,2023,6,29,65.708800,22.243300,8.0,0,24.8,1,mainland,0,0,1,0,0,0
2023-06-29T13:35:27.618257Z,2023,6,29,65.660300,22.136200,7.0,0,15.6,1,mainland,0,0,0,0,0,0
2023-06-29T13:35:50.188030Z,2023,6,29,65.672800,22.215100,-8.0,0,9.3,1,mainland,0,0,1,0,0,0
2023-06-29T13:35:50.188034Z,2023,6,29,65.630800,22.445400,5.0,0,14.2,1,sea,0,0,1,0,0,0
2023-06-29T13:36:34.063959Z,2023,6,29,65.685500,22.082800,7.0,0,4.9,1,mainland,0,0,0,0,0,0
2023-06-29T13:36:59.687000Z,2023,6,29,65.683400,22.075400,10.0,0,9.1,1,mainland,0,0,0,0,0,0
2023-06-29T13:36:59.688760Z,2023,6,29,65.683400,22.087900,5.0,0,30.4,1,mainland,0,0,0,0,0,0
2023-06-29T13:36:59.703793Z,2023,6,29,65.683400,22.099600,6.0,0,7.6,1,mainland,0,0,0,0,0,0
2023-06-29T13:36:59.710335Z,2023,6,29,65.676600,22.109300,8.0,0,3.1,1,mainland,0,0,0,0,0,0
2023-06-29T13:37:04.843620Z,2023,6,29,65.627800,22.288700,5.0,0,2.9,1,sea,1,1,1,0,0,0
2023-06-29T13:37:15.074166Z,2023,6,29,65.695100,22.084500,14.0,0,8.6,1,mainland,0,0,0,0,0,0
2023-06-29T13:37:21.314927Z,2023,6,29,65.681800,22.103900,5.0,0,13.9,1,mainland,0,0,0,0,0,0
2023-06-29T13:37:42.988481Z,2023,6,29,65.685000,22.063700,6.0,0,6.8,1,mainland,0,0,0,0,0,0
2023-06-29T13:37:54.484783Z,2023,6,29,65.684800,22.083500,11.0,0,11.2,1,mainland,0,0,0,0,0,0
2023-06-29T13:38:10.197770Z,2023,6,29,65.687500,22.061500,7.0,0,2.0,1,mainland,0,0,0,0,0,0
2023-06-29T13:38:10.209972Z,2023,6,29,65.693800,22.156100,-12.0,0,17.3,1,mainland,0,0,0,0,0,0
2023-06-29T13:38:10.237317Z,2023,6,29,65.573200,22.323800,7.0,0,23.4,1,mainland,0,0,0,0,0,0
2023-06-29T13:38:54.105140Z,2023,6,29,65.699400,22.103200,11.0,0,7.9,1,mainland,0,0,0,0,0,0
2023-06-29T13:38:54.105148Z,2023,6,29,65.674900,22.134400,16.0,0,10.7,1,mainland,0,0,0,0,0,0
2023-06-29T13:38:54.105655Z,2023,6,29,65.696000,22.146800,-10.0,0,12.9,1,mainland,0,0,0,0,0,0
2023-06-29T13:38:54.117068Z,2023,6,29,65.691600,22.097900,13.0,0,24.9,1,mainland,0,0,0,0,0,0
2023-06-29T13:38:54.120096Z,2023,6,29,65.680600,22.012600,13.0,0,16.8,1,mainland,0,0,0,0,0,0
2023-06-29T13:38:54.131607Z,2023,6,29,65.677600,22.124100,5.0,0,15.0,1,mainland,0,0,0,0,0,0
2023-06-29T13:39:16.067883Z,2023,6,29,65.727400,22.049700,22.0,0,25.2,1,mainland,0,0,0,0,0,0
2023-06-29T13:39:16.079821Z,2023,6,29,65.661600,22.140200,6.0,0,8.6,1,mainland,0,0,0,0,0,0
2023-06-29T13:39:35.380442Z,2023,6,29,65.685300,22.069200,35.0,0,16.7,1,mainland,0,0,0,0,0,0
2023-06-29T13:39:35.380444Z,2023,6,29,65.686300,22.082300,43.0,0,18.5,1,mainland,0,0,0,0,0,0
2023-06-29T13:39:52.046211Z,2023,6,29,65.649800,22.071700,10.0,0,18.2,1,mainland,0,0,0,0,0,0
2023-06-29T13:39:52.046212Z,2023,6,29,65.707200,22.110000,7.0,0,17.0,1,mainland,0,0,0,0,0,0
2023-06-29T13:39:52.049573Z,2023,6,29,65.699100,22.133400,-6.0,0,14.8,1,mainland,0,0,0,0,0,0
2023-06-29T13:39:52.078639Z,2023,6,29,65.660800,22.052100,7.0,0,30.4,1,mainland,0,0,0,0,0,0
2023-06-29T13:40:08.175927Z,2023,6,29,65.655700,22.111300,6.0,0,2.1,1,mainland,0,0,0,0,0,0
2023-06-29T13:40:08.192686Z,2023,6,29,65.661700,22.117300,6.0,0,6.2,1,mainland,0,0,0,0,0,0
2023-06-29T13:40:08.204364Z,2023,6,29,65.687200,22.118700,6.0,0,3.1,1,mainland,0,0,0,0,0,0
2023-06-29T13:40:22.974473Z,2023,6,29,65.681800,22.078800,9.0,0,13.8,1,mainland,0,0,0,0,0,0
2023-06-29T13:40:22.975889Z,2023,6,29,65.667000,22.123700,6.0,0,2.7,1,mainland,0,0,0,0,0,0
2023-06-29T13:40:41.622049Z,2023,6,29,65.666400,22.118100,-9.0,0,10.0,1,mainland,0,0,0,0,0,0
2023-06-29T13:41:06.317735Z,2023,6,29,65.636000,22.102200,6.0,0,4.5,1,mainland,0,0,0,0,0,0
2023-06-29T13:41:06.321667Z,2023,6,29,65.666100,22.105400,5.0,0,18.6,1,mainland,0,0,0,0,0,0
2023-06-29T13:43:40.683092Z,2023,6,29,65.661800,22.090300,5.0,0,8.1,1,mainland,0,0,0,0,0,0
2023-06-29T13:43:40.684824Z,2023,6,29,65.660500,22.079300,6.0,0,23.8,1,mainland,0,0,0,0,0,0
2023-06-29T13:43:40.685953Z,2023,6,29,65.653100,22.115700,-11.0,0,17.0,1,mainland,0,0,0,0,0,0
2023-06-29T13:43:40.687721Z,2023,6,29,65.663200,22.092500,6.0,0,1.9,1,mainland,0,0,0,0,0,0
2023-06-29T13:44:20.059481Z,2023,6,29,65.680000,22.135100,10.0,0,9.8,1,mainland,0,0,0,0,0,0
2023-06-29T13:44:20.059486Z,2023,6,29,65.677600,22.145000,18.0,0,16.9,1,mainland,0,0,0,0,0,0
2023-06-29T13:44:20.059494Z,2023,6,29,65.712700,22.173600,12.0,0,14.3,1,mainland,0,0,0,0,0,0
2023-06-29T13:44:20.060064Z,2023,6,29,65.682800,22.117100,6.0,0,0.0,1,mainland,0,0,0,0,0,0
2023-06-29T13:44:20.090034Z,2023,6,29,65.672700,22.003500,8.0,0,11.7,1,mainland,0,0,0,0,0,0
2023-06-29T13:45:05.839469Z,2023,6,29,65.669100,22.125100,7.0,0,7.0,1,mainland,0,0,0,0,0,0
2023-06-29T13:46:38.485469Z,2023,6,29,65.674100,22.105900,-5.0,0,14.4,1,mainland,0,0,0,0,0,0
2023-06-29T13:47:22.209061Z,2023,6,29,65.612000,22.216600,5.0,0,4.8,1,mainland,0,0,1,0,0,0
2023-06-29T13:48:21.613766Z,2023,6,29,65.663800,22.035600,7.0,0,6.3,1,mainland,0,0,0,0,0,0
2023-06-29T13:49:32.911753Z,2023,6,29,65.624100,22.096500,5.0,0,18.8,1,mainland,0,0,0,0,0,0
2023-06-29T13:49:32.912412Z,2023,6,29,65.662600,22.049100,9.0,0,5.8,1,mainland,0,0,0,0,0,0
2023-06-29T13:49:32.918710Z,2023,6,29,65.662200,22.048000,7.0,0,15.3,1,mainland,0,0,0,0,0,0
2023-06-29T13:50:06.775965Z,2023,6,29,65.649500,22.101500,5.0,0,4.1,1,mainland,0,0,0,0,0,0
2023-06-29T13:51:14.829128Z,2023,6,29,65.662300,22.068400,7.0,0,4.3,1,mainland,0,0,0,0,0,0
2023-06-29T13:51:40.920157Z,2023,6,29,65.667700,22.051400,7.0,0,7.7,1,mainland,0,0,0,0,0,0
2023-06-29T13:51:41.454755Z,2023,6,29,65.671800,21.979400,-20.0,0,16.2,1,mainland,0,0,0,0,0,0
2023-06-29T13:51:41.525121Z,2023,6,29,65.670200,21.969300,-10.0,0,4.3,1,mainland,0,0,0,0,0,0
2023-06-29T13:51:53.288599Z,2023,6,29,65.615200,21.798700,-9.0,0,4.3,1,mainland,0,0,0,0,0,0
2023-06-29T13:51:59.259675Z,2023,6,29,65.600900,22.217900,5.0,0,1.7,1,mainland,0,0,0,0,0,0
2023-06-29T13:52:41.206364Z,2023,6,29,65.665300,22.059700,-10.0,0,10.0,1,mainland,0,0,0,0,0,0
2023-06-29T13:52:41.207180Z,2023,6,29,65.666300,22.031900,24.0,0,14.8,1,mainland,0,0,0,0,0,0
2023-06-29T13:52:41.207180Z,2023,6,29,65.666800,22.035600,16.0,0,9.7,1,mainland,0,0,0,0,0,0
2023-06-29T13:52:41.217549Z,2023,6,29,65.680900,22.549200,9.0,0,22.3,1,sea,1,1,1,0,0,0
2023-06-29T13:52:41.217555Z,2023,6,29,65.674200,22.118000,-16.0,0,20.3,1,mainland,0,0,0,0,0,0
2023-06-29T13:54:36.154769Z,2023,6,29,65.613100,22.182400,9.0,0,9.3,1,mainland,0,0,1,0,0,0
2023-06-29T13:54:36.155654Z,2023,6,29,65.612900,22.185000,7.0,0,5.1,1,mainland,0,0,1,0,0,0
2023-06-29T13:55:56.752898Z,2023,6,29,65.599000,22.223900,6.0,0,4.8,1,mainland,0,0,0,0,0,0
2023-06-29T13:55:56.753575Z,2023,6,29,65.597000,22.227000,6.0,0,30.4,1,mainland,0,0,0,0,0,0
2023-06-29T13:55:56.786867Z,2023,6,29,65.595800,22.182300,7.0,0,4.9,1,mainland,0,1,1,0,0,0
2023-06-29T13:57:19.689925Z,2023,6,29,65.596400,22.148000,6.0,0,3.7,1,mainland,1,1,1,0,0,0
2023-06-29T13:57:19.692199Z,2023,6,29,65.581900,22.156600,9.0,0,3.5,1,mainland,1,1,1,0,0,0
2023-06-29T13:57:19.692933Z,2023,6,29,65.599200,22.103800,15.0,0,30.4,1,sea,0,1,1,0,0,0
2023-06-29T13:57:19.692985Z,2023,6,29,65.744800,22.044600,12.0,0,24.8,1,mainland,0,0,0,0,0,0
2023-06-29T13:59:11.442338Z,2023,6,29,65.555000,21.876200,-7.0,0,8.4,1,mainland,0,0,0,0,0,0
2023-06-29T13:59:11.442764Z,2023,6,29,65.568800,21.883200,6.0,0,11.6,1,mainland,0,0,0,0,0,0
2023-06-29T13:59:11.442767Z,2023,6,29,65.580700,21.951400,8.0,0,12.6,1,mainland,0,0,0,0,0,0
2023-06-29T13:59:11.443443Z,2023,6,29,65.571000,21.898100,7.0,0,7.3,1,mainland,0,0,0,0,0,0
2023-06-29T13:59:11.526793Z,2023,6,29,65.616400,21.828600,-7.0,0,5.6,1,inland_water,0,0,0,0,0,0
2023-06-29T14:00:04.776542Z,2023,6,29,65.580900,22.134400,-10.0,0,14.1,1,mainland,1,1,1,0,0,0
2023-06-29T14:03:01.580989Z,2023,6,29,65.591700,22.143800,6.0,0,4.0,1,sea,1,1,1,0,0,0
2023-06-29T14:03:01.583238Z,2023,6,29,65.593700,22.150700,5.0,0,18.5,1,mainland,1,1,1,0,0,0
2023-06-29T14:03:01.584611Z,2023,6,29,65.260100,22.927200,6.0,0,11.7,1,sea,0,0,0,0,0,0
2023-06-29T14:03:01.586544Z,2023,6,29,65.594300,22.158300,6.0,0,11.2,1,mainland,0,1,1,0,0,0
2023-06-29T14:16:07.857520Z,2023,6,29,65.620100,21.811800,8.0,0,5.8,1,mainland,0,0,0,0,0,0
2023-06-29T14:30:13.385280Z,2023,6,29,65.623800,21.525900,7.0,0,8.5,1,mainland,0,0,0,0,0,0
2023-06-29T14:30:13.530249Z,2023,6,29,65.600700,21.528600,-21.0,0,10.8,1,mainland,0,0,0,0,0,0
2023-06-29T14:31:28.574434Z,2023,6,29,65.664800,21.493100,9.0,0,11.6,1,mainland,0,0,0,0,1,1
2023-06-29T14:33:24.582901Z,2023,6,29,65.633000,21.514000,8.0,0,6.2,1,mainland,0,0,0,0,0,0
2023-06-29T14:34:07.054071Z,2023,6,29,65.630600,21.423600,-38.0,0,12.5,1,mainland,0,0,0,0,0,0
2023-06-29T14:34:07.084626Z,2023,6,29,65.619000,21.464700,-7.0,0,5.8,1,mainland,0,0,0,0,0,0
2023-06-29T14:34:07.096640Z,2023,6,29,65.649000,21.506000,-7.0,0,7.2,1,mainland,0,0,0,0,0,0
2023-06-29T14:34:07.098876Z,2023,6,29,65.620500,21.445200,-23.0,0,11.3,1,mainland,0,0,0,0,0,0
2023-06-29T14:36:01.659870Z,2023,6,29,65.618600,21.479700,6.0,0,9.3,1,inland_water,0,0,0,0,0,0
2023-06-29T14:36:01.663943Z,2023,6,29,65.604000,21.542900,5.0,0,16.8,1,mainland,0,0,0,0,0,0
2023-06-29T14:36:01.675236Z,2023,6,29,65.621200,21.497300,7.0,0,4.9,1,mainland,0,0,0,0,0,0
2023-06-29T14:36:02.210586Z,2023,6,29,65.648200,21.718400,-5.0,0,5.1,1,mainland,0,0,0,0,0,0
2023-06-29T14:36:51.976012Z,2023,6,29,65.604400,21.508600,6.0,0,2.4,1,inland_water,0,0,0,0,0,0
2023-06-29T14:38:15.075201Z,2023,6,29,65.602200,21.606500,6.0,0,6.7,1,mainland,0,0,0,0,0,0
2023-06-29T14:38:15.078866Z,2023,6,29,65.626600,21.486600,5.0,0,5.1,1,mainland,0,0,0,0,0,0
2023-06-29T14:42:17.360358Z,2023,6,29,65.598700,21.514400,7.0,0,3.6,1,mainland,0,0,0,0,0,0
2023-06-29T14:43:01.787366Z,2023,6,29,65.608500,21.500700,13.0,0,18.4,1,inland_water,0,0,0,0,0,0
2023-06-29T14:44:21.078313Z,2023,6,29,65.589500,21.559100,9.0,0,18.5,1,mainland,0,0,0,0,0,0
2023-06-29T14:45:29.744237Z,2023,6,29,65.615500,21.522300,10.0,0,14.7,1,mainland,0,0,0,0,0,0
2023-06-29T14:45:29.744240Z,2023,6,29,65.598700,21.508100,12.0,0,10.1,1,mainland,0,0,0,0,0,0
2023-06-29T14:45:50.338712Z,2023,6,29,65.595300,21.532000,9.0,0,15.6,1,mainland,0,0,0,0,0,0
2023-06-29T14:46:28.174856Z,2023,6,29,65.618300,21.509200,-10.0,0,9.3,1,mainland,0,0,0,0,0,0
2023-06-29T14:46:28.174875Z,2023,6,29,65.571300,21.802300,7.0,0,16.7,1,mainland,0,0,0,0,0,0
2023-06-29T14:46:28.178186Z,2023,6,29,65.609900,21.482300,11.0,0,17.7,1,mainland,0,0,0,0,0,0
2023-06-29T14:46:28.179321Z,2023,6,29,65.609600,21.482300,8.0,0,11.1,1,mainland,0,0,0,0,0,0
2023-06-29T14:46:28.181901Z,2023,6,29,65.614700,21.622400,7.0,0,3.8,1,mainland,0,0,0,0,0,0
2023-06-29T14:46:54.426193Z,2023,6,29,65.591900,21.513600,9.0,0,2.3,1,mainland,0,0,0,0,0,1
2023-06-29T14:46:54.440042Z,2023,6,29,65.596000,21.512900,7.0,0,21.0,1,inland_water,0,0,0,0,0,0
2023-06-29T14:47:34.605391Z,2023,6,29,65.588900,21.535400,12.0,0,27.7,1,mainland,0,0,0,0,0,0
2023-06-29T14:47:34.605399Z,2023,6,29,65.607300,21.494800,12.0,0,29.7,1,mainland,0,0,0,0,0,0
2023-06-29T14:48:21.179423Z,2023,6,29,65.589400,21.527100,7.0,0,2.6,1,mainland,0,0,0,0,0,0
2023-06-29T14:48:21.182231Z,2023,6,29,65.589800,21.508600,8.0,0,17.0,1,mainland,0,0,0,0,0,1
2023-06-29T14:48:21.182270Z,2023,6,29,65.592300,21.536000,-17.0,0,17.8,1,mainland,0,0,0,0,0,0
2023-06-29T14:49:15.329297Z,2023,6,29,65.587600,21.552500,10.0,0,8.0,1,mainland,0,0,0,0,0,0
2023-06-29T14:54:24.552230Z,2023,6,29,65.590600,21.500200,-6.0,0,5.8,1,mainland,0,0,0,0,1,1
2023-06-29T14:56:55.807882Z,2023,6,29,65.589000,21.536400,6.0,0,23.4,1,mainland,0,0,0,0,0,0
2023-06-29T15:00:42.772400Z,2023,6,29,65.618900,21.414000,-17.0,0,8.8,1,mainland,0,0,0,0,1,1
2023-06-29T15:05:32.771141Z,2023,6,29,65.588600,21.520800,-53.0,0,18.6,1,inland_water,0,0,0,0,0,1
2023-06-29T15:05:32.797633Z,2023,6,29,65.589200,21.523700,-10.0,0,7.4,1,inland_water,0,0,0,0,0,0
2023-06-29T15:05:32.817694Z,2023,6,29,65.591100,21.607900,-6.0,0,6.2,1,mainland,0,0,0,0,0,0
2023-06-29T15:05:32.842906Z,2023,6,29,65.567200,21.565600,-6.0,0,6.8,1,mainland,0,0,0,0,0,1
2023-06-29T15:05:32.886107Z,2023,6,29,65.587900,21.525300,-15.0,0,9.1,1,mainland,0,0,0,0,0,1
2023-06-29T15:05:32.939061Z,2023,6,29,65.587900,21.523900,-9.0,0,7.4,1,mainland,0,0,0,0,0,1
2023-06-29T15:05:33.065305Z,2023,6,29,65.567300,21.568000,-7.0,0,6.1,1,mainland,0,0,0,0,0,1
2023-06-29T15:06:26.330191Z,2023,6,29,65.427800,22.616000,8.0,0,0.0,1,sea,0,0,0,0,0,0
2023-06-29T16:34:47.769265Z,2023,6,29,66.223800,22.086200,6.0,0,10.6,1,mainland,0,0,0,0,0,0
2023-06-29T16:36:09.286053Z,2023,6,29,66.230400,22.047400,6.0,0,6.4,1,mainland,0,0,0,0,0,1
2023-06-29T16:36:09.286585Z,2023,6,29,66.207900,22.087000,5.0,0,19.3,1,mainland,0,0,0,0,0,0
2023-06-29T16:37:11.305649Z,2023,6,29,66.222300,22.035700,10.0,0,12.5,1,mainland,0,0,0,0,1,1
2023-06-29T16:46:50.532820Z,2023,6,29,66.219400,22.051800,8.0,0,10.3,1,inland_water,0,0,0,0,0,1
2023-06-29T16:52:56.629975Z,2023,6,29,66.232000,22.120900,5.0,0,15.9,1,mainland,0,0,0,0,0,0
2023-06-29T16:53:37.606285Z,2023,6,29,66.229700,22.110500,-8.0,0,16.7,1,mainland,0,0,0,0,0,0
2023-06-29T16:57:27.225250Z,2023,6,29,66.168200,22.234300,7.0,0,6.9,1,mainland,0,0,0,0,0,0
2023-06-29T16:58:54.519877Z,2023,6,29,66.128500,22.201000,27.0,0,30.4,1,mainland,0,0,0,0,0,0
2023-06-29T16:59:37.649846Z,2023,6,29,66.239900,22.031100,-10.0,0,7.9,1,mainland,0,0,0,1,1,1
2023-06-29T17:00:48.769507Z,2023,6,29,66.159600,22.287500,6.0,0,9.1,1,mainland,0,0,0,0,0,1
2023-06-29T17:00:48.787530Z,2023,6,29,66.157400,22.286600,6.0,0,1.3,1,mainland,0,0,0,0,0,1
2023-06-29T17:01:14.258560Z,2023,6,29,66.197900,22.087500,-11.0,0,4.5,1,mainland,0,0,0,0,0,0
2023-06-29T17:02:47.944983Z,2023,6,29,66.146300,22.319300,5.0,0,20.5,1,mainland,0,0,0,1,1,1
2023-06-29T17:02:55.693600Z,2023,6,29,66.227700,22.096000,-4.0,0,6.4,1,mainland,0,0,0,0,0,0
2023-06-29T17:02:55.734441Z,2023,6,29,66.219900,22.060800,-6.0,0,8.1,1,inland_water,0,0,0,0,0,0
2023-06-29T17:04:22.162502Z,2023,6,29,66.205100,22.100700,6.0,0,1.5,1,mainland,0,0,0,0,0,0
2023-06-29T17:04:22.162506Z,2023,6,29,66.206900,22.033300,-11.0,0,8.2,1,mainland,0,0,0,1,1,1
2023-06-29T17:05:19.000028Z,2023,6,29,66.145800,22.253400,7.0,0,3.5,1,mainland,0,0,0,0,0,0
2023-06-29T17:05:57.876026Z,2023,6,29,66.199400,22.115700,11.0,0,27.4,1,mainland,0,0,0,0,0,0
2023-06-29T17:06:12.449959Z,2023,6,29,66.161700,22.247600,-6.0,0,6.7,1,mainland,0,0,0,0,0,0
2023-06-29T17:07:20.920953Z,2023,6,29,66.143700,22.327800,-6.0,0,10.5,1,mainland,0,0,0,1,1,1
2023-06-29T17:08:01.988485Z,2023,6,29,66.165400,22.164100,6.0,0,8.5,1,mainland,0,0,0,0,0,0
2023-06-29T17:08:20.673427Z,2023,6,29,66.184500,22.161400,-7.0,0,4.9,1,inland_water,0,0,0,0,0,0
2023-06-29T17:08:20.761828Z,2023,6,29,66.181100,22.141700,-7.0,0,4.1,1,mainland,0,0,0,0,0,0
2023-06-29T17:08:20.899226Z,2023,6,29,66.182400,22.147300,-8.0,0,5.2,1,mainland,0,0,0,0,0,0
2023-06-29T17:08:34.036280Z,2023,6,29,66.151900,22.287300,6.0,0,6.3,1,mainland,0,0,0,0,0,0
2023-06-29T17:08:58.507251Z,2023,6,29,66.170400,22.102600,8.0,0,4.6,1,mainland,0,0,0,0,0,0
2023-06-29T17:08:58.507902Z,2023,6,29,66.171400,22.098400,8.0,0,8.2,1,mainland,0,0,0,0,0,0
2023-06-29T17:10:49.884382Z,2023,6,29,66.200600,22.183700,6.0,0,1.2,1,mainland,0,0,0,0,0,0
2023-06-29T17:12:36.781631Z,2023,6,29,66.167200,22.096900,-7.0,0,13.6,1,mainland,0,0,0,0,0,0
2023-06-29T17:12:36.966496Z,2023,6,29,66.173700,22.190000,-6.0,0,5.6,1,mainland,0,0,0,0,0,0
2023-06-29T17:12:50.269155Z,2023,6,29,66.164500,22.153500,19.0,0,16.3,1,mainland,0,0,0,0,0,0
2023-06-29T17:14:27.712641Z,2023,6,29,66.213300,22.114900,-6.0,0,5.4,1,mainland,0,0,0,0,0,0
2023-06-29T17:14:27.713382Z,2023,6,29,66.216400,22.056300,-7.0,0,2.1,1,mainland,0,0,0,0,0,0
2023-06-29T17:14:27.863837Z,2023,6,29,66.220100,22.066700,8.0,0,15.4,1,mainland,0,0,0,0,0,0
2023-06-29T17:15:11.130858Z,2023,6,29,66.218000,22.037800,-5.0,0,5.4,1,mainland,0,0,0,0,1,1
2023-06-29T17:15:24.209313Z,2023,6,29,66.154800,22.241800,6.0,0,11.6,1,mainland,0,0,0,0,0,0
2023-06-29T17:16:16.810183Z,2023,6,29,66.145900,22.283900,7.0,0,6.1,1,inland_water,0,0,0,0,0,0
2023-06-29T17:16:23.230887Z,2023,6,29,66.112600,22.210500,-6.0,0,20.6,1,mainland,0,0,0,0,0,0
2023-06-29T17:16:23.248927Z,2023,6,29,66.163700,22.297000,7.0,0,6.6,1,mainland,0,0,0,1,1,1
2023-06-29T17:16:53.025200Z,2023,6,29,66.154600,22.310800,6.0,0,2.5,1,mainland,0,0,0,1,1,1
2023-06-29T17:17:43.205647Z,2023,6,29,66.238100,22.036200,4.0,0,22.3,1,mainland,0,0,0,0,1,1
2023-06-29T17:17:56.191511Z,2023,6,29,66.203300,22.174400,4.0,0,30.4,1,mainland,0,0,0,0,0,0
2023-06-29T17:18:08.409655Z,2023,6,29,66.140800,22.273200,6.0,0,11.0,1,inland_water,0,0,0,0,0,0
2023-06-29T17:18:14.264585Z,2023,6,29,66.148500,22.274200,5.0,0,1.7,1,inland_water,0,0,0,0,0,0
2023-06-29T17:19:14.169315Z,2023,6,29,66.117900,22.317700,7.0,0,4.3,1,inland_water,0,0,0,0,0,0
2023-06-29T17:19:56.498432Z,2023,6,29,66.150000,22.290200,6.0,0,8.3,1,inland_water,0,0,0,0,0,0
2023-06-29T17:20:17.909108Z,2023,6,29,66.198100,22.038800,6.0,0,6.4,1,mainland,0,0,0,1,1,1
2023-06-29T17:20:26.171495Z,2023,6,29,66.184600,22.189500,5.0,0,4.4,1,mainland,0,0,0,0,0,0
2023-06-29T17:20:41.617605Z,2023,6,29,66.236700,22.108100,-9.0,0,3.7,1,mainland,0,0,0,0,0,0
2023-06-29T17:20:45.353503Z,2023,6,29,66.145800,22.276000,4.0,0,11.3,1,inland_water,0,0,0,0,0,0
2023-06-29T17:20:48.180268Z,2023,6,29,66.199900,22.158800,-7.0,0,11.0,1,mainland,0,0,0,0,0,0
2023-06-29T17:20:52.955866Z,2023,6,29,66.145300,22.271700,9.0,0,12.4,1,inland_water,0,0,0,0,0,0
2023-06-29T17:20:56.348346Z,2023,6,29,66.185700,22.190300,7.0,0,4.5,1,mainland,0,0,0,0,0,0
2023-06-29T17:21:08.503334Z,2023,6,29,66.143600,22.285400,-10.0,0,9.5,1,inland_water,0,0,0,0,0,0
2023-06-29T17:21:08.503764Z,2023,6,29,66.141700,22.266100,6.0,0,2.3,1,inland_water,0,0,0,0,0,0
2023-06-29T17:21:20.934522Z,2023,6,29,66.151600,22.251800,6.0,0,8.9,1,inland_water,0,0,0,0,0,0
2023-06-29T17:21:43.625666Z,2023,6,29,66.143600,22.262600,9.0,0,10.8,1,inland_water,0,0,0,0,0,0
2023-06-29T17:21:54.731527Z,2023,6,29,66.163800,22.115000,-6.0,0,9.1,1,mainland,0,0,0,0,0,0
2023-06-29T17:22:21.850220Z,2023,6,29,66.131900,22.293800,6.0,0,6.0,1,inland_water,0,0,0,0,0,0
2023-06-29T17:22:30.718178Z,2023,6,29,66.206400,22.034600,14.0,0,10.1,1,mainland,0,0,0,1,1,1
2023-06-29T17:22:30.753760Z,2023,6,29,66.196900,22.045800,-13.0,0,6.9,1,mainland,0,0,0,1,1,1
2023-06-29T17:22:34.818010Z,2023,6,29,66.105800,22.298100,6.0,0,7.0,1,mainland,0,0,0,0,0,0
2023-06-29T17:23:00.048201Z,2023,6,29,66.142900,22.245400,5.0,0,1.8,1,mainland,0,0,0,0,0,0
2023-06-29T17:23:00.053007Z,2023,6,29,66.137900,22.237600,8.0,0,23.0,1,mainland,0,0,0,0,0,0
2023-06-29T17:23:00.053410Z,2023,6,29,66.137100,22.240000,6.0,0,10.7,1,mainland,0,0,0,0,0,0
2023-06-29T17:23:59.642272Z,2023,6,29,66.167600,22.231900,-9.0,0,4.8,1,mainland,0,0,0,0,0,0
2023-06-29T17:23:59.989209Z,2023,6,29,66.168500,22.224700,-7.0,0,5.4,1,mainland,0,0,0,0,0,0
2023-06-29T17:24:20.632360Z,2023,6,29,66.110100,22.294100,7.0,0,9.9,1,mainland,0,0,0,0,0,0
2023-06-29T17:25:22.384587Z,2023,6,29,66.178300,22.254000,7.0,0,13.0,1,mainland,0,0,0,0,0,0
2023-06-29T17:25:22.620126Z,2023,6,29,66.157800,22.043500,-9.0,0,13.4,1,mainland,0,0,0,0,0,0
2023-06-29T17:26:09.760167Z,2023,6,29,66.164900,22.237900,6.0,0,12.0,1,mainland,0,0,0,0,0,0
2023-06-29T17:26:10.283354Z,2023,6,29,66.183800,22.127400,-8.0,0,5.7,1,mainland,0,0,0,0,0,0
2023-06-29T17:26:21.498358Z,2023,6,29,66.166900,22.258000,6.0,0,5.1,1,mainland,0,0,0,0,0,0
2023-06-29T17:26:33.136991Z,2023,6,29,66.121900,22.056000,-11.0,0,7.5,1,mainland,0,0,0,0,0,0
2023-06-29T17:26:33.177631Z,2023,6,29,66.155800,22.007800,-12.0,0,5.8,1,mainland,0,0,0,1,1,1
2023-06-29T17:26:50.973115Z,2023,6,29,66.128700,22.345100,6.0,0,15.4,1,mainland,0,0,0,1,1,1
2023-06-29T17:26:53.724328Z,2023,6,29,66.199400,22.090500,-6.0,0,8.3,1,mainland,0,0,0,0,0,0
2023-06-29T17:27:08.228967Z,2023,6,29,66.167000,22.238900,6.0,0,2.9,1,mainland,0,0,0,0,0,0
2023-06-29T17:27:08.264522Z,2023,6,29,66.173800,22.262200,8.0,0,6.2,1,mainland,0,0,0,0,0,0
2023-06-29T17:27:08.403618Z,2023,6,29,66.103900,22.246100,5.0,0,2.0,1,mainland,0,0,0,0,0,0
2023-06-29T17:27:36.776141Z,2023,6,29,66.149900,22.113000,7.0,0,17.3,1,inland_water,0,0,0,0,0,0
2023-06-29T17:27:57.585129Z,2023,6,29,66.138700,22.334500,7.0,0,3.8,1,mainland,0,0,0,1,1,1
2023-06-29T17:28:20.071544Z,2023,6,29,66.169200,22.231000,7.0,0,6.2,1,mainland,0,0,0,0,0,0
2023-06-29T17:28:35.664452Z,2023,6,29,66.101000,22.145900,-6.0,0,3.3,1,mainland,0,0,0,0,0,0
2023-06-29T17:29:45.036932Z,2023,6,29,66.164600,22.235100,8.0,0,4.6,1,mainland,0,0,0,0,0,0
2023-06-29T17:29:45.038114Z,2023,6,29,66.162600,22.235500,5.0,0,2.6,1,mainland,0,0,0,0,0,0
2023-06-29T17:30:08.043628Z,2023,6,29,66.143400,22.273700,-9.0,0,11.2,1,inland_water,0,0,0,0,0,0
2023-06-29T17:30:17.393349Z,2023,6,29,66.162800,22.204200,6.0,0,11.7,1,mainland,0,0,0,0,0,0
2023-06-29T17:30:24.848175Z,2023,6,29,66.135800,22.256000,5.0,0,4.1,1,inland_water,0,0,0,0,0,0
2023-06-29T17:31:35.703048Z,2023,6,29,66.160600,22.266600,-9.0,0,5.5,1,mainland,0,0,0,0,0,0
2023-06-29T17:31:40.150097Z,2023,6,29,66.140600,22.246600,8.0,0,10.5,1,mainland,0,0,0,0,0,0
2023-06-29T17:31:40.150748Z,2023,6,29,66.134700,22.195200,10.0,0,29.1,1,mainland,0,0,0,0,0,0
2023-06-29T17:32:10.680307Z,2023,6,29,66.155800,22.019300,-18.0,0,12.3,1,mainland,0,0,0,1,1,1
2023-06-29T17:32:10.712376Z,2023,6,29,66.151500,22.070000,-11.0,0,25.0,1,mainland,0,0,0,0,0,0
2023-06-29T17:32:10.730657Z,2023,6,29,66.172600,22.069000,-7.0,0,1.7,1,mainland,0,0,0,0,0,0
2023-06-29T17:32:10.779524Z,2023,6,29,66.160700,22.022700,-12.0,0,7.5,1,mainland,0,0,0,1,1,1
2023-06-29T17:32:41.007985Z,2023,6,29,66.149400,22.241500,7.0,0,15.1,1,mainland,0,0,0,0,0,0
2023-06-29T17:32:41.008655Z,2023,6,29,66.150100,22.241300,7.0,0,13.1,1,mainland,0,0,0,0,0,0
2023-06-29T17:32:41.009466Z,2023,6,29,66.146000,22.236400,11.0,0,27.7,1,mainland,0,0,0,0,0,0
2023-06-29T17:32:41.010168Z,2023,6,29,66.137900,22.224200,4.0,0,16.2,1,mainland,0,0,0,0,0,0
2023-06-29T17:33:08.710130Z,2023,6,29,66.154200,22.058900,-15.0,0,6.7,1,mainland,0,0,0,0,0,0
2023-06-29T17:33:08.728790Z,2023,6,29,66.160200,22.057400,-7.0,0,6.1,1,mainland,0,0,0,0,0,0
2023-06-29T17:33:08.742465Z,2023,6,29,66.157400,22.052300,-9.0,0,7.8,1,mainland,0,0,0,0,0,0
2023-06-29T17:33:08.759883Z,2023,6,29,66.155700,22.059700,-8.0,0,8.3,1,mainland,0,0,0,0,0,0
2023-06-29T17:33:08.784912Z,2023,6,29,66.153600,22.058400,-5.0,0,5.2,1,mainland,0,0,0,0,0,0
2023-06-29T17:33:08.874804Z,2023,6,29,66.154300,22.058600,-13.0,0,8.6,1,mainland,0,0,0,0,0,0
2023-06-29T17:33:08.967395Z,2023,6,29,66.154600,22.057500,-14.0,0,7.0,1,mainland,0,0,0,0,0,0
2023-06-29T17:33:09.229598Z,2023,6,29,66.153700,22.058700,-11.0,0,6.7,1,mainland,0,0,0,0,0,0
2023-06-29T17:33:58.289282Z,2023,6,29,66.147900,22.205500,-31.0,0,10.5,1,mainland,0,0,0,0,0,0
2023-06-29T17:33:58.307087Z,2023,6,29,66.150100,22.182300,-8.0,0,6.0,1,mainland,0,0,0,0,0,0
2023-06-29T17:34:44.758071Z,2023,6,29,66.153300,22.221100,-12.0,0,5.1,1,mainland,0,0,0,0,0,0
2023-06-29T17:34:45.159462Z,2023,6,29,66.152200,22.211600,-12.0,0,5.6,1,mainland,0,0,0,0,0,0
2023-06-29T17:34:53.462270Z,2023,6,29,65.959500,22.129600,-7.0,0,14.3,1,mainland,0,0,0,0,0,0
2023-06-29T17:35:15.411896Z,2023,6,29,66.155000,22.205500,-8.0,0,4.9,1,mainland,0,0,0,0,0,0
2023-06-29T17:35:15.465946Z,2023,6,29,66.153400,22.221800,-7.0,0,4.1,1,mainland,0,0,0,0,0,0
2023-06-29T17:35:15.522192Z,2023,6,29,66.133500,22.285600,-5.0,0,6.0,1,mainland,0,0,0,0,0,0
2023-06-29T17:35:38.242996Z,2023,6,29,66.110800,22.047900,-5.0,0,6.2,1,mainland,0,0,0,1,1,1
2023-06-29T17:36:34.220422Z,2023,6,29,66.124900,22.283400,-7.0,0,5.8,1,inland_water,0,0,0,0,0,0
2023-06-29T17:36:34.299389Z,2023,6,29,66.126100,22.308000,-7.0,0,4.9,1,inland_water,0,0,0,0,0,0
2023-06-29T17:36:34.469218Z,2023,6,29,66.084700,22.332800,9.0,0,24.1,1,mainland,0,0,0,0,0,0
2023-06-29T17:37:03.414092Z,2023,6,29,66.125300,22.338000,35.0,0,30.4,1,mainland,0,0,0,0,0,1
2023-06-29T17:37:09.561564Z,2023,6,29,66.137700,22.269100,-10.0,0,7.0,1,inland_water,0,0,0,0,0,0
2023-06-29T17:37:09.621734Z,2023,6,29,66.138700,22.280400,-5.0,0,4.8,1,inland_water,0,0,0,0,0,0
2023-06-29T17:37:09.713416Z,2023,6,29,66.139100,22.266300,-6.0,0,6.0,1,inland_water,0,0,0,0,0,0
2023-06-29T17:37:10.136508Z,2023,6,29,66.135900,22.266100,-9.0,0,6.1,1,inland_water,0,0,0,0,0,0
2023-06-29T17:37:11.980432Z,2023,6,29,66.069900,22.407800,-8.0,0,16.0,1,mainland,0,0,0,0,1,1
2023-06-29T17:37:26.898192Z,2023,6,29,66.141600,22.243800,8.0,0,15.3,1,mainland,0,0,0,0,0,0
2023-06-29T17:37:26.898856Z,2023,6,29,66.111900,22.288800,6.0,0,22.4,1,mainland,0,0,0,0,0,0
2023-06-29T17:37:52.066064Z,2023,6,29,66.131500,22.229700,8.0,0,15.3,1,mainland,0,0,0,0,0,0
2023-06-29T17:38:20.229734Z,2023,6,29,66.125800,22.296200,-8.0,0,4.6,1,inland_water,0,0,0,0,0,0
2023-06-29T17:38:20.628348Z,2023,6,29,66.133400,22.332100,-8.0,0,5.4,1,mainland,0,0,0,0,1,1
2023-06-29T17:38:48.894684Z,2023,6,29,66.119900,22.314400,-6.0,0,6.2,1,inland_water,0,0,0,0,0,0
2023-06-29T17:38:49.325025Z,2023,6,29,66.153900,22.111600,-5.0,0,3.7,1,mainland,0,0,0,0,0,0
2023-06-29T17:38:49.330222Z,2023,6,29,66.159000,22.133100,-7.0,0,11.4,1,mainland,0,0,0,0,0,0
2023-06-29T17:39:08.980478Z,2023,6,29,66.118500,22.330700,5.0,0,9.7,1,inland_water,0,0,0,0,0,0
2023-06-29T17:39:35.195048Z,2023,6,29,66.128700,22.240800,-4.0,0,6.0,1,inland_water,0,0,0,0,0,0
2023-06-29T17:39:35.446989Z,2023,6,29,66.118900,22.022100,8.0,0,6.2,1,mainland,0,0,0,1,1,1
2023-06-29T17:39:35.447811Z,2023,6,29,66.124800,22.035500,5.0,0,14.2,1,mainland,0,0,0,0,0,1
2023-06-29T17:42:13.462474Z,2023,6,29,66.122800,22.207500,-22.0,0,10.5,1,mainland,0,0,0,0,0,0
2023-06-29T17:42:13.490372Z,2023,6,29,66.118100,22.201300,-10.0,0,5.2,1,mainland,0,0,0,0,0,0
2023-06-29T17:42:13.506827Z,2023,6,29,66.117700,22.194100,-7.0,0,5.8,1,mainland,0,0,0,0,0,0
2023-06-29T17:42:13.526302Z,2023,6,29,66.120100,22.200200,-11.0,0,5.8,1,mainland,0,0,0,0,0,0
2023-06-29T17:42:13.580023Z,2023,6,29,66.124700,22.135600,-10.0,0,8.6,1,mainland,0,0,0,0,0,0
2023-06-29T17:43:11.674450Z,2023,6,29,66.165800,22.246600,9.0,0,4.3,1,mainland,0,0,0,0,0,0
2023-06-29T17:48:35.018422Z,2023,6,29,65.992300,22.245400,-4.0,0,13.9,1,mainland,0,0,0,0,0,0
2023-06-29T17:49:35.285007Z,2023,6,29,66.076000,22.329600,-17.0,0,26.8,1,mainland,0,0,0,0,0,0
2023-06-29T17:49:35.303544Z,2023,6,29,66.101400,22.267000,-7.0,0,3.8,1,mainland,0,0,0,0,0,0
2023-06-29T17:50:32.995653Z,2023,6,29,66.118000,22.031000,7.0,0,18.1,1,mainland,0,0,0,0,1,1
2023-06-29T17:50:33.631911Z,2023,6,29,66.010400,22.124700,6.0,0,16.9,1,mainland,0,0,0,0,0,0
2023-06-29T17:52:36.444933Z,2023,6,29,66.125900,22.067300,-8.0,0,4.6,1,mainland,0,0,0,0,0,0
2023-06-29T17:57:33.789230Z,2023,6,29,66.082800,22.260100,5.0,0,8.3,1,mainland,0,0,0,0,0,0
2023-06-29T17:57:33.789253Z,2023,6,29,66.084800,22.243800,-9.0,0,15.9,1,mainland,0,0,0,0,0,0
2023-06-29T18:00:51.931719Z,2023,6,29,66.003800,22.394100,-8.0,0,4.1,1,mainland,0,0,0,0,0,0
2023-06-29T18:03:18.605058Z,2023,6,29,65.952000,22.380800,5.0,0,11.1,1,mainland,0,0,0,0,0,0
2023-06-29T18:03:18.912903Z,2023,6,29,66.128300,22.129300,-28.0,0,9.7,1,mainland,0,0,0,0,0,0
2023-06-29T18:11:56.116026Z,2023,6,29,65.930100,22.437600,-5.0,0,2.5,1,inland_water,0,0,0,0,0,0
2023-06-29T18:21:30.168116Z,2023,6,29,65.992100,22.471600,-8.0,0,8.2,1,mainland,0,0,0,0,0,1
2023-06-29T18:21:30.221899Z,2023,6,29,65.992900,22.467900,-7.0,0,3.7,1,mainland,0,0,0,0,0,1
2023-06-29T18:25:54.716125Z,2023,6,29,65.996500,22.476300,9.0,0,8.8,1,mainland,0,0,0,0,1,1
2023-06-29T18:31:20.638580Z,2023,6,29,65.719200,21.858400,-7.0,0,6.7,1,mainland,0,0,0,0,0,0
2023-06-29T18:33:11.308293Z,2023,6,29,65.968800,22.494200,13.0,0,27.7,1,mainland,0,0,0,0,0,0
2023-06-29T18:33:11.407626Z,2023,6,29,65.977700,22.450300,6.0,0,7.5,1,mainland,0,0,0,0,0,0
2023-06-29T18:33:11.679555Z,2023,6,29,65.901100,22.359600,-7.0,0,3.9,1,mainland,0,0,0,0,0,0
2023-06-29T18:38:08.010982Z,2023,6,29,65.908500,22.349300,10.0,0,4.4,1,mainland,0,0,0,0,0,0
2023-06-29T18:40:42.555605Z,2023,6,29,65.895100,22.408500,15.0,0,7.7,1,inland_water,0,0,0,0,0,0
2023-06-29T18:55:15.219161Z,2023,6,29,65.487100,22.947000,10.0,0,8.7,1,sea,0,0,0,0,0,0
2023-06-29T18:58:53.069807Z,2023,6,29,65.907300,22.134600,6.0,0,4.3,1,mainland,0,0,0,0,0,0
2023-06-29T18:58:53.069851Z,2023,6,29,65.906400,22.152200,-11.0,0,27.1,1,mainland,0,0,0,0,0,0
2023-06-29T18:58:53.078738Z,2023,6,29,65.907100,22.140200,-6.0,0,6.1,1,mainland,0,0,0,0,0,0
2023-06-29T18:58:53.314963Z,2023,6,29,65.937100,22.073800,-6.0,0,4.3,1,mainland,0,0,0,0,0,0
2023-06-29T18:58:53.642042Z,2023,6,29,65.923700,22.189600,8.0,0,7.0,1,mainland,0,0,0,0,0,0
2023-06-29T19:02:35.000226Z,2023,6,29,65.886900,22.209000,7.0,0,8.2,1,inland_water,0,0,0,0,0,0
2023-06-29T19:02:35.000514Z,2023,6,29,65.905000,22.169800,7.0,0,0.0,1,mainland,0,0,0,0,0,0
2023-06-29T19:02:35.001152Z,2023,6,29,65.893100,22.215500,6.0,0,8.1,1,mainland,0,0,0,0,0,0
2023-06-29T19:02:35.088177Z,2023,6,29,65.821500,22.132400,-13.0,0,5.6,1,mainland,0,0,0,0,0,0
2023-06-29T19:16:43.089595Z,2023,6,29,65.879400,22.110600,11.0,0,8.1,1,inland_water,0,0,0,0,0,0
2023-06-29T19:16:43.089808Z,2023,6,29,65.879200,22.104300,8.0,0,9.4,1,mainland,0,0,0,0,0,0
2023-06-29T19:47:23.190650Z,2023,6,29,65.941700,22.038900,5.0,0,10.8,1,mainland,0,0,0,0,0,0
2023-06-30T02:25:33.138593Z,2023,6,30,65.689400,22.630000,6.0,0,4.6,1,sea,1,1,1,0,0,0
2023-06-30T03:11:18.830795Z,2023,6,30,65.664900,22.649300,7.0,0,3.7,1,sea,0,1,1,0,0,0
2023-06-30T10:18:10.400675Z,2023,6,30,65.391500,22.996000,-8.0,0,12.6,1,sea,0,0,0,0,0,0
2023-06-30T10:55:50.040999Z,2023,6,30,65.769300,22.353800,-15.0,0,26.1,1,sea,0,0,1,0,0,0
2023-06-30T10:58:50.053575Z,2023,6,30,65.688500,22.796300,55.0,0,28.8,1,sea,0,1,1,0,0,0
2023-06-30T11:21:56.433065Z,2023,6,30,65.714500,22.686300,6.0,0,5.2,1,sea,0,0,1,0,0,0
2023-06-30T11:21:56.433592Z,2023,6,30,65.706400,22.658900,5.0,0,6.6,1,sea,0,0,0,0,0,0
2023-06-30T11:25:46.691005Z,2023,6,30,65.709700,22.697200,7.0,0,3.2,1,islands,1,1,1,0,0,1
2023-06-30T11:25:46.771890Z,2023,6,30,65.632700,22.835000,-4.0,0,2.7,1,sea,0,1,1,0,0,0
2023-06-30T11:25:46.775803Z,2023,6,30,65.708300,22.658500,6.0,0,3.3,1,sea,0,0,0,0,0,0
2023-06-30T11:26:51.059360Z,2023,6,30,65.716100,22.649600,8.0,0,11.7,1,sea,0,0,0,0,0,0
2023-06-30T11:26:51.060141Z,2023,6,30,65.716600,22.646600,11.0,0,20.1,1,sea,0,0,0,0,0,0
2023-06-30T11:27:35.781374Z,2023,6,30,65.707700,22.662000,5.0,0,2.0,1,sea,0,0,0,0,0,0
2023-06-30T11:27:35.781838Z,2023,6,30,65.711900,22.643600,7.0,0,10.5,1,sea,0,0,0,0,0,0
2023-06-30T11:27:35.782233Z,2023,6,30,65.708400,22.650700,11.0,0,9.5,1,sea,0,0,0,0,0,0
2023-06-30T11:28:10.746721Z,2023,6,30,65.704900,22.623500,7.0,0,10.0,1,sea,0,0,0,0,0,0
2023-06-30T11:28:10.747380Z,2023,6,30,65.704800,22.608700,12.0,0,21.9,1,sea,0,0,0,0,0,0
2023-06-30T11:28:11.518891Z,2023,6,30,65.643600,22.846600,-38.0,0,6.7,1,sea,0,0,0,0,0,0
2023-06-30T11:28:11.536037Z,2023,6,30,65.646000,22.846800,-8.0,0,3.2,1,sea,0,0,0,0,0,1
2023-06-30T11:30:08.668407Z,2023,6,30,65.680000,22.647700,4.0,0,23.1,1,sea,0,1,1,0,0,0
2023-06-30T11:32:18.694459Z,2023,6,30,65.676500,22.474500,10.0,0,22.2,1,sea,1,1,1,0,0,0
2023-06-30T11:32:18.694504Z,2023,6,30,65.679200,22.672000,-11.0,0,14.8,1,sea,0,1,1,0,0,0
2023-06-30T11:32:18.696238Z,2023,6,30,65.677200,22.610100,5.0,0,5.5,1,sea,1,1,1,0,0,0
2023-06-30T11:33:10.113066Z,2023,6,30,65.477600,22.352800,5.0,0,21.6,1,sea,0,0,0,0,0,0
2023-06-30T11:33:30.035730Z,2023,6,30,65.679700,22.631100,6.0,0,3.1,1,islands,0,1,1,0,0,0
2023-06-30T11:34:20.251293Z,2023,6,30,65.676100,22.633300,5.0,0,1.5,1,islands,0,1,1,0,0,0
2023-06-30T11:34:20.252320Z,2023,6,30,65.679200,22.635000,9.0,0,5.8,1,islands,1,1,1,0,0,0
2023-06-30T11:34:20.252604Z,2023,6,30,65.678600,22.629300,11.0,0,10.1,1,islands,0,1,1,0,0,0
2023-06-30T11:34:20.254263Z,2023,6,30,65.678800,22.620400,7.0,0,5.9,1,islands,0,1,1,0,0,0
2023-06-30T11:34:20.261530Z,2023,6,30,65.663100,22.613000,11.0,0,11.0,1,islands,0,1,1,0,0,0
2023-06-30T11:34:20.261536Z,2023,6,30,65.679100,22.637700,11.0,0,15.7,1,islands,1,1,1,0,0,0
2023-06-30T11:34:20.267943Z,2023,6,30,65.684800,22.631100,6.0,0,8.0,1,sea,1,1,1,0,0,0
2023-06-30T11:34:20.269268Z,2023,6,30,65.679900,22.649200,7.0,0,2.4,1,sea,0,1,1,0,0,0
2023-06-30T11:34:20.272835Z,2023,6,30,65.679100,22.655500,6.0,0,3.2,1,sea,1,1,1,0,0,0
2023-06-30T11:34:21.050325Z,2023,6,30,65.629600,22.803600,-28.0,0,9.5,1,sea,1,1,1,0,0,0
2023-06-30T11:35:08.727729Z,2023,6,30,65.671000,22.619800,13.0,0,15.3,1,sea,1,1,1,0,0,0
2023-06-30T11:35:08.727737Z,2023,6,30,65.700600,22.620500,15.0,0,16.1,1,sea,0,0,0,0,0,0
2023-06-30T11:35:08.729105Z,2023,6,30,65.672000,22.653800,6.0,0,12.2,1,sea,0,0,1,0,0,0
2023-06-30T11:35:08.745856Z,2023,6,30,65.658300,22.652700,6.0,0,29.7,1,sea,0,0,1,0,0,0
2023-06-30T11:35:08.745877Z,2023,6,30,65.673100,22.628000,-8.0,0,7.0,1,islands,0,1,1,0,0,0
2023-06-30T11:35:53.971949Z,2023,6,30,65.667100,22.624500,12.0,0,5.8,1,islands,1,1,1,0,0,0
2023-06-30T11:35:53.973081Z,2023,6,30,65.665700,22.633600,5.0,0,5.5,1,islands,1,1,1,0,0,0
2023-06-30T11:35:54.008911Z,2023,6,30,65.670900,22.639600,5.0,0,5.7,1,islands,1,1,1,0,0,0
2023-06-30T11:36:57.550265Z,2023,6,30,65.674700,22.626000,7.0,0,30.2,1,islands,0,1,1,0,0,0
2023-06-30T11:36:57.551806Z,2023,6,30,65.729100,22.609300,12.0,0,30.4,1,sea,0,1,1,0,0,0
2023-06-30T11:36:57.551816Z,2023,6,30,65.711900,22.596000,11.0,0,18.6,1,sea,0,1,1,0,0,0
2023-06-30T11:36:57.602804Z,2023,6,30,65.669100,22.568400,6.0,0,9.1,1,sea,0,0,0,0,0,0
2023-06-30T11:38:00.729449Z,2023,6,30,65.655800,22.586800,5.0,0,3.9,1,sea,0,0,1,0,0,0
2023-06-30T11:38:00.730882Z,2023,6,30,65.680800,22.537700,4.0,0,11.2,1,sea,0,1,1,0,0,0
2023-06-30T11:38:00.736454Z,2023,6,30,65.679200,22.547700,12.0,0,11.3,1,sea,1,1,1,0,0,0
2023-06-30T11:38:00.737616Z,2023,6,30,65.678500,22.542500,6.0,0,30.4,1,sea,0,1,1,0,0,0
2023-06-30T11:38:32.528193Z,2023,6,30,65.640000,22.663200,6.0,0,6.2,1,sea,0,1,1,0,0,0
2023-06-30T11:39:01.549551Z,2023,6,30,65.642200,22.713200,5.0,0,14.7,1,sea,0,0,1,0,0,0
2023-06-30T11:39:52.505801Z,2023,6,30,65.682700,22.513300,7.0,0,6.6,1,sea,0,0,0,0,0,0
2023-06-30T11:39:52.512208Z,2023,6,30,65.639600,22.755800,7.0,0,19.6,1,sea,0,0,1,0,0,0
2023-06-30T11:40:23.271952Z,2023,6,30,65.681800,22.524600,5.0,0,2.9,1,sea,0,0,0,0,0,0
2023-06-30T11:40:23.273392Z,2023,6,30,65.685800,22.511700,16.0,0,27.9,1,sea,0,0,0,0,0,0
2023-06-30T11:40:23.283180Z,2023,6,30,65.663200,22.542900,6.0,0,6.4,1,sea,0,0,1,0,0,0
2023-06-30T11:40:52.849725Z,2023,6,30,65.653600,22.527700,7.0,0,14.2,1,sea,0,1,1,0,0,0
2023-06-30T11:40:52.856983Z,2023,6,30,65.685600,22.509400,7.0,0,8.7,1,sea,0,0,0,0,0,0
2023-06-30T11:40:52.861895Z,2023,6,30,65.640100,22.560600,7.0,0,20.1,1,sea,0,0,0,0,0,0
2023-06-30T11:40:52.869435Z,2023,6,30,65.648500,22.556400,6.0,0,3.7,1,sea,0,0,0,0,0,0
2023-06-30T11:41:12.573611Z,2023,6,30,65.672500,22.533700,5.0,0,8.9,1,sea,0,0,0,0,0,0
2023-06-30T11:41:40.785091Z,2023,6,30,65.761600,22.579700,6.0,0,25.0,1,sea,0,0,0,0,0,0
2023-06-30T11:42:03.383807Z,2023,6,30,65.682900,22.499400,6.0,0,5.2,1,sea,0,0,0,0,0,0
2023-06-30T11:42:24.112152Z,2023,6,30,65.678600,22.516900,6.0,0,3.7,1,sea,0,0,1,0,0,0
2023-06-30T11:42:24.115460Z,2023,6,30,65.677500,22.514200,6.0,0,6.7,1,sea,0,0,1,0,0,0
2023-06-30T11:42:24.122511Z,2023,6,30,65.681000,22.520900,-10.0,0,14.9,1,sea,0,0,0,0,0,0
2023-06-30T11:42:48.033617Z,2023,6,30,65.677000,22.511000,10.0,0,4.3,1,sea,0,0,1,0,0,0
2023-06-30T11:42:48.034752Z,2023,6,30,65.668900,22.524100,5.0,0,1.8,1,sea,0,0,1,0,0,0
2023-06-30T11:42:48.035556Z,2023,6,30,65.677500,22.486800,5.0,0,10.1,1,sea,0,0,1,0,0,0
2023-06-30T11:42:48.042354Z,2023,6,30,65.650100,22.562400,9.0,0,30.4,1,sea,0,0,0,0,0,0
2023-06-30T11:42:48.042375Z,2023,6,30,65.678600,22.573300,-17.0,0,10.6,1,sea,0,0,0,0,0,0
2023-06-30T11:43:10.161118Z,2023,6,30,65.668600,22.494400,7.0,0,14.1,1,sea,1,1,1,0,0,0
2023-06-30T11:43:10.173549Z,2023,6,30,65.679500,22.508900,-20.0,0,16.3,1,sea,0,0,1,0,0,0
2023-06-30T11:43:10.176612Z,2023,6,30,65.679300,22.494800,8.0,0,12.8,1,sea,0,0,1,0,0,0
2023-06-30T11:43:10.183254Z,2023,6,30,65.668700,22.545000,8.0,0,6.2,1,sea,0,0,0,0,0,0
2023-06-30T11:43:30.704184Z,2023,6,30,65.678000,22.503500,7.0,0,3.1,1,sea,0,0,1,0,0,0
2023-06-30T11:43:30.704826Z,2023,6,30,65.677400,22.477200,5.0,0,14.5,1,sea,0,1,1,0,0,0
2023-06-30T11:43:30.711482Z,2023,6,30,65.685600,22.449000,11.0,0,16.5,1,sea,1,1,1,0,0,0
2023-06-30T11:43:30.711508Z,2023,6,30,65.656400,22.580200,-26.0,0,13.2,1,sea,0,0,1,0,0,0
2023-06-30T11:43:30.721557Z,2023,6,30,65.676400,22.474300,19.0,0,18.4,1,sea,1,1,1,0,0,0
2023-06-30T11:43:30.730144Z,2023,6,30,65.677800,22.498600,7.0,0,5.2,1,sea,0,0,1,0,0,0
2023-06-30T11:43:30.854000Z,2023,6,30,65.656400,22.538200,8.0,0,2.9,1,sea,1,1,1,0,0,0
2023-06-30T11:43:47.975151Z,2023,6,30,65.674500,22.504700,14.0,0,16.7,1,sea,1,1,1,0,0,0
2023-06-30T11:44:05.847002Z,2023,6,30,65.450600,22.875900,5.0,0,3.3,1,sea,0,0,0,0,0,0
2023-06-30T11:44:05.851229Z,2023,6,30,65.680900,22.521800,6.0,0,17.3,1,sea,0,0,0,0,0,0
2023-06-30T11:44:05.852136Z,2023,6,30,65.681400,22.485800,10.0,0,20.5,1,sea,0,0,1,0,0,0
2023-06-30T11:44:05.860612Z,2023,6,30,65.680600,22.500200,8.0,0,30.4,1,sea,0,0,1,0,0,0
2023-06-30T11:44:05.861407Z,2023,6,30,65.662700,22.520500,5.0,0,5.5,1,sea,0,0,1,0,0,0
2023-06-30T11:44:21.253606Z,2023,6,30,65.685500,22.482400,11.0,0,13.5,1,sea,0,0,1,0,0,0
2023-06-30T11:44:21.254211Z,2023,6,30,65.685100,22.475300,8.0,0,19.2,1,sea,0,1,1,0,0,0
2023-06-30T11:44:21.261284Z,2023,6,30,65.680100,22.482900,9.0,0,7.4,1,sea,0,0,1,0,0,0
2023-06-30T11:44:21.268200Z,2023,6,30,65.691600,22.474100,5.0,0,18.7,1,sea,0,0,1,0,0,0
2023-06-30T11:44:21.284721Z,2023,6,30,65.672300,22.493700,5.0,0,16.2,1,sea,0,1,1,0,0,0
2023-06-30T11:44:34.784824Z,2023,6,30,65.683000,22.474200,6.0,0,15.0,1,sea,0,1,1,0,0,0
2023-06-30T11:45:00.434472Z,2023,6,30,65.686300,22.509500,11.0,0,16.1,1,sea,0,0,0,0,0,0
2023-06-30T11:45:00.444539Z,2023,6,30,65.680200,22.530600,9.0,0,5.4,1,sea,0,0,1,0,0,0
2023-06-30T11:45:18.600534Z,2023,6,30,65.671800,22.473500,6.0,0,12.6,1,islands,1,1,1,0,0,0
2023-06-30T11:45:18.602403Z,2023,6,30,65.672200,22.493800,10.0,0,11.2,1,sea,0,1,1,0,0,0
2023-06-30T11:45:18.602435Z,2023,6,30,65.674600,22.525600,-12.0,0,11.1,1,sea,0,0,1,0,0,0
2023-06-30T11:45:18.603123Z,2023,6,30,65.672000,22.496400,-5.0,0,8.8,1,sea,0,1,1,0,0,0
2023-06-30T11:45:18.625081Z,2023,6,30,65.664500,22.520600,7.0,0,4.6,1,sea,0,0,1,0,0,0
2023-06-30T11:45:49.443825Z,2023,6,30,65.655500,22.511800,7.0,0,2.7,1,sea,0,0,1,0,0,0
2023-06-30T11:46:08.359577Z,2023,6,30,65.688200,22.484600,10.0,0,13.2,1,sea,0,0,1,0,0,0
2023-06-30T11:46:08.360254Z,2023,6,30,65.680100,22.508000,7.0,0,8.9,1,sea,0,0,1,0,0,0
2023-06-30T11:46:08.360305Z,2023,6,30,65.684500,22.503100,-14.0,0,19.7,1,sea,0,0,0,0,0,0
2023-06-30T11:46:08.361017Z,2023,6,30,65.657600,22.699600,7.0,0,19.3,1,islands,1,1,1,0,0,0
2023-06-30T11:46:08.361595Z,2023,6,30,65.680000,22.494100,8.0,0,3.2,1,sea,0,0,1,0,0,0
2023-06-30T11:46:28.842936Z,2023,6,30,65.657500,22.519100,6.0,0,18.8,1,sea,0,0,1,0,0,0
2023-06-30T11:46:49.115455Z,2023,6,30,65.672700,22.490100,6.0,0,5.7,1,sea,1,1,1,0,0,0
2023-06-30T11:46:49.130194Z,2023,6,30,65.682500,22.472900,-5.0,0,8.0,1,sea,0,1,1,0,0,0
2023-06-30T11:46:49.161768Z,2023,6,30,65.671600,22.482800,9.0,0,5.8,1,sea,1,1,1,0,0,0
2023-06-30T11:47:35.408310Z,2023,6,30,65.649400,22.531500,5.0,0,2.9,1,sea,0,0,1,0,0,0
2023-06-30T11:48:34.839612Z,2023,6,30,65.617300,22.514500,11.0,0,9.3,1,sea,1,1,1,0,0,0
2023-06-30T11:48:34.839628Z,2023,6,30,65.666500,22.477900,14.0,0,12.8,1,sea,0,1,1,0,0,0
2023-06-30T11:48:34.849590Z,2023,6,30,65.641900,22.517800,6.0,0,8.3,1,sea,0,0,1,0,0,0
2023-06-30T11:49:47.877124Z,2023,6,30,65.678300,22.441000,7.0,0,5.8,1,sea,1,1,1,0,0,0
2023-06-30T11:49:47.879161Z,2023,6,30,65.676200,22.450900,6.0,0,13.7,1,sea,1,1,1,0,0,0
2023-06-30T11:49:47.883321Z,2023,6,30,65.707200,22.479900,5.0,0,16.0,1,sea,0,0,0,0,0,0
2023-06-30T11:49:47.893710Z,2023,6,30,65.682100,22.439600,6.0,0,7.9,1,sea,0,1,1,0,0,0
2023-06-30T11:49:48.026172Z,2023,6,30,65.641500,22.376600,-5.0,0,3.0,1,sea,0,0,1,0,0,0
2023-06-30T11:52:06.900295Z,2023,6,30,65.639800,22.467900,7.0,0,7.3,1,sea,1,1,1,0,0,0
2023-06-30T11:52:58.276350Z,2023,6,30,65.638600,22.437000,5.0,0,17.0,1,sea,0,1,1,0,0,0
2023-06-30T11:52:58.279666Z,2023,6,30,65.594500,22.542100,7.0,0,23.2,1,sea,0,0,1,0,0,0
2023-06-30T11:52:58.290961Z,2023,6,30,65.617200,22.485200,5.0,0,2.5,1,sea,0,0,1,0,0,0
2023-06-30T11:53:25.549114Z,2023,6,30,65.664800,22.401500,6.0,0,11.4,1,sea,1,1,1,0,0,0
2023-06-30T11:53:48.703769Z,2023,6,30,65.595900,22.590000,6.0,0,8.7,1,islands,0,1,1,0,0,0
2023-06-30T11:54:11.484163Z,2023,6,30,65.641300,22.416400,13.0,0,10.5,1,sea,1,1,1,0,0,0
2023-06-30T11:54:11.492996Z,2023,6,30,65.641600,22.436000,7.0,0,4.1,1,sea,1,1,1,0,0,0
2023-06-30T11:54:42.281529Z,2023,6,30,65.635600,22.468900,6.0,0,5.2,1,islands,1,1,1,0,0,0
2023-06-30T11:54:42.287333Z,2023,6,30,65.640500,22.429200,10.0,0,30.4,1,sea,1,1,1,0,0,0
2023-06-30T11:55:06.543987Z,2023,6,30,65.641800,22.410200,21.0,0,19.3,1,sea,1,1,1,0,0,0
2023-06-30T11:55:13.643332Z,2023,6,30,65.802500,22.398500,8.0,0,20.5,1,sea,0,1,1,0,0,0
2023-06-30T11:55:13.740115Z,2023,6,30,65.971200,22.146800,-12.0,0,20.4,1,inland_water,0,0,0,0,0,0
2023-06-30T11:55:53.762780Z,2023,6,30,65.635400,22.434300,6.0,0,8.3,1,sea,0,0,1,0,0,0
2023-06-30T11:55:53.764183Z,2023,6,30,65.642200,22.411600,6.0,0,4.3,1,sea,1,1,1,0,0,0
2023-06-30T11:56:25.996765Z,2023,6,30,65.639000,22.415400,8.0,0,4.4,1,sea,0,1,1,0,0,0
2023-06-30T11:56:26.113547Z,2023,6,30,65.655900,22.382700,-8.0,0,2.7,1,sea,0,0,1,0,0,0
2023-06-30T11:58:31.055770Z,2023,6,30,65.638800,22.383900,13.0,0,22.1,1,sea,0,0,1,0,0,0
2023-06-30T11:59:42.447795Z,2023,6,30,65.618300,22.398900,7.0,0,16.0,1,sea,0,0,1,0,0,0
2023-06-30T11:59:42.448396Z,2023,6,30,65.629200,22.372300,8.0,0,6.8,1,mainland,0,1,1,0,0,0
2023-06-30T12:00:14.194262Z,2023,6,30,65.624500,22.372300,10.0,0,5.1,1,inland_water,0,0,0,0,0,0
2023-06-30T12:00:57.822611Z,2023,6,30,65.855000,22.381600,-9.0,0,3.7,1,sea,0,0,1,0,0,0
2023-06-30T12:01:13.302288Z,2023,6,30,65.599000,22.408500,5.0,0,2.4,1,islands,1,1,1,0,0,0
2023-06-30T12:02:28.866152Z,2023,6,30,65.599100,22.396300,6.0,0,3.9,1,islands,1,1,1,0,0,0
2023-06-30T12:03:41.123408Z,2023,6,30,65.806100,22.308200,7.0,0,8.2,1,mainland,0,1,1,0,0,0
2023-06-30T12:03:41.125236Z,2023,6,30,65.805100,22.322400,9.0,0,13.2,1,sea,1,1,1,0,0,0
2023-06-30T12:04:53.872321Z,2023,6,30,65.619000,22.348400,6.0,0,2.4,1,sea,1,1,1,0,0,0
2023-06-30T12:05:12.299105Z,2023,6,30,65.783100,22.295500,7.0,0,16.1,1,mainland,0,1,1,0,0,0
2023-06-30T12:06:49.068356Z,2023,6,30,65.783200,22.306700,11.0,0,6.3,1,mainland,1,1,1,0,0,0
2023-06-30T12:06:49.068884Z,2023,6,30,65.784100,22.353700,-6.0,0,19.6,1,sea,1,1,1,0,0,0
2023-06-30T12:06:49.069994Z,2023,6,30,65.771800,22.333600,7.0,0,15.4,1,sea,0,0,1,0,0,0
2023-06-30T12:07:59.402880Z,2023,6,30,65.785600,22.333900,5.0,0,1.8,1,mainland,1,1,1,0,0,0
2023-06-30T12:26:46.040169Z,2023,6,30,65.793600,21.998800,8.0,0,6.5,1,mainland,0,0,0,0,0,0
2023-06-30T12:26:46.040191Z,2023,6,30,65.822400,22.178300,11.0,0,26.5,1,mainland,0,0,0,0,0,0
2023-06-30T12:27:40.828998Z,2023,6,30,65.824600,22.012000,7.0,0,2.0,1,mainland,0,0,0,1,1,1
2023-06-30T12:28:24.878793Z,2023,6,30,65.783100,21.992100,6.0,0,10.5,1,mainland,0,0,0,0,0,0
2023-06-30T12:29:23.781858Z,2023,6,30,65.793300,21.970700,5.0,0,2.4,1,mainland,0,0,0,0,0,0
2023-06-30T12:30:20.477946Z,2023,6,30,65.794800,21.917500,6.0,0,7.2,1,mainland,0,0,0,0,0,0
2023-06-30T12:31:32.943400Z,2023,6,30,65.779400,21.956100,8.0,0,7.7,1,mainland,0,0,0,0,0,0
2023-06-30T12:34:25.847208Z,2023,6,30,65.812400,22.324200,7.0,0,7.7,1,mainland,0,1,1,0,0,0
2023-06-30T12:44:25.094860Z,2023,6,30,65.454300,22.314400,8.0,0,16.9,1,sea,1,1,1,0,0,0
2023-06-30T12:52:35.082960Z,2023,6,30,65.640100,21.748500,12.0,0,14.6,1,mainland,0,0,0,0,0,0
2023-06-30T13:27:43.978048Z,2023,6,30,65.685600,21.547300,10.0,0,19.3,1,mainland,0,0,0,0,0,0
2023-06-30T14:18:08.982058Z,2023,6,30,66.152800,22.164100,7.0,0,16.0,1,mainland,0,0,0,0,0,0
2023-06-30T14:18:08.983323Z,2023,6,30,66.149700,22.162600,-12.0,0,13.9,1,mainland,0,0,0,0,0,0
2023-06-30T14:18:08.984166Z,2023,6,30,66.151600,22.155700,6.0,0,15.4,1,mainland,0,0,0,0,0,0
2023-06-30T14:31:57.914460Z,2023,6,30,65.422300,22.111300,-6.0,0,0.0,1,islands,1,1,1,0,0,0
2023-06-30T14:42:30.729795Z,2023,6,30,66.236800,22.199300,11.0,0,6.1,1,mainland,0,0,0,0,1,1
2023-06-30T14:42:30.730537Z,2023,6,30,66.235200,22.191000,5.0,0,15.3,1,mainland,0,0,0,0,0,1
2023-06-30T14:42:30.749849Z,2023,6,30,66.232500,22.147400,6.0,0,7.0,1,mainland,0,0,0,0,0,0
2023-06-30T14:50:41.342160Z,2023,6,30,66.207300,22.139000,10.0,0,6.4,1,mainland,0,0,0,0,0,0
2023-06-30T14:55:08.479815Z,2023,6,30,66.213600,22.051200,7.0,0,22.5,1,mainland,0,0,0,0,0,1
2023-06-30T16:44:11.414948Z,2023,6,30,66.273200,22.140500,5.0,0,25.4,1,mainland,0,0,0,0,0,1
2023-06-30T17:19:17.931446Z,2023,6,30,66.052000,22.427200,4.0,0,7.7,1,mainland,0,0,0,0,1,1
2023-06-30T17:21:19.553953Z,2023,6,30,66.028700,22.436300,6.0,0,16.2,1,mainland,0,0,0,0,0,1
2023-06-30T17:21:19.556530Z,2023,6,30,66.041100,22.420100,6.0,0,3.3,1,mainland,0,0,0,0,0,0
2023-06-30T17:23:24.626071Z,2023,6,30,66.046400,22.418400,5.0,0,16.3,1,mainland,0,0,0,0,0,0
2023-06-30T17:23:24.628509Z,2023,6,30,66.047700,22.306100,8.0,0,13.1,1,mainland,0,0,0,0,0,0
2023-06-30T17:24:49.398601Z,2023,6,30,66.050200,22.428600,5.0,0,22.3,1,mainland,0,0,0,0,1,1
2023-06-30T17:24:49.399027Z,2023,6,30,66.048300,22.425600,6.0,0,12.5,1,mainland,0,0,0,0,0,1
2023-06-30T17:24:49.411756Z,2023,6,30,66.051100,22.427000,13.0,0,24.7,1,mainland,0,0,0,0,1,1
2023-06-30T17:29:16.975985Z,2023,6,30,66.039000,22.352400,7.0,0,6.4,1,mainland,0,0,0,0,0,0
2023-06-30T17:30:13.699344Z,2023,6,30,66.034700,22.360200,10.0,0,12.9,1,mainland,0,0,0,0,0,0
2023-06-30T17:30:49.873610Z,2023,6,30,66.029700,22.335100,20.0,0,10.0,1,mainland,0,0,0,0,0,0
2023-06-30T17:30:49.873629Z,2023,6,30,66.032000,22.359400,18.0,0,9.9,1,mainland,0,0,0,0,0,0
2023-06-30T17:30:49.873951Z,2023,6,30,66.036500,22.312200,14.0,0,8.7,1,mainland,0,0,0,0,0,0
2023-06-30T17:30:49.873966Z,2023,6,30,66.033000,22.358500,10.0,0,0.0,1,mainland,0,0,0,0,0,0
2023-06-30T17:31:29.264278Z,2023,6,30,66.029300,22.325600,12.0,0,10.9,1,mainland,0,0,0,0,0,0
2023-06-30T17:31:29.264278Z,2023,6,30,66.030200,22.326600,16.0,0,13.8,1,mainland,0,0,0,0,0,0
2023-06-30T17:31:29.273834Z,2023,6,30,66.035000,22.330100,8.0,0,26.5,1,mainland,0,0,0,0,0,0
2023-06-30T17:31:29.277106Z,2023,6,30,66.035100,22.325000,7.0,0,8.8,1,mainland,0,0,0,0,0,0
2023-06-30T17:32:05.101004Z,2023,6,30,66.024100,22.353100,6.0,0,4.3,1,mainland,0,0,0,0,0,0
2023-06-30T17:32:45.931503Z,2023,6,30,66.031900,22.315600,9.0,0,7.5,1,mainland,0,0,0,0,0,0
2023-06-30T17:32:45.931891Z,2023,6,30,66.029300,22.308100,10.0,0,11.3,1,mainland,0,0,0,0,0,0
2023-06-30T17:32:45.957184Z,2023,6,30,66.033100,22.324400,6.0,0,5.2,1,mainland,0,0,0,0,0,0
2023-06-30T17:34:15.840293Z,2023,6,30,66.027700,22.297300,5.0,0,3.9,1,mainland,0,0,0,0,0,0
2023-06-30T17:35:12.390323Z,2023,6,30,66.023700,22.285000,4.0,0,3.3,1,mainland,0,0,0,0,0,0
2023-06-30T17:35:12.390722Z,2023,6,30,66.025200,22.299400,5.0,0,22.2,1,mainland,0,0,0,0,0,0
2023-06-30T17:35:12.393392Z,2023,6,30,66.014900,22.286600,6.0,0,2.0,1,mainland,0,0,0,0,0,0
2023-06-30T17:36:24.635802Z,2023,6,30,66.040600,22.239400,6.0,0,10.3,1,mainland,0,0,0,0,0,0
2023-06-30T17:36:43.675433Z,2023,6,30,66.028000,22.303300,-7.0,0,3.3,1,mainland,0,0,0,0,0,0
2023-06-30T17:36:43.730162Z,2023,6,30,66.050700,22.264300,-6.0,0,5.5,1,mainland,0,0,0,0,0,0
2023-06-30T17:38:36.951805Z,2023,6,30,66.050500,22.399700,-8.0,0,4.2,1,mainland,0,0,0,0,0,0
2023-06-30T17:38:59.712725Z,2023,6,30,66.024000,22.258800,10.0,0,4.3,1,mainland,0,0,0,0,0,0
2023-06-30T17:39:26.862920Z,2023,6,30,66.033400,22.274700,-11.0,0,10.3,1,mainland,0,0,0,0,0,0
2023-06-30T17:39:26.877679Z,2023,6,30,66.034300,22.246100,6.0,0,3.3,1,mainland,0,0,0,0,0,0
2023-06-30T17:40:31.115525Z,2023,6,30,66.034700,22.273200,6.0,0,5.8,1,mainland,0,0,0,0,0,0
2023-06-30T17:40:31.117868Z,2023,6,30,66.027300,22.244100,6.0,0,7.9,1,mainland,0,0,0,0,0,0
2023-06-30T17:40:46.956833Z,2023,6,30,66.020400,22.254200,-11.0,0,6.2,1,mainland,0,0,0,0,0,0
2023-06-30T17:42:01.923687Z,2023,6,30,66.018700,22.224400,-5.0,0,3.6,1,mainland,0,0,0,0,0,0
2023-06-30T17:42:01.989313Z,2023,6,30,66.017300,22.255200,-8.0,0,5.5,1,mainland,0,0,0,0,0,0
2023-06-30T17:42:01.989710Z,2023,6,30,66.035100,22.274100,-6.0,0,6.1,1,mainland,0,0,0,0,0,0
2023-06-30T17:42:58.172322Z,2023,6,30,66.032800,22.203800,6.0,0,5.8,1,mainland,0,0,0,0,0,0
2023-06-30T17:43:34.434542Z,2023,6,30,66.000300,22.311500,-7.0,0,4.3,1,mainland,0,0,0,0,0,0
2023-06-30T17:43:34.471169Z,2023,6,30,66.031600,22.253700,-13.0,0,6.2,1,mainland,0,0,0,0,0,0
2023-06-30T17:48:14.598957Z,2023,6,30,66.018300,22.174500,4.0,0,5.2,1,inland_water,0,0,0,0,0,0
2023-06-30T17:53:56.484083Z,2023,6,30,66.002400,22.146400,12.0,0,30.4,1,mainland,0,0,0,0,0,0
2023-06-30T17:57:36.766142Z,2023,6,30,65.983400,22.427000,7.0,0,3.2,1,mainland,0,0,0,0,0,0
2023-06-30T17:58:29.808277Z,2023,6,30,65.979600,22.410000,8.0,0,7.4,1,mainland,0,0,0,0,0,0
2023-06-30T18:00:21.956057Z,2023,6,30,65.987000,22.386100,6.0,0,6.3,1,mainland,0,0,0,0,0,0
2023-06-30T18:02:02.035319Z,2023,6,30,65.977500,22.358200,7.0,0,8.9,1,mainland,0,0,0,0,0,0
2023-06-30T18:02:39.500485Z,2023,6,30,65.995500,22.101300,5.0,0,4.1,1,mainland,0,0,0,0,0,0
2023-06-30T18:03:15.734830Z,2023,6,30,65.906800,22.108000,5.0,0,27.4,1,mainland,0,0,0,0,0,0
2023-06-30T18:04:41.714132Z,2023,6,30,65.660400,22.630500,6.0,0,6.3,1,islands,0,1,1,0,0,0
2023-06-30T18:04:41.715510Z,2023,6,30,65.977900,22.003700,7.0,0,21.7,1,mainland,0,0,0,0,0,0
2023-06-30T18:05:36.169399Z,2023,6,30,65.984300,22.082300,6.0,0,3.6,1,mainland,0,0,0,0,0,0
2023-06-30T18:05:55.959222Z,2023,6,30,65.968900,22.391900,5.0,0,0.0,1,mainland,0,0,0,0,0,0
2023-06-30T18:05:55.959283Z,2023,6,30,65.970900,22.393200,15.0,0,0.0,1,mainland,0,0,0,0,0,0
2023-06-30T18:05:55.959672Z,2023,6,30,65.958200,22.392300,21.0,0,9.5,1,mainland,0,0,0,0,0,0
2023-06-30T18:05:55.959694Z,2023,6,30,65.970600,22.390000,22.0,0,9.6,1,mainland,0,0,0,0,0,0
2023-06-30T18:06:29.585620Z,2023,6,30,65.995000,22.045900,10.0,0,3.9,1,mainland,0,0,0,0,0,0
2023-06-30T18:06:29.585620Z,2023,6,30,65.997900,22.044600,7.0,0,4.6,1,mainland,0,0,0,0,0,0
2023-06-30T18:06:29.586587Z,2023,6,30,65.995400,22.038900,6.0,0,6.4,1,mainland,0,0,0,0,0,0
2023-06-30T18:08:30.153036Z,2023,6,30,65.989400,22.086100,-8.0,0,6.7,1,mainland,0,0,0,0,0,0
2023-06-30T18:09:19.746488Z,2023,6,30,65.990400,22.098000,-11.0,0,9.3,1,mainland,0,0,0,0,0,0
2023-06-30T18:10:30.259629Z,2023,6,30,65.979200,22.036100,10.0,0,4.9,1,mainland,0,0,0,0,0,0
2023-07-05T06:17:35.461546Z,2023,7,5,65.371900,22.421300,-12.0,0,10.3,1,islands,0,1,1,0,0,0
2023-07-05T06:17:35.532986Z,2023,7,5,65.409900,22.350700,12.0,0,5.1,1,sea,0,0,0,0,0,0
2023-07-05T06:18:59.663244Z,2023,7,5,65.375100,22.425500,-6.0,0,3.8,1,islands,1,1,1,0,0,0
2023-07-05T06:25:13.539596Z,2023,7,5,65.563600,22.500400,6.0,0,3.0,1,sea,0,0,1,0,0,0
2023-07-05T06:25:13.539941Z,2023,7,5,65.622600,22.508900,7.0,0,2.4,1,sea,1,1,1,0,0,0
2023-07-05T06:25:13.540290Z,2023,7,5,65.588400,22.459200,7.0,0,6.8,1,sea,0,0,0,0,0,0
2023-07-05T06:29:21.677294Z,2023,7,5,65.584700,22.435300,19.0,0,13.2,1,sea,0,0,0,0,0,0
2023-07-05T06:29:21.677304Z,2023,7,5,65.583000,22.456000,14.0,0,0.0,1,sea,0,0,0,0,0,0
2023-07-05T06:29:21.677495Z,2023,7,5,65.582200,22.457500,8.0,0,0.0,1,sea,0,0,0,0,0,0
2023-07-05T06:29:21.677659Z,2023,7,5,65.581000,22.456500,6.0,0,0.0,1,sea,0,0,0,0,0,0
2023-07-05T06:29:21.678194Z,2023,7,5,65.584300,22.430100,16.0,0,8.6,1,sea,0,0,0,0,0,0
2023-07-05T06:29:21.679503Z,2023,7,5,65.583100,22.443000,9.0,0,5.5,1,sea,0,0,0,0,0,0
2023-07-05T09:15:25.288217Z,2023,7,5,65.895600,22.339300,5.0,0,11.2,1,mainland,0,0,0,0,0,0
2023-07-05T09:15:25.315907Z,2023,7,5,65.847500,22.390300,5.0,0,9.2,1,sea,1,1,1,0,0,0
2023-07-05T09:20:00.693816Z,2023,7,5,65.567800,22.651100,-11.0,0,5.6,1,sea,0,0,1,0,0,0
2023-07-05T09:20:00.695083Z,2023,7,5,65.891600,22.346400,-62.0,0,13.2,1,mainland,0,0,0,0,0,0
2023-07-05T09:20:00.695083Z,2023,7,5,65.892700,22.352300,-59.0,0,7.4,1,mainland,0,0,0,0,0,0
2023-07-05T09:20:00.709203Z,2023,7,5,65.881000,22.350800,-5.0,0,7.0,1,mainland,0,0,0,0,0,0
2023-07-05T09:20:00.715529Z,2023,7,5,65.892400,22.380800,-31.0,0,12.6,1,mainland,0,0,0,0,0,0
2023-07-05T09:20:00.716688Z,2023,7,5,65.884400,22.348600,-9.0,0,6.8,1,mainland,0,0,0,0,0,0
2023-07-05T09:23:46.209289Z,2023,7,5,65.885400,22.434400,-6.0,0,2.4,1,mainland,0,0,0,0,0,0
2023-07-05T09:32:07.344613Z,2023,7,5,65.878400,22.465200,17.0,0,8.1,1,mainland,0,0,0,0,0,0
2023-07-05T09:32:07.344750Z,2023,7,5,65.893100,22.465800,33.0,0,22.5,1,mainland,0,0,0,0,0,0
2023-07-05T09:32:07.344771Z,2023,7,5,65.880700,22.472500,21.0,0,12.5,1,mainland,0,0,0,0,0,0
2023-07-05T09:32:07.543972Z,2023,7,5,65.849400,22.396300,-16.0,0,8.2,1,sea,0,1,1,0,0,0
2023-07-05T09:35:56.314496Z,2023,7,5,65.982500,21.901200,-49.0,0,24.9,1,mainland,0,0,0,0,0,0
2023-07-05T09:35:56.314497Z,2023,7,5,65.978600,21.910000,-50.0,0,14.5,1,mainland,0,0,0,0,0,0
2023-07-05T09:35:56.328958Z,2023,7,5,65.979200,21.979100,6.0,0,17.5,1,mainland,0,0,0,0,0,0
2023-07-05T09:42:14.884281Z,2023,7,5,65.966500,21.874700,-115.0,0,21.9,1,mainland,0,0,0,0,1,1
2023-07-05T09:42:14.884283Z,2023,7,5,65.959500,21.874700,-107.0,0,20.5,1,mainland,0,0,0,0,1,1
2023-07-05T09:42:14.914668Z,2023,7,5,65.964400,21.904100,-7.0,0,5.8,1,mainland,0,0,0,0,0,0
2023-07-05T09:42:14.926329Z,2023,7,5,65.961200,21.902800,-9.0,0,6.2,1,mainland,0,0,0,0,0,1
2023-07-05T09:42:14.981455Z,2023,7,5,65.967000,21.886200,-6.0,0,8.3,1,mainland,0,0,0,0,0,1
2023-07-05T09:44:31.733150Z,2023,7,5,65.958800,21.877200,-59.0,0,9.9,1,mainland,0,0,0,0,1,1
2023-07-05T09:44:31.739188Z,2023,7,5,65.976800,21.879100,9.0,0,9.5,1,mainland,0,0,0,0,0,0
2023-07-05T09:44:31.754507Z,2023,7,5,65.965100,21.880300,-9.0,0,4.5,1,mainland,0,0,0,0,0,1
2023-07-05T09:50:01.680007Z,2023,7,5,65.570800,21.696800,-58.0,0,9.3,1,mainland,0,0,0,0,0,0
2023-07-05T09:50:01.697204Z,2023,7,5,65.565600,21.680000,-22.0,0,10.5,1,mainland,0,0,0,0,0,0
2023-07-05T09:50:01.725039Z,2023,7,5,65.582000,21.686300,-8.0,0,6.0,1,mainland,0,0,0,0,0,0
2023-07-05T09:50:01.726116Z,2023,7,5,65.575700,21.668200,-6.0,0,9.2,1,mainland,0,0,0,0,0,0
2023-07-05T09:50:01.790605Z,2023,7,5,65.559800,21.699800,-6.0,0,4.6,1,mainland,0,0,0,0,0,0
2023-07-05T09:52:13.828678Z,2023,7,5,65.251100,22.441900,-3.0,0,5.1,1,sea,0,0,0,0,0,0
2023-07-05T09:52:23.087976Z,2023,7,5,65.728000,22.092300,13.0,0,8.0,1,mainland,0,0,0,0,0,0
2023-07-05T09:52:23.087994Z,2023,7,5,65.728800,22.088200,13.0,0,0.0,1,mainland,0,0,0,0,0,0
2023-07-05T09:52:23.088401Z,2023,7,5,65.727900,22.091500,25.0,0,10.1,1,mainland,0,0,0,0,0,0
2023-07-05T09:52:23.088427Z,2023,7,5,65.724300,22.100300,33.0,0,18.0,1,mainland,0,0,0,0,0,0
2023-07-05T09:52:23.088997Z,2023,7,5,65.687700,22.139400,-18.0,0,6.1,1,mainland,0,0,0,0,0,0
2023-07-05T09:52:23.089643Z,2023,7,5,65.694900,22.090300,7.0,0,9.3,1,mainland,0,0,0,0,0,0
2023-07-05T09:54:43.140558Z,2023,7,5,65.559800,21.634100,-71.0,0,10.9,1,mainland,0,0,0,0,0,0
2023-07-05T09:54:43.140561Z,2023,7,5,65.565600,21.654000,-68.0,0,10.5,1,mainland,0,0,0,0,0,0
2023-07-05T09:54:43.140562Z,2023,7,5,65.562400,21.683800,-87.0,0,10.7,1,mainland,0,0,0,0,0,0
2023-07-05T09:54:43.151303Z,2023,7,5,65.552100,21.692800,-6.0,0,5.4,1,mainland,0,0,0,0,0,0
2023-07-05T09:54:43.160126Z,2023,7,5,65.541800,21.730100,-6.0,0,5.0,1,mainland,0,0,0,0,0,0
2023-07-05T09:54:43.161404Z,2023,7,5,65.547400,21.705100,-5.0,0,4.4,1,mainland,0,0,0,0,0,0
2023-07-05T09:56:26.890884Z,2023,7,5,65.978500,21.883200,13.0,0,15.7,1,mainland,0,0,0,0,0,0
2023-07-05T09:59:17.446489Z,2023,7,5,65.557100,21.673300,-10.0,0,0.0,1,mainland,0,0,0,0,0,0
2023-07-05T09:59:17.446721Z,2023,7,5,65.556200,21.675800,-8.0,0,0.0,1,mainland,0,0,0,0,0,0
2023-07-05T09:59:17.446768Z,2023,7,5,65.556400,21.671700,-10.0,0,8.8,1,mainland,0,0,0,0,0,0
2023-07-05T09:59:17.447533Z,2023,7,5,65.554900,21.661500,-82.0,0,15.4,1,mainland,0,0,0,0,0,0
2023-07-05T09:59:17.447534Z,2023,7,5,65.554400,21.662500,-88.0,0,17.4,1,mainland,0,0,0,0,0,0
2023-07-05T10:07:48.040149Z,2023,7,5,65.527600,21.696100,-6.0,0,5.6,1,mainland,0,0,0,0,0,0
2023-07-05T10:35:56.900263Z,2023,7,5,65.668000,21.401800,-83.0,0,27.9,1,mainland,0,0,0,0,0,0
2023-07-05T10:47:27.319582Z,2023,7,5,65.638300,21.706400,7.0,0,8.6,1,mainland,0,0,0,0,0,0
2023-07-05T10:49:17.010392Z,2023,7,5,65.311200,22.345100,7.0,0,4.9,1,sea,0,0,1,0,0,0
2023-07-05T11:06:38.347071Z,2023,7,5,65.648800,21.758200,-7.0,0,2.9,1,mainland,0,0,0,0,0,0
2023-07-05T11:06:38.348665Z,2023,7,5,65.643800,21.763000,-62.0,0,22.5,1,mainland,0,0,0,0,0,0
2023-07-05T11:06:38.348697Z,2023,7,5,65.613900,22.182700,-60.0,0,23.1,1,mainland,0,0,1,0,0,0
2023-07-05T11:06:38.368349Z,2023,7,5,65.644800,21.762200,-13.0,0,5.2,1,mainland,0,0,0,0,0,0
2023-07-05T11:06:38.383119Z,2023,7,5,65.650400,21.738300,-7.0,0,6.6,1,mainland,0,0,0,0,0,0
2023-07-05T11:34:26.124952Z,2023,7,5,65.622300,21.443100,-6.0,0,7.9,1,mainland,0,0,0,0,0,0
2023-07-05T11:36:18.444809Z,2023,7,5,65.882400,22.196800,-88.0,0,30.4,1,mainland,0,0,0,0,0,0
2023-07-07T17:20:17.956261Z,2023,7,7,65.655300,21.693600,-17.0,0,8.5,1,mainland,0,0,0,0,0,0
2023-07-07T17:29:28.581438Z,2023,7,7,65.634600,21.468800,-9.0,0,5.8,1,mainland,0,0,0,0,0,0
2023-07-07T17:33:36.751406Z,2023,7,7,65.659900,21.493300,7.0,0,6.8,1,mainland,0,0,0,0,0,1
2023-07-07T17:33:36.832590Z,2023,7,7,65.639000,21.460500,-7.0,0,5.2,1,mainland,0,0,0,0,0,0
2023-07-07T17:36:04.016062Z,2023,7,7,65.646800,21.495800,6.0,0,4.9,1,mainland,0,0,0,0,0,0
2023-07-07T17:36:04.017655Z,2023,7,7,65.638500,21.473500,7.0,0,9.3,1,mainland,0,0,0,0,0,0
2023-07-07T17:37:38.912444Z,2023,7,7,65.598100,21.558900,-9.0,0,9.1,1,mainland,0,0,0,0,0,0
2023-07-07T17:51:56.825190Z,2023,7,7,65.613900,21.440700,6.0,0,8.8,1,mainland,0,0,0,0,0,1
2023-07-17T16:11:54.948075Z,2023,7,17,65.962400,22.098500,6.0,0,6.0,1,mainland,0,0,0,0,0,0
2023-07-17T17:46:34.870178Z,2023,7,17,66.200100,22.046800,7.0,0,3.9,1,mainland,0,0,0,0,1,1
2023-07-17T17:52:39.752609Z,2023,7,17,66.096800,22.176500,-8.0,0,0.0,1,mainland,0,0,0,0,0,0
2023-07-17T17:52:39.809101Z,2023,7,17,66.274500,22.139500,5.0,0,14.5,1,mainland,0,0,0,0,0,1
2023-07-18T10:08:20.402552Z,2023,7,18,65.573600,22.121300,-6.0,0,0.0,1,sea,1,1,1,0,0,0
2023-07-18T10:08:20.402629Z,2023,7,18,65.574300,22.121800,-11.0,0,10.3,1,sea,1,1,1,0,0,0
2023-07-18T10:08:20.402656Z,2023,7,18,65.323200,22.607000,9.0,0,2.4,1,sea,0,0,0,0,0,0
2023-07-18T10:20:59.428419Z,2023,7,18,65.663900,22.208000,7.0,0,3.2,1,mainland,0,0,0,0,0,0
2023-07-18T10:22:51.914933Z,2023,7,18,65.648700,22.363900,-5.0,0,6.1,1,sea,0,0,1,0,0,0
2023-07-18T10:26:06.434813Z,2023,7,18,65.685100,22.054900,9.0,0,9.2,1,mainland,0,0,0,0,0,0
2023-07-18T10:26:06.485160Z,2023,7,18,65.692600,22.008100,13.0,0,19.4,1,mainland,0,0,0,0,0,0
2023-07-18T10:26:06.485163Z,2023,7,18,65.698700,21.992400,7.0,0,6.1,1,mainland,0,0,0,0,0,0
2023-07-18T10:28:39.590067Z,2023,7,18,65.691300,22.047100,6.0,0,5.6,1,mainland,0,0,0,0,0,0
2023-07-18T10:28:39.590951Z,2023,7,18,65.690700,22.042100,4.0,0,18.0,1,mainland,0,0,0,0,0,0
2023-07-18T10:28:39.711622Z,2023,7,18,65.675000,21.887700,8.0,0,11.3,1,mainland,0,0,0,0,0,0
2023-07-18T10:28:39.712058Z,2023,7,18,65.468800,21.915400,-6.0,0,4.4,1,mainland,0,0,0,0,0,0
2023-07-18T10:37:17.641826Z,2023,7,18,65.666500,22.044200,-18.0,0,6.2,1,mainland,0,0,0,0,0,0
2023-07-18T10:37:17.662441Z,2023,7,18,65.667900,22.045600,-8.0,0,1.5,1,mainland,0,0,0,0,0,0
2023-07-18T10:37:17.683981Z,2023,7,18,65.664600,22.046800,-11.0,0,5.2,1,mainland,0,0,0,0,0,0
2023-07-18T10:37:52.955588Z,2023,7,18,65.655700,22.238600,11.0,0,6.2,1,sea,1,1,1,0,0,0
2023-07-18T10:37:52.956252Z,2023,7,18,65.640100,22.269600,8.0,0,2.6,1,mainland,1,1,1,0,0,0
2023-07-18T10:37:52.978787Z,2023,7,18,65.658300,22.231900,6.0,0,8.6,1,mainland,1,1,1,0,0,0
2023-07-18T10:38:51.992271Z,2023,7,18,65.653800,22.090300,-5.0,0,6.4,1,mainland,0,0,0,0,0,0
2023-07-18T10:38:52.019685Z,2023,7,18,65.677900,22.048900,-6.0,0,5.7,1,mainland,0,0,0,0,0,0
2023-07-18T10:38:52.057274Z,2023,7,18,65.652700,22.064400,-6.0,0,3.2,1,mainland,0,0,0,0,0,0
2023-07-18T10:39:34.104647Z,2023,7,18,65.652400,22.171200,7.0,0,10.8,1,mainland,0,0,0,0,0,0
2023-07-18T10:39:34.110975Z,2023,7,18,65.650700,22.245400,10.0,0,22.4,1,sea,0,1,1,0,0,0
2023-07-18T10:41:19.843003Z,2023,7,18,65.635100,22.265600,7.0,0,3.3,1,sea,1,1,1,0,0,0
2023-07-18T10:41:19.843671Z,2023,7,18,65.641900,22.240300,6.0,0,20.3,1,mainland,0,0,1,0,0,0
2023-07-18T10:41:19.843676Z,2023,7,18,65.659500,22.355100,-11.0,0,16.9,1,sea,1,1,1,0,0,0
2023-07-18T10:44:17.358021Z,2023,7,18,65.622600,22.321800,-6.0,0,0.0,1,mainland,0,0,1,0,0,0
2023-07-18T10:44:17.358214Z,2023,7,18,65.622300,22.309000,-15.0,0,0.0,1,mainland,0,0,1,0,0,0
2023-07-18T10:44:17.358695Z,2023,7,18,65.623300,22.324400,-8.0,0,0.0,1,mainland,0,1,1,0,0,0
2023-07-18T10:45:39.439431Z,2023,7,18,65.655800,22.246400,-8.0,0,0.0,1,sea,0,1,1,0,0,0
2023-07-18T10:45:39.439470Z,2023,7,18,65.653800,22.246900,-26.0,0,6.9,1,sea,0,0,1,0,0,0
2023-07-18T10:45:39.439509Z,2023,7,18,65.693000,22.152000,-28.0,0,0.0,1,mainland,0,0,0,0,0,0
2023-07-18T10:45:39.439664Z,2023,7,18,65.692700,22.161900,11.0,0,0.0,1,mainland,0,0,0,0,0,0
2023-07-18T10:45:39.439712Z,2023,7,18,65.658800,22.249000,-11.0,0,0.0,1,sea,0,0,1,0,0,0
2023-07-18T10:45:39.440055Z,2023,7,18,65.659600,22.235300,-147.0,0,26.4,1,mainland,1,1,1,0,0,0
2023-07-18T10:47:37.564998Z,2023,7,18,65.637300,22.251200,-74.0,0,21.4,1,mainland,1,1,1,0,0,0
2023-07-18T10:47:37.583052Z,2023,7,18,65.642700,22.274700,-16.0,0,4.8,1,mainland,0,1,1,0,0,0
2023-07-18T10:47:37.593375Z,2023,7,18,65.635200,22.258200,-12.0,0,5.7,1,sea,1,1,1,0,0,0
2023-07-18T10:48:53.366798Z,2023,7,18,65.612600,22.306500,-6.0,0,2.6,1,mainland,0,0,1,0,0,0
2023-07-18T10:48:53.371350Z,2023,7,18,65.638500,22.264500,-37.0,0,9.1,1,sea,1,1,1,0,0,0
2023-07-18T10:48:53.371352Z,2023,7,18,65.646700,22.244600,-38.0,0,11.3,1,mainland,1,1,1,0,0,0
2023-07-18T10:48:53.386037Z,2023,7,18,65.638800,22.263800,-11.0,0,3.6,1,sea,1,1,1,0,0,0
2023-07-18T10:48:53.386077Z,2023,7,18,65.642100,22.290100,16.0,0,14.9,1,mainland,0,0,1,0,0,0
2023-07-18T10:48:53.409550Z,2023,7,18,65.635900,22.286800,-13.0,0,4.3,1,mainland,1,1,1,0,0,0
2023-07-18T10:49:56.198926Z,2023,7,18,65.689600,22.366700,-28.0,0,18.8,1,sea,1,1,1,0,0,0
2023-07-18T10:49:56.213953Z,2023,7,18,65.634700,22.264900,-8.0,0,3.5,1,sea,1,1,1,0,0,0
2023-07-18T10:52:12.577181Z,2023,7,18,65.610300,22.270800,-97.0,0,21.5,1,mainland,0,1,1,0,0,0
2023-07-18T10:52:12.577190Z,2023,7,18,65.643500,22.278700,-79.0,0,17.0,1,mainland,0,0,1,0,0,0
2023-07-18T10:52:12.595772Z,2023,7,18,65.635500,22.281600,-11.0,0,7.4,1,mainland,1,1,1,0,0,0
2023-07-18T10:52:12.595782Z,2023,7,18,65.605500,22.296200,-13.0,0,6.8,1,mainland,1,1,1,0,0,0
2023-07-18T10:52:12.613713Z,2023,7,18,65.636100,22.276600,-25.0,0,4.5,1,mainland,1,1,1,0,0,0
2023-07-18T10:52:12.613740Z,2023,7,18,65.716000,22.294200,-16.0,0,9.8,1,mainland,0,0,1,0,0,0
2023-07-18T10:52:12.625945Z,2023,7,18,65.638300,22.277300,-21.0,0,5.2,1,mainland,0,1,1,0,0,0
2023-07-18T10:52:12.655121Z,2023,7,18,65.636000,22.278600,-10.0,0,15.6,1,mainland,1,1,1,0,0,0
2023-07-18T10:52:12.655813Z,2023,7,18,65.630700,22.286400,-8.0,0,10.0,1,sea,1,1,1,0,0,0
2023-07-18T10:53:26.547431Z,2023,7,18,65.639700,22.321800,5.0,0,7.5,1,mainland,1,1,1,0,0,0
2023-07-18T10:55:33.395254Z,2023,7,18,65.637300,22.289200,-56.0,0,21.8,1,mainland,1,1,1,0,0,0
2023-07-18T10:55:33.406094Z,2023,7,18,65.642000,22.294500,-7.0,0,11.3,1,mainland,0,0,1,0,0,0
2023-07-18T10:55:33.411966Z,2023,7,18,65.639100,22.261500,-8.0,0,5.7,1,sea,1,1,1,0,0,0
2023-07-18T10:55:33.413165Z,2023,7,18,65.631000,22.298500,-13.0,0,19.0,1,mainland,1,1,1,0,0,0
2023-07-18T10:58:41.424811Z,2023,7,18,65.632900,22.289900,8.0,0,13.4,1,mainland,1,1,1,0,0,0
2023-07-18T10:58:41.425241Z,2023,7,18,65.395800,22.743300,7.0,0,8.9,1,sea,0,0,0,0,0,0
2023-07-18T10:58:41.426821Z,2023,7,18,65.597500,22.365600,8.0,0,22.6,1,sea,1,1,1,0,0,0
2023-07-18T10:58:41.427463Z,2023,7,18,65.616000,22.325900,7.0,0,9.4,1,mainland,0,1,1,0,0,0
2023-07-18T10:58:41.435016Z,2023,7,18,65.660000,22.230900,-6.0,0,5.5,1,mainland,0,1,1,0,0,0
2023-07-18T11:01:28.075630Z,2023,7,18,65.749200,22.230700,8.0,0,0.0,1,mainland,0,0,0,0,0,0
2023-07-18T11:01:28.076057Z,2023,7,18,65.750400,22.239200,6.0,0,5.7,1,mainland,0,0,0,0,0,0
2023-07-18T11:03:25.354225Z,2023,7,18,65.746800,22.184000,8.0,0,3.1,1,mainland,0,0,0,0,0,0
2023-07-18T11:10:25.623017Z,2023,7,18,66.105000,22.355600,-84.0,0,18.6,1,mainland,0,0,0,0,0,1
2023-07-18T11:10:25.623078Z,2023,7,18,65.944800,22.461400,-70.0,0,13.6,1,mainland,0,0,0,0,0,0
2023-07-18T11:10:25.649382Z,2023,7,18,65.927300,22.452600,-9.0,0,6.0,1,inland_water,0,0,0,0,0,0
2023-07-18T11:10:25.663773Z,2023,7,18,65.923800,22.475500,-5.0,0,3.8,1,mainland,0,0,0,0,0,0
2023-07-18T11:10:25.677986Z,2023,7,18,65.947100,22.471300,-8.0,0,4.4,1,mainland,0,0,0,0,0,0
2023-07-18T11:10:25.696502Z,2023,7,18,65.947100,22.472600,-8.0,0,3.7,1,mainland,0,0,0,0,0,0
2023-07-18T11:10:25.722692Z,2023,7,18,65.943100,22.487000,-5.0,0,3.7,1,mainland,0,0,0,0,0,0
2023-07-18T11:13:50.910121Z,2023,7,18,65.894600,22.556200,12.0,0,0.0,1,mainland,0,0,0,0,1,1
2023-07-18T11:13:50.910298Z,2023,7,18,65.894800,22.556200,13.0,0,9.9,1,mainland,0,0,0,0,1,1
2023-07-18T11:13:50.910650Z,2023,7,18,65.893300,22.490400,12.0,0,24.7,1,inland_water,0,0,0,0,0,0
2023-07-18T11:13:50.910669Z,2023,7,18,65.891200,22.553000,13.0,0,0.0,1,mainland,0,0,0,0,0,1
2023-07-18T11:13:50.912504Z,2023,7,18,65.880200,22.453200,5.0,0,19.1,1,mainland,0,0,0,0,0,0
2023-07-18T11:13:50.916982Z,2023,7,18,65.895100,22.501100,6.0,0,18.4,1,mainland,0,0,0,0,0,0
2023-07-18T11:13:50.917004Z,2023,7,18,65.902600,22.525400,-12.0,0,17.6,1,mainland,0,0,0,0,0,0
2023-07-18T11:13:51.062173Z,2023,7,18,65.892800,22.502200,-13.0,0,5.5,1,mainland,0,0,0,0,0,0
2023-07-18T11:13:51.062765Z,2023,7,18,65.912200,22.496100,-5.0,0,7.6,1,mainland,0,0,0,0,0,0
2023-07-18T11:15:47.346190Z,2023,7,18,65.892100,22.503400,19.0,0,11.8,1,mainland,0,0,0,0,0,0
2023-07-18T11:15:47.346211Z,2023,7,18,65.922400,22.525100,13.0,0,7.3,1,mainland,0,0,0,0,0,1
2023-07-18T11:15:47.346715Z,2023,7,18,65.922100,22.517200,11.0,0,0.0,1,mainland,0,0,0,0,0,0
2023-07-18T11:15:47.347461Z,2023,7,18,65.845600,22.570600,7.0,0,28.5,1,mainland,0,0,0,0,0,0
2023-07-18T11:15:47.567808Z,2023,7,18,65.926500,22.432200,-24.0,0,5.8,1,mainland,0,0,0,0,0,0
2023-07-18T11:15:47.568115Z,2023,7,18,65.932800,22.171500,10.0,0,0.0,1,mainland,0,0,0,0,0,0
2023-07-18T11:15:47.616190Z,2023,7,18,65.925800,22.443900,-7.0,0,4.6,1,mainland,0,0,0,0,0,0
2023-07-18T11:17:04.926621Z,2023,7,18,65.903000,22.479600,20.0,0,12.9,1,inland_water,0,0,0,0,0,0
2023-07-18T11:17:04.926626Z,2023,7,18,65.910600,22.492300,17.0,0,11.3,1,mainland,0,0,0,0,0,0
2023-07-18T11:17:04.928437Z,2023,7,18,65.902300,22.484400,9.0,0,2.6,1,inland_water,0,0,0,0,0,0
2023-07-18T11:18:39.151778Z,2023,7,18,65.903300,22.501200,5.0,0,4.2,1,mainland,0,0,0,0,0,0
2023-07-18T11:18:39.153279Z,2023,7,18,65.886100,22.443300,9.0,0,21.4,1,mainland,0,0,0,0,0,0
2023-07-18T11:18:39.153307Z,2023,7,18,65.911900,22.484000,-17.0,0,11.8,1,mainland,0,0,0,0,0,0
2023-07-18T11:19:47.102502Z,2023,7,18,65.889200,22.508800,6.0,0,3.3,1,mainland,0,0,0,0,0,0
2023-07-18T11:19:47.103427Z,2023,7,18,65.917700,22.464200,5.0,0,2.3,1,inland_water,0,0,0,0,0,0
2023-07-18T11:19:47.104349Z,2023,7,18,65.920600,22.457300,6.0,0,18.2,1,inland_water,0,0,0,0,0,0
2023-07-18T11:23:55.030886Z,2023,7,18,65.911900,22.487200,-26.0,0,0.0,1,mainland,0,0,0,0,0,0
2023-07-18T11:23:55.031028Z,2023,7,18,65.916500,22.491100,12.0,0,0.0,1,mainland,0,0,0,0,0,0
2023-07-18T11:23:55.031050Z,2023,7,18,65.912000,22.498200,17.0,0,0.0,1,mainland,0,0,0,0,0,0
2023-07-18T11:23:55.031827Z,2023,7,18,65.908200,22.501200,-111.0,0,22.9,1,mainland,0,0,0,0,0,0
2023-07-18T11:23:55.031834Z,2023,7,18,65.895300,22.532900,-106.0,0,19.3,1,mainland,0,0,0,0,0,0
2023-07-18T11:23:55.053232Z,2023,7,18,65.901000,22.513100,-7.0,0,3.5,1,mainland,0,0,0,0,0,0
2023-07-18T11:23:55.145807Z,2023,7,18,65.958900,22.466600,6.0,0,2.5,1,mainland,0,0,0,0,0,0
2023-07-18T11:25:33.226830Z,2023,7,18,65.879300,22.543000,7.0,0,4.7,1,mainland,0,0,0,0,0,0
2023-07-18T11:25:33.226834Z,2023,7,18,65.886600,22.523600,9.0,0,19.3,1,mainland,0,0,0,0,0,0
2023-07-18T11:26:49.779174Z,2023,7,18,65.891700,22.531200,6.0,0,3.2,1,mainland,0,0,0,0,0,0
2023-07-18T11:27:43.513821Z,2023,7,18,65.897200,22.525500,6.0,0,4.3,1,mainland,0,0,0,0,0,0
2023-07-18T11:29:21.245729Z,2023,7,18,65.891800,22.546200,14.0,0,8.6,1,mainland,0,0,0,0,0,1
2023-07-18T11:29:44.145440Z,2023,7,18,65.891900,22.563000,5.0,0,24.2,1,mainland,0,0,0,1,1,1
2023-07-18T11:30:10.962774Z,2023,7,18,65.891100,22.549900,8.0,0,6.1,1,mainland,0,0,0,0,0,1
2023-07-18T11:30:41.796517Z,2023,7,18,65.890400,22.542700,10.0,0,6.6,1,mainland,0,0,0,0,0,0
2023-07-18T11:30:41.814639Z,2023,7,18,65.897600,22.542500,6.0,0,7.7,1,mainland,0,0,0,0,0,1
2023-07-18T11:31:18.347367Z,2023,7,18,65.903100,22.550100,-21.0,0,13.6,1,mainland,0,0,0,0,1,1
2023-07-18T11:31:18.667158Z,2023,7,18,65.902600,22.548100,-19.0,0,5.5,1,mainland,0,0,0,0,0,1
2023-07-18T11:31:47.039797Z,2023,7,18,65.888600,22.554000,9.0,0,12.0,1,mainland,0,0,0,0,0,1
2023-07-18T11:31:47.040306Z,2023,7,18,65.908600,22.517200,-16.0,0,13.4,1,mainland,0,0,0,0,0,0
2023-07-18T11:31:47.040964Z,2023,7,18,65.891500,22.523600,19.0,0,10.5,1,mainland,0,0,0,0,0,0
2023-07-18T11:31:47.040964Z,2023,7,18,65.892100,22.540000,19.0,0,14.8,1,mainland,0,0,0,0,0,0
2023-07-18T11:31:47.054580Z,2023,7,18,65.894700,22.531600,7.0,0,6.0,1,mainland,0,0,0,0,0,0
2023-07-18T11:33:04.874937Z,2023,7,18,65.899300,22.544800,-9.0,0,0.0,1,mainland,0,0,0,0,0,1
2023-07-18T11:33:04.875089Z,2023,7,18,65.888600,22.526900,-13.0,0,5.0,1,mainland,0,0,0,0,0,0
2023-07-18T11:33:04.875104Z,2023,7,18,65.899900,22.543500,-11.0,0,5.1,1,mainland,0,0,0,0,0,1
2023-07-18T11:33:04.875105Z,2023,7,18,65.993200,22.386900,11.0,0,11.4,1,mainland,0,0,0,0,0,0
2023-07-18T11:33:04.877006Z,2023,7,18,65.908100,22.555500,-66.0,0,10.3,1,mainland,0,0,0,1,1,1
2023-07-18T11:33:04.877074Z,2023,7,18,65.690300,22.364500,-63.0,0,23.7,1,mainland,1,1,1,0,0,0
2023-07-18T11:33:04.901046Z,2023,7,18,65.896900,22.531400,-7.0,0,13.6,1,mainland,0,0,0,0,0,0
2023-07-18T11:33:05.239668Z,2023,7,18,65.906900,22.551600,-6.0,0,2.9,1,mainland,0,0,0,0,1,1
2023-07-18T11:34:46.055812Z,2023,7,18,65.926800,22.526700,-11.0,0,16.4,1,mainland,0,0,0,0,0,1
2023-07-18T11:34:46.058371Z,2023,7,18,65.904400,22.514400,6.0,0,11.7,1,mainland,0,0,0,0,0,0
2023-07-18T11:36:44.521873Z,2023,7,18,65.906800,22.557500,-10.0,0,5.0,1,mainland,0,0,0,1,1,1
2023-07-18T11:36:44.530756Z,2023,7,18,65.916400,22.522500,-4.0,0,2.7,1,mainland,0,0,0,0,0,0
2023-07-18T11:41:32.548341Z,2023,7,18,65.887800,22.482300,-4.0,0,4.9,1,mainland,0,0,0,0,0,0
2023-07-18T11:45:14.618515Z,2023,7,18,65.914200,22.530900,8.0,0,10.7,1,mainland,0,0,0,0,0,1
2023-07-18T11:47:27.415305Z,2023,7,18,65.720900,22.351700,-10.0,0,4.6,1,sea,0,0,1,0,0,0
2023-07-18T11:54:55.036002Z,2023,7,18,65.895400,22.079200,11.0,0,0.0,1,mainland,0,0,0,0,0,0
2023-07-18T11:54:55.036177Z,2023,7,18,65.908700,22.161300,17.0,0,21.5,1,mainland,0,0,0,0,0,0
2023-07-18T11:54:55.036712Z,2023,7,18,65.948800,22.114900,7.0,0,17.2,1,inland_water,0,0,0,0,0,0
2023-07-18T11:54:55.037045Z,2023,7,18,65.894700,22.150600,17.0,0,14.5,1,mainland,0,0,0,0,0,0
2023-07-18T11:54:55.037076Z,2023,7,18,65.893400,22.108700,12.0,0,0.0,1,mainland,0,0,0,0,0,0
2023-07-18T11:54:55.039858Z,2023,7,18,65.886400,22.185000,5.0,0,2.7,1,mainland,0,0,0,0,0,0
2023-07-18T11:54:55.072753Z,2023,7,18,65.849800,22.144200,47.0,0,9.5,1,mainland,0,0,0,0,0,0
2023-07-18T11:59:41.167918Z,2023,7,18,65.997300,22.232500,12.0,0,5.2,1,mainland,0,0,0,0,0,0
2023-07-18T11:59:41.170963Z,2023,7,18,65.963500,22.281900,8.0,0,2.4,1,mainland,0,0,0,0,0,0
2023-07-18T11:59:41.187919Z,2023,7,18,65.984100,22.262800,6.0,0,14.3,1,mainland,0,0,0,0,0,0
2023-07-18T12:01:32.441235Z,2023,7,18,65.945300,22.261100,6.0,0,8.0,1,mainland,0,0,0,0,0,0
2023-07-18T12:01:32.445065Z,2023,7,18,65.949200,22.300100,10.0,0,12.3,1,mainland,0,0,0,0,0,0
2023-07-18T12:01:32.447338Z,2023,7,18,65.947500,22.260100,12.0,0,6.2,1,mainland,0,0,0,0,0,0
2023-07-18T12:03:20.738483Z,2023,7,18,66.002200,22.224400,7.0,0,7.2,1,inland_water,0,0,0,0,0,0
2023-07-18T12:03:20.738815Z,2023,7,18,66.002400,22.245500,7.0,0,6.4,1,mainland,0,0,0,0,0,0
2023-07-18T12:03:20.739180Z,2023,7,18,65.985300,22.208600,6.0,0,22.5,1,mainland,0,0,0,0,0,0
2023-07-18T12:03:20.739204Z,2023,7,18,65.992700,22.229500,-9.0,0,12.0,1,mainland,0,0,0,0,0,0
2023-07-18T12:03:20.742144Z,2023,7,18,66.014300,22.234300,-7.0,0,19.0,1,mainland,0,0,0,0,0,0
2023-07-18T12:06:26.178182Z,2023,7,18,65.991600,22.217000,6.0,0,5.3,1,mainland,0,0,0,0,0,0
2023-07-18T12:06:26.189651Z,2023,7,18,65.967000,22.237900,11.0,0,24.9,1,mainland,0,0,0,0,0,0
2023-07-18T12:06:26.190089Z,2023,7,18,65.996400,22.196400,9.0,0,7.9,1,mainland,0,0,0,0,0,0
2023-07-18T12:08:13.385703Z,2023,7,18,65.995800,22.183700,7.0,0,3.3,1,inland_water,0,0,0,0,0,0
2023-07-18T12:08:13.385992Z,2023,7,18,65.992300,22.208900,7.0,0,12.3,1,mainland,0,0,0,0,0,0
2023-07-18T12:08:13.387229Z,2023,7,18,65.994600,22.213400,8.0,0,11.3,1,mainland,0,0,0,0,0,0
2023-07-18T12:08:13.387652Z,2023,7,18,65.994400,22.203400,9.0,0,8.0,1,mainland,0,0,0,0,0,0
2023-07-18T12:08:13.396219Z,2023,7,18,65.990200,22.215400,5.0,0,3.5,1,mainland,0,0,0,0,0,0
2023-07-18T12:09:30.717177Z,2023,7,18,65.990100,22.202500,9.0,0,20.9,1,mainland,0,0,0,0,0,0
2023-07-18T12:09:30.717870Z,2023,7,18,65.986800,22.228700,6.0,0,3.3,1,mainland,0,0,0,0,0,0
2023-07-18T12:09:30.718361Z,2023,7,18,65.991000,22.201900,6.0,0,26.3,1,mainland,0,0,0,0,0,0
2023-07-18T12:12:10.013170Z,2023,7,18,66.004300,22.180400,-102.0,0,15.7,1,mainland,0,0,0,0,0,0
2023-07-18T12:12:10.013170Z,2023,7,18,66.003300,22.180300,-94.0,0,20.1,1,mainland,0,0,0,0,0,0
2023-07-18T12:12:10.036716Z,2023,7,18,66.003200,22.183300,-24.0,0,8.0,1,mainland,0,0,0,0,0,0
2023-07-18T12:12:10.051296Z,2023,7,18,66.005300,22.183800,-12.0,0,6.2,1,mainland,0,0,0,0,0,0
2023-07-18T12:12:10.197888Z,2023,7,18,66.005100,22.184800,-8.0,0,5.4,1,mainland,0,0,0,0,0,0
2023-07-18T12:16:08.314027Z,2023,7,18,66.004400,22.310900,16.0,0,5.2,1,mainland,0,0,0,0,0,0
2023-07-18T12:16:08.314878Z,2023,7,18,66.026400,22.247100,-83.0,0,15.0,1,mainland,0,0,0,0,0,0
2023-07-18T12:16:08.314878Z,2023,7,18,65.961900,22.201800,-108.0,0,30.4,1,inland_water,0,0,0,0,0,0
2023-07-18T12:16:08.325739Z,2023,7,18,65.991900,22.242600,-10.0,0,13.0,1,mainland,0,0,0,0,0,0
2023-07-18T12:16:08.327561Z,2023,7,18,65.995600,22.210800,-15.0,0,6.4,1,mainland,0,0,0,0,0,0
2023-07-18T12:16:08.327563Z,2023,7,18,65.989300,22.223100,-19.0,0,7.0,1,mainland,0,0,0,0,0,0
2023-07-18T12:16:08.379276Z,2023,7,18,65.956300,22.352900,5.0,0,13.6,1,mainland,0,0,0,0,0,0
2023-07-18T12:16:08.386920Z,2023,7,18,65.946100,22.261200,7.0,0,8.6,1,mainland,0,0,0,0,0,0
2023-07-19T17:22:53.196334Z,2023,7,19,65.346200,21.977600,-10.0,0,3.7,1,sea,0,0,0,0,1,1
2023-07-29T00:49:32.635451Z,2023,7,29,65.330900,22.919400,11.0,0,4.1,1,sea,0,0,0,0,0,0
2023-07-29T00:49:32.635460Z,2023,7,29,65.327400,22.959100,-9.0,0,8.2,1,sea,0,0,0,0,0,0
2023-07-29T00:54:12.334829Z,2023,7,29,65.302200,22.847900,15.0,0,0.0,1,sea,0,0,0,0,0,0
2023-07-29T00:54:12.334931Z,2023,7,29,65.303400,22.844400,19.0,0,0.0,1,sea,0,0,0,0,0,0
2023-07-29T00:54:12.335135Z,2023,7,29,65.331900,22.769100,11.0,0,0.0,1,sea,0,0,0,0,0,0
2023-07-29T00:54:12.335363Z,2023,7,29,65.336800,22.740600,14.0,0,0.0,1,sea,0,0,0,0,0,0
2023-07-29T00:54:12.415495Z,2023,7,29,65.344200,23.005400,5.0,0,2.7,1,sea,0,0,0,0,0,0
2023-07-29T02:52:19.102721Z,2023,7,29,66.033100,22.360100,8.0,0,21.7,1,mainland,0,0,0,0,0,0
2023-07-29T02:52:19.102737Z,2023,7,29,66.008400,22.363900,8.0,0,8.8,1,mainland,0,0,0,0,0,0
2023-07-29T02:52:19.103213Z,2023,7,29,66.008400,22.377500,9.0,0,0.0,1,mainland,0,0,0,0,0,0
2023-07-29T03:07:46.470596Z,2023,7,29,66.000700,22.348200,11.0,0,25.7,1,mainland,0,0,0,0,0,0
2023-07-29T03:07:46.483816Z,2023,7,29,65.931500,22.212600,-9.0,0,3.9,1,mainland,0,0,0,0,0,0
2023-07-29T03:07:46.483949Z,2023,7,29,65.976600,22.105400,5.0,0,19.3,1,mainland,0,0,0,0,0,0
2023-07-29T03:07:46.494839Z,2023,7,29,66.011700,22.306400,-12.0,0,5.1,1,mainland,0,0,0,0,0,0
2023-07-29T03:07:46.560751Z,2023,7,29,66.022200,22.338900,-10.0,0,3.3,1,mainland,0,0,0,0,0,0
2023-07-29T03:12:59.177401Z,2023,7,29,65.956300,22.275100,6.0,0,8.9,1,mainland,0,0,0,0,0,0
2023-07-29T03:12:59.187517Z,2023,7,29,65.959100,22.188700,10.0,0,16.9,1,mainland,0,0,0,0,0,0
2023-07-29T03:12:59.201119Z,2023,7,29,65.998500,22.309100,106.0,0,15.9,1,mainland,0,0,0,0,0,0
2023-07-29T03:12:59.201119Z,2023,7,29,65.999800,22.308800,94.0,0,17.4,1,mainland,0,0,0,0,0,0
2023-07-29T03:12:59.236868Z,2023,7,29,66.062800,22.305600,30.0,0,12.2,1,mainland,0,0,0,0,0,0
2023-07-29T03:12:59.283280Z,2023,7,29,66.045000,22.251700,-6.0,0,3.2,1,mainland,0,0,0,0,0,0
2023-07-29T03:12:59.299149Z,2023,7,29,66.045900,22.258300,-7.0,0,3.7,1,mainland,0,0,0,0,0,0
2023-07-29T03:12:59.311278Z,2023,7,29,66.045300,22.255800,-7.0,0,5.8,1,mainland,0,0,0,0,0,0
2023-08-01T02:41:09.510637Z,2023,8,1,65.823500,22.020900,7.0,0,9.7,1,mainland,0,0,0,1,1,1
2023-08-01T04:10:58.771252Z,2023,8,1,65.896600,22.518100,6.0,0,5.8,1,mainland,0,0,0,0,0,0
2023-08-01T04:13:39.431380Z,2023,8,1,65.861800,22.541800,11.0,0,6.8,1,mainland,0,0,0,0,0,0
2023-08-01T04:13:39.431826Z,2023,8,1,65.862200,22.551300,-11.0,0,10.4,1,mainland,0,0,0,0,0,0
2023-08-01T04:13:39.432451Z,2023,8,1,65.866400,22.531200,9.0,0,10.0,1,mainland,0,0,0,0,0,0
2023-08-01T04:13:39.459996Z,2023,8,1,65.896300,22.483600,7.0,0,8.0,1,inland_water,0,0,0,0,0,0
2023-08-01T04:15:44.411195Z,2023,8,1,65.924400,22.319500,8.0,0,13.1,1,mainland,0,0,0,0,0,0
2023-08-01T04:15:44.455090Z,2023,8,1,65.854800,22.514700,6.0,0,11.2,1,mainland,0,0,0,0,0,0
2023-08-01T04:42:34.762337Z,2023,8,1,65.944000,22.363300,22.0,0,13.9,1,mainland,0,0,0,0,0,0
2023-08-01T04:42:34.762338Z,2023,8,1,65.939700,22.356800,30.0,0,13.9,1,mainland,0,0,0,0,0,0
2023-08-01T04:42:34.768759Z,2023,8,1,65.943600,22.406600,7.0,0,29.6,1,mainland,0,0,0,0,0,0
2023-08-01T04:42:34.786427Z,2023,8,1,65.937300,22.345600,5.0,0,6.0,1,mainland,0,0,0,0,0,0
2023-08-01T04:49:25.182452Z,2023,8,1,65.934500,22.478700,11.0,0,11.4,1,inland_water,0,0,0,0,0,0
2023-08-01T04:49:33.947604Z,2023,8,1,66.003900,22.458600,6.0,0,5.2,1,mainland,0,0,0,0,0,1
2023-08-01T04:49:33.958970Z,2023,8,1,66.002300,22.464400,5.0,0,10.3,1,mainland,0,0,0,0,0,1
2023-08-01T04:58:41.415699Z,2023,8,1,65.977900,22.361700,8.0,0,13.7,1,mainland,0,0,0,0,0,0
2023-08-01T04:58:41.491985Z,2023,8,1,65.979200,22.371800,20.0,0,9.5,1,mainland,0,0,0,0,0,0
2023-08-01T04:58:41.745668Z,2023,8,1,65.980500,22.379500,-10.0,0,13.1,1,mainland,0,0,0,0,0,0
2023-08-01T04:58:41.785262Z,2023,8,1,65.981300,22.385100,-6.0,0,12.2,1,mainland,0,0,0,0,0,0
2023-08-01T05:02:04.858959Z,2023,8,1,65.984300,22.454600,7.0,0,0.0,1,mainland,0,0,0,0,0,0
2023-08-01T05:02:04.859100Z,2023,8,1,65.984100,22.458200,10.0,0,10.9,1,mainland,0,0,0,0,0,0
2023-08-01T05:11:34.453455Z,2023,8,1,65.951500,22.538800,7.0,0,7.7,1,mainland,0,0,0,1,1,1
2023-08-01T05:11:34.482985Z,2023,8,1,66.009100,22.472500,7.0,0,7.2,1,mainland,0,0,0,1,1,1
2023-08-01T05:22:17.011288Z,2023,8,1,65.976400,22.183000,15.0,0,7.4,1,mainland,0,0,0,0,0,0
2023-08-01T05:22:17.011303Z,2023,8,1,65.973500,22.181700,17.0,0,0.0,1,mainland,0,0,0,0,0,0
2023-08-01T05:22:17.011833Z,2023,8,1,65.981100,22.176100,21.0,0,11.0,1,mainland,0,0,0,0,0,0
2023-08-01T05:22:17.011833Z,2023,8,1,65.979800,22.174700,30.0,0,12.9,1,mainland,0,0,0,0,0,0
2023-08-01T05:22:17.011855Z,2023,8,1,65.973600,22.179400,23.0,0,12.8,1,mainland,0,0,0,0,0,0
2023-08-01T05:22:17.032964Z,2023,8,1,65.985500,22.140700,63.0,0,16.3,1,mainland,0,0,0,0,0,0
2023-08-01T06:03:03.922591Z,2023,8,1,65.813200,22.601900,3.0,0,2.1,1,mainland,0,0,1,0,0,1
2023-08-01T06:21:56.514831Z,2023,8,1,66.020900,22.073000,6.0,0,6.2,1,inland_water,0,0,0,0,0,0
2023-08-01T06:21:56.728839Z,2023,8,1,66.018500,22.128100,7.0,0,4.1,1,mainland,0,0,0,0,0,0
2023-08-01T06:26:38.615948Z,2023,8,1,66.039700,22.116000,43.0,0,11.6,1,mainland,0,0,0,0,0,0
2023-08-01T06:30:23.743903Z,2023,8,1,66.045100,22.046200,6.0,0,4.1,1,mainland,0,0,0,0,0,0
2023-08-01T06:35:22.283485Z,2023,8,1,66.061400,22.025500,36.0,0,30.4,1,mainland,0,0,0,0,0,1
2023-08-01T06:35:22.283997Z,2023,8,1,66.061100,22.026200,13.0,0,10.1,1,mainland,0,0,0,0,0,1
2023-08-01T06:35:22.474862Z,2023,8,1,66.053000,22.128600,13.0,0,8.3,1,mainland,0,0,0,0,0,0
2023-08-01T06:35:22.622804Z,2023,8,1,66.053600,22.135900,-6.0,0,3.3,1,mainland,0,0,0,0,0,0
2023-08-01T07:13:04.055147Z,2023,8,1,65.938800,22.510900,5.0,0,9.5,1,mainland,0,0,0,0,0,0
2023-08-01T07:15:55.685384Z,2023,8,1,65.955100,22.517000,-12.0,0,6.6,1,mainland,0,0,0,0,0,0
2023-08-01T07:15:55.685430Z,2023,8,1,65.954000,22.516500,-8.0,0,0.0,1,mainland,0,0,0,0,0,0
2023-08-01T07:15:55.717209Z,2023,8,1,65.960800,22.502200,-5.0,0,14.2,1,mainland,0,0,0,0,0,0
2023-08-01T07:21:22.530412Z,2023,8,1,65.971300,22.471400,8.0,0,25.0,1,mainland,0,0,0,0,0,0
2023-08-04T16:08:10.343559Z,2023,8,4,66.062000,22.189200,5.0,0,7.7,1,mainland,0,0,0,0,0,0
2023-08-04T16:32:58.866986Z,2023,8,4,65.731200,22.502800,4.0,0,15.1,1,sea,0,0,1,0,0,0
2023-08-04T16:32:58.875920Z,2023,8,4,65.734200,22.489400,7.0,0,11.4,1,sea,0,0,0,0,0,0
2023-08-04T16:32:58.877171Z,2023,8,4,65.711300,22.531700,6.0,0,9.1,1,sea,0,0,1,0,0,0
2023-08-04T16:39:14.865474Z,2023,8,4,65.738400,22.524000,16.0,0,5.2,1,sea,0,0,0,0,0,0
2023-08-04T16:39:14.865489Z,2023,8,4,65.741600,22.520100,11.0,0,0.0,1,sea,0,0,0,0,0,0
2023-08-04T16:39:14.865991Z,2023,8,4,65.720800,22.530000,14.0,0,23.8,1,sea,0,0,1,0,0,0
2023-08-04T16:39:14.866017Z,2023,8,4,65.747100,22.528900,14.0,0,9.1,1,sea,0,0,0,0,0,0
2023-08-04T16:39:14.866298Z,2023,8,4,65.741100,22.566700,-8.0,0,0.0,1,sea,0,0,1,0,0,0
2023-08-04T16:39:14.866531Z,2023,8,4,65.733000,22.520800,16.0,0,6.4,1,sea,0,0,1,0,0,0
2023-08-04T16:39:14.866549Z,2023,8,4,65.747100,22.533400,13.0,0,0.0,1,sea,0,0,0,0,0,0
2023-08-04T16:39:14.866973Z,2023,8,4,65.739000,22.511000,7.0,0,6.0,1,sea,0,0,0,0,0,0
2023-08-04T16:39:14.880559Z,2023,8,4,65.715600,22.660400,6.0,0,16.6,1,sea,0,0,0,0,0,0
2023-08-08T14:57:39.205196Z,2023,8,8,65.492500,22.811200,4.0,0,5.2,1,sea,0,0,0,0,0,0
2023-08-08T15:12:52.167112Z,2023,8,8,65.647000,22.595300,-5.0,0,3.3,1,sea,0,0,1,0,0,0
2023-08-08T15:16:40.635058Z,2023,8,8,65.682400,22.257900,5.0,0,17.2,1,mainland,1,1,1,0,0,0
2023-08-08T15:22:02.930661Z,2023,8,8,65.755400,22.235700,12.0,0,11.1,1,mainland,0,0,0,0,0,0
2023-08-08T15:24:11.992654Z,2023,8,8,65.769600,22.204000,6.0,0,3.8,1,mainland,0,0,0,0,0,0
2023-08-08T15:24:12.005974Z,2023,8,8,65.728500,22.105400,14.0,0,30.4,1,mainland,0,0,0,0,0,0
2023-08-08T15:25:24.351473Z,2023,8,8,65.771600,22.141500,6.0,0,11.3,1,mainland,0,0,0,0,0,0
2023-08-08T15:26:15.071172Z,2023,8,8,65.540300,22.836900,-4.0,0,28.1,1,sea,0,0,0,0,0,0
2023-08-08T15:27:43.461354Z,2023,8,8,65.837600,22.138400,-5.0,0,3.0,1,mainland,0,0,0,0,0,0
2023-08-08T15:27:43.549995Z,2023,8,8,65.845100,22.192300,-8.0,0,4.4,1,mainland,0,0,0,0,0,0
2023-08-08T15:27:43.690156Z,2023,8,8,65.845700,22.191400,-8.0,0,3.9,1,mainland,0,0,0,0,0,0
2023-08-08T15:27:43.781146Z,2023,8,8,65.846000,22.194700,-6.0,0,4.1,1,mainland,0,0,0,0,0,0
2023-08-08T15:27:44.042212Z,2023,8,8,65.842800,22.217100,-6.0,0,3.1,1,mainland,0,0,0,0,0,0
2023-08-08T15:27:44.082290Z,2023,8,8,65.845500,22.192400,-6.0,0,3.1,1,mainland,0,0,0,0,0,0
2023-08-08T15:27:44.216850Z,2023,8,8,65.845600,22.191200,-14.0,0,4.3,1,mainland,0,0,0,0,0,0
2023-08-08T15:28:15.228813Z,2023,8,8,65.832800,22.147300,8.0,0,9.2,1,mainland,0,0,0,0,0,0
2023-08-08T15:29:34.600059Z,2023,8,8,65.810200,22.076600,-6.0,0,4.3,1,mainland,0,0,0,0,0,0
2023-08-08T15:29:34.861936Z,2023,8,8,65.802100,22.006600,-8.0,0,4.8,1,mainland,0,0,0,0,0,0
2023-08-08T15:30:17.751575Z,2023,8,8,65.857300,22.131300,-5.0,0,3.7,1,mainland,0,0,0,0,0,0
2023-08-08T15:30:17.819956Z,2023,8,8,65.852000,22.114300,-6.0,0,3.8,1,mainland,0,0,0,1,1,1
2023-08-08T15:30:17.956557Z,2023,8,8,65.850000,22.147500,-6.0,0,3.7,1,mainland,0,0,0,0,0,0
2023-08-08T15:30:18.438518Z,2023,8,8,65.859100,22.203900,-5.0,0,3.0,1,mainland,0,0,0,0,0,0
2023-08-08T15:33:02.699256Z,2023,8,8,65.470200,22.998000,6.0,0,1.3,1,sea,0,0,0,0,1,1
2023-08-08T15:35:21.235210Z,2023,8,8,65.505500,22.895400,-4.0,0,2.5,1,sea,0,0,0,0,0,0
2023-08-08T15:37:50.668516Z,2023,8,8,66.009500,22.342700,-5.0,0,20.5,1,mainland,0,0,0,0,0,0
2023-08-08T15:44:12.912297Z,2023,8,8,65.628700,22.859100,9.0,0,5.4,1,sea,0,0,0,0,0,0
2023-08-08T15:44:13.206978Z,2023,8,8,65.625200,22.847200,4.0,0,1.9,1,sea,0,0,0,0,0,0
2023-08-08T15:45:26.161767Z,2023,8,8,65.602400,22.883800,8.0,0,3.0,1,sea,0,0,0,0,0,1
2023-08-08T15:45:39.388969Z,2023,8,8,65.572500,22.861000,4.0,0,2.0,1,sea,0,0,0,0,0,0
2023-08-08T15:45:39.474160Z,2023,8,8,65.577000,22.699800,5.0,0,2.4,1,sea,0,0,0,0,0,0
2023-08-08T15:45:59.613176Z,2023,8,8,65.567400,22.827600,4.0,0,1.5,1,sea,0,0,0,0,0,0
2023-08-08T15:46:19.084982Z,2023,8,8,65.540800,22.713800,4.0,0,1.9,1,sea,0,0,1,0,0,0
2023-08-08T15:46:19.300681Z,2023,8,8,65.632200,22.815600,5.0,0,1.5,1,islands,1,1,1,0,0,0
2023-08-08T15:46:54.227274Z,2023,8,8,65.617600,22.835600,5.0,0,10.4,1,sea,0,0,0,0,0,0
2023-08-08T15:46:54.271491Z,2023,8,8,65.589500,22.885000,5.0,0,2.9,1,sea,0,0,0,0,0,0
2023-08-08T15:47:13.931018Z,2023,8,8,65.596800,22.860800,5.0,0,6.4,1,sea,0,0,0,0,0,0
2023-08-08T15:47:13.933864Z,2023,8,8,65.594500,22.894400,5.0,0,5.4,1,sea,0,0,0,0,0,1
2023-08-08T15:47:50.268077Z,2023,8,8,65.583100,22.875600,5.0,0,4.1,1,sea,0,0,0,0,0,0
2023-08-08T15:47:50.421836Z,2023,8,8,65.638400,22.825900,-4.0,0,2.4,1,sea,0,1,1,0,0,0
2023-08-08T15:47:50.432043Z,2023,8,8,65.583900,22.817400,5.0,0,2.4,1,sea,0,0,0,0,0,0
2023-08-08T15:48:14.655957Z,2023,8,8,65.601400,22.782900,4.0,0,1.2,1,sea,0,0,1,0,0,0
2023-08-08T15:48:47.926275Z,2023,8,8,65.566400,22.774200,-6.0,0,2.5,1,islands,1,1,1,0,0,0
2023-08-08T15:49:10.988155Z,2023,8,8,65.640400,22.832300,6.0,0,4.9,1,sea,0,0,1,0,0,0
2023-08-08T15:49:11.025588Z,2023,8,8,65.627600,22.832100,6.0,0,4.3,1,sea,0,1,1,0,0,0
2023-08-08T15:50:02.552146Z,2023,8,8,65.641900,22.762000,7.0,0,11.3,1,sea,0,1,1,0,0,0
2023-08-08T15:50:02.554028Z,2023,8,8,65.637500,22.763700,9.0,0,10.6,1,sea,0,0,1,0,0,0
2023-08-08T15:50:02.577073Z,2023,8,8,65.620200,22.806400,6.0,0,16.3,1,sea,0,0,1,0,0,0
2023-08-08T15:51:05.585633Z,2023,8,8,65.609600,22.813900,4.0,0,1.8,1,sea,0,0,0,0,0,0
2023-08-08T15:51:05.904427Z,2023,8,8,65.670400,22.828100,9.0,0,7.3,1,sea,0,1,1,0,0,1
2023-08-08T15:51:46.528410Z,2023,8,8,65.680600,22.786400,5.0,0,1.8,1,sea,0,0,0,0,0,0
2023-08-08T15:51:46.530275Z,2023,8,8,65.675800,22.778100,5.0,0,2.6,1,sea,0,0,1,0,0,0
2023-08-08T15:51:46.566262Z,2023,8,8,65.660600,22.792800,7.0,0,2.3,1,sea,1,1,1,0,0,0
2023-08-08T15:52:13.556585Z,2023,8,8,65.686400,22.743300,7.0,0,5.6,1,sea,0,0,0,0,0,0
2023-08-08T15:52:43.305175Z,2023,8,8,65.648900,22.732100,6.0,0,2.7,1,sea,0,0,1,0,0,0
2023-08-08T15:52:43.307696Z,2023,8,8,65.664200,22.736800,4.0,0,7.0,1,sea,0,0,1,0,0,0
2023-08-08T15:52:43.308643Z,2023,8,8,65.666200,22.708900,15.0,0,7.3,1,sea,1,1,1,0,0,0
2023-08-08T15:53:14.403312Z,2023,8,8,65.667700,22.682300,12.0,0,17.3,1,sea,0,0,1,0,0,0
2023-08-08T15:53:39.560773Z,2023,8,8,65.701400,22.720200,9.0,0,3.8,1,sea,0,0,1,0,0,0
2023-08-08T15:53:39.585173Z,2023,8,8,65.679700,22.745700,6.0,0,7.0,1,sea,0,0,1,0,0,0
2023-08-08T15:53:39.622234Z,2023,8,8,65.699800,22.704700,7.0,0,14.2,1,sea,1,1,1,0,0,0
2023-08-08T15:54:42.586650Z,2023,8,8,65.683300,22.730100,6.0,0,2.7,1,sea,0,0,1,0,0,0
2023-08-08T15:54:42.587804Z,2023,8,8,65.707800,22.689100,9.0,0,7.0,1,sea,0,1,1,0,0,0
2023-08-08T15:54:42.606752Z,2023,8,8,65.712200,22.696700,6.0,0,16.6,1,sea,1,1,1,0,0,1
2023-08-08T15:54:42.744018Z,2023,8,8,65.690500,22.638000,-5.0,0,2.6,1,sea,0,0,1,0,0,0
2023-08-08T15:55:02.461257Z,2023,8,8,65.706400,22.678500,5.0,0,2.1,1,sea,0,0,1,0,0,0
2023-08-08T15:55:22.910185Z,2023,8,8,65.682000,22.694100,4.0,0,1.8,1,sea,1,1,1,0,0,0
2023-08-08T15:55:22.970660Z,2023,8,8,65.708400,22.693300,7.0,0,3.3,1,sea,1,1,1,0,0,0
2023-08-08T15:56:02.179557Z,2023,8,8,65.677900,22.671900,8.0,0,4.3,1,sea,0,1,1,0,0,0
2023-08-08T15:56:32.031161Z,2023,8,8,65.685800,22.690200,6.0,0,9.3,1,sea,1,1,1,0,0,0
2023-08-08T15:56:32.445004Z,2023,8,8,65.697700,22.668100,5.0,0,5.8,1,sea,0,0,0,0,0,0
2023-08-08T15:57:14.720993Z,2023,8,8,65.722100,22.627100,12.0,0,30.4,1,sea,0,0,0,0,0,0
2023-08-08T15:58:09.176897Z,2023,8,8,65.798000,22.207400,-5.0,0,13.9,1,mainland,0,0,0,0,0,0
2023-08-08T15:59:01.252111Z,2023,8,8,65.721900,22.660200,6.0,0,3.3,1,sea,0,0,0,0,0,1
2023-08-08T15:59:52.815918Z,2023,8,8,65.775400,22.493900,15.0,0,30.4,1,sea,0,1,1,0,0,0
2023-08-08T15:59:52.815926Z,2023,8,8,65.738500,22.498700,14.0,0,26.9,1,sea,0,0,0,0,0,0
2023-08-08T15:59:52.833283Z,2023,8,8,65.720700,22.534900,6.0,0,14.1,1,sea,0,1,1,0,0,0
2023-08-08T15:59:52.847621Z,2023,8,8,65.752400,22.495700,7.0,0,3.7,1,sea,0,0,0,0,0,0
2023-08-08T15:59:52.948506Z,2023,8,8,65.731200,22.558000,9.0,0,4.5,1,sea,1,1,1,0,0,0
2023-08-08T16:00:31.536951Z,2023,8,8,65.746900,22.452100,6.0,0,6.2,1,sea,0,0,0,0,0,0
2023-08-08T16:00:31.538295Z,2023,8,8,65.749900,22.482900,7.0,0,4.9,1,sea,0,0,0,0,0,0
2023-08-08T16:00:31.539535Z,2023,8,8,65.751000,22.497300,6.0,0,4.1,1,sea,0,0,0,0,0,0
2023-08-08T16:01:49.156632Z,2023,8,8,65.753900,22.479000,10.0,0,12.5,1,sea,0,0,0,0,0,0
2023-08-08T16:01:49.158518Z,2023,8,8,65.734100,22.553400,7.0,0,2.9,1,sea,0,1,1,0,0,0
2023-08-08T16:01:49.160240Z,2023,8,8,65.757800,22.542900,7.0,0,11.9,1,sea,0,0,0,0,0,0
2023-08-08T16:01:49.165117Z,2023,8,8,65.765900,22.523300,5.0,0,12.4,1,sea,0,0,1,0,0,0
2023-08-08T16:01:49.184695Z,2023,8,8,65.750700,22.514800,6.0,0,6.1,1,sea,0,0,0,0,0,0
2023-08-08T16:02:44.650581Z,2023,8,8,65.743600,22.463900,6.0,0,3.1,1,sea,0,0,0,0,0,0
2023-08-08T16:02:44.656220Z,2023,8,8,65.768500,22.407700,5.0,0,20.3,1,sea,0,0,1,0,0,0
2023-08-08T16:04:48.854042Z,2023,8,8,65.803600,22.456800,8.0,0,6.2,1,sea,1,1,1,0,0,0
2023-08-08T16:06:13.651334Z,2023,8,8,65.667200,22.584500,5.0,0,14.5,1,sea,0,0,1,0,0,0
2023-08-08T16:06:38.488160Z,2023,8,8,65.786900,22.336200,11.0,0,19.8,1,mainland,0,1,1,0,0,0
2023-08-08T16:09:08.493918Z,2023,8,8,65.841900,22.321300,6.0,0,5.8,1,mainland,0,0,1,0,0,0
2023-08-08T16:09:38.853672Z,2023,8,8,65.843900,22.351300,6.0,0,2.4,1,mainland,0,1,1,0,0,0
2023-08-08T16:11:17.415836Z,2023,8,8,65.727100,22.397800,-8.0,0,4.7,1,sea,0,0,1,0,0,0
2023-08-08T16:11:17.420786Z,2023,8,8,65.726400,22.415500,-56.0,0,9.3,1,sea,0,0,1,0,0,0
2023-08-08T16:11:17.428776Z,2023,8,8,65.717600,22.409100,-5.0,0,11.8,1,sea,1,1,1,0,0,0
2023-08-08T16:11:17.444870Z,2023,8,8,65.686100,22.379400,-14.0,0,3.2,1,sea,0,0,1,0,0,0
2023-08-08T16:14:04.382219Z,2023,8,8,65.753600,22.359000,6.0,0,9.5,1,sea,0,1,1,0,0,0
2023-08-08T16:14:04.383977Z,2023,8,8,65.751700,22.339900,6.0,0,19.1,1,mainland,1,1,1,0,0,0
2023-08-08T16:17:18.355551Z,2023,8,8,65.904500,22.146600,6.0,0,23.0,1,mainland,0,0,0,0,0,0
2023-08-08T16:17:56.129815Z,2023,8,8,65.912600,22.174600,10.0,0,3.1,1,mainland,0,0,0,0,0,0
2023-08-08T16:19:35.247959Z,2023,8,8,65.933100,22.106400,6.0,0,5.4,1,mainland,0,0,0,0,0,0
2023-08-08T16:19:35.281484Z,2023,8,8,65.929300,22.143400,5.0,0,11.6,1,mainland,0,0,0,0,0,0
2023-08-08T16:21:55.391586Z,2023,8,8,65.927700,22.002700,10.0,0,9.5,1,mainland,0,0,0,0,1,1
2023-08-08T16:21:55.392585Z,2023,8,8,65.993700,21.886000,7.0,0,2.3,1,mainland,0,0,0,1,1,1
2023-08-08T16:21:55.392621Z,2023,8,8,65.900400,22.079800,-10.0,0,11.8,1,mainland,0,0,0,0,0,0
2023-08-08T16:21:55.392622Z,2023,8,8,65.948800,22.048300,-9.0,0,12.8,1,mainland,0,0,0,0,0,0
2023-08-08T16:21:55.393840Z,2023,8,8,65.928800,21.996000,6.0,0,16.3,1,mainland,0,0,0,1,1,1
2023-08-08T16:21:55.396364Z,2023,8,8,65.926300,22.028600,8.0,0,2.4,1,mainland,0,0,0,0,0,0
2023-08-08T16:23:24.252127Z,2023,8,8,65.966400,21.987500,5.0,0,3.5,1,mainland,0,0,0,0,0,0
2023-08-08T16:26:24.650121Z,2023,8,8,65.994100,21.908300,7.0,0,11.6,1,mainland,0,0,0,0,1,1
2023-08-16T17:04:55.417191Z,2023,8,16,65.360000,22.382300,7.0,0,11.1,1,sea,0,0,1,0,0,0
2023-08-16T17:04:55.419721Z,2023,8,16,65.362800,22.377900,5.0,0,28.0,1,sea,0,0,0,0,0,0
2023-08-16T17:47:55.422285Z,2023,8,16,65.300700,22.324300,-10.0,0,0.0,1,sea,0,0,0,0,0,0
2023-08-16T17:47:55.422345Z,2023,8,16,65.304600,22.327400,-10.0,0,0.0,1,sea,0,0,0,0,0,0
2023-08-16T17:47:55.422380Z,2023,8,16,65.300600,22.311700,-10.0,0,6.6,1,sea,0,0,0,0,0,0
2023-08-16T17:47:55.422533Z,2023,8,16,65.300000,22.327000,-6.0,0,0.0,1,sea,0,0,0,0,0,0
2023-08-16T17:47:55.431896Z,2023,8,16,65.303200,22.301200,-9.0,0,3.0,1,sea,0,0,0,0,0,0
2023-08-16T17:47:55.432849Z,2023,8,16,65.281500,22.356300,-4.0,0,15.4,1,sea,0,0,0,0,0,0
2023-08-16T17:47:55.443511Z,2023,8,16,65.276200,22.358900,-7.0,0,1.8,1,sea,0,0,0,0,0,0
2023-08-16T18:13:12.439281Z,2023,8,16,65.361800,22.264400,8.0,0,6.9,1,sea,0,0,0,0,0,0
2023-08-16T18:13:12.455293Z,2023,8,16,65.330100,22.134600,4.0,0,1.8,1,sea,0,0,0,0,0,0
2023-08-16T18:18:41.522343Z,2023,8,16,65.361400,22.245000,4.0,0,1.9,1,sea,0,0,0,0,0,0
2023-08-16T18:20:36.449841Z,2023,8,16,65.389100,22.108300,20.0,0,13.2,1,sea,0,0,1,0,0,0
2023-08-16T18:24:34.373267Z,2023,8,16,65.847600,22.294000,-11.0,0,8.2,1,inland_water,0,0,0,0,0,0
2023-08-16T18:39:14.270332Z,2023,8,16,66.169500,22.123600,-45.0,0,23.7,1,mainland,0,0,0,0,0,0
2023-08-16T18:39:14.298752Z,2023,8,16,66.174200,22.125300,-6.0,0,5.0,1,mainland,0,0,0,0,0,0
2023-08-16T18:39:14.299870Z,2023,8,16,66.169300,22.123700,-30.0,0,7.6,1,mainland,0,0,0,0,0,0
2023-08-16T18:39:14.315010Z,2023,8,16,66.170700,22.129200,-9.0,0,5.5,1,mainland,0,0,0,0,0,0
2023-08-16T18:40:32.638944Z,2023,8,16,65.411600,22.640100,3.0,0,2.6,1,sea,0,0,0,0,0,0
2023-08-16T18:51:32.038985Z,2023,8,16,65.791100,22.040900,7.0,0,3.7,1,inland_water,0,0,0,0,0,0
2023-08-16T18:52:47.975132Z,2023,8,16,65.714000,22.260300,9.0,0,0.0,1,mainland,0,0,1,0,0,0
2023-08-16T18:52:47.975436Z,2023,8,16,65.697500,22.291300,9.0,0,20.9,1,sea,1,1,1,0,0,0
2023-08-16T18:59:33.003697Z,2023,8,16,65.998500,21.901000,21.0,0,25.7,1,mainland,0,0,0,1,1,1
2023-08-16T19:03:00.769705Z,2023,8,16,66.058900,22.171500,11.0,0,6.0,1,mainland,0,0,0,0,0,0
2023-09-03T07:00:18.018211Z,2023,9,3,65.341400,22.106000,8.0,0,21.0,1,sea,0,1,1,0,0,0
2023-09-03T07:01:56.502180Z,2023,9,3,65.344100,22.118700,6.0,0,6.0,1,sea,0,0,0,0,0,0
2023-09-19T19:56:33.867437Z,2023,9,19,65.172600,22.938100,-5.0,0,3.8,1,sea,0,0,0,0,0,0
