datetime_utc,year,month,day,lat,lon,current_ka,multiplicity,chi_square,cloud_indicator,surface_class,coast_uncertain_250,coast_uncertain_500,coast_uncertain_1000,municipality_boundary_uncertain_250,municipality_boundary_uncertain_500,municipality_boundary_uncertain_1000
2024-04-01T06:30:31.472052Z,2024,4,1,65.653400,21.797200,8.0,0,13.5,1,mainland,0,0,0,0,0,0
2024-05-14T03:58:08.572337Z,2024,5,14,65.636200,22.332800,9.0,0,0.0,1,mainland,0,0,1,0,0,0
2024-05-14T03:58:08.572494Z,2024,5,14,65.635300,22.334700,13.0,0,11.6,1,mainland,0,0,1,0,0,0
2024-05-14T03:58:08.572645Z,2024,5,14,65.635100,22.333200,10.0,0,0.0,1,mainland,0,0,1,0,0,0
2024-05-14T03:58:08.572812Z,2024,5,14,65.636100,22.340600,12.0,0,0.0,1,mainland,0,1,1,0,0,0
2024-05-14T03:58:08.679757Z,2024,5,14,65.593100,22.226400,-9.0,0,3.3,1,mainland,0,0,0,0,0,0
2024-05-14T04:32:03.802575Z,2024,5,14,65.550500,22.637300,15.0,0,4.5,1,sea,0,1,1,0,0,0
2024-05-14T04:46:24.176849Z,2024,5,14,65.454500,21.832500,-6.0,0,8.8,1,mainland,0,0,0,1,1,1
2024-05-24T12:55:28.360576Z,2024,5,24,65.593000,21.485800,8.0,0,5.8,1,mainland,0,0,0,1,1,1
2024-05-24T13:05:09.111478Z,2024,5,24,65.603700,21.589400,8.0,0,6.0,1,mainland,0,0,0,0,0,0
2024-05-24T13:15:39.168817Z,2024,5,24,65.628700,21.693700,53.0,0,12.5,1,mainland,0,0,0,0,0,0
2024-05-24T13:16:05.103577Z,2024,5,24,65.624900,22.171500,6.0,0,10.7,1,sea,1,1,1,0,0,0
2024-05-24T13:19:23.175035Z,2024,5,24,65.683300,21.565900,9.0,0,3.7,1,mainland,0,0,0,0,0,0
2024-05-24T13:19:23.175077Z,2024,5,24,65.680600,21.575900,-15.0,0,5.4,1,mainland,0,0,0,0,0,1
2024-05-24T13:19:23.175089Z,2024,5,24,65.680500,21.577900,-12.0,0,0.0,1,mainland,0,0,0,0,0,1
2024-05-24T13:19:23.175190Z,2024,5,24,65.677700,21.574800,-12.0,0,11.0,1,mainland,0,0,0,0,0,0
2024-05-24T13:19:23.175248Z,2024,5,24,65.680000,21.586900,-7.0,0,0.0,1,mainland,0,0,0,0,0,1
2024-05-24T13:20:21.057347Z,2024,5,24,65.623900,22.301700,7.0,0,4.4,1,mainland,0,0,1,0,0,0
2024-05-24T13:29:43.672770Z,2024,5,24,65.698700,21.800700,-7.0,0,3.7,1,mainland,0,0,0,1,1,1
2024-05-24T13:35:46.743780Z,2024,5,24,65.632000,22.389100,12.0,0,18.6,1,sea,0,0,1,0,0,0
2024-05-24T13:38:06.289914Z,2024,5,24,65.620800,22.410200,9.0,0,16.3,1,sea,1,1,1,0,0,0
2024-05-24T13:38:06.310079Z,2024,5,24,65.736900,22.566900,5.0,0,1.8,1,sea,0,1,1,0,0,0
2024-05-24T13:41:55.240674Z,2024,5,24,65.617200,22.474800,6.0,0,2.7,1,sea,0,0,1,0,0,0
2024-05-24T13:43:33.312699Z,2024,5,24,65.614700,22.496000,6.0,0,4.8,1,sea,0,0,1,0,0,0
2024-05-24T13:44:51.238011Z,2024,5,24,65.642200,22.719000,-7.0,0,0.0,1,sea,0,0,1,0,0,0
2024-05-24T13:44:51.238165Z,2024,5,24,65.641200,22.719200,-6.0,0,0.0,1,sea,0,0,1,0,0,0
2024-05-24T13:46:11.999691Z,2024,5,24,65.588200,22.679700,8.0,0,2.0,1,sea,0,0,1,0,0,0
2024-05-24T13:46:49.696464Z,2024,5,24,65.610700,22.535800,8.0,0,4.1,1,sea,0,0,1,0,0,0
2024-05-24T13:50:06.255646Z,2024,5,24,65.640400,22.770300,13.0,0,12.6,1,sea,0,0,1,0,0,0
2024-05-24T13:52:02.339989Z,2024,5,24,65.697900,22.666900,7.0,0,16.6,1,sea,0,0,0,0,0,0
2024-05-24T13:54:00.254196Z,2024,5,24,65.633400,22.807400,-6.0,0,2.4,1,sea,1,1,1,0,0,0
2024-05-24T13:55:49.089654Z,2024,5,24,65.621200,22.777100,4.0,0,3.8,1,sea,0,0,0,0,0,0
2024-05-24T13:57:22.249987Z,2024,5,24,65.649700,22.828900,5.0,0,0.0,1,sea,0,0,1,0,0,0
2024-05-24T13:58:48.775672Z,2024,5,24,65.648700,22.830100,9.0,0,9.7,1,sea,0,0,1,0,0,0
2024-05-24T14:00:14.537356Z,2024,5,24,65.651000,22.848300,4.0,0,5.5,1,sea,0,0,0,0,0,1
2024-05-24T14:00:14.554645Z,2024,5,24,65.641900,22.838800,5.0,0,5.5,1,sea,0,0,1,0,0,0
2024-05-24T14:01:21.863906Z,2024,5,24,65.674900,22.842300,5.0,0,3.2,1,sea,0,0,0,1,1,1
2024-05-24T14:42:26.294558Z,2024,5,24,65.312200,22.609700,9.0,0,4.8,1,sea,0,0,0,0,0,0
2024-05-27T11:13:40.606765Z,2024,5,27,66.054400,22.264200,-5.0,0,7.3,1,mainland,0,0,0,0,0,0
2024-05-27T11:13:40.679641Z,2024,5,27,66.084200,22.158600,-5.0,0,4.0,1,mainland,0,0,0,0,0,0
2024-05-27T11:16:30.893205Z,2024,5,27,66.066900,22.205500,7.0,0,9.6,1,mainland,0,0,0,0,0,0
2024-05-27T11:17:44.777913Z,2024,5,27,66.062700,22.191100,9.0,0,16.7,1,mainland,0,0,0,0,0,0
2024-05-27T11:17:44.778355Z,2024,5,27,66.069900,22.201800,-14.0,0,18.5,1,mainland,0,0,0,0,0,0
2024-05-27T11:17:44.778952Z,2024,5,27,66.020900,22.128100,6.0,0,20.5,1,mainland,0,0,0,0,0,0
2024-05-27T11:19:01.040126Z,2024,5,27,66.076100,22.197100,9.0,0,18.9,1,mainland,0,0,0,0,0,0
2024-05-27T11:19:01.041156Z,2024,5,27,66.075200,22.211000,8.0,0,6.3,1,mainland,0,0,0,0,0,0
2024-05-27T11:19:01.041965Z,2024,5,27,66.072600,22.205700,7.0,0,23.5,1,mainland,0,0,0,0,0,0
2024-05-27T11:22:32.013511Z,2024,5,27,66.040300,22.138000,5.0,0,27.7,1,mainland,0,0,0,0,0,0
2024-05-27T11:23:29.549218Z,2024,5,27,66.077400,22.238300,8.0,0,6.7,1,mainland,0,0,0,0,0,0
2024-05-27T11:23:29.549605Z,2024,5,27,66.054700,22.261300,7.0,0,23.2,1,mainland,0,0,0,0,0,0
2024-05-27T11:23:29.549621Z,2024,5,27,66.070600,22.256600,-14.0,0,9.6,1,mainland,0,0,0,0,0,0
2024-05-27T11:23:29.550155Z,2024,5,27,66.169100,22.273600,7.0,0,30.4,1,mainland,0,0,0,0,0,1
2024-05-27T11:23:29.551168Z,2024,5,27,66.069300,22.250000,7.0,0,20.0,1,mainland,0,0,0,0,0,0
2024-05-27T11:26:27.117747Z,2024,5,27,66.072300,22.225100,11.0,0,14.7,1,mainland,0,0,0,0,0,0
2024-05-27T11:26:27.118944Z,2024,5,27,66.062000,22.157600,6.0,0,4.7,1,mainland,0,0,0,0,0,0
2024-05-27T11:27:33.804093Z,2024,5,27,66.052000,22.343800,-29.0,0,10.8,1,mainland,0,0,0,0,0,0
2024-05-27T11:27:33.825505Z,2024,5,27,66.054400,22.352100,-10.0,0,18.8,1,mainland,0,0,0,0,0,0
2024-05-27T11:27:33.852791Z,2024,5,27,66.050700,22.344800,-17.0,0,25.0,1,mainland,0,0,0,0,0,0
2024-05-27T11:27:33.886958Z,2024,5,27,66.018700,22.297200,-20.0,0,8.7,1,mainland,0,0,0,0,0,0
2024-05-27T11:27:53.958251Z,2024,5,27,66.087200,22.156000,6.0,0,8.2,1,mainland,0,0,0,0,0,0
2024-05-27T11:28:13.470308Z,2024,5,27,66.074200,22.237000,7.0,0,13.7,1,mainland,0,0,0,0,0,0
2024-05-27T11:28:34.660688Z,2024,5,27,66.052700,22.272400,8.0,0,16.7,1,mainland,0,0,0,0,0,0
2024-05-27T11:28:34.661197Z,2024,5,27,66.079300,22.263400,6.0,0,2.6,1,mainland,0,0,0,0,0,0
2024-05-27T11:28:53.233935Z,2024,5,27,66.065200,22.162500,7.0,0,12.4,1,mainland,0,0,0,0,0,0
2024-05-27T11:29:33.444191Z,2024,5,27,66.081900,22.258700,6.0,0,22.7,1,mainland,0,0,0,0,0,0
2024-05-27T11:29:33.460900Z,2024,5,27,66.076600,22.245600,10.0,0,30.4,1,mainland,0,0,0,0,0,0
2024-05-27T11:30:07.896228Z,2024,5,27,66.085100,22.225400,8.0,0,19.7,1,mainland,0,0,0,0,0,0
2024-05-27T11:30:07.899809Z,2024,5,27,66.085500,22.209200,5.0,0,10.5,1,mainland,0,0,0,0,0,0
2024-05-27T11:33:34.758299Z,2024,5,27,66.090000,22.333900,6.0,0,14.5,1,mainland,0,0,0,0,0,0
2024-05-27T11:35:37.474821Z,2024,5,27,66.105200,22.300600,7.0,0,5.5,1,mainland,0,0,0,0,0,0
2024-05-27T11:36:54.059932Z,2024,5,27,66.106500,22.307000,9.0,0,27.3,1,mainland,0,0,0,0,0,0
2024-05-27T11:36:54.060473Z,2024,5,27,66.051800,22.238800,15.0,0,30.4,1,inland_water,0,0,0,0,0,0
2024-05-27T11:36:54.061236Z,2024,5,27,66.071400,22.197500,12.0,0,20.6,1,mainland,0,0,0,0,0,0
2024-05-27T11:36:54.061802Z,2024,5,27,66.107400,22.305700,8.0,0,13.6,1,mainland,0,0,0,0,0,0
2024-05-27T11:36:54.238063Z,2024,5,27,66.119400,22.218400,-17.0,0,11.0,1,mainland,0,0,0,0,0,0
2024-05-27T11:37:22.832368Z,2024,5,27,66.031700,22.424600,8.0,0,8.1,1,mainland,0,0,0,0,0,0
2024-05-27T11:37:22.832594Z,2024,5,27,66.036900,22.409700,7.0,0,8.4,1,mainland,0,0,0,0,0,0
2024-05-27T11:38:58.777106Z,2024,5,27,66.088800,22.321900,9.0,0,8.8,1,mainland,0,0,0,0,0,0
2024-05-27T11:38:58.795029Z,2024,5,27,66.089500,22.300400,5.0,0,6.1,1,mainland,0,0,0,0,0,0
2024-05-27T11:39:35.606082Z,2024,5,27,66.090100,22.315300,5.0,0,8.7,1,mainland,0,0,0,0,0,0
2024-05-27T11:39:35.912183Z,2024,5,27,66.094800,22.318700,7.0,0,3.9,1,mainland,0,0,0,0,0,0
2024-05-27T11:41:27.675216Z,2024,5,27,66.098000,22.354400,6.0,0,9.5,1,mainland,0,0,0,0,0,0
2024-05-27T11:43:58.420077Z,2024,5,27,66.088100,22.338200,10.0,0,18.7,1,mainland,0,0,0,0,0,0
2024-05-27T11:46:15.485513Z,2024,5,27,66.063900,22.269500,6.0,0,28.4,1,mainland,0,0,0,0,0,0
2024-05-27T12:01:42.742330Z,2024,5,27,66.203200,22.126300,-5.0,0,11.8,1,mainland,0,0,0,0,0,0
2024-05-27T12:05:06.228555Z,2024,5,27,66.267900,22.166500,7.0,0,17.7,1,mainland,0,0,0,1,1,1
2024-05-28T12:29:59.014002Z,2024,5,28,66.246000,22.098200,-10.0,0,10.0,1,mainland,0,0,0,0,0,0
2024-06-07T17:08:41.517520Z,2024,6,7,65.713000,21.861500,5.0,0,3.0,1,mainland,0,0,0,0,0,0
2024-06-09T18:22:24.437623Z,2024,6,9,65.692500,22.762000,8.0,0,8.5,1,sea,0,0,0,0,0,1
2024-06-09T18:39:40.550712Z,2024,6,9,65.959300,22.479100,9.0,0,5.0,1,mainland,0,0,0,0,0,0
2024-06-09T18:39:40.561882Z,2024,6,9,65.964800,22.460700,13.0,0,21.1,1,mainland,0,0,0,0,0,0
2024-06-09T18:47:00.937564Z,2024,6,9,65.990500,22.415000,8.0,0,15.9,1,mainland,0,0,0,0,0,0
2024-06-09T18:47:00.945777Z,2024,6,9,65.995500,22.439400,7.0,0,9.3,1,mainland,0,0,0,0,0,0
2024-06-09T18:47:00.954776Z,2024,6,9,66.006700,22.456300,98.0,0,24.8,1,mainland,0,0,0,0,0,1
2024-06-09T18:48:42.877765Z,2024,6,9,66.007000,22.424800,6.0,0,15.7,1,mainland,0,0,0,0,0,0
2024-06-09T18:48:42.888544Z,2024,6,9,66.004300,22.417600,6.0,0,17.4,1,mainland,0,0,0,0,0,0
2024-06-09T18:48:42.951160Z,2024,6,9,65.974100,22.382200,24.0,0,11.7,1,mainland,0,0,0,0,0,0
2024-06-10T12:26:51.712098Z,2024,6,10,65.735400,22.016300,7.0,0,3.5,1,mainland,0,0,0,0,0,0
2024-06-11T08:56:15.140110Z,2024,6,11,65.612100,21.640100,-147.0,0,25.4,1,mainland,0,0,0,0,0,0
2024-06-11T09:15:00.176529Z,2024,6,11,65.731400,22.527600,-14.0,0,0.0,1,sea,0,0,1,0,0,0
2024-06-11T09:16:57.606946Z,2024,6,11,65.676300,22.753700,-20.0,0,9.4,1,sea,0,0,0,0,0,0
2024-06-11T10:02:13.447531Z,2024,6,11,65.808200,22.084700,10.0,0,17.0,1,mainland,0,0,0,0,0,0
2024-06-11T10:02:13.459788Z,2024,6,11,65.866700,22.106300,5.0,0,11.4,1,mainland,0,0,0,0,0,0
2024-06-11T10:04:49.472726Z,2024,6,11,65.806200,22.059100,7.0,0,9.1,1,mainland,0,0,0,0,0,0
2024-06-11T10:06:26.147345Z,2024,6,11,65.811900,22.091800,11.0,0,3.8,1,mainland,0,0,0,0,0,0
2024-06-11T10:06:26.147346Z,2024,6,11,65.815700,22.078100,9.0,0,6.0,1,mainland,0,0,0,0,0,0
2024-06-11T10:12:00.454221Z,2024,6,11,65.807300,22.101200,10.0,0,9.0,1,mainland,0,0,0,0,0,0
2024-06-11T10:12:00.454719Z,2024,6,11,65.814600,22.095000,10.0,0,17.9,1,mainland,0,0,0,0,0,0
2024-06-11T10:12:00.455751Z,2024,6,11,65.803500,22.136400,8.0,0,28.5,1,mainland,0,0,0,0,0,0
2024-06-11T10:58:48.433696Z,2024,6,11,65.711500,21.875600,8.0,0,8.1,1,mainland,0,0,0,0,0,0
2024-06-11T10:58:48.434171Z,2024,6,11,65.715600,21.858800,6.0,0,7.7,1,mainland,0,0,0,0,0,0
2024-06-11T10:58:48.589958Z,2024,6,11,65.655400,21.858900,-14.0,0,4.5,1,mainland,0,0,0,0,0,0
2024-06-11T11:01:56.268505Z,2024,6,11,65.732300,21.857400,-37.0,0,11.4,1,mainland,0,0,0,0,1,1
2024-06-11T11:01:56.270251Z,2024,6,11,65.710300,21.916600,-8.0,0,22.4,1,mainland,0,0,0,0,0,0
2024-06-11T11:04:26.827140Z,2024,6,11,65.722200,21.853400,17.0,0,17.2,1,mainland,0,0,0,0,0,0
2024-06-11T11:04:26.827144Z,2024,6,11,65.708600,21.838300,20.0,0,17.5,1,mainland,0,0,0,0,0,0
2024-06-11T11:04:26.999241Z,2024,6,11,65.658700,21.941400,-13.0,0,4.9,1,mainland,0,0,0,0,0,0
2024-06-11T11:19:11.860486Z,2024,6,11,65.702100,21.880600,6.0,0,3.5,1,mainland,0,0,0,0,0,0
2024-06-11T11:20:57.740703Z,2024,6,11,65.698400,21.943800,8.0,0,25.9,1,mainland,0,0,0,0,0,0
2024-06-11T11:22:46.499065Z,2024,6,11,65.708000,21.905200,9.0,0,5.8,1,mainland,0,0,0,0,0,0
2024-06-11T11:22:46.506102Z,2024,6,11,65.691900,21.787400,21.0,0,22.1,1,mainland,0,0,0,0,1,1
2024-06-11T11:27:08.606041Z,2024,6,11,65.702100,21.917400,8.0,0,5.5,1,mainland,0,0,0,0,0,0
2024-06-11T11:27:08.606758Z,2024,6,11,65.704000,21.893000,12.0,0,6.3,1,mainland,0,0,0,0,0,0
2024-06-11T11:28:31.672866Z,2024,6,11,65.692300,21.865000,30.0,0,16.7,1,mainland,0,0,0,0,0,0
2024-06-11T11:28:31.672866Z,2024,6,11,65.691600,21.867200,22.0,0,17.0,1,mainland,0,0,0,0,0,0
2024-06-11T11:28:31.673428Z,2024,6,11,65.698900,21.865900,11.0,0,12.6,1,mainland,0,0,0,0,0,0
2024-06-11T11:33:01.947803Z,2024,6,11,65.720000,21.877200,6.0,0,9.5,1,mainland,0,0,0,0,0,0
2024-06-11T11:41:13.911212Z,2024,6,11,65.783300,21.895800,10.0,0,30.4,1,mainland,0,0,0,1,1,1
2024-06-11T11:50:23.533387Z,2024,6,11,65.683200,21.901000,-7.0,0,11.2,1,mainland,0,0,0,0,0,0
2024-06-11T11:52:28.836535Z,2024,6,11,65.684000,21.888400,11.0,0,9.3,1,mainland,0,0,0,0,0,0
2024-06-11T11:52:28.857680Z,2024,6,11,65.698200,21.894000,4.0,0,2.0,1,mainland,0,0,0,0,0,0
2024-06-11T11:54:56.732565Z,2024,6,11,65.658200,21.933700,7.0,0,8.7,1,mainland,0,0,0,0,0,0
2024-06-11T11:56:55.163631Z,2024,6,11,65.336800,23.082600,4.0,0,0.0,1,sea,0,0,0,0,0,1
2024-06-11T12:04:11.126991Z,2024,6,11,65.684000,21.849200,9.0,0,14.2,1,mainland,0,0,0,0,0,0
2024-06-11T12:09:03.066928Z,2024,6,11,65.666700,21.859500,11.0,0,3.9,1,inland_water,0,0,0,0,0,0
2024-06-11T12:09:03.067969Z,2024,6,11,65.669000,21.837700,6.0,0,19.3,1,mainland,0,0,0,0,0,0
2024-06-11T12:09:03.068450Z,2024,6,11,65.668900,21.835300,6.0,0,13.5,1,inland_water,0,0,0,0,0,0
2024-06-11T12:10:22.059963Z,2024,6,11,65.710900,21.823400,7.0,0,5.7,1,mainland,0,0,0,0,0,1
2024-06-11T12:10:22.061042Z,2024,6,11,65.664100,21.854800,12.0,0,7.9,1,inland_water,0,0,0,0,0,0
2024-06-11T12:10:22.062002Z,2024,6,11,65.668100,21.836800,8.0,0,2.9,1,inland_water,0,0,0,0,0,0
2024-06-11T12:12:06.268226Z,2024,6,11,65.662600,21.886800,-10.0,0,9.9,1,inland_water,0,0,0,0,0,0
2024-06-11T12:12:06.272892Z,2024,6,11,65.693200,21.970900,-5.0,0,7.6,1,mainland,0,0,0,0,0,0
2024-06-11T12:12:06.276499Z,2024,6,11,65.662200,21.891600,-8.0,0,3.1,1,inland_water,0,0,0,0,0,0
2024-06-11T12:14:29.811357Z,2024,6,11,65.633400,21.891300,-14.0,0,6.5,1,mainland,0,0,0,0,0,0
2024-06-11T12:14:29.811610Z,2024,6,11,65.629000,21.909000,5.0,0,0.0,1,mainland,0,0,0,0,0,0
2024-06-11T12:14:29.831740Z,2024,6,11,65.640100,21.881900,-6.0,0,3.6,1,mainland,0,0,0,0,0,0
2024-06-11T12:15:43.861310Z,2024,6,11,65.614800,21.906000,-11.0,0,10.0,1,mainland,0,0,0,0,0,0
2024-06-11T12:15:44.026715Z,2024,6,11,65.609100,21.886100,9.0,0,16.0,1,inland_water,0,0,0,0,0,0
2024-06-11T12:15:44.027228Z,2024,6,11,65.603700,21.910600,7.0,0,13.0,1,mainland,0,0,0,0,0,0
2024-06-11T12:18:08.057542Z,2024,6,11,65.553700,22.931200,-6.0,0,4.3,1,sea,0,0,0,0,1,1
2024-06-11T12:18:24.209506Z,2024,6,11,65.968300,21.901700,-5.0,0,5.5,1,mainland,0,0,0,0,0,0
2024-06-11T12:19:40.353146Z,2024,6,11,65.548200,22.060700,8.0,0,23.2,1,mainland,0,0,0,0,0,0
2024-06-11T12:21:41.335289Z,2024,6,11,65.630600,21.862400,-18.0,0,14.3,1,mainland,0,0,0,0,0,0
2024-06-11T12:21:41.335436Z,2024,6,11,65.612300,21.891400,-20.0,0,26.7,1,mainland,0,0,0,0,0,0
2024-06-11T12:21:41.335459Z,2024,6,11,65.630000,21.868800,-20.0,0,0.0,1,mainland,0,0,0,0,0,0
2024-06-11T12:21:41.335559Z,2024,6,11,65.762000,22.057900,9.0,0,0.0,1,mainland,0,0,0,0,0,0
2024-06-11T12:21:41.340046Z,2024,6,11,65.634700,21.900900,-7.0,0,7.3,1,mainland,0,0,0,0,0,0
2024-06-11T12:30:50.124265Z,2024,6,11,65.835600,22.130200,5.0,0,6.0,1,mainland,0,0,0,0,0,0
2024-06-11T12:31:49.032074Z,2024,6,11,65.982900,21.868700,6.0,0,8.8,1,mainland,0,0,0,0,0,1
2024-06-11T12:43:33.555529Z,2024,6,11,65.996700,21.955400,-24.0,0,14.8,1,mainland,0,0,0,0,0,0
2024-06-11T12:43:33.556391Z,2024,6,11,65.955300,21.972400,5.0,0,13.9,1,mainland,0,0,0,0,0,0
2024-06-11T12:44:27.879531Z,2024,6,11,65.989000,21.870800,7.0,0,15.9,1,mainland,0,0,0,1,1,1
2024-06-11T12:46:10.918191Z,2024,6,11,65.982900,21.899000,12.0,0,6.0,1,mainland,0,0,0,0,0,0
2024-06-11T12:46:10.918747Z,2024,6,11,65.983000,21.872700,27.0,0,17.8,1,mainland,0,0,0,0,0,1
2024-06-11T12:46:10.919632Z,2024,6,11,65.975600,21.932700,4.0,0,10.5,1,mainland,0,0,0,0,0,0
2024-06-11T12:46:31.468735Z,2024,6,11,65.571200,21.962500,-45.0,0,18.2,1,mainland,0,0,0,0,0,0
2024-06-11T12:46:31.481180Z,2024,6,11,65.567400,21.941900,-6.0,0,4.4,1,mainland,0,0,0,0,0,0
2024-06-11T12:46:31.484059Z,2024,6,11,65.568000,21.946700,-7.0,0,6.6,1,mainland,0,0,0,0,0,0
2024-06-11T12:46:31.487260Z,2024,6,11,65.566000,21.986300,-10.0,0,10.7,1,mainland,0,0,0,0,0,0
2024-06-11T12:47:45.806035Z,2024,6,11,65.985300,21.872500,13.0,0,19.4,1,mainland,0,0,0,0,0,1
2024-06-11T12:47:45.807444Z,2024,6,11,65.979000,21.877200,12.0,0,11.1,1,mainland,0,0,0,0,0,0
2024-06-11T12:47:45.813584Z,2024,6,11,65.978000,21.864600,8.0,0,10.3,1,mainland,0,0,0,0,0,1
2024-06-11T12:50:32.798162Z,2024,6,11,65.243700,22.637900,4.0,0,1.5,1,sea,0,0,0,0,0,0
2024-06-11T12:50:32.798424Z,2024,6,11,65.549100,21.959900,7.0,0,6.8,1,mainland,0,0,0,0,0,0
2024-06-11T12:50:32.798426Z,2024,6,11,65.557600,21.968700,11.0,0,19.9,1,mainland,0,0,0,0,0,0
2024-06-11T12:50:32.799803Z,2024,6,11,65.416900,22.086800,4.0,0,20.3,1,sea,0,0,0,0,0,0
2024-06-11T12:50:32.818890Z,2024,6,11,65.572500,21.947300,8.0,0,12.0,1,mainland,0,0,0,0,0,0
2024-06-11T12:50:46.916779Z,2024,6,11,65.477000,21.792300,14.0,0,8.0,1,mainland,0,0,0,0,0,0
2024-06-11T12:50:46.916790Z,2024,6,11,65.506800,21.831000,12.0,0,4.3,1,mainland,0,0,0,0,0,0
2024-06-11T12:51:57.764315Z,2024,6,11,65.566100,21.999300,12.0,0,7.9,1,mainland,0,0,0,0,0,0
2024-06-11T12:51:57.765777Z,2024,6,11,65.563700,21.986800,7.0,0,2.9,1,mainland,0,0,0,0,0,0
2024-06-11T12:51:57.766264Z,2024,6,11,65.565900,21.973400,6.0,0,4.6,1,mainland,0,0,0,0,0,0
2024-06-11T12:52:56.928289Z,2024,6,11,65.569100,21.986400,5.0,0,1.8,1,mainland,0,0,0,0,0,0
2024-06-11T12:58:10.884895Z,2024,6,11,65.570000,21.973600,8.0,0,3.1,1,mainland,0,0,0,0,0,0
2024-06-11T12:58:34.888813Z,2024,6,11,65.890400,22.398900,7.0,0,12.6,1,inland_water,0,0,0,0,0,0
2024-06-11T13:01:36.204823Z,2024,6,11,65.776900,22.179300,15.0,0,22.5,1,mainland,0,0,0,0,0,0
2024-06-11T13:02:09.742856Z,2024,6,11,65.983900,22.311300,10.0,0,18.6,1,mainland,0,0,0,0,0,0
2024-06-11T13:02:09.743250Z,2024,6,11,65.979800,22.326600,11.0,0,16.9,1,mainland,0,0,0,0,0,0
2024-06-11T13:02:09.743260Z,2024,6,11,65.978600,22.330400,6.0,0,0.0,1,mainland,0,0,0,0,0,0
2024-06-11T13:02:09.743743Z,2024,6,11,65.979100,22.329100,14.0,0,7.2,1,mainland,0,0,0,0,0,0
2024-06-11T13:03:27.892074Z,2024,6,11,65.854000,22.204300,11.0,0,25.7,1,mainland,0,0,0,0,0,0
2024-06-11T13:03:48.591105Z,2024,6,11,65.973200,22.321100,8.0,0,5.5,1,mainland,0,0,0,0,0,0
2024-06-11T13:03:48.591567Z,2024,6,11,65.969300,22.350200,7.0,0,5.7,1,mainland,0,0,0,0,0,0
2024-06-11T13:07:12.745842Z,2024,6,11,65.977800,22.339100,12.0,0,17.8,1,mainland,0,0,0,0,0,0
2024-06-11T13:07:12.843745Z,2024,6,11,65.914400,22.271700,-5.0,0,3.6,1,inland_water,0,0,0,0,0,0
2024-06-11T13:07:13.814915Z,2024,6,11,65.537100,22.002500,18.0,0,7.4,1,mainland,0,0,0,0,0,0
2024-06-11T13:07:13.814924Z,2024,6,11,65.567500,22.025300,13.0,0,11.4,1,mainland,0,0,0,0,0,0
2024-06-11T13:09:04.601947Z,2024,6,11,65.505300,22.076500,12.0,0,21.6,1,sea,1,1,1,0,0,0
2024-06-11T13:09:04.602442Z,2024,6,11,65.530700,22.010000,10.0,0,20.3,1,mainland,0,0,0,0,0,0
2024-06-11T13:09:04.603932Z,2024,6,11,65.533000,21.989400,14.0,0,16.5,1,mainland,0,0,0,0,0,0
2024-06-11T13:09:04.635755Z,2024,6,11,65.547900,21.994200,7.0,0,5.4,1,mainland,0,0,0,0,0,0
2024-06-11T13:09:04.790681Z,2024,6,11,65.549000,21.738600,-14.0,0,3.1,1,mainland,0,0,0,0,0,0
2024-06-11T13:17:46.418095Z,2024,6,11,66.159000,22.100600,10.0,0,23.5,1,mainland,0,0,0,0,0,0
2024-06-11T13:19:42.272127Z,2024,6,11,66.143500,22.098900,8.0,0,7.9,1,mainland,0,0,0,0,0,0
2024-06-11T13:19:42.273377Z,2024,6,11,66.144600,22.096100,6.0,0,1.8,1,mainland,0,0,0,0,0,0
2024-06-11T13:19:42.274182Z,2024,6,11,66.150100,22.102000,11.0,0,20.5,1,mainland,0,0,0,0,0,0
2024-06-11T13:20:53.420897Z,2024,6,11,66.145900,22.099900,8.0,0,12.8,1,mainland,0,0,0,0,0,0
2024-06-11T13:20:53.421359Z,2024,6,11,66.142000,22.150000,4.0,0,9.3,1,mainland,0,0,0,0,0,0
2024-06-11T13:22:04.705192Z,2024,6,11,66.152800,22.076100,6.0,0,7.7,1,mainland,0,0,0,0,0,0
2024-06-11T13:24:04.756218Z,2024,6,11,65.908700,22.216200,7.0,0,0.0,1,mainland,0,0,0,0,0,0
2024-06-11T13:24:04.756461Z,2024,6,11,65.906300,22.217200,12.0,0,22.8,1,mainland,0,0,0,0,0,0
2024-06-11T13:24:04.778904Z,2024,6,11,65.923300,22.197300,6.0,0,7.6,1,mainland,0,0,0,0,0,0
2024-06-11T13:26:11.444818Z,2024,6,11,65.918200,22.189300,10.0,0,0.0,1,mainland,0,0,0,0,0,0
2024-06-11T13:26:11.444821Z,2024,6,11,65.918600,22.198300,14.0,0,0.0,1,mainland,0,0,0,0,0,0
2024-06-11T13:26:11.445078Z,2024,6,11,65.907100,22.211000,28.0,0,12.1,1,mainland,0,0,0,0,0,0
2024-06-11T13:26:11.445495Z,2024,6,11,65.913600,22.220200,12.0,0,0.0,1,mainland,0,0,0,0,0,0
2024-06-11T13:29:32.764808Z,2024,6,11,65.916600,22.206400,9.0,0,14.3,1,mainland,0,0,0,0,0,0
2024-06-11T13:29:32.765317Z,2024,6,11,65.875900,22.232900,8.0,0,0.0,1,mainland,0,0,0,0,0,0
2024-06-11T13:29:32.765804Z,2024,6,11,65.879500,22.221300,19.0,0,23.1,1,inland_water,0,0,0,0,0,0
2024-06-11T13:29:32.765817Z,2024,6,11,65.911800,22.195100,18.0,0,23.5,1,mainland,0,0,0,0,0,0
2024-06-11T13:29:32.765847Z,2024,6,11,65.902400,22.161800,18.0,0,23.7,1,mainland,0,0,0,0,0,0
2024-06-11T13:29:32.766607Z,2024,6,11,65.915100,22.311500,7.0,0,13.2,1,mainland,0,0,0,0,0,0
2024-06-11T13:29:32.771972Z,2024,6,11,65.913800,22.211100,8.0,0,9.3,1,mainland,0,0,0,0,0,0
2024-06-11T13:29:32.866444Z,2024,6,11,65.869100,22.281300,-17.0,0,6.6,1,inland_water,0,0,0,0,0,0
2024-06-11T13:30:07.946073Z,2024,6,11,66.071800,22.283000,7.0,0,7.8,1,mainland,0,0,0,0,0,0
2024-06-11T13:31:26.168677Z,2024,6,11,65.900200,22.217900,11.0,0,10.5,1,mainland,0,0,0,0,0,0
2024-06-11T13:33:27.431011Z,2024,6,11,66.066900,22.272800,9.0,0,9.3,1,mainland,0,0,0,0,0,0
2024-06-11T13:33:27.431640Z,2024,6,11,66.070300,22.277500,7.0,0,3.0,1,mainland,0,0,0,0,0,0
2024-06-11T13:34:07.973017Z,2024,6,11,65.898500,22.225900,7.0,0,6.7,1,mainland,0,0,0,0,0,0
2024-06-11T13:34:07.977490Z,2024,6,11,65.861900,22.296600,5.0,0,2.5,1,mainland,0,0,0,0,0,0
2024-06-11T13:34:08.093209Z,2024,6,11,65.852200,22.163900,-9.0,0,4.6,1,inland_water,0,0,0,0,0,0
2024-06-11T13:36:55.843242Z,2024,6,11,65.901600,22.238600,8.0,0,18.2,1,mainland,0,0,0,0,0,0
2024-06-11T13:38:52.645916Z,2024,6,11,66.068300,22.184200,14.0,0,0.0,1,mainland,0,0,0,0,0,0
2024-06-11T13:38:52.646233Z,2024,6,11,66.003100,22.179700,50.0,0,27.7,1,mainland,0,0,0,0,0,0
2024-06-11T13:38:52.646298Z,2024,6,11,66.066100,22.193900,42.0,0,28.4,1,mainland,0,0,0,0,0,0
2024-06-11T13:38:52.646666Z,2024,6,11,66.052200,22.231500,18.0,0,12.9,1,mainland,0,0,0,0,0,0
2024-06-11T13:38:52.647548Z,2024,6,11,66.051200,22.238900,7.0,0,9.2,1,mainland,0,0,0,0,0,0
2024-06-11T13:39:27.363040Z,2024,6,11,65.890100,22.136500,-7.0,0,7.4,1,mainland,0,0,0,0,0,0
2024-06-11T13:40:00.977642Z,2024,6,11,66.047500,22.237900,6.0,0,0.0,1,mainland,0,0,0,0,0,0
2024-06-11T13:40:00.977828Z,2024,6,11,66.048400,22.238200,10.0,0,0.0,1,mainland,0,0,0,0,0,0
2024-06-11T13:40:00.978153Z,2024,6,11,66.061900,22.265400,14.0,0,13.4,1,mainland,0,0,0,0,0,0
2024-06-11T13:40:00.978459Z,2024,6,11,66.056900,22.251500,16.0,0,13.0,1,mainland,0,0,0,0,0,0
2024-06-11T13:40:00.980044Z,2024,6,11,66.053900,22.228900,9.0,0,9.8,1,mainland,0,0,0,0,0,0
2024-06-11T13:41:56.829808Z,2024,6,11,66.051900,22.235200,18.0,0,25.4,1,mainland,0,0,0,0,0,0
2024-06-11T13:41:56.829810Z,2024,6,11,66.060200,22.227900,10.0,0,22.5,1,mainland,0,0,0,0,0,0
2024-06-11T13:41:56.830323Z,2024,6,11,65.955700,22.284300,7.0,0,14.8,1,mainland,0,0,0,0,0,0
2024-06-11T13:41:56.832517Z,2024,6,11,66.059100,22.220300,6.0,0,9.8,1,mainland,0,0,0,0,0,0
2024-06-11T13:46:30.293295Z,2024,6,11,66.108800,22.272700,6.0,0,3.9,1,mainland,0,0,0,0,0,0
2024-06-11T13:46:30.436624Z,2024,6,11,66.061100,22.366600,-17.0,0,8.2,1,mainland,0,0,0,0,0,0
2024-06-11T13:46:30.438345Z,2024,6,11,65.782700,22.339000,7.0,0,8.7,1,sea,1,1,1,0,0,0
2024-06-11T13:48:59.733311Z,2024,6,11,66.041000,22.359000,15.0,0,23.7,1,mainland,0,0,0,0,0,0
2024-06-11T13:48:59.735366Z,2024,6,11,66.042100,22.353800,8.0,0,11.0,1,mainland,0,0,0,0,0,0
2024-06-11T13:50:06.625328Z,2024,6,11,66.037100,22.344700,4.0,0,5.6,1,mainland,0,0,0,0,0,0
2024-06-11T13:50:06.813089Z,2024,6,11,66.039600,22.349800,6.0,0,2.7,1,mainland,0,0,0,0,0,0
2024-06-11T13:51:23.027195Z,2024,6,11,66.058000,22.390200,9.0,0,0.0,1,mainland,0,0,0,0,0,0
2024-06-11T13:51:23.027758Z,2024,6,11,66.053500,22.318500,18.0,0,14.2,1,mainland,0,0,0,0,0,0
2024-06-11T13:51:23.027759Z,2024,6,11,66.050800,22.309700,15.0,0,5.5,1,mainland,0,0,0,0,0,0
2024-06-11T13:51:23.028442Z,2024,6,11,66.040000,22.342300,10.0,0,15.1,1,mainland,0,0,0,0,0,0
2024-06-11T13:52:35.754499Z,2024,6,11,66.001800,22.452700,9.0,0,13.9,1,mainland,0,0,0,0,0,0
2024-06-11T13:52:35.801180Z,2024,6,11,65.974700,22.478000,-14.0,0,8.3,1,mainland,0,0,0,0,0,0
2024-06-11T13:53:10.627269Z,2024,6,11,66.040700,22.324300,9.0,0,12.3,1,mainland,0,0,0,0,0,0
2024-06-11T13:54:39.608888Z,2024,6,11,66.037600,22.331800,6.0,0,0.0,1,mainland,0,0,0,0,0,0
2024-06-11T13:54:39.609072Z,2024,6,11,66.037200,22.334800,10.0,0,0.0,1,mainland,0,0,0,0,0,0
2024-06-11T13:54:39.609475Z,2024,6,11,66.036800,22.330900,12.0,0,8.9,1,mainland,0,0,0,0,0,0
2024-06-11T13:54:39.610475Z,2024,6,11,66.039200,22.329500,8.0,0,13.8,1,mainland,0,0,0,0,0,0
2024-06-11T13:54:39.618764Z,2024,6,11,66.025200,22.351900,8.0,0,16.6,1,mainland,0,0,0,0,0,0
2024-06-11T13:54:39.803684Z,2024,6,11,65.963900,22.318900,-7.0,0,17.8,1,mainland,0,0,0,0,0,0
2024-06-11T13:55:57.438647Z,2024,6,11,66.026000,22.304500,6.0,0,11.5,1,mainland,0,0,0,0,0,0
2024-06-11T13:55:57.456199Z,2024,6,11,66.044300,22.303500,8.0,0,18.0,1,mainland,0,0,0,0,0,0
2024-06-11T13:55:57.463645Z,2024,6,11,66.041400,22.302000,7.0,0,3.3,1,mainland,0,0,0,0,0,0
2024-06-11T13:57:09.295819Z,2024,6,11,66.021500,22.286600,6.0,0,3.7,1,mainland,0,0,0,0,0,0
2024-06-11T13:57:09.297960Z,2024,6,11,66.025300,22.287500,7.0,0,13.6,1,mainland,0,0,0,0,0,0
2024-06-11T13:58:16.695994Z,2024,6,11,66.028300,22.266300,8.0,0,9.4,1,mainland,0,0,0,0,0,0
2024-06-11T13:58:16.696659Z,2024,6,11,66.029300,22.282700,7.0,0,15.4,1,mainland,0,0,0,0,0,0
2024-06-11T13:58:16.697330Z,2024,6,11,66.022700,22.234600,6.0,0,19.9,1,mainland,0,0,0,0,0,0
2024-06-11T14:04:12.006027Z,2024,6,11,65.947700,22.529100,7.0,0,9.1,1,mainland,0,0,0,0,1,1
2024-06-11T14:05:14.316993Z,2024,6,11,66.015200,22.270600,9.0,0,1.9,1,mainland,0,0,0,0,0,0
2024-06-11T14:05:14.335972Z,2024,6,11,66.013200,22.201200,6.0,0,5.6,1,mainland,0,0,0,0,0,0
2024-06-11T14:06:50.950588Z,2024,6,11,66.009600,22.229000,6.0,0,9.9,1,mainland,0,0,0,0,0,0
2024-06-11T14:06:50.951074Z,2024,6,11,66.002200,22.236600,7.0,0,3.0,1,mainland,0,0,0,0,0,0
2024-06-11T14:06:50.990878Z,2024,6,11,66.040500,22.282300,7.0,0,10.9,1,mainland,0,0,0,0,0,0
2024-06-11T14:07:57.829980Z,2024,6,11,66.013200,22.279900,6.0,0,15.0,1,mainland,0,0,0,0,0,0
2024-06-11T14:08:47.363121Z,2024,6,11,65.998300,22.468200,-11.0,0,5.5,1,mainland,0,0,0,0,0,1
2024-06-11T14:09:18.869790Z,2024,6,11,66.027500,22.260900,7.0,0,18.2,1,mainland,0,0,0,0,0,0
2024-06-11T14:10:08.357468Z,2024,6,11,65.964200,22.502100,8.0,0,2.6,1,mainland,0,0,0,0,0,0
2024-06-11T14:11:01.554596Z,2024,6,11,65.970200,22.370500,7.0,0,6.0,1,mainland,0,0,0,0,0,0
2024-06-11T14:11:01.554598Z,2024,6,11,65.982800,22.365600,9.0,0,5.4,1,mainland,0,0,0,0,0,0
2024-06-11T14:11:01.808825Z,2024,6,11,65.995200,22.425200,-10.0,0,6.2,1,mainland,0,0,0,0,0,0
2024-06-11T14:11:34.819016Z,2024,6,11,65.971000,22.495100,16.0,0,7.0,1,mainland,0,0,0,0,0,1
2024-06-11T14:11:34.819820Z,2024,6,11,65.969200,22.494500,10.0,0,5.2,1,mainland,0,0,0,0,0,0
2024-06-11T14:12:56.448908Z,2024,6,11,65.985300,22.360900,12.0,0,12.0,1,mainland,0,0,0,0,0,0
2024-06-11T14:12:56.449781Z,2024,6,11,65.985900,22.353700,7.0,0,5.6,1,mainland,0,0,0,0,0,0
2024-06-11T14:14:11.992350Z,2024,6,11,65.964900,22.507100,13.0,0,8.7,1,mainland,0,0,0,0,0,1
2024-06-11T14:14:12.007113Z,2024,6,11,65.970000,22.492400,8.0,0,14.8,1,mainland,0,0,0,0,0,0
2024-06-11T14:16:38.093403Z,2024,6,11,65.978600,22.408000,8.0,0,0.0,1,mainland,0,0,0,0,0,0
2024-06-11T14:16:38.093737Z,2024,6,11,65.951900,22.310200,20.0,0,27.5,1,mainland,0,0,0,0,0,0
2024-06-11T14:16:38.093753Z,2024,6,11,65.979300,22.388800,14.0,0,7.8,1,mainland,0,0,0,0,0,0
2024-06-11T14:16:38.093770Z,2024,6,11,65.976900,22.406500,17.0,0,7.6,1,mainland,0,0,0,0,0,0
2024-06-11T14:17:32.920159Z,2024,6,11,65.982700,22.375900,7.0,0,7.7,1,mainland,0,0,0,0,0,0
2024-06-11T14:17:32.920541Z,2024,6,11,65.973800,22.368100,5.0,0,5.6,1,mainland,0,0,0,0,0,0
2024-06-11T14:18:28.152058Z,2024,6,11,65.976800,22.376600,7.0,0,6.7,1,mainland,0,0,0,0,0,0
2024-06-11T14:19:19.191172Z,2024,6,11,65.972700,22.404500,8.0,0,10.1,1,mainland,0,0,0,0,0,0
2024-06-11T14:19:19.191528Z,2024,6,11,65.966600,22.389600,11.0,0,30.4,1,mainland,0,0,0,0,0,0
2024-06-11T14:19:19.489966Z,2024,6,11,66.035400,22.193900,9.0,0,11.8,1,mainland,0,0,0,0,0,0
2024-06-11T14:19:19.492465Z,2024,6,11,66.008400,22.220000,6.0,0,4.3,1,mainland,0,0,0,0,0,0
2024-06-11T14:19:19.493864Z,2024,6,11,66.004500,22.232700,5.0,0,19.6,1,mainland,0,0,0,0,0,0
2024-06-11T14:19:19.496359Z,2024,6,11,66.007500,22.227400,5.0,0,8.0,1,mainland,0,0,0,0,0,0
2024-06-11T14:20:49.745799Z,2024,6,11,65.969400,22.382400,6.0,0,16.7,1,mainland,0,0,0,0,0,0
2024-06-11T14:20:49.755730Z,2024,6,11,65.974800,22.350000,5.0,0,5.6,1,inland_water,0,0,0,0,0,0
2024-06-11T14:21:30.706953Z,2024,6,11,65.951000,22.470000,-26.0,0,18.5,1,mainland,0,0,0,0,0,0
2024-06-11T14:21:30.721458Z,2024,6,11,65.951800,22.464100,-6.0,0,3.3,1,mainland,0,0,0,0,0,0
2024-06-11T14:21:30.749264Z,2024,6,11,65.950900,22.470800,-22.0,0,8.0,1,mainland,0,0,0,0,0,0
2024-06-11T14:22:26.180339Z,2024,6,11,66.134200,22.182700,6.0,0,12.3,1,mainland,0,0,0,0,0,0
2024-06-11T14:22:26.191938Z,2024,6,11,65.972300,22.348100,7.0,0,13.2,1,mainland,0,0,0,0,0,0
2024-06-11T14:23:09.484497Z,2024,6,11,65.968600,22.352800,8.0,0,3.3,1,mainland,0,0,0,0,0,0
2024-06-11T14:23:09.485150Z,2024,6,11,65.966400,22.358500,6.0,0,6.7,1,mainland,0,0,0,0,0,0
2024-06-11T14:23:36.285531Z,2024,6,11,65.821100,22.220800,47.0,0,11.7,1,mainland,0,0,0,0,0,0
2024-06-11T14:25:06.932281Z,2024,6,11,65.956000,22.323900,5.0,0,3.8,1,mainland,0,0,0,0,0,0
2024-06-11T14:25:44.149131Z,2024,6,11,65.835500,22.175200,16.0,0,7.5,1,mainland,0,0,0,0,0,0
2024-06-11T14:26:25.025222Z,2024,6,11,65.959300,22.375300,14.0,0,12.4,1,mainland,0,0,0,0,0,0
2024-06-11T14:28:11.868790Z,2024,6,11,65.812600,22.230900,7.0,0,3.5,1,mainland,0,0,0,0,0,0
2024-06-11T14:28:56.173194Z,2024,6,11,65.958900,22.342600,6.0,0,8.2,1,mainland,0,0,0,0,0,0
2024-06-11T14:31:48.664143Z,2024,6,11,65.940900,22.350900,7.0,0,5.7,1,mainland,0,0,0,0,0,0
2024-06-11T14:31:48.672019Z,2024,6,11,65.935200,22.343100,6.0,0,10.7,1,mainland,0,0,0,0,0,0
2024-06-11T14:31:48.970358Z,2024,6,11,65.970700,22.213000,-25.0,0,14.7,1,mainland,0,0,0,0,0,0
2024-06-11T14:31:49.008378Z,2024,6,11,65.966900,22.196400,-6.0,0,5.4,1,mainland,0,0,0,0,0,0
2024-06-11T14:32:35.315019Z,2024,6,11,65.926600,22.383500,6.0,0,3.9,1,mainland,0,0,0,0,0,0
2024-06-11T14:33:21.812899Z,2024,6,11,65.824200,22.211700,-8.0,0,3.2,1,mainland,0,0,0,0,0,0
2024-06-11T14:34:47.763816Z,2024,6,11,65.973200,22.283300,7.0,0,7.4,1,mainland,0,0,0,0,0,0
2024-06-11T14:35:02.836287Z,2024,6,11,65.822600,22.210800,-9.0,0,2.6,1,mainland,0,0,0,0,0,0
2024-06-11T14:35:02.855393Z,2024,6,11,65.822100,22.219200,-8.0,0,9.9,1,mainland,0,0,0,0,0,0
2024-06-11T14:35:02.867772Z,2024,6,11,65.889800,22.184600,-5.0,0,3.0,1,mainland,0,0,0,0,0,0
2024-06-11T14:37:30.252411Z,2024,6,11,65.961600,22.345800,7.0,0,3.1,1,mainland,0,0,0,0,0,0
2024-06-11T14:37:52.196502Z,2024,6,11,65.721900,22.019300,12.0,0,8.5,1,mainland,0,0,0,0,0,0
2024-06-11T14:37:52.198018Z,2024,6,11,65.723200,21.991400,7.0,0,5.8,1,mainland,0,0,0,0,0,0
2024-06-11T14:37:52.198366Z,2024,6,11,65.708700,21.959300,8.0,0,13.9,1,mainland,0,0,0,0,0,0
2024-06-11T14:37:52.225643Z,2024,6,11,65.711300,22.016400,7.0,0,11.0,1,mainland,0,0,0,0,0,0
2024-06-11T14:37:52.267600Z,2024,6,11,65.755000,21.999800,-13.0,0,5.0,1,mainland,0,0,0,0,0,0
2024-06-11T14:37:52.267601Z,2024,6,11,65.752200,22.021700,-13.0,0,15.4,1,mainland,0,0,0,0,0,0
2024-06-11T14:37:52.267808Z,2024,6,11,65.753000,22.011300,-5.0,0,0.0,1,mainland,0,0,0,0,0,0
2024-06-11T14:38:48.085241Z,2024,6,11,65.922000,22.365200,8.0,0,3.0,1,mainland,0,0,0,0,0,0
2024-06-11T14:39:39.608154Z,2024,6,11,65.615300,22.267100,5.0,0,19.6,1,mainland,0,1,1,0,0,0
2024-06-11T14:39:39.704676Z,2024,6,11,65.680600,22.338700,-25.0,0,5.8,1,mainland,0,0,1,0,0,0
2024-06-11T14:40:33.307222Z,2024,6,11,65.788000,22.305900,-6.0,0,4.1,1,mainland,0,0,1,0,0,0
2024-06-11T14:40:33.312268Z,2024,6,11,65.818800,22.223100,-6.0,0,2.9,1,mainland,0,0,0,0,0,0
2024-06-11T14:41:38.462273Z,2024,6,11,65.634900,22.281200,-10.0,0,5.2,1,sea,1,1,1,0,0,0
2024-06-11T14:41:38.462498Z,2024,6,11,65.635000,22.280500,-6.0,0,0.0,1,mainland,1,1,1,0,0,0
2024-06-11T14:41:38.468348Z,2024,6,11,65.630800,22.280300,-6.0,0,4.3,1,sea,0,1,1,0,0,0
2024-06-11T14:41:38.472296Z,2024,6,11,65.637000,22.278400,-7.0,0,10.4,1,mainland,1,1,1,0,0,0
2024-06-11T14:42:53.193715Z,2024,6,11,65.815500,22.224200,-16.0,0,0.0,1,mainland,0,0,0,0,0,0
2024-06-11T14:42:53.193766Z,2024,6,11,65.803900,22.217800,-21.0,0,0.0,1,mainland,0,0,0,0,0,0
2024-06-11T14:42:53.196523Z,2024,6,11,66.005500,22.105100,-20.0,0,24.8,1,inland_water,0,0,0,0,0,0
2024-06-11T14:42:53.196598Z,2024,6,11,65.866700,22.284300,-14.0,0,10.5,1,inland_water,0,0,0,0,0,0
2024-06-11T14:43:43.921301Z,2024,6,11,65.624700,22.285400,35.0,0,13.8,1,sea,1,1,1,0,0,0
2024-06-11T14:43:43.921864Z,2024,6,11,65.627100,22.284100,27.0,0,14.2,1,sea,0,1,1,0,0,0
2024-06-11T14:44:22.938903Z,2024,6,11,65.568400,22.275500,-5.0,0,3.9,1,mainland,0,1,1,0,0,0
2024-06-11T14:44:22.944819Z,2024,6,11,65.630400,22.272700,-6.0,0,2.7,1,sea,0,1,1,0,0,0
2024-06-11T14:44:52.320510Z,2024,6,11,65.839000,22.228500,6.0,0,5.0,1,mainland,0,0,0,0,0,0
2024-06-11T14:44:52.320957Z,2024,6,11,65.834100,22.057100,5.0,0,5.9,1,mainland,0,0,0,0,0,1
2024-06-11T14:44:52.324257Z,2024,6,11,65.837600,22.199700,5.0,0,13.1,1,mainland,0,0,0,0,0,0
2024-06-11T14:44:52.326441Z,2024,6,11,65.836000,22.218100,6.0,0,8.9,1,mainland,0,0,0,0,0,0
2024-06-11T14:44:52.433255Z,2024,6,11,65.779700,22.319600,-19.0,0,7.5,1,sea,1,1,1,0,0,0
2024-06-11T14:44:52.433776Z,2024,6,11,65.725500,22.240200,-15.0,0,9.5,1,inland_water,0,0,0,0,0,0
2024-06-11T14:44:52.433791Z,2024,6,11,65.756300,22.167800,-16.0,0,5.0,1,mainland,0,0,0,0,0,0
2024-06-11T14:45:28.383984Z,2024,6,11,65.619000,22.278300,-6.0,0,0.0,1,mainland,0,0,1,0,0,0
2024-06-11T14:45:28.384116Z,2024,6,11,65.617100,22.275400,-12.0,0,2.7,1,mainland,0,0,1,0,0,0
2024-06-11T14:45:28.388501Z,2024,6,11,65.625200,22.277700,-26.0,0,4.6,1,sea,1,1,1,0,0,0
2024-06-11T14:45:28.390762Z,2024,6,11,65.621900,22.293200,-7.0,0,7.0,1,mainland,0,1,1,0,0,0
2024-06-11T14:45:58.328043Z,2024,6,11,65.726900,22.042600,7.0,0,6.6,1,mainland,0,0,0,0,0,0
2024-06-11T14:45:58.328804Z,2024,6,11,65.722800,22.130900,6.0,0,29.6,1,mainland,0,0,0,0,0,0
2024-06-11T14:45:58.338452Z,2024,6,11,65.728500,22.044300,14.0,0,15.1,1,mainland,0,0,0,0,0,0
2024-06-11T14:45:58.381159Z,2024,6,11,65.709400,22.112600,-21.0,0,7.2,1,mainland,0,0,0,0,0,0
2024-06-11T14:45:58.381454Z,2024,6,11,65.642400,21.715800,7.0,0,0.0,1,mainland,0,0,0,0,0,0
2024-06-11T14:47:06.199552Z,2024,6,11,65.730300,22.060900,8.0,0,3.1,1,mainland,0,0,0,0,0,0
2024-06-11T14:47:06.199760Z,2024,6,11,65.731700,22.035800,5.0,0,10.1,1,mainland,0,0,0,0,0,0
2024-06-11T14:48:34.245058Z,2024,6,11,65.730100,22.035700,12.0,0,22.8,1,mainland,0,0,0,0,0,0
2024-06-11T14:48:34.245060Z,2024,6,11,65.739500,22.035600,18.0,0,23.5,1,mainland,0,0,0,0,0,0
2024-06-11T14:48:34.245064Z,2024,6,11,65.786700,22.032400,-22.0,0,10.0,1,mainland,0,0,0,0,0,0
2024-06-11T14:48:34.409343Z,2024,6,11,65.725400,22.140100,-14.0,0,4.6,1,mainland,0,0,0,0,0,0
2024-06-11T14:49:05.841406Z,2024,6,11,65.608400,22.222600,-9.0,0,0.0,1,mainland,0,0,1,0,0,0
2024-06-11T14:49:05.841549Z,2024,6,11,65.616700,22.241900,-24.0,0,10.1,1,sea,1,1,1,0,0,0
2024-06-11T14:49:05.841571Z,2024,6,11,65.607900,22.222400,-26.0,0,9.0,1,mainland,0,0,0,0,0,0
2024-06-11T14:49:05.841751Z,2024,6,11,65.609500,22.202300,-15.0,0,0.0,1,mainland,0,0,0,0,0,0
2024-06-11T14:49:05.842380Z,2024,6,11,65.628500,22.246100,-68.0,0,7.2,1,sea,1,1,1,0,0,0
2024-06-11T14:49:05.842380Z,2024,6,11,65.624300,22.228100,-71.0,0,19.4,1,mainland,0,1,1,0,0,0
2024-06-11T14:50:00.665254Z,2024,6,11,65.890000,22.348700,-7.0,0,4.9,1,mainland,0,0,0,0,0,0
2024-06-11T14:50:00.704133Z,2024,6,11,65.884300,22.195600,5.0,0,2.7,1,mainland,0,0,0,0,0,0
2024-06-11T14:51:00.121334Z,2024,6,11,65.731300,22.021000,4.0,0,7.3,1,mainland,0,0,0,0,0,0
2024-06-11T14:51:41.940319Z,2024,6,11,65.727700,22.068300,11.0,0,4.2,1,mainland,0,0,0,0,0,0
2024-06-11T14:51:41.940320Z,2024,6,11,65.730100,22.061400,9.0,0,5.4,1,mainland,0,0,0,0,0,0
2024-06-11T14:51:44.847184Z,2024,6,11,65.855600,22.290700,7.0,0,9.9,1,mainland,0,0,0,0,0,0
2024-06-11T14:51:44.847512Z,2024,6,11,65.857000,22.293900,9.0,0,7.2,1,mainland,0,0,0,0,0,0
2024-06-11T14:51:44.847916Z,2024,6,11,65.857600,22.280400,6.0,0,11.3,1,mainland,0,0,0,0,0,0
2024-06-11T14:51:44.876600Z,2024,6,11,65.872900,22.269300,6.0,0,8.3,1,mainland,0,0,0,0,0,0
2024-06-11T14:51:45.289808Z,2024,6,11,65.975400,22.344100,-5.0,0,2.5,1,mainland,0,0,0,0,0,0
2024-06-11T14:52:23.801728Z,2024,6,11,65.750000,22.174600,-7.0,0,0.0,1,mainland,0,0,0,0,0,0
2024-06-11T14:52:23.803259Z,2024,6,11,65.757900,22.065800,-11.0,0,25.5,1,mainland,0,0,0,0,0,0
2024-06-11T14:52:23.803854Z,2024,6,11,65.731800,22.034100,7.0,0,9.1,1,mainland,0,0,0,0,0,0
2024-06-11T14:52:23.804731Z,2024,6,11,65.727700,22.005700,6.0,0,14.3,1,mainland,0,0,0,0,0,0
2024-06-11T14:52:23.805589Z,2024,6,11,65.733500,22.010700,6.0,0,16.7,1,mainland,0,0,0,0,0,0
2024-06-11T14:52:57.980426Z,2024,6,11,65.618100,22.227600,-20.0,0,8.9,1,sea,1,1,1,0,0,0
2024-06-11T14:52:57.984238Z,2024,6,11,65.526100,22.124400,-38.0,0,8.0,1,mainland,0,0,1,0,0,0
2024-06-11T14:52:58.016637Z,2024,6,11,65.625400,22.228300,-9.0,0,15.4,1,mainland,0,0,1,0,0,0
2024-06-11T14:53:13.876168Z,2024,6,11,65.711400,22.016000,7.0,0,0.0,1,mainland,0,0,0,0,0,0
2024-06-11T14:53:13.876604Z,2024,6,11,65.726500,22.043600,46.0,0,15.9,1,mainland,0,0,0,0,0,0
2024-06-11T14:53:13.876636Z,2024,6,11,65.711600,22.014900,43.0,0,16.1,1,mainland,0,0,0,0,0,0
2024-06-11T14:53:13.877291Z,2024,6,11,65.753600,22.090000,9.0,0,30.4,1,mainland,0,0,0,0,0,0
2024-06-11T14:53:14.028202Z,2024,6,11,65.776700,22.078200,-11.0,0,4.6,1,inland_water,0,0,0,0,0,0
2024-06-11T14:53:54.256760Z,2024,6,11,65.710500,22.038800,15.0,0,30.4,1,mainland,0,0,0,0,0,0
2024-06-11T14:53:54.257656Z,2024,6,11,65.729200,22.048400,9.0,0,10.1,1,mainland,0,0,0,0,0,0
2024-06-11T14:53:54.257658Z,2024,6,11,65.732600,22.039300,8.0,0,10.6,1,mainland,0,0,0,0,0,0
2024-06-11T14:53:54.258036Z,2024,6,11,65.662200,22.042100,-9.0,0,22.1,1,mainland,0,0,0,0,0,0
2024-06-11T14:53:54.258906Z,2024,6,11,65.737700,22.076800,9.0,0,11.0,1,mainland,0,0,0,0,0,0
2024-06-11T14:54:34.082622Z,2024,6,11,65.734300,22.031300,10.0,0,11.3,1,mainland,0,0,0,0,0,0
2024-06-11T14:54:34.085007Z,2024,6,11,65.734500,22.051700,11.0,0,13.8,1,mainland,0,0,0,0,0,0
2024-06-11T14:54:34.085008Z,2024,6,11,65.736800,22.068000,8.0,0,13.0,1,mainland,0,0,0,0,0,0
2024-06-11T14:55:11.013758Z,2024,6,11,65.734800,22.137700,8.0,0,6.7,1,mainland,0,0,0,0,0,0
2024-06-11T14:55:11.014300Z,2024,6,11,65.729300,22.033800,9.0,0,3.7,1,mainland,0,0,0,0,0,0
2024-06-11T14:55:11.015164Z,2024,6,11,65.734300,22.070900,9.0,0,15.0,1,mainland,0,0,0,0,0,0
2024-06-11T14:55:11.016054Z,2024,6,11,65.737800,22.028300,11.0,0,8.3,1,mainland,0,0,0,0,0,0
2024-06-11T14:55:11.016592Z,2024,6,11,65.699500,22.142600,5.0,0,12.5,1,mainland,0,0,0,0,0,0
2024-06-11T14:55:34.172527Z,2024,6,11,65.727600,22.157400,-5.0,0,5.2,1,mainland,0,0,0,0,0,0
2024-06-11T14:55:40.331520Z,2024,6,11,65.618300,22.240000,-10.0,0,0.0,1,mainland,1,1,1,0,0,0
2024-06-11T14:55:40.331610Z,2024,6,11,65.712800,22.328100,-14.0,0,3.2,1,sea,1,1,1,0,0,0
2024-06-11T14:55:40.335290Z,2024,6,11,65.596600,22.259000,-27.0,0,11.6,1,mainland,0,0,0,0,0,0
2024-06-11T14:55:40.335293Z,2024,6,11,65.611500,22.248100,-27.0,0,12.8,1,mainland,0,1,1,0,0,0
2024-06-11T14:55:40.335301Z,2024,6,11,65.633300,22.255700,-27.0,0,12.3,1,mainland,1,1,1,0,0,0
2024-06-11T14:56:11.359823Z,2024,6,11,65.733100,22.033100,-36.0,0,13.6,1,mainland,0,0,0,0,0,0
2024-06-11T14:56:51.212289Z,2024,6,11,65.764700,22.054300,-66.0,0,12.6,1,mainland,0,0,0,0,0,0
2024-06-11T14:56:51.212296Z,2024,6,11,65.740100,22.042500,-56.0,0,14.7,1,mainland,0,0,0,0,0,0
2024-06-11T14:56:51.239788Z,2024,6,11,65.729100,22.079700,-10.0,0,7.6,1,mainland,0,0,0,0,0,0
2024-06-11T14:56:51.239914Z,2024,6,11,65.673800,22.151800,-34.0,0,14.2,1,mainland,0,0,0,0,0,0
2024-06-11T14:56:51.273287Z,2024,6,11,65.735800,22.038000,-29.0,0,8.2,1,mainland,0,0,0,0,0,0
2024-06-11T14:56:51.273544Z,2024,6,11,65.687500,22.145200,10.0,0,0.0,1,mainland,0,0,0,0,0,0
2024-06-11T14:56:51.299547Z,2024,6,11,65.735600,22.034500,-8.0,0,3.7,1,mainland,0,0,0,0,0,0
2024-06-11T14:56:51.332172Z,2024,6,11,65.733300,22.046300,-7.0,0,3.6,1,mainland,0,0,0,0,0,0
2024-06-11T14:57:23.073935Z,2024,6,11,65.627100,22.242900,-19.0,0,8.2,1,mainland,1,1,1,0,0,0
2024-06-11T14:57:23.073972Z,2024,6,11,65.626900,22.236400,-44.0,0,8.6,1,mainland,0,1,1,0,0,0
2024-06-11T14:57:23.074277Z,2024,6,11,65.620700,22.290800,10.0,0,0.0,1,mainland,0,1,1,0,0,0
2024-06-11T14:57:23.075530Z,2024,6,11,65.632200,22.230000,-47.0,0,26.1,1,mainland,0,0,1,0,0,0
2024-06-11T14:57:23.075541Z,2024,6,11,65.641400,22.215600,-53.0,0,19.8,1,mainland,0,0,0,0,0,0
2024-06-11T14:57:23.083514Z,2024,6,11,65.877900,22.257800,-6.0,0,15.7,1,mainland,0,0,0,0,0,0
2024-06-11T14:57:23.089257Z,2024,6,11,65.611500,22.241500,-7.0,0,4.5,1,mainland,0,1,1,0,0,0
2024-06-11T14:57:58.994179Z,2024,6,11,65.711700,22.063100,8.0,0,9.9,1,mainland,0,0,0,0,0,0
2024-06-11T14:57:58.995888Z,2024,6,11,65.729800,22.034200,16.0,0,19.2,1,mainland,0,0,0,0,0,0
2024-06-11T14:57:58.997381Z,2024,6,11,65.616300,22.349500,-10.0,0,28.0,1,sea,1,1,1,0,0,0
2024-06-11T14:57:58.998768Z,2024,6,11,65.734700,21.903600,8.0,0,3.9,1,mainland,0,0,0,0,0,0
2024-06-11T14:58:32.607121Z,2024,6,11,65.731700,22.063000,-32.0,0,11.6,1,mainland,0,0,0,0,0,0
2024-06-11T14:59:18.822909Z,2024,6,11,65.741800,22.005400,-40.0,0,28.5,1,mainland,0,0,0,0,0,0
2024-06-11T14:59:18.842416Z,2024,6,11,65.740500,22.068000,-10.0,0,12.0,1,mainland,0,0,0,0,0,0
2024-06-11T14:59:18.856404Z,2024,6,11,65.740400,22.065800,-12.0,0,3.7,1,mainland,0,0,0,0,0,0
2024-06-11T14:59:18.869674Z,2024,6,11,65.740600,22.062600,-9.0,0,6.6,1,mainland,0,0,0,0,0,0
2024-06-11T14:59:18.892016Z,2024,6,11,65.740700,22.066600,-13.0,0,3.3,1,mainland,0,0,0,0,0,0
2024-06-11T14:59:49.162941Z,2024,6,11,65.626500,22.241500,-18.0,0,0.0,1,mainland,1,1,1,0,0,0
2024-06-11T14:59:49.163069Z,2024,6,11,65.621500,22.228200,-40.0,0,12.4,1,mainland,1,1,1,0,0,0
2024-06-11T14:59:49.163211Z,2024,6,11,65.632400,22.214300,10.0,0,0.0,1,mainland,0,0,0,0,0,0
2024-06-11T14:59:49.164802Z,2024,6,11,65.624600,22.197700,-36.0,0,11.9,1,mainland,1,1,1,0,0,0
2024-06-11T14:59:49.164804Z,2024,6,11,65.622300,22.207400,-30.0,0,11.1,1,mainland,1,1,1,0,0,0
2024-06-11T14:59:49.178962Z,2024,6,11,65.676000,22.212600,-6.0,0,10.5,1,mainland,0,0,1,0,0,0
2024-06-11T15:00:01.962718Z,2024,6,11,65.740600,21.989500,-28.0,0,11.1,1,mainland,0,0,0,0,0,0
2024-06-11T15:00:01.978640Z,2024,6,11,65.712000,22.037500,-12.0,0,7.2,1,mainland,0,0,0,0,0,0
2024-06-11T15:00:01.991403Z,2024,6,11,65.712000,22.037500,-9.0,0,4.8,1,mainland,0,0,0,0,0,0
2024-06-11T15:00:02.014167Z,2024,6,11,65.711600,22.019700,-7.0,0,3.5,1,mainland,0,0,0,0,0,0
2024-06-11T15:01:07.060564Z,2024,6,11,65.734500,22.018600,8.0,0,11.7,1,mainland,0,0,0,0,0,0
2024-06-11T15:01:07.062649Z,2024,6,11,65.736500,22.011700,6.0,0,4.9,1,mainland,0,0,0,0,0,0
2024-06-11T15:01:31.010520Z,2024,6,11,65.623100,22.251100,-12.0,0,0.0,1,sea,1,1,1,0,0,0
2024-06-11T15:01:31.010559Z,2024,6,11,65.623000,22.254000,-9.0,0,0.0,1,sea,1,1,1,0,0,0
2024-06-11T15:01:31.010600Z,2024,6,11,65.625600,22.252200,-11.0,0,0.0,1,sea,1,1,1,0,0,0
2024-06-11T15:01:31.010637Z,2024,6,11,65.621600,22.233800,-17.0,0,14.3,1,mainland,0,1,1,0,0,0
2024-06-11T15:01:31.010651Z,2024,6,11,65.623600,22.250800,-17.0,0,8.2,1,sea,1,1,1,0,0,0
2024-06-11T15:01:31.010799Z,2024,6,11,65.622700,22.243200,8.0,0,0.0,1,mainland,1,1,1,0,0,0
2024-06-11T15:01:31.012424Z,2024,6,11,65.628100,22.244600,-43.0,0,9.4,1,sea,1,1,1,0,0,0
2024-06-11T15:01:31.019326Z,2024,6,11,65.619600,22.249500,-11.0,0,6.8,1,sea,1,1,1,0,0,0
2024-06-11T15:01:31.019817Z,2024,6,11,65.645500,22.281200,-17.0,0,19.4,1,mainland,0,0,1,0,0,0
2024-06-11T15:01:31.019825Z,2024,6,11,65.628700,22.258200,-16.0,0,17.0,1,mainland,1,1,1,0,0,0
2024-06-11T15:01:31.026221Z,2024,6,11,65.631800,22.214400,-8.0,0,9.3,1,mainland,0,0,0,0,0,0
2024-06-11T15:01:34.826887Z,2024,6,11,65.913000,22.205900,18.0,0,6.6,1,mainland,0,0,0,0,0,0
2024-06-11T15:03:02.924340Z,2024,6,11,65.788200,22.114700,-5.0,0,3.1,1,mainland,0,0,0,0,0,0
2024-06-11T15:03:02.937437Z,2024,6,11,65.783400,22.096700,-6.0,0,5.5,1,inland_water,0,0,0,0,0,0
2024-06-11T15:03:03.201928Z,2024,6,11,65.789300,22.183900,-7.0,0,12.5,1,mainland,0,0,0,0,0,0
2024-06-11T15:03:03.221284Z,2024,6,11,65.819300,22.158200,-9.0,0,8.5,1,mainland,0,0,0,0,0,0
2024-06-11T15:03:12.090142Z,2024,6,11,65.724000,22.052200,7.0,0,0.0,1,mainland,0,0,0,0,0,0
2024-06-11T15:03:12.090500Z,2024,6,11,65.727300,22.062700,12.0,0,0.0,1,mainland,0,0,0,0,0,0
2024-06-11T15:03:12.090707Z,2024,6,11,65.724000,22.058900,5.0,0,0.0,1,mainland,0,0,0,0,0,0
2024-06-11T15:03:12.090861Z,2024,6,11,65.725900,22.070500,10.0,0,0.0,1,mainland,0,0,0,0,0,0
2024-06-11T15:03:12.091202Z,2024,6,11,65.726300,22.074800,16.0,0,8.3,1,mainland,0,0,0,0,0,0
2024-06-11T15:03:12.091839Z,2024,6,11,65.781500,22.128700,12.0,0,7.6,1,inland_water,0,0,0,0,0,0
2024-06-11T15:03:12.093070Z,2024,6,11,65.681900,22.072500,14.0,0,22.9,1,mainland,0,0,0,0,0,0
2024-06-11T15:03:12.093095Z,2024,6,11,65.661900,21.921100,10.0,0,20.9,1,mainland,0,0,0,0,0,0
2024-06-11T15:03:12.113143Z,2024,6,11,65.787300,22.105400,-5.0,0,2.7,1,mainland,0,0,0,0,0,0
2024-06-11T15:04:01.698996Z,2024,6,11,65.787200,22.083600,8.0,0,8.3,1,mainland,0,0,0,0,0,0
2024-06-11T15:04:02.028355Z,2024,6,11,65.789600,22.135800,-7.0,0,3.1,1,mainland,0,0,0,0,0,0
2024-06-11T15:04:55.352192Z,2024,6,11,65.717500,21.997300,5.0,0,1.9,1,mainland,0,0,0,0,0,0
2024-06-11T15:04:55.352782Z,2024,6,11,65.717800,22.002500,13.0,0,16.1,1,mainland,0,0,0,0,0,0
2024-06-11T15:04:55.352851Z,2024,6,11,65.466800,22.255200,17.0,0,10.8,1,sea,0,0,0,0,0,0
2024-06-11T15:05:29.736499Z,2024,6,11,65.597000,22.198500,-12.0,0,0.0,1,mainland,0,0,0,0,0,0
2024-06-11T15:05:29.737226Z,2024,6,11,65.622100,22.228500,-88.0,0,13.6,1,mainland,1,1,1,0,0,0
2024-06-11T15:05:29.767508Z,2024,6,11,65.614200,22.181600,-5.0,0,2.9,1,mainland,0,0,1,0,0,0
2024-06-11T15:05:53.571506Z,2024,6,11,65.783200,22.082600,13.0,0,15.1,1,inland_water,0,0,0,0,0,0
2024-06-11T15:05:53.572721Z,2024,6,11,65.779000,22.077700,10.0,0,10.5,1,inland_water,0,0,0,0,0,0
2024-06-11T15:05:53.888232Z,2024,6,11,65.803900,22.111600,-6.0,0,15.1,1,mainland,0,0,0,0,0,0
2024-06-11T15:07:16.646565Z,2024,6,11,65.781200,22.075600,8.0,0,5.5,1,inland_water,0,0,0,0,0,0
2024-06-11T15:07:16.646782Z,2024,6,11,65.780500,22.077200,12.0,0,3.6,1,inland_water,0,0,0,0,0,0
2024-06-11T15:07:16.650083Z,2024,6,11,65.779100,22.068700,5.0,0,14.9,1,inland_water,0,0,0,0,0,0
2024-06-11T15:07:16.658484Z,2024,6,11,65.785000,22.078700,9.0,0,9.3,1,inland_water,0,0,0,0,0,0
2024-06-11T15:07:16.662878Z,2024,6,11,65.778900,22.079500,5.0,0,10.4,1,inland_water,0,0,0,0,0,0
2024-06-11T15:07:16.823715Z,2024,6,11,65.796700,22.126600,-9.0,0,3.2,1,mainland,0,0,0,0,0,0
2024-06-11T15:07:16.833400Z,2024,6,11,65.717000,22.085400,5.0,0,13.0,1,mainland,0,0,0,0,0,0
2024-06-11T15:07:17.042494Z,2024,6,11,65.797200,22.122400,-27.0,0,6.1,1,mainland,0,0,0,0,0,0
2024-06-11T15:07:17.057954Z,2024,6,11,65.797200,22.125700,-8.0,0,4.5,1,mainland,0,0,0,0,0,0
2024-06-11T15:07:17.107912Z,2024,6,11,65.797100,22.123100,-24.0,0,5.2,1,mainland,0,0,0,0,0,0
2024-06-11T15:08:22.533099Z,2024,6,11,65.777800,22.055600,7.0,0,12.4,1,mainland,0,0,0,0,0,0
2024-06-11T15:08:22.533105Z,2024,6,11,65.793700,22.074300,5.0,0,7.6,1,mainland,0,0,0,0,0,0
2024-06-11T15:08:22.807455Z,2024,6,11,65.753800,22.044700,-11.0,0,11.2,1,mainland,0,0,0,0,0,0
2024-06-11T15:10:40.335601Z,2024,6,11,65.762300,22.116100,6.0,0,14.8,1,inland_water,0,0,0,0,0,0
2024-06-11T15:10:40.340363Z,2024,6,11,65.770500,22.030100,7.0,0,7.6,1,mainland,0,0,0,0,0,0
2024-06-11T15:10:40.492746Z,2024,6,11,65.784600,22.104700,11.0,0,18.2,1,mainland,0,0,0,0,0,0
2024-06-11T15:10:40.919618Z,2024,6,11,65.810800,22.189400,-7.0,0,3.5,1,mainland,0,0,0,0,0,0
2024-06-11T15:10:42.804577Z,2024,6,11,65.614000,22.167600,6.0,0,4.9,1,mainland,1,1,1,0,0,0
2024-06-11T15:10:42.805225Z,2024,6,11,65.610600,22.169000,11.0,0,12.2,1,mainland,1,1,1,0,0,0
2024-06-11T15:10:42.805563Z,2024,6,11,65.842000,22.376500,6.0,0,25.9,1,sea,1,1,1,0,0,0
2024-06-11T15:10:42.807272Z,2024,6,11,65.620800,22.177300,-5.0,0,17.2,1,mainland,1,1,1,0,0,0
2024-06-11T15:10:42.808989Z,2024,6,11,65.599700,22.165700,5.0,0,17.2,1,mainland,1,1,1,0,0,0
2024-06-11T15:10:42.928931Z,2024,6,11,65.537300,22.197700,-39.0,0,10.8,1,islands,1,1,1,0,0,0
2024-06-11T15:12:09.593733Z,2024,6,11,65.725900,22.066200,5.0,0,7.2,1,mainland,0,0,0,0,0,0
2024-06-11T15:12:09.622130Z,2024,6,11,65.768700,22.035500,15.0,0,21.7,1,mainland,0,0,0,0,0,0
2024-06-11T15:12:24.409688Z,2024,6,11,65.603200,22.183600,9.0,0,4.5,1,mainland,0,1,1,0,0,0
2024-06-11T15:12:24.410636Z,2024,6,11,65.604400,22.201600,12.0,0,24.2,1,mainland,0,0,0,0,0,0
2024-06-11T15:12:24.411273Z,2024,6,11,65.606500,22.188700,8.0,0,6.2,1,mainland,0,0,1,0,0,0
2024-06-11T15:12:24.412554Z,2024,6,11,65.591200,22.228700,19.0,0,9.3,1,mainland,0,0,0,0,0,0
2024-06-11T15:12:24.412561Z,2024,6,11,65.610100,22.173100,28.0,0,23.8,1,mainland,0,1,1,0,0,0
2024-06-11T15:12:24.412565Z,2024,6,11,65.583000,22.192100,26.0,0,26.6,1,mainland,0,1,1,0,0,0
2024-06-11T15:12:24.566220Z,2024,6,11,65.550800,22.331100,-19.0,0,13.2,1,sea,0,0,1,0,0,0
2024-06-11T15:14:42.161391Z,2024,6,11,65.759000,22.068500,-53.0,0,25.9,1,mainland,0,0,0,0,0,0
2024-06-11T15:14:42.161409Z,2024,6,11,65.808200,22.075400,-54.0,0,16.7,1,mainland,0,0,0,0,0,0
2024-06-11T15:20:07.287060Z,2024,6,11,65.757200,21.998700,9.0,0,0.0,1,mainland,0,0,0,0,0,0
2024-06-11T15:20:07.287485Z,2024,6,11,65.754100,22.069100,-102.0,0,20.9,1,mainland,0,0,0,0,0,0
2024-06-11T15:20:07.326541Z,2024,6,11,65.763600,22.137500,5.0,0,2.9,1,inland_water,0,0,0,0,0,0
2024-06-11T15:23:36.909467Z,2024,6,11,65.750700,22.077300,35.0,0,30.4,1,mainland,0,0,0,0,0,0
2024-06-11T15:23:36.914661Z,2024,6,11,65.758400,22.062400,9.0,0,17.3,1,mainland,0,0,0,0,0,0
2024-06-11T15:23:36.917234Z,2024,6,11,65.755800,22.064000,8.0,0,15.4,1,mainland,0,0,0,0,0,0
2024-06-11T15:24:40.207448Z,2024,6,11,65.740700,22.082900,-22.0,0,4.9,1,mainland,0,0,0,0,0,0
2024-06-11T15:24:40.220577Z,2024,6,11,65.740400,22.099500,-14.0,0,4.9,1,mainland,0,0,0,0,0,0
2024-06-11T15:24:40.236242Z,2024,6,11,65.739500,22.101400,-7.0,0,3.7,1,mainland,0,0,0,0,0,0
2024-06-11T15:24:40.623158Z,2024,6,11,65.740100,22.101100,-9.0,0,4.2,1,mainland,0,0,0,0,0,0
2024-06-11T15:25:29.612935Z,2024,6,11,65.735600,22.093300,8.0,0,8.1,1,mainland,0,0,0,0,0,0
2024-06-11T15:27:20.541481Z,2024,6,11,65.758300,22.175900,9.0,0,0.0,1,mainland,0,0,0,0,0,0
2024-06-11T15:27:20.541735Z,2024,6,11,65.755600,22.176300,6.0,0,0.0,1,mainland,0,0,0,0,0,0
2024-06-11T15:37:53.020742Z,2024,6,11,65.566600,22.126400,8.0,0,5.8,1,mainland,1,1,1,0,0,0
2024-06-11T15:37:53.020760Z,2024,6,11,65.616100,22.098600,11.0,0,5.8,1,mainland,0,0,1,0,0,0
2024-06-11T15:37:53.026401Z,2024,6,11,65.616700,22.090900,10.0,0,13.7,1,mainland,0,1,1,0,0,0
2024-06-11T15:39:06.321609Z,2024,6,11,65.603700,22.189700,-6.0,0,5.2,1,mainland,0,0,1,0,0,0
2024-06-11T15:39:58.234414Z,2024,6,11,65.607300,22.054600,-7.0,0,2.7,1,mainland,1,1,1,0,0,0
2024-06-11T15:41:19.407506Z,2024,6,11,65.613200,22.070800,-9.0,0,3.8,1,sea,1,1,1,0,0,0
2024-06-11T15:42:31.055494Z,2024,6,11,65.615900,22.068100,-12.0,0,30.4,1,sea,1,1,1,0,0,0
2024-06-11T15:42:31.075575Z,2024,6,11,65.613000,22.048700,-7.0,0,5.5,1,mainland,0,1,1,0,0,0
2024-06-11T15:42:31.150117Z,2024,6,11,65.609900,22.030700,9.0,0,3.1,1,mainland,0,0,0,0,0,0
2024-06-11T15:43:45.836990Z,2024,6,11,65.613700,22.040900,-7.0,0,5.2,1,mainland,0,0,1,0,0,0
2024-06-11T15:43:45.887981Z,2024,6,11,65.623900,22.065400,-20.0,0,4.5,1,mainland,0,0,1,0,0,0
2024-06-11T15:44:44.491955Z,2024,6,11,65.617300,22.051500,-11.0,0,3.8,1,mainland,0,1,1,0,0,0
2024-06-11T15:45:20.649261Z,2024,6,11,65.618700,22.061500,-6.0,0,2.4,1,mainland,1,1,1,0,0,0
2024-06-12T09:30:56.112151Z,2024,6,12,66.018600,22.458600,10.0,0,18.5,1,mainland,0,0,0,0,1,1
2024-06-12T09:30:56.113208Z,2024,6,12,66.025300,22.455500,7.0,0,11.4,1,mainland,0,0,0,1,1,1
2024-06-12T09:32:05.320251Z,2024,6,12,65.598400,22.351500,7.0,0,3.1,1,sea,1,1,1,0,0,0
2024-06-12T09:32:05.320401Z,2024,6,12,66.038700,22.422800,9.0,0,15.5,1,mainland,0,0,0,0,0,0
2024-06-12T09:34:14.143501Z,2024,6,12,66.021300,22.456500,5.0,0,13.5,1,mainland,0,0,0,0,1,1
2024-06-12T09:37:24.595493Z,2024,6,12,66.009100,22.459200,8.0,0,11.4,1,mainland,0,0,0,0,0,1
2024-06-12T09:37:24.598466Z,2024,6,12,65.993600,22.474700,9.0,0,15.6,1,mainland,0,0,0,0,0,1
2024-06-12T09:37:24.598468Z,2024,6,12,66.003300,22.440100,12.0,0,17.9,1,mainland,0,0,0,0,0,0
2024-06-12T09:37:24.598518Z,2024,6,12,66.078900,22.381900,-14.0,0,27.9,1,mainland,0,0,0,0,0,0
2024-06-12T09:37:24.601129Z,2024,6,12,66.010800,22.465600,6.0,0,5.2,1,mainland,0,0,0,0,1,1
2024-06-12T09:39:25.017487Z,2024,6,12,66.005900,22.464300,19.0,0,20.1,1,mainland,0,0,0,0,0,1
2024-06-12T09:39:25.017490Z,2024,6,12,65.999900,22.477100,15.0,0,12.9,1,mainland,0,0,0,1,1,1
2024-06-12T09:39:25.019018Z,2024,6,12,66.003200,22.445600,17.0,0,21.0,1,mainland,0,0,0,0,0,0
2024-06-12T09:39:25.154106Z,2024,6,12,65.961900,22.454800,-8.0,0,4.6,1,mainland,0,0,0,0,0,0
2024-06-12T09:39:25.155958Z,2024,6,12,66.020700,22.422600,-7.0,0,10.4,1,mainland,0,0,0,0,0,0
2024-06-12T09:41:53.010528Z,2024,6,12,66.011300,22.470200,21.0,0,15.0,1,mainland,0,0,0,1,1,1
2024-06-12T09:41:53.011966Z,2024,6,12,66.008200,22.471800,9.0,0,26.3,1,mainland,0,0,0,1,1,1
2024-06-12T09:41:53.133573Z,2024,6,12,65.953800,22.434100,-14.0,0,8.6,1,mainland,0,0,0,0,0,0
2024-06-12T09:55:34.846660Z,2024,6,12,66.035400,22.182700,7.0,0,30.0,1,mainland,0,0,0,0,0,0
2024-06-12T09:57:45.185894Z,2024,6,12,66.027600,22.179100,5.0,0,4.3,1,mainland,0,0,0,0,0,0
2024-06-12T09:57:45.186351Z,2024,6,12,66.032300,22.166900,7.0,0,4.5,1,mainland,0,0,0,0,0,0
2024-06-12T09:57:45.186912Z,2024,6,12,66.035000,22.178100,10.0,0,5.0,1,mainland,0,0,0,0,0,0
2024-06-12T09:57:45.189910Z,2024,6,12,66.038100,22.195800,9.0,0,11.4,1,mainland,0,0,0,0,0,0
2024-06-12T09:57:45.189912Z,2024,6,12,66.034400,22.195300,6.0,0,10.7,1,mainland,0,0,0,0,0,0
2024-06-12T09:57:45.190326Z,2024,6,12,66.036100,22.193000,6.0,0,13.9,1,mainland,0,0,0,0,0,0
2024-06-12T09:57:45.363653Z,2024,6,12,65.959100,22.239700,-6.0,0,8.1,1,mainland,0,0,0,0,0,0
2024-06-12T09:59:15.909804Z,2024,6,12,65.998600,22.049300,-7.0,0,6.7,1,mainland,0,0,0,0,0,0
2024-06-12T10:00:37.174979Z,2024,6,12,66.023700,22.135800,5.0,0,3.9,1,mainland,0,0,0,0,0,0
2024-06-12T10:00:37.409097Z,2024,6,12,66.006700,21.982100,-6.0,0,4.7,1,mainland,0,0,0,0,0,0
2024-06-12T10:01:08.911288Z,2024,6,12,65.676600,22.687400,5.0,0,3.6,1,sea,1,1,1,0,0,0
2024-06-12T10:01:31.903594Z,2024,6,12,66.027100,22.135200,6.0,0,7.9,1,mainland,0,0,0,0,0,0
2024-06-12T10:02:03.251662Z,2024,6,12,66.026000,22.138600,8.0,0,12.8,1,mainland,0,0,0,0,0,0
2024-06-12T10:03:16.045064Z,2024,6,12,66.015700,22.237600,-13.0,0,19.4,1,mainland,0,0,0,0,0,0
2024-06-12T10:03:16.045462Z,2024,6,12,66.030600,22.236800,9.0,0,16.0,1,mainland,0,0,0,0,0,0
2024-06-12T10:04:24.939458Z,2024,6,12,66.023000,22.135400,11.0,0,6.3,1,mainland,0,0,0,0,0,0
2024-06-12T10:04:24.940358Z,2024,6,12,66.042400,22.158100,8.0,0,7.0,1,mainland,0,0,0,0,0,0
2024-06-12T10:04:24.940407Z,2024,6,12,65.859700,22.131500,8.0,0,2.1,1,mainland,0,0,0,0,0,0
2024-06-12T10:04:24.955813Z,2024,6,12,66.025500,22.132900,5.0,0,13.5,1,mainland,0,0,0,0,0,0
2024-06-12T10:05:35.584665Z,2024,6,12,66.010400,22.246500,8.0,0,10.5,1,mainland,0,0,0,0,0,0
2024-06-12T10:05:35.586470Z,2024,6,12,66.028600,22.128500,20.0,0,28.3,1,mainland,0,0,0,0,0,0
2024-06-12T10:05:35.586474Z,2024,6,12,66.029400,22.082300,18.0,0,25.0,1,mainland,0,0,0,0,0,0
2024-06-12T10:05:35.587629Z,2024,6,12,65.986500,22.187800,5.0,0,9.9,1,mainland,0,0,0,0,0,0
2024-06-12T10:05:35.588802Z,2024,6,12,66.029400,22.143300,9.0,0,19.7,1,mainland,0,0,0,0,0,0
2024-06-12T10:05:35.589887Z,2024,6,12,66.025100,22.147400,6.0,0,11.0,1,mainland,0,0,0,0,0,0
2024-06-12T10:06:23.379962Z,2024,6,12,66.027200,22.142700,7.0,0,7.5,1,mainland,0,0,0,0,0,0
2024-06-12T10:06:23.383326Z,2024,6,12,66.023000,22.152100,3.0,0,13.1,1,mainland,0,0,0,0,0,0
2024-06-12T10:06:23.383687Z,2024,6,12,66.027600,22.003800,5.0,0,24.2,1,mainland,0,0,0,0,0,0
2024-06-12T10:08:04.858580Z,2024,6,12,66.011200,22.157400,4.0,0,0.0,1,mainland,0,0,0,0,0,0
2024-06-12T10:08:04.858712Z,2024,6,12,66.003000,22.168900,8.0,0,17.2,1,mainland,0,0,0,0,0,0
2024-06-12T10:10:28.729107Z,2024,6,12,66.019200,22.131200,8.0,0,7.2,1,mainland,0,0,0,0,0,0
2024-06-12T10:10:28.729492Z,2024,6,12,66.016300,22.116700,6.0,0,12.4,1,mainland,0,0,0,0,0,0
2024-06-12T10:10:28.745161Z,2024,6,12,66.017400,22.129000,10.0,0,19.3,1,mainland,0,0,0,0,0,0
2024-06-12T10:10:28.782536Z,2024,6,12,65.953400,22.039900,-22.0,0,11.1,1,mainland,0,0,0,0,0,0
2024-06-12T10:10:28.987790Z,2024,6,12,66.030000,22.209900,-9.0,0,11.0,1,mainland,0,0,0,0,0,0
2024-06-12T10:11:53.177623Z,2024,6,12,65.992900,22.074200,-47.0,0,6.9,1,mainland,0,0,0,0,0,0
2024-06-12T10:11:53.201241Z,2024,6,12,66.035000,22.125500,-6.0,0,30.4,1,mainland,0,0,0,0,0,0
2024-06-12T10:13:22.060894Z,2024,6,12,65.891300,22.351300,5.0,0,3.7,1,mainland,0,0,0,0,0,0
2024-06-12T10:13:22.061357Z,2024,6,12,66.007300,22.075800,-8.0,0,12.0,1,mainland,0,0,0,0,0,0
2024-06-12T10:13:22.061358Z,2024,6,12,65.940000,22.230900,5.0,0,16.6,1,mainland,0,0,0,0,0,0
2024-06-12T10:13:22.063465Z,2024,6,12,65.990400,22.075900,10.0,0,16.8,1,mainland,0,0,0,0,0,0
2024-06-12T10:14:50.004523Z,2024,6,12,66.009800,22.142500,11.0,0,12.1,1,mainland,0,0,0,0,0,0
2024-06-12T10:14:50.006307Z,2024,6,12,65.999000,22.079300,6.0,0,10.1,1,mainland,0,0,0,0,0,0
2024-06-12T10:14:50.007584Z,2024,6,12,65.983600,22.002700,9.0,0,13.8,1,mainland,0,0,0,0,0,0
2024-06-12T10:14:50.007591Z,2024,6,12,65.991800,22.050700,6.0,0,7.9,1,mainland,0,0,0,0,0,0
2024-06-12T10:16:16.357662Z,2024,6,12,66.009100,21.923500,8.0,0,14.4,1,mainland,0,0,0,0,1,1
2024-06-12T10:16:16.357691Z,2024,6,12,66.003200,22.113600,-10.0,0,18.4,1,inland_water,0,0,0,0,0,0
2024-06-12T10:16:16.358460Z,2024,6,12,66.003000,22.064600,9.0,0,26.7,1,mainland,0,0,0,0,0,0
2024-06-12T10:16:16.359800Z,2024,6,12,65.975800,22.108000,7.0,0,15.3,1,mainland,0,0,0,0,0,0
2024-06-12T10:16:16.361051Z,2024,6,12,65.997700,22.083000,5.0,0,10.2,1,mainland,0,0,0,0,0,0
2024-06-12T10:16:16.365691Z,2024,6,12,65.998500,22.075200,12.0,0,6.9,1,mainland,0,0,0,0,0,0
2024-06-12T10:18:36.683641Z,2024,6,12,65.999100,22.064700,18.0,0,7.6,1,mainland,0,0,0,0,0,0
2024-06-12T10:18:36.684165Z,2024,6,12,65.994800,22.067200,21.0,0,10.1,1,mainland,0,0,0,0,0,0
2024-06-12T10:18:36.684175Z,2024,6,12,65.975100,22.114200,21.0,0,10.8,1,mainland,0,0,0,0,0,0
2024-06-12T10:18:36.684192Z,2024,6,12,66.012800,22.074200,-37.0,0,27.7,1,mainland,0,0,0,0,0,0
2024-06-12T10:18:36.685293Z,2024,6,12,65.996200,22.066700,8.0,0,20.3,1,mainland,0,0,0,0,0,0
2024-06-12T10:18:36.708017Z,2024,6,12,65.999500,22.071900,8.0,0,23.4,1,mainland,0,0,0,0,0,0
2024-06-12T10:18:36.839914Z,2024,6,12,66.081000,22.057400,-15.0,0,16.4,1,inland_water,0,0,0,0,0,1
2024-06-12T10:26:38.409071Z,2024,6,12,65.959300,21.989300,9.0,0,8.8,1,mainland,0,0,0,0,0,0
2024-06-12T10:26:38.409449Z,2024,6,12,65.959400,21.993200,5.0,0,16.5,1,mainland,0,0,0,0,0,0
2024-06-12T10:26:38.410544Z,2024,6,12,65.965100,21.981400,8.0,0,7.0,1,mainland,0,0,0,0,0,0
2024-06-12T10:26:38.411125Z,2024,6,12,65.954800,21.956000,7.0,0,10.2,1,mainland,0,0,0,0,0,1
2024-06-12T10:26:38.413690Z,2024,6,12,65.952900,21.997300,4.0,0,7.3,1,mainland,0,0,0,0,0,0
2024-06-12T10:26:38.414020Z,2024,6,12,65.965800,21.999700,8.0,0,8.1,1,mainland,0,0,0,0,0,0
2024-06-12T10:26:38.444988Z,2024,6,12,65.999300,22.079500,6.0,0,13.9,1,mainland,0,0,0,0,0,0
2024-06-12T10:26:38.523509Z,2024,6,12,65.964300,22.013700,-6.0,0,14.3,1,mainland,0,0,0,0,0,0
2024-06-12T10:28:23.723577Z,2024,6,12,65.963900,21.988100,8.0,0,10.8,1,mainland,0,0,0,0,0,0
2024-06-12T10:28:23.839700Z,2024,6,12,65.979800,21.886100,-10.0,0,8.2,1,mainland,0,0,0,0,0,0
2024-06-12T10:30:55.543802Z,2024,6,12,65.953700,21.955400,12.0,0,5.7,1,mainland,0,0,0,0,0,1
2024-06-12T10:30:55.544587Z,2024,6,12,65.956300,21.951300,10.0,0,16.7,1,mainland,0,0,0,0,0,0
2024-06-12T10:30:55.545566Z,2024,6,12,65.950300,21.937400,10.0,0,8.8,1,mainland,0,0,0,1,1,1
2024-06-12T10:30:55.545568Z,2024,6,12,65.958300,21.958700,7.0,0,6.4,1,mainland,0,0,0,0,0,0
2024-06-12T10:30:55.618145Z,2024,6,12,65.971300,21.858900,-15.0,0,10.4,1,mainland,0,0,0,1,1,1
2024-06-12T10:33:46.209693Z,2024,6,12,65.770600,22.035900,10.0,0,12.0,1,mainland,0,0,0,0,0,0
2024-06-12T10:33:46.210821Z,2024,6,12,65.952200,21.927300,15.0,0,12.2,1,mainland,0,0,0,0,1,1
2024-06-12T10:33:46.229212Z,2024,6,12,65.957200,21.913500,6.0,0,11.1,1,mainland,0,0,0,0,0,1
2024-06-12T11:17:35.484989Z,2024,6,12,65.686500,21.986000,9.0,0,3.9,1,mainland,0,0,0,0,0,0
2024-06-12T11:17:35.619205Z,2024,6,12,65.729500,21.964600,-7.0,0,3.3,1,mainland,0,0,0,0,0,0
2024-06-12T11:18:05.862816Z,2024,6,12,65.698700,21.971200,-5.0,0,1.7,1,mainland,0,0,0,0,0,0
2024-06-12T11:21:27.246630Z,2024,6,12,66.277700,22.151600,17.0,0,4.6,1,mainland,0,0,0,1,1,1
2024-06-12T11:21:27.248271Z,2024,6,12,66.271200,22.135300,8.0,0,14.8,1,mainland,0,0,0,0,0,1
2024-06-12T11:24:20.204642Z,2024,6,12,65.695800,21.968300,6.0,0,12.6,1,mainland,0,0,0,0,0,0
2024-06-12T11:24:20.315927Z,2024,6,12,65.642000,21.918500,-12.0,0,3.8,1,inland_water,0,0,0,0,0,0
2024-06-12T11:25:49.401194Z,2024,6,12,65.698500,21.950300,6.0,0,2.7,1,mainland,0,0,0,0,0,0
2024-06-12T11:25:49.557030Z,2024,6,12,65.724100,21.825300,-5.0,0,2.3,1,mainland,0,0,0,1,1,1
2024-06-12T11:40:44.563242Z,2024,6,12,65.566500,21.925800,19.0,0,8.7,1,mainland,0,0,0,0,0,0
2024-06-12T11:40:44.563775Z,2024,6,12,65.561900,21.951300,17.0,0,0.0,1,mainland,0,0,0,0,0,0
2024-06-12T11:40:44.564140Z,2024,6,12,65.563600,21.958400,14.0,0,0.0,1,mainland,0,0,0,0,0,0
2024-06-12T11:40:44.619888Z,2024,6,12,65.587600,21.999600,-7.0,0,4.2,1,mainland,0,0,0,0,0,0
2024-06-12T11:42:43.543255Z,2024,6,12,65.561400,21.927000,7.0,0,0.0,1,mainland,0,0,0,0,0,0
2024-06-12T11:42:43.543357Z,2024,6,12,65.557500,21.928800,12.0,0,11.4,1,mainland,0,0,0,0,0,0
2024-06-12T11:44:26.075889Z,2024,6,12,65.462300,21.969900,7.0,0,5.6,1,mainland,0,0,1,0,0,0
2024-06-12T11:45:26.734023Z,2024,6,12,65.559800,21.930900,8.0,0,8.3,1,mainland,0,0,0,0,0,0
2024-06-12T11:53:57.554262Z,2024,6,12,65.673500,21.397600,-9.0,0,12.1,1,mainland,0,0,0,0,0,1
2024-06-12T11:53:57.558718Z,2024,6,12,65.643300,21.431100,10.0,0,13.9,1,mainland,0,0,0,0,0,0
2024-06-12T12:11:47.302625Z,2024,6,12,65.464700,21.801100,6.0,0,21.0,1,mainland,0,0,0,0,1,1
2024-06-12T13:01:56.110304Z,2024,6,12,66.065500,22.073000,-10.0,0,5.2,1,mainland,0,0,0,0,0,0
2024-06-12T13:01:56.115363Z,2024,6,12,66.068900,22.068500,-12.0,0,8.5,1,mainland,0,0,0,0,0,0
2024-06-12T13:03:22.611168Z,2024,6,12,66.072700,22.058600,11.0,0,6.4,1,inland_water,0,0,0,0,0,0
2024-06-12T13:03:22.611477Z,2024,6,12,66.072200,22.047300,9.0,0,13.9,1,mainland,0,0,0,0,0,1
2024-06-12T13:03:22.613163Z,2024,6,12,66.061600,22.073000,7.0,0,2.1,1,mainland,0,0,0,0,0,0
2024-06-12T13:03:22.623074Z,2024,6,12,66.076300,22.055400,10.0,0,29.1,1,other,0,0,0,0,0,1
2024-06-12T13:04:48.449938Z,2024,6,12,66.060100,22.120400,11.0,0,8.1,1,mainland,0,0,0,0,0,0
2024-06-12T13:04:48.449954Z,2024,6,12,66.070800,22.107500,9.0,0,13.8,1,mainland,0,0,0,0,0,0
2024-06-12T13:04:48.451038Z,2024,6,12,66.066900,22.079600,8.0,0,14.2,1,mainland,0,0,0,0,0,0
2024-06-12T13:04:48.451063Z,2024,6,12,66.070400,22.104900,10.0,0,0.0,1,mainland,0,0,0,0,0,0
2024-06-12T13:04:48.595830Z,2024,6,12,66.038400,21.957600,-4.0,0,12.6,1,mainland,0,0,0,0,0,1
2024-06-12T13:06:07.974859Z,2024,6,12,66.059900,22.078600,8.0,0,16.1,1,mainland,0,0,0,0,0,0
2024-06-12T13:06:07.975402Z,2024,6,12,66.055400,22.075000,15.0,0,9.1,1,mainland,0,0,0,0,0,0
2024-06-12T13:06:07.976043Z,2024,6,12,66.052900,22.085600,5.0,0,4.4,1,mainland,0,0,0,0,0,0
2024-06-12T13:06:08.095784Z,2024,6,12,66.025700,22.020200,-12.0,0,18.4,1,mainland,0,0,0,0,0,0
2024-06-12T13:08:14.114475Z,2024,6,12,66.069400,22.099300,16.0,0,17.8,1,mainland,0,0,0,0,0,0
2024-06-12T13:08:14.114481Z,2024,6,12,66.074200,22.340300,23.0,0,16.0,1,mainland,0,0,0,0,0,0
2024-06-12T13:08:14.115672Z,2024,6,12,66.058300,22.112100,6.0,0,17.3,1,mainland,0,0,0,0,0,0
2024-06-12T13:08:14.132454Z,2024,6,12,66.080700,22.064600,5.0,0,14.5,1,inland_water,0,0,0,0,0,1
2024-06-12T13:08:14.243268Z,2024,6,12,66.029600,22.196000,-14.0,0,6.1,1,mainland,0,0,0,0,0,0
2024-06-12T13:09:33.367625Z,2024,6,12,66.054700,22.093600,16.0,0,5.2,1,mainland,0,0,0,0,0,0
2024-06-12T13:09:33.368130Z,2024,6,12,66.051200,22.073300,10.0,0,29.2,1,mainland,0,0,0,0,0,0
2024-06-12T13:09:33.369491Z,2024,6,12,66.046200,22.107500,-17.0,0,19.8,1,mainland,0,0,0,0,0,0
2024-06-12T13:09:33.370597Z,2024,6,12,66.053800,22.077900,7.0,0,22.6,1,mainland,0,0,0,0,0,0
2024-06-12T13:09:33.480219Z,2024,6,12,66.032300,21.955300,-6.0,0,6.7,1,mainland,0,0,0,0,0,1
2024-06-12T13:11:19.698298Z,2024,6,12,66.108700,22.198800,18.0,0,0.0,1,mainland,0,0,0,0,0,0
2024-06-12T13:11:19.699085Z,2024,6,12,66.050900,22.074300,-72.0,0,15.6,1,mainland,0,0,0,0,0,0
2024-06-12T13:11:19.699096Z,2024,6,12,66.018100,22.084100,-75.0,0,30.4,1,inland_water,0,0,0,0,0,0
2024-06-12T13:12:46.937055Z,2024,6,12,65.938500,22.188100,6.0,0,14.2,1,mainland,0,0,0,0,0,0
2024-06-12T13:12:46.937623Z,2024,6,12,66.052300,22.103000,7.0,0,2.7,1,mainland,0,0,0,0,0,0
2024-06-12T13:12:46.939812Z,2024,6,12,66.052600,22.124500,8.0,0,7.7,1,mainland,0,0,0,0,0,0
2024-06-12T13:15:00.594465Z,2024,6,12,66.062300,22.045700,-12.0,0,6.9,1,inland_water,0,0,0,0,0,1
2024-06-12T13:15:00.594499Z,2024,6,12,66.061600,22.038400,-7.0,0,0.0,1,mainland,0,0,0,0,0,1
2024-06-12T13:15:00.596996Z,2024,6,12,66.048600,22.083300,-32.0,0,10.5,1,mainland,0,0,0,0,0,0
2024-06-12T13:16:39.057487Z,2024,6,12,66.042800,22.099600,10.0,0,6.7,1,mainland,0,0,0,0,0,0
2024-06-12T13:16:39.058450Z,2024,6,12,66.043100,22.078700,8.0,0,7.5,1,mainland,0,0,0,0,0,0
2024-06-12T13:16:39.059473Z,2024,6,12,66.037900,22.082500,11.0,0,14.7,1,mainland,0,0,0,0,0,0
2024-06-12T13:16:39.059490Z,2024,6,12,65.976600,22.185700,14.0,0,14.9,1,mainland,0,0,0,0,0,0
2024-06-12T13:16:39.060462Z,2024,6,12,66.029300,22.113000,6.0,0,11.2,1,inland_water,0,0,0,0,0,0
2024-06-12T13:18:22.240347Z,2024,6,12,66.044600,22.089800,-34.0,0,14.2,1,mainland,0,0,0,0,0,0
2024-06-12T13:20:34.879096Z,2024,6,12,66.047900,22.126900,-17.0,0,0.0,1,mainland,0,0,0,0,0,0
2024-06-12T13:20:34.879134Z,2024,6,12,66.047800,22.127200,-16.0,0,11.4,1,mainland,0,0,0,0,0,0
2024-06-12T13:20:34.879241Z,2024,6,12,66.047700,22.130800,-11.0,0,0.0,1,mainland,0,0,0,0,0,0
2024-06-12T13:20:34.880242Z,2024,6,12,66.054400,22.073800,-58.0,0,28.4,1,mainland,0,0,0,0,0,0
2024-06-12T13:20:34.891299Z,2024,6,12,66.026700,22.226200,-7.0,0,16.7,1,mainland,0,0,0,0,0,0
2024-06-12T13:23:10.831849Z,2024,6,12,66.039100,22.174400,-7.0,0,0.0,1,mainland,0,0,0,0,0,0
2024-06-12T13:23:10.831872Z,2024,6,12,66.038800,22.169400,-13.0,0,0.0,1,mainland,0,0,0,0,0,0
2024-06-12T13:23:10.831936Z,2024,6,12,66.036300,22.174200,-31.0,0,10.6,1,mainland,0,0,0,0,0,0
2024-06-12T13:23:10.832044Z,2024,6,12,66.035900,22.171400,-20.0,0,0.0,1,mainland,0,0,0,0,0,0
2024-06-12T13:23:10.832104Z,2024,6,12,66.036800,22.158500,-12.0,0,0.0,1,mainland,0,0,0,0,0,0
2024-06-12T13:23:10.832934Z,2024,6,12,66.036700,22.165100,-64.0,0,22.9,1,mainland,0,0,0,0,0,0
2024-06-12T13:23:10.832941Z,2024,6,12,66.013100,22.149000,-66.0,0,13.2,1,mainland,0,0,0,0,0,0
2024-06-12T13:23:10.847808Z,2024,6,12,66.045100,22.202600,-22.0,0,28.3,1,mainland,0,0,0,0,0,0
2024-06-12T16:12:03.136493Z,2024,6,12,65.917000,22.493000,8.0,0,5.6,1,mainland,0,0,0,0,0,0
2024-06-12T16:13:24.110244Z,2024,6,12,65.909500,22.512800,5.0,0,2.7,1,mainland,0,0,0,0,0,0
2024-06-12T16:13:24.233093Z,2024,6,12,65.909800,22.501000,8.0,0,2.1,1,mainland,0,0,0,0,0,0
2024-06-12T16:15:24.703517Z,2024,6,12,65.912300,22.499900,7.0,0,5.1,1,mainland,0,0,0,0,0,0
2024-06-12T16:15:24.703905Z,2024,6,12,65.912400,22.513200,8.0,0,0.0,1,mainland,0,0,0,0,0,0
2024-06-12T16:15:24.704127Z,2024,6,12,65.913700,22.514400,13.0,0,0.0,1,mainland,0,0,0,0,0,0
2024-06-12T16:15:24.704290Z,2024,6,12,65.913200,22.516300,17.0,0,13.5,1,mainland,0,0,0,0,0,0
2024-06-12T16:18:02.697649Z,2024,6,12,65.906900,22.497500,23.0,0,7.6,1,mainland,0,0,0,0,0,0
2024-06-12T16:18:02.697661Z,2024,6,12,65.905400,22.512700,26.0,0,5.9,1,mainland,0,0,0,0,0,0
2024-06-12T16:18:02.697989Z,2024,6,12,65.904600,22.514100,7.0,0,0.0,1,mainland,0,0,0,0,0,0
2024-06-12T16:18:02.698580Z,2024,6,12,65.905900,22.490900,10.0,0,17.6,1,mainland,0,0,0,0,0,0
2024-06-12T16:56:01.685420Z,2024,6,12,66.035300,21.968900,10.0,0,6.1,1,mainland,0,0,0,0,0,0
2024-06-12T16:56:01.686078Z,2024,6,12,66.035700,21.974900,7.0,0,5.0,1,mainland,0,0,0,0,0,0
2024-06-13T12:47:25.101701Z,2024,6,13,65.913100,22.542700,-6.0,0,5.2,1,mainland,0,0,0,0,1,1
2024-06-13T13:06:12.482325Z,2024,6,13,65.942800,22.512400,7.0,0,6.1,1,mainland,0,0,0,0,0,0
2024-06-13T13:07:48.790070Z,2024,6,13,65.945100,22.506100,5.0,0,6.4,1,mainland,0,0,0,0,0,0
2024-06-13T13:07:48.790894Z,2024,6,13,65.944800,22.497300,9.0,0,5.0,1,mainland,0,0,0,0,0,0
2024-06-13T13:07:58.602122Z,2024,6,13,65.935300,22.187100,5.0,0,15.1,1,mainland,0,0,0,0,0,0
2024-06-13T13:07:58.701668Z,2024,6,13,65.877600,22.235000,-4.0,0,10.5,1,mainland,0,0,0,0,0,0
2024-06-13T13:08:39.087366Z,2024,6,13,65.890500,22.508500,5.0,0,21.3,1,mainland,0,0,0,0,0,0
2024-06-13T13:09:27.613680Z,2024,6,13,65.932200,22.177900,8.0,0,8.6,1,mainland,0,0,0,0,0,0
2024-06-13T13:11:01.701801Z,2024,6,13,65.994700,22.080900,6.0,0,12.5,1,mainland,0,0,0,0,0,0
2024-06-13T13:14:17.332698Z,2024,6,13,65.910400,22.204800,6.0,0,4.4,1,mainland,0,0,0,0,0,0
2024-06-13T13:14:46.926108Z,2024,6,13,65.903600,22.529100,-6.0,0,2.7,1,mainland,0,0,0,0,0,0
2024-06-13T13:15:20.422792Z,2024,6,13,65.910800,22.205200,7.0,0,3.2,1,mainland,0,0,0,0,0,0
2024-06-13T13:15:45.729083Z,2024,6,13,65.880300,22.504200,8.0,0,27.1,1,mainland,0,0,0,0,0,0
2024-06-13T13:16:59.212643Z,2024,6,13,65.914400,22.203700,8.0,0,5.0,1,mainland,0,0,0,0,0,0
2024-06-13T13:18:22.226569Z,2024,6,13,65.954900,22.168200,7.0,0,4.8,1,mainland,0,0,0,0,0,0
2024-06-13T13:19:53.727357Z,2024,6,13,65.920900,22.201100,7.0,0,9.9,1,mainland,0,0,0,0,0,0
2024-06-13T13:19:53.728436Z,2024,6,13,65.918000,22.299900,12.0,0,21.5,1,mainland,0,0,0,0,0,0
2024-06-13T13:20:39.558431Z,2024,6,13,65.934900,22.315500,6.0,0,5.1,1,mainland,0,0,0,0,0,0
2024-06-13T13:20:39.563174Z,2024,6,13,65.926000,22.304100,5.0,0,7.0,1,mainland,0,0,0,0,0,0
2024-06-13T13:20:39.566270Z,2024,6,13,66.002400,22.226600,6.0,0,28.5,1,mainland,0,0,0,0,0,0
2024-06-13T13:23:57.491824Z,2024,6,13,65.897100,22.254800,14.0,0,12.5,1,mainland,0,0,0,0,0,0
2024-06-13T13:25:15.176231Z,2024,6,13,65.961500,22.147000,6.0,0,6.9,1,mainland,0,0,0,0,0,0
2024-06-13T13:25:15.431259Z,2024,6,13,65.925700,22.340500,-33.0,0,8.0,1,mainland,0,0,0,0,0,0
2024-06-13T13:25:15.447646Z,2024,6,13,65.927700,22.349800,-11.0,0,5.5,1,mainland,0,0,0,0,0,0
2024-06-13T13:25:15.462714Z,2024,6,13,65.926100,22.340100,-6.0,0,3.5,1,mainland,0,0,0,0,0,0
2024-06-13T13:25:15.479283Z,2024,6,13,65.926400,22.339100,-7.0,0,3.7,1,mainland,0,0,0,0,0,0
2024-06-13T13:25:15.506327Z,2024,6,13,65.926200,22.339900,-13.0,0,5.7,1,mainland,0,0,0,0,0,0
2024-06-13T13:25:15.525022Z,2024,6,13,65.925800,22.340300,-11.0,0,5.1,1,mainland,0,0,0,0,0,0
2024-06-13T13:25:15.536586Z,2024,6,13,65.925900,22.341500,-9.0,0,6.2,1,mainland,0,0,0,0,0,0
2024-06-13T13:25:15.590412Z,2024,6,13,65.925900,22.340900,-16.0,0,5.7,1,mainland,0,0,0,0,0,0
2024-06-13T13:27:05.241914Z,2024,6,13,65.898300,22.217200,7.0,0,3.7,1,mainland,0,0,0,0,0,0
2024-06-13T13:27:05.436798Z,2024,6,13,65.938400,22.061000,-7.0,0,5.8,1,mainland,0,0,0,0,0,0
2024-06-13T13:27:05.440053Z,2024,6,13,65.909500,22.169700,-8.0,0,2.1,1,mainland,0,0,0,0,0,0
2024-06-13T13:27:58.317714Z,2024,6,13,65.898000,22.211400,8.0,0,3.8,1,mainland,0,0,0,0,0,0
2024-06-13T13:29:28.417548Z,2024,6,13,65.909000,22.231400,11.0,0,6.9,1,mainland,0,0,0,0,0,0
2024-06-13T13:29:28.606638Z,2024,6,13,65.909500,22.228700,8.0,0,3.2,1,mainland,0,0,0,0,0,0
2024-06-13T13:30:35.607131Z,2024,6,13,65.936000,22.168800,6.0,0,3.2,1,mainland,0,0,0,0,0,0
2024-06-13T13:33:00.067175Z,2024,6,13,65.900200,22.072800,-10.0,0,3.5,1,mainland,0,0,0,0,0,0
2024-06-13T13:35:05.727207Z,2024,6,13,66.118600,22.342200,11.0,0,7.4,1,mainland,0,0,0,0,0,1
2024-06-13T13:37:46.724391Z,2024,6,13,65.897700,22.084900,-16.0,0,7.3,1,mainland,0,0,0,0,0,0
2024-06-13T13:39:31.298824Z,2024,6,13,66.119100,22.325600,9.0,0,5.5,1,inland_water,0,0,0,0,0,0
2024-06-13T13:41:55.477650Z,2024,6,13,66.104400,22.305800,9.0,0,9.9,1,mainland,0,0,0,0,0,0
2024-06-13T13:41:55.638460Z,2024,6,13,66.115600,22.205900,-6.0,0,6.6,1,mainland,0,0,0,0,0,0
2024-06-13T13:43:07.616323Z,2024,6,13,66.115500,22.166300,6.0,0,10.1,1,inland_water,0,0,0,0,0,0
2024-06-13T13:47:16.944960Z,2024,6,13,66.100200,22.255500,11.0,0,14.8,1,mainland,0,0,0,0,0,0
2024-06-13T13:47:16.960740Z,2024,6,13,66.111300,22.236100,8.0,0,6.7,1,inland_water,0,0,0,0,0,0
2024-06-13T13:47:49.390788Z,2024,6,13,65.846100,22.147000,10.0,0,26.1,1,mainland,0,0,0,0,0,0
2024-06-13T13:47:49.399058Z,2024,6,13,65.848700,22.136000,12.0,0,18.8,1,mainland,0,0,0,0,0,1
2024-06-13T13:47:49.399394Z,2024,6,13,65.843800,22.124400,7.0,0,0.0,1,mainland,0,0,0,0,0,1
2024-06-13T13:47:49.399640Z,2024,6,13,65.846200,22.146200,14.0,0,21.0,1,mainland,0,0,0,0,0,0
2024-06-13T13:48:01.195837Z,2024,6,13,66.089500,22.285800,5.0,0,25.5,1,mainland,0,0,0,0,0,0
2024-06-13T13:49:46.237854Z,2024,6,13,66.081600,22.272400,5.0,0,21.3,1,mainland,0,0,0,0,0,0
2024-06-13T13:49:46.240400Z,2024,6,13,66.021000,22.306800,5.0,0,20.1,1,mainland,0,0,0,0,0,0
2024-06-13T13:50:46.895252Z,2024,6,13,66.095600,22.240600,6.0,0,28.6,1,mainland,0,0,0,0,0,0
2024-06-13T13:51:16.937804Z,2024,6,13,66.108700,22.243100,12.0,0,13.5,1,mainland,0,0,0,0,0,0
2024-06-13T13:52:22.003661Z,2024,6,13,66.086800,22.188000,8.0,0,9.9,1,mainland,0,0,0,0,0,0
2024-06-13T13:52:22.004206Z,2024,6,13,66.098400,22.228300,22.0,0,9.3,1,mainland,0,0,0,0,0,0
2024-06-13T13:52:22.005349Z,2024,6,13,66.098200,22.230100,8.0,0,3.2,1,mainland,0,0,0,0,0,0
2024-06-13T13:52:22.006121Z,2024,6,13,66.094100,22.221600,17.0,0,30.4,1,mainland,0,0,0,0,0,0
2024-06-13T13:52:22.018029Z,2024,6,13,66.099100,22.204700,14.0,0,24.8,1,mainland,0,0,0,0,0,0
2024-06-13T13:52:22.021583Z,2024,6,13,66.094800,22.246100,6.0,0,6.8,1,inland_water,0,0,0,0,0,0
2024-06-13T13:53:17.184317Z,2024,6,13,66.104100,22.214100,4.0,0,19.1,1,mainland,0,0,0,0,0,0
2024-06-13T13:53:17.184838Z,2024,6,13,66.103400,22.221300,12.0,0,21.5,1,mainland,0,0,0,0,0,0
2024-06-13T13:53:17.186306Z,2024,6,13,66.091700,22.286200,-8.0,0,13.9,1,mainland,0,0,0,0,0,0
2024-06-13T13:53:17.187330Z,2024,6,13,66.097700,22.213800,9.0,0,16.0,1,mainland,0,0,0,0,0,0
2024-06-13T13:53:17.188857Z,2024,6,13,66.092500,22.228600,6.0,0,12.1,1,mainland,0,0,0,0,0,0
2024-06-13T13:53:17.196087Z,2024,6,13,66.099600,22.244900,6.0,0,16.9,1,mainland,0,0,0,0,0,0
2024-06-13T13:53:57.517378Z,2024,6,13,66.066900,22.405800,-12.0,0,6.1,1,mainland,0,0,0,0,0,1
2024-06-13T13:55:35.242855Z,2024,6,13,66.096100,22.223200,13.0,0,12.4,1,mainland,0,0,0,0,0,0
2024-06-13T13:55:35.243478Z,2024,6,13,66.096000,22.202200,10.0,0,23.1,1,mainland,0,0,0,0,0,0
2024-06-13T13:55:35.244317Z,2024,6,13,66.098200,22.217100,6.0,0,21.7,1,mainland,0,0,0,0,0,0
2024-06-13T13:55:35.244351Z,2024,6,13,66.112300,22.290600,-11.0,0,26.5,1,mainland,0,0,0,0,0,0
2024-06-13T13:55:35.254801Z,2024,6,13,66.099200,22.215700,6.0,0,24.8,1,mainland,0,0,0,0,0,0
2024-06-13T13:55:35.258152Z,2024,6,13,66.090200,22.202900,6.0,0,7.2,1,mainland,0,0,0,0,0,0
2024-06-13T13:57:48.036876Z,2024,6,13,66.072600,22.196300,7.0,0,16.9,1,mainland,0,0,0,0,0,0
2024-06-13T13:57:48.070643Z,2024,6,13,66.081200,22.163300,9.0,0,8.3,1,mainland,0,0,0,0,0,0
2024-06-13T13:57:48.120509Z,2024,6,13,66.228600,22.175000,-11.0,0,8.9,1,mainland,0,0,0,0,0,0
2024-06-13T13:58:36.714857Z,2024,6,13,66.126000,22.312000,-14.0,0,7.2,1,inland_water,0,0,0,0,0,0
2024-06-13T14:01:51.119557Z,2024,6,13,66.205400,22.216600,-6.0,0,11.5,1,mainland,0,0,0,0,0,0
2024-06-13T14:02:40.465788Z,2024,6,13,66.106300,22.212500,7.0,0,28.4,1,mainland,0,0,0,0,0,0
2024-06-13T14:02:40.466298Z,2024,6,13,66.106700,22.204800,13.0,0,21.2,1,mainland,0,0,0,0,0,0
2024-06-13T14:02:40.467234Z,2024,6,13,66.107000,22.205500,5.0,0,7.4,1,mainland,0,0,0,0,0,0
2024-06-13T14:03:40.062780Z,2024,6,13,66.104700,22.212900,14.0,0,7.1,1,mainland,0,0,0,0,0,0
2024-06-13T14:03:40.063622Z,2024,6,13,66.107100,22.214300,12.0,0,17.9,1,mainland,0,0,0,0,0,0
2024-06-13T14:03:40.064708Z,2024,6,13,66.105100,22.199100,11.0,0,24.9,1,mainland,0,0,0,0,0,0
2024-06-13T14:03:40.082281Z,2024,6,13,66.085800,22.303300,6.0,0,5.5,1,mainland,0,0,0,0,0,0
2024-06-13T14:05:10.930817Z,2024,6,13,66.079600,22.188200,10.0,0,8.6,1,mainland,0,0,0,0,0,0
2024-06-13T14:05:10.931432Z,2024,6,13,66.077300,22.188100,13.0,0,9.9,1,mainland,0,0,0,0,0,0
2024-06-13T14:05:10.932813Z,2024,6,13,66.078500,22.184900,7.0,0,28.8,1,mainland,0,0,0,0,0,0
2024-06-13T14:05:11.120062Z,2024,6,13,66.020600,22.376000,-12.0,0,6.3,1,mainland,0,0,0,0,0,0
2024-06-13T14:06:48.743048Z,2024,6,13,66.070300,22.184300,7.0,0,27.2,1,mainland,0,0,0,0,0,0
2024-06-13T14:06:48.753366Z,2024,6,13,66.091300,22.224800,5.0,0,13.5,1,mainland,0,0,0,0,0,0
2024-06-13T14:08:15.438253Z,2024,6,13,66.075100,22.175600,6.0,0,4.5,1,mainland,0,0,0,0,0,0
2024-06-13T14:08:15.438658Z,2024,6,13,66.073400,22.191000,7.0,0,1.5,1,mainland,0,0,0,0,0,0
2024-06-13T14:08:15.439855Z,2024,6,13,66.063700,22.348600,5.0,0,30.4,1,mainland,0,0,0,0,0,0
2024-06-13T14:08:15.440666Z,2024,6,13,66.066800,22.159600,5.0,0,6.6,1,mainland,0,0,0,0,0,0
2024-06-13T14:10:17.833047Z,2024,6,13,66.067600,22.200500,9.0,0,11.4,1,mainland,0,0,0,0,0,0
2024-06-13T14:10:17.834433Z,2024,6,13,66.070900,22.185000,14.0,0,11.1,1,mainland,0,0,0,0,0,0
2024-06-13T14:10:17.835120Z,2024,6,13,66.046300,22.237900,10.0,0,21.6,1,mainland,0,0,0,0,0,0
2024-06-13T14:10:17.836945Z,2024,6,13,66.076300,22.184300,7.0,0,26.3,1,mainland,0,0,0,0,0,0
2024-06-13T14:10:17.838485Z,2024,6,13,66.074000,22.141400,5.0,0,17.6,1,mainland,0,0,0,0,0,0
2024-06-13T14:10:17.998724Z,2024,6,13,66.001000,22.407800,-14.0,0,7.9,1,mainland,0,0,0,0,0,0
2024-06-13T14:10:18.000765Z,2024,6,13,66.055400,22.165100,4.0,0,8.7,1,mainland,0,0,0,0,0,0
2024-06-13T14:12:49.971963Z,2024,6,13,66.070100,22.184100,7.0,0,11.3,1,mainland,0,0,0,0,0,0
2024-06-13T14:12:49.972427Z,2024,6,13,66.060800,22.248000,-6.0,0,11.4,1,mainland,0,0,0,0,0,0
2024-06-13T14:12:49.973382Z,2024,6,13,66.069700,22.194000,10.0,0,19.8,1,mainland,0,0,0,0,0,0
2024-06-13T14:12:49.975410Z,2024,6,13,66.075300,22.211200,-9.0,0,20.9,1,mainland,0,0,0,0,0,0
2024-06-13T14:12:49.984798Z,2024,6,13,66.068100,22.194300,14.0,0,30.0,1,mainland,0,0,0,0,0,0
2024-06-13T14:12:49.990867Z,2024,6,13,66.078300,22.210000,15.0,0,21.9,1,mainland,0,0,0,0,0,0
2024-06-13T14:12:50.130290Z,2024,6,13,66.067600,22.215900,6.0,0,12.9,1,mainland,0,0,0,0,0,0
2024-06-13T14:12:50.143619Z,2024,6,13,65.976000,22.177400,-9.0,0,9.4,1,mainland,0,0,0,0,0,0
2024-06-13T14:14:52.390141Z,2024,6,13,66.055700,22.190900,31.0,0,22.6,1,mainland,0,0,0,0,0,0
2024-06-13T14:14:52.390143Z,2024,6,13,66.053600,22.181900,26.0,0,14.7,1,mainland,0,0,0,0,0,0
2024-06-13T14:14:52.390656Z,2024,6,13,66.056200,22.183100,9.0,0,3.1,1,mainland,0,0,0,0,0,0
2024-06-13T14:14:52.391329Z,2024,6,13,66.061100,22.199800,10.0,0,13.4,1,mainland,0,0,0,0,0,0
2024-06-13T14:14:52.391966Z,2024,6,13,66.049200,22.193300,8.0,0,8.3,1,mainland,0,0,0,0,0,0
2024-06-13T14:14:52.392670Z,2024,6,13,66.056500,22.213400,5.0,0,13.3,1,mainland,0,0,0,0,0,0
2024-06-13T14:14:52.394017Z,2024,6,13,66.069600,22.201000,7.0,0,14.8,1,mainland,0,0,0,0,0,0
2024-06-13T14:14:52.553929Z,2024,6,13,66.010600,22.390900,-12.0,0,4.1,1,mainland,0,0,0,0,0,0
2024-06-13T14:14:52.601938Z,2024,6,13,66.093700,22.209800,-39.0,0,24.9,1,mainland,0,0,0,0,0,0
2024-06-13T14:14:52.614273Z,2024,6,13,66.090100,22.222100,-5.0,0,4.9,1,mainland,0,0,0,0,0,0
2024-06-13T14:16:48.630684Z,2024,6,13,66.054800,22.188300,12.0,0,7.4,1,mainland,0,0,0,0,0,0
2024-06-13T14:16:48.633670Z,2024,6,13,66.050300,22.202500,8.0,0,17.0,1,mainland,0,0,0,0,0,0
2024-06-13T14:16:48.634342Z,2024,6,13,66.056900,22.190800,5.0,0,8.1,1,mainland,0,0,0,0,0,0
2024-06-13T14:21:44.017409Z,2024,6,13,66.048900,22.201100,5.0,0,0.0,1,mainland,0,0,0,0,0,0
2024-06-13T14:21:44.018054Z,2024,6,13,66.052200,22.161600,18.0,0,13.9,1,mainland,0,0,0,0,0,0
2024-06-13T14:21:44.019803Z,2024,6,13,66.051800,22.150500,10.0,0,11.0,1,mainland,0,0,0,0,0,0
2024-06-13T14:21:44.020331Z,2024,6,13,66.053400,22.164600,22.0,0,26.3,1,mainland,0,0,0,0,0,0
2024-06-13T14:21:44.021406Z,2024,6,13,66.057400,22.144600,11.0,0,26.6,1,mainland,0,0,0,0,0,0
2024-06-13T14:21:44.027422Z,2024,6,13,66.029600,22.345800,5.0,0,10.8,1,mainland,0,0,0,0,0,0
2024-06-13T14:21:44.028218Z,2024,6,13,66.055500,22.150700,5.0,0,7.6,1,mainland,0,0,0,0,0,0
2024-06-13T14:21:44.044255Z,2024,6,13,66.042800,22.309100,-7.0,0,11.8,1,mainland,0,0,0,0,0,0
2024-06-13T14:21:44.105386Z,2024,6,13,66.106500,22.345200,-16.0,0,11.0,1,mainland,0,0,0,0,0,0
2024-06-14T08:13:13.298596Z,2024,6,14,65.705400,21.867700,7.0,0,3.6,1,mainland,0,0,0,0,0,0
2024-06-14T08:13:13.299959Z,2024,6,14,65.707500,21.852500,9.0,0,4.6,1,mainland,0,0,0,0,0,0
2024-06-14T08:13:13.302834Z,2024,6,14,65.707800,21.860100,8.0,0,15.4,1,mainland,0,0,0,0,0,0
2024-06-14T08:14:04.828792Z,2024,6,14,65.702500,21.908200,12.0,0,8.5,1,mainland,0,0,0,0,0,0
2024-06-14T08:15:02.544938Z,2024,6,14,65.704900,21.901900,7.0,0,6.4,1,mainland,0,0,0,0,0,0
2024-06-14T08:17:50.980107Z,2024,6,14,65.903800,22.486100,-6.0,0,0.0,1,inland_water,0,0,0,0,0,0
2024-06-14T08:17:50.980196Z,2024,6,14,65.904600,22.486200,-13.0,0,0.0,1,inland_water,0,0,0,0,0,0
2024-06-14T08:17:50.980210Z,2024,6,14,65.895500,22.366200,8.0,0,4.3,1,mainland,0,0,0,0,0,0
2024-06-14T08:17:50.980262Z,2024,6,14,65.912600,22.479400,-18.0,0,6.6,1,inland_water,0,0,0,0,0,0
2024-06-14T08:17:50.991147Z,2024,6,14,65.909900,22.469800,-6.0,0,7.7,1,mainland,0,0,0,0,0,0
2024-06-14T08:17:51.033950Z,2024,6,14,65.919700,22.454400,12.0,0,5.1,1,inland_water,0,0,0,0,0,0
2024-06-14T08:17:56.697716Z,2024,6,14,65.701500,21.882600,17.0,0,8.1,1,mainland,0,0,0,0,0,0
2024-06-14T08:17:56.698124Z,2024,6,14,65.701800,21.889700,5.0,0,0.0,1,mainland,0,0,0,0,0,0
2024-06-14T08:17:56.698279Z,2024,6,14,65.703300,21.890400,7.0,0,0.0,1,mainland,0,0,0,0,0,0
2024-06-14T08:17:56.698492Z,2024,6,14,65.700500,21.870700,10.0,0,0.0,1,mainland,0,0,0,0,0,0
2024-06-14T08:17:56.698735Z,2024,6,14,65.702700,21.897200,10.0,0,0.0,1,mainland,0,0,0,0,0,0
2024-06-14T08:17:56.698974Z,2024,6,14,65.701000,21.887900,20.0,0,8.8,1,mainland,0,0,0,0,0,0
2024-06-14T08:17:56.699480Z,2024,6,14,65.701500,21.880400,10.0,0,5.7,1,mainland,0,0,0,0,0,0
2024-06-14T08:17:56.768272Z,2024,6,14,65.638100,21.826000,-8.0,0,4.8,1,mainland,0,0,0,0,0,0
2024-06-14T08:20:13.080333Z,2024,6,14,65.697500,21.890800,-8.0,0,9.8,1,mainland,0,0,0,0,0,0
2024-06-14T08:20:13.081191Z,2024,6,14,65.710800,21.857300,18.0,0,17.5,1,mainland,0,0,0,0,0,0
2024-06-14T08:20:13.081482Z,2024,6,14,65.702800,21.870100,6.0,0,0.0,1,mainland,0,0,0,0,0,0
2024-06-14T08:20:30.075768Z,2024,6,14,65.906500,22.503100,-13.0,0,0.0,1,mainland,0,0,0,0,0,0
2024-06-14T08:20:30.076003Z,2024,6,14,65.910000,22.495700,-9.0,0,0.0,1,mainland,0,0,0,0,0,0
2024-06-14T08:20:30.083061Z,2024,6,14,65.907500,22.489700,-8.0,0,6.1,1,mainland,0,0,0,0,0,0
2024-06-14T08:21:48.211552Z,2024,6,14,65.699000,21.886900,6.0,0,4.2,1,mainland,0,0,0,0,0,0
2024-06-14T08:21:48.324983Z,2024,6,14,65.671800,21.970900,-5.0,0,4.1,1,mainland,0,0,0,0,0,0
2024-06-14T08:23:08.368047Z,2024,6,14,65.708300,21.909900,-20.0,0,10.4,1,mainland,0,0,0,0,0,0
2024-06-14T08:23:08.391227Z,2024,6,14,65.692000,21.907000,-10.0,0,11.8,1,mainland,0,0,0,0,0,0
2024-06-14T08:23:08.415415Z,2024,6,14,65.704200,21.900100,-15.0,0,4.1,1,mainland,0,0,0,0,0,0
2024-06-14T08:23:37.690711Z,2024,6,14,65.814400,22.568400,-14.0,0,11.6,1,mainland,0,0,0,0,0,0
2024-06-14T08:25:16.232587Z,2024,6,14,65.702400,21.874200,8.0,0,8.9,1,mainland,0,0,0,0,0,0
2024-06-14T08:25:16.234322Z,2024,6,14,65.701500,21.863800,8.0,0,9.2,1,mainland,0,0,0,0,0,0
2024-06-14T08:25:16.438607Z,2024,6,14,65.677200,21.842900,-6.0,0,3.1,1,mainland,0,0,0,0,0,0
2024-06-14T08:25:16.537129Z,2024,6,14,65.673500,21.829000,-6.0,0,4.1,1,inland_water,0,0,0,0,0,0
2024-06-14T08:27:14.000077Z,2024,6,14,65.911300,22.501900,-20.0,0,10.8,1,mainland,0,0,0,0,0,0
2024-06-14T08:27:14.000137Z,2024,6,14,65.911700,22.510500,-8.0,0,0.0,1,mainland,0,0,0,0,0,0
2024-06-14T08:27:14.000216Z,2024,6,14,65.906700,22.495200,-22.0,0,0.0,1,mainland,0,0,0,0,0,0
2024-06-14T08:27:14.000244Z,2024,6,14,65.904200,22.512600,-12.0,0,0.0,1,mainland,0,0,0,0,0,0
2024-06-14T08:27:14.000810Z,2024,6,14,65.909600,22.498600,-63.0,0,10.5,1,mainland,0,0,0,0,0,0
2024-06-14T08:27:14.005189Z,2024,6,14,65.914100,22.546500,-18.0,0,24.4,1,mainland,0,0,0,0,1,1
2024-06-14T08:27:14.008368Z,2024,6,14,65.910200,22.513200,-6.0,0,28.8,1,mainland,0,0,0,0,0,0
2024-06-14T08:27:14.008399Z,2024,6,14,65.906800,22.502700,10.0,0,26.6,1,mainland,0,0,0,0,0,0
2024-06-14T08:27:14.011497Z,2024,6,14,65.918000,22.513100,-8.0,0,6.3,1,mainland,0,0,0,0,0,0
2024-06-14T08:28:52.675233Z,2024,6,14,65.707400,21.895500,-23.0,0,19.2,1,mainland,0,0,0,0,0,0
2024-06-14T08:28:52.676181Z,2024,6,14,65.702300,21.875800,-107.0,0,20.1,1,mainland,0,0,0,0,0,0
2024-06-14T08:28:52.695134Z,2024,6,14,65.692900,21.867300,-6.0,0,3.8,1,mainland,0,0,0,0,0,0
2024-06-14T08:30:49.534152Z,2024,6,14,65.898500,22.469800,11.0,0,8.3,1,inland_water,0,0,0,0,0,0
2024-06-14T08:33:24.314427Z,2024,6,14,66.181100,22.065100,13.0,0,3.9,1,mainland,0,0,0,0,1,1
2024-06-14T08:33:24.351358Z,2024,6,14,66.156800,22.089100,-7.0,0,7.2,1,inland_water,0,0,0,0,0,0
2024-06-14T08:34:05.690451Z,2024,6,14,65.884900,22.492000,6.0,0,6.8,1,mainland,0,0,0,0,0,0
2024-06-14T08:34:05.790888Z,2024,6,14,65.879900,22.492200,-5.0,0,2.4,1,mainland,0,0,0,0,0,0
2024-06-14T08:38:20.127420Z,2024,6,14,65.895600,22.446200,7.0,0,30.4,1,mainland,0,0,0,0,0,0
2024-06-14T08:38:20.128016Z,2024,6,14,65.897900,22.515400,5.0,0,28.4,1,mainland,0,0,0,0,0,0
2024-06-14T08:47:56.086434Z,2024,6,14,65.894500,22.556600,-8.0,0,0.0,1,mainland,0,0,0,0,1,1
2024-06-14T08:52:19.596940Z,2024,6,14,65.862300,22.548400,8.0,0,7.5,1,mainland,0,0,0,0,0,0
2024-06-14T08:52:19.642675Z,2024,6,14,65.854000,22.569800,5.0,0,9.1,1,mainland,0,0,0,0,0,1
2024-06-14T08:54:51.739352Z,2024,6,14,65.868800,22.501600,7.0,0,3.5,1,mainland,0,0,0,0,0,0
2024-06-14T08:54:51.740442Z,2024,6,14,65.870000,22.503100,6.0,0,15.6,1,mainland,0,0,0,0,0,0
2024-06-14T08:54:51.740917Z,2024,6,14,65.872200,22.495700,7.0,0,9.1,1,mainland,0,0,0,0,0,0
2024-06-14T08:54:51.741687Z,2024,6,14,65.872800,22.485100,5.0,0,23.4,1,mainland,0,0,0,0,0,0
2024-06-14T08:55:59.617225Z,2024,6,14,65.876100,22.561200,8.0,0,6.3,1,mainland,0,0,0,0,0,1
2024-06-14T08:56:48.476349Z,2024,6,14,65.870400,22.484100,10.0,0,3.7,1,mainland,0,0,0,0,0,0
2024-06-14T08:56:48.478936Z,2024,6,14,65.866900,22.497100,11.0,0,18.2,1,mainland,0,0,0,0,0,0
2024-06-14T08:57:50.051269Z,2024,6,14,65.963900,22.518500,6.0,0,17.8,1,mainland,0,0,0,0,1,1
2024-06-14T08:57:50.053893Z,2024,6,14,65.873400,22.484100,7.0,0,6.0,1,mainland,0,0,0,0,0,0
2024-06-14T08:58:54.287108Z,2024,6,14,65.832400,22.541900,7.0,0,20.3,1,mainland,0,0,0,0,0,0
2024-06-14T08:58:54.288495Z,2024,6,14,65.884400,22.326800,10.0,0,23.8,1,mainland,0,0,0,0,0,0
2024-06-14T08:58:54.288835Z,2024,6,14,65.879800,22.471700,8.0,0,3.9,1,mainland,0,0,0,0,0,0
2024-06-14T09:10:00.647868Z,2024,6,14,65.835500,22.081200,4.0,0,0.0,1,mainland,0,0,0,0,0,0
2024-06-14T09:10:00.648142Z,2024,6,14,65.834800,22.049700,7.0,0,13.9,1,mainland,0,0,0,0,1,1
2024-06-14T09:10:00.648156Z,2024,6,14,65.832100,22.091600,-10.0,0,9.8,1,mainland,0,0,0,0,0,0
2024-06-14T09:10:00.652515Z,2024,6,14,65.853500,22.163000,-8.0,0,13.9,1,inland_water,0,0,0,0,0,0
2024-06-14T09:10:00.950225Z,2024,6,14,65.764000,22.208100,-25.0,0,5.0,1,mainland,0,0,0,0,0,0
2024-06-14T09:12:11.434411Z,2024,6,14,65.818000,22.112600,8.0,0,8.6,1,mainland,0,0,0,0,0,0
2024-06-14T09:12:11.451944Z,2024,6,14,65.813500,22.145900,5.0,0,16.5,1,mainland,0,0,0,0,0,0
2024-06-14T09:13:57.656472Z,2024,6,14,65.817200,22.062000,10.0,0,0.0,1,mainland,0,0,0,0,0,0
2024-06-14T09:13:57.656816Z,2024,6,14,65.814100,22.032700,16.0,0,5.6,1,mainland,0,0,0,0,0,0
2024-06-14T09:13:57.657128Z,2024,6,14,65.819100,22.046200,5.0,0,0.0,1,mainland,0,0,0,0,0,0
2024-06-14T09:13:57.657645Z,2024,6,14,65.807800,22.051000,8.0,0,14.3,1,mainland,0,0,0,0,0,0
2024-06-14T09:15:21.025858Z,2024,6,14,65.833100,22.090900,8.0,0,2.5,1,mainland,0,0,0,0,0,0
2024-06-14T09:18:00.399841Z,2024,6,14,65.862200,22.151900,8.0,0,2.4,1,inland_water,0,0,0,0,0,0
2024-06-14T09:18:36.442806Z,2024,6,14,65.833100,22.082000,10.0,0,12.3,1,mainland,0,0,0,0,0,0
2024-06-14T09:19:58.160812Z,2024,6,14,65.828500,22.095800,6.0,0,8.0,1,mainland,0,0,0,0,0,0
2024-06-14T09:20:37.157315Z,2024,6,14,65.863100,22.085900,5.0,0,3.0,1,mainland,0,0,0,1,1,1
2024-06-14T09:20:37.177710Z,2024,6,14,65.845100,22.094000,6.0,0,27.8,1,mainland,0,0,0,0,1,1
2024-06-14T09:22:13.861900Z,2024,6,14,65.819600,22.097200,12.0,0,9.5,1,mainland,0,0,0,0,0,0
2024-06-14T09:22:13.862887Z,2024,6,14,65.829700,22.078100,7.0,0,3.1,1,mainland,0,0,0,0,0,0
2024-06-14T09:22:13.863379Z,2024,6,14,65.807500,22.071900,5.0,0,28.4,1,mainland,0,0,0,0,0,0
2024-06-14T09:22:13.864147Z,2024,6,14,65.830800,22.067900,6.0,0,18.8,1,mainland,0,0,0,0,0,0
2024-06-14T09:22:14.084842Z,2024,6,14,65.754500,22.212600,-9.0,0,30.4,1,mainland,0,0,0,0,0,0
2024-06-14T09:22:49.356715Z,2024,6,14,65.842700,22.107800,8.0,0,20.7,1,mainland,0,0,0,0,1,1
2024-06-14T09:23:25.056531Z,2024,6,14,66.020800,22.126800,18.0,0,6.3,1,mainland,0,0,0,0,0,0
2024-06-14T09:23:33.323225Z,2024,6,14,65.843000,22.094100,6.0,0,1.8,1,mainland,0,0,0,0,0,1
2024-06-14T09:23:33.337346Z,2024,6,14,65.853400,22.159000,7.0,0,11.2,1,mainland,0,0,0,0,0,0
2024-06-14T09:24:16.799901Z,2024,6,14,65.853600,22.064800,6.0,0,7.2,1,mainland,0,0,0,0,1,1
2024-06-14T09:25:32.373213Z,2024,6,14,65.847900,22.132400,6.0,0,9.9,1,mainland,0,0,0,0,0,1
2024-06-14T09:25:32.374704Z,2024,6,14,65.825800,22.147900,8.0,0,26.6,1,mainland,0,0,0,0,0,0
2024-06-14T09:25:32.416044Z,2024,6,14,65.845300,22.090600,6.0,0,16.7,1,mainland,0,0,0,0,1,1
2024-06-14T09:44:02.557195Z,2024,6,14,65.614900,21.641400,-6.0,0,14.5,1,mainland,0,0,0,0,0,0
2024-06-15T12:16:12.641161Z,2024,6,15,65.667100,21.509200,-18.0,0,10.6,1,mainland,0,0,0,0,0,1
2024-06-15T12:20:59.297218Z,2024,6,15,65.660200,21.403600,-7.0,0,4.6,1,mainland,0,0,0,0,0,0
2024-06-15T12:32:23.737119Z,2024,6,15,65.680100,21.410400,-9.0,0,4.3,1,mainland,0,0,0,0,1,1
2024-06-15T13:53:31.470284Z,2024,6,15,66.153700,22.011300,-10.0,0,6.4,1,mainland,0,0,0,0,1,1
2024-06-15T13:54:59.651337Z,2024,6,15,66.052100,22.051100,-9.0,0,7.2,1,mainland,0,0,0,0,0,0
2024-06-15T14:00:32.642659Z,2024,6,15,66.027700,22.002300,-9.0,0,6.1,1,mainland,0,0,0,0,0,0
2024-06-15T14:04:09.291820Z,2024,6,15,65.670700,21.425800,9.0,0,4.2,1,mainland,0,0,0,0,0,0
2024-06-15T14:07:06.788101Z,2024,6,15,65.677100,21.437600,5.0,0,0.0,1,mainland,0,0,0,0,0,0
2024-06-15T14:07:06.788161Z,2024,6,15,65.677100,21.424300,13.0,0,19.4,1,mainland,0,0,0,0,0,1
2024-06-15T14:07:06.788376Z,2024,6,15,65.677100,21.443700,6.0,0,0.0,1,inland_water,0,0,0,0,0,0
2024-06-15T14:07:06.788556Z,2024,6,15,65.676500,21.442200,6.0,0,0.0,1,inland_water,0,0,0,0,0,0
2024-06-15T14:38:41.804555Z,2024,6,15,65.700700,21.948600,-21.0,0,9.2,1,mainland,0,0,0,0,0,0
2024-06-19T11:22:29.157419Z,2024,6,19,65.588100,21.556800,-20.0,0,6.1,1,mainland,0,0,0,0,0,0
2024-06-19T11:22:29.161044Z,2024,6,19,65.610300,21.501300,-7.0,0,6.4,1,inland_water,0,0,0,0,0,0
2024-06-19T11:44:35.888859Z,2024,6,19,65.675800,21.760200,-10.0,0,4.6,1,mainland,0,0,0,0,0,0
2024-06-19T11:53:26.671220Z,2024,6,19,65.617500,21.716400,7.0,0,11.6,1,mainland,0,0,0,0,0,0
2024-06-19T12:09:13.713047Z,2024,6,19,65.777100,21.958900,7.0,0,5.6,1,mainland,0,0,0,0,0,0
2024-06-19T16:10:06.404899Z,2024,6,19,65.705300,21.907600,10.0,0,18.2,1,mainland,0,0,0,0,0,0
2024-06-19T16:47:58.034850Z,2024,6,19,65.962500,22.074700,9.0,0,5.1,1,mainland,0,0,0,0,0,0
2024-06-19T16:47:58.037451Z,2024,6,19,65.961300,22.067800,6.0,0,3.1,1,mainland,0,0,0,0,0,0
2024-06-19T16:47:58.108027Z,2024,6,19,65.898800,22.032400,-6.0,0,6.6,1,mainland,0,0,0,1,1,1
2024-06-19T17:47:53.133762Z,2024,6,19,66.236000,22.126300,-9.0,0,3.0,1,mainland,0,0,0,0,0,0
2024-06-21T10:46:08.010100Z,2024,6,21,66.211600,22.087600,8.0,0,8.9,1,mainland,0,0,0,0,0,0
2024-07-07T14:46:18.013651Z,2024,7,7,65.707700,22.677900,9.0,0,0.0,1,sea,0,0,1,0,0,0
2024-07-07T14:46:18.013891Z,2024,7,7,65.706500,22.681100,12.0,0,0.0,1,sea,0,0,1,0,0,0
2024-07-07T14:46:18.014170Z,2024,7,7,65.704900,22.648400,21.0,0,11.2,1,sea,0,0,0,0,0,0
2024-07-07T14:54:03.167892Z,2024,7,7,65.713000,22.583800,8.0,0,0.0,1,sea,0,1,1,0,0,0
2024-07-09T08:51:05.347649Z,2024,7,9,65.479300,21.813100,12.0,0,17.2,1,mainland,0,0,0,0,0,0
2024-07-09T09:10:32.512373Z,2024,7,9,65.581500,22.163100,9.0,0,4.5,1,mainland,1,1,1,0,0,0
2024-07-09T09:10:32.512993Z,2024,7,9,65.579800,22.162700,24.0,0,12.6,1,sea,1,1,1,0,0,0
2024-07-09T09:12:36.719420Z,2024,7,9,65.709800,22.099300,6.0,0,5.5,1,mainland,0,0,0,0,0,0
2024-07-09T09:12:36.719788Z,2024,7,9,65.704600,22.095700,4.0,0,5.1,1,mainland,0,0,0,0,0,0
2024-07-09T09:12:36.915138Z,2024,7,9,65.717100,22.162500,-50.0,0,12.9,1,mainland,0,0,0,0,0,0
2024-07-09T09:14:08.953051Z,2024,7,9,65.569900,22.236200,-11.0,0,0.0,1,sea,1,1,1,0,0,0
2024-07-09T09:14:08.953109Z,2024,7,9,65.591700,22.172700,-12.0,0,0.0,1,sea,1,1,1,0,0,0
2024-07-09T09:14:08.954160Z,2024,7,9,65.581900,22.188900,-75.0,0,23.5,1,mainland,1,1,1,0,0,0
2024-07-09T09:14:08.964209Z,2024,7,9,65.541200,22.166900,-8.0,0,14.5,1,mainland,0,1,1,0,0,0
2024-07-09T09:14:08.964946Z,2024,7,9,65.590100,22.169200,-6.0,0,7.7,1,mainland,1,1,1,0,0,0
2024-07-09T09:14:08.970990Z,2024,7,9,65.567100,22.172200,-16.0,0,4.9,1,sea,1,1,1,0,0,0
2024-07-09T09:14:08.984539Z,2024,7,9,65.581500,22.192000,-6.0,0,3.0,1,mainland,1,1,1,0,0,0
2024-07-09T09:14:31.746055Z,2024,7,9,65.710500,22.107700,5.0,0,5.5,1,mainland,0,0,0,0,0,0
2024-07-09T09:14:31.747090Z,2024,7,9,65.670500,21.830400,9.0,0,0.0,1,inland_water,0,0,0,0,0,0
2024-07-09T09:14:31.747417Z,2024,7,9,65.711200,22.114700,16.0,0,27.4,1,mainland,0,0,0,0,0,0
2024-07-09T09:14:31.975067Z,2024,7,9,65.766100,22.208000,-6.0,0,3.1,1,mainland,0,0,0,0,0,0
2024-07-09T09:16:25.284952Z,2024,7,9,65.717100,22.169000,13.0,0,4.6,1,mainland,0,0,0,0,0,0
2024-07-09T09:16:25.286021Z,2024,7,9,65.719700,22.208600,7.0,0,30.4,1,mainland,0,0,0,0,0,0
2024-07-09T09:16:25.287440Z,2024,7,9,65.716200,22.170800,10.0,0,6.9,1,mainland,0,0,0,0,0,0
2024-07-09T09:16:25.437992Z,2024,7,9,65.678100,22.059100,-10.0,0,4.4,1,mainland,0,0,0,0,0,0
2024-07-09T09:17:08.270292Z,2024,7,9,65.472900,21.945300,-13.0,0,2.7,1,mainland,0,0,0,0,0,0
2024-07-09T09:17:08.271297Z,2024,7,9,65.476900,21.961300,-121.0,0,10.8,1,mainland,1,1,1,0,0,0
2024-07-09T09:17:08.278162Z,2024,7,9,65.478000,21.930200,-6.0,0,15.5,1,mainland,0,0,0,0,0,0
2024-07-09T09:17:08.280816Z,2024,7,9,65.479300,21.938000,-15.0,0,25.5,1,mainland,0,0,0,0,0,0
2024-07-09T09:17:08.283308Z,2024,7,9,65.474600,21.943400,-22.0,0,4.3,1,mainland,0,0,0,0,0,0
2024-07-09T09:17:10.226210Z,2024,7,9,65.539900,22.181600,5.0,0,7.2,1,islands,1,1,1,0,0,0
2024-07-09T09:17:10.227445Z,2024,7,9,65.574800,22.157800,11.0,0,15.9,1,sea,0,0,1,0,0,0
2024-07-09T09:17:10.228520Z,2024,7,9,65.578200,22.133100,7.0,0,10.7,1,mainland,1,1,1,0,0,0
2024-07-09T09:17:10.245974Z,2024,7,9,65.573400,22.215400,5.0,0,17.4,1,mainland,1,1,1,0,0,0
2024-07-09T09:17:10.299607Z,2024,7,9,65.540000,22.210600,-17.0,0,9.3,1,islands,0,0,1,0,0,0
2024-07-09T09:18:30.197377Z,2024,7,9,65.721900,22.165500,11.0,0,0.0,1,mainland,0,0,0,0,0,0
2024-07-09T09:18:30.197431Z,2024,7,9,65.722800,22.167400,12.0,0,0.0,1,mainland,0,0,0,0,0,0
2024-07-09T09:18:30.197709Z,2024,7,9,65.722500,22.165000,9.0,0,0.0,1,mainland,0,0,0,0,0,0
2024-07-09T09:18:30.199665Z,2024,7,9,65.719000,22.146000,10.0,0,13.5,1,mainland,0,0,0,0,0,0
2024-07-09T09:21:07.044187Z,2024,7,9,65.483200,21.950100,5.0,0,12.0,1,mainland,0,1,1,0,0,0
2024-07-09T09:25:20.987883Z,2024,7,9,65.522200,22.029600,10.0,0,6.7,1,mainland,0,1,1,0,0,0
2024-07-09T09:25:20.989043Z,2024,7,9,65.522200,22.025300,12.0,0,29.4,1,mainland,0,0,1,0,0,0
2024-07-09T09:25:20.990389Z,2024,7,9,65.517700,22.040800,8.0,0,14.2,1,sea,1,1,1,0,0,0
2024-07-09T09:36:00.957820Z,2024,7,9,65.581200,22.109100,5.0,0,6.0,1,mainland,1,1,1,0,0,0
2024-07-09T09:36:22.316619Z,2024,7,9,65.684100,22.272900,7.0,0,2.0,1,sea,0,1,1,0,0,0
2024-07-09T09:37:44.315580Z,2024,7,9,65.563100,22.126700,11.0,0,6.3,1,mainland,1,1,1,0,0,0
2024-07-09T09:37:44.317180Z,2024,7,9,65.561600,22.143400,10.0,0,4.6,1,sea,1,1,1,0,0,0
2024-07-09T09:37:44.319388Z,2024,7,9,65.578400,22.096800,6.0,0,14.5,1,mainland,0,1,1,0,0,0
2024-07-09T09:37:51.212294Z,2024,7,9,65.684100,22.287400,6.0,0,3.0,1,sea,0,1,1,0,0,0
2024-07-09T09:38:55.495635Z,2024,7,9,65.685700,22.243000,8.0,0,8.3,1,mainland,0,0,1,0,0,0
2024-07-09T09:39:28.863866Z,2024,7,9,65.695600,22.271600,7.0,0,3.9,1,sea,1,1,1,0,0,0
2024-07-09T09:39:28.864605Z,2024,7,9,65.704700,22.260800,6.0,0,22.8,1,mainland,0,1,1,0,0,0
2024-07-09T09:41:28.470859Z,2024,7,9,65.689100,22.285500,8.0,0,7.0,1,sea,1,1,1,0,0,0
2024-07-09T09:41:28.471403Z,2024,7,9,65.691400,22.293400,19.0,0,22.2,1,mainland,1,1,1,0,0,0
2024-07-09T09:41:28.472605Z,2024,7,9,65.689400,22.297400,14.0,0,13.6,1,mainland,0,1,1,0,0,0
2024-07-09T09:41:28.475583Z,2024,7,9,65.691500,22.289400,9.0,0,17.0,1,mainland,1,1,1,0,0,0
2024-07-09T09:41:28.483439Z,2024,7,9,65.692400,22.277800,8.0,0,29.8,1,sea,0,1,1,0,0,0
2024-07-09T09:41:40.243649Z,2024,7,9,65.730800,22.058900,8.0,0,8.6,1,mainland,0,0,0,0,0,0
2024-07-09T09:41:40.303520Z,2024,7,9,65.692000,22.062100,-5.0,0,3.7,1,mainland,0,0,0,0,0,0
2024-07-09T09:41:45.792116Z,2024,7,9,65.621500,22.179000,8.0,0,2.1,1,mainland,1,1,1,0,0,0
2024-07-09T09:43:05.353448Z,2024,7,9,65.703800,22.288600,11.0,0,6.1,1,mainland,1,1,1,0,0,0
2024-07-09T09:43:05.355077Z,2024,7,9,65.737200,22.299100,10.0,0,14.4,1,mainland,0,0,0,0,0,0
2024-07-09T09:43:58.276235Z,2024,7,9,65.554600,22.158800,-85.0,0,20.0,1,sea,1,1,1,0,0,0
2024-07-09T09:43:58.296971Z,2024,7,9,65.565400,22.155900,-28.0,0,14.7,1,sea,1,1,1,0,0,0
2024-07-09T09:43:58.300078Z,2024,7,9,65.552100,22.161700,-5.0,0,18.6,1,sea,0,1,1,0,0,0
2024-07-09T09:45:25.798586Z,2024,7,9,65.685100,22.414900,8.0,0,9.2,1,sea,0,0,0,0,0,0
2024-07-09T09:45:25.953125Z,2024,7,9,65.693800,22.508900,-44.0,0,8.0,1,sea,0,0,0,0,0,0
2024-07-09T09:45:47.181434Z,2024,7,9,65.719500,22.069300,5.0,0,11.0,1,mainland,0,0,0,0,0,0
2024-07-09T09:45:47.183117Z,2024,7,9,65.714300,22.083500,11.0,0,9.9,1,mainland,0,0,0,0,0,0
2024-07-09T09:45:47.183643Z,2024,7,9,65.717700,22.081700,5.0,0,24.8,1,mainland,0,0,0,0,0,0
2024-07-09T09:45:47.184478Z,2024,7,9,65.693500,22.160100,5.0,0,21.6,1,mainland,0,0,0,0,0,0
2024-07-09T09:45:47.185303Z,2024,7,9,65.632400,22.165200,5.0,0,23.2,1,mainland,0,1,1,0,0,0
2024-07-09T09:45:47.280830Z,2024,7,9,65.697900,22.053800,-5.0,0,3.5,1,mainland,0,0,0,0,0,0
2024-07-09T09:46:20.720216Z,2024,7,9,65.694000,22.393100,16.0,0,16.0,1,sea,0,0,1,0,0,0
2024-07-09T09:46:20.720231Z,2024,7,9,65.690700,22.404400,12.0,0,0.0,1,sea,0,0,1,0,0,0
2024-07-09T09:46:20.720744Z,2024,7,9,65.686600,22.386300,17.0,0,17.8,1,sea,0,0,1,0,0,0
2024-07-09T09:46:20.721105Z,2024,7,9,65.689400,22.384400,7.0,0,2.4,1,sea,0,0,1,0,0,0
2024-07-09T09:46:45.837659Z,2024,7,9,65.690300,22.339700,9.0,0,8.7,1,mainland,0,0,1,0,0,0
2024-07-09T09:46:46.608813Z,2024,7,9,65.564600,22.243700,8.0,0,0.0,1,sea,1,1,1,0,0,0
2024-07-09T09:46:46.610107Z,2024,7,9,65.550600,22.154600,13.0,0,28.9,1,sea,0,0,1,0,0,0
2024-07-09T09:46:46.610669Z,2024,7,9,65.550200,22.176100,32.0,0,18.5,1,mainland,1,1,1,0,0,0
2024-07-09T09:47:31.741473Z,2024,7,9,65.717700,22.090200,8.0,0,4.3,1,mainland,0,0,0,0,0,0
2024-07-09T09:47:46.915312Z,2024,7,9,65.685000,22.388400,19.0,0,12.8,1,sea,0,0,1,0,0,0
2024-07-09T09:47:46.915902Z,2024,7,9,65.684400,22.378100,11.0,0,15.7,1,sea,0,1,1,0,0,0
2024-07-09T09:47:46.916370Z,2024,7,9,65.704400,22.414300,-6.0,0,30.4,1,islands,0,1,1,0,0,0
2024-07-09T09:47:46.922787Z,2024,7,9,65.686600,22.382600,9.0,0,30.2,1,sea,0,0,1,0,0,0
2024-07-09T09:48:26.953079Z,2024,7,9,65.853400,22.180400,6.0,0,3.5,1,mainland,0,0,0,0,0,0
2024-07-09T09:48:26.953486Z,2024,7,9,65.844900,22.191800,8.0,0,5.2,1,mainland,0,0,0,0,0,0
2024-07-09T09:49:15.294334Z,2024,7,9,65.553700,22.192100,-18.0,0,0.0,1,sea,0,1,1,0,0,0
2024-07-09T09:49:15.294374Z,2024,7,9,65.554700,22.190200,-13.0,0,0.0,1,sea,0,1,1,0,0,0
2024-07-09T09:49:15.294459Z,2024,7,9,65.553500,22.190800,-21.0,0,0.0,1,sea,0,1,1,0,0,0
2024-07-09T09:49:15.294811Z,2024,7,9,65.550000,22.199500,-113.0,0,15.7,1,sea,0,1,1,0,0,0
2024-07-09T09:49:33.113178Z,2024,7,9,65.688200,22.434700,6.0,0,14.2,1,sea,1,1,1,0,0,0
2024-07-09T09:49:33.113191Z,2024,7,9,65.666700,22.478700,-9.0,0,18.6,1,sea,0,1,1,0,0,0
2024-07-09T09:52:01.748132Z,2024,7,9,65.677500,22.401700,-46.0,0,9.2,1,sea,0,0,0,0,0,0
2024-07-09T09:52:01.748148Z,2024,7,9,65.674900,22.395900,-30.0,0,0.0,1,sea,0,0,1,0,0,0
2024-07-09T09:52:01.748190Z,2024,7,9,65.675500,22.387200,-20.0,0,0.0,1,sea,0,0,1,0,0,0
2024-07-09T09:52:01.748320Z,2024,7,9,65.676500,22.381300,13.0,0,0.0,1,sea,0,1,1,0,0,0
2024-07-09T09:52:01.748332Z,2024,7,9,65.707600,22.517200,12.0,0,0.0,1,sea,0,0,0,0,0,0
2024-07-09T09:52:01.748966Z,2024,7,9,65.683400,22.408400,-83.0,0,23.6,1,sea,0,0,0,0,0,0
2024-07-09T09:52:01.792672Z,2024,7,9,65.685000,22.382700,-7.0,0,8.0,1,sea,0,1,1,0,0,0
2024-07-09T09:53:47.351449Z,2024,7,9,65.559800,22.224800,-8.0,0,0.0,1,mainland,0,0,1,0,0,0
2024-07-09T09:53:47.352521Z,2024,7,9,65.590800,22.263500,-80.0,0,30.4,1,mainland,0,0,0,0,0,0
2024-07-09T09:53:47.360508Z,2024,7,9,65.561200,22.208300,-9.0,0,3.9,1,mainland,0,0,1,0,0,0
2024-07-09T09:57:48.844460Z,2024,7,9,65.687500,22.429200,-8.0,0,0.0,1,sea,0,1,1,0,0,0
2024-07-09T09:57:48.844486Z,2024,7,9,65.691700,22.338500,-12.0,0,0.0,1,mainland,0,0,1,0,0,0
2024-07-09T09:57:48.844528Z,2024,7,9,65.693900,22.473200,-8.0,0,0.0,1,sea,0,0,1,0,0,0
2024-07-09T09:57:48.844544Z,2024,7,9,65.658300,22.237900,7.0,0,0.0,1,sea,1,1,1,0,0,0
2024-07-09T09:57:48.844559Z,2024,7,9,65.693500,22.345500,-11.0,0,0.0,1,mainland,0,0,1,0,0,0
2024-07-09T09:57:48.844608Z,2024,7,9,65.688400,22.324400,-11.0,0,0.0,1,mainland,0,0,0,0,0,0
2024-07-09T09:57:48.844674Z,2024,7,9,65.688800,22.334500,-16.0,0,0.0,1,mainland,0,0,1,0,0,0
2024-07-09T09:57:48.845255Z,2024,7,9,65.686300,22.392900,-75.0,0,22.6,1,sea,0,0,1,0,0,0
2024-07-09T09:57:48.845257Z,2024,7,9,65.657200,22.505700,-118.0,0,27.2,1,sea,0,0,0,0,0,0
2024-07-09T10:05:00.750192Z,2024,7,9,65.791400,22.169600,5.0,0,19.3,1,mainland,0,0,0,0,0,0
2024-07-09T10:05:00.750934Z,2024,7,9,65.720000,22.156400,7.0,0,6.0,1,mainland,0,0,0,0,0,0
2024-07-09T10:13:15.615491Z,2024,7,9,65.713600,22.423400,-8.0,0,2.3,1,islands,1,1,1,0,0,0
2024-07-09T10:30:41.319807Z,2024,7,9,65.750400,21.927400,6.0,0,13.4,1,mainland,0,0,0,1,1,1
2024-07-09T10:33:14.807094Z,2024,7,9,65.777000,21.987600,9.0,0,28.0,1,mainland,0,0,0,0,0,0
2024-07-09T10:41:05.620905Z,2024,7,9,65.782500,21.987600,24.0,0,26.1,1,mainland,0,0,0,0,0,0
2024-07-09T10:47:27.387592Z,2024,7,9,65.961300,22.072000,5.0,0,4.0,1,mainland,0,0,0,0,0,0
2024-07-09T10:48:09.273169Z,2024,7,9,65.957000,22.065700,11.0,0,3.9,1,mainland,0,0,0,0,0,0
2024-07-09T10:48:55.091187Z,2024,7,9,65.956200,22.062600,15.0,0,6.1,1,mainland,0,0,0,0,0,0
2024-07-09T10:49:58.556241Z,2024,7,9,65.898700,22.052200,-43.0,0,29.0,1,mainland,0,0,0,0,0,1
2024-07-09T10:50:42.226578Z,2024,7,9,65.947400,22.099600,12.0,0,16.3,1,mainland,0,0,0,0,0,0
2024-07-09T10:50:42.226937Z,2024,7,9,65.946900,22.104400,7.0,0,0.0,1,mainland,0,0,0,0,0,0
2024-07-09T10:50:42.229283Z,2024,7,9,65.955200,22.091200,12.0,0,20.5,1,mainland,0,0,0,0,0,0
2024-07-09T10:52:21.605816Z,2024,7,9,65.972800,22.076500,7.0,0,16.7,1,mainland,0,0,0,0,0,0
2024-07-09T10:52:21.607702Z,2024,7,9,65.973200,22.092400,6.0,0,5.1,1,mainland,0,0,0,0,0,0
2024-07-09T10:53:16.788466Z,2024,7,9,65.950800,22.279500,10.0,0,8.3,1,mainland,0,0,0,0,0,0
2024-07-09T10:53:16.801871Z,2024,7,9,65.955100,22.316800,5.0,0,6.1,1,mainland,0,0,0,0,0,0
2024-07-09T10:54:46.844958Z,2024,7,9,65.959900,22.099200,9.0,0,7.0,1,mainland,0,0,0,0,0,0
2024-07-09T10:54:46.845915Z,2024,7,9,65.953200,22.097900,13.0,0,14.4,1,mainland,0,0,0,0,0,0
2024-07-09T10:54:46.846314Z,2024,7,9,65.949600,22.071500,12.0,0,30.4,1,mainland,0,0,0,0,0,0
2024-07-09T10:54:46.865711Z,2024,7,9,65.964700,22.095900,6.0,0,6.2,1,mainland,0,0,0,0,0,0
2024-07-09T10:56:10.580390Z,2024,7,9,65.956000,22.050500,-30.0,0,6.3,1,mainland,0,0,0,0,0,0
2024-07-09T10:56:10.600115Z,2024,7,9,65.956000,22.051300,-9.0,0,5.1,1,mainland,0,0,0,0,0,0
2024-07-09T10:56:10.629189Z,2024,7,9,65.955200,22.054300,-14.0,0,6.4,1,mainland,0,0,0,0,0,0
2024-07-09T10:56:10.849913Z,2024,7,9,65.952700,22.062700,-6.0,0,5.0,1,mainland,0,0,0,0,0,0
2024-07-09T10:56:38.716331Z,2024,7,9,65.956500,22.043000,7.0,0,5.6,1,mainland,0,0,0,0,0,0
2024-07-09T10:57:27.657132Z,2024,7,9,65.959200,22.074500,5.0,0,1.6,1,mainland,0,0,0,0,0,0
2024-07-09T10:58:00.674399Z,2024,7,9,65.955500,22.134300,6.0,0,22.6,1,mainland,0,0,0,0,0,0
2024-07-09T10:59:27.788825Z,2024,7,9,65.895100,22.123100,14.0,0,22.4,1,mainland,0,0,0,0,0,0
2024-07-09T10:59:27.789709Z,2024,7,9,65.969200,22.059400,8.0,0,6.1,1,mainland,0,0,0,0,0,0
2024-07-09T10:59:27.791841Z,2024,7,9,65.968400,22.056900,9.0,0,22.4,1,mainland,0,0,0,0,0,0
2024-07-09T10:59:27.812475Z,2024,7,9,65.959200,22.061000,7.0,0,14.4,1,mainland,0,0,0,0,0,0
2024-07-09T11:00:57.398646Z,2024,7,9,65.964000,22.080200,21.0,0,13.0,1,mainland,0,0,0,0,0,0
2024-07-09T11:00:57.399499Z,2024,7,9,65.514800,22.681000,11.0,0,3.1,1,sea,0,1,1,0,0,0
2024-07-09T11:00:57.402007Z,2024,7,9,65.948200,22.190100,13.0,0,28.0,1,mainland,0,0,0,0,0,0
2024-07-09T11:02:19.293163Z,2024,7,9,65.959300,22.080500,-43.0,0,8.8,1,mainland,0,0,0,0,0,0
2024-07-09T11:02:19.307059Z,2024,7,9,65.962700,22.089700,-6.0,0,3.5,1,mainland,0,0,0,0,0,0
2024-07-09T11:02:19.626249Z,2024,7,9,65.965800,22.076700,-12.0,0,5.4,1,inland_water,0,0,0,0,0,0
2024-07-09T11:03:13.151772Z,2024,7,9,66.043400,21.954500,-6.0,0,5.1,1,mainland,0,0,0,1,1,1
2024-07-09T11:05:55.298070Z,2024,7,9,65.981200,22.201900,-12.0,0,10.1,1,inland_water,0,0,0,0,0,0
2024-07-09T11:10:09.911965Z,2024,7,9,65.970000,22.104300,-22.0,0,9.4,1,mainland,0,0,0,0,0,0
2024-07-09T11:10:09.912028Z,2024,7,9,65.991400,22.385200,-13.0,0,0.0,1,mainland,0,0,0,0,0,0
2024-07-09T11:10:09.912130Z,2024,7,9,65.989900,22.338600,11.0,0,0.0,1,mainland,0,0,0,0,0,0
2024-07-09T11:10:09.912725Z,2024,7,9,65.971300,22.103600,-89.0,0,25.3,1,mainland,0,0,0,0,0,0
2024-07-09T11:10:09.933748Z,2024,7,9,66.019200,22.142500,-24.0,0,9.3,1,mainland,0,0,0,0,0,0
2024-07-09T11:15:45.652373Z,2024,7,9,65.965100,22.273000,17.0,0,22.8,1,mainland,0,0,0,0,0,0
2024-07-09T11:18:07.929316Z,2024,7,9,65.961800,22.283300,14.0,0,10.6,1,mainland,0,0,0,0,0,0
2024-07-09T11:57:00.702821Z,2024,7,9,66.051800,22.406000,8.0,0,12.8,1,mainland,0,0,0,0,0,0
2024-07-09T12:29:02.942055Z,2024,7,9,65.634400,21.494700,-12.0,0,13.1,1,inland_water,0,0,0,0,0,0
2024-07-09T17:40:39.860676Z,2024,7,9,65.981000,22.238400,6.0,0,15.9,1,mainland,0,0,0,0,0,0
2024-07-09T17:42:20.681716Z,2024,7,9,66.021100,22.195000,-4.0,0,3.3,1,mainland,0,0,0,0,0,0
2024-07-09T17:42:21.084579Z,2024,7,9,66.049400,22.315500,-16.0,0,6.8,1,mainland,0,0,0,0,0,0
2024-07-09T17:45:39.197057Z,2024,7,9,65.970600,22.214700,8.0,0,25.6,1,mainland,0,0,0,0,0,0
2024-07-09T17:45:39.197492Z,2024,7,9,65.968100,22.229400,8.0,0,4.2,1,mainland,0,0,0,0,0,0
2024-07-09T17:45:39.376339Z,2024,7,9,65.902100,22.283100,-7.0,0,4.9,1,inland_water,0,0,0,0,0,0
2024-07-09T17:48:31.146978Z,2024,7,9,65.971200,22.254900,13.0,0,13.9,1,mainland,0,0,0,0,0,0
2024-07-09T17:48:31.156526Z,2024,7,9,66.003000,22.247900,5.0,0,9.7,1,mainland,0,0,0,0,0,0
2024-07-09T17:48:31.282357Z,2024,7,9,66.006300,22.300700,-13.0,0,8.3,1,mainland,0,0,0,0,0,0
2024-07-09T17:52:45.537937Z,2024,7,9,65.998300,22.299600,17.0,0,12.1,1,mainland,0,0,0,0,0,0
2024-07-09T17:52:45.550676Z,2024,7,9,65.995500,22.298900,13.0,0,10.7,1,mainland,0,0,0,0,0,0
2024-07-09T17:55:25.711838Z,2024,7,9,66.003000,22.397800,9.0,0,0.0,1,mainland,0,0,0,0,0,0
2024-07-09T17:55:25.712024Z,2024,7,9,65.986700,22.326800,15.0,0,0.0,1,mainland,0,0,0,0,0,0
2024-07-09T17:55:25.712364Z,2024,7,9,65.991200,22.339800,18.0,0,30.4,1,mainland,0,0,0,0,0,0
2024-07-09T17:55:25.730651Z,2024,7,9,66.023900,22.288900,6.0,0,10.6,1,mainland,0,0,0,0,0,0
2024-07-09T17:55:25.848080Z,2024,7,9,66.010700,22.352100,-30.0,0,8.3,1,mainland,0,0,0,0,0,0
2024-07-09T17:55:25.982337Z,2024,7,9,65.934900,22.300300,-16.0,0,6.2,1,mainland,0,0,0,0,0,0
2024-07-09T17:55:26.012448Z,2024,7,9,65.932400,22.301500,-8.0,0,5.2,1,mainland,0,0,0,0,0,0
2024-07-09T17:57:06.545270Z,2024,7,9,66.020300,22.381600,7.0,0,16.5,1,mainland,0,0,0,0,0,0
2024-07-09T18:02:36.159415Z,2024,7,9,66.000900,22.452900,6.0,0,6.2,1,mainland,0,0,0,0,0,0
2024-07-09T18:02:36.160342Z,2024,7,9,66.000600,22.445700,12.0,0,6.0,1,mainland,0,0,0,0,0,0
2024-07-09T18:05:27.808329Z,2024,7,9,65.998600,22.471400,-12.0,0,0.0,1,mainland,0,0,0,0,0,1
2024-07-09T18:05:27.808897Z,2024,7,9,65.998000,22.455100,-145.0,0,10.8,1,mainland,0,0,0,0,0,0
2024-07-09T18:05:27.815572Z,2024,7,9,65.997600,22.459700,-12.0,0,4.9,1,mainland,0,0,0,0,0,0
2024-07-09T18:05:27.820264Z,2024,7,9,65.999600,22.465100,-24.0,0,5.8,1,mainland,0,0,0,0,0,1
2024-07-09T18:05:27.918167Z,2024,7,9,65.990600,22.259400,-21.0,0,16.7,1,mainland,0,0,0,0,0,0
2024-07-09T18:05:27.919609Z,2024,7,9,65.994700,22.449000,7.0,0,8.2,1,mainland,0,0,0,0,0,0
2024-07-09T18:05:27.919996Z,2024,7,9,65.984400,22.458100,6.0,0,2.1,1,mainland,0,0,0,0,0,0
2024-07-09T18:06:42.503462Z,2024,7,9,65.989400,22.452400,4.0,0,8.7,1,mainland,0,0,0,0,0,0
2024-07-09T18:08:18.376270Z,2024,7,9,65.935100,22.459800,-6.0,0,3.3,1,inland_water,0,0,0,0,0,0
2024-07-09T18:10:29.331149Z,2024,7,9,65.932800,22.402600,-39.0,0,10.3,1,mainland,0,0,0,0,0,0
2024-07-09T18:15:37.776862Z,2024,7,9,65.952600,22.517900,-5.0,0,4.6,1,mainland,0,0,0,0,0,0
2024-07-09T18:23:22.557300Z,2024,7,9,65.872100,22.406100,-7.0,0,23.3,1,mainland,0,0,0,0,0,0
2024-07-09T18:40:10.985363Z,2024,7,9,65.895500,22.462600,-6.0,0,18.1,1,mainland,0,0,0,0,0,0
2024-07-09T19:37:00.253169Z,2024,7,9,65.612600,21.603500,9.0,0,0.0,1,mainland,0,0,0,0,0,0
2024-07-09T19:37:00.253889Z,2024,7,9,65.602100,21.583900,10.0,0,15.0,1,mainland,0,0,0,0,0,0
2024-07-09T19:37:00.254521Z,2024,7,9,65.596900,21.577800,13.0,0,22.5,1,mainland,0,0,0,0,0,0
2024-07-09T19:37:00.310149Z,2024,7,9,65.608700,21.446400,-8.0,0,6.5,1,mainland,0,0,0,0,1,1
2024-07-09T19:54:03.780080Z,2024,7,9,65.612400,21.709000,-14.0,0,0.0,1,mainland,0,0,0,0,0,0
2024-07-09T19:54:03.780153Z,2024,7,9,65.618800,21.707200,-44.0,0,17.8,1,mainland,0,0,0,0,0,0
2024-07-09T19:54:03.780220Z,2024,7,9,65.606800,21.877000,-25.0,0,0.0,1,inland_water,0,0,0,0,0,0
2024-07-09T19:54:03.780297Z,2024,7,9,65.647400,21.658100,-20.0,0,0.0,1,mainland,0,0,0,0,0,0
2024-07-09T19:54:03.781085Z,2024,7,9,65.621000,21.705800,-88.0,0,23.0,1,mainland,0,0,0,0,0,0
2024-07-09T19:54:03.790141Z,2024,7,9,65.620100,21.699200,-10.0,0,16.0,1,mainland,0,0,0,0,0,0
2024-07-09T19:54:03.794183Z,2024,7,9,65.577800,21.681000,-5.0,0,12.7,1,mainland,0,0,0,0,0,0
2024-07-09T19:54:03.795317Z,2024,7,9,65.620000,21.712700,-6.0,0,2.6,1,mainland,0,0,0,0,0,0
2024-07-09T19:54:03.802006Z,2024,7,9,65.612700,21.715500,-6.0,0,16.2,1,mainland,0,0,0,0,0,0
2024-07-09T19:54:03.803347Z,2024,7,9,65.612900,21.715700,-7.0,0,5.4,1,mainland,0,0,0,0,0,0
2024-07-09T19:56:46.908446Z,2024,7,9,65.616400,21.766500,-10.0,0,9.0,1,mainland,0,0,0,0,0,0
2024-07-09T19:56:46.909572Z,2024,7,9,65.610800,21.763300,6.0,0,8.0,1,mainland,0,0,0,0,0,0
2024-07-09T19:56:46.934331Z,2024,7,9,65.619500,21.743400,14.0,0,17.5,1,mainland,0,0,0,0,0,0
2024-07-09T19:57:24.876271Z,2024,7,9,65.628800,21.743400,7.0,0,3.3,1,mainland,0,0,0,0,0,0
2024-07-09T20:00:25.107760Z,2024,7,9,65.612600,21.767600,4.0,0,2.1,1,mainland,0,0,0,0,0,0
2024-07-09T20:03:04.902207Z,2024,7,9,65.615400,21.802900,-93.0,0,14.1,1,mainland,0,0,0,0,0,0
2024-07-09T20:08:18.262441Z,2024,7,9,65.595500,21.818300,-13.0,0,0.0,1,mainland,0,0,0,0,0,0
2024-07-09T20:08:18.262499Z,2024,7,9,65.620200,21.852500,-23.0,0,0.0,1,mainland,0,0,0,0,0,0
2024-07-09T20:08:18.262543Z,2024,7,9,65.622700,21.859700,-30.0,0,12.0,1,mainland,0,0,0,0,0,0
2024-07-09T20:08:18.262649Z,2024,7,9,65.604600,21.929400,-14.0,0,0.0,1,mainland,0,0,0,0,0,0
2024-07-09T20:08:18.262714Z,2024,7,9,65.602000,21.827200,-12.0,0,0.0,1,mainland,0,0,0,0,0,0
2024-07-09T20:08:18.263485Z,2024,7,9,65.621900,21.838200,-89.0,0,14.7,1,inland_water,0,0,0,0,0,0
2024-07-09T20:08:18.280967Z,2024,7,9,65.624600,21.857100,-8.0,0,17.9,1,mainland,0,0,0,0,0,0
2024-07-09T20:08:18.282387Z,2024,7,9,65.616800,21.849300,-9.0,0,17.0,1,inland_water,0,0,0,0,0,0
2024-07-09T20:08:18.284201Z,2024,7,9,65.618700,21.851600,-8.0,0,3.6,1,mainland,0,0,0,0,0,0
2024-07-09T20:08:18.284725Z,2024,7,9,65.614900,21.858000,-10.0,0,6.3,1,mainland,0,0,0,0,0,0
2024-07-09T20:10:22.880078Z,2024,7,9,65.629100,21.989400,-5.0,0,0.0,1,inland_water,0,0,0,0,0,0
2024-07-09T20:10:22.880135Z,2024,7,9,65.613400,21.865300,-17.0,0,17.9,1,mainland,0,0,0,0,0,0
2024-07-09T20:10:22.880264Z,2024,7,9,65.618200,21.895600,-9.0,0,0.0,1,mainland,0,0,0,0,0,0
2024-07-09T20:10:22.882047Z,2024,7,9,65.649000,21.897500,-65.0,0,17.8,1,inland_water,0,0,0,0,0,0
2024-07-09T20:10:22.897540Z,2024,7,9,65.617200,21.850400,-7.0,0,4.3,1,inland_water,0,0,0,0,0,0
2024-07-09T20:10:22.899040Z,2024,7,9,65.600600,21.861600,-11.0,0,3.8,1,mainland,0,0,0,0,0,0
2024-07-09T20:10:22.909658Z,2024,7,9,65.609300,21.828000,-10.0,0,3.1,1,mainland,0,0,0,0,0,0
2024-07-09T20:15:59.363820Z,2024,7,9,65.609000,21.920900,-10.0,0,0.0,1,mainland,0,0,0,0,0,0
2024-07-09T20:15:59.363923Z,2024,7,9,65.645700,21.975300,-15.0,0,0.0,1,inland_water,0,0,0,0,0,0
2024-07-09T20:15:59.364003Z,2024,7,9,65.618500,21.917200,-13.0,0,0.0,1,mainland,0,0,0,0,0,0
2024-07-09T20:15:59.364081Z,2024,7,9,65.612200,21.913200,-12.0,0,0.0,1,mainland,0,0,0,0,0,0
2024-07-09T20:15:59.364115Z,2024,7,9,65.622200,21.931900,-17.0,0,0.0,1,mainland,0,0,0,0,0,0
2024-07-09T20:15:59.364181Z,2024,7,9,65.618400,21.927100,-9.0,0,0.0,1,mainland,0,0,0,0,0,0
2024-07-09T20:15:59.364256Z,2024,7,9,65.618600,21.937700,-14.0,0,0.0,1,mainland,0,0,0,0,0,0
2024-07-09T20:15:59.364767Z,2024,7,9,65.615000,21.898400,-100.0,0,9.3,1,mainland,0,0,0,0,0,0
2024-07-09T20:15:59.376266Z,2024,7,9,65.613100,21.917900,-5.0,0,4.5,1,mainland,0,0,0,0,0,0
2024-07-09T20:15:59.376744Z,2024,7,9,65.599000,21.939000,-7.0,0,8.1,1,mainland,0,0,0,0,0,0
2024-07-09T20:15:59.379967Z,2024,7,9,65.705400,21.934800,-20.0,0,7.3,1,mainland,0,0,0,0,0,0
2024-07-09T20:15:59.402053Z,2024,7,9,65.611700,21.962400,-6.0,0,9.4,1,mainland,0,0,0,0,0,0
2024-07-24T10:43:38.938319Z,2024,7,24,65.871300,22.141700,7.0,0,8.7,1,mainland,0,0,0,0,0,0
2024-07-24T10:45:43.476297Z,2024,7,24,65.868900,22.096500,10.0,0,4.9,1,mainland,0,0,0,0,0,1
2024-07-24T10:47:25.856267Z,2024,7,24,65.924000,22.186500,-7.0,0,4.5,1,mainland,0,0,0,0,0,0
2024-07-24T10:48:30.433492Z,2024,7,24,65.872100,22.114200,-10.0,0,0.0,1,mainland,0,0,0,0,0,0
2024-07-24T10:48:30.433552Z,2024,7,24,65.878400,22.105000,-26.0,0,8.2,1,mainland,0,0,0,0,0,0
2024-07-24T10:48:30.433856Z,2024,7,24,65.872600,22.117700,-9.0,0,0.0,1,mainland,0,0,0,0,0,0
2024-07-24T10:48:30.443909Z,2024,7,24,65.891000,22.087800,-5.0,0,12.8,1,mainland,0,0,0,0,0,0
2024-07-24T10:52:22.648693Z,2024,7,24,65.893900,22.062200,4.0,0,5.8,1,mainland,0,0,0,0,0,0
2024-07-24T10:52:22.649127Z,2024,7,24,65.885900,22.080800,6.0,0,3.6,1,mainland,0,0,0,0,0,0
2024-07-24T10:52:22.716391Z,2024,7,24,65.863500,22.207300,-18.0,0,6.6,1,mainland,0,0,0,0,0,0
2024-07-24T10:52:22.878774Z,2024,7,24,65.864700,22.205000,-7.0,0,4.4,1,mainland,0,0,0,0,0,0
2024-07-24T10:56:51.891552Z,2024,7,24,65.915200,22.017300,6.0,0,8.5,1,mainland,0,0,0,0,1,1
2024-07-24T10:59:43.835175Z,2024,7,24,65.912100,22.034500,8.0,0,7.9,1,mainland,0,0,0,0,0,1
2024-07-24T10:59:43.836907Z,2024,7,24,65.907800,22.031000,9.0,0,19.1,1,mainland,0,0,0,0,1,1
2024-07-24T10:59:43.839549Z,2024,7,24,65.850900,22.125300,4.0,0,9.9,1,mainland,0,0,0,0,0,1
2024-07-24T10:59:43.839966Z,2024,7,24,65.909500,22.037700,6.0,0,7.5,1,mainland,0,0,0,0,0,1
2024-07-24T10:59:43.840851Z,2024,7,24,65.905300,22.167300,6.0,0,1.2,1,mainland,0,0,0,0,0,0
2024-07-24T10:59:43.842694Z,2024,7,24,65.911900,22.019900,7.0,0,10.5,1,mainland,0,0,0,1,1,1
2024-07-24T11:04:39.117809Z,2024,7,24,65.901400,22.115600,-19.0,0,8.7,1,mainland,0,0,0,0,0,0
2024-07-24T11:04:39.286955Z,2024,7,24,65.938700,22.128000,-11.0,0,3.9,1,mainland,0,0,0,0,0,0
2024-07-24T11:09:09.129330Z,2024,7,24,65.951300,21.949100,9.0,0,8.8,1,mainland,0,0,0,0,1,1
2024-07-24T11:09:56.021570Z,2024,7,24,65.929700,22.006100,-6.0,0,4.9,1,mainland,0,0,0,0,0,1
2024-07-24T11:12:05.276773Z,2024,7,24,65.945200,21.989100,7.0,0,4.3,1,mainland,0,0,0,0,0,1
2024-07-24T11:12:05.278003Z,2024,7,24,65.950600,21.986700,11.0,0,20.3,1,mainland,0,0,0,0,0,0
2024-07-24T11:14:19.451796Z,2024,7,24,65.992500,21.891400,-7.0,0,4.6,1,mainland,0,0,0,0,1,1
2024-07-24T11:14:19.554103Z,2024,7,24,65.995000,21.885500,-17.0,0,6.0,1,mainland,0,0,0,1,1,1
2024-07-24T11:43:16.288338Z,2024,7,24,65.956800,21.994300,-10.0,0,6.2,1,mainland,0,0,0,0,0,0
2024-07-24T11:45:11.793719Z,2024,7,24,65.960600,21.942100,7.0,0,17.0,1,mainland,0,0,0,0,0,0
2024-07-24T11:45:11.802692Z,2024,7,24,65.976700,21.932400,5.0,0,5.0,1,mainland,0,0,0,0,0,0
2024-07-24T11:47:01.487067Z,2024,7,24,65.959400,21.949800,5.0,0,2.7,1,mainland,0,0,0,0,0,0
2024-07-24T11:49:58.440244Z,2024,7,24,65.949100,21.996100,10.0,0,17.6,1,mainland,0,0,0,0,0,0
2024-07-24T13:04:42.961908Z,2024,7,24,65.160300,22.415800,8.0,0,2.6,1,sea,0,0,0,0,0,0
2024-07-24T13:05:56.091707Z,2024,7,24,66.156700,22.143400,-37.0,0,22.2,1,mainland,0,0,0,0,0,0
2024-07-25T03:04:29.387367Z,2024,7,25,66.136200,22.302700,5.0,0,5.1,1,inland_water,0,0,0,0,0,0
2024-07-25T05:39:00.281170Z,2024,7,25,65.591700,22.206500,7.0,0,18.8,1,mainland,0,0,0,0,0,0
2024-07-25T05:53:57.466391Z,2024,7,25,65.148200,22.842000,9.0,0,0.0,1,sea,0,0,0,0,0,0
2024-07-25T05:53:57.466647Z,2024,7,25,65.154800,22.833000,21.0,0,16.8,1,sea,0,0,0,0,0,0
2024-07-25T05:53:57.466709Z,2024,7,25,65.148900,22.831500,9.0,0,0.0,1,sea,0,0,0,0,0,0
2024-07-25T05:53:57.466782Z,2024,7,25,65.159000,22.816400,11.0,0,0.0,1,sea,0,0,0,0,0,0
2024-07-25T05:57:02.700080Z,2024,7,25,65.136200,22.806000,3.0,0,11.1,1,sea,0,0,0,0,0,0
2024-07-25T05:59:13.080942Z,2024,7,25,65.128800,22.809700,5.0,0,5.2,1,sea,0,0,0,0,0,0
2024-07-25T05:59:13.208315Z,2024,7,25,65.233400,22.806100,-13.0,0,3.2,1,sea,0,0,0,0,0,0
2024-07-25T06:02:00.258532Z,2024,7,25,65.121600,22.876600,-12.0,0,0.0,1,sea,0,0,0,0,0,0
2024-07-25T06:02:00.289716Z,2024,7,25,65.132100,22.824200,-4.0,0,2.2,1,sea,0,0,0,0,0,0
2024-07-25T06:03:39.956245Z,2024,7,25,65.486000,21.811300,8.0,0,18.9,1,mainland,0,0,0,0,0,0
2024-07-25T06:04:46.794245Z,2024,7,25,65.188400,22.831100,7.0,0,0.0,1,sea,0,0,0,0,0,0
2024-07-25T06:04:46.794480Z,2024,7,25,65.178600,22.818100,10.0,0,0.0,1,sea,0,0,0,0,0,0
2024-07-25T06:04:46.806844Z,2024,7,25,65.187500,22.831800,3.0,0,3.3,1,sea,0,0,0,0,0,0
2024-07-25T06:04:46.811127Z,2024,7,25,65.194100,22.821100,10.0,0,27.9,1,sea,0,0,0,0,0,0
2024-07-25T06:08:15.320474Z,2024,7,25,65.536700,21.704500,9.0,0,5.8,1,mainland,0,0,0,0,0,0
2024-07-25T06:08:15.322465Z,2024,7,25,65.538300,21.702900,8.0,0,8.2,1,mainland,0,0,0,0,0,0
2024-07-25T06:08:15.618341Z,2024,7,25,65.545500,21.716000,-14.0,0,7.2,1,mainland,0,0,0,0,0,0
2024-07-25T06:09:04.856922Z,2024,7,25,65.185300,22.825400,12.0,0,14.2,1,sea,0,0,0,0,0,0
2024-07-25T06:09:04.858949Z,2024,7,25,65.185400,22.824400,3.0,0,1.8,1,sea,0,0,0,0,0,0
2024-07-25T06:09:04.895027Z,2024,7,25,65.180200,22.803900,6.0,0,6.7,1,sea,0,0,0,0,0,0
2024-07-25T06:09:06.804819Z,2024,7,25,65.546100,21.692200,7.0,0,2.9,1,mainland,0,0,0,0,0,0
2024-07-25T06:10:50.054676Z,2024,7,25,65.192200,22.822600,11.0,0,13.5,1,sea,0,0,0,0,0,0
2024-07-25T06:10:50.055626Z,2024,7,25,65.199300,22.832900,8.0,0,6.2,1,sea,0,0,0,0,0,0
2024-07-25T06:10:50.057425Z,2024,7,25,65.203700,22.816600,3.0,0,15.1,1,sea,0,0,0,0,0,0
2024-07-25T06:10:50.067142Z,2024,7,25,65.157500,22.869000,10.0,0,30.4,1,sea,0,0,0,0,0,0
2024-07-25T06:11:20.555736Z,2024,7,25,65.564400,21.676800,6.0,0,1.7,1,mainland,0,0,0,0,0,0
2024-07-25T06:11:20.863907Z,2024,7,25,65.644100,21.685400,-9.0,0,6.7,1,mainland,0,0,0,0,0,0
2024-07-25T06:11:20.897674Z,2024,7,25,65.560500,21.762100,-6.0,0,9.5,1,mainland,0,0,0,0,0,0
2024-07-25T06:12:35.455114Z,2024,7,25,65.214400,22.818800,13.0,0,8.9,1,sea,0,0,0,0,0,0
2024-07-25T06:12:35.455476Z,2024,7,25,65.216600,22.826200,11.0,0,11.4,1,sea,0,0,0,0,0,0
2024-07-25T06:12:35.455821Z,2024,7,25,65.219200,22.811500,7.0,0,12.2,1,sea,0,0,0,0,0,0
2024-07-25T06:12:35.456499Z,2024,7,25,65.216600,22.815200,8.0,0,3.2,1,sea,0,0,0,0,0,0
2024-07-25T06:12:35.458233Z,2024,7,25,65.216000,22.843000,5.0,0,14.4,1,sea,0,0,0,0,0,0
2024-07-25T06:12:35.498987Z,2024,7,25,65.134200,22.725900,-3.0,0,5.9,1,sea,0,0,0,0,0,0
2024-07-25T06:12:35.590163Z,2024,7,25,65.214900,22.817000,3.0,0,2.5,1,sea,0,0,0,0,0,0
2024-07-25T06:13:29.575162Z,2024,7,25,65.534700,21.862100,7.0,0,5.1,1,mainland,1,1,1,0,0,0
2024-07-25T06:13:29.599696Z,2024,7,25,65.543900,21.862200,7.0,0,10.1,1,mainland,0,0,1,0,0,0
2024-07-25T06:14:37.226813Z,2024,7,25,65.569700,21.649300,10.0,0,3.2,1,mainland,0,0,0,0,0,0
2024-07-25T06:14:37.646713Z,2024,7,25,65.490100,21.721200,-7.0,0,4.9,1,mainland,0,0,0,0,1,1
2024-07-25T06:16:15.259173Z,2024,7,25,65.542200,21.886300,21.0,0,29.5,1,mainland,0,0,0,0,0,0
2024-07-25T06:16:15.261006Z,2024,7,25,65.563900,21.915600,-10.0,0,14.0,1,mainland,0,0,0,0,0,0
2024-07-25T06:16:15.261569Z,2024,7,25,65.567400,21.879300,4.0,0,6.9,1,mainland,0,0,0,0,0,0
2024-07-25T06:16:15.268051Z,2024,7,25,65.540300,21.893800,5.0,0,2.0,1,mainland,0,0,0,0,0,0
2024-07-25T06:17:10.705232Z,2024,7,25,65.494600,21.733400,16.0,0,18.3,1,mainland,0,0,0,0,0,0
2024-07-25T06:17:10.894724Z,2024,7,25,65.543000,21.722600,-14.0,0,7.3,1,mainland,0,0,0,0,0,0
2024-07-25T06:17:42.449993Z,2024,7,25,65.238500,22.837600,13.0,0,0.0,1,sea,0,0,0,0,0,0
2024-07-25T06:17:42.450069Z,2024,7,25,65.236400,22.819300,16.0,0,0.0,1,sea,0,0,0,0,0,0
2024-07-25T06:17:42.450185Z,2024,7,25,65.236700,22.811900,21.0,0,8.0,1,sea,0,0,0,0,0,0
2024-07-25T06:17:42.450198Z,2024,7,25,65.233600,22.829000,16.0,0,0.0,1,sea,0,0,0,0,0,0
2024-07-25T06:17:42.451394Z,2024,7,25,65.228300,22.785800,19.0,0,6.7,1,sea,0,0,0,0,0,0
2024-07-25T06:17:42.452311Z,2024,7,25,65.231600,22.798800,12.0,0,5.1,1,sea,0,0,0,0,0,0
2024-07-25T06:17:42.453950Z,2024,7,25,65.237700,22.797700,8.0,0,6.3,1,sea,0,0,0,0,0,0
2024-07-25T06:17:42.461229Z,2024,7,25,65.229400,22.796900,3.0,0,6.1,1,sea,0,0,0,0,0,0
2024-07-25T06:17:42.461585Z,2024,7,25,65.260000,22.793700,3.0,0,4.9,1,sea,0,0,0,0,0,0
2024-07-25T06:17:42.474036Z,2024,7,25,65.229800,22.730100,-2.0,0,3.9,1,sea,0,0,0,0,0,0
2024-07-25T06:17:42.781030Z,2024,7,25,65.188800,22.702800,-47.0,0,10.8,1,sea,0,0,0,0,0,0
2024-07-25T06:17:42.800623Z,2024,7,25,65.185600,22.812600,-8.0,0,3.5,1,sea,0,0,0,0,0,0
2024-07-25T06:17:42.852424Z,2024,7,25,65.188700,22.701600,-11.0,0,5.4,1,sea,0,0,0,0,0,0
2024-07-25T06:19:14.723671Z,2024,7,25,65.506300,21.827800,6.0,0,1.8,1,mainland,0,0,0,0,0,0
2024-07-25T06:19:14.724231Z,2024,7,25,65.522500,21.877700,-11.0,0,7.9,1,mainland,1,1,1,0,0,0
2024-07-25T06:19:14.724237Z,2024,7,25,65.427600,22.000200,8.0,0,27.3,1,sea,1,1,1,0,0,0
2024-07-25T06:19:14.766396Z,2024,7,25,65.533000,21.739600,6.0,0,2.1,1,mainland,0,0,0,0,0,0
2024-07-25T06:20:04.423918Z,2024,7,25,65.226000,22.804500,16.0,0,16.7,1,sea,0,0,0,0,0,0
2024-07-25T06:20:09.330675Z,2024,7,25,65.564700,21.867000,18.0,0,13.7,1,mainland,0,0,0,0,0,0
2024-07-25T06:20:09.331302Z,2024,7,25,65.560500,21.857500,12.0,0,11.7,1,mainland,0,0,0,0,0,0
2024-07-25T06:20:09.333231Z,2024,7,25,65.680400,21.867300,6.0,0,24.5,1,mainland,0,0,0,0,0,0
2024-07-25T06:20:25.820677Z,2024,7,25,65.582700,21.685400,12.0,0,29.9,1,mainland,0,0,0,0,0,0
2024-07-25T06:20:26.148024Z,2024,7,25,65.556300,21.653800,-6.0,0,4.1,1,mainland,0,0,0,0,0,0
2024-07-25T06:21:30.841590Z,2024,7,25,65.229900,22.800400,11.0,0,8.3,1,sea,0,0,0,0,0,0
2024-07-25T06:21:30.842336Z,2024,7,25,65.231000,22.799600,9.0,0,6.8,1,sea,0,0,0,0,0,0
2024-07-25T06:22:42.336914Z,2024,7,25,65.573200,21.901500,-12.0,0,8.9,1,mainland,0,0,0,0,0,0
2024-07-25T06:22:42.339623Z,2024,7,25,65.584800,21.834200,5.0,0,5.0,1,mainland,0,0,0,0,0,0
2024-07-25T06:22:59.558327Z,2024,7,25,65.232700,22.802700,15.0,0,13.0,1,sea,0,0,0,0,0,0
2024-07-25T06:23:55.645578Z,2024,7,25,65.595700,21.680300,-15.0,0,11.4,1,mainland,0,0,0,0,0,0
2024-07-25T06:23:55.645587Z,2024,7,25,65.512000,21.817100,8.0,0,23.0,1,mainland,0,0,0,0,0,0
2024-07-25T06:23:56.149156Z,2024,7,25,65.539900,21.831000,-27.0,0,13.3,1,mainland,0,0,0,0,0,0
2024-07-25T06:24:47.855271Z,2024,7,25,65.247300,22.794100,24.0,0,11.7,1,sea,0,0,0,0,0,0
2024-07-25T06:24:47.869962Z,2024,7,25,65.249900,22.803500,3.0,0,2.1,1,sea,0,0,0,0,0,0
2024-07-25T06:25:05.260441Z,2024,7,25,65.551900,21.823100,13.0,0,13.2,1,mainland,0,0,0,0,0,0
2024-07-25T06:26:02.924347Z,2024,7,25,65.597900,21.778400,-6.0,0,3.9,1,mainland,0,0,0,0,0,0
2024-07-25T06:26:03.113123Z,2024,7,25,65.549800,21.623500,-17.0,0,13.5,1,mainland,0,0,0,0,0,0
2024-07-25T06:28:29.089156Z,2024,7,25,65.566500,21.786000,13.0,0,10.4,1,mainland,0,0,0,0,0,0
2024-07-25T06:28:29.090499Z,2024,7,25,65.576100,21.796000,5.0,0,2.5,1,mainland,0,0,0,0,0,0
2024-07-25T06:28:29.091917Z,2024,7,25,65.543200,21.783100,5.0,0,5.3,1,mainland,0,0,0,0,0,0
2024-07-25T06:28:29.092739Z,2024,7,25,65.581400,21.732900,7.0,0,17.3,1,mainland,0,0,0,0,0,0
2024-07-25T06:29:14.917534Z,2024,7,25,65.230000,22.750200,8.0,0,0.0,1,sea,0,0,0,0,0,0
2024-07-25T06:29:14.918134Z,2024,7,25,65.275400,22.859800,11.0,0,11.0,1,sea,0,0,0,0,0,0
2024-07-25T06:29:14.928316Z,2024,7,25,65.236400,22.835600,4.0,0,8.3,1,sea,0,0,0,0,0,0
2024-07-25T06:29:14.928793Z,2024,7,25,65.226900,22.843400,5.0,0,4.5,1,sea,0,0,0,0,0,0
2024-07-25T06:29:14.929412Z,2024,7,25,65.226200,22.981300,3.0,0,9.6,1,sea,0,0,0,0,0,0
2024-07-25T06:29:14.989572Z,2024,7,25,65.258100,22.761600,-4.0,0,3.6,1,sea,0,0,0,0,0,0
2024-07-25T06:30:18.651915Z,2024,7,25,65.699300,21.821900,6.0,0,22.4,1,mainland,0,0,0,0,0,0
2024-07-25T06:30:18.652307Z,2024,7,25,65.589900,21.778000,8.0,0,5.8,1,mainland,0,0,0,0,0,0
2024-07-25T06:30:18.652866Z,2024,7,25,65.595700,21.813500,8.0,0,4.2,1,mainland,0,0,0,0,0,0
2024-07-25T06:30:18.653557Z,2024,7,25,65.605900,21.791600,5.0,0,4.4,1,mainland,0,0,0,0,0,0
2024-07-25T06:30:18.654658Z,2024,7,25,65.564000,21.901300,5.0,0,10.9,1,mainland,0,0,0,0,0,0
2024-07-25T06:30:19.270571Z,2024,7,25,65.660200,21.637400,-7.0,0,4.3,1,mainland,0,0,0,0,0,1
2024-07-25T06:32:03.076519Z,2024,7,25,65.606000,21.810600,16.0,0,5.8,1,mainland,0,0,0,0,0,0
2024-07-25T06:32:03.076560Z,2024,7,25,65.581800,21.705000,15.0,0,0.0,1,mainland,0,0,0,0,0,0
2024-07-25T06:32:03.076899Z,2024,7,25,65.606100,21.805000,16.0,0,30.4,1,mainland,0,0,0,0,0,0
2024-07-25T06:32:03.089736Z,2024,7,25,65.612400,21.800900,6.0,0,11.2,1,mainland,0,0,0,0,0,0
2024-07-25T06:33:47.068123Z,2024,7,25,65.292600,22.820900,6.0,0,14.7,1,sea,0,0,0,0,0,0
2024-07-25T06:33:49.713011Z,2024,7,25,65.606700,21.851800,19.0,0,0.0,1,mainland,0,0,0,0,0,0
2024-07-25T06:33:49.713293Z,2024,7,25,65.622900,21.773900,21.0,0,30.4,1,mainland,0,0,0,0,0,0
2024-07-25T06:33:49.714659Z,2024,7,25,65.622100,21.774600,7.0,0,3.7,1,mainland,0,0,0,0,0,0
2024-07-25T06:34:56.857305Z,2024,7,25,65.614000,21.777800,13.0,0,22.2,1,mainland,0,0,0,0,0,0
2024-07-25T06:34:56.858126Z,2024,7,25,65.611900,21.760400,11.0,0,5.5,1,mainland,0,0,0,0,0,0
2024-07-25T06:34:56.858482Z,2024,7,25,65.622500,21.850100,-12.0,0,14.4,1,mainland,0,0,0,0,0,0
2024-07-25T06:34:56.859253Z,2024,7,25,65.618800,21.765800,5.0,0,2.9,1,mainland,0,0,0,0,0,0
2024-07-25T06:34:56.859279Z,2024,7,25,65.653000,21.819400,-10.0,0,19.1,1,mainland,0,0,0,0,0,0
2024-07-25T06:34:56.859901Z,2024,7,25,65.619000,21.775300,5.0,0,3.6,1,mainland,0,0,0,0,0,0
2024-07-25T06:34:57.293428Z,2024,7,25,65.676100,21.571200,12.0,0,8.1,1,mainland,0,0,0,0,0,0
2024-07-25T06:34:57.294530Z,2024,7,25,65.679800,21.562800,5.0,0,13.0,1,mainland,0,0,0,0,0,0
2024-07-25T06:35:22.434183Z,2024,7,25,65.302100,22.806500,8.0,0,4.3,1,sea,0,0,0,0,0,0
2024-07-25T06:36:17.592384Z,2024,7,25,65.315300,22.440000,9.0,0,16.7,1,sea,0,0,0,0,0,0
2024-07-25T06:36:17.592807Z,2024,7,25,65.623300,21.770600,9.0,0,6.3,1,mainland,0,0,0,0,0,0
2024-07-25T06:36:17.598430Z,2024,7,25,65.625900,21.773500,9.0,0,4.2,1,mainland,0,0,0,0,0,0
2024-07-25T06:36:34.400239Z,2024,7,25,65.301000,22.794100,3.0,0,8.0,1,sea,0,0,0,0,0,0
2024-07-25T06:36:34.908205Z,2024,7,25,65.261200,22.807700,8.0,0,3.0,1,sea,0,0,0,0,0,0
2024-07-25T06:37:37.600280Z,2024,7,25,65.616200,21.790700,14.0,0,9.3,1,mainland,0,0,0,0,0,0
2024-07-25T06:37:37.895705Z,2024,7,25,65.626600,21.811800,11.0,0,4.1,1,mainland,0,0,0,0,0,0
2024-07-25T06:39:42.096041Z,2024,7,25,65.315400,22.824700,8.0,0,30.4,1,sea,0,0,0,0,0,0
2024-07-25T06:39:42.096168Z,2024,7,25,65.314900,22.772200,6.0,0,0.0,1,sea,0,0,0,0,0,0
2024-07-25T06:39:46.522620Z,2024,7,25,65.558000,21.817500,5.0,0,23.7,1,mainland,0,0,0,0,0,0
2024-07-25T06:41:58.975830Z,2024,7,25,65.654500,21.531200,-144.0,0,23.0,1,mainland,0,0,0,0,0,0
2024-07-25T06:41:58.994494Z,2024,7,25,65.656500,21.564000,15.0,0,6.1,1,mainland,0,0,0,0,0,0
2024-07-25T06:41:59.009431Z,2024,7,25,65.655600,21.538400,-6.0,0,5.2,1,mainland,0,0,0,0,0,0
2024-07-25T06:41:59.023661Z,2024,7,25,65.666100,21.613900,-18.0,0,9.9,1,inland_water,0,0,0,0,0,0
2024-07-25T06:43:24.501512Z,2024,7,25,65.650500,21.791100,13.0,0,7.2,1,mainland,0,0,0,0,0,0
2024-07-25T06:43:24.502127Z,2024,7,25,65.649700,21.782800,7.0,0,4.5,1,mainland,0,0,0,0,0,0
2024-07-25T06:43:24.503519Z,2024,7,25,65.641800,21.779300,7.0,0,30.4,1,mainland,0,0,0,0,0,0
2024-07-25T06:43:24.504390Z,2024,7,25,65.654600,21.792000,14.0,0,19.8,1,mainland,0,0,0,0,0,0
2024-07-25T06:43:33.990253Z,2024,7,25,65.659200,21.544800,-137.0,0,30.4,1,mainland,0,0,0,0,0,0
2024-07-25T06:43:34.001359Z,2024,7,25,65.637500,21.584200,-8.0,0,30.4,1,mainland,0,0,0,0,0,0
2024-07-25T06:43:34.012346Z,2024,7,25,65.656800,21.544800,-17.0,0,6.7,1,mainland,0,0,0,0,0,0
2024-07-25T06:43:34.027753Z,2024,7,25,65.644700,21.537800,-6.0,0,4.7,1,mainland,0,0,0,0,0,0
2024-07-25T06:43:34.038671Z,2024,7,25,65.665800,21.580300,-10.0,0,27.3,1,mainland,0,0,0,0,0,0
2024-07-25T06:45:19.809047Z,2024,7,25,65.670400,21.537200,-10.0,0,11.2,1,mainland,0,0,0,0,0,0
2024-07-25T06:45:19.809352Z,2024,7,25,65.671500,21.537500,5.0,0,0.0,1,mainland,0,0,0,0,0,0
2024-07-25T06:45:19.811975Z,2024,7,25,65.663300,21.532400,-83.0,0,27.2,1,mainland,0,0,0,0,0,0
2024-07-25T06:45:19.820262Z,2024,7,25,65.658300,21.533100,-12.0,0,6.4,1,mainland,0,0,0,0,0,0
2024-07-25T06:45:19.827263Z,2024,7,25,65.664400,21.543800,-8.0,0,9.3,1,mainland,0,0,0,0,0,0
2024-07-25T06:45:19.876781Z,2024,7,25,65.672100,21.614200,7.0,0,26.2,1,inland_water,0,0,0,0,1,1
2024-07-25T06:45:19.877277Z,2024,7,25,65.673600,21.527700,5.0,0,4.3,1,mainland,0,0,0,0,0,0
2024-07-25T06:45:19.878178Z,2024,7,25,65.666700,21.537600,10.0,0,3.7,1,mainland,0,0,0,0,0,0
2024-07-25T06:45:19.884988Z,2024,7,25,65.660800,21.622900,5.0,0,9.4,1,mainland,0,0,0,0,0,0
2024-07-25T06:47:02.527272Z,2024,7,25,65.679000,21.559600,12.0,0,0.0,1,mainland,0,0,0,0,0,0
2024-07-25T06:47:02.527556Z,2024,7,25,65.681100,21.549200,20.0,0,13.4,1,mainland,0,0,0,0,0,0
2024-07-25T06:47:02.528152Z,2024,7,25,65.666400,21.571500,-20.0,0,20.2,1,mainland,0,0,0,0,0,0
2024-07-25T06:47:02.528620Z,2024,7,25,65.675000,21.535100,18.0,0,22.9,1,mainland,0,0,0,0,0,0
2024-07-25T06:47:02.531816Z,2024,7,25,65.667200,21.548000,9.0,0,27.9,1,mainland,0,0,0,0,0,0
2024-07-25T06:47:02.611014Z,2024,7,25,65.339100,22.778700,-10.0,0,0.0,1,sea,0,0,0,0,0,0
2024-07-25T06:47:02.611109Z,2024,7,25,65.345700,22.773600,-12.0,0,7.0,1,sea,0,0,0,0,0,0
2024-07-25T06:47:02.681419Z,2024,7,25,65.344100,22.660800,15.0,0,5.2,1,sea,0,0,0,0,0,0
2024-07-25T06:47:02.682356Z,2024,7,25,65.342700,22.730900,17.0,0,7.0,1,sea,0,0,0,0,0,0
2024-07-25T06:48:50.871308Z,2024,7,25,65.670400,21.509400,-116.0,0,18.7,1,mainland,0,0,0,0,0,1
2024-07-25T06:48:50.938078Z,2024,7,25,65.692300,21.556500,17.0,0,17.5,1,inland_water,0,0,0,0,0,0
2024-07-25T06:48:50.939384Z,2024,7,25,65.688900,21.558500,10.0,0,10.6,1,inland_water,0,0,0,0,0,0
2024-07-25T06:48:51.010590Z,2024,7,25,65.656200,21.806900,5.0,0,6.9,1,mainland,0,0,0,0,0,0
2024-07-25T06:48:51.286473Z,2024,7,25,65.653900,21.762400,-34.0,0,10.5,1,mainland,0,0,0,0,0,0
2024-07-25T06:48:51.323895Z,2024,7,25,65.653000,21.763300,-11.0,0,3.9,1,mainland,0,0,0,0,0,0
2024-07-25T06:50:26.853225Z,2024,7,25,65.692300,21.522600,11.0,0,12.6,1,mainland,0,0,0,1,1,1
2024-07-25T06:50:26.868619Z,2024,7,25,65.702000,21.532800,9.0,0,6.4,1,mainland,0,0,0,1,1,1
2024-07-25T06:52:27.852517Z,2024,7,25,65.686500,21.514300,19.0,0,30.4,1,mainland,0,0,0,1,1,1
2024-07-25T06:54:01.038367Z,2024,7,25,65.699900,21.962900,-6.0,0,10.5,1,mainland,0,0,0,0,0,0
2024-07-25T06:54:01.371445Z,2024,7,25,65.649300,21.719300,-13.0,0,8.2,1,mainland,0,0,0,0,0,0
2024-07-25T06:58:58.338301Z,2024,7,25,65.741800,21.897000,11.0,0,5.6,1,mainland,0,0,0,0,1,1
2024-07-25T06:58:58.406545Z,2024,7,25,65.738000,21.966900,-6.0,0,3.5,1,mainland,0,0,0,0,0,0
2024-07-25T07:00:30.607031Z,2024,7,25,65.762800,21.942900,-87.0,0,30.0,1,mainland,0,0,0,0,0,0
2024-07-25T07:01:38.469622Z,2024,7,25,65.666600,21.673600,8.0,0,10.1,1,mainland,0,0,0,0,0,1
2024-07-25T07:06:12.307246Z,2024,7,25,65.786300,21.927200,-5.0,0,0.0,1,mainland,0,0,0,0,0,0
2024-07-25T07:06:12.307358Z,2024,7,25,65.785500,21.889700,-8.0,0,4.0,1,mainland,0,0,0,1,1,1
2024-07-25T07:06:12.313110Z,2024,7,25,65.786400,21.911400,-23.0,0,8.3,1,mainland,0,0,0,0,0,1
2024-07-25T07:09:36.600664Z,2024,7,25,65.981100,21.910700,-46.0,0,14.2,1,mainland,0,0,0,0,0,0
2024-07-25T07:12:41.117358Z,2024,7,25,65.119400,22.774100,-6.0,0,13.6,1,sea,0,0,0,0,0,0
2024-07-25T07:12:47.959522Z,2024,7,25,65.696500,22.168700,18.0,0,14.4,1,mainland,0,0,0,0,0,0
2024-07-25T07:12:47.960272Z,2024,7,25,65.697000,22.165300,12.0,0,9.9,1,mainland,0,0,0,0,0,0
2024-07-25T07:15:45.926081Z,2024,7,25,65.695200,22.151000,-11.0,0,0.0,1,mainland,0,0,0,0,0,0
2024-07-25T07:15:45.926408Z,2024,7,25,65.695900,22.166200,-14.0,0,0.0,1,mainland,0,0,0,0,0,0
2024-07-25T07:15:45.931794Z,2024,7,25,65.707000,22.141400,-30.0,0,7.4,1,mainland,0,0,0,0,0,0
2024-07-25T07:15:45.988526Z,2024,7,25,65.720500,22.128800,-9.0,0,3.2,1,mainland,0,0,0,0,0,0
2024-07-25T07:15:46.032938Z,2024,7,25,65.710800,22.181400,-8.0,0,2.9,1,mainland,0,0,0,0,0,0
2024-07-25T07:16:33.292742Z,2024,7,25,65.674900,22.111700,6.0,0,13.2,1,mainland,0,0,0,0,0,0
2024-07-25T07:18:29.174605Z,2024,7,25,65.708800,22.105300,-5.0,0,22.2,1,mainland,0,0,0,0,0,0
2024-07-25T07:19:47.377073Z,2024,7,25,65.692500,22.159600,4.0,0,5.5,1,mainland,0,0,0,0,0,0
2024-07-25T07:19:47.377642Z,2024,7,25,65.714000,22.141800,-7.0,0,6.5,1,mainland,0,0,0,0,0,0
2024-07-25T07:19:47.378547Z,2024,7,25,65.723800,22.134600,4.0,0,1.9,1,mainland,0,0,0,0,0,0
2024-07-25T07:19:47.379291Z,2024,7,25,65.722500,22.145100,5.0,0,4.1,1,mainland,0,0,0,0,0,0
2024-07-25T07:21:07.907759Z,2024,7,25,65.723900,22.126600,9.0,0,30.4,1,mainland,0,0,0,0,0,0
2024-07-25T07:22:29.754724Z,2024,7,25,65.695300,22.111800,6.0,0,7.4,1,mainland,0,0,0,0,0,0
2024-07-25T07:22:56.754917Z,2024,7,25,65.727900,22.123600,-18.0,0,5.0,1,mainland,0,0,0,0,0,0
2024-07-25T07:22:56.824371Z,2024,7,25,65.728400,22.122800,-14.0,0,5.2,1,mainland,0,0,0,0,0,0
2024-07-25T07:22:56.932821Z,2024,7,25,65.678000,22.242800,6.0,0,11.4,1,mainland,1,1,1,0,0,0
2024-07-25T07:23:04.299455Z,2024,7,25,65.737800,22.281500,13.0,0,15.3,1,mainland,0,0,0,0,0,0
2024-07-25T07:24:23.917598Z,2024,7,25,65.749300,22.272700,5.0,0,2.6,1,mainland,0,0,0,0,0,0
2024-07-25T07:24:24.361237Z,2024,7,25,65.718000,22.432200,-8.0,0,3.0,1,sea,1,1,1,0,0,0
2024-07-25T07:25:01.925764Z,2024,7,25,65.694100,22.232900,11.0,0,5.5,1,mainland,0,0,1,0,0,0
2024-07-25T07:25:25.984980Z,2024,7,25,65.698900,22.067600,8.0,0,6.4,1,mainland,0,0,0,0,0,0
2024-07-25T07:25:54.620840Z,2024,7,25,65.702500,22.060100,8.0,0,7.4,1,mainland,0,0,0,0,0,0
2024-07-25T07:25:54.633966Z,2024,7,25,65.707000,22.068900,7.0,0,3.5,1,mainland,0,0,0,0,0,0
2024-07-25T07:25:54.641158Z,2024,7,25,65.707600,22.074000,7.0,0,3.6,1,mainland,0,0,0,0,0,0
2024-07-25T07:25:54.647592Z,2024,7,25,65.715800,22.070600,4.0,0,3.9,1,mainland,0,0,0,0,0,0
2024-07-25T07:26:22.438055Z,2024,7,25,65.711000,22.052900,5.0,0,17.4,1,mainland,0,0,0,0,0,0
2024-07-25T07:26:22.466615Z,2024,7,25,65.713300,22.068500,4.0,0,3.1,1,mainland,0,0,0,0,0,0
2024-07-25T07:26:57.143117Z,2024,7,25,65.737000,22.108000,6.0,0,5.0,1,mainland,0,0,0,0,0,0
2024-07-25T07:26:57.144112Z,2024,7,25,65.741400,22.107000,4.0,0,13.2,1,mainland,0,0,0,0,0,0
2024-07-25T07:27:28.333268Z,2024,7,25,65.726600,22.060100,6.0,0,7.0,1,mainland,0,0,0,0,0,0
2024-07-25T07:27:53.181676Z,2024,7,25,65.721300,22.057100,10.0,0,6.4,1,mainland,0,0,0,0,0,0
2024-07-25T07:28:15.353570Z,2024,7,25,65.724900,22.048500,7.0,0,2.9,1,mainland,0,0,0,0,0,0
2024-07-25T07:28:15.355713Z,2024,7,25,65.724800,22.026800,6.0,0,13.2,1,mainland,0,0,0,0,0,0
2024-07-25T07:28:38.808596Z,2024,7,25,65.731800,22.082900,6.0,0,2.7,1,mainland,0,0,0,0,0,0
2024-07-25T07:29:29.266370Z,2024,7,25,65.944200,21.981800,-23.0,0,12.6,1,mainland,0,0,0,0,0,1
2024-07-25T07:29:54.078739Z,2024,7,25,65.711600,22.144700,5.0,0,2.5,1,mainland,0,0,0,0,0,0
2024-07-25T07:30:19.000738Z,2024,7,25,65.714900,22.069700,19.0,0,20.6,1,mainland,0,0,0,0,0,0
2024-07-25T07:30:19.012339Z,2024,7,25,65.723300,22.090100,7.0,0,3.6,1,mainland,0,0,0,0,0,0
2024-07-25T07:30:47.293677Z,2024,7,25,65.716800,21.993400,14.0,0,13.2,1,mainland,0,0,0,0,0,0
2024-07-25T07:30:47.295241Z,2024,7,25,65.670500,22.109100,5.0,0,10.4,1,mainland,0,0,0,0,0,0
2024-07-25T07:30:47.295860Z,2024,7,25,65.732100,22.054400,5.0,0,2.1,1,mainland,0,0,0,0,0,0
2024-07-25T07:30:47.318067Z,2024,7,25,65.734300,22.071200,12.0,0,26.3,1,mainland,0,0,0,0,0,0
2024-07-25T07:30:47.329019Z,2024,7,25,65.620900,22.172000,5.0,0,19.2,1,mainland,0,1,1,0,0,0
2024-07-25T07:31:09.082473Z,2024,7,25,65.768000,22.156300,-56.0,0,14.5,1,mainland,0,0,0,0,0,0
2024-07-25T07:31:09.106970Z,2024,7,25,65.727100,22.119600,-28.0,0,14.3,1,mainland,0,0,0,0,0,0
2024-07-25T07:31:09.118509Z,2024,7,25,65.725900,22.117800,-20.0,0,7.4,1,mainland,0,0,0,0,0,0
2024-07-25T07:31:09.132930Z,2024,7,25,65.727100,22.116400,-10.0,0,5.1,1,mainland,0,0,0,0,0,0
2024-07-25T07:31:09.165165Z,2024,7,25,65.737400,22.092400,5.0,0,3.1,1,mainland,0,0,0,0,0,0
2024-07-25T07:31:09.167748Z,2024,7,25,65.724300,22.129500,-10.0,0,4.3,1,mainland,0,0,0,0,0,0
2024-07-25T07:31:09.193900Z,2024,7,25,65.727400,22.115600,-25.0,0,11.6,1,mainland,0,0,0,0,0,0
2024-07-25T07:31:09.236583Z,2024,7,25,65.723800,22.129400,-23.0,0,5.5,1,mainland,0,0,0,0,0,0
2024-07-25T07:31:23.704723Z,2024,7,25,65.976400,21.991600,-90.0,0,19.9,1,mainland,0,0,0,0,0,0
2024-07-25T07:31:34.532349Z,2024,7,25,65.734900,22.115800,8.0,0,2.3,1,mainland,0,0,0,0,0,0
2024-07-25T07:31:34.533241Z,2024,7,25,65.732700,22.111700,11.0,0,8.2,1,mainland,0,0,0,0,0,0
2024-07-25T07:31:34.561932Z,2024,7,25,65.732200,22.106100,5.0,0,3.3,1,mainland,0,0,0,0,0,0
2024-07-25T07:31:34.562719Z,2024,7,25,65.731000,22.110200,5.0,0,4.9,1,mainland,0,0,0,0,0,0
2024-07-25T07:32:05.211581Z,2024,7,25,65.722300,22.085700,14.0,0,4.6,1,mainland,0,0,0,0,0,0
2024-07-25T07:32:05.211592Z,2024,7,25,65.716600,22.080200,-16.0,0,11.7,1,mainland,0,0,0,0,0,0
2024-07-25T07:32:05.212592Z,2024,7,25,65.723500,22.093300,7.0,0,10.5,1,mainland,0,0,0,0,0,0
2024-07-25T07:32:05.250190Z,2024,7,25,65.728700,22.106000,7.0,0,3.5,1,mainland,0,0,0,0,0,0
2024-07-25T07:32:32.310282Z,2024,7,25,65.724900,22.099600,13.0,0,9.8,1,mainland,0,0,0,0,0,0
2024-07-25T07:33:00.810626Z,2024,7,25,65.729100,22.120300,11.0,0,11.6,1,mainland,0,0,0,0,0,0
2024-07-25T07:33:00.811442Z,2024,7,25,65.730800,22.117500,8.0,0,3.7,1,mainland,0,0,0,0,0,0
2024-07-25T07:33:00.842475Z,2024,7,25,65.732700,22.117500,11.0,0,15.4,1,mainland,0,0,0,0,0,0
2024-07-25T07:33:01.138743Z,2024,7,25,65.759400,22.156100,-22.0,0,9.4,1,inland_water,0,0,0,0,0,0
2024-07-25T07:33:14.932404Z,2024,7,25,65.751800,22.081700,12.0,0,14.3,1,mainland,0,0,0,0,0,0
2024-07-25T07:33:49.996523Z,2024,7,25,65.727200,22.179900,6.0,0,5.7,1,mainland,0,0,0,0,0,0
2024-07-25T07:33:49.998001Z,2024,7,25,65.732000,22.124100,6.0,0,5.8,1,mainland,0,0,0,0,0,0
2024-07-25T07:34:46.650167Z,2024,7,25,65.758200,22.091500,9.0,0,2.0,1,mainland,0,0,0,0,0,0
2024-07-25T07:34:46.652661Z,2024,7,25,65.753900,22.099600,22.0,0,26.0,1,mainland,0,0,0,0,0,0
2024-07-25T07:34:46.654979Z,2024,7,25,65.755700,22.099100,6.0,0,3.6,1,mainland,0,0,0,0,0,0
2024-07-25T07:34:46.699939Z,2024,7,25,65.739900,22.135700,-13.0,0,16.7,1,mainland,0,0,0,0,0,0
2024-07-25T07:34:46.954711Z,2024,7,25,65.745200,22.107700,4.0,0,5.7,1,mainland,0,0,0,0,0,0
2024-07-25T07:35:06.787259Z,2024,7,25,65.763900,22.087200,11.0,0,17.3,1,mainland,0,0,0,0,0,0
2024-07-25T07:35:06.799529Z,2024,7,25,65.757900,22.085500,19.0,0,16.7,1,mainland,0,0,0,0,0,0
2024-07-25T07:35:06.817457Z,2024,7,25,65.763800,22.068600,10.0,0,6.9,1,mainland,0,0,0,0,0,0
2024-07-25T07:35:25.476704Z,2024,7,25,65.772400,22.278200,-8.0,0,4.6,1,mainland,0,0,1,0,0,0
2024-07-25T07:35:25.493110Z,2024,7,25,65.772700,22.274600,-8.0,0,3.8,1,mainland,0,0,1,0,0,0
2024-07-25T07:35:25.537827Z,2024,7,25,65.775900,22.308300,-7.0,0,3.2,1,sea,0,1,1,0,0,0
2024-07-25T07:35:25.590884Z,2024,7,25,65.769000,22.278900,-9.0,0,3.9,1,mainland,0,0,1,0,0,0
2024-07-25T07:37:15.334102Z,2024,7,25,65.756900,22.096400,5.0,0,10.5,1,mainland,0,0,0,0,0,0
2024-07-25T07:37:15.423060Z,2024,7,25,65.651800,22.164900,-18.0,0,4.5,1,mainland,0,0,0,0,0,0
2024-07-25T07:37:58.213541Z,2024,7,25,65.730900,22.112900,23.0,0,30.4,1,mainland,0,0,0,0,0,0
2024-07-25T07:37:58.235572Z,2024,7,25,65.745100,22.096600,9.0,0,29.4,1,mainland,0,0,0,0,0,0
2024-07-25T07:37:58.294368Z,2024,7,25,65.783700,22.040400,-12.0,0,6.6,1,inland_water,0,0,0,0,0,0
2024-07-25T07:37:58.416847Z,2024,7,25,65.746000,22.102800,7.0,0,2.7,1,mainland,0,0,0,0,0,0
2024-07-25T07:37:58.470622Z,2024,7,25,65.586600,22.218600,-39.0,0,5.1,1,mainland,0,0,1,0,0,0
2024-07-25T07:37:58.556663Z,2024,7,25,65.693400,22.123300,-5.0,0,3.1,1,mainland,0,0,0,0,0,0
2024-07-25T07:38:31.773259Z,2024,7,25,65.789100,22.061300,-12.0,0,5.0,1,inland_water,0,0,0,0,0,0
2024-07-25T07:38:31.778740Z,2024,7,25,65.799400,22.043900,-59.0,0,15.3,1,mainland,0,0,0,0,0,0
2024-07-25T07:38:31.799897Z,2024,7,25,65.785600,22.056900,-16.0,0,3.2,1,inland_water,0,0,0,0,0,0
2024-07-25T07:38:55.037619Z,2024,7,25,65.799800,22.034900,-6.0,0,2.6,1,mainland,0,0,0,0,0,0
2024-07-25T07:39:26.406576Z,2024,7,25,65.875700,22.226900,6.0,0,16.1,1,mainland,0,0,0,0,0,0
2024-07-25T07:39:26.407780Z,2024,7,25,65.816100,22.116900,10.0,0,10.5,1,mainland,0,0,0,0,0,0
2024-07-25T07:39:26.410011Z,2024,7,25,65.810700,22.195200,4.0,0,1.7,1,mainland,0,0,0,0,0,0
2024-07-25T07:39:26.413519Z,2024,7,25,65.798400,22.210400,6.0,0,3.0,1,mainland,0,0,0,0,0,0
2024-07-25T07:39:26.731751Z,2024,7,25,65.815000,22.130600,5.0,0,26.0,1,mainland,0,0,0,0,0,0
2024-07-25T07:39:26.740199Z,2024,7,25,65.786300,22.388900,-18.0,0,6.4,1,sea,1,1,1,0,0,0
2024-07-25T07:40:00.002362Z,2024,7,25,65.610800,22.394900,-5.0,0,10.1,1,sea,0,1,1,0,0,0
2024-07-25T07:40:00.007985Z,2024,7,25,65.796400,22.040300,-52.0,0,30.4,1,inland_water,0,0,0,0,0,0
2024-07-25T07:40:00.030070Z,2024,7,25,65.805400,22.047600,-6.0,0,11.1,1,mainland,0,0,0,0,0,0
2024-07-25T07:40:00.040367Z,2024,7,25,65.790100,22.052000,-19.0,0,5.7,1,inland_water,0,0,0,0,0,0
2024-07-25T07:40:00.042396Z,2024,7,25,65.798800,22.046100,-8.0,0,5.5,1,mainland,0,0,0,0,0,0
2024-07-25T07:40:29.453737Z,2024,7,25,65.801500,22.056900,6.0,0,11.0,1,mainland,0,0,0,0,0,0
2024-07-25T07:40:29.454666Z,2024,7,25,65.805700,22.027500,6.0,0,19.2,1,mainland,0,0,0,0,0,0
2024-07-25T07:40:29.455304Z,2024,7,25,65.780300,21.963000,13.0,0,24.7,1,mainland,0,0,0,0,0,0
2024-07-25T07:40:29.456511Z,2024,7,25,65.717100,22.017400,19.0,0,11.9,1,mainland,0,0,0,0,0,0
2024-07-25T07:40:29.480369Z,2024,7,25,65.803500,22.041100,6.0,0,9.9,1,mainland,0,0,0,0,0,0
2024-07-25T07:41:25.532946Z,2024,7,25,65.808400,22.248000,5.0,0,6.7,1,mainland,0,0,0,0,0,0
2024-07-25T07:42:11.270127Z,2024,7,25,65.797300,22.028800,25.0,0,28.0,1,inland_water,0,0,0,0,0,0
2024-07-25T07:42:11.291300Z,2024,7,25,65.839800,22.172200,-19.0,0,14.6,1,mainland,0,0,0,0,0,0
2024-07-25T07:42:11.293011Z,2024,7,25,65.801900,22.005100,6.0,0,8.3,1,mainland,0,0,0,0,0,0
2024-07-25T07:42:11.299960Z,2024,7,25,65.812300,22.033900,13.0,0,8.5,1,mainland,0,0,0,0,0,0
2024-07-25T07:42:11.320557Z,2024,7,25,65.813500,22.019200,9.0,0,6.2,1,mainland,0,0,0,0,0,0
2024-07-25T07:42:19.362475Z,2024,7,25,65.949800,22.312600,-22.0,0,13.4,1,mainland,0,0,0,0,0,0
2024-07-25T07:42:44.257885Z,2024,7,25,65.761900,22.098600,-7.0,0,4.6,1,mainland,0,0,0,0,0,0
2024-07-25T07:42:44.265603Z,2024,7,25,65.761200,22.108200,-35.0,0,6.2,1,inland_water,0,0,0,0,0,0
2024-07-25T07:42:44.290274Z,2024,7,25,65.766200,22.130700,-25.0,0,25.5,1,inland_water,0,0,0,0,0,0
2024-07-25T07:42:44.717318Z,2024,7,25,65.775600,22.131700,-8.0,0,4.3,1,inland_water,0,0,0,0,0,0
2024-07-25T07:43:22.321527Z,2024,7,25,65.837900,22.196600,4.0,0,11.6,1,mainland,0,0,0,0,0,0
2024-07-25T07:43:22.545806Z,2024,7,25,65.782500,22.393600,-21.0,0,6.8,1,sea,1,1,1,0,0,0
2024-07-25T07:44:17.896019Z,2024,7,25,65.812400,22.045800,-7.0,0,4.2,1,mainland,0,0,0,0,0,0
2024-07-25T07:44:41.564935Z,2024,7,25,65.847200,22.250100,10.0,0,14.5,1,mainland,0,0,0,0,0,0
2024-07-25T07:44:41.565455Z,2024,7,25,65.818900,22.198000,15.0,0,24.8,1,mainland,0,0,0,0,0,0
2024-07-25T07:44:41.991892Z,2024,7,25,65.822900,22.272000,-28.0,0,4.3,1,mainland,0,0,0,0,0,0
2024-07-25T07:44:42.110902Z,2024,7,25,65.806900,22.169800,7.0,0,4.4,1,mainland,0,0,0,0,0,0
2024-07-25T07:44:42.230804Z,2024,7,25,65.763600,22.395400,-12.0,0,5.5,1,sea,0,1,1,0,0,0
2024-07-25T07:45:41.443139Z,2024,7,25,65.799700,22.062900,-40.0,0,22.6,1,mainland,0,0,0,0,0,0
2024-07-25T07:45:41.463715Z,2024,7,25,65.736100,22.033100,-14.0,0,4.2,1,mainland,0,0,0,0,0,0
2024-07-25T07:45:41.479896Z,2024,7,25,65.765700,21.987500,4.0,0,2.6,1,mainland,0,0,0,0,0,0
2024-07-25T07:45:41.495785Z,2024,7,25,65.787800,22.023900,-10.0,0,7.9,1,mainland,0,0,0,0,0,0
2024-07-25T07:46:22.846427Z,2024,7,25,65.868500,22.083600,-42.0,0,21.6,1,mainland,0,0,0,0,1,1
2024-07-25T07:46:22.875540Z,2024,7,25,65.857800,22.061400,-7.0,0,5.8,1,mainland,0,0,0,1,1,1
2024-07-25T07:46:23.273630Z,2024,7,25,65.857600,22.105100,-14.0,0,5.5,1,mainland,0,0,0,0,1,1
2024-07-25T07:46:23.274263Z,2024,7,25,65.862200,22.048800,-8.0,0,15.1,1,mainland,0,0,0,1,1,1
2024-07-25T07:46:51.343433Z,2024,7,25,65.852400,22.231700,16.0,0,15.6,1,mainland,0,0,0,0,0,0
2024-07-25T07:46:51.355847Z,2024,7,25,65.866400,22.261700,13.0,0,9.5,1,mainland,0,0,0,0,0,0
2024-07-25T07:47:23.910757Z,2024,7,25,65.868200,22.109400,15.0,0,6.4,1,mainland,0,0,0,0,0,0
2024-07-25T07:47:23.912004Z,2024,7,25,65.868500,22.099400,7.0,0,3.6,1,mainland,0,0,0,0,0,1
2024-07-25T07:47:24.053156Z,2024,7,25,65.796000,22.140400,6.0,0,2.5,1,mainland,0,0,0,0,0,0
2024-07-25T07:47:25.575970Z,2024,7,25,65.751700,22.010000,-6.0,0,1.9,1,mainland,0,0,0,0,0,0
2024-07-25T07:47:25.595692Z,2024,7,25,65.756600,22.009800,-13.0,0,4.1,1,mainland,0,0,0,0,0,0
2024-07-25T07:47:25.612228Z,2024,7,25,65.756200,22.050700,-9.0,0,2.7,1,mainland,0,0,0,0,0,0
2024-07-25T07:47:25.646687Z,2024,7,25,65.749600,22.023500,-7.0,0,3.8,1,mainland,0,0,0,0,0,0
2024-07-25T07:49:20.613783Z,2024,7,25,65.853700,22.112900,10.0,0,0.0,1,mainland,0,0,0,0,1,1
2024-07-25T07:49:20.613790Z,2024,7,25,65.811300,22.371400,12.0,0,30.3,1,sea,0,1,1,0,0,0
2024-07-25T07:49:20.614556Z,2024,7,25,65.855100,22.069300,6.0,0,13.2,1,mainland,0,0,0,1,1,1
2024-07-25T07:49:21.012695Z,2024,7,25,66.008400,21.999300,12.0,0,9.4,1,mainland,0,0,0,0,0,0
2024-07-25T07:49:21.119695Z,2024,7,25,65.774700,22.010900,6.0,0,19.7,1,mainland,0,0,0,0,0,0
2024-07-25T07:49:21.120339Z,2024,7,25,65.775100,22.020700,8.0,0,3.1,1,mainland,0,0,0,0,0,0
2024-07-25T07:49:21.121812Z,2024,7,25,65.771700,22.024400,8.0,0,8.9,1,mainland,0,0,0,0,0,0
2024-07-25T07:49:51.240412Z,2024,7,25,65.673900,22.764900,3.0,0,8.2,1,sea,0,0,1,0,0,0
2024-07-25T07:50:01.710690Z,2024,7,25,65.852500,22.289100,8.0,0,23.4,1,mainland,0,0,0,0,0,0
2024-07-25T07:50:01.711316Z,2024,7,25,65.869500,22.255000,10.0,0,20.1,1,mainland,0,0,0,0,0,0
2024-07-25T07:50:01.718207Z,2024,7,25,65.860800,22.198500,-7.0,0,16.7,1,mainland,0,0,0,0,0,0
2024-07-25T07:50:01.730276Z,2024,7,25,65.877300,22.188700,-6.0,0,1.8,1,mainland,0,0,0,0,0,0
2024-07-25T07:50:34.884085Z,2024,7,25,65.905200,22.157200,7.0,0,15.1,1,mainland,0,0,0,0,0,0
2024-07-25T07:50:35.105918Z,2024,7,25,65.890200,22.049300,5.0,0,3.7,1,mainland,0,0,0,0,1,1
2024-07-25T07:50:35.381073Z,2024,7,25,65.776000,22.057200,12.0,0,11.2,1,mainland,0,0,0,0,0,0
2024-07-25T07:50:35.450689Z,2024,7,25,65.733100,22.060100,-15.0,0,5.1,1,mainland,0,0,0,0,0,0
2024-07-25T07:51:08.527469Z,2024,7,25,65.882100,22.139200,8.0,0,7.2,1,mainland,0,0,0,0,0,0
2024-07-25T07:51:23.162987Z,2024,7,25,65.876200,22.139300,5.0,0,8.3,1,mainland,0,0,0,0,0,0
2024-07-25T07:51:44.285659Z,2024,7,25,65.894900,22.249300,-13.0,0,4.3,1,mainland,0,0,0,0,0,0
2024-07-25T07:51:44.306547Z,2024,7,25,65.880900,22.229700,-13.0,0,5.5,1,inland_water,0,0,0,0,0,0
2024-07-25T07:51:44.350598Z,2024,7,25,65.877100,22.222500,-8.0,0,3.9,1,inland_water,0,0,0,0,0,0
2024-07-25T07:51:44.396130Z,2024,7,25,65.885500,22.292700,-17.0,0,5.2,1,mainland,0,0,0,0,0,0
2024-07-25T07:51:44.467569Z,2024,7,25,65.882100,22.293900,-12.0,0,5.5,1,mainland,0,0,0,0,0,0
2024-07-25T07:52:04.136257Z,2024,7,25,66.137400,22.105600,-6.0,0,11.8,1,mainland,0,0,0,0,0,0
2024-07-25T07:52:23.043036Z,2024,7,25,65.887500,22.132400,7.0,0,11.0,1,mainland,0,0,0,0,0,0
2024-07-25T07:53:01.811454Z,2024,7,25,65.775600,21.975500,26.0,0,30.4,1,mainland,0,0,0,0,0,0
2024-07-25T07:53:01.812345Z,2024,7,25,65.738800,22.036800,15.0,0,25.7,1,mainland,0,0,0,0,0,0
2024-07-25T07:53:01.813952Z,2024,7,25,65.778100,21.960600,5.0,0,3.5,1,mainland,0,0,0,0,0,0
2024-07-25T07:53:02.163787Z,2024,7,25,65.730600,22.117200,-21.0,0,3.9,1,mainland,0,0,0,0,0,0
2024-07-25T07:53:09.534584Z,2024,7,25,65.880200,22.359600,-6.0,0,2.9,1,mainland,0,0,0,0,0,0
2024-07-25T07:53:09.608911Z,2024,7,25,65.884400,22.356500,11.0,0,28.5,1,other,0,0,0,0,0,0
2024-07-25T07:53:09.632786Z,2024,7,25,65.905600,22.311300,-5.0,0,7.9,1,mainland,0,0,0,0,0,0
2024-07-25T07:53:09.668037Z,2024,7,25,65.873600,22.337900,-10.0,0,8.9,1,mainland,0,0,1,0,0,0
2024-07-25T07:53:09.699129Z,2024,7,25,65.865200,22.389600,-8.0,0,8.3,1,mainland,1,1,1,0,0,0
2024-07-25T07:53:09.740555Z,2024,7,25,65.872300,22.364500,-9.0,0,8.5,1,mainland,0,1,1,0,0,0
2024-07-25T07:53:25.431379Z,2024,7,25,65.890400,22.256700,6.0,0,3.5,1,mainland,0,0,0,0,0,0
2024-07-25T07:53:55.509721Z,2024,7,25,65.855900,22.135600,-27.0,0,9.2,1,mainland,0,0,0,0,0,0
2024-07-25T07:53:55.542259Z,2024,7,25,65.847600,22.132800,-18.0,0,5.8,1,mainland,0,0,0,0,0,1
2024-07-25T07:53:55.576806Z,2024,7,25,65.873900,22.077000,-6.0,0,5.4,1,mainland,0,0,0,0,0,1
2024-07-25T07:54:42.340006Z,2024,7,25,65.848100,22.248600,9.0,0,4.9,1,mainland,0,0,0,0,0,0
2024-07-25T07:55:25.169366Z,2024,7,25,65.905000,22.332300,-27.0,0,5.4,1,mainland,0,0,0,0,0,0
2024-07-25T07:55:25.237453Z,2024,7,25,65.895900,22.255800,-13.0,0,13.8,1,mainland,0,0,0,0,0,0
2024-07-25T07:55:25.726780Z,2024,7,25,65.914500,22.310500,-6.0,0,3.6,1,mainland,0,0,0,0,0,0
2024-07-25T07:55:25.886963Z,2024,7,25,65.815700,22.012200,-6.0,0,25.6,1,mainland,0,0,0,0,0,0
2024-07-25T07:55:49.525769Z,2024,7,25,65.920200,22.099100,5.0,0,5.1,1,inland_water,0,0,0,0,0,0
2024-07-25T07:55:49.526416Z,2024,7,25,65.908700,22.092800,7.0,0,9.4,1,mainland,0,0,0,0,0,0
2024-07-25T07:55:49.526792Z,2024,7,25,65.908300,22.110400,7.0,0,6.0,1,mainland,0,0,0,0,0,0
2024-07-25T07:55:49.555071Z,2024,7,25,65.910700,22.115800,6.0,0,13.2,1,mainland,0,0,0,0,0,0
2024-07-25T07:55:49.804913Z,2024,7,25,66.006500,21.981600,-8.0,0,11.6,1,mainland,0,0,0,0,0,0
2024-07-25T07:56:29.232960Z,2024,7,25,65.911800,22.169500,-9.0,0,2.9,1,mainland,0,0,0,0,0,0
2024-07-25T07:56:29.275025Z,2024,7,25,65.911900,22.170000,-12.0,0,3.6,1,mainland,0,0,0,0,0,0
2024-07-25T07:56:59.544185Z,2024,7,25,65.913000,22.133500,-69.0,0,17.8,1,mainland,0,0,0,0,0,0
2024-07-25T07:56:59.565842Z,2024,7,25,65.913100,22.132000,-24.0,0,12.3,1,mainland,0,0,0,0,0,0
2024-07-25T07:56:59.590904Z,2024,7,25,65.921200,22.117000,-7.0,0,0.0,1,inland_water,0,0,0,0,0,0
2024-07-25T07:56:59.604716Z,2024,7,25,65.912600,22.135400,-7.0,0,4.6,1,mainland,0,0,0,0,0,0
2024-07-25T07:56:59.861030Z,2024,7,25,65.919200,22.164700,-7.0,0,8.9,1,inland_water,0,0,0,0,0,0
2024-07-25T07:57:01.987542Z,2024,7,25,65.890300,22.442300,11.0,0,6.9,1,mainland,0,0,0,0,0,0
2024-07-25T07:57:28.463407Z,2024,7,25,65.931100,22.156000,7.0,0,8.2,1,mainland,0,0,0,0,0,0
2024-07-25T07:57:46.215655Z,2024,7,25,65.833100,22.054700,-40.0,0,11.8,1,mainland,0,0,0,0,0,1
2024-07-25T07:58:44.963650Z,2024,7,25,65.947300,22.174500,10.0,0,6.9,1,mainland,0,0,0,0,0,0
2024-07-25T07:58:44.979010Z,2024,7,25,65.939200,22.177400,10.0,0,26.1,1,mainland,0,0,0,0,0,0
2024-07-25T07:58:44.979034Z,2024,7,25,65.974600,22.341100,-20.0,0,29.3,1,mainland,0,0,0,0,0,0
2024-07-25T07:59:22.923934Z,2024,7,25,65.920000,22.121400,-68.0,0,13.8,1,mainland,0,0,0,0,0,0
2024-07-25T07:59:22.942978Z,2024,7,25,65.921800,22.093100,-18.0,0,8.0,1,inland_water,0,0,0,0,0,0
2024-07-25T07:59:22.964557Z,2024,7,25,65.915800,22.148900,-27.0,0,10.4,1,mainland,0,0,0,0,0,0
2024-07-25T07:59:22.980553Z,2024,7,25,65.914100,22.112500,-10.0,0,4.1,1,mainland,0,0,0,0,0,0
2024-07-25T07:59:22.997775Z,2024,7,25,65.907800,22.196300,-6.0,0,6.1,1,mainland,0,0,0,0,0,0
2024-07-25T07:59:23.012523Z,2024,7,25,65.914900,22.110600,-8.0,0,4.9,1,mainland,0,0,0,0,0,0
2024-07-25T07:59:50.118425Z,2024,7,25,65.953500,22.212500,-10.0,0,4.2,1,mainland,0,0,0,0,0,0
2024-07-25T07:59:50.141903Z,2024,7,25,65.960200,22.187000,-6.0,0,5.5,1,mainland,0,0,0,0,0,0
2024-07-25T08:00:04.830451Z,2024,7,25,65.927800,22.211200,6.0,0,1.9,1,mainland,0,0,0,0,0,0
2024-07-25T08:00:42.246996Z,2024,7,25,65.909200,22.247000,-19.0,0,4.1,1,mainland,0,0,0,0,0,0
2024-07-25T08:00:42.263438Z,2024,7,25,65.908400,22.248800,-8.0,0,4.1,1,mainland,0,0,0,0,0,0
2024-07-25T08:00:42.308887Z,2024,7,25,65.916200,22.224600,-18.0,0,16.3,1,mainland,0,0,0,0,0,0
2024-07-25T08:00:42.335120Z,2024,7,25,65.902300,22.262100,-10.0,0,5.2,1,mainland,0,0,0,0,0,0
2024-07-25T08:00:42.385538Z,2024,7,25,65.901900,22.260400,-30.0,0,20.4,1,mainland,0,0,0,0,0,0
2024-07-25T08:01:09.606561Z,2024,7,25,65.990400,22.239000,-59.0,0,6.3,1,mainland,0,0,0,0,0,0
2024-07-25T08:01:09.626807Z,2024,7,25,65.965000,22.179500,-13.0,0,5.0,1,mainland,0,0,0,0,0,0
2024-07-25T08:01:09.636485Z,2024,7,25,65.963900,22.188100,-5.0,0,3.3,1,mainland,0,0,0,0,0,0
2024-07-25T08:01:10.089092Z,2024,7,25,65.965000,22.179600,-20.0,0,6.6,1,mainland,0,0,0,0,0,0
2024-07-25T08:01:10.224281Z,2024,7,25,65.964400,22.182400,-6.0,0,3.1,1,mainland,0,0,0,0,0,0
2024-07-25T08:01:10.406370Z,2024,7,25,65.963700,22.183600,-6.0,0,3.0,1,mainland,0,0,0,0,0,0
2024-07-25T08:01:37.026527Z,2024,7,25,65.949700,22.140400,17.0,0,10.3,1,mainland,0,0,0,0,0,0
2024-07-25T08:01:37.027484Z,2024,7,25,65.950000,22.142200,6.0,0,3.0,1,mainland,0,0,0,0,0,0
2024-07-25T08:01:37.031098Z,2024,7,25,65.950900,22.128600,7.0,0,3.9,1,mainland,0,0,0,0,0,0
2024-07-25T08:01:37.036465Z,2024,7,25,65.950900,22.150400,8.0,0,27.8,1,mainland,0,0,0,0,0,0
2024-07-25T08:01:37.036506Z,2024,7,25,65.965600,22.128000,-16.0,0,27.6,1,mainland,0,0,0,0,0,0
2024-07-25T08:01:37.044103Z,2024,7,25,65.646000,22.651600,5.0,0,1.5,1,sea,0,1,1,0,0,0
2024-07-25T08:01:37.044251Z,2024,7,25,65.953200,22.270400,-20.0,0,24.1,1,mainland,0,0,0,0,0,0
2024-07-25T08:01:37.430366Z,2024,7,25,65.911700,22.158700,-6.0,0,5.5,1,mainland,0,0,0,0,0,0
2024-07-25T08:01:37.436186Z,2024,7,25,65.944700,22.118400,6.0,0,1.7,1,mainland,0,0,0,0,0,0
2024-07-25T08:01:37.627399Z,2024,7,25,65.910400,22.161200,-7.0,0,4.6,1,mainland,0,0,0,0,0,0
2024-07-25T08:01:58.366761Z,2024,7,25,65.915400,22.166700,7.0,0,7.4,1,mainland,0,0,0,0,0,0
2024-07-25T08:01:58.367509Z,2024,7,25,65.955500,22.134600,5.0,0,16.8,1,mainland,0,0,0,0,0,0
2024-07-25T08:01:58.371527Z,2024,7,25,65.979900,22.106900,5.0,0,2.9,1,mainland,0,0,0,0,0,0
2024-07-25T08:02:14.057530Z,2024,7,25,65.947300,22.135900,-21.0,0,8.5,1,mainland,0,0,0,0,0,0
2024-07-25T08:02:14.098376Z,2024,7,25,65.947100,22.130800,-18.0,0,4.6,1,mainland,0,0,0,0,0,0
2024-07-25T08:02:14.149893Z,2024,7,25,65.945000,22.116100,-11.0,0,7.6,1,mainland,0,0,0,0,0,0
2024-07-25T08:02:14.214029Z,2024,7,25,65.967500,22.159700,-9.0,0,5.1,1,inland_water,0,0,0,0,0,0
2024-07-25T08:03:07.908412Z,2024,7,25,65.943800,22.113100,-6.0,0,22.3,1,mainland,0,0,0,0,0,0
2024-07-25T08:03:07.912337Z,2024,7,25,65.967500,21.918400,-77.0,0,21.6,1,mainland,0,0,0,0,0,0
2024-07-25T08:03:07.929882Z,2024,7,25,65.944100,22.095700,-10.0,0,13.5,1,mainland,0,0,0,0,0,0
2024-07-25T08:03:07.939420Z,2024,7,25,65.948400,22.130700,-37.0,0,30.4,1,mainland,0,0,0,0,0,0
2024-07-25T08:03:07.948041Z,2024,7,25,66.049500,22.162100,-7.0,0,6.4,1,mainland,0,0,0,0,0,0
2024-07-25T08:03:08.215228Z,2024,7,25,65.942900,22.109500,-6.0,0,1.5,1,mainland,0,0,0,0,0,0
2024-07-25T08:03:08.410362Z,2024,7,25,65.946500,22.134000,-10.0,0,4.8,1,mainland,0,0,0,0,0,0
2024-07-25T08:03:08.490180Z,2024,7,25,65.947100,22.128900,-6.0,0,4.3,1,mainland,0,0,0,0,0,0
2024-07-25T08:03:25.569617Z,2024,7,25,65.941500,22.275000,5.0,0,12.9,1,mainland,0,0,0,0,0,0
2024-07-25T08:03:25.819767Z,2024,7,25,65.928000,22.213700,-6.0,0,1.9,1,mainland,0,0,0,0,0,0
2024-07-25T08:03:41.211027Z,2024,7,25,65.966400,22.166000,-19.0,0,8.7,1,mainland,0,0,0,0,0,0
2024-07-25T08:03:41.229884Z,2024,7,25,65.967000,22.166300,-10.0,0,7.4,1,mainland,0,0,0,0,0,0
2024-07-25T08:03:41.254689Z,2024,7,25,65.966200,22.165000,-22.0,0,7.4,1,mainland,0,0,0,0,0,0
2024-07-25T08:03:41.284668Z,2024,7,25,65.966400,22.165000,-34.0,0,12.6,1,mainland,0,0,0,0,0,0
2024-07-25T08:03:41.319458Z,2024,7,25,65.967300,22.164300,-25.0,0,8.7,1,mainland,0,0,0,0,0,0
2024-07-25T08:03:57.561415Z,2024,7,25,65.954200,22.108500,-49.0,0,16.9,1,mainland,0,0,0,0,0,0
2024-07-25T08:03:57.604683Z,2024,7,25,65.953900,22.109600,-15.0,0,5.8,1,mainland,0,0,0,0,0,0
2024-07-25T08:03:57.615716Z,2024,7,25,65.951700,22.111300,-7.0,0,3.6,1,mainland,0,0,0,0,0,0
2024-07-25T08:03:57.644064Z,2024,7,25,65.941400,22.109900,-8.0,0,5.1,1,mainland,0,0,0,0,0,0
2024-07-25T08:03:58.107058Z,2024,7,25,65.942400,22.044200,-13.0,0,5.2,1,mainland,0,0,0,0,0,0
2024-07-25T08:04:21.891232Z,2024,7,25,65.954600,22.315000,7.0,0,12.6,1,mainland,0,0,0,0,0,0
2024-07-25T08:04:21.892649Z,2024,7,25,65.948300,22.289500,7.0,0,19.9,1,mainland,0,0,0,0,0,0
2024-07-25T08:04:34.616508Z,2024,7,25,65.955500,22.128600,-35.0,0,15.4,1,mainland,0,0,0,0,0,0
2024-07-25T08:04:34.650183Z,2024,7,25,65.961300,22.075500,-22.0,0,10.5,1,mainland,0,0,0,0,0,0
2024-07-25T08:04:34.670913Z,2024,7,25,65.950100,22.101400,-7.0,0,4.9,1,mainland,0,0,0,0,0,0
2024-07-25T08:04:56.652073Z,2024,7,25,65.958500,22.109100,-57.0,0,14.9,1,mainland,0,0,0,0,0,0
2024-07-25T08:04:56.684929Z,2024,7,25,65.958400,22.109900,-13.0,0,4.5,1,mainland,0,0,0,0,0,0
2024-07-25T08:04:56.724377Z,2024,7,25,65.962700,22.071000,-14.0,0,8.6,1,mainland,0,0,0,0,0,0
2024-07-25T08:04:57.313078Z,2024,7,25,65.958700,22.109800,-30.0,0,11.2,1,mainland,0,0,0,0,0,0
2024-07-25T08:05:08.756366Z,2024,7,25,65.958000,22.319600,-6.0,0,7.0,1,mainland,0,0,0,0,0,0
2024-07-25T08:05:08.943611Z,2024,7,25,65.968900,22.250600,-9.0,0,4.5,1,mainland,0,0,0,0,0,0
2024-07-25T08:05:18.703285Z,2024,7,25,65.956600,22.106700,-12.0,0,6.0,1,mainland,0,0,0,0,0,0
2024-07-25T08:05:18.729200Z,2024,7,25,65.942500,22.095700,-12.0,0,3.1,1,mainland,0,0,0,0,0,0
2024-07-25T08:05:18.770484Z,2024,7,25,65.954200,22.129900,-8.0,0,14.5,1,mainland,0,0,0,0,0,0
2024-07-25T08:05:18.815069Z,2024,7,25,65.949500,22.115200,-7.0,0,3.8,1,inland_water,0,0,0,0,0,0
2024-07-25T08:05:45.478035Z,2024,7,25,65.968500,22.124100,9.0,0,13.6,1,mainland,0,0,0,0,0,0
2024-07-25T08:05:45.479872Z,2024,7,25,65.970400,22.123900,6.0,0,1.7,1,mainland,0,0,0,0,0,0
2024-07-25T08:05:45.480549Z,2024,7,25,65.968600,22.122800,10.0,0,9.9,1,mainland,0,0,0,0,0,0
2024-07-25T08:05:46.017169Z,2024,7,25,65.829200,22.171700,-21.0,0,15.3,1,mainland,0,0,0,0,0,0
2024-07-25T08:06:13.317076Z,2024,7,25,66.005100,22.140100,-45.0,0,8.2,1,mainland,0,0,0,0,0,0
2024-07-25T08:06:13.348102Z,2024,7,25,66.014500,22.208600,5.0,0,14.1,1,mainland,0,0,0,0,0,0
2024-07-25T08:06:13.348233Z,2024,7,25,66.006700,22.139300,-17.0,0,11.3,1,mainland,0,0,0,0,0,0
2024-07-25T08:06:13.370188Z,2024,7,25,66.005000,22.143100,-12.0,0,7.6,1,mainland,0,0,0,0,0,0
2024-07-25T08:06:30.456462Z,2024,7,25,65.955500,22.422600,-11.0,0,7.0,1,mainland,0,0,0,0,0,0
2024-07-25T08:06:30.466313Z,2024,7,25,65.947200,22.413200,-6.0,0,3.3,1,mainland,0,0,0,0,0,0
2024-07-25T08:06:30.497256Z,2024,7,25,65.964600,22.402900,-6.0,0,5.2,1,mainland,0,0,0,0,0,0
2024-07-25T08:06:30.613862Z,2024,7,25,66.003800,22.133200,12.0,0,12.9,1,mainland,0,0,0,0,0,0
2024-07-25T08:06:51.212277Z,2024,7,25,66.002900,22.111000,5.0,0,1.8,1,inland_water,0,0,0,0,0,0
2024-07-25T08:06:51.220185Z,2024,7,25,66.005700,22.130100,7.0,0,20.5,1,mainland,0,0,0,0,0,0
2024-07-25T08:06:51.229463Z,2024,7,25,66.007400,22.136100,4.0,0,2.9,1,mainland,0,0,0,0,0,0
2024-07-25T08:06:51.353680Z,2024,7,25,66.004800,22.136300,8.0,0,3.2,1,mainland,0,0,0,0,0,0
2024-07-25T08:07:06.534232Z,2024,7,25,66.011000,22.134900,-10.0,0,8.6,1,mainland,0,0,0,0,0,0
2024-07-25T08:07:06.586770Z,2024,7,25,65.992500,22.172800,-9.0,0,4.9,1,mainland,0,0,0,0,0,0
2024-07-25T08:07:35.625624Z,2024,7,25,66.012500,22.121400,-83.0,0,18.1,1,mainland,0,0,0,0,0,0
2024-07-25T08:07:35.653568Z,2024,7,25,66.001600,22.065800,-7.0,0,30.4,1,mainland,0,0,0,0,0,0
2024-07-25T08:07:35.674912Z,2024,7,25,65.998200,22.116600,-12.0,0,5.5,1,mainland,0,0,0,0,0,0
2024-07-25T08:07:35.675290Z,2024,7,25,66.017600,22.129500,-9.0,0,5.5,1,mainland,0,0,0,0,0,0
2024-07-25T08:07:35.721056Z,2024,7,25,65.999200,22.112400,-24.0,0,6.1,1,mainland,0,0,0,0,0,0
2024-07-25T08:07:35.753137Z,2024,7,25,65.999200,22.113400,-15.0,0,6.1,1,mainland,0,0,0,0,0,0
2024-07-25T08:07:35.807405Z,2024,7,25,65.996000,22.140200,-10.0,0,6.7,1,inland_water,0,0,0,0,0,0
2024-07-25T08:07:35.846055Z,2024,7,25,65.997600,22.110600,-6.0,0,4.4,1,mainland,0,0,0,0,0,0
2024-07-25T08:07:35.926214Z,2024,7,25,66.022400,22.143200,-8.0,0,5.1,1,mainland,0,0,0,0,0,0
2024-07-25T08:07:35.934191Z,2024,7,25,66.001900,22.241600,5.0,0,14.1,1,mainland,0,0,0,0,0,0
2024-07-25T08:07:35.935584Z,2024,7,25,65.996000,22.241600,7.0,0,2.4,1,mainland,0,0,0,0,0,0
2024-07-25T08:07:35.945411Z,2024,7,25,66.012900,22.120000,8.0,0,2.4,1,mainland,0,0,0,0,0,0
2024-07-25T08:07:35.955065Z,2024,7,25,65.962900,22.225300,9.0,0,21.0,1,mainland,0,0,0,0,0,0
2024-07-25T08:07:55.171290Z,2024,7,25,65.998900,22.144500,-8.0,0,6.0,1,inland_water,0,0,0,0,0,0
2024-07-25T08:07:55.172144Z,2024,7,25,66.094800,22.143900,6.0,0,15.7,1,mainland,0,0,0,0,0,0
2024-07-25T08:07:55.173190Z,2024,7,25,66.003900,22.164700,8.0,0,16.9,1,other,0,0,0,0,0,0
2024-07-25T08:07:55.174523Z,2024,7,25,65.930300,22.209100,5.0,0,9.8,1,mainland,0,0,0,0,0,0
2024-07-25T08:08:17.073121Z,2024,7,25,66.006900,22.138200,12.0,0,5.1,1,mainland,0,0,0,0,0,0
2024-07-25T08:08:17.075344Z,2024,7,25,66.010400,22.190100,5.0,0,10.1,1,mainland,0,0,0,0,0,0
2024-07-25T08:08:17.077752Z,2024,7,25,65.995300,22.149200,-9.0,0,9.7,1,inland_water,0,0,0,0,0,0
2024-07-25T08:08:17.606980Z,2024,7,25,65.938900,22.083100,-6.0,0,14.9,1,mainland,0,0,0,0,0,0
2024-07-25T08:08:17.740578Z,2024,7,25,65.933000,22.105000,-8.0,0,5.5,1,mainland,0,0,0,0,0,0
2024-07-25T08:08:17.825191Z,2024,7,25,65.918600,22.091600,-5.0,0,20.0,1,mainland,0,0,0,0,0,0
2024-07-25T08:08:17.928494Z,2024,7,25,65.933100,22.104900,-14.0,0,5.1,1,mainland,0,0,0,0,0,0
2024-07-25T08:08:48.435798Z,2024,7,25,66.009900,22.155300,27.0,0,17.7,1,mainland,0,0,0,0,0,0
2024-07-25T08:08:48.439154Z,2024,7,25,66.059000,22.160100,7.0,0,11.3,1,mainland,0,0,0,0,0,0
2024-07-25T08:08:48.448518Z,2024,7,25,66.022400,22.152600,8.0,0,27.5,1,mainland,0,0,0,0,0,0
2024-07-25T08:08:48.448536Z,2024,7,25,66.009900,22.180500,-12.0,0,14.5,1,mainland,0,0,0,0,0,0
2024-07-25T08:08:48.467597Z,2024,7,25,66.016400,22.125200,9.0,0,6.8,1,mainland,0,0,0,0,0,0
2024-07-25T08:09:11.995068Z,2024,7,25,65.998000,22.143600,9.0,0,18.0,1,inland_water,0,0,0,0,0,0
2024-07-25T08:09:20.289408Z,2024,7,25,65.904300,22.487600,-9.0,0,3.5,1,inland_water,0,0,0,0,0,0
2024-07-25T08:09:30.425155Z,2024,7,25,65.949300,22.506700,-37.0,0,10.0,1,mainland,0,0,0,0,0,0
2024-07-25T08:10:11.516957Z,2024,7,25,65.962500,22.256300,-10.0,0,17.2,1,mainland,0,0,0,0,0,0
2024-07-25T08:10:11.535836Z,2024,7,25,65.977400,22.290800,6.0,0,6.2,1,mainland,0,0,0,0,0,0
2024-07-25T08:10:11.789775Z,2024,7,25,65.975900,22.349000,7.0,0,21.9,1,mainland,0,0,0,0,0,0
2024-07-25T08:10:35.460019Z,2024,7,25,66.009300,22.186100,5.0,0,1.9,1,mainland,0,0,0,0,0,0
2024-07-25T08:10:50.613546Z,2024,7,25,65.984000,22.294800,10.0,0,14.4,1,mainland,0,0,0,0,0,0
2024-07-25T08:10:51.289933Z,2024,7,25,65.935900,22.073900,9.0,0,8.7,1,mainland,0,0,0,0,0,0
2024-07-25T08:11:13.463456Z,2024,7,25,66.018800,22.127000,-10.0,0,10.8,1,mainland,0,0,0,0,0,0
2024-07-25T08:11:13.474419Z,2024,7,25,66.008900,22.107800,-11.0,0,7.6,1,inland_water,0,0,0,0,0,0
2024-07-25T08:11:19.746012Z,2024,7,25,65.902100,22.546900,17.0,0,30.4,1,mainland,0,0,0,0,0,1
2024-07-25T08:11:30.041902Z,2024,7,25,65.983100,22.296000,5.0,0,6.9,1,mainland,0,0,0,0,0,0
2024-07-25T08:11:30.042830Z,2024,7,25,66.006700,22.277700,4.0,0,30.4,1,mainland,0,0,0,0,0,0
2024-07-25T08:11:30.062357Z,2024,7,25,65.977300,22.291000,8.0,0,18.4,1,mainland,0,0,0,0,0,0
2024-07-25T08:11:30.063698Z,2024,7,25,65.984800,22.288700,5.0,0,2.5,1,mainland,0,0,0,0,0,0
2024-07-25T08:11:30.070422Z,2024,7,25,65.985400,22.279400,5.0,0,2.3,1,mainland,0,0,0,0,0,0
2024-07-25T08:11:58.457271Z,2024,7,25,65.979000,22.278000,6.0,0,2.1,1,mainland,0,0,0,0,0,0
2024-07-25T08:11:58.458166Z,2024,7,25,66.001300,22.432200,-9.0,0,13.5,1,mainland,0,0,0,0,0,0
2024-07-25T08:11:58.462269Z,2024,7,25,65.975400,22.290000,5.0,0,16.6,1,mainland,0,0,0,0,0,0
2024-07-25T08:11:58.468519Z,2024,7,25,65.970100,22.307100,9.0,0,30.4,1,mainland,0,0,0,0,0,0
2024-07-25T08:12:08.588417Z,2024,7,25,66.058100,22.426200,-27.0,0,8.3,1,inland_water,0,0,0,1,1,1
2024-07-25T08:12:20.958132Z,2024,7,25,66.008800,22.190300,10.0,0,6.4,1,mainland,0,0,0,0,0,0
2024-07-25T08:12:45.609463Z,2024,7,25,65.942300,22.461100,5.0,0,2.1,1,mainland,0,0,0,0,0,0
2024-07-25T08:12:45.620217Z,2024,7,25,65.951700,22.332400,9.0,0,30.4,1,mainland,0,0,0,0,0,0
2024-07-25T08:13:24.519802Z,2024,7,25,65.995000,22.255300,26.0,0,23.8,1,mainland,0,0,0,0,0,0
2024-07-25T08:13:24.536793Z,2024,7,25,65.986900,22.271500,7.0,0,3.9,1,inland_water,0,0,0,0,0,0
2024-07-25T08:13:25.174814Z,2024,7,25,65.909900,22.181700,-20.0,0,10.4,1,inland_water,0,0,0,0,0,0
2024-07-25T08:14:02.958335Z,2024,7,25,66.037500,22.192900,-121.0,0,8.7,1,mainland,0,0,0,0,0,0
2024-07-25T08:14:02.985015Z,2024,7,25,66.023000,22.233800,-20.0,0,30.4,1,mainland,0,0,0,0,0,0
2024-07-25T08:14:28.300791Z,2024,7,25,65.929600,22.353900,7.0,0,20.5,1,mainland,0,0,0,0,0,0
2024-07-25T08:14:28.301178Z,2024,7,25,66.051700,22.204700,7.0,0,30.4,1,mainland,0,0,0,0,0,0
2024-07-25T08:14:28.704224Z,2024,7,25,65.966200,22.079400,-5.0,0,22.6,1,mainland,0,0,0,0,0,0
2024-07-25T08:14:55.386675Z,2024,7,25,66.072100,22.120600,-15.0,0,20.3,1,mainland,0,0,0,0,0,0
2024-07-25T08:14:55.405799Z,2024,7,25,66.043100,22.162200,5.0,0,2.7,1,mainland,0,0,0,0,0,0
2024-07-25T08:15:17.584187Z,2024,7,25,66.044000,22.147700,13.0,0,20.9,1,mainland,0,0,0,0,0,0
2024-07-25T08:15:17.592552Z,2024,7,25,65.909300,22.067500,-28.0,0,24.1,1,mainland,0,0,0,0,0,0
2024-07-25T08:15:17.597223Z,2024,7,25,66.046100,22.151600,10.0,0,12.4,1,mainland,0,0,0,0,0,0
2024-07-25T08:15:42.803909Z,2024,7,25,66.052800,22.162900,6.0,0,1.7,1,mainland,0,0,0,0,0,0
2024-07-25T08:15:42.816628Z,2024,7,25,66.040400,22.116300,8.0,0,18.0,1,mainland,0,0,0,0,0,0
2024-07-25T08:15:42.821470Z,2024,7,25,66.045900,22.147000,4.0,0,13.9,1,mainland,0,0,0,0,0,0
2024-07-25T08:15:54.771618Z,2024,7,25,65.999900,22.190700,-9.0,0,30.4,1,mainland,0,0,0,0,0,0
2024-07-25T08:15:55.010283Z,2024,7,25,65.964600,22.035500,6.0,0,19.2,1,mainland,0,0,0,0,0,0
2024-07-25T08:16:16.857674Z,2024,7,25,66.035200,22.346000,10.0,0,6.2,1,mainland,0,0,0,0,0,0
2024-07-25T08:16:31.757043Z,2024,7,25,66.053800,22.142600,4.0,0,7.6,1,mainland,0,0,0,0,0,0
2024-07-25T08:16:31.760041Z,2024,7,25,66.047000,22.135100,6.0,0,19.3,1,mainland,0,0,0,0,0,0
2024-07-25T08:16:31.763797Z,2024,7,25,66.050700,22.116400,5.0,0,3.3,1,mainland,0,0,0,0,0,0
2024-07-25T08:16:31.768540Z,2024,7,25,66.045200,22.138400,15.0,0,9.8,1,mainland,0,0,0,0,0,0
2024-07-25T08:16:49.269220Z,2024,7,25,66.046600,22.148300,7.0,0,2.4,1,mainland,0,0,0,0,0,0
2024-07-25T08:17:45.527269Z,2024,7,25,66.045000,22.306400,5.0,0,18.8,1,mainland,0,0,0,0,0,0
2024-07-25T08:17:45.648734Z,2024,7,25,66.041300,22.130000,-9.0,0,8.4,1,mainland,0,0,0,0,0,0
2024-07-25T08:17:58.548498Z,2024,7,25,66.038000,22.333200,-7.0,0,7.5,1,mainland,0,0,0,0,0,0
2024-07-25T08:17:58.610108Z,2024,7,25,66.111200,22.367800,-16.0,0,3.1,1,mainland,0,0,0,1,1,1
2024-07-25T08:17:59.350889Z,2024,7,25,65.997500,21.958300,-8.0,0,6.1,1,mainland,0,0,0,0,0,0
2024-07-25T08:17:59.374437Z,2024,7,25,65.996800,21.962800,-12.0,0,7.0,1,mainland,0,0,0,0,0,0
2024-07-25T08:17:59.561499Z,2024,7,25,65.997300,21.960500,-15.0,0,7.9,1,mainland,0,0,0,0,0,0
2024-07-25T08:18:49.444090Z,2024,7,25,66.055300,22.332700,-50.0,0,16.1,1,mainland,0,0,0,0,0,0
2024-07-25T08:18:49.455727Z,2024,7,25,66.055600,22.295400,-4.0,0,14.5,1,mainland,0,0,0,0,0,0
2024-07-25T08:18:49.478163Z,2024,7,25,66.054500,22.315400,-11.0,0,10.6,1,mainland,0,0,0,0,0,0
2024-07-25T08:18:49.502961Z,2024,7,25,66.059800,22.303500,-24.0,0,18.1,1,mainland,0,0,0,0,0,0
2024-07-25T08:18:49.541807Z,2024,7,25,66.057600,22.330800,-22.0,0,5.4,1,mainland,0,0,0,0,0,0
2024-07-25T08:18:49.576456Z,2024,7,25,66.048600,22.291100,-16.0,0,6.3,1,mainland,0,0,0,0,0,0
2024-07-25T08:19:19.216229Z,2024,7,25,66.034200,22.274500,6.0,0,7.4,1,mainland,0,0,0,0,0,0
2024-07-25T08:19:19.216258Z,2024,7,25,66.039500,22.250300,-10.0,0,12.2,1,mainland,0,0,0,0,0,0
2024-07-25T08:20:16.258610Z,2024,7,25,66.069900,22.030100,13.0,0,8.0,1,mainland,0,0,0,1,1,1
2024-07-25T08:20:30.749151Z,2024,7,25,66.027000,22.383800,7.0,0,29.1,1,mainland,0,0,0,0,0,0
2024-07-25T08:20:47.151546Z,2024,7,25,66.021300,22.221300,8.0,0,18.7,1,mainland,0,0,0,0,0,0
2024-07-25T08:21:24.099326Z,2024,7,25,66.037000,22.242000,8.0,0,3.1,1,mainland,0,0,0,0,0,0
2024-07-25T08:21:37.258544Z,2024,7,25,66.047700,22.375000,5.0,0,1.9,1,mainland,0,0,0,0,0,0
2024-07-25T08:21:37.689564Z,2024,7,25,66.034300,22.322900,-50.0,0,24.3,1,mainland,0,0,0,0,0,0
2024-07-25T08:21:37.690895Z,2024,7,25,66.090800,22.240400,8.0,0,14.3,1,mainland,0,0,0,0,0,0
2024-07-25T08:21:53.910016Z,2024,7,25,66.078400,22.384500,6.0,0,2.1,1,mainland,0,0,0,0,0,0
2024-07-25T08:22:06.276602Z,2024,7,25,66.040600,22.224200,-13.0,0,19.9,1,mainland,0,0,0,0,0,0
2024-07-25T08:22:06.282684Z,2024,7,25,66.019300,22.199200,-30.0,0,12.3,1,mainland,0,0,0,0,0,0
2024-07-25T08:22:06.378480Z,2024,7,25,66.019300,22.196000,-42.0,0,21.6,1,mainland,0,0,0,0,0,0
2024-07-25T08:22:06.767889Z,2024,7,25,66.070500,22.045900,-9.0,0,7.4,1,mainland,0,0,0,0,1,1
2024-07-25T08:22:16.002826Z,2024,7,25,66.045200,22.380000,7.0,0,6.3,1,mainland,0,0,0,0,0,0
2024-07-25T08:22:31.127602Z,2024,7,25,66.048400,22.360000,6.0,0,18.7,1,mainland,0,0,0,0,0,0
2024-07-25T08:22:45.049832Z,2024,7,25,66.047600,22.356400,6.0,0,7.7,1,mainland,0,0,0,0,0,0
2024-07-25T08:22:50.410931Z,2024,7,25,66.048200,22.394000,4.0,0,6.2,1,mainland,0,0,0,0,0,0
2024-07-25T08:23:06.775454Z,2024,7,25,66.044500,22.333800,-7.0,0,4.1,1,mainland,0,0,0,0,0,0
2024-07-25T08:23:06.823347Z,2024,7,25,66.040500,22.308400,-12.0,0,5.6,1,mainland,0,0,0,0,0,0
2024-07-25T08:23:06.867900Z,2024,7,25,66.058300,22.356500,-9.0,0,5.5,1,mainland,0,0,0,0,0,0
2024-07-25T08:23:06.921643Z,2024,7,25,66.046700,22.318800,-7.0,0,3.7,1,mainland,0,0,0,0,0,0
2024-07-25T08:23:07.393295Z,2024,7,25,66.050800,22.304700,-6.0,0,3.6,1,mainland,0,0,0,0,0,0
2024-07-25T08:23:34.865304Z,2024,7,25,66.084400,22.386800,5.0,0,6.2,1,mainland,0,0,0,0,0,1
2024-07-25T08:24:01.516043Z,2024,7,25,66.054400,22.358800,7.0,0,12.4,1,mainland,0,0,0,0,0,0
2024-07-25T08:24:01.527636Z,2024,7,25,66.074100,22.352100,5.0,0,5.5,1,mainland,0,0,0,0,0,0
2024-07-25T08:24:01.811015Z,2024,7,25,66.077500,22.269700,-7.0,0,7.5,1,mainland,0,0,0,0,0,0
2024-07-25T08:24:01.882025Z,2024,7,25,66.054300,22.383300,9.0,0,12.3,1,mainland,0,0,0,0,0,0
2024-07-25T08:24:14.749597Z,2024,7,25,66.052700,22.424600,5.0,0,10.8,1,mainland,0,0,0,0,0,1
2024-07-25T08:24:14.781740Z,2024,7,25,66.051500,22.351800,4.0,0,2.1,1,mainland,0,0,0,0,0,0
2024-07-25T08:24:14.790881Z,2024,7,25,66.062600,22.352000,6.0,0,4.2,1,mainland,0,0,0,0,0,0
2024-07-25T08:24:14.905800Z,2024,7,25,66.051900,22.374200,9.0,0,3.0,1,mainland,0,0,0,0,0,0
2024-07-25T08:24:15.038565Z,2024,7,25,66.055400,22.366100,8.0,0,6.8,1,mainland,0,0,0,0,0,0
2024-07-25T08:24:21.542144Z,2024,7,25,66.072200,22.347500,8.0,0,13.2,1,mainland,0,0,0,0,0,0
2024-07-25T08:24:21.559951Z,2024,7,25,66.057300,22.343100,4.0,0,2.4,1,mainland,0,0,0,0,0,0
2024-07-25T08:24:21.908840Z,2024,7,25,66.061700,22.246000,4.0,0,12.9,1,mainland,0,0,0,0,0,0
2024-07-25T08:24:21.910563Z,2024,7,25,66.058600,22.245500,8.0,0,6.3,1,mainland,0,0,0,0,0,0
2024-07-25T08:24:21.976239Z,2024,7,25,66.071600,22.355700,7.0,0,15.8,1,mainland,0,0,0,0,0,0
2024-07-25T08:24:22.116606Z,2024,7,25,66.065700,22.229700,-6.0,0,1.4,1,mainland,0,0,0,0,0,0
2024-07-25T08:24:29.062660Z,2024,7,25,66.059300,22.372500,8.0,0,3.3,1,mainland,0,0,0,0,0,0
2024-07-25T08:24:29.078464Z,2024,7,25,66.056800,22.373900,16.0,0,20.1,1,mainland,0,0,0,0,0,0
2024-07-25T08:24:29.092104Z,2024,7,25,66.061200,22.304100,9.0,0,13.2,1,mainland,0,0,0,0,0,0
2024-07-25T08:24:34.864280Z,2024,7,25,66.053400,22.353400,6.0,0,24.6,1,mainland,0,0,0,0,0,0
2024-07-25T08:24:34.891557Z,2024,7,25,66.054600,22.373800,7.0,0,6.9,1,mainland,0,0,0,0,0,0
2024-07-25T08:24:40.682141Z,2024,7,25,65.957100,22.528100,4.0,0,21.6,1,mainland,0,0,0,0,1,1
2024-07-25T08:24:46.719044Z,2024,7,25,66.061400,22.369300,10.0,0,8.0,1,mainland,0,0,0,0,0,0
2024-07-25T08:24:46.764920Z,2024,7,25,66.066800,22.357900,8.0,0,4.3,1,mainland,0,0,0,0,0,0
2024-07-25T08:24:51.830988Z,2024,7,25,66.057600,22.342800,-5.0,0,3.0,1,mainland,0,0,0,0,0,0
2024-07-25T08:24:51.843600Z,2024,7,25,66.058500,22.331000,-6.0,0,4.9,1,mainland,0,0,0,0,0,0
2024-07-25T08:25:03.832374Z,2024,7,25,66.056100,22.366600,7.0,0,24.2,1,mainland,0,0,0,0,0,0
2024-07-25T08:25:36.351427Z,2024,7,25,66.058500,22.365000,6.0,0,3.5,1,mainland,0,0,0,0,0,0
2024-07-25T08:25:48.627053Z,2024,7,25,66.058000,22.365800,6.0,0,5.7,1,mainland,0,0,0,0,0,0
2024-07-25T08:25:48.654843Z,2024,7,25,66.052400,22.184500,-6.0,0,16.8,1,mainland,0,0,0,0,0,0
2024-07-25T08:25:49.092382Z,2024,7,25,66.007800,22.443400,6.0,0,2.5,1,mainland,0,0,0,0,0,0
2024-07-25T08:25:58.622534Z,2024,7,25,66.063500,22.363800,4.0,0,2.3,1,mainland,0,0,0,0,0,0
2024-07-25T08:25:58.650177Z,2024,7,25,66.060900,22.377900,5.0,0,6.1,1,mainland,0,0,0,0,0,0
2024-07-25T08:26:12.681342Z,2024,7,25,66.052000,22.069100,-13.0,0,6.4,1,mainland,0,0,0,0,0,0
2024-07-25T08:26:55.676548Z,2024,7,25,66.064100,22.376900,9.0,0,15.3,1,mainland,0,0,0,0,0,0
2024-07-25T08:27:28.269325Z,2024,7,25,66.075800,22.318400,6.0,0,1.5,1,mainland,0,0,0,0,0,0
2024-07-25T08:27:48.310996Z,2024,7,25,66.082200,22.352600,4.0,0,1.4,1,mainland,0,0,0,0,0,0
2024-07-25T08:27:48.311009Z,2024,7,25,66.088700,22.354100,-7.0,0,15.1,1,mainland,0,0,0,0,0,0
2024-07-25T08:27:54.133667Z,2024,7,25,66.108800,22.193400,-6.0,0,9.5,1,mainland,0,0,0,0,0,0
2024-07-25T08:27:54.359388Z,2024,7,25,66.108000,22.363000,5.0,0,27.1,1,mainland,0,0,0,0,1,1
2024-07-25T08:27:54.669049Z,2024,7,25,66.105900,22.253600,-10.0,0,5.6,1,mainland,0,0,0,0,0,0
2024-07-25T08:27:54.774686Z,2024,7,25,66.087100,22.183700,10.0,0,22.7,1,mainland,0,0,0,0,0,0
2024-07-25T08:28:04.678137Z,2024,7,25,66.040800,22.403000,5.0,0,12.5,1,mainland,0,0,0,0,0,0
2024-07-25T08:28:09.589166Z,2024,7,25,66.086200,22.347100,5.0,0,3.9,1,mainland,0,0,0,0,0,0
2024-07-25T08:28:23.307802Z,2024,7,25,66.083000,22.367100,5.0,0,3.0,1,mainland,0,0,0,0,0,0
2024-07-25T08:28:23.328939Z,2024,7,25,66.082500,22.376600,16.0,0,30.4,1,mainland,0,0,0,0,0,0
2024-07-25T08:28:23.362471Z,2024,7,25,66.068800,22.375800,6.0,0,4.2,1,mainland,0,0,0,0,0,0
2024-07-25T08:28:28.005565Z,2024,7,25,66.052100,22.382100,6.0,0,2.1,1,mainland,0,0,0,0,0,0
2024-07-25T08:28:38.829116Z,2024,7,25,66.066300,22.389400,7.0,0,11.3,1,mainland,0,0,0,0,0,0
2024-07-25T08:28:57.218597Z,2024,7,25,66.107100,22.231100,-10.0,0,5.5,1,inland_water,0,0,0,0,0,0
2024-07-25T08:28:57.253257Z,2024,7,25,66.105000,22.202000,-6.0,0,4.4,1,mainland,0,0,0,0,0,0
2024-07-25T08:29:15.209108Z,2024,7,25,66.076400,22.376200,-7.0,0,6.3,1,mainland,0,0,0,0,0,0
2024-07-25T08:29:20.597194Z,2024,7,25,66.137900,22.317500,11.0,0,8.7,1,mainland,0,0,0,0,0,1
2024-07-25T08:29:20.599277Z,2024,7,25,66.135900,22.318300,8.0,0,12.9,1,mainland,0,0,0,0,0,1
2024-07-25T08:29:28.662686Z,2024,7,25,66.071600,22.349300,5.0,0,3.3,1,mainland,0,0,0,0,0,0
2024-07-25T08:29:34.651324Z,2024,7,25,66.114600,22.130100,-4.0,0,5.6,1,mainland,0,0,0,0,0,0
2024-07-25T08:29:51.249221Z,2024,7,25,66.044600,22.439900,5.0,0,12.3,1,mainland,0,0,0,1,1,1
2024-07-25T08:29:51.542786Z,2024,7,25,66.076500,22.355100,8.0,0,6.9,1,mainland,0,0,0,0,0,0
2024-07-25T08:30:13.156067Z,2024,7,25,66.071800,22.349100,9.0,0,3.6,1,mainland,0,0,0,0,0,0
2024-07-25T08:30:34.624979Z,2024,7,25,66.057800,22.429900,-6.0,0,3.7,1,mainland,0,0,0,1,1,1
2024-07-25T08:30:51.708346Z,2024,7,25,66.154900,22.297100,5.0,0,19.9,1,inland_water,0,0,0,0,0,1
2024-07-25T08:30:57.265876Z,2024,7,25,66.125700,22.349100,-8.0,0,26.2,1,mainland,0,0,0,1,1,1
2024-07-25T08:31:18.910253Z,2024,7,25,66.120700,22.273400,5.0,0,12.5,1,mainland,0,0,0,0,0,0
2024-07-25T08:31:27.680121Z,2024,7,25,66.146300,22.302100,5.0,0,30.4,1,inland_water,0,0,0,0,0,1
2024-07-25T08:31:47.530041Z,2024,7,25,66.059900,22.415100,-6.0,0,3.5,1,mainland,0,0,0,0,0,1
2024-07-25T08:31:48.261928Z,2024,7,25,66.092200,22.250100,-11.0,0,5.7,1,inland_water,0,0,0,0,0,0
2024-07-25T08:31:56.936465Z,2024,7,25,66.132600,22.252200,7.0,0,3.1,1,mainland,0,0,0,0,0,0
2024-07-25T08:32:06.758480Z,2024,7,25,66.117300,22.350500,5.0,0,2.0,1,inland_water,0,0,0,0,1,1
2024-07-25T08:33:08.947694Z,2024,7,25,66.133900,22.276400,-9.0,0,4.4,1,other,0,0,0,0,0,0
2024-07-25T08:33:23.243601Z,2024,7,25,66.123100,22.254800,6.0,0,9.3,1,mainland,0,0,0,0,0,0
2024-07-25T08:33:23.391145Z,2024,7,25,66.122200,22.276900,7.0,0,12.6,1,inland_water,0,0,0,0,0,0
2024-07-25T08:33:38.067988Z,2024,7,25,66.148500,22.232400,7.0,0,11.3,1,mainland,0,0,0,0,0,0
2024-07-25T08:33:49.221160Z,2024,7,25,66.144400,22.242300,8.0,0,5.5,1,mainland,0,0,0,0,0,0
2024-07-25T08:33:49.223204Z,2024,7,25,66.144600,22.261800,6.0,0,1.9,1,inland_water,0,0,0,0,0,0
2024-07-25T08:33:49.231708Z,2024,7,25,66.143800,22.242900,5.0,0,9.3,1,mainland,0,0,0,0,0,0
2024-07-25T08:33:49.246165Z,2024,7,25,66.140200,22.263000,5.0,0,2.9,1,inland_water,0,0,0,0,0,0
2024-07-25T08:33:49.582131Z,2024,7,25,66.090800,22.193800,7.0,0,3.0,1,mainland,0,0,0,0,0,0
2024-07-25T08:33:59.548291Z,2024,7,25,66.092700,22.377200,6.0,0,14.3,1,mainland,0,0,0,0,0,1
2024-07-25T08:34:08.023729Z,2024,7,25,66.142600,22.246100,7.0,0,4.3,1,mainland,0,0,0,0,0,0
2024-07-25T08:34:08.034462Z,2024,7,25,66.149700,22.242400,6.0,0,7.0,1,mainland,0,0,0,0,0,0
2024-07-25T08:34:08.651291Z,2024,7,25,66.125300,22.264000,-16.0,0,20.9,1,mainland,0,0,0,0,0,0
2024-07-25T08:34:12.164225Z,2024,7,25,66.135400,22.297000,6.0,0,23.6,1,inland_water,0,0,0,0,0,0
2024-07-25T08:34:22.560385Z,2024,7,25,66.147800,22.232100,9.0,0,25.4,1,mainland,0,0,0,0,0,0
2024-07-25T08:34:22.561079Z,2024,7,25,66.144100,22.223300,9.0,0,29.1,1,mainland,0,0,0,0,0,0
2024-07-25T08:34:22.561101Z,2024,7,25,66.147700,22.268000,-23.0,0,13.6,1,inland_water,0,0,0,0,0,0
2024-07-25T08:34:51.472016Z,2024,7,25,66.171800,22.285800,10.0,0,19.0,1,mainland,0,0,0,0,1,1
2024-07-25T08:34:51.499288Z,2024,7,25,66.168400,22.235500,6.0,0,7.3,1,mainland,0,0,0,0,0,0
2024-07-25T08:34:56.644818Z,2024,7,25,66.097100,22.347800,6.0,0,11.7,1,mainland,0,0,0,0,0,0
2024-07-25T08:34:57.084614Z,2024,7,25,66.111000,22.198800,-35.0,0,11.1,1,mainland,0,0,0,0,0,0
2024-07-25T08:34:57.084900Z,2024,7,25,66.124400,22.234500,12.0,0,0.0,1,inland_water,0,0,0,0,0,0
2024-07-25T08:34:57.256630Z,2024,7,25,66.082100,22.270600,14.0,0,4.6,1,mainland,0,0,0,0,0,0
2024-07-25T08:35:01.838600Z,2024,7,25,66.179600,22.263700,5.0,0,5.4,1,mainland,0,0,0,0,0,1
2024-07-25T08:35:02.293744Z,2024,7,25,66.183400,22.265200,10.0,0,4.2,1,mainland,0,0,0,0,1,1
2024-07-25T08:35:20.893671Z,2024,7,25,66.138700,22.305900,-4.0,0,4.1,1,inland_water,0,0,0,0,0,0
2024-07-25T08:35:32.847569Z,2024,7,25,66.161100,22.269700,4.0,0,7.0,1,mainland,0,0,0,0,0,0
2024-07-25T08:35:43.126434Z,2024,7,25,66.157900,22.288500,6.0,0,6.1,1,mainland,0,0,0,0,0,1
2024-07-25T08:35:43.627127Z,2024,7,25,66.084800,22.273700,6.0,0,5.5,1,mainland,0,0,0,0,0,0
2024-07-25T08:35:43.637007Z,2024,7,25,66.158600,22.275300,7.0,0,8.3,1,mainland,0,0,0,0,0,0
2024-07-25T08:35:59.320925Z,2024,7,25,66.161100,22.286000,9.0,0,29.2,1,mainland,0,0,0,0,0,1
2024-07-25T08:36:09.216746Z,2024,7,25,66.163800,22.294800,6.0,0,1.7,1,mainland,0,0,0,0,1,1
2024-07-25T08:36:09.374513Z,2024,7,25,66.154500,22.303300,5.0,0,1.4,1,inland_water,0,0,0,0,1,1
2024-07-25T08:36:17.431169Z,2024,7,25,66.166800,22.281400,10.0,0,25.2,1,mainland,0,0,0,0,0,1
2024-07-25T08:36:17.436685Z,2024,7,25,66.169400,22.287800,7.0,0,3.2,1,mainland,0,0,0,0,1,1
2024-07-25T08:36:17.833136Z,2024,7,25,66.152500,22.267000,-25.0,0,9.7,1,inland_water,0,0,0,0,0,0
2024-07-25T08:36:17.833805Z,2024,7,25,66.107100,22.227200,-21.0,0,15.9,1,mainland,0,0,0,0,0,0
2024-07-25T08:36:25.821377Z,2024,7,25,66.162300,22.287600,4.0,0,16.0,1,mainland,0,0,0,0,0,1
2024-07-25T08:36:26.506100Z,2024,7,25,66.092800,22.159100,-8.0,0,8.0,1,mainland,0,0,0,0,0,0
2024-07-25T08:36:26.861093Z,2024,7,25,66.092000,22.160900,-9.0,0,5.7,1,mainland,0,0,0,0,0,0
2024-07-25T08:36:33.911363Z,2024,7,25,66.163200,22.289800,5.0,0,9.2,1,mainland,0,0,0,0,0,1
2024-07-25T08:36:50.564063Z,2024,7,25,66.165900,22.279700,6.0,0,8.5,1,mainland,0,0,0,0,0,1
2024-07-25T08:36:50.571305Z,2024,7,25,66.164300,22.281200,9.0,0,26.7,1,mainland,0,0,0,0,0,1
2024-07-25T08:36:57.990733Z,2024,7,25,66.162100,22.264900,7.0,0,13.9,1,mainland,0,0,0,0,0,0
2024-07-25T08:37:20.920259Z,2024,7,25,66.166000,22.270000,4.0,0,5.5,1,mainland,0,0,0,0,0,0
2024-07-25T08:37:20.925183Z,2024,7,25,66.167600,22.293500,11.0,0,27.8,1,mainland,0,0,0,1,1,1
2024-07-25T08:37:20.937287Z,2024,7,25,66.165500,22.270500,6.0,0,4.3,1,mainland,0,0,0,0,0,0
2024-07-25T08:37:29.823393Z,2024,7,25,66.167500,22.263900,5.0,0,3.0,1,mainland,0,0,0,0,0,0
2024-07-25T08:37:29.829742Z,2024,7,25,66.167200,22.269000,6.0,0,3.9,1,mainland,0,0,0,0,0,0
2024-07-25T08:37:29.836928Z,2024,7,25,66.162600,22.260800,6.0,0,6.7,1,mainland,0,0,0,0,0,0
2024-07-25T08:37:42.851683Z,2024,7,25,66.169900,22.263300,10.0,0,20.1,1,mainland,0,0,0,0,0,0
2024-07-25T08:37:42.852764Z,2024,7,25,66.168200,22.257500,5.0,0,2.0,1,mainland,0,0,0,0,0,0
2024-07-25T08:37:42.875381Z,2024,7,25,66.168800,22.256900,11.0,0,6.2,1,mainland,0,0,0,0,0,0
2024-07-25T08:38:02.717124Z,2024,7,25,66.167200,22.253800,10.0,0,8.6,1,mainland,0,0,0,0,0,0
2024-07-25T08:38:02.757961Z,2024,7,25,66.163000,22.263600,5.0,0,2.4,1,mainland,0,0,0,0,0,0
2024-07-25T08:38:03.209898Z,2024,7,25,66.145100,22.253500,-6.0,0,3.3,1,mainland,0,0,0,0,0,0
2024-07-25T08:38:25.097746Z,2024,7,25,66.168800,22.252700,6.0,0,3.7,1,mainland,0,0,0,0,0,0
2024-07-25T08:38:25.100138Z,2024,7,25,66.167100,22.249200,7.0,0,6.7,1,mainland,0,0,0,0,0,0
2024-07-25T08:38:37.654503Z,2024,7,25,66.165500,22.242900,6.0,0,3.5,1,mainland,0,0,0,0,0,0
2024-07-25T08:38:37.674385Z,2024,7,25,66.162200,22.254700,5.0,0,16.7,1,mainland,0,0,0,0,0,0
2024-07-25T08:38:50.340488Z,2024,7,25,66.167100,22.244000,19.0,0,22.1,1,mainland,0,0,0,0,0,0
2024-07-25T08:38:50.341430Z,2024,7,25,66.166900,22.235100,9.0,0,3.1,1,mainland,0,0,0,0,0,0
2024-07-25T08:38:50.349046Z,2024,7,25,66.168700,22.252400,8.0,0,8.7,1,mainland,0,0,0,0,0,0
2024-07-25T08:38:50.364055Z,2024,7,25,66.162400,22.256600,3.0,0,8.3,1,mainland,0,0,0,0,0,0
2024-07-25T08:38:50.643771Z,2024,7,25,66.171400,22.285100,-22.0,0,10.7,1,mainland,0,0,0,0,1,1
2024-07-25T08:38:50.752144Z,2024,7,25,66.172300,22.281800,-21.0,0,7.7,1,mainland,0,0,0,0,1,1
2024-07-25T08:38:50.944822Z,2024,7,25,66.116600,22.160100,-11.0,0,4.9,1,mainland,0,0,0,0,0,0
2024-07-25T08:39:00.538422Z,2024,7,25,66.158100,22.294600,6.0,0,3.2,1,mainland,0,0,0,0,0,1
2024-07-25T08:39:00.545821Z,2024,7,25,66.165400,22.259800,4.0,0,2.4,1,mainland,0,0,0,0,0,0
2024-07-25T08:39:15.312794Z,2024,7,25,66.162800,22.296200,7.0,0,11.1,1,mainland,0,0,0,0,1,1
2024-07-25T08:39:30.181499Z,2024,7,25,66.160100,22.256100,25.0,0,23.2,1,mainland,0,0,0,0,0,0
2024-07-25T08:39:30.183202Z,2024,7,25,66.163200,22.270100,6.0,0,2.9,1,mainland,0,0,0,0,0,0
2024-07-25T08:39:30.189384Z,2024,7,25,66.141400,22.289100,-11.0,0,26.1,1,inland_water,0,0,0,0,0,0
2024-07-25T08:39:30.200166Z,2024,7,25,66.121500,22.294500,8.0,0,30.4,1,inland_water,0,0,0,0,0,0
2024-07-25T08:39:30.207315Z,2024,7,25,66.161600,22.253800,7.0,0,25.0,1,mainland,0,0,0,0,0,0
2024-07-25T08:39:30.211171Z,2024,7,25,66.164300,22.297800,5.0,0,30.4,1,mainland,0,0,0,1,1,1
2024-07-25T08:39:42.938462Z,2024,7,25,66.167600,22.258500,40.0,0,24.4,1,mainland,0,0,0,0,0,0
2024-07-25T08:39:56.520675Z,2024,7,25,66.166800,22.280300,11.0,0,14.5,1,mainland,0,0,0,0,0,1
2024-07-25T08:40:08.047529Z,2024,7,25,66.171600,22.254700,7.0,0,8.9,1,mainland,0,0,0,0,0,0
2024-07-25T08:40:08.066388Z,2024,7,25,66.177500,22.270000,7.0,0,15.1,1,mainland,0,0,0,0,0,1
2024-07-25T08:40:08.090675Z,2024,7,25,66.168900,22.249800,5.0,0,9.1,1,mainland,0,0,0,0,0,0
2024-07-25T08:40:44.488742Z,2024,7,25,66.169500,22.243700,6.0,0,2.1,1,mainland,0,0,0,0,0,0
2024-07-25T08:40:44.497413Z,2024,7,25,66.194500,22.236100,-9.0,0,28.4,1,mainland,0,0,0,0,0,0
2024-07-25T08:40:56.057868Z,2024,7,25,66.141200,22.153600,16.0,0,21.1,1,mainland,0,0,0,0,0,0
2024-07-25T08:40:56.063041Z,2024,7,25,66.167700,22.241600,6.0,0,8.4,1,mainland,0,0,0,0,0,0
2024-07-25T08:41:09.226924Z,2024,7,25,66.169200,22.253400,9.0,0,20.5,1,mainland,0,0,0,0,0,0
2024-07-25T08:41:09.226960Z,2024,7,25,66.162200,22.297000,-18.0,0,8.5,1,mainland,0,0,0,0,1,1
2024-07-25T08:41:09.239075Z,2024,7,25,66.167300,22.254700,7.0,0,5.8,1,mainland,0,0,0,0,0,0
2024-07-25T08:41:21.338167Z,2024,7,25,66.169300,22.250600,6.0,0,1.8,1,mainland,0,0,0,0,0,0
2024-07-25T08:41:35.688995Z,2024,7,25,66.171600,22.253300,7.0,0,4.6,1,mainland,0,0,0,0,0,0
2024-07-25T08:41:35.706098Z,2024,7,25,66.170100,22.246000,5.0,0,4.1,1,mainland,0,0,0,0,0,0
2024-07-25T08:41:35.719981Z,2024,7,25,66.171300,22.262300,21.0,0,13.2,1,mainland,0,0,0,0,0,0
2024-07-25T08:41:36.221729Z,2024,7,25,66.167400,22.261100,8.0,0,1.9,1,mainland,0,0,0,0,0,0
2024-07-25T08:41:49.232146Z,2024,7,25,66.093200,22.161900,5.0,0,6.8,1,mainland,0,0,0,0,0,0
2024-07-25T08:42:15.888078Z,2024,7,25,66.234500,22.197500,6.0,0,5.8,1,mainland,0,0,0,0,0,1
2024-07-25T08:42:15.889754Z,2024,7,25,66.237500,22.199900,-12.0,0,19.2,1,mainland,0,0,0,0,1,1
2024-07-25T08:42:15.981984Z,2024,7,25,66.173100,22.271300,7.0,0,21.9,1,mainland,0,0,0,0,0,1
2024-07-25T08:42:39.210734Z,2024,7,25,66.189100,22.266900,4.0,0,5.1,1,mainland,0,0,0,1,1,1
2024-07-25T08:42:59.578088Z,2024,7,25,66.192200,22.251500,13.0,0,20.9,1,mainland,0,0,0,0,0,1
2024-07-25T08:43:25.889033Z,2024,7,25,66.197400,22.257800,28.0,0,30.4,1,mainland,0,0,0,1,1,1
2024-07-25T08:43:25.916452Z,2024,7,25,66.188300,22.262200,7.0,0,30.4,1,mainland,0,0,0,0,1,1
2024-07-25T08:46:49.332390Z,2024,7,25,66.186700,22.232100,-7.0,0,0.0,1,mainland,0,0,0,0,0,0
2024-07-25T08:46:49.332547Z,2024,7,25,66.185900,22.217700,-8.0,0,4.1,1,mainland,0,0,0,0,0,0
2024-07-25T08:46:49.336238Z,2024,7,25,66.181000,22.226100,-29.0,0,11.4,1,mainland,0,0,0,0,0,0
2024-07-25T08:46:49.342594Z,2024,7,25,66.180800,22.238900,-9.0,0,6.6,1,mainland,0,0,0,0,0,0
2024-07-25T08:47:06.629566Z,2024,7,25,65.983900,22.436700,-15.0,0,7.4,1,mainland,0,0,0,0,0,0
2024-07-25T08:47:39.026933Z,2024,7,25,66.113400,22.335200,-6.0,0,25.7,1,inland_water,0,0,0,0,0,0
2024-07-25T08:47:57.253773Z,2024,7,25,66.214900,22.066100,5.0,0,21.3,1,mainland,0,0,0,0,0,0
2024-07-25T08:48:42.747411Z,2024,7,25,66.191500,22.250900,-11.0,0,5.5,1,mainland,0,0,0,0,0,1
2024-07-25T08:48:43.258601Z,2024,7,25,66.191100,22.252200,-19.0,0,8.9,1,mainland,0,0,0,0,0,1
2024-07-25T08:50:18.463981Z,2024,7,25,66.196700,22.245300,-8.0,0,6.7,1,mainland,0,0,0,0,0,1
2024-07-25T08:53:56.277035Z,2024,7,25,66.206100,22.099700,-38.0,0,9.9,1,mainland,0,0,0,0,0,0
2024-07-25T08:53:56.322563Z,2024,7,25,66.205800,22.099400,-26.0,0,10.6,1,mainland,0,0,0,0,0,0
2024-07-25T08:53:56.350222Z,2024,7,25,66.205500,22.100700,-12.0,0,6.0,1,mainland,0,0,0,0,0,0
2024-07-25T08:57:10.239490Z,2024,7,25,66.208800,22.235300,-20.0,0,8.9,1,mainland,0,0,0,0,1,1
2024-07-25T10:36:56.485980Z,2024,7,25,65.644400,21.637500,7.0,0,1.3,1,mainland,0,0,0,0,0,0
2024-07-28T09:27:14.856196Z,2024,7,28,65.722000,22.106700,-10.0,0,10.3,1,mainland,0,0,0,0,0,0
2024-07-28T10:31:05.963177Z,2024,7,28,65.926600,22.205800,-5.0,0,4.2,1,mainland,0,0,0,0,0,0
2024-07-28T10:31:06.003676Z,2024,7,28,65.933800,22.249100,-6.0,0,2.4,1,inland_water,0,0,0,0,0,0
2024-07-28T10:38:43.191009Z,2024,7,28,65.674200,21.598900,6.0,0,6.8,1,mainland,0,0,0,0,0,1
2024-07-28T11:33:48.481032Z,2024,7,28,65.588900,21.662300,-6.0,0,5.8,1,mainland,0,0,0,0,0,0
2024-07-28T11:40:44.388063Z,2024,7,28,65.620200,21.465100,7.0,0,25.0,1,mainland,0,0,0,0,0,0
2024-07-28T11:40:44.505514Z,2024,7,28,65.663000,21.389100,-8.0,0,9.2,1,mainland,0,0,0,0,0,0
2024-07-28T12:14:01.245803Z,2024,7,28,65.654400,21.392100,-7.0,0,6.0,1,mainland,0,0,0,0,0,0
2024-07-28T12:17:49.664553Z,2024,7,28,65.852500,22.113000,11.0,0,9.3,1,mainland,0,0,0,1,1,1
2024-07-28T12:18:38.658801Z,2024,7,28,66.092800,22.371000,-10.0,0,4.1,1,mainland,0,0,0,0,0,1
2024-07-28T12:23:03.496616Z,2024,7,28,65.683400,21.548400,7.0,0,12.2,1,mainland,0,0,0,0,0,0
2024-07-28T14:34:30.722610Z,2024,7,28,66.229500,22.078500,8.0,0,3.9,1,mainland,0,0,0,0,0,0
2024-07-28T14:43:43.770805Z,2024,7,28,66.217800,22.054600,8.0,0,12.5,1,mainland,0,0,0,0,0,0
2024-07-28T14:44:58.653621Z,2024,7,28,66.020400,22.164100,-29.0,0,6.2,1,inland_water,0,0,0,0,0,0
2024-07-28T14:44:58.654612Z,2024,7,28,66.019100,22.162900,-12.0,0,8.7,1,mainland,0,0,0,0,0,0
2024-07-28T14:44:58.676088Z,2024,7,28,66.001600,22.198000,-6.0,0,4.3,1,mainland,0,0,0,0,0,0
2024-07-28T14:45:12.615834Z,2024,7,28,65.882700,22.107900,-8.0,0,4.3,1,mainland,0,0,0,0,0,0
2024-07-28T14:45:12.617860Z,2024,7,28,65.896400,22.087700,-10.0,0,10.4,1,mainland,0,0,0,0,0,0
2024-07-28T14:45:12.640194Z,2024,7,28,65.896300,22.099100,-9.0,0,3.2,1,mainland,0,0,0,0,0,0
2024-07-28T14:50:35.071082Z,2024,7,28,66.042400,22.103000,-6.0,0,2.1,1,mainland,0,0,0,0,0,0
2024-07-28T14:50:55.471866Z,2024,7,28,66.183700,22.084300,7.0,0,12.0,1,mainland,0,0,0,0,0,0
2024-07-28T14:50:55.513736Z,2024,7,28,66.168700,22.082200,-11.0,0,3.1,1,mainland,0,0,0,0,0,0
2024-07-28T14:54:59.260001Z,2024,7,28,66.062700,22.091600,7.0,0,14.4,1,mainland,0,0,0,0,0,0
2024-07-28T14:54:59.270157Z,2024,7,28,66.026000,22.213000,-10.0,0,20.7,1,mainland,0,0,0,0,0,0
2024-07-28T14:54:59.270159Z,2024,7,28,66.060100,22.073900,5.0,0,1.6,1,mainland,0,0,0,0,0,0
2024-07-28T14:56:14.783618Z,2024,7,28,66.213200,22.149100,7.0,0,10.4,1,mainland,0,0,0,0,0,0
2024-07-28T14:56:14.784668Z,2024,7,28,66.212500,22.082000,7.0,0,5.7,1,mainland,0,0,0,0,0,0
2024-07-28T14:57:05.757818Z,2024,7,28,66.058200,22.099700,14.0,0,7.9,1,mainland,0,0,0,0,0,0
2024-07-28T14:57:05.758373Z,2024,7,28,66.059600,22.105400,13.0,0,14.3,1,mainland,0,0,0,0,0,0
2024-07-28T14:57:05.768695Z,2024,7,28,66.059900,22.104900,12.0,0,6.7,1,mainland,0,0,0,0,0,0
2024-07-28T14:57:05.773139Z,2024,7,28,66.059700,22.081700,5.0,0,3.5,1,mainland,0,0,0,0,0,0
2024-07-28T14:59:51.588673Z,2024,7,28,66.216100,22.060200,6.0,0,9.1,1,mainland,0,0,0,0,0,0
2024-07-28T15:01:10.126734Z,2024,7,28,66.070900,22.107300,-57.0,0,11.8,1,mainland,0,0,0,0,0,0
2024-07-28T15:01:10.135767Z,2024,7,28,66.073000,22.121100,-14.0,0,16.7,1,mainland,0,0,0,0,0,0
2024-07-28T15:01:10.141409Z,2024,7,28,66.057900,22.049900,-11.0,0,20.0,1,mainland,0,0,0,0,0,0
2024-07-28T15:07:12.591650Z,2024,7,28,66.203100,22.036400,12.0,0,8.9,1,mainland,0,0,0,1,1,1
2024-07-30T00:46:00.688107Z,2024,7,30,66.202900,22.168200,9.0,0,2.6,1,mainland,0,0,0,0,0,0
2024-07-30T00:46:00.939365Z,2024,7,30,65.670600,22.059700,-5.0,0,9.9,1,mainland,0,0,0,0,0,0
2024-07-30T01:00:26.224352Z,2024,7,30,66.205500,22.059400,6.0,0,6.4,1,mainland,0,0,0,0,0,0
2024-07-30T01:00:26.259734Z,2024,7,30,66.201900,22.115000,56.0,0,10.8,1,mainland,0,0,0,0,0,0
2024-08-03T19:27:36.982579Z,2024,8,3,65.568900,22.759300,8.0,0,6.2,1,sea,1,1,1,0,0,0
2024-08-03T19:27:37.008656Z,2024,8,3,65.565500,22.779300,5.0,0,4.3,1,islands,0,1,1,0,0,0
2024-08-03T19:37:00.060422Z,2024,8,3,65.591000,22.634700,67.0,0,12.0,1,islands,0,1,1,0,0,0
2024-08-03T20:40:35.396628Z,2024,8,3,65.724000,21.831700,9.0,0,6.5,1,mainland,0,0,0,0,1,1
2024-08-04T16:45:47.679013Z,2024,8,4,65.976200,22.282600,5.0,0,5.1,1,mainland,0,0,0,0,0,0
2024-08-04T16:55:34.644164Z,2024,8,4,65.998000,22.198200,9.0,0,5.0,1,mainland,0,0,0,0,0,0
2024-08-04T16:55:34.656007Z,2024,8,4,66.011900,22.180100,10.0,0,30.4,1,mainland,0,0,0,0,0,0
2024-08-09T23:47:22.187982Z,2024,8,9,65.186500,22.984800,10.0,0,8.8,1,sea,0,0,0,0,0,0
2024-08-09T23:47:22.189209Z,2024,8,9,65.207600,22.963300,8.0,0,7.7,1,sea,0,0,0,0,0,0
2024-08-09T23:47:22.256588Z,2024,8,9,65.158400,22.931700,3.0,0,2.2,1,sea,0,0,0,0,0,0
2024-08-09T23:55:12.606775Z,2024,8,9,65.235100,23.010400,-8.0,0,7.7,1,sea,0,0,0,0,0,0
2024-08-09T23:55:12.615683Z,2024,8,9,65.245400,23.016100,-8.0,0,3.9,1,sea,0,0,0,0,0,0
2024-08-09T23:56:01.128659Z,2024,8,9,65.231800,23.034600,6.0,0,8.4,1,sea,0,0,0,0,0,0
2024-08-09T23:56:01.351207Z,2024,8,9,65.276900,23.031500,4.0,0,25.4,1,sea,0,0,0,0,0,0
2024-08-09T23:56:28.335768Z,2024,8,9,65.238900,22.997500,7.0,0,2.4,1,sea,0,0,0,0,0,0
2024-08-10T04:57:39.606171Z,2024,8,10,66.118100,22.343200,6.0,0,2.4,1,mainland,0,0,0,0,0,1
2024-08-11T08:11:28.583008Z,2024,8,11,65.194800,22.389100,8.0,0,8.5,1,sea,0,0,0,0,0,0
2024-08-11T08:11:28.584479Z,2024,8,11,65.202700,22.374600,3.0,0,3.8,1,sea,0,0,0,0,0,0
2024-08-11T08:25:24.900800Z,2024,8,11,65.241500,22.240200,4.0,0,9.2,1,sea,0,0,0,0,0,0
2024-08-11T08:52:59.582735Z,2024,8,11,65.237600,22.176900,5.0,0,1.9,1,sea,0,0,0,0,0,1
2024-08-11T16:55:03.164561Z,2024,8,11,66.076400,22.145200,9.0,0,0.0,1,mainland,0,0,0,0,0,0
2024-08-19T04:30:44.306509Z,2024,8,19,65.364100,22.872100,4.0,0,3.0,1,sea,0,0,0,0,0,0
2024-08-19T04:31:41.136664Z,2024,8,19,65.366900,22.887600,4.0,0,3.1,1,sea,0,0,0,0,0,0
2024-08-19T04:35:55.874088Z,2024,8,19,65.394800,22.916700,-8.0,0,0.0,1,sea,0,0,0,0,0,0
2024-08-19T04:35:55.874157Z,2024,8,19,65.394900,22.909400,-10.0,0,0.0,1,sea,0,0,0,0,0,0
2024-08-19T04:35:55.874228Z,2024,8,19,65.394600,22.911200,-12.0,0,0.0,1,sea,0,0,0,0,0,0
2024-08-19T04:35:55.874348Z,2024,8,19,65.393800,22.907700,-11.0,0,0.0,1,sea,0,0,0,0,0,0
2024-08-19T04:35:55.874924Z,2024,8,19,65.389500,22.921000,-165.0,0,12.7,1,sea,0,0,0,0,0,0
2024-08-19T04:35:55.892219Z,2024,8,19,65.389300,22.938700,-7.0,0,2.1,1,sea,0,0,0,0,0,0
2024-08-19T04:35:55.913023Z,2024,8,19,65.387400,22.914200,-19.0,0,8.3,1,sea,0,0,0,0,0,0
2024-08-19T04:35:55.932709Z,2024,8,19,65.413900,22.902000,-7.0,0,3.1,1,sea,0,0,0,0,0,0
2024-08-19T04:36:32.890882Z,2024,8,19,65.413500,22.966400,3.0,0,2.0,1,sea,0,0,0,0,0,0
2024-08-19T04:36:32.891508Z,2024,8,19,65.413400,22.963800,8.0,0,8.9,1,sea,0,0,0,0,0,0
2024-08-19T04:36:32.892763Z,2024,8,19,65.415300,22.975600,5.0,0,25.7,1,sea,0,0,0,0,0,0
2024-08-19T04:36:32.893785Z,2024,8,19,65.415000,22.974100,4.0,0,1.7,1,sea,0,0,0,0,0,0
2024-08-19T04:37:04.567380Z,2024,8,19,65.422600,22.971600,6.0,0,12.4,1,sea,0,0,0,0,0,0
2024-08-19T04:37:33.166567Z,2024,8,19,65.418100,22.963800,4.0,0,18.1,1,sea,0,0,0,0,0,0
2024-08-19T04:37:33.167237Z,2024,8,19,65.446400,22.969000,15.0,0,20.0,1,sea,0,0,0,0,0,0
2024-08-19T04:37:33.168037Z,2024,8,19,65.423300,22.962000,6.0,0,7.6,1,sea,0,0,0,0,0,0
2024-08-19T04:37:33.168840Z,2024,8,19,65.420200,22.960100,5.0,0,3.1,1,sea,0,0,0,0,0,0
2024-08-19T04:38:11.351158Z,2024,8,19,65.476100,22.996000,4.0,0,17.0,1,sea,0,0,0,1,1,1
2024-08-19T04:39:12.298728Z,2024,8,19,65.439800,22.945200,9.0,0,30.4,1,sea,0,0,0,0,0,0
2024-08-19T04:39:12.299190Z,2024,8,19,65.441800,22.968700,9.0,0,9.7,1,sea,0,0,0,0,0,0
2024-08-19T04:39:12.300087Z,2024,8,19,65.408500,23.028900,5.0,0,11.1,1,sea,0,0,0,0,0,1
2024-08-19T04:39:12.300941Z,2024,8,19,65.451800,22.958100,5.0,0,10.1,1,sea,0,0,0,0,0,0
2024-08-19T04:39:12.302332Z,2024,8,19,65.440300,22.973200,4.0,0,3.9,1,sea,0,0,0,0,0,0
2024-08-19T04:39:45.686318Z,2024,8,19,65.470600,23.000200,5.0,0,30.4,1,sea,0,0,0,1,1,1
2024-08-19T04:39:45.687740Z,2024,8,19,65.419600,22.899300,5.0,0,2.9,1,sea,0,0,0,0,0,0
2024-08-19T04:40:44.513606Z,2024,8,19,65.435300,22.999700,-58.0,0,13.0,1,sea,0,0,0,0,0,0
2024-08-19T04:40:44.554945Z,2024,8,19,65.439000,22.979500,-10.0,0,0.0,1,sea,0,0,0,0,0,0
2024-08-19T04:40:44.555186Z,2024,8,19,65.435800,22.997300,-33.0,0,8.7,1,sea,0,0,0,0,0,0
2024-08-19T04:40:44.567046Z,2024,8,19,65.435200,22.999400,-12.0,0,3.1,1,sea,0,0,0,0,0,0
2024-08-19T04:40:44.582679Z,2024,8,19,65.435500,22.996700,-15.0,0,3.3,1,sea,0,0,0,0,0,0
2024-08-19T04:40:44.607694Z,2024,8,19,65.444700,23.005600,-12.0,0,5.8,1,sea,0,0,0,0,0,1
2024-08-19T04:40:44.644066Z,2024,8,19,65.444300,23.000000,-17.0,0,4.5,1,sea,0,0,0,0,0,0
2024-08-19T04:40:44.727121Z,2024,8,19,65.431500,22.995500,-4.0,0,30.4,1,sea,0,0,0,0,0,0
2024-08-19T04:40:44.729020Z,2024,8,19,65.432100,23.008000,-10.0,0,3.2,1,sea,0,0,0,0,0,0
2024-08-19T04:40:44.730138Z,2024,8,19,65.406800,22.810700,-9.0,0,24.2,1,sea,0,0,0,0,0,0
2024-08-19T04:42:56.234847Z,2024,8,19,65.445800,23.016100,-124.0,0,28.6,1,sea,0,0,0,0,1,1
2024-08-19T04:42:56.254555Z,2024,8,19,65.450000,23.012100,-27.0,0,6.6,1,sea,0,0,0,0,1,1
2024-08-19T04:42:56.362100Z,2024,8,19,65.450000,23.009200,-24.0,0,11.3,1,sea,0,0,0,0,1,1
2024-08-19T04:42:56.389750Z,2024,8,19,65.449700,23.009800,-17.0,0,4.4,1,sea,0,0,0,0,1,1
2024-08-19T08:59:55.638734Z,2024,8,19,65.557400,22.615900,8.0,0,6.0,1,sea,1,1,1,0,0,0
2024-08-19T08:59:55.639170Z,2024,8,19,65.554600,22.622000,-12.0,0,7.5,1,sea,0,1,1,0,0,0
2024-08-19T08:59:55.639819Z,2024,8,19,65.557900,22.606100,8.0,0,4.1,1,islands,1,1,1,0,0,0
2024-08-30T07:32:58.193862Z,2024,8,30,65.290900,23.047100,-6.0,0,9.2,1,sea,0,0,0,0,0,0
2024-08-30T07:43:54.907007Z,2024,8,30,65.324800,23.020800,3.0,0,9.5,1,sea,0,0,0,0,0,0
