datetime_utc,year,month,day,lat,lon,current_ka,multiplicity,chi_square,cloud_indicator,surface_class,coast_uncertain_250,coast_uncertain_500,coast_uncertain_1000,municipality_boundary_uncertain_250,municipality_boundary_uncertain_500,municipality_boundary_uncertain_1000
2025-05-27T11:52:42.660097Z,2025,5,27,65.630100,21.470900,7.0,0,17.9,1,mainland,0,0,0,0,0,0
2025-05-27T11:53:25.914897Z,2025,5,27,65.645300,21.413500,4.0,0,1.5,1,mainland,0,0,0,0,0,0
2025-05-27T11:54:44.241960Z,2025,5,27,65.633600,21.433300,5.0,0,6.8,1,mainland,0,0,0,0,0,0
2025-05-27T11:54:44.243768Z,2025,5,27,65.558300,21.647900,6.0,0,1.4,1,mainland,0,0,0,0,0,0
2025-05-27T11:55:54.082403Z,2025,5,27,65.658700,21.444000,5.0,0,3.0,1,mainland,0,0,0,0,0,0
2025-05-27T11:57:52.670370Z,2025,5,27,65.662200,21.487300,18.0,0,20.2,1,mainland,0,0,0,0,1,1
2025-05-27T11:57:52.671467Z,2025,5,27,65.629000,21.506400,10.0,0,12.4,1,mainland,0,0,0,0,0,0
2025-05-27T11:57:52.672059Z,2025,5,27,65.640300,21.502000,5.0,0,21.3,1,mainland,0,0,0,0,0,0
2025-05-27T11:57:52.672094Z,2025,5,27,65.650900,21.573400,-16.0,0,15.7,1,mainland,0,0,0,0,0,0
2025-05-27T12:00:02.298299Z,2025,5,27,65.665200,21.498300,6.0,0,10.1,1,mainland,0,0,0,0,0,1
2025-05-27T12:00:02.302694Z,2025,5,27,65.665400,21.496400,8.0,0,18.6,1,mainland,0,0,0,0,1,1
2025-05-27T12:00:02.464469Z,2025,5,27,65.600400,21.624200,-8.0,0,11.5,1,mainland,0,0,0,0,0,0
2025-05-27T12:00:02.584825Z,2025,5,27,65.599500,21.610200,-9.0,0,7.1,1,mainland,0,0,0,0,0,0
2025-05-27T12:02:02.147740Z,2025,5,27,65.684800,21.529800,10.0,0,23.5,1,mainland,0,0,0,0,0,1
2025-05-27T12:11:29.602369Z,2025,5,27,65.291900,22.371100,4.0,0,4.4,1,sea,0,0,0,0,0,0
2025-05-27T12:14:59.676819Z,2025,5,27,65.626500,21.628000,13.0,0,0.0,1,mainland,0,0,0,0,0,0
2025-05-27T12:14:59.677145Z,2025,5,27,65.626200,21.644100,5.0,0,0.0,1,mainland,0,0,0,0,0,0
2025-05-27T12:14:59.677370Z,2025,5,27,65.614900,21.658600,6.0,0,0.0,1,mainland,0,0,0,0,0,0
2025-05-27T12:14:59.677455Z,2025,5,27,65.630900,21.649800,16.0,0,10.3,1,mainland,0,0,0,0,0,0
2025-05-27T12:14:59.677660Z,2025,5,27,65.625800,21.634300,9.0,0,0.0,1,mainland,0,0,0,0,0,0
2025-05-27T12:14:59.843903Z,2025,5,27,65.685100,21.741000,-7.0,0,6.6,1,mainland,0,0,0,1,1,1
2025-05-27T12:18:01.110360Z,2025,5,27,65.670800,21.697800,9.0,0,5.4,1,mainland,0,0,0,0,0,1
2025-05-27T12:18:01.110645Z,2025,5,27,65.668300,21.716500,6.0,0,0.0,1,mainland,0,0,0,0,0,0
2025-05-27T14:05:29.724641Z,2025,5,27,65.831200,22.063200,10.0,0,9.9,1,mainland,0,0,0,0,0,0
2025-05-27T14:08:19.875586Z,2025,5,27,65.583900,22.356000,6.0,0,12.4,1,mainland,1,1,1,0,0,0
2025-05-27T14:19:52.320486Z,2025,5,27,65.757800,22.068000,9.0,0,8.2,1,mainland,0,0,0,0,0,0
2025-05-27T14:25:51.040566Z,2025,5,27,65.974700,22.107500,-8.0,0,3.9,1,mainland,0,0,0,0,0,0
2025-05-27T14:27:40.381637Z,2025,5,27,66.020700,22.001800,6.0,0,12.5,1,mainland,0,0,0,0,0,0
2025-05-27T14:30:58.043724Z,2025,5,27,66.039400,21.956500,12.0,0,7.4,1,mainland,0,0,0,0,1,1
2025-05-27T14:30:58.048538Z,2025,5,27,66.035500,21.969100,6.0,0,6.4,1,mainland,0,0,0,0,0,0
2025-05-27T14:37:23.836356Z,2025,5,27,65.706000,22.416100,6.0,0,8.6,1,islands,0,1,1,0,0,0
2025-05-27T14:42:02.616804Z,2025,5,27,66.004000,21.987600,-62.0,0,24.6,1,mainland,0,0,0,0,0,0
2025-05-27T14:42:02.631827Z,2025,5,27,65.998600,21.978600,-5.0,0,8.2,1,mainland,0,0,0,0,0,0
2025-05-27T14:42:02.638358Z,2025,5,27,66.004300,21.987200,-19.0,0,10.1,1,mainland,0,0,0,0,0,0
2025-05-27T14:42:02.655707Z,2025,5,27,66.004600,21.991500,-13.0,0,18.7,1,mainland,0,0,0,0,0,0
2025-05-27T14:42:02.668648Z,2025,5,27,66.006500,22.003700,-5.0,0,3.2,1,mainland,0,0,0,0,0,0
2025-05-27T14:42:02.705463Z,2025,5,27,66.017300,22.023200,-10.0,0,13.2,1,mainland,0,0,0,0,0,0
2025-05-27T14:42:02.735571Z,2025,5,27,66.007600,22.005000,-7.0,0,4.5,1,mainland,0,0,0,0,0,0
2025-05-27T14:42:02.799400Z,2025,5,27,66.007100,21.993900,-16.0,0,5.1,1,mainland,0,0,0,0,0,0
2025-05-27T14:44:59.242273Z,2025,5,27,65.997500,21.998900,-6.0,0,13.8,1,mainland,0,0,0,0,0,0
2025-05-27T14:54:59.319951Z,2025,5,27,65.919800,22.094500,18.0,0,8.1,1,inland_water,0,0,0,0,0,0
2025-05-27T14:56:41.068465Z,2025,5,27,65.928200,22.120100,7.0,0,11.4,1,mainland,0,0,0,0,0,0
2025-05-27T14:59:52.641560Z,2025,5,27,65.941200,22.185600,7.0,0,6.2,1,mainland,0,0,0,0,0,0
2025-05-27T14:59:52.651174Z,2025,5,27,65.945000,22.182700,7.0,0,3.8,1,mainland,0,0,0,0,0,0
2025-05-27T14:59:52.820813Z,2025,5,27,66.038000,22.226000,36.0,0,10.1,1,mainland,0,0,0,0,0,0
2025-05-27T14:59:52.822239Z,2025,5,27,66.019200,22.197900,10.0,0,4.6,1,mainland,0,0,0,0,0,0
2025-05-27T15:03:47.092326Z,2025,5,27,65.983500,22.203500,5.0,0,0.0,1,mainland,0,0,0,0,0,0
2025-05-27T15:15:55.035429Z,2025,5,27,65.971400,22.361100,8.0,0,14.8,1,mainland,0,0,0,0,0,0
2025-05-27T15:18:29.155868Z,2025,5,27,66.007400,22.406200,5.0,0,4.3,1,mainland,0,0,0,0,0,0
2025-06-11T11:37:02.834977Z,2025,6,11,65.529600,22.273100,-11.0,0,4.1,1,islands,1,1,1,0,0,0
2025-06-11T13:32:21.258505Z,2025,6,11,65.520800,21.884900,-12.0,0,6.1,1,sea,1,1,1,0,0,0
2025-06-11T13:32:21.259469Z,2025,6,11,65.509900,21.803400,-6.0,0,4.9,1,mainland,0,0,0,0,0,0
2025-07-03T15:04:37.108923Z,2025,7,3,65.512700,21.815400,12.0,0,4.5,1,mainland,0,0,0,0,0,0
2025-07-03T15:04:37.115591Z,2025,7,3,65.514600,21.844600,7.0,0,5.8,1,mainland,0,1,1,0,0,0
2025-07-03T15:04:37.172494Z,2025,7,3,65.447500,21.896100,19.0,0,5.3,1,mainland,0,0,0,0,0,0
2025-07-03T15:10:55.623363Z,2025,7,3,65.524500,21.835000,7.0,0,0.0,1,mainland,0,0,1,0,0,0
2025-07-03T15:10:55.623473Z,2025,7,3,65.528600,21.835500,8.0,0,0.0,1,mainland,0,0,1,0,0,0
2025-07-03T15:10:55.623558Z,2025,7,3,65.530000,21.849700,14.0,0,0.0,1,mainland,0,0,1,0,0,0
2025-07-03T15:10:55.623718Z,2025,7,3,65.520200,21.835900,20.0,0,14.7,1,mainland,1,1,1,0,0,0
2025-07-03T15:10:55.623767Z,2025,7,3,65.521800,21.836000,6.0,0,0.0,1,mainland,0,1,1,0,0,0
2025-07-03T15:10:55.626390Z,2025,7,3,65.517800,21.834800,6.0,0,14.1,1,mainland,0,1,1,0,0,0
2025-07-03T15:10:55.636765Z,2025,7,3,65.530100,21.819600,8.0,0,6.6,1,mainland,0,0,0,0,0,0
2025-07-03T15:10:55.667547Z,2025,7,3,65.485200,21.867400,39.0,0,11.5,1,mainland,0,0,0,0,0,0
2025-07-03T15:19:41.768522Z,2025,7,3,65.560900,21.767000,14.0,0,11.1,1,mainland,0,0,0,0,0,0
2025-07-03T15:19:41.769479Z,2025,7,3,65.562900,21.816200,152.0,0,26.4,1,mainland,0,0,0,0,0,0
2025-07-03T15:19:41.827937Z,2025,7,3,65.593500,21.820800,5.0,0,3.3,1,mainland,0,0,0,0,0,0
2025-07-03T15:22:14.382411Z,2025,7,3,65.326700,22.440400,6.0,0,3.7,1,sea,0,0,0,0,0,0
2025-07-03T15:22:14.385756Z,2025,7,3,65.567900,21.812100,4.0,0,2.6,1,mainland,0,0,0,0,0,0
2025-07-03T15:25:43.612251Z,2025,7,3,65.533100,21.743700,14.0,0,0.0,1,mainland,0,0,0,0,0,0
2025-07-03T15:25:43.612746Z,2025,7,3,65.531800,21.745300,10.0,0,0.0,1,mainland,0,0,0,0,0,0
2025-07-03T15:25:43.614552Z,2025,7,3,65.535500,21.766400,27.0,0,7.7,1,mainland,0,0,0,0,0,0
2025-07-03T15:33:15.995517Z,2025,7,3,65.508700,21.716000,12.0,0,4.7,1,mainland,0,0,0,0,0,0
2025-07-03T15:33:15.998815Z,2025,7,3,65.512300,21.713600,27.0,0,10.2,1,mainland,0,0,0,0,0,0
2025-07-03T15:33:16.000837Z,2025,7,3,65.578700,21.859900,201.0,0,18.2,1,mainland,0,0,0,0,0,0
2025-07-03T15:51:11.219897Z,2025,7,3,65.651600,21.725500,-5.0,0,5.1,1,mainland,0,0,0,0,0,0
2025-07-03T17:34:44.944525Z,2025,7,3,65.669400,21.364500,5.0,0,3.4,1,mainland,0,0,0,0,0,1
2025-07-04T17:54:19.740100Z,2025,7,4,65.634100,22.217800,7.0,0,5.5,1,mainland,0,0,0,0,0,0
2025-07-04T17:55:59.170125Z,2025,7,4,65.645100,22.211200,4.0,0,11.0,1,mainland,0,0,0,0,0,0
2025-07-25T04:09:09.008327Z,2025,7,25,65.390100,22.090300,6.0,0,3.0,1,islands,1,1,1,0,0,0
2025-07-25T04:09:09.031738Z,2025,7,25,65.394700,22.104700,5.0,0,4.3,1,sea,0,0,1,0,0,0
2025-07-25T11:39:52.537685Z,2025,7,25,65.627100,21.437300,-18.0,0,13.1,1,mainland,0,0,0,0,0,0
2025-07-25T11:40:47.132201Z,2025,7,25,65.624400,21.440200,-11.0,0,7.4,1,mainland,0,0,0,0,0,0
2025-07-25T11:53:41.463011Z,2025,7,25,65.538600,22.631000,-13.0,0,30.4,1,sea,0,1,1,0,0,0
2025-07-25T11:55:23.297672Z,2025,7,25,65.551800,21.732800,8.0,0,9.5,1,mainland,0,0,0,0,0,0
2025-07-25T11:57:03.621063Z,2025,7,25,65.562500,21.673100,-5.0,0,1.2,1,mainland,0,0,0,0,0,0
2025-07-25T11:57:03.630952Z,2025,7,25,65.565800,21.656400,-40.0,0,16.8,1,mainland,0,0,0,0,0,0
2025-07-25T11:57:03.670295Z,2025,7,25,65.561400,21.660100,-6.0,0,4.5,1,mainland,0,0,0,0,0,0
2025-07-25T11:57:03.798988Z,2025,7,25,65.562300,21.663400,-19.0,0,6.6,1,mainland,0,0,0,0,0,0
2025-07-25T11:57:33.271908Z,2025,7,25,65.599400,21.539100,6.0,0,5.5,1,mainland,0,0,0,0,0,0
2025-07-25T12:06:50.085846Z,2025,7,25,65.626700,21.637300,-10.0,0,22.9,1,mainland,0,0,0,0,0,0
2025-07-25T12:10:23.370693Z,2025,7,25,65.624700,21.709900,-7.0,0,5.5,1,mainland,0,0,0,0,0,0
2025-07-25T12:11:39.637119Z,2025,7,25,65.631900,21.651800,-11.0,0,6.7,1,mainland,0,0,0,0,0,0
2025-07-25T12:11:39.686362Z,2025,7,25,65.639400,21.655900,-9.0,0,5.1,1,mainland,0,0,0,0,0,0
2025-07-25T12:12:32.472689Z,2025,7,25,65.663600,21.386600,-10.0,0,6.7,1,mainland,0,0,0,0,0,0
2025-07-25T12:12:32.574542Z,2025,7,25,65.662600,21.393800,-5.0,0,5.0,1,mainland,0,0,0,0,0,0
2025-07-25T12:12:32.679292Z,2025,7,25,65.664400,21.389700,-8.0,0,7.5,1,mainland,0,0,0,0,0,0
2025-07-25T12:13:57.709143Z,2025,7,25,65.631500,21.627500,-9.0,0,2.9,1,mainland,0,0,0,0,0,0
2025-07-25T12:13:57.742192Z,2025,7,25,65.599300,21.632400,-7.0,0,5.0,1,mainland,0,0,0,0,0,0
2025-07-25T12:13:57.815648Z,2025,7,25,65.605500,21.621100,-8.0,0,6.2,1,mainland,0,0,0,0,0,0
2025-07-25T12:13:57.921516Z,2025,7,25,65.605800,21.621400,-9.0,0,4.9,1,mainland,0,0,0,0,0,0
2025-07-25T12:13:57.983351Z,2025,7,25,65.606500,21.622000,-10.0,0,5.9,1,mainland,0,0,0,0,0,0
2025-07-25T12:13:58.063763Z,2025,7,25,65.606000,21.617100,-12.0,0,6.3,1,mainland,0,0,0,0,0,0
2025-07-25T12:13:58.136886Z,2025,7,25,65.605700,21.620400,-14.0,0,6.4,1,mainland,0,0,0,0,0,0
2025-07-25T12:13:58.184960Z,2025,7,25,65.607900,21.611700,-6.0,0,5.2,1,mainland,0,0,0,0,0,0
2025-07-25T12:14:04.312020Z,2025,7,25,65.667500,21.345200,-14.0,0,10.3,1,mainland,0,0,0,1,1,1
2025-07-25T12:14:21.956686Z,2025,7,25,65.664900,21.529300,5.0,0,2.3,1,mainland,0,0,0,0,0,0
2025-07-25T12:15:05.211835Z,2025,7,25,65.610300,21.638600,-16.0,0,7.7,1,mainland,0,0,0,0,0,0
2025-07-25T12:15:05.279387Z,2025,7,25,65.616200,21.662600,-6.0,0,6.3,1,mainland,0,0,0,0,0,0
2025-07-25T12:15:05.487225Z,2025,7,25,65.594500,21.633900,-8.0,0,8.4,1,mainland,0,0,0,0,0,0
2025-07-25T12:15:05.536749Z,2025,7,25,65.595100,21.633000,-6.0,0,5.8,1,mainland,0,0,0,0,0,0
2025-07-25T12:15:05.609007Z,2025,7,25,65.594800,21.635000,-9.0,0,6.5,1,mainland,0,0,0,0,0,0
2025-07-25T12:15:05.704076Z,2025,7,25,65.596000,21.633900,-7.0,0,6.2,1,mainland,0,0,0,0,0,0
2025-07-25T12:15:05.820557Z,2025,7,25,65.595700,21.632600,-6.0,0,5.7,1,mainland,0,0,0,0,0,0
2025-07-25T12:16:34.183248Z,2025,7,25,65.606800,21.673300,-11.0,0,6.8,1,mainland,0,0,0,0,0,0
2025-07-25T12:16:34.229063Z,2025,7,25,65.605100,21.654000,-9.0,0,4.9,1,mainland,0,0,0,0,0,0
2025-07-25T12:16:34.307456Z,2025,7,25,65.637400,21.710100,-5.0,0,3.6,1,mainland,0,0,0,0,0,0
2025-07-25T12:16:34.494306Z,2025,7,25,65.635100,21.713500,-6.0,0,2.7,1,mainland,0,0,0,0,0,0
2025-07-25T12:16:34.580906Z,2025,7,25,65.635600,21.725300,-9.0,0,3.9,1,mainland,0,0,0,0,0,0
2025-07-25T12:17:38.706512Z,2025,7,25,65.510200,21.695900,-13.0,0,14.2,1,mainland,0,0,0,0,0,1
2025-07-25T12:29:53.752570Z,2025,7,25,65.496800,21.725500,6.0,0,20.3,1,mainland,0,0,0,0,0,1
2025-07-25T12:29:53.752589Z,2025,7,25,65.539900,21.603300,-11.0,0,23.3,1,mainland,0,0,0,1,1,1
2025-07-25T12:30:25.226021Z,2025,7,25,65.538700,21.621400,5.0,0,4.6,1,inland_water,0,0,0,0,0,1
2025-07-25T12:30:25.228433Z,2025,7,25,65.543500,21.627100,8.0,0,17.6,1,mainland,0,0,0,0,0,0
2025-07-25T12:30:25.228467Z,2025,7,25,65.549200,21.591600,-15.0,0,15.4,1,mainland,0,0,0,0,1,1
2025-07-25T12:31:02.437357Z,2025,7,25,65.480700,21.808600,6.0,0,1.6,1,mainland,0,0,0,0,0,0
2025-07-25T12:31:11.515744Z,2025,7,25,65.675100,21.537600,-11.0,0,4.5,1,mainland,0,0,0,0,0,0
2025-07-25T12:31:36.266586Z,2025,7,25,65.862700,22.152400,8.0,0,22.2,1,inland_water,0,0,0,0,0,0
2025-07-25T12:31:41.343169Z,2025,7,25,65.540900,21.740800,6.0,0,3.5,1,mainland,0,0,0,0,0,0
2025-07-25T12:33:46.470649Z,2025,7,25,65.544900,21.709900,-7.0,0,4.4,1,mainland,0,0,0,0,0,0
2025-07-25T12:33:46.500858Z,2025,7,25,65.527800,21.738700,-8.0,0,4.9,1,mainland,0,0,0,0,0,0
2025-07-25T12:33:46.541981Z,2025,7,25,65.541700,21.767100,-10.0,0,6.3,1,mainland,0,0,0,0,0,0
2025-07-25T12:33:46.580036Z,2025,7,25,65.542300,21.766000,-14.0,0,5.8,1,mainland,0,0,0,0,0,0
2025-07-25T12:33:46.611057Z,2025,7,25,65.531500,21.731100,-5.0,0,3.9,1,mainland,0,0,0,0,0,0
2025-07-25T12:33:46.771251Z,2025,7,25,65.564100,21.712000,-12.0,0,6.0,1,mainland,0,0,0,0,0,0
2025-07-25T12:33:46.866265Z,2025,7,25,65.564000,21.709900,-7.0,0,4.5,1,mainland,0,0,0,0,0,0
2025-07-25T12:33:46.926684Z,2025,7,25,65.564700,21.704600,-5.0,0,5.3,1,mainland,0,0,0,0,0,0
2025-07-25T12:33:47.050347Z,2025,7,25,65.564700,21.716900,-14.0,0,7.6,1,mainland,0,0,0,0,0,0
2025-07-25T12:35:09.601522Z,2025,7,25,65.519000,21.677800,4.0,0,2.7,1,mainland,0,0,0,0,0,0
2025-07-25T12:35:29.824248Z,2025,7,25,65.914700,22.052400,-6.0,0,3.5,1,mainland,0,0,0,0,0,0
2025-07-25T12:35:29.934976Z,2025,7,25,65.914500,22.054800,-7.0,0,6.1,1,mainland,0,0,0,0,0,0
2025-07-25T12:35:30.049805Z,2025,7,25,65.913700,22.058100,-6.0,0,4.2,1,mainland,0,0,0,0,0,0
2025-07-25T12:35:30.319112Z,2025,7,25,65.910000,22.032900,-5.0,0,6.4,1,mainland,0,0,0,0,0,1
2025-07-25T12:35:32.257822Z,2025,7,25,65.550300,21.732100,-9.0,0,5.4,1,mainland,0,0,0,0,0,0
2025-07-25T12:35:38.869184Z,2025,7,25,65.559700,21.590900,-4.0,0,1.8,1,mainland,0,0,0,0,0,0
2025-07-25T12:36:44.697386Z,2025,7,25,65.524500,21.753400,7.0,0,3.6,1,mainland,0,0,0,0,0,0
2025-07-25T12:36:44.704017Z,2025,7,25,65.527200,21.774800,9.0,0,15.1,1,mainland,0,0,0,0,0,0
2025-07-25T12:38:47.542216Z,2025,7,25,65.620800,21.571100,-34.0,0,22.5,1,mainland,0,0,0,0,0,0
2025-07-25T12:39:09.228418Z,2025,7,25,65.507200,21.683900,-71.0,0,25.9,1,mainland,0,0,0,0,1,1
2025-07-25T12:39:33.410098Z,2025,7,25,65.872800,22.075000,5.0,0,8.1,1,mainland,0,0,0,0,1,1
2025-07-25T12:40:32.569469Z,2025,7,25,65.505300,21.742900,-58.0,0,21.4,1,mainland,0,0,0,0,0,0
2025-07-25T12:40:34.984258Z,2025,7,25,65.905100,22.054600,9.0,0,6.6,1,mainland,0,0,0,0,0,0
2025-07-25T12:40:41.714094Z,2025,7,25,65.900800,22.038100,6.0,0,8.6,1,mainland,0,0,0,0,1,1
2025-07-25T12:41:14.586668Z,2025,7,25,65.556800,21.802100,-6.0,0,4.2,1,mainland,0,0,0,0,0,0
2025-07-25T12:42:45.321593Z,2025,7,25,65.563100,21.802800,-57.0,0,10.1,1,mainland,0,0,0,0,0,0
2025-07-25T12:42:45.368212Z,2025,7,25,65.563000,21.802900,-32.0,0,16.4,1,mainland,0,0,0,0,0,0
2025-07-25T12:42:45.416753Z,2025,7,25,65.584200,21.822800,-16.0,0,5.2,1,mainland,0,0,0,0,0,0
2025-07-25T12:42:45.449882Z,2025,7,25,65.536800,21.775700,-5.0,0,6.9,1,mainland,0,0,0,0,0,0
2025-07-25T12:42:59.486841Z,2025,7,25,65.877400,22.110800,-7.0,0,10.0,1,mainland,0,0,0,0,0,0
2025-07-25T12:43:12.889709Z,2025,7,25,65.865200,22.094100,7.0,0,22.3,1,mainland,0,0,0,0,0,1
2025-07-25T12:43:39.358440Z,2025,7,25,65.913600,22.071500,5.0,0,14.2,1,mainland,0,0,0,0,0,0
2025-07-25T12:44:01.746856Z,2025,7,25,65.901600,22.034700,8.0,0,5.7,1,mainland,0,0,0,0,1,1
2025-07-25T12:44:07.186725Z,2025,7,25,65.583800,21.822700,-5.0,0,6.4,1,mainland,0,0,0,0,0,0
2025-07-25T12:44:07.228210Z,2025,7,25,65.558500,21.771400,-5.0,0,5.4,1,mainland,0,0,0,0,0,0
2025-07-25T12:44:07.310047Z,2025,7,25,65.567600,21.794000,-5.0,0,5.1,1,mainland,0,0,0,0,0,0
2025-07-25T12:44:12.909109Z,2025,7,25,65.907500,22.110500,5.0,0,1.7,1,mainland,0,0,0,0,0,0
2025-07-25T12:44:28.633092Z,2025,7,25,65.925800,22.118500,-7.0,0,4.1,1,mainland,0,0,0,0,0,0
2025-07-25T12:44:28.685261Z,2025,7,25,65.927200,22.061300,-9.0,0,5.2,1,mainland,0,0,0,0,0,0
2025-07-25T12:44:28.715203Z,2025,7,25,65.926800,22.109900,-5.0,0,3.1,1,mainland,0,0,0,0,0,0
2025-07-25T12:44:35.650848Z,2025,7,25,65.911100,22.063500,6.0,0,5.1,1,mainland,0,0,0,0,0,0
2025-07-25T12:44:57.213341Z,2025,7,25,65.905700,22.069000,6.0,0,9.3,1,mainland,0,0,0,0,0,0
2025-07-25T12:44:57.242593Z,2025,7,25,65.906400,22.063400,8.0,0,12.8,1,mainland,0,0,0,0,0,0
2025-07-25T12:45:07.260223Z,2025,7,25,65.910300,22.057400,5.0,0,10.7,1,mainland,0,0,0,0,0,0
2025-07-25T12:45:13.190036Z,2025,7,25,65.931800,22.022200,6.0,0,5.0,1,mainland,0,0,0,0,0,0
2025-07-25T12:45:13.232322Z,2025,7,25,65.909700,22.067400,6.0,0,13.1,1,mainland,0,0,0,0,0,0
2025-07-25T12:45:23.289185Z,2025,7,25,65.907000,22.070100,7.0,0,3.3,1,mainland,0,0,0,0,0,0
2025-07-25T12:45:38.764735Z,2025,7,25,65.902700,22.092200,5.0,0,15.0,1,mainland,0,0,0,0,0,0
2025-07-25T12:45:51.120254Z,2025,7,25,65.909900,22.081900,6.0,0,4.8,1,mainland,0,0,0,0,0,0
2025-07-25T12:45:59.446956Z,2025,7,25,65.923600,22.030900,7.0,0,4.6,1,mainland,0,0,0,0,0,0
2025-07-25T12:46:15.745187Z,2025,7,25,65.907800,22.044100,5.0,0,2.5,1,mainland,0,0,0,0,0,0
2025-07-25T12:46:15.749391Z,2025,7,25,65.904900,22.057200,7.0,0,10.1,1,mainland,0,0,0,0,0,0
2025-07-25T12:46:15.765034Z,2025,7,25,65.907300,22.064900,6.0,0,22.3,1,mainland,0,0,0,0,0,0
2025-07-25T12:46:20.573079Z,2025,7,25,65.341600,22.057700,4.0,0,1.9,1,sea,0,0,1,0,0,0
2025-07-25T12:46:30.086449Z,2025,7,25,65.953400,22.052300,6.0,0,15.1,1,mainland,0,0,0,0,0,0
2025-07-25T12:46:30.101562Z,2025,7,25,65.913800,22.067600,8.0,0,5.8,1,mainland,0,0,0,0,0,0
2025-07-25T12:46:30.669636Z,2025,7,25,65.348600,22.664500,14.0,0,20.4,1,sea,0,0,0,0,0,0
2025-07-25T12:46:34.676661Z,2025,7,25,65.500500,21.843900,-6.0,0,3.3,1,mainland,0,0,0,0,0,0
2025-07-25T12:46:34.717449Z,2025,7,25,65.578400,21.809400,-6.0,0,5.1,1,mainland,0,0,0,0,0,0
2025-07-25T12:46:45.277918Z,2025,7,25,65.910800,22.069400,7.0,0,7.6,1,mainland,0,0,0,0,0,0
2025-07-25T12:46:45.291386Z,2025,7,25,65.917300,22.040100,5.0,0,13.6,1,mainland,0,0,0,0,0,0
2025-07-25T12:46:46.392316Z,2025,7,25,65.600600,21.842500,7.0,0,5.0,1,inland_water,0,0,0,0,0,0
2025-07-25T12:46:47.059069Z,2025,7,25,65.494500,21.706500,-8.0,0,5.6,1,mainland,0,0,0,1,1,1
2025-07-25T12:46:51.380600Z,2025,7,25,65.469600,21.820900,4.0,0,15.2,1,mainland,0,0,0,0,0,0
2025-07-25T12:47:05.616080Z,2025,7,25,65.493400,21.775800,7.0,0,12.2,1,mainland,0,0,0,0,0,0
2025-07-25T12:47:07.098104Z,2025,7,25,65.913400,22.081800,9.0,0,25.7,1,mainland,0,0,0,0,0,0
2025-07-25T12:47:18.368343Z,2025,7,25,65.889000,22.292900,6.0,0,23.7,1,mainland,0,0,0,0,0,0
2025-07-25T12:47:38.145858Z,2025,7,25,65.913100,22.046000,-11.0,0,16.2,1,mainland,0,0,0,0,0,0
2025-07-25T12:47:40.937302Z,2025,7,25,65.506200,21.733900,14.0,0,30.4,1,mainland,0,0,0,0,0,0
2025-07-25T12:47:59.211072Z,2025,7,25,65.915600,22.049700,4.0,0,30.2,1,mainland,0,0,0,0,0,0
2025-07-25T12:47:59.211089Z,2025,7,25,65.902400,22.090200,-12.0,0,13.7,1,mainland,0,0,0,0,0,0
2025-07-25T12:48:08.040172Z,2025,7,25,65.858600,22.103200,-7.0,0,17.8,1,mainland,0,0,0,0,1,1
2025-07-25T12:48:19.013026Z,2025,7,25,65.873900,22.208900,-33.0,0,13.4,1,mainland,0,0,0,0,0,0
2025-07-25T12:48:19.052445Z,2025,7,25,65.941600,22.018400,-14.0,0,11.6,1,mainland,0,0,0,0,0,0
2025-07-25T12:48:19.053254Z,2025,7,25,65.926400,22.074400,-13.0,0,4.9,1,mainland,0,0,0,0,0,0
2025-07-25T12:48:19.118417Z,2025,7,25,65.943200,22.113300,-7.0,0,3.6,1,mainland,0,0,0,0,0,0
2025-07-25T12:48:19.155303Z,2025,7,25,65.942800,22.102900,-26.0,0,5.2,1,mainland,0,0,0,0,0,0
2025-07-25T12:48:19.195621Z,2025,7,25,65.942000,22.107100,-12.0,0,4.6,1,mainland,0,0,0,0,0,0
2025-07-25T12:48:19.306927Z,2025,7,25,65.923900,22.047100,-6.0,0,2.1,1,mainland,0,0,0,0,0,0
2025-07-25T12:48:19.410594Z,2025,7,25,65.942400,22.106000,-13.0,0,4.5,1,mainland,0,0,0,0,0,0
2025-07-25T12:48:20.455695Z,2025,7,25,65.904400,22.030100,-5.0,0,25.4,1,mainland,0,0,0,0,1,1
2025-07-25T12:48:27.876071Z,2025,7,25,65.606600,21.856700,-8.0,0,5.6,1,mainland,0,0,0,0,0,0
2025-07-25T12:48:28.021413Z,2025,7,25,65.608000,21.846400,-29.0,0,23.7,1,mainland,0,0,0,0,0,0
2025-07-25T12:48:31.571124Z,2025,7,25,65.507300,21.696200,3.0,0,2.0,1,mainland,0,0,0,0,0,1
2025-07-25T12:48:50.773448Z,2025,7,25,65.892800,22.115400,8.0,0,10.2,1,mainland,0,0,0,0,0,0
2025-07-25T12:48:55.137628Z,2025,7,25,65.511400,21.743800,12.0,0,16.6,1,mainland,0,0,0,0,0,0
2025-07-25T12:48:55.138353Z,2025,7,25,65.511500,21.730400,10.0,0,1.1,1,mainland,0,0,0,0,0,0
2025-07-25T12:48:56.289773Z,2025,7,25,65.908400,22.118100,7.0,0,6.1,1,mainland,0,0,0,0,0,0
2025-07-25T12:49:24.881905Z,2025,7,25,65.912200,22.083500,5.0,0,3.1,1,mainland,0,0,0,0,0,0
2025-07-25T12:49:24.885752Z,2025,7,25,65.923300,22.060800,18.0,0,8.8,1,mainland,0,0,0,0,0,0
2025-07-25T12:49:24.893467Z,2025,7,25,65.931100,22.038400,7.0,0,5.5,1,mainland,0,0,0,0,0,0
2025-07-25T12:49:24.910442Z,2025,7,25,65.921200,22.073500,6.0,0,6.1,1,mainland,0,0,0,0,0,0
2025-07-25T12:49:24.915006Z,2025,7,25,65.898500,22.047900,8.0,0,25.2,1,mainland,0,0,0,0,0,1
2025-07-25T12:49:24.922339Z,2025,7,25,65.917400,22.060700,9.0,0,12.0,1,mainland,0,0,0,0,0,0
2025-07-25T12:49:34.049508Z,2025,7,25,65.507000,21.825200,15.0,0,19.6,1,mainland,0,0,0,0,0,0
2025-07-25T12:49:54.741325Z,2025,7,25,65.512600,21.824400,6.0,0,3.7,1,mainland,0,0,0,0,0,0
2025-07-25T12:49:54.742337Z,2025,7,25,65.502800,21.846000,4.0,0,2.0,1,mainland,0,0,0,0,0,0
2025-07-25T12:49:54.743332Z,2025,7,25,65.474100,21.951000,7.0,0,13.8,1,mainland,0,0,1,0,0,0
2025-07-25T12:49:54.757873Z,2025,7,25,65.513000,21.831400,7.0,0,6.8,1,mainland,0,0,1,0,0,0
2025-07-25T12:50:04.000418Z,2025,7,25,65.922200,22.086800,-7.0,0,3.5,1,inland_water,0,0,0,0,0,0
2025-07-25T12:50:04.064120Z,2025,7,25,65.938800,22.067100,-7.0,0,2.3,1,mainland,0,0,0,0,0,0
2025-07-25T12:50:05.809989Z,2025,7,25,65.922200,22.125300,9.0,0,30.4,1,mainland,0,0,0,0,0,0
2025-07-25T12:50:09.928466Z,2025,7,25,65.931500,22.108400,-7.0,0,3.8,1,mainland,0,0,0,0,0,0
2025-07-25T12:50:18.199493Z,2025,7,25,65.925300,22.042300,-11.0,0,11.7,1,mainland,0,0,0,0,0,0
2025-07-25T12:50:18.212494Z,2025,7,25,65.922500,22.046400,7.0,0,12.0,1,mainland,0,0,0,0,0,0
2025-07-25T12:50:20.162267Z,2025,7,25,65.556000,21.866600,6.0,0,15.6,1,mainland,0,0,0,0,0,0
2025-07-25T12:50:20.167250Z,2025,7,25,65.499500,21.828100,5.0,0,12.8,1,mainland,0,0,0,0,0,0
2025-07-25T12:50:35.171327Z,2025,7,25,65.911100,22.098400,11.0,0,16.2,1,mainland,0,0,0,0,0,0
2025-07-25T12:50:35.530280Z,2025,7,25,65.910800,22.052900,4.0,0,22.1,1,mainland,0,0,0,0,0,0
2025-07-25T12:50:35.565384Z,2025,7,25,65.916500,22.054500,6.0,0,2.0,1,mainland,0,0,0,0,0,0
2025-07-25T12:50:38.320021Z,2025,7,25,65.509200,21.765800,13.0,0,21.1,1,mainland,0,0,0,0,0,0
2025-07-25T12:50:38.322322Z,2025,7,25,65.512500,21.753500,7.0,0,3.8,1,mainland,0,0,0,0,0,0
2025-07-25T12:50:41.273631Z,2025,7,25,65.913600,22.070900,6.0,0,5.3,1,mainland,0,0,0,0,0,0
2025-07-25T12:50:47.335290Z,2025,7,25,65.940500,22.100200,-41.0,0,16.7,1,mainland,0,0,0,0,0,0
2025-07-25T12:50:47.370257Z,2025,7,25,65.981800,22.184700,-25.0,0,15.0,1,inland_water,0,0,0,0,0,0
2025-07-25T12:50:47.389558Z,2025,7,25,65.939200,22.100300,-9.0,0,3.9,1,mainland,0,0,0,0,0,0
2025-07-25T12:50:47.414671Z,2025,7,25,65.941200,22.096200,-25.0,0,12.6,1,mainland,0,0,0,0,0,0
2025-07-25T12:50:47.431943Z,2025,7,25,65.941500,22.098100,-5.0,0,2.3,1,mainland,0,0,0,0,0,0
2025-07-25T12:50:47.772840Z,2025,7,25,65.954600,22.126900,-20.0,0,12.3,1,mainland,0,0,0,0,0,0
2025-07-25T12:50:47.823080Z,2025,7,25,65.940600,22.100500,-10.0,0,3.7,1,mainland,0,0,0,0,0,0
2025-07-25T12:50:47.877841Z,2025,7,25,65.941700,22.091700,-5.0,0,3.3,1,mainland,0,0,0,0,0,0
2025-07-25T12:50:47.973567Z,2025,7,25,65.937900,22.107000,-5.0,0,3.3,1,mainland,0,0,0,0,0,0
2025-07-25T12:50:54.291714Z,2025,7,25,66.058500,22.354200,7.0,0,30.4,1,mainland,0,0,0,0,0,0
2025-07-25T12:50:54.302369Z,2025,7,25,65.917600,22.053300,7.0,0,6.3,1,mainland,0,0,0,0,0,0
2025-07-25T12:50:55.645403Z,2025,7,25,65.512600,21.842200,16.0,0,7.1,1,mainland,0,0,1,0,0,0
2025-07-25T12:50:55.647389Z,2025,7,25,65.508100,21.836200,12.0,0,29.5,1,mainland,0,0,0,0,0,0
2025-07-25T12:50:55.654576Z,2025,7,25,65.514200,21.989800,13.0,0,27.3,1,sea,1,1,1,0,0,0
2025-07-25T12:51:15.262432Z,2025,7,25,65.513200,21.827200,6.0,0,9.1,1,mainland,0,0,1,0,0,0
2025-07-25T12:51:15.848797Z,2025,7,25,65.908700,22.299700,7.0,0,19.1,1,mainland,0,0,0,0,0,0
2025-07-25T12:51:15.878257Z,2025,7,25,65.933200,22.118200,5.0,0,2.1,1,mainland,0,0,0,0,0,0
2025-07-25T12:51:24.865769Z,2025,7,25,65.923000,22.061900,8.0,0,8.1,1,mainland,0,0,0,0,0,0
2025-07-25T12:51:32.729416Z,2025,7,25,65.930400,22.104100,6.0,0,23.1,1,mainland,0,0,0,0,0,0
2025-07-25T12:51:32.739327Z,2025,7,25,65.927900,22.106600,6.0,0,30.4,1,mainland,0,0,0,0,0,0
2025-07-25T12:51:46.206611Z,2025,7,25,65.493400,21.908800,5.0,0,1.5,1,sea,1,1,1,0,0,0
2025-07-25T12:51:46.208280Z,2025,7,25,65.516000,21.775100,12.0,0,8.3,1,mainland,0,0,0,0,0,0
2025-07-25T12:51:46.209010Z,2025,7,25,65.517400,21.765200,7.0,0,3.3,1,mainland,0,0,0,0,0,0
2025-07-25T12:51:46.230501Z,2025,7,25,65.513600,21.757100,5.0,0,4.8,1,mainland,0,0,0,0,0,0
2025-07-25T12:52:03.935036Z,2025,7,25,65.940100,22.088700,-59.0,0,12.2,1,mainland,0,0,0,0,0,0
2025-07-25T12:52:03.971964Z,2025,7,25,65.893300,22.256200,-44.0,0,23.2,1,mainland,0,0,0,0,0,0
2025-07-25T12:52:03.992255Z,2025,7,25,65.939700,22.091600,-13.0,0,7.3,1,mainland,0,0,0,0,0,0
2025-07-25T12:52:04.024462Z,2025,7,25,65.939500,22.088400,-30.0,0,7.0,1,mainland,0,0,0,0,0,0
2025-07-25T12:52:04.065209Z,2025,7,25,65.489800,21.915900,-18.0,0,17.4,1,mainland,1,1,1,0,0,0
2025-07-25T12:52:04.312368Z,2025,7,25,65.517900,21.797700,-45.0,0,9.5,1,mainland,0,0,0,0,0,0
2025-07-25T12:52:04.385776Z,2025,7,25,65.940500,22.090700,-11.0,0,6.1,1,mainland,0,0,0,0,0,0
2025-07-25T12:52:04.430292Z,2025,7,25,65.518100,21.798100,-15.0,0,6.3,1,mainland,0,0,0,0,0,0
2025-07-25T12:52:04.484889Z,2025,7,25,65.518800,21.799000,-8.0,0,5.3,1,mainland,0,0,0,0,0,0
2025-07-25T12:52:04.542132Z,2025,7,25,65.518200,21.801000,-7.0,0,5.2,1,mainland,0,0,0,0,0,0
2025-07-25T12:52:04.664211Z,2025,7,25,65.939900,22.091600,-8.0,0,5.5,1,mainland,0,0,0,0,0,0
2025-07-25T12:52:04.921161Z,2025,7,25,65.942600,22.079400,-5.0,0,4.4,1,mainland,0,0,0,0,0,0
2025-07-25T12:52:04.952803Z,2025,7,25,65.504300,21.772500,-20.0,0,5.5,1,mainland,0,0,0,0,0,0
2025-07-25T12:52:24.160533Z,2025,7,25,65.522100,21.752700,10.0,0,21.3,1,mainland,0,0,0,0,0,0
2025-07-25T12:52:24.164616Z,2025,7,25,65.516700,21.757200,6.0,0,9.0,1,mainland,0,0,0,0,0,0
2025-07-25T12:52:32.376572Z,2025,7,25,65.923100,22.087700,19.0,0,19.2,1,inland_water,0,0,0,0,0,0
2025-07-25T12:52:32.379256Z,2025,7,25,65.924700,22.083700,6.0,0,2.3,1,inland_water,0,0,0,0,0,0
2025-07-25T12:52:32.400599Z,2025,7,25,65.932800,22.102700,24.0,0,11.1,1,mainland,0,0,0,0,0,0
2025-07-25T12:52:47.017199Z,2025,7,25,65.954300,22.106500,6.0,0,8.9,1,mainland,0,0,0,0,0,0
2025-07-25T12:52:47.019637Z,2025,7,25,66.022500,22.234600,8.0,0,9.2,1,mainland,0,0,0,0,0,0
2025-07-25T12:52:50.760033Z,2025,7,25,65.518200,21.844500,20.0,0,20.9,1,sea,1,1,1,0,0,0
2025-07-25T12:52:50.761595Z,2025,7,25,65.515500,21.835900,21.0,0,21.5,1,mainland,0,1,1,0,0,0
2025-07-25T12:52:53.935411Z,2025,7,25,65.917500,22.043300,-8.0,0,6.1,1,mainland,0,0,0,0,0,0
2025-07-25T12:53:37.121761Z,2025,7,25,65.944100,22.144200,8.0,0,6.6,1,mainland,0,0,0,0,0,0
2025-07-25T12:53:54.226273Z,2025,7,25,65.536800,21.775300,8.0,0,4.6,1,mainland,0,0,0,0,0,0
2025-07-25T12:54:08.028370Z,2025,7,25,65.952700,22.176700,-6.0,0,4.2,1,mainland,0,0,0,0,0,0
2025-07-25T12:54:14.318403Z,2025,7,25,65.905000,22.046200,5.0,0,1.9,1,mainland,0,0,0,0,0,0
2025-07-25T12:54:22.302711Z,2025,7,25,65.504500,21.738300,6.0,0,5.0,1,mainland,0,0,0,0,0,0
2025-07-25T12:54:51.436779Z,2025,7,25,65.667600,21.396100,-10.0,0,10.0,1,mainland,0,0,0,0,0,0
2025-07-25T12:54:52.118086Z,2025,7,25,65.531900,21.777800,7.0,0,3.2,1,mainland,0,0,0,0,0,0
2025-07-25T12:54:52.119745Z,2025,7,25,65.536000,21.756300,6.0,0,3.1,1,mainland,0,0,0,0,0,0
2025-07-25T12:54:52.156505Z,2025,7,25,65.538600,21.758000,-7.0,0,11.1,1,mainland,0,0,0,0,0,0
2025-07-25T12:55:09.973721Z,2025,7,25,65.530500,21.722200,-6.0,0,0.0,1,mainland,0,0,0,0,0,0
2025-07-25T12:55:09.973806Z,2025,7,25,65.518400,21.824000,-16.0,0,6.7,1,mainland,0,0,1,0,0,0
2025-07-25T12:55:09.985789Z,2025,7,25,65.514300,21.837600,-15.0,0,5.4,1,mainland,0,0,1,0,0,0
2025-07-25T12:55:10.501996Z,2025,7,25,65.532100,21.885600,7.0,0,18.4,1,mainland,0,1,1,0,0,0
2025-07-25T12:55:39.687960Z,2025,7,25,65.946200,22.052400,5.0,0,9.8,1,mainland,0,0,0,0,0,0
2025-07-25T12:55:57.241380Z,2025,7,25,65.867300,22.204100,-26.0,0,17.3,1,mainland,0,0,0,0,0,0
2025-07-25T12:56:34.733280Z,2025,7,25,65.505800,21.784100,12.0,0,7.7,1,mainland,0,0,0,0,0,0
2025-07-25T12:56:56.985766Z,2025,7,25,65.963200,22.180500,-17.0,0,4.4,1,mainland,0,0,0,0,0,0
2025-07-25T12:57:00.477042Z,2025,7,25,65.956200,22.102800,7.0,0,10.6,1,mainland,0,0,0,0,0,0
2025-07-25T12:57:00.496808Z,2025,7,25,65.951600,22.210900,5.0,0,18.5,1,mainland,0,0,0,0,0,0
2025-07-25T12:57:05.918603Z,2025,7,25,65.953100,22.107100,4.0,0,3.7,1,mainland,0,0,0,0,0,0
2025-07-25T12:57:10.473644Z,2025,7,25,66.183400,22.075400,-7.0,0,5.2,1,mainland,0,0,0,0,0,1
2025-07-25T12:57:18.420700Z,2025,7,25,65.955300,22.115400,5.0,0,25.3,1,mainland,0,0,0,0,0,0
2025-07-25T12:57:22.869380Z,2025,7,25,66.128600,22.326300,5.0,0,7.0,1,mainland,0,0,0,0,0,1
2025-07-25T12:57:25.497733Z,2025,7,25,65.948100,22.072200,5.0,0,5.2,1,mainland,0,0,0,0,0,0
2025-07-25T12:57:40.960306Z,2025,7,25,65.675500,21.377500,10.0,0,14.0,1,mainland,0,0,0,1,1,1
2025-07-25T12:57:41.011865Z,2025,7,25,66.200100,22.052400,4.0,0,3.9,1,mainland,0,0,0,0,0,1
2025-07-25T12:57:44.052921Z,2025,7,25,65.980000,22.047300,-4.0,0,6.0,1,inland_water,0,0,0,0,0,0
2025-07-25T12:57:49.988910Z,2025,7,25,65.519000,21.881100,9.0,0,5.2,1,sea,1,1,1,0,0,0
2025-07-25T12:57:49.989947Z,2025,7,25,65.586500,21.886600,8.0,0,3.5,1,mainland,0,0,0,0,0,0
2025-07-25T12:57:49.991862Z,2025,7,25,65.520600,21.890600,15.0,0,23.3,1,mainland,1,1,1,0,0,0
2025-07-25T12:57:49.997466Z,2025,7,25,65.520900,21.897600,6.0,0,5.4,1,sea,1,1,1,0,0,0
2025-07-25T12:57:54.211964Z,2025,7,25,65.950500,22.138000,6.0,0,2.6,1,mainland,0,0,0,0,0,0
2025-07-25T12:58:22.792872Z,2025,7,25,65.677500,21.417000,7.0,0,7.5,1,mainland,0,0,0,0,0,1
2025-07-25T12:58:28.574569Z,2025,7,25,66.130000,22.084800,-17.0,0,12.8,1,mainland,0,0,0,0,0,0
2025-07-25T12:58:36.376379Z,2025,7,25,65.502400,21.800300,6.0,0,4.7,1,mainland,0,0,0,0,0,0
2025-07-25T12:58:36.383526Z,2025,7,25,65.492600,21.835000,7.0,0,3.0,1,mainland,0,0,0,0,0,0
2025-07-25T12:58:42.169445Z,2025,7,25,65.952500,22.093200,6.0,0,16.2,1,mainland,0,0,0,0,0,0
2025-07-25T12:58:55.693802Z,2025,7,25,65.940700,22.124500,8.0,0,3.9,1,mainland,0,0,0,0,0,0
2025-07-25T12:58:56.184981Z,2025,7,25,65.945800,22.121100,21.0,0,18.8,1,inland_water,0,0,0,0,0,0
2025-07-25T12:58:56.219783Z,2025,7,25,65.945000,22.102300,7.0,0,4.8,1,mainland,0,0,0,0,0,0
2025-07-25T12:58:59.151232Z,2025,7,25,66.181900,22.068800,10.0,0,11.9,1,mainland,0,0,0,0,1,1
2025-07-25T12:59:08.337002Z,2025,7,25,66.025400,21.933400,-27.0,0,9.8,1,mainland,0,0,0,1,1,1
2025-07-25T12:59:08.378073Z,2025,7,25,66.025800,21.932200,-8.0,0,5.1,1,mainland,0,0,0,1,1,1
2025-07-25T12:59:36.435385Z,2025,7,25,65.513000,21.821500,-11.0,0,7.4,1,mainland,0,0,0,0,0,0
2025-07-25T12:59:36.454642Z,2025,7,25,65.505100,21.815300,-5.0,0,6.3,1,mainland,0,0,0,0,0,0
2025-07-25T12:59:44.659731Z,2025,7,25,65.947800,22.079000,6.0,0,2.6,1,mainland,0,0,0,0,0,0
2025-07-25T12:59:50.530601Z,2025,7,25,66.173500,22.056200,6.0,0,12.0,1,mainland,0,0,0,0,0,1
2025-07-25T12:59:50.910006Z,2025,7,25,66.198500,22.155700,-4.0,0,5.8,1,mainland,0,0,0,0,0,0
2025-07-25T12:59:51.123812Z,2025,7,25,66.230700,22.136100,-8.0,0,12.9,1,mainland,0,0,0,0,0,0
2025-07-25T13:00:16.942281Z,2025,7,25,65.943000,22.087800,7.0,0,2.0,1,mainland,0,0,0,0,0,0
2025-07-25T13:00:22.256390Z,2025,7,25,65.644200,22.631700,10.0,0,16.9,1,islands,0,1,1,0,0,0
2025-07-25T13:00:30.984306Z,2025,7,25,65.962400,22.052100,9.0,0,20.3,1,mainland,0,0,0,0,0,0
2025-07-25T13:00:33.249944Z,2025,7,25,65.488500,21.852500,6.0,0,8.1,1,mainland,0,0,0,0,0,0
2025-07-25T13:00:40.094503Z,2025,7,25,65.944900,22.105600,5.0,0,9.5,1,mainland,0,0,0,0,0,0
2025-07-25T13:00:46.854783Z,2025,7,25,65.950700,22.101200,5.0,0,5.2,1,mainland,0,0,0,0,0,0
2025-07-25T13:01:05.258650Z,2025,7,25,65.953800,22.072800,7.0,0,5.1,1,mainland,0,0,0,0,0,0
2025-07-25T13:01:05.259757Z,2025,7,25,65.951000,22.075200,5.0,0,3.9,1,mainland,0,0,0,0,0,0
2025-07-25T13:01:21.259002Z,2025,7,25,65.946000,22.105800,8.0,0,1.8,1,mainland,0,0,0,0,0,0
2025-07-25T13:01:21.838556Z,2025,7,25,66.055100,21.986100,7.0,0,3.1,1,mainland,0,0,0,1,1,1
2025-07-25T13:01:28.543825Z,2025,7,25,65.669300,21.708700,6.0,0,25.8,1,mainland,0,0,0,0,0,0
2025-07-25T13:01:28.661033Z,2025,7,25,65.976500,22.210200,-8.0,0,10.2,1,inland_water,0,0,0,0,0,0
2025-07-25T13:01:34.555121Z,2025,7,25,65.950100,22.100500,6.0,0,8.6,1,mainland,0,0,0,0,0,0
2025-07-25T13:01:34.586134Z,2025,7,25,65.951300,22.080300,5.0,0,3.9,1,mainland,0,0,0,0,0,0
2025-07-25T13:01:34.607020Z,2025,7,25,65.954400,22.104700,9.0,0,12.9,1,mainland,0,0,0,0,0,0
2025-07-25T13:01:34.618851Z,2025,7,25,65.950700,22.101400,6.0,0,15.5,1,mainland,0,0,0,0,0,0
2025-07-25T13:01:39.956335Z,2025,7,25,65.949200,22.108300,8.0,0,3.3,1,mainland,0,0,0,0,0,0
2025-07-25T13:01:39.990788Z,2025,7,25,65.961200,22.076800,7.0,0,6.4,1,mainland,0,0,0,0,0,0
2025-07-25T13:01:45.792412Z,2025,7,25,65.945500,22.088500,5.0,0,0.0,1,mainland,0,0,0,0,0,0
2025-07-25T13:01:45.792664Z,2025,7,25,65.943500,22.109000,13.0,0,16.8,1,mainland,0,0,0,0,0,0
2025-07-25T13:01:45.794505Z,2025,7,25,65.947700,22.083500,8.0,0,17.0,1,mainland,0,0,0,0,0,0
2025-07-25T13:01:52.233295Z,2025,7,25,65.953100,22.104700,6.0,0,13.0,1,inland_water,0,0,0,0,0,0
2025-07-25T13:01:52.240889Z,2025,7,25,65.953600,22.106800,6.0,0,3.1,1,mainland,0,0,0,0,0,0
2025-07-25T13:01:59.438173Z,2025,7,25,65.947100,22.111600,6.0,0,4.4,1,inland_water,0,0,0,0,0,0
2025-07-25T13:01:59.762293Z,2025,7,25,65.948400,22.121800,8.0,0,6.6,1,mainland,0,0,0,0,0,0
2025-07-25T13:01:59.849396Z,2025,7,25,65.947400,22.145600,6.0,0,10.0,1,mainland,0,0,0,0,0,0
2025-07-25T13:01:59.849487Z,2025,7,25,65.958300,21.930000,-10.0,0,8.6,1,mainland,0,0,0,0,0,1
2025-07-25T13:02:06.009449Z,2025,7,25,65.952500,22.086400,6.0,0,2.9,1,mainland,0,0,0,0,0,0
2025-07-25T13:02:06.011862Z,2025,7,25,65.951500,22.084500,7.0,0,7.2,1,mainland,0,0,0,0,0,0
2025-07-25T13:02:06.045830Z,2025,7,25,65.966300,22.005200,5.0,0,13.9,1,mainland,0,0,0,0,0,0
2025-07-25T13:02:12.358112Z,2025,7,25,65.931400,22.121700,6.0,0,8.8,1,mainland,0,0,0,0,0,0
2025-07-25T13:02:12.358137Z,2025,7,25,65.949500,22.110300,-13.0,0,19.8,1,mainland,0,0,0,0,0,0
2025-07-25T13:02:12.359931Z,2025,7,25,65.912200,22.217400,21.0,0,26.3,1,mainland,0,0,0,0,0,0
2025-07-25T13:02:12.362358Z,2025,7,25,65.945800,22.087000,6.0,0,1.8,1,mainland,0,0,0,0,0,0
2025-07-25T13:02:12.499275Z,2025,7,25,65.957900,22.094000,7.0,0,13.4,1,mainland,0,0,0,0,0,0
2025-07-25T13:02:14.700388Z,2025,7,25,66.098800,22.212100,9.0,0,3.9,1,mainland,0,0,0,0,0,0
2025-07-25T13:02:19.291890Z,2025,7,25,65.947900,22.115900,9.0,0,8.6,1,mainland,0,0,0,0,0,0
2025-07-25T13:02:19.321978Z,2025,7,25,65.951400,22.112000,12.0,0,8.6,1,mainland,0,0,0,0,0,0
2025-07-25T13:02:19.518450Z,2025,7,25,65.904500,22.064700,-12.0,0,7.6,1,mainland,0,0,0,0,0,0
2025-07-25T13:02:19.536931Z,2025,7,25,65.903900,22.059600,-6.0,0,4.5,1,mainland,0,0,0,0,0,0
2025-07-25T13:02:19.620505Z,2025,7,25,65.947200,22.119300,9.0,0,2.5,1,mainland,0,0,0,0,0,0
2025-07-25T13:02:22.962007Z,2025,7,25,66.048500,21.993700,-13.0,0,6.8,1,mainland,0,0,0,0,0,0
2025-07-25T13:02:23.013474Z,2025,7,25,66.049000,21.990400,-8.0,0,5.0,1,mainland,0,0,0,0,0,1
2025-07-25T13:02:23.146450Z,2025,7,25,66.049100,21.987800,-8.0,0,4.9,1,mainland,0,0,0,0,0,1
2025-07-25T13:02:25.674649Z,2025,7,25,65.947800,22.098400,7.0,0,17.0,1,mainland,0,0,0,0,0,0
2025-07-25T13:02:30.781422Z,2025,7,25,65.951100,22.137500,6.0,0,4.3,1,mainland,0,0,0,0,0,0
2025-07-25T13:02:42.612690Z,2025,7,25,65.955200,22.118100,18.0,0,26.9,1,mainland,0,0,0,0,0,0
2025-07-25T13:02:42.614846Z,2025,7,25,65.955000,22.112800,8.0,0,4.4,1,mainland,0,0,0,0,0,0
2025-07-25T13:02:42.614906Z,2025,7,25,65.963600,22.071900,-15.0,0,15.0,1,mainland,0,0,0,0,0,0
2025-07-25T13:02:42.620078Z,2025,7,25,65.920600,22.291900,6.0,0,27.7,1,mainland,0,0,0,0,0,0
2025-07-25T13:02:42.904150Z,2025,7,25,65.947600,22.124300,-9.0,0,24.7,1,mainland,0,0,0,0,0,0
2025-07-25T13:02:50.975542Z,2025,7,25,65.943300,22.213700,-23.0,0,24.0,1,mainland,0,0,0,0,0,0
2025-07-25T13:02:50.977821Z,2025,7,25,65.953700,22.108700,5.0,0,15.9,1,mainland,0,0,0,0,0,0
2025-07-25T13:02:57.462615Z,2025,7,25,66.124200,22.273300,6.0,0,3.8,1,inland_water,0,0,0,0,0,0
2025-07-25T13:03:00.312678Z,2025,7,25,65.957000,22.121800,6.0,0,6.1,1,mainland,0,0,0,0,0,0
2025-07-25T13:03:04.200055Z,2025,7,25,66.092400,22.188000,6.0,0,16.1,1,mainland,0,0,0,0,0,0
2025-07-25T13:03:05.837894Z,2025,7,25,66.011100,22.185500,10.0,0,24.2,1,mainland,0,0,0,0,0,0
2025-07-25T13:03:13.577194Z,2025,7,25,65.958600,22.148800,6.0,0,8.5,1,mainland,0,0,0,0,0,0
2025-07-25T13:03:13.587204Z,2025,7,25,65.951500,22.138800,9.0,0,13.8,1,mainland,0,0,0,0,0,0
2025-07-25T13:03:15.845419Z,2025,7,25,65.092200,22.500100,6.0,0,3.3,1,sea,0,0,0,0,0,0
2025-07-25T13:03:20.816737Z,2025,7,25,65.957900,22.111200,8.0,0,6.6,1,mainland,0,0,0,0,0,0
2025-07-25T13:03:21.133010Z,2025,7,25,65.960400,22.089400,7.0,0,2.7,1,mainland,0,0,0,0,0,0
2025-07-25T13:03:26.391257Z,2025,7,25,66.141100,22.258600,-17.0,0,10.1,1,inland_water,0,0,0,0,0,0
2025-07-25T13:03:26.442410Z,2025,7,25,66.141000,22.270900,-6.0,0,2.7,1,mainland,0,0,0,0,0,0
2025-07-25T13:03:26.474776Z,2025,7,25,66.141500,22.256800,-10.0,0,5.8,1,inland_water,0,0,0,0,0,0
2025-07-25T13:03:37.131498Z,2025,7,25,66.107500,22.266700,5.0,0,7.7,1,mainland,0,0,0,0,0,0
2025-07-25T13:03:39.988233Z,2025,7,25,66.035900,21.944600,12.0,0,8.2,1,mainland,0,0,0,0,1,1
2025-07-25T13:03:41.166248Z,2025,7,25,66.140800,22.237800,10.0,0,14.4,1,mainland,0,0,0,0,0,0
2025-07-25T13:03:45.154714Z,2025,7,25,65.989200,22.193000,-25.0,0,7.6,1,mainland,0,0,0,0,0,0
2025-07-25T13:03:45.185111Z,2025,7,25,65.978500,22.199500,-9.0,0,18.4,1,inland_water,0,0,0,0,0,0
2025-07-25T13:03:45.205483Z,2025,7,25,65.990200,22.199500,-11.0,0,4.2,1,mainland,0,0,0,0,0,0
2025-07-25T13:03:45.732897Z,2025,7,25,65.989800,22.192900,-19.0,0,8.0,1,mainland,0,0,0,0,0,0
2025-07-25T13:03:48.767749Z,2025,7,25,65.501400,21.802000,8.0,0,3.7,1,mainland,0,0,0,0,0,0
2025-07-25T13:03:59.682667Z,2025,7,25,66.136300,22.277100,5.0,0,14.8,1,inland_water,0,0,0,0,0,0
2025-07-25T13:04:29.021968Z,2025,7,25,66.068200,22.328700,-5.0,0,3.3,1,mainland,0,0,0,0,0,0
2025-07-25T13:04:30.525860Z,2025,7,25,65.984800,22.162200,16.0,0,15.9,1,mainland,0,0,0,0,0,0
2025-07-25T13:04:43.698319Z,2025,7,25,66.032600,21.982700,-12.0,0,4.4,1,mainland,0,0,0,0,0,0
2025-07-25T13:04:43.701257Z,2025,7,25,66.011900,22.187600,9.0,0,5.5,1,mainland,0,0,0,0,0,0
2025-07-25T13:04:45.358045Z,2025,7,25,65.953600,22.105500,7.0,0,5.7,1,mainland,0,0,0,0,0,0
2025-07-25T13:04:50.327239Z,2025,7,25,66.115900,22.211900,6.0,0,9.7,1,inland_water,0,0,0,0,0,0
2025-07-25T13:04:50.687385Z,2025,7,25,65.956000,22.108900,-12.0,0,4.9,1,mainland,0,0,0,0,0,0
2025-07-25T13:04:50.742086Z,2025,7,25,65.956000,22.108500,-8.0,0,4.6,1,mainland,0,0,0,0,0,0
2025-07-25T13:05:28.808687Z,2025,7,25,65.977600,22.172800,5.0,0,7.0,1,mainland,0,0,0,0,0,0
2025-07-25T13:05:28.810417Z,2025,7,25,65.962100,22.161200,6.0,0,2.1,1,mainland,0,0,0,0,0,0
2025-07-25T13:05:28.812315Z,2025,7,25,65.973200,22.149300,6.0,0,7.4,1,inland_water,0,0,0,0,0,0
2025-07-25T13:05:28.812367Z,2025,7,25,66.039200,22.038200,-13.0,0,21.5,1,mainland,0,0,0,0,0,0
2025-07-25T13:05:43.460886Z,2025,7,25,65.940800,22.147000,5.0,0,9.7,1,mainland,0,0,0,0,0,0
2025-07-25T13:06:12.814745Z,2025,7,25,65.933700,22.159600,6.0,0,6.6,1,mainland,0,0,0,0,0,0
2025-07-25T13:06:16.698620Z,2025,7,25,65.497800,21.746600,8.0,0,5.8,1,mainland,0,0,0,0,0,0
2025-07-25T13:06:23.316592Z,2025,7,25,66.110700,22.226400,9.0,0,20.0,1,mainland,0,0,0,0,0,0
2025-07-25T13:06:23.341628Z,2025,7,25,66.134500,22.311800,5.0,0,11.8,1,inland_water,0,0,0,0,0,0
2025-07-25T13:06:26.585951Z,2025,7,25,66.033900,22.230100,-7.0,0,1.9,1,mainland,0,0,0,0,0,0
2025-07-25T13:06:31.246035Z,2025,7,25,66.138800,22.270100,-21.0,0,8.5,1,inland_water,0,0,0,0,0,0
2025-07-25T13:06:31.507264Z,2025,7,25,66.139300,22.278900,-7.0,0,9.5,1,inland_water,0,0,0,0,0,0
2025-07-25T13:06:36.876058Z,2025,7,25,65.975700,22.191400,-8.0,0,17.9,1,mainland,0,0,0,0,0,0
2025-07-25T13:06:37.158346Z,2025,7,25,66.029100,22.190500,-11.0,0,5.0,1,mainland,0,0,0,0,0,0
2025-07-25T13:06:48.228921Z,2025,7,25,66.123100,22.268100,-9.0,0,4.6,1,mainland,0,0,0,0,0,0
2025-07-25T13:06:48.443990Z,2025,7,25,66.125500,22.263000,-14.0,0,3.8,1,mainland,0,0,0,0,0,0
2025-07-25T13:06:48.478949Z,2025,7,25,66.181200,22.171500,-6.0,0,3.6,1,mainland,0,0,0,0,0,0
2025-07-25T13:07:06.060766Z,2025,7,25,66.023000,22.244100,-28.0,0,30.4,1,mainland,0,0,0,0,0,0
2025-07-25T13:07:07.333558Z,2025,7,25,66.045300,22.148300,-6.0,0,6.0,1,mainland,0,0,0,0,0,0
2025-07-25T13:07:07.648950Z,2025,7,25,66.023200,22.071200,-5.0,0,4.2,1,inland_water,0,0,0,0,0,0
2025-07-25T13:07:12.080189Z,2025,7,25,66.141500,22.279300,-30.0,0,9.3,1,inland_water,0,0,0,0,0,0
2025-07-25T13:07:12.109651Z,2025,7,25,66.141200,22.283800,-12.0,0,5.5,1,mainland,0,0,0,0,0,0
2025-07-25T13:07:21.200369Z,2025,7,25,65.493800,21.825300,4.0,0,1.5,1,mainland,0,0,0,0,0,0
2025-07-25T13:07:34.797305Z,2025,7,25,65.482500,21.730300,-6.0,0,5.4,1,mainland,0,0,0,1,1,1
2025-07-25T13:07:35.636296Z,2025,7,25,66.029800,22.203200,-6.0,0,5.5,1,mainland,0,0,0,0,0,0
2025-07-25T13:07:35.692102Z,2025,7,25,65.998300,22.191100,-6.0,0,4.6,1,mainland,0,0,0,0,0,0
2025-07-25T13:07:35.741401Z,2025,7,25,66.021600,22.211100,-6.0,0,4.6,1,mainland,0,0,0,0,0,0
2025-07-25T13:07:35.817063Z,2025,7,25,66.021800,22.150000,-6.0,0,4.8,1,mainland,0,0,0,0,0,0
2025-07-25T13:07:35.817459Z,2025,7,25,65.983900,22.222500,-10.0,0,10.8,1,inland_water,0,0,0,0,0,0
2025-07-25T13:07:39.995982Z,2025,7,25,66.127000,22.264300,-10.0,0,2.4,1,mainland,0,0,0,0,0,0
2025-07-25T13:07:51.078863Z,2025,7,25,65.982000,22.274800,-6.0,0,6.8,1,mainland,0,0,0,0,0,0
2025-07-25T13:07:51.241572Z,2025,7,25,66.046200,22.115500,-10.0,0,8.0,1,mainland,0,0,0,0,0,0
2025-07-25T13:07:51.284601Z,2025,7,25,66.045700,22.126500,-7.0,0,2.1,1,mainland,0,0,0,0,0,0
2025-07-25T13:07:51.401747Z,2025,7,25,66.045500,22.113400,-13.0,0,3.8,1,mainland,0,0,0,0,0,0
2025-07-25T13:07:56.865877Z,2025,7,25,65.474900,21.825800,7.0,0,14.8,1,mainland,0,0,0,0,0,0
2025-07-25T13:08:02.848228Z,2025,7,25,66.174200,22.279600,6.0,0,17.4,1,mainland,0,0,0,0,1,1
2025-07-25T13:08:06.890049Z,2025,7,25,66.139800,22.266700,7.0,0,22.4,1,inland_water,0,0,0,0,0,0
2025-07-25T13:08:10.546509Z,2025,7,25,66.039400,22.197800,-11.0,0,12.5,1,mainland,0,0,0,0,0,0
2025-07-25T13:08:10.608947Z,2025,7,25,66.002000,22.291000,-6.0,0,5.7,1,mainland,0,0,0,0,0,0
2025-07-25T13:08:10.728833Z,2025,7,25,66.048400,22.179700,-7.0,0,2.3,1,mainland,0,0,0,0,0,0
2025-07-25T13:08:10.773398Z,2025,7,25,66.048400,22.166200,-10.0,0,9.3,1,mainland,0,0,0,0,0,0
2025-07-25T13:08:10.985219Z,2025,7,25,66.047600,22.168500,-9.0,0,6.9,1,mainland,0,0,0,0,0,0
2025-07-25T13:08:11.236861Z,2025,7,25,66.131500,22.273100,-10.0,0,6.0,1,inland_water,0,0,0,0,0,0
2025-07-25T13:08:11.312056Z,2025,7,25,66.120500,22.326300,-10.0,0,4.4,1,mainland,0,0,0,0,0,0
2025-07-25T13:08:11.594123Z,2025,7,25,66.023400,22.192200,-14.0,0,8.6,1,mainland,0,0,0,0,0,0
2025-07-25T13:08:17.502107Z,2025,7,25,66.112500,22.286300,7.0,0,10.8,1,mainland,0,0,0,0,0,0
2025-07-25T13:08:17.664693Z,2025,7,25,66.122700,22.252500,8.0,0,5.2,1,mainland,0,0,0,0,0,0
2025-07-25T13:08:26.383163Z,2025,7,25,66.137700,22.268700,-19.0,0,8.1,1,inland_water,0,0,0,0,0,0
2025-07-25T13:08:26.421833Z,2025,7,25,66.138100,22.268700,-9.0,0,2.3,1,inland_water,0,0,0,0,0,0
2025-07-25T13:08:26.502752Z,2025,7,25,66.137500,22.268900,-20.0,0,8.5,1,inland_water,0,0,0,0,0,0
2025-07-25T13:08:26.503143Z,2025,7,25,66.133700,22.286000,-5.0,0,0.0,1,mainland,0,0,0,0,0,0
2025-07-25T13:08:26.569078Z,2025,7,25,66.137500,22.281300,-6.0,0,2.1,1,inland_water,0,0,0,0,0,0
2025-07-25T13:08:26.717317Z,2025,7,25,66.137600,22.270100,-11.0,0,6.2,1,inland_water,0,0,0,0,0,0
2025-07-25T13:08:29.822170Z,2025,7,25,65.979500,22.166000,17.0,0,12.5,1,mainland,0,0,0,0,0,0
2025-07-25T13:08:29.822693Z,2025,7,25,65.979200,22.167000,10.0,0,6.3,1,mainland,0,0,0,0,0,0
2025-07-25T13:08:33.925107Z,2025,7,25,66.116100,22.300700,6.0,0,9.5,1,mainland,0,0,0,0,0,0
2025-07-25T13:09:03.854571Z,2025,7,25,65.981800,22.174100,10.0,0,5.5,1,mainland,0,0,0,0,0,0
2025-07-25T13:09:03.855825Z,2025,7,25,65.982900,22.168500,8.0,0,3.3,1,mainland,0,0,0,0,0,0
2025-07-25T13:09:03.856117Z,2025,7,25,65.981800,22.177300,6.0,0,0.0,1,mainland,0,0,0,0,0,0
2025-07-25T13:09:03.856680Z,2025,7,25,65.983500,22.176400,8.0,0,27.6,1,mainland,0,0,0,0,0,0
2025-07-25T13:09:04.267678Z,2025,7,25,65.982000,22.167800,6.0,0,2.6,1,mainland,0,0,0,0,0,0
2025-07-25T13:09:07.115375Z,2025,7,25,65.501300,21.791600,-13.0,0,22.1,1,mainland,0,0,0,0,0,0
2025-07-25T13:09:08.226446Z,2025,7,25,66.140300,22.278000,-25.0,0,13.6,1,inland_water,0,0,0,0,0,0
2025-07-25T13:09:08.354176Z,2025,7,25,66.144300,22.272400,-16.0,0,8.0,1,inland_water,0,0,0,0,0,0
2025-07-25T13:09:08.424404Z,2025,7,25,66.145700,22.315300,-7.0,0,4.2,1,mainland,0,0,0,0,1,1
2025-07-25T13:09:41.413100Z,2025,7,25,65.993400,22.277500,-7.0,0,3.1,1,mainland,0,0,0,0,0,0
2025-07-25T13:09:41.468999Z,2025,7,25,65.993000,22.301400,-12.0,0,5.5,1,mainland,0,0,0,0,0,0
2025-07-25T13:09:41.502270Z,2025,7,25,65.993200,22.299200,-16.0,0,5.4,1,mainland,0,0,0,0,0,0
2025-07-25T13:09:41.570448Z,2025,7,25,65.993200,22.303000,-14.0,0,6.4,1,mainland,0,0,0,0,0,0
2025-07-25T13:09:41.807755Z,2025,7,25,65.992900,22.298600,-12.0,0,5.6,1,mainland,0,0,0,0,0,0
2025-07-25T13:09:41.943212Z,2025,7,25,65.993400,22.303700,-6.0,0,22.3,1,mainland,0,0,0,0,0,0
2025-07-25T13:09:46.599616Z,2025,7,25,66.159400,22.291200,8.0,0,8.0,1,mainland,0,0,0,0,0,1
2025-07-25T13:09:52.049742Z,2025,7,25,66.160200,22.292900,4.0,0,2.1,1,mainland,0,0,0,0,0,1
2025-07-25T13:09:52.079819Z,2025,7,25,66.155900,22.301600,5.0,0,11.7,1,mainland,0,0,0,0,1,1
2025-07-25T13:09:56.194398Z,2025,7,25,66.110800,22.211800,-6.0,0,4.6,1,mainland,0,0,0,0,0,0
2025-07-25T13:09:59.539392Z,2025,7,25,66.060200,22.291600,6.0,0,10.8,1,mainland,0,0,0,0,0,0
2025-07-25T13:10:01.152238Z,2025,7,25,66.147300,22.283900,-7.0,0,9.3,1,inland_water,0,0,0,0,0,0
2025-07-25T13:10:01.233104Z,2025,7,25,66.141700,22.290900,-18.0,0,7.4,1,inland_water,0,0,0,0,0,0
2025-07-25T13:10:01.364282Z,2025,7,25,66.142300,22.296200,-6.0,0,4.5,1,inland_water,0,0,0,0,0,0
2025-07-25T13:10:03.981902Z,2025,7,25,65.988000,22.171000,-29.0,0,15.7,1,mainland,0,0,0,0,0,0
2025-07-25T13:10:04.041291Z,2025,7,25,65.986000,22.165200,-8.0,0,8.3,1,mainland,0,0,0,0,0,0
2025-07-25T13:10:04.151219Z,2025,7,25,65.988200,22.162300,-6.0,0,4.3,1,mainland,0,0,0,0,0,0
2025-07-25T13:10:04.195112Z,2025,7,25,65.984700,22.173800,-5.0,0,3.9,1,mainland,0,0,0,0,0,0
2025-07-25T13:10:15.202851Z,2025,7,25,65.939700,22.328000,7.0,0,4.6,1,mainland,0,0,0,0,0,0
2025-07-25T13:10:36.195864Z,2025,7,25,65.531600,21.743400,-6.0,0,9.9,1,mainland,0,0,0,0,0,0
2025-07-25T13:10:36.416553Z,2025,7,25,65.507400,21.817000,-9.0,0,5.7,1,mainland,0,0,0,0,0,0
2025-07-25T13:10:36.498872Z,2025,7,25,65.497300,21.770300,-13.0,0,5.5,1,mainland,0,0,0,0,0,0
2025-07-25T13:10:37.331430Z,2025,7,25,66.136600,22.261400,-6.0,0,4.9,1,mainland,0,0,0,0,0,0
2025-07-25T13:10:44.255635Z,2025,7,25,66.159000,22.294400,8.0,0,6.8,1,mainland,0,0,0,0,0,1
2025-07-25T13:10:50.892480Z,2025,7,25,66.156900,22.300500,5.0,0,9.2,1,mainland,0,0,0,0,1,1
2025-07-25T13:10:50.897602Z,2025,7,25,66.173700,22.247600,5.0,0,24.1,1,mainland,0,0,0,0,0,0
2025-07-25T13:11:00.528171Z,2025,7,25,66.148200,22.293000,-20.0,0,6.9,1,inland_water,0,0,0,0,0,0
2025-07-25T13:11:00.528444Z,2025,7,25,66.149800,22.296600,6.0,0,0.0,1,inland_water,0,0,0,0,0,1
2025-07-25T13:11:00.598413Z,2025,7,25,66.142800,22.292700,-21.0,0,7.4,1,inland_water,0,0,0,0,0,0
2025-07-25T13:11:00.633991Z,2025,7,25,66.143400,22.290500,-8.0,0,6.1,1,inland_water,0,0,0,0,0,0
2025-07-25T13:11:00.705068Z,2025,7,25,66.143700,22.292800,-27.0,0,5.6,1,inland_water,0,0,0,0,0,0
2025-07-25T13:11:00.732185Z,2025,7,25,66.143300,22.295200,-11.0,0,4.3,1,inland_water,0,0,0,0,0,0
2025-07-25T13:11:04.520098Z,2025,7,25,66.094900,22.258800,-8.0,0,6.2,1,mainland,0,0,0,0,0,0
2025-07-25T13:11:12.972308Z,2025,7,25,66.172500,22.278700,5.0,0,5.8,1,mainland,0,0,0,0,0,1
2025-07-25T13:11:14.336788Z,2025,7,25,66.058900,22.258600,4.0,0,3.0,1,mainland,0,0,0,0,0,0
2025-07-25T13:11:19.445104Z,2025,7,25,66.134700,22.295500,7.0,0,3.2,1,inland_water,0,0,0,0,0,0
2025-07-25T13:11:19.452817Z,2025,7,25,66.145400,22.281400,7.0,0,5.7,1,inland_water,0,0,0,0,0,0
2025-07-25T13:11:19.462430Z,2025,7,25,66.135100,22.307300,10.0,0,12.6,1,inland_water,0,0,0,0,0,0
2025-07-25T13:11:25.132471Z,2025,7,25,66.136100,22.271800,-7.0,0,8.7,1,inland_water,0,0,0,0,0,0
2025-07-25T13:11:25.173158Z,2025,7,25,66.136600,22.268500,-10.0,0,5.1,1,inland_water,0,0,0,0,0,0
2025-07-25T13:11:31.130590Z,2025,7,25,65.988300,22.144800,-38.0,0,17.3,1,mainland,0,0,0,0,0,0
2025-07-25T13:11:31.144421Z,2025,7,25,65.986800,22.140400,-5.0,0,3.8,1,mainland,0,0,0,0,0,0
2025-07-25T13:11:31.157991Z,2025,7,25,65.988200,22.141400,-18.0,0,7.6,1,mainland,0,0,0,0,0,0
2025-07-25T13:11:31.180812Z,2025,7,25,65.993900,22.110800,-9.0,0,5.8,1,mainland,0,0,0,0,0,0
2025-07-25T13:11:37.631419Z,2025,7,25,66.072400,22.263000,24.0,0,18.6,1,mainland,0,0,0,0,0,0
2025-07-25T13:11:37.665372Z,2025,7,25,66.068600,22.263100,15.0,0,4.1,1,mainland,0,0,0,0,0,0
2025-07-25T13:11:41.192239Z,2025,7,25,66.138000,22.279800,-11.0,0,8.0,1,inland_water,0,0,0,0,0,0
2025-07-25T13:11:43.153648Z,2025,7,25,65.978400,22.207900,9.0,0,10.3,1,inland_water,0,0,0,0,0,0
2025-07-25T13:11:43.160566Z,2025,7,25,65.972600,22.304700,9.0,0,8.2,1,mainland,0,0,0,0,0,0
2025-07-25T13:11:43.160588Z,2025,7,25,65.966400,22.216100,-15.0,0,17.6,1,mainland,0,0,0,0,0,0
2025-07-25T13:11:44.403686Z,2025,7,25,66.040800,22.185800,-5.0,0,3.8,1,mainland,0,0,0,0,0,0
2025-07-25T13:11:48.552045Z,2025,7,25,66.151100,22.301600,8.0,0,8.0,1,inland_water,0,0,0,0,0,1
2025-07-25T13:11:54.978278Z,2025,7,25,65.999900,22.262600,-11.0,0,9.1,1,mainland,0,0,0,0,0,0
2025-07-25T13:11:55.011743Z,2025,7,25,65.984900,22.269700,-7.0,0,3.8,1,mainland,0,0,0,0,0,0
2025-07-25T13:11:55.039133Z,2025,7,25,66.003100,22.255500,-5.0,0,3.9,1,mainland,0,0,0,0,0,0
2025-07-25T13:11:57.145786Z,2025,7,25,66.062300,22.294100,-19.0,0,18.6,1,mainland,0,0,0,0,0,0
2025-07-25T13:12:03.331472Z,2025,7,25,66.134900,22.293700,-6.0,0,6.4,1,inland_water,0,0,0,0,0,0
2025-07-25T13:12:14.329114Z,2025,7,25,66.128600,22.315000,9.0,0,11.7,1,inland_water,0,0,0,0,0,0
2025-07-25T13:12:17.091613Z,2025,7,25,66.073600,22.261500,-6.0,0,11.5,1,mainland,0,0,0,0,0,0
2025-07-25T13:12:18.533399Z,2025,7,25,65.973900,22.404600,5.0,0,23.2,1,mainland,0,0,0,0,0,0
2025-07-25T13:12:19.198621Z,2025,7,25,66.149200,22.317900,-27.0,0,22.3,1,mainland,0,0,0,1,1,1
2025-07-25T13:12:19.202140Z,2025,7,25,66.160000,22.306800,-11.0,0,7.0,1,mainland,0,0,0,1,1,1
2025-07-25T13:12:19.227768Z,2025,7,25,66.165300,22.294300,6.0,0,15.7,1,mainland,0,0,0,0,1,1
2025-07-25T13:12:19.376098Z,2025,7,25,66.141400,22.192200,-5.0,0,18.1,1,mainland,0,0,0,0,0,0
2025-07-25T13:12:31.931438Z,2025,7,25,65.968800,22.384800,22.0,0,30.4,1,mainland,0,0,0,0,0,0
2025-07-25T13:12:31.938733Z,2025,7,25,65.942600,22.369900,-5.0,0,13.9,1,mainland,0,0,0,0,0,0
2025-07-25T13:12:39.143085Z,2025,7,25,66.065900,22.130100,-6.0,0,5.5,1,mainland,0,0,0,0,0,0
2025-07-25T13:12:39.154309Z,2025,7,25,66.061700,22.193600,-13.0,0,3.3,1,mainland,0,0,0,0,0,0
2025-07-25T13:12:41.959336Z,2025,7,25,66.148200,22.304400,-15.0,0,9.1,1,inland_water,0,0,0,0,0,1
2025-07-25T13:12:41.978601Z,2025,7,25,66.148600,22.296900,-8.0,0,4.6,1,inland_water,0,0,0,0,0,0
2025-07-25T13:12:41.996364Z,2025,7,25,66.148200,22.301100,-10.0,0,5.5,1,inland_water,0,0,0,0,0,1
2025-07-25T13:12:42.045833Z,2025,7,25,66.127900,22.274300,-6.0,0,5.2,1,inland_water,0,0,0,0,0,0
2025-07-25T13:12:51.301410Z,2025,7,25,66.165900,22.210800,5.0,0,9.5,1,mainland,0,0,0,0,0,0
2025-07-25T13:13:02.802244Z,2025,7,25,66.061600,22.300600,-9.0,0,27.9,1,mainland,0,0,0,0,0,0
2025-07-25T13:13:02.807770Z,2025,7,25,66.054400,22.291200,-8.0,0,3.5,1,mainland,0,0,0,0,0,0
2025-07-25T13:13:13.048019Z,2025,7,25,66.138600,22.303200,5.0,0,18.1,1,inland_water,0,0,0,0,0,0
2025-07-25T13:13:19.427805Z,2025,7,25,66.150300,22.296700,-41.0,0,13.9,1,inland_water,0,0,0,0,0,1
2025-07-25T13:13:19.586671Z,2025,7,25,66.015700,22.188000,-5.0,0,4.2,1,mainland,0,0,0,0,0,0
2025-07-25T13:13:31.822006Z,2025,7,25,66.156300,22.311300,10.0,0,0.0,1,mainland,0,0,0,1,1,1
2025-07-25T13:13:31.822216Z,2025,7,25,66.159400,22.301700,19.0,0,8.6,1,mainland,0,0,0,0,1,1
2025-07-25T13:13:31.822684Z,2025,7,25,66.163300,22.293800,12.0,0,25.5,1,mainland,0,0,0,0,1,1
2025-07-25T13:13:31.835539Z,2025,7,25,66.166400,22.280600,3.0,0,2.1,1,mainland,0,0,0,0,0,1
2025-07-25T13:13:34.561477Z,2025,7,25,66.078700,22.309300,-7.0,0,5.7,1,mainland,0,0,0,0,0,0
2025-07-25T13:13:38.606898Z,2025,7,25,65.492300,21.778400,-13.0,0,10.9,1,mainland,0,0,0,0,0,0
2025-07-25T13:13:40.086806Z,2025,7,25,66.154800,22.303100,-44.0,0,16.2,1,inland_water,0,0,0,0,1,1
2025-07-25T13:13:40.119000Z,2025,7,25,66.154100,22.302800,-17.0,0,8.2,1,inland_water,0,0,0,0,1,1
2025-07-25T13:13:40.165499Z,2025,7,25,66.153100,22.302800,-24.0,0,9.9,1,inland_water,0,0,0,0,0,1
2025-07-25T13:13:40.214250Z,2025,7,25,66.153300,22.301500,-22.0,0,6.3,1,inland_water,0,0,0,0,0,1
2025-07-25T13:13:40.268174Z,2025,7,25,66.153100,22.305500,-13.0,0,4.5,1,mainland,0,0,0,0,1,1
2025-07-25T13:13:40.368896Z,2025,7,25,66.153000,22.303300,-10.0,0,4.5,1,inland_water,0,0,0,0,0,1
2025-07-25T13:13:45.697178Z,2025,7,25,65.996800,22.225000,5.0,0,2.4,1,mainland,0,0,0,0,0,0
2025-07-25T13:13:45.697233Z,2025,7,25,66.000000,22.257500,-11.0,0,13.7,1,mainland,0,0,0,0,0,0
2025-07-25T13:13:45.698444Z,2025,7,25,65.995000,22.236200,8.0,0,4.6,1,mainland,0,0,0,0,0,0
2025-07-25T13:13:45.701975Z,2025,7,25,65.992200,22.221700,7.0,0,7.7,1,mainland,0,0,0,0,0,0
2025-07-25T13:13:53.056702Z,2025,7,25,66.069700,22.185700,-7.0,0,5.8,1,mainland,0,0,0,0,0,0
2025-07-25T13:13:53.219821Z,2025,7,25,66.066200,22.206600,-12.0,0,2.7,1,mainland,0,0,0,0,0,0
2025-07-25T13:13:53.358625Z,2025,7,25,66.065800,22.206000,-15.0,0,5.4,1,mainland,0,0,0,0,0,0
2025-07-25T13:14:04.627597Z,2025,7,25,66.060500,22.285600,6.0,0,6.6,1,mainland,0,0,0,0,0,0
2025-07-25T13:14:05.157995Z,2025,7,25,66.056800,22.294700,-4.0,0,12.3,1,mainland,0,0,0,0,0,0
2025-07-25T13:14:05.159324Z,2025,7,25,66.048100,22.304200,-23.0,0,7.6,1,mainland,0,0,0,0,0,0
2025-07-25T13:14:05.206549Z,2025,7,25,66.049300,22.294900,-5.0,0,4.4,1,mainland,0,0,0,0,0,0
2025-07-25T13:14:05.268175Z,2025,7,25,66.048600,22.305000,-6.0,0,5.1,1,mainland,0,0,0,0,0,0
2025-07-25T13:14:05.375249Z,2025,7,25,66.048500,22.302900,-8.0,0,4.8,1,mainland,0,0,0,0,0,0
2025-07-25T13:14:05.420504Z,2025,7,25,66.050000,22.293700,-5.0,0,3.9,1,mainland,0,0,0,0,0,0
2025-07-25T13:14:13.026108Z,2025,7,25,66.134900,22.309600,-7.0,0,3.9,1,inland_water,0,0,0,0,0,0
2025-07-25T13:14:18.816572Z,2025,7,25,66.001900,22.213300,-8.0,0,6.4,1,mainland,0,0,0,0,0,0
2025-07-25T13:14:19.335539Z,2025,7,25,65.993500,22.216700,-8.0,0,5.2,1,mainland,0,0,0,0,0,0
2025-07-25T13:14:19.624123Z,2025,7,25,65.993800,22.216600,-6.0,0,5.5,1,mainland,0,0,0,0,0,0
2025-07-25T13:14:25.097325Z,2025,7,25,66.073000,22.292200,5.0,0,20.5,1,mainland,0,0,0,0,0,0
2025-07-25T13:14:41.084500Z,2025,7,25,66.128200,22.323900,-6.0,0,6.0,1,mainland,0,0,0,0,0,1
2025-07-25T13:14:41.385611Z,2025,7,25,65.994200,22.231200,15.0,0,12.9,1,mainland,0,0,0,0,0,0
2025-07-25T13:14:41.386167Z,2025,7,25,65.995400,22.238700,6.0,0,13.7,1,mainland,0,0,0,0,0,0
2025-07-25T13:14:41.387275Z,2025,7,25,65.988700,22.247700,11.0,0,11.8,1,mainland,0,0,0,0,0,0
2025-07-25T13:14:41.388661Z,2025,7,25,65.991200,22.219000,4.0,0,2.4,1,mainland,0,0,0,0,0,0
2025-07-25T13:14:58.258955Z,2025,7,25,65.992500,22.217500,5.0,0,8.6,1,mainland,0,0,0,0,0,0
2025-07-25T13:15:00.503656Z,2025,7,25,66.165900,22.299100,8.0,0,15.7,1,mainland,0,0,0,1,1,1
2025-07-25T13:15:13.588533Z,2025,7,25,66.141700,22.325800,-7.0,0,3.7,1,mainland,0,0,0,1,1,1
2025-07-25T13:15:17.054177Z,2025,7,25,66.026000,22.222700,-5.0,0,4.3,1,mainland,0,0,0,0,0,0
2025-07-25T13:15:17.445292Z,2025,7,25,66.012600,22.262800,-9.0,0,4.1,1,mainland,0,0,0,0,0,0
2025-07-25T13:15:29.397792Z,2025,7,25,66.110700,22.303500,8.0,0,1.9,1,inland_water,0,0,0,0,0,0
2025-07-25T13:15:31.763815Z,2025,7,25,66.033300,22.145300,-6.0,0,5.8,1,mainland,0,0,0,0,0,0
2025-07-25T13:15:32.069089Z,2025,7,25,66.008600,22.219800,5.0,0,4.6,1,mainland,0,0,0,0,0,0
2025-07-25T13:15:32.070070Z,2025,7,25,66.006300,22.232800,7.0,0,6.8,1,mainland,0,0,0,0,0,0
2025-07-25T13:15:32.081486Z,2025,7,25,65.993000,22.236700,7.0,0,4.3,1,mainland,0,0,0,0,0,0
2025-07-25T13:15:32.095953Z,2025,7,25,65.996900,22.245200,4.0,0,1.2,1,mainland,0,0,0,0,0,0
2025-07-25T13:15:36.589399Z,2025,7,25,65.551200,22.006600,10.0,0,3.9,1,mainland,0,0,0,0,0,0
2025-07-25T13:15:36.600366Z,2025,7,25,65.551100,22.003900,6.0,0,3.3,1,mainland,0,0,0,0,0,0
2025-07-25T13:15:39.305853Z,2025,7,25,66.064300,22.300500,-6.0,0,7.2,1,mainland,0,0,0,0,0,0
2025-07-25T13:15:39.320408Z,2025,7,25,66.067400,22.307100,-6.0,0,8.5,1,mainland,0,0,0,0,0,0
2025-07-25T13:15:40.251796Z,2025,7,25,66.056100,22.408200,-6.0,0,5.8,1,mainland,0,0,0,0,0,0
2025-07-25T13:15:49.576251Z,2025,7,25,65.461400,21.810700,6.0,0,7.7,1,other,0,0,0,1,1,1
2025-07-25T13:15:51.733230Z,2025,7,25,66.140200,22.316500,-9.0,0,7.0,1,mainland,0,0,0,0,0,1
2025-07-25T13:15:51.763723Z,2025,7,25,66.121300,22.266000,-6.0,0,5.7,1,mainland,0,0,0,0,0,0
2025-07-25T13:15:51.792236Z,2025,7,25,66.141500,22.311800,-13.0,0,9.2,1,inland_water,0,0,0,0,0,1
2025-07-25T13:15:51.835641Z,2025,7,25,66.141900,22.308200,-29.0,0,8.7,1,inland_water,0,0,0,0,0,1
2025-07-25T13:15:51.871986Z,2025,7,25,66.141700,22.323400,-7.0,0,4.5,1,mainland,0,0,0,0,1,1
2025-07-25T13:15:51.921773Z,2025,7,25,66.076200,22.273000,8.0,0,11.9,1,mainland,0,0,0,0,0,0
2025-07-25T13:15:51.931911Z,2025,7,25,66.141300,22.310000,-12.0,0,7.3,1,inland_water,0,0,0,0,0,1
2025-07-25T13:15:56.034245Z,2025,7,25,66.123400,22.338000,5.0,0,3.5,1,mainland,0,0,0,0,0,1
2025-07-25T13:16:04.210338Z,2025,7,25,66.013300,22.198100,-15.0,0,9.4,1,mainland,0,0,0,0,0,0
2025-07-25T13:16:04.230292Z,2025,7,25,66.003600,22.221000,-8.0,0,7.4,1,mainland,0,0,0,0,0,0
2025-07-25T13:16:20.882435Z,2025,7,25,66.129600,22.344600,5.0,0,19.7,1,mainland,0,0,0,1,1,1
2025-07-25T13:16:37.840057Z,2025,7,25,66.029900,22.273300,-11.0,0,6.0,1,mainland,0,0,0,0,0,0
2025-07-25T13:16:37.898593Z,2025,7,25,66.031500,22.267200,-6.0,0,4.6,1,mainland,0,0,0,0,0,0
2025-07-25T13:16:59.691305Z,2025,7,25,66.138400,22.334100,-5.0,0,5.5,1,mainland,0,0,0,1,1,1
2025-07-25T13:16:59.744000Z,2025,7,25,66.121600,22.277900,-7.0,0,4.5,1,inland_water,0,0,0,0,0,0
2025-07-25T13:17:07.267745Z,2025,7,25,66.094500,22.282900,4.0,0,10.0,1,mainland,0,0,0,0,0,0
2025-07-25T13:17:11.617181Z,2025,7,25,65.961500,22.398000,7.0,0,2.7,1,mainland,0,0,0,0,0,0
2025-07-25T13:17:18.619413Z,2025,7,25,66.097600,22.365500,6.0,0,1.9,1,mainland,0,0,0,0,0,1
2025-07-25T13:17:29.444997Z,2025,7,25,66.078100,22.338000,5.0,0,27.9,1,mainland,0,0,0,0,0,0
2025-07-25T13:17:33.371808Z,2025,7,25,66.015700,22.247300,-22.0,0,7.4,1,mainland,0,0,0,0,0,0
2025-07-25T13:17:33.390472Z,2025,7,25,66.022500,22.231300,-12.0,0,6.8,1,mainland,0,0,0,0,0,0
2025-07-25T13:17:33.425473Z,2025,7,25,65.987700,22.310600,-7.0,0,14.2,1,mainland,0,0,0,0,0,0
2025-07-25T13:17:35.803675Z,2025,7,25,65.478600,21.877200,7.0,0,2.9,1,mainland,0,0,0,0,0,0
2025-07-25T13:17:46.967326Z,2025,7,25,66.087900,22.305800,-5.0,0,8.5,1,mainland,0,0,0,0,0,0
2025-07-25T13:17:50.648720Z,2025,7,25,66.012100,22.294100,5.0,0,3.1,1,mainland,0,0,0,0,0,0
2025-07-25T13:18:04.911689Z,2025,7,25,65.487200,21.750600,9.0,0,15.6,1,mainland,0,0,0,0,0,0
2025-07-25T13:18:04.951429Z,2025,7,25,65.534000,21.825400,-4.0,0,2.1,1,mainland,0,0,0,0,0,0
2025-07-25T13:18:08.838093Z,2025,7,25,66.140500,22.322100,-10.0,0,5.8,1,mainland,0,0,0,0,1,1
2025-07-25T13:18:08.882391Z,2025,7,25,66.146700,22.320600,-15.0,0,4.4,1,mainland,0,0,0,1,1,1
2025-07-25T13:18:20.118656Z,2025,7,25,66.003900,22.285000,-72.0,0,5.9,1,mainland,0,0,0,0,0,0
2025-07-25T13:18:20.172187Z,2025,7,25,65.994700,22.284200,-12.0,0,5.6,1,mainland,0,0,0,0,0,0
2025-07-25T13:18:20.204425Z,2025,7,25,66.012200,22.268700,-12.0,0,6.8,1,mainland,0,0,0,0,0,0
2025-07-25T13:18:20.232417Z,2025,7,25,66.003800,22.285300,-6.0,0,3.3,1,mainland,0,0,0,0,0,0
2025-07-25T13:18:29.503305Z,2025,7,25,66.121400,22.323200,8.0,0,14.2,1,inland_water,0,0,0,0,0,0
2025-07-25T13:18:52.169472Z,2025,7,25,66.115300,22.320200,4.0,0,24.8,1,inland_water,0,0,0,0,0,0
2025-07-25T13:18:52.180841Z,2025,7,25,66.128200,22.330800,7.0,0,7.9,1,mainland,0,0,0,0,0,1
2025-07-25T13:18:52.913446Z,2025,7,25,66.031400,22.267300,5.0,0,30.4,1,mainland,0,0,0,0,0,0
2025-07-25T13:18:58.902933Z,2025,7,25,65.451000,21.841500,7.0,0,25.4,1,mainland,0,0,0,0,1,1
2025-07-25T13:19:17.814053Z,2025,7,25,66.113800,22.330000,5.0,0,4.1,1,inland_water,0,0,0,0,0,0
2025-07-25T13:19:40.715996Z,2025,7,25,66.123100,22.349300,5.0,0,3.1,1,mainland,0,0,0,1,1,1
2025-07-25T13:19:41.007300Z,2025,7,25,66.122000,22.215500,16.0,0,0.0,1,mainland,0,0,0,0,0,0
2025-07-25T13:19:47.254601Z,2025,7,25,65.483100,21.777500,8.0,0,2.7,1,mainland,0,0,0,0,0,0
2025-07-25T13:19:47.255582Z,2025,7,25,65.490700,21.777000,7.0,0,4.5,1,mainland,0,0,0,0,0,0
2025-07-25T13:19:48.697004Z,2025,7,25,66.045700,22.282600,-21.0,0,9.8,1,inland_water,0,0,0,0,0,0
2025-07-25T13:19:48.722418Z,2025,7,25,66.045900,22.284900,-8.0,0,5.6,1,mainland,0,0,0,0,0,0
2025-07-25T13:19:52.749803Z,2025,7,25,66.023100,22.308800,-6.0,0,6.8,1,mainland,0,0,0,0,0,0
2025-07-25T13:20:01.056781Z,2025,7,25,65.531800,21.800700,-15.0,0,18.0,1,mainland,0,0,0,0,0,0
2025-07-25T13:20:17.873282Z,2025,7,25,66.175100,22.251900,-7.0,0,5.4,1,mainland,0,0,0,0,0,0
2025-07-25T13:20:39.344393Z,2025,7,25,66.106800,22.363000,45.0,0,25.6,1,mainland,0,0,0,0,1,1
2025-07-25T13:20:44.750370Z,2025,7,25,65.980600,22.349600,9.0,0,9.8,1,mainland,0,0,0,0,0,0
2025-07-25T13:20:45.164815Z,2025,7,25,65.943700,22.419100,-16.0,0,5.0,1,mainland,0,0,0,0,0,0
2025-07-25T13:20:50.365705Z,2025,7,25,66.121000,22.303300,-7.0,0,19.5,1,inland_water,0,0,0,0,0,0
2025-07-25T13:20:54.641503Z,2025,7,25,65.475300,21.910800,-7.0,0,11.0,1,mainland,0,0,0,0,0,0
2025-07-25T13:20:54.641541Z,2025,7,25,65.508000,21.871700,14.0,0,9.4,1,sea,1,1,1,0,0,0
2025-07-25T13:20:54.696150Z,2025,7,25,65.496800,21.901900,-10.0,0,9.6,1,sea,1,1,1,0,0,0
2025-07-25T13:20:54.698091Z,2025,7,25,65.486800,21.865400,10.0,0,5.9,1,mainland,0,0,0,0,0,0
2025-07-25T13:20:56.071116Z,2025,7,25,66.073100,22.344700,3.0,0,10.0,1,mainland,0,0,0,0,0,0
2025-07-25T13:20:59.859089Z,2025,7,25,66.097800,22.166300,-15.0,0,8.3,1,mainland,0,0,0,0,0,0
2025-07-25T13:21:02.446347Z,2025,7,25,66.052300,22.282500,-8.0,0,15.3,1,mainland,0,0,0,0,0,0
2025-07-25T13:21:02.466045Z,2025,7,25,65.479200,21.750700,11.0,0,11.3,1,mainland,0,0,0,0,1,1
2025-07-25T13:21:02.539751Z,2025,7,25,66.047700,22.294800,-11.0,0,3.8,1,mainland,0,0,0,0,0,0
2025-07-25T13:21:02.689716Z,2025,7,25,66.047500,22.289100,-15.0,0,6.8,1,mainland,0,0,0,0,0,0
2025-07-25T13:21:02.690338Z,2025,7,25,66.003800,22.303000,6.0,0,7.2,1,mainland,0,0,0,0,0,0
2025-07-25T13:21:13.183580Z,2025,7,25,66.027800,22.329400,8.0,0,12.4,1,mainland,0,0,0,0,0,0
2025-07-25T13:21:13.196680Z,2025,7,25,66.029500,22.322500,5.0,0,7.3,1,mainland,0,0,0,0,0,0
2025-07-25T13:21:19.147014Z,2025,7,25,66.120300,22.349500,8.0,0,20.4,1,mainland,0,0,0,0,1,1
2025-07-25T13:21:19.147051Z,2025,7,25,66.146500,22.303400,-15.0,0,15.5,1,inland_water,0,0,0,0,0,1
2025-07-25T13:21:19.175939Z,2025,7,25,66.121200,22.341600,5.0,0,3.0,1,mainland,0,0,0,0,0,1
2025-07-25T13:21:26.637366Z,2025,7,25,66.076300,22.397500,7.0,0,13.9,1,mainland,0,0,0,0,0,1
2025-07-25T13:21:31.703180Z,2025,7,25,66.118500,22.353600,10.0,0,14.7,1,inland_water,0,0,0,0,1,1
2025-07-25T13:21:31.713568Z,2025,7,25,66.118400,22.349600,6.0,0,1.9,1,inland_water,0,0,0,0,1,1
2025-07-25T13:21:36.285306Z,2025,7,25,65.996700,22.344000,-8.0,0,4.3,1,mainland,0,0,0,0,0,0
2025-07-25T13:21:36.326103Z,2025,7,25,65.987600,22.334200,-12.0,0,7.0,1,mainland,0,0,0,0,0,0
2025-07-25T13:21:42.842535Z,2025,7,25,66.034600,22.313100,21.0,0,18.0,1,mainland,0,0,0,0,0,0
2025-07-25T13:21:43.318761Z,2025,7,25,66.041200,22.338800,6.0,0,5.3,1,mainland,0,0,0,0,0,0
2025-07-25T13:21:43.930869Z,2025,7,25,65.474400,21.796200,5.0,0,2.3,1,mainland,0,0,0,0,0,0
2025-07-25T13:21:43.992840Z,2025,7,25,65.480800,21.734700,5.0,0,4.0,1,mainland,0,0,0,1,1,1
2025-07-25T13:21:52.579723Z,2025,7,25,65.485400,21.879500,-6.0,0,7.0,1,mainland,0,0,0,0,0,0
2025-07-25T13:21:54.903629Z,2025,7,25,65.482500,21.729200,6.0,0,7.5,1,mainland,0,0,0,1,1,1
2025-07-25T13:22:12.331417Z,2025,7,25,65.485700,21.737800,8.0,0,5.4,1,mainland,0,0,0,0,0,1
2025-07-25T13:22:16.681656Z,2025,7,25,66.118700,22.332400,-10.0,0,4.3,1,inland_water,0,0,0,0,0,0
2025-07-25T13:22:26.445356Z,2025,7,25,66.114300,22.353200,17.0,0,7.3,1,inland_water,0,0,0,0,1,1
2025-07-25T13:22:26.784514Z,2025,7,25,66.119500,22.347500,8.0,0,17.4,1,mainland,0,0,0,0,1,1
2025-07-25T13:22:28.895349Z,2025,7,25,65.985900,22.392900,-12.0,0,5.7,1,mainland,0,0,0,0,0,0
2025-07-25T13:22:28.946824Z,2025,7,25,65.989000,22.346300,-13.0,0,5.6,1,mainland,0,0,0,0,0,0
2025-07-25T13:22:30.034688Z,2025,7,25,65.482100,21.828700,-21.0,0,12.7,1,mainland,0,0,0,0,0,0
2025-07-25T13:22:35.147607Z,2025,7,25,66.034200,22.343300,4.0,0,2.3,1,mainland,0,0,0,0,0,0
2025-07-25T13:22:40.894604Z,2025,7,25,65.485300,21.747200,12.0,0,26.7,1,mainland,0,0,0,0,0,1
2025-07-25T13:22:46.125569Z,2025,7,25,65.514500,21.777600,6.0,0,1.9,1,mainland,0,0,0,0,0,0
2025-07-25T13:22:51.068886Z,2025,7,25,66.106300,22.350700,-10.0,0,4.4,1,mainland,0,0,0,0,0,1
2025-07-25T13:23:00.318155Z,2025,7,25,65.480900,21.802900,5.0,0,5.2,1,mainland,0,0,0,0,0,0
2025-07-25T13:23:00.318211Z,2025,7,25,65.487500,21.764300,-9.0,0,7.7,1,mainland,0,0,0,0,0,0
2025-07-25T13:23:16.385902Z,2025,7,25,65.476800,21.786000,6.0,0,5.0,1,mainland,0,0,0,0,0,0
2025-07-25T13:23:16.398709Z,2025,7,25,65.530300,21.946800,7.0,0,23.7,1,mainland,0,0,1,0,0,0
2025-07-25T13:23:18.068965Z,2025,7,25,66.123300,22.348900,-11.0,0,17.2,1,mainland,0,0,0,1,1,1
2025-07-25T13:23:18.457640Z,2025,7,25,65.475100,21.774400,-9.0,0,6.2,1,mainland,0,0,0,0,0,1
2025-07-25T13:23:23.955602Z,2025,7,25,65.479800,21.755800,9.0,0,8.0,1,mainland,0,0,0,0,0,1
2025-07-25T13:23:49.095256Z,2025,7,25,65.493300,21.742400,5.0,0,7.7,1,mainland,0,0,0,0,0,0
2025-07-25T13:23:51.064481Z,2025,7,25,66.037300,22.283200,-17.0,0,14.2,1,mainland,0,0,0,0,0,0
2025-07-25T13:23:51.108818Z,2025,7,25,66.023100,22.325300,-13.0,0,4.8,1,mainland,0,0,0,0,0,0
2025-07-25T13:23:51.155632Z,2025,7,25,66.032500,22.323700,-7.0,0,3.0,1,mainland,0,0,0,0,0,0
2025-07-25T13:23:51.197140Z,2025,7,25,66.023400,22.337800,-17.0,0,7.2,1,mainland,0,0,0,0,0,0
2025-07-25T13:23:51.539788Z,2025,7,25,66.032600,22.323700,-7.0,0,3.5,1,mainland,0,0,0,0,0,0
2025-07-25T13:23:51.627261Z,2025,7,25,66.032600,22.320500,-6.0,0,2.7,1,mainland,0,0,0,0,0,0
2025-07-25T13:24:07.646008Z,2025,7,25,65.485700,21.763200,7.0,0,5.4,1,mainland,0,0,0,0,0,0
2025-07-25T13:24:07.646784Z,2025,7,25,65.484400,21.758400,8.0,0,7.4,1,mainland,0,0,0,0,0,0
2025-07-25T13:24:07.648954Z,2025,7,25,65.485800,21.747600,6.0,0,3.0,1,mainland,0,0,0,0,0,1
2025-07-25T13:24:07.658359Z,2025,7,25,65.488400,21.762900,6.0,0,4.4,1,mainland,0,0,0,0,0,0
2025-07-25T13:24:07.679924Z,2025,7,25,65.486400,21.774200,11.0,0,12.0,1,mainland,0,0,0,0,0,0
2025-07-25T13:24:08.426806Z,2025,7,25,66.038000,22.397200,-12.0,0,6.6,1,mainland,0,0,0,0,0,0
2025-07-25T13:24:08.501579Z,2025,7,25,66.040200,22.364400,-12.0,0,6.4,1,mainland,0,0,0,0,0,0
2025-07-25T13:24:08.824650Z,2025,7,25,66.040000,22.363200,-16.0,0,6.6,1,mainland,0,0,0,0,0,0
2025-07-25T13:24:19.070473Z,2025,7,25,65.489800,21.821400,9.0,0,13.1,1,mainland,0,0,0,0,0,0
2025-07-25T13:24:19.074335Z,2025,7,25,65.486600,21.818100,7.0,0,7.5,1,mainland,0,0,0,0,0,0
2025-07-25T13:24:27.317625Z,2025,7,25,65.490300,21.759000,10.0,0,5.6,1,mainland,0,0,0,0,0,0
2025-07-25T13:24:30.163459Z,2025,7,25,66.028100,22.363300,6.0,0,4.2,1,mainland,0,0,0,0,0,0
2025-07-25T13:24:30.163476Z,2025,7,25,66.021200,22.413300,-12.0,0,16.8,1,mainland,0,0,0,0,0,0
2025-07-25T13:24:30.464254Z,2025,7,25,66.030000,22.354200,8.0,0,4.6,1,mainland,0,0,0,0,0,0
2025-07-25T13:24:41.027419Z,2025,7,25,65.485200,21.768600,5.0,0,6.8,1,mainland,0,0,0,0,0,0
2025-07-25T13:24:41.028883Z,2025,7,25,65.489800,21.791700,15.0,0,22.1,1,mainland,0,0,0,0,0,0
2025-07-25T13:24:41.029953Z,2025,7,25,65.488400,21.769100,6.0,0,14.7,1,mainland,0,0,0,0,0,0
2025-07-25T13:24:41.032970Z,2025,7,25,65.491600,21.782900,7.0,0,3.6,1,mainland,0,0,0,0,0,0
2025-07-25T13:24:41.130919Z,2025,7,25,65.508300,21.753400,-7.0,0,14.5,1,mainland,0,0,0,0,0,0
2025-07-25T13:25:15.944886Z,2025,7,25,65.479700,21.790600,5.0,0,18.4,1,mainland,0,0,0,0,0,0
2025-07-25T13:25:15.955256Z,2025,7,25,65.484200,21.773300,8.0,0,10.9,1,mainland,0,0,0,0,0,0
2025-07-25T13:25:24.745988Z,2025,7,25,66.034800,22.430400,5.0,0,6.3,1,mainland,0,0,0,0,0,1
2025-07-25T13:25:25.766154Z,2025,7,25,65.458600,21.933800,9.0,0,30.4,1,mainland,0,0,1,0,0,0
2025-07-25T13:25:26.261335Z,2025,7,25,65.495200,21.837600,-8.0,0,7.1,1,mainland,0,0,0,0,0,0
2025-07-25T13:25:26.273968Z,2025,7,25,65.525400,21.876800,6.0,0,5.0,1,mainland,1,1,1,0,0,0
2025-07-25T13:25:26.437828Z,2025,7,25,65.472800,21.807200,-12.0,0,5.0,1,mainland,0,0,0,0,0,0
2025-07-25T13:25:26.564204Z,2025,7,25,65.559600,21.986100,8.0,0,8.3,1,mainland,0,0,0,0,0,0
2025-07-25T13:25:47.075052Z,2025,7,25,65.490800,21.785800,23.0,0,23.5,1,mainland,0,0,0,0,0,0
2025-07-25T13:25:47.075847Z,2025,7,25,65.491600,21.793000,12.0,0,4.4,1,mainland,0,0,0,0,0,0
2025-07-25T13:25:53.317585Z,2025,7,25,66.046500,22.350100,-40.0,0,11.2,1,mainland,0,0,0,0,0,0
2025-07-25T13:25:53.409766Z,2025,7,25,66.045700,22.329300,-26.0,0,7.9,1,mainland,0,0,0,0,0,0
2025-07-25T13:25:53.479442Z,2025,7,25,66.039400,22.359300,-6.0,0,5.0,1,mainland,0,0,0,0,0,0
2025-07-25T13:25:59.702249Z,2025,7,25,65.493300,21.751100,10.0,0,11.8,1,mainland,0,0,0,0,0,0
2025-07-25T13:25:59.702551Z,2025,7,25,65.495600,21.748600,8.0,0,12.8,1,mainland,0,0,0,0,0,0
2025-07-25T13:25:59.717207Z,2025,7,25,65.466500,21.814600,5.0,0,3.2,1,mainland,0,0,0,0,0,1
2025-07-25T13:26:09.739288Z,2025,7,25,65.487100,21.778800,14.0,0,6.1,1,mainland,0,0,0,0,0,0
2025-07-25T13:26:09.741343Z,2025,7,25,65.472200,21.858600,-13.0,0,19.9,1,mainland,0,0,0,0,0,0
2025-07-25T13:26:17.825982Z,2025,7,25,66.042200,22.413800,6.0,0,2.4,1,mainland,0,0,0,0,0,0
2025-07-25T13:26:24.069439Z,2025,7,25,65.486800,21.834100,-18.0,0,19.9,1,mainland,0,0,0,0,0,0
2025-07-25T13:26:24.070368Z,2025,7,25,65.492700,21.786700,7.0,0,11.1,1,mainland,0,0,0,0,0,0
2025-07-25T13:26:26.754026Z,2025,7,25,66.053300,22.430400,-10.0,0,4.5,1,mainland,0,0,0,1,1,1
2025-07-25T13:26:41.638513Z,2025,7,25,65.487700,21.802300,5.0,0,0.0,1,mainland,0,0,0,0,0,0
2025-07-25T13:26:41.638556Z,2025,7,25,65.488300,21.795200,18.0,0,10.3,1,mainland,0,0,0,0,0,0
2025-07-25T13:26:41.638556Z,2025,7,25,65.485000,21.798300,22.0,0,10.4,1,mainland,0,0,0,0,0,0
2025-07-25T13:26:41.642533Z,2025,7,25,65.480200,21.785600,10.0,0,17.2,1,mainland,0,0,0,0,0,0
2025-07-25T13:26:41.666440Z,2025,7,25,65.485300,21.792400,7.0,0,4.9,1,mainland,0,0,0,0,0,0
2025-07-25T13:26:41.672417Z,2025,7,25,65.485400,21.801400,4.0,0,7.1,1,mainland,0,0,0,0,0,0
2025-07-25T13:26:52.146178Z,2025,7,25,66.050700,22.436900,-7.0,0,11.6,1,mainland,0,0,0,1,1,1
2025-07-25T13:26:52.187444Z,2025,7,25,66.057400,22.377700,-6.0,0,5.4,1,mainland,0,0,0,0,0,0
2025-07-25T13:26:52.257703Z,2025,7,25,66.056900,22.380700,-18.0,0,9.3,1,mainland,0,0,0,0,0,0
2025-07-25T13:26:52.300754Z,2025,7,25,66.057000,22.385300,-9.0,0,5.7,1,mainland,0,0,0,0,0,0
2025-07-25T13:27:29.505204Z,2025,7,25,65.500400,21.830500,7.0,0,3.3,1,mainland,0,0,0,0,0,0
2025-07-25T13:27:29.505211Z,2025,7,25,65.480200,21.864200,-16.0,0,13.5,1,mainland,0,0,0,0,0,0
2025-07-25T13:27:29.505868Z,2025,7,25,65.502400,21.847000,13.0,0,0.0,1,mainland,0,0,0,0,0,0
2025-07-25T13:27:29.505910Z,2025,7,25,65.501100,21.820700,25.0,0,27.3,1,mainland,0,0,0,0,0,0
2025-07-25T13:27:29.507674Z,2025,7,25,65.501600,21.805100,9.0,0,7.5,1,mainland,0,0,0,0,0,0
2025-07-25T13:27:29.532818Z,2025,7,25,65.501400,21.832100,16.0,0,23.3,1,mainland,0,0,0,0,0,0
2025-07-25T13:27:44.353325Z,2025,7,25,65.493000,21.877900,15.0,0,12.1,1,mainland,0,0,1,0,0,0
2025-07-25T13:28:04.298251Z,2025,7,25,65.501800,21.841700,7.0,0,4.4,1,mainland,0,0,0,0,0,0
2025-07-25T13:28:04.301923Z,2025,7,25,65.510600,21.842300,12.0,0,15.0,1,mainland,0,0,1,0,0,0
2025-07-25T13:28:04.301968Z,2025,7,25,65.497700,21.823700,-16.0,0,30.0,1,mainland,0,0,0,0,0,0
2025-07-25T13:28:04.302915Z,2025,7,25,65.504200,21.832600,9.0,0,4.6,1,mainland,0,0,0,0,0,0
2025-07-25T13:28:04.305673Z,2025,7,25,65.513100,21.734800,4.0,0,3.2,1,mainland,0,0,0,0,0,0
2025-07-25T13:28:04.573635Z,2025,7,25,65.510900,21.895500,-99.0,0,12.9,1,mainland,0,1,1,0,0,0
2025-07-25T13:28:10.036697Z,2025,7,25,66.067000,22.391700,-12.0,0,7.8,1,mainland,0,0,0,0,0,0
2025-07-25T13:28:10.075681Z,2025,7,25,66.038700,22.396400,-9.0,0,5.8,1,mainland,0,0,0,0,0,0
2025-07-25T13:28:26.255649Z,2025,7,25,66.002100,22.436500,-7.0,0,3.8,1,mainland,0,0,0,0,0,0
2025-07-25T13:28:42.441607Z,2025,7,25,66.143100,22.295800,-6.0,0,3.5,1,inland_water,0,0,0,0,0,0
2025-07-25T13:28:48.503118Z,2025,7,25,65.501800,21.883600,11.0,0,15.5,1,sea,1,1,1,0,0,0
2025-07-25T13:28:48.505304Z,2025,7,25,65.502700,21.866000,7.0,0,4.0,1,mainland,0,0,1,0,0,0
2025-07-25T13:28:49.866527Z,2025,7,25,66.075700,22.369700,-10.0,0,2.9,1,mainland,0,0,0,0,0,0
2025-07-25T13:28:49.901948Z,2025,7,25,66.049800,22.421300,-10.0,0,5.0,1,mainland,0,0,0,0,0,1
2025-07-25T13:28:49.988931Z,2025,7,25,66.082800,22.356000,-6.0,0,5.0,1,mainland,0,0,0,0,0,0
2025-07-25T13:28:50.072674Z,2025,7,25,66.043600,22.399100,7.0,0,2.0,1,inland_water,0,0,0,0,0,0
2025-07-25T13:28:50.192508Z,2025,7,25,66.080400,22.349400,-12.0,0,6.0,1,mainland,0,0,0,0,0,0
2025-07-25T13:28:50.280008Z,2025,7,25,66.080800,22.341300,-6.0,0,3.9,1,mainland,0,0,0,0,0,0
2025-07-25T13:28:50.391248Z,2025,7,25,66.081700,22.337600,-5.0,0,3.7,1,mainland,0,0,0,0,0,0
2025-07-25T13:29:12.580985Z,2025,7,25,65.510100,21.894700,8.0,0,9.5,1,mainland,0,1,1,0,0,0
2025-07-25T13:29:12.581007Z,2025,7,25,65.509400,21.919000,-12.0,0,4.0,1,sea,0,1,1,0,0,0
2025-07-25T13:29:12.581647Z,2025,7,25,65.508900,21.904800,8.0,0,6.0,1,mainland,1,1,1,0,0,0
2025-07-25T13:29:43.751805Z,2025,7,25,65.518400,21.863100,7.0,0,2.8,1,sea,1,1,1,0,0,0
2025-07-25T13:30:03.137888Z,2025,7,25,65.508300,21.863800,21.0,0,19.6,1,mainland,1,1,1,0,0,0
2025-07-25T13:30:13.481097Z,2025,7,25,65.979400,22.272000,-7.0,0,5.6,1,mainland,0,0,0,0,0,0
2025-07-25T13:30:16.705520Z,2025,7,25,66.002600,22.448300,7.0,0,6.8,1,mainland,0,0,0,0,0,0
2025-07-25T13:30:19.895977Z,2025,7,25,65.485300,21.923200,7.0,0,30.4,1,mainland,0,0,1,0,0,0
2025-07-25T13:30:19.896571Z,2025,7,25,65.496600,21.894600,-11.0,0,18.0,1,sea,1,1,1,0,0,0
2025-07-25T13:30:19.920193Z,2025,7,25,65.499000,21.847600,13.0,0,12.3,1,mainland,0,0,0,0,0,0
2025-07-25T13:30:39.782348Z,2025,7,25,65.509700,21.875000,10.0,0,9.6,1,sea,1,1,1,0,0,0
2025-07-25T13:30:39.783141Z,2025,7,25,65.511700,21.865100,8.0,0,12.6,1,sea,1,1,1,0,0,0
2025-07-25T13:30:39.784709Z,2025,7,25,65.496800,21.894000,6.0,0,5.9,1,sea,1,1,1,0,0,0
2025-07-25T13:30:56.808923Z,2025,7,25,66.004300,22.464700,7.0,0,5.5,1,mainland,0,0,0,0,0,1
2025-07-25T13:31:15.899257Z,2025,7,25,65.496400,21.893600,20.0,0,7.1,1,sea,1,1,1,0,0,0
2025-07-25T13:31:15.902536Z,2025,7,25,65.498100,21.900000,16.0,0,11.3,1,sea,1,1,1,0,0,0
2025-07-25T13:31:15.904518Z,2025,7,25,65.503100,21.902600,8.0,0,3.5,1,mainland,0,1,1,0,0,0
2025-07-25T13:31:43.259158Z,2025,7,25,66.074000,22.412700,-7.0,0,2.7,1,mainland,0,0,0,1,1,1
2025-07-25T13:31:49.567651Z,2025,7,25,65.475600,21.860200,-9.0,0,5.3,1,mainland,0,0,0,0,0,0
2025-07-25T13:31:49.641014Z,2025,7,25,65.494800,21.890100,7.0,0,13.8,1,mainland,1,1,1,0,0,0
2025-07-25T13:31:49.805768Z,2025,7,25,65.475000,21.854100,-7.0,0,4.7,1,mainland,0,0,0,0,0,0
2025-07-25T13:31:49.866819Z,2025,7,25,65.475700,21.851800,-15.0,0,7.1,1,mainland,0,0,0,0,0,0
2025-07-25T13:31:49.927515Z,2025,7,25,65.475300,21.858000,-6.0,0,4.9,1,mainland,0,0,0,0,0,0
2025-07-25T13:31:50.044125Z,2025,7,25,65.474700,21.855700,-11.0,0,6.2,1,mainland,0,0,0,0,0,0
2025-07-25T13:32:00.907443Z,2025,7,25,65.524800,21.895500,8.0,0,11.5,1,sea,1,1,1,0,0,0
2025-07-25T13:32:42.429984Z,2025,7,25,65.485400,21.746800,-40.0,0,14.4,1,mainland,0,0,0,0,0,1
2025-07-25T13:32:47.337058Z,2025,7,25,65.510800,21.919500,14.0,0,9.1,1,sea,0,1,1,0,0,0
2025-07-25T13:33:06.071486Z,2025,7,25,65.506100,21.919100,22.0,0,0.0,1,sea,1,1,1,0,0,0
2025-07-25T13:33:06.071779Z,2025,7,25,65.513700,21.916900,24.0,0,30.0,1,sea,0,1,1,0,0,0
2025-07-25T13:33:06.072986Z,2025,7,25,65.507100,21.938200,10.0,0,11.8,1,sea,1,1,1,0,0,0
2025-07-25T13:33:19.939239Z,2025,7,25,65.501700,21.935500,9.0,0,6.1,1,sea,0,1,1,0,0,0
2025-07-25T13:33:19.939713Z,2025,7,25,65.502000,21.927300,9.0,0,3.3,1,sea,1,1,1,0,0,0
2025-07-25T13:33:58.693750Z,2025,7,25,65.516200,21.956700,12.0,0,13.2,1,sea,1,1,1,0,0,0
2025-07-25T13:33:58.694675Z,2025,7,25,65.523800,21.927400,7.0,0,4.2,1,sea,1,1,1,0,0,0
2025-07-25T13:34:09.634043Z,2025,7,25,65.771900,21.928900,8.0,0,10.6,1,mainland,0,0,0,0,0,1
2025-07-25T13:34:15.535001Z,2025,7,25,65.527000,21.912300,7.0,0,8.5,1,sea,1,1,1,0,0,0
2025-07-25T13:34:15.535368Z,2025,7,25,65.515600,21.961800,13.0,0,28.7,1,sea,1,1,1,0,0,0
2025-07-25T13:34:35.183025Z,2025,7,25,65.504600,21.932800,5.0,0,2.8,1,sea,0,1,1,0,0,0
2025-07-25T13:34:52.131884Z,2025,7,25,65.508000,21.923300,7.0,0,19.6,1,sea,0,1,1,0,0,0
2025-07-25T13:35:04.127038Z,2025,7,25,65.538300,21.806000,-26.0,0,7.7,1,mainland,0,0,0,0,0,0
2025-07-25T13:35:04.286122Z,2025,7,25,65.494900,21.813600,-16.0,0,7.4,1,mainland,0,0,0,0,0,0
2025-07-25T13:35:04.324023Z,2025,7,25,65.480200,21.783600,-29.0,0,16.3,1,mainland,0,0,0,0,0,0
2025-07-25T13:35:33.867068Z,2025,7,25,65.530900,21.963700,7.0,0,5.4,1,mainland,0,0,0,0,0,0
2025-07-25T13:35:33.870991Z,2025,7,25,65.531600,21.950700,9.0,0,15.5,1,mainland,0,0,0,0,0,0
2025-07-25T13:35:33.908049Z,2025,7,25,65.530600,21.937300,7.0,0,30.4,1,mainland,0,0,1,0,0,0
2025-07-25T13:35:52.470879Z,2025,7,25,65.779900,21.937200,4.0,0,8.6,1,mainland,0,0,0,0,0,0
2025-07-25T13:35:59.732139Z,2025,7,25,65.509800,21.955100,12.0,0,11.1,1,islands,0,1,1,0,0,0
2025-07-25T13:35:59.733235Z,2025,7,25,65.509900,21.947800,9.0,0,6.2,1,islands,0,1,1,0,0,0
2025-07-25T13:35:59.734051Z,2025,7,25,65.552600,21.843000,11.0,0,8.6,1,mainland,0,0,0,0,0,0
2025-07-25T13:36:30.538601Z,2025,7,25,65.515300,21.754500,-26.0,0,9.3,1,mainland,0,0,0,0,0,0
2025-07-25T13:37:38.623399Z,2025,7,25,65.513600,21.955400,12.0,0,8.8,1,islands,1,1,1,0,0,0
2025-07-25T13:37:38.648557Z,2025,7,25,65.522400,21.968900,7.0,0,5.1,1,mainland,0,1,1,0,0,0
2025-07-25T13:38:51.838147Z,2025,7,25,65.509400,21.990000,5.0,0,4.4,1,sea,1,1,1,0,0,0
2025-07-25T13:39:21.965626Z,2025,7,25,65.738100,22.413400,-20.0,0,17.6,1,sea,0,0,0,0,0,0
2025-07-25T13:39:43.079677Z,2025,7,25,65.515200,21.992400,6.0,0,18.2,1,mainland,1,1,1,0,0,0
2025-07-25T13:40:31.252666Z,2025,7,25,65.493800,21.923300,8.0,0,7.0,1,mainland,0,1,1,0,0,0
2025-07-25T13:40:52.725628Z,2025,7,25,65.794900,22.026200,12.0,0,14.7,1,inland_water,0,0,0,0,0,0
2025-07-25T13:41:03.267155Z,2025,7,25,65.487600,21.963900,10.0,0,9.5,1,sea,0,1,1,0,0,0
2025-07-25T13:41:03.466039Z,2025,7,25,65.497000,21.803800,-36.0,0,14.4,1,mainland,0,0,0,0,0,0
2025-07-25T13:42:07.739954Z,2025,7,25,65.510000,22.062800,8.0,0,13.9,1,mainland,1,1,1,0,0,0
2025-07-25T13:42:07.742433Z,2025,7,25,65.531000,22.006700,27.0,0,20.6,1,mainland,0,0,0,0,0,0
2025-07-25T13:42:35.752685Z,2025,7,25,65.552300,22.006400,-6.0,0,3.1,1,mainland,0,0,0,0,0,0
2025-07-25T13:42:55.366825Z,2025,7,25,65.539100,22.031300,7.0,0,30.4,1,mainland,0,0,0,0,0,0
2025-07-25T13:43:19.923243Z,2025,7,25,65.457200,21.971900,6.0,0,2.6,1,mainland,0,0,0,0,0,0
2025-07-25T13:43:49.469999Z,2025,7,25,65.527500,22.008000,13.0,0,6.6,1,mainland,0,0,0,0,0,0
2025-07-25T13:43:49.470697Z,2025,7,25,65.525600,21.998200,10.0,0,25.3,1,mainland,0,0,1,0,0,0
2025-07-25T13:43:49.473442Z,2025,7,25,65.526800,22.003300,11.0,0,14.5,1,mainland,0,0,1,0,0,0
2025-07-25T13:44:24.794261Z,2025,7,25,65.533000,21.985200,7.0,0,4.2,1,mainland,0,0,0,0,0,0
2025-07-25T13:44:24.796358Z,2025,7,25,65.517900,21.913100,15.0,0,29.7,1,sea,1,1,1,0,0,0
2025-07-25T13:44:39.436252Z,2025,7,25,65.521100,21.716000,9.0,0,11.4,1,mainland,0,0,0,0,0,0
2025-07-25T13:44:39.439319Z,2025,7,25,65.479600,21.982800,-7.0,0,4.8,1,sea,0,0,1,0,0,0
2025-07-25T13:44:39.540313Z,2025,7,25,65.473200,21.929600,-7.0,0,2.3,1,mainland,0,0,0,0,0,0
2025-07-25T13:44:43.845801Z,2025,7,25,65.538100,22.018400,-6.0,0,2.4,1,mainland,0,0,0,0,0,0
2025-07-25T13:44:44.119950Z,2025,7,25,65.566000,21.981100,7.0,0,5.4,1,mainland,0,0,0,0,0,0
2025-07-25T13:45:22.243442Z,2025,7,25,65.506800,21.758100,-6.0,0,4.6,1,mainland,0,0,0,0,0,0
2025-07-25T13:45:22.311793Z,2025,7,25,65.520900,21.671100,-9.0,0,5.8,1,mainland,0,0,0,0,0,1
2025-07-25T13:45:22.393561Z,2025,7,25,65.522800,21.667900,-11.0,0,5.1,1,mainland,0,0,0,0,0,1
2025-07-25T13:45:22.420298Z,2025,7,25,65.522500,21.668800,-12.0,0,6.3,1,mainland,0,0,0,0,0,0
2025-07-25T13:45:22.456624Z,2025,7,25,65.522600,21.669700,-8.0,0,4.8,1,mainland,0,0,0,0,0,0
2025-07-25T13:45:33.746595Z,2025,7,25,65.795300,22.024400,5.0,0,0.0,1,inland_water,0,0,0,0,0,0
2025-07-25T13:45:33.746816Z,2025,7,25,65.796700,22.014900,15.0,0,6.1,1,mainland,0,0,0,0,0,0
2025-07-25T13:45:33.746872Z,2025,7,25,65.777400,22.051800,5.0,0,0.0,1,mainland,0,0,0,0,0,0
2025-07-25T13:45:33.747294Z,2025,7,25,65.793600,21.994800,10.0,0,17.6,1,mainland,0,0,0,0,0,0
2025-07-25T13:45:33.748279Z,2025,7,25,65.777700,22.020900,9.0,0,7.9,1,mainland,0,0,0,0,0,0
2025-07-25T13:45:48.457700Z,2025,7,25,65.517100,21.681800,6.0,0,2.6,1,mainland,0,0,0,0,0,0
2025-07-25T13:46:10.788856Z,2025,7,25,65.666900,21.946000,6.0,0,4.3,1,mainland,0,0,0,0,0,0
2025-07-25T13:46:28.993206Z,2025,7,25,65.549300,22.074500,-42.0,0,9.8,1,mainland,0,0,0,0,0,0
2025-07-25T13:46:29.017608Z,2025,7,25,65.566600,22.089600,-16.0,0,4.4,1,mainland,0,0,0,0,0,0
2025-07-25T13:46:29.053692Z,2025,7,25,65.568300,22.068400,-10.0,0,3.3,1,mainland,0,0,0,0,0,0
2025-07-25T13:46:29.073495Z,2025,7,25,65.524300,22.009100,-6.0,0,1.7,1,mainland,0,0,1,0,0,0
2025-07-25T13:46:30.184180Z,2025,7,25,65.532700,21.690400,10.0,0,10.6,1,mainland,0,0,0,0,0,0
2025-07-25T13:46:59.399328Z,2025,7,25,65.516300,21.691500,-9.0,0,4.8,1,mainland,0,0,0,0,0,0
2025-07-25T13:46:59.454402Z,2025,7,25,65.518200,21.686200,-12.0,0,2.9,1,mainland,0,0,0,0,0,0
2025-07-25T13:46:59.611522Z,2025,7,25,65.517500,21.684000,-5.0,0,4.9,1,mainland,0,0,0,0,0,0
2025-07-25T13:47:06.710178Z,2025,7,25,65.480900,22.000100,10.0,0,15.4,1,sea,0,0,1,0,0,0
2025-07-25T13:47:06.711321Z,2025,7,25,65.482200,21.995500,6.0,0,6.6,1,sea,0,0,0,0,0,0
2025-07-25T13:47:29.755232Z,2025,7,25,65.805400,22.043900,35.0,0,9.7,1,mainland,0,0,0,0,0,0
2025-07-25T13:47:29.755797Z,2025,7,25,65.806600,22.034700,8.0,0,13.9,1,mainland,0,0,0,0,0,0
2025-07-25T13:47:44.923653Z,2025,7,25,65.542300,22.071200,7.0,0,13.9,1,mainland,0,0,0,0,0,0
2025-07-25T13:47:49.022686Z,2025,7,25,65.682500,21.966800,-5.0,0,5.0,1,mainland,0,0,0,0,0,0
2025-07-25T13:47:49.078461Z,2025,7,25,65.671700,21.925400,-14.0,0,14.2,1,mainland,0,0,0,0,0,0
2025-07-25T13:48:57.723794Z,2025,7,25,65.806300,22.022500,10.0,0,17.9,1,mainland,0,0,0,0,0,0
2025-07-25T13:49:27.647685Z,2025,7,25,65.522700,21.702300,9.0,0,10.5,1,mainland,0,0,0,0,0,0
2025-07-25T13:49:35.853801Z,2025,7,25,65.478600,21.995900,11.0,0,12.6,1,sea,0,0,1,0,0,0
2025-07-25T13:50:00.262123Z,2025,7,25,65.643800,21.901200,-8.0,0,4.1,1,mainland,0,0,0,0,0,0
2025-07-25T13:50:33.731828Z,2025,7,25,65.538600,21.717500,7.0,0,5.5,1,mainland,0,0,0,0,0,0
2025-07-25T13:52:54.354784Z,2025,7,25,65.429900,21.881300,18.0,0,12.2,1,mainland,0,0,1,0,0,1
2025-07-25T13:53:08.660782Z,2025,7,25,65.495400,21.902400,24.0,0,19.0,1,sea,1,1,1,0,0,0
2025-07-25T13:53:08.894228Z,2025,7,25,65.601900,21.583600,-11.0,0,7.4,1,mainland,0,0,0,0,0,0
2025-07-25T13:54:14.071426Z,2025,7,25,65.574400,21.998500,10.0,0,13.8,1,mainland,0,0,0,0,0,0
2025-07-25T13:54:14.072068Z,2025,7,25,65.574600,22.014300,-8.0,0,13.2,1,mainland,0,0,0,0,0,0
2025-07-25T13:54:17.619846Z,2025,7,25,65.538500,21.785000,7.0,0,11.9,1,mainland,0,0,0,0,0,0
2025-07-25T13:54:17.621883Z,2025,7,25,65.619700,22.167200,-9.0,0,8.8,1,mainland,1,1,1,0,0,0
2025-07-25T13:54:17.641259Z,2025,7,25,65.547300,21.778000,6.0,0,3.4,1,mainland,0,0,0,0,0,0
2025-07-25T13:54:56.634853Z,2025,7,25,65.758400,21.940700,8.0,0,18.6,1,mainland,0,0,0,0,0,1
2025-07-25T13:55:52.397394Z,2025,7,25,65.549100,21.793200,11.0,0,17.4,1,mainland,0,0,0,0,0,0
2025-07-25T13:56:38.931285Z,2025,7,25,65.579600,22.032600,6.0,0,6.7,1,mainland,0,0,0,0,0,0
2025-07-25T13:57:23.506165Z,2025,7,25,65.508800,21.846900,-42.0,0,14.3,1,mainland,0,0,1,0,0,0
2025-07-25T13:57:23.534843Z,2025,7,25,65.515400,21.836000,-7.0,0,3.1,1,mainland,0,1,1,0,0,0
2025-07-25T13:58:16.926577Z,2025,7,25,65.557800,21.824600,22.0,0,15.9,1,mainland,0,0,0,0,0,0
2025-07-25T13:58:16.930044Z,2025,7,25,65.620100,21.821600,7.0,0,30.4,1,mainland,0,0,0,0,0,0
2025-07-25T13:58:16.936783Z,2025,7,25,65.558700,21.841200,29.0,0,24.0,1,mainland,0,0,0,0,0,0
2025-07-25T13:58:34.401351Z,2025,7,25,65.567400,22.141900,6.0,0,5.2,1,sea,0,0,1,0,0,0
2025-07-25T13:58:34.418105Z,2025,7,25,65.562000,22.140800,6.0,0,17.0,1,sea,1,1,1,0,0,0
2025-07-25T13:58:54.225148Z,2025,7,25,65.539900,21.764100,12.0,0,9.5,1,mainland,0,0,0,0,0,0
2025-07-25T13:59:15.214811Z,2025,7,25,65.801100,22.141600,15.0,0,0.0,1,mainland,0,0,0,0,0,0
2025-07-25T13:59:15.215410Z,2025,7,25,65.819600,22.195700,9.0,0,0.0,1,mainland,0,0,0,0,0,0
2025-07-25T13:59:15.215582Z,2025,7,25,65.803400,22.140700,8.0,0,0.0,1,mainland,0,0,0,0,0,0
2025-07-25T14:00:16.339027Z,2025,7,25,65.596000,22.036500,14.0,0,19.4,1,mainland,0,0,0,0,0,0
2025-07-25T14:00:16.340123Z,2025,7,25,65.597800,22.058800,7.0,0,5.4,1,mainland,0,0,1,0,0,0
2025-07-25T14:00:16.345489Z,2025,7,25,65.593400,22.031600,5.0,0,11.9,1,mainland,0,0,0,0,0,0
2025-07-25T14:02:25.520962Z,2025,7,25,65.811200,22.197800,11.0,0,0.0,1,mainland,0,0,0,0,0,0
2025-07-25T14:02:25.521058Z,2025,7,25,65.808900,22.148500,22.0,0,16.7,1,mainland,0,0,0,0,0,0
2025-07-25T14:02:25.521631Z,2025,7,25,65.784100,22.087800,11.0,0,0.0,1,inland_water,0,0,0,0,0,0
2025-07-25T14:02:41.893079Z,2025,7,25,65.623600,22.118200,5.0,0,13.0,1,mainland,0,0,0,0,0,0
2025-07-25T14:02:41.893377Z,2025,7,25,65.621800,22.146800,5.0,0,0.0,1,mainland,0,1,1,0,0,0
2025-07-25T14:02:41.914489Z,2025,7,25,65.518200,22.219300,7.0,0,15.1,1,islands,0,0,1,0,0,0
2025-07-25T14:03:04.154703Z,2025,7,25,65.553100,21.876300,-10.0,0,25.5,1,mainland,0,0,0,0,0,0
2025-07-25T14:03:04.456649Z,2025,7,25,65.544500,21.756800,-12.0,0,12.0,1,mainland,0,0,0,0,0,0
2025-07-25T14:05:07.430689Z,2025,7,25,65.539000,21.822900,6.0,0,2.6,1,mainland,0,0,0,0,0,0
2025-07-25T14:05:07.449870Z,2025,7,25,65.478500,22.022300,6.0,0,21.5,1,sea,0,0,1,0,0,0
2025-07-25T14:05:07.693086Z,2025,7,25,65.321300,22.539000,-5.0,0,8.8,1,sea,0,0,0,0,0,0
2025-07-25T14:05:29.007362Z,2025,7,25,65.499600,21.753600,-5.0,0,7.6,1,mainland,0,0,0,0,0,0
2025-07-25T14:05:49.669295Z,2025,7,25,65.478600,21.808200,-12.0,0,6.9,1,mainland,0,0,0,0,0,0
2025-07-25T14:05:49.777172Z,2025,7,25,65.545700,21.621900,-9.0,0,6.6,1,mainland,0,0,0,0,0,0
2025-07-25T14:06:03.070969Z,2025,7,25,65.571900,21.984800,6.0,0,10.7,1,mainland,0,0,0,0,0,0
2025-07-25T14:07:08.298670Z,2025,7,25,65.573800,21.739300,-13.0,0,9.9,1,mainland,0,0,0,0,0,0
2025-07-25T14:07:08.355672Z,2025,7,25,65.574800,21.736100,-7.0,0,5.2,1,mainland,0,0,0,0,0,0
2025-07-25T14:07:16.759420Z,2025,7,25,65.402500,21.984300,4.0,0,2.1,1,sea,0,1,1,0,0,0
2025-07-25T14:08:10.755088Z,2025,7,25,65.565700,22.019400,-9.0,0,7.0,1,mainland,0,0,0,0,0,0
2025-07-25T14:08:31.667683Z,2025,7,25,65.365300,22.638400,-4.0,0,2.4,1,sea,0,0,0,0,0,0
2025-07-25T14:09:07.319361Z,2025,7,25,65.532600,21.872600,10.0,0,18.1,1,mainland,1,1,1,0,0,0
2025-07-25T14:09:20.977062Z,2025,7,25,65.533300,21.871000,7.0,0,3.0,1,mainland,1,1,1,0,0,0
2025-07-25T14:10:31.052475Z,2025,7,25,65.575800,21.993600,4.0,0,8.5,1,mainland,0,0,0,0,0,0
2025-07-25T14:10:31.053800Z,2025,7,25,65.564900,22.031100,7.0,0,4.1,1,mainland,0,0,0,0,0,0
2025-07-25T14:10:31.352573Z,2025,7,25,65.582400,22.004000,6.0,0,3.9,1,mainland,0,0,0,0,0,0
2025-07-25T14:10:49.117490Z,2025,7,25,65.544300,22.123700,-7.0,0,7.0,1,mainland,0,0,1,0,0,0
2025-07-25T14:11:16.051954Z,2025,7,25,65.517700,21.917800,5.0,0,10.1,1,islands,1,1,1,0,0,0
2025-07-25T14:11:32.251622Z,2025,7,25,65.436400,21.883100,9.0,0,12.0,1,mainland,0,0,1,0,0,0
2025-07-25T14:11:55.449224Z,2025,7,25,65.579200,22.071300,-17.0,0,12.8,1,mainland,0,0,1,0,0,0
2025-07-25T14:11:55.457970Z,2025,7,25,65.579400,22.033900,9.0,0,3.5,1,mainland,0,0,0,0,0,0
2025-07-25T14:11:55.461105Z,2025,7,25,65.583800,22.023100,6.0,0,2.4,1,mainland,0,0,0,0,0,0
2025-07-25T14:12:11.036684Z,2025,7,25,65.540400,21.921700,10.0,0,6.6,1,mainland,0,0,0,0,0,0
2025-07-25T14:13:04.598214Z,2025,7,25,65.596800,22.063700,7.0,0,9.2,1,mainland,0,0,1,0,0,0
2025-07-25T14:13:17.224662Z,2025,7,25,65.598000,22.044300,9.0,0,22.8,1,mainland,0,0,0,0,0,0
2025-07-25T14:13:31.146353Z,2025,7,25,65.597100,22.058100,7.0,0,2.6,1,mainland,0,0,1,0,0,0
2025-07-25T14:13:31.164541Z,2025,7,25,65.598300,22.064500,13.0,0,13.8,1,mainland,0,1,1,0,0,0
2025-07-25T14:13:41.815724Z,2025,7,25,65.600200,22.049000,5.0,0,1.9,1,mainland,0,0,0,0,0,0
2025-07-25T14:13:41.816485Z,2025,7,25,65.578000,22.112500,9.0,0,7.4,1,mainland,1,1,1,0,0,0
2025-07-25T14:13:41.817069Z,2025,7,25,65.600900,22.046200,9.0,0,10.7,1,mainland,0,0,0,0,0,0
2025-07-25T14:13:43.568259Z,2025,7,25,65.469100,22.124500,-47.0,0,11.2,1,sea,0,0,1,0,0,0
2025-07-25T14:13:55.760358Z,2025,7,25,65.593300,22.056200,13.0,0,19.1,1,mainland,0,0,1,0,0,0
2025-07-25T14:14:10.502995Z,2025,7,25,65.600600,22.076900,6.0,0,4.1,1,sea,1,1,1,0,0,0
2025-07-25T14:14:10.514576Z,2025,7,25,65.608600,21.980500,6.0,0,27.3,1,inland_water,0,0,0,0,0,0
2025-07-25T14:14:18.973502Z,2025,7,25,65.480000,21.920000,-10.0,0,11.6,1,mainland,0,0,0,0,0,0
2025-07-25T14:14:30.457693Z,2025,7,25,65.592200,22.132900,5.0,0,8.8,1,sea,1,1,1,0,0,0
2025-07-25T14:14:30.477564Z,2025,7,25,65.592800,22.132900,11.0,0,10.4,1,sea,1,1,1,0,0,0
2025-07-25T14:14:30.500629Z,2025,7,25,65.601400,22.051800,5.0,0,8.1,1,mainland,0,0,1,0,0,0
2025-07-25T14:15:10.275828Z,2025,7,25,65.576700,22.169300,-9.0,0,12.9,1,sea,1,1,1,0,0,0
2025-07-25T14:15:10.276378Z,2025,7,25,65.605400,22.063300,8.0,0,3.5,1,mainland,1,1,1,0,0,0
2025-07-25T14:15:23.262549Z,2025,7,25,65.489700,21.910200,14.0,0,11.0,1,sea,1,1,1,0,0,0
2025-07-25T14:15:41.635319Z,2025,7,25,65.530800,21.752100,-15.0,0,6.2,1,mainland,0,0,0,0,0,0
2025-07-25T14:15:54.091024Z,2025,7,25,65.627500,21.942900,-11.0,0,8.3,1,mainland,0,0,0,0,0,0
2025-07-25T14:16:00.211188Z,2025,7,25,65.494600,21.866700,7.0,0,7.1,1,mainland,0,0,0,0,0,0
2025-07-25T14:16:21.376824Z,2025,7,25,65.531200,21.906500,-5.0,0,3.0,1,mainland,0,1,1,0,0,0
2025-07-25T14:17:00.862972Z,2025,7,25,65.597900,22.124000,11.0,0,6.1,1,mainland,1,1,1,0,0,0
2025-07-25T14:17:00.864331Z,2025,7,25,65.606100,22.113900,26.0,0,24.6,1,mainland,0,0,1,0,0,0
2025-07-25T14:17:00.885632Z,2025,7,25,65.589400,22.231500,6.0,0,17.6,1,mainland,0,0,1,0,0,0
2025-07-25T14:17:00.896455Z,2025,7,25,65.609700,22.141200,8.0,0,6.6,1,mainland,0,1,1,0,0,0
2025-07-25T14:17:06.546753Z,2025,7,25,65.538700,22.012500,-40.0,0,5.5,1,mainland,0,0,0,0,0,0
2025-07-25T14:17:06.584194Z,2025,7,25,65.540900,22.003300,-11.0,0,8.5,1,mainland,0,0,0,0,0,0
2025-07-25T14:17:06.987846Z,2025,7,25,65.538800,21.997700,-10.0,0,4.8,1,mainland,0,0,0,0,0,0
2025-07-25T14:17:07.072284Z,2025,7,25,65.539700,21.997700,-10.0,0,4.6,1,mainland,0,0,0,0,0,0
2025-07-25T14:17:07.135112Z,2025,7,25,65.539100,21.998300,-10.0,0,3.7,1,mainland,0,0,0,0,0,0
2025-07-25T14:17:40.858624Z,2025,7,25,65.614900,22.155700,7.0,0,3.2,1,mainland,1,1,1,0,0,0
2025-07-25T14:17:40.859590Z,2025,7,25,65.622600,22.140900,8.0,0,2.3,1,mainland,0,0,1,0,0,0
2025-07-25T14:17:40.868812Z,2025,7,25,65.596700,22.193600,6.0,0,8.5,1,mainland,0,0,1,0,0,0
2025-07-25T14:17:52.807853Z,2025,7,25,65.500800,21.917500,-12.0,0,7.3,1,mainland,0,1,1,0,0,0
2025-07-25T14:17:52.854062Z,2025,7,25,65.486700,21.844900,-13.0,0,4.7,1,mainland,0,0,0,0,0,0
2025-07-25T14:18:10.866595Z,2025,7,25,65.528400,21.991300,-10.0,0,5.4,1,mainland,0,0,0,0,0,0
2025-07-25T14:18:11.378890Z,2025,7,25,65.529000,21.983100,-6.0,0,1.7,1,mainland,0,0,1,0,0,0
2025-07-25T14:18:48.605120Z,2025,7,25,65.623200,22.146400,-99.0,0,11.4,1,mainland,0,1,1,0,0,0
2025-07-25T14:18:48.646707Z,2025,7,25,65.621300,22.148200,7.0,0,0.0,1,mainland,1,1,1,0,0,0
2025-07-25T14:18:48.646805Z,2025,7,25,65.622800,22.150900,-49.0,0,12.0,1,mainland,1,1,1,0,0,0
2025-07-25T14:18:48.678978Z,2025,7,25,65.623400,22.149300,-38.0,0,6.6,1,mainland,1,1,1,0,0,0
2025-07-25T14:19:14.191588Z,2025,7,25,65.597100,22.174100,9.0,0,24.1,1,mainland,1,1,1,0,0,0
2025-07-25T14:19:16.628285Z,2025,7,25,65.617800,22.173900,16.0,0,26.2,1,mainland,0,1,1,0,0,0
2025-07-25T14:19:16.629651Z,2025,7,25,65.614800,22.186700,7.0,0,7.8,1,mainland,0,0,1,0,0,0
2025-07-25T14:19:16.643515Z,2025,7,25,65.624600,22.191600,7.0,0,2.9,1,mainland,1,1,1,0,0,0
2025-07-25T14:19:45.564358Z,2025,7,25,65.552300,21.826700,-13.0,0,6.0,1,mainland,0,0,0,0,0,0
2025-07-25T14:19:45.957997Z,2025,7,25,65.560900,21.860100,-16.0,0,7.7,1,mainland,0,0,0,0,0,0
2025-07-25T14:19:46.093953Z,2025,7,25,65.543400,22.049800,-24.0,0,6.7,1,mainland,0,0,0,0,0,0
2025-07-25T14:19:46.185874Z,2025,7,25,65.544000,22.047900,-42.0,0,13.7,1,mainland,0,0,0,0,0,0
2025-07-25T14:20:19.418435Z,2025,7,25,65.618600,22.189800,19.0,0,29.8,1,mainland,0,1,1,0,0,0
2025-07-25T14:20:19.419089Z,2025,7,25,65.626300,22.195900,17.0,0,13.9,1,mainland,0,1,1,0,0,0
2025-07-25T14:20:42.583228Z,2025,7,25,65.476400,21.890300,8.0,0,4.5,1,mainland,0,0,0,0,0,0
2025-07-25T14:20:44.007923Z,2025,7,25,65.630500,22.147100,-5.0,0,0.0,1,mainland,1,1,1,0,0,0
2025-07-25T14:20:44.007967Z,2025,7,25,65.487600,22.208400,-7.0,0,2.6,1,sea,0,0,0,0,0,0
2025-07-25T14:20:44.025602Z,2025,7,25,65.657100,22.238000,-14.0,0,8.0,1,sea,1,1,1,0,0,0
2025-07-25T14:20:44.071177Z,2025,7,25,65.636100,22.198200,-10.0,0,3.1,1,mainland,0,0,0,0,0,0
2025-07-25T14:20:44.071845Z,2025,7,25,65.628600,22.158000,-5.0,0,15.9,1,mainland,1,1,1,0,0,0
2025-07-25T14:20:44.095707Z,2025,7,25,65.626700,22.197100,-10.0,0,4.1,1,mainland,0,1,1,0,0,0
2025-07-25T14:20:44.508667Z,2025,7,25,65.635600,22.201500,-13.0,0,5.5,1,mainland,0,0,0,0,0,0
2025-07-25T14:20:44.918963Z,2025,7,25,65.635500,22.200300,-9.0,0,4.5,1,mainland,0,0,0,0,0,0
2025-07-25T14:21:07.511799Z,2025,7,25,65.537600,21.951300,9.0,0,6.0,1,mainland,0,0,0,0,0,0
2025-07-25T14:21:07.512815Z,2025,7,25,65.540500,21.944000,6.0,0,18.2,1,mainland,0,0,0,0,0,0
2025-07-25T14:21:22.608617Z,2025,7,25,65.616200,22.192800,-21.0,0,13.3,1,mainland,0,1,1,0,0,0
2025-07-25T14:21:22.610226Z,2025,7,25,65.621600,22.318500,7.0,0,24.7,1,mainland,0,0,1,0,0,0
2025-07-25T14:21:22.610263Z,2025,7,25,65.619500,22.192300,-24.0,0,20.7,1,mainland,1,1,1,0,0,0
2025-07-25T14:22:08.793003Z,2025,7,25,65.628000,22.191400,12.0,0,9.2,1,mainland,0,1,1,0,0,0
2025-07-25T14:22:31.961033Z,2025,7,25,65.496700,21.909700,-9.0,0,3.9,1,mainland,1,1,1,0,0,0
2025-07-25T14:22:57.665549Z,2025,7,25,65.633700,22.226700,9.0,0,11.6,1,mainland,0,0,1,0,0,0
2025-07-25T14:22:57.666440Z,2025,7,25,65.633500,22.225800,9.0,0,12.9,1,mainland,0,0,1,0,0,0
2025-07-25T14:22:57.667602Z,2025,7,25,65.631800,22.225900,7.0,0,20.8,1,mainland,0,0,1,0,0,0
2025-07-25T14:22:57.668621Z,2025,7,25,65.630300,22.232600,15.0,0,5.1,1,mainland,0,0,1,0,0,0
2025-07-25T14:23:00.742954Z,2025,7,25,65.574700,22.001100,-23.0,0,5.4,1,mainland,0,0,0,0,0,0
2025-07-25T14:23:00.770672Z,2025,7,25,65.575700,21.998600,-9.0,0,4.8,1,mainland,0,0,0,0,0,0
2025-07-25T14:23:32.040296Z,2025,7,25,65.465500,21.915100,8.0,0,6.7,1,mainland,0,0,0,0,0,0
2025-07-25T14:24:15.072617Z,2025,7,25,65.641300,22.187200,5.0,0,13.0,1,mainland,0,0,0,0,0,0
2025-07-25T14:25:20.987139Z,2025,7,25,65.544300,22.147500,6.0,0,16.2,1,mainland,0,1,1,0,0,0
2025-07-25T14:25:29.108790Z,2025,7,25,65.342000,22.000600,-23.0,0,6.1,1,sea,0,0,1,0,0,1
2025-07-25T14:25:30.842586Z,2025,7,25,65.484900,21.923800,7.0,0,6.2,1,mainland,0,0,1,0,0,0
2025-07-25T14:27:02.684645Z,2025,7,25,65.507700,22.138100,-7.0,0,7.0,1,sea,1,1,1,0,0,0
2025-07-25T14:27:32.534785Z,2025,7,25,65.516600,21.999500,6.0,0,4.9,1,mainland,1,1,1,0,0,0
2025-07-25T14:27:45.639075Z,2025,7,25,65.528500,22.119400,-6.0,0,3.1,1,mainland,0,0,1,0,0,0
2025-07-25T14:28:14.804041Z,2025,7,25,65.509700,22.002400,12.0,0,12.3,1,sea,0,1,1,0,0,0
2025-07-25T14:28:14.804579Z,2025,7,25,65.494200,22.147000,8.0,0,24.4,1,sea,1,1,1,0,0,0
2025-07-25T14:28:48.161301Z,2025,7,25,65.649500,22.313400,-39.0,0,7.5,1,sea,1,1,1,0,0,0
2025-07-25T14:28:52.229427Z,2025,7,25,65.491300,22.049500,5.0,0,7.7,1,sea,0,1,1,0,0,0
2025-07-25T14:29:11.265792Z,2025,7,25,65.543200,22.148200,-22.0,0,10.1,1,mainland,0,1,1,0,0,0
2025-07-25T14:29:11.323976Z,2025,7,25,65.554800,22.144400,-14.0,0,4.3,1,sea,1,1,1,0,0,0
2025-07-25T14:29:11.364497Z,2025,7,25,65.555300,22.146300,-6.0,0,13.5,1,sea,0,1,1,0,0,0
2025-07-25T14:29:11.438179Z,2025,7,25,65.554900,22.145500,-9.0,0,3.5,1,sea,0,1,1,0,0,0
2025-07-25T14:29:35.307460Z,2025,7,25,65.452200,21.978500,10.0,0,10.8,1,mainland,0,0,0,0,0,0
2025-07-25T14:29:35.312300Z,2025,7,25,65.435000,21.987400,6.0,0,10.8,1,mainland,0,0,1,0,0,0
2025-07-25T14:29:42.481994Z,2025,7,25,65.386900,21.995100,-8.0,0,3.8,1,islands,0,0,1,0,0,0
2025-07-25T14:29:42.630772Z,2025,7,25,65.389700,21.980200,-6.0,0,4.8,1,islands,0,1,1,0,0,0
2025-07-25T14:30:06.024993Z,2025,7,25,65.523700,22.037500,12.0,0,7.6,1,mainland,0,1,1,0,0,0
2025-07-25T14:30:06.025746Z,2025,7,25,65.527300,22.028700,6.0,0,16.3,1,mainland,0,0,1,0,0,0
2025-07-25T14:30:06.374974Z,2025,7,25,65.524900,22.032700,8.0,0,4.9,1,mainland,0,0,1,0,0,0
2025-07-25T14:30:32.176398Z,2025,7,25,65.569100,22.142800,-7.0,0,2.6,1,sea,0,0,1,0,0,0
2025-07-25T14:30:32.238229Z,2025,7,25,65.570400,22.176300,-11.0,0,3.6,1,mainland,1,1,1,0,0,0
2025-07-25T14:30:32.366642Z,2025,7,25,65.547200,22.121500,-17.0,0,5.6,1,mainland,0,0,1,0,0,0
2025-07-25T14:30:32.419062Z,2025,7,25,65.547100,22.121100,-21.0,0,3.2,1,mainland,0,0,1,0,0,0
2025-07-25T14:30:43.829117Z,2025,7,25,65.667900,22.314900,-10.0,0,10.6,1,sea,1,1,1,0,0,0
2025-07-25T14:30:43.837209Z,2025,7,25,65.704600,22.345000,-28.0,0,10.1,1,sea,1,1,1,0,0,0
2025-07-25T14:30:43.866097Z,2025,7,25,65.678400,22.299100,-19.0,0,7.5,1,sea,0,1,1,0,0,0
2025-07-25T14:30:43.892197Z,2025,7,25,65.661900,22.354700,-9.0,0,2.7,1,sea,0,1,1,0,0,0
2025-07-25T14:30:43.918199Z,2025,7,25,65.657700,22.248500,-7.0,0,4.3,1,sea,0,0,1,0,0,0
2025-07-25T14:31:13.476969Z,2025,7,25,65.394400,21.951000,-10.0,0,3.3,1,sea,0,0,1,0,0,0
2025-07-25T14:31:24.561241Z,2025,7,25,65.543900,22.107500,-36.0,0,11.9,1,mainland,0,0,0,0,0,0
2025-07-25T14:31:24.593205Z,2025,7,25,65.498800,22.164500,-18.0,0,8.6,1,sea,0,0,1,0,0,0
2025-07-25T14:31:24.637775Z,2025,7,25,65.543900,22.187300,-20.0,0,5.8,1,sea,1,1,1,0,0,0
2025-07-25T14:31:24.679515Z,2025,7,25,65.535500,22.120400,-9.0,0,3.8,1,mainland,0,0,0,0,0,0
2025-07-25T14:31:24.792411Z,2025,7,25,65.524300,22.032600,-5.0,0,2.5,1,mainland,0,0,1,0,0,0
2025-07-25T14:32:10.806979Z,2025,7,25,65.373100,21.960500,-24.0,0,9.4,1,sea,0,0,0,0,0,0
2025-07-25T14:32:15.100191Z,2025,7,25,65.658500,22.346600,24.0,0,12.2,1,sea,1,1,1,0,0,0
2025-07-25T14:32:15.100932Z,2025,7,25,65.659800,22.341800,6.0,0,3.1,1,mainland,1,1,1,0,0,0
2025-07-25T14:32:15.102086Z,2025,7,25,65.662700,22.340600,7.0,0,21.3,1,mainland,1,1,1,0,0,0
2025-07-25T14:32:40.023935Z,2025,7,25,65.570400,22.141900,-9.0,0,3.3,1,sea,0,0,1,0,0,0
2025-07-25T14:32:40.429933Z,2025,7,25,65.626300,22.126500,-6.0,0,5.4,1,mainland,0,0,1,0,0,0
2025-07-25T14:33:02.847590Z,2025,7,25,65.532700,22.041400,5.0,0,22.5,1,mainland,0,0,0,0,0,0
2025-07-25T14:33:37.590838Z,2025,7,25,65.357000,21.981500,6.0,0,1.5,1,sea,0,0,1,0,0,0
2025-07-25T14:33:37.768664Z,2025,7,25,65.404900,21.915200,-11.0,0,3.0,1,mainland,1,1,1,0,1,1
2025-07-25T14:33:37.974057Z,2025,7,25,65.341100,22.087500,-27.0,0,5.1,1,sea,1,1,1,0,0,0
2025-07-25T14:33:52.318273Z,2025,7,25,65.550400,22.142800,-8.0,0,3.1,1,sea,1,1,1,0,0,0
2025-07-25T14:33:52.349088Z,2025,7,25,65.567400,22.165900,-10.0,0,6.1,1,sea,0,1,1,0,0,0
2025-07-25T14:33:52.380147Z,2025,7,25,65.562800,22.153900,-11.0,0,4.6,1,sea,0,1,1,0,0,0
2025-07-25T14:34:01.997631Z,2025,7,25,65.558900,22.170200,6.0,0,3.1,1,sea,0,1,1,0,0,0
2025-07-25T14:34:03.425506Z,2025,7,25,65.359800,21.962500,5.0,0,5.8,1,sea,0,0,0,0,0,1
2025-07-25T14:34:29.904924Z,2025,7,25,65.397900,22.088700,-13.0,0,3.7,1,sea,0,1,1,0,0,0
2025-07-25T14:34:30.299111Z,2025,7,25,65.360500,21.961200,5.0,0,1.3,1,sea,0,0,0,0,0,1
2025-07-25T14:34:30.329941Z,2025,7,25,65.505300,22.082900,10.0,0,7.3,1,islands,1,1,1,0,0,0
2025-07-25T14:34:43.552225Z,2025,7,25,65.558100,22.167600,6.0,0,6.0,1,sea,1,1,1,0,0,0
2025-07-25T14:34:43.554805Z,2025,7,25,65.552700,22.187900,7.0,0,15.1,1,sea,1,1,1,0,0,0
2025-07-25T14:34:56.775168Z,2025,7,25,65.363500,21.962200,4.0,0,1.3,1,sea,0,0,0,0,0,0
2025-07-25T14:34:56.957790Z,2025,7,25,65.367500,22.122000,-13.0,0,3.5,1,sea,0,0,0,0,0,0
2025-07-25T14:35:07.130604Z,2025,7,25,65.539200,22.094100,-7.0,0,3.3,1,inland_water,0,0,0,0,0,0
2025-07-25T14:35:07.186063Z,2025,7,25,65.533000,22.188200,-11.0,0,4.1,1,islands,1,1,1,0,0,0
2025-07-25T14:35:12.162576Z,2025,7,25,65.365300,22.032700,-14.0,0,4.7,1,sea,0,0,1,0,0,0
2025-07-25T14:35:12.249384Z,2025,7,25,65.366200,22.030200,-15.0,0,4.2,1,sea,0,0,1,0,0,0
2025-07-25T14:35:12.297561Z,2025,7,25,65.364700,22.032800,-7.0,0,1.5,1,sea,0,0,1,0,0,0
2025-07-25T14:35:12.343324Z,2025,7,25,65.366100,22.030700,-13.0,0,4.5,1,sea,0,0,1,0,0,0
2025-07-25T14:35:41.924427Z,2025,7,25,65.558400,22.188000,6.0,0,3.5,1,sea,0,1,1,0,0,0
2025-07-25T14:35:43.720753Z,2025,7,25,65.375900,21.999100,-3.0,0,3.3,1,islands,0,1,1,0,0,0
2025-07-25T14:36:11.173814Z,2025,7,25,65.412700,21.922900,-11.0,0,2.1,1,mainland,0,1,1,0,0,0
2025-07-25T14:37:43.584043Z,2025,7,25,65.632300,22.192000,17.0,0,14.3,1,mainland,0,0,1,0,0,0
2025-07-25T14:38:03.484831Z,2025,7,25,65.392600,22.024400,7.0,0,6.8,1,sea,0,0,1,0,0,0
2025-07-25T14:38:03.489836Z,2025,7,25,65.382300,22.021800,12.0,0,11.4,1,islands,1,1,1,0,0,0
2025-07-25T14:38:16.143838Z,2025,7,25,65.556400,22.200800,-8.0,0,2.9,1,mainland,1,1,1,0,0,0
2025-07-25T14:38:55.085541Z,2025,7,25,65.622700,22.243100,10.0,0,8.6,1,mainland,1,1,1,0,0,0
2025-07-25T14:38:55.086160Z,2025,7,25,65.626100,22.239900,8.0,0,3.1,1,mainland,1,1,1,0,0,0
2025-07-25T14:38:55.522714Z,2025,7,25,65.625900,22.246200,9.0,0,5.6,1,sea,1,1,1,0,0,0
2025-07-25T14:39:07.857823Z,2025,7,25,65.388400,21.982500,-5.0,0,1.7,1,islands,0,0,1,0,0,0
2025-07-25T14:39:49.884866Z,2025,7,25,65.595300,22.254800,-9.0,0,5.6,1,mainland,0,0,0,0,0,0
2025-07-25T14:39:50.047491Z,2025,7,25,65.622900,22.247600,-8.0,0,10.8,1,sea,1,1,1,0,0,0
2025-07-25T14:39:55.833926Z,2025,7,25,65.390800,22.060600,6.0,0,5.5,1,sea,0,0,1,0,0,0
2025-07-25T14:39:55.834928Z,2025,7,25,65.375700,22.094500,-13.0,0,9.0,1,sea,0,0,0,0,0,0
2025-07-25T14:39:56.062580Z,2025,7,25,65.408100,21.939700,-12.0,0,3.1,1,sea,0,1,1,0,0,0
2025-07-25T14:39:56.231468Z,2025,7,25,65.419300,22.018000,-27.0,0,7.3,1,sea,1,1,1,0,0,0
2025-07-25T14:39:56.321967Z,2025,7,25,65.360800,21.986500,-11.0,0,2.9,1,sea,0,1,1,0,0,0
2025-07-25T14:40:15.915554Z,2025,7,25,65.630400,22.228500,6.0,0,10.0,1,mainland,0,0,1,0,0,0
2025-07-25T14:40:23.012235Z,2025,7,25,65.461100,22.039700,5.0,0,2.5,1,sea,0,1,1,0,0,0
2025-07-25T14:40:29.461388Z,2025,7,25,65.385100,22.036400,-13.0,0,2.9,1,sea,0,0,1,0,0,0
2025-07-25T14:40:29.537101Z,2025,7,25,65.383100,22.001200,-7.0,0,2.7,1,islands,0,0,1,0,0,0
2025-07-25T14:40:29.620124Z,2025,7,25,65.364500,22.051000,-8.0,0,3.4,1,sea,0,0,0,0,0,0
2025-07-25T14:40:46.378357Z,2025,7,25,65.625200,22.242400,7.0,0,15.7,1,mainland,1,1,1,0,0,0
2025-07-25T14:41:15.957276Z,2025,7,25,65.393600,22.054600,7.0,0,28.1,1,sea,0,1,1,0,0,0
2025-07-25T14:41:49.769546Z,2025,7,25,65.393800,22.075600,-6.0,0,3.9,1,sea,0,1,1,0,0,0
2025-07-25T14:41:49.804856Z,2025,7,25,65.405200,22.070800,-6.0,0,3.7,1,sea,1,1,1,0,0,0
2025-07-25T14:41:50.092614Z,2025,7,25,65.395900,22.076800,5.0,0,5.4,1,sea,1,1,1,0,0,0
2025-07-25T14:41:50.309464Z,2025,7,25,65.366300,22.018000,-11.0,0,2.1,1,sea,0,1,1,0,0,0
2025-07-25T14:42:21.772419Z,2025,7,25,65.612400,22.264400,-5.0,0,4.1,1,mainland,1,1,1,0,0,0
2025-07-25T14:42:21.779342Z,2025,7,25,65.601400,22.282300,-15.0,0,5.0,1,mainland,0,0,1,0,0,0
2025-07-25T14:42:21.832570Z,2025,7,25,65.609700,22.291300,-6.0,0,2.7,1,mainland,0,0,1,0,0,0
2025-07-25T14:42:48.674633Z,2025,7,25,65.458400,21.986000,-7.0,0,2.7,1,mainland,0,0,0,0,0,0
2025-07-25T14:43:28.437649Z,2025,7,25,65.569100,22.273200,-6.0,0,5.1,1,mainland,0,1,1,0,0,0
2025-07-25T14:43:43.787108Z,2025,7,25,65.375200,22.529100,-29.0,0,12.0,1,sea,0,0,1,0,0,0
2025-07-25T14:43:59.134633Z,2025,7,25,65.657500,22.181300,9.0,0,4.3,1,mainland,0,0,0,0,0,0
2025-07-25T14:43:59.135739Z,2025,7,25,65.629200,22.261800,10.0,0,13.5,1,sea,1,1,1,0,0,0
2025-07-25T14:44:31.121260Z,2025,7,25,65.580500,22.110600,7.0,0,8.8,1,mainland,1,1,1,0,0,0
2025-07-25T14:44:46.325569Z,2025,7,25,65.401300,22.089700,8.0,0,10.8,1,sea,0,0,1,0,0,0
2025-07-25T14:44:46.812703Z,2025,7,25,65.435100,22.005000,-10.0,0,3.1,1,sea,1,1,1,0,0,0
2025-07-25T14:45:11.336911Z,2025,7,25,65.635900,22.280100,18.0,0,24.3,1,mainland,1,1,1,0,0,0
2025-07-25T14:45:11.337457Z,2025,7,25,65.641200,22.299300,25.0,0,28.8,1,mainland,0,0,1,0,0,0
2025-07-25T14:45:38.461712Z,2025,7,25,65.463700,22.039200,-15.0,0,5.0,1,sea,1,1,1,0,0,0
2025-07-25T14:45:45.312127Z,2025,7,25,65.637700,22.272400,9.0,0,14.7,1,mainland,1,1,1,0,0,0
2025-07-25T14:45:45.313678Z,2025,7,25,65.635400,22.278900,9.0,0,15.4,1,mainland,1,1,1,0,0,0
2025-07-25T14:46:31.300123Z,2025,7,25,65.405100,22.121600,8.0,0,20.9,1,sea,0,0,0,0,0,0
2025-07-25T14:46:38.201108Z,2025,7,25,65.647800,22.422200,5.0,0,14.2,1,sea,1,1,1,0,0,0
2025-07-25T14:47:12.824905Z,2025,7,25,65.582100,22.161500,6.0,0,3.7,1,mainland,1,1,1,0,0,0
2025-07-25T14:47:24.735321Z,2025,7,25,65.644900,22.386700,12.0,0,21.3,1,sea,0,0,0,0,0,0
2025-07-25T14:47:36.713380Z,2025,7,25,65.398800,22.154400,-11.0,0,10.1,1,sea,0,1,1,0,0,0
2025-07-25T14:47:36.844884Z,2025,7,25,65.411400,21.944900,-10.0,0,2.7,1,sea,0,0,1,0,0,0
2025-07-25T14:47:56.702100Z,2025,7,25,65.658200,22.409400,-10.0,0,15.0,1,islands,1,1,1,0,0,0
2025-07-25T14:48:40.139348Z,2025,7,25,65.413500,22.138400,-10.0,0,6.8,1,sea,0,0,1,0,0,0
2025-07-25T14:48:48.516603Z,2025,7,25,65.654300,22.413500,-7.0,0,4.4,1,sea,1,1,1,0,0,0
2025-07-25T14:48:48.540529Z,2025,7,25,65.650000,22.462500,-24.0,0,7.4,1,sea,0,0,0,0,0,0
2025-07-25T14:49:03.732073Z,2025,7,25,65.580700,22.188300,7.0,0,4.4,1,mainland,1,1,1,0,0,0
2025-07-25T14:49:03.732262Z,2025,7,25,65.582700,22.185800,5.0,0,0.0,1,mainland,1,1,1,0,0,0
2025-07-25T14:49:03.732915Z,2025,7,25,65.581400,22.180500,7.0,0,30.4,1,sea,1,1,1,0,0,0
2025-07-25T14:49:03.733494Z,2025,7,25,66.020100,22.285100,10.0,0,51.3,1,mainland,0,0,0,0,0,0
2025-07-25T14:49:03.733663Z,2025,7,25,65.582100,22.193000,-11.0,0,11.6,1,mainland,0,1,1,0,0,0
2025-07-25T14:49:03.745455Z,2025,7,25,65.579900,22.182200,6.0,0,3.0,1,mainland,1,1,1,0,0,0
2025-07-25T14:49:11.926527Z,2025,7,25,65.662300,22.649500,8.0,0,10.4,1,sea,0,1,1,0,0,0
2025-07-25T14:49:11.930231Z,2025,7,25,65.691100,22.433600,6.0,0,23.1,1,sea,0,1,1,0,0,0
2025-07-25T14:49:26.158386Z,2025,7,25,65.415300,22.130900,-12.0,0,4.8,1,sea,1,1,1,0,0,0
2025-07-25T14:49:26.175874Z,2025,7,25,65.401700,22.109600,-10.0,0,3.6,1,sea,0,0,0,0,0,0
2025-07-25T14:49:26.190498Z,2025,7,25,65.398800,22.098200,-10.0,0,3.3,1,sea,0,0,1,0,0,0
2025-07-25T14:49:26.462466Z,2025,7,25,65.401500,22.111100,-18.0,0,4.6,1,sea,0,0,0,0,0,0
2025-07-25T14:49:26.491293Z,2025,7,25,65.402100,22.116700,-7.0,0,1.5,1,sea,0,0,0,0,0,0
2025-07-25T14:49:44.486734Z,2025,7,25,65.644900,22.418600,-22.0,0,5.4,1,islands,1,1,1,0,0,0
2025-07-25T14:49:44.607164Z,2025,7,25,65.644400,22.427000,-16.0,0,4.8,1,sea,1,1,1,0,0,0
2025-07-25T14:49:44.607354Z,2025,7,25,65.659200,22.375300,-8.0,0,0.0,1,sea,0,0,1,0,0,0
2025-07-25T14:50:17.174402Z,2025,7,25,65.418800,22.135100,10.0,0,12.8,1,sea,0,1,1,0,0,0
2025-07-25T14:50:36.774599Z,2025,7,25,65.653300,22.434900,13.0,0,8.8,1,sea,0,0,1,0,0,0
2025-07-25T14:50:49.476310Z,2025,7,25,65.661100,22.368300,7.0,0,4.2,1,sea,0,1,1,0,0,0
2025-07-25T14:50:52.398056Z,2025,7,25,65.411800,22.140700,-8.0,0,3.0,1,sea,0,0,1,0,0,0
2025-07-25T14:50:52.414887Z,2025,7,25,65.425100,22.142500,-8.0,0,3.6,1,sea,0,1,1,0,0,0
2025-07-25T14:50:52.451537Z,2025,7,25,65.401200,22.118500,-11.0,0,2.7,1,sea,0,0,0,0,0,0
2025-07-25T14:50:52.488806Z,2025,7,25,65.420700,22.129500,-8.0,0,3.7,1,sea,1,1,1,0,0,0
2025-07-25T14:50:52.603436Z,2025,7,25,65.400600,22.100100,-11.0,0,4.5,1,sea,0,0,0,0,0,0
2025-07-25T14:50:52.735352Z,2025,7,25,65.435800,22.124300,-8.0,0,2.6,1,sea,1,1,1,0,0,0
2025-07-25T14:51:03.515814Z,2025,7,25,65.651900,22.419400,-20.0,0,5.4,1,sea,0,1,1,0,0,0
2025-07-25T14:51:03.554316Z,2025,7,25,65.652100,22.421100,-15.0,0,3.6,1,sea,0,1,1,0,0,0
2025-07-25T14:51:03.575637Z,2025,7,25,65.651500,22.421900,-9.0,0,16.7,1,sea,0,0,1,0,0,0
2025-07-25T14:51:54.366307Z,2025,7,25,65.646500,22.433000,-14.0,0,5.1,1,sea,0,1,1,0,0,0
2025-07-25T14:51:54.400752Z,2025,7,25,65.646200,22.433400,-14.0,0,4.1,1,sea,0,1,1,0,0,0
2025-07-25T14:51:54.587248Z,2025,7,25,65.646000,22.440200,-9.0,0,1.9,1,sea,0,1,1,0,0,0
2025-07-25T14:51:54.616430Z,2025,7,25,65.646500,22.429500,-6.0,0,2.5,1,sea,0,1,1,0,0,0
2025-07-25T14:52:02.899180Z,2025,7,25,65.656600,22.372300,6.0,0,20.1,1,sea,0,1,1,0,0,0
2025-07-25T14:52:43.158849Z,2025,7,25,65.603000,22.221800,13.0,0,8.3,1,mainland,0,0,0,0,0,0
2025-07-25T14:52:43.158936Z,2025,7,25,65.609300,22.229700,7.0,0,0.0,1,mainland,0,0,1,0,0,0
2025-07-25T14:52:43.163522Z,2025,7,25,65.597800,22.218600,5.0,0,4.1,1,mainland,0,0,0,0,0,0
2025-07-25T14:52:43.571918Z,2025,7,25,65.555300,22.346600,-12.0,0,4.4,1,mainland,0,1,1,0,0,0
2025-07-25T14:52:43.617528Z,2025,7,25,65.554700,22.345400,-33.0,0,4.9,1,mainland,1,1,1,0,0,0
2025-07-25T14:52:45.780390Z,2025,7,25,65.417000,22.142600,-27.0,0,5.1,1,sea,0,0,1,0,0,0
2025-07-25T14:52:45.851038Z,2025,7,25,65.415700,22.144800,-7.0,0,1.5,1,sea,0,0,1,0,0,0
2025-07-25T14:52:45.883056Z,2025,7,25,65.415700,22.148400,-8.0,0,1.5,1,sea,0,0,1,0,0,0
2025-07-25T14:52:45.991948Z,2025,7,25,65.417300,22.144700,-7.0,0,1.3,1,sea,0,0,1,0,0,0
2025-07-25T14:52:46.010966Z,2025,7,25,65.415900,22.143800,-6.0,0,1.2,1,sea,0,0,1,0,0,0
2025-07-25T14:53:02.371134Z,2025,7,25,65.657600,22.474200,-8.0,0,4.2,1,sea,0,0,0,0,0,0
2025-07-25T14:53:02.421402Z,2025,7,25,65.644200,22.379300,-11.0,0,4.2,1,sea,0,0,1,0,0,0
2025-07-25T14:53:13.937411Z,2025,7,25,65.658000,22.381800,7.0,0,3.1,1,sea,0,1,1,0,0,0
2025-07-25T14:53:13.946786Z,2025,7,25,65.658100,22.385200,7.0,0,3.7,1,sea,0,1,1,0,0,0
2025-07-25T14:53:36.802086Z,2025,7,25,65.662800,22.469800,-12.0,0,11.6,1,sea,0,0,1,0,0,0
2025-07-25T14:53:38.768735Z,2025,7,25,65.410400,21.912500,6.0,0,10.7,1,mainland,0,1,1,0,0,1
2025-07-25T14:53:38.769443Z,2025,7,25,65.402600,21.915500,9.0,0,4.3,1,mainland,1,1,1,0,1,1
2025-07-25T14:53:40.841796Z,2025,7,25,65.412100,22.124500,-32.0,0,8.3,1,sea,0,1,1,0,0,0
2025-07-25T14:53:40.902019Z,2025,7,25,65.418400,22.190200,-24.0,0,7.5,1,sea,0,0,1,0,0,0
2025-07-25T14:53:40.985152Z,2025,7,25,65.447300,22.117500,-11.0,0,2.7,1,sea,0,0,1,0,0,0
2025-07-25T14:53:58.283126Z,2025,7,25,65.664300,22.443600,7.0,0,7.9,1,sea,0,0,0,0,0,0
2025-07-25T14:54:41.797718Z,2025,7,25,65.668000,22.379200,9.0,0,16.1,1,sea,0,1,1,0,0,0
2025-07-25T14:54:51.154622Z,2025,7,25,65.429200,22.163500,5.0,0,7.7,1,sea,1,1,1,0,0,0
2025-07-25T14:54:58.728190Z,2025,7,25,65.580500,21.639200,5.0,0,2.0,1,mainland,0,0,0,0,0,0
2025-07-25T14:55:45.884691Z,2025,7,25,65.670900,22.479200,7.0,0,5.2,1,sea,1,1,1,0,0,0
2025-07-25T14:55:45.899204Z,2025,7,25,65.671500,22.467600,34.0,0,25.8,1,islands,1,1,1,0,0,0
2025-07-25T14:56:25.268787Z,2025,7,25,65.670000,22.528400,-11.0,0,4.3,1,sea,0,0,0,0,0,0
2025-07-25T14:56:25.281620Z,2025,7,25,65.665000,22.463200,-7.0,0,4.8,1,sea,0,0,1,0,0,0
2025-07-25T14:56:25.736292Z,2025,7,25,65.596400,22.410300,-26.0,0,6.8,1,sea,1,1,1,0,0,0
2025-07-25T14:56:32.967307Z,2025,7,25,65.446300,22.230400,-53.0,0,13.2,1,sea,0,0,1,0,0,0
2025-07-25T14:56:32.968509Z,2025,7,25,65.450200,22.226800,-6.0,0,21.8,1,sea,0,0,1,0,0,0
2025-07-25T14:56:32.983717Z,2025,7,25,65.441400,22.239600,-28.0,0,9.1,1,sea,0,0,1,0,0,0
2025-07-25T14:56:33.006013Z,2025,7,25,65.433300,22.236700,-11.0,0,4.8,1,islands,1,1,1,0,0,0
2025-07-25T14:57:10.005582Z,2025,7,25,65.673600,22.497800,-49.0,0,6.4,1,sea,0,1,1,0,0,0
2025-07-25T14:57:10.034702Z,2025,7,25,65.670300,22.515000,-13.0,0,4.9,1,sea,0,0,1,0,0,0
2025-07-25T14:57:10.088236Z,2025,7,25,65.668300,22.529500,-5.0,0,17.9,1,sea,0,0,0,0,0,0
2025-07-25T14:57:10.097018Z,2025,7,25,65.705900,22.507500,-23.0,0,13.0,1,sea,0,0,0,0,0,0
2025-07-25T14:57:10.128808Z,2025,7,25,65.682300,22.481100,-12.0,0,4.6,1,sea,0,0,1,0,0,0
2025-07-25T14:57:10.154337Z,2025,7,25,65.681300,22.473800,-6.0,0,2.7,1,sea,0,1,1,0,0,0
2025-07-25T14:57:10.221410Z,2025,7,25,65.609000,22.322800,11.0,0,11.6,1,mainland,1,1,1,0,0,0
2025-07-25T14:57:18.439627Z,2025,7,25,65.412600,22.261100,13.0,0,17.3,1,sea,0,0,1,0,0,0
2025-07-25T14:58:27.622892Z,2025,7,25,65.683000,22.565000,-136.0,0,12.5,1,sea,0,0,1,0,0,0
2025-07-25T14:58:27.678926Z,2025,7,25,65.669000,22.473700,-6.0,0,15.5,1,sea,1,1,1,0,0,0
2025-07-25T14:58:27.681537Z,2025,7,25,65.692400,22.802400,-7.0,0,1.2,1,sea,1,1,1,0,0,1
2025-07-25T14:58:27.688127Z,2025,7,25,65.684300,22.548900,-14.0,0,4.3,1,sea,0,1,1,0,0,0
2025-07-25T14:58:28.772536Z,2025,7,25,65.424200,22.239900,-63.0,0,8.9,1,sea,0,1,1,0,0,0
2025-07-25T14:58:28.807549Z,2025,7,25,65.449700,22.216200,-7.0,0,2.4,1,sea,0,1,1,0,0,0
2025-07-25T14:58:28.838632Z,2025,7,25,65.431200,22.270300,10.0,0,17.5,1,sea,1,1,1,0,0,0
2025-07-25T14:58:29.515434Z,2025,7,25,65.448900,22.197500,-10.0,0,4.4,1,islands,0,1,1,0,0,0
2025-07-25T14:59:08.499549Z,2025,7,25,65.636100,22.524800,4.0,0,19.2,1,sea,0,0,0,0,0,0
2025-07-25T15:00:39.999385Z,2025,7,25,65.680800,22.494100,-28.0,0,6.4,1,sea,0,0,1,0,0,0
2025-07-25T15:00:40.027150Z,2025,7,25,65.660400,22.477300,8.0,0,9.6,1,sea,0,0,1,0,0,0
2025-07-25T15:00:40.027210Z,2025,7,25,65.680000,22.496200,-32.0,0,7.8,1,sea,0,0,1,0,0,0
2025-07-25T15:00:40.048102Z,2025,7,25,65.680500,22.498600,-9.0,0,2.0,1,sea,0,0,1,0,0,0
2025-07-25T15:00:40.080864Z,2025,7,25,65.680600,22.498400,-30.0,0,5.6,1,sea,0,0,1,0,0,0
2025-07-25T15:00:40.109765Z,2025,7,25,65.680800,22.493500,-15.0,0,4.8,1,sea,0,0,1,0,0,0
2025-07-25T15:00:42.650609Z,2025,7,25,65.489500,22.231100,6.0,0,2.6,1,sea,0,0,1,0,0,0
2025-07-25T15:00:42.812669Z,2025,7,25,65.479900,22.249300,6.0,0,9.3,1,sea,0,0,1,0,0,0
2025-07-25T15:01:23.704483Z,2025,7,25,65.687600,22.514500,-28.0,0,4.8,1,sea,0,0,0,0,0,0
2025-07-25T15:01:23.719855Z,2025,7,25,65.693000,22.553000,-12.0,0,4.8,1,sea,0,0,0,0,0,0
2025-07-25T15:01:23.731248Z,2025,7,25,65.686600,22.523700,-9.0,0,2.9,1,sea,0,0,0,0,0,0
2025-07-25T15:01:44.141035Z,2025,7,25,65.503600,22.212300,6.0,0,11.3,1,sea,1,1,1,0,0,0
2025-07-25T15:01:44.142319Z,2025,7,25,65.498600,22.223600,5.0,0,2.7,1,sea,1,1,1,0,0,0
2025-07-25T15:01:51.366534Z,2025,7,25,65.692900,22.510500,-11.0,0,5.2,1,sea,0,0,0,0,0,0
2025-07-25T15:02:19.659936Z,2025,7,25,65.501500,22.235400,12.0,0,11.1,1,islands,0,1,1,0,0,0
2025-07-25T15:02:33.361280Z,2025,7,25,65.675200,22.530500,8.0,0,4.1,1,sea,0,0,0,0,0,0
2025-07-25T15:02:55.385736Z,2025,7,25,65.494100,22.237500,6.0,0,6.2,1,sea,0,1,1,0,0,0
2025-07-25T15:02:55.386393Z,2025,7,25,65.495200,22.248500,7.0,0,10.3,1,sea,1,1,1,0,0,0
2025-07-25T15:02:55.387582Z,2025,7,25,65.497000,22.230800,6.0,0,3.5,1,sea,1,1,1,0,0,0
2025-07-25T15:02:55.591005Z,2025,7,25,65.553500,22.137100,-11.0,0,4.9,1,mainland,1,1,1,0,0,0
2025-07-25T15:02:56.646358Z,2025,7,25,65.604600,22.488400,-7.0,0,2.6,1,sea,0,0,0,0,0,0
2025-07-25T15:02:56.688758Z,2025,7,25,65.692000,22.566200,-9.0,0,2.5,1,sea,0,0,0,0,0,0
2025-07-25T15:02:56.734970Z,2025,7,25,65.695300,22.587900,-9.0,0,3.3,1,sea,0,0,0,0,0,0
2025-07-25T15:04:06.337748Z,2025,7,25,65.391200,21.984700,-15.0,0,0.0,1,islands,0,0,1,0,0,0
2025-07-25T15:04:06.337872Z,2025,7,25,65.391100,21.985400,-18.0,0,0.0,1,islands,0,0,1,0,0,0
2025-07-25T15:04:15.961773Z,2025,7,25,65.680600,22.560400,6.0,0,1.9,1,sea,0,1,1,0,0,0
2025-07-25T15:04:15.962227Z,2025,7,25,65.678200,22.599700,8.0,0,30.4,1,sea,0,1,1,0,0,0
2025-07-25T15:04:15.963997Z,2025,7,25,65.662400,22.729000,9.0,0,19.2,1,sea,0,0,1,0,0,0
2025-07-25T15:05:38.373866Z,2025,7,25,65.681200,22.553100,-33.0,0,9.7,1,sea,1,1,1,0,0,0
2025-07-25T15:05:38.391576Z,2025,7,25,65.680200,22.551900,-9.0,0,3.2,1,sea,1,1,1,0,0,0
2025-07-25T15:05:38.416143Z,2025,7,25,65.678900,22.548200,-8.0,0,27.2,1,sea,1,1,1,0,0,0
2025-07-25T15:05:38.450530Z,2025,7,25,65.681500,22.549100,-7.0,0,3.7,1,sea,1,1,1,0,0,0
2025-07-25T15:05:38.451360Z,2025,7,25,65.688400,22.592400,-8.0,0,12.0,1,sea,0,0,0,0,0,0
2025-07-25T15:05:38.451406Z,2025,7,25,65.654400,22.633500,12.0,0,11.9,1,sea,0,1,1,0,0,0
2025-07-25T15:05:38.540502Z,2025,7,25,65.704400,22.551700,-7.0,0,3.0,1,sea,0,0,0,0,0,0
2025-07-25T15:06:29.591387Z,2025,7,25,65.511100,22.299900,-9.0,0,10.6,1,islands,1,1,1,0,0,0
2025-07-25T15:07:14.840495Z,2025,7,25,65.696300,22.489700,-29.0,0,7.8,1,sea,0,0,0,0,0,0
2025-07-25T15:07:14.919049Z,2025,7,25,65.688300,22.593000,-21.0,0,8.0,1,sea,0,0,1,0,0,0
2025-07-25T15:07:14.993654Z,2025,7,25,65.691900,22.544100,-15.0,0,4.6,1,sea,0,0,0,0,0,0
2025-07-25T15:07:17.658546Z,2025,7,25,65.501200,22.292500,6.0,0,27.9,1,sea,0,1,1,0,0,0
2025-07-25T15:07:57.815399Z,2025,7,25,65.478500,22.299700,-48.0,0,8.7,1,sea,1,1,1,0,0,0
2025-07-25T15:07:57.844641Z,2025,7,25,65.479500,22.299700,-9.0,0,5.1,1,islands,1,1,1,0,0,0
2025-07-25T15:08:11.927644Z,2025,7,25,65.685500,22.590400,-39.0,0,5.4,1,sea,0,0,0,0,0,0
2025-07-25T15:08:11.996583Z,2025,7,25,65.703900,22.618100,-22.0,0,4.2,1,sea,0,0,0,0,0,0
2025-07-25T15:08:12.058964Z,2025,7,25,65.683500,22.596500,-16.0,0,5.6,1,sea,0,0,1,0,0,0
2025-07-25T15:09:22.503452Z,2025,7,25,65.689400,22.620200,-10.0,0,10.6,1,sea,1,1,1,0,0,0
2025-07-25T15:09:22.508012Z,2025,7,25,65.556300,22.468700,-63.0,0,11.7,1,sea,0,0,0,0,0,0
2025-07-25T15:09:22.524312Z,2025,7,25,65.780500,22.614300,-7.0,0,6.2,1,islands,1,1,1,0,0,0
2025-07-25T15:09:22.530753Z,2025,7,25,65.700200,22.605400,-6.0,0,6.0,1,sea,0,0,0,0,0,0
2025-07-25T15:09:22.546466Z,2025,7,25,65.674800,22.622300,-13.0,0,4.8,1,islands,1,1,1,0,0,0
2025-07-25T15:09:22.589783Z,2025,7,25,65.711700,22.597800,-14.0,0,3.7,1,sea,0,1,1,0,0,0
2025-07-25T15:09:22.625291Z,2025,7,25,65.665500,22.667500,6.0,0,7.3,1,sea,0,0,0,0,0,0
2025-07-25T15:11:01.026982Z,2025,7,25,65.693300,22.619900,-12.0,0,19.2,1,sea,0,1,1,0,0,0
2025-07-25T15:11:01.027211Z,2025,7,25,65.690700,22.604500,-5.0,0,0.0,1,sea,0,0,1,0,0,0
2025-07-25T15:11:01.027348Z,2025,7,25,65.680300,22.608200,-6.0,0,0.0,1,sea,1,1,1,0,0,0
2025-07-25T15:11:01.031217Z,2025,7,25,65.690300,22.620200,-41.0,0,6.2,1,sea,1,1,1,0,0,0
2025-07-25T15:11:01.044161Z,2025,7,25,65.672100,22.619500,-5.0,0,5.8,1,sea,1,1,1,0,0,0
2025-07-25T15:11:01.084948Z,2025,7,25,65.723700,22.646400,-6.0,0,3.8,1,sea,0,0,0,0,1,1
2025-07-25T15:11:18.072539Z,2025,7,25,65.434600,21.887900,-21.0,0,11.3,1,mainland,0,1,1,0,0,0
2025-07-25T15:11:18.086242Z,2025,7,25,65.433300,21.890400,-11.0,0,6.6,1,mainland,1,1,1,0,0,0
2025-07-25T15:11:59.557630Z,2025,7,25,65.525300,22.281200,6.0,0,11.7,1,islands,1,1,1,0,0,0
2025-07-25T15:11:59.890611Z,2025,7,25,65.473400,22.184700,-38.0,0,9.3,1,sea,1,1,1,0,0,0
2025-07-25T15:11:59.953865Z,2025,7,25,65.475500,22.111700,-7.0,0,3.0,1,sea,0,0,0,0,0,0
2025-07-25T15:12:11.899250Z,2025,7,25,65.432800,21.898100,-48.0,0,22.4,1,mainland,1,1,1,0,0,0
2025-07-25T15:12:11.956093Z,2025,7,25,65.433500,21.892400,-15.0,0,4.3,1,mainland,1,1,1,0,0,0
2025-07-25T15:13:37.743380Z,2025,7,25,65.429200,21.870800,-39.0,0,8.6,1,mainland,0,0,0,1,1,1
2025-07-25T15:15:53.365690Z,2025,7,25,65.496800,22.333600,6.0,0,8.3,1,islands,1,1,1,0,0,0
2025-07-25T15:15:53.366962Z,2025,7,25,65.495100,22.302900,5.0,0,9.8,1,sea,0,0,1,0,0,0
2025-07-25T15:15:53.658116Z,2025,7,25,65.455900,22.484400,-4.0,0,1.3,1,sea,0,0,0,0,0,0
2025-07-25T15:16:07.256817Z,2025,7,25,65.212300,22.276900,-10.0,0,0.0,1,sea,0,0,0,0,0,0
2025-07-25T15:16:34.638254Z,2025,7,25,65.430900,21.892000,-9.0,0,0.0,1,mainland,0,1,1,0,0,0
2025-07-25T15:16:34.645688Z,2025,7,25,65.428800,21.914300,-11.0,0,4.1,1,sea,0,1,1,0,0,0
2025-07-25T15:16:34.968589Z,2025,7,25,65.431000,21.945800,-7.0,0,8.3,1,sea,0,1,1,0,0,0
2025-07-25T15:17:18.735294Z,2025,7,25,65.515600,22.296800,-12.0,0,5.6,1,islands,0,1,1,0,0,0
2025-07-25T15:17:59.142028Z,2025,7,25,65.421300,21.892700,5.0,0,5.3,1,mainland,0,0,1,0,0,1
2025-07-25T15:18:40.144836Z,2025,7,25,65.427600,21.905200,-5.0,0,2.6,1,sea,1,1,1,0,0,0
2025-07-25T15:19:38.368382Z,2025,7,25,65.508300,22.333000,10.0,0,3.5,1,islands,1,1,1,0,0,0
2025-07-25T15:19:38.369122Z,2025,7,25,65.511600,22.328600,7.0,0,5.2,1,islands,1,1,1,0,0,0
2025-07-25T15:19:38.387676Z,2025,7,25,65.510400,22.321400,6.0,0,25.7,1,islands,0,0,1,0,0,0
2025-07-25T15:20:30.199408Z,2025,7,25,65.471900,22.036800,-12.0,0,3.3,1,sea,1,1,1,0,0,0
2025-07-25T15:20:30.199475Z,2025,7,25,65.422500,22.419900,7.0,0,15.5,1,sea,0,0,0,0,0,0
2025-07-25T15:20:30.215791Z,2025,7,25,65.463100,21.988500,-14.0,0,2.9,1,mainland,0,0,1,0,0,0
2025-07-25T15:21:56.845661Z,2025,7,25,65.493200,22.278800,-72.0,0,10.5,1,islands,1,1,1,0,0,0
2025-07-25T15:21:56.871089Z,2025,7,25,65.456100,22.254000,-18.0,0,4.8,1,sea,0,0,0,0,0,0
2025-07-25T15:21:57.199037Z,2025,7,25,65.492900,22.276900,-9.0,0,4.2,1,sea,1,1,1,0,0,0
2025-07-25T15:23:17.165602Z,2025,7,25,65.134500,22.353400,8.0,0,23.0,1,sea,0,0,0,0,1,1
2025-07-25T15:24:37.006566Z,2025,7,25,65.478500,22.112600,12.0,0,11.3,1,sea,0,0,0,0,0,0
2025-07-25T15:24:37.497186Z,2025,7,25,65.455700,22.068600,-6.0,0,2.4,1,sea,0,1,1,0,0,0
2025-07-25T15:26:34.643609Z,2025,7,25,65.492500,22.072500,8.0,0,4.8,1,islands,1,1,1,0,0,0
2025-07-25T15:26:34.645486Z,2025,7,25,65.491900,22.066500,6.0,0,7.0,1,islands,0,1,1,0,0,0
2025-07-25T15:26:34.951632Z,2025,7,25,65.449700,21.978400,7.0,0,7.3,1,mainland,0,0,0,0,0,0
2025-07-25T15:27:26.596352Z,2025,7,25,65.499700,22.221400,5.0,0,11.4,1,sea,1,1,1,0,0,0
2025-07-25T15:27:26.879016Z,2025,7,25,65.541100,22.144400,5.0,0,19.2,1,mainland,0,0,1,0,0,0
2025-07-25T15:27:26.879048Z,2025,7,25,65.471300,22.162200,-11.0,0,15.0,1,islands,1,1,1,0,0,0
2025-07-25T15:27:26.915794Z,2025,7,25,65.505900,22.055800,-6.0,0,6.6,1,sea,1,1,1,0,0,0
2025-07-25T15:28:38.869554Z,2025,7,25,65.548700,22.331100,6.0,0,13.9,1,sea,0,1,1,0,0,0
2025-07-25T15:30:25.434635Z,2025,7,25,65.501600,22.106800,7.0,0,6.4,1,islands,1,1,1,0,0,0
2025-07-25T15:30:25.449999Z,2025,7,25,65.510000,22.106500,9.0,0,16.8,1,islands,0,1,1,0,0,0
2025-07-25T15:32:16.139924Z,2025,7,25,65.514100,22.216300,-10.0,0,0.0,1,islands,0,1,1,0,0,0
2025-07-25T15:32:16.140065Z,2025,7,25,65.511200,22.221300,15.0,0,25.6,1,islands,0,1,1,0,0,0
2025-07-25T15:32:16.211335Z,2025,7,25,65.510600,22.222300,5.0,0,7.9,1,islands,0,1,1,0,0,0
2025-07-25T15:35:59.424851Z,2025,7,25,65.514400,22.260100,12.0,0,0.0,1,islands,0,1,1,0,0,0
2025-07-25T15:35:59.425113Z,2025,7,25,65.510300,22.244800,22.0,0,13.7,1,islands,0,0,1,0,0,0
2025-07-25T15:35:59.425743Z,2025,7,25,65.512800,22.283400,14.0,0,16.9,1,sea,1,1,1,0,0,0
2025-07-25T15:35:59.425773Z,2025,7,25,65.505800,22.285800,15.0,0,0.0,1,sea,1,1,1,0,0,0
2025-07-25T15:35:59.429541Z,2025,7,25,65.458300,22.381800,-7.0,0,14.3,1,islands,0,1,1,0,0,0
2025-07-25T15:39:27.762324Z,2025,7,25,65.523200,22.349300,6.0,0,8.9,1,sea,0,1,1,0,0,0
2025-07-25T15:39:27.763473Z,2025,7,25,65.551900,22.279800,5.0,0,3.3,1,inland_water,0,0,0,0,0,0
2025-07-25T15:40:51.073361Z,2025,7,25,65.527500,22.276100,12.0,0,7.9,1,islands,1,1,1,0,0,0
2025-07-25T15:40:51.074243Z,2025,7,25,65.528200,22.274600,6.0,0,2.4,1,islands,1,1,1,0,0,0
2025-07-25T15:40:51.075799Z,2025,7,25,65.526800,22.293500,18.0,0,13.9,1,sea,1,1,1,0,0,0
2025-07-25T15:43:52.031121Z,2025,7,25,65.534400,22.412900,10.0,0,18.5,1,sea,0,1,1,0,0,0
2025-07-25T15:43:52.032331Z,2025,7,25,65.531000,22.359100,-11.0,0,19.4,1,sea,1,1,1,0,0,0
2025-07-25T15:43:52.032930Z,2025,7,25,65.509900,22.365000,3.0,0,1.9,1,islands,1,1,1,0,0,0
2025-07-25T15:45:59.618495Z,2025,7,25,65.571200,22.424300,11.0,0,9.4,1,sea,0,0,0,0,0,0
2025-07-25T15:45:59.619529Z,2025,7,25,65.575600,22.445300,15.0,0,14.4,1,sea,0,0,0,0,0,0
2025-07-25T15:45:59.640028Z,2025,7,25,65.565700,22.443400,6.0,0,7.6,1,sea,0,0,0,0,0,0
2025-07-25T15:48:31.967303Z,2025,7,25,65.550100,22.469400,16.0,0,0.0,1,sea,0,0,0,0,0,0
2025-07-25T15:48:31.967361Z,2025,7,25,65.515500,22.499400,15.0,0,0.0,1,sea,0,0,1,0,0,0
2025-07-25T15:48:31.969391Z,2025,7,25,65.534900,22.425900,16.0,0,17.1,1,sea,1,1,1,0,0,0
2025-07-25T15:48:31.970536Z,2025,7,25,65.527400,22.406300,9.0,0,14.2,1,sea,0,0,1,0,0,0
2025-07-25T15:50:51.488086Z,2025,7,25,65.420200,22.806400,8.0,0,17.2,1,sea,0,0,0,0,0,0
2025-07-25T15:50:51.489487Z,2025,7,25,65.523200,22.419200,15.0,0,30.4,1,sea,0,0,0,0,0,0
2025-07-25T15:50:51.499251Z,2025,7,25,65.524500,22.414400,22.0,0,15.5,1,sea,0,0,0,0,0,0
2025-07-25T17:25:37.672214Z,2025,7,25,65.342200,21.977700,7.0,0,5.2,1,sea,0,0,0,1,1,1
2025-07-25T17:29:46.675170Z,2025,7,25,65.322500,22.053100,-12.0,0,5.7,1,sea,0,0,0,0,0,0
2025-07-25T17:32:08.234947Z,2025,7,25,65.328100,22.053500,9.0,0,3.9,1,sea,0,0,0,0,0,0
2025-07-25T17:35:49.293283Z,2025,7,25,65.342000,22.048300,11.0,0,10.3,1,sea,0,0,0,0,0,0
2025-07-25T17:35:49.293392Z,2025,7,25,65.339200,22.027200,6.0,0,0.0,1,sea,0,0,1,0,0,0
2025-07-25T17:36:29.138492Z,2025,7,25,65.381500,22.156900,-14.0,0,5.8,1,sea,0,0,1,0,0,0
2025-07-25T17:37:16.362531Z,2025,7,25,65.404300,22.148000,-8.0,0,1.5,1,sea,1,1,1,0,0,0
2025-07-25T17:37:54.976775Z,2025,7,25,65.404800,22.195100,-11.0,0,2.4,1,sea,0,0,0,0,0,0
2025-07-25T17:39:49.842001Z,2025,7,25,65.340600,22.080300,9.0,0,7.9,1,islands,1,1,1,0,0,0
2025-07-25T17:39:50.036039Z,2025,7,25,65.280600,22.141200,-8.0,0,2.6,1,sea,0,0,0,0,0,0
2025-07-25T17:42:31.154766Z,2025,7,25,65.352200,22.083700,6.0,0,9.7,1,sea,0,0,1,0,0,0
2025-07-25T17:42:31.294005Z,2025,7,25,65.394700,22.077900,-11.0,0,3.1,1,sea,1,1,1,0,0,0
2025-07-25T17:42:31.296401Z,2025,7,25,65.335600,21.993000,-9.0,0,2.9,1,sea,0,0,0,0,1,1
2025-07-25T17:46:41.158691Z,2025,7,25,65.356700,22.166000,6.0,0,6.4,1,sea,0,0,0,0,0,0
2025-07-25T17:46:41.249523Z,2025,7,25,65.299700,22.060100,-11.0,0,3.1,1,sea,0,0,0,0,1,1
2025-07-25T18:00:46.284623Z,2025,7,25,65.460300,22.459500,32.0,0,12.2,1,sea,0,0,0,0,0,0
2025-07-25T18:14:05.706181Z,2025,7,25,65.302900,22.376300,8.0,0,5.0,1,sea,0,1,1,0,0,0
2025-07-25T18:24:39.375063Z,2025,7,25,65.357100,22.414400,9.0,0,0.0,1,sea,0,1,1,0,0,0
2025-07-25T18:24:39.375264Z,2025,7,25,65.357900,22.419100,15.0,0,27.1,1,sea,1,1,1,0,0,0
2025-07-25T18:24:39.375996Z,2025,7,25,65.948900,22.277300,6.0,0,5.4,1,mainland,0,0,0,0,0,0
2025-07-25T18:42:35.039152Z,2025,7,25,65.421900,22.581800,5.0,0,3.5,1,sea,0,0,0,0,0,0
2025-07-25T18:42:35.061993Z,2025,7,25,65.433400,22.655700,3.0,0,7.9,1,sea,0,0,0,0,0,0
2025-07-25T18:44:21.717419Z,2025,7,25,65.420700,22.570600,9.0,0,9.5,1,sea,0,0,0,0,0,0
2025-07-25T18:44:21.774055Z,2025,7,25,65.400300,22.561900,10.0,0,6.0,1,sea,0,0,0,0,0,0
2025-07-25T18:46:10.519243Z,2025,7,25,65.421300,22.582400,12.0,0,10.3,1,sea,0,0,0,0,0,0
2025-07-25T18:50:47.545566Z,2025,7,25,65.418000,22.674000,-6.0,0,2.1,1,sea,0,0,0,0,0,0
2025-07-25T18:52:04.761723Z,2025,7,25,65.417400,22.723600,-5.0,0,2.5,1,sea,0,0,0,0,0,0
2025-07-25T18:53:26.059491Z,2025,7,25,65.421400,22.729400,-4.0,0,2.7,1,sea,0,0,0,0,0,0
2025-07-25T18:56:22.232424Z,2025,7,25,65.413800,22.648600,-9.0,0,0.0,1,sea,0,0,0,0,0,0
2025-07-25T18:56:22.232484Z,2025,7,25,65.414300,22.635500,-8.0,0,0.0,1,sea,0,0,0,0,0,0
2025-07-25T18:56:22.241422Z,2025,7,25,65.435100,22.726700,-10.0,0,15.1,1,sea,0,0,0,0,0,0
2025-07-25T18:56:22.320705Z,2025,7,25,65.451500,22.657800,-8.0,0,4.9,1,sea,0,0,0,0,0,0
2025-07-25T18:56:22.380985Z,2025,7,25,65.436400,22.661200,-10.0,0,6.8,1,sea,0,0,0,0,0,0
2025-07-25T19:00:26.380474Z,2025,7,25,65.476800,22.770500,-9.0,0,11.8,1,sea,0,0,1,0,0,0
2025-07-25T19:00:26.383773Z,2025,7,25,65.446100,22.762400,-52.0,0,12.9,1,sea,0,0,0,0,0,0
2025-07-25T19:00:26.388400Z,2025,7,25,65.454300,22.747200,-6.0,0,6.8,1,sea,0,0,1,0,0,0
2025-07-25T19:00:26.461586Z,2025,7,25,65.473200,22.683600,-4.0,0,2.3,1,sea,0,0,1,0,0,0
2025-07-25T19:00:26.638482Z,2025,7,25,65.454000,22.682300,43.0,0,16.7,1,sea,0,0,0,0,0,0
2025-07-25T19:02:18.103000Z,2025,7,25,65.461200,22.750700,5.0,0,8.1,1,sea,0,1,1,0,0,0
2025-07-25T19:02:18.116899Z,2025,7,25,65.417400,22.841400,4.0,0,12.9,1,sea,0,0,0,0,0,0
2025-07-25T19:02:18.270563Z,2025,7,25,65.448300,22.634200,-11.0,0,3.3,1,sea,0,1,1,0,0,0
2025-07-25T19:04:20.109789Z,2025,7,25,65.472200,22.854800,11.0,0,18.2,1,sea,0,0,0,0,0,0
2025-07-25T19:04:20.210933Z,2025,7,25,65.413500,22.678200,-12.0,0,5.6,1,sea,0,0,0,0,0,0
2025-07-25T19:05:40.462555Z,2025,7,25,65.468600,22.775300,5.0,0,4.9,1,sea,0,0,1,0,0,0
2025-07-25T19:05:40.462576Z,2025,7,25,65.475500,22.752500,-15.0,0,4.7,1,islands,1,1,1,0,0,0
2025-07-25T19:07:56.089196Z,2025,7,25,65.491300,22.692800,-16.0,0,0.0,1,sea,1,1,1,0,0,0
2025-07-25T19:07:56.089254Z,2025,7,25,65.478600,22.819400,-10.0,0,0.0,1,sea,0,0,0,0,0,0
2025-07-25T19:07:56.089256Z,2025,7,25,65.278900,22.987500,-18.0,0,4.9,1,sea,0,0,0,0,0,0
2025-07-25T19:07:56.089435Z,2025,7,25,65.478700,22.728100,-12.0,0,0.0,1,islands,1,1,1,0,0,0
2025-07-25T19:07:56.089476Z,2025,7,25,65.475000,22.748900,-9.0,0,0.0,1,islands,1,1,1,0,0,0
2025-07-25T19:07:56.089542Z,2025,7,25,65.523900,22.812500,-8.0,0,0.0,1,sea,1,1,1,0,0,0
2025-07-25T19:07:56.095231Z,2025,7,25,65.476600,22.754900,-29.0,0,18.5,1,sea,1,1,1,0,0,0
2025-07-25T19:17:30.220918Z,2025,7,25,65.697300,21.888600,5.0,0,8.3,1,mainland,0,0,0,0,0,0
2025-07-25T19:26:01.923086Z,2025,7,25,65.747800,21.915400,4.0,0,1.4,1,mainland,0,0,0,1,1,1
2025-07-25T19:33:50.657841Z,2025,7,25,65.752200,21.999200,7.0,0,2.7,1,mainland,0,0,0,0,0,0
2025-07-25T19:33:50.658450Z,2025,7,25,65.752000,21.988800,6.0,0,11.4,1,mainland,0,0,0,0,0,0
2025-07-25T19:36:52.540279Z,2025,7,25,65.777100,22.009400,12.0,0,10.5,1,mainland,0,0,0,0,0,0
2025-07-25T19:36:52.540835Z,2025,7,25,65.780000,22.008000,5.0,0,22.4,1,mainland,0,0,0,0,0,0
2025-07-25T19:40:00.709383Z,2025,7,25,65.779900,22.045700,8.0,0,4.2,1,mainland,0,0,0,0,0,0
2025-07-25T19:40:00.710334Z,2025,7,25,65.777500,22.057300,6.0,0,4.6,1,mainland,0,0,0,0,0,0
2025-07-25T19:42:39.792241Z,2025,7,25,65.806500,22.038600,15.0,0,11.3,1,mainland,0,0,0,0,0,0
2025-07-25T19:46:55.832649Z,2025,7,25,65.751000,22.003400,9.0,0,0.0,1,mainland,0,0,0,0,0,0
2025-07-25T19:46:55.833056Z,2025,7,25,65.771000,22.045700,11.0,0,21.6,1,mainland,0,0,0,0,0,0
2025-07-25T19:46:55.833391Z,2025,7,25,65.765000,22.028000,10.0,0,16.3,1,mainland,0,0,0,0,0,0
2025-07-25T19:46:55.833411Z,2025,7,25,65.748200,22.003200,9.0,0,0.0,1,mainland,0,0,0,0,0,0
2025-07-25T19:54:41.686431Z,2025,7,25,65.788600,22.126700,5.0,0,3.6,1,mainland,0,0,0,0,0,0
2025-07-25T19:54:41.707025Z,2025,7,25,65.787900,22.121600,6.0,0,7.6,1,mainland,0,0,0,0,0,0
2025-07-27T21:09:56.206719Z,2025,7,27,65.309000,22.890800,9.0,0,13.9,1,sea,0,0,0,0,0,0
2025-07-27T21:09:56.207314Z,2025,7,27,65.292500,22.876400,19.0,0,18.6,1,sea,0,0,0,0,0,0
2025-07-27T21:09:56.214800Z,2025,7,27,65.301600,22.885600,4.0,0,1.7,1,sea,0,0,0,0,0,0
2025-07-27T21:11:12.663110Z,2025,7,27,65.307600,22.906800,4.0,0,2.4,1,sea,0,0,0,0,0,0
2025-07-27T21:14:03.277768Z,2025,7,27,65.325600,22.920600,6.0,0,9.3,1,sea,0,0,0,0,0,0
2025-07-27T21:14:03.278260Z,2025,7,27,65.324800,22.928300,4.0,0,2.1,1,sea,0,0,0,0,0,0
2025-07-27T21:14:03.281507Z,2025,7,27,65.321700,22.908000,6.0,0,2.1,1,sea,0,0,0,0,0,0
2025-07-27T21:14:03.287228Z,2025,7,27,65.332900,22.913000,6.0,0,8.3,1,sea,0,0,0,0,0,0
2025-07-27T21:39:17.561894Z,2025,7,27,65.478800,22.875400,19.0,0,25.4,1,sea,0,0,0,0,0,0
2025-07-27T21:39:17.567271Z,2025,7,27,65.469200,22.731700,4.0,0,4.2,1,sea,1,1,1,0,0,0
2025-07-27T21:40:17.764294Z,2025,7,27,65.423800,22.634900,-12.0,0,10.0,1,sea,0,0,0,0,0,0
2025-07-27T21:40:17.764466Z,2025,7,27,65.408700,22.614300,-6.0,0,0.0,1,sea,0,0,0,0,0,0
2025-07-27T21:40:17.764524Z,2025,7,27,65.423700,22.630400,-12.0,0,11.3,1,sea,0,0,0,0,0,0
2025-07-27T21:40:17.764633Z,2025,7,27,65.413200,22.628500,-7.0,0,0.0,1,sea,0,0,0,0,0,0
2025-07-27T21:40:17.819322Z,2025,7,27,65.411100,22.572600,-5.0,0,1.4,1,sea,0,0,0,0,0,0
2025-07-27T21:50:45.929840Z,2025,7,27,65.512800,22.724100,6.0,0,14.7,1,sea,0,1,1,0,0,0
2025-07-27T21:50:46.123007Z,2025,7,27,65.500400,22.790200,-18.0,0,6.0,1,sea,0,0,0,0,0,0
2025-07-27T21:54:39.897039Z,2025,7,27,65.510400,22.713600,5.0,0,9.4,1,sea,0,1,1,0,0,0
2025-07-27T21:54:39.897647Z,2025,7,27,65.515600,22.731800,5.0,0,8.7,1,sea,1,1,1,0,0,0
2025-07-27T21:55:28.635423Z,2025,7,27,65.516000,22.727000,4.0,0,6.3,1,sea,1,1,1,0,0,0
2025-07-27T21:55:28.687999Z,2025,7,27,65.597100,22.758200,-18.0,0,4.6,1,sea,1,1,1,0,0,0
2025-07-27T21:57:53.316656Z,2025,7,27,65.539700,22.707800,8.0,0,18.9,1,sea,0,0,1,0,0,0
2025-07-27T21:57:53.317466Z,2025,7,27,65.536100,22.702500,8.0,0,6.7,1,sea,0,0,1,0,0,0
2025-07-27T21:57:53.318363Z,2025,7,27,65.538400,22.727300,6.0,0,16.8,1,sea,0,0,1,0,0,0
2025-07-27T21:57:53.318970Z,2025,7,27,65.540000,22.711500,7.0,0,3.9,1,sea,0,0,1,0,0,0
2025-07-27T22:00:25.827045Z,2025,7,27,65.555800,22.712300,-111.0,0,11.8,1,sea,0,0,1,0,0,0
2025-07-27T22:00:25.845527Z,2025,7,27,65.559100,22.714000,-7.0,0,26.1,1,sea,0,0,1,0,0,0
2025-07-27T22:00:25.845573Z,2025,7,27,65.540900,22.657800,11.0,0,11.7,1,sea,1,1,1,0,0,0
2025-07-27T22:00:25.859653Z,2025,7,27,65.566400,22.703800,-13.0,0,4.1,1,sea,0,0,1,0,0,0
2025-07-27T22:00:25.878807Z,2025,7,27,65.561800,22.749000,-8.0,0,4.6,1,sea,1,1,1,0,0,0
2025-07-27T22:00:25.879521Z,2025,7,27,65.550600,22.695800,-7.0,0,5.7,1,sea,1,1,1,0,0,0
2025-07-27T22:01:17.249379Z,2025,7,27,65.551500,22.701600,7.0,0,11.0,1,sea,0,1,1,0,0,0
2025-07-27T22:01:17.250287Z,2025,7,27,65.557100,22.685400,6.0,0,2.3,1,islands,1,1,1,0,0,0
2025-07-27T22:01:17.252619Z,2025,7,27,65.376300,22.728600,4.0,0,2.4,1,sea,0,0,0,0,0,0
2025-07-27T22:01:17.266796Z,2025,7,27,65.552500,22.692900,9.0,0,5.6,1,islands,1,1,1,0,0,0
2025-07-27T22:01:17.266838Z,2025,7,27,65.539900,22.642900,-15.0,0,22.9,1,islands,1,1,1,0,0,0
2025-07-27T22:01:17.275159Z,2025,7,27,65.555400,22.690300,8.0,0,23.6,1,islands,1,1,1,0,0,0
2025-07-27T22:03:45.083716Z,2025,7,27,65.551900,22.710000,5.0,0,4.2,1,sea,0,0,1,0,0,0
2025-07-27T22:05:47.793956Z,2025,7,27,65.562400,22.711400,5.0,0,16.0,1,sea,0,0,0,0,0,0
2025-07-27T22:05:47.794650Z,2025,7,27,65.573600,22.723700,9.0,0,11.7,1,sea,0,0,0,0,0,0
2025-07-27T22:05:47.798172Z,2025,7,27,65.553000,22.745600,6.0,0,11.7,1,islands,1,1,1,0,0,0
2025-07-27T22:05:47.813066Z,2025,7,27,65.532500,22.778200,25.0,0,27.9,1,sea,0,1,1,0,0,0
2025-07-27T22:05:47.824904Z,2025,7,27,65.576600,22.721900,7.0,0,19.2,1,sea,0,0,0,0,0,0
2025-07-27T22:05:47.997056Z,2025,7,27,65.587500,22.478600,-19.0,0,5.0,1,sea,0,0,0,0,0,0
2025-07-27T22:06:36.411602Z,2025,7,27,65.577300,22.740900,24.0,0,8.9,1,sea,0,0,1,0,0,0
2025-07-27T22:06:36.412453Z,2025,7,27,65.555200,22.708700,6.0,0,2.1,1,sea,0,0,1,0,0,0
2025-07-27T22:06:36.415166Z,2025,7,27,65.515000,22.708200,3.0,0,2.1,1,sea,1,1,1,0,0,0
2025-07-27T22:06:36.429380Z,2025,7,27,65.578400,22.735100,3.0,0,2.7,1,sea,0,0,0,0,0,0
2025-07-27T22:06:36.614668Z,2025,7,27,65.551100,22.748800,-9.0,0,3.7,1,islands,0,1,1,0,0,0
2025-07-27T22:07:22.022714Z,2025,7,27,65.588100,22.731800,11.0,0,25.5,1,sea,0,0,0,0,0,0
2025-07-27T22:08:49.802935Z,2025,7,27,65.591500,22.735500,8.0,0,10.8,1,sea,0,0,1,0,0,0
2025-07-27T22:10:29.978928Z,2025,7,27,65.567800,22.695400,5.0,0,1.3,1,sea,0,0,1,0,0,0
2025-07-27T22:10:29.982576Z,2025,7,27,65.589500,22.849700,4.0,0,23.5,1,sea,0,0,0,0,0,0
2025-07-27T22:10:30.098158Z,2025,7,27,65.563000,22.796000,-14.0,0,3.7,1,islands,1,1,1,0,0,0
2025-07-27T22:11:28.222386Z,2025,7,27,65.606200,22.709900,-35.0,0,6.0,1,sea,0,0,0,0,0,0
2025-07-27T22:11:28.254557Z,2025,7,27,65.600700,22.741400,-17.0,0,4.8,1,sea,1,1,1,0,0,0
2025-07-27T22:11:28.267277Z,2025,7,27,65.600800,22.741200,-4.0,0,2.1,1,sea,1,1,1,0,0,0
2025-07-27T22:11:28.499749Z,2025,7,27,65.622500,22.651600,5.0,0,3.5,1,sea,0,0,0,0,0,0
2025-07-27T22:12:57.400664Z,2025,7,27,65.598400,22.724800,4.0,0,4.3,1,sea,0,0,1,0,0,0
2025-07-27T22:12:57.415868Z,2025,7,27,65.605300,22.742500,7.0,0,30.4,1,sea,0,0,1,0,0,0
2025-07-27T22:12:57.420374Z,2025,7,27,65.623500,22.737400,12.0,0,30.4,1,sea,0,0,0,0,0,0
2025-07-27T22:12:57.562068Z,2025,7,27,65.577400,22.758000,-8.0,0,5.0,1,sea,0,0,1,0,0,0
2025-07-27T22:12:57.562985Z,2025,7,27,65.572100,22.659800,-9.0,0,3.5,1,sea,0,0,1,0,0,0
2025-07-27T22:13:49.773694Z,2025,7,27,65.638700,21.877600,-9.0,0,3.9,1,mainland,0,0,0,0,0,0
2025-07-27T22:13:49.785752Z,2025,7,27,65.551300,21.901500,-13.0,0,4.9,1,mainland,0,0,0,0,0,0
2025-07-27T22:13:49.788508Z,2025,7,27,65.564100,21.879800,-10.0,0,15.0,1,mainland,0,0,0,0,0,0
2025-07-27T22:13:49.788538Z,2025,7,27,65.568500,21.858400,14.0,0,9.3,1,mainland,0,0,0,0,0,0
2025-07-27T22:13:49.813069Z,2025,7,27,65.552800,21.857400,-8.0,0,7.1,1,mainland,0,0,0,0,0,0
2025-07-27T22:14:02.342661Z,2025,7,27,65.616900,22.746700,5.0,0,6.4,1,sea,0,0,0,0,0,0
2025-07-27T22:14:02.365384Z,2025,7,27,65.620400,22.748200,4.0,0,5.4,1,sea,0,0,0,0,0,0
2025-07-27T22:14:02.370401Z,2025,7,27,65.614700,22.733300,6.0,0,20.3,1,sea,0,0,0,0,0,0
2025-07-27T22:14:02.377489Z,2025,7,27,65.621700,22.737900,4.0,0,2.1,1,sea,0,0,0,0,0,0
2025-07-27T22:15:44.698613Z,2025,7,27,65.619700,22.776800,9.0,0,0.0,1,sea,0,0,0,0,0,0
2025-07-27T22:15:44.702948Z,2025,7,27,65.643200,22.739300,-58.0,0,9.2,1,sea,0,1,1,0,0,0
2025-07-27T22:15:44.738318Z,2025,7,27,65.642400,22.737600,-18.0,0,3.6,1,sea,1,1,1,0,0,0
2025-07-27T22:15:44.765049Z,2025,7,27,65.645400,22.751200,-17.0,0,8.9,1,sea,0,1,1,0,0,0
2025-07-27T22:15:44.794212Z,2025,7,27,65.624600,22.694900,-9.0,0,3.1,1,sea,0,0,0,0,0,0
2025-07-27T22:15:44.840023Z,2025,7,27,65.644400,22.682500,-9.0,0,3.7,1,sea,0,0,0,0,0,0
2025-07-27T22:17:29.451836Z,2025,7,27,65.592700,21.868300,-7.0,0,0.0,1,mainland,0,0,0,0,0,0
2025-07-27T22:17:29.451971Z,2025,7,27,65.580700,21.893900,-16.0,0,0.0,1,mainland,0,0,0,0,0,0
2025-07-27T22:17:29.452071Z,2025,7,27,65.621100,21.956600,7.0,0,0.0,1,inland_water,0,0,0,0,0,0
2025-07-27T22:17:29.452173Z,2025,7,27,65.552300,21.855900,10.0,0,0.0,1,mainland,0,0,0,0,0,0
2025-07-27T22:17:29.452269Z,2025,7,27,65.587200,21.857100,-23.0,0,11.5,1,mainland,0,0,0,0,0,0
2025-07-27T22:17:29.456526Z,2025,7,27,65.591200,21.889800,-51.0,0,6.7,1,mainland,0,0,0,0,0,0
2025-07-27T22:17:29.480115Z,2025,7,27,65.578700,21.881100,-15.0,0,7.2,1,mainland,0,0,0,0,0,0
2025-07-27T22:17:29.515251Z,2025,7,27,65.582300,21.831600,-5.0,0,4.9,1,mainland,0,0,0,0,0,0
2025-07-27T22:18:35.792260Z,2025,7,27,65.644000,22.735700,9.0,0,0.0,1,sea,1,1,1,0,0,0
2025-07-27T22:18:35.792604Z,2025,7,27,65.645700,22.737800,11.0,0,0.0,1,sea,0,1,1,0,0,0
2025-07-27T22:18:35.792720Z,2025,7,27,65.626300,22.664900,7.0,0,0.0,1,sea,0,0,1,0,0,0
2025-07-27T22:18:35.792725Z,2025,7,27,65.240900,23.030500,16.0,0,15.7,1,sea,0,0,0,0,0,0
2025-07-27T22:18:35.793610Z,2025,7,27,65.639100,22.743700,17.0,0,13.4,1,sea,0,0,1,0,0,0
2025-07-27T22:18:35.801112Z,2025,7,27,65.648000,22.733400,6.0,0,30.4,1,sea,0,1,1,0,0,0
2025-07-27T22:19:53.400972Z,2025,7,27,65.593700,21.870200,12.0,0,5.6,1,mainland,0,0,0,0,0,0
2025-07-27T22:19:53.501181Z,2025,7,27,65.618400,21.678600,-6.0,0,6.0,1,mainland,0,0,0,0,0,0
2025-07-27T22:21:49.970615Z,2025,7,27,65.613900,21.920800,-11.0,0,0.0,1,mainland,0,0,0,0,0,0
2025-07-27T22:21:49.970685Z,2025,7,27,65.592900,21.930700,-19.0,0,15.0,1,mainland,0,0,0,0,0,0
2025-07-27T22:21:49.976816Z,2025,7,27,65.605400,21.908200,-29.0,0,18.6,1,mainland,0,0,0,0,0,0
2025-07-27T22:21:49.997927Z,2025,7,27,65.604000,21.908800,-17.0,0,5.2,1,mainland,0,0,0,0,0,0
2025-07-27T22:21:50.035145Z,2025,7,27,65.619000,21.864700,-7.0,0,9.1,1,mainland,0,0,0,0,0,0
2025-07-27T22:23:30.397380Z,2025,7,27,65.613000,21.875700,-12.0,0,14.0,1,mainland,0,0,0,0,0,0
2025-07-27T22:23:30.398088Z,2025,7,27,65.597200,21.920500,11.0,0,12.4,1,mainland,0,0,0,0,0,0
2025-07-27T22:23:30.398106Z,2025,7,27,65.624400,21.862200,-14.0,0,9.8,1,mainland,0,0,0,0,0,0
2025-07-27T22:26:55.736591Z,2025,7,27,65.638600,21.893500,-8.0,0,0.0,1,mainland,0,0,0,0,0,0
2025-07-27T22:26:55.736643Z,2025,7,27,65.641500,21.875200,-25.0,0,6.7,1,mainland,0,0,0,0,0,0
2025-07-27T22:26:55.736775Z,2025,7,27,65.641900,21.895100,-15.0,0,0.0,1,mainland,0,0,0,0,0,0
2025-07-27T22:26:55.736907Z,2025,7,27,65.637100,21.895900,-16.0,0,0.0,1,mainland,0,0,0,0,0,0
2025-07-27T22:26:55.739507Z,2025,7,27,65.641300,21.921200,-89.0,0,14.3,1,inland_water,0,0,0,0,0,0
2025-07-27T22:26:55.763873Z,2025,7,27,65.630500,21.874300,-13.0,0,5.6,1,mainland,0,0,0,0,0,0
2025-07-27T22:29:14.749251Z,2025,7,27,65.321500,23.061000,-16.0,0,7.0,1,sea,0,0,0,0,0,0
2025-07-27T22:31:15.069956Z,2025,7,27,65.677400,21.858800,8.0,0,6.9,1,mainland,0,0,0,0,0,0
2025-07-27T22:31:15.072089Z,2025,7,27,65.680800,21.833600,10.0,0,10.1,1,mainland,0,0,0,0,0,0
2025-07-27T22:31:15.075869Z,2025,7,27,65.670000,22.092700,6.0,0,24.1,1,mainland,0,0,0,0,0,0
2025-07-27T22:31:15.080854Z,2025,7,27,65.680900,21.875300,5.0,0,19.4,1,mainland,0,0,0,0,0,0
2025-07-27T22:32:04.202449Z,2025,7,27,65.320900,23.114400,8.0,0,19.3,1,sea,0,0,0,1,1,1
2025-07-27T22:32:42.008211Z,2025,7,27,65.715900,21.971300,-16.0,0,5.7,1,mainland,0,0,0,0,0,0
2025-07-27T22:32:42.024866Z,2025,7,27,65.708600,21.956800,-7.0,0,2.3,1,mainland,0,0,0,0,0,0
2025-07-27T22:33:35.133428Z,2025,7,27,65.311400,23.064000,7.0,0,2.5,1,sea,0,0,0,0,0,0
2025-07-27T22:33:42.424136Z,2025,7,27,65.713400,21.950600,-15.0,0,5.8,1,mainland,0,0,0,0,0,0
2025-07-27T22:33:42.475613Z,2025,7,27,65.680600,21.968500,-9.0,0,5.0,1,mainland,0,0,0,0,0,0
2025-07-27T22:34:46.944712Z,2025,7,27,65.320000,23.093200,4.0,0,1.7,1,sea,0,0,0,0,0,1
2025-07-27T22:35:04.926533Z,2025,7,27,65.721600,21.996400,-60.0,0,11.9,1,mainland,0,0,0,0,0,0
2025-07-27T22:35:04.945024Z,2025,7,27,65.760700,21.958300,-13.0,0,10.5,1,mainland,0,0,0,0,0,0
2025-07-27T22:35:04.996156Z,2025,7,27,65.736200,21.968500,-9.0,0,4.5,1,mainland,0,0,0,0,0,0
2025-07-27T22:35:04.996741Z,2025,7,27,65.725600,21.947000,-8.0,0,4.5,1,mainland,0,0,0,0,0,0
2025-07-27T22:35:05.034539Z,2025,7,27,65.712600,22.026200,-4.0,0,6.7,1,mainland,0,0,0,0,0,0
2025-07-27T22:35:07.365154Z,2025,7,27,65.298300,23.128800,-12.0,0,5.3,1,sea,0,0,0,1,1,1
2025-07-27T22:35:07.407341Z,2025,7,27,65.313100,23.109700,-9.0,0,5.8,1,sea,0,0,0,0,1,1
2025-07-27T22:35:07.408018Z,2025,7,27,65.295500,23.092200,-7.0,0,2.1,1,sea,0,0,0,0,0,0
2025-07-27T22:35:34.651322Z,2025,7,27,65.311600,23.107100,2.0,0,5.8,1,sea,0,0,0,0,0,1
2025-07-27T22:36:04.644262Z,2025,7,27,65.734200,21.967000,-42.0,0,13.7,1,mainland,0,0,0,0,0,0
2025-07-27T22:36:04.666460Z,2025,7,27,65.731500,21.947500,-5.0,0,5.5,1,mainland,0,0,0,0,0,0
2025-07-27T22:36:04.695475Z,2025,7,27,65.733400,22.032700,-6.0,0,6.9,1,mainland,0,0,0,0,0,0
2025-07-27T22:36:13.224044Z,2025,7,27,65.170900,23.003500,-3.0,0,4.5,1,sea,0,0,0,0,0,0
2025-07-27T22:36:45.608206Z,2025,7,27,65.738700,21.948600,-15.0,0,4.8,1,mainland,0,0,0,0,0,0
2025-07-27T22:36:45.664784Z,2025,7,27,65.714900,21.981500,-10.0,0,4.3,1,mainland,0,0,0,0,0,0
2025-07-27T22:36:45.687688Z,2025,7,27,65.743300,21.944200,-6.0,0,3.6,1,mainland,0,0,0,0,0,0
2025-07-27T22:37:19.564373Z,2025,7,27,65.279400,22.925500,9.0,0,8.5,1,sea,0,0,0,0,0,0
2025-07-27T22:37:19.772049Z,2025,7,27,65.291800,23.029600,-3.0,0,1.7,1,sea,0,0,0,0,0,0
2025-07-27T22:37:19.772780Z,2025,7,27,65.297600,23.043000,-3.0,0,3.2,1,sea,0,0,0,0,0,0
2025-07-27T22:37:46.057746Z,2025,7,27,65.216800,22.990900,3.0,0,1.4,1,sea,0,0,0,0,0,0
2025-07-27T22:37:51.220302Z,2025,7,27,65.731200,21.953300,-49.0,0,12.0,1,mainland,0,0,0,0,0,0
2025-07-27T22:37:51.267995Z,2025,7,27,65.730300,21.975200,-15.0,0,9.3,1,mainland,0,0,0,0,0,0
2025-07-27T22:37:51.300251Z,2025,7,27,65.739900,21.973200,-11.0,0,4.1,1,mainland,0,0,0,0,0,0
2025-07-27T22:37:51.315837Z,2025,7,27,65.730800,21.968500,-9.0,0,3.1,1,mainland,0,0,0,0,0,0
2025-07-27T22:38:46.358492Z,2025,7,27,65.415500,23.006000,20.0,0,5.1,1,sea,0,0,0,0,0,0
2025-07-27T22:39:23.989939Z,2025,7,27,65.316400,23.107100,-5.0,0,1.8,1,sea,0,0,0,0,1,1
2025-07-27T22:39:41.030779Z,2025,7,27,65.751500,21.965800,-83.0,0,21.2,1,mainland,0,0,0,0,0,0
2025-07-27T22:39:41.179625Z,2025,7,27,65.751200,21.966900,-13.0,0,4.8,1,mainland,0,0,0,0,0,0
2025-07-27T22:39:53.292672Z,2025,7,27,65.360600,23.040300,-10.0,0,14.7,1,sea,0,0,0,0,0,0
2025-07-27T22:41:49.469868Z,2025,7,27,65.367300,22.981700,5.0,0,2.3,1,sea,0,0,0,0,0,0
2025-07-27T22:42:30.497675Z,2025,7,27,65.773400,21.946000,-21.0,0,19.1,1,mainland,0,0,0,0,0,0
2025-07-27T22:42:30.497760Z,2025,7,27,65.770700,21.912200,-16.0,0,0.0,1,mainland,0,0,0,1,1,1
2025-07-27T22:42:30.499793Z,2025,7,27,65.764900,21.959700,-92.0,0,25.5,1,mainland,0,0,0,0,0,0
2025-07-27T22:42:30.522774Z,2025,7,27,65.683100,22.132200,-5.0,0,22.6,1,mainland,0,0,0,0,0,0
2025-07-27T22:42:30.522799Z,2025,7,27,65.784500,22.008800,14.0,0,18.3,1,mainland,0,0,0,0,0,0
2025-07-27T22:42:30.524864Z,2025,7,27,65.791500,22.021600,-25.0,0,9.8,1,mainland,0,0,0,0,0,0
2025-07-27T22:42:30.620377Z,2025,7,27,65.564300,22.107200,4.0,0,13.0,1,mainland,0,0,0,0,0,0
2025-07-27T22:45:54.642249Z,2025,7,27,65.390600,22.969700,4.0,0,13.5,1,sea,0,0,0,0,0,0
2025-07-27T22:45:54.643489Z,2025,7,27,65.388600,22.816600,4.0,0,2.2,1,sea,0,0,0,0,0,0
2025-07-27T22:45:54.650170Z,2025,7,27,65.411300,22.983300,6.0,0,4.2,1,sea,0,0,0,0,0,0
2025-07-27T22:45:54.671537Z,2025,7,27,65.409000,22.988800,5.0,0,2.6,1,sea,0,0,0,0,0,0
2025-07-27T22:46:03.893922Z,2025,7,27,65.743700,22.048500,15.0,0,11.8,1,mainland,0,0,0,0,0,0
2025-07-27T22:46:04.158924Z,2025,7,27,65.765200,22.160200,-7.0,0,3.7,1,mainland,0,0,0,0,0,0
2025-07-27T22:47:14.799765Z,2025,7,27,65.407800,22.976200,6.0,0,11.2,1,sea,0,0,0,0,0,0
2025-07-27T22:47:14.810227Z,2025,7,27,65.423300,22.965600,-12.0,0,20.5,1,sea,0,0,0,0,0,0
2025-07-27T22:47:14.810687Z,2025,7,27,65.412700,22.990800,8.0,0,2.4,1,sea,0,0,0,0,0,0
2025-07-27T22:47:48.405685Z,2025,7,27,65.396200,22.971600,5.0,0,12.3,1,sea,0,0,0,0,0,0
2025-07-27T22:47:48.406222Z,2025,7,27,65.410600,22.982100,4.0,0,1.8,1,sea,0,0,0,0,0,0
2025-07-27T22:47:48.500110Z,2025,7,27,65.365100,23.015300,3.0,0,3.3,1,sea,0,0,0,0,0,0
2025-07-27T22:48:20.284213Z,2025,7,27,65.403500,22.960400,4.0,0,1.3,1,sea,0,0,0,0,0,0
2025-07-27T22:48:20.656041Z,2025,7,27,65.435900,22.873100,-16.0,0,5.6,1,sea,0,0,0,0,0,0
2025-07-27T22:48:20.694392Z,2025,7,27,65.438700,22.878200,-11.0,0,6.6,1,sea,0,0,0,0,0,0
2025-07-27T22:48:20.724052Z,2025,7,27,65.396400,22.981000,-5.0,0,3.7,1,sea,0,0,0,0,0,0
2025-07-27T22:48:20.737041Z,2025,7,27,65.365400,22.869800,-2.0,0,1.2,1,sea,0,0,0,0,0,0
2025-07-27T22:48:20.767069Z,2025,7,27,65.391200,23.049500,5.0,0,19.8,1,sea,0,0,0,0,0,1
2025-07-27T22:48:20.796581Z,2025,7,27,65.303300,23.020400,2.0,0,8.9,1,sea,0,0,0,0,0,0
2025-07-27T22:48:20.806750Z,2025,7,27,65.409600,22.974000,-5.0,0,5.1,1,sea,0,0,0,0,0,0
2025-07-27T22:49:08.520714Z,2025,7,27,65.660200,21.817900,-10.0,0,3.8,1,mainland,0,0,0,0,0,0
2025-07-27T22:49:08.523206Z,2025,7,27,65.822300,22.009700,-75.0,0,7.4,1,mainland,0,0,0,0,1,1
2025-07-27T22:49:08.537490Z,2025,7,27,65.812500,21.997000,-9.0,0,25.5,1,inland_water,0,0,0,0,0,1
2025-07-27T22:49:57.485871Z,2025,7,27,65.477200,22.996200,-5.0,0,27.5,1,sea,0,0,0,1,1,1
2025-07-27T22:50:29.415300Z,2025,7,27,65.444700,22.968400,-4.0,0,10.0,1,sea,0,0,0,0,0,0
2025-07-27T22:50:29.431245Z,2025,7,27,65.444100,22.986200,-10.0,0,2.7,1,sea,0,0,0,0,0,0
2025-07-27T22:50:29.457197Z,2025,7,27,65.421800,22.987100,-6.0,0,2.7,1,sea,0,0,0,0,0,0
2025-07-27T22:51:26.607919Z,2025,7,27,65.414200,22.921100,2.0,0,2.8,1,sea,0,0,0,0,0,0
2025-07-27T22:51:42.538025Z,2025,7,27,65.438300,22.992500,4.0,0,9.4,1,sea,0,0,0,0,0,0
2025-07-27T22:51:52.861780Z,2025,7,27,65.823500,21.992700,-123.0,0,20.7,1,mainland,0,0,0,1,1,1
2025-07-27T22:53:56.152020Z,2025,7,27,65.406200,22.882500,5.0,0,1.2,1,sea,0,0,0,0,0,0
2025-07-27T22:55:09.150272Z,2025,7,27,65.167900,22.998800,-7.0,0,0.0,1,sea,0,0,0,0,0,0
2025-07-27T22:55:09.150362Z,2025,7,27,65.168100,22.989100,-10.0,0,0.0,1,sea,0,0,0,0,0,0
2025-07-27T22:55:09.150505Z,2025,7,27,65.171700,23.001700,-8.0,0,0.0,1,sea,0,0,0,0,0,0
2025-07-27T22:55:09.150617Z,2025,7,27,65.167300,22.985500,-8.0,0,0.0,1,sea,0,0,0,0,0,0
2025-07-27T22:55:09.179046Z,2025,7,27,65.162100,22.992700,-12.0,0,16.7,1,sea,0,0,0,0,0,0
2025-07-27T22:55:09.391076Z,2025,7,27,65.186200,23.007400,7.0,0,16.8,1,sea,0,0,0,0,0,0
2025-07-27T22:55:11.455100Z,2025,7,27,65.855400,22.070900,-4.0,0,0.0,1,mainland,0,0,0,1,1,1
2025-07-27T22:55:11.496914Z,2025,7,27,65.857100,22.034000,-10.0,0,3.6,1,mainland,0,0,0,1,1,1
2025-07-27T22:55:28.911680Z,2025,7,27,65.445200,22.978100,4.0,0,2.9,1,sea,0,0,0,0,0,0
2025-07-27T22:55:46.635512Z,2025,7,27,65.465800,22.961000,5.0,0,7.3,1,sea,0,0,0,0,0,0
2025-07-27T22:56:22.589804Z,2025,7,27,65.487500,22.954600,13.0,0,15.3,1,sea,0,0,0,0,0,0
2025-07-27T22:56:22.859572Z,2025,7,27,65.486200,22.855000,-4.0,0,4.4,1,sea,0,0,0,0,0,0
2025-07-27T22:56:39.326529Z,2025,7,27,65.502300,22.913300,8.0,0,17.2,1,sea,0,0,0,0,0,0
2025-07-27T22:56:39.332190Z,2025,7,27,65.488800,22.955200,6.0,0,4.2,1,sea,0,0,0,0,0,0
2025-07-27T22:56:39.447434Z,2025,7,27,65.478400,22.860000,4.0,0,24.8,1,sea,0,0,0,0,0,0
2025-07-27T22:56:39.730876Z,2025,7,27,65.491200,22.958400,8.0,0,13.8,1,sea,0,0,0,0,0,0
2025-07-27T22:56:50.241718Z,2025,7,27,65.856300,22.033100,-10.0,0,0.0,1,mainland,0,0,0,1,1,1
2025-07-27T22:56:50.241783Z,2025,7,27,65.851400,22.036900,-10.0,0,0.0,1,inland_water,0,0,0,1,1,1
2025-07-27T22:56:58.752102Z,2025,7,27,65.433600,22.980300,4.0,0,9.1,1,sea,0,0,0,0,0,0
2025-07-27T22:56:58.769330Z,2025,7,27,65.483200,22.954300,6.0,0,5.6,1,sea,0,0,0,0,0,0
2025-07-27T22:57:13.621289Z,2025,7,27,65.535900,22.874400,-19.0,0,5.2,1,sea,0,0,0,0,0,0
2025-07-27T22:57:13.621887Z,2025,7,27,65.513900,22.889000,-9.0,0,7.7,1,sea,0,0,0,0,0,0
2025-07-27T22:57:13.702523Z,2025,7,27,65.537400,22.871800,-7.0,0,1.9,1,sea,0,0,0,0,0,0
2025-07-27T22:57:13.703457Z,2025,7,27,65.505500,22.899900,-9.0,0,4.7,1,sea,0,0,0,0,0,0
2025-07-27T22:57:13.755570Z,2025,7,27,65.536200,22.873300,-10.0,0,2.9,1,sea,0,0,0,0,0,0
2025-07-27T22:57:13.756966Z,2025,7,27,65.436600,22.861700,4.0,0,18.1,1,sea,0,0,0,0,0,0
2025-07-27T22:57:13.810794Z,2025,7,27,65.536200,22.872700,-11.0,0,3.9,1,sea,0,0,0,0,0,0
2025-07-27T22:57:13.929570Z,2025,7,27,65.534000,22.863200,-9.0,0,1.7,1,sea,0,0,0,0,0,0
2025-07-27T22:57:13.966031Z,2025,7,27,65.537200,22.871700,-9.0,0,2.3,1,sea,0,0,0,0,0,0
2025-07-27T22:57:14.230455Z,2025,7,27,65.537100,22.871300,-6.0,0,1.8,1,sea,0,0,0,0,0,0
2025-07-27T22:57:36.572492Z,2025,7,27,65.509000,22.899700,-4.0,0,4.2,1,sea,0,0,0,0,0,0
2025-07-27T22:57:55.296395Z,2025,7,27,65.480500,22.912000,5.0,0,1.4,1,sea,0,0,0,0,0,0
2025-07-27T22:57:55.297397Z,2025,7,27,65.496600,22.933900,3.0,0,2.6,1,sea,0,0,0,0,0,0
2025-07-27T22:57:55.305093Z,2025,7,27,65.489400,22.924400,7.0,0,2.9,1,sea,0,0,0,0,0,0
2025-07-27T22:57:55.312857Z,2025,7,27,65.494700,22.933400,9.0,0,16.5,1,sea,0,0,0,0,0,0
2025-07-27T22:57:55.393094Z,2025,7,27,65.485400,22.930400,-6.0,0,6.5,1,sea,0,0,0,0,0,0
2025-07-27T22:57:55.616479Z,2025,7,27,65.491700,22.942700,-7.0,0,2.3,1,sea,0,0,0,0,0,0
2025-07-27T22:58:06.035824Z,2025,7,27,65.454400,22.908900,-5.0,0,11.4,1,sea,0,0,0,0,0,0
2025-07-27T22:58:06.048945Z,2025,7,27,65.483300,22.941500,-11.0,0,4.3,1,sea,0,0,0,0,0,0
2025-07-27T22:58:09.137217Z,2025,7,27,65.863800,22.029700,-10.0,0,0.0,1,mainland,0,0,0,0,1,1
2025-07-27T22:58:09.137276Z,2025,7,27,65.864700,22.024300,-16.0,0,8.9,1,mainland,0,0,0,1,1,1
2025-07-27T22:58:09.137361Z,2025,7,27,65.860400,22.026700,-12.0,0,0.0,1,mainland,0,0,0,1,1,1
2025-07-27T22:58:09.155689Z,2025,7,27,65.865400,22.033200,-19.0,0,15.4,1,mainland,0,0,0,1,1,1
2025-07-27T22:58:20.501093Z,2025,7,27,65.494400,22.944100,8.0,0,4.1,1,sea,0,0,0,0,0,0
2025-07-27T22:58:20.516979Z,2025,7,27,65.507900,22.954200,20.0,0,26.8,1,sea,0,0,0,0,0,1
2025-07-27T22:58:20.531541Z,2025,7,27,65.499400,22.946600,7.0,0,7.0,1,sea,0,0,0,0,0,0
2025-07-27T22:58:40.239518Z,2025,7,27,65.516600,22.918400,13.0,0,7.6,1,sea,0,0,0,0,0,0
2025-07-27T22:58:40.261982Z,2025,7,27,65.512700,22.891100,16.0,0,9.5,1,sea,0,0,0,0,0,0
2025-07-27T22:58:40.271600Z,2025,7,27,65.524000,22.896400,7.0,0,6.7,1,sea,0,0,0,0,0,0
2025-07-27T22:58:40.282831Z,2025,7,27,65.503600,22.885500,5.0,0,9.4,1,sea,0,0,0,0,0,0
2025-07-27T22:58:52.873410Z,2025,7,27,65.518500,22.916500,5.0,0,1.7,1,sea,0,0,0,0,0,0
2025-07-27T22:59:00.632512Z,2025,7,27,65.188000,23.001400,10.0,0,6.3,1,sea,0,0,0,0,0,0
2025-07-27T22:59:00.632519Z,2025,7,27,65.192100,23.018200,9.0,0,14.4,1,sea,0,0,0,0,0,0
2025-07-27T22:59:00.634402Z,2025,7,27,65.245900,23.041800,5.0,0,3.7,1,sea,0,0,0,0,0,0
2025-07-27T22:59:00.736757Z,2025,7,27,65.194700,23.020700,-28.0,0,7.7,1,sea,0,0,0,0,0,0
2025-07-27T22:59:08.324436Z,2025,7,27,65.510600,22.945500,-6.0,0,16.1,1,sea,0,0,0,0,0,0
2025-07-27T22:59:14.163034Z,2025,7,27,65.496100,22.927500,4.0,0,17.6,1,sea,0,0,0,0,0,0
2025-07-27T22:59:14.163959Z,2025,7,27,65.496300,22.931100,6.0,0,5.0,1,sea,0,0,0,0,0,0
2025-07-27T22:59:14.168225Z,2025,7,27,65.497700,22.932700,6.0,0,3.3,1,sea,0,0,0,0,0,0
2025-07-27T22:59:29.917470Z,2025,7,27,65.495700,22.931900,6.0,0,2.5,1,sea,0,0,0,0,0,0
2025-07-27T22:59:29.918352Z,2025,7,27,65.499000,22.930000,5.0,0,2.1,1,sea,0,0,0,0,0,0
2025-07-27T22:59:29.920934Z,2025,7,27,65.494800,22.942000,5.0,0,15.0,1,sea,0,0,0,0,0,0
2025-07-27T22:59:29.957203Z,2025,7,27,65.500700,22.924500,8.0,0,4.4,1,sea,0,0,0,0,0,0
2025-07-27T22:59:41.764441Z,2025,7,27,65.492300,22.940300,4.0,0,6.2,1,sea,0,0,0,0,0,0
2025-07-27T22:59:41.854854Z,2025,7,27,65.503500,22.905200,-7.0,0,6.4,1,sea,0,0,0,0,0,0
2025-07-27T22:59:41.964777Z,2025,7,27,65.499100,22.930600,6.0,0,2.7,1,sea,0,0,0,0,0,0
2025-07-27T23:00:05.747312Z,2025,7,27,65.867900,22.152300,12.0,0,20.4,1,inland_water,0,0,0,0,0,0
2025-07-27T23:00:08.856669Z,2025,7,27,65.500700,22.851600,4.0,0,1.1,1,sea,0,0,0,0,0,0
2025-07-27T23:00:08.857474Z,2025,7,27,65.534900,22.911800,6.0,0,2.1,1,sea,0,0,0,0,0,0
2025-07-27T23:00:08.863762Z,2025,7,27,65.541300,22.915500,5.0,0,2.6,1,sea,0,0,0,0,0,0
2025-07-27T23:00:08.878387Z,2025,7,27,65.498800,22.784800,4.0,0,1.8,1,sea,0,0,1,0,0,0
2025-07-27T23:00:08.880677Z,2025,7,27,65.532300,22.905500,5.0,0,2.5,1,sea,0,0,0,0,0,0
2025-07-27T23:00:23.478184Z,2025,7,27,65.512600,22.914000,5.0,0,1.4,1,sea,0,0,0,0,0,0
2025-07-27T23:00:39.951354Z,2025,7,27,65.501800,22.923500,10.0,0,14.5,1,sea,0,0,0,0,0,0
2025-07-27T23:00:39.959836Z,2025,7,27,65.502000,22.922100,-10.0,0,14.5,1,sea,0,0,0,0,0,0
2025-07-27T23:00:39.963370Z,2025,7,27,65.507600,22.919400,6.0,0,3.5,1,sea,0,0,0,0,0,0
2025-07-27T23:00:39.976740Z,2025,7,27,65.502400,22.919800,8.0,0,8.3,1,sea,0,0,0,0,0,0
2025-07-27T23:00:39.984718Z,2025,7,27,65.517900,22.892400,4.0,0,7.3,1,sea,0,0,0,0,0,0
2025-07-27T23:00:40.250573Z,2025,7,27,65.449000,22.785400,3.0,0,1.3,1,sea,0,0,0,0,0,0
2025-07-27T23:00:52.752595Z,2025,7,27,65.532600,22.890200,6.0,0,12.8,1,sea,0,0,0,0,0,0
2025-07-27T23:00:52.779361Z,2025,7,27,65.508900,22.907500,4.0,0,7.0,1,sea,0,0,0,0,0,0
2025-07-27T23:01:05.597946Z,2025,7,27,65.508600,22.929100,7.0,0,11.4,1,sea,0,0,0,0,0,0
2025-07-27T23:01:05.600649Z,2025,7,27,65.541900,22.915600,6.0,0,4.6,1,sea,0,0,0,0,0,0
2025-07-27T23:01:05.600678Z,2025,7,27,65.495700,22.924000,-12.0,0,11.9,1,sea,0,0,0,0,0,0
2025-07-27T23:01:05.616910Z,2025,7,27,65.524700,22.914100,7.0,0,17.6,1,sea,0,0,0,0,0,0
2025-07-27T23:01:05.632219Z,2025,7,27,65.526800,22.910100,5.0,0,7.7,1,sea,0,0,0,0,0,0
2025-07-27T23:01:05.671816Z,2025,7,27,65.505800,22.963100,5.0,0,6.1,1,sea,0,0,0,0,0,1
2025-07-27T23:01:18.825827Z,2025,7,27,65.494000,22.920500,3.0,0,2.6,1,sea,0,0,0,0,0,0
2025-07-27T23:01:18.963334Z,2025,7,27,65.478000,22.864300,2.0,0,1.8,1,sea,0,0,0,0,0,0
2025-07-27T23:01:19.111492Z,2025,7,27,65.505900,22.919200,6.0,0,8.0,1,sea,0,0,0,0,0,0
2025-07-27T23:01:19.123791Z,2025,7,27,65.502300,22.924300,4.0,0,4.3,1,sea,0,0,0,0,0,0
2025-07-27T23:01:33.233804Z,2025,7,27,65.565700,22.885000,4.0,0,9.1,1,sea,0,0,0,0,0,0
2025-07-27T23:01:33.307764Z,2025,7,27,65.509600,22.926700,4.0,0,6.6,1,sea,0,0,0,0,0,0
2025-07-27T23:01:49.546936Z,2025,7,27,65.530000,22.878600,9.0,0,9.3,1,sea,0,0,0,0,0,0
2025-07-27T23:01:49.551560Z,2025,7,27,65.493000,22.747300,4.0,0,2.5,1,sea,1,1,1,0,0,0
2025-07-27T23:01:49.560929Z,2025,7,27,65.533500,22.906600,12.0,0,18.7,1,sea,0,0,0,0,0,0
2025-07-27T23:02:01.812504Z,2025,7,27,65.526500,22.895200,5.0,0,2.4,1,sea,0,0,0,0,0,0
2025-07-27T23:02:01.832801Z,2025,7,27,65.517900,22.902900,5.0,0,2.1,1,sea,0,0,0,0,0,0
2025-07-27T23:02:02.083987Z,2025,7,27,65.509300,22.918500,-9.0,0,2.4,1,sea,0,0,0,0,0,0
2025-07-27T23:02:02.152969Z,2025,7,27,65.470500,22.946900,-9.0,0,5.2,1,sea,0,0,0,0,0,0
2025-07-27T23:02:15.418782Z,2025,7,27,65.534700,22.927300,-20.0,0,15.0,1,sea,0,0,0,0,0,0
2025-07-27T23:02:15.419392Z,2025,7,27,65.528700,22.943200,-25.0,0,18.4,1,sea,0,0,0,0,0,1
2025-07-27T23:02:15.422399Z,2025,7,27,65.520100,22.902500,6.0,0,6.1,1,sea,0,0,0,0,0,0
2025-07-27T23:02:15.429103Z,2025,7,27,65.527700,22.897300,4.0,0,3.9,1,sea,0,0,0,0,0,0
2025-07-27T23:02:15.433051Z,2025,7,27,65.492300,22.926100,6.0,0,5.6,1,sea,0,0,0,0,0,0
2025-07-27T23:02:15.436157Z,2025,7,27,65.526400,22.901600,5.0,0,3.3,1,sea,0,0,0,0,0,0
2025-07-27T23:02:15.451335Z,2025,7,27,65.514800,22.894800,4.0,0,7.4,1,sea,0,0,0,0,0,0
2025-07-27T23:02:15.627784Z,2025,7,27,65.529000,22.900000,8.0,0,14.3,1,sea,0,0,0,0,0,0
2025-07-27T23:02:28.919852Z,2025,7,27,65.527400,22.890100,7.0,0,5.0,1,sea,0,0,0,0,0,0
2025-07-27T23:02:28.920606Z,2025,7,27,65.523900,22.883700,6.0,0,14.6,1,sea,0,0,0,0,0,0
2025-07-27T23:02:28.926345Z,2025,7,27,65.540800,22.868900,6.0,0,5.0,1,sea,0,0,0,0,0,0
2025-07-27T23:02:28.946292Z,2025,7,27,65.529000,22.904000,4.0,0,2.3,1,sea,0,0,0,0,0,0
2025-07-27T23:02:28.946966Z,2025,7,27,65.530300,22.887200,-8.0,0,8.9,1,sea,0,0,0,0,0,0
2025-07-27T23:02:47.737016Z,2025,7,27,65.529300,22.899800,5.0,0,1.9,1,sea,0,0,0,0,0,0
2025-07-27T23:02:47.739162Z,2025,7,27,65.498300,22.837100,5.0,0,1.8,1,sea,0,0,0,0,0,0
2025-07-27T23:02:47.760289Z,2025,7,27,65.518500,22.897900,4.0,0,14.5,1,sea,0,0,0,0,0,0
2025-07-27T23:02:47.770207Z,2025,7,27,65.540700,22.876500,5.0,0,12.0,1,sea,0,0,0,0,0,0
2025-07-27T23:03:01.376886Z,2025,7,27,65.528200,22.896000,17.0,0,30.4,1,sea,0,0,0,0,0,0
2025-07-27T23:03:01.378342Z,2025,7,27,65.522700,22.896800,6.0,0,14.5,1,sea,0,0,0,0,0,0
2025-07-27T23:03:01.378848Z,2025,7,27,65.521700,22.885500,5.0,0,28.7,1,sea,0,0,0,0,0,0
2025-07-27T23:03:01.379265Z,2025,7,27,65.523600,22.893500,5.0,0,2.5,1,sea,0,0,0,0,0,0
2025-07-27T23:03:01.390331Z,2025,7,27,65.526400,22.897300,12.0,0,7.3,1,sea,0,0,0,0,0,0
2025-07-27T23:03:01.398516Z,2025,7,27,65.528100,22.898500,10.0,0,4.9,1,sea,0,0,0,0,0,0
2025-07-27T23:03:01.409390Z,2025,7,27,65.528500,22.899600,5.0,0,3.3,1,sea,0,0,0,0,0,0
2025-07-27T23:03:01.411905Z,2025,7,27,65.596000,22.678000,6.0,0,2.7,1,sea,0,0,1,0,0,0
2025-07-27T23:03:01.576596Z,2025,7,27,65.521200,22.889900,3.0,0,2.0,1,sea,0,0,0,0,0,0
2025-07-27T23:03:11.681141Z,2025,7,27,65.527200,22.829800,8.0,0,14.5,1,sea,0,0,1,0,0,0
2025-07-27T23:03:11.699453Z,2025,7,27,65.537400,22.904800,9.0,0,15.9,1,sea,0,0,0,0,0,0
2025-07-27T23:03:11.716169Z,2025,7,27,65.532600,22.905700,5.0,0,2.6,1,sea,0,0,0,0,0,0
2025-07-27T23:03:21.871543Z,2025,7,27,65.542400,22.913100,7.0,0,27.4,1,sea,0,0,0,0,0,0
2025-07-27T23:03:25.580681Z,2025,7,27,65.214600,23.036700,12.0,0,14.0,1,sea,0,0,0,0,0,0
2025-07-27T23:03:25.582086Z,2025,7,27,65.211200,23.040900,8.0,0,29.2,1,sea,0,0,0,0,0,0
2025-07-27T23:03:34.155011Z,2025,7,27,65.543800,22.923100,11.0,0,11.6,1,sea,0,0,0,0,0,0
2025-07-27T23:03:34.155394Z,2025,7,27,65.542300,22.941300,6.0,0,1.9,1,sea,0,0,0,0,1,1
2025-07-27T23:03:34.176596Z,2025,7,27,65.538600,22.914200,7.0,0,3.2,1,sea,0,0,0,0,0,0
2025-07-27T23:03:34.193306Z,2025,7,27,65.541200,22.900800,5.0,0,3.7,1,sea,0,0,0,0,0,0
2025-07-27T23:03:52.514322Z,2025,7,27,65.227200,23.032300,-5.0,0,4.3,1,sea,0,0,0,0,0,0
2025-07-27T23:03:55.380194Z,2025,7,27,65.536200,22.903900,21.0,0,23.2,1,sea,0,0,0,0,0,0
2025-07-27T23:03:55.459053Z,2025,7,27,65.493100,22.710600,2.0,0,2.0,1,sea,1,1,1,0,0,0
2025-07-27T23:04:06.928241Z,2025,7,27,65.538700,22.888000,8.0,0,27.9,1,sea,0,0,0,0,0,0
2025-07-27T23:04:06.928264Z,2025,7,27,65.550400,22.940400,-18.0,0,22.3,1,sea,0,0,0,1,1,1
2025-07-27T23:04:18.032150Z,2025,7,27,65.541100,22.871400,9.0,0,11.0,1,sea,0,0,0,0,0,0
2025-07-27T23:04:18.078261Z,2025,7,27,65.542200,22.892700,7.0,0,16.1,1,sea,0,0,0,0,0,0
2025-07-27T23:04:18.101395Z,2025,7,27,65.538600,22.900600,10.0,0,30.4,1,sea,0,0,0,0,0,0
2025-07-27T23:04:18.116499Z,2025,7,27,65.541500,22.909800,5.0,0,4.3,1,sea,0,0,0,0,0,0
2025-07-27T23:04:18.119223Z,2025,7,27,65.539200,22.896600,5.0,0,7.3,1,sea,0,0,0,0,0,0
2025-07-27T23:04:18.525720Z,2025,7,27,65.519300,22.903700,-32.0,0,16.8,1,sea,0,0,0,0,0,0
2025-07-27T23:04:22.133763Z,2025,7,27,65.221100,23.024200,4.0,0,5.7,1,sea,0,0,0,0,0,0
2025-07-27T23:04:22.134399Z,2025,7,27,65.211100,23.037400,6.0,0,30.4,1,sea,0,0,0,0,0,0
2025-07-27T23:04:22.135260Z,2025,7,27,65.217200,23.025100,10.0,0,9.6,1,sea,0,0,0,0,0,0
2025-07-27T23:04:22.330472Z,2025,7,27,65.221900,23.002000,-11.0,0,4.7,1,sea,0,0,0,0,0,0
2025-07-27T23:04:22.331190Z,2025,7,27,65.213900,22.991300,-4.0,0,2.0,1,sea,0,0,0,0,0,0
2025-07-27T23:04:26.363998Z,2025,7,27,65.529000,22.948500,5.0,0,1.4,1,sea,0,0,0,0,1,1
2025-07-27T23:04:26.409865Z,2025,7,27,65.551900,22.920500,8.0,0,4.8,1,sea,0,0,0,0,0,1
2025-07-27T23:04:35.739459Z,2025,7,27,65.550600,22.892100,6.0,0,4.8,1,sea,0,0,0,0,0,0
2025-07-27T23:04:36.089116Z,2025,7,27,65.548700,22.907400,5.0,0,13.0,1,sea,0,0,0,0,0,0
2025-07-27T23:04:45.803686Z,2025,7,27,65.539000,22.890300,3.0,0,8.6,1,sea,0,0,0,0,0,0
2025-07-27T23:04:45.927101Z,2025,7,27,65.533700,22.895400,19.0,0,20.3,1,sea,0,0,0,0,0,0
2025-07-27T23:04:45.940491Z,2025,7,27,65.540400,22.837200,-20.0,0,5.5,1,sea,0,0,0,0,0,0
2025-07-27T23:04:45.945932Z,2025,7,27,65.522500,22.912500,5.0,0,9.7,1,sea,0,0,0,0,0,0
2025-07-27T23:04:45.945971Z,2025,7,27,65.534800,22.881700,-9.0,0,24.5,1,sea,0,0,0,0,0,0
2025-07-27T23:04:45.950295Z,2025,7,27,65.526100,22.904400,4.0,0,19.0,1,sea,0,0,0,0,0,0
2025-07-27T23:04:57.951122Z,2025,7,27,65.554700,22.896900,7.0,0,30.4,1,sea,0,0,0,0,0,0
2025-07-27T23:05:18.207596Z,2025,7,27,65.544400,22.898100,8.0,0,3.6,1,sea,0,0,0,0,0,0
2025-07-27T23:05:18.210580Z,2025,7,27,65.546500,22.900600,10.0,0,25.3,1,sea,0,0,0,0,0,0
2025-07-27T23:05:18.234167Z,2025,7,27,65.545700,22.897600,7.0,0,3.2,1,sea,0,0,0,0,0,0
2025-07-27T23:05:18.253065Z,2025,7,27,65.557700,22.921100,6.0,0,30.3,1,sea,0,0,0,0,0,1
2025-07-27T23:06:02.878258Z,2025,7,27,65.238300,23.021200,21.0,0,18.1,1,sea,0,0,0,0,0,0
2025-07-27T23:06:02.878259Z,2025,7,27,65.236800,23.025900,21.0,0,23.1,1,sea,0,0,0,0,0,0
2025-07-27T23:06:02.879294Z,2025,7,27,65.233100,23.023800,9.0,0,8.1,1,sea,0,0,0,0,0,0
2025-07-27T23:06:02.880796Z,2025,7,27,65.230100,23.039300,3.0,0,2.4,1,sea,0,0,0,0,0,0
2025-07-27T23:06:02.919336Z,2025,7,27,65.230100,23.023900,3.0,0,9.2,1,sea,0,0,0,0,0,0
2025-07-27T23:06:15.081707Z,2025,7,27,65.572600,22.739800,5.0,0,6.7,1,sea,0,1,1,0,0,0
2025-07-27T23:06:26.525534Z,2025,7,27,65.550200,22.880400,9.0,0,13.1,1,sea,0,0,0,0,0,0
2025-07-27T23:06:26.551359Z,2025,7,27,65.548800,22.885600,10.0,0,13.9,1,sea,0,0,0,0,0,0
2025-07-27T23:06:26.573111Z,2025,7,27,65.554300,22.882500,7.0,0,25.6,1,sea,0,0,0,0,0,0
2025-07-27T23:06:29.940785Z,2025,7,27,65.565100,22.774300,10.0,0,12.6,1,islands,0,1,1,0,0,0
2025-07-27T23:06:30.121900Z,2025,7,27,65.541900,22.654500,-12.0,0,5.8,1,sea,1,1,1,0,0,0
2025-07-27T23:06:30.308942Z,2025,7,27,65.542400,22.654000,-5.0,0,5.1,1,sea,1,1,1,0,0,0
2025-07-27T23:06:30.744363Z,2025,7,27,65.541600,22.655300,-11.0,0,3.2,1,sea,1,1,1,0,0,0
2025-07-27T23:06:30.864326Z,2025,7,27,65.541300,22.653500,-4.0,0,2.3,1,sea,1,1,1,0,0,0
2025-07-27T23:06:40.519688Z,2025,7,27,65.570500,22.924000,-10.0,0,19.9,1,sea,0,0,0,1,1,1
2025-07-27T23:06:40.539178Z,2025,7,27,65.544700,22.946500,-4.0,0,2.7,1,sea,0,0,0,1,1,1
2025-07-27T23:06:50.557084Z,2025,7,27,65.536400,22.867500,5.0,0,1.5,1,sea,0,0,0,0,0,0
2025-07-27T23:07:00.449265Z,2025,7,27,65.562600,22.853300,5.0,0,6.0,1,sea,0,0,0,0,0,0
2025-07-27T23:07:12.986964Z,2025,7,27,65.540800,22.873900,4.0,0,3.1,1,sea,0,0,0,0,0,0
2025-07-27T23:07:13.055639Z,2025,7,27,65.563200,22.855400,5.0,0,27.7,1,sea,0,0,0,0,0,0
2025-07-27T23:07:13.421474Z,2025,7,27,65.548800,22.876500,4.0,0,10.0,1,sea,0,0,0,0,0,0
2025-07-27T23:07:44.564168Z,2025,7,27,65.243000,23.002300,-82.0,0,8.9,1,sea,0,0,0,0,0,0
2025-07-27T23:07:44.583286Z,2025,7,27,65.239500,23.025100,-10.0,0,4.9,1,sea,0,0,0,0,0,0
2025-07-27T23:07:44.587798Z,2025,7,27,65.244200,22.999300,-30.0,0,9.1,1,sea,0,0,0,0,0,0
2025-07-27T23:07:44.589041Z,2025,7,27,65.253100,23.017600,-7.0,0,16.5,1,sea,0,0,0,0,0,0
2025-07-27T23:07:44.628056Z,2025,7,27,65.247300,23.036400,-19.0,0,6.7,1,sea,0,0,0,0,0,0
2025-07-27T23:07:44.642946Z,2025,7,27,65.243200,23.001200,-11.0,0,5.0,1,sea,0,0,0,0,0,0
2025-07-27T23:07:44.700897Z,2025,7,27,65.242200,23.002100,-47.0,0,4.6,1,sea,0,0,0,0,0,0
2025-07-27T23:07:44.701463Z,2025,7,27,65.236800,23.019800,-11.0,0,0.0,1,sea,0,0,0,0,0,0
2025-07-27T23:07:48.018277Z,2025,7,27,65.558500,22.759800,5.0,0,1.0,1,islands,1,1,1,0,0,0
2025-07-27T23:08:19.801101Z,2025,7,27,65.534800,22.850000,3.0,0,1.1,1,sea,0,0,0,0,0,0
2025-07-27T23:09:00.262307Z,2025,7,27,65.565200,22.888800,4.0,0,2.5,1,sea,0,0,0,0,0,0
2025-07-27T23:09:00.357521Z,2025,7,27,65.576400,22.915500,5.0,0,26.0,1,sea,0,0,0,0,1,1
2025-07-27T23:09:16.120274Z,2025,7,27,65.524700,22.962200,5.0,0,8.3,1,sea,0,0,0,1,1,1
2025-07-27T23:09:16.178824Z,2025,7,27,65.578900,22.916400,4.0,0,4.1,1,sea,0,0,0,1,1,1
2025-07-27T23:09:22.538717Z,2025,7,27,65.577800,22.783200,-8.0,0,2.4,1,sea,0,0,1,0,0,0
2025-07-27T23:09:28.570789Z,2025,7,27,65.564000,22.919700,-5.0,0,1.3,1,sea,0,0,0,0,0,1
2025-07-27T23:09:56.379030Z,2025,7,27,65.577000,22.921600,5.0,0,1.9,1,sea,0,0,0,1,1,1
2025-07-27T23:09:56.380531Z,2025,7,27,65.579900,22.913300,6.0,0,9.9,1,sea,0,0,0,0,1,1
2025-07-27T23:09:56.640666Z,2025,7,27,65.576900,22.921700,4.0,0,2.4,1,sea,0,0,0,1,1,1
2025-07-27T23:10:04.019633Z,2025,7,27,65.166200,22.791300,-9.0,0,1.3,1,sea,0,0,0,0,0,0
2025-07-27T23:10:12.159676Z,2025,7,27,65.584300,22.852100,10.0,0,9.1,1,sea,0,0,0,0,0,0
2025-07-27T23:10:12.194648Z,2025,7,27,65.580300,22.869000,8.0,0,4.6,1,sea,0,0,0,0,0,0
2025-07-27T23:10:38.674731Z,2025,7,27,65.554300,22.636600,-22.0,0,11.0,1,sea,0,1,1,0,0,0
2025-07-27T23:10:38.817810Z,2025,7,27,65.554600,22.638500,-8.0,0,4.8,1,sea,1,1,1,0,0,0
2025-07-27T23:10:59.403611Z,2025,7,27,65.586000,22.878000,6.0,0,4.9,1,sea,0,0,0,0,0,0
2025-07-27T23:10:59.423968Z,2025,7,27,65.574300,22.920900,7.0,0,17.4,1,sea,0,0,0,1,1,1
2025-07-27T23:11:18.009737Z,2025,7,27,65.573500,22.787700,16.0,0,9.5,1,sea,0,1,1,0,0,0
2025-07-27T23:11:50.703718Z,2025,7,27,65.605100,22.877200,-22.0,0,4.8,1,sea,0,0,0,0,0,0
2025-07-27T23:11:50.947115Z,2025,7,27,65.590700,22.903400,-8.0,0,3.3,1,sea,0,0,0,0,1,1
2025-07-27T23:11:55.205032Z,2025,7,27,65.582200,22.787000,6.0,0,8.5,1,sea,0,0,0,0,0,0
2025-07-27T23:11:55.205813Z,2025,7,27,65.581700,22.781300,5.0,0,11.1,1,sea,0,0,0,0,0,0
2025-07-27T23:11:55.206480Z,2025,7,27,65.567300,22.767000,6.0,0,1.8,1,islands,1,1,1,0,0,0
2025-07-27T23:12:22.639698Z,2025,7,27,65.569500,22.914900,-4.0,0,1.7,1,sea,0,0,0,0,0,1
2025-07-27T23:12:58.723749Z,2025,7,27,65.623200,22.875000,-6.0,0,2.5,1,sea,0,0,0,0,0,1
2025-07-27T23:15:06.826926Z,2025,7,27,65.292700,23.026100,11.0,0,7.6,1,sea,0,0,0,0,0,0
2025-07-27T23:15:06.846618Z,2025,7,27,65.299200,22.968900,3.0,0,2.4,1,sea,0,0,0,0,0,0
2025-07-27T23:16:02.354217Z,2025,7,27,65.641300,22.836300,-9.0,0,3.0,1,sea,0,0,1,0,0,0
2025-07-27T23:16:35.013168Z,2025,7,27,65.549700,22.619100,5.0,0,2.1,1,sea,1,1,1,0,0,0
2025-07-27T23:16:35.014596Z,2025,7,27,65.574100,22.913000,3.0,0,2.7,1,sea,0,0,0,0,0,1
2025-07-27T23:18:55.241574Z,2025,7,27,65.621600,22.833700,11.0,0,30.4,1,sea,0,0,1,0,0,0
2025-07-27T23:18:55.245077Z,2025,7,27,65.615000,22.844600,5.0,0,4.3,1,sea,0,0,0,0,0,0
2025-07-27T23:18:55.246179Z,2025,7,27,65.621400,22.847000,4.0,0,3.3,1,sea,0,0,0,0,0,0
2025-07-27T23:19:31.799735Z,2025,7,27,65.617400,22.796200,-6.0,0,1.8,1,sea,0,0,0,0,0,0
2025-07-27T23:20:14.589035Z,2025,7,27,65.640200,22.810000,6.0,0,5.2,1,sea,0,0,1,0,0,0
2025-07-27T23:20:14.590926Z,2025,7,27,65.642800,22.801600,15.0,0,30.4,1,sea,0,1,1,0,0,0
2025-07-27T23:20:14.600203Z,2025,7,27,65.616000,22.870300,5.0,0,5.6,1,sea,0,0,0,0,0,1
2025-07-27T23:20:14.604850Z,2025,7,27,65.640800,22.815300,8.0,0,3.2,1,sea,0,0,1,0,0,0
2025-07-27T23:20:14.684145Z,2025,7,27,65.651600,22.825500,22.0,0,6.2,1,sea,0,0,1,0,0,0
2025-07-27T23:21:14.329866Z,2025,7,27,65.640600,22.831000,10.0,0,3.6,1,sea,0,0,1,0,0,0
2025-07-27T23:21:14.331510Z,2025,7,27,65.644400,22.804300,11.0,0,11.4,1,sea,1,1,1,0,0,0
2025-07-27T23:21:14.332067Z,2025,7,27,65.638600,22.821400,11.0,0,8.7,1,sea,0,1,1,0,0,0
2025-07-27T23:21:14.592069Z,2025,7,27,65.643900,22.809100,6.0,0,2.4,1,sea,0,1,1,0,0,0
2025-07-27T23:21:34.943182Z,2025,7,27,65.620000,22.754900,3.0,0,2.3,1,sea,0,0,0,0,0,0
2025-07-27T23:22:44.843662Z,2025,7,27,65.420300,22.822300,23.0,0,17.0,1,sea,0,0,0,0,0,0
2025-07-27T23:22:44.844787Z,2025,7,27,65.417800,22.815900,8.0,0,12.0,1,sea,0,0,0,0,0,0
2025-07-27T23:22:44.854749Z,2025,7,27,65.413400,22.844000,-24.0,0,11.9,1,sea,0,0,0,0,0,0
2025-07-27T23:22:44.855146Z,2025,7,27,65.418600,22.819000,12.0,0,12.4,1,sea,0,0,0,0,0,0
2025-07-27T23:23:36.131713Z,2025,7,27,65.656700,22.855400,3.0,0,5.4,1,sea,0,0,0,0,1,1
2025-07-27T23:23:36.696095Z,2025,7,27,65.639300,22.784000,-6.0,0,6.0,1,sea,0,0,1,0,0,0
2025-07-27T23:24:05.000206Z,2025,7,27,65.448800,22.849600,6.0,0,11.0,1,sea,0,0,0,0,0,0
2025-07-27T23:24:05.000669Z,2025,7,27,65.431400,22.832000,5.0,0,2.5,1,sea,0,0,0,0,0,0
2025-07-27T23:24:05.001227Z,2025,7,27,65.430100,22.832400,9.0,0,10.5,1,sea,0,0,0,0,0,0
2025-07-27T23:24:05.001754Z,2025,7,27,65.432000,22.832500,10.0,0,22.9,1,sea,0,0,0,0,0,0
2025-07-27T23:24:05.002611Z,2025,7,27,65.428300,22.809200,7.0,0,8.8,1,sea,0,0,0,0,0,0
2025-07-27T23:24:05.003191Z,2025,7,27,65.430200,22.836200,10.0,0,17.0,1,sea,0,0,0,0,0,0
2025-07-27T23:24:05.011530Z,2025,7,27,65.431400,22.828400,7.0,0,28.8,1,sea,0,0,0,0,0,0
2025-07-27T23:24:24.530240Z,2025,7,27,65.664200,22.851600,3.0,0,2.3,1,sea,0,0,0,1,1,1
2025-07-27T23:25:06.827897Z,2025,7,27,65.667100,22.846400,6.0,0,9.3,1,sea,0,0,0,0,1,1
2025-07-27T23:25:21.224464Z,2025,7,27,65.422200,22.950100,8.0,0,30.4,1,sea,0,0,0,0,0,0
2025-07-27T23:25:21.225255Z,2025,7,27,65.425600,22.792900,7.0,0,2.3,1,sea,0,0,0,0,0,0
2025-07-27T23:25:21.245117Z,2025,7,27,65.436300,22.806500,6.0,0,21.0,1,sea,0,0,0,0,0,0
2025-07-27T23:26:03.056545Z,2025,7,27,65.434600,22.759300,5.0,0,3.3,1,sea,0,0,0,0,0,0
2025-07-27T23:27:03.410298Z,2025,7,27,65.440000,22.836400,9.0,0,24.1,1,sea,0,0,0,0,0,0
2025-07-27T23:27:03.410949Z,2025,7,27,65.438700,22.772300,8.0,0,3.2,1,sea,0,0,0,0,0,0
2025-07-27T23:27:03.411595Z,2025,7,27,65.448400,22.770500,6.0,0,5.7,1,sea,0,0,0,0,0,0
2025-07-27T23:27:03.436617Z,2025,7,27,65.452900,22.790300,11.0,0,30.4,1,sea,0,0,0,0,0,0
2025-07-27T23:27:03.587452Z,2025,7,27,65.485600,22.856100,-9.0,0,4.2,1,sea,0,0,0,0,0,0
2025-07-27T23:27:34.383135Z,2025,7,27,65.464500,22.763300,6.0,0,5.1,1,sea,1,1,1,0,0,0
2025-07-27T23:27:34.411740Z,2025,7,27,65.460900,22.769000,5.0,0,3.6,1,sea,1,1,1,0,0,0
2025-07-27T23:27:34.422001Z,2025,7,27,65.461000,22.771000,5.0,0,3.3,1,sea,0,1,1,0,0,0
2025-07-27T23:27:34.963644Z,2025,7,27,65.485200,22.819800,6.0,0,3.3,1,sea,0,0,0,0,0,0
2025-07-27T23:27:58.094911Z,2025,7,27,65.458000,22.786100,-10.0,0,6.6,1,sea,0,0,0,0,0,0
2025-07-27T23:28:23.535688Z,2025,7,27,65.464500,22.769900,8.0,0,10.7,1,sea,0,1,1,0,0,0
2025-07-27T23:28:23.727727Z,2025,7,27,65.517200,22.944800,-8.0,0,2.1,1,sea,0,0,0,0,0,0
2025-07-27T23:28:42.325765Z,2025,7,27,65.557600,22.851000,4.0,0,4.4,1,sea,0,0,0,0,0,0
2025-07-27T23:29:07.423043Z,2025,7,27,65.468400,22.770500,7.0,0,6.9,1,sea,0,0,1,0,0,0
2025-07-27T23:29:07.424852Z,2025,7,27,65.420600,22.841200,4.0,0,13.2,1,sea,0,0,0,0,0,0
2025-07-27T23:29:07.425502Z,2025,7,27,65.466900,22.768500,3.0,0,2.3,1,sea,0,1,1,0,0,0
2025-07-27T23:29:07.446021Z,2025,7,27,65.469000,22.771300,11.0,0,21.9,1,sea,0,0,1,0,0,0
2025-07-27T23:29:07.454692Z,2025,7,27,65.470200,22.781400,9.0,0,9.5,1,sea,0,0,1,0,0,0
2025-07-27T23:30:11.870904Z,2025,7,27,65.487400,22.743400,-7.0,0,17.3,1,sea,1,1,1,0,0,0
2025-07-27T23:30:11.881878Z,2025,7,27,65.488900,22.742900,-31.0,0,13.2,1,islands,1,1,1,0,0,0
2025-07-27T23:30:11.947306Z,2025,7,27,65.462700,22.817200,-10.0,0,4.8,1,sea,0,0,0,0,0,0
2025-07-27T23:30:11.947806Z,2025,7,27,65.495400,22.738900,-6.0,0,1.3,1,sea,1,1,1,0,0,0
2025-07-27T23:30:12.005434Z,2025,7,27,65.446400,22.782900,-9.0,0,2.4,1,sea,0,0,0,0,0,0
2025-07-27T23:31:10.841405Z,2025,7,27,65.490700,22.760200,10.0,0,10.8,1,sea,0,0,1,0,0,0
2025-07-27T23:31:10.842158Z,2025,7,27,65.491400,22.769800,22.0,0,14.7,1,sea,1,1,1,0,0,0
2025-07-27T23:31:10.846044Z,2025,7,27,65.493100,22.794000,10.0,0,24.0,1,sea,0,0,1,0,0,0
2025-07-27T23:31:10.849151Z,2025,7,27,65.495000,22.734200,6.0,0,30.4,1,sea,1,1,1,0,0,0
2025-07-27T23:31:10.849168Z,2025,7,27,65.487800,22.794800,-11.0,0,18.8,1,sea,0,0,1,0,0,0
2025-07-27T23:31:10.995235Z,2025,7,27,65.572500,22.716300,-13.0,0,6.2,1,sea,0,0,0,0,0,0
2025-07-27T23:31:46.482494Z,2025,7,27,65.459500,22.826600,12.0,0,29.4,1,sea,0,0,0,0,0,0
2025-07-27T23:31:46.483498Z,2025,7,27,65.495500,22.776600,6.0,0,6.6,1,sea,0,1,1,0,0,0
2025-07-27T23:31:46.484871Z,2025,7,27,65.495200,22.765500,7.0,0,6.1,1,sea,0,1,1,0,0,0
2025-07-27T23:31:46.485366Z,2025,7,27,65.487200,22.797900,6.0,0,28.1,1,sea,0,0,1,0,0,0
2025-07-27T23:31:46.494320Z,2025,7,27,65.489400,22.772600,5.0,0,7.6,1,sea,1,1,1,0,0,0
2025-07-27T23:31:46.501299Z,2025,7,27,65.487300,22.783600,5.0,0,2.4,1,sea,0,1,1,0,0,0
2025-07-27T23:31:46.506227Z,2025,7,27,65.401000,22.923300,7.0,0,29.7,1,sea,0,0,0,0,0,0
2025-07-27T23:32:03.194229Z,2025,7,27,65.488700,22.774900,12.0,0,13.7,1,sea,1,1,1,0,0,0
2025-07-27T23:32:20.735899Z,2025,7,27,65.493900,22.822800,-3.0,0,9.3,1,sea,0,0,1,0,0,0
2025-07-27T23:32:20.840586Z,2025,7,27,65.541100,22.854300,-7.0,0,8.5,1,sea,0,0,0,0,0,0
2025-07-27T23:33:10.998062Z,2025,7,27,65.508700,22.800900,15.0,0,20.9,1,sea,0,0,1,0,0,0
2025-07-27T23:33:11.002414Z,2025,7,27,65.497600,22.799300,4.0,0,5.8,1,sea,0,0,1,0,0,0
2025-07-27T23:33:11.003725Z,2025,7,27,65.498500,22.758900,9.0,0,21.8,1,sea,0,0,1,0,0,0
2025-07-27T23:33:11.125309Z,2025,7,27,65.527200,22.870800,-16.0,0,3.1,1,sea,0,0,0,0,0,0
2025-07-27T23:33:21.798185Z,2025,7,27,65.689700,22.817400,-3.0,0,2.1,1,sea,0,1,1,0,0,1
2025-07-27T23:33:45.214287Z,2025,7,27,65.500200,22.800700,5.0,0,1.8,1,sea,0,0,1,0,0,0
2025-07-27T23:33:45.226674Z,2025,7,27,65.505300,22.707800,5.0,0,14.9,1,sea,1,1,1,0,0,0
2025-07-27T23:34:20.539549Z,2025,7,27,65.518200,22.803100,5.0,0,3.7,1,sea,0,1,1,0,0,0
2025-07-27T23:34:20.561032Z,2025,7,27,65.508200,22.792200,6.0,0,4.9,1,sea,0,0,0,0,0,0
2025-07-27T23:34:20.724026Z,2025,7,27,65.531200,22.849500,-15.0,0,5.1,1,sea,0,0,0,0,0,0
2025-07-27T23:34:43.827070Z,2025,7,27,65.519000,22.800100,5.0,0,4.6,1,sea,1,1,1,0,0,0
2025-07-27T23:35:11.163936Z,2025,7,27,65.523600,22.802400,5.0,0,2.0,1,islands,1,1,1,0,0,0
2025-07-27T23:35:11.166202Z,2025,7,27,65.525800,22.801800,4.0,0,3.2,1,islands,1,1,1,0,0,0
2025-07-27T23:35:11.392432Z,2025,7,27,65.563900,22.736600,-11.0,0,3.5,1,sea,1,1,1,0,0,0
2025-07-27T23:35:11.394422Z,2025,7,27,65.553300,22.661200,-4.0,0,1.2,1,islands,0,0,1,0,0,0
2025-07-27T23:35:25.634345Z,2025,7,27,65.527600,22.786500,4.0,0,21.6,1,sea,1,1,1,0,0,0
2025-07-27T23:35:25.635115Z,2025,7,27,65.520800,22.792400,5.0,0,2.4,1,sea,0,1,1,0,0,0
2025-07-27T23:35:57.297245Z,2025,7,27,65.531600,22.791700,6.0,0,15.2,1,islands,1,1,1,0,0,0
2025-07-27T23:35:57.297274Z,2025,7,27,65.523600,22.812900,-11.0,0,8.6,1,sea,1,1,1,0,0,0
2025-07-27T23:35:57.298573Z,2025,7,27,65.550700,22.850900,5.0,0,1.7,1,sea,0,0,0,0,0,0
2025-07-27T23:35:57.299738Z,2025,7,27,65.515300,22.808300,8.0,0,20.4,1,sea,0,0,1,0,0,0
2025-07-27T23:35:57.323845Z,2025,7,27,65.491000,22.892200,6.0,0,30.4,1,sea,0,0,0,0,0,0
2025-07-27T23:36:55.429093Z,2025,7,27,65.536900,22.779900,15.0,0,13.6,1,sea,1,1,1,0,0,0
2025-07-27T23:36:55.429714Z,2025,7,27,65.537700,22.781900,6.0,0,5.5,1,sea,1,1,1,0,0,0
2025-07-27T23:36:55.431926Z,2025,7,27,65.537700,22.792000,6.0,0,2.7,1,islands,0,1,1,0,0,0
2025-07-27T23:36:55.437075Z,2025,7,27,65.528900,22.792000,7.0,0,6.2,1,islands,1,1,1,0,0,0
2025-07-27T23:36:55.438105Z,2025,7,27,65.536900,22.779100,7.0,0,3.9,1,sea,0,1,1,0,0,0
2025-07-27T23:36:55.454438Z,2025,7,27,65.535800,22.781500,5.0,0,2.9,1,sea,1,1,1,0,0,0
2025-07-27T23:36:55.642459Z,2025,7,27,65.546000,22.720900,-18.0,0,7.0,1,sea,0,0,1,0,0,0
2025-07-27T23:36:55.650640Z,2025,7,27,65.535900,22.792800,4.0,0,8.7,1,islands,1,1,1,0,0,0
2025-07-27T23:37:54.495985Z,2025,7,27,65.627500,22.821500,11.0,0,27.6,1,inland_water,0,0,0,0,0,0
2025-07-27T23:37:54.497551Z,2025,7,27,65.541000,22.848100,6.0,0,10.7,1,sea,0,0,0,0,0,0
2025-07-27T23:37:54.501411Z,2025,7,27,65.553600,22.783200,6.0,0,6.4,1,islands,1,1,1,0,0,0
2025-07-27T23:37:54.507492Z,2025,7,27,65.543100,22.810500,4.0,0,4.9,1,islands,1,1,1,0,0,0
2025-07-27T23:37:54.516653Z,2025,7,27,65.539800,22.803200,7.0,0,11.2,1,islands,1,1,1,0,0,0
2025-07-27T23:39:02.914122Z,2025,7,27,65.530200,22.750900,13.0,0,3.1,1,sea,0,0,0,0,0,0
2025-07-27T23:39:02.914717Z,2025,7,27,65.544900,22.764500,8.0,0,13.9,1,islands,1,1,1,0,0,0
2025-07-27T23:39:02.915289Z,2025,7,27,65.544400,22.775300,14.0,0,30.4,1,sea,1,1,1,0,0,0
2025-07-27T23:39:02.917158Z,2025,7,27,65.548100,22.758400,8.0,0,6.8,1,islands,0,1,1,0,0,0
2025-07-27T23:39:02.941739Z,2025,7,27,65.548300,22.785400,10.0,0,16.7,1,sea,1,1,1,0,0,0
2025-07-27T23:39:03.074142Z,2025,7,27,65.595300,22.736500,-17.0,0,8.6,1,sea,0,0,1,0,0,0
2025-07-27T23:39:56.650170Z,2025,7,27,65.555600,22.769100,11.0,0,15.4,1,sea,1,1,1,0,0,0
2025-07-27T23:39:56.651812Z,2025,7,27,65.554900,22.757100,12.0,0,15.5,1,islands,1,1,1,0,0,0
2025-07-27T23:39:56.652559Z,2025,7,27,65.559700,22.754600,6.0,0,15.9,1,sea,1,1,1,0,0,0
2025-07-27T23:39:56.653864Z,2025,7,27,65.609100,22.879500,9.0,0,3.0,1,sea,0,0,0,0,0,1
2025-07-27T23:39:56.657611Z,2025,7,27,65.591300,22.889500,5.0,0,1.1,1,sea,0,0,0,0,0,1
2025-07-27T23:40:54.565137Z,2025,7,27,65.567700,22.803500,-6.0,0,0.0,1,sea,1,1,1,0,0,0
2025-07-27T23:40:54.565217Z,2025,7,27,65.565100,22.752200,-15.0,0,8.3,1,sea,1,1,1,0,0,0
2025-07-27T23:40:54.569662Z,2025,7,27,65.574100,22.761500,-64.0,0,8.6,1,sea,0,0,1,0,0,0
2025-07-27T23:40:54.598399Z,2025,7,27,65.547700,22.793100,-12.0,0,3.2,1,sea,1,1,1,0,0,0
2025-07-27T23:40:54.604230Z,2025,7,27,65.565400,22.764300,-5.0,0,6.0,1,islands,1,1,1,0,0,0
2025-07-27T23:41:59.873392Z,2025,7,27,65.572200,22.764700,11.0,0,11.9,1,sea,0,1,1,0,0,0
2025-07-27T23:41:59.876342Z,2025,7,27,65.565400,22.806700,10.0,0,30.4,1,sea,0,1,1,0,0,0
2025-07-27T23:41:59.942801Z,2025,7,27,65.588800,22.759200,5.0,0,7.4,1,sea,0,0,0,0,0,0
2025-07-27T23:43:25.473173Z,2025,7,27,65.578200,22.782500,7.0,0,10.5,1,sea,0,0,1,0,0,0
2025-07-27T23:43:25.475567Z,2025,7,27,65.579300,22.806600,7.0,0,11.0,1,sea,0,0,0,0,0,0
2025-07-27T23:43:25.482895Z,2025,7,27,65.653500,22.831400,6.0,0,8.8,1,sea,0,0,0,0,0,0
2025-07-27T23:43:25.487008Z,2025,7,27,65.581200,22.787900,21.0,0,29.7,1,sea,0,0,0,0,0,0
2025-07-27T23:44:40.778676Z,2025,7,27,65.585300,22.798200,6.0,0,5.4,1,sea,0,0,0,0,0,0
2025-07-27T23:44:40.779037Z,2025,7,27,65.584800,22.798500,5.0,0,5.2,1,sea,0,0,0,0,0,0
2025-07-27T23:44:40.779234Z,2025,7,27,65.583200,22.793700,8.0,0,10.4,1,sea,0,0,0,0,0,0
2025-07-27T23:44:40.780083Z,2025,7,27,65.584500,22.799200,7.0,0,3.9,1,sea,0,0,0,0,0,0
2025-07-27T23:44:40.780745Z,2025,7,27,65.545500,22.832200,4.0,0,10.1,1,sea,0,0,1,0,0,0
2025-07-27T23:44:40.783761Z,2025,7,27,65.580000,22.770500,5.0,0,2.3,1,sea,0,0,0,0,0,0
2025-07-27T23:45:42.142644Z,2025,7,27,65.589700,22.786300,-18.0,0,15.1,1,sea,0,0,0,0,0,0
2025-07-27T23:45:42.142729Z,2025,7,27,65.588100,22.854600,-12.0,0,0.0,1,sea,0,0,0,0,0,0
2025-07-27T23:45:42.292959Z,2025,7,27,65.573100,22.765300,-10.0,0,11.6,1,sea,0,1,1,0,0,0
2025-07-27T23:47:06.726345Z,2025,7,27,65.597500,22.738500,21.0,0,18.5,1,sea,1,1,1,0,0,0
2025-07-27T23:48:37.688637Z,2025,7,27,65.597900,22.724400,-5.0,0,3.7,1,sea,0,0,1,0,0,0
2025-07-27T23:48:37.698658Z,2025,7,27,65.601700,22.718100,-32.0,0,8.2,1,sea,0,0,0,0,0,0
2025-07-27T23:48:37.702705Z,2025,7,27,65.597300,22.728600,-10.0,0,24.4,1,sea,0,0,1,0,0,0
2025-07-27T23:48:37.715471Z,2025,7,27,65.620400,22.527700,-14.0,0,22.6,1,sea,1,1,1,0,0,0
2025-07-27T23:48:37.716791Z,2025,7,27,65.593000,22.718600,-27.0,0,6.7,1,sea,0,0,0,0,0,0
2025-07-27T23:48:37.909485Z,2025,7,27,65.593300,22.718700,-27.0,0,8.2,1,sea,0,0,0,0,0,0
2025-07-27T23:48:37.933200Z,2025,7,27,65.580600,22.699700,-6.0,0,1.3,1,sea,0,0,0,0,0,0
2025-07-27T23:49:21.427251Z,2025,7,27,65.612800,22.763700,7.0,0,11.2,1,sea,0,0,0,0,0,0
2025-07-27T23:49:21.427751Z,2025,7,27,65.615100,22.784100,6.0,0,3.6,1,sea,0,0,0,0,0,0
2025-07-27T23:49:21.428053Z,2025,7,27,65.615800,22.787600,9.0,0,22.1,1,sea,0,0,0,0,0,0
2025-07-27T23:49:21.428720Z,2025,7,27,65.608800,22.805000,8.0,0,17.5,1,sea,0,0,0,0,0,0
2025-07-27T23:49:21.429293Z,2025,7,27,65.619000,22.782100,9.0,0,21.8,1,sea,0,0,0,0,0,0
2025-07-27T23:49:21.445114Z,2025,7,27,65.626300,22.796500,-4.0,0,3.5,1,sea,0,1,1,0,0,0
2025-07-27T23:50:58.911452Z,2025,7,27,65.621900,22.785200,8.0,0,11.0,1,sea,0,0,1,0,0,0
2025-07-27T23:50:58.912607Z,2025,7,27,65.621500,22.790900,6.0,0,4.2,1,sea,0,0,1,0,0,0
2025-07-27T23:50:58.913217Z,2025,7,27,65.611100,22.791700,5.0,0,15.1,1,sea,0,0,0,0,0,0
2025-07-27T23:50:58.914300Z,2025,7,27,65.628300,22.783900,10.0,0,8.5,1,sea,0,1,1,0,0,0
2025-07-27T23:50:58.920220Z,2025,7,27,65.614200,22.789300,7.0,0,9.5,1,sea,0,0,0,0,0,0
2025-07-27T23:52:24.704151Z,2025,7,27,65.612200,22.868800,7.0,0,5.8,1,sea,0,0,0,0,0,0
2025-07-27T23:52:24.704871Z,2025,7,27,65.635900,22.785700,10.0,0,11.4,1,sea,0,1,1,0,0,0
2025-07-27T23:56:58.669446Z,2025,7,27,65.666000,22.800200,9.0,0,0.0,1,sea,0,1,1,0,0,0
2025-07-27T23:56:58.669655Z,2025,7,27,65.670200,22.793400,12.0,0,19.2,1,sea,0,1,1,0,0,0
2025-07-27T23:56:58.670029Z,2025,7,27,65.664900,22.806400,9.0,0,0.0,1,sea,1,1,1,0,0,0
2025-07-27T23:56:58.670994Z,2025,7,27,65.665000,22.799100,13.0,0,22.4,1,sea,0,1,1,0,0,0
2025-07-27T23:56:58.672336Z,2025,7,27,65.673200,22.800900,7.0,0,8.3,1,sea,0,1,1,0,0,0
2025-07-27T23:56:58.676457Z,2025,7,27,65.663300,22.852300,4.0,0,14.8,1,sea,0,0,0,1,1,1
2025-07-27T23:56:58.701259Z,2025,7,27,65.669100,22.799400,7.0,0,8.7,1,sea,0,1,1,0,0,0
2025-07-28T01:18:18.408982Z,2025,7,28,65.583900,21.543700,-14.0,0,21.0,1,mainland,0,0,0,0,0,0
2025-07-28T01:21:00.313680Z,2025,7,28,65.564100,21.778200,9.0,0,0.0,1,mainland,0,0,0,0,0,0
2025-07-28T01:24:25.382534Z,2025,7,28,65.625600,21.471200,-20.0,0,10.0,1,mainland,0,0,0,0,0,0
2025-07-28T01:24:25.543101Z,2025,7,28,65.625500,21.471200,-14.0,0,9.0,1,mainland,0,0,0,0,0,0
2025-07-28T01:27:33.614565Z,2025,7,28,65.580200,21.570900,-13.0,0,7.7,1,mainland,0,0,0,0,0,0
2025-07-28T01:29:24.244501Z,2025,7,28,65.592400,21.513600,-10.0,0,11.8,1,mainland,0,0,0,0,0,1
2025-07-28T01:30:33.825441Z,2025,7,28,65.607300,21.442900,-11.0,0,12.4,1,mainland,0,0,0,1,1,1
2025-07-28T01:32:20.125409Z,2025,7,28,65.621700,21.628700,-12.0,0,21.6,1,mainland,0,0,0,0,0,0
2025-07-28T01:32:41.721251Z,2025,7,28,65.603000,21.465200,7.0,0,8.1,1,mainland,0,0,0,0,1,1
2025-07-28T01:33:04.452927Z,2025,7,28,65.627900,21.536800,6.0,0,5.0,1,mainland,0,0,0,0,0,0
2025-07-28T01:33:04.452954Z,2025,7,28,65.642400,21.577800,-15.0,0,27.1,1,mainland,0,0,0,0,0,0
2025-07-28T01:33:17.657292Z,2025,7,28,65.605600,21.470200,15.0,0,22.1,1,mainland,0,0,0,0,0,1
2025-07-28T01:33:24.189655Z,2025,7,28,65.645900,21.430400,-7.0,0,6.5,1,mainland,0,0,0,0,0,0
2025-07-28T01:33:24.243829Z,2025,7,28,65.618300,21.441500,-5.0,0,6.2,1,mainland,0,0,0,0,0,0
2025-07-28T01:33:38.076851Z,2025,7,28,65.619800,21.402800,-6.0,0,8.7,1,mainland,0,0,0,1,1,1
2025-07-28T01:34:03.755085Z,2025,7,28,65.631200,21.408800,6.0,0,4.2,1,mainland,0,0,0,0,0,0
2025-07-28T01:34:33.051698Z,2025,7,28,65.631000,21.394200,5.0,0,1.1,1,mainland,0,0,0,0,1,1
2025-07-28T01:34:33.149025Z,2025,7,28,65.628600,21.428100,8.0,0,6.2,1,mainland,0,0,0,0,0,0
2025-07-28T01:34:33.396098Z,2025,7,28,65.634600,21.403200,7.0,0,1.7,1,mainland,0,0,0,0,0,1
2025-07-28T01:34:39.474054Z,2025,7,28,65.644400,21.429700,6.0,0,4.8,1,mainland,0,0,0,0,0,0
2025-07-28T01:35:12.854295Z,2025,7,28,65.655800,21.451200,-18.0,0,10.4,1,mainland,0,0,0,0,0,0
2025-07-28T01:35:12.875106Z,2025,7,28,65.654100,21.464400,-10.0,0,7.1,1,mainland,0,0,0,0,0,0
2025-07-28T01:35:12.898468Z,2025,7,28,65.653600,21.460900,-19.0,0,8.5,1,mainland,0,0,0,0,0,0
2025-07-28T01:35:12.914726Z,2025,7,28,65.653000,21.461000,-5.0,0,4.7,1,mainland,0,0,0,0,0,0
2025-07-28T01:35:12.983940Z,2025,7,28,65.640500,21.492600,-5.0,0,7.2,1,mainland,0,0,0,0,0,0
2025-07-28T01:36:02.497410Z,2025,7,28,65.658500,21.455500,-10.0,0,7.2,1,mainland,0,0,0,0,0,0
2025-07-28T01:36:02.527132Z,2025,7,28,65.657900,21.444600,-17.0,0,7.7,1,mainland,0,0,0,0,0,0
2025-07-28T01:36:02.579158Z,2025,7,28,65.659200,21.444800,-19.0,0,8.3,1,mainland,0,0,0,0,0,0
2025-07-28T01:36:02.705011Z,2025,7,28,65.658200,21.444200,-13.0,0,7.5,1,mainland,0,0,0,0,0,0
2025-07-28T01:36:36.628247Z,2025,7,28,65.655800,21.463800,7.0,0,13.2,1,mainland,0,0,0,0,0,0
2025-07-28T01:36:50.993388Z,2025,7,28,65.657800,21.443600,7.0,0,4.5,1,mainland,0,0,0,0,0,0
2025-07-28T01:36:54.963180Z,2025,7,28,65.636800,21.505800,-6.0,0,7.3,1,mainland,0,0,0,0,0,0
2025-07-28T01:36:55.326683Z,2025,7,28,65.642000,21.495500,-6.0,0,5.5,1,mainland,0,0,0,0,0,0
2025-07-28T01:36:55.509460Z,2025,7,28,65.640700,21.501700,-6.0,0,4.6,1,mainland,0,0,0,0,0,0
2025-07-28T01:36:55.602216Z,2025,7,28,65.642100,21.499100,-7.0,0,6.1,1,mainland,0,0,0,0,0,0
2025-07-28T01:37:10.706197Z,2025,7,28,65.663800,21.433700,5.0,0,2.8,1,mainland,0,0,0,0,0,0
2025-07-28T01:37:26.384821Z,2025,7,28,65.660600,21.433600,9.0,0,19.1,1,mainland,0,0,0,0,0,0
2025-07-28T01:37:26.646296Z,2025,7,28,65.617200,21.411700,5.0,0,3.0,1,inland_water,0,0,0,1,1,1
2025-07-28T01:37:46.083649Z,2025,7,28,65.665500,21.458200,-8.0,0,5.7,1,mainland,0,0,0,0,0,1
2025-07-28T01:37:46.129765Z,2025,7,28,65.650300,21.482100,-7.0,0,6.1,1,mainland,0,0,0,0,0,0
2025-07-28T01:37:46.263600Z,2025,7,28,65.651900,21.482300,-7.0,0,5.8,1,mainland,0,0,0,0,0,0
2025-07-28T01:38:16.486221Z,2025,7,28,65.580700,21.561700,3.0,0,13.8,1,mainland,0,0,0,0,0,0
2025-07-28T01:38:59.441369Z,2025,7,28,65.681100,21.435600,8.0,0,10.0,1,inland_water,0,0,0,0,0,1
2025-07-28T01:39:05.778555Z,2025,7,28,65.638300,21.461900,8.0,0,4.4,1,mainland,0,0,0,0,0,0
2025-07-28T01:39:22.217336Z,2025,7,28,65.672100,21.461300,4.0,0,2.5,1,inland_water,0,0,0,0,1,1
2025-07-28T01:39:56.823721Z,2025,7,28,65.674100,21.438300,-22.0,0,12.5,1,mainland,0,0,0,0,0,0
2025-07-28T01:39:56.881255Z,2025,7,28,65.660900,21.403600,-7.0,0,6.0,1,mainland,0,0,0,0,0,0
2025-07-28T01:39:57.035089Z,2025,7,28,65.660700,21.402800,-13.0,0,8.1,1,mainland,0,0,0,0,0,0
2025-07-28T01:41:17.376538Z,2025,7,28,65.667500,21.458100,6.0,0,7.1,1,mainland,0,0,0,0,0,1
2025-07-28T01:41:46.950422Z,2025,7,28,65.636900,21.560600,-6.0,0,10.0,1,mainland,0,0,0,0,0,0
2025-07-28T01:42:40.731533Z,2025,7,28,65.600200,21.589800,4.0,0,21.0,1,mainland,0,0,0,0,0,0
2025-07-28T01:42:40.919799Z,2025,7,28,65.650500,21.377900,-8.0,0,5.7,1,mainland,0,0,0,1,1,1
2025-07-28T01:42:48.443294Z,2025,7,28,65.703600,21.529700,-14.0,0,22.6,1,mainland,0,0,0,1,1,1
2025-07-28T01:42:58.905270Z,2025,7,28,65.679700,21.517100,-13.0,0,7.7,1,mainland,0,0,0,0,0,1
2025-07-28T01:43:28.515283Z,2025,7,28,65.658500,21.383400,-14.0,0,20.3,1,mainland,0,0,0,0,0,1
2025-07-28T01:43:36.956212Z,2025,7,28,65.680200,21.515600,-7.0,0,4.1,1,mainland,0,0,0,0,0,1
2025-07-28T01:43:44.667408Z,2025,7,28,65.654400,21.532600,7.0,0,2.4,1,mainland,0,0,0,0,0,0
2025-07-28T01:44:25.953903Z,2025,7,28,65.671100,21.414800,8.0,0,29.2,1,mainland,0,0,0,0,0,0
2025-07-28T01:45:03.983896Z,2025,7,28,65.677100,21.445300,7.0,0,2.9,1,inland_water,0,0,0,0,0,0
2025-07-28T01:45:03.998244Z,2025,7,28,65.680900,21.460100,13.0,0,4.5,1,mainland,0,0,0,0,0,1
2025-07-28T01:45:20.745380Z,2025,7,28,65.678900,21.478500,-6.0,0,8.0,1,inland_water,0,0,0,1,1,1
2025-07-28T01:47:04.111569Z,2025,7,28,65.665200,21.509700,5.0,0,6.3,1,mainland,0,0,0,0,0,0
2025-07-28T01:49:11.262587Z,2025,7,28,65.628100,21.684000,-11.0,0,10.5,1,inland_water,0,0,0,0,0,0
2025-07-28T01:49:11.262735Z,2025,7,28,65.625000,21.654200,-9.0,0,0.0,1,mainland,0,0,0,0,0,0
2025-07-28T01:49:11.272247Z,2025,7,28,65.622200,21.673800,-8.0,0,9.2,1,mainland,0,0,0,0,0,0
2025-07-28T01:49:11.294247Z,2025,7,28,65.622100,21.660100,-9.0,0,5.6,1,mainland,0,0,0,0,0,0
2025-07-28T01:49:11.351939Z,2025,7,28,65.625800,21.721100,-8.0,0,4.1,1,mainland,0,0,0,0,0,0
2025-07-28T01:49:45.595101Z,2025,7,28,65.685400,21.533900,5.0,0,1.1,1,mainland,0,0,0,0,0,1
2025-07-28T01:52:38.454363Z,2025,7,28,65.637100,21.731800,6.0,0,29.4,1,mainland,0,0,0,0,0,0
2025-07-28T01:52:39.680965Z,2025,7,28,65.643700,21.708200,7.0,0,27.9,1,mainland,0,0,0,0,0,0
2025-07-28T01:52:39.681793Z,2025,7,28,65.628100,21.765400,-9.0,0,16.2,1,mainland,0,0,0,0,0,0
2025-07-28T01:55:51.522086Z,2025,7,28,65.672500,21.693100,7.0,0,12.9,1,mainland,0,0,0,0,0,1
2025-07-28T01:55:51.523424Z,2025,7,28,65.604900,21.762600,5.0,0,6.2,1,mainland,0,0,0,0,0,0
2025-07-28T02:02:24.345084Z,2025,7,28,65.632600,21.621500,6.0,0,1.9,1,mainland,0,0,0,0,0,0
2025-07-28T02:11:37.203418Z,2025,7,28,65.735800,21.862300,-7.0,0,8.6,1,mainland,0,0,0,1,1,1
2025-07-28T09:10:44.819194Z,2025,7,28,65.674800,22.245200,6.0,0,3.8,1,sea,1,1,1,0,0,0
2025-07-28T11:33:34.910513Z,2025,7,28,65.626400,21.438500,6.0,0,2.8,1,mainland,0,0,0,0,0,0
2025-07-28T11:33:34.910972Z,2025,7,28,65.626500,21.419200,6.0,0,2.2,1,mainland,0,0,0,0,0,0
2025-07-28T11:33:34.912721Z,2025,7,28,65.627200,21.418900,8.0,0,8.4,1,mainland,0,0,0,0,0,0
2025-07-28T11:35:32.815497Z,2025,7,28,65.660500,21.404000,6.0,0,3.2,1,mainland,0,0,0,0,0,0
2025-07-28T11:37:09.217068Z,2025,7,28,65.655400,21.434500,8.0,0,3.5,1,mainland,0,0,0,0,0,0
2025-07-28T11:37:09.217493Z,2025,7,28,65.656900,21.433900,10.0,0,12.2,1,mainland,0,0,0,0,0,0
2025-07-28T11:37:09.218299Z,2025,7,28,65.658400,21.430000,6.0,0,2.4,1,mainland,0,0,0,0,0,0
2025-07-28T11:37:09.221137Z,2025,7,28,65.653100,21.411400,9.0,0,7.1,1,mainland,0,0,0,0,0,0
2025-07-28T11:41:47.286247Z,2025,7,28,65.670300,21.542300,5.0,0,11.9,1,mainland,0,0,0,0,0,0
2025-07-28T12:27:30.345774Z,2025,7,28,65.570200,22.380800,6.0,0,3.2,1,mainland,1,1,1,0,0,0
2025-07-28T14:52:04.141968Z,2025,7,28,65.956100,22.301800,5.0,0,6.2,1,mainland,0,0,0,0,0,0
2025-07-28T14:56:06.692719Z,2025,7,28,65.975800,22.311800,6.0,0,5.7,1,mainland,0,0,0,0,0,0
2025-07-28T14:56:06.693681Z,2025,7,28,65.976900,22.313700,8.0,0,4.3,1,mainland,0,0,0,0,0,0
2025-07-28T14:56:06.694458Z,2025,7,28,65.974100,22.328500,5.0,0,8.2,1,mainland,0,0,0,0,0,0
2025-07-28T15:08:13.435514Z,2025,7,28,65.994400,22.294700,5.0,0,8.1,1,mainland,0,0,0,0,0,0
2025-07-28T15:35:25.745420Z,2025,7,28,66.217800,22.192600,-5.0,0,9.9,1,mainland,0,0,0,0,0,0
2025-07-28T15:35:25.745431Z,2025,7,28,66.213600,22.203200,9.0,0,6.1,1,mainland,0,0,0,0,0,0
2025-07-28T15:35:25.763303Z,2025,7,28,66.210400,22.216000,-7.0,0,4.8,1,mainland,0,0,0,0,0,0
2025-07-28T15:37:02.986231Z,2025,7,28,66.214900,22.198100,-6.0,0,5.4,1,mainland,0,0,0,0,0,0
2025-07-28T15:37:03.009010Z,2025,7,28,66.214700,22.222500,-11.0,0,3.1,1,mainland,0,0,0,0,0,1
2025-07-28T15:38:44.633277Z,2025,7,28,66.226100,22.211700,-9.0,0,4.9,1,mainland,0,0,0,0,1,1
2025-07-28T15:38:44.672768Z,2025,7,28,66.215700,22.230100,-10.0,0,7.8,1,mainland,0,0,0,1,1,1
2025-07-28T15:47:00.742149Z,2025,7,28,65.990200,22.219900,4.0,0,7.5,1,mainland,0,0,0,0,0,0
2025-07-28T16:03:29.919859Z,2025,7,28,66.202000,22.193100,-9.0,0,6.3,1,mainland,0,0,0,0,0,0
2025-07-29T20:17:23.126437Z,2025,7,29,65.531500,21.627000,7.0,0,3.8,1,mainland,0,0,0,0,1,1
2025-07-29T20:17:23.148748Z,2025,7,29,65.540300,21.599800,4.0,0,3.6,1,mainland,0,0,0,1,1,1
2025-07-29T20:26:43.968239Z,2025,7,29,65.628600,22.827000,6.0,0,27.5,1,sea,1,1,1,0,0,0
2025-07-29T21:43:41.373579Z,2025,7,29,66.192500,22.153400,-10.0,0,3.2,1,mainland,0,0,0,0,0,0
2025-07-29T21:43:41.373781Z,2025,7,29,66.169600,22.149600,-8.0,0,0.0,1,mainland,0,0,0,0,0,0
2025-07-29T21:45:09.753544Z,2025,7,29,66.203300,22.185300,-11.0,0,3.9,1,mainland,0,0,0,0,0,0
2025-07-29T21:45:09.874586Z,2025,7,29,66.194600,22.248400,-6.0,0,5.3,1,mainland,0,0,0,0,0,1
2025-07-29T21:45:23.618315Z,2025,7,29,65.551800,21.643100,4.0,0,3.6,1,mainland,0,0,0,0,0,0
2025-07-29T21:48:45.827920Z,2025,7,29,66.223100,22.163900,-38.0,0,24.8,1,mainland,0,0,0,0,0,0
2025-07-29T21:48:45.863676Z,2025,7,29,66.194400,22.139300,-6.0,0,4.8,1,mainland,0,0,0,0,0,0
2025-07-29T21:51:35.794073Z,2025,7,29,65.538500,21.606700,5.0,0,9.4,1,mainland,0,0,0,1,1,1
2025-07-29T21:51:35.795092Z,2025,7,29,65.538000,21.728100,4.0,0,1.9,1,mainland,0,0,0,0,0,0
2025-07-29T21:56:35.177625Z,2025,7,29,65.616300,21.468600,28.0,0,15.1,1,mainland,0,0,0,0,0,0
2025-07-29T21:56:35.178162Z,2025,7,29,65.603200,21.483900,19.0,0,12.0,1,mainland,0,0,0,0,0,1
2025-07-29T21:56:35.179175Z,2025,7,29,65.619600,21.463800,9.0,0,5.8,1,mainland,0,0,0,0,0,0
2025-07-29T21:59:28.415575Z,2025,7,29,65.633200,21.470300,-12.0,0,15.7,1,mainland,0,0,0,0,0,0
2025-07-29T22:03:30.564296Z,2025,7,29,65.645600,21.602000,10.0,0,6.1,1,mainland,0,0,0,0,0,0
2025-07-29T22:03:30.565846Z,2025,7,29,65.642900,21.608500,6.0,0,2.8,1,mainland,0,0,0,0,0,0
2025-07-29T22:04:33.921687Z,2025,7,29,65.664100,21.651400,9.0,0,8.2,1,mainland,0,0,0,0,0,1
2025-07-29T22:04:33.993289Z,2025,7,29,65.614700,21.650600,4.0,0,3.3,1,mainland,0,0,0,0,0,0
2025-07-29T22:05:58.701193Z,2025,7,29,65.572800,21.541500,-6.0,0,9.8,1,mainland,0,0,0,0,1,1
2025-07-29T22:06:45.311293Z,2025,7,29,65.642400,21.531600,5.0,0,4.0,1,mainland,0,0,0,0,0,0
2025-07-29T22:07:29.846081Z,2025,7,29,65.586000,21.564500,4.0,0,7.7,1,mainland,0,0,0,0,0,0
2025-07-29T22:10:50.000401Z,2025,7,29,65.618500,21.484500,-22.0,0,20.4,1,mainland,0,0,0,0,0,0
2025-07-29T22:10:50.047319Z,2025,7,29,65.671300,21.442800,-9.0,0,8.6,1,mainland,0,0,0,0,0,0
2025-07-29T22:10:50.121028Z,2025,7,29,65.622200,21.426200,-17.0,0,10.0,1,mainland,0,0,0,0,0,0
2025-07-29T22:10:50.137698Z,2025,7,29,65.642200,21.445500,-5.0,0,5.5,1,mainland,0,0,0,0,0,0
2025-07-29T22:10:50.533233Z,2025,7,29,65.641600,21.415900,5.0,0,4.4,1,mainland,0,0,0,0,0,0
2025-07-29T22:10:50.535208Z,2025,7,29,65.641200,21.412500,8.0,0,5.5,1,mainland,0,0,0,0,0,0
2025-07-29T22:10:50.801535Z,2025,7,29,65.617800,21.416100,-4.0,0,6.2,1,mainland,0,0,0,0,1,1
2025-07-29T22:10:50.887238Z,2025,7,29,65.627100,21.428900,-7.0,0,5.1,1,mainland,0,0,0,0,0,0
2025-07-29T22:11:58.876749Z,2025,7,29,65.628100,21.431100,-8.0,0,10.7,1,mainland,0,0,0,0,0,0
2025-07-29T22:11:58.966774Z,2025,7,29,65.627300,21.423000,-24.0,0,9.2,1,mainland,0,0,0,0,0,0
2025-07-29T22:11:59.047924Z,2025,7,29,65.619800,21.430800,-5.0,0,4.8,1,mainland,0,0,0,0,0,1
2025-07-29T22:11:59.122574Z,2025,7,29,65.627100,21.425400,-10.0,0,7.5,1,mainland,0,0,0,0,0,0
2025-07-29T22:11:59.176174Z,2025,7,29,65.628000,21.425300,-8.0,0,6.8,1,mainland,0,0,0,0,0,0
2025-07-29T22:11:59.256519Z,2025,7,29,65.627300,21.424900,-9.0,0,7.5,1,mainland,0,0,0,0,0,0
2025-07-29T22:11:59.377857Z,2025,7,29,65.627500,21.426300,-10.0,0,6.8,1,mainland,0,0,0,0,0,0
2025-07-29T22:12:59.988557Z,2025,7,29,65.687400,21.447000,-10.0,0,7.0,1,mainland,0,0,0,1,1,1
2025-07-29T22:12:59.989581Z,2025,7,29,65.557100,21.853200,7.0,0,18.6,1,mainland,0,0,0,0,0,0
2025-07-29T22:14:01.399618Z,2025,7,29,65.649100,21.423200,-21.0,0,12.4,1,mainland,0,0,0,0,0,0
2025-07-29T22:14:01.429152Z,2025,7,29,65.647700,21.433100,-7.0,0,8.9,1,mainland,0,0,0,0,0,0
2025-07-29T22:14:01.487147Z,2025,7,29,65.628200,21.413000,-6.0,0,4.2,1,mainland,0,0,0,0,0,0
2025-07-29T22:14:01.568542Z,2025,7,29,65.659300,21.458600,-7.0,0,6.8,1,inland_water,0,0,0,0,0,0
2025-07-29T22:14:01.701616Z,2025,7,29,65.660500,21.451500,-34.0,0,10.6,1,mainland,0,0,0,0,0,0
2025-07-29T22:14:01.740801Z,2025,7,29,65.659100,21.456000,-8.0,0,6.4,1,mainland,0,0,0,0,0,0
2025-07-29T22:14:01.790149Z,2025,7,29,65.660500,21.452600,-14.0,0,8.4,1,mainland,0,0,0,0,0,0
2025-07-29T22:14:01.836821Z,2025,7,29,65.660400,21.455100,-6.0,0,6.3,1,mainland,0,0,0,0,0,0
2025-07-29T22:14:01.942677Z,2025,7,29,65.660000,21.459800,-6.0,0,5.5,1,mainland,0,0,0,0,0,1
2025-07-29T22:14:58.639752Z,2025,7,29,65.635500,21.401000,-15.0,0,10.3,1,mainland,0,0,0,0,0,1
2025-07-29T22:14:58.780093Z,2025,7,29,65.636400,21.400000,-17.0,0,7.4,1,mainland,0,0,0,0,0,1
2025-07-29T22:15:40.636932Z,2025,7,29,65.666600,21.455400,-10.0,0,9.1,1,mainland,0,0,0,0,0,1
2025-07-29T22:15:40.671496Z,2025,7,29,65.660000,21.458500,-8.0,0,5.8,1,mainland,0,0,0,0,0,1
2025-07-29T22:15:40.709938Z,2025,7,29,65.667900,21.471000,-9.0,0,8.7,1,inland_water,0,0,0,1,1,1
2025-07-29T22:15:40.710508Z,2025,7,29,65.666400,21.433600,-7.0,0,4.0,1,mainland,0,0,0,0,0,0
2025-07-29T22:16:02.026011Z,2025,7,29,65.668200,21.443700,5.0,0,6.8,1,mainland,0,0,0,0,0,0
2025-07-29T22:19:31.481088Z,2025,7,29,65.685000,21.462600,14.0,0,10.0,1,mainland,0,0,0,0,1,1
2025-07-29T22:19:31.500715Z,2025,7,29,65.682600,21.449200,8.0,0,6.6,1,inland_water,0,0,0,0,0,1
2025-07-29T22:32:30.868095Z,2025,7,29,66.168100,22.201100,19.0,0,9.1,1,mainland,0,0,0,0,0,0
2025-07-29T22:32:30.880781Z,2025,7,29,66.169300,22.178700,-5.0,0,7.7,1,mainland,0,0,0,0,0,0
2025-07-29T22:34:08.813515Z,2025,7,29,66.161100,22.217600,9.0,0,4.6,1,mainland,0,0,0,0,0,0
2025-07-29T22:48:31.683974Z,2025,7,29,65.361400,22.542300,-3.0,0,1.4,1,sea,0,0,0,0,0,0
2025-07-29T22:59:03.902033Z,2025,7,29,65.886300,22.191400,-6.0,0,0.0,1,mainland,0,0,0,0,0,0
2025-07-29T22:59:03.910535Z,2025,7,29,65.877800,22.194800,-23.0,0,6.2,1,mainland,0,0,0,0,0,0
2025-07-29T23:01:26.033871Z,2025,7,29,65.904700,22.203700,13.0,0,13.7,1,mainland,0,0,0,0,0,0
2025-07-29T23:01:26.034575Z,2025,7,29,65.912000,22.234700,-16.0,0,24.7,1,mainland,0,0,0,0,0,0
2025-07-29T23:01:26.035930Z,2025,7,29,65.906400,22.201300,4.0,0,2.1,1,inland_water,0,0,0,0,0,0
2025-07-29T23:01:26.057907Z,2025,7,29,65.796500,22.341700,5.0,0,1.1,1,sea,1,1,1,0,0,0
2025-07-29T23:01:26.058882Z,2025,7,29,65.899700,22.203000,5.0,0,22.9,1,mainland,0,0,0,0,0,0
2025-07-29T23:02:13.517696Z,2025,7,29,65.874100,22.233700,-8.0,0,8.1,1,mainland,0,0,0,0,0,0
2025-07-29T23:03:03.419457Z,2025,7,29,65.918600,22.174100,-6.0,0,3.6,1,inland_water,0,0,0,0,0,0
2025-07-29T23:04:14.102892Z,2025,7,29,65.898000,22.189400,-24.0,0,15.5,1,inland_water,0,0,0,0,0,0
2025-07-29T23:04:14.129573Z,2025,7,29,65.890800,22.205200,-8.0,0,3.6,1,mainland,0,0,0,0,0,0
2025-07-29T23:04:14.215284Z,2025,7,29,65.890000,22.190800,-13.0,0,4.3,1,mainland,0,0,0,0,0,0
2025-07-29T23:05:02.360662Z,2025,7,29,65.911500,22.233100,-23.0,0,6.4,1,mainland,0,0,0,0,0,0
2025-07-29T23:05:58.420100Z,2025,7,29,65.903700,22.212100,-22.0,0,17.0,1,mainland,0,0,0,0,0,0
2025-07-29T23:05:58.509650Z,2025,7,29,65.912000,22.209100,-6.0,0,3.9,1,mainland,0,0,0,0,0,0
2025-07-29T23:07:44.926988Z,2025,7,29,65.925100,22.188400,-66.0,0,24.1,1,mainland,0,0,0,0,0,0
2025-07-29T23:07:45.012237Z,2025,7,29,65.924700,22.165400,-11.0,0,4.1,1,inland_water,0,0,0,0,0,0
2025-07-29T23:07:45.037325Z,2025,7,29,66.053900,22.182500,-16.0,0,7.5,1,mainland,0,0,0,0,0,0
2025-07-29T23:07:45.091384Z,2025,7,29,65.930900,22.155900,-12.0,0,4.3,1,mainland,0,0,0,0,0,0
2025-07-29T23:08:36.985769Z,2025,7,29,65.910100,22.265800,-8.0,0,4.5,1,mainland,0,0,0,0,0,0
2025-07-29T23:09:20.458315Z,2025,7,29,65.942900,22.207200,-13.0,0,5.7,1,mainland,0,0,0,0,0,0
2025-07-29T23:09:20.499904Z,2025,7,29,65.944100,22.171700,-11.0,0,4.9,1,mainland,0,0,0,0,0,0
2025-07-29T23:09:20.650404Z,2025,7,29,65.940800,22.265300,-7.0,0,7.3,1,mainland,0,0,0,0,0,0
2025-07-29T23:09:55.293497Z,2025,7,29,65.948100,22.217400,-17.0,0,5.0,1,mainland,0,0,0,0,0,0
2025-07-29T23:09:55.363380Z,2025,7,29,65.947300,22.217700,-22.0,0,5.4,1,mainland,0,0,0,0,0,0
2025-07-29T23:10:44.281025Z,2025,7,29,65.940100,22.194200,-8.0,0,4.1,1,mainland,0,0,0,0,0,0
2025-07-29T23:10:44.333849Z,2025,7,29,65.947900,22.157300,-16.0,0,4.9,1,mainland,0,0,0,0,0,0
2025-07-29T23:10:44.619867Z,2025,7,29,65.940800,22.189300,-6.0,0,5.5,1,mainland,0,0,0,0,0,0
2025-07-29T23:10:44.682450Z,2025,7,29,65.939700,22.192000,-6.0,0,4.3,1,mainland,0,0,0,0,0,0
2025-07-29T23:11:45.878169Z,2025,7,29,65.955600,22.161500,-8.0,0,7.5,1,mainland,0,0,0,0,0,0
2025-07-29T23:11:45.928833Z,2025,7,29,65.956300,22.155800,-11.0,0,5.8,1,mainland,0,0,0,0,0,0
2025-07-29T23:12:55.966128Z,2025,7,29,65.964600,22.189800,-39.0,0,15.6,1,mainland,0,0,0,0,0,0
2025-07-29T23:12:56.615649Z,2025,7,29,65.962700,22.264300,-10.0,0,6.6,1,mainland,0,0,0,0,0,0
2025-07-29T23:12:56.712115Z,2025,7,29,65.980300,22.285100,7.0,0,13.5,1,mainland,0,0,0,0,0,0
2025-07-29T23:14:45.235412Z,2025,7,29,65.982700,22.170800,-5.0,0,3.0,1,mainland,0,0,0,0,0,0
2025-07-29T23:14:45.235992Z,2025,7,29,65.982700,22.198500,-6.0,0,4.3,1,inland_water,0,0,0,0,0,0
2025-07-29T23:14:45.246711Z,2025,7,29,65.978200,22.218100,-32.0,0,8.0,1,inland_water,0,0,0,0,0,0
2025-07-29T23:14:45.269001Z,2025,7,29,65.979300,22.219500,-13.0,0,4.2,1,mainland,0,0,0,0,0,0
2025-07-29T23:14:45.324289Z,2025,7,29,65.952800,22.179000,-9.0,0,4.3,1,mainland,0,0,0,0,0,0
2025-07-29T23:14:45.367900Z,2025,7,29,65.978600,22.163200,-11.0,0,6.0,1,mainland,0,0,0,0,0,0
2025-07-29T23:14:45.403713Z,2025,7,29,65.977900,22.155700,-15.0,0,6.8,1,mainland,0,0,0,0,0,0
2025-07-29T23:14:45.535056Z,2025,7,29,65.965500,22.191000,-6.0,0,5.6,1,mainland,0,0,0,0,0,0
2025-07-29T23:16:01.699354Z,2025,7,29,65.982300,22.208500,-8.0,0,7.9,1,mainland,0,0,0,0,0,0
2025-07-29T23:16:01.715913Z,2025,7,29,65.982500,22.239900,-6.0,0,3.6,1,mainland,0,0,0,0,0,0
2025-07-29T23:16:01.780693Z,2025,7,29,65.974300,22.140700,-10.0,0,5.7,1,inland_water,0,0,0,0,0,0
2025-07-29T23:16:01.992457Z,2025,7,29,65.976800,22.160000,-7.0,0,4.9,1,mainland,0,0,0,0,0,0
2025-07-29T23:19:59.739325Z,2025,7,29,66.047000,22.070200,4.0,0,16.5,1,mainland,0,0,0,0,0,0
2025-07-29T23:19:59.946631Z,2025,7,29,65.972800,22.059700,-11.0,0,4.1,1,mainland,0,0,0,0,0,0
2025-07-29T23:21:42.837695Z,2025,7,29,66.059900,22.076800,8.0,0,8.3,1,mainland,0,0,0,0,0,0
2025-07-29T23:24:21.455027Z,2025,7,29,65.958300,21.886300,-10.0,0,11.4,1,mainland,0,0,0,0,1,1
2025-07-29T23:24:21.457644Z,2025,7,29,66.235200,22.056800,-86.0,0,30.4,1,mainland,0,0,0,0,0,0
2025-07-29T23:24:21.501386Z,2025,7,29,66.074900,22.063000,-14.0,0,10.3,1,mainland,0,0,0,0,0,0
2025-07-29T23:25:41.279163Z,2025,7,29,66.061700,22.142500,-5.0,0,4.4,1,mainland,0,0,0,0,0,0
2025-07-29T23:28:34.047691Z,2025,7,29,66.112300,22.071900,11.0,0,0.0,1,mainland,0,0,0,1,1,1
2025-07-29T23:28:34.047861Z,2025,7,29,66.114800,22.080300,15.0,0,20.7,1,mainland,0,0,0,0,0,1
2025-07-29T23:28:34.048826Z,2025,7,29,66.112000,22.081800,13.0,0,16.3,1,mainland,0,0,0,0,0,1
2025-07-29T23:28:34.049501Z,2025,7,29,65.893100,22.438200,10.0,0,19.9,1,mainland,0,0,0,0,0,0
2025-07-29T23:28:34.050484Z,2025,7,29,66.109800,22.102400,9.0,0,11.7,1,mainland,0,0,0,0,0,0
2025-07-29T23:28:34.053427Z,2025,7,29,66.097700,22.094900,6.0,0,19.0,1,mainland,0,0,0,0,0,1
2025-07-29T23:33:08.203163Z,2025,7,29,66.157900,21.974500,5.0,0,3.5,1,mainland,0,0,0,1,1,1
2025-07-29T23:33:08.205971Z,2025,7,29,66.154400,22.029200,5.0,0,7.9,1,mainland,0,0,0,0,0,1
2025-07-29T23:36:40.559784Z,2025,7,29,65.726900,22.672600,8.0,0,6.3,1,sea,0,0,0,0,1,1
2025-07-29T23:38:05.212063Z,2025,7,29,66.181700,22.179900,9.0,0,16.7,1,mainland,0,0,0,0,0,0
2025-07-29T23:40:30.184405Z,2025,7,29,66.081200,22.067400,6.0,0,6.4,1,inland_water,0,0,0,0,0,1
2025-07-29T23:47:04.274081Z,2025,7,29,65.848200,22.491900,6.0,0,14.5,1,mainland,0,1,1,0,0,0
2025-07-31T21:57:52.559789Z,2025,7,31,65.138300,22.937600,3.0,0,1.6,1,sea,0,0,0,0,0,0
2025-07-31T21:59:19.579519Z,2025,7,31,65.166100,22.603400,-2.0,0,1.0,1,sea,0,0,0,0,0,0
2025-07-31T22:01:02.889124Z,2025,7,31,65.137200,22.826100,5.0,0,10.8,1,sea,0,0,0,0,0,0
2025-07-31T22:01:58.222832Z,2025,7,31,65.123800,22.846800,6.0,0,3.4,1,sea,0,0,0,0,0,0
2025-07-31T22:01:58.224446Z,2025,7,31,65.125600,22.827600,9.0,0,13.9,1,sea,0,0,0,0,0,0
2025-07-31T22:02:52.117505Z,2025,7,31,65.136300,22.694100,-10.0,0,2.8,1,sea,0,0,0,0,0,0
2025-07-31T22:02:52.121512Z,2025,7,31,65.133300,22.696400,-5.0,0,1.3,1,sea,0,0,0,0,0,0
2025-07-31T22:02:52.242632Z,2025,7,31,65.134800,22.693900,-11.0,0,2.8,1,sea,0,0,0,0,0,0
2025-07-31T22:02:52.308357Z,2025,7,31,65.134200,22.693300,-8.0,0,2.3,1,sea,0,0,0,0,0,0
2025-07-31T22:02:52.485425Z,2025,7,31,65.137200,22.692500,-17.0,0,11.0,1,sea,0,0,0,0,0,0
2025-07-31T22:02:52.573487Z,2025,7,31,65.136500,22.692200,-12.0,0,5.3,1,sea,0,0,0,0,0,0
2025-07-31T22:02:52.713561Z,2025,7,31,65.135100,22.693700,-12.0,0,16.5,1,sea,0,0,0,0,0,0
2025-07-31T22:03:49.519380Z,2025,7,31,65.110300,22.768300,11.0,0,24.1,1,sea,0,0,0,0,0,0
2025-07-31T22:03:49.519832Z,2025,7,31,65.123700,22.813300,22.0,0,28.2,1,sea,0,0,0,0,0,0
2025-07-31T22:03:49.951133Z,2025,7,31,65.119400,22.782200,7.0,0,2.0,1,sea,0,0,0,0,0,0
2025-07-31T22:03:50.024668Z,2025,7,31,65.147500,22.786900,-81.0,0,8.0,1,sea,0,0,0,0,0,0
2025-07-31T22:04:11.630123Z,2025,7,31,65.208500,22.666500,8.0,0,4.1,1,sea,0,0,0,0,0,0
2025-07-31T22:04:40.172133Z,2025,7,31,65.121800,22.821000,9.0,0,24.7,1,sea,0,0,0,0,0,0
2025-07-31T22:04:40.173149Z,2025,7,31,65.116700,22.814900,8.0,0,8.2,1,sea,0,0,0,0,0,0
2025-07-31T22:04:40.192986Z,2025,7,31,65.132600,22.823100,3.0,0,3.8,1,sea,0,0,0,0,0,0
2025-07-31T22:04:40.197734Z,2025,7,31,65.090400,22.714700,-2.0,0,16.2,1,sea,0,0,0,0,0,0
2025-07-31T22:04:40.831643Z,2025,7,31,65.136000,22.820000,-62.0,0,5.8,1,sea,0,0,0,0,0,0
2025-07-31T22:04:40.891336Z,2025,7,31,65.138200,22.815800,-8.0,0,2.4,1,sea,0,0,0,0,0,0
2025-07-31T22:04:40.970059Z,2025,7,31,65.141200,22.811400,-5.0,0,1.3,1,sea,0,0,0,0,0,0
2025-07-31T22:06:05.186906Z,2025,7,31,65.139300,22.802700,3.0,0,2.4,1,sea,0,0,0,0,0,0
2025-07-31T22:06:05.190074Z,2025,7,31,65.218100,22.940800,3.0,0,5.0,1,sea,0,0,0,0,0,0
2025-07-31T22:06:05.583941Z,2025,7,31,65.100400,22.800800,-7.0,0,9.6,1,sea,0,0,0,0,0,0
2025-07-31T22:06:05.596831Z,2025,7,31,65.116100,22.806500,-10.0,0,2.1,1,sea,0,0,0,0,0,0
2025-07-31T22:06:58.841437Z,2025,7,31,65.134100,22.787900,4.0,0,13.7,1,sea,0,0,0,0,0,0
2025-07-31T22:07:29.988720Z,2025,7,31,65.133100,22.914800,-8.0,0,14.4,1,sea,0,0,0,0,0,0
2025-07-31T22:07:55.224158Z,2025,7,31,65.172000,22.833400,-12.0,0,0.0,1,sea,0,0,0,0,0,0
2025-07-31T22:07:55.224255Z,2025,7,31,65.169600,22.875300,-15.0,0,0.0,1,sea,0,0,0,0,0,0
2025-07-31T22:07:55.224438Z,2025,7,31,65.171900,22.842200,-10.0,0,0.0,1,sea,0,0,0,0,0,0
2025-07-31T22:07:55.224757Z,2025,7,31,65.165500,22.843600,-8.0,0,0.0,1,sea,0,0,0,0,0,0
2025-07-31T22:07:55.667199Z,2025,7,31,65.171900,22.889600,-12.0,0,4.7,1,sea,0,0,0,0,0,0
2025-07-31T22:07:55.765192Z,2025,7,31,65.170800,22.887300,-4.0,0,1.9,1,sea,0,0,0,0,0,0
2025-07-31T22:07:55.868064Z,2025,7,31,65.170600,22.887300,-4.0,0,1.7,1,sea,0,0,0,0,0,0
2025-07-31T22:07:55.976257Z,2025,7,31,65.170900,22.887900,-5.0,0,1.8,1,sea,0,0,0,0,0,0
2025-07-31T22:07:56.013531Z,2025,7,31,65.171500,22.888100,-9.0,0,4.0,1,sea,0,0,0,0,0,0
2025-07-31T22:07:56.058869Z,2025,7,31,65.171100,22.889000,-12.0,0,4.1,1,sea,0,0,0,0,0,0
2025-07-31T22:07:56.177871Z,2025,7,31,65.171700,22.888800,-15.0,0,1.7,1,sea,0,0,0,0,0,0
2025-07-31T22:07:58.443309Z,2025,7,31,65.140500,22.764800,5.0,0,3.3,1,sea,0,0,0,0,0,0
2025-07-31T22:07:58.873869Z,2025,7,31,65.099000,22.767900,6.0,0,5.5,1,sea,0,0,0,0,0,0
2025-07-31T22:07:58.884153Z,2025,7,31,65.099600,22.770400,4.0,0,4.2,1,sea,0,0,0,0,0,0
2025-07-31T22:08:13.780737Z,2025,7,31,65.280600,23.069900,5.0,0,6.1,1,sea,0,0,0,0,0,0
2025-07-31T22:09:02.861976Z,2025,7,31,65.156600,22.879800,-10.0,0,2.9,1,sea,0,0,0,0,0,0
2025-07-31T22:09:02.880220Z,2025,7,31,65.149700,22.870800,-9.0,0,2.5,1,sea,0,0,0,0,0,0
2025-07-31T22:09:02.927506Z,2025,7,31,65.157600,22.942300,-9.0,0,2.3,1,sea,0,0,0,0,0,0
2025-07-31T22:09:14.245126Z,2025,7,31,65.275100,23.065400,5.0,0,4.2,1,sea,0,0,0,0,0,0
2025-07-31T22:09:14.246270Z,2025,7,31,65.275800,23.080600,8.0,0,4.3,1,sea,0,0,0,0,0,0
2025-07-31T22:09:14.246289Z,2025,7,31,65.277500,23.082400,-14.0,0,17.3,1,sea,0,0,0,0,0,0
2025-07-31T22:09:14.247176Z,2025,7,31,65.265100,23.006800,2.0,0,2.0,1,sea,0,0,0,0,0,0
2025-07-31T22:09:14.279819Z,2025,7,31,65.276900,23.082000,4.0,0,3.6,1,sea,0,0,0,0,0,0
2025-07-31T22:09:14.999574Z,2025,7,31,65.137600,22.767200,8.0,0,17.3,1,sea,0,0,0,0,0,0
2025-07-31T22:09:15.001416Z,2025,7,31,65.141700,22.759400,5.0,0,16.5,1,sea,0,0,0,0,0,0
2025-07-31T22:09:15.002035Z,2025,7,31,65.137100,22.755400,3.0,0,4.1,1,sea,0,0,0,0,0,0
2025-07-31T22:09:33.263916Z,2025,7,31,65.275900,23.074500,10.0,0,18.4,1,sea,0,0,0,0,0,0
2025-07-31T22:10:03.231655Z,2025,7,31,65.273500,23.065800,8.0,0,13.7,1,sea,0,0,0,0,0,0
2025-07-31T22:10:22.983523Z,2025,7,31,65.277800,23.072600,-4.0,0,3.1,1,sea,0,0,0,0,0,0
2025-07-31T22:10:23.015582Z,2025,7,31,65.263200,23.080800,-14.0,0,4.3,1,sea,0,0,0,0,0,0
2025-07-31T22:10:49.378824Z,2025,7,31,65.185500,22.836200,5.0,0,8.1,1,sea,0,0,0,0,0,0
2025-07-31T22:10:49.379414Z,2025,7,31,65.195200,22.848900,3.0,0,2.1,1,sea,0,0,0,0,0,0
2025-07-31T22:10:49.379974Z,2025,7,31,65.186700,22.835400,5.0,0,4.5,1,sea,0,0,0,0,0,0
2025-07-31T22:10:49.380573Z,2025,7,31,65.188200,22.840500,10.0,0,19.1,1,sea,0,0,0,0,0,0
2025-07-31T22:10:49.401872Z,2025,7,31,65.192500,22.831900,6.0,0,6.1,1,sea,0,0,0,0,0,0
2025-07-31T22:10:55.316231Z,2025,7,31,65.269300,23.057900,7.0,0,6.8,1,sea,0,0,0,0,0,0
2025-07-31T22:10:55.316745Z,2025,7,31,65.269500,23.060800,8.0,0,15.6,1,sea,0,0,0,0,0,0
2025-07-31T22:10:55.318587Z,2025,7,31,65.263000,23.040500,8.0,0,15.2,1,sea,0,0,0,0,0,0
2025-07-31T22:10:55.320093Z,2025,7,31,65.271900,23.072700,6.0,0,15.3,1,sea,0,0,0,0,0,0
2025-07-31T22:11:31.139085Z,2025,7,31,65.268200,23.073000,-22.0,0,5.2,1,sea,0,0,0,0,0,0
2025-07-31T22:11:31.190870Z,2025,7,31,65.276600,23.008900,-16.0,0,4.9,1,sea,0,0,0,0,0,0
2025-07-31T22:11:41.729677Z,2025,7,31,65.323000,22.554600,-28.0,0,19.0,1,sea,0,0,0,0,0,0
2025-07-31T22:11:41.774797Z,2025,7,31,65.329000,22.549000,-11.0,0,2.9,1,sea,0,0,0,0,0,0
2025-07-31T22:12:04.624241Z,2025,7,31,65.108700,22.783800,3.0,0,8.3,1,sea,0,0,0,0,0,0
2025-07-31T22:12:04.624680Z,2025,7,31,65.103500,22.792500,7.0,0,6.5,1,sea,0,0,0,0,0,0
2025-07-31T22:12:04.970676Z,2025,7,31,65.103000,22.788400,7.0,0,2.9,1,sea,0,0,0,0,0,0
2025-07-31T22:12:09.793697Z,2025,7,31,65.267300,23.025700,-2.0,0,2.0,1,sea,0,0,0,0,0,0
2025-07-31T22:12:09.810797Z,2025,7,31,65.262100,23.052500,-31.0,0,5.3,1,sea,0,0,0,0,0,0
2025-07-31T22:12:09.821078Z,2025,7,31,65.310800,22.764800,-2.0,0,1.9,1,sea,0,0,0,0,0,0
2025-07-31T22:12:09.868058Z,2025,7,31,65.280700,23.067400,-16.0,0,5.5,1,sea,0,0,0,0,0,0
2025-07-31T22:12:09.908647Z,2025,7,31,65.280700,23.065000,-18.0,0,3.4,1,sea,0,0,0,0,0,0
2025-07-31T22:12:09.998759Z,2025,7,31,65.239900,23.062900,-8.0,0,2.5,1,sea,0,0,0,0,0,0
2025-07-31T22:12:55.683490Z,2025,7,31,65.280300,23.049300,12.0,0,16.1,1,sea,0,0,0,0,0,0
2025-07-31T22:12:55.683911Z,2025,7,31,65.283100,23.045800,6.0,0,0.0,1,sea,0,0,0,0,0,0
2025-07-31T22:13:03.023414Z,2025,7,31,65.097100,22.795200,8.0,0,11.5,1,sea,0,0,0,0,0,0
2025-07-31T22:13:10.721668Z,2025,7,31,65.266000,23.037500,-11.0,0,3.7,1,sea,0,0,0,0,0,0
2025-07-31T22:13:26.067045Z,2025,7,31,65.323500,22.563100,23.0,0,23.6,1,sea,0,0,0,0,0,0
2025-07-31T22:13:26.068223Z,2025,7,31,65.325100,22.564100,7.0,0,6.9,1,sea,0,0,0,0,0,0
2025-07-31T22:13:26.087442Z,2025,7,31,65.325200,22.561200,6.0,0,4.1,1,sea,0,0,0,0,0,0
2025-07-31T22:14:14.464963Z,2025,7,31,65.280700,23.032000,11.0,0,11.8,1,sea,0,0,0,0,0,0
2025-07-31T22:14:24.640496Z,2025,7,31,65.159200,22.624900,3.0,0,1.4,1,sea,0,0,0,0,0,0
2025-07-31T22:14:57.951359Z,2025,7,31,65.229500,22.753100,4.0,0,1.3,1,sea,0,0,0,0,0,0
2025-07-31T22:14:57.952558Z,2025,7,31,65.204700,22.806600,3.0,0,20.4,1,sea,0,0,0,0,0,0
2025-07-31T22:14:58.216732Z,2025,7,31,65.199700,22.825800,3.0,0,2.1,1,sea,0,0,0,0,0,0
2025-07-31T22:15:14.877065Z,2025,7,31,65.285400,23.044300,-12.0,0,15.6,1,sea,0,0,0,0,0,0
2025-07-31T22:15:14.877403Z,2025,7,31,65.278000,23.071300,-13.0,0,9.2,1,sea,0,0,0,0,0,0
2025-07-31T22:15:14.881087Z,2025,7,31,65.284600,23.036500,-46.0,0,7.0,1,sea,0,0,0,0,0,0
2025-07-31T22:15:14.914104Z,2025,7,31,65.263100,23.062700,-9.0,0,3.8,1,sea,0,0,0,0,0,0
2025-07-31T22:15:14.916164Z,2025,7,31,65.291700,23.060100,-6.0,0,1.4,1,sea,0,0,0,0,0,0
2025-07-31T22:15:53.546008Z,2025,7,31,65.229200,22.751200,13.0,0,7.4,1,sea,0,0,0,0,0,0
2025-07-31T22:15:53.546699Z,2025,7,31,65.227200,22.743800,7.0,0,2.4,1,sea,0,0,0,0,0,0
2025-07-31T22:15:53.549261Z,2025,7,31,65.251500,22.735100,5.0,0,7.2,1,sea,0,0,0,0,0,0
2025-07-31T22:16:18.343976Z,2025,7,31,65.318500,22.517000,5.0,0,1.8,1,sea,0,0,0,0,0,0
2025-07-31T22:16:21.862673Z,2025,7,31,65.281300,22.974600,5.0,0,2.3,1,sea,0,0,0,0,0,0
2025-07-31T22:16:21.863245Z,2025,7,31,65.289500,23.005800,27.0,0,18.4,1,sea,0,0,0,0,0,0
2025-07-31T22:16:21.887821Z,2025,7,31,65.293500,22.994600,4.0,0,2.7,1,sea,0,0,0,0,0,0
2025-07-31T22:17:17.296199Z,2025,7,31,65.312700,22.431900,4.0,0,6.2,1,sea,0,0,0,0,0,0
2025-07-31T22:18:06.935934Z,2025,7,31,65.132600,22.831400,3.0,0,30.4,1,sea,0,0,0,0,0,0
2025-07-31T22:18:43.467026Z,2025,7,31,65.113800,22.715600,5.0,0,1.7,1,sea,0,0,0,0,0,0
2025-07-31T22:18:43.515664Z,2025,7,31,65.110000,22.774500,-8.0,0,16.5,1,sea,0,0,0,0,0,0
2025-07-31T22:19:03.392713Z,2025,7,31,65.232800,22.860600,15.0,0,26.0,1,sea,0,0,0,0,0,0
2025-07-31T22:19:03.394335Z,2025,7,31,65.270100,22.744900,10.0,0,6.4,1,sea,0,0,0,0,0,0
2025-07-31T22:19:34.995612Z,2025,7,31,65.319400,22.514600,4.0,0,3.1,1,sea,0,0,0,0,0,0
2025-07-31T22:19:37.961405Z,2025,7,31,65.122000,22.737200,-5.0,0,1.6,1,sea,0,0,0,0,0,0
2025-07-31T22:19:39.147919Z,2025,7,31,65.290800,22.964300,-8.0,0,0.0,1,sea,0,0,0,0,0,0
2025-07-31T22:19:39.148048Z,2025,7,31,65.289900,22.966300,-10.0,0,0.0,1,sea,0,0,0,0,0,0
2025-07-31T22:19:39.148292Z,2025,7,31,65.285500,22.973900,-81.0,0,19.4,1,sea,0,0,0,0,0,0
2025-07-31T22:19:39.148410Z,2025,7,31,65.243200,22.940500,31.0,0,0.0,1,sea,0,0,0,0,0,0
2025-07-31T22:19:39.151043Z,2025,7,31,65.275400,22.983200,-192.0,0,10.8,1,sea,0,0,0,0,0,0
2025-07-31T22:20:09.922326Z,2025,7,31,65.266400,22.717800,9.0,0,30.4,1,sea,0,0,0,0,0,0
2025-07-31T22:20:09.926190Z,2025,7,31,65.256100,22.686200,5.0,0,9.2,1,sea,0,0,0,0,0,0
2025-07-31T22:20:10.175848Z,2025,7,31,65.226400,22.666500,4.0,0,6.9,1,sea,0,0,0,0,0,0
2025-07-31T22:20:39.796439Z,2025,7,31,65.265100,22.722900,7.0,0,3.7,1,sea,0,0,0,0,0,0
2025-07-31T22:20:40.072502Z,2025,7,31,65.264700,22.709800,-4.0,0,2.0,1,sea,0,0,0,0,0,0
2025-07-31T22:20:43.479449Z,2025,7,31,65.283500,22.468600,7.0,0,13.9,1,sea,0,0,0,0,0,0
2025-07-31T22:20:43.726337Z,2025,7,31,65.267200,22.340800,-10.0,0,3.0,1,sea,0,0,0,0,0,0
2025-07-31T22:20:43.727983Z,2025,7,31,65.314100,22.357200,-8.0,0,2.3,1,sea,0,1,1,0,0,0
2025-07-31T22:21:00.613708Z,2025,7,31,65.107500,22.747300,8.0,0,16.5,1,sea,0,0,0,0,0,0
2025-07-31T22:21:00.615186Z,2025,7,31,65.103100,22.717900,7.0,0,22.4,1,sea,0,0,0,0,0,0
2025-07-31T22:21:00.618393Z,2025,7,31,65.096600,22.713100,9.0,0,3.6,1,sea,0,0,0,0,0,0
2025-07-31T22:21:00.618435Z,2025,7,31,65.101200,22.752800,-22.0,0,18.0,1,sea,0,0,0,0,0,0
2025-07-31T22:21:00.788061Z,2025,7,31,65.165100,22.847200,3.0,0,4.6,1,sea,0,0,0,0,0,0
2025-07-31T22:21:01.156576Z,2025,7,31,65.104600,22.723000,7.0,0,4.6,1,sea,0,0,0,0,0,0
2025-07-31T22:21:24.361676Z,2025,7,31,65.267500,22.738700,-6.0,0,7.1,1,sea,0,0,0,0,0,0
2025-07-31T22:21:29.769923Z,2025,7,31,65.313900,22.927800,9.0,0,7.9,1,sea,0,0,0,0,0,0
2025-07-31T22:21:29.770791Z,2025,7,31,65.316700,22.924500,6.0,0,3.9,1,sea,0,0,0,0,0,0
2025-07-31T22:21:29.772104Z,2025,7,31,65.319900,22.931500,7.0,0,5.4,1,sea,0,0,0,0,0,0
2025-07-31T22:21:29.774400Z,2025,7,31,65.318500,22.941200,24.0,0,18.6,1,sea,0,0,0,0,0,0
2025-07-31T22:21:29.776132Z,2025,7,31,65.313300,22.944400,8.0,0,20.3,1,sea,0,0,0,0,0,0
2025-07-31T22:21:29.810513Z,2025,7,31,65.311700,22.933700,4.0,0,4.4,1,sea,0,0,0,0,0,0
2025-07-31T22:21:29.844070Z,2025,7,31,65.349800,22.910300,-27.0,0,3.9,1,sea,0,0,0,0,0,0
2025-07-31T22:22:02.341980Z,2025,7,31,65.270800,22.703300,-19.0,0,5.5,1,sea,0,0,0,0,0,0
2025-07-31T22:22:02.400630Z,2025,7,31,65.235900,22.671300,-11.0,0,3.8,1,sea,0,0,0,0,0,0
2025-07-31T22:22:02.503671Z,2025,7,31,65.300900,22.701700,-10.0,0,3.5,1,sea,0,0,0,0,0,0
2025-07-31T22:22:02.643271Z,2025,7,31,65.305800,22.737500,-6.0,0,2.3,1,sea,0,0,0,0,0,0
2025-07-31T22:22:03.139691Z,2025,7,31,65.180800,22.696600,-15.0,0,7.9,1,sea,0,0,0,0,0,0
2025-07-31T22:22:03.331158Z,2025,7,31,65.180500,22.697000,-22.0,0,4.1,1,sea,0,0,0,0,0,0
2025-07-31T22:22:03.400539Z,2025,7,31,65.179400,22.694900,-5.0,0,1.5,1,sea,0,0,0,0,0,0
2025-07-31T22:22:03.408977Z,2025,7,31,65.112600,22.718300,-3.0,0,2.5,1,sea,0,0,0,0,0,0
2025-07-31T22:22:03.555972Z,2025,7,31,65.180700,22.697900,-17.0,0,6.4,1,sea,0,0,0,0,0,0
2025-07-31T22:22:03.705472Z,2025,7,31,65.180100,22.698000,-13.0,0,3.6,1,sea,0,0,0,0,0,0
2025-07-31T22:22:03.899481Z,2025,7,31,65.180300,22.695900,-8.0,0,1.7,1,sea,0,0,0,0,0,0
2025-07-31T22:22:03.918165Z,2025,7,31,65.180100,22.695600,-7.0,0,1.8,1,sea,0,0,0,0,0,0
2025-07-31T22:22:40.086090Z,2025,7,31,65.314900,22.489200,6.0,0,12.5,1,sea,0,0,0,0,0,0
2025-07-31T22:22:40.086488Z,2025,7,31,65.315700,22.491600,8.0,0,17.7,1,sea,0,0,0,0,0,0
2025-07-31T22:22:40.182645Z,2025,7,31,65.326600,22.484300,-6.0,0,1.9,1,sea,0,0,0,0,0,0
2025-07-31T22:22:58.909143Z,2025,7,31,65.086900,22.590400,16.0,0,11.7,1,sea,0,0,0,0,0,0
2025-07-31T22:22:58.909741Z,2025,7,31,65.182800,22.648700,8.0,0,5.4,1,sea,0,0,0,0,0,0
2025-07-31T22:22:58.911152Z,2025,7,31,65.083300,22.578700,4.0,0,5.9,1,sea,0,0,0,0,0,0
2025-07-31T22:22:58.911758Z,2025,7,31,65.089100,22.605400,8.0,0,4.5,1,sea,0,0,0,0,0,0
2025-07-31T22:22:58.911803Z,2025,7,31,65.083000,22.607000,-12.0,0,13.7,1,sea,0,0,0,0,0,0
2025-07-31T22:22:58.926686Z,2025,7,31,65.086800,22.607000,4.0,0,3.4,1,sea,0,0,0,0,0,0
2025-07-31T22:23:24.614088Z,2025,7,31,65.317100,22.494900,7.0,0,3.8,1,sea,0,0,0,0,0,0
2025-07-31T22:23:46.061834Z,2025,7,31,65.311200,22.497400,6.0,0,8.6,1,sea,0,0,0,0,0,0
2025-07-31T22:23:55.184637Z,2025,7,31,65.087600,22.616300,12.0,0,11.9,1,sea,0,0,0,0,0,0
2025-07-31T22:23:55.186818Z,2025,7,31,65.083800,22.599200,5.0,0,2.5,1,sea,0,0,0,0,0,0
2025-07-31T22:23:55.358632Z,2025,7,31,65.157900,22.613900,4.0,0,1.3,1,sea,0,0,0,0,0,0
2025-07-31T22:24:23.071684Z,2025,7,31,65.286100,22.475800,7.0,0,4.8,1,sea,0,0,0,0,0,0
2025-07-31T22:24:23.071688Z,2025,7,31,65.312600,22.514700,-10.0,0,7.5,1,sea,0,0,0,0,0,0
2025-07-31T22:24:23.072902Z,2025,7,31,65.321600,22.484700,7.0,0,16.2,1,sea,0,0,0,0,0,0
2025-07-31T22:24:51.019500Z,2025,7,31,65.290200,22.456700,-10.0,0,3.8,1,sea,0,0,0,0,0,0
2025-07-31T22:24:51.047757Z,2025,7,31,65.298700,22.495900,-9.0,0,2.5,1,sea,0,0,0,0,0,0
2025-07-31T22:24:51.070209Z,2025,7,31,65.306900,22.499600,-9.0,0,3.0,1,sea,0,0,0,0,0,0
2025-07-31T22:25:13.506175Z,2025,7,31,65.301600,22.913100,10.0,0,10.0,1,sea,0,0,0,0,0,0
2025-07-31T22:25:13.506751Z,2025,7,31,65.299600,22.918100,13.0,0,8.7,1,sea,0,0,0,0,0,0
2025-07-31T22:25:13.508982Z,2025,7,31,65.293700,22.932700,8.0,0,30.4,1,sea,0,0,0,0,0,0
2025-07-31T22:25:13.515108Z,2025,7,31,65.303600,22.921500,4.0,0,5.2,1,sea,0,0,0,0,0,0
2025-07-31T22:25:13.517797Z,2025,7,31,65.299300,22.924300,10.0,0,6.9,1,sea,0,0,0,0,0,0
2025-07-31T22:25:13.542031Z,2025,7,31,65.296100,22.917800,6.0,0,4.9,1,sea,0,0,0,0,0,0
2025-07-31T22:25:13.625836Z,2025,7,31,65.372900,22.862100,-22.0,0,8.0,1,sea,0,0,0,0,0,0
2025-07-31T22:25:26.373634Z,2025,7,31,65.266100,22.614900,12.0,0,21.1,1,sea,0,0,0,0,0,0
2025-07-31T22:25:26.375099Z,2025,7,31,65.261700,22.619600,13.0,0,18.5,1,sea,0,0,0,0,0,0
2025-07-31T22:25:26.376191Z,2025,7,31,65.262100,22.627500,9.0,0,9.3,1,sea,0,0,0,0,0,0
2025-07-31T22:25:26.377066Z,2025,7,31,65.255400,22.612400,6.0,0,18.1,1,sea,0,0,0,0,0,0
2025-07-31T22:25:27.052509Z,2025,7,31,65.178600,22.458000,-58.0,0,13.3,1,sea,0,0,0,0,0,0
2025-07-31T22:25:27.274416Z,2025,7,31,65.178100,22.460100,-50.0,0,6.4,1,sea,0,0,0,0,0,0
2025-07-31T22:25:27.432511Z,2025,7,31,65.177900,22.462400,-9.0,0,2.9,1,sea,0,0,0,0,0,0
2025-07-31T22:25:28.877847Z,2025,7,31,65.322900,22.473600,4.0,0,1.4,1,sea,0,0,0,0,0,0
2025-07-31T22:25:28.878837Z,2025,7,31,65.312400,22.492000,6.0,0,3.6,1,sea,0,0,0,0,0,0
2025-07-31T22:25:28.880825Z,2025,7,31,65.310500,22.507700,6.0,0,13.9,1,sea,0,0,0,0,0,0
2025-07-31T22:25:28.883454Z,2025,7,31,65.307800,22.734500,3.0,0,24.6,1,sea,0,0,0,0,0,0
2025-07-31T22:25:51.562547Z,2025,7,31,65.095600,22.447600,3.0,0,7.6,1,sea,0,0,0,0,0,0
2025-07-31T22:25:58.771353Z,2025,7,31,65.371500,23.066200,7.0,0,0.0,1,sea,0,0,0,0,0,1
2025-07-31T22:25:58.771822Z,2025,7,31,65.356000,23.085200,13.0,0,0.0,1,sea,0,0,0,1,1,1
2025-07-31T22:26:12.865882Z,2025,7,31,65.305400,22.459700,-5.0,0,5.8,1,sea,0,0,0,0,0,0
2025-07-31T22:26:12.888586Z,2025,7,31,65.315900,22.448500,-10.0,0,3.5,1,sea,0,0,0,0,0,0
2025-07-31T22:26:12.935774Z,2025,7,31,65.306700,22.515500,-10.0,0,3.9,1,sea,0,0,0,0,0,0
2025-07-31T22:26:12.936984Z,2025,7,31,65.319200,22.442400,-8.0,0,2.0,1,sea,0,0,0,0,0,0
2025-07-31T22:26:54.752650Z,2025,7,31,65.074000,22.451600,6.0,0,3.5,1,sea,0,0,0,0,1,1
2025-07-31T22:27:16.525124Z,2025,7,31,65.335900,22.422800,7.0,0,4.6,1,sea,0,0,0,0,0,0
2025-07-31T22:27:21.098777Z,2025,7,31,65.268500,22.190100,7.0,0,4.9,1,sea,0,0,0,0,0,0
2025-07-31T22:27:21.099364Z,2025,7,31,65.275400,22.168600,6.0,0,15.0,1,sea,0,0,0,0,0,0
2025-07-31T22:27:23.759805Z,2025,7,31,65.077000,22.444700,10.0,0,6.6,1,sea,0,0,0,1,1,1
2025-07-31T22:27:24.114413Z,2025,7,31,65.075400,22.454700,7.0,0,27.1,1,sea,0,0,0,0,0,1
2025-07-31T22:27:46.285875Z,2025,7,31,65.309500,22.417900,10.0,0,6.9,1,sea,0,0,0,0,0,0
2025-07-31T22:27:48.695504Z,2025,7,31,65.282900,22.760100,6.0,0,14.7,1,sea,0,0,0,0,0,0
2025-07-31T22:27:48.696349Z,2025,7,31,65.291500,22.754800,5.0,0,9.3,1,sea,0,0,0,0,0,0
2025-07-31T22:27:51.552677Z,2025,7,31,65.135400,22.420100,-10.0,0,0.0,1,sea,0,0,0,0,0,0
2025-07-31T22:27:51.552920Z,2025,7,31,65.137400,22.418800,-15.0,0,4.7,1,sea,0,0,0,0,0,0
2025-07-31T22:27:51.566481Z,2025,7,31,65.140300,22.428400,-34.0,0,8.9,1,sea,0,0,0,0,0,0
2025-07-31T22:27:51.583554Z,2025,7,31,65.136800,22.391300,-2.0,0,5.8,1,sea,0,0,0,0,0,0
2025-07-31T22:27:51.621096Z,2025,7,31,65.139000,22.430400,-14.0,0,3.5,1,sea,0,0,0,0,0,0
2025-07-31T22:27:51.621698Z,2025,7,31,65.142200,22.411300,-5.0,0,3.6,1,sea,0,0,0,0,0,0
2025-07-31T22:27:51.649483Z,2025,7,31,65.139300,22.429500,-9.0,0,1.8,1,sea,0,0,0,0,0,0
2025-07-31T22:27:51.667623Z,2025,7,31,65.138800,22.426700,-5.0,0,1.3,1,sea,0,0,0,0,0,0
2025-07-31T22:27:51.903311Z,2025,7,31,65.139200,22.429200,-28.0,0,8.8,1,sea,0,0,0,0,0,0
2025-07-31T22:27:51.933505Z,2025,7,31,65.138200,22.430400,-10.0,0,3.2,1,sea,0,0,0,0,0,0
2025-07-31T22:27:52.399985Z,2025,7,31,65.140100,22.430600,-8.0,0,1.8,1,sea,0,0,0,0,0,0
2025-07-31T22:27:52.528838Z,2025,7,31,65.138200,22.430000,-5.0,0,2.4,1,sea,0,0,0,0,0,0
2025-07-31T22:28:25.684726Z,2025,7,31,65.301200,22.461000,3.0,0,1.2,1,sea,0,0,0,0,0,0
2025-07-31T22:28:25.686428Z,2025,7,31,65.299600,22.401600,11.0,0,5.4,1,sea,0,0,0,0,0,0
2025-07-31T22:28:25.701089Z,2025,7,31,65.309300,22.421400,21.0,0,19.7,1,sea,0,0,0,0,0,0
2025-07-31T22:28:25.706894Z,2025,7,31,65.314700,22.427800,21.0,0,29.1,1,sea,0,0,0,0,0,0
2025-07-31T22:28:25.721320Z,2025,7,31,65.315400,22.434200,7.0,0,21.2,1,sea,0,0,0,0,0,0
2025-07-31T22:28:25.952835Z,2025,7,31,65.398700,22.272100,-11.0,0,2.4,1,sea,0,1,1,0,0,0
2025-07-31T22:28:45.146303Z,2025,7,31,65.077500,22.454700,5.0,0,2.7,1,sea,0,0,0,0,0,1
2025-07-31T22:28:45.147206Z,2025,7,31,65.077200,22.471900,-15.0,0,10.2,1,sea,0,0,0,0,0,0
2025-07-31T22:28:45.554654Z,2025,7,31,65.118200,22.572500,-2.0,0,3.6,1,sea,0,0,0,0,0,0
2025-07-31T22:28:45.619859Z,2025,7,31,65.085300,22.709200,-10.0,0,3.2,1,sea,0,0,0,0,0,0
2025-07-31T22:28:50.247727Z,2025,7,31,65.310300,22.433200,5.0,0,1.2,1,sea,0,0,0,0,0,0
2025-07-31T22:29:12.054597Z,2025,7,31,65.374800,22.933300,8.0,0,23.8,1,sea,0,0,0,0,0,0
2025-07-31T22:29:12.057384Z,2025,7,31,65.383500,22.959600,6.0,0,3.0,1,sea,0,0,0,0,0,0
2025-07-31T22:29:18.127916Z,2025,7,31,65.310800,22.409400,-7.0,0,14.4,1,sea,0,0,0,0,0,0
2025-07-31T22:29:18.141582Z,2025,7,31,65.301300,22.447600,-5.0,0,2.0,1,sea,0,0,0,0,0,0
2025-07-31T22:29:38.804607Z,2025,7,31,65.152600,22.438000,-16.0,0,7.8,1,sea,0,0,0,0,0,0
2025-07-31T22:29:38.831776Z,2025,7,31,65.151700,22.436200,-14.0,0,3.6,1,sea,0,0,0,0,0,0
2025-07-31T22:29:38.880100Z,2025,7,31,65.181300,22.417400,-13.0,0,6.2,1,sea,0,0,0,0,0,0
2025-07-31T22:29:38.882652Z,2025,7,31,65.126700,22.430700,-5.0,0,1.5,1,sea,0,0,0,0,0,0
2025-07-31T22:29:38.933620Z,2025,7,31,65.151900,22.436600,-26.0,0,5.3,1,sea,0,0,0,0,0,0
2025-07-31T22:29:38.976441Z,2025,7,31,65.164500,22.404900,-8.0,0,3.5,1,sea,0,0,0,0,0,0
2025-07-31T22:29:39.398764Z,2025,7,31,65.245500,22.360200,-12.0,0,4.9,1,sea,0,0,0,0,0,0
2025-07-31T22:29:39.522827Z,2025,7,31,65.208600,22.535000,16.0,0,7.3,1,sea,0,0,0,0,0,0
2025-07-31T22:29:39.523804Z,2025,7,31,65.203000,22.523700,9.0,0,25.7,1,sea,0,0,0,0,0,0
2025-07-31T22:29:39.526877Z,2025,7,31,65.238300,22.631700,3.0,0,11.4,1,sea,0,0,0,0,0,0
2025-07-31T22:29:39.528294Z,2025,7,31,65.244100,22.542900,12.0,0,16.9,1,sea,0,0,0,0,0,0
2025-07-31T22:29:39.600612Z,2025,7,31,65.090500,22.556400,4.0,0,6.4,1,sea,0,0,0,0,0,0
2025-07-31T22:29:47.990847Z,2025,7,31,65.289000,22.726500,11.0,0,10.7,1,sea,0,0,0,0,0,0
2025-07-31T22:29:47.991597Z,2025,7,31,65.287700,22.723000,6.0,0,0.0,1,sea,0,0,0,0,0,0
2025-07-31T22:29:47.991690Z,2025,7,31,65.288800,22.725200,15.0,0,12.6,1,sea,0,0,0,0,0,0
2025-07-31T22:30:37.362208Z,2025,7,31,65.337700,22.556300,-20.0,0,6.4,1,sea,0,0,0,0,0,0
2025-07-31T22:30:37.364148Z,2025,7,31,65.380200,22.499200,-6.0,0,2.0,1,sea,0,0,1,0,0,0
2025-07-31T22:30:41.839138Z,2025,7,31,65.114300,22.453400,8.0,0,5.6,1,sea,0,0,0,0,0,0
2025-07-31T22:30:41.840013Z,2025,7,31,65.112700,22.478000,7.0,0,7.7,1,sea,0,0,0,0,0,0
2025-07-31T22:30:41.840484Z,2025,7,31,65.114900,22.481700,4.0,0,7.7,1,sea,0,0,0,0,0,0
2025-07-31T22:30:41.841079Z,2025,7,31,65.120400,22.451000,6.0,0,4.9,1,sea,0,0,0,0,0,0
2025-07-31T22:31:04.555919Z,2025,7,31,65.323400,22.457000,7.0,0,6.8,1,sea,0,0,0,0,0,0
2025-07-31T22:31:04.791440Z,2025,7,31,65.300200,22.399400,-5.0,0,4.3,1,sea,0,0,0,0,0,0
2025-07-31T22:31:05.017766Z,2025,7,31,65.268900,22.153800,12.0,0,20.7,1,sea,0,0,0,0,0,0
2025-07-31T22:31:25.325477Z,2025,7,31,65.372500,22.849500,-4.0,0,3.7,1,sea,0,0,0,0,0,0
2025-07-31T22:31:25.488977Z,2025,7,31,65.381900,22.889700,-5.0,0,2.1,1,sea,0,0,0,0,0,0
2025-07-31T22:31:25.504835Z,2025,7,31,65.383100,22.888900,-8.0,0,1.2,1,sea,0,0,0,0,0,0
2025-07-31T22:31:34.402451Z,2025,7,31,65.298100,22.411900,7.0,0,7.6,1,sea,0,0,0,0,0,0
2025-07-31T22:31:34.941823Z,2025,7,31,65.339400,22.191500,-12.0,0,3.7,1,sea,0,0,0,0,0,0
2025-07-31T22:31:35.344951Z,2025,7,31,65.339600,22.190000,-18.0,0,3.8,1,sea,0,0,0,0,0,0
2025-07-31T22:31:35.501109Z,2025,7,31,65.118400,22.541500,5.0,0,6.3,1,sea,0,0,0,0,0,0
2025-07-31T22:31:35.501711Z,2025,7,31,65.123800,22.530900,7.0,0,7.6,1,sea,0,0,0,0,0,0
2025-07-31T22:31:35.521389Z,2025,7,31,65.085500,22.532400,5.0,0,13.1,1,sea,0,0,0,0,0,0
2025-07-31T22:31:35.737005Z,2025,7,31,65.092100,22.444800,-5.0,0,5.2,1,sea,0,0,0,0,0,0
2025-07-31T22:31:41.049690Z,2025,7,31,65.115800,22.511900,3.0,0,3.1,1,sea,0,0,0,0,0,0
2025-07-31T22:32:09.990916Z,2025,7,31,65.294800,22.696600,11.0,0,21.8,1,sea,0,0,0,0,0,0
2025-07-31T22:32:09.992180Z,2025,7,31,65.298500,22.698700,7.0,0,2.8,1,sea,0,0,0,0,0,0
2025-07-31T22:32:09.994123Z,2025,7,31,65.291900,22.709000,8.0,0,15.4,1,sea,0,0,0,0,0,0
2025-07-31T22:32:44.119248Z,2025,7,31,65.382900,22.872100,-8.0,0,2.7,1,sea,0,0,0,0,0,0
2025-07-31T22:32:44.143068Z,2025,7,31,65.386700,22.863200,-9.0,0,3.5,1,sea,0,0,0,0,0,0
2025-07-31T22:32:57.097975Z,2025,7,31,65.178000,22.371800,3.0,0,6.0,1,sea,0,0,0,0,0,0
2025-07-31T22:32:57.581241Z,2025,7,31,65.172700,22.391000,-7.0,0,2.3,1,sea,0,0,0,0,0,0
2025-07-31T22:33:44.245293Z,2025,7,31,65.326000,22.481800,7.0,0,2.0,1,sea,0,0,0,0,0,0
2025-07-31T22:34:14.311784Z,2025,7,31,65.319300,22.399300,-10.0,0,0.0,1,sea,0,0,1,0,0,0
2025-07-31T22:34:14.311865Z,2025,7,31,65.318400,22.401400,-13.0,0,0.0,1,sea,0,0,1,0,0,0
2025-07-31T22:34:14.311925Z,2025,7,31,65.317000,22.403500,-18.0,0,8.1,1,sea,0,0,0,0,0,0
2025-07-31T22:34:14.312035Z,2025,7,31,65.320500,22.409100,-10.0,0,0.0,1,sea,0,0,0,0,0,0
2025-07-31T22:34:14.321584Z,2025,7,31,65.314700,22.417700,-20.0,0,5.2,1,sea,0,0,0,0,0,0
2025-07-31T22:34:14.330688Z,2025,7,31,65.312500,22.386300,-10.0,0,4.1,1,sea,0,1,1,0,0,0
2025-07-31T22:34:14.661484Z,2025,7,31,65.313400,22.386000,-18.0,0,7.3,1,sea,0,1,1,0,0,0
2025-07-31T22:34:14.695292Z,2025,7,31,65.312300,22.386700,-4.0,0,1.3,1,sea,0,1,1,0,0,0
2025-07-31T22:34:14.822716Z,2025,7,31,65.312500,22.384900,-7.0,0,1.5,1,sea,1,1,1,0,0,0
2025-07-31T22:34:14.994598Z,2025,7,31,65.313400,22.385000,-26.0,0,11.6,1,sea,1,1,1,0,0,0
2025-07-31T22:34:24.788703Z,2025,7,31,65.410400,22.706000,-7.0,0,0.0,1,sea,0,0,0,0,0,0
2025-07-31T22:34:24.789039Z,2025,7,31,65.388600,22.853500,-14.0,0,8.8,1,sea,0,0,0,0,0,0
2025-07-31T22:34:24.789541Z,2025,7,31,65.406800,22.696000,-9.0,0,0.0,1,sea,0,0,0,0,0,0
2025-07-31T22:34:24.789600Z,2025,7,31,65.578700,22.577800,-9.0,0,3.5,1,sea,1,1,1,0,0,0
2025-07-31T22:34:24.804613Z,2025,7,31,65.378400,22.882100,-19.0,0,6.8,1,sea,0,0,0,0,0,0
2025-07-31T22:34:47.608287Z,2025,7,31,65.300300,22.380800,8.0,0,10.4,1,sea,0,0,1,0,0,0
2025-07-31T22:34:47.609197Z,2025,7,31,65.300400,22.375000,10.0,0,23.4,1,sea,0,0,1,0,0,0
2025-07-31T22:34:47.784272Z,2025,7,31,65.249400,22.451100,4.0,0,4.4,1,sea,0,0,0,0,0,0
2025-07-31T22:34:48.147147Z,2025,7,31,65.287000,22.433000,-6.0,0,1.4,1,sea,0,0,0,0,0,0
2025-07-31T22:34:59.193338Z,2025,7,31,65.303800,22.698200,9.0,0,29.9,1,sea,0,0,0,0,0,0
2025-07-31T22:34:59.193340Z,2025,7,31,65.303100,22.671600,9.0,0,16.8,1,sea,0,0,0,0,0,0
2025-07-31T22:34:59.194655Z,2025,7,31,65.241200,22.436100,7.0,0,27.1,1,sea,0,0,0,0,0,0
2025-07-31T22:34:59.194681Z,2025,7,31,65.301300,22.652600,6.0,0,10.3,1,sea,0,0,0,0,0,0
2025-07-31T22:34:59.196987Z,2025,7,31,65.278900,22.670200,5.0,0,14.7,1,sea,0,0,0,0,0,0
2025-07-31T22:35:18.111310Z,2025,7,31,65.380800,22.831200,-7.0,0,3.7,1,sea,0,0,0,0,0,0
2025-07-31T22:35:18.148813Z,2025,7,31,65.379900,22.830300,-7.0,0,1.9,1,sea,0,0,0,0,0,0
2025-07-31T22:35:21.457071Z,2025,7,31,65.307000,22.381300,5.0,0,4.2,1,sea,1,1,1,0,0,0
2025-07-31T22:35:44.254645Z,2025,7,31,65.420900,22.565900,-8.0,0,1.5,1,sea,0,0,0,0,0,0
2025-07-31T22:35:48.335584Z,2025,7,31,65.087700,22.455300,-6.0,0,29.7,1,sea,0,0,0,0,0,0
2025-07-31T22:36:07.532431Z,2025,7,31,65.390800,22.811800,-10.0,0,3.9,1,sea,0,0,0,0,0,0
2025-07-31T22:36:07.567259Z,2025,7,31,65.388400,22.808400,-9.0,0,2.3,1,sea,0,0,0,0,0,0
2025-07-31T22:36:07.598517Z,2025,7,31,65.370400,22.863900,-4.0,0,8.6,1,sea,0,0,0,0,0,0
2025-07-31T22:36:07.702580Z,2025,7,31,65.391200,22.834800,-9.0,0,3.2,1,sea,0,0,0,0,0,0
2025-07-31T22:36:45.278096Z,2025,7,31,65.285800,22.417100,5.0,0,9.3,1,sea,0,0,0,0,0,0
2025-07-31T22:36:45.278897Z,2025,7,31,65.315800,22.394700,11.0,0,5.0,1,sea,0,0,1,0,0,0
2025-07-31T22:36:45.280319Z,2025,7,31,65.289900,22.452400,10.0,0,22.8,1,sea,0,0,0,0,0,0
2025-07-31T22:36:45.296798Z,2025,7,31,65.311900,22.405500,5.0,0,2.7,1,sea,0,0,0,0,0,0
2025-07-31T22:36:45.307113Z,2025,7,31,65.323500,22.390700,4.0,0,2.4,1,sea,0,0,1,0,0,0
2025-07-31T22:37:06.589299Z,2025,7,31,65.367300,22.475500,5.0,0,15.9,1,sea,0,1,1,0,0,0
2025-07-31T22:37:06.590074Z,2025,7,31,65.304900,22.926600,7.0,0,4.9,1,sea,0,0,0,0,0,0
2025-07-31T22:37:06.590946Z,2025,7,31,65.359800,22.497100,4.0,0,2.3,1,sea,0,0,1,0,0,0
2025-07-31T22:37:30.834033Z,2025,7,31,65.311900,22.623500,12.0,0,12.9,1,sea,0,0,0,0,0,0
2025-07-31T22:37:30.834607Z,2025,7,31,65.293700,22.786800,9.0,0,27.1,1,sea,0,0,0,0,0,0
2025-07-31T22:37:30.835647Z,2025,7,31,65.309000,22.620900,6.0,0,1.5,1,sea,0,0,0,0,0,0
2025-07-31T22:37:30.837702Z,2025,7,31,65.328900,22.636900,21.0,0,18.6,1,sea,0,0,0,0,0,0
2025-07-31T22:37:38.961480Z,2025,7,31,65.118900,22.495900,4.0,0,9.1,1,sea,0,0,0,0,0,0
2025-07-31T22:37:45.548597Z,2025,7,31,65.338000,22.385600,7.0,0,2.0,1,sea,0,0,0,0,0,0
2025-07-31T22:38:42.932388Z,2025,7,31,65.373600,22.475400,-12.0,0,4.6,1,sea,1,1,1,0,0,0
2025-07-31T22:38:42.940739Z,2025,7,31,65.370900,22.455600,-72.0,0,19.3,1,sea,0,0,1,0,0,0
2025-07-31T22:38:42.956838Z,2025,7,31,65.356700,22.486500,-4.0,0,5.4,1,sea,0,1,1,0,0,0
2025-07-31T22:38:42.969886Z,2025,7,31,65.145200,22.843300,3.0,0,2.2,1,sea,0,0,0,0,0,0
2025-07-31T22:38:42.983005Z,2025,7,31,65.382300,22.483000,-14.0,0,4.3,1,sea,1,1,1,0,0,0
2025-07-31T22:38:43.083178Z,2025,7,31,65.382000,22.484000,-31.0,0,8.2,1,sea,1,1,1,0,0,0
2025-07-31T22:38:43.148956Z,2025,7,31,65.382100,22.479300,-28.0,0,17.6,1,sea,1,1,1,0,0,0
2025-07-31T22:38:43.160388Z,2025,7,31,65.381300,22.480300,-14.0,0,7.7,1,sea,1,1,1,0,0,0
2025-07-31T22:38:43.189850Z,2025,7,31,65.344800,22.766700,-3.0,0,8.8,1,sea,0,0,0,0,0,0
2025-07-31T22:39:00.729909Z,2025,7,31,65.385200,22.795600,-11.0,0,3.1,1,sea,0,0,0,0,0,0
2025-07-31T22:39:00.767824Z,2025,7,31,65.395100,22.845100,7.0,0,3.7,1,sea,0,0,0,0,0,0
2025-07-31T22:39:00.777220Z,2025,7,31,65.394600,22.793900,6.0,0,3.1,1,sea,0,0,0,0,0,0
2025-07-31T22:39:16.389633Z,2025,7,31,65.362900,22.480600,8.0,0,5.2,1,islands,1,1,1,0,0,0
2025-07-31T22:39:16.390883Z,2025,7,31,65.323400,22.560900,6.0,0,17.4,1,sea,0,0,0,0,0,0
2025-07-31T22:39:16.392302Z,2025,7,31,65.359400,22.472500,5.0,0,2.7,1,islands,1,1,1,0,0,0
2025-07-31T22:39:16.393072Z,2025,7,31,65.367800,22.466500,7.0,0,15.5,1,sea,0,0,1,0,0,0
2025-07-31T22:40:04.521799Z,2025,7,31,65.356800,22.440900,7.0,0,3.9,1,sea,1,1,1,0,0,0
2025-07-31T22:40:04.523146Z,2025,7,31,65.363500,22.423900,6.0,0,5.0,1,islands,0,1,1,0,0,0
2025-07-31T22:40:52.645416Z,2025,7,31,65.333100,22.215300,5.0,0,13.2,1,sea,0,0,0,0,0,0
2025-07-31T22:40:52.735342Z,2025,7,31,65.300100,22.314200,4.0,0,11.9,1,sea,0,0,0,0,0,0
2025-07-31T22:41:07.921645Z,2025,7,31,65.327700,22.612700,5.0,0,6.2,1,sea,0,0,0,0,0,0
2025-07-31T22:41:07.923620Z,2025,7,31,65.325600,22.621100,21.0,0,21.5,1,sea,0,0,0,0,0,0
2025-07-31T22:41:07.986908Z,2025,7,31,65.324000,22.574100,6.0,0,26.2,1,sea,0,0,0,0,0,0
2025-07-31T22:41:08.018996Z,2025,7,31,65.271500,22.698200,4.0,0,4.3,1,sea,0,0,0,0,0,0
2025-07-31T22:41:08.614441Z,2025,7,31,65.320200,22.325200,-3.0,0,1.9,1,sea,0,0,0,0,0,0
2025-07-31T22:41:39.826199Z,2025,7,31,65.381700,22.428600,-6.0,0,0.0,1,sea,0,0,1,0,0,0
2025-07-31T22:41:39.826469Z,2025,7,31,65.381900,22.416400,-8.0,0,0.0,1,sea,0,0,1,0,0,0
2025-07-31T22:41:39.827038Z,2025,7,31,65.379500,22.429600,-8.0,0,0.0,1,sea,0,1,1,0,0,0
2025-07-31T22:41:39.848012Z,2025,7,31,65.370500,22.452800,-7.0,0,2.4,1,sea,0,0,1,0,0,0
2025-07-31T22:41:58.140500Z,2025,7,31,65.414700,22.608000,13.0,0,10.7,1,sea,0,0,0,0,0,0
2025-07-31T22:41:58.141854Z,2025,7,31,65.422100,22.603400,20.0,0,25.7,1,sea,0,0,0,0,0,0
2025-07-31T22:41:58.143750Z,2025,7,31,65.443600,22.594000,4.0,0,11.0,1,sea,0,1,1,0,0,0
2025-07-31T22:41:58.144993Z,2025,7,31,65.418500,22.590200,5.0,0,4.9,1,sea,0,0,0,0,0,0
2025-07-31T22:42:22.794435Z,2025,7,31,65.386900,22.227500,3.0,0,16.7,1,sea,0,0,1,0,0,0
2025-07-31T22:43:03.092231Z,2025,7,31,65.143400,22.403400,-4.0,0,6.4,1,sea,0,0,0,0,0,0
2025-07-31T22:43:03.501694Z,2025,7,31,65.190000,22.420100,8.0,0,14.2,1,sea,0,0,0,0,0,0
2025-07-31T22:43:03.508787Z,2025,7,31,65.177100,22.466600,4.0,0,3.7,1,sea,0,0,0,0,0,0
2025-07-31T22:43:03.547971Z,2025,7,31,65.179500,22.374100,15.0,0,5.3,1,sea,0,0,0,0,0,0
2025-07-31T22:43:03.838070Z,2025,7,31,65.179200,22.374900,-20.0,0,3.5,1,sea,0,0,0,0,0,0
2025-07-31T22:43:03.899480Z,2025,7,31,65.181100,22.374000,-8.0,0,2.0,1,sea,0,0,0,0,0,0
2025-07-31T22:43:03.997149Z,2025,7,31,65.177900,22.373600,-5.0,0,2.1,1,sea,0,0,0,0,0,0
2025-07-31T22:43:36.558534Z,2025,7,31,65.333900,22.577700,14.0,0,17.3,1,sea,0,0,0,0,0,0
2025-07-31T22:43:36.815815Z,2025,7,31,65.337300,22.618400,5.0,0,6.0,1,sea,0,0,0,0,0,0
2025-07-31T22:43:36.822285Z,2025,7,31,65.336500,22.580800,9.0,0,4.2,1,sea,0,0,0,0,0,0
2025-07-31T22:44:06.214200Z,2025,7,31,65.400900,22.804400,8.0,0,16.2,1,sea,0,0,0,0,0,0
2025-07-31T22:44:36.355481Z,2025,7,31,65.291000,22.214300,6.0,0,9.7,1,sea,0,0,0,0,0,0
2025-07-31T22:45:16.440951Z,2025,7,31,65.394000,22.731300,-6.0,0,4.4,1,sea,0,0,0,0,0,0
2025-07-31T22:45:59.411668Z,2025,7,31,65.328900,22.248200,17.0,0,24.3,1,sea,0,0,0,0,0,0
2025-07-31T22:45:59.415192Z,2025,7,31,65.325700,22.285700,5.0,0,3.9,1,sea,0,0,0,0,0,0
2025-07-31T22:45:59.922872Z,2025,7,31,65.380500,22.409100,-83.0,0,6.2,1,sea,0,1,1,0,0,0
2025-07-31T22:45:59.971762Z,2025,7,31,65.380600,22.407500,-31.0,0,11.8,1,sea,1,1,1,0,0,0
2025-07-31T22:45:59.974820Z,2025,7,31,65.265600,22.486100,-2.0,0,2.6,1,sea,0,0,0,0,0,0
2025-07-31T22:46:00.015406Z,2025,7,31,65.376100,22.409000,-13.0,0,3.1,1,islands,1,1,1,0,0,0
2025-07-31T22:46:36.151691Z,2025,7,31,65.257000,22.242500,3.0,0,7.9,1,sea,0,0,0,0,0,0
2025-07-31T22:46:36.565779Z,2025,7,31,65.263400,22.245600,4.0,0,3.7,1,sea,0,0,0,0,0,0
2025-07-31T22:46:36.569324Z,2025,7,31,65.252300,22.240000,-5.0,0,5.8,1,sea,0,0,0,0,0,0
2025-07-31T22:46:36.825858Z,2025,7,31,65.403600,22.357600,3.0,0,1.5,1,sea,0,0,1,0,0,0
2025-07-31T22:47:03.892929Z,2025,7,31,65.337000,22.525200,-6.0,0,1.8,1,sea,0,0,0,0,0,0
2025-07-31T22:47:03.921411Z,2025,7,31,65.322200,22.579900,-35.0,0,6.6,1,sea,0,0,0,0,0,0
2025-07-31T22:47:03.962933Z,2025,7,31,65.338500,22.528500,-21.0,0,5.5,1,sea,0,0,0,0,0,0
2025-07-31T22:47:03.986767Z,2025,7,31,65.337800,22.531500,-19.0,0,2.1,1,sea,0,0,0,0,0,0
2025-07-31T22:47:04.010958Z,2025,7,31,65.338500,22.532500,-10.0,0,6.3,1,sea,0,0,0,0,0,0
2025-07-31T22:47:35.429124Z,2025,7,31,65.321600,22.163200,5.0,0,2.3,1,sea,0,0,0,0,0,0
2025-07-31T22:47:35.733245Z,2025,7,31,65.322700,22.165600,7.0,0,3.3,1,sea,0,0,0,0,0,0
2025-07-31T22:48:08.025346Z,2025,7,31,65.332700,22.492200,-9.0,0,2.1,1,sea,0,0,0,0,0,0
2025-07-31T22:48:08.092254Z,2025,7,31,65.332300,22.492000,-6.0,0,14.5,1,sea,0,0,0,0,0,0
2025-07-31T22:48:32.269480Z,2025,7,31,65.426100,22.638700,3.0,0,8.8,1,sea,0,0,0,0,0,0
2025-07-31T22:49:47.856087Z,2025,7,31,65.403700,22.600900,22.0,0,10.5,1,sea,0,0,0,0,0,0
2025-07-31T22:49:47.857175Z,2025,7,31,65.401500,22.589700,7.0,0,11.6,1,sea,0,0,0,0,0,0
2025-07-31T22:49:58.696336Z,2025,7,31,65.302700,22.206200,-4.0,0,2.6,1,sea,0,0,0,0,0,0
2025-07-31T22:50:41.706202Z,2025,7,31,65.402400,22.543500,17.0,0,15.5,1,sea,0,1,1,0,0,0
2025-07-31T22:50:41.707211Z,2025,7,31,65.365200,22.579900,9.0,0,7.6,1,sea,0,0,0,0,0,0
2025-07-31T22:51:15.686081Z,2025,7,31,65.420800,22.174600,3.0,0,15.3,1,sea,0,0,1,0,0,0
2025-07-31T22:51:31.971264Z,2025,7,31,65.341100,22.476700,-13.0,0,4.9,1,sea,0,0,0,0,0,0
2025-07-31T22:51:31.971419Z,2025,7,31,65.343400,22.465400,-6.0,0,4.2,1,sea,0,0,0,0,0,0
2025-07-31T22:51:32.019304Z,2025,7,31,65.352000,22.496900,-10.0,0,2.7,1,sea,0,0,0,0,0,0
2025-07-31T22:51:32.066921Z,2025,7,31,65.349100,22.528100,-8.0,0,3.1,1,sea,0,0,0,0,0,0
2025-07-31T22:52:03.287483Z,2025,7,31,65.307600,22.136200,19.0,0,18.4,1,sea,0,0,0,0,0,0
2025-07-31T22:52:30.686000Z,2025,7,31,65.418400,22.193500,-9.0,0,18.9,1,sea,0,0,1,0,0,0
2025-07-31T22:52:30.698589Z,2025,7,31,65.423000,22.173900,-15.0,0,3.9,1,sea,0,0,1,0,0,0
2025-07-31T22:52:30.703410Z,2025,7,31,65.415000,22.162000,-10.0,0,4.5,1,sea,0,0,0,0,0,0
2025-07-31T22:52:30.712623Z,2025,7,31,65.417400,22.204900,-11.0,0,2.6,1,sea,0,0,1,0,0,0
2025-07-31T22:52:31.015466Z,2025,7,31,65.416900,22.202400,-18.0,0,4.3,1,sea,0,0,1,0,0,0
2025-07-31T22:52:31.043894Z,2025,7,31,65.416100,22.202200,-9.0,0,1.5,1,sea,0,0,1,0,0,0
2025-07-31T22:52:31.232093Z,2025,7,31,65.417400,22.201300,-9.0,0,1.5,1,sea,0,0,1,0,0,0
2025-07-31T22:52:31.370038Z,2025,7,31,65.416000,22.203000,-9.0,0,1.4,1,sea,0,0,1,0,0,0
2025-07-31T22:52:45.473861Z,2025,7,31,65.416500,22.564800,5.0,0,2.3,1,sea,0,0,0,0,0,0
2025-07-31T22:53:11.352215Z,2025,7,31,65.373900,22.072100,-16.0,0,12.2,1,sea,0,0,0,0,0,0
2025-07-31T22:53:12.065623Z,2025,7,31,65.234700,22.186900,-38.0,0,6.5,1,sea,0,0,0,0,0,1
2025-07-31T22:53:12.093186Z,2025,7,31,65.233500,22.184700,-6.0,0,1.5,1,sea,0,0,0,0,0,1
2025-07-31T22:53:12.142009Z,2025,7,31,65.234400,22.188500,-10.0,0,1.9,1,sea,0,0,0,0,0,1
2025-07-31T22:53:12.294543Z,2025,7,31,65.234400,22.186600,-17.0,0,3.0,1,sea,0,0,0,0,0,1
2025-07-31T22:53:12.351909Z,2025,7,31,65.233500,22.185300,-5.0,0,1.4,1,sea,0,0,0,0,0,1
2025-07-31T22:53:59.945127Z,2025,7,31,65.409400,22.154000,15.0,0,13.1,1,sea,0,0,1,0,0,0
2025-07-31T22:53:59.945456Z,2025,7,31,65.409500,22.153800,11.0,0,5.7,1,sea,0,0,1,0,0,0
2025-07-31T22:53:59.945478Z,2025,7,31,65.408700,22.173500,11.0,0,0.0,1,sea,0,0,0,0,0,0
2025-07-31T22:53:59.946709Z,2025,7,31,65.414000,22.139100,6.0,0,10.3,1,sea,0,0,1,0,0,0
2025-07-31T22:55:30.944805Z,2025,7,31,65.324200,22.045600,8.0,0,3.1,1,sea,0,0,0,0,0,0
2025-07-31T22:55:30.946212Z,2025,7,31,65.325200,22.040100,8.0,0,6.5,1,sea,0,0,0,0,0,0
2025-07-31T22:55:30.981036Z,2025,7,31,65.325900,22.054600,5.0,0,10.8,1,sea,0,0,0,0,0,0
2025-07-31T22:55:31.210933Z,2025,7,31,65.320100,22.058400,5.0,0,2.9,1,sea,0,0,0,0,0,0
2025-07-31T22:55:55.143828Z,2025,7,31,65.443800,22.519900,33.0,0,14.1,1,sea,0,0,0,0,0,0
2025-07-31T22:55:55.143968Z,2025,7,31,65.399000,22.457700,-10.0,0,0.0,1,sea,0,0,1,0,0,0
2025-07-31T22:55:55.144366Z,2025,7,31,65.444600,22.508400,8.0,0,13.4,1,sea,0,0,0,0,0,0
2025-07-31T22:55:55.146521Z,2025,7,31,65.409900,22.570700,5.0,0,11.2,1,sea,0,0,0,0,0,0
2025-07-31T22:55:55.146941Z,2025,7,31,65.445600,22.494000,9.0,0,5.0,1,sea,0,0,0,0,0,0
2025-07-31T22:57:52.629847Z,2025,7,31,65.320100,22.049300,12.0,0,0.0,1,sea,0,0,0,0,0,0
2025-07-31T22:57:52.630038Z,2025,7,31,65.317500,22.043200,23.0,0,13.0,1,sea,0,0,0,0,0,1
2025-07-31T22:57:52.631627Z,2025,7,31,65.318200,22.023900,10.0,0,9.6,1,sea,0,0,0,0,1,1
2025-07-31T22:57:52.633251Z,2025,7,31,65.323200,22.015300,5.0,0,5.1,1,sea,0,0,0,0,1,1
2025-07-31T22:57:52.659070Z,2025,7,31,65.311600,22.049600,5.0,0,6.6,1,sea,0,0,0,0,0,1
2025-07-31T23:00:05.779972Z,2025,7,31,65.329200,22.012900,-15.0,0,12.9,1,sea,0,0,0,0,0,1
2025-07-31T23:00:05.805871Z,2025,7,31,65.327900,22.004100,-17.0,0,4.5,1,sea,0,0,0,1,1,1
2025-07-31T23:00:11.778159Z,2025,7,31,65.514300,22.317200,10.0,0,11.0,1,islands,0,1,1,0,0,0
2025-07-31T23:01:39.194458Z,2025,7,31,65.522400,22.292100,7.0,0,5.2,1,islands,1,1,1,0,0,0
2025-07-31T23:01:54.457423Z,2025,7,31,65.398700,22.359600,8.0,0,5.5,1,sea,0,1,1,0,0,0
2025-07-31T23:01:54.458295Z,2025,7,31,65.408600,22.431400,-10.0,0,18.7,1,sea,0,0,1,0,0,0
2025-07-31T23:01:54.459444Z,2025,7,31,65.392300,22.347200,4.0,0,2.6,1,sea,0,0,1,0,0,0
2025-07-31T23:03:19.535565Z,2025,7,31,65.329300,22.044300,7.0,0,0.0,1,sea,0,0,0,0,0,0
2025-07-31T23:03:19.535724Z,2025,7,31,65.329100,22.037000,12.0,0,0.0,1,sea,0,0,0,0,0,0
2025-07-31T23:04:53.891968Z,2025,7,31,65.449000,22.021800,3.0,0,2.7,1,sea,0,0,1,0,0,0
2025-07-31T23:04:54.262923Z,2025,7,31,65.466700,21.814200,-9.0,0,5.9,1,mainland,0,0,0,0,0,1
2025-07-31T23:06:10.938564Z,2025,7,31,65.448400,21.882500,6.0,0,7.0,1,mainland,0,0,0,0,0,0
2025-07-31T23:06:38.265433Z,2025,7,31,65.474600,22.393100,7.0,0,6.4,1,sea,0,0,0,0,0,0
2025-07-31T23:06:38.266967Z,2025,7,31,65.472000,22.384700,9.0,0,3.6,1,sea,0,0,1,0,0,0
2025-07-31T23:06:38.268654Z,2025,7,31,65.462000,22.401500,9.0,0,11.9,1,sea,0,1,1,0,0,0
2025-07-31T23:08:12.360416Z,2025,7,31,65.438700,21.856500,12.0,0,12.4,1,mainland,0,0,0,1,1,1
2025-07-31T23:08:12.361719Z,2025,7,31,65.456100,22.010700,3.0,0,2.0,1,mainland,1,1,1,0,0,0
2025-07-31T23:08:12.373051Z,2025,7,31,65.443000,21.850100,7.0,0,3.2,1,mainland,0,0,0,1,1,1
2025-07-31T23:10:37.136027Z,2025,7,31,65.467100,22.315600,10.0,0,0.0,1,sea,0,1,1,0,0,0
2025-07-31T23:10:37.136305Z,2025,7,31,65.481000,22.295600,19.0,0,25.4,1,sea,1,1,1,0,0,0
2025-07-31T23:10:37.136885Z,2025,7,31,65.478900,22.282800,12.0,0,28.5,1,islands,1,1,1,0,0,0
2025-07-31T23:10:37.592626Z,2025,7,31,65.464500,22.095100,6.0,0,10.5,1,sea,0,0,0,0,0,0
2025-07-31T23:10:37.808872Z,2025,7,31,65.438100,22.088700,-6.0,0,1.3,1,sea,0,0,0,0,0,0
2025-07-31T23:18:34.126969Z,2025,7,31,65.465500,22.015500,7.0,0,5.5,1,mainland,0,1,1,0,0,0
2025-07-31T23:18:34.143651Z,2025,7,31,65.476500,22.017300,7.0,0,3.1,1,sea,0,1,1,0,0,0
2025-07-31T23:18:34.762093Z,2025,7,31,65.490500,22.136500,4.0,0,1.9,1,sea,0,1,1,0,0,0
2025-07-31T23:23:37.186296Z,2025,7,31,65.491900,21.972800,6.0,0,0.0,1,sea,0,1,1,0,0,0
2025-07-31T23:23:37.186436Z,2025,7,31,65.237500,22.474900,22.0,0,0.0,1,sea,0,0,0,0,0,0
2025-07-31T23:23:37.186531Z,2025,7,31,65.492700,21.960800,27.0,0,29.4,1,sea,0,0,1,0,0,0
2025-07-31T23:23:37.188493Z,2025,7,31,65.489300,21.965000,15.0,0,10.1,1,sea,0,1,1,0,0,0
2025-07-31T23:23:37.196863Z,2025,7,31,65.494600,21.955800,14.0,0,24.6,1,sea,0,0,1,0,0,0
2025-07-31T23:23:37.200582Z,2025,7,31,65.485300,21.967600,10.0,0,19.6,1,sea,0,1,1,0,0,0
2025-07-31T23:23:37.227536Z,2025,7,31,65.451800,21.978300,48.0,0,14.1,1,mainland,0,0,0,0,0,0
2025-07-31T23:23:37.280667Z,2025,7,31,65.493400,21.919600,10.0,0,8.5,1,mainland,0,1,1,0,0,0
2025-07-31T23:23:37.548355Z,2025,7,31,65.522400,22.015200,-25.0,0,6.4,1,mainland,0,0,1,0,0,0
2025-07-31T23:23:37.564235Z,2025,7,31,65.521600,22.014900,-7.0,0,2.5,1,mainland,0,0,1,0,0,0
2025-07-31T23:23:37.573410Z,2025,7,31,65.494800,21.911700,-7.0,0,4.1,1,mainland,1,1,1,0,0,0
2025-07-31T23:24:54.696750Z,2025,7,31,65.500200,21.932400,6.0,0,4.4,1,sea,1,1,1,0,0,0
2025-07-31T23:24:54.840821Z,2025,7,31,65.482000,21.949800,11.0,0,3.3,1,mainland,0,1,1,0,0,0
2025-07-31T23:29:24.561272Z,2025,7,31,65.502600,21.838700,36.0,0,9.6,1,mainland,0,0,0,0,0,0
2025-07-31T23:30:53.588410Z,2025,7,31,65.676700,21.415300,6.0,0,14.4,1,mainland,0,0,0,0,0,1
2025-07-31T23:32:14.225406Z,2025,7,31,65.674700,21.434300,9.0,0,5.6,1,mainland,0,0,0,0,0,0
2025-07-31T23:32:14.226939Z,2025,7,31,65.679400,21.433800,6.0,0,7.4,1,mainland,0,0,0,0,0,1
2025-07-31T23:34:06.180710Z,2025,7,31,65.655300,21.464800,6.0,0,24.3,1,mainland,0,0,0,0,0,0
2025-07-31T23:36:41.045103Z,2025,7,31,65.673800,21.374600,-15.0,0,8.0,1,mainland,0,0,0,0,1,1
2025-07-31T23:36:41.049615Z,2025,7,31,65.672200,21.415900,-35.0,0,9.9,1,mainland,0,0,0,0,0,0
2025-07-31T23:39:13.101674Z,2025,7,31,65.663600,21.376200,-7.0,0,6.9,1,mainland,0,0,0,0,0,0
2025-07-31T23:39:13.254573Z,2025,7,31,65.646100,21.382700,6.0,0,12.9,1,mainland,0,0,0,1,1,1
2025-07-31T23:40:05.116390Z,2025,7,31,65.674200,21.398500,-15.0,0,10.1,1,mainland,0,0,0,0,0,1
2025-07-31T23:44:16.471103Z,2025,7,31,65.668300,21.347400,-7.0,0,5.4,1,mainland,0,0,0,1,1,1
2025-07-31T23:54:34.570607Z,2025,7,31,65.574600,22.130000,5.0,0,6.1,1,sea,0,1,1,0,0,0
2025-07-31T23:56:32.660931Z,2025,7,31,65.547200,22.155000,12.0,0,4.6,1,sea,1,1,1,0,0,0
2025-07-31T23:57:18.247078Z,2025,7,31,65.556800,22.165300,4.0,0,1.5,1,sea,1,1,1,0,0,0
2025-07-31T23:57:41.501174Z,2025,7,31,65.551500,22.171600,8.0,0,5.2,1,sea,1,1,1,0,0,0
2025-07-31T23:57:41.501183Z,2025,7,31,65.542800,22.211000,-14.0,0,15.0,1,islands,0,0,1,0,0,0
2025-07-31T23:58:02.714843Z,2025,7,31,65.528300,22.237200,6.0,0,10.5,1,islands,0,0,1,0,0,0
2025-07-31T23:58:02.718361Z,2025,7,31,65.562100,22.163700,4.0,0,3.8,1,sea,0,1,1,0,0,0
2025-07-31T23:58:59.509195Z,2025,7,31,65.543800,22.208400,5.0,0,14.4,1,islands,0,0,1,0,0,0
2025-07-31T23:58:59.516769Z,2025,7,31,65.559500,22.141200,6.0,0,5.6,1,mainland,1,1,1,0,0,0
2025-07-31T23:59:22.810229Z,2025,7,31,65.559100,22.156500,14.0,0,12.6,1,sea,1,1,1,0,0,0
2025-07-31T23:59:22.823198Z,2025,7,31,65.485700,22.296300,5.0,0,28.5,1,sea,1,1,1,0,0,0
2025-07-31T23:59:46.690562Z,2025,7,31,65.532800,22.197200,5.0,0,10.6,1,islands,0,1,1,0,0,0
2025-08-01T00:00:56.540850Z,2025,8,1,65.566300,22.126600,6.0,0,13.9,1,mainland,1,1,1,0,0,0
2025-08-01T00:00:56.541964Z,2025,8,1,65.568700,22.125000,4.0,0,1.5,1,mainland,1,1,1,0,0,0
2025-08-01T00:01:26.141171Z,2025,8,1,65.580800,22.254700,-8.0,0,3.1,1,mainland,0,0,1,0,0,0
2025-08-01T00:02:10.320802Z,2025,8,1,65.562200,22.084700,5.0,0,4.9,1,mainland,0,0,0,0,0,0
2025-08-01T00:02:10.332891Z,2025,8,1,65.558500,22.102200,11.0,0,11.7,1,mainland,0,0,0,0,0,0
2025-08-01T00:03:24.825861Z,2025,8,1,65.561400,22.064500,6.0,0,11.7,1,mainland,0,0,0,0,0,0
2025-08-01T00:03:24.827246Z,2025,8,1,65.567700,22.108800,6.0,0,8.0,1,mainland,0,0,1,0,0,0
2025-08-01T00:03:24.829401Z,2025,8,1,65.560800,22.053400,8.0,0,4.2,1,mainland,0,0,0,0,0,0
2025-08-01T00:03:25.007744Z,2025,8,1,65.624600,22.199400,-11.0,0,4.3,1,mainland,1,1,1,0,0,0
2025-08-01T00:04:35.272005Z,2025,8,1,65.582400,22.074600,5.0,0,8.1,1,mainland,0,1,1,0,0,0
2025-08-01T00:04:35.375104Z,2025,8,1,65.326400,22.883400,2.0,0,30.4,1,sea,0,0,0,0,0,0
2025-08-01T00:05:13.901037Z,2025,8,1,65.545900,22.190400,7.0,0,17.3,1,sea,0,1,1,0,0,0
2025-08-01T00:05:13.904022Z,2025,8,1,65.564500,22.136400,6.0,0,2.3,1,sea,1,1,1,0,0,0
2025-08-01T00:05:33.490239Z,2025,8,1,65.586400,22.071700,6.0,0,7.5,1,mainland,1,1,1,0,0,0
2025-08-01T00:05:33.499602Z,2025,8,1,65.586700,22.071300,7.0,0,3.7,1,mainland,1,1,1,0,0,0
2025-08-01T00:05:33.507367Z,2025,8,1,65.590700,22.130800,4.0,0,30.4,1,sea,0,1,1,0,0,0
2025-08-01T00:05:33.515939Z,2025,8,1,65.586900,22.069000,5.0,0,2.4,1,mainland,1,1,1,0,0,0
2025-08-01T00:06:16.197535Z,2025,8,1,65.580500,22.056400,6.0,0,19.3,1,mainland,0,0,1,0,0,0
2025-08-01T00:06:16.227622Z,2025,8,1,65.583600,22.054800,5.0,0,23.8,1,inland_water,0,0,0,0,0,0
2025-08-01T00:07:55.556640Z,2025,8,1,65.583500,22.008100,8.0,0,18.5,1,mainland,0,0,0,0,0,0
2025-08-01T00:08:06.987581Z,2025,8,1,65.584200,22.019000,10.0,0,10.1,1,mainland,0,0,0,0,0,0
2025-08-01T00:08:46.014302Z,2025,8,1,65.594900,22.031000,8.0,0,4.2,1,mainland,0,0,0,0,0,0
2025-08-01T00:08:46.014319Z,2025,8,1,65.578000,22.039200,-12.0,0,19.9,1,mainland,0,0,0,0,0,0
2025-08-01T00:09:02.871038Z,2025,8,1,65.598200,22.035100,8.0,0,5.2,1,mainland,0,0,0,0,0,0
2025-08-01T00:09:27.203124Z,2025,8,1,65.595000,22.022400,23.0,0,18.2,1,inland_water,0,0,0,0,0,0
2025-08-01T00:09:43.932293Z,2025,8,1,65.606700,22.004500,9.0,0,23.0,1,inland_water,0,0,0,0,0,0
2025-08-01T00:09:43.944210Z,2025,8,1,65.601600,22.012200,8.0,0,24.1,1,inland_water,0,0,0,0,0,0
2025-08-01T00:09:43.946347Z,2025,8,1,65.590700,22.025300,6.0,0,2.8,1,inland_water,0,0,0,0,0,0
2025-08-01T00:09:44.188263Z,2025,8,1,65.666200,22.165100,-8.0,0,9.1,1,mainland,0,0,0,0,0,0
2025-08-01T00:09:55.657435Z,2025,8,1,65.615000,22.022800,5.0,0,10.6,1,inland_water,0,0,0,0,0,0
2025-08-01T00:10:09.484876Z,2025,8,1,65.599100,22.018700,8.0,0,4.4,1,inland_water,0,0,0,0,0,0
2025-08-01T00:10:09.494898Z,2025,8,1,65.601400,22.041700,-24.0,0,18.1,1,mainland,0,0,0,0,0,0
2025-08-01T00:10:21.361190Z,2025,8,1,65.603600,22.013800,6.0,0,6.5,1,mainland,0,0,0,0,0,0
2025-08-01T00:10:21.361843Z,2025,8,1,65.608100,22.011800,12.0,0,17.2,1,inland_water,0,0,0,0,0,0
2025-08-01T00:10:21.390072Z,2025,8,1,65.600400,22.000700,5.0,0,4.8,1,inland_water,0,0,0,0,0,0
2025-08-01T00:10:35.805224Z,2025,8,1,65.603700,22.012800,8.0,0,17.6,1,mainland,0,0,0,0,0,0
2025-08-01T00:10:35.819961Z,2025,8,1,65.559200,21.989400,12.0,0,30.4,1,mainland,0,0,0,0,0,0
2025-08-01T00:11:08.322902Z,2025,8,1,65.404500,22.439200,6.0,0,2.4,1,sea,0,0,1,0,0,0
2025-08-01T00:11:08.336769Z,2025,8,1,65.611800,22.008700,5.0,0,1.7,1,inland_water,0,0,0,0,0,0
2025-08-01T00:11:08.343066Z,2025,8,1,65.611400,22.011800,4.0,0,2.9,1,inland_water,0,0,0,0,0,0
2025-08-01T00:11:55.370065Z,2025,8,1,65.602000,22.030700,6.0,0,3.2,1,mainland,0,0,0,0,0,0
2025-08-01T00:11:55.370070Z,2025,8,1,65.625400,21.386900,-7.0,0,9.9,1,mainland,0,0,0,1,1,1
2025-08-01T00:11:55.377937Z,2025,8,1,65.601900,22.023400,14.0,0,8.6,1,mainland,0,0,0,0,0,0
2025-08-01T00:11:55.604703Z,2025,8,1,65.689200,21.947100,-11.0,0,6.7,1,mainland,0,0,0,0,0,0
2025-08-01T00:12:25.690570Z,2025,8,1,65.603100,21.974300,6.0,0,13.3,1,mainland,0,0,0,0,0,0
2025-08-01T00:13:04.842512Z,2025,8,1,65.610800,21.982600,5.0,0,18.0,1,inland_water,0,0,0,0,0,0
2025-08-01T00:13:43.036786Z,2025,8,1,65.577800,21.795100,-12.0,0,7.8,1,mainland,0,0,0,0,0,0
2025-08-01T00:14:10.863738Z,2025,8,1,65.616100,22.041800,7.0,0,5.7,1,mainland,0,0,1,0,0,0
2025-08-01T00:14:10.873721Z,2025,8,1,65.614400,22.013700,5.0,0,3.0,1,inland_water,0,0,0,0,0,0
2025-08-01T00:14:39.581971Z,2025,8,1,65.614700,22.003500,6.0,0,6.2,1,inland_water,0,0,0,0,0,0
2025-08-01T00:14:39.582862Z,2025,8,1,65.601600,22.130800,6.0,0,16.0,1,mainland,0,0,1,0,0,0
2025-08-01T00:14:39.584248Z,2025,8,1,65.616800,22.017500,6.0,0,8.6,1,inland_water,0,0,0,0,0,0
2025-08-01T00:14:39.822346Z,2025,8,1,65.653300,21.794300,-9.0,0,9.0,1,mainland,0,0,0,0,0,0
2025-08-01T00:14:53.419633Z,2025,8,1,65.667600,21.941500,-8.0,0,3.5,1,mainland,0,0,0,0,0,0
2025-08-01T00:15:31.986710Z,2025,8,1,65.625500,21.947500,5.0,0,2.3,1,inland_water,0,0,0,0,0,0
2025-08-01T00:15:32.008199Z,2025,8,1,65.625100,21.952200,5.0,0,3.7,1,inland_water,0,0,0,0,0,0
2025-08-01T00:15:55.075686Z,2025,8,1,65.611300,21.943700,6.0,0,7.0,1,mainland,0,0,0,0,0,0
2025-08-01T00:15:55.076681Z,2025,8,1,65.612400,21.933700,9.0,0,4.9,1,mainland,0,0,0,0,0,0
2025-08-01T00:15:55.078459Z,2025,8,1,65.613900,21.904900,11.0,0,12.4,1,mainland,0,0,0,0,0,0
2025-08-01T00:15:55.079518Z,2025,8,1,65.612600,21.898000,6.0,0,19.3,1,mainland,0,0,0,0,0,0
2025-08-01T00:15:55.079992Z,2025,8,1,65.615800,21.891300,6.0,0,13.0,1,mainland,0,0,0,0,0,0
2025-08-01T00:15:55.093411Z,2025,8,1,65.616800,21.949600,6.0,0,23.6,1,mainland,0,0,0,0,0,0
2025-08-01T00:16:16.588703Z,2025,8,1,65.608300,21.992500,8.0,0,8.3,1,inland_water,0,0,0,0,0,0
2025-08-01T00:16:16.591663Z,2025,8,1,65.608200,21.993700,6.0,0,3.0,1,inland_water,0,0,0,0,0,0
2025-08-01T00:16:37.973313Z,2025,8,1,65.611100,21.947700,11.0,0,7.5,1,mainland,0,0,0,0,0,0
2025-08-01T00:16:37.974532Z,2025,8,1,65.615600,21.936500,7.0,0,4.2,1,mainland,0,0,0,0,0,0
2025-08-01T00:16:37.974909Z,2025,8,1,65.614300,21.945900,6.0,0,11.2,1,mainland,0,0,0,0,0,0
2025-08-01T00:17:04.932108Z,2025,8,1,65.623200,21.924400,26.0,0,12.6,1,mainland,0,0,0,0,0,0
2025-08-01T00:17:04.934338Z,2025,8,1,65.624700,21.930300,7.0,0,7.6,1,mainland,0,0,0,0,0,0
2025-08-01T00:17:04.950983Z,2025,8,1,65.623300,21.944000,12.0,0,12.8,1,mainland,0,0,0,0,0,0
2025-08-01T00:17:05.135849Z,2025,8,1,65.623900,21.694600,-12.0,0,5.2,1,mainland,0,0,0,0,0,0
2025-08-01T00:17:30.568663Z,2025,8,1,65.639500,21.916200,-12.0,0,6.1,1,mainland,0,0,0,0,0,0
2025-08-01T00:17:30.588999Z,2025,8,1,65.620900,21.962000,-8.0,0,2.7,1,inland_water,0,0,0,0,0,0
2025-08-01T00:17:30.638842Z,2025,8,1,65.617900,21.948400,-14.0,0,3.9,1,mainland,0,0,0,0,0,0
2025-08-01T00:17:30.687880Z,2025,8,1,65.616300,21.944100,-9.0,0,4.1,1,mainland,0,0,0,0,0,0
2025-08-01T00:18:04.129985Z,2025,8,1,65.625100,21.938600,6.0,0,16.7,1,mainland,0,0,0,0,0,0
2025-08-01T00:18:04.132656Z,2025,8,1,65.627100,21.949500,6.0,0,4.3,1,inland_water,0,0,0,0,0,0
2025-08-01T00:18:04.136564Z,2025,8,1,65.623300,21.938800,14.0,0,11.8,1,mainland,0,0,0,0,0,0
2025-08-01T00:18:04.149111Z,2025,8,1,65.628700,21.905500,5.0,0,3.7,1,mainland,0,0,0,0,0,0
2025-08-01T00:18:20.329204Z,2025,8,1,65.715800,21.912500,5.0,0,17.9,1,mainland,0,0,0,0,0,0
2025-08-01T00:18:20.576962Z,2025,8,1,65.664300,22.012500,-8.0,0,4.2,1,mainland,0,0,0,0,0,0
2025-08-01T00:18:40.900063Z,2025,8,1,65.620000,22.016400,6.0,0,7.0,1,inland_water,0,0,0,0,0,0
2025-08-01T00:18:40.917568Z,2025,8,1,65.621900,21.908800,6.0,0,2.3,1,mainland,0,0,0,0,0,0
2025-08-01T00:19:22.212104Z,2025,8,1,65.633200,21.910600,14.0,0,10.6,1,mainland,0,0,0,0,0,0
2025-08-01T00:19:22.226386Z,2025,8,1,65.622100,21.916200,20.0,0,18.4,1,mainland,0,0,0,0,0,0
2025-08-01T00:19:30.134931Z,2025,8,1,65.700500,21.943800,-7.0,0,5.8,1,mainland,0,0,0,0,0,0
2025-08-01T00:19:41.808391Z,2025,8,1,65.640900,21.886600,4.0,0,1.8,1,mainland,0,0,0,0,0,0
2025-08-01T00:20:08.075045Z,2025,8,1,65.643300,21.873500,6.0,0,7.6,1,mainland,0,0,0,0,0,0
2025-08-01T00:20:08.076018Z,2025,8,1,65.608800,21.983400,5.0,0,14.3,1,inland_water,0,0,0,0,0,0
2025-08-01T00:21:11.365024Z,2025,8,1,65.640600,21.888900,39.0,0,15.1,1,mainland,0,0,0,0,0,0
2025-08-01T00:21:11.373349Z,2025,8,1,65.640400,21.888500,24.0,0,21.8,1,mainland,0,0,0,0,0,0
2025-08-01T00:21:11.384117Z,2025,8,1,65.642200,21.888700,9.0,0,5.8,1,mainland,0,0,0,0,0,0
2025-08-01T00:21:26.419287Z,2025,8,1,65.647900,21.881600,9.0,0,15.7,1,mainland,0,0,0,0,0,0
2025-08-01T00:21:26.435432Z,2025,8,1,65.646100,21.884600,5.0,0,3.3,1,mainland,0,0,0,0,0,0
2025-08-01T00:21:58.507665Z,2025,8,1,65.650900,21.882600,6.0,0,3.5,1,mainland,0,0,0,0,0,0
2025-08-01T00:22:13.190933Z,2025,8,1,65.648900,21.881900,8.0,0,19.1,1,mainland,0,0,0,0,0,0
2025-08-01T00:22:35.018017Z,2025,8,1,65.661900,21.861100,4.0,0,3.1,1,inland_water,0,0,0,0,0,0
2025-08-01T00:22:35.023689Z,2025,8,1,65.663400,21.866500,6.0,0,2.9,1,inland_water,0,0,0,0,0,0
2025-08-01T00:22:50.710379Z,2025,8,1,65.635400,21.876300,6.0,0,3.1,1,mainland,0,0,0,0,0,0
2025-08-01T00:22:50.712556Z,2025,8,1,65.647000,21.861300,6.0,0,7.6,1,mainland,0,0,0,0,0,0
2025-08-01T00:22:59.802014Z,2025,8,1,65.664400,21.801500,5.0,0,25.0,1,mainland,0,0,0,0,0,0
2025-08-01T00:22:59.973090Z,2025,8,1,65.722500,21.837900,-5.0,0,6.0,1,mainland,0,0,0,0,0,1
2025-08-01T00:23:52.536236Z,2025,8,1,65.656800,21.836500,7.0,0,23.8,1,mainland,0,0,0,0,0,0
2025-08-01T00:25:18.035676Z,2025,8,1,65.640000,21.888300,5.0,0,3.1,1,mainland,0,0,0,0,0,0
2025-08-01T00:25:18.058269Z,2025,8,1,65.672000,21.850200,5.0,0,2.8,1,inland_water,0,0,0,0,0,0
2025-08-01T00:25:26.132091Z,2025,8,1,65.684600,21.913700,-29.0,0,5.8,1,mainland,0,0,0,0,0,0
2025-08-01T00:25:26.155062Z,2025,8,1,65.682100,21.845100,-11.0,0,16.7,1,mainland,0,0,0,0,0,0
2025-08-01T00:25:26.155371Z,2025,8,1,65.684000,21.907000,-6.0,0,0.0,1,mainland,0,0,0,0,0,0
2025-08-01T00:25:26.155443Z,2025,8,1,65.686800,21.910100,7.0,0,0.0,1,mainland,0,0,0,0,0,0
2025-08-01T00:25:26.205074Z,2025,8,1,65.682500,21.877500,-43.0,0,5.4,1,mainland,0,0,0,0,0,0
2025-08-01T00:25:26.240398Z,2025,8,1,65.683700,21.883300,-9.0,0,4.2,1,mainland,0,0,0,0,0,0
2025-08-01T00:25:26.260050Z,2025,8,1,65.680300,21.897000,-6.0,0,3.2,1,mainland,0,0,0,0,0,0
2025-08-01T00:25:26.310865Z,2025,8,1,65.684000,21.879700,-23.0,0,5.1,1,mainland,0,0,0,0,0,0
2025-08-01T00:25:26.457824Z,2025,8,1,65.684700,21.873900,-5.0,0,3.9,1,mainland,0,0,0,0,0,0
2025-08-01T00:25:26.504237Z,2025,8,1,65.685300,21.876300,-5.0,0,3.9,1,mainland,0,0,0,0,0,0
2025-08-01T00:25:26.618048Z,2025,8,1,65.684300,21.878300,-8.0,0,5.0,1,mainland,0,0,0,0,0,0
2025-08-01T00:26:02.893109Z,2025,8,1,65.684200,21.814600,-12.0,0,20.1,1,inland_water,0,0,0,0,0,0
2025-08-01T00:26:31.395716Z,2025,8,1,65.681800,21.862000,-21.0,0,10.0,1,mainland,0,0,0,0,0,0
2025-08-01T00:26:31.447448Z,2025,8,1,65.682900,21.863400,-18.0,0,10.8,1,mainland,0,0,0,0,0,0
2025-08-01T00:26:31.489886Z,2025,8,1,65.682000,21.862900,-22.0,0,4.9,1,mainland,0,0,0,0,0,0
2025-08-01T00:26:31.571842Z,2025,8,1,65.652600,21.841400,-8.0,0,8.5,1,mainland,0,0,0,0,0,0
2025-08-01T00:26:48.195769Z,2025,8,1,65.641300,21.455500,6.0,0,1.3,1,mainland,0,0,0,0,0,0
2025-08-01T00:27:06.646259Z,2025,8,1,65.684300,21.844300,-27.0,0,17.6,1,mainland,0,0,0,0,0,0
2025-08-01T00:27:06.661136Z,2025,8,1,65.686300,21.845700,-7.0,0,4.3,1,mainland,0,0,0,0,0,0
2025-08-01T00:27:06.704839Z,2025,8,1,65.685500,21.856900,-16.0,0,4.9,1,mainland,0,0,0,0,0,0
2025-08-01T00:27:06.730885Z,2025,8,1,65.685900,21.859400,-14.0,0,6.7,1,mainland,0,0,0,0,0,0
2025-08-01T00:27:06.759104Z,2025,8,1,65.685700,21.859400,-16.0,0,4.5,1,mainland,0,0,0,0,0,0
2025-08-01T00:27:12.182185Z,2025,8,1,65.685900,21.827200,4.0,0,4.9,1,inland_water,0,0,0,0,0,0
2025-08-01T00:27:37.994499Z,2025,8,1,65.704200,21.906700,7.0,0,30.4,1,mainland,0,0,0,0,0,0
2025-08-01T00:27:37.994526Z,2025,8,1,65.674300,21.885600,-16.0,0,22.9,1,mainland,0,0,0,0,0,0
2025-08-01T00:28:00.227977Z,2025,8,1,65.706700,21.851900,-12.0,0,3.6,1,mainland,0,0,0,0,0,0
2025-08-01T00:28:12.661545Z,2025,8,1,65.668300,21.834400,6.0,0,8.8,1,inland_water,0,0,0,0,0,0
2025-08-01T00:28:12.663256Z,2025,8,1,65.674100,21.825300,5.0,0,6.4,1,inland_water,0,0,0,0,0,0
2025-08-01T00:28:12.673316Z,2025,8,1,65.675800,21.838600,5.0,0,4.1,1,mainland,0,0,0,0,0,0
2025-08-01T00:28:12.678892Z,2025,8,1,65.668300,21.658100,6.0,0,24.1,1,mainland,0,0,0,1,1,1
2025-08-01T00:28:27.283809Z,2025,8,1,65.671100,21.860200,9.0,0,6.3,1,inland_water,0,0,0,0,0,0
2025-08-01T00:28:27.284845Z,2025,8,1,65.668600,21.734100,6.0,0,13.4,1,mainland,0,0,0,0,0,0
2025-08-01T00:28:27.285903Z,2025,8,1,65.671400,21.848800,9.0,0,19.9,1,inland_water,0,0,0,0,0,0
2025-08-01T00:29:00.574262Z,2025,8,1,65.685000,21.807400,-18.0,0,9.7,1,inland_water,0,0,0,0,0,0
2025-08-01T00:29:00.599322Z,2025,8,1,65.686900,21.796100,-5.0,0,5.1,1,mainland,0,0,0,0,0,1
2025-08-01T00:29:10.571597Z,2025,8,1,65.641900,21.740700,5.0,0,3.2,1,mainland,0,0,0,0,0,0
2025-08-01T00:29:10.571612Z,2025,8,1,65.676300,21.956100,-16.0,0,20.7,1,mainland,0,0,0,0,0,0
2025-08-01T00:29:42.299201Z,2025,8,1,65.671500,21.825900,5.0,0,3.9,1,inland_water,0,0,0,0,0,0
2025-08-01T00:29:42.486561Z,2025,8,1,65.659900,21.878200,-8.0,0,11.1,1,mainland,0,0,0,0,0,0
2025-08-01T00:29:58.556029Z,2025,8,1,65.672400,21.850800,10.0,0,14.2,1,mainland,0,0,0,0,0,0
2025-08-01T00:30:09.373727Z,2025,8,1,65.672700,21.860400,7.0,0,1.9,1,mainland,0,0,0,0,0,0
2025-08-01T00:30:09.375084Z,2025,8,1,65.663300,21.851400,9.0,0,30.4,1,inland_water,0,0,0,0,0,0
2025-08-01T00:30:09.387212Z,2025,8,1,65.675400,21.811900,6.0,0,9.7,1,mainland,0,0,0,0,0,0
2025-08-01T00:30:27.920527Z,2025,8,1,65.672000,21.791200,-16.0,0,5.2,1,mainland,0,0,0,0,0,0
2025-08-01T00:30:27.980732Z,2025,8,1,65.672100,21.792600,-17.0,0,15.1,1,mainland,0,0,0,0,0,0
2025-08-01T00:30:28.063806Z,2025,8,1,65.672600,21.793400,-19.0,0,9.3,1,mainland,0,0,0,0,0,0
2025-08-01T00:30:28.170063Z,2025,8,1,65.672100,21.791300,-11.0,0,5.0,1,mainland,0,0,0,0,0,0
2025-08-01T00:30:36.196565Z,2025,8,1,65.657600,21.905600,5.0,0,10.1,1,inland_water,0,0,0,0,0,0
2025-08-01T00:30:36.197318Z,2025,8,1,65.667300,21.765000,7.0,0,6.8,1,mainland,0,0,0,0,0,0
2025-08-01T00:30:56.626627Z,2025,8,1,65.685600,21.799300,-11.0,0,17.0,1,mainland,0,0,0,0,0,0
2025-08-01T00:31:19.165136Z,2025,8,1,65.676400,21.809900,-8.0,0,3.7,1,mainland,0,0,0,0,0,0
2025-08-01T00:31:19.205678Z,2025,8,1,65.663800,21.821300,-7.0,0,6.9,1,mainland,0,0,0,0,0,0
2025-08-01T00:31:19.276966Z,2025,8,1,65.663200,21.776200,-5.0,0,6.4,1,mainland,0,0,0,0,0,0
2025-08-01T00:31:19.402703Z,2025,8,1,65.693200,21.784300,-7.0,0,4.2,1,mainland,0,0,0,1,1,1
2025-08-01T00:31:24.185914Z,2025,8,1,65.672900,21.804900,7.0,0,13.6,1,mainland,0,0,0,0,0,0
2025-08-01T00:32:06.889715Z,2025,8,1,65.684900,21.811500,7.0,0,19.2,1,inland_water,0,0,0,0,0,0
2025-08-01T00:32:37.299952Z,2025,8,1,65.673200,21.856500,6.0,0,12.2,1,mainland,0,0,0,0,0,0
2025-08-01T00:32:37.299974Z,2025,8,1,65.690400,21.805600,-13.0,0,19.2,1,inland_water,0,0,0,0,0,1
2025-08-01T00:32:48.629018Z,2025,8,1,65.683800,21.795500,13.0,0,17.5,1,mainland,0,0,0,0,0,0
2025-08-01T00:32:48.629066Z,2025,8,1,65.655500,22.000400,-26.0,0,30.4,1,mainland,0,0,0,0,0,0
2025-08-01T00:32:56.558015Z,2025,8,1,65.672600,21.779700,5.0,0,5.0,1,mainland,0,0,0,0,0,0
2025-08-01T00:33:10.926255Z,2025,8,1,65.675000,21.788400,5.0,0,2.5,1,mainland,0,0,0,0,0,0
2025-08-01T00:33:10.981529Z,2025,8,1,65.674600,21.786700,7.0,0,3.1,1,mainland,0,0,0,0,0,0
2025-08-01T00:33:10.994366Z,2025,8,1,65.669600,21.794600,6.0,0,4.5,1,mainland,0,0,0,0,0,0
2025-08-01T00:33:11.006130Z,2025,8,1,65.681300,21.815100,7.0,0,10.7,1,inland_water,0,0,0,0,0,0
2025-08-01T00:34:32.169995Z,2025,8,1,65.687100,21.744000,-7.0,0,4.1,1,mainland,0,0,0,1,1,1
2025-08-01T00:34:32.241443Z,2025,8,1,65.687100,21.745600,-11.0,0,4.2,1,mainland,0,0,0,1,1,1
2025-08-01T00:35:08.972264Z,2025,8,1,65.655600,21.802900,6.0,0,4.2,1,mainland,0,0,0,0,0,0
2025-08-01T00:35:08.973101Z,2025,8,1,65.613300,21.936500,6.0,0,19.2,1,mainland,0,0,0,0,0,0
2025-08-01T00:35:08.984227Z,2025,8,1,65.691100,21.774200,8.0,0,25.0,1,mainland,0,0,0,1,1,1
2025-08-01T00:35:08.995580Z,2025,8,1,65.639600,21.827300,5.0,0,10.0,1,mainland,0,0,0,0,0,0
2025-08-01T00:35:49.244583Z,2025,8,1,65.690200,21.778800,8.0,0,26.6,1,mainland,0,0,0,0,1,1
2025-08-01T00:36:01.346036Z,2025,8,1,65.646600,21.814300,5.0,0,7.7,1,mainland,0,0,0,0,0,0
2025-08-01T00:37:12.731647Z,2025,8,1,65.684300,21.764200,-9.0,0,20.4,1,mainland,0,0,0,0,0,1
2025-08-01T00:37:12.765782Z,2025,8,1,65.683200,21.766200,-5.0,0,21.7,1,mainland,0,0,0,0,0,1
2025-08-01T00:38:14.777632Z,2025,8,1,65.631400,21.875200,6.0,0,18.2,1,mainland,0,0,0,0,0,0
2025-08-01T00:39:17.417997Z,2025,8,1,65.659000,21.798100,6.0,0,13.1,1,mainland,0,0,0,0,0,0
2025-08-01T00:40:14.678718Z,2025,8,1,65.669600,21.763600,21.0,0,24.9,1,mainland,0,0,0,0,0,0
2025-08-01T00:40:14.683152Z,2025,8,1,65.677100,21.749200,5.0,0,1.4,1,mainland,0,0,0,0,0,0
2025-08-01T00:43:33.482818Z,2025,8,1,65.273000,22.439000,5.0,0,2.1,1,sea,0,0,0,0,0,0
2025-08-01T00:43:33.597946Z,2025,8,1,65.333300,22.552000,-8.0,0,2.0,1,sea,0,0,0,0,0,0
2025-08-01T00:43:52.144540Z,2025,8,1,65.461900,22.212700,-5.0,0,2.7,1,islands,1,1,1,0,0,0
2025-08-01T00:46:39.807465Z,2025,8,1,65.646700,21.730800,4.0,0,1.1,1,mainland,0,0,0,0,0,0
2025-08-01T00:49:04.939240Z,2025,8,1,65.282200,22.374000,9.0,0,5.1,1,sea,0,0,0,0,0,0
2025-08-01T00:49:04.939520Z,2025,8,1,65.271600,22.356300,5.0,0,0.0,1,sea,0,0,0,0,0,0
2025-08-01T00:49:05.076163Z,2025,8,1,65.280900,22.532300,-10.0,0,3.1,1,sea,0,0,0,0,0,0
2025-08-01T00:49:07.325316Z,2025,8,1,65.269100,22.923600,-14.0,0,17.2,1,sea,0,0,0,0,0,0
2025-08-01T00:53:46.835994Z,2025,8,1,65.289500,22.898000,-12.0,0,2.3,1,sea,0,0,0,0,0,0
2025-08-01T00:56:07.127813Z,2025,8,1,65.194900,23.043400,9.0,0,9.0,1,sea,0,0,0,0,0,0
2025-08-01T00:56:07.423106Z,2025,8,1,65.325000,22.858100,-16.0,0,8.2,1,sea,0,0,0,0,0,0
2025-08-01T00:57:14.525612Z,2025,8,1,65.190900,23.033300,-9.0,0,0.0,1,sea,0,0,0,0,0,0
2025-08-01T00:57:14.525757Z,2025,8,1,65.190700,23.037100,-6.0,0,0.0,1,sea,0,0,0,0,0,0
2025-08-01T00:57:39.462608Z,2025,8,1,65.186600,22.796200,12.0,0,20.7,1,sea,0,0,0,0,0,0
2025-08-01T00:58:09.563366Z,2025,8,1,65.189600,23.030700,12.0,0,10.3,1,sea,0,0,0,0,0,0
2025-08-01T00:58:09.563872Z,2025,8,1,65.190200,23.027600,10.0,0,10.1,1,sea,0,0,0,0,0,0
2025-08-01T00:58:09.564303Z,2025,8,1,65.190300,23.037900,27.0,0,18.2,1,sea,0,0,0,0,0,0
2025-08-01T00:58:38.391782Z,2025,8,1,65.189200,23.030000,8.0,0,18.4,1,sea,0,0,0,0,0,0
2025-08-01T00:58:38.393369Z,2025,8,1,65.184600,22.985900,5.0,0,7.1,1,sea,0,0,0,0,0,0
2025-08-01T00:59:15.024404Z,2025,8,1,65.197000,23.042600,7.0,0,8.1,1,sea,0,0,0,0,0,0
2025-08-01T00:59:15.025426Z,2025,8,1,65.188300,23.010800,11.0,0,25.9,1,sea,0,0,0,0,0,0
2025-08-01T00:59:36.757788Z,2025,8,1,65.195100,23.042000,5.0,0,7.2,1,sea,0,0,0,0,0,0
2025-08-01T00:59:57.850232Z,2025,8,1,65.200500,22.998300,3.0,0,3.5,1,sea,0,0,0,0,0,0
2025-08-01T01:00:24.823030Z,2025,8,1,65.196600,23.037200,4.0,0,25.0,1,sea,0,0,0,0,0,0
2025-08-01T01:01:33.786853Z,2025,8,1,65.202400,23.015700,36.0,0,28.6,1,sea,0,0,0,0,0,0
2025-08-01T01:01:33.787553Z,2025,8,1,65.203200,23.023300,23.0,0,20.9,1,sea,0,0,0,0,0,0
2025-08-01T01:01:33.789013Z,2025,8,1,65.197200,23.016400,6.0,0,3.2,1,sea,0,0,0,0,0,0
2025-08-01T01:01:33.792339Z,2025,8,1,65.373200,22.381000,-11.0,0,28.5,1,sea,0,0,1,0,0,0
2025-08-01T01:01:33.821152Z,2025,8,1,65.197500,23.025800,3.0,0,2.4,1,sea,0,0,0,0,0,0
2025-08-01T01:01:34.060287Z,2025,8,1,65.199600,22.946000,-6.0,0,1.8,1,sea,0,0,0,0,0,0
2025-08-01T01:03:04.083980Z,2025,8,1,65.199500,22.944400,-4.0,0,3.2,1,sea,0,0,0,0,0,0
2025-08-01T01:03:56.716517Z,2025,8,1,65.231900,22.905600,4.0,0,1.7,1,sea,0,0,0,0,0,0
2025-08-01T01:03:56.777142Z,2025,8,1,65.212500,22.989300,12.0,0,15.5,1,sea,0,0,0,0,0,0
2025-08-01T01:04:10.677170Z,2025,8,1,65.200200,22.990700,5.0,0,18.1,1,sea,0,0,0,0,0,0
2025-08-01T01:06:02.900195Z,2025,8,1,65.222800,22.983900,-12.0,0,11.7,1,sea,0,0,0,0,0,0
2025-08-01T01:06:02.900460Z,2025,8,1,65.221000,22.993300,-8.0,0,0.0,1,sea,0,0,0,0,0,0
2025-08-01T01:06:02.900614Z,2025,8,1,65.221600,22.991800,-12.0,0,0.0,1,sea,0,0,0,0,0,0
2025-08-01T01:06:02.919139Z,2025,8,1,65.210100,22.998800,-10.0,0,5.7,1,sea,0,0,0,0,0,0
2025-08-01T01:06:02.944116Z,2025,8,1,65.210500,23.013300,-14.0,0,3.4,1,sea,0,0,0,0,0,0
2025-08-01T01:06:02.974919Z,2025,8,1,65.221100,22.946800,-12.0,0,4.5,1,sea,0,0,0,0,0,0
2025-08-01T01:06:03.000203Z,2025,8,1,65.211900,22.997200,-9.0,0,2.1,1,sea,0,0,0,0,0,0
2025-08-01T01:06:03.055491Z,2025,8,1,65.218500,22.997500,-11.0,0,6.7,1,sea,0,0,0,0,0,0
2025-08-01T01:06:03.115527Z,2025,8,1,65.224500,22.938200,4.0,0,4.2,1,sea,0,0,0,0,0,0
2025-08-01T01:06:03.125122Z,2025,8,1,65.197600,23.009000,-7.0,0,6.2,1,sea,0,0,0,0,0,0
2025-08-01T01:06:52.080868Z,2025,8,1,65.214600,23.001100,8.0,0,4.9,1,sea,0,0,0,0,0,0
2025-08-01T01:06:52.085911Z,2025,8,1,65.297800,23.064500,5.0,0,30.4,1,sea,0,0,0,0,0,0
2025-08-01T01:07:39.149469Z,2025,8,1,65.211000,22.948900,-3.0,0,4.5,1,sea,0,0,0,0,0,0
2025-08-01T01:08:39.147201Z,2025,8,1,65.192600,23.026100,-5.0,0,8.1,1,sea,0,0,0,0,0,0
2025-08-01T01:08:39.190661Z,2025,8,1,65.187700,22.926400,4.0,0,2.3,1,sea,0,0,0,0,0,0
2025-08-01T01:08:39.225842Z,2025,8,1,65.228900,23.005700,-3.0,0,1.4,1,sea,0,0,0,0,0,0
2025-08-01T01:09:08.814761Z,2025,8,1,65.204800,23.016600,13.0,0,25.3,1,sea,0,0,0,0,0,0
2025-08-01T01:09:08.815523Z,2025,8,1,65.201300,23.031300,11.0,0,16.2,1,sea,0,0,0,0,0,0
2025-08-01T01:09:08.816439Z,2025,8,1,65.204900,23.009300,12.0,0,10.8,1,sea,0,0,0,0,0,0
2025-08-01T01:09:08.817559Z,2025,8,1,65.203000,23.013900,7.0,0,9.6,1,sea,0,0,0,0,0,0
2025-08-01T01:09:08.822215Z,2025,8,1,65.197600,23.026100,3.0,0,3.1,1,sea,0,0,0,0,0,0
2025-08-01T01:09:30.064302Z,2025,8,1,65.199600,23.030600,5.0,0,1.6,1,sea,0,0,0,0,0,0
2025-08-01T01:09:30.065175Z,2025,8,1,65.200100,23.031300,6.0,0,3.1,1,sea,0,0,0,0,0,0
2025-08-01T01:09:30.066835Z,2025,8,1,65.201500,23.024000,5.0,0,2.7,1,sea,0,0,0,0,0,0
2025-08-01T01:09:30.067323Z,2025,8,1,65.194300,23.036400,6.0,0,3.1,1,sea,0,0,0,0,0,0
2025-08-01T01:09:30.069097Z,2025,8,1,65.199600,23.035400,6.0,0,13.2,1,sea,0,0,0,0,0,0
2025-08-01T01:10:09.533190Z,2025,8,1,65.190700,22.999500,6.0,0,7.6,1,sea,0,0,0,0,0,0
2025-08-01T01:10:09.632333Z,2025,8,1,65.218900,23.057000,3.0,0,6.8,1,sea,0,0,0,0,0,0
2025-08-01T01:10:39.700723Z,2025,8,1,65.190700,23.031500,-14.0,0,5.6,1,sea,0,0,0,0,0,0
2025-08-01T01:10:39.702889Z,2025,8,1,65.207700,23.030300,-4.0,0,3.3,1,sea,0,0,0,0,0,0
2025-08-01T01:10:39.718839Z,2025,8,1,65.219500,23.029800,-12.0,0,4.3,1,sea,0,0,0,0,0,0
2025-08-01T01:11:07.924471Z,2025,8,1,65.233400,22.895300,5.0,0,8.6,1,sea,0,0,0,0,0,0
2025-08-01T01:11:07.925104Z,2025,8,1,65.237700,22.887200,6.0,0,12.3,1,sea,0,0,0,0,0,0
2025-08-01T01:11:08.032622Z,2025,8,1,65.187300,23.022900,7.0,0,12.8,1,sea,0,0,0,0,0,0
2025-08-01T01:11:35.414713Z,2025,8,1,65.200700,23.022000,7.0,0,0.0,1,sea,0,0,0,0,0,0
2025-08-01T01:11:35.414961Z,2025,8,1,65.210300,23.012200,9.0,0,3.3,1,sea,0,0,0,0,0,0
2025-08-01T01:11:35.414978Z,2025,8,1,65.202000,23.018800,11.0,0,0.0,1,sea,0,0,0,0,0,0
2025-08-01T01:11:35.415584Z,2025,8,1,65.211400,23.005500,7.0,0,7.4,1,sea,0,0,0,0,0,0
2025-08-01T01:11:35.416909Z,2025,8,1,65.206000,22.954000,5.0,0,10.8,1,sea,0,0,0,0,0,0
2025-08-01T01:12:00.204160Z,2025,8,1,65.248600,22.906100,5.0,0,3.3,1,sea,0,0,0,0,0,0
2025-08-01T01:12:00.204784Z,2025,8,1,65.252900,22.889300,9.0,0,17.3,1,sea,0,0,0,0,0,0
2025-08-01T01:12:00.207187Z,2025,8,1,65.250900,22.903200,4.0,0,2.4,1,sea,0,0,0,0,0,0
2025-08-01T01:12:00.531604Z,2025,8,1,65.350200,22.640900,-24.0,0,3.8,1,sea,0,0,0,0,0,0
2025-08-01T01:12:46.444186Z,2025,8,1,65.189800,22.976300,12.0,0,28.8,1,sea,0,0,0,0,0,0
2025-08-01T01:12:46.447556Z,2025,8,1,65.203700,22.981700,8.0,0,20.5,1,sea,0,0,0,0,0,0
2025-08-01T01:12:46.451560Z,2025,8,1,65.330200,22.800200,2.0,0,1.1,1,sea,0,0,0,0,0,0
2025-08-01T01:12:46.470983Z,2025,8,1,65.208700,23.024400,7.0,0,30.4,1,sea,0,0,0,0,0,0
2025-08-01T01:13:25.145730Z,2025,8,1,65.207700,22.967500,5.0,0,6.1,1,sea,0,0,0,0,0,0
2025-08-01T01:13:25.146167Z,2025,8,1,65.148000,22.913200,-12.0,0,8.0,1,sea,0,0,0,0,0,0
2025-08-01T01:13:25.148740Z,2025,8,1,65.209700,22.975000,7.0,0,8.5,1,sea,0,0,0,0,0,0
2025-08-01T01:13:25.150005Z,2025,8,1,65.206200,22.978200,3.0,0,3.7,1,sea,0,0,0,0,0,0
2025-08-01T01:13:25.150880Z,2025,8,1,65.196600,22.978700,4.0,0,2.9,1,sea,0,0,0,0,0,0
2025-08-01T01:13:25.152629Z,2025,8,1,65.223900,22.962000,5.0,0,6.7,1,sea,0,0,0,0,0,0
2025-08-01T01:13:25.182920Z,2025,8,1,65.212100,22.973900,4.0,0,7.0,1,sea,0,0,0,0,0,0
2025-08-01T01:13:25.195355Z,2025,8,1,65.162400,22.777700,-3.0,0,1.4,1,sea,0,0,0,0,0,0
2025-08-01T01:13:52.132602Z,2025,8,1,65.237000,22.874500,-15.0,0,2.1,1,sea,0,0,0,0,0,0
2025-08-01T01:13:52.157024Z,2025,8,1,65.231400,22.931600,-11.0,0,6.2,1,sea,0,0,0,0,0,0
2025-08-01T01:13:52.329005Z,2025,8,1,65.261500,22.878500,-3.0,0,1.9,1,sea,0,0,0,0,0,0
2025-08-01T01:13:52.558757Z,2025,8,1,65.216400,23.014600,-3.0,0,6.7,1,sea,0,0,0,0,0,0
2025-08-01T01:14:05.810983Z,2025,8,1,65.249400,22.906500,3.0,0,10.3,1,sea,0,0,0,0,0,0
2025-08-01T01:14:05.811853Z,2025,8,1,65.249500,22.909500,7.0,0,6.4,1,sea,0,0,0,0,0,0
2025-08-01T01:14:05.818263Z,2025,8,1,65.252700,22.901500,8.0,0,16.2,1,sea,0,0,0,0,0,0
2025-08-01T01:14:05.827310Z,2025,8,1,65.250300,22.908900,6.0,0,14.8,1,sea,0,0,0,0,0,0
2025-08-01T01:14:05.837470Z,2025,8,1,65.252900,22.899900,3.0,0,1.7,1,sea,0,0,0,0,0,0
2025-08-01T01:14:31.031682Z,2025,8,1,65.188200,23.028300,6.0,0,8.1,1,sea,0,0,0,0,0,0
2025-08-01T01:14:31.032819Z,2025,8,1,65.189200,23.021200,14.0,0,8.3,1,sea,0,0,0,0,0,0
2025-08-01T01:14:31.105726Z,2025,8,1,65.233500,23.012000,-3.0,0,3.1,1,sea,0,0,0,0,0,0
2025-08-01T01:14:53.872618Z,2025,8,1,65.252300,22.895000,10.0,0,14.2,1,sea,0,0,0,0,0,0
2025-08-01T01:14:53.906049Z,2025,8,1,65.250200,22.888400,4.0,0,4.3,1,sea,0,0,0,0,0,0
2025-08-01T01:15:24.134305Z,2025,8,1,65.261700,22.876600,5.0,0,2.0,1,sea,0,0,0,0,0,0
2025-08-01T01:15:24.134729Z,2025,8,1,65.273100,22.928100,6.0,0,24.4,1,sea,0,0,0,0,0,0
2025-08-01T01:15:24.137174Z,2025,8,1,65.248900,22.864700,3.0,0,11.2,1,sea,0,0,0,0,0,0
2025-08-01T01:15:24.170887Z,2025,8,1,65.246000,22.900100,-4.0,0,2.6,1,sea,0,0,0,0,0,0
2025-08-01T01:15:43.441794Z,2025,8,1,65.263000,22.864200,-8.0,0,2.0,1,sea,0,0,0,0,0,0
2025-08-01T01:15:43.455524Z,2025,8,1,65.252700,22.853800,-23.0,0,3.3,1,sea,0,0,0,0,0,0
2025-08-01T01:15:43.465794Z,2025,8,1,65.312200,22.840000,-12.0,0,17.8,1,sea,0,0,0,0,0,0
2025-08-01T01:15:43.474850Z,2025,8,1,65.262200,22.887000,-11.0,0,3.6,1,sea,0,0,0,0,0,0
2025-08-01T01:15:43.475082Z,2025,8,1,65.368300,22.151300,10.0,0,26.4,1,sea,0,0,0,0,0,0
2025-08-01T01:15:43.503398Z,2025,8,1,65.254800,22.846500,-17.0,0,3.9,1,sea,0,0,0,0,0,0
2025-08-01T01:15:43.505520Z,2025,8,1,65.253000,22.891500,-9.0,0,5.4,1,sea,0,0,0,0,0,0
2025-08-01T01:15:43.550066Z,2025,8,1,65.260100,22.924500,-18.0,0,4.1,1,sea,0,0,0,0,0,0
2025-08-01T01:15:43.584206Z,2025,8,1,65.254800,22.843900,-14.0,0,4.3,1,sea,0,0,0,0,0,0
2025-08-01T01:15:43.664690Z,2025,8,1,65.259300,22.923400,-20.0,0,4.6,1,sea,0,0,0,0,0,0
2025-08-01T01:15:43.719351Z,2025,8,1,65.217000,22.867400,-6.0,0,1.7,1,sea,0,0,0,0,0,0
2025-08-01T01:15:58.185803Z,2025,8,1,65.268100,22.856400,15.0,0,14.3,1,sea,0,0,0,0,0,0
2025-08-01T01:15:58.187919Z,2025,8,1,65.264500,22.853200,9.0,0,4.3,1,sea,0,0,0,0,0,0
2025-08-01T01:15:58.187936Z,2025,8,1,65.274900,22.853300,-11.0,0,15.2,1,sea,0,0,0,0,0,0
2025-08-01T01:15:58.219835Z,2025,8,1,65.245500,22.936900,4.0,0,3.6,1,sea,0,0,0,0,0,0
2025-08-01T01:16:10.396225Z,2025,8,1,65.250900,22.883600,9.0,0,4.1,1,sea,0,0,0,0,0,0
2025-08-01T01:16:24.414754Z,2025,8,1,65.248400,22.877100,4.0,0,2.4,1,sea,0,0,0,0,0,0
2025-08-01T01:16:24.430238Z,2025,8,1,65.243500,22.913300,-11.0,0,20.9,1,sea,0,0,0,0,0,0
2025-08-01T01:16:24.444471Z,2025,8,1,65.250800,22.874200,3.0,0,25.3,1,sea,0,0,0,0,0,0
2025-08-01T01:16:24.458012Z,2025,8,1,65.251500,22.876800,3.0,0,4.6,1,sea,0,0,0,0,0,0
2025-08-01T01:16:24.658198Z,2025,8,1,65.250400,22.871800,5.0,0,1.8,1,sea,0,0,0,0,0,0
2025-08-01T01:16:32.025462Z,2025,8,1,65.261000,22.862100,5.0,0,1.3,1,sea,0,0,0,0,0,0
2025-08-01T01:16:48.313936Z,2025,8,1,65.254100,22.858800,11.0,0,16.7,1,sea,0,0,0,0,0,0
2025-08-01T01:16:48.315439Z,2025,8,1,65.255000,22.880200,6.0,0,18.2,1,sea,0,0,0,0,0,0
2025-08-01T01:16:48.336416Z,2025,8,1,65.254000,22.860100,9.0,0,18.1,1,sea,0,0,0,0,0,0
2025-08-01T01:16:48.491532Z,2025,8,1,65.222800,22.951500,4.0,0,11.8,1,sea,0,0,0,0,0,0
2025-08-01T01:17:02.428695Z,2025,8,1,65.256500,22.866100,10.0,0,7.9,1,sea,0,0,0,0,0,0
2025-08-01T01:17:02.455547Z,2025,8,1,65.254600,22.860000,6.0,0,5.2,1,sea,0,0,0,0,0,0
2025-08-01T01:17:24.681598Z,2025,8,1,65.244000,22.932600,9.0,0,8.0,1,sea,0,0,0,0,0,0
2025-08-01T01:17:24.682116Z,2025,8,1,65.289000,22.934100,9.0,0,14.6,1,sea,0,0,0,0,0,0
2025-08-01T01:17:24.765850Z,2025,8,1,65.253600,22.864400,4.0,0,1.5,1,sea,0,0,0,0,0,0
2025-08-01T01:17:40.615301Z,2025,8,1,65.271900,22.856600,-4.0,0,1.7,1,sea,0,0,0,0,0,0
2025-08-01T01:17:40.628593Z,2025,8,1,65.273300,22.865700,-27.0,0,5.0,1,sea,0,0,0,0,0,0
2025-08-01T01:17:40.666587Z,2025,8,1,65.249900,22.880800,-15.0,0,4.3,1,sea,0,0,0,0,0,0
2025-08-01T01:17:41.040053Z,2025,8,1,65.300800,22.861400,-12.0,0,4.1,1,sea,0,0,0,0,0,0
2025-08-01T01:17:59.705528Z,2025,8,1,65.250800,22.908800,3.0,0,1.2,1,sea,0,0,0,0,0,0
2025-08-01T01:17:59.706582Z,2025,8,1,65.250000,22.861200,10.0,0,28.7,1,sea,0,0,0,0,0,0
2025-08-01T01:17:59.707542Z,2025,8,1,65.250000,22.861000,18.0,0,14.2,1,sea,0,0,0,0,0,0
2025-08-01T01:17:59.708965Z,2025,8,1,65.248100,22.867600,5.0,0,4.3,1,sea,0,0,0,0,0,0
2025-08-01T01:17:59.718150Z,2025,8,1,65.263400,22.881300,-13.0,0,23.6,1,sea,0,0,0,0,0,0
2025-08-01T01:18:36.199419Z,2025,8,1,65.249200,22.894200,10.0,0,15.5,1,sea,0,0,0,0,0,0
2025-08-01T01:18:36.200008Z,2025,8,1,65.263700,23.027800,13.0,0,16.3,1,sea,0,0,0,0,0,0
2025-08-01T01:18:36.201438Z,2025,8,1,65.240900,22.884600,7.0,0,2.9,1,sea,0,0,0,0,0,0
2025-08-01T01:18:36.203840Z,2025,8,1,65.244200,22.889700,10.0,0,25.6,1,sea,0,0,0,0,0,0
2025-08-01T01:18:36.237990Z,2025,8,1,65.254200,22.846400,4.0,0,8.9,1,sea,0,0,0,0,0,0
2025-08-01T01:18:36.238928Z,2025,8,1,65.255000,22.844300,5.0,0,5.3,1,sea,0,0,0,0,0,0
2025-08-01T01:18:36.254188Z,2025,8,1,65.255900,22.845600,4.0,0,4.4,1,sea,0,0,0,0,0,0
2025-08-01T01:19:17.649918Z,2025,8,1,65.255000,22.850000,10.0,0,3.7,1,sea,0,0,0,0,0,0
2025-08-01T01:19:17.652127Z,2025,8,1,65.250900,22.853500,8.0,0,9.1,1,sea,0,0,0,0,0,0
2025-08-01T01:19:17.653612Z,2025,8,1,65.248100,22.839900,20.0,0,20.6,1,sea,0,0,0,0,0,0
2025-08-01T01:19:17.665920Z,2025,8,1,65.286300,22.805400,-6.0,0,5.2,1,sea,0,0,0,0,0,0
2025-08-01T01:19:17.818495Z,2025,8,1,65.369500,22.762600,-51.0,0,12.2,1,sea,0,0,0,0,0,0
2025-08-01T01:19:18.045423Z,2025,8,1,65.288800,22.824000,2.0,0,1.4,1,sea,0,0,0,0,0,0
2025-08-01T01:19:18.059008Z,2025,8,1,65.354000,22.721900,-22.0,0,5.4,1,sea,0,0,0,0,0,0
2025-08-01T01:20:27.081580Z,2025,8,1,65.262600,22.852600,-19.0,0,10.7,1,sea,0,0,0,0,0,0
2025-08-01T01:20:27.082797Z,2025,8,1,65.260800,22.845800,-143.0,0,11.7,1,sea,0,0,0,0,0,0
2025-08-01T01:20:27.161054Z,2025,8,1,65.254400,22.877600,-13.0,0,2.3,1,sea,0,0,0,0,0,0
2025-08-01T01:21:49.588677Z,2025,8,1,65.262500,22.803700,22.0,0,18.7,1,sea,0,0,0,0,0,0
2025-08-01T01:21:49.589402Z,2025,8,1,65.260800,22.799600,13.0,0,26.4,1,sea,0,0,0,0,0,0
2025-08-01T01:21:49.589443Z,2025,8,1,65.278600,22.838300,-42.0,0,21.9,1,sea,0,0,0,0,0,0
2025-08-01T01:21:49.592723Z,2025,8,1,65.241800,22.841900,11.0,0,8.2,1,sea,0,0,0,0,0,0
2025-08-01T01:21:49.810671Z,2025,8,1,65.267900,22.677100,-4.0,0,4.2,1,sea,0,0,0,0,0,0
2025-08-01T01:22:08.929074Z,2025,8,1,65.286200,22.799300,-35.0,0,4.1,1,sea,0,0,0,0,0,0
2025-08-01T01:22:08.951468Z,2025,8,1,65.283000,22.810400,-8.0,0,3.1,1,sea,0,0,0,0,0,0
2025-08-01T01:22:09.341046Z,2025,8,1,65.285400,22.800000,-17.0,0,4.5,1,sea,0,0,0,0,0,0
2025-08-01T01:22:09.351524Z,2025,8,1,65.285700,22.798400,-8.0,0,1.8,1,sea,0,0,0,0,0,0
2025-08-01T01:22:09.379409Z,2025,8,1,65.286400,22.798700,-7.0,0,1.5,1,sea,0,0,0,0,0,0
2025-08-01T01:23:01.310570Z,2025,8,1,65.275800,22.813000,-4.0,0,0.0,1,sea,0,0,0,0,0,0
2025-08-01T01:23:01.310686Z,2025,8,1,65.275500,22.809500,-19.0,0,4.1,1,sea,0,0,0,0,0,0
2025-08-01T01:23:01.313811Z,2025,8,1,65.279900,22.823600,-108.0,0,30.4,1,sea,0,0,0,0,0,0
2025-08-01T01:23:01.402105Z,2025,8,1,65.272400,22.831400,-42.0,0,7.5,1,sea,0,0,0,0,0,0
2025-08-01T01:23:01.431573Z,2025,8,1,65.277000,22.787700,-11.0,0,4.5,1,sea,0,0,0,0,0,0
2025-08-01T01:23:44.095135Z,2025,8,1,65.279800,22.798700,-91.0,0,13.7,1,sea,0,0,0,0,0,0
2025-08-01T01:23:44.124674Z,2025,8,1,65.282900,22.817800,-13.0,0,5.0,1,sea,0,0,0,0,0,0
2025-08-01T01:23:44.128732Z,2025,8,1,65.277200,22.743600,-4.0,0,1.3,1,sea,0,0,0,0,0,0
2025-08-01T01:24:05.712504Z,2025,8,1,65.224000,22.987000,3.0,0,1.3,1,sea,0,0,0,0,0,0
2025-08-01T01:24:05.827307Z,2025,8,1,65.254000,22.756100,4.0,0,5.7,1,sea,0,0,0,0,0,0
2025-08-01T01:24:37.371565Z,2025,8,1,65.271000,22.774300,-8.0,0,4.2,1,sea,0,0,0,0,0,0
2025-08-01T01:24:37.377064Z,2025,8,1,65.272400,22.789600,-80.0,0,8.3,1,sea,0,0,0,0,0,0
2025-08-01T01:24:37.399147Z,2025,8,1,65.271500,22.766900,-4.0,0,3.3,1,sea,0,0,0,0,0,0
2025-08-01T01:24:37.418050Z,2025,8,1,65.273700,22.765800,-14.0,0,4.1,1,sea,0,0,0,0,0,0
2025-08-01T01:24:37.447780Z,2025,8,1,65.252000,22.852400,-11.0,0,2.1,1,sea,0,0,0,0,0,0
2025-08-01T01:25:09.179245Z,2025,8,1,65.293700,22.802000,4.0,0,1.2,1,sea,0,0,0,0,0,0
2025-08-01T01:25:09.180532Z,2025,8,1,65.291100,22.783500,6.0,0,7.0,1,sea,0,0,0,0,0,0
2025-08-01T01:25:09.189460Z,2025,8,1,65.304100,22.777200,5.0,0,2.1,1,sea,0,0,0,0,0,0
2025-08-01T01:25:09.210324Z,2025,8,1,65.281200,22.777700,6.0,0,2.5,1,sea,0,0,0,0,0,0
2025-08-01T01:25:44.888413Z,2025,8,1,65.277000,22.782600,-4.0,0,4.5,1,sea,0,0,0,0,0,0
2025-08-01T01:25:44.896585Z,2025,8,1,65.280300,22.804200,-55.0,0,7.7,1,sea,0,0,0,0,0,0
2025-08-01T01:25:44.913803Z,2025,8,1,65.279900,22.775500,-7.0,0,22.3,1,sea,0,0,0,0,0,0
2025-08-01T01:25:44.921163Z,2025,8,1,65.280900,22.805100,-22.0,0,6.2,1,sea,0,0,0,0,0,0
2025-08-01T01:25:44.921547Z,2025,8,1,65.284800,22.769200,-6.0,0,2.5,1,sea,0,0,0,0,0,0
2025-08-01T01:26:04.132828Z,2025,8,1,65.286500,22.798700,6.0,0,4.9,1,sea,0,0,0,0,0,0
2025-08-01T01:26:04.133920Z,2025,8,1,65.284800,22.789700,4.0,0,1.5,1,sea,0,0,0,0,0,0
2025-08-01T01:26:04.135106Z,2025,8,1,65.311400,22.731600,5.0,0,3.0,1,sea,0,0,0,0,0,0
2025-08-01T01:26:36.543279Z,2025,8,1,65.230100,22.905900,6.0,0,6.3,1,sea,0,0,0,0,0,0
2025-08-01T01:26:36.545081Z,2025,8,1,65.232200,22.898400,4.0,0,20.7,1,sea,0,0,0,0,0,0
2025-08-01T01:26:36.545868Z,2025,8,1,65.236600,22.891000,4.0,0,2.0,1,sea,0,0,0,0,0,0
2025-08-01T01:26:36.548596Z,2025,8,1,65.241300,22.887800,5.0,0,5.5,1,sea,0,0,0,0,0,0
2025-08-01T01:26:36.549927Z,2025,8,1,65.231300,22.905900,3.0,0,1.7,1,sea,0,0,0,0,0,0
2025-08-01T01:27:13.420707Z,2025,8,1,65.278300,22.774600,-7.0,0,6.5,1,sea,0,0,0,0,0,0
2025-08-01T01:27:13.433055Z,2025,8,1,65.287300,22.745600,-36.0,0,7.5,1,sea,0,0,0,0,0,0
2025-08-01T01:27:13.444399Z,2025,8,1,65.286000,22.772500,-9.0,0,3.0,1,sea,0,0,0,0,0,0
2025-08-01T01:27:30.523107Z,2025,8,1,65.298700,22.771100,9.0,0,30.4,1,sea,0,0,0,0,0,0
2025-08-01T01:27:30.524045Z,2025,8,1,65.289100,22.779900,19.0,0,16.8,1,sea,0,0,0,0,0,0
2025-08-01T01:27:45.013435Z,2025,8,1,65.326900,22.728500,7.0,0,17.4,1,sea,0,0,0,0,0,0
2025-08-01T01:27:45.371643Z,2025,8,1,65.276000,22.579400,4.0,0,2.7,1,sea,0,0,0,0,0,0
2025-08-01T01:27:57.080782Z,2025,8,1,65.268200,22.540500,5.0,0,12.2,1,sea,0,0,0,0,0,0
2025-08-01T01:27:57.082233Z,2025,8,1,65.249200,22.601700,6.0,0,19.3,1,sea,0,0,0,0,0,0
2025-08-01T01:28:24.763078Z,2025,8,1,65.290200,22.767200,4.0,0,1.8,1,sea,0,0,0,0,0,0
2025-08-01T01:28:24.778704Z,2025,8,1,65.301500,22.946500,6.0,0,2.6,1,sea,0,0,0,0,0,0
2025-08-01T01:28:24.792024Z,2025,8,1,65.299700,22.782900,11.0,0,11.7,1,sea,0,0,0,0,0,0
2025-08-01T01:28:24.802001Z,2025,8,1,65.300000,22.770100,5.0,0,5.7,1,sea,0,0,0,0,0,0
2025-08-01T01:28:24.818446Z,2025,8,1,65.290800,22.773000,7.0,0,4.3,1,sea,0,0,0,0,0,0
2025-08-01T01:28:24.824656Z,2025,8,1,65.297500,22.771300,9.0,0,3.0,1,sea,0,0,0,0,0,0
2025-08-01T01:28:25.201576Z,2025,8,1,65.298400,22.769500,5.0,0,1.8,1,sea,0,0,0,0,0,0
2025-08-01T01:28:25.350867Z,2025,8,1,65.207600,22.680000,-2.0,0,2.7,1,sea,0,0,0,0,0,0
2025-08-01T01:28:48.502865Z,2025,8,1,65.295700,22.755800,9.0,0,11.6,1,sea,0,0,0,0,0,0
2025-08-01T01:28:48.505006Z,2025,8,1,65.303700,22.753700,25.0,0,27.8,1,sea,0,0,0,0,0,0
2025-08-01T01:28:48.520055Z,2025,8,1,65.268100,22.694000,6.0,0,30.4,1,sea,0,0,0,0,0,0
2025-08-01T01:28:48.520087Z,2025,8,1,65.299800,22.802500,-15.0,0,23.8,1,sea,0,0,0,0,0,0
2025-08-01T01:29:08.563777Z,2025,8,1,65.270800,22.569300,7.0,0,2.9,1,sea,0,0,0,0,0,0
2025-08-01T01:29:08.565097Z,2025,8,1,65.274200,22.565000,12.0,0,23.1,1,sea,0,0,0,0,0,0
2025-08-01T01:29:08.565833Z,2025,8,1,65.282800,22.553200,12.0,0,4.1,1,sea,0,0,0,0,0,0
2025-08-01T01:29:08.931855Z,2025,8,1,65.269700,22.557700,-46.0,0,13.4,1,sea,0,0,0,0,0,0
2025-08-01T01:29:08.933633Z,2025,8,1,65.285800,22.566200,-14.0,0,3.7,1,sea,0,0,0,0,0,0
2025-08-01T01:29:08.972912Z,2025,8,1,65.267700,22.558000,-7.0,0,1.9,1,sea,0,0,0,0,0,0
2025-08-01T01:29:09.038544Z,2025,8,1,65.269600,22.557100,-29.0,0,7.5,1,sea,0,0,0,0,0,0
2025-08-01T01:29:09.040223Z,2025,8,1,65.279800,22.558200,-6.0,0,1.8,1,sea,0,0,0,0,0,0
2025-08-01T01:29:09.087789Z,2025,8,1,65.267400,22.556300,-9.0,0,2.4,1,sea,0,0,0,0,0,0
2025-08-01T01:29:09.162651Z,2025,8,1,65.270200,22.558600,-19.0,0,5.3,1,sea,0,0,0,0,0,0
2025-08-01T01:29:09.225922Z,2025,8,1,65.269000,22.559000,-7.0,0,1.4,1,sea,0,0,0,0,0,0
2025-08-01T01:29:09.304391Z,2025,8,1,65.272200,22.563100,-6.0,0,1.5,1,sea,0,0,0,0,0,0
2025-08-01T01:29:09.335572Z,2025,8,1,65.271000,22.564600,-8.0,0,1.5,1,sea,0,0,0,0,0,0
2025-08-01T01:29:26.922675Z,2025,8,1,65.217300,22.921000,9.0,0,11.1,1,sea,0,0,0,0,0,0
2025-08-01T01:29:27.201564Z,2025,8,1,65.226600,23.001600,-6.0,0,22.4,1,sea,0,0,0,0,0,0
2025-08-01T01:29:35.065617Z,2025,8,1,65.301600,22.731200,5.0,0,3.3,1,sea,0,0,0,0,0,0
2025-08-01T01:29:35.067563Z,2025,8,1,65.308000,22.738400,6.0,0,6.4,1,sea,0,0,0,0,0,0
2025-08-01T01:29:35.068836Z,2025,8,1,65.293900,22.764600,9.0,0,30.4,1,sea,0,0,0,0,0,0
2025-08-01T01:29:35.070254Z,2025,8,1,65.296000,22.751000,7.0,0,1.9,1,sea,0,0,0,0,0,0
2025-08-01T01:29:35.070970Z,2025,8,1,65.294700,22.750500,4.0,0,1.9,1,sea,0,0,0,0,0,0
2025-08-01T01:29:35.086589Z,2025,8,1,65.298800,22.714300,6.0,0,30.4,1,sea,0,0,0,0,0,0
2025-08-01T01:29:54.163097Z,2025,8,1,65.317700,22.747500,3.0,0,10.8,1,sea,0,0,0,0,0,0
2025-08-01T01:29:54.169214Z,2025,8,1,65.296900,22.767400,6.0,0,3.2,1,sea,0,0,0,0,0,0
2025-08-01T01:29:54.170661Z,2025,8,1,65.287900,22.774900,6.0,0,30.4,1,sea,0,0,0,0,0,0
2025-08-01T01:29:54.186119Z,2025,8,1,65.308000,22.756600,3.0,0,1.5,1,sea,0,0,0,0,0,0
2025-08-01T01:30:08.853488Z,2025,8,1,65.276500,22.801500,9.0,0,30.4,1,sea,0,0,0,0,0,0
2025-08-01T01:30:08.854534Z,2025,8,1,65.317700,22.721800,16.0,0,14.3,1,sea,0,0,0,0,0,0
2025-08-01T01:30:19.272768Z,2025,8,1,65.239000,22.969700,9.0,0,5.1,1,sea,0,0,0,0,0,0
2025-08-01T01:30:25.038633Z,2025,8,1,65.271400,22.732000,4.0,0,1.2,1,sea,0,0,0,0,0,0
2025-08-01T01:30:25.039955Z,2025,8,1,65.275200,22.753700,6.0,0,9.8,1,sea,0,0,0,0,0,0
2025-08-01T01:30:25.386763Z,2025,8,1,65.277500,22.549300,3.0,0,1.5,1,sea,0,0,0,0,0,0
2025-08-01T01:30:45.900296Z,2025,8,1,65.270700,22.553200,13.0,0,5.2,1,sea,0,0,0,0,0,0
2025-08-01T01:30:45.900552Z,2025,8,1,65.276500,22.556100,6.0,0,4.9,1,sea,0,0,0,0,0,0
2025-08-01T01:31:05.962390Z,2025,8,1,65.313600,22.757000,8.0,0,4.4,1,sea,0,0,0,0,0,0
2025-08-01T01:31:05.963171Z,2025,8,1,65.311300,22.756000,5.0,0,3.2,1,sea,0,0,0,0,0,0
2025-08-01T01:31:05.967296Z,2025,8,1,65.313600,22.756300,7.0,0,15.7,1,sea,0,0,0,0,0,0
2025-08-01T01:31:05.969925Z,2025,8,1,65.313200,22.857900,6.0,0,18.4,1,sea,0,0,0,0,0,0
2025-08-01T01:31:05.970822Z,2025,8,1,65.310600,22.714500,8.0,0,13.2,1,sea,0,0,0,0,0,0
2025-08-01T01:31:05.992953Z,2025,8,1,65.310900,22.739900,5.0,0,7.2,1,sea,0,0,0,0,0,0
2025-08-01T01:31:06.595751Z,2025,8,1,65.273500,22.771300,8.0,0,9.1,1,sea,0,0,0,0,0,0
2025-08-01T01:31:06.598839Z,2025,8,1,65.269900,22.767700,5.0,0,3.7,1,sea,0,0,0,0,0,0
2025-08-01T01:31:06.599602Z,2025,8,1,65.263300,22.776000,5.0,0,15.2,1,sea,0,0,0,0,0,0
2025-08-01T01:31:24.819131Z,2025,8,1,65.284500,22.532300,8.0,0,13.1,1,sea,0,0,0,0,0,0
2025-08-01T01:31:25.013932Z,2025,8,1,65.283300,22.538800,5.0,0,13.0,1,sea,0,0,0,0,0,0
2025-08-01T01:31:25.161217Z,2025,8,1,65.284800,22.540500,9.0,0,2.4,1,sea,0,0,0,0,0,0
2025-08-01T01:31:50.559606Z,2025,8,1,65.312200,22.727900,6.0,0,10.0,1,sea,0,0,0,0,0,0
2025-08-01T01:31:50.560454Z,2025,8,1,65.313600,22.723800,11.0,0,8.0,1,sea,0,0,0,0,0,0
2025-08-01T01:31:50.561296Z,2025,8,1,65.312800,22.722800,10.0,0,7.2,1,sea,0,0,0,0,0,0
2025-08-01T01:31:50.561856Z,2025,8,1,65.278700,22.795200,10.0,0,30.4,1,sea,0,0,0,0,0,0
2025-08-01T01:31:50.587791Z,2025,8,1,65.312400,22.734500,10.0,0,12.3,1,sea,0,0,0,0,0,0
2025-08-01T01:31:50.595237Z,2025,8,1,65.314900,22.715500,6.0,0,12.4,1,sea,0,0,0,0,0,0
2025-08-01T01:31:50.617955Z,2025,8,1,65.302800,22.752700,6.0,0,11.0,1,sea,0,0,0,0,0,0
2025-08-01T01:32:03.093967Z,2025,8,1,65.291600,22.705900,-4.0,0,1.7,1,sea,0,0,0,0,0,0
2025-08-01T01:32:03.159361Z,2025,8,1,65.487000,22.878100,5.0,0,2.4,1,sea,0,0,0,0,0,0
2025-08-01T01:32:03.167032Z,2025,8,1,65.301300,22.742400,-23.0,0,9.8,1,sea,0,0,0,0,0,0
2025-08-01T01:32:03.189120Z,2025,8,1,65.301200,22.739700,-10.0,0,2.0,1,sea,0,0,0,0,0,0
2025-08-01T01:32:03.374683Z,2025,8,1,65.301200,22.741700,-27.0,0,6.6,1,sea,0,0,0,0,0,0
2025-08-01T01:32:03.378025Z,2025,8,1,65.266200,22.783700,-5.0,0,7.5,1,sea,0,0,0,0,0,0
2025-08-01T01:32:03.382387Z,2025,8,1,65.290300,22.747900,-5.0,0,16.9,1,sea,0,0,0,0,0,0
2025-08-01T01:32:03.453206Z,2025,8,1,65.301100,22.742400,-24.0,0,6.3,1,sea,0,0,0,0,0,0
2025-08-01T01:32:03.461350Z,2025,8,1,65.297100,22.762500,-7.0,0,4.3,1,sea,0,0,0,0,0,0
2025-08-01T01:32:03.492403Z,2025,8,1,65.301500,22.740900,-7.0,0,1.7,1,sea,0,0,0,0,0,0
2025-08-01T01:32:32.373632Z,2025,8,1,65.251100,22.870800,5.0,0,10.1,1,sea,0,0,0,0,0,0
2025-08-01T01:32:32.374622Z,2025,8,1,65.253800,22.874800,4.0,0,18.6,1,sea,0,0,0,0,0,0
2025-08-01T01:32:32.375478Z,2025,8,1,65.259200,22.871000,14.0,0,13.0,1,sea,0,0,0,0,0,0
2025-08-01T01:32:41.651855Z,2025,8,1,65.316300,22.759800,10.0,0,30.4,1,sea,0,0,0,0,0,0
2025-08-01T01:32:41.653422Z,2025,8,1,65.314300,22.749200,27.0,0,30.4,1,sea,0,0,0,0,0,0
2025-08-01T01:32:41.655420Z,2025,8,1,65.318300,22.715500,6.0,0,6.6,1,sea,0,0,0,0,0,0
2025-08-01T01:32:41.655465Z,2025,8,1,65.315400,22.760300,-13.0,0,24.9,1,sea,0,0,0,0,0,0
2025-08-01T01:32:41.687159Z,2025,8,1,65.309500,22.724700,5.0,0,2.7,1,sea,0,0,0,0,0,0
2025-08-01T01:32:41.695960Z,2025,8,1,65.258200,22.755500,4.0,0,10.4,1,sea,0,0,0,0,0,0
2025-08-01T01:33:03.023241Z,2025,8,1,65.317100,22.722300,6.0,0,7.0,1,sea,0,0,0,0,0,0
2025-08-01T01:33:03.025599Z,2025,8,1,65.318500,22.711400,8.0,0,8.3,1,sea,0,0,0,0,0,0
2025-08-01T01:33:18.182648Z,2025,8,1,65.293900,22.714800,-6.0,0,2.1,1,sea,0,0,0,0,0,0
2025-08-01T01:33:18.202094Z,2025,8,1,65.313500,22.709500,-23.0,0,7.3,1,sea,0,0,0,0,0,0
2025-08-01T01:33:18.239657Z,2025,8,1,65.299600,22.708700,-23.0,0,7.4,1,sea,0,0,0,0,0,0
2025-08-01T01:33:18.255487Z,2025,8,1,65.299500,22.710100,-12.0,0,2.1,1,sea,0,0,0,0,0,0
2025-08-01T01:33:18.302567Z,2025,8,1,65.318700,22.734500,-16.0,0,4.6,1,sea,0,0,0,0,0,0
2025-08-01T01:33:18.370486Z,2025,8,1,65.332600,22.684400,-18.0,0,3.2,1,sea,0,0,0,0,0,0
2025-08-01T01:33:18.476571Z,2025,8,1,65.333300,22.684400,-22.0,0,7.4,1,sea,0,0,0,0,0,0
2025-08-01T01:33:18.539328Z,2025,8,1,65.333000,22.683100,-19.0,0,8.5,1,sea,0,0,0,0,0,0
2025-08-01T01:33:47.246511Z,2025,8,1,65.333700,22.704800,8.0,0,14.3,1,sea,0,0,0,0,0,0
2025-08-01T01:33:47.247472Z,2025,8,1,65.331600,22.711000,8.0,0,24.6,1,sea,0,0,0,0,0,0
2025-08-01T01:33:47.248226Z,2025,8,1,65.333800,22.700700,6.0,0,3.9,1,sea,0,0,0,0,0,0
2025-08-01T01:33:47.258438Z,2025,8,1,65.323000,22.697500,6.0,0,3.2,1,sea,0,0,0,0,0,0
2025-08-01T01:33:47.852873Z,2025,8,1,65.296900,22.482600,5.0,0,6.0,1,sea,0,0,0,0,0,0
2025-08-01T01:34:11.494929Z,2025,8,1,65.327900,22.731500,-54.0,0,10.5,1,sea,0,0,0,0,0,0
2025-08-01T01:34:11.519285Z,2025,8,1,65.331200,22.756500,-3.0,0,1.4,1,sea,0,0,0,0,0,0
2025-08-01T01:34:11.536971Z,2025,8,1,65.328700,22.728700,-9.0,0,9.1,1,sea,0,0,0,0,0,0
2025-08-01T01:34:11.543130Z,2025,8,1,65.324700,22.756400,-2.0,0,4.3,1,sea,0,0,0,0,0,0
2025-08-01T01:34:11.548359Z,2025,8,1,65.318500,22.717900,-32.0,0,8.6,1,sea,0,0,0,0,0,0
2025-08-01T01:34:11.564253Z,2025,8,1,65.316600,22.708100,-7.0,0,1.9,1,sea,0,0,0,0,0,0
2025-08-01T01:34:11.912782Z,2025,8,1,65.325300,22.712100,-13.0,0,11.9,1,sea,0,0,0,0,0,0
2025-08-01T01:34:11.929864Z,2025,8,1,65.324700,22.715000,-10.0,0,1.8,1,sea,0,0,0,0,0,0
2025-08-01T01:34:12.080473Z,2025,8,1,65.183000,22.806100,5.0,0,1.8,1,sea,0,0,0,0,0,0
2025-08-01T01:34:12.082038Z,2025,8,1,65.295700,22.566100,5.0,0,2.7,1,sea,0,0,0,0,0,0
2025-08-01T01:34:12.082678Z,2025,8,1,65.303100,22.558000,9.0,0,5.6,1,sea,0,0,0,0,0,0
2025-08-01T01:34:12.102596Z,2025,8,1,65.315300,22.590700,3.0,0,4.6,1,sea,0,0,0,0,0,0
2025-08-01T01:34:25.771824Z,2025,8,1,65.292400,22.610400,-8.0,0,2.6,1,sea,0,0,0,0,0,0
2025-08-01T01:35:00.671475Z,2025,8,1,65.326300,22.689200,-9.0,0,0.0,1,sea,0,0,0,0,0,0
2025-08-01T01:35:00.671658Z,2025,8,1,65.331300,22.690900,13.0,0,19.2,1,sea,0,0,0,0,0,0
2025-08-01T01:35:00.672916Z,2025,8,1,65.324600,22.689700,8.0,0,4.6,1,sea,0,0,0,0,0,0
2025-08-01T01:35:00.674202Z,2025,8,1,65.330200,22.690900,6.0,0,9.4,1,sea,0,0,0,0,0,0
2025-08-01T01:35:00.686936Z,2025,8,1,65.326700,22.681600,11.0,0,23.4,1,sea,0,0,0,0,0,0
2025-08-01T01:35:33.401706Z,2025,8,1,65.265400,22.871600,5.0,0,3.3,1,sea,0,0,0,0,0,0
2025-08-01T01:35:33.402591Z,2025,8,1,65.236700,22.936400,7.0,0,9.3,1,sea,0,0,0,0,0,0
2025-08-01T01:35:33.518739Z,2025,8,1,65.267900,22.794100,-3.0,0,1.3,1,sea,0,0,0,0,0,0
2025-08-01T01:35:50.491359Z,2025,8,1,65.337800,22.691300,3.0,0,4.8,1,sea,0,0,0,0,0,0
2025-08-01T01:36:13.833395Z,2025,8,1,65.350900,22.650200,8.0,0,16.1,1,sea,0,0,0,0,0,0
2025-08-01T01:36:27.387863Z,2025,8,1,65.382800,22.696100,-24.0,0,8.6,1,sea,0,0,0,0,0,0
2025-08-01T01:36:27.604091Z,2025,8,1,65.378800,22.692600,-18.0,0,3.9,1,sea,0,0,0,0,0,0
2025-08-01T01:36:27.657450Z,2025,8,1,65.379400,22.696500,-9.0,0,2.7,1,sea,0,0,0,0,0,0
2025-08-01T01:36:27.909972Z,2025,8,1,65.282700,22.825200,3.0,0,7.3,1,sea,0,0,0,0,0,0
2025-08-01T01:36:27.912090Z,2025,8,1,65.291500,22.792400,4.0,0,9.8,1,sea,0,0,0,0,0,0
2025-08-01T01:36:27.914200Z,2025,8,1,65.219900,22.884000,4.0,0,24.4,1,sea,0,0,0,0,0,0
2025-08-01T01:36:27.919815Z,2025,8,1,65.271000,22.683600,6.0,0,14.3,1,sea,0,0,0,0,0,0
2025-08-01T01:36:27.923314Z,2025,8,1,65.260700,22.826700,5.0,0,2.4,1,sea,0,0,0,0,0,0
2025-08-01T01:36:27.939102Z,2025,8,1,65.278500,22.824300,4.0,0,1.7,1,sea,0,0,0,0,0,0
2025-08-01T01:36:58.357790Z,2025,8,1,65.343900,22.660200,7.0,0,3.2,1,sea,0,0,0,0,0,0
2025-08-01T01:36:58.364006Z,2025,8,1,65.334400,22.641600,12.0,0,18.7,1,sea,0,0,0,0,0,0
2025-08-01T01:36:58.365921Z,2025,8,1,65.324600,22.662800,7.0,0,4.6,1,sea,0,0,0,0,0,0
2025-08-01T01:36:58.367741Z,2025,8,1,65.324300,22.777100,5.0,0,3.1,1,sea,0,0,0,0,0,0
2025-08-01T01:36:58.470097Z,2025,8,1,65.309900,22.715000,4.0,0,13.5,1,sea,0,0,0,0,0,0
2025-08-01T01:36:58.582708Z,2025,8,1,65.408200,22.761600,-15.0,0,7.2,1,sea,0,0,0,0,0,0
2025-08-01T01:36:58.790943Z,2025,8,1,65.406200,22.760000,-9.0,0,2.5,1,sea,0,0,0,0,0,0
2025-08-01T01:37:13.538143Z,2025,8,1,65.273700,22.885500,22.0,0,16.5,1,sea,0,0,0,0,0,0
2025-08-01T01:37:13.539827Z,2025,8,1,65.262700,22.878600,5.0,0,2.9,1,sea,0,0,0,0,0,0
2025-08-01T01:37:48.525634Z,2025,8,1,65.323600,22.645700,5.0,0,8.3,1,sea,0,0,0,0,0,0
2025-08-01T01:37:48.527565Z,2025,8,1,65.335100,22.629500,5.0,0,14.9,1,sea,0,0,0,0,0,0
2025-08-01T01:37:48.971604Z,2025,8,1,65.333000,22.624600,6.0,0,1.9,1,sea,0,0,0,0,0,0
2025-08-01T01:37:49.327116Z,2025,8,1,65.388400,22.737300,-15.0,0,5.1,1,sea,0,0,0,0,0,0
2025-08-01T01:38:06.910266Z,2025,8,1,65.254000,22.793600,7.0,0,10.1,1,sea,0,0,0,0,0,0
2025-08-01T01:38:06.910998Z,2025,8,1,65.256900,22.806000,5.0,0,1.5,1,sea,0,0,0,0,0,0
2025-08-01T01:38:06.911406Z,2025,8,1,65.255700,22.791700,10.0,0,6.6,1,sea,0,0,0,0,0,0
2025-08-01T01:38:06.912179Z,2025,8,1,65.252700,22.779000,6.0,0,11.9,1,sea,0,0,0,0,0,0
2025-08-01T01:38:06.913481Z,2025,8,1,65.256200,22.802500,16.0,0,24.6,1,sea,0,0,0,0,0,0
2025-08-01T01:38:07.487377Z,2025,8,1,65.259000,22.793200,8.0,0,2.0,1,sea,0,0,0,0,0,0
2025-08-01T01:38:13.989445Z,2025,8,1,65.338900,22.618100,5.0,0,1.7,1,sea,0,0,0,0,0,0
2025-08-01T01:38:31.766809Z,2025,8,1,65.342300,22.665100,6.0,0,1.7,1,sea,0,0,0,0,0,0
2025-08-01T01:38:32.147125Z,2025,8,1,65.336000,22.598000,8.0,0,1.8,1,sea,0,0,0,0,0,0
2025-08-01T01:38:44.562400Z,2025,8,1,65.260900,22.837300,12.0,0,13.0,1,sea,0,0,0,0,0,0
2025-08-01T01:38:44.620989Z,2025,8,1,65.262300,22.832100,4.0,0,13.1,1,sea,0,0,0,0,0,0
2025-08-01T01:39:25.566979Z,2025,8,1,65.302800,23.121400,-7.0,0,7.3,1,sea,0,0,0,0,1,1
2025-08-01T01:39:25.604099Z,2025,8,1,65.261900,22.916300,5.0,0,7.0,1,sea,0,0,0,0,0,0
2025-08-01T01:39:31.475091Z,2025,8,1,65.278700,22.874300,18.0,0,27.3,1,sea,0,0,0,0,0,0
2025-08-01T01:39:31.479593Z,2025,8,1,65.276100,22.830100,4.0,0,1.3,1,sea,0,0,0,0,0,0
2025-08-01T01:39:34.252306Z,2025,8,1,65.352600,22.639900,6.0,0,7.7,1,sea,0,0,0,0,0,0
2025-08-01T01:39:34.779056Z,2025,8,1,65.296800,22.501200,3.0,0,10.0,1,sea,0,0,0,0,0,0
2025-08-01T01:39:34.946434Z,2025,8,1,65.310400,22.674100,-85.0,0,15.4,1,sea,0,0,0,0,0,0
2025-08-01T01:39:34.947056Z,2025,8,1,65.351500,22.473200,-14.0,0,0.0,1,sea,0,1,1,0,0,0
2025-08-01T01:39:35.017420Z,2025,8,1,65.326800,22.592500,-16.0,0,2.1,1,sea,0,0,0,0,0,0
2025-08-01T01:40:06.664658Z,2025,8,1,65.237500,23.057000,-21.0,0,5.2,1,sea,0,0,0,0,0,0
2025-08-01T01:40:14.357368Z,2025,8,1,65.229400,22.995800,3.0,0,8.9,1,sea,0,0,0,0,0,0
2025-08-01T01:40:14.367778Z,2025,8,1,65.207200,23.047300,4.0,0,7.9,1,sea,0,0,0,0,0,0
2025-08-01T01:40:14.369179Z,2025,8,1,65.206000,23.048100,6.0,0,4.0,1,sea,0,0,0,0,0,0
2025-08-01T01:40:14.991982Z,2025,8,1,65.225900,22.890700,10.0,0,13.9,1,sea,0,0,0,0,0,0
2025-08-01T01:40:14.993714Z,2025,8,1,65.222800,22.884500,5.0,0,1.7,1,sea,0,0,0,0,0,0
2025-08-01T01:40:29.783088Z,2025,8,1,65.330000,22.716500,3.0,0,11.0,1,sea,0,0,0,0,0,0
2025-08-01T01:40:29.783442Z,2025,8,1,65.362900,22.652000,7.0,0,4.3,1,sea,0,0,0,0,0,0
2025-08-01T01:40:51.228759Z,2025,8,1,65.307800,22.688400,3.0,0,15.3,1,sea,0,0,0,0,0,0
2025-08-01T01:40:51.549629Z,2025,8,1,65.432800,22.574800,-17.0,0,5.2,1,sea,0,0,0,0,0,0
2025-08-01T01:40:51.677557Z,2025,8,1,65.433800,22.575000,-11.0,0,2.0,1,sea,0,0,0,0,0,0
2025-08-01T01:41:08.382766Z,2025,8,1,65.228100,23.064900,13.0,0,15.9,1,sea,0,0,0,0,0,0
2025-08-01T01:41:08.573763Z,2025,8,1,65.262400,22.946300,-17.0,0,7.2,1,sea,0,0,0,0,0,0
2025-08-01T01:41:08.580689Z,2025,8,1,65.289700,23.040100,-9.0,0,2.7,1,sea,0,0,0,0,0,0
2025-08-01T01:41:24.212532Z,2025,8,1,65.371800,22.656600,7.0,0,3.5,1,sea,0,0,0,0,0,0
2025-08-01T01:41:24.247568Z,2025,8,1,65.366400,22.671600,-14.0,0,10.9,1,sea,0,0,0,0,0,0
2025-08-01T01:41:24.923476Z,2025,8,1,65.311700,22.705500,-99.0,0,10.5,1,sea,0,0,0,0,0,0
2025-08-01T01:41:24.957940Z,2025,8,1,65.312200,22.705000,-17.0,0,5.4,1,sea,0,0,0,0,0,0
2025-08-01T01:41:24.997964Z,2025,8,1,65.312300,22.703900,-14.0,0,30.4,1,sea,0,0,0,0,0,0
2025-08-01T01:41:24.998604Z,2025,8,1,65.282800,22.722200,-10.0,0,7.0,1,sea,0,0,0,0,0,0
2025-08-01T01:41:25.074319Z,2025,8,1,65.312300,22.706700,-13.0,0,4.0,1,sea,0,0,0,0,0,0
2025-08-01T01:41:25.141355Z,2025,8,1,65.317200,22.362700,-5.0,0,22.2,1,islands,1,1,1,0,0,0
2025-08-01T01:41:25.153763Z,2025,8,1,65.305600,22.404500,-5.0,0,1.3,1,sea,0,0,1,0,0,0
2025-08-01T01:41:25.184914Z,2025,8,1,65.311800,22.704000,-7.0,0,1.7,1,sea,0,0,0,0,0,0
2025-08-01T01:41:25.208619Z,2025,8,1,65.312000,22.704500,-7.0,0,1.8,1,sea,0,0,0,0,0,0
2025-08-01T01:41:33.963991Z,2025,8,1,65.209300,23.004700,-3.0,0,2.3,1,sea,0,0,0,0,0,0
2025-08-01T01:41:51.939238Z,2025,8,1,65.356200,22.636800,-23.0,0,3.1,1,sea,0,0,0,0,0,0
2025-08-01T01:41:51.960503Z,2025,8,1,65.435100,22.589300,-4.0,0,15.6,1,sea,0,0,0,0,0,0
2025-08-01T01:41:51.962033Z,2025,8,1,65.355000,22.629800,-12.0,0,3.1,1,sea,0,0,0,0,0,0
2025-08-01T01:41:51.998311Z,2025,8,1,65.332300,22.640000,-18.0,0,10.1,1,sea,0,0,0,0,0,0
2025-08-01T01:41:51.999022Z,2025,8,1,65.386700,22.630500,4.0,0,1.4,1,sea,0,0,0,0,0,0
2025-08-01T01:41:52.053826Z,2025,8,1,65.364900,22.634900,-13.0,0,3.9,1,sea,0,0,0,0,0,0
2025-08-01T01:41:52.054076Z,2025,8,1,65.395100,22.639900,-7.0,0,26.9,1,sea,0,0,0,0,0,0
2025-08-01T01:41:57.567884Z,2025,8,1,65.228800,23.056300,4.0,0,2.8,1,sea,0,0,0,0,0,0
2025-08-01T01:42:14.094768Z,2025,8,1,65.367900,22.614800,8.0,0,7.7,1,sea,0,0,0,0,0,0
2025-08-01T01:42:14.095754Z,2025,8,1,65.366900,22.612000,17.0,0,8.3,1,sea,0,0,0,0,0,0
2025-08-01T01:42:14.096723Z,2025,8,1,65.351800,22.646600,4.0,0,9.1,1,sea,0,0,0,0,0,0
2025-08-01T01:42:14.684418Z,2025,8,1,65.312700,22.663200,-18.0,0,5.6,1,sea,0,0,0,0,0,0
2025-08-01T01:42:14.782130Z,2025,8,1,65.283500,22.733700,-8.0,0,5.5,1,sea,0,0,0,0,0,0
2025-08-01T01:42:15.059176Z,2025,8,1,65.314200,22.660400,-18.0,0,4.1,1,sea,0,0,0,0,0,0
2025-08-01T01:42:19.624622Z,2025,8,1,65.279600,22.997300,4.0,0,17.0,1,sea,0,0,0,0,0,0
2025-08-01T01:42:19.624657Z,2025,8,1,65.227600,23.041000,-9.0,0,10.5,1,sea,0,0,0,0,0,0
2025-08-01T01:42:19.625787Z,2025,8,1,65.226900,23.038500,3.0,0,2.2,1,sea,0,0,0,0,0,0
2025-08-01T01:42:26.447187Z,2025,8,1,65.324800,22.350000,-8.0,0,2.7,1,sea,0,1,1,0,0,0
2025-08-01T01:42:52.871778Z,2025,8,1,65.359900,22.624200,-35.0,0,8.0,1,sea,0,0,0,0,0,0
2025-08-01T01:42:52.911566Z,2025,8,1,65.396600,22.786000,-23.0,0,8.6,1,sea,0,0,0,0,0,0
2025-08-01T01:42:52.925853Z,2025,8,1,65.352500,22.607900,-6.0,0,6.6,1,sea,0,0,0,0,0,0
2025-08-01T01:42:52.935948Z,2025,8,1,65.372000,22.619500,-16.0,0,2.5,1,sea,0,0,0,0,0,0
2025-08-01T01:42:52.991716Z,2025,8,1,65.349800,22.634100,10.0,0,10.4,1,sea,0,0,0,0,0,0
2025-08-01T01:42:52.999398Z,2025,8,1,65.329900,22.667100,-12.0,0,29.3,1,sea,0,0,0,0,0,0
2025-08-01T01:42:53.032649Z,2025,8,1,65.351400,22.631700,-5.0,0,1.5,1,sea,0,0,0,0,0,0
2025-08-01T01:42:53.223551Z,2025,8,1,65.349400,22.638800,-9.0,0,1.9,1,sea,0,0,0,0,0,0
2025-08-01T01:42:53.292566Z,2025,8,1,65.349400,22.636700,-6.0,0,2.0,1,sea,0,0,0,0,0,0
2025-08-01T01:42:53.323945Z,2025,8,1,65.347100,22.638000,-6.0,0,1.7,1,sea,0,0,0,0,0,0
2025-08-01T01:42:59.996873Z,2025,8,1,65.227600,23.021600,6.0,0,12.6,1,sea,0,0,0,0,0,0
2025-08-01T01:42:59.996894Z,2025,8,1,65.224200,22.938600,-3.0,0,3.3,1,sea,0,0,0,0,0,0
2025-08-01T01:43:07.672960Z,2025,8,1,65.282300,22.749800,3.0,0,1.8,1,sea,0,0,0,0,0,0
2025-08-01T01:43:07.674247Z,2025,8,1,65.282800,22.744900,8.0,0,8.6,1,sea,0,0,0,0,0,0
2025-08-01T01:43:07.674897Z,2025,8,1,65.295200,22.716600,6.0,0,7.5,1,sea,0,0,0,0,0,0
2025-08-01T01:43:07.676301Z,2025,8,1,65.294400,22.717400,12.0,0,14.2,1,sea,0,0,0,0,0,0
2025-08-01T01:43:07.677835Z,2025,8,1,65.284700,22.699500,5.0,0,4.2,1,sea,0,0,0,0,0,0
2025-08-01T01:43:07.679824Z,2025,8,1,65.287700,22.730800,4.0,0,1.4,1,sea,0,0,0,0,0,0
2025-08-01T01:43:07.680917Z,2025,8,1,65.276500,22.744800,8.0,0,4.6,1,sea,0,0,0,0,0,0
2025-08-01T01:43:07.690327Z,2025,8,1,65.273600,22.795300,7.0,0,4.9,1,sea,0,0,0,0,0,0
2025-08-01T01:43:07.714770Z,2025,8,1,65.268400,22.485900,-2.0,0,1.9,1,sea,0,0,0,0,0,0
2025-08-01T01:43:25.255252Z,2025,8,1,65.324900,22.324200,-54.0,0,19.6,1,sea,0,0,0,0,0,0
2025-08-01T01:43:25.308303Z,2025,8,1,65.248900,22.244800,-31.0,0,7.5,1,sea,0,0,0,0,0,0
2025-08-01T01:43:25.587244Z,2025,8,1,65.341200,22.346300,6.0,0,8.3,1,sea,0,0,0,0,0,0
2025-08-01T01:43:47.200501Z,2025,8,1,65.232000,22.997700,19.0,0,26.7,1,sea,0,0,0,0,0,0
2025-08-01T01:43:47.201458Z,2025,8,1,65.234500,23.007300,6.0,0,4.1,1,sea,0,0,0,0,0,0
2025-08-01T01:43:47.217438Z,2025,8,1,65.233400,23.015700,7.0,0,20.6,1,sea,0,0,0,0,0,0
2025-08-01T01:43:47.248445Z,2025,8,1,65.219500,22.961600,4.0,0,7.9,1,sea,0,0,0,0,0,0
2025-08-01T01:43:53.395732Z,2025,8,1,65.368900,22.592700,7.0,0,2.0,1,sea,0,0,0,0,0,0
2025-08-01T01:43:53.396796Z,2025,8,1,65.380100,22.594000,3.0,0,2.3,1,sea,0,0,0,0,0,0
2025-08-01T01:43:53.397143Z,2025,8,1,65.379500,22.609000,5.0,0,10.8,1,sea,0,0,0,0,0,0
2025-08-01T01:43:53.398032Z,2025,8,1,65.338200,22.632900,5.0,0,5.2,1,sea,0,0,0,0,0,0
2025-08-01T01:43:53.405575Z,2025,8,1,65.383400,22.590900,4.0,0,1.8,1,sea,0,0,0,0,0,0
2025-08-01T01:44:08.747380Z,2025,8,1,65.236700,23.069400,8.0,0,9.5,1,sea,0,0,0,0,0,0
2025-08-01T01:44:08.748753Z,2025,8,1,65.234000,23.041900,12.0,0,30.4,1,sea,0,0,0,0,0,0
2025-08-01T01:44:08.846222Z,2025,8,1,65.238000,23.003600,5.0,0,4.8,1,sea,0,0,0,0,0,0
2025-08-01T01:44:16.150662Z,2025,8,1,65.259200,22.764000,10.0,0,12.3,1,sea,0,0,0,0,0,0
2025-08-01T01:44:16.151689Z,2025,8,1,65.254700,22.780900,19.0,0,10.6,1,sea,0,0,0,0,0,0
2025-08-01T01:44:16.160081Z,2025,8,1,65.269400,22.764900,5.0,0,3.1,1,sea,0,0,0,0,0,0
2025-08-01T01:44:16.170562Z,2025,8,1,65.271400,22.761300,8.0,0,21.3,1,sea,0,0,0,0,0,0
2025-08-01T01:44:16.195279Z,2025,8,1,65.226000,22.869500,7.0,0,30.4,1,sea,0,0,0,0,0,0
2025-08-01T01:44:30.228239Z,2025,8,1,65.212200,22.995200,7.0,0,9.5,1,sea,0,0,0,0,0,0
2025-08-01T01:44:59.855860Z,2025,8,1,65.239500,23.009600,-6.0,0,0.0,1,sea,0,0,0,0,0,0
2025-08-01T01:44:59.855938Z,2025,8,1,65.239000,23.016300,-14.0,0,4.5,1,sea,0,0,0,0,0,0
2025-08-01T01:44:59.856056Z,2025,8,1,65.240400,23.005400,-7.0,0,0.0,1,sea,0,0,0,0,0,0
2025-08-01T01:44:59.856178Z,2025,8,1,65.240400,23.002200,-7.0,0,0.0,1,sea,0,0,0,0,0,0
2025-08-01T01:44:59.871108Z,2025,8,1,65.241000,23.021900,-9.0,0,2.2,1,sea,0,0,0,0,0,0
2025-08-01T01:44:59.905485Z,2025,8,1,65.239900,23.015400,-7.0,0,28.4,1,sea,0,0,0,0,0,0
2025-08-01T01:45:11.321146Z,2025,8,1,65.279600,22.685600,4.0,0,2.9,1,sea,0,0,0,0,0,0
2025-08-01T01:45:11.324824Z,2025,8,1,65.267600,22.661000,4.0,0,18.7,1,sea,0,0,0,0,0,0
2025-08-01T01:45:11.931573Z,2025,8,1,65.265200,22.714300,4.0,0,16.3,1,sea,0,0,0,0,0,0
2025-08-01T01:45:31.823968Z,2025,8,1,65.321800,22.336300,-16.0,0,4.2,1,sea,0,0,1,0,0,0
2025-08-01T01:45:31.855170Z,2025,8,1,65.334200,22.319400,-16.0,0,6.3,1,sea,0,0,0,0,0,0
2025-08-01T01:45:31.901322Z,2025,8,1,65.333600,22.318400,-13.0,0,3.5,1,sea,0,0,0,0,0,0
2025-08-01T01:45:43.930644Z,2025,8,1,65.374000,22.584800,-18.0,0,3.3,1,sea,0,0,0,0,0,0
2025-08-01T01:45:43.957861Z,2025,8,1,65.352700,22.566600,-6.0,0,1.3,1,sea,0,0,0,0,0,0
2025-08-01T01:45:44.446603Z,2025,8,1,65.330900,22.562900,-7.0,0,2.0,1,sea,0,0,0,0,0,0
2025-08-01T01:45:44.733369Z,2025,8,1,65.330800,22.558200,-7.0,0,1.2,1,sea,0,0,0,0,0,0
2025-08-01T01:45:48.771455Z,2025,8,1,65.257800,22.938700,6.0,0,3.2,1,sea,0,0,0,0,0,0
2025-08-01T01:45:48.771474Z,2025,8,1,65.236000,22.941000,-5.0,0,13.6,1,sea,0,0,0,0,0,0
2025-08-01T01:45:48.773191Z,2025,8,1,65.239600,23.058700,-14.0,0,15.7,1,sea,0,0,0,0,0,0
2025-08-01T01:45:52.170119Z,2025,8,1,65.335600,22.291400,5.0,0,0.0,1,sea,0,0,0,0,0,0
2025-08-01T01:45:52.170422Z,2025,8,1,65.331700,22.278800,10.0,0,25.8,1,sea,0,0,0,0,0,0
2025-08-01T01:46:02.764148Z,2025,8,1,65.249500,22.791300,8.0,0,5.7,1,sea,0,0,0,0,0,0
2025-08-01T01:46:02.764154Z,2025,8,1,65.271700,22.748500,10.0,0,13.8,1,sea,0,0,0,0,0,0
2025-08-01T01:46:02.765436Z,2025,8,1,65.290300,22.765400,12.0,0,17.5,1,sea,0,0,0,0,0,0
2025-08-01T01:46:02.766775Z,2025,8,1,65.273000,22.740800,11.0,0,9.3,1,sea,0,0,0,0,0,0
2025-08-01T01:46:02.768626Z,2025,8,1,65.264500,22.740800,4.0,0,4.1,1,sea,0,0,0,0,0,0
2025-08-01T01:46:02.803521Z,2025,8,1,65.270000,22.765200,5.0,0,4.3,1,sea,0,0,0,0,0,0
2025-08-01T01:46:08.426771Z,2025,8,1,65.243100,23.065200,7.0,0,15.5,1,sea,0,0,0,0,0,0
2025-08-01T01:46:08.468692Z,2025,8,1,65.222400,22.981800,-3.0,0,2.9,1,sea,0,0,0,0,0,0
2025-08-01T01:46:32.330609Z,2025,8,1,65.240400,23.073200,4.0,0,9.8,1,sea,0,0,0,0,0,0
2025-08-01T01:46:51.142337Z,2025,8,1,65.246700,23.046300,4.0,0,10.7,1,sea,0,0,0,0,0,0
2025-08-01T01:46:51.144112Z,2025,8,1,65.231700,23.054600,3.0,0,2.6,1,sea,0,0,0,0,0,0
2025-08-01T01:46:51.155436Z,2025,8,1,65.239700,23.051300,5.0,0,3.9,1,sea,0,0,0,0,0,0
2025-08-01T01:46:58.598325Z,2025,8,1,65.327200,22.276500,10.0,0,3.0,1,sea,0,0,0,0,0,0
2025-08-01T01:46:58.598602Z,2025,8,1,65.405400,22.286200,7.0,0,25.4,1,sea,0,1,1,0,0,0
2025-08-01T01:46:58.599212Z,2025,8,1,65.316600,22.328900,-8.0,0,11.3,1,sea,0,0,0,0,0,0
2025-08-01T01:46:59.227041Z,2025,8,1,65.334100,22.527000,4.0,0,3.8,1,sea,0,0,0,0,0,0
2025-08-01T01:47:13.276319Z,2025,8,1,65.237800,23.064300,4.0,0,5.1,1,sea,0,0,0,0,0,0
2025-08-01T01:47:13.277549Z,2025,8,1,65.231700,22.941300,4.0,0,17.2,1,sea,0,0,0,0,0,0
2025-08-01T01:47:13.309396Z,2025,8,1,65.246100,23.059300,4.0,0,3.8,1,sea,0,0,0,0,0,0
2025-08-01T01:47:13.606937Z,2025,8,1,65.296900,23.043000,-12.0,0,7.7,1,sea,0,0,0,0,0,0
2025-08-01T01:47:13.724088Z,2025,8,1,65.257200,22.779600,15.0,0,17.2,1,sea,0,0,0,0,0,0
2025-08-01T01:47:13.729274Z,2025,8,1,65.253700,22.801200,17.0,0,16.4,1,sea,0,0,0,0,0,0
2025-08-01T01:47:24.282535Z,2025,8,1,65.336500,22.270300,-30.0,0,6.4,1,sea,0,0,0,0,0,0
2025-08-01T01:47:24.392803Z,2025,8,1,65.335500,22.278900,-14.0,0,6.5,1,sea,0,0,0,0,0,0
2025-08-01T01:47:24.499655Z,2025,8,1,65.336400,22.269900,-6.0,0,3.7,1,sea,0,0,0,0,0,0
2025-08-01T01:47:24.565788Z,2025,8,1,65.336900,22.268100,-6.0,0,2.9,1,sea,0,0,0,0,0,0
2025-08-01T01:47:24.684709Z,2025,8,1,65.339800,22.277100,-3.0,0,2.9,1,sea,0,0,0,0,0,0
2025-08-01T01:47:24.754771Z,2025,8,1,65.337200,22.268100,-6.0,0,1.4,1,sea,0,0,0,0,0,0
2025-08-01T01:47:48.394487Z,2025,8,1,65.236400,22.877000,5.0,0,2.1,1,sea,0,0,0,0,0,0
2025-08-01T01:47:48.638605Z,2025,8,1,65.272700,22.795400,5.0,0,8.5,1,sea,0,0,0,0,0,0
2025-08-01T01:47:48.639757Z,2025,8,1,65.263800,22.798800,5.0,0,3.3,1,sea,0,0,0,0,0,0
2025-08-01T01:47:48.643917Z,2025,8,1,65.266400,22.779900,4.0,0,2.5,1,sea,0,0,0,0,0,0
2025-08-01T01:47:48.746322Z,2025,8,1,65.262300,22.968600,3.0,0,1.5,1,sea,0,0,0,0,0,0
2025-08-01T01:47:56.182641Z,2025,8,1,65.334300,22.262200,4.0,0,1.1,1,sea,0,0,0,0,0,0
2025-08-01T01:47:56.183186Z,2025,8,1,65.335400,22.261300,5.0,0,1.7,1,sea,0,0,0,0,0,0
2025-08-01T01:47:56.188580Z,2025,8,1,65.332400,22.245100,3.0,0,2.6,1,sea,0,0,0,0,0,0
2025-08-01T01:48:15.530803Z,2025,8,1,65.245400,23.049800,3.0,0,7.1,1,sea,0,0,0,0,0,0
2025-08-01T01:48:15.531744Z,2025,8,1,65.250300,23.065700,7.0,0,5.5,1,sea,0,0,0,0,0,0
2025-08-01T01:48:15.533098Z,2025,8,1,65.249100,23.066600,4.0,0,4.1,1,sea,0,0,0,0,0,0
2025-08-01T01:48:15.680258Z,2025,8,1,65.158900,22.811100,-2.0,0,5.6,1,sea,0,0,0,0,0,0
2025-08-01T01:48:19.618488Z,2025,8,1,65.348700,22.273300,-4.0,0,4.4,1,sea,0,0,0,0,0,0
2025-08-01T01:48:19.653595Z,2025,8,1,65.331200,22.319600,-24.0,0,4.9,1,sea,0,0,0,0,0,0
2025-08-01T01:48:19.695250Z,2025,8,1,65.330000,22.317500,-15.0,0,3.3,1,sea,0,0,0,0,0,0
2025-08-01T01:48:19.793002Z,2025,8,1,65.328200,22.280800,-10.0,0,4.1,1,sea,0,0,0,0,0,0
2025-08-01T01:48:19.837464Z,2025,8,1,65.327600,22.278200,-4.0,0,1.2,1,sea,0,0,0,0,0,0
2025-08-01T01:48:19.904411Z,2025,8,1,65.327900,22.273800,-14.0,0,3.5,1,sea,0,0,0,0,0,0
2025-08-01T01:48:19.937764Z,2025,8,1,65.328100,22.278500,-6.0,0,2.6,1,sea,0,0,0,0,0,0
2025-08-01T01:48:32.324524Z,2025,8,1,65.247200,22.863500,10.0,0,16.9,1,sea,0,0,0,0,0,0
2025-08-01T01:48:32.726140Z,2025,8,1,65.307000,22.953400,-6.0,0,2.9,1,sea,0,0,0,0,0,0
2025-08-01T01:48:36.245664Z,2025,8,1,65.365100,22.469500,-5.0,0,8.6,1,sea,0,1,1,0,0,0
2025-08-01T01:48:40.032553Z,2025,8,1,65.346900,22.246500,6.0,0,8.0,1,sea,0,0,0,0,0,0
2025-08-01T01:48:40.033862Z,2025,8,1,65.327100,22.240300,3.0,0,2.0,1,sea,0,0,0,0,0,0
2025-08-01T01:48:40.034511Z,2025,8,1,65.349600,22.240600,4.0,0,8.9,1,sea,0,0,0,0,0,0
2025-08-01T01:48:40.291760Z,2025,8,1,65.346500,22.283700,5.0,0,2.9,1,sea,0,0,0,0,0,0
2025-08-01T01:48:48.916359Z,2025,8,1,65.256700,23.048700,8.0,0,7.5,1,sea,0,0,0,0,0,0
2025-08-01T01:48:48.918481Z,2025,8,1,65.251400,23.056700,6.0,0,5.1,1,sea,0,0,0,0,0,0
2025-08-01T01:49:00.688392Z,2025,8,1,65.345400,22.269000,-32.0,0,7.4,1,sea,0,0,0,0,0,0
2025-08-01T01:49:00.710773Z,2025,8,1,65.344700,22.269400,-5.0,0,1.2,1,sea,0,0,0,0,0,0
2025-08-01T01:49:00.860367Z,2025,8,1,65.345600,22.271000,-10.0,0,3.7,1,sea,0,0,0,0,0,0
2025-08-01T01:49:00.977208Z,2025,8,1,65.344500,22.269000,-10.0,0,1.9,1,sea,0,0,0,0,0,0
2025-08-01T01:49:01.047845Z,2025,8,1,65.344300,22.268600,-5.0,0,1.3,1,sea,0,0,0,0,0,0
2025-08-01T01:49:01.064752Z,2025,8,1,65.344300,22.267900,-6.0,0,3.0,1,sea,0,0,0,0,0,0
2025-08-01T01:49:01.163504Z,2025,8,1,65.344400,22.267900,-5.0,0,2.8,1,sea,0,0,0,0,0,0
2025-08-01T01:49:14.224931Z,2025,8,1,65.251000,23.043700,4.0,0,15.3,1,sea,0,0,0,0,0,0
2025-08-01T01:49:14.881780Z,2025,8,1,65.253700,22.839900,5.0,0,3.2,1,sea,0,0,0,0,0,0
2025-08-01T01:49:14.882141Z,2025,8,1,65.292300,22.862600,8.0,0,14.1,1,sea,0,0,0,0,0,0
2025-08-01T01:49:14.882778Z,2025,8,1,65.259400,22.799500,6.0,0,14.5,1,sea,0,0,0,0,0,0
2025-08-01T01:49:14.898233Z,2025,8,1,65.260900,23.007500,6.0,0,2.9,1,sea,0,0,0,0,0,0
2025-08-01T01:49:16.510340Z,2025,8,1,65.381500,22.567000,-4.0,0,9.3,1,sea,0,0,0,0,0,0
2025-08-01T01:49:16.522631Z,2025,8,1,65.394000,22.526200,-19.0,0,4.6,1,sea,0,1,1,0,0,0
2025-08-01T01:49:16.557987Z,2025,8,1,65.378700,22.577700,-13.0,0,3.9,1,sea,0,0,0,0,0,0
2025-08-01T01:49:16.580206Z,2025,8,1,65.377700,22.535200,-11.0,0,4.6,1,sea,0,0,1,0,0,0
2025-08-01T01:49:22.934509Z,2025,8,1,65.346000,22.253500,-27.0,0,6.3,1,sea,0,0,0,0,0,0
2025-08-01T01:49:22.973729Z,2025,8,1,65.331700,22.304000,3.0,0,13.6,1,sea,0,0,0,0,0,0
2025-08-01T01:49:22.974526Z,2025,8,1,65.345900,22.254000,-12.0,0,3.8,1,sea,0,0,0,0,0,0
2025-08-01T01:49:23.002949Z,2025,8,1,65.346500,22.252500,-11.0,0,3.7,1,sea,0,0,0,0,0,0
2025-08-01T01:49:23.094018Z,2025,8,1,65.345300,22.252700,-13.0,0,3.9,1,sea,0,0,0,0,0,0
2025-08-01T01:49:29.575020Z,2025,8,1,65.239300,22.726900,3.0,0,5.5,1,sea,0,0,0,0,0,0
2025-08-01T01:49:40.690417Z,2025,8,1,65.345700,22.243300,-13.0,0,4.7,1,sea,0,0,0,0,0,0
2025-08-01T01:49:40.728379Z,2025,8,1,65.345700,22.243500,-12.0,0,4.0,1,sea,0,0,0,0,0,0
2025-08-01T01:49:40.797503Z,2025,8,1,65.350500,22.240800,-11.0,0,4.1,1,sea,0,0,0,0,0,0
2025-08-01T01:49:50.441099Z,2025,8,1,65.343700,22.260300,-23.0,0,20.0,1,sea,0,0,0,0,0,0
2025-08-01T01:49:50.504659Z,2025,8,1,65.336800,22.269300,-8.0,0,4.4,1,sea,0,0,0,0,0,0
2025-08-01T01:49:50.571835Z,2025,8,1,65.336800,22.269900,-16.0,0,5.0,1,sea,0,0,0,0,0,0
2025-08-01T01:49:50.639247Z,2025,8,1,65.337700,22.270500,-18.0,0,4.7,1,sea,0,0,0,0,0,0
2025-08-01T01:49:50.669179Z,2025,8,1,65.338000,22.270100,-9.0,0,1.8,1,sea,0,0,0,0,0,0
2025-08-01T01:49:50.708641Z,2025,8,1,65.335800,22.269000,-6.0,0,2.9,1,sea,0,0,0,0,0,0
2025-08-01T01:49:50.864784Z,2025,8,1,65.337000,22.268600,-8.0,0,1.8,1,sea,0,0,0,0,0,0
2025-08-01T01:49:50.925797Z,2025,8,1,65.336900,22.269500,-10.0,0,1.8,1,sea,0,0,0,0,0,0
2025-08-01T01:49:50.998153Z,2025,8,1,65.336700,22.269800,-10.0,0,2.5,1,sea,0,0,0,0,0,0
2025-08-01T01:49:53.912951Z,2025,8,1,65.321200,22.682400,5.0,0,2.3,1,sea,0,0,0,0,0,0
2025-08-01T01:49:53.913634Z,2025,8,1,65.262100,22.859400,8.0,0,14.8,1,sea,0,0,0,0,0,0
2025-08-01T01:49:53.915232Z,2025,8,1,65.257600,22.874100,7.0,0,9.4,1,sea,0,0,0,0,0,0
2025-08-01T01:49:53.916283Z,2025,8,1,65.252000,22.885400,6.0,0,8.0,1,sea,0,0,0,0,0,0
2025-08-01T01:49:54.274147Z,2025,8,1,65.182000,22.828600,5.0,0,15.9,1,sea,0,0,0,0,0,0
2025-08-01T01:49:54.278199Z,2025,8,1,65.276900,22.897200,5.0,0,4.3,1,sea,0,0,0,0,0,0
2025-08-01T01:49:54.279122Z,2025,8,1,65.248600,22.929800,5.0,0,2.3,1,sea,0,0,0,0,0,0
2025-08-01T01:49:54.282224Z,2025,8,1,65.237100,22.951800,-5.0,0,2.1,1,sea,0,0,0,0,0,0
2025-08-01T01:49:54.283902Z,2025,8,1,65.245500,22.865000,5.0,0,11.0,1,sea,0,0,0,0,0,0
2025-08-01T01:50:10.243017Z,2025,8,1,65.344700,22.253100,-24.0,0,5.9,1,sea,0,0,0,0,0,0
2025-08-01T01:50:10.274299Z,2025,8,1,65.342600,22.252500,-5.0,0,1.9,1,sea,0,0,0,0,0,0
2025-08-01T01:50:10.274632Z,2025,8,1,65.346200,22.262700,-6.0,0,4.9,1,sea,0,0,0,0,0,0
2025-08-01T01:50:10.316279Z,2025,8,1,65.343600,22.256200,-11.0,0,4.2,1,sea,0,0,0,0,0,0
2025-08-01T01:50:10.365183Z,2025,8,1,65.345600,22.252700,-10.0,0,3.6,1,sea,0,0,0,0,0,0
2025-08-01T01:50:34.412433Z,2025,8,1,65.275400,22.840900,6.0,0,2.7,1,sea,0,0,0,0,0,0
2025-08-01T01:50:34.417982Z,2025,8,1,65.245500,22.852900,13.0,0,16.2,1,sea,0,0,0,0,0,0
2025-08-01T01:50:36.077177Z,2025,8,1,65.354100,22.245500,-21.0,0,6.4,1,sea,0,0,0,0,0,0
2025-08-01T01:50:45.515801Z,2025,8,1,65.501500,21.810700,12.0,0,0.0,1,mainland,0,0,0,0,0,0
2025-08-01T01:50:45.518148Z,2025,8,1,65.464700,21.973700,6.0,0,14.2,1,mainland,0,0,1,0,0,0
2025-08-01T01:50:45.594563Z,2025,8,1,65.518400,21.966000,-11.0,0,3.9,1,mainland,1,1,1,0,0,0
2025-08-01T01:50:54.452274Z,2025,8,1,65.259900,22.869800,10.0,0,9.3,1,sea,0,0,0,0,0,0
2025-08-01T01:50:54.453546Z,2025,8,1,65.254500,22.863500,6.0,0,5.7,1,sea,0,0,0,0,0,0
2025-08-01T01:50:54.455394Z,2025,8,1,65.261200,22.853500,5.0,0,3.8,1,sea,0,0,0,0,0,0
2025-08-01T01:50:54.458227Z,2025,8,1,65.247600,22.859900,10.0,0,4.2,1,sea,0,0,0,0,0,0
2025-08-01T01:50:54.715159Z,2025,8,1,65.276600,22.947000,-30.0,0,10.5,1,sea,0,0,0,0,0,0
2025-08-01T01:50:59.997880Z,2025,8,1,65.390900,22.571200,11.0,0,9.5,1,sea,0,0,0,0,0,0
2025-08-01T01:50:59.998635Z,2025,8,1,65.400300,22.537700,11.0,0,9.3,1,sea,1,1,1,0,0,0
2025-08-01T01:51:10.467691Z,2025,8,1,65.260500,22.914300,-7.0,0,8.2,1,sea,0,0,0,0,0,0
2025-08-01T01:51:19.368423Z,2025,8,1,65.262100,22.871500,9.0,0,5.5,1,sea,0,0,0,0,0,0
2025-08-01T01:51:19.370889Z,2025,8,1,65.261100,22.875300,5.0,0,2.7,1,sea,0,0,0,0,0,0
2025-08-01T01:51:19.719661Z,2025,8,1,65.259500,22.808200,3.0,0,3.9,1,sea,0,0,0,0,0,0
2025-08-01T01:51:32.305311Z,2025,8,1,65.353900,22.236500,6.0,0,8.3,1,sea,0,0,0,0,0,0
2025-08-01T01:51:32.305883Z,2025,8,1,65.353900,22.230900,8.0,0,8.8,1,sea,0,0,0,0,0,0
2025-08-01T01:51:32.307044Z,2025,8,1,65.344600,22.319000,-21.0,0,17.2,1,sea,0,0,0,0,0,0
2025-08-01T01:51:32.308404Z,2025,8,1,65.352600,22.232100,11.0,0,13.5,1,sea,0,0,0,0,0,0
2025-08-01T01:51:32.311463Z,2025,8,1,65.298900,22.108200,4.0,0,2.5,1,sea,0,0,0,0,0,0
2025-08-01T01:51:38.673760Z,2025,8,1,65.257800,22.849900,7.0,0,12.8,1,sea,0,0,0,0,0,0
2025-08-01T01:51:38.674733Z,2025,8,1,65.269200,22.845700,8.0,0,14.1,1,sea,0,0,0,0,0,0
2025-08-01T01:51:39.045496Z,2025,8,1,65.257400,22.959700,6.0,0,11.7,1,sea,0,0,0,0,0,0
2025-08-01T01:51:39.047239Z,2025,8,1,65.301000,22.949700,-5.0,0,17.2,1,sea,0,0,0,0,0,0
2025-08-01T01:51:39.052832Z,2025,8,1,65.260500,22.921100,-14.0,0,5.2,1,sea,0,0,0,0,0,0
2025-08-01T01:51:39.054761Z,2025,8,1,65.218600,22.929800,-12.0,0,3.2,1,sea,0,0,0,0,0,0
2025-08-01T01:51:39.134074Z,2025,8,1,65.279000,22.824200,-5.0,0,8.6,1,sea,0,0,0,0,0,0
2025-08-01T01:51:39.281631Z,2025,8,1,65.318400,22.795500,-13.0,0,7.0,1,sea,0,0,0,0,0,0
2025-08-01T01:51:39.484857Z,2025,8,1,65.293400,22.772600,-26.0,0,4.9,1,sea,0,0,0,0,0,0
2025-08-01T01:51:39.527763Z,2025,8,1,65.292900,22.771400,-10.0,0,2.0,1,sea,0,0,0,0,0,0
2025-08-01T01:51:39.603228Z,2025,8,1,65.294200,22.774500,-11.0,0,3.1,1,sea,0,0,0,0,0,0
2025-08-01T01:51:39.605643Z,2025,8,1,65.310100,22.698500,3.0,0,1.8,1,sea,0,0,0,0,0,0
2025-08-01T01:51:39.717631Z,2025,8,1,65.293500,22.772500,-22.0,0,3.9,1,sea,0,0,0,0,0,0
2025-08-01T01:51:53.413991Z,2025,8,1,65.352400,22.232200,-7.0,0,6.9,1,sea,0,0,0,0,0,0
2025-08-01T01:51:53.434483Z,2025,8,1,65.346800,22.255300,-10.0,0,2.1,1,sea,0,0,0,0,0,0
2025-08-01T01:51:53.491539Z,2025,8,1,65.357900,22.207000,-15.0,0,5.3,1,sea,0,0,0,0,0,0
2025-08-01T01:52:00.723399Z,2025,8,1,65.249500,23.007400,4.0,0,10.9,1,sea,0,0,0,0,0,0
2025-08-01T01:52:11.101550Z,2025,8,1,65.260900,22.853500,9.0,0,11.1,1,sea,0,0,0,0,0,0
2025-08-01T01:52:11.102811Z,2025,8,1,65.259800,22.855300,5.0,0,4.5,1,sea,0,0,0,0,0,0
2025-08-01T01:52:11.420794Z,2025,8,1,65.277100,22.784100,-40.0,0,7.5,1,sea,0,0,0,0,0,0
2025-08-01T01:52:11.459339Z,2025,8,1,65.277800,22.782400,-27.0,0,5.1,1,sea,0,0,0,0,0,0
2025-08-01T01:52:30.918954Z,2025,8,1,65.354900,22.249700,-45.0,0,10.2,1,sea,0,0,0,0,0,0
2025-08-01T01:52:30.951708Z,2025,8,1,65.350600,22.250800,-18.0,0,4.0,1,sea,0,0,0,0,0,0
2025-08-01T01:52:31.360426Z,2025,8,1,65.354200,22.248200,-20.0,0,6.6,1,sea,0,0,0,0,0,0
2025-08-01T01:52:31.388564Z,2025,8,1,65.354400,22.247700,-6.0,0,1.5,1,sea,0,0,0,0,0,0
2025-08-01T01:52:35.780432Z,2025,8,1,65.265000,22.853600,9.0,0,1.8,1,sea,0,0,0,0,0,0
2025-08-01T01:52:58.455574Z,2025,8,1,65.350500,22.245700,-30.0,0,6.3,1,sea,0,0,0,0,0,0
2025-08-01T01:52:58.484392Z,2025,8,1,65.348700,22.246500,-22.0,0,4.8,1,sea,0,0,0,0,0,0
2025-08-01T01:52:58.585928Z,2025,8,1,65.346600,22.240400,-9.0,0,2.1,1,sea,0,0,0,0,0,0
2025-08-01T01:52:58.586912Z,2025,8,1,65.274700,22.434500,-4.0,0,9.7,1,sea,0,0,0,0,0,0
2025-08-01T01:53:13.019598Z,2025,8,1,65.250000,23.004800,5.0,0,13.0,1,sea,0,0,0,0,0,0
2025-08-01T01:53:13.020663Z,2025,8,1,65.249500,22.995400,5.0,0,2.2,1,sea,0,0,0,0,0,0
2025-08-01T01:53:23.521295Z,2025,8,1,65.364300,22.213300,-12.0,0,3.7,1,sea,0,0,0,0,0,0
2025-08-01T01:53:23.565646Z,2025,8,1,65.353000,22.244400,-25.0,0,6.7,1,sea,0,0,0,0,0,0
2025-08-01T01:53:23.594421Z,2025,8,1,65.353200,22.241400,-8.0,0,3.1,1,sea,0,0,0,0,0,0
2025-08-01T01:53:23.594865Z,2025,8,1,65.368100,22.241300,-3.0,0,5.7,1,sea,0,0,0,0,0,0
2025-08-01T01:53:23.674252Z,2025,8,1,65.353000,22.244600,-28.0,0,8.8,1,sea,0,0,0,0,0,0
2025-08-01T01:53:23.790036Z,2025,8,1,65.353400,22.243200,-19.0,0,4.4,1,sea,0,0,0,0,0,0
2025-08-01T01:53:23.945559Z,2025,8,1,65.353600,22.246200,-7.0,0,3.7,1,sea,0,0,0,0,0,0
2025-08-01T01:53:24.022126Z,2025,8,1,65.352000,22.243100,-5.0,0,1.2,1,sea,0,0,0,0,0,0
2025-08-01T01:53:24.090092Z,2025,8,1,65.353000,22.244900,-8.0,0,3.5,1,sea,0,0,0,0,0,0
2025-08-01T01:53:24.340333Z,2025,8,1,65.352000,22.243700,-4.0,0,1.0,1,sea,0,0,0,0,0,0
2025-08-01T01:53:24.387552Z,2025,8,1,65.352000,22.242300,-8.0,0,1.7,1,sea,0,0,0,0,0,0
2025-08-01T01:53:24.467256Z,2025,8,1,65.351400,22.242000,-8.0,0,2.9,1,sea,0,0,0,0,0,0
2025-08-01T01:53:24.659590Z,2025,8,1,65.352000,22.242100,-5.0,0,1.4,1,sea,0,0,0,0,0,0
2025-08-01T01:53:24.760371Z,2025,8,1,65.276500,22.855500,6.0,0,3.1,1,sea,0,0,0,0,0,0
2025-08-01T01:53:24.760888Z,2025,8,1,65.273800,22.858800,7.0,0,7.2,1,sea,0,0,0,0,0,0
2025-08-01T01:53:53.857056Z,2025,8,1,65.270800,22.766400,13.0,0,7.0,1,sea,0,0,0,0,0,0
2025-08-01T01:53:53.857629Z,2025,8,1,65.271300,22.771500,9.0,0,11.1,1,sea,0,0,0,0,0,0
2025-08-01T01:53:53.858492Z,2025,8,1,65.259500,22.764500,5.0,0,6.2,1,sea,0,0,0,0,0,0
2025-08-01T01:53:53.861957Z,2025,8,1,65.250000,22.805500,4.0,0,7.3,1,sea,0,0,0,0,0,0
2025-08-01T01:53:54.020816Z,2025,8,1,65.286100,22.679400,-3.0,0,1.5,1,sea,0,0,0,0,0,0
2025-08-01T01:54:18.442343Z,2025,8,1,65.280300,22.826300,32.0,0,13.7,1,sea,0,0,0,0,0,0
2025-08-01T01:54:18.443883Z,2025,8,1,65.276600,22.824000,4.0,0,2.6,1,sea,0,0,0,0,0,0
2025-08-01T01:54:18.444761Z,2025,8,1,65.283200,22.815400,6.0,0,3.3,1,sea,0,0,0,0,0,0
2025-08-01T01:54:18.710306Z,2025,8,1,65.323000,22.860000,-49.0,0,4.6,1,sea,0,0,0,0,0,0
2025-08-01T01:54:18.799144Z,2025,8,1,65.277600,22.826400,8.0,0,8.6,1,sea,0,0,0,0,0,0
2025-08-01T01:54:18.805270Z,2025,8,1,65.266600,22.920500,-5.0,0,2.3,1,sea,0,0,0,0,0,0
2025-08-01T01:54:18.805824Z,2025,8,1,65.243800,22.962400,-5.0,0,3.3,1,sea,0,0,0,0,0,0
2025-08-01T01:54:49.380995Z,2025,8,1,65.269300,22.566200,7.0,0,12.2,1,sea,0,0,0,0,0,0
2025-08-01T01:54:49.915749Z,2025,8,1,65.289400,22.548800,5.0,0,1.4,1,sea,0,0,0,0,0,0
2025-08-01T01:54:50.158265Z,2025,8,1,65.279100,22.609300,-52.0,0,5.8,1,sea,0,0,0,0,0,0
2025-08-01T01:54:50.160139Z,2025,8,1,65.306700,22.369100,-13.0,0,9.4,1,sea,1,1,1,0,0,0
2025-08-01T01:54:50.441455Z,2025,8,1,65.259100,22.665100,-49.0,0,20.4,1,sea,0,0,0,0,0,0
2025-08-01T01:55:03.774042Z,2025,8,1,65.267700,22.790400,7.0,0,21.3,1,sea,0,0,0,0,0,0
2025-08-01T01:55:03.775604Z,2025,8,1,65.268400,22.773100,4.0,0,2.0,1,sea,0,0,0,0,0,0
2025-08-01T01:55:29.565378Z,2025,8,1,65.272500,22.725900,-12.0,0,0.0,1,sea,0,0,0,0,0,0
2025-08-01T01:55:29.565472Z,2025,8,1,65.290200,22.699200,-9.0,0,0.0,1,sea,0,0,0,0,0,0
2025-08-01T01:55:29.565672Z,2025,8,1,65.287200,22.727900,-11.0,0,14.9,1,sea,0,0,0,0,0,0
2025-08-01T01:55:29.574562Z,2025,8,1,65.289200,22.745100,-55.0,0,12.3,1,sea,0,0,0,0,0,0
2025-08-01T01:55:29.601328Z,2025,8,1,65.280600,22.704400,-22.0,0,7.3,1,sea,0,0,0,0,0,0
2025-08-01T01:55:31.597854Z,2025,8,1,65.354300,22.209200,-9.0,0,2.7,1,sea,0,0,0,0,0,0
2025-08-01T01:55:46.318820Z,2025,8,1,65.262700,22.759600,13.0,0,2.7,1,sea,0,0,0,0,0,0
2025-08-01T01:55:46.321191Z,2025,8,1,65.270000,22.766000,9.0,0,4.3,1,sea,0,0,0,0,0,0
2025-08-01T01:55:46.322698Z,2025,8,1,65.267500,22.766200,4.0,0,14.5,1,sea,0,0,0,0,0,0
2025-08-01T01:55:46.670249Z,2025,8,1,65.261100,22.670800,-5.0,0,2.4,1,sea,0,0,0,0,0,0
2025-08-01T01:56:11.437265Z,2025,8,1,65.272300,22.779400,14.0,0,14.1,1,sea,0,0,0,0,0,0
2025-08-01T01:56:11.439831Z,2025,8,1,65.272100,22.785800,9.0,0,3.1,1,sea,0,0,0,0,0,0
2025-08-01T01:56:24.849162Z,2025,8,1,65.367600,22.137600,-32.0,0,5.8,1,sea,0,0,0,0,0,0
2025-08-01T01:56:24.866756Z,2025,8,1,65.379500,22.143800,-16.0,0,3.5,1,sea,0,0,0,0,0,0
2025-08-01T01:56:24.902577Z,2025,8,1,65.364800,22.128600,-17.0,0,3.9,1,sea,0,0,0,0,0,0
2025-08-01T01:56:24.935929Z,2025,8,1,65.368600,22.189600,-13.0,0,3.7,1,sea,0,0,0,0,0,0
2025-08-01T01:56:24.970257Z,2025,8,1,65.365300,22.146100,-10.0,0,2.9,1,sea,0,0,0,0,0,0
2025-08-01T01:56:25.040828Z,2025,8,1,65.365400,22.134900,6.0,0,3.3,1,sea,0,0,0,0,0,0
2025-08-01T01:56:25.040971Z,2025,8,1,65.365800,22.145100,-23.0,0,9.1,1,sea,0,0,0,0,0,0
2025-08-01T01:56:34.956428Z,2025,8,1,65.297300,22.680500,13.0,0,8.5,1,sea,0,0,0,0,0,0
2025-08-01T01:56:34.957589Z,2025,8,1,65.297200,22.665700,10.0,0,19.4,1,sea,0,0,0,0,0,0
2025-08-01T01:56:34.959978Z,2025,8,1,65.385000,22.744900,4.0,0,29.2,1,sea,0,0,0,0,0,0
2025-08-01T01:56:34.966741Z,2025,8,1,65.297600,22.688300,7.0,0,2.1,1,sea,0,0,0,0,0,0
2025-08-01T01:56:35.118459Z,2025,8,1,65.282500,22.779500,-3.0,0,1.4,1,sea,0,0,0,0,0,0
2025-08-01T01:56:39.854545Z,2025,8,1,65.486100,21.810400,-41.0,0,15.2,1,mainland,0,0,0,0,0,0
2025-08-01T01:56:39.919318Z,2025,8,1,65.472500,21.762200,-10.0,0,5.4,1,mainland,0,0,0,1,1,1
2025-08-01T01:57:01.077601Z,2025,8,1,65.264400,22.729800,17.0,0,3.5,1,sea,0,0,0,0,0,0
2025-08-01T01:57:01.081776Z,2025,8,1,65.269800,22.739800,7.0,0,29.5,1,sea,0,0,0,0,0,0
2025-08-01T01:57:13.805478Z,2025,8,1,65.366900,22.212000,-27.0,0,12.7,1,sea,0,0,0,0,0,0
2025-08-01T01:57:13.840160Z,2025,8,1,65.377800,22.165800,-23.0,0,5.5,1,sea,0,0,1,0,0,0
2025-08-01T01:57:13.901191Z,2025,8,1,65.388600,22.108400,-18.0,0,7.9,1,sea,0,0,1,0,0,0
2025-08-01T01:57:13.976572Z,2025,8,1,65.388300,22.107300,-13.0,0,3.4,1,sea,0,0,1,0,0,0
2025-08-01T01:57:13.977662Z,2025,8,1,65.342200,22.186200,4.0,0,2.9,1,sea,0,0,0,0,0,0
2025-08-01T01:57:14.085259Z,2025,8,1,65.355400,22.149400,-10.0,0,2.5,1,sea,0,0,0,0,0,0
2025-08-01T01:57:14.169603Z,2025,8,1,65.355300,22.149800,-12.0,0,4.0,1,sea,0,0,0,0,0,0
2025-08-01T01:57:14.210290Z,2025,8,1,65.355000,22.149000,-5.0,0,1.3,1,sea,0,0,0,0,0,0
2025-08-01T01:57:27.598542Z,2025,8,1,65.276400,22.773300,12.0,0,3.9,1,sea,0,0,0,0,0,0
2025-08-01T01:57:27.599430Z,2025,8,1,65.276900,22.776200,4.0,0,1.3,1,sea,0,0,0,0,0,0
2025-08-01T01:57:27.599908Z,2025,8,1,65.277000,22.777700,29.0,0,8.3,1,sea,0,0,0,0,0,0
2025-08-01T01:57:51.673783Z,2025,8,1,65.281500,22.728200,12.0,0,6.4,1,sea,0,0,0,0,0,0
2025-08-01T01:57:51.674827Z,2025,8,1,65.281400,22.724900,10.0,0,22.3,1,sea,0,0,0,0,0,0
2025-08-01T01:57:51.676455Z,2025,8,1,65.292400,22.722900,-13.0,0,20.4,1,sea,0,0,0,0,0,0
2025-08-01T01:57:51.677718Z,2025,8,1,65.249400,22.790600,7.0,0,30.4,1,sea,0,0,0,0,0,0
2025-08-01T01:57:51.951829Z,2025,8,1,65.229400,22.356300,-3.0,0,6.2,1,sea,0,0,0,0,0,0
2025-08-01T01:58:03.712738Z,2025,8,1,65.489600,21.772400,-4.0,0,2.0,1,mainland,0,0,0,0,0,0
2025-08-01T01:58:03.726590Z,2025,8,1,65.483200,21.789100,-20.0,0,7.6,1,mainland,0,0,0,0,0,0
2025-08-01T01:58:03.762427Z,2025,8,1,65.468700,21.831600,-5.0,0,4.6,1,mainland,0,0,0,0,0,0
2025-08-01T01:58:03.805774Z,2025,8,1,65.498400,21.753500,-8.0,0,5.7,1,mainland,0,0,0,0,0,0
2025-08-01T01:58:10.759277Z,2025,8,1,65.278700,22.731800,6.0,0,2.6,1,sea,0,0,0,0,0,0
2025-08-01T01:58:10.761572Z,2025,8,1,65.279600,22.721400,7.0,0,4.3,1,sea,0,0,0,0,0,0
2025-08-01T01:58:10.762951Z,2025,8,1,65.326800,22.749500,5.0,0,18.6,1,sea,0,0,0,0,0,0
2025-08-01T01:58:16.170581Z,2025,8,1,65.428300,22.307900,-50.0,0,13.5,1,sea,1,1,1,0,0,0
2025-08-01T01:58:16.191565Z,2025,8,1,65.365600,22.191900,-8.0,0,3.6,1,sea,0,0,0,0,0,0
2025-08-01T01:58:16.195400Z,2025,8,1,65.372700,22.200700,-16.0,0,6.1,1,sea,0,0,0,0,0,0
2025-08-01T01:58:16.228017Z,2025,8,1,65.380200,22.144400,-14.0,0,5.7,1,sea,0,0,0,0,0,0
2025-08-01T01:58:16.241105Z,2025,8,1,65.373800,22.202400,-8.0,0,2.5,1,sea,0,0,0,0,0,0
2025-08-01T01:58:16.591319Z,2025,8,1,65.379600,22.202400,-9.0,0,3.2,1,sea,0,0,1,0,0,0
2025-08-01T01:58:16.733941Z,2025,8,1,65.382200,22.195700,-7.0,0,3.1,1,sea,0,0,1,0,0,0
2025-08-01T01:58:37.862435Z,2025,8,1,65.304800,22.662200,19.0,0,12.0,1,sea,0,0,0,0,0,0
2025-08-01T01:58:37.862897Z,2025,8,1,65.307200,22.664300,22.0,0,8.5,1,sea,0,0,0,0,0,0
2025-08-01T01:58:37.862997Z,2025,8,1,65.310700,22.704700,10.0,0,0.0,1,sea,0,0,0,0,0,0
2025-08-01T01:58:37.863470Z,2025,8,1,65.305500,22.667000,34.0,0,28.2,1,sea,0,0,0,0,0,0
2025-08-01T01:58:37.910097Z,2025,8,1,65.288200,22.720500,9.0,0,7.9,1,sea,0,0,0,0,0,0
2025-08-01T01:58:51.686289Z,2025,8,1,65.379400,22.155700,-32.0,0,6.3,1,sea,0,0,0,0,0,0
2025-08-01T01:58:51.739921Z,2025,8,1,65.367100,22.190700,-15.0,0,2.7,1,sea,0,0,0,0,0,0
2025-08-01T01:58:51.798382Z,2025,8,1,65.419600,22.076700,-16.0,0,6.6,1,sea,0,0,0,0,0,0
2025-08-01T01:58:51.855070Z,2025,8,1,65.364000,22.140800,-11.0,0,3.1,1,sea,0,0,0,0,0,0
2025-08-01T01:58:51.945732Z,2025,8,1,65.364100,22.139900,-14.0,0,3.6,1,sea,0,0,0,0,0,0
2025-08-01T01:58:51.946529Z,2025,8,1,65.615100,22.454600,-5.0,0,3.1,1,sea,0,1,1,0,0,0
2025-08-01T01:58:52.310806Z,2025,8,1,65.363700,22.142100,-10.0,0,3.1,1,sea,0,0,0,0,0,0
2025-08-01T01:58:52.511568Z,2025,8,1,65.363600,22.143900,-4.0,0,1.4,1,sea,0,0,0,0,0,0
2025-08-01T01:58:57.089801Z,2025,8,1,65.492500,21.791500,-15.0,0,7.9,1,mainland,0,0,0,0,0,0
2025-08-01T01:58:57.158840Z,2025,8,1,65.497000,21.758300,-10.0,0,5.5,1,mainland,0,0,0,0,0,0
2025-08-01T01:58:57.187703Z,2025,8,1,65.494200,21.779700,-7.0,0,4.8,1,mainland,0,0,0,0,0,0
2025-08-01T01:58:57.931959Z,2025,8,1,65.287000,22.733200,14.0,0,23.0,1,sea,0,0,0,0,0,0
2025-08-01T01:58:57.934863Z,2025,8,1,65.279300,22.735600,8.0,0,5.5,1,sea,0,0,0,0,0,0
2025-08-01T01:59:18.871683Z,2025,8,1,65.283000,22.713900,17.0,0,3.8,1,sea,0,0,0,0,0,0
2025-08-01T01:59:18.873672Z,2025,8,1,65.286100,22.706000,17.0,0,9.1,1,sea,0,0,0,0,0,0
2025-08-01T01:59:18.875746Z,2025,8,1,65.279500,22.725100,7.0,0,30.4,1,sea,0,0,0,0,0,0
2025-08-01T01:59:19.154820Z,2025,8,1,65.361300,22.877300,-17.0,0,5.4,1,sea,0,0,0,0,0,0
2025-08-01T01:59:19.160982Z,2025,8,1,65.375500,22.826200,-5.0,0,2.4,1,sea,0,0,0,0,0,0
2025-08-01T01:59:50.666934Z,2025,8,1,65.292100,22.724700,22.0,0,23.2,1,sea,0,0,0,0,0,0
2025-08-01T01:59:50.667999Z,2025,8,1,65.285800,22.728600,24.0,0,24.9,1,sea,0,0,0,0,0,0
2025-08-01T01:59:50.670150Z,2025,8,1,65.284900,22.713900,6.0,0,22.2,1,sea,0,0,0,0,0,0
2025-08-01T01:59:58.433228Z,2025,8,1,65.385300,22.146700,-51.0,0,7.9,1,sea,0,0,0,0,0,0
2025-08-01T01:59:58.460747Z,2025,8,1,65.377200,22.279800,-45.0,0,29.4,1,sea,0,0,0,0,0,0
2025-08-01T01:59:58.489582Z,2025,8,1,65.381300,22.153800,-14.0,0,4.5,1,sea,0,0,0,0,0,0
2025-08-01T01:59:58.527851Z,2025,8,1,65.389100,22.084300,-12.0,0,4.3,1,sea,1,1,1,0,0,0
2025-08-01T01:59:58.573177Z,2025,8,1,65.394900,22.074600,-15.0,0,3.8,1,sea,0,1,1,0,0,0
2025-08-01T01:59:58.679524Z,2025,8,1,65.365300,22.161400,-13.0,0,3.9,1,sea,0,0,0,0,0,0
2025-08-01T02:00:10.118413Z,2025,8,1,65.496100,21.755900,11.0,0,5.8,1,mainland,0,0,0,0,0,0
2025-08-01T02:00:10.118923Z,2025,8,1,65.498400,21.760500,16.0,0,8.4,1,mainland,0,0,0,0,0,0
2025-08-01T02:00:10.211737Z,2025,8,1,65.288200,22.722900,-10.0,0,0.0,1,sea,0,0,0,0,0,0
2025-08-01T02:00:10.211784Z,2025,8,1,65.286200,22.709400,-13.0,0,6.8,1,sea,0,0,0,0,0,0
2025-08-01T02:00:10.220603Z,2025,8,1,65.295900,22.684900,-24.0,0,4.3,1,sea,0,0,0,0,0,0
2025-08-01T02:00:10.232055Z,2025,8,1,65.295700,22.660600,-11.0,0,4.8,1,sea,0,0,0,0,0,0
2025-08-01T02:00:28.288427Z,2025,8,1,65.305400,22.677800,4.0,0,5.0,1,sea,0,0,0,0,0,0
2025-08-01T02:00:28.289072Z,2025,8,1,65.306600,22.676400,5.0,0,1.5,1,sea,0,0,0,0,0,0
2025-08-01T02:00:28.289547Z,2025,8,1,65.308400,22.770400,5.0,0,14.3,1,sea,0,0,0,0,0,0
2025-08-01T02:00:28.295708Z,2025,8,1,65.296700,22.657700,4.0,0,2.4,1,sea,0,0,0,0,0,0
2025-08-01T02:00:28.297665Z,2025,8,1,65.305200,22.690100,6.0,0,7.9,1,sea,0,0,0,0,0,0
2025-08-01T02:00:30.670258Z,2025,8,1,65.388000,22.079700,4.0,0,2.0,1,sea,0,1,1,0,0,0
2025-08-01T02:00:30.670894Z,2025,8,1,65.389400,22.082200,5.0,0,2.3,1,sea,0,1,1,0,0,0
2025-08-01T02:00:52.024430Z,2025,8,1,65.297200,22.688900,5.0,0,20.9,1,sea,0,0,0,0,0,0
2025-08-01T02:00:52.586489Z,2025,8,1,65.299700,22.707900,5.0,0,4.1,1,sea,0,0,0,0,0,0
2025-08-01T02:00:56.515456Z,2025,8,1,65.387200,22.113200,-7.0,0,2.3,1,sea,0,0,1,0,0,0
2025-08-01T02:00:56.542058Z,2025,8,1,65.371800,22.066500,-11.0,0,2.9,1,sea,0,0,0,0,0,0
2025-08-01T02:00:56.575011Z,2025,8,1,65.368000,22.111700,-10.0,0,3.8,1,sea,0,0,0,0,0,0
2025-08-01T02:01:08.458202Z,2025,8,1,65.494900,21.749700,6.0,0,11.6,1,mainland,0,0,0,0,0,0
2025-08-01T02:01:12.008965Z,2025,8,1,65.294100,22.634300,4.0,0,23.5,1,sea,0,0,0,0,0,0
2025-08-01T02:01:12.009758Z,2025,8,1,65.303300,22.659200,5.0,0,1.7,1,sea,0,0,0,0,0,0
2025-08-01T02:01:12.010544Z,2025,8,1,65.305900,22.646200,18.0,0,16.1,1,sea,0,0,0,0,0,0
2025-08-01T02:01:12.033223Z,2025,8,1,65.289800,22.691400,3.0,0,7.0,1,sea,0,0,0,0,0,0
2025-08-01T02:01:12.052820Z,2025,8,1,65.278500,22.699200,4.0,0,2.1,1,sea,0,0,0,0,0,0
2025-08-01T02:01:33.940998Z,2025,8,1,65.299200,22.702700,13.0,0,18.8,1,sea,0,0,0,0,0,0
2025-08-01T02:01:33.941913Z,2025,8,1,65.300000,22.695700,9.0,0,4.5,1,sea,0,0,0,0,0,0
2025-08-01T02:01:33.943769Z,2025,8,1,65.296600,22.696100,10.0,0,10.8,1,sea,0,0,0,0,0,0
2025-08-01T02:01:33.958509Z,2025,8,1,65.299100,22.688000,6.0,0,3.0,1,sea,0,0,0,0,0,0
2025-08-01T02:01:34.525710Z,2025,8,1,65.295900,22.697500,5.0,0,18.8,1,sea,0,0,0,0,0,0
2025-08-01T02:01:54.249520Z,2025,8,1,65.392400,22.076200,7.0,0,5.5,1,sea,0,1,1,0,0,0
2025-08-01T02:01:54.250388Z,2025,8,1,65.388000,22.085200,10.0,0,12.8,1,sea,0,1,1,0,0,0
2025-08-01T02:02:11.676914Z,2025,8,1,65.325900,22.660600,19.0,0,22.8,1,sea,0,0,0,0,0,0
2025-08-01T02:02:11.677934Z,2025,8,1,65.326900,22.650200,9.0,0,8.6,1,sea,0,0,0,0,0,0
2025-08-01T02:02:11.681198Z,2025,8,1,65.366700,22.701500,5.0,0,14.8,1,sea,0,0,0,0,0,0
2025-08-01T02:02:11.687977Z,2025,8,1,65.280700,22.731600,14.0,0,12.1,1,sea,0,0,0,0,0,0
2025-08-01T02:02:11.937803Z,2025,8,1,65.239200,22.165900,-4.0,0,1.5,1,sea,0,0,0,0,1,1
2025-08-01T02:02:12.257887Z,2025,8,1,65.320000,22.331100,-6.0,0,17.9,1,sea,0,0,1,0,0,0
2025-08-01T02:02:18.467287Z,2025,8,1,65.498200,21.735800,12.0,0,20.1,1,mainland,0,0,0,0,0,0
2025-08-01T02:02:18.841102Z,2025,8,1,65.550700,21.629200,-6.0,0,9.1,1,mainland,0,0,0,0,0,0
2025-08-01T02:02:27.157096Z,2025,8,1,65.386100,22.107100,-11.0,0,4.2,1,sea,0,0,1,0,0,0
2025-08-01T02:02:27.188186Z,2025,8,1,65.376100,22.143700,-8.0,0,2.1,1,sea,0,0,0,0,0,0
2025-08-01T02:02:27.228261Z,2025,8,1,65.387000,22.109400,-12.0,0,3.9,1,sea,0,0,1,0,0,0
2025-08-01T02:02:27.251784Z,2025,8,1,65.387200,22.117600,-6.0,0,1.5,1,sea,0,0,0,0,0,0
2025-08-01T02:02:27.253101Z,2025,8,1,65.385800,22.091100,-4.0,0,2.1,1,sea,0,1,1,0,0,0
2025-08-01T02:02:27.742239Z,2025,8,1,65.387800,22.122100,-9.0,0,2.0,1,sea,0,0,0,0,0,0
2025-08-01T02:02:41.134009Z,2025,8,1,65.307900,22.711100,-9.0,0,2.7,1,sea,0,0,0,0,0,0
2025-08-01T02:02:41.142951Z,2025,8,1,65.302700,22.725600,-27.0,0,5.6,1,sea,0,0,0,0,0,0
2025-08-01T02:02:41.169433Z,2025,8,1,65.302300,22.659200,-29.0,0,7.4,1,sea,0,0,0,0,0,0
2025-08-01T02:02:41.199383Z,2025,8,1,65.319900,22.586400,-9.0,0,1.8,1,sea,0,0,0,0,0,0
2025-08-01T02:02:41.660578Z,2025,8,1,65.283000,22.750700,-8.0,0,1.8,1,sea,0,0,0,0,0,0
2025-08-01T02:03:02.663927Z,2025,8,1,65.292100,22.756900,-104.0,0,9.1,1,sea,0,0,0,0,0,0
2025-08-01T02:03:02.690611Z,2025,8,1,65.288800,22.700500,-6.0,0,9.9,1,sea,0,0,0,0,0,0
2025-08-01T02:03:02.691951Z,2025,8,1,65.270900,22.727500,-13.0,0,25.6,1,sea,0,0,0,0,0,0
2025-08-01T02:03:02.709505Z,2025,8,1,65.275400,22.727400,-18.0,0,4.6,1,sea,0,0,0,0,0,0
2025-08-01T02:03:02.727005Z,2025,8,1,65.274900,22.727100,-13.0,0,2.7,1,sea,0,0,0,0,0,0
2025-08-01T02:03:02.791178Z,2025,8,1,65.275400,22.724700,-50.0,0,5.8,1,sea,0,0,0,0,0,0
2025-08-01T02:03:18.640276Z,2025,8,1,65.308800,22.626200,8.0,0,2.4,1,sea,0,0,0,0,0,0
2025-08-01T02:03:18.641345Z,2025,8,1,65.318400,22.628600,6.0,0,8.3,1,sea,0,0,0,0,0,0
2025-08-01T02:03:18.642702Z,2025,8,1,65.308200,22.639500,5.0,0,3.9,1,sea,0,0,0,0,0,0
2025-08-01T02:03:26.445511Z,2025,8,1,65.498600,21.725500,5.0,0,12.0,1,mainland,0,0,0,0,0,1
2025-08-01T02:03:26.446323Z,2025,8,1,65.501200,21.729700,6.0,0,5.6,1,mainland,0,0,0,0,0,0
2025-08-01T02:03:31.110730Z,2025,8,1,65.451800,21.964900,7.0,0,6.6,1,mainland,0,0,0,0,0,0
2025-08-01T02:03:31.111381Z,2025,8,1,65.434600,22.011600,8.0,0,20.7,1,sea,0,1,1,0,0,0
2025-08-01T02:03:31.248584Z,2025,8,1,65.485700,21.976900,-11.0,0,2.6,1,sea,0,1,1,0,0,0
2025-08-01T02:03:56.992697Z,2025,8,1,65.294800,22.653800,-5.0,0,4.1,1,sea,0,0,0,0,0,0
2025-08-01T02:03:56.996077Z,2025,8,1,65.324800,22.667200,-9.0,0,0.0,1,sea,0,0,0,0,0,0
2025-08-01T02:03:56.996229Z,2025,8,1,65.308100,22.667800,-8.0,0,0.0,1,sea,0,0,0,0,0,0
2025-08-01T02:03:56.998637Z,2025,8,1,65.294300,22.619100,-103.0,0,14.2,1,sea,0,0,0,0,0,0
2025-08-01T02:03:57.017000Z,2025,8,1,65.306600,22.665500,-5.0,0,10.7,1,sea,0,0,0,0,0,0
2025-08-01T02:03:57.017102Z,2025,8,1,65.277000,22.759800,7.0,0,12.6,1,sea,0,0,0,0,0,0
2025-08-01T02:03:57.044018Z,2025,8,1,65.282300,22.642600,-50.0,0,10.8,1,sea,0,0,0,0,0,0
2025-08-01T02:03:57.063831Z,2025,8,1,65.277700,22.651800,-5.0,0,1.3,1,sea,0,0,0,0,0,0
2025-08-01T02:04:19.235642Z,2025,8,1,65.452900,21.938100,-5.0,0,2.3,1,mainland,0,0,1,0,0,0
2025-08-01T02:04:32.078536Z,2025,8,1,65.299000,22.644300,-120.0,0,22.2,1,sea,0,0,0,0,0,0
2025-08-01T02:04:32.155570Z,2025,8,1,65.283400,22.635500,-34.0,0,16.8,1,sea,0,0,0,0,0,0
2025-08-01T02:04:32.184240Z,2025,8,1,65.301000,22.578700,-24.0,0,24.7,1,sea,0,0,0,0,0,0
2025-08-01T02:04:32.223858Z,2025,8,1,65.289100,22.633500,-38.0,0,7.9,1,sea,0,0,0,0,0,0
2025-08-01T02:04:32.224200Z,2025,8,1,65.236800,22.563600,-20.0,0,4.1,1,sea,0,0,0,0,0,0
2025-08-01T02:04:32.240040Z,2025,8,1,65.286600,22.635500,-5.0,0,1.4,1,sea,0,0,0,0,0,0
2025-08-01T02:04:32.601413Z,2025,8,1,65.305000,22.656400,15.0,0,20.7,1,sea,0,0,0,0,0,0
2025-08-01T02:04:32.601961Z,2025,8,1,65.307700,22.634900,12.0,0,25.9,1,sea,0,0,0,0,0,0
2025-08-01T02:04:32.603792Z,2025,8,1,65.297400,22.667100,6.0,0,3.4,1,sea,0,0,0,0,0,0
2025-08-01T02:04:32.605955Z,2025,8,1,65.302500,22.640700,5.0,0,5.2,1,sea,0,0,0,0,0,0
2025-08-01T02:04:35.116338Z,2025,8,1,65.387000,22.002600,-60.0,0,9.9,1,islands,0,1,1,0,0,0
2025-08-01T02:04:35.150716Z,2025,8,1,65.398700,21.959300,-9.0,0,1.1,1,sea,0,0,1,0,0,0
2025-08-01T02:04:35.153945Z,2025,8,1,65.387300,22.002900,-11.0,0,3.9,1,islands,0,1,1,0,0,0
2025-08-01T02:04:35.191250Z,2025,8,1,65.378200,21.994800,-13.0,0,15.6,1,islands,0,0,1,0,0,0
2025-08-01T02:04:35.199120Z,2025,8,1,65.390700,21.995300,-13.0,0,4.4,1,islands,1,1,1,0,0,0
2025-08-01T02:04:35.215341Z,2025,8,1,65.396000,21.988900,-7.0,0,2.4,1,islands,1,1,1,0,0,0
2025-08-01T02:04:35.450554Z,2025,8,1,65.397200,21.986900,-15.0,0,8.7,1,islands,1,1,1,0,0,0
2025-08-01T02:04:35.496624Z,2025,8,1,65.428500,22.139500,3.0,0,1.4,1,sea,0,1,1,0,0,0
2025-08-01T02:04:35.677447Z,2025,8,1,65.427400,22.183300,11.0,0,13.9,1,sea,1,1,1,0,0,0
2025-08-01T02:04:35.681314Z,2025,8,1,65.419200,22.202400,7.0,0,3.3,1,sea,0,0,1,0,0,0
2025-08-01T02:05:16.120728Z,2025,8,1,65.300500,22.665900,27.0,0,30.4,1,sea,0,0,0,0,0,0
2025-08-01T02:05:16.121417Z,2025,8,1,65.305500,22.651600,84.0,0,11.8,1,sea,0,0,0,0,0,0
2025-08-01T02:05:22.741573Z,2025,8,1,65.300100,22.646200,-43.0,0,18.6,1,sea,0,0,0,0,0,0
2025-08-01T02:05:22.772612Z,2025,8,1,65.296800,22.640800,-8.0,0,6.9,1,sea,0,0,0,0,0,0
2025-08-01T02:05:22.774151Z,2025,8,1,65.288600,22.634200,-11.0,0,3.2,1,sea,0,0,0,0,0,0
2025-08-01T02:05:22.809403Z,2025,8,1,65.324600,22.624800,-20.0,0,14.3,1,sea,0,0,0,0,0,0
2025-08-01T02:05:22.833652Z,2025,8,1,65.288900,22.632600,-11.0,0,2.3,1,sea,0,0,0,0,0,0
2025-08-01T02:05:22.944600Z,2025,8,1,65.291100,22.648800,17.0,0,0.0,1,sea,0,0,0,0,0,0
2025-08-01T02:05:22.944603Z,2025,8,1,65.292200,22.647100,19.0,0,3.3,1,sea,0,0,0,0,0,0
2025-08-01T02:05:22.944847Z,2025,8,1,65.288000,22.632800,-79.0,0,30.4,1,sea,0,0,0,0,0,0
2025-08-01T02:05:23.068489Z,2025,8,1,65.314700,22.714400,-8.0,0,2.6,1,sea,0,0,0,0,0,0
2025-08-01T02:05:23.070181Z,2025,8,1,65.338200,22.592300,-6.0,0,1.8,1,sea,0,0,0,0,0,0
2025-08-01T02:05:47.652714Z,2025,8,1,65.306000,22.644000,14.0,0,2.3,1,sea,0,0,0,0,0,0
2025-08-01T02:05:47.654590Z,2025,8,1,65.307200,22.652300,7.0,0,8.8,1,sea,0,0,0,0,0,0
2025-08-01T02:05:47.655373Z,2025,8,1,65.304600,22.650000,22.0,0,25.5,1,sea,0,0,0,0,0,0
2025-08-01T02:05:47.656550Z,2025,8,1,65.308300,22.648000,6.0,0,2.3,1,sea,0,0,0,0,0,0
2025-08-01T02:05:47.657306Z,2025,8,1,65.313500,22.663100,6.0,0,20.0,1,sea,0,0,0,0,0,0
2025-08-01T02:05:47.658129Z,2025,8,1,65.303100,22.643500,6.0,0,18.1,1,sea,0,0,0,0,0,0
2025-08-01T02:05:54.383219Z,2025,8,1,65.295200,22.689900,-12.0,0,4.3,1,sea,0,0,0,0,0,0
2025-08-01T02:05:54.413023Z,2025,8,1,65.306600,22.713300,-9.0,0,3.3,1,sea,0,0,0,0,0,0
2025-08-01T02:05:55.999125Z,2025,8,1,65.393600,22.038800,7.0,0,13.6,1,sea,0,0,1,0,0,0
2025-08-01T02:05:56.000296Z,2025,8,1,65.392200,22.006600,11.0,0,17.3,1,sea,1,1,1,0,0,0
2025-08-01T02:05:56.539896Z,2025,8,1,65.454200,21.941400,-15.0,0,6.4,1,mainland,0,0,1,0,0,0
2025-08-01T02:05:56.577873Z,2025,8,1,65.461200,21.946900,-10.0,0,2.9,1,mainland,0,0,0,0,0,0
2025-08-01T02:05:56.662016Z,2025,8,1,65.462700,21.926300,-4.0,0,6.2,1,mainland,0,0,0,0,0,0
2025-08-01T02:05:56.733686Z,2025,8,1,65.467400,21.976600,-14.0,0,3.1,1,mainland,1,1,1,0,0,0
2025-08-01T02:06:21.299382Z,2025,8,1,65.307100,22.622100,-73.0,0,8.6,1,sea,0,0,0,0,0,0
2025-08-01T02:06:21.314190Z,2025,8,1,65.306400,22.618200,-9.0,0,8.5,1,sea,0,0,0,0,0,0
2025-08-01T02:06:21.347716Z,2025,8,1,65.305000,22.665900,-28.0,0,4.6,1,sea,0,0,0,0,0,0
2025-08-01T02:06:21.367597Z,2025,8,1,65.314700,22.641600,-14.0,0,5.0,1,sea,0,0,0,0,0,0
2025-08-01T02:06:21.402058Z,2025,8,1,65.306700,22.664400,-13.0,0,3.3,1,sea,0,0,0,0,0,0
2025-08-01T02:06:21.443309Z,2025,8,1,65.309100,22.614900,-16.0,0,5.4,1,sea,0,0,0,0,0,0
2025-08-01T02:06:21.463806Z,2025,8,1,65.306400,22.661800,-9.0,0,1.9,1,sea,0,0,0,0,0,0
2025-08-01T02:06:21.825179Z,2025,8,1,65.307000,22.663700,-16.0,0,5.4,1,sea,0,0,0,0,0,0
2025-08-01T02:06:21.886056Z,2025,8,1,65.306400,22.667400,-14.0,0,4.1,1,sea,0,0,0,0,0,0
2025-08-01T02:06:21.934033Z,2025,8,1,65.306500,22.663000,-7.0,0,2.6,1,sea,0,0,0,0,0,0
2025-08-01T02:06:30.726425Z,2025,8,1,65.371300,22.026600,-4.0,0,2.1,1,sea,1,1,1,0,0,0
2025-08-01T02:06:30.770694Z,2025,8,1,65.403000,22.043200,-9.0,0,2.1,1,islands,1,1,1,0,0,0
2025-08-01T02:06:30.825321Z,2025,8,1,65.401400,21.980100,-13.0,0,4.5,1,sea,0,1,1,0,0,0
2025-08-01T02:06:38.712348Z,2025,8,1,65.346100,22.571500,9.0,0,7.2,1,sea,0,0,0,0,0,0
2025-08-01T02:06:38.738891Z,2025,8,1,65.371200,22.584500,7.0,0,8.3,1,sea,0,0,0,0,0,0
2025-08-01T02:06:49.968477Z,2025,8,1,65.455100,21.922300,-10.0,0,2.1,1,mainland,1,1,1,0,0,0
2025-08-01T02:07:16.463464Z,2025,8,1,65.312400,22.620700,-83.0,0,20.4,1,sea,0,0,0,0,0,0
2025-08-01T02:07:16.491649Z,2025,8,1,65.316800,22.622500,-29.0,0,7.9,1,sea,0,0,0,0,0,0
2025-08-01T02:07:16.506903Z,2025,8,1,65.303900,22.628900,-22.0,0,5.3,1,sea,0,0,0,0,0,0
2025-08-01T02:07:16.550041Z,2025,8,1,65.307700,22.601300,-11.0,0,4.8,1,sea,0,0,0,0,0,0
2025-08-01T02:07:16.981197Z,2025,8,1,65.307500,22.598400,-9.0,0,2.7,1,sea,0,0,0,0,0,0
2025-08-01T02:07:17.041719Z,2025,8,1,65.307700,22.597400,-9.0,0,1.9,1,sea,0,0,0,0,0,0
2025-08-01T02:07:17.205837Z,2025,8,1,65.308800,22.594500,-6.0,0,1.5,1,sea,0,0,0,0,0,0
2025-08-01T02:07:28.689017Z,2025,8,1,65.328200,22.743500,-14.0,0,4.3,1,sea,0,0,0,0,0,0
2025-08-01T02:07:28.690221Z,2025,8,1,65.305300,22.599700,7.0,0,5.1,1,sea,0,0,0,0,0,0
2025-08-01T02:07:54.636362Z,2025,8,1,65.344000,22.580500,-59.0,0,14.1,1,sea,0,0,0,0,0,0
2025-08-01T02:07:54.662427Z,2025,8,1,65.339600,22.587900,-5.0,0,7.5,1,sea,0,0,0,0,0,0
2025-08-01T02:07:54.670319Z,2025,8,1,65.331700,22.562300,-28.0,0,16.0,1,sea,0,0,0,0,0,0
2025-08-01T02:07:54.701430Z,2025,8,1,65.346100,22.569800,-15.0,0,3.8,1,sea,0,0,0,0,0,0
2025-08-01T02:07:54.732379Z,2025,8,1,65.331600,22.607200,-15.0,0,3.3,1,sea,0,0,0,0,0,0
2025-08-01T02:07:54.759860Z,2025,8,1,65.345400,22.571300,-16.0,0,3.9,1,sea,0,0,0,0,0,0
2025-08-01T02:07:54.817765Z,2025,8,1,65.336700,22.563300,-23.0,0,4.6,1,sea,0,0,0,0,0,0
2025-08-01T02:07:54.845753Z,2025,8,1,65.335500,22.568700,-11.0,0,3.6,1,sea,0,0,0,0,0,0
2025-08-01T02:07:54.872005Z,2025,8,1,65.337100,22.562000,-27.0,0,20.5,1,sea,0,0,0,0,0,0
2025-08-01T02:07:54.912755Z,2025,8,1,65.336300,22.564900,-13.0,0,2.7,1,sea,0,0,0,0,0,0
2025-08-01T02:07:55.014678Z,2025,8,1,65.336100,22.564800,-9.0,0,2.0,1,sea,0,0,0,0,0,0
2025-08-01T02:07:55.091622Z,2025,8,1,65.336300,22.562900,-10.0,0,2.4,1,sea,0,0,0,0,0,0
2025-08-01T02:08:31.487105Z,2025,8,1,65.338300,22.578800,10.0,0,3.3,1,sea,0,0,0,0,0,0
2025-08-01T02:08:31.488444Z,2025,8,1,65.345000,22.565900,11.0,0,18.6,1,sea,0,0,0,0,0,0
2025-08-01T02:08:31.500170Z,2025,8,1,65.336500,22.578000,3.0,0,1.5,1,sea,0,0,0,0,0,0
2025-08-01T02:08:31.501654Z,2025,8,1,65.296600,22.539900,3.0,0,5.2,1,sea,0,0,0,0,0,0
2025-08-01T02:09:04.743585Z,2025,8,1,65.397500,22.010700,-62.0,0,7.5,1,sea,0,0,1,0,0,0
2025-08-01T02:09:04.760488Z,2025,8,1,65.400400,21.999300,-14.0,0,8.9,1,sea,0,1,1,0,0,0
2025-08-01T02:09:04.774897Z,2025,8,1,65.395900,21.983600,-10.0,0,2.7,1,islands,1,1,1,0,0,0
2025-08-01T02:09:04.807368Z,2025,8,1,65.395700,21.983800,-12.0,0,3.9,1,islands,1,1,1,0,0,0
2025-08-01T02:09:04.807486Z,2025,8,1,65.400100,22.086700,14.0,0,19.8,1,sea,0,0,1,0,0,0
2025-08-01T02:09:04.848534Z,2025,8,1,65.399100,22.023600,-8.0,0,3.4,1,sea,0,1,1,0,0,0
2025-08-01T02:09:04.891021Z,2025,8,1,65.397300,22.029600,-12.0,0,30.4,1,sea,1,1,1,0,0,0
2025-08-01T02:09:04.955387Z,2025,8,1,65.397800,22.024800,-26.0,0,5.4,1,sea,0,1,1,0,0,0
2025-08-01T02:09:04.989600Z,2025,8,1,65.397800,22.027100,-12.0,0,3.2,1,sea,0,1,1,0,0,0
2025-08-01T02:09:11.550536Z,2025,8,1,65.460200,21.890500,6.0,0,19.5,1,mainland,0,0,0,0,0,0
2025-08-01T02:09:11.551580Z,2025,8,1,65.460000,21.885800,4.0,0,1.7,1,inland_water,0,0,0,0,0,0
2025-08-01T02:09:20.655377Z,2025,8,1,65.338000,22.575700,-10.0,0,4.9,1,sea,0,0,0,0,0,0
2025-08-01T02:09:20.655490Z,2025,8,1,65.338100,22.586200,-6.0,0,0.0,1,sea,0,0,0,0,0,0
2025-08-01T02:09:20.658223Z,2025,8,1,65.454300,22.614900,-113.0,0,15.3,1,islands,0,1,1,0,0,0
2025-08-01T02:09:20.680372Z,2025,8,1,65.339200,22.570300,-30.0,0,5.4,1,sea,0,0,0,0,0,0
2025-08-01T02:09:20.688142Z,2025,8,1,65.332100,22.576400,-13.0,0,5.1,1,sea,0,0,0,0,0,0
2025-08-01T02:09:21.032731Z,2025,8,1,65.320300,22.516600,-5.0,0,1.4,1,sea,0,0,0,0,0,0
2025-08-01T02:09:23.079533Z,2025,8,1,65.374900,22.870300,3.0,0,1.1,1,sea,0,0,0,0,0,0
2025-08-01T02:09:23.469640Z,2025,8,1,65.311200,22.567500,5.0,0,7.6,1,sea,0,0,0,0,0,0
2025-08-01T02:09:23.493443Z,2025,8,1,65.295800,22.883700,-4.0,0,1.2,1,sea,0,0,0,0,0,0
2025-08-01T02:09:36.269071Z,2025,8,1,65.401300,21.951800,-36.0,0,6.9,1,sea,0,0,1,0,0,0
2025-08-01T02:09:54.013586Z,2025,8,1,65.347400,22.733200,8.0,0,12.5,1,sea,0,0,0,0,0,0
2025-08-01T02:09:54.014068Z,2025,8,1,65.350100,22.729400,9.0,0,14.4,1,sea,0,0,0,0,0,0
2025-08-01T02:09:54.015468Z,2025,8,1,65.340000,22.744800,6.0,0,4.9,1,sea,0,0,0,0,0,0
2025-08-01T02:10:00.356816Z,2025,8,1,65.413500,21.947000,-19.0,0,5.4,1,sea,0,0,1,0,0,0
2025-08-01T02:10:00.411805Z,2025,8,1,65.412600,21.948300,-12.0,0,4.0,1,sea,0,0,1,0,0,0
2025-08-01T02:10:00.442846Z,2025,8,1,65.420200,22.016100,-10.0,0,17.7,1,sea,0,1,1,0,0,0
2025-08-01T02:10:00.568647Z,2025,8,1,65.412100,21.946800,-8.0,0,1.7,1,sea,0,0,1,0,0,0
2025-08-01T02:10:00.627285Z,2025,8,1,65.412100,21.947600,-5.0,0,1.1,1,sea,0,0,1,0,0,0
2025-08-01T02:10:00.681016Z,2025,8,1,65.412100,21.946500,-8.0,0,1.4,1,sea,0,0,1,0,0,0
2025-08-01T02:10:11.087292Z,2025,8,1,65.338100,22.554100,-34.0,0,13.6,1,sea,0,0,0,0,0,0
2025-08-01T02:10:11.113680Z,2025,8,1,65.335800,22.570600,-10.0,0,2.6,1,sea,0,0,0,0,0,0
2025-08-01T02:10:11.122105Z,2025,8,1,65.335300,22.566800,-5.0,0,9.3,1,sea,0,0,0,0,0,0
2025-08-01T02:10:11.122152Z,2025,8,1,65.326900,22.594900,16.0,0,19.9,1,sea,0,0,0,0,0,0
2025-08-01T02:10:11.125461Z,2025,8,1,65.326300,22.595400,-17.0,0,4.1,1,sea,0,0,0,0,0,0
2025-08-01T02:10:11.144446Z,2025,8,1,65.318500,22.604300,-26.0,0,4.6,1,sea,0,0,0,0,0,0
2025-08-01T02:10:11.157652Z,2025,8,1,65.326100,22.595900,-18.0,0,6.7,1,sea,0,0,0,0,0,0
2025-08-01T02:10:11.212229Z,2025,8,1,65.326500,22.592600,-40.0,0,15.6,1,sea,0,0,0,0,0,0
2025-08-01T02:10:11.259923Z,2025,8,1,65.326100,22.594400,-21.0,0,9.2,1,sea,0,0,0,0,0,0
2025-08-01T02:10:11.404189Z,2025,8,1,65.325700,22.594200,-23.0,0,4.4,1,sea,0,0,0,0,0,0
2025-08-01T02:10:11.405187Z,2025,8,1,65.320800,22.625300,-12.0,0,30.4,1,sea,0,0,0,0,0,0
2025-08-01T02:10:31.535663Z,2025,8,1,65.337900,22.813800,6.0,0,30.4,1,sea,0,0,0,0,0,0
2025-08-01T02:10:31.535680Z,2025,8,1,65.330700,22.774000,-13.0,0,9.1,1,sea,0,0,0,0,0,0
2025-08-01T02:10:31.717370Z,2025,8,1,65.479900,22.612200,5.0,0,6.1,1,sea,1,1,1,0,0,0
2025-08-01T02:10:44.543993Z,2025,8,1,65.317400,22.882500,10.0,0,5.4,1,sea,0,0,0,0,0,0
2025-08-01T02:10:44.545802Z,2025,8,1,65.318800,22.877500,8.0,0,6.0,1,sea,0,0,0,0,0,0
2025-08-01T02:10:51.374884Z,2025,8,1,65.364100,22.212200,11.0,0,0.0,1,sea,0,0,0,0,0,0
2025-08-01T02:10:51.375128Z,2025,8,1,65.347500,22.256100,12.0,0,9.1,1,sea,0,0,0,0,0,0
2025-08-01T02:10:51.375574Z,2025,8,1,65.348100,22.246500,6.0,0,13.9,1,sea,0,0,0,0,0,0
2025-08-01T02:11:16.867819Z,2025,8,1,65.337400,22.560300,7.0,0,2.4,1,sea,0,0,0,0,0,0
2025-08-01T02:11:16.869234Z,2025,8,1,65.309400,22.606600,5.0,0,17.3,1,sea,0,0,0,0,0,0
2025-08-01T02:11:16.878928Z,2025,8,1,65.344600,22.553600,4.0,0,1.5,1,sea,0,0,0,0,0,0
2025-08-01T02:11:16.882345Z,2025,8,1,65.329700,22.596400,3.0,0,1.4,1,sea,0,0,0,0,0,0
2025-08-01T02:11:16.883564Z,2025,8,1,65.339300,22.564600,8.0,0,12.4,1,sea,0,0,0,0,0,0
2025-08-01T02:11:17.117822Z,2025,8,1,65.390000,22.576700,6.0,0,2.0,1,sea,0,0,0,0,0,0
2025-08-01T02:11:17.134481Z,2025,8,1,65.343600,22.552700,6.0,0,3.5,1,sea,0,0,0,0,0,0
2025-08-01T02:11:17.923988Z,2025,8,1,65.467100,21.877700,-10.0,0,6.0,1,mainland,0,0,0,0,0,0
2025-08-01T02:11:17.948139Z,2025,8,1,65.466900,21.877900,-6.0,0,5.2,1,mainland,0,0,0,0,0,0
2025-08-01T02:11:18.121318Z,2025,8,1,65.454500,21.860800,-13.0,0,4.6,1,mainland,0,0,0,0,0,0
2025-08-01T02:11:18.170415Z,2025,8,1,65.496900,21.811000,4.0,0,6.5,1,mainland,0,0,0,0,0,0
2025-08-01T02:11:18.425327Z,2025,8,1,65.473100,21.876800,-10.0,0,3.9,1,mainland,0,0,0,0,0,0
2025-08-01T02:11:18.527784Z,2025,8,1,65.475100,21.870900,-15.0,0,5.6,1,mainland,0,0,0,0,0,0
2025-08-01T02:11:49.447174Z,2025,8,1,65.365600,22.688800,8.0,0,4.1,1,sea,0,0,0,0,0,0
2025-08-01T02:11:49.448229Z,2025,8,1,65.363300,22.689800,4.0,0,25.0,1,sea,0,0,0,0,0,0
2025-08-01T02:11:49.448903Z,2025,8,1,65.351200,22.707300,5.0,0,3.1,1,sea,0,0,0,0,0,0
2025-08-01T02:12:07.037740Z,2025,8,1,65.423700,22.034200,-14.0,0,8.2,1,sea,0,0,1,0,0,0
2025-08-01T02:12:18.128822Z,2025,8,1,65.369700,22.683400,6.0,0,3.7,1,sea,0,0,0,0,0,0
2025-08-01T02:12:18.544272Z,2025,8,1,65.316900,22.806500,-4.0,0,6.4,1,sea,0,0,0,0,0,0
2025-08-01T02:12:18.688080Z,2025,8,1,65.380800,22.969500,-25.0,0,3.9,1,sea,0,0,0,0,0,0
2025-08-01T02:12:18.689217Z,2025,8,1,65.359000,22.884500,-8.0,0,3.8,1,sea,0,0,0,0,0,0
2025-08-01T02:12:51.451270Z,2025,8,1,65.350000,22.459500,5.0,0,2.1,1,sea,0,1,1,0,0,0
2025-08-01T02:12:51.452072Z,2025,8,1,65.333900,22.542300,7.0,0,30.4,1,sea,0,0,0,0,0,0
2025-08-01T02:12:51.454535Z,2025,8,1,65.343200,22.449200,5.0,0,1.8,1,sea,0,0,1,0,0,0
2025-08-01T02:12:51.456563Z,2025,8,1,65.324500,22.511800,8.0,0,29.3,1,sea,0,0,0,0,0,0
2025-08-01T02:12:52.009880Z,2025,8,1,65.353000,22.544700,-2.0,0,1.2,1,sea,0,0,0,0,0,0
2025-08-01T02:12:54.395034Z,2025,8,1,65.375900,22.693900,9.0,0,17.3,1,sea,0,0,0,0,0,0
2025-08-01T02:12:54.435946Z,2025,8,1,65.366900,22.700500,4.0,0,5.8,1,sea,0,0,0,0,0,0
2025-08-01T02:12:54.992168Z,2025,8,1,65.418900,22.654700,3.0,0,30.4,1,sea,0,0,0,0,0,0
2025-08-01T02:12:55.049426Z,2025,8,1,65.372000,22.695700,9.0,0,8.6,1,sea,0,0,0,0,0,0
2025-08-01T02:13:04.712298Z,2025,8,1,65.533100,21.650500,14.0,0,11.7,1,inland_water,0,0,0,0,0,0
2025-08-01T02:13:09.703428Z,2025,8,1,65.344600,22.572100,5.0,0,6.9,1,sea,0,0,0,0,0,0
2025-08-01T02:13:09.705924Z,2025,8,1,65.349100,22.551400,5.0,0,4.4,1,sea,0,0,0,0,0,0
2025-08-01T02:13:22.372598Z,2025,8,1,65.501900,21.848100,5.0,0,1.7,1,mainland,0,0,0,0,0,0
2025-08-01T02:13:22.373164Z,2025,8,1,65.486400,21.890400,6.0,0,10.6,1,mainland,0,0,1,0,0,0
2025-08-01T02:13:22.385064Z,2025,8,1,65.499800,21.858500,5.0,0,4.0,1,mainland,0,0,1,0,0,0
2025-08-01T02:13:22.743308Z,2025,8,1,65.344800,22.518000,5.0,0,5.0,1,sea,0,0,0,0,0,0
2025-08-01T02:13:22.761008Z,2025,8,1,65.347200,22.501000,5.0,0,3.3,1,sea,0,0,0,0,0,0
2025-08-01T02:13:36.477548Z,2025,8,1,65.440100,21.888600,-4.0,0,4.7,1,mainland,0,0,1,0,0,0
2025-08-01T02:13:36.490914Z,2025,8,1,65.430900,21.890200,-39.0,0,9.3,1,mainland,0,1,1,0,0,0
2025-08-01T02:13:36.511963Z,2025,8,1,65.436900,21.904800,-5.0,0,5.8,1,sea,1,1,1,0,0,0
2025-08-01T02:13:36.517266Z,2025,8,1,65.425300,21.925700,-16.0,0,3.7,1,sea,0,1,1,0,0,0
2025-08-01T02:13:36.570178Z,2025,8,1,65.425200,21.922900,-17.0,0,4.1,1,sea,0,1,1,0,0,0
2025-08-01T02:13:36.570695Z,2025,8,1,65.421900,21.909100,-6.0,0,8.7,1,mainland,0,1,1,0,0,0
2025-08-01T02:13:36.606479Z,2025,8,1,65.425600,21.923200,-30.0,0,8.0,1,sea,0,1,1,0,0,0
2025-08-01T02:13:36.624995Z,2025,8,1,65.426300,21.925000,-9.0,0,5.0,1,sea,0,0,1,0,0,0
2025-08-01T02:13:36.863151Z,2025,8,1,65.425600,21.924400,-34.0,0,12.7,1,sea,0,1,1,0,0,0
2025-08-01T02:13:36.924406Z,2025,8,1,65.427600,21.920500,-7.0,0,1.5,1,sea,0,1,1,0,0,0
2025-08-01T02:13:38.595502Z,2025,8,1,65.372900,22.684100,4.0,0,4.6,1,sea,0,0,0,0,0,0
2025-08-01T02:13:38.598589Z,2025,8,1,65.443000,22.844500,10.0,0,19.6,1,sea,0,0,0,0,0,0
2025-08-01T02:13:38.609425Z,2025,8,1,65.379500,22.675500,4.0,0,9.3,1,sea,0,0,0,0,0,0
2025-08-01T02:13:39.088890Z,2025,8,1,65.359400,22.762000,-3.0,0,9.5,1,sea,0,0,0,0,0,0
2025-08-01T02:13:56.857118Z,2025,8,1,65.511900,21.819700,7.0,0,1.6,1,mainland,0,0,0,0,0,0
2025-08-01T02:13:58.627491Z,2025,8,1,65.353600,22.540600,12.0,0,11.3,1,sea,0,0,0,0,0,0
2025-08-01T02:14:09.651112Z,2025,8,1,65.365800,22.678700,3.0,0,2.4,1,sea,0,0,0,0,0,0
2025-08-01T02:14:10.080641Z,2025,8,1,65.329600,22.821400,-5.0,0,3.3,1,sea,0,0,0,0,0,0
2025-08-01T02:14:14.445343Z,2025,8,1,65.462000,21.843700,-7.0,0,4.3,1,mainland,0,0,0,0,0,0
2025-08-01T02:14:14.566388Z,2025,8,1,65.460500,21.841800,-13.0,0,7.4,1,mainland,0,0,0,0,0,1
2025-08-01T02:14:14.566644Z,2025,8,1,65.446200,21.884000,6.0,0,0.0,1,mainland,0,0,0,0,0,0
2025-08-01T02:14:14.638272Z,2025,8,1,65.460800,21.840400,-35.0,0,8.4,1,mainland,0,0,0,0,0,1
2025-08-01T02:14:14.638498Z,2025,8,1,65.469500,21.830600,8.0,0,0.0,1,mainland,0,0,0,0,0,0
2025-08-01T02:14:17.133790Z,2025,8,1,65.346300,22.536000,5.0,0,3.3,1,sea,0,0,0,0,0,0
2025-08-01T02:14:17.135378Z,2025,8,1,65.345200,22.525900,18.0,0,24.0,1,sea,0,0,0,0,0,0
2025-08-01T02:14:17.143992Z,2025,8,1,65.341300,22.537000,5.0,0,1.8,1,sea,0,0,0,0,0,0
2025-08-01T02:14:33.832117Z,2025,8,1,65.206200,22.442000,3.0,0,5.5,1,sea,0,0,0,0,0,0
2025-08-01T02:14:33.967670Z,2025,8,1,65.606400,21.654100,-9.0,0,5.9,1,mainland,0,0,0,0,0,0
2025-08-01T02:14:36.827689Z,2025,8,1,65.428500,21.897700,-6.0,0,2.8,1,mainland,1,1,1,0,0,0
2025-08-01T02:14:36.897937Z,2025,8,1,65.440500,21.889300,-12.0,0,7.3,1,mainland,0,0,1,0,0,0
2025-08-01T02:14:36.938491Z,2025,8,1,65.441900,21.882500,-16.0,0,5.9,1,mainland,0,0,1,0,0,0
2025-08-01T02:14:36.978826Z,2025,8,1,65.441900,21.880200,-8.0,0,5.6,1,mainland,0,0,1,0,0,0
2025-08-01T02:14:38.062125Z,2025,8,1,65.441400,22.065900,8.0,0,3.3,1,sea,0,0,1,0,0,0
2025-08-01T02:14:41.488451Z,2025,8,1,65.348200,22.518700,15.0,0,2.5,1,sea,0,0,0,0,0,0
2025-08-01T02:14:41.489635Z,2025,8,1,65.342000,22.547300,-7.0,0,9.4,1,sea,0,0,0,0,0,0
2025-08-01T02:14:41.490807Z,2025,8,1,65.352800,22.523500,11.0,0,12.9,1,sea,0,0,0,0,0,0
2025-08-01T02:14:54.141451Z,2025,8,1,65.607700,21.707200,-10.0,0,7.2,1,mainland,0,0,0,0,0,0
2025-08-01T02:14:55.315629Z,2025,8,1,65.347500,22.536100,5.0,0,13.2,1,sea,0,0,0,0,0,0
2025-08-01T02:14:55.316664Z,2025,8,1,65.354200,22.523900,6.0,0,7.9,1,sea,0,0,0,0,0,0
2025-08-01T02:14:55.317617Z,2025,8,1,65.351100,22.523100,16.0,0,22.2,1,sea,0,0,0,0,0,0
2025-08-01T02:15:08.128757Z,2025,8,1,65.345000,22.547600,7.0,0,28.5,1,sea,0,0,0,0,0,0
2025-08-01T02:15:08.129608Z,2025,8,1,65.340400,22.514600,9.0,0,3.1,1,sea,0,0,0,0,0,0
2025-08-01T02:15:10.894236Z,2025,8,1,65.503400,21.814300,-14.0,0,13.7,1,mainland,0,0,0,0,0,0
2025-08-01T02:15:10.906322Z,2025,8,1,65.505400,21.808100,7.0,0,3.5,1,mainland,0,0,0,0,0,0
2025-08-01T02:15:19.794888Z,2025,8,1,65.339200,22.622000,-22.0,0,25.4,1,sea,0,0,0,0,0,0
2025-08-01T02:15:19.853389Z,2025,8,1,65.341500,22.535300,-8.0,0,2.9,1,sea,0,0,0,0,0,0
2025-08-01T02:15:19.975987Z,2025,8,1,65.333200,22.594200,-7.0,0,3.0,1,sea,0,0,0,0,0,0
2025-08-01T02:15:32.984990Z,2025,8,1,65.419700,21.882600,-9.0,0,7.5,1,mainland,0,0,0,1,1,1
2025-08-01T02:15:33.028912Z,2025,8,1,65.422200,21.880100,-7.0,0,4.5,1,mainland,0,0,0,1,1,1
2025-08-01T02:15:38.097324Z,2025,8,1,65.373900,22.601600,-27.0,0,5.8,1,sea,0,0,0,0,0,0
2025-08-01T02:15:38.105904Z,2025,8,1,65.375800,22.590200,-4.0,0,7.3,1,sea,0,0,0,0,0,0
2025-08-01T02:15:38.140972Z,2025,8,1,65.374400,22.599300,-16.0,0,3.6,1,sea,0,0,0,0,0,0
2025-08-01T02:15:38.215603Z,2025,8,1,65.366900,22.662700,-41.0,0,8.3,1,sea,0,0,0,0,0,0
2025-08-01T02:15:38.292366Z,2025,8,1,65.369300,22.588000,8.0,0,6.8,1,sea,0,0,0,0,0,0
2025-08-01T02:15:38.293947Z,2025,8,1,65.374100,22.589400,4.0,0,17.9,1,sea,0,0,0,0,0,0
2025-08-01T02:15:38.297219Z,2025,8,1,65.363500,22.662000,-6.0,0,7.1,1,sea,0,0,0,0,0,0
2025-08-01T02:15:38.298083Z,2025,8,1,65.282300,22.672300,3.0,0,15.7,1,sea,0,0,0,0,0,0
2025-08-01T02:15:38.301380Z,2025,8,1,65.356400,22.629500,5.0,0,23.2,1,sea,0,0,0,0,0,0
2025-08-01T02:15:38.301409Z,2025,8,1,65.369200,22.563100,-11.0,0,21.9,1,sea,0,0,0,0,0,0
2025-08-01T02:15:38.308166Z,2025,8,1,65.366400,22.588300,-4.0,0,2.1,1,sea,0,0,0,0,0,0
2025-08-01T02:15:38.327267Z,2025,8,1,65.379600,22.697300,5.0,0,5.5,1,sea,0,0,0,0,0,0
2025-08-01T02:15:38.725652Z,2025,8,1,65.393500,22.547400,-8.0,0,1.8,1,sea,0,0,1,0,0,0
2025-08-01T02:15:40.199416Z,2025,8,1,65.504300,21.807800,7.0,0,3.0,1,mainland,0,0,0,0,0,0
2025-08-01T02:15:40.199985Z,2025,8,1,65.516000,21.777900,4.0,0,10.4,1,mainland,0,0,0,0,0,0
2025-08-01T02:15:43.570592Z,2025,8,1,65.448500,22.045000,7.0,0,9.1,1,sea,0,1,1,0,0,0
2025-08-01T02:15:51.384350Z,2025,8,1,65.329500,22.547700,4.0,0,9.2,1,sea,0,0,0,0,0,0
2025-08-01T02:15:51.385131Z,2025,8,1,65.356200,22.595000,7.0,0,19.6,1,sea,0,0,0,0,0,0
2025-08-01T02:16:01.533783Z,2025,8,1,65.405100,21.910600,-23.0,0,10.6,1,mainland,0,1,1,0,1,1
2025-08-01T02:16:04.737982Z,2025,8,1,65.360800,22.516500,7.0,0,4.8,1,sea,0,0,0,0,0,0
2025-08-01T02:16:04.738569Z,2025,8,1,65.354700,22.527900,5.0,0,2.0,1,sea,0,0,0,0,0,0
2025-08-01T02:16:04.739181Z,2025,8,1,65.365000,22.550000,4.0,0,1.8,1,sea,0,0,0,0,0,0
2025-08-01T02:16:06.800632Z,2025,8,1,65.538800,21.614100,-65.0,0,10.4,1,mainland,0,0,0,0,1,1
2025-08-01T02:16:06.839950Z,2025,8,1,65.548500,21.639800,-7.0,0,3.5,1,mainland,0,0,0,0,0,0
2025-08-01T02:16:06.948489Z,2025,8,1,65.542300,21.618700,-6.0,0,5.7,1,mainland,0,0,0,0,0,1
2025-08-01T02:16:19.720001Z,2025,8,1,65.363500,22.530300,9.0,0,18.6,1,sea,0,0,0,0,0,0
2025-08-01T02:16:19.997059Z,2025,8,1,65.405700,22.630300,5.0,0,6.2,1,sea,0,0,0,0,0,0
2025-08-01T02:16:20.015216Z,2025,8,1,65.379600,22.670700,4.0,0,2.3,1,sea,0,0,0,0,0,0
2025-08-01T02:16:25.480285Z,2025,8,1,65.348400,22.859800,9.0,0,11.8,1,sea,0,0,0,0,0,0
2025-08-01T02:16:25.480770Z,2025,8,1,65.353100,22.859900,5.0,0,30.4,1,sea,0,0,0,0,0,0
2025-08-01T02:16:25.484949Z,2025,8,1,65.350100,22.865300,4.0,0,2.5,1,sea,0,0,0,0,0,0
2025-08-01T02:16:25.721170Z,2025,8,1,65.349600,22.862400,6.0,0,13.4,1,sea,0,0,0,0,0,0
2025-08-01T02:16:25.742742Z,2025,8,1,65.344500,22.846300,5.0,0,2.1,1,sea,0,0,0,0,0,0
2025-08-01T02:16:26.347108Z,2025,8,1,65.424500,21.914600,-6.0,0,4.8,1,sea,1,1,1,0,0,0
2025-08-01T02:16:27.570563Z,2025,8,1,65.508600,21.802000,9.0,0,11.4,1,mainland,0,0,0,0,0,0
2025-08-01T02:16:27.572796Z,2025,8,1,65.505400,21.798600,15.0,0,25.8,1,mainland,0,0,0,0,0,0
2025-08-01T02:16:33.538393Z,2025,8,1,65.348400,22.512500,4.0,0,6.6,1,sea,0,0,0,0,0,0
2025-08-01T02:16:33.539167Z,2025,8,1,65.365000,22.513400,9.0,0,5.5,1,sea,0,0,0,0,0,0
2025-08-01T02:16:41.269734Z,2025,8,1,65.545200,21.606400,-8.0,0,8.1,1,mainland,0,0,0,0,0,1
2025-08-01T02:16:41.311478Z,2025,8,1,65.544000,21.628100,-10.0,0,5.4,1,mainland,0,0,0,0,0,0
2025-08-01T02:16:43.270199Z,2025,8,1,65.372600,22.539400,-36.0,0,5.5,1,sea,0,0,0,0,0,0
2025-08-01T02:16:43.310956Z,2025,8,1,65.297600,22.468700,-29.0,0,7.4,1,sea,0,0,0,0,0,0
2025-08-01T02:16:43.323701Z,2025,8,1,65.369800,22.541600,-5.0,0,1.4,1,sea,0,0,0,0,0,0
2025-08-01T02:16:43.376376Z,2025,8,1,65.377200,22.552000,-21.0,0,11.4,1,sea,0,0,0,0,0,0
2025-08-01T02:16:43.422584Z,2025,8,1,65.377000,22.553000,-19.0,0,3.9,1,sea,0,0,0,0,0,0
2025-08-01T02:16:43.498854Z,2025,8,1,65.377200,22.552300,-21.0,0,15.5,1,sea,0,0,0,0,0,0
2025-08-01T02:16:43.538675Z,2025,8,1,65.378500,22.561300,-8.0,0,1.9,1,sea,0,0,0,0,0,0
2025-08-01T02:16:43.638025Z,2025,8,1,65.377000,22.528500,-6.0,0,10.6,1,sea,0,0,1,0,0,0
2025-08-01T02:16:43.790282Z,2025,8,1,65.377300,22.552000,-12.0,0,2.9,1,sea,0,0,0,0,0,0
2025-08-01T02:16:48.125022Z,2025,8,1,65.400200,22.047400,-12.0,0,2.6,1,islands,1,1,1,0,0,0
2025-08-01T02:16:48.126170Z,2025,8,1,65.364800,22.093600,-14.0,0,5.5,1,sea,0,0,0,0,0,0
2025-08-01T02:16:48.217212Z,2025,8,1,65.401600,22.040400,-29.0,0,8.2,1,islands,1,1,1,0,0,0
2025-08-01T02:16:48.514958Z,2025,8,1,65.436600,21.934700,-9.0,0,3.6,1,sea,1,1,1,0,0,0
2025-08-01T02:17:01.932768Z,2025,8,1,65.368500,22.539000,-6.0,0,9.2,1,sea,0,0,0,0,0,0
2025-08-01T02:17:11.857670Z,2025,8,1,65.482600,21.951800,9.0,0,19.8,1,mainland,0,1,1,0,0,0
2025-08-01T02:17:12.407247Z,2025,8,1,65.453200,21.858200,-29.0,0,9.0,1,mainland,0,0,0,0,0,0
2025-08-01T02:17:16.372509Z,2025,8,1,65.384500,22.488500,-19.0,0,7.6,1,sea,0,0,1,0,0,0
2025-08-01T02:17:16.394355Z,2025,8,1,65.375700,22.452300,-5.0,0,1.9,1,sea,0,1,1,0,0,0
2025-08-01T02:17:16.741656Z,2025,8,1,65.375300,22.450700,-9.0,0,1.5,1,sea,0,1,1,0,0,0
2025-08-01T02:17:16.990060Z,2025,8,1,65.377400,22.452400,-21.0,0,5.0,1,sea,0,1,1,0,0,0
2025-08-01T02:17:26.167992Z,2025,8,1,65.375900,22.506500,6.0,0,3.0,1,sea,0,1,1,0,0,0
2025-08-01T02:17:26.479773Z,2025,8,1,65.381000,22.503400,-7.0,0,3.3,1,sea,0,1,1,0,0,0
2025-08-01T02:17:27.885676Z,2025,8,1,65.431400,21.967600,3.0,0,4.9,1,mainland,0,0,1,0,0,0
2025-08-01T02:17:46.330082Z,2025,8,1,65.501700,21.794800,8.0,0,7.3,1,mainland,0,0,0,0,0,0
2025-08-01T02:17:59.670042Z,2025,8,1,65.445200,21.844300,-26.0,0,15.0,1,mainland,0,0,0,1,1,1
2025-08-01T02:17:59.786054Z,2025,8,1,65.441400,21.877600,-7.0,0,4.9,1,mainland,0,0,1,0,0,0
2025-08-01T02:18:09.592590Z,2025,8,1,65.387800,22.530000,7.0,0,4.6,1,sea,0,0,0,0,0,0
2025-08-01T02:18:09.592921Z,2025,8,1,65.382600,22.535300,11.0,0,4.5,1,sea,0,0,0,0,0,0
2025-08-01T02:18:09.595835Z,2025,8,1,65.380700,22.546200,4.0,0,3.6,1,sea,0,0,0,0,0,0
2025-08-01T02:18:09.597580Z,2025,8,1,65.369000,22.555900,7.0,0,5.7,1,sea,0,0,0,0,0,0
2025-08-01T02:18:09.604407Z,2025,8,1,65.383800,22.608300,3.0,0,11.5,1,sea,0,0,0,0,0,0
2025-08-01T02:18:09.915424Z,2025,8,1,65.383900,22.532100,5.0,0,2.5,1,sea,0,0,1,0,0,0
2025-08-01T02:18:10.177904Z,2025,8,1,65.364500,22.720600,-4.0,0,5.0,1,sea,0,0,0,0,0,0
2025-08-01T02:18:10.180052Z,2025,8,1,65.371500,22.670700,-42.0,0,7.7,1,sea,0,0,0,0,0,0
2025-08-01T02:18:10.187612Z,2025,8,1,65.298700,22.821200,3.0,0,2.7,1,sea,0,0,0,0,0,0
2025-08-01T02:18:10.225965Z,2025,8,1,65.371400,22.668900,-11.0,0,3.7,1,sea,0,0,0,0,0,0
2025-08-01T02:18:10.283094Z,2025,8,1,65.404400,22.883300,-16.0,0,6.7,1,sea,0,0,0,0,0,0
2025-08-01T02:18:10.283564Z,2025,8,1,65.344100,22.818800,-6.0,0,4.3,1,sea,0,0,0,0,0,0
2025-08-01T02:18:20.400773Z,2025,8,1,65.388100,22.553300,-14.0,0,3.1,1,sea,0,0,0,0,0,0
2025-08-01T02:18:20.448944Z,2025,8,1,65.389200,22.553200,-13.0,0,2.4,1,sea,0,0,0,0,0,0
2025-08-01T02:18:20.524932Z,2025,8,1,65.368900,22.399900,-6.0,0,2.5,1,sea,0,1,1,0,0,0
2025-08-01T02:18:32.531614Z,2025,8,1,65.287900,22.678700,5.0,0,1.7,1,sea,0,0,0,0,0,0
2025-08-01T02:18:35.748348Z,2025,8,1,65.501100,21.747600,-6.0,0,0.0,1,mainland,0,0,0,0,0,0
2025-08-01T02:18:35.748523Z,2025,8,1,65.504900,21.780900,-7.0,0,0.0,1,mainland,0,0,0,0,0,0
2025-08-01T02:18:35.748599Z,2025,8,1,65.503500,21.767200,-11.0,0,5.0,1,mainland,0,0,0,0,0,0
2025-08-01T02:18:35.755342Z,2025,8,1,65.499300,21.784800,-17.0,0,9.9,1,mainland,0,0,0,0,0,0
2025-08-01T02:18:35.782270Z,2025,8,1,65.506300,21.761900,-5.0,0,4.5,1,mainland,0,0,0,0,0,0
2025-08-01T02:18:47.468481Z,2025,8,1,65.318100,22.745000,5.0,0,7.5,1,sea,0,0,0,0,0,0
2025-08-01T02:18:54.551729Z,2025,8,1,65.513300,21.787900,8.0,0,3.0,1,mainland,0,0,0,0,0,0
2025-08-01T02:18:59.063355Z,2025,8,1,65.345400,22.100600,-80.0,0,5.9,1,sea,0,1,1,0,0,0
2025-08-01T02:18:59.090265Z,2025,8,1,65.346000,22.099800,-24.0,0,7.3,1,sea,0,1,1,0,0,0
2025-08-01T02:18:59.132021Z,2025,8,1,65.345600,22.101800,-37.0,0,8.0,1,sea,0,1,1,0,0,0
2025-08-01T02:18:59.154999Z,2025,8,1,65.336500,22.090400,-9.0,0,4.1,1,sea,0,0,1,0,0,0
2025-08-01T02:18:59.298205Z,2025,8,1,65.349200,22.127200,-6.0,0,3.2,1,sea,0,0,0,0,0,0
2025-08-01T02:19:11.964968Z,2025,8,1,65.377600,22.490200,-13.0,0,2.6,1,sea,0,1,1,0,0,0
2025-08-01T02:19:12.028730Z,2025,8,1,65.392100,22.528600,-11.0,0,3.1,1,sea,0,0,1,0,0,0
2025-08-01T02:19:14.790323Z,2025,8,1,65.384700,21.929000,6.0,0,18.0,1,sea,0,0,0,1,1,1
2025-08-01T02:19:21.643802Z,2025,8,1,65.525700,21.757600,-45.0,0,10.5,1,mainland,0,0,0,0,0,0
2025-08-01T02:19:21.667748Z,2025,8,1,65.525500,21.758500,-9.0,0,5.3,1,mainland,0,0,0,0,0,0
2025-08-01T02:19:21.691973Z,2025,8,1,65.525600,21.758800,-17.0,0,6.3,1,mainland,0,0,0,0,0,0
2025-08-01T02:19:21.699932Z,2025,8,1,65.525200,21.761200,-7.0,0,5.2,1,mainland,0,0,0,0,0,0
2025-08-01T02:19:22.739189Z,2025,8,1,65.383400,22.523300,5.0,0,1.4,1,sea,0,0,1,0,0,0
2025-08-01T02:19:22.740067Z,2025,8,1,65.387900,22.514700,7.0,0,8.8,1,sea,0,0,1,0,0,0
2025-08-01T02:19:22.741068Z,2025,8,1,65.382100,22.516200,4.0,0,2.5,1,sea,0,1,1,0,0,0
2025-08-01T02:19:46.089726Z,2025,8,1,65.495600,21.766600,-11.0,0,5.8,1,mainland,0,0,0,0,0,0
2025-08-01T02:19:46.112666Z,2025,8,1,65.514100,21.762600,-7.0,0,5.7,1,mainland,0,0,0,0,0,0
2025-08-01T02:19:46.155667Z,2025,8,1,65.535400,21.755200,-6.0,0,4.9,1,mainland,0,0,0,0,0,0
2025-08-01T02:19:47.752650Z,2025,8,1,65.387900,22.484500,-28.0,0,3.9,1,sea,0,0,1,0,0,0
2025-08-01T02:19:47.769892Z,2025,8,1,65.387700,22.486000,-8.0,0,2.3,1,sea,0,0,1,0,0,0
2025-08-01T02:19:47.830492Z,2025,8,1,65.410400,22.556200,-19.0,0,3.1,1,sea,0,0,0,0,0,0
2025-08-01T02:19:47.878407Z,2025,8,1,65.387200,22.517400,-12.0,0,2.1,1,sea,0,0,1,0,0,0
2025-08-01T02:19:47.956972Z,2025,8,1,65.372500,22.597900,-11.0,0,4.3,1,sea,0,0,0,0,0,0
2025-08-01T02:19:48.001938Z,2025,8,1,65.387700,22.514800,-8.0,0,2.6,1,sea,0,0,1,0,0,0
2025-08-01T02:19:48.070025Z,2025,8,1,65.366300,22.502000,-10.0,0,2.5,1,sea,0,0,1,0,0,0
2025-08-01T02:19:48.070490Z,2025,8,1,65.376800,22.581300,-6.0,0,15.7,1,sea,0,0,0,0,0,0
2025-08-01T02:19:48.145800Z,2025,8,1,65.387400,22.518900,-8.0,0,1.5,1,sea,0,0,1,0,0,0
2025-08-01T02:20:05.905406Z,2025,8,1,65.392900,22.440600,-49.0,0,20.4,1,sea,0,1,1,0,0,0
2025-08-01T02:20:05.948994Z,2025,8,1,65.386500,22.447400,-30.0,0,8.8,1,sea,1,1,1,0,0,0
2025-08-01T02:20:05.980006Z,2025,8,1,65.386000,22.447900,-16.0,0,4.5,1,sea,1,1,1,0,0,0
2025-08-01T02:20:06.006372Z,2025,8,1,65.388000,22.450300,-11.0,0,7.4,1,sea,1,1,1,0,0,0
2025-08-01T02:20:06.007234Z,2025,8,1,65.377900,22.407900,-5.0,0,10.1,1,sea,1,1,1,0,0,0
2025-08-01T02:20:06.023384Z,2025,8,1,65.385500,22.449000,-7.0,0,1.5,1,sea,1,1,1,0,0,0
2025-08-01T02:20:17.752093Z,2025,8,1,65.349100,22.758400,6.0,0,3.7,1,sea,0,0,0,0,0,0
2025-08-01T02:20:17.754981Z,2025,8,1,65.302700,22.905100,5.0,0,27.5,1,sea,0,0,0,0,0,0
2025-08-01T02:20:17.758276Z,2025,8,1,65.350800,22.766400,4.0,0,20.3,1,sea,0,0,0,0,0,0
2025-08-01T02:20:19.546829Z,2025,8,1,65.526800,21.693600,-18.0,0,6.7,1,mainland,0,0,0,0,0,0
2025-08-01T02:20:19.578577Z,2025,8,1,65.540400,21.797200,-16.0,0,8.3,1,mainland,0,0,0,0,0,0
2025-08-01T02:20:19.642636Z,2025,8,1,65.527300,21.797600,-10.0,0,4.8,1,mainland,0,0,0,0,0,0
2025-08-01T02:20:19.708511Z,2025,8,1,65.499400,21.751200,-8.0,0,4.4,1,mainland,0,0,0,0,0,0
2025-08-01T02:20:19.884502Z,2025,8,1,65.526200,21.797500,-5.0,0,5.4,1,mainland,0,0,0,0,0,0
2025-08-01T02:20:19.932972Z,2025,8,1,65.499400,21.750500,-8.0,0,4.5,1,mainland,0,0,0,0,0,0
2025-08-01T02:20:20.011029Z,2025,8,1,65.496700,21.755700,-6.0,0,4.5,1,mainland,0,0,0,0,0,0
2025-08-01T02:20:20.065305Z,2025,8,1,65.482300,21.779300,-4.0,0,6.0,1,mainland,0,0,0,0,0,0
2025-08-01T02:20:25.157019Z,2025,8,1,65.373000,22.511300,5.0,0,3.9,1,sea,0,1,1,0,0,0
2025-08-01T02:20:25.157804Z,2025,8,1,65.382200,22.532600,7.0,0,30.4,1,sea,0,0,1,0,0,0
2025-08-01T02:20:25.157827Z,2025,8,1,65.386800,22.585000,-13.0,0,8.9,1,sea,0,0,0,0,0,0
2025-08-01T02:20:25.158925Z,2025,8,1,65.385000,22.504000,4.0,0,2.0,1,sea,0,0,1,0,0,0
2025-08-01T02:20:25.485905Z,2025,8,1,65.388300,22.524600,-12.0,0,2.9,1,sea,0,0,1,0,0,0
2025-08-01T02:20:31.526333Z,2025,8,1,65.347700,22.061100,-46.0,0,8.7,1,sea,0,0,1,0,0,0
2025-08-01T02:20:31.659429Z,2025,8,1,65.355300,22.074300,-32.0,0,7.5,1,sea,0,0,0,0,0,0
2025-08-01T02:20:31.699669Z,2025,8,1,65.355800,22.073200,-9.0,0,1.7,1,sea,0,0,0,0,0,0
2025-08-01T02:20:34.020584Z,2025,8,1,65.401300,22.458200,-13.0,0,6.2,1,sea,0,0,1,0,0,0
2025-08-01T02:20:37.142448Z,2025,8,1,65.567600,21.582500,-16.0,0,7.2,1,mainland,0,0,0,0,0,0
2025-08-01T02:20:52.914029Z,2025,8,1,65.285000,22.562400,5.0,0,15.9,1,sea,0,0,0,0,0,0
2025-08-01T02:20:52.916873Z,2025,8,1,65.196200,22.849400,5.0,0,3.5,1,sea,0,0,0,0,0,0
2025-08-01T02:20:52.918441Z,2025,8,1,65.371500,22.502400,4.0,0,1.5,1,sea,0,0,1,0,0,0
2025-08-01T02:21:03.761136Z,2025,8,1,65.528700,21.721100,-33.0,0,15.4,1,mainland,0,0,0,0,0,0
2025-08-01T02:21:03.816333Z,2025,8,1,65.533300,21.679500,-11.0,0,9.8,1,mainland,0,0,0,0,0,0
2025-08-01T02:21:03.836491Z,2025,8,1,65.516000,21.724900,-7.0,0,7.2,1,mainland,0,0,0,0,0,0
2025-08-01T02:21:03.960665Z,2025,8,1,65.518500,21.716200,-20.0,0,7.2,1,mainland,0,0,0,0,0,0
2025-08-01T02:21:14.202384Z,2025,8,1,65.376600,22.462300,-38.0,0,5.5,1,islands,1,1,1,0,0,0
2025-08-01T02:21:14.260424Z,2025,8,1,65.379900,22.469500,-25.0,0,6.7,1,islands,0,1,1,0,0,0
2025-08-01T02:21:14.260801Z,2025,8,1,65.403300,22.396700,-14.0,0,2.5,1,sea,0,0,0,0,0,0
2025-08-01T02:21:14.282947Z,2025,8,1,65.378200,22.469500,-5.0,0,2.6,1,islands,0,1,1,0,0,0
2025-08-01T02:21:14.283367Z,2025,8,1,65.372500,22.406900,-4.0,0,5.4,1,islands,1,1,1,0,0,0
2025-08-01T02:21:28.317394Z,2025,8,1,65.362400,22.054400,-39.0,0,5.1,1,sea,0,0,0,0,0,0
2025-08-01T02:21:28.356740Z,2025,8,1,65.363000,22.054700,-18.0,0,4.8,1,sea,0,0,0,0,0,0
2025-08-01T02:21:28.405401Z,2025,8,1,65.361300,22.050800,-13.0,0,3.8,1,sea,0,0,0,0,0,0
2025-08-01T02:21:28.438454Z,2025,8,1,65.360800,22.057500,-4.0,0,1.3,1,sea,0,0,0,0,0,0
2025-08-01T02:21:36.457303Z,2025,8,1,65.373400,22.478500,10.0,0,9.5,1,sea,1,1,1,0,0,0
2025-08-01T02:21:36.457974Z,2025,8,1,65.381900,22.478600,6.0,0,19.1,1,sea,1,1,1,0,0,0
2025-08-01T02:21:44.155411Z,2025,8,1,65.466700,21.989600,-8.0,0,2.7,1,mainland,0,1,1,0,0,0
2025-08-01T02:21:55.165131Z,2025,8,1,65.394300,22.459300,-30.0,0,9.4,1,sea,1,1,1,0,0,0
2025-08-01T02:21:55.213110Z,2025,8,1,65.396700,22.460200,-18.0,0,4.1,1,sea,0,1,1,0,0,0
2025-08-01T02:21:55.252230Z,2025,8,1,65.382900,22.399100,-12.0,0,4.2,1,sea,1,1,1,0,0,0
2025-08-01T02:21:55.253102Z,2025,8,1,65.389800,22.455700,-9.0,0,9.3,1,islands,1,1,1,0,0,0
2025-08-01T02:21:55.309667Z,2025,8,1,65.393700,22.461100,-14.0,0,4.5,1,sea,1,1,1,0,0,0
2025-08-01T02:21:55.309928Z,2025,8,1,65.379400,22.504500,-12.0,0,8.9,1,sea,0,1,1,0,0,0
2025-08-01T02:21:55.311407Z,2025,8,1,65.386200,22.449100,-5.0,0,5.4,1,sea,1,1,1,0,0,0
2025-08-01T02:21:55.474743Z,2025,8,1,65.382000,22.399100,-11.0,0,2.1,1,sea,1,1,1,0,0,0
2025-08-01T02:21:55.520834Z,2025,8,1,65.383400,22.405400,-8.0,0,1.8,1,sea,0,1,1,0,0,0
2025-08-01T02:21:59.528336Z,2025,8,1,65.546100,21.657600,8.0,0,4.7,1,mainland,0,0,0,0,0,0
2025-08-01T02:22:21.329802Z,2025,8,1,65.537500,21.682100,-5.0,0,8.5,1,mainland,0,0,0,0,0,0
2025-08-01T02:22:21.367856Z,2025,8,1,65.520100,21.729400,-9.0,0,6.2,1,mainland,0,0,0,0,0,0
2025-08-01T02:22:21.412788Z,2025,8,1,65.517900,21.704500,-8.0,0,7.0,1,mainland,0,0,0,0,0,0
2025-08-01T02:22:21.472235Z,2025,8,1,65.529700,21.683300,-9.0,0,7.6,1,mainland,0,0,0,0,0,0
2025-08-01T02:22:21.517230Z,2025,8,1,65.548600,21.684800,4.0,0,4.6,1,mainland,0,0,0,0,0,0
2025-08-01T02:22:21.518408Z,2025,8,1,65.525300,21.744300,6.0,0,5.2,1,mainland,0,0,0,0,0,0
2025-08-01T02:22:27.328157Z,2025,8,1,65.385200,22.470500,9.0,0,25.3,1,islands,1,1,1,0,0,0
2025-08-01T02:22:47.264185Z,2025,8,1,65.367100,22.730900,13.0,0,20.9,1,sea,0,0,0,0,0,0
2025-08-01T02:22:47.264692Z,2025,8,1,65.319300,22.820700,-29.0,0,19.3,1,sea,0,0,0,0,0,0
2025-08-01T02:22:47.265504Z,2025,8,1,65.332100,22.813200,21.0,0,26.4,1,sea,0,0,0,0,0,0
2025-08-01T02:22:47.273116Z,2025,8,1,65.365600,22.747900,29.0,0,27.4,1,sea,0,0,0,0,0,0
2025-08-01T02:22:47.295599Z,2025,8,1,65.363500,22.726900,6.0,0,5.2,1,sea,0,0,0,0,0,0
2025-08-01T02:22:47.398828Z,2025,8,1,65.425900,22.747000,-26.0,0,6.2,1,sea,0,0,0,0,0,0
2025-08-01T02:22:47.513105Z,2025,8,1,65.424500,22.741700,-6.0,0,2.1,1,sea,0,0,0,0,0,0
2025-08-01T02:22:47.694228Z,2025,8,1,65.423900,22.741200,-5.0,0,1.8,1,sea,0,0,0,0,0,0
2025-08-01T02:22:47.768163Z,2025,8,1,65.424700,22.741200,-8.0,0,2.7,1,sea,0,0,0,0,0,0
2025-08-01T02:23:03.320282Z,2025,8,1,65.383100,22.039400,-7.0,0,3.7,1,sea,0,0,1,0,0,0
2025-08-01T02:23:03.334173Z,2025,8,1,65.372900,22.150500,-25.0,0,3.3,1,sea,0,0,0,0,0,0
2025-08-01T02:23:03.367549Z,2025,8,1,65.369500,22.039500,-9.0,0,2.4,1,sea,0,0,1,0,0,0
2025-08-01T02:23:03.412074Z,2025,8,1,65.363800,22.053200,-10.0,0,3.9,1,sea,0,0,0,0,0,0
2025-08-01T02:23:03.412510Z,2025,8,1,65.471100,22.002000,7.0,0,0.0,1,sea,1,1,1,0,0,0
2025-08-01T02:23:03.547757Z,2025,8,1,65.365100,22.047000,-11.0,0,3.5,1,sea,0,0,0,0,0,0
2025-08-01T02:23:06.595151Z,2025,8,1,65.544700,21.659400,-12.0,0,5.7,1,mainland,0,0,0,0,0,0
2025-08-01T02:23:06.595309Z,2025,8,1,65.544700,21.664000,-5.0,0,0.0,1,mainland,0,0,0,0,0,0
2025-08-01T02:23:06.617194Z,2025,8,1,65.541600,21.655300,-11.0,0,6.7,1,mainland,0,0,0,0,0,0
2025-08-01T02:23:06.702579Z,2025,8,1,65.535700,21.643500,-15.0,0,8.9,1,inland_water,0,0,0,0,0,0
2025-08-01T02:23:06.766980Z,2025,8,1,65.535800,21.642900,-9.0,0,5.0,1,inland_water,0,0,0,0,0,0
2025-08-01T02:23:06.844114Z,2025,8,1,65.540100,21.633500,-11.0,0,5.3,1,inland_water,0,0,0,0,0,0
2025-08-01T02:23:07.065093Z,2025,8,1,65.535600,21.645400,-8.0,0,6.8,1,inland_water,0,0,0,0,0,0
2025-08-01T02:23:32.597800Z,2025,8,1,65.396300,22.434300,9.0,0,21.0,1,sea,0,0,1,0,0,0
2025-08-01T02:23:32.598433Z,2025,8,1,65.391200,22.479500,15.0,0,30.4,1,sea,0,0,1,0,0,0
2025-08-01T02:23:32.599374Z,2025,8,1,65.393200,22.441800,31.0,0,28.4,1,sea,0,1,1,0,0,0
2025-08-01T02:23:32.603118Z,2025,8,1,65.378900,22.454300,4.0,0,4.4,1,sea,1,1,1,0,0,0
2025-08-01T02:23:32.605584Z,2025,8,1,65.391400,22.446200,7.0,0,2.7,1,sea,1,1,1,0,0,0
2025-08-01T02:23:32.635479Z,2025,8,1,65.376100,22.474400,4.0,0,23.5,1,islands,1,1,1,0,0,0
2025-08-01T02:24:06.318207Z,2025,8,1,65.444600,21.894100,-9.0,0,5.4,1,mainland,0,0,1,0,0,0
2025-08-01T02:24:16.236284Z,2025,8,1,65.389600,22.441900,18.0,0,24.1,1,sea,0,1,1,0,0,0
2025-08-01T02:24:16.236756Z,2025,8,1,65.377700,22.337200,14.0,0,20.4,1,sea,0,0,0,0,0,0
2025-08-01T02:24:16.237754Z,2025,8,1,65.386900,22.453000,12.0,0,17.3,1,islands,1,1,1,0,0,0
2025-08-01T02:24:16.237754Z,2025,8,1,65.388600,22.449300,12.0,0,7.5,1,sea,1,1,1,0,0,0
2025-08-01T02:24:16.240788Z,2025,8,1,65.426900,22.672600,4.0,0,2.0,1,sea,0,0,0,0,0,0
2025-08-01T02:24:35.506010Z,2025,8,1,65.519200,21.927100,-10.0,0,2.4,1,sea,1,1,1,0,0,0
2025-08-01T02:24:36.019262Z,2025,8,1,65.405600,21.968400,-81.0,0,13.8,1,sea,0,1,1,0,0,0
2025-08-01T02:24:36.067519Z,2025,8,1,65.404700,21.967000,-33.0,0,9.4,1,sea,0,1,1,0,0,0
2025-08-01T02:24:36.081574Z,2025,8,1,65.403800,21.967300,-6.0,0,1.5,1,sea,0,1,1,0,0,0
2025-08-01T02:24:37.305256Z,2025,8,1,65.557400,21.673900,18.0,0,18.6,1,mainland,0,0,0,0,0,0
2025-08-01T02:25:28.173038Z,2025,8,1,65.562500,21.654600,11.0,0,6.7,1,mainland,0,0,0,0,0,0
2025-08-01T02:25:28.173917Z,2025,8,1,65.562200,21.656300,14.0,0,13.0,1,mainland,0,0,0,0,0,0
2025-08-01T02:25:28.365618Z,2025,8,1,65.571500,21.772200,-14.0,0,7.9,1,mainland,0,0,0,0,0,0
2025-08-01T02:25:28.366262Z,2025,8,1,65.559300,21.676500,-7.0,0,12.0,1,mainland,0,0,0,0,0,0
2025-08-01T02:25:28.367082Z,2025,8,1,65.566700,21.768300,-5.0,0,4.6,1,mainland,0,0,0,0,0,0
2025-08-01T02:25:28.473640Z,2025,8,1,65.614900,21.833800,-13.0,0,9.2,1,inland_water,0,0,0,0,0,0
2025-08-01T02:25:33.954471Z,2025,8,1,65.470100,21.771100,-7.0,0,3.8,1,mainland,0,0,0,1,1,1
2025-08-01T02:25:38.687779Z,2025,8,1,65.394000,22.433200,29.0,0,30.4,1,sea,0,0,1,0,0,0
2025-08-01T02:25:38.688191Z,2025,8,1,65.395000,22.441700,18.0,0,21.1,1,sea,0,0,1,0,0,0
2025-08-01T02:25:38.689097Z,2025,8,1,65.396300,22.434600,6.0,0,2.4,1,sea,0,0,1,0,0,0
2025-08-01T02:25:38.690072Z,2025,8,1,65.396200,22.425000,8.0,0,7.3,1,sea,0,0,0,0,0,0
2025-08-01T02:25:38.690722Z,2025,8,1,65.391700,22.419500,5.0,0,3.0,1,sea,0,0,0,0,0,0
2025-08-01T02:25:38.702246Z,2025,8,1,65.403500,22.419300,6.0,0,7.0,1,sea,0,0,0,0,0,0
2025-08-01T02:25:38.782926Z,2025,8,1,65.390700,22.446700,-12.0,0,7.2,1,sea,1,1,1,0,0,0
2025-08-01T02:25:38.783387Z,2025,8,1,65.393300,22.464800,-6.0,0,13.7,1,sea,0,1,1,0,0,0
2025-08-01T02:25:38.783515Z,2025,8,1,65.256500,22.675800,4.0,0,14.3,1,sea,0,0,0,0,0,0
2025-08-01T02:25:38.791553Z,2025,8,1,65.387400,22.420700,-26.0,0,9.1,1,sea,0,0,0,0,0,0
2025-08-01T02:25:38.811798Z,2025,8,1,65.394700,22.356400,-8.0,0,1.9,1,sea,1,1,1,0,0,0
2025-08-01T02:25:39.041846Z,2025,8,1,65.395500,22.489800,-4.0,0,1.5,1,sea,0,0,1,0,0,0
2025-08-01T02:25:39.042603Z,2025,8,1,65.160500,22.851100,2.0,0,3.5,1,sea,0,0,0,0,0,0
2025-08-01T02:25:57.148820Z,2025,8,1,65.589100,21.669200,-15.0,0,29.4,1,mainland,0,0,0,0,0,0
2025-08-01T02:26:49.341463Z,2025,8,1,65.390700,22.450000,22.0,0,7.3,1,islands,1,1,1,0,0,0
2025-08-01T02:26:49.342164Z,2025,8,1,65.392000,22.442400,6.0,0,14.1,1,sea,0,1,1,0,0,0
2025-08-01T02:26:49.343001Z,2025,8,1,65.392000,22.445600,10.0,0,6.8,1,sea,1,1,1,0,0,0
2025-08-01T02:26:49.352015Z,2025,8,1,65.491000,22.467200,6.0,0,22.4,1,sea,0,0,0,0,0,0
2025-08-01T02:26:49.360197Z,2025,8,1,65.390200,22.447900,4.0,0,2.1,1,sea,1,1,1,0,0,0
2025-08-01T02:26:51.019126Z,2025,8,1,65.585200,21.648000,-18.0,0,10.2,1,mainland,0,0,0,0,0,0
2025-08-01T02:26:51.043820Z,2025,8,1,65.584400,21.647000,-9.0,0,6.4,1,mainland,0,0,0,0,0,0
2025-08-01T02:27:34.205988Z,2025,8,1,65.412500,22.570600,5.0,0,16.5,1,sea,0,0,0,0,0,0
2025-08-01T02:27:34.476486Z,2025,8,1,65.303400,23.003100,5.0,0,2.6,1,sea,0,0,0,0,0,0
2025-08-01T02:27:34.574399Z,2025,8,1,65.394700,22.378200,-6.0,0,4.5,1,islands,1,1,1,0,0,0
2025-08-01T02:27:34.574963Z,2025,8,1,65.389700,22.355700,-4.0,0,8.2,1,sea,0,0,1,0,0,0
2025-08-01T02:27:43.495425Z,2025,8,1,65.561100,21.621800,9.0,0,3.4,1,mainland,0,0,0,0,0,0
2025-08-01T02:27:43.495963Z,2025,8,1,65.560400,21.616000,-16.0,0,10.7,1,mainland,0,0,0,0,0,0
2025-08-01T02:28:03.571878Z,2025,8,1,65.407200,22.520800,11.0,0,4.5,1,islands,1,1,1,0,0,0
2025-08-01T02:28:04.797427Z,2025,8,1,65.562500,21.646400,7.0,0,9.4,1,mainland,0,0,0,0,0,0
2025-08-01T02:28:04.798702Z,2025,8,1,65.562700,21.619800,7.0,0,4.0,1,mainland,0,0,0,0,0,0
2025-08-01T02:28:28.751697Z,2025,8,1,65.497300,21.730000,-5.0,0,4.1,1,mainland,0,0,0,0,0,0
2025-08-01T02:28:28.940828Z,2025,8,1,65.413800,22.533600,8.0,0,9.3,1,sea,0,0,1,0,0,0
2025-08-01T02:28:28.940865Z,2025,8,1,65.453200,22.515300,-15.0,0,15.0,1,sea,0,0,0,0,0,0
2025-08-01T02:28:28.952494Z,2025,8,1,65.416100,22.535300,7.0,0,3.9,1,sea,0,0,1,0,0,0
2025-08-01T02:28:30.186120Z,2025,8,1,65.553300,21.583200,-10.0,0,6.6,1,mainland,0,0,0,0,1,1
2025-08-01T02:28:30.271553Z,2025,8,1,65.536800,21.621100,-7.0,0,6.1,1,inland_water,0,0,0,0,1,1
2025-08-01T02:28:30.326289Z,2025,8,1,65.548700,21.598700,-11.0,0,6.4,1,mainland,0,0,0,0,0,1
2025-08-01T02:28:30.411150Z,2025,8,1,65.548100,21.598100,-12.0,0,7.7,1,mainland,0,0,0,0,0,1
2025-08-01T02:28:30.452335Z,2025,8,1,65.549800,21.599600,-6.0,0,6.6,1,mainland,0,0,0,0,0,1
2025-08-01T02:28:30.619214Z,2025,8,1,65.548200,21.598500,-11.0,0,6.9,1,mainland,0,0,0,0,0,1
2025-08-01T02:28:30.683737Z,2025,8,1,65.548700,21.596900,-10.0,0,7.6,1,mainland,0,0,0,0,0,1
2025-08-01T02:28:57.063843Z,2025,8,1,65.543200,21.645100,20.0,0,18.4,1,mainland,0,0,0,0,0,0
2025-08-01T02:28:57.064798Z,2025,8,1,65.559200,21.616800,5.0,0,3.2,1,mainland,0,0,0,0,0,0
2025-08-01T02:29:16.106651Z,2025,8,1,65.604900,21.618000,-42.0,0,10.8,1,mainland,0,0,0,0,0,0
2025-08-01T02:29:24.413293Z,2025,8,1,65.425200,22.512100,11.0,0,19.4,1,sea,0,0,0,0,0,0
2025-08-01T02:29:24.432120Z,2025,8,1,65.417400,22.529600,7.0,0,8.9,1,sea,0,0,1,0,0,0
2025-08-01T02:29:25.705199Z,2025,8,1,65.566900,21.601100,7.0,0,14.0,1,mainland,0,0,0,0,0,0
2025-08-01T02:29:25.725961Z,2025,8,1,65.567100,21.587100,6.0,0,3.7,1,mainland,0,0,0,0,0,0
2025-08-01T02:30:11.400874Z,2025,8,1,65.566900,21.594800,-36.0,0,16.0,1,mainland,0,0,0,0,0,0
2025-08-01T02:30:11.439837Z,2025,8,1,65.567200,21.603400,-8.0,0,4.7,1,mainland,0,0,0,0,0,0
2025-08-01T02:30:11.479037Z,2025,8,1,65.552000,21.591200,-12.0,0,6.7,1,mainland,0,0,0,0,0,1
2025-08-01T02:30:22.411630Z,2025,8,1,65.311400,22.381300,-43.0,0,8.2,1,sea,1,1,1,0,0,0
2025-08-01T02:30:22.967477Z,2025,8,1,65.421600,22.488800,-14.0,0,3.1,1,sea,0,0,1,0,0,0
2025-08-01T02:30:48.864222Z,2025,8,1,65.571900,21.585600,8.0,0,2.9,1,mainland,0,0,0,0,0,0
2025-08-01T02:30:48.865169Z,2025,8,1,65.578000,21.570700,24.0,0,26.5,1,mainland,0,0,0,0,0,0
2025-08-01T02:31:12.215983Z,2025,8,1,65.442100,22.538000,5.0,0,13.1,1,sea,0,0,0,0,0,0
2025-08-01T02:31:12.216542Z,2025,8,1,65.442300,22.552500,8.0,0,8.7,1,sea,0,0,0,0,0,0
2025-08-01T02:31:12.221276Z,2025,8,1,65.421200,22.559600,5.0,0,1.5,1,sea,0,0,0,0,0,0
2025-08-01T02:31:12.227516Z,2025,8,1,65.427000,22.539500,6.0,0,30.4,1,sea,0,0,0,0,0,0
2025-08-01T02:31:12.227569Z,2025,8,1,65.387800,22.638200,-13.0,0,18.2,1,sea,0,0,0,0,0,0
2025-08-01T02:31:12.660179Z,2025,8,1,65.264600,23.014300,-3.0,0,3.3,1,sea,0,0,0,0,0,0
2025-08-01T02:32:04.439719Z,2025,8,1,65.575500,21.564700,16.0,0,18.3,1,mainland,0,0,0,0,0,0
2025-08-01T02:32:04.440841Z,2025,8,1,65.574800,21.569500,4.0,0,2.9,1,mainland,0,0,0,0,0,0
2025-08-01T02:32:04.442794Z,2025,8,1,65.574900,21.564900,6.0,0,2.5,1,mainland,0,0,0,0,0,0
2025-08-01T02:32:18.309399Z,2025,8,1,65.425100,22.471800,-11.0,0,5.1,1,sea,0,0,1,0,0,0
2025-08-01T02:32:18.309632Z,2025,8,1,65.425700,22.473100,-6.0,0,0.0,1,sea,0,0,0,0,0,0
2025-08-01T02:32:18.315372Z,2025,8,1,65.413600,22.456900,-81.0,0,7.4,1,sea,1,1,1,0,0,0
2025-08-01T02:32:18.341448Z,2025,8,1,65.415900,22.458200,-13.0,0,28.5,1,sea,1,1,1,0,0,0
2025-08-01T02:32:18.352480Z,2025,8,1,65.409200,22.468500,-14.0,0,5.2,1,sea,0,0,1,0,0,0
2025-08-01T02:32:18.407492Z,2025,8,1,65.440500,22.469500,-21.0,0,7.0,1,sea,0,0,0,0,0,0
2025-08-01T02:32:18.485309Z,2025,8,1,65.431300,22.495700,-19.0,0,6.1,1,sea,0,0,0,0,0,0
2025-08-01T02:32:18.485464Z,2025,8,1,65.403900,22.633600,-10.0,0,0.0,1,sea,0,0,0,0,0,0
2025-08-01T02:32:18.515930Z,2025,8,1,65.408400,22.386600,-7.0,0,3.9,1,sea,0,0,0,0,0,0
2025-08-01T02:32:50.595613Z,2025,8,1,65.572500,21.547100,-12.0,0,9.6,1,mainland,0,0,0,0,0,1
2025-08-01T02:33:18.119736Z,2025,8,1,65.436500,22.462500,12.0,0,14.1,1,sea,0,0,0,0,0,0
2025-08-01T02:33:18.120655Z,2025,8,1,65.413100,22.531900,28.0,0,30.4,1,sea,0,0,1,0,0,0
2025-08-01T02:33:18.122398Z,2025,8,1,65.434200,22.521700,17.0,0,22.8,1,sea,0,0,0,0,0,0
2025-08-01T02:33:18.132174Z,2025,8,1,65.434100,22.470100,7.0,0,2.7,1,sea,0,0,0,0,0,0
2025-08-01T02:33:18.145669Z,2025,8,1,65.412200,22.531100,5.0,0,14.1,1,sea,0,1,1,0,0,0
2025-08-01T02:34:17.143391Z,2025,8,1,65.482700,22.442700,6.0,0,11.9,1,sea,0,0,0,0,0,0
2025-08-01T02:34:17.143992Z,2025,8,1,65.490200,22.383500,6.0,0,4.6,1,sea,0,0,1,0,0,0
2025-08-01T02:34:17.287374Z,2025,8,1,65.541600,22.477500,-26.0,0,9.7,1,sea,0,0,0,0,0,0
2025-08-01T02:34:37.066064Z,2025,8,1,65.444700,22.443900,-9.0,0,2.1,1,sea,0,0,0,0,0,0
2025-08-01T02:34:37.108511Z,2025,8,1,65.447100,22.502900,-10.0,0,1.9,1,sea,0,0,0,0,0,0
2025-08-01T02:34:37.158476Z,2025,8,1,65.411200,22.430400,-11.0,0,3.5,1,sea,0,0,1,0,0,0
2025-08-01T02:35:39.147736Z,2025,8,1,65.566100,21.658100,-13.0,0,6.5,1,mainland,0,0,0,0,0,0
2025-08-01T02:36:04.006823Z,2025,8,1,65.462600,22.531600,4.0,0,1.2,1,sea,0,0,0,0,0,0
2025-08-01T02:36:49.647643Z,2025,8,1,65.457300,22.399300,-39.0,0,8.1,1,islands,1,1,1,0,0,0
2025-08-01T02:36:50.138897Z,2025,8,1,65.457600,22.396100,-9.0,0,5.1,1,islands,1,1,1,0,0,0
2025-08-01T02:38:10.107688Z,2025,8,1,65.453400,22.402200,7.0,0,8.1,1,islands,1,1,1,0,0,0
2025-08-01T02:38:10.108141Z,2025,8,1,65.455800,22.410500,17.0,0,13.9,1,sea,1,1,1,0,0,0
2025-08-01T02:39:31.101668Z,2025,8,1,65.449900,22.409500,6.0,0,11.4,1,islands,1,1,1,0,0,0
2025-08-01T02:39:31.106244Z,2025,8,1,65.444500,22.419900,6.0,0,30.4,1,sea,1,1,1,0,0,0
2025-08-01T02:39:31.113124Z,2025,8,1,65.410700,22.433600,6.0,0,6.6,1,sea,0,0,1,0,0,0
2025-08-01T02:39:58.284855Z,2025,8,1,65.507000,22.346100,5.0,0,2.7,1,sea,1,1,1,0,0,0
2025-08-01T02:39:58.285857Z,2025,8,1,65.480000,22.335900,5.0,0,1.8,1,sea,0,0,1,0,0,0
2025-08-01T02:39:58.590450Z,2025,8,1,65.549800,22.382300,-20.0,0,12.9,1,mainland,0,0,1,0,0,0
2025-08-01T02:39:58.591878Z,2025,8,1,65.475600,22.337600,8.0,0,2.4,1,sea,0,0,0,0,0,0
2025-08-01T02:39:58.797545Z,2025,8,1,65.698000,22.510700,8.0,0,20.4,1,sea,0,0,0,0,0,0
2025-08-01T02:40:25.070160Z,2025,8,1,65.327300,22.655500,5.0,0,10.0,1,sea,0,0,0,0,0,0
2025-08-01T02:40:25.206248Z,2025,8,1,65.331400,22.097100,4.0,0,1.9,1,sea,0,0,0,0,0,0
2025-08-01T02:40:43.186365Z,2025,8,1,65.580800,21.696000,-10.0,0,4.1,1,mainland,0,0,0,0,0,0
2025-08-01T02:40:43.192741Z,2025,8,1,65.570300,21.730500,-49.0,0,8.0,1,mainland,0,0,0,0,0,0
2025-08-01T02:40:44.231817Z,2025,8,1,65.482900,22.313700,9.0,0,17.2,1,sea,0,1,1,0,0,0
2025-08-01T02:40:44.232688Z,2025,8,1,65.534500,22.335800,6.0,0,4.8,1,sea,1,1,1,0,0,0
2025-08-01T02:41:08.171644Z,2025,8,1,65.578800,21.708700,-36.0,0,11.3,1,mainland,0,0,0,0,0,0
2025-08-01T02:41:08.200082Z,2025,8,1,65.578600,21.709200,-21.0,0,7.6,1,mainland,0,0,0,0,0,0
2025-08-01T02:41:26.747194Z,2025,8,1,65.579900,21.688800,8.0,0,15.1,1,mainland,0,0,0,0,0,0
2025-08-01T02:41:31.136592Z,2025,8,1,65.494200,22.364900,8.0,0,6.8,1,sea,1,1,1,0,0,0
2025-08-01T02:41:31.137385Z,2025,8,1,65.469600,22.346100,-9.0,0,9.3,1,sea,0,0,1,0,0,0
2025-08-01T02:41:31.138104Z,2025,8,1,65.496700,22.353700,4.0,0,12.5,1,islands,0,1,1,0,0,0
2025-08-01T02:41:31.164017Z,2025,8,1,65.486300,22.356400,8.0,0,23.8,1,sea,0,1,1,0,0,0
2025-08-01T02:41:31.218641Z,2025,8,1,65.480700,22.320900,6.0,0,2.3,1,sea,0,1,1,0,0,0
2025-08-01T02:41:51.419607Z,2025,8,1,65.474400,22.366500,5.0,0,3.1,1,sea,0,0,1,0,0,0
2025-08-01T02:42:14.871914Z,2025,8,1,65.484500,22.364600,14.0,0,8.6,1,sea,0,0,1,0,0,0
2025-08-01T02:42:17.526428Z,2025,8,1,65.565400,21.828300,-24.0,0,7.4,1,mainland,0,0,0,0,0,0
2025-08-01T02:42:17.579078Z,2025,8,1,65.585700,21.683800,-10.0,0,11.3,1,mainland,0,0,0,0,0,0
2025-08-01T02:42:30.042067Z,2025,8,1,65.470200,22.279800,-14.0,0,4.1,1,sea,1,1,1,0,0,0
2025-08-01T02:42:30.134180Z,2025,8,1,65.444200,22.212700,-4.0,0,3.1,1,islands,1,1,1,0,0,0
2025-08-01T02:42:30.140185Z,2025,8,1,65.477600,22.192900,-8.0,0,21.3,1,sea,0,0,1,0,0,0
2025-08-01T02:43:32.167515Z,2025,8,1,65.494700,22.353400,5.0,0,3.3,1,islands,0,1,1,0,0,0
2025-08-01T02:43:32.495996Z,2025,8,1,65.499300,22.365700,9.0,0,3.0,1,islands,1,1,1,0,0,0
2025-08-01T02:44:04.899803Z,2025,8,1,65.557600,21.706800,5.0,0,8.4,1,mainland,0,0,0,0,0,0
2025-08-01T02:44:04.909906Z,2025,8,1,65.582800,21.638400,8.0,0,4.7,1,mainland,0,0,0,0,0,0
2025-08-01T02:44:04.909943Z,2025,8,1,65.589800,21.665100,-11.0,0,16.2,1,mainland,0,0,0,0,0,0
2025-08-01T02:44:29.884032Z,2025,8,1,65.519900,22.359500,12.0,0,3.5,1,sea,1,1,1,0,0,0
2025-08-01T02:44:38.900497Z,2025,8,1,65.582000,21.669400,-8.0,0,5.0,1,mainland,0,0,0,0,0,0
2025-08-01T02:44:39.338668Z,2025,8,1,65.586800,21.664900,-17.0,0,9.7,1,mainland,0,0,0,0,0,0
2025-08-01T02:44:39.418020Z,2025,8,1,65.587300,21.661500,-6.0,0,5.0,1,mainland,0,0,0,0,0,0
2025-08-01T02:44:39.471575Z,2025,8,1,65.587500,21.656400,-5.0,0,3.5,1,mainland,0,0,0,0,0,0
2025-08-01T02:44:39.561973Z,2025,8,1,65.586800,21.664200,-8.0,0,8.0,1,mainland,0,0,0,0,0,0
2025-08-01T02:44:39.630982Z,2025,8,1,65.586100,21.665300,-11.0,0,6.1,1,mainland,0,0,0,0,0,0
2025-08-01T02:44:39.751970Z,2025,8,1,65.586200,21.665500,-29.0,0,18.1,1,mainland,0,0,0,0,0,0
2025-08-01T02:44:39.752048Z,2025,8,1,65.417400,22.051400,-26.0,0,17.9,1,sea,0,1,1,0,0,0
2025-08-01T02:45:00.958708Z,2025,8,1,65.501400,22.325000,6.0,0,10.5,1,sea,1,1,1,0,0,0
2025-08-01T02:45:00.959268Z,2025,8,1,65.500200,22.326600,4.0,0,2.1,1,sea,1,1,1,0,0,0
2025-08-01T02:45:00.960030Z,2025,8,1,65.501900,22.331700,8.0,0,22.9,1,islands,1,1,1,0,0,0
2025-08-01T02:45:00.960048Z,2025,8,1,65.433600,22.509200,-12.0,0,24.8,1,sea,0,0,0,0,0,0
2025-08-01T02:45:00.961527Z,2025,8,1,65.498500,22.331200,4.0,0,1.8,1,islands,1,1,1,0,0,0
2025-08-01T02:45:01.373809Z,2025,8,1,65.401100,22.096000,4.0,0,3.7,1,sea,0,0,1,0,0,0
2025-08-01T02:45:11.759920Z,2025,8,1,65.576100,21.648500,11.0,0,10.7,1,mainland,0,0,0,0,0,0
2025-08-01T02:45:27.242322Z,2025,8,1,65.493400,22.304200,-31.0,0,6.8,1,sea,0,0,1,0,0,0
2025-08-01T02:45:27.248169Z,2025,8,1,65.473000,22.332200,-3.0,0,1.3,1,sea,0,0,1,0,0,0
2025-08-01T02:45:27.259932Z,2025,8,1,65.478900,22.305000,-8.0,0,3.0,1,sea,1,1,1,0,0,0
2025-08-01T02:45:27.738230Z,2025,8,1,65.464800,22.279900,-6.0,0,1.8,1,sea,0,0,1,0,0,0
2025-08-01T02:45:27.743711Z,2025,8,1,65.425100,22.288200,-5.0,0,5.2,1,islands,1,1,1,0,0,0
2025-08-01T02:45:45.634767Z,2025,8,1,65.509400,22.389400,-12.0,0,17.8,1,sea,0,1,1,0,0,0
2025-08-01T02:45:49.479000Z,2025,8,1,65.588300,21.664400,-6.0,0,5.9,1,mainland,0,0,0,0,0,0
2025-08-01T02:45:49.505578Z,2025,8,1,65.577200,21.627900,-6.0,0,8.2,1,mainland,0,0,0,0,0,0
2025-08-01T02:46:39.141517Z,2025,8,1,65.579900,21.609600,6.0,0,22.7,1,mainland,0,0,0,0,0,0
2025-08-01T02:46:55.570336Z,2025,8,1,65.493100,21.775600,-33.0,0,4.4,1,mainland,0,0,0,0,0,0
2025-08-01T02:47:14.491978Z,2025,8,1,65.530500,22.312000,-103.0,0,16.0,1,sea,1,1,1,0,0,0
2025-08-01T02:47:14.492118Z,2025,8,1,65.543700,21.800700,-62.0,0,30.4,1,mainland,0,0,0,0,0,0
2025-08-01T02:47:14.506745Z,2025,8,1,65.527600,22.329800,-8.0,0,10.7,1,sea,0,1,1,0,0,0
2025-08-01T02:47:14.506750Z,2025,8,1,65.493200,22.400600,8.0,0,5.8,1,sea,0,0,0,0,0,0
2025-08-01T02:47:14.515451Z,2025,8,1,65.530800,22.312200,-13.0,0,4.2,1,sea,1,1,1,0,0,0
2025-08-01T02:47:14.525274Z,2025,8,1,65.530800,22.311100,-21.0,0,4.5,1,sea,1,1,1,0,0,0
2025-08-01T02:47:14.538340Z,2025,8,1,65.530700,22.313200,-9.0,0,3.9,1,sea,1,1,1,0,0,0
2025-08-01T02:47:14.548258Z,2025,8,1,65.528500,22.311200,-9.0,0,1.9,1,sea,1,1,1,0,0,0
2025-08-01T02:47:14.550665Z,2025,8,1,65.533000,22.307900,-6.0,0,1.7,1,sea,1,1,1,0,0,0
2025-08-01T02:47:14.707724Z,2025,8,1,65.493300,22.386800,9.0,0,30.4,1,sea,0,0,1,0,0,0
2025-08-01T02:47:14.709667Z,2025,8,1,65.532900,22.310300,4.0,0,3.7,1,sea,1,1,1,0,0,0
2025-08-01T02:47:14.711356Z,2025,8,1,65.531300,22.331200,9.0,0,2.5,1,sea,0,0,1,0,0,0
2025-08-01T02:47:15.052277Z,2025,8,1,65.535300,22.406900,-8.0,0,3.7,1,sea,0,1,1,0,0,0
2025-08-01T02:47:47.697287Z,2025,8,1,65.588300,21.564800,-7.0,0,4.9,1,mainland,0,0,0,0,0,0
2025-08-01T02:47:47.871954Z,2025,8,1,65.596100,21.527100,-15.0,0,8.0,1,mainland,0,0,0,0,0,0
2025-08-01T02:47:48.233811Z,2025,8,1,65.596100,21.526500,-9.0,0,5.9,1,mainland,0,0,0,0,0,0
2025-08-01T02:47:56.653523Z,2025,8,1,65.516500,22.310000,7.0,0,14.4,1,islands,0,1,1,0,0,0
2025-08-01T02:47:56.654112Z,2025,8,1,65.511700,22.323800,-14.0,0,9.4,1,islands,0,1,1,0,0,0
2025-08-01T02:47:56.654442Z,2025,8,1,65.474900,22.706000,10.0,0,13.7,1,islands,1,1,1,0,0,0
2025-08-01T02:47:56.655987Z,2025,8,1,65.372100,22.532800,-12.0,0,23.2,1,sea,0,0,1,0,0,0
2025-08-01T02:47:56.657989Z,2025,8,1,65.524200,22.322100,5.0,0,30.4,1,islands,1,1,1,0,0,0
2025-08-01T02:48:18.588712Z,2025,8,1,65.524000,22.312500,7.0,0,14.5,1,sea,1,1,1,0,0,0
2025-08-01T02:48:18.590996Z,2025,8,1,65.530900,22.294800,8.0,0,7.2,1,sea,0,1,1,0,0,0
2025-08-01T02:48:18.591754Z,2025,8,1,65.533000,22.292300,5.0,0,20.6,1,sea,0,0,1,0,0,0
2025-08-01T02:48:18.591772Z,2025,8,1,65.509000,22.351000,-13.0,0,21.9,1,sea,1,1,1,0,0,0
2025-08-01T02:48:18.592186Z,2025,8,1,65.533600,22.303600,6.0,0,3.2,1,sea,1,1,1,0,0,0
2025-08-01T02:48:31.729413Z,2025,8,1,65.572500,21.590100,-40.0,0,12.9,1,mainland,0,0,0,0,0,0
2025-08-01T02:48:31.781323Z,2025,8,1,65.597400,21.621700,-10.0,0,8.7,1,mainland,0,0,0,0,0,0
2025-08-01T02:48:31.832201Z,2025,8,1,65.606900,21.611500,-11.0,0,10.4,1,mainland,0,0,0,0,0,0
2025-08-01T02:48:41.650567Z,2025,8,1,65.503900,22.345000,8.0,0,15.0,1,islands,1,1,1,0,0,0
2025-08-01T02:48:41.651052Z,2025,8,1,65.525300,22.302400,13.0,0,14.4,1,sea,1,1,1,0,0,0
2025-08-01T02:48:41.651596Z,2025,8,1,65.524900,22.302400,11.0,0,15.0,1,sea,1,1,1,0,0,0
2025-08-01T02:48:41.652056Z,2025,8,1,65.536000,22.307700,-8.0,0,16.6,1,sea,0,1,1,0,0,0
2025-08-01T02:48:41.655133Z,2025,8,1,65.423800,22.500000,5.0,0,25.5,1,sea,0,0,1,0,0,0
2025-08-01T02:48:56.783653Z,2025,8,1,65.523700,22.311700,6.0,0,5.1,1,sea,1,1,1,0,0,0
2025-08-01T02:48:56.785954Z,2025,8,1,65.489300,22.344300,5.0,0,30.4,1,sea,1,1,1,0,0,0
2025-08-01T02:49:06.656768Z,2025,8,1,65.570400,21.575200,-6.0,0,6.5,1,mainland,0,0,0,0,0,0
2025-08-01T02:49:06.671944Z,2025,8,1,65.593600,21.587200,-6.0,0,5.7,1,mainland,0,0,0,0,0,0
2025-08-01T02:49:28.727688Z,2025,8,1,65.526500,22.335900,-10.0,0,8.6,1,sea,0,0,1,0,0,0
2025-08-01T02:49:28.729945Z,2025,8,1,65.530700,22.292700,8.0,0,5.1,1,sea,0,1,1,0,0,0
2025-08-01T02:49:30.919198Z,2025,8,1,65.585300,21.586900,-14.0,0,6.6,1,mainland,0,0,0,0,0,0
2025-08-01T02:49:30.967396Z,2025,8,1,65.585800,21.584500,-10.0,0,6.5,1,mainland,0,0,0,0,0,0
2025-08-01T02:49:30.991026Z,2025,8,1,65.585800,21.586600,-7.0,0,6.6,1,mainland,0,0,0,0,0,0
2025-08-01T02:49:31.056891Z,2025,8,1,65.585900,21.584200,-16.0,0,9.0,1,mainland,0,0,0,0,0,0
2025-08-01T02:49:31.093928Z,2025,8,1,65.586100,21.587600,-13.0,0,10.4,1,mainland,0,0,0,0,0,0
2025-08-01T02:49:31.172238Z,2025,8,1,65.585400,21.583400,-28.0,0,10.3,1,mainland,0,0,0,0,0,0
2025-08-01T02:49:31.313354Z,2025,8,1,65.586200,21.587400,-15.0,0,9.2,1,mainland,0,0,0,0,0,0
2025-08-01T02:49:31.324874Z,2025,8,1,65.586100,21.586800,-9.0,0,7.9,1,mainland,0,0,0,0,0,0
2025-08-01T02:49:31.546612Z,2025,8,1,65.586700,21.582400,-7.0,0,5.4,1,mainland,0,0,0,0,0,0
2025-08-01T02:49:31.660569Z,2025,8,1,65.586400,21.584200,-7.0,0,5.2,1,mainland,0,0,0,0,0,0
2025-08-01T02:49:31.735471Z,2025,8,1,65.587900,21.582700,-7.0,0,6.2,1,mainland,0,0,0,0,0,0
2025-08-01T02:49:31.787913Z,2025,8,1,65.588400,21.602600,-6.0,0,4.9,1,mainland,0,0,0,0,0,0
2025-08-01T02:49:46.458118Z,2025,8,1,65.596500,21.551400,10.0,0,6.4,1,mainland,0,0,0,0,0,0
2025-08-01T02:49:50.856955Z,2025,8,1,65.531500,22.311900,11.0,0,4.5,1,sea,1,1,1,0,0,0
2025-08-01T02:49:50.857802Z,2025,8,1,65.531200,22.308800,16.0,0,30.4,1,sea,1,1,1,0,0,0
2025-08-01T02:49:50.858562Z,2025,8,1,65.543700,22.300300,19.0,0,21.9,1,sea,1,1,1,0,0,0
2025-08-01T02:49:54.546699Z,2025,8,1,65.640900,21.386900,-5.0,0,7.0,1,mainland,0,0,0,0,1,1
2025-08-01T02:50:06.838717Z,2025,8,1,65.594300,21.551800,7.0,0,6.9,1,mainland,0,0,0,0,0,0
2025-08-01T02:50:06.855198Z,2025,8,1,65.612000,21.516100,5.0,0,7.9,1,mainland,0,0,0,0,0,0
2025-08-01T02:50:19.357846Z,2025,8,1,65.534300,22.309000,5.0,0,19.0,1,sea,1,1,1,0,0,0
2025-08-01T02:50:29.681144Z,2025,8,1,65.597200,21.542100,7.0,0,5.5,1,mainland,0,0,0,0,0,0
2025-08-01T02:50:30.455972Z,2025,8,1,65.608400,21.557000,-7.0,0,9.1,1,mainland,0,0,0,0,0,0
2025-08-01T02:50:42.487763Z,2025,8,1,65.527700,22.297700,15.0,0,14.8,1,sea,0,1,1,0,0,0
2025-08-01T02:50:42.488392Z,2025,8,1,65.530000,22.325700,-11.0,0,15.4,1,sea,0,1,1,0,0,0
2025-08-01T02:50:42.488986Z,2025,8,1,65.530200,22.304800,6.0,0,2.9,1,sea,1,1,1,0,0,0
2025-08-01T02:50:47.669230Z,2025,8,1,65.590300,21.563500,-29.0,0,7.8,1,mainland,0,0,0,0,0,0
2025-08-01T02:50:47.760451Z,2025,8,1,65.592600,21.559300,-12.0,0,8.4,1,mainland,0,0,0,0,0,0
2025-08-01T02:50:48.040017Z,2025,8,1,65.586800,21.568700,-6.0,0,5.6,1,mainland,0,0,0,0,0,0
2025-08-01T02:50:48.084756Z,2025,8,1,65.587300,21.561600,-5.0,0,4.8,1,mainland,0,0,0,0,0,0
2025-08-01T02:50:48.348060Z,2025,8,1,65.586300,21.566200,-9.0,0,5.8,1,mainland,0,0,0,0,0,0
2025-08-01T02:51:02.096351Z,2025,8,1,65.595400,21.534800,6.0,0,1.9,1,mainland,0,0,0,0,0,0
2025-08-01T02:51:09.415019Z,2025,8,1,65.537900,22.282400,7.0,0,7.9,1,sea,0,0,1,0,0,0
2025-08-01T02:51:09.415713Z,2025,8,1,65.510000,22.307600,-8.0,0,8.0,1,islands,0,1,1,0,0,0
2025-08-01T02:51:09.416525Z,2025,8,1,65.535400,22.286200,25.0,0,16.9,1,sea,0,0,1,0,0,0
2025-08-01T02:51:09.599282Z,2025,8,1,65.520000,22.127100,-5.0,0,3.9,1,mainland,0,1,1,0,0,0
2025-08-01T02:51:23.615922Z,2025,8,1,65.538200,22.288000,-13.0,0,3.3,1,sea,0,0,1,0,0,0
2025-08-01T02:51:23.701036Z,2025,8,1,65.521100,22.325900,-9.0,0,6.1,1,other,0,0,0,0,0,0
2025-08-01T02:51:23.730535Z,2025,8,1,65.526600,22.428600,-12.0,0,6.0,1,sea,0,0,1,0,0,0
2025-08-01T02:51:23.789251Z,2025,8,1,65.543900,22.346100,-11.0,0,4.3,1,sea,0,1,1,0,0,0
2025-08-01T02:51:23.973619Z,2025,8,1,65.543700,22.344400,-11.0,0,4.6,1,sea,0,1,1,0,0,0
2025-08-01T02:51:40.590123Z,2025,8,1,65.596800,21.520800,6.0,0,6.7,1,mainland,0,0,0,0,0,0
2025-08-01T02:51:40.591498Z,2025,8,1,65.581900,21.569000,5.0,0,6.9,1,mainland,0,0,0,0,0,0
2025-08-01T02:51:43.143640Z,2025,8,1,65.494800,22.152900,-12.0,0,5.3,1,sea,1,1,1,0,0,0
2025-08-01T02:51:43.224427Z,2025,8,1,65.510500,22.200900,-9.0,0,4.1,1,sea,0,1,1,0,0,0
2025-08-01T02:51:51.750215Z,2025,8,1,65.540100,22.287200,13.0,0,20.9,1,sea,0,0,1,0,0,0
2025-08-01T02:52:01.401542Z,2025,8,1,65.596700,21.564800,-43.0,0,10.4,1,mainland,0,0,0,0,0,0
2025-08-01T02:52:01.576045Z,2025,8,1,65.594900,21.553800,-6.0,0,8.4,1,mainland,0,0,0,0,0,0
2025-08-01T02:52:01.674272Z,2025,8,1,65.595000,21.545300,-10.0,0,7.3,1,mainland,0,0,0,0,0,0
2025-08-01T02:52:23.345328Z,2025,8,1,65.558800,21.562800,6.0,0,7.4,1,mainland,0,0,0,1,1,1
2025-08-01T02:52:23.346436Z,2025,8,1,65.596900,21.531200,6.0,0,29.6,1,mainland,0,0,0,0,0,0
2025-08-01T02:52:23.367298Z,2025,8,1,65.598400,21.508800,4.0,0,1.6,1,mainland,0,0,0,0,0,0
2025-08-01T02:52:23.543456Z,2025,8,1,65.535600,22.294500,10.0,0,3.6,1,sea,0,0,1,0,0,0
2025-08-01T02:52:23.544364Z,2025,8,1,65.531700,22.305800,9.0,0,23.3,1,islands,1,1,1,0,0,0
2025-08-01T02:52:23.544771Z,2025,8,1,65.540400,22.294900,12.0,0,9.3,1,sea,0,1,1,0,0,0
2025-08-01T02:52:23.546281Z,2025,8,1,65.523700,22.424100,6.0,0,30.4,1,sea,0,0,0,0,0,0
2025-08-01T02:52:23.556031Z,2025,8,1,65.540100,22.274600,9.0,0,12.4,1,sea,0,0,1,0,0,0
2025-08-01T02:52:23.608228Z,2025,8,1,65.539100,22.300900,6.0,0,9.7,1,sea,0,0,1,0,0,0
2025-08-01T02:52:39.704832Z,2025,8,1,65.574800,21.529300,4.0,0,4.9,1,mainland,0,0,0,1,1,1
2025-08-01T02:52:51.258204Z,2025,8,1,65.545400,22.256300,7.0,0,16.5,1,sea,1,1,1,0,0,0
2025-08-01T02:52:51.259451Z,2025,8,1,65.542600,22.249400,16.0,0,30.4,1,sea,0,0,1,0,0,0
2025-08-01T02:52:52.906038Z,2025,8,1,65.637200,21.605200,10.0,0,10.8,1,mainland,0,0,0,0,0,0
2025-08-01T02:52:53.059084Z,2025,8,1,65.606700,21.534100,-7.0,0,10.3,1,mainland,0,0,0,0,0,0
2025-08-01T02:53:07.862059Z,2025,8,1,65.595200,21.499100,6.0,0,12.9,1,mainland,0,0,0,0,0,1
2025-08-01T02:53:13.810183Z,2025,8,1,65.596900,21.535400,-9.0,0,6.2,1,mainland,0,0,0,0,0,0
2025-08-01T02:53:13.875311Z,2025,8,1,65.599800,21.526700,-5.0,0,4.4,1,mainland,0,0,0,0,0,0
2025-08-01T02:53:17.820264Z,2025,8,1,65.596100,21.495900,6.0,0,3.8,1,mainland,0,0,0,0,0,1
2025-08-01T02:53:17.821989Z,2025,8,1,65.593400,21.488100,5.0,0,7.1,1,mainland,0,0,0,1,1,1
2025-08-01T02:53:29.682838Z,2025,8,1,65.539600,22.266600,14.0,0,4.6,1,sea,0,0,1,0,0,0
2025-08-01T02:53:29.683483Z,2025,8,1,65.538500,22.266400,16.0,0,11.9,1,sea,0,0,1,0,0,0
2025-08-01T02:53:29.684252Z,2025,8,1,65.515800,22.418300,18.0,0,14.8,1,sea,0,0,0,0,0,0
2025-08-01T02:53:29.684794Z,2025,8,1,65.543900,22.279100,4.0,0,2.2,1,sea,1,1,1,0,0,0
2025-08-01T02:53:29.692984Z,2025,8,1,65.545300,22.260400,8.0,0,5.0,1,sea,1,1,1,0,0,0
2025-08-01T02:53:29.693007Z,2025,8,1,65.559200,22.229000,-10.0,0,12.7,1,mainland,0,0,1,0,0,0
2025-08-01T02:53:29.718952Z,2025,8,1,65.559800,22.264200,4.0,0,3.9,1,mainland,1,1,1,0,0,0
2025-08-01T02:53:34.656736Z,2025,8,1,65.596700,21.531600,-14.0,0,8.2,1,mainland,0,0,0,0,0,0
2025-08-01T02:53:34.676401Z,2025,8,1,65.602200,21.482000,-8.0,0,15.0,1,mainland,0,0,0,0,0,1
2025-08-01T02:53:34.701059Z,2025,8,1,65.596600,21.528900,-19.0,0,7.0,1,mainland,0,0,0,0,0,0
2025-08-01T02:53:34.718418Z,2025,8,1,65.596500,21.529700,-4.0,0,4.4,1,mainland,0,0,0,0,0,0
2025-08-01T02:53:34.752308Z,2025,8,1,65.597400,21.530500,-8.0,0,6.3,1,mainland,0,0,0,0,0,0
2025-08-01T02:53:34.853265Z,2025,8,1,65.596200,21.530900,-10.0,0,7.0,1,mainland,0,0,0,0,0,0
2025-08-01T02:53:34.915975Z,2025,8,1,65.594100,21.531500,-5.0,0,4.1,1,mainland,0,0,0,0,0,0
2025-08-01T02:53:50.329056Z,2025,8,1,65.610900,21.488300,-11.0,0,6.4,1,inland_water,0,0,0,0,0,0
2025-08-01T02:53:50.365506Z,2025,8,1,65.612200,21.484600,-14.0,0,6.9,1,inland_water,0,0,0,0,0,0
2025-08-01T02:53:50.517446Z,2025,8,1,65.612400,21.487200,-13.0,0,8.1,1,inland_water,0,0,0,0,0,0
2025-08-01T02:53:50.561443Z,2025,8,1,65.612400,21.485300,-15.0,0,7.6,1,inland_water,0,0,0,0,0,0
2025-08-01T02:54:01.065855Z,2025,8,1,65.600600,21.492700,5.0,0,4.2,1,mainland,0,0,0,0,0,1
2025-08-01T02:54:01.079490Z,2025,8,1,65.594700,21.496500,8.0,0,5.0,1,mainland,0,0,0,0,1,1
2025-08-01T02:54:06.140173Z,2025,8,1,65.658300,21.580800,6.0,0,7.0,1,mainland,0,0,0,0,0,0
2025-08-01T02:54:09.403680Z,2025,8,1,65.532200,22.356300,22.0,0,30.4,1,sea,1,1,1,0,0,0
2025-08-01T02:54:09.404615Z,2025,8,1,65.301600,22.728400,5.0,0,2.3,1,sea,0,0,0,0,0,0
2025-08-01T02:54:09.405463Z,2025,8,1,65.543200,22.251700,12.0,0,10.4,1,sea,0,1,1,0,0,0
2025-08-01T02:54:09.406368Z,2025,8,1,65.541200,22.243400,9.0,0,14.1,1,sea,1,1,1,0,0,0
2025-08-01T02:54:09.435190Z,2025,8,1,65.540000,22.258200,13.0,0,6.4,1,sea,0,0,1,0,0,0
2025-08-01T02:54:09.702390Z,2025,8,1,65.514100,22.219200,-16.0,0,12.8,1,islands,0,1,1,0,0,0
2025-08-01T02:54:09.704013Z,2025,8,1,65.505600,22.230900,7.0,0,11.6,1,islands,0,0,1,0,0,0
2025-08-01T02:54:09.704038Z,2025,8,1,65.492400,22.172100,-9.0,0,9.1,1,sea,0,0,1,0,0,0
2025-08-01T02:54:09.759022Z,2025,8,1,65.513500,22.193300,-16.0,0,8.0,1,sea,0,0,1,0,0,0
2025-08-01T02:54:13.065422Z,2025,8,1,65.565600,21.590600,-26.0,0,3.9,1,mainland,0,0,0,0,0,0
2025-08-01T02:54:13.065662Z,2025,8,1,65.567800,21.716900,7.0,0,0.0,1,mainland,0,0,0,0,0,0
2025-08-01T02:54:13.086209Z,2025,8,1,65.597700,21.529700,-7.0,0,5.1,1,mainland,0,0,0,0,0,0
2025-08-01T02:54:13.158701Z,2025,8,1,65.616200,21.493300,-15.0,0,7.6,1,mainland,0,0,0,0,0,0
2025-08-01T02:54:20.491960Z,2025,8,1,65.594500,21.492000,19.0,0,26.8,1,mainland,0,0,0,0,1,1
2025-08-01T02:54:20.503888Z,2025,8,1,65.598100,21.482000,7.0,0,3.2,1,mainland,0,0,0,0,1,1
2025-08-01T02:54:20.516829Z,2025,8,1,65.601800,21.485300,5.0,0,2.2,1,mainland,0,0,0,0,0,1
2025-08-01T02:54:39.536995Z,2025,8,1,65.594300,21.514800,-10.0,0,8.2,1,inland_water,0,0,0,0,0,0
2025-08-01T02:54:39.572833Z,2025,8,1,65.595400,21.504500,-12.0,0,7.8,1,mainland,0,0,0,0,0,1
2025-08-01T02:54:39.626665Z,2025,8,1,65.596100,21.504800,-6.0,0,5.9,1,mainland,0,0,0,0,0,1
2025-08-01T02:54:39.692434Z,2025,8,1,65.594300,21.508700,-8.0,0,5.6,1,mainland,0,0,0,0,0,1
2025-08-01T02:54:39.736541Z,2025,8,1,65.594700,21.511700,-5.0,0,4.7,1,mainland,0,0,0,0,0,0
2025-08-01T02:54:39.769052Z,2025,8,1,65.596000,21.506600,-5.0,0,4.6,1,mainland,0,0,0,0,0,1
2025-08-01T02:55:04.242243Z,2025,8,1,65.547800,22.253300,10.0,0,4.5,1,mainland,1,1,1,0,0,0
2025-08-01T02:55:04.248726Z,2025,8,1,65.551000,22.208300,8.0,0,8.5,1,sea,1,1,1,0,0,0
2025-08-01T02:55:04.272220Z,2025,8,1,65.553000,22.238900,11.0,0,14.8,1,mainland,0,1,1,0,0,0
2025-08-01T02:55:13.691417Z,2025,8,1,65.593300,21.492500,7.0,0,9.0,1,mainland,0,0,0,0,1,1
2025-08-01T02:55:13.969250Z,2025,8,1,65.602500,21.468700,11.0,0,5.6,1,mainland,0,0,0,0,1,1
2025-08-01T02:55:13.979190Z,2025,8,1,65.601900,21.470800,9.0,0,15.2,1,mainland,0,0,0,0,1,1
2025-08-01T02:55:23.034303Z,2025,8,1,65.629000,21.542300,-13.0,0,9.2,1,mainland,0,0,0,0,0,0
2025-08-01T02:55:23.091524Z,2025,8,1,65.598900,21.490500,-19.0,0,6.9,1,mainland,0,0,0,0,0,1
2025-08-01T02:55:40.374427Z,2025,8,1,65.544400,22.294400,-8.0,0,0.0,1,sea,1,1,1,0,0,0
2025-08-01T02:55:40.374547Z,2025,8,1,65.544700,22.294500,-10.0,0,0.0,1,mainland,1,1,1,0,0,0
2025-08-01T02:55:40.374637Z,2025,8,1,65.547000,22.257500,-13.0,0,9.3,1,mainland,1,1,1,0,0,0
2025-08-01T02:55:40.376952Z,2025,8,1,65.542300,22.256700,-104.0,0,16.3,1,sea,0,1,1,0,0,0
2025-08-01T02:55:40.398802Z,2025,8,1,65.550700,22.196300,-6.0,0,0.0,1,sea,0,1,1,0,0,0
2025-08-01T02:55:40.398966Z,2025,8,1,65.541400,22.259700,-24.0,0,27.7,1,sea,0,0,1,0,0,0
2025-08-01T02:55:40.405518Z,2025,8,1,65.550000,22.242000,9.0,0,10.0,1,mainland,1,1,1,0,0,0
2025-08-01T02:55:40.841251Z,2025,8,1,65.541400,22.261700,-15.0,0,4.1,1,sea,0,0,1,0,0,0
2025-08-01T02:55:55.079623Z,2025,8,1,65.658300,21.568400,6.0,0,2.4,1,mainland,0,0,0,0,0,0
2025-08-01T02:55:56.185225Z,2025,8,1,65.607200,21.476200,-17.0,0,12.5,1,mainland,0,0,0,0,0,0
2025-08-01T02:55:56.235544Z,2025,8,1,65.607600,21.473100,-17.0,0,7.7,1,mainland,0,0,0,0,0,0
2025-08-01T02:55:56.251451Z,2025,8,1,65.609500,21.472000,-4.0,0,5.0,1,mainland,0,0,0,0,0,0
2025-08-01T02:55:56.574936Z,2025,8,1,65.606900,21.473900,-11.0,0,7.4,1,mainland,0,0,0,0,0,1
2025-08-01T02:56:11.049385Z,2025,8,1,65.606400,21.488100,-12.0,0,6.5,1,mainland,0,0,0,0,0,0
2025-08-01T02:56:11.066237Z,2025,8,1,65.614400,21.471300,-6.0,0,5.1,1,mainland,0,0,0,0,0,0
2025-08-01T02:56:11.098114Z,2025,8,1,65.606600,21.471600,13.0,0,16.2,1,mainland,0,0,0,0,0,1
2025-08-01T02:56:11.098752Z,2025,8,1,65.606900,21.486300,-17.0,0,6.7,1,mainland,0,0,0,0,0,0
2025-08-01T02:56:19.775814Z,2025,8,1,65.552100,22.230700,-94.0,0,14.1,1,mainland,1,1,1,0,0,0
2025-08-01T02:56:19.805101Z,2025,8,1,65.552000,22.227200,-33.0,0,8.3,1,mainland,1,1,1,0,0,0
2025-08-01T02:56:19.839131Z,2025,8,1,65.551600,22.227900,-9.0,0,2.1,1,mainland,1,1,1,0,0,0
2025-08-01T02:56:20.071849Z,2025,8,1,65.573600,22.210400,4.0,0,2.6,1,mainland,0,1,1,0,0,0
2025-08-01T02:56:39.317390Z,2025,8,1,65.604400,21.464400,-57.0,0,16.7,1,mainland,0,0,0,0,1,1
2025-08-01T02:56:39.332582Z,2025,8,1,65.517600,21.796900,-11.0,0,3.9,1,mainland,0,0,0,0,0,0
2025-08-01T02:56:39.333980Z,2025,8,1,65.605200,21.446000,-13.0,0,14.1,1,mainland,0,0,0,1,1,1
2025-08-01T02:56:39.350753Z,2025,8,1,65.604500,21.467000,-36.0,0,22.8,1,mainland,0,0,0,0,0,1
2025-08-01T02:56:39.413263Z,2025,8,1,65.615000,21.460000,-9.0,0,9.0,1,mainland,0,0,0,0,0,0
2025-08-01T02:56:39.432024Z,2025,8,1,65.618800,21.450300,-14.0,0,8.2,1,mainland,0,0,0,0,0,0
2025-08-01T02:56:39.482993Z,2025,8,1,65.619900,21.448200,-14.0,0,9.1,1,mainland,0,0,0,0,0,0
2025-08-01T02:56:39.525799Z,2025,8,1,65.620300,21.446400,-6.0,0,6.0,1,mainland,0,0,0,0,0,0
2025-08-01T02:57:04.010897Z,2025,8,1,65.640700,21.440500,9.0,0,5.9,1,mainland,0,0,0,0,0,0
2025-08-01T02:57:04.661680Z,2025,8,1,65.547700,22.215100,12.0,0,11.9,1,islands,1,1,1,0,0,0
2025-08-01T02:57:04.662015Z,2025,8,1,65.546200,22.232300,7.0,0,0.0,1,sea,1,1,1,0,0,0
2025-08-01T02:57:04.662062Z,2025,8,1,65.427700,22.464700,-8.0,0,9.5,1,sea,0,0,1,0,0,0
2025-08-01T02:57:04.662939Z,2025,8,1,65.649900,22.582100,12.0,0,30.4,1,sea,0,0,0,0,0,0
2025-08-01T02:57:04.665263Z,2025,8,1,65.574500,22.201700,5.0,0,1.8,1,mainland,0,0,1,0,0,0
2025-08-01T02:57:05.207039Z,2025,8,1,65.519300,21.948700,5.0,0,6.8,1,sea,1,1,1,0,0,0
2025-08-01T02:57:32.646865Z,2025,8,1,65.629000,21.408300,-12.0,0,15.6,1,mainland,0,0,0,0,0,0
2025-08-01T02:57:35.072369Z,2025,8,1,65.545200,22.214000,-37.0,0,15.9,1,islands,0,1,1,0,0,0
2025-08-01T02:57:35.101262Z,2025,8,1,65.550500,22.170400,-16.0,0,6.1,1,sea,1,1,1,0,0,0
2025-08-01T02:57:35.132564Z,2025,8,1,65.543000,22.249000,-13.0,0,3.2,1,sea,0,0,1,0,0,0
2025-08-01T02:57:35.165074Z,2025,8,1,65.552100,22.254100,-11.0,0,2.9,1,mainland,0,1,1,0,0,0
2025-08-01T02:57:35.483823Z,2025,8,1,65.534100,22.159200,-7.0,0,6.4,1,sea,1,1,1,0,0,0
2025-08-01T02:57:54.973654Z,2025,8,1,65.610300,21.452700,-25.0,0,12.3,1,mainland,0,0,0,0,0,1
2025-08-01T02:57:54.997596Z,2025,8,1,65.624400,21.456700,-11.0,0,9.0,1,mainland,0,0,0,0,0,0
2025-08-01T02:57:55.094418Z,2025,8,1,65.620000,21.448500,7.0,0,16.8,1,mainland,0,0,0,0,0,0
2025-08-01T02:57:55.226693Z,2025,8,1,65.617100,21.459800,-9.0,0,6.1,1,mainland,0,0,0,0,0,0
2025-08-01T02:57:55.227441Z,2025,8,1,65.616100,21.416600,-7.0,0,24.7,1,mainland,0,0,0,0,1,1
2025-08-01T02:57:55.482854Z,2025,8,1,65.642200,21.580700,-5.0,0,4.8,1,mainland,0,0,0,0,0,0
2025-08-01T02:58:25.834177Z,2025,8,1,65.637900,21.390100,-18.0,0,11.8,1,mainland,0,0,0,0,1,1
2025-08-01T02:58:25.869373Z,2025,8,1,65.637400,21.389900,-13.0,0,7.3,1,mainland,0,0,0,0,1,1
2025-08-01T02:58:25.885408Z,2025,8,1,65.637300,21.391800,-6.0,0,8.3,1,mainland,0,0,0,0,1,1
2025-08-01T02:58:25.909324Z,2025,8,1,65.638200,21.388600,-15.0,0,9.6,1,mainland,0,0,0,0,1,1
2025-08-01T02:58:25.959421Z,2025,8,1,65.637900,21.388300,-25.0,0,11.3,1,mainland,0,0,0,0,1,1
2025-08-01T02:58:26.038006Z,2025,8,1,65.637300,21.389000,-10.0,0,8.1,1,mainland,0,0,0,0,1,1
2025-08-01T02:58:26.085907Z,2025,8,1,65.638900,21.389000,-5.0,0,7.8,1,mainland,0,0,0,0,1,1
2025-08-01T02:58:26.553471Z,2025,8,1,65.638400,21.388100,-15.0,0,9.4,1,mainland,0,0,0,0,1,1
2025-08-01T02:58:43.586210Z,2025,8,1,65.618400,21.406200,-7.0,0,21.0,1,mainland,0,0,0,1,1,1
2025-08-01T02:58:46.454683Z,2025,8,1,65.559900,22.189200,7.0,0,1.7,1,sea,1,1,1,0,0,0
2025-08-01T02:58:46.456271Z,2025,8,1,65.565100,22.194200,47.0,0,30.4,1,mainland,0,1,1,0,0,0
2025-08-01T02:58:46.465557Z,2025,8,1,65.595900,22.207800,-7.0,0,30.4,1,mainland,0,0,0,0,0,0
2025-08-01T02:58:46.480510Z,2025,8,1,65.552900,22.184700,7.0,0,17.0,1,sea,1,1,1,0,0,0
2025-08-01T02:58:46.804720Z,2025,8,1,65.550600,22.221200,7.0,0,25.0,1,sea,1,1,1,0,0,0
2025-08-01T02:59:15.558376Z,2025,8,1,65.618300,21.534400,6.0,0,11.9,1,mainland,0,0,0,0,0,0
2025-08-01T02:59:20.717965Z,2025,8,1,65.569200,22.194900,11.0,0,6.6,1,mainland,0,0,1,0,0,0
2025-08-01T02:59:20.719947Z,2025,8,1,65.572000,22.192800,11.0,0,24.4,1,mainland,0,0,1,0,0,0
2025-08-01T02:59:20.733318Z,2025,8,1,65.573800,22.189300,8.0,0,5.4,1,mainland,0,1,1,0,0,0
2025-08-01T02:59:41.392725Z,2025,8,1,65.621000,21.418700,-23.0,0,12.6,1,mainland,0,0,0,0,0,1
2025-08-01T02:59:41.449710Z,2025,8,1,65.635200,21.442600,-21.0,0,8.1,1,mainland,0,0,0,0,0,0
2025-08-01T02:59:49.081115Z,2025,8,1,65.564900,22.166000,-9.0,0,0.0,1,sea,0,1,1,0,0,0
2025-08-01T02:59:49.087932Z,2025,8,1,65.554600,22.165300,-32.0,0,10.1,1,sea,1,1,1,0,0,0
2025-08-01T02:59:49.119514Z,2025,8,1,65.546800,22.157500,-12.0,0,5.0,1,sea,1,1,1,0,0,0
2025-08-01T02:59:49.158403Z,2025,8,1,65.558600,22.217900,-13.0,0,3.1,1,mainland,0,0,1,0,0,0
2025-08-01T02:59:49.200836Z,2025,8,1,65.542100,22.118200,-6.0,0,1.8,1,mainland,0,0,0,0,0,0
2025-08-01T02:59:49.614542Z,2025,8,1,65.543000,22.122300,-10.0,0,3.7,1,mainland,0,0,0,0,0,0
2025-08-01T03:01:09.451571Z,2025,8,1,65.623600,21.393200,-8.0,0,11.6,1,mainland,0,0,0,0,1,1
2025-08-01T03:01:12.933957Z,2025,8,1,65.562600,22.168300,-30.0,0,11.7,1,sea,0,1,1,0,0,0
2025-08-01T03:01:12.935754Z,2025,8,1,65.568600,22.173500,-145.0,0,13.4,1,sea,1,1,1,0,0,0
2025-08-01T03:01:12.963138Z,2025,8,1,65.557900,22.120000,-5.0,0,4.1,1,mainland,0,0,1,0,0,0
2025-08-01T03:02:40.049106Z,2025,8,1,65.581900,22.222900,7.0,0,5.1,1,mainland,1,1,1,0,0,0
2025-08-01T03:02:40.052131Z,2025,8,1,65.568900,22.276000,-60.0,0,8.7,1,mainland,0,1,1,0,0,0
2025-08-01T03:03:29.034213Z,2025,8,1,65.579900,22.209500,-11.0,0,0.0,1,mainland,0,1,1,0,0,0
2025-08-01T03:03:29.034341Z,2025,8,1,65.559100,22.118800,-14.0,0,0.0,1,mainland,0,0,1,0,0,0
2025-08-01T03:03:29.034419Z,2025,8,1,65.580700,22.141300,-20.0,0,12.0,1,mainland,1,1,1,0,0,0
2025-08-01T03:03:29.042816Z,2025,8,1,65.525300,22.119800,-55.0,0,10.6,1,mainland,0,1,1,0,0,0
2025-08-01T03:03:29.136409Z,2025,8,1,65.671700,22.228900,-18.0,0,9.5,1,mainland,1,1,1,0,0,0
2025-08-01T03:03:29.145337Z,2025,8,1,65.598800,22.138300,-11.0,0,3.8,1,mainland,0,1,1,0,0,0
2025-08-01T03:03:29.177362Z,2025,8,1,65.599200,22.134700,-19.0,0,3.6,1,mainland,0,0,1,0,0,0
2025-08-01T03:03:29.206073Z,2025,8,1,65.599900,22.140000,-10.0,0,6.1,1,mainland,0,0,1,0,0,0
2025-08-01T03:04:21.785423Z,2025,8,1,65.674600,21.377600,8.0,0,12.8,1,mainland,0,0,0,0,1,1
2025-08-01T03:04:21.786098Z,2025,8,1,65.674400,21.399200,10.0,0,10.1,1,mainland,0,0,0,0,0,1
2025-08-01T03:04:35.771663Z,2025,8,1,65.572000,22.115000,16.0,0,6.8,1,mainland,0,1,1,0,0,0
2025-08-01T03:04:35.776101Z,2025,8,1,65.571400,22.103200,-85.0,0,17.5,1,mainland,0,0,1,0,0,0
2025-08-01T03:04:35.900789Z,2025,8,1,65.558700,22.140800,-18.0,0,3.1,1,mainland,1,1,1,0,0,0
2025-08-01T03:04:35.924514Z,2025,8,1,65.566200,22.109600,-13.0,0,6.2,1,mainland,0,0,1,0,0,0
2025-08-01T03:04:35.988514Z,2025,8,1,65.553200,22.070400,-14.0,0,3.3,1,mainland,0,0,0,0,0,0
2025-08-01T03:05:46.896186Z,2025,8,1,65.591000,22.107700,-8.0,0,0.0,1,sea,0,0,1,0,0,0
2025-08-01T03:05:46.896388Z,2025,8,1,65.591000,22.114700,-8.0,0,0.0,1,sea,0,0,1,0,0,0
2025-08-01T03:05:46.896629Z,2025,8,1,65.590600,22.109400,-9.0,0,0.0,1,sea,0,0,1,0,0,0
2025-08-01T03:05:46.900266Z,2025,8,1,65.577000,22.097600,-94.0,0,14.3,1,mainland,0,1,1,0,0,0
2025-08-01T03:05:46.935515Z,2025,8,1,65.577800,22.097000,-29.0,0,8.5,1,mainland,0,1,1,0,0,0
2025-08-01T03:05:46.969903Z,2025,8,1,65.578100,22.093400,-13.0,0,6.1,1,mainland,0,1,1,0,0,0
2025-08-01T03:05:47.021956Z,2025,8,1,65.586700,22.172700,-20.0,0,3.9,1,sea,1,1,1,0,0,0
2025-08-01T03:05:47.522219Z,2025,8,1,65.570400,21.824100,-12.0,0,19.2,1,mainland,0,0,0,0,0,0
2025-08-01T03:06:07.186314Z,2025,8,1,65.650200,21.427800,5.0,0,4.5,1,mainland,0,0,0,0,0,0
2025-08-01T03:06:30.223096Z,2025,8,1,65.682900,21.419000,13.0,0,14.2,1,mainland,0,0,0,1,1,1
2025-08-01T03:06:30.269618Z,2025,8,1,65.677400,21.385000,6.0,0,2.6,1,mainland,0,0,0,1,1,1
2025-08-01T03:07:19.984726Z,2025,8,1,65.674600,21.497900,8.0,0,23.5,1,mainland,0,0,0,1,1,1
2025-08-01T03:07:19.985430Z,2025,8,1,65.632000,21.476100,-8.0,0,14.5,1,mainland,0,0,0,0,0,0
2025-08-01T03:07:19.986119Z,2025,8,1,65.668000,21.360800,7.0,0,3.9,1,mainland,0,0,0,0,0,1
2025-08-01T03:07:20.515921Z,2025,8,1,65.667000,21.568800,-6.0,0,10.8,1,mainland,0,0,0,0,0,0
2025-08-01T03:07:23.533604Z,2025,8,1,65.566400,22.020100,18.0,0,27.1,1,mainland,0,0,0,0,0,0
2025-08-01T03:07:23.534541Z,2025,8,1,65.600700,22.073500,29.0,0,30.4,1,sea,1,1,1,0,0,0
2025-08-01T03:07:44.460271Z,2025,8,1,65.678300,21.392300,12.0,0,16.3,1,mainland,0,0,0,1,1,1
2025-08-01T03:08:11.607816Z,2025,8,1,65.627600,21.504700,5.0,0,13.2,1,mainland,0,0,0,0,0,0
2025-08-01T03:08:29.326380Z,2025,8,1,65.668900,21.380500,-7.0,0,7.1,1,mainland,0,0,0,0,0,1
2025-08-01T03:08:51.619139Z,2025,8,1,65.673300,21.425000,-5.0,0,6.3,1,mainland,0,0,0,0,0,0
2025-08-01T03:08:51.695336Z,2025,8,1,65.665400,21.437600,-6.0,0,7.0,1,mainland,0,0,0,0,0,0
2025-08-01T03:08:51.916644Z,2025,8,1,65.673900,21.415900,-8.0,0,6.1,1,mainland,0,0,0,0,0,0
2025-08-01T03:08:53.680225Z,2025,8,1,65.568700,21.849100,10.0,0,25.0,1,mainland,0,0,0,0,0,0
2025-08-01T03:09:06.683476Z,2025,8,1,65.666900,21.398000,10.0,0,3.5,1,mainland,0,0,0,0,0,0
2025-08-01T03:09:06.683988Z,2025,8,1,65.665900,21.397500,11.0,0,22.6,1,mainland,0,0,0,0,0,0
2025-08-01T03:09:06.684859Z,2025,8,1,65.666200,21.395600,9.0,0,7.7,1,mainland,0,0,0,0,0,0
2025-08-01T03:09:25.055210Z,2025,8,1,65.672500,21.373500,-10.0,0,7.3,1,mainland,0,0,0,0,1,1
2025-08-01T03:09:49.908753Z,2025,8,1,65.598300,21.484400,5.0,0,16.3,1,mainland,0,0,0,0,1,1
2025-08-01T03:10:05.876015Z,2025,8,1,65.621900,21.516700,-12.0,0,7.5,1,mainland,0,0,0,0,0,0
2025-08-01T03:10:05.996955Z,2025,8,1,65.664900,21.365000,-10.0,0,5.4,1,mainland,0,0,0,0,0,1
2025-08-01T03:10:06.112530Z,2025,8,1,65.664200,21.371600,-8.0,0,8.6,1,mainland,0,0,0,0,0,1
2025-08-01T03:10:17.388110Z,2025,8,1,65.651500,21.414400,9.0,0,16.5,1,mainland,0,0,0,0,0,0
2025-08-01T03:10:17.397683Z,2025,8,1,65.677500,21.396100,-9.0,0,17.4,1,mainland,0,0,0,0,1,1
2025-08-01T03:10:41.356530Z,2025,8,1,65.600400,22.039900,-8.0,0,0.0,1,mainland,0,0,0,0,0,0
2025-08-01T03:10:41.356571Z,2025,8,1,65.600600,22.033900,-15.0,0,4.6,1,mainland,0,0,0,0,0,0
2025-08-01T03:10:41.356624Z,2025,8,1,65.599800,22.030100,-13.0,0,0.0,1,mainland,0,0,0,0,0,0
2025-08-01T03:10:41.356737Z,2025,8,1,65.600900,22.040400,-9.0,0,0.0,1,mainland,0,0,0,0,0,0
2025-08-01T03:10:42.073161Z,2025,8,1,65.579000,21.861600,-23.0,0,6.2,1,mainland,0,0,0,0,0,0
2025-08-01T03:10:42.104738Z,2025,8,1,65.578800,21.863100,-10.0,0,4.4,1,mainland,0,0,0,0,0,0
2025-08-01T03:11:43.075029Z,2025,8,1,65.596700,21.718500,6.0,0,2.1,1,mainland,0,0,0,0,0,0
2025-08-01T03:12:04.746416Z,2025,8,1,65.569200,21.846300,-10.0,0,5.2,1,mainland,0,0,0,0,0,0
2025-08-01T03:12:04.776452Z,2025,8,1,65.570700,21.838100,-17.0,0,5.6,1,mainland,0,0,0,0,0,0
2025-08-01T03:12:04.827067Z,2025,8,1,65.570900,21.837700,-19.0,0,5.7,1,mainland,0,0,0,0,0,0
2025-08-01T03:12:04.877706Z,2025,8,1,65.571000,21.838300,-14.0,0,5.7,1,mainland,0,0,0,0,0,0
2025-08-01T03:12:04.917711Z,2025,8,1,65.570100,21.841100,-6.0,0,4.3,1,mainland,0,0,0,0,0,0
2025-08-01T03:12:16.899724Z,2025,8,1,65.577800,21.830300,6.0,0,3.4,1,mainland,0,0,0,0,0,0
2025-08-01T03:12:25.808581Z,2025,8,1,65.674300,21.383000,-13.0,0,7.6,1,mainland,0,0,0,0,1,1
2025-08-01T03:13:19.457382Z,2025,8,1,65.601800,21.719300,13.0,0,29.0,1,mainland,0,0,0,0,0,0
2025-08-01T03:13:19.458397Z,2025,8,1,65.586400,21.727500,13.0,0,16.5,1,mainland,0,0,0,0,0,0
2025-08-01T03:13:19.820113Z,2025,8,1,65.577300,21.868300,-10.0,0,3.3,1,mainland,0,0,0,0,0,0
2025-08-01T03:13:31.284382Z,2025,8,1,65.686900,21.467000,7.0,0,2.4,1,mainland,0,0,0,1,1,1
2025-08-01T03:13:31.314585Z,2025,8,1,65.677800,21.476700,7.0,0,4.0,1,inland_water,0,0,0,1,1,1
2025-08-01T03:14:27.578661Z,2025,8,1,65.595800,21.777900,-23.0,0,6.1,1,mainland,0,0,0,0,0,0
2025-08-01T03:14:27.607586Z,2025,8,1,65.594500,21.775900,-6.0,0,2.9,1,mainland,0,0,0,0,0,0
2025-08-01T03:15:32.453491Z,2025,8,1,65.696500,21.538000,20.0,0,11.2,1,mainland,0,0,0,0,1,1
2025-08-01T03:15:32.454260Z,2025,8,1,65.699100,21.534600,9.0,0,5.2,1,mainland,0,0,0,1,1,1
2025-08-01T03:15:32.455022Z,2025,8,1,65.695700,21.547100,8.0,0,15.1,1,inland_water,0,0,0,0,0,1
2025-08-01T03:15:34.620555Z,2025,8,1,65.611400,21.759300,-6.0,0,3.0,1,mainland,0,0,0,0,0,0
2025-08-01T03:15:34.899505Z,2025,8,1,65.610900,21.763100,-16.0,0,7.2,1,mainland,0,0,0,0,0,0
2025-08-01T03:15:51.926538Z,2025,8,1,65.616200,22.060100,-12.0,0,0.0,1,sea,1,1,1,0,0,0
2025-08-01T03:15:51.926601Z,2025,8,1,65.615900,22.064100,-12.0,0,0.0,1,sea,1,1,1,0,0,0
2025-08-01T03:15:51.926672Z,2025,8,1,65.613600,22.081500,-7.0,0,0.0,1,sea,1,1,1,0,0,0
2025-08-01T03:15:51.926729Z,2025,8,1,65.616700,22.057800,-24.0,0,9.3,1,mainland,1,1,1,0,0,0
2025-08-01T03:15:51.955256Z,2025,8,1,65.617500,22.077300,-14.0,0,5.5,1,mainland,0,1,1,0,0,0
2025-08-01T03:15:51.984019Z,2025,8,1,65.619800,22.047500,-40.0,0,13.4,1,mainland,0,0,1,0,0,0
2025-08-01T03:15:52.037430Z,2025,8,1,65.648000,22.050400,-18.0,0,3.0,1,mainland,0,0,0,0,0,0
2025-08-01T03:15:52.213426Z,2025,8,1,65.611000,22.017300,-5.0,0,2.5,1,inland_water,0,0,0,0,0,0
2025-08-01T03:16:20.296765Z,2025,8,1,65.603500,21.720200,-15.0,0,6.4,1,mainland,0,0,0,0,0,0
2025-08-01T03:16:20.375054Z,2025,8,1,65.588300,21.719500,-7.0,0,4.2,1,mainland,0,0,0,0,0,0
2025-08-01T03:17:28.724367Z,2025,8,1,65.530800,21.948100,-15.0,0,6.8,1,mainland,0,0,1,0,0,0
2025-08-01T03:17:28.742691Z,2025,8,1,65.626300,22.053900,-7.0,0,4.3,1,mainland,0,0,0,0,0,0
2025-08-01T03:17:28.798796Z,2025,8,1,65.634200,22.042600,-8.0,0,3.3,1,mainland,0,0,0,0,0,0
2025-08-01T03:17:36.894056Z,2025,8,1,65.610300,21.689900,-22.0,0,8.5,1,mainland,0,0,0,0,0,0
2025-08-01T03:17:36.951731Z,2025,8,1,65.610000,21.688700,-13.0,0,5.7,1,mainland,0,0,0,0,0,0
2025-08-01T03:17:52.422108Z,2025,8,1,65.673600,21.349600,-7.0,0,16.1,1,mainland,0,0,0,1,1,1
2025-08-01T03:18:03.158324Z,2025,8,1,65.595600,21.783900,-9.0,0,3.6,1,mainland,0,0,0,0,0,0
2025-08-01T03:18:03.183047Z,2025,8,1,65.591400,21.736000,-8.0,0,5.9,1,mainland,0,0,0,0,0,0
2025-08-01T03:18:37.217267Z,2025,8,1,65.655900,21.668500,-11.0,0,4.4,1,mainland,0,0,0,0,0,0
2025-08-01T03:19:08.944482Z,2025,8,1,65.587800,21.731700,-32.0,0,13.2,1,mainland,0,0,0,0,0,0
2025-08-01T03:19:08.984619Z,2025,8,1,65.596700,21.712600,-22.0,0,5.9,1,mainland,0,0,0,0,0,0
2025-08-01T03:19:09.013912Z,2025,8,1,65.597400,21.711800,-16.0,0,6.6,1,mainland,0,0,0,0,0,0
2025-08-01T03:19:09.052688Z,2025,8,1,65.596900,21.712900,-34.0,0,22.7,1,mainland,0,0,0,0,0,0
2025-08-01T03:19:09.053127Z,2025,8,1,65.585900,21.758800,-8.0,0,0.0,1,mainland,0,0,0,0,0,0
2025-08-01T03:19:09.122387Z,2025,8,1,65.597100,21.711600,-14.0,0,6.2,1,mainland,0,0,0,0,0,0
2025-08-01T03:20:09.151650Z,2025,8,1,65.633500,22.051700,7.0,0,2.5,1,mainland,0,0,0,0,0,0
2025-08-01T03:20:09.153231Z,2025,8,1,65.632100,22.055400,7.0,0,3.2,1,mainland,0,0,0,0,0,0
2025-08-01T03:20:45.102258Z,2025,8,1,65.657200,21.584400,-15.0,0,9.3,1,mainland,0,0,0,0,0,0
2025-08-01T03:20:45.133652Z,2025,8,1,65.656300,21.578100,-22.0,0,8.9,1,mainland,0,0,0,0,0,0
2025-08-01T03:21:16.697029Z,2025,8,1,65.610800,21.659000,5.0,0,8.6,1,mainland,0,0,0,0,0,0
2025-08-01T03:21:16.763818Z,2025,8,1,65.630000,21.632200,-7.0,0,8.4,1,mainland,0,0,0,0,0,0
2025-08-01T03:21:16.801017Z,2025,8,1,65.597800,21.700900,-6.0,0,4.7,1,mainland,0,0,0,0,0,0
2025-08-01T03:21:17.063307Z,2025,8,1,65.597900,21.702200,-15.0,0,6.8,1,mainland,0,0,0,0,0,0
2025-08-01T03:22:48.212377Z,2025,8,1,65.627800,21.617100,-9.0,0,9.3,1,mainland,0,0,0,0,0,0
2025-08-01T03:22:48.231786Z,2025,8,1,65.609700,21.622000,-6.0,0,7.0,1,mainland,0,0,0,0,0,0
2025-08-01T03:22:48.278573Z,2025,8,1,65.606400,21.670900,-8.0,0,12.0,1,mainland,0,0,0,0,0,0
2025-08-01T03:22:48.359835Z,2025,8,1,65.600800,21.605200,-9.0,0,10.0,1,mainland,0,0,0,0,0,0
2025-08-01T03:23:10.539124Z,2025,8,1,65.635500,21.997700,-7.0,0,0.0,1,inland_water,0,0,0,0,0,0
2025-08-01T03:23:10.539211Z,2025,8,1,65.635400,22.018400,-11.0,0,5.0,1,mainland,0,0,0,0,0,0
2025-08-01T03:23:10.539261Z,2025,8,1,65.635100,22.001800,-8.0,0,0.0,1,inland_water,0,0,0,0,0,0
2025-08-01T03:23:10.539438Z,2025,8,1,65.636400,21.981400,-10.0,0,0.0,1,inland_water,0,0,0,0,0,0
2025-08-01T03:23:10.544542Z,2025,8,1,65.639000,22.006600,-40.0,0,8.1,1,mainland,0,0,0,0,0,0
2025-08-01T03:23:10.564901Z,2025,8,1,65.654000,21.997700,-11.0,0,3.3,1,mainland,0,0,0,0,0,0
2025-08-01T03:23:25.692827Z,2025,8,1,65.621000,21.626100,-9.0,0,7.1,1,mainland,0,0,0,0,0,0
2025-08-01T03:23:25.718692Z,2025,8,1,65.612400,21.696900,-8.0,0,7.3,1,mainland,0,0,0,0,0,0
2025-08-01T03:23:25.811321Z,2025,8,1,65.636400,21.615400,-10.0,0,7.3,1,mainland,0,0,0,0,0,0
2025-08-01T03:23:25.884268Z,2025,8,1,65.593000,21.629400,-6.0,0,4.0,1,mainland,0,0,0,0,0,0
2025-08-01T03:23:48.538123Z,2025,8,1,65.660400,21.537800,-5.0,0,8.7,1,mainland,0,0,0,0,0,0
2025-08-01T03:23:48.595489Z,2025,8,1,65.658200,21.544900,-6.0,0,6.4,1,mainland,0,0,0,0,0,0
2025-08-01T03:24:20.671613Z,2025,8,1,65.623900,21.609300,-32.0,0,10.4,1,mainland,0,0,0,0,0,0
2025-08-01T03:24:20.712097Z,2025,8,1,65.607100,21.624900,-8.0,0,6.5,1,mainland,0,0,0,0,0,0
2025-08-01T03:24:20.749322Z,2025,8,1,65.632000,21.555400,-5.0,0,5.1,1,mainland,0,0,0,0,0,0
2025-08-01T03:24:20.805160Z,2025,8,1,65.608200,21.622400,-8.0,0,5.5,1,mainland,0,0,0,0,0,0
2025-08-01T03:24:20.805572Z,2025,8,1,65.605400,21.565400,-7.0,0,3.6,1,mainland,0,0,0,0,0,0
2025-08-01T03:24:29.481202Z,2025,8,1,65.664000,21.534000,-6.0,0,9.1,1,mainland,0,0,0,0,0,0
2025-08-01T03:25:07.203934Z,2025,8,1,65.658700,21.953300,5.0,0,10.9,1,mainland,0,0,0,0,0,0
2025-08-01T03:25:07.203948Z,2025,8,1,65.631100,21.983000,-12.0,0,8.2,1,inland_water,0,0,0,0,0,0
2025-08-01T03:25:07.204422Z,2025,8,1,65.658600,21.951200,14.0,0,15.9,1,mainland,0,0,0,0,0,0
2025-08-01T03:25:22.042317Z,2025,8,1,65.631400,21.572200,-22.0,0,8.7,1,mainland,0,0,0,0,0,0
2025-08-01T03:25:22.082793Z,2025,8,1,65.632700,21.540000,-8.0,0,7.5,1,mainland,0,0,0,0,0,0
2025-08-01T03:25:22.134146Z,2025,8,1,65.648400,21.606100,-11.0,0,10.9,1,mainland,0,0,0,0,0,0
2025-08-01T03:25:22.194327Z,2025,8,1,65.637400,21.589000,-15.0,0,8.3,1,mainland,0,0,0,0,0,0
2025-08-01T03:25:22.237226Z,2025,8,1,65.638600,21.583500,-7.0,0,5.1,1,mainland,0,0,0,0,0,0
2025-08-01T03:25:22.303368Z,2025,8,1,65.638100,21.589600,-13.0,0,5.4,1,mainland,0,0,0,0,0,0
2025-08-01T03:25:22.368472Z,2025,8,1,65.637500,21.590200,-12.0,0,5.4,1,mainland,0,0,0,0,0,0
2025-08-01T03:25:22.421736Z,2025,8,1,65.638100,21.586500,-8.0,0,4.8,1,mainland,0,0,0,0,0,0
2025-08-01T03:25:54.762301Z,2025,8,1,65.661000,21.526100,-9.0,0,5.9,1,mainland,0,0,0,0,0,0
2025-08-01T03:26:23.845119Z,2025,8,1,65.651000,21.968200,-9.0,0,5.3,1,mainland,0,0,0,0,0,0
2025-08-01T03:26:23.845316Z,2025,8,1,65.647800,21.980900,-6.0,0,0.0,1,mainland,0,0,0,0,0,0
2025-08-01T03:26:23.852046Z,2025,8,1,65.654200,21.962500,-25.0,0,8.8,1,mainland,0,0,0,0,0,0
2025-08-01T03:26:23.863839Z,2025,8,1,65.657900,21.983600,-6.0,0,3.1,1,mainland,0,0,0,0,0,0
2025-08-01T03:27:38.316003Z,2025,8,1,65.659500,21.959300,5.0,0,4.3,1,mainland,0,0,0,0,0,0
2025-08-01T03:27:38.318043Z,2025,8,1,65.659800,21.942500,6.0,0,16.7,1,mainland,0,0,0,0,0,0
2025-08-01T03:27:42.033169Z,2025,8,1,65.622200,21.530600,5.0,0,0.0,1,mainland,0,0,0,0,0,0
2025-08-01T03:27:42.033375Z,2025,8,1,65.617900,21.524600,11.0,0,13.3,1,mainland,0,0,0,0,0,0
2025-08-01T03:27:42.033889Z,2025,8,1,65.626000,21.519900,7.0,0,3.2,1,mainland,0,0,0,0,0,0
2025-08-01T03:28:58.633699Z,2025,8,1,65.650400,21.492500,-13.0,0,5.7,1,mainland,0,0,0,0,0,0
2025-08-01T03:28:58.634108Z,2025,8,1,65.652000,21.482900,8.0,0,0.0,1,mainland,0,0,0,0,0,0
2025-08-01T03:28:58.634191Z,2025,8,1,65.649500,21.506000,-6.0,0,0.0,1,mainland,0,0,0,0,0,0
2025-08-01T03:28:58.638280Z,2025,8,1,65.649900,21.508900,-17.0,0,21.5,1,mainland,0,0,0,0,0,0
2025-08-01T03:29:00.479716Z,2025,8,1,65.669100,21.893000,6.0,0,7.5,1,inland_water,0,0,0,0,0,0
2025-08-01T03:29:00.525719Z,2025,8,1,65.678200,21.861700,4.0,0,1.8,1,mainland,0,0,0,0,0,0
2025-08-01T03:29:55.680564Z,2025,8,1,65.643200,21.503500,-44.0,0,13.6,1,mainland,0,0,0,0,0,0
2025-08-01T03:29:55.737474Z,2025,8,1,65.635300,21.509800,-5.0,0,3.4,1,mainland,0,0,0,0,0,0
2025-08-01T03:29:55.752365Z,2025,8,1,65.628300,21.488500,-15.0,0,11.6,1,mainland,0,0,0,0,0,0
2025-08-01T03:29:55.755306Z,2025,8,1,65.639400,21.515500,5.0,0,7.5,1,mainland,0,0,0,0,0,0
2025-08-01T03:29:55.808482Z,2025,8,1,65.632600,21.482300,-7.0,0,6.5,1,mainland,0,0,0,0,0,0
2025-08-01T03:29:55.896842Z,2025,8,1,65.672500,21.532900,5.0,0,9.4,1,mainland,0,0,0,0,0,0
2025-08-01T03:30:11.250025Z,2025,8,1,65.655200,21.930900,-11.0,0,19.1,1,mainland,0,0,0,0,0,0
2025-08-01T03:30:11.296084Z,2025,8,1,65.661400,21.876400,-5.0,0,5.2,1,inland_water,0,0,0,0,0,0
2025-08-01T03:31:02.565071Z,2025,8,1,65.669600,21.907500,-21.0,0,11.3,1,mainland,0,0,0,0,0,0
2025-08-01T03:31:02.575750Z,2025,8,1,65.665500,21.873600,-5.0,0,4.2,1,inland_water,0,0,0,0,0,0
2025-08-01T03:31:02.583896Z,2025,8,1,65.671200,21.905800,-14.0,0,5.7,1,mainland,0,0,0,0,0,0
2025-08-01T03:31:02.627913Z,2025,8,1,65.689900,21.898600,-11.0,0,3.9,1,mainland,0,0,0,0,0,0
2025-08-01T03:31:57.955634Z,2025,8,1,65.671400,21.900600,-21.0,0,8.1,1,mainland,0,0,0,0,0,0
2025-08-01T03:31:57.997463Z,2025,8,1,65.670400,21.875700,-9.0,0,7.0,1,inland_water,0,0,0,0,0,0
2025-08-01T03:31:58.062138Z,2025,8,1,65.669900,21.873700,-14.0,0,8.3,1,inland_water,0,0,0,0,0,0
2025-08-01T03:31:58.149052Z,2025,8,1,65.664100,21.922700,-9.0,0,2.9,1,mainland,0,0,0,0,0,0
2025-08-01T03:32:34.555281Z,2025,8,1,65.639900,21.448600,-5.0,0,5.6,1,mainland,0,0,0,0,0,0
2025-08-01T03:32:34.601008Z,2025,8,1,65.636000,21.459600,-5.0,0,8.0,1,mainland,0,0,0,0,0,0
2025-08-01T03:32:35.226829Z,2025,8,1,65.656300,21.399700,11.0,0,0.0,1,mainland,0,0,0,0,0,0
2025-08-01T03:32:35.227331Z,2025,8,1,65.655800,21.375600,14.0,0,25.1,1,mainland,0,0,0,0,1,1
2025-08-01T03:32:35.228087Z,2025,8,1,65.659700,21.376500,-9.0,0,0.0,1,mainland,0,0,0,0,0,1
2025-08-01T03:32:35.228320Z,2025,8,1,65.653700,21.379500,16.0,0,21.3,1,mainland,0,0,0,0,1,1
2025-08-01T03:32:44.771875Z,2025,8,1,65.720000,21.915000,-36.0,0,9.0,1,mainland,0,0,0,0,0,0
2025-08-01T03:32:44.772173Z,2025,8,1,65.701900,21.810900,7.0,0,0.0,1,inland_water,0,0,0,0,0,1
2025-08-01T03:32:44.802102Z,2025,8,1,65.677000,21.852200,-13.0,0,20.4,1,mainland,0,0,0,0,0,0
2025-08-01T03:32:44.809784Z,2025,8,1,65.876700,22.396500,8.0,0,2.1,1,mainland,0,0,1,0,0,0
2025-08-01T03:32:44.809785Z,2025,8,1,65.656300,21.833800,-7.0,0,17.1,1,mainland,0,0,0,0,0,0
2025-08-01T03:32:44.879902Z,2025,8,1,65.683600,21.861900,-14.0,0,6.3,1,mainland,0,0,0,0,0,0
2025-08-01T03:33:56.523232Z,2025,8,1,65.678100,21.849300,-39.0,0,12.8,1,mainland,0,0,0,0,0,0
2025-08-01T03:33:56.535752Z,2025,8,1,65.675900,21.856800,-5.0,0,4.7,1,mainland,0,0,0,0,0,0
2025-08-01T03:35:03.873856Z,2025,8,1,65.689600,21.830600,7.0,0,6.4,1,inland_water,0,0,0,0,0,0
2025-08-01T03:35:03.876302Z,2025,8,1,65.697300,21.802400,5.0,0,2.6,1,mainland,0,0,0,1,1,1
2025-08-01T03:35:27.493144Z,2025,8,1,65.684700,21.807300,-7.0,0,3.5,1,inland_water,0,0,0,0,0,0
2025-08-01T03:36:13.597125Z,2025,8,1,65.698200,21.810100,-9.0,0,9.3,1,inland_water,0,0,0,0,1,1
2025-08-01T03:36:13.598243Z,2025,8,1,65.691900,21.796800,6.0,0,3.2,1,inland_water,0,0,0,0,1,1
2025-08-01T03:36:34.706604Z,2025,8,1,65.690100,21.788400,-10.0,0,4.1,1,mainland,0,0,0,0,1,1
2025-08-01T03:36:34.756543Z,2025,8,1,65.705900,21.812400,-11.0,0,10.7,1,mainland,0,0,0,0,0,1
2025-08-01T03:36:34.876149Z,2025,8,1,65.684100,21.849100,-4.0,0,5.5,1,mainland,0,0,0,0,0,0
2025-08-01T03:37:47.046207Z,2025,8,1,65.895200,22.229300,-6.0,0,3.6,1,mainland,0,0,0,0,0,0
2025-08-01T03:41:51.482615Z,2025,8,1,65.943500,22.037800,-17.0,0,9.3,1,mainland,0,0,0,0,0,0
2025-08-01T03:42:37.501586Z,2025,8,1,65.857800,22.154200,5.0,0,22.9,1,mainland,0,0,0,0,0,0
2025-08-01T03:43:23.856359Z,2025,8,1,65.717400,21.916500,5.0,0,4.2,1,mainland,0,0,0,0,0,0
2025-08-01T03:45:03.566978Z,2025,8,1,65.884100,22.217700,5.0,0,15.3,1,mainland,0,0,0,0,0,0
2025-08-01T03:45:43.605917Z,2025,8,1,65.937400,22.087000,-16.0,0,13.2,1,mainland,0,0,0,0,0,0
2025-08-01T03:47:53.360756Z,2025,8,1,65.875200,22.104700,-20.0,0,11.8,1,mainland,0,0,0,0,0,0
2025-08-01T03:48:53.414180Z,2025,8,1,65.822800,22.111000,5.0,0,18.1,1,mainland,0,0,0,0,0,0
2025-08-01T03:49:38.445855Z,2025,8,1,65.950300,22.069200,-23.0,0,6.7,1,mainland,0,0,0,0,0,0
2025-08-01T03:49:38.518664Z,2025,8,1,65.950100,22.069000,-17.0,0,4.2,1,mainland,0,0,0,0,0,0
2025-08-01T03:49:38.519034Z,2025,8,1,65.985400,22.025700,-14.0,0,12.5,1,mainland,0,0,0,0,0,0
2025-08-01T03:49:38.593895Z,2025,8,1,65.950800,22.069000,-31.0,0,15.8,1,mainland,0,0,0,0,0,0
2025-08-01T03:49:38.594696Z,2025,8,1,65.906500,22.048800,9.0,0,23.0,1,mainland,0,0,0,0,0,0
2025-08-01T03:49:38.738909Z,2025,8,1,65.950600,22.072300,-19.0,0,5.0,1,mainland,0,0,0,0,0,0
2025-08-01T03:49:38.835059Z,2025,8,1,65.950400,22.071700,-17.0,0,5.2,1,mainland,0,0,0,0,0,0
2025-08-01T03:50:20.296321Z,2025,8,1,65.711700,22.156200,-7.0,0,0.0,1,mainland,0,0,0,0,0,0
2025-08-01T03:51:35.681145Z,2025,8,1,65.678700,21.725900,4.0,0,7.5,1,mainland,0,0,0,0,0,1
2025-08-01T03:51:59.572351Z,2025,8,1,65.939500,22.095700,-11.0,0,8.0,1,mainland,0,0,0,0,0,0
2025-08-01T03:51:59.649383Z,2025,8,1,65.940200,22.088000,-7.0,0,3.7,1,mainland,0,0,0,0,0,0
2025-08-01T03:51:59.672793Z,2025,8,1,65.940800,22.086000,-6.0,0,3.6,1,mainland,0,0,0,0,0,0
2025-08-01T03:51:59.696118Z,2025,8,1,65.939300,22.085300,-6.0,0,3.9,1,mainland,0,0,0,0,0,0
2025-08-01T03:53:09.814561Z,2025,8,1,65.797100,21.923200,4.0,0,3.7,1,mainland,0,0,0,0,0,0
2025-08-01T03:55:50.564165Z,2025,8,1,65.729700,21.889100,5.0,0,20.7,1,mainland,0,0,0,0,0,0
2025-08-01T03:55:57.629868Z,2025,8,1,65.815500,21.988200,7.0,0,11.0,1,inland_water,0,0,0,0,1,1
2025-08-01T03:57:15.283584Z,2025,8,1,65.978200,21.964300,-12.0,0,8.3,1,mainland,0,0,0,0,0,0
2025-08-01T03:59:44.894885Z,2025,8,1,65.914800,22.018000,-9.0,0,4.8,1,mainland,0,0,0,0,1,1
2025-08-01T03:59:44.989096Z,2025,8,1,65.917000,22.010900,-6.0,0,3.5,1,mainland,0,0,0,1,1,1
2025-08-01T04:00:08.057288Z,2025,8,1,65.949800,21.993600,-58.0,0,16.6,1,mainland,0,0,0,0,0,0
2025-08-01T04:00:08.244212Z,2025,8,1,65.941600,22.012500,-20.0,0,6.2,1,mainland,0,0,0,0,0,0
2025-08-01T04:00:57.486415Z,2025,8,1,65.970100,21.985200,-39.0,0,15.3,1,mainland,0,0,0,0,0,0
2025-08-01T04:00:57.521054Z,2025,8,1,65.967800,21.950800,-7.0,0,6.1,1,mainland,0,0,0,0,0,0
2025-08-01T04:03:30.053538Z,2025,8,1,65.950900,21.942700,-19.0,0,5.8,1,mainland,0,0,0,0,1,1
2025-08-01T04:03:30.115789Z,2025,8,1,65.948600,21.950300,-6.0,0,3.9,1,mainland,0,0,0,1,1,1
2025-08-01T04:03:30.204099Z,2025,8,1,65.950900,21.943100,-27.0,0,13.0,1,mainland,0,0,0,0,1,1
2025-08-01T04:03:30.231810Z,2025,8,1,65.950900,21.941500,-6.0,0,4.6,1,mainland,0,0,0,0,1,1
2025-08-01T04:05:42.938901Z,2025,8,1,65.947600,21.968500,6.0,0,12.8,1,mainland,0,0,0,0,1,1
2025-08-01T04:06:00.038417Z,2025,8,1,65.957800,21.936900,-10.0,0,16.8,1,mainland,0,0,0,0,0,0
2025-08-01T04:06:45.548018Z,2025,8,1,65.407200,21.988900,6.0,0,2.1,1,sea,0,1,1,0,0,0
2025-08-01T04:07:17.977533Z,2025,8,1,65.967100,21.944900,18.0,0,20.6,1,mainland,0,0,0,0,0,0
2025-08-01T04:07:17.982687Z,2025,8,1,66.041200,22.204900,-13.0,0,10.2,1,mainland,0,0,0,0,0,0
2025-08-01T04:07:56.727913Z,2025,8,1,65.962700,21.921200,20.0,0,25.5,1,mainland,0,0,0,0,0,0
2025-08-01T04:08:35.540981Z,2025,8,1,65.955300,21.889000,-15.0,0,27.5,1,mainland,0,0,0,1,1,1
2025-08-01T04:09:14.188761Z,2025,8,1,65.957100,21.923700,18.0,0,15.7,1,mainland,0,0,0,0,0,1
2025-08-01T04:10:23.166508Z,2025,8,1,65.974000,22.082100,8.0,0,30.4,1,mainland,0,0,0,0,0,0
2025-08-01T04:12:01.845641Z,2025,8,1,65.564100,22.079300,-9.0,0,11.4,1,mainland,0,0,0,0,0,0
2025-08-01T04:15:23.340154Z,2025,8,1,65.823200,22.017400,6.0,0,30.4,1,mainland,0,0,0,1,1,1
2025-08-01T04:25:41.389063Z,2025,8,1,65.998700,21.966900,-8.0,0,8.1,1,mainland,0,0,0,0,0,0
2025-08-01T04:28:21.086781Z,2025,8,1,66.034700,21.961200,8.0,0,30.4,1,mainland,0,0,0,0,0,1
2025-08-01T04:39:39.648583Z,2025,8,1,65.930500,22.361400,-5.0,0,12.8,1,mainland,0,0,0,0,0,0
2025-08-01T04:49:43.229242Z,2025,8,1,65.731700,22.262800,5.0,0,1.5,1,inland_water,0,0,0,0,0,0
2025-08-04T13:07:48.013735Z,2025,8,4,65.219600,22.472400,6.0,0,3.7,1,sea,0,0,0,0,0,0
2025-08-04T13:18:16.017814Z,2025,8,4,65.378200,22.635600,6.0,0,8.7,1,sea,0,0,0,0,0,0
2025-08-04T13:18:16.041636Z,2025,8,4,65.368700,22.630500,6.0,0,3.1,1,sea,0,0,0,0,0,0
2025-08-04T13:21:06.617408Z,2025,8,4,65.384800,22.656800,7.0,0,3.6,1,sea,0,0,0,0,0,0
2025-08-04T13:21:06.617784Z,2025,8,4,65.385600,22.676500,5.0,0,30.4,1,sea,0,0,0,0,0,0
2025-08-04T13:21:06.620237Z,2025,8,4,65.388300,22.656900,5.0,0,8.3,1,sea,0,0,0,0,0,0
2025-08-04T13:24:17.413492Z,2025,8,4,65.426300,22.653600,4.0,0,6.3,1,sea,0,0,0,0,0,0
2025-08-04T13:24:17.414600Z,2025,8,4,65.427400,22.701700,4.0,0,16.3,1,sea,0,0,0,0,0,0
2025-08-04T13:29:59.299776Z,2025,8,4,65.450500,22.635700,5.0,0,11.4,1,sea,1,1,1,0,0,0
2025-08-04T13:29:59.306253Z,2025,8,4,65.472300,22.660900,7.0,0,6.1,1,sea,0,1,1,0,0,0
2025-08-04T13:29:59.320333Z,2025,8,4,65.475000,22.721800,3.0,0,3.0,1,islands,1,1,1,0,0,0
2025-08-04T13:32:44.560790Z,2025,8,4,65.516000,22.713900,11.0,0,5.0,1,islands,1,1,1,0,0,0
2025-08-04T13:32:44.561362Z,2025,8,4,65.521000,22.675400,7.0,0,15.5,1,sea,0,0,1,0,0,0
2025-08-04T13:32:44.563125Z,2025,8,4,65.548800,22.796400,5.0,0,1.9,1,sea,1,1,1,0,0,0
2025-08-04T13:32:44.564068Z,2025,8,4,65.510200,22.701800,5.0,0,11.0,1,sea,0,1,1,0,0,0
2025-08-04T13:32:44.570676Z,2025,8,4,65.470000,22.681300,-8.0,0,11.2,1,sea,0,0,1,0,0,0
2025-08-04T13:32:44.572678Z,2025,8,4,65.514900,22.691300,6.0,0,8.6,1,sea,0,1,1,0,0,0
2025-08-04T13:32:44.574643Z,2025,8,4,65.511200,22.686200,7.0,0,18.7,1,sea,1,1,1,0,0,0
2025-08-04T13:50:10.017133Z,2025,8,4,65.096500,22.532000,3.0,0,2.6,1,sea,0,0,0,0,0,0
2025-08-04T13:51:06.080155Z,2025,8,4,65.096400,22.543600,-3.0,0,1.6,1,sea,0,0,0,0,0,0
2025-08-04T13:51:06.090813Z,2025,8,4,65.099100,22.550500,-5.0,0,4.7,1,sea,0,0,0,0,0,0
2025-08-04T13:54:31.210176Z,2025,8,4,65.130700,22.578700,7.0,0,6.3,1,sea,0,0,0,0,0,0
2025-08-04T13:54:31.210594Z,2025,8,4,65.132700,22.546400,12.0,0,19.0,1,sea,0,0,0,0,0,0
2025-08-04T13:54:31.211106Z,2025,8,4,65.119000,22.530300,6.0,0,13.6,1,sea,0,0,0,0,0,0
2025-08-04T13:56:24.642903Z,2025,8,4,65.155600,22.555000,12.0,0,6.1,1,sea,0,0,0,0,0,0
2025-08-04T13:56:24.643225Z,2025,8,4,65.130100,22.536100,6.0,0,0.0,1,sea,0,0,0,0,0,0
2025-08-04T14:04:22.440568Z,2025,8,4,65.227800,22.618900,10.0,0,3.7,1,sea,0,0,0,0,0,0
2025-08-04T14:04:22.453789Z,2025,8,4,65.233200,22.621800,5.0,0,8.8,1,sea,0,0,0,0,0,0
2025-08-04T14:06:14.067510Z,2025,8,4,65.216900,22.635100,-4.0,0,2.7,1,sea,0,0,0,0,0,0
2025-08-04T14:06:14.117449Z,2025,8,4,65.235900,22.632500,-4.0,0,1.8,1,sea,0,0,0,0,0,0
2025-08-04T14:08:21.409003Z,2025,8,4,65.268000,22.657100,8.0,0,4.3,1,sea,0,0,0,0,0,0
2025-08-04T14:08:21.409340Z,2025,8,4,65.267700,22.649700,10.0,0,15.4,1,sea,0,0,0,0,0,0
2025-08-04T14:08:21.410000Z,2025,8,4,65.269500,22.641300,5.0,0,13.6,1,sea,0,0,0,0,0,0
2025-08-04T14:08:21.411131Z,2025,8,4,65.273000,22.634800,5.0,0,2.7,1,sea,0,0,0,0,0,0
2025-08-04T14:11:32.041572Z,2025,8,4,65.307400,22.556800,8.0,0,14.3,1,sea,0,0,0,0,0,0
2025-08-04T14:11:32.042478Z,2025,8,4,65.294500,22.561300,-7.0,0,12.1,1,sea,0,0,0,0,0,0
2025-08-04T14:11:32.047096Z,2025,8,4,65.305700,22.587300,9.0,0,12.2,1,sea,0,0,0,0,0,0
2025-08-04T14:11:32.047104Z,2025,8,4,65.236500,22.617400,9.0,0,13.4,1,sea,0,0,0,0,0,0
2025-08-04T14:11:32.050425Z,2025,8,4,65.287600,22.561200,5.0,0,12.4,1,sea,0,0,0,0,0,0
2025-08-04T14:11:32.054072Z,2025,8,4,65.318300,22.567300,6.0,0,9.3,1,sea,0,0,0,0,0,0
2025-08-04T14:14:15.685742Z,2025,8,4,65.327500,22.590200,8.0,0,15.1,1,sea,0,0,0,0,0,0
2025-08-04T14:20:24.655121Z,2025,8,4,65.345900,22.795100,-9.0,0,10.8,1,sea,0,0,0,0,0,0
2025-08-04T14:22:48.119406Z,2025,8,4,65.363500,22.804400,-11.0,0,4.6,1,sea,0,0,0,0,0,0
2025-08-04T14:22:48.130131Z,2025,8,4,65.364200,22.806900,-6.0,0,17.3,1,sea,0,0,0,0,0,0
2025-08-04T14:22:48.146303Z,2025,8,4,65.354400,22.775100,-4.0,0,3.1,1,sea,0,0,0,0,0,0
2025-08-04T14:22:48.191064Z,2025,8,4,65.367300,22.819400,-7.0,0,2.6,1,sea,0,0,0,0,0,0
2025-08-04T14:24:28.957407Z,2025,8,4,65.370100,22.765800,-4.0,0,3.0,1,sea,0,0,0,0,0,0
2025-08-04T14:26:18.081302Z,2025,8,4,65.386300,22.849900,-3.0,0,2.1,1,sea,0,0,0,0,0,0
2025-08-04T14:26:18.104605Z,2025,8,4,65.387100,22.797500,-5.0,0,3.3,1,sea,0,0,0,0,0,0
2025-08-04T14:28:35.655843Z,2025,8,4,65.400400,22.815400,-5.0,0,1.9,1,sea,0,0,0,0,0,0
2025-08-04T14:33:01.225417Z,2025,8,4,65.456100,22.868600,9.0,0,6.2,1,sea,0,0,0,0,0,0
2025-08-04T14:33:01.226301Z,2025,8,4,65.402900,22.954400,7.0,0,30.4,1,sea,0,0,0,0,0,0
2025-08-04T14:33:01.226317Z,2025,8,4,65.453500,22.866400,-10.0,0,11.3,1,sea,0,0,0,0,0,0
2025-08-04T14:33:01.230365Z,2025,8,4,65.460000,22.851600,5.0,0,8.1,1,sea,0,0,0,0,0,0
2025-08-04T14:33:01.232973Z,2025,8,4,65.456200,22.858500,4.0,0,6.1,1,sea,0,0,0,0,0,0
2025-08-04T14:33:01.236023Z,2025,8,4,65.455700,22.860500,6.0,0,16.7,1,sea,0,0,0,0,0,0
2025-08-04T21:53:37.961290Z,2025,8,4,65.803600,22.429900,7.0,0,1.7,1,sea,0,0,1,0,0,0
2025-08-05T11:04:13.747942Z,2025,8,5,65.772700,22.472300,5.0,0,4.6,1,sea,1,1,1,0,0,0
2025-08-05T11:06:51.405241Z,2025,8,5,65.773200,22.431900,8.0,0,9.8,1,sea,0,0,0,0,0,0
2025-08-05T11:06:51.412468Z,2025,8,5,65.774900,22.436500,14.0,0,9.4,1,sea,0,0,0,0,0,0
2025-08-05T11:06:51.416772Z,2025,8,5,65.775900,22.432800,5.0,0,30.2,1,sea,0,0,0,0,0,0
2025-08-05T11:07:59.411821Z,2025,8,5,65.787100,22.448200,-52.0,0,10.3,1,sea,0,0,0,0,0,0
2025-08-05T11:07:59.471269Z,2025,8,5,65.767800,22.435400,-9.0,0,3.0,1,sea,0,0,0,0,0,0
2025-08-05T11:07:59.472225Z,2025,8,5,65.802300,22.419500,-7.0,0,7.5,1,sea,0,0,1,0,0,0
2025-08-05T11:07:59.486704Z,2025,8,5,65.776600,22.403100,-8.0,0,3.3,1,sea,0,0,1,0,0,0
2025-08-05T11:11:25.838211Z,2025,8,5,65.816800,22.426200,-93.0,0,10.8,1,sea,0,1,1,0,0,0
2025-08-05T11:11:25.860520Z,2025,8,5,65.813900,22.465900,-24.0,0,10.4,1,sea,1,1,1,0,0,0
2025-08-05T11:11:25.888790Z,2025,8,5,65.812500,22.405200,-16.0,0,3.9,1,sea,0,0,1,0,0,0
2025-08-05T11:11:54.053853Z,2025,8,5,65.822600,22.384900,13.0,0,8.3,1,islands,1,1,1,0,0,0
2025-08-05T11:13:13.560028Z,2025,8,5,65.835300,22.426700,7.0,0,0.0,1,sea,0,0,1,0,0,0
2025-08-05T11:13:13.560287Z,2025,8,5,65.835600,22.423600,10.0,0,0.0,1,sea,0,0,0,0,0,0
2025-08-05T11:13:13.560502Z,2025,8,5,65.835200,22.502100,11.0,0,29.6,1,mainland,0,0,1,0,0,0
2025-08-05T11:13:13.560893Z,2025,8,5,65.892600,22.543400,6.0,0,21.8,1,mainland,0,0,0,0,0,0
2025-08-05T11:13:13.575641Z,2025,8,5,65.836600,22.443000,6.0,0,7.0,1,sea,0,0,1,0,0,0
2025-08-05T11:14:28.456715Z,2025,8,5,65.854700,22.426900,12.0,0,6.4,1,sea,0,1,1,0,0,0
2025-08-05T11:14:28.457127Z,2025,8,5,65.856400,22.422700,9.0,0,11.2,1,sea,1,1,1,0,0,0
2025-08-05T11:14:28.457784Z,2025,8,5,65.848900,22.441200,8.0,0,0.0,1,sea,0,1,1,0,0,0
2025-08-05T11:14:28.458093Z,2025,8,5,65.852300,22.430300,14.0,0,23.6,1,sea,0,1,1,0,0,0
2025-08-05T11:14:28.458994Z,2025,8,5,65.849700,22.435500,14.0,0,25.4,1,sea,0,0,1,0,0,0
2025-08-05T11:14:28.459393Z,2025,8,5,65.860200,22.417100,6.0,0,0.0,1,sea,1,1,1,0,0,0
2025-08-05T11:14:28.669912Z,2025,8,5,65.908800,22.516400,-7.0,0,3.9,1,mainland,0,0,0,0,0,0
2025-08-05T11:16:21.007748Z,2025,8,5,65.876600,22.102900,-8.0,0,9.8,1,mainland,0,0,0,0,0,0
2025-08-05T11:16:21.008417Z,2025,8,5,65.876300,22.426100,-8.0,0,14.0,1,mainland,0,0,0,0,0,0
2025-08-05T11:16:21.008872Z,2025,8,5,65.866500,22.420200,11.0,0,11.8,1,mainland,0,1,1,0,0,0
2025-08-05T11:16:21.159722Z,2025,8,5,65.864700,22.554400,-6.0,0,3.3,1,mainland,0,0,0,0,0,0
2025-08-05T11:23:36.657688Z,2025,8,5,65.899900,22.279100,-8.0,0,8.3,1,inland_water,0,0,0,0,0,0
2025-08-05T11:23:36.657986Z,2025,8,5,65.897800,22.285000,-8.0,0,0.0,1,mainland,0,0,0,0,0,0
2025-08-05T11:23:36.659788Z,2025,8,5,65.901100,22.261500,-73.0,0,19.7,1,mainland,0,0,0,0,0,0
2025-08-05T11:23:36.682868Z,2025,8,5,65.905100,22.276900,-17.0,0,5.8,1,inland_water,0,0,0,0,0,0
2025-08-05T11:26:10.820545Z,2025,8,5,65.992500,22.189300,-12.0,0,5.4,1,mainland,0,0,0,0,0,0
2025-08-05T11:26:11.014720Z,2025,8,5,65.979000,22.155800,-27.0,0,7.2,1,mainland,0,0,0,0,0,0
2025-08-05T11:26:11.029693Z,2025,8,5,65.990600,22.215000,-7.0,0,5.7,1,mainland,0,0,0,0,0,0
2025-08-05T11:30:58.677937Z,2025,8,5,66.082100,22.122100,-8.0,0,5.2,1,mainland,0,0,0,0,0,0
2025-08-05T11:34:38.093402Z,2025,8,5,66.117400,22.076000,-23.0,0,12.2,1,mainland,0,0,0,0,0,1
2025-08-05T11:34:38.093973Z,2025,8,5,66.116200,22.065800,-5.0,0,0.0,1,mainland,0,0,0,0,0,1
2025-08-05T11:34:38.100399Z,2025,8,5,66.117700,22.103600,-5.0,0,4.3,1,mainland,0,0,0,0,0,0
2025-08-05T11:42:39.586154Z,2025,8,5,66.024600,22.223600,6.0,0,15.0,1,mainland,0,0,0,0,0,0
2025-08-05T11:45:44.673941Z,2025,8,5,66.061700,22.182900,6.0,0,8.9,1,mainland,0,0,0,0,0,0
2025-08-05T12:07:28.102134Z,2025,8,5,65.239200,23.004000,-6.0,0,14.9,1,sea,0,0,0,0,0,0
2025-08-05T12:16:05.642420Z,2025,8,5,65.293000,22.954900,8.0,0,6.9,1,sea,0,0,0,0,0,0
2025-08-05T12:21:07.547678Z,2025,8,5,65.291400,23.076700,25.0,0,21.0,1,sea,0,0,0,0,0,0
2025-08-05T12:21:07.554515Z,2025,8,5,65.294600,23.046500,-3.0,0,2.0,1,sea,0,0,0,0,0,0
2025-08-05T12:21:07.575838Z,2025,8,5,65.294900,23.046700,-5.0,0,2.0,1,sea,0,0,0,0,0,0
2025-08-05T13:35:23.565083Z,2025,8,5,65.085600,22.711200,4.0,0,8.8,1,sea,0,0,0,0,0,0
2025-08-05T13:46:47.327361Z,2025,8,5,65.160400,22.913800,3.0,0,1.1,1,sea,0,0,0,0,0,0
2025-08-05T13:48:20.241926Z,2025,8,5,65.142800,22.922500,5.0,0,2.6,1,sea,0,0,0,0,0,0
2025-08-05T13:50:28.339457Z,2025,8,5,65.151700,22.931200,14.0,0,12.2,1,sea,0,0,0,0,0,0
2025-08-05T13:50:28.340167Z,2025,8,5,65.149000,22.911300,13.0,0,17.6,1,sea,0,0,0,0,0,0
2025-08-05T13:50:28.341214Z,2025,8,5,65.153900,22.932900,19.0,0,11.4,1,sea,0,0,0,0,0,0
2025-08-05T13:50:28.342025Z,2025,8,5,65.146200,22.935200,5.0,0,3.0,1,sea,0,0,0,0,0,0
2025-08-05T13:50:28.356731Z,2025,8,5,65.147300,22.942600,7.0,0,7.9,1,sea,0,0,0,0,0,0
2025-08-05T13:51:31.884424Z,2025,8,5,65.176300,22.939700,5.0,0,4.7,1,sea,0,0,0,0,0,0
2025-08-05T13:52:01.667243Z,2025,8,5,65.182300,22.984600,-4.0,0,1.9,1,sea,0,0,0,0,0,0
2025-08-05T13:52:01.720017Z,2025,8,5,65.185500,22.942800,-9.0,0,4.8,1,sea,0,0,0,0,0,0
2025-08-05T13:52:01.928881Z,2025,8,5,65.182800,22.944300,-5.0,0,5.1,1,sea,0,0,0,0,0,0
2025-08-05T13:52:02.082089Z,2025,8,5,65.185300,22.942600,-8.0,0,2.1,1,sea,0,0,0,0,0,0
2025-08-05T13:53:14.139765Z,2025,8,5,65.174400,22.987100,3.0,0,4.4,1,sea,0,0,0,0,0,0
2025-08-05T13:53:56.920292Z,2025,8,5,65.196700,22.742700,-7.0,0,10.3,1,sea,0,0,0,0,0,0
2025-08-05T13:53:56.939969Z,2025,8,5,65.204700,22.890400,5.0,0,5.7,1,sea,0,0,0,0,0,0
2025-08-05T13:53:56.954036Z,2025,8,5,65.186200,22.768400,3.0,0,3.1,1,sea,0,0,0,0,0,0
2025-08-05T13:54:31.215931Z,2025,8,5,65.222500,22.949000,4.0,0,5.6,1,sea,0,0,0,0,0,0
2025-08-05T13:54:48.032519Z,2025,8,5,65.210000,22.945600,-3.0,0,1.1,1,sea,0,0,0,0,0,0
2025-08-05T13:54:48.063961Z,2025,8,5,65.210200,22.944900,-4.0,0,2.2,1,sea,0,0,0,0,0,0
2025-08-05T13:56:18.467114Z,2025,8,5,65.248100,22.976900,-17.0,0,3.9,1,sea,0,0,0,0,0,0
2025-08-05T13:56:18.467920Z,2025,8,5,65.226900,22.955000,-4.0,0,1.7,1,sea,0,0,0,0,0,0
2025-08-05T13:56:18.490635Z,2025,8,5,65.224600,22.983800,-4.0,0,1.9,1,sea,0,0,0,0,0,0
2025-08-05T13:57:12.324463Z,2025,8,5,65.225900,22.944500,-11.0,0,3.5,1,sea,0,0,0,0,0,0
2025-08-05T13:57:12.342453Z,2025,8,5,65.232200,22.925700,-9.0,0,2.5,1,sea,0,0,0,0,0,0
2025-08-05T13:58:07.361598Z,2025,8,5,65.173800,22.948300,11.0,0,12.8,1,sea,0,0,0,0,0,0
2025-08-05T13:58:07.361598Z,2025,8,5,65.177500,22.952900,10.0,0,9.3,1,sea,0,0,0,0,0,0
2025-08-05T13:58:07.362276Z,2025,8,5,65.171800,22.949100,5.0,0,14.5,1,sea,0,0,0,0,0,0
2025-08-05T13:58:07.792453Z,2025,8,5,65.201100,22.814800,-16.0,0,4.6,1,sea,0,0,0,0,0,0
2025-08-05T13:58:07.825899Z,2025,8,5,65.200100,22.814400,-8.0,0,3.0,1,sea,0,0,0,0,0,0
2025-08-05T13:58:07.927418Z,2025,8,5,65.200300,22.813600,-9.0,0,2.7,1,sea,0,0,0,0,0,0
2025-08-05T13:58:07.965708Z,2025,8,5,65.200700,22.811400,-9.0,0,2.4,1,sea,0,0,0,0,0,0
2025-08-05T13:59:18.215419Z,2025,8,5,65.250900,22.906100,4.0,0,2.9,1,sea,0,0,0,0,0,0
2025-08-05T13:59:18.219795Z,2025,8,5,65.289100,22.878200,9.0,0,10.7,1,sea,0,0,0,0,0,0
2025-08-05T13:59:18.219801Z,2025,8,5,65.249400,22.918300,8.0,0,9.2,1,sea,0,0,0,0,0,0
2025-08-05T13:59:18.220502Z,2025,8,5,65.257200,22.902100,6.0,0,14.1,1,sea,0,0,0,0,0,0
2025-08-05T14:00:27.072899Z,2025,8,5,65.220600,22.963300,5.0,0,2.4,1,sea,0,0,0,0,0,0
2025-08-05T14:00:27.073567Z,2025,8,5,65.225500,22.946000,7.0,0,13.0,1,sea,0,0,0,0,0,0
2025-08-05T14:00:27.074264Z,2025,8,5,65.219800,22.963500,6.0,0,8.1,1,sea,0,0,0,0,0,0
2025-08-05T14:02:51.211220Z,2025,8,5,65.295600,22.928800,-9.0,0,3.7,1,sea,0,0,0,0,0,0
2025-08-05T14:02:51.231119Z,2025,8,5,65.292400,22.907700,-6.0,0,4.9,1,sea,0,0,0,0,0,0
2025-08-05T14:02:51.270786Z,2025,8,5,65.284200,22.856300,5.0,0,9.4,1,sea,0,0,0,0,0,0
2025-08-05T14:04:16.070924Z,2025,8,5,65.234900,22.945200,9.0,0,1.9,1,sea,0,0,0,0,0,0
2025-08-05T14:04:16.072029Z,2025,8,5,65.235400,22.928500,5.0,0,8.6,1,sea,0,0,0,0,0,0
2025-08-05T14:05:45.489891Z,2025,8,5,65.256200,22.921300,7.0,0,6.0,1,sea,0,0,0,0,0,0
2025-08-05T14:08:37.476786Z,2025,8,5,65.242100,22.879500,9.0,0,0.0,1,sea,0,0,0,0,0,0
2025-08-05T14:08:37.476926Z,2025,8,5,65.254000,22.890400,15.0,0,9.8,1,sea,0,0,0,0,0,0
2025-08-05T14:08:37.477437Z,2025,8,5,65.256400,22.893100,10.0,0,2.7,1,sea,0,0,0,0,0,0
2025-08-05T14:08:37.478084Z,2025,8,5,65.267300,22.877600,11.0,0,17.5,1,sea,0,0,0,0,0,0
2025-08-05T14:09:50.432937Z,2025,8,5,65.364400,22.848600,8.0,0,9.5,1,sea,0,0,0,0,0,0
2025-08-05T14:09:50.826809Z,2025,8,5,65.312700,22.763000,3.0,0,6.3,1,sea,0,0,0,0,0,0
2025-08-05T14:12:51.712360Z,2025,8,5,65.291000,22.844900,33.0,0,9.1,1,sea,0,0,0,0,0,0
2025-08-05T14:12:51.712643Z,2025,8,5,65.292000,22.843000,23.0,0,13.5,1,sea,0,0,0,0,0,0
2025-08-05T14:12:51.712655Z,2025,8,5,65.281500,22.856900,19.0,0,0.0,1,sea,0,0,0,0,0,0
2025-08-05T14:12:51.725962Z,2025,8,5,65.291100,22.857300,4.0,0,10.0,1,sea,0,0,0,0,0,0
2025-08-05T14:14:26.796948Z,2025,8,5,65.177600,22.899200,-14.0,0,3.1,1,sea,0,0,0,0,0,0
2025-08-05T14:14:26.796999Z,2025,8,5,65.179400,22.895500,-7.0,0,0.0,1,sea,0,0,0,0,0,0
2025-08-05T14:14:26.797073Z,2025,8,5,65.180200,22.895500,-13.0,0,0.0,1,sea,0,0,0,0,0,0
2025-08-05T14:14:26.801845Z,2025,8,5,65.195100,22.923400,-22.0,0,5.8,1,sea,0,0,0,0,0,0
2025-08-05T14:14:26.814482Z,2025,8,5,65.200100,22.907200,-4.0,0,2.6,1,sea,0,0,0,0,0,0
2025-08-05T14:16:37.982681Z,2025,8,5,65.175500,22.982400,5.0,0,5.2,1,sea,0,0,0,0,0,0
2025-08-05T14:16:38.211058Z,2025,8,5,65.182700,22.988900,-4.0,0,17.9,1,sea,0,0,0,0,0,0
2025-08-05T14:18:14.701083Z,2025,8,5,65.337900,22.852600,8.0,0,8.8,1,sea,0,0,0,0,0,0
2025-08-05T14:32:17.043591Z,2025,8,5,65.575000,22.775200,76.0,0,30.4,1,sea,0,0,1,0,0,0
2025-08-05T14:32:17.051197Z,2025,8,5,65.579100,22.671200,4.0,0,8.3,1,sea,0,0,1,0,0,0
2025-08-05T14:32:17.198456Z,2025,8,5,65.606200,22.297700,7.0,0,2.6,1,mainland,0,1,1,0,0,0
2025-08-05T14:32:17.243792Z,2025,8,5,65.566200,22.262700,-4.0,0,2.2,1,sea,1,1,1,0,0,0
2025-08-05T14:33:22.727083Z,2025,8,5,65.552100,22.716900,-4.0,0,1.5,1,sea,0,0,1,0,0,0
2025-08-05T14:36:19.004947Z,2025,8,5,65.566700,22.678900,49.0,0,14.5,1,sea,0,1,1,0,0,0
2025-08-05T14:37:02.311234Z,2025,8,5,65.308900,23.077900,-7.0,0,0.0,1,sea,0,0,0,0,0,0
2025-08-05T14:37:02.583829Z,2025,8,5,65.319700,23.059100,52.0,0,30.4,1,sea,0,0,0,0,0,0
2025-08-05T14:39:18.018407Z,2025,8,5,65.305000,23.057500,11.0,0,4.3,1,sea,0,0,0,0,0,0
2025-08-05T14:40:51.974077Z,2025,8,5,65.336000,23.023800,-5.0,0,4.5,1,sea,0,0,0,0,0,0
2025-08-05T14:40:51.989678Z,2025,8,5,65.327200,23.064500,-4.0,0,14.4,1,sea,0,0,0,0,0,0
2025-08-05T14:40:52.009758Z,2025,8,5,65.322500,23.050900,-6.0,0,2.3,1,sea,0,0,0,0,0,0
2025-08-05T14:42:13.089139Z,2025,8,5,65.333000,23.025600,-9.0,0,4.4,1,sea,0,0,0,0,0,0
2025-08-05T14:42:13.106411Z,2025,8,5,65.346400,22.965600,-7.0,0,3.7,1,sea,0,0,0,0,0,0
2025-08-05T14:42:13.264500Z,2025,8,5,65.346200,22.964700,7.0,0,2.6,1,sea,0,0,0,0,0,0
2025-08-05T14:44:20.001942Z,2025,8,5,65.362900,22.999000,7.0,0,12.0,1,sea,0,0,0,0,0,0
2025-08-05T14:44:20.004435Z,2025,8,5,65.371300,22.964000,7.0,0,16.0,1,sea,0,0,0,0,0,0
2025-08-05T14:45:54.295090Z,2025,8,5,65.375200,22.980800,4.0,0,4.1,1,sea,0,0,0,0,0,0
2025-08-05T14:49:20.773674Z,2025,8,5,65.393100,22.934100,-10.0,0,4.8,1,sea,0,0,0,0,0,0
2025-08-05T14:49:20.780270Z,2025,8,5,65.398800,22.944000,-36.0,0,6.7,1,sea,0,0,0,0,0,0
2025-08-05T14:49:20.797129Z,2025,8,5,65.381400,22.990900,-12.0,0,3.7,1,sea,0,0,0,0,0,0
2025-08-05T14:49:20.818388Z,2025,8,5,65.405200,22.902900,-7.0,0,4.3,1,sea,0,0,0,0,0,0
2025-08-05T14:51:04.726340Z,2025,8,5,65.409500,22.911100,-10.0,0,0.0,1,sea,0,0,0,0,0,0
2025-08-05T14:51:04.726597Z,2025,8,5,65.408200,22.921900,-10.0,0,3.2,1,sea,0,0,0,0,0,0
2025-08-05T14:51:04.738253Z,2025,8,5,65.417300,22.919200,-11.0,0,4.3,1,sea,0,0,0,0,0,0
2025-08-05T14:51:04.882809Z,2025,8,5,65.406600,22.996400,8.0,0,23.2,1,sea,0,0,0,0,0,0
2025-08-05T14:51:04.897740Z,2025,8,5,65.414000,22.918300,8.0,0,3.6,1,sea,0,0,0,0,0,0
2025-08-05T14:51:48.871021Z,2025,8,5,65.690500,22.755100,5.0,0,4.9,1,sea,0,0,0,0,0,1
2025-08-05T14:51:48.871695Z,2025,8,5,65.694200,22.756700,5.0,0,4.1,1,sea,0,0,0,0,1,1
2025-08-05T14:53:27.835362Z,2025,8,5,65.440900,22.840700,9.0,0,8.6,1,sea,0,0,0,0,0,0
2025-08-05T14:53:27.836991Z,2025,8,5,65.439000,22.892500,-14.0,0,19.8,1,sea,0,0,0,0,0,0
2025-08-05T14:53:27.842844Z,2025,8,5,65.445700,22.837500,5.0,0,5.5,1,sea,0,0,0,0,0,0
2025-08-05T14:53:27.845904Z,2025,8,5,65.444700,22.839800,7.0,0,15.1,1,sea,0,0,0,0,0,0
2025-08-05T14:55:49.139495Z,2025,8,5,65.462900,22.801400,6.0,0,5.8,1,sea,0,0,0,0,0,0
2025-08-05T14:55:49.140992Z,2025,8,5,65.463700,22.779700,6.0,0,8.5,1,sea,0,0,1,0,0,0
2025-08-05T14:55:49.142214Z,2025,8,5,65.444200,22.593900,5.0,0,7.0,1,sea,0,1,1,0,0,0
2025-08-05T14:55:49.151856Z,2025,8,5,65.466600,22.800400,9.0,0,17.4,1,sea,0,0,0,0,0,0
2025-08-05T14:57:18.113782Z,2025,8,5,65.724300,22.691600,-10.0,0,30.4,1,sea,0,1,1,0,0,1
2025-08-05T14:58:15.784062Z,2025,8,5,65.682100,22.752500,4.0,0,2.9,1,sea,0,0,0,0,0,0
2025-08-05T14:59:14.165393Z,2025,8,5,65.694900,22.739400,-4.0,0,1.5,1,sea,0,0,1,0,0,1
2025-08-05T15:00:01.904892Z,2025,8,5,65.179400,22.692900,-7.0,0,6.1,1,sea,0,0,0,0,0,0
2025-08-05T15:00:01.915419Z,2025,8,5,65.170500,22.698800,-12.0,0,3.3,1,sea,0,0,0,0,0,0
2025-08-05T15:00:01.929452Z,2025,8,5,65.167500,22.703400,-3.0,0,3.2,1,sea,0,0,0,0,0,0
2025-08-05T15:00:01.949880Z,2025,8,5,65.154600,22.758800,-8.0,0,3.6,1,sea,0,0,0,0,0,0
2025-08-05T15:00:34.010080Z,2025,8,5,65.774200,22.605500,-10.0,0,4.9,1,islands,1,1,1,0,0,0
2025-08-05T15:00:34.026794Z,2025,8,5,65.757900,22.609100,-7.0,0,3.5,1,sea,0,0,0,0,1,1
2025-08-05T15:00:38.026519Z,2025,8,5,65.593000,21.652000,-8.0,0,5.8,1,mainland,0,0,0,0,0,0
2025-08-05T15:00:38.038871Z,2025,8,5,65.515300,21.698400,-6.0,0,4.5,1,mainland,0,0,0,0,0,0
2025-08-05T15:02:13.443044Z,2025,8,5,65.186300,22.699200,4.0,0,2.6,1,sea,0,0,0,0,0,0
2025-08-05T15:02:13.446473Z,2025,8,5,65.188800,22.686200,6.0,0,6.7,1,sea,0,0,0,0,0,0
2025-08-05T15:02:13.449282Z,2025,8,5,65.192200,22.673500,5.0,0,2.4,1,sea,0,0,0,0,0,0
2025-08-05T15:03:04.833849Z,2025,8,5,65.536900,22.771200,7.0,0,11.7,1,sea,0,1,1,0,0,0
2025-08-05T15:03:04.834182Z,2025,8,5,65.534900,22.772400,9.0,0,6.4,1,sea,0,0,1,0,0,0
2025-08-05T15:03:04.835184Z,2025,8,5,65.530600,22.749300,7.0,0,22.3,1,sea,0,0,0,0,0,0
2025-08-05T15:03:04.848542Z,2025,8,5,65.494800,22.805500,6.0,0,14.3,1,sea,0,0,1,0,0,0
2025-08-05T15:03:04.853531Z,2025,8,5,65.523600,22.785800,20.0,0,28.6,1,sea,0,1,1,0,0,0
2025-08-05T15:05:43.413825Z,2025,8,5,65.205200,22.687400,5.0,0,9.2,1,sea,0,0,0,0,0,0
2025-08-05T15:05:43.416358Z,2025,8,5,65.209200,22.683700,5.0,0,14.5,1,sea,0,0,0,0,0,0
2025-08-05T15:05:43.417767Z,2025,8,5,65.213200,22.757600,5.0,0,6.2,1,sea,0,0,0,0,0,0
2025-08-05T15:05:43.433076Z,2025,8,5,65.215900,22.671000,5.0,0,3.7,1,sea,0,0,0,0,0,0
2025-08-05T15:05:43.518106Z,2025,8,5,65.195800,22.777700,-11.0,0,4.2,1,sea,0,0,0,0,0,0
2025-08-05T15:07:13.118771Z,2025,8,5,65.567400,21.964000,-10.0,0,9.5,1,mainland,0,0,0,0,0,0
2025-08-05T15:07:42.429113Z,2025,8,5,65.642100,21.475100,6.0,0,4.2,1,mainland,0,0,0,0,0,0
2025-08-05T15:08:23.871034Z,2025,8,5,65.240900,22.648100,6.0,0,10.5,1,sea,0,0,0,0,0,0
2025-08-05T15:08:23.871052Z,2025,8,5,65.225100,22.694400,7.0,0,0.0,1,sea,0,0,0,0,0,0
2025-08-05T15:08:23.871574Z,2025,8,5,65.242500,22.617100,8.0,0,15.7,1,sea,0,0,0,0,0,0
2025-08-05T15:08:23.872030Z,2025,8,5,65.240600,22.640900,5.0,0,11.7,1,sea,0,0,0,0,0,0
2025-08-05T15:08:23.882241Z,2025,8,5,65.238000,22.650800,11.0,0,30.4,1,sea,0,0,0,0,0,0
2025-08-05T15:10:20.850972Z,2025,8,5,65.252200,22.646100,6.0,0,11.8,1,sea,0,0,0,0,0,0
2025-08-05T15:10:20.852698Z,2025,8,5,65.267800,22.626100,5.0,0,12.4,1,sea,0,0,0,0,0,0
2025-08-05T15:10:20.863161Z,2025,8,5,65.259100,22.649300,9.0,0,14.7,1,sea,0,0,0,0,0,0
2025-08-05T15:10:20.873030Z,2025,8,5,65.264000,22.654400,5.0,0,5.6,1,sea,0,0,0,0,0,0
2025-08-05T15:12:10.411996Z,2025,8,5,65.552900,22.899500,-10.0,0,11.8,1,sea,0,0,0,0,0,0
2025-08-05T15:12:10.412584Z,2025,8,5,65.567000,22.891200,11.0,0,3.8,1,sea,0,0,0,0,0,0
2025-08-05T15:12:10.428917Z,2025,8,5,65.553300,22.874900,13.0,0,15.5,1,sea,0,0,0,0,0,0
2025-08-05T15:12:10.517183Z,2025,8,5,65.519900,22.880800,13.0,0,7.0,1,sea,0,0,0,0,0,0
2025-08-05T15:12:38.760072Z,2025,8,5,65.290700,22.693100,6.0,0,3.1,1,sea,0,0,0,0,0,0
2025-08-05T15:12:38.760767Z,2025,8,5,65.290100,22.692000,4.0,0,2.7,1,sea,0,0,0,0,0,0
2025-08-05T15:12:38.772293Z,2025,8,5,65.296000,22.688400,4.0,0,16.9,1,sea,0,0,0,0,0,0
2025-08-05T15:12:38.772739Z,2025,8,5,65.293800,22.686700,7.0,0,26.5,1,sea,0,0,0,0,0,0
2025-08-05T15:12:38.911320Z,2025,8,5,65.230700,22.718500,-11.0,0,3.7,1,sea,0,0,0,0,0,0
2025-08-05T15:13:10.869710Z,2025,8,5,65.579300,22.869300,13.0,0,5.5,1,sea,0,0,0,0,0,0
2025-08-05T15:15:12.605252Z,2025,8,5,65.321500,22.597200,10.0,0,13.1,1,sea,0,0,0,0,0,0
2025-08-05T15:15:12.612083Z,2025,8,5,65.252500,22.739800,4.0,0,20.0,1,sea,0,0,0,0,0,0
2025-08-05T15:15:12.616983Z,2025,8,5,65.307900,22.628500,5.0,0,5.7,1,sea,0,0,0,0,0,0
2025-08-05T15:18:11.299598Z,2025,8,5,65.325700,22.656800,8.0,0,9.1,1,sea,0,0,0,0,0,0
2025-08-05T15:19:24.146520Z,2025,8,5,65.632000,22.780200,14.0,0,7.4,1,sea,0,0,1,0,0,0
2025-08-05T15:19:24.146867Z,2025,8,5,65.602400,22.837300,9.0,0,19.2,1,sea,0,0,0,0,0,0
2025-08-05T15:19:24.161021Z,2025,8,5,65.614700,22.792400,7.0,0,6.9,1,sea,0,0,0,0,0,0
2025-08-06T04:15:15.141912Z,2025,8,6,65.276000,22.749600,7.0,0,6.2,1,sea,0,0,0,0,0,0
2025-08-06T04:15:15.142573Z,2025,8,6,65.279000,22.749800,6.0,0,2.7,1,sea,0,0,0,0,0,0
2025-08-06T04:15:15.143682Z,2025,8,6,65.279100,22.739200,6.0,0,2.9,1,sea,0,0,0,0,0,0
2025-08-06T04:15:15.213307Z,2025,8,6,65.252100,22.634200,-11.0,0,3.9,1,sea,0,0,0,0,0,0
2025-08-06T04:21:54.840401Z,2025,8,6,65.302900,22.761100,11.0,0,4.3,1,sea,0,0,0,0,0,0
2025-08-06T04:21:54.955523Z,2025,8,6,65.271400,22.712300,-21.0,0,4.2,1,sea,0,0,0,0,0,0
2025-08-06T04:23:46.567992Z,2025,8,6,65.332800,22.768300,3.0,0,8.6,1,sea,0,0,0,0,0,0
2025-08-06T04:41:10.375454Z,2025,8,6,65.303300,22.977300,4.0,0,19.4,1,sea,0,0,0,0,0,0
2025-08-06T04:41:10.376477Z,2025,8,6,65.287400,22.915600,6.0,0,2.0,1,sea,0,0,0,0,0,0
2025-08-06T04:41:10.389920Z,2025,8,6,65.285600,22.925200,19.0,0,19.2,1,sea,0,0,0,0,0,0
2025-08-06T04:41:10.457419Z,2025,8,6,65.285100,23.003800,-12.0,0,5.5,1,sea,0,0,0,0,0,0
2025-08-06T04:41:10.458321Z,2025,8,6,65.275000,23.000700,-5.0,0,2.4,1,sea,0,0,0,0,0,0
2025-08-06T04:42:32.864368Z,2025,8,6,65.396100,22.678200,5.0,0,8.1,1,sea,0,0,0,0,0,0
2025-08-06T04:42:32.969771Z,2025,8,6,65.437800,22.900600,-11.0,0,4.5,1,sea,0,0,0,0,0,0
2025-08-06T04:42:49.064620Z,2025,8,6,65.308000,22.850600,-2.0,0,4.4,1,sea,0,0,0,0,0,0
2025-08-06T04:42:49.066633Z,2025,8,6,65.304100,22.920700,6.0,0,11.0,1,sea,0,0,0,0,0,0
2025-08-06T04:45:45.224054Z,2025,8,6,65.318000,22.977200,7.0,0,7.2,1,sea,0,0,0,0,0,0
2025-08-06T04:45:45.224448Z,2025,8,6,65.272300,23.057800,5.0,0,15.4,1,sea,0,0,0,0,0,0
2025-08-06T04:45:45.228751Z,2025,8,6,65.317500,22.996300,4.0,0,5.5,1,sea,0,0,0,0,0,0
2025-08-06T04:45:45.246353Z,2025,8,6,65.321000,22.887000,-4.0,0,14.1,1,sea,0,0,0,0,0,0
2025-08-06T04:45:45.256243Z,2025,8,6,65.315100,22.928800,6.0,0,14.2,1,sea,0,0,0,0,0,0
2025-08-06T04:45:45.349952Z,2025,8,6,65.259200,23.020600,-19.0,0,8.2,1,sea,0,0,0,0,0,0
2025-08-06T04:47:34.765071Z,2025,8,6,65.382100,22.966500,5.0,0,9.8,1,sea,0,0,0,0,0,0
2025-08-06T04:47:34.808827Z,2025,8,6,65.336300,22.914100,-6.0,0,7.5,1,sea,0,0,0,0,0,0
2025-08-06T04:50:32.705667Z,2025,8,6,65.349000,22.960200,7.0,0,0.0,1,sea,0,0,0,0,0,0
2025-08-06T04:50:32.705876Z,2025,8,6,65.351800,22.965900,11.0,0,6.5,1,sea,0,0,0,0,0,0
2025-08-06T04:50:32.855255Z,2025,8,6,65.292800,22.800900,-28.0,0,10.4,1,sea,0,0,0,0,0,0
2025-08-06T04:52:40.941835Z,2025,8,6,65.376900,22.935800,12.0,0,9.7,1,sea,0,0,0,0,0,0
2025-08-06T04:52:41.138452Z,2025,8,6,65.348500,23.026900,-12.0,0,4.6,1,sea,0,0,0,0,0,0
2025-08-06T04:54:30.699513Z,2025,8,6,65.384300,22.921800,13.0,0,15.7,1,sea,0,0,0,0,0,0
2025-08-06T04:54:30.699948Z,2025,8,6,65.384300,22.921100,-6.0,0,17.6,1,sea,0,0,0,0,0,0
2025-08-06T04:54:30.700733Z,2025,8,6,65.394700,22.912600,7.0,0,30.4,1,sea,0,0,0,0,0,0
2025-08-06T04:54:30.866768Z,2025,8,6,65.430700,22.981400,-13.0,0,5.7,1,sea,0,0,0,0,0,0
2025-08-06T04:54:30.876600Z,2025,8,6,65.381300,22.969700,-6.0,0,2.9,1,sea,0,0,0,0,0,0
2025-08-06T05:10:57.063260Z,2025,8,6,65.518800,22.916900,4.0,0,2.7,1,sea,0,0,0,0,0,0
2025-08-06T05:10:57.064482Z,2025,8,6,65.519000,22.900600,13.0,0,14.2,1,sea,0,0,0,0,0,0
2025-08-06T05:17:39.952727Z,2025,8,6,65.338100,22.612100,6.0,0,11.1,1,sea,0,0,0,0,0,0
2025-08-06T05:17:39.953003Z,2025,8,6,65.365600,22.554300,8.0,0,10.8,1,sea,0,0,0,0,0,0
2025-08-06T05:18:29.440626Z,2025,8,6,65.401800,22.154600,5.0,0,4.3,1,sea,0,1,1,0,0,0
2025-08-06T05:24:58.200423Z,2025,8,6,65.487000,22.979000,4.0,0,11.1,1,sea,0,0,0,0,0,1
2025-08-06T05:24:58.207394Z,2025,8,6,65.474100,22.962000,4.0,0,1.5,1,sea,0,0,0,0,0,0
2025-08-06T05:44:13.315937Z,2025,8,6,65.387100,22.966200,-14.0,0,0.0,1,sea,0,0,0,0,0,0
2025-08-06T05:44:13.315986Z,2025,8,6,65.383600,22.948600,-32.0,0,17.3,1,sea,0,0,0,0,0,0
2025-08-06T05:44:13.316234Z,2025,8,6,65.271700,22.122900,-11.0,0,0.0,1,sea,0,0,0,0,0,1
2025-08-06T05:44:13.318026Z,2025,8,6,65.386400,22.945500,-49.0,0,10.1,1,sea,0,0,0,0,0,0
2025-08-06T05:44:13.325509Z,2025,8,6,65.387200,22.959100,-11.0,0,16.8,1,sea,0,0,0,0,0,0
2025-08-06T05:44:13.329343Z,2025,8,6,65.386700,22.980400,-6.0,0,3.3,1,sea,0,0,0,0,0,0
2025-08-06T05:44:13.329747Z,2025,8,6,65.382100,22.964500,-5.0,0,9.3,1,sea,0,0,0,0,0,0
2025-08-06T05:45:13.791142Z,2025,8,6,65.716600,22.433200,5.0,0,29.8,1,sea,1,1,1,0,0,0
2025-08-06T05:45:23.048241Z,2025,8,6,65.592100,22.197900,9.0,0,0.0,1,mainland,0,0,1,0,0,0
2025-08-06T05:45:23.048400Z,2025,8,6,65.592300,22.199300,11.0,0,0.0,1,mainland,0,0,1,0,0,0
2025-08-06T05:45:23.048455Z,2025,8,6,65.594200,22.208300,7.0,0,0.0,1,mainland,0,0,0,0,0,0
2025-08-06T05:45:23.048575Z,2025,8,6,65.593800,22.206400,9.0,0,0.0,1,mainland,0,0,0,0,0,0
2025-08-06T05:45:23.048884Z,2025,8,6,65.659900,22.198900,7.0,0,8.9,1,mainland,0,0,0,0,0,0
2025-08-06T05:45:23.048915Z,2025,8,6,65.605000,22.228800,-16.0,0,18.8,1,mainland,0,0,0,0,0,0
2025-08-06T05:45:23.050183Z,2025,8,6,65.601500,22.181200,9.0,0,30.3,1,mainland,0,1,1,0,0,0
2025-08-06T05:45:23.051735Z,2025,8,6,65.591300,22.219600,-6.0,0,19.4,1,mainland,0,0,0,0,0,0
2025-08-06T05:45:23.101598Z,2025,8,6,65.630400,22.241900,-28.0,0,6.8,1,mainland,1,1,1,0,0,0
2025-08-06T05:46:45.952738Z,2025,8,6,65.772600,22.376000,6.0,0,5.1,1,sea,0,0,1,0,0,0
2025-08-06T05:46:53.151534Z,2025,8,6,65.402100,22.954000,6.0,0,23.2,1,sea,0,0,0,0,0,0
2025-08-06T05:46:53.152569Z,2025,8,6,65.403800,22.945000,7.0,0,7.2,1,sea,0,0,0,0,0,0
2025-08-06T05:46:53.153241Z,2025,8,6,65.400700,22.941200,9.0,0,12.0,1,sea,0,0,0,0,0,0
2025-08-06T05:46:53.153315Z,2025,8,6,65.407100,22.833400,-13.0,0,19.8,1,sea,0,0,0,0,0,0
2025-08-06T05:46:53.168191Z,2025,8,6,65.402500,22.952300,9.0,0,14.2,1,sea,0,0,0,0,0,0
2025-08-06T05:46:53.268707Z,2025,8,6,65.448000,22.894400,-14.0,0,4.1,1,sea,0,0,0,0,0,0
2025-08-06T05:48:04.822413Z,2025,8,6,65.610800,22.231800,19.0,0,8.2,1,mainland,0,0,1,0,0,0
2025-08-06T05:48:04.887101Z,2025,8,6,65.638400,22.279700,-21.0,0,11.4,1,mainland,0,1,1,0,0,0
2025-08-06T05:48:06.446864Z,2025,8,6,65.772900,22.368000,15.0,0,12.9,1,sea,0,0,1,0,0,0
2025-08-06T05:48:06.446878Z,2025,8,6,65.717300,22.422900,12.0,0,0.0,1,islands,1,1,1,0,0,0
2025-08-06T05:48:06.447377Z,2025,8,6,65.773300,22.380500,8.0,0,8.0,1,sea,0,1,1,0,0,0
2025-08-06T05:48:06.558155Z,2025,8,6,65.790100,22.435600,-9.0,0,4.2,1,sea,0,1,1,0,0,0
2025-08-06T05:49:48.852659Z,2025,8,6,65.777500,22.389600,10.0,0,20.1,1,sea,1,1,1,0,0,0
2025-08-06T05:49:48.853649Z,2025,8,6,65.791200,22.359000,35.0,0,30.4,1,sea,1,1,1,0,0,0
2025-08-06T05:49:48.858980Z,2025,8,6,65.788600,22.349800,8.0,0,24.3,1,sea,1,1,1,0,0,0
2025-08-06T05:49:48.974712Z,2025,8,6,65.803000,22.261900,-9.0,0,3.1,1,mainland,0,0,0,0,0,0
2025-08-06T05:50:36.572211Z,2025,8,6,65.532900,22.321000,4.0,0,5.2,1,sea,0,0,1,0,0,0
2025-08-06T05:50:36.572896Z,2025,8,6,65.667100,22.279700,7.0,0,18.6,1,sea,1,1,1,0,0,0
2025-08-06T05:50:36.602863Z,2025,8,6,65.625700,22.132900,4.0,0,6.0,1,mainland,0,1,1,0,0,0
2025-08-06T05:50:36.749106Z,2025,8,6,65.653400,22.312700,-16.0,0,5.7,1,mainland,1,1,1,0,0,0
2025-08-06T05:50:41.549123Z,2025,8,6,65.791100,22.345200,8.0,0,9.4,1,sea,1,1,1,0,0,0
2025-08-06T05:50:41.550158Z,2025,8,6,65.790700,22.347700,11.0,0,24.6,1,sea,1,1,1,0,0,0
2025-08-06T05:50:41.550182Z,2025,8,6,65.811000,22.318300,-16.0,0,12.2,1,mainland,1,1,1,0,0,0
2025-08-06T05:51:45.322273Z,2025,8,6,65.800300,22.311900,8.0,0,11.4,1,mainland,0,0,1,0,0,0
2025-08-06T05:51:45.332574Z,2025,8,6,65.810100,22.323000,6.0,0,7.5,1,mainland,1,1,1,0,0,0
2025-08-06T05:52:46.192218Z,2025,8,6,65.804600,22.337900,6.0,0,6.6,1,mainland,0,1,1,0,0,0
2025-08-06T05:53:02.516151Z,2025,8,6,65.616400,22.254100,16.0,0,10.0,1,sea,1,1,1,0,0,0
2025-08-06T05:53:02.517655Z,2025,8,6,65.613800,22.246500,6.0,0,6.2,1,mainland,1,1,1,0,0,0
2025-08-06T05:53:02.518193Z,2025,8,6,65.617100,22.248000,5.0,0,3.9,1,mainland,1,1,1,0,0,0
2025-08-06T05:53:02.675975Z,2025,8,6,65.645100,22.329500,-16.0,0,4.3,1,sea,1,1,1,0,0,0
2025-08-06T05:53:02.676657Z,2025,8,6,65.623100,22.324700,-6.0,0,6.2,1,mainland,0,1,1,0,0,0
2025-08-06T05:53:10.827408Z,2025,8,6,65.439200,22.950200,-8.0,0,0.0,1,sea,0,0,0,0,0,0
2025-08-06T05:53:10.827521Z,2025,8,6,65.439200,22.947700,-12.0,0,0.0,1,sea,0,0,0,0,0,0
2025-08-06T05:53:10.827566Z,2025,8,6,65.439700,22.944400,-14.0,0,0.0,1,sea,0,0,0,0,0,0
2025-08-06T05:53:10.827655Z,2025,8,6,65.438600,22.946500,-15.0,0,0.0,1,sea,0,0,0,0,0,0
2025-08-06T05:53:10.828295Z,2025,8,6,65.445900,22.945500,-158.0,0,22.2,1,sea,0,0,0,0,0,0
2025-08-06T05:54:37.666057Z,2025,8,6,65.549500,22.449200,7.0,0,21.8,1,sea,1,1,1,0,0,0
2025-08-06T05:54:37.666082Z,2025,8,6,65.581800,22.648600,-11.0,0,10.0,1,sea,1,1,1,0,0,0
2025-08-06T05:54:37.666856Z,2025,8,6,65.564500,22.586600,9.0,0,14.8,1,islands,0,0,1,0,0,0
2025-08-06T05:54:37.667435Z,2025,8,6,65.557200,22.602800,8.0,0,9.1,1,islands,1,1,1,0,0,0
2025-08-06T05:54:37.668591Z,2025,8,6,65.554300,22.607000,9.0,0,10.0,1,sea,1,1,1,0,0,0
2025-08-06T05:54:37.674741Z,2025,8,6,65.557600,22.611300,8.0,0,14.1,1,sea,1,1,1,0,0,0
2025-08-06T05:54:37.677846Z,2025,8,6,65.572100,22.611700,5.0,0,12.3,1,islands,1,1,1,0,0,0
2025-08-06T05:55:28.569477Z,2025,8,6,65.448100,22.934300,-15.0,0,13.5,1,sea,0,0,0,0,0,0
2025-08-06T05:55:28.570920Z,2025,8,6,65.449000,22.943500,-142.0,0,10.3,1,sea,0,0,0,0,0,0
2025-08-06T05:55:28.577532Z,2025,8,6,65.454800,22.946600,-15.0,0,19.4,1,sea,0,0,0,0,0,0
2025-08-06T05:55:28.592071Z,2025,8,6,65.450200,22.911500,-22.0,0,8.6,1,sea,0,0,0,0,0,0
2025-08-06T05:55:28.615319Z,2025,8,6,65.459600,22.923200,-13.0,0,7.7,1,sea,0,0,0,0,0,0
2025-08-06T05:55:28.641574Z,2025,8,6,65.450900,22.911900,-17.0,0,4.2,1,sea,0,0,0,0,0,0
2025-08-06T05:55:28.676682Z,2025,8,6,65.449600,22.913300,-16.0,0,4.8,1,sea,0,0,0,0,0,0
2025-08-06T05:55:53.334727Z,2025,8,6,65.469100,22.619500,-9.0,0,0.0,1,sea,1,1,1,0,0,0
2025-08-06T05:55:53.338865Z,2025,8,6,65.479300,22.647800,-13.0,0,13.4,1,sea,0,1,1,0,0,0
2025-08-06T05:55:53.342703Z,2025,8,6,65.480200,22.627200,-4.0,0,28.3,1,sea,0,0,1,0,0,0
2025-08-06T05:55:53.350262Z,2025,8,6,65.472500,22.616700,-5.0,0,3.6,1,sea,1,1,1,0,0,0
2025-08-06T05:56:41.139244Z,2025,8,6,65.457800,22.950300,-12.0,0,9.8,1,sea,0,0,0,0,0,0
2025-08-06T05:56:41.140843Z,2025,8,6,65.460400,22.936100,-86.0,0,17.9,1,sea,0,0,0,0,0,0
2025-08-06T05:56:41.158835Z,2025,8,6,65.458000,22.931600,-22.0,0,6.4,1,sea,0,0,0,0,0,0
2025-08-06T05:56:41.160135Z,2025,8,6,65.457800,22.948300,-4.0,0,6.1,1,sea,0,0,0,0,0,0
2025-08-06T05:56:41.174894Z,2025,8,6,65.473300,22.920100,-8.0,0,7.0,1,sea,0,0,0,0,0,0
2025-08-06T05:56:41.198167Z,2025,8,6,65.471200,22.915600,-11.0,0,5.8,1,sea,0,0,0,0,0,0
2025-08-06T05:56:41.226074Z,2025,8,6,65.453300,22.913600,-8.0,0,3.6,1,sea,0,0,0,0,0,0
2025-08-06T05:57:21.061915Z,2025,8,6,65.577800,22.585800,11.0,0,22.6,1,islands,1,1,1,0,0,0
2025-08-06T05:57:21.064427Z,2025,8,6,65.580100,22.660700,-12.0,0,24.9,1,sea,0,0,1,0,0,0
2025-08-06T05:57:21.071570Z,2025,8,6,65.574200,22.616000,5.0,0,23.2,1,sea,1,1,1,0,0,0
2025-08-06T05:57:21.075591Z,2025,8,6,65.574900,22.612900,6.0,0,4.6,1,islands,1,1,1,0,0,0
2025-08-06T05:57:28.658652Z,2025,8,6,65.574800,22.309700,6.0,0,15.3,1,mainland,0,0,0,0,0,0
2025-08-06T05:58:44.178089Z,2025,8,6,65.460500,22.938700,7.0,0,19.4,1,sea,0,0,0,0,0,0
2025-08-06T05:58:44.178797Z,2025,8,6,65.453300,22.942900,10.0,0,10.6,1,sea,0,0,0,0,0,0
2025-08-06T05:58:44.179286Z,2025,8,6,65.460000,22.942800,17.0,0,13.8,1,sea,0,0,0,0,0,0
2025-08-06T05:58:44.179937Z,2025,8,6,65.469700,22.948000,11.0,0,18.5,1,sea,0,0,0,0,0,0
2025-08-06T05:58:44.182282Z,2025,8,6,65.454300,22.945400,6.0,0,16.7,1,sea,0,0,0,0,0,0
2025-08-06T05:59:24.091197Z,2025,8,6,65.451300,22.657900,7.0,0,17.0,1,sea,0,0,0,0,0,0
2025-08-06T05:59:24.091560Z,2025,8,6,65.492900,22.651400,9.0,0,0.0,1,sea,0,0,1,0,0,0
2025-08-06T05:59:24.091631Z,2025,8,6,65.488800,22.622400,14.0,0,6.8,1,sea,0,0,0,0,0,0
2025-08-06T05:59:24.101069Z,2025,8,6,65.488600,22.623400,7.0,0,26.0,1,sea,0,0,0,0,0,0
2025-08-06T05:59:24.101755Z,2025,8,6,65.490200,22.632200,5.0,0,11.2,1,sea,0,0,1,0,0,0
2025-08-06T05:59:24.173082Z,2025,8,6,65.501200,22.671800,-7.0,0,13.4,1,sea,1,1,1,0,0,0
2025-08-06T05:59:32.158659Z,2025,8,6,65.462600,22.930400,7.0,0,5.1,1,sea,0,0,0,0,0,0
2025-08-06T05:59:32.161755Z,2025,8,6,65.438700,22.984400,9.0,0,28.8,1,sea,0,0,0,0,0,0
2025-08-06T05:59:32.162470Z,2025,8,6,65.469200,22.937900,5.0,0,14.1,1,sea,0,0,0,0,0,0
2025-08-06T05:59:38.390189Z,2025,8,6,65.658700,22.251100,11.0,0,3.3,1,sea,0,0,1,0,0,0
2025-08-06T06:00:23.944760Z,2025,8,6,65.462400,22.920200,8.0,0,3.8,1,sea,0,0,0,0,0,0
2025-08-06T06:00:23.945427Z,2025,8,6,65.471600,22.934400,9.0,0,5.0,1,sea,0,0,0,0,0,0
2025-08-06T06:00:23.945993Z,2025,8,6,65.473000,22.945700,11.0,0,13.0,1,sea,0,0,0,0,0,0
2025-08-06T06:00:23.957964Z,2025,8,6,65.470700,22.962000,8.0,0,10.4,1,sea,0,0,0,0,0,0
2025-08-06T06:00:23.958540Z,2025,8,6,65.512400,22.958000,4.0,0,14.8,1,sea,0,0,0,0,0,1
2025-08-06T06:00:23.964586Z,2025,8,6,65.474000,22.940000,4.0,0,4.2,1,sea,0,0,0,0,0,0
2025-08-06T06:00:23.986685Z,2025,8,6,65.470300,22.946200,5.0,0,2.7,1,sea,0,0,0,0,0,0
2025-08-06T06:00:35.623790Z,2025,8,6,65.590800,22.616500,8.0,0,10.1,1,islands,1,1,1,0,0,0
2025-08-06T06:00:35.625211Z,2025,8,6,65.588800,22.609500,10.0,0,27.8,1,sea,1,1,1,0,0,0
2025-08-06T06:00:35.637002Z,2025,8,6,65.587400,22.593400,15.0,0,14.7,1,islands,1,1,1,0,0,0
2025-08-06T06:00:35.643621Z,2025,8,6,65.585900,22.712600,-12.0,0,28.8,1,sea,0,0,0,0,0,0
2025-08-06T06:00:35.646505Z,2025,8,6,65.592100,22.597800,4.0,0,7.7,1,islands,1,1,1,0,0,0
2025-08-06T06:01:34.808077Z,2025,8,6,65.704100,22.045800,-59.0,0,7.4,1,mainland,0,0,0,0,0,0
2025-08-06T06:01:34.828562Z,2025,8,6,65.705300,22.045300,-26.0,0,9.3,1,mainland,0,0,0,0,0,0
2025-08-06T06:01:34.854725Z,2025,8,6,65.703800,22.048000,-22.0,0,30.4,1,mainland,0,0,0,0,0,0
2025-08-06T06:01:34.854799Z,2025,8,6,65.703800,22.055400,11.0,0,27.1,1,mainland,0,0,0,0,0,0
2025-08-06T06:02:02.836725Z,2025,8,6,65.882300,22.306900,5.0,0,14.8,1,mainland,0,0,0,0,0,0
2025-08-06T06:02:02.837189Z,2025,8,6,65.880700,22.312100,10.0,0,6.8,1,mainland,0,0,0,0,0,0
2025-08-06T06:02:02.837553Z,2025,8,6,65.877800,22.354700,6.0,0,5.1,1,mainland,0,0,0,0,0,0
2025-08-06T06:02:02.953294Z,2025,8,6,65.895700,22.423600,-11.0,0,5.0,1,mainland,0,0,0,0,0,0
2025-08-06T06:02:07.740086Z,2025,8,6,65.466700,22.937200,12.0,0,0.0,1,sea,0,0,0,0,0,0
2025-08-06T06:02:07.740713Z,2025,8,6,65.484200,22.964600,18.0,0,0.0,1,sea,0,0,0,0,0,0
2025-08-06T06:02:07.741668Z,2025,8,6,65.486900,22.940200,31.0,0,19.7,1,sea,0,0,0,0,0,0
2025-08-06T06:02:07.743221Z,2025,8,6,65.489500,22.930400,6.0,0,8.2,1,sea,0,0,0,0,0,0
2025-08-06T06:02:07.744311Z,2025,8,6,65.484600,22.930300,14.0,0,14.0,1,sea,0,0,0,0,0,0
2025-08-06T06:02:07.751388Z,2025,8,6,65.476100,22.937500,7.0,0,14.2,1,sea,0,0,0,0,0,0
2025-08-06T06:02:07.888738Z,2025,8,6,65.555900,22.820200,-24.0,0,6.7,1,sea,0,1,1,0,0,0
2025-08-06T06:02:22.446258Z,2025,8,6,65.694600,22.597200,14.0,0,29.7,1,sea,0,0,0,0,0,0
2025-08-06T06:03:00.455172Z,2025,8,6,65.675500,22.246800,10.0,0,8.3,1,mainland,1,1,1,0,0,0
2025-08-06T06:03:00.462693Z,2025,8,6,65.670500,22.245100,15.0,0,13.7,1,sea,0,1,1,0,0,0
2025-08-06T06:04:05.607033Z,2025,8,6,65.612600,22.584800,10.0,0,15.3,1,islands,0,0,1,0,0,0
2025-08-06T06:04:05.609817Z,2025,8,6,65.613800,22.592900,7.0,0,19.4,1,islands,0,1,1,0,0,0
2025-08-06T06:04:05.626960Z,2025,8,6,65.619400,22.588100,6.0,0,7.9,1,islands,1,1,1,0,0,0
2025-08-06T06:04:05.628936Z,2025,8,6,65.605800,22.595300,8.0,0,6.0,1,islands,0,0,1,0,0,0
2025-08-06T06:04:05.918482Z,2025,8,6,65.676100,22.592700,-48.0,0,7.5,1,sea,0,0,1,0,0,0
2025-08-06T06:04:40.151668Z,2025,8,6,65.684700,22.224800,10.0,0,6.0,1,mainland,0,0,0,0,0,0
2025-08-06T06:04:40.152205Z,2025,8,6,65.690500,22.208300,6.0,0,3.1,1,mainland,0,0,0,0,0,0
2025-08-06T06:04:40.166884Z,2025,8,6,65.738300,22.246100,5.0,0,25.2,1,mainland,0,0,0,0,0,0
2025-08-06T06:04:56.078098Z,2025,8,6,65.480700,22.925300,4.0,0,2.1,1,sea,0,0,0,0,0,0
2025-08-06T06:04:56.078643Z,2025,8,6,65.486300,22.919000,11.0,0,28.3,1,sea,0,0,0,0,0,0
2025-08-06T06:04:56.080305Z,2025,8,6,65.482300,22.932700,17.0,0,16.9,1,sea,0,0,0,0,0,0
2025-08-06T06:04:56.081535Z,2025,8,6,65.480900,22.954700,2.0,0,2.6,1,sea,0,0,0,0,0,0
2025-08-06T06:04:56.089243Z,2025,8,6,65.486900,22.933400,26.0,0,24.0,1,sea,0,0,0,0,0,0
2025-08-06T06:04:56.089338Z,2025,8,6,65.471400,22.962300,-59.0,0,26.7,1,sea,0,0,0,0,0,0
2025-08-06T06:04:56.089341Z,2025,8,6,65.507300,22.869700,-11.0,0,0.0,1,sea,0,0,0,0,0,0
2025-08-06T06:06:20.883651Z,2025,8,6,65.487900,22.912700,7.0,0,7.9,1,sea,0,0,0,0,0,0
2025-08-06T06:06:20.885434Z,2025,8,6,65.494900,22.913600,5.0,0,8.1,1,sea,0,0,0,0,0,0
2025-08-06T06:06:26.679234Z,2025,8,6,65.623800,22.580600,9.0,0,27.4,1,sea,0,1,1,0,0,0
2025-08-06T06:06:26.687372Z,2025,8,6,65.582200,22.542800,4.0,0,2.7,1,islands,1,1,1,0,0,0
2025-08-06T06:06:26.692811Z,2025,8,6,65.635900,22.591800,5.0,0,5.5,1,sea,0,0,1,0,0,0
2025-08-06T06:06:33.672342Z,2025,8,6,65.702500,22.224700,14.0,0,7.0,1,mainland,0,0,1,0,0,0
2025-08-06T06:06:33.673405Z,2025,8,6,65.704200,22.221100,12.0,0,21.5,1,mainland,0,0,0,0,0,0
2025-08-06T06:06:33.674524Z,2025,8,6,65.708900,22.217400,6.0,0,2.0,1,mainland,0,0,0,0,0,0
2025-08-06T06:06:33.679587Z,2025,8,6,65.701900,22.226500,5.0,0,5.5,1,mainland,0,0,1,0,0,0
2025-08-06T06:06:33.680314Z,2025,8,6,65.700900,22.255400,6.0,0,2.7,1,mainland,0,1,1,0,0,0
2025-08-06T06:07:05.601419Z,2025,8,6,65.505300,22.910500,29.0,0,18.7,1,sea,0,0,0,0,0,0
2025-08-06T06:07:05.617556Z,2025,8,6,65.509000,22.903600,7.0,0,21.3,1,sea,0,0,0,0,0,0
2025-08-06T06:07:05.618588Z,2025,8,6,65.511200,22.907900,5.0,0,7.7,1,sea,0,0,0,0,0,0
2025-08-06T06:07:09.594807Z,2025,8,6,65.599400,22.603600,4.0,0,1.5,1,islands,1,1,1,0,0,0
2025-08-06T06:07:09.595941Z,2025,8,6,65.592800,22.612300,6.0,0,5.8,1,sea,1,1,1,0,0,0
2025-08-06T06:07:32.844228Z,2025,8,6,65.602400,22.616700,4.0,0,24.7,1,sea,1,1,1,0,0,0
2025-08-06T06:07:32.856943Z,2025,8,6,65.595800,22.624800,4.0,0,2.6,1,sea,1,1,1,0,0,0
2025-08-06T06:07:50.553754Z,2025,8,6,65.490900,22.930200,9.0,0,14.9,1,sea,0,0,0,0,0,0
2025-08-06T06:07:50.554899Z,2025,8,6,65.496600,22.915600,7.0,0,6.4,1,sea,0,0,0,0,0,0
2025-08-06T06:07:50.564368Z,2025,8,6,65.475300,22.896700,4.0,0,7.2,1,sea,0,0,0,0,0,0
2025-08-06T06:07:50.575748Z,2025,8,6,65.500700,22.903200,5.0,0,8.0,1,sea,0,0,0,0,0,0
2025-08-06T06:07:52.107051Z,2025,8,6,65.610700,22.564300,5.0,0,4.6,1,islands,1,1,1,0,0,0
2025-08-06T06:08:04.175128Z,2025,8,6,65.710900,22.232800,23.0,0,22.3,1,mainland,0,0,0,0,0,0
2025-08-06T06:08:04.178109Z,2025,8,6,65.701200,22.232600,5.0,0,9.8,1,mainland,0,0,1,0,0,0
2025-08-06T06:08:04.481679Z,2025,8,6,65.727200,22.171600,-71.0,0,7.3,1,mainland,0,0,0,0,0,0
2025-08-06T06:08:04.500940Z,2025,8,6,65.726900,22.173800,-21.0,0,18.7,1,mainland,0,0,0,0,0,0
2025-08-06T06:08:04.515182Z,2025,8,6,65.727700,22.171500,-16.0,0,8.3,1,mainland,0,0,0,0,0,0
2025-08-06T06:08:37.390001Z,2025,8,6,65.603700,22.646500,4.0,0,4.6,1,sea,1,1,1,0,0,0
2025-08-06T06:09:00.082597Z,2025,8,6,65.522200,22.881300,12.0,0,27.5,1,sea,0,0,0,0,0,0
2025-08-06T06:09:00.083361Z,2025,8,6,65.513000,22.891200,19.0,0,10.6,1,sea,0,0,0,0,0,0
2025-08-06T06:09:00.084750Z,2025,8,6,65.508600,22.907900,9.0,0,2.4,1,sea,0,0,0,0,0,0
2025-08-06T06:09:00.086212Z,2025,8,6,65.521000,22.906800,-11.0,0,16.3,1,sea,0,0,0,0,0,0
2025-08-06T06:09:00.100207Z,2025,8,6,65.534600,22.897700,6.0,0,12.0,1,sea,0,0,0,0,0,0
2025-08-06T06:09:00.110273Z,2025,8,6,65.523600,22.893800,4.0,0,23.1,1,sea,0,0,0,0,0,0
2025-08-06T06:09:21.306665Z,2025,8,6,65.724000,22.224200,7.0,0,1.7,1,mainland,0,0,0,0,0,0
2025-08-06T06:09:21.309095Z,2025,8,6,65.720800,22.215300,12.0,0,12.8,1,mainland,0,0,0,0,0,0
2025-08-06T06:09:21.314218Z,2025,8,6,65.746000,22.181200,8.0,0,12.2,1,mainland,0,0,0,0,0,0
2025-08-06T06:09:21.323198Z,2025,8,6,65.723700,22.225300,5.0,0,19.8,1,mainland,0,0,0,0,0,0
2025-08-06T06:09:27.344402Z,2025,8,6,65.617800,22.606000,7.0,0,4.8,1,sea,0,1,1,0,0,0
2025-08-06T06:09:27.345613Z,2025,8,6,65.618200,22.609600,10.0,0,25.3,1,sea,0,0,1,0,0,0
2025-08-06T06:09:27.355863Z,2025,8,6,65.320000,23.100300,5.0,0,7.7,1,sea,0,0,0,0,0,1
2025-08-06T06:09:27.356474Z,2025,8,6,65.619700,22.611300,7.0,0,17.5,1,sea,0,0,1,0,0,0
2025-08-06T06:09:47.195563Z,2025,8,6,65.614800,22.591800,4.0,0,1.8,1,islands,1,1,1,0,0,0
2025-08-06T06:09:47.196456Z,2025,8,6,65.622000,22.582600,6.0,0,4.4,1,sea,1,1,1,0,0,0
2025-08-06T06:10:12.730337Z,2025,8,6,65.622000,22.584300,6.0,0,30.4,1,sea,1,1,1,0,0,0
2025-08-06T06:10:12.742687Z,2025,8,6,65.623200,22.593600,4.0,0,1.7,1,sea,0,1,1,0,0,0
2025-08-06T06:10:18.870094Z,2025,8,6,65.525500,22.902200,12.0,0,0.0,1,sea,0,0,0,0,0,0
2025-08-06T06:10:18.871080Z,2025,8,6,65.520600,22.899500,17.0,0,6.8,1,sea,0,0,0,0,0,0
2025-08-06T06:10:18.872412Z,2025,8,6,65.494600,22.934700,9.0,0,30.4,1,sea,0,0,0,0,0,0
2025-08-06T06:10:18.875037Z,2025,8,6,65.515700,22.931800,5.0,0,10.1,1,sea,0,0,0,0,0,0
2025-08-06T06:10:18.881308Z,2025,8,6,65.528000,22.906700,6.0,0,9.5,1,sea,0,0,0,0,0,0
2025-08-06T06:10:18.886255Z,2025,8,6,65.517400,22.895000,5.0,0,5.7,1,sea,0,0,0,0,0,0
2025-08-06T06:10:18.891787Z,2025,8,6,65.528900,22.903700,5.0,0,3.8,1,sea,0,0,0,0,0,0
2025-08-06T06:10:19.086476Z,2025,8,6,65.447800,22.941700,-30.0,0,12.5,1,sea,0,0,0,0,0,0
2025-08-06T06:10:20.905110Z,2025,8,6,65.722900,22.250900,-7.0,0,3.8,1,inland_water,0,0,0,0,0,0
2025-08-06T06:10:20.909787Z,2025,8,6,65.721700,22.217600,-30.0,0,6.3,1,mainland,0,0,0,0,0,0
2025-08-06T06:10:20.931636Z,2025,8,6,65.728000,22.213300,-12.0,0,3.9,1,mainland,0,0,0,0,0,0
2025-08-06T06:10:20.965066Z,2025,8,6,65.720000,22.189200,-12.0,0,4.3,1,mainland,0,0,0,0,0,0
2025-08-06T06:10:20.965578Z,2025,8,6,65.716400,22.252100,-6.0,0,6.1,1,mainland,0,0,0,0,0,0
2025-08-06T06:10:20.993002Z,2025,8,6,65.726100,22.269500,-6.0,0,3.9,1,mainland,0,0,0,0,0,0
2025-08-06T06:10:21.081537Z,2025,8,6,65.726000,22.266500,-13.0,0,4.1,1,mainland,0,0,0,0,0,0
2025-08-06T06:10:36.859165Z,2025,8,6,65.622300,22.581600,13.0,0,11.1,1,sea,1,1,1,0,0,0
2025-08-06T06:11:21.433922Z,2025,8,6,65.630900,22.604500,5.0,0,0.0,1,sea,0,0,1,0,0,0
2025-08-06T06:11:21.434208Z,2025,8,6,65.633300,22.602100,15.0,0,11.4,1,sea,0,1,1,0,0,0
2025-08-06T06:11:21.434654Z,2025,8,6,65.629000,22.615500,10.0,0,10.0,1,sea,0,0,1,0,0,0
2025-08-06T06:11:21.441815Z,2025,8,6,65.634400,22.586600,8.0,0,7.6,1,sea,0,0,1,0,0,0
2025-08-06T06:11:21.445135Z,2025,8,6,65.635000,22.588800,8.0,0,16.3,1,sea,0,0,1,0,0,0
2025-08-06T06:11:21.448237Z,2025,8,6,65.634000,22.620300,7.0,0,13.0,1,sea,1,1,1,0,0,0
2025-08-06T06:11:21.454755Z,2025,8,6,65.636400,22.578600,4.0,0,3.3,1,sea,0,0,0,0,0,0
2025-08-06T06:11:36.327853Z,2025,8,6,65.741000,22.199800,18.0,0,13.0,1,mainland,0,0,0,0,0,0
2025-08-06T06:11:36.328283Z,2025,8,6,65.739400,22.218600,5.0,0,0.0,1,other,0,0,0,0,0,0
2025-08-06T06:11:36.328638Z,2025,8,6,65.738500,22.196900,21.0,0,14.5,1,mainland,0,0,0,0,0,0
2025-08-06T06:11:36.336512Z,2025,8,6,65.717800,22.408500,7.0,0,30.4,1,sea,1,1,1,0,0,0
2025-08-06T06:11:36.337818Z,2025,8,6,65.735900,22.209300,6.0,0,28.7,1,mainland,0,0,0,0,0,0
2025-08-06T06:11:36.343211Z,2025,8,6,65.699900,22.478100,6.0,0,30.4,1,sea,0,0,0,0,0,0
2025-08-06T06:12:24.652447Z,2025,8,6,65.627100,22.609300,7.0,0,8.5,1,sea,0,0,1,0,0,0
2025-08-06T06:12:24.655127Z,2025,8,6,65.631000,22.589000,4.0,0,2.7,1,sea,0,0,1,0,0,0
2025-08-06T06:12:24.663453Z,2025,8,6,65.637300,22.578500,5.0,0,3.3,1,sea,0,0,0,0,0,0
2025-08-06T06:12:24.668896Z,2025,8,6,65.593000,22.579500,-5.0,0,1.5,1,sea,1,1,1,0,0,0
2025-08-06T06:12:24.673079Z,2025,8,6,65.633600,22.610100,5.0,0,29.2,1,sea,0,1,1,0,0,0
2025-08-06T06:12:41.294739Z,2025,8,6,65.539100,22.895200,5.0,0,4.6,1,sea,0,0,0,0,0,0
2025-08-06T06:12:41.295619Z,2025,8,6,65.536000,22.892000,13.0,0,11.0,1,sea,0,0,0,0,0,0
2025-08-06T06:12:41.296212Z,2025,8,6,65.537500,22.894900,13.0,0,6.8,1,sea,0,0,0,0,0,0
2025-08-06T06:12:41.297570Z,2025,8,6,65.536300,22.919000,8.0,0,5.5,1,sea,0,0,0,0,0,0
2025-08-06T06:12:41.300288Z,2025,8,6,65.535800,22.886400,5.0,0,9.3,1,sea,0,0,0,0,0,0
2025-08-06T06:12:41.301256Z,2025,8,6,65.544500,22.941400,6.0,0,5.8,1,sea,0,0,0,0,1,1
2025-08-06T06:12:41.311683Z,2025,8,6,65.545900,22.890900,9.0,0,8.0,1,sea,0,0,0,0,0,0
2025-08-06T06:12:41.483220Z,2025,8,6,65.437000,22.879400,-19.0,0,7.7,1,sea,0,0,0,0,0,0
2025-08-06T06:13:32.876680Z,2025,8,6,65.642500,22.556300,9.0,0,12.0,1,sea,0,0,0,0,0,0
2025-08-06T06:13:32.877997Z,2025,8,6,65.637900,22.573900,6.0,0,3.9,1,sea,0,0,0,0,0,0
2025-08-06T06:13:32.880439Z,2025,8,6,65.641600,22.557200,6.0,0,2.6,1,sea,0,0,0,0,0,0
2025-08-06T06:13:32.882105Z,2025,8,6,65.608700,22.627400,8.0,0,30.4,1,sea,0,0,1,0,0,0
2025-08-06T06:13:32.892260Z,2025,8,6,65.649400,22.559100,5.0,0,20.3,1,sea,0,0,0,0,0,0
2025-08-06T06:14:00.842537Z,2025,8,6,65.756300,22.179800,13.0,0,13.8,1,mainland,0,0,0,0,0,0
2025-08-06T06:14:00.843351Z,2025,8,6,65.763300,22.187200,-14.0,0,14.3,1,mainland,0,0,0,0,0,0
2025-08-06T06:14:00.844105Z,2025,8,6,65.759300,22.191100,34.0,0,16.1,1,mainland,0,0,0,0,0,0
2025-08-06T06:14:00.845404Z,2025,8,6,65.750300,22.226900,4.0,0,11.3,1,inland_water,0,0,0,0,0,0
2025-08-06T06:14:00.851022Z,2025,8,6,65.712700,22.633600,8.0,0,30.4,1,sea,0,0,0,0,0,0
2025-08-06T06:14:00.854875Z,2025,8,6,65.756500,22.198500,9.0,0,28.8,1,mainland,0,0,0,0,0,0
2025-08-06T06:14:00.885942Z,2025,8,6,65.728100,22.031700,6.0,0,16.8,1,mainland,0,0,0,0,0,0
2025-08-06T06:14:00.886029Z,2025,8,6,65.749600,22.156700,-7.0,0,13.9,1,mainland,0,0,0,0,0,0
2025-08-06T06:15:17.122820Z,2025,8,6,65.969000,22.258700,6.0,0,16.9,1,mainland,0,0,0,0,0,0
2025-08-06T06:15:17.123056Z,2025,8,6,65.968500,22.277500,5.0,0,0.0,1,mainland,0,0,0,0,0,0
2025-08-06T06:15:17.123103Z,2025,8,6,65.969500,22.246500,-6.0,0,0.0,1,inland_water,0,0,0,0,0,0
2025-08-06T06:15:17.124173Z,2025,8,6,65.980700,22.369900,7.0,0,11.9,1,mainland,0,0,0,0,0,0
2025-08-06T06:15:17.124716Z,2025,8,6,65.970300,22.283900,7.0,0,2.9,1,mainland,0,0,0,0,0,0
2025-08-06T06:15:17.137089Z,2025,8,6,65.974100,22.270300,7.0,0,12.0,1,mainland,0,0,0,0,0,0
2025-08-06T06:15:20.354755Z,2025,8,6,65.641400,22.636000,6.0,0,9.4,1,islands,0,0,1,0,0,0
2025-08-06T06:15:20.355333Z,2025,8,6,65.681800,22.598100,-12.0,0,13.9,1,sea,0,0,1,0,0,0
2025-08-06T06:15:20.356214Z,2025,8,6,65.669400,22.563700,8.0,0,14.7,1,sea,0,0,0,0,0,0
2025-08-06T06:15:20.356258Z,2025,8,6,65.638700,22.581900,-14.0,0,24.5,1,sea,0,0,0,0,0,0
2025-08-06T06:15:20.358930Z,2025,8,6,65.660300,22.564800,6.0,0,26.3,1,sea,0,0,0,0,0,0
2025-08-06T06:15:20.363600Z,2025,8,6,65.661900,22.582500,7.0,0,4.4,1,sea,0,0,1,0,0,0
2025-08-06T06:16:01.455830Z,2025,8,6,65.660600,22.555500,8.0,0,4.8,1,sea,0,0,0,0,0,0
2025-08-06T06:16:01.457379Z,2025,8,6,65.652600,22.567600,7.0,0,24.2,1,sea,0,0,0,0,0,0
2025-08-06T06:16:01.465378Z,2025,8,6,65.795400,22.619300,6.0,0,30.4,1,sea,0,1,1,0,1,1
2025-08-06T06:16:08.268714Z,2025,8,6,65.778100,22.238300,16.0,0,14.2,1,mainland,0,0,0,0,0,0
2025-08-06T06:16:08.277054Z,2025,8,6,65.767600,22.209000,8.0,0,23.4,1,mainland,0,0,0,0,0,0
2025-08-06T06:16:33.808158Z,2025,8,6,65.653300,22.717900,6.0,0,5.2,1,sea,0,1,1,0,0,0
2025-08-06T06:16:33.826389Z,2025,8,6,65.651000,22.708100,4.0,0,3.3,1,sea,0,1,1,0,0,0
2025-08-06T06:16:54.544790Z,2025,8,6,65.682700,22.783600,-15.0,0,9.1,1,sea,0,0,0,0,0,0
2025-08-06T06:16:57.973132Z,2025,8,6,65.984300,22.283900,14.0,0,9.2,1,mainland,0,0,0,0,0,0
2025-08-06T06:16:57.984871Z,2025,8,6,65.982700,22.276400,4.0,0,8.0,1,mainland,0,0,0,0,0,0
2025-08-06T06:17:18.009539Z,2025,8,6,65.461700,22.633600,5.0,0,4.1,1,sea,0,1,1,0,0,0
2025-08-06T06:17:18.783593Z,2025,8,6,65.651100,22.694300,6.0,0,5.5,1,sea,0,1,1,0,0,0
2025-08-06T06:17:18.900820Z,2025,8,6,65.663400,22.723500,6.0,0,8.3,1,sea,0,1,1,0,0,0
2025-08-06T06:17:19.070505Z,2025,8,6,65.666300,22.721400,-24.0,0,4.8,1,sea,1,1,1,0,0,0
2025-08-06T06:17:35.172243Z,2025,8,6,65.658800,22.689700,4.0,0,2.4,1,sea,1,1,1,0,0,0
2025-08-06T06:17:35.172982Z,2025,8,6,65.648900,22.827800,5.0,0,1.2,1,sea,0,0,1,0,0,0
2025-08-06T06:17:35.194918Z,2025,8,6,65.605800,22.688500,4.0,0,4.9,1,sea,0,0,0,0,0,0
2025-08-06T06:17:57.420179Z,2025,8,6,65.650500,22.688600,5.0,0,2.3,1,sea,0,0,1,0,0,0
2025-08-06T06:18:04.567074Z,2025,8,6,65.770100,22.217900,9.0,0,8.6,1,mainland,0,0,0,0,0,0
2025-08-06T06:18:04.567486Z,2025,8,6,65.774500,22.203500,14.0,0,7.2,1,mainland,0,0,0,0,0,0
2025-08-06T06:18:04.567808Z,2025,8,6,65.770100,22.196400,12.0,0,0.0,1,mainland,0,0,0,0,0,0
2025-08-06T06:18:04.582308Z,2025,8,6,65.778000,22.212800,7.0,0,15.7,1,mainland,0,0,0,0,0,0
2025-08-06T06:18:04.586491Z,2025,8,6,65.780500,22.203400,5.0,0,5.4,1,mainland,0,0,0,0,0,0
2025-08-06T06:18:04.750346Z,2025,8,6,65.819400,22.310500,-13.0,0,10.5,1,mainland,0,0,1,0,0,0
2025-08-06T06:18:29.893471Z,2025,8,6,65.636700,22.656500,3.0,0,11.2,1,sea,1,1,1,0,0,0
2025-08-06T06:19:11.788038Z,2025,8,6,65.766500,22.219100,5.0,0,9.9,1,mainland,0,0,0,0,0,0
2025-08-06T06:19:11.789421Z,2025,8,6,65.797800,22.188300,6.0,0,7.2,1,mainland,0,0,0,0,0,0
2025-08-06T06:19:33.325139Z,2025,8,6,65.629700,22.686700,3.0,0,3.0,1,sea,0,0,0,0,0,0
2025-08-06T06:19:33.381848Z,2025,8,6,65.694000,22.571400,4.0,0,8.9,1,sea,0,0,0,0,0,0
2025-08-06T06:20:05.822964Z,2025,8,6,65.679500,22.732100,4.0,0,2.5,1,sea,0,1,1,0,0,0
2025-08-06T06:20:18.259273Z,2025,8,6,65.654500,22.785100,5.0,0,13.9,1,islands,1,1,1,0,0,0
2025-08-06T06:20:18.267099Z,2025,8,6,65.677200,22.726400,7.0,0,5.4,1,islands,1,1,1,0,0,0
2025-08-06T06:20:18.331050Z,2025,8,6,65.673600,22.774700,-14.0,0,10.8,1,sea,0,0,1,0,0,0
2025-08-06T06:20:18.331060Z,2025,8,6,65.673500,22.762900,-15.0,0,0.0,1,sea,0,0,1,0,0,0
2025-08-06T06:20:18.331692Z,2025,8,6,65.684900,22.791600,-21.0,0,3.5,1,sea,0,0,1,0,0,0
2025-08-06T06:20:18.336564Z,2025,8,6,65.684400,22.785000,-27.0,0,9.2,1,sea,0,0,1,0,0,0
2025-08-06T06:20:35.659316Z,2025,8,6,65.786800,22.237100,6.0,0,4.3,1,mainland,0,0,0,0,0,0
2025-08-06T06:20:35.660795Z,2025,8,6,65.784500,22.183200,5.0,0,3.2,1,mainland,0,0,0,0,0,0
2025-08-06T06:21:05.242697Z,2025,8,6,65.684600,22.666700,-40.0,0,8.6,1,sea,1,1,1,0,0,0
2025-08-06T06:21:11.439363Z,2025,8,6,65.779000,22.188400,10.0,0,11.4,1,mainland,0,0,0,0,0,0
2025-08-06T06:21:11.440008Z,2025,8,6,65.778000,22.193200,10.0,0,16.0,1,mainland,0,0,0,0,0,0
2025-08-06T06:21:11.441122Z,2025,8,6,65.773800,22.205300,5.0,0,6.7,1,mainland,0,0,0,0,0,0
2025-08-06T06:21:50.205022Z,2025,8,6,65.777800,22.078700,6.0,0,26.7,1,inland_water,0,0,0,0,0,0
2025-08-06T06:21:54.697483Z,2025,8,6,65.690500,22.730700,9.0,0,6.8,1,sea,0,0,1,0,0,0
2025-08-06T06:21:54.698778Z,2025,8,6,65.723600,22.703100,5.0,0,14.5,1,sea,0,1,1,0,1,1
2025-08-06T06:21:54.701064Z,2025,8,6,65.630600,22.739500,3.0,0,10.8,1,sea,0,0,0,0,0,0
2025-08-06T06:22:08.310257Z,2025,8,6,65.696500,22.728500,6.0,0,7.4,1,sea,0,1,1,0,0,1
2025-08-06T06:22:08.318762Z,2025,8,6,65.695400,22.721800,5.0,0,8.9,1,sea,1,1,1,0,0,0
2025-08-06T06:22:08.320060Z,2025,8,6,65.699600,22.708500,8.0,0,20.3,1,sea,1,1,1,0,0,0
2025-08-06T06:22:08.783611Z,2025,8,6,65.651900,22.805400,-63.0,0,10.5,1,sea,1,1,1,0,0,0
2025-08-06T06:22:08.794688Z,2025,8,6,65.653400,22.803600,-6.0,0,4.3,1,sea,1,1,1,0,0,0
2025-08-06T06:22:22.153328Z,2025,8,6,65.683000,22.671800,-8.0,0,3.5,1,sea,1,1,1,0,0,0
2025-08-06T06:22:32.065350Z,2025,8,6,65.774600,22.281100,6.0,0,6.4,1,mainland,0,0,1,0,0,0
2025-08-06T06:22:32.065885Z,2025,8,6,65.764600,22.181700,6.0,0,3.7,1,mainland,0,0,0,0,0,0
2025-08-06T06:22:32.066253Z,2025,8,6,65.873800,22.486100,9.0,0,30.4,1,mainland,0,0,0,0,0,0
2025-08-06T06:22:32.067083Z,2025,8,6,65.789400,22.196900,7.0,0,7.5,1,mainland,0,0,0,0,0,0
2025-08-06T06:22:32.067608Z,2025,8,6,65.787400,22.187100,7.0,0,22.1,1,mainland,0,0,0,0,0,0
2025-08-06T06:22:32.075524Z,2025,8,6,65.787500,22.194600,10.0,0,10.1,1,mainland,0,0,0,0,0,0
2025-08-06T06:22:32.077797Z,2025,8,6,65.787200,22.149300,15.0,0,18.8,1,mainland,0,0,0,0,0,0
2025-08-06T06:22:44.041906Z,2025,8,6,65.686800,22.738500,6.0,0,12.2,1,sea,0,0,0,0,0,0
2025-08-06T06:22:44.043935Z,2025,8,6,65.612300,22.747900,3.0,0,6.7,1,sea,0,0,0,0,0,0
2025-08-06T06:23:00.629627Z,2025,8,6,65.696800,22.721500,10.0,0,11.2,1,sea,1,1,1,0,0,0
2025-08-06T06:23:00.630353Z,2025,8,6,65.694900,22.726200,14.0,0,16.6,1,sea,1,1,1,0,0,0
2025-08-06T06:23:16.137281Z,2025,8,6,65.677800,22.724600,4.0,0,3.7,1,islands,1,1,1,0,0,0
2025-08-06T06:23:16.137874Z,2025,8,6,65.706300,22.707900,8.0,0,11.4,1,sea,0,1,1,0,0,1
2025-08-06T06:23:16.138831Z,2025,8,6,65.703700,22.712400,9.0,0,17.8,1,sea,0,1,1,0,0,1
2025-08-06T06:23:16.158241Z,2025,8,6,65.698300,22.713100,7.0,0,5.4,1,sea,0,1,1,0,0,0
2025-08-06T06:23:31.420141Z,2025,8,6,65.709900,22.708300,17.0,0,11.9,1,sea,0,1,1,0,1,1
2025-08-06T06:23:31.445175Z,2025,8,6,65.716300,22.713700,5.0,0,5.8,1,sea,0,0,1,1,1,1
2025-08-06T06:23:31.455891Z,2025,8,6,65.708100,22.714400,7.0,0,6.1,1,sea,0,0,1,0,1,1
2025-08-06T06:23:52.955953Z,2025,8,6,65.797300,22.203200,6.0,0,6.0,1,mainland,0,0,0,0,0,0
2025-08-06T06:23:52.956696Z,2025,8,6,65.793300,22.204800,8.0,0,8.3,1,mainland,0,0,0,0,0,0
2025-08-06T06:23:52.957809Z,2025,8,6,65.792100,22.202600,9.0,0,22.6,1,mainland,0,0,0,0,0,0
2025-08-06T06:23:52.957839Z,2025,8,6,65.815100,22.140300,-16.0,0,13.1,1,mainland,0,0,0,0,0,0
2025-08-06T06:23:52.959381Z,2025,8,6,65.804100,22.229600,-9.0,0,21.0,1,mainland,0,0,0,0,0,0
2025-08-06T06:23:52.971735Z,2025,8,6,65.793600,22.201300,7.0,0,2.7,1,mainland,0,0,0,0,0,0
2025-08-06T06:23:52.979521Z,2025,8,6,65.810700,22.213500,5.0,0,8.3,1,mainland,0,0,0,0,0,0
2025-08-06T06:24:15.367434Z,2025,8,6,65.676100,22.747200,15.0,0,23.5,1,sea,0,0,1,0,0,0
2025-08-06T06:24:15.701139Z,2025,8,6,65.728600,22.639600,-45.0,0,13.7,1,sea,0,0,0,0,1,1
2025-08-06T06:24:15.749205Z,2025,8,6,65.729000,22.639800,-18.0,0,8.9,1,sea,0,0,0,0,1,1
2025-08-06T06:24:15.789981Z,2025,8,6,65.728900,22.641500,-11.0,0,4.3,1,sea,0,0,0,0,1,1
2025-08-06T06:24:15.915549Z,2025,8,6,65.729700,22.641100,-6.0,0,2.4,1,sea,0,0,0,1,1,1
2025-08-06T06:24:40.304784Z,2025,8,6,65.716800,22.706600,11.0,0,17.6,1,sea,0,0,1,0,1,1
2025-08-06T06:24:40.305698Z,2025,8,6,65.717300,22.695700,8.0,0,22.5,1,sea,0,0,1,0,0,1
2025-08-06T06:24:40.353693Z,2025,8,6,65.706800,22.738900,6.0,0,3.0,1,sea,1,1,1,0,1,1
2025-08-06T06:25:18.613715Z,2025,8,6,65.729200,22.644600,6.0,0,5.7,1,sea,0,0,0,1,1,1
2025-08-06T06:25:19.230519Z,2025,8,6,66.068000,22.122800,11.0,0,0.0,1,mainland,0,0,0,0,0,0
2025-08-06T06:25:43.115662Z,2025,8,6,65.722800,22.712200,21.0,0,10.1,1,sea,0,0,1,1,1,1
2025-08-06T06:26:03.165084Z,2025,8,6,65.719100,22.689700,8.0,0,13.6,1,sea,0,0,1,0,0,0
2025-08-06T06:26:03.175995Z,2025,8,6,65.662300,22.692000,4.0,0,1.9,1,sea,1,1,1,0,0,0
2025-08-06T06:26:03.463855Z,2025,8,6,65.733900,22.593700,-39.0,0,13.9,1,sea,0,0,1,0,0,0
2025-08-06T06:26:03.502021Z,2025,8,6,65.734200,22.595900,-16.0,0,4.8,1,sea,0,0,1,0,0,0
2025-08-06T06:26:08.975139Z,2025,8,6,65.811700,22.190600,7.0,0,17.0,1,mainland,0,0,0,0,0,0
2025-08-06T06:26:08.975598Z,2025,8,6,65.806000,22.162600,7.0,0,17.5,1,mainland,0,0,0,0,0,0
2025-08-06T06:26:08.976200Z,2025,8,6,65.807600,22.192200,14.0,0,30.4,1,mainland,0,0,0,0,0,0
2025-08-06T06:26:08.977479Z,2025,8,6,65.793000,22.192100,-9.0,0,20.6,1,mainland,0,0,0,0,0,0
2025-08-06T06:26:08.979193Z,2025,8,6,65.809800,22.167800,8.0,0,6.2,1,mainland,0,0,0,0,0,0
2025-08-06T06:26:08.979896Z,2025,8,6,65.815300,22.172400,6.0,0,2.9,1,mainland,0,0,0,0,0,0
2025-08-06T06:26:16.538124Z,2025,8,6,65.434300,22.709900,7.0,0,2.1,1,sea,0,0,0,0,0,0
2025-08-06T06:26:57.205115Z,2025,8,6,65.724500,22.663500,-4.0,0,2.7,1,sea,0,0,0,0,1,1
2025-08-06T06:27:26.897742Z,2025,8,6,65.637900,22.751600,3.0,0,1.9,1,sea,0,0,1,0,0,0
2025-08-06T06:28:04.377138Z,2025,8,6,65.737600,22.572100,14.0,0,13.1,1,sea,0,1,1,0,0,0
2025-08-06T06:28:04.377867Z,2025,8,6,65.735100,22.477900,37.0,0,30.4,1,sea,0,0,0,0,0,0
2025-08-06T06:29:06.583002Z,2025,8,6,65.715500,22.704500,9.0,0,27.8,1,sea,0,0,1,0,1,1
2025-08-06T06:30:12.819945Z,2025,8,6,65.744300,22.519900,6.0,0,16.7,1,sea,0,0,0,0,0,0
2025-08-06T06:32:14.449905Z,2025,8,6,65.797000,22.522700,13.0,0,0.0,1,mainland,0,1,1,0,0,0
2025-08-06T06:32:14.449957Z,2025,8,6,65.804900,22.508600,11.0,0,0.0,1,sea,0,1,1,0,0,0
2025-08-06T06:32:14.485688Z,2025,8,6,65.765300,22.632200,-6.0,0,2.7,1,sea,0,1,1,0,1,1
2025-08-06T06:33:53.291513Z,2025,8,6,65.813100,22.039100,-10.0,0,5.6,1,mainland,0,0,0,0,0,0
2025-08-06T06:34:22.548202Z,2025,8,6,65.683000,22.700300,3.0,0,1.4,1,islands,1,1,1,0,0,0
2025-08-06T06:35:19.099786Z,2025,8,6,65.771100,22.648700,22.0,0,0.0,1,sea,1,1,1,1,1,1
2025-08-06T06:35:19.120580Z,2025,8,6,65.773800,22.653900,-7.0,0,12.2,1,sea,0,1,1,1,1,1
2025-08-06T06:35:19.128966Z,2025,8,6,65.774400,22.654400,-5.0,0,6.0,1,sea,0,1,1,1,1,1
2025-08-06T06:35:19.132004Z,2025,8,6,65.788900,22.614400,-5.0,0,8.6,1,sea,1,1,1,0,0,1
2025-08-06T06:35:19.133726Z,2025,8,6,65.657200,22.662800,-3.0,0,2.4,1,sea,0,0,0,0,0,0
2025-08-06T06:35:19.507487Z,2025,8,6,65.743200,22.595500,5.0,0,13.2,1,sea,0,0,0,0,0,1
2025-08-06T06:40:39.411886Z,2025,8,6,65.708400,22.643500,4.0,0,25.3,1,sea,0,0,0,0,0,0
2025-08-06T06:47:42.810236Z,2025,8,6,65.615400,22.718200,-4.0,0,1.7,1,sea,0,0,0,0,0,0
2025-08-06T06:52:23.849054Z,2025,8,6,65.907600,22.432000,4.0,0,5.5,1,mainland,0,0,0,0,0,0
2025-08-06T06:52:23.986638Z,2025,8,6,65.917400,22.413900,-9.0,0,8.7,1,mainland,0,0,0,0,0,0
2025-08-06T06:58:37.431415Z,2025,8,6,65.822100,22.589700,6.0,0,10.1,1,mainland,0,0,0,0,0,1
2025-08-06T06:58:37.432024Z,2025,8,6,65.824200,22.603600,9.0,0,11.3,1,mainland,0,0,0,1,1,1
2025-08-06T07:10:09.513846Z,2025,8,6,65.681000,22.831200,4.0,0,2.0,1,sea,0,0,0,0,1,1
2025-08-06T07:17:32.297104Z,2025,8,6,65.642600,21.525200,-16.0,0,7.0,1,mainland,0,0,0,0,0,0
2025-08-06T07:17:32.314780Z,2025,8,6,65.630700,21.508800,-5.0,0,6.9,1,mainland,0,0,0,0,0,0
2025-08-06T08:01:35.481041Z,2025,8,6,65.155200,22.602800,-11.0,0,0.0,1,sea,0,0,0,0,0,0
2025-08-06T08:01:35.481289Z,2025,8,6,65.143800,22.529000,-12.0,0,0.0,1,sea,0,0,0,0,0,0
2025-08-06T08:01:35.481316Z,2025,8,6,65.142700,22.556100,-12.0,0,0.0,1,sea,0,0,0,0,0,0
2025-08-06T08:01:35.491217Z,2025,8,6,65.138800,22.630100,-4.0,0,3.5,1,sea,0,0,0,0,0,0
2025-08-06T08:01:35.518057Z,2025,8,6,65.138800,22.623600,-12.0,0,4.8,1,sea,0,0,0,0,0,0
2025-08-06T08:01:35.532596Z,2025,8,6,65.144900,22.621000,-6.0,0,2.4,1,sea,0,0,0,0,0,0
2025-08-06T08:23:27.935449Z,2025,8,6,65.149000,22.681000,4.0,0,6.2,1,sea,0,0,0,0,0,0
2025-08-06T08:26:46.943483Z,2025,8,6,65.190400,22.654900,-4.0,0,0.0,1,sea,0,0,0,0,0,0
2025-08-06T08:26:46.943560Z,2025,8,6,65.195700,22.664900,-7.0,0,3.1,1,sea,0,0,0,0,0,0
2025-08-06T08:26:46.948424Z,2025,8,6,65.191600,22.697100,-45.0,0,19.6,1,sea,0,0,0,0,0,0
2025-08-06T08:26:46.978269Z,2025,8,6,65.204400,22.640000,-14.0,0,3.3,1,sea,0,0,0,0,0,0
2025-08-06T08:26:46.993573Z,2025,8,6,65.211400,22.655300,-7.0,0,1.7,1,sea,0,0,0,0,0,0
2025-08-06T08:28:21.941271Z,2025,8,6,65.203300,22.651300,-7.0,0,3.6,1,sea,0,0,0,0,0,0
2025-08-06T08:28:21.949423Z,2025,8,6,65.207300,22.663500,-25.0,0,5.8,1,sea,0,0,0,0,0,0
2025-08-06T08:28:21.951276Z,2025,8,6,65.206200,22.651700,-7.0,0,6.4,1,sea,0,0,0,0,0,0
2025-08-06T08:28:21.962518Z,2025,8,6,65.198300,22.662600,-11.0,0,3.6,1,sea,0,0,0,0,0,0
2025-08-06T08:28:21.972446Z,2025,8,6,65.206800,22.661300,-6.0,0,1.8,1,sea,0,0,0,0,0,0
2025-08-06T08:30:44.607153Z,2025,8,6,65.221400,22.641700,-8.0,0,0.0,1,sea,0,0,0,0,0,0
2025-08-06T08:30:44.607246Z,2025,8,6,65.220800,22.636100,-10.0,0,0.0,1,sea,0,0,0,0,0,0
2025-08-06T08:30:44.607290Z,2025,8,6,65.221100,22.638300,-10.0,0,5.4,1,sea,0,0,0,0,0,0
2025-08-06T08:30:44.609856Z,2025,8,6,65.226000,22.640500,-64.0,0,13.2,1,sea,0,0,0,0,0,0
2025-08-06T08:30:44.630178Z,2025,8,6,65.227700,22.661800,-3.0,0,3.8,1,sea,0,0,0,0,0,0
2025-08-06T08:35:00.487411Z,2025,8,6,65.262500,22.641400,7.0,0,0.0,1,sea,0,0,0,0,0,0
2025-08-06T08:35:00.487575Z,2025,8,6,65.261000,22.638200,17.0,0,0.0,1,sea,0,0,0,0,0,0
2025-08-06T08:35:00.487807Z,2025,8,6,65.262900,22.641800,14.0,0,0.0,1,sea,0,0,0,0,0,0
2025-08-06T08:35:00.487986Z,2025,8,6,65.259100,22.632900,28.0,0,13.0,1,sea,0,0,0,0,0,0
2025-08-06T08:35:00.488372Z,2025,8,6,65.261500,22.639100,15.0,0,0.0,1,sea,0,0,0,0,0,0
2025-08-06T08:35:00.488628Z,2025,8,6,65.261800,22.642700,6.0,0,0.0,1,sea,0,0,0,0,0,0
2025-08-06T08:35:00.489219Z,2025,8,6,65.259800,22.658100,11.0,0,21.5,1,sea,0,0,0,0,0,0
2025-08-06T08:35:00.490819Z,2025,8,6,65.275600,22.636200,6.0,0,3.9,1,sea,0,0,0,0,0,0
2025-08-06T09:11:32.529928Z,2025,8,6,65.899600,22.402200,9.0,0,7.5,1,inland_water,0,0,0,0,0,0
2025-08-06T09:11:32.802367Z,2025,8,6,65.907600,22.405800,-5.0,0,2.5,1,inland_water,0,0,0,0,0,0
2025-08-06T09:12:46.094220Z,2025,8,6,65.914200,22.398200,6.0,0,2.1,1,mainland,0,0,0,0,0,0
2025-08-06T09:13:57.200333Z,2025,8,6,65.925000,22.423000,7.0,0,8.6,1,mainland,0,0,0,0,0,0
2025-08-06T09:18:53.013670Z,2025,8,6,65.965800,22.412700,8.0,0,6.8,1,mainland,0,0,0,0,0,0
2025-08-06T09:18:53.014789Z,2025,8,6,65.967500,22.422400,12.0,0,11.1,1,mainland,0,0,0,0,0,0
2025-08-06T09:18:53.016797Z,2025,8,6,65.973900,22.393900,5.0,0,4.5,1,mainland,0,0,0,0,0,0
2025-08-06T09:34:28.607294Z,2025,8,6,65.266900,22.638400,-7.0,0,0.0,1,sea,0,0,0,0,0,0
2025-08-06T09:34:28.607340Z,2025,8,6,65.273100,22.648000,-13.0,0,4.2,1,sea,0,0,0,0,0,0
2025-08-06T09:34:28.607465Z,2025,8,6,65.249900,22.637800,-9.0,0,0.0,1,sea,0,0,0,0,0,0
2025-08-06T09:34:28.694934Z,2025,8,6,65.279600,22.643000,-5.0,0,1.7,1,sea,0,0,0,0,0,0
2025-08-06T09:37:24.189169Z,2025,8,6,65.318500,22.643600,6.0,0,10.1,1,sea,0,0,0,0,0,0
2025-08-06T09:43:00.935069Z,2025,8,6,65.353200,22.621700,-58.0,0,10.0,1,sea,0,0,0,0,0,0
2025-08-06T09:43:00.944363Z,2025,8,6,65.355500,22.642300,-13.0,0,5.2,1,sea,0,0,0,0,0,0
2025-08-15T00:53:11.626865Z,2025,8,15,65.083300,22.679800,16.0,0,10.1,1,sea,0,0,0,0,0,0
2025-08-15T00:53:11.627929Z,2025,8,15,65.085000,22.667700,6.0,0,30.4,1,sea,0,0,0,0,0,0
2025-08-15T00:53:11.644580Z,2025,8,15,65.116300,22.676100,-5.0,0,8.5,1,sea,0,0,0,0,0,0
2025-08-15T00:54:40.689251Z,2025,8,15,65.082500,22.660300,8.0,0,11.0,1,sea,0,0,0,0,0,0
2025-08-15T00:55:15.000827Z,2025,8,15,65.171700,22.303500,4.0,0,1.5,1,sea,0,0,0,0,0,0
2025-08-15T00:55:15.001394Z,2025,8,15,65.168700,22.307000,8.0,0,4.1,1,sea,0,0,0,0,0,1
2025-08-15T00:55:15.002159Z,2025,8,15,65.107200,22.457500,5.0,0,26.0,1,sea,0,0,0,0,0,0
2025-08-15T00:55:15.003706Z,2025,8,15,65.169400,22.293800,8.0,0,10.8,1,sea,0,0,0,0,0,1
2025-08-15T00:57:32.679277Z,2025,8,15,65.089400,22.692000,-9.0,0,16.6,1,sea,0,0,0,0,0,0
2025-08-15T00:57:32.682215Z,2025,8,15,65.090000,22.696300,6.0,0,20.7,1,sea,0,0,0,0,0,0
2025-08-15T00:58:59.086393Z,2025,8,15,65.174300,22.349100,-10.0,0,0.0,1,sea,0,0,0,0,0,0
2025-08-15T00:58:59.086405Z,2025,8,15,65.171700,22.338100,-20.0,0,6.1,1,sea,0,0,0,0,0,0
2025-08-15T00:58:59.088034Z,2025,8,15,65.179600,22.362300,-77.0,0,8.6,1,sea,0,0,0,0,0,0
2025-08-15T00:58:59.096103Z,2025,8,15,65.172200,22.340500,-6.0,0,2.5,1,sea,0,0,0,0,0,0
2025-08-15T00:58:59.113414Z,2025,8,15,65.179300,22.345800,-19.0,0,5.2,1,sea,0,0,0,0,0,0
2025-08-15T00:58:59.148879Z,2025,8,15,65.178300,22.369400,-17.0,0,5.2,1,sea,0,0,0,0,0,0
2025-08-15T01:00:26.923326Z,2025,8,15,65.182600,22.380600,5.0,0,6.0,1,sea,0,0,0,0,0,0
2025-08-15T01:00:26.924505Z,2025,8,15,65.181000,22.379000,4.0,0,4.6,1,sea,0,0,0,0,0,0
2025-08-15T01:00:26.926285Z,2025,8,15,65.188400,22.366900,5.0,0,25.0,1,sea,0,0,0,0,0,0
2025-08-15T01:00:26.927345Z,2025,8,15,65.215500,22.468900,3.0,0,7.0,1,sea,0,0,0,0,0,0
2025-08-15T01:05:08.376045Z,2025,8,15,65.205600,22.399500,-9.0,0,0.0,1,sea,0,0,0,0,0,0
2025-08-15T01:05:08.378814Z,2025,8,15,65.195900,22.421000,-84.0,0,14.1,1,sea,0,0,0,0,0,0
2025-08-15T01:05:08.401876Z,2025,8,15,65.201100,22.296800,-2.0,0,2.2,1,sea,0,0,0,0,0,0
2025-08-15T01:05:08.414194Z,2025,8,15,65.197600,22.390800,-19.0,0,5.8,1,sea,0,0,0,0,0,0
2025-08-15T01:05:08.459189Z,2025,8,15,65.198900,22.481700,-9.0,0,2.0,1,sea,0,0,0,0,0,0
2025-08-15T01:05:08.529179Z,2025,8,15,65.197000,22.390700,-20.0,0,5.4,1,sea,0,0,0,0,0,0
2025-08-15T01:05:08.553785Z,2025,8,15,65.197400,22.389300,-8.0,0,1.9,1,sea,0,0,0,0,0,0
2025-08-15T01:05:08.608641Z,2025,8,15,65.196200,22.390100,-19.0,0,30.4,1,sea,0,0,0,0,0,0
2025-08-15T01:10:30.015536Z,2025,8,15,65.208600,22.426600,5.0,0,8.8,1,sea,0,0,0,0,0,0
2025-08-15T01:10:30.016216Z,2025,8,15,65.211600,22.446000,6.0,0,9.8,1,sea,0,0,0,0,0,0
2025-08-15T01:10:30.017135Z,2025,8,15,65.195700,22.494000,3.0,0,8.2,1,sea,0,0,0,0,0,0
2025-08-15T01:10:30.030236Z,2025,8,15,65.212900,22.447800,5.0,0,7.9,1,sea,0,0,0,0,0,0
2025-08-15T01:10:30.049286Z,2025,8,15,65.211500,22.429600,-3.0,0,2.5,1,sea,0,0,0,0,0,0
2025-08-15T01:10:30.057071Z,2025,8,15,65.194200,22.419000,-4.0,0,3.2,1,sea,0,0,0,0,0,0
2025-08-15T12:35:05.871406Z,2025,8,15,65.694300,22.303000,7.0,0,5.5,1,mainland,1,1,1,0,0,0
2025-09-06T23:31:31.108791Z,2025,9,6,65.499600,22.123300,-6.0,0,4.6,1,sea,0,1,1,0,0,0
2025-09-07T15:31:31.916944Z,2025,9,7,65.146000,22.430500,7.0,0,18.1,1,sea,0,0,0,0,0,0
2025-09-07T15:31:31.933827Z,2025,9,7,65.156600,22.461900,6.0,0,3.2,1,sea,0,0,0,0,0,0
2025-09-07T15:33:13.648497Z,2025,9,7,65.148300,22.453400,6.0,0,0.0,1,sea,0,0,0,0,0,0
2025-09-07T15:33:13.648791Z,2025,9,7,65.148300,22.437500,13.0,0,10.4,1,sea,0,0,0,0,0,0
2025-09-07T15:33:13.649129Z,2025,9,7,65.150100,22.458100,8.0,0,0.0,1,sea,0,0,0,0,0,0
2025-09-07T15:33:13.649458Z,2025,9,7,65.135300,22.481400,7.0,0,30.2,1,sea,0,0,0,0,0,0
2025-09-07T15:33:13.651198Z,2025,9,7,65.108300,22.552100,6.0,0,20.7,1,sea,0,0,0,0,0,0
2025-09-07T15:33:13.661680Z,2025,9,7,65.151200,22.446000,9.0,0,26.2,1,sea,0,0,0,0,0,0
2025-09-07T15:35:00.052534Z,2025,9,7,65.157800,22.426600,11.0,0,14.2,1,sea,0,0,0,0,0,0
2025-09-07T15:35:00.052711Z,2025,9,7,65.158100,22.504200,6.0,0,0.0,1,sea,0,0,0,0,0,0
2025-09-07T15:38:16.224609Z,2025,9,7,65.172700,22.442200,18.0,0,8.0,1,sea,0,0,0,0,0,0
2025-09-07T15:38:16.225088Z,2025,9,7,65.179400,22.461000,10.0,0,8.8,1,sea,0,0,0,0,0,0
2025-09-07T15:38:16.241430Z,2025,9,7,65.175800,22.424100,12.0,0,22.3,1,sea,0,0,0,0,0,0
2025-09-07T15:42:11.904024Z,2025,9,7,65.355000,22.236000,8.0,0,0.0,1,sea,0,0,0,0,0,0
2025-09-07T15:42:11.904236Z,2025,9,7,65.356100,22.221100,9.0,0,5.4,1,sea,0,0,0,0,0,0
2025-09-07T15:42:11.914843Z,2025,9,7,65.350900,22.226900,3.0,0,1.5,1,sea,0,0,0,0,0,0
2025-09-07T15:44:19.922816Z,2025,9,7,65.364500,22.233500,11.0,0,6.4,1,sea,0,0,0,0,0,0
2025-09-07T15:44:19.923588Z,2025,9,7,65.362500,22.233500,5.0,0,2.0,1,sea,0,0,0,0,0,0
2025-09-07T15:44:19.924627Z,2025,9,7,65.360800,22.231200,4.0,0,1.3,1,sea,0,0,0,0,0,0
2025-09-07T15:49:17.890107Z,2025,9,7,65.391800,22.271700,9.0,0,8.3,1,sea,0,0,1,0,0,0
2025-09-07T15:49:17.891416Z,2025,9,7,65.385300,22.290000,7.0,0,17.3,1,sea,0,0,1,0,0,0
2025-09-07T15:49:17.892881Z,2025,9,7,65.379600,22.385000,8.0,0,2.7,1,sea,1,1,1,0,0,0
2025-09-07T15:49:17.959207Z,2025,9,7,65.383200,22.283200,-5.0,0,1.7,1,sea,0,0,1,0,0,0
2025-09-07T15:50:30.676474Z,2025,9,7,65.419400,22.808400,-8.0,0,3.1,1,sea,0,0,0,0,0,0
2025-09-07T15:50:30.728016Z,2025,9,7,65.433400,22.864700,-6.0,0,4.6,1,sea,0,0,0,0,0,0
2025-09-07T15:52:15.840919Z,2025,9,7,65.417800,22.267700,5.0,0,5.5,1,sea,0,0,1,0,0,0
2025-09-07T16:01:01.108449Z,2025,9,7,65.475500,22.740800,7.0,0,0.0,1,islands,1,1,1,0,0,0
2025-09-07T16:01:01.108638Z,2025,9,7,65.455500,22.776000,16.0,0,14.9,1,sea,0,0,1,0,0,0
2025-09-07T16:01:01.108655Z,2025,9,7,65.474900,22.729400,20.0,0,0.0,1,sea,1,1,1,0,0,0
2025-09-07T16:01:01.109353Z,2025,9,7,65.459300,22.786500,19.0,0,16.7,1,sea,0,0,0,0,0,0
2025-09-07T16:01:01.110455Z,2025,9,7,65.455800,22.773000,5.0,0,14.5,1,sea,0,0,1,0,0,0
2025-09-07T16:01:01.126376Z,2025,9,7,65.455200,22.786300,10.0,0,10.1,1,sea,0,0,0,0,0,0
2025-09-07T16:03:39.491986Z,2025,9,7,65.464200,22.767000,10.0,0,8.6,1,sea,1,1,1,0,0,0
2025-09-07T16:03:39.492649Z,2025,9,7,65.463300,22.800600,13.0,0,20.5,1,sea,0,0,0,0,0,0
2025-09-07T16:06:36.273651Z,2025,9,7,65.505600,22.780000,-9.0,0,3.8,1,sea,0,0,0,0,0,0
2025-09-07T16:06:36.296580Z,2025,9,7,65.523500,22.762700,5.0,0,8.3,1,sea,0,0,0,0,0,0
2025-09-07T16:06:36.296924Z,2025,9,7,65.527600,22.767400,8.0,0,10.7,1,sea,0,0,1,0,0,0
2025-09-07T16:06:36.297493Z,2025,9,7,65.524400,22.757300,24.0,0,14.2,1,sea,0,0,0,0,0,0
2025-09-07T16:06:36.298654Z,2025,9,7,65.517200,22.763800,6.0,0,3.6,1,sea,0,0,0,0,0,0
2025-09-07T16:06:36.299555Z,2025,9,7,65.510200,22.805300,13.0,0,30.4,1,sea,0,0,1,0,0,0
2025-09-07T16:06:36.300499Z,2025,9,7,65.522800,22.790000,8.0,0,16.0,1,sea,0,1,1,0,0,0
2025-09-07T16:06:36.301649Z,2025,9,7,65.426900,22.954300,11.0,0,10.0,1,sea,0,0,0,0,0,0
2025-09-07T16:07:45.369783Z,2025,9,7,65.510600,22.763900,15.0,0,5.0,1,sea,0,0,0,0,0,0
2025-09-07T16:08:55.391416Z,2025,9,7,65.487500,22.739300,4.0,0,1.4,1,islands,1,1,1,0,0,0
2025-09-07T16:08:55.392492Z,2025,9,7,65.493800,22.754700,10.0,0,3.2,1,sea,0,0,1,0,0,0
2025-09-07T16:08:55.393169Z,2025,9,7,65.495800,22.751300,5.0,0,5.5,1,sea,0,0,1,0,0,0
2025-09-07T16:08:55.393950Z,2025,9,7,65.496600,22.708300,6.0,0,13.6,1,islands,1,1,1,0,0,0
2025-09-07T16:08:55.394943Z,2025,9,7,65.497500,22.738600,6.0,0,14.7,1,sea,0,1,1,0,0,0
2025-09-07T16:09:41.838240Z,2025,9,7,65.511400,22.719100,-4.0,0,1.5,1,sea,0,1,1,0,0,0
2025-09-07T16:09:41.940563Z,2025,9,7,65.518800,22.728400,-5.0,0,2.9,1,islands,1,1,1,0,0,0
2025-09-07T16:09:42.016199Z,2025,9,7,65.513400,22.715200,-5.0,0,1.7,1,sea,1,1,1,0,0,0
2025-09-07T16:11:11.226666Z,2025,9,7,65.502300,22.796400,12.0,0,0.0,1,sea,0,0,1,0,0,0
2025-09-07T16:11:11.226948Z,2025,9,7,65.502800,22.745100,20.0,0,11.6,1,sea,0,0,1,0,0,0
2025-09-07T16:11:11.226962Z,2025,9,7,65.499900,22.730200,16.0,0,0.0,1,sea,0,0,1,0,0,0
2025-09-07T16:11:11.227213Z,2025,9,7,65.502500,22.745500,19.0,0,7.4,1,sea,0,0,1,0,0,0
2025-09-07T16:16:45.723501Z,2025,9,7,65.358400,22.723300,-15.0,0,0.0,1,sea,0,0,0,0,0,0
2025-09-07T16:16:45.723539Z,2025,9,7,65.358100,22.710400,-32.0,0,13.9,1,sea,0,0,0,0,0,0
2025-09-07T16:16:45.723675Z,2025,9,7,65.358500,22.720900,-28.0,0,0.0,1,sea,0,0,0,0,0,0
2025-09-07T16:16:45.731067Z,2025,9,7,65.350700,22.720400,-19.0,0,4.3,1,sea,0,0,0,0,0,0
2025-09-07T16:16:45.752125Z,2025,9,7,65.365600,22.718300,-7.0,0,3.9,1,sea,0,0,0,0,0,0
2025-09-07T16:16:45.753531Z,2025,9,7,65.344700,22.683600,7.0,0,5.0,1,sea,0,0,0,0,0,0
2025-09-07T16:18:41.666061Z,2025,9,7,65.365400,22.702000,10.0,0,0.0,1,sea,0,0,0,0,0,0
2025-09-07T16:18:41.666363Z,2025,9,7,65.367100,22.698100,22.0,0,24.0,1,sea,0,0,0,0,0,0
2025-09-07T16:18:41.666940Z,2025,9,7,65.357000,22.706200,11.0,0,13.9,1,sea,0,0,0,0,0,0
2025-09-07T16:23:26.335987Z,2025,9,7,65.429500,22.663900,3.0,0,13.2,1,sea,0,0,0,0,0,0
2025-09-07T16:23:26.455353Z,2025,9,7,65.406700,22.717400,7.0,0,24.8,1,sea,0,0,0,0,0,0
2025-09-07T16:23:26.464747Z,2025,9,7,65.581500,22.752400,4.0,0,1.7,1,sea,0,0,0,0,0,0
2025-09-07T16:24:18.262492Z,2025,9,7,65.202400,23.037300,6.0,0,3.4,1,sea,0,0,0,0,0,0
2025-09-07T16:24:18.263463Z,2025,9,7,65.202900,23.040100,4.0,0,3.7,1,sea,0,0,0,0,0,0
2025-09-07T16:24:18.265311Z,2025,9,7,65.203000,23.037200,5.0,0,25.1,1,sea,0,0,0,0,0,0
2025-09-07T16:24:18.267331Z,2025,9,7,65.206000,23.036300,10.0,0,19.1,1,sea,0,0,0,0,0,0
2025-09-07T16:24:18.273883Z,2025,9,7,65.201000,23.033600,6.0,0,17.3,1,sea,0,0,0,0,0,0
2025-09-07T16:29:12.640307Z,2025,9,7,65.242200,22.962400,-7.0,0,0.0,1,sea,0,0,0,0,0,0
2025-09-07T16:29:12.640351Z,2025,9,7,65.240600,22.971400,-14.0,0,0.0,1,sea,0,0,0,0,0,0
2025-09-07T16:29:12.640406Z,2025,9,7,65.240700,22.961700,-12.0,0,0.0,1,sea,0,0,0,0,0,0
2025-09-07T16:29:12.640460Z,2025,9,7,65.241300,22.966400,-9.0,0,0.0,1,sea,0,0,0,0,0,0
2025-09-07T16:29:12.642214Z,2025,9,7,65.242800,22.966100,-7.0,0,6.8,1,sea,0,0,0,0,0,0
2025-09-07T16:29:12.647088Z,2025,9,7,65.236300,22.950500,-10.0,0,2.9,1,sea,0,0,0,0,0,0
2025-09-07T16:29:12.652616Z,2025,9,7,65.246000,22.957900,-4.0,0,4.6,1,sea,0,0,0,0,0,0
2025-09-07T16:31:50.188880Z,2025,9,7,65.462200,22.755100,8.0,0,5.2,1,sea,0,0,1,0,0,0
2025-09-07T16:31:50.189666Z,2025,9,7,65.462000,22.748600,9.0,0,15.7,1,sea,0,1,1,0,0,0
2025-09-07T16:31:50.191601Z,2025,9,7,65.509900,22.902500,6.0,0,13.4,1,sea,0,0,0,0,0,0
2025-09-07T16:31:50.283599Z,2025,9,7,65.460700,22.741900,-5.0,0,11.6,1,sea,0,1,1,0,0,0
2025-09-07T16:31:50.300353Z,2025,9,7,65.453600,22.735300,-7.0,0,3.7,1,sea,0,0,0,0,0,0
2025-09-07T16:36:25.247504Z,2025,9,7,65.215800,22.752600,26.0,0,5.1,1,sea,0,0,0,0,0,0
2025-09-07T16:36:48.664336Z,2025,9,7,65.489500,22.747000,-8.0,0,4.9,1,sea,1,1,1,0,0,0
2025-09-07T16:36:48.669496Z,2025,9,7,65.493900,22.746400,-54.0,0,20.3,1,sea,1,1,1,0,0,0
2025-09-07T16:36:48.683398Z,2025,9,7,65.494000,22.742400,-6.0,0,2.4,1,sea,1,1,1,0,0,0
2025-09-07T16:36:48.710542Z,2025,9,7,65.489600,22.701800,6.0,0,9.3,1,sea,0,1,1,0,0,0
2025-09-07T16:36:48.711991Z,2025,9,7,65.489000,22.694800,12.0,0,5.6,1,sea,1,1,1,0,0,0
2025-09-07T16:36:48.712463Z,2025,9,7,65.479000,22.693400,9.0,0,21.6,1,sea,0,1,1,0,0,0
2025-09-07T16:36:48.712900Z,2025,9,7,65.483500,22.645000,9.0,0,15.3,1,sea,0,0,1,0,0,0
2025-09-07T16:36:48.713359Z,2025,9,7,65.496200,22.717800,-9.0,0,13.5,1,sea,1,1,1,0,0,0
2025-09-07T16:36:48.713864Z,2025,9,7,65.418800,22.895700,8.0,0,6.7,1,sea,0,0,0,0,0,0
2025-09-07T16:36:48.715642Z,2025,9,7,65.486900,22.733600,7.0,0,6.4,1,islands,1,1,1,0,0,0
2025-09-07T16:36:48.716571Z,2025,9,7,65.496800,22.732700,6.0,0,6.2,1,sea,0,1,1,0,0,0
2025-09-07T16:36:48.762197Z,2025,9,7,65.577000,22.690700,-4.0,0,4.3,1,sea,0,0,0,0,0,0
2025-09-07T16:36:48.770963Z,2025,9,7,65.521500,22.837500,4.0,0,5.4,1,sea,0,0,0,0,0,0
2025-09-07T16:41:44.587582Z,2025,9,7,65.503200,22.809200,5.0,0,10.0,1,sea,1,1,1,0,0,0
2025-09-07T16:41:44.625432Z,2025,9,7,65.525700,22.818000,10.0,0,8.9,1,sea,0,1,1,0,0,0
2025-09-07T16:41:44.662696Z,2025,9,7,65.592300,22.716900,-8.0,0,4.9,1,sea,0,0,0,0,0,0
2025-09-07T16:42:24.366474Z,2025,9,7,65.534000,22.891000,4.0,0,4.1,1,sea,0,0,0,0,0,0
2025-09-07T16:43:08.560316Z,2025,9,7,65.527000,22.802300,4.0,0,5.5,1,islands,1,1,1,0,0,0
2025-09-07T16:46:37.449977Z,2025,9,7,65.417400,22.793200,-6.0,0,0.0,1,sea,0,0,0,0,0,0
2025-09-07T16:46:37.450084Z,2025,9,7,65.417600,22.774300,-10.0,0,0.0,1,sea,0,0,0,0,0,0
2025-09-07T16:46:37.450197Z,2025,9,7,65.416500,22.789900,-13.0,0,0.0,1,sea,0,0,0,0,0,0
2025-09-07T16:46:37.450318Z,2025,9,7,65.418600,22.784400,-7.0,0,0.0,1,sea,0,0,0,0,0,0
2025-09-07T16:46:37.450506Z,2025,9,7,65.422400,22.781200,-15.0,0,9.2,1,sea,0,0,0,0,0,0
2025-09-07T16:47:19.025059Z,2025,9,7,65.564000,22.850900,5.0,0,6.8,1,sea,0,0,0,0,0,0
2025-09-07T16:47:19.026406Z,2025,9,7,65.561300,22.893500,14.0,0,17.8,1,sea,0,0,0,0,0,0
2025-09-07T16:47:19.027595Z,2025,9,7,65.573600,22.847100,6.0,0,7.4,1,sea,0,0,0,0,0,0
2025-09-07T16:48:28.893582Z,2025,9,7,65.430900,22.774300,4.0,0,4.3,1,sea,0,0,0,0,0,0
2025-09-07T16:48:29.070320Z,2025,9,7,65.450200,22.665700,-8.0,0,3.0,1,sea,0,0,0,0,0,0
2025-09-07T16:48:47.001629Z,2025,9,7,65.571500,22.773800,6.0,0,6.2,1,sea,0,1,1,0,0,0
2025-09-07T16:48:47.002000Z,2025,9,7,65.565200,22.753400,6.0,0,16.5,1,islands,1,1,1,0,0,0
2025-09-07T16:48:47.014904Z,2025,9,7,65.571700,22.771300,9.0,0,13.6,1,sea,0,1,1,0,0,0
2025-09-07T16:50:24.224415Z,2025,9,7,65.575100,22.851200,-8.0,0,8.1,1,sea,0,0,0,0,0,0
2025-09-07T16:50:24.224419Z,2025,9,7,65.572000,22.783000,6.0,0,0.0,1,sea,0,1,1,0,0,0
2025-09-07T16:50:24.224502Z,2025,9,7,65.574900,22.798400,10.0,0,8.6,1,sea,0,0,1,0,0,0
2025-09-07T16:50:24.225265Z,2025,9,7,65.577500,22.798300,11.0,0,12.1,1,sea,0,0,1,0,0,0
2025-09-07T16:50:24.226450Z,2025,9,7,65.595400,22.787400,-5.0,0,13.9,1,sea,0,0,1,0,0,0
2025-09-07T16:50:24.226726Z,2025,9,7,65.526400,22.591100,6.0,0,3.4,1,islands,0,1,1,0,0,0
2025-09-07T16:50:24.245092Z,2025,9,7,65.581500,22.811300,7.0,0,15.0,1,sea,0,0,0,0,0,0
2025-09-07T16:50:32.624481Z,2025,9,7,65.442700,22.756500,3.0,0,2.4,1,sea,0,0,0,0,0,0
2025-09-07T16:50:32.651255Z,2025,9,7,65.240600,22.577000,5.0,0,4.3,1,sea,0,0,0,0,0,0
2025-09-07T16:50:32.651387Z,2025,9,7,65.374200,22.319400,-10.0,0,6.6,1,sea,0,0,0,0,0,0
2025-09-07T16:50:32.651799Z,2025,9,7,65.679800,22.294700,-7.0,0,0.0,1,sea,0,1,1,0,0,0
2025-09-07T16:50:32.666678Z,2025,9,7,65.380500,22.313700,-6.0,0,1.4,1,sea,0,0,0,0,0,0
2025-09-07T16:51:50.581835Z,2025,9,7,65.585000,22.803700,14.0,0,8.2,1,sea,0,0,0,0,0,0
2025-09-07T16:51:50.585008Z,2025,9,7,65.555100,22.739000,6.0,0,2.5,1,islands,1,1,1,0,0,0
2025-09-07T16:51:58.951257Z,2025,9,7,65.448400,22.774400,5.0,0,6.8,1,sea,0,0,0,0,0,0
2025-09-07T16:53:16.373458Z,2025,9,7,65.388600,22.343000,15.0,0,11.2,1,sea,0,0,0,0,0,0
2025-09-07T16:53:16.375557Z,2025,9,7,65.386000,22.339900,8.0,0,7.4,1,sea,0,0,0,0,0,0
2025-09-07T16:53:16.377466Z,2025,9,7,65.385900,22.307600,6.0,0,18.0,1,sea,0,0,1,0,0,0
2025-09-07T16:53:16.539953Z,2025,9,7,65.343000,22.339800,-9.0,0,2.6,1,sea,0,0,0,0,0,0
2025-09-07T16:53:47.923325Z,2025,9,7,65.594800,22.838200,24.0,0,30.4,1,sea,0,0,0,0,0,0
2025-09-07T16:53:47.923590Z,2025,9,7,65.593900,22.878500,7.0,0,0.0,1,sea,0,0,0,0,0,0
2025-09-07T16:53:47.923905Z,2025,9,7,65.596600,22.836700,5.0,0,0.0,1,sea,0,0,0,0,0,0
2025-09-07T16:53:47.924225Z,2025,9,7,65.592600,22.861700,12.0,0,0.0,1,sea,0,0,0,0,0,0
2025-09-07T16:53:47.925985Z,2025,9,7,65.597300,22.838500,5.0,0,18.2,1,sea,0,0,0,0,0,0
2025-09-07T16:53:47.929057Z,2025,9,7,65.595400,22.830000,6.0,0,6.6,1,sea,0,0,0,0,0,0
2025-09-07T16:53:47.945359Z,2025,9,7,65.590500,22.811400,4.0,0,13.9,1,sea,0,0,0,0,0,0
2025-09-07T16:53:47.961423Z,2025,9,7,65.645300,22.860500,5.0,0,10.8,1,sea,0,0,0,0,1,1
2025-09-07T16:53:48.075736Z,2025,9,7,65.583300,22.773000,-8.0,0,3.2,1,sea,0,0,0,0,0,0
2025-09-07T16:53:48.378872Z,2025,9,7,65.621600,22.609600,7.0,0,3.5,1,sea,0,0,1,0,0,0
2025-09-07T16:54:00.436478Z,2025,9,7,65.467300,22.723400,5.0,0,6.1,1,sea,1,1,1,0,0,0
2025-09-07T16:54:46.370351Z,2025,9,7,65.428500,22.824000,-8.0,0,28.3,1,sea,0,0,0,0,0,0
2025-09-07T16:56:09.421870Z,2025,9,7,65.462700,22.840600,4.0,0,3.0,1,sea,0,0,0,0,0,0
2025-09-07T16:56:09.422601Z,2025,9,7,65.460900,22.840300,5.0,0,3.5,1,sea,0,0,0,0,0,0
2025-09-07T16:56:09.424128Z,2025,9,7,65.460300,22.824000,6.0,0,22.3,1,sea,0,0,0,0,0,0
2025-09-07T16:56:54.238100Z,2025,9,7,65.572400,22.868000,4.0,0,6.1,1,sea,0,0,0,0,0,0
2025-09-07T16:56:54.239224Z,2025,9,7,65.576800,22.869400,10.0,0,13.5,1,sea,0,0,0,0,0,0
2025-09-07T16:56:54.241593Z,2025,9,7,65.513200,22.968600,5.0,0,18.1,1,sea,0,0,0,1,1,1
2025-09-07T16:56:54.269687Z,2025,9,7,65.575000,22.866100,9.0,0,4.1,1,sea,0,0,0,0,0,0
2025-09-07T16:56:57.442659Z,2025,9,7,65.457900,22.809500,4.0,0,1.5,1,sea,0,0,0,0,0,0
2025-09-07T16:56:57.443229Z,2025,9,7,65.461500,22.814300,7.0,0,7.6,1,sea,0,0,0,0,0,0
2025-09-07T16:58:32.324733Z,2025,9,7,65.478600,22.818300,6.0,0,30.4,1,sea,0,0,0,0,0,0
2025-09-07T16:58:32.357874Z,2025,9,7,65.468500,22.867500,-5.0,0,6.0,1,sea,0,0,0,0,0,0
2025-09-07T16:58:32.434888Z,2025,9,7,65.465600,22.688900,-17.0,0,8.1,1,sea,1,1,1,0,0,0
2025-09-07T16:59:18.609686Z,2025,9,7,65.452600,22.812700,-4.0,0,2.3,1,sea,0,0,0,0,0,0
2025-09-07T16:59:50.095044Z,2025,9,7,65.439400,22.377000,-65.0,0,9.3,1,islands,0,0,1,0,0,0
2025-09-07T16:59:50.118942Z,2025,9,7,65.449400,22.361600,-30.0,0,6.0,1,islands,1,1,1,0,0,0
2025-09-07T16:59:58.573499Z,2025,9,7,65.448600,22.757700,-7.0,0,7.3,1,sea,0,0,0,0,0,0
2025-09-07T16:59:58.574162Z,2025,9,7,65.608500,22.775900,9.0,0,3.7,1,sea,0,0,1,0,0,0
2025-09-07T16:59:58.576480Z,2025,9,7,65.606200,22.811500,7.0,0,8.1,1,sea,0,0,0,0,0,0
2025-09-07T16:59:58.577202Z,2025,9,7,65.553400,22.738100,5.0,0,5.6,1,islands,1,1,1,0,0,0
2025-09-07T16:59:58.594750Z,2025,9,7,65.595200,22.834000,5.0,0,5.5,1,sea,0,0,0,0,0,0
2025-09-07T17:00:12.054899Z,2025,9,7,65.488600,22.796000,3.0,0,7.4,1,sea,0,0,1,0,0,0
2025-09-07T17:00:12.055369Z,2025,9,7,65.488000,22.795300,6.0,0,2.1,1,sea,0,0,1,0,0,0
2025-09-07T17:00:12.056771Z,2025,9,7,65.496400,22.793000,5.0,0,5.7,1,sea,0,0,1,0,0,0
2025-09-07T17:01:16.009873Z,2025,9,7,65.490800,22.802300,5.0,0,6.6,1,sea,0,0,1,0,0,0
2025-09-07T17:01:16.013842Z,2025,9,7,65.505900,22.856200,4.0,0,7.5,1,sea,0,0,0,0,0,0
2025-09-07T17:01:18.298429Z,2025,9,7,65.606200,22.641300,5.0,0,2.4,1,islands,1,1,1,0,0,0
2025-09-07T17:01:18.298665Z,2025,9,7,65.622400,22.683800,6.0,0,21.1,1,sea,0,0,1,0,0,0
2025-09-07T17:01:18.299038Z,2025,9,7,65.636700,22.679000,9.0,0,12.6,1,sea,0,0,0,0,0,0
2025-09-07T17:01:18.299793Z,2025,9,7,65.639500,22.667300,8.0,0,5.7,1,sea,0,0,1,0,0,0
2025-09-07T17:02:06.320635Z,2025,9,7,65.506300,22.799000,5.0,0,6.8,1,sea,0,0,1,0,0,0
2025-09-07T17:02:06.513916Z,2025,9,7,65.521400,22.813900,4.0,0,3.3,1,sea,1,1,1,0,0,0
2025-09-07T17:02:06.527889Z,2025,9,7,65.514100,22.731200,-5.0,0,3.1,1,sea,0,1,1,0,0,0
2025-09-07T17:02:14.519110Z,2025,9,7,65.840800,22.535200,7.0,0,2.5,1,mainland,0,0,0,0,0,0
2025-09-07T17:02:14.519462Z,2025,9,7,65.845700,22.517300,9.0,0,14.7,1,mainland,0,0,0,0,0,0
2025-09-07T17:02:14.539937Z,2025,9,7,65.846900,22.523500,8.0,0,21.0,1,mainland,0,0,0,0,0,0
2025-09-07T17:02:14.600315Z,2025,9,7,65.786100,22.576300,26.0,0,15.5,1,sea,0,0,1,0,0,0
2025-09-07T17:02:41.896991Z,2025,9,7,65.437100,22.325800,-13.0,0,0.0,1,islands,1,1,1,0,0,0
2025-09-07T17:02:41.897081Z,2025,9,7,65.436600,22.324800,-16.0,0,0.0,1,islands,1,1,1,0,0,0
2025-09-07T17:02:41.897143Z,2025,9,7,65.440400,22.323200,-22.0,0,17.9,1,sea,1,1,1,0,0,0
2025-09-07T17:02:41.897193Z,2025,9,7,65.436200,22.312000,-15.0,0,0.0,1,islands,0,1,1,0,0,0
2025-09-07T17:02:41.897287Z,2025,9,7,65.438100,22.304900,-18.0,0,0.0,1,islands,0,0,1,0,0,0
2025-09-07T17:02:41.902351Z,2025,9,7,65.411000,22.384700,-59.0,0,30.4,1,sea,0,0,0,0,0,0
2025-09-07T17:02:41.929643Z,2025,9,7,65.443200,22.375900,-11.0,0,2.5,1,islands,0,0,1,0,0,0
2025-09-07T17:02:41.932733Z,2025,9,7,65.472600,22.253100,-9.0,0,11.6,1,sea,0,0,1,0,0,0
2025-09-07T17:04:01.490389Z,2025,9,7,65.506200,22.784200,7.0,0,5.4,1,sea,0,0,0,0,0,0
2025-09-07T17:04:01.493726Z,2025,9,7,65.510000,22.792200,5.0,0,6.6,1,sea,0,0,0,0,0,0
2025-09-07T17:04:01.666313Z,2025,9,7,65.510900,22.699000,-17.0,0,6.2,1,sea,0,1,1,0,0,0
2025-09-07T17:04:01.667673Z,2025,9,7,65.424300,22.879600,-4.0,0,2.3,1,sea,0,0,0,0,0,0
2025-09-07T17:04:01.668160Z,2025,9,7,65.508000,22.656000,-6.0,0,2.5,1,sea,0,1,1,0,0,0
2025-09-07T17:05:21.659602Z,2025,9,7,65.560900,22.819300,4.0,0,6.2,1,sea,0,0,1,0,0,0
2025-09-07T17:05:21.662331Z,2025,9,7,65.529400,22.750600,6.0,0,10.0,1,sea,0,0,0,0,0,0
2025-09-07T17:05:21.850178Z,2025,9,7,65.461200,22.687900,-20.0,0,5.2,1,sea,1,1,1,0,0,0
2025-09-07T17:05:28.505001Z,2025,9,7,65.441900,22.355300,-63.0,0,11.1,1,islands,1,1,1,0,0,0
2025-09-07T17:05:28.530213Z,2025,9,7,65.465800,22.321200,-23.0,0,3.9,1,sea,0,0,1,0,0,0
2025-09-07T17:05:28.575569Z,2025,9,7,65.460100,22.291900,4.0,0,8.3,1,sea,1,1,1,0,0,0
2025-09-07T17:05:41.850536Z,2025,9,7,65.661900,22.657300,11.0,0,11.4,1,sea,0,0,1,0,0,0
2025-09-07T17:05:41.850553Z,2025,9,7,65.668400,22.649800,10.0,0,0.0,1,sea,0,1,1,0,0,0
2025-09-07T17:05:41.850861Z,2025,9,7,65.661900,22.664800,9.0,0,14.3,1,sea,0,0,0,0,0,0
2025-09-07T17:05:41.851079Z,2025,9,7,65.667600,22.662300,10.0,0,0.0,1,sea,0,0,1,0,0,0
2025-09-07T17:05:41.852274Z,2025,9,7,65.662900,22.656900,6.0,0,15.7,1,sea,0,0,1,0,0,0
2025-09-07T17:05:41.854565Z,2025,9,7,65.660500,22.691500,6.0,0,4.9,1,islands,1,1,1,0,0,0
2025-09-07T17:06:38.600542Z,2025,9,7,65.533300,22.768100,7.0,0,4.4,1,sea,0,0,1,0,0,0
2025-09-07T17:06:38.602741Z,2025,9,7,65.533600,22.691400,6.0,0,11.2,1,sea,0,0,1,0,0,0
2025-09-07T17:06:38.603097Z,2025,9,7,65.533400,22.756800,5.0,0,11.8,1,sea,0,0,0,0,0,0
2025-09-07T17:06:38.606234Z,2025,9,7,65.579700,22.905300,4.0,0,1.2,1,sea,0,0,0,0,0,1
2025-09-07T17:06:38.790213Z,2025,9,7,65.591400,22.899100,-7.0,0,4.8,1,sea,0,0,0,0,0,1
2025-09-07T17:08:05.651010Z,2025,9,7,65.536600,22.825900,7.0,0,14.7,1,sea,0,0,1,0,0,0
2025-09-07T17:08:05.652499Z,2025,9,7,65.541400,22.796800,4.0,0,2.4,1,islands,1,1,1,0,0,0
2025-09-07T17:08:05.654787Z,2025,9,7,65.539700,22.804200,5.0,0,1.7,1,islands,0,1,1,0,0,0
2025-09-07T17:08:05.852109Z,2025,9,7,65.497200,22.759300,-11.0,0,3.8,1,sea,0,0,1,0,0,0
2025-09-07T17:08:21.298102Z,2025,9,7,65.468900,22.308900,4.0,0,4.9,1,sea,1,1,1,0,0,0
2025-09-07T17:08:21.385135Z,2025,9,7,65.443500,22.182700,-13.0,0,3.1,1,islands,0,0,0,0,0,0
2025-09-07T17:10:36.212278Z,2025,9,7,65.492600,22.305800,5.0,0,7.0,1,sea,0,0,1,0,0,0
2025-09-07T17:10:36.212650Z,2025,9,7,65.465000,22.343500,6.0,0,6.9,1,sea,0,0,1,0,0,0
2025-09-07T17:10:36.213795Z,2025,9,7,65.475400,22.319400,12.0,0,13.8,1,sea,0,1,1,0,0,0
2025-09-07T17:10:36.371671Z,2025,9,7,65.436200,22.329000,-6.0,0,1.7,1,islands,1,1,1,0,0,0
2025-09-07T17:13:40.528378Z,2025,9,7,65.600100,22.726400,9.0,0,6.2,1,sea,0,0,1,0,0,0
2025-09-07T17:14:23.169416Z,2025,9,7,65.500700,22.323500,5.0,0,7.0,1,sea,1,1,1,0,0,0
2025-09-07T17:14:23.189711Z,2025,9,7,65.499900,22.303600,7.0,0,16.8,1,sea,0,0,1,0,0,0
2025-09-07T17:20:04.349487Z,2025,9,7,65.645200,22.763500,5.0,0,4.9,1,sea,0,1,1,0,0,0
2025-09-07T17:20:04.350946Z,2025,9,7,65.612900,22.693400,5.0,0,2.3,1,sea,0,0,0,0,0,0
2025-09-07T17:20:04.376894Z,2025,9,7,65.638800,22.755300,6.0,0,8.9,1,sea,0,0,1,0,0,0
2025-09-07T17:21:28.525515Z,2025,9,7,65.630700,22.785300,7.0,0,13.6,1,sea,0,1,1,0,0,0
2025-09-07T17:21:28.525803Z,2025,9,7,65.644700,22.750800,14.0,0,30.0,1,sea,0,1,1,0,0,0
2025-09-07T17:21:28.527095Z,2025,9,7,65.645500,22.752200,4.0,0,1.8,1,sea,1,1,1,0,0,0
2025-09-07T17:21:49.515266Z,2025,9,7,65.563200,22.661300,4.0,0,7.9,1,sea,1,1,1,0,0,0
2025-09-07T17:22:48.685664Z,2025,9,7,65.657300,22.742500,7.0,0,2.4,1,sea,0,0,1,0,0,0
2025-09-07T17:22:48.688432Z,2025,9,7,65.654000,22.755700,5.0,0,5.2,1,sea,1,1,1,0,0,0
2025-09-07T17:22:48.697604Z,2025,9,7,65.659500,22.732600,6.0,0,19.2,1,sea,0,0,1,0,0,0
2025-09-07T17:22:48.956116Z,2025,9,7,65.650100,22.820700,-7.0,0,10.1,1,sea,0,1,1,0,0,0
2025-09-07T17:23:31.011335Z,2025,9,7,65.624000,22.763600,6.0,0,6.1,1,sea,0,0,0,0,0,0
2025-09-07T17:24:30.630742Z,2025,9,7,65.606900,22.881000,4.0,0,1.4,1,sea,0,0,0,0,0,1
2025-09-07T17:30:11.968228Z,2025,9,7,65.144400,22.385800,5.0,0,1.8,1,sea,0,0,0,0,0,0
2025-09-07T17:39:33.781454Z,2025,9,7,65.449700,21.860600,-10.0,0,5.5,1,mainland,0,0,0,0,0,0
2025-09-07T17:39:33.968053Z,2025,9,7,65.453800,21.847200,-7.0,0,3.7,1,mainland,0,0,0,0,0,1
2025-09-07T17:40:42.791832Z,2025,9,7,65.456100,21.832000,-4.0,0,4.4,1,mainland,0,0,0,0,1,1
2025-09-07T17:42:02.182030Z,2025,9,7,65.425200,21.907500,2.0,0,20.2,1,mainland,1,1,1,0,0,0
2025-09-07T17:42:41.944244Z,2025,9,7,65.543000,21.748400,-17.0,0,6.9,1,mainland,0,0,0,0,0,0
2025-09-07T17:43:33.707236Z,2025,9,7,65.468700,21.783700,6.0,0,3.2,1,mainland,0,0,0,1,1,1
2025-09-07T17:43:44.232000Z,2025,9,7,65.479400,21.772500,5.0,0,3.1,1,mainland,0,0,0,0,0,1
2025-09-07T17:44:05.756082Z,2025,9,7,65.472100,21.779100,5.0,0,1.4,1,mainland,0,0,0,0,1,1
2025-09-07T17:44:05.764798Z,2025,9,7,65.479500,21.774900,5.0,0,5.3,1,mainland,0,0,0,0,0,1
2025-09-07T17:44:05.965993Z,2025,9,7,65.473000,21.770700,8.0,0,6.3,1,mainland,0,0,0,0,1,1
2025-09-07T17:44:21.817975Z,2025,9,7,65.515800,21.685100,-52.0,0,9.6,1,mainland,0,0,0,0,0,0
2025-09-07T17:44:21.846564Z,2025,9,7,65.512600,21.662300,-4.0,0,1.9,1,mainland,0,0,0,1,1,1
2025-09-07T17:44:21.855279Z,2025,9,7,65.508200,21.681000,-18.0,0,7.6,1,mainland,0,0,0,0,1,1
2025-09-07T17:44:23.687086Z,2025,9,7,65.478700,21.806400,4.0,0,2.4,1,mainland,0,0,0,0,0,0
2025-09-07T17:44:24.123501Z,2025,9,7,65.514900,21.777900,4.0,0,7.3,1,mainland,0,0,0,0,0,0
2025-09-07T17:44:42.814452Z,2025,9,7,65.514000,21.741700,10.0,0,14.3,1,mainland,0,0,0,0,0,0
2025-09-07T17:44:42.815589Z,2025,9,7,65.519400,21.738700,8.0,0,16.2,1,mainland,0,0,0,0,0,0
2025-09-07T17:44:57.855526Z,2025,9,7,65.477400,21.757400,6.0,0,3.3,1,mainland,0,0,0,0,1,1
2025-09-07T17:44:57.866877Z,2025,9,7,65.478500,21.762500,6.0,0,18.5,1,mainland,0,0,0,0,0,1
2025-09-07T17:44:57.878139Z,2025,9,7,65.478600,21.763400,4.0,0,2.9,1,mainland,0,0,0,0,0,1
2025-09-07T17:45:48.678658Z,2025,9,7,65.481000,21.760800,-7.0,0,4.6,1,mainland,0,0,0,0,0,1
2025-09-07T17:46:14.964932Z,2025,9,7,65.554000,21.668900,-19.0,0,6.6,1,mainland,0,0,0,0,0,0
2025-09-07T17:47:14.399973Z,2025,9,7,65.529800,21.705100,-6.0,0,3.9,1,mainland,0,0,0,0,0,0
2025-09-07T17:47:37.297400Z,2025,9,7,65.545100,21.714900,6.0,0,2.1,1,mainland,0,0,0,0,0,0
2025-09-07T17:47:37.301340Z,2025,9,7,65.547200,21.710900,6.0,0,4.9,1,mainland,0,0,0,0,0,0
2025-09-07T17:47:58.332663Z,2025,9,7,65.545400,21.726900,6.0,0,3.0,1,mainland,0,0,0,0,0,0
2025-09-07T17:47:58.354733Z,2025,9,7,65.534300,21.639900,12.0,0,30.4,1,inland_water,0,0,0,0,0,1
2025-09-07T17:48:12.745637Z,2025,9,7,65.506800,21.815000,-6.0,0,4.7,1,mainland,0,0,0,0,0,0
2025-09-07T17:48:12.787305Z,2025,9,7,65.498400,21.806800,-7.0,0,4.9,1,mainland,0,0,0,0,0,0
2025-09-07T17:48:13.252899Z,2025,9,7,65.498800,21.805700,-11.0,0,5.6,1,mainland,0,0,0,0,0,0
2025-09-07T17:48:25.042132Z,2025,9,7,65.574800,21.615000,-8.0,0,4.8,1,mainland,0,0,0,0,0,0
2025-09-07T17:48:42.261217Z,2025,9,7,65.646300,21.721400,9.0,0,21.7,1,mainland,0,0,0,0,0,0
2025-09-07T17:48:42.319996Z,2025,9,7,65.549800,21.732900,9.0,0,11.8,1,mainland,0,0,0,0,0,0
2025-09-07T17:49:00.903729Z,2025,9,7,65.517700,21.772800,5.0,0,16.8,1,mainland,0,0,0,0,0,0
2025-09-07T17:49:00.903775Z,2025,9,7,65.515800,21.785400,-20.0,0,13.7,1,mainland,0,0,0,0,0,0
2025-09-07T17:49:00.905519Z,2025,9,7,65.520000,21.777100,5.0,0,2.7,1,mainland,0,0,0,0,0,0
2025-09-07T17:49:01.353514Z,2025,9,7,65.517700,21.777400,8.0,0,5.2,1,mainland,0,0,0,0,0,0
2025-09-07T17:49:22.027888Z,2025,9,7,65.555100,21.713900,7.0,0,3.3,1,mainland,0,0,0,0,0,0
2025-09-07T17:49:32.286392Z,2025,9,7,65.526000,21.769100,4.0,0,3.8,1,mainland,0,0,0,0,0,0
2025-09-07T17:49:32.287501Z,2025,9,7,65.525000,21.775700,8.0,0,5.5,1,mainland,0,0,0,0,0,0
2025-09-07T17:49:59.416176Z,2025,9,7,65.520000,21.816700,-8.0,0,5.0,1,mainland,0,0,0,0,0,0
2025-09-07T17:49:59.424923Z,2025,9,7,65.506000,21.834100,-71.0,0,14.3,1,mainland,0,0,0,0,0,0
2025-09-07T17:49:59.456604Z,2025,9,7,65.525000,21.839300,12.0,0,15.3,1,mainland,0,1,1,0,0,0
2025-09-07T17:49:59.460618Z,2025,9,7,65.511500,21.776900,-31.0,0,7.8,1,mainland,0,0,0,0,0,0
2025-09-07T17:49:59.505411Z,2025,9,7,65.505100,21.795700,-12.0,0,6.6,1,mainland,0,0,0,0,0,0
2025-09-07T17:49:59.532578Z,2025,9,7,65.543700,21.738100,-10.0,0,7.7,1,mainland,0,0,0,0,0,0
2025-09-07T17:50:38.183004Z,2025,9,7,65.530400,21.765100,13.0,0,2.0,1,mainland,0,0,0,0,0,0
2025-09-07T17:50:38.186349Z,2025,9,7,65.539700,21.776700,22.0,0,12.2,1,mainland,0,0,0,0,0,0
2025-09-07T17:50:38.188605Z,2025,9,7,65.467200,21.916400,-10.0,0,23.2,1,mainland,0,0,0,0,0,0
2025-09-07T17:50:38.188638Z,2025,9,7,65.397900,21.932300,5.0,0,22.9,1,sea,0,1,1,0,0,1
2025-09-07T17:51:01.200625Z,2025,9,7,65.562000,21.733600,6.0,0,1.8,1,mainland,0,0,0,0,0,0
2025-09-07T17:51:01.959259Z,2025,9,7,65.554000,21.769000,-9.0,0,3.1,1,mainland,0,0,0,0,0,0
2025-09-07T17:51:18.634750Z,2025,9,7,65.535100,21.734400,7.0,0,5.4,1,mainland,0,0,0,0,0,0
2025-09-07T17:51:18.635488Z,2025,9,7,65.537500,21.735600,7.0,0,4.6,1,mainland,0,0,0,0,0,0
2025-09-07T17:51:44.750002Z,2025,9,7,65.517900,21.824400,-35.0,0,6.4,1,mainland,0,0,1,0,0,0
2025-09-07T17:51:44.785741Z,2025,9,7,65.538100,21.824400,-24.0,0,7.2,1,mainland,0,0,0,0,0,0
2025-09-07T17:51:44.859777Z,2025,9,7,65.524800,21.765500,-8.0,0,3.5,1,mainland,0,0,0,0,0,0
2025-09-07T17:52:10.080305Z,2025,9,7,65.488900,21.880700,-9.0,0,2.7,1,mainland,0,0,1,0,0,0
2025-09-07T17:52:10.092015Z,2025,9,7,65.488200,21.875800,-14.0,0,6.0,1,mainland,0,0,0,0,0,0
2025-09-07T17:52:33.204375Z,2025,9,7,65.522300,21.784400,11.0,0,24.0,1,mainland,0,0,0,0,0,0
2025-09-07T17:52:33.206114Z,2025,9,7,65.529900,21.754100,5.0,0,2.2,1,mainland,0,0,0,0,0,0
2025-09-07T17:52:33.209383Z,2025,9,7,65.534500,21.819000,5.0,0,15.4,1,mainland,0,0,0,0,0,0
2025-09-07T17:52:33.209422Z,2025,9,7,65.519300,21.812200,-13.0,0,30.4,1,mainland,0,0,0,0,0,0
2025-09-07T17:52:33.216231Z,2025,9,7,65.541300,21.751100,7.0,0,10.5,1,mainland,0,0,0,0,0,0
2025-09-07T17:52:50.121472Z,2025,9,7,65.542700,21.742900,12.0,0,17.2,1,mainland,0,0,0,0,0,0
2025-09-07T17:53:28.443024Z,2025,9,7,65.571600,21.696400,13.0,0,5.1,1,mainland,0,0,0,0,0,0
2025-09-07T17:53:28.444302Z,2025,9,7,65.573300,21.665000,10.0,0,0.0,1,mainland,0,0,0,0,0,0
2025-09-07T17:53:28.444521Z,2025,9,7,65.571700,21.699500,17.0,0,8.1,1,mainland,0,0,0,0,0,0
2025-09-07T17:53:28.446339Z,2025,9,7,65.573300,21.694400,6.0,0,5.1,1,mainland,0,0,0,0,0,0
2025-09-07T17:53:28.448524Z,2025,9,7,65.577400,21.710000,7.0,0,11.7,1,mainland,0,0,0,0,0,0
2025-09-07T17:53:28.451319Z,2025,9,7,65.584700,21.660700,-10.0,0,23.2,1,mainland,0,0,0,0,0,0
2025-09-07T17:53:28.454599Z,2025,9,7,65.576200,21.675000,-5.0,0,8.2,1,mainland,0,0,0,0,0,0
2025-09-07T17:54:05.742992Z,2025,9,7,65.540700,21.831500,-35.0,0,7.1,1,mainland,0,0,0,0,0,0
2025-09-07T17:54:05.776230Z,2025,9,7,65.539700,21.833100,-26.0,0,29.0,1,mainland,0,0,0,0,0,0
2025-09-07T17:54:05.810305Z,2025,9,7,65.541600,21.836100,-27.0,0,10.5,1,mainland,0,0,0,0,0,0
2025-09-07T17:54:05.840576Z,2025,9,7,65.555000,21.832000,-27.0,0,9.4,1,mainland,0,0,0,0,0,0
2025-09-07T17:54:05.852798Z,2025,9,7,65.554100,21.845900,-7.0,0,5.1,1,mainland,0,0,0,0,0,0
2025-09-07T17:54:06.282459Z,2025,9,7,65.515000,21.873400,-15.0,0,4.7,1,mainland,1,1,1,0,0,0
2025-09-07T17:54:06.313545Z,2025,9,7,65.508400,21.850500,-6.0,0,6.6,1,mainland,0,0,1,0,0,0
2025-09-07T17:54:39.534898Z,2025,9,7,65.574100,21.623500,-106.0,0,17.8,1,mainland,0,0,0,0,0,0
2025-09-07T17:54:39.550956Z,2025,9,7,65.573700,21.624500,-19.0,0,8.1,1,mainland,0,0,0,0,0,0
2025-09-07T17:54:39.585215Z,2025,9,7,65.575500,21.603900,-10.0,0,7.5,1,mainland,0,0,0,0,0,0
2025-09-07T17:54:39.608063Z,2025,9,7,65.571700,21.644500,-13.0,0,18.7,1,mainland,0,0,0,0,0,0
2025-09-07T17:55:09.769938Z,2025,9,7,65.569400,21.708300,-86.0,0,16.3,1,mainland,0,0,0,0,0,0
2025-09-07T17:55:09.784909Z,2025,9,7,65.558900,21.707000,9.0,0,16.5,1,mainland,0,0,0,0,0,0
2025-09-07T17:55:09.784966Z,2025,9,7,65.563100,21.770200,-19.0,0,12.1,1,mainland,0,0,0,0,0,0
2025-09-07T17:55:09.812898Z,2025,9,7,65.567100,21.707000,-23.0,0,6.7,1,mainland,0,0,0,0,0,0
2025-09-07T17:55:09.819080Z,2025,9,7,65.575500,21.723800,-9.0,0,5.3,1,mainland,0,0,0,0,0,0
2025-09-07T17:55:10.164626Z,2025,9,7,65.577900,21.664700,10.0,0,9.2,1,mainland,0,0,0,0,0,0
2025-09-07T17:55:10.165262Z,2025,9,7,65.578200,21.639200,8.0,0,3.9,1,mainland,0,0,0,0,0,0
2025-09-07T17:55:10.165956Z,2025,9,7,65.543800,21.637400,14.0,0,24.2,1,mainland,0,0,0,0,0,0
2025-09-07T17:55:10.166694Z,2025,9,7,65.579500,21.654200,14.0,0,11.8,1,mainland,0,0,0,0,0,0
2025-09-07T17:55:10.523901Z,2025,9,7,65.457400,21.850400,9.0,0,4.5,1,mainland,0,0,0,0,0,0
2025-09-07T17:55:10.526255Z,2025,9,7,65.472000,21.849000,6.0,0,24.2,1,mainland,0,0,0,0,0,0
2025-09-07T17:55:10.526801Z,2025,9,7,65.466500,21.863100,4.0,0,2.4,1,mainland,0,0,0,0,0,0
2025-09-07T17:55:10.528211Z,2025,9,7,65.393800,21.939700,21.0,0,17.5,1,sea,0,0,1,0,0,1
2025-09-07T17:55:10.530439Z,2025,9,7,65.463200,21.838700,7.0,0,4.0,1,mainland,0,0,0,0,0,0
2025-09-07T17:55:10.534661Z,2025,9,7,65.461600,21.914300,5.0,0,1.9,1,inland_water,0,0,0,0,0,0
2025-09-07T17:55:41.720505Z,2025,9,7,65.578700,21.823200,-66.0,0,9.7,1,mainland,0,0,0,0,0,0
2025-09-07T17:55:41.749657Z,2025,9,7,65.588900,21.837300,9.0,0,11.7,1,mainland,0,0,0,0,0,0
2025-09-07T17:55:41.758041Z,2025,9,7,65.574100,21.819300,-10.0,0,6.1,1,mainland,0,0,0,0,0,0
2025-09-07T17:55:41.774279Z,2025,9,7,65.579000,21.821800,-12.0,0,4.3,1,mainland,0,0,0,0,0,0
2025-09-07T17:55:49.458580Z,2025,9,7,65.470800,21.852000,10.0,0,13.1,1,mainland,0,0,0,0,0,0
2025-09-07T17:55:49.459815Z,2025,9,7,65.476900,21.842600,8.0,0,17.3,1,mainland,0,0,0,0,0,0
2025-09-07T17:56:20.101537Z,2025,9,7,65.479300,21.874500,-5.0,0,3.7,1,mainland,0,0,0,0,0,0
2025-09-07T17:56:42.380374Z,2025,9,7,65.579700,21.698900,-49.0,0,10.7,1,mainland,0,0,0,0,0,0
2025-09-07T17:56:42.405841Z,2025,9,7,65.589700,21.688300,-10.0,0,5.9,1,mainland,0,0,0,0,0,0
2025-09-07T17:56:42.445708Z,2025,9,7,65.580800,21.679600,-8.0,0,7.7,1,mainland,0,0,0,0,0,0
2025-09-07T17:57:14.491118Z,2025,9,7,65.526500,21.828600,6.0,0,20.1,1,mainland,0,0,1,0,0,0
2025-09-07T17:57:14.503111Z,2025,9,7,65.500800,21.831300,6.0,0,2.5,1,mainland,0,0,0,0,0,0
2025-09-07T17:57:14.526612Z,2025,9,7,65.620600,21.810800,4.0,0,13.6,1,mainland,0,0,0,0,0,0
2025-09-07T17:57:14.530372Z,2025,9,7,65.541700,21.841800,10.0,0,6.8,1,mainland,0,0,0,0,0,0
2025-09-07T17:57:14.624751Z,2025,9,7,65.105600,22.717300,3.0,0,1.9,1,sea,0,0,0,0,0,0
2025-09-07T17:57:14.898136Z,2025,9,7,65.497900,21.817100,-5.0,0,5.7,1,mainland,0,0,0,0,0,0
2025-09-07T17:57:43.402872Z,2025,9,7,65.555800,21.789300,4.0,0,4.4,1,mainland,0,0,0,0,0,0
2025-09-07T17:57:43.404439Z,2025,9,7,65.588500,21.755100,10.0,0,5.7,1,mainland,0,0,0,0,0,0
2025-09-07T17:57:43.405217Z,2025,9,7,65.590300,21.744800,9.0,0,29.4,1,mainland,0,0,0,0,0,0
2025-09-07T17:57:43.407222Z,2025,9,7,65.591800,21.746700,6.0,0,4.1,1,mainland,0,0,0,0,0,0
2025-09-07T17:57:43.434830Z,2025,9,7,65.586200,21.752800,5.0,0,4.3,1,mainland,0,0,0,0,0,0
2025-09-07T17:58:16.258255Z,2025,9,7,65.594100,21.763300,9.0,0,6.5,1,mainland,0,0,0,0,0,0
2025-09-07T17:58:16.286214Z,2025,9,7,65.585400,21.781000,4.0,0,14.1,1,mainland,0,0,0,0,0,0
2025-09-07T17:58:32.545700Z,2025,9,7,65.619200,21.665500,-17.0,0,10.6,1,mainland,0,0,0,0,0,0
2025-09-07T17:58:32.995309Z,2025,9,7,65.661200,21.598300,6.0,0,6.5,1,mainland,0,0,0,0,0,0
2025-09-07T17:58:32.996208Z,2025,9,7,65.635100,21.622800,7.0,0,11.4,1,mainland,0,0,0,0,0,0
2025-09-07T17:58:32.998366Z,2025,9,7,65.629700,21.629800,6.0,0,6.9,1,mainland,0,0,0,0,0,0
2025-09-07T17:58:32.998934Z,2025,9,7,65.631400,21.629800,6.0,0,4.5,1,mainland,0,0,0,0,0,0
2025-09-07T17:58:52.157924Z,2025,9,7,65.575600,21.807300,5.0,0,24.4,1,mainland,0,0,0,0,0,0
2025-09-07T17:58:52.232382Z,2025,9,7,65.578100,21.812400,5.0,0,3.5,1,mainland,0,0,0,0,0,0
2025-09-07T17:59:12.459614Z,2025,9,7,65.597700,21.790600,-15.0,0,3.8,1,mainland,0,0,0,0,0,0
2025-09-07T17:59:12.537030Z,2025,9,7,65.609400,21.824100,-9.0,0,3.3,1,mainland,0,0,0,0,0,0
2025-09-07T17:59:36.706066Z,2025,9,7,65.578400,21.838700,7.0,0,2.3,1,mainland,0,0,0,0,0,0
2025-09-07T17:59:36.709793Z,2025,9,7,65.583300,21.822700,7.0,0,5.5,1,mainland,0,0,0,0,0,0
2025-09-07T17:59:36.870776Z,2025,9,7,65.579800,21.809800,5.0,0,6.9,1,mainland,0,0,0,0,0,0
2025-09-07T17:59:59.971721Z,2025,9,7,65.622700,21.654800,-36.0,0,12.4,1,mainland,0,0,0,0,0,0
2025-09-07T17:59:59.996330Z,2025,9,7,65.606200,21.674100,-11.0,0,6.0,1,mainland,0,0,0,0,0,0
2025-09-07T18:00:00.523838Z,2025,9,7,65.622700,21.655000,-23.0,0,9.3,1,mainland,0,0,0,0,0,0
2025-09-07T18:00:13.514275Z,2025,9,7,65.605200,21.767100,-11.0,0,10.6,1,mainland,0,0,0,0,0,0
2025-09-07T18:00:13.515475Z,2025,9,7,65.601300,21.760900,8.0,0,4.0,1,mainland,0,0,0,0,0,0
2025-09-07T18:00:13.516494Z,2025,9,7,65.608100,21.758500,16.0,0,30.4,1,mainland,0,0,0,0,0,0
2025-09-07T18:00:13.533569Z,2025,9,7,65.610100,21.768200,6.0,0,11.8,1,mainland,0,0,0,0,0,0
2025-09-07T18:00:35.960388Z,2025,9,7,65.585400,21.829500,7.0,0,0.0,1,mainland,0,0,0,0,0,0
2025-09-07T18:00:35.960693Z,2025,9,7,65.588500,21.828700,15.0,0,25.5,1,mainland,0,0,0,0,0,0
2025-09-07T18:00:35.962187Z,2025,9,7,65.621500,21.996000,-12.0,0,14.9,1,inland_water,0,0,0,0,0,0
2025-09-07T18:00:36.387828Z,2025,9,7,65.489300,21.796000,6.0,0,3.3,1,mainland,0,0,0,0,0,0
2025-09-07T18:00:36.389234Z,2025,9,7,65.515500,21.872600,-7.0,0,4.7,1,sea,1,1,1,0,0,0
2025-09-07T18:00:49.961334Z,2025,9,7,65.599200,21.849000,-12.0,0,4.4,1,inland_water,0,0,0,0,0,0
2025-09-07T18:00:49.983867Z,2025,9,7,65.580100,21.811400,-6.0,0,4.0,1,mainland,0,0,0,0,0,0
2025-09-07T18:00:50.026864Z,2025,9,7,65.600700,21.849400,-14.0,0,3.3,1,inland_water,0,0,0,0,0,0
2025-09-07T18:00:50.121135Z,2025,9,7,65.589300,21.888900,-18.0,0,7.5,1,mainland,0,0,0,0,0,0
2025-09-07T18:00:58.701476Z,2025,9,7,65.581400,21.825700,5.0,0,14.7,1,mainland,0,0,0,0,0,0
2025-09-07T18:01:17.990706Z,2025,9,7,65.609800,21.821800,9.0,0,3.2,1,mainland,0,0,0,0,0,0
2025-09-07T18:01:18.871828Z,2025,9,7,65.471000,21.911600,-9.0,0,4.9,1,mainland,0,0,0,0,0,0
2025-09-07T18:01:18.921632Z,2025,9,7,65.468000,21.923300,-8.0,0,4.8,1,mainland,0,0,0,0,0,0
2025-09-07T18:01:38.229339Z,2025,9,7,65.582600,21.590600,-18.0,0,11.8,1,mainland,0,0,0,0,0,0
2025-09-07T18:01:38.246287Z,2025,9,7,65.585100,21.592400,-9.0,0,3.6,1,mainland,0,0,0,0,0,0
2025-09-07T18:01:38.280346Z,2025,9,7,65.588700,21.570700,-10.0,0,8.1,1,mainland,0,0,0,0,0,0
2025-09-07T18:01:38.314806Z,2025,9,7,65.602800,21.613600,-5.0,0,5.0,1,mainland,0,0,0,0,0,0
2025-09-07T18:01:59.635228Z,2025,9,7,65.596200,21.828500,-6.0,0,10.4,1,mainland,0,0,0,0,0,0
2025-09-07T18:01:59.635426Z,2025,9,7,65.596900,21.810400,7.0,0,5.0,1,mainland,0,0,0,0,0,0
2025-09-07T18:01:59.639788Z,2025,9,7,65.602400,21.800800,4.0,0,3.3,1,mainland,0,0,0,0,0,0
2025-09-07T18:01:59.660502Z,2025,9,7,65.593700,21.805100,6.0,0,6.9,1,mainland,0,0,0,0,0,0
2025-09-07T18:02:16.678858Z,2025,9,7,65.543000,21.971500,6.0,0,13.6,1,mainland,0,0,0,0,0,0
2025-09-07T18:02:16.856676Z,2025,9,7,65.588200,21.848600,8.0,0,3.2,1,mainland,0,0,0,0,0,0
2025-09-07T18:02:37.704302Z,2025,9,7,65.567800,21.977300,14.0,0,0.0,1,mainland,0,0,0,0,0,0
2025-09-07T18:02:37.704303Z,2025,9,7,65.597100,21.827000,18.0,0,10.8,1,mainland,0,0,0,0,0,0
2025-09-07T18:02:37.704548Z,2025,9,7,65.591100,21.839200,12.0,0,10.6,1,mainland,0,0,0,0,0,0
2025-09-07T18:02:37.705366Z,2025,9,7,65.600800,21.824100,5.0,0,5.2,1,mainland,0,0,0,0,0,0
2025-09-07T18:02:38.037186Z,2025,9,7,65.545000,21.792800,9.0,0,6.4,1,mainland,0,0,0,0,0,0
2025-09-07T18:02:38.049218Z,2025,9,7,65.535100,21.843900,-5.0,0,4.6,1,mainland,0,0,1,0,0,0
2025-09-07T18:02:38.060196Z,2025,9,7,65.597900,21.827900,12.0,0,8.3,1,mainland,0,0,0,0,0,0
2025-09-07T18:02:50.191341Z,2025,9,7,65.645800,21.757100,-4.0,0,2.6,1,mainland,0,0,0,0,0,0
2025-09-07T18:02:50.288069Z,2025,9,7,65.632900,21.792400,-6.0,0,6.3,1,mainland,0,0,0,0,0,0
2025-09-07T18:02:50.794834Z,2025,9,7,65.663600,21.697900,-7.0,0,3.2,1,mainland,0,0,0,0,0,0
2025-09-07T18:03:01.563267Z,2025,9,7,65.589300,21.876200,38.0,0,13.5,1,mainland,0,0,0,0,0,0
2025-09-07T18:03:01.683348Z,2025,9,7,65.604200,21.888000,-5.0,0,5.8,1,inland_water,0,0,0,0,0,0
2025-09-07T18:03:01.775569Z,2025,9,7,65.632400,21.785900,6.0,0,7.1,1,mainland,0,0,0,0,0,0
2025-09-07T18:03:17.436594Z,2025,9,7,65.588600,21.871400,15.0,0,16.7,1,mainland,0,0,0,0,0,0
2025-09-07T18:03:17.442442Z,2025,9,7,65.606400,22.106600,8.0,0,28.4,1,mainland,0,1,1,0,0,0
2025-09-07T18:03:17.465069Z,2025,9,7,65.505000,21.936000,4.0,0,11.7,1,sea,0,1,1,0,0,0
2025-09-07T18:03:38.259870Z,2025,9,7,65.517500,21.978400,10.0,0,4.8,1,sea,1,1,1,0,0,0
2025-09-07T18:03:38.260508Z,2025,9,7,65.511200,21.983900,5.0,0,2.9,1,sea,0,1,1,0,0,0
2025-09-07T18:03:46.290252Z,2025,9,7,65.595000,21.862400,7.0,0,1.5,1,mainland,0,0,0,0,0,0
2025-09-07T18:03:46.291542Z,2025,9,7,65.595900,21.863100,4.0,0,2.4,1,mainland,0,0,0,0,0,0
2025-09-07T18:03:46.316635Z,2025,9,7,65.599300,21.848900,5.0,0,2.8,1,inland_water,0,0,0,0,0,0
2025-09-07T18:03:46.673082Z,2025,9,7,65.643000,21.664000,5.0,0,4.5,1,mainland,0,0,0,0,0,0
2025-09-07T18:03:54.488199Z,2025,9,7,65.676800,21.576800,-19.0,0,5.5,1,mainland,0,0,0,0,0,0
2025-09-07T18:03:54.508442Z,2025,9,7,65.676900,21.579100,-9.0,0,4.6,1,mainland,0,0,0,0,0,0
2025-09-07T18:03:54.553720Z,2025,9,7,65.678100,21.575300,-32.0,0,4.8,1,mainland,0,0,0,0,0,0
2025-09-07T18:03:54.574285Z,2025,9,7,65.676800,21.580900,-6.0,0,3.3,1,mainland,0,0,0,0,0,0
2025-09-07T18:03:55.125985Z,2025,9,7,65.677400,21.578700,-15.0,0,6.9,1,mainland,0,0,0,0,0,0
2025-09-07T18:03:55.524433Z,2025,9,7,65.622500,21.801800,-4.0,0,5.6,1,mainland,0,0,0,0,0,0
2025-09-07T18:04:14.843282Z,2025,9,7,65.603000,21.849000,39.0,0,22.2,1,mainland,0,0,0,0,0,0
2025-09-07T18:04:14.872911Z,2025,9,7,65.625700,21.813200,4.0,0,2.8,1,mainland,0,0,0,0,0,0
2025-09-07T18:04:29.812218Z,2025,9,7,65.615800,21.853200,6.0,0,10.6,1,inland_water,0,0,0,0,0,0
2025-09-07T18:04:29.812944Z,2025,9,7,65.598900,21.857700,6.0,0,9.2,1,mainland,0,0,0,0,0,0
2025-09-07T18:04:29.814312Z,2025,9,7,65.549600,21.957600,6.0,0,17.4,1,mainland,0,0,0,0,0,0
2025-09-07T18:04:54.770472Z,2025,9,7,65.529300,21.968600,4.0,0,2.1,1,mainland,0,0,0,0,0,0
2025-09-07T18:05:22.027938Z,2025,9,7,65.581800,21.754900,-36.0,0,10.6,1,mainland,0,0,0,0,0,0
2025-09-07T18:05:22.062448Z,2025,9,7,65.627200,21.670900,-29.0,0,11.6,1,mainland,0,0,0,0,0,0
2025-09-07T18:05:22.089241Z,2025,9,7,65.617500,21.621700,-11.0,0,9.6,1,mainland,0,0,0,0,0,0
2025-09-07T18:05:33.901770Z,2025,9,7,65.478300,22.000800,4.0,0,11.1,1,sea,0,0,1,0,0,0
2025-09-07T18:05:33.934393Z,2025,9,7,65.519200,21.900300,7.0,0,12.2,1,sea,1,1,1,0,0,0
2025-09-07T18:05:58.991982Z,2025,9,7,65.615200,21.819800,46.0,0,30.0,1,mainland,0,0,0,0,0,0
2025-09-07T18:05:58.993826Z,2025,9,7,65.616300,21.825400,7.0,0,4.7,1,mainland,0,0,0,0,0,0
2025-09-07T18:05:59.009644Z,2025,9,7,65.607200,21.882400,5.0,0,3.9,1,inland_water,0,0,0,0,0,0
2025-09-07T18:05:59.381326Z,2025,9,7,65.612300,21.817900,7.0,0,4.8,1,mainland,0,0,0,0,0,0
2025-09-07T18:06:14.636132Z,2025,9,7,65.623700,21.855100,-12.0,0,3.8,1,mainland,0,0,0,0,0,0
2025-09-07T18:06:14.666599Z,2025,9,7,65.611200,21.855900,-8.0,0,5.6,1,inland_water,0,0,0,0,0,0
2025-09-07T18:06:14.678220Z,2025,9,7,65.623200,21.845900,-5.0,0,4.1,1,inland_water,0,0,0,0,0,0
2025-09-07T18:06:22.068914Z,2025,9,7,65.628100,21.673500,-11.0,0,4.1,1,mainland,0,0,0,0,0,0
2025-09-07T18:06:22.164104Z,2025,9,7,65.627100,21.625500,-5.0,0,14.8,1,mainland,0,0,0,0,0,0
2025-09-07T18:06:22.243774Z,2025,9,7,65.627700,21.669600,-17.0,0,9.6,1,mainland,0,0,0,0,0,0
2025-09-07T18:06:26.952566Z,2025,9,7,65.614600,21.827200,-9.0,0,8.5,1,mainland,0,0,0,0,0,0
2025-09-07T18:06:26.954597Z,2025,9,7,65.617500,21.823700,9.0,0,6.0,1,mainland,0,0,0,0,0,0
2025-09-07T18:06:26.956142Z,2025,9,7,65.621400,21.817600,6.0,0,2.6,1,mainland,0,0,0,0,0,0
2025-09-07T18:06:27.219554Z,2025,9,7,65.531500,21.922100,6.0,0,1.8,1,mainland,0,1,1,0,0,0
2025-09-07T18:06:50.742004Z,2025,9,7,65.543100,21.939600,10.0,0,26.3,1,mainland,0,0,0,0,0,0
2025-09-07T18:06:50.742044Z,2025,9,7,65.545400,21.944600,-17.0,0,13.4,1,mainland,0,0,0,0,0,0
2025-09-07T18:06:50.742831Z,2025,9,7,65.542200,21.939800,5.0,0,3.5,1,mainland,0,0,0,0,0,0
2025-09-07T18:07:15.084531Z,2025,9,7,65.619600,21.823000,13.0,0,16.9,1,mainland,0,0,0,0,0,0
2025-09-07T18:07:15.085604Z,2025,9,7,65.625400,21.809600,11.0,0,22.0,1,mainland,0,0,0,0,0,0
2025-09-07T18:07:15.086404Z,2025,9,7,65.629000,21.813400,5.0,0,2.8,1,inland_water,0,0,0,0,0,0
2025-09-07T18:07:15.087451Z,2025,9,7,65.627600,21.820600,8.0,0,3.5,1,inland_water,0,0,0,0,0,0
2025-09-07T18:07:15.093449Z,2025,9,7,65.628200,21.823800,5.0,0,1.2,1,inland_water,0,0,0,0,0,0
2025-09-07T18:07:35.342276Z,2025,9,7,65.541700,22.133300,-17.0,0,4.1,1,mainland,0,0,1,0,0,0
2025-09-07T18:07:35.350735Z,2025,9,7,65.590300,21.841400,-4.0,0,1.2,1,mainland,0,0,0,0,0,0
2025-09-07T18:08:18.691523Z,2025,9,7,65.661100,21.685600,-10.0,0,6.3,1,mainland,0,0,0,0,0,0
2025-09-07T18:08:19.258128Z,2025,9,7,65.601900,21.874800,9.0,0,13.9,1,mainland,0,0,0,0,0,0
2025-09-07T18:08:19.262101Z,2025,9,7,65.613100,21.850600,9.0,0,4.0,1,inland_water,0,0,0,0,0,0
2025-09-07T18:08:19.451066Z,2025,9,7,65.556100,21.918400,-5.0,0,6.9,1,mainland,0,0,0,0,0,0
2025-09-07T18:08:48.273201Z,2025,9,7,65.625000,21.906500,9.0,0,1.7,1,mainland,0,0,0,0,0,0
2025-09-07T18:08:48.275386Z,2025,9,7,65.620900,21.896800,6.0,0,5.6,1,mainland,0,0,0,0,0,0
2025-09-07T18:08:48.278602Z,2025,9,7,65.627600,21.903800,5.0,0,2.9,1,mainland,0,0,0,0,0,0
2025-09-07T18:08:48.338945Z,2025,9,7,65.605000,21.883500,6.0,0,3.5,1,inland_water,0,0,0,0,0,0
2025-09-07T18:09:07.463183Z,2025,9,7,65.550900,22.094000,8.0,0,26.8,1,mainland,0,0,0,0,0,0
2025-09-07T18:09:07.463213Z,2025,9,7,65.550800,22.013700,-16.0,0,19.2,1,mainland,0,0,0,0,0,0
2025-09-07T18:09:07.465020Z,2025,9,7,65.555700,21.980700,4.0,0,11.0,1,mainland,0,0,0,0,0,0
2025-09-07T18:09:07.802132Z,2025,9,7,65.591600,21.860900,-6.0,0,5.5,1,mainland,0,0,0,0,0,0
2025-09-07T18:09:16.485329Z,2025,9,7,65.624000,21.899900,6.0,0,10.1,1,mainland,0,0,0,0,0,0
2025-09-07T18:09:17.258606Z,2025,9,7,65.625400,21.891000,11.0,0,21.2,1,mainland,0,0,0,0,0,0
2025-09-07T18:09:33.999542Z,2025,9,7,65.612000,21.977200,5.0,0,17.6,1,inland_water,0,0,0,0,0,0
2025-09-07T18:09:34.010069Z,2025,9,7,65.614100,21.893200,5.0,0,17.3,1,mainland,0,0,0,0,0,0
2025-09-07T18:09:34.016832Z,2025,9,7,65.613100,21.889800,5.0,0,3.2,1,mainland,0,0,0,0,0,0
2025-09-07T18:09:34.116748Z,2025,9,7,65.642600,21.834100,5.0,0,7.5,1,mainland,0,0,0,0,0,0
2025-09-07T18:09:43.822730Z,2025,9,7,65.631800,21.807300,6.0,0,18.8,1,mainland,0,0,0,0,0,0
2025-09-07T18:09:57.948404Z,2025,9,7,65.621700,21.890700,8.0,0,10.1,1,mainland,0,0,0,0,0,0
2025-09-07T18:10:15.144847Z,2025,9,7,65.612500,21.946400,-19.0,0,26.6,1,mainland,0,0,0,0,0,0
2025-09-07T18:10:15.161321Z,2025,9,7,65.647200,21.845100,8.0,0,11.4,1,mainland,0,0,0,0,0,0
2025-09-07T18:10:27.491579Z,2025,9,7,65.669400,21.853200,5.0,0,2.2,1,inland_water,0,0,0,0,0,0
2025-09-07T18:10:27.558312Z,2025,9,7,65.645800,21.771500,8.0,0,9.7,1,mainland,0,0,0,0,0,0
2025-09-07T18:10:37.184001Z,2025,9,7,65.565200,22.046400,13.0,0,5.6,1,mainland,0,0,0,0,0,0
2025-09-07T18:10:37.185075Z,2025,9,7,65.567000,22.046100,5.0,0,1.7,1,mainland,0,0,0,0,0,0
2025-09-07T18:10:37.615334Z,2025,9,7,65.557700,22.089900,5.0,0,19.3,1,mainland,0,0,0,0,0,0
2025-09-07T18:10:39.804349Z,2025,9,7,65.626300,21.897100,11.0,0,21.4,1,mainland,0,0,0,0,0,0
2025-09-07T18:10:50.048308Z,2025,9,7,65.630000,21.893500,6.0,0,5.1,1,mainland,0,0,0,0,0,0
2025-09-07T18:10:50.527387Z,2025,9,7,65.613100,21.899100,-10.0,0,6.4,1,mainland,0,0,0,0,0,0
2025-09-07T18:10:50.527489Z,2025,9,7,65.606200,21.884100,-10.0,0,0.0,1,inland_water,0,0,0,0,0,0
2025-09-07T18:10:50.538270Z,2025,9,7,65.615500,21.919700,-5.0,0,4.2,1,mainland,0,0,0,0,0,0
2025-09-07T18:10:50.988154Z,2025,9,7,65.619700,21.943300,7.0,0,2.5,1,mainland,0,0,0,0,0,0
2025-09-07T18:11:02.700134Z,2025,9,7,65.593000,21.906200,4.0,0,6.2,1,mainland,0,0,0,0,0,0
2025-09-07T18:11:02.718846Z,2025,9,7,65.634900,21.895100,10.0,0,19.2,1,mainland,0,0,0,0,0,0
2025-09-07T18:11:02.718859Z,2025,9,7,65.598000,21.802200,-17.0,0,12.8,1,mainland,0,0,0,0,0,0
2025-09-07T18:11:02.807992Z,2025,9,7,65.653400,21.814100,8.0,0,11.4,1,mainland,0,0,0,0,0,0
2025-09-07T18:11:03.309067Z,2025,9,7,65.632000,21.624500,-6.0,0,5.1,1,mainland,0,0,0,0,0,0
2025-09-07T18:11:23.536094Z,2025,9,7,65.628200,21.885000,17.0,0,14.7,1,mainland,0,0,0,0,0,0
2025-09-07T18:11:23.537124Z,2025,9,7,65.628600,21.878500,9.0,0,3.6,1,mainland,0,0,0,0,0,0
2025-09-07T18:11:23.556410Z,2025,9,7,65.630600,21.898100,7.0,0,26.9,1,mainland,0,0,0,0,0,0
2025-09-07T18:11:23.556424Z,2025,9,7,65.608800,21.945600,-17.0,0,26.3,1,mainland,0,0,0,0,0,0
2025-09-07T18:11:24.104763Z,2025,9,7,65.603500,21.977600,-35.0,0,19.4,1,mainland,0,0,0,0,0,0
2025-09-07T18:11:33.824391Z,2025,9,7,65.630000,21.924300,5.0,0,9.0,1,mainland,0,0,0,0,0,0
2025-09-07T18:11:51.824258Z,2025,9,7,65.660300,21.650900,5.0,0,4.8,1,mainland,0,0,0,0,0,1
2025-09-07T18:11:51.826262Z,2025,9,7,65.634600,21.886700,6.0,0,3.0,1,mainland,0,0,0,0,0,0
2025-09-07T18:11:51.837217Z,2025,9,7,65.636200,21.889900,10.0,0,30.4,1,mainland,0,0,0,0,0,0
2025-09-07T18:11:52.075254Z,2025,9,7,65.630800,21.920400,-11.0,0,3.7,1,mainland,0,0,0,0,0,0
2025-09-07T18:11:52.538210Z,2025,9,7,65.634700,21.838100,-6.0,0,6.9,1,mainland,0,0,0,0,0,0
2025-09-07T18:12:10.309853Z,2025,9,7,65.598400,21.935100,27.0,0,30.4,1,mainland,0,0,0,0,0,0
2025-09-07T18:12:10.319413Z,2025,9,7,65.627400,21.879400,9.0,0,5.2,1,mainland,0,0,0,0,0,0
2025-09-07T18:12:22.285604Z,2025,9,7,65.596700,21.773600,-4.0,0,24.9,1,mainland,0,0,0,0,0,0
2025-09-07T18:12:31.849683Z,2025,9,7,65.644800,21.847600,5.0,0,10.4,1,mainland,0,0,0,0,0,0
2025-09-07T18:12:31.855531Z,2025,9,7,65.647000,21.949300,6.0,0,12.9,1,mainland,0,0,0,0,0,0
2025-09-07T18:12:51.606595Z,2025,9,7,65.573500,22.012800,5.0,0,2.4,1,mainland,0,0,0,0,0,0
2025-09-07T18:12:51.607153Z,2025,9,7,65.567100,22.072200,-14.0,0,17.8,1,mainland,0,0,0,0,0,0
2025-09-07T18:12:51.609993Z,2025,9,7,65.561900,22.051900,6.0,0,5.4,1,mainland,0,0,0,0,0,0
2025-09-07T18:12:51.631872Z,2025,9,7,65.573800,22.013200,6.0,0,6.2,1,mainland,0,0,0,0,0,0
2025-09-07T18:12:51.869671Z,2025,9,7,65.648000,21.880900,5.0,0,23.0,1,mainland,0,0,0,0,0,0
2025-09-07T18:13:22.284199Z,2025,9,7,65.646400,22.038800,13.0,0,30.4,1,mainland,0,0,0,0,0,0
2025-09-07T18:13:22.284731Z,2025,9,7,65.639600,21.887400,7.0,0,25.7,1,mainland,0,0,0,0,0,0
2025-09-07T18:13:22.286084Z,2025,9,7,65.648500,21.874600,14.0,0,7.1,1,mainland,0,0,0,0,0,0
2025-09-07T18:13:22.309360Z,2025,9,7,65.642500,21.881500,7.0,0,3.5,1,mainland,0,0,0,0,0,0
2025-09-07T18:13:33.860669Z,2025,9,7,65.635800,21.910100,5.0,0,10.4,1,mainland,0,0,0,0,0,0
2025-09-07T18:13:40.279102Z,2025,9,7,65.667600,21.642000,-9.0,0,7.7,1,mainland,0,0,0,1,1,1
2025-09-07T18:13:42.946056Z,2025,9,7,65.601400,22.041200,-15.0,0,11.7,1,mainland,0,0,0,0,0,0
2025-09-07T18:13:42.946407Z,2025,9,7,65.609000,21.845700,-7.0,0,0.0,1,mainland,0,0,0,0,0,0
2025-09-07T18:13:43.275184Z,2025,9,7,65.637200,21.993700,-7.0,0,4.2,1,inland_water,0,0,0,0,0,0
2025-09-07T18:13:43.277697Z,2025,9,7,65.560100,21.890400,-5.0,0,17.9,1,mainland,0,0,0,0,0,0
2025-09-07T18:13:48.671622Z,2025,9,7,65.648100,21.863200,5.0,0,8.3,1,mainland,0,0,0,0,0,0
2025-09-07T18:13:48.672410Z,2025,9,7,65.735000,21.866700,9.0,0,20.0,1,mainland,0,0,0,0,1,1
2025-09-07T18:13:48.672453Z,2025,9,7,65.646700,21.888500,-12.0,0,15.1,1,mainland,0,0,0,0,0,0
2025-09-07T18:13:59.676133Z,2025,9,7,65.649800,21.878400,7.0,0,2.5,1,mainland,0,0,0,0,0,0
2025-09-07T18:14:00.012843Z,2025,9,7,65.646200,21.876300,6.0,0,5.6,1,mainland,0,0,0,0,0,0
2025-09-07T18:14:15.480894Z,2025,9,7,65.646900,21.877000,6.0,0,21.1,1,mainland,0,0,0,0,0,0
2025-09-07T18:14:15.482408Z,2025,9,7,65.653200,21.864900,6.0,0,2.7,1,mainland,0,0,0,0,0,0
2025-09-07T18:14:15.487694Z,2025,9,7,65.646000,22.031000,11.0,0,10.0,1,mainland,0,0,0,0,0,0
2025-09-07T18:14:15.505671Z,2025,9,7,65.673000,21.854300,6.0,0,7.5,1,mainland,0,0,0,0,0,0
2025-09-07T18:14:15.517026Z,2025,9,7,65.661600,21.882800,4.0,0,3.5,1,inland_water,0,0,0,0,0,0
2025-09-07T18:14:26.154073Z,2025,9,7,65.589900,22.018400,7.0,0,2.0,1,mainland,0,0,0,0,0,0
2025-09-07T18:14:26.157224Z,2025,9,7,65.588700,22.019700,5.0,0,2.3,1,mainland,0,0,0,0,0,0
2025-09-07T18:14:26.157726Z,2025,9,7,65.584700,22.022300,7.0,0,11.2,1,mainland,0,0,0,0,0,0
2025-09-07T18:14:26.302497Z,2025,9,7,65.536600,21.901100,-4.0,0,4.6,1,mainland,0,0,0,0,0,0
2025-09-07T18:14:26.641127Z,2025,9,7,65.545500,21.892200,-6.0,0,29.5,1,mainland,0,0,0,0,0,0
2025-09-07T18:14:26.706976Z,2025,9,7,65.602100,21.948000,-6.0,0,2.4,1,mainland,0,0,0,0,0,0
2025-09-07T18:14:42.921963Z,2025,9,7,65.652900,21.855800,7.0,0,3.9,1,mainland,0,0,0,0,0,0
2025-09-07T18:14:42.944184Z,2025,9,7,65.649300,21.864400,8.0,0,21.7,1,mainland,0,0,0,0,0,0
2025-09-07T18:14:43.343026Z,2025,9,7,65.623800,21.881300,-5.0,0,2.7,1,mainland,0,0,0,0,0,0
2025-09-07T18:14:54.647097Z,2025,9,7,65.591500,21.998300,8.0,0,3.9,1,mainland,0,0,0,0,0,0
2025-09-07T18:15:02.581389Z,2025,9,7,65.662700,21.862100,14.0,0,21.1,1,inland_water,0,0,0,0,0,0
2025-09-07T18:15:02.581390Z,2025,9,7,65.662900,21.870700,12.0,0,8.3,1,inland_water,0,0,0,0,0,0
2025-09-07T18:15:02.582422Z,2025,9,7,65.657200,21.865400,5.0,0,13.2,1,inland_water,0,0,0,0,0,0
2025-09-07T18:15:02.626132Z,2025,9,7,65.675100,21.841200,4.0,0,3.6,1,mainland,0,0,0,0,0,0
2025-09-07T18:15:28.816377Z,2025,9,7,65.659100,21.875400,7.0,0,5.4,1,mainland,0,0,0,0,0,0
2025-09-07T18:15:28.817316Z,2025,9,7,65.665200,21.889500,47.0,0,23.4,1,inland_water,0,0,0,0,0,0
2025-09-07T18:15:28.818549Z,2025,9,7,65.663300,21.875200,4.0,0,0.0,1,inland_water,0,0,0,0,0,0
2025-09-07T18:15:28.818652Z,2025,9,7,65.664500,21.870200,11.0,0,11.4,1,inland_water,0,0,0,0,0,0
2025-09-07T18:15:28.821722Z,2025,9,7,65.349900,22.519300,4.0,0,1.5,1,sea,0,0,0,0,0,0
2025-09-07T18:15:28.838971Z,2025,9,7,65.654900,21.868800,4.0,0,2.6,1,mainland,0,0,0,0,0,0
2025-09-07T18:15:42.788448Z,2025,9,7,65.659000,21.889700,-9.0,0,8.7,1,inland_water,0,0,0,0,0,0
2025-09-07T18:15:42.789637Z,2025,9,7,65.664800,21.862000,6.0,0,2.6,1,inland_water,0,0,0,0,0,0
2025-09-07T18:15:58.228084Z,2025,9,7,65.664300,21.860600,18.0,0,23.8,1,inland_water,0,0,0,0,0,0
2025-09-07T18:15:58.229347Z,2025,9,7,65.654400,21.916600,-9.0,0,18.5,1,inland_water,0,0,0,0,0,0
2025-09-07T18:15:58.230196Z,2025,9,7,65.683400,21.838700,-10.0,0,22.3,1,mainland,0,0,0,0,0,0
2025-09-07T18:16:11.181600Z,2025,9,7,65.661800,21.846200,7.0,0,4.1,1,inland_water,0,0,0,0,0,0
2025-09-07T18:16:11.396284Z,2025,9,7,65.656600,21.920600,-7.0,0,6.0,1,inland_water,0,0,0,0,0,0
2025-09-07T18:16:15.471115Z,2025,9,7,65.585400,22.098000,5.0,0,6.4,1,sea,0,1,1,0,0,0
2025-09-07T18:16:26.016054Z,2025,9,7,65.591400,21.985200,-7.0,0,3.0,1,mainland,0,0,0,0,0,0
2025-09-07T18:16:26.128353Z,2025,9,7,65.593000,21.981100,-9.0,0,5.5,1,mainland,0,0,0,0,0,0
2025-09-07T18:16:26.243698Z,2025,9,7,65.615100,21.920300,-11.0,0,4.3,1,mainland,0,0,0,0,0,0
2025-09-07T18:16:41.242285Z,2025,9,7,65.682500,21.873900,17.0,0,2.6,1,mainland,0,0,0,0,0,0
2025-09-07T18:16:41.246659Z,2025,9,7,65.681300,21.876700,11.0,0,4.7,1,mainland,0,0,0,0,0,0
2025-09-07T18:16:52.616526Z,2025,9,7,65.894000,22.371200,12.0,0,5.6,1,mainland,0,0,0,0,0,0
2025-09-07T18:16:52.617159Z,2025,9,7,65.894500,22.366500,10.0,0,8.1,1,mainland,0,0,0,0,0,0
2025-09-07T18:16:52.628323Z,2025,9,7,65.899400,22.364100,6.0,0,14.4,1,mainland,0,0,0,0,0,0
2025-09-07T18:17:02.987732Z,2025,9,7,65.680600,21.874700,8.0,0,5.5,1,mainland,0,0,0,0,0,0
2025-09-07T18:17:02.989617Z,2025,9,7,65.679200,21.867800,33.0,0,13.2,1,mainland,0,0,0,0,0,0
2025-09-07T18:17:02.989619Z,2025,9,7,65.685700,21.860900,32.0,0,19.3,1,mainland,0,0,0,0,0,0
2025-09-07T18:17:02.990586Z,2025,9,7,65.679500,21.853100,6.0,0,3.0,1,mainland,0,0,0,0,0,0
2025-09-07T18:17:03.015325Z,2025,9,7,65.681600,21.872000,9.0,0,8.9,1,mainland,0,0,0,0,0,0
2025-09-07T18:17:03.015345Z,2025,9,7,65.663500,21.929500,-10.0,0,18.0,1,mainland,0,0,0,0,0,0
2025-09-07T18:17:20.564469Z,2025,9,7,65.674100,21.709500,-17.0,0,14.1,1,mainland,0,0,0,0,0,1
2025-09-07T18:17:25.514340Z,2025,9,7,65.511300,22.177000,16.0,0,21.3,1,sea,0,0,0,0,0,0
2025-09-07T18:17:25.621778Z,2025,9,7,65.602000,22.098600,4.0,0,2.3,1,sea,0,1,1,0,0,0
2025-09-07T18:17:35.597223Z,2025,9,7,65.664500,21.901100,9.0,0,11.2,1,inland_water,0,0,0,0,0,0
2025-09-07T18:17:35.607110Z,2025,9,7,65.665400,21.898000,7.0,0,11.1,1,inland_water,0,0,0,0,0,0
2025-09-07T18:17:58.805614Z,2025,9,7,65.647300,21.947300,-31.0,0,14.8,1,mainland,0,0,0,0,0,0
2025-09-07T18:17:58.824242Z,2025,9,7,65.656300,21.980200,-14.0,0,3.2,1,mainland,0,0,0,0,0,0
2025-09-07T18:17:58.846733Z,2025,9,7,65.656900,21.934500,-20.0,0,10.8,1,mainland,0,0,0,0,0,0
2025-09-07T18:17:59.039607Z,2025,9,7,65.684200,21.863900,6.0,0,4.6,1,mainland,0,0,0,0,0,0
2025-09-07T18:17:59.303029Z,2025,9,7,65.510000,21.804200,-23.0,0,6.7,1,mainland,0,0,0,0,0,0
2025-09-07T18:17:59.385094Z,2025,9,7,65.508800,21.808600,-8.0,0,4.8,1,mainland,0,0,0,0,0,0
2025-09-07T18:18:04.546372Z,2025,9,7,65.674500,21.925200,9.0,0,13.8,1,mainland,0,0,0,0,0,0
2025-09-07T18:18:04.547524Z,2025,9,7,65.581700,22.018400,6.0,0,30.4,1,mainland,0,0,0,0,0,0
2025-09-07T18:18:42.939297Z,2025,9,7,65.652400,21.966400,-62.0,0,8.0,1,mainland,0,0,0,0,0,0
2025-09-07T18:18:42.962969Z,2025,9,7,65.652600,21.964800,-26.0,0,26.1,1,mainland,0,0,0,0,0,0
2025-09-07T18:18:42.974578Z,2025,9,7,65.651000,21.970300,-9.0,0,3.3,1,mainland,0,0,0,0,0,0
2025-09-07T18:18:43.436706Z,2025,9,7,65.650900,21.966800,-5.0,0,2.3,1,mainland,0,0,0,0,0,0
2025-09-07T18:19:09.555788Z,2025,9,7,65.598000,22.070800,11.0,0,9.4,1,mainland,1,1,1,0,0,0
2025-09-07T18:19:17.485010Z,2025,9,7,65.684900,21.970700,-19.0,0,3.2,1,mainland,0,0,0,0,0,0
2025-09-07T18:19:17.499902Z,2025,9,7,65.675000,21.947800,-9.0,0,4.9,1,mainland,0,0,0,0,0,0
2025-09-07T18:19:17.529543Z,2025,9,7,65.679700,21.923200,-16.0,0,4.8,1,mainland,0,0,0,0,0,0
2025-09-07T18:19:17.567304Z,2025,9,7,65.676800,21.909100,-17.0,0,5.5,1,mainland,0,0,0,0,0,0
2025-09-07T18:19:17.605154Z,2025,9,7,65.664900,21.953600,-12.0,0,4.2,1,mainland,0,0,0,0,0,0
2025-09-07T18:19:17.605725Z,2025,9,7,65.669600,21.918300,-8.0,0,3.1,1,mainland,0,0,0,0,0,0
2025-09-07T18:19:17.650398Z,2025,9,7,65.664700,21.949900,-8.0,0,3.3,1,mainland,0,0,0,0,0,0
2025-09-07T18:19:29.742829Z,2025,9,7,65.685900,21.908900,-5.0,0,1.7,1,mainland,0,0,0,0,0,0
2025-09-07T18:19:30.145769Z,2025,9,7,65.262900,22.743000,-4.0,0,1.9,1,sea,0,0,0,0,0,0
2025-09-07T18:19:50.676594Z,2025,9,7,65.701900,21.860900,5.0,0,2.7,1,mainland,0,0,0,0,0,0
2025-09-07T18:19:50.725562Z,2025,9,7,65.718800,21.935300,6.0,0,5.8,1,mainland,0,0,0,0,0,0
2025-09-07T18:19:50.866385Z,2025,9,7,65.619900,21.938600,-5.0,0,1.7,1,mainland,0,0,0,0,0,0
2025-09-07T18:19:50.879872Z,2025,9,7,65.491500,21.757300,-6.0,0,4.2,1,mainland,0,0,0,0,0,0
2025-09-07T18:19:50.884506Z,2025,9,7,65.484700,21.786200,-45.0,0,12.4,1,mainland,0,0,0,0,0,0
2025-09-07T18:19:50.903475Z,2025,9,7,65.508500,21.822400,-13.0,0,9.5,1,mainland,0,0,0,0,0,0
2025-09-07T18:19:50.926474Z,2025,9,7,65.479300,21.798400,-6.0,0,6.1,1,mainland,0,0,0,0,0,0
2025-09-07T18:20:12.350450Z,2025,9,7,65.913800,22.344500,6.0,0,3.6,1,mainland,0,0,0,0,0,0
2025-09-07T18:20:12.350832Z,2025,9,7,65.913300,22.349300,6.0,0,2.7,1,mainland,0,0,0,0,0,0
2025-09-07T18:20:12.354153Z,2025,9,7,65.916700,22.348000,6.0,0,2.3,1,mainland,0,0,0,0,0,0
2025-09-07T18:20:32.044037Z,2025,9,7,65.666800,21.952400,-7.0,0,3.1,1,mainland,0,0,0,0,0,0
2025-09-07T18:20:32.067763Z,2025,9,7,65.675000,21.973700,-10.0,0,4.2,1,mainland,0,0,0,0,0,0
2025-09-07T18:20:32.086236Z,2025,9,7,65.661000,21.986700,-8.0,0,3.5,1,mainland,0,0,0,0,0,0
2025-09-07T18:20:32.119882Z,2025,9,7,65.612900,22.080500,6.0,0,21.1,1,sea,1,1,1,0,0,0
2025-09-07T18:20:32.314800Z,2025,9,7,65.631200,21.992800,8.0,0,18.8,1,inland_water,0,0,0,0,0,0
2025-09-07T18:20:32.536250Z,2025,9,7,65.662800,21.981400,-5.0,0,3.1,1,mainland,0,0,0,0,0,0
2025-09-07T18:21:27.532720Z,2025,9,7,65.704100,21.832700,36.0,0,26.7,1,mainland,0,0,0,0,0,0
2025-09-07T18:21:59.332224Z,2025,9,7,65.580200,21.905500,18.0,0,21.3,1,mainland,0,0,0,0,0,0
2025-09-07T18:21:59.332430Z,2025,9,7,65.578900,21.925800,9.0,0,0.0,1,mainland,0,0,0,0,0,0
2025-09-07T18:21:59.333359Z,2025,9,7,65.576700,21.936400,7.0,0,0.0,1,mainland,0,0,0,0,0,0
2025-09-07T18:22:43.706762Z,2025,9,7,65.739000,21.914500,-24.0,0,23.3,1,mainland,0,0,0,0,0,0
2025-09-07T18:22:43.713828Z,2025,9,7,65.726700,21.903400,8.0,0,20.4,1,mainland,0,0,0,0,0,0
2025-09-07T18:23:01.172233Z,2025,9,7,65.726700,21.919400,7.0,0,15.6,1,mainland,0,0,0,0,0,0
2025-09-07T18:23:01.172252Z,2025,9,7,65.759400,21.987200,-15.0,0,15.3,1,mainland,0,0,0,0,0,0
2025-09-07T18:23:01.180791Z,2025,9,7,65.726600,21.901900,8.0,0,5.5,1,mainland,0,0,0,0,0,0
2025-09-07T18:23:01.187018Z,2025,9,7,65.723800,21.906900,11.0,0,7.4,1,mainland,0,0,0,0,0,0
2025-09-07T18:23:19.556648Z,2025,9,7,65.729700,21.922900,8.0,0,20.6,1,mainland,0,0,0,0,0,0
2025-09-07T18:23:19.557586Z,2025,9,7,65.732700,21.917700,5.0,0,7.6,1,mainland,0,0,0,0,0,0
2025-09-07T18:23:19.557646Z,2025,9,7,65.838300,22.225300,-12.0,0,14.2,1,mainland,0,0,0,0,0,0
2025-09-07T18:23:19.601494Z,2025,9,7,65.736300,21.912000,5.0,0,3.3,1,mainland,0,0,0,0,0,0
2025-09-07T18:23:38.628111Z,2025,9,7,65.739300,21.903400,4.0,0,1.5,1,mainland,0,0,0,0,0,1
2025-09-07T18:23:38.628641Z,2025,9,7,65.738100,21.908300,5.0,0,2.0,1,mainland,0,0,0,0,0,1
2025-09-07T18:23:58.031933Z,2025,9,7,65.738500,21.889200,7.0,0,2.9,1,mainland,0,0,0,0,1,1
2025-09-07T18:23:58.044494Z,2025,9,7,65.735300,21.907600,17.0,0,27.5,1,mainland,0,0,0,0,0,0
2025-09-07T18:23:58.052597Z,2025,9,7,65.694900,22.012000,-18.0,0,21.7,1,mainland,0,0,0,0,0,0
2025-09-07T18:23:58.053875Z,2025,9,7,65.736000,21.896400,5.0,0,4.9,1,mainland,0,0,0,0,0,1
2025-09-07T18:23:58.060296Z,2025,9,7,65.733700,21.904200,5.0,0,3.3,1,mainland,0,0,0,0,0,0
2025-09-07T18:24:15.651756Z,2025,9,7,65.734100,21.895600,10.0,0,22.5,1,mainland,0,0,0,0,0,0
2025-09-07T18:24:15.660150Z,2025,9,7,65.733600,21.896700,8.0,0,3.6,1,mainland,0,0,0,0,0,0
2025-09-07T18:24:26.196771Z,2025,9,7,65.731400,21.888900,5.0,0,3.9,1,mainland,0,0,0,0,0,0
2025-09-07T18:24:38.608206Z,2025,9,7,65.737400,21.896200,5.0,0,1.9,1,mainland,0,0,0,0,0,1
2025-09-07T18:24:39.088438Z,2025,9,7,65.728900,21.864700,7.0,0,3.8,1,mainland,0,0,0,0,0,1
2025-09-07T18:24:39.097333Z,2025,9,7,65.729300,21.997700,-11.0,0,13.1,1,mainland,0,0,0,0,0,0
2025-09-07T18:24:39.411891Z,2025,9,7,65.731400,21.998400,-20.0,0,12.5,1,mainland,0,0,0,0,0,0
2025-09-07T18:24:39.419426Z,2025,9,7,65.736900,21.896100,11.0,0,4.1,1,mainland,0,0,0,0,0,1
2025-09-07T18:24:39.775420Z,2025,9,7,65.558700,21.928100,-49.0,0,10.3,1,mainland,0,0,0,0,0,0
2025-09-07T18:24:39.839322Z,2025,9,7,65.563800,21.924300,-10.0,0,9.4,1,mainland,0,0,0,0,0,0
2025-09-07T18:25:17.379599Z,2025,9,7,65.765700,21.994400,5.0,0,26.7,1,mainland,0,0,0,0,0,0
2025-09-07T18:25:17.505956Z,2025,9,7,65.672000,21.946900,-17.0,0,3.9,1,mainland,0,0,0,0,0,0
2025-09-07T18:25:17.539152Z,2025,9,7,65.684600,21.955100,-10.0,0,7.9,1,mainland,0,0,0,0,0,0
2025-09-07T18:25:17.569240Z,2025,9,7,65.645300,21.950900,-11.0,0,4.2,1,mainland,0,0,0,0,0,0
2025-09-07T18:25:17.582881Z,2025,9,7,65.705600,22.050400,12.0,0,0.0,1,mainland,0,0,0,0,0,0
2025-09-07T18:25:17.583032Z,2025,9,7,65.685500,21.947000,-41.0,0,5.5,1,mainland,0,0,0,0,0,0
2025-09-07T18:25:17.689732Z,2025,9,7,65.685800,21.946400,-41.0,0,7.3,1,mainland,0,0,0,0,0,0
2025-09-07T18:25:17.750687Z,2025,9,7,65.686000,21.948800,-9.0,0,5.0,1,mainland,0,0,0,0,0,0
2025-09-07T18:25:31.732349Z,2025,9,7,65.747200,21.909400,-16.0,0,18.3,1,mainland,0,0,0,1,1,1
2025-09-07T18:26:10.051040Z,2025,9,7,65.746300,21.973500,5.0,0,17.4,1,mainland,0,0,0,0,0,0
2025-09-07T18:26:19.685205Z,2025,9,7,65.672700,22.081300,-8.0,0,3.8,1,mainland,0,0,0,0,0,0
2025-09-07T18:26:19.748227Z,2025,9,7,65.679600,22.121700,-10.0,0,3.3,1,mainland,0,0,0,0,0,0
2025-09-07T18:26:20.124072Z,2025,9,7,65.680300,22.119600,-9.0,0,3.1,1,mainland,0,0,0,0,0,0
2025-09-07T18:26:20.349941Z,2025,9,7,65.728800,21.949000,4.0,0,1.6,1,mainland,0,0,0,0,0,0
2025-09-07T18:26:54.685108Z,2025,9,7,65.669900,21.863900,-32.0,0,6.8,1,inland_water,0,0,0,0,0,0
2025-09-07T18:27:17.736782Z,2025,9,7,65.761400,21.985600,-7.0,0,3.9,1,mainland,0,0,0,0,0,0
2025-09-07T18:27:17.787689Z,2025,9,7,65.748600,21.934000,-7.0,0,7.8,1,mainland,0,0,0,0,0,1
2025-09-07T18:27:17.823149Z,2025,9,7,65.761900,21.984000,-6.0,0,3.3,1,mainland,0,0,0,0,0,0
2025-09-07T18:27:18.143554Z,2025,9,7,65.748700,21.924600,-14.0,0,6.2,1,mainland,0,0,0,0,1,1
2025-09-07T18:27:18.190537Z,2025,9,7,65.748800,21.921900,-5.0,0,3.8,1,mainland,0,0,0,1,1,1
2025-09-07T18:27:18.257227Z,2025,9,7,65.748700,21.925900,-16.0,0,6.6,1,mainland,0,0,0,0,1,1
2025-09-07T18:27:18.334439Z,2025,9,7,65.748200,21.929100,-6.0,0,3.5,1,mainland,0,0,0,0,1,1
2025-09-07T18:27:18.695863Z,2025,9,7,65.748600,21.923500,-7.0,0,3.7,1,mainland,0,0,0,0,1,1
2025-09-07T18:27:34.386687Z,2025,9,7,65.501700,21.807200,15.0,0,10.0,1,mainland,0,0,0,0,0,0
2025-09-07T18:27:34.386941Z,2025,9,7,65.494400,21.845800,-8.0,0,0.0,1,mainland,0,0,0,0,0,0
2025-09-07T18:27:34.387192Z,2025,9,7,65.502200,21.820800,6.0,0,0.0,1,mainland,0,0,0,0,0,0
2025-09-07T18:27:34.387471Z,2025,9,7,65.502500,21.814900,4.0,0,0.0,1,mainland,0,0,0,0,0,0
2025-09-07T18:27:34.387849Z,2025,9,7,65.498900,21.839500,6.0,0,0.0,1,mainland,0,0,0,0,0,0
2025-09-07T18:27:34.388124Z,2025,9,7,65.509200,21.796400,11.0,0,9.1,1,mainland,0,0,0,0,0,0
2025-09-07T18:27:34.777478Z,2025,9,7,65.626200,21.853900,-75.0,0,6.0,1,mainland,0,0,0,0,0,0
2025-09-07T18:27:34.794566Z,2025,9,7,65.626500,21.854300,-10.0,0,5.6,1,mainland,0,0,0,0,0,0
2025-09-07T18:27:35.102493Z,2025,9,7,65.627600,21.853700,-14.0,0,5.0,1,mainland,0,0,0,0,0,0
2025-09-07T18:29:36.291017Z,2025,9,7,65.741400,21.996200,12.0,0,16.2,1,mainland,0,0,0,0,0,0
2025-09-07T18:29:36.292191Z,2025,9,7,65.744400,22.000200,5.0,0,7.2,1,mainland,0,0,0,0,0,0
2025-09-07T18:30:05.247847Z,2025,9,7,65.768500,21.994100,7.0,0,5.7,1,mainland,0,0,0,0,0,0
2025-09-07T18:31:00.114517Z,2025,9,7,65.748300,22.043800,8.0,0,21.8,1,mainland,0,0,0,0,0,0
2025-09-07T18:31:00.115084Z,2025,9,7,65.747000,22.036900,8.0,0,10.8,1,mainland,0,0,0,0,0,0
2025-09-07T18:31:00.116097Z,2025,9,7,65.745000,22.042700,6.0,0,15.5,1,mainland,0,0,0,0,0,0
2025-09-07T18:31:00.117475Z,2025,9,7,65.743700,22.040300,8.0,0,7.7,1,mainland,0,0,0,0,0,0
2025-09-07T18:31:00.119367Z,2025,9,7,65.741900,22.043600,6.0,0,5.1,1,mainland,0,0,0,0,0,0
2025-09-07T18:31:39.810061Z,2025,9,7,65.748700,22.046600,-5.0,0,4.9,1,mainland,0,0,0,0,0,0
2025-09-07T18:31:39.814384Z,2025,9,7,65.745000,22.037600,-54.0,0,18.8,1,mainland,0,0,0,0,0,0
2025-09-07T18:31:39.847165Z,2025,9,7,65.742200,22.041300,-19.0,0,4.1,1,mainland,0,0,0,0,0,0
2025-09-07T18:31:39.869535Z,2025,9,7,65.724700,22.086000,-6.0,0,2.7,1,mainland,0,0,0,0,0,0
2025-09-07T18:31:40.423797Z,2025,9,7,65.798000,21.937100,-6.0,0,3.1,1,mainland,0,0,0,0,0,0
2025-09-07T18:31:40.442750Z,2025,9,7,65.270700,22.610900,4.0,0,3.7,1,sea,0,0,0,0,0,0
2025-09-07T18:31:40.444062Z,2025,9,7,65.682600,21.931600,8.0,0,13.8,1,mainland,0,0,0,0,0,0
2025-09-07T18:31:40.445380Z,2025,9,7,65.674600,21.986200,22.0,0,23.8,1,mainland,0,0,0,0,0,0
2025-09-07T18:32:29.316253Z,2025,9,7,65.771200,22.001800,6.0,0,2.0,1,mainland,0,0,0,0,0,0
2025-09-07T18:32:29.316711Z,2025,9,7,65.774700,22.019200,10.0,0,13.5,1,mainland,0,0,0,0,0,0
2025-09-07T18:32:29.320301Z,2025,9,7,65.761700,22.020200,5.0,0,3.3,1,mainland,0,0,0,0,0,0
2025-09-07T18:32:58.737933Z,2025,9,7,65.694800,22.181400,-10.0,0,5.1,1,mainland,0,0,0,0,0,0
2025-09-07T18:32:58.760234Z,2025,9,7,65.692900,22.179600,-8.0,0,3.9,1,mainland,0,0,0,0,0,0
2025-09-07T18:32:59.223084Z,2025,9,7,65.693700,22.179800,-11.0,0,5.2,1,mainland,0,0,0,0,0,0
2025-09-07T18:32:59.240493Z,2025,9,7,65.692900,22.178200,-17.0,0,10.5,1,mainland,0,0,0,0,0,0
2025-09-07T18:33:38.413185Z,2025,9,7,65.702400,22.204200,-24.0,0,8.2,1,mainland,0,0,0,0,0,0
2025-09-07T18:33:38.439962Z,2025,9,7,65.700300,22.221600,-14.0,0,6.0,1,mainland,0,0,0,0,0,0
2025-09-07T18:33:38.480823Z,2025,9,7,65.689800,22.152000,-20.0,0,4.9,1,mainland,0,0,0,0,0,0
2025-09-07T18:33:38.497918Z,2025,9,7,65.699800,22.216600,-7.0,0,3.3,1,mainland,0,0,0,0,0,0
2025-09-07T18:33:38.946726Z,2025,9,7,65.671200,22.199000,-8.0,0,3.5,1,mainland,0,0,0,0,0,0
2025-09-07T18:33:38.948033Z,2025,9,7,65.802600,21.968800,4.0,0,6.8,1,mainland,0,0,0,0,0,0
2025-09-07T18:33:39.101092Z,2025,9,7,65.670900,22.206600,-9.0,0,3.5,1,mainland,0,0,0,0,0,0
2025-09-07T18:34:15.730584Z,2025,9,7,65.696700,22.243500,-30.0,0,8.3,1,mainland,1,1,1,0,0,0
2025-09-07T18:34:15.771384Z,2025,9,7,65.695600,22.263200,-6.0,0,2.7,1,mainland,1,1,1,0,0,0
2025-09-07T18:34:16.190503Z,2025,9,7,65.766700,22.006000,28.0,0,11.4,1,mainland,0,0,0,0,0,0
2025-09-07T18:34:16.192101Z,2025,9,7,65.763500,22.000500,11.0,0,19.0,1,mainland,0,0,0,0,0,0
2025-09-07T18:34:16.193306Z,2025,9,7,65.765700,22.018300,7.0,0,11.7,1,mainland,0,0,0,0,0,0
2025-09-07T18:34:16.194959Z,2025,9,7,65.752400,21.989500,5.0,0,6.7,1,mainland,0,0,0,0,0,0
2025-09-07T18:34:16.196352Z,2025,9,7,65.753300,22.032300,6.0,0,2.5,1,mainland,0,0,0,0,0,0
2025-09-07T18:34:16.198347Z,2025,9,7,65.769400,22.098600,-9.0,0,16.6,1,inland_water,0,0,0,0,0,0
2025-09-07T18:34:16.202683Z,2025,9,7,65.757600,21.973100,6.0,0,9.9,1,mainland,0,0,0,0,0,0
2025-09-07T18:34:16.372070Z,2025,9,7,65.695900,22.246800,-13.0,0,4.2,1,mainland,1,1,1,0,0,0
2025-09-07T18:35:08.930514Z,2025,9,7,65.735800,22.106800,5.0,0,3.8,1,mainland,0,0,0,0,0,0
2025-09-07T18:35:09.433557Z,2025,9,7,65.702600,21.964600,-43.0,0,6.0,1,mainland,0,0,0,0,0,0
2025-09-07T18:35:24.878574Z,2025,9,7,65.803300,21.963400,5.0,0,1.5,1,mainland,0,0,0,0,0,0
2025-09-07T18:35:56.810377Z,2025,9,7,65.788500,22.003400,15.0,0,15.6,1,mainland,0,0,0,0,0,0
2025-09-07T18:36:38.503678Z,2025,9,7,65.717200,22.189900,-6.0,0,0.0,1,mainland,0,0,0,0,0,0
2025-09-07T18:36:38.503773Z,2025,9,7,65.716100,22.187400,-9.0,0,5.7,1,mainland,0,0,0,0,0,0
2025-09-07T18:36:38.508639Z,2025,9,7,65.718300,22.174800,-39.0,0,11.1,1,mainland,0,0,0,0,0,0
2025-09-07T18:36:38.527377Z,2025,9,7,65.716900,22.212000,7.0,0,6.0,1,mainland,0,0,0,0,0,0
2025-09-07T18:36:38.536687Z,2025,9,7,65.711500,22.195500,-17.0,0,10.1,1,mainland,0,0,0,0,0,0
2025-09-07T18:36:38.557028Z,2025,9,7,65.742800,22.128000,-6.0,0,3.1,1,mainland,0,0,0,0,0,0
2025-09-07T18:36:39.103538Z,2025,9,7,65.682800,21.967000,6.0,0,7.9,1,mainland,0,0,0,0,0,0
2025-09-07T18:36:39.105270Z,2025,9,7,65.674000,21.957600,5.0,0,6.0,1,mainland,0,0,0,0,0,0
2025-09-07T18:36:39.106061Z,2025,9,7,65.670600,21.955100,7.0,0,1.8,1,mainland,0,0,0,0,0,0
2025-09-07T18:37:36.238919Z,2025,9,7,65.730200,22.161400,14.0,0,9.1,1,mainland,0,0,0,0,0,0
2025-09-07T18:37:36.239853Z,2025,9,7,65.723600,22.177600,8.0,0,4.1,1,mainland,0,0,0,0,0,0
2025-09-07T18:37:36.244915Z,2025,9,7,65.735000,22.156100,5.0,0,4.3,1,mainland,0,0,0,0,0,0
2025-09-07T18:38:23.285381Z,2025,9,7,65.734600,21.910300,-7.0,0,3.7,1,mainland,0,0,0,0,0,0
2025-09-07T18:38:23.471606Z,2025,9,7,65.637500,21.993400,10.0,0,26.0,1,inland_water,0,0,0,0,0,0
2025-09-07T18:38:23.471710Z,2025,9,7,65.668800,22.683200,-14.0,0,21.4,1,sea,0,0,1,0,0,0
2025-09-07T18:39:18.601738Z,2025,9,7,65.737100,22.172100,-59.0,0,10.1,1,mainland,0,0,0,0,0,0
2025-09-07T18:39:18.626775Z,2025,9,7,65.750800,22.144300,-4.0,0,5.1,1,inland_water,0,0,0,0,0,0
2025-09-07T18:39:18.628081Z,2025,9,7,65.753300,22.157200,-9.0,0,4.5,1,inland_water,0,0,0,0,0,0
2025-09-07T18:39:18.745607Z,2025,9,7,65.743900,22.151400,7.0,0,8.9,1,mainland,0,0,0,0,0,0
2025-09-07T18:39:18.746228Z,2025,9,7,65.744000,22.159300,11.0,0,17.4,1,mainland,0,0,0,0,0,0
2025-09-07T18:39:18.746269Z,2025,9,7,65.723900,22.235400,-12.0,0,18.3,1,inland_water,0,0,0,0,0,0
2025-09-07T18:39:18.747727Z,2025,9,7,65.753400,22.228100,13.0,0,30.4,1,mainland,0,0,0,0,0,0
2025-09-07T18:39:19.120770Z,2025,9,7,65.753600,22.152400,-8.0,0,2.6,1,inland_water,0,0,0,0,0,0
2025-09-07T18:40:38.140842Z,2025,9,7,65.807400,22.475100,9.0,0,6.8,1,sea,1,1,1,0,0,0
2025-09-07T18:40:38.145894Z,2025,9,7,65.759900,22.184600,-49.0,0,7.7,1,mainland,0,0,0,0,0,0
2025-09-07T18:40:38.291913Z,2025,9,7,65.729300,22.172700,6.0,0,3.1,1,mainland,0,0,0,0,0,0
2025-09-07T18:40:39.275303Z,2025,9,7,65.618900,22.015900,-8.0,0,3.7,1,inland_water,0,0,0,0,0,0
2025-09-07T18:41:34.226925Z,2025,9,7,65.773100,22.143000,12.0,0,10.7,1,mainland,0,0,0,0,0,0
2025-09-07T18:41:34.229035Z,2025,9,7,65.774900,22.141500,10.0,0,11.1,1,mainland,0,0,0,0,0,0
2025-09-07T18:41:34.229060Z,2025,9,7,65.825500,22.209600,-14.0,0,17.6,1,mainland,0,0,0,0,0,0
2025-09-07T18:42:05.776387Z,2025,9,7,65.779200,22.149800,-5.0,0,3.6,1,inland_water,0,0,0,0,0,0
2025-09-07T18:42:05.790138Z,2025,9,7,65.780800,22.168400,-9.0,0,3.2,1,mainland,0,0,0,0,0,0
2025-09-07T18:42:05.819233Z,2025,9,7,65.792300,22.145000,-6.0,0,2.9,1,mainland,0,0,0,0,0,0
2025-09-07T18:43:08.768392Z,2025,9,7,65.787400,22.147200,-7.0,0,2.5,1,mainland,0,0,0,0,0,0
2025-09-07T18:43:08.775038Z,2025,9,7,65.783600,22.171800,-56.0,0,8.2,1,mainland,0,0,0,0,0,0
2025-09-07T18:43:09.071037Z,2025,9,7,65.798800,22.184900,-6.0,0,3.6,1,mainland,0,0,0,0,0,0
2025-09-07T18:43:51.393063Z,2025,9,7,65.789200,22.136700,6.0,0,4.1,1,mainland,0,0,0,0,0,0
2025-09-07T18:43:51.395292Z,2025,9,7,65.786100,22.129600,7.0,0,6.9,1,inland_water,0,0,0,0,0,0
2025-09-07T18:43:51.397428Z,2025,9,7,65.790800,22.150000,8.0,0,3.0,1,mainland,0,0,0,0,0,0
2025-09-07T18:43:52.796537Z,2025,9,7,65.638700,22.034100,-21.0,0,4.4,1,mainland,0,0,0,0,0,0
2025-09-07T18:45:26.420163Z,2025,9,7,65.784000,22.310500,-8.0,0,0.0,1,mainland,1,1,1,0,0,0
2025-09-07T18:45:26.420248Z,2025,9,7,65.802300,22.154600,-12.0,0,0.0,1,mainland,0,0,0,0,0,0
2025-09-07T18:45:26.422746Z,2025,9,7,65.789200,22.254100,-95.0,0,25.4,1,mainland,0,0,0,0,0,0
2025-09-07T18:45:26.438864Z,2025,9,7,65.789000,22.177100,-9.0,0,7.7,1,mainland,0,0,0,0,0,0
2025-09-07T18:45:26.442825Z,2025,9,7,65.800700,22.165100,-9.0,0,25.6,1,mainland,0,0,0,0,0,0
2025-09-07T18:45:26.445866Z,2025,9,7,65.797400,22.208400,-15.0,0,4.3,1,mainland,0,0,0,0,0,0
2025-09-07T18:45:26.597179Z,2025,9,7,65.807000,22.097700,9.0,0,4.9,1,mainland,0,0,0,0,0,0
2025-09-07T18:45:26.599530Z,2025,9,7,65.761800,22.115600,13.0,0,24.7,1,inland_water,0,0,0,0,0,0
2025-09-07T18:45:26.607790Z,2025,9,7,65.817600,22.065700,4.0,0,4.8,1,mainland,0,0,0,0,0,0
2025-09-07T18:45:26.616133Z,2025,9,7,65.819400,22.157300,6.0,0,2.0,1,mainland,0,0,0,0,0,0
2025-09-07T18:46:44.476253Z,2025,9,7,65.690400,22.124200,-7.0,0,4.3,1,mainland,0,0,0,0,0,0
2025-09-07T18:46:44.478895Z,2025,9,7,65.808900,22.145600,-60.0,0,29.3,1,mainland,0,0,0,0,0,0
2025-09-07T18:46:44.499496Z,2025,9,7,65.814200,22.139100,-11.0,0,13.7,1,mainland,0,0,0,0,0,0
2025-09-07T18:46:44.531578Z,2025,9,7,65.794600,22.141200,8.0,0,4.2,1,mainland,0,0,0,0,0,0
2025-09-07T18:46:44.532028Z,2025,9,7,65.795200,22.121200,8.0,0,10.1,1,mainland,0,0,0,0,0,0
2025-09-07T18:46:44.534625Z,2025,9,7,65.788200,22.126000,8.0,0,7.3,1,mainland,0,0,0,0,0,0
2025-09-07T18:46:44.553050Z,2025,9,7,65.784100,22.177100,10.0,0,23.8,1,mainland,0,0,0,0,0,0
2025-09-07T18:49:37.376184Z,2025,9,7,65.806000,22.239100,-14.0,0,0.0,1,mainland,0,0,0,0,0,0
2025-09-07T18:49:37.384119Z,2025,9,7,65.792700,22.237100,-11.0,0,6.6,1,mainland,0,0,0,0,0,0
2025-09-07T18:49:37.498806Z,2025,9,7,65.823700,22.115600,6.0,0,8.9,1,mainland,0,0,0,0,0,0
2025-09-07T18:49:37.502467Z,2025,9,7,65.825800,22.118500,6.0,0,9.1,1,mainland,0,0,0,0,0,0
2025-09-07T18:50:54.945914Z,2025,9,7,65.804100,22.212200,9.0,0,4.1,1,mainland,0,0,0,0,0,0
2025-09-07T18:50:54.946472Z,2025,9,7,65.819900,22.195800,5.0,0,0.0,1,mainland,0,0,0,0,0,0
2025-09-07T18:50:54.946817Z,2025,9,7,65.805900,22.227800,19.0,0,25.5,1,mainland,0,0,0,0,0,0
2025-09-07T18:50:54.947513Z,2025,9,7,65.805000,22.204800,8.0,0,9.4,1,mainland,0,0,0,0,0,0
2025-09-07T18:51:50.293669Z,2025,9,7,65.811200,22.207100,14.0,0,6.7,1,mainland,0,0,0,0,0,0
2025-09-07T18:51:50.294336Z,2025,9,7,65.806500,22.204900,-16.0,0,9.7,1,mainland,0,0,0,0,0,0
2025-09-07T18:51:50.295024Z,2025,9,7,65.809300,22.213000,7.0,0,11.7,1,mainland,0,0,0,0,0,0
2025-09-07T18:51:50.297008Z,2025,9,7,65.801900,22.212300,4.0,0,2.1,1,mainland,0,0,0,0,0,0
2025-09-07T18:53:05.156567Z,2025,9,7,65.821700,22.209100,-41.0,0,11.6,1,mainland,0,0,0,0,0,0
2025-09-07T18:53:05.179315Z,2025,9,7,65.842600,22.186900,-9.0,0,3.1,1,mainland,0,0,0,0,0,0
2025-09-07T18:55:18.406013Z,2025,9,7,65.824600,22.246300,-26.0,0,14.5,1,mainland,0,0,0,0,0,0
2025-09-07T18:55:18.408161Z,2025,9,7,65.827400,22.271500,-91.0,0,19.9,1,mainland,0,0,0,0,0,0
2025-09-07T18:55:18.422470Z,2025,9,7,65.821900,22.263600,11.0,0,24.0,1,mainland,0,0,0,0,0,0
2025-09-07T18:55:18.425773Z,2025,9,7,65.819500,22.240800,-23.0,0,5.8,1,mainland,0,0,0,0,0,0
2025-09-07T18:55:18.532014Z,2025,9,7,65.900200,22.048000,6.0,0,15.0,1,mainland,0,0,0,0,0,1
2025-09-07T18:57:38.456192Z,2025,9,7,65.836500,22.259600,-6.0,0,0.0,1,mainland,0,0,0,0,0,0
2025-09-07T18:57:38.456293Z,2025,9,7,65.835700,22.260200,-15.0,0,0.0,1,mainland,0,0,0,0,0,0
2025-09-07T18:57:38.456541Z,2025,9,7,65.835300,22.269500,-18.0,0,0.0,1,mainland,0,0,0,0,0,0
2025-09-07T18:57:38.458744Z,2025,9,7,65.851600,22.255600,-97.0,0,14.6,1,mainland,0,0,0,0,0,0
2025-09-07T18:57:38.476023Z,2025,9,7,65.870500,22.201400,-17.0,0,15.5,1,mainland,0,0,0,0,0,0
2025-09-07T18:57:38.478253Z,2025,9,7,65.837600,22.224800,-38.0,0,8.8,1,mainland,0,0,0,0,0,0
2025-09-07T18:59:22.353096Z,2025,9,7,65.850800,22.235400,-116.0,0,17.5,1,mainland,0,0,0,0,0,0
2025-09-07T18:59:22.376942Z,2025,9,7,65.851900,22.237900,-12.0,0,15.8,1,mainland,0,0,0,0,0,0
2025-09-07T18:59:22.383927Z,2025,9,7,65.858100,22.210900,-22.0,0,6.1,1,mainland,0,0,0,0,0,0
2025-09-07T19:01:23.687125Z,2025,9,7,65.878900,22.196100,-5.0,0,0.0,1,mainland,0,0,0,0,0,0
2025-09-07T19:01:23.687201Z,2025,9,7,65.876500,22.195600,-7.0,0,0.0,1,mainland,0,0,0,0,0,0
2025-09-07T19:01:23.687247Z,2025,9,7,65.880900,22.196900,-9.0,0,0.0,1,mainland,0,0,0,0,0,0
2025-09-07T19:01:23.687307Z,2025,9,7,65.882100,22.181200,-12.0,0,0.0,1,mainland,0,0,0,0,0,0
2025-09-07T19:01:23.687508Z,2025,9,7,65.880500,22.186800,-12.0,0,0.0,1,mainland,0,0,0,0,0,0
2025-09-07T19:01:23.688953Z,2025,9,7,65.886800,22.187500,-101.0,0,19.8,1,mainland,0,0,0,0,0,0
2025-09-07T19:01:23.707354Z,2025,9,7,65.884600,22.213800,-14.0,0,10.6,1,mainland,0,0,0,0,0,0
2025-09-07T19:01:23.742499Z,2025,9,7,65.862500,22.212800,4.0,0,5.6,1,mainland,0,0,0,0,0,0
2025-09-07T19:01:23.746205Z,2025,9,7,65.871200,22.203700,7.0,0,19.9,1,mainland,0,0,0,0,0,0
2025-09-07T19:01:23.777869Z,2025,9,7,65.920000,22.111000,6.0,0,15.5,1,inland_water,0,0,0,0,0,0
2025-09-07T19:04:10.303706Z,2025,9,7,66.000600,22.297700,-18.0,0,9.5,1,mainland,0,0,0,0,0,0
2025-09-07T19:04:10.303719Z,2025,9,7,66.159400,22.184200,6.0,0,8.5,1,mainland,0,0,0,0,0,0
2025-09-07T19:04:10.303896Z,2025,9,7,65.998400,22.287400,-14.0,0,0.0,1,mainland,0,0,0,0,0,0
2025-09-07T19:04:10.306535Z,2025,9,7,65.897700,22.368400,-42.0,0,16.7,1,mainland,0,0,0,0,0,0
2025-09-07T19:04:10.324111Z,2025,9,7,66.002300,22.308700,-4.0,0,7.9,1,mainland,0,0,0,0,0,0
2025-09-07T19:10:27.866433Z,2025,9,7,65.785100,22.521800,-9.0,0,4.3,1,mainland,0,1,1,0,0,0
2025-09-07T19:10:27.914096Z,2025,9,7,65.796300,22.569500,-5.0,0,3.7,1,mainland,1,1,1,0,0,0
2025-09-07T19:12:53.551271Z,2025,9,7,65.794100,22.516500,-22.0,0,12.0,1,mainland,1,1,1,0,0,0
2025-09-07T19:12:53.551541Z,2025,9,7,65.794500,22.495900,-8.0,0,0.0,1,sea,1,1,1,0,0,0
2025-09-07T19:12:53.551663Z,2025,9,7,65.794400,22.537800,-11.0,0,0.0,1,mainland,0,0,1,0,0,0
2025-09-07T19:12:53.551797Z,2025,9,7,65.766800,22.496600,-7.0,0,0.0,1,sea,0,0,1,0,0,0
2025-09-07T19:12:53.556698Z,2025,9,7,65.798000,22.521200,-47.0,0,10.4,1,mainland,0,1,1,0,0,0
2025-09-07T19:12:53.582285Z,2025,9,7,65.797600,22.519800,-21.0,0,10.7,1,mainland,0,1,1,0,0,0
2025-09-07T19:14:24.973490Z,2025,9,7,66.031200,22.239500,9.0,0,19.3,1,mainland,0,0,0,0,0,0
2025-09-07T19:14:24.975754Z,2025,9,7,65.978700,22.224000,7.0,0,24.7,1,mainland,0,0,0,0,0,0
2025-09-07T19:14:24.977953Z,2025,9,7,65.975200,22.225600,7.0,0,7.3,1,inland_water,0,0,0,0,0,0
2025-09-07T19:14:24.990874Z,2025,9,7,65.995400,22.231700,6.0,0,27.1,1,mainland,0,0,0,0,0,0
2025-09-07T19:14:25.144594Z,2025,9,7,65.978900,22.279400,18.0,0,13.7,1,mainland,0,0,0,0,0,0
2025-09-07T19:14:25.488139Z,2025,9,7,65.999400,22.039700,-40.0,0,16.3,1,mainland,0,0,0,0,0,0
2025-09-07T19:15:30.474638Z,2025,9,7,65.909200,22.463600,-7.0,0,5.1,1,mainland,0,0,0,0,0,0
2025-09-07T19:15:30.478618Z,2025,9,7,65.807900,22.490900,-55.0,0,12.0,1,islands,1,1,1,0,0,0
2025-09-07T19:15:30.530204Z,2025,9,7,65.810900,22.526600,-6.0,0,7.7,1,sea,1,1,1,0,0,0
2025-09-07T19:17:07.719303Z,2025,9,7,66.050600,22.404500,6.0,0,9.9,1,mainland,0,0,0,0,0,0
2025-09-07T19:17:16.396803Z,2025,9,7,66.022700,22.249300,-6.0,0,5.5,1,mainland,0,0,0,0,0,0
2025-09-07T19:17:16.402654Z,2025,9,7,66.038600,22.247900,-28.0,0,8.3,1,mainland,0,0,0,0,0,0
2025-09-07T19:17:16.418606Z,2025,9,7,66.003700,22.243400,6.0,0,11.4,1,mainland,0,0,0,0,0,0
2025-09-07T19:17:27.633763Z,2025,9,7,65.656900,22.717900,4.0,0,7.7,1,sea,0,1,1,0,0,0
2025-09-07T19:19:13.386405Z,2025,9,7,66.046100,22.228600,-30.0,0,26.8,1,mainland,0,0,0,0,0,0
2025-09-07T19:19:13.418348Z,2025,9,7,66.048700,22.239600,-12.0,0,9.5,1,mainland,0,0,0,0,0,0
2025-09-07T19:19:13.443056Z,2025,9,7,66.028000,22.261500,-5.0,0,4.6,1,mainland,0,0,0,0,0,0
2025-09-07T19:19:13.537549Z,2025,9,7,66.029700,22.267400,-9.0,0,6.7,1,mainland,0,0,0,0,0,0
2025-09-07T19:19:13.584277Z,2025,9,7,66.083300,22.187700,6.0,0,7.7,1,mainland,0,0,0,0,0,0
2025-09-07T19:19:13.585368Z,2025,9,7,65.996700,22.236400,10.0,0,11.8,1,mainland,0,0,0,0,0,0
2025-09-07T19:19:34.129583Z,2025,9,7,66.073500,22.391000,8.0,0,4.1,1,mainland,0,0,0,0,0,1
2025-09-07T19:20:53.106719Z,2025,9,7,65.834400,22.480200,-7.0,0,0.0,1,sea,1,1,1,0,0,0
2025-09-07T19:20:53.107003Z,2025,9,7,65.833200,22.468700,-14.0,0,0.0,1,sea,1,1,1,0,0,0
2025-09-07T19:20:53.107398Z,2025,9,7,65.837400,22.463900,-9.0,0,0.0,1,sea,1,1,1,0,0,0
2025-09-07T19:20:53.107448Z,2025,9,7,65.827900,22.484500,-8.0,0,0.0,1,sea,0,1,1,0,0,0
2025-09-07T19:20:53.109528Z,2025,9,7,65.840500,22.501200,-87.0,0,10.3,1,mainland,0,0,0,0,0,0
2025-09-07T19:20:53.135400Z,2025,9,7,65.791100,22.505500,-8.0,0,17.8,1,mainland,1,1,1,0,0,0
2025-09-07T19:20:53.204876Z,2025,9,7,65.840000,22.485700,12.0,0,8.7,1,mainland,0,1,1,0,0,0
2025-09-07T19:20:53.218543Z,2025,9,7,65.858000,22.506800,6.0,0,5.8,1,mainland,0,0,0,0,0,0
2025-09-07T19:21:15.719379Z,2025,9,7,66.089600,22.378900,7.0,0,12.0,1,mainland,0,0,0,0,0,1
2025-09-07T19:21:15.719826Z,2025,9,7,66.089800,22.389500,6.0,0,3.5,1,mainland,0,0,0,1,1,1
2025-09-07T19:21:15.720207Z,2025,9,7,66.089400,22.393500,8.0,0,8.6,1,mainland,0,0,0,1,1,1
2025-09-07T19:22:05.107297Z,2025,9,7,65.844200,22.497100,5.0,0,2.1,1,mainland,0,0,1,0,0,0
2025-09-07T19:22:05.110621Z,2025,9,7,65.853700,22.472200,6.0,0,10.1,1,mainland,1,1,1,0,0,0
2025-09-07T19:22:57.600132Z,2025,9,7,66.088200,22.378300,21.0,0,22.9,1,mainland,0,0,0,0,0,1
2025-09-07T19:24:24.524047Z,2025,9,7,65.858700,22.467300,-91.0,0,20.5,1,mainland,1,1,1,0,0,0
2025-09-07T19:24:24.538026Z,2025,9,7,65.873400,22.478500,-9.0,0,19.5,1,mainland,0,0,0,0,0,0
2025-09-07T19:24:24.538047Z,2025,9,7,65.866800,22.472900,21.0,0,11.2,1,mainland,0,0,1,0,0,0
2025-09-07T19:24:24.559348Z,2025,9,7,65.881300,22.512900,-9.0,0,3.2,1,inland_water,0,0,0,0,0,0
2025-09-07T19:25:47.225096Z,2025,9,7,66.101500,22.344300,4.0,0,0.0,1,mainland,0,0,0,0,0,0
2025-09-07T19:25:47.225285Z,2025,9,7,66.102000,22.250500,9.0,0,17.9,1,mainland,0,0,0,0,0,0
2025-09-07T19:26:59.665291Z,2025,9,7,65.869800,22.490500,9.0,0,6.3,1,mainland,0,0,0,0,0,0
2025-09-07T19:26:59.665367Z,2025,9,7,65.884100,22.522200,-17.0,0,7.5,1,mainland,0,0,0,0,0,0
2025-09-07T19:26:59.684701Z,2025,9,7,65.876100,22.479400,-16.0,0,4.3,1,mainland,0,0,0,0,0,0
2025-09-07T19:26:59.695595Z,2025,9,7,65.875600,22.482800,-17.0,0,4.8,1,mainland,0,0,0,0,0,0
2025-09-07T19:26:59.714700Z,2025,9,7,65.872100,22.530500,-6.0,0,3.3,1,mainland,0,0,0,0,0,0
2025-09-07T19:27:49.726572Z,2025,9,7,66.023500,22.454300,-11.0,0,8.6,1,mainland,0,0,0,0,1,1
2025-09-07T19:28:09.367745Z,2025,9,7,66.122800,22.252800,15.0,0,0.0,1,mainland,0,0,0,0,0,0
2025-09-07T19:28:09.368014Z,2025,9,7,66.123800,22.251200,16.0,0,0.0,1,mainland,0,0,0,0,0,0
2025-09-07T19:28:09.368380Z,2025,9,7,66.114600,22.272800,-16.0,0,14.3,1,mainland,0,0,0,0,0,0
2025-09-07T19:28:09.371686Z,2025,9,7,66.132200,22.267400,6.0,0,4.5,1,mainland,0,0,0,0,0,0
2025-09-07T19:28:09.570305Z,2025,9,7,66.100200,22.217500,24.0,0,10.6,1,mainland,0,0,0,0,0,0
2025-09-07T19:28:09.570829Z,2025,9,7,66.064800,22.205700,7.0,0,7.6,1,mainland,0,0,0,0,0,0
2025-09-07T19:35:12.325187Z,2025,9,7,66.159000,22.260200,-6.0,0,3.3,1,mainland,0,0,0,0,0,0
2025-09-07T19:46:21.379556Z,2025,9,7,65.838200,22.474400,6.0,0,0.0,1,mainland,1,1,1,0,0,0
2025-09-07T19:46:21.379688Z,2025,9,7,65.864800,22.579200,25.0,0,0.0,1,mainland,0,0,0,1,1,1
2025-09-07T19:46:21.379749Z,2025,9,7,65.660700,22.363600,36.0,0,10.5,1,sea,0,1,1,0,0,0
2025-09-07T19:46:21.380534Z,2025,9,7,65.851800,22.579200,18.0,0,16.2,1,mainland,0,0,0,0,0,1
2025-09-07T20:07:35.693992Z,2025,9,7,65.957000,22.485000,5.0,0,0.0,1,mainland,0,0,0,0,0,0
2025-09-07T20:13:53.333341Z,2025,9,7,65.130700,22.353600,-8.0,0,4.1,1,sea,0,0,0,1,1,1
2025-09-07T20:13:53.338142Z,2025,9,7,65.187100,22.343400,-24.0,0,8.8,1,sea,0,0,0,0,0,0
2025-09-07T20:13:53.362021Z,2025,9,7,65.188500,22.344200,-11.0,0,3.3,1,sea,0,0,0,0,0,0
2025-09-07T20:13:53.399875Z,2025,9,7,65.155600,22.361000,-4.0,0,1.5,1,sea,0,0,0,0,0,0
2025-09-07T20:22:32.722102Z,2025,9,7,65.166100,22.979700,5.0,0,10.1,1,sea,0,0,0,0,0,0
2025-09-07T20:32:18.354147Z,2025,9,7,66.019400,22.414300,5.0,0,3.8,1,mainland,0,0,0,0,0,0
2025-09-07T21:00:46.652188Z,2025,9,7,65.321600,22.846300,-11.0,0,4.1,1,sea,0,0,0,0,0,0
2025-09-07T21:00:46.665770Z,2025,9,7,65.322600,22.804400,-11.0,0,3.7,1,sea,0,0,0,0,0,0
2025-09-07T21:00:46.713683Z,2025,9,7,65.315000,22.812300,-11.0,0,3.2,1,sea,0,0,0,0,0,0
2025-09-07T21:00:46.738011Z,2025,9,7,65.315500,22.812800,-7.0,0,2.0,1,sea,0,0,0,0,0,0
2025-09-07T21:03:35.246132Z,2025,9,7,65.198000,22.354400,-5.0,0,6.0,1,sea,0,0,0,0,0,0
2025-09-07T21:03:35.249923Z,2025,9,7,65.428800,22.237100,-47.0,0,6.1,1,sea,1,1,1,0,0,0
2025-09-07T21:03:35.285277Z,2025,9,7,65.469300,22.079100,-8.0,0,5.1,1,sea,0,0,0,0,0,0
2025-09-07T21:03:51.252581Z,2025,9,7,65.343100,22.792000,-11.0,0,0.0,1,sea,0,0,0,0,0,0
2025-09-07T21:03:51.257960Z,2025,9,7,65.339500,22.819600,-24.0,0,8.6,1,sea,0,0,0,0,0,0
2025-09-07T21:03:51.286809Z,2025,9,7,65.330000,22.817500,-19.0,0,4.6,1,sea,0,0,0,0,0,0
2025-09-07T21:03:51.340400Z,2025,9,7,65.358500,22.817300,-8.0,0,3.5,1,sea,0,0,0,0,0,0
2025-09-07T21:05:36.688389Z,2025,9,7,65.353700,22.833300,-32.0,0,8.2,1,sea,0,0,0,0,0,0
2025-09-07T21:05:36.724806Z,2025,9,7,65.331000,22.822900,-14.0,0,4.3,1,sea,0,0,0,0,0,0
2025-09-07T21:05:36.765881Z,2025,9,7,65.360800,22.814900,-12.0,0,5.7,1,sea,0,0,0,0,0,0
2025-09-07T21:06:01.360846Z,2025,9,7,65.978800,21.955000,-5.0,0,3.5,1,mainland,0,0,0,0,0,0
2025-09-07T21:06:01.364221Z,2025,9,7,65.462500,22.122200,-49.0,0,7.4,1,sea,0,0,1,0,0,0
2025-09-07T21:07:01.823694Z,2025,9,7,65.371600,22.821700,-10.0,0,4.1,1,sea,0,0,0,0,0,0
2025-09-07T21:07:01.860380Z,2025,9,7,65.345900,22.827600,-13.0,0,6.6,1,sea,0,0,0,0,0,0
2025-09-07T21:07:01.869373Z,2025,9,7,65.365200,22.880400,5.0,0,12.0,1,sea,0,0,0,0,0,0
2025-09-07T21:07:58.787275Z,2025,9,7,65.487800,22.128400,-7.0,0,0.0,1,sea,0,0,1,0,0,0
2025-09-07T21:07:58.787304Z,2025,9,7,65.487800,22.125800,-13.0,0,0.0,1,sea,0,0,1,0,0,0
2025-09-07T21:07:58.787361Z,2025,9,7,65.496500,22.137400,-23.0,0,11.0,1,sea,0,0,1,0,0,0
2025-09-07T21:07:58.826470Z,2025,9,7,65.484300,22.145400,-28.0,0,6.0,1,sea,0,0,1,0,0,0
2025-09-07T21:07:58.857234Z,2025,9,7,65.503100,22.142500,-9.0,0,3.1,1,sea,0,0,1,0,0,0
2025-09-07T21:07:58.910724Z,2025,9,7,65.514000,22.125400,-7.0,0,2.0,1,sea,1,1,1,0,0,0
2025-09-07T21:08:22.771219Z,2025,9,7,65.361100,22.849400,-12.0,0,8.3,1,sea,0,0,0,0,0,0
2025-09-07T21:08:22.784894Z,2025,9,7,65.348400,22.833800,-12.0,0,6.1,1,sea,0,0,0,0,0,0
2025-09-07T21:10:51.395366Z,2025,9,7,65.190200,22.993700,-8.0,0,0.0,1,sea,0,0,0,0,0,0
2025-09-07T21:10:51.395424Z,2025,9,7,65.193400,22.985300,-14.0,0,0.0,1,sea,0,0,0,0,0,0
2025-09-07T21:10:51.395503Z,2025,9,7,65.223400,22.999700,17.0,0,8.5,1,sea,0,0,0,0,0,0
2025-09-07T21:10:51.401190Z,2025,9,7,65.191700,23.008300,-14.0,0,7.2,1,sea,0,0,0,0,0,0
2025-09-07T21:11:06.753099Z,2025,9,7,65.387000,22.884800,-11.0,0,4.5,1,sea,0,0,0,0,0,0
2025-09-07T21:11:06.756853Z,2025,9,7,65.385300,22.840400,-49.0,0,15.1,1,sea,0,0,0,0,0,0
2025-09-07T21:11:06.779328Z,2025,9,7,65.379900,22.929500,-9.0,0,2.6,1,sea,0,0,0,0,0,0
2025-09-07T21:11:06.807489Z,2025,9,7,65.385300,22.884000,5.0,0,4.5,1,sea,0,0,0,0,0,0
2025-09-07T21:11:06.951343Z,2025,9,7,65.382900,22.883000,-4.0,0,1.8,1,sea,0,0,0,0,0,0
2025-09-07T21:11:17.586069Z,2025,9,7,65.486100,22.144600,-6.0,0,0.0,1,sea,0,1,1,0,0,0
2025-09-07T21:11:17.586224Z,2025,9,7,65.483900,22.147700,-8.0,0,0.0,1,sea,0,1,1,0,0,0
2025-09-07T21:11:17.586256Z,2025,9,7,65.505700,22.127200,-13.0,0,6.8,1,sea,1,1,1,0,0,0
2025-09-07T21:11:17.587654Z,2025,9,7,65.521200,22.174600,-150.0,0,19.2,1,sea,0,0,1,0,0,0
2025-09-07T21:11:17.629323Z,2025,9,7,65.508700,22.125400,-15.0,0,5.0,1,sea,1,1,1,0,0,0
2025-09-07T21:13:36.487686Z,2025,9,7,65.396100,22.946600,-6.0,0,6.3,1,sea,0,0,0,0,0,0
2025-09-07T21:13:36.495587Z,2025,9,7,65.390500,22.981300,-23.0,0,6.6,1,sea,0,0,0,0,0,0
2025-09-07T21:13:36.501835Z,2025,9,7,65.387500,22.961000,-13.0,0,5.0,1,sea,0,0,0,0,0,0
2025-09-07T21:13:36.596382Z,2025,9,7,65.404100,22.950300,-11.0,0,3.7,1,sea,0,0,0,0,0,0
2025-09-07T21:13:36.624136Z,2025,9,7,65.398700,22.916000,-17.0,0,5.6,1,sea,0,0,0,0,0,0
2025-09-07T21:17:20.834192Z,2025,9,7,65.430300,22.837100,-21.0,0,14.4,1,sea,0,0,0,0,0,0
2025-09-07T21:17:20.836025Z,2025,9,7,65.432600,22.806300,-101.0,0,13.7,1,sea,0,0,0,0,0,0
2025-09-07T21:17:20.850485Z,2025,9,7,65.440700,22.815700,-8.0,0,22.8,1,sea,0,0,0,0,0,0
2025-09-07T21:17:20.856367Z,2025,9,7,65.435800,22.798000,-13.0,0,3.6,1,sea,0,0,0,0,0,0
2025-09-07T21:17:20.861291Z,2025,9,7,65.437600,22.819600,-4.0,0,4.1,1,sea,0,0,0,0,0,0
2025-09-07T21:17:21.083707Z,2025,9,7,65.408500,22.766300,-4.0,0,13.9,1,sea,0,0,0,0,0,0
2025-09-07T22:22:43.529760Z,2025,9,7,65.631800,22.407600,-52.0,0,6.3,1,sea,0,0,1,0,0,0
2025-09-07T22:22:43.549290Z,2025,9,7,65.613500,22.400800,-6.0,0,3.6,1,sea,0,0,1,0,0,0
2025-09-07T22:35:56.997522Z,2025,9,7,65.674400,22.516200,-12.0,0,0.0,1,sea,0,0,1,0,0,0
2025-09-07T22:35:57.001072Z,2025,9,7,65.683500,22.500800,-57.0,0,8.8,1,sea,0,0,0,0,0,0
2025-09-07T22:35:57.018176Z,2025,9,7,65.678000,22.492800,-6.0,0,6.8,1,sea,0,0,1,0,0,0
2025-09-07T22:35:57.023100Z,2025,9,7,65.679100,22.492600,-11.0,0,26.3,1,sea,0,0,1,0,0,0
2025-09-07T22:39:23.719887Z,2025,9,7,65.632700,22.513700,-3.0,0,1.7,1,sea,0,0,1,0,0,0
2025-09-07T22:39:23.727885Z,2025,9,7,65.707100,22.508700,-30.0,0,13.0,1,sea,0,0,0,0,0,0
2025-09-07T22:41:11.820274Z,2025,9,7,65.722300,22.526600,-18.0,0,8.7,1,sea,0,1,1,0,0,0
2025-09-07T22:43:11.264771Z,2025,9,7,65.733700,22.523900,11.0,0,7.3,1,sea,0,0,1,0,0,0
2025-09-07T22:43:11.265325Z,2025,9,7,65.732800,22.522800,15.0,0,9.2,1,sea,0,0,1,0,0,0
2025-09-07T22:55:38.250296Z,2025,9,7,65.810500,22.482500,13.0,0,0.0,1,sea,1,1,1,0,0,0
2025-09-07T22:55:38.252583Z,2025,9,7,65.806600,22.530900,-70.0,0,11.0,1,mainland,0,1,1,0,0,0
2025-09-07T22:55:38.270287Z,2025,9,7,65.796600,22.548800,-18.0,0,5.1,1,mainland,0,0,1,0,0,0
2025-09-09T20:08:28.780121Z,2025,9,9,65.393400,22.639500,-10.0,0,0.0,1,sea,0,0,0,0,0,0
2025-09-13T15:01:27.721749Z,2025,9,13,65.760000,22.248000,6.0,0,3.0,1,mainland,0,0,0,0,0,0
2025-09-13T16:00:59.649118Z,2025,9,13,65.925300,22.189300,5.0,0,5.0,1,mainland,0,0,0,0,0,0
