{"type":"FeatureCollection","properties":{"source":"SMHI SE.SR Ytansamling av alger","date":"2003-08-06","note":"Test: SMHI WFS clipped to Lulea municipal sea area and simplified 20 m."},"features":[{"type":"Feature","properties":{"cyano_daymap_file_id":2724,"date":"2003-08-06Z","cloud":null,"sub_surfac":null,"surface":null,"no_data":null,"class":1,"color_hex":null,"algae_class":"class_1","source_date":"2003-08-06"},"geometry":{"type":"MultiPolygon","coordinates":[[[[21.978142770000005,65.50945738],[21.980245351885003,65.5172886346545],[21.983400093632497,65.51644108013551],[21.985975740743513,65.51632192654127],[21.98869329212939,65.51511419937384],[21.990410286422016,65.5150347094147],[21.992746184047594,65.51402489607622],[21.99803840457336,65.51269769752108],[22.0001844041639,65.51259820173676],[21.999565787606976,65.51352853335649],[22.000424214097233,65.51348872977573],[22.000616075037687,65.5142011518015],[22.002332965468216,65.51412152749177],[22.00285814989427,65.51445782762988],[22.005910718707995,65.51449653113534],[22.007912779559902,65.51386261465395],[22.010058829388136,65.51376297829307],[22.010343941543876,65.51320874218429],[22.010869208774444,65.51354501372283],[22.014683953272304,65.51318747155136],[22.013543807501254,65.51540444257952],[22.019123761283563,65.51514511485149],[22.020648225396208,65.51435288951185],[22.021506640122286,65.5143129663937],[22.021317974510467,65.51522341645051],[22.02055573961468,65.51561953443921],[22.0207481684962,65.51633192547563],[22.021957885725737,65.51643897409447],[22.044922329999995,65.51537230999999],[22.043130744445786,65.50875756773317],[22.041427325145587,65.50923727397986],[22.041567022410973,65.50814871591008],[22.042851324168282,65.5077259155659],[22.04009882,65.49756335],[22.06154364,65.4965612],[22.059303693708028,65.49505673422297],[22.058445981101787,65.4950968651364],[22.05753400637926,65.49333608855665],[22.05819841332603,65.49258362794393],[22.057956867676584,65.49169320816745],[22.05982716807121,65.49023333651168],[22.05792965085415,65.48323804010467],[22.056924940936245,65.48308498057307],[22.057570386522002,65.48191359336485],[22.05671301,65.47875283000002],[22.099568449999992,65.47674111],[22.0971415,65.46783767],[22.075721869999995,65.46884462999999],[22.073303919999997,65.45994071],[22.05188964,65.46094424],[22.05430042,65.46984857],[22.03287715,65.47084948],[22.03528257,65.47975415999998],[22.01385032,65.48075247],[22.011452080000005,65.47184738],[21.994269111871073,65.47283959126887],[21.9935779582638,65.47267600224758],[21.97151469165411,65.47369882808695],[21.969935848398247,65.47432698171019],[21.970126532565875,65.47503945390118],[21.968933931725225,65.47509457175576],[21.97098041,65.48274001],[21.961025484735895,65.4831972135315],[21.959838787840486,65.48362897335613],[21.95964812900851,65.4845393653835],[21.95831418815903,65.48442058717175],[21.95883819451883,65.4847570513616],[21.958075858709883,65.48515285547921],[21.955598320038234,65.48562775314937],[21.955741113853264,65.48616212285755],[21.954883502373786,65.48620166516312],[21.95459746992807,65.48675580546855],[21.952929782380494,65.48701299692739],[21.952262447531524,65.48776502170577],[21.951404777144337,65.48780454482714],[21.949927244647665,65.48877420355524],[21.949069536905185,65.4888137137774],[21.94964108120273,65.48932833569387],[21.948735796448958,65.48918971869223],[21.94802073273693,65.48976360053597],[21.946781662236088,65.49000097485306],[21.946876756530376,65.4903572278255],[21.944779871936706,65.49063407964495],[21.941728854451426,65.49221700496946],[21.941156098452282,65.4933252416333],[21.939869287857857,65.49338443282379],[21.93915391683114,65.49395827557495],[21.938296019398358,65.49399772644641],[21.93839101563941,65.49435398565579],[21.934481211250105,65.49597621951905],[21.9346236417382,65.49651061248899],[21.932334441456014,65.49769766720705],[21.931476408895602,65.49773708064745],[21.931237222326764,65.49846931449228],[21.93009248609178,65.49906282180945],[21.926420809605954,65.49995262504213],[21.924512595591867,65.50094174129055],[21.924654854963688,65.50147614521066],[21.92346242390658,65.50189147026053],[21.923841755894156,65.50331654993143],[21.922077880627384,65.503217143794],[21.91959795589559,65.50369147355049],[21.91692567468173,65.50507611623898],[21.917020428245102,65.50543239107307],[21.916162113888518,65.50547172024261],[21.915875065393365,65.50602579654891],[21.91425311102809,65.50646071431851],[21.913631542368023,65.50739072155478],[21.912438665537763,65.50780596380771],[21.913057287857946,65.5084988654496],[21.909478365442478,65.50974455309377],[21.909238467190704,65.510476758623],[21.908379972993227,65.51051604530612],[21.906852254485806,65.51130716866713],[21.90556446469474,65.51136607700161],[21.901508212384464,65.51245307501046],[21.90160278801147,65.51280936111527],[21.900362190114723,65.51304636908327],[21.900504035069932,65.51358079945945],[21.90346185227013,65.51326528525631],[21.903698372164072,65.51415599657977],[21.902123004860677,65.51476893311786],[21.902264897134742,65.51530336138349],[21.899830738921807,65.51595552391012],[21.89959052104289,65.51668771703864],[21.898731805210282,65.51672695102837],[21.898538828248228,65.51763728682688],[21.89734524422153,65.51805241656335],[21.895623664473458,65.5197537686594],[21.893523848402555,65.52002993667644],[21.891089028568594,65.5206819646656],[21.890754061331126,65.52105785269704],[21.88946574694763,65.52111662885697],[21.888469706443892,65.51899844619186],[21.89009287520474,65.51856379372359],[21.89076275927865,65.51781202028035],[21.893102843269457,65.51680370767508],[21.89329600592695,65.5158933770651],[21.894824404710015,65.51510238434484],[21.894588177034045,65.51421165643801],[21.891535689095143,65.51417070568242],[21.890389362276586,65.51476392701966],[21.88423232456488,65.51612656611154],[21.881939113196413,65.51731289455358],[21.88065095959094,65.5173715941624],[21.880556649805047,65.5170152925242],[21.883519928530408,65.51507724191492],[21.88299624974014,65.51474051388026],[21.88213756785647,65.51477965336117],[21.88194893317266,65.5140670519838],[21.87980227374357,65.51416487626413],[21.878226330471783,65.51477756927773],[21.876461822659323,65.5146776370028],[21.874503520870093,65.51548799688025],[21.8732154370901,65.51554663252978],[21.874220876203186,65.51441907760032],[21.874226273633237,65.51279615197113],[21.875613756648328,65.51147088967275],[21.87871817645136,65.51006739306764],[21.879576709657687,65.51002827437975],[21.88072308455961,65.50943513448564],[21.880628808382962,65.50907883252624],[21.88411473979669,65.50747751582358],[21.884020425906666,65.50712121631783],[21.88559577660601,65.50650846839264],[21.886171164799975,65.50540041822065],[21.886982358654492,65.50518311008686],[21.888321624285716,65.50367959209679],[21.892952121639752,65.50148488220348],[21.89462135391006,65.50122833822198],[21.895719782541395,65.50045694547363],[21.900345269862736,65.4998849322037],[21.903734224881664,65.49792689857314],[21.905784874124095,65.49747246458011],[21.906072053781024,65.49691840611878],[21.90693010565323,65.49687913667275],[21.906740951253816,65.49616657089206],[21.909078507278192,65.49515803447756],[21.910081644757728,65.49403026249767],[21.914374329894475,65.49221085326592],[21.91466127438014,65.49165678065128],[21.913708758276154,65.49133981432625],[21.910466519879176,65.49220957056377],[21.91065893986786,65.4912992243725],[21.91175648577886,65.49052772329463],[21.912995915224933,65.49029063275204],[21.91318823627016,65.48938028424071],[21.90937542937135,65.48973524825617],[21.90613323796499,65.49060491113336],[21.904846465710435,65.49066380383344],[21.904512060373545,65.49103971725661],[21.903225262315456,65.4910985963978],[21.903367021990316,65.4916330250982],[21.900600587419973,65.49266109047144],[21.900695064220166,65.49301737819579],[21.898786350187716,65.49400617451923],[21.89749939058099,65.49406500642988],[21.896019483901906,65.49503416006081],[21.89392164842572,65.49531031518487],[21.894016045778375,65.4956666078089],[21.891630664893448,65.4964967701282],[21.891725036200377,65.49685306441866],[21.890197581256835,65.49764401726826],[21.889339473959716,65.49768319226887],[21.88943381921484,65.49803948822533],[21.886618999342257,65.49888916098364],[21.88509127082299,65.49968006477405],[21.88518556688185,65.50003636382762],[21.88403969694747,65.50062953293083],[21.883181480505012,65.50066867400012],[21.88251178967824,65.50142041230421],[21.881653544506555,65.50145954496936],[21.88174780146009,65.50181584652],[21.880078397562226,65.50207224998576],[21.87893232238758,65.50266538227854],[21.879215006228176,65.50373429262369],[21.876064251758354,65.50495963968116],[21.874436268333447,65.5070170621771],[21.872243078199276,65.50693662059643],[21.871143683050224,65.50770785167951],[21.869473794348693,65.50796414256385],[21.867562811189266,65.50895256547234],[21.86589280606646,65.50920881789789],[21.865604647033205,65.5097628089527],[21.864363849524413,65.50999952352441],[21.86459900080891,65.51089030863415],[21.86340516503312,65.51130517294989],[21.863640297823544,65.51219595969978],[21.862828687515407,65.51241314646447],[21.863251925578258,65.51401656392797],[21.86244025604022,65.51423374915213],[21.862534306604715,65.51459006450139],[21.861675592700667,65.51462908813164],[21.860957922492222,65.5152025816968],[21.857710937571753,65.51607125005201],[21.8509345896783,65.51673941247702],[21.84974026759961,65.51715417340532],[21.84983415761486,65.51751049811482],[21.848881446341274,65.51719312540526],[21.84635188716538,65.51748811595601],[21.846016307816207,65.51786391056858],[21.844681118382436,65.51774414121674],[21.843486648914205,65.51815885413507],[21.843721176865458,65.51904967730361],[21.839856129726588,65.51922477240147],[21.840566900487847,65.52027431699645],[21.844096458319193,65.52047499324374],[21.84600203496471,65.52110979145287],[21.846370374855997,65.52415804020512],[21.84841713551325,65.52532729481574],[21.85047092078348,65.5248735823017],[21.851954180813454,65.52390484410516],[21.853578281092148,65.52347057484167],[21.860020856428434,65.52317810289915],[21.861121213318675,65.52240694395937],[21.862745063416554,65.52197257862449],[21.86412759821563,65.52227034271402],[21.86364503960694,65.52373463456863],[21.86498061567831,65.52385423294666],[21.864839430386272,65.52331976329445],[21.866174989997557,65.52343935128457],[21.866033782968547,65.52290488294463],[21.869040194145246,65.52276818385037],[21.869281320105262,65.52203603093272],[21.871193169723917,65.52104757848406],[21.871098972941585,65.52069126992606],[21.87391663137776,65.51984185997675],[21.87739920558373,65.51986360484439],[21.87935267883235,65.52067612786261],[21.880159397015507,65.5220817733705],[21.877147949928634,65.52384161546593],[21.877430837584136,65.52491052682274],[21.87876653093043,65.52503000242712],[21.878525649251507,65.52576216813726],[21.876472304198767,65.52621625726678],[21.872983447768938,65.52781742446726],[21.87169475159301,65.52787605285705],[21.867487462382,65.53005064132182],[21.86686369597094,65.53098047619565],[21.865192282653794,65.5312367338826],[21.862896894867358,65.53242279354065],[21.86299103080188,65.53277910768806],[21.86184324579244,65.5333721260079],[21.862078565320882,65.53426291307238],[21.86121920338485,65.53430194011872],[21.861313324597717,65.53465825543311],[21.863508829147836,65.53473883393792],[21.862502185148312,65.53586632841345],[21.86675211181614,65.53549295038906],[21.86985981312202,65.53408960575543],[21.869765577711608,65.53373329681466],[21.87091319450712,65.53314021999121],[21.87048911143528,65.53153683241945],[21.874832500225352,65.53151954318908],[21.876027058341847,65.53110458211896],[21.87774551533224,65.53102635749138],[21.87936960814508,65.53059181157097],[21.880899275966616,65.52980094795294],[21.880804908573356,65.52944464708875],[21.884147147285873,65.52893177390821],[21.884482305790765,65.52855589877713],[21.886965243924074,65.52808211702376],[21.888017764138937,65.52713262016553],[21.89212410467339,65.52622410401858],[21.896943361629855,65.52636473569886],[21.898614133292266,65.52610813337338],[21.89956776527503,65.5264251841659],[21.901715343106634,65.52632707083542],[21.9030985377194,65.52662447261324],[21.90820533220608,65.52621068921708],[21.908871675594888,65.52708174461901],[21.910302368699686,65.52755721928506],[21.912974309557384,65.52779557317517],[21.91263957492452,65.52817150741556],[21.913498641908888,65.52813219120286],[21.913211312952576,65.52868626486024],[21.914117804432586,65.52882508320134],[21.91574113359969,65.5283901541666],[21.916457930795435,65.52781640919873],[21.9181760246482,65.52773772892122],[21.920897947416176,65.52653117955785],[21.922186443326314,65.52647213406885],[21.924096564746826,65.52548302970023],[21.925002998265686,65.52562178338891],[21.927437394141883,65.52496921374255],[21.928535800712204,65.52419758322415],[21.929824160603836,65.5241384739747],[21.934215346279107,65.52267473382125],[21.934739842407375,65.52301127673067],[21.93559869938807,65.52297183703216],[21.935074193147777,65.52263529719468],[21.936362458081994,65.52257613316449],[21.93712619368934,65.52218042565579],[21.938120661374725,65.52229468465103],[21.937599139999996,65.52034175],[21.950256655347513,65.51975933274615],[21.95120173361242,65.51954970212134],[21.95186986317052,65.51879767491633],[21.953539578968652,65.51854047613735],[21.95611559727775,65.51842182748325],[21.95895435523818,65.51893165646682],[21.95772310066132,65.51433165643557],[21.95597317731626,65.51464170189276],[21.95587785220197,65.5142854569661],[21.954447093225,65.51381041379243],[21.950536099709563,65.51381019701424],[21.94910546192079,65.51333510217121],[21.94347748410068,65.51341372389314],[21.940662848729904,65.51426440055752],[21.940853086659413,65.51497691338703],[21.940042057625508,65.51519450883171],[21.940137170782016,65.51555076571688],[21.938849262649867,65.51560995854123],[21.938944361365557,65.51596621630968],[21.935080546406187,65.51614373227004],[21.93393514481438,65.516737274763],[21.932647161217684,65.51679641549148],[21.93274218055886,65.51715267789598],[21.93097733751716,65.5170533846927],[21.92902059571668,65.51786443537044],[21.928733699829998,65.51841853452204],[21.921911301695182,65.51891172961113],[21.92157680427158,65.51928768145227],[21.917854597688034,65.51999917004113],[21.915992030349642,65.52116633173156],[21.91470377932206,65.52122532219069],[21.913987116508284,65.52179905765863],[21.913128258750227,65.52183837469131],[21.912458928312244,65.52259024189036],[21.909929627088776,65.52288629289234],[21.90878335400875,65.52347965300024],[21.907924431519127,65.52351894109862],[21.90687611468951,65.52284566129471],[21.908593916334514,65.52276709252834],[21.909216002966932,65.5218371013993],[21.911173666868457,65.52102629833192],[21.910412683731607,65.51979897308705],[21.911653503904905,65.51956188063842],[21.91222803663727,65.51845373968217],[21.914949294147295,65.51724730334652],[21.91623734830799,65.51718831263773],[21.91633214554685,65.51754458741833],[21.91809697541426,65.5176440515931],[21.918621161546252,65.51798065330067],[21.92072052851978,65.51770414118336],[21.920625670725308,65.51734786972204],[21.922582641823652,65.5165369254743],[21.923443633410205,65.51487465846667],[21.925734712135498,65.51368772106288],[21.926355984111396,65.51275766698554],[21.927214519278238,65.5127182778898],[21.928886106655042,65.51083845718686],[21.934628501361747,65.50920751187398],[21.932847660000004,65.50252871000002],[21.95430148999999,65.50154168999998],[21.955205657961468,65.50492224307334],[21.955879810550186,65.50454817845285],[21.9571671269185,65.50448884620697],[21.959884837630632,65.50328163496881],[21.96121975454665,65.5034003900472],[21.96074295853533,65.5048649362925],[21.96260244248561,65.50532012951831],[21.96388977843354,65.50526073985877],[21.964032871365777,65.50579509873185],[21.967608973324225,65.50617102389715],[21.967132495254713,65.50763558721324],[21.964557811810717,65.50937728758538],[21.964576607297307,65.51008352575867],[21.978142770000005,65.50945738]],[[21.999195447686194,65.50695978266977],[21.998173007685722,65.50674059875061],[21.99802921045936,65.5062062789383],[21.996550236885387,65.50555353007972],[21.993975709348106,65.50567285313637],[21.99364241962431,65.50604895275046],[21.99159270258241,65.50650456913117],[21.98859064693626,65.50826653845199],[21.987303230829564,65.50832613914288],[21.987159645323626,65.50779180700735],[21.989495037999493,65.50678204854708],[21.990828417261163,65.5052776801622],[21.992401085541427,65.5046638457958],[21.986393965418458,65.50494203220579],[21.986677925983965,65.50276497485942],[21.985342938239206,65.50264644520746],[21.984770390439348,65.5021319679873],[21.983912308179995,65.5021716794734],[21.98457906836655,65.50141952064928],[21.982719497596975,65.50096459847781],[21.982147039771974,65.50045011045863],[21.982384807399,65.49971780973983],[21.983242811913698,65.49967810765789],[21.984338519992814,65.49890609751415],[21.9878182451583,65.49892532764838],[21.988151534195357,65.49854924083868],[21.98829507865942,65.49908357249592],[21.987199482132766,65.49985561025261],[21.987438708512812,65.5007461645621],[21.989631637426363,65.50082493797788],[21.99015638314346,65.50116128643583],[21.995589867646512,65.50036852462878],[21.995494065531688,65.50001230917037],[21.997210042864634,65.49993275165194],[21.997114220601883,65.49957653740931],[21.998001504592054,65.49952152144267],[21.99987746908903,65.4985467371517],[22.000543677954468,65.49779451314343],[22.00016026238981,65.49636966540739],[22.001018124381748,65.49632986380499],[22.00173218001427,65.49575574104908],[22.003018937369916,65.49569602377831],[22.004923745400074,65.49470594968682],[22.00792602803614,65.49456653040082],[22.00863988366821,65.49399237690801],[22.013546404375923,65.49286270648084],[22.013834462187155,65.49393131222307],[22.013024708880394,65.49414928678588],[22.01283585354951,65.49505972831837],[22.01536120753168,65.49476199482235],[22.015316508256408,65.49620673942516],[22.012269218889738,65.49779105208326],[22.012365239735622,65.49814725483147],[22.011078387537935,65.49820705255718],[22.01012449039638,65.49789070727294],[22.00240331842075,65.49824921544186],[22.00116436893253,65.4984870343155],[22.0013081789517,65.49902135108502],[22.000542369261304,65.49940351955178],[22.01670301121221,65.4986529930355],[22.01822631298272,65.49733375748288],[22.02103653973131,65.49648167983247],[22.022752191276332,65.49640183552216],[22.022944509171097,65.49711422501169],[22.022086661825515,65.49715415089727],[22.021373023071263,65.49772836578758],[22.02166146556118,65.49879695286694],[22.018845178446192,65.49927744375833],[22.01908068489184,65.50014993603384],[22.020566882002957,65.49956922267984],[22.022711700077124,65.49946941849694],[22.023854305896464,65.49887523075547],[22.02371003606066,65.4983409398426],[22.024567919353128,65.49830100440295],[22.026043155669218,65.49733063861026],[22.026901001504648,65.49729069028801],[22.02680478642462,65.49693449862833],[22.028139648297017,65.49705266340244],[22.028761047068347,65.49774506447551],[22.024904599387327,65.4995476805889],[22.025000800194174,65.49990387358115],[22.026335807532732,65.50002205289157],[22.026528255261628,65.50073443654712],[22.02538563236452,65.50132864464454],[22.025481847643476,65.50168483718394],[22.02462385498247,65.50172477885042],[22.0243391600054,65.50227903798236],[22.023148325480086,65.50269513352765],[22.02324451634573,65.5030513277166],[22.024102555097535,65.50301139343887],[22.02386593801338,65.50374374863375],[22.02477210639921,65.5038819071026],[22.02691725896827,65.50378204007673],[22.028440836495424,65.50298974452056],[22.029298863632246,65.50294978086578],[22.02982415768724,65.50328598635815],[22.029968585478223,65.50382026989111],[22.028493143517835,65.50479067586184],[22.0287338315125,65.50568115067679],[22.02754291663614,65.5060972815795],[22.026307889522602,65.50795814510055],[22.021206757193845,65.50837585998708],[22.018585918068595,65.50758210589993],[21.99960021,65.5084639],[21.999195447686194,65.50695978266977]],[[22.05992586221458,65.49574899976788],[22.059068128052708,65.49578913441779],[22.05901980439154,65.49561105091873],[22.05992586221458,65.49574899976788]],[[22.04555915836864,65.48920694319244],[22.04470161215523,65.4892469945276],[22.044605190405914,65.48889081614743],[22.045462725119556,65.48885076546931],[22.04555915836864,65.48920694319244]],[[22.041602889899497,65.47298075221354],[22.042459908872317,65.47294072350425],[22.043889941167528,65.47341494103925],[22.04274888223249,65.47400926558093],[22.04332191292564,65.47452351866806],[22.04246484371691,65.47456355274855],[22.040558093556534,65.47393124210232],[22.041795512941796,65.47369311500164],[22.041602889899497,65.47298075221354]],[[22.04301431989269,65.51349140341051],[22.042585146265516,65.51351142628724],[22.042536895369704,65.51333333686925],[22.04301431989269,65.51349140341051]],[[22.03312966778014,65.50908312435537],[22.0316058894508,65.50987546900409],[22.03031851292511,65.50993543549282],[22.030458676859222,65.50884688326065],[22.031316892588833,65.50880690635955],[22.031649667117097,65.50843072869148],[22.033366063940033,65.50835075683126],[22.03312966778014,65.50908312435537]],[[21.987261905788255,65.51463947259171],[21.986832661898937,65.51465933793008],[21.98678478853842,65.51448122721109],[21.987261905788255,65.51463947259171]],[[21.985734841186876,65.51380850952285],[21.986593302301806,65.51376878411067],[21.986736915898458,65.51430311646968],[21.985401333931097,65.51418459298559],[21.985734841186876,65.51380850952285]],[[21.977043720927085,65.49599772565847],[21.978759502511835,65.49591837939764],[21.97942735588341,65.49678910983945],[21.976758997664927,65.49817477233816],[21.974185087851165,65.49829375261235],[21.973994088167004,65.49758128879483],[21.977043720927085,65.49599772565847]],[[21.97694448460898,65.48915002266733],[21.975324618791845,65.4895855756027],[21.974419197076358,65.48944711373831],[21.97503819224524,65.48851688110703],[21.977563382700488,65.48821978061117],[21.97694448460898,65.48915002266733]],[[21.952691281651926,65.48774525833012],[21.952738863732918,65.48792338264093],[21.952310026735546,65.48794314617871],[21.952691281651926,65.48774525833012]],[[21.914787237030577,65.52807320779026],[21.914357706037386,65.52809287014026],[21.91431029740915,65.52791473226569],[21.914787237030577,65.52807320779026]],[[21.906351976803087,65.52250901847424],[21.905445745819254,65.52237015116812],[21.90535107594998,65.52201386840922],[21.906734078560273,65.52231123877326],[21.906446662495696,65.52286530045576],[21.906351976803087,65.52250901847424]],[[21.865433816332875,65.51734299104531],[21.864575017158252,65.51738203192532],[21.864527971533107,65.51720387509155],[21.865433816332875,65.51734299104531]],[[21.865145566884685,65.51789698198081],[21.86471615828401,65.51791650229569],[21.8646691105337,65.5177383455274],[21.865145566884685,65.51789698198081]],[[21.86237485458453,65.51892438705148],[21.86103334326202,65.52042769561085],[21.858074159535885,65.52074239278251],[21.857456679216327,65.5200492559996],[21.858603995270133,65.51945627514633],[21.86237485458453,65.51892438705148]],[[21.843385540358593,65.5194254665991],[21.842956087020436,65.51944492556683],[21.84290918437943,65.51926676070038],[21.843385540358593,65.5194254665991]]],[[[22.008916406563284,65.51704473129872],[22.011685910355048,65.51657273697238],[22.012400258274706,65.51599856122226],[22.01073132139897,65.51625640217972],[22.010398148619814,65.5166325375433],[22.006916070166984,65.5166138494507],[22.003759164204997,65.51728427749393],[22.008916406563284,65.51704473129872]]],[[[21.9581153762389,65.51939772507556],[21.958930048132682,65.51919374154508],[21.95807135800332,65.51923331210783],[21.9581153762389,65.51939772507556]]],[[[22.013114575222783,65.51542438238832],[22.01316263019017,65.51560248303349],[22.01359186535082,65.51558254306097],[22.013114575222783,65.51542438238832]]],[[[22.012733394306235,65.51562242179477],[22.012781447114694,65.51580052258106],[22.01321068588086,65.51578058365605],[22.012733394306235,65.51562242179477]]],[[[22.012829500646426,65.51597862334476],[22.012352207625252,65.51582046029486],[22.012400258274706,65.51599856122226],[22.012829500646426,65.51597862334476]]],[[[21.992830160147538,65.50464396625767],[21.992782268071615,65.50446585758819],[21.992353196345537,65.50448573696312],[21.992830160147538,65.50464396625767]]],[[[21.994117379642216,65.50458432037931],[21.995308774659808,65.50416844820171],[21.994688094324847,65.5034759029483],[21.99540247804011,65.50290180703826],[21.993734194093374,65.50315945430997],[21.993544615852098,65.5040698784525],[21.992782268071615,65.50446585758819],[21.994117379642216,65.50458432037931]]],[[[21.917284996007503,65.4900940514162],[21.91771390017001,65.4900743866258],[21.917666551915165,65.48989624911812],[21.917284996007503,65.4900940514162]]],[[[21.91723765063102,65.48991591374718],[21.917142962014232,65.4895596383429],[21.916332507018826,65.48977710136059],[21.916427185546297,65.49013337736606],[21.91723765063102,65.48991591374718]]]]}},{"type":"Feature","properties":{"cyano_daymap_file_id":2724,"date":"2003-08-06Z","cloud":null,"sub_surfac":null,"surface":null,"no_data":null,"class":1,"color_hex":null,"algae_class":"class_1","source_date":"2003-08-06"},"geometry":{"type":"MultiPolygon","coordinates":[[[[22.17856736,65.52711283000001],[22.17610783,65.51821099],[22.205074172473775,65.5168297251013],[22.205527618865222,65.51646249509612],[22.206814825256217,65.51640103891604],[22.207574194748524,65.51600401164109],[22.2075588259565,65.51438129511659],[22.206602014571256,65.51406621938057],[22.206453906706752,65.51353214226273],[22.211768481159165,65.51075289376541],[22.212626420146464,65.51071189072395],[22.212527614042752,65.51035584391381],[22.214045810790612,65.50956173344878],[22.21412888114843,65.50829506693077],[22.215745747270176,65.50785698649311],[22.216410396828294,65.50677662445776],[22.214074510000003,65.49836268],[22.24276757547713,65.4969842410816],[22.243897706985393,65.49658646261551],[22.243798539527052,65.49623043978794],[22.245612530213425,65.4965040974436],[22.24765682332604,65.49604509399624],[22.24874444070288,65.49527125247664],[22.248545988835044,65.49455921426187],[22.249403326617827,65.49451800846485],[22.25091948439448,65.49372354782791],[22.25258445631207,65.49346309708095],[22.25311238390579,65.49379849922232],[22.25654158257627,65.49363354474004],[22.256442256502318,65.49327753176972],[22.258156814958454,65.49319502687916],[22.260908803517413,65.49216057325798],[22.260710048966743,65.49144855399652],[22.259424224421416,65.49151045528501],[22.255436006505928,65.49278475631553],[22.252485184894667,65.49310708097202],[22.251479014930943,65.49261427838276],[22.249286218537794,65.49253930227326],[22.248659152251573,65.49184786683384],[22.253964856440383,65.4890672224899],[22.25648663717805,65.48876549741698],[22.256815895191234,65.48838886070386],[22.258958689026272,65.48828572523618],[22.258809688486586,65.48775170823527],[22.257902930791428,65.48761495897904],[22.25808317610598,65.48670430157674],[22.257027506362075,65.4860335283241],[22.257834893532145,65.48581427120311],[22.25773558572568,65.48545825888665],[22.25630111683972,65.48498611187546],[22.257158126100386,65.4849448653218],[22.25859260772149,65.48541700407075],[22.25796547896267,65.48472560783985],[22.259679471088624,65.48464309125022],[22.25915165237565,65.48430771095956],[22.26038745527756,65.48406781031937],[22.260238454597403,65.483533794716],[22.261045737642128,65.48331452146132],[22.260468263463036,65.4828011406857],[22.26132519320829,65.48275987127917],[22.260797393151204,65.4824244965503],[22.264405040276888,65.4813487204561],[22.265013450056607,65.4804174124634],[22.265541261385707,65.48075277235479],[22.267205257802974,65.48049217013968],[22.267136625537393,65.47869149237236],[22.265323672926403,65.47841808279283],[22.26512492436027,65.4777060692253],[22.269668816885478,65.47532221364568],[22.27347405975772,65.47495823993196],[22.27380290770117,65.4745815702395],[22.275466426480367,65.47432088174298],[22.278464595550215,65.4741761305459],[22.278992446203365,65.47451144305555],[22.28113399803078,65.47440800539583],[22.283982721489743,65.47372915391655],[22.284480806646133,65.47550911325443],[22.285815594461795,65.47562500255165],[22.287313910880354,65.47680122533164],[22.29482032,65.47643849],[22.29572273966298,65.4796559370833],[22.297771024060307,65.47955679420733],[22.298527942368768,65.47915933474057],[22.30071971204533,65.4792336065189],[22.30011261020064,65.48016504522454],[22.299255839550653,65.48020653305821],[22.29774194367396,65.48100145607712],[22.29608312188216,65.48094082788026],[22.299812539999994,65.49423752999999],[22.28488262714637,65.49495911075803],[22.28439231735557,65.4953577506162],[22.283694831957707,65.4950165183371],[22.278380840000004,65.49527335],[22.279817434142874,65.50040253545689],[22.28148138411017,65.49892596696314],[22.28405362951417,65.49880177219589],[22.282737638089785,65.50030854166869],[22.281172248290773,65.50092531879719],[22.280893044493865,65.5014800031264],[22.280129534681645,65.50151685264414],[22.28336621,65.51307301],[22.287878698884978,65.51285488313414],[22.287645707142296,65.51161738110156],[22.288174460130037,65.51195265253163],[22.29084782822083,65.51218431645155],[22.292513544559057,65.51192341851619],[22.2934712827823,65.51223794130105],[22.297331503184868,65.51205130834438],[22.29950496399834,65.51050292062467],[22.30122048795928,65.51041991763151],[22.302207044707835,65.50928972532795],[22.30195700011853,65.50839978519542],[22.30281468986224,65.50835827293574],[22.30208579943739,65.50731110173672],[22.303465666581538,65.50724430462566],[22.302311469999996,65.50313697],[22.32322576487723,65.50212000855105],[22.32313018540837,65.50178071428954],[22.328552922390255,65.50097610124216],[22.329537949911934,65.49984574582994],[22.328758083911268,65.4986207339206],[22.329264211257996,65.49733323172188],[22.32871241581516,65.49537547823788],[22.327276145522884,65.4949040232897],[22.32740385220788,65.49381532912905],[22.32649654629656,65.49367899703965],[22.328210862750986,65.4935956997972],[22.328739750300727,65.49393082800722],[22.330732146447684,65.49329274074157],[22.331639459479366,65.49342904732968],[22.332774624926355,65.49283260435455],[22.334917419036305,65.49272839174822],[22.335195384866477,65.49217362009199],[22.336531228963192,65.49228905063012],[22.3368593622661,65.49191225094921],[22.33771644413978,65.49187054674034],[22.338372657156377,65.49111694205128],[22.338071381034823,65.49004909784892],[22.339306688974045,65.48980855675357],[22.340692655426302,65.49010192506921],[22.340793113703334,65.49045787113343],[22.341650140333304,65.49041614516295],[22.342229371401856,65.49092919774084],[22.343993699604756,65.49102369614901],[22.34827886440091,65.49081492660484],[22.34989232441041,65.490375446289],[22.352513643681924,65.49042806798977],[22.352841522193874,65.4900512361539],[22.353370646725242,65.49038627577767],[22.35808410939825,65.49015633226595],[22.358890740565933,65.48993654290027],[22.358790038409918,65.48958061131584],[22.35969735799563,65.48971674936558],[22.359369583334185,65.49009359503944],[22.36156239493316,65.4901669735461],[22.36231803834277,65.49283644115174],[22.362847341294778,65.49317144580151],[22.365040419081215,65.49324477117374],[22.363527833403936,65.4940403399988],[22.36476281374541,65.49686682785868],[22.363956022866674,65.49708665016401],[22.364107235120525,65.49762054075154],[22.3650652749508,65.49793460690117],[22.365745973936367,65.49880348903422],[22.36831772089,65.49867786528549],[22.36804040213351,65.4992326913315],[22.366325869735558,65.49931644255739],[22.36738486356451,65.49998641803757],[22.367485731169744,65.50034234222935],[22.366721588281884,65.50037966708604],[22.367536166109478,65.50052030428849],[22.367208378960882,65.50089716708106],[22.370208978155244,65.50075057047732],[22.367091035776998,65.50168297158179],[22.369040820806692,65.50856125233494],[22.370183661060054,65.50885702848592],[22.412014289999995,65.50680766999999],[22.4094776,65.49791044],[22.45233075,65.49579869],[22.447234440000003,65.47800577000001],[22.425823139999995,65.47906228999999],[22.420748769999996,65.46126826],[22.442145769999996,65.46021260999999],[22.4396043,65.45131593],[22.42295485626715,65.45213730053369],[22.424143313771495,65.45371676629719],[22.42109777819291,65.45368643405801],[22.420996399317616,65.4533305508866],[22.4191837238849,65.45305898582804],[22.418686458783327,65.45234787429071],[22.409376256523974,65.45280588566892],[22.408814458115106,65.45320859713802],[22.4079587787144,65.45325069047502],[22.40863964224395,65.45411937765263],[22.40793573879238,65.45469531098645],[22.406601548949265,65.45458049508504],[22.40632546137919,65.45513537893449],[22.40541912706102,65.45499951098893],[22.40418608775616,65.45524056966678],[22.403933202476754,65.45435082756443],[22.401793881317165,65.45445598385801],[22.401039259374315,65.45485393726365],[22.402299527971245,65.4562354760573],[22.4003622677129,65.45705241045958],[22.400463383638744,65.4574083101289],[22.399331287142047,65.45800523049186],[22.398424886305023,65.45786932121734],[22.398149456185855,65.45809455683174],[22.39934987,65.4623209],[22.380226803142374,65.46325881606133],[22.378338415334017,65.46354571002422],[22.375644564739158,65.46476018301806],[22.374360381819155,65.46482304576854],[22.37403311236679,65.46519991819733],[22.369273946734072,65.46525235041736],[22.36871997693437,65.46329476493155],[22.36942497661723,65.46271900357843],[22.368166098593825,65.46133717648848],[22.36731007485078,65.4613790428105],[22.367008032251235,65.46031126399266],[22.3659507160583,65.45964126902894],[22.364188450244495,65.45954700635127],[22.360890762132215,65.45862564285498],[22.36063930813908,65.45773581402234],[22.359632541380105,65.45724373801006],[22.35918004357266,65.45564204083396],[22.358223653262367,65.45532792085046],[22.35845050235857,65.45459514803267],[22.35643733663488,65.45361095640268],[22.356613973615673,65.45270021833495],[22.35575820979474,65.45274201654614],[22.357268718052833,65.45194654622922],[22.35744531810801,65.45103580755571],[22.358628355252822,65.4506171614125],[22.358377070993907,65.4497273270935],[22.35460279331559,65.44864874831366],[22.354578573189094,65.44702613812223],[22.356135107419245,65.44639475428473],[22.351522499999998,65.44662028],[22.351129937170708,65.44522754183855],[22.348087641317022,65.44553882056788],[22.34675415415578,65.44542346861655],[22.34617589570674,65.44491042359623],[22.346931090446965,65.44451273887213],[22.347335095236023,65.44286925059652],[22.34866845369163,65.44298459870633],[22.3492228513677,65.44187501950537],[22.35017192114729,65.44182868342523],[22.349393065142163,65.43906545063886],[22.34693654287847,65.43837821631837],[22.341554033930464,65.4377387076192],[22.337177314439177,65.43759124915175],[22.330334766178765,65.43792458172307],[22.32749850845373,65.43829198506755],[22.330132219999996,65.44766302],[22.32234214940752,65.44805582646632],[22.323647963454277,65.44961604704962],[22.319491336993952,65.45180265565176],[22.316973889103274,65.45210538903812],[22.314656237931203,65.45312001856324],[22.313372449474194,65.45318235861625],[22.313044428750477,65.45355910620201],[22.310576671730313,65.45403972048192],[22.307930482086533,65.45543099338676],[22.30365071903096,65.45563856506207],[22.301232467674065,65.45629701910843],[22.300904233813917,65.4566737424222],[22.298814093127078,65.45695543563592],[22.297301490619454,65.45775034146445],[22.295589402097676,65.45783326597041],[22.294504687982293,65.4586074157952],[22.292792532734953,65.45869030924347],[22.291657876312495,65.45928644680859],[22.28662078915599,65.45989096474715],[22.285475796101412,65.45579706573942],[22.286282015589595,65.45557766816249],[22.286082906811505,65.4548656856914],[22.287366856124834,65.45480357616012],[22.28812324008699,65.45440617409177],[22.28797387792462,65.45387218938602],[22.28882980880568,65.45383077387314],[22.288730226326003,65.45347478462764],[22.290242854487232,65.45267996442146],[22.291904816675036,65.45241911030152],[22.291655777841406,65.45152914295232],[22.29298936251726,65.45164498081141],[22.292889733563705,65.45128899476963],[22.294601404760872,65.45120610503348],[22.29450175592217,65.45085012025311],[22.29568582130996,65.45043195744996],[22.29538277965751,65.44934943201213],[22.28734604,65.44973946],[22.284858339999996,65.44083966999999],[22.28899024824722,65.44063946065691],[22.287524461153705,65.43675559729498],[22.285187103257137,65.43614710907417],[22.279856131984953,65.43568337771842],[22.278851728732217,65.43519073972955],[22.275858020858976,65.43533545440803],[22.27837438018823,65.43503341768614],[22.27827502597208,65.43467741924627],[22.27646504313031,65.4344041138386],[22.27498344803333,65.43375411893645],[22.277927309682273,65.43343142395307],[22.277728631047463,65.43271942611631],[22.279011519829748,65.43265739818723],[22.28011519683528,65.43350603321537],[22.28182575592917,65.43342329941696],[22.2817263622336,65.43306730364093],[22.28263132807336,65.43320392775082],[22.281955204563744,65.43233462635536],[22.282909848750002,65.43264924680041],[22.283188358257934,65.43209456544548],[22.283715387995112,65.43242986967172],[22.284570627063783,65.43238848518757],[22.2844176493342,65.43184072237442],[22.282372519999996,65.43193981],[22.28168711397713,65.42982196998939],[22.280255335391676,65.42935002357366],[22.28148209604999,65.42874947637402],[22.27988855,65.4230399],[22.28563590037329,65.42276145780365],[22.28885563800544,65.42135684422648],[22.288706488423138,65.4208228580467],[22.28961106109101,65.42095944421031],[22.28936246110988,65.42006946857825],[22.29278174475434,65.41990379017454],[22.293686305236555,65.42004035201265],[22.29383555078732,65.42057433230859],[22.293080203868623,65.42097175272828],[22.294561496153438,65.42162157293042],[22.29304683137342,65.42240242002609],[22.30126116,65.42200446],[22.303357497400413,65.42949365502692],[22.305024551963612,65.42959317386754],[22.3056016559665,65.43010638805372],[22.30688433705236,65.43004412514748],[22.308277715933087,65.43068403082842],[22.32513013999999,65.42986506999999],[22.325943692505888,65.43275977916544],[22.326646078785647,65.43251131542529],[22.32679608132146,65.43304525542254],[22.327978825650174,65.4326268524917],[22.328078845215217,65.43298281144365],[22.328984034010677,65.43311915520037],[22.336730568705402,65.43292219323612],[22.34462733073008,65.43325875342414],[22.347686043199356,65.43300926185893],[22.346506139999995,65.42882318999999],[22.36788027,65.42777829000002],[22.36285717,65.40998179999998],[22.38421517,65.40893475],[22.381699319999996,65.40003685],[22.424395430000004,65.39793458],[22.41934096999999,65.38014030999999],[22.398440452062946,65.38117076238814],[22.396890993515697,65.38216305323174],[22.39523456115599,65.38242500721215],[22.394155826516364,65.38319981195869],[22.391319789614702,65.38388061278319],[22.388082872606553,65.38620492694577],[22.386049615466636,65.38666571790009],[22.385749303966573,65.38866519323712],[22.383816389853987,65.38948187133781],[22.385173012260424,65.39121951204113],[22.387609168941122,65.39218238229115],[22.386956699313608,65.39293616303858],[22.386982680169858,65.39455875021757],[22.384094933287873,65.39506147234628],[22.37897189210087,65.39531300738162],[22.377163674690976,65.39504089262687],[22.374225438873637,65.39536546725377],[22.373698042528584,65.39503048321238],[22.3710360495336,65.39480016993735],[22.372115935281027,65.39402551918205],[22.372793984593464,65.39182716205461],[22.3718900226191,65.39169106882977],[22.371011295555757,65.39011033329065],[22.369630362210394,65.38981719238969],[22.36942959782909,65.3891053368934],[22.368525746887865,65.38896922235513],[22.368751840139083,65.38823644158968],[22.371865151167693,65.38700123349061],[22.374702047790976,65.38632079032892],[22.375404941318447,65.38574502223003],[22.37625848504487,65.38570313504314],[22.382282447882908,65.38252052507819],[22.382407589220293,65.38143181032304],[22.38524360614044,65.38075117753596],[22.387401353773896,65.37920168517034],[22.38910796698634,65.37911777481054],[22.390663638270134,65.37849997845096],[22.39194355568891,65.37843702019681],[22.39226955444673,65.37806012177194],[22.396756338804696,65.37676770523846],[22.395490769999995,65.37229442],[22.331502090000004,65.37543044000002],[22.333998089999994,65.38432937999998],[22.291315419999997,65.3864059],[22.28883363,65.37750610999998],[22.26749660999999,65.37853942999999],[22.27244782,65.3963398],[22.251094729999995,65.39737096],[22.25356598999999,65.40627147999999],[22.232203920000003,65.40730005],[22.227277480000005,65.38949812],[22.205901701957615,65.39042812201446],[22.203900020497205,65.39135536211055],[22.20304596451131,65.39139627751563],[22.201897547058262,65.39036900585192],[22.202884199765148,65.38923946107619],[22.205241963120283,65.3880343871598],[22.20347447,65.38162138],[22.182130079999997,65.38264268],[22.17724312,65.36483873],[22.15591112,65.3658562],[22.15834657,65.37475862],[22.13700564,65.37577349],[22.13943581,65.38467626999999],[22.118085940000004,65.38568855],[22.120510809999995,65.39459169],[22.099151999999997,65.39560137999999],[22.09673426,65.38669783],[22.054025469999996,65.38870735],[22.05638979364019,65.39746661776977],[22.07779138,65.39660805],[22.08261804,65.4144158],[22.103992920000003,65.4134083],[22.101571550000003,65.40450487],[22.14430161,65.40248166],[22.146737240000004,65.41138426000003],[22.168106659999996,65.41036773],[22.17055126,65.41926986],[22.12301379265107,65.42152103231004],[22.118406646470856,65.42374286785369],[22.115510280934515,65.42424052265271],[22.115228273468745,65.42479492694343],[22.113945306159813,65.4248555625929],[22.11404238483726,65.42521169046563],[22.11242878743225,65.4256486515486],[22.112622913619475,65.42636090947975],[22.113147669069022,65.42669683079731],[22.11400304286234,65.42665641216101],[22.114576369616163,65.4271703921174],[22.115061886778363,65.42895102756198],[22.11639361559664,65.42906844341641],[22.116490746376993,65.42942456918954],[22.119008524298735,65.42912517764101],[22.120865190717925,65.4295784513338],[22.120962384501542,65.429934573611],[22.122245580635578,65.42987387604487],[22.122148369699964,65.42951775476143],[22.124043900712746,65.42852627022255],[22.12489931384639,65.42848578941268],[22.125560222622926,65.42773306643862],[22.126843298180006,65.42767233093683],[22.127552766945392,65.42709765881148],[22.129166190601676,65.42666053764462],[22.131353202569944,65.42673731284118],[22.130546514151067,65.42695588705003],[22.132928243729527,65.42774486821497],[22.133745367422076,65.42914905349441],[22.13294901617089,65.43099041369862],[22.131714468542555,65.43122925946976],[22.131909168487773,65.43194148691026],[22.130674566479502,65.4321803246997],[22.130771905139163,65.43253643923],[22.12915815232569,65.43297358075637],[22.126932007208083,65.4343414966246],[22.126076406840813,65.43438199078435],[22.1204856065691,65.43771258553863],[22.11801562133037,65.43819007160353],[22.11493266381673,65.43959826571528],[22.111937370911555,65.43973974258519],[22.110960306927034,65.43898382534844],[22.11612703,65.4579246],[22.137535849999995,65.45691202],[22.132662429999996,65.4391065],[22.14596445605511,65.43847551298529],[22.146595001417534,65.4380990380673],[22.146107137886965,65.43631852740019],[22.144298335857847,65.43604362519808],[22.14405449604578,65.43515336543715],[22.143150141149167,65.43501590429074],[22.14305262324598,65.43465979951279],[22.144763775703147,65.43457861426783],[22.146561230068727,65.43323074859629],[22.148223486231853,65.43297147417098],[22.14973931112881,65.43217803227009],[22.151022536328135,65.43211708963617],[22.151303851465435,65.43156262530911],[22.15222534883259,65.4314188509879],[22.151613990000005,65.4291893],[22.20031135219504,65.4268653689194],[22.200129623601573,65.42634929297398],[22.200935690684556,65.42613035284923],[22.206543547100498,65.42604234928656],[22.20644520899656,65.42568629368765],[22.207300374843413,65.42564534804804],[22.207958824693286,65.42489228878925],[22.20881396179816,65.42485133485069],[22.2102782667846,65.42387928101364],[22.211511716806843,65.42363980325703],[22.21131493047515,65.42292769954925],[22.212597529463153,65.42286623933207],[22.21249912359471,65.42251018834264],[22.214505154413626,65.42159046345337],[22.213298869999996,65.41722691999999],[22.234669919999995,65.41620092999999],[22.23607717282486,65.41849214516381],[22.235374224838072,65.41874020860936],[22.239607440000004,65.43400251],[22.238346624676325,65.43406295723933],[22.238054566038514,65.43499294308418],[22.23933767924683,65.4349312503605],[22.239206447391712,65.43601990428553],[22.23797268652301,65.43625961159175],[22.237742579839107,65.43699223450515],[22.23721603530475,65.43665676493248],[22.23593283161478,65.43671844050478],[22.23583404598485,65.43636240855609],[22.2349785845833,65.43640351890429],[22.234452087248822,65.43606803921726],[22.232790546414673,65.43632825649307],[22.232988037666125,65.43704032510134],[22.2313264201056,65.43730052700936],[22.230191236586236,65.43789620763192],[22.228809256382995,65.43760178681947],[22.22671979622415,65.43788247496002],[22.2269664737176,65.4387725724437],[22.225584481260842,65.43847812221574],[22.223017822804792,65.4386012670549],[22.22268865985997,65.43897782925856],[22.221833088210722,65.43901886615454],[22.221306702372694,65.43868333950299],[22.218361492219447,65.43900494270477],[22.217703012317568,65.43975804759113],[22.21827865643465,65.44027160987577],[22.21613959533972,65.44037413180041],[22.216238131749943,65.44073017907935],[22.21543175429824,65.4409492040204],[22.21534877566016,65.44221587097275],[22.214493084432025,65.4422568674248],[22.213505067250555,65.44338650125304],[22.212698585386093,65.44360551261235],[22.21284634302378,65.44413958732689],[22.212039832561846,65.44435859544615],[22.211199371061742,65.44602229150195],[22.20849935000792,65.44723383962769],[22.20859781379367,65.44758989259137],[22.207363217899108,65.44782935776144],[22.206374692882875,65.4489589498509],[22.204662833152412,65.44904084081195],[22.204761253014574,65.44939689670538],[22.203196959573493,65.4500128553823],[22.201136855239405,65.45163113768315],[22.2017513,65.45385615999999],[22.22315277,65.45283151],[22.225620869999997,65.46173251],[22.222451766025745,65.46188402107376],[22.221546173237158,65.4630239895406],[22.220261633036795,65.46308554498653],[22.220360328805064,65.46344158794544],[22.218318055098614,65.46390020244199],[22.21642368071117,65.46489285904899],[22.214661503983617,65.46479685019314],[22.213047244698814,65.46523489363628],[22.21281622758776,65.46596748730539],[22.210015699995044,65.46682303232927],[22.209307038622544,65.46739808377505],[22.208450512992282,65.46743905416082],[22.208351960977684,65.46708300202079],[22.207017917874463,65.46696642092905],[22.207116451216102,65.46732247412321],[22.205880918342093,65.46756193634351],[22.206506241563034,65.46825356635162],[22.205551164833256,65.46793846687694],[22.203887308126717,65.46819838853251],[22.202883024257567,65.46770524395808],[22.199506032158048,65.46804698120718],[22.19764528423272,65.46759471599287],[22.19736461315678,65.46814926011385],[22.19436659551989,65.46829239987316],[22.193229246008336,65.46888782344556],[22.193376778926442,65.46942191930628],[22.18566707511265,65.4697896741837],[22.184698073985256,65.4706512519594],[22.187714859999993,65.48158313999997],[22.166288209999998,65.48260300999999],[22.16874035,65.49150509],[22.1527849052836,65.49226228525794],[22.15298455484478,65.49298840641119],[22.15174729785386,65.4932274423943],[22.15207813371808,65.49285101900402],[22.151073834695815,65.49235753027591],[22.14735617284225,65.49270974800186],[22.14975147,65.5014248],[22.122002947255442,65.50273571643976],[22.12188108345163,65.50311742629621],[22.122885266604786,65.50361111003284],[22.123470634789996,65.50574781186769],[22.121472084896165,65.50638322329033],[22.122720303197767,65.50776720179536],[22.121530837921085,65.50818405854612],[22.122057412530243,65.50851993092556],[22.120770355065936,65.50858066427683],[22.120867902678235,65.50893678288868],[22.120009849188644,65.50897726640338],[22.11944438413993,65.51008610434397],[22.117923222952886,65.51087929286145],[22.115875400860965,65.51133657484144],[22.115972894180402,65.51169269712324],[22.110394846255403,65.51195557912358],[22.10920499096478,65.51237234265169],[22.10748861177877,65.51245317507109],[22.105966945794364,65.513246248153],[22.104679610371594,65.51330684722248],[22.1047769599525,65.51366297809338],[22.103967391287895,65.51388143781608],[22.0984373637259,65.51432195074506],[22.097773609440416,65.51507458163043],[22.096915311198593,65.51511493644993],[22.0963402973086,65.51460090617641],[22.094477901148586,65.51414738639694],[22.09271275584495,65.51404998326063],[22.09208925992357,65.51335786566028],[22.086178528987254,65.5139961640811],[22.085036727130387,65.51459081478455],[22.084178421044598,65.51463109740057],[22.082704438097338,65.5156020179169],[22.081846094444064,65.51564228765741],[22.079991291233704,65.51681139077894],[22.07703541274581,65.51713033736205],[22.07626678951446,65.51590392292111],[22.075311464513998,65.51558800286527],[22.074516905544105,65.51398733397076],[22.066381539999995,65.51436934],[22.068274158935044,65.52132807986045],[22.06946856617429,65.52127216240775],[22.068301110522057,65.52142717486545],[22.068710061593606,65.52293079721113],[22.070118534324216,65.52321145792395],[22.115734017949812,65.52106606311962],[22.116743068714694,65.5208547264805],[22.116645523590652,65.52049860522938],[22.118313614270665,65.5202396041305],[22.118167269724403,65.51970542400424],[22.119357306053004,65.51928858825424],[22.118684193867814,65.5184185287383],[22.119825376221275,65.51782363008752],[22.118810840633518,65.5157071535162],[22.119337538191267,65.51604303415449],[22.12153204467732,65.51611987907164],[22.123004587515787,65.5151485942165],[22.123569998104625,65.5140397435493],[22.12485731665054,65.51397898385126],[22.126339921410576,65.51463044153533],[22.126573731095487,65.51389795397503],[22.127383103904037,65.51367937514662],[22.128338970284783,65.51399496100497],[22.13139689006933,65.51370586178656],[22.13074822,65.51134226],[22.15220011,65.51032718],[22.154753318255015,65.51959919316904],[22.1569521337494,65.52003607468797],[22.156670090317697,65.5205905561774],[22.15509382600312,65.52083575204291],[22.155559244813354,65.5225259272682],[22.157025673064485,65.5234596224485],[22.15888978924189,65.52391235511878],[22.159564386755203,65.52478222113724],[22.156438314946715,65.5257182833312],[22.15710291,65.52813177],[22.17856736,65.52711283000001]],[[22.27498344803333,65.43375411893645],[22.274506148783082,65.4335967841615],[22.27493379650187,65.4335761183528],[22.27498344803333,65.43375411893645]],[[22.274028855244207,65.43343944781938],[22.274456500851873,65.4334187833848],[22.274506148783082,65.4335967841615],[22.274028855244207,65.43343944781938]],[[22.136225508130956,65.50947391151574],[22.137034661761742,65.50925528314653],[22.136361241767446,65.50838530520552],[22.138604032781632,65.50863996143327],[22.1387018237028,65.50899606617497],[22.13789269248524,65.50921470324883],[22.13808826307658,65.5099269136925],[22.139375338175977,65.50986603277228],[22.13661657488004,65.51089833717336],[22.136225508130956,65.50947391151574]],[[22.31123677,65.45760206000001],[22.332636080000004,65.45656191],[22.335141810000003,65.46546073000002],[22.313735359999995,65.46650130999998],[22.31123677,65.45760206000001]],[[22.42508567176835,65.49354773374556],[22.427758213362797,65.49377698487152],[22.428012370087128,65.4946666741478],[22.425746275529974,65.4958609387134],[22.423225944024377,65.49616547320429],[22.42292113256595,65.49509783458484],[22.42508567176835,65.49354773374556]],[[22.40552030211208,65.4553554066733],[22.40509242452995,65.45537644499204],[22.405041839482386,65.45519849698991],[22.40552030211208,65.4553554066733]],[[22.40448957513555,65.45630825937697],[22.40406168098822,65.45632929494077],[22.403960521208028,65.45597339812475],[22.40448957513555,65.45630825937697]],[[22.403583208670117,65.45617238073125],[22.40315531586267,65.45619341371201],[22.403104742067512,65.45601546494728],[22.403583208670117,65.45617238073125]],[[22.402474575197175,65.45532470055637],[22.403330332994315,65.4552826375223],[22.403380906611762,65.45546058621333],[22.402474575197175,65.45532470055637]],[[22.402097260205164,65.45552367947299],[22.402525143099464,65.4555026495918],[22.402575711760512,65.45568059860264],[22.402097260205164,65.45552367947299]],[[22.379052055161207,65.48444045417534],[22.379858329172414,65.48422055645862],[22.383008436838665,65.48460759747458],[22.38106850292554,65.48542431106405],[22.381169488879586,65.48578022494071],[22.379455889082575,65.48586411577071],[22.378019263653627,65.48539314675638],[22.379203487194495,65.48497432745746],[22.379052055161207,65.48444045417534]],[[22.372478076793406,65.49955710906669],[22.372906709021795,65.49953615564453],[22.372957178986432,65.49971411554438],[22.372478076793406,65.49955710906669]],[[22.372099908032975,65.49975602152422],[22.372528543888983,65.49973506913831],[22.372579011743117,65.49991302918552],[22.372099908032975,65.49975602152422]],[[22.369200326364655,65.50025857721826],[22.369427183704612,65.49952578789812],[22.370284452282583,65.49948389710184],[22.370385357024283,65.49983981898738],[22.37167127141846,65.49977697270208],[22.37177219640869,65.50013289345912],[22.370158524482726,65.50057260949747],[22.369200326364655,65.50025857721826]],[[22.37081022230675,65.39246571710378],[22.370383335713377,65.39248664702563],[22.37033313221944,65.39230868355395],[22.37081022230675,65.39246571710378]],[[22.370735050165088,65.39066515358657],[22.370308192754326,65.39068608299998],[22.370257993932334,65.39050811945543],[22.370735050165088,65.39066515358657]],[[22.37070981038387,65.39210979047816],[22.37028292947706,65.39213072005792],[22.370182526246897,65.39177479299263],[22.37070981038387,65.39210979047816]],[[22.370559198136363,65.39157590035677],[22.370132325759084,65.3915968294234],[22.37003192703793,65.39124090221178],[22.370559198136363,65.39157590035677]],[[22.370207462894843,65.39339739359308],[22.369780560581088,65.393418321966],[22.369730359016174,65.3932403582742],[22.370207462894843,65.39339739359308]],[[22.37018355057411,65.49912797511833],[22.369326293472408,65.49916986522769],[22.369275849493615,65.4989919038558],[22.37018355057411,65.49912797511833]],[[22.36960358413358,65.49861503710301],[22.368746342729313,65.49865692376599],[22.36869590389389,65.49847896214897],[22.36960358413358,65.49861503710301]],[[22.367636863442673,65.49474176253943],[22.367208304709923,65.49476270028205],[22.367157885416614,65.49458473795515],[22.367636863442673,65.49474176253943]],[[22.36604871499145,65.49373679575602],[22.36519162663786,65.49377866072733],[22.36514122336157,65.49360069756723],[22.36604871499145,65.49373679575602]],[[22.364990018077123,65.49306680794028],[22.36584708348877,65.49302494434183],[22.365897490228217,65.49320290723205],[22.364990018077123,65.49306680794028]],[[22.364061233794263,65.46677019458934],[22.36363312951881,65.46679111764523],[22.363582799612576,65.46661315322142],[22.364061233794263,65.46677019458934]],[[22.362371418192385,65.396307267243],[22.361517503129917,65.39634907948408],[22.361467350771736,65.39617111254334],[22.362371418192385,65.396307267243]],[[22.361040394958565,65.39619201668951],[22.35975952301396,65.3962547219139],[22.35960910457781,65.39572081889546],[22.360940098183743,65.39583608239327],[22.361040394958565,65.39619201668951]],[[22.356035354397928,65.45218721473532],[22.355985110010987,65.45200924691726],[22.356412980112196,65.45198834789338],[22.356035354397928,65.45218721473532]],[[22.345432351280465,65.43303905199322],[22.345004779825317,65.43305991689195],[22.34495465461166,65.43288194420053],[22.345432351280465,65.43303905199322]],[[22.344527085258644,65.43290280772403],[22.343671944298073,65.43294453115762],[22.343621828397023,65.4327665579297],[22.344527085258644,65.43290280772403]],[[22.343144147347317,65.43260944424615],[22.34319425964327,65.43278741766903],[22.342339119881665,65.43282913353426],[22.343144147347317,65.43260944424615]],[[22.33919584946879,65.43244117617168],[22.34133367672518,65.43233692219194],[22.341383776103886,65.43251489634608],[22.33919584946879,65.43244117617168]],[[22.341383776103886,65.43251489634608],[22.34228901329312,65.43265115977002],[22.341433876233765,65.43269287047592],[22.341383776103886,65.43251489634608]],[[22.33876828176445,65.43246202335416],[22.33834071330921,65.43248286933213],[22.33829063465743,65.43230489395943],[22.33876828176445,65.43246202335416]],[[22.337913144103084,65.43250371410562],[22.337485574146125,65.4325245576746],[22.337435501201846,65.43234658196073],[22.337913144103084,65.43250371410562]],[[22.33700793334787,65.43236742415463],[22.336152795387733,65.4324091049289],[22.336102731755496,65.4322311286792],[22.33700793334787,65.43236742415463]],[[22.335247596500324,65.43227280429439],[22.334392458242938,65.43231447509153],[22.334342406776404,65.43213649813552],[22.335247596500324,65.43227280429439]],[[22.33353731698365,65.43235614107058],[22.33310974522841,65.43237697225332],[22.333059702323343,65.43219899478589],[22.33353731698365,65.43235614107058]],[[22.332254599466918,65.4324186310052],[22.33182702546075,65.43243945857435],[22.331776991117298,65.43226148059557],[22.332254599466918,65.4324186310052]],[[22.33092184656216,65.43230313177938],[22.33134941921481,65.43228230678973],[22.33139945070435,65.43246028493891],[22.33092184656216,65.43230313177938]],[[22.330544298941074,65.43250193405449],[22.330971875197786,65.43248111009899],[22.331021904583555,65.43265908839436],[22.330544298941074,65.43250193405449]],[[22.32659607943981,65.4323333353778],[22.329161531980887,65.43220844066703],[22.329211548450722,65.43238641969245],[22.32659607943981,65.4323333353778]],[[22.326268520101433,65.49441173341212],[22.326168241193162,65.49405577591968],[22.32707555872548,65.49419210986446],[22.327175850616864,65.49454806662558],[22.326268520101433,65.49441173341212]],[[22.325739653704307,65.49407659634373],[22.325689518249394,65.49389861739044],[22.326118102869323,65.49387779713709],[22.325739653704307,65.49407659634373]],[[22.324681962118365,65.49340631624378],[22.32511053963858,65.49338549891849],[22.325160669964315,65.49356347811514],[22.324681962118365,65.49340631624378]],[[22.325160669964315,65.49356347811514],[22.325639383547955,65.49372063841294],[22.32521080104345,65.49374145728758],[22.325160669964315,65.49356347811514]],[[22.316190535317716,65.47866392651744],[22.31644072072925,65.47955384180125],[22.315684069370626,65.479951388359],[22.312357141287126,65.48047363177511],[22.31225711617221,65.48011766252048],[22.313442189952074,65.47969935043538],[22.31409882426893,65.47894584699038],[22.316190535317716,65.47866392651744]],[[22.31372876687125,65.39417092722694],[22.313301797753024,65.39419169621982],[22.313251977037844,65.39401370993868],[22.31372876687125,65.39417092722694]],[[22.309977158358897,65.41943021630803],[22.31083192350827,65.41938868766574],[22.310554122746044,65.4199434129604],[22.311508639610917,65.42025785367197],[22.313545842336833,65.41979802964788],[22.31364560695293,65.42015400072975],[22.31198590659788,65.42041507167598],[22.311658249369287,65.4207918126628],[22.312762448722403,65.42164020354868],[22.311102645568276,65.42190126580086],[22.31133058297655,65.42116855302882],[22.30937165358316,65.42036167651436],[22.309977158358897,65.41943021630803]],[[22.301728665385937,65.46890149720875],[22.301529014053266,65.46818954057072],[22.302435304494068,65.46832603264895],[22.302335470372306,65.46797005491358],[22.30536141976197,65.46638011987221],[22.30783043090917,65.46589957838665],[22.308158672283028,65.46552283995338],[22.309921177524956,65.46561775430217],[22.309314694761227,65.46654922387762],[22.30674576346874,65.46667381566714],[22.30737371123645,65.46736500117582],[22.306189086021313,65.46778326121338],[22.30638886034024,65.46849521046634],[22.304775972711667,65.46893422051903],[22.304547511063376,65.46966692847077],[22.3036910925129,65.46970843796255],[22.302984445758362,65.47028390847149],[22.301371389999723,65.47072288382813],[22.29875210491654,65.47066935475098],[22.298980736888005,65.46993665388042],[22.299837171928584,65.4698951709386],[22.300115671822557,65.46934045853654],[22.301728665385937,65.46890149720875]],[[22.30917224139878,65.41964972745862],[22.308744853357496,65.41967048773573],[22.308695005030756,65.41949250024176],[22.30917224139878,65.41964972745862]],[[22.307950273705938,65.39517353740393],[22.307523282765587,65.39519429023956],[22.307473498903086,65.39501630167887],[22.307950273705938,65.39517353740393]],[[22.30364221369104,65.42929944226555],[22.304069763520115,65.42927869483529],[22.304119602952245,65.4294566839401],[22.30364221369104,65.42929944226555]],[[22.29057202895642,65.39493474136638],[22.29195239157063,65.39522861255278],[22.290969403008766,65.3963587030088],[22.29220079490505,65.39611858598023],[22.29277687496991,65.39663185953314],[22.29410765443049,65.39674771553312],[22.294207049695768,65.39710370318984],[22.29340267112162,65.39732312478264],[22.29430644793808,65.39745969075062],[22.294405849157567,65.39781567821548],[22.291843557019885,65.39793995023055],[22.291615237388655,65.39867263740612],[22.289479912822046,65.3987761617106],[22.28938057397101,65.39842017037422],[22.288099387385518,65.39848226950625],[22.286540077798705,65.39909904203006],[22.286639381254084,65.39945503559179],[22.287821298931828,65.39903695581046],[22.289529583363386,65.3989541573428],[22.28972827296802,65.39966613963216],[22.288824441640475,65.39952954675098],[22.288119269471316,65.40010493316251],[22.287265088626725,65.40014632720914],[22.287165773527438,65.3997903341774],[22.28626195035742,65.3996537258449],[22.285934162402224,65.40003041224485],[22.286837997088774,65.40016702242791],[22.28608311277176,65.4005644032075],[22.283570139360716,65.40086653480421],[22.283291932081944,65.40142121393058],[22.282109834634575,65.40183925997697],[22.28082846045074,65.40190129916282],[22.28030210405955,65.40156597808557],[22.278593614553703,65.40164867399058],[22.27764017231275,65.40133401420056],[22.278296010204556,65.40058067416122],[22.277620934100362,65.39971134275534],[22.27890221060031,65.39964933181838],[22.27875341251306,65.39911533223652],[22.279508369648383,65.39871798744606],[22.280839203665302,65.3988339600862],[22.28101821558762,65.39792328719915],[22.28229939515411,65.3978612483452],[22.283054262420148,65.39746388668603],[22.28295501666339,65.39710789018183],[22.28375947945487,65.39688852352256],[22.28323319055767,65.39655321200009],[22.28373988132899,65.39526585642973],[22.284593910189322,65.39522448388544],[22.284395400390984,65.39451249301486],[22.28557713643795,65.39409443264303],[22.285428240737605,65.39356044061729],[22.28628221093815,65.39351905908997],[22.28618293947083,65.39316306496303],[22.287940494931817,65.3932582852285],[22.288268174660914,65.39288159553624],[22.28856607889405,65.3939495726983],[22.290552017339373,65.39331207929389],[22.29225991907966,65.39322925370163],[22.29112800057466,65.39382536012694],[22.291753682293738,65.39451663337935],[22.29057202895642,65.39493474136638]],[[22.292180677276896,65.39449592519507],[22.292230356326165,65.39467391985508],[22.291803358497134,65.39469462820865],[22.292180677276896,65.39449592519507]],[[22.291981643630223,65.50383087066467],[22.29180250079814,65.50474155740744],[22.28985818103715,65.50555714246299],[22.288142932739955,65.50564001381886],[22.287943312431093,65.50492803903984],[22.291981643630223,65.50383087066467]],[[22.287826638509813,65.46885283252908],[22.288732885239654,65.46898940727651],[22.289868018678497,65.46839328698465],[22.291630664018452,65.46848841344271],[22.291879897000204,65.4693783788355],[22.29107330675148,65.46959780997835],[22.291172995225054,65.46995379659822],[22.289888313791774,65.4700159457697],[22.288374700469923,65.47081077213869],[22.28452048571667,65.47099711713777],[22.28437108263097,65.4704631293155],[22.28716947646138,65.46960622697816],[22.287826638509813,65.46885283252908]],[[22.289628456342427,65.39155282631923],[22.28920150675865,65.39157352681592],[22.28915185532287,65.39139553087833],[22.289628456342427,65.39155282631923]],[[22.281082642163483,65.4975019945846],[22.28093312629583,65.49696800454672],[22.28244844330487,65.49617323599969],[22.284163092327788,65.49609043517117],[22.28449203353394,65.49571374132765],[22.28464161342231,65.49624772721472],[22.285927598683607,65.49618560977062],[22.28663529549809,65.49561020875915],[22.289107405791412,65.49512994282591],[22.288928204721632,65.49604062677433],[22.287363215502335,65.49665746406549],[22.28670538528913,65.49741086301414],[22.285040526103213,65.49767168852371],[22.285190130726765,65.49820567361836],[22.283804324044137,65.49791179473155],[22.283505182213624,65.49684382098205],[22.281082642163483,65.4975019945846]],[[22.288024699440626,65.51141867196834],[22.288453607593,65.51139795534097],[22.28850352994616,65.51157594871616],[22.288024699440626,65.51141867196834]],[[22.28553923442076,65.49945163799862],[22.285589109376033,65.49962963281402],[22.28516039157506,65.49965033943795],[22.28553923442076,65.49945163799862]],[[22.28528987089077,65.49856166356138],[22.284861170317175,65.49858236916647],[22.28481130273141,65.49840437403716],[22.28528987089077,65.49856166356138]],[[22.28506064815693,65.49929434944349],[22.285110519491123,65.49947234445274],[22.284681803811758,65.49949304969829],[22.28506064815693,65.49929434944349]],[[22.284988744207357,65.4742217415549],[22.285038557331305,65.47439973718541],[22.28461025232735,65.47442043816609],[22.284988744207357,65.4742217415549]],[[22.284582067635654,65.49913705931623],[22.284631935348866,65.49931505451924],[22.28420322179112,65.49933575838642],[22.284582067635654,65.49913705931623]],[[22.280155981678657,65.42899402635781],[22.280106305939405,65.42881602771396],[22.280533870367144,65.42879534685798],[22.280155981678657,65.42899402635781]],[[22.279678740766858,65.42883670736529],[22.279629068626807,65.4286587085283],[22.280056630944983,65.4286380290462],[22.279678740766858,65.42883670736529]],[[22.279907610430474,65.42810403289927],[22.279052502175162,65.42814538964349],[22.27900283586828,65.42796739054155],[22.279907610430474,65.42810403289927]],[[22.279201505563865,65.42867938680574],[22.279151837022926,65.42850138777557],[22.279579397231508,65.42848070966733],[22.279201505563865,65.42867938680574]],[[22.277529964329847,65.43200742789669],[22.27795758324763,65.43198675380206],[22.278007251665088,65.43216475322363],[22.277529964329847,65.43200742789669]],[[22.276724384111738,65.43222677240053],[22.27757962989207,65.4321854274875],[22.277629296199063,65.43236342705431],[22.276724384111738,65.43222677240053]],[[22.276018102243714,65.43280211315307],[22.275590468181033,65.43282278189999],[22.27554081466147,65.43264478153506],[22.276018102243714,65.43280211315307]],[[22.27312392317566,65.43330277176571],[22.272268632460563,65.43334409186193],[22.272219000296513,65.43316609019186],[22.27312392317566,65.43330277176571]],[[22.27127100356614,65.4048892633421],[22.2705157465093,65.40528656984024],[22.270416634984464,65.40493056375699],[22.27127100356614,65.4048892633421]],[[22.2473095798028,65.49479902398951],[22.247738254175342,65.49477842515199],[22.24778786102709,65.49495643505547],[22.2473095798028,65.49479902398951]],[[22.24778786102709,65.49495643505547],[22.248266147993764,65.4951138445512],[22.247837468624528,65.49513444493515],[22.24778786102709,65.49495643505547]],[[22.243369837599737,65.49625102772153],[22.243320257860226,65.4960730161032],[22.243748956915944,65.49605242833844],[22.243369837599737,65.49625102772153]],[[22.21402588147628,65.45310229906548],[22.214635498235925,65.45217118218463],[22.215590094048324,65.45248622897226],[22.21402588147628,65.45310229906548]],[[22.206024885429386,65.51355262738629],[22.20559586340937,65.51357311129998],[22.205546501360136,65.51339508521062],[22.206024885429386,65.51355262738629]],[[22.19520281181148,65.47131893294122],[22.194922053038564,65.47187347336522],[22.19434613123459,65.47135982484525],[22.19520281181148,65.47131893294122]],[[22.176419298173514,65.38581520703616],[22.1759923347363,65.38583558681715],[22.175894592576633,65.38547950535192],[22.176419298173514,65.38581520703616]],[[22.175747984825122,65.38494538297901],[22.17617493402916,65.384925004031],[22.176223805394514,65.38510304467871],[22.175747984825122,65.38494538297901]],[[22.17536990056162,65.38514380170507],[22.17579685334392,65.38512342379333],[22.17584572259442,65.3853014645843],[22.17536990056162,65.38514380170507]],[[22.156829602139236,65.51643448125547],[22.158447963178396,65.51599699921029],[22.15859510633845,65.5165311325596],[22.156927676763235,65.51679057142107],[22.156829602139236,65.51643448125547]],[[22.155091259736455,65.49433144290684],[22.15466250508736,65.49435177973109],[22.154564562960747,65.49399568673712],[22.155091259736455,65.49433144290684]],[[22.150179151737397,65.4938428887209],[22.15060790225334,65.49382256465474],[22.150656845615703,65.49400061271072],[22.150179151737397,65.4938428887209]],[[22.1497993381011,65.49404125996735],[22.150228092226303,65.49402093694356],[22.150277033451022,65.49419898514296],[22.1497993381011,65.49404125996735]],[[22.146289010223143,65.40059741163333],[22.147997930858654,65.40051621152953],[22.14796042295234,65.40196092430197],[22.145824152637022,65.40206242204322],[22.14506703707116,65.402459117539],[22.14444499264328,65.40176720098759],[22.14600788398699,65.40115186491853],[22.146289010223143,65.40059741163333]],[[22.13593223895434,65.5084055912969],[22.135883363331715,65.50822753784576],[22.136312363267503,65.50820725192087],[22.13593223895434,65.5084055912969]],[[22.134927623724014,65.5079119984279],[22.134498627337216,65.50793228038992],[22.13444976255191,65.5077542263698],[22.134927623724014,65.5079119984279]],[[22.132684883121286,65.42685458534116],[22.132733553782998,65.42703264196221],[22.132305878590937,65.42705290488082],[22.132684883121286,65.42685458534116]],[[22.132208543712846,65.42669679128385],[22.132257210786943,65.42687484809389],[22.13140186392862,65.42691536998294],[22.132208543712846,65.42669679128385]],[[22.08058934321055,65.39450634427851],[22.089916396841762,65.38901712670229],[22.092430646218578,65.3887182129522],[22.093566950242135,65.38812355882085],[22.094896508007736,65.38824118562982],[22.095089824619603,65.38895347427652],[22.093623064011915,65.3899244326321],[22.08940025138695,65.39030391782828],[22.08778834554401,65.39074059898344],[22.085136320980705,65.39212801652933],[22.08357968134586,65.39436553775704],[22.08035512219761,65.3952387655108],[22.08058934321055,65.39450634427851]],[[22.069704029125003,65.52053974723147],[22.069274764430972,65.5205598467102],[22.069226315818355,65.5203817677286],[22.069704029125003,65.52053974723147]]],[[[22.278380840000004,65.49527335],[22.27652646075254,65.48864246191773],[22.270120065709005,65.48937160649179],[22.269840735304847,65.48992627168154],[22.268275642017144,65.4905429123479],[22.268474594233616,65.49125491970763],[22.27066732157325,65.49132961807246],[22.271673795826082,65.49182228988802],[22.272530999785648,65.4917809542148],[22.272779850976747,65.49267095477337],[22.27587972760798,65.49288223360797],[22.27622830180698,65.49412822474224],[22.27589925888236,65.49450490160451],[22.27456353894873,65.49438893389559],[22.275281221049124,65.49542225829276],[22.278380840000004,65.49527335]]],[[[22.366923375109398,65.50109151297204],[22.367258813305437,65.50107512923853],[22.366903636862958,65.50102188211606],[22.366923375109398,65.50109151297204]]],[[[22.085034079999996,65.42331959],[22.087451929999993,65.43222331999999],[22.1088411,65.43121499],[22.10905738394258,65.43200786884397],[22.110793638813877,65.43077589360676],[22.112932411409325,65.43067486800477],[22.112116346452027,65.42927055976025],[22.111163824627518,65.4289548387241],[22.111203319771597,65.42751011631464],[22.107869859392267,65.42640504261222],[22.1057314113882,65.42650599328856],[22.10549766016591,65.42723844870389],[22.103932268782707,65.42785338877873],[22.102124472349455,65.42757797122323],[22.102737553640743,65.42664727359907],[22.1070057189097,65.42482263623135],[22.108493311366484,65.4222086605582],[22.085034079999996,65.42331959]]],[[[22.110561276333325,65.437521012566],[22.11162784588727,65.43542578270268],[22.11128803798546,65.43417932988294],[22.110335343752055,65.43386360531014],[22.10957341100635,65.43389958090032],[22.110561276333325,65.437521012566]]],[[[22.15232299270791,65.43177494627443],[22.151401467487766,65.43191872380196],[22.151596708318003,65.43263092050866],[22.15251828074566,65.4324871378946],[22.15232299270791,65.43177494627443]]],[[[22.155036732419703,65.52062841585861],[22.155333499550547,65.5204735433556],[22.15499845835499,65.52048942303209],[22.155036732419703,65.52062841585861]]],[[[22.354779470848445,65.44773801197626],[22.355207272369928,65.44771711705849],[22.355157043967942,65.44753914880258],[22.354779470848445,65.44773801197626]]],[[[22.283933855577228,65.49682311949171],[22.283883998357805,65.49664512395252],[22.283455327864896,65.4966658252731],[22.283933855577228,65.49682311949171]]],[[[22.282239190830484,65.40075058742906],[22.28238807100815,65.40128458274322],[22.282815184962733,65.4012638999125],[22.282239190830484,65.40075058742906]]]]}},{"type":"Feature","properties":{"cyano_daymap_file_id":2724,"date":"2003-08-06Z","cloud":null,"sub_surfac":null,"surface":null,"no_data":null,"class":1,"color_hex":null,"algae_class":"class_1","source_date":"2003-08-06"},"geometry":{"type":"MultiPolygon","coordinates":[[[[23.021359908631613,65.17760569765782],[23.011423917751596,65.1707541953058],[23.002086021599,65.1650103332603],[22.982021613701992,65.1539487475862],[22.960190125166896,65.1434996447016],[22.936695353363596,65.13371361195249],[22.924360538612298,65.1290836625267],[22.90401272576318,65.12221027691076],[22.908875329999994,65.13846707999998],[22.866644359999995,65.14070156],[22.86929276,65.14958969],[22.89041616,65.14847348],[22.89573272,65.16624864],[22.916868009999998,65.16512856],[22.919536190000002,65.17401558],[22.94067645,65.17289208],[22.943353549999998,65.18177857999999],[22.92220635,65.18290254],[22.92487849,65.19178943],[22.94603264,65.19066501],[22.95408184,65.21732389],[22.93290682,65.21844968],[22.9355869,65.22733629],[22.977948900000005,65.22508084],[22.98064493,65.23396646999998],[22.959457949999997,65.23509614],[22.962149,65.24398216],[22.983342950000004,65.24285203000001],[22.98604299,65.25173752],[22.943639120000004,65.25399572],[22.94095305,65.24510931],[22.91975511,65.24623349],[22.92779833,65.27289388],[22.949017259999998,65.27176833000001],[22.951709330000003,65.28065453],[23.015375049999992,65.27725862999999],[23.018090129999997,65.28614337999998],[23.039315,65.28500499],[23.0420391,65.29388921],[23.063268949999998,65.29274737],[23.05780877,65.27497979],[23.089374482557538,65.27327542187356],[23.088093052971608,65.26431429599631],[23.07628855,65.26495248000002],[23.070826579999995,65.24718541],[23.049633709999995,65.24832789999999],[23.04691275,65.23944379],[23.06809864,65.23830177],[23.059635762255915,65.21069033889329],[23.052174641690353,65.2030376832204],[23.014888999999997,65.20504386999998],[23.00678321,65.17838891],[23.021359908631613,65.17760569765782]],[[22.98564199,65.17952177],[22.982951000000003,65.17063618],[23.00408529,65.16950378],[23.00678321,65.17838891],[22.98564199,65.17952177]]],[[[23.03062931,65.18613768],[23.032825196590117,65.18601936633692],[23.029860527185193,65.18361435227884],[23.03062931,65.18613768]]]]}},{"type":"Feature","properties":{"cyano_daymap_file_id":2724,"date":"2003-08-06Z","cloud":null,"sub_surfac":null,"surface":null,"no_data":null,"class":1,"color_hex":null,"algae_class":"class_1","source_date":"2003-08-06"},"geometry":{"type":"MultiPolygon","coordinates":[[[[21.968586339999998,65.39269026999999],[21.96384176,65.37487811],[21.98518997,65.3738877],[21.98393291158053,65.36917746098044],[21.982915930696336,65.36895809885782],[21.98229897284545,65.36826546580346],[21.983105160758562,65.36804768954873],[21.983453409129048,65.36738074960888],[21.98281322,65.36498194],[21.987861470158393,65.36474665850938],[21.989219990824694,65.3634356676513],[21.99087950924189,65.36317815355578],[21.991163567490627,65.36262396249597],[21.993392516153744,65.3628809046245],[21.99533592062236,65.36206914726492],[21.998227890846362,65.36157384286163],[21.99851177764927,65.3610196395843],[22.001451203587507,65.36070238468116],[22.001546472934237,65.3610586021952],[22.002826639458565,65.36099894961062],[22.002921928728046,65.36135516606001],[22.001689382300857,65.3615929282981],[22.001832298083674,65.36212725419921],[22.003682209989005,65.3625820348638],[22.004299585459652,65.36327457629982],[22.00439490465272,65.36363079151594],[22.00306696294481,65.36351235054524],[22.00320586295387,65.36403150939904],[22.02549006,65.36299292],[22.02071346,65.34518285],[21.99939015,65.34617805],[21.997011629999996,65.33727253],[22.018327840000005,65.33627774000001],[22.013784478956232,65.31929896936539],[21.94568985526181,65.35768601895857],[21.95910428,65.35706572],[21.961472139999998,65.36597194],[21.94012928,65.36695893],[21.942491779999997,65.3758655],[21.92860161394669,65.37650588500644],[21.916984230661594,65.39506965885991],[21.968586339999998,65.39269026999999]],[[22.01356546148157,65.34625194577208],[22.01531904072845,65.34635038387259],[22.015557531332025,65.34724090269042],[22.014799946897092,65.34763694793195],[22.014659622669885,65.34872548956346],[22.01375890757148,65.34858721782429],[22.01342777443863,65.34896334117265],[22.01139053560213,65.34941910702018],[22.007978308422064,65.34957833560817],[22.009729634864993,65.34805398013819],[22.01356546148157,65.34625194577208]],[[22.007599428082695,65.34977634047439],[22.00717289292191,65.34979623759972],[22.007125244497963,65.34961813073572],[22.007599428082695,65.34977634047439]]],[[[21.938713809801943,65.36161863196827],[21.9374845157948,65.3623116230953],[21.934411222360858,65.36722253314217],[21.94012928,65.36695893],[21.938713809801943,65.36161863196827]]]]}},{"type":"Feature","properties":{"cyano_daymap_file_id":2724,"date":"2003-08-06Z","cloud":null,"sub_surfac":null,"surface":null,"no_data":null,"class":1,"color_hex":null,"algae_class":"class_1","source_date":"2003-08-06"},"geometry":{"type":"MultiPolygon","coordinates":[[[[22.92892051,65.5617639],[22.92620111,65.55287754],[22.90475251,65.55400234],[22.899334149999998,65.53622849],[22.87789784,65.53734935],[22.875198879999992,65.52846185999998],[22.896628030000002,65.52734146],[22.89392394,65.51845436000002],[22.872501939999996,65.5195743],[22.86980703,65.51068668000002],[22.826971259999997,65.51291660999999],[22.824292659999994,65.50402799999999],[22.8457044,65.502915],[22.843020669999998,65.49402677999997],[22.821616069999997,65.49513931999999],[22.816268909999998,65.47736176999999],[22.880433899999996,65.47401782999998],[22.87774195,65.46513031999999],[22.899119130000003,65.46401012000001],[22.89372708,65.44623581],[22.87236412,65.4473551],[22.86967823,65.43846738],[22.91238791,65.43622672],[22.90968983,65.42733984999998],[22.86699434,65.4295796],[22.858954730000004,65.40291585],[22.88028222,65.40179884],[22.877599269999994,65.39291123999999],[22.85627886,65.39402779],[22.845595389999996,65.35847489999999],[22.888177689999996,65.35624245],[22.890859679999995,65.36512986],[22.869562469999998,65.36624804],[22.8722394,65.37513584],[22.936146189999995,65.37177096999999],[22.925365829999997,65.33622482999999],[22.904093769999992,65.33734761999999],[22.901410749999997,65.32846045999999],[22.922675769999998,65.32733813],[22.90122726,65.25624202],[22.88001835,65.2573607],[22.877353239999998,65.24847293],[22.834943459999998,65.25070045],[22.856207750000003,65.32180801],[22.87746973,65.32069211],[22.882819719999997,65.33846742],[22.840265609999996,65.34069804],[22.842929499999997,65.34958649999999],[22.821642420000003,65.35069779],[22.818985569999995,65.34180886999998],[22.797703549999998,65.34291671],[22.795055740000002,65.33402728],[22.773778789999998,65.33513168],[22.776419559999997,65.34402156],[22.75513359,65.34512341],[22.74986812,65.32734268],[22.771139989999998,65.32624173],[22.76323538999999,65.29957147999998],[22.741984629999997,65.30067109999997],[22.73936071,65.29178044000001],[22.71811502,65.29287661],[22.71288708999999,65.27509419999998],[22.69165349,65.27618650999999],[22.68644737,65.25840295],[22.665225859999996,65.25949137999999],[22.66263271,65.25059906],[22.683847209999993,65.24951106999998],[22.681248989999997,65.24061912],[22.66004149,65.24170667000001],[22.657452190000004,65.23281422000001],[22.6786527,65.23172711],[22.676058339999994,65.22283504],[22.633669379999994,65.22500539999997],[22.63109092,65.21611238],[22.609900559999996,65.21719264999999],[22.607331,65.20829912],[22.586145709999993,65.20937597999999],[22.583585049999996,65.20048196],[22.604763349999995,65.19940553999999],[22.59707183,65.1727244],[22.61822732,65.17164631],[22.610532040000002,65.14496591],[22.63166476,65.14388617],[22.62653019,65.12609979],[22.605411349999997,65.12717865999998],[22.602853849999995,65.11828493],[22.62396576,65.11720651],[22.61628384,65.09052627000001],[22.595192700000002,65.09160338],[22.592642759999997,65.0827094],[22.613726990000004,65.08163272],[22.613429655627257,65.08059772820853],[22.5890680589074,65.08077551930198],[22.549770981471916,65.08240506859651],[22.55046866999999,65.08485388999999],[22.529378799999996,65.08592169],[22.53443905,65.10371218],[22.55554276,65.10264352],[22.560624359999995,65.12043289],[22.539506790000004,65.12150242],[22.542043479999997,65.13039744999999],[22.436392809999997,65.13570277999999],[22.443909829999996,65.16239393999999],[22.46506458,65.16133752],[22.467580939999998,65.17023402999999],[22.488740780000004,65.16917421],[22.49126598999999,65.17807021999997],[22.51243093,65.177007],[22.51496497999999,65.18590251999998],[22.536135010000002,65.18483589],[22.54122273,65.20262587],[22.520038739999997,65.20369336],[22.53530535,65.25706439],[22.51407745,65.25813150999998],[22.516621499999996,65.26702689],[22.53785642,65.26595933999998],[22.54296426,65.28374906],[22.500464409999996,65.28588290999998],[22.50300710999999,65.29477854],[22.52426503,65.29371267000002],[22.52681667,65.30260781],[22.505551709999995,65.30367411],[22.508098209999996,65.31256961],[22.4868243,65.31363336],[22.50210086,65.36700768],[22.45946251,65.36913138],[22.457576021674527,65.36251524736467],[22.45659311314398,65.36243066658167],[22.456694549803604,65.36278652518567],[22.454238013517088,65.36326937272254],[22.455314162574275,65.36249416442381],[22.45217785376022,65.36210849078475],[22.451447447476664,65.36106205715896],[22.45001653858769,65.36059171472552],[22.44885998723483,65.35956641530449],[22.450088147626655,65.35932504154975],[22.450615758833234,65.35965975577454],[22.45146831060187,65.35961745254883],[22.451814077047743,65.35779583197493],[22.453316315077544,65.35699948548542],[22.45534606790535,65.35653782262858],[22.45604640956497,65.35596170474302],[22.454565016721066,65.35531347364211],[22.454362273766016,65.35460175216342],[22.450547452686234,65.35334753974917],[22.447138032701364,65.35351669472213],[22.4455851725258,65.35413504552008],[22.446091448312075,65.35591438423529],[22.445542773857166,65.35702425998409],[22.444740919527675,65.35724446317117],[22.44512473272264,65.36011254381792],[22.44628116511071,65.36113787316746],[22.446635697368723,65.3623834073874],[22.445833691388557,65.36260361795674],[22.445609937554533,65.36333649002756],[22.44611642941064,65.3651158264592],[22.444989254508677,65.3657130389194],[22.444136492570536,65.36575530759477],[22.44423777622439,65.36611117616073],[22.445567586473945,65.36622570404025],[22.444288419187224,65.36628911040657],[22.441332889702366,65.36805956076256],[22.440357348295713,65.36919054718388],[22.440885043213456,65.36952529466828],[22.438803417764632,65.36980883897958],[22.43941084549346,65.37194407370146],[22.438232613622095,65.3723633039187],[22.43795796310153,65.37291823093241],[22.439042574923768,65.37521028549057],[22.438189493401076,65.37525252374698],[22.436360442632864,65.3764257220753],[22.431668211203476,65.37665789197293],[22.427677378377464,65.37631391901039],[22.424915808054315,65.3757286606996],[22.418020206343517,65.37548528257369],[22.41934096999999,65.38014030999999],[22.44067198,65.37908553],[22.443205359999997,65.38798226999998],[22.44831683189009,65.38772875680955],[22.450269610154535,65.38728517736048],[22.449914499053296,65.38603965760214],[22.452170262936423,65.38484513593204],[22.452018046405325,65.38431134404163],[22.45058583361852,65.38384102039078],[22.45048438131659,65.38348515782046],[22.451815101659147,65.38359962117346],[22.452486225834914,65.38140097765354],[22.455168088863285,65.38018525658296],[22.45602129740762,65.38014292081903],[22.45629563024744,65.37958796412475],[22.457148817207454,65.3795456221933],[22.457697412936216,65.37843570491584],[22.458550559767236,65.37839335545348],[22.458723286868818,65.3774825387128],[22.460652946703714,65.37666493321038],[22.46125212000844,65.37573293237764],[22.463009013251224,65.37582611672377],[22.463811267481432,65.37560581207507],[22.463658879353087,65.37507203372718],[22.466492016402356,65.37438990078053],[22.467395833335477,65.37452542766981],[22.46729419703027,65.37416957832949],[22.468248834368534,65.37448302475333],[22.469528330216605,65.37441941137519],[22.47027964763245,65.37402114953817],[22.47374240587264,65.37402936669363],[22.47449364720141,65.37363108460987],[22.476352192478966,65.37407995756074],[22.478809301150946,65.37359674317008],[22.479063780514274,65.3744863429438],[22.480018565904977,65.37479971320612],[22.48082064091367,65.37457931977104],[22.48170537487402,65.37615935099713],[22.4809062175386,65.37708744079934],[22.483328309999997,65.37696696999998],[22.48842537,65.39475865],[22.46708395,65.3958203],[22.472174429999995,65.4136126],[22.492155987208818,65.41261845445852],[22.49190454370012,65.41174260575313],[22.489564898615765,65.41113731029449],[22.48790763895803,65.41140029192977],[22.488506557443912,65.4104681852579],[22.489736693224742,65.41022646759575],[22.489124100696298,65.40809148950487],[22.490525872362657,65.40693892484315],[22.49137988110161,65.40689638049881],[22.491533056341083,65.40743012268123],[22.492053056458282,65.40740421382561],[22.490976759999995,65.40365439999998],[22.50089644335044,65.40315873753279],[22.501032318272188,65.4028059705083],[22.502261976510496,65.402564155529],[22.502159736432684,65.40220833597193],[22.50344048338959,65.40214442148441],[22.50234900872084,65.39985290247168],[22.50347627309531,65.39925525967205],[22.50593518930687,65.39877158391735],[22.50610635774027,65.39786072906008],[22.51175758934338,65.39793936480409],[22.512935735875555,65.39751956021273],[22.515069876330553,65.39741288187157],[22.51619674300933,65.39681514800824],[22.518057640781596,65.39726348173441],[22.518211290166406,65.39779719185624],[22.520072291734895,65.39824549962658],[22.52135279264597,65.39818143541805],[22.52145527377376,65.39853723944594],[22.52268453535674,65.3982952618997],[22.522582038718824,65.39793945886854],[22.52476742799204,65.39801054466635],[22.524664904482552,65.39765474333034],[22.526320909051883,65.39739137051033],[22.52616709775961,65.39685767033642],[22.52787431657046,65.3967721810964],[22.527806476426317,65.39803885159333],[22.52662855235733,65.39845877017642],[22.52673110626582,65.39881456986306],[22.523367637222986,65.3991634072455],[22.522240839553877,65.39976119403916],[22.521387123444573,65.39980391025716],[22.521489612697373,65.40015971418],[22.524904504178334,65.39998881767893],[22.525007041958055,65.4003446187078],[22.525912044242254,65.40047978199632],[22.532844436290727,65.40049350606401],[22.5328955982129,65.40155981753834],[22.533668050000003,65.40152122],[22.533893650477683,65.40230278095567],[22.536875486962494,65.40245710128605],[22.53568140932697,65.40432165738446],[22.534547150348338,65.40456673885456],[22.53623557,65.41041603],[22.5108167870926,65.41168624566657],[22.510626739371105,65.41207198395863],[22.50507477880376,65.41234915395727],[22.504271777145764,65.41256968616797],[22.50437409467997,65.41292550350636],[22.50218749548635,65.4128541343104],[22.501658123313547,65.4125196191165],[22.499522688738004,65.41262612076488],[22.496259266600887,65.41333019684987],[22.49593436953263,65.4137073086786],[22.49508014811291,65.41374988101869],[22.495233446987726,65.41428361817927],[22.49409241288209,65.41450784593589],[22.49608527,65.42144571],[22.47472253,65.42250866],[22.47982445,65.44030059],[22.50120144,65.43923677],[22.50632529,65.45702757],[22.48493403999999,65.45809225999999],[22.49161785688089,65.48132144743273],[22.49247608289311,65.48010798942161],[22.49424011377881,65.48020073623246],[22.49521716494337,65.47906938525868],[22.497306774049587,65.4787849789299],[22.4983502397786,65.4808985920209],[22.49576289058577,65.48247098533307],[22.49634493077519,65.48298341728653],[22.49240394442418,65.48405344551215],[22.4926128,65.48477930999998],[22.47119818,65.48584229000001],[22.475555157397693,65.50099908890617],[22.479382954417947,65.49952577089816],[22.479178183341944,65.49881410348402],[22.480412529584488,65.49857241897134],[22.483808106803842,65.49677981643607],[22.485144765725547,65.49689392461326],[22.48524722184765,65.49724975359355],[22.483910544193897,65.49713564651253],[22.483635712845658,65.4976906586798],[22.48582940479582,65.49776222463167],[22.48336087046027,65.49824567045987],[22.48238263049848,65.49937695683882],[22.48291358858743,65.49971152362649],[22.481730424746498,65.50013114470579],[22.481832849718522,65.50048697631911],[22.478833042481707,65.50063578079454],[22.477272398626937,65.50125453834244],[22.475619449208626,65.50122274350903],[22.47631265,65.50363421],[22.49774159,65.50257036],[22.495176229999995,65.49367486999999],[22.506485420184358,65.49311181436939],[22.506551349613574,65.49276181660787],[22.504786431020637,65.49266922262916],[22.50468373071472,65.49231340939991],[22.503826959627833,65.4923560574097],[22.503295892889557,65.4920215652258],[22.505009412153182,65.49193627060423],[22.504375648309033,65.49124596910703],[22.503518911586244,65.49128861501984],[22.505181031851663,65.49102541191309],[22.504016253927777,65.49000062095162],[22.50778604953409,65.48800827776103],[22.507906195429015,65.48691951166215],[22.505987634169884,65.48629321088104],[22.505782264449508,65.48558158568508],[22.504925716018736,65.48562423765621],[22.50482304723324,65.48526842420803],[22.503966507167192,65.48531107065476],[22.504497440646897,65.48564556183217],[22.50369221455308,65.48586611377533],[22.502356052224876,65.48575216461599],[22.503161286576564,65.48553161971141],[22.50232247498986,65.48412967730044],[22.504035481153068,65.48404439894915],[22.506296925944735,65.48284900846643],[22.50619425166903,65.48249319600923],[22.510270984186914,65.48156823906972],[22.50991146981749,65.48032290620276],[22.51119601624791,65.48025888683746],[22.511298747947958,65.48061469530529],[22.51215511982169,65.48057200899876],[22.512991286130823,65.48012984999828],[22.51145684,65.47481812999999],[22.554262139999995,65.47267795],[22.55493204459575,65.47498473723056],[22.55645339143769,65.47456713571827],[22.558593597441103,65.47445977821461],[22.561316894458884,65.47486456093105],[22.563885139579124,65.47473564558629],[22.564416605214383,65.47506992055195],[22.568645258328374,65.47467706887309],[22.570032856717443,65.4749683150687],[22.569383775878137,65.47572284847477],[22.569811824703205,65.4757013426677],[22.570395142933926,65.47621347582677],[22.57226267312684,65.4766610714363],[22.570653942109793,65.47710287560133],[22.570860995436256,65.47781439496087],[22.571820700559424,65.4781271319134],[22.573104955426963,65.47806258901117],[22.57488281853364,65.47670984694217],[22.576595051894184,65.47662375368749],[22.578852483628577,65.47542731883259],[22.579708552017177,65.47538425262397],[22.578735326099512,65.4765161099971],[22.57755477892691,65.47693645397007],[22.57765839705523,65.47729220801013],[22.579098052291883,65.47776124534481],[22.579954196543405,65.47771817696182],[22.58010967944361,65.47825180495416],[22.578228352370697,65.47924885339981],[22.578435632184622,65.47996036004595],[22.5796681276067,65.47971788406973],[22.579771787778153,65.48007363623215],[22.578642924445887,65.48067186628232],[22.579278361178297,65.48136183860949],[22.578607584641027,65.48171728763593],[22.580844049999996,65.48939101999999],[22.572767797635752,65.48979663443973],[22.56965772419687,65.49159137567909],[22.570293208738654,65.4922813853566],[22.56772327874635,65.49241042700561],[22.567605621888465,65.49349921475391],[22.566748936433207,65.4935422186875],[22.565619203744966,65.49414036035174],[22.56587805484221,65.4950297678609],[22.564164573664534,65.49511575241004],[22.562658083308378,65.49591324883828],[22.561103632260856,65.49621866403524],[22.56460563,65.5082548],[22.543175319999996,65.50932815],[22.543055058604967,65.50891380854239],[22.542554253211737,65.50901208671715],[22.54296745281781,65.51043521160565],[22.53883585040492,65.5111831919992],[22.538526104101607,65.51011583840103],[22.536863136132173,65.51037941699758],[22.53799422370326,65.50978147651607],[22.537787759361194,65.50906990603647],[22.538541772341404,65.50867127584223],[22.538438536460774,65.5083154910509],[22.537152691753217,65.50837975538896],[22.536946263701566,65.50766818339387],[22.536192253959808,65.50806680559461],[22.53566044641394,65.5077324347578],[22.532711756118754,65.50806020713911],[22.53115199083236,65.50867951194428],[22.530878063692274,65.50923460069936],[22.528837981164923,65.50969738856324],[22.528203132141655,65.50900719809141],[22.525631306918996,65.50913554307215],[22.52456792706573,65.5084667228245],[22.523333548640185,65.50870876828922],[22.522682321162442,65.50946312281344],[22.521490434479478,65.50952256325077],[22.524319459999994,65.51929341],[22.481434809999993,65.52142587999998],[22.48399878,65.53032163],[22.46254638,65.53138377000002],[22.45743472,65.51359135],[22.41455288,65.51570484],[22.41709339,65.52460194],[22.39564242,65.52565458],[22.3931091,65.51675704],[22.38648983278188,65.51708087518425],[22.387318853333962,65.51813703847836],[22.386032080611507,65.51820002647439],[22.386612825360487,65.51871289362877],[22.384417556663948,65.51863990325278],[22.384140394703227,65.51919475723841],[22.38285356061584,65.51925771880119],[22.382400312869144,65.52072333266113],[22.380204882640957,65.52065028274622],[22.37901908684743,65.52106912559061],[22.377303163529287,65.52115301524455],[22.378086034226364,65.52237774627562],[22.3763700213021,65.52246162623648],[22.376521664812827,65.5229955000606],[22.377379690043202,65.52295356146641],[22.377960377744287,65.52346646241011],[22.374477659158817,65.5234562428633],[22.37478088959187,65.52452399471578],[22.373392703039364,65.52423096130697],[22.37354429808279,65.52476483859729],[22.372686205897686,65.52480675610032],[22.37167655012982,65.52431478941166],[22.370389427467227,65.52437764779134],[22.370490449817687,65.52473356841668],[22.369682859306913,65.52495342926335],[22.37026344397898,65.52546636077925],[22.369405322381198,65.52550825996246],[22.368345201430405,65.52483830991302],[22.36630090193345,65.5252989451375],[22.36655333493444,65.52618875462113],[22.365215625512768,65.52607360810795],[22.36531658525701,65.52642953280996],[22.364079812248825,65.52667030111901],[22.36566996828764,65.5276752684961],[22.367386365368237,65.52759150611139],[22.36705825791079,65.52796837175242],[22.364054509460495,65.52811493716241],[22.363953559052888,65.52775901152646],[22.362615778716023,65.5276438427278],[22.36238852990267,65.52837662568079],[22.3598138232717,65.52850217799515],[22.359157356553705,65.52925587821291],[22.35925824855757,65.52961180762834],[22.36011652469311,65.5295699644743],[22.35988919162921,65.5303027445069],[22.35731428051576,65.53042825631293],[22.35655683157519,65.53082601542833],[22.357566467068644,65.53131808322694],[22.357818672597798,65.53220790953016],[22.35600107345125,65.53193563491516],[22.354915220935684,65.53271022968976],[22.355546129624216,65.53340118501679],[22.354316900530222,65.53333556943157],[22.35525561,65.53664913],[22.419635810000003,65.53349899],[22.420148572511945,65.5352920112722],[22.420913533745797,65.53525441355266],[22.42124094018682,65.5348774382382],[22.422833787822718,65.53588177738203],[22.42492877002335,65.53559831859249],[22.42465231655634,65.5361532396182],[22.42621628685597,65.53553499215963],[22.4263690417163,65.53606880471484],[22.424906865783825,65.53704293017903],[22.425008690838172,65.53739880622973],[22.425867095224163,65.53735658877207],[22.42579432538094,65.53862326228891],[22.426652768511797,65.5385810399858],[22.425466941513665,65.53900024722977],[22.42572155204522,65.53988993580582],[22.424586568497293,65.5404870746024],[22.422869545682,65.5405714922609],[22.42181322537988,65.54111294773604],[22.422180139999995,65.54239597],[22.418680322461967,65.54256773780526],[22.414188430219536,65.54370457953053],[22.409115448666324,65.54575793439928],[22.407347205878015,65.5456642356417],[22.407573307111225,65.54493139679373],[22.406714617786555,65.54497351331152],[22.40570352706125,65.54448178818463],[22.406460595584242,65.54408378691117],[22.406308191440583,65.54354995077436],[22.405980464902928,65.5439268969631],[22.400875827683713,65.54401360022119],[22.405794789999995,65.56124411999998],[22.389273195774678,65.56205150655809],[22.388672334386868,65.56263748660788],[22.387813024990628,65.56267950205405],[22.38667618953749,65.56327637485064],[22.38692976210486,65.5641661388804],[22.385085574173875,65.56533886622297],[22.385389827438196,65.5664065865363],[22.38311567500349,65.56760029198307],[22.38225619115589,65.56764227762876],[22.382408272609837,65.56817614115033],[22.381650148307475,65.56857403256497],[22.38256036093901,65.56871000445048],[22.382005002066695,65.56981971532454],[22.379022834630117,65.5715892093647],[22.37912419586512,65.5719451208198],[22.380034515278517,65.57208110682498],[22.3794789842489,65.57319081013819],[22.37720397923759,65.57438443526166],[22.377735192951246,65.57471936867047],[22.37596506506927,65.57462532201035],[22.37520665771971,65.5750231839726],[22.37540931120787,65.57573501260036],[22.37771075732824,65.57616399821175],[22.376548617539683,65.57820543310989],[22.375410859460573,65.57880223046391],[22.372780590521852,65.57875009502693],[22.37293255600158,65.57928396919725],[22.372022016677548,65.57914794269138],[22.37212331773444,65.5795038594205],[22.368076918723148,65.58060324775408],[22.36784944746118,65.58133604103179],[22.36698948065878,65.58137794482128],[22.365851363986554,65.58197467392591],[22.365952593972313,65.58233059548022],[22.363473773200358,65.58281218460381],[22.36127312226146,65.58273891169982],[22.361374293255903,65.58309483689419],[22.35874360322025,65.58304246193414],[22.357276311060804,65.58401598404369],[22.351786810956042,65.58464382170338],[22.350167620651984,65.58508337895896],[22.349459024865183,65.58565908593357],[22.345309717406344,65.58640195018776],[22.345031076252805,65.58695674697644],[22.344170879571827,65.58699852352234],[22.341133724254043,65.58858934640715],[22.33374417091714,65.59021078187905],[22.33384500053179,65.59056672877773],[22.33212432228064,65.59065015280245],[22.331415176656012,65.59122578078669],[22.32369473571234,65.59322354117838],[22.32255510151954,65.59381995986215],[22.320834164592537,65.59390325825554],[22.318074075930927,65.59493888212855],[22.314682302545272,65.59528334051748],[22.31316238042671,65.59607847718563],[22.311491533726333,65.59633965298724],[22.310832049787766,65.59709317286325],[22.309541151977406,65.59715555058186],[22.30921137641234,65.59753230696418],[22.307234129802914,65.59791533615083],[22.30814835766647,65.60115229949983],[22.313179032467335,65.6007683997331],[22.31376029498459,65.60128154118503],[22.31462102261775,65.60123993204556],[22.31492289035564,65.60230781671135],[22.313883279539006,65.60326013746821],[22.314285773244876,65.60468398546824],[22.315196933359676,65.60482035280185],[22.31486714957797,65.6051971215542],[22.31620876000879,65.60531267486016],[22.316410083579267,65.6060245951508],[22.317701401626,65.60596215482613],[22.319496248738464,65.60767949232435],[22.321268471599158,65.60777417818927],[22.321369212595368,65.60813013422906],[22.325293814421634,65.60812062756854],[22.32980379607711,65.60555682614769],[22.331475035089223,65.60529544468069],[22.332184546028355,65.60471981285474],[22.33438700698525,65.60479349039235],[22.3342593153468,65.60588218989176],[22.335170615978974,65.60601843582212],[22.33349937038133,65.60627985808235],[22.333802083673596,65.60734769680207],[22.332991640071494,65.60756738982442],[22.3328134320655,65.60847811537892],[22.33162291779875,65.60889663299554],[22.33177425086016,65.60943055453075],[22.33087008061707,65.6100002311968],[22.369956546799624,65.60810296862913],[22.369400222920678,65.60670076279871],[22.370539308361437,65.60610399749767],[22.369272975442303,65.60472225423996],[22.36745014094258,65.60445016911777],[22.366311053526918,65.60504691123444],[22.365146319379903,65.60402105110511],[22.367778325373997,65.6010060688305],[22.36896788520048,65.60058727684692],[22.369802620644116,65.59892276480602],[22.370612475346018,65.59870288089209],[22.37063725489894,65.5972582491627],[22.37144705113976,65.59703836136687],[22.372054068215228,65.59610663767192],[22.374432567432684,65.59526898340158],[22.37921552805387,65.59521615110751],[22.380404638132518,65.59479727383517],[22.380709114812426,65.59586500128782],[22.382202776344993,65.59651383601096],[22.38190068026446,65.5985133209948],[22.38349607777853,65.5995180487767],[22.38483766301323,65.59963299508496],[22.38501684072186,65.60178943193458],[22.383095135875795,65.60422883567075],[22.38350143565915,65.60565246163702],[22.382894628832982,65.60658422906347],[22.382084639842457,65.60680417990841],[22.383148581319332,65.60747399560336],[22.38071849735356,65.60813384038134],[22.3808200535692,65.60848974874988],[22.379681107534992,65.60908658989331],[22.380314644662402,65.60977741571004],[22.379023319211306,65.60984038927283],[22.37826396121563,65.61023827592011],[22.378517798298585,65.6111280513468],[22.37727716156555,65.61136896585201],[22.377530978192873,65.61225874313025],[22.37859503582049,65.61292858962041],[22.377784813976522,65.61314851979336],[22.377632510207462,65.61261465386931],[22.376820045536057,65.61249347480741],[22.378028869999998,65.61673139999999],[22.38156987798675,65.6165585354269],[22.38085152723899,65.61624674794618],[22.381028082417032,65.61533598248896],[22.379153597283988,65.61488609258485],[22.378645810303006,65.61310654455846],[22.379886515872315,65.61286561817846],[22.380544350546263,65.61211181460126],[22.3814053071775,65.6120698240928],[22.38234115518146,65.61076115536864],[22.385581505405597,65.6098813166546],[22.38545595256713,65.6109700378263],[22.38398815867064,65.61194382342467],[22.384140588177868,65.61247768172329],[22.38505236708041,65.61261362312075],[22.383153967401665,65.61360840811898],[22.383255582732193,65.6139643142693],[22.38464873638882,65.61425720778331],[22.38442149457821,65.61499002360213],[22.38361126054861,65.61520998501909],[22.383814521890088,65.61592179633392],[22.384777245169754,65.61623569089721],[22.384295029888573,65.61642549923441],[22.421080829999998,65.61462656],[22.41852835,65.60572964],[22.44004421,65.60467311000001],[22.43748643,65.59577656000002],[22.458993120000002,65.59471742],[22.46170572450658,65.60412183729822],[22.46275938102666,65.60356810485095],[22.46367122789275,65.60370357283448],[22.46478845354744,65.60455071652994],[22.462309465219043,65.60503392372945],[22.462133836863554,65.60560607403298],[22.46412508,65.61250958],[22.485644299999993,65.61144653999999],[22.48822043,65.62034209],[22.445165569999993,65.62246601],[22.44260392,65.61356959],[22.439066794561228,65.61374329347264],[22.436897474074353,65.6153075282446],[22.437532683145896,65.61599809816843],[22.436774065461808,65.61639627028688],[22.436978793374767,65.61710799557724],[22.43541027988598,65.6177263996255],[22.43475392151886,65.61848042627994],[22.43255009738232,65.61840822019911],[22.432652411525464,65.61876408622363],[22.431842485782703,65.61898430217165],[22.43440455308725,65.62030204435759],[22.433799275516353,65.62123400003458],[22.432989283916193,65.62145422275985],[22.43309161852638,65.62181008828509],[22.431420415871685,65.62207258907071],[22.430056071012185,65.62340267581938],[22.429194834074046,65.6234449452809],[22.428917645071852,65.62399988143316],[22.4262099855852,65.62521539455432],[22.426896306073075,65.62608394462768],[22.422107838405214,65.62613833598652],[22.41886677321741,65.62701896209585],[22.418180693164008,65.6261503733262],[22.420151659796314,65.62388848128938],[22.41923523355004,65.62373855585592],[22.381771228937705,65.62558432934483],[22.381062288367996,65.6261601873857],[22.38169630562592,65.62685100267525],[22.380883232314343,65.62672982902221],[22.38311063,65.63452679],[22.37049416535874,65.63513912444327],[22.368194545272658,65.63616920035341],[22.368017438278194,65.63707995624883],[22.36725713370979,65.6374777970725],[22.357295259542664,65.6377816060617],[22.3546083461572,65.63755125091123],[22.355292634650723,65.63842014434947],[22.353366224554154,65.63779198437683],[22.35250436088057,65.63783382461268],[22.352605670476386,65.63818975424685],[22.349639718484926,65.63851412516742],[22.34740837351083,65.63988533716869],[22.346546428808484,65.63992714436851],[22.345455949799952,65.64070171663617],[22.343782596812794,65.64096327287733],[22.343503403034894,65.64151807219339],[22.34172879803197,65.64142366952854],[22.340105936977437,65.64186315525188],[22.341018543158555,65.64199935322827],[22.340739279977175,65.6425541481374],[22.34198175073478,65.64231351459077],[22.342082937167795,65.64266945244458],[22.340561174792313,65.64346488167712],[22.341143980457527,65.64397790289962],[22.337669079461676,65.64558960900818],[22.335513691368668,65.64569398471563],[22.335412580784034,65.64533804174712],[22.336554112201803,65.6447415079152],[22.336149649033402,65.64331773860523],[22.33298075398336,65.6429299059035],[22.33183921618018,65.64352641293354],[22.330115021655235,65.64360984860633],[22.32897338752884,65.64420633502675],[22.328010261342076,65.64389209034219],[22.32719864102713,65.64411176389245],[22.32195232464606,65.64256125344288],[22.321851414640907,65.64220529948949],[22.32040697355216,65.64173385998012],[22.319638788854046,65.64177097895686],[22.320996789999995,65.64656274999999],[22.385654379999995,65.64342438999999],[22.38820006,65.65232193],[22.345082389999998,65.65441806999999],[22.347615449999996,65.66331640999998],[22.369182519999995,65.66226942999998],[22.370303877001508,65.66619415304007],[22.370591601581133,65.66600375105058],[22.371175529512183,65.66651664590465],[22.372951948528826,65.66661068652293],[22.373053674122318,65.66696659838715],[22.37137893413902,65.66722847239947],[22.37050838913479,65.66690994067987],[22.371005772070102,65.6686507692147],[22.372166344359265,65.66845318890418],[22.37116405095363,65.6692047415715],[22.37201554633509,65.67098653515052],[22.367619662704186,65.67136657874629],[22.367853377679914,65.67173014310958],[22.36914781673925,65.67166723408205],[22.369452917808132,65.67273497783906],[22.3703159082717,65.67269303032415],[22.369072271381473,65.67293390714937],[22.369173973607744,65.67328982183467],[22.370036983079675,65.67324787571808],[22.37018955965963,65.67378174652406],[22.368996722188218,65.67420058021303],[22.36952995563494,65.67453552245779],[22.368717754148623,65.67475542360243],[22.368819460114796,65.67511133848697],[22.36719499505266,65.67555112944622],[22.367296683875885,65.67590704551678],[22.36648442029827,65.67612693533093],[22.365545589374,65.6774355352683],[22.364682431761377,65.67747745732316],[22.364784095192785,65.67783337532123],[22.36348933552779,65.6778962503045],[22.363387689573866,65.67754033126971],[22.361762978541098,65.67798006656173],[22.361687070476172,65.67924673947454],[22.362601113604562,65.67938279362684],[22.36328685651744,65.68025163669061],[22.362474423215634,65.68047150672673],[22.362246077198243,65.68120430001741],[22.361382787668926,65.68124620461938],[22.361154405028334,65.68197899662597],[22.359250129168867,65.68297353985426],[22.35719332334053,65.68343417508565],[22.356050619756804,65.68403087545339],[22.35615219561342,65.68438680007134],[22.354907863708462,65.68462756774105],[22.355745865160028,65.68603033388285],[22.354191598458453,65.68637833691459],[22.35493855395344,65.68899629605208],[22.357244411755328,65.68974659891332],[22.35848896455859,65.68950580996592],[22.359022391139238,65.68984078718242],[22.360317760672466,65.68977794430536],[22.36184154864951,65.68898229736058],[22.36621011780504,65.68895065819665],[22.36539744103164,65.68917054622985],[22.366566216483836,65.69019636457797],[22.36575350427932,65.6904162548597],[22.365956985934265,65.69112808782107],[22.364763293328448,65.69154689661363],[22.364484068056203,65.69210173471889],[22.363188594513296,65.69216461410754],[22.36382385918325,65.69285549175535],[22.363163612884218,65.69360924628845],[22.36186806010031,65.6936721151981],[22.361969761405046,65.69402803469494],[22.361156890004622,65.69424790195477],[22.361461982011864,65.6953156617817],[22.362274883798726,65.69509579259527],[22.362529173636496,65.69598559016924],[22.363545552759007,65.69647755149926],[22.362453300940363,65.69725226306218],[22.362479155586172,65.69887485481128],[22.36118333742152,65.69893772047257],[22.361285054214132,65.69929364027172],[22.360421159913376,65.69933554530732],[22.358947579976167,65.7003091449989],[22.359633796935512,65.70117799987834],[22.35871899050798,65.70104193532529],[22.35887153097653,65.70157581780552],[22.357092741717434,65.70148163565732],[22.357194414321373,65.70183755861952],[22.35485655110295,65.7028530042467],[22.352696481430478,65.70295766958417],[22.35168004272781,65.70246563633368],[22.350434805635057,65.70270637618769],[22.34990121341637,65.702371370466],[22.34774115981463,65.70247596527169],[22.34705530291192,65.70160705324976],[22.345327301500518,65.70169069881179],[22.345657788354856,65.70131385711416],[22.34479379625125,65.70135567432676],[22.343726827701875,65.70068561933401],[22.342532331834455,65.70110426136628],[22.341516157866895,65.70061215762269],[22.340753623865425,65.7010098873341],[22.33945763547256,65.70107256952538],[22.338745765453837,65.70164825822049],[22.337831045138703,65.70151206719694],[22.337678938875687,65.70097815942387],[22.33681494246819,65.70101993135188],[22.337685043713538,65.70527656993647],[22.340141453869595,65.70500876779064],[22.341107044854297,65.70532291142644],[22.340979382636334,65.706411615926],[22.341843550866372,65.70636981867281],[22.342910714630495,65.70703988496926],[22.340673294329587,65.70841105691956],[22.339376935217572,65.70847374202077],[22.33991052363383,65.70880878469126],[22.338628637244465,65.70858833063691],[22.33870413,65.70885329],[22.337782213725465,65.7088977263413],[22.338689282740635,65.71067204185468],[22.337774240248873,65.71053585361983],[22.337011363146704,65.71093356788356],[22.335714867037986,65.71099622310567],[22.335384117937124,65.71137304572476],[22.333604721653867,65.71127859476634],[22.333756816754548,65.71181250670242],[22.33246026714195,65.71187513470741],[22.332612342856073,65.71240904797416],[22.330782203019464,65.71213659343296],[22.330069846197354,65.71271224621152],[22.326129359614235,65.7127220310124],[22.32579844871832,65.71309883435227],[22.324400534912165,65.71280544678343],[22.32429926138926,65.7124494980865],[22.323434856124763,65.71249119796147],[22.321375062143115,65.71295137739868],[22.32147629781622,65.71330732840711],[22.320129028134595,65.71319187681769],[22.320280858789538,65.71372580476883],[22.31974741597531,65.71339069185785],[22.318018521864197,65.71347403578183],[22.317025375733827,65.71460439470204],[22.314151357858012,65.71528411634985],[22.310766499527563,65.7172512706675],[22.311502151061884,65.7182983329285],[22.312366773432913,65.71825669875288],[22.31228843417448,65.71952337004194],[22.313967173309603,65.7192621087881],[22.31587582363879,65.71826809083113],[22.316105757837462,65.71753535207488],[22.316970345797593,65.717493692075],[22.317071542274594,65.71784964638562],[22.32047928820708,65.7175049790402],[22.321826785543163,65.71762042532434],[22.321928049417846,65.71797637575287],[22.320732405951603,65.71839485763164],[22.320934913958748,65.71910676006587],[22.319306877759367,65.719546073573],[22.31955997921724,65.72043595426446],[22.3171177436857,65.72109489767472],[22.31698902809784,65.72218359209451],[22.31574251022892,65.72242406025553],[22.316276095274926,65.72275918582098],[22.314546561677545,65.72284249646849],[22.315282537923444,65.72388953729345],[22.31474894137116,65.72355440835732],[22.313884146566046,65.72359605773067],[22.31378296688764,65.72324010114718],[22.311671570538184,65.72352218065669],[22.31225570709312,65.72403529968634],[22.311390891382523,65.72407693509464],[22.311289743745366,65.72372097654565],[22.309661250761025,65.7241601912583],[22.311160775148505,65.72480966846076],[22.31136308018781,65.72552158556486],[22.31054878538454,65.72574119595562],[22.311565397496143,65.7262335022796],[22.31245312676181,65.72781449398121],[22.314212198421753,65.72807643706845],[22.322158659999996,65.72769393999998],[22.322922976004342,65.73037717379665],[22.323693534297835,65.73034002486241],[22.32471057855672,65.73083223920072],[22.325575594321048,65.73079052617877],[22.32494035267421,65.73009948868531],[22.32580534348492,65.73005777459858],[22.325906720730377,65.73041372126599],[22.326721025313606,65.73019402862792],[22.327254917300486,65.73052911272254],[22.32806921357561,65.7303094129531],[22.327917104956352,65.72977549549958],[22.327001432204064,65.72963924857703],[22.327281827683088,65.72908446811869],[22.32738322065687,65.72944041365216],[22.328782079151647,65.72973376465899],[22.328984915596802,65.73044565316961],[22.33173207806548,65.73085434022407],[22.332468994402994,65.73190128879034],[22.33381729515634,65.73201662112112],[22.333486266066206,65.73239344229553],[22.33412179468349,65.73308444134274],[22.333307465546053,65.73330417380248],[22.333510460281055,65.73401605474267],[22.33490963643824,65.73430934636667],[22.335977820467914,65.73497945136265],[22.334298304165632,65.73524096290541],[22.334450583246433,65.73577487232237],[22.333636173351728,65.7359946073186],[22.334221038834908,65.73650763495039],[22.333075512431545,65.73710418983747],[22.33327853668514,65.73781607079202],[22.3323625494687,65.7376798591608],[22.331216928730946,65.73827640097316],[22.331521409578254,65.7393442265513],[22.334931768283692,65.73899921036148],[22.33483022626509,65.73864327131076],[22.336713087401506,65.73909362717639],[22.33686544366384,65.73962753342485],[22.335567508243077,65.73969020131582],[22.335006859559435,65.7407997908131],[22.337984701895095,65.74047559025358],[22.3378831108627,65.74011965371434],[22.340911650602113,65.73997336514205],[22.34162448088111,65.73939765707962],[22.344500396133157,65.73871739823636],[22.34429705436932,65.73800553532637],[22.34483133879206,65.73834055396172],[22.34612917941406,65.73827780802552],[22.34697578998867,65.73783674958624],[22.34632177,65.73554832],[22.36794913,65.73450093],[22.36540068,65.72560308],[22.38701879,65.72455306999998],[22.38446496,65.71565559],[22.362854150000004,65.71670517],[22.360309559999997,65.70780719999999],[22.394441629137916,65.70614217409506],[22.395978156606954,65.70572626546002],[22.3978507041088,65.70597587306845],[22.398570261499952,65.70559992555745],[22.402407210347956,65.7052323902162],[22.40273689929009,65.70485543242293],[22.405277702961214,65.7045510365522],[22.40517535664943,65.70419515241637],[22.407994469383265,65.7033358074079],[22.408653628163407,65.70258186903212],[22.410710980606655,65.70212053223709],[22.410454962894278,65.7012308323973],[22.413427236660333,65.70090521104807],[22.414166517525363,65.70195174036992],[22.4150303939978,65.7019095302114],[22.415359857472048,65.70153254727161],[22.418383354406043,65.7013847672178],[22.41871276226304,65.70100777756032],[22.420389162187682,65.70074536549932],[22.42234358946423,65.69992800306575],[22.424503065925816,65.69982235445809],[22.42531555086307,65.69960215243603],[22.425212952772274,65.69924628426892],[22.42742367153729,65.69931852883688],[22.42775292169202,65.69894152114979],[22.428338753991973,65.69945417734354],[22.429202519321297,65.69941188777526],[22.42897593588356,65.70014476362354],[22.427885525663957,65.70091992673184],[22.427021707449306,65.70096220933883],[22.427124338579777,65.70131807596078],[22.42626050558867,65.70136035438918],[22.426085135595002,65.70227116050863],[22.424079356867082,65.70291063706551],[22.42385260262911,65.70364350695432],[22.4219723213522,65.70479917565183],[22.446711960000002,65.70359233],[22.44414011,65.69469604],[22.48731507,65.69257119],[22.4847306,65.68367571],[22.527883180000003,65.68153957000001],[22.5304822,65.69043417],[22.55206281,65.68936109],[22.549456519999996,65.68046692999998],[22.571027890000003,65.67939125000001],[22.57364145,65.68828496999998],[22.59521812,65.6872058],[22.600465749999998,65.70499214999998],[22.51408899,65.7092941],[22.511493320000003,65.70039918],[22.4683077,65.702531],[22.470888789999997,65.71142679],[22.44928575,65.71248857],[22.45186148999999,65.72138473999999],[22.495080209999998,65.71925725999999],[22.49767251,65.72815248999999],[22.54037186513275,65.72603803133725],[22.540271564128787,65.72569592478132],[22.54238044006592,65.72541070036317],[22.5431405026659,65.72501198595712],[22.542551805938572,65.72449980123702],[22.54341618093487,65.72445685689114],[22.54284234396015,65.72250011716221],[22.544086633172558,65.72225781229263],[22.54393012487682,65.72172415698282],[22.542425068045258,65.72107703177586],[22.543185006196854,65.72067831839126],[22.543631946169494,65.7192122899658],[22.54530816404862,65.71894850305817],[22.54558373831985,65.71839337111324],[22.546827804685623,65.71815104604873],[22.546998980089715,65.71724014383713],[22.547863103712228,65.71719717673396],[22.548190791491646,65.71681992439672],[22.550559860791957,65.71742401124608],[22.55228810291483,65.7173380317318],[22.551699410719774,65.71682588237478],[22.553859655768367,65.71671838930779],[22.554828210205393,65.71703114513238],[22.555640073984797,65.71681025336107],[22.555796787982445,65.71734389455844],[22.558598140059264,65.71792634610824],[22.556110237343724,65.71841117625964],[22.557026632013574,65.71854603703594],[22.556751303732074,65.71910118724841],[22.554747584066224,65.71974236553874],[22.554904301033897,65.72027600763252],[22.553660213120345,65.72051839895367],[22.55376467912825,65.72087416123438],[22.552625004689844,65.72147230682486],[22.552781690491038,65.72200595141902],[22.551157576347524,65.72244770397947],[22.55098652431087,65.72335860965906],[22.550174416428522,65.72357947903238],[22.551024355475167,65.72498104404285],[22.550212197662557,65.72520191411628],[22.549675572555472,65.72486764089943],[22.548863406284624,65.72508850385839],[22.547842411141954,65.72459782896782],[22.54708243443067,65.72499656600255],[22.545353659861533,65.72508249167926],[22.542261231931622,65.7264994851299],[22.54105856084762,65.72655922210464],[22.546117709999997,65.74380044],[22.567742090000003,65.7427247],[22.565337384740083,65.73455605720771],[22.562335434383975,65.7336226748675],[22.561693836071846,65.73293269266568],[22.560292286104715,65.73264151052474],[22.558681585753423,65.7316388000274],[22.558524707969195,65.73110516340084],[22.561013773587398,65.73062028214365],[22.561132197959306,65.72953149051578],[22.563188818312454,65.72906809935967],[22.56308418284598,65.72871234522918],[22.564433219780724,65.72882562699257],[22.56519303246576,65.72842680494614],[22.56529769554792,65.72878255735091],[22.568375688920984,65.72880965010393],[22.57178116266393,65.72845937952873],[22.571885916519758,65.72881512649575],[22.573614834288662,65.72872889797299],[22.574151847976605,65.72906308287779],[22.5750163121895,65.72901995814742],[22.574741274540553,65.72957513802197],[22.577059713954664,65.73000092227784],[22.57726938508686,65.73071240724607],[22.57510808847503,65.7308202432176],[22.575645166355542,65.73115442221611],[22.5735886155964,65.73161798100229],[22.574178092495753,65.73213003783208],[22.571531989749065,65.73208151274919],[22.56963240308354,65.73307864043444],[22.568715426017423,65.73294386138724],[22.56844021514441,65.73349903160954],[22.56742447289573,65.7337161582727],[22.60835211,65.73167119],[22.61098488,65.74056407],[22.589364479999997,65.74164591],[22.59462139,65.75943237],[22.616256419999996,65.75834964],[22.61889518,65.76724233],[22.64053552,65.76615608999998],[22.6401574965187,65.76488572949641],[22.629626611492498,65.76057883753],[22.604195119519396,65.74896748549598],[22.636865963714,65.73790735481191],[22.6519919525198,65.7256029751429],[22.692209173667,65.73394201467839],[22.7107938778677,65.7308010551863],[22.7169667140691,65.7103161878469],[22.7354728450427,65.7111853927368],[22.7390399327984,65.7110226303001],[22.745418013632495,65.709109227441],[22.747244315396795,65.7065474501637],[22.747715649125997,65.69814462065249],[22.8019485963681,65.6980889054477],[22.834625625970205,65.691171722962],[22.890627097322117,65.61793915330536],[22.816255859999995,65.62180342999999],[22.81732671094085,65.6253412142434],[22.817621104491078,65.62499667922545],[22.819826989357836,65.62506323436784],[22.821441226396693,65.62606311675711],[22.824938486508973,65.62606283720524],[22.825046207627516,65.62641837652258],[22.82230239004168,65.62746303193016],[22.82246392933398,65.62799634413891],[22.821656851358465,65.62821862182062],[22.820795922075543,65.62826312396764],[22.820580580953948,65.62755203814937],[22.818035713117116,65.62768355399588],[22.81894636,65.63069207],[22.81579581688823,65.6308546338653],[22.81563017323509,65.63141888302202],[22.81654503337483,65.63155218214192],[22.816975587642297,65.6329743663502],[22.816383585011888,65.63390770974857],[22.817083276806326,65.6347743352668],[22.815468595623237,65.63521883458249],[22.813800189174952,65.6340411180707],[22.81159354835869,65.63397448312652],[22.810140501026282,65.63350782482661],[22.807560500097516,65.63127956533964],[22.797427979999995,65.63180239],[22.792063449999997,65.61402413],[22.813567379999995,65.61291471999999],[22.81088094,65.60402595],[22.85386832,65.60179896],[22.856569180000005,65.61068682],[22.897816285150355,65.60853792355736],[22.919393385831437,65.58032176261607],[22.89142316,65.58178577],[22.88600693,65.56401141],[22.907464739999998,65.56288916999999],[22.910179020000005,65.57177592000001],[22.926587488950872,65.57091410519043],[22.933780439046686,65.56150795556235],[22.92892051,65.5617639]],[[22.500554280448892,65.40264935941362],[22.500981205612177,65.40262806024516],[22.501032318272188,65.4028059705083],[22.500554280448892,65.40264935941362]],[[22.54669041406567,65.47234936283895],[22.549531691673007,65.47166558348182],[22.549634903705833,65.47202136088023],[22.548505673570588,65.47261936934348],[22.546417154730893,65.47290447281947],[22.54669041406567,65.47234936283895]],[[22.371121562536935,65.52542445675803],[22.371222599757843,65.52578037674552],[22.37079353510803,65.52580132970473],[22.37026344397898,65.52546636077925],[22.371121562536935,65.52542445675803]],[[22.381049786802418,65.61082414661067],[22.38034121461636,65.61139999766311],[22.37948027808878,65.61144198193269],[22.380948216451298,65.61046823853698],[22.381809117886938,65.61042624628078],[22.38234115518146,65.61076115536864],[22.381049786802418,65.61082414661067]],[[22.48307012,65.60255093],[22.504580170000004,65.60148529],[22.50716157999999,65.61038045999997],[22.485644299999993,65.61144653999999],[22.48307012,65.60255093]],[[22.50974494,65.61927556999999],[22.51128110985344,65.62455892194647],[22.512928557503233,65.62454540795207],[22.51303200123974,65.62490120819659],[22.512170878226122,65.62494394754067],[22.51158833940248,65.6256155771284],[22.514917509999997,65.6370656],[22.49337851,65.638133],[22.492057471481626,65.63357656090118],[22.49032732587845,65.63396670511429],[22.490224149587355,65.63361088672616],[22.489311111552198,65.63347559035795],[22.48946585742815,65.63400931903028],[22.488173648910013,65.63407323079306],[22.48660538532541,65.6346921615961],[22.486053255721018,65.63580222037335],[22.484915617448415,65.63639983814285],[22.48507029400611,65.6369335719912],[22.48382947869654,65.63717535966354],[22.48360488826506,65.6379082968616],[22.482312468403784,65.63797216082395],[22.481984743214884,65.63834927137255],[22.48031301058124,65.63861231601082],[22.476435595632783,65.63880379233025],[22.47567693996002,65.63920215935127],[22.472127282889904,65.63901642835373],[22.47185087117195,65.63957143510282],[22.47098918033236,65.63961394634443],[22.47066126945283,65.6399910342868],[22.46969663824163,65.63967770409234],[22.47055833374625,65.63963520014234],[22.470834773901846,65.6390801954641],[22.46830118556421,65.63938561490832],[22.46911141769997,65.63916520126462],[22.468905599751203,65.63845353027293],[22.468095387710736,65.6386739426178],[22.468198285083062,65.63902977881331],[22.467613109244148,65.63851726976421],[22.46842332071571,65.63829685999956],[22.468320423759916,65.63794102395279],[22.470095161550184,65.6380339452477],[22.46945851779362,65.63734352606019],[22.470320136333484,65.63730102422849],[22.470165760221235,65.63676727236754],[22.46925270773198,65.63663185546253],[22.46914980736415,65.63627602001284],[22.46990848224574,65.63587768542979],[22.46813389319104,65.63578476047257],[22.46803101219302,65.63542892407199],[22.466738669589674,65.6354926546439],[22.466050756261772,65.63462430079935],[22.469085323278666,65.633031003006],[22.46898244239344,65.63267516725062],[22.470981739220946,65.63203516295107],[22.470518704225174,65.63043390799972],[22.474568250352842,65.62933175346207],[22.47441384404991,65.62879800623033],[22.475602879958632,65.62837838328356],[22.476206796145906,65.62744627455578],[22.47772340043144,65.62664953849271],[22.47858464810091,65.62660699344048],[22.478481667806562,65.62625116512366],[22.481116864530357,65.62630141604109],[22.4816505020459,65.6266359603966],[22.481875068871673,65.62590302634204],[22.480531738247368,65.6257889563239],[22.481135421105456,65.62485683031363],[22.481996602633885,65.62481426655336],[22.481893584190754,65.62445844093496],[22.48313381652614,65.62421667491618],[22.483409840843578,65.62366165150648],[22.484701545833016,65.62359778533953],[22.48432250138177,65.62379698714781],[22.484959183597617,65.62448734357001],[22.48420106771633,65.6248857477972],[22.48483777517366,65.62557610447831],[22.486129571082166,65.625512225244],[22.48597495470573,65.6249784918865],[22.48678458767823,65.6247579898907],[22.489462316340923,65.62462552261866],[22.48822043,65.62034209],[22.50974494,65.61927556999999]],[[22.46315138,65.68473922],[22.460795296360615,65.67692899952621],[22.457774943533675,65.6770775917273],[22.457672007279005,65.6767217488389],[22.45680905396096,65.67676419209667],[22.455823348943067,65.67789538146346],[22.45496035291585,65.67793781464505],[22.454631752764943,65.67831487479512],[22.4529057249718,65.67839972307638],[22.45300860383001,65.67875556976033],[22.45247421607785,65.67842093210274],[22.451179684727066,65.6784845518764],[22.450110981414348,65.67781526110687],[22.448816473322307,65.67787886051954],[22.448056272636542,65.67827710476963],[22.446278828406488,65.67818395254638],[22.446556156257763,65.67762898331132],[22.446884867065872,65.67725193953326],[22.44861084217377,65.6771671601577],[22.448939517277708,65.67679011228813],[22.451199781503586,65.67703995456834],[22.453480059894396,65.67584516643775],[22.456017384878564,65.67553995732627],[22.456777382591817,65.67514167526193],[22.459076903903323,65.67250221355367],[22.45823381220588,65.6711000688917],[22.459175947353568,65.67100106723186],[22.45800287,65.66694719],[22.479567539999998,65.66588455999998],[22.4847306,65.68367571],[22.46315138,65.68473922]],[[22.59259728,65.67831252999999],[22.610188958163743,65.67743018141151],[22.61117191773931,65.67631192129384],[22.61241333483196,65.67606908673413],[22.61230828153368,65.6757133708362],[22.613686651083615,65.67561135906396],[22.611438569213163,65.66799572727898],[22.608756859815593,65.66813040593891],[22.60709600800005,65.66695032526145],[22.605161521107682,65.66632544693127],[22.604468119219327,65.66545777769058],[22.602586240304387,65.66501072640023],[22.601945388594885,65.66432090671628],[22.602597914187477,65.66356619744984],[22.600506549449737,65.6624076687565],[22.597110147982225,65.66275849089557],[22.596574269876267,65.66242437572954],[22.598898850227652,65.66140535419804],[22.598689260410723,65.66069389850945],[22.597420644521446,65.66002132937757],[22.58736154,65.66052578999998],[22.58474664,65.65163233],[22.606292280000005,65.65055190000001],[22.608408148226097,65.65772786569686],[22.60991935135755,65.65724233932612],[22.613798323385826,65.65704743730232],[22.61617424356131,65.65620602082403],[22.619622033847698,65.65603263931654],[22.622102754028507,65.65554684343509],[22.623017222538216,65.65568132604957],[22.624204986429266,65.65526055232621],[22.626086503699405,65.65570733936704],[22.626191648282653,65.65606304475999],[22.627053575696703,65.65601965006088],[22.629902330249784,65.6567786926789],[22.63162621447873,65.65669185596035],[22.632162414669427,65.65702584412445],[22.634695613835845,65.65671769404992],[22.63680274602533,65.65804134477861],[22.65201427,65.65727405999999],[22.654652909999996,65.66616611999999],[22.63765037959463,65.66702381186096],[22.636614269906794,65.66763162985805],[22.637256124883212,65.66832129301595],[22.63817112240024,65.66845567900653],[22.641893383738594,65.66772650336326],[22.641998803788905,65.668082195036],[22.643450407120337,65.66855049666628],[22.642305644101338,65.67059377858443],[22.63998200985022,65.67161345481105],[22.64014013034894,65.67214699439545],[22.63846794997952,65.67241178504106],[22.63814211599104,65.67278921270737],[22.63904766748197,65.67436810243028],[22.638764904431152,65.67636788932572],[22.639838346755607,65.6770358028669],[22.63913388647698,65.67761281742315],[22.63960834936088,65.67921343738159],[22.63869296073973,65.6790790639986],[22.637557076425722,65.67967780691801],[22.63710170585548,65.68077239959116],[22.63836549,65.68503834],[22.627973833682574,65.68575583520267],[22.62606947379135,65.68819812811375],[22.62455403443325,65.68899633369077],[22.62239645543891,65.68910480370639],[22.622406952712925,65.68766028496051],[22.62138611171286,65.6871701023275],[22.616103054446867,65.68707455581479],[22.613992722925246,65.68626267876559],[22.59521812,65.6872058],[22.59259728,65.67831252999999]],[[22.56259963069066,65.72855599710205],[22.56303186630199,65.7285344681253],[22.56308418284598,65.72871234522918],[22.56259963069066,65.72855599710205]],[[22.78938421,65.6051349],[22.78670699,65.5962456],[22.743721899999997,65.59845351999999],[22.74106111,65.58956325],[22.80551412,65.58624818999999],[22.81088094,65.60402595],[22.78938421,65.6051349]],[[22.77826778866707,65.56817916660725],[22.77225881134651,65.56865829082061],[22.770863520884014,65.56836900447583],[22.764044286332695,65.56890022044963],[22.763508146908997,65.56856670481947],[22.76264906960394,65.56861085763529],[22.762059667316752,65.56809953907248],[22.76281214652344,65.56769979491868],[22.76227604836496,65.56736627450027],[22.763028503623485,65.56696652952438],[22.762492418437777,65.56663300973985],[22.762762063211923,65.56607754231352],[22.760241683010406,65.56494331303362],[22.760940832446614,65.56436578024937],[22.76072776114212,65.56365458675641],[22.758743652185217,65.56285385664512],[22.75863715236111,65.56249825802227],[22.762289011739078,65.56158845271251],[22.76169978413784,65.56107713097066],[22.764222984033466,65.56076688488282],[22.764385973168494,65.55985582147446],[22.76572744063833,65.55996737664353],[22.76927206494015,65.55870181687958],[22.76873607791091,65.5583683182138],[22.76879228689076,65.55710166145136],[22.769650972391275,65.55705747787655],[22.771531056247063,65.55605802794389],[22.774053645194044,65.55574762438836],[22.774440527722437,65.55542775031535],[22.773351109999993,65.55179809999998],[22.768517727753334,65.55204662442247],[22.768425035957318,65.55296819027338],[22.766654645577873,65.55287873975064],[22.766761207320794,65.55323433204221],[22.7638094759519,65.55356668898847],[22.763916002288788,65.55392228365602],[22.76171626212036,65.55385485156025],[22.76182276133271,65.55421044798557],[22.760588090703102,65.55445445240977],[22.760801067473032,65.55516564700602],[22.759566341918966,65.55540964367084],[22.759726059454376,65.55594304088709],[22.75886739037288,65.55598716798086],[22.75876092270792,65.55563156913918],[22.75784903502854,65.55549789084766],[22.756614264708425,65.55574186389616],[22.756078500722612,65.55540831809834],[22.75495013145377,65.55600787899301],[22.754091450485713,65.55605197911434],[22.75301998680486,65.55538486708969],[22.75130265482107,65.55547304024616],[22.750660610589147,65.5547838691595],[22.749801961176956,65.5548279446144],[22.7499083026999,65.55518355106703],[22.749372635269765,65.55484998052754],[22.748084652744254,65.55491608100962],[22.74872663281875,65.55560526369365],[22.743145152943537,65.55589159844332],[22.74233957356399,65.55611343818533],[22.742445819634696,65.55646905087877],[22.74110462113268,65.55635728658994],[22.73745271332139,65.55726658124358],[22.73600532920557,65.55679915493731],[22.7351465835544,65.55684314824633],[22.735310577515303,65.55593210581631],[22.734451859006438,65.55597609490077],[22.73386330644507,65.55546465785697],[22.733004600384803,65.55550863860033],[22.732203886202537,65.55428595297182],[22.732850342514762,65.55353073564169],[22.7370420418335,65.55151070437127],[22.737635215277507,65.55057766006924],[22.73951610036555,65.54957859967678],[22.740750750358966,65.54933476740372],[22.74102070502074,65.54877933561647],[22.743649212822092,65.54882505588428],[22.745259890411827,65.5483813632256],[22.74408275078892,65.54735857136998],[22.744941165972055,65.54731453080913],[22.745047404255267,65.54767014172108],[22.74719345693339,65.54756001735178],[22.74875085091815,65.54693848456289],[22.750115907666636,65.54694899761121],[22.749237550000004,65.54401115],[22.78286891260581,65.54227957642208],[22.784215462038695,65.5416833947823],[22.784484414259015,65.54112789611811],[22.7857182237284,65.54088370582188],[22.78561146452082,65.54052812901747],[22.784753355686153,65.540572397093],[22.784968913198163,65.53983910900244],[22.784433131754174,65.53950566385724],[22.78362841704311,65.53972771422333],[22.78379063824925,65.53881663824],[22.785131087821753,65.53892803206912],[22.784544049031187,65.53697235506908],[22.78534867183201,65.53675030080463],[22.785564187419666,65.53601701234253],[22.78669099807659,65.53541723975266],[22.787548933439425,65.5353729625097],[22.786799722183513,65.53432837379306],[22.78797981122442,65.53390638065342],[22.787177258124515,65.53268400585463],[22.78631941038498,65.53272828006791],[22.78578376391529,65.53239483832087],[22.78610798561419,65.53057268406153],[22.78830176074917,65.52904593910971],[22.78679374,65.52402393],[22.799546945817173,65.52336462176346],[22.800482188942134,65.52188609700582],[22.801768381561427,65.5218195694657],[22.801608057295823,65.52128622332395],[22.80235860755773,65.52088630318259],[22.806163528965836,65.520508861662],[22.806752652332914,65.52102001104953],[22.80750311457418,65.5206200662976],[22.808414005982204,65.52075345580032],[22.808574465292203,65.52128679329383],[22.80702003528206,65.52190891024081],[22.807082860763177,65.52297503416762],[22.808223809999998,65.52291604999999],[22.80894138677357,65.52529830179596],[22.80921560729706,65.52486457021178],[22.811627674438586,65.52419801998457],[22.812324629575777,65.52362027342694],[22.812485190031378,65.52415360572344],[22.811681190470836,65.52437579772685],[22.810018924669293,65.52608681981688],[22.809191801796615,65.52612964369605],[22.811307397801464,65.5331531184903],[22.81344665632438,65.53313130168134],[22.813767971616713,65.53419796181917],[22.812248420602955,65.53627717899708],[22.816256259999992,65.54958262999999],[22.800115360062712,65.55041726037189],[22.802228285490944,65.55086383734805],[22.808612733623793,65.55035316312885],[22.811992134848484,65.55144215931021],[22.81242084547923,65.55286437411398],[22.810596170794472,65.55404209010828],[22.811077890853465,65.5570865142388],[22.810433646297934,65.55784204206334],[22.807696298965695,65.55888636450109],[22.807105486455377,65.55981965827928],[22.805924566199472,65.5602418095153],[22.80474271684258,65.56210838333256],[22.801790515818592,65.56244148601938],[22.800662926830714,65.56304137947336],[22.79907981276001,65.56489649725567],[22.80015537,65.56847017],[22.795003994838897,65.56873583321604],[22.79400037941574,65.56988501870941],[22.78927551882653,65.57012874976847],[22.78873903460446,65.56979532710623],[22.785421644107835,65.5692300076904],[22.778687430000005,65.5695773],[22.77826778866707,65.56817916660725]],[[22.811735336149123,65.52310914752972],[22.812485778579827,65.52270917824117],[22.81307507702651,65.52322030115742],[22.812324629575777,65.52362027342694],[22.811735336149123,65.52310914752972]],[[22.80015537,65.56847017],[22.864547079999994,65.56513062999998],[22.867246999999995,65.57401830999999],[22.84577794,65.57513496],[22.84847269999999,65.58402302999998],[22.826994419999988,65.58513711999998],[22.824306849999996,65.5762486],[22.80283374,65.57735921],[22.80015537,65.56847017]],[[22.829651870000003,65.52180515],[22.85107792,65.52069123],[22.8537677,65.52957925],[22.8323345,65.53069362],[22.829651870000003,65.52180515]],[[22.803005119999998,65.36069536999999],[22.82430125,65.35958662999998],[22.826962069999997,65.36847541],[22.80565888,65.36958459999998],[22.803005119999998,65.36069536999999]],[[22.78126576,65.65068859],[22.802800619999996,65.64958038],[22.805489979999997,65.65846928],[22.794855323816307,65.65901659051868],[22.792787162009883,65.66003997760691],[22.79143907969779,65.66137315490333],[22.78831288062844,65.66261720343762],[22.7884202827191,65.66297277220458],[22.79186885409114,65.66279541893866],[22.793485648627286,65.66235114875089],[22.79370059518684,65.66306227741572],[22.791867588664076,65.66423985611904],[22.791005402689237,65.66428420221752],[22.79051925266689,65.66557302794575],[22.789764455085688,65.66597293436074],[22.790410470119593,65.6666618990541],[22.787067258465925,65.66863923419115],[22.781893157160788,65.6689050839936],[22.78135464037043,65.66857165584935],[22.78006111174524,65.66863808620438],[22.78038686061025,65.66681592511692],[22.781950441030467,65.66619398548931],[22.782220573785718,65.66563847767709],[22.783460271863756,65.66539424415478],[22.78362301759587,65.66448316141499],[22.782546145256827,65.66381631385927],[22.7795284622684,65.66397131887646],[22.778396065179486,65.66457109720119],[22.777746326619,65.66677096787124],[22.776289868042475,65.66774844447067],[22.775427533391976,65.66779270365616],[22.773917313730845,65.66859236915428],[22.77095260956119,65.66892500070264],[22.769551856327517,65.66863575858076],[22.76939110002895,65.66810238178981],[22.77019986776525,65.66788036469251],[22.770470269639638,65.66732487500424],[22.77014874613503,65.66625812332938],[22.769286448410583,65.66630234726354],[22.76864100032427,65.66561328690186],[22.76772515426014,65.66547970902812],[22.767243090575644,65.6638795703024],[22.768375722025265,65.66327987274323],[22.767891059286733,65.66312418674974],[22.768107905841266,65.66239090817189],[22.765574920200628,65.66270132083376],[22.764873351430502,65.66327890078425],[22.76401114189895,65.66332309385417],[22.76411821443042,65.66367868318765],[22.762393762457155,65.66376705619584],[22.76206969421102,65.66414473745402],[22.760939868285643,65.66329993532824],[22.76013115894146,65.66352190249789],[22.758894426480246,65.6623214913102],[22.760190746598834,65.66081078879142],[22.76148394621293,65.66074453107304],[22.763425164293796,65.65992289736275],[22.761917960895218,65.65927798864787],[22.761757431353807,65.65874460150457],[22.76456052505667,65.6578787764689],[22.76671558776367,65.65776828158093],[22.768549316783655,65.65659099921116],[22.76941129333185,65.65654678278092],[22.76930418372871,65.65619119759373],[22.77210674495032,65.65532523875905],[22.77356269309906,65.6543478076992],[22.77485552951528,65.65428143985058],[22.775125706503697,65.65372594428855],[22.77744328497684,65.65270422584173],[22.78179169005149,65.65243167990768],[22.78126576,65.65068859]],[[22.70316617889717,65.47416047311879],[22.70306534720041,65.47381994418564],[22.703921432909286,65.4737761606496],[22.70381611566339,65.47342051162029],[22.705422917829104,65.47297728381777],[22.705692936891563,65.47242191492698],[22.70622629822397,65.47275566372087],[22.707833017638254,65.47231241113663],[22.708372929803293,65.47120166558209],[22.710137600537042,65.4712918574673],[22.709814992064846,65.47166941114757],[22.710453788381265,65.47235878860701],[22.713397135019,65.47202756027313],[22.715214607715616,65.47229551248567],[22.7145167773164,65.47287281960234],[22.71505025918518,65.4732065359567],[22.71804639022282,65.47305303625727],[22.718368894413228,65.4726754660771],[22.720561701302266,65.47274360057963],[22.72216816716988,65.47230019809501],[22.722865811592683,65.47172285756912],[22.724149775972403,65.47165701375421],[22.724472175030947,65.47127943164642],[22.726184090439414,65.47119161963964],[22.726342507097783,65.4717250650826],[22.728376785891538,65.47125964179347],[22.727732093204086,65.47201482089176],[22.728693716707493,65.4723265268903],[22.728852192814056,65.47285996908161],[22.728162804358842,65.47328220142946],[22.729216635298073,65.47554914179561],[22.729967043591483,65.47514958298451],[22.72959718499605,65.47390488783398],[22.73200672944069,65.47323963509147],[22.731473033659345,65.47290598091423],[22.732651325407428,65.47248443874517],[22.73329588522485,65.47172924003296],[22.73319017883773,65.47137361562352],[22.732281384678465,65.47123975107195],[22.732925926745228,65.47048455413658],[22.734584896425268,65.47021883551203],[22.735282209802783,65.46964144110731],[22.737316161651005,65.46917590080314],[22.73796050937661,65.46842068443456],[22.73924426587373,65.46835471442478],[22.739455816838092,65.46906595321126],[22.737849851694936,65.4695095343685],[22.738061376051583,65.47022077539863],[22.737041904935484,65.47117578974029],[22.740619574073964,65.47297775895393],[22.740667749387786,65.47460003693101],[22.73997043086329,65.47517745629969],[22.740879400043482,65.4753112727252],[22.740715936834523,65.47622231479576],[22.739268280987844,65.47719934242683],[22.736752784429815,65.47750909173794],[22.736166051560005,65.47699764507297],[22.735309925789206,65.4770416118713],[22.735151287449266,65.47650817814096],[22.73702710036777,65.47550920255755],[22.735314946529076,65.47559714003701],[22.734670356932238,65.47635234771592],[22.733439060637508,65.47659609511479],[22.7331695974667,65.47715150777442],[22.73231346058035,65.47719545769853],[22.732952989795212,65.47788473226055],[22.73600241644967,65.47790868386224],[22.737392437993385,65.47819834619054],[22.736694954706905,65.47877575218547],[22.736959436044284,65.47966480474781],[22.739580967037693,65.47971066857616],[22.739792638104916,65.48042190572157],[22.73802726649589,65.48033206786053],[22.737918040664802,65.48140665931196],[22.74436791716083,65.48107522131207],[22.74546397305226,65.48049147690627],[22.74471814589277,65.47944664518323],[22.745468420521924,65.4790470107213],[22.745309560407307,65.47851358999043],[22.74611275652885,65.47829175959409],[22.745578776083686,65.47795815826711],[22.743385486954686,65.47789039221766],[22.74322667778283,65.47735696876714],[22.744029857277898,65.47713514962892],[22.74392397863809,65.47677953453007],[22.743120808973067,65.47700135300073],[22.742962011715335,65.4764679291521],[22.743606361781897,65.47571268859643],[22.745265544713202,65.47544685033469],[22.74537143506754,65.47580246436387],[22.746655531066665,65.4757364277438],[22.746496671038678,65.47520300828198],[22.745693571799436,65.47542483969352],[22.7454817892065,65.47471361203729],[22.748107147839132,65.4733148682611],[22.749444080885002,65.47342661508556],[22.749602987953768,65.47396003093903],[22.751742971808344,65.47384990571169],[22.75200790416267,65.47473892709519],[22.75355692277448,65.47556185280729],[22.751946715164287,65.47745004817638],[22.752961825218158,65.47793939857162],[22.75601125186062,65.4779629460582],[22.756117300548954,65.47831855088923],[22.755314191946766,65.47854043358254],[22.75637859367403,65.48065202262265],[22.75573450346559,65.48140731498458],[22.755620692656237,65.48394063097795],[22.75427925088453,65.48527340600073],[22.75350202325553,65.48542734052124],[22.75473706,65.48956879],[22.74359050518979,65.49014161843506],[22.74318564172991,65.49035717505461],[22.74398472141772,65.49157981877636],[22.741732712404538,65.49277870148245],[22.741944569799927,65.49348993376205],[22.74114087646681,65.49371174724507],[22.740871423491182,65.49426717364882],[22.738782660176263,65.49455497224982],[22.738248426157885,65.49422134759895],[22.73696339682442,65.49428732252221],[22.73680459834619,65.49375389210498],[22.73589499978182,65.49362005772298],[22.733859140789228,65.49408559901829],[22.732521201311826,65.49397372470736],[22.736756555427203,65.49213161114777],[22.735688255291105,65.49146434388622],[22.735831252956036,65.49054037126855],[22.7333316,65.49066883],[22.732701082299567,65.48854870576668],[22.73163233037451,65.4880619699687],[22.729543950290605,65.48834963678291],[22.727942034292155,65.48734865099594],[22.724997172154705,65.48768017884464],[22.724727428059666,65.48823557944826],[22.72387091124916,65.48827948548912],[22.72451609025102,65.48752431764393],[22.72151834754579,65.48767796264863],[22.72071465003097,65.48789966747613],[22.72082026749351,65.48825530161386],[22.71910721356456,65.48834306473633],[22.718790439279402,65.48727615769369],[22.717933941851044,65.48732002986286],[22.718309400879217,65.48712027626871],[22.717670013651396,65.48643093813793],[22.719547200002783,65.4854321652678],[22.719336030404225,65.48472089447726],[22.71789306706052,65.48425324924335],[22.715376619845507,65.4845626523918],[22.714309179476572,65.48389522501637],[22.71259638468239,65.48398291157572],[22.71188564258129,65.48274028279639],[22.692836626277934,65.48371499936253],[22.692793112189907,65.48463426248524],[22.69413042067999,65.48474649521704],[22.693807423774725,65.48512401879049],[22.692950946273374,65.48516774907189],[22.693484417806506,65.4855015417692],[22.69177143361638,65.48558899411613],[22.6911253424352,65.48634403150523],[22.69026881957128,65.48638774705013],[22.688910326690188,65.48743522778663],[22.690514719999996,65.49285987999998],[22.711924149999998,65.49176585999999],[22.712652717903843,65.49421872287154],[22.713943352075,65.49438417106443],[22.714530066201462,65.49489570435786],[22.71335048187062,65.49531711870522],[22.713255089703967,65.49624672247947],[22.719213498873142,65.51505497802208],[22.72140988184607,65.5151230628415],[22.721192691199565,65.51585627685604],[22.722103003144117,65.515990192339],[22.72220877669668,65.51634582398215],[22.72515689683407,65.51601431629281],[22.725051084766577,65.51565868711629],[22.725585608981973,65.51599235547965],[22.726871740651383,65.5159264657949],[22.726173061586135,65.51650383594509],[22.72831664937899,65.5163940050279],[22.729724654382938,65.51793235672442],[22.74127561,65.51734029],[22.743927599999996,65.52623064],[22.724662031963415,65.52721681018592],[22.72414423065468,65.52870289860714],[22.7233393108427,65.52892463027622],[22.723551021374004,65.52963589015461],[22.721994020388603,65.53025715931396],[22.72113611949093,65.53030106432816],[22.720601346368777,65.5299673827749],[22.718885554780424,65.5300551720295],[22.719526115593393,65.53074449307798],[22.71899135331409,65.53041080571714],[22.71813344127118,65.53045469381405],[22.717434195390563,65.53103202956981],[22.715718320967113,65.53111978375455],[22.714590023058165,65.53171904273671],[22.70810238586991,65.53187008108463],[22.70531718744808,65.53129025777879],[22.703337268895524,65.53048875852859],[22.70017612574084,65.53010856208248],[22.697767495001784,65.52932887868215],[22.697127542075986,65.52863945920383],[22.695735218852523,65.52834945005498],[22.69605868599736,65.52797191729945],[22.695049709851432,65.52603770156263],[22.692265419685086,65.52545762850461],[22.691144125173007,65.52461222094111],[22.688518103239375,65.52456556289201],[22.687396968923945,65.52372012588674],[22.687720504598815,65.5233426102747],[22.686870323085117,65.52194182216279],[22.687622687633574,65.52154245332375],[22.68741203486107,65.52083113232219],[22.68826969297372,65.52078742114419],[22.688164359870093,65.52043176120257],[22.691978327800086,65.51861268150816],[22.69519777834376,65.5177263993753],[22.69509236581196,65.51737074509857],[22.696055318767627,65.51768264525752],[22.697692807950375,65.5170925509827],[22.69578014,65.51064272],[22.67435443,65.51173461],[22.67424397469514,65.5113603940676],[22.671175094855574,65.51154918883631],[22.671070039430905,65.51119351414702],[22.66844538696831,65.51114649330277],[22.669197737668593,65.51074721634411],[22.66866403567396,65.51041334019392],[22.666039463738823,65.51036627673655],[22.66764917332322,65.50992342065695],[22.66749167520289,65.50938990404666],[22.666048219910607,65.50892176857795],[22.666380640054477,65.50709978923084],[22.665042283257154,65.50698732165051],[22.664884859728218,65.5064538015643],[22.666389387118315,65.50565528118855],[22.66847989180123,65.50536846557627],[22.669984246189838,65.5045699112163],[22.67126998443627,65.50450449870033],[22.67057886975105,65.5036371156339],[22.671671654488023,65.50264552785114],[22.669370792808895,65.49485034680772],[22.667797199419212,65.49421167792698],[22.66727260421051,65.49243328522205],[22.667762161636567,65.49114482359957],[22.668274214519275,65.49113520548764],[22.666480709999995,65.48505892],[22.68788497,65.48396837],[22.685257199999995,65.47507677999998],[22.70316617889717,65.47416047311879]],[[22.74569802278196,65.47398037355141],[22.74612602544594,65.47395836194153],[22.74617897243312,65.47413616864127],[22.74569802278196,65.47398037355141]],[[22.68000756,65.45729342],[22.701388449999996,65.4562012],[22.704019409999994,65.46509245999998],[22.68263139,65.46618514],[22.68000756,65.45729342]],[[22.627221079419304,65.64738661086143],[22.62545534488719,65.64617266177707],[22.623196272349077,65.64592540026828],[22.62298616736314,65.64521398344581],[22.62131552387041,65.6454785696544],[22.620180658200667,65.64607717219965],[22.613287679950645,65.64642385597375],[22.61269949081185,65.64591193796322],[22.610923802247733,65.64582069408226],[22.61102869085752,65.64617641253372],[22.60897946551576,65.64664037542083],[22.60801296192413,65.64632794389084],[22.60828650316439,65.64577271927467],[22.609474068244708,65.64535206283593],[22.611249720463857,65.64544332404431],[22.612879173305902,65.64355646477254],[22.61439240264559,65.64275839820377],[22.614287484597853,65.64240268238326],[22.613373531441002,65.64226814198695],[22.613163731200075,65.64155670850458],[22.614781753772164,65.64111435592248],[22.614193662290738,65.64060244272977],[22.615485818730985,65.64053745846233],[22.61441456381918,65.63986935095723],[22.616137387969918,65.63978270083363],[22.615223519146507,65.63964817072467],[22.615391927628625,65.63873722026965],[22.616253301775934,65.6386938924901],[22.616148378030275,65.63833817802345],[22.617335477976464,65.63791746481634],[22.616421669756846,65.63778294130906],[22.617230543190942,65.6375617512118],[22.616694950443584,65.63722770421658],[22.614110967024235,65.63735767899794],[22.615088255964487,65.63622555104399],[22.61455271905745,65.63589149592445],[22.616391178979637,65.63471603863657],[22.61811365341966,65.63462936962743],[22.621012252861036,65.6355664619883],[22.62385928450114,65.63600411339722],[22.62258308,65.63168309],[22.66563548,65.62950884],[22.668275389999998,65.63840064999998],[22.653584925740077,65.63914367948112],[22.651979545311942,65.6397805164411],[22.649755282489192,65.64260050146046],[22.64808509730792,65.64286537761984],[22.649377609999995,65.64838192999999],[22.627835939999997,65.64946843],[22.627221079419304,65.64738661086143]],[[22.611965185877793,65.64342191624182],[22.61229106066322,65.6430445444138],[22.612879173305902,65.64355646477254],[22.611965185877793,65.64342191624182]],[[22.61137709431097,65.64290999212852],[22.61180785502087,65.6428883394971],[22.611860297847755,65.64306619843795],[22.61137709431097,65.64290999212852]],[[22.575646004546066,65.62062660416431],[22.57417711329062,65.62040975962132],[22.574190498082235,65.61896521609404],[22.573655849707563,65.61863100775652],[22.57203848046066,65.61907291516523],[22.571191223466013,65.61767144132155],[22.568830949126124,65.6170675877379],[22.56861853738305,65.61634214852485],[22.552788109999998,65.61713344],[22.54759443,65.59934491],[22.560403654593497,65.59870473439014],[22.561490020912245,65.59794270839734],[22.565308572717033,65.59757124930609],[22.565582580226465,65.59701609719956],[22.568454549044482,65.59606709838168],[22.568051172231062,65.59468732487181],[22.567590540171658,65.59493032580217],[22.567966660481733,65.59439824758944],[22.563898330000004,65.58048229],[22.5594414882409,65.58070499977075],[22.55794779495556,65.58133521493896],[22.55848144787647,65.58166948864984],[22.557621844838877,65.5817124706002],[22.557777619745785,65.58224611887574],[22.55643626626422,65.58213270104191],[22.555850717506335,65.58162053644777],[22.554991110847865,65.58166350350776],[22.554353701306912,65.5809734487833],[22.55321999436396,65.58157153848992],[22.551930577776965,65.58163596492714],[22.55079678592273,65.58223403736169],[22.550900544345456,65.58258980850101],[22.54746193157273,65.58276153700803],[22.5468615360698,65.58369389323947],[22.54481598057479,65.58415695254527],[22.54509030385258,65.58360183435106],[22.542081363053885,65.5837519872365],[22.541925898949955,65.58321831968723],[22.54111802667543,65.58343909811059],[22.541703331288797,65.58395132211045],[22.540843619555258,65.58399420995916],[22.54025833069012,65.58348198247874],[22.541770441875276,65.58268465190852],[22.541133353747153,65.58199453831685],[22.539895683757244,65.58223675254985],[22.539621261562118,65.58279186233422],[22.53870978670181,65.58265684747938],[22.538606194505036,65.58230106631538],[22.53688686457345,65.58238680104046],[22.537042219421497,65.58292047486177],[22.535649134444043,65.58262898118988],[22.534463149182397,65.5830490437704],[22.533878007146967,65.58253679016227],[22.53511575030535,65.58229462435077],[22.533670959050017,65.58182521978092],[22.53533849306302,65.581561629843],[22.53502787977108,65.58049427757963],[22.533686704799898,65.58038065652651],[22.533583192143613,65.580024871128],[22.530849176840878,65.57961969700874],[22.529989586547046,65.57966252203995],[22.52971497548827,65.58021761577784],[22.527995747814575,65.58030324856696],[22.527032706296914,65.57999026691398],[22.524557255057402,65.58047445599061],[22.5239723671953,65.57996216156862],[22.522734624667613,65.58020423633009],[22.522527903390774,65.57949264743642],[22.52386898924958,65.57960636817644],[22.52581118061829,65.57878779950354],[22.525707783177406,65.57843200756463],[22.52479653010263,65.57829690677018],[22.525604388852802,65.57807621552408],[22.525019537372813,65.57756392478184],[22.529265441060346,65.57717200062635],[22.530622360827014,65.57584109791985],[22.529659457264945,65.57552813157562],[22.531808087720496,65.57542106802966],[22.531068000169483,65.5743751202756],[22.529349163442383,65.57446076446823],[22.528816033038098,65.5741263828975],[22.531875683649186,65.57415439736064],[22.532528152352835,65.57339999045163],[22.53166877061153,65.57344282290053],[22.531135632494642,65.57310844957382],[22.533284056072194,65.57300136718307],[22.51833406,65.57373203],[22.515753219999997,65.56483704999998],[22.539624518214847,65.56364437174935],[22.540096098391974,65.56345746570801],[22.538978296504546,65.56261088334834],[22.539837306599818,65.56256801319398],[22.541725973897407,65.56157136787549],[22.54296265314488,65.56132914875181],[22.54306620424396,65.56168492732246],[22.54435466027232,65.56162058607497],[22.54493951110754,65.56213280212303],[22.54569490327845,65.56173412212425],[22.54741283588924,65.56164830161953],[22.54768689425063,65.56109318146271],[22.550796835110617,65.56129871643675],[22.553817805336507,65.55970386303726],[22.553936175237716,65.55861507841126],[22.554846873246653,65.55875000952967],[22.55555016180476,65.55817339846118],[22.557593499938722,65.55771021681053],[22.558296700049947,65.55713359388511],[22.559584885746254,65.55706912577776],[22.56109490405493,65.55627162370472],[22.561679954313437,65.55678377303228],[22.564204355451796,65.5564768882397],[22.568030713557444,65.5546608750796],[22.567926855509924,65.55430511674231],[22.568785534430624,65.55426208572699],[22.568681668001904,65.55390632799374],[22.57207803940618,65.55211173496156],[22.57503114919004,65.55178314938298],[22.575616364508807,65.552295243144],[22.57690425946286,65.55223063062243],[22.579545307099796,65.55083470500917],[22.581262386969073,65.5507485091285],[22.581574464959218,65.55181575129625],[22.58023459813541,65.55170252904402],[22.580767902064032,65.55203672773692],[22.57877743329089,65.55267808803308],[22.57780147421911,65.55380996790106],[22.57431490016493,65.5538043896148],[22.57318280921387,65.55440261215891],[22.572635899966194,65.55551293187354],[22.571829145429618,65.55573386263627],[22.57236242883492,65.55606809116047],[22.570319493057124,65.55653146804704],[22.570527298981617,65.55724298046013],[22.567351845596775,65.55830451587168],[22.567559587582434,65.55901603301551],[22.56857425436849,65.5595066390236],[22.569914480820028,65.55961996083816],[22.570018391546053,65.55997571728464],[22.567493727436243,65.56028270171274],[22.56775343549528,65.56117209755269],[22.566087547623415,65.56143602750868],[22.56592080481771,65.5623305341515],[22.569642690630765,65.56214457810418],[22.571085106947898,65.5606441837141],[22.573232304657434,65.56053654714655],[22.575171513794682,65.55971737622487],[22.577370620266205,65.55978755786714],[22.57968702704718,65.55876891378215],[22.579582990189632,65.5584131652635],[22.580819149607603,65.55817064225737],[22.581886061410234,65.55883903056716],[22.58274486183006,65.55879591912291],[22.58392896060304,65.55837549795375],[22.5840981109068,65.55746457525599],[22.585008913949487,65.55759932384476],[22.585282127797694,65.55704414434103],[22.586140862316263,65.55700101430432],[22.585919726150916,65.5577340668601],[22.58725992719744,65.55784723537357],[22.587038816909597,65.55858028930345],[22.58832698814802,65.55851557676361],[22.590109300176852,65.55716260922745],[22.589848877736433,65.55627325909477],[22.59060340275044,65.55587436397973],[22.590447146138803,65.55534075449958],[22.5916309627044,65.55492027597883],[22.59147469196469,65.55438666770682],[22.59298356206301,65.55358885935722],[22.59384216741112,65.5535456869529],[22.596053140710726,65.55217106800366],[22.599487332014238,65.5519982818704],[22.600020885643545,65.55233241015742],[22.59878518906284,65.55257508521257],[22.598512306300975,65.55313028567706],[22.59973588330254,65.55433214511343],[22.601453112809722,65.55424571863486],[22.601609586729598,65.55477931452047],[22.604991895314964,65.55442853539449],[22.60681349746739,65.5546977756902],[22.60611144975582,65.55527461205128],[22.60637241485676,65.5561639286224],[22.605513748348358,65.5562071727322],[22.60658120108106,65.55687538141429],[22.6055019298962,65.557651702403],[22.60646504236386,65.55796418426189],[22.606569443867627,65.55831991054782],[22.60576290292098,65.55854101995754],[22.606505485579152,65.55958657655755],[22.608652419263752,65.55947844034473],[22.60826359513695,65.56112246064305],[22.609226870870604,65.56143492326686],[22.608368036449715,65.56147818528841],[22.608043056762142,65.56185553938141],[22.60846084302505,65.56327843793599],[22.610178626985064,65.5631919067885],[22.61006260671139,65.56428071102344],[22.611507739384606,65.56474938325805],[22.61274388306812,65.564506599737],[22.61333013424025,65.56501853703394],[22.618001976411385,65.5646025169677],[22.619394960651295,65.56489325418762],[22.618640632613904,65.56529229078912],[22.619227017253014,65.56580420388795],[22.62008597246287,65.5657608790267],[22.62029522583671,65.56647230814845],[22.618734179966157,65.56709252958002],[22.619477545749323,65.56813801457018],[22.619309591069303,65.56904896449814],[22.618073298346978,65.56929180315514],[22.61871207913833,65.56998157542245],[22.617475736676997,65.57022440971161],[22.61768496203259,65.57093584274898],[22.61687813395801,65.57115701433587],[22.617035046331438,65.57169058983128],[22.615903203471692,65.57228912930474],[22.61568280535361,65.5730222177866],[22.61341889186556,65.57421927040181],[22.61357575564022,65.57475284998878],[22.611636692981936,65.57557251129121],[22.611091044028544,65.57668295702263],[22.611247878017878,65.57721653933335],[22.612159510884005,65.57735111608547],[22.610649904254757,65.57814912321211],[22.612095833859865,65.57861778173442],[22.613269004855503,65.57964165233722],[22.614180733360303,65.57977621594965],[22.61429661127112,65.57868740990452],[22.61280970136324,65.57659638709096],[22.61404638950252,65.57635358735155],[22.61668777754784,65.57495701012199],[22.621581585537747,65.57380777360362],[22.622545495945097,65.5741201450078],[22.625123154663807,65.57399009119372],[22.626139487042465,65.57448029418883],[22.625699229432005,65.57594649512266],[22.626935760180757,65.5757035917578],[22.626820418602982,65.57679240194295],[22.627732111527195,65.57692688435021],[22.626443148268987,65.57699194031456],[22.62546843458125,65.57812411467678],[22.626380168155432,65.57825860480708],[22.626484939796672,65.57861431359984],[22.62895821331281,65.57812848176472],[22.62949269672282,65.578462496652],[22.632877656400325,65.57811106721162],[22.634009346147273,65.57751240243718],[22.635885310236645,65.57795912438199],[22.636639724434826,65.57756000095884],[22.63841080232472,65.5776509910349],[22.640893544923568,65.57572045615389],[22.642664508902932,65.57581139765763],[22.643733737436182,65.57647932610743],[22.642759802160818,65.57761160371801],[22.640873959546656,65.57860947945984],[22.641408603975883,65.57894345064591],[22.640601740840918,65.57916474898755],[22.64069691738003,65.58096495758831],[22.64123160988494,65.58129892891246],[22.6438098663875,65.58116855092605],[22.644397118607408,65.5816803576701],[22.645738785157093,65.58179299338536],[22.645896366160418,65.58232653211178],[22.64751017818203,65.58188387383426],[22.64852724208933,65.58237391909257],[22.648360246352112,65.5832848914145],[22.65007918955183,65.58319789566119],[22.65216613230918,65.58435578596081],[22.653938039020776,65.58444657304727],[22.655008242083234,65.5851143990066],[22.65515690618363,65.58709243822717],[22.65402482874259,65.5876912844015],[22.654182622619526,65.58822481234542],[22.652893179890793,65.58829009832561],[22.652621130476415,65.58884538775102],[22.65133165228821,65.58891066080595],[22.650199888614733,65.58950945579682],[22.65078746392641,65.59002123448614],[22.649865943129743,65.5913314035826],[22.648418631299304,65.59086311980329],[22.645786893982724,65.59081573975428],[22.64525194043578,65.59048178716],[22.64315516355174,65.59076831392639],[22.643260225151742,65.59112400816724],[22.640251102239763,65.59127611248876],[22.64314553932378,65.59221282415862],[22.643030846599142,65.59330164014301],[22.64389066126769,65.59325817142219],[22.64421548103976,65.59288074198669],[22.646364971045216,65.59277204471219],[22.645873054166202,65.59406044945091],[22.644416111816827,65.59503663793271],[22.644573762428198,65.59557017737724],[22.642476569663884,65.59585669902475],[22.642634186503475,65.59639024083576],[22.6405894318693,65.59685458463701],[22.637727246480537,65.59898470357875],[22.63633221391924,65.59869415592986],[22.632944636899584,65.59904568937147],[22.633049599233175,65.59940139172502],[22.633909635549077,65.5993579773694],[22.63320704866846,65.59993494506018],[22.63229451370522,65.59980050419597],[22.631539405085533,65.60019961314218],[22.63024930054457,65.60026471318312],[22.62778442181918,65.59930606942144],[22.628969579052523,65.59888528510203],[22.62865487638756,65.59781816747376],[22.63162262033045,65.5960439171348],[22.630930359138393,65.59517635755958],[22.61831532103826,65.59382703196823],[22.614457030706618,65.59257742870567],[22.61172050770108,65.59217373999837],[22.611563555315144,65.5916401593325],[22.610651419005258,65.59150558411699],[22.61001228657623,65.59081578134058],[22.61077889984089,65.58897225250769],[22.611638636340444,65.58892896758292],[22.612341425267452,65.5883520978824],[22.615780257884484,65.5881788946107],[22.61766775691315,65.58718131435857],[22.619387080833924,65.58709466298073],[22.620896917476617,65.58629656638236],[22.619734080887003,65.58382823897846],[22.618822182044294,65.58369371052777],[22.618717490422664,65.58333799560634],[22.617428182679536,65.58340297837772],[22.617417105016955,65.58484750163746],[22.616180050160956,65.58509033265744],[22.616284715616555,65.58544604960362],[22.612666650666377,65.58797473198653],[22.60965767662767,65.58812622723892],[22.608577255161045,65.58890258206725],[22.60470839239105,65.58909724814124],[22.60272762847846,65.58829441520157],[22.6032969977349,65.58752965897048],[22.601109047249356,65.58763963643794],[22.60128131328276,65.5878256711565],[22.59920853263693,65.58773516592336],[22.598376711399858,65.58833267260793],[22.595315398213128,65.58830601845686],[22.59541979417097,65.58866175255272],[22.593752458312437,65.58892600170425],[22.59272370541379,65.58988011645916],[22.589336623947748,65.59023067011861],[22.588496574705236,65.59001565056242],[22.58889009295457,65.59135586924491],[22.590613804252396,65.59161045835832],[22.59131713533148,65.59103368067532],[22.592554714771254,65.5907910473304],[22.59549963540016,65.59190655429991],[22.598613602024958,65.59211106603091],[22.59877029236651,65.59264466276954],[22.59973464993914,65.59295717481987],[22.60102448414461,65.59289233726204],[22.60123347963848,65.59360379545977],[22.60300555610871,65.59369518934942],[22.602993705248558,65.5951397195004],[22.603958206601494,65.59545220321421],[22.603098239219374,65.595495446913],[22.603255046085838,65.59602903783808],[22.602017324998315,65.59627176001923],[22.600884090654016,65.59687020151591],[22.600988604171146,65.5972259305955],[22.60012857222523,65.59726915810111],[22.600976651084096,65.59867046166042],[22.604521508103108,65.5988532275552],[22.605108415362277,65.59936519010763],[22.609838878149866,65.59912722008681],[22.610594296777844,65.59872821611289],[22.611884384371866,65.59866328353955],[22.6117273814181,65.59812970353593],[22.614464538252417,65.59853338566816],[22.615219867620212,65.59813435955242],[22.61501044587092,65.59742292498306],[22.617160457908703,65.5973146366473],[22.617317566332275,65.59784820994304],[22.615859329078944,65.59882413703981],[22.61692886252059,65.59949225167283],[22.6151563495467,65.59940102504018],[22.616173521655234,65.59989128642603],[22.614558053399552,65.60033362777382],[22.614662770637214,65.60068934534888],[22.615522886480512,65.60064603451448],[22.615941833211256,65.60206890092964],[22.614326227451308,65.60251124121493],[22.614483315592928,65.60304481767358],[22.61297233367151,65.60384286211776],[22.613937281309106,65.60415527779207],[22.612048439738555,65.60515282536062],[22.612153146053625,65.60550854479192],[22.613978435917126,65.60577766130699],[22.614135540712063,65.60631123796806],[22.613600656590915,65.60597717291974],[22.611880061488066,65.60606377159452],[22.61214183849596,65.60695307022047],[22.609508495844473,65.6069050764566],[22.609665517157147,65.60743865860222],[22.61100839022862,65.60755158963177],[22.61121780085848,65.608263029891],[22.61030507643524,65.60812845856788],[22.61008427539606,65.6088615431843],[22.60841581214845,65.6091259652035],[22.609055382782945,65.6098157703329],[22.605770599433548,65.61052243741906],[22.60425892216125,65.61132040211925],[22.603659981988027,65.61225296844765],[22.602369195517408,65.61231783812694],[22.602473804216547,65.61267356524858],[22.598211288177822,65.61451211962415],[22.59761206212295,65.61544466498106],[22.59615141949038,65.61608601962382],[22.598437690000004,65.62387245],[22.57691377,65.62495154000001],[22.575646004546066,65.62062660416431]],[[22.529478059999995,65.53708308],[22.549738534097017,65.53607103703197],[22.550739073441935,65.53567394524705],[22.54921020839083,65.53009110112286],[22.547847802131955,65.5302238107679],[22.546354012668836,65.52957661141785],[22.546679519297104,65.52919938460015],[22.545511330275623,65.52817494845794],[22.546642964347814,65.5275769376488],[22.54676156821534,65.52648815641712],[22.545748628032445,65.52599738675868],[22.54612581271479,65.52579805044486],[22.546931880704342,65.52557726370544],[22.547608213500705,65.52458214575282],[22.54575888,65.51822264],[22.559564807723685,65.51753110969278],[22.559234590698807,65.51702040406494],[22.563144988451523,65.51700488592577],[22.563898828277424,65.51660613102756],[22.56528863774906,65.51689739821813],[22.566848050759326,65.51627774481896],[22.57199258894726,65.51601959951122],[22.571888862413207,65.51566384262102],[22.57365553493681,65.51575563470358],[22.573980481748357,65.51537835491396],[22.574889751033403,65.51551318001945],[22.575097287514385,65.51622468875591],[22.57595470018495,65.51618163001756],[22.57718891371191,65.51593915658984],[22.578267386122107,65.51516304589694],[22.57960535593324,65.51527630495008],[22.579930210228675,65.5148990133231],[22.581268172762098,65.51501225773464],[22.582021673860726,65.51461341596556],[22.58330769168429,65.51454876816923],[22.583632483428275,65.51417146923052],[22.58658116020535,65.5138427037017],[22.589217908760787,65.51244665360635],[22.59098441134648,65.51253824493148],[22.5925429423957,65.51191833561558],[22.594309418413708,65.5120098883581],[22.5942054072371,65.51165414972898],[22.59473803683557,65.51198830602318],[22.598271021959263,65.51217133922275],[22.600362052056518,65.51188549260625],[22.602777512469796,65.5112222807331],[22.603478505739098,65.51064547082223],[22.604335678730425,65.51060225359821],[22.604608045259646,65.51004704808503],[22.60551727424202,65.51018168938279],[22.60524492595308,65.51073689634704],[22.606530683471235,65.51067205368317],[22.60927023469907,65.50963139648061],[22.611088717340238,65.50990061726324],[22.611777886116425,65.51076829859534],[22.608986215165793,65.51163113819472],[22.609090427481657,65.51198686457508],[22.6079088111855,65.5124074569403],[22.608169320522986,65.51329677484033],[22.61111756044012,65.51296753524157],[22.61165043129201,65.513301629454],[22.612832025121083,65.51288100807089],[22.612936295822966,65.51323673120106],[22.61507938770209,65.51312854330165],[22.615183690197586,65.5134842645546],[22.616573875941334,65.51377505634878],[22.61640605647705,65.5146860013217],[22.61822496377525,65.5149551318843],[22.618485854999967,65.51584442807695],[22.617252050759113,65.5160872343801],[22.616551227113582,65.51666410642802],[22.617136418838115,65.51717603969507],[22.619760681181486,65.51722399402311],[22.620084971130012,65.51684662198319],[22.622123909281147,65.51638261480193],[22.621423187350427,65.5169595083858],[22.620565839924176,65.51700282430684],[22.620722434944046,65.51753639903819],[22.6199172613548,65.51775756974219],[22.618944325148224,65.51888968338956],[22.61915309412313,65.51960111882903],[22.6173225825023,65.52077652745136],[22.617102573962175,65.52150961374173],[22.61242687629245,65.52337005421435],[22.609529622513875,65.52387719392772],[22.608776291423332,65.52427617104445],[22.60893269819627,65.52480975994229],[22.60742594214501,65.52560770544561],[22.599330125616,65.52619615489515],[22.5978229917989,65.52699400859657],[22.596965267671216,65.52703719455197],[22.596315766152422,65.52779184822388],[22.59545801280321,65.52783502593097],[22.59491254953875,65.52894541110601],[22.594106801354698,65.529166450253],[22.592716022061815,65.52887545792223],[22.587465196571582,65.52877858840661],[22.585476642814548,65.52942001711754],[22.58204531015492,65.52959245612604],[22.57995265298081,65.5298780660531],[22.57919869158458,65.53027690225738],[22.577482950167365,65.5303630610473],[22.574843802137124,65.53175893113045],[22.573933960506306,65.53162411159214],[22.57323176702101,65.53220079679747],[22.572373822760213,65.53224384553428],[22.572477635459776,65.53259960124173],[22.571714981521914,65.53263786320271],[22.572130122880818,65.53406089231854],[22.57304866113777,65.53455625580047],[22.572355008232304,65.5348317584248],[22.574980249999992,65.54383060999999],[22.53206027,65.54597781],[22.529478059999995,65.53708308]],[[22.558377117249382,65.5170633686011],[22.558273571149915,65.5167076005301],[22.55870230252727,65.51668611921824],[22.559234590698807,65.51702040406494],[22.558377117249382,65.5170633686011]],[[22.49942319,65.58369475],[22.52091685,65.58262696000001],[22.523339230383314,65.59096309221303],[22.52439182431262,65.59040853118228],[22.525251780536323,65.59036573421862],[22.525904823127537,65.58961135000693],[22.528054634501462,65.5895043277829],[22.52832936777785,65.58894923580205],[22.530049165075887,65.58886359346906],[22.530582624975423,65.58919796738797],[22.531820714423052,65.58895582499456],[22.53209536164735,65.5884007270566],[22.53032384951364,65.58830849836664],[22.530220344790354,65.58795271058007],[22.529308732707968,65.58781764055144],[22.530598522874254,65.58775340287926],[22.53070203180991,65.58810919036473],[22.53161366097612,65.58824425183873],[22.53333339866821,65.58815857283395],[22.53183654406263,65.58751126104664],[22.533126311525972,65.58744700208757],[22.534089706154468,65.5877599414418],[22.534882113527114,65.58898376107393],[22.53402222206097,65.58902661203281],[22.533799390398055,65.58975960552432],[22.532887696947537,65.58962455784824],[22.53304302191258,65.5901582360863],[22.532131318005195,65.59002318396499],[22.532716603452645,65.5905354428849],[22.531426681750826,65.59059969991391],[22.531685522370072,65.59148916640157],[22.530017317015826,65.59175272291637],[22.52850432598132,65.59254994507776],[22.52833306511172,65.59346082686194],[22.527042985384746,65.59352504817207],[22.527146473402873,65.59388083830432],[22.52552980110996,65.59432224259113],[22.52482490528829,65.5948987304672],[22.52272634963481,65.59518360836005],[22.521591298447827,65.59578147491092],[22.522124798579508,65.59611587820497],[22.521264646154062,65.59615865940127],[22.52012951931545,65.59675651576923],[22.51760066407064,65.59706271049039],[22.517290555108858,65.59599531675178],[22.518529095530912,65.59575327841266],[22.517565580325655,65.59544024133935],[22.516275370459866,65.59550437230389],[22.516292048032618,65.59405980144153],[22.515173635476806,65.5932130494588],[22.516463735036808,65.59314892898426],[22.51716877363014,65.59257247856448],[22.51883716995994,65.59230906156301],[22.52000156093671,65.59169571223352],[22.502000709999997,65.59259005],[22.49942319,65.58369475]],[[22.516378720765527,65.59586017117337],[22.517238873009784,65.59581741770656],[22.517290555108858,65.59599531675178],[22.516378720765527,65.59586017117337]],[[22.39840205,65.68791147],[22.40095737,65.6968087],[22.379363099999992,65.69786045],[22.37681506,65.68896279],[22.39840205,65.68791147]],[[22.3932972,65.67011682],[22.41486769,65.66906332],[22.41742643,65.67796024],[22.43900226,65.67690325999999],[22.44123009572244,65.68462138623994],[22.44548835363893,65.68453850927698],[22.445210937215954,65.68509347743908],[22.446886028021463,65.68483078620507],[22.446608638987684,65.68538575664785],[22.44531374242519,65.68544933005835],[22.44589959777702,65.68596191835654],[22.43892111585401,65.68756749264045],[22.437903691770302,65.68707604569158],[22.438078572310832,65.68616523077313],[22.4393229690842,65.68590961521367],[22.39840205,65.68791147],[22.3932972,65.67011682]],[[22.827739653616135,65.63386240724091],[22.827632489883403,65.6349512875515],[22.825425748094528,65.63488485485897],[22.825801902000737,65.63324040299995],[22.827093526595448,65.6331736029147],[22.827739653616135,65.63386240724091]],[[22.822572294375163,65.6312407254844],[22.820796391533957,65.63115196604971],[22.82047334141655,65.63008533756802],[22.82128048711853,65.62986306547191],[22.821495596248415,65.62912972924843],[22.822787029854346,65.62906296782369],[22.825800860003202,65.63035156682396],[22.825908614355193,65.6307071052041],[22.825101484014965,65.63092940176946],[22.825855258895658,65.63197375409239],[22.823702640189822,65.63208506295804],[22.82354104482849,65.63155175262197],[22.822411059204832,65.63215183371675],[22.822572294375163,65.6312407254844]],[[22.821442579518827,65.63328522008311],[22.822572635869715,65.63268514545587],[22.82321863084198,65.6333739704073],[22.822895811144196,65.63375176820132],[22.821442579518827,65.63328522008311]],[[22.822519119009293,65.63395179488698],[22.82208856067031,65.63397404999658],[22.822034701060833,65.63379627926791],[22.822519119009293,65.63395179488698]],[[22.822034385768553,65.63235185899939],[22.8220882417666,65.63252962976212],[22.8216577065512,65.63255188340749],[22.822034385768553,65.63235185899939]],[[22.819511181685826,65.67021809147666],[22.819834474033037,65.66984029577824],[22.82199024585568,65.66972900894913],[22.821398075595983,65.67210679846947],[22.81897270970265,65.67277364494852],[22.816762748334174,65.67270711967096],[22.816493156310298,65.67181825895595],[22.81546904116039,65.67132942910771],[22.819511181685826,65.67021809147666]],[[22.818966404684325,65.62799656938483],[22.8190202288139,65.6281743415576],[22.81858976259136,65.62819658577554],[22.818966404684325,65.62799656938483]],[[22.807007508831852,65.66941850275568],[22.80641482212247,65.66890739053649],[22.805552510984445,65.66895182052946],[22.805283350147583,65.66806293551242],[22.806684875430392,65.66690741579812],[22.808355505809423,65.66664076376625],[22.809864529197505,65.66584076832406],[22.81363663573441,65.66528514303488],[22.815845878818337,65.66390729704489],[22.817516216666178,65.66364054728035],[22.818486145588547,65.66395159459672],[22.81875570741408,65.66484045198926],[22.81789355694598,65.6648849503841],[22.81762420127364,65.66544051351683],[22.81643874146469,65.66586279479868],[22.816600448378743,65.66639611179808],[22.81751656147536,65.66652939210798],[22.817139364948247,65.66672941076871],[22.817786122349457,65.66741825126365],[22.816007838824675,65.66877388473726],[22.813582636096182,65.66944064342105],[22.812181401867544,65.66915179951486],[22.812073643221897,65.66879625124106],[22.80991789770742,65.66890739703398],[22.80910945241831,65.66912962227377],[22.809809927480618,65.66999627363087],[22.80657592429238,65.67088514878347],[22.80549819323463,65.67021847286956],[22.80673787677026,65.66997404946846],[22.807007508831852,65.66941850275568]],[[22.813993640177465,65.50313168118892],[22.81351175283059,65.50297611209542],[22.813940160945588,65.5029539039303],[22.813993640177465,65.50313168118892]],[[22.814154647924592,65.50222058598246],[22.815011437265266,65.50217616507676],[22.814796974764494,65.50290948398141],[22.813940160945588,65.5029539039303],[22.814154647924592,65.50222058598246]],[[22.80814424936664,65.65004095296995],[22.81035225679521,65.65010762389177],[22.810513720412505,65.65064094977693],[22.808682336987086,65.65181871438648],[22.805342943479445,65.65235198782278],[22.80814424936664,65.65004095296995]],[[22.80818907311906,65.68921827806992],[22.808296880756757,65.6895738286923],[22.807433885813527,65.68961827645273],[22.80818907311906,65.68921827806992]],[[22.8050267973564,65.63539659322001],[22.803734993937777,65.6354632072792],[22.80341257972161,65.6343965358203],[22.804166271633445,65.63399657321398],[22.805027425216743,65.63395216312233],[22.805726741448225,65.63481884491051],[22.8050267973564,65.63539659322001]],[[22.80539896178528,65.64675204660958],[22.804698703801648,65.64732979675986],[22.803837105847645,65.64737420960726],[22.802867980750808,65.64706306046801],[22.802706700999302,65.64652972457158],[22.80442984227062,65.6464409073884],[22.80539896178528,65.64675204660958]],[[22.804683240887158,65.68921826016386],[22.804305622466842,65.6894182513686],[22.805006529262215,65.69028492065564],[22.80425126153053,65.69068490405851],[22.801608269011076,65.69064038713051],[22.80144668843259,65.69010705269584],[22.80225584764523,65.68988486080634],[22.802525758362396,65.68932931902305],[22.804683240887158,65.68921826016386]],[[22.80238342688466,65.64690748348818],[22.80243718471917,65.64708526227595],[22.802006387875238,65.64710746286953],[22.80238342688466,65.64690748348818]],[[22.793782298370672,65.63001802316269],[22.796687475388353,65.63095164867967],[22.79652532915137,65.6318627387959],[22.79415667032355,65.63270693884878],[22.792811310429393,65.63259567611705],[22.792219787551435,65.63208449670897],[22.792544375835906,65.63026232244505],[22.793782298370672,65.63001802316269]],[[22.788918144895295,65.4746399998396],[22.78806220369119,65.47468426380134],[22.788008970834444,65.4745064748457],[22.78881166856915,65.4742844226261],[22.788918144895295,65.4746399998396]],[[22.78482868531738,65.49001687307414],[22.783972232532452,65.49006111926109],[22.78391898966309,65.48988332893278],[22.784722188951363,65.48966129311543],[22.78482868531738,65.49001687307414]],[[22.78367965065653,65.54134994727434],[22.783626283390902,65.5411721580316],[22.784055349226588,65.54115002767912],[22.78367965065653,65.54134994727434]],[[22.782287931674787,65.5396163074521],[22.781429846021943,65.53966055643077],[22.78132315129323,65.53930497593022],[22.782287931674787,65.5396163074521]],[[22.78212565445623,65.54052738242054],[22.781696596884103,65.5405495072129],[22.781643245106988,65.54037171711012],[22.78212565445623,65.54052738242054]],[[22.781320888219497,65.54074942105416],[22.781374238732347,65.54092721128477],[22.78094517381626,65.54094933402297],[22.781320888219497,65.54074942105416]],[[22.78110749419144,65.54003825986358],[22.78067844362018,65.54006038169456],[22.780625099987752,65.53988259114844],[22.78110749419144,65.54003825986358]],[[22.776009593080737,65.54192588269919],[22.77584964622256,65.54139250517429],[22.778104123334458,65.54019308730156],[22.779767002174484,65.53992683082198],[22.77987367876603,65.54028241261311],[22.78073178805484,65.54023817221386],[22.780356076179828,65.54043808369168],[22.78089182617245,65.54077154361087],[22.779764654730307,65.54137127681838],[22.7789065061957,65.54141551214326],[22.779066515716334,65.54194888577908],[22.77692108729206,65.54205945566143],[22.77681444216989,65.54170387145061],[22.776009593080737,65.54192588269919]],[[22.773747724768842,65.49076949196585],[22.77358820185532,65.49023610794596],[22.77439150315924,65.49001412599326],[22.774660199919694,65.4894586478594],[22.776266722652124,65.48901466912626],[22.776801324122026,65.48934815537966],[22.777657768209924,65.48930394994787],[22.778405211463355,65.49034860191985],[22.777280091380717,65.49094829465058],[22.774388693424793,65.49145857582725],[22.774495058126014,65.49181416446449],[22.77363852537282,65.4918583528976],[22.773316608548004,65.49223603492132],[22.770693793404504,65.49219077033537],[22.773747724768842,65.49076949196585]],[[22.77502077495031,65.65192591692757],[22.774750612148946,65.65248141214386],[22.775288697786173,65.65281486808671],[22.771948444619326,65.65334741569241],[22.7713568297047,65.65283615577252],[22.77248889605985,65.65223643344613],[22.77502077495031,65.65192591692757]],[[22.774964946924335,65.6531925735307],[22.775018532641436,65.65337036381017],[22.77458760327345,65.65339248794588],[22.774964946924335,65.6531925735307]],[[22.754244739189907,65.60171923482318],[22.754084795026493,65.6011858338876],[22.755108448367835,65.60023065929462],[22.75478855393278,65.59916385916316],[22.75597206330122,65.59874207984824],[22.757638899758348,65.59847602523752],[22.758605648496776,65.59878748752081],[22.762152680707597,65.59896649112235],[22.763816422417275,65.6001448231054],[22.765106595067603,65.6000785658877],[22.76499982449184,65.5997229744011],[22.765859924030085,65.59967879758874],[22.766989874212488,65.59907913857236],[22.769140053625694,65.59896865987635],[22.769353703688285,65.59967983580232],[22.767900538646806,65.60065719702386],[22.76440662536768,65.60065612669611],[22.76101623692275,65.60245502631305],[22.75848897068438,65.6027652613721],[22.754244739189907,65.60171923482318]],[[22.76626459858135,65.46281127353065],[22.76583679860335,65.46283334009189],[22.765730693714147,65.4624777427523],[22.76626459858135,65.46281127353065]],[[22.76578686235332,65.55725626586222],[22.76584014770251,65.55743406228555],[22.7654107952562,65.55745614397291],[22.76578686235332,65.55725626586222]],[[22.760414889641957,65.55969888262459],[22.75912670136288,65.55976507922936],[22.756177723513698,65.55865283714904],[22.758218150575765,65.55818694687441],[22.761276992692338,65.5582102894063],[22.76235204330444,65.55743288404288],[22.76530423110666,65.55710055073706],[22.764335836540738,65.55823357010254],[22.76143676593415,65.55874368425384],[22.760414889641957,65.55969888262459]],[[22.754375869129827,65.46956213479176],[22.754644810116208,65.46900668986099],[22.756356454344928,65.46891853855139],[22.75742431589046,65.46958566405148],[22.758280152867354,65.46954157490637],[22.75758335739359,65.4701190700594],[22.757848442470667,65.4710080795402],[22.75913226520524,65.47094193968492],[22.76100313820573,65.47138713792333],[22.761215310010986,65.47209833965599],[22.76110561757178,65.47318719644484],[22.75987472903665,65.47343115511126],[22.75939001857104,65.47471986288875],[22.757890122249236,65.47551925950695],[22.756231071881842,65.4757852351111],[22.755003948026665,65.47458469485449],[22.756022879849475,65.47362956488222],[22.754375869129827,65.46956213479176]],[[22.75901075577227,65.65834371793115],[22.756581742818167,65.66045402897103],[22.75571961015199,65.66049817416824],[22.755238398299824,65.65889798868284],[22.756100478787424,65.6588538467562],[22.755509040840742,65.65834252322851],[22.756588244232006,65.65756511484518],[22.7587433217749,65.657454732967],[22.75901075577227,65.65834371793115]],[[22.75863635383183,65.65709913879375],[22.75777433683271,65.65714329446392],[22.75815186587497,65.65694341992793],[22.75745348716912,65.65607650912055],[22.75891003792051,65.65509921239261],[22.760149468514356,65.65485517196704],[22.760042494215334,65.65449957886109],[22.760904418758024,65.65445541126758],[22.760416918401003,65.65574415426295],[22.75852938912049,65.65674354451339],[22.75901387546092,65.65689926219076],[22.7587433217749,65.657454732967],[22.75863635383183,65.65709913879375]],[[22.75964653962086,65.66336618974361],[22.759215428447753,65.66338827211752],[22.759161926098894,65.6632104753833],[22.75964653962086,65.66336618974361]],[[22.759322435570738,65.66374386550558],[22.75937594034489,65.66392166215937],[22.75894481966366,65.66394374386311],[22.759322435570738,65.66374386550558]],[[22.74349557935243,65.56435856964121],[22.743818762921723,65.56398093763028],[22.74639564274279,65.56384878876658],[22.747095075829957,65.56327131699281],[22.74881293877694,65.56318318603846],[22.7481707570159,65.56249400575997],[22.749352742653073,65.56207229414863],[22.749246374794318,65.56171668755121],[22.750964126507345,65.56162853334506],[22.75123397352471,65.56107308438602],[22.750698163372036,65.56073952000277],[22.751826831475714,65.56013998766046],[22.752738854717848,65.56027370083049],[22.752632449524818,65.55991809700943],[22.75649707508612,65.55971963948018],[22.756820014441182,65.55934198228641],[22.758214665603642,65.55963140467946],[22.75832114553126,65.55998700379469],[22.756816455499152,65.56078644085039],[22.755098783166453,65.5608746606388],[22.754399591468513,65.56145216685678],[22.7526286596717,65.5613625578887],[22.75149995904131,65.56196209655718],[22.751283308692965,65.56269534847598],[22.74999494435834,65.56276146920166],[22.748166727438374,65.56393846906487],[22.746878292117007,65.56400456400551],[22.74671467073894,65.564915615161],[22.744190844268307,65.5652255759239],[22.744403479785937,65.56593679722023],[22.740161431784188,65.56633477546225],[22.739519394327516,65.56564555696242],[22.740595399404242,65.56486829617434],[22.74349557935243,65.56435856964121]],[[22.756667872666483,65.64618725567495],[22.757582976970934,65.64632090784616],[22.75677475947839,65.64654285202552],[22.756667872666483,65.64618725567495]],[[22.75688164951839,65.64689844826898],[22.75601996761242,65.64694259051754],[22.755913089154866,65.64658699354759],[22.75677475947839,65.64654285202552],[22.75688164951839,65.64689844826898]],[[22.757579380737887,65.55605334954984],[22.756720703639882,65.55609746454802],[22.756667483773708,65.55591966423543],[22.757579380737887,65.55605334954984]],[[22.75742263301195,65.64578751428965],[22.757476080191214,65.6459653121686],[22.757045255734926,65.64598738542138],[22.75742263301195,65.64578751428965]],[[22.75630345098622,65.46874073602828],[22.755875543974742,65.46876277548238],[22.755822544263353,65.46858497275228],[22.75630345098622,65.46874073602828]],[[22.75454680483649,65.65514214757603],[22.7546002555286,65.65531994645094],[22.753738289352857,65.65536407868062],[22.75454680483649,65.65514214757603]],[[22.751974968999313,65.56500677796657],[22.752404459555684,65.56498473295247],[22.7524576726771,65.56516253485336],[22.751974968999313,65.56500677796657]],[[22.7524576726771,65.56516253485336],[22.754175638388308,65.56507434197222],[22.754282090040526,65.56542994424606],[22.752993599705206,65.56549609180801],[22.7524576726771,65.56516253485336]],[[22.753791735056733,65.655541877892],[22.753845181567954,65.65571967707666],[22.753414191472462,65.65574174173196],[22.753791735056733,65.655541877892]],[[22.751568573737185,65.55636205293195],[22.75199792230226,65.55634001055277],[22.75205111136028,65.55651781282906],[22.751568573737185,65.55636205293195]],[[22.75205111136028,65.55651781282906],[22.75253365473012,65.55667357112809],[22.752104301218772,65.55669561507868],[22.75205111136028,65.55651781282906]],[[22.742959725690284,65.60049223497093],[22.74285325573612,65.60013662478414],[22.741939866024527,65.60000286617355],[22.741726962031063,65.59929164392582],[22.74334075428702,65.59884793909147],[22.747264506727873,65.59882746099915],[22.751024631695888,65.5997179375618],[22.751827758797194,65.6009404991058],[22.7480102406231,65.6013167044261],[22.74473331026369,65.60058192953713],[22.742959725690284,65.60049223497093]],[[22.75146220376964,65.5560064479376],[22.751515388353226,65.55618425044811],[22.751086041860777,65.55620629143678],[22.75146220376964,65.5560064479376]],[[22.750603515731,65.55605052834363],[22.749155971821047,65.55558322947638],[22.750926499131786,65.55567288328272],[22.750603515731,65.55605052834363]],[[22.748968512661552,65.56516105918183],[22.748539015693357,65.56518309451496],[22.748485829254985,65.56500529095919],[22.748968512661552,65.56516105918183]],[[22.74187515763075,65.56769118749864],[22.742681094132077,65.56746934648199],[22.742145255060898,65.56713575210239],[22.74289801964925,65.56673610397641],[22.746657391135898,65.56618227492896],[22.746493752915132,65.56709332604403],[22.745687861673247,65.56731518688386],[22.7457942085467,65.56767079622291],[22.74493512460534,65.56771484859708],[22.74552418466131,65.56822623736643],[22.744665081857796,65.56827028840488],[22.744607704792706,65.56953694845988],[22.74278308896014,65.56926942453406],[22.742623619681268,65.5687360067855],[22.74171134508441,65.56860223527114],[22.74187515763075,65.56769118749864]],[[22.74401794490116,65.46395713772935],[22.744070853133728,65.46413494555527],[22.74364300895753,65.46415694966778],[22.74401794490116,65.46395713772935]],[[22.742417037137443,65.46295629515956],[22.742522827766788,65.46331191218354],[22.743431392193934,65.46344571748465],[22.743268067310208,65.46435676073533],[22.741556668082993,65.46444476104223],[22.740489423612935,65.4637775168506],[22.741345105176897,65.46373352536445],[22.742417037137443,65.46295629515956]],[[22.740864378899822,65.46357771254401],[22.740436540572492,65.46359970750484],[22.74038365832515,65.46342189813262],[22.740864378899822,65.46357771254401]],[[22.74038424996992,65.47948886773877],[22.739956151010386,65.47951086408384],[22.739903233167553,65.47933305488475],[22.74038424996992,65.47948886773877]],[[22.739206128931322,65.70755892602719],[22.73936655839434,65.70809233831338],[22.7374210262465,65.70891370901663],[22.736125346868786,65.70897978721419],[22.73628994812207,65.7080687359335],[22.737857056704247,65.70744721399123],[22.739206128931322,65.70755892602719]],[[22.73450492751372,65.55615390459097],[22.734075564186334,65.55617589749913],[22.734022498553117,65.55599808762841],[22.73450492751372,65.55615390459097]],[[22.732931647689796,65.64288813806553],[22.733522273387432,65.64339955777506],[22.732065381175893,65.64437661424137],[22.72991125269743,65.64448660766988],[22.73007579974498,65.64357556431317],[22.731314971071672,65.64333176201444],[22.73163924975439,65.6429541443539],[22.732931647689796,65.64288813806553]],[[22.732415396811895,65.49361810069536],[22.7315587193008,65.49366205202087],[22.731505823960223,65.49348423961513],[22.732415396811895,65.49361810069536]],[[22.721552668485494,65.67794944349096],[22.720908171278698,65.67726017058838],[22.723229995671726,65.67623923635601],[22.72500873747063,65.67632910880882],[22.72511533977419,65.67668473045872],[22.726516061783286,65.6769743827023],[22.72678263326451,65.67786343337792],[22.72527031015484,65.67866263659346],[22.72112127583845,65.67797142059891],[22.721552668485494,65.67794944349096]],[[22.7267815175821,65.46881415532174],[22.72555049509743,65.4690578354885],[22.724911389986264,65.46836852519309],[22.725180950482784,65.4678131263092],[22.72662311326502,65.46828071022716],[22.7267815175821,65.46881415532174]],[[22.72242766840274,65.4878118864953],[22.72248048816922,65.48798970285843],[22.721623974854403,65.48803359612032],[22.72242766840274,65.4878118864953]],[[22.697639631054805,65.68440086490993],[22.697964885315674,65.68402330911852],[22.697373978255346,65.68351175375074],[22.698668503059256,65.68344601750276],[22.698562230126477,65.68309037393705],[22.699425231016516,65.68304654440824],[22.698881058568407,65.68415730431647],[22.700122462208416,65.68391373382529],[22.700016167015843,65.6835580915019],[22.700879180517276,65.68351425358682],[22.701038641949705,65.6840477159486],[22.69828370298941,65.68509024087052],[22.69882152221656,65.6854239705073],[22.697148488409923,65.68568944183356],[22.69390187464236,65.68802046812051],[22.691850128412618,65.6884856079452],[22.69131233165903,65.68815185339912],[22.691372234603513,65.68688518639249],[22.694884514464533,65.68544333002087],[22.695747601193354,65.68539952050341],[22.695050472543045,65.68453230995769],[22.697639631054805,65.68440086490993]],[[22.699318949673543,65.68269090145893],[22.700181935722128,65.682647067784],[22.70083231901571,65.68189194591363],[22.702020439977876,65.68147054039918],[22.700998051734263,65.68098092168707],[22.701323216454913,65.68060335963334],[22.699975702373933,65.68049129570153],[22.700088321896747,65.67940245093233],[22.698740875439306,65.67929037536055],[22.69885354483989,65.67820153101064],[22.697506165999755,65.67808944380019],[22.697399935457437,65.67773379900763],[22.693191934932244,65.67830848005318],[22.69260125866337,65.6777969038027],[22.693304836531343,65.67721963746472],[22.690716368730858,65.67735100161413],[22.69136690699196,65.67659591872436],[22.69007270192735,65.67666158950874],[22.690178826669058,65.67701724049724],[22.68855929014771,65.67746043827522],[22.689050730869745,65.6761718861849],[22.68991352083187,65.67612811282788],[22.688997677918497,65.67599406021124],[22.689269907641286,65.67543869678265],[22.688354092472668,65.67530464000423],[22.688520237450966,65.67439362525946],[22.690677061110286,65.67428419175592],[22.692084091210052,65.67312967496619],[22.695534802230263,65.67295448781873],[22.69666951342924,65.67235530411754],[22.69968876555839,65.67220192973578],[22.700226324519708,65.6725356570142],[22.704214503201236,65.67269399900866],[22.70410820728354,65.67233835959426],[22.702814253596905,65.67240413634936],[22.70227666461651,65.67207041853642],[22.70092959388048,65.67195835854645],[22.703570603294647,65.67200464651424],[22.702714198974135,65.67060400970777],[22.705036176471314,65.66958335207434],[22.70406735479043,65.66927156918152],[22.705739260768503,65.6690060332476],[22.706064215556733,65.6686284632368],[22.70983910657402,65.6680753883708],[22.711351316297822,65.66727634002811],[22.71312940673088,65.66736635821799],[22.71247972560195,65.66812152542744],[22.713123757829838,65.66881083877095],[22.71479553529417,65.66854520446685],[22.717063620764776,65.66734655462932],[22.718788496239213,65.6672586920612],[22.720076883354267,65.66863725919579],[22.719693611829776,65.6702815208243],[22.720987407986136,65.67021560190128],[22.72200972869026,65.67070508672936],[22.722382609446587,65.67194977180051],[22.7214615902978,65.67326039101998],[22.72226582325639,65.67448309875148],[22.721403153951222,65.6745270546042],[22.72081201694567,65.67401559280815],[22.71994936022551,65.67405954027599],[22.719677805670077,65.67461495171177],[22.717952444496785,65.6747028293553],[22.71805894196938,65.67505845702111],[22.71945949959423,65.67534817600125],[22.716333544677415,65.6751463166477],[22.716440022140194,65.67550194565462],[22.715577307046136,65.67554586889214],[22.715737011853623,65.6760793132887],[22.714064762082945,65.67634496280446],[22.714171214355826,65.6767005936633],[22.715465347725726,65.67663471832542],[22.71449059048878,65.67776748560237],[22.71529464895108,65.67899023207548],[22.71782987281633,65.67868063523392],[22.718527589872423,65.6795477351679],[22.71604553827232,65.68003515897442],[22.71658347395201,65.68036882453221],[22.714479514427815,65.68065644486644],[22.71318517726789,65.68072231389102],[22.71248760390385,65.6798551879475],[22.70908931282545,65.68020858563803],[22.70887066771628,65.6809417982076],[22.70962136063569,65.68198675887724],[22.70800186372948,65.68243016351192],[22.707458073189514,65.68354095022207],[22.70611038182109,65.68342894250412],[22.705950820591987,65.68289548648741],[22.70562569724803,65.68327305802983],[22.70470952309038,65.68313910350706],[22.705359784439068,65.68238396349996],[22.702770874562916,65.68251553754912],[22.70244570879504,65.68289310271852],[22.70066657652784,65.68280297006703],[22.70077287691493,65.6831586118799],[22.699425231016516,65.68304654440824],[22.699318949673543,65.68269090145893]],[[22.719677805670077,65.67461495171177],[22.72150969788064,65.67488267937438],[22.719837587929792,65.67514839099908],[22.719677805670077,65.67461495171177]],[[22.720513358830953,65.66717081003564],[22.721375785294953,65.66712686172636],[22.721429038361237,65.66730467431],[22.720513358830953,65.66717081003564]],[[22.721429038361237,65.66730467431],[22.721913510059544,65.6674605105264],[22.721482292232373,65.66748248686706],[22.721429038361237,65.66730467431]],[[22.721384568181463,65.69492752841954],[22.721597860860395,65.69563877596946],[22.719924420918222,65.6959045022071],[22.719066265056302,65.69450397520885],[22.71976967670849,65.6939265879577],[22.721384568181463,65.69492752841954]],[[22.720375466259362,65.67548204370063],[22.720806818250527,65.67546006912698],[22.72086008803209,65.67563788175443],[22.720375466259362,65.67548204370063]],[[22.720428733137208,65.67565985650906],[22.72048200082036,65.6758376692909],[22.72005064221579,65.67585964300999],[22.720428733137208,65.67565985650906]],[[22.71989085029343,65.67532620404171],[22.71999737743641,65.67568183004715],[22.719566020929754,65.67570380236867],[22.71989085029343,65.67532620404171]],[[22.71991229725738,65.51447763880502],[22.71948360421022,65.51449958332869],[22.719430740099536,65.51432176632993],[22.71991229725738,65.51447763880502]],[[22.718426383989655,65.67774763057189],[22.718479643106612,65.67792544414719],[22.71804824772191,65.67794741255727],[22.718426383989655,65.67774763057189]],[[22.717776616287274,65.67850282140296],[22.71820802119114,65.6784808536667],[22.718261280624745,65.6786586673167],[22.717776616287274,65.67850282140296]],[[22.71773589272641,65.4705416428748],[22.71730791713225,65.47056357371062],[22.71725517498928,65.47038575475936],[22.71773589272641,65.4705416428748]],[[22.717446347495898,65.68032489395802],[22.71749960626825,65.68050270788513],[22.71706816699423,65.68052467396161],[22.717446347495898,65.68032489395802]],[[22.716535644556206,65.67874653168514],[22.71648239674085,65.67856871731135],[22.716913804062084,65.67854675322528],[22.716535644556206,65.67874653168514]],[[22.71661017762148,65.47114088953953],[22.71618219109013,65.47116281729866],[22.716129455135228,65.47098499788807],[22.71661017762148,65.47114088953953]],[[22.714286899815153,65.63318837197154],[22.71557886500789,65.63312251791318],[22.71568512460593,65.63347814952941],[22.713962479596212,65.63356595395676],[22.71331935821835,65.63287663507819],[22.714127542472895,65.63265492272313],[22.714664432872564,65.6329886056239],[22.714286899815153,65.63318837197154]],[[22.715175670339484,65.49414057191845],[22.71474730593932,65.49416249957225],[22.714694523697204,65.49398468010133],[22.715175670339484,65.49414057191845]],[[22.712408242045896,65.46575999621331],[22.710532146414334,65.46675866871472],[22.70924838091046,65.46682439461881],[22.70946558366043,65.466091198036],[22.710374088204095,65.46622520296535],[22.709630097752953,65.46518017898116],[22.711341674478206,65.46509253884936],[22.712408242045896,65.46575999621331]],[[22.708315166131246,65.65858522209648],[22.709177332116138,65.6585413457255],[22.708905687984416,65.65909673872649],[22.708043502992833,65.65914061374981],[22.708315166131246,65.65858522209648]],[[22.705228415095817,65.70098444071614],[22.708304189778943,65.70100868003522],[22.708517183520126,65.7017199490163],[22.705813945929133,65.70294044361181],[22.70322298387343,65.70307204631924],[22.70338872320655,65.70216101923216],[22.705228415095817,65.70098444071614]],[[22.693286568447807,65.65808560476606],[22.692696376065435,65.65757402404282],[22.69140312378608,65.6576396964208],[22.6928092604038,65.65648518221083],[22.69232516799277,65.65632924931283],[22.69265017214468,65.65595170755029],[22.693618352157813,65.65626356977857],[22.696045543390095,65.65559870747455],[22.697769723673268,65.65551109073238],[22.69993135883214,65.65395705464759],[22.70424147329925,65.65373786920578],[22.707848886800008,65.65409588923359],[22.708167667919316,65.65516280030229],[22.70395736838894,65.65718222528555],[22.704222922053866,65.65807132571935],[22.700874081203175,65.66004681936775],[22.70001184828893,65.6600906492755],[22.699361950818343,65.66084576251573],[22.697743573459874,65.66128904628347],[22.693054035389732,65.66170778013498],[22.692463760609936,65.66119619933208],[22.69154843874067,65.66106215679265],[22.691396231154414,65.65908418865597],[22.693286568447807,65.65808560476606]],[[22.706163570506188,65.6836067611233],[22.706216759995684,65.68378457971602],[22.70578525458506,65.6838065144296],[22.706163570506188,65.6836067611233]],[[22.704173635007017,65.66962720877423],[22.703742363069075,65.6696491352997],[22.703689225461865,65.669471315336],[22.704173635007017,65.66962720877423]],[[22.701980700674216,65.70331565114014],[22.703814476378223,65.70358357307082],[22.7037551945557,65.70485023883455],[22.700193898445757,65.70467001416857],[22.699981104113686,65.7039587314837],[22.701980700674216,65.70331565114014]],[[22.70379550147949,65.66982695523693],[22.703364225835,65.66984888072662],[22.70331109032734,65.66967106060882],[22.70379550147949,65.66982695523693]],[[22.702501672134723,65.669892728057],[22.702932949386728,65.66987080499999],[22.702986082794737,65.67004862527185],[22.702501672134723,65.669892728057]],[[22.699476305922836,65.67149064315534],[22.69845437082506,65.6710010027498],[22.70077655509024,65.6699804081215],[22.70207039407903,65.66991464989766],[22.702607933948176,65.67024836893533],[22.699476305922836,65.67149064315534]],[[22.698318369184445,65.72624718360252],[22.69859086277509,65.72569180053382],[22.699455284597903,65.72564795637243],[22.701071460605757,65.7266490998683],[22.701444304864133,65.72789383735993],[22.700147564422164,65.72795961980364],[22.698318369184445,65.72624718360252]],[[22.699427106259282,65.48501748049877],[22.700388891175855,65.48532936512886],[22.700546885236715,65.48586284210616],[22.69862329448398,65.48523906894928],[22.696910348242973,65.48532657918555],[22.699427106259282,65.48501748049877]],[[22.69867491402436,65.68200152953217],[22.699537878433564,65.68195769973592],[22.700075645969633,65.68229142545106],[22.69867491402436,65.68200152953217]],[[22.69856703712959,65.66991215873037],[22.699807767979614,65.66966859770505],[22.699535819054596,65.6702239771141],[22.698673245084613,65.67026780291083],[22.69856703712959,65.66991215873037]],[[22.699715315993316,65.72798154484558],[22.69928306675713,65.72800346866781],[22.699229815457215,65.7278256482012],[22.699715315993316,65.72798154484558]],[[22.642548209480957,65.55325449235829],[22.64309207601498,65.55214395190752],[22.646159814381523,65.55072511847904],[22.64605490959382,65.55036942475148],[22.647772332093755,65.55028244498476],[22.64970918883954,65.54946231170938],[22.649341887940245,65.54821739335611],[22.65009557579796,65.54781819756204],[22.649403923685988,65.54695072292209],[22.649413493993812,65.5455062069085],[22.64731956394824,65.5457927942211],[22.646680504282052,65.5451031521318],[22.644534144927757,65.54521185399335],[22.643570751293197,65.54489963021416],[22.642764626403928,65.54512094533622],[22.641371986417468,65.54483043899391],[22.640408963751923,65.5445181783705],[22.640251770558113,65.54398463011334],[22.63736290634759,65.54304780637985],[22.636891567002728,65.54144714917943],[22.63947589002907,65.5398723722487],[22.641569280455858,65.53958590550043],[22.642270449127015,65.53900890096841],[22.646132983832153,65.53881328291345],[22.647368048875727,65.53857020851919],[22.647692342193682,65.53819277074675],[22.64940895667181,65.53810578073768],[22.649733214733264,65.53772833895552],[22.653438080320292,65.53699900076019],[22.654401290339898,65.53731116358657],[22.654611203871255,65.53802253824634],[22.65552197926247,65.53815684984954],[22.655836912443533,65.53922390875718],[22.653576772669986,65.54042156105973],[22.65416340658655,65.54093332967105],[22.65330501748344,65.54097685493089],[22.65303325137649,65.54153214842913],[22.652174840296762,65.5415756675036],[22.65200798898487,65.54248664852028],[22.652918909570552,65.54262097430292],[22.653505582900205,65.54313274506784],[22.656667696171567,65.54351390695206],[22.65725446358887,65.54402566221309],[22.658542184596204,65.5439603374653],[22.658699751686267,65.54449386284422],[22.660574345119368,65.54494026710178],[22.66174812317902,65.54596374254932],[22.663894457708775,65.54585479676648],[22.665077108727584,65.54543373669725],[22.666093349486236,65.54592365938827],[22.669098176988925,65.54577104090036],[22.66925597318145,65.54630455292173],[22.670114505438217,65.54626093567953],[22.6712970708954,65.54583982787909],[22.676824698050904,65.54537832120799],[22.677148639008095,65.5450008239477],[22.67843634793765,65.5449353300118],[22.68198333603024,65.54367179113602],[22.682088698152068,65.5440274551601],[22.680582513628977,65.54482614926263],[22.6830525063332,65.54433942935475],[22.68337634406009,65.54396191983474],[22.68471668231339,65.5440742045221],[22.684874785525597,65.54460769705608],[22.682939417421892,65.54542826487335],[22.68304480114266,65.54578392801383],[22.685620253421497,65.5456528284665],[22.687277017845414,65.5468320712337],[22.68899404107554,65.54674462781067],[22.6897470669132,65.5463452414493],[22.688835837983685,65.54621114060562],[22.68873037322286,65.54585548233744],[22.694310424230647,65.54557116922798],[22.694897972350883,65.54608277034883],[22.699619535153143,65.54584201884767],[22.699559946002356,65.54710868416345],[22.69611895454154,65.54872828277801],[22.696277325033037,65.54926176064346],[22.695471532901006,65.54948335306523],[22.69450033210066,65.55061595402066],[22.69486982939307,65.55186073977926],[22.691089644815257,65.55674675641671],[22.689635795134723,65.55772337318848],[22.6902235414612,65.55823499046872],[22.689417422199377,65.55845655405719],[22.689681267301484,65.55934569660567],[22.688498407067843,65.55976695117194],[22.688603936589356,65.56012260897884],[22.687315508342856,65.56018819689453],[22.685914079703565,65.56134261083119],[22.68467832494196,65.56158600706084],[22.68241765761749,65.56278409582443],[22.68069955125413,65.56287147582366],[22.679569095844236,65.56347049597875],[22.677798232529415,65.56338001092341],[22.67575589752737,65.56384483650358],[22.67543171771906,65.56422233331303],[22.673283928961794,65.56433145776928],[22.67167100484968,65.56477440730845],[22.669040934855484,65.56472745285683],[22.66759431914362,65.56425936462196],[22.666585878629654,65.56232495293301],[22.665621581839275,65.56201287884244],[22.66589326550425,65.56145756349636],[22.663272293042414,65.55996599652588],[22.66005550570817,65.5594071534818],[22.65995036916842,65.55905147175696],[22.657592722270106,65.5584490056636],[22.657487623992832,65.55809332183735],[22.653149665844474,65.5566886651873],[22.65256267748827,65.55617689623061],[22.64939906780071,65.55579566391512],[22.64929409420327,65.55543997312728],[22.64843521774537,65.55548347578367],[22.647418918169002,65.55499343507947],[22.644203073318906,65.554434245507],[22.643511586920685,65.5535667357352],[22.642548209480957,65.55325449235829]],[[22.69920250637547,65.48719515821698],[22.698774239562265,65.48721703955619],[22.698721582841745,65.4870392132114],[22.69920250637547,65.48719515821698]],[[22.698188855418753,65.67011189172716],[22.698241956894613,65.67028971398462],[22.69781066790132,65.67031162384198],[22.698188855418753,65.67011189172716]],[[22.69364291481641,65.709154351741],[22.696287728358598,65.70920072765381],[22.697796320589777,65.70984627375834],[22.69816871604116,65.71109102362985],[22.69557689143898,65.71122250482645],[22.693742647790806,65.71095448828102],[22.692719211838664,65.71046482438926],[22.692506565534153,65.70975352970567],[22.69364291481641,65.709154351741]],[[22.69623583435504,65.49185960772401],[22.69752086820195,65.49179397921606],[22.697573528324124,65.49197180595239],[22.69623583435504,65.49185960772401]],[[22.697573528324124,65.49197180595239],[22.69805453798921,65.49212775372199],[22.697626189237003,65.49214963266246],[22.697573528324124,65.49197180595239]],[[22.69619168022472,65.67075489734722],[22.697485571852184,65.67068917764028],[22.697160466597715,65.67106673083809],[22.69619168022472,65.67075489734722]],[[22.69710834554317,65.68262264192992],[22.697161470478736,65.68280046434701],[22.69672997222754,65.6828223732733],[22.69710834554317,65.68262264192992]],[[22.696457835362196,65.68337774915801],[22.69688934313611,65.68335584090732],[22.696942468379138,65.68353366339909],[22.696457835362196,65.68337774915801]],[[22.695701051253696,65.68377720804797],[22.69613256644834,65.68375530187062],[22.69623880932591,65.68411094744386],[22.695701051253696,65.68377720804797]],[[22.69623880932591,65.68411094744386],[22.69672345507991,65.68426686225476],[22.69629193196981,65.68428877019083],[22.69623880932591,65.68411094744386]],[[22.696079446214625,65.68357747904429],[22.69651095769889,65.68355557183031],[22.696564080838986,65.68373339447608],[22.696079446214625,65.68357747904429]],[[22.694950793387896,65.49192522537456],[22.695003436352692,65.49210305318594],[22.69457508492194,65.49212492350249],[22.694950793387896,65.49192522537456]],[[22.695003436352692,65.49210305318594],[22.696341138232736,65.49221526224558],[22.695108724653664,65.49245870872998],[22.695003436352692,65.49210305318594]],[[22.695807488157072,65.49188148148056],[22.69575484026358,65.49170365400117],[22.69618318360202,65.49168178042379],[22.695807488157072,65.49188148148056]],[[22.694731796227057,65.68346536998911],[22.694950860778768,65.68273217348757],[22.69586697331326,65.68286618747447],[22.694731796227057,65.68346536998911]],[[22.69511592390257,65.49101421547515],[22.69468759041986,65.4910360859232],[22.694634952197347,65.49085825795412],[22.69511592390257,65.49101421547515]],[[22.69501064252918,65.49065855986898],[22.694153986210196,65.49070229884217],[22.694101352427587,65.4905244706414],[22.69501064252918,65.49065855986898]],[[22.694417166977516,65.49159143945192],[22.694845509829534,65.49156956967283],[22.69489815121351,65.49174739753681],[22.694417166977516,65.49159143945192]],[[22.691847093257223,65.49172263279253],[22.692703787660513,65.49167890650455],[22.69275641474663,65.49185673526414],[22.691847093257223,65.49172263279253]],[[22.69275641474663,65.49185673526414],[22.694522444816766,65.49194709551193],[22.692809042622944,65.49203456399748],[22.69275641474663,65.49185673526414]],[[22.694333645888467,65.48690230212408],[22.693905378951012,65.48692416965862],[22.693852756043174,65.48674634126439],[22.694333645888467,65.48690230212408]],[[22.693912661878052,65.48547967566736],[22.693965282114544,65.48565750406642],[22.69353703518492,65.48567937034734],[22.693912661878052,65.48547967566736]],[[22.69136612715239,65.49156666480378],[22.69093778083367,65.49158852475269],[22.69088516676618,65.49141069522427],[22.69136612715239,65.49156666480378]],[[22.672122723084506,65.6178217261545],[22.672930811047618,65.61760023430897],[22.672658762714107,65.61815556630052],[22.672122723084506,65.6178217261545]],[[22.654202995513604,65.68118480833277],[22.65463434893703,65.68116302812771],[22.654687178886856,65.68134086834996],[22.654202995513604,65.68118480833277]],[[22.65485437812878,65.680429886273],[22.660205826601658,65.67781293707402],[22.661499697940982,65.67774754358386],[22.662248228167783,65.67879276646974],[22.661438485365228,65.67901420539233],[22.6617028501159,65.67990339229205],[22.66272414421042,65.6803932994196],[22.662935683244346,65.6811046467145],[22.664282606060247,65.68121706460951],[22.664115736352834,65.68212805371311],[22.665788259685485,65.68186297725633],[22.666545139229104,65.68146367940643],[22.66633349761871,65.68075233817702],[22.66719616470126,65.68070870807564],[22.667188150829002,65.68215320433472],[22.66648417615224,65.68273034074922],[22.665621440343585,65.68277396750675],[22.666317377616817,65.68364133155895],[22.665181951540966,65.68424027631316],[22.664628456305948,65.68679540994256],[22.66316721497978,65.68777182326258],[22.660957043653777,65.68770300095198],[22.659935485146363,65.68721308459908],[22.657778233363608,65.6873220535397],[22.656272448992677,65.68667606282362],[22.65454667009329,65.68676319860158],[22.6537894512132,65.68716244013673],[22.654335305695174,65.68605183782992],[22.653692530618837,65.68536225610552],[22.65676533224542,65.68538761354873],[22.65741673796574,65.68463268024549],[22.658710958223637,65.68456730696252],[22.66060358392831,65.68356913905136],[22.661466356374063,65.68352554041068],[22.660611961583587,65.68212463943779],[22.658833642391897,65.6820339827907],[22.657698107935047,65.68263287271593],[22.657539548995338,65.68209935583107],[22.65840227872579,65.6820557750206],[22.6582965651389,65.68170009768438],[22.655277037778543,65.68185260672001],[22.654687178886856,65.68134086834996],[22.65485437812878,65.680429886273]],[[22.663586806660287,65.68034968985721],[22.66294393797592,65.67966014825004],[22.66553184120087,65.67952930198192],[22.665690545690506,65.68006280903445],[22.664827897050262,65.68010643040037],[22.665365022952937,65.68044029192194],[22.663586806660287,65.68034968985721]],[[22.66622768161444,65.68039666740464],[22.6659021628772,65.68077415140327],[22.665365022952937,65.68044029192194],[22.66622768161444,65.68039666740464]],[[22.663019902270655,65.60185673823845],[22.66226489717128,65.60225601211707],[22.660974302800383,65.60232139812152],[22.660008555827908,65.60200930307404],[22.661141097490297,65.60141040735746],[22.66243164616786,65.6013450204019],[22.663019902270655,65.60185673823845]],[[22.651619704411623,65.59431124075212],[22.651032010673873,65.59379946648593],[22.649689700087485,65.5936868842415],[22.64916392208951,65.59190843939405],[22.651313306870577,65.59179967300739],[22.654331416044194,65.59020284463246],[22.65782390487101,65.59020647360126],[22.658473375696207,65.58945154312497],[22.659333352415164,65.5894079721796],[22.660342428711015,65.59134242607973],[22.659157651574052,65.59176347117398],[22.65893818638413,65.59249661945864],[22.657805969612067,65.5930954953415],[22.655708331316166,65.5933822370093],[22.655813577190223,65.59373792065847],[22.654953770707547,65.59378145694474],[22.654629098017054,65.59415890788851],[22.651619704411623,65.59431124075212]],[[22.654698482006527,65.60029260933993],[22.655830595345485,65.5996937771105],[22.6571205942609,65.59962846042102],[22.65786650610063,65.60067373090884],[22.65566378147883,65.60060475574032],[22.654698482006527,65.60029260933993]],[[22.657750962513706,65.68281071162507],[22.65731958482505,65.68283250092381],[22.657266733152554,65.68265466183513],[22.657750962513706,65.68281071162507]],[[22.657372437296907,65.68301033998628],[22.65694105590266,65.68303212824807],[22.65688820633703,65.68285428900609],[22.657372437296907,65.68301033998628]],[[22.656993906267633,65.68320996746382],[22.65656252116777,65.68323175468868],[22.656509673709074,65.68305391529337],[22.656993906267633,65.68320996746382]],[[22.65690973020659,65.60776195487149],[22.655724642431732,65.60818295694936],[22.65395142456605,65.60809219123077],[22.653793490075774,65.60755866440017],[22.65621629385231,65.60689452281842],[22.65690973020659,65.60776195487149]],[[22.647335582987754,65.6004846333923],[22.644817505507483,65.59934842778391],[22.644607262804648,65.59863704256765],[22.645414686118688,65.59841571711638],[22.645476726660757,65.59714905419436],[22.64666149221085,65.59672813556244],[22.646933742358407,65.5961728547486],[22.647793644020673,65.59612936299115],[22.648925743897948,65.59553058249712],[22.650101155422117,65.59655414485667],[22.650803274869812,65.59597710367339],[22.65558524335852,65.59591556093689],[22.655953655161706,65.59716045319355],[22.655146363545487,65.5973818334357],[22.654926906868457,65.59811496938696],[22.652987480711975,65.5989351638213],[22.649600120443058,65.59928706729265],[22.648520466605945,65.6000636990091],[22.64964347898639,65.60090941830715],[22.648081130086258,65.601529955765],[22.646308389838087,65.60143909577043],[22.646150660770758,65.6009055589089],[22.647335582987754,65.6004846333923]],[[22.63367038949995,65.47572801705965],[22.63319006089797,65.47557185731056],[22.63361820311369,65.47555016323795],[22.63367038949995,65.47572801705965]],[[22.633461648654052,65.47501660161734],[22.6326053805825,65.47505998749088],[22.633148560879366,65.47394947767638],[22.629567142180353,65.47358941712291],[22.629578027845852,65.472144889684],[22.627061606326738,65.47245282072785],[22.627281162568735,65.47171971846169],[22.629160850181346,65.47072204408869],[22.631572759864984,65.47005837047934],[22.63328496979923,65.46997160897808],[22.634788446601405,65.46917341440164],[22.636500585771884,65.46908661716459],[22.637951715048537,65.46811053993025],[22.640519795817536,65.4679802843097],[22.641490500454807,65.46684803611657],[22.6427222451238,65.46660503414215],[22.64497670310872,65.46540760360249],[22.65262764886478,65.46483851149866],[22.65336936320843,65.46588383981182],[22.651490956463398,65.46688180218051],[22.65083439848051,65.46908119149128],[22.65152387779823,65.46994868153936],[22.65077239016671,65.4703478614178],[22.65091955639339,65.47232591837782],[22.650105954374684,65.47399176604999],[22.649249753207286,65.47403524561858],[22.64935433190681,65.47439094028513],[22.64764189729649,65.47447788637768],[22.64657658957796,65.47380995848137],[22.64385121862745,65.47340677395327],[22.64326638273226,65.47289494704755],[22.641501788233125,65.47280397272307],[22.638714004072682,65.4736673657888],[22.63693889648148,65.47502086236727],[22.63361820311369,65.47555016323795],[22.633461648654052,65.47501660161734]],[[22.641013656674357,65.6056777717223],[22.63951314334487,65.60503156178564],[22.639733083866233,65.604298443185],[22.64059326861412,65.60425498938663],[22.640918264934246,65.60387756518185],[22.641778433378594,65.60383410482507],[22.64236618588395,65.60434591441272],[22.643226366896535,65.60430244571127],[22.643551325116615,65.60392501625094],[22.646614473081485,65.60395067703857],[22.6469393774634,65.60357324086739],[22.648282191762092,65.60368584232481],[22.648931936219896,65.60293096279791],[22.65016950914417,65.60268785903585],[22.65001169176831,65.6021543270915],[22.652749831009928,65.60255730771901],[22.65311822056337,65.6038022071627],[22.647790195935794,65.60497425420513],[22.647623076254135,65.60588522714701],[22.64643791733257,65.60630615734911],[22.644717432564526,65.60639312757365],[22.643752041073586,65.60608091238983],[22.641548881675124,65.60601173654173],[22.641759112617667,65.6067231261606],[22.64353220240711,65.60681403578923],[22.64181167233497,65.60690097350015],[22.641056512803242,65.60730013039728],[22.639933487460684,65.60645434757387],[22.639020688643203,65.60631994989593],[22.639345732131194,65.60594252857489],[22.641013656674357,65.6056777717223]],[[22.652724027719866,65.68505012955941],[22.65277685410443,65.68522797048736],[22.652345431147342,65.68524974612477],[22.652724027719866,65.68505012955941]],[[22.651661029794393,65.60477846791214],[22.651230940317106,65.60480022679317],[22.651178321324416,65.60462238333022],[22.651661029794393,65.60477846791214]],[[22.65137506287938,65.59053301065667],[22.650945208487784,65.59055476631676],[22.65089262617481,65.59037692239933],[22.65137506287938,65.59053301065667]],[[22.651217309667153,65.58999947936232],[22.65126989327867,65.59017732315321],[22.65084004465436,65.5901990784558],[22.651217309667153,65.58999947936232]],[[22.649439237300825,65.58250826773747],[22.649009513424254,65.58253001656657],[22.648956963875943,65.58235217165303],[22.649439237300825,65.58250826773747]],[[22.649227378799026,65.54930621822247],[22.64879804189425,65.54932796892649],[22.64874557450742,65.54915012314258],[22.649227378799026,65.54930621822247]],[[22.646479522721222,65.59168322765461],[22.646154750114402,65.59206066145639],[22.64561976529062,65.59172671047786],[22.646479522721222,65.59168322765461]],[[22.643312757139448,65.59130185524859],[22.64374263155835,65.59128012103558],[22.643795167221956,65.59145796791223],[22.643312757139448,65.59130185524859]],[[22.643795167221956,65.59145796791223],[22.644277583072693,65.59161407898118],[22.643847703677444,65.5916358147628],[22.643795167221956,65.59145796791223]],[[22.643250211708505,65.60881382215169],[22.64163467591552,65.6092564527677],[22.641371862609606,65.60836721571775],[22.642557198321686,65.6079463233083],[22.642452064390632,65.60759062927346],[22.643742495411384,65.60752542202755],[22.643250211708505,65.60881382215169]],[[22.642481517122707,65.46282674036193],[22.64193893888505,65.46393727739039],[22.64043597697062,65.46473553779475],[22.639580059096023,65.46477895957976],[22.639099901682396,65.46462281686635],[22.639214674452525,65.46353399769255],[22.642481517122707,65.46282674036193]],[[22.64040643521629,65.60805497959142],[22.639976280217127,65.60807670721094],[22.63992373018444,65.60789885913464],[22.64040643521629,65.60805497959142]],[[22.63974817537619,65.47866891796764],[22.639100724497375,65.47942374665459],[22.63824432350958,65.47946716588817],[22.63760723202885,65.47877746551102],[22.639163294853596,65.47815707561062],[22.63974817537619,65.47866891796764]],[[22.63320498185648,65.45192588179343],[22.63448824676303,65.45186080789178],[22.634216892153486,65.45241606291023],[22.632933599234953,65.45248113479555],[22.63320498185648,65.45192588179343]],[[22.633945230295407,65.57137863898194],[22.633086117718186,65.57142204408034],[22.633033703889396,65.57124419227296],[22.633945230295407,65.57137863898194]],[[22.632064180422148,65.601978129444],[22.63034392397879,65.60206493420955],[22.6302389856769,65.60170922973028],[22.632064180422148,65.601978129444]],[[22.630857749387527,65.45132289218894],[22.63128549764266,65.45130120882557],[22.631337609817507,65.4514790641909],[22.630857749387527,65.45132289218894]],[[22.59958353535473,65.45272438195826],[22.599259687387868,65.45310170528077],[22.597549081657966,65.45318803869564],[22.596369878193368,65.453608515797],[22.594179697703343,65.4535385184707],[22.594296164817223,65.45244972263272],[22.596654499943877,65.45160879237743],[22.5968746127733,65.45087573514489],[22.59853318204168,65.45061154193648],[22.600671222090483,65.45050361044447],[22.601254545964924,65.45101562421],[22.602537383980508,65.45095084566746],[22.602317430060314,65.45168390951243],[22.60327652094192,65.45199645282787],[22.60242126371793,65.45203964425492],[22.602525100489718,65.45239537889454],[22.606853360557643,65.4523572355828],[22.607177089264756,65.45197989720286],[22.60467543176957,65.45084285735345],[22.604467717825973,65.45013139138959],[22.606605689128372,65.45002337651597],[22.607564767525027,65.45033589269875],[22.61007836708967,65.45002835435479],[22.61044213955943,65.45127340325081],[22.61750474354557,65.45019422292496],[22.61782845142243,65.44981685550981],[22.618516296471732,65.45068451302998],[22.62012322397205,65.45024219219005],[22.622261922883087,65.45013391585282],[22.622897868874613,65.45082369268583],[22.620643597663108,65.45202079133261],[22.620747681765167,65.45237651085127],[22.624973331312336,65.45198204882179],[22.62695589703237,65.45134013108894],[22.6309098587108,65.4515007477317],[22.62817603759718,65.45254178232366],[22.62763303535879,65.45365227221689],[22.625326669254793,65.45467158402609],[22.626066985487395,65.45571706084687],[22.62702682122186,65.45602943261392],[22.627339400719347,65.45709657437388],[22.626587894258215,65.45749563399397],[22.62642050956386,65.45840659163073],[22.623789959201222,65.45980327081205],[22.62207837607882,65.45988991811804],[22.620199167579436,65.4608874992597],[22.61997948469765,65.46162059247705],[22.61762008132948,65.46246193685094],[22.617724174522976,65.46281765838751],[22.616596761189076,65.4634161633821],[22.61536538758631,65.46365892907643],[22.614018329305768,65.46499048780117],[22.6110235049313,65.46514186445275],[22.608468400837133,65.46382703884203],[22.606329311832663,65.46393509169413],[22.605629575140668,65.46451190168165],[22.60461802659408,65.46402151229447],[22.604046500060857,65.46206498306773],[22.603190915553316,65.4621081822507],[22.602659235470572,65.46177404605342],[22.602827305902938,65.46086311410053],[22.605290014519337,65.46037777765775],[22.60816843571527,65.46131532077295],[22.60934778426165,65.46089474994828],[22.614428913246325,65.46045741426195],[22.61593180971433,65.45965943921634],[22.61508789583757,65.45825817783361],[22.613648711089763,65.45778947886524],[22.609371551439903,65.45800569053634],[22.609047785240328,65.45838303402842],[22.607764602685492,65.45844787149738],[22.60766066574808,65.45809214148822],[22.604238856952893,65.45826498559077],[22.604134968777824,65.45790925264932],[22.60242406850281,65.45799564438526],[22.602320206266533,65.45763990992673],[22.60023350839028,65.45792573886033],[22.60136091515705,65.45732736259404],[22.601529011632035,65.45641643184425],[22.59987010949131,65.45668066144002],[22.599234773429366,65.45599077484486],[22.60138558632559,65.45443829516944],[22.600750268708147,65.45374841477393],[22.601553669377346,65.4535273645484],[22.60134601448226,65.45281589366314],[22.59958353535473,65.45272438195826]],[[22.626916235510457,65.49863217375373],[22.627772967720908,65.49858882817921],[22.627929576622424,65.49912239522843],[22.627020629212517,65.49898788585614],[22.626916235510457,65.49863217375373]],[[22.62368700188573,65.50096145936196],[22.625400628785936,65.50087479829415],[22.624230718381906,65.49985098871903],[22.626801041571525,65.49972098179347],[22.626633641369285,65.50063193369105],[22.62577683991651,65.50067527352148],[22.62630963481315,65.50100931680763],[22.624648189349138,65.50127384520788],[22.622390733624957,65.50247096489356],[22.620624827341256,65.50237973444297],[22.620896769599437,65.50182450400169],[22.623362948470138,65.50133883664483],[22.62368700188573,65.50096145936196]],[[22.62602697920883,65.50300907628038],[22.62645541832789,65.50298740586628],[22.62650762215672,65.50316526201921],[22.62602697920883,65.50300907628038]],[[22.620049294646364,65.46630990917689],[22.621281224266813,65.4660670802566],[22.62160506012363,65.46568970336781],[22.624120904259364,65.4653818692788],[22.62604127810325,65.46600662421496],[22.62582172535332,65.46673972461045],[22.626353961402636,65.46707376701829],[22.625278363360675,65.4678502098829],[22.622762297855765,65.46815806556313],[22.622062502395032,65.46873496517291],[22.621206416977515,65.46877828450634],[22.619557764600582,65.46759823602159],[22.620049294646364,65.46630990917689]],[[22.622484054792338,65.50427120289368],[22.62371725480093,65.5040283601475],[22.623612881739213,65.50367264553685],[22.626079180174557,65.50318693261089],[22.626235787777354,65.50372050144709],[22.624950431356513,65.5037855075809],[22.62425009486612,65.50436241023714],[22.62301688446042,65.50460525743925],[22.622484054792338,65.50427120289368]],[[22.612180519621624,65.56110560736698],[22.613155223238298,65.55997351877286],[22.614443384946444,65.55990858409992],[22.615574739922412,65.55931006058222],[22.618475776645443,65.55880276605033],[22.620413398834735,65.55798303204351],[22.62261244072785,65.55805255713905],[22.622937162774967,65.55767517443113],[22.625083856714706,65.55756680764905],[22.62518851033567,65.55792251849454],[22.623952798438843,65.55816539917792],[22.625020800826178,65.55883347217559],[22.624905411574595,65.55992228125821],[22.622161323443684,65.56096326877963],[22.62226595363925,65.56131898189409],[22.620705258228845,65.561939220032],[22.62086218198897,65.56247279141064],[22.620107944959116,65.56287183438306],[22.6158658902064,65.56326626518911],[22.6129756925737,65.56232898943986],[22.612180519621624,65.56110560736698]],[[22.623469246229828,65.47353714336644],[22.624325482771408,65.47349380963232],[22.624377601055834,65.47367166736714],[22.623469246229828,65.47353714336644]],[[22.622665113413607,65.47375833072165],[22.623521358800023,65.47371500145609],[22.623573472152287,65.47389285951988],[22.622665113413607,65.47375833072165]],[[22.621383117623743,65.571651825783],[22.620901212991352,65.57149563663403],[22.621330783124044,65.5714739691154],[22.621383117623743,65.571651825783]],[[22.621226116489463,65.57111825570237],[22.622892022445143,65.57085371891374],[22.622619488792306,65.57140895929692],[22.621330783124044,65.5714739691154],[22.621226116489463,65.57111825570237]],[[22.619437643078747,65.47608753893078],[22.615950039183844,65.47752733840974],[22.6082973499982,65.47809447402798],[22.606753151191274,65.47726999069985],[22.60784112271699,65.47504916420519],[22.609721002819423,65.47405176192159],[22.61400078103923,65.47383551316695],[22.613896685494428,65.4734797890596],[22.61518058659251,65.47341489199788],[22.617540083157298,65.472573623193],[22.618500133221662,65.47288605983447],[22.621016067892604,65.4725783021975],[22.620524486253323,65.47386663278294],[22.622717221051495,65.4739361891402],[22.622393306234454,65.47431356925594],[22.6211089042226,65.474378552089],[22.619437643078747,65.47608753893078]],[[22.619929040704204,65.56522730691321],[22.620358508492245,65.56520564320105],[22.6204108211691,65.56538350042027],[22.619929040704204,65.56522730691321]],[[22.6204108211691,65.56538350042027],[22.620892607390758,65.56553969233549],[22.62046313463373,65.56556135761353],[22.6204108211691,65.56538350042027]],[[22.61875629505478,65.56420348364618],[22.618326842173374,65.56422514266097],[22.61827454652294,65.56404728454892],[22.61875629505478,65.56420348364618]],[[22.616443446987738,65.6067365282593],[22.616013289693413,65.60675818791154],[22.61596090671445,65.60658032984043],[22.616443446987738,65.6067365282593]],[[22.616046577791217,65.60242461727417],[22.61615132553035,65.60278033351497],[22.61572123335475,65.60280199167455],[22.615186404200685,65.60246793166898],[22.616046577791217,65.60242461727417]],[[22.606251197546683,65.55129675060641],[22.607434570912968,65.55087615304505],[22.607017080398233,65.54945324874765],[22.610137603211545,65.54821304762804],[22.610995997284455,65.54816978008297],[22.610827832119778,65.54908072262675],[22.612492452105062,65.54881631344028],[22.612701334283383,65.54952775677036],[22.61441819555554,65.54944118697603],[22.615381101776602,65.54975361420155],[22.609830220882998,65.55310184859836],[22.605966681726688,65.55329649229219],[22.60538085196096,65.55278452221675],[22.606251197546683,65.55129675060641]],[[22.614565692500616,65.60628958369978],[22.614618065233866,65.60646744235694],[22.614187910556748,65.60648909680324],[22.614565692500616,65.60628958369978]],[[22.614580441095118,65.59744457901442],[22.613720429175604,65.59748788344127],[22.61366808437081,65.59731002420023],[22.614580441095118,65.59744457901442]],[[22.612167353112042,65.63817739379445],[22.612440729126536,65.6376221633963],[22.613732742591974,65.63755719550515],[22.613028715175883,65.63813408444047],[22.612167353112042,65.63817739379445]],[[22.613054530061437,65.60708763081955],[22.61262436355889,65.60710928095003],[22.612572002899487,65.60693142148052],[22.613054530061437,65.60708763081955]],[[22.61283788668203,65.6419340818959],[22.61289033424097,65.64211194043175],[22.612459587497266,65.64213359599376],[22.61283788668203,65.6419340818959]],[[22.612850639248027,65.57821877282353],[22.612420949374265,65.57824041751194],[22.612368660100632,65.57806255727841],[22.612850639248027,65.57821877282353]],[[22.611481974961524,65.64326571034071],[22.610620439575012,65.6433090126728],[22.610568004649114,65.64313115322324],[22.611481974961524,65.64326571034071]],[[22.611313408662717,65.64417665808165],[22.611365851238627,65.64435451719739],[22.61050427949374,65.64439781923883],[22.611313408662717,65.64417665808165]],[[22.60948559763074,65.6097941298367],[22.60953794413297,65.60997199051933],[22.609107726395603,65.60999363119342],[22.60948559763074,65.6097941298367]],[[22.6090133299009,65.59483691678763],[22.60944329717736,65.59481527893355],[22.609495607059113,65.59499313998626],[22.6090133299009,65.59483691678763]],[[22.608635665945776,65.59503641483823],[22.60906563689674,65.59501477801815],[22.609117944681188,65.59519263922283],[22.608635665945776,65.59503641483823]],[[22.595866883370434,65.54261452198858],[22.596568836127947,65.54203773416758],[22.595735431782543,65.53919184855046],[22.592796604014858,65.53807628438457],[22.592484265413436,65.5370090681207],[22.593238208136846,65.5366101658732],[22.59308203687404,65.53607655830172],[22.594641892984928,65.53545661367075],[22.59491469586435,65.53490142106368],[22.596578589397062,65.53463719438693],[22.59647443841101,65.53428145870454],[22.597709299060405,65.53403881110513],[22.598996226976958,65.53397402050906],[22.599581486986317,65.53448602106852],[22.603013322925793,65.53431317905138],[22.604248120898927,65.53407047871671],[22.604949666366704,65.53349365622556],[22.60628868526661,65.53360666835947],[22.606653684236004,65.53485171444036],[22.6079927798737,65.53496471070306],[22.608630398744424,65.53565453722662],[22.606810124131165,65.53538530523066],[22.607123025101668,65.5364524861141],[22.606317155871718,65.53667359156117],[22.60647360207069,65.53720718264117],[22.60561555956414,65.53725042092785],[22.606201025853366,65.53776239376859],[22.605395108585263,65.5379834947986],[22.60549939901751,65.53833922291386],[22.604589177475248,65.53820459167756],[22.60388750311514,65.5387814138362],[22.605331084018548,65.53925016082309],[22.605435379689393,65.53960588893172],[22.60366699289247,65.53951448580327],[22.603550746244757,65.54060328719142],[22.602692586212488,65.54064651010565],[22.60300539493282,65.54171370048651],[22.601288996503975,65.54180013606425],[22.60139324936756,65.54215586740335],[22.599781048418237,65.54259801771093],[22.599664632843044,65.54368681786357],[22.598702138428248,65.54337428644654],[22.597414745941865,65.54343907930222],[22.597310541136807,65.54308334472745],[22.595866883370434,65.54261452198858]],[[22.608316052151586,65.44993694294968],[22.607888462564162,65.44995855314683],[22.60783651321815,65.44978068800579],[22.608316052151586,65.44993694294968]],[[22.60755203212187,65.53643086345025],[22.60760418790112,65.53660872666303],[22.607175178009197,65.53663034950434],[22.60755203212187,65.53643086345025]],[[22.606722558996037,65.53954103002299],[22.606293500011798,65.53956265086799],[22.606241346039134,65.53938478718135],[22.606722558996037,65.53954103002299]],[[22.6057079892961,65.53905067883468],[22.606409629695133,65.53847384858018],[22.606618246090456,65.53918530297868],[22.6057079892961,65.53905067883468]],[[22.604647754560943,65.63638935072208],[22.605509072437744,65.63634608449811],[22.60609689259072,65.63685803407436],[22.605235558918462,65.63690130379491],[22.604647754560943,65.63638935072208]],[[22.59993833233816,65.72578910433681],[22.598052065741342,65.72534204083037],[22.597409739990226,65.72465221657811],[22.59498641842692,65.72387101267616],[22.594881371023305,65.72351528457554],[22.593047866227977,65.72324602071961],[22.592942848533365,65.7228902909848],[22.597094495911303,65.72358503809558],[22.598116366939003,65.72407537363112],[22.601468207246022,65.7235465869304],[22.60211061124213,65.72423639326144],[22.604376401591136,65.72448390101218],[22.605071504524158,65.72535155387187],[22.60377508152409,65.72541649246274],[22.604627981778762,65.72681772800496],[22.603974025699575,65.72757246066466],[22.60288784080145,65.72834883384753],[22.599482845484815,65.72869979567515],[22.599272582975804,65.72798834727134],[22.600411433692738,65.72738986064347],[22.59993833233816,65.72578910433681]],[[22.6046621399362,65.722484147784],[22.604714727960165,65.72266200781957],[22.604282632321684,65.72268365377565],[22.6046621399362,65.722484147784]],[[22.60294518644382,65.52962385437387],[22.603049403172385,65.5299795849146],[22.603907211818473,65.52993636358468],[22.6041156776427,65.53064782293848],[22.601425854985624,65.53186627711335],[22.600788524086337,65.53117641729017],[22.60294518644382,65.52962385437387]],[[22.603811446946697,65.5414926108],[22.603382352958107,65.54151422374821],[22.603330214121726,65.54133635890078],[22.603811446946697,65.5414926108]],[[22.603502611359488,65.46317538251859],[22.60307480081293,65.4631969813642],[22.603022852417638,65.46301911454043],[22.603502611359488,65.46317538251859]],[[22.601770166019637,65.61325039790357],[22.603061000581807,65.61318553283448],[22.60273533977396,65.61356288260014],[22.60144448550068,65.6136277450973],[22.601770166019637,65.61325039790357]],[[22.599297083856378,65.44876810076425],[22.59881761903132,65.44861181638954],[22.59924519568084,65.44859023203401],[22.599297083856378,65.44876810076425]],[[22.599633336765244,65.44694624316242],[22.60177107229087,65.44683829924122],[22.602406237636405,65.44752817688563],[22.600100346645846,65.44854705971177],[22.59924519568084,65.44859023203401],[22.599633336765244,65.44694624316242]],[[22.601870683881845,65.4665065718635],[22.60229854970668,65.4664849758584],[22.602350501492587,65.46666284290046],[22.601870683881845,65.4665065718635]],[[22.59956313936293,65.46752546373546],[22.598175628433108,65.46723448804936],[22.601170781895057,65.46708336289967],[22.6019226328128,65.46668443908234],[22.601002626480984,65.46799429392385],[22.59966701153635,65.46788120001146],[22.59956313936293,65.46752546373546]],[[22.60181565343311,65.58815978516174],[22.60138578843445,65.5881814003328],[22.60133355046494,65.5880035357576],[22.60181565343311,65.58815978516174]],[[22.600639278461927,65.54255481059297],[22.601549634545485,65.54268946421845],[22.600743526106733,65.54291054243485],[22.600639278461927,65.54255481059297]],[[22.60106689311493,65.46672762783201],[22.601014949893926,65.4665497602596],[22.601442817277576,65.4665281666639],[22.60106689311493,65.46672762783201]],[[22.600809811208684,65.47179429225687],[22.600381857114925,65.47181588495533],[22.600329906346325,65.47163801721929],[22.600809811208684,65.47179429225687]],[[22.600154249401367,65.71910004513761],[22.60046955390359,65.72016721664681],[22.596253985112668,65.72073922424573],[22.597392597116876,65.72014076262454],[22.599120832775945,65.72005425117781],[22.600154249401367,65.71910004513761]],[[22.600008996479296,65.446746788328],[22.599581450668406,65.44676837452842],[22.599529565349485,65.4465905058687],[22.600008996479296,65.446746788328]],[[22.59760273117569,65.72085221487923],[22.598034802952906,65.72083058813229],[22.598087341374406,65.7210084509527],[22.59760273117569,65.72085221487923]],[[22.5941866612426,65.72264758125131],[22.593164921519783,65.72215721801608],[22.592300723064536,65.72220044317338],[22.59295489673239,65.72144575853447],[22.593819068664875,65.72140252992742],[22.594957766596927,65.72080408566575],[22.595821913069713,65.72076084593813],[22.59641156536949,65.7212728148481],[22.597655266679908,65.72103007787807],[22.597760340075915,65.721385803798],[22.595862549972008,65.7223832407299],[22.5941866612426,65.72264758125131]],[[22.59756918081573,65.5885537485017],[22.597139305060622,65.58857535173503],[22.59708709514952,65.58839748541],[22.59756918081573,65.5885537485017]],[[22.593907589548344,65.71724679832039],[22.5940125929372,65.71760252752127],[22.59358057101268,65.71762414234627],[22.59304355657027,65.71729002603821],[22.593907589548344,65.71724679832039]],[[22.59225622001843,65.71462204838019],[22.591929208120295,65.71499938878415],[22.59279316686654,65.7149561681396],[22.59381460644741,65.71544653685783],[22.593919599765684,65.71580226622014],[22.59262362148294,65.7158671053457],[22.592833582666188,65.71657856589914],[22.591969569839183,65.71662178731518],[22.59229660030115,65.71624444663507],[22.589220110192713,65.71621782265687],[22.58901025186769,65.71550635608885],[22.59225622001843,65.71462204838019]],[[22.591699011952805,65.72313299078978],[22.591751512443867,65.72331085617925],[22.591319392924987,65.72333246556067],[22.591699011952805,65.72313299078978]],[[22.59154151525181,65.72259939446604],[22.591594013356797,65.7227772599332],[22.590729791031674,65.72282047640705],[22.59154151525181,65.72259939446604]],[[22.590846943398255,65.72173167451862],[22.590899434609103,65.72190954029354],[22.590467337638074,65.72193114702945],[22.590846943398255,65.72173167451862]],[[22.575880348319814,65.72302079457259],[22.576312478139332,65.72299922893399],[22.576364872519758,65.72317710068758],[22.575880348319814,65.72302079457259]],[[22.579389779456303,65.72302610583128],[22.57734685906549,65.72204516821684],[22.578643192842698,65.72198045568166],[22.578538379383513,65.72162471397469],[22.579677448011566,65.72102638038261],[22.580541632616548,65.72098322706148],[22.581196124484165,65.72022858981477],[22.58411577191255,65.71972176552],[22.58466524551037,65.71861137747361],[22.585529339447397,65.71856819673052],[22.58563423411261,65.71892393280201],[22.58644588297614,65.71870287880387],[22.589195569268625,65.71910689133672],[22.588319151084065,65.72059462772717],[22.58972033954566,65.72088555536914],[22.590414849344935,65.72175328107625],[22.588424093994202,65.72095036139598],[22.587559926318693,65.72099355931842],[22.587232769872724,65.7213708910856],[22.585884036571972,65.72125780839872],[22.585988949239287,65.72161354405068],[22.58458776080873,65.72132258204397],[22.583880899419803,65.72189936448983],[22.584850004669796,65.72221192365235],[22.5850598140616,65.72292339647367],[22.58447034480828,65.72241138174213],[22.582637020455508,65.7221419906372],[22.5821398275821,65.72343024227952],[22.57949461145645,65.72338184676904],[22.579756705354665,65.72427119866141],[22.582244699368385,65.72378598092544],[22.581969867244045,65.72434117179252],[22.5837508937496,65.7244327007808],[22.583920791486452,65.72352176990405],[22.58613389667332,65.72359168303791],[22.587325339644448,65.72317116075827],[22.586251244814964,65.72250288272807],[22.589171041954128,65.72199595992221],[22.590087726042412,65.72213061865173],[22.588948856241394,65.7227290281876],[22.589485935890096,65.72306315830656],[22.58850445056138,65.72419516409639],[22.587692649944074,65.72441623060092],[22.588387194154755,65.72528396523587],[22.587522881640165,65.72532716439795],[22.586868455913272,65.72608182821611],[22.585244694685343,65.72652394104136],[22.585781809044217,65.7268580838944],[22.58453771247614,65.72710072776253],[22.584747561007354,65.7278122006417],[22.583018749208588,65.72789855457722],[22.58193191151867,65.72867478467762],[22.579823240840106,65.72896055511566],[22.57891917944602,65.72738129744774],[22.580215775910155,65.72731656888993],[22.58118504554753,65.72762914976202],[22.58005848543461,65.72678295861526],[22.58173479431971,65.72651876950457],[22.581472605006454,65.7256294219626],[22.580018819108634,65.72516054990807],[22.581262867856896,65.72491794346388],[22.579913971224215,65.7248048094869],[22.57883999481028,65.72413647795494],[22.577543553589898,65.72420119324032],[22.576364872519758,65.72317710068758],[22.579389779456303,65.72302610583128]],[[22.588243455772563,65.46593034089014],[22.589047335051333,65.46570935229367],[22.589202917099936,65.46624296985837],[22.588243455772563,65.46593034089014]],[[22.589013605719437,65.72146236038066],[22.589066083669323,65.7216402269204],[22.588633989353383,65.7216618284232],[22.589013605719437,65.72146236038066]],[[22.588936587319857,65.72417356253656],[22.58904155619528,65.72452929552671],[22.588609413600015,65.72455089744307],[22.588936587319857,65.72417356253656]],[[22.58397101834399,65.71774362271358],[22.58386615230117,65.7173878852114],[22.585214674517736,65.71750098789545],[22.5853195596501,65.71785672427724],[22.58397101834399,65.71774362271358]],[[22.583328180557245,65.47141193734976],[22.58461207163704,65.47134730033791],[22.582303420878976,65.47236593979343],[22.581771787031762,65.47203172953353],[22.583328180557245,65.47141193734976]],[[22.581927266169618,65.47256535567554],[22.580746946838406,65.4729857222463],[22.580643307332743,65.47262997055485],[22.581927266169618,65.47256535567554]],[[22.579426940777314,65.55787954229294],[22.578568163924302,65.55792263467438],[22.578464146409154,65.55756688519135],[22.579700277032334,65.5573243716163],[22.57959624695024,65.55696862304055],[22.580454990328807,65.5569255251686],[22.580559031920814,65.55728127303668],[22.579426940777314,65.55787954229294]],[[22.580313336762472,65.49087540692422],[22.579716045702064,65.4918078610977],[22.57885943973046,65.49185093288325],[22.57815837555743,65.49242762925017],[22.576873430331116,65.49249222223166],[22.576717911173603,65.49195859123753],[22.580313336762472,65.49087540692422]],[[22.579928107752686,65.72931629541688],[22.579980542400843,65.72949416552875],[22.579548307749135,65.72951574263202],[22.579928107752686,65.72931629541688]],[[22.579586656905295,65.7251821263962],[22.57953423548474,65.72500425602045],[22.579966394769272,65.72498267971041],[22.579586656905295,65.7251821263962]],[[22.579102075405963,65.72502583111115],[22.579049657698466,65.72484796053156],[22.579481814858465,65.72482638561891],[22.579102075405963,65.72502583111115]],[[22.579255722243506,65.47233882173566],[22.57882773779023,65.47236035365023],[22.57877593218699,65.47218247700953],[22.579255722243506,65.47233882173566]],[[22.57889354756074,65.73027037550565],[22.57743954049597,65.72980148100791],[22.578304022789762,65.72975833742221],[22.57889354756074,65.73027037550565]],[[22.57848697903588,65.72740287119461],[22.57843455976039,65.72722500041664],[22.578866757251134,65.72720342684781],[22.57848697903588,65.72740287119461]],[[22.578513725786088,65.73046982035721],[22.578081473355933,65.7304913934721],[22.578029049335303,65.73031352259903],[22.578513725786088,65.73046982035721]],[[22.576417821159144,65.72931100510611],[22.576850055531875,65.72928943689648],[22.576902468946127,65.72946730828056],[22.576417821159144,65.72931100510611]],[[22.576902468946127,65.72946730828056],[22.577387122573082,65.72962360985349],[22.576954883154652,65.7296451796388],[22.576902468946127,65.72946730828056]],[[22.577322976677294,65.47315797838428],[22.576466976362134,65.47320103036658],[22.57641518479178,65.4730231527706],[22.577322976677294,65.47315797838428]],[[22.57551395355981,65.72773172527377],[22.575946162448787,65.72771015988573],[22.575998565795643,65.72788803168014],[22.57551395355981,65.72773172527377]],[[22.575998565795643,65.72788803168014],[22.576483183870725,65.72804433648515],[22.576050969936592,65.72806590344874],[22.575998565795643,65.72788803168014]],[[22.575199567670293,65.72666449289746],[22.575631759042533,65.72664292857728],[22.57568415762523,65.72682080052655],[22.575199567670293,65.72666449289746]],[[22.57568415762523,65.72682080052655],[22.576168753418884,65.72697710655434],[22.5757365570019,65.72699867245001],[22.57568415762523,65.72682080052655]],[[22.57521467699256,65.51513589779125],[22.575487709036373,65.51458073796145],[22.576072053692837,65.51509283875605],[22.57521467699256,65.51513589779125]],[[22.57593317921207,65.72915470033016],[22.575985585992175,65.72933257209607],[22.575553350031022,65.72935413786634],[22.57593317921207,65.72915470033016]],[[22.57538394180513,65.51422498388932],[22.57581261542889,65.51420345465053],[22.575916388394564,65.51455920836963],[22.57538394180513,65.51422498388932]],[[22.572756372404108,65.4753728892156],[22.573612451129957,65.47532985746211],[22.573664229167036,65.475507736161],[22.57285991782391,65.47572864729266],[22.572756372404108,65.4753728892156]],[[22.573508897387306,65.47497409998758],[22.57431318015236,65.47475318569428],[22.57441674377162,65.47510894251508],[22.573612451129957,65.47532985746211],[22.573508897387306,65.47497409998758]],[[22.57109596651733,65.4756368180141],[22.57195205717544,65.47559379555129],[22.57248364259711,65.47592804089005],[22.574195834343605,65.47584197526854],[22.57387134908742,65.47621925070074],[22.571782842628078,65.47650470490103],[22.57109596651733,65.4756368180141]],[[22.573587388226397,65.5513141151273],[22.57401667319809,65.55129258472887],[22.574068636128402,65.55147046146797],[22.573587388226397,65.5513141151273]],[[22.573850602678775,65.72655130585406],[22.573902988790163,65.72672917854091],[22.57347079424247,65.72675073798302],[22.573850602678775,65.72655130585406]],[[22.573210059650346,65.55151352140867],[22.573639348280448,65.55149199204314],[22.57369130911665,65.55166986893327],[22.573210059650346,65.55151352140867]],[[22.57170361896155,65.54635507531562],[22.571274412944575,65.54637659834782],[22.57122248131563,65.54619872033518],[22.57170361896155,65.54635507531562]],[[22.571244192235756,65.72812518582852],[22.57129656425962,65.7283030595544],[22.57086434079906,65.72832461188266],[22.571244192235756,65.72812518582852]],[[22.570721527681478,65.49225987419288],[22.570825126207545,65.49261563315184],[22.570396801540635,65.49263714466807],[22.570721527681478,65.49225987419288]],[[22.570194490033597,65.54715267410211],[22.5697652693896,65.54717419300326],[22.569661423662577,65.54681843574431],[22.570194490033597,65.54715267410211]],[[22.570064707238533,65.73305709079997],[22.570117083170384,65.73323496489694],[22.569684776094288,65.73325651470931],[22.570064707238533,65.73305709079997]],[[22.56536773136676,65.7156037708573],[22.565420032502512,65.71578164730128],[22.564988012282715,65.71580318091155],[22.56536773136676,65.7156037708573]],[[22.564019385488713,65.71549049049568],[22.56353508084234,65.71533414288784],[22.564883416637127,65.71544742764256],[22.564019385488713,65.71549049049568]],[[22.562664453355403,65.5168484976088],[22.562235723248616,65.51686999014304],[22.562183923995608,65.51669210770602],[22.562664453355403,65.5168484976088]],[[22.559732023931687,65.59640627999683],[22.561400204349795,65.59614239665484],[22.561504174611624,65.5964981584037],[22.560266020900475,65.5967405439596],[22.559732023931687,65.59640627999683]],[[22.5594901404544,65.71499421625255],[22.55964692059986,65.7155278528192],[22.558782876281853,65.71557088606193],[22.5594901404544,65.71499421625255]],[[22.55918524531154,65.58109285546702],[22.55923717868626,65.58127073762157],[22.558807384891956,65.5812922312721],[22.55918524531154,65.58109285546702]],[[22.558873417359216,65.71737119306496],[22.55892567815528,65.7175490721446],[22.558493621927326,65.71757058767102],[22.558873417359216,65.71737119306496]],[[22.558207430308276,65.58222462797656],[22.558259359726577,65.58240251050734],[22.557829546279866,65.58242400158309],[22.558207430308276,65.58222462797656]],[[22.55747305521256,65.54833136607506],[22.557043802514823,65.54835284922106],[22.556940124639166,65.54799708152755],[22.55747305521256,65.54833136607506]],[[22.557368254794095,65.71672421674877],[22.557420503671665,65.71690209646373],[22.556988456739003,65.71692360762289],[22.557368254794095,65.71672421674877]],[[22.55612436049949,65.71696662628396],[22.556556409014927,65.71694511756297],[22.556608652849082,65.71712299760719],[22.55612436049949,65.71696662628396]],[[22.556608652849082,65.71712299760719],[22.557092951033628,65.71727936733068],[22.556660897474615,65.71730087762572],[22.556608652849082,65.71712299760719]],[[22.55586316778555,65.71607722479021],[22.55596764249729,65.71643298546478],[22.555535601942708,65.71645449243434],[22.55586316778555,65.71607722479021]],[[22.551944514888007,65.54878843854924],[22.552699422061814,65.5483897285573],[22.552803043976983,65.54874549972533],[22.551944514888007,65.54878843854924]],[[22.553025055136352,65.54801248676577],[22.55388355653752,65.54796954209415],[22.553557936526836,65.54834678559989],[22.552699422061814,65.5483897285573],[22.553025055136352,65.54801248676577]],[[22.5538573896798,65.5822615981304],[22.55342757417789,65.58228307673828],[22.553375678051253,65.58210519221454],[22.5538573896798,65.5822615981304]],[[22.55245533097555,65.55652340256513],[22.552025938423608,65.55654487290177],[22.551974113672653,65.55636698719445],[22.55245533097555,65.55652340256513]],[[22.551903071282112,65.72349349978244],[22.551955299038745,65.7236713815893],[22.55152313359301,65.72369287840843],[22.551903071282112,65.72349349978244]],[[22.551418684709475,65.7233371144142],[22.551470908755594,65.72351499642417],[22.5510387454378,65.7235364918464],[22.551418684709475,65.7233371144142]],[[22.550523337379225,65.55138617702683],[22.5500940274944,65.55140764104272],[22.550042228241676,65.55122975441904],[22.550523337379225,65.55138617702683]],[[22.534244918738153,65.5538234158248],[22.53333449446351,65.55368835800786],[22.534193221814732,65.5536455227417],[22.534244918738153,65.5538234158248]],[[22.534364096991304,65.55273463837594],[22.536303992506507,65.55191595850766],[22.538879972464333,65.5517873896093],[22.53941275516201,65.55212173925034],[22.540700749557065,65.55205743378238],[22.539635168152,65.55138874185552],[22.542262822114218,65.55143800683958],[22.541626535724255,65.5507478872822],[22.542485149806886,65.55070500612582],[22.542692140274173,65.5514165649524],[22.545164501557238,65.55093211097338],[22.544512928047926,65.55168656315759],[22.540049019120126,65.55281186834561],[22.53870926005882,65.55269827741566],[22.539035148145054,65.55232106313697],[22.537747135773127,65.552385354614],[22.53505194605271,65.55360268263553],[22.534193221814732,65.5536455227417],[22.534364096991304,65.55273463837594]],[[22.54566073934763,65.54964399104426],[22.5469485927788,65.54957963384322],[22.547274323888438,65.549202403428],[22.548132875881326,65.54915949086394],[22.548029315684357,65.54880371587097],[22.550123859952038,65.54851852839916],[22.54871750547919,65.54967169453712],[22.547858937786312,65.54971461057737],[22.548014282312955,65.55024827317445],[22.546297103054624,65.55033409285183],[22.545164501557238,65.55093211097338],[22.54566073934763,65.54964399104426]],[[22.548503898914063,65.68052819096563],[22.548935347643834,65.68050670987695],[22.548987450756005,65.68068459391414],[22.548503898914063,65.68052819096563]],[[22.548987450756005,65.68068459391414],[22.549471008415274,65.6808409952659],[22.549039554656368,65.68086247792576],[22.548987450756005,65.68068459391414]],[[22.546540859975085,65.5526680914635],[22.547777073460647,65.55242583775305],[22.547673502462402,65.5520700626213],[22.548480357986804,65.55184925958854],[22.54906505796654,65.55236146120995],[22.54755488357539,65.5531588448431],[22.547762035892067,65.5538703950971],[22.54695511233225,65.55409119499375],[22.547058683217486,65.55444697062134],[22.544156654528848,65.55495290635342],[22.543897826088102,65.5540634611844],[22.54626685518651,65.55322320898145],[22.546540859975085,65.5526680914635]],[[22.54725742168643,65.56111463908623],[22.546827948342116,65.56113609549942],[22.54677614804743,65.56095820776112],[22.54725742168643,65.56111463908623]],[[22.547015625973657,65.72626323624235],[22.5470678268517,65.72644111999561],[22.54663561024568,65.72646260344298],[22.547015625973657,65.72626323624235]],[[22.546859028085507,65.72572958482857],[22.546911226590566,65.72590746865879],[22.546479018744552,65.72592895157425],[22.546859028085507,65.72572958482857]],[[22.545968999313292,65.56117900469471],[22.54553952362888,65.56120045747683],[22.54548773197228,65.56102256921004],[22.545968999313292,65.56117900469471]],[[22.54567963738178,65.47185857070352],[22.54482361680035,65.47190144349392],[22.544772043380053,65.47172355282508],[22.54567963738178,65.47185857070352]],[[22.544784144055445,65.56159913657167],[22.545213627058665,65.561577685858],[22.54526541817565,65.56175557422446],[22.544784144055445,65.56159913657167]],[[22.54448980497614,65.58453418223272],[22.544059942646598,65.58455563473792],[22.54400810505137,65.58437774641287],[22.54448980497614,65.58453418223272]],[[22.542433404137487,65.55052711635547],[22.542862707133484,65.55050567413858],[22.542914455679778,65.5506835637329],[22.542433404137487,65.55052711635547]],[[22.541538524631946,65.7180529698865],[22.54164281200684,65.71840874225768],[22.541210724147994,65.71843020901662],[22.541538524631946,65.7180529698865]],[[22.540442073664376,65.5511679811675],[22.54124896533203,65.5509472163186],[22.5413524433034,65.55130299678791],[22.540442073664376,65.5511679811675]],[[22.541002164230335,65.71771866346336],[22.541054303024968,65.71789654989007],[22.54062222313072,65.7179180148984],[22.541002164230335,65.71771866346336]],[[22.540206521642922,65.58330409256537],[22.540154713376594,65.58312620262647],[22.540584555989827,65.58310476140056],[22.540206521642922,65.58330409256537]],[[22.53920584741726,65.55141017509781],[22.539154122427792,65.55123228399604],[22.53958344028537,65.55121085092972],[22.53920584741726,65.55141017509781]],[[22.53783460388958,65.58414427926178],[22.537404741385732,65.5841657128868],[22.537352950191934,65.58398782181676],[22.53783460388958,65.58414427926178]],[[22.535617876383256,65.58551810577704],[22.536047762988044,65.58549667697797],[22.536099548885023,65.58567456854867],[22.535617876383256,65.58551810577704]],[[22.536099548885023,65.58567456854867],[22.536581227158074,65.58583102973087],[22.536151335562614,65.58585246009395],[22.536099548885023,65.58567456854867]],[[22.5359384235074,65.51168892322141],[22.535509751565026,65.51171033937558],[22.535458146629665,65.51153244581856],[22.5359384235074,65.51168892322141]],[[22.53580446566909,65.58316265651965],[22.535374617353973,65.58318408424132],[22.535322842383597,65.58300619231412],[22.53580446566909,65.58316265651965]],[[22.535156695217147,65.58842865824973],[22.535208482060444,65.58860655011742],[22.534778543271248,65.58862797706266],[22.535156695217147,65.58842865824973]],[[22.53106020834322,65.58484285920069],[22.53149008832317,65.58482144339969],[22.531541841462516,65.58499933685819],[22.53106020834322,65.58484285920069]],[[22.531541841462516,65.58499933685819],[22.532453364543883,65.58513439434984],[22.531593595381942,65.58517723029121],[22.531541841462516,65.58499933685819]],[[22.534602773794585,65.5850272832901],[22.53518798899793,65.58553953336433],[22.53389832215915,65.58560380885542],[22.532453364543883,65.58513439434984],[22.534602773794585,65.5850272832901]],[[22.52901183007855,65.51329810744473],[22.529988514169276,65.51216653529491],[22.532080348103797,65.5118816251328],[22.531326144326226,65.51228022504408],[22.53185799343913,65.5126146107119],[22.534807207607216,65.51228684963306],[22.534104633114108,65.51286335693818],[22.53436263534034,65.5137528270921],[22.53227067917485,65.5140377700817],[22.52901183007855,65.51329810744473]],[[22.534788384006085,65.65756829891762],[22.53359902206435,65.65798838883357],[22.53337569963621,65.6587213868245],[22.53208239133654,65.65878568350863],[22.532201883710176,65.65769690416951],[22.534201464044276,65.65705606430596],[22.534788384006085,65.65756829891762]],[[22.534136834822057,65.5834262525663],[22.534670230665295,65.58376061273493],[22.53381051126192,65.58380346075293],[22.533328887504307,65.58364699021325],[22.534136834822057,65.5834262525663]],[[22.5338826021666,65.58704837190027],[22.53345268779221,65.58706979483692],[22.533400916632477,65.58689190221186],[22.5338826021666,65.58704837190027]],[[22.531406620014216,65.58753267827582],[22.5313548617244,65.58735478482151],[22.531784782886625,65.58733336776834],[22.531406620014216,65.58753267827582]],[[22.530984534505347,65.51410198500906],[22.530555818064624,65.5141233875692],[22.53050424110671,65.51394549203478],[22.530984534505347,65.51410198500906]],[[22.528941092913183,65.51005318117527],[22.52914732570918,65.51076476609498],[22.52818689145759,65.51045176539812],[22.52647224955191,65.51053733433103],[22.528941092913183,65.51005318117527]],[[22.52868600607294,65.56168038157415],[22.528256504983325,65.56170178558718],[22.528204830072145,65.56152389023121],[22.52868600607294,65.56168038157415]],[[22.528500608342725,65.58803835424173],[22.528070672280744,65.58805976212719],[22.528018935521214,65.58788186731594],[22.528500608342725,65.58803835424173]],[[22.527775331084257,65.56154529285797],[22.5273458313182,65.56156669427422],[22.527294162945143,65.56138879854134],[22.527775331084257,65.56154529285797]],[[22.52593778192926,65.56271966591574],[22.527003498378292,65.56338845292217],[22.52336064463488,65.56284802626466],[22.52593778192926,65.56271966591574]],[[22.52524530145032,65.60534508878966],[22.52567552597478,65.60532368601184],[22.52577905189715,65.60567947671065],[22.52524530145032,65.60534508878966]],[[22.52491859050428,65.60572228175725],[22.525348821591127,65.60570087984046],[22.525400582832752,65.60587877532771],[22.52491859050428,65.60572228175725]],[[22.52454011409654,65.6059215783003],[22.524970348855046,65.60590017742052],[22.525022107986604,65.60607807305836],[22.52454011409654,65.6059215783003]],[[22.5244983107626,65.5952759213428],[22.524068251173208,65.59529731911837],[22.524016524417906,65.59511942283548],[22.5244983107626,65.5952759213428]],[[22.524315063052246,65.57814040599915],[22.523885286227507,65.57816180040132],[22.52383360177009,65.57798390363978],[22.524315063052246,65.57814040599915]],[[22.52420684495385,65.62127812589064],[22.52398351134834,65.6220111100794],[22.523553008966328,65.62203251085033],[22.52339764916649,65.62149882317911],[22.52420684495385,65.62127812589064]],[[22.52407574825702,65.58031795485928],[22.523645935261655,65.58033934894779],[22.523594247225933,65.58016145213938],[22.52407574825702,65.58031795485928]],[[22.52377382655049,65.56427120405172],[22.522914728473207,65.56431398396052],[22.52281143984981,65.56395818896335],[22.523618877497963,65.5637375125719],[22.52377382655049,65.56427120405172]],[[22.52360479712968,65.6222104066899],[22.523433229138885,65.62312128611963],[22.52191825738773,65.62391846254977],[22.519335029522548,65.62404681582406],[22.51907622058479,65.62315732783469],[22.519937270712223,65.62311455002602],[22.520969978259743,65.62216088998322],[22.52360479712968,65.6222104066899]],[[22.52351742700104,65.62041004796383],[22.523569211024096,65.62058794385615],[22.522708251793873,65.62063074136721],[22.52351742700104,65.62041004796383]],[[22.52226913422779,65.60711733894162],[22.52269939101697,65.60709594428438],[22.52275113748637,65.60727384082548],[22.52226913422779,65.60711733894162]],[[22.52275113748637,65.60727384082548],[22.523284897449646,65.60760823743342],[22.522854632767203,65.60762963383159],[22.52275113748637,65.60727384082548]],[[22.522485178267743,65.5643353720989],[22.522055627284445,65.56435675902657],[22.522003988345368,65.56417886118936],[22.522485178267743,65.5643353720989]],[[22.520301116191035,65.72488165479311],[22.520197090915122,65.72452586520272],[22.521873905563115,65.72426233056632],[22.52197795262497,65.72461811879413],[22.521113529468494,65.72466094184189],[22.520457160016353,65.72541533898749],[22.519160479595325,65.72547955921249],[22.51905646711332,65.72512376871501],[22.520301116191035,65.72488165479311]],[[22.51933266729368,65.72456867813906],[22.51928066167858,65.7243907829523],[22.520145079459397,65.72434797036927],[22.51933266729368,65.72456867813906]],[[22.51921248701848,65.72565745442301],[22.518348023622607,65.72570026216061],[22.518296022040683,65.72552236659675],[22.51921248701848,65.72565745442301]],[[22.51492611922986,65.62390484218365],[22.517027073870892,65.62362004814237],[22.517302363091982,65.62306497050588],[22.518542182033908,65.62282291919253],[22.518302190079012,65.6250004660651],[22.517321030835564,65.6261320083464],[22.51489277185871,65.6267939838012],[22.514685818394767,65.62608238643763],[22.513290624245887,65.62579070836381],[22.51346256157531,65.62487983670327],[22.51492611922986,65.62390484218365]],[[22.514629610566544,65.37632062841669],[22.51638669554108,65.37641318785433],[22.516420610387026,65.37803566798422],[22.514594931849405,65.37920978115446],[22.51198459979437,65.37915985889735],[22.51307706548041,65.3769396722934],[22.514629610566544,65.37632062841669]],[[22.51474360073213,65.59323442052559],[22.514313565208532,65.59325579038003],[22.514261910017197,65.59307789005055],[22.51474360073213,65.59323442052559]],[[22.514331651053674,65.5963228341466],[22.5139015640893,65.59634420335004],[22.513849904320956,65.59616630292452],[22.514331651053674,65.5963228341466]],[[22.510412956241076,65.61889531763242],[22.512565265742968,65.61878849005313],[22.51223821076257,65.61916565916123],[22.510412956241076,65.61889531763242]],[[22.511144651554755,65.4800809825657],[22.51157282929515,65.48005964053999],[22.51162419684897,65.48023754463689],[22.511144651554755,65.4800809825657]],[[22.51138961666932,65.59520572152078],[22.511441257320634,65.59538362297654],[22.51101118301549,65.59540498385098],[22.51138961666932,65.59520572152078]],[[22.5109079082689,65.59504918056297],[22.510959545252856,65.59522708221965],[22.510529473057705,65.595248441706],[22.5109079082689,65.59504918056297]],[[22.50880917649117,65.59533386752638],[22.50870593218848,65.59497806243198],[22.510426205645707,65.59489263801612],[22.50880917649117,65.59533386752638]],[[22.507467332017857,65.59522002109905],[22.507037256483567,65.59524137070974],[22.5069856462763,65.59506346744782],[22.507467332017857,65.59522002109905]],[[22.50633192103869,65.59581777698052],[22.50590183450306,65.59583912348006],[22.50585023062758,65.59566121976758],[22.50633192103869,65.59581777698052]],[[22.503473029397632,65.67319861630622],[22.503317713450723,65.67266490757002],[22.50504316016576,65.67257949251056],[22.505146726610743,65.67293529695233],[22.503473029397632,65.67319861630622]],[[22.50386223933187,65.48946689993552],[22.50343389998943,65.489488221748],[22.503382566196102,65.48931031451752],[22.50386223933187,65.48946689993552]],[[22.50257721899143,65.48953086175315],[22.503005559875934,65.48950954235389],[22.503056891577145,65.48968744973388],[22.50257721899143,65.48953086175315]],[[22.502200203310796,65.48973008767516],[22.50262854782946,65.48970876930784],[22.502679877438474,65.48988667683733],[22.502200203310796,65.48973008767516]],[[22.501702775284425,65.49101807663564],[22.501582361286722,65.49210684053917],[22.498788888446537,65.49296766221869],[22.49906335174705,65.49241262625449],[22.501702775284425,65.49101807663564]],[[22.50091728517971,65.48528238688301],[22.50048901145794,65.48530369967736],[22.500437707613468,65.48512579114364],[22.50091728517971,65.48528238688301]],[[22.495044394875528,65.64420011130088],[22.495475293007992,65.6441787874826],[22.495578591864533,65.64453460108366],[22.495044394875528,65.64420011130088]],[[22.496440397392966,65.64449194909865],[22.496233779592494,65.6437803232],[22.499956727919294,65.64305462048203],[22.50011176139842,65.64358833542967],[22.49930166671404,65.64380891316908],[22.499077469054352,65.64454186933239],[22.497836430822023,65.64478377374971],[22.497991433161204,65.64531749117575],[22.496267770323133,65.64540280838104],[22.495578591864533,65.64453460108366],[22.496440397392966,65.64449194909865]],[[22.499906836330084,65.48479128506472],[22.49905030220732,65.48483390357383],[22.498999009260444,65.48465599444077],[22.499906836330084,65.48479128506472]],[[22.498909421075016,65.49187889933287],[22.498481037349045,65.4919002075543],[22.49842973153038,65.49172229835541],[22.498909421075016,65.49187889933287]],[[22.496319427725325,65.64558071484159],[22.495888507163087,65.64560204127994],[22.495836852662304,65.64542413464378],[22.496319427725325,65.64558071484159]],[[22.491791653522053,65.50035345428165],[22.491842934626263,65.50053136598903],[22.49141440215667,65.50055265568551],[22.491791653522053,65.50035345428165]],[[22.489322992928905,65.50083699878749],[22.485498717463887,65.502650999857],[22.481743965204988,65.50319823705],[22.48201888821881,65.50264322738718],[22.48287603941324,65.5026006991877],[22.48342581483171,65.50149067596185],[22.48493508742477,65.50069394175465],[22.489220464343884,65.50048117330398],[22.489322992928905,65.50083699878749]],[[22.49035224950518,65.4998835823822],[22.49126056975397,65.50001891996442],[22.491363123918575,65.50037474380365],[22.489220464343884,65.50048117330398],[22.49035224950518,65.4998835823822]],[[22.48642692670789,65.67025169954691],[22.48556424546686,65.67029430339711],[22.48616869076868,65.66936214969071],[22.48822198952714,65.66889980479478],[22.48804895983578,65.66981065878154],[22.486754963622413,65.66987457628086],[22.48642692670789,65.67025169954691]],[[22.488859955438322,65.66959013211317],[22.48875662851514,65.66923431420165],[22.48961926818085,65.66919169263734],[22.48977427718265,65.66972541841314],[22.488583616140307,65.67014516862581],[22.488307265646696,65.67070020474766],[22.487444573208133,65.67074281938642],[22.48804895983578,65.66981065878154],[22.488859955438322,65.66959013211317]],[[22.485740640088693,65.63924641604393],[22.48611989257938,65.63904720860921],[22.486223038672303,65.63940303009255],[22.485740640088693,65.63924641604393]],[[22.48541295021232,65.63962353364334],[22.484982117706295,65.63964482824407],[22.48493055219191,65.63946691701429],[22.48541295021232,65.63962353364334]],[[22.484804598605123,65.62395360870738],[22.485235171171972,65.62393231720611],[22.4852867016213,65.62411022867701],[22.484804598605123,65.62395360870738]],[[22.483601302145146,65.64241996158631],[22.482360212512265,65.64266173998456],[22.481826223622758,65.64232720161961],[22.48263642697888,65.64210671606605],[22.482533317085572,65.64175089178306],[22.483601302145146,65.64241996158631]],[[22.482651724103146,65.62406004799918],[22.482600211810304,65.62388213545204],[22.483030785369795,65.62386085019742],[22.482651724103146,65.62406004799918]],[[22.48098091198714,65.62432309079747],[22.481411494450192,65.62430181004989],[22.481462999608688,65.62447972307201],[22.48098091198714,65.62432309079747]],[[22.481032414249018,65.62450100399472],[22.481083917288448,65.62467891716678],[22.480653328254537,65.62470019705026],[22.481032414249018,65.62450100399472]],[[22.480704829174833,65.62487811037221],[22.480274236466656,65.62489938921642],[22.480222738443107,65.62472147571938],[22.480704829174833,65.62487811037221]],[[22.480583240936227,65.62596686966987],[22.480152630069128,65.62598814835025],[22.48010113027728,65.62581023482922],[22.480583240936227,65.62596686966987]],[[22.479517578583284,65.50150411045684],[22.47908901805115,65.50152536548805],[22.47903782139856,65.50134744859949],[22.479517578583284,65.50150411045684]],[[22.459054477172224,65.6860373216468],[22.461109589644156,65.68557532528686],[22.462404445784074,65.68551161771188],[22.462507489065832,65.68586745633793],[22.466340519557868,65.68549834696913],[22.466115091724216,65.68623126662824],[22.465303381055833,65.68645167895008],[22.465458013607854,65.68698543324643],[22.463937592119894,65.68778208462442],[22.459621014665533,65.68799444769894],[22.459054477172224,65.6860373216468]],[[22.45476575912714,65.36360407101685],[22.45433942223343,65.36362523320132],[22.45428871749621,65.36344730297435],[22.45476575912714,65.36360407101685]],[[22.453212500255244,65.36422250464176],[22.452786151826235,65.36424366254462],[22.452684761235986,65.36388780083283],[22.453212500255244,65.36422250464176]],[[22.452425582654257,65.68582183894884],[22.449887209337355,65.6861269984319],[22.4505447253787,65.68537289481898],[22.45232267801693,65.68546599212306],[22.452425582654257,65.68582183894884]],[[22.45118212147686,65.3646841451505],[22.450755763589182,65.36470529739881],[22.450705080571694,65.36452736574138],[22.45118212147686,65.3646841451505]],[[22.449852368192055,65.36456966629252],[22.449426010865622,65.36459081476808],[22.449375337109604,65.3644128825678],[22.449852368192055,65.36456966629252]],[[22.448786999242778,65.68383517844329],[22.448406816647626,65.68403430178262],[22.448303975732202,65.68367845160827],[22.448786999242778,65.68383517844329]],[[22.447771237158506,65.36485332953595],[22.44819760035012,65.3648321856879],[22.44824826711748,65.3650101183565],[22.447771237158506,65.36485332953595]],[[22.44797520951538,65.68405549900415],[22.448026628228035,65.68423342422848],[22.447595017405437,65.6842546204068],[22.44797520951538,65.68405549900415]],[[22.44739553430725,65.36505240519779],[22.447821901091142,65.36503126237714],[22.447872565781342,65.36520919519361],[22.44739553430725,65.36505240519779]],[[22.44701982578648,65.36525147998],[22.447446196162677,65.36523033818683],[22.447496858775622,65.3654082711511],[22.44701982578648,65.36525147998]],[[22.44683461571166,65.68465286053166],[22.447266233915073,65.68463166643973],[22.447317649137315,65.6848095919384],[22.44683461571166,65.68465286053166]],[[22.44623052164662,65.54916541149738],[22.446659897083787,65.5491442414399],[22.446710986144957,65.54932217037367],[22.44623052164662,65.54916541149738]],[[22.446710986144957,65.54932217037367],[22.447191456401622,65.54947892766704],[22.446762075975325,65.54950009928251],[22.446710986144957,65.54932217037367]],[[22.446644111596054,65.36545055388254],[22.44707048556459,65.36542941311686],[22.447121146100233,65.36560734622896],[22.446644111596054,65.36545055388254]],[[22.4462683917359,65.36564962690545],[22.446694769296812,65.36562848716726],[22.446745427755033,65.36580642042719],[22.4462683917359,65.36564962690545]],[[22.4393005321795,65.69494725873729],[22.43914638134589,65.69441347312076],[22.44000995734395,65.69437112402866],[22.439907182350993,65.69401526752438],[22.441582903702777,65.6937526285236],[22.441911879204625,65.69337559289166],[22.444882822464024,65.69304936988219],[22.44351564219758,65.69437960573502],[22.44237450134662,65.69497693918842],[22.44151090980857,65.69501930186362],[22.44161371162857,65.69537515701958],[22.44016412566809,65.69490490859738],[22.4393005321795,65.69494725873729]],[[22.435750964524956,65.5505839365665],[22.436988163465163,65.5503425781079],[22.437642851439453,65.54958855847207],[22.438931021570443,65.54952511729059],[22.44087375758266,65.54870763276068],[22.44435979282515,65.54871629006617],[22.44274442808443,65.5491567978623],[22.443275938080305,65.54949149833428],[22.44160945087273,65.5497540642598],[22.441384277734553,65.55048694456215],[22.44052547154663,65.55052925408177],[22.439441428489932,65.5513044367797],[22.438153171969002,65.55136788317043],[22.43825524529599,65.55172374781138],[22.436006062398647,65.55147360294475],[22.435750964524956,65.5505839365665]],[[22.440318300994285,65.69543869294091],[22.439886495893344,65.69545986914409],[22.439783717394977,65.69510401259083],[22.440318300994285,65.69543869294091]],[[22.436108106925804,65.55182946932186],[22.436537536136598,65.55180832744087],[22.436588562432693,65.55198626041852],[22.436108106925804,65.55182946932186]],[[22.436588562432693,65.55198626041852],[22.43706902369976,65.5521430499325],[22.43663958949713,65.55216419337128],[22.436588562432693,65.55198626041852]],[[22.436057084278094,65.55165153614576],[22.43562765717906,65.55167267664264],[22.43557663817963,65.55149474326805],[22.436057084278094,65.55165153614576]],[[22.43418634249911,65.55120228910951],[22.434615763262656,65.55118115276493],[22.43466677496576,65.55135908653641],[22.43418634249911,65.55120228910951]],[[22.43466677496576,65.55135908653641],[22.4351472131924,65.55151588238081],[22.434717787437,65.55153702028305],[22.43466677496576,65.55135908653641]],[[22.435102732345978,65.64246261763049],[22.43267078973919,65.64312331320644],[22.433656279425172,65.6419922762328],[22.434949043106624,65.64192882320802],[22.435102732345978,65.64246261763049]],[[22.425212800411046,65.64150421430006],[22.42526396166577,65.64168214975304],[22.424402109171183,65.64172439810385],[22.425212800411046,65.64150421430006]],[[22.4246778847215,65.63052339506896],[22.424729016252655,65.63070133099681],[22.424298271991027,65.63072245246443],[22.4246778847215,65.63052339506896]],[[22.411531307139533,65.64560265062559],[22.41072036903173,65.64582276379325],[22.410085090771936,65.64513208231558],[22.4114515518858,65.64380215430795],[22.41614111764861,65.6433921884022],[22.41852240423917,65.64255381495634],[22.419384295784678,65.6425115996026],[22.420830526881335,65.64298207917818],[22.42062599566388,65.64227033016255],[22.42138560109524,65.64187222903735],[22.42245203588783,65.64254174413902],[22.423313919331537,65.64249950655399],[22.423416221318185,65.64285537892547],[22.420655241995785,65.6438928782109],[22.419822509181493,65.64555764985396],[22.416403519843307,65.64734904732995],[22.413437397861856,65.64767466639853],[22.41183778208301,65.64667029559305],[22.411531307139533,65.64560265062559]],[[22.422201045371985,65.53519112134066],[22.42263021438247,65.53517002151723],[22.422681106593704,65.53534796052061],[22.422201045371985,65.53519112134066]],[[22.42161922081502,65.53467840175644],[22.42204838196232,65.53465730366216],[22.422099268999755,65.53483524291312],[22.42161922081502,65.53467840175644]],[[22.421049404382117,65.6285359709338],[22.42194008720107,65.63011629354385],[22.42112971785619,65.63033645668581],[22.42090339630769,65.63106931793001],[22.420041887316323,65.6311115381262],[22.420370436358812,65.63073455332858],[22.419078186797964,65.63079787711236],[22.41947982529982,65.62915422079547],[22.421049404382117,65.6285359709338]],[[22.393598230797483,65.65928984701533],[22.394511719510092,65.65942571468463],[22.394840979250166,65.65904877819523],[22.39699718782196,65.65894355220865],[22.397224386493534,65.65821071803352],[22.40498635446029,65.65783164319008],[22.405797713515533,65.6576115565047],[22.405593455657627,65.65689978456278],[22.409525290623787,65.65688802668123],[22.412390298213122,65.65620659259542],[22.418857900000887,65.65589008550747],[22.420787223005398,65.6565173852016],[22.42104306362627,65.65740706940753],[22.419369453390523,65.65766946124974],[22.419902975492793,65.65800422380784],[22.418660522068357,65.65824549476892],[22.41881399268813,65.65877930782615],[22.415693189988744,65.6585711698573],[22.410269300930633,65.66100176014723],[22.410144664282132,65.66209049256727],[22.408726123959866,65.66324247683319],[22.406138311441705,65.66336894771754],[22.405809166376855,65.66374590756243],[22.40360153604939,65.66367331848123],[22.40337447954482,65.66440616078961],[22.40466844912739,65.66434295377768],[22.404339270887423,65.6647199107635],[22.401166797556908,65.66433353683269],[22.401064698728234,65.66397764748903],[22.397131770000044,65.6639891970747],[22.393477169586635,65.663445762805],[22.392155657454822,65.66188630435488],[22.39032853721861,65.6616145365851],[22.39007369981466,65.66072479087084],[22.39217909124376,65.66044168261466],[22.392406437494014,65.65970885419966],[22.393598230797483,65.65928984701533]],[[22.41092298773422,65.553608527554],[22.411731092435243,65.55338844142001],[22.411957124245248,65.55265559672098],[22.41352237358943,65.55203746771114],[22.41331890205494,65.55132569830768],[22.414985792686696,65.55106343984512],[22.41594643365979,65.55137715727994],[22.417511510596462,65.55075898874499],[22.418573973012645,65.5514285705664],[22.420822999312602,65.55167897600678],[22.42026960321346,65.55278880743937],[22.417466952683768,65.55364821724189],[22.41481676803938,65.5550414022517],[22.414590800251375,65.5557742505799],[22.41034646311616,65.55616294445103],[22.40961182294787,65.55511635059294],[22.41107555731033,65.55414235738685],[22.41092298773422,65.553608527554]],[[22.416316559241558,65.64248139303545],[22.416367661859486,65.64265933206465],[22.41593671106688,65.64268043183894],[22.416316559241558,65.64248139303545]],[[22.412863849829836,65.69894788233918],[22.41063088022092,65.70032003895986],[22.409335130931776,65.70038331423092],[22.40867604462913,65.70113725485194],[22.406999493052922,65.70139953927689],[22.406721085359273,65.70195444682616],[22.398286486667185,65.70308763848834],[22.39825836322013,65.70146507525453],[22.399883884463346,65.70102494193922],[22.400543226950614,65.70027103692013],[22.401407074072957,65.70022890443363],[22.40249826191574,65.69945392362011],[22.404174736904633,65.69919168956731],[22.404885066084944,65.6986157099639],[22.414942913621662,65.69704188040323],[22.416011544211656,65.69771141912308],[22.41568213585021,65.69808840293508],[22.414818388101526,65.69813061553374],[22.414972064193826,65.69866443044033],[22.412863849829836,65.69894788233918]],[[22.41537476960938,65.69702077453898],[22.415806624821478,65.69699966745588],[22.41585785350549,65.69717760541003],[22.41537476960938,65.69702077453898]],[[22.41429014044499,65.54406046393841],[22.414340996706084,65.54423840610521],[22.413911670428416,65.5442594839882],[22.41429014044499,65.54406046393841]],[[22.394279926022,65.60061523263968],[22.39341937350415,65.60065729223746],[22.393317681817948,65.60030139364862],[22.395973523211822,65.59890852887754],[22.396200323192538,65.59817570011715],[22.392985319430807,65.59761112483265],[22.39257865225722,65.59618752791128],[22.393286553721303,65.5956116263178],[22.394526289368567,65.59537058977133],[22.394753105207254,65.5946377630162],[22.398065163161025,65.59249100955005],[22.401025227888468,65.59216575072529],[22.402038141434463,65.59265748894417],[22.403758680804675,65.59257327263366],[22.40515089265021,65.5928659871546],[22.4054054445321,65.59375571044869],[22.404216796134026,65.59417477923814],[22.404369515063514,65.59470861432766],[22.405609099859497,65.59446748863853],[22.40700143444082,65.59476018494352],[22.407737184983127,65.59580678039158],[22.406876817716498,65.59584891453737],[22.406548483274207,65.59622586799442],[22.407510728626708,65.59653962299423],[22.407386129079168,65.59762835283489],[22.410222166421217,65.59839163846536],[22.408552212584276,65.59865387493514],[22.408427651779355,65.5997426052456],[22.40610081268002,65.60075872977669],[22.406253616871652,65.60129256211901],[22.405393065311685,65.60133468967155],[22.40425499992085,65.6019317066167],[22.404356848903536,65.60228759630488],[22.40283933037267,65.60308360759902],[22.401978712904945,65.60312571642457],[22.401321719250184,65.60387960462063],[22.4000307479554,65.60394275355209],[22.399928950338676,65.6035868604502],[22.395574851933205,65.60361932621662],[22.394409041100293,65.60259370161634],[22.394279926022,65.60061523263968]],[[22.40854083342292,65.60623284445737],[22.40874469235472,65.606944616407],[22.40760646690954,65.60754166009399],[22.404746631011168,65.60822295291801],[22.404061553884613,65.60735429038773],[22.405579276453594,65.6065582648405],[22.40854083342292,65.60623284445737]],[[22.40709788148099,65.59204889392855],[22.40666775971358,65.59206995918365],[22.406616843148946,65.59189201504427],[22.40709788148099,65.59204889392855]],[[22.406265745478557,65.5937135853125],[22.40583559538929,65.59373464848713],[22.405784680586102,65.59355670405101],[22.406265745478557,65.5937135853125]],[[22.40302246474942,65.66622773248815],[22.40264217426194,65.66642674237438],[22.402540045266306,65.6660708543199],[22.40302246474942,65.66622773248815]],[[22.388645382809052,65.6099121824267],[22.388418285255938,65.61064500281199],[22.387279425604067,65.61124190016278],[22.386418507821617,65.61128392363347],[22.386266039991245,65.61075006800208],[22.388645382809052,65.6099121824267]],[[22.385330391822105,65.61205875897033],[22.385760864982316,65.6120377507934],[22.385811686402846,65.61221570286831],[22.385330391822105,65.61205875897033]],[[22.384950733523038,65.61225771835356],[22.38538121034646,65.61223671121805],[22.385432029637858,65.61241466344114],[22.384950733523038,65.61225771835356]],[[22.38411659541797,65.61392230781648],[22.38454710061033,65.61390130276851],[22.38459791811603,65.61407925528825],[22.38411659541797,65.61392230781648]],[[22.37885173442322,65.68111899986168],[22.379079607662298,65.68038618626936],[22.380374446091867,65.68032317769503],[22.37971498566163,65.68107699641472],[22.37885173442322,65.68111899986168]],[[22.377256411697786,65.5776296074383],[22.377307094044635,65.57780756374633],[22.376877178457335,65.57782854241832],[22.377256411697786,65.5776296074383]],[[22.372599620381234,65.6714994230952],[22.372752237324725,65.67203329093475],[22.37188927356344,65.67207525202537],[22.371736674087366,65.67154138314821],[22.372599620381234,65.6714994230952]],[[22.37244701036396,65.67096555503394],[22.372497879600164,65.67114351107897],[22.372066412660235,65.6711644913685],[22.37244701036396,65.67096555503394]],[[22.37194014159453,65.6722532082685],[22.371991010395185,65.67243116448702],[22.37112803191022,65.67247312139835],[22.37194014159453,65.6722532082685]],[[22.371651663647572,65.5257594225768],[22.371702186273595,65.52593738236185],[22.371273119508402,65.5259583367025],[22.371651663647572,65.5257594225768]],[[22.367573395920125,65.59109255317668],[22.36714325147961,65.59111350648908],[22.367092607365482,65.5909355464094],[22.367573395920125,65.59109255317668]],[[22.367562970592907,65.52668075570526],[22.367133887601558,65.5267016984662],[22.367083394327455,65.52652373686374],[22.367562970592907,65.52668075570526]],[[22.362766089847025,65.59565687744056],[22.363626536643977,65.59561499288102],[22.36390486061307,65.59506016506657],[22.365144856843944,65.59481936626561],[22.365549997523665,65.59624305174249],[22.36360136304044,65.59705962734961],[22.362766089847025,65.59565687744056]],[[22.36446185459581,65.59701773760729],[22.36451249499577,65.59719569860022],[22.364082246706985,65.59721664425041],[22.36446185459581,65.59701773760729]],[[22.355772499910163,65.65698059388775],[22.35782725652573,65.65651999788058],[22.360110171075256,65.6553265861296],[22.36350910145072,65.65498104103479],[22.36201294242713,65.65739927942502],[22.359780692713805,65.6587706820748],[22.356330482602615,65.65893818629318],[22.354884481026193,65.65846709019738],[22.35468161159472,65.65775523639313],[22.355772499910163,65.65698059388775]],[[22.349450636734737,65.60406256705421],[22.3480078729475,65.6035913736637],[22.34780570747156,65.60287950366984],[22.348565332410427,65.60248176693624],[22.34864187248298,65.60121509415828],[22.349629569983172,65.60008458178307],[22.355122371679954,65.59945678969322],[22.355881785175665,65.59905901838525],[22.356792950126053,65.5991951357058],[22.356944731600493,65.59972902769015],[22.358665914045382,65.59964531692535],[22.35856470248194,65.59928939033725],[22.35947588873579,65.599425491323],[22.361475452830643,65.59878692790494],[22.36281691369468,65.59890207029919],[22.36119704128009,65.59934175211738],[22.3611211147545,65.60060842517156],[22.359172017676848,65.60142494839613],[22.359323863657522,65.60195883735963],[22.357855564737292,65.60293237496798],[22.358058005698457,65.60364422884096],[22.35620978958799,65.60481664415794],[22.352108229189398,65.6057376868082],[22.351045150595883,65.60506764490633],[22.34965285831001,65.60477443430034],[22.349450636734737,65.60406256705421]],[[22.362083296311308,65.734257857124],[22.36213424414036,65.73443581584569],[22.3617017112465,65.73445677707834],[22.362083296311308,65.734257857124]],[[22.360066072558308,65.5293920001222],[22.360495206610672,65.52937107690222],[22.360545661622105,65.5295490410826],[22.360066072558308,65.5293920001222]],[[22.3550447948972,65.60685794205365],[22.357526051981644,65.60637646680986],[22.357449945285264,65.60764313977677],[22.356259877283165,65.6080618463803],[22.3563610984719,65.6084177744043],[22.35248709456834,65.608606050477],[22.352385925508813,65.60825011935515],[22.3550447948972,65.60685794205365]],[[22.35597533396527,65.5333802739203],[22.35602576751517,65.53355823981933],[22.35559656029639,65.53357915108745],[22.35597533396527,65.5333802739203]],[[22.353433048141053,65.71013898459168],[22.353483879367936,65.71031694734937],[22.353051741078584,65.7103378801801],[22.353433048141053,65.71013898459168]],[[22.349975943636533,65.71030641169463],[22.350306465148645,65.7099295595697],[22.352517952020573,65.71000288555987],[22.350941852549987,65.71062048980276],[22.349975943636533,65.71030641169463]],[[22.35223828542263,65.71055770543289],[22.35228910942566,65.71073566865974],[22.351424815771008,65.71077752647184],[22.35223828542263,65.71055770543289]],[[22.345018112150203,65.71289187527229],[22.345068892028095,65.71306984133713],[22.344636699590463,65.71309075078965],[22.345018112150203,65.71289187527229]],[[22.34446080101823,65.7078670029486],[22.3434443174967,65.70737491510566],[22.344308513087384,65.70733310358362],[22.34446080101823,65.7078670029486]],[[22.34227268109895,65.71248341120065],[22.34130680352255,65.71216927775134],[22.343950643909338,65.71222182672683],[22.34227268109895,65.71248341120065]],[[22.3443320493969,65.71202295299739],[22.344382822505775,65.71220091935739],[22.343950643909338,65.71222182672683],[22.3443320493969,65.71202295299739]],[[22.339196628584745,65.71245172725642],[22.340976122697956,65.71254611186262],[22.341712846292868,65.71359301760697],[22.34056848310266,65.7141896176465],[22.3387381374369,65.71391726080759],[22.338433718870803,65.712849448966],[22.339196628584745,65.71245172725642]],[[22.34119184498733,65.73941856103811],[22.341141029506836,65.7392405940393],[22.34157366247178,65.73921969025355],[22.34119184498733,65.73941856103811]],[[22.341236343902793,65.70116695870985],[22.341287070113907,65.70134492656405],[22.340855069680654,65.7013658234118],[22.341236343902793,65.70116695870985]],[[22.340905793740664,65.70154379141393],[22.340956518568955,65.70172175939157],[22.34052451152851,65.70174265536453],[22.340905793740664,65.70154379141393]],[[22.340372348106783,65.70120875084092],[22.340423068479133,65.70138671903996],[22.339991066509384,65.7014076134485],[22.340372348106783,65.70120875084092]],[[22.337875690043436,65.71089179163461],[22.337926416093577,65.71106976060527],[22.3374942501076,65.71109064951223],[22.337875690043436,65.71089179163461]],[[22.337044149366438,65.73871679867723],[22.33709493540516,65.73889476732761],[22.336662303521344,65.73891565837793],[22.337044149366438,65.73871679867723]],[[22.335644707996963,65.73842352923563],[22.3360773326348,65.73840264114646],[22.336128111275414,65.73858061019097],[22.335644707996963,65.73842352923563]],[[22.336128111275414,65.73858061019097],[22.336611520411456,65.73873768955497],[22.336178890686217,65.73875857921098],[22.336128111275414,65.73858061019097]],[[22.334655843332026,65.73341949796198],[22.33508838521152,65.73339861348161],[22.335139145220836,65.73357658303898],[22.334655843332026,65.73341949796198]],[[22.335571689258135,65.7335556971647],[22.336054999159867,65.73371277925683],[22.33615653473803,65.73406871755921],[22.33524066754881,65.73393252208037],[22.335571689258135,65.7335556971647]],[[22.335008169008063,65.643914268897],[22.335058717806014,65.64409224058866],[22.334627664045083,65.64411311053361],[22.335008169008063,65.643914268897]],[[22.334885352871705,65.7326867350073],[22.33493610980208,65.73286470466259],[22.33450357670503,65.7328855886255],[22.334885352871705,65.7326867350073]],[[22.334554331477673,65.73306355842881],[22.33460508702,65.73324152820763],[22.334172547298323,65.73326241129402],[22.334554331477673,65.73306355842881]],[[22.334351317005016,65.7323516790688],[22.334402069468712,65.73252964894552],[22.33396954145677,65.73255053134206],[22.334351317005016,65.7323516790688]],[[22.329151769320372,65.71564326748171],[22.32920244659024,65.715821239829],[22.32877019279093,65.71584210480377],[22.329151769320372,65.71564326748171]],[[22.32642994941718,65.716857136419],[22.32612599706278,65.71578929546902],[22.327524093129725,65.71608266541676],[22.3277774363699,65.71697253010913],[22.32642994941718,65.716857136419]],[[22.32641687228939,65.72912619025324],[22.326366182808847,65.72894821710533],[22.326798657963348,65.72892735682095],[22.32641687228939,65.72912619025324]],[[22.32529850337034,65.72827803979635],[22.325730968355543,65.72825718264347],[22.325781651835364,65.72843515606135],[22.32529850337034,65.72827803979635]],[[22.325781651835364,65.72843515606135],[22.326264806153482,65.7285922707362],[22.32583233608366,65.72861312945479],[22.325781651835364,65.72843515606135]],[[22.32484450220528,65.60345156450198],[22.325375667132054,65.60378668187596],[22.324034099831653,65.60367120925022],[22.32484450220528,65.60345156450198]],[[22.32519714456902,65.72792209254291],[22.325247823585478,65.72810006618184],[22.324815360758357,65.72812092194125],[22.32519714456902,65.72792209254291]],[[22.32450785611608,65.73012034389666],[22.324457177427114,65.7299423700096],[22.324889671058273,65.7299215149705],[22.32450785611608,65.73012034389666]],[[22.324305145970808,65.72940844820198],[22.324355822354498,65.72958642216227],[22.323923333808743,65.72960727563563],[22.324305145970808,65.72940844820198]],[[22.324153121430047,65.72887452617462],[22.324203795508602,65.72905250020817],[22.323771315743304,65.72907335316489],[22.324153121430047,65.72887452617462]],[[22.31637730699143,65.72311514043831],[22.316809694323883,65.72309430938],[22.316860304258377,65.72327228648014],[22.31637730699143,65.72311514043831]],[[22.316860304258377,65.72327228648014],[22.317343307376312,65.72342943093255],[22.316910914960093,65.7234502635559],[22.316860304258377,65.72327228648014]],[[22.313609388736477,65.60074759749789],[22.314039744246607,65.60072679404858],[22.31409004846556,65.60090477513077],[22.313609388736477,65.60074759749789]]],[[[22.47315703,65.34138285],[22.409254709999995,65.34455100999999],[22.41385912520607,65.36080992176191],[22.417212534216077,65.36077200217169],[22.417111640990555,65.36041611145545],[22.415782236331907,65.36030132802928],[22.418716007788444,65.35997598856999],[22.42149828243396,65.35911676188816],[22.424908627285777,65.35894817845694],[22.428391581201666,65.35751284470467],[22.429771417480538,65.35780545803051],[22.430096628985332,65.35742848581818],[22.43094914834543,65.35738629917638],[22.431447916732207,65.3560985305655],[22.43315286101462,65.35601413810937],[22.432704722110657,65.35747985064833],[22.43473489054808,65.35701846158535],[22.436064201041024,65.35713307854796],[22.436165335349372,65.35748895407187],[22.437870351395013,65.3574045074264],[22.437993124669028,65.35631577106723],[22.439322411917967,65.35643035948425],[22.43957535534327,65.35732004158564],[22.441179144888302,65.35687968516282],[22.441402978431928,65.35614681886807],[22.4399219281756,65.35549844009361],[22.439842270118728,65.35369795783497],[22.438188074860708,65.35396036129508],[22.438310827239142,65.35287162489448],[22.436302758082018,65.35188844705972],[22.434742799147866,65.34943952545223],[22.43331282623815,65.34896901460608],[22.433962933525223,65.34821505741637],[22.43604291632454,65.34793159690477],[22.437472879030793,65.34840208190414],[22.438700633243712,65.34816080526295],[22.439278436831387,65.34867349995912],[22.442362364638544,65.34888152539843],[22.44316398831399,65.34866133725876],[22.443265179195958,65.34901720742512],[22.448935439706577,65.35072084773614],[22.449787705213016,65.35067855697396],[22.453551423143303,65.35175486227786],[22.454403713147368,65.35171254511351],[22.45540805382211,65.35220401341721],[22.4571633500659,65.35229728237806],[22.461404489013436,65.3535301462407],[22.465493743582293,65.35422910888393],[22.478129815128025,65.3587932147693],[22.47315703,65.34138285]],[[22.435566273413126,65.34777476543478],[22.435039098858542,65.34743999397655],[22.435465192385884,65.34741888896421],[22.435566273413126,65.34777476543478]],[[22.435790201489986,65.34704190652776],[22.436642373445178,65.34699969119623],[22.43631737717486,65.347376675342],[22.435465192385884,65.34741888896421],[22.435790201489986,65.34704190652776]],[[22.43305177430602,65.35565826007337],[22.432199315007548,65.35570045801187],[22.431997173318884,65.35498870026568],[22.432849609954662,65.35494650370488],[22.43305177430602,65.35565826007337]],[[22.431469893221266,65.354653917381],[22.431043678680528,65.354675012318],[22.4309931523228,65.35449707242591],[22.431469893221266,65.354653917381]],[[22.431144733661686,65.35503089202803],[22.430718512700164,65.35505198610977],[22.430667987664748,65.35487404609495],[22.431144733661686,65.35503089202803]],[[22.430819565036714,65.35540786606539],[22.430393337654223,65.35542895929188],[22.43034281394122,65.35525101915427],[22.430819565036714,65.35540786606539]],[[22.430595440058628,65.35614071959556],[22.430169200588885,65.35616181231107],[22.430118676687968,65.35598387210001],[22.430595440058628,65.35614071959556]],[[22.430494387345917,65.3557848394931],[22.430068153542283,65.35580593186427],[22.430017631151806,65.35562799160384],[22.430494387345917,65.3557848394931]],[[22.430270250656477,65.35651769265912],[22.429844004765197,65.35653878451926],[22.42979348218694,65.35636084418543],[22.430270250656477,65.35651769265912]],[[22.429945052187424,65.35689466511289],[22.429518799874426,65.35691575611767],[22.42946827861895,65.35673781566103],[22.429945052187424,65.35689466511289]]],[[[22.54196258444485,65.50514986304862],[22.54098965201347,65.50511991541411],[22.54124779624347,65.50600937233615],[22.540442273863285,65.50623012319751],[22.541505959871458,65.50689882862254],[22.541180637167834,65.50727604239349],[22.54032344766643,65.50731890164018],[22.541010204928533,65.50818692977388],[22.54286139857034,65.50824658377749],[22.54196258444485,65.50514986304862]]],[[[22.521324607298492,65.50894983177113],[22.521996133481565,65.5085950056344],[22.52179011610084,65.50788340877476],[22.52102685790307,65.50792146928686],[22.521324607298492,65.50894983177113]]],[[[22.332365755102394,65.51069911849238],[22.332623172510534,65.51232493934349],[22.331815629514107,65.51254459751475],[22.331259157386167,65.51365413317893],[22.330072864773634,65.51407259709349],[22.330223503281616,65.5146065271966],[22.32812909213151,65.51488866877962],[22.327489890245957,65.51536984864431],[22.328766329999997,65.51989553999998],[22.326682261542103,65.51999628772917],[22.327161762702286,65.52070892701933],[22.326303714177413,65.52075058095201],[22.325317806689537,65.52188092393332],[22.32445971610583,65.52192256782114],[22.324560100965353,65.52227852536176],[22.323752183668724,65.5224981441702],[22.32367444279255,65.5237648164396],[22.322816287137968,65.5238064516479],[22.322537757483772,65.5243612060599],[22.31983512140503,65.52557477006535],[22.319305680523346,65.52523961621479],[22.318068516579913,65.5254800121512],[22.314585474234203,65.52546841674506],[22.314184437592054,65.52404455475858],[22.314892224126687,65.52346902066068],[22.3143127649512,65.52295586564247],[22.315978914020334,65.52269470495577],[22.31663648666336,65.52194118129691],[22.316230958492508,65.5205015230756],[22.31065331420034,65.52077115673112],[22.308991853650173,65.52104868872843],[22.309192196604368,65.52176062847866],[22.307955097999585,65.52200094105537],[22.30568109144074,65.52319348175327],[22.301290129710676,65.52304512379551],[22.300303045971553,65.52417531525433],[22.299444831903568,65.52421681844146],[22.299294755810013,65.52368285219323],[22.298386537887055,65.52354636038102],[22.295003726621776,65.52389029042867],[22.29421630915706,65.52573240708756],[22.2919413454496,65.52692475062332],[22.290224701476138,65.52700765937087],[22.29058330407316,65.52518628646975],[22.288716902113553,65.52473519993852],[22.287050333163037,65.52499606443706],[22.28725011440184,65.52570803873934],[22.28338778809181,65.52589443504512],[22.281262033312796,65.52762060851431],[22.2804036694945,65.52766200514179],[22.276510836293582,65.52929289808957],[22.276909915286915,65.5307168789762],[22.275143088378602,65.53062162196046],[22.274384355376053,65.53101898202095],[22.275309454587727,65.53150142148719],[22.288359079999996,65.53087242],[22.290858329999992,65.53977203999999],[22.2693888,65.54080696],[22.267388132068188,65.53366182863431],[22.266017678920996,65.53376703318088],[22.2654389318565,65.53325368408565],[22.264630162644924,65.5334729953772],[22.264480734540246,65.53293898831552],[22.265515642286513,65.53197318893137],[22.255791056142623,65.5324397983967],[22.25498654626823,65.53321505370181],[22.25198144011376,65.5333594069363],[22.250363646518622,65.53379788382341],[22.250463075902246,65.5341538996875],[22.24960443837468,65.53419512424088],[22.24889491297342,65.5347703695992],[22.248036252174735,65.53481158548176],[22.24704641937872,65.53594145595225],[22.24547806821212,65.5365578922896],[22.245197761143494,65.53711252132601],[22.246205582703375,65.53760534939246],[22.245825895302616,65.53780396045651],[22.24405867907457,65.53770834426984],[22.244158040426726,65.5380643649324],[22.243299262211984,65.53810555508295],[22.242209763323288,65.53887937564743],[22.240541801685936,65.53913974131112],[22.240641121633328,65.53949576468372],[22.23950183206425,65.54009155534673],[22.236215296044435,65.54079022438665],[22.236314564539718,65.54114625109658],[22.234035591442282,65.54233776253349],[22.23317665328965,65.54237889680245],[22.23132692027829,65.54354980315514],[22.228898732583563,65.54420719528574],[22.22876677288988,65.54529584648435],[22.22790772731414,65.54533695189967],[22.227247010658544,65.5460901198192],[22.2246202110375,65.54603537868608],[22.22257161639102,65.54649411238432],[22.22029154752032,65.54768542749223],[22.218622793259048,65.54794555928011],[22.21644145226774,65.54949285986686],[22.2155327326495,65.54935587559252],[22.214822050270246,65.54993097232921],[22.210195232226088,65.55051261328838],[22.20966665706529,65.55017706773064],[22.207419627532346,65.54992350701826],[22.207750325545156,65.54954696341407],[22.204876001394776,65.54860175977271],[22.204777127795726,65.54824570865901],[22.202382052663594,65.54745799380753],[22.20152288578611,65.54749895066347],[22.199458757165495,65.54633465641253],[22.196634460903287,65.54556731784263],[22.195563137212396,65.54327340120982],[22.19680232452053,65.54303398788161],[22.197513230191067,65.54245897355442],[22.195336269464093,65.53931583617013],[22.192942308854136,65.53852796109811],[22.18759173197047,65.53806116197833],[22.183297274925845,65.53826546447195],[22.183015619893073,65.53881999118266],[22.18188927931806,65.53912447521604],[22.182737504764347,65.54218983001522],[22.18477560949316,65.54360648115976],[22.182691134066268,65.54550937896292],[22.18506434799784,65.54936484063639],[22.184352983722984,65.54993980089779],[22.18311335069233,65.55017911660742],[22.18245121094289,65.55093210261226],[22.183275234575607,65.55233595028955],[22.18428251189231,65.55282919576238],[22.180513849799073,65.5533690803741],[22.18023198972337,65.55392360381909],[22.178083429583147,65.55402567875261],[22.17626605862914,65.55375124366604],[22.172976042290795,65.55444857284843],[22.173687778802375,65.55387366247243],[22.175787096440605,65.55359361302241],[22.17559010090455,65.55288146555247],[22.174202529420384,65.55258659937792],[22.174054820994744,65.55205248687953],[22.171709509407624,65.55144231927812],[22.171414216988516,65.55037408805777],[22.170076029461264,65.55025722100939],[22.17082371222211,65.54823762308489],[22.17057770007394,65.54734742834985],[22.16966928226293,65.54721016589633],[22.169570895617692,65.54685408712142],[22.170712103216275,65.54625880463189],[22.170511444576007,65.54553264342604],[22.16201311,65.54593613],[22.16167302502572,65.54470344970676],[22.160720434313365,65.54474861775488],[22.154951721802306,65.54592378410479],[22.147746461833794,65.5466255738629],[22.14364628208819,65.54754096112505],[22.141792105178716,65.54871081517942],[22.141544486015214,65.5506275115311],[22.14298305,65.55585538],[22.16447098,65.55483822],[22.166930700000005,65.56374025],[22.18704104143783,65.56278530047256],[22.18828834578201,65.56223014061501],[22.18595706,65.55381802],[22.20744128,65.5527948],[22.20774567320689,65.55388948632012],[22.20898704157389,65.55399756556194],[22.209994862956087,65.55449063465655],[22.213002684006884,65.55434708887964],[22.221298887027462,65.55286851741127],[22.225958776511035,65.55084185134761],[22.228866858494136,65.55034196153679],[22.2304364256037,65.54972568556177],[22.233823511637347,65.54938315786247],[22.234153817701667,65.54900656043108],[22.238019989619662,65.54882138360286],[22.238218652663704,65.54953343332063],[22.239077816827976,65.54949226823368],[22.2393087001284,65.54875963618377],[22.244033914373222,65.54853313568577],[22.244843324463655,65.54831392824335],[22.244743906627466,65.54795790860601],[22.252425937548292,65.54740891392407],[22.259578490578072,65.54652416702845],[22.26091684103183,65.54664024129443],[22.256291715863604,65.54722327431512],[22.256590441077815,65.54829130565187],[22.257928871074554,65.54840740555628],[22.257698516425783,65.54914006080766],[22.268717145402018,65.54806910495361],[22.268038279069142,65.54719976878027],[22.26884743866219,65.54698043545879],[22.270435257815606,65.54798642585702],[22.271256768023513,65.54973390852052],[22.282527482025177,65.54919221115117],[22.28223205372798,65.5481398151575],[22.28122314396976,65.5476472377995],[22.280364121088642,65.5476886406779],[22.27892575855553,65.54721674704244],[22.277637237770932,65.54727882984363],[22.276548405951104,65.54805289093157],[22.275689360757056,65.5480942675006],[22.275589522920257,65.54773827227471],[22.277537377117092,65.54692283612492],[22.27882588060322,65.54686075434348],[22.281153099062863,65.54584658100842],[22.28287101747116,65.54576376267273],[22.28358006837833,65.5451883627694],[22.285627437778988,65.54472881563969],[22.29078088458422,65.5444801528337],[22.290880914675068,65.54483613614775],[22.295984272190456,65.54440930526003],[22.3023470517581,65.54536468240642],[22.302067879056356,65.54591940539723],[22.303456470464596,65.5462130892366],[22.30360678823811,65.54674704891885],[22.305704029665037,65.54646521907847],[22.303807222500325,65.54745899482367],[22.305067143701457,65.54884134735111],[22.304208127248806,65.54888288547386],[22.304329909081464,65.55086150171412],[22.303091394595107,65.55110178844761],[22.302991168829735,65.5507458151453],[22.303850248982222,65.55070428330147],[22.30322025527683,65.55001310361679],[22.29940455424482,65.55037792984],[22.29952598434771,65.55235655338737],[22.30068572568834,65.55338296624048],[22.299826551207598,65.5534244810536],[22.298738142215694,65.55419869752748],[22.298208365108003,65.55386347320113],[22.296010299855716,65.55378922713645],[22.294870766105316,65.55404502078338],[22.29586249,65.5575711],[22.297950941367066,65.55746995782101],[22.29953969651075,65.55704650702802],[22.30019856113402,65.5562930422323],[22.304115376931644,65.55628415986507],[22.304444737986817,65.55590741857111],[22.30654270280334,65.55562557000513],[22.30755240067744,65.55611797079645],[22.30591572993758,65.55708422891014],[22.33639383665312,65.55560819639472],[22.33849146446864,65.55431244391477],[22.33630729,65.54659182999998],[22.31483432,65.54763323],[22.31232598,65.5387341],[22.333714929894494,65.53769685486301],[22.33127809,65.52879436],[22.352734769999998,65.52775079],[22.35357325265791,65.53071055887631],[22.354360598671022,65.53075259833795],[22.355496811634094,65.53015597434356],[22.354765156436194,65.52910908501593],[22.357339952232394,65.5289836177435],[22.35675953688574,65.52847063495211],[22.35799646561224,65.52822992494815],[22.357845164219505,65.52769602917185],[22.35655783469417,65.5277587719062],[22.356785243737818,65.52702599612094],[22.358122969351957,65.52714121702643],[22.358880289961984,65.5267434513426],[22.357946889302774,65.5249847176033],[22.35918364275246,65.52474399963262],[22.359840002501738,65.52399030035716],[22.362843305039917,65.5238438230725],[22.363600459185694,65.5234460354115],[22.36349953675997,65.52309010919052],[22.36264148015263,65.52313196935444],[22.362111548571043,65.52279697027306],[22.361960201054252,65.52226307906585],[22.363247243980076,65.52220029321002],[22.364811889532096,65.52158267398387],[22.364610032086148,65.52087082321368],[22.36332305863573,65.52093361997494],[22.36279316479463,65.52059862290434],[22.363070797023088,65.52004380338563],[22.363651137874182,65.52055676271158],[22.364837164920385,65.52013803806678],[22.3641558972383,65.51926915754959],[22.365896969702277,65.5177407822195],[22.365947419148863,65.51485151100121],[22.36529153039749,65.51253799842858],[22.364232060685307,65.5118680130451],[22.363979873814063,65.51097819721024],[22.365115026100938,65.51038151151762],[22.364106085174814,65.50988948715907],[22.361583627274513,65.51019301470414],[22.361482794136784,65.5098370862381],[22.363917523948576,65.50916250171498],[22.332365755102394,65.51069911849238]],[[22.36344958743913,65.51677767368962],[22.363247811955233,65.5160658202778],[22.363676723993105,65.51604489024227],[22.364256982987254,65.51655784806304],[22.36344958743913,65.51677767368962]],[[22.36355104524511,65.51099912727396],[22.36350061301818,65.51082116386198],[22.363929438715097,65.51080023396992],[22.36355104524511,65.51099912727396]],[[22.354845122668497,65.51864067404345],[22.355274085115948,65.51861976733983],[22.355324479474287,65.51879773386858],[22.354845122668497,65.51864067404345]],[[22.357595797239767,65.5176044738616],[22.357823104850205,65.51687169750763],[22.359109894128984,65.5168089493819],[22.36054795354199,65.51728008385508],[22.36090095965927,65.51852583445442],[22.359437245753995,65.51949934213428],[22.357342784231584,65.51978188881817],[22.35724196418139,65.51942595740175],[22.355904640283807,65.51931072470934],[22.355324479474287,65.51879773386858],[22.357595797239767,65.5176044738616]],[[22.358630552485742,65.51665190140403],[22.358201625599726,65.51667281727437],[22.358151216589622,65.51649485184944],[22.358630552485742,65.51665190140403]],[[22.355951712088945,65.5286904248097],[22.355093456812448,65.52873224412791],[22.355043040873774,65.52855427774102],[22.355951712088945,65.5286904248097]],[[22.354007705028817,65.52950683139404],[22.35357856247,65.52952773629538],[22.353528155003776,65.52934976931988],[22.354007705028817,65.52950683139404]],[[22.321144940931237,65.52713497207479],[22.321674445065543,65.52747011885936],[22.32048737736734,65.52788851522816],[22.321144940931237,65.52713497207479]],[[22.3210947601316,65.52695699206771],[22.32152389176996,65.52693617942322],[22.32157407544666,65.5271141592595],[22.3210947601316,65.52695699206771]],[[22.31307565986155,65.52319622016311],[22.313504737409403,65.52317543080179],[22.31355485770251,65.52335341392636],[22.31307565986155,65.52319622016311]],[[22.312696696100005,65.52339499178048],[22.313125777278287,65.52337420345827],[22.313175895449085,65.52355218672925],[22.312696696100005,65.52339499178048]],[[22.310923852228967,65.52636744484737],[22.310494719743804,65.52638822743],[22.310444613276943,65.52621024315711],[22.310923852228967,65.52636744484737]],[[22.309736656198226,65.52678575812102],[22.308878374441214,65.52682731549895],[22.30882827797552,65.52664933059219],[22.309736656198226,65.52678575812102]],[[22.309399508678926,65.55494615954625],[22.309070231409198,65.55532291079398],[22.308540299443333,65.55498772415058],[22.309399508678926,65.55494615954625]],[[22.307534072625586,65.52977895663207],[22.30839245400834,65.52973740589756],[22.30844255465758,65.5299153909051],[22.307534072625586,65.52977895663207]],[[22.305710153888143,65.53257337282868],[22.30389303870556,65.53230046750494],[22.3042221194198,65.53192372941825],[22.303063244823825,65.53089733502314],[22.303821528318387,65.53049983561111],[22.30558843250742,65.53059475694998],[22.305438186478366,65.53006079849179],[22.3062965811559,65.53001925951781],[22.30662559984428,65.52964251681223],[22.306725777363987,65.52999848821554],[22.307634263165582,65.53013492730501],[22.305710153888143,65.53257337282868]],[[22.30566705519463,65.52932808534278],[22.305237868991497,65.52934885354281],[22.30518779150394,65.52917086724523],[22.30566705519463,65.52932808534278]],[[22.299768925856352,65.55631379933808],[22.29951842005631,65.55542385990266],[22.299948040910703,65.5554031036495],[22.299768925856352,65.55631379933808]],[[22.238879130706966,65.54878021986845],[22.238829461047164,65.54860220771762],[22.239259027584097,65.54858162420199],[22.238879130706966,65.54878021986845]],[[22.23839989376207,65.54862279002158],[22.238350227734887,65.54844477767789],[22.23877979213551,65.54842419554298],[22.23839989376207,65.54862279002158]],[[22.224669925000157,65.55090348649408],[22.224240306336096,65.55092402911924],[22.22419073166969,65.55074601124676],[22.224669925000157,65.55090348649408]],[[22.191534940162814,65.54130067030484],[22.191105448208045,65.54132111767512],[22.191056121647478,65.54114308655342],[22.191534940162814,65.54130067030484]],[[22.18520514505733,65.54358605132849],[22.185303730215534,65.54394211801974],[22.184874188881977,65.54396254818667],[22.18520514505733,65.54358605132849]],[[22.186212110117502,65.54407928702557],[22.18593046157172,65.54463381907023],[22.185500909441394,65.54465425112011],[22.185303730215534,65.54394211801974],[22.186212110117502,65.54407928702557]],[[22.183557591115598,65.54077836749421],[22.183656140984162,65.54113443560897],[22.183226644316704,65.5411548606681],[22.183557591115598,65.54077836749421]],[[22.183029559083902,65.5404427236736],[22.183128100216248,65.54079879221784],[22.182698608574867,65.54081921572995],[22.183029559083902,65.5404427236736]],[[22.17824493850767,65.55618252136411],[22.17781518885831,65.55620293351413],[22.177765919064573,65.55602489753713],[22.17824493850767,65.55618252136411]],[[22.168212892263615,65.55611757499862],[22.17084064709525,65.55617328567914],[22.17088986993889,65.55635132436191],[22.16831130255155,65.55647365439802],[22.168212892263615,65.55611757499862]],[[22.170312452920314,65.55583759911119],[22.17074220363317,65.55581720824325],[22.17079142499335,65.55599524697291],[22.170312452920314,65.55583759911119]]],[[[22.18102874,65.53601462],[22.1811037336913,65.53628563553312],[22.181847296961514,65.53616989381105],[22.182375224181893,65.53650554278488],[22.184043635997842,65.53624581389296],[22.18543043221825,65.53654059743951],[22.184979344793845,65.53582649429737],[22.18102874,65.53601462]]],[[[22.237054738332816,65.5694169388974],[22.237088874862188,65.56888947691526],[22.235749467531523,65.56877320229688],[22.234740598133445,65.56828031491398],[22.237220549250747,65.56780082142566],[22.237931196213413,65.5672256199918],[22.239220817029555,65.56716386445818],[22.239799845134357,65.56767731095117],[22.241519360735104,65.567594946381],[22.24437923284088,65.56691673318485],[22.245039943923306,65.56616349066911],[22.246429014870287,65.56645769285143],[22.253836047994447,65.56646320566927],[22.25463715352248,65.56587375027517],[22.25352226252168,65.5618894207207],[22.237896253795913,65.56398023567863],[22.237135996330064,65.56437742369741],[22.23503652435209,65.56465832509569],[22.23399538312021,65.5656101125577],[22.230077037302305,65.56561719594337],[22.229316611660707,65.566014346342],[22.223877153796774,65.56681556121892],[22.219826213029503,65.56791103224974],[22.215626254432962,65.56847233587368],[22.21577492723557,65.56900639828056],[22.21754419268105,65.5691023247808],[22.218982707057787,65.5695747999338],[22.219177013839687,65.57027241970067],[22.237054738332816,65.5694169388974]]],[[[22.255383189999996,65.56853989],[22.25505782794749,65.56737713091341],[22.25456480266195,65.56751061026243],[22.254813913365645,65.56840063745892],[22.254066861400947,65.5686028786565],[22.255383189999996,65.56853989]]],[[[22.407456856532423,65.5431185751244],[22.40749453897317,65.5431308884872],[22.40749055108915,65.54311692142674],[22.407456856532423,65.5431185751244]]],[[[22.40071478,65.54344946999998],[22.400767264740058,65.54363331758684],[22.401232386040412,65.54342406637464],[22.40071478,65.54344946999998]]],[[[22.42214467034543,65.61833185343983],[22.42335546121447,65.61831812801923],[22.42725187077946,65.616683424744],[22.42704741315671,65.61597168364928],[22.42775505426557,65.61539562375384],[22.429046512816154,65.6153322339279],[22.42922136748719,65.61442142947101],[22.433044414476583,65.61405325840006],[22.434919734311734,65.61450247386196],[22.435196704496292,65.61394752891923],[22.436795118231696,65.6149516654986],[22.437356184371346,65.6138272992382],[22.421080829999998,65.61462656],[22.42214467034543,65.61833185343983]]],[[[22.348864829999997,65.74444653999998],[22.348744895934658,65.74402688820298],[22.347522720111147,65.74451134664709],[22.348864829999997,65.74444653999998]]],[[[22.35140983,65.7533447],[22.340266071299556,65.75388283938653],[22.339071449890593,65.75503726672969],[22.338205648546722,65.7550790640172],[22.330974033058776,65.75862314129202],[22.332305480000002,65.76328843],[22.32401155234545,65.76368716670703],[22.32469794455873,65.76619475558348],[22.323882501217323,65.76641444833385],[22.323347881871413,65.76607935946284],[22.322048577439595,65.76614192529682],[22.317178900042066,65.76908255771761],[22.315063813207175,65.76936471977142],[22.314298887804764,65.7697623397652],[22.31294867852064,65.76964685293247],[22.31141872140613,65.77044206886814],[22.31152009108718,65.77079802512289],[22.310653707600153,65.77083967141377],[22.31037254855849,65.77139442847256],[22.296942913967758,65.77203929807035],[22.295794973806665,65.77263559546287],[22.29449525918389,65.77269793031171],[22.294646980754354,65.77323188471448],[22.295564056839083,65.77336831275024],[22.294264304649417,65.77343064598911],[22.293596162836767,65.77417036217409],[22.313186460000004,65.7732299],[22.315722559999998,65.78212874],[22.319481903555705,65.78178133570144],[22.319813733512614,65.78140453735503],[22.321113813012502,65.7813419831371],[22.321012261159346,65.78098603503012],[22.323179015498106,65.78088175523963],[22.32389332810469,65.78030611603279],[22.330444157813503,65.78017103440982],[22.33079606032116,65.78140285976085],[22.34903874209313,65.78052267451778],[22.35096274374948,65.77972223309423],[22.355627002765704,65.77913592565535],[22.35659560955653,65.77944994170385],[22.35660688229518,65.78015712491647],[22.359056410000004,65.78003881000001],[22.362527105261353,65.79212712091393],[22.36483492181146,65.79132046464008],[22.367818166523136,65.79099562859686],[22.36761368536889,65.7902838079933],[22.369449795976116,65.79055576151436],[22.369603195629935,65.7910896247721],[22.37052128505983,65.79122559199034],[22.37067471168559,65.79175945390942],[22.369374252062862,65.79182243436306],[22.370012295566344,65.79251325903866],[22.369196431728955,65.79273319824291],[22.369349841711376,65.79326706165308],[22.368100431558908,65.79350798652118],[22.367259996248702,65.79517254399794],[22.36611271531918,65.79576936422396],[22.366470584517373,65.79701505334177],[22.371444537119014,65.79749596651367],[22.37073084637415,65.79807182233455],[22.371317926219113,65.79858468588358],[22.37011943628831,65.79900358314646],[22.37027291024682,65.79953744500358],[22.36869188345109,65.80015528069389],[22.368029206432343,65.80090907970754],[22.36866745360559,65.80159990803246],[22.367902442171665,65.80199779770857],[22.36805589164476,65.80253166202749],[22.366857166735787,65.80295053591881],[22.36667920260087,65.80386129822223],[22.36736864275764,65.80473008675938],[22.366603520443938,65.80512797098609],[22.366720439999998,65.80673236],[22.41009065,65.80462758],[22.40751932,65.79573066],[22.42919414,65.79467410999999],[22.434353469999998,65.81246700999999],[22.35547472790768,65.81629533051775],[22.35328749721711,65.81695813991308],[22.353057898417333,65.81769093123248],[22.352241096938677,65.8179107887227],[22.352164700514756,65.81917746109951],[22.351296769151446,65.81921935327337],[22.350250206911777,65.8201719899803],[22.350275858539646,65.82179458518276],[22.352369516149977,65.82295653030896],[22.353722698408784,65.82307163929919],[22.354565583330604,65.82447436421113],[22.35331452603972,65.82471518374994],[22.35351894056762,65.82542702408281],[22.352318924568593,65.82584579610017],[22.352472221743746,65.8263796775048],[22.350649430008435,65.82736182289239],[22.35119153888181,65.8292497115063],[22.35231944494453,65.8289130222257],[22.351355971467594,65.82982234630661],[22.351742530477036,65.83116853410833],[22.35196221765095,65.83073452498793],[22.353647732634112,65.83047276090367],[22.352983878421657,65.83122650577486],[22.351775914359642,65.83128479313848],[22.35198031986214,65.83199663321294],[22.353188345942158,65.83193834602875],[22.352422212940922,65.83233616879404],[22.355410364965415,65.83201152846043],[22.35691747328598,65.83266048139973],[22.357070914616187,65.83319435679445],[22.356253662978762,65.83341424005918],[22.355666044560817,65.83290132375969],[22.355385259560194,65.83345616000021],[22.35732666573803,65.8340841486254],[22.361234534837624,65.8338954198123],[22.36200057389461,65.83349755374222],[22.363737354503456,65.83341363394074],[22.36524475300969,65.83406250191284],[22.366088659179606,65.83546515335418],[22.364785977968122,65.83552811602874],[22.362819603005736,65.83634485366507],[22.359447971915504,65.83686857143896],[22.35921840382102,65.83760137168342],[22.360086939616977,65.83755942867906],[22.36067475739019,65.83807232605098],[22.359474281826945,65.83849115869145],[22.35150368401385,65.83833455894037],[22.35096715838307,65.83799958538117],[22.34917891293109,65.83790540191782],[22.34762058780852,65.83707841169641],[22.34593457757041,65.83734011397972],[22.347824962835787,65.8377902600001],[22.34754396001341,65.83834508389378],[22.348412543757096,65.83830320681744],[22.348565849057948,65.83883709204443],[22.35068622179151,65.83855441442162],[22.353343101476682,65.83860667464064],[22.35344537387996,65.83896259418368],[22.355565699290494,65.83867984927798],[22.35566800278594,65.8390357670352],[22.35658775277216,65.83917180218464],[22.359678998256502,65.83920298785338],[22.361569753992903,65.83965296020621],[22.363792459220154,65.83972601410663],[22.363614205577434,65.84063677552301],[22.358887865993253,65.84104547423539],[22.357482541181675,65.84075246227157],[22.35830001204927,65.84053257033716],[22.35776335146568,65.84019762194552],[22.353701068513434,65.83985239260969],[22.351810430338944,65.83940232173588],[22.352576777722135,65.83900449999794],[22.350788457195584,65.83891033609704],[22.351427247786305,65.83960123124753],[22.352832442818872,65.83989430016011],[22.353420173317733,65.84040722627913],[22.354671986212388,65.84016639865267],[22.354774284446506,65.84052231705718],[22.355642927541894,65.84048039829797],[22.357636052219185,65.84128633641862],[22.362030538922326,65.84125456745183],[22.362184147931146,65.84178843608892],[22.36131547348296,65.84183039234496],[22.361852215092856,65.84216532747953],[22.36049798866241,65.84205030054927],[22.359680489686795,65.84227020451402],[22.360217219808007,65.84260514550276],[22.358914159823392,65.84266806171844],[22.36070276744128,65.84276212773516],[22.36129072251794,65.84327502141534],[22.363896882985845,65.84314913693738],[22.36461192486718,65.84257330018853],[22.3659149633047,65.84251033557757],[22.366144375497687,65.84177752677452],[22.36777921362867,65.84133764681926],[22.367625491760343,65.84080378489018],[22.368774690291698,65.84020693493105],[22.370077596647796,65.84014393607748],[22.370180107874123,65.84049984211555],[22.371636824201644,65.84097068847677],[22.372505449388765,65.84092867399977],[22.372607997955523,65.84128457804972],[22.371663923829537,65.84259326601867],[22.36959472573426,65.8430541888155],[22.36606866192815,65.84304419944795],[22.364868048826676,65.84346307579106],[22.365277887725327,65.84488671546916],[22.364025951552627,65.84512763118501],[22.362978864906776,65.84608036009219],[22.363720624027323,65.84712711022492],[22.365995225951824,65.84737808109686],[22.366021998641592,65.84900066273632],[22.365204330586586,65.84922059787522],[22.362060655782837,65.84901157953283],[22.36241921905087,65.85025727131921],[22.3616014795558,65.85047718785961],[22.36137187352195,65.8512099916745],[22.35861127481126,65.85080196893266],[22.35779348440355,65.8510218655796],[22.3568221111131,65.85070788374134],[22.35669474510689,65.85179659803363],[22.3558257218503,65.85183852640425],[22.35679712691575,65.85215251427192],[22.356618563148025,65.85306327045151],[22.357538825171464,65.85319929497648],[22.35666975616428,65.85324122858398],[22.35649118248432,65.85415198470633],[22.35534108636519,65.85474875079258],[22.3531170936752,65.85467558620488],[22.35240146862002,65.85525137468856],[22.351481157826438,65.85511531969225],[22.350816642678684,65.85586906139817],[22.35132827344358,65.85764866421835],[22.350024424916672,65.85771151213086],[22.34935980363219,65.85846524850785],[22.350791884100644,65.86038091955272],[22.346752083103826,65.86165813062313],[22.347007817233813,65.86254793980771],[22.34667540795831,65.86292480273197],[22.345805988852785,65.86296667789154],[22.345396818002474,65.86461021048471],[22.348414542589467,65.86590826548523],[22.353299228088115,65.8660337231249],[22.355216925097864,65.86503912551427],[22.35496087699204,65.86414933307026],[22.356213821440523,65.86390848202714],[22.356111391463184,65.86355256587034],[22.353989030744692,65.86383533774836],[22.353017208175956,65.86352133602206],[22.35347706785792,65.86205574703877],[22.354244046081043,65.86165791094332],[22.35598275959635,65.8615740608845],[22.356519860670083,65.86190901130283],[22.35738922302201,65.8618670757487],[22.35802879719548,65.86255793575532],[22.359332868039186,65.86249501743632],[22.359460149168463,65.86140630179123],[22.360329488755593,65.86136434973152],[22.35780783,65.85227034999998],[22.37953274,65.85122038],[22.38210105,65.86011780000001],[22.396365864567006,65.85942625319095],[22.39668447049406,65.85906410026999],[22.39885743269808,65.85895868529497],[22.39874760012284,65.85931078855481],[22.400012983308894,65.85924944378931],[22.400492768037203,65.85851845052014],[22.4022310874637,65.85843407817926],[22.403783831253104,65.858900018542],[22.40125569,65.85016734],[22.422976689999995,65.84911123999998],[22.425559789999994,65.85800778],[22.447286199999997,65.85694816999998],[22.44633879331814,65.85369338626617],[22.445394083935376,65.8538062549804],[22.44518685532831,65.85309456554697],[22.446035867101944,65.85265269345715],[22.4421072,65.83915589],[22.39514977072124,65.84144018710614],[22.394351437788746,65.84185516287641],[22.392179898052817,65.84196050014786],[22.39076983106797,65.84165281132269],[22.37696638,65.8423229],[22.374401969999997,65.83342535999999],[22.41781639,65.83131796],[22.416211244306176,65.82577687182767],[22.416488751618424,65.82706576194533],[22.414370098307923,65.82734933634929],[22.413700269888725,65.82503617283255],[22.415964746636963,65.82492594264122],[22.41523918,65.82242123],[22.45863102,65.82030245],[22.46076196291027,65.8203923507917],[22.46086563275879,65.82074818443128],[22.459038560527112,65.82170063937338],[22.46381688,65.83809409],[22.47587902200736,65.83750238257626],[22.477515736608815,65.8370753677286],[22.476925634541075,65.8365629429526],[22.477793902949884,65.83652033325099],[22.477689922695248,65.8361645141348],[22.480190661054458,65.83568084061413],[22.481336968765206,65.83508317265569],[22.481563020860996,65.83435022417994],[22.48281327631647,65.8341083619345],[22.482605203608095,65.83339673156219],[22.480660880651712,65.83277036493006],[22.48083493454662,65.83185950904088],[22.483897979782043,65.83146475121629],[22.48032398,65.81923846],[22.48663166154338,65.81892770417323],[22.485387749462724,65.81882300079079],[22.48512775712537,65.81793346622666],[22.486273179603252,65.81733576985395],[22.485857181296137,65.81591251685909],[22.487766014850617,65.81491634433314],[22.489067289439127,65.81485234648407],[22.489969250589386,65.81643215776305],[22.491582820127878,65.81743556701824],[22.49250246070793,65.81757078454625],[22.492553740718336,65.81863594552986],[22.5055891144926,65.8179937415241],[22.504804923070374,65.81750635154194],[22.5069738432571,65.81739943888977],[22.50751192455021,65.81773384840209],[22.508761123385135,65.81749178405616],[22.50927652386699,65.81781207668564],[22.52370398,65.81710128999998],[22.518856418428985,65.8005879803332],[22.518271319606008,65.80041910048126],[22.516537373160162,65.80050474984533],[22.51534123094673,65.80092476410816],[22.515064220141696,65.8014798555499],[22.51376369837562,65.80154406768631],[22.512254593551674,65.80089668386563],[22.51186001046369,65.79963870707482],[22.486484290149157,65.8008890308194],[22.481648047085105,65.80150198884097],[22.481751913930488,65.8018578063508],[22.480884821140304,65.80190042709805],[22.481110649159092,65.80116748151036],[22.475131289999997,65.80144744],[22.474916512570953,65.80071073086725],[22.47330689795692,65.80155085718681],[22.47346252704983,65.80208459361062],[22.472595410163294,65.80212716747606],[22.472751028706476,65.80266090472898],[22.4718838910196,65.80270347475313],[22.47283621057492,65.80446131464686],[22.471742899161217,65.80523682057877],[22.47210603160798,65.80648220906966],[22.469207398352953,65.80860950222288],[22.469952285223727,65.80965570502579],[22.471894572957655,65.81028222780154],[22.47258772708975,65.81115050368186],[22.473558947904426,65.81146375063716],[22.47279530719761,65.8118621524698],[22.472951000564045,65.81239588879505],[22.472083535633868,65.81243846314602],[22.472064948368793,65.81388304846644],[22.4708155600533,65.81412481426983],[22.471023120011584,65.81483646566687],[22.468401670811566,65.81640873047255],[22.468175370263037,65.81714166185175],[22.46671831534015,65.81667173987965],[22.465850694039926,65.8167142803227],[22.46722284763588,65.81538379482174],[22.465836702575412,65.81364718958352],[22.464431733110303,65.81335515844867],[22.463356878978697,65.81268602117385],[22.46248938523645,65.81272854126723],[22.462333906183154,65.81219479218872],[22.460184462631258,65.81085647794579],[22.459265223386573,65.81072106179998],[22.460080850024525,65.8105006432894],[22.459925437022147,65.80996689111555],[22.46079284287146,65.80992438645272],[22.459770031108615,65.80943313871464],[22.461886680563637,65.80914895387052],[22.462164918733286,65.80859394719279],[22.46336230366382,65.80817433791013],[22.463329575875832,65.80655183265347],[22.46085054374477,65.80559061581184],[22.459601443289753,65.8058322870001],[22.459705026716207,65.80618812226489],[22.45705139606997,65.8061376807217],[22.455141982209597,65.80713347461858],[22.452158080641823,65.80746002491603],[22.45162093155489,65.80712541130606],[22.451465718239348,65.80659164857968],[22.455336369504458,65.80477804770133],[22.457122618069718,65.80487100757264],[22.457019076660362,65.80451517014622],[22.45831991767115,65.80445143869179],[22.460746947389133,65.80523478145082],[22.461614192341475,65.80519227368514],[22.46151058736725,65.80483643992669],[22.462481434143797,65.80514976102049],[22.464701349128706,65.805221373536],[22.464008630891538,65.80435305759852],[22.464875839706636,65.80431053164476],[22.464772193963142,65.8039547004991],[22.4655875602868,65.80373425509177],[22.465276611389825,65.80266676300865],[22.46328325921503,65.80186223253176],[22.463787716536388,65.800574299578],[22.468368109870607,65.79818411592007],[22.469668597670296,65.79812029114638],[22.471576789050992,65.79712432741601],[22.47373707568578,65.79666513851292],[22.472537899999995,65.79255183999999],[22.494206819999995,65.79148610999998],[22.49331939333825,65.79028039058892],[22.493868067250364,65.79032660176486],[22.49300559171821,65.78737445603848],[22.491846550593184,65.7867436382432],[22.49049474442376,65.78662974033413],[22.49072018895468,65.78589678429924],[22.492437984927722,65.78543160908418],[22.491608059999997,65.78259087999999],[22.501502164004293,65.78210141857791],[22.502191921218543,65.78154166069544],[22.503439434878473,65.78129965643353],[22.503335368463564,65.78094385567772],[22.505501222056168,65.78083699399589],[22.506107303037062,65.77990474461176],[22.511686131824284,65.77944884382786],[22.51158196067598,65.77909304973545],[22.51250031695533,65.77922815934573],[22.514457562740187,65.77840958588715],[22.513868146793243,65.77789729725443],[22.514734367325502,65.77785449760765],[22.515011160637368,65.7772994089373],[22.520657345672927,65.77557651810214],[22.52325572344346,65.7754479914509],[22.52509229730662,65.77571806584218],[22.525300982517347,65.77642963209179],[22.526704568959353,65.77672111630844],[22.527502969910618,65.77794491557788],[22.525546183442486,65.77876365199926],[22.525650545532198,65.77911943466016],[22.52478430432603,65.77916229654384],[22.523082037451104,65.78103386202692],[22.534830309873787,65.78045267487501],[22.533050452154516,65.78037735868658],[22.532737050948835,65.7793100287965],[22.53187081750618,65.77935293087391],[22.5344172658239,65.77904632227306],[22.53420830378554,65.77833477123606],[22.5320950280834,65.77861992596493],[22.531938356504348,65.77808625983478],[22.531072162545016,65.7781291569841],[22.530967730523695,65.77777337872672],[22.53281981511073,65.77659879838919],[22.53498515691161,65.7764915228721],[22.533857862857662,65.77564499698003],[22.537045971560516,65.77602844344318],[22.537254989380823,65.77673999003338],[22.53557495463323,65.77700372605703],[22.53654560533828,65.77731657758198],[22.53742915413587,65.78032411002387],[22.538315469987847,65.78028026396998],[22.53928597617919,65.7791659930298],[22.541070685751805,65.7792579851081],[22.540861538187773,65.7785464450262],[22.54216081957023,65.7784820141077],[22.542384729984782,65.77774899703778],[22.543355489590315,65.77806180412084],[22.543683966642252,65.77768455357803],[22.54455012044339,65.77764158515838],[22.546544029725315,65.77844504765571],[22.54481167299432,65.77853100271912],[22.544368928727785,65.77998079930677],[22.55658096,65.77937667],[22.557875742055625,65.78377066952096],[22.560400013554496,65.78371276649949],[22.56050488037331,65.78406852026563],[22.559205372795763,65.78413310978182],[22.55936265258867,65.78466674183979],[22.55815743571772,65.78472663103658],[22.559201730000005,65.78827057],[22.580862729999996,65.7871926],[22.58309742697607,65.79474604836425],[22.58588530668989,65.79706350114135],[22.587132735962367,65.79682081298786],[22.588157413757788,65.79731118766782],[22.590810250707598,65.79735935665079],[22.59134897014578,65.79769346399983],[22.594487914978647,65.79789781015445],[22.59637951940764,65.79834486481076],[22.599465839587698,65.79837124588977],[22.60017434816735,65.79779437438815],[22.599963388761903,65.79708293360271],[22.603810714292013,65.79671021533923],[22.603260601582473,65.79782067933861],[22.60244664533909,65.79804184614589],[22.60260492216233,65.79857542361991],[22.60016292288486,65.79923890181016],[22.600373909007992,65.79995034206318],[22.59950711799647,65.79999363402443],[22.598470602728387,65.80094786699638],[22.597117630689652,65.80083492610831],[22.594675273349416,65.80149831999563],[22.59288886054423,65.8014069724499],[22.592127395438727,65.80180594932594],[22.59195743511728,65.80271689035972],[22.5898308679587,65.80444739082762],[22.59104166103013,65.80473351726872],[22.61767333896385,65.80340216531063],[22.615732559065375,65.80279239486867],[22.614918559152652,65.80301362867493],[22.614812848693063,65.80265792080657],[22.612645710465053,65.80276634820954],[22.613248350127723,65.80183370810082],[22.61454858659842,65.8017686506789],[22.616123641120254,65.80114833008327],[22.616017923227343,65.80079262312809],[22.617540015891002,65.79999443542906],[22.617381419474356,65.79946087664032],[22.618248156442913,65.79941748363879],[22.618417168381235,65.7985065228245],[22.619283871168438,65.79846312427738],[22.620805726825402,65.79766490635795],[22.623352825486904,65.7973568057824],[22.624060764815134,65.7967798290189],[22.625307801447477,65.79653683256416],[22.625201979582787,65.79618113302325],[22.62606859046529,65.796137696836],[22.625962760074636,65.79578199790889],[22.62735772210638,65.7957120683641],[22.62417873,65.78502751000002],[22.628439075814917,65.78481300890897],[22.629127366536064,65.78425167593048],[22.628704130067188,65.78282888754295],[22.623242810261036,65.78220023973998],[22.61988387629444,65.78272957717223],[22.61836284779817,65.78352777758371],[22.618679852906325,65.78459489471813],[22.616292411510788,65.78543646670897],[22.61358798084585,65.78521087408409],[22.613313250546735,65.78576612067697],[22.61033401003287,65.78609571721951],[22.610228446145577,65.78574000475477],[22.60892900455356,65.78580501744459],[22.608337551130614,65.78529311485353],[22.60703812632062,65.78535811125934],[22.607143644335807,65.7857138263883],[22.604491996078742,65.78566592971127],[22.60509456920348,65.78473332258106],[22.606668838502728,65.7841131074877],[22.607651647758654,65.78298097096128],[22.607440627804774,65.78226954118593],[22.60830680729453,65.78222621022549],[22.61048313742226,65.7806733386681],[22.613514542555198,65.78052160049161],[22.61330338513976,65.77981018021458],[22.61406388460139,65.77941110730448],[22.613799934564113,65.77852183290297],[22.614507597413734,65.7779449033125],[22.613272094590865,65.77674328214462],[22.612563896821026,65.77657586523175],[22.57823462,65.77829914999998],[22.575608499999998,65.76940563999999],[22.59725284,65.76832551],[22.59462139,65.75943237],[22.529704369999997,65.76266225999998],[22.52709687,65.75376771999998],[22.46218401,65.75696879],[22.459600439999996,65.74807287],[22.481232709999997,65.74700934],[22.47864379,65.7381138],[22.43539193,65.74023693000001],[22.43796621,65.74913335],[22.39469191,65.75124513],[22.3972535,65.76014236],[22.37560609,65.76119411000002],[22.37049951,65.74339872],[22.348864829999997,65.74444653999998],[22.35140983,65.7533447]],[[22.40534140697023,65.79583650642174],[22.40421785196818,65.79680734130308],[22.40253507195049,65.79706963713616],[22.402204275717608,65.79744660522047],[22.40317413671608,65.79776031311664],[22.40052143241605,65.79770887945136],[22.39932347158234,65.79812800099926],[22.3995289030509,65.79883976980939],[22.39774324506451,65.79874612997718],[22.396927432292088,65.7989662170065],[22.397030117402995,65.79932210335488],[22.395729353833193,65.79938531146465],[22.39517016000601,65.80049510775889],[22.39213488318732,65.80064254065071],[22.392237510159564,65.80099843078477],[22.38790127525977,65.80120894856613],[22.38601294378453,65.8007592788248],[22.38379357003362,65.80068651622862],[22.383383553120858,65.79926292783065],[22.38419949524504,65.79904291198876],[22.38509019697903,65.79755621881037],[22.387355937040486,65.79671059900909],[22.38584254,65.79678415],[22.383280509999995,65.78788673],[22.39922184437749,65.78711204316392],[22.399071879899896,65.78659215145379],[22.40065134380085,65.78597401608454],[22.402766777149502,65.78569066316987],[22.40286947928306,65.78604654542839],[22.40378755142487,65.78618231254531],[22.40361123344176,65.78689873593092],[22.404949939999998,65.78683368],[22.40533995000917,65.78818416581814],[22.40690149282099,65.78783515683706],[22.405755466561086,65.78843226299315],[22.407107034843968,65.7885469143768],[22.40736397994041,65.78943661074086],[22.410192193204285,65.78857713649538],[22.411058977861508,65.78853492056277],[22.410831237624894,65.78926778059646],[22.41343164807856,65.78914110657323],[22.41289539148274,65.78880634803933],[22.41404126506593,65.7882091897099],[22.415341410965905,65.78814583144808],[22.41567190122914,65.7877688378439],[22.41536324956644,65.78670122203845],[22.41628140687399,65.78683691310478],[22.41638430095351,65.787192784391],[22.418117749718878,65.78710827837794],[22.417963374507558,65.78657447350803],[22.422296853529932,65.78636312804082],[22.423266526500257,65.78667671000284],[22.424081722000764,65.78645648811798],[22.42428772486926,65.78716821800407],[22.42298765468286,65.78723165180591],[22.42362700407241,65.7879222393144],[22.422708771492292,65.78778659320922],[22.42281175880593,65.7881424592513],[22.42469976816544,65.78859167657573],[22.42506034713561,65.78983720151261],[22.42348125263196,65.7904555860867],[22.42358426342009,65.79081145137856],[22.41848614085375,65.79142097308767],[22.41794977024116,65.79108623343537],[22.416216053437605,65.7911707401375],[22.415679717320323,65.790835992167],[22.414812864422544,65.79087823502527],[22.41545209255348,65.79156885797823],[22.41246943764029,65.7918946199829],[22.41267517224514,65.79260636814531],[22.411808253920213,65.79264859455952],[22.412447448822853,65.79333923042648],[22.411095606345402,65.79322462903207],[22.410485773477525,65.79415653620626],[22.409185310178525,65.79421985614327],[22.40890606054841,65.79477477584037],[22.407605561405376,65.79483808265512],[22.40751932,65.79573066],[22.40534140697023,65.79583650642174]],[[22.356712895744792,65.8319486471947],[22.35535923138135,65.8318335693266],[22.354771668622323,65.83132064905054],[22.353903332934756,65.83136255991684],[22.353801090480278,65.83100664038554],[22.354950190725983,65.83040989536771],[22.35479681332033,65.82987601722618],[22.3562015063805,65.83016905995486],[22.355613966968605,65.82965614269351],[22.359087047413617,65.82948843320901],[22.35972581046891,65.83017929393358],[22.358423378062064,65.83024219995606],[22.358959831594436,65.83057714802084],[22.35814267875686,65.83079704044971],[22.358781451191753,65.83148790503213],[22.359700943882054,65.83162392390078],[22.35952258466693,65.83253468157206],[22.357632394826535,65.83208467845701],[22.357785846860804,65.83261855303178],[22.35691747328598,65.83266048139973],[22.356712895744792,65.8319486471947]],[[22.353989030744692,65.86383533774836],[22.35365670936061,65.86421221501269],[22.353119595155725,65.86387725466163],[22.353989030744692,65.86383533774836]],[[22.53730724581933,65.77691787661684],[22.53865872190893,65.77703136272453],[22.538554190641136,65.77667559064795],[22.539853384759763,65.77661118025908],[22.540077347942,65.77587816606304],[22.54061495278292,65.77621246348258],[22.541481063321516,65.77616951293007],[22.541585632473314,65.77652528262429],[22.540719510204006,65.77656823388686],[22.54087635228871,65.77710188930087],[22.54001020924755,65.77714483673817],[22.53968168429749,65.77752207983565],[22.53654560533828,65.77731657758198],[22.53730724581933,65.77691787661684]],[[22.467148360352414,65.7740430681816],[22.46721513933292,65.77460077594665],[22.464997865957937,65.77452917423774],[22.463853788023847,65.77512669777258],[22.463957281901227,65.77548253101553],[22.46265791795552,65.77554629612574],[22.462884078920673,65.77481337431948],[22.464131658172217,65.7745716911149],[22.46415079028513,65.77312710151357],[22.46491345263092,65.77272875250958],[22.464376891345744,65.77239417807988],[22.465243025571496,65.77235166052893],[22.46513952906718,65.77199582818575],[22.465953895474463,65.77177539058852],[22.465417341469255,65.77144081975074],[22.46411818531396,65.77150459527543],[22.464673833685836,65.77039458139274],[22.46605033291208,65.77026805010485],[22.464769530000005,65.76586464999998],[22.476797894422766,65.76527319812716],[22.479295921923022,65.76480361911037],[22.479192268155384,65.76444779786235],[22.480975779825318,65.76454050522383],[22.48213928819093,65.76501055416021],[22.48641645,65.76480024],[22.489011270000002,65.77369559000002],[22.467357019999998,65.77476044],[22.467148360352414,65.7740430681816]],[[22.62211409526889,65.78875483471938],[22.622811656775866,65.78962238226742],[22.621237457278674,65.79024276336958],[22.619071394818903,65.79035127134269],[22.61837393726256,65.78948370564484],[22.619948162202462,65.78886335385688],[22.62211409526889,65.78875483471938]],[[22.605766280318978,65.79589048680005],[22.605819056065428,65.79606834465844],[22.60538573171186,65.79609000602001],[22.605766280318978,65.79589048680005]],[[22.60598849422359,65.79515739341704],[22.6068023290204,65.794936208918],[22.606538438323472,65.79404692127164],[22.610057526735226,65.79405142890133],[22.609507735304582,65.79516191221865],[22.605766280318978,65.79589048680005],[22.60598849422359,65.79515739341704]],[[22.605438505324233,65.79626786403149],[22.60500517723309,65.79628952434892],[22.604952406556592,65.79611166615827],[22.605438505324233,65.79626786403149]],[[22.60413851864582,65.79633284131391],[22.604571848340278,65.79631118344305],[22.604624616882518,65.79648904178673],[22.60413851864582,65.79633284131391]],[[22.6037579508201,65.79653235666335],[22.604191284252114,65.79651069983669],[22.604244050660036,65.79668855833347],[22.6037579508201,65.79653235666335]],[[22.586460574789783,65.79306402434669],[22.588416436520824,65.79224451539378],[22.58987423483827,65.79271326740287],[22.59066419359733,65.79538123239611],[22.588708172457906,65.79620077177167],[22.5856221112807,65.79617417043926],[22.587197546417773,65.79555414484366],[22.586460574789783,65.79306402434669]],[[22.586958691039555,65.79177574892583],[22.58685342162408,65.79142001736311],[22.587772590157112,65.79155466535568],[22.58787787291261,65.7919103961518],[22.586958691039555,65.79177574892583]],[[22.58253317010085,65.7901914951685],[22.584318771703366,65.79028297203031],[22.58652541979251,65.79179735617069],[22.585225601254677,65.79186217056629],[22.585120355321276,65.79150643757427],[22.58257333684372,65.79181389877725],[22.58253317010085,65.7901914951685]],[[22.570506957013926,65.77923934259181],[22.57061194131412,65.779595088231],[22.569745774217566,65.7796382048763],[22.570506957013926,65.77923934259181]],[[22.562264747015867,65.78109329229088],[22.56470606395645,65.78043042779872],[22.56534900147609,65.78112038414756],[22.564849973828366,65.78240859786486],[22.56148973707222,65.78293666134026],[22.560951719668903,65.78260244163899],[22.561765564773037,65.78238149743994],[22.560794422141505,65.78206881140066],[22.562264747015867,65.78109329229088]],[[22.561072543412504,65.77555758640258],[22.562476467387892,65.77584873783037],[22.561610409692925,65.77589180716336],[22.561715254979333,65.77624756029792],[22.56019275979139,65.7770451945262],[22.55802749774765,65.77715282735579],[22.557370971192498,65.77790738530754],[22.555415160559733,65.77872649542994],[22.55449661231088,65.7785916462866],[22.554339477671647,65.77805800778856],[22.55260717816357,65.77814405088104],[22.551583948945872,65.77765342316162],[22.55132217368898,65.7767640194305],[22.55447234018928,65.77552466783318],[22.555338399884107,65.77548163904092],[22.55587619122728,65.7758158807777],[22.55798895548997,65.77553040143273],[22.55863158441463,65.77622038914852],[22.561072543412504,65.77555758640258]],[[22.560466145964508,65.78244609682385],[22.560571007504,65.78280185059475],[22.56013786044135,65.78282338163316],[22.559599862777947,65.78248915696584],[22.560466145964508,65.78244609682385]],[[22.55928803354774,65.77546582653903],[22.557451143325633,65.77519616735736],[22.55869780629849,65.77495371939582],[22.55928803354774,65.77546582653903]],[[22.550693994141938,65.77462944785294],[22.55074633806663,65.77480732895913],[22.55031331532817,65.77482883085332],[22.550693994141938,65.77462944785294]],[[22.546363760326116,65.77484441000858],[22.54679678728231,65.77482291929398],[22.546901423148586,65.77517868467905],[22.546363760326116,65.77484441000858]],[[22.546901423148586,65.77517868467905],[22.54738677723166,65.77533507486307],[22.546953742273143,65.77535656733306],[22.546901423148586,65.77517868467905]],[[22.545759255669996,65.77577680370493],[22.545811568380294,65.7759546868148],[22.545378521447695,65.77597617492772],[22.545759255669996,65.77577680370493]],[[22.545401713230017,65.7790431654827],[22.545454031439228,65.77922104866312],[22.545020929332164,65.7792425363055],[22.545401713230017,65.7790431654827]],[[22.543250888550485,65.77770603595391],[22.543198589221692,65.77752815183194],[22.543631664380534,65.77750666963364],[22.543250888550485,65.77770603595391]],[[22.54030129956792,65.77514515165399],[22.540353573119663,65.77532303702286],[22.53948748873188,65.77536598091017],[22.54030129956792,65.77514515165399]],[[22.537859824728287,65.77580762680493],[22.53727001085203,65.7752954326231],[22.539106710895577,65.77556533689575],[22.537859824728287,65.77580762680493]],[[22.53688921652523,65.77549478323138],[22.536993719088787,65.77585055673157],[22.53656066507907,65.77587201986103],[22.536023119443055,65.77553770755809],[22.53688921652523,65.77549478323138]],[[22.532177861941175,65.7759086952251],[22.532610920948763,65.77588724449889],[22.532663143299924,65.77606513300988],[22.532177861941175,65.7759086952251]],[[22.532663143299924,65.77606513300988],[22.533200657394154,65.77639945747418],[22.53276759038089,65.77642090995501],[22.532663143299924,65.77606513300988]],[[22.532282301570692,65.7762644725761],[22.53141616944565,65.77630737106995],[22.53136395510026,65.77612948205265],[22.532282301570692,65.7762644725761]],[[22.531468384583814,65.77648526006166],[22.531520600514742,65.77666314902777],[22.531087527397098,65.77668459679533],[22.531468384583814,65.77648526006166]],[[22.53090014363699,65.77904004980654],[22.5313332564735,65.77901860217945],[22.53138547763793,65.77919649114172],[22.53090014363699,65.77904004980654]],[[22.52960080037027,65.7791043853509],[22.530033915585335,65.77908294139226],[22.530086127948792,65.77926083088639],[22.52960080037027,65.7791043853509]],[[22.530086127948792,65.77926083088639],[22.53100458089148,65.77939582806002],[22.530138341105072,65.77943872035495],[22.530086127948792,65.77926083088639]],[[22.528129327983216,65.78007960060394],[22.52856246103831,65.78005816065028],[22.52861466563032,65.78023605072556],[22.528129327983216,65.78007960060394]],[[22.52861466563032,65.78023605072556],[22.529100009145406,65.78039249924421],[22.52866687101507,65.78041394077523],[22.52861466563032,65.78023605072556]],[[22.526250596082367,65.77367553447522],[22.526094081436938,65.77314186080162],[22.527878333824443,65.77323401183743],[22.527982701172103,65.77358979284352],[22.526250596082367,65.77367553447522]],[[22.527748392859493,65.7802789297645],[22.527800592376185,65.78045682016868],[22.52736745186772,65.78047825803107],[22.527748392859493,65.7802789297645]],[[22.52678797646508,65.77400988286793],[22.527221008998467,65.77398844771689],[22.527273189580196,65.7741663384848],[22.52678797646508,65.77400988286793]],[[22.526892332555693,65.7743656647325],[22.525645383043315,65.77460785533876],[22.525055838410637,65.77409561124668],[22.526892332555693,65.7743656647325]],[[22.520115857165177,65.77073055826534],[22.52027223063015,65.77126423946365],[22.519839236860765,65.7712856544895],[22.520115857165177,65.77073055826534]],[[22.51892113046467,65.77115058663571],[22.519025364223115,65.77150637508663],[22.518592365148102,65.77152778662217],[22.518055143251672,65.77119340777651],[22.51892113046467,65.77115058663571]],[[22.51616363899216,65.80972724069653],[22.516874338167366,65.80915073504785],[22.517725574947036,65.81055247352853],[22.51619971832093,65.81134970130333],[22.51489870178241,65.81141392797193],[22.51392699433572,65.81110094895392],[22.51453341755422,65.8101686626484],[22.51616363899216,65.80972724069653]],[[22.51482671726371,65.80816900443486],[22.516127570187017,65.80810477998504],[22.516231945105922,65.80846056899553],[22.515364698851418,65.80850338722857],[22.51482671726371,65.80816900443486]],[[22.515440905992083,65.77276640919298],[22.51376089078754,65.77302990457083],[22.513656722195584,65.7726741118772],[22.515717635672495,65.7722113198738],[22.515440905992083,65.77276640919298]],[[22.511148826873434,65.77911444144854],[22.511096745419813,65.77893654418726],[22.511529876288197,65.77891515265102],[22.511148826873434,65.77911444144854]],[[22.503086606580467,65.81614728779643],[22.503138723164476,65.81632518746494],[22.502704954977883,65.81634656140591],[22.503086606580467,65.81614728779643]],[[22.49540010710306,65.8154430585863],[22.495243926490023,65.81490934995162],[22.49324868656331,65.81410522955198],[22.4987139157053,65.8147384950798],[22.502062747967233,65.81565633387955],[22.50265284133761,65.8161686615605],[22.500536102158414,65.81645341273403],[22.499564370209328,65.8161403424968],[22.49734344237046,65.81606924715847],[22.49540010710306,65.8154430585863]],[[22.497980642287327,65.77164323606992],[22.49803261564778,65.77182113886786],[22.497599590378712,65.77184249101549],[22.497980642287327,65.77164323606992]],[[22.497651561595433,65.77202039396457],[22.49721853260461,65.77204174506609],[22.49716656432065,65.77186384194057],[22.497651561595433,65.77202039396457]],[[22.482251120335405,65.80959312521489],[22.48051641299236,65.80967837254803],[22.480308640792654,65.8089667361435],[22.478314329263192,65.80816241145516],[22.47833257965868,65.80671782867496],[22.4793738222359,65.80576436730558],[22.478854589112284,65.80398526995963],[22.48097056692417,65.803700826953],[22.48247907026411,65.8043485260805],[22.482582962372856,65.80470434277916],[22.481715775468583,65.80474696916923],[22.481386058450603,65.80512409818274],[22.481541880799966,65.8056578244757],[22.486033856408202,65.80597836774136],[22.487057018624792,65.80646943597141],[22.48792425286492,65.80642677875856],[22.489346728146206,65.80527401679171],[22.494341702947704,65.80430631065043],[22.496197328132446,65.80313214069669],[22.496023955276417,65.8040430073822],[22.494393730389284,65.80448421417078],[22.494653879460113,65.80537373139117],[22.496700516366403,65.80635574230749],[22.496579195984427,65.80744451210167],[22.493699894841093,65.80812767491437],[22.493370314720902,65.8085048284856],[22.489901122397416,65.8086755540783],[22.488912165454888,65.8098069901549],[22.48917218988521,65.81069651794631],[22.487055737833412,65.81098107933929],[22.486396303114102,65.81173535974668],[22.484453560574888,65.81110902601036],[22.48370804178758,65.81006290018705],[22.482251120335405,65.80959312521489]],[[22.488604565389625,65.79069298975638],[22.48806731244357,65.79035850552131],[22.489367346929285,65.79029451723524],[22.490026180454514,65.78954022989753],[22.491378138523995,65.78965413047253],[22.491482082241212,65.79000994059471],[22.490615407142723,65.79005261255989],[22.490337963468903,65.79060766328794],[22.489089873879312,65.79084956598038],[22.48919379181905,65.79120537791533],[22.48735645457694,65.79093487846961],[22.488604565389625,65.79069298975638]],[[22.490771311015102,65.79058632861152],[22.49082328055162,65.79076423391129],[22.49038993006776,65.79078556876416],[22.490771311015102,65.79058632861152]],[[22.47318459636721,65.80263961788013],[22.473236473733042,65.80281753007105],[22.472802903131154,65.80283881709606],[22.47318459636721,65.80263961788013]],[[22.4689804657027,65.77613820443602],[22.469413591472573,65.7761169326209],[22.469465378735496,65.77629484696868],[22.4689804657027,65.77613820443602]],[[22.469465378735496,65.77629484696868],[22.469950297637535,65.77645148790126],[22.4695171667848,65.77647276129117],[22.469465378735496,65.77629484696868]],[[22.46899455255055,65.77920529384407],[22.46769501611945,65.7792691035811],[22.467643233884314,65.77909118858217],[22.468457799101344,65.77887073565994],[22.46899455255055,65.77920529384407]],[[22.468716743563355,65.77976030876971],[22.46882032685383,65.78011613783684],[22.468387133365944,65.78013740862855],[22.468716743563355,65.77976030876971]],[[22.46860918619785,65.81712038558776],[22.46866106701694,65.81729829930335],[22.468227248137193,65.81731957574348],[22.46860918619785,65.81712038558776]],[[22.46843892325541,65.78031532330012],[22.468005726045334,65.78033659304442],[22.467953939091515,65.78015867819695],[22.46843892325541,65.78031532330012]],[[22.467256324615196,65.83360841073706],[22.467360148218532,65.83396423847334],[22.46692604715522,65.83398551395891],[22.467256324615196,65.83360841073706]],[[22.464978784920017,65.77597376344761],[22.46503054126417,65.77615167960403],[22.46416427908533,65.7761941971987],[22.464978784920017,65.77597376344761]],[[22.461720677001928,65.77685547316447],[22.464371288842838,65.77690586297828],[22.463815503034866,65.7780158771083],[22.46294917586943,65.778058388433],[22.461856638234337,65.77883381593749],[22.460557099296242,65.77889756485025],[22.459968732870475,65.77838505770244],[22.460783344204447,65.77816464533902],[22.46067988115647,65.77780880963934],[22.461927625749897,65.7775671428589],[22.461720677001928,65.77685547316447]],[[22.462361055453055,65.81832898241045],[22.462412896038497,65.81850689864068],[22.46154520437655,65.81854941529267],[22.462361055453055,65.81832898241045]],[[22.461422364413846,65.81963817179914],[22.461474201681806,65.81981608838059],[22.46104033326045,65.81983734487461],[22.461422364413846,65.81963817179914]],[[22.461025172805023,65.80467977697722],[22.460539764126743,65.80452311242601],[22.461406985542915,65.80448060606733],[22.461025172805023,65.80467977697722]],[[22.42571207069942,65.78601603168508],[22.425763580431397,65.78619396354452],[22.425330242307165,65.78621511339021],[22.42571207069942,65.78601603168508]],[[22.424493740257123,65.78787994749003],[22.42454524606036,65.78805787979894],[22.424111875420472,65.78807902649807],[22.424493740257123,65.78787994749003]],[[22.421780644016366,65.84683750284742],[22.423290285538098,65.84748577600868],[22.422524809742637,65.84788394391482],[22.421656048158084,65.847926244133],[22.421118413081494,65.84759152787001],[22.419432515308884,65.84785404024409],[22.41966043299667,65.84712116569638],[22.421780644016366,65.84683750284742]],[[22.420815909243768,65.81314120220985],[22.420867450359655,65.81331913541582],[22.41999985125283,65.81336141498929],[22.420815909243768,65.81314120220985]],[[22.411919503263377,65.81736379387704],[22.413221126862915,65.8173004393973],[22.41311813190489,65.81694456696303],[22.414368225633194,65.81670326677074],[22.41421371490434,65.81616945943088],[22.415360741177192,65.81557228004502],[22.416228423894566,65.81553002603603],[22.416073883076795,65.81499622086979],[22.41982372368046,65.8142722212173],[22.419316824516706,65.81556003217825],[22.420721426710596,65.81585248214634],[22.41941989845657,65.81591589966482],[22.41875834275234,65.81666990795523],[22.417456767387925,65.81673330918869],[22.416743610884513,65.81730937496569],[22.41549351141779,65.81755069466826],[22.416288028115062,65.81877511261602],[22.4145009303247,65.81868168288862],[22.41368464295012,65.81890186411503],[22.413787655142794,65.81925773599977],[22.412537432731995,65.8194990326792],[22.412691932724304,65.82003284181785],[22.410956246814933,65.82011730778625],[22.41041935207263,65.81978254673105],[22.411919503263377,65.81736379387704]],[[22.413607881536265,65.78823030668237],[22.413556450770702,65.7880523699537],[22.41398983136125,65.7880312531559],[22.413607881536265,65.78823030668237]],[[22.413593528929333,65.79274207346259],[22.41364497119683,65.79292001006648],[22.413211508107885,65.79294112668383],[22.413593528929333,65.79274207346259]],[[22.41336583077972,65.79347493686984],[22.413417273233815,65.79365287354864],[22.412983797601452,65.79367398964038],[22.41336583077972,65.79347493686984]],[[22.41288091935597,65.79331811590849],[22.412932358087854,65.79349605278692],[22.412498884614273,65.79351716747956],[22.41288091935597,65.79331811590849]],[[22.41168336601418,65.79373733056919],[22.4117347974878,65.79391526792172],[22.411301315788187,65.79393637929049],[22.41168336601418,65.79373733056919]],[[22.408918930530547,65.82220128744363],[22.409352890305072,65.82218017822345],[22.409404373958726,65.8223581158519],[22.408918930530547,65.82220128744363]],[[22.409404373958726,65.8223581158519],[22.409889823282576,65.82251494265955],[22.40945585839563,65.8225360534554],[22.409404373958726,65.8223581158519]],[[22.408764493112177,65.82166747388415],[22.408867450607918,65.82202334961543],[22.40843349299799,65.82204445743476],[22.408764493112177,65.82166747388415]],[[22.40858792627197,65.82257827136887],[22.40863940559632,65.82275620929697],[22.408205435411734,65.82277731658937],[22.40858792627197,65.82257827136887]],[[22.40735969894236,65.82137491573572],[22.40779364632762,65.82135381106752],[22.40784511722236,65.82153174934507],[22.40735969894236,65.82137491573572]],[[22.40784511722236,65.82153174934507],[22.408330541397717,65.82168858135394],[22.40789658890016,65.82170968759769],[22.40784511722236,65.82153174934507]],[[22.40534431224621,65.82201423858928],[22.4057782723893,65.82199313952711],[22.40582973089411,65.82217107860352],[22.40534431224621,65.82201423858928]],[[22.40582973089411,65.82217107860352],[22.40761704650797,65.8222646077478],[22.408153959035346,65.82259937848647],[22.407337492693134,65.82281952749584],[22.40582973089411,65.82217107860352]],[[22.407109398119527,65.82355238536923],[22.407160869567317,65.8237303238717],[22.406726881509627,65.82375142713342],[22.407109398119527,65.82355238536923]],[[22.406208998243123,65.79761266460841],[22.40518771223726,65.79712103640405],[22.406973279112414,65.79721458997575],[22.40707609450563,65.79757046829829],[22.406208998243123,65.79761266460841]],[[22.406189962349252,65.8234166514401],[22.406241427117557,65.82359459031701],[22.40580744044202,65.82361569095166],[22.406189962349252,65.8234166514401]],[[22.399573451933076,65.78223722857511],[22.398655542548095,65.78210143451014],[22.399522132325615,65.78205928603914],[22.399573451933076,65.78223722857511]],[[22.399852783292967,65.78168232516998],[22.400719356641346,65.78164017005332],[22.40038871898485,65.78201713267285],[22.399522132325615,65.78205928603914],[22.399852783292967,65.78168232516998]],[[22.397207311960273,65.78469799459032],[22.39628932570019,65.78456218702502],[22.394863723107274,65.78571411056788],[22.392212270836932,65.78566252028956],[22.39195589350807,65.78477279292207],[22.392948251361414,65.78364195347945],[22.394527688973955,65.78302388179304],[22.39442511637797,65.78266799266352],[22.395343025279523,65.7828038122015],[22.39870685627953,65.78227937739467],[22.399345428969525,65.78297007418917],[22.398427494340492,65.78283427899599],[22.398404695361883,65.78427889524197],[22.397207311960273,65.78469799459032]],[[22.399291449461174,65.820864881755],[22.399342860436665,65.82104282347571],[22.39890890997369,65.82106390415055],[22.399291449461174,65.820864881755]],[[22.383696616048315,65.82324557634549],[22.383594000546196,65.82288968037244],[22.38446199232941,65.82284760398738],[22.383696616048315,65.82324557634549]],[[22.382418213251313,65.82186406124741],[22.381167556048517,65.82210510515402],[22.38101369458484,65.82157125802358],[22.381932939267667,65.82170714540774],[22.381779064795438,65.8211732991734],[22.38330973445866,65.82037737064128],[22.383538487168984,65.81964454203462],[22.385656874458874,65.81936139804255],[22.385554250467795,65.81900550346616],[22.389025659860014,65.81883712910808],[22.39004752998591,65.81932885985742],[22.39188595627323,65.8196005209011],[22.396173862752665,65.81921191731841],[22.397578415662355,65.8195045807269],[22.397681208197692,65.81986046558896],[22.399034406315153,65.819975172778],[22.39837214935081,65.82072909943484],[22.393318853287678,65.82151578548927],[22.389795769656097,65.82150631509619],[22.388596541231696,65.82192536460819],[22.38686063295112,65.82200955873412],[22.386095318764387,65.82240754252075],[22.3866832861254,65.82292033834456],[22.38446199232941,65.82284760398738],[22.382418213251313,65.82186406124741]],[[22.39880609470034,65.82070802033515],[22.398857501945976,65.82088596225529],[22.3984235536487,65.82090704152952],[22.39880609470034,65.82070802033515]],[[22.39452991667912,65.76931054136178],[22.394148083050226,65.76950954501866],[22.394045580264095,65.76915365494995],[22.39452991667912,65.76931054136178]],[[22.392799891616026,65.81666916338834],[22.393233774046852,65.81664810073518],[22.39328513306019,65.81682604499717],[22.392799891616026,65.81666916338834]],[[22.39328513306019,65.81682604499717],[22.39377038039812,65.81698292500653],[22.393336492854765,65.81700398923431],[22.39328513306019,65.81682604499717]],[[22.393714993926054,65.76953060260456],[22.393766243551383,65.76970854777576],[22.393333150714035,65.76972960431259],[22.393714993926054,65.76953060260456]],[[22.39276947991344,65.76777220414917],[22.393202540467936,65.76775114952707],[22.393253782312577,65.76792909494655],[22.39276947991344,65.76777220414917]],[[22.393253782312577,65.76792909494655],[22.393738090580896,65.76808598414792],[22.393305024935195,65.76810704034119],[22.393253782312577,65.76792909494655]],[[22.392287032911128,65.85909689444928],[22.390114026683097,65.85920221643045],[22.39164663549547,65.85840618575025],[22.392515810407403,65.85836405221353],[22.392287032911128,65.85909689444928]],[[22.390790530794295,65.77310104960674],[22.38867598292732,65.77338422781159],[22.38928616147273,65.77245240451705],[22.391018726772057,65.77236821510628],[22.390790530794295,65.77310104960674]],[[22.384852402168907,65.84556355151577],[22.3825264404818,65.84513491354663],[22.38237238531344,65.84460106967232],[22.383138400648225,65.84420309783148],[22.386127502879408,65.84387784737591],[22.386230254023864,65.84423374032728],[22.38952770872428,65.84497610083073],[22.390144576427947,65.84711144030454],[22.387052375844025,65.84708088035987],[22.384852402168907,65.84556355151577]],[[22.388889956171226,65.78023039058627],[22.389425720086688,65.78056523828363],[22.38769259813928,65.780649414971],[22.387538898853247,65.78011557281013],[22.39003602667087,65.77963341075962],[22.389756502280097,65.78018829804358],[22.388889956171226,65.78023039058627]],[[22.37012612503744,65.83725468440433],[22.371863127352274,65.83717067006974],[22.37255370082326,65.83803942421729],[22.370101859888166,65.83869931025464],[22.3682622695755,65.83842739803592],[22.37012612503744,65.83725468440433]],[[22.369910015919274,65.7921573506203],[22.370343508342714,65.79213635678836],[22.37039465071897,65.7923143108362],[22.369910015919274,65.7921573506203]],[[22.368969750100987,65.79653321674856],[22.36940331701567,65.79651222487153],[22.369454463338503,65.79669017919466],[22.368969750100987,65.79653321674856]],[[22.369454463338503,65.79669017919466],[22.36993918246095,65.79684714004385],[22.369505610438786,65.79686813349313],[22.369454463338503,65.79669017919466]],[[22.36093069138219,65.83896211008195],[22.360981880518555,65.83914006681407],[22.360547587210508,65.83916104172118],[22.36093069138219,65.83896211008195]],[[22.360211115820672,65.830336280053],[22.360262279372748,65.8305142372756],[22.359828130891966,65.83053520875085],[22.360211115820672,65.830336280053]],[[22.35972462346363,65.76125582376926],[22.360157607078182,65.76123486379231],[22.360259605037037,65.7615907814916],[22.35972462346363,65.76125582376926]],[[22.358043665187658,65.76151761117603],[22.359877612761487,65.76178970080097],[22.358196621600204,65.76205149021261],[22.358043665187658,65.76151761117603]],[[22.35975067889147,65.82873466393876],[22.359801835435864,65.82891262138355],[22.35893359081452,65.8289545599806],[22.35975067889147,65.82873466393876]],[[22.359576638483333,65.8388470733218],[22.35962781798031,65.83902503059994],[22.359193525287864,65.83904600165124],[22.359576638483333,65.8388470733218]],[[22.357783470479585,65.82648411367128],[22.357834608053388,65.82666207195797],[22.357400522154524,65.82668303593209],[22.357783470479585,65.82648411367128]],[[22.357354018046014,65.8387739572646],[22.357405181996928,65.83895191543611],[22.35697088836254,65.83897288017693],[22.357354018046014,65.8387739572646]],[[22.356997051397826,65.84059546925006],[22.356945886343144,65.84041751095326],[22.35738020438556,65.84039654605013],[22.356997051397826,65.84059546925006]],[[22.355591772127703,65.84030243945539],[22.356026089553232,65.84028147840827],[22.356077247921267,65.84045943707719],[22.355591772127703,65.84030243945539]],[[22.353034994134727,65.83140446587532],[22.35308611062582,65.83158242595111],[22.352651937107062,65.8316033772635],[22.353034994134727,65.83140446587532]],[[22.350836093203892,65.75013861869071],[22.351268899187797,65.75011768568662],[22.35131981016305,65.7502956483739],[22.350836093203892,65.75013861869071]],[[22.35131981016305,65.7502956483739],[22.3525673125043,65.75005487934055],[22.35266915281511,65.75041080365253],[22.351854448436562,65.75063063892935],[22.35131981016305,65.7502956483739]],[[22.347647132091723,65.86323884571263],[22.348516556800433,65.86319696002806],[22.348567717962336,65.86337492117148],[22.347647132091723,65.86323884571263]],[[22.347314723912188,65.86361571001586],[22.347698287333927,65.8634168072034],[22.347800600157125,65.86377273011092],[22.347314723912188,65.86361571001586]],[[22.314732058317617,65.76974150707932],[22.314782763962175,65.76991948391422],[22.314349590512116,65.76994031677233],[22.314732058317617,65.76974150707932]]],[[[22.345649597770358,65.83481322284808],[22.339005966227134,65.83513281122148],[22.337556199870146,65.83575907518228],[22.33975254162164,65.83727711943793],[22.345500299919056,65.837361045954],[22.34437639047446,65.8365130893396],[22.343507859261663,65.83655494296282],[22.34465744429972,65.83595827078337],[22.344402108823772,65.835068453785],[22.34493848662651,65.83540345181872],[22.345806976183322,65.83536159045819],[22.345649597770358,65.83481322284808]]],[[[22.342483159999997,65.79888193],[22.34017231968969,65.79080971916018],[22.33923321042628,65.79093347173024],[22.3363251248549,65.79305832741362],[22.336528768725138,65.79377019792412],[22.337880344552993,65.79388546271699],[22.335763476931334,65.79416792910239],[22.335865294833948,65.79452386480399],[22.33494725814307,65.79438768848176],[22.335584452430684,65.79507866523475],[22.33433462326661,65.7953193175038],[22.33448732989381,65.79585322265284],[22.333186557787204,65.7959158975394],[22.333058329043823,65.79700460050329],[22.331093800161526,65.7978209120299],[22.331195570938554,65.79817685129458],[22.329129146566085,65.79863719944846],[22.329281769014443,65.79917111060692],[22.327925441898174,65.79958201560422],[22.342483159999997,65.79888193]],[[22.338313897313647,65.79386455934272],[22.338364822760216,65.79404252619267],[22.337931267056955,65.79406342973991],[22.338313897313647,65.79386455934272]]],[[[22.48847228105978,65.81883702374883],[22.4883725022058,65.81849579235467],[22.486807352540005,65.81891904853639],[22.48847228105978,65.81883702374883]]],[[[22.64342804441725,65.78405834009611],[22.64538691747289,65.78236438831038],[22.6575697113765,65.7756053006684],[22.655932754712584,65.77439880532425],[22.63325438955745,65.77553722957491],[22.633674746924974,65.77590082658485],[22.634540659595174,65.77585734922839],[22.635830036690635,65.77723663437803],[22.63669598981507,65.77719314437097],[22.637350152595445,65.77643826886415],[22.639461995279834,65.77615166951772],[22.64211269070334,65.77619896748217],[22.64291652593064,65.77742210617208],[22.64215653955028,65.77782131786856],[22.638692667718605,65.77799537307074],[22.637932598145746,65.7783945645378],[22.637817324064162,65.7794833839639],[22.635695708753623,65.78121447377237],[22.636234651190886,65.78154842024493],[22.63357381303815,65.78294553686939],[22.6343673580248,65.78451453008655],[22.64342804441725,65.78405834009611]]],[[[22.271954549844903,65.53166313034902],[22.26933305309053,65.5316230634236],[22.268784904252993,65.53181590958432],[22.271954549844903,65.53166313034902]]],[[[22.267099931115272,65.53263255554229],[22.26700660382215,65.5326370475544],[22.267121603498964,65.53270995570752],[22.267099931115272,65.53263255554229]]],[[[22.818021510343183,65.62763663210607],[22.81826684732955,65.62712995123476],[22.817849744951936,65.62706916853901],[22.818021510343183,65.62763663210607]]],[[[22.68788497,65.48396837],[22.688204568800657,65.48504897307332],[22.68941982687332,65.48498696139345],[22.690384849779807,65.48384045398608],[22.68788497,65.48396837]]],[[[22.589081727862215,65.59200852686338],[22.589376167106966,65.59185307643953],[22.58891883675279,65.59145376299048],[22.589081727862215,65.59200852686338]]],[[[22.521588408995097,65.59161687273016],[22.521692151578076,65.5916256668161],[22.52169923336823,65.59161136663366],[22.521588408995097,65.59161687273016]]],[[[22.359092590616605,65.84175730409956],[22.357687224123318,65.84146429441824],[22.35789191953173,65.84217612616993],[22.358862976556033,65.84249010423915],[22.359680489686795,65.84227020451402],[22.359092590616605,65.84175730409956]]],[[[22.356252641814418,65.83034701878987],[22.35663565223552,65.83014809881546],[22.3562015063805,65.83016905995486],[22.356252641814418,65.83034701878987]]],[[[22.759549291660452,65.56263192895108],[22.75997873535117,65.56260986293819],[22.759925477215084,65.56243206415672],[22.759549291660452,65.56263192895108]]],[[[22.744505581432996,65.5677368729687],[22.743593333231065,65.56760311252083],[22.74375281399457,65.56813652912163],[22.744665081857796,65.56827028840488],[22.744505581432996,65.5677368729687]]],[[[22.74208775422204,65.56840241247198],[22.74337642164434,65.568336355885],[22.743323262665797,65.56815855022387],[22.74208775422204,65.56840241247198]]],[[[22.736323333843348,65.49359807042102],[22.736270406260324,65.49342026002226],[22.735842075057644,65.49344224714415],[22.736323333843348,65.49359807042102]]],[[[22.701961055873078,65.68273720623337],[22.702286226959334,65.68235964204744],[22.701423254766457,65.68240348753197],[22.701961055873078,65.68273720623337]]],[[[22.702123521681344,65.67009247053062],[22.701692239919137,65.67011439133546],[22.70174536542161,65.6702922121225],[22.702123521681344,65.67009247053062]]],[[[22.54612581271479,65.52579805044486],[22.547035314736465,65.52593304069718],[22.546983597331508,65.52575515221403],[22.54612581271479,65.52579805044486]]],[[[22.619813425464788,65.56631611447625],[22.619383938830257,65.56633777683541],[22.619436247598134,65.56651563443273],[22.619813425464788,65.56631611447625]]],[[[22.61933163085012,65.56615991921218],[22.619708804535037,65.56596039955957],[22.618472660975165,65.56620323994431],[22.61933163085012,65.56615991921218]]],[[[22.61502930584046,65.60193435604515],[22.614599226523204,65.60195601089018],[22.614651588966094,65.60213386963538],[22.61502930584046,65.60193435604515]]],[[[22.601773657225323,65.45279430145644],[22.60172174259618,65.45261643384754],[22.60129410270475,65.45263802587753],[22.601773657225323,65.45279430145644]]],[[[22.598729759724684,65.6623162933495],[22.59878216021621,65.66249415725558],[22.599213258712748,65.66247253695437],[22.598729759724684,65.6623162933495]]],[[[22.5896556245633,65.72215222312761],[22.589223522289085,65.72217382638432],[22.589276003419105,65.72235169282054],[22.5896556245633,65.72215222312761]]],[[[22.585831581430302,65.7210799405339],[22.5853994932215,65.72110153278997],[22.585451945445488,65.72127940083293],[22.585831581430302,65.7210799405339]]],[[[22.57944219505931,65.72320397631307],[22.57901006496059,65.72322555084273],[22.579062478439347,65.72340342147675],[22.57944219505931,65.72320397631307]]],[[[22.575435535593332,65.73044293460622],[22.575487942092536,65.73062080654739],[22.575920199288902,65.73059924075083],[22.575435535593332,65.73044293460622]]],[[[22.573156736548167,65.47824046785499],[22.573584822807987,65.47821895096698],[22.57353303882827,65.47804107229938],[22.573156736548167,65.47824046785499]]],[[[22.570446901215217,65.47639135583282],[22.570498660273426,65.47656923581329],[22.570926721835306,65.47654772671466],[22.570446901215217,65.47639135583282]]],[[[22.56031131718178,65.77595640199473],[22.561177379651657,65.77591333999622],[22.56112496113419,65.77573546321229],[22.56031131718178,65.77595640199473]]],[[[22.536508811423307,65.58258612316804],[22.536560593487764,65.58276401461788],[22.536990433691656,65.58274258361345],[22.536508811423307,65.58258612316804]]],[[[22.531310085556935,65.51372479084884],[22.53125850441321,65.51354689561465],[22.53082979735275,65.51356829885611],[22.531310085556935,65.51372479084884]]],[[[22.529920809142105,65.51343320592963],[22.53034951488502,65.51341180527922],[22.53029794102842,65.5132339096433],[22.529920809142105,65.51343320592963]]],[[[22.53040108951692,65.51358970088978],[22.530778219852632,65.51339040342104],[22.53034951488502,65.51341180527922],[22.53040108951692,65.51358970088978]]],[[[22.521933356113575,65.39869378375946],[22.522360195971903,65.39867242489542],[22.522308948575915,65.3984945232684],[22.521933356113575,65.39869378375946]]],[[[22.483994972897754,65.62417410006343],[22.484098018751308,65.62452992398076],[22.484528601563422,65.62450863438255],[22.483994972897754,65.62417410006343]]],[[[22.446556156257763,65.67762898331132],[22.447039054333313,65.67778571693871],[22.446987657799934,65.67760779116193],[22.446556156257763,65.67762898331132]]],[[[22.466593642881712,65.37474575076352],[22.467020148135013,65.37472455213334],[22.466969331678783,65.37454662732739],[22.466593642881712,65.37474575076352]]],[[[22.44128216755481,65.55013108240112],[22.44085277060432,65.55015223741874],[22.44090382243029,65.55033016868542],[22.44128216755481,65.55013108240112]]],[[[22.40065134380085,65.78597401608454],[22.401136041867257,65.78613087799236],[22.401084702165978,65.78595293617802],[22.40065134380085,65.78597401608454]]],[[[22.424223133350928,65.53617434531968],[22.424274038787516,65.5363522836547],[22.424703224869518,65.53633117777997],[22.424223133350928,65.53617434531968]]],[[[22.42109977520038,65.7867824120235],[22.42153312702474,65.78676127406726],[22.421481645112145,65.78658334050901],[22.42109977520038,65.7867824120235]]],[[[22.42055032198367,65.79095943665571],[22.42011689864881,65.79098057251284],[22.420168381699963,65.79115850652025],[22.42055032198367,65.79095943665571]]],[[[22.412103521271025,65.81952015048562],[22.411669609026706,65.81954126706614],[22.411721102346583,65.81971920382036],[22.412103521271025,65.81952015048562]]],[[[22.407116029092037,65.54332989194003],[22.407065224247546,65.54315194683271],[22.406635908757117,65.54317300396795],[22.407116029092037,65.54332989194003]]],[[[22.406737513453358,65.54352889450362],[22.406686710722852,65.54335094924815],[22.406257391588884,65.54337200534603],[22.406737513453358,65.54352889450362]]],[[[22.393700204996705,65.65964574260187],[22.39413145928906,65.6596247029688],[22.394080468896345,65.65944675536124],[22.393700204996705,65.65964574260187]]],[[[22.245726512393254,65.5374479410994],[22.24529713529718,65.53746854111674],[22.245776203473852,65.53762595078989],[22.245726512393254,65.5374479410994]]],[[[22.31539356237628,65.52524884521478],[22.314964452572273,65.525269640253],[22.315443700350237,65.52542682753712],[22.31539356237628,65.52524884521478]]],[[[22.366083555888146,65.69003937302375],[22.365651768072556,65.69006033823135],[22.365702635790893,65.69023829655782],[22.366083555888146,65.69003937302375]]],[[[22.363666799170453,65.67698549628737],[22.363768446335847,65.67734141512412],[22.364631601199424,65.67729949828721],[22.363666799170453,65.67698549628737]]],[[[22.36031803383443,65.83989384347262],[22.36042040886607,65.84024975736024],[22.36128903170391,65.8402078066878],[22.361186644857785,65.83985189349536],[22.36031803383443,65.83989384347262]]],[[[22.36162094920035,65.83983091666569],[22.361135452603882,65.83967393686211],[22.361186644857785,65.83985189349536],[22.36162094920035,65.83983091666569]]],[[[22.361264275608423,65.84165243580965],[22.360829940168998,65.84167341192261],[22.360881135089492,65.84185136863177],[22.361264275608423,65.84165243580965]]],[[[22.35801541951818,65.83188575488631],[22.359317936284388,65.83182285153545],[22.359266776135556,65.83164489396455],[22.35801541951818,65.83188575488631]]],[[[22.358091529182545,65.83061908238334],[22.357657376808827,65.83064004772429],[22.357708523431807,65.83081800596432],[22.358091529182545,65.83061908238334]]],[[[22.35753009736312,65.83172876195042],[22.357964268224116,65.83170779679435],[22.357913117708602,65.83152983867768],[22.35753009736312,65.83172876195042]]],[[[22.357606230964308,65.83046208945954],[22.35717208076346,65.83048305339994],[22.357223223656664,65.83066101183836],[22.357606230964308,65.83046208945954]]],[[[22.355256966548065,65.83147765098484],[22.35747894979919,65.8315508036601],[22.356406052785978,65.83088089514685],[22.35510357513508,65.83094377328729],[22.355256966548065,65.83147765098484]]],[[[22.357120938648656,65.8303050949369],[22.356686790620703,65.8303260574768],[22.356737929784217,65.83050401611351],[22.357120938648656,65.8303050949369]]],[[[22.350737339104413,65.83873237527165],[22.349868745420338,65.83877426566295],[22.34991985760431,65.83895222683542],[22.350737339104413,65.83873237527165]]],[[[22.34900014862353,65.83881615114467],[22.349051254900225,65.83899411266422],[22.349485556641348,65.83897317036352],[22.34900014862353,65.83881615114467]]],[[[22.348465709527314,65.86608622660614],[22.348030948640282,65.8661071703839],[22.348082113397393,65.86628513165384],[22.348465709527314,65.86608622660614]]],[[[22.343171678151528,65.86760414281227],[22.34306941112117,65.86724821637631],[22.342634625295677,65.86726914504487],[22.343171678151528,65.86760414281227]]],[[[22.34422034257285,65.86665153471985],[22.345908282462926,65.86638983297605],[22.34593387195876,65.86801242925152],[22.34746838923861,65.86721682358649],[22.347263742978402,65.8665049774624],[22.3463430502092,65.86636889516963],[22.344629614195856,65.86500800432817],[22.342327860673958,65.86620136410454],[22.342430112430815,65.86655729118314],[22.343350792584193,65.86669339716077],[22.342532367304674,65.86691321816323],[22.34306941112117,65.86724821637631],[22.34422034257285,65.86665153471985]]],[[[22.34506427927175,65.86805430184461],[22.345166577786074,65.86841022664542],[22.345601380441757,65.86838929061615],[22.34593387195876,65.86801242925152],[22.34506427927175,65.86805430184461]]],[[[22.344731774350727,65.86843116144556],[22.3447829218161,65.86860912398262],[22.345217728212706,65.86858818900885],[22.344731774350727,65.86843116144556]]],[[[22.342302093877038,65.86764599961455],[22.342353222639076,65.86782396314275],[22.342788018127123,65.86780303518259],[22.342302093877038,65.86764599961455]]],[[[22.34238013153749,65.70057035920868],[22.342329399641933,65.70039239177382],[22.341897416109962,65.70041329141816],[22.34238013153749,65.70057035920868]]],[[[22.339406922475288,65.70089460093261],[22.337577538539968,65.70062222078617],[22.338161640166717,65.70113524074026],[22.339076348651304,65.70127142989057],[22.339406922475288,65.70089460093261]]],[[[22.334574193762794,65.740820676258],[22.334624967770424,65.7409986458469],[22.335057636496487,65.7409777602295],[22.334574193762794,65.740820676258]]],[[[22.185345951998624,65.53780726151348],[22.185099563170102,65.53691709396757],[22.184536344863663,65.53802615269262],[22.185345951998624,65.53780726151348]]],[[[22.184296787490414,65.54344887606287],[22.183867253326213,65.54346930330303],[22.183916536137747,65.54364733718731],[22.184296787490414,65.54344887606287]]]]}},{"type":"Feature","properties":{"cyano_daymap_file_id":2724,"date":"2003-08-06Z","cloud":null,"sub_surfac":null,"surface":null,"no_data":null,"class":1,"color_hex":null,"algae_class":"class_1","source_date":"2003-08-06"},"geometry":{"type":"Polygon","coordinates":[[[22.48970881,65.09694455],[22.4853902802089,65.08165956474946],[22.4512775467598,65.06965380799399],[22.413658078050318,65.0917260154037],[22.42390152999999,65.09121627999998],[22.42639609,65.1001137],[22.48970881,65.09694455]]]}}]}