date,season,sea_area_km2,ice_area_km2,ice_share_pct,fast_ice_area_km2,fast_ice_share_pct,mean_ice_thickness_cm,max_ice_thickness_cm,min_ice_thickness_cm,concentration_area_km2,ice_type_area_km2,source_crs
2017-11-02,2017/18,2703.339,31.772,1.18,0.0,0.0,2.0,3.0,1.0,"{""8/10"":9.035,""9/10"":6.989,""10/10"":15.749}","{""new_ice"":31.772}",EPSG:4326
2017-11-06,2017/18,2703.339,47.526,1.76,0.0,0.0,2.0,3.0,1.0,"{""10/10"":32.318,""9/10"":6.172,""8/10"":9.035}","{""new_ice"":47.526}",EPSG:4326
2017-11-09,2017/18,2703.339,35.054,1.3,0.0,0.0,6.9,10.0,1.0,"{""10/10"":28.882,""9/10"":6.172}","{""level_ice"":28.882,""new_ice"":6.172}",EPSG:4326
2017-11-13,2017/18,2703.339,28.681,1.06,0.0,0.0,6.7,10.0,1.0,"{""10/10"":22.508,""9/10"":6.172}","{""level_ice"":22.508,""new_ice"":6.172}",EPSG:4326
2017-11-16,2017/18,2703.339,46.512,1.72,0.0,0.0,4.9,10.0,1.0,"{""10/10"":22.508,""9/10"":6.172,""7/10"":17.831}","{""level_ice"":22.508,""new_ice"":24.004}",EPSG:4326
2017-11-20,2017/18,2703.339,112.773,4.17,0.0,0.0,4.6,10.0,1.0,"{""10/10"":48.787,""8/10"":44.669,""9/10"":19.317}","{""level_ice"":48.787,""new_ice"":63.986}",EPSG:4326
2017-11-23,2017/18,2703.339,133.729,4.95,0.0,0.0,5.2,10.0,1.0,"{""10/10"":63.712,""9/10"":41.206,""8/10"":28.811}","{""level_ice"":63.712,""new_ice"":70.018}",EPSG:4326
2017-11-27,2017/18,2703.339,269.673,9.98,0.0,0.0,4.1,10.0,1.0,"{""9/10"":93.452,""10/10"":63.712,""8/10"":112.509}","{""new_ice"":205.961,""level_ice"":63.712}",EPSG:4326
2017-11-30,2017/18,2703.339,1077.416,39.85,0.0,0.0,3.5,15.0,1.0,"{""8/10"":967.967,""10/10"":105.118,""9/10"":4.331}","{""new_ice"":972.298,""level_ice"":105.118}",EPSG:4326
2017-12-04,2017/18,2703.339,1409.361,52.13,0.0,0.0,3.4,15.0,1.0,"{""3/10"":908.928,""10/10"":105.118,""8/10"":13.147,""9/10"":382.168}","{""very_open_ice"":908.928,""level_ice"":105.118,""new_ice"":395.316}",EPSG:4326
2017-12-07,2017/18,2703.339,1937.505,71.67,0.0,0.0,4.3,15.0,1.0,"{""10/10"":547.566,""9/10"":1389.939}","{""level_ice"":547.566,""new_ice"":1389.939}",EPSG:4326
2017-12-11,2017/18,2703.339,781.747,28.92,140.745,5.21,10.9,20.0,5.0,"{""10/10"":667.0,""9+/10"":114.748}","{""fast_ice"":140.745,""level_ice"":526.255,""very_close_ice"":114.748}",EPSG:4326
2017-12-12,2017/18,2703.339,772.937,28.59,140.745,5.21,10.9,20.0,5.0,"{""10/10"":693.095,""9+/10"":79.842}","{""fast_ice"":140.745,""very_close_ice"":79.842,""level_ice"":552.351}",EPSG:4326
2017-12-13,2017/18,2703.339,1317.963,48.75,140.745,5.21,9.2,20.0,2.0,"{""10/10"":700.687,""6/10"":55.185,""9+/10"":8.443,""5/10"":80.421,""3/10"":386.646,""7/10"":86.582}","{""fast_ice"":140.745,""level_ice"":559.942,""open_ice"":135.606,""very_close_ice"":8.443,""very_open_ice"":386.646,""close_ice"":86.582}",EPSG:4326
2017-12-14,2017/18,2703.339,1481.381,54.8,140.745,5.21,7.5,20.0,1.0,"{""10/10"":710.641,""9/10"":416.902,""3/10"":295.913,""6/10"":57.925}","{""fast_ice"":140.745,""level_ice"":569.897,""new_ice"":416.902,""very_open_ice"":295.913,""open_ice"":57.925}",EPSG:4326
2017-12-15,2017/18,2703.339,1276.372,47.21,140.745,5.21,8.4,20.0,1.0,"{""3/10"":553.603,""10/10"":722.769}","{""very_open_ice"":553.603,""level_ice"":582.025,""fast_ice"":140.745}",EPSG:4326
2017-12-16,2017/18,2703.339,1126.954,41.69,140.745,5.21,8.8,20.0,1.0,"{""3/10"":404.184,""10/10"":722.769}","{""very_open_ice"":404.184,""level_ice"":582.025,""fast_ice"":140.745}",EPSG:4326
2017-12-17,2017/18,2703.339,1646.003,60.89,140.745,5.21,7.1,20.0,1.0,"{""8/10"":453.814,""10/10"":727.932,""7/10"":464.258}","{""close_ice"":453.814,""level_ice"":587.187,""fast_ice"":140.745,""new_ice"":464.258}",EPSG:4326
2017-12-18,2017/18,2703.339,1964.402,72.67,706.889,26.15,11.4,30.0,1.0,"{""10/10"":706.889,""8/10"":514.562,""2/10"":289.898,""7/10"":453.053}","{""fast_ice"":706.889,""close_ice"":514.562,""very_open_ice"":289.898,""new_ice"":453.053}",EPSG:4326
2017-12-19,2017/18,2703.339,1900.285,70.29,706.889,26.15,13.8,30.0,1.0,"{""10/10"":706.889,""3/10"":325.166,""8/10"":868.23}","{""fast_ice"":706.889,""very_open_ice"":325.166,""close_ice"":868.23}",EPSG:4326
2017-12-20,2017/18,2703.339,1383.755,51.19,698.562,25.84,17.6,30.0,5.0,"{""8/10"":82.627,""6/10"":206.492,""9+/10"":136.704,""3/10"":259.37,""10/10"":698.562}","{""close_ice"":82.627,""open_ice"":206.492,""very_close_ice"":136.704,""very_open_ice"":259.37,""fast_ice"":698.562}",EPSG:4326
2017-12-21,2017/18,2703.339,1448.343,53.58,675.088,24.97,16.9,30.0,1.0,"{""8/10"":146.123,""9+/10"":60.91,""9/10"":7.576,""3/10"":415.156,""10/10"":675.088,""6/10"":143.491}","{""close_ice"":146.123,""very_close_ice"":60.91,""new_ice"":7.576,""very_open_ice"":415.156,""fast_ice"":675.088,""open_ice"":143.491}",EPSG:4326
2017-12-22,2017/18,2703.339,1631.002,60.33,675.088,24.97,15.9,30.0,1.0,"{""9+/10"":180.924,""3/10"":496.787,""10/10"":729.295,""2/10"":11.565,""8/10"":92.172,""6/10"":120.259}","{""very_close_ice"":180.924,""very_open_ice"":508.352,""new_ice"":54.207,""fast_ice"":675.088,""close_ice"":92.172,""open_ice"":120.259}",EPSG:4326
2017-12-23,2017/18,2703.339,2293.72,84.85,680.927,25.19,13.5,30.0,1.0,"{""10/10"":1003.296,""6/10"":678.466,""2/10"":537.485,""8/10"":74.472}","{""fast_ice"":680.927,""open_ice"":678.466,""level_ice"":11.155,""very_open_ice"":537.485,""close_ice"":74.472,""new_ice"":311.214}",EPSG:4326
2017-12-24,2017/18,2703.339,2141.286,79.21,669.926,24.78,14.7,30.0,5.0,"{""2/10"":1050.69,""10/10"":669.926,""8/10"":75.741,""6/10"":121.605,""4/10"":223.325}","{""very_open_ice"":1050.69,""fast_ice"":669.926,""close_ice"":75.741,""open_ice"":344.93}",EPSG:4326
2017-12-25,2017/18,2703.339,2187.886,80.93,669.926,24.78,10.6,30.0,1.0,"{""10/10"":669.926,""8/10"":1255.55,""7/10"":262.41}","{""fast_ice"":669.926,""close_ice"":433.535,""new_ice"":1084.425}",EPSG:4326
2017-12-26,2017/18,2703.339,2203.448,81.51,669.891,24.78,9.5,30.0,1.0,"{""6/10"":512.29,""10/10"":973.193,""3/10"":717.965}","{""open_ice"":512.29,""fast_ice"":669.891,""new_ice"":303.302,""very_open_ice"":717.965}",EPSG:4326
2017-12-27,2017/18,2703.339,1555.387,57.54,671.66,24.85,12.5,30.0,1.0,"{""10/10"":1171.011,""7/10"":291.93,""9/10"":92.446}","{""new_ice"":883.727,""fast_ice"":671.66}",EPSG:4326
2017-12-28,2017/18,2703.339,1638.368,60.61,671.66,24.85,13.4,30.0,1.0,"{""9/10"":92.446,""10/10"":1171.011,""8/10"":374.911}","{""new_ice"":467.357,""fast_ice"":671.66,""level_ice"":499.351}",EPSG:4326
2017-12-29,2017/18,2703.339,1677.98,62.07,671.66,24.85,13.2,30.0,1.0,"{""10/10"":1077.929,""8/10"":600.051}","{""level_ice"":406.269,""fast_ice"":671.66,""new_ice"":526.455,""close_ice"":73.596}",EPSG:4326
2017-12-30,2017/18,2703.339,1239.92,45.87,671.66,24.85,16.9,30.0,1.0,"{""8/10"":57.451,""10/10"":928.206,""9+/10"":124.12,""6/10"":130.143}","{""close_ice"":57.451,""level_ice"":334.202,""fast_ice"":671.66,""very_close_ice"":46.464,""open_ice"":130.143}",EPSG:4326
2017-12-31,2017/18,2703.339,1507.735,55.77,671.66,24.85,14.8,30.0,1.0,"{""2/10"":308.717,""10/10"":903.979,""9+/10"":162.578,""8/10"":132.461}","{""very_open_ice"":308.717,""level_ice"":296.882,""fast_ice"":671.66,""very_close_ice"":98.015,""close_ice"":132.461}",EPSG:4326
2018-01-01,2017/18,2703.339,1499.641,55.47,671.66,24.85,14.8,30.0,1.0,"{""10/10"":849.403,""9+/10"":226.894,""2/10"":220.579,""8/10"":202.765}","{""fast_ice"":671.66,""level_ice"":242.306,""very_open_ice"":220.579,""very_close_ice"":162.33,""close_ice"":202.765}",EPSG:4326
2018-01-02,2017/18,2703.339,1263.685,46.75,671.66,24.85,17.6,30.0,3.0,"{""10/10"":849.403,""9+/10"":313.292,""3/10"":100.991}","{""fast_ice"":671.66,""level_ice"":242.306,""very_close_ice"":248.729,""very_open_ice"":100.991}",EPSG:4326
2018-01-03,2017/18,2703.339,1325.358,49.03,810.109,29.97,21.9,40.0,3.0,"{""5/10"":188.749,""9+/10"":326.5,""10/10"":810.109}","{""open_ice"":188.749,""very_close_ice"":326.5,""fast_ice"":810.109}",EPSG:4326
2018-01-04,2017/18,2703.339,2027.487,75.0,857.618,31.72,16.9,40.0,1.0,"{""8/10"":1001.712,""9+/10"":168.158,""10/10"":857.618}","{""close_ice"":311.473,""very_close_ice"":168.158,""fast_ice"":857.618,""new_ice"":690.238}",EPSG:4326
2018-01-05,2017/18,2703.339,2010.834,74.38,857.618,31.72,17.2,40.0,1.0,"{""8/10"":985.059,""10/10"":857.618,""9+/10"":168.158}","{""new_ice"":653.403,""close_ice"":331.656,""fast_ice"":857.618,""very_close_ice"":168.158}",EPSG:4326
2018-01-06,2017/18,2703.339,1928.556,71.34,857.618,31.72,17.0,40.0,1.0,"{""10/10"":857.618,""7/10"":430.12,""9+/10"":149.769,""8/10"":294.192,""5/10"":25.189,""3/10"":171.669}","{""fast_ice"":857.618,""new_ice"":430.12,""very_close_ice"":149.769,""close_ice"":294.192,""open_ice"":25.189,""very_open_ice"":171.669}",EPSG:4326
2018-01-07,2017/18,2703.339,2232.4,82.58,857.618,31.72,14.3,40.0,1.0,"{""10/10"":857.618,""9+/10"":180.255,""8/10"":1172.225,""6/10"":22.303}","{""fast_ice"":857.618,""very_close_ice"":180.255,""new_ice"":1172.225,""open_ice"":22.303}",EPSG:4326
2018-01-08,2017/18,2703.339,2343.204,86.68,857.618,31.72,14.0,40.0,1.0,"{""9+/10"":180.255,""3/10"":22.303,""8/10"":1162.328,""10/10"":978.319}","{""very_close_ice"":180.255,""very_open_ice"":22.303,""new_ice"":1162.328,""level_ice"":120.702,""fast_ice"":857.618}",EPSG:4326
2018-01-09,2017/18,2703.339,2375.137,87.86,843.877,31.22,14.2,40.0,1.0,"{""10/10"":878.145,""3/10"":53.759,""9/10"":1099.36,""7/10"":202.29,""9+/10"":141.583}","{""fast_ice"":843.877,""very_open_ice"":53.759,""level_ice"":1133.628,""new_ice"":202.29,""very_close_ice"":141.583}",EPSG:4326
2018-01-10,2017/18,2703.339,2484.208,91.89,843.877,31.22,13.8,40.0,1.0,"{""8/10"":53.759,""10/10"":878.145,""9/10"":1099.36,""7/10"":311.361,""9+/10"":141.583}","{""close_ice"":53.759,""fast_ice"":843.877,""level_ice"":1133.628,""new_ice"":311.361,""very_close_ice"":141.583}",EPSG:4326
2018-01-11,2017/18,2703.339,2491.945,92.18,842.521,31.17,14.2,40.0,1.0,"{""10/10"":1677.902,""9/10"":218.916,""9+/10"":142.939,""8/10"":452.188}","{""fast_ice"":842.521,""new_ice"":671.104,""level_ice"":835.382,""very_close_ice"":142.939}",EPSG:4326
2018-01-12,2017/18,2703.339,2618.123,96.85,842.521,31.17,13.2,40.0,1.0,"{""10/10"":1373.641,""9/10"":1101.543,""9+/10"":142.939}","{""fast_ice"":842.521,""new_ice"":1101.543,""level_ice"":531.121,""very_close_ice"":142.939}",EPSG:4326
2018-01-13,2017/18,2703.339,2566.691,94.95,843.512,31.2,14.1,40.0,1.0,"{""8/10"":630.596,""10/10"":1020.643,""9+/10"":640.042,""9/10"":275.41}","{""close_ice"":630.596,""fast_ice"":843.512,""very_close_ice"":640.042,""new_ice"":275.41,""level_ice"":177.131}",EPSG:4326
2018-01-14,2017/18,2703.339,2318.005,85.75,848.04,31.37,14.8,40.0,1.0,"{""3/10"":192.068,""8/10"":902.29,""10/10"":1042.791,""9+/10"":155.769,""9/10"":25.086}","{""very_open_ice"":192.068,""close_ice"":902.29,""fast_ice"":848.04,""very_close_ice"":180.855,""level_ice"":194.751}",EPSG:4326
2018-01-15,2017/18,2703.339,1714.855,63.43,834.465,30.87,18.0,40.0,2.0,"{""10/10"":941.939,""9+/10"":120.75,""9/10"":25.086,""3/10"":627.08}","{""fast_ice"":834.465,""very_close_ice"":145.836,""very_open_ice"":627.08,""level_ice"":107.474}",EPSG:4326
2018-01-16,2017/18,2703.339,1165.203,43.1,801.421,29.65,23.6,40.0,2.0,"{""10/10"":801.421,""9+/10"":164.635,""9/10"":4.187,""3/10"":194.96}","{""fast_ice"":801.421,""very_close_ice"":168.822,""very_open_ice"":194.96}",EPSG:4326
2018-01-17,2017/18,2703.339,1778.28,65.78,789.148,29.19,16.3,40.0,1.0,"{""10/10"":789.148,""9+/10"":190.081,""6/10"":560.841,""3/10"":238.21}","{""fast_ice"":789.148,""very_close_ice"":190.081,""open_ice"":560.841,""very_open_ice"":238.21}",EPSG:4326
2018-01-18,2017/18,2703.339,2058.272,76.14,789.148,29.19,15.0,40.0,1.0,"{""10/10"":789.148,""9+/10"":290.792,""3/10"":102.292,""8/10"":75.817,""6/10"":800.223}","{""fast_ice"":789.148,""very_close_ice"":290.792,""very_open_ice"":102.292,""close_ice"":75.817,""open_ice"":800.223}",EPSG:4326
2018-01-19,2017/18,2703.339,1880.772,69.57,788.48,29.17,15.8,40.0,1.0,"{""10/10"":814.347,""9+/10"":439.097,""6/10"":404.838,""3/10"":130.588,""8/10"":91.901}","{""fast_ice"":788.48,""very_close_ice"":439.097,""open_ice"":404.838,""new_ice"":25.868,""very_open_ice"":130.588,""close_ice"":91.901}",EPSG:4326
2018-01-20,2017/18,2703.339,2273.474,84.1,788.48,29.17,15.1,40.0,1.0,"{""10/10"":945.958,""9+/10"":561.141,""9/10"":595.716,""6/10"":170.659}","{""fast_ice"":788.48,""very_close_ice"":561.141,""new_ice"":595.716,""level_ice"":157.479,""open_ice"":170.659}",EPSG:4326
2018-01-21,2017/18,2703.339,2658.891,98.36,788.48,29.17,14.5,40.0,1.0,"{""10/10"":1028.048,""9+/10"":638.464,""9/10"":875.352,""3/10"":117.028}","{""fast_ice"":788.48,""very_close_ice"":638.464,""level_ice"":189.331,""new_ice"":925.588,""very_open_ice"":117.028}",EPSG:4326
2018-01-22,2017/18,2703.339,2674.049,98.92,788.48,29.17,15.6,40.0,2.0,"{""9+/10"":783.382,""10/10"":1174.716,""9/10"":715.952}","{""very_close_ice"":783.382,""fast_ice"":788.48,""level_ice"":386.236,""new_ice"":715.952}",EPSG:4326
2018-01-23,2017/18,2703.339,2674.049,98.92,780.082,28.86,16.5,40.0,2.0,"{""9+/10"":939.065,""10/10"":1094.725,""9/10"":440.253,""7/10"":200.006}","{""very_close_ice"":839.228,""fast_ice"":780.082,""level_ice"":314.643,""new_ice"":540.09,""close_ice"":200.006}",EPSG:4326
2018-01-24,2017/18,2703.339,2674.049,98.92,780.082,28.86,20.2,40.0,5.0,"{""9+/10"":948.516,""10/10"":1643.135,""9/10"":82.398}","{""very_close_ice"":1030.914,""fast_ice"":780.082,""level_ice"":863.053}",EPSG:4326
2018-01-25,2017/18,2703.339,2029.811,75.09,780.082,28.86,22.3,40.0,5.0,"{""9+/10"":808.952,""10/10"":1015.739,""8/10"":205.119}","{""very_close_ice"":808.952,""fast_ice"":780.082,""level_ice"":235.658,""close_ice"":205.119}",EPSG:4326
2018-01-26,2017/18,2703.339,2440.351,90.27,780.082,28.86,20.1,40.0,1.0,"{""9+/10"":962.233,""10/10"":842.556,""9/10"":327.167,""7/10"":308.395}","{""very_close_ice"":962.233,""fast_ice"":780.082,""new_ice"":327.167,""close_ice"":308.395,""level_ice"":62.474}",EPSG:4326
2018-01-27,2017/18,2703.339,2674.049,98.92,780.082,28.86,19.5,40.0,1.0,"{""9+/10"":1274.313,""10/10"":842.556,""9/10"":462.384,""8/10"":94.796}","{""very_close_ice"":1274.313,""fast_ice"":780.082,""new_ice"":557.18,""level_ice"":62.474}",EPSG:4326
2018-01-28,2017/18,2703.339,2674.049,98.92,780.082,28.86,19.7,40.0,3.0,"{""9+/10"":1278.755,""10/10"":1260.923,""8/10"":58.897,""9/10"":75.474}","{""very_close_ice"":1278.755,""fast_ice"":780.082,""new_ice"":418.367,""level_ice"":137.949,""close_ice"":58.897}",EPSG:4326
2018-01-29,2017/18,2703.339,2674.049,98.92,780.082,28.86,20.5,45.0,5.0,"{""9+/10"":1398.035,""10/10"":1200.772,""9/10"":75.242}","{""very_close_ice"":1398.035,""fast_ice"":780.082,""level_ice"":495.933}",EPSG:4326
2018-01-30,2017/18,2703.339,2674.049,98.92,780.082,28.86,21.3,45.0,5.0,"{""9+/10"":1317.3,""10/10"":1256.053,""8/10"":29.21,""9/10"":71.486}","{""very_close_ice"":1317.3,""fast_ice"":780.082,""level_ice"":547.457,""close_ice"":29.21}",EPSG:4326
2018-01-31,2017/18,2703.339,2674.049,98.92,780.082,28.86,21.3,45.0,5.0,"{""9+/10"":1326.623,""10/10"":1257.047,""8/10"":18.892,""9/10"":71.486}","{""very_close_ice"":1326.623,""fast_ice"":780.082,""level_ice"":548.452,""close_ice"":18.892}",EPSG:4326
2018-02-01,2017/18,2703.339,2674.049,98.92,780.082,28.86,23.4,45.0,5.0,"{""9+/10"":1369.632,""10/10"":1232.931,""9/10"":71.486}","{""very_close_ice"":1369.632,""fast_ice"":780.082,""level_ice"":524.336}",EPSG:4326
2018-02-02,2017/18,2703.339,2674.049,98.92,780.082,28.86,25.5,45.0,5.0,"{""9+/10"":1605.358,""10/10"":997.205,""9/10"":71.486}","{""very_close_ice"":1605.358,""fast_ice"":780.082,""level_ice"":288.609}",EPSG:4326
2018-02-03,2017/18,2703.339,2674.049,98.92,780.082,28.86,25.2,45.0,2.0,"{""9+/10"":1198.37,""10/10"":1070.965,""9/10"":358.106,""8/10"":46.608}","{""very_close_ice"":1470.27,""fast_ice"":780.082,""new_ice"":26.587,""level_ice"":350.503,""close_ice"":46.608}",EPSG:4326
2018-02-04,2017/18,2703.339,2674.049,98.92,780.082,28.86,25.9,50.0,5.0,"{""9+/10"":438.494,""10/10"":780.082,""9/10"":1455.473}","{""very_close_ice"":1269.97,""fast_ice"":780.082,""level_ice"":623.997}",EPSG:4326
2018-02-05,2017/18,2703.339,2674.049,98.92,780.082,28.86,26.0,50.0,5.0,"{""9+/10"":445.486,""10/10"":887.699,""9/10"":1340.864}","{""very_close_ice"":1221.437,""fast_ice"":780.082,""level_ice"":564.913,""consolidated_ice"":107.617}",EPSG:4326
2018-02-06,2017/18,2703.339,2674.049,98.92,780.082,28.86,26.0,50.0,5.0,"{""9+/10"":445.486,""10/10"":887.699,""9/10"":1340.864}","{""very_close_ice"":1225.508,""fast_ice"":780.082,""level_ice"":560.842,""consolidated_ice"":107.617}",EPSG:4326
2018-02-07,2017/18,2703.339,2674.049,98.92,780.082,28.86,26.8,50.0,5.0,"{""9+/10"":1786.35,""10/10"":887.699}","{""very_close_ice"":1593.431,""fast_ice"":780.082,""consolidated_ice"":107.617,""level_ice"":192.919}",EPSG:4326
2018-02-08,2017/18,2703.339,2674.049,98.92,780.082,28.86,26.0,50.0,5.0,"{""9+/10"":1786.35,""10/10"":887.699}","{""very_close_ice"":1593.431,""fast_ice"":780.082,""consolidated_ice"":107.617,""level_ice"":192.919}",EPSG:4326
2018-02-09,2017/18,2703.339,2674.049,98.92,780.082,28.86,26.2,50.0,5.0,"{""9+/10"":1786.35,""10/10"":887.699}","{""very_close_ice"":1593.431,""fast_ice"":780.082,""consolidated_ice"":107.617,""level_ice"":192.919}",EPSG:4326
2018-02-10,2017/18,2703.339,2674.049,98.92,780.082,28.86,28.1,50.0,10.0,"{""9+/10"":1786.35,""10/10"":887.699}","{""very_close_ice"":1786.35,""fast_ice"":780.082,""consolidated_ice"":107.617}",EPSG:4326
2018-02-11,2017/18,2703.339,2674.049,98.92,780.082,28.86,28.0,55.0,10.0,"{""9+/10"":1786.35,""10/10"":887.699}","{""very_close_ice"":1786.35,""fast_ice"":780.082,""consolidated_ice"":107.617}",EPSG:4326
2018-02-12,2017/18,2703.339,2674.049,98.92,780.082,28.86,28.0,55.0,10.0,"{""9+/10"":1786.35,""10/10"":887.699}","{""very_close_ice"":1786.35,""fast_ice"":780.082,""consolidated_ice"":107.617}",EPSG:4326
2018-02-13,2017/18,2703.339,2674.049,98.92,780.082,28.86,27.9,55.0,10.0,"{""9+/10"":1616.206,""10/10"":1057.843}","{""very_close_ice"":1616.206,""fast_ice"":780.082,""consolidated_ice"":277.761}",EPSG:4326
2018-02-14,2017/18,2703.339,2674.049,98.92,805.338,29.79,29.5,55.0,10.0,"{""9+/10"":1548.824,""10/10"":1125.225}","{""very_close_ice"":1548.824,""fast_ice"":805.338,""consolidated_ice"":319.887}",EPSG:4326
2018-02-15,2017/18,2703.339,2674.049,98.92,805.338,29.79,30.2,55.0,10.0,"{""10/10"":1125.225,""9+/10"":1548.824}","{""fast_ice"":805.338,""very_close_ice"":1548.824,""consolidated_ice"":319.887}",EPSG:4326
2018-02-16,2017/18,2703.339,2674.049,98.92,805.338,29.79,30.2,55.0,10.0,"{""10/10"":1125.225,""9+/10"":1548.824}","{""fast_ice"":805.338,""very_close_ice"":1548.824,""consolidated_ice"":319.887}",EPSG:4326
2018-02-17,2017/18,2703.339,2674.049,98.92,805.338,29.79,30.3,55.0,10.0,"{""10/10"":1124.681,""9+/10"":1549.368}","{""fast_ice"":805.338,""very_close_ice"":1549.368,""consolidated_ice"":319.343}",EPSG:4326
2018-02-18,2017/18,2703.339,2674.049,98.92,805.338,29.79,30.3,55.0,10.0,"{""10/10"":1124.681,""9+/10"":1549.368}","{""fast_ice"":805.338,""very_close_ice"":1549.368,""consolidated_ice"":319.343}",EPSG:4326
2018-02-19,2017/18,2703.339,2674.049,98.92,805.338,29.79,34.4,60.0,1.0,"{""10/10"":1086.269,""9+/10"":1587.78}","{""fast_ice"":805.338,""very_close_ice"":1565.623,""consolidated_ice"":280.931,""new_ice"":22.156}",EPSG:4326
2018-02-20,2017/18,2703.339,2674.049,98.92,805.338,29.79,33.8,60.0,1.0,"{""10/10"":1086.269,""9+/10"":1587.78}","{""fast_ice"":805.338,""very_close_ice"":1374.733,""consolidated_ice"":280.931,""new_ice"":213.046}",EPSG:4326
2018-02-21,2017/18,2703.339,2674.049,98.92,805.338,29.79,33.8,60.0,1.0,"{""10/10"":1086.269,""9+/10"":1587.78}","{""fast_ice"":805.338,""very_close_ice"":1343.788,""consolidated_ice"":280.931,""new_ice"":243.992}",EPSG:4326
2018-02-22,2017/18,2703.339,2674.049,98.92,805.338,29.79,33.9,70.0,2.0,"{""10/10"":1086.269,""9+/10"":1587.78}","{""fast_ice"":805.338,""very_close_ice"":1343.788,""consolidated_ice"":280.931,""new_ice"":243.992}",EPSG:4326
2018-02-23,2017/18,2703.339,2674.049,98.92,805.338,29.79,34.1,70.0,5.0,"{""10/10"":1363.52,""9+/10"":1310.529}","{""fast_ice"":805.338,""very_close_ice"":1310.529,""consolidated_ice"":280.931,""level_ice"":277.251}",EPSG:4326
2018-02-24,2017/18,2703.339,2674.049,98.92,805.338,29.79,34.2,70.0,5.0,"{""10/10"":1333.781,""9+/10"":1340.268}","{""fast_ice"":805.338,""very_close_ice"":1340.268,""consolidated_ice"":280.931,""level_ice"":247.512}",EPSG:4326
2018-02-25,2017/18,2703.339,2674.049,98.92,805.338,29.79,33.2,70.0,2.0,"{""10/10"":1448.934,""9+/10"":1225.114}","{""fast_ice"":805.338,""very_close_ice"":1225.114,""consolidated_ice"":280.931,""level_ice"":150.919,""new_ice"":211.747}",EPSG:4326
2018-02-26,2017/18,2703.339,2674.049,98.92,805.338,29.79,31.2,70.0,2.0,"{""10/10"":1217.573,""9+/10"":1053.596,""8/10"":402.879}","{""fast_ice"":805.338,""very_close_ice"":1053.596,""consolidated_ice"":280.931,""level_ice"":131.304,""new_ice"":402.879}",EPSG:4326
2018-02-27,2017/18,2703.339,2674.049,98.92,805.338,29.79,32.9,70.0,5.0,"{""10/10"":1575.425,""9+/10"":1098.624}","{""fast_ice"":805.338,""very_close_ice"":1098.624,""consolidated_ice"":280.931,""level_ice"":489.156}",EPSG:4326
2018-02-28,2017/18,2703.339,2674.049,98.92,805.338,29.79,34.5,70.0,5.0,"{""10/10"":1377.357,""9+/10"":1296.692}","{""fast_ice"":805.338,""very_close_ice"":1296.692,""consolidated_ice"":280.931,""level_ice"":291.088}",EPSG:4326
2018-03-01,2017/18,2703.339,2674.049,98.92,805.338,29.79,33.8,70.0,5.0,"{""10/10"":1329.616,""9+/10"":1344.433}","{""consolidated_ice"":280.931,""fast_ice"":805.338,""very_close_ice"":1220.202,""level_ice"":367.578}",EPSG:4326
2018-03-02,2017/18,2703.339,2674.049,98.92,805.338,29.79,35.2,70.0,5.0,"{""10/10"":1430.489,""9+/10"":1243.56}","{""fast_ice"":805.338,""consolidated_ice"":425.803,""very_close_ice"":1116.774,""level_ice"":326.135}",EPSG:4326
2018-03-03,2017/18,2703.339,2674.049,98.92,805.338,29.79,35.2,70.0,5.0,"{""10/10"":1430.489,""9+/10"":1243.56}","{""fast_ice"":805.338,""consolidated_ice"":425.803,""very_close_ice"":1116.774,""level_ice"":326.135}",EPSG:4326
2018-03-04,2017/18,2703.339,2674.049,98.92,805.338,29.79,35.2,70.0,5.0,"{""10/10"":1430.489,""9+/10"":1243.56}","{""fast_ice"":805.338,""consolidated_ice"":425.803,""very_close_ice"":1116.774,""level_ice"":326.135}",EPSG:4326
2018-03-05,2017/18,2703.339,2674.049,98.92,805.338,29.79,35.1,70.0,5.0,"{""10/10"":1430.489,""9+/10"":1243.56}","{""fast_ice"":805.338,""consolidated_ice"":425.803,""very_close_ice"":1097.993,""level_ice"":344.916}",EPSG:4326
2018-03-06,2017/18,2703.339,2674.049,98.92,805.338,29.79,35.1,70.0,5.0,"{""10/10"":1430.489,""9+/10"":1243.56}","{""fast_ice"":805.338,""consolidated_ice"":425.803,""very_close_ice"":1097.993,""level_ice"":344.916}",EPSG:4326
2018-03-07,2017/18,2703.339,2674.049,98.92,805.338,29.79,36.6,70.0,15.0,"{""10/10"":1231.141,""9+/10"":1442.908}","{""fast_ice"":805.338,""consolidated_ice"":425.803,""very_close_ice"":1442.908}",EPSG:4326
2018-03-08,2017/18,2703.339,2674.049,98.92,805.338,29.79,36.6,70.0,15.0,"{""10/10"":1231.141,""9+/10"":1442.908}","{""fast_ice"":805.338,""consolidated_ice"":425.803,""very_close_ice"":1442.908}",EPSG:4326
2018-03-09,2017/18,2703.339,2674.049,98.92,805.338,29.79,35.5,70.0,5.0,"{""10/10"":1430.489,""9+/10"":1243.56}","{""fast_ice"":805.338,""consolidated_ice"":425.803,""very_close_ice"":1243.56,""level_ice"":199.349}",EPSG:4326
2018-03-10,2017/18,2703.339,2674.049,98.92,805.338,29.79,35.5,70.0,5.0,"{""9+/10"":1243.56,""10/10"":1430.489}","{""very_close_ice"":1243.56,""fast_ice"":805.338,""consolidated_ice"":425.803,""level_ice"":199.349}",EPSG:4326
2018-03-11,2017/18,2703.339,2674.049,98.92,805.338,29.79,35.5,70.0,5.0,"{""10/10"":1430.489,""9+/10"":1243.56}","{""fast_ice"":805.338,""consolidated_ice"":425.803,""very_close_ice"":1243.56,""level_ice"":199.349}",EPSG:4326
2018-03-12,2017/18,2703.339,2674.049,98.92,805.338,29.79,35.5,70.0,5.0,"{""10/10"":1430.489,""9+/10"":1243.56}","{""fast_ice"":805.338,""consolidated_ice"":425.803,""very_close_ice"":1243.56,""level_ice"":199.349}",EPSG:4326
2018-03-13,2017/18,2703.339,2674.049,98.92,805.338,29.79,36.6,70.0,5.0,"{""10/10"":1430.489,""9+/10"":1243.56}","{""fast_ice"":805.338,""consolidated_ice"":425.803,""very_close_ice"":1243.56,""level_ice"":199.349}",EPSG:4326
2018-03-14,2017/18,2703.339,2670.698,98.79,805.338,29.79,37.1,70.0,1.0,"{""10/10"":1339.26,""9+/10"":1274.935,""7/10"":56.503}","{""fast_ice"":805.338,""consolidated_ice"":425.803,""very_close_ice"":1274.935,""new_ice"":164.622}",EPSG:4326
2018-03-15,2017/18,2703.339,2674.049,98.92,805.338,29.79,36.7,70.0,1.0,"{""10/10"":1279.541,""9+/10"":1245.282,""7/10"":149.226}","{""fast_ice"":805.338,""consolidated_ice"":425.803,""very_close_ice"":1245.282,""new_ice"":197.626}",EPSG:4326
2018-03-16,2017/18,2703.339,2674.049,98.92,805.338,29.79,36.0,70.0,1.0,"{""10/10"":1231.141,""9+/10"":1195.874,""8/10"":247.034}","{""fast_ice"":805.338,""consolidated_ice"":425.803,""very_close_ice"":1195.874,""new_ice"":247.034}",EPSG:4326
2018-03-17,2017/18,2703.339,2674.049,98.92,805.338,29.79,36.2,70.0,1.0,"{""10/10"":1231.141,""9+/10"":1195.874,""9/10"":124.548,""8/10"":122.486}","{""fast_ice"":805.338,""consolidated_ice"":425.803,""very_close_ice"":1195.874,""level_ice"":124.548,""new_ice"":122.486}",EPSG:4326
2018-03-18,2017/18,2703.339,2458.542,90.94,805.338,29.79,36.6,70.0,3.0,"{""10/10"":1231.141,""9+/10"":1026.925,""9/10"":200.476}","{""fast_ice"":805.338,""consolidated_ice"":425.803,""very_close_ice"":1026.925,""level_ice"":200.476}",EPSG:4326
2018-03-19,2017/18,2703.339,2412.671,89.25,805.338,29.79,36.0,70.0,3.0,"{""10/10"":1294.066,""9+/10"":826.215,""9/10"":232.216,""6/10"":60.173}","{""fast_ice"":805.338,""consolidated_ice"":488.729,""very_close_ice"":826.215,""level_ice"":232.216,""open_ice"":60.173}",EPSG:4326
2018-03-20,2017/18,2703.339,2674.049,98.92,805.338,29.79,32.9,70.0,2.0,"{""10/10"":1713.42,""9+/10"":615.096,""8/10"":345.533}","{""fast_ice"":805.338,""consolidated_ice"":471.24,""very_close_ice"":615.096,""new_ice"":345.533,""level_ice"":436.842}",EPSG:4326
2018-03-21,2017/18,2703.339,2674.049,98.92,805.338,29.79,31.0,70.0,5.0,"{""10/10"":2381.055,""9+/10"":292.994}","{""fast_ice"":805.338,""consolidated_ice"":471.24,""very_close_ice"":292.994,""level_ice"":1104.477}",EPSG:4326
2018-03-22,2017/18,2703.339,2674.049,98.92,805.338,29.79,31.0,70.0,5.0,"{""10/10"":2381.055,""9+/10"":292.994}","{""fast_ice"":805.338,""consolidated_ice"":471.24,""very_close_ice"":292.994,""level_ice"":1104.477}",EPSG:4326
2018-03-23,2017/18,2703.339,2674.049,98.92,805.338,29.79,30.5,70.0,1.0,"{""10/10"":1506.21,""9+/10"":1010.542,""8/10"":48.638,""9/10"":108.659}","{""fast_ice"":805.338,""consolidated_ice"":471.24,""very_close_ice"":1010.542,""level_ice"":229.632,""new_ice"":157.297}",EPSG:4326
2018-03-24,2017/18,2703.339,2674.049,98.92,805.338,29.79,30.7,70.0,2.0,"{""10/10"":1546.416,""9+/10"":1019.319,""9/10"":108.314}","{""fast_ice"":805.338,""consolidated_ice"":471.24,""very_close_ice"":1019.319,""level_ice"":269.838,""new_ice"":108.314}",EPSG:4326
2018-03-25,2017/18,2703.339,2674.049,98.92,805.338,29.79,32.3,70.0,2.0,"{""10/10"":1580.613,""9+/10"":1064.338,""7/10"":29.098}","{""fast_ice"":805.338,""consolidated_ice"":471.24,""very_close_ice"":1064.338,""level_ice"":304.036,""new_ice"":29.098}",EPSG:4326
2018-03-26,2017/18,2703.339,2674.049,98.92,805.338,29.79,33.7,70.0,2.0,"{""10/10"":1524.219,""9+/10"":846.399,""7/10"":303.432}","{""fast_ice"":805.338,""consolidated_ice"":653.38,""very_close_ice"":846.399,""new_ice"":303.432,""level_ice"":65.501}",EPSG:4326
2018-03-27,2017/18,2703.339,2674.049,98.92,805.338,29.79,33.4,70.0,2.0,"{""10/10"":1524.219,""9+/10"":766.455,""7/10"":303.432,""9/10"":79.943}","{""fast_ice"":805.338,""consolidated_ice"":653.38,""very_close_ice"":846.399,""new_ice"":303.432,""level_ice"":65.501}",EPSG:4326
2018-03-28,2017/18,2703.339,2674.049,98.92,805.338,29.79,33.2,70.0,2.0,"{""10/10"":1509.439,""9+/10"":707.568,""7/10"":377.099,""9/10"":79.943}","{""fast_ice"":805.338,""consolidated_ice"":653.38,""very_close_ice"":787.511,""new_ice"":377.099,""level_ice"":50.721}",EPSG:4326
2018-03-29,2017/18,2703.339,2674.049,98.92,805.338,29.79,34.1,70.0,5.0,"{""10/10"":1860.886,""9+/10"":727.582,""9/10"":85.581}","{""fast_ice"":805.338,""consolidated_ice"":653.38,""very_close_ice"":813.163,""level_ice"":402.168}",EPSG:4326
2018-03-30,2017/18,2703.339,2674.049,98.92,805.338,29.79,34.4,70.0,5.0,"{""10/10"":1860.886,""9+/10"":727.582,""9/10"":85.581}","{""fast_ice"":805.338,""consolidated_ice"":653.38,""very_close_ice"":813.163,""level_ice"":402.168}",EPSG:4326
2018-03-31,2017/18,2703.339,2674.049,98.92,805.338,29.79,34.4,70.0,5.0,"{""10/10"":1855.248,""9+/10"":733.22,""9/10"":85.581}","{""fast_ice"":805.338,""consolidated_ice"":653.38,""very_close_ice"":818.801,""level_ice"":396.53}",EPSG:4326
2018-04-01,2017/18,2703.339,2674.049,98.92,805.338,29.79,34.8,70.0,5.0,"{""10/10"":1814.707,""9+/10"":717.475,""9/10"":141.867}","{""fast_ice"":805.338,""consolidated_ice"":653.38,""very_close_ice"":859.342,""level_ice"":355.989}",EPSG:4326
2018-04-02,2017/18,2703.339,2674.049,98.92,805.338,29.79,34.9,70.0,5.0,"{""9+/10"":773.958,""10/10"":1758.224,""9/10"":141.867}","{""very_close_ice"":915.825,""fast_ice"":805.338,""consolidated_ice"":653.38,""level_ice"":299.506}",EPSG:4326
2018-04-03,2017/18,2703.339,2394.805,88.59,805.338,29.79,37.0,70.0,5.0,"{""9+/10"":936.087,""10/10"":1458.718}","{""very_close_ice"":936.087,""fast_ice"":805.338,""consolidated_ice"":653.38}",EPSG:4326
2018-04-04,2017/18,2703.339,2394.805,88.59,805.338,29.79,37.0,70.0,5.0,"{""9+/10"":936.087,""10/10"":1458.718}","{""very_close_ice"":936.087,""fast_ice"":805.338,""consolidated_ice"":653.38}",EPSG:4326
2018-04-05,2017/18,2703.339,2659.168,98.37,805.338,29.79,37.8,70.0,5.0,"{""9+/10"":1068.167,""10/10"":1458.718,""9/10"":117.557,""2/10"":14.726}","{""very_close_ice"":1185.724,""fast_ice"":805.338,""consolidated_ice"":653.38,""very_open_ice"":14.726}",EPSG:4326
2018-04-06,2017/18,2703.339,2659.168,98.37,805.338,29.79,37.7,70.0,5.0,"{""9+/10"":999.395,""10/10"":1458.718,""9/10"":117.557,""2/10"":83.498}","{""very_close_ice"":1116.953,""fast_ice"":805.338,""consolidated_ice"":653.38,""very_open_ice"":83.498}",EPSG:4326
2018-04-07,2017/18,2703.339,2242.356,82.95,805.338,29.79,40.7,70.0,10.0,"{""9+/10"":783.638,""10/10"":1458.718}","{""very_close_ice"":783.638,""fast_ice"":805.338,""consolidated_ice"":653.38}",EPSG:4326
2018-04-08,2017/18,2703.339,2097.582,77.59,805.338,29.79,42.7,70.0,10.0,"{""10/10"":1458.718,""9+/10"":436.106,""9/10"":202.758}","{""fast_ice"":805.338,""very_close_ice"":638.864,""consolidated_ice"":653.38}",EPSG:4326
2018-04-09,2017/18,2703.339,2199.964,81.38,805.338,29.79,43.9,75.0,10.0,"{""10/10"":1458.718,""9+/10"":488.418,""9/10"":252.828}","{""fast_ice"":805.338,""very_close_ice"":741.246,""consolidated_ice"":653.38}",EPSG:4326
2018-04-10,2017/18,2703.339,1999.277,73.96,805.338,29.79,44.4,75.0,10.0,"{""10/10"":1458.718,""9+/10"":540.559}","{""fast_ice"":805.338,""very_close_ice"":540.559,""consolidated_ice"":653.38}",EPSG:4326
2018-04-11,2017/18,2703.339,2644.929,97.84,805.338,29.79,34.1,75.0,1.0,"{""10/10"":1458.718,""9+/10"":555.407,""9/10"":630.804}","{""fast_ice"":805.338,""very_close_ice"":555.407,""consolidated_ice"":653.38,""new_ice"":630.804}",EPSG:4326
2018-04-12,2017/18,2703.339,2674.049,98.92,898.623,33.24,35.0,75.0,1.0,"{""10/10"":1458.718,""9+/10"":682.035,""9/10"":533.296}","{""fast_ice"":898.623,""very_close_ice"":682.035,""consolidated_ice"":560.095,""new_ice"":533.296}",EPSG:4326
2018-04-13,2017/18,2703.339,2674.049,98.92,898.623,33.24,35.7,75.0,1.0,"{""10/10"":1458.718,""9+/10"":786.136,""9/10"":429.195}","{""fast_ice"":898.623,""very_close_ice"":786.136,""consolidated_ice"":560.095,""new_ice"":429.195}",EPSG:4326
2018-04-14,2017/18,2703.339,2674.049,98.92,898.623,33.24,36.9,75.0,1.0,"{""10/10"":1458.718,""9+/10"":962.235,""9/10"":253.096}","{""fast_ice"":898.623,""very_close_ice"":962.235,""consolidated_ice"":560.095,""new_ice"":253.096}",EPSG:4326
2018-04-15,2017/18,2703.339,2674.049,98.92,898.623,33.24,36.9,75.0,1.0,"{""10/10"":1458.718,""9+/10"":962.235,""9/10"":253.096}","{""fast_ice"":898.623,""very_close_ice"":962.235,""consolidated_ice"":560.095,""new_ice"":253.096}",EPSG:4326
2018-04-16,2017/18,2703.339,2674.049,98.92,898.623,33.24,37.9,75.0,1.0,"{""10/10"":1458.718,""9+/10"":1104.387,""9/10"":110.944}","{""fast_ice"":898.623,""consolidated_ice"":560.095,""very_close_ice"":1104.387,""new_ice"":110.944}",EPSG:4326
2018-04-17,2017/18,2703.339,2674.049,98.92,898.623,33.24,43.9,75.0,2.0,"{""10/10"":1451.783,""9+/10"":1091.251,""3/10"":131.015}","{""fast_ice"":898.623,""very_close_ice"":1091.251,""consolidated_ice"":553.16,""very_open_ice"":131.015}",EPSG:4326
2018-04-18,2017/18,2703.339,2674.049,98.92,898.623,33.24,42.8,75.0,2.0,"{""10/10"":1451.783,""9+/10"":715.561,""3/10"":213.476,""8/10"":293.229}","{""fast_ice"":898.623,""very_close_ice"":715.561,""consolidated_ice"":553.16,""very_open_ice"":213.476,""close_ice"":293.229}",EPSG:4326
2018-04-19,2017/18,2703.339,2674.049,98.92,898.623,33.24,42.8,75.0,2.0,"{""10/10"":1451.783,""9+/10"":715.561,""3/10"":213.476,""8/10"":293.229}","{""fast_ice"":898.623,""very_close_ice"":715.561,""consolidated_ice"":553.16,""very_open_ice"":213.476,""close_ice"":293.229}",EPSG:4326
2018-04-20,2017/18,2703.339,2674.049,98.92,898.623,33.24,43.6,75.0,2.0,"{""9+/10"":906.084,""10/10"":1451.783,""3/10"":157.862,""8/10"":158.32}","{""very_close_ice"":906.084,""fast_ice"":898.623,""consolidated_ice"":553.16,""very_open_ice"":157.862,""close_ice"":158.32}",EPSG:4326
2018-04-21,2017/18,2703.339,2674.049,98.92,898.623,33.24,43.6,75.0,2.0,"{""9+/10"":295.508,""10/10"":1451.783,""9/10"":262.197,""3/10"":155.433,""8/10"":509.128}","{""very_close_ice"":557.704,""fast_ice"":898.623,""consolidated_ice"":553.16,""very_open_ice"":155.433,""close_ice"":509.128}",EPSG:4326
2018-04-22,2017/18,2703.339,2674.049,98.92,898.623,33.24,44.5,75.0,2.0,"{""10/10"":1451.783,""9+/10"":295.508,""8/10"":97.238,""9/10"":573.938,""2/10"":82.648,""7/10"":172.934}","{""fast_ice"":898.623,""very_close_ice"":869.445,""consolidated_ice"":553.16,""close_ice"":270.172,""very_open_ice"":82.648}",EPSG:4326
2018-04-23,2017/18,2703.339,2674.049,98.92,898.623,33.24,45.6,75.0,10.0,"{""10/10"":1451.783,""9+/10"":241.961,""9/10"":149.359,""8/10"":830.946}","{""fast_ice"":898.623,""very_close_ice"":391.32,""consolidated_ice"":553.16,""close_ice"":830.946}",EPSG:4326
2018-04-24,2017/18,2703.339,2674.049,98.92,898.623,33.24,45.6,75.0,10.0,"{""10/10"":1451.783,""9+/10"":241.961,""9/10"":835.865,""8/10"":144.439}","{""fast_ice"":898.623,""very_close_ice"":1077.826,""consolidated_ice"":553.16,""close_ice"":144.439}",EPSG:4326
2018-04-25,2017/18,2703.339,2674.049,98.92,898.623,33.24,45.6,75.0,10.0,"{""10/10"":1451.783,""9+/10"":241.961,""9/10"":980.304}","{""fast_ice"":898.623,""very_close_ice"":1222.266,""consolidated_ice"":553.16}",EPSG:4326
2018-04-26,2017/18,2703.339,2674.049,98.92,898.623,33.24,45.6,75.0,10.0,"{""10/10"":1451.783,""9+/10"":242.288,""9/10"":979.977}","{""fast_ice"":898.623,""very_close_ice"":1222.266,""consolidated_ice"":553.16}",EPSG:4326
2018-04-27,2017/18,2703.339,2674.049,98.92,720.107,26.64,45.6,75.0,10.0,"{""10/10"":1451.783,""9+/10"":245.384,""9/10"":920.344,""3/10"":56.538}","{""fast_ice"":720.107,""very_close_ice"":1165.728,""consolidated_ice"":553.16,""very_open_ice"":56.538,""rotten_ice"":178.517}",EPSG:4326
2018-04-28,2017/18,2703.339,2674.049,98.92,720.107,26.64,45.6,75.0,10.0,"{""10/10"":1451.783,""9+/10"":272.256,""9/10"":893.472,""5/10"":34.505,""6/10"":22.033}","{""fast_ice"":720.107,""very_close_ice"":1165.728,""consolidated_ice"":553.16,""open_ice"":56.538,""rotten_ice"":178.517}",EPSG:4326
2018-04-29,2017/18,2703.339,2674.049,98.92,448.622,16.6,45.6,75.0,10.0,"{""9+/10"":722.072,""10/10"":1001.782,""9/10"":950.195}","{""very_close_ice"":1222.266,""consolidated_ice"":553.16,""rotten_ice"":450.001,""fast_ice"":448.622}",EPSG:4326
2018-04-30,2017/18,2703.339,2674.049,98.92,448.622,16.6,45.7,75.0,10.0,"{""10/10"":1001.782,""9+/10"":717.755,""9/10"":954.512}","{""consolidated_ice"":553.16,""very_close_ice"":1222.266,""rotten_ice"":450.001,""fast_ice"":448.622}",EPSG:4326
2018-05-01,2017/18,2703.339,2674.049,98.92,448.622,16.6,46.2,75.0,25.0,"{""10/10"":1045.099,""9+/10"":668.046,""9/10"":948.477,""2/10"":7.089,""1/10"":5.338}","{""consolidated_ice"":596.476,""very_close_ice"":1166.522,""rotten_ice"":450.001,""fast_ice"":448.622,""very_open_ice"":12.427}",EPSG:4326
2018-05-02,2017/18,2703.339,2674.049,98.92,448.622,16.6,46.2,75.0,25.0,"{""10/10"":1045.099,""9+/10"":668.046,""9/10"":960.905}","{""consolidated_ice"":596.476,""very_close_ice"":1178.949,""rotten_ice"":450.001,""fast_ice"":448.622}",EPSG:4326
2018-05-03,2017/18,2703.339,2674.049,98.92,448.622,16.6,46.2,75.0,25.0,"{""10/10"":1045.102,""9/10"":1178.946,""9+/10"":450.001}","{""consolidated_ice"":596.48,""very_close_ice"":1178.946,""rotten_ice"":450.001,""fast_ice"":448.622}",EPSG:4326
2018-05-04,2017/18,2703.339,2674.049,98.92,448.622,16.6,45.3,75.0,25.0,"{""10/10"":1045.102,""9+/10"":450.001,""9/10"":1178.946}","{""consolidated_ice"":596.48,""rotten_ice"":450.001,""fast_ice"":448.622,""very_close_ice"":1178.946}",EPSG:4326
2018-05-05,2017/18,2703.339,2661.664,98.46,448.622,16.6,45.7,75.0,25.0,"{""1/10"":37.085,""10/10"":1217.032,""9+/10"":450.001,""9/10"":957.546}","{""very_open_ice"":37.085,""consolidated_ice"":768.41,""rotten_ice"":450.001,""fast_ice"":448.622,""very_close_ice"":957.546}",EPSG:4326
2018-05-06,2017/18,2703.339,2674.049,98.92,448.622,16.6,45.7,75.0,25.0,"{""10/10"":1231.429,""9+/10"":450.001,""6/10"":116.934,""9/10"":875.685}","{""consolidated_ice"":782.807,""rotten_ice"":450.001,""fast_ice"":448.622,""open_ice"":116.934,""very_close_ice"":875.685}",EPSG:4326
2018-05-07,2017/18,2703.339,2674.049,98.92,448.622,16.6,45.6,75.0,25.0,"{""10/10"":1175.116,""9+/10"":450.001,""9/10"":662.002,""3/10"":187.126,""8/10"":199.804}","{""consolidated_ice"":726.493,""rotten_ice"":450.001,""very_close_ice"":662.002,""fast_ice"":448.622,""very_open_ice"":187.126,""close_ice"":199.804}",EPSG:4326
2018-05-08,2017/18,2703.339,2674.049,98.92,366.137,13.54,45.9,75.0,25.0,"{""9/10"":1297.681,""9+/10"":541.887,""10/10"":366.137,""3/10"":271.39,""2/10"":41.868,""5/10"":155.086}","{""consolidated_ice"":796.681,""rotten_ice"":532.486,""very_close_ice"":510.401,""fast_ice"":366.137,""very_open_ice"":313.258,""open_ice"":155.086}",EPSG:4326
2018-05-09,2017/18,2703.339,2674.049,98.92,364.613,13.49,46.7,75.0,20.0,"{""9/10"":1159.536,""9+/10"":496.583,""10/10"":364.613,""6/10"":228.381,""3/10"":231.732,""8/10"":193.202}","{""consolidated_ice"":639.961,""rotten_ice"":534.01,""very_close_ice"":482.148,""fast_ice"":364.613,""open_ice"":228.381,""very_open_ice"":231.732,""close_ice"":193.202}",EPSG:4326
2018-05-10,2017/18,2703.339,2674.049,98.92,364.613,13.49,41.8,75.0,10.0,"{""9/10"":785.411,""9+/10"":496.583,""5/10"":560.077,""10/10"":364.613,""6/10"":16.061,""3/10"":451.304}","{""very_close_ice"":330.397,""rotten_ice"":534.01,""open_ice"":576.137,""consolidated_ice"":417.588,""fast_ice"":364.613,""very_open_ice"":451.304}",EPSG:4326
2018-05-11,2017/18,2703.339,2674.049,98.92,0.0,0.0,33.0,60.0,10.0,"{""8/10"":344.852,""9/10"":1301.354,""3/10"":963.454,""6/10"":64.389}","{""close_ice"":344.852,""rotten_ice"":898.623,""consolidated_ice"":392.815,""very_open_ice"":963.454,""very_close_ice"":9.916,""open_ice"":64.389}",EPSG:4326
2018-05-12,2017/18,2703.339,2674.049,98.92,0.0,0.0,32.7,60.0,10.0,"{""8/10"":313.937,""9/10"":1256.904,""3/10"":994.369,""6/10"":108.839}","{""close_ice"":313.937,""rotten_ice"":900.098,""consolidated_ice"":346.89,""very_open_ice"":994.369,""very_close_ice"":9.916,""open_ice"":108.839}",EPSG:4326
2018-05-13,2017/18,2703.339,2674.049,98.92,0.0,0.0,32.5,60.0,10.0,"{""8/10"":474.05,""5/10"":183.047,""9+/10"":564.0,""9/10"":452.551,""3/10"":699.1,""6/10"":301.301}","{""rotten_ice"":747.5,""open_ice"":484.348,""very_close_ice"":323.378,""consolidated_ice"":339.97,""very_open_ice"":699.1,""close_ice"":79.753}",EPSG:4326
2018-05-14,2017/18,2703.339,2674.049,98.92,0.0,0.0,34.2,60.0,10.0,"{""8/10"":531.238,""5/10"":61.426,""9+/10"":311.094,""3/10"":810.828,""9/10"":374.997,""6/10"":584.466}","{""rotten_ice"":500.304,""open_ice"":645.892,""very_close_ice"":338.42,""very_open_ice"":810.828,""consolidated_ice"":122.599,""close_ice"":256.005}",EPSG:4326
2018-05-15,2017/18,2703.339,2598.456,96.12,0.0,0.0,31.5,60.0,10.0,"{""9+/10"":135.12,""9/10"":597.608,""6/10"":271.887,""8/10"":178.216,""5/10"":877.473,""10/10"":242.018,""7/10"":113.401,""3/10"":182.734}","{""consolidated_ice"":135.12,""rotten_ice"":620.262,""open_ice"":1149.36,""very_close_ice"":397.432,""close_ice"":113.548,""very_open_ice"":182.734}",EPSG:4326
2018-05-16,2017/18,2703.339,2598.758,96.13,0.0,0.0,31.5,50.0,10.0,"{""5/10"":1056.01,""3/10"":465.199,""9/10"":378.124,""9+/10"":118.144,""6/10"":431.847,""8/10"":7.741,""7/10"":141.693}","{""open_ice"":1487.857,""very_open_ice"":465.199,""very_close_ice"":378.124,""consolidated_ice"":118.144,""close_ice"":149.434}",EPSG:4326
2018-05-17,2017/18,2703.339,2485.958,91.96,0.0,0.0,29.6,50.0,10.0,"{""3/10"":1258.579,""9+/10"":107.499,""9/10"":99.737,""7/10"":435.724,""5/10"":584.42}","{""very_open_ice"":1258.579,""consolidated_ice"":107.499,""very_close_ice"":99.737,""close_ice"":435.724,""open_ice"":584.42}",EPSG:4326
2018-05-18,2017/18,2703.339,1796.219,66.44,0.0,0.0,32.2,50.0,20.0,"{""3/10"":1382.757,""9/10"":67.715,""9+/10"":40.945,""8/10"":18.961,""6/10"":285.841}","{""very_open_ice"":1382.757,""very_close_ice"":108.66,""close_ice"":18.961,""open_ice"":285.841}",EPSG:4326
2018-05-19,2017/18,2703.339,484.424,17.92,0.0,0.0,40.0,50.0,20.0,"{""9+/10"":40.961,""6/10"":44.87,""5/10"":326.686,""8/10"":71.906}","{""very_close_ice"":40.961,""open_ice"":371.556,""close_ice"":71.906}",EPSG:4326
2018-05-20,2017/18,2703.339,487.972,18.05,0.0,0.0,25.3,50.0,10.0,"{""9+/10"":27.192,""3/10"":161.387,""2/10"":244.542,""9/10"":9.299,""5/10"":2.401,""7/10"":43.15}","{""very_close_ice"":36.491,""very_open_ice"":405.929,""open_ice"":2.401,""close_ice"":43.15}",EPSG:4326
2018-05-21,2017/18,2703.339,23.63,0.87,0.0,0.0,36.4,50.0,10.0,"{""9/10"":3.226,""9+/10"":12.317,""3/10"":8.087}","{""very_close_ice"":15.543,""very_open_ice"":8.087}",EPSG:4326
2018-05-22,2017/18,2703.339,17.248,0.64,0.0,0.0,20.0,35.0,5.0,"{""9/10"":17.248}","{""very_close_ice"":17.248}",EPSG:4326
2018-05-23,2017/18,2703.339,12.859,0.48,0.0,0.0,16.9,30.0,5.0,"{""9/10"":12.859}","{""very_close_ice"":12.859}",EPSG:4326
2018-05-24,2017/18,2703.339,15.726,0.58,0.0,0.0,20.0,30.0,10.0,"{""3/10"":14.502,""6/10"":1.11,""9/10"":0.113}","{""very_open_ice"":14.502,""open_ice"":1.11,""very_close_ice"":0.113}",EPSG:4326
2018-11-01,2018/19,2703.339,0.0,0.0,0.0,0.0,,,,{},{},EPSG:4326
2018-11-05,2018/19,2703.339,0.0,0.0,0.0,0.0,,,,{},{},EPSG:4326
2018-11-08,2018/19,2703.339,0.0,0.0,0.0,0.0,,,,{},{},EPSG:4326
2018-11-12,2018/19,2703.339,0.0,0.0,0.0,0.0,,,,{},{},EPSG:4326
2018-11-15,2018/19,2703.339,0.0,0.0,0.0,0.0,,,,{},{},EPSG:4326
2018-11-19,2018/19,2703.339,0.0,0.0,0.0,0.0,,,,{},{},EPSG:4326
2018-11-22,2018/19,2703.339,64.97,2.4,0.0,0.0,1.0,2.0,1.0,"{""7/10"":64.97}","{""new_ice"":64.97}",EPSG:4326
2018-11-26,2018/19,2703.339,71.95,2.66,0.0,0.0,1.4,4.0,1.0,"{""7/10"":45.124,""10/10"":5.418,""9/10"":21.409}","{""new_ice"":45.124,""level_ice"":26.827}",EPSG:4326
2018-11-29,2018/19,2703.339,115.614,4.28,0.0,0.0,2.9,6.0,1.0,"{""7/10"":8.887,""10/10"":76.764,""8/10"":8.555,""9/10"":21.409}","{""new_ice"":17.442,""level_ice"":98.172}",EPSG:4326
2018-12-03,2018/19,2703.339,88.462,3.27,0.0,0.0,4.7,8.0,1.0,"{""9+/10"":54.523,""9/10"":28.522,""10/10"":5.418}","{""new_ice"":21.091,""level_ice"":67.372}",EPSG:4326
2018-12-06,2018/19,2703.339,83.485,3.09,0.0,0.0,4.7,8.0,1.0,"{""9+/10"":49.546,""9/10"":28.522,""10/10"":5.418}","{""new_ice"":21.091,""level_ice"":62.395}",EPSG:4326
2018-12-10,2018/19,2703.339,251.222,9.29,0.0,0.0,5.6,8.0,1.0,"{""9+/10"":142.261,""10/10"":77.217,""8/10"":27.968,""9/10"":3.776}","{""level_ice"":219.479,""new_ice"":31.743}",EPSG:4326
2018-12-13,2018/19,2703.339,944.173,34.93,0.0,0.0,3.0,8.0,1.0,"{""10/10"":219.479,""3/10"":254.376,""7/10"":442.35,""8/10"":27.968}","{""level_ice"":219.479,""very_open_ice"":254.376,""new_ice"":470.318}",EPSG:4326
2018-12-17,2018/19,2703.339,1108.465,41.0,0.0,0.0,5.2,12.0,3.0,"{""9/10"":573.666,""10/10"":179.806,""5/10"":354.994}","{""level_ice"":753.472,""open_ice"":354.994}",EPSG:4326
2018-12-18,2018/19,2703.339,1108.465,41.0,179.806,6.65,5.2,12.0,3.0,"{""10/10"":179.806,""3/10"":333.213,""9/10"":595.446}","{""fast_ice"":179.806,""very_open_ice"":333.213,""level_ice"":595.446}",EPSG:4326
2018-12-19,2018/19,2703.339,1196.906,44.28,179.806,6.65,4.7,12.0,1.0,"{""8/10"":421.653,""10/10"":179.806,""9/10"":595.446}","{""new_ice"":421.653,""fast_ice"":179.806,""level_ice"":595.446}",EPSG:4326
2018-12-20,2018/19,2703.339,919.019,34.0,154.168,5.7,5.0,12.0,1.0,"{""10/10"":154.168,""9/10"":591.877,""7/10"":30.081,""9+/10"":19.855,""8/10"":123.037}","{""fast_ice"":154.168,""level_ice"":591.877,""new_ice"":153.119,""very_close_ice"":19.855}",EPSG:4326
2018-12-21,2018/19,2703.339,919.019,34.0,154.168,5.7,5.0,12.0,1.0,"{""10/10"":154.168,""9/10"":591.877,""7/10"":30.081,""9+/10"":19.855,""8/10"":123.037}","{""fast_ice"":154.168,""level_ice"":591.877,""new_ice"":153.119,""very_close_ice"":19.855}",EPSG:4326
2018-12-22,2018/19,2703.339,937.487,34.68,154.168,5.7,4.9,12.0,1.0,"{""10/10"":154.168,""9/10"":582.624,""9+/10"":19.855,""7/10"":180.839}","{""fast_ice"":154.168,""level_ice"":555.199,""new_ice"":208.264,""very_close_ice"":19.855}",EPSG:4326
2018-12-23,2018/19,2703.339,1269.588,46.96,154.168,5.7,5.0,15.0,1.0,"{""10/10"":154.168,""9/10"":1115.42}","{""fast_ice"":154.168,""level_ice"":810.505,""new_ice"":304.915}",EPSG:4326
2018-12-24,2018/19,2703.339,1657.72,61.32,154.168,5.7,5.9,15.0,1.0,"{""10/10"":154.168,""9/10"":810.505,""8/10"":312.395,""7/10"":380.652}","{""fast_ice"":154.168,""level_ice"":810.505,""new_ice"":693.047}",EPSG:4326
2018-12-25,2018/19,2703.339,1540.819,57.0,154.168,5.7,4.7,15.0,1.0,"{""10/10"":154.168,""9/10"":1212.365,""7/10"":174.287}","{""fast_ice"":154.168,""level_ice"":810.505,""new_ice"":576.146}",EPSG:4326
2018-12-26,2018/19,2703.339,1891.092,69.95,166.344,6.15,6.4,20.0,1.0,"{""9/10"":672.26,""3/10"":758.276,""10/10"":166.344,""6/10"":142.554,""8/10"":151.658}","{""new_ice"":17.416,""very_open_ice"":758.276,""fast_ice"":166.344,""level_ice"":654.844,""open_ice"":142.554,""close_ice"":151.658}",EPSG:4326
2018-12-27,2018/19,2703.339,2169.939,80.27,166.344,6.15,5.4,20.0,1.0,"{""10/10"":545.546,""9/10"":654.844,""8/10"":453.214,""3/10"":516.334}","{""fast_ice"":166.344,""level_ice"":654.844,""close_ice"":453.214,""new_ice"":379.202,""very_open_ice"":516.334}",EPSG:4326
2018-12-28,2018/19,2703.339,2179.674,80.63,166.344,6.15,6.6,20.0,1.0,"{""8/10"":1022.772,""10/10"":344.649,""9/10"":673.548,""6/10"":138.705}","{""close_ice"":374.683,""fast_ice"":166.344,""level_ice"":673.548,""new_ice"":826.394,""open_ice"":138.705}",EPSG:4326
2018-12-29,2018/19,2703.339,1941.262,71.81,166.344,6.15,7.5,20.0,3.0,"{""10/10"":950.593,""9/10"":673.548,""8/10"":308.245,""6/10"":8.876}","{""fast_ice"":166.344,""level_ice"":1457.797,""close_ice"":308.245,""open_ice"":8.876}",EPSG:4326
2018-12-30,2018/19,2703.339,2148.168,79.46,796.471,29.46,8.1,20.0,5.0,"{""10/10"":796.471,""8/10"":884.446,""3/10"":467.25}","{""fast_ice"":796.471,""close_ice"":884.446,""very_open_ice"":467.25}",EPSG:4326
2018-12-31,2018/19,2703.339,2092.654,77.41,796.471,29.46,8.1,20.0,5.0,"{""10/10"":796.471,""8/10"":986.552,""3/10"":309.63}","{""fast_ice"":796.471,""close_ice"":986.552,""very_open_ice"":309.63}",EPSG:4326
2019-01-01,2018/19,2703.339,1524.758,56.4,710.366,26.28,8.4,20.0,5.0,"{""8/10"":29.64,""10/10"":710.366,""2/10"":769.03,""9+/10"":15.723}","{""close_ice"":29.64,""fast_ice"":710.366,""very_open_ice"":769.03,""very_close_ice"":15.723}",EPSG:4326
2019-01-02,2018/19,2703.339,1988.378,73.55,621.227,22.98,7.9,20.0,5.0,"{""8/10"":39.364,""10/10"":621.227,""2/10"":1327.786}","{""close_ice"":39.364,""fast_ice"":621.227,""very_open_ice"":1327.786}",EPSG:4326
2019-01-03,2018/19,2703.339,1500.558,55.51,621.227,22.98,8.1,25.0,1.0,"{""8/10"":879.33,""10/10"":621.227}","{""close_ice"":39.364,""fast_ice"":621.227,""new_ice"":839.966}",EPSG:4326
2019-01-04,2018/19,2703.339,1533.451,56.72,614.22,22.72,10.0,25.0,1.0,"{""8/10"":725.44,""10/10"":614.22,""3/10"":193.791}","{""close_ice"":31.06,""new_ice"":694.38,""fast_ice"":614.22,""very_open_ice"":193.791}",EPSG:4326
2019-01-05,2018/19,2703.339,1573.842,58.22,614.22,22.72,10.0,25.0,1.0,"{""8/10"":617.446,""10/10"":614.22,""9/10"":142.369,""2/10"":199.808}","{""new_ice"":617.446,""fast_ice"":614.22,""level_ice"":142.369,""very_open_ice"":199.808}",EPSG:4326
2019-01-06,2018/19,2703.339,1992.331,73.7,614.22,22.72,9.5,25.0,1.0,"{""10/10"":614.22,""9/10"":611.686,""8/10"":766.425}","{""fast_ice"":614.22,""level_ice"":611.686,""new_ice"":766.425}",EPSG:4326
2019-01-07,2018/19,2703.339,2114.225,78.21,614.22,22.72,8.5,25.0,1.0,"{""10/10"":614.22,""2/10"":1155.333,""9/10"":280.17,""7/10"":64.502}","{""fast_ice"":614.22,""very_open_ice"":1155.333,""level_ice"":280.17,""new_ice"":64.502}",EPSG:4326
2019-01-08,2018/19,2703.339,1955.165,72.32,625.116,23.12,10.8,25.0,1.0,"{""10/10"":803.371,""9/10"":157.366,""2/10"":885.215,""8/10"":109.214}","{""fast_ice"":625.116,""level_ice"":335.62,""very_open_ice"":885.215,""close_ice"":109.214}",EPSG:4326
2019-01-09,2018/19,2703.339,2004.789,74.16,625.116,23.12,9.2,25.0,1.0,"{""10/10"":808.091,""9/10"":157.366,""7/10"":1039.333}","{""fast_ice"":625.116,""level_ice"":340.34,""new_ice"":1039.333}",EPSG:4326
2019-01-10,2018/19,2703.339,1614.555,59.72,625.116,23.12,10.5,25.0,1.0,"{""10/10"":983.205,""3/10"":129.388,""8/10"":501.962}","{""fast_ice"":625.116,""level_ice"":358.088,""very_open_ice"":129.388,""new_ice"":501.962}",EPSG:4326
2019-01-11,2018/19,2703.339,1341.154,49.61,632.509,23.4,14.7,25.0,5.0,"{""10/10"":658.935,""9/10"":142.181,""8/10"":76.817,""3/10"":401.925,""9+/10"":61.296}","{""fast_ice"":632.509,""level_ice"":26.425,""very_close_ice"":203.478,""close_ice"":76.817,""very_open_ice"":401.925}",EPSG:4326
2019-01-12,2018/19,2703.339,2075.286,76.77,632.509,23.4,13.0,25.0,5.0,"{""10/10"":632.509,""8/10"":410.59,""3/10"":1032.186}","{""fast_ice"":632.509,""close_ice"":410.59,""very_open_ice"":1032.186}",EPSG:4326
2019-01-13,2018/19,2703.339,1888.526,69.86,627.675,23.22,12.4,25.0,1.0,"{""10/10"":627.675,""3/10"":277.195,""8/10"":140.813,""6/10"":736.437,""7/10"":106.406}","{""fast_ice"":627.675,""very_open_ice"":277.195,""new_ice"":247.219,""open_ice"":736.437}",EPSG:4326
2019-01-14,2018/19,2703.339,1398.127,51.72,643.954,23.82,14.7,30.0,5.0,"{""10/10"":643.954,""8/10"":442.69,""3/10"":279.701,""9/10"":31.782}","{""fast_ice"":643.954,""close_ice"":442.69,""very_open_ice"":279.701,""very_close_ice"":31.782}",EPSG:4326
2019-01-15,2018/19,2703.339,1720.248,63.63,611.617,22.62,10.8,30.0,1.0,"{""10/10"":611.617,""3/10"":95.391,""9/10"":55.374,""8/10"":915.192,""2/10"":42.673}","{""fast_ice"":611.617,""very_open_ice"":138.064,""very_close_ice"":55.374,""close_ice"":186.115,""new_ice"":729.078}",EPSG:4326
2019-01-16,2018/19,2703.339,2147.325,79.43,611.617,22.62,8.2,30.0,1.0,"{""10/10"":611.617,""9/10"":55.374,""8/10"":1361.431,""1/10"":118.902}","{""fast_ice"":611.617,""very_close_ice"":55.374,""new_ice"":1360.08,""close_ice"":1.351,""very_open_ice"":118.902}",EPSG:4326
2019-01-17,2018/19,2703.339,2365.598,87.51,611.617,22.62,9.3,30.0,1.0,"{""10/10"":611.617,""9/10"":88.788,""9+/10"":277.229,""8/10"":1034.009,""5/10"":353.89,""1/10"":0.064}","{""fast_ice"":611.617,""level_ice"":318.945,""very_close_ice"":47.072,""new_ice"":1010.013,""close_ice"":23.996,""open_ice"":353.89,""very_open_ice"":0.064}",EPSG:4326
2019-01-18,2018/19,2703.339,2370.94,87.7,611.617,22.62,12.0,30.0,3.0,"{""10/10"":611.617,""9+/10"":947.619,""9/10"":7.41,""8/10"":804.294}","{""fast_ice"":611.617,""very_close_ice"":47.072,""close_ice"":804.294,""level_ice"":907.957}",EPSG:4326
2019-01-19,2018/19,2703.339,2674.049,98.92,976.013,36.1,13.1,30.0,1.0,"{""10/10"":976.013,""9+/10"":1263.295,""8/10"":314.375,""7/10"":120.366}","{""fast_ice"":976.013,""level_ice"":1263.295,""close_ice"":314.375,""new_ice"":120.366}",EPSG:4326
2019-01-20,2018/19,2703.339,2672.072,98.84,976.013,36.1,12.3,30.0,2.0,"{""10/10"":976.013,""9+/10"":1121.519,""9/10"":492.593,""8/10"":81.948}","{""fast_ice"":976.013,""level_ice"":1121.519,""new_ice"":466.653,""very_close_ice"":25.94,""close_ice"":81.948}",EPSG:4326
2019-01-21,2018/19,2703.339,2674.049,98.92,998.336,36.93,12.5,30.0,2.0,"{""10/10"":998.336,""9/10"":1567.378,""9+/10"":88.914,""8/10"":19.421}","{""fast_ice"":998.336,""level_ice"":1122.655,""new_ice"":444.33,""very_close_ice"":89.307,""close_ice"":19.421}",EPSG:4326
2019-01-22,2018/19,2703.339,2674.049,98.92,998.336,36.93,11.9,30.0,2.0,"{""10/10"":998.336,""9/10"":1586.799,""9+/10"":88.914}","{""fast_ice"":998.336,""level_ice"":969.141,""new_ice"":706.572}",EPSG:4326
2019-01-23,2018/19,2703.339,2674.049,98.92,998.336,36.93,15.9,35.0,3.0,"{""10/10"":998.336,""9+/10"":969.141,""9/10"":706.572}","{""fast_ice"":998.336,""very_close_ice"":880.227,""level_ice"":795.486}",EPSG:4326
2019-01-24,2018/19,2703.339,2674.049,98.92,998.336,36.93,17.7,35.0,5.0,"{""10/10"":998.336,""9+/10"":1259.549,""9/10"":416.164}","{""fast_ice"":998.336,""very_close_ice"":1144.139,""level_ice"":531.574}",EPSG:4326
2019-01-25,2018/19,2703.339,2674.049,98.92,998.336,36.93,18.2,35.0,5.0,"{""10/10"":998.336,""9+/10"":1496.851,""9/10"":178.862}","{""fast_ice"":998.336,""very_close_ice"":1381.44,""level_ice"":294.273}",EPSG:4326
2019-01-26,2018/19,2703.339,2674.049,98.92,998.336,36.93,18.1,35.0,5.0,"{""10/10"":998.336,""9+/10"":1532.851,""9/10"":142.862}","{""fast_ice"":998.336,""very_close_ice"":1333.304,""level_ice"":342.409}",EPSG:4326
2019-01-27,2018/19,2703.339,2674.049,98.92,998.336,36.93,18.2,40.0,5.0,"{""10/10"":1268.814,""9+/10"":1405.235}","{""fast_ice"":998.336,""very_close_ice"":1405.235,""level_ice"":270.478}",EPSG:4326
2019-01-28,2018/19,2703.339,2674.049,98.92,998.336,36.93,18.2,40.0,5.0,"{""9+/10"":1405.235,""10/10"":1268.814}","{""very_close_ice"":1405.235,""fast_ice"":998.336,""level_ice"":270.478}",EPSG:4326
2019-01-29,2018/19,2703.339,2674.049,98.92,1020.573,37.75,18.3,40.0,5.0,"{""9+/10"":1271.406,""10/10"":1402.643}","{""very_close_ice"":1271.406,""fast_ice"":1020.573,""level_ice"":382.07}",EPSG:4326
2019-01-30,2018/19,2703.339,2674.049,98.92,1020.573,37.75,20.9,40.0,5.0,"{""9+/10"":1271.406,""10/10"":1096.267,""9/10"":306.376}","{""very_close_ice"":1577.782,""fast_ice"":1020.573,""level_ice"":75.694}",EPSG:4326
2019-01-31,2018/19,2703.339,2674.049,98.92,1020.573,37.75,19.6,40.0,1.0,"{""9+/10"":1275.0,""10/10"":1020.573,""7/10"":294.248,""9/10"":84.228}","{""very_close_ice"":1275.0,""fast_ice"":1020.573,""new_ice"":294.248,""level_ice"":84.228}",EPSG:4326
2019-02-01,2018/19,2703.339,2674.049,98.92,1020.573,37.75,19.7,40.0,2.0,"{""9+/10"":1569.248,""10/10"":1020.573,""9/10"":84.228}","{""very_close_ice"":1149.691,""fast_ice"":1020.573,""level_ice"":503.785}",EPSG:4326
2019-02-02,2018/19,2703.339,2674.049,98.92,1020.573,37.75,19.5,45.0,5.0,"{""9+/10"":1080.296,""10/10"":1020.573,""9/10"":573.18}","{""very_close_ice"":1080.296,""fast_ice"":1020.573,""level_ice"":573.18}",EPSG:4326
2019-02-03,2018/19,2703.339,2674.049,98.92,1020.573,37.75,21.0,45.0,10.0,"{""9+/10"":1127.008,""10/10"":1075.689,""9/10"":471.352}","{""very_close_ice"":1598.36,""consolidated_ice"":55.116,""fast_ice"":1020.573}",EPSG:4326
2019-02-04,2018/19,2703.339,2674.049,98.92,1020.573,37.75,21.9,45.0,10.0,"{""9+/10"":1485.391,""10/10"":1188.658}","{""very_close_ice"":1485.391,""consolidated_ice"":168.085,""fast_ice"":1020.573}",EPSG:4326
2019-02-05,2018/19,2703.339,2674.049,98.92,1065.388,39.41,20.3,45.0,1.0,"{""9+/10"":1160.482,""10/10"":1233.474,""9/10"":17.171,""8/10"":262.922}","{""very_close_ice"":1177.654,""consolidated_ice"":168.085,""fast_ice"":1065.388,""new_ice"":262.922}",EPSG:4326
2019-02-06,2018/19,2703.339,2674.049,98.92,1065.388,39.41,18.9,45.0,1.0,"{""9+/10"":1150.809,""10/10"":1178.358,""9/10"":340.76,""8/10"":4.122}","{""very_close_ice"":1024.072,""fast_ice"":1065.388,""consolidated_ice"":112.97,""new_ice"":471.619}",EPSG:4326
2019-02-07,2018/19,2703.339,2674.049,98.92,1065.388,39.41,24.1,45.0,1.0,"{""9+/10"":1202.289,""10/10"":1249.501,""9/10"":222.26}","{""very_close_ice"":1202.289,""fast_ice"":1065.388,""consolidated_ice"":112.97,""new_ice"":222.26,""level_ice"":71.143}",EPSG:4326
2019-02-08,2018/19,2703.339,2674.049,98.92,1065.388,39.41,24.8,45.0,2.0,"{""10/10"":1457.079,""9+/10"":1216.97}","{""level_ice"":278.721,""very_close_ice"":1216.97,""fast_ice"":1065.388,""consolidated_ice"":112.97}",EPSG:4326
2019-02-09,2018/19,2703.339,2674.049,98.92,1065.388,39.41,24.6,45.0,2.0,"{""9+/10"":1184.712,""3/10"":70.047,""10/10"":1419.29}","{""very_close_ice"":1184.712,""very_open_ice"":70.047,""fast_ice"":1065.388,""consolidated_ice"":112.97,""level_ice"":240.932}",EPSG:4326
2019-02-10,2018/19,2703.339,2674.049,98.92,1065.388,39.41,25.6,45.0,5.0,"{""9+/10"":1280.574,""6/10"":70.047,""10/10"":1323.428}","{""very_close_ice"":1280.574,""open_ice"":70.047,""fast_ice"":1065.388,""consolidated_ice"":112.97,""level_ice"":145.07}",EPSG:4326
2019-02-11,2018/19,2703.339,2674.049,98.92,1065.388,39.41,29.6,50.0,5.0,"{""9+/10"":1280.574,""10/10"":1393.475}","{""very_close_ice"":1280.574,""fast_ice"":1065.388,""consolidated_ice"":112.97,""level_ice"":215.117}",EPSG:4326
2019-02-12,2018/19,2703.339,2674.049,98.92,1065.388,39.41,27.5,50.0,2.0,"{""10/10"":1262.718,""9+/10"":508.841,""1/10"":207.992,""9/10"":694.497}","{""fast_ice"":1065.388,""consolidated_ice"":197.33,""very_close_ice"":1107.465,""very_open_ice"":207.992,""new_ice"":95.873}",EPSG:4326
2019-02-13,2018/19,2703.339,2674.049,98.92,1065.388,39.41,26.6,50.0,1.0,"{""10/10"":1262.718,""9+/10"":1134.715,""9/10"":276.615}","{""fast_ice"":1065.388,""consolidated_ice"":197.33,""very_close_ice"":1057.738,""new_ice"":353.593}",EPSG:4326
2019-02-14,2018/19,2703.339,2674.049,98.92,1167.449,43.19,28.8,50.0,2.0,"{""10/10"":1695.709,""9+/10"":804.905,""8/10"":42.213,""9/10"":131.222}","{""fast_ice"":1167.449,""consolidated_ice"":476.401,""very_close_ice"":804.905,""level_ice"":183.081,""close_ice"":42.213}",EPSG:4326
2019-02-15,2018/19,2703.339,2674.049,98.92,1169.43,43.26,30.3,50.0,5.0,"{""9/10"":307.526,""10/10"":1278.803,""3/10"":415.534,""9+/10"":651.145,""7/10"":21.041}","{""very_close_ice"":958.671,""fast_ice"":1169.43,""consolidated_ice"":109.373,""very_open_ice"":415.534,""close_ice"":21.041}",EPSG:4326
2019-02-16,2018/19,2703.339,2674.049,98.92,1169.43,43.26,29.2,50.0,5.0,"{""9/10"":308.087,""10/10"":1278.803,""9+/10"":628.165,""3/10"":458.994}","{""very_close_ice"":936.251,""fast_ice"":1169.43,""consolidated_ice"":109.373,""very_open_ice"":458.994}",EPSG:4326
2019-02-17,2018/19,2703.339,2674.049,98.92,1169.43,43.26,27.6,50.0,15.0,"{""10/10"":1234.029,""3/10"":1159.452,""6/10"":280.567}","{""fast_ice"":1169.43,""consolidated_ice"":64.599,""very_open_ice"":1159.452,""open_ice"":280.567}",EPSG:4326
2019-02-18,2018/19,2703.339,2674.049,98.92,1169.43,43.26,23.9,50.0,2.0,"{""10/10"":1234.029,""9/10"":415.934,""3/10"":954.725,""9+/10"":69.361}","{""fast_ice"":1169.43,""consolidated_ice"":64.599,""very_close_ice"":78.722,""very_open_ice"":954.725,""new_ice"":406.573}",EPSG:4326
2019-02-19,2018/19,2703.339,2617.966,96.84,1132.105,41.88,26.1,50.0,2.0,"{""10/10"":1194.733,""9/10"":23.462,""9+/10"":154.393,""3/10"":447.973,""4/10"":797.404}","{""fast_ice"":1132.105,""very_close_ice"":155.826,""consolidated_ice"":62.628,""very_open_ice"":447.973,""new_ice"":22.029,""open_ice"":797.404}",EPSG:4326
2019-02-20,2018/19,2703.339,2674.049,98.92,1133.014,41.91,26.3,50.0,10.0,"{""10/10"":1181.394,""9/10"":4.299,""3/10"":1409.972,""9+/10"":55.112,""8/10"":23.271}","{""fast_ice"":1133.014,""very_close_ice"":59.412,""consolidated_ice"":48.38,""very_open_ice"":1409.972,""close_ice"":23.271}",EPSG:4326
2019-02-21,2018/19,2703.339,2674.049,98.92,1133.014,41.91,19.3,50.0,1.0,"{""10/10"":1181.394,""9/10"":1021.033,""7/10"":25.583,""1/10"":446.04}","{""fast_ice"":1133.014,""very_close_ice"":101.956,""consolidated_ice"":48.38,""new_ice"":919.077,""close_ice"":25.583,""very_open_ice"":446.04}",EPSG:4326
2019-02-22,2018/19,2703.339,2674.049,98.92,1133.014,41.91,18.5,50.0,2.0,"{""10/10"":1177.862,""9/10"":69.617,""9+/10"":1426.57}","{""fast_ice"":1133.014,""very_close_ice"":69.617,""consolidated_ice"":44.848,""level_ice"":595.632,""new_ice"":830.938}",EPSG:4326
2019-02-23,2018/19,2703.339,2596.147,96.03,1048.183,38.77,35.0,50.0,10.0,"{""10/10"":1048.183,""6/10"":288.905,""3/10"":222.019,""7/10"":1037.04}","{""fast_ice"":1048.183,""open_ice"":288.905,""very_open_ice"":222.019,""close_ice"":1037.04}",EPSG:4326
2019-02-24,2018/19,2703.339,2653.067,98.14,1046.432,38.71,32.0,50.0,20.0,"{""10/10"":1046.432,""8/10"":265.049,""5/10"":698.499,""3/10"":30.999,""2/10"":612.088}","{""fast_ice"":1046.432,""close_ice"":265.049,""open_ice"":698.499,""very_open_ice"":643.087}",EPSG:4326
2019-02-25,2018/19,2703.339,2674.049,98.92,1046.432,38.71,33.9,55.0,20.0,"{""10/10"":1046.432,""3/10"":1109.263,""7/10"":518.354}","{""fast_ice"":1046.432,""very_open_ice"":1109.263,""close_ice"":518.354}",EPSG:4326
2019-02-26,2018/19,2703.339,2674.049,98.92,1046.432,38.71,33.9,55.0,20.0,"{""10/10"":1046.432,""3/10"":1345.121,""7/10"":282.496}","{""fast_ice"":1046.432,""very_open_ice"":1345.121,""close_ice"":282.496}",EPSG:4326
2019-02-27,2018/19,2703.339,1536.173,56.83,1033.556,38.23,36.7,55.0,20.0,"{""10/10"":1033.556,""6/10"":202.294,""2/10"":300.323}","{""fast_ice"":1033.556,""open_ice"":202.294,""very_open_ice"":300.323}",EPSG:4326
2019-02-28,2018/19,2703.339,1570.453,58.09,905.215,33.49,35.7,55.0,15.0,"{""10/10"":905.215,""6/10"":307.588,""2/10"":349.549,""9/10"":8.102}","{""fast_ice"":905.215,""open_ice"":307.588,""very_open_ice"":349.549,""very_close_ice"":8.102}",EPSG:4326
2019-03-01,2018/19,2703.339,2110.534,78.07,901.718,33.36,21.7,55.0,1.0,"{""10/10"":901.718,""8/10"":1082.852,""9+/10"":9.926,""9/10"":17.038,""2/10"":99.0}","{""fast_ice"":901.718,""new_ice"":941.204,""very_close_ice"":26.964,""very_open_ice"":99.0,""close_ice"":141.648}",EPSG:4326
2019-03-02,2018/19,2703.339,2674.049,98.92,901.718,33.36,19.6,55.0,1.0,"{""10/10"":930.732,""9/10"":1273.529,""9+/10"":9.926,""7/10"":115.473,""1/10"":217.47,""8/10"":126.919}","{""fast_ice"":901.718,""level_ice"":1247.564,""very_close_ice"":64.905,""new_ice"":115.473,""very_open_ice"":217.47,""close_ice"":126.919}",EPSG:4326
2019-03-03,2018/19,2703.339,2629.551,97.27,895.778,33.14,19.1,55.0,1.0,"{""10/10"":895.778,""9/10"":150.783,""9+/10"":9.926,""7/10"":782.771,""8/10"":420.674,""1/10"":369.619}","{""fast_ice"":895.778,""very_close_ice"":129.462,""new_ice"":947.199,""close_ice"":256.246,""level_ice"":31.247,""very_open_ice"":369.619}",EPSG:4326
2019-03-04,2018/19,2703.339,2674.049,98.92,895.778,33.14,20.0,55.0,1.0,"{""10/10"":895.778,""9/10"":772.784,""9+/10"":9.926,""8/10"":641.571,""7/10"":353.991}","{""fast_ice"":895.778,""very_close_ice"":239.028,""new_ice"":636.345,""close_ice"":359.216,""level_ice"":543.682}",EPSG:4326
2019-03-05,2018/19,2703.339,2674.049,98.92,903.421,33.42,19.0,55.0,1.0,"{""10/10"":903.421,""9/10"":1338.506,""8/10"":356.94,""7/10"":75.181}","{""fast_ice"":903.421,""very_close_ice"":104.582,""level_ice"":1233.924,""close_ice"":356.94,""new_ice"":75.181}",EPSG:4326
2019-03-06,2018/19,2703.339,2674.049,98.92,903.421,33.42,16.8,55.0,1.0,"{""10/10"":903.421,""9/10"":1374.556,""7/10"":307.673,""8/10"":88.399}","{""fast_ice"":903.421,""very_close_ice"":0.164,""level_ice"":1374.391,""new_ice"":307.673,""close_ice"":88.399}",EPSG:4326
2019-03-07,2018/19,2703.339,2674.049,98.92,903.421,33.42,17.4,55.0,2.0,"{""10/10"":1369.704,""9/10"":1304.345}","{""fast_ice"":903.421,""level_ice"":1304.345,""new_ice"":466.283}",EPSG:4326
2019-03-08,2018/19,2703.339,2615.222,96.74,903.421,33.42,20.2,55.0,2.0,"{""10/10"":1297.706,""9/10"":1317.516}","{""fast_ice"":903.421,""very_close_ice"":82.845,""level_ice"":1319.561,""new_ice"":309.395}",EPSG:4326
2019-03-09,2018/19,2703.339,2674.049,98.92,903.421,33.42,20.1,55.0,1.0,"{""10/10"":1336.26,""9/10"":985.7,""8/10"":352.089}","{""fast_ice"":903.421,""very_close_ice"":944.031,""new_ice"":681.556,""level_ice"":145.041}",EPSG:4326
2019-03-10,2018/19,2703.339,2674.049,98.92,903.421,33.42,20.8,55.0,1.0,"{""10/10"":1516.98,""9/10"":1065.75,""8/10"":91.319}","{""fast_ice"":903.421,""very_close_ice"":860.344,""level_ice"":818.965,""new_ice"":91.319}",EPSG:4326
2019-03-11,2018/19,2703.339,2674.049,98.92,903.421,33.42,19.0,55.0,1.0,"{""10/10"":920.431,""9/10"":1033.036,""7/10"":582.227,""8/10"":138.355}","{""fast_ice"":903.421,""very_close_ice"":408.644,""level_ice"":641.402,""new_ice"":582.227,""close_ice"":138.355}",EPSG:4326
2019-03-12,2018/19,2703.339,2674.049,98.92,903.421,33.42,17.2,55.0,1.0,"{""10/10"":920.431,""9/10"":246.558,""7/10"":1168.313,""8/10"":338.747}","{""fast_ice"":903.421,""very_close_ice"":59.324,""level_ice"":204.243,""new_ice"":1168.313,""close_ice"":338.747}",EPSG:4326
2019-03-13,2018/19,2703.339,2674.049,98.92,903.421,33.42,17.3,55.0,1.0,"{""10/10"":920.431,""9/10"":277.033,""7/10"":1130.462,""8/10"":338.747,""9+/10"":7.376}","{""fast_ice"":903.421,""very_close_ice"":89.799,""level_ice"":211.619,""new_ice"":1130.462,""close_ice"":338.747}",EPSG:4326
2019-03-14,2018/19,2703.339,2674.049,98.92,903.421,33.42,19.5,55.0,2.0,"{""10/10"":1426.974,""9/10"":870.776,""9+/10"":344.539,""6/10"":31.761}","{""fast_ice"":903.421,""very_close_ice"":683.542,""level_ice"":710.786,""new_ice"":344.539,""open_ice"":31.761}",EPSG:4326
2019-03-15,2018/19,2703.339,2674.049,98.92,903.421,33.42,24.7,55.0,10.0,"{""10/10"":903.421,""9/10"":683.542,""9+/10"":1087.085}","{""fast_ice"":903.421,""very_close_ice"":1770.628}",EPSG:4326
2019-03-16,2018/19,2703.339,2674.049,98.92,903.421,33.42,24.7,55.0,10.0,"{""10/10"":903.421,""9/10"":683.542,""9+/10"":1087.085}","{""fast_ice"":903.421,""very_close_ice"":1770.628}",EPSG:4326
2019-03-17,2018/19,2703.339,2674.049,98.92,903.421,33.42,24.7,55.0,10.0,"{""10/10"":903.421,""9+/10"":1087.085,""9/10"":683.542}","{""fast_ice"":903.421,""very_close_ice"":1770.628}",EPSG:4326
2019-03-18,2018/19,2703.339,2674.049,98.92,903.421,33.42,24.7,55.0,10.0,"{""10/10"":903.421,""9/10"":683.542,""9+/10"":1087.085}","{""fast_ice"":903.421,""very_close_ice"":1770.628}",EPSG:4326
2019-03-19,2018/19,2703.339,2674.049,98.92,903.421,33.42,24.7,55.0,10.0,"{""3/10"":274.044,""10/10"":903.421,""9/10"":683.542,""9+/10"":813.042}","{""very_open_ice"":274.044,""fast_ice"":903.421,""very_close_ice"":1496.584}",EPSG:4326
2019-03-20,2018/19,2703.339,2674.049,98.92,903.421,33.42,23.2,55.0,1.0,"{""10/10"":903.421,""9/10"":683.542,""9+/10"":741.078,""8/10"":346.007}","{""fast_ice"":903.421,""very_close_ice"":1424.621,""new_ice"":346.007}",EPSG:4326
2019-03-21,2018/19,2703.339,2674.049,98.92,903.421,33.42,23.8,55.0,1.0,"{""10/10"":903.421,""9+/10"":707.941,""8/10"":259.654,""9/10"":803.032}","{""fast_ice"":903.421,""very_close_ice"":1510.973,""new_ice"":259.654}",EPSG:4326
2019-03-22,2018/19,2703.339,2674.049,98.92,903.421,33.42,23.8,55.0,10.0,"{""10/10"":903.421,""9/10"":771.101,""9+/10"":269.31,""3/10"":730.217}","{""fast_ice"":903.421,""very_close_ice"":1040.41,""very_open_ice"":730.217}",EPSG:4326
2019-03-23,2018/19,2703.339,2398.664,88.73,903.421,33.42,25.9,55.0,10.0,"{""10/10"":903.421,""9+/10"":272.717,""9/10"":668.091,""2/10"":121.789,""6/10"":432.647}","{""fast_ice"":903.421,""very_close_ice"":940.807,""very_open_ice"":121.789,""open_ice"":432.647}",EPSG:4326
2019-03-24,2018/19,2703.339,2304.488,85.25,903.421,33.42,26.3,55.0,10.0,"{""10/10"":903.421,""9+/10"":261.535,""6/10"":441.07,""9/10"":267.2,""7/10"":11.016,""2/10"":420.247}","{""fast_ice"":903.421,""very_close_ice"":528.734,""open_ice"":441.07,""close_ice"":11.016,""very_open_ice"":420.247}",EPSG:4326
2019-03-25,2018/19,2703.339,2674.049,98.92,894.204,33.08,26.4,55.0,10.0,"{""10/10"":894.204,""9+/10"":165.722,""1/10"":687.601,""7/10"":202.819,""4/10"":723.703}","{""fast_ice"":894.204,""very_close_ice"":165.722,""very_open_ice"":687.601,""close_ice"":202.819,""open_ice"":723.703}",EPSG:4326
2019-03-26,2018/19,2703.339,2674.049,98.92,894.204,33.08,18.0,55.0,1.0,"{""10/10"":894.204,""9/10"":1256.562,""9+/10"":165.722,""6/10"":357.561}","{""fast_ice"":894.204,""new_ice"":1242.419,""very_close_ice"":179.865,""open_ice"":357.561}",EPSG:4326
2019-03-27,2018/19,2703.339,2674.049,98.92,894.204,33.08,18.0,55.0,1.0,"{""10/10"":894.204,""9+/10"":165.722,""9/10"":934.229,""6/10"":347.968,""3/10"":331.926}","{""fast_ice"":894.204,""very_close_ice"":179.865,""open_ice"":347.968,""very_open_ice"":331.926,""new_ice"":920.086}",EPSG:4326
2019-03-28,2018/19,2703.339,2674.049,98.92,880.197,32.56,25.4,55.0,1.0,"{""10/10"":880.197,""9+/10"":130.887,""9/10"":146.106,""3/10"":1516.859}","{""fast_ice"":880.197,""very_close_ice"":131.092,""very_open_ice"":1516.859,""new_ice"":145.901}",EPSG:4326
2019-03-29,2018/19,2703.339,1355.929,50.16,880.197,32.56,32.0,55.0,5.0,"{""10/10"":880.197,""9+/10"":186.558,""8/10"":85.545,""3/10"":203.628}","{""fast_ice"":880.197,""very_close_ice"":186.558,""close_ice"":85.545,""very_open_ice"":203.628}",EPSG:4326
2019-03-30,2018/19,2703.339,2000.09,73.99,845.274,31.27,28.4,55.0,5.0,"{""10/10"":845.274,""2/10"":1115.208,""9+/10"":38.374,""7/10"":1.234}","{""fast_ice"":845.274,""very_open_ice"":1115.208,""very_close_ice"":38.374,""close_ice"":1.234}",EPSG:4326
2019-03-31,2018/19,2703.339,2629.853,97.28,843.991,31.22,26.3,55.0,5.0,"{""10/10"":843.991,""1/10"":1742.259,""9+/10"":38.374,""7/10"":0.229,""6/10"":5.001}","{""fast_ice"":843.991,""very_open_ice"":1742.259,""very_close_ice"":38.374,""close_ice"":0.229,""open_ice"":5.001}",EPSG:4326
2019-04-01,2018/19,2703.339,892.825,33.03,843.991,31.22,38.7,55.0,10.0,"{""10/10"":843.991,""9+/10"":38.374,""3/10"":10.46}","{""fast_ice"":843.991,""very_close_ice"":38.374,""very_open_ice"":10.46}",EPSG:4326
2019-04-02,2018/19,2703.339,1098.654,40.64,840.771,31.1,38.0,65.0,5.0,"{""10/10"":840.771,""9+/10"":22.388,""3/10"":235.494}","{""fast_ice"":840.771,""very_close_ice"":22.388,""very_open_ice"":235.494}",EPSG:4326
2019-04-03,2018/19,2703.339,1043.369,38.6,843.438,31.2,39.5,65.0,5.0,"{""10/10"":843.438,""9+/10"":13.947,""2/10"":52.445,""3/10"":133.538}","{""fast_ice"":843.438,""very_close_ice"":13.947,""very_open_ice"":185.983}",EPSG:4326
2019-04-04,2018/19,2703.339,1043.369,38.6,843.438,31.2,39.5,65.0,5.0,"{""10/10"":843.438,""9+/10"":13.947,""2/10"":52.445,""3/10"":133.538}","{""fast_ice"":843.438,""very_close_ice"":13.947,""very_open_ice"":185.983}",EPSG:4326
2019-04-05,2018/19,2703.339,1641.822,60.73,830.176,30.71,37.6,65.0,20.0,"{""10/10"":830.176,""3/10"":778.768,""5/10"":32.878}","{""fast_ice"":830.176,""very_open_ice"":778.768,""open_ice"":32.878}",EPSG:4326
2019-04-06,2018/19,2703.339,1443.012,53.38,809.054,29.93,37.0,65.0,10.0,"{""10/10"":809.054,""8/10"":243.639,""3/10"":390.319}","{""fast_ice"":809.054,""close_ice"":243.639,""very_open_ice"":390.319}",EPSG:4326
2019-04-07,2018/19,2703.339,1586.846,58.7,809.054,29.93,33.0,65.0,10.0,"{""10/10"":809.054,""9/10"":0.307,""8/10"":386.876,""3/10"":336.833,""6/10"":53.775}","{""fast_ice"":809.054,""very_close_ice"":0.307,""close_ice"":386.876,""very_open_ice"":336.833,""open_ice"":53.775}",EPSG:4326
2019-04-08,2018/19,2703.339,1990.403,73.63,813.322,30.09,30.2,65.0,10.0,"{""10/10"":813.322,""9/10"":85.851,""8/10"":517.689,""3/10"":573.541}","{""fast_ice"":813.322,""very_close_ice"":85.851,""close_ice"":517.689,""very_open_ice"":573.541}",EPSG:4326
2019-04-09,2018/19,2703.339,1007.201,37.26,794.45,29.39,40.4,65.0,10.0,"{""10/10"":794.45,""8/10"":136.451,""4/10"":71.556,""9+/10"":4.744}","{""fast_ice"":794.45,""close_ice"":136.451,""open_ice"":71.556,""very_close_ice"":4.744}",EPSG:4326
2019-04-10,2018/19,2703.339,795.137,29.41,790.393,29.24,44.9,65.0,10.0,"{""10/10"":790.393,""9+/10"":4.744}","{""fast_ice"":790.393,""very_close_ice"":4.744}",EPSG:4326
2019-04-11,2018/19,2703.339,788.105,29.15,780.364,28.87,44.9,65.0,10.0,"{""9+/10"":7.741,""10/10"":780.364}","{""very_close_ice"":7.741,""fast_ice"":780.364}",EPSG:4326
2019-04-12,2018/19,2703.339,788.105,29.15,780.364,28.87,44.9,65.0,10.0,"{""9+/10"":7.741,""10/10"":780.364}","{""very_close_ice"":7.741,""fast_ice"":780.364}",EPSG:4326
2019-04-13,2018/19,2703.339,788.105,29.15,780.364,28.87,44.9,65.0,10.0,"{""9+/10"":7.741,""10/10"":780.364}","{""very_close_ice"":7.741,""fast_ice"":780.364}",EPSG:4326
2019-04-14,2018/19,2703.339,788.105,29.15,788.105,29.15,45.0,65.0,35.0,"{""10/10"":788.105}","{""fast_ice"":788.105}",EPSG:4326
2019-04-15,2018/19,2703.339,772.102,28.56,772.102,28.56,45.0,65.0,35.0,"{""10/10"":772.102}","{""fast_ice"":772.102}",EPSG:4326
2019-04-16,2018/19,2703.339,1747.704,64.65,772.102,28.56,21.0,65.0,1.0,"{""10/10"":772.102,""8/10"":975.602}","{""fast_ice"":772.102,""new_ice"":975.602}",EPSG:4326
2019-04-17,2018/19,2703.339,772.102,28.56,772.102,28.56,45.0,65.0,35.0,"{""10/10"":772.102}","{""fast_ice"":772.102}",EPSG:4326
2019-04-18,2018/19,2703.339,2672.636,98.86,772.102,28.56,14.4,65.0,1.0,"{""10/10"":772.102,""8/10"":1900.534}","{""fast_ice"":772.102,""new_ice"":1900.534}",EPSG:4326
2019-04-19,2018/19,2703.339,772.102,28.56,772.102,28.56,45.0,65.0,35.0,"{""10/10"":772.102}","{""fast_ice"":772.102}",EPSG:4326
2019-04-20,2018/19,2703.339,883.598,32.69,756.023,27.97,42.8,65.0,10.0,"{""10/10"":756.023,""3/10"":80.084,""8/10"":20.693,""6/10"":26.798}","{""fast_ice"":756.023,""very_open_ice"":80.084,""close_ice"":20.693,""open_ice"":26.798}",EPSG:4326
2019-04-21,2018/19,2703.339,862.905,31.92,756.023,27.97,43.1,65.0,10.0,"{""10/10"":756.023,""3/10"":106.882}","{""fast_ice"":756.023,""very_open_ice"":106.882}",EPSG:4326
2019-04-22,2018/19,2703.339,873.874,32.33,741.403,27.43,42.7,65.0,10.0,"{""10/10"":741.403,""3/10"":132.471}","{""fast_ice"":741.403,""very_open_ice"":132.471}",EPSG:4326
2019-04-23,2018/19,2703.339,829.12,30.67,504.531,18.66,42.6,65.0,10.0,"{""10/10"":504.531,""3/10"":134.89,""9+/10"":189.698}","{""fast_ice"":504.531,""very_open_ice"":134.89,""rotten_ice"":189.698}",EPSG:4326
2019-04-24,2018/19,2703.339,874.046,32.33,504.531,18.66,41.7,65.0,10.0,"{""3/10"":187.908,""10/10"":504.531,""9+/10"":175.833,""8/10"":5.775}","{""very_open_ice"":187.908,""fast_ice"":504.531,""rotten_ice"":175.833,""close_ice"":5.775}",EPSG:4326
2019-04-25,2018/19,2703.339,829.303,30.68,500.204,18.5,42.3,65.0,10.0,"{""10/10"":500.204,""3/10"":147.492,""9+/10"":175.833,""8/10"":5.775}","{""fast_ice"":500.204,""very_open_ice"":147.492,""rotten_ice"":175.833,""close_ice"":5.775}",EPSG:4326
2019-04-26,2018/19,2703.339,877.518,32.46,345.911,12.8,41.9,65.0,10.0,"{""10/10"":345.911,""9+/10"":330.126,""3/10"":195.707,""8/10"":5.775}","{""fast_ice"":345.911,""rotten_ice"":330.126,""very_open_ice"":195.707,""close_ice"":5.775}",EPSG:4326
2019-04-27,2018/19,2703.339,807.237,29.86,345.911,12.8,42.4,65.0,10.0,"{""10/10"":349.233,""3/10"":141.032,""9+/10"":316.972}","{""fast_ice"":345.911,""very_open_ice"":141.032,""rotten_ice"":320.294}",EPSG:4326
2019-04-28,2018/19,2703.339,807.237,29.86,345.911,12.8,42.2,65.0,10.0,"{""10/10"":349.233,""3/10"":154.578,""9+/10"":303.426}","{""fast_ice"":345.911,""very_open_ice"":154.578,""rotten_ice"":306.748}",EPSG:4326
2019-04-29,2018/19,2703.339,660.218,24.42,345.911,12.8,44.9,65.0,20.0,"{""10/10"":349.233,""9+/10"":303.426,""3/10"":7.559}","{""fast_ice"":345.911,""rotten_ice"":306.748,""very_open_ice"":7.559}",EPSG:4326
2019-04-30,2018/19,2703.339,649.981,24.04,345.911,12.8,44.9,65.0,20.0,"{""9+/10"":296.512,""10/10"":345.911,""3/10"":7.559}","{""rotten_ice"":296.512,""fast_ice"":345.911,""very_open_ice"":7.559}",EPSG:4326
2019-05-01,2018/19,2703.339,618.893,22.89,0.0,0.0,45.0,65.0,35.0,"{""9+/10"":618.893}","{""rotten_ice"":618.893}",EPSG:4326
2019-05-02,2018/19,2703.339,608.775,22.52,0.0,0.0,45.0,65.0,35.0,"{""9+/10"":608.775}","{""rotten_ice"":608.775}",EPSG:4326
2019-05-03,2018/19,2703.339,573.27,21.21,0.0,0.0,44.7,65.0,10.0,"{""9+/10"":557.99,""3/10"":15.28}","{""rotten_ice"":557.99,""very_open_ice"":15.28}",EPSG:4326
2019-05-04,2018/19,2703.339,555.524,20.55,0.0,0.0,44.7,80.0,10.0,"{""9+/10"":534.827,""9/10"":7.781,""3/10"":12.916}","{""rotten_ice"":542.608,""very_open_ice"":12.916}",EPSG:4326
2019-05-05,2018/19,2703.339,570.796,21.11,0.0,0.0,44.2,80.0,10.0,"{""9+/10"":526.635,""8/10"":6.475,""3/10"":12.916,""9/10"":5.994,""2/10"":18.777}","{""rotten_ice"":539.104,""very_open_ice"":31.693}",EPSG:4326
2019-05-06,2018/19,2703.339,543.074,20.09,0.0,0.0,44.2,80.0,10.0,"{""9+/10"":488.933,""3/10"":13.92,""9/10"":5.994,""2/10"":20.539,""5/10"":4.933,""8/10"":4.136,""1/10"":4.621}","{""rotten_ice"":499.062,""very_open_ice"":39.08,""open_ice"":4.933}",EPSG:4326
2019-05-07,2018/19,2703.339,531.159,19.65,0.0,0.0,43.7,65.0,10.0,"{""9+/10"":461.408,""3/10"":12.041,""9/10"":5.994,""2/10"":42.959,""8/10"":4.136,""1/10"":4.621}","{""rotten_ice"":471.537,""very_open_ice"":59.621}",EPSG:4326
2019-05-08,2018/19,2703.339,527.649,19.52,0.0,0.0,43.6,65.0,10.0,"{""9+/10"":446.859,""3/10"":12.041,""9/10"":5.994,""8/10"":4.136,""1/10"":4.621,""2/10"":53.999}","{""rotten_ice"":456.988,""very_open_ice"":70.66}",EPSG:4326
2019-05-09,2018/19,2703.339,487.65,18.04,0.0,0.0,43.7,65.0,10.0,"{""3/10"":12.041,""9+/10"":103.554,""1/10"":4.621,""2/10"":45.923,""9/10"":321.512}","{""very_open_ice"":62.585,""rotten_ice"":425.066}",EPSG:4326
2019-05-10,2018/19,2703.339,424.455,15.7,0.0,0.0,45.0,65.0,35.0,"{""9/10"":323.916,""9+/10"":8.227,""3/10"":8.242,""1/10"":57.481,""2/10"":26.589}","{""rotten_ice"":332.143,""very_open_ice"":92.312}",EPSG:4326
2019-05-11,2018/19,2703.339,352.314,13.03,0.0,0.0,45.0,65.0,35.0,"{""1/10"":65.54,""9+/10"":180.576,""2/10"":31.42,""3/10"":14.275,""9/10"":32.959,""8/10"":27.544}","{""very_open_ice"":111.235,""rotten_ice"":241.079}",EPSG:4326
2019-05-12,2018/19,2703.339,334.082,12.36,0.0,0.0,45.0,65.0,35.0,"{""9/10"":104.615,""9+/10"":2.527,""2/10"":226.941}","{""rotten_ice"":7.009,""very_open_ice"":226.941,""very_close_ice"":100.132}",EPSG:4326
2019-05-13,2018/19,2703.339,1.28,0.05,0.0,0.0,45.0,65.0,35.0,"{""8/10"":1.28}","{""rotten_ice"":1.28}",EPSG:4326
2019-05-14,2018/19,2703.339,0.0,0.0,0.0,0.0,,,,{},{},EPSG:4326
2019-11-04,2019/20,2703.339,103.302,3.82,0.0,0.0,2.0,3.0,1.0,"{""9+/10"":103.302}","{""new_ice"":103.302}",EPSG:4326
2019-11-07,2019/20,2703.339,470.65,17.41,0.0,0.0,2.6,8.0,1.0,"{""9+/10"":415.405,""9/10"":55.244}","{""level_ice"":72.961,""new_ice"":397.689}",EPSG:4326
2019-11-11,2019/20,2703.339,752.466,27.83,0.0,0.0,2.9,10.0,1.0,"{""9+/10"":607.789,""9/10"":139.638,""10/10"":5.04}","{""level_ice"":143.114,""new_ice"":609.352}",EPSG:4326
2019-11-14,2019/20,2703.339,587.802,21.74,0.0,0.0,4.3,10.0,1.0,"{""9+/10"":381.411,""2/10"":185.728,""9/10"":20.663}","{""level_ice"":285.699,""very_open_ice"":185.728,""new_ice"":116.375}",EPSG:4326
2019-11-18,2019/20,2703.339,838.317,31.01,0.0,0.0,5.1,15.0,1.0,"{""9+/10"":367.964,""9/10"":220.988,""2/10"":249.365}","{""level_ice"":367.964,""new_ice"":220.988,""very_open_ice"":249.365}",EPSG:4326
2019-11-21,2019/20,2703.339,831.782,30.77,63.852,2.36,8.2,20.0,3.0,"{""9+/10"":499.484,""10/10"":63.852,""2/10"":268.446}","{""level_ice"":499.484,""fast_ice"":63.852,""very_open_ice"":268.446}",EPSG:4326
2019-11-25,2019/20,2703.339,564.804,20.89,63.852,2.36,8.2,20.0,5.0,"{""9+/10"":472.108,""4/10"":28.844,""10/10"":63.852}","{""level_ice"":472.108,""open_ice"":28.844,""fast_ice"":63.852}",EPSG:4326
2019-11-28,2019/20,2703.339,983.921,36.4,62.887,2.33,7.5,20.0,1.0,"{""9+/10"":586.888,""8/10"":0.766,""10/10"":62.887,""2/10"":114.349,""3/10"":219.032}","{""level_ice"":586.888,""new_ice"":0.766,""fast_ice"":62.887,""very_open_ice"":333.381}",EPSG:4326
2019-12-02,2019/20,2703.339,1384.602,51.22,311.529,11.52,7.0,25.0,1.0,"{""9+/10"":383.33,""10/10"":311.529,""7/10"":665.079,""8/10"":24.664}","{""level_ice"":383.33,""fast_ice"":311.529,""new_ice"":665.079,""close_ice"":24.664}",EPSG:4326
2019-12-05,2019/20,2703.339,787.038,29.11,308.621,11.42,9.6,25.0,1.0,"{""9+/10"":342.14,""6/10"":17.374,""10/10"":308.621,""3/10"":118.902}","{""level_ice"":342.14,""open_ice"":17.374,""fast_ice"":308.621,""very_open_ice"":118.902}",EPSG:4326
2019-12-09,2019/20,2703.339,934.72,34.58,308.621,11.42,9.7,25.0,1.0,"{""9+/10"":356.465,""10/10"":345.02,""5/10"":39.419,""6/10"":193.816}","{""level_ice"":340.111,""fast_ice"":308.621,""new_ice"":36.399,""open_ice"":233.234,""very_close_ice"":16.354}",EPSG:4326
2019-12-10,2019/20,2703.339,941.302,34.82,307.481,11.37,10.1,25.0,2.0,"{""9+/10"":341.872,""10/10"":307.481,""5/10"":291.948}","{""level_ice"":341.872,""fast_ice"":307.481,""open_ice"":291.948}",EPSG:4326
2019-12-11,2019/20,2703.339,966.35,35.75,307.481,11.37,10.0,25.0,2.0,"{""9/10"":9.776,""9+/10"":347.712,""10/10"":307.481,""4/10"":296.788,""8/10"":4.594}","{""very_close_ice"":9.776,""level_ice"":347.712,""fast_ice"":307.481,""open_ice"":296.788,""close_ice"":4.594}",EPSG:4326
2019-12-12,2019/20,2703.339,1055.97,39.06,303.759,11.24,9.4,25.0,2.0,"{""10/10"":303.759,""9+/10"":295.009,""2/10"":438.601,""9/10"":18.601}","{""fast_ice"":303.759,""level_ice"":295.009,""very_open_ice"":438.601,""very_close_ice"":18.601}",EPSG:4326
2019-12-13,2019/20,2703.339,1071.004,39.62,303.392,11.22,9.3,25.0,2.0,"{""10/10"":303.392,""9+/10"":285.145,""2/10"":445.49,""9/10"":36.977}","{""fast_ice"":303.392,""level_ice"":285.145,""very_open_ice"":445.49,""very_close_ice"":36.977}",EPSG:4326
2019-12-14,2019/20,2703.339,1038.585,38.42,313.853,11.61,9.4,25.0,2.0,"{""9+/10"":264.242,""10/10"":313.853,""2/10"":435.245,""9/10"":25.244}","{""level_ice"":264.242,""fast_ice"":313.853,""very_open_ice"":435.245,""very_close_ice"":25.244}",EPSG:4326
2019-12-15,2019/20,2703.339,972.998,35.99,311.78,11.53,9.6,25.0,2.0,"{""10/10"":311.78,""9+/10"":258.184,""9/10"":21.066,""1/10"":381.969}","{""fast_ice"":311.78,""level_ice"":258.184,""very_close_ice"":21.066,""very_open_ice"":381.969}",EPSG:4326
2019-12-16,2019/20,2703.339,591.03,21.86,311.78,11.53,12.6,25.0,5.0,"{""10/10"":311.78,""9+/10"":258.184,""9/10"":21.066}","{""fast_ice"":311.78,""level_ice"":258.184,""very_close_ice"":21.066}",EPSG:4326
2019-12-17,2019/20,2703.339,856.579,31.69,303.392,11.22,11.3,25.0,2.0,"{""10/10"":303.392,""9+/10"":270.811,""4/10"":193.927,""2/10"":88.449}","{""fast_ice"":303.392,""very_close_ice"":202.171,""level_ice"":68.64,""open_ice"":193.927,""very_open_ice"":88.449}",EPSG:4326
2019-12-18,2019/20,2703.339,1159.322,42.88,303.392,11.22,9.4,25.0,1.0,"{""10/10"":303.392,""9+/10"":319.828,""8/10"":536.103}","{""fast_ice"":303.392,""very_close_ice"":200.747,""level_ice"":119.081,""new_ice"":431.622,""close_ice"":104.48}",EPSG:4326
2019-12-19,2019/20,2703.339,2108.114,77.98,303.392,11.22,6.6,25.0,1.0,"{""10/10"":303.392,""9+/10"":305.951,""8/10"":1351.48,""9/10"":147.291}","{""fast_ice"":303.392,""very_close_ice"":348.038,""level_ice"":105.204,""new_ice"":1351.48}",EPSG:4326
2019-12-20,2019/20,2703.339,2199.695,81.37,317.545,11.75,6.5,25.0,1.0,"{""10/10"":518.291,""9+/10"":91.051,""9/10"":1590.352}","{""fast_ice"":317.545,""consolidated_ice"":200.747,""level_ice"":91.051,""very_close_ice"":147.291,""new_ice"":1443.061}",EPSG:4326
2019-12-21,2019/20,2703.339,1944.404,71.93,313.731,11.61,7.2,25.0,1.0,"{""8/10"":539.385,""10/10"":543.662,""9+/10"":241.124,""9/10"":564.02,""7/10"":56.213}","{""new_ice"":961.27,""fast_ice"":313.731,""consolidated_ice"":229.932,""level_ice"":250.801,""very_close_ice"":132.458,""close_ice"":56.213}",EPSG:4326
2019-12-22,2019/20,2703.339,1809.208,66.92,313.731,11.61,7.7,25.0,1.0,"{""10/10"":543.662,""9+/10"":237.33,""7/10"":84.811,""9/10"":568.331,""8/10"":375.074}","{""fast_ice"":313.731,""consolidated_ice"":229.932,""level_ice"":243.874,""very_close_ice"":132.458,""close_ice"":84.811,""new_ice"":804.403}",EPSG:4326
2019-12-23,2019/20,2703.339,1249.952,46.24,529.801,19.6,10.7,30.0,1.0,"{""10/10"":939.487,""9+/10"":155.009,""7/10"":37.956,""2/10"":2.181,""8/10"":115.319}","{""fast_ice"":529.801,""level_ice"":467.555,""new_ice"":153.275,""very_open_ice"":2.181,""very_close_ice"":97.14}",EPSG:4326
2019-12-24,2019/20,2703.339,1768.815,65.43,564.411,20.88,10.9,30.0,1.0,"{""10/10"":564.411,""9+/10"":306.885,""8/10"":741.397,""2/10"":18.421,""7/10"":137.702}","{""fast_ice"":564.411,""level_ice"":263.267,""very_close_ice"":43.617,""close_ice"":741.397,""very_open_ice"":18.421,""new_ice"":137.702}",EPSG:4326
2019-12-25,2019/20,2703.339,2115.467,78.25,564.411,20.88,9.5,30.0,1.0,"{""10/10"":564.411,""9+/10"":307.314,""8/10"":767.463,""7/10"":476.279}","{""fast_ice"":564.411,""level_ice"":263.697,""very_close_ice"":43.617,""close_ice"":767.463,""new_ice"":476.279}",EPSG:4326
2019-12-26,2019/20,2703.339,1973.216,72.99,564.411,20.88,9.6,30.0,1.0,"{""10/10"":564.411,""9+/10"":366.874,""2/10"":384.012,""7/10"":428.259,""6/10"":229.66}","{""fast_ice"":564.411,""level_ice"":323.257,""very_close_ice"":43.617,""very_open_ice"":384.012,""new_ice"":428.259,""open_ice"":229.66}",EPSG:4326
2019-12-27,2019/20,2703.339,1729.914,63.99,564.411,20.88,9.0,30.0,1.0,"{""10/10"":564.411,""9+/10"":362.115,""6/10"":68.953,""7/10"":586.113,""4/10"":148.322}","{""fast_ice"":564.411,""level_ice"":318.498,""very_close_ice"":43.617,""open_ice"":217.275,""new_ice"":586.113}",EPSG:4326
2019-12-28,2019/20,2703.339,1656.251,61.27,564.411,20.88,8.9,30.0,1.0,"{""10/10"":728.683,""9+/10"":43.617,""9/10"":270.683,""7/10"":613.268}","{""fast_ice"":564.411,""very_close_ice"":43.617,""level_ice"":434.956,""new_ice"":613.268}",EPSG:4326
2019-12-29,2019/20,2703.339,1249.464,46.22,564.411,20.88,10.6,30.0,2.0,"{""10/10"":746.139,""9+/10"":43.617,""9/10"":12.465,""2/10"":447.242}","{""fast_ice"":564.411,""very_close_ice"":43.617,""level_ice"":194.194,""very_open_ice"":447.242}",EPSG:4326
2019-12-30,2019/20,2703.339,1150.068,42.54,615.748,22.78,11.2,30.0,2.0,"{""10/10"":615.748,""2/10"":336.113,""9/10"":198.207}","{""fast_ice"":615.748,""very_open_ice"":336.113,""very_close_ice"":119.941,""level_ice"":78.267}",EPSG:4326
2019-12-31,2019/20,2703.339,1273.282,47.1,615.748,22.78,10.6,30.0,2.0,"{""10/10"":615.748,""2/10"":459.327,""9/10"":198.207}","{""fast_ice"":615.748,""very_open_ice"":459.327,""very_close_ice"":119.941,""level_ice"":78.267}",EPSG:4326
2020-01-01,2019/20,2703.339,2194.064,81.16,565.993,20.94,8.1,30.0,1.0,"{""10/10"":694.598,""8/10"":610.734,""2/10"":583.405,""4/10"":298.716,""9+/10"":6.611}","{""fast_ice"":565.993,""close_ice"":106.789,""very_open_ice"":583.405,""level_ice"":128.604,""new_ice"":503.945,""open_ice"":298.716,""very_close_ice"":6.611}",EPSG:4326
2020-01-02,2019/20,2703.339,2402.635,88.88,565.993,20.94,7.9,30.0,1.0,"{""10/10"":694.598,""2/10"":783.486,""4/10"":924.551}","{""fast_ice"":565.993,""very_open_ice"":783.486,""level_ice"":128.604,""open_ice"":924.551}",EPSG:4326
2020-01-03,2019/20,2703.339,1014.803,37.54,567.756,21.0,10.9,30.0,2.0,"{""10/10"":567.756,""9/10"":62.319,""2/10"":384.728}","{""fast_ice"":567.756,""very_close_ice"":62.319,""very_open_ice"":384.728}",EPSG:4326
2020-01-04,2019/20,2703.339,1163.854,43.05,562.06,20.79,9.4,30.0,1.0,"{""10/10"":562.06,""9/10"":39.36,""2/10"":339.991,""7/10"":222.444}","{""fast_ice"":562.06,""very_close_ice"":39.36,""very_open_ice"":339.991,""new_ice"":222.444}",EPSG:4326
2020-01-05,2019/20,2703.339,1713.32,63.38,551.639,20.41,15.0,30.0,5.0,"{""10/10"":551.639,""9/10"":6.607,""2/10"":1155.074}","{""fast_ice"":551.639,""very_close_ice"":6.607,""very_open_ice"":1155.074}",EPSG:4326
2020-01-06,2019/20,2703.339,1734.066,64.15,551.639,20.41,18.2,35.0,5.0,"{""10/10"":551.639,""9/10"":6.607,""2/10"":608.374,""9+/10"":27.489,""4/10"":352.445,""8/10"":187.511}","{""fast_ice"":551.639,""very_close_ice"":34.096,""very_open_ice"":608.374,""open_ice"":352.445,""close_ice"":187.511}",EPSG:4326
2020-01-07,2019/20,2703.339,1180.903,43.68,551.639,20.41,19.6,35.0,5.0,"{""10/10"":551.639,""9/10"":6.607,""2/10"":371.19,""9+/10"":27.489,""4/10"":223.977}","{""fast_ice"":551.639,""very_close_ice"":34.096,""very_open_ice"":371.19,""open_ice"":223.977}",EPSG:4326
2020-01-08,2019/20,2703.339,1045.656,38.68,561.1,20.76,18.0,35.0,5.0,"{""10/10"":561.1,""9/10"":6.607,""1/10"":477.949}","{""fast_ice"":561.1,""very_close_ice"":6.607,""very_open_ice"":477.949}",EPSG:4326
2020-01-09,2019/20,2703.339,1112.818,41.16,535.648,19.81,17.2,35.0,5.0,"{""10/10"":535.648,""9/10"":6.607,""2/10"":570.563}","{""fast_ice"":535.648,""very_close_ice"":6.607,""very_open_ice"":570.563}",EPSG:4326
2020-01-10,2019/20,2703.339,1556.12,57.56,531.203,19.65,15.1,35.0,5.0,"{""10/10"":531.203,""9/10"":10.877,""2/10"":1014.04}","{""fast_ice"":531.203,""very_close_ice"":10.877,""very_open_ice"":1014.04}",EPSG:4326
2020-01-11,2019/20,2703.339,1902.83,70.39,531.203,19.65,9.7,35.0,1.0,"{""10/10"":531.203,""9/10"":10.877,""1/10"":300.248,""7/10"":1060.503}","{""fast_ice"":531.203,""very_close_ice"":10.877,""very_open_ice"":300.248,""new_ice"":1060.503}",EPSG:4326
2020-01-12,2019/20,2703.339,1253.896,46.38,526.443,19.47,11.8,35.0,1.0,"{""10/10"":526.443,""9/10"":10.877,""1/10"":702.066,""9+/10"":14.51}","{""fast_ice"":526.443,""very_close_ice"":10.877,""very_open_ice"":702.066,""level_ice"":14.51}",EPSG:4326
2020-01-13,2019/20,2703.339,1576.125,58.3,526.443,19.47,9.8,35.0,1.0,"{""7/10"":534.894,""10/10"":526.443,""9/10"":10.877,""9+/10"":14.51,""1/10"":489.401}","{""new_ice"":534.894,""fast_ice"":526.443,""very_close_ice"":10.877,""level_ice"":14.51,""very_open_ice"":489.401}",EPSG:4326
2020-01-14,2019/20,2703.339,1575.107,58.27,526.443,19.47,11.5,35.0,1.0,"{""7/10"":477.599,""10/10"":526.443,""9/10"":10.877,""9+/10"":14.51,""1/10"":545.678}","{""new_ice"":477.599,""fast_ice"":526.443,""very_close_ice"":10.877,""level_ice"":14.51,""very_open_ice"":545.678}",EPSG:4326
2020-01-15,2019/20,2703.339,1446.756,53.52,530.572,19.63,12.4,35.0,2.0,"{""10/10"":530.572,""9/10"":10.877,""9+/10"":14.51,""2/10"":890.798}","{""fast_ice"":530.572,""very_close_ice"":10.877,""level_ice"":14.51,""very_open_ice"":890.798}",EPSG:4326
2020-01-16,2019/20,2703.339,1518.388,56.17,530.572,19.63,10.7,35.0,1.0,"{""10/10"":858.7,""9/10"":10.877,""9+/10"":14.51,""7/10"":634.301}","{""fast_ice"":530.572,""very_close_ice"":10.877,""level_ice"":14.51,""new_ice"":711.286,""close_ice"":251.144}",EPSG:4326
2020-01-17,2019/20,2703.339,1608.498,59.5,530.572,19.63,10.2,35.0,1.0,"{""10/10"":824.236,""9/10"":10.877,""9+/10"":14.51,""7/10"":731.342,""2/10"":27.533}","{""fast_ice"":530.572,""very_close_ice"":10.877,""level_ice"":14.51,""new_ice"":797.286,""close_ice"":227.721,""very_open_ice"":27.533}",EPSG:4326
2020-01-18,2019/20,2703.339,1776.073,65.7,534.237,19.76,10.2,35.0,1.0,"{""10/10"":534.237,""7/10"":764.468,""2/10"":115.017,""8/10"":358.652,""9/10"":3.698}","{""fast_ice"":534.237,""new_ice"":764.468,""very_open_ice"":115.017,""close_ice"":358.652,""level_ice"":3.698}",EPSG:4326
2020-01-19,2019/20,2703.339,2210.127,81.76,534.237,19.76,9.7,35.0,1.0,"{""10/10"":534.237,""7/10"":1199.558,""9/10"":100.59,""8/10"":375.741}","{""fast_ice"":534.237,""new_ice"":1199.558,""level_ice"":100.59,""close_ice"":375.741}",EPSG:4326
2020-01-20,2019/20,2703.339,2452.561,90.72,534.237,19.76,8.0,35.0,1.0,"{""10/10"":534.237,""9/10"":70.581,""2/10"":268.009,""8/10"":1579.733}","{""fast_ice"":534.237,""level_ice"":70.581,""very_open_ice"":268.009,""new_ice"":1544.834,""close_ice"":34.9}",EPSG:4326
2020-01-21,2019/20,2703.339,2147.41,79.44,538.062,19.9,8.9,35.0,2.0,"{""10/10"":538.062,""9/10"":133.081,""8/10"":49.498,""9+/10"":13.341,""5/10"":1413.427}","{""fast_ice"":538.062,""level_ice"":146.423,""close_ice"":49.498,""open_ice"":1413.427}",EPSG:4326
2020-01-22,2019/20,2703.339,2485.471,91.94,542.794,20.08,9.2,35.0,1.0,"{""10/10"":542.794,""9/10"":128.788,""9+/10"":13.341,""4/10"":1370.147,""5/10"":8.542,""1/10"":421.859}","{""fast_ice"":542.794,""level_ice"":142.129,""open_ice"":1378.69,""very_open_ice"":421.859}",EPSG:4326
2020-01-23,2019/20,2703.339,2247.933,83.15,542.794,20.08,8.4,35.0,1.0,"{""10/10"":542.794,""9+/10"":126.649,""9/10"":1115.052,""1/10"":124.053,""5/10"":339.385}","{""fast_ice"":542.794,""level_ice"":132.444,""very_open_ice"":124.053,""open_ice"":339.385,""new_ice"":1109.257}",EPSG:4326
2020-01-24,2019/20,2703.339,2277.733,84.26,541.686,20.04,8.2,35.0,1.0,"{""10/10"":541.686,""9+/10"":175.833,""9/10"":998.464,""2/10"":561.749}","{""fast_ice"":541.686,""level_ice"":185.545,""new_ice"":988.752,""very_open_ice"":561.749}",EPSG:4326
2020-01-25,2019/20,2703.339,2321.828,85.89,535.934,19.82,9.8,35.0,2.0,"{""10/10"":535.934,""9+/10"":111.342,""9/10"":9.712,""8/10"":989.427,""1/10"":675.413}","{""fast_ice"":535.934,""level_ice"":121.054,""close_ice"":989.427,""very_open_ice"":675.413}",EPSG:4326
2020-01-26,2019/20,2703.339,2096.385,77.55,535.934,19.82,9.6,35.0,1.0,"{""10/10"":535.934,""9+/10"":111.342,""9/10"":9.712,""8/10"":1439.397}","{""fast_ice"":535.934,""level_ice"":121.054,""close_ice"":951.526,""new_ice"":487.871}",EPSG:4326
2020-01-27,2019/20,2703.339,2159.533,79.88,654.793,24.22,11.6,35.0,1.0,"{""10/10"":654.793,""8/10"":842.824,""9/10"":661.916}","{""fast_ice"":654.793,""close_ice"":625.508,""level_ice"":661.916,""new_ice"":217.316}",EPSG:4326
2020-01-28,2019/20,2703.339,1972.201,72.95,654.793,24.22,11.5,35.0,1.0,"{""10/10"":654.793,""7/10"":530.725,""9/10"":505.488,""6/10"":0.975,""9+/10"":280.22}","{""fast_ice"":654.793,""new_ice"":530.725,""level_ice"":505.488,""open_ice"":0.975,""very_close_ice"":280.22}",EPSG:4326
2020-01-29,2019/20,2703.339,2181.268,80.69,654.793,24.22,11.3,35.0,1.0,"{""10/10"":654.793,""7/10"":617.515,""9/10"":552.627,""9+/10"":356.333}","{""fast_ice"":654.793,""new_ice"":617.515,""level_ice"":552.627,""very_close_ice"":356.333}",EPSG:4326
2020-01-30,2019/20,2703.339,1920.274,71.03,654.793,24.22,12.3,35.0,1.0,"{""10/10"":1129.555,""7/10"":462.813,""9+/10"":252.311,""9/10"":75.595}","{""fast_ice"":654.793,""new_ice"":462.813,""level_ice"":474.762,""very_close_ice"":327.905}",EPSG:4326
2020-01-31,2019/20,2703.339,1858.147,68.74,654.793,24.22,13.9,35.0,1.0,"{""10/10"":1352.609,""7/10"":390.671,""9+/10"":114.867}","{""fast_ice"":654.793,""consolidated_ice"":223.133,""new_ice"":390.671,""very_close_ice"":114.867,""level_ice"":474.683}",EPSG:4326
2020-02-01,2019/20,2703.339,1748.999,64.7,654.793,24.22,14.7,35.0,1.0,"{""10/10"":1352.024,""7/10"":272.843,""9+/10"":124.132}","{""fast_ice"":654.793,""consolidated_ice"":222.548,""new_ice"":272.843,""very_close_ice"":124.132,""level_ice"":474.683}",EPSG:4326
2020-02-02,2019/20,2703.339,1872.053,69.25,654.793,24.22,14.9,35.0,1.0,"{""10/10"":1352.024,""8/10"":382.293,""9+/10"":137.736}","{""fast_ice"":654.793,""level_ice"":491.237,""new_ice"":382.293,""very_close_ice"":137.736,""consolidated_ice"":205.994}",EPSG:4326
2020-02-03,2019/20,2703.339,2534.145,93.74,654.793,24.22,15.4,35.0,1.0,"{""10/10"":1194.86,""2/10"":81.241,""7/10"":441.074,""9+/10"":233.541,""1/10"":214.981,""8/10"":368.448}","{""fast_ice"":654.793,""level_ice"":470.325,""very_open_ice"":296.222,""new_ice"":441.074,""very_close_ice"":233.541,""consolidated_ice"":69.742,""close_ice"":368.448}",EPSG:4326
2020-02-04,2019/20,2703.339,2674.049,98.92,654.793,24.22,11.4,35.0,2.0,"{""10/10"":1216.076,""9/10"":1127.303,""8/10"":330.669}","{""fast_ice"":654.793,""level_ice"":501.423,""new_ice"":1127.303,""consolidated_ice"":59.86,""close_ice"":330.669}",EPSG:4326
2020-02-05,2019/20,2703.339,2674.049,98.92,654.793,24.22,11.6,35.0,1.0,"{""10/10"":1216.076,""9/10"":1257.612,""7/10"":200.361}","{""fast_ice"":654.793,""very_close_ice"":120.834,""level_ice"":1698.061,""new_ice"":200.361}",EPSG:4326
2020-02-06,2019/20,2703.339,2674.049,98.92,654.793,24.22,12.8,35.0,1.0,"{""7/10"":1395.379,""10/10"":1278.67}","{""new_ice"":115.005,""fast_ice"":654.793,""level_ice"":623.876,""close_ice"":1280.374}",EPSG:4326
2020-02-07,2019/20,2703.339,2674.049,98.92,654.793,24.22,12.6,35.0,1.0,"{""7/10"":1417.218,""10/10"":1256.831}","{""new_ice"":187.267,""fast_ice"":654.793,""level_ice"":602.037,""close_ice"":1229.951}",EPSG:4326
2020-02-08,2019/20,2703.339,2674.049,98.92,1150.006,42.54,14.7,35.0,1.0,"{""7/10"":1375.702,""10/10"":1255.445,""3/10"":42.902}","{""new_ice"":325.284,""fast_ice"":1150.006,""close_ice"":1050.418,""very_open_ice"":42.902,""level_ice"":105.439}",EPSG:4326
2020-02-09,2019/20,2703.339,2606.529,96.42,938.661,34.72,14.7,35.0,2.0,"{""10/10"":989.844,""9+/10"":218.68,""2/10"":691.698,""7/10"":493.301,""5/10"":17.044,""9/10"":93.078,""3/10"":102.884}","{""fast_ice"":938.661,""level_ice"":77.494,""very_close_ice"":285.447,""very_open_ice"":794.582,""close_ice"":493.301,""open_ice"":17.044}",EPSG:4326
2020-02-10,2019/20,2703.339,1433.163,53.01,886.695,32.8,19.1,35.0,2.0,"{""10/10"":917.746,""9+/10"":177.035,""2/10"":265.457,""9/10"":72.925}","{""fast_ice"":886.695,""level_ice"":31.052,""very_close_ice"":249.96,""very_open_ice"":265.457}",EPSG:4326
2020-02-11,2019/20,2703.339,1292.417,47.81,886.695,32.8,23.9,40.0,5.0,"{""9/10"":26.717,""10/10"":917.746,""9+/10"":306.459,""2/10"":40.846,""8/10"":0.649}","{""very_close_ice"":333.176,""fast_ice"":886.695,""level_ice"":31.052,""very_open_ice"":40.846,""close_ice"":0.649}",EPSG:4326
2020-02-12,2019/20,2703.339,1660.806,61.44,864.109,31.96,20.1,40.0,5.0,"{""10/10"":894.149,""9+/10"":250.479,""2/10"":355.231,""8/10"":160.947}","{""fast_ice"":864.109,""level_ice"":87.539,""very_close_ice"":192.979,""very_open_ice"":355.231,""close_ice"":160.947}",EPSG:4326
2020-02-13,2019/20,2703.339,1995.467,73.81,864.109,31.96,17.6,40.0,1.0,"{""10/10"":919.35,""9+/10"":269.164,""3/10"":7.426,""6/10"":471.735,""7/10"":250.446,""8/10"":77.345}","{""fast_ice"":864.109,""level_ice"":68.686,""very_close_ice"":230.518,""very_open_ice"":7.426,""open_ice"":471.735,""new_ice"":225.849,""close_ice"":127.144}",EPSG:4326
2020-02-14,2019/20,2703.339,2674.049,98.92,864.109,31.96,13.0,40.0,1.0,"{""10/10"":894.149,""9+/10"":251.897,""8/10"":1245.61,""9/10"":282.394}","{""fast_ice"":864.109,""level_ice"":351.08,""very_close_ice"":213.25,""close_ice"":361.852,""new_ice"":883.758}",EPSG:4326
2020-02-15,2019/20,2703.339,2660.063,98.4,902.755,33.39,14.0,40.0,3.0,"{""10/10"":2002.537,""9+/10"":110.011,""8/10"":547.514}","{""fast_ice"":902.755,""level_ice"":1099.782,""very_close_ice"":110.011,""close_ice"":547.514}",EPSG:4326
2020-02-16,2019/20,2703.339,2567.02,94.96,902.755,33.39,15.7,45.0,3.0,"{""10/10"":1372.299,""9+/10"":471.225,""4/10"":79.025,""8/10"":527.017,""5/10"":117.454}","{""fast_ice"":902.755,""level_ice"":469.544,""very_close_ice"":471.225,""open_ice"":196.479,""close_ice"":527.017}",EPSG:4326
2020-02-17,2019/20,2703.339,2257.99,83.53,925.636,34.24,18.9,45.0,1.0,"{""10/10"":958.959,""4/10"":30.04,""2/10"":13.874,""5/10"":103.024,""8/10"":515.327,""3/10"":636.765}","{""fast_ice"":925.636,""open_ice"":133.064,""consolidated_ice"":33.323,""very_open_ice"":650.64,""close_ice"":515.327}",EPSG:4326
2020-02-18,2019/20,2703.339,2018.969,74.68,899.882,33.29,19.3,45.0,1.0,"{""10/10"":899.882,""9+/10"":75.736,""2/10"":46.667,""8/10"":547.584,""3/10"":352.91,""6/10"":96.189}","{""fast_ice"":899.882,""very_close_ice"":75.736,""very_open_ice"":399.578,""close_ice"":440.631,""new_ice"":106.953,""open_ice"":96.189}",EPSG:4326
2020-02-19,2019/20,2703.339,2268.557,83.92,869.625,32.17,18.7,45.0,1.0,"{""10/10"":869.625,""9+/10"":243.699,""8/10"":610.202,""3/10"":27.238,""2/10"":186.41,""4/10"":331.383}","{""fast_ice"":869.625,""very_close_ice"":213.66,""close_ice"":610.202,""level_ice"":30.04,""very_open_ice"":213.648,""open_ice"":331.383}",EPSG:4326
2020-02-20,2019/20,2703.339,2674.049,98.92,869.625,32.17,15.8,50.0,1.0,"{""10/10"":869.625,""9/10"":987.657,""9+/10"":132.22,""7/10"":684.547}","{""fast_ice"":869.625,""very_close_ice"":1089.837,""level_ice"":30.04,""new_ice"":684.547}",EPSG:4326
2020-02-21,2019/20,2703.339,1886.298,69.78,899.665,33.28,19.5,50.0,1.0,"{""10/10"":899.665,""9/10"":30.32,""2/10"":364.07,""9+/10"":592.243}","{""fast_ice"":899.665,""very_close_ice"":622.563,""very_open_ice"":364.07}",EPSG:4326
2020-02-22,2019/20,2703.339,1257.356,46.51,910.522,33.68,25.8,45.0,5.0,"{""10/10"":910.522,""9+/10"":281.064,""2/10"":65.77}","{""fast_ice"":910.522,""very_close_ice"":281.064,""very_open_ice"":65.77}",EPSG:4326
2020-02-23,2019/20,2703.339,2489.443,92.09,916.117,33.89,16.1,45.0,1.0,"{""10/10"":916.117,""9+/10"":455.787,""2/10"":1117.54}","{""fast_ice"":916.117,""very_close_ice"":455.787,""very_open_ice"":1117.54}",EPSG:4326
2020-02-24,2019/20,2703.339,1332.915,49.31,911.77,33.73,23.9,45.0,2.0,"{""10/10"":911.77,""9+/10"":90.369,""8/10"":330.776}","{""fast_ice"":911.77,""very_close_ice"":90.369,""close_ice"":330.776}",EPSG:4326
2020-02-25,2019/20,2703.339,2674.049,98.92,867.691,32.1,12.0,45.0,1.0,"{""9+/10"":70.59,""10/10"":867.691,""9/10"":1664.574,""8/10"":64.181,""3/10"":7.014}","{""very_close_ice"":76.007,""fast_ice"":867.691,""new_ice"":1659.156,""close_ice"":64.181,""very_open_ice"":7.014}",EPSG:4326
2020-02-26,2019/20,2703.339,2674.049,98.92,867.691,32.1,13.5,50.0,1.0,"{""9+/10"":1786.969,""10/10"":867.691,""9/10"":5.417,""8/10"":13.972}","{""very_close_ice"":76.007,""fast_ice"":867.691,""new_ice"":1716.379,""close_ice"":13.972}",EPSG:4326
2020-02-27,2019/20,2703.339,2674.049,98.92,867.691,32.1,14.8,50.0,1.0,"{""10/10"":2585.06,""9+/10"":70.71,""9/10"":5.417,""8/10"":12.861}","{""fast_ice"":867.691,""very_close_ice"":76.007,""level_ice"":1717.37,""close_ice"":12.861,""new_ice"":0.12}",EPSG:4326
2020-02-28,2019/20,2703.339,2674.049,98.92,867.691,32.1,16.7,50.0,5.0,"{""9+/10"":70.59,""10/10"":2555.291,""9/10"":5.417,""8/10"":42.751}","{""very_close_ice"":76.007,""fast_ice"":867.691,""level_ice"":1687.601,""close_ice"":42.751}",EPSG:4326
2020-02-29,2019/20,2703.339,2674.049,98.92,867.691,32.1,18.7,50.0,5.0,"{""9/10"":1693.018,""9+/10"":113.341,""10/10"":867.691}","{""level_ice"":1687.601,""very_close_ice"":118.758,""fast_ice"":867.691}",EPSG:4326
2020-03-01,2019/20,2703.339,2674.049,98.92,867.691,32.1,18.7,50.0,5.0,"{""9/10"":1680.34,""9+/10"":126.018,""10/10"":867.691}","{""level_ice"":1674.923,""very_close_ice"":131.436,""fast_ice"":867.691}",EPSG:4326
2020-03-02,2019/20,2703.339,2674.049,98.92,867.691,32.1,18.0,50.0,1.0,"{""10/10"":1120.926,""9+/10"":1460.876,""9/10"":92.247}","{""fast_ice"":867.691,""level_ice"":1399.589,""very_close_ice"":153.534,""new_ice"":253.235}",EPSG:4326
2020-03-03,2019/20,2703.339,2674.049,98.92,867.691,32.1,19.2,50.0,1.0,"{""9+/10"":1449.555,""9/10"":351.386,""10/10"":873.108}","{""level_ice"":1215.055,""new_ice"":300.22,""fast_ice"":867.691,""very_close_ice"":285.667,""consolidated_ice"":5.417}",EPSG:4326
2020-03-04,2019/20,2703.339,2674.049,98.92,932.108,34.48,20.9,50.0,1.0,"{""10/10"":953.0,""9/10"":1630.53,""9+/10"":90.518}","{""fast_ice"":932.108,""level_ice"":1171.712,""consolidated_ice"":20.892,""very_close_ice"":335.661,""new_ice"":213.675}",EPSG:4326
2020-03-05,2019/20,2703.339,2674.049,98.92,932.108,34.48,24.4,50.0,5.0,"{""9/10"":558.346,""9+/10"":1162.703,""10/10"":953.0}","{""very_close_ice"":1721.048,""fast_ice"":932.108,""consolidated_ice"":20.892}",EPSG:4326
2020-03-06,2019/20,2703.339,2674.049,98.92,932.108,34.48,23.6,50.0,5.0,"{""10/10"":953.0,""9+/10"":177.883,""9/10"":1543.166}","{""fast_ice"":932.108,""consolidated_ice"":20.892,""very_close_ice"":1480.863,""level_ice"":240.186}",EPSG:4326
2020-03-07,2019/20,2703.339,2674.049,98.92,932.108,34.48,23.7,50.0,1.0,"{""10/10"":953.0,""9+/10"":1162.315,""9/10"":308.76,""8/10"":63.749,""7/10"":186.223}","{""fast_ice"":932.108,""consolidated_ice"":20.892,""very_close_ice"":1391.672,""new_ice"":249.973,""level_ice"":79.404}",EPSG:4326
2020-03-08,2019/20,2703.339,2674.049,98.92,932.108,34.48,23.8,50.0,1.0,"{""10/10"":953.0,""9+/10"":1333.108,""9/10"":155.24,""8/10"":63.749,""7/10"":168.951}","{""consolidated_ice"":20.892,""fast_ice"":932.108,""very_close_ice"":1408.944,""new_ice"":232.701,""level_ice"":79.404}",EPSG:4326
2020-03-09,2019/20,2703.339,2624.145,97.07,932.108,34.48,23.1,50.0,5.0,"{""10/10"":953.0,""9+/10"":516.831,""9/10"":342.153,""8/10"":812.161}","{""fast_ice"":932.108,""consolidated_ice"":20.892,""very_close_ice"":779.58,""level_ice"":79.404,""close_ice"":812.161}",EPSG:4326
2020-03-10,2019/20,2703.339,2378.911,88.0,932.108,34.48,25.4,50.0,5.0,"{""10/10"":953.0,""9+/10"":887.105,""9/10"":79.404,""8/10"":146.865,""4/10"":312.537}","{""fast_ice"":932.108,""consolidated_ice"":20.892,""very_close_ice"":887.105,""level_ice"":79.404,""close_ice"":146.865,""open_ice"":312.537}",EPSG:4326
2020-03-11,2019/20,2703.339,2075.08,76.76,932.108,34.48,32.5,60.0,5.0,"{""10/10"":953.0,""9+/10"":953.371,""9/10"":79.404,""8/10"":89.305}","{""fast_ice"":932.108,""consolidated_ice"":20.892,""very_close_ice"":953.371,""level_ice"":79.404,""close_ice"":89.305}",EPSG:4326
2020-03-12,2019/20,2703.339,2098.389,77.62,932.108,34.48,32.5,60.0,5.0,"{""10/10"":953.0,""9+/10"":1003.052,""9/10"":79.404,""4/10"":62.933}","{""fast_ice"":932.108,""consolidated_ice"":20.892,""very_close_ice"":1003.052,""level_ice"":79.404,""open_ice"":62.933}",EPSG:4326
2020-03-13,2019/20,2703.339,2553.205,94.45,971.78,35.95,31.6,60.0,5.0,"{""10/10"":1055.748,""9+/10"":1047.269,""2/10"":406.382,""8/10"":43.806}","{""fast_ice"":971.78,""very_close_ice"":1047.269,""level_ice"":83.968,""very_open_ice"":406.382,""close_ice"":43.806}",EPSG:4326
2020-03-14,2019/20,2703.339,2674.049,98.92,971.78,35.95,22.9,60.0,1.0,"{""10/10"":1055.748,""9+/10"":245.201,""8/10"":1270.154,""9/10"":102.947}","{""fast_ice"":971.78,""very_close_ice"":348.147,""level_ice"":83.968,""new_ice"":1135.717,""close_ice"":134.436}",EPSG:4326
2020-03-15,2019/20,2703.339,2674.049,98.92,971.78,35.95,24.4,60.0,1.0,"{""8/10"":1037.448,""10/10"":1049.599,""9+/10"":271.712,""2/10"":50.702,""9/10"":264.587}","{""new_ice"":1005.556,""fast_ice"":971.78,""very_close_ice"":503.058,""level_ice"":111.061,""very_open_ice"":50.702,""close_ice"":31.892}",EPSG:4326
2020-03-16,2019/20,2703.339,2674.049,98.92,925.546,34.24,29.1,60.0,3.0,"{""10/10"":939.798,""5/10"":366.872,""9/10"":349.496,""1/10"":554.097,""9+/10"":115.74,""3/10"":70.474,""7/10"":277.571}","{""fast_ice"":925.546,""open_ice"":366.872,""level_ice"":14.252,""very_close_ice"":465.237,""very_open_ice"":624.571,""close_ice"":277.571}",EPSG:4326
2020-03-17,2019/20,2703.339,2414.507,89.32,925.546,34.24,32.3,60.0,8.0,"{""10/10"":939.798,""1/10"":1055.557,""9+/10"":61.103,""9/10"":351.176,""7/10"":6.872}","{""fast_ice"":925.546,""level_ice"":14.252,""very_open_ice"":1055.557,""very_close_ice"":412.28,""close_ice"":6.872}",EPSG:4326
2020-03-18,2019/20,2703.339,1725.054,63.81,909.407,33.64,33.8,60.0,5.0,"{""10/10"":909.407,""8/10"":226.744,""9+/10"":89.513,""1/10"":499.391}","{""fast_ice"":909.407,""close_ice"":226.744,""very_close_ice"":89.513,""very_open_ice"":499.391}",EPSG:4326
2020-03-19,2019/20,2703.339,1737.96,64.29,882.034,32.63,31.2,60.0,1.0,"{""10/10"":882.034,""8/10"":210.668,""9+/10"":62.812,""1/10"":378.489,""4/10"":12.996,""7/10"":190.961}","{""fast_ice"":882.034,""close_ice"":210.668,""very_close_ice"":62.812,""very_open_ice"":378.489,""open_ice"":12.996,""new_ice"":190.961}",EPSG:4326
2020-03-20,2019/20,2703.339,2264.716,83.77,872.257,32.27,29.6,60.0,5.0,"{""10/10"":872.257,""9+/10"":181.481,""1/10"":941.018,""6/10"":99.842,""9/10"":31.805,""8/10"":138.313}","{""fast_ice"":872.257,""very_close_ice"":213.287,""very_open_ice"":941.018,""open_ice"":99.842,""close_ice"":138.313}",EPSG:4326
2020-03-21,2019/20,2703.339,2674.049,98.92,872.257,32.27,19.6,60.0,1.0,"{""7/10"":741.012,""9/10"":213.115,""10/10"":872.257,""9+/10"":140.431,""8/10"":707.234}","{""new_ice"":741.012,""level_ice"":213.115,""fast_ice"":872.257,""very_close_ice"":140.431,""close_ice"":707.234}",EPSG:4326
2020-03-22,2019/20,2703.339,2674.049,98.92,872.257,32.27,18.5,60.0,1.0,"{""10/10"":872.257,""7/10"":1249.978,""9+/10"":82.701,""8/10"":4.7,""9/10"":464.413}","{""fast_ice"":872.257,""new_ice"":1249.978,""very_close_ice"":82.701,""close_ice"":4.7,""level_ice"":464.413}",EPSG:4326
2020-03-23,2019/20,2703.339,1568.225,58.01,910.437,33.68,33.0,60.0,5.0,"{""10/10"":910.437,""8/10"":641.341,""9+/10"":16.447}","{""fast_ice"":910.437,""close_ice"":641.341,""very_close_ice"":16.447}",EPSG:4326
2020-03-24,2019/20,2703.339,1001.447,37.04,900.993,33.33,43.0,60.0,5.0,"{""10/10"":900.993,""9+/10"":29.308,""4/10"":71.146}","{""fast_ice"":900.993,""very_close_ice"":29.308,""open_ice"":71.146}",EPSG:4326
2020-03-25,2019/20,2703.339,1090.512,40.34,882.14,32.63,40.3,60.0,5.0,"{""10/10"":882.14,""9+/10"":29.716,""2/10"":178.656}","{""fast_ice"":882.14,""very_close_ice"":29.716,""very_open_ice"":178.656}",EPSG:4326
2020-03-26,2019/20,2703.339,1503.981,55.63,744.315,27.53,43.7,60.0,5.0,"{""10/10"":744.315,""9/10"":132.861,""9+/10"":63.788,""3/10"":9.036,""6/10"":87.901,""1/10"":466.08}","{""fast_ice"":744.315,""very_close_ice"":196.649,""very_open_ice"":475.116,""open_ice"":87.901}",EPSG:4326
2020-03-27,2019/20,2703.339,1713.153,63.37,747.385,27.65,43.0,60.0,5.0,"{""10/10"":747.385,""9+/10"":72.154,""9/10"":104.674,""3/10"":752.601,""8/10"":36.339}","{""fast_ice"":747.385,""very_close_ice"":176.828,""very_open_ice"":752.601,""close_ice"":36.339}",EPSG:4326
2020-03-28,2019/20,2703.339,1946.92,72.02,747.385,27.65,42.4,60.0,5.0,"{""10/10"":747.385,""2/10"":1044.414,""9+/10"":14.545,""9/10"":104.503,""8/10"":36.072}","{""fast_ice"":747.385,""very_open_ice"":1044.414,""very_close_ice"":119.048,""close_ice"":36.072}",EPSG:4326
2020-03-29,2019/20,2703.339,2418.322,89.46,722.554,26.73,42.0,60.0,20.0,"{""10/10"":722.554,""3/10"":1603.994,""8/10"":91.775}","{""fast_ice"":722.554,""very_open_ice"":1603.994,""close_ice"":91.775}",EPSG:4326
2020-03-30,2019/20,2703.339,2488.78,92.06,717.513,26.54,24.4,65.0,1.0,"{""10/10"":1890.497,""3/10"":547.855,""8/10"":32.365,""9+/10"":12.863,""4/10"":5.201}","{""fast_ice"":717.513,""very_open_ice"":547.855,""close_ice"":32.365,""very_close_ice"":12.863,""open_ice"":5.201,""new_ice"":1172.983}",EPSG:4326
2020-03-31,2019/20,2703.339,2567.102,94.96,717.513,26.54,21.8,65.0,1.0,"{""10/10"":717.513,""3/10"":596.142,""8/10"":21.869,""7/10"":1231.578}","{""fast_ice"":717.513,""very_open_ice"":596.142,""close_ice"":21.869,""new_ice"":1231.578}",EPSG:4326
2020-04-01,2019/20,2703.339,1886.578,69.79,646.986,23.93,36.0,65.0,20.0,"{""10/10"":646.986,""8/10"":17.068,""4/10"":1205.755,""9/10"":16.769}","{""fast_ice"":646.986,""close_ice"":17.068,""open_ice"":1205.755,""very_close_ice"":16.769}",EPSG:4326
2020-04-02,2019/20,2703.339,2674.049,98.92,642.457,23.77,17.8,65.0,1.0,"{""10/10"":642.457,""8/10"":1622.288,""9+/10"":9.471,""9/10"":86.651,""4/10"":313.182}","{""fast_ice"":642.457,""new_ice"":1622.288,""very_close_ice"":96.122,""open_ice"":313.182}",EPSG:4326
2020-04-03,2019/20,2703.339,2540.636,93.98,635.919,23.52,21.5,65.0,1.0,"{""10/10"":635.919,""9+/10"":11.518,""2/10"":366.195,""8/10"":66.001,""9/10"":479.424,""4/10"":364.243,""3/10"":617.337}","{""fast_ice"":635.919,""very_close_ice"":279.443,""very_open_ice"":983.532,""new_ice"":66.001,""open_ice"":364.243,""level_ice"":211.499}",EPSG:4326
2020-04-04,2019/20,2703.339,2674.049,98.92,635.213,23.5,22.0,65.0,1.0,"{""10/10"":635.213,""7/10"":175.585,""9/10"":1190.848,""9+/10"":87.302,""6/10"":585.101}","{""fast_ice"":635.213,""new_ice"":882.517,""level_ice"":273.287,""very_close_ice"":297.931,""open_ice"":585.101}",EPSG:4326
2020-04-05,2019/20,2703.339,2387.105,88.3,635.213,23.5,17.9,65.0,1.0,"{""10/10"":635.213,""9+/10"":80.768,""4/10"":121.6,""9/10"":755.829,""1/10"":788.671,""6/10"":5.024}","{""fast_ice"":635.213,""very_close_ice"":188.111,""level_ice"":226.119,""open_ice"":126.623,""new_ice"":422.366,""very_open_ice"":788.671}",EPSG:4326
2020-04-06,2019/20,2703.339,2648.479,97.97,635.213,23.5,15.4,65.0,1.0,"{""10/10"":635.213,""9+/10"":72.491,""7/10"":1622.869,""9/10"":232.993,""8/10"":54.944,""4/10"":29.969}","{""fast_ice"":635.213,""very_close_ice"":100.749,""level_ice"":204.735,""new_ice"":1622.869,""close_ice"":54.944,""open_ice"":29.969}",EPSG:4326
2020-04-07,2019/20,2703.339,2531.132,93.63,635.213,23.5,19.9,65.0,1.0,"{""10/10"":635.213,""9+/10"":73.045,""3/10"":1104.225,""9/10"":392.331,""4/10"":29.969,""7/10"":0.99,""6/10"":295.359}","{""fast_ice"":635.213,""very_close_ice"":259.693,""level_ice"":205.683,""very_open_ice"":1104.225,""open_ice"":325.328,""new_ice"":0.99}",EPSG:4326
2020-04-08,2019/20,2703.339,1589.228,58.79,631.952,23.38,26.5,65.0,3.0,"{""10/10"":631.952,""7/10"":18.516,""1/10"":146.553,""2/10"":338.712,""5/10"":331.075,""9/10"":62.537,""9+/10"":0.124,""6/10"":59.759}","{""fast_ice"":631.952,""close_ice"":18.516,""very_open_ice"":485.265,""open_ice"":390.834,""level_ice"":62.537,""very_close_ice"":0.124}",EPSG:4326
2020-04-09,2019/20,2703.339,1296.759,47.97,625.134,23.12,29.9,65.0,5.0,"{""10/10"":625.134,""7/10"":12.237,""3/10"":135.661,""9+/10"":4.269,""9/10"":4.426,""8/10"":2.753,""6/10"":61.714,""2/10"":450.566}","{""fast_ice"":625.134,""close_ice"":14.99,""very_open_ice"":586.227,""very_close_ice"":4.269,""level_ice"":4.426,""open_ice"":61.714}",EPSG:4326
2020-04-10,2019/20,2703.339,1793.961,66.36,625.134,23.12,23.3,65.0,5.0,"{""8/10"":45.295,""10/10"":625.134,""7/10"":12.237,""9+/10"":4.269,""9/10"":4.426,""2/10"":1102.6}","{""close_ice"":57.532,""fast_ice"":625.134,""very_close_ice"":4.269,""level_ice"":4.426,""very_open_ice"":1102.6}",EPSG:4326
2020-04-11,2019/20,2703.339,2397.674,88.69,617.214,22.83,19.8,65.0,5.0,"{""8/10"":2.753,""10/10"":617.214,""7/10"":12.237,""9/10"":4.426,""2/10"":1725.788,""4/10"":35.257}","{""close_ice"":14.99,""fast_ice"":617.214,""level_ice"":4.426,""very_open_ice"":1725.788,""open_ice"":35.257}",EPSG:4326
2020-04-12,2019/20,2703.339,907.282,33.56,601.515,22.25,35.3,65.0,5.0,"{""10/10"":601.515,""8/10"":5.6,""7/10"":8.24,""9/10"":3.016,""1/10"":288.91}","{""fast_ice"":601.515,""close_ice"":13.84,""level_ice"":3.016,""very_open_ice"":288.91}",EPSG:4326
2020-04-13,2019/20,2703.339,1091.608,40.38,562.166,20.8,46.7,65.0,5.0,"{""10/10"":562.166,""8/10"":4.889,""1/10"":256.165,""7/10"":66.583,""9/10"":3.016,""2/10"":198.79}","{""fast_ice"":562.166,""close_ice"":71.472,""very_open_ice"":454.954,""level_ice"":3.016}",EPSG:4326
2020-04-14,2019/20,2703.339,1360.572,50.33,563.731,20.85,35.4,65.0,5.0,"{""10/10"":563.731,""8/10"":14.846,""7/10"":3.158,""9/10"":80.945,""2/10"":697.892}","{""fast_ice"":563.731,""close_ice"":18.004,""level_ice"":3.016,""very_close_ice"":77.929,""very_open_ice"":697.892}",EPSG:4326
2020-04-15,2019/20,2703.339,1274.01,47.13,557.43,20.62,33.5,65.0,5.0,"{""10/10"":557.43,""8/10"":4.889,""7/10"":3.158,""9/10"":90.667,""2/10"":617.867}","{""fast_ice"":557.43,""close_ice"":8.047,""level_ice"":3.016,""very_close_ice"":87.65,""very_open_ice"":617.867}",EPSG:4326
2020-04-16,2019/20,2703.339,1298.883,48.05,547.891,20.27,38.5,65.0,5.0,"{""10/10"":547.891,""8/10"":4.889,""9/10"":145.637,""7/10"":3.158,""2/10"":597.308}","{""fast_ice"":547.891,""close_ice"":8.047,""level_ice"":3.016,""very_close_ice"":142.62,""very_open_ice"":597.308}",EPSG:4326
2020-04-17,2019/20,2703.339,1479.868,54.74,547.891,20.27,37.9,65.0,5.0,"{""10/10"":547.891,""8/10"":152.35,""1/10"":711.624,""7/10"":3.158,""9/10"":64.845}","{""fast_ice"":547.891,""close_ice"":155.508,""very_open_ice"":711.624,""very_close_ice"":64.845}",EPSG:4326
2020-04-18,2019/20,2703.339,591.311,21.87,549.128,20.31,46.9,65.0,5.0,"{""10/10"":549.128,""8/10"":32.924,""7/10"":3.158,""4/10"":6.101}","{""fast_ice"":549.128,""close_ice"":36.082,""open_ice"":6.101}",EPSG:4326
2020-04-19,2019/20,2703.339,594.567,21.99,548.223,20.28,46.9,65.0,5.0,"{""8/10"":7.827,""10/10"":548.223,""7/10"":3.158,""9/10"":35.359}","{""close_ice"":10.985,""fast_ice"":548.223,""very_close_ice"":35.359}",EPSG:4326
2020-04-20,2019/20,2703.339,574.78,21.26,547.051,20.24,47.1,65.0,5.0,"{""10/10"":547.051,""8/10"":7.827,""7/10"":3.158,""9/10"":16.744}","{""fast_ice"":547.051,""close_ice"":10.985,""very_close_ice"":16.744}",EPSG:4326
2020-04-21,2019/20,2703.339,556.885,20.6,545.9,20.19,47.3,65.0,5.0,"{""8/10"":7.827,""10/10"":545.9,""7/10"":3.158}","{""close_ice"":10.985,""fast_ice"":545.9}",EPSG:4326
2020-04-22,2019/20,2703.339,556.885,20.6,545.9,20.19,47.3,65.0,5.0,"{""8/10"":7.827,""10/10"":545.9,""7/10"":3.158}","{""close_ice"":10.985,""fast_ice"":545.9}",EPSG:4326
2020-04-23,2019/20,2703.339,556.518,20.59,545.9,20.19,47.4,65.0,5.0,"{""8/10"":7.46,""10/10"":545.9,""7/10"":3.158}","{""close_ice"":10.618,""fast_ice"":545.9}",EPSG:4326
2020-04-24,2019/20,2703.339,556.518,20.59,545.9,20.19,47.4,65.0,5.0,"{""8/10"":7.46,""10/10"":545.9,""7/10"":3.158}","{""close_ice"":10.618,""fast_ice"":545.9}",EPSG:4326
2020-04-25,2019/20,2703.339,549.672,20.33,529.537,19.59,47.4,65.0,5.0,"{""9/10"":11.568,""10/10"":529.537,""8/10"":4.707,""7/10"":3.158,""9+/10"":0.701}","{""rotten_ice"":12.269,""fast_ice"":529.537,""close_ice"":7.866}",EPSG:4326
2020-04-26,2019/20,2703.339,549.672,20.33,528.733,19.56,47.4,65.0,5.0,"{""7/10"":15.427,""10/10"":528.733,""5/10"":2.136,""8/10"":2.572,""9/10"":0.804}","{""rotten_ice"":15.645,""fast_ice"":528.733,""open_ice"":2.136,""close_ice"":3.158}",EPSG:4326
2020-04-27,2019/20,2703.339,547.552,20.25,369.026,13.65,47.4,65.0,5.0,"{""9/10"":112.526,""10/10"":398.784,""5/10"":2.136,""8/10"":2.572,""7/10"":3.859,""9+/10"":27.676}","{""rotten_ice"":173.233,""fast_ice"":369.026,""open_ice"":2.136,""close_ice"":3.158}",EPSG:4326
2020-04-28,2019/20,2703.339,547.552,20.25,369.026,13.65,47.4,65.0,5.0,"{""7/10"":3.859,""10/10"":398.784,""9/10"":112.526,""5/10"":2.136,""8/10"":2.572,""9+/10"":27.676}","{""rotten_ice"":173.233,""fast_ice"":369.026,""open_ice"":2.136,""close_ice"":3.158}",EPSG:4326
2020-04-29,2019/20,2703.339,531.443,19.66,359.612,13.3,47.6,65.0,15.0,"{""9/10"":111.068,""7/10"":0.701,""10/10"":388.528,""9+/10"":31.146}","{""rotten_ice"":171.831,""fast_ice"":359.612}",EPSG:4326
2020-04-30,2019/20,2703.339,531.443,19.66,359.612,13.3,47.6,65.0,15.0,"{""10/10"":388.528,""7/10"":0.701,""9/10"":111.068,""9+/10"":31.146}","{""fast_ice"":359.612,""rotten_ice"":171.831}",EPSG:4326
2020-05-01,2019/20,2703.339,531.443,19.66,359.612,13.3,47.6,65.0,15.0,"{""7/10"":0.701,""10/10"":388.528,""9/10"":111.068,""9+/10"":31.146}","{""rotten_ice"":171.831,""fast_ice"":359.612}",EPSG:4326
2020-05-02,2019/20,2703.339,527.08,19.5,356.232,13.18,47.7,65.0,15.0,"{""10/10"":385.148,""7/10"":0.701,""9/10"":111.068,""9+/10"":30.162}","{""fast_ice"":356.232,""rotten_ice"":170.618,""very_close_ice"":0.229}",EPSG:4326
2020-05-03,2019/20,2703.339,510.718,18.89,113.832,4.21,47.7,60.0,30.0,"{""10/10"":255.304,""9/10"":250.317,""9+/10"":5.098}","{""fast_ice"":113.832,""rotten_ice"":396.886}",EPSG:4326
2020-05-04,2019/20,2703.339,507.779,18.78,113.832,4.21,47.7,60.0,30.0,"{""10/10"":254.956,""9/10"":247.725,""9+/10"":5.098}","{""fast_ice"":113.832,""rotten_ice"":393.947}",EPSG:4326
2020-05-05,2019/20,2703.339,505.113,18.68,97.163,3.59,47.7,60.0,30.0,"{""8/10"":138.384,""10/10"":101.288,""9+/10"":158.766,""9/10"":106.675}","{""rotten_ice"":407.95,""fast_ice"":97.163}",EPSG:4326
2020-05-06,2019/20,2703.339,497.862,18.42,97.163,3.59,47.6,60.0,20.0,"{""3/10"":1.374,""8/10"":132.916,""9+/10"":160.962,""9/10"":99.663,""10/10"":97.163,""2/10"":5.784}","{""very_open_ice"":7.158,""rotten_ice"":393.541,""fast_ice"":97.163}",EPSG:4326
2020-05-07,2019/20,2703.339,555.673,20.56,97.163,3.59,45.0,60.0,5.0,"{""6/10"":10.99,""8/10"":119.633,""5/10"":4.039,""9+/10"":160.441,""9/10"":85.463,""10/10"":97.163,""2/10"":47.016,""3/10"":30.928}","{""open_ice"":15.029,""rotten_ice"":365.537,""fast_ice"":97.163,""very_open_ice"":77.944}",EPSG:4326
2020-05-08,2019/20,2703.339,491.838,18.19,0.0,0.0,47.7,60.0,20.0,"{""8/10"":97.29,""5/10"":34.797,""9+/10"":7.904,""9/10"":322.485,""3/10"":11.359,""1/10"":3.993,""2/10"":14.009}","{""rotten_ice"":423.588,""open_ice"":34.797,""very_open_ice"":29.362,""close_ice"":1.855,""very_close_ice"":2.237}",EPSG:4326
2020-05-09,2019/20,2703.339,525.393,19.43,0.0,0.0,47.9,60.0,10.0,"{""9+/10"":7.904,""8/10"":95.435,""2/10"":96.739,""9/10"":309.963,""3/10"":11.359,""1/10"":3.993}","{""rotten_ice"":413.302,""very_open_ice"":112.091}",EPSG:4326
2020-05-10,2019/20,2703.339,525.393,19.43,0.0,0.0,47.8,60.0,10.0,"{""9+/10"":2.999,""1/10"":3.993,""8/10"":90.572,""2/10"":105.816,""9/10"":300.957,""4/10"":4.905,""3/10"":16.15}","{""rotten_ice"":394.529,""very_open_ice"":125.959,""open_ice"":4.905}",EPSG:4326
2020-05-11,2019/20,2703.339,515.809,19.08,0.0,0.0,47.6,60.0,10.0,"{""2/10"":113.627,""9+/10"":2.999,""1/10"":3.993,""9/10"":356.373,""4/10"":4.905,""3/10"":23.412,""8/10"":10.499}","{""very_open_ice"":141.032,""rotten_ice"":369.872,""open_ice"":4.905}",EPSG:4326
2020-05-12,2019/20,2703.339,400.79,14.83,0.0,0.0,48.0,60.0,10.0,"{""2/10"":30.54,""9+/10"":2.999,""1/10"":3.993,""9/10"":345.675,""4/10"":3.304,""3/10"":3.78,""8/10"":10.499}","{""very_open_ice"":38.313,""rotten_ice"":359.173,""open_ice"":3.304}",EPSG:4326
2020-05-13,2019/20,2703.339,354.47,13.11,0.0,0.0,47.7,60.0,10.0,"{""2/10"":2.463,""9+/10"":2.999,""9/10"":331.424,""4/10"":3.304,""3/10"":3.78,""8/10"":10.499}","{""very_open_ice"":6.244,""rotten_ice"":344.923,""open_ice"":3.304}",EPSG:4326
2020-05-14,2019/20,2703.339,319.677,11.83,0.0,0.0,47.9,60.0,10.0,"{""9/10"":301.45,""9+/10"":2.999,""4/10"":3.304,""8/10"":8.144,""3/10"":3.78}","{""rotten_ice"":312.593,""open_ice"":3.304,""very_open_ice"":3.78}",EPSG:4326
2020-05-15,2019/20,2703.339,271.337,10.04,0.0,0.0,48.4,60.0,20.0,"{""9/10"":258.665,""8/10"":6.877,""2/10"":5.795}","{""rotten_ice"":265.542,""very_open_ice"":5.795}",EPSG:4326
2020-05-16,2019/20,2703.339,259.341,9.59,0.0,0.0,47.9,60.0,10.0,"{""9/10"":240.587,""8/10"":12.959,""2/10"":5.795}","{""rotten_ice"":247.464,""very_open_ice"":5.795,""close_ice"":6.082}",EPSG:4326
2020-05-17,2019/20,2703.339,239.464,8.86,0.0,0.0,46.9,60.0,5.0,"{""9/10"":207.569,""2/10"":18.725,""8/10"":12.138,""4/10"":1.032}","{""rotten_ice"":211.539,""very_open_ice"":18.725,""close_ice"":8.167,""open_ice"":1.032}",EPSG:4326
2020-05-18,2019/20,2703.339,207.878,7.69,0.0,0.0,46.4,60.0,20.0,"{""9/10"":174.683,""8/10"":3.97,""2/10"":29.224}","{""rotten_ice"":153.915,""very_open_ice"":29.224,""very_close_ice"":24.738}",EPSG:4326
2020-05-19,2019/20,2703.339,207.878,7.69,0.0,0.0,45.9,60.0,20.0,"{""9/10"":119.624,""4/10"":8.492,""8/10"":28.709,""2/10"":51.053}","{""rotten_ice"":123.594,""open_ice"":8.492,""very_open_ice"":51.053,""close_ice"":24.738}",EPSG:4326
2020-05-20,2019/20,2703.339,202.283,7.48,0.0,0.0,44.0,60.0,10.0,"{""4/10"":97.656,""9/10"":18.494,""2/10"":86.132}","{""open_ice"":97.656,""rotten_ice"":18.494,""very_open_ice"":86.132}",EPSG:4326
2020-05-21,2019/20,2703.339,158.243,5.85,0.0,0.0,31.1,60.0,10.0,"{""8/10"":17.986,""2/10"":140.257}","{""close_ice"":17.986,""very_open_ice"":140.257}",EPSG:4326
2020-05-22,2019/20,2703.339,64.147,2.37,0.0,0.0,32.8,60.0,10.0,"{""8/10"":2.28,""10/10"":15.706,""2/10"":46.161}","{""close_ice"":2.28,""rotten_ice"":15.706,""very_open_ice"":46.161}",EPSG:4326
2020-05-23,2019/20,2703.339,57.024,2.11,0.0,0.0,30.4,50.0,10.0,"{""5/10"":2.28,""7/10"":16.26,""2/10"":31.606,""4/10"":6.878}","{""open_ice"":9.158,""rotten_ice"":16.26,""very_open_ice"":31.606}",EPSG:4326
2020-05-24,2019/20,2703.339,11.418,0.42,0.0,0.0,20.0,40.0,10.0,"{""2/10"":11.418}","{""very_open_ice"":11.418}",EPSG:4326
2020-05-25,2019/20,2703.339,0.0,0.0,0.0,0.0,,,,{},{},EPSG:4326
2020-05-26,2019/20,2703.339,0.0,0.0,0.0,0.0,,,,{},{},EPSG:4326
2020-05-27,2019/20,2703.339,0.0,0.0,0.0,0.0,,,,{},{},EPSG:4326
2020-11-02,2020/21,2703.339,0.0,0.0,0.0,0.0,,,,{},{},EPSG:4326
2020-11-05,2020/21,2703.339,0.0,0.0,0.0,0.0,,,,{},{},EPSG:4326
2020-11-09,2020/21,2703.339,0.0,0.0,0.0,0.0,,,,{},{},EPSG:4326
2020-11-12,2020/21,2703.339,2.242,0.08,0.0,0.0,2.0,3.0,1.0,"{""7/10"":2.242}","{""new_ice"":2.242}",EPSG:4326
2020-11-16,2020/21,2703.339,0.0,0.0,0.0,0.0,,,,{},{},EPSG:4326
2020-11-19,2020/21,2703.339,0.0,0.0,0.0,0.0,,,,{},{},EPSG:4326
2020-11-23,2020/21,2703.339,3.564,0.13,0.0,0.0,2.0,3.0,1.0,"{""9+/10"":3.564}","{""new_ice"":3.564}",EPSG:4326
2020-11-26,2020/21,2703.339,32.911,1.22,0.0,0.0,2.0,3.0,1.0,"{""9/10"":32.911}","{""new_ice"":32.911}",EPSG:4326
2020-11-30,2020/21,2703.339,54.031,2.0,0.0,0.0,2.0,4.0,1.0,"{""9/10"":54.031}","{""new_ice"":54.031}",EPSG:4326
2020-12-03,2020/21,2703.339,90.334,3.34,0.0,0.0,2.0,4.0,1.0,"{""9/10"":90.334}","{""new_ice"":90.334}",EPSG:4326
2020-12-07,2020/21,2703.339,77.532,2.87,0.0,0.0,2.0,4.0,1.0,"{""9/10"":77.532}","{""new_ice"":77.532}",EPSG:4326
2020-12-10,2020/21,2703.339,73.692,2.73,0.0,0.0,3.0,5.0,1.0,"{""10/10"":73.692}","{""new_ice"":73.692}",EPSG:4326
2020-12-14,2020/21,2703.339,73.692,2.73,0.0,0.0,3.6,5.0,1.0,"{""10/10"":73.692}","{""new_ice"":73.692}",EPSG:4326
2020-12-17,2020/21,2703.339,78.418,2.9,0.0,0.0,3.9,8.0,1.0,"{""10/10"":78.418}","{""new_ice"":68.166,""level_ice"":10.252}",EPSG:4326
2020-12-21,2020/21,2703.339,105.86,3.92,0.0,0.0,5.4,10.0,1.0,"{""10/10"":105.86}","{""new_ice"":22.045,""level_ice"":83.815}",EPSG:4326
2020-12-22,2020/21,2703.339,105.86,3.92,0.0,0.0,5.4,10.0,1.0,"{""10/10"":105.86}","{""level_ice"":83.815,""new_ice"":22.045}",EPSG:4326
2020-12-23,2020/21,2703.339,97.069,3.59,0.0,0.0,6.0,10.0,5.0,"{""10/10"":97.069}","{""level_ice"":97.069}",EPSG:4326
2020-12-24,2020/21,2703.339,97.069,3.59,0.0,0.0,6.0,10.0,5.0,"{""10/10"":97.069}","{""level_ice"":97.069}",EPSG:4326
2020-12-25,2020/21,2703.339,95.085,3.52,0.0,0.0,6.0,10.0,5.0,"{""10/10"":95.085}","{""level_ice"":95.085}",EPSG:4326
2020-12-26,2020/21,2703.339,413.05,15.28,0.0,0.0,2.2,10.0,1.0,"{""7/10"":51.863,""8/10"":263.144,""10/10"":98.044}","{""new_ice"":315.006,""level_ice"":98.044}",EPSG:4326
2020-12-27,2020/21,2703.339,538.766,19.93,0.0,0.0,3.0,10.0,1.0,"{""10/10"":98.044,""8/10"":435.26,""7/10"":5.463}","{""level_ice"":98.044,""new_ice"":440.722}",EPSG:4326
2020-12-28,2020/21,2703.339,377.223,13.95,0.0,0.0,5.7,10.0,1.0,"{""10/10"":353.799,""7/10"":23.425}","{""level_ice"":353.799,""new_ice"":23.425}",EPSG:4326
2020-12-29,2020/21,2703.339,355.286,13.14,0.0,0.0,7.7,10.0,1.0,"{""10/10"":341.319,""7/10"":13.968}","{""level_ice"":341.319,""new_ice"":13.968}",EPSG:4326
2020-12-30,2020/21,2703.339,665.086,24.6,0.0,0.0,5.1,10.0,1.0,"{""10/10"":338.178,""9+/10"":10.214,""7/10"":316.694}","{""level_ice"":348.392,""new_ice"":316.694}",EPSG:4326
2020-12-31,2020/21,2703.339,665.086,24.6,0.0,0.0,5.1,10.0,1.0,"{""10/10"":338.178,""9+/10"":10.214,""7/10"":316.694}","{""level_ice"":348.392,""new_ice"":316.694}",EPSG:4326
2021-01-01,2020/21,2703.339,802.73,29.69,86.816,3.21,6.6,20.0,1.0,"{""9+/10"":10.214,""7/10"":408.894,""10/10"":383.623}","{""level_ice"":307.021,""new_ice"":314.666,""close_ice"":94.227,""fast_ice"":86.816}",EPSG:4326
2021-01-02,2020/21,2703.339,1337.345,49.47,86.04,3.18,4.9,20.0,1.0,"{""10/10"":366.345,""7/10"":971.0}","{""level_ice"":280.306,""fast_ice"":86.04,""new_ice"":971.0}",EPSG:4326
2021-01-03,2020/21,2703.339,1601.928,59.26,154.551,5.72,5.1,20.0,1.0,"{""10/10"":488.797,""7/10"":779.487,""9/10"":333.644}","{""level_ice"":667.89,""fast_ice"":154.551,""new_ice"":779.487}",EPSG:4326
2021-01-04,2020/21,2703.339,1797.73,66.5,366.345,13.55,4.9,20.0,1.0,"{""10/10"":488.797,""9/10"":333.644,""7/10"":975.289}","{""fast_ice"":366.345,""level_ice"":456.095,""new_ice"":975.289}",EPSG:4326
2021-01-05,2020/21,2703.339,1937.094,71.66,366.345,13.55,3.7,20.0,1.0,"{""8/10"":1047.784,""10/10"":468.683,""9/10"":420.627}","{""new_ice"":1047.784,""fast_ice"":366.345,""level_ice"":522.965}",EPSG:4326
2021-01-06,2020/21,2703.339,1814.732,67.13,366.345,13.55,3.9,20.0,1.0,"{""8/10"":864.111,""10/10"":468.683,""9/10"":458.336,""4/10"":23.602}","{""new_ice"":864.111,""fast_ice"":366.345,""level_ice"":560.674,""open_ice"":23.602}",EPSG:4326
2021-01-07,2020/21,2703.339,1634.033,60.44,366.345,13.55,6.2,20.0,1.0,"{""8/10"":78.364,""10/10"":366.345,""9+/10"":674.502,""9/10"":514.821}","{""new_ice"":577.67,""fast_ice"":366.345,""level_ice"":674.502,""very_close_ice"":15.516}",EPSG:4326
2021-01-08,2020/21,2703.339,1371.821,50.75,366.345,13.55,9.4,20.0,5.0,"{""10/10"":366.345,""9+/10"":726.156,""9/10"":279.32}","{""fast_ice"":366.345,""level_ice"":1005.476}",EPSG:4326
2021-01-09,2020/21,2703.339,1398.402,51.73,366.345,13.55,9.1,20.0,1.0,"{""10/10"":456.12,""9+/10"":743.248,""9/10"":199.034}","{""new_ice"":89.775,""fast_ice"":366.345,""level_ice"":942.282}",EPSG:4326
2021-01-10,2020/21,2703.339,1149.338,42.52,366.345,13.55,10.0,20.0,5.0,"{""10/10"":366.345,""9+/10"":782.992}","{""fast_ice"":366.345,""level_ice"":782.992}",EPSG:4326
2021-01-11,2020/21,2703.339,1135.503,42.0,366.345,13.55,11.2,20.0,5.0,"{""10/10"":366.345,""9+/10"":769.157}","{""fast_ice"":366.345,""level_ice"":769.157}",EPSG:4326
2021-01-12,2020/21,2703.339,1091.787,40.39,366.345,13.55,11.2,20.0,1.0,"{""10/10"":366.345,""9+/10"":724.251,""7/10"":1.19}","{""fast_ice"":366.345,""level_ice"":673.696,""very_close_ice"":50.555,""new_ice"":1.19}",EPSG:4326
2021-01-13,2020/21,2703.339,1257.12,46.5,366.345,13.55,11.2,25.0,1.0,"{""10/10"":366.345,""9+/10"":783.957,""7/10"":106.817}","{""fast_ice"":366.345,""level_ice"":658.152,""very_close_ice"":125.806,""new_ice"":106.817}",EPSG:4326
2021-01-14,2020/21,2703.339,1927.422,71.3,366.345,13.55,10.8,25.0,2.0,"{""10/10"":366.345,""9+/10"":1561.076}","{""fast_ice"":366.345,""level_ice"":1076.036,""very_close_ice"":485.04}",EPSG:4326
2021-01-15,2020/21,2703.339,2610.892,96.58,366.345,13.55,10.2,25.0,1.0,"{""9+/10"":1211.63,""10/10"":366.345,""7/10"":327.607,""8/10"":180.06,""9/10"":525.249}","{""level_ice"":1130.794,""fast_ice"":366.345,""new_ice"":507.667,""very_close_ice"":606.085}",EPSG:4326
2021-01-16,2020/21,2703.339,2368.2,87.6,366.345,13.55,10.4,25.0,2.0,"{""9/10"":110.112,""10/10"":366.345,""9+/10"":949.332,""7/10"":942.41}","{""level_ice"":845.285,""fast_ice"":366.345,""new_ice"":472.028,""very_close_ice"":214.16,""close_ice"":470.382}",EPSG:4326
2021-01-17,2020/21,2703.339,2264.264,83.76,366.345,13.55,9.7,30.0,1.0,"{""10/10"":366.345,""9+/10"":960.406,""8/10"":778.005,""7/10"":159.508}","{""fast_ice"":366.345,""level_ice"":845.254,""new_ice"":778.005,""very_close_ice"":115.152,""close_ice"":159.508}",EPSG:4326
2021-01-18,2020/21,2703.339,2489.567,92.09,366.345,13.55,8.9,30.0,1.0,"{""10/10"":366.345,""9+/10"":955.368,""8/10"":1091.584,""7/10"":76.27}","{""fast_ice"":366.345,""level_ice"":845.254,""new_ice"":1091.584,""very_close_ice"":110.114,""close_ice"":76.27}",EPSG:4326
2021-01-19,2020/21,2703.339,2674.049,98.92,927.174,34.3,14.3,40.0,2.0,"{""10/10"":1932.763,""8/10"":379.991,""9+/10"":361.294}","{""fast_ice"":927.174,""new_ice"":379.991,""very_close_ice"":92.377,""level_ice"":1274.507}",EPSG:4326
2021-01-20,2020/21,2703.339,2332.503,86.28,950.647,35.17,15.7,40.0,2.0,"{""10/10"":1681.373,""9+/10"":378.064,""8/10"":222.538,""2/10"":50.528}","{""fast_ice"":950.647,""level_ice"":999.643,""very_close_ice"":109.147,""new_ice"":222.538,""very_open_ice"":50.528}",EPSG:4326
2021-01-21,2020/21,2703.339,1623.557,60.06,950.647,35.17,18.3,40.0,2.0,"{""10/10"":950.647,""9+/10"":355.789,""8/10"":97.79,""9/10"":219.331}","{""fast_ice"":950.647,""level_ice"":453.776,""very_close_ice"":121.344,""new_ice"":97.79}",EPSG:4326
2021-01-22,2020/21,2703.339,1568.262,58.01,956.116,35.37,18.8,40.0,1.0,"{""10/10"":1021.557,""9+/10"":227.558,""7/10"":174.078,""9/10"":145.069}","{""fast_ice"":956.116,""level_ice"":170.699,""consolidated_ice"":65.44,""new_ice"":174.078,""very_close_ice"":201.929}",EPSG:4326
2021-01-23,2020/21,2703.339,1800.83,66.62,957.599,35.42,17.3,40.0,1.0,"{""10/10"":1023.039,""9+/10"":359.723,""7/10"":274.503,""9/10"":143.565}","{""fast_ice"":957.599,""level_ice"":170.699,""consolidated_ice"":65.44,""new_ice"":274.503,""very_close_ice"":332.59}",EPSG:4326
2021-01-24,2020/21,2703.339,2550.054,94.33,953.615,35.28,14.3,40.0,1.0,"{""10/10"":1084.312,""8/10"":613.384,""9+/10"":134.888,""9/10"":586.068,""7/10"":131.402}","{""fast_ice"":953.615,""close_ice"":613.384,""level_ice"":134.888,""consolidated_ice"":130.697,""new_ice"":717.47}",EPSG:4326
2021-01-25,2020/21,2703.339,2674.049,98.92,953.615,35.28,14.9,45.0,1.0,"{""10/10"":1051.539,""9+/10"":440.374,""8/10"":708.884,""9/10"":473.253}","{""fast_ice"":953.615,""level_ice"":134.888,""consolidated_ice"":97.923,""close_ice"":708.884,""new_ice"":473.253,""very_close_ice"":305.486}",EPSG:4326
2021-01-26,2020/21,2703.339,2674.049,98.92,953.615,35.28,14.9,45.0,1.0,"{""10/10"":1657.706,""9+/10"":371.562,""8/10"":336.363,""9/10"":308.418}","{""fast_ice"":953.615,""level_ice"":762.692,""consolidated_ice"":76.287,""close_ice"":336.363,""very_close_ice"":236.674,""new_ice"":308.418}",EPSG:4326
2021-01-27,2020/21,2703.339,2674.049,98.92,953.615,35.28,14.8,45.0,1.0,"{""10/10"":1826.41,""9+/10"":291.665,""8/10"":298.803,""9/10"":257.171}","{""fast_ice"":953.615,""level_ice"":931.396,""consolidated_ice"":76.287,""close_ice"":298.803,""very_close_ice"":156.777,""new_ice"":257.171}",EPSG:4326
2021-01-28,2020/21,2703.339,2544.649,94.13,953.615,35.28,14.7,45.0,1.0,"{""10/10"":1407.081,""9+/10"":134.888,""8/10"":713.473,""2/10"":75.12,""9/10"":214.088}","{""fast_ice"":953.615,""level_ice"":134.888,""consolidated_ice"":76.287,""close_ice"":713.473,""very_open_ice"":75.12,""new_ice"":466.149,""very_close_ice"":125.118}",EPSG:4326
2021-01-29,2020/21,2703.339,2594.399,95.97,953.615,35.28,14.7,45.0,1.0,"{""10/10"":1660.839,""8/10"":838.342,""9/10"":26.764,""9+/10"":68.453}","{""fast_ice"":953.615,""consolidated_ice"":233.708,""close_ice"":838.342,""new_ice"":26.764,""level_ice"":541.969}",EPSG:4326
2021-01-30,2020/21,2703.339,2674.049,98.92,953.615,35.28,14.7,45.0,1.0,"{""10/10"":1187.323,""8/10"":1348.5,""9+/10"":138.226}","{""fast_ice"":953.615,""consolidated_ice"":233.708,""new_ice"":252.496,""level_ice"":68.453,""close_ice"":1096.004,""very_close_ice"":69.772}",EPSG:4326
2021-01-31,2020/21,2703.339,2674.049,98.92,953.615,35.28,16.7,45.0,1.0,"{""10/10"":1187.323,""8/10"":1062.171,""9+/10"":354.745,""1/10"":69.809}","{""fast_ice"":953.615,""consolidated_ice"":233.708,""new_ice"":252.496,""level_ice"":68.453,""close_ice"":1026.195,""very_close_ice"":69.772,""very_open_ice"":69.809}",EPSG:4326
2021-02-01,2020/21,2703.339,2674.049,98.92,953.615,35.28,16.8,45.0,2.0,"{""10/10"":1187.323,""9/10"":352.787,""9+/10"":138.226,""8/10"":925.904,""1/10"":69.809}","{""fast_ice"":953.615,""consolidated_ice"":233.708,""new_ice"":35.976,""level_ice"":385.264,""close_ice"":925.904,""very_close_ice"":69.772,""very_open_ice"":69.809}",EPSG:4326
2021-02-02,2020/21,2703.339,2674.049,98.92,953.615,35.28,15.9,45.0,5.0,"{""10/10"":1187.323,""9+/10"":1335.002,""8/10"":151.724}","{""fast_ice"":953.615,""consolidated_ice"":233.708,""level_ice"":1265.23,""very_close_ice"":69.772,""close_ice"":151.724}",EPSG:4326
2021-02-03,2020/21,2703.339,2674.049,98.92,953.615,35.28,16.1,45.0,5.0,"{""10/10"":1187.323,""9+/10"":1335.002,""9/10"":151.724}","{""fast_ice"":953.615,""consolidated_ice"":233.708,""level_ice"":1265.23,""very_close_ice"":221.496}",EPSG:4326
2021-02-04,2020/21,2703.339,2674.049,98.92,953.615,35.28,18.9,50.0,5.0,"{""10/10"":1187.323,""9+/10"":69.772,""9/10"":1416.953}","{""fast_ice"":953.615,""consolidated_ice"":233.708,""very_close_ice"":409.159,""level_ice"":1077.567}",EPSG:4326
2021-02-05,2020/21,2703.339,2674.049,98.92,953.615,35.28,18.4,50.0,5.0,"{""10/10"":1187.323,""9+/10"":69.772,""9/10"":1214.044,""2/10"":202.909}","{""fast_ice"":953.615,""consolidated_ice"":233.708,""very_close_ice"":296.522,""level_ice"":987.294,""very_open_ice"":202.909}",EPSG:4326
2021-02-06,2020/21,2703.339,2674.049,98.92,953.615,35.28,18.6,45.0,2.0,"{""10/10"":1187.323,""9+/10"":69.772,""2/10"":383.56,""8/10"":1033.393}","{""fast_ice"":953.615,""very_close_ice"":69.772,""consolidated_ice"":233.708,""very_open_ice"":383.56,""close_ice"":1033.393}",EPSG:4326
2021-02-07,2020/21,2703.339,2674.049,98.92,953.615,35.28,18.2,45.0,2.0,"{""10/10"":1187.323,""9+/10"":69.772,""8/10"":1377.666,""4/10"":39.287}","{""fast_ice"":953.615,""very_close_ice"":69.772,""consolidated_ice"":233.708,""close_ice"":1377.666,""open_ice"":39.287}",EPSG:4326
2021-02-08,2020/21,2703.339,2674.049,98.92,953.615,35.28,20.8,45.0,5.0,"{""10/10"":1187.323,""9+/10"":69.772,""8/10"":1350.218,""5/10"":66.735}","{""fast_ice"":953.615,""very_close_ice"":69.772,""consolidated_ice"":233.708,""close_ice"":1350.218,""open_ice"":66.735}",EPSG:4326
2021-02-09,2020/21,2703.339,2674.049,98.92,953.615,35.28,20.8,45.0,5.0,"{""10/10"":1187.323,""9+/10"":69.772,""9/10"":1416.953}","{""fast_ice"":953.615,""very_close_ice"":1486.726,""consolidated_ice"":233.708}",EPSG:4326
2021-02-10,2020/21,2703.339,2674.049,98.92,953.615,35.28,21.0,45.0,1.0,"{""10/10"":1214.774,""9+/10"":69.772,""9/10"":1389.503}","{""fast_ice"":953.615,""very_close_ice"":1453.571,""consolidated_ice"":233.708,""new_ice"":33.155}",EPSG:4326
2021-02-11,2020/21,2703.339,2674.049,98.92,977.258,36.15,20.9,45.0,1.0,"{""9+/10"":327.339,""10/10"":1216.327,""9/10"":1130.383}","{""very_close_ice"":1076.233,""consolidated_ice"":239.069,""level_ice"":257.567,""fast_ice"":977.258,""new_ice"":123.922}",EPSG:4326
2021-02-12,2020/21,2703.339,2674.049,98.92,977.258,36.15,20.8,45.0,1.0,"{""9+/10"":634.59,""10/10"":1216.327,""9/10"":823.132}","{""very_close_ice"":676.975,""consolidated_ice"":239.069,""level_ice"":564.818,""fast_ice"":977.258,""new_ice"":215.929}",EPSG:4326
2021-02-13,2020/21,2703.339,2674.049,98.92,977.258,36.15,22.4,45.0,2.0,"{""9+/10"":803.653,""10/10"":1216.327,""9/10"":654.068}","{""very_close_ice"":803.653,""consolidated_ice"":239.069,""fast_ice"":977.258,""new_ice"":654.068}",EPSG:4326
2021-02-14,2020/21,2703.339,2674.049,98.92,977.258,36.15,22.4,45.0,2.0,"{""9+/10"":803.653,""10/10"":1216.327,""9/10"":654.068}","{""very_close_ice"":803.653,""consolidated_ice"":239.069,""fast_ice"":977.258,""new_ice"":654.068}",EPSG:4326
2021-02-15,2020/21,2703.339,2674.049,98.92,977.258,36.15,20.0,45.0,2.0,"{""10/10"":1538.406,""9+/10"":1069.3,""9/10"":66.343}","{""new_ice"":322.079,""consolidated_ice"":239.069,""fast_ice"":977.258,""level_ice"":1069.3,""very_close_ice"":66.343}",EPSG:4326
2021-02-16,2020/21,2703.339,2674.049,98.92,977.258,36.15,21.2,45.0,1.0,"{""10/10"":1381.968,""9+/10"":1225.738,""9/10"":66.343}","{""consolidated_ice"":239.069,""fast_ice"":977.258,""level_ice"":1225.738,""very_close_ice"":66.343,""new_ice"":165.64}",EPSG:4326
2021-02-17,2020/21,2703.339,2674.049,98.92,977.258,36.15,21.4,45.0,1.0,"{""10/10"":1292.392,""9+/10"":1315.314,""9/10"":66.343}","{""consolidated_ice"":239.069,""fast_ice"":977.258,""level_ice"":1315.314,""very_close_ice"":66.343,""new_ice"":76.065}",EPSG:4326
2021-02-18,2020/21,2703.339,2674.049,98.92,977.258,36.15,22.0,45.0,5.0,"{""10/10"":1292.392,""9+/10"":1315.314,""9/10"":66.343}","{""consolidated_ice"":239.069,""fast_ice"":977.258,""level_ice"":1391.379,""very_close_ice"":66.343}",EPSG:4326
2021-02-19,2020/21,2703.339,2674.049,98.92,977.258,36.15,23.9,45.0,5.0,"{""10/10"":1216.327,""9/10"":66.343,""9+/10"":1391.379}","{""consolidated_ice"":239.069,""fast_ice"":977.258,""very_close_ice"":1073.6,""level_ice"":384.122}",EPSG:4326
2021-02-20,2020/21,2703.339,2674.049,98.92,977.258,36.15,23.9,45.0,5.0,"{""10/10"":1216.327,""9/10"":66.343,""9+/10"":1391.379}","{""consolidated_ice"":239.069,""fast_ice"":977.258,""very_close_ice"":1073.6,""level_ice"":384.122}",EPSG:4326
2021-02-21,2020/21,2703.339,2674.049,98.92,977.258,36.15,28.5,45.0,5.0,"{""10/10"":1216.327,""9/10"":66.343,""9+/10"":1391.379}","{""consolidated_ice"":239.069,""fast_ice"":977.258,""very_close_ice"":1208.169,""level_ice"":249.552}",EPSG:4326
2021-02-22,2020/21,2703.339,2674.049,98.92,977.258,36.15,28.6,45.0,5.0,"{""10/10"":1216.327,""9+/10"":1457.722}","{""consolidated_ice"":239.069,""fast_ice"":977.258,""very_close_ice"":1208.169,""level_ice"":249.552}",EPSG:4326
2021-02-23,2020/21,2703.339,2674.049,98.92,977.258,36.15,28.6,55.0,5.0,"{""10/10"":1216.327,""9+/10"":1457.722}","{""consolidated_ice"":239.069,""fast_ice"":977.258,""very_close_ice"":1208.169,""level_ice"":249.552}",EPSG:4326
2021-02-24,2020/21,2703.339,2674.049,98.92,977.258,36.15,28.6,55.0,5.0,"{""10/10"":1216.327,""9+/10"":1457.722}","{""consolidated_ice"":239.069,""fast_ice"":977.258,""level_ice"":249.552,""very_close_ice"":1208.169}",EPSG:4326
2021-02-25,2020/21,2703.339,2674.049,98.92,977.258,36.15,32.8,55.0,5.0,"{""10/10"":1216.327,""9+/10"":1457.722}","{""consolidated_ice"":239.069,""fast_ice"":977.258,""level_ice"":249.552,""very_close_ice"":1208.169}",EPSG:4326
2021-02-26,2020/21,2703.339,2674.049,98.92,977.258,36.15,33.5,55.0,5.0,"{""10/10"":1216.327,""9+/10"":1457.722}","{""consolidated_ice"":239.069,""fast_ice"":977.258,""very_close_ice"":1298.203,""level_ice"":159.519}",EPSG:4326
2021-02-27,2020/21,2703.339,2674.049,98.92,977.258,36.15,32.8,55.0,5.0,"{""10/10"":1215.138,""9+/10"":1204.37,""2/10"":131.108,""1/10"":123.434}","{""consolidated_ice"":237.879,""fast_ice"":977.258,""very_close_ice"":1044.851,""level_ice"":159.519,""very_open_ice"":254.541}",EPSG:4326
2021-02-28,2020/21,2703.339,2674.049,98.92,977.258,36.15,34.6,55.0,10.0,"{""10/10"":1681.065,""9+/10"":458.584,""1/10"":534.4}","{""consolidated_ice"":703.806,""fast_ice"":977.258,""very_close_ice"":458.584,""very_open_ice"":534.4}",EPSG:4326
2021-03-01,2020/21,2703.339,2674.049,98.92,977.258,36.15,32.4,55.0,5.0,"{""10/10"":1681.065,""9+/10"":401.014,""2/10"":591.97}","{""consolidated_ice"":703.806,""fast_ice"":977.258,""very_close_ice"":303.554,""very_open_ice"":591.97,""level_ice"":97.46}",EPSG:4326
2021-03-02,2020/21,2703.339,1711.585,63.31,977.258,36.15,35.9,55.0,20.0,"{""10/10"":1697.16,""9+/10"":14.425}","{""consolidated_ice"":719.902,""fast_ice"":977.258,""very_close_ice"":14.425}",EPSG:4326
2021-03-03,2020/21,2703.339,1690.0,62.52,977.258,36.15,36.0,55.0,20.0,"{""4/10"":39.859,""10/10"":1636.526,""9+/10"":13.615}","{""open_ice"":39.859,""consolidated_ice"":659.267,""fast_ice"":977.258,""very_close_ice"":13.615}",EPSG:4326
2021-03-04,2020/21,2703.339,1643.486,60.79,977.258,36.15,36.1,55.0,20.0,"{""10/10"":1636.526,""9+/10"":6.96}","{""consolidated_ice"":659.267,""fast_ice"":977.258,""very_close_ice"":6.96}",EPSG:4326
2021-03-05,2020/21,2703.339,2674.049,98.92,977.258,36.15,25.7,60.0,1.0,"{""10/10"":1720.289,""7/10"":948.111,""9+/10"":5.649}","{""consolidated_ice"":743.03,""fast_ice"":977.258,""new_ice"":948.111,""very_close_ice"":5.649}",EPSG:4326
2021-03-06,2020/21,2703.339,2674.049,98.92,977.258,36.15,24.8,60.0,1.0,"{""10/10"":1645.293,""7/10"":1025.396,""9+/10"":3.36}","{""consolidated_ice"":668.034,""fast_ice"":977.258,""new_ice"":1025.396,""very_close_ice"":3.36}",EPSG:4326
2021-03-07,2020/21,2703.339,2674.049,98.92,977.258,36.15,25.4,60.0,1.0,"{""10/10"":1449.374,""8/10"":72.143,""7/10"":844.047,""9+/10"":308.484}","{""fast_ice"":977.258,""consolidated_ice"":472.116,""close_ice"":72.143,""new_ice"":844.047,""very_close_ice"":308.484}",EPSG:4326
2021-03-08,2020/21,2703.339,2674.049,98.92,951.846,35.21,27.3,60.0,1.0,"{""10/10"":1413.026,""9+/10"":216.294,""3/10"":69.142,""9/10"":682.137,""8/10"":0.911,""4/10"":167.971,""1/10"":124.567}","{""consolidated_ice"":461.18,""fast_ice"":951.846,""very_close_ice"":216.294,""very_open_ice"":193.709,""level_ice"":412.342,""close_ice"":0.911,""new_ice"":269.795,""open_ice"":167.971}",EPSG:4326
2021-03-09,2020/21,2703.339,2674.049,98.92,951.846,35.21,30.2,60.0,1.0,"{""10/10"":1414.303,""9+/10"":305.43,""9/10"":617.938,""7/10"":128.512,""8/10"":207.866}","{""consolidated_ice"":462.457,""fast_ice"":951.846,""very_close_ice"":305.43,""level_ice"":617.938,""new_ice"":128.512,""close_ice"":207.866}",EPSG:4326
2021-03-10,2020/21,2703.339,2674.049,98.92,951.846,35.21,32.0,60.0,5.0,"{""10/10"":1417.437,""9+/10"":562.18,""9/10"":694.431}","{""consolidated_ice"":465.591,""fast_ice"":951.846,""very_close_ice"":698.522,""level_ice"":558.09}",EPSG:4326
2021-03-11,2020/21,2703.339,2674.049,98.92,951.846,35.21,33.8,60.0,5.0,"{""10/10"":1288.64,""9+/10"":1085.277,""9/10"":300.132}","{""consolidated_ice"":336.794,""fast_ice"":951.846,""very_close_ice"":992.101,""level_ice"":393.307}",EPSG:4326
2021-03-12,2020/21,2703.339,2674.049,98.92,951.846,35.21,34.9,60.0,5.0,"{""10/10"":1288.64,""9+/10"":1157.465,""9/10"":227.944}","{""consolidated_ice"":336.794,""fast_ice"":951.846,""very_close_ice"":1118.271,""level_ice"":267.137}",EPSG:4326
2021-03-13,2020/21,2703.339,2674.049,98.92,951.846,35.21,34.9,60.0,5.0,"{""10/10"":1288.64,""9+/10"":1157.465,""9/10"":227.944}","{""consolidated_ice"":336.794,""fast_ice"":951.846,""very_close_ice"":1118.271,""level_ice"":267.137}",EPSG:4326
2021-03-14,2020/21,2703.339,2674.049,98.92,951.846,35.21,34.9,60.0,5.0,"{""10/10"":1288.64,""9+/10"":1157.465,""9/10"":227.944}","{""consolidated_ice"":336.794,""fast_ice"":951.846,""very_close_ice"":1118.271,""level_ice"":267.137}",EPSG:4326
2021-03-15,2020/21,2703.339,2674.049,98.92,951.846,35.21,35.2,60.0,10.0,"{""10/10"":1385.166,""9+/10"":1288.883}","{""consolidated_ice"":336.794,""fast_ice"":951.846,""very_close_ice"":1118.271,""level_ice"":267.137}",EPSG:4326
2021-03-16,2020/21,2703.339,2674.049,98.92,951.846,35.21,35.2,60.0,10.0,"{""10/10"":1385.166,""9+/10"":1288.883}","{""consolidated_ice"":336.794,""fast_ice"":951.846,""very_close_ice"":1118.271,""level_ice"":267.137}",EPSG:4326
2021-03-17,2020/21,2703.339,2674.049,98.92,951.846,35.21,35.2,60.0,1.0,"{""10/10"":1288.64,""9+/10"":1327.677,""9/10"":57.731}","{""consolidated_ice"":336.794,""fast_ice"":951.846,""very_close_ice"":1327.677,""new_ice"":57.731}",EPSG:4326
2021-03-18,2020/21,2703.339,2674.049,98.92,951.846,35.21,33.0,60.0,1.0,"{""10/10"":1531.405,""9+/10"":1142.644}","{""consolidated_ice"":336.794,""fast_ice"":951.846,""very_close_ice"":1142.644,""new_ice"":242.764}",EPSG:4326
2021-03-19,2020/21,2703.339,2674.049,98.92,951.846,35.21,32.0,60.0,1.0,"{""10/10"":1705.633,""9+/10"":968.416}","{""consolidated_ice"":336.794,""fast_ice"":951.846,""very_close_ice"":968.416,""new_ice"":263.663,""level_ice"":153.329}",EPSG:4326
2021-03-20,2020/21,2703.339,2674.049,98.92,951.846,35.21,29.7,60.0,2.0,"{""10/10"":1387.882,""9+/10"":826.698,""4/10"":22.507,""2/10"":436.962}","{""consolidated_ice"":336.794,""fast_ice"":951.846,""very_close_ice"":826.698,""open_ice"":22.507,""very_open_ice"":436.962,""level_ice"":99.242}",EPSG:4326
2021-03-21,2020/21,2703.339,2674.049,98.92,951.846,35.21,29.2,60.0,5.0,"{""10/10"":1234.204,""9/10"":330.43,""9+/10"":265.459,""2/10"":843.956}","{""consolidated_ice"":282.359,""very_close_ice"":595.889,""fast_ice"":951.846,""very_open_ice"":843.956}",EPSG:4326
2021-03-22,2020/21,2703.339,2674.049,98.92,951.846,35.21,28.6,60.0,5.0,"{""10/10"":1202.954,""9+/10"":201.394,""2/10"":1227.194,""9/10"":42.507}","{""consolidated_ice"":246.865,""fast_ice"":951.846,""very_close_ice"":243.9,""very_open_ice"":1227.194,""level_ice"":4.244}",EPSG:4326
2021-03-23,2020/21,2703.339,2674.049,98.92,951.846,35.21,29.8,60.0,5.0,"{""10/10"":1225.631,""9+/10"":88.413,""3/10"":1038.614,""9/10"":35.262,""8/10"":286.129}","{""consolidated_ice"":246.865,""fast_ice"":951.846,""very_close_ice"":123.676,""very_open_ice"":1038.614,""close_ice"":286.129,""level_ice"":26.92}",EPSG:4326
2021-03-24,2020/21,2703.339,2674.049,98.92,951.846,35.21,27.6,60.0,5.0,"{""10/10"":1212.463,""9+/10"":34.421,""3/10"":1249.837,""9/10"":177.327}","{""consolidated_ice"":246.865,""fast_ice"":951.846,""very_close_ice"":211.748,""very_open_ice"":1249.837,""level_ice"":13.752}",EPSG:4326
2021-03-25,2020/21,2703.339,2674.049,98.92,951.846,35.21,27.2,60.0,5.0,"{""10/10"":1203.195,""3/10"":1322.67,""9/10"":148.183}","{""consolidated_ice"":235.46,""fast_ice"":951.846,""very_open_ice"":1322.67,""level_ice"":15.889,""very_close_ice"":148.183}",EPSG:4326
2021-03-26,2020/21,2703.339,2674.049,98.92,951.846,35.21,27.3,60.0,5.0,"{""10/10"":1203.195,""3/10"":1241.556,""9/10"":229.298}","{""level_ice"":15.889,""consolidated_ice"":235.46,""fast_ice"":951.846,""very_open_ice"":1241.556,""very_close_ice"":229.298}",EPSG:4326
2021-03-27,2020/21,2703.339,1661.966,61.48,1127.327,41.7,36.0,60.0,5.0,"{""10/10"":1178.616,""9/10"":423.418,""9+/10"":42.853,""4/10"":17.08}","{""consolidated_ice"":51.289,""fast_ice"":1127.327,""very_close_ice"":466.271,""open_ice"":17.08}",EPSG:4326
2021-03-28,2020/21,2703.339,1906.418,70.52,1109.186,41.03,34.4,60.0,5.0,"{""10/10"":1149.754,""9/10"":624.023,""9+/10"":77.149,""4/10"":55.492}","{""consolidated_ice"":40.568,""fast_ice"":1109.186,""very_close_ice"":701.171,""open_ice"":55.492}",EPSG:4326
2021-03-29,2020/21,2703.339,2368.699,87.62,1113.295,41.18,31.4,60.0,5.0,"{""10/10"":1156.781,""9/10"":943.603,""9+/10"":85.706,""1/10"":182.609}","{""consolidated_ice"":43.485,""fast_ice"":1113.295,""very_close_ice"":1029.309,""very_open_ice"":182.609}",EPSG:4326
2021-03-30,2020/21,2703.339,1690.131,62.52,1117.699,41.35,36.5,60.0,5.0,"{""4/10"":22.24,""2/10"":5.356,""10/10"":1158.268,""9/10"":437.354,""9+/10"":66.913}","{""open_ice"":22.24,""very_open_ice"":5.356,""consolidated_ice"":40.568,""fast_ice"":1117.699,""very_close_ice"":504.267}",EPSG:4326
2021-03-31,2020/21,2703.339,1960.509,72.52,1060.147,39.22,32.4,60.0,5.0,"{""10/10"":1096.96,""2/10"":269.564,""9/10"":223.891,""4/10"":182.632,""9+/10"":108.065,""8/10"":79.397}","{""consolidated_ice"":36.813,""fast_ice"":1060.147,""very_open_ice"":269.564,""very_close_ice"":331.956,""open_ice"":182.632,""close_ice"":79.397}",EPSG:4326
2021-04-01,2020/21,2703.339,1589.462,58.8,1016.343,37.6,38.2,60.0,5.0,"{""10/10"":1072.381,""9+/10"":298.651,""2/10"":124.182,""4/10"":62.518,""8/10"":31.73}","{""consolidated_ice"":56.037,""fast_ice"":1016.343,""very_close_ice"":298.651,""very_open_ice"":124.182,""open_ice"":62.518,""close_ice"":31.73}",EPSG:4326
2021-04-02,2020/21,2703.339,1818.913,67.28,1016.343,37.6,34.9,60.0,5.0,"{""10/10"":1213.047,""9+/10"":238.051,""2/10"":312.882,""8/10"":0.345,""4/10"":54.588}","{""consolidated_ice"":196.704,""fast_ice"":1016.343,""very_close_ice"":238.051,""very_open_ice"":312.882,""close_ice"":0.345,""open_ice"":54.588}",EPSG:4326
2021-04-03,2020/21,2703.339,1445.976,53.49,1016.343,37.6,40.2,60.0,5.0,"{""10/10"":1202.856,""9+/10"":243.12}","{""consolidated_ice"":186.513,""fast_ice"":1016.343,""very_close_ice"":243.12}",EPSG:4326
2021-04-04,2020/21,2703.339,1208.895,44.72,1016.343,37.6,43.2,60.0,20.0,"{""10/10"":1063.499,""9+/10"":145.397}","{""consolidated_ice"":47.156,""fast_ice"":1016.343,""very_close_ice"":145.397}",EPSG:4326
2021-04-05,2020/21,2703.339,1057.643,39.12,1021.356,37.78,44.5,60.0,20.0,"{""10/10"":1050.166,""9+/10"":7.477}","{""consolidated_ice"":28.81,""fast_ice"":1021.356,""very_close_ice"":7.477}",EPSG:4326
2021-04-06,2020/21,2703.339,1129.948,41.8,966.323,35.75,40.9,60.0,5.0,"{""10/10"":970.269,""9+/10"":9.82,""8/10"":149.859}","{""consolidated_ice"":3.946,""fast_ice"":966.323,""very_close_ice"":9.82,""close_ice"":149.859}",EPSG:4326
2021-04-07,2020/21,2703.339,1203.025,44.5,941.701,34.83,39.5,60.0,5.0,"{""10/10"":941.701,""9+/10"":58.754,""8/10"":202.569,""6/10"":0.0}","{""fast_ice"":941.701,""very_close_ice"":58.754,""close_ice"":202.569,""open_ice"":0.0}",EPSG:4326
2021-04-08,2020/21,2703.339,1814.417,67.12,937.292,34.67,31.3,60.0,5.0,"{""10/10"":937.292,""9+/10"":35.345,""9/10"":40.859,""7/10"":203.067,""2/10"":597.854}","{""fast_ice"":937.292,""very_close_ice"":76.204,""close_ice"":203.067,""very_open_ice"":597.854}",EPSG:4326
2021-04-09,2020/21,2703.339,1689.968,62.51,937.292,34.67,32.0,60.0,1.0,"{""10/10"":937.292,""9+/10"":47.162,""9/10"":40.859,""2/10"":592.747,""7/10"":71.909}","{""fast_ice"":937.292,""very_close_ice"":88.02,""very_open_ice"":592.747,""new_ice"":71.909}",EPSG:4326
2021-04-10,2020/21,2703.339,1471.928,54.45,905.637,33.5,36.5,60.0,5.0,"{""10/10"":905.637,""9+/10"":167.523,""2/10"":328.456,""8/10"":70.312}","{""fast_ice"":905.637,""very_close_ice"":167.523,""very_open_ice"":328.456,""close_ice"":70.312}",EPSG:4326
2021-04-11,2020/21,2703.339,1541.435,57.02,884.132,32.71,34.7,60.0,5.0,"{""10/10"":884.132,""9+/10"":179.171,""2/10"":421.204,""9/10"":56.926}","{""fast_ice"":884.132,""very_close_ice"":236.098,""very_open_ice"":421.204}",EPSG:4326
2021-04-12,2020/21,2703.339,1775.522,65.68,884.132,32.71,29.8,60.0,1.0,"{""10/10"":884.132,""9+/10"":179.171,""9/10"":29.747,""1/10"":400.258,""7/10"":282.212}","{""fast_ice"":884.132,""very_close_ice"":208.919,""very_open_ice"":400.258,""new_ice"":282.212}",EPSG:4326
2021-04-13,2020/21,2703.339,2356.513,87.17,856.364,31.68,33.0,60.0,5.0,"{""9/10"":819.389,""10/10"":856.364,""8/10"":27.517,""2/10"":653.243}","{""very_close_ice"":819.389,""fast_ice"":856.364,""close_ice"":27.517,""very_open_ice"":653.243}",EPSG:4326
2021-04-14,2020/21,2703.339,2167.057,80.16,848.618,31.39,35.2,60.0,10.0,"{""10/10"":848.618,""9/10"":370.036,""2/10"":915.474,""8/10"":32.929}","{""fast_ice"":848.618,""very_close_ice"":370.036,""very_open_ice"":915.474,""close_ice"":32.929}",EPSG:4326
2021-04-15,2020/21,2703.339,2118.146,78.35,840.002,31.07,31.2,60.0,10.0,"{""10/10"":840.002,""9/10"":261.916,""2/10"":658.216,""4/10"":358.011}","{""fast_ice"":840.002,""very_close_ice"":261.916,""very_open_ice"":658.216,""open_ice"":358.011}",EPSG:4326
2021-04-16,2020/21,2703.339,2312.318,85.54,840.002,31.07,30.0,60.0,10.0,"{""10/10"":840.002,""9/10"":194.411,""2/10"":1277.904}","{""fast_ice"":840.002,""very_close_ice"":194.411,""very_open_ice"":1277.904}",EPSG:4326
2021-04-17,2020/21,2703.339,2338.585,86.51,810.368,29.98,29.6,60.0,10.0,"{""9+/10"":2.861,""10/10"":810.368,""9/10"":199.778,""8/10"":32.744,""2/10"":1292.834}","{""very_close_ice"":202.639,""fast_ice"":810.368,""close_ice"":32.744,""very_open_ice"":1292.834}",EPSG:4326
2021-04-18,2020/21,2703.339,1166.824,43.16,810.368,29.98,39.6,60.0,10.0,"{""10/10"":810.368,""9/10"":235.531,""9+/10"":2.861,""8/10"":22.38,""2/10"":95.684}","{""fast_ice"":810.368,""very_close_ice"":238.392,""close_ice"":22.38,""very_open_ice"":95.684}",EPSG:4326
2021-04-19,2020/21,2703.339,1196.0,44.24,811.278,30.01,39.9,60.0,10.0,"{""9/10"":287.581,""10/10"":811.278,""9+/10"":2.861,""2/10"":72.594,""8/10"":21.685}","{""very_close_ice"":290.442,""fast_ice"":811.278,""very_open_ice"":72.594,""close_ice"":21.685}",EPSG:4326
2021-04-20,2020/21,2703.339,1146.787,42.42,811.278,30.01,40.6,60.0,10.0,"{""9/10"":332.647,""10/10"":811.278,""9+/10"":2.861}","{""very_close_ice"":335.509,""fast_ice"":811.278}",EPSG:4326
2021-04-21,2020/21,2703.339,1129.019,41.76,800.105,29.6,40.7,60.0,10.0,"{""9/10"":325.195,""9+/10"":3.718,""10/10"":800.105}","{""very_close_ice"":328.913,""fast_ice"":800.105}",EPSG:4326
2021-04-22,2020/21,2703.339,1202.882,44.5,795.465,29.43,39.9,60.0,10.0,"{""10/10"":811.709,""9/10"":388.549,""9+/10"":2.624}","{""fast_ice"":795.465,""consolidated_ice"":16.244,""very_close_ice"":391.173}",EPSG:4326
2021-04-23,2020/21,2703.339,1487.962,55.04,777.912,28.78,37.8,60.0,10.0,"{""10/10"":778.476,""9/10"":222.915,""9+/10"":26.829,""1/10"":248.381,""8/10"":211.361}","{""fast_ice"":777.912,""very_close_ice"":249.744,""very_open_ice"":248.381,""consolidated_ice"":0.564,""close_ice"":211.361}",EPSG:4326
2021-04-24,2020/21,2703.339,1773.368,65.6,758.228,28.05,36.4,60.0,10.0,"{""10/10"":758.792,""9/10"":430.654,""9+/10"":11.417,""1/10"":361.919,""3/10"":0.002,""8/10"":210.584}","{""fast_ice"":758.228,""very_close_ice"":442.071,""very_open_ice"":361.921,""consolidated_ice"":0.564,""close_ice"":210.584}",EPSG:4326
2021-04-25,2020/21,2703.339,1314.722,48.63,758.228,28.05,38.6,60.0,10.0,"{""10/10"":758.792,""9+/10"":11.417,""1/10"":544.513}","{""fast_ice"":758.228,""very_close_ice"":11.417,""consolidated_ice"":0.564,""very_open_ice"":544.513}",EPSG:4326
2021-04-26,2020/21,2703.339,1167.971,43.2,755.154,27.93,39.6,60.0,10.0,"{""10/10"":755.253,""9+/10"":11.417,""1/10"":401.302}","{""fast_ice"":755.154,""very_close_ice"":11.417,""consolidated_ice"":0.098,""very_open_ice"":401.302}",EPSG:4326
2021-04-27,2020/21,2703.339,825.473,30.54,732.945,27.11,43.2,60.0,10.0,"{""10/10"":733.043,""9+/10"":9.317,""1/10"":83.113}","{""fast_ice"":732.945,""very_close_ice"":9.317,""consolidated_ice"":0.098,""very_open_ice"":83.113}",EPSG:4326
2021-04-28,2020/21,2703.339,742.971,27.48,730.846,27.03,44.7,60.0,10.0,"{""10/10"":730.944,""8/10"":2.709,""9+/10"":9.317}","{""fast_ice"":730.846,""close_ice"":2.709,""very_close_ice"":9.317,""consolidated_ice"":0.098}",EPSG:4326
2021-04-29,2020/21,2703.339,742.971,27.48,730.846,27.03,44.7,60.0,10.0,"{""10/10"":730.944,""8/10"":2.709,""9+/10"":9.317}","{""fast_ice"":730.846,""close_ice"":2.709,""very_close_ice"":9.317,""consolidated_ice"":0.098}",EPSG:4326
2021-04-30,2020/21,2703.339,908.139,33.59,651.894,24.11,42.0,60.0,10.0,"{""10/10"":651.992,""9+/10"":72.173,""8/10"":2.709,""9/10"":15.888,""2/10"":165.378}","{""fast_ice"":651.894,""very_close_ice"":9.317,""consolidated_ice"":0.098,""rotten_ice"":81.452,""very_open_ice"":165.378}",EPSG:4326
2021-05-01,2020/21,2703.339,780.461,28.87,551.55,20.4,44.0,60.0,10.0,"{""10/10"":552.674,""9+/10"":189.779,""2/10"":38.008}","{""fast_ice"":551.55,""very_close_ice"":9.317,""consolidated_ice"":0.098,""rotten_ice"":181.487,""very_open_ice"":38.008}",EPSG:4326
2021-05-02,2020/21,2703.339,1044.29,38.63,444.388,16.44,40.2,60.0,10.0,"{""10/10"":444.486,""9+/10"":281.345,""2/10"":318.459}","{""fast_ice"":444.388,""rotten_ice"":280.23,""very_open_ice"":318.459,""very_close_ice"":1.115,""consolidated_ice"":0.098}",EPSG:4326
2021-05-03,2020/21,2703.339,906.585,33.54,392.942,14.54,41.7,60.0,10.0,"{""10/10"":392.942,""9+/10"":269.634,""9/10"":49.936,""1/10"":2.651,""2/10"":182.854,""7/10"":8.569}","{""fast_ice"":392.942,""rotten_ice"":319.569,""very_open_ice"":185.505,""close_ice"":8.569}",EPSG:4326
2021-05-04,2020/21,2703.339,728.329,26.94,326.415,12.07,44.4,60.0,10.0,"{""10/10"":331.128,""3/10"":17.508,""9+/10"":370.876,""1/10"":3.08,""7/10"":5.737}","{""fast_ice"":326.415,""very_open_ice"":20.587,""very_close_ice"":5.914,""rotten_ice"":375.414}",EPSG:4326
2021-05-05,2020/21,2703.339,669.367,24.76,243.102,8.99,44.8,60.0,10.0,"{""9+/10"":366.936,""1/10"":6.655,""10/10"":292.339,""7/10"":3.437}","{""very_close_ice"":5.914,""very_open_ice"":6.655,""fast_ice"":243.102,""rotten_ice"":413.696}",EPSG:4326
2021-05-06,2020/21,2703.339,638.79,23.63,1.305,0.05,48.8,60.0,10.0,"{""9+/10"":626.005,""10/10"":9.349,""7/10"":3.437}","{""very_close_ice"":10.971,""fast_ice"":1.305,""rotten_ice"":626.515}",EPSG:4326
2021-05-07,2020/21,2703.339,612.905,22.67,1.305,0.05,49.0,60.0,10.0,"{""9+/10"":586.194,""10/10"":6.917,""7/10"":3.437,""9/10"":16.357}","{""very_close_ice"":5.914,""fast_ice"":1.305,""rotten_ice"":605.687}",EPSG:4326
2021-05-08,2020/21,2703.339,518.904,19.19,1.305,0.05,41.5,60.0,10.0,"{""9+/10"":110.878,""10/10"":1.305,""9/10"":403.285,""7/10"":3.437}","{""rotten_ice"":511.686,""very_close_ice"":5.914,""fast_ice"":1.305}",EPSG:4326
2021-05-09,2020/21,2703.339,433.023,16.02,0.0,0.0,41.1,60.0,30.0,"{""9+/10"":65.829,""9/10"":363.757,""7/10"":3.437}","{""very_close_ice"":2.418,""rotten_ice"":430.605}",EPSG:4326
2021-05-10,2020/21,2703.339,188.966,6.99,0.0,0.0,40.9,60.0,30.0,"{""7/10"":2.681,""9+/10"":23.185,""9/10"":163.101}","{""rotten_ice"":188.966}",EPSG:4326
2021-05-11,2020/21,2703.339,190.266,7.04,0.0,0.0,40.9,60.0,30.0,"{""9+/10"":23.185,""9/10"":164.401,""7/10"":2.681}","{""rotten_ice"":190.266}",EPSG:4326
2021-05-12,2020/21,2703.339,139.866,5.17,0.0,0.0,38.6,60.0,10.0,"{""7/10"":3.321,""4/10"":10.707,""2/10"":10.677,""8/10"":57.19,""6/10"":57.971}","{""rotten_ice"":60.511,""open_ice"":68.679,""very_open_ice"":10.677}",EPSG:4326
2021-05-13,2020/21,2703.339,158.575,5.87,0.0,0.0,39.4,60.0,10.0,"{""7/10"":2.412,""4/10"":10.707,""8/10"":44.752,""6/10"":28.157,""2/10"":72.547}","{""rotten_ice"":47.164,""open_ice"":38.864,""very_open_ice"":72.547}",EPSG:4326
2021-05-14,2020/21,2703.339,33.339,1.23,0.0,0.0,40.0,50.0,30.0,"{""9+/10"":33.339}","{""very_close_ice"":33.339}",EPSG:4326
2021-05-15,2020/21,2703.339,0.0,0.0,0.0,0.0,,,,{},{},EPSG:4326
2021-05-16,2020/21,2703.339,0.0,0.0,0.0,0.0,,,,{},{},EPSG:4326
2021-05-17,2020/21,2703.339,0.0,0.0,0.0,0.0,,,,{},{},EPSG:4326
2021-05-18,2020/21,2703.339,0.0,0.0,0.0,0.0,,,,{},{},EPSG:4326
2021-05-19,2020/21,2703.339,0.0,0.0,0.0,0.0,,,,{},{},EPSG:4326
2021-05-20,2020/21,2703.339,0.0,0.0,0.0,0.0,,,,{},{},EPSG:4326
2021-11-01,2021/22,2703.339,8.282,0.31,0.0,0.0,2.0,3.0,1.0,"{""7/10"":4.323,""9/10"":0.78,""9+/10"":3.179}","{""new_ice"":8.282}",EPSG:4326
2021-11-04,2021/22,2703.339,8.282,0.31,0.0,0.0,2.0,3.0,1.0,"{""4/10"":4.323,""9/10"":0.78,""9+/10"":3.179}","{""open_ice"":4.323,""new_ice"":3.959}",EPSG:4326
2021-11-08,2021/22,2703.339,10.886,0.4,0.0,0.0,2.0,4.0,1.0,"{""9+/10"":10.106,""9/10"":0.78}","{""new_ice"":10.886}",EPSG:4326
2021-11-11,2021/22,2703.339,17.187,0.64,0.0,0.0,2.0,4.0,1.0,"{""9+/10"":11.758,""9/10"":5.429}","{""new_ice"":17.187}",EPSG:4326
2021-11-15,2021/22,2703.339,143.592,5.31,0.0,0.0,2.0,4.0,1.0,"{""9+/10"":14.576,""9/10"":129.016}","{""new_ice"":143.592}",EPSG:4326
2021-11-18,2021/22,2703.339,88.323,3.27,0.0,0.0,2.0,5.0,1.0,"{""8/10"":23.567,""9/10"":64.756}","{""new_ice"":88.323}",EPSG:4326
2021-11-22,2021/22,2703.339,85.016,3.14,0.0,0.0,5.4,10.0,1.0,"{""9+/10"":58.31,""8/10"":10.562,""9/10"":16.144}","{""level_ice"":58.31,""new_ice"":26.706}",EPSG:4326
2021-11-25,2021/22,2703.339,184.046,6.81,0.0,0.0,4.0,10.0,1.0,"{""9+/10"":57.885,""8/10"":19.319,""9/10"":53.629,""7/10"":53.214}","{""level_ice"":69.865,""new_ice"":114.181}",EPSG:4326
2021-11-29,2021/22,2703.339,1445.05,53.45,0.0,0.0,2.5,10.0,1.0,"{""9+/10"":118.852,""9/10"":1326.198}","{""level_ice"":143.071,""new_ice"":1301.979}",EPSG:4326
2021-11-30,2021/22,2703.339,843.739,31.21,0.0,0.0,5.0,12.0,1.0,"{""9/10"":630.289,""9+/10"":118.852,""8/10"":94.598}","{""level_ice"":648.093,""new_ice"":110.884,""close_ice"":84.762}",EPSG:4326
2021-12-01,2021/22,2703.339,1286.417,47.59,0.0,0.0,4.2,12.0,1.0,"{""9+/10"":118.852,""9/10"":529.241,""7/10"":638.324}","{""level_ice"":648.093,""new_ice"":638.324}",EPSG:4326
2021-12-02,2021/22,2703.339,1548.196,57.27,0.0,0.0,4.0,12.0,1.0,"{""10/10"":118.852,""9+/10"":920.159,""9/10"":509.185}","{""level_ice"":652.256,""new_ice"":895.94}",EPSG:4326
2021-12-03,2021/22,2703.339,1098.714,40.64,0.0,0.0,4.6,12.0,1.0,"{""10/10"":118.852,""9+/10"":83.407,""8/10"":387.27,""9/10"":509.185}","{""level_ice"":652.256,""new_ice"":387.27,""very_close_ice"":59.188}",EPSG:4326
2021-12-04,2021/22,2703.339,917.636,33.94,0.0,0.0,6.1,12.0,1.0,"{""9/10"":558.279,""10/10"":118.852,""9+/10"":107.776,""8/10"":132.728}","{""level_ice"":656.541,""very_close_ice"":83.557,""new_ice"":177.538}",EPSG:4326
2021-12-05,2021/22,2703.339,1198.287,44.33,0.0,0.0,7.3,15.0,1.0,"{""9+/10"":107.206,""8/10"":369.508,""9/10"":721.573}","{""very_close_ice"":107.206,""new_ice"":414.318,""level_ice"":676.763}",EPSG:4326
2021-12-06,2021/22,2703.339,1462.667,54.11,543.289,20.1,8.9,20.0,1.0,"{""10/10"":543.289,""9+/10"":69.026,""9/10"":519.497,""8/10"":330.855}","{""fast_ice"":543.289,""very_close_ice"":69.026,""new_ice"":616.713,""level_ice"":233.639}",EPSG:4326
2021-12-07,2021/22,2703.339,1279.606,47.33,543.289,20.1,10.1,20.0,1.0,"{""10/10"":543.289,""9+/10"":77.037,""9/10"":559.961,""8/10"":99.319}","{""fast_ice"":543.289,""very_close_ice"":77.037,""new_ice"":368.716,""level_ice"":290.564}",EPSG:4326
2021-12-08,2021/22,2703.339,1408.982,52.12,543.289,20.1,9.4,20.0,1.0,"{""10/10"":543.289,""9+/10"":77.037,""9/10"":288.373,""8/10"":500.284}","{""fast_ice"":543.289,""very_close_ice"":77.037,""level_ice"":288.373,""new_ice"":500.284}",EPSG:4326
2021-12-09,2021/22,2703.339,2317.047,85.71,555.897,20.56,9.5,20.0,1.0,"{""10/10"":555.897,""9+/10"":64.428,""9/10"":1139.683,""8/10"":557.038}","{""fast_ice"":555.897,""very_close_ice"":64.428,""level_ice"":1139.683,""new_ice"":557.038}",EPSG:4326
2021-12-10,2021/22,2703.339,1114.109,41.21,1059.929,39.21,14.5,20.0,2.0,"{""10/10"":1059.929,""7/10"":54.179}","{""fast_ice"":1059.929,""new_ice"":54.179}",EPSG:4326
2021-12-11,2021/22,2703.339,1225.684,45.34,1046.906,38.73,13.4,20.0,2.0,"{""8/10"":178.778,""10/10"":1046.906}","{""new_ice"":178.778,""fast_ice"":1046.906}",EPSG:4326
2021-12-12,2021/22,2703.339,1355.71,50.15,992.713,36.72,12.6,20.0,2.0,"{""10/10"":992.713,""8/10"":301.622,""9+/10"":61.374}","{""fast_ice"":992.713,""new_ice"":301.622,""very_close_ice"":61.374}",EPSG:4326
2021-12-13,2021/22,2703.339,1315.498,48.66,1001.381,37.04,13.1,25.0,2.0,"{""10/10"":1001.381,""8/10"":225.683,""9+/10"":88.433}","{""fast_ice"":1001.381,""new_ice"":225.683,""very_close_ice"":88.433}",EPSG:4326
2021-12-14,2021/22,2703.339,1660.771,61.43,966.888,35.77,12.3,25.0,1.0,"{""10/10"":966.888,""8/10"":284.861,""9+/10"":205.391,""7/10"":203.632}","{""fast_ice"":966.888,""new_ice"":284.861,""very_close_ice"":205.391,""close_ice"":203.632}",EPSG:4326
2021-12-15,2021/22,2703.339,1696.964,62.77,926.862,34.29,16.0,30.0,5.0,"{""10/10"":926.862,""9+/10"":189.454,""8/10"":11.209,""2/10"":367.562,""4/10"":190.683,""7/10"":11.195}","{""fast_ice"":926.862,""very_close_ice"":189.454,""close_ice"":22.403,""very_open_ice"":367.562,""open_ice"":190.683}",EPSG:4326
2021-12-16,2021/22,2703.339,1732.287,64.08,853.354,31.57,15.6,30.0,5.0,"{""10/10"":853.354,""9+/10"":348.128,""2/10"":530.805}","{""fast_ice"":853.354,""very_close_ice"":348.128,""very_open_ice"":530.805}",EPSG:4326
2021-12-17,2021/22,2703.339,2599.342,96.15,820.834,30.36,13.3,30.0,5.0,"{""10/10"":820.834,""2/10"":674.218,""9+/10"":51.929,""6/10"":980.85,""8/10"":71.511}","{""fast_ice"":820.834,""very_open_ice"":674.218,""very_close_ice"":51.929,""open_ice"":980.85,""close_ice"":71.511}",EPSG:4326
2021-12-18,2021/22,2703.339,2610.938,96.58,817.805,30.25,13.2,30.0,5.0,"{""10/10"":817.805,""1/10"":926.042,""9+/10"":51.929,""8/10"":47.045,""6/10"":751.124,""4/10"":16.993}","{""fast_ice"":817.805,""very_open_ice"":926.042,""very_close_ice"":51.929,""close_ice"":47.045,""open_ice"":768.117}",EPSG:4326
2021-12-19,2021/22,2703.339,2632.777,97.39,816.901,30.22,13.2,30.0,5.0,"{""10/10"":816.901,""3/10"":1266.606,""9+/10"":51.929,""8/10"":14.956,""6/10"":402.47,""2/10"":79.916}","{""fast_ice"":816.901,""very_open_ice"":1346.522,""very_close_ice"":51.929,""close_ice"":14.956,""open_ice"":402.47}",EPSG:4326
2021-12-20,2021/22,2703.339,1614.991,59.74,816.901,30.22,15.2,30.0,5.0,"{""10/10"":816.901,""3/10"":487.837,""9+/10"":51.929,""2/10"":258.325}","{""fast_ice"":816.901,""very_open_ice"":746.161,""very_close_ice"":51.929}",EPSG:4326
2021-12-21,2021/22,2703.339,2044.182,75.62,796.155,29.45,10.9,30.0,2.0,"{""10/10"":796.155,""9+/10"":26.364,""7/10"":28.083,""9/10"":898.784,""2/10"":294.795}","{""fast_ice"":796.155,""very_close_ice"":26.364,""close_ice"":28.083,""new_ice"":898.784,""very_open_ice"":294.795}",EPSG:4326
2021-12-22,2021/22,2703.339,2068.068,76.5,796.155,29.45,9.8,30.0,2.0,"{""10/10"":796.155,""9+/10"":26.364,""8/10"":28.083,""9/10"":1217.466}","{""fast_ice"":796.155,""very_close_ice"":26.364,""close_ice"":28.083,""new_ice"":1217.466}",EPSG:4326
2021-12-23,2021/22,2703.339,2564.3,94.86,796.155,29.45,8.0,30.0,1.0,"{""10/10"":796.155,""9+/10"":26.364,""9/10"":335.382,""7/10"":1406.398}","{""fast_ice"":796.155,""very_close_ice"":26.364,""level_ice"":335.382,""new_ice"":1406.398}",EPSG:4326
2021-12-24,2021/22,2703.339,1709.147,63.22,796.155,29.45,10.9,30.0,1.0,"{""10/10"":796.155,""9+/10"":26.364,""9/10"":261.925,""7/10"":624.703}","{""fast_ice"":796.155,""very_close_ice"":26.364,""level_ice"":261.925,""new_ice"":624.703}",EPSG:4326
2021-12-25,2021/22,2703.339,1542.16,57.05,796.155,29.45,11.7,30.0,1.0,"{""10/10"":796.155,""9+/10"":26.364,""9/10"":191.983,""7/10"":527.658}","{""fast_ice"":796.155,""very_close_ice"":26.364,""level_ice"":191.983,""new_ice"":527.658}",EPSG:4326
2021-12-26,2021/22,2703.339,1435.877,53.11,796.155,29.45,12.5,30.0,1.0,"{""10/10"":796.155,""9+/10"":26.364,""9/10"":191.983,""7/10"":421.374}","{""fast_ice"":796.155,""very_close_ice"":26.364,""level_ice"":191.983,""new_ice"":421.374}",EPSG:4326
2021-12-27,2021/22,2703.339,1869.355,69.15,795.674,29.43,9.9,30.0,1.0,"{""10/10"":795.674,""9+/10"":15.831,""7/10"":902.664,""9/10"":155.186}","{""fast_ice"":795.674,""very_close_ice"":15.831,""new_ice"":902.664,""level_ice"":155.186}",EPSG:4326
2021-12-28,2021/22,2703.339,1869.713,69.16,795.674,29.43,9.9,30.0,1.0,"{""10/10"":795.674,""9+/10"":15.831,""7/10"":903.022,""9/10"":155.186}","{""fast_ice"":795.674,""very_close_ice"":15.831,""new_ice"":903.022,""level_ice"":155.186}",EPSG:4326
2021-12-29,2021/22,2703.339,1792.789,66.32,839.04,31.04,14.2,30.0,2.0,"{""10/10"":839.04,""9+/10"":111.326,""9/10"":223.228,""8/10"":588.05,""4/10"":31.145}","{""fast_ice"":839.04,""very_close_ice"":111.326,""level_ice"":223.228,""close_ice"":588.05,""open_ice"":31.145}",EPSG:4326
2021-12-30,2021/22,2703.339,1761.644,65.17,839.04,31.04,14.3,30.0,2.0,"{""10/10"":839.04,""9+/10"":111.326,""9/10"":223.228,""8/10"":588.05}","{""fast_ice"":839.04,""very_close_ice"":111.326,""level_ice"":223.228,""close_ice"":588.05}",EPSG:4326
2021-12-31,2021/22,2703.339,2072.353,76.66,839.04,31.04,13.7,30.0,2.0,"{""10/10"":839.04,""9+/10"":344.955,""9/10"":223.228,""8/10"":665.129}","{""fast_ice"":839.04,""very_close_ice"":344.955,""level_ice"":223.228,""close_ice"":665.129}",EPSG:4326
2022-01-01,2021/22,2703.339,2544.979,94.14,851.149,31.49,9.8,30.0,1.0,"{""10/10"":851.149,""9+/10"":15.831,""7/10"":1303.126,""8/10"":90.566,""4/10"":284.307}","{""fast_ice"":851.149,""very_close_ice"":15.831,""new_ice"":1303.126,""close_ice"":90.566,""open_ice"":284.307}",EPSG:4326
2022-01-02,2021/22,2703.339,2212.401,81.84,851.149,31.49,11.8,35.0,1.0,"{""10/10"":995.616,""9+/10"":15.831,""7/10"":1161.545,""2/10"":39.41}","{""fast_ice"":851.149,""very_close_ice"":15.831,""new_ice"":1161.545,""level_ice"":144.466,""very_open_ice"":39.41}",EPSG:4326
2022-01-03,2021/22,2703.339,1704.414,63.05,851.149,31.49,14.4,35.0,1.0,"{""10/10"":1101.979,""9+/10"":15.831,""7/10"":586.604}","{""fast_ice"":851.149,""very_close_ice"":15.831,""new_ice"":586.604,""level_ice"":250.829}",EPSG:4326
2022-01-04,2021/22,2703.339,1784.597,66.01,832.78,30.81,13.8,35.0,1.0,"{""10/10"":1056.646,""9+/10"":95.456,""7/10"":618.783,""8/10"":13.712}","{""fast_ice"":832.78,""very_close_ice"":95.456,""new_ice"":618.783,""level_ice"":223.866,""close_ice"":13.712}",EPSG:4326
2022-01-05,2021/22,2703.339,2084.102,77.09,832.78,30.81,13.1,35.0,1.0,"{""10/10"":1056.646,""9+/10"":95.456,""7/10"":618.783,""8/10"":80.37,""1/10"":232.847}","{""fast_ice"":832.78,""very_close_ice"":95.456,""new_ice"":618.783,""level_ice"":223.866,""close_ice"":80.37,""very_open_ice"":232.847}",EPSG:4326
2022-01-06,2021/22,2703.339,2674.049,98.92,902.143,33.37,13.9,35.0,1.0,"{""10/10"":1045.651,""9+/10"":95.598,""8/10"":557.7,""3/10"":122.951,""7/10"":746.087,""9/10"":106.061}","{""fast_ice"":902.143,""very_close_ice"":201.659,""close_ice"":864.14,""level_ice"":143.508,""very_open_ice"":122.951,""new_ice"":439.648}",EPSG:4326
2022-01-07,2021/22,2703.339,2628.545,97.23,902.143,33.37,12.4,35.0,1.0,"{""10/10"":1059.082,""9+/10"":95.598,""9/10"":1069.973,""8/10"":321.532,""6/10"":82.361}","{""fast_ice"":902.143,""very_close_ice"":95.598,""level_ice"":1226.912,""close_ice"":321.532,""open_ice"":82.361}",EPSG:4326
2022-01-08,2021/22,2703.339,2674.049,98.92,902.143,33.37,13.8,35.0,2.0,"{""10/10"":1059.082,""9+/10"":95.598,""9/10"":1302.736,""2/10"":216.633}","{""fast_ice"":902.143,""very_close_ice"":1398.334,""level_ice"":156.938,""very_open_ice"":216.633}",EPSG:4326
2022-01-09,2021/22,2703.339,2674.049,98.92,902.143,33.37,12.5,35.0,1.0,"{""10/10"":1074.913,""9+/10"":1432.95,""9/10"":58.729,""8/10"":107.457}","{""fast_ice"":902.143,""level_ice"":1525.953,""very_close_ice"":138.495,""new_ice"":107.457}",EPSG:4326
2022-01-10,2021/22,2703.339,2674.049,98.92,908.042,33.59,14.2,35.0,2.0,"{""10/10"":1074.913,""9+/10"":1590.625,""9/10"":8.511}","{""fast_ice"":908.042,""level_ice"":1686.24,""very_close_ice"":79.767}",EPSG:4326
2022-01-11,2021/22,2703.339,2674.049,98.92,908.042,33.59,15.9,40.0,5.0,"{""10/10"":1074.913,""9+/10"":1599.136}","{""fast_ice"":908.042,""level_ice"":1686.24,""very_close_ice"":79.767}",EPSG:4326
2022-01-12,2021/22,2703.339,2674.049,98.92,908.042,33.59,15.9,40.0,5.0,"{""10/10"":1069.224,""9+/10"":616.714,""8/10"":988.111}","{""fast_ice"":908.042,""level_ice"":161.182,""very_close_ice"":616.714,""close_ice"":988.111}",EPSG:4326
2022-01-13,2021/22,2703.339,2674.049,98.92,908.042,33.59,17.0,40.0,5.0,"{""10/10"":1069.224,""9+/10"":253.381,""2/10"":760.926,""8/10"":124.796,""4/10"":465.722}","{""fast_ice"":908.042,""level_ice"":161.182,""very_close_ice"":253.381,""very_open_ice"":760.926,""close_ice"":124.796,""open_ice"":465.722}",EPSG:4326
2022-01-14,2021/22,2703.339,1732.696,64.09,894.058,33.07,20.5,40.0,5.0,"{""10/10"":1021.223,""9+/10"":30.739,""4/10"":189.256,""2/10"":427.597,""8/10"":63.881}","{""fast_ice"":894.058,""level_ice"":127.166,""very_close_ice"":30.739,""open_ice"":189.256,""very_open_ice"":427.597,""close_ice"":63.881}",EPSG:4326
2022-01-15,2021/22,2703.339,1344.953,49.75,894.058,33.07,23.9,40.0,5.0,"{""10/10"":1021.223,""9+/10"":28.872,""4/10"":294.857}","{""fast_ice"":894.058,""level_ice"":127.166,""very_close_ice"":28.872,""open_ice"":294.857}",EPSG:4326
2022-01-16,2021/22,2703.339,1046.036,38.69,885.686,32.76,32.0,50.0,7.0,"{""10/10"":1012.851,""9+/10"":33.185}","{""fast_ice"":885.686,""level_ice"":127.166,""very_close_ice"":33.185}",EPSG:4326
2022-01-17,2021/22,2703.339,2674.049,98.92,847.399,31.35,15.9,50.0,1.0,"{""10/10"":880.351,""8/10"":536.636,""2/10"":556.737,""7/10"":700.324}","{""fast_ice"":847.399,""level_ice"":32.952,""close_ice"":536.636,""very_open_ice"":556.737,""new_ice"":700.324}",EPSG:4326
2022-01-18,2021/22,2703.339,2612.772,96.65,847.399,31.35,14.7,50.0,1.0,"{""10/10"":880.351,""8/10"":1732.421}","{""fast_ice"":847.399,""level_ice"":32.952,""new_ice"":1675.187,""close_ice"":57.234}",EPSG:4326
2022-01-19,2021/22,2703.339,2619.203,96.89,839.869,31.07,13.6,50.0,1.0,"{""10/10"":862.85,""8/10"":286.518,""9/10"":1469.834}","{""fast_ice"":839.869,""level_ice"":22.982,""close_ice"":286.518,""new_ice"":1469.834}",EPSG:4326
2022-01-20,2021/22,2703.339,2627.908,97.21,802.335,29.68,17.1,50.0,2.0,"{""6/10"":758.486,""2/10"":1017.817,""10/10"":802.335,""8/10"":49.271}","{""open_ice"":758.486,""very_open_ice"":1017.817,""fast_ice"":802.335,""close_ice"":49.271}",EPSG:4326
2022-01-21,2021/22,2703.339,2674.049,98.92,802.335,29.68,16.6,50.0,2.0,"{""6/10"":1795.287,""10/10"":802.335,""7/10"":76.427}","{""open_ice"":1795.287,""fast_ice"":802.335,""close_ice"":76.427}",EPSG:4326
2022-01-22,2021/22,2703.339,2674.049,98.92,802.335,29.68,16.1,50.0,2.0,"{""6/10"":1867.609,""10/10"":802.335,""7/10"":4.105}","{""open_ice"":1867.609,""fast_ice"":802.335,""close_ice"":4.105}",EPSG:4326
2022-01-23,2021/22,2703.339,2432.729,89.99,789.727,29.21,18.4,55.0,1.0,"{""2/10"":237.774,""6/10"":1205.008,""10/10"":921.946,""9/10"":68.001}","{""very_open_ice"":237.774,""open_ice"":1205.008,""fast_ice"":789.727,""new_ice"":200.22}",EPSG:4326
2022-01-24,2021/22,2703.339,999.018,36.95,784.513,29.02,32.4,55.0,1.0,"{""10/10"":911.199,""4/10"":63.385,""9/10"":24.435}","{""fast_ice"":784.513,""new_ice"":151.12,""open_ice"":63.385}",EPSG:4326
2022-01-25,2021/22,2703.339,1303.196,48.21,748.954,27.7,27.1,55.0,2.0,"{""10/10"":778.103,""8/10"":0.051,""7/10"":525.042}","{""fast_ice"":748.954,""level_ice"":29.149,""close_ice"":525.093}",EPSG:4326
2022-01-26,2021/22,2703.339,1652.01,61.11,748.954,27.7,23.5,55.0,2.0,"{""10/10"":778.103,""4/10"":475.304,""2/10"":398.603}","{""fast_ice"":748.954,""level_ice"":29.149,""open_ice"":475.304,""very_open_ice"":398.603}",EPSG:4326
2022-01-27,2021/22,2703.339,2126.281,78.65,748.954,27.7,18.3,55.0,1.0,"{""10/10"":974.364,""8/10"":440.769,""4/10"":678.655,""7/10"":32.493}","{""fast_ice"":748.954,""level_ice"":29.149,""new_ice"":669.523,""open_ice"":678.655}",EPSG:4326
2022-01-28,2021/22,2703.339,2639.441,97.64,748.954,27.7,14.9,55.0,1.0,"{""10/10"":1056.904,""8/10"":1582.537}","{""fast_ice"":748.954,""level_ice"":29.149,""close_ice"":542.549,""new_ice"":1318.79}",EPSG:4326
2022-01-29,2021/22,2703.339,2617.22,96.81,748.954,27.7,15.4,55.0,1.0,"{""10/10"":1056.904,""9+/10"":402.085,""8/10"":1158.231}","{""fast_ice"":748.954,""level_ice"":29.149,""very_close_ice"":402.085,""new_ice"":1437.032}",EPSG:4326
2022-01-30,2021/22,2703.339,2662.679,98.5,748.954,27.7,18.4,55.0,2.0,"{""10/10"":778.103,""4/10"":1806.91,""9+/10"":77.666}","{""fast_ice"":748.954,""level_ice"":29.149,""open_ice"":1806.91,""very_close_ice"":77.666}",EPSG:4326
2022-01-31,2021/22,2703.339,2674.049,98.92,748.954,27.7,16.4,55.0,1.0,"{""10/10"":778.103,""7/10"":627.221,""9+/10"":77.666,""8/10"":597.895,""4/10"":593.163}","{""fast_ice"":748.954,""level_ice"":29.149,""new_ice"":663.373,""very_close_ice"":77.666,""close_ice"":561.744,""open_ice"":593.163}",EPSG:4326
2022-02-01,2021/22,2703.339,2674.049,98.92,748.954,27.7,16.8,55.0,2.0,"{""10/10"":748.954,""9+/10"":1050.522,""8/10"":871.821,""5/10"":2.751}","{""fast_ice"":748.954,""very_close_ice"":322.897,""new_ice"":727.625,""close_ice"":871.821,""open_ice"":2.751}",EPSG:4326
2022-02-02,2021/22,2703.339,2674.049,98.92,748.954,27.7,19.5,55.0,5.0,"{""10/10"":748.954,""9+/10"":1214.848,""8/10"":478.73,""9/10"":231.516}","{""fast_ice"":748.954,""very_close_ice"":554.413,""level_ice"":891.951,""close_ice"":478.73}",EPSG:4326
2022-02-03,2021/22,2703.339,2674.049,98.92,748.954,27.7,18.7,55.0,5.0,"{""10/10"":748.954,""9+/10"":1637.509,""8/10"":160.52,""9/10"":127.065}","{""fast_ice"":748.954,""very_close_ice"":449.962,""level_ice"":1314.612,""close_ice"":160.52}",EPSG:4326
2022-02-04,2021/22,2703.339,2674.049,98.92,748.954,27.7,20.5,55.0,5.0,"{""10/10"":748.954,""9+/10"":322.897,""9/10"":1550.604,""8/10"":51.593}","{""fast_ice"":748.954,""very_close_ice"":592.973,""level_ice"":1280.528,""close_ice"":51.593}",EPSG:4326
2022-02-05,2021/22,2703.339,2674.049,98.92,748.954,27.7,23.7,60.0,5.0,"{""10/10"":748.954,""9+/10"":322.897,""9/10"":1602.198}","{""fast_ice"":748.954,""very_close_ice"":1063.468,""level_ice"":861.626}",EPSG:4326
2022-02-06,2021/22,2703.339,2674.049,98.92,828.327,30.64,25.6,55.0,5.0,"{""10/10"":828.327,""9+/10"":1561.568,""9/10"":284.154}","{""fast_ice"":828.327,""very_close_ice"":1561.568,""level_ice"":284.154}",EPSG:4326
2022-02-07,2021/22,2703.339,2674.049,98.92,828.327,30.64,26.4,55.0,5.0,"{""10/10"":828.327,""9+/10"":1522.685,""9/10"":323.037}","{""fast_ice"":828.327,""very_close_ice"":1845.721}",EPSG:4326
2022-02-08,2021/22,2703.339,2674.049,98.92,828.327,30.64,26.4,55.0,5.0,"{""10/10"":828.327,""9+/10"":1522.685,""9/10"":323.037}","{""fast_ice"":828.327,""very_close_ice"":1845.721}",EPSG:4326
2022-02-09,2021/22,2703.339,2674.049,98.92,828.327,30.64,26.9,55.0,10.0,"{""10/10"":828.327,""9+/10"":1518.99,""9/10"":326.732}","{""fast_ice"":828.327,""very_close_ice"":1845.721}",EPSG:4326
2022-02-10,2021/22,2703.339,2674.049,98.92,828.327,30.64,26.9,55.0,10.0,"{""10/10"":828.327,""9+/10"":1516.939,""9/10"":328.783}","{""fast_ice"":828.327,""very_close_ice"":1845.721}",EPSG:4326
2022-02-11,2021/22,2703.339,2674.049,98.92,828.327,30.64,23.8,55.0,1.0,"{""10/10"":828.327,""9+/10"":1159.347,""9/10"":358.76,""2/10"":44.76,""7/10"":282.854}","{""fast_ice"":828.327,""very_close_ice"":1518.107,""very_open_ice"":44.76,""new_ice"":282.854}",EPSG:4326
2022-02-12,2021/22,2703.339,2674.049,98.92,828.327,30.64,24.5,55.0,1.0,"{""10/10"":828.327,""9+/10"":1244.242,""9/10"":366.647,""8/10"":234.832}","{""fast_ice"":828.327,""very_close_ice"":1610.889,""new_ice"":234.832}",EPSG:4326
2022-02-13,2021/22,2703.339,2674.049,98.92,828.327,30.64,24.1,55.0,1.0,"{""10/10"":1054.433,""9+/10"":1234.291,""9/10"":385.324}","{""fast_ice"":828.327,""very_close_ice"":1619.143,""new_ice"":226.578}",EPSG:4326
2022-02-14,2021/22,2703.339,2674.049,98.92,828.327,30.64,24.7,55.0,3.0,"{""9+/10"":1352.86,""10/10"":1054.433,""9/10"":266.756}","{""very_close_ice"":1619.615,""fast_ice"":828.327,""level_ice"":226.106}",EPSG:4326
2022-02-15,2021/22,2703.339,2674.049,98.92,828.327,30.64,24.7,55.0,3.0,"{""9+/10"":1352.86,""9/10"":266.756,""10/10"":1054.433}","{""very_close_ice"":1619.615,""fast_ice"":828.327,""level_ice"":226.106}",EPSG:4326
2022-02-16,2021/22,2703.339,2674.049,98.92,828.327,30.64,24.4,55.0,3.0,"{""9+/10"":1393.31,""9/10"":266.756,""10/10"":1013.983}","{""very_close_ice"":1660.066,""fast_ice"":828.327,""level_ice"":185.655}",EPSG:4326
2022-02-17,2021/22,2703.339,2674.049,98.92,840.838,31.1,28.6,55.0,10.0,"{""9/10"":785.753,""10/10"":840.838,""9+/10"":1047.458}","{""very_close_ice"":1833.211,""fast_ice"":840.838}",EPSG:4326
2022-02-18,2021/22,2703.339,2674.049,98.92,840.838,31.1,28.6,55.0,10.0,"{""9/10"":785.753,""10/10"":840.838,""9+/10"":1047.458}","{""very_close_ice"":1833.211,""fast_ice"":840.838}",EPSG:4326
2022-02-19,2021/22,2703.339,2674.049,98.92,840.838,31.1,27.3,55.0,1.0,"{""9/10"":618.206,""10/10"":840.838,""8/10"":115.063,""9+/10"":992.598,""1/10"":107.344}","{""very_close_ice"":1610.793,""fast_ice"":840.838,""new_ice"":115.063,""level_ice"":0.011,""very_open_ice"":107.344}",EPSG:4326
2022-02-20,2021/22,2703.339,2674.049,98.92,840.838,31.1,20.6,55.0,1.0,"{""9/10"":1057.802,""10/10"":974.056,""9+/10"":67.705,""8/10"":574.486}","{""very_close_ice"":1125.507,""fast_ice"":840.838,""new_ice"":574.486,""level_ice"":133.218}",EPSG:4326
2022-02-21,2021/22,2703.339,2674.049,98.92,840.838,31.1,23.2,55.0,1.0,"{""10/10"":945.351,""9/10"":1127.269,""8/10"":533.725,""9+/10"":67.705}","{""fast_ice"":840.838,""very_close_ice"":1194.973,""new_ice"":533.725,""level_ice"":104.513}",EPSG:4326
2022-02-22,2021/22,2703.339,2674.049,98.92,840.838,31.1,27.8,60.0,3.0,"{""10/10"":840.838,""9/10"":1125.921,""9+/10"":707.29}","{""fast_ice"":840.838,""very_close_ice"":1212.307,""level_ice"":620.904}",EPSG:4326
2022-02-23,2021/22,2703.339,2674.049,98.92,840.838,31.1,31.0,60.0,5.0,"{""9+/10"":63.651,""10/10"":1508.652,""9/10"":1101.745}","{""very_close_ice"":1165.396,""fast_ice"":840.838,""level_ice"":667.815}",EPSG:4326
2022-02-24,2021/22,2703.339,2674.049,98.92,840.838,31.1,36.9,60.0,5.0,"{""10/10"":976.2,""9/10"":1673.214,""9+/10"":24.635}","{""fast_ice"":840.838,""very_close_ice"":1673.214,""level_ice"":159.997}",EPSG:4326
2022-02-25,2021/22,2703.339,2643.78,97.8,840.838,31.1,38.4,60.0,5.0,"{""10/10"":976.2,""9/10"":1667.58}","{""fast_ice"":840.838,""level_ice"":135.362,""very_close_ice"":1667.58}",EPSG:4326
2022-02-26,2021/22,2703.339,2674.049,98.92,840.838,31.1,34.9,60.0,1.0,"{""10/10"":970.591,""9/10"":1437.064,""8/10"":266.394}","{""fast_ice"":840.838,""level_ice"":129.753,""very_close_ice"":1437.064,""new_ice"":265.036,""close_ice"":1.358}",EPSG:4326
2022-02-27,2021/22,2703.339,2674.049,98.92,840.838,31.1,35.2,60.0,1.0,"{""10/10"":985.639,""9/10"":1393.425,""7/10"":162.978,""8/10"":132.008}","{""fast_ice"":840.838,""level_ice"":144.801,""very_close_ice"":1393.425,""new_ice"":162.978,""close_ice"":132.008}",EPSG:4326
2022-02-28,2021/22,2703.339,2674.049,98.92,840.838,31.1,36.8,60.0,1.0,"{""10/10"":970.591,""9/10"":1617.193,""2/10"":86.265}","{""fast_ice"":840.838,""level_ice"":129.753,""very_close_ice"":1617.193,""very_open_ice"":86.265}",EPSG:4326
2022-03-01,2021/22,2703.339,2674.049,98.92,840.838,31.1,37.2,60.0,1.0,"{""10/10"":970.591,""9/10"":1653.576,""2/10"":49.882}","{""fast_ice"":840.838,""level_ice"":129.753,""very_close_ice"":1653.576,""very_open_ice"":49.882}",EPSG:4326
2022-03-02,2021/22,2703.339,2674.049,98.92,840.838,31.1,36.6,60.0,1.0,"{""10/10"":1296.419,""9/10"":1326.378,""2/10"":51.252}","{""fast_ice"":840.838,""consolidated_ice"":325.828,""level_ice"":129.753,""very_close_ice"":1326.378,""very_open_ice"":51.252}",EPSG:4326
2022-03-03,2021/22,2703.339,2674.049,98.92,840.838,31.1,36.0,60.0,1.0,"{""10/10"":1166.666,""9/10"":1216.712,""3/10"":74.432,""2/10"":99.499,""9+/10"":116.74}","{""fast_ice"":840.838,""very_close_ice"":1216.712,""very_open_ice"":173.931,""consolidated_ice"":325.828,""level_ice"":116.74}",EPSG:4326
2022-03-04,2021/22,2703.339,2674.049,98.92,840.838,31.1,36.1,60.0,1.0,"{""10/10"":1535.659,""9/10"":903.748,""2/10"":99.499,""8/10"":135.142}","{""fast_ice"":840.838,""very_close_ice"":903.748,""consolidated_ice"":694.822,""very_open_ice"":99.499,""close_ice"":135.142}",EPSG:4326
2022-03-05,2021/22,2703.339,2674.049,98.92,840.838,31.1,35.5,60.0,1.0,"{""9/10"":989.517,""10/10"":1535.659,""9+/10"":148.872}","{""very_close_ice"":989.517,""fast_ice"":840.838,""consolidated_ice"":694.822,""new_ice"":148.872}",EPSG:4326
2022-03-06,2021/22,2703.339,2674.049,98.92,840.838,31.1,35.5,60.0,1.0,"{""9/10"":989.517,""10/10"":1535.659,""9+/10"":148.872}","{""very_close_ice"":989.517,""fast_ice"":840.838,""consolidated_ice"":694.822,""new_ice"":148.872}",EPSG:4326
2022-03-07,2021/22,2703.339,2674.049,98.92,840.838,31.1,35.5,60.0,1.0,"{""9/10"":987.274,""10/10"":1533.314,""9+/10"":153.461}","{""very_close_ice"":987.274,""fast_ice"":840.838,""consolidated_ice"":692.476,""new_ice"":153.461}",EPSG:4326
2022-03-08,2021/22,2703.339,2674.049,98.92,840.838,31.1,37.5,60.0,5.0,"{""9/10"":987.839,""10/10"":1533.314,""8/10"":152.896}","{""very_close_ice"":987.839,""fast_ice"":840.838,""consolidated_ice"":692.476,""close_ice"":152.896}",EPSG:4326
2022-03-09,2021/22,2703.339,2674.049,98.92,840.838,31.1,37.5,60.0,5.0,"{""10/10"":1533.314,""9/10"":1140.735}","{""fast_ice"":840.838,""very_close_ice"":1140.735,""consolidated_ice"":692.476}",EPSG:4326
2022-03-10,2021/22,2703.339,2674.049,98.92,840.838,31.1,37.8,60.0,20.0,"{""9/10"":1098.809,""10/10"":1575.24}","{""very_close_ice"":1098.809,""fast_ice"":840.838,""consolidated_ice"":734.402}",EPSG:4326
2022-03-11,2021/22,2703.339,2674.049,98.92,840.838,31.1,37.7,60.0,20.0,"{""9/10"":1098.809,""10/10"":1575.24}","{""very_close_ice"":1098.809,""fast_ice"":840.838,""consolidated_ice"":734.402}",EPSG:4326
2022-03-12,2021/22,2703.339,2674.049,98.92,840.838,31.1,37.2,60.0,10.0,"{""9/10"":1098.809,""10/10"":1575.24}","{""very_close_ice"":1098.809,""fast_ice"":840.838,""consolidated_ice"":734.402}",EPSG:4326
2022-03-13,2021/22,2703.339,2674.049,98.92,840.838,31.1,37.0,60.0,10.0,"{""9/10"":1497.198,""10/10"":1176.851}","{""very_close_ice"":1497.198,""fast_ice"":840.838,""consolidated_ice"":336.013}",EPSG:4326
2022-03-14,2021/22,2703.339,2674.049,98.92,840.838,31.1,37.0,60.0,10.0,"{""9/10"":1497.198,""10/10"":1176.851}","{""very_close_ice"":1497.198,""fast_ice"":840.838,""consolidated_ice"":336.013}",EPSG:4326
2022-03-15,2021/22,2703.339,2674.049,98.92,840.838,31.1,37.0,60.0,10.0,"{""9/10"":1497.198,""10/10"":1176.851}","{""very_close_ice"":1497.198,""fast_ice"":840.838,""consolidated_ice"":336.013}",EPSG:4326
2022-03-16,2021/22,2703.339,2674.049,98.92,840.838,31.1,40.0,60.0,10.0,"{""9+/10"":317.931,""10/10"":1405.027,""9/10"":951.091}","{""very_close_ice"":1269.022,""fast_ice"":840.838,""consolidated_ice"":564.189}",EPSG:4326
2022-03-17,2021/22,2703.339,2674.049,98.92,840.838,31.1,40.0,70.0,10.0,"{""9+/10"":312.054,""10/10"":1405.027,""9/10"":956.968}","{""very_close_ice"":1269.022,""fast_ice"":840.838,""consolidated_ice"":564.189}",EPSG:4326
2022-03-18,2021/22,2703.339,2674.049,98.92,840.838,31.1,40.0,70.0,10.0,"{""9+/10"":312.054,""10/10"":1405.027,""9/10"":956.968}","{""very_close_ice"":1269.022,""fast_ice"":840.838,""consolidated_ice"":564.189}",EPSG:4326
2022-03-19,2021/22,2703.339,2674.049,98.92,840.838,31.1,40.0,70.0,10.0,"{""10/10"":1405.027,""9+/10"":312.054,""9/10"":956.968}","{""fast_ice"":840.838,""very_close_ice"":1269.022,""consolidated_ice"":564.189}",EPSG:4326
2022-03-20,2021/22,2703.339,2674.049,98.92,840.838,31.1,40.0,70.0,10.0,"{""9+/10"":312.054,""10/10"":1405.027,""9/10"":956.968}","{""very_close_ice"":1269.022,""fast_ice"":840.838,""consolidated_ice"":564.189}",EPSG:4326
2022-03-21,2021/22,2703.339,2674.049,98.92,840.838,31.1,40.5,70.0,10.0,"{""9+/10"":312.054,""10/10"":1513.303,""9/10"":848.692}","{""very_close_ice"":1160.746,""fast_ice"":840.838,""consolidated_ice"":672.465}",EPSG:4326
2022-03-22,2021/22,2703.339,2674.049,98.92,840.838,31.1,43.6,70.0,10.0,"{""9+/10"":312.054,""10/10"":1513.303,""9/10"":848.692}","{""very_close_ice"":1160.746,""fast_ice"":840.838,""consolidated_ice"":672.465}",EPSG:4326
2022-03-23,2021/22,2703.339,2674.049,98.92,840.838,31.1,46.3,70.0,10.0,"{""9+/10"":360.785,""10/10"":1512.841,""9/10"":800.423}","{""very_close_ice"":1161.208,""fast_ice"":840.838,""consolidated_ice"":672.003}",EPSG:4326
2022-03-24,2021/22,2703.339,2674.049,98.92,840.838,31.1,46.3,70.0,10.0,"{""9+/10"":360.785,""10/10"":1512.841,""9/10"":800.423}","{""very_close_ice"":1161.208,""fast_ice"":840.838,""consolidated_ice"":672.003}",EPSG:4326
2022-03-25,2021/22,2703.339,2674.049,98.92,840.838,31.1,46.3,70.0,10.0,"{""10/10"":1512.841,""9+/10"":360.785,""9/10"":800.423}","{""fast_ice"":840.838,""very_close_ice"":1161.208,""consolidated_ice"":672.003}",EPSG:4326
2022-03-26,2021/22,2703.339,2415.417,89.35,838.071,31.0,47.3,70.0,10.0,"{""9+/10"":116.348,""10/10"":1359.29,""9/10"":903.392,""8/10"":36.387}","{""very_close_ice"":1019.74,""consolidated_ice"":521.219,""fast_ice"":838.071,""close_ice"":36.387}",EPSG:4326
2022-03-27,2021/22,2703.339,2674.049,98.92,838.071,31.0,40.7,70.0,1.0,"{""9+/10"":86.825,""10/10"":1355.301,""9/10"":820.7,""8/10"":411.223}","{""very_close_ice"":907.525,""consolidated_ice"":517.23,""fast_ice"":838.071,""new_ice"":411.223}",EPSG:4326
2022-03-28,2021/22,2703.339,2674.049,98.92,838.071,31.0,44.0,70.0,1.0,"{""9+/10"":188.856,""10/10"":1355.301,""9/10"":978.667,""8/10"":151.225}","{""very_close_ice"":1167.523,""consolidated_ice"":517.23,""fast_ice"":838.071,""new_ice"":151.225}",EPSG:4326
2022-03-29,2021/22,2703.339,2674.049,98.92,838.071,31.0,41.4,70.0,1.0,"{""9+/10"":269.836,""10/10"":1412.87,""9/10"":589.188,""8/10"":402.156}","{""very_close_ice"":859.023,""consolidated_ice"":574.799,""fast_ice"":838.071,""new_ice"":356.146,""close_ice"":46.009}",EPSG:4326
2022-03-30,2021/22,2703.339,2674.049,98.92,838.071,31.0,36.3,70.0,1.0,"{""9+/10"":154.313,""10/10"":1422.734,""9/10"":409.989,""8/10"":687.013}","{""very_close_ice"":500.459,""consolidated_ice"":584.663,""fast_ice"":838.071,""new_ice"":566.783,""level_ice"":63.843,""close_ice"":120.231}",EPSG:4326
2022-03-31,2021/22,2703.339,2674.049,98.92,838.071,31.0,35.5,70.0,1.0,"{""9+/10"":58.336,""10/10"":1422.734,""9/10"":523.6,""8/10"":669.379}","{""very_close_ice"":570.956,""consolidated_ice"":584.663,""fast_ice"":838.071,""new_ice"":669.379,""level_ice"":10.98}",EPSG:4326
2022-04-01,2021/22,2703.339,2674.049,98.92,838.071,31.0,35.6,70.0,2.0,"{""9+/10"":58.336,""10/10"":1422.734,""9/10"":635.29,""8/10"":378.325,""4/10"":179.364}","{""very_close_ice"":526.662,""consolidated_ice"":584.663,""fast_ice"":838.071,""new_ice"":545.289,""open_ice"":179.364}",EPSG:4326
2022-04-02,2021/22,2703.339,2674.049,98.92,838.071,31.0,36.3,70.0,1.0,"{""9+/10"":312.963,""10/10"":1741.382,""9/10"":490.341,""4/10"":0.56,""7/10"":57.78,""2/10"":71.023}","{""very_close_ice"":548.677,""consolidated_ice"":584.663,""fast_ice"":838.071,""level_ice"":573.275,""open_ice"":0.56,""new_ice"":57.78,""very_open_ice"":71.023}",EPSG:4326
2022-04-03,2021/22,2703.339,2527.473,93.49,838.071,31.0,37.0,70.0,2.0,"{""9+/10"":671.505,""10/10"":1467.142,""9/10"":36.25,""8/10"":352.576}","{""very_close_ice"":402.05,""consolidated_ice"":584.663,""fast_ice"":838.071,""level_ice"":350.113,""new_ice"":352.576}",EPSG:4326
2022-04-04,2021/22,2703.339,2674.049,98.92,838.071,31.0,36.8,70.0,3.0,"{""9+/10"":398.559,""10/10"":1477.184,""9/10"":36.25,""8/10"":620.909,""1/10"":141.147}","{""very_close_ice"":434.809,""consolidated_ice"":594.705,""fast_ice"":838.071,""close_ice"":620.909,""level_ice"":44.408,""very_open_ice"":141.147}",EPSG:4326
2022-04-05,2021/22,2703.339,2674.049,98.92,838.071,31.0,34.7,70.0,2.0,"{""2/10"":187.742,""10/10"":1679.191,""9+/10"":336.648,""9/10"":26.687,""8/10"":354.36,""4/10"":89.422}","{""very_open_ice"":187.742,""consolidated_ice"":594.705,""fast_ice"":838.071,""very_close_ice"":363.335,""new_ice"":246.415,""close_ice"":354.36,""open_ice"":89.422}",EPSG:4326
2022-04-06,2021/22,2703.339,2674.049,98.92,838.071,31.0,32.5,70.0,5.0,"{""2/10"":420.678,""10/10"":1435.862,""9+/10"":571.115,""9/10"":14.263,""3/10"":205.051,""8/10"":27.081}","{""very_open_ice"":625.728,""consolidated_ice"":597.791,""fast_ice"":838.071,""very_close_ice"":585.377,""close_ice"":27.081}",EPSG:4326
2022-04-07,2021/22,2703.339,2674.049,98.92,838.071,31.0,35.2,70.0,5.0,"{""2/10"":405.634,""10/10"":1435.862,""9/10"":14.263,""9+/10"":655.935,""3/10"":149.419,""4/10"":12.936}","{""very_open_ice"":555.053,""consolidated_ice"":597.791,""fast_ice"":838.071,""very_close_ice"":670.198,""open_ice"":12.936}",EPSG:4326
2022-04-08,2021/22,2703.339,2674.049,98.92,838.071,31.0,34.5,70.0,1.0,"{""10/10"":1432.776,""9/10"":20.458,""9+/10"":709.966,""7/10"":281.895,""8/10"":228.954}","{""consolidated_ice"":594.705,""fast_ice"":838.071,""very_close_ice"":730.423,""new_ice"":281.895,""close_ice"":228.954}",EPSG:4326
2022-04-09,2021/22,2703.339,2674.049,98.92,838.071,31.0,40.5,70.0,5.0,"{""10/10"":1432.776,""9+/10"":972.803,""2/10"":268.47}","{""consolidated_ice"":594.705,""fast_ice"":838.071,""very_close_ice"":972.803,""very_open_ice"":268.47}",EPSG:4326
2022-04-10,2021/22,2703.339,2674.049,98.92,838.071,31.0,41.4,70.0,5.0,"{""10/10"":1432.685,""9+/10"":1016.384,""7/10"":224.979}","{""consolidated_ice"":594.614,""fast_ice"":838.071,""very_close_ice"":1016.384,""close_ice"":224.979}",EPSG:4326
2022-04-11,2021/22,2703.339,2674.049,98.92,838.071,31.0,42.4,70.0,10.0,"{""10/10"":1495.19,""9+/10"":774.109,""7/10"":304.338,""2/10"":100.411}","{""consolidated_ice"":657.119,""fast_ice"":838.071,""very_close_ice"":774.109,""close_ice"":304.338,""very_open_ice"":100.411}",EPSG:4326
2022-04-12,2021/22,2703.339,2674.049,98.92,838.071,31.0,43.5,70.0,10.0,"{""10/10"":1495.19,""9/10"":594.497,""9+/10"":217.723,""7/10"":25.063,""1/10"":60.433,""2/10"":281.142}","{""consolidated_ice"":657.119,""fast_ice"":838.071,""very_close_ice"":812.22,""close_ice"":25.063,""very_open_ice"":341.575}",EPSG:4326
2022-04-13,2021/22,2703.339,2674.049,98.92,838.071,31.0,46.4,85.0,10.0,"{""10/10"":1498.744,""9/10"":591.877,""9+/10"":147.937,""1/10"":62.129,""2/10"":366.217,""7/10"":7.144}","{""consolidated_ice"":660.673,""fast_ice"":838.071,""very_close_ice"":739.814,""very_open_ice"":428.346,""close_ice"":7.144}",EPSG:4326
2022-04-14,2021/22,2703.339,2239.926,82.86,838.071,31.0,51.9,85.0,20.0,"{""10/10"":1498.744,""9/10"":409.15,""9+/10"":97.45,""1/10"":55.107,""7/10"":179.475}","{""consolidated_ice"":660.673,""fast_ice"":838.071,""very_close_ice"":506.6,""very_open_ice"":55.107,""close_ice"":179.475}",EPSG:4326
2022-04-15,2021/22,2703.339,1948.174,72.07,838.071,31.0,52.2,85.0,20.0,"{""10/10"":1492.79,""9/10"":262.502,""9+/10"":88.631,""7/10"":64.621,""8/10"":39.631}","{""consolidated_ice"":654.719,""fast_ice"":838.071,""very_close_ice"":351.133,""close_ice"":104.251}",EPSG:4326
2022-04-16,2021/22,2703.339,1929.002,71.36,838.071,31.0,52.4,85.0,15.0,"{""10/10"":1492.79,""9/10"":243.33,""9+/10"":88.631,""7/10"":64.621,""8/10"":39.631}","{""consolidated_ice"":654.719,""fast_ice"":838.071,""very_close_ice"":331.961,""close_ice"":104.251}",EPSG:4326
2022-04-17,2021/22,2703.339,2085.582,77.15,838.071,31.0,56.3,85.0,20.0,"{""10/10"":1492.79,""9+/10"":150.248,""7/10"":442.545}","{""consolidated_ice"":654.719,""fast_ice"":838.071,""very_close_ice"":150.248,""close_ice"":442.545}",EPSG:4326
2022-04-18,2021/22,2703.339,2111.243,78.1,838.071,31.0,55.6,85.0,15.0,"{""10/10"":1492.79,""9+/10"":78.448,""9/10"":50.05,""7/10"":489.956}","{""consolidated_ice"":654.719,""fast_ice"":838.071,""very_close_ice"":128.498,""close_ice"":489.956}",EPSG:4326
2022-04-19,2021/22,2703.339,2020.308,74.73,838.071,31.0,55.5,85.0,15.0,"{""10/10"":1492.79,""9+/10"":70.417,""9/10"":40.694,""7/10"":416.408}","{""consolidated_ice"":654.719,""fast_ice"":838.071,""very_close_ice"":111.11,""close_ice"":416.408}",EPSG:4326
2022-04-20,2021/22,2703.339,2124.377,78.58,838.071,31.0,50.7,85.0,15.0,"{""10/10"":1512.906,""2/10"":27.663,""4/10"":0.317,""9+/10"":149.005,""8/10"":434.487}","{""consolidated_ice"":674.835,""fast_ice"":838.071,""very_open_ice"":27.663,""open_ice"":0.317,""very_close_ice"":149.005,""close_ice"":434.487}",EPSG:4326
2022-04-21,2021/22,2703.339,2124.377,78.58,838.071,31.0,50.7,85.0,15.0,"{""10/10"":1512.906,""2/10"":27.663,""4/10"":0.317,""9+/10"":149.005,""8/10"":434.487}","{""consolidated_ice"":674.835,""fast_ice"":838.071,""very_open_ice"":27.663,""open_ice"":0.317,""very_close_ice"":149.005,""close_ice"":434.487}",EPSG:4326
2022-04-22,2021/22,2703.339,2135.84,79.01,838.071,31.0,50.6,85.0,15.0,"{""10/10"":1499.117,""2/10"":73.747,""9+/10"":149.005,""7/10"":413.971}","{""consolidated_ice"":661.047,""fast_ice"":838.071,""very_open_ice"":73.747,""very_close_ice"":149.005,""close_ice"":413.971}",EPSG:4326
2022-04-23,2021/22,2703.339,1708.169,63.19,838.071,31.0,54.3,85.0,15.0,"{""10/10"":1484.796,""9+/10"":139.82,""8/10"":3.809,""4/10"":79.744}","{""consolidated_ice"":646.725,""fast_ice"":838.071,""very_close_ice"":139.82,""close_ice"":3.809,""open_ice"":79.744}",EPSG:4326
2022-04-24,2021/22,2703.339,1655.298,61.23,838.071,31.0,54.8,85.0,15.0,"{""10/10"":1484.796,""9+/10"":128.851,""8/10"":41.651}","{""consolidated_ice"":646.725,""very_close_ice"":128.851,""fast_ice"":838.071,""close_ice"":41.651}",EPSG:4326
2022-04-25,2021/22,2703.339,1696.527,62.76,838.071,31.0,55.1,85.0,15.0,"{""10/10"":1479.693,""9+/10"":40.229,""8/10"":176.605}","{""consolidated_ice"":641.622,""very_close_ice"":40.229,""fast_ice"":838.071,""close_ice"":176.605}",EPSG:4326
2022-04-26,2021/22,2703.339,1647.447,60.94,838.071,31.0,54.7,85.0,20.0,"{""10/10"":1421.08,""8/10"":2.103,""9+/10"":30.762,""2/10"":193.502}","{""fast_ice"":838.071,""consolidated_ice"":583.009,""close_ice"":2.103,""very_close_ice"":30.762,""very_open_ice"":193.502}",EPSG:4326
2022-04-27,2021/22,2703.339,1599.51,59.17,838.071,31.0,54.9,85.0,20.0,"{""10/10"":1421.08,""9+/10"":30.762,""2/10"":147.668}","{""fast_ice"":838.071,""consolidated_ice"":583.009,""very_close_ice"":30.762,""very_open_ice"":147.668}",EPSG:4326
2022-04-28,2021/22,2703.339,1463.539,54.14,838.071,31.0,55.2,85.0,15.0,"{""9+/10"":30.762,""10/10"":1421.08,""2/10"":11.697}","{""very_close_ice"":30.762,""fast_ice"":838.071,""consolidated_ice"":583.009,""very_open_ice"":11.697}",EPSG:4326
2022-04-29,2021/22,2703.339,1451.842,53.71,838.071,31.0,55.4,85.0,20.0,"{""9+/10"":30.762,""10/10"":1421.08}","{""very_close_ice"":30.762,""fast_ice"":838.071,""consolidated_ice"":583.009}",EPSG:4326
2022-04-30,2021/22,2703.339,1418.656,52.48,468.365,17.33,55.7,85.0,20.0,"{""9+/10"":30.762,""10/10"":1387.894}","{""very_close_ice"":30.762,""rotten_ice"":369.706,""fast_ice"":468.365,""consolidated_ice"":549.823}",EPSG:4326
2022-05-01,2021/22,2703.339,1418.656,52.48,468.365,17.33,45.9,85.0,20.0,"{""9+/10"":30.762,""10/10"":1387.894}","{""very_close_ice"":30.762,""rotten_ice"":369.706,""fast_ice"":468.365,""consolidated_ice"":549.823}",EPSG:4326
2022-05-02,2021/22,2703.339,1426.211,52.76,294.84,10.91,48.3,85.0,20.0,"{""9+/10"":599.331,""10/10"":826.881}","{""very_close_ice"":56.1,""rotten_ice"":543.231,""fast_ice"":294.84,""consolidated_ice"":532.041}",EPSG:4326
2022-05-03,2021/22,2703.339,1757.748,65.02,0.0,0.0,46.6,85.0,10.0,"{""9/10"":312.985,""9+/10"":843.576,""2/10"":601.188}","{""very_close_ice"":312.985,""rotten_ice"":843.576,""very_open_ice"":601.188}",EPSG:4326
2022-05-04,2021/22,2703.339,1620.97,59.96,0.0,0.0,30.0,50.0,10.0,"{""9+/10"":843.576,""9/10"":312.985,""2/10"":464.409}","{""rotten_ice"":843.576,""very_close_ice"":312.985,""very_open_ice"":464.409}",EPSG:4326
2022-05-05,2021/22,2703.339,1586.818,58.7,0.0,0.0,30.0,50.0,10.0,"{""9+/10"":843.576,""9/10"":312.985,""2/10"":430.257}","{""rotten_ice"":843.576,""very_close_ice"":312.985,""very_open_ice"":430.257}",EPSG:4326
2022-05-06,2021/22,2703.339,1178.287,43.59,0.0,0.0,30.0,50.0,10.0,"{""8/10"":15.704,""9+/10"":843.576,""9/10"":298.368,""4/10"":20.638}","{""close_ice"":15.704,""rotten_ice"":843.576,""very_close_ice"":298.368,""open_ice"":20.638}",EPSG:4326
2022-05-07,2021/22,2703.339,1243.222,45.99,0.0,0.0,30.0,50.0,10.0,"{""9+/10"":846.99,""9/10"":254.986,""2/10"":92.074,""8/10"":25.884,""4/10"":23.287}","{""rotten_ice"":833.853,""very_close_ice"":268.123,""very_open_ice"":92.074,""close_ice"":25.884,""open_ice"":23.287}",EPSG:4326
2022-05-08,2021/22,2703.339,1304.444,48.25,0.0,0.0,30.0,50.0,10.0,"{""9+/10"":807.514,""9/10"":81.677,""2/10"":200.901,""4/10"":204.546,""8/10"":9.806}","{""rotten_ice"":807.514,""very_close_ice"":81.677,""very_open_ice"":200.901,""open_ice"":204.546,""close_ice"":9.806}",EPSG:4326
2022-05-09,2021/22,2703.339,1387.926,51.34,0.0,0.0,30.0,50.0,10.0,"{""9+/10"":891.546,""9/10"":7.452,""2/10"":488.928}","{""rotten_ice"":891.546,""very_close_ice"":7.452,""very_open_ice"":488.928}",EPSG:4326
2022-05-10,2021/22,2703.339,896.274,33.15,0.0,0.0,30.0,50.0,10.0,"{""9+/10"":698.506,""2/10"":21.952,""4/10"":172.963,""10/10"":2.854}","{""rotten_ice"":701.36,""very_open_ice"":21.952,""open_ice"":172.963}",EPSG:4326
2022-05-11,2021/22,2703.339,815.876,30.18,0.0,0.0,30.0,50.0,10.0,"{""9+/10"":14.681,""2/10"":174.046,""9/10"":588.07,""4/10"":0.42,""7/10"":38.659}","{""rotten_ice"":602.75,""very_open_ice"":174.046,""open_ice"":0.42,""close_ice"":38.659}",EPSG:4326
2022-05-12,2021/22,2703.339,848.764,31.4,0.0,0.0,30.0,50.0,10.0,"{""9/10"":495.733,""9+/10"":14.681,""4/10"":106.532,""2/10"":224.618,""8/10"":7.2}","{""rotten_ice"":517.613,""open_ice"":106.532,""very_open_ice"":224.618}",EPSG:4326
2022-05-13,2021/22,2703.339,936.466,34.64,0.0,0.0,29.4,50.0,10.0,"{""9/10"":503.819,""9+/10"":14.681,""2/10"":247.464,""8/10"":7.2,""4/10"":163.302}","{""rotten_ice"":525.7,""very_open_ice"":247.464,""open_ice"":163.302}",EPSG:4326
2022-05-14,2021/22,2703.339,625.886,23.15,0.0,0.0,30.0,50.0,10.0,"{""8/10"":392.458,""9/10"":3.824,""7/10"":17.009,""9+/10"":12.502,""2/10"":182.508,""4/10"":17.586}","{""rotten_ice"":425.792,""very_open_ice"":182.508,""open_ice"":17.586}",EPSG:4326
2022-05-15,2021/22,2703.339,625.886,23.15,0.0,0.0,30.0,50.0,10.0,"{""8/10"":392.458,""9/10"":3.824,""9+/10"":12.502,""7/10"":17.009,""2/10"":200.093}","{""rotten_ice"":425.792,""very_open_ice"":200.093}",EPSG:4326
2022-05-16,2021/22,2703.339,618.542,22.88,0.0,0.0,30.0,50.0,10.0,"{""9/10"":3.824,""9+/10"":8.945,""2/10"":533.528,""8/10"":72.244}","{""rotten_ice"":85.014,""very_open_ice"":533.528}",EPSG:4326
2022-05-17,2021/22,2703.339,19.749,0.73,0.0,0.0,30.0,50.0,10.0,"{""10/10"":3.547,""2/10"":3.231,""9+/10"":3.831,""9/10"":0.593,""8/10"":8.547}","{""rotten_ice"":16.518,""very_open_ice"":3.231}",EPSG:4326
2022-05-18,2021/22,2703.339,12.201,0.45,0.0,0.0,30.0,50.0,10.0,"{""4/10"":12.201}","{""open_ice"":12.201}",EPSG:4326
2022-05-19,2021/22,2703.339,16.61,0.61,0.0,0.0,27.3,50.0,10.0,"{""4/10"":16.61}","{""open_ice"":16.61}",EPSG:4326
2022-05-20,2021/22,2703.339,16.61,0.61,0.0,0.0,27.3,50.0,10.0,"{""4/10"":16.61}","{""open_ice"":16.61}",EPSG:4326
2022-05-21,2021/22,2703.339,2.168,0.08,0.0,0.0,30.0,50.0,10.0,"{""4/10"":2.168}","{""open_ice"":2.168}",EPSG:4326
2022-05-22,2021/22,2703.339,1.229,0.05,0.0,0.0,30.0,50.0,10.0,"{""4/10"":1.229}","{""open_ice"":1.229}",EPSG:4326
2022-05-23,2021/22,2703.339,1.229,0.05,0.0,0.0,30.0,50.0,10.0,"{""4/10"":1.229}","{""open_ice"":1.229}",EPSG:4326
2022-05-24,2021/22,2703.339,1.229,0.05,0.0,0.0,30.0,50.0,10.0,"{""4/10"":1.229}","{""open_ice"":1.229}",EPSG:4326
2022-05-25,2021/22,2703.339,1.229,0.05,0.0,0.0,30.0,50.0,10.0,"{""4/10"":1.229}","{""open_ice"":1.229}",EPSG:4326
2022-05-26,2021/22,2703.339,0.0,0.0,0.0,0.0,,,,{},{},EPSG:4326
2022-05-27,2021/22,2703.339,0.0,0.0,0.0,0.0,,,,{},{},EPSG:4326
2022-05-30,2021/22,2703.339,0.0,0.0,0.0,0.0,,,,{},{},EPSG:4326
2022-05-31,2021/22,2703.339,0.0,0.0,0.0,0.0,,,,{},{},EPSG:4326
2022-11-03,2022/23,2703.339,0.0,0.0,0.0,0.0,,,,{},{},EPSG:4326
2022-11-07,2022/23,2703.339,0.0,0.0,0.0,0.0,,,,{},{},EPSG:4326
2022-11-10,2022/23,2703.339,0.0,0.0,0.0,0.0,,,,{},{},EPSG:4326
2022-11-14,2022/23,2703.339,0.0,0.0,0.0,0.0,,,,{},{},EPSG:4326
2022-11-17,2022/23,2703.339,0.0,0.0,0.0,0.0,,,,{},{},EPSG:4326
2022-11-21,2022/23,2703.339,125.273,4.63,0.0,0.0,2.0,3.0,1.0,"{""7/10"":125.273}","{""new_ice"":125.273}",EPSG:4326
2022-11-24,2022/23,2703.339,174.976,6.47,0.0,0.0,3.0,5.0,1.0,"{""10/10"":174.976}","{""new_ice"":174.976}",EPSG:4326
2022-11-28,2022/23,2703.339,155.695,5.76,0.0,0.0,3.3,10.0,0.0,"{""10/10"":155.695}","{""level_ice"":14.849,""new_ice"":140.846}",EPSG:4326
2022-12-01,2022/23,2703.339,312.692,11.57,0.0,0.0,3.2,10.0,1.0,"{""9/10"":59.467,""10/10"":241.019,""7/10"":12.206}","{""level_ice"":59.467,""new_ice"":253.225}",EPSG:4326
2022-12-02,2022/23,2703.339,463.01,17.13,0.0,0.0,3.2,10.0,1.0,"{""9/10"":145.11,""7/10"":304.835,""10/10"":13.066}","{""new_ice"":385.771,""level_ice"":77.239}",EPSG:4326
2022-12-03,2022/23,2703.339,367.492,13.59,0.0,0.0,3.5,10.0,1.0,"{""9/10"":145.11,""7/10"":217.175,""10/10"":5.207}","{""new_ice"":290.253,""level_ice"":77.239}",EPSG:4326
2022-12-04,2022/23,2703.339,361.339,13.37,0.0,0.0,3.5,10.0,1.0,"{""7/10"":216.229,""9/10"":145.11}","{""new_ice"":284.1,""level_ice"":77.239}",EPSG:4326
2022-12-05,2022/23,2703.339,388.248,14.36,0.0,0.0,4.3,15.0,1.0,"{""9/10"":145.11,""7/10"":237.374,""9+/10"":5.764}","{""new_ice"":311.009,""level_ice"":77.239}",EPSG:4326
2022-12-06,2022/23,2703.339,388.248,14.36,0.0,0.0,4.3,15.0,1.0,"{""9/10"":145.11,""7/10"":237.374,""9+/10"":5.764}","{""new_ice"":311.009,""level_ice"":77.239}",EPSG:4326
2022-12-07,2022/23,2703.339,414.609,15.34,0.0,0.0,4.9,15.0,1.0,"{""7/10"":262.12,""9/10"":152.49}","{""new_ice"":262.12,""level_ice"":152.49}",EPSG:4326
2022-12-08,2022/23,2703.339,791.011,29.26,0.0,0.0,4.0,15.0,1.0,"{""9/10"":150.562,""8/10"":290.87,""7/10"":43.416,""4/10"":306.163}","{""level_ice"":150.562,""new_ice"":334.286,""open_ice"":306.163}",EPSG:4326
2022-12-09,2022/23,2703.339,484.847,17.94,0.0,0.0,6.2,15.0,1.0,"{""9/10"":409.657,""7/10"":43.416,""8/10"":31.775}","{""level_ice"":409.657,""new_ice"":75.191}",EPSG:4326
2022-12-10,2022/23,2703.339,484.847,17.94,0.0,0.0,6.2,15.0,1.0,"{""9/10"":409.657,""7/10"":43.416,""8/10"":31.775}","{""level_ice"":409.657,""new_ice"":75.191}",EPSG:4326
2022-12-11,2022/23,2703.339,491.76,18.19,0.0,0.0,5.8,15.0,1.0,"{""9/10"":432.226,""7/10"":43.416,""8/10"":16.118}","{""level_ice"":432.226,""new_ice"":59.534}",EPSG:4326
2022-12-12,2022/23,2703.339,866.793,32.06,0.0,0.0,4.6,15.0,1.0,"{""9/10"":432.226,""7/10"":418.449,""8/10"":16.118}","{""level_ice"":432.226,""new_ice"":434.568}",EPSG:4326
2022-12-13,2022/23,2703.339,1376.035,50.9,95.535,3.53,4.3,15.0,1.0,"{""10/10"":95.535,""7/10"":724.69,""9/10"":555.81}","{""fast_ice"":95.535,""new_ice"":724.69,""level_ice"":555.81}",EPSG:4326
2022-12-14,2022/23,2703.339,1484.513,54.91,95.535,3.53,4.2,15.0,1.0,"{""10/10"":95.535,""9/10"":555.81,""7/10"":833.168}","{""fast_ice"":95.535,""level_ice"":555.81,""new_ice"":833.168}",EPSG:4326
2022-12-15,2022/23,2703.339,1611.678,59.62,95.535,3.53,4.2,15.0,1.0,"{""10/10"":95.535,""9/10"":636.056,""8/10"":880.087}","{""fast_ice"":95.535,""level_ice"":636.056,""new_ice"":880.087}",EPSG:4326
2022-12-16,2022/23,2703.339,2129.147,78.76,95.535,3.53,3.4,15.0,1.0,"{""9/10"":983.648,""10/10"":95.535,""7/10"":1049.964}","{""new_ice"":1412.723,""fast_ice"":95.535,""level_ice"":620.889}",EPSG:4326
2022-12-17,2022/23,2703.339,1927.061,71.28,95.535,3.53,3.5,15.0,1.0,"{""9/10"":951.745,""10/10"":95.535,""7/10"":879.781}","{""new_ice"":1200.877,""fast_ice"":95.535,""level_ice"":630.648}",EPSG:4326
2022-12-18,2022/23,2703.339,1927.061,71.28,95.535,3.53,3.5,15.0,1.0,"{""9/10"":951.745,""10/10"":95.535,""7/10"":879.781}","{""new_ice"":1200.877,""fast_ice"":95.535,""level_ice"":630.648}",EPSG:4326
2022-12-19,2022/23,2703.339,2124.448,78.59,112.313,4.15,3.5,15.0,1.0,"{""9/10"":1028.111,""10/10"":112.313,""7/10"":984.023}","{""new_ice"":1356.423,""fast_ice"":112.313,""level_ice"":655.712}",EPSG:4326
2022-12-20,2022/23,2703.339,2167.598,80.18,112.313,4.15,4.2,20.0,1.0,"{""7/10"":1222.054,""10/10"":112.313,""9/10"":655.712,""3/10"":30.0,""8/10"":147.519}","{""new_ice"":1369.573,""fast_ice"":112.313,""level_ice"":655.712,""very_open_ice"":30.0}",EPSG:4326
2022-12-21,2022/23,2703.339,1601.734,59.25,150.259,5.56,4.8,20.0,1.0,"{""7/10"":724.203,""10/10"":150.259,""9/10"":643.07,""8/10"":84.202}","{""new_ice"":808.405,""fast_ice"":150.259,""level_ice"":643.07}",EPSG:4326
2022-12-22,2022/23,2703.339,1440.048,53.27,150.259,5.56,6.0,20.0,1.0,"{""8/10"":449.268,""10/10"":150.259,""9/10"":643.07,""9+/10"":66.939,""7/10"":130.512}","{""close_ice"":449.268,""fast_ice"":150.259,""level_ice"":643.07,""very_close_ice"":66.939,""new_ice"":130.512}",EPSG:4326
2022-12-23,2022/23,2703.339,2241.952,82.93,150.259,5.56,4.9,20.0,1.0,"{""9/10"":810.858,""7/10"":690.22,""10/10"":150.259,""8/10"":590.616}","{""level_ice"":810.858,""new_ice"":731.423,""fast_ice"":150.259,""close_ice"":549.413}",EPSG:4326
2022-12-24,2022/23,2703.339,2130.228,78.8,361.385,13.37,7.1,20.0,1.0,"{""9/10"":589.379,""7/10"":930.247,""10/10"":361.385,""8/10"":105.943,""2/10"":103.903,""5/10"":39.372}","{""level_ice"":589.379,""new_ice"":1036.19,""fast_ice"":361.385,""very_open_ice"":103.903,""open_ice"":39.372}",EPSG:4326
2022-12-25,2022/23,2703.339,1879.634,69.53,361.385,13.37,7.6,20.0,1.0,"{""9/10"":585.714,""7/10"":709.425,""10/10"":361.385,""2/10"":213.649,""8/10"":9.461}","{""level_ice"":585.714,""new_ice"":718.886,""fast_ice"":361.385,""very_open_ice"":213.649}",EPSG:4326
2022-12-28,2022/23,2703.339,1271.735,47.04,361.385,13.37,9.6,20.0,1.0,"{""9/10"":482.712,""10/10"":361.385,""2/10"":195.668,""9+/10"":9.446,""7/10"":222.524}","{""level_ice"":423.227,""fast_ice"":361.385,""very_open_ice"":195.668,""very_close_ice"":68.93,""new_ice"":222.524}",EPSG:4326
2022-12-29,2022/23,2703.339,1682.871,62.25,361.385,13.37,6.8,20.0,1.0,"{""9/10"":433.044,""10/10"":361.385,""7/10"":888.442}","{""level_ice"":423.134,""fast_ice"":361.385,""new_ice"":888.442,""very_close_ice"":9.91}",EPSG:4326
2022-12-30,2022/23,2703.339,873.213,32.3,361.385,13.37,11.1,20.0,1.0,"{""9/10"":437.466,""10/10"":361.385,""2/10"":74.363}","{""level_ice"":385.316,""fast_ice"":361.385,""very_close_ice"":52.149,""very_open_ice"":74.363}",EPSG:4326
2022-12-31,2022/23,2703.339,1026.958,37.99,361.385,13.37,9.8,20.0,1.0,"{""9/10"":449.89,""10/10"":361.385,""2/10"":78.74,""1/10"":136.943}","{""level_ice"":384.623,""fast_ice"":361.385,""very_close_ice"":65.267,""very_open_ice"":215.683}",EPSG:4326
2023-01-01,2022/23,2703.339,1145.709,42.38,361.385,13.37,10.0,20.0,2.0,"{""9/10"":344.009,""10/10"":361.385,""2/10"":251.787,""8/10"":188.529}","{""level_ice"":344.009,""fast_ice"":361.385,""very_open_ice"":251.787,""close_ice"":188.529}",EPSG:4326
2023-01-02,2022/23,2703.339,1507.297,55.76,686.923,25.41,12.4,25.0,2.0,"{""10/10"":686.923,""2/10"":820.374}","{""fast_ice"":686.923,""very_open_ice"":820.374}",EPSG:4326
2023-01-03,2022/23,2703.339,1936.218,71.62,686.923,25.41,9.1,25.0,1.0,"{""10/10"":686.923,""8/10"":1215.143,""9+/10"":34.151}","{""fast_ice"":686.923,""new_ice"":1215.143,""very_close_ice"":34.151}",EPSG:4326
2023-01-04,2022/23,2703.339,2303.476,85.21,686.923,25.41,8.1,25.0,1.0,"{""10/10"":686.923,""9/10"":1603.747,""2/10"":12.806}","{""fast_ice"":686.923,""new_ice"":1603.747,""very_open_ice"":12.806}",EPSG:4326
2023-01-05,2022/23,2703.339,2221.549,82.18,686.923,25.41,9.9,25.0,3.0,"{""10/10"":686.923,""8/10"":1446.9,""9+/10"":44.069,""2/10"":43.657}","{""fast_ice"":686.923,""new_ice"":1446.9,""very_close_ice"":44.069,""very_open_ice"":43.657}",EPSG:4326
2023-01-06,2022/23,2703.339,2386.026,88.26,686.923,25.41,9.2,30.0,1.0,"{""10/10"":686.923,""9/10"":1214.269,""8/10"":484.833}","{""fast_ice"":686.923,""very_close_ice"":150.651,""level_ice"":1063.618,""new_ice"":484.833}",EPSG:4326
2023-01-07,2022/23,2703.339,2415.047,89.34,686.923,25.41,8.7,30.0,1.0,"{""10/10"":686.923,""9/10"":1061.171,""8/10"":666.954}","{""fast_ice"":686.923,""level_ice"":1061.171,""new_ice"":666.954}",EPSG:4326
2023-01-08,2022/23,2703.339,2258.82,83.56,686.923,25.41,9.3,30.0,1.0,"{""10/10"":686.923,""9/10"":633.561,""9+/10"":170.173,""7/10"":768.162}","{""fast_ice"":686.923,""level_ice"":633.561,""very_close_ice"":170.173,""new_ice"":768.162}",EPSG:4326
2023-01-09,2022/23,2703.339,1787.883,66.14,686.923,25.41,10.8,30.0,1.0,"{""10/10"":686.923,""9+/10"":197.17,""9/10"":405.385,""8/10"":498.406}","{""fast_ice"":686.923,""very_close_ice"":197.17,""level_ice"":405.385,""new_ice"":498.406}",EPSG:4326
2023-01-10,2022/23,2703.339,1937.729,71.68,686.923,25.41,11.3,30.0,2.0,"{""9/10"":460.556,""10/10"":686.923,""9+/10"":184.724,""3/10"":154.934,""2/10"":52.451,""6/10"":398.141}","{""level_ice"":460.556,""fast_ice"":686.923,""very_close_ice"":184.724,""very_open_ice"":207.385,""open_ice"":398.141}",EPSG:4326
2023-01-11,2022/23,2703.339,2379.732,88.03,686.923,25.41,9.7,30.0,1.0,"{""9/10"":460.556,""10/10"":686.923,""9+/10"":185.836,""2/10"":467.748,""5/10"":578.668}","{""level_ice"":460.556,""fast_ice"":686.923,""very_close_ice"":185.836,""very_open_ice"":467.748,""open_ice"":578.668}",EPSG:4326
2023-01-12,2022/23,2703.339,1530.353,56.61,686.923,25.41,13.3,30.0,2.0,"{""9+/10"":215.845,""9/10"":457.916,""10/10"":686.923,""1/10"":169.67}","{""very_close_ice"":215.845,""level_ice"":457.916,""fast_ice"":686.923,""very_open_ice"":169.67}",EPSG:4326
2023-01-13,2022/23,2703.339,1337.517,49.48,686.923,25.41,14.8,30.0,5.0,"{""9/10"":455.651,""10/10"":686.923,""9+/10"":194.943}","{""level_ice"":455.651,""fast_ice"":686.923,""very_close_ice"":194.943}",EPSG:4326
2023-01-14,2022/23,2703.339,1595.408,59.02,686.923,25.41,15.4,30.0,1.0,"{""9+/10"":709.532,""10/10"":686.923,""7/10"":198.953}","{""very_close_ice"":709.532,""fast_ice"":686.923,""new_ice"":198.953}",EPSG:4326
2023-01-15,2022/23,2703.339,2484.614,91.91,686.923,25.41,10.4,30.0,1.0,"{""9+/10"":602.774,""10/10"":686.923,""7/10"":1187.894,""8/10"":7.024}","{""very_close_ice"":602.774,""fast_ice"":686.923,""new_ice"":1122.377,""close_ice"":72.541}",EPSG:4326
2023-01-16,2022/23,2703.339,1306.373,48.32,686.923,25.41,23.1,40.0,5.0,"{""9+/10"":619.45,""10/10"":686.923}","{""very_close_ice"":619.45,""fast_ice"":686.923}",EPSG:4326
2023-01-17,2022/23,2703.339,1785.2,66.04,686.923,25.41,20.8,40.0,2.0,"{""8/10"":370.136,""9+/10"":699.454,""10/10"":686.923,""6/10"":28.687}","{""close_ice"":370.136,""very_close_ice"":699.454,""fast_ice"":686.923,""open_ice"":28.687}",EPSG:4326
2023-01-18,2022/23,2703.339,1894.528,70.08,686.923,25.41,20.5,40.0,2.0,"{""9+/10"":829.707,""10/10"":686.923,""8/10"":149.251,""5/10"":228.646}","{""very_close_ice"":829.707,""fast_ice"":686.923,""close_ice"":149.251,""open_ice"":228.646}",EPSG:4326
2023-01-19,2022/23,2703.339,1973.336,73.0,686.923,25.41,16.4,40.0,1.0,"{""9+/10"":688.79,""10/10"":686.923,""7/10"":597.623}","{""very_close_ice"":688.79,""fast_ice"":686.923,""new_ice"":597.623}",EPSG:4326
2023-01-20,2022/23,2703.339,2220.967,82.16,686.923,25.41,15.3,40.0,1.0,"{""9+/10"":723.936,""10/10"":686.923,""7/10"":810.108}","{""very_close_ice"":723.936,""fast_ice"":686.923,""new_ice"":810.108}",EPSG:4326
2023-01-21,2022/23,2703.339,2511.308,92.9,686.923,25.41,14.1,40.0,1.0,"{""9+/10"":617.702,""10/10"":686.923,""7/10"":1068.587,""8/10"":138.095}","{""very_close_ice"":617.702,""fast_ice"":686.923,""new_ice"":1068.587,""close_ice"":138.095}",EPSG:4326
2023-01-22,2022/23,2703.339,2511.308,92.9,686.923,25.41,15.4,45.0,1.0,"{""9+/10"":644.743,""10/10"":686.923,""7/10"":1068.587,""8/10"":111.055}","{""very_close_ice"":644.743,""fast_ice"":686.923,""new_ice"":1068.587,""close_ice"":111.055}",EPSG:4326
2023-01-23,2022/23,2703.339,1916.122,70.88,807.854,29.88,20.2,45.0,1.0,"{""10/10"":807.854,""9+/10"":431.244,""7/10"":536.217,""8/10"":130.063,""2/10"":10.743}","{""fast_ice"":807.854,""very_close_ice"":431.244,""new_ice"":536.217,""close_ice"":130.063,""very_open_ice"":10.743}",EPSG:4326
2023-01-24,2022/23,2703.339,2055.129,76.02,807.854,29.88,20.3,45.0,1.0,"{""10/10"":807.854,""9+/10"":479.502,""7/10"":767.773}","{""fast_ice"":807.854,""very_close_ice"":479.502,""new_ice"":456.045,""close_ice"":311.728}",EPSG:4326
2023-01-25,2022/23,2703.339,1955.615,72.34,806.675,29.84,21.0,45.0,2.0,"{""10/10"":806.675,""2/10"":504.193,""9+/10"":446.999,""7/10"":197.749}","{""fast_ice"":806.675,""very_open_ice"":504.193,""very_close_ice"":446.999,""close_ice"":197.749}",EPSG:4326
2023-01-26,2022/23,2703.339,2083.642,77.08,791.497,29.28,23.2,45.0,2.0,"{""10/10"":791.497,""9+/10"":529.457,""2/10"":30.735,""8/10"":264.44,""5/10"":427.979,""1/10"":39.534}","{""fast_ice"":791.497,""very_close_ice"":529.457,""very_open_ice"":70.269,""close_ice"":264.44,""open_ice"":427.979}",EPSG:4326
2023-01-27,2022/23,2703.339,2573.455,95.2,791.497,29.28,17.6,45.0,1.0,"{""10/10"":791.497,""9+/10"":246.562,""9/10"":176.366,""7/10"":859.007,""2/10"":151.424,""8/10"":348.597}","{""fast_ice"":791.497,""very_close_ice"":422.929,""new_ice"":859.007,""very_open_ice"":151.424,""close_ice"":348.597}",EPSG:4326
2023-01-28,2022/23,2703.339,2278.703,84.29,791.497,29.28,17.6,45.0,2.0,"{""10/10"":791.497,""9+/10"":239.816,""8/10"":837.662,""9/10"":5.407,""7/10"":404.32}","{""fast_ice"":791.497,""very_close_ice"":245.224,""new_ice"":837.662,""close_ice"":404.32}",EPSG:4326
2023-01-29,2022/23,2703.339,2020.922,74.76,796.944,29.48,21.5,45.0,5.0,"{""9+/10"":176.966,""10/10"":796.944,""9/10"":9.895,""3/10"":591.049,""7/10"":223.994,""4/10"":222.074}","{""very_close_ice"":186.861,""fast_ice"":796.944,""very_open_ice"":591.049,""close_ice"":223.994,""open_ice"":222.074}",EPSG:4326
2023-01-30,2022/23,2703.339,2674.049,98.92,796.944,29.48,18.5,45.0,1.0,"{""9+/10"":278.208,""10/10"":796.944,""7/10"":1538.776,""1/10"":60.12}","{""very_close_ice"":278.208,""fast_ice"":796.944,""new_ice"":570.92,""close_ice"":967.856,""very_open_ice"":60.12}",EPSG:4326
2023-01-31,2022/23,2703.339,2674.049,98.92,794.42,29.39,17.0,45.0,1.0,"{""9+/10"":449.806,""10/10"":794.42,""2/10"":49.028,""7/10"":479.573,""8/10"":901.222}","{""very_close_ice"":449.806,""fast_ice"":794.42,""very_open_ice"":49.028,""close_ice"":479.573,""new_ice"":901.222}",EPSG:4326
2023-02-01,2022/23,2703.339,2674.049,98.92,794.256,29.38,15.8,45.0,1.0,"{""7/10"":194.836,""9+/10"":412.85,""10/10"":794.256,""8/10"":1272.107}","{""close_ice"":194.836,""very_close_ice"":412.85,""fast_ice"":794.256,""new_ice"":1272.107}",EPSG:4326
2023-02-02,2022/23,2703.339,2674.049,98.92,794.256,29.38,13.9,45.0,1.0,"{""9+/10"":95.775,""7/10"":22.914,""10/10"":794.256,""8/10"":1657.526,""9/10"":103.578}","{""very_close_ice"":199.353,""close_ice"":22.914,""fast_ice"":794.256,""new_ice"":1657.526}",EPSG:4326
2023-02-03,2022/23,2703.339,2674.049,98.92,794.256,29.38,14.0,45.0,2.0,"{""9+/10"":95.775,""7/10"":16.184,""10/10"":794.256,""8/10"":1413.541,""9/10"":354.294}","{""very_close_ice"":95.775,""close_ice"":16.184,""fast_ice"":794.256,""new_ice"":1413.541,""level_ice"":354.294}",EPSG:4326
2023-02-04,2022/23,2703.339,2674.049,98.92,794.256,29.38,14.3,45.0,2.0,"{""9+/10"":95.775,""7/10"":16.184,""10/10"":794.256,""9/10"":1130.006,""8/10"":637.829}","{""very_close_ice"":95.775,""close_ice"":16.184,""fast_ice"":794.256,""level_ice"":1130.006,""new_ice"":637.829}",EPSG:4326
2023-02-05,2022/23,2703.339,2674.049,98.92,794.256,29.38,14.3,45.0,1.0,"{""9+/10"":95.775,""7/10"":355.637,""10/10"":794.256,""9/10"":1428.381}","{""very_close_ice"":95.775,""close_ice"":16.184,""fast_ice"":794.256,""level_ice"":1428.381,""new_ice"":339.453}",EPSG:4326
2023-02-06,2022/23,2703.339,2674.049,98.92,794.256,29.38,14.3,45.0,1.0,"{""7/10"":196.001,""10/10"":797.306,""9+/10"":92.725,""9/10"":1588.017}","{""close_ice"":16.184,""consolidated_ice"":3.05,""fast_ice"":794.256,""very_close_ice"":92.725,""new_ice"":272.381,""level_ice"":1495.454}",EPSG:4326
2023-02-07,2022/23,2703.339,2674.049,98.92,807.134,29.86,14.5,45.0,1.0,"{""10/10"":810.184,""9+/10"":92.725,""9/10"":1605.303,""7/10"":165.838}","{""consolidated_ice"":3.05,""fast_ice"":807.134,""very_close_ice"":92.725,""level_ice"":1605.303,""new_ice"":165.838}",EPSG:4326
2023-02-08,2022/23,2703.339,2674.049,98.92,807.134,29.86,17.2,45.0,3.0,"{""10/10"":810.184,""9+/10"":1321.921,""5/10"":80.746,""2/10"":149.602,""9/10"":311.596}","{""consolidated_ice"":3.05,""very_close_ice"":1321.921,""fast_ice"":807.134,""open_ice"":80.746,""very_open_ice"":149.602,""level_ice"":311.596}",EPSG:4326
2023-02-09,2022/23,2703.339,2668.698,98.72,807.134,29.86,14.9,45.0,3.0,"{""10/10"":810.184,""9/10"":252.397,""9+/10"":101.552,""2/10"":877.825,""5/10"":626.741}","{""consolidated_ice"":3.05,""fast_ice"":807.134,""level_ice"":252.397,""very_close_ice"":101.552,""very_open_ice"":877.825,""open_ice"":626.741}",EPSG:4326
2023-02-10,2022/23,2703.339,2262.356,83.69,807.134,29.86,16.7,45.0,3.0,"{""10/10"":810.184,""9+/10"":119.441,""9/10"":264.338,""2/10"":453.925,""5/10"":614.469}","{""consolidated_ice"":3.05,""fast_ice"":807.134,""very_close_ice"":119.441,""level_ice"":264.338,""very_open_ice"":453.925,""open_ice"":614.469}",EPSG:4326
2023-02-11,2022/23,2703.339,2674.049,98.92,800.627,29.62,14.9,45.0,1.0,"{""10/10"":803.677,""9+/10"":79.06,""9/10"":114.352,""3/10"":764.422,""7/10"":372.747,""8/10"":80.086,""5/10"":459.706}","{""consolidated_ice"":3.05,""fast_ice"":800.627,""very_close_ice"":79.06,""level_ice"":114.352,""very_open_ice"":764.422,""new_ice"":395.568,""close_ice"":57.264,""open_ice"":459.706}",EPSG:4326
2023-02-12,2022/23,2703.339,2674.049,98.92,800.627,29.62,14.0,45.0,1.0,"{""10/10"":803.677,""9+/10"":79.06,""9/10"":114.352,""8/10"":1423.279,""6/10"":253.682}","{""consolidated_ice"":3.05,""fast_ice"":800.627,""very_close_ice"":79.06,""level_ice"":114.352,""close_ice"":22.127,""new_ice"":1401.151,""open_ice"":253.682}",EPSG:4326
2023-02-13,2022/23,2703.339,2674.049,98.92,800.627,29.62,15.4,55.0,1.0,"{""10/10"":803.677,""9+/10"":79.06,""9/10"":114.352,""2/10"":1446.119,""5/10"":230.841}","{""consolidated_ice"":3.05,""fast_ice"":800.627,""very_close_ice"":79.06,""level_ice"":114.352,""very_open_ice"":1446.119,""open_ice"":230.841}",EPSG:4326
2023-02-14,2022/23,2703.339,2674.049,98.92,800.627,29.62,16.9,55.0,3.0,"{""10/10"":800.92,""9+/10"":95.966,""2/10"":1302.804,""9/10"":6.317,""5/10"":21.231,""8/10"":446.811}","{""consolidated_ice"":0.293,""fast_ice"":800.627,""very_close_ice"":95.966,""very_open_ice"":1302.804,""level_ice"":6.317,""open_ice"":21.231,""close_ice"":446.811}",EPSG:4326
2023-02-15,2022/23,2703.339,2674.049,98.92,800.627,29.62,16.1,55.0,3.0,"{""10/10"":800.92,""9+/10"":95.966,""9/10"":1750.059,""5/10"":21.231,""8/10"":5.873}","{""consolidated_ice"":0.293,""fast_ice"":800.627,""very_close_ice"":95.966,""level_ice"":1750.059,""open_ice"":21.231,""close_ice"":5.873}",EPSG:4326
2023-02-16,2022/23,2703.339,2674.049,98.92,800.627,29.62,17.6,60.0,3.0,"{""10/10"":800.92,""9+/10"":206.261,""9/10"":86.646,""5/10"":1580.222}","{""consolidated_ice"":0.293,""fast_ice"":800.627,""very_close_ice"":206.261,""level_ice"":86.646,""open_ice"":1580.222}",EPSG:4326
2023-02-17,2022/23,2703.339,2622.981,97.03,789.891,29.22,17.6,60.0,3.0,"{""10/10"":790.184,""9/10"":17.028,""9+/10"":258.708,""2/10"":151.198,""5/10"":1405.863}","{""consolidated_ice"":0.293,""fast_ice"":789.891,""level_ice"":17.028,""very_close_ice"":258.708,""very_open_ice"":151.198,""open_ice"":1405.863}",EPSG:4326
2023-02-18,2022/23,2703.339,2622.981,97.03,789.891,29.22,16.6,60.0,1.0,"{""10/10"":790.184,""9+/10"":258.708,""9/10"":17.028,""2/10"":151.198,""7/10"":877.308,""5/10"":528.555}","{""consolidated_ice"":0.293,""fast_ice"":789.891,""very_close_ice"":258.708,""level_ice"":17.028,""very_open_ice"":151.198,""new_ice"":877.308,""open_ice"":528.555}",EPSG:4326
2023-02-19,2022/23,2703.339,2674.049,98.92,789.891,29.22,17.5,60.0,1.0,"{""10/10"":794.774,""9+/10"":375.97,""9/10"":12.332,""7/10"":1143.739,""2/10"":86.799,""5/10"":260.435}","{""consolidated_ice"":4.883,""fast_ice"":789.891,""very_close_ice"":375.97,""level_ice"":12.332,""new_ice"":1143.739,""very_open_ice"":86.799,""open_ice"":260.435}",EPSG:4326
2023-02-20,2022/23,2703.339,2674.049,98.92,789.891,29.22,17.9,60.0,1.0,"{""10/10"":794.774,""9+/10"":437.56,""9/10"":12.332,""7/10"":1010.773,""5/10"":418.61}","{""consolidated_ice"":4.883,""fast_ice"":789.891,""very_close_ice"":437.56,""level_ice"":12.332,""new_ice"":1010.773,""open_ice"":418.61}",EPSG:4326
2023-02-21,2022/23,2703.339,2674.049,98.92,808.042,29.89,20.2,60.0,3.0,"{""10/10"":812.925,""9+/10"":673.598,""9/10"":1187.526}","{""consolidated_ice"":4.883,""fast_ice"":808.042,""very_close_ice"":673.598,""level_ice"":1187.526}",EPSG:4326
2023-02-22,2022/23,2703.339,2674.049,98.92,814.058,30.11,20.6,60.0,5.0,"{""10/10"":818.941,""9+/10"":463.122,""9/10"":1391.986}","{""consolidated_ice"":4.883,""fast_ice"":814.058,""very_close_ice"":463.122,""level_ice"":1391.986}",EPSG:4326
2023-02-23,2022/23,2703.339,2674.049,98.92,814.058,30.11,21.4,60.0,5.0,"{""10/10"":818.941,""9+/10"":359.117,""9/10"":1495.991}","{""consolidated_ice"":4.883,""fast_ice"":814.058,""very_close_ice"":578.646,""level_ice"":1276.462}",EPSG:4326
2023-02-24,2022/23,2703.339,2674.049,98.92,814.058,30.11,21.5,60.0,5.0,"{""10/10"":818.941,""9+/10"":359.117,""9/10"":1404.598,""2/10"":91.393}","{""consolidated_ice"":4.883,""fast_ice"":814.058,""very_close_ice"":565.038,""level_ice"":1198.677,""very_open_ice"":91.393}",EPSG:4326
2023-02-25,2022/23,2703.339,2674.049,98.92,814.058,30.11,21.5,60.0,2.0,"{""10/10"":814.266,""9+/10"":534.638,""9/10"":833.507,""7/10"":491.638}","{""consolidated_ice"":0.208,""fast_ice"":814.058,""very_close_ice"":1132.0,""level_ice"":236.145,""new_ice"":491.638}",EPSG:4326
2023-02-26,2022/23,2703.339,2674.049,98.92,895.517,33.13,24.9,60.0,2.0,"{""10/10"":895.725,""9+/10"":825.132,""9/10"":867.371,""8/10"":85.821}","{""consolidated_ice"":0.208,""fast_ice"":895.517,""very_close_ice"":1123.915,""level_ice"":568.587,""new_ice"":85.821}",EPSG:4326
2023-02-27,2022/23,2703.339,2674.049,98.92,895.517,33.13,24.7,60.0,2.0,"{""10/10"":895.725,""9+/10"":1435.106,""9/10"":343.217}","{""consolidated_ice"":0.208,""fast_ice"":895.517,""very_close_ice"":1106.642,""level_ice"":671.682}",EPSG:4326
2023-02-28,2022/23,2703.339,2674.049,98.92,895.517,33.13,23.9,60.0,3.0,"{""9/10"":388.694,""10/10"":895.725,""9+/10"":686.84,""6/10"":195.678,""2/10"":507.112}","{""very_close_ice"":1075.534,""consolidated_ice"":0.208,""fast_ice"":895.517,""open_ice"":195.678,""very_open_ice"":507.112}",EPSG:4326
2023-03-01,2022/23,2703.339,2603.294,96.3,895.517,33.13,26.3,60.0,5.0,"{""9/10"":28.6,""10/10"":895.725,""9+/10"":753.456,""6/10"":452.365,""2/10"":473.148}","{""very_close_ice"":782.056,""consolidated_ice"":0.208,""fast_ice"":895.517,""open_ice"":452.365,""very_open_ice"":473.148}",EPSG:4326
2023-03-02,2022/23,2703.339,2512.266,92.93,895.517,33.13,25.4,60.0,5.0,"{""9/10"":149.199,""10/10"":895.725,""9+/10"":477.83,""3/10"":989.511}","{""very_close_ice"":627.03,""consolidated_ice"":0.208,""fast_ice"":895.517,""very_open_ice"":989.511}",EPSG:4326
2023-03-03,2022/23,2703.339,2533.828,93.73,895.517,33.13,24.9,60.0,5.0,"{""10/10"":895.725,""9/10"":53.815,""9+/10"":417.194,""3/10"":1103.053,""5/10"":64.041}","{""consolidated_ice"":0.208,""very_close_ice"":471.009,""fast_ice"":895.517,""very_open_ice"":1103.053,""open_ice"":64.041}",EPSG:4326
2023-03-04,2022/23,2703.339,2555.279,94.52,895.517,33.13,24.2,60.0,5.0,"{""10/10"":895.725,""9+/10"":290.797,""9/10"":31.457,""3/10"":1319.981,""8/10"":17.32}","{""consolidated_ice"":0.208,""fast_ice"":895.517,""very_close_ice"":322.253,""very_open_ice"":1319.981,""close_ice"":17.32}",EPSG:4326
2023-03-05,2022/23,2703.339,2674.049,98.92,895.517,33.13,20.1,60.0,2.0,"{""10/10"":895.725,""9+/10"":290.797,""8/10"":47.105,""7/10"":1321.653,""5/10"":118.77}","{""consolidated_ice"":0.208,""fast_ice"":895.517,""very_close_ice"":290.797,""close_ice"":47.105,""new_ice"":1321.653,""open_ice"":118.77}",EPSG:4326
2023-03-06,2022/23,2703.339,2674.049,98.92,895.517,33.13,21.3,60.0,1.0,"{""10/10"":895.725,""9+/10"":258.758,""8/10"":95.441,""7/10"":653.195,""9/10"":770.929}","{""consolidated_ice"":0.208,""fast_ice"":895.517,""very_close_ice"":258.758,""close_ice"":95.441,""new_ice"":653.195,""level_ice"":770.929}",EPSG:4326
2023-03-07,2022/23,2703.339,2674.049,98.92,895.517,33.13,21.7,60.0,1.0,"{""10/10"":895.725,""9+/10"":258.758,""9/10"":968.359,""7/10"":551.207}","{""consolidated_ice"":0.208,""fast_ice"":895.517,""very_close_ice"":423.211,""new_ice"":551.207,""level_ice"":803.906}",EPSG:4326
2023-03-08,2022/23,2703.339,2674.049,98.92,895.517,33.13,22.2,60.0,1.0,"{""10/10"":895.725,""9+/10"":253.372,""9/10"":1023.784,""7/10"":501.169}","{""consolidated_ice"":0.208,""fast_ice"":895.517,""very_close_ice"":502.233,""level_ice"":774.922,""new_ice"":501.169}",EPSG:4326
2023-03-09,2022/23,2703.339,2674.049,98.92,895.517,33.13,21.9,60.0,1.0,"{""10/10"":895.725,""9+/10"":253.372,""7/10"":391.747,""9/10"":1133.205}","{""consolidated_ice"":0.208,""fast_ice"":895.517,""very_close_ice"":398.463,""new_ice"":391.747,""level_ice"":988.113}",EPSG:4326
2023-03-10,2022/23,2703.339,2674.049,98.92,895.517,33.13,22.0,60.0,2.0,"{""10/10"":895.725,""9+/10"":63.904,""9/10"":1445.556,""8/10"":112.166,""7/10"":156.698}","{""consolidated_ice"":0.208,""fast_ice"":895.517,""very_close_ice"":250.622,""level_ice"":1258.838,""new_ice"":268.864}",EPSG:4326
2023-03-11,2022/23,2703.339,2674.049,98.92,1036.288,38.33,28.2,60.0,3.0,"{""9+/10"":21.186,""10/10"":1036.496,""9/10"":1616.366}","{""very_close_ice"":787.293,""fast_ice"":1036.288,""level_ice"":850.26,""consolidated_ice"":0.208}",EPSG:4326
2023-03-12,2022/23,2703.339,2674.049,98.92,1036.288,38.33,28.2,60.0,3.0,"{""9+/10"":21.186,""10/10"":1036.496,""9/10"":1616.366}","{""very_close_ice"":787.293,""fast_ice"":1036.288,""level_ice"":850.26,""consolidated_ice"":0.208}",EPSG:4326
2023-03-13,2022/23,2703.339,2674.049,98.92,1036.288,38.33,29.2,60.0,1.0,"{""9+/10"":21.186,""10/10"":1036.496,""9/10"":1576.484,""7/10"":39.882}","{""very_close_ice"":488.482,""fast_ice"":1036.288,""consolidated_ice"":0.208,""level_ice"":1109.189,""new_ice"":39.882}",EPSG:4326
2023-03-14,2022/23,2703.339,2674.049,98.92,1036.288,38.33,29.3,60.0,5.0,"{""9+/10"":21.186,""9/10"":1616.366,""10/10"":1036.496}","{""very_close_ice"":464.959,""fast_ice"":1036.288,""consolidated_ice"":0.208,""level_ice"":1172.594}",EPSG:4326
2023-03-15,2022/23,2703.339,2674.049,98.92,1036.288,38.33,29.7,60.0,3.0,"{""9/10"":1329.741,""9+/10"":307.812,""10/10"":1036.496}","{""very_close_ice"":464.959,""fast_ice"":1036.288,""consolidated_ice"":0.208,""new_ice"":106.237,""level_ice"":1066.357}",EPSG:4326
2023-03-16,2022/23,2703.339,2261.176,83.64,1036.288,38.33,32.8,60.0,1.0,"{""9+/10"":25.788,""9/10"":1198.892,""10/10"":1036.496}","{""very_close_ice"":505.457,""fast_ice"":1036.288,""consolidated_ice"":0.208,""level_ice"":655.074,""new_ice"":64.15}",EPSG:4326
2023-03-17,2022/23,2703.339,2674.049,98.92,1036.288,38.33,29.9,60.0,1.0,"{""9/10"":1261.64,""9+/10"":25.788,""10/10"":1036.496,""7/10"":350.125}","{""very_close_ice"":868.893,""consolidated_ice"":0.208,""fast_ice"":1036.288,""level_ice"":418.535,""new_ice"":350.125}",EPSG:4326
2023-03-18,2022/23,2703.339,2674.049,98.92,1036.288,38.33,34.3,60.0,5.0,"{""9/10"":1235.701,""10/10"":1036.496,""9+/10"":401.852}","{""very_close_ice"":1345.341,""consolidated_ice"":0.208,""fast_ice"":1036.288,""level_ice"":292.212}",EPSG:4326
2023-03-19,2022/23,2703.339,2674.049,98.92,1036.288,38.33,33.9,60.0,1.0,"{""9+/10"":773.767,""10/10"":1036.496,""9/10"":768.645,""7/10"":95.141}","{""very_close_ice"":1542.412,""fast_ice"":1036.288,""consolidated_ice"":0.208,""new_ice"":95.141}",EPSG:4326
2023-03-20,2022/23,2703.339,2674.049,98.92,1036.288,38.33,35.7,60.0,5.0,"{""9+/10"":768.663,""10/10"":1036.496,""9/10"":825.214,""2/10"":43.676}","{""very_close_ice"":1593.877,""fast_ice"":1036.288,""consolidated_ice"":0.208,""very_open_ice"":43.676}",EPSG:4326
2023-03-21,2022/23,2703.339,2674.049,98.92,1036.288,38.33,38.7,65.0,5.0,"{""9+/10"":1323.182,""10/10"":1036.496,""9/10"":270.695,""2/10"":43.676}","{""very_close_ice"":1593.877,""fast_ice"":1036.288,""consolidated_ice"":0.208,""very_open_ice"":43.676}",EPSG:4326
2023-03-22,2022/23,2703.339,2674.049,98.92,1036.288,38.33,38.4,65.0,5.0,"{""9+/10"":1366.858,""10/10"":1036.496,""9/10"":270.695}","{""very_close_ice"":1637.553,""fast_ice"":1036.288,""consolidated_ice"":0.208}",EPSG:4326
2023-03-23,2022/23,2703.339,2674.049,98.92,1036.288,38.33,38.6,65.0,5.0,"{""9+/10"":1317.462,""10/10"":1036.496,""9/10"":260.954,""3/10"":59.137}","{""very_close_ice"":1578.416,""fast_ice"":1036.288,""consolidated_ice"":0.208,""very_open_ice"":59.137}",EPSG:4326
2023-03-24,2022/23,2703.339,2674.049,98.92,1036.288,38.33,39.0,65.0,10.0,"{""9+/10"":1289.306,""10/10"":1036.496,""9/10"":260.954,""3/10"":87.293}","{""very_close_ice"":1550.26,""fast_ice"":1036.288,""consolidated_ice"":0.208,""very_open_ice"":87.293}",EPSG:4326
2023-03-25,2022/23,2703.339,2674.049,98.92,1036.288,38.33,40.3,65.0,5.0,"{""9+/10"":1435.481,""9/10"":202.072,""10/10"":1036.496}","{""very_close_ice"":1474.675,""level_ice"":162.878,""fast_ice"":1036.288,""consolidated_ice"":0.208}",EPSG:4326
2023-03-26,2022/23,2703.339,2674.049,98.92,1036.288,38.33,39.6,65.0,5.0,"{""9+/10"":1407.196,""10/10"":1036.496,""9/10"":230.357}","{""very_close_ice"":1446.39,""fast_ice"":1036.288,""consolidated_ice"":0.208,""level_ice"":191.163}",EPSG:4326
2023-03-27,2022/23,2703.339,2674.049,98.92,1036.288,38.33,38.8,65.0,5.0,"{""9+/10"":1151.887,""10/10"":1267.988,""9/10"":254.174}","{""very_close_ice"":1191.081,""fast_ice"":1036.288,""consolidated_ice"":231.7,""level_ice"":214.98}",EPSG:4326
2023-03-28,2022/23,2703.339,2674.049,98.92,1036.288,38.33,38.5,65.0,2.0,"{""9+/10"":1118.193,""10/10"":1267.988,""9/10"":234.365,""7/10"":53.503}","{""very_close_ice"":1157.387,""consolidated_ice"":231.7,""fast_ice"":1036.288,""level_ice"":195.171,""new_ice"":53.503}",EPSG:4326
2023-03-29,2022/23,2703.339,2674.049,98.92,1036.288,38.33,35.9,65.0,1.0,"{""9+/10"":1000.825,""10/10"":1267.988,""9/10"":337.069,""7/10"":68.167}","{""very_close_ice"":1017.777,""consolidated_ice"":231.7,""fast_ice"":1036.288,""level_ice"":297.874,""new_ice"":90.41}",EPSG:4326
2023-03-30,2022/23,2703.339,2674.049,98.92,1036.288,38.33,35.0,65.0,1.0,"{""10/10"":1285.943,""9+/10"":908.839,""9/10"":95.812,""7/10"":383.455}","{""consolidated_ice"":249.655,""fast_ice"":1036.288,""very_close_ice"":948.033,""level_ice"":56.617,""new_ice"":383.455}",EPSG:4326
2023-03-31,2022/23,2703.339,2674.049,98.92,1036.288,38.33,33.4,65.0,1.0,"{""10/10"":1285.943,""9/10"":270.019,""9+/10"":766.923,""7/10"":351.164}","{""consolidated_ice"":249.655,""fast_ice"":1036.288,""very_close_ice"":806.117,""new_ice"":581.989}",EPSG:4326
2023-04-01,2022/23,2703.339,2674.049,98.92,1036.288,38.33,32.9,65.0,2.0,"{""10/10"":1285.943,""9/10"":39.194,""9+/10"":653.826,""7/10"":695.086}","{""consolidated_ice"":249.655,""fast_ice"":1036.288,""very_close_ice"":693.02,""new_ice"":695.086}",EPSG:4326
2023-04-02,2022/23,2703.339,2674.049,98.92,1036.288,38.33,32.4,65.0,2.0,"{""10/10"":1285.943,""9/10"":272.85,""9+/10"":525.8,""7/10"":589.457}","{""consolidated_ice"":249.655,""fast_ice"":1036.288,""very_close_ice"":564.994,""new_ice"":589.457,""level_ice"":233.656}",EPSG:4326
2023-04-03,2022/23,2703.339,2674.049,98.92,1036.288,38.33,31.1,65.0,2.0,"{""10/10"":1285.943,""9/10"":39.194,""9+/10"":438.952,""7/10"":659.835,""8/10"":250.126}","{""consolidated_ice"":249.655,""fast_ice"":1036.288,""very_close_ice"":478.146,""new_ice"":659.835,""close_ice"":250.126}",EPSG:4326
2023-04-04,2022/23,2703.339,2674.049,98.92,1036.288,38.33,32.1,65.0,2.0,"{""10/10"":1346.323,""9+/10"":675.687,""9/10"":652.038}","{""consolidated_ice"":310.035,""fast_ice"":1036.288,""very_close_ice"":675.687,""new_ice"":652.038}",EPSG:4326
2023-04-05,2022/23,2703.339,2674.049,98.92,1036.288,38.33,33.4,65.0,5.0,"{""10/10"":1340.625,""9/10"":657.737,""9+/10"":675.687}","{""consolidated_ice"":304.337,""fast_ice"":1036.288,""level_ice"":657.737,""very_close_ice"":675.687}",EPSG:4326
2023-04-06,2022/23,2703.339,2674.049,98.92,1036.288,38.33,33.4,65.0,5.0,"{""10/10"":1340.625,""9/10"":657.737,""9+/10"":675.687}","{""consolidated_ice"":304.337,""fast_ice"":1036.288,""level_ice"":657.737,""very_close_ice"":675.687}",EPSG:4326
2023-04-07,2022/23,2703.339,2674.049,98.92,1036.288,38.33,33.9,65.0,5.0,"{""10/10"":1340.625,""9/10"":607.671,""9+/10"":725.753}","{""consolidated_ice"":304.337,""fast_ice"":1036.288,""level_ice"":607.671,""very_close_ice"":725.753}",EPSG:4326
2023-04-08,2022/23,2703.339,2674.049,98.92,1036.288,38.33,34.9,65.0,5.0,"{""10/10"":1340.625,""2/10"":152.856,""9/10"":462.938,""9+/10"":717.631}","{""fast_ice"":1036.288,""consolidated_ice"":304.337,""very_open_ice"":152.856,""very_close_ice"":1180.568}",EPSG:4326
2023-04-09,2022/23,2703.339,2674.049,98.92,1057.682,39.13,35.1,65.0,5.0,"{""10/10"":1340.625,""9+/10"":716.147,""2/10"":207.462,""9/10"":409.815}","{""fast_ice"":1057.682,""consolidated_ice"":282.942,""very_close_ice"":1125.962,""very_open_ice"":207.462}",EPSG:4326
2023-04-10,2022/23,2703.339,2674.049,98.92,1057.682,39.13,36.4,65.0,5.0,"{""10/10"":1340.625,""9+/10"":706.949,""9/10"":507.023,""1/10"":119.451}","{""fast_ice"":1057.682,""consolidated_ice"":282.942,""very_close_ice"":1213.973,""very_open_ice"":119.451}",EPSG:4326
2023-04-11,2022/23,2703.339,2674.049,98.92,1057.682,39.13,36.0,65.0,5.0,"{""10/10"":1340.625,""9+/10"":586.704,""8/10"":746.72}","{""fast_ice"":1057.682,""consolidated_ice"":282.942,""very_close_ice"":586.704,""close_ice"":746.72}",EPSG:4326
2023-04-12,2022/23,2703.339,2674.049,98.92,1057.682,39.13,35.8,65.0,5.0,"{""10/10"":1340.625,""2/10"":105.059,""9+/10"":599.883,""8/10"":628.482}","{""fast_ice"":1057.682,""very_open_ice"":105.059,""consolidated_ice"":282.942,""very_close_ice"":599.883,""close_ice"":628.482}",EPSG:4326
2023-04-13,2022/23,2703.339,2674.049,98.92,1057.682,39.13,42.1,65.0,5.0,"{""10/10"":1340.625,""9+/10"":896.306,""8/10"":424.779,""2/10"":12.339}","{""fast_ice"":1057.682,""consolidated_ice"":282.942,""very_close_ice"":896.306,""close_ice"":424.779,""very_open_ice"":12.339}",EPSG:4326
2023-04-14,2022/23,2703.339,2674.049,98.92,1057.682,39.13,44.4,65.0,5.0,"{""10/10"":1340.625,""9+/10"":1142.809,""8/10"":178.276,""2/10"":12.339}","{""fast_ice"":1057.682,""consolidated_ice"":282.942,""very_close_ice"":1142.809,""close_ice"":178.276,""very_open_ice"":12.339}",EPSG:4326
2023-04-15,2022/23,2703.339,2674.049,98.92,1057.682,39.13,41.0,65.0,5.0,"{""10/10"":1340.625,""9+/10"":1206.172,""9/10"":127.252}","{""fast_ice"":1057.682,""consolidated_ice"":282.942,""very_close_ice"":1206.172,""level_ice"":127.252}",EPSG:4326
2023-04-16,2022/23,2703.339,2674.049,98.92,1057.682,39.13,40.9,65.0,5.0,"{""10/10"":1340.625,""9+/10"":1202.713,""9/10"":130.711}","{""fast_ice"":1057.682,""consolidated_ice"":282.942,""very_close_ice"":1202.713,""level_ice"":130.711}",EPSG:4326
2023-04-17,2022/23,2703.339,2674.049,98.92,1057.682,39.13,40.9,65.0,5.0,"{""10/10"":1340.625,""9+/10"":1202.713,""9/10"":130.711}","{""fast_ice"":1057.682,""consolidated_ice"":282.942,""very_close_ice"":1202.713,""level_ice"":130.711}",EPSG:4326
2023-04-18,2022/23,2703.339,2674.049,98.92,1057.682,39.13,41.4,65.0,5.0,"{""10/10"":1340.625,""9/10"":383.56,""9+/10"":924.746,""1/10"":25.118}","{""fast_ice"":1057.682,""consolidated_ice"":282.942,""very_close_ice"":1265.246,""very_open_ice"":25.118,""level_ice"":43.06}",EPSG:4326
2023-04-19,2022/23,2703.339,2648.931,97.99,1057.682,39.13,41.7,65.0,5.0,"{""10/10"":1340.625,""9/10"":676.306,""9+/10"":632.001}","{""fast_ice"":1057.682,""consolidated_ice"":282.942,""very_close_ice"":1265.246,""level_ice"":43.06}",EPSG:4326
2023-04-20,2022/23,2703.339,2674.049,98.92,1057.682,39.13,38.2,65.0,10.0,"{""10/10"":1340.625,""7/10"":473.975,""9+/10"":285.869,""1/10"":451.544,""9/10"":122.036}","{""fast_ice"":1057.682,""consolidated_ice"":282.942,""close_ice"":473.975,""very_close_ice"":407.905,""very_open_ice"":451.544}",EPSG:4326
2023-04-21,2022/23,2703.339,1804.093,66.74,1057.682,39.13,47.9,65.0,10.0,"{""10/10"":1334.352,""9+/10"":347.705,""9/10"":122.036}","{""fast_ice"":1057.682,""consolidated_ice"":276.67,""very_close_ice"":469.741}",EPSG:4326
2023-04-22,2022/23,2703.339,2003.308,74.1,1057.682,39.13,45.4,65.0,10.0,"{""10/10"":1334.352,""9/10"":122.036,""3/10"":176.536,""9+/10"":370.383}","{""fast_ice"":1057.682,""consolidated_ice"":276.67,""very_close_ice"":492.42,""very_open_ice"":176.536}",EPSG:4326
2023-04-23,2022/23,2703.339,1960.398,72.52,1057.682,39.13,42.0,65.0,1.0,"{""10/10"":1319.163,""9/10"":122.036,""9+/10"":49.435,""7/10"":354.24,""4/10"":115.524}","{""fast_ice"":1057.682,""consolidated_ice"":261.481,""very_close_ice"":171.471,""close_ice"":138.267,""open_ice"":115.524,""new_ice"":215.972}",EPSG:4326
2023-04-24,2022/23,2703.339,2154.379,79.69,1057.682,39.13,38.5,65.0,10.0,"{""10/10"":1301.451,""9/10"":179.412,""1/10"":641.322,""8/10"":32.194}","{""fast_ice"":1057.682,""consolidated_ice"":243.769,""very_close_ice"":179.412,""very_open_ice"":641.322,""close_ice"":32.194}",EPSG:4326
2023-04-25,2022/23,2703.339,2153.177,79.65,1057.682,39.13,40.3,65.0,10.0,"{""10/10"":1301.451,""9/10"":313.316,""1/10"":538.41}","{""fast_ice"":1057.682,""consolidated_ice"":243.769,""very_close_ice"":313.316,""very_open_ice"":538.41}",EPSG:4326
2023-04-26,2022/23,2703.339,2141.96,79.23,1057.682,39.13,41.6,65.0,10.0,"{""10/10"":1287.318,""9/10"":387.966,""1/10"":466.676}","{""fast_ice"":1057.682,""consolidated_ice"":229.635,""very_close_ice"":387.966,""very_open_ice"":466.676}",EPSG:4326
2023-04-27,2022/23,2703.339,1926.004,71.25,1057.682,39.13,44.7,65.0,10.0,"{""10/10"":1285.003,""9/10"":420.124,""1/10"":220.877}","{""consolidated_ice"":227.32,""fast_ice"":1057.682,""very_close_ice"":420.124,""very_open_ice"":220.877}",EPSG:4326
2023-04-28,2022/23,2703.339,2232.116,82.57,1057.682,39.13,41.4,65.0,10.0,"{""10/10"":1261.143,""9/10"":390.897,""1/10"":285.63,""8/10"":193.886,""5/10"":51.677,""2/10"":48.883}","{""fast_ice"":1057.682,""consolidated_ice"":203.46,""very_close_ice"":390.897,""very_open_ice"":334.514,""close_ice"":193.886,""open_ice"":51.677}",EPSG:4326
2023-04-29,2022/23,2703.339,2369.698,87.66,1057.682,39.13,37.2,65.0,10.0,"{""10/10"":1261.143,""9/10"":326.946,""2/10"":340.073,""7/10"":441.536}","{""fast_ice"":1057.682,""consolidated_ice"":203.46,""very_close_ice"":326.946,""very_open_ice"":340.073,""close_ice"":441.536}",EPSG:4326
2023-04-30,2022/23,2703.339,2651.901,98.1,1057.682,39.13,35.6,65.0,5.0,"{""10/10"":1261.143,""9/10"":45.751,""9+/10"":475.184,""3/10"":365.725,""8/10"":52.862,""5/10"":426.485,""2/10"":24.751}","{""fast_ice"":1057.682,""consolidated_ice"":203.46,""very_close_ice"":520.935,""very_open_ice"":390.476,""close_ice"":52.862,""open_ice"":426.485}",EPSG:4326
2023-05-01,2022/23,2703.339,2643.372,97.78,1062.497,39.3,31.5,60.0,5.0,"{""10/10"":1239.322,""3/10"":548.74,""9/10"":490.07,""8/10"":365.24}","{""fast_ice"":1062.497,""consolidated_ice"":176.825,""very_open_ice"":548.74,""very_close_ice"":490.07,""close_ice"":365.24}",EPSG:4326
2023-05-02,2022/23,2703.339,2654.395,98.19,1062.497,39.3,31.2,60.0,5.0,"{""9+/10"":8.06,""10/10"":1273.55,""8/10"":285.817,""3/10"":630.295,""9/10"":15.24,""5/10"":441.433}","{""very_close_ice"":23.3,""consolidated_ice"":211.053,""fast_ice"":1062.497,""close_ice"":285.817,""very_open_ice"":630.295,""open_ice"":441.433}",EPSG:4326
2023-05-03,2022/23,2703.339,2610.499,96.57,1073.79,39.72,29.7,60.0,5.0,"{""10/10"":1217.108,""2/10"":1328.55,""8/10"":64.84}","{""consolidated_ice"":143.318,""fast_ice"":1073.79,""very_open_ice"":1328.55,""close_ice"":64.84}",EPSG:4326
2023-05-04,2022/23,2703.339,2135.947,79.01,1069.691,39.57,32.8,60.0,5.0,"{""10/10"":1185.453,""3/10"":950.495}","{""consolidated_ice"":115.761,""fast_ice"":1069.691,""very_open_ice"":950.495}",EPSG:4326
2023-05-05,2022/23,2703.339,1529.72,56.59,1054.691,39.01,39.5,60.0,5.0,"{""10/10"":1166.285,""3/10"":363.435}","{""consolidated_ice"":111.595,""fast_ice"":1054.691,""very_open_ice"":363.435}",EPSG:4326
2023-05-06,2022/23,2703.339,1609.271,59.53,1048.288,38.78,38.1,60.0,5.0,"{""10/10"":1159.883,""3/10"":449.389}","{""consolidated_ice"":111.595,""fast_ice"":1048.288,""very_open_ice"":449.389}",EPSG:4326
2023-05-07,2022/23,2703.339,1344.602,49.74,1040.207,38.48,42.5,60.0,5.0,"{""3/10"":202.203,""10/10"":1142.399}","{""very_open_ice"":202.203,""consolidated_ice"":102.192,""fast_ice"":1040.207}",EPSG:4326
2023-05-08,2022/23,2703.339,1478.695,54.7,1034.67,38.27,37.5,60.0,5.0,"{""9+/10"":88.35,""10/10"":1034.67,""2/10"":334.732,""5/10"":20.943}","{""very_close_ice"":88.35,""fast_ice"":1034.67,""very_open_ice"":334.732,""open_ice"":20.943}",EPSG:4326
2023-05-09,2022/23,2703.339,1470.067,54.38,1042.765,38.57,38.7,60.0,5.0,"{""9+/10"":68.05,""10/10"":1042.765,""5/10"":25.567,""2/10"":333.684}","{""very_close_ice"":68.05,""fast_ice"":1042.765,""open_ice"":25.567,""very_open_ice"":333.684}",EPSG:4326
2023-05-10,2022/23,2703.339,1085.042,40.14,988.027,36.55,37.9,50.0,5.0,"{""10/10"":988.027,""9+/10"":57.882,""5/10"":10.456,""2/10"":28.676}","{""fast_ice"":988.027,""very_close_ice"":57.882,""open_ice"":10.456,""very_open_ice"":28.676}",EPSG:4326
2023-05-11,2022/23,2703.339,1059.97,39.21,910.842,33.69,36.6,50.0,5.0,"{""10/10"":910.842,""9+/10"":77.451,""2/10"":57.897,""5/10"":13.781}","{""fast_ice"":910.842,""very_close_ice"":77.451,""very_open_ice"":57.897,""open_ice"":13.781}",EPSG:4326
2023-05-12,2022/23,2703.339,1028.888,38.06,843.877,31.22,36.3,50.0,5.0,"{""10/10"":843.877,""9+/10"":42.844,""2/10"":77.194,""8/10"":51.852,""5/10"":13.122}","{""fast_ice"":843.877,""very_close_ice"":42.844,""very_open_ice"":77.194,""close_ice"":51.852,""open_ice"":13.122}",EPSG:4326
2023-05-13,2022/23,2703.339,1061.84,39.28,236.422,8.75,36.0,50.0,5.0,"{""8/10"":90.263,""10/10"":804.452,""6/10"":12.318,""5/10"":129.963,""2/10"":24.843}","{""close_ice"":90.263,""rotten_ice"":568.03,""fast_ice"":236.422,""open_ice"":142.282,""very_open_ice"":24.843}",EPSG:4326
2023-05-14,2022/23,2703.339,1063.25,39.33,0.0,0.0,36.0,50.0,10.0,"{""10/10"":804.452,""6/10"":151.308,""2/10"":4.216,""5/10"":41.89,""7/10"":61.384}","{""rotten_ice"":804.452,""open_ice"":193.198,""very_open_ice"":4.216,""close_ice"":61.384}",EPSG:4326
2023-05-15,2022/23,2703.339,1050.381,38.85,0.0,0.0,33.5,50.0,10.0,"{""10/10"":243.292,""9/10"":546.105,""2/10"":122.867,""3/10"":138.117}","{""rotten_ice"":789.396,""very_open_ice"":260.984}",EPSG:4326
2023-05-16,2022/23,2703.339,765.442,28.31,0.0,0.0,36.7,50.0,10.0,"{""4/10"":52.967,""10/10"":168.605,""2/10"":147.289,""7/10"":326.006,""9/10"":58.065,""9+/10"":12.51}","{""open_ice"":52.967,""rotten_ice"":552.676,""very_open_ice"":147.289,""very_close_ice"":12.51}",EPSG:4326
2023-05-17,2022/23,2703.339,648.73,24.0,0.0,0.0,36.5,50.0,10.0,"{""3/10"":42.189,""9/10"":89.643,""7/10"":370.981,""2/10"":134.219,""9+/10"":11.698}","{""very_open_ice"":176.408,""rotten_ice"":460.624,""very_close_ice"":11.698}",EPSG:4326
2023-05-18,2022/23,2703.339,648.73,24.0,0.0,0.0,36.5,50.0,10.0,"{""3/10"":42.189,""9/10"":89.643,""7/10"":370.981,""2/10"":134.219,""9+/10"":11.698}","{""very_open_ice"":176.408,""rotten_ice"":460.624,""very_close_ice"":11.698}",EPSG:4326
2023-05-19,2022/23,2703.339,722.532,26.73,0.0,0.0,15.4,40.0,10.0,"{""2/10"":666.609,""6/10"":55.923}","{""very_open_ice"":666.609,""open_ice"":55.923}",EPSG:4326
2023-05-20,2022/23,2703.339,0.005,0.0,0.0,0.0,20.0,35.0,10.0,"{""6/10"":0.005}","{""open_ice"":0.005}",EPSG:4326
2023-05-21,2022/23,2703.339,0.0,0.0,0.0,0.0,,,,{},{},EPSG:4326
2023-05-22,2022/23,2703.339,0.0,0.0,0.0,0.0,,,,{},{},EPSG:4326
2023-05-23,2022/23,2703.339,0.0,0.0,0.0,0.0,,,,{},{},EPSG:4326
2023-05-24,2022/23,2703.339,0.0,0.0,0.0,0.0,,,,{},{},EPSG:4326
2023-05-25,2022/23,2703.339,0.0,0.0,0.0,0.0,,,,{},{},EPSG:4326
2023-05-26,2022/23,2703.339,0.0,0.0,0.0,0.0,,,,{},{},EPSG:4326
2023-05-27,2022/23,2703.339,0.0,0.0,0.0,0.0,,,,{},{},EPSG:4326
2023-05-28,2022/23,2703.339,0.0,0.0,0.0,0.0,,,,{},{},EPSG:4326
2023-11-02,2023/24,2703.339,80.739,2.99,0.0,0.0,3.1,5.0,1.0,"{""7/10"":80.739}","{""new_ice"":80.739}",EPSG:4326
2023-11-06,2023/24,2703.339,84.091,3.11,0.0,0.0,3.1,5.0,1.0,"{""7/10"":84.091}","{""new_ice"":84.091}",EPSG:4326
2023-11-09,2023/24,2703.339,66.886,2.47,0.0,0.0,3.2,5.0,1.0,"{""7/10"":66.886}","{""new_ice"":66.886}",EPSG:4326
2023-11-13,2023/24,2703.339,326.096,12.06,14.626,0.54,2.7,10.0,1.0,"{""9/10"":52.26,""7/10"":259.21,""10/10"":14.626}","{""level_ice"":52.26,""new_ice"":259.21,""fast_ice"":14.626}",EPSG:4326
2023-11-16,2023/24,2703.339,1104.804,40.87,25.276,0.94,3.6,15.0,1.0,"{""10/10"":25.276,""9/10"":251.025,""7/10"":828.503}","{""fast_ice"":25.276,""level_ice"":251.025,""new_ice"":828.503}",EPSG:4326
2023-11-17,2023/24,2703.339,1424.077,52.68,25.276,0.94,3.6,15.0,1.0,"{""10/10"":25.276,""9/10"":364.257,""7/10"":1034.544}","{""fast_ice"":25.276,""level_ice"":364.257,""new_ice"":1034.544}",EPSG:4326
2023-11-20,2023/24,2703.339,2369.2,87.64,25.276,0.94,4.6,15.0,1.0,"{""10/10"":25.276,""9/10"":2343.924}","{""fast_ice"":25.276,""level_ice"":532.229,""new_ice"":1811.694}",EPSG:4326
2023-11-21,2023/24,2703.339,2273.583,84.1,179.105,6.63,8.0,20.0,1.0,"{""10/10"":179.105,""9/10"":854.551,""8/10"":850.488,""6/10"":389.439}","{""fast_ice"":179.105,""level_ice"":854.551,""new_ice"":850.488,""open_ice"":389.439}",EPSG:4326
2023-11-22,2023/24,2703.339,2099.651,77.67,179.105,6.63,8.8,20.0,1.0,"{""10/10"":179.105,""9/10"":1109.254,""8/10"":531.24,""6/10"":280.052}","{""fast_ice"":179.105,""level_ice"":1109.254,""new_ice"":531.24,""open_ice"":280.052}",EPSG:4326
2023-11-23,2023/24,2703.339,946.936,35.03,340.144,12.58,11.8,20.0,5.0,"{""9/10"":510.564,""10/10"":340.144,""9+/10"":70.367,""2/10"":25.861}","{""level_ice"":510.564,""fast_ice"":340.144,""very_close_ice"":70.367,""very_open_ice"":25.861}",EPSG:4326
2023-11-24,2023/24,2703.339,1597.474,59.09,336.638,12.45,11.1,20.0,5.0,"{""9/10"":452.727,""10/10"":336.638,""2/10"":422.634,""5/10"":385.475}","{""level_ice"":452.727,""fast_ice"":336.638,""very_open_ice"":422.634,""open_ice"":385.475}",EPSG:4326
2023-11-25,2023/24,2703.339,1738.706,64.32,331.955,12.28,10.9,20.0,2.0,"{""9/10"":402.216,""10/10"":331.955,""3/10"":765.715,""8/10"":85.68,""2/10"":68.764,""6/10"":84.376}","{""level_ice"":402.216,""fast_ice"":331.955,""very_open_ice"":834.48,""close_ice"":85.68,""open_ice"":84.376}",EPSG:4326
2023-11-26,2023/24,2703.339,1581.153,58.49,331.955,12.28,11.0,20.0,2.0,"{""9/10"":423.501,""10/10"":331.955,""2/10"":761.857,""8/10"":63.84}","{""level_ice"":423.501,""fast_ice"":331.955,""very_open_ice"":761.857,""close_ice"":63.84}",EPSG:4326
2023-11-27,2023/24,2703.339,1354.345,50.1,328.431,12.15,8.7,25.0,1.0,"{""9/10"":415.779,""10/10"":328.431,""8/10"":63.84,""7/10"":495.609,""5/10"":50.686}","{""level_ice"":415.779,""fast_ice"":328.431,""close_ice"":63.84,""new_ice"":495.609,""open_ice"":50.686}",EPSG:4326
2023-11-28,2023/24,2703.339,1354.345,50.1,328.431,12.15,9.2,25.0,1.0,"{""9/10"":415.779,""10/10"":328.431,""8/10"":63.84,""7/10"":386.431,""6/10"":159.864}","{""level_ice"":415.779,""fast_ice"":328.431,""close_ice"":63.84,""new_ice"":386.431,""open_ice"":159.864}",EPSG:4326
2023-11-29,2023/24,2703.339,1412.89,52.26,328.431,12.15,10.9,25.0,2.0,"{""9/10"":480.654,""10/10"":328.431,""8/10"":137.837,""5/10"":39.263,""6/10"":426.705}","{""level_ice"":480.654,""fast_ice"":328.431,""close_ice"":137.837,""open_ice"":465.968}",EPSG:4326
2023-11-30,2023/24,2703.339,1394.301,51.58,328.431,12.15,9.4,25.0,1.0,"{""9+/10"":186.615,""9/10"":580.342,""10/10"":328.431,""5/10"":86.521,""7/10"":212.392}","{""very_close_ice"":186.615,""level_ice"":502.439,""fast_ice"":328.431,""open_ice"":86.521,""new_ice"":290.295}",EPSG:4326
2023-12-01,2023/24,2703.339,1346.982,49.83,328.431,12.15,9.6,25.0,1.0,"{""9/10"":588.951,""10/10"":328.431,""9+/10"":217.208,""7/10"":212.392}","{""level_ice"":511.048,""fast_ice"":328.431,""very_close_ice"":217.208,""new_ice"":290.295}",EPSG:4326
2023-12-02,2023/24,2703.339,1578.593,58.39,342.266,12.66,8.8,25.0,1.0,"{""9/10"":448.212,""10/10"":342.266,""9+/10"":198.041,""7/10"":372.023,""5/10"":218.05}","{""level_ice"":389.248,""fast_ice"":342.266,""very_close_ice"":198.041,""new_ice"":430.987,""open_ice"":218.05}",EPSG:4326
2023-12-03,2023/24,2703.339,1562.351,57.79,342.266,12.66,8.8,25.0,1.0,"{""9/10"":789.957,""10/10"":342.266,""9+/10"":198.041,""5/10"":214.609,""7/10"":17.477}","{""level_ice"":389.248,""new_ice"":418.186,""fast_ice"":342.266,""very_close_ice"":198.041,""open_ice"":214.609}",EPSG:4326
2023-12-04,2023/24,2703.339,1614.207,59.71,342.266,12.66,8.7,25.0,1.0,"{""9/10"":946.086,""10/10"":342.266,""9+/10"":198.041,""5/10"":127.814}","{""level_ice"":389.248,""fast_ice"":342.266,""new_ice"":556.838,""very_close_ice"":198.041,""open_ice"":127.814}",EPSG:4326
2023-12-05,2023/24,2703.339,1627.811,60.21,342.266,12.66,9.1,25.0,1.0,"{""9/10"":946.086,""10/10"":342.266,""9+/10"":198.041,""8/10"":141.418}","{""level_ice"":389.248,""fast_ice"":342.266,""new_ice"":556.838,""very_close_ice"":198.041,""close_ice"":141.418}",EPSG:4326
2023-12-06,2023/24,2703.339,1790.835,66.25,342.266,12.66,8.5,25.0,1.0,"{""9/10"":830.553,""9+/10"":542.34,""10/10"":342.266,""8/10"":75.676}","{""level_ice"":389.248,""fast_ice"":342.266,""very_close_ice"":263.783,""close_ice"":75.676,""new_ice"":719.862}",EPSG:4326
2023-12-07,2023/24,2703.339,1524.833,56.41,342.266,12.66,9.3,25.0,1.0,"{""9/10"":619.273,""9+/10"":542.34,""10/10"":342.266,""8/10"":20.954}","{""level_ice"":389.248,""fast_ice"":342.266,""very_close_ice"":277.352,""close_ice"":20.954,""new_ice"":495.013}",EPSG:4326
2023-12-08,2023/24,2703.339,1254.463,46.4,722.206,26.72,11.6,30.0,1.0,"{""10/10"":722.206,""9+/10"":186.758,""9/10"":345.499}","{""fast_ice"":722.206,""very_close_ice"":222.063,""new_ice"":10.557,""level_ice"":299.636}",EPSG:4326
2023-12-09,2023/24,2703.339,1248.648,46.19,722.206,26.72,15.3,30.0,1.0,"{""10/10"":722.206,""9+/10"":180.99,""9/10"":345.452}","{""fast_ice"":722.206,""very_close_ice"":216.248,""level_ice"":299.636,""new_ice"":10.557}",EPSG:4326
2023-12-10,2023/24,2703.339,1844.542,68.23,782.725,28.95,12.1,30.0,2.0,"{""10/10"":782.725,""9+/10"":114.803,""9/10"":411.835,""8/10"":535.179}","{""fast_ice"":782.725,""very_close_ice"":255.578,""new_ice"":535.179,""level_ice"":271.06}",EPSG:4326
2023-12-11,2023/24,2703.339,2075.762,76.79,782.725,28.95,11.4,30.0,1.0,"{""10/10"":782.725,""9+/10"":114.803,""9/10"":460.802,""8/10"":717.432}","{""fast_ice"":782.725,""very_close_ice"":304.545,""new_ice"":419.944,""level_ice"":271.06,""close_ice"":297.488}",EPSG:4326
2023-12-12,2023/24,2703.339,2137.025,79.05,782.725,28.95,11.8,30.0,1.0,"{""10/10"":782.725,""9+/10"":112.605,""9/10"":605.31,""8/10"":180.861,""7/10"":455.523}","{""fast_ice"":782.725,""very_close_ice"":446.855,""level_ice"":271.06,""close_ice"":178.038,""new_ice"":458.346}",EPSG:4326
2023-12-13,2023/24,2703.339,2370.272,87.68,782.725,28.95,11.3,30.0,1.0,"{""10/10"":782.725,""9+/10"":112.605,""9/10"":1299.053,""8/10"":175.888}","{""fast_ice"":782.725,""very_close_ice"":569.329,""level_ice"":271.06,""close_ice"":175.888,""new_ice"":571.269}",EPSG:4326
2023-12-14,2023/24,2703.339,2674.049,98.92,782.725,28.95,13.5,30.0,1.0,"{""10/10"":782.725,""9+/10"":112.605,""9/10"":1778.718}","{""fast_ice"":782.725,""very_close_ice"":1413.841,""level_ice"":477.482}",EPSG:4326
2023-12-15,2023/24,2703.339,2674.049,98.92,782.725,28.95,13.6,30.0,3.0,"{""10/10"":782.725,""9+/10"":112.605,""9/10"":1368.869,""8/10"":409.85}","{""fast_ice"":782.725,""very_close_ice"":1034.526,""level_ice"":446.948,""close_ice"":409.85}",EPSG:4326
2023-12-16,2023/24,2703.339,2674.049,98.92,782.725,28.95,13.4,30.0,3.0,"{""10/10"":782.725,""9+/10"":112.605,""9/10"":1708.838,""5/10"":69.881}","{""fast_ice"":782.725,""very_close_ice"":1219.977,""level_ice"":601.466,""open_ice"":69.881}",EPSG:4326
2023-12-17,2023/24,2703.339,2266.136,83.83,808.105,29.89,15.0,30.0,3.0,"{""10/10"":808.105,""9+/10"":85.558,""9/10"":197.379,""8/10"":836.508,""4/10"":338.586}","{""fast_ice"":808.105,""very_close_ice"":86.535,""level_ice"":196.401,""close_ice"":836.508,""open_ice"":338.586}",EPSG:4326
2023-12-18,2023/24,2703.339,2517.409,93.12,792.813,29.33,13.2,30.0,3.0,"{""10/10"":792.813,""9+/10"":62.608,""9/10"":173.065,""2/10"":850.777,""8/10"":638.146}","{""fast_ice"":792.813,""very_close_ice"":65.163,""level_ice"":170.51,""very_open_ice"":850.777,""close_ice"":638.146}",EPSG:4326
2023-12-19,2023/24,2703.339,2603.075,96.29,786.978,29.11,12.6,30.0,3.0,"{""10/10"":786.978,""9+/10"":80.685,""9/10"":173.272,""2/10"":1203.966,""8/10"":358.174}","{""fast_ice"":786.978,""very_close_ice"":83.239,""level_ice"":170.718,""very_open_ice"":1203.966,""close_ice"":358.174}",EPSG:4326
2023-12-20,2023/24,2703.339,2674.049,98.92,786.978,29.11,14.1,30.0,3.0,"{""9+/10"":58.77,""10/10"":786.978,""9/10"":175.691,""5/10"":943.926,""8/10"":206.231,""1/10"":502.452}","{""very_close_ice"":165.853,""fast_ice"":786.978,""open_ice"":943.926,""close_ice"":206.231,""level_ice"":68.608,""very_open_ice"":502.452}",EPSG:4326
2023-12-21,2023/24,2703.339,2674.049,98.92,786.978,29.11,10.6,30.0,1.0,"{""9+/10"":58.77,""10/10"":786.978,""9/10"":233.994,""7/10"":1428.932,""5/10"":165.375}","{""very_close_ice"":224.156,""fast_ice"":786.978,""close_ice"":39.796,""level_ice"":68.608,""new_ice"":1389.136,""open_ice"":165.375}",EPSG:4326
2023-12-22,2023/24,2703.339,2541.701,94.02,786.978,29.11,12.4,30.0,1.0,"{""9+/10"":58.77,""10/10"":786.978,""9/10"":471.971,""7/10"":1223.982}","{""very_close_ice"":462.133,""fast_ice"":786.978,""level_ice"":68.608,""new_ice"":1081.584,""close_ice"":142.398}",EPSG:4326
2023-12-23,2023/24,2703.339,2655.267,98.22,842.203,31.15,15.7,30.0,1.0,"{""9+/10"":3.545,""10/10"":912.159,""9/10"":1364.752,""7/10"":175.881,""8/10"":182.754,""2/10"":16.175}","{""very_close_ice"":809.419,""fast_ice"":842.203,""consolidated_ice"":69.956,""level_ice"":558.878,""new_ice"":175.881,""close_ice"":182.754,""very_open_ice"":16.175}",EPSG:4326
2023-12-24,2023/24,2703.339,2674.049,98.92,842.203,31.15,17.2,30.0,1.0,"{""9+/10"":36.472,""10/10"":912.159,""9/10"":214.127,""8/10"":878.47,""7/10"":245.841,""1/10"":386.98}","{""very_close_ice"":36.472,""fast_ice"":842.203,""consolidated_ice"":69.956,""level_ice"":214.127,""close_ice"":878.47,""new_ice"":245.841,""very_open_ice"":386.98}",EPSG:4326
2023-12-25,2023/24,2703.339,2581.61,95.5,842.203,31.15,19.6,30.0,1.0,"{""9+/10"":20.202,""10/10"":912.159,""9/10"":194.01,""8/10"":1087.651,""1/10"":219.633,""7/10"":147.955}","{""very_close_ice"":20.202,""fast_ice"":842.203,""consolidated_ice"":69.956,""level_ice"":194.01,""close_ice"":1087.651,""very_open_ice"":219.633,""new_ice"":147.955}",EPSG:4326
2023-12-26,2023/24,2703.339,2674.049,98.92,842.203,31.15,17.1,30.0,1.0,"{""9+/10"":878.99,""10/10"":912.159,""9/10"":177.981,""7/10"":704.918}","{""very_close_ice"":878.99,""fast_ice"":842.203,""consolidated_ice"":69.956,""level_ice"":177.981,""new_ice"":704.918}",EPSG:4326
2023-12-27,2023/24,2703.339,2674.049,98.92,842.203,31.15,14.5,30.0,1.0,"{""9+/10"":20.202,""10/10"":912.159,""9/10"":880.149,""7/10"":861.538}","{""very_close_ice"":722.37,""fast_ice"":842.203,""consolidated_ice"":69.956,""level_ice"":177.981,""new_ice"":861.538}",EPSG:4326
2023-12-28,2023/24,2703.339,2674.049,98.92,842.203,31.15,12.7,30.0,1.0,"{""9+/10"":20.202,""10/10"":912.159,""9/10"":584.538,""7/10"":1157.149}","{""very_close_ice"":426.759,""fast_ice"":842.203,""consolidated_ice"":69.956,""level_ice"":177.981,""new_ice"":1157.149}",EPSG:4326
2023-12-29,2023/24,2703.339,2674.049,98.92,842.203,31.15,14.5,30.0,5.0,"{""9+/10"":20.202,""10/10"":912.159,""9/10"":1741.687}","{""very_close_ice"":226.334,""fast_ice"":842.203,""consolidated_ice"":69.956,""level_ice"":1535.555}",EPSG:4326
2023-12-30,2023/24,2703.339,2668.419,98.71,842.203,31.15,19.2,40.0,5.0,"{""9+/10"":20.202,""10/10"":912.159,""9/10"":1736.058}","{""very_close_ice"":785.108,""fast_ice"":842.203,""consolidated_ice"":69.956,""level_ice"":971.152}",EPSG:4326
2023-12-31,2023/24,2703.339,2674.049,98.92,842.203,31.15,21.8,40.0,1.0,"{""9+/10"":20.202,""10/10"":912.159,""9/10"":1732.801,""8/10"":8.887}","{""very_close_ice"":994.453,""fast_ice"":842.203,""consolidated_ice"":69.956,""level_ice"":758.549,""new_ice"":8.887}",EPSG:4326
2024-01-01,2023/24,2703.339,2674.049,98.92,842.203,31.15,22.9,40.0,1.0,"{""9+/10"":20.202,""10/10"":912.159,""9/10"":1700.268,""7/10"":41.42}","{""very_close_ice"":1163.65,""fast_ice"":842.203,""consolidated_ice"":69.956,""level_ice"":556.82,""new_ice"":41.42}",EPSG:4326
2024-01-02,2023/24,2703.339,2674.049,98.92,842.203,31.15,23.4,40.0,3.0,"{""9+/10"":31.507,""10/10"":912.159,""9/10"":1730.382}","{""very_close_ice"":1285.448,""fast_ice"":842.203,""consolidated_ice"":69.956,""level_ice"":476.441}",EPSG:4326
2024-01-03,2023/24,2703.339,2674.049,98.92,845.748,31.29,23.9,40.0,1.0,"{""10/10"":915.705,""9+/10"":27.962,""9/10"":1549.232,""7/10"":181.151}","{""fast_ice"":845.748,""consolidated_ice"":69.956,""very_close_ice"":1100.752,""level_ice"":476.441,""new_ice"":181.151}",EPSG:4326
2024-01-04,2023/24,2703.339,2674.049,98.92,845.748,31.29,23.7,40.0,1.0,"{""10/10"":915.705,""9+/10"":27.962,""9/10"":1525.047,""7/10"":205.335}","{""fast_ice"":845.748,""consolidated_ice"":69.956,""very_close_ice"":1076.568,""level_ice"":476.441,""new_ice"":205.335}",EPSG:4326
2024-01-05,2023/24,2703.339,2674.049,98.92,914.356,33.82,24.5,40.0,1.0,"{""10/10"":915.705,""9+/10"":251.86,""9/10"":1426.64,""7/10"":79.844}","{""fast_ice"":914.356,""consolidated_ice"":1.349,""very_close_ice"":1300.466,""level_ice"":378.035,""new_ice"":79.844}",EPSG:4326
2024-01-06,2023/24,2703.339,2674.049,98.92,915.705,33.87,26.4,40.0,3.0,"{""10/10"":915.705,""9/10"":1506.484,""9+/10"":251.86}","{""fast_ice"":915.705,""very_close_ice"":1597.535,""level_ice"":160.809}",EPSG:4326
2024-01-07,2023/24,2703.339,2674.049,98.92,915.705,33.87,26.6,40.0,3.0,"{""9/10"":1506.484,""10/10"":915.705,""9+/10"":251.86}","{""level_ice"":160.809,""fast_ice"":915.705,""very_close_ice"":1597.535}",EPSG:4326
2024-01-08,2023/24,2703.339,2674.049,98.92,915.705,33.87,26.0,40.0,2.0,"{""9/10"":332.56,""10/10"":915.705,""9+/10"":1327.093,""7/10"":98.69}","{""level_ice"":107.187,""fast_ice"":915.705,""very_close_ice"":1552.466,""new_ice"":98.69}",EPSG:4326
2024-01-09,2023/24,2703.339,2674.049,98.92,915.705,33.87,24.4,40.0,1.0,"{""9/10"":332.56,""7/10"":259.131,""10/10"":915.705,""9+/10"":949.354,""8/10"":217.299}","{""level_ice"":107.187,""new_ice"":259.131,""fast_ice"":915.705,""very_close_ice"":1174.727,""close_ice"":217.299}",EPSG:4326
2024-01-10,2023/24,2703.339,2674.049,98.92,915.705,33.87,22.1,40.0,1.0,"{""9/10"":428.797,""7/10"":526.406,""10/10"":915.705,""9+/10"":757.07,""8/10"":46.072}","{""level_ice"":107.187,""new_ice"":526.406,""fast_ice"":915.705,""very_close_ice"":1078.679,""close_ice"":46.072}",EPSG:4326
2024-01-11,2023/24,2703.339,2674.049,98.92,1022.892,37.84,24.6,40.0,1.0,"{""10/10"":1022.892,""9/10"":220.487,""9+/10"":992.744,""7/10"":86.708,""3/10"":351.218}","{""fast_ice"":1022.892,""very_close_ice"":1213.231,""new_ice"":86.708,""very_open_ice"":351.218}",EPSG:4326
2024-01-12,2023/24,2703.339,2672.659,98.87,1022.892,37.84,25.0,40.0,1.0,"{""7/10"":251.141,""10/10"":1022.892,""9/10"":215.272,""9+/10"":1066.488,""8/10"":116.866}","{""new_ice"":251.141,""fast_ice"":1022.892,""very_close_ice"":1281.76,""close_ice"":116.866}",EPSG:4326
2024-01-13,2023/24,2703.339,2674.049,98.92,1022.892,37.84,27.4,40.0,5.0,"{""9/10"":1240.278,""10/10"":1022.892,""9+/10"":294.013,""8/10"":116.866}","{""level_ice"":24.573,""fast_ice"":1022.892,""very_close_ice"":1509.718,""close_ice"":116.866}",EPSG:4326
2024-01-14,2023/24,2703.339,2674.049,98.92,1062.263,39.29,28.0,40.0,2.0,"{""9/10"":1338.288,""10/10"":1062.263,""9+/10"":224.571,""7/10"":48.927}","{""level_ice"":31.925,""fast_ice"":1062.263,""very_close_ice"":1530.934,""new_ice"":48.927}",EPSG:4326
2024-01-15,2023/24,2703.339,2674.049,98.92,1091.778,40.39,22.3,40.0,2.0,"{""10/10"":1091.778,""9+/10"":224.571,""7/10"":219.695,""9/10"":1138.005}","{""fast_ice"":1091.778,""very_close_ice"":1362.576,""new_ice"":219.695}",EPSG:4326
2024-01-16,2023/24,2703.339,2674.049,98.92,1091.778,40.39,23.2,40.0,5.0,"{""10/10"":1316.349,""9/10"":1357.7}","{""fast_ice"":1091.778,""consolidated_ice"":224.571,""very_close_ice"":1057.932,""level_ice"":299.768}",EPSG:4326
2024-01-17,2023/24,2703.339,2674.049,98.92,1091.778,40.39,21.8,40.0,5.0,"{""10/10"":1316.349,""9/10"":1357.7}","{""fast_ice"":1091.778,""consolidated_ice"":224.571,""very_close_ice"":720.923,""level_ice"":636.777}",EPSG:4326
2024-01-18,2023/24,2703.339,2674.049,98.92,1091.778,40.39,23.4,40.0,5.0,"{""10/10"":1316.349,""9/10"":1357.7}","{""fast_ice"":1091.778,""consolidated_ice"":224.571,""very_close_ice"":884.113,""level_ice"":473.587}",EPSG:4326
2024-01-19,2023/24,2703.339,2674.049,98.92,1094.856,40.5,24.6,45.0,2.0,"{""10/10"":1319.428,""9/10"":1304.076,""7/10"":50.545}","{""fast_ice"":1094.856,""consolidated_ice"":224.571,""very_close_ice"":900.376,""level_ice"":403.7,""new_ice"":50.545}",EPSG:4326
2024-01-20,2023/24,2703.339,2674.049,98.92,1319.428,48.81,26.1,45.0,2.0,"{""10/10"":1319.428,""9/10"":1126.575,""7/10"":228.046}","{""fast_ice"":1319.428,""level_ice"":478.801,""very_close_ice"":647.774,""new_ice"":228.046}",EPSG:4326
2024-01-21,2023/24,2703.339,2674.049,98.92,1319.428,48.81,25.0,45.0,2.0,"{""10/10"":1319.428,""9/10"":1046.043,""7/10"":308.579}","{""fast_ice"":1319.428,""very_close_ice"":535.657,""level_ice"":510.386,""new_ice"":308.579}",EPSG:4326
2024-01-22,2023/24,2703.339,2674.049,98.92,1319.428,48.81,25.0,45.0,2.0,"{""10/10"":1319.428,""9/10"":1046.043,""7/10"":308.579}","{""fast_ice"":1319.428,""very_close_ice"":535.657,""level_ice"":510.386,""new_ice"":308.579}",EPSG:4326
2024-01-23,2023/24,2703.339,2674.049,98.92,1319.428,48.81,37.0,50.0,10.0,"{""10/10"":1319.428,""9/10"":1354.621}","{""fast_ice"":1319.428,""very_close_ice"":1354.621}",EPSG:4326
2024-01-24,2023/24,2703.339,2440.493,90.28,1485.904,54.97,37.8,50.0,10.0,"{""10/10"":1485.904,""9/10"":954.589}","{""fast_ice"":1485.904,""very_close_ice"":954.589}",EPSG:4326
2024-01-25,2023/24,2703.339,2674.049,98.92,1485.904,54.97,39.0,50.0,1.0,"{""9/10"":1188.145,""10/10"":1485.904}","{""very_close_ice"":1119.337,""fast_ice"":1485.904,""new_ice"":68.807}",EPSG:4326
2024-01-26,2023/24,2703.339,2674.049,98.92,1485.904,54.97,39.0,50.0,1.0,"{""10/10"":1485.904,""9/10"":1188.145}","{""fast_ice"":1485.904,""very_close_ice"":1119.337,""new_ice"":68.807}",EPSG:4326
2024-01-27,2023/24,2703.339,2674.049,98.92,1485.904,54.97,39.7,50.0,10.0,"{""10/10"":1485.904,""9/10"":1147.134,""8/10"":41.011}","{""fast_ice"":1485.904,""very_close_ice"":1147.134,""close_ice"":41.011}",EPSG:4326
2024-01-28,2023/24,2703.339,2674.049,98.92,1485.904,54.97,40.0,50.0,20.0,"{""10/10"":1485.904,""9/10"":1188.145}","{""fast_ice"":1485.904,""very_close_ice"":1188.145}",EPSG:4326
2024-01-29,2023/24,2703.339,2674.049,98.92,1485.904,54.97,40.0,50.0,20.0,"{""10/10"":1485.904,""9/10"":1188.145}","{""fast_ice"":1485.904,""very_close_ice"":1188.145}",EPSG:4326
2024-01-30,2023/24,2703.339,2674.049,98.92,1248.334,46.18,39.9,50.0,5.0,"{""9/10"":1416.339,""10/10"":1248.334,""2/10"":9.376}","{""very_close_ice"":1416.339,""fast_ice"":1248.334,""very_open_ice"":9.376}",EPSG:4326
2024-01-31,2023/24,2703.339,2666.792,98.65,1248.334,46.18,40.0,50.0,20.0,"{""9/10"":1418.458,""10/10"":1248.334}","{""very_close_ice"":1418.458,""fast_ice"":1248.334}",EPSG:4326
2024-02-01,2023/24,2703.339,2652.516,98.12,1248.334,46.18,40.0,50.0,20.0,"{""9/10"":1404.182,""10/10"":1248.334}","{""very_close_ice"":1404.182,""fast_ice"":1248.334}",EPSG:4326
2024-02-02,2023/24,2703.339,2674.049,98.92,1231.277,45.55,31.1,50.0,1.0,"{""9/10"":779.079,""10/10"":1231.277,""7/10"":663.693}","{""very_close_ice"":779.079,""fast_ice"":1231.277,""new_ice"":663.693}",EPSG:4326
2024-02-03,2023/24,2703.339,2570.995,95.1,1231.277,45.55,34.8,50.0,1.0,"{""9/10"":717.067,""10/10"":1231.277,""7/10"":369.288,""8/10"":253.363}","{""very_close_ice"":717.067,""fast_ice"":1231.277,""new_ice"":369.288,""close_ice"":253.363}",EPSG:4326
2024-02-04,2023/24,2703.339,2575.366,95.27,1100.113,40.69,37.3,50.0,1.0,"{""9/10"":983.625,""10/10"":1100.113,""7/10"":41.397,""8/10"":233.776,""1/10"":216.455}","{""very_close_ice"":983.625,""fast_ice"":1100.113,""new_ice"":41.397,""close_ice"":233.776,""very_open_ice"":216.455}",EPSG:4326
2024-02-05,2023/24,2703.339,2674.049,98.92,1097.587,40.6,35.0,50.0,1.0,"{""9/10"":1008.268,""7/10"":209.322,""10/10"":1097.587,""8/10"":358.872}","{""very_close_ice"":1008.268,""new_ice"":209.322,""fast_ice"":1097.587,""close_ice"":358.872}",EPSG:4326
2024-02-06,2023/24,2703.339,2674.049,98.92,1097.587,40.6,36.5,50.0,2.0,"{""9/10"":1040.052,""8/10"":536.41,""10/10"":1097.587}","{""very_close_ice"":1039.659,""close_ice"":385.476,""fast_ice"":1097.587,""new_ice"":151.328}",EPSG:4326
2024-02-07,2023/24,2703.339,2674.049,98.92,1097.587,40.6,38.5,55.0,3.0,"{""10/10"":1097.587,""9/10"":1335.144,""8/10"":241.318}","{""fast_ice"":1097.587,""very_close_ice"":1125.113,""close_ice"":241.318,""level_ice"":210.032}",EPSG:4326
2024-02-08,2023/24,2703.339,2674.049,98.92,1097.587,40.6,38.5,55.0,3.0,"{""10/10"":1097.587,""9/10"":1335.144,""8/10"":241.318}","{""fast_ice"":1097.587,""very_close_ice"":1125.113,""close_ice"":241.318,""level_ice"":210.032}",EPSG:4326
2024-02-09,2023/24,2703.339,2674.049,98.92,1097.587,40.6,38.5,55.0,3.0,"{""10/10"":1097.587,""9/10"":1335.144,""8/10"":241.318}","{""fast_ice"":1097.587,""very_close_ice"":1125.113,""close_ice"":241.318,""level_ice"":210.032}",EPSG:4326
2024-02-10,2023/24,2703.339,2674.049,98.92,1097.587,40.6,38.5,55.0,3.0,"{""10/10"":1097.587,""9/10"":1335.144,""8/10"":241.318}","{""fast_ice"":1097.587,""very_close_ice"":1125.113,""close_ice"":241.318,""level_ice"":210.032}",EPSG:4326
2024-02-11,2023/24,2703.339,2674.049,98.92,1097.587,40.6,38.5,55.0,3.0,"{""9/10"":1335.144,""10/10"":1097.587,""9+/10"":241.318}","{""very_close_ice"":1366.431,""fast_ice"":1097.587,""level_ice"":210.032}",EPSG:4326
2024-02-12,2023/24,2703.339,2674.049,98.92,1097.587,40.6,38.5,55.0,3.0,"{""10/10"":1097.587,""9/10"":1335.144,""9+/10"":241.318}","{""fast_ice"":1097.587,""very_close_ice"":1365.233,""level_ice"":211.229}",EPSG:4326
2024-02-13,2023/24,2703.339,2674.049,98.92,1097.587,40.6,39.7,55.0,3.0,"{""10/10"":1097.587,""9+/10"":1404.392,""9/10"":172.071}","{""fast_ice"":1097.587,""very_close_ice"":1404.392,""level_ice"":172.071}",EPSG:4326
2024-02-14,2023/24,2703.339,2674.049,98.92,1097.587,40.6,39.8,55.0,3.0,"{""10/10"":1097.587,""9/10"":172.071,""9+/10"":1404.392}","{""fast_ice"":1097.587,""level_ice"":172.071,""very_close_ice"":1404.392}",EPSG:4326
2024-02-15,2023/24,2703.339,2674.049,98.92,1097.587,40.6,41.9,60.0,3.0,"{""10/10"":1097.587,""9/10"":172.071,""9+/10"":1404.392}","{""fast_ice"":1097.587,""level_ice"":172.071,""very_close_ice"":1404.392}",EPSG:4326
2024-02-16,2023/24,2703.339,2674.049,98.92,1097.587,40.6,41.9,60.0,3.0,"{""10/10"":1097.587,""9/10"":172.071,""9+/10"":1404.392}","{""fast_ice"":1097.587,""level_ice"":172.071,""very_close_ice"":1404.392}",EPSG:4326
2024-02-17,2023/24,2703.339,2674.049,98.92,1097.587,40.6,41.9,60.0,3.0,"{""10/10"":1097.587,""9/10"":172.071,""9+/10"":1404.392}","{""fast_ice"":1097.587,""level_ice"":172.071,""very_close_ice"":1404.392}",EPSG:4326
2024-02-18,2023/24,2703.339,2674.049,98.92,1097.587,40.6,43.8,60.0,5.0,"{""10/10"":1097.587,""9+/10"":982.834,""9/10"":24.872,""2/10"":568.757}","{""fast_ice"":1097.587,""very_close_ice"":982.834,""level_ice"":24.872,""very_open_ice"":568.757}",EPSG:4326
2024-02-19,2023/24,2703.339,2674.049,98.92,1097.587,40.6,34.7,60.0,1.0,"{""10/10"":1097.587,""9+/10"":868.074,""9/10"":128.64,""7/10"":579.748}","{""fast_ice"":1097.587,""very_close_ice"":868.074,""level_ice"":128.64,""new_ice"":579.748}",EPSG:4326
2024-02-20,2023/24,2703.339,2674.049,98.92,1097.587,40.6,34.8,60.0,1.0,"{""9+/10"":868.074,""10/10"":1097.587,""9/10"":150.295,""7/10"":558.093}","{""very_close_ice"":868.074,""fast_ice"":1097.587,""level_ice"":150.295,""new_ice"":558.093}",EPSG:4326
2024-02-21,2023/24,2703.339,2674.049,98.92,1097.587,40.6,36.4,60.0,1.0,"{""10/10"":1097.587,""9+/10"":1017.063,""9/10"":24.872,""7/10"":534.527}","{""fast_ice"":1097.587,""very_close_ice"":1017.063,""level_ice"":24.872,""new_ice"":534.527}",EPSG:4326
2024-02-22,2023/24,2703.339,2674.049,98.92,1097.587,40.6,36.4,60.0,1.0,"{""10/10"":1097.587,""9+/10"":1017.063,""9/10"":24.872,""7/10"":534.527}","{""fast_ice"":1097.587,""very_close_ice"":1017.063,""level_ice"":24.872,""new_ice"":534.527}",EPSG:4326
2024-02-23,2023/24,2703.339,2674.049,98.92,1097.587,40.6,39.4,60.0,1.0,"{""10/10"":1097.587,""9+/10"":1193.433,""9/10"":164.08,""7/10"":218.949}","{""fast_ice"":1097.587,""very_close_ice"":1193.433,""level_ice"":164.08,""new_ice"":218.949}",EPSG:4326
2024-02-24,2023/24,2703.339,2674.049,98.92,1097.587,40.6,44.1,60.0,10.0,"{""10/10"":1097.587,""9+/10"":1557.227,""8/10"":19.235}","{""fast_ice"":1097.587,""very_close_ice"":1557.227,""close_ice"":19.235}",EPSG:4326
2024-02-25,2023/24,2703.339,2674.049,98.92,1097.587,40.6,44.1,60.0,10.0,"{""10/10"":1097.587,""9+/10"":1557.227,""8/10"":19.235}","{""fast_ice"":1097.587,""very_close_ice"":1557.227,""close_ice"":19.235}",EPSG:4326
2024-02-26,2023/24,2703.339,2674.049,98.92,1097.587,40.6,46.1,70.0,10.0,"{""10/10"":1097.587,""9+/10"":1557.227,""8/10"":19.235}","{""fast_ice"":1097.587,""very_close_ice"":1557.227,""close_ice"":19.235}",EPSG:4326
2024-02-27,2023/24,2703.339,2674.049,98.92,1097.587,40.6,46.8,70.0,10.0,"{""10/10"":1097.587,""8/10"":19.235,""9+/10"":1557.227}","{""fast_ice"":1097.587,""close_ice"":19.235,""very_close_ice"":1557.227}",EPSG:4326
2024-02-28,2023/24,2703.339,2674.049,98.92,1097.587,40.6,46.8,70.0,10.0,"{""10/10"":1097.587,""9+/10"":1557.227,""8/10"":19.235}","{""fast_ice"":1097.587,""very_close_ice"":1557.227,""close_ice"":19.235}",EPSG:4326
2024-02-29,2023/24,2703.339,2674.049,98.92,1097.587,40.6,46.8,70.0,10.0,"{""10/10"":1097.587,""9+/10"":1557.227,""8/10"":19.235}","{""fast_ice"":1097.587,""very_close_ice"":1557.227,""close_ice"":19.235}",EPSG:4326
2024-03-01,2023/24,2703.339,2674.049,98.92,1097.587,40.6,46.8,70.0,10.0,"{""10/10"":1097.587,""9+/10"":1557.227,""8/10"":19.235}","{""fast_ice"":1097.587,""very_close_ice"":1557.227,""close_ice"":19.235}",EPSG:4326
2024-03-02,2023/24,2703.339,2674.049,98.92,1097.587,40.6,46.5,70.0,15.0,"{""10/10"":1097.587,""9+/10"":1576.462}","{""fast_ice"":1097.587,""very_close_ice"":1576.462}",EPSG:4326
2024-03-03,2023/24,2703.339,2674.049,98.92,1097.587,40.6,47.5,70.0,20.0,"{""9+/10"":1576.462,""10/10"":1097.587}","{""very_close_ice"":1576.462,""fast_ice"":1097.587}",EPSG:4326
2024-03-04,2023/24,2703.339,2674.049,98.92,1097.587,40.6,47.5,70.0,20.0,"{""9+/10"":1576.462,""10/10"":1097.587}","{""very_close_ice"":1576.462,""fast_ice"":1097.587}",EPSG:4326
2024-03-05,2023/24,2703.339,2674.049,98.92,1097.587,40.6,47.4,70.0,1.0,"{""9+/10"":1567.428,""10/10"":1097.587,""7/10"":9.035}","{""very_close_ice"":1567.428,""fast_ice"":1097.587,""new_ice"":9.035}",EPSG:4326
2024-03-06,2023/24,2703.339,2674.049,98.92,1097.587,40.6,47.5,70.0,20.0,"{""9+/10"":1576.462,""10/10"":1097.587}","{""very_close_ice"":1576.462,""fast_ice"":1097.587}",EPSG:4326
2024-03-07,2023/24,2703.339,2674.049,98.92,1097.587,40.6,47.5,70.0,20.0,"{""9+/10"":1576.462,""10/10"":1097.587}","{""very_close_ice"":1576.462,""fast_ice"":1097.587}",EPSG:4326
2024-03-08,2023/24,2703.339,2674.049,98.92,1097.587,40.6,47.5,70.0,20.0,"{""9+/10"":1576.462,""10/10"":1097.587}","{""very_close_ice"":1576.462,""fast_ice"":1097.587}",EPSG:4326
2024-03-09,2023/24,2703.339,2674.049,98.92,1097.587,40.6,47.5,70.0,20.0,"{""9+/10"":1576.462,""10/10"":1097.587}","{""very_close_ice"":1576.462,""fast_ice"":1097.587}",EPSG:4326
2024-03-10,2023/24,2703.339,2674.049,98.92,1097.587,40.6,47.5,70.0,20.0,"{""9+/10"":1576.462,""10/10"":1097.587}","{""very_close_ice"":1576.462,""fast_ice"":1097.587}",EPSG:4326
2024-03-11,2023/24,2703.339,2674.049,98.92,1097.587,40.6,47.5,70.0,20.0,"{""9+/10"":1576.462,""10/10"":1097.587}","{""very_close_ice"":1576.462,""fast_ice"":1097.587}",EPSG:4326
2024-03-12,2023/24,2703.339,2674.049,98.92,1097.587,40.6,50.0,70.0,20.0,"{""9+/10"":1576.462,""10/10"":1097.587}","{""very_close_ice"":1576.462,""fast_ice"":1097.587}",EPSG:4326
2024-03-13,2023/24,2703.339,2674.049,98.92,1097.587,40.6,50.0,70.0,20.0,"{""9+/10"":1576.462,""10/10"":1097.587}","{""very_close_ice"":1576.462,""fast_ice"":1097.587}",EPSG:4326
2024-03-14,2023/24,2703.339,2674.049,98.92,1097.587,40.6,50.0,70.0,20.0,"{""9+/10"":1576.462,""10/10"":1097.587}","{""very_close_ice"":1576.462,""fast_ice"":1097.587}",EPSG:4326
2024-03-15,2023/24,2703.339,2674.049,98.92,1097.587,40.6,50.0,70.0,20.0,"{""9+/10"":1576.462,""10/10"":1097.587}","{""very_close_ice"":1576.462,""fast_ice"":1097.587}",EPSG:4326
2024-03-16,2023/24,2703.339,2674.049,98.92,1097.587,40.6,49.8,70.0,10.0,"{""9+/10"":1560.068,""10/10"":1097.587,""9/10"":16.394}","{""very_close_ice"":1576.462,""fast_ice"":1097.587}",EPSG:4326
2024-03-17,2023/24,2703.339,2674.049,98.92,1097.587,40.6,45.7,70.0,2.0,"{""10/10"":1097.587,""9+/10"":1330.886,""2/10"":245.576}","{""fast_ice"":1097.587,""very_close_ice"":1330.886,""very_open_ice"":245.576}",EPSG:4326
2024-03-18,2023/24,2703.339,2674.049,98.92,1097.587,40.6,46.6,75.0,2.0,"{""9+/10"":1576.462,""10/10"":1097.587}","{""very_close_ice"":1379.324,""fast_ice"":1097.587,""new_ice"":197.139}",EPSG:4326
2024-03-19,2023/24,2703.339,2674.049,98.92,1097.587,40.6,49.3,75.0,2.0,"{""9+/10"":1576.462,""10/10"":1097.587}","{""very_close_ice"":1534.053,""fast_ice"":1097.587,""new_ice"":42.409}",EPSG:4326
2024-03-20,2023/24,2703.339,2674.049,98.92,1097.587,40.6,49.3,75.0,2.0,"{""9+/10"":1576.462,""10/10"":1097.587}","{""very_close_ice"":1534.053,""fast_ice"":1097.587,""new_ice"":42.409}",EPSG:4326
2024-03-21,2023/24,2703.339,2674.049,98.92,1097.587,40.6,49.3,75.0,2.0,"{""9+/10"":1305.601,""10/10"":1097.587,""9/10"":270.861}","{""very_close_ice"":1534.053,""fast_ice"":1097.587,""new_ice"":42.409}",EPSG:4326
2024-03-22,2023/24,2703.339,2674.049,98.92,1097.587,40.6,49.3,75.0,2.0,"{""9+/10"":1305.601,""10/10"":1097.587,""9/10"":270.861}","{""very_close_ice"":1534.053,""fast_ice"":1097.587,""new_ice"":42.409}",EPSG:4326
2024-03-23,2023/24,2703.339,2674.049,98.92,1097.587,40.6,50.1,75.0,1.0,"{""9+/10"":1331.222,""10/10"":1097.587,""9/10"":235.465,""7/10"":9.776}","{""very_close_ice"":1566.686,""fast_ice"":1097.587,""new_ice"":9.776}",EPSG:4326
2024-03-24,2023/24,2703.339,2674.049,98.92,1097.587,40.6,47.8,75.0,1.0,"{""9+/10"":1201.048,""10/10"":1097.587,""9/10"":235.465,""7/10"":139.95}","{""very_close_ice"":1436.513,""fast_ice"":1097.587,""new_ice"":139.95}",EPSG:4326
2024-03-25,2023/24,2703.339,2674.049,98.92,1097.587,40.6,48.3,75.0,1.0,"{""9+/10"":1246.715,""10/10"":1097.587,""9/10"":202.692,""7/10"":127.055}","{""very_close_ice"":1449.407,""fast_ice"":1097.587,""new_ice"":127.055}",EPSG:4326
2024-03-26,2023/24,2703.339,2674.049,98.92,1097.587,40.6,52.6,80.0,2.0,"{""9+/10"":1251.837,""10/10"":1097.587,""9/10"":324.625}","{""very_close_ice"":1454.528,""fast_ice"":1097.587,""level_ice"":121.934}",EPSG:4326
2024-03-27,2023/24,2703.339,2674.049,98.92,1097.587,40.6,53.0,80.0,5.0,"{""9+/10"":1269.295,""10/10"":1097.587,""9/10"":307.167}","{""very_close_ice"":1471.987,""fast_ice"":1097.587,""level_ice"":104.475}",EPSG:4326
2024-03-28,2023/24,2703.339,2674.049,98.92,1097.587,40.6,53.4,80.0,5.0,"{""9+/10"":1295.351,""10/10"":1097.587,""9/10"":281.111}","{""very_close_ice"":1498.043,""fast_ice"":1097.587,""level_ice"":78.42}",EPSG:4326
2024-03-29,2023/24,2703.339,2674.049,98.92,1097.587,40.6,53.4,80.0,1.0,"{""9+/10"":1312.98,""10/10"":1097.587,""9/10"":263.482}","{""very_close_ice"":1503.088,""fast_ice"":1097.587,""level_ice"":51.499,""new_ice"":21.875}",EPSG:4326
2024-03-30,2023/24,2703.339,2662.583,98.49,1097.587,40.6,54.8,80.0,5.0,"{""9+/10"":1323.39,""10/10"":1097.587,""9/10"":241.607}","{""very_close_ice"":1526.082,""fast_ice"":1097.587,""level_ice"":38.915}",EPSG:4326
2024-03-31,2023/24,2703.339,2674.049,98.92,1097.587,40.6,54.8,80.0,1.0,"{""9+/10"":1334.623,""10/10"":1097.587,""9/10"":229.619,""7/10"":12.22}","{""very_close_ice"":1537.315,""fast_ice"":1097.587,""level_ice"":26.927,""new_ice"":12.22}",EPSG:4326
2024-04-01,2023/24,2703.339,2614.817,96.73,1097.587,40.6,55.0,80.0,5.0,"{""9+/10"":1281.414,""10/10"":1097.587,""9/10"":235.816}","{""very_close_ice"":1484.106,""fast_ice"":1097.587,""level_ice"":33.124}",EPSG:4326
2024-04-02,2023/24,2703.339,2674.049,98.92,1097.587,40.6,50.8,80.0,1.0,"{""9+/10"":987.934,""10/10"":1097.587,""9/10"":235.585,""7/10"":240.447,""6/10"":112.497}","{""very_close_ice"":1223.518,""fast_ice"":1097.587,""new_ice"":240.447,""open_ice"":112.497}",EPSG:4326
2024-04-03,2023/24,2703.339,2674.049,98.92,1097.587,40.6,48.3,80.0,1.0,"{""9+/10"":971.335,""10/10"":1097.587,""9/10"":202.692,""7/10"":402.436}","{""very_close_ice"":1174.027,""fast_ice"":1097.587,""new_ice"":402.436}",EPSG:4326
2024-04-04,2023/24,2703.339,2674.049,98.92,1097.587,40.6,46.4,80.0,1.0,"{""9+/10"":862.119,""10/10"":1124.087,""9/10"":176.192,""7/10"":511.651}","{""very_close_ice"":1038.311,""fast_ice"":1097.587,""new_ice"":511.651,""consolidated_ice"":26.5}",EPSG:4326
2024-04-05,2023/24,2703.339,2674.049,98.92,1097.587,40.6,46.4,80.0,1.0,"{""9/10"":176.192,""9+/10"":862.119,""10/10"":1124.087,""7/10"":511.651}","{""very_close_ice"":1038.311,""fast_ice"":1097.587,""new_ice"":511.651,""consolidated_ice"":26.5}",EPSG:4326
2024-04-06,2023/24,2703.339,2674.049,98.92,1097.587,40.6,48.0,80.0,3.0,"{""9/10"":628.453,""9+/10"":921.51,""10/10"":1124.087}","{""very_close_ice"":1097.701,""fast_ice"":1097.587,""level_ice"":370.997,""consolidated_ice"":26.5,""new_ice"":81.264}",EPSG:4326
2024-04-07,2023/24,2703.339,2674.049,98.92,1097.587,40.6,48.9,80.0,3.0,"{""9+/10"":970.634,""10/10"":1124.087,""9/10"":579.328}","{""very_close_ice"":1146.826,""fast_ice"":1097.587,""level_ice"":362.131,""consolidated_ice"":26.5,""new_ice"":41.005}",EPSG:4326
2024-04-08,2023/24,2703.339,2674.049,98.92,1097.587,40.6,48.9,80.0,4.0,"{""9/10"":579.328,""9+/10"":970.634,""10/10"":1124.087}","{""very_close_ice"":1146.826,""fast_ice"":1097.587,""consolidated_ice"":26.5,""level_ice"":403.136}",EPSG:4326
2024-04-09,2023/24,2703.339,2674.049,98.92,1097.587,40.6,50.7,80.0,4.0,"{""9+/10"":1079.626,""10/10"":1124.087,""9/10"":470.336}","{""very_close_ice"":1255.818,""fast_ice"":1097.587,""consolidated_ice"":26.5,""level_ice"":294.144}",EPSG:4326
2024-04-10,2023/24,2703.339,2674.049,98.92,1097.587,40.6,51.9,80.0,4.0,"{""10/10"":1124.087,""9+/10"":1020.148,""9/10"":394.417,""7/10"":135.398}","{""consolidated_ice"":26.5,""very_close_ice"":1196.339,""fast_ice"":1097.587,""level_ice"":218.225,""close_ice"":135.398}",EPSG:4326
2024-04-11,2023/24,2703.339,2674.049,98.92,1097.587,40.6,54.7,80.0,4.0,"{""10/10"":1124.087,""9/10"":176.192,""9+/10"":1111.845,""7/10"":41.005,""5/10"":220.921}","{""fast_ice"":1097.587,""very_close_ice"":1288.037,""consolidated_ice"":26.5,""close_ice"":41.005,""open_ice"":220.921}",EPSG:4326
2024-04-12,2023/24,2703.339,2674.049,98.92,1097.587,40.6,53.2,80.0,4.0,"{""10/10"":1124.087,""9/10"":433.86,""1/10"":1.096,""2/10"":430.823,""9+/10"":684.184}","{""fast_ice"":1097.587,""consolidated_ice"":26.5,""very_close_ice"":1118.044,""very_open_ice"":431.919}",EPSG:4326
2024-04-13,2023/24,2703.339,2674.049,98.92,1097.587,40.6,51.0,80.0,4.0,"{""10/10"":1124.087,""9/10"":440.43,""2/10"":263.879,""9+/10"":684.184,""1/10"":1.096,""5/10"":160.374}","{""fast_ice"":1097.587,""consolidated_ice"":26.5,""very_close_ice"":1124.614,""very_open_ice"":264.975,""open_ice"":160.374}",EPSG:4326
2024-04-14,2023/24,2703.339,2674.049,98.92,1097.587,40.6,51.6,80.0,4.0,"{""10/10"":1124.087,""9/10"":270.444,""2/10"":261.085,""9+/10"":686.245,""7/10"":332.188}","{""consolidated_ice"":26.5,""fast_ice"":1097.587,""very_close_ice"":956.689,""very_open_ice"":261.085,""close_ice"":332.188}",EPSG:4326
2024-04-15,2023/24,2703.339,2674.049,98.92,1097.587,40.6,50.8,80.0,20.0,"{""10/10"":1124.087,""9/10"":253.148,""9+/10"":677.289,""2/10"":619.525}","{""fast_ice"":1097.587,""consolidated_ice"":26.5,""very_close_ice"":930.437,""very_open_ice"":619.525}",EPSG:4326
2024-04-16,2023/24,2703.339,1992.179,73.69,1097.587,40.6,57.1,80.0,20.0,"{""10/10"":1124.087,""9/10"":176.192,""9+/10"":677.289,""8/10"":14.612}","{""fast_ice"":1097.587,""consolidated_ice"":26.5,""very_close_ice"":853.48,""close_ice"":14.612}",EPSG:4326
2024-04-17,2023/24,2703.339,2048.488,75.78,1097.587,40.6,55.6,80.0,5.0,"{""10/10"":1124.087,""9/10"":243.386,""9+/10"":681.016}","{""fast_ice"":1097.587,""consolidated_ice"":26.5,""very_close_ice"":857.207,""level_ice"":67.194}",EPSG:4326
2024-04-18,2023/24,2703.339,2369.864,87.66,1097.587,40.6,54.1,80.0,20.0,"{""10/10"":1124.087,""9/10"":338.592,""9+/10"":672.296,""2/10"":234.889}","{""fast_ice"":1097.587,""consolidated_ice"":26.5,""very_close_ice"":1010.888,""very_open_ice"":234.889}",EPSG:4326
2024-04-19,2023/24,2703.339,2350.785,86.96,1097.587,40.6,56.1,80.0,30.0,"{""10/10"":1477.3,""9/10"":461.399,""9+/10"":412.085}","{""fast_ice"":1097.587,""consolidated_ice"":379.713,""very_close_ice"":873.484}",EPSG:4326
2024-04-20,2023/24,2703.339,2498.701,92.43,1097.587,40.6,55.7,80.0,20.0,"{""10/10"":1477.3,""9/10"":83.19,""9+/10"":924.2,""6/10"":14.011}","{""consolidated_ice"":379.713,""fast_ice"":1097.587,""very_close_ice"":1007.39,""open_ice"":14.011}",EPSG:4326
2024-04-21,2023/24,2703.339,2134.502,78.96,1097.587,40.6,56.8,80.0,30.0,"{""10/10"":1477.3,""9/10"":83.19,""9+/10"":574.012}","{""consolidated_ice"":379.713,""fast_ice"":1097.587,""very_close_ice"":657.202}",EPSG:4326
2024-04-22,2023/24,2703.339,2486.584,91.98,1097.587,40.6,52.5,80.0,20.0,"{""10/10"":1477.3,""9/10"":83.19,""9+/10"":515.083,""2/10"":411.011}","{""consolidated_ice"":379.713,""fast_ice"":1097.587,""very_close_ice"":598.272,""very_open_ice"":411.011}",EPSG:4326
2024-04-23,2023/24,2703.339,2334.957,86.37,1097.587,40.6,54.9,90.0,20.0,"{""10/10"":1477.3,""9/10"":116.327,""1/10"":40.024,""9+/10"":421.442,""3/10"":279.864}","{""consolidated_ice"":379.713,""fast_ice"":1097.587,""very_close_ice"":537.769,""very_open_ice"":319.888}",EPSG:4326
2024-04-24,2023/24,2703.339,2194.914,81.19,1097.587,40.6,56.2,90.0,20.0,"{""10/10"":1477.3,""9/10"":83.19,""1/10"":97.705,""9+/10"":481.476,""5/10"":45.5,""8/10"":9.744}","{""fast_ice"":1097.587,""very_close_ice"":564.665,""very_open_ice"":97.705,""consolidated_ice"":379.713,""open_ice"":45.5,""close_ice"":9.744}",EPSG:4326
2024-04-25,2023/24,2703.339,2325.665,86.03,1097.587,40.6,55.9,90.0,20.0,"{""10/10"":1477.3,""9/10"":83.19,""9+/10"":545.28,""8/10"":0.587,""2/10"":219.308}","{""fast_ice"":1097.587,""very_close_ice"":628.469,""consolidated_ice"":379.713,""close_ice"":0.587,""very_open_ice"":219.308}",EPSG:4326
2024-04-26,2023/24,2703.339,2268.142,83.9,1097.587,40.6,56.6,90.0,20.0,"{""10/10"":1477.3,""9/10"":83.19,""9+/10"":545.827,""2/10"":161.826}","{""fast_ice"":1097.587,""very_close_ice"":629.016,""consolidated_ice"":379.713,""very_open_ice"":161.826}",EPSG:4326
2024-04-27,2023/24,2703.339,2131.96,78.86,1097.587,40.6,56.0,90.0,20.0,"{""10/10"":1477.3,""9/10"":83.19,""9+/10"":523.828,""2/10"":47.642}","{""fast_ice"":1097.587,""very_close_ice"":607.018,""consolidated_ice"":379.713,""very_open_ice"":47.642}",EPSG:4326
2024-04-28,2023/24,2703.339,2131.96,78.86,1097.587,40.6,56.0,90.0,20.0,"{""10/10"":1477.3,""9/10"":83.19,""9+/10"":526.433,""2/10"":45.037}","{""fast_ice"":1097.587,""very_close_ice"":609.623,""consolidated_ice"":379.713,""very_open_ice"":45.037}",EPSG:4326
2024-04-29,2023/24,2703.339,2131.96,78.86,1097.587,40.6,56.1,90.0,25.0,"{""10/10"":1477.3,""9/10"":83.19,""2/10"":40.809,""9+/10"":530.662}","{""fast_ice"":1097.587,""very_close_ice"":613.851,""very_open_ice"":40.809,""consolidated_ice"":379.713}",EPSG:4326
2024-04-30,2023/24,2703.339,2207.725,81.67,1097.587,40.6,54.0,90.0,25.0,"{""10/10"":1477.3,""9/10"":83.19,""2/10"":179.146,""9+/10"":468.089}","{""fast_ice"":1097.587,""very_close_ice"":551.279,""very_open_ice"":179.146,""consolidated_ice"":379.713}",EPSG:4326
2024-05-01,2023/24,2703.339,2402.78,88.88,1097.587,40.6,51.0,90.0,25.0,"{""10/10"":1477.3,""9/10"":83.19,""5/10"":168.679,""9+/10"":393.091,""3/10"":195.513,""2/10"":85.008}","{""fast_ice"":1097.587,""very_close_ice"":476.281,""open_ice"":168.679,""consolidated_ice"":379.713,""very_open_ice"":280.52}",EPSG:4326
2024-05-02,2023/24,2703.339,2402.78,88.88,1097.587,40.6,46.4,90.0,25.0,"{""10/10"":1477.3,""9/10"":83.19,""5/10"":356.352,""9+/10"":393.091,""2/10"":92.847}","{""fast_ice"":1097.587,""very_close_ice"":476.281,""open_ice"":356.352,""consolidated_ice"":379.713,""very_open_ice"":92.847}",EPSG:4326
2024-05-03,2023/24,2703.339,2404.334,88.94,1097.587,40.6,46.9,90.0,5.0,"{""10/10"":1477.3,""9/10"":83.19,""9+/10"":395.285,""2/10"":51.786,""5/10"":396.773}","{""fast_ice"":1097.587,""very_close_ice"":478.475,""consolidated_ice"":379.713,""very_open_ice"":51.786,""open_ice"":396.773}",EPSG:4326
2024-05-04,2023/24,2703.339,2383.025,88.15,1097.587,40.6,46.8,90.0,5.0,"{""10/10"":1477.3,""9/10"":83.19,""9+/10"":379.209,""2/10"":51.786,""5/10"":391.541}","{""fast_ice"":1097.587,""very_close_ice"":462.398,""consolidated_ice"":379.713,""very_open_ice"":51.786,""open_ice"":391.541}",EPSG:4326
2024-05-05,2023/24,2703.339,2080.622,76.96,1097.587,40.6,49.0,70.0,20.0,"{""10/10"":1519.228,""9/10"":83.19,""5/10"":13.412,""9+/10"":326.934,""2/10"":137.858}","{""fast_ice"":1097.587,""very_close_ice"":410.124,""open_ice"":13.412,""consolidated_ice"":421.641,""very_open_ice"":137.858}",EPSG:4326
2024-05-06,2023/24,2703.339,2040.388,75.48,1097.587,40.6,49.3,70.0,20.0,"{""10/10"":1517.505,""9/10"":83.19,""9+/10"":327.915,""2/10"":111.779}","{""fast_ice"":1097.587,""very_close_ice"":411.104,""very_open_ice"":111.779,""consolidated_ice"":419.918}",EPSG:4326
2024-05-07,2023/24,2703.339,2131.948,78.86,1097.587,40.6,48.7,70.0,20.0,"{""10/10"":1517.505,""9/10"":83.19,""9+/10"":330.415,""2/10"":200.838}","{""fast_ice"":1097.587,""very_close_ice"":413.604,""very_open_ice"":200.838,""consolidated_ice"":419.918}",EPSG:4326
2024-05-08,2023/24,2703.339,2052.914,75.94,1097.587,40.6,48.2,70.0,5.0,"{""10/10"":1527.501,""9/10"":83.19,""9+/10"":320.887,""5/10"":9.522,""2/10"":111.815}","{""fast_ice"":1097.587,""very_close_ice"":404.077,""consolidated_ice"":429.914,""open_ice"":9.522,""very_open_ice"":111.815}",EPSG:4326
2024-05-09,2023/24,2703.339,2063.99,76.35,1097.587,40.6,48.0,70.0,5.0,"{""10/10"":1503.913,""9/10"":83.19,""9+/10"":320.887,""5/10"":33.109,""2/10"":122.891}","{""fast_ice"":1097.587,""very_close_ice"":404.077,""consolidated_ice"":406.327,""open_ice"":33.109,""very_open_ice"":122.891}",EPSG:4326
2024-05-10,2023/24,2703.339,2245.589,83.07,1111.674,41.12,48.0,70.0,20.0,"{""2/10"":258.581,""10/10"":1111.674,""9/10"":875.334}","{""very_open_ice"":258.581,""fast_ice"":1111.674,""very_close_ice"":875.334}",EPSG:4326
2024-05-11,2023/24,2703.339,2428.802,89.84,1098.34,40.63,47.4,70.0,30.0,"{""10/10"":1098.34,""6/10"":605.117,""9/10"":464.711,""2/10"":260.634}","{""fast_ice"":1098.34,""open_ice"":605.117,""very_close_ice"":464.711,""very_open_ice"":260.634}",EPSG:4326
2024-05-12,2023/24,2703.339,2584.102,95.59,1049.104,38.81,46.2,70.0,20.0,"{""10/10"":1049.104,""5/10"":650.577,""2/10"":458.292,""9/10"":426.13}","{""fast_ice"":1049.104,""open_ice"":650.577,""very_open_ice"":458.292,""very_close_ice"":413.127,""rotten_ice"":13.003}",EPSG:4326
2024-05-13,2023/24,2703.339,2584.104,95.59,784.074,29.0,45.5,70.0,20.0,"{""5/10"":883.447,""9/10"":640.372,""2/10"":165.064,""10/10"":784.074,""9+/10"":111.147}","{""open_ice"":883.447,""very_close_ice"":475.458,""rotten_ice"":276.061,""very_open_ice"":165.064,""fast_ice"":784.074}",EPSG:4326
2024-05-14,2023/24,2703.339,2636.288,97.52,552.776,20.45,44.5,70.0,10.0,"{""9+/10"":111.147,""5/10"":278.263,""3/10"":108.059,""9/10"":866.763,""2/10"":246.28,""10/10"":552.776,""8/10"":473.0}","{""rotten_ice"":504.155,""open_ice"":278.263,""very_open_ice"":354.339,""very_close_ice"":473.755,""fast_ice"":552.776,""close_ice"":473.0}",EPSG:4326
2024-05-15,2023/24,2703.339,2659.267,98.37,552.776,20.45,42.9,70.0,10.0,"{""9/10"":726.739,""3/10"":702.038,""9+/10"":112.682,""5/10"":401.302,""10/10"":552.776,""8/10"":163.73}","{""very_close_ice"":379.505,""very_open_ice"":702.038,""rotten_ice"":459.917,""open_ice"":401.302,""fast_ice"":552.776,""close_ice"":163.73}",EPSG:4326
2024-05-16,2023/24,2703.339,2672.282,98.85,539.626,19.96,40.9,70.0,10.0,"{""9/10"":197.277,""9+/10"":14.413,""2/10"":53.361,""8/10"":647.05,""10/10"":539.626,""5/10"":150.442,""7/10"":57.647,""3/10"":1012.467}","{""very_close_ice"":124.523,""rotten_ice"":443.612,""very_open_ice"":1065.828,""fast_ice"":539.626,""open_ice"":150.442,""close_ice"":348.252}",EPSG:4326
2024-05-17,2023/24,2703.339,2649.072,97.99,367.796,13.61,40.5,70.0,20.0,"{""5/10"":418.556,""9/10"":97.502,""8/10"":914.069,""10/10"":367.796,""3/10"":851.089,""7/10"":0.06}","{""open_ice"":418.556,""very_close_ice"":97.502,""rotten_ice"":615.441,""fast_ice"":367.796,""very_open_ice"":851.089,""close_ice"":298.687}",EPSG:4326
2024-05-18,2023/24,2703.339,1625.2,60.12,0.0,0.0,46.5,70.0,20.0,"{""8/10"":529.876,""10/10"":8.62,""2/10"":755.157,""5/10"":331.546}","{""rotten_ice"":208.296,""very_open_ice"":755.157,""open_ice"":331.546,""close_ice"":330.2}",EPSG:4326
2024-05-19,2023/24,2703.339,1179.251,43.62,0.0,0.0,47.6,70.0,15.0,"{""8/10"":55.74,""2/10"":1074.43,""10/10"":49.081}","{""rotten_ice"":104.82,""very_open_ice"":1074.43}",EPSG:4326
2024-05-20,2023/24,2703.339,324.412,12.0,0.0,0.0,10.0,20.0,5.0,"{""2/10"":324.412}","{""very_open_ice"":324.412}",EPSG:4326
2024-05-21,2023/24,2703.339,348.518,12.89,0.0,0.0,11.0,40.0,5.0,"{""5/10"":24.106,""2/10"":324.412}","{""open_ice"":24.106,""very_open_ice"":324.412}",EPSG:4326
2024-05-22,2023/24,2703.339,196.148,7.26,0.0,0.0,10.0,20.0,5.0,"{""2/10"":196.148}","{""very_open_ice"":196.148}",EPSG:4326
2024-05-23,2023/24,2703.339,0.0,0.0,0.0,0.0,,,,{},{},EPSG:4326
2024-05-24,2023/24,2703.339,0.0,0.0,0.0,0.0,,,,{},{},EPSG:4326
2024-05-25,2023/24,2703.339,0.0,0.0,0.0,0.0,,,,{},{},EPSG:4326
2024-05-26,2023/24,2703.339,0.0,0.0,0.0,0.0,,,,{},{},EPSG:4326
2024-05-27,2023/24,2703.339,0.0,0.0,0.0,0.0,,,,{},{},EPSG:4326
2024-05-28,2023/24,2703.339,0.0,0.0,0.0,0.0,,,,{},{},EPSG:4326
2024-05-29,2023/24,2703.339,0.0,0.0,0.0,0.0,,,,{},{},EPSG:4326
2024-05-30,2023/24,2703.339,0.0,0.0,0.0,0.0,,,,{},{},EPSG:4326
2024-05-31,2023/24,2703.339,0.0,0.0,0.0,0.0,,,,{},{},EPSG:4326
2024-11-04,2024/25,2703.339,22.135,0.82,0.0,0.0,2.0,3.0,1.0,"{""7/10"":22.135}","{""new_ice"":22.135}",EPSG:4326
2024-11-07,2024/25,2703.339,30.995,1.15,0.0,0.0,2.0,3.0,1.0,"{""7/10"":30.995}","{""new_ice"":30.995}",EPSG:4326
2024-11-11,2024/25,2703.339,37.928,1.4,0.0,0.0,2.0,3.0,1.0,"{""7/10"":37.928}","{""new_ice"":37.928}",EPSG:4326
2024-11-14,2024/25,2703.339,24.801,0.92,0.0,0.0,2.0,3.0,1.0,"{""7/10"":24.801}","{""new_ice"":24.801}",EPSG:4326
2024-11-18,2024/25,2703.339,24.801,0.92,0.0,0.0,2.0,3.0,1.0,"{""7/10"":24.801}","{""new_ice"":24.801}",EPSG:4326
2024-11-21,2024/25,2703.339,24.801,0.92,0.0,0.0,2.0,3.0,1.0,"{""7/10"":24.801}","{""new_ice"":24.801}",EPSG:4326
2024-11-25,2024/25,2703.339,110.548,4.09,0.0,0.0,2.0,5.0,1.0,"{""7/10"":58.47,""9/10"":52.078}","{""new_ice"":110.548}",EPSG:4326
2024-11-28,2024/25,2703.339,420.626,15.56,0.0,0.0,3.7,10.0,1.0,"{""9/10"":102.179,""7/10"":115.378,""8/10"":203.069}","{""level_ice"":102.179,""new_ice"":318.447}",EPSG:4326
2024-12-02,2024/25,2703.339,362.258,13.4,0.0,0.0,4.1,10.0,1.0,"{""9/10"":102.179,""8/10"":260.079}","{""level_ice"":102.179,""new_ice"":260.079}",EPSG:4326
2024-12-05,2024/25,2703.339,348.191,12.88,0.0,0.0,4.2,10.0,1.0,"{""9/10"":108.074,""8/10"":240.117}","{""level_ice"":102.179,""new_ice"":246.012}",EPSG:4326
2024-12-09,2024/25,2703.339,296.648,10.97,0.0,0.0,4.3,10.0,1.0,"{""9/10"":197.969,""8/10"":85.086,""7/10"":13.593}","{""level_ice"":98.259,""new_ice"":198.389}",EPSG:4326
2024-12-10,2024/25,2703.339,318.114,11.77,0.0,0.0,4.3,10.0,1.0,"{""9/10"":99.571,""7/10"":4.613,""8/10"":213.93}","{""level_ice"":99.571,""new_ice"":218.543}",EPSG:4326
2024-12-11,2024/25,2703.339,292.728,10.83,0.0,0.0,4.3,10.0,1.0,"{""9/10"":91.775,""7/10"":5.757,""8/10"":195.196}","{""level_ice"":91.775,""new_ice"":200.953}",EPSG:4326
2024-12-12,2024/25,2703.339,370.737,13.71,0.0,0.0,4.0,10.0,1.0,"{""7/10"":5.757,""9/10"":91.775,""8/10"":273.205}","{""new_ice"":278.962,""level_ice"":91.775}",EPSG:4326
2024-12-13,2024/25,2703.339,666.068,24.64,0.0,0.0,3.9,10.0,1.0,"{""9/10"":319.228,""7/10"":265.031,""8/10"":81.809}","{""level_ice"":150.823,""new_ice"":515.245}",EPSG:4326
2024-12-14,2024/25,2703.339,769.18,28.45,0.0,0.0,4.2,10.0,1.0,"{""9/10"":579.457,""7/10"":189.722}","{""level_ice"":240.317,""new_ice"":528.862}",EPSG:4326
2024-12-15,2024/25,2703.339,897.828,33.21,0.0,0.0,4.9,15.0,1.0,"{""7/10"":226.164,""9/10"":671.665}","{""new_ice"":655.12,""level_ice"":242.708}",EPSG:4326
2024-12-16,2024/25,2703.339,632.386,23.39,0.0,0.0,5.7,15.0,1.0,"{""9/10"":520.513,""7/10"":111.873}","{""level_ice"":243.976,""new_ice"":388.41}",EPSG:4326
2024-12-17,2024/25,2703.339,632.386,23.39,0.0,0.0,5.7,15.0,1.0,"{""9/10"":520.513,""7/10"":111.873}","{""level_ice"":243.976,""new_ice"":388.41}",EPSG:4326
2024-12-18,2024/25,2703.339,1245.308,46.07,0.0,0.0,4.4,15.0,1.0,"{""7/10"":724.794,""9/10"":520.513}","{""new_ice"":1001.332,""level_ice"":243.976}",EPSG:4326
2024-12-19,2024/25,2703.339,808.205,29.9,0.0,0.0,9.8,15.0,2.0,"{""8/10"":22.031,""9/10"":786.174}","{""new_ice"":22.031,""level_ice"":786.174}",EPSG:4326
2024-12-20,2024/25,2703.339,1514.054,56.01,0.0,0.0,6.4,15.0,2.0,"{""7/10"":783.654,""9/10"":730.4}","{""new_ice"":783.654,""level_ice"":730.4}",EPSG:4326
2024-12-21,2024/25,2703.339,1634.087,60.45,0.0,0.0,6.1,15.0,2.0,"{""7/10"":903.687,""9/10"":730.4}","{""new_ice"":903.687,""level_ice"":730.4}",EPSG:4326
2024-12-22,2024/25,2703.339,1725.575,63.83,0.0,0.0,6.0,15.0,1.0,"{""9/10"":743.98,""7/10"":981.595}","{""level_ice"":743.98,""new_ice"":981.595}",EPSG:4326
2024-12-23,2024/25,2703.339,1465.926,54.23,91.529,3.39,6.7,20.0,1.0,"{""10/10"":91.529,""9/10"":649.101,""7/10"":725.295}","{""fast_ice"":91.529,""level_ice"":649.101,""new_ice"":725.295}",EPSG:4326
2024-12-24,2024/25,2703.339,1625.627,60.13,91.529,3.39,6.5,20.0,1.0,"{""10/10"":91.529,""9/10"":666.473,""7/10"":867.624}","{""fast_ice"":91.529,""level_ice"":666.473,""new_ice"":867.624}",EPSG:4326
2024-12-25,2024/25,2703.339,1691.734,62.58,91.529,3.39,6.6,20.0,1.0,"{""10/10"":91.529,""9/10"":728.808,""7/10"":871.396}","{""fast_ice"":91.529,""level_ice"":728.808,""new_ice"":871.396}",EPSG:4326
2024-12-26,2024/25,2703.339,1614.367,59.72,91.529,3.39,8.9,20.0,1.0,"{""10/10"":91.529,""9/10"":757.563,""1/10"":434.014,""7/10"":331.261}","{""fast_ice"":91.529,""very_close_ice"":12.929,""very_open_ice"":434.014,""level_ice"":744.634,""close_ice"":331.261}",EPSG:4326
2024-12-27,2024/25,2703.339,1151.152,42.58,156.217,5.78,10.7,20.0,5.0,"{""10/10"":156.217,""9+/10"":569.049,""8/10"":27.732,""9/10"":172.468,""1/10"":225.686}","{""fast_ice"":156.217,""level_ice"":569.049,""close_ice"":27.732,""very_close_ice"":172.468,""very_open_ice"":225.686}",EPSG:4326
2024-12-28,2024/25,2703.339,1083.192,40.07,156.217,5.78,10.2,20.0,2.0,"{""8/10"":175.444,""10/10"":156.217,""9+/10"":571.563,""9/10"":123.852,""7/10"":56.117}","{""new_ice"":82.372,""fast_ice"":156.217,""level_ice"":580.044,""very_close_ice"":115.37,""close_ice"":149.189}",EPSG:4326
2024-12-29,2024/25,2703.339,924.752,34.21,156.217,5.78,10.2,20.0,2.0,"{""10/10"":156.217,""9/10"":112.228,""8/10"":87.877,""7/10"":10.412,""9+/10"":558.019}","{""fast_ice"":156.217,""level_ice"":566.5,""new_ice"":87.877,""very_close_ice"":103.746,""close_ice"":10.412}",EPSG:4326
2024-12-30,2024/25,2703.339,923.891,34.18,156.217,5.78,10.4,20.0,2.0,"{""10/10"":156.217,""8/10"":62.151,""9/10"":46.728,""7/10"":125.204,""9+/10"":533.591}","{""fast_ice"":156.217,""new_ice"":62.151,""very_close_ice"":65.307,""close_ice"":125.204,""level_ice"":515.013}",EPSG:4326
2024-12-31,2024/25,2703.339,794.463,29.39,156.217,5.78,10.1,20.0,2.0,"{""10/10"":156.217,""8/10"":66.007,""9/10"":7.294,""9+/10"":564.945}","{""fast_ice"":156.217,""new_ice"":110.85,""level_ice"":502.9,""close_ice"":24.496}",EPSG:4326
2025-01-01,2024/25,2703.339,2073.818,76.71,156.217,5.78,5.7,20.0,1.0,"{""10/10"":156.217,""9/10"":21.19,""7/10"":1109.515,""9+/10"":551.049,""8/10"":235.847}","{""fast_ice"":156.217,""level_ice"":572.239,""new_ice"":1109.515,""close_ice"":235.847}",EPSG:4326
2025-01-02,2024/25,2703.339,2090.639,77.34,156.217,5.78,5.8,20.0,1.0,"{""10/10"":156.217,""9/10"":21.19,""7/10"":1057.823,""9+/10"":551.049,""8/10"":304.36}","{""fast_ice"":156.217,""level_ice"":572.239,""new_ice"":1057.823,""close_ice"":304.36}",EPSG:4326
2025-01-03,2024/25,2703.339,2551.413,94.38,686.257,25.39,7.6,20.0,2.0,"{""10/10"":686.257,""9/10"":168.518,""8/10"":1499.069,""9+/10"":197.568}","{""fast_ice"":686.257,""level_ice"":366.087,""new_ice"":1499.069}",EPSG:4326
2025-01-04,2024/25,2703.339,2662.284,98.48,775.528,28.69,7.4,20.0,3.0,"{""10/10"":775.528,""8/10"":1313.741,""9/10"":573.015}","{""fast_ice"":775.528,""new_ice"":1313.741,""level_ice"":573.015}",EPSG:4326
2025-01-05,2024/25,2703.339,2674.049,98.92,787.861,29.14,11.4,25.0,1.0,"{""10/10"":787.861,""8/10"":170.242,""9/10"":1661.65,""7/10"":54.296}","{""fast_ice"":787.861,""close_ice"":170.242,""level_ice"":1579.921,""very_close_ice"":81.729,""new_ice"":54.296}",EPSG:4326
2025-01-06,2024/25,2703.339,2674.049,98.92,787.861,29.14,12.4,25.0,1.0,"{""10/10"":787.861,""8/10"":170.242,""9/10"":1661.65,""7/10"":54.296}","{""fast_ice"":787.861,""close_ice"":170.242,""level_ice"":1579.921,""very_close_ice"":81.729,""new_ice"":54.296}",EPSG:4326
2025-01-07,2024/25,2703.339,2674.049,98.92,787.861,29.14,12.7,25.0,1.0,"{""10/10"":787.861,""7/10"":34.585,""9/10"":1851.603}","{""fast_ice"":787.861,""new_ice"":34.585,""level_ice"":1851.603}",EPSG:4326
2025-01-08,2024/25,2703.339,2378.448,87.98,787.861,29.14,11.1,25.0,1.0,"{""10/10"":787.861,""1/10"":28.295,""9/10"":1227.832,""8/10"":334.461}","{""fast_ice"":787.861,""very_open_ice"":28.295,""new_ice"":464.687,""level_ice"":1097.606}",EPSG:4326
2025-01-09,2024/25,2703.339,2528.636,93.54,787.861,29.14,13.0,25.0,3.0,"{""10/10"":787.861,""1/10"":26.726,""9/10"":847.566,""7/10"":814.37,""9+/10"":52.114}","{""fast_ice"":787.861,""very_open_ice"":26.726,""very_close_ice"":350.277,""level_ice"":549.402,""close_ice"":814.37}",EPSG:4326
2025-01-10,2024/25,2703.339,2670.286,98.78,787.861,29.14,15.4,30.0,1.0,"{""10/10"":787.861,""9/10"":1882.425}","{""fast_ice"":787.861,""very_close_ice"":1295.494,""level_ice"":526.031,""new_ice"":60.9}",EPSG:4326
2025-01-11,2024/25,2703.339,2674.049,98.92,787.861,29.14,15.6,30.0,1.0,"{""10/10"":787.861,""7/10"":40.033,""9/10"":1816.055,""4/10"":30.101}","{""fast_ice"":787.861,""close_ice"":40.033,""very_close_ice"":1229.124,""new_ice"":60.9,""level_ice"":526.031,""open_ice"":30.101}",EPSG:4326
2025-01-12,2024/25,2703.339,2674.049,98.92,1167.115,43.17,15.3,30.0,2.0,"{""10/10"":1167.115,""9/10"":464.31,""7/10"":937.182,""1/10"":105.441}","{""fast_ice"":1167.115,""new_ice"":43.759,""very_close_ice"":150.646,""close_ice"":937.182,""very_open_ice"":105.441,""level_ice"":269.905}",EPSG:4326
2025-01-13,2024/25,2703.339,2674.049,98.92,939.979,34.77,17.4,50.0,5.0,"{""10/10"":1350.597,""7/10"":867.925,""9/10"":69.896,""2/10"":385.631}","{""fast_ice"":939.979,""close_ice"":867.925,""very_close_ice"":69.896,""very_open_ice"":385.631,""level_ice"":410.619}",EPSG:4326
2025-01-14,2024/25,2703.339,2532.72,93.69,731.796,27.07,14.3,35.0,5.0,"{""10/10"":1121.116,""1/10"":558.668,""9+/10"":307.666,""5/10"":545.269}","{""fast_ice"":731.796,""level_ice"":389.32,""very_open_ice"":558.668,""very_close_ice"":307.666,""open_ice"":545.269}",EPSG:4326
2025-01-15,2024/25,2703.339,2674.049,98.92,942.761,34.87,13.4,35.0,2.0,"{""10/10"":942.761,""2/10"":221.263,""8/10"":725.694,""7/10"":605.857,""9/10"":178.473}","{""fast_ice"":942.761,""very_open_ice"":221.263,""close_ice"":725.694,""new_ice"":605.857,""very_close_ice"":178.473}",EPSG:4326
2025-01-16,2024/25,2703.339,1739.621,64.35,936.954,34.66,16.4,35.0,2.0,"{""10/10"":936.954,""9+/10"":15.13,""5/10"":111.199,""8/10"":386.528,""1/10"":289.81}","{""fast_ice"":936.954,""very_close_ice"":15.13,""open_ice"":111.199,""close_ice"":386.528,""very_open_ice"":289.81}",EPSG:4326
2025-01-17,2024/25,2703.339,1921.624,71.08,933.599,34.54,15.9,35.0,3.0,"{""10/10"":933.599,""7/10"":372.273,""2/10"":87.079,""9+/10"":15.226,""3/10"":441.498,""4/10"":2.864,""1/10"":69.085}","{""fast_ice"":933.599,""close_ice"":372.273,""very_open_ice"":597.662,""very_close_ice"":15.226,""open_ice"":2.864}",EPSG:4326
2025-01-18,2024/25,2703.339,2650.584,98.05,825.184,30.52,13.9,35.0,3.0,"{""10/10"":825.184,""2/10"":899.322,""1/10"":386.064,""5/10"":233.524,""7/10"":168.537,""9/10"":137.954}","{""fast_ice"":825.184,""very_open_ice"":1285.385,""open_ice"":233.524,""close_ice"":168.537,""very_close_ice"":137.954}",EPSG:4326
2025-01-19,2024/25,2703.339,2674.049,98.92,823.953,30.48,14.2,35.0,5.0,"{""10/10"":823.953,""2/10"":967.137,""1/10"":514.667,""6/10"":261.017,""9/10"":107.275}","{""fast_ice"":823.953,""very_open_ice"":1481.804,""open_ice"":261.017,""very_close_ice"":107.275}",EPSG:4326
2025-01-20,2024/25,2703.339,2674.049,98.92,771.364,28.53,11.9,35.0,1.0,"{""10/10"":771.364,""7/10"":785.782,""1/10"":877.183,""9/10"":88.118,""5/10"":151.601}","{""fast_ice"":771.364,""new_ice"":785.782,""very_open_ice"":877.183,""very_close_ice"":88.118,""open_ice"":151.601}",EPSG:4326
2025-01-21,2024/25,2703.339,2674.049,98.92,771.364,28.53,9.3,35.0,1.0,"{""10/10"":771.364,""9/10"":103.285,""7/10"":1791.3,""1/10"":8.099}","{""fast_ice"":771.364,""very_close_ice"":103.285,""new_ice"":1791.3,""very_open_ice"":8.099}",EPSG:4326
2025-01-22,2024/25,2703.339,2661.64,98.46,771.364,28.53,13.1,40.0,1.0,"{""10/10"":771.364,""9/10"":1890.276}","{""fast_ice"":771.364,""level_ice"":751.264,""very_close_ice"":278.44,""new_ice"":860.572}",EPSG:4326
2025-01-23,2024/25,2703.339,2618.069,96.85,771.364,28.53,14.3,40.0,1.0,"{""10/10"":771.364,""9/10"":1792.871,""2/10"":53.835}","{""fast_ice"":771.364,""level_ice"":943.139,""very_close_ice"":354.002,""very_open_ice"":53.835,""new_ice"":495.729}",EPSG:4326
2025-01-24,2024/25,2703.339,2674.049,98.92,771.364,28.53,15.4,40.0,3.0,"{""10/10"":771.364,""9/10"":1526.372,""8/10"":376.312}","{""fast_ice"":771.364,""level_ice"":1483.005,""very_close_ice"":43.367,""close_ice"":376.312}",EPSG:4326
2025-01-25,2024/25,2703.339,2674.049,98.92,771.364,28.53,15.7,40.0,5.0,"{""10/10"":771.364,""9/10"":1902.685}","{""fast_ice"":771.364,""level_ice"":1805.135,""very_close_ice"":97.55}",EPSG:4326
2025-01-26,2024/25,2703.339,2248.705,83.18,771.364,28.53,18.2,40.0,5.0,"{""10/10"":771.364,""8/10"":326.439,""9/10"":1150.902}","{""fast_ice"":771.364,""close_ice"":326.439,""very_close_ice"":92.02,""level_ice"":1058.882}",EPSG:4326
2025-01-27,2024/25,2703.339,2141.641,79.22,771.364,28.53,17.8,40.0,5.0,"{""10/10"":771.364,""9/10"":1244.32,""7/10"":125.957}","{""fast_ice"":771.364,""very_close_ice"":113.118,""close_ice"":125.957,""level_ice"":1131.202}",EPSG:4326
2025-01-28,2024/25,2703.339,2242.04,82.94,771.364,28.53,16.3,40.0,3.0,"{""10/10"":771.364,""2/10"":346.693,""9/10"":1123.982}","{""fast_ice"":771.364,""very_open_ice"":346.693,""very_close_ice"":122.036,""level_ice"":1001.946}",EPSG:4326
2025-01-29,2024/25,2703.339,2234.2,82.65,771.364,28.53,16.3,40.0,3.0,"{""10/10"":771.364,""9/10"":1181.701,""2/10"":243.076,""8/10"":27.446,""4/10"":10.613}","{""fast_ice"":771.364,""very_close_ice"":568.329,""level_ice"":613.372,""very_open_ice"":243.076,""close_ice"":27.446,""open_ice"":10.613}",EPSG:4326
2025-01-30,2024/25,2703.339,2673.104,98.88,771.364,28.53,16.5,40.0,1.0,"{""10/10"":771.364,""9/10"":1488.395,""8/10"":390.335,""3/10"":23.01}","{""fast_ice"":771.364,""very_close_ice"":1053.391,""level_ice"":435.004,""close_ice"":355.829,""new_ice"":34.506,""very_open_ice"":23.01}",EPSG:4326
2025-01-31,2024/25,2703.339,2674.049,98.92,771.364,28.53,17.2,40.0,1.0,"{""10/10"":771.364,""9/10"":1079.41,""7/10"":664.798,""5/10"":158.476}","{""fast_ice"":771.364,""very_close_ice"":630.287,""level_ice"":449.123,""new_ice"":314.65,""open_ice"":158.476,""close_ice"":350.148}",EPSG:4326
2025-02-01,2024/25,2703.339,2674.049,98.92,835.543,30.91,15.4,40.0,1.0,"{""10/10"":835.543,""9/10"":1004.345,""7/10"":834.16}","{""fast_ice"":835.543,""very_close_ice"":437.145,""level_ice"":567.2,""new_ice"":608.372,""close_ice"":225.788}",EPSG:4326
2025-02-02,2024/25,2703.339,2674.049,98.92,835.543,30.91,13.9,40.0,1.0,"{""10/10"":835.543,""9/10"":722.812,""7/10"":1115.694}","{""fast_ice"":835.543,""very_close_ice"":337.867,""level_ice"":384.945,""new_ice"":1010.467,""close_ice"":105.227}",EPSG:4326
2025-02-03,2024/25,2703.339,2674.049,98.92,835.543,30.91,16.5,40.0,1.0,"{""9/10"":1175.967,""10/10"":835.543,""7/10"":662.539}","{""level_ice"":384.945,""fast_ice"":835.543,""new_ice"":652.28,""very_close_ice"":791.022,""close_ice"":10.259}",EPSG:4326
2025-02-04,2024/25,2703.339,2674.049,98.92,835.543,30.91,17.2,40.0,3.0,"{""10/10"":835.543,""9/10"":1802.426,""7/10"":36.08}","{""fast_ice"":835.543,""level_ice"":384.945,""very_close_ice"":814.997,""close_ice"":36.08,""new_ice"":602.484}",EPSG:4326
2025-02-05,2024/25,2703.339,2663.582,98.53,835.543,30.91,18.6,40.0,5.0,"{""9/10"":1828.039,""10/10"":835.543}","{""level_ice"":856.028,""very_close_ice"":972.011,""fast_ice"":835.543}",EPSG:4326
2025-02-06,2024/25,2703.339,2630.87,97.32,835.543,30.91,19.4,40.0,5.0,"{""10/10"":835.543,""9/10"":1754.627,""5/10"":40.701}","{""fast_ice"":835.543,""level_ice"":438.463,""very_close_ice"":1316.164,""open_ice"":40.701}",EPSG:4326
2025-02-07,2024/25,2703.339,2606.439,96.42,835.543,30.91,19.6,40.0,5.0,"{""10/10"":835.543,""9/10"":1433.82,""4/10"":337.076}","{""fast_ice"":835.543,""level_ice"":409.026,""open_ice"":337.076,""very_close_ice"":1024.794}",EPSG:4326
2025-02-08,2024/25,2703.339,2507.155,92.74,835.543,30.91,20.1,40.0,3.0,"{""10/10"":835.543,""9/10"":739.79,""1/10"":270.268,""7/10"":644.91,""2/10"":16.644}","{""fast_ice"":835.543,""level_ice"":386.284,""very_close_ice"":353.506,""very_open_ice"":286.912,""close_ice"":644.91}",EPSG:4326
2025-02-09,2024/25,2703.339,2613.034,96.66,835.543,30.91,19.9,40.0,4.0,"{""10/10"":835.543,""9/10"":706.633,""7/10"":956.791,""4/10"":114.067}","{""fast_ice"":835.543,""level_ice"":386.284,""very_close_ice"":320.349,""close_ice"":956.791,""open_ice"":114.067}",EPSG:4326
2025-02-10,2024/25,2703.339,2674.049,98.92,835.543,30.91,21.1,50.0,3.0,"{""10/10"":835.543,""9/10"":1351.365,""1/10"":487.14}","{""fast_ice"":835.543,""level_ice"":386.284,""very_close_ice"":965.081,""very_open_ice"":487.14}",EPSG:4326
2025-02-11,2024/25,2703.339,2674.049,98.92,835.543,30.91,20.3,50.0,2.0,"{""10/10"":835.543,""9/10"":1616.549,""6/10"":221.957}","{""fast_ice"":835.543,""level_ice"":386.284,""very_close_ice"":888.089,""open_ice"":221.957,""new_ice"":342.176}",EPSG:4326
2025-02-12,2024/25,2703.339,2674.049,98.92,835.543,30.91,20.2,50.0,1.0,"{""10/10"":835.543,""9/10"":1261.609,""7/10"":397.252,""6/10"":179.644}","{""fast_ice"":835.543,""level_ice"":386.284,""very_close_ice"":875.325,""new_ice"":397.252,""open_ice"":179.644}",EPSG:4326
2025-02-13,2024/25,2703.339,2674.049,98.92,835.543,30.91,20.8,50.0,2.0,"{""9/10"":982.651,""10/10"":835.543,""6/10"":768.722,""7/10"":87.133}","{""level_ice"":386.284,""fast_ice"":835.543,""very_close_ice"":596.367,""open_ice"":768.722,""new_ice"":87.133}",EPSG:4326
2025-02-14,2024/25,2703.339,2674.049,98.92,835.543,30.91,21.5,50.0,2.0,"{""10/10"":835.543,""9/10"":968.521,""8/10"":777.72,""7/10"":7.891,""6/10"":84.374}","{""fast_ice"":835.543,""level_ice"":386.284,""very_close_ice"":582.237,""close_ice"":777.72,""new_ice"":7.891,""open_ice"":84.374}",EPSG:4326
2025-02-15,2024/25,2703.339,2674.049,98.92,1001.145,37.03,22.9,60.0,5.0,"{""10/10"":1001.145,""9/10"":1655.358,""9+/10"":17.546}","{""fast_ice"":1001.145,""level_ice"":1211.31,""very_close_ice"":461.594}",EPSG:4326
2025-02-16,2024/25,2703.339,2674.049,98.92,1001.145,37.03,19.4,60.0,2.0,"{""9/10"":1661.154,""10/10"":1001.145,""9+/10"":11.75}","{""level_ice"":1213.081,""fast_ice"":1001.145,""very_close_ice"":261.021,""new_ice"":198.802}",EPSG:4326
2025-02-17,2024/25,2703.339,2674.049,98.92,1001.145,37.03,21.9,60.0,2.0,"{""9/10"":1661.154,""10/10"":1001.145,""9+/10"":11.75}","{""level_ice"":1301.448,""fast_ice"":1001.145,""very_close_ice"":318.296,""new_ice"":53.161}",EPSG:4326
2025-02-18,2024/25,2703.339,2674.049,98.92,1221.828,45.2,23.8,60.0,1.0,"{""10/10"":1221.828,""9/10"":1440.471,""9+/10"":11.75}","{""fast_ice"":1221.828,""new_ice"":509.957,""very_close_ice"":157.42,""level_ice"":784.844}",EPSG:4326
2025-02-19,2024/25,2703.339,2674.049,98.92,1221.828,45.2,23.8,60.0,3.0,"{""10/10"":1221.828,""9/10"":1440.471,""9+/10"":11.75}","{""fast_ice"":1221.828,""very_close_ice"":645.925,""level_ice"":806.297}",EPSG:4326
2025-02-20,2024/25,2703.339,2674.049,98.92,1221.828,45.2,22.6,60.0,3.0,"{""10/10"":1221.828,""9/10"":1440.471,""9+/10"":11.75}","{""fast_ice"":1221.828,""very_close_ice"":378.792,""level_ice"":1073.429}",EPSG:4326
2025-02-21,2024/25,2703.339,2674.049,98.92,1221.828,45.2,23.9,60.0,3.0,"{""10/10"":1221.828,""9/10"":1440.471,""9+/10"":11.75}","{""fast_ice"":1221.828,""very_close_ice"":725.197,""level_ice"":727.024}",EPSG:4326
2025-02-22,2024/25,2703.339,2674.049,98.92,1221.828,45.2,25.5,60.0,5.0,"{""10/10"":1221.828,""9/10"":1288.213,""9+/10"":11.75,""1/10"":152.258}","{""fast_ice"":1221.828,""very_close_ice"":725.197,""level_ice"":574.766,""very_open_ice"":152.258}",EPSG:4326
2025-02-23,2024/25,2703.339,2270.479,83.99,1221.828,45.2,27.1,60.0,5.0,"{""10/10"":1221.828,""9/10"":884.643,""9+/10"":11.75,""1/10"":152.258}","{""fast_ice"":1221.828,""very_close_ice"":514.959,""very_open_ice"":152.258,""level_ice"":381.434}",EPSG:4326
2025-02-24,2024/25,2703.339,2674.049,98.92,1221.828,45.2,26.5,60.0,5.0,"{""10/10"":1221.828,""9+/10"":286.4,""1/10"":750.672,""9/10"":415.149}","{""fast_ice"":1221.828,""very_close_ice"":701.549,""very_open_ice"":750.672}",EPSG:4326
2025-02-25,2024/25,2703.339,1574.125,58.23,1221.828,45.2,35.1,60.0,5.0,"{""10/10"":1221.828,""9+/10"":236.66,""2/10"":8.557,""9/10"":107.081}","{""fast_ice"":1221.828,""very_close_ice"":343.741,""very_open_ice"":8.557}",EPSG:4326
2025-02-26,2024/25,2703.339,1557.731,57.62,1221.828,45.2,35.3,60.0,5.0,"{""10/10"":1221.828,""9+/10"":220.266,""2/10"":8.557,""9/10"":107.081}","{""fast_ice"":1221.828,""very_close_ice"":327.347,""very_open_ice"":8.557}",EPSG:4326
2025-02-27,2024/25,2703.339,1591.59,58.87,1221.828,45.2,35.2,60.0,5.0,"{""9/10"":101.506,""9+/10"":259.7,""10/10"":1221.828,""2/10"":8.557}","{""very_close_ice"":361.206,""fast_ice"":1221.828,""very_open_ice"":8.557}",EPSG:4326
2025-02-28,2024/25,2703.339,1638.038,60.59,1221.828,45.2,34.6,60.0,10.0,"{""10/10"":1221.828,""9+/10"":252.365,""9/10"":146.894,""1/10"":10.168,""3/10"":6.783}","{""fast_ice"":1221.828,""very_close_ice"":399.259,""very_open_ice"":16.951}",EPSG:4326
2025-03-01,2024/25,2703.339,1773.691,65.61,1226.051,45.35,33.0,60.0,10.0,"{""10/10"":1226.051,""9+/10"":193.46,""9/10"":93.79,""8/10"":190.953,""2/10"":69.436}","{""fast_ice"":1226.051,""very_close_ice"":287.25,""close_ice"":190.953,""very_open_ice"":69.436}",EPSG:4326
2025-03-02,2024/25,2703.339,1734.367,64.16,1227.949,45.42,33.3,60.0,10.0,"{""10/10"":1227.949,""9+/10"":168.771,""9/10"":199.903,""1/10"":48.142,""8/10"":89.603}","{""fast_ice"":1227.949,""very_close_ice"":368.674,""very_open_ice"":48.142,""close_ice"":89.603}",EPSG:4326
2025-03-03,2024/25,2703.339,1912.078,70.73,1227.21,45.4,32.2,60.0,10.0,"{""10/10"":1227.21,""9+/10"":233.545,""8/10"":206.766,""9/10"":148.945,""1/10"":47.182,""2/10"":39.517,""3/10"":8.913}","{""fast_ice"":1227.21,""very_close_ice"":382.491,""close_ice"":206.766,""very_open_ice"":95.611}",EPSG:4326
2025-03-04,2024/25,2703.339,2384.959,88.22,1227.21,45.4,29.6,60.0,10.0,"{""10/10"":1227.21,""9+/10"":239.875,""9/10"":44.479,""2/10"":110.469,""7/10"":139.427,""3/10"":42.221,""6/10"":581.277}","{""fast_ice"":1227.21,""very_close_ice"":284.354,""very_open_ice"":152.691,""close_ice"":139.427,""open_ice"":581.277}",EPSG:4326
2025-03-05,2024/25,2703.339,2528.47,93.53,1227.21,45.4,28.9,60.0,10.0,"{""10/10"":1227.21,""2/10"":376.901,""9+/10"":346.143,""9/10"":40.341,""6/10"":537.875}","{""fast_ice"":1227.21,""very_open_ice"":376.901,""very_close_ice"":386.484,""open_ice"":537.875}",EPSG:4326
2025-03-06,2024/25,2703.339,2674.049,98.92,1248.772,46.19,29.2,60.0,10.0,"{""10/10"":1248.772,""9+/10"":177.093,""9/10"":200.229,""7/10"":119.532,""1/10"":581.891,""4/10"":346.533}","{""fast_ice"":1248.772,""very_close_ice"":377.321,""close_ice"":119.532,""very_open_ice"":581.891,""open_ice"":346.533}",EPSG:4326
2025-03-07,2024/25,2703.339,2674.049,98.92,1159.531,42.89,29.2,60.0,10.0,"{""9+/10"":57.943,""9/10"":435.794,""1/10"":449.315,""10/10"":1159.531,""7/10"":571.465}","{""very_close_ice"":493.737,""very_open_ice"":449.315,""fast_ice"":1159.531,""close_ice"":571.465}",EPSG:4326
2025-03-08,2024/25,2703.339,2629.888,97.28,1159.531,42.89,28.8,60.0,10.0,"{""10/10"":1159.531,""9+/10"":456.517,""3/10"":769.394,""8/10"":244.446}","{""fast_ice"":1159.531,""very_close_ice"":456.517,""very_open_ice"":769.394,""close_ice"":244.446}",EPSG:4326
2025-03-09,2024/25,2703.339,2674.049,98.92,1109.035,41.02,28.2,60.0,10.0,"{""10/10"":1109.035,""9+/10"":468.437,""3/10"":723.954,""7/10"":372.623}","{""fast_ice"":1109.035,""very_close_ice"":468.437,""very_open_ice"":723.954,""close_ice"":372.623}",EPSG:4326
2025-03-10,2024/25,2703.339,2674.049,98.92,1109.035,41.02,26.2,60.0,10.0,"{""10/10"":1109.035,""9+/10"":125.102,""3/10"":814.488,""8/10"":625.424}","{""fast_ice"":1109.035,""very_close_ice"":125.102,""very_open_ice"":814.488,""close_ice"":625.424}",EPSG:4326
2025-03-11,2024/25,2703.339,2674.049,98.92,1109.035,41.02,25.6,60.0,1.0,"{""10/10"":1109.035,""9+/10"":293.234,""7/10"":874.23,""3/10"":127.079,""2/10"":270.471}","{""fast_ice"":1109.035,""very_close_ice"":293.234,""close_ice"":610.557,""very_open_ice"":397.55,""new_ice"":263.673}",EPSG:4326
2025-03-12,2024/25,2703.339,2674.049,98.92,1109.035,41.02,22.9,60.0,1.0,"{""10/10"":1109.035,""9+/10"":11.75,""9/10"":281.484,""7/10"":1271.78}","{""fast_ice"":1109.035,""very_close_ice"":293.234,""new_ice"":873.927,""close_ice"":397.853}",EPSG:4326
2025-03-13,2024/25,2703.339,2674.049,98.92,1111.134,41.1,23.3,60.0,1.0,"{""10/10"":1111.134,""9+/10"":38.297,""9/10"":274.89,""8/10"":827.063,""7/10"":422.665}","{""fast_ice"":1111.134,""very_close_ice"":313.187,""new_ice"":827.063,""close_ice"":422.665}",EPSG:4326
2025-03-14,2024/25,2703.339,2674.049,98.92,1101.618,40.75,23.2,60.0,1.0,"{""10/10"":1101.618,""9+/10"":20.182,""9/10"":886.407,""7/10"":571.237,""8/10"":94.605}","{""fast_ice"":1101.618,""very_close_ice"":257.352,""level_ice"":649.237,""close_ice"":427.028,""new_ice"":238.814}",EPSG:4326
2025-03-15,2024/25,2703.339,2674.049,98.92,1101.618,40.75,21.6,60.0,2.0,"{""10/10"":1101.618,""9+/10"":11.671,""9/10"":899.777,""2/10"":660.983}","{""fast_ice"":1101.618,""very_close_ice"":267.127,""level_ice"":644.321,""very_open_ice"":660.983}",EPSG:4326
2025-03-16,2024/25,2703.339,2674.049,98.92,918.461,33.98,23.2,60.0,5.0,"{""10/10"":918.461,""9/10"":178.111,""9+/10"":0.528,""2/10"":1423.191,""8/10"":153.757}","{""fast_ice"":918.461,""very_close_ice"":178.639,""very_open_ice"":1423.191,""close_ice"":153.757}",EPSG:4326
2025-03-17,2024/25,2703.339,2674.049,98.92,910.492,33.68,22.5,60.0,5.0,"{""10/10"":910.492,""9/10"":199.833,""2/10"":1554.208,""7/10"":9.516}","{""fast_ice"":910.492,""very_close_ice"":199.833,""very_open_ice"":1554.208,""close_ice"":9.516}",EPSG:4326
2025-03-18,2024/25,2703.339,2674.049,98.92,910.492,33.68,18.5,60.0,1.0,"{""10/10"":910.492,""9/10"":1763.154,""7/10"":0.403}","{""fast_ice"":910.492,""very_close_ice"":221.762,""close_ice"":0.403,""new_ice"":1541.392}",EPSG:4326
2025-03-19,2024/25,2703.339,930.116,34.41,860.666,31.84,41.8,60.0,1.0,"{""10/10"":860.666,""9/10"":3.319,""4/10"":61.415,""1/10"":4.716}","{""fast_ice"":860.666,""very_close_ice"":3.319,""open_ice"":61.415,""very_open_ice"":4.716}",EPSG:4326
2025-03-20,2024/25,2703.339,1441.501,53.32,847.729,31.36,30.3,60.0,5.0,"{""10/10"":847.729,""9/10"":3.671,""1/10"":557.59,""4/10"":10.372,""7/10"":22.14}","{""fast_ice"":847.729,""very_close_ice"":3.671,""very_open_ice"":557.59,""open_ice"":10.372,""close_ice"":22.14}",EPSG:4326
2025-03-21,2024/25,2703.339,2674.049,98.92,847.729,31.36,18.6,60.0,2.0,"{""9/10"":3.671,""10/10"":847.729,""4/10"":454.621,""7/10"":849.49,""1/10"":518.538}","{""very_close_ice"":3.671,""fast_ice"":847.729,""open_ice"":454.621,""new_ice"":849.49,""very_open_ice"":518.538}",EPSG:4326
2025-03-22,2024/25,2703.339,2674.049,98.92,847.729,31.36,19.7,60.0,2.0,"{""7/10"":572.578,""10/10"":847.729,""9/10"":70.139,""1/10"":1183.603}","{""new_ice"":572.578,""fast_ice"":847.729,""very_close_ice"":70.139,""very_open_ice"":1183.603}",EPSG:4326
2025-03-23,2024/25,2703.339,858.818,31.77,847.729,31.36,43.7,60.0,15.0,"{""10/10"":847.729,""9+/10"":11.089}","{""fast_ice"":847.729,""very_close_ice"":11.089}",EPSG:4326
2025-03-24,2024/25,2703.339,865.874,32.03,854.785,31.62,43.6,60.0,15.0,"{""10/10"":854.785,""9+/10"":11.089}","{""fast_ice"":854.785,""very_close_ice"":11.089}",EPSG:4326
2025-03-25,2024/25,2703.339,819.26,30.31,804.41,29.76,44.3,60.0,15.0,"{""10/10"":804.41,""9+/10"":14.85}","{""fast_ice"":804.41,""very_close_ice"":14.85}",EPSG:4326
2025-03-26,2024/25,2703.339,1115.273,41.26,725.062,26.82,33.7,60.0,5.0,"{""10/10"":725.062,""9/10"":7.51,""5/10"":382.701}","{""fast_ice"":725.062,""very_close_ice"":7.51,""open_ice"":382.701}",EPSG:4326
2025-03-27,2024/25,2703.339,1022.178,37.81,734.916,27.19,36.0,60.0,5.0,"{""10/10"":734.916,""9/10"":7.51,""5/10"":279.752}","{""fast_ice"":734.916,""very_close_ice"":7.51,""open_ice"":279.752}",EPSG:4326
2025-03-28,2024/25,2703.339,903.419,33.42,712.908,26.37,40.2,60.0,10.0,"{""10/10"":712.908,""9+/10"":34.043,""2/10"":140.925,""9/10"":15.542}","{""fast_ice"":712.908,""very_close_ice"":49.586,""very_open_ice"":140.925}",EPSG:4326
2025-03-29,2024/25,2703.339,836.536,30.94,708.641,26.21,42.1,60.0,10.0,"{""10/10"":708.641,""9+/10"":36.719,""2/10"":73.414,""9/10"":17.762}","{""fast_ice"":708.641,""very_close_ice"":54.481,""very_open_ice"":73.414}",EPSG:4326
2025-03-30,2024/25,2703.339,770.706,28.51,705.281,26.09,44.4,60.0,15.0,"{""10/10"":705.281,""9+/10"":45.247,""9/10"":18.916,""8/10"":1.262}","{""fast_ice"":705.281,""very_close_ice"":64.163,""close_ice"":1.262}",EPSG:4326
2025-03-31,2024/25,2703.339,1104.334,40.85,691.635,25.58,36.4,60.0,5.0,"{""10/10"":691.635,""9+/10"":14.234,""8/10"":312.152,""2/10"":46.28,""5/10"":40.034}","{""fast_ice"":691.635,""very_close_ice"":14.234,""close_ice"":312.152,""very_open_ice"":46.28,""open_ice"":40.034}",EPSG:4326
2025-04-01,2024/25,2703.339,1288.998,47.68,691.635,25.58,32.4,60.0,5.0,"{""10/10"":691.635,""9+/10"":14.234,""8/10"":264.485,""4/10"":98.673,""1/10"":219.971}","{""fast_ice"":691.635,""very_close_ice"":14.234,""close_ice"":264.485,""open_ice"":98.673,""very_open_ice"":219.971}",EPSG:4326
2025-04-02,2024/25,2703.339,1163.214,43.03,691.635,25.58,32.7,60.0,5.0,"{""10/10"":691.635,""9+/10"":57.739,""8/10"":11.636,""4/10"":113.561,""1/10"":288.642}","{""fast_ice"":691.635,""very_close_ice"":57.739,""close_ice"":11.636,""open_ice"":113.561,""very_open_ice"":288.642}",EPSG:4326
2025-04-03,2024/25,2703.339,1383.443,51.18,691.635,25.58,29.0,60.0,5.0,"{""10/10"":691.635,""9+/10"":57.739,""1/10"":566.521,""4/10"":54.445,""7/10"":13.104}","{""fast_ice"":691.635,""very_close_ice"":57.739,""very_open_ice"":566.521,""open_ice"":54.445,""close_ice"":13.104}",EPSG:4326
2025-04-04,2024/25,2703.339,1519.065,56.19,691.635,25.58,27.1,60.0,5.0,"{""10/10"":691.635,""1/10"":742.55,""4/10"":54.445,""7/10"":29.216,""9/10"":1.22}","{""fast_ice"":691.635,""very_open_ice"":742.55,""open_ice"":54.445,""close_ice"":29.216,""very_close_ice"":1.22}",EPSG:4326
2025-04-05,2024/25,2703.339,1519.364,56.2,676.269,25.02,33.0,60.0,5.0,"{""10/10"":676.269,""1/10"":561.551,""9/10"":281.544}","{""fast_ice"":676.269,""very_open_ice"":561.551,""very_close_ice"":281.544}",EPSG:4326
2025-04-06,2024/25,2703.339,982.184,36.33,676.269,25.02,40.2,60.0,15.0,"{""10/10"":676.269,""9/10"":305.916}","{""fast_ice"":676.269,""very_close_ice"":305.916}",EPSG:4326
2025-04-07,2024/25,2703.339,944.668,34.94,676.269,25.02,40.8,60.0,15.0,"{""10/10"":676.269,""9/10"":268.4}","{""fast_ice"":676.269,""very_close_ice"":268.4}",EPSG:4326
2025-04-08,2024/25,2703.339,798.181,29.53,675.283,24.98,43.7,60.0,15.0,"{""10/10"":675.283,""9/10"":122.897}","{""fast_ice"":675.283,""very_close_ice"":122.897}",EPSG:4326
2025-04-09,2024/25,2703.339,695.284,25.72,672.935,24.89,46.3,60.0,15.0,"{""10/10"":672.935,""9/10"":22.348}","{""fast_ice"":672.935,""very_close_ice"":22.348}",EPSG:4326
2025-04-10,2024/25,2703.339,671.677,24.85,667.82,24.7,47.0,60.0,15.0,"{""10/10"":667.82,""9/10"":3.857}","{""fast_ice"":667.82,""very_close_ice"":3.857}",EPSG:4326
2025-04-11,2024/25,2703.339,1178.365,43.59,621.068,22.97,36.8,60.0,5.0,"{""10/10"":621.068,""9/10"":422.484,""2/10"":3.372,""5/10"":55.043,""7/10"":5.803,""8/10"":30.362,""6/10"":40.233}","{""fast_ice"":621.068,""very_close_ice"":422.484,""very_open_ice"":3.372,""open_ice"":95.276,""close_ice"":36.165}",EPSG:4326
2025-04-12,2024/25,2703.339,744.138,27.53,617.716,22.85,43.9,60.0,5.0,"{""10/10"":617.716,""9+/10"":10.199,""9/10"":112.851,""2/10"":3.372}","{""fast_ice"":617.716,""very_close_ice"":123.049,""very_open_ice"":3.372}",EPSG:4326
2025-04-13,2024/25,2703.339,647.931,23.97,589.591,21.81,46.3,60.0,5.0,"{""8/10"":2.28,""9/10"":46.634,""9+/10"":9.427,""10/10"":589.591}","{""close_ice"":2.28,""very_close_ice"":56.061,""fast_ice"":589.591}",EPSG:4326
2025-04-14,2024/25,2703.339,607.854,22.49,596.731,22.07,47.7,60.0,5.0,"{""9/10"":5.746,""10/10"":596.731,""9+/10"":5.377}","{""very_close_ice"":11.123,""fast_ice"":596.731}",EPSG:4326
2025-04-15,2024/25,2703.339,612.371,22.65,590.916,21.86,47.2,60.0,5.0,"{""10/10"":590.916,""9/10"":9.235,""7/10"":12.22}","{""fast_ice"":590.916,""very_close_ice"":9.235,""close_ice"":12.22}",EPSG:4326
2025-04-16,2024/25,2703.339,565.073,20.9,561.297,20.76,49.2,60.0,5.0,"{""10/10"":561.297,""9/10"":3.776}","{""fast_ice"":561.297,""very_close_ice"":3.776}",EPSG:4326
2025-04-17,2024/25,2703.339,565.109,20.9,565.109,20.9,49.4,60.0,20.0,"{""10/10"":565.109}","{""fast_ice"":565.109}",EPSG:4326
2025-04-18,2024/25,2703.339,563.383,20.84,563.383,20.84,49.5,60.0,20.0,"{""10/10"":563.383}","{""fast_ice"":563.383}",EPSG:4326
2025-04-19,2024/25,2703.339,563.383,20.84,526.141,19.46,49.5,60.0,20.0,"{""10/10"":563.383}","{""fast_ice"":526.141,""rotten_ice"":37.242}",EPSG:4326
2025-04-20,2024/25,2703.339,573.858,21.23,512.805,18.97,48.0,60.0,10.0,"{""10/10"":545.224,""6/10"":28.634}","{""rotten_ice"":32.419,""fast_ice"":512.805,""open_ice"":28.634}",EPSG:4326
2025-04-21,2024/25,2703.339,545.439,20.18,431.245,15.95,49.5,60.0,10.0,"{""10/10"":545.224,""4/10"":0.215}","{""rotten_ice"":113.979,""fast_ice"":431.245,""open_ice"":0.215}",EPSG:4326
2025-04-22,2024/25,2703.339,579.018,21.42,428.618,15.86,48.0,60.0,15.0,"{""10/10"":542.596,""4/10"":36.201,""7/10"":0.22}","{""rotten_ice"":113.979,""fast_ice"":428.618,""open_ice"":36.201,""close_ice"":0.22}",EPSG:4326
2025-04-23,2024/25,2703.339,579.018,21.42,428.618,15.86,48.0,60.0,15.0,"{""10/10"":542.596,""4/10"":36.201,""7/10"":0.22}","{""rotten_ice"":113.979,""fast_ice"":428.618,""open_ice"":36.201,""close_ice"":0.22}",EPSG:4326
2025-04-24,2024/25,2703.339,542.841,20.08,394.46,14.59,49.5,60.0,15.0,"{""7/10"":0.244,""10/10"":542.596}","{""close_ice"":0.244,""fast_ice"":394.46,""rotten_ice"":148.136}",EPSG:4326
2025-04-25,2024/25,2703.339,505.258,18.69,372.477,13.78,49.1,60.0,10.0,"{""7/10"":10.25,""10/10"":495.009}","{""close_ice"":10.25,""fast_ice"":372.477,""rotten_ice"":122.531}",EPSG:4326
2025-04-26,2024/25,2703.339,510.351,18.88,276.689,10.24,48.8,60.0,10.0,"{""10/10"":285.475,""7/10"":18.411,""9/10"":206.465}","{""fast_ice"":276.689,""rotten_ice"":215.252,""close_ice"":18.411}",EPSG:4326
2025-04-27,2024/25,2703.339,491.94,18.2,276.689,10.24,49.6,60.0,20.0,"{""10/10"":285.475,""9/10"":206.465}","{""fast_ice"":276.689,""rotten_ice"":215.252}",EPSG:4326
2025-04-28,2024/25,2703.339,472.203,17.47,259.248,9.59,49.6,60.0,20.0,"{""10/10"":268.035,""9/10"":204.168}","{""fast_ice"":259.248,""rotten_ice"":212.954}",EPSG:4326
2025-04-29,2024/25,2703.339,450.296,16.66,194.934,7.21,49.6,60.0,20.0,"{""10/10"":203.721,""9/10"":228.037,""8/10"":5.363,""4/10"":13.175}","{""rotten_ice"":237.39,""very_close_ice"":4.796,""fast_ice"":194.934,""open_ice"":13.175}",EPSG:4326
2025-04-30,2024/25,2703.339,410.094,15.17,186.766,6.91,49.7,60.0,20.0,"{""10/10"":193.413,""9/10"":214.443,""8/10"":2.238}","{""fast_ice"":186.766,""rotten_ice"":223.328}",EPSG:4326
2025-05-01,2024/25,2703.339,348.922,12.91,0.0,0.0,49.6,60.0,20.0,"{""8/10"":2.238,""9/10"":301.971,""10/10"":6.647,""1/10"":38.065}","{""rotten_ice"":310.856,""very_open_ice"":38.065}",EPSG:4326
2025-05-02,2024/25,2703.339,208.305,7.71,0.0,0.0,49.8,60.0,20.0,"{""9/10"":203.747,""8/10"":2.238,""10/10"":2.321}","{""rotten_ice"":208.305}",EPSG:4326
2025-05-03,2024/25,2703.339,184.228,6.81,0.0,0.0,49.7,60.0,20.0,"{""9/10"":181.907,""10/10"":2.321}","{""rotten_ice"":184.228}",EPSG:4326
2025-05-04,2024/25,2703.339,55.707,2.06,0.0,0.0,49.2,60.0,20.0,"{""10/10"":2.321,""9/10"":53.386}","{""rotten_ice"":55.707}",EPSG:4326
2025-05-05,2024/25,2703.339,0.0,0.0,0.0,0.0,,,,{},{},EPSG:4326
2025-05-06,2024/25,2703.339,0.0,0.0,0.0,0.0,,,,{},{},EPSG:4326
2025-05-07,2024/25,2703.339,0.0,0.0,0.0,0.0,,,,{},{},EPSG:4326
2025-05-08,2024/25,2703.339,0.0,0.0,0.0,0.0,,,,{},{},EPSG:4326
2025-05-09,2024/25,2703.339,0.0,0.0,0.0,0.0,,,,{},{},EPSG:4326
2025-05-10,2024/25,2703.339,0.0,0.0,0.0,0.0,,,,{},{},EPSG:4326
2025-05-11,2024/25,2703.339,0.0,0.0,0.0,0.0,,,,{},{},EPSG:4326
2025-05-12,2024/25,2703.339,0.0,0.0,0.0,0.0,,,,{},{},EPSG:4326
2025-05-13,2024/25,2703.339,0.0,0.0,0.0,0.0,,,,{},{},EPSG:4326
2025-05-14,2024/25,2703.339,0.0,0.0,0.0,0.0,,,,{},{},EPSG:4326
2025-05-15,2024/25,2703.339,0.0,0.0,0.0,0.0,,,,{},{},EPSG:4326
2025-05-16,2024/25,2703.339,0.0,0.0,0.0,0.0,,,,{},{},EPSG:4326
2025-05-17,2024/25,2703.339,0.0,0.0,0.0,0.0,,,,{},{},EPSG:4326
2025-05-18,2024/25,2703.339,0.0,0.0,0.0,0.0,,,,{},{},EPSG:4326
2025-05-19,2024/25,2703.339,0.0,0.0,0.0,0.0,,,,{},{},EPSG:4326
2025-05-20,2024/25,2703.339,0.0,0.0,0.0,0.0,,,,{},{},EPSG:4326
2025-05-21,2024/25,2703.339,0.0,0.0,0.0,0.0,,,,{},{},EPSG:4326
2025-05-22,2024/25,2703.339,0.0,0.0,0.0,0.0,,,,{},{},EPSG:4326
2025-05-23,2024/25,2703.339,0.0,0.0,0.0,0.0,,,,{},{},EPSG:4326
2025-11-03,2025/26,2703.339,0.0,0.0,0.0,0.0,,,,{},{},EPSG:4326
2025-11-06,2025/26,2703.339,0.0,0.0,0.0,0.0,,,,{},{},EPSG:4326
2025-11-10,2025/26,2703.339,0.0,0.0,0.0,0.0,,,,{},{},EPSG:4326
2025-11-13,2025/26,2703.339,18.709,0.69,0.0,0.0,2.0,3.0,1.0,"{""7/10"":18.709}","{""new_ice"":18.709}",EPSG:4326
2025-11-17,2025/26,2703.339,120.142,4.44,0.0,0.0,2.2,5.0,1.0,"{""7/10"":113.223,""8/10"":6.92}","{""new_ice"":120.142}",EPSG:4326
2025-11-20,2025/26,2703.339,511.676,18.93,0.0,0.0,2.0,5.0,1.0,"{""7/10"":504.756,""8/10"":6.92}","{""new_ice"":511.676}",EPSG:4326
2025-11-24,2025/26,2703.339,560.603,20.74,0.0,0.0,2.2,10.0,1.0,"{""9/10"":32.026,""9+/10"":14.155,""7/10"":105.617,""8/10"":408.805}","{""level_ice"":13.824,""new_ice"":546.779}",EPSG:4326
2025-11-25,2025/26,2703.339,914.649,33.83,0.0,0.0,2.7,10.0,1.0,"{""9/10"":490.699,""7/10"":423.95}","{""level_ice"":45.386,""new_ice"":869.264}",EPSG:4326
2025-11-26,2025/26,2703.339,1045.017,38.66,0.0,0.0,2.6,10.0,1.0,"{""9/10"":490.699,""7/10"":554.318}","{""level_ice"":45.386,""new_ice"":999.631}",EPSG:4326
2025-11-27,2025/26,2703.339,627.563,23.21,0.0,0.0,3.1,15.0,1.0,"{""9/10"":524.59,""7/10"":102.974}","{""level_ice"":45.386,""new_ice"":582.177}",EPSG:4326
2025-11-28,2025/26,2703.339,505.626,18.7,0.0,0.0,3.3,15.0,1.0,"{""9/10"":484.952,""7/10"":20.674}","{""level_ice"":45.386,""new_ice"":460.24}",EPSG:4326
2025-11-29,2025/26,2703.339,500.678,18.52,0.0,0.0,4.2,15.0,1.0,"{""9/10"":487.178,""7/10"":6.396,""8/10"":7.103}","{""level_ice"":45.386,""new_ice"":455.292}",EPSG:4326
2025-11-30,2025/26,2703.339,481.793,17.82,0.0,0.0,4.3,15.0,1.0,"{""9/10"":476.331,""7/10"":5.461}","{""level_ice"":45.386,""new_ice"":436.407}",EPSG:4326
2025-12-01,2025/26,2703.339,511.221,18.91,0.0,0.0,4.2,15.0,1.0,"{""9/10"":437.543,""7/10"":73.678}","{""level_ice"":50.829,""new_ice"":460.392}",EPSG:4326
2025-12-02,2025/26,2703.339,421.981,15.61,0.0,0.0,3.5,15.0,1.0,"{""9/10"":50.043,""7/10"":371.938}","{""level_ice"":50.043,""new_ice"":371.938}",EPSG:4326
2025-12-03,2025/26,2703.339,431.694,15.97,0.0,0.0,3.5,15.0,1.0,"{""9/10"":49.891,""7/10"":381.804}","{""level_ice"":49.891,""new_ice"":381.804}",EPSG:4326
2025-12-04,2025/26,2703.339,411.795,15.23,0.0,0.0,4.6,15.0,1.0,"{""9/10"":99.083,""7/10"":312.712}","{""level_ice"":99.083,""new_ice"":312.712}",EPSG:4326
2025-12-05,2025/26,2703.339,406.021,15.02,0.0,0.0,4.6,15.0,1.0,"{""9/10"":97.584,""7/10"":308.437}","{""level_ice"":97.584,""new_ice"":308.437}",EPSG:4326
2025-12-06,2025/26,2703.339,384.215,14.21,0.0,0.0,4.7,15.0,1.0,"{""9/10"":97.338,""7/10"":286.877}","{""level_ice"":97.338,""new_ice"":286.877}",EPSG:4326
2025-12-07,2025/26,2703.339,360.318,13.33,0.0,0.0,5.9,15.0,1.0,"{""9/10"":355.337,""7/10"":4.981}","{""level_ice"":169.015,""new_ice"":191.303}",EPSG:4326
2025-12-08,2025/26,2703.339,345.41,12.78,0.0,0.0,6.0,15.0,2.0,"{""9/10"":345.41}","{""new_ice"":176.395,""level_ice"":169.015}",EPSG:4326
2025-12-09,2025/26,2703.339,355.517,13.15,0.0,0.0,5.8,15.0,1.0,"{""9/10"":171.524,""8/10"":181.25,""7/10"":2.744}","{""level_ice"":156.659,""new_ice"":198.858}",EPSG:4326
2025-12-10,2025/26,2703.339,346.161,12.8,0.0,0.0,5.9,15.0,1.0,"{""9/10"":172.189,""7/10"":2.744,""8/10"":171.228}","{""level_ice"":156.659,""new_ice"":189.502}",EPSG:4326
2025-12-11,2025/26,2703.339,324.413,12.0,0.0,0.0,6.4,15.0,1.0,"{""9/10"":161.343,""8/10"":163.071}","{""level_ice"":156.659,""new_ice"":167.755}",EPSG:4326
2025-12-12,2025/26,2703.339,824.074,30.48,0.0,0.0,3.1,15.0,1.0,"{""9/10"":161.343,""8/10"":153.449,""7/10"":509.282}","{""level_ice"":156.659,""new_ice"":667.415}",EPSG:4326
2025-12-13,2025/26,2703.339,1157.109,42.8,0.0,0.0,4.2,15.0,1.0,"{""9/10"":306.286,""7/10"":850.823}","{""level_ice"":180.805,""new_ice"":976.304}",EPSG:4326
2025-12-14,2025/26,2703.339,659.135,24.38,0.0,0.0,6.3,15.0,1.0,"{""9+/10"":303.27,""9/10"":355.865}","{""level_ice"":306.286,""new_ice"":352.849}",EPSG:4326
2025-12-15,2025/26,2703.339,656.744,24.29,114.219,4.23,7.1,20.0,1.0,"{""9/10"":407.744,""9+/10"":134.782,""10/10"":114.219}","{""level_ice"":190.776,""new_ice"":351.749,""fast_ice"":114.219}",EPSG:4326
2025-12-16,2025/26,2703.339,857.299,31.71,114.219,4.23,5.9,20.0,1.0,"{""9/10"":384.756,""10/10"":114.219,""7/10"":226.281,""9+/10"":132.043}","{""level_ice"":188.038,""fast_ice"":114.219,""new_ice"":555.042}",EPSG:4326
2025-12-17,2025/26,2703.339,1061.778,39.28,114.219,4.23,5.5,20.0,1.0,"{""9+/10"":132.043,""10/10"":114.219,""9/10"":384.756,""2/10"":55.835,""7/10"":352.614,""1/10"":22.311}","{""level_ice"":188.038,""fast_ice"":114.219,""new_ice"":681.376,""very_open_ice"":78.146}",EPSG:4326
2025-12-18,2025/26,2703.339,1413.822,52.3,114.219,4.23,4.9,20.0,1.0,"{""9+/10"":132.043,""10/10"":114.219,""9/10"":418.442,""7/10"":161.699,""1/10"":3.783,""2/10"":583.637}","{""level_ice"":188.038,""fast_ice"":114.219,""new_ice"":524.145,""very_open_ice"":587.42}",EPSG:4326
2025-12-19,2025/26,2703.339,965.292,35.71,114.219,4.23,5.8,20.0,1.0,"{""9+/10"":132.043,""10/10"":114.219,""9/10"":216.573,""7/10"":316.197,""1/10"":186.26}","{""level_ice"":188.038,""fast_ice"":114.219,""new_ice"":476.775,""very_open_ice"":186.26}",EPSG:4326
2025-12-20,2025/26,2703.339,943.939,34.92,114.219,4.23,6.2,20.0,1.0,"{""10/10"":114.219,""9/10"":219.199,""7/10"":200.061,""9+/10"":132.043,""1/10"":278.418}","{""fast_ice"":114.219,""level_ice"":347.716,""new_ice"":200.061,""very_close_ice"":3.525,""very_open_ice"":278.418}",EPSG:4326
2025-12-21,2025/26,2703.339,1275.345,47.18,114.219,4.23,6.6,20.0,1.0,"{""9/10"":215.673,""10/10"":114.219,""9+/10"":159.714,""7/10"":254.917,""4/10"":31.008,""2/10"":499.814}","{""level_ice"":375.388,""fast_ice"":114.219,""close_ice"":133.0,""open_ice"":31.008,""new_ice"":121.916,""very_open_ice"":499.814}",EPSG:4326
2025-12-22,2025/26,2703.339,624.397,23.1,114.219,4.23,8.3,20.0,1.0,"{""10/10"":114.219,""9/10"":207.467,""7/10"":123.032,""9+/10"":174.57,""1/10"":5.11}","{""fast_ice"":114.219,""level_ice"":382.037,""new_ice"":123.032,""very_open_ice"":5.11}",EPSG:4326
2025-12-23,2025/26,2703.339,1306.839,48.34,117.235,4.34,5.8,20.0,1.0,"{""7/10"":717.667,""9/10"":303.371,""9+/10"":168.565,""10/10"":117.235}","{""new_ice"":717.667,""level_ice"":471.937,""fast_ice"":117.235}",EPSG:4326
2025-12-24,2025/26,2703.339,1814.41,67.12,117.235,4.34,5.0,20.0,1.0,"{""7/10"":1229.97,""9/10"":303.371,""9+/10"":163.833,""10/10"":117.235}","{""new_ice"":1229.97,""level_ice"":467.205,""fast_ice"":117.235}",EPSG:4326
2025-12-25,2025/26,2703.339,1961.237,72.55,117.235,4.34,5.5,20.0,1.0,"{""10/10"":117.235,""9/10"":315.068,""2/10"":687.719,""9+/10"":178.868,""7/10"":352.462,""5/10"":309.886}","{""fast_ice"":117.235,""level_ice"":493.936,""very_open_ice"":687.719,""new_ice"":352.462,""open_ice"":309.886}",EPSG:4326
2025-12-26,2025/26,2703.339,1554.343,57.5,117.235,4.34,6.7,20.0,1.0,"{""10/10"":117.235,""9/10"":578.781,""3/10"":638.513,""7/10"":219.814}","{""fast_ice"":117.235,""level_ice"":482.708,""very_open_ice"":638.513,""new_ice"":315.887}",EPSG:4326
2025-12-27,2025/26,2703.339,1521.42,56.28,117.235,4.34,7.2,20.0,1.0,"{""1/10"":774.751,""9/10"":570.752,""10/10"":117.235,""8/10"":58.681}","{""very_open_ice"":774.751,""level_ice"":475.662,""fast_ice"":117.235,""new_ice"":153.771}",EPSG:4326
2025-12-28,2025/26,2703.339,674.54,24.95,117.235,4.34,10.0,20.0,1.0,"{""10/10"":117.235,""9/10"":541.65,""8/10"":15.656}","{""fast_ice"":117.235,""level_ice"":467.354,""new_ice"":89.951}",EPSG:4326
2025-12-29,2025/26,2703.339,663.681,24.55,117.235,4.34,10.1,20.0,1.0,"{""9/10"":533.788,""10/10"":117.235,""8/10"":12.659}","{""new_ice"":80.291,""fast_ice"":117.235,""level_ice"":466.156}",EPSG:4326
2025-12-30,2025/26,2703.339,663.681,24.55,117.235,4.34,10.1,20.0,1.0,"{""9/10"":533.788,""10/10"":117.235,""8/10"":12.659}","{""new_ice"":80.291,""fast_ice"":117.235,""level_ice"":466.156}",EPSG:4326
2025-12-31,2025/26,2703.339,984.353,36.41,175.087,6.48,8.8,20.0,1.0,"{""9/10"":488.594,""1/10"":320.671,""10/10"":175.087}","{""new_ice"":80.291,""very_open_ice"":320.671,""fast_ice"":175.087,""level_ice"":408.303}",EPSG:4326
2026-01-01,2025/26,2703.339,1213.307,44.88,175.087,6.48,7.3,20.0,2.0,"{""9/10"":1038.22,""10/10"":175.087}","{""new_ice"":629.916,""fast_ice"":175.087,""level_ice"":408.303}",EPSG:4326
2026-01-02,2025/26,2703.339,1066.363,39.45,175.087,6.48,8.3,20.0,2.0,"{""10/10"":175.087,""9/10"":891.276}","{""fast_ice"":175.087,""new_ice"":413.895,""level_ice"":477.381}",EPSG:4326
2026-01-03,2025/26,2703.339,1168.615,43.23,175.087,6.48,8.7,20.0,2.0,"{""9/10"":939.669,""8/10"":53.859,""10/10"":175.087}","{""new_ice"":516.146,""fast_ice"":175.087,""level_ice"":477.381}",EPSG:4326
2026-01-04,2025/26,2703.339,1347.712,49.85,175.087,6.48,7.9,20.0,1.0,"{""9/10"":1096.705,""10/10"":175.087,""8/10"":75.921}","{""new_ice"":695.244,""fast_ice"":175.087,""level_ice"":477.381}",EPSG:4326
2026-01-05,2025/26,2703.339,1745.956,64.59,175.087,6.48,6.7,20.0,1.0,"{""10/10"":175.087,""9/10"":1068.169,""8/10"":75.921,""7/10"":426.779}","{""fast_ice"":175.087,""level_ice"":477.381,""new_ice"":1093.488}",EPSG:4326
2026-01-06,2025/26,2703.339,1580.91,58.48,392.344,14.51,9.4,20.0,1.0,"{""10/10"":392.344,""9/10"":603.55,""8/10"":585.016}","{""fast_ice"":392.344,""level_ice"":603.55,""new_ice"":585.016}",EPSG:4326
2026-01-07,2025/26,2703.339,1596.075,59.04,392.344,14.51,9.4,20.0,1.0,"{""10/10"":392.344,""9/10"":740.086,""8/10"":454.33,""6/10"":9.316}","{""fast_ice"":392.344,""level_ice"":603.55,""new_ice"":590.866,""open_ice"":9.316}",EPSG:4326
2026-01-08,2025/26,2703.339,1873.299,69.3,392.344,14.51,9.4,20.0,1.0,"{""10/10"":392.344,""9/10"":694.834,""8/10"":776.56,""2/10"":9.561}","{""fast_ice"":392.344,""level_ice"":694.834,""new_ice"":562.229,""close_ice"":214.331,""very_open_ice"":9.561}",EPSG:4326
2026-01-09,2025/26,2703.339,2326.873,86.07,392.344,14.51,10.0,20.0,1.0,"{""10/10"":392.344,""9/10"":697.374,""8/10"":408.131,""6/10"":829.024}","{""fast_ice"":392.344,""level_ice"":697.374,""new_ice"":408.131,""open_ice"":829.024}",EPSG:4326
2026-01-10,2025/26,2703.339,2674.049,98.92,392.344,14.51,8.8,30.0,1.0,"{""10/10"":392.344,""9/10"":1517.689,""8/10"":764.016}","{""fast_ice"":392.344,""level_ice"":1517.689,""new_ice"":764.016}",EPSG:4326
2026-01-11,2025/26,2703.339,2674.049,98.92,485.988,17.98,9.9,30.0,1.0,"{""10/10"":485.988,""9/10"":1265.254,""8/10"":922.806}","{""fast_ice"":485.988,""level_ice"":1265.254,""new_ice"":922.806}",EPSG:4326
2026-01-12,2025/26,2703.339,2674.049,98.92,485.988,17.98,10.2,30.0,1.0,"{""10/10"":485.988,""9/10"":1812.375,""8/10"":375.686}","{""fast_ice"":485.988,""level_ice"":1812.375,""new_ice"":375.686}",EPSG:4326
2026-01-13,2025/26,2703.339,2674.049,98.92,485.988,17.98,10.3,30.0,1.0,"{""10/10"":485.988,""9/10"":1849.24,""7/10"":0.548,""8/10"":338.273}","{""fast_ice"":485.988,""level_ice"":1849.24,""close_ice"":0.548,""new_ice"":338.273}",EPSG:4326
2026-01-14,2025/26,2703.339,2674.049,98.92,973.178,36.0,12.6,30.0,5.0,"{""10/10"":973.178,""9/10"":1700.871}","{""fast_ice"":973.178,""level_ice"":1630.245,""very_close_ice"":70.626}",EPSG:4326
2026-01-15,2025/26,2703.339,2477.147,91.63,973.178,36.0,18.8,50.0,1.0,"{""10/10"":973.178,""1/10"":105.519,""7/10"":96.158,""9/10"":1302.292}","{""fast_ice"":973.178,""very_open_ice"":105.519,""close_ice"":96.158,""very_close_ice"":212.986,""level_ice"":1089.307}",EPSG:4326
2026-01-16,2025/26,2703.339,2316.602,85.69,973.178,36.0,20.7,50.0,3.0,"{""9/10"":1161.566,""10/10"":973.178,""4/10"":181.859}","{""very_close_ice"":715.981,""fast_ice"":973.178,""level_ice"":445.585,""open_ice"":181.859}",EPSG:4326
2026-01-17,2025/26,2703.339,1840.879,68.1,973.178,36.0,24.0,50.0,5.0,"{""10/10"":973.178,""9/10"":867.701}","{""fast_ice"":973.178,""level_ice"":326.381,""very_close_ice"":541.32}",EPSG:4326
2026-01-18,2025/26,2703.339,2117.931,78.34,965.117,35.7,22.3,50.0,3.0,"{""10/10"":965.117,""9/10"":1083.902,""1/10"":68.911}","{""fast_ice"":965.117,""level_ice"":198.443,""very_close_ice"":885.459,""very_open_ice"":68.911}",EPSG:4326
2026-01-19,2025/26,2703.339,2199.233,81.35,965.117,35.7,22.0,50.0,5.0,"{""10/10"":965.117,""9/10"":1234.116}","{""fast_ice"":965.117,""level_ice"":198.443,""very_close_ice"":1035.673}",EPSG:4326
2026-01-20,2025/26,2703.339,2663.236,98.52,1008.489,37.31,20.1,50.0,1.0,"{""10/10"":1008.489,""9/10"":1186.07,""2/10"":32.403,""8/10"":436.273}","{""fast_ice"":1008.489,""level_ice"":151.907,""very_close_ice"":1034.164,""very_open_ice"":32.403,""new_ice"":436.273}",EPSG:4326
2026-01-21,2025/26,2703.339,2673.672,98.9,1008.489,37.31,19.3,50.0,1.0,"{""10/10"":1008.489,""9/10"":1024.856,""8/10"":640.327}","{""fast_ice"":1008.489,""level_ice"":151.907,""very_close_ice"":872.949,""new_ice"":640.208,""close_ice"":0.119}",EPSG:4326
2026-01-22,2025/26,2703.339,2603.674,96.31,1008.489,37.31,20.2,50.0,1.0,"{""10/10"":1008.489,""9/10"":1062.121,""8/10"":533.064}","{""fast_ice"":1008.489,""level_ice"":151.907,""very_close_ice"":910.215,""new_ice"":533.064}",EPSG:4326
2026-01-23,2025/26,2703.339,2674.049,98.92,1008.489,37.31,20.2,50.0,1.0,"{""9/10"":1180.982,""10/10"":1008.489,""8/10"":484.578}","{""level_ice"":151.907,""fast_ice"":1008.489,""very_close_ice"":1029.075,""new_ice"":484.578}",EPSG:4326
2026-01-24,2025/26,2703.339,2674.049,98.92,1008.489,37.31,20.5,50.0,1.0,"{""10/10"":1008.489,""9/10"":1493.609,""8/10"":171.951}","{""fast_ice"":1008.489,""level_ice"":595.054,""very_close_ice"":898.555,""new_ice"":171.951}",EPSG:4326
2026-01-25,2025/26,2703.339,2674.049,98.92,1008.489,37.31,17.1,50.0,1.0,"{""10/10"":1008.489,""9/10"":1101.733,""8/10"":563.827}","{""fast_ice"":1008.489,""level_ice"":820.508,""very_close_ice"":281.225,""close_ice"":14.195,""new_ice"":549.632}",EPSG:4326
2026-01-26,2025/26,2703.339,2674.049,98.92,1008.489,37.31,16.6,50.0,1.0,"{""10/10"":1008.489,""9/10"":591.554,""7/10"":1074.006}","{""fast_ice"":1008.489,""level_ice"":362.362,""very_close_ice"":229.192,""new_ice"":1074.006}",EPSG:4326
2026-01-27,2025/26,2703.339,2674.049,98.92,1010.187,37.37,16.9,50.0,1.0,"{""10/10"":1010.187,""9/10"":1660.995,""7/10"":2.867}","{""fast_ice"":1010.187,""very_close_ice"":242.378,""close_ice"":2.867,""level_ice"":116.876,""new_ice"":1301.741}",EPSG:4326
2026-01-28,2025/26,2703.339,2674.049,98.92,1010.187,37.37,16.9,50.0,1.0,"{""10/10"":1010.187,""9/10"":359.254,""7/10"":1304.608}","{""fast_ice"":1010.187,""very_close_ice"":242.378,""close_ice"":2.867,""level_ice"":116.876,""new_ice"":1301.741}",EPSG:4326
2026-01-29,2025/26,2703.339,2674.049,98.92,1010.187,37.37,20.7,50.0,5.0,"{""10/10"":1010.187,""9/10"":1660.995,""7/10"":2.867}","{""fast_ice"":1010.187,""very_close_ice"":897.974,""level_ice"":763.021,""close_ice"":2.867}",EPSG:4326
2026-01-30,2025/26,2703.339,2674.049,98.92,1010.187,37.37,20.8,55.0,5.0,"{""9/10"":1660.995,""10/10"":1010.187,""7/10"":2.867}","{""very_close_ice"":897.974,""fast_ice"":1010.187,""close_ice"":2.867,""level_ice"":763.021}",EPSG:4326
2026-01-31,2025/26,2703.339,2674.049,98.92,1010.187,37.37,22.5,55.0,1.0,"{""10/10"":1010.187,""9/10"":1660.995,""7/10"":2.867}","{""fast_ice"":1010.187,""very_close_ice"":710.448,""close_ice"":2.867,""level_ice"":943.886,""new_ice"":6.661}",EPSG:4326
2026-02-01,2025/26,2703.339,2674.049,98.92,1010.187,37.37,22.6,55.0,1.0,"{""10/10"":1010.187,""9/10"":1660.995,""7/10"":2.867}","{""fast_ice"":1010.187,""very_close_ice"":710.448,""close_ice"":2.867,""level_ice"":943.886,""new_ice"":6.661}",EPSG:4326
2026-02-02,2025/26,2703.339,2674.049,98.92,1010.187,37.37,24.8,55.0,5.0,"{""10/10"":1010.187,""9/10"":1660.995,""7/10"":2.867}","{""fast_ice"":1010.187,""very_close_ice"":1640.611,""close_ice"":2.867,""level_ice"":20.384}",EPSG:4326
2026-02-03,2025/26,2703.339,2674.049,98.92,1010.187,37.37,25.9,55.0,5.0,"{""10/10"":1236.681,""9/10"":1187.229,""7/10"":2.867,""9+/10"":247.272}","{""fast_ice"":1010.187,""very_close_ice"":1381.367,""consolidated_ice"":226.494,""close_ice"":2.867,""level_ice"":53.134}",EPSG:4326
2026-02-04,2025/26,2703.339,2674.049,98.92,1010.187,37.37,25.5,55.0,1.0,"{""9/10"":1140.892,""10/10"":1236.681,""9+/10"":246.983,""8/10"":49.493}","{""very_close_ice"":1334.894,""fast_ice"":1010.187,""consolidated_ice"":226.494,""level_ice"":52.98,""new_ice"":49.493}",EPSG:4326
2026-02-05,2025/26,2703.339,2674.049,98.92,1010.187,37.37,25.8,55.0,5.0,"{""9/10"":1182.428,""10/10"":1236.681,""9+/10"":254.94}","{""very_close_ice"":1418.521,""fast_ice"":1010.187,""consolidated_ice"":226.494,""level_ice"":18.847}",EPSG:4326
2026-02-06,2025/26,2703.339,2674.049,98.92,1010.187,37.37,26.2,55.0,5.0,"{""10/10"":1236.681,""9/10"":1182.428,""9+/10"":254.94}","{""fast_ice"":1010.187,""very_close_ice"":1418.521,""consolidated_ice"":226.494,""level_ice"":18.847}",EPSG:4326
2026-02-07,2025/26,2703.339,2674.049,98.92,1010.187,37.37,25.7,55.0,10.0,"{""9/10"":830.092,""10/10"":1236.681,""9+/10"":607.276}","{""very_close_ice"":1418.521,""fast_ice"":1010.187,""consolidated_ice"":226.494,""level_ice"":18.847}",EPSG:4326
2026-02-08,2025/26,2703.339,2674.049,98.92,1010.187,37.37,24.8,55.0,1.0,"{""9/10"":745.168,""10/10"":1236.681,""9+/10"":692.199}","{""very_close_ice"":1260.534,""fast_ice"":1010.187,""consolidated_ice"":226.494,""level_ice"":18.847,""new_ice"":157.987}",EPSG:4326
2026-02-09,2025/26,2703.339,2674.049,98.92,1010.187,37.37,25.5,55.0,1.0,"{""10/10"":1236.681,""9/10"":752.921,""9+/10"":684.447}","{""fast_ice"":1010.187,""very_close_ice"":1276.553,""consolidated_ice"":226.494,""level_ice"":18.847,""new_ice"":141.967}",EPSG:4326
2026-02-10,2025/26,2703.339,2674.049,98.92,1010.187,37.37,29.1,65.0,1.0,"{""10/10"":1236.681,""9/10"":752.921,""9+/10"":684.447}","{""fast_ice"":1010.187,""very_close_ice"":1246.075,""consolidated_ice"":226.494,""level_ice"":18.847,""new_ice"":172.446}",EPSG:4326
2026-02-11,2025/26,2703.339,2674.049,98.92,1010.187,37.37,29.3,65.0,1.0,"{""10/10"":1236.681,""9/10"":752.921,""9+/10"":684.447}","{""fast_ice"":1010.187,""very_close_ice"":1246.075,""consolidated_ice"":226.494,""level_ice"":177.25,""new_ice"":14.043}",EPSG:4326
2026-02-12,2025/26,2703.339,2674.049,98.92,1010.187,37.37,29.3,65.0,1.0,"{""10/10"":1236.681,""9/10"":752.921,""9+/10"":684.447}","{""fast_ice"":1010.187,""very_close_ice"":1246.075,""consolidated_ice"":226.494,""level_ice"":177.25,""new_ice"":14.043}",EPSG:4326
2026-02-13,2025/26,2703.339,2674.049,98.92,1010.187,37.37,29.3,65.0,1.0,"{""9/10"":752.921,""10/10"":1236.681,""9+/10"":684.447}","{""very_close_ice"":1246.075,""fast_ice"":1010.187,""consolidated_ice"":226.494,""level_ice"":177.25,""new_ice"":14.043}",EPSG:4326
2026-02-14,2025/26,2703.339,2674.049,98.92,1010.187,37.37,29.6,65.0,3.0,"{""10/10"":1236.681,""9/10"":509.432,""9+/10"":927.936}","{""fast_ice"":1010.187,""very_close_ice"":1246.075,""consolidated_ice"":226.494,""level_ice"":191.293}",EPSG:4326
2026-02-15,2025/26,2703.339,2674.049,98.92,1010.187,37.37,29.9,65.0,5.0,"{""10/10"":1236.681,""9/10"":509.432,""9+/10"":927.936}","{""fast_ice"":1010.187,""very_close_ice"":1246.075,""consolidated_ice"":226.494,""level_ice"":191.293}",EPSG:4326
2026-02-16,2025/26,2703.339,2674.049,98.92,1010.187,37.37,29.9,65.0,5.0,"{""10/10"":1236.681,""9/10"":509.432,""9+/10"":927.936}","{""fast_ice"":1010.187,""very_close_ice"":1246.075,""consolidated_ice"":226.494,""level_ice"":191.293}",EPSG:4326
2026-02-17,2025/26,2703.339,2674.049,98.92,1010.187,37.37,30.0,65.0,5.0,"{""10/10"":1236.681,""9+/10"":950.075,""9/10"":487.293}","{""fast_ice"":1010.187,""very_close_ice"":1263.79,""consolidated_ice"":226.494,""level_ice"":173.577}",EPSG:4326
2026-02-18,2025/26,2703.339,2674.049,98.92,1010.187,37.37,30.0,65.0,5.0,"{""10/10"":1236.681,""9/10"":491.716,""9+/10"":945.651}","{""fast_ice"":1010.187,""consolidated_ice"":226.494,""level_ice"":173.577,""very_close_ice"":1263.79}",EPSG:4326
2026-02-19,2025/26,2703.339,2674.049,98.92,1010.187,37.37,30.0,65.0,5.0,"{""9+/10"":945.651,""10/10"":1236.681,""9/10"":491.716}","{""very_close_ice"":1263.79,""fast_ice"":1010.187,""consolidated_ice"":226.494,""level_ice"":173.577}",EPSG:4326
2026-02-20,2025/26,2703.339,2674.049,98.92,1010.187,37.37,30.0,65.0,5.0,"{""10/10"":1236.681,""9/10"":491.716,""9+/10"":945.651}","{""fast_ice"":1010.187,""consolidated_ice"":226.494,""level_ice"":173.577,""very_close_ice"":1263.79}",EPSG:4326
2026-02-21,2025/26,2703.339,2674.049,98.92,1010.187,37.37,30.0,65.0,5.0,"{""10/10"":1236.681,""9/10"":491.716,""9+/10"":945.651}","{""fast_ice"":1010.187,""consolidated_ice"":226.494,""level_ice"":173.577,""very_close_ice"":1263.79}",EPSG:4326
2026-02-22,2025/26,2703.339,2674.049,98.92,1029.034,38.07,31.2,65.0,5.0,"{""10/10"":1255.528,""9+/10"":988.819,""3/10"":59.23,""9/10"":214.465,""2/10"":156.007}","{""fast_ice"":1029.034,""consolidated_ice"":226.494,""very_close_ice"":1203.283,""very_open_ice"":215.237}",EPSG:4326
2026-02-23,2025/26,2703.339,2674.049,98.92,1029.034,38.07,30.0,65.0,1.0,"{""10/10"":1255.528,""9+/10"":1066.777,""8/10"":215.237,""9/10"":136.506}","{""fast_ice"":1029.034,""consolidated_ice"":226.494,""very_close_ice"":1203.283,""new_ice"":215.237}",EPSG:4326
2026-02-24,2025/26,2703.339,2674.049,98.92,1029.034,38.07,30.2,65.0,3.0,"{""10/10"":1255.528,""9+/10"":1066.777,""9/10"":351.743}","{""fast_ice"":1029.034,""very_close_ice"":1203.283,""consolidated_ice"":226.494,""level_ice"":215.237}",EPSG:4326
2026-02-25,2025/26,2703.339,2674.049,98.92,1029.034,38.07,30.3,65.0,3.0,"{""10/10"":1255.528,""9+/10"":1066.777,""9/10"":351.743}","{""fast_ice"":1029.034,""consolidated_ice"":226.494,""very_close_ice"":1203.283,""level_ice"":215.237}",EPSG:4326
2026-02-26,2025/26,2703.339,2674.049,98.92,1029.034,38.07,30.3,65.0,3.0,"{""10/10"":1255.528,""9+/10"":1066.777,""9/10"":351.743}","{""fast_ice"":1029.034,""consolidated_ice"":226.494,""very_close_ice"":1203.283,""level_ice"":215.237}",EPSG:4326
2026-02-27,2025/26,2703.339,2674.049,98.92,1029.034,38.07,31.8,65.0,3.0,"{""10/10"":1255.528,""9+/10"":991.412,""9/10"":427.108}","{""fast_ice"":1029.034,""consolidated_ice"":226.494,""very_close_ice"":1377.51,""level_ice"":41.011}",EPSG:4326
2026-02-28,2025/26,2703.339,2674.049,98.92,1029.034,38.07,34.3,70.0,3.0,"{""10/10"":1255.528,""9+/10"":991.412,""9/10"":427.108}","{""fast_ice"":1029.034,""consolidated_ice"":226.494,""very_close_ice"":1377.51,""level_ice"":41.011}",EPSG:4326
2026-03-01,2025/26,2703.339,2674.049,98.92,1029.034,38.07,34.3,70.0,3.0,"{""10/10"":1255.528,""9/10"":427.108,""9+/10"":991.412}","{""fast_ice"":1029.034,""level_ice"":41.011,""consolidated_ice"":226.494,""very_close_ice"":1377.51}",EPSG:4326
2026-03-02,2025/26,2703.339,2674.049,98.92,1029.034,38.07,34.3,70.0,10.0,"{""10/10"":1255.528,""9+/10"":951.701,""9/10"":466.82}","{""fast_ice"":1029.034,""consolidated_ice"":226.494,""very_close_ice"":1418.521}",EPSG:4326
2026-03-03,2025/26,2703.339,2674.049,98.92,1029.034,38.07,34.3,70.0,10.0,"{""10/10"":1255.528,""9+/10"":951.701,""9/10"":466.82}","{""fast_ice"":1029.034,""consolidated_ice"":226.494,""very_close_ice"":1418.521}",EPSG:4326
2026-03-04,2025/26,2703.339,2674.049,98.92,1029.034,38.07,34.3,70.0,10.0,"{""10/10"":1255.528,""9+/10"":951.701,""9/10"":466.82}","{""fast_ice"":1029.034,""consolidated_ice"":226.494,""very_close_ice"":1418.521}",EPSG:4326
2026-03-05,2025/26,2703.339,2674.049,98.92,1029.034,38.07,34.3,70.0,10.0,"{""10/10"":1255.528,""9+/10"":951.701,""9/10"":466.82}","{""fast_ice"":1029.034,""very_close_ice"":1418.521,""consolidated_ice"":226.494}",EPSG:4326
2026-03-06,2025/26,2703.339,2674.049,98.92,1029.034,38.07,34.3,70.0,10.0,"{""10/10"":1255.528,""9+/10"":951.701,""9/10"":466.82}","{""fast_ice"":1029.034,""very_close_ice"":1418.521,""consolidated_ice"":226.494}",EPSG:4326
2026-03-07,2025/26,2703.339,2674.049,98.92,1029.034,38.07,34.3,70.0,10.0,"{""10/10"":1255.528,""9+/10"":951.701,""9/10"":466.82}","{""fast_ice"":1029.034,""consolidated_ice"":226.494,""very_close_ice"":1418.521}",EPSG:4326
2026-03-08,2025/26,2703.339,2674.049,98.92,1029.034,38.07,34.0,70.0,10.0,"{""10/10"":1255.528,""9+/10"":951.701,""9/10"":466.82}","{""fast_ice"":1029.034,""very_close_ice"":1418.521,""consolidated_ice"":226.494}",EPSG:4326
2026-03-09,2025/26,2703.339,2674.049,98.92,1029.034,38.07,34.0,70.0,10.0,"{""10/10"":1255.528,""9+/10"":951.701,""9/10"":466.82}","{""fast_ice"":1029.034,""consolidated_ice"":226.494,""very_close_ice"":1418.521}",EPSG:4326
2026-03-10,2025/26,2703.339,2674.049,98.92,1029.034,38.07,34.0,70.0,10.0,"{""10/10"":1255.528,""9+/10"":951.701,""9/10"":466.82}","{""fast_ice"":1029.034,""consolidated_ice"":226.494,""very_close_ice"":1418.521}",EPSG:4326
2026-03-11,2025/26,2703.339,2674.049,98.92,1029.034,38.07,34.0,70.0,10.0,"{""10/10"":1255.528,""9+/10"":951.701,""9/10"":466.82}","{""fast_ice"":1029.034,""consolidated_ice"":226.494,""very_close_ice"":1418.521}",EPSG:4326
2026-03-12,2025/26,2703.339,2674.049,98.92,1029.034,38.07,35.9,70.0,10.0,"{""10/10"":1255.528,""9+/10"":951.701,""9/10"":466.82}","{""fast_ice"":1029.034,""consolidated_ice"":226.494,""very_close_ice"":1418.521}",EPSG:4326
2026-03-13,2025/26,2703.339,2674.049,98.92,1029.034,38.07,35.9,70.0,10.0,"{""10/10"":1255.528,""9+/10"":602.14,""9/10"":816.38}","{""fast_ice"":1029.034,""consolidated_ice"":226.494,""very_close_ice"":1418.521}",EPSG:4326
2026-03-14,2025/26,2703.339,2674.049,98.92,1029.034,38.07,35.9,70.0,10.0,"{""10/10"":1255.528,""9+/10"":602.14,""9/10"":816.38}","{""fast_ice"":1029.034,""consolidated_ice"":226.494,""very_close_ice"":1418.521}",EPSG:4326
2026-03-15,2025/26,2703.339,2674.049,98.92,1029.034,38.07,35.9,70.0,10.0,"{""10/10"":1255.528,""9+/10"":602.14,""9/10"":816.38}","{""fast_ice"":1029.034,""consolidated_ice"":226.494,""very_close_ice"":1418.521}",EPSG:4326
2026-03-16,2025/26,2703.339,2674.049,98.92,1029.034,38.07,35.9,70.0,10.0,"{""10/10"":1255.528,""9+/10"":602.14,""9/10"":816.38}","{""fast_ice"":1029.034,""consolidated_ice"":226.494,""very_close_ice"":1418.521}",EPSG:4326
2026-03-17,2025/26,2703.339,2674.049,98.92,1029.034,38.07,35.9,70.0,10.0,"{""10/10"":1255.528,""9+/10"":602.14,""9/10"":816.38}","{""fast_ice"":1029.034,""consolidated_ice"":226.494,""very_close_ice"":1418.521}",EPSG:4326
2026-03-18,2025/26,2703.339,2674.049,98.92,1029.034,38.07,35.9,70.0,10.0,"{""10/10"":1255.528,""9+/10"":602.14,""9/10"":816.38}","{""fast_ice"":1029.034,""consolidated_ice"":226.494,""very_close_ice"":1418.521}",EPSG:4326
2026-03-19,2025/26,2703.339,2674.049,98.92,1029.034,38.07,35.9,70.0,10.0,"{""10/10"":1255.528,""9/10"":816.38,""9+/10"":602.14}","{""fast_ice"":1029.034,""consolidated_ice"":226.494,""very_close_ice"":1418.521}",EPSG:4326
2026-03-20,2025/26,2703.339,2674.049,98.92,1029.034,38.07,35.9,70.0,10.0,"{""10/10"":1255.528,""9+/10"":602.14,""9/10"":816.38}","{""fast_ice"":1029.034,""consolidated_ice"":226.494,""very_close_ice"":1418.521}",EPSG:4326
2026-03-21,2025/26,2703.339,2674.049,98.92,1029.034,38.07,35.9,70.0,10.0,"{""10/10"":1255.528,""9+/10"":602.14,""9/10"":816.38}","{""fast_ice"":1029.034,""consolidated_ice"":226.494,""very_close_ice"":1418.521}",EPSG:4326
2026-03-22,2025/26,2703.339,2674.049,98.92,1029.034,38.07,35.9,70.0,10.0,"{""10/10"":1255.528,""9/10"":816.38,""9+/10"":602.14}","{""fast_ice"":1029.034,""consolidated_ice"":226.494,""very_close_ice"":1418.521}",EPSG:4326
2026-03-23,2025/26,2703.339,2674.049,98.92,1029.034,38.07,35.9,70.0,10.0,"{""10/10"":1255.528,""9+/10"":602.14,""9/10"":816.38}","{""fast_ice"":1029.034,""consolidated_ice"":226.494,""very_close_ice"":1418.521}",EPSG:4326
2026-03-24,2025/26,2703.339,2674.049,98.92,1029.034,38.07,35.9,70.0,10.0,"{""10/10"":1255.528,""9+/10"":602.14,""9/10"":816.38}","{""fast_ice"":1029.034,""consolidated_ice"":226.494,""very_close_ice"":1418.521}",EPSG:4326
2026-03-25,2025/26,2703.339,2674.049,98.92,1029.034,38.07,35.9,70.0,10.0,"{""10/10"":1255.528,""9/10"":816.433,""9+/10"":602.087}","{""fast_ice"":1029.034,""consolidated_ice"":226.494,""very_close_ice"":1418.521}",EPSG:4326
2026-03-26,2025/26,2703.339,2674.049,98.92,1029.034,38.07,35.9,70.0,10.0,"{""10/10"":1255.528,""9/10"":816.433,""9+/10"":602.087}","{""fast_ice"":1029.034,""consolidated_ice"":226.494,""very_close_ice"":1418.521}",EPSG:4326
2026-03-27,2025/26,2703.339,2674.049,98.92,1029.034,38.07,35.9,70.0,10.0,"{""10/10"":1255.528,""9/10"":816.433,""9+/10"":602.087}","{""fast_ice"":1029.034,""consolidated_ice"":226.494,""very_close_ice"":1418.521}",EPSG:4326
2026-03-28,2025/26,2703.339,2674.049,98.92,1029.034,38.07,35.9,70.0,10.0,"{""10/10"":1255.528,""9/10"":816.433,""9+/10"":602.087}","{""fast_ice"":1029.034,""consolidated_ice"":226.494,""very_close_ice"":1418.521}",EPSG:4326
2026-03-29,2025/26,2703.339,2674.049,98.92,1029.034,38.07,35.9,70.0,10.0,"{""10/10"":1255.528,""9/10"":816.433,""9+/10"":602.087}","{""fast_ice"":1029.034,""consolidated_ice"":226.494,""very_close_ice"":1418.521}",EPSG:4326
2026-03-30,2025/26,2703.339,2674.049,98.92,1029.034,38.07,37.0,70.0,10.0,"{""9+/10"":602.087,""9/10"":816.433,""10/10"":1255.528}","{""very_close_ice"":1418.521,""fast_ice"":1029.034,""consolidated_ice"":226.494}",EPSG:4326
2026-03-31,2025/26,2703.339,2674.049,98.92,1029.034,38.07,37.0,70.0,10.0,"{""10/10"":1255.528,""9+/10"":602.087,""9/10"":816.433}","{""fast_ice"":1029.034,""very_close_ice"":1418.521,""consolidated_ice"":226.494}",EPSG:4326
2026-04-01,2025/26,2703.339,2674.049,98.92,1029.034,38.07,37.0,70.0,10.0,"{""9+/10"":602.087,""9/10"":816.433,""10/10"":1255.528}","{""very_close_ice"":1418.521,""fast_ice"":1029.034,""consolidated_ice"":226.494}",EPSG:4326
2026-04-02,2025/26,2703.339,2622.185,97.0,1029.034,38.07,36.9,70.0,10.0,"{""9/10"":816.433,""10/10"":1255.528,""9+/10"":550.223}","{""very_close_ice"":1366.656,""fast_ice"":1029.034,""consolidated_ice"":226.494}",EPSG:4326
2026-04-03,2025/26,2703.339,2672.381,98.85,1029.034,38.07,36.9,70.0,10.0,"{""9+/10"":533.601,""9/10"":816.433,""10/10"":1255.528,""8/10"":66.819}","{""very_close_ice"":1350.034,""fast_ice"":1029.034,""consolidated_ice"":226.494,""close_ice"":66.819}",EPSG:4326
2026-04-04,2025/26,2703.339,2672.381,98.85,1029.034,38.07,36.7,70.0,10.0,"{""9+/10"":533.601,""9/10"":816.433,""10/10"":1255.528,""7/10"":66.819}","{""very_close_ice"":1350.034,""fast_ice"":1029.034,""consolidated_ice"":226.494,""close_ice"":66.819}",EPSG:4326
2026-04-05,2025/26,2703.339,2657.57,98.31,1029.034,38.07,36.8,70.0,10.0,"{""9+/10"":543.353,""9/10"":816.433,""10/10"":1255.528,""7/10"":42.256}","{""very_close_ice"":1359.786,""fast_ice"":1029.034,""consolidated_ice"":226.494,""close_ice"":42.256}",EPSG:4326
2026-04-06,2025/26,2703.339,2654.602,98.2,1029.034,38.07,37.7,70.0,10.0,"{""9+/10"":1101.308,""10/10"":1255.528,""9/10"":297.766}","{""very_close_ice"":1399.074,""fast_ice"":1029.034,""consolidated_ice"":226.494}",EPSG:4326
2026-04-07,2025/26,2703.339,2674.049,98.92,1027.766,38.02,39.8,70.0,10.0,"{""9+/10"":1489.311,""10/10"":1074.643,""1/10"":24.593,""4/10"":85.502}","{""very_close_ice"":1489.311,""fast_ice"":1027.766,""consolidated_ice"":46.877,""very_open_ice"":24.593,""open_ice"":85.502}",EPSG:4326
2026-04-08,2025/26,2703.339,2674.049,98.92,1027.766,38.02,39.8,70.0,10.0,"{""10/10"":1074.643,""2/10"":251.284,""9/10"":1348.122}","{""fast_ice"":1027.766,""consolidated_ice"":46.877,""very_open_ice"":251.284,""very_close_ice"":1348.122}",EPSG:4326
2026-04-09,2025/26,2703.339,2674.049,98.92,1028.558,38.05,40.1,70.0,10.0,"{""10/10"":1075.435,""2/10"":101.123,""9/10"":1492.312,""7/10"":5.18}","{""fast_ice"":1028.558,""consolidated_ice"":46.877,""very_open_ice"":101.123,""very_close_ice"":1492.312,""close_ice"":5.18}",EPSG:4326
2026-04-10,2025/26,2703.339,2662.78,98.5,1028.558,38.05,40.7,70.0,10.0,"{""10/10"":1075.435,""9/10"":1587.345}","{""fast_ice"":1028.558,""consolidated_ice"":46.877,""very_close_ice"":1587.345}",EPSG:4326
2026-04-11,2025/26,2703.339,2590.398,95.82,1028.558,38.05,40.9,70.0,10.0,"{""10/10"":1075.435,""9/10"":1514.963}","{""fast_ice"":1028.558,""very_close_ice"":1514.963,""consolidated_ice"":46.877}",EPSG:4326
2026-04-12,2025/26,2703.339,2618.709,96.87,984.77,36.43,40.8,70.0,10.0,"{""10/10"":1031.647,""9/10"":1543.274,""9+/10"":43.788}","{""consolidated_ice"":46.877,""very_close_ice"":1543.274,""fast_ice"":984.77,""rotten_ice"":43.788}",EPSG:4326
2026-04-13,2025/26,2703.339,2659.733,98.39,984.77,36.43,36.8,70.0,10.0,"{""10/10"":1031.647,""9/10"":1577.821,""9+/10"":43.788,""5/10"":6.478}","{""consolidated_ice"":46.877,""very_close_ice"":1577.821,""fast_ice"":984.77,""rotten_ice"":43.788,""open_ice"":6.478}",EPSG:4326
2026-04-14,2025/26,2703.339,2605.232,96.37,572.173,21.17,36.9,70.0,10.0,"{""9+/10"":456.385,""10/10"":619.05,""9/10"":1517.677,""5/10"":12.12}","{""rotten_ice"":456.385,""consolidated_ice"":46.877,""very_close_ice"":1517.677,""fast_ice"":572.173,""open_ice"":12.12}",EPSG:4326
2026-04-15,2025/26,2703.339,2664.662,98.57,571.744,21.15,33.9,70.0,10.0,"{""9/10"":1.412,""10/10"":619.05,""9+/10"":2012.822,""5/10"":31.378}","{""very_close_ice"":1557.849,""consolidated_ice"":47.306,""rotten_ice"":456.385,""fast_ice"":571.744,""open_ice"":31.378}",EPSG:4326
2026-04-16,2025/26,2703.339,2669.737,98.76,571.744,21.15,33.9,70.0,10.0,"{""9/10"":1.412,""10/10"":619.05,""9+/10"":2017.043,""5/10"":32.233}","{""very_close_ice"":1562.07,""consolidated_ice"":47.306,""rotten_ice"":456.385,""fast_ice"":571.744,""open_ice"":32.233}",EPSG:4326
2026-04-17,2025/26,2703.339,2674.049,98.92,566.876,20.97,33.8,70.0,10.0,"{""9+/10"":2039.576,""10/10"":614.73,""5/10"":19.742}","{""rotten_ice"":461.253,""consolidated_ice"":47.855,""fast_ice"":566.876,""open_ice"":19.742,""very_close_ice"":1578.323}",EPSG:4326
2026-04-18,2025/26,2703.339,2674.049,98.92,539.007,19.94,33.8,70.0,10.0,"{""9+/10"":2081.462,""10/10"":586.862,""1/10"":5.725}","{""rotten_ice"":489.122,""consolidated_ice"":47.855,""fast_ice"":539.007,""very_close_ice"":1592.34,""very_open_ice"":5.725}",EPSG:4326
2026-04-19,2025/26,2703.339,2674.0,98.91,539.007,19.94,33.8,70.0,20.0,"{""9+/10"":489.122,""10/10"":586.862,""9/10"":1263.077,""8/10"":334.939}","{""rotten_ice"":489.122,""consolidated_ice"":47.855,""very_close_ice"":1263.077,""fast_ice"":539.007,""close_ice"":334.939}",EPSG:4326
2026-04-20,2025/26,2703.339,2674.0,98.91,0.0,0.0,33.9,60.0,20.0,"{""9+/10"":1050.748,""10/10"":47.855,""9/10"":1240.459,""8/10"":334.939}","{""rotten_ice"":1050.748,""consolidated_ice"":47.855,""very_close_ice"":1240.459,""close_ice"":334.939}",EPSG:4326
2026-04-21,2025/26,2703.339,2669.93,98.76,0.0,0.0,33.9,60.0,10.0,"{""9+/10"":1050.748,""10/10"":47.855,""9/10"":1200.192,""8/10"":360.106,""1/10"":11.03}","{""rotten_ice"":1050.748,""consolidated_ice"":47.855,""very_close_ice"":1200.192,""close_ice"":360.106,""very_open_ice"":11.03}",EPSG:4326
2026-04-22,2025/26,2703.339,2674.049,98.92,0.0,0.0,34.2,60.0,10.0,"{""2/10"":410.155,""7/10"":534.062,""9+/10"":944.825,""9/10"":785.006}","{""very_open_ice"":410.155,""close_ice"":534.062,""rotten_ice"":944.825,""very_close_ice"":785.006}",EPSG:4326
2026-04-23,2025/26,2703.339,2674.049,98.92,0.0,0.0,32.7,60.0,10.0,"{""9+/10"":785.957,""7/10"":162.004,""2/10"":837.433,""9/10"":888.655}","{""rotten_ice"":785.957,""close_ice"":162.004,""very_open_ice"":837.433,""very_close_ice"":888.655}",EPSG:4326
2026-04-24,2025/26,2703.339,1851.916,68.5,0.0,0.0,35.9,60.0,10.0,"{""9+/10"":683.546,""4/10"":85.938,""9/10"":834.309,""1/10"":248.123}","{""rotten_ice"":683.546,""open_ice"":85.938,""very_close_ice"":834.309,""very_open_ice"":248.123}",EPSG:4326
2026-04-25,2025/26,2703.339,1813.011,67.07,0.0,0.0,32.7,60.0,10.0,"{""2/10"":254.0,""9+/10"":594.405,""5/10"":275.645,""3/10"":5.241,""7/10"":67.488,""9/10"":616.232}","{""very_open_ice"":259.241,""rotten_ice"":594.405,""open_ice"":275.645,""close_ice"":67.488,""very_close_ice"":616.232}",EPSG:4326
2026-04-26,2025/26,2703.339,1854.361,68.6,0.0,0.0,33.6,60.0,10.0,"{""2/10"":331.752,""9+/10"":554.031,""3/10"":108.826,""4/10"":216.502,""7/10"":188.832,""9/10"":454.418}","{""very_open_ice"":440.579,""rotten_ice"":554.031,""open_ice"":216.502,""close_ice"":188.832,""very_close_ice"":454.418}",EPSG:4326
2026-04-27,2025/26,2703.339,1634.796,60.47,0.0,0.0,34.1,60.0,10.0,"{""9/10"":868.923,""3/10"":108.826,""8/10"":8.158,""2/10"":481.946,""7/10"":166.942}","{""rotten_ice"":548.032,""very_open_ice"":590.773,""close_ice"":166.942,""very_close_ice"":329.05}",EPSG:4326
2026-04-28,2025/26,2703.339,1459.633,53.99,0.0,0.0,34.5,60.0,10.0,"{""9/10"":684.346,""3/10"":113.7,""8/10"":5.636,""2/10"":543.528,""7/10"":112.422}","{""rotten_ice"":536.675,""very_open_ice"":657.228,""close_ice"":112.422,""very_close_ice"":153.308}",EPSG:4326
2026-04-29,2025/26,2703.339,1195.27,44.21,0.0,0.0,35.1,60.0,10.0,"{""2/10"":348.372,""9+/10"":173.075,""9/10"":494.828,""3/10"":101.845,""8/10"":4.839,""6/10"":72.31}","{""very_open_ice"":450.217,""very_close_ice"":173.075,""rotten_ice"":499.667,""open_ice"":72.31}",EPSG:4326
2026-04-30,2025/26,2703.339,1099.09,40.66,0.0,0.0,34.6,60.0,10.0,"{""2/10"":11.428,""9/10"":489.753,""1/10"":271.728,""8/10"":151.815,""5/10"":174.366}","{""very_open_ice"":283.156,""rotten_ice"":489.753,""close_ice"":151.815,""open_ice"":174.366}",EPSG:4326
2026-05-01,2025/26,2703.339,831.474,30.76,0.0,0.0,36.0,50.0,10.0,"{""2/10"":11.428,""9/10"":389.563,""7/10"":89.345,""8/10"":7.721,""6/10"":235.94,""1/10"":97.478}","{""very_open_ice"":108.906,""rotten_ice"":486.628,""open_ice"":235.94}",EPSG:4326
2026-05-02,2025/26,2703.339,696.28,25.76,0.0,0.0,36.4,50.0,10.0,"{""8/10"":317.616,""7/10"":55.284,""1/10"":186.132,""6/10"":63.137,""2/10"":74.111}","{""rotten_ice"":372.9,""very_open_ice"":260.243,""open_ice"":63.137}",EPSG:4326
2026-05-03,2025/26,2703.339,577.867,21.38,0.0,0.0,37.3,50.0,20.0,"{""8/10"":169.267,""2/10"":374.179,""7/10"":24.985,""10/10"":9.436}","{""rotten_ice"":203.688,""very_open_ice"":374.179}",EPSG:4326
2026-05-04,2025/26,2703.339,577.867,21.38,0.0,0.0,37.0,50.0,20.0,"{""2/10"":391.217,""10/10"":9.436,""8/10"":152.23,""7/10"":24.985}","{""very_open_ice"":391.217,""rotten_ice"":186.65}",EPSG:4326
2026-05-05,2025/26,2703.339,577.867,21.38,0.0,0.0,37.0,50.0,20.0,"{""2/10"":391.217,""7/10"":24.985,""8/10"":152.23,""10/10"":9.436}","{""very_open_ice"":391.217,""rotten_ice"":186.65}",EPSG:4326
2026-05-06,2025/26,2703.339,577.867,21.38,0.0,0.0,30.0,40.0,10.0,"{""2/10"":577.867}","{""very_open_ice"":577.867}",EPSG:4326
2026-05-07,2025/26,2703.339,392.374,14.51,0.0,0.0,30.0,40.0,10.0,"{""2/10"":392.374}","{""very_open_ice"":392.374}",EPSG:4326
2026-05-08,2025/26,2703.339,26.012,0.96,0.0,0.0,20.0,30.0,10.0,"{""2/10"":26.012}","{""very_open_ice"":26.012}",EPSG:4326
2026-05-09,2025/26,2703.339,0.0,0.0,0.0,0.0,,,,{},{},EPSG:4326
2026-05-10,2025/26,2703.339,0.0,0.0,0.0,0.0,,,,{},{},EPSG:4326
