{"type":"FeatureCollection","properties":{"source":"SMHI SE.SR Ytansamling av alger","date":"2021-06-19","note":"Test: SMHI WFS clipped to Lulea municipal sea area and simplified 20 m."},"features":[{"type":"Feature","properties":{"cyano_daymap_file_id":4400,"date":"2021-06-19Z","cloud":null,"sub_surfac":null,"surface":null,"no_data":null,"class":1,"color_hex":null,"algae_class":"class_1","source_date":"2021-06-19"},"geometry":{"type":"Polygon","coordinates":[[[22.55989354,65.71604319],[22.62468907,65.71280167999998],[22.62205499,65.70390905],[22.64364223,65.7028229],[22.641002860000004,65.69393065],[22.619422899999996,65.69501634999999],[22.61708017628156,65.68709222751114],[22.614166821147787,65.68644980974396],[22.613525097595506,65.68576004764051],[22.615040700283835,65.68496195040862],[22.616420513074004,65.68486095627034],[22.61524335435372,65.68087928749098],[22.61215883929882,65.6811357507712],[22.609791764420784,65.6805326034501],[22.608835241517315,65.67877566456458],[22.61056067319987,65.67868905138167],[22.610188958163743,65.67743018141151],[22.59259728,65.67831252999999],[22.589978419999998,65.66941918999999],[22.568416290000002,65.67049747000002],[22.571027890000003,65.67939125000001],[22.527883180000003,65.68153957000001],[22.5304822,65.69043417],[22.55206281,65.68936109],[22.55989354,65.71604319]],[[22.564019385488713,65.71549049049568],[22.56353508084234,65.71533414288784],[22.564883416637127,65.71544742764256],[22.564019385488713,65.71549049049568]],[[22.550386026982945,65.68097590974975],[22.550438141185914,65.68115379317892],[22.550006683186144,65.68117527862708],[22.550386026982945,65.68097590974975]],[[22.549902461385933,65.68081951138896],[22.549954571891885,65.68099739502082],[22.549523116012537,65.68101887907484],[22.549902461385933,65.68081951138896]],[[22.548503898914063,65.68052819096563],[22.548935347643834,65.68050670987695],[22.548987450756005,65.68068459391414],[22.548503898914063,65.68052819096563]],[[22.548987450756005,65.68068459391414],[22.549471008415274,65.6808409952659],[22.549039554656368,65.68086247792576],[22.548987450756005,65.68068459391414]]]}},{"type":"Feature","properties":{"cyano_daymap_file_id":4400,"date":"2021-06-19Z","cloud":null,"sub_surfac":null,"surface":null,"no_data":null,"class":1,"color_hex":null,"algae_class":"class_1","source_date":"2021-06-19"},"geometry":{"type":"MultiPolygon","coordinates":[[[[22.39840205,65.68791147],[22.39584866,65.67901417],[22.43900226,65.67690325999999],[22.43387218,65.65911023],[22.412290671073936,65.6600959299228],[22.410269300930633,65.66100176014723],[22.410144664282132,65.66209049256727],[22.408726123959866,65.66324247683319],[22.406138311441705,65.66336894771754],[22.405809166376855,65.66374590756243],[22.40360153604939,65.66367331848123],[22.40337447954482,65.66440616078961],[22.40466844912739,65.66434295377768],[22.404339270887423,65.6647199107635],[22.401166797556908,65.66433353683269],[22.401064698728234,65.66397764748903],[22.397131770000044,65.6639891970747],[22.393477169586635,65.663445762805],[22.392155657454822,65.66188630435488],[22.39032853721861,65.6616145365851],[22.39007369981466,65.66072479087084],[22.39217909124376,65.66044168261466],[22.392406437494014,65.65970885419966],[22.393598230797483,65.65928984701533],[22.394511719510092,65.65942571468463],[22.394840979250166,65.65904877819523],[22.39699718782196,65.65894355220865],[22.397224386493534,65.65821071803352],[22.40498635446029,65.65783164319008],[22.405797713515533,65.6576115565047],[22.405593455657627,65.65689978456278],[22.409525290623787,65.65688802668123],[22.411251584948403,65.65647743237798],[22.40975602,65.65126930000001],[22.38820006,65.65232193],[22.38311063,65.63452679],[22.370489570259807,65.6351411827401],[22.368194545272658,65.63616920035341],[22.368017438278194,65.63707995624883],[22.36725713370979,65.6374777970725],[22.357295259542664,65.6377816060617],[22.3546083461572,65.63755125091123],[22.355292634650723,65.63842014434947],[22.353366224554154,65.63779198437683],[22.35250436088057,65.63783382461268],[22.352605670476386,65.63818975424685],[22.349639718484926,65.63851412516742],[22.34740837351083,65.63988533716869],[22.346546428808484,65.63992714436851],[22.345455949799952,65.64070171663617],[22.343782596812794,65.64096327287733],[22.343503403034894,65.64151807219339],[22.34172879803197,65.64142366952854],[22.340105936977437,65.64186315525188],[22.341018543158555,65.64199935322827],[22.340739279977175,65.6425541481374],[22.34198175073478,65.64231351459077],[22.342082937167795,65.64266945244458],[22.340561174792313,65.64346488167712],[22.341143980457527,65.64397790289962],[22.337669079461676,65.64558960900818],[22.335513691368668,65.64569398471563],[22.335412580784034,65.64533804174712],[22.336554112201803,65.6447415079152],[22.336149649033402,65.64331773860523],[22.33298075398336,65.6429299059035],[22.33183921618018,65.64352641293354],[22.330115021655235,65.64360984860633],[22.32897338752884,65.64420633502675],[22.328010261342076,65.64389209034219],[22.32719864102713,65.64411176389245],[22.32195232464606,65.64256125344288],[22.321851414640907,65.64220529948949],[22.32040697355216,65.64173385998012],[22.319544915207178,65.64177551496715],[22.31944404187831,65.64141955905502],[22.317518248253474,65.64079093820064],[22.317445060138574,65.63899033007307],[22.316482267233855,65.63867600900468],[22.31650997595866,65.63723135806812],[22.315547260660413,65.63691703031002],[22.31529527685111,65.63602713180126],[22.31610675235314,65.63580752329382],[22.315199677423326,65.63260388936753],[22.314287531955944,65.6324675316948],[22.31418677421326,65.63211157114995],[22.311069918058173,65.63190124518333],[22.3121834850139,65.63274954706107],[22.312687181841188,65.63452935665231],[22.31043187427327,65.63427740651224],[22.310532590690755,65.63463336994926],[22.311444794591317,65.63476974961804],[22.310582950040814,65.6348113516314],[22.311114599486878,65.63514651418163],[22.309972881572065,65.63574285853998],[22.310174318568265,65.63645478591086],[22.31235149756887,65.63797340958014],[22.312603403276317,65.63886331372956],[22.311461561335467,65.63945967048595],[22.31214446737736,65.6403287717414],[22.31128243970937,65.64037037951124],[22.311383196263968,65.6407263419834],[22.31019087378975,65.64114470894656],[22.3101124461412,65.64241138038851],[22.311024924278772,65.64254775990449],[22.310162820790975,65.64258936205508],[22.309882887705307,65.64314410667373],[22.310034014357775,65.6436780518234],[22.31079539075133,65.6432804873263],[22.312670819368996,65.64373121254442],[22.31277161067225,65.64408717375142],[22.31190945944885,65.64412878628535],[22.31076737597825,65.64472514016104],[22.310868145837016,65.64508110283896],[22.310005957936227,65.6451227049207],[22.308863787278387,65.64571904532345],[22.308225272453804,65.64809520182499],[22.309669859848373,65.64856675579405],[22.312256759483883,65.64844193731443],[22.31144486029049,65.64866152935421],[22.312128026147693,65.64953062812002],[22.313091178966033,65.64984497328378],[22.314815853466484,65.64976172627499],[22.315549593575454,65.6508087877978],[22.31473765023622,65.6510283978714],[22.314989790429088,65.65191829572744],[22.31805864170548,65.65195053902252],[22.31795774110723,65.6515945824029],[22.32389341049755,65.65094698400031],[22.327090259831404,65.64989035118853],[22.32843424575783,65.65000577308469],[22.33008141952116,65.65118902442809],[22.328636322431457,65.65071766964354],[22.327773981679222,65.6507593741144],[22.326503851206702,65.65244454356164],[22.32444883255368,65.65290471830838],[22.324169108227917,65.653459487198],[22.323306667737118,65.65350116727184],[22.31960001360578,65.65584522731774],[22.315920395233807,65.6567445527007],[22.316071741549134,65.65727848966864],[22.314296134462385,65.65718377610007],[22.313635284004306,65.65793732132538],[22.310156809343038,65.65954843235806],[22.30226349161352,65.66101136829697],[22.302464953477877,65.66172330557465],[22.299927022882983,65.66202595591615],[22.297971435992963,65.66284175515996],[22.29667723037679,65.66290405555235],[22.29644714161095,65.66363676659198],[22.29208264866812,65.66366636173738],[22.28751706298723,65.66298387110623],[22.285410240853,65.66326554219519],[22.283554579837332,65.66443714345888],[22.28235488346663,65.66449477620489],[22.28541591,65.67533866],[22.29911655461946,65.67467948875091],[22.298605141464794,65.67435746724585],[22.299468323331,65.67431592026182],[22.299565118815515,65.67465790723926],[22.318559420417742,65.67374235651447],[22.323842251111387,65.67079525807056],[22.324705265627617,65.670753569368],[22.32407161354229,65.67006251268523],[22.324884063016874,65.66984284779342],[22.32463137340999,65.66895297178783],[22.323336940143818,65.66901550151404],[22.320977491332638,65.66840778662673],[22.316561782821058,65.66826011517165],[22.31577699554964,65.66703508538804],[22.318393245099525,65.66546549577386],[22.318572239211623,65.66455477969943],[22.320146386524883,65.66393752972313],[22.320706198050964,65.66282800275954],[22.32194982717719,65.66258752190387],[22.322509535089004,65.6614779892976],[22.324234946380493,65.66139462814031],[22.32456526189201,65.66101783390613],[22.32900672757998,65.6597206387253],[22.32890564039379,65.65936469121407],[22.329768264922535,65.65932297755035],[22.330859972598063,65.65854850604752],[22.332915314695782,65.65808824139914],[22.33727875254995,65.65805748345826],[22.33819192078398,65.65819369293162],[22.338293129851905,65.65854963307181],[22.341261518519303,65.65822546004732],[22.34116027025968,65.65786952226759],[22.3441791856125,65.65772326207068],[22.345015653741534,65.65912610240119],[22.344153065318896,65.65916790230396],[22.34349304445718,65.65992156926255],[22.34361883633093,65.66190011331105],[22.341334584326027,65.66309329016217],[22.341867227943524,65.66342833520932],[22.34359269390009,65.66334475364538],[22.343313282044573,65.66389955470457],[22.34607953062097,65.66286341117099],[22.346916283371453,65.66426623823317],[22.34361720969888,65.66496736172812],[22.342094223105946,65.66576281823674],[22.342195521298986,65.66611875489761],[22.341002564319822,65.66653736997905],[22.34173787172883,65.66758428952568],[22.34529069374078,65.6677730385539],[22.345798819203623,65.66648546203683],[22.34752447324307,65.66640183398015],[22.348209344418795,65.66727075358081],[22.35204142557983,65.66690453617855],[22.353082039596536,65.66595194431838],[22.355518198954996,65.66529248292096],[22.358639401387823,65.66550185335558],[22.358740925368295,65.66585777676758],[22.360314167598936,65.66524011952409],[22.362471059132545,65.66513537702109],[22.3625726339569,65.66549129737497],[22.364019171306598,65.66596231502042],[22.36574471968542,65.66587848104147],[22.36589715570864,65.66641235753984],[22.365135981813662,65.66681019623422],[22.36648100128287,65.66692527124202],[22.366938397804322,65.6685268971903],[22.368283514084737,65.66864195529267],[22.369781178027146,65.66929087299027],[22.37130349857141,65.66849514551338],[22.372166344359265,65.66845318890418],[22.370365168029632,65.66980377034797],[22.36901998282729,65.66968873134988],[22.369121669006578,65.67004464622971],[22.36706606172104,65.67050540334093],[22.367853377679914,65.67173014310958],[22.36914781673925,65.67166723408205],[22.369452917808132,65.67273497783906],[22.3703159082717,65.67269303032415],[22.369072271381473,65.67293390714937],[22.369173973607744,65.67328982183467],[22.370036983079675,65.67324787571808],[22.37018955965963,65.67378174652406],[22.368996722188218,65.67420058021303],[22.36952995563494,65.67453552245779],[22.368717754148623,65.67475542360243],[22.368819460114796,65.67511133848697],[22.36719499505266,65.67555112944622],[22.367296683875885,65.67590704551678],[22.36648442029827,65.67612693533093],[22.365545589374,65.6774355352683],[22.364682431761377,65.67747745732316],[22.364784095192785,65.67783337532123],[22.36348933552779,65.6778962503045],[22.363387689573866,65.67754033126971],[22.361762978541098,65.67798006656173],[22.361687070476172,65.67924673947454],[22.362601113604562,65.67938279362684],[22.36328685651744,65.68025163669061],[22.362421832798773,65.68064027649582],[22.37426896,65.68006507],[22.37681506,65.68896279],[22.39840205,65.68791147]],[[22.40302246474942,65.66622773248815],[22.40264217426194,65.66642674237438],[22.402540045266306,65.6660708543199],[22.40302246474942,65.66622773248815]],[[22.37885173442322,65.68111899986168],[22.379079607662298,65.68038618626936],[22.380374446091867,65.68032317769503],[22.37971498566163,65.68107699641472],[22.37885173442322,65.68111899986168]],[[22.370591601581133,65.66600375105058],[22.371175529512183,65.66651664590465],[22.372951948528826,65.66661068652293],[22.373053674122318,65.66696659838715],[22.37137893413902,65.66722847239947],[22.370845833200946,65.66689353534116],[22.369120237164886,65.66697742772604],[22.370591601581133,65.66600375105058]],[[22.372599620381234,65.6714994230952],[22.372752237324725,65.67203329093475],[22.37188927356344,65.67207525202537],[22.371736674087366,65.67154138314821],[22.372599620381234,65.6714994230952]],[[22.37244701036396,65.67096555503394],[22.372497879600164,65.67114351107897],[22.372066412660235,65.6711644913685],[22.37244701036396,65.67096555503394]],[[22.371101756235337,65.67085053514224],[22.371964680779424,65.67080857890794],[22.37201554633509,65.67098653515052],[22.371203476471912,65.67120644829443],[22.371101756235337,65.67085053514224]],[[22.37194014159453,65.6722532082685],[22.371991010395185,65.67243116448702],[22.37112803191022,65.67247312139835],[22.37194014159453,65.6722532082685]],[[22.355772499910163,65.65698059388775],[22.35782725652573,65.65651999788058],[22.360110171075256,65.6553265861296],[22.36350910145072,65.65498104103479],[22.36201294242713,65.65739927942502],[22.359780692713805,65.6587706820748],[22.356330482602615,65.65893818629318],[22.354884481026193,65.65846709019738],[22.35468161159472,65.65775523639313],[22.355772499910163,65.65698059388775]],[[22.34862017052801,65.6533582654846],[22.347098003242802,65.65415376417434],[22.345804373405542,65.65421647746213],[22.34565243698181,65.65368257592958],[22.347605809943282,65.65286618467415],[22.34862017052801,65.6533582654846]],[[22.347473786537368,65.66622386780257],[22.347905195220072,65.66620295791678],[22.34795588483631,65.666380923922],[22.347473786537368,65.66622386780257]],[[22.335008169008063,65.643914268897],[22.335058717806014,65.64409224058866],[22.334627664045083,65.64411311053361],[22.335008169008063,65.643914268897]],[[22.323325790144015,65.65819106343027],[22.3237570886851,65.65817022318882],[22.323807593781808,65.6583481990413],[22.323325790144015,65.65819106343027]],[[22.323807593781808,65.6583481990413],[22.324289403238016,65.65850533306721],[22.323858099642287,65.65852617486944],[22.323807593781808,65.6583481990413]],[[22.32071055493382,65.65976072816392],[22.32043068436163,65.66031549157647],[22.31865485520082,65.6602208311274],[22.320178259257407,65.65942560556132],[22.320407643384353,65.65869286546474],[22.323376292331538,65.6583690394545],[22.322867183106016,65.65965655052092],[22.32071055493382,65.65976072816392]],[[22.31728275928679,65.66154997753509],[22.318347381276176,65.66222024086383],[22.31624098108111,65.66250233539184],[22.315910525592063,65.66287911288101],[22.31413453346382,65.66278440117244],[22.313551812497387,65.66227127551376],[22.315226855615208,65.66201003608711],[22.3151259467305,65.66165407768132],[22.31728275928679,65.66154997753509]],[[22.315128625267537,65.64469503982157],[22.315179039639336,65.64487301943439],[22.314747953687426,65.64489383324945],[22.315128625267537,65.64469503982157]],[[22.31445487365509,65.66854218987685],[22.3145558056154,65.66889814849404],[22.314124319788732,65.66891896442712],[22.31445487365509,65.66854218987685]],[[22.289017368759648,65.67139087494382],[22.287190586587833,65.67111786362068],[22.285493757930038,65.66975615058433],[22.285141891345347,65.66851021417285],[22.286235325201254,65.66773604687955],[22.287098310562275,65.66769457205713],[22.28656627457982,65.66735932920234],[22.287810452286617,65.66711912255235],[22.28847228064699,65.66636568029408],[22.29111137759309,65.66641919323374],[22.292305158589762,65.66600096202646],[22.29738192562989,65.66539586483309],[22.299006991448856,65.66495681452763],[22.300430563835892,65.66380580744612],[22.301293391089843,65.66376425353113],[22.300660540678603,65.66307309146117],[22.30200511008055,65.66318874159558],[22.30233577348469,65.66281199234479],[22.304061351488244,65.66272885871548],[22.305456306565215,65.66302246185496],[22.309288427937194,65.66265732247747],[22.309439679321354,65.66319126696098],[22.310403318453307,65.66350562442786],[22.31337265253288,65.66318198729108],[22.31258287768347,65.66502422145719],[22.3119217896543,65.6657777615121],[22.31072834473331,65.66619614357664],[22.31054906588152,65.66710685316313],[22.309585288382298,65.66679249796915],[22.307428002735826,65.66689649341276],[22.30628483885739,65.66749282401581],[22.305421897213662,65.66753440738924],[22.30394796043459,65.66850747742895],[22.30308498052081,65.66854904790067],[22.303185756471176,65.66890501557933],[22.301610898891195,65.66952209666931],[22.30023745221246,65.67085110212975],[22.296806787867048,65.67263991713288],[22.294368397163073,65.6732984584138],[22.292160173306293,65.67322425564785],[22.290282919885268,65.67277329482815],[22.289017368759648,65.67139087494382]],[[22.313339625464625,65.66769392115471],[22.31344053814338,65.66804988070123],[22.313009065349828,65.66807069334064],[22.313339625464625,65.66769392115471]],[[22.313202685141402,65.64406636565963],[22.313253084841577,65.64424434605533],[22.31282200746643,65.64426515431849],[22.313202685141402,65.64406636565963]],[[22.301144290754227,65.67405482717909],[22.30157587458061,65.67403404715759],[22.301626264655653,65.67421203148093],[22.301144290754227,65.67405482717909]],[[22.301626264655653,65.67421203148093],[22.302108244384524,65.67436923419764],[22.301676655493214,65.67439001578009],[22.301626264655653,65.67421203148093]]],[[[22.31646337921495,65.6305582908431],[22.31636886932629,65.63056285702906],[22.316474430765886,65.63059733129612],[22.31646337921495,65.6305582908431]]],[[[22.24882717,65.62297303999999],[22.248969649999424,65.62348101681225],[22.249748725016687,65.62348392247954],[22.249898478442223,65.62401794062538],[22.2491305608734,65.62405470429924],[22.25127746143239,65.63170894143119],[22.255112134370012,65.63170571560573],[22.255262055160042,65.63223972680802],[22.25622388336699,65.63255444539182],[22.2574667031751,65.63231450031097],[22.257316736552287,65.63178049173072],[22.257897635490927,65.63229385062562],[22.26038319435594,65.631813923658],[22.260352343944344,65.63325859434623],[22.25949045125681,65.63329990670394],[22.259640473132475,65.633833912596],[22.258066637650046,65.63445053247436],[22.25618063575577,65.6370664647321],[22.257292659351332,65.63791518400446],[22.259016756414603,65.63783257633838],[22.258454768709395,65.63894189669891],[22.260367394585398,65.64263862377656],[22.25950519061763,65.64267993922986],[22.25889310415472,65.6436112600847],[22.25764976203978,65.6438512218819],[22.25774979961295,65.64420722679431],[22.256937552648978,65.6444265306945],[22.25483187253106,65.64470776668527],[22.25295733912918,65.64425631851071],[22.253057314248622,65.64461232711673],[22.251432699079555,65.64505088153413],[22.251582637066086,65.64558489615982],[22.2502891579784,65.64564679434174],[22.250439076592656,65.64618081028168],[22.24762069184323,65.64703722602181],[22.24632712902263,65.64709909126032],[22.24432097948449,65.64773619873147],[22.24335871730764,65.64742140894163],[22.240340320284684,65.64756566011282],[22.23919641138941,65.64816149290888],[22.23752144278583,65.64842189314018],[22.23792059198803,65.64984597499134],[22.23676322556689,65.6506087176838],[22.257145537204053,65.64963273246582],[22.258288219342113,65.64923259616181],[22.258900449119242,65.64830127639117],[22.25976284092915,65.64825996255645],[22.260425041481163,65.64750663886238],[22.261618477057496,65.64708865210402],[22.261699279487182,65.64582198306896],[22.262511527777413,65.64560265368479],[22.263504598249824,65.64447265129164],[22.26358530746948,65.64320598213573],[22.265009332199245,65.6420553026146],[22.26442806393496,65.64154197454884],[22.265290220679862,65.64150063159582],[22.26519009230778,65.64114463252697],[22.267195211382823,65.64050725932647],[22.268187893041592,65.63937723003578],[22.267436780154245,65.6367072511482],[22.268579536476988,65.63611121678655],[22.27666785645268,65.63536206540616],[22.27699855931982,65.63498537089681],[22.279914949364336,65.63448441992858],[22.28024559414006,65.63410771890749],[22.281157630212874,65.63424428221897],[22.28102762491092,65.63533295896384],[22.28404432742273,65.63518791549494],[22.286529651965605,65.63470756264883],[22.28797309564411,65.6351793341392],[22.29012784079571,65.63507563959237],[22.290027401911434,65.63471965993263],[22.287240941344027,65.6341321239832],[22.287040154517868,65.63342015988928],[22.290516681265157,65.63180959707837],[22.293762849814087,65.6309316643394],[22.293992777006693,65.63019895882152],[22.29485450055069,65.6301574521891],[22.29637693367282,65.6293624747065],[22.29501283846632,65.62762411051976],[22.292607635231267,65.62683792341336],[22.29174601743548,65.6268794162593],[22.288278635087494,65.62542268699201],[22.288107222676736,65.62326606231974],[22.286915301293202,65.62368424258365],[22.28174611063768,65.62393292733788],[22.28012327484726,65.62437177146866],[22.279842870172118,65.62492646527348],[22.277638805830897,65.62485201113584],[22.276596953805733,65.62580409783784],[22.273300729992243,65.62650366644169],[22.272439086169584,65.62654504991387],[22.270896271860195,65.62571712800289],[22.269703954661793,65.62613517689002],[22.26711903006569,65.62625925129291],[22.26635745654204,65.62665659862265],[22.26506496208627,65.6267186131367],[22.263541701462927,65.62751328445412],[22.263691766320488,65.62804728594266],[22.263160871791474,65.62771195003455],[22.26229916845472,65.62775327650718],[22.262830052881775,65.62808861552772],[22.261687505164314,65.62868460461017],[22.260394896408712,65.62874658045534],[22.259683144814137,65.6293218977654],[22.253151199414756,65.62783090158985],[22.252370725024637,65.62660550289294],[22.25546770697107,65.62519436817325],[22.256329338554742,65.62515308118668],[22.25699108748392,65.62439977673395],[22.25785268980795,65.62435848138072],[22.257752742908824,65.62400247561548],[22.25904512331839,65.62394052448745],[22.25975674826039,65.62336521137927],[22.26104909122432,65.62330324354566],[22.262673764972824,65.62230713935843],[22.24882717,65.62297303999999]],[[22.25935225570087,65.62969855635353],[22.25892136782022,65.62971920973884],[22.25882138142335,65.6293632050718],[22.25935225570087,65.62969855635353]],[[22.259071353080373,65.63025321655948],[22.25864045573266,65.63027386923889],[22.258490479184264,65.62973986190805],[22.259071353080373,65.63025321655948]],[[22.2587404438748,65.63062987400622],[22.258309539963683,65.63065052580963],[22.258209557629627,65.6302945207022],[22.2587404438748,65.63062987400622]],[[22.25835953226366,65.6308285283274],[22.258459519129605,65.63118453329098],[22.258028605750688,65.6312051843884],[22.25835953226366,65.6308285283274]],[[22.257647680373932,65.63140383705559],[22.25807859741243,65.63138318700427],[22.258178583001918,65.63173919216412],[22.257647680373932,65.63140383705559]],[[22.246045778406618,65.64765373161694],[22.246095726083936,65.64783173858403],[22.245664524577357,65.64785235735829],[22.246045778406618,65.64765373161694]]],[[[22.243903913304155,65.63222802040845],[22.24476972057835,65.63220078091682],[22.244438578445024,65.63257740942007],[22.245300475985243,65.63253618248888],[22.24520066316171,65.63218016718257],[22.248267166497076,65.63221384346333],[22.248909840259643,65.63198871630729],[22.243903913304155,65.63222802040845]]],[[[22.393700204996705,65.65964574260187],[22.39413145928906,65.6596247029688],[22.394080468896345,65.65944675536124],[22.393700204996705,65.65964574260187]]],[[[22.363666799170453,65.67698549628737],[22.363768446335847,65.67734141512412],[22.364631601199424,65.67729949828721],[22.363666799170453,65.67698549628737]]],[[[22.316469649723988,65.63091881590613],[22.316419259144514,65.63074083647973],[22.31598840887112,65.63076165151888],[22.316469649723988,65.63091881590613]]],[[[22.31608918498602,65.63111761069014],[22.316038796547975,65.63093963111668],[22.315607942610765,65.63096044511144],[22.31608918498602,65.63111761069014]]],[[[22.31570871444268,65.63131640457685],[22.315658328146128,65.63113842485627],[22.315227470545068,65.63115923780663],[22.31570871444268,65.63131640457685]]],[[[22.315328238093855,65.63151519756622],[22.315277853938884,65.63133721769857],[22.314846992673942,65.63135802960448],[22.315328238093855,65.63151519756622]]],[[[22.311349717889684,65.63134649964877],[22.310487986708036,65.63138810001747],[22.310538338170712,65.63156608179374],[22.311349717889684,65.63134649964877]]],[[[22.28967138724346,65.62571645650216],[22.28962119234787,65.62553846628263],[22.28919040249631,65.62555920465334],[22.28967138724346,65.62571645650216]]],[[[22.267880580367116,65.62586190036562],[22.267930627116492,65.62603989920572],[22.26836144535788,65.62601922091672],[22.267880580367116,65.62586190036562]]]]}},{"type":"Feature","properties":{"cyano_daymap_file_id":4400,"date":"2021-06-19Z","cloud":null,"sub_surfac":null,"surface":null,"no_data":null,"class":1,"color_hex":null,"algae_class":"class_1","source_date":"2021-06-19"},"geometry":{"type":"MultiPolygon","coordinates":[[[[22.34992992754389,65.60005025283562],[22.355122371679954,65.59945678969322],[22.355881785175665,65.59905901838525],[22.356792950126053,65.5991951357058],[22.35693879487199,65.5997081452223],[22.358659891396915,65.59962413732248],[22.35856470248194,65.59928939033725],[22.35947588873579,65.599425491323],[22.361475452830643,65.59878692790494],[22.36281691369468,65.59890207029919],[22.361187509926904,65.59950076253135],[22.36972166016191,65.59908420481496],[22.370612475346018,65.59870288089209],[22.37063725489894,65.5972582491627],[22.37144705113976,65.59703836136687],[22.372054068215228,65.59610663767192],[22.374432567432684,65.59526898340158],[22.37921552805387,65.59521615110751],[22.380404638132518,65.59479727383517],[22.380709114812426,65.59586500128782],[22.382202776344993,65.59651383601096],[22.38190426974205,65.5984895632998],[22.394489504473423,65.59787526937535],[22.392985319430807,65.59761112483265],[22.39257865225722,65.59618752791128],[22.393286553721303,65.5956116263178],[22.394526289368567,65.59537058977133],[22.394753105207254,65.5946377630162],[22.398065163161025,65.59249100955005],[22.401025227888468,65.59216575072529],[22.402038141434463,65.59265748894417],[22.403758680804675,65.59257327263366],[22.40515089265021,65.5928659871546],[22.4054054445321,65.59375571044869],[22.404216796134026,65.59417477923814],[22.404369515063514,65.59470861432766],[22.405609099859497,65.59446748863853],[22.40700143444082,65.59476018494352],[22.407737184983127,65.59580678039158],[22.406876817716498,65.59584891453737],[22.406548483274207,65.59622586799442],[22.407510728626708,65.59653962299423],[22.407430158958814,65.59724362716933],[22.43748643,65.59577656000002],[22.43493057,65.58687994999998],[22.41342917,65.58793562],[22.405794789999995,65.56124411999998],[22.389271899117738,65.56205277110115],[22.388672334386868,65.56263748660788],[22.387813024990628,65.56267950205405],[22.38667618953749,65.56327637485064],[22.38692976210486,65.5641661388804],[22.385085574173875,65.56533886622297],[22.385389827438196,65.5664065865363],[22.38311567500349,65.56760029198307],[22.38225619115589,65.56764227762876],[22.382408272609837,65.56817614115033],[22.381650148307475,65.56857403256497],[22.38256036093901,65.56871000445048],[22.382005002066695,65.56981971532454],[22.379022834630117,65.5715892093647],[22.37912419586512,65.5719451208198],[22.380034515278517,65.57208110682498],[22.3794789842489,65.57319081013819],[22.37720397923759,65.57438443526166],[22.377735192951246,65.57471936867047],[22.37596506506927,65.57462532201035],[22.37520665771971,65.5750231839726],[22.37540931120787,65.57573501260036],[22.37771075732824,65.57616399821175],[22.376548617539683,65.57820543310989],[22.375410859460573,65.57880223046391],[22.372780590521852,65.57875009502693],[22.37293255600158,65.57928396919725],[22.372022016677548,65.57914794269138],[22.37212331773444,65.5795038594205],[22.368076918723148,65.58060324775408],[22.36784944746118,65.58133604103179],[22.36698948065878,65.58137794482128],[22.365851363986554,65.58197467392591],[22.365952593972313,65.58233059548022],[22.363473773200358,65.58281218460381],[22.36127312226146,65.58273891169982],[22.361374293255903,65.58309483689419],[22.35874360322025,65.58304246193414],[22.357276311060804,65.58401598404369],[22.351786810956042,65.58464382170338],[22.350167620651984,65.58508337895896],[22.349459024865183,65.58565908593357],[22.345309717406344,65.58640195018776],[22.345031076252805,65.58695674697644],[22.344170879571827,65.58699852352234],[22.341133724254043,65.58858934640715],[22.33374417091714,65.59021078187905],[22.33384500053179,65.59056672877773],[22.33212432228064,65.59065015280245],[22.331415176656012,65.59122578078669],[22.328124837565888,65.59192648243967],[22.327476192981802,65.59237491114506],[22.32992412,65.60102675],[22.34992992754389,65.60005025283562]],[[22.40709788148099,65.59204889392855],[22.40666775971358,65.59206995918365],[22.406616843148946,65.59189201504427],[22.40709788148099,65.59204889392855]],[[22.406265745478557,65.5937135853125],[22.40583559538929,65.59373464848713],[22.405784680586102,65.59355670405101],[22.406265745478557,65.5937135853125]],[[22.377256411697786,65.5776296074383],[22.377307094044635,65.57780756374633],[22.376877178457335,65.57782854241832],[22.377256411697786,65.5776296074383]],[[22.367573395920125,65.59109255317668],[22.36714325147961,65.59111350648908],[22.367092607365482,65.5909355464094],[22.367573395920125,65.59109255317668]],[[22.362766089847025,65.59565687744056],[22.363626536643977,65.59561499288102],[22.36390486061307,65.59506016506657],[22.365144856843944,65.59481936626561],[22.365549997523665,65.59624305174249],[22.36360136304044,65.59705962734961],[22.362766089847025,65.59565687744056]],[[22.36446185459581,65.59701773760729],[22.36451249499577,65.59719569860022],[22.364082246706985,65.59721664425041],[22.36446185459581,65.59701773760729]]],[[[22.33630729,65.54659182999998],[22.304424076448797,65.54813579081215],[22.305067143701457,65.54884134735111],[22.304208127248806,65.54888288547386],[22.304329909081464,65.55086150171412],[22.303091394595107,65.55110178844761],[22.302991168829735,65.5507458151453],[22.303850248982222,65.55070428330147],[22.30322025527683,65.55001310361679],[22.29940455424482,65.55037792984],[22.29952598434771,65.55235655338737],[22.30068572568834,65.55338296624048],[22.299826551207598,65.5534244810536],[22.298738142215694,65.55419869752748],[22.298208365108003,65.55386347320113],[22.296010299855716,65.55378922713645],[22.294871849574434,65.5540447775747],[22.29602592484125,65.55814497268975],[22.298680399102494,65.55708801654511],[22.29953969651075,65.55704650702802],[22.30019856113402,65.5562930422323],[22.304115376931644,65.55628415986507],[22.304444737986817,65.55590741857111],[22.30654270280334,65.55562557000513],[22.30755240067744,65.55611797079645],[22.306743299607955,65.55633751039437],[22.306843602543225,65.55669348044398],[22.305984330809643,65.55673503115835],[22.305805421097944,65.55764573195883],[22.30451646229285,65.55770804786756],[22.30461674118649,65.55806401962654],[22.303807554809044,65.55828354437405],[22.304008101601326,65.55899548887034],[22.305877251307418,65.55944635955521],[22.30739532271167,65.55865131398765],[22.31078245004958,65.55830706425971],[22.311362668220884,65.55882022524173],[22.31303112624515,65.55855907429495],[22.313561190645444,65.5588942439102],[22.31275205710323,65.55911381593373],[22.31290265504835,65.55964776359075],[22.311942909751682,65.55933338376941],[22.310224208856837,65.5594165397464],[22.308555666327617,65.55967766059506],[22.308656009520277,65.56003362904279],[22.306507557992273,65.56013752507367],[22.305748477909507,65.56053504574399],[22.30589894230526,65.56106900167394],[22.30460981450043,65.5611313200392],[22.304710110561153,65.5614872915623],[22.307768274624912,65.5615198472176],[22.308047473531687,65.56096511349392],[22.30933658319672,65.56090276604331],[22.310446919257014,65.56175111254647],[22.31332644459185,65.56269425934524],[22.31901333919273,65.56277977061329],[22.319342559362024,65.56240299831909],[22.320252249192993,65.56253934973856],[22.320051225833456,65.56182743148099],[22.322250020566727,65.56190132131302],[22.322807793221628,65.56079180613781],[22.325385903297985,65.56066685004232],[22.326473767356426,65.55989244745373],[22.327762770726554,65.55982994419554],[22.328900837741426,65.55923350172161],[22.329760147675987,65.55919182058152],[22.33041817965641,65.55843823257999],[22.331707099709835,65.55837569656765],[22.33231472724935,65.55744412605038],[22.333553256546754,65.55720360011759],[22.334919309264308,65.55587436558913],[22.335828844988338,65.55601062496137],[22.33849146446864,65.55431244391477],[22.33630729,65.54659182999998]],[[22.333022974188676,65.5568685026492],[22.33297264322849,65.55669052808892],[22.33340225273945,65.55666967702359],[22.333022974188676,65.5568685026492]],[[22.322099215443373,65.56136738500342],[22.322048948583703,65.56118940618505],[22.32247864277564,65.56116858528],[22.322099215443373,65.56136738500342]],[[22.309399508678926,65.55494615954625],[22.309070231409198,65.55532291079398],[22.308540299443333,65.55498772415058],[22.309399508678926,65.55494615954625]],[[22.299768925856352,65.55631379933808],[22.29951842005631,65.55542385990266],[22.299948040910703,65.5554031036495],[22.299768925856352,65.55631379933808]]]]}},{"type":"Feature","properties":{"cyano_daymap_file_id":4400,"date":"2021-06-19Z","cloud":null,"sub_surfac":null,"surface":null,"no_data":null,"class":1,"color_hex":null,"algae_class":"class_1","source_date":"2021-06-19"},"geometry":{"type":"MultiPolygon","coordinates":[[[[22.63672743,65.53169461],[22.623666299999996,65.48723099999998],[22.57276936916748,65.48979343698787],[22.56965772419687,65.49159137567909],[22.570293208738654,65.4922813853566],[22.56772327874635,65.49241042700561],[22.567605621888465,65.49349921475391],[22.566748936433207,65.4935422186875],[22.565619203744966,65.49414036035174],[22.56587805484221,65.4950297678609],[22.564164573664534,65.49511575241004],[22.562658083308378,65.49591324883828],[22.560191222785566,65.49639793228566],[22.559423349298225,65.49824121650828],[22.55983726159028,65.49966428787705],[22.55913557142723,65.5002409023894],[22.559667516647743,65.50057518919365],[22.558810583537106,65.50061815065438],[22.558965799355118,65.50115180319825],[22.55778383199119,65.50157200721324],[22.558315788339648,65.50190629866393],[22.556106899504822,65.50328034450938],[22.55636553624263,65.50416977054348],[22.554274601967506,65.50445500752588],[22.549782473645767,65.50395806946453],[22.54945730599863,65.5043352994567],[22.544159858158366,65.50405898681431],[22.542068789128102,65.50434405630494],[22.542275324936536,65.505055620192],[22.543767573490744,65.50570287547625],[22.542910440713232,65.50574574881414],[22.54184676807142,65.50507705313996],[22.54098965201347,65.50511991541411],[22.54124779624347,65.50600937233615],[22.540442273863285,65.50623012319751],[22.541505959871458,65.50689882862254],[22.541180637167834,65.50727604239349],[22.54032344766643,65.50731890164018],[22.541010204928533,65.50818692977388],[22.543204889730212,65.50825765264808],[22.543788457926603,65.50876988607732],[22.542554253211737,65.50901208671715],[22.54296745281781,65.51043521160565],[22.53883585040492,65.5111831919992],[22.538526104101607,65.51011583840103],[22.536863136132173,65.51037941699758],[22.53799422370326,65.50978147651607],[22.537787759361194,65.50906990603647],[22.538541772341404,65.50867127584223],[22.538438536460774,65.5083154910509],[22.537152691753217,65.50837975538896],[22.536946263701566,65.50766818339387],[22.536192253959808,65.50806680559461],[22.53566044641394,65.5077324347578],[22.532711756118754,65.50806020713911],[22.53115199083236,65.50867951194428],[22.530878063692274,65.50923460069936],[22.528837981164923,65.50969738856324],[22.528203132141655,65.50900719809141],[22.525631306918996,65.50913554307215],[22.52456792706573,65.5084667228245],[22.523333548640185,65.50870876828922],[22.522682321162442,65.50946312281344],[22.521490434479478,65.50952256325077],[22.524319459999994,65.51929341],[22.559564460222404,65.51753057225574],[22.559234590698807,65.51702040406494],[22.563144988451523,65.51700488592577],[22.563898828277424,65.51660613102756],[22.56528863774906,65.51689739821813],[22.566848050759326,65.51627774481896],[22.57199258894726,65.51601959951122],[22.571888862413207,65.51566384262102],[22.57365553493681,65.51575563470358],[22.573980481748357,65.51537835491396],[22.574889751033403,65.51551318001945],[22.575097287514385,65.51622468875591],[22.57595470018495,65.51618163001756],[22.57718891371191,65.51593915658984],[22.578267386122107,65.51516304589694],[22.57960535593324,65.51527630495008],[22.579930210228675,65.5148990133231],[22.581268172762098,65.51501225773464],[22.582021673860726,65.51461341596556],[22.58330769168429,65.51454876816923],[22.583632483428275,65.51417146923052],[22.58658116020535,65.5138427037017],[22.589217908760787,65.51244665360635],[22.59098441134648,65.51253824493148],[22.5925429423957,65.51191833561558],[22.594309418413708,65.5120098883581],[22.5942054072371,65.51165414972898],[22.59473803683557,65.51198830602318],[22.598271021959263,65.51217133922275],[22.602777512469796,65.5112222807331],[22.603478505739098,65.51064547082223],[22.604335678730425,65.51060225359821],[22.604608045259646,65.51004704808503],[22.60551727424202,65.51018168938279],[22.60524492595308,65.51073689634704],[22.606530683471235,65.51067205368317],[22.60927023469907,65.50963139648061],[22.611088717340238,65.50990061726324],[22.611777886116425,65.51076829859534],[22.608986215165793,65.51163113819472],[22.609090427481657,65.51198686457508],[22.6079088111855,65.5124074569403],[22.608169320522986,65.51329677484033],[22.61111756044012,65.51296753524157],[22.61165043129201,65.513301629454],[22.612832025121083,65.51288100807089],[22.612936295822966,65.51323673120106],[22.61507938770209,65.51312854330165],[22.615183690197586,65.5134842645546],[22.616573875941334,65.51377505634878],[22.61640605647705,65.5146860013217],[22.61822496377525,65.5149551318843],[22.618485854999967,65.51584442807695],[22.617252050759113,65.5160872343801],[22.616551227113582,65.51666410642802],[22.617136418838115,65.51717603969507],[22.619760681181486,65.51722399402311],[22.620084971130012,65.51684662198319],[22.622123909281147,65.51638261480193],[22.621423187350427,65.5169595083858],[22.620565839924176,65.51700282430684],[22.620722434944046,65.51753639903819],[22.6199172613548,65.51775756974219],[22.618944325148224,65.51888968338956],[22.61915309412313,65.51960111882903],[22.6173225825023,65.52077652745136],[22.617102573962175,65.52150961374173],[22.61242687629245,65.52337005421435],[22.609529622513875,65.52387719392772],[22.608776291423332,65.52427617104445],[22.60893269819627,65.52480975994229],[22.60742594214501,65.52560770544561],[22.599330125616,65.52619615489515],[22.5978229917989,65.52699400859657],[22.596965267671216,65.52703719455197],[22.596315766152422,65.52779184822388],[22.59545801280321,65.52783502593097],[22.59491254953875,65.52894541110601],[22.594106801354698,65.529166450253],[22.592374295073856,65.52886915359392],[22.59383355,65.53385906],[22.63672743,65.53169461]],[[22.558377117249382,65.5170633686011],[22.558273571149915,65.5167076005301],[22.55870230252727,65.51668611921824],[22.559234590698807,65.51702040406494],[22.558377117249382,65.5170633686011]],[[22.62368700188573,65.50096145936196],[22.625400628785936,65.50087479829415],[22.624230718381906,65.49985098871903],[22.626801041571525,65.49972098179347],[22.626633641369285,65.50063193369105],[22.62577683991651,65.50067527352148],[22.62630963481315,65.50100931680763],[22.624648189349138,65.50127384520788],[22.622390733624957,65.50247096489356],[22.620624827341256,65.50237973444297],[22.620896769599437,65.50182450400169],[22.623362948470138,65.50133883664483],[22.62368700188573,65.50096145936196]],[[22.62602697920883,65.50300907628038],[22.62645541832789,65.50298740586628],[22.62650762215672,65.50316526201921],[22.62602697920883,65.50300907628038]],[[22.622484054792338,65.50427120289368],[22.62371725480093,65.5040283601475],[22.623612881739213,65.50367264553685],[22.626079180174557,65.50318693261089],[22.626235787777354,65.50372050144709],[22.624950431356513,65.5037855075809],[22.62425009486612,65.50436241023714],[22.62301688446042,65.50460525743925],[22.622484054792338,65.50427120289368]],[[22.60294518644382,65.52962385437387],[22.603049403172385,65.5299795849146],[22.603907211818473,65.52993636358468],[22.6041156776427,65.53064782293848],[22.601425854985624,65.53186627711335],[22.600788524086337,65.53117641729017],[22.60294518644382,65.52962385437387]],[[22.580313336762472,65.49087540692422],[22.579716045702064,65.4918078610977],[22.57885943973046,65.49185093288325],[22.57815837555743,65.49242762925017],[22.576873430331116,65.49249222223166],[22.576717911173603,65.49195859123753],[22.580313336762472,65.49087540692422]],[[22.57521467699256,65.51513589779125],[22.575487709036373,65.51458073796145],[22.576072053692837,65.51509283875605],[22.57521467699256,65.51513589779125]],[[22.57538394180513,65.51422498388932],[22.57581261542889,65.51420345465053],[22.575916388394564,65.51455920836963],[22.57538394180513,65.51422498388932]],[[22.570721527681478,65.49225987419288],[22.570825126207545,65.49261563315184],[22.570396801540635,65.49263714466807],[22.570721527681478,65.49225987419288]],[[22.562664453355403,65.5168484976088],[22.562235723248616,65.51686999014304],[22.562183923995608,65.51669210770602],[22.562664453355403,65.5168484976088]],[[22.5359384235074,65.51168892322141],[22.535509751565026,65.51171033937558],[22.535458146629665,65.51153244581856],[22.5359384235074,65.51168892322141]],[[22.52901183007855,65.51329810744473],[22.529988514169276,65.51216653529491],[22.532080348103797,65.5118816251328],[22.531326144326226,65.51228022504408],[22.53185799343913,65.5126146107119],[22.534807207607216,65.51228684963306],[22.534104633114108,65.51286335693818],[22.53436263534034,65.5137528270921],[22.53227067917485,65.5140377700817],[22.52901183007855,65.51329810744473]],[[22.530984534505347,65.51410198500906],[22.530555818064624,65.5141233875692],[22.53050424110671,65.51394549203478],[22.530984534505347,65.51410198500906]],[[22.528941092913183,65.51005318117527],[22.52914732570918,65.51076476609498],[22.52818689145759,65.51045176539812],[22.52647224955191,65.51053733433103],[22.528941092913183,65.51005318117527]]],[[[22.521324607298492,65.50894983177113],[22.521996133481565,65.5085950056344],[22.52179011610084,65.50788340877476],[22.52102685790307,65.50792146928686],[22.521324607298492,65.50894983177113]]],[[[22.531310085556935,65.51372479084884],[22.53125850441321,65.51354689561465],[22.53082979735275,65.51356829885611],[22.531310085556935,65.51372479084884]]],[[[22.529920809142105,65.51343320592963],[22.53034951488502,65.51341180527922],[22.53029794102842,65.5132339096433],[22.529920809142105,65.51343320592963]]],[[[22.53040108951692,65.51358970088978],[22.530778219852632,65.51339040342104],[22.53034951488502,65.51341180527922],[22.53040108951692,65.51358970088978]]]]}},{"type":"Feature","properties":{"cyano_daymap_file_id":4400,"date":"2021-06-19Z","cloud":null,"sub_surfac":null,"surface":null,"no_data":null,"class":1,"color_hex":null,"algae_class":"class_1","source_date":"2021-06-19"},"geometry":{"type":"MultiPolygon","coordinates":[[[[22.65772769,65.60283302],[22.662997559999997,65.62061695999999],[22.619959619999996,65.62279032],[22.62258308,65.63168309],[22.57952276,65.63384519999998],[22.582133710000004,65.6427388],[22.560593349999998,65.64381574],[22.565806680000005,65.66160363],[22.58736154,65.66052578999998],[22.589978419999998,65.66941918999999],[22.6135590193039,65.66823310658168],[22.612637470576786,65.66793551701565],[22.608756859815593,65.66813040593891],[22.60709600800005,65.66695032526145],[22.605161521107682,65.66632544693127],[22.604468119219327,65.66545777769058],[22.602586240304387,65.66501072640023],[22.601945388594885,65.66432090671628],[22.602597914187477,65.66356619744984],[22.600506549449737,65.6624076687565],[22.597110147982225,65.66275849089557],[22.596574269876267,65.66242437572954],[22.598898850227652,65.66140535419804],[22.598689260410723,65.66069389850945],[22.5971341237034,65.65986942756122],[22.599784697643834,65.65847305126677],[22.605388034788593,65.65819186445663],[22.607007218565386,65.65774958297324],[22.607921692521145,65.65788415644828],[22.60991935135755,65.65724233932612],[22.613798323385826,65.65704743730232],[22.61617424356131,65.65620602082403],[22.619622033847698,65.65603263931654],[22.622102754028507,65.65554684343509],[22.623017222538216,65.65568132604957],[22.624204986429266,65.65526055232621],[22.626086503699405,65.65570733936704],[22.626191648282653,65.65606304475999],[22.627053575696703,65.65601965006088],[22.629902330249784,65.6567786926789],[22.63162621447873,65.65669185596035],[22.632162414669427,65.65702584412445],[22.634695613835845,65.65671769404992],[22.635662824966843,65.65702994849808],[22.635873392748547,65.65774134312174],[22.637807943759476,65.65836582955016],[22.63866992423589,65.65832236836991],[22.639258917932136,65.65883417758026],[22.64012091103766,65.65879070803489],[22.640657264215214,65.65912466465048],[22.641078727334676,65.66054743645022],[22.642046159028705,65.66085964800583],[22.641394858114744,65.66161451420291],[22.637137066764012,65.66200970209643],[22.63459349470223,65.66376241097443],[22.63475144673151,65.66429595784196],[22.635666288481485,65.66443036049544],[22.636308033887477,65.66512002875375],[22.63717024181216,65.66507657377859],[22.638295837336372,65.66592235128292],[22.637651876729805,65.66702125703006],[22.654652909999996,65.66616611999999],[22.65201427,65.65727405999999],[22.67356119,65.65618407000001],[22.67091729,65.64729239],[22.692454979999997,65.64619982],[22.68980584,65.63730852],[22.73286073,65.63511517],[22.73552434,65.64400556],[22.75705601,65.64290388],[22.75972888,65.65179376],[22.73818997,65.65289589],[22.740857609999996,65.66178614999998],[22.761521306290994,65.66072871816677],[22.763425164293796,65.65992289736275],[22.761917960895218,65.65927798864787],[22.761757431353807,65.65874460150457],[22.76456052505667,65.6578787764689],[22.76671558776367,65.65776828158093],[22.768549316783655,65.65659099921116],[22.76941129333185,65.65654678278092],[22.76930418372871,65.65619119759373],[22.77210674495032,65.65532523875905],[22.77356269309906,65.6543478076992],[22.77485552951528,65.65428143985058],[22.775125706503697,65.65372594428855],[22.77744328497684,65.65270422584173],[22.779975144823656,65.65239362688253],[22.787461462102335,65.65255045040416],[22.788484294552287,65.6530394821999],[22.787459916373773,65.65399489025107],[22.78724367591281,65.65472819009348],[22.78778196834869,65.65506159961572],[22.789452048604883,65.65479516127755],[22.78977560473311,65.65441742695226],[22.791068394607297,65.65435092151215],[22.792900764861574,65.6531733591953],[22.795325021244064,65.65250694075088],[22.79758695651958,65.65275157691364],[22.798663732157284,65.65341831869645],[22.798447814027696,65.65415163114409],[22.79650815748259,65.65497369629848],[22.79704657260583,65.65530707169705],[22.796184694059736,65.65535144401441],[22.795053055860723,65.65595133861417],[22.795968692647556,65.65608475381676],[22.795214248876405,65.65648468360658],[22.796128857322188,65.6580625324803],[22.795320622405505,65.65828468210556],[22.794727309791593,65.6592179548552],[22.792787162009883,65.66003997760691],[22.79289461256092,65.66039554269523],[22.79133164421533,65.6610175886246],[22.79143907969779,65.66137315490333],[22.78831288062844,65.66261720343762],[22.7884202827191,65.66297277220458],[22.79186885409114,65.66279541893866],[22.793485648627286,65.66235114875089],[22.79370059518684,65.66306227741572],[22.791867588664076,65.66423985611904],[22.791005402689237,65.66428420221752],[22.79051925266689,65.66557302794575],[22.789764455085688,65.66597293436074],[22.790410470119593,65.6666618990541],[22.78742729848178,65.66842628932022],[22.80600219267262,65.66747026927989],[22.806684875430392,65.66690741579812],[22.808355505809423,65.66664076376625],[22.809864529197505,65.66584076832406],[22.81363663573441,65.66528514303488],[22.815845878818337,65.66390729704489],[22.817516216666178,65.66364054728035],[22.818486145588547,65.66395159459672],[22.81875570741408,65.66484045198926],[22.81789355694598,65.6648849503841],[22.81762420127364,65.66544051351683],[22.81643874146469,65.66586279479868],[22.816600448378743,65.66639611179808],[22.81751656147536,65.66652939210798],[22.81728831924158,65.66688805719309],[22.82972869,65.66624595],[22.83242936,65.67513425999996],[22.847485581837034,65.67435488599212],[22.899084110152522,65.60688000135384],[22.896847559999994,65.59955985999999],[22.875358959999993,65.60068091999999],[22.878067019999996,65.60956832],[22.856569180000005,65.61068682],[22.84847269999999,65.58402302999998],[22.826994419999988,65.58513711999998],[22.824306849999996,65.5762486],[22.867246999999995,65.57401830999999],[22.864547079999994,65.56513062999998],[22.907464739999998,65.56288916999999],[22.914679966009444,65.58648545505308],[22.9458145502411,65.54577106749448],[22.94492314,65.54286375],[22.923483749999995,65.54399110999998],[22.92076843,65.53510461],[22.899334149999998,65.53622849],[22.896628030000002,65.52734146],[22.91805515,65.52621804],[22.91534391,65.5173314],[22.89392394,65.51845436000002],[22.891221880000003,65.50956719],[22.95545424,65.50619066],[22.9527328,65.4973048],[22.984150404286954,65.49563965069441],[22.992397135344277,65.48485548213573],[22.98460756,65.45949925],[22.920494290000004,65.46288691],[22.91238791,65.43622672],[22.86967823,65.43846738],[22.86699434,65.4295796],[22.824290810000004,65.43180734],[22.829632179999994,65.44958465999999],[22.87236412,65.4473551],[22.87774195,65.46513031999999],[22.85636276,65.46624752],[22.85904757999999,65.47513549],[22.880433899999996,65.47401782999998],[22.883127859999995,65.48290527999998],[22.925908669999995,65.48066002999998],[22.92861891,65.48954648000002],[22.843020669999998,65.49402677999997],[22.848390149999997,65.51180314999999],[22.826971259999997,65.51291660999999],[22.821616069999997,65.49513931999999],[22.778800839999995,65.49735538],[22.78679374,65.52402393],[22.765361670000004,65.52512879],[22.768022819999995,65.53401863],[22.746581579999994,65.53512092999999],[22.750116588123042,65.54694900285178],[22.75180837224826,65.54696203220621],[22.75277310028686,65.54727355252159],[22.752666758629164,65.54691794811687],[22.75352514180815,65.54687385919117],[22.75336561809328,65.54634045346926],[22.7554583316353,65.54605241165318],[22.755298774454154,65.54551900832439],[22.756103916360722,65.54529710420337],[22.755462013753792,65.54460795209198],[22.755678426214452,65.5438746968339],[22.759593856344953,65.54385398609286],[22.76007620383154,65.54400972236517],[22.759913128965973,65.54492078184911],[22.761952423523756,65.54445485313117],[22.762275106861093,65.54407718704338],[22.765814672581303,65.54425618254119],[22.76661968290297,65.54403422384142],[22.766513168446462,65.54367863099645],[22.772520839353685,65.54336936699715],[22.77316315701198,65.54405844235603],[22.77192907463502,65.54430253311376],[22.772088962869525,65.54483591541658],[22.770801544355123,65.54490220331563],[22.77020968599919,65.5458353637047],[22.76935137106555,65.54587954656989],[22.76902877064853,65.54625722688941],[22.771387768221917,65.54685794234659],[22.774338637368768,65.54652544664489],[22.77423200541055,65.54616986045569],[22.776001958268832,65.54625922690533],[22.77541282999016,65.54574795761093],[22.777236092128312,65.54601510237971],[22.77712942319206,65.54565951862236],[22.778363517788048,65.54541538531335],[22.777827700367055,65.54508191712631],[22.783084024773693,65.54517204047066],[22.783353032817608,65.54461654320751],[22.782494784876118,65.544660799932],[22.782388050946363,65.5443052205705],[22.78319291590789,65.54408317521404],[22.783032806223044,65.5435498069791],[22.782121230168876,65.54341627169724],[22.781907787994008,65.54270511211581],[22.784215462038695,65.5416833947823],[22.784484414259015,65.54112789611811],[22.7857182237284,65.54088370582188],[22.78561146452082,65.54052812901747],[22.784753355686153,65.540572397093],[22.784968913198163,65.53983910900244],[22.784433131754174,65.53950566385724],[22.78362841704311,65.53972771422333],[22.783521692022735,65.53937213559105],[22.78379063824925,65.53881663824],[22.785131087821753,65.53892803206912],[22.784544049031187,65.53697235506908],[22.78534867183201,65.53675030080463],[22.785564187419666,65.53601701234253],[22.78669099807659,65.53541723975266],[22.787548933439425,65.5353729625097],[22.786799722183513,65.53432837379306],[22.78797981122442,65.53390638065342],[22.787177258124515,65.53268400585463],[22.78631941038498,65.53272828006791],[22.78578376391529,65.53239483832087],[22.78610798561419,65.53057268406153],[22.788629825687206,65.52881762423821],[22.791096185875322,65.52832917927316],[22.790989415399682,65.5279736064427],[22.79184709734058,65.52792930748566],[22.79372427569868,65.5269296127675],[22.793617476342142,65.52657404210342],[22.792331024447645,65.52664050302951],[22.792010697213243,65.52557378712334],[22.792921689827324,65.52570726891452],[22.79479867106204,65.52470756296066],[22.7960850201388,65.52464108212385],[22.79930152013526,65.52375261493567],[22.800482188942134,65.52188609700582],[22.801768381561427,65.5218195694657],[22.801608057295823,65.52128622332395],[22.80235860755773,65.52088630318259],[22.806163528965836,65.520508861662],[22.806752652332914,65.52102001104953],[22.80750311457418,65.5206200662976],[22.808414005982204,65.52075345580032],[22.808574465292203,65.52128679329383],[22.80702003528206,65.52190891024081],[22.807126106668637,65.52370890032712],[22.8061072234207,65.52466437506547],[22.8063211466441,65.52537549522715],[22.803425488975375,65.52733079874261],[22.801603298137255,65.52706395840514],[22.800960681812345,65.52637500714502],[22.798816645276826,65.52648587287528],[22.79736994092843,65.52601902661004],[22.796512333056306,65.52606335611272],[22.79581496037081,65.52664103417717],[22.79677942972312,65.52695227648181],[22.795062606157376,65.52848536210666],[22.79785078095588,65.5276190795195],[22.799137264096554,65.52755257130151],[22.79897562729872,65.52846365743925],[22.80020870037226,65.52821935674287],[22.8030490391946,65.52897519564827],[22.803209449915393,65.5295085394077],[22.801654409202712,65.53013060768934],[22.802136740737904,65.53028620997398],[22.801868265208448,65.53084173491148],[22.80111742948184,65.53124165567846],[22.8001527478164,65.53093044326023],[22.79907988994078,65.53170809372146],[22.797417741869193,65.53197455478843],[22.797686323105538,65.53141903663285],[22.798866101328308,65.53099696183922],[22.79790283092561,65.52924129887636],[22.7958653855541,65.52970769260465],[22.794900822641885,65.52939644544195],[22.7946871707218,65.52868530623812],[22.793829469763292,65.5287296215047],[22.792863309021246,65.52986279944012],[22.793398990569095,65.53019621573071],[22.792165757638976,65.53044046258216],[22.79232595686471,65.53097382011435],[22.79318373464238,65.53092951256669],[22.792915061205395,65.5314850236899],[22.793826266929752,65.53161849780123],[22.793986508813934,65.53215185313414],[22.793075283481574,65.53201838019345],[22.79323551298426,65.5325517364551],[22.7919470700723,65.53406263642053],[22.79414518494362,65.53412964614078],[22.794627548629485,65.53428527204633],[22.794305451958415,65.53466300088968],[22.795270207086258,65.53497424985079],[22.79639674586748,65.5343744078227],[22.797254627059733,65.53433007609505],[22.79634330919383,65.534196623815],[22.795647213276045,65.53332986633446],[22.798596219542304,65.5329969171585],[22.798918234217773,65.53261918004878],[22.7997760525498,65.53257483468082],[22.79956096132694,65.53330813888219],[22.79746979017228,65.53359677440805],[22.79805905689388,65.53410795625446],[22.800954650397898,65.53359717741682],[22.804010585025818,65.53361968681713],[22.80411756077645,65.53397524831347],[22.805028907823473,65.53410865344009],[22.809104060252796,65.53317558879665],[22.81344665632438,65.53313130168134],[22.813767971616713,65.53419796181917],[22.81242710669521,65.5355312476718],[22.812587757718433,65.53606457899497],[22.810388787991126,65.53744226786952],[22.810817133605248,65.53886449077383],[22.81274736680323,65.5394867642923],[22.8136584835215,65.54106454148467],[22.812478505777953,65.54148673383072],[22.811244339573932,65.5431755678022],[22.810010675185303,65.54341996476114],[22.809742250295816,65.54397550324248],[22.807650350253486,65.54426428725175],[22.807757428305386,65.54461984514926],[22.806952764800467,65.54484201906226],[22.80191047723152,65.54546385039893],[22.800677784824646,65.54426373935908],[22.803413918452634,65.54321955682875],[22.803253401781408,65.54268621429961],[22.80196618511009,65.54275276526455],[22.80175220857318,65.54204163933183],[22.800947570240513,65.54226378103127],[22.800840596665235,65.54190821722949],[22.79805102210172,65.54277456981912],[22.797782346257712,65.54333008970247],[22.796924170209387,65.54337442752629],[22.79622636611415,65.54395211215957],[22.794616861338536,65.54439633489919],[22.792793547999175,65.54412940013584],[22.792042198837635,65.54452928130674],[22.792202499982327,65.54506263800008],[22.787266593168248,65.54603955741814],[22.78742680786866,65.54657292008748],[22.786568503903055,65.54661720051025],[22.785118840781188,65.54759468954306],[22.783886808035703,65.5463944347749],[22.7812051553388,65.5461716210567],[22.780560286128757,65.54692702807799],[22.783617795377214,65.54694993304841],[22.78275947120361,65.54699419207489],[22.782543804189096,65.54772747823296],[22.78125627504467,65.54779385625747],[22.781416379846778,65.548327226453],[22.78066473490719,65.5487270542358],[22.778625460692517,65.54919323497437],[22.777927096614626,65.5497708410926],[22.776639452420227,65.54983718103682],[22.776746135299497,65.55019276501268],[22.773794886415338,65.55052531165431],[22.77304306047253,65.5509251034787],[22.769985079862092,65.55090198973886],[22.769769025723974,65.55163526176132],[22.76853455446239,65.55187932892152],[22.768425035957318,65.55296819027338],[22.766654645577873,65.55287873975064],[22.766761207320794,65.55323433204221],[22.7638094759519,65.55356668898847],[22.763916002288788,65.55392228365602],[22.76171626212036,65.55385485156025],[22.76182276133271,65.55421044798557],[22.760588090703102,65.55445445240977],[22.760801067473032,65.55516564700602],[22.759566341918966,65.55540964367084],[22.759726059454376,65.55594304088709],[22.75886739037288,65.55598716798086],[22.75876092270792,65.55563156913918],[22.75784903502854,65.55549789084766],[22.756614264708425,65.55574186389616],[22.756078500722612,65.55540831809834],[22.75495013145377,65.55600787899301],[22.754091450485713,65.55605197911434],[22.75301998680486,65.55538486708969],[22.75130265482107,65.55547304024616],[22.750660610589147,65.5547838691595],[22.749801961176956,65.5548279446144],[22.7499083026999,65.55518355106703],[22.749372635269765,65.55484998052754],[22.748084652744254,65.55491608100962],[22.74872663281875,65.55560526369365],[22.743145152943537,65.55589159844332],[22.74233957356399,65.55611343818533],[22.742445819634696,65.55646905087877],[22.74110462113268,65.55635728658994],[22.73745271332139,65.55726658124358],[22.73600532920557,65.55679915493731],[22.7351465835544,65.55684314824633],[22.735310577515303,65.55593210581631],[22.734451859006438,65.55597609490077],[22.73386330644507,65.55546465785697],[22.733004600384803,65.55550863860033],[22.732203886202537,65.55428595297182],[22.73253962238252,65.55389373190955],[22.73043794,65.55400149],[22.72513834,65.53622021],[22.70369312,65.53731648],[22.711623970000005,65.56398964],[22.733090739999998,65.56289203],[22.735745530000003,65.57178250000001],[22.69279562,65.5739756],[22.69543802,65.58286691],[22.67395288,65.58395937],[22.679229229999997,65.60174268],[22.65772769,65.60283302]],[[22.75721748,65.57068141],[22.75988146,65.57957136999998],[22.73840231999999,65.58067291],[22.735745530000003,65.57178250000001],[22.75721748,65.57068141]],[[22.78135861,65.5784668],[22.78403179,65.58735624],[22.762547449999996,65.58846124999998],[22.75988146,65.57957136999998],[22.78135861,65.5784668]],[[22.743721899999997,65.59845351999999],[22.74383925733733,65.59884533740045],[22.747264506727873,65.59882746099915],[22.751024631695888,65.5997179375618],[22.751827758797194,65.6009404991058],[22.7480102406231,65.6013167044261],[22.744353651373856,65.6005627292464],[22.746384699999997,65.60734373],[22.68187039,65.61063424000001],[22.679229229999997,65.60174268],[22.743721899999997,65.59845351999999]],[[22.827739653616135,65.63386240724091],[22.827632489883403,65.6349512875515],[22.825425748094528,65.63488485485897],[22.825801902000737,65.63324040299995],[22.827093526595448,65.6331736029147],[22.827739653616135,65.63386240724091]],[[22.822572294375163,65.6312407254844],[22.820796391533957,65.63115196604971],[22.82047334141655,65.63008533756802],[22.82128048711853,65.62986306547191],[22.821495596248415,65.62912972924843],[22.822787029854346,65.62906296782369],[22.825800860003202,65.63035156682396],[22.825908614355193,65.6307071052041],[22.825101484014965,65.63092940176946],[22.825855258895658,65.63197375409239],[22.823702640189822,65.63208506295804],[22.82354104482849,65.63155175262197],[22.822411059204832,65.63215183371675],[22.822572294375163,65.6312407254844]],[[22.815522742275878,65.62673006355358],[22.81627602771109,65.62633004506503],[22.816060829566652,65.62561895136106],[22.817298299367923,65.62537446490997],[22.817621104491078,65.62499667922545],[22.819826989357836,65.62506323436784],[22.821441226396693,65.62606311675711],[22.824938486508973,65.62606283720524],[22.825046207627516,65.62641837652258],[22.82230239004168,65.62746303193016],[22.82246392933398,65.62799634413891],[22.820795922075543,65.62826312396764],[22.820580580953948,65.62755203814937],[22.81799784293907,65.62768551108319],[22.81826684732955,65.62712995123476],[22.815522742275878,65.62673006355358]],[[22.821442579518827,65.63328522008311],[22.822572635869715,65.63268514545587],[22.82321863084198,65.6333739704073],[22.822895811144196,65.63375176820132],[22.821442579518827,65.63328522008311]],[[22.822519119009293,65.63395179488698],[22.82208856067031,65.63397404999658],[22.822034701060833,65.63379627926791],[22.822519119009293,65.63395179488698]],[[22.822034385768553,65.63235185899939],[22.8220882417666,65.63252962976212],[22.8216577065512,65.63255188340749],[22.822034385768553,65.63235185899939]],[[22.818966404684325,65.62799656938483],[22.8190202288139,65.6281743415576],[22.81858976259136,65.62819658577554],[22.818966404684325,65.62799656938483]],[[22.81159354835869,65.63397448312652],[22.810140501026282,65.63350782482661],[22.80540610668562,65.62941888866114],[22.805299273373045,65.62761890271508],[22.80793632211872,65.62621899363192],[22.809281405944365,65.62633012508927],[22.809442669531457,65.62686345401805],[22.81164869987672,65.62693012659865],[22.81224047760689,65.62744122753914],[22.81369321458144,65.62790786891782],[22.814554146751348,65.62786340705654],[22.814338848835526,65.62859673538512],[22.815630278108422,65.62853003493984],[22.815145921133787,65.62981892017874],[22.81433872215484,65.63004116018533],[22.81444631811388,65.63039670835066],[22.815845453061446,65.63068555302006],[22.81563017323509,65.63141888302202],[22.81654503337483,65.63155218214192],[22.816975587642297,65.6329743663502],[22.816383585011888,65.63390770974857],[22.817083276806326,65.6347743352668],[22.815468595623237,65.63521883458249],[22.813800189174952,65.6340411180707],[22.81159354835869,65.63397448312652]],[[22.813993640177465,65.50313168118892],[22.81351175283059,65.50297611209542],[22.813940160945588,65.5029539039303],[22.813993640177465,65.50313168118892]],[[22.814154647924592,65.50222058598246],[22.815011437265266,65.50217616507676],[22.814796974764494,65.50290948398141],[22.813940160945588,65.5029539039303],[22.814154647924592,65.50222058598246]],[[22.810018924669293,65.52608681981688],[22.809161340520134,65.52613122081365],[22.808625547333367,65.5257978615627],[22.80921560729706,65.52486457021178],[22.811627674438586,65.52419801998457],[22.812324629575777,65.52362027342694],[22.812485190031378,65.52415360572344],[22.811681190470836,65.52437579772685],[22.810018924669293,65.52608681981688]],[[22.811735336149123,65.52310914752972],[22.812485778579827,65.52270917824117],[22.81307507702651,65.52322030115742],[22.812324629575777,65.52362027342694],[22.811735336149123,65.52310914752972]],[[22.762289011739078,65.56158845271251],[22.76169978413784,65.56107713097066],[22.764222984033466,65.56076688488282],[22.764385973168494,65.55985582147446],[22.76572744063833,65.55996737664353],[22.76927206494015,65.55870181687958],[22.76873607791091,65.5583683182138],[22.76879228689076,65.55710166145136],[22.769650972391275,65.55705747787655],[22.771531056247063,65.55605802794389],[22.774053645194044,65.55574762438836],[22.775450822183142,65.55459243990353],[22.776685352357347,65.55434831569855],[22.776954580831834,65.55379282744157],[22.784630137951332,65.55177236462268],[22.7849525732364,65.55139465275107],[22.786240268791467,65.55132824152551],[22.786562675359363,65.55095052652628],[22.787903764086106,65.55106188910281],[22.787796924789763,65.55070631463315],[22.793216336513932,65.54988499630754],[22.793538624207166,65.54950726770078],[22.795738049902667,65.54957424052989],[22.795201924452876,65.54924083710036],[22.79606029705499,65.54919650697924],[22.79707910159949,65.54968552217385],[22.799332043529763,65.54993022571176],[22.800404441979612,65.5505969998606],[22.802228285490944,65.55086383734805],[22.808612733623793,65.55035316312885],[22.811992134848484,65.55144215931021],[22.81242084547923,65.55286437411398],[22.810596170794472,65.55404209010828],[22.811077890853465,65.5570865142388],[22.810433646297934,65.55784204206334],[22.807696298965695,65.55888636450109],[22.807105486455377,65.55981965827928],[22.805924566199472,65.5602418095153],[22.80474271684258,65.56210838333256],[22.801790515818592,65.56244148601938],[22.800662926830714,65.56304137947336],[22.799051140793566,65.56493009551356],[22.799587650845794,65.56526348134098],[22.799586489052473,65.56670791562838],[22.794967871859917,65.56875181892622],[22.79400037941574,65.56988501870941],[22.78927551882653,65.57012874976847],[22.78873903460446,65.56979532710623],[22.785571935520842,65.56941697825982],[22.784875180516913,65.56855017770727],[22.781708285713,65.56817174591153],[22.780689018021082,65.56768263195755],[22.77864827703291,65.5681488284683],[22.77225881134651,65.56865829082061],[22.770863520884014,65.56836900447583],[22.764044286332695,65.56890022044963],[22.763508146908997,65.56856670481947],[22.76264906960394,65.56861085763529],[22.762059667316752,65.56809953907248],[22.76281214652344,65.56769979491868],[22.76227604836496,65.56736627450027],[22.763028503623485,65.56696652952438],[22.762492418437777,65.56663300973985],[22.762762063211923,65.56607754231352],[22.760241683010406,65.56494331303362],[22.760940832446614,65.56436578024937],[22.76072776114212,65.56365458675641],[22.75863715236111,65.56249825802227],[22.762289011739078,65.56158845271251]],[[22.80814424936664,65.65004095296995],[22.81035225679521,65.65010762389177],[22.810513720412505,65.65064094977693],[22.808682336987086,65.65181871438648],[22.805342943479445,65.65235198782278],[22.80814424936664,65.65004095296995]],[[22.8050267973564,65.63539659322001],[22.803734993937777,65.6354632072792],[22.80341257972161,65.6343965358203],[22.804166271633445,65.63399657321398],[22.805027425216743,65.63395216312233],[22.805726741448225,65.63481884491051],[22.8050267973564,65.63539659322001]],[[22.80539896178528,65.64675204660958],[22.804698703801648,65.64732979675986],[22.803837105847645,65.64737420960726],[22.802867980750808,65.64706306046801],[22.802706700999302,65.64652972457158],[22.80442984227062,65.6464409073884],[22.80539896178528,65.64675204660958]],[[22.80238342688466,65.64690748348818],[22.80243718471917,65.64708526227595],[22.802006387875238,65.64710746286953],[22.80238342688466,65.64690748348818]],[[22.799761237340316,65.54990804946591],[22.8009953073016,65.54966373180892],[22.8011023213819,65.55001929511359],[22.799761237340316,65.54990804946591]],[[22.798489323845487,65.5326413509208],[22.798435877202373,65.53246356776157],[22.798864784708115,65.53244139707134],[22.798489323845487,65.5326413509208]],[[22.793782298370672,65.63001802316269],[22.796687475388353,65.63095164867967],[22.79652532915137,65.6318627387959],[22.79415667032355,65.63270693884878],[22.792811310429393,65.63259567611705],[22.792219787551435,65.63208449670897],[22.792544375835906,65.63026232244505],[22.793782298370672,65.63001802316269]],[[22.79591437025868,65.53421878768498],[22.79548543051953,65.53424095034684],[22.795432000383336,65.53406316594881],[22.79591437025868,65.53421878768498]],[[22.79521828787157,65.5333520280877],[22.79516486175179,65.53317424355518],[22.79559378428945,65.53315208198363],[22.79521828787157,65.5333520280877]],[[22.793774457186263,65.52999627446562],[22.794203328932017,65.52997411737243],[22.794256740596232,65.53015190238888],[22.793774457186263,65.52999627446562]],[[22.794256740596232,65.53015190238888],[22.794739029737777,65.53030752871403],[22.794310153063392,65.53032968737845],[22.794256740596232,65.53015190238888]],[[22.794735938410287,65.5331964039187],[22.794307014265005,65.53321856307416],[22.794253594682054,65.53304077815137],[22.794735938410287,65.5331964039187]],[[22.794467277832833,65.53375191768123],[22.794038344283088,65.53377407617376],[22.79398492515758,65.53359629114993],[22.794467277832833,65.53375191768123]],[[22.7944169804066,65.53068525727693],[22.7939880971963,65.53070741509678],[22.793934685989406,65.53052962997933],[22.7944169804066,65.53068525727693]],[[22.79360940992959,65.53379623345823],[22.79318047477237,65.5338183895346],[22.793127061380797,65.5336406041474],[22.79360940992959,65.53379623345823]],[[22.793130328365095,65.53075172711279],[22.792701442744267,65.53077388130895],[22.792648040136093,65.53059609564652],[22.793130328365095,65.53075172711279]],[[22.78367965065653,65.54134994727434],[22.783626283390902,65.5411721580316],[22.784055349226588,65.54115002767912],[22.78367965065653,65.54134994727434]],[[22.782287931674787,65.5396163074521],[22.781429846021943,65.53966055643077],[22.78132315129323,65.53930497593022],[22.782287931674787,65.5396163074521]],[[22.78212565445623,65.54052738242054],[22.781696596884103,65.5405495072129],[22.781643245106988,65.54037171711012],[22.78212565445623,65.54052738242054]],[[22.781320888219497,65.54074942105416],[22.781374238732347,65.54092721128477],[22.78094517381626,65.54094933402297],[22.781320888219497,65.54074942105416]],[[22.78110749419144,65.54003825986358],[22.78067844362018,65.54006038169456],[22.780625099987752,65.53988259114844],[22.78110749419144,65.54003825986358]],[[22.776009593080737,65.54192588269919],[22.77584964622256,65.54139250517429],[22.778104123334458,65.54019308730156],[22.779767002174484,65.53992683082198],[22.77987367876603,65.54028241261311],[22.78073178805484,65.54023817221386],[22.780356076179828,65.54043808369168],[22.78089182617245,65.54077154361087],[22.779764654730307,65.54137127681838],[22.7789065061957,65.54141551214326],[22.779066515716334,65.54194888577908],[22.77692108729206,65.54205945566143],[22.77681444216989,65.54170387145061],[22.776009593080737,65.54192588269919]],[[22.77739856348725,65.54510403056022],[22.77734522975902,65.54492623874233],[22.777774363768675,65.54490412548981],[22.77739856348725,65.54510403056022]],[[22.77621780067258,65.54552594825272],[22.77664694570136,65.54550383808252],[22.776700276095767,65.54568163018278],[22.77621780067258,65.54552594825272]],[[22.77502077495031,65.65192591692757],[22.774750612148946,65.65248141214386],[22.775288697786173,65.65281486808671],[22.771948444619326,65.65334741569241],[22.7713568297047,65.65283615577252],[22.77248889605985,65.65223643344613],[22.77502077495031,65.65192591692757]],[[22.774964946924335,65.6531925735307],[22.775018532641436,65.65337036381017],[22.77458760327345,65.65339248794588],[22.774964946924335,65.6531925735307]],[[22.773592281024595,65.54403634107071],[22.773645586979814,65.54421413450008],[22.773216460097125,65.54423623596671],[22.773592281024595,65.54403634107071]],[[22.754244739189907,65.60171923482318],[22.754084795026493,65.6011858338876],[22.755108448367835,65.60023065929462],[22.75478855393278,65.59916385916316],[22.75597206330122,65.59874207984824],[22.757638899758348,65.59847602523752],[22.758605648496776,65.59878748752081],[22.762152680707597,65.59896649112235],[22.763816422417275,65.6001448231054],[22.765106595067603,65.6000785658877],[22.76499982449184,65.5997229744011],[22.765859924030085,65.59967879758874],[22.766989874212488,65.59907913857236],[22.769140053625694,65.59896865987635],[22.769353703688285,65.59967983580232],[22.767900538646806,65.60065719702386],[22.76440662536768,65.60065612669611],[22.76101623692275,65.60245502631305],[22.75848897068438,65.6027652613721],[22.754244739189907,65.60171923482318]],[[22.76578686235332,65.55725626586222],[22.76584014770251,65.55743406228555],[22.7654107952562,65.55745614397291],[22.76578686235332,65.55725626586222]],[[22.760414889641957,65.55969888262459],[22.75912670136288,65.55976507922936],[22.756177723513698,65.55865283714904],[22.758218150575765,65.55818694687441],[22.761276992692338,65.5582102894063],[22.76235204330444,65.55743288404288],[22.76530423110666,65.55710055073706],[22.764335836540738,65.55823357010254],[22.76143676593415,65.55874368425384],[22.760414889641957,65.55969888262459]],[[22.75901075577227,65.65834371793115],[22.756581742818167,65.66045402897103],[22.75571961015199,65.66049817416824],[22.755238398299824,65.65889798868284],[22.756100478787424,65.6588538467562],[22.755509040840742,65.65834252322851],[22.756588244232006,65.65756511484518],[22.7587433217749,65.657454732967],[22.75901075577227,65.65834371793115]],[[22.75863635383183,65.65709913879375],[22.75777433683271,65.65714329446392],[22.75815186587497,65.65694341992793],[22.75745348716912,65.65607650912055],[22.75891003792051,65.65509921239261],[22.760149468514356,65.65485517196704],[22.760042494215334,65.65449957886109],[22.760904418758024,65.65445541126758],[22.760416918401003,65.65574415426295],[22.75852938912049,65.65674354451339],[22.75901387546092,65.65689926219076],[22.7587433217749,65.657454732967],[22.75863635383183,65.65709913879375]],[[22.74349557935243,65.56435856964121],[22.743818762921723,65.56398093763028],[22.74639564274279,65.56384878876658],[22.747095075829957,65.56327131699281],[22.74881293877694,65.56318318603846],[22.7481707570159,65.56249400575997],[22.749352742653073,65.56207229414863],[22.749246374794318,65.56171668755121],[22.750964126507345,65.56162853334506],[22.75123397352471,65.56107308438602],[22.750698163372036,65.56073952000277],[22.751826831475714,65.56013998766046],[22.752738854717848,65.56027370083049],[22.752632449524818,65.55991809700943],[22.75649707508612,65.55971963948018],[22.756820014441182,65.55934198228641],[22.758214665603642,65.55963140467946],[22.75832114553126,65.55998700379469],[22.756816455499152,65.56078644085039],[22.755098783166453,65.5608746606388],[22.754399591468513,65.56145216685678],[22.7526286596717,65.5613625578887],[22.75149995904131,65.56196209655718],[22.751283308692965,65.56269534847598],[22.74999494435834,65.56276146920166],[22.748166727438374,65.56393846906487],[22.746878292117007,65.56400456400551],[22.74671467073894,65.564915615161],[22.744190844268307,65.5652255759239],[22.744403479785937,65.56593679722023],[22.740161431784188,65.56633477546225],[22.739519394327516,65.56564555696242],[22.740595399404242,65.56486829617434],[22.74349557935243,65.56435856964121]],[[22.757579380737887,65.55605334954984],[22.756720703639882,65.55609746454802],[22.756667483773708,65.55591966423543],[22.757579380737887,65.55605334954984]],[[22.754975972277666,65.54589666077851],[22.754546798646523,65.54591870977777],[22.75449361866144,65.54574090830636],[22.754975972277666,65.54589666077851]],[[22.75454680483649,65.65514214757603],[22.7546002555286,65.65531994645094],[22.753738289352857,65.65536407868062],[22.75454680483649,65.65514214757603]],[[22.751974968999313,65.56500677796657],[22.752404459555684,65.56498473295247],[22.7524576726771,65.56516253485336],[22.751974968999313,65.56500677796657]],[[22.7524576726771,65.56516253485336],[22.754175638388308,65.56507434197222],[22.754282090040526,65.56542994424606],[22.752993599705206,65.56549609180801],[22.7524576726771,65.56516253485336]],[[22.753791735056733,65.655541877892],[22.753845181567954,65.65571967707666],[22.753414191472462,65.65574174173196],[22.753791735056733,65.655541877892]],[[22.751568573737185,65.55636205293195],[22.75199792230226,65.55634001055277],[22.75205111136028,65.55651781282906],[22.751568573737185,65.55636205293195]],[[22.75205111136028,65.55651781282906],[22.75253365473012,65.55667357112809],[22.752104301218772,65.55669561507868],[22.75205111136028,65.55651781282906]],[[22.75146220376964,65.5560064479376],[22.751515388353226,65.55618425044811],[22.751086041860777,65.55620629143678],[22.75146220376964,65.5560064479376]],[[22.750603515731,65.55605052834363],[22.749155971821047,65.55558322947638],[22.750926499131786,65.55567288328272],[22.750603515731,65.55605052834363]],[[22.748968512661552,65.56516105918183],[22.748539015693357,65.56518309451496],[22.748485829254985,65.56500529095919],[22.748968512661552,65.56516105918183]],[[22.74187515763075,65.56769118749864],[22.742681094132077,65.56746934648199],[22.742145255060898,65.56713575210239],[22.74289801964925,65.56673610397641],[22.746657391135898,65.56618227492896],[22.746493752915132,65.56709332604403],[22.745687861673247,65.56731518688386],[22.7457942085467,65.56767079622291],[22.74493512460534,65.56771484859708],[22.74552418466131,65.56822623736643],[22.744665081857796,65.56827028840488],[22.744607704792706,65.56953694845988],[22.74278308896014,65.56926942453406],[22.742623619681268,65.5687360067855],[22.74171134508441,65.56860223527114],[22.74187515763075,65.56769118749864]],[[22.73450492751372,65.55615390459097],[22.734075564186334,65.55617589749913],[22.734022498553117,65.55599808762841],[22.73450492751372,65.55615390459097]],[[22.714286899815153,65.63318837197154],[22.71557886500789,65.63312251791318],[22.71568512460593,65.63347814952941],[22.713962479596212,65.63356595395676],[22.71331935821835,65.63287663507819],[22.714127542472895,65.63265492272313],[22.714664432872564,65.6329886056239],[22.714286899815153,65.63318837197154]],[[22.672122723084506,65.6178217261545],[22.672930811047618,65.61760023430897],[22.672658762714107,65.61815556630052],[22.672122723084506,65.6178217261545]],[[22.61137709431097,65.64290999212852],[22.61180785502087,65.6428883394971],[22.611860297847755,65.64306619843795],[22.61137709431097,65.64290999212852]],[[22.61229106066322,65.6430445444138],[22.612774272100836,65.64320074773353],[22.612879173305902,65.64355646477254],[22.611965185877793,65.64342191624182],[22.61229106066322,65.6430445444138]],[[22.61439240264559,65.64275839820377],[22.614287484597853,65.64240268238326],[22.613373531441002,65.64226814198695],[22.613163731200075,65.64155670850458],[22.614781753772164,65.64111435592248],[22.614193662290738,65.64060244272977],[22.615485818730985,65.64053745846233],[22.61441456381918,65.63986935095723],[22.616137387969918,65.63978270083363],[22.615223519146507,65.63964817072467],[22.615391927628625,65.63873722026965],[22.616253301775934,65.6386938924901],[22.616148378030275,65.63833817802345],[22.617335477976464,65.63791746481634],[22.616421669756846,65.63778294130906],[22.617230543190942,65.6375617512118],[22.616694950443584,65.63722770421658],[22.614110967024235,65.63735767899794],[22.615088255964487,65.63622555104399],[22.61455271905745,65.63589149592445],[22.616391178979637,65.63471603863657],[22.61811365341966,65.63462936962743],[22.621012252861036,65.6355664619883],[22.622787264712986,65.63565759471548],[22.624236678912236,65.63612610201655],[22.626820478708314,65.63599595668359],[22.626662896932675,65.63546239792454],[22.628332842269785,65.6351977599733],[22.62812270118732,65.63448635068265],[22.62958239677686,65.63351029050858],[22.631409845523056,65.63377917521194],[22.63162006972682,65.63449057910051],[22.63377306547583,65.63438202468315],[22.635610536150143,65.63320634464881],[22.637280240107803,65.63294161068863],[22.637605620052536,65.63256418959317],[22.64002147786113,65.6333447897567],[22.639863644364237,65.63281124728893],[22.640619542825736,65.63241208871844],[22.643308138894184,65.63263736145178],[22.644116616062217,65.63241603210206],[22.643958705271224,65.63188249468632],[22.648211455982693,65.6314871669689],[22.648202234304982,65.63293167386168],[22.64997714157829,65.63302248958432],[22.651259766094796,65.63440171091432],[22.65141784529175,65.63493523902152],[22.650662045154927,65.63533445039094],[22.651030895070935,65.63657935053303],[22.652638980248053,65.63758110882917],[22.65500302675444,65.63818361921041],[22.65510848184531,65.63853930134036],[22.651979545311942,65.6397805164411],[22.649755282489192,65.64260050146046],[22.64808509730792,65.64286537761984],[22.647865131614797,65.64359850880604],[22.645974835901256,65.64459649409244],[22.64608019871127,65.64495218345093],[22.6445678410332,65.64575055701825],[22.642519277279476,65.64621496591435],[22.640303079576938,65.64759031756397],[22.638685111251174,65.64803294167301],[22.63523853694189,65.64820674370078],[22.63470248718048,65.64787276489452],[22.628723501009368,65.64835456118496],[22.62856578972052,65.64782100567109],[22.627115632215137,65.64735254722844],[22.62545534488719,65.64617266177707],[22.623196272349077,65.64592540026828],[22.62298616736314,65.64521398344581],[22.62131552387041,65.6454785696544],[22.620180658200667,65.64607717219965],[22.613287679950645,65.64642385597375],[22.61269949081185,65.64591193796322],[22.610923802247733,65.64582069408226],[22.61102869085752,65.64617641253372],[22.60897946551576,65.64664037542083],[22.60801296192413,65.64632794389084],[22.60828650316439,65.64577271927467],[22.609474068244708,65.64535206283593],[22.611249720463857,65.64544332404431],[22.612879173305902,65.64355646477254],[22.61439240264559,65.64275839820377]],[[22.64907252365467,65.63144365603313],[22.649125193722437,65.63162149974329],[22.64869465739018,65.63164325599702],[22.64907252365467,65.63144365603313]],[[22.63762078453925,65.66216582118199],[22.637673451268054,65.66234366894135],[22.637242393622355,65.66236539799911],[22.63762078453925,65.66216582118199]],[[22.612167353112042,65.63817739379445],[22.612440729126536,65.6376221633963],[22.613732742591974,65.63755719550515],[22.613028715175883,65.63813408444047],[22.612167353112042,65.63817739379445]],[[22.61283788668203,65.6419340818959],[22.61289033424097,65.64211194043175],[22.612459587497266,65.64213359599376],[22.61283788668203,65.6419340818959]],[[22.611481974961524,65.64326571034071],[22.610620439575012,65.6433090126728],[22.610568004649114,65.64313115322324],[22.611481974961524,65.64326571034071]],[[22.611313408662717,65.64417665808165],[22.611365851238627,65.64435451719739],[22.61050427949374,65.64439781923883],[22.611313408662717,65.64417665808165]],[[22.604647754560943,65.63638935072208],[22.605509072437744,65.63634608449811],[22.60609689259072,65.63685803407436],[22.605235558918462,65.63690130379491],[22.604647754560943,65.63638935072208]]],[[[22.80126965696025,65.54188603810964],[22.801216168510493,65.5417082563503],[22.800787111084198,65.54173043528824],[22.80126965696025,65.54188603810964]]],[[[22.79579152048238,65.54975202443235],[22.796220714993154,65.54972985822182],[22.79616724154267,65.54955207450122],[22.79579152048238,65.54975202443235]]],[[[22.759549291660452,65.56263192895108],[22.75997873535117,65.56260986293819],[22.759925477215084,65.56243206415672],[22.759549291660452,65.56263192895108]]],[[[22.744505581432996,65.5677368729687],[22.743593333231065,65.56760311252083],[22.74375281399457,65.56813652912163],[22.744665081857796,65.56827028840488],[22.744505581432996,65.5677368729687]]],[[[22.74208775422204,65.56840241247198],[22.74337642164434,65.568336355885],[22.743323262665797,65.56815855022387],[22.74208775422204,65.56840241247198]]],[[[22.641155335770875,65.63274604920313],[22.641260574674092,65.6331017431349],[22.64212170988408,65.63305827096025],[22.642447020028275,65.63268084019356],[22.641155335770875,65.63274604920313]]],[[[22.598729759724684,65.6623162933495],[22.59878216021621,65.66249415725558],[22.599213258712748,65.66247253695437],[22.598729759724684,65.6623162933495]]]]}},{"type":"Feature","properties":{"cyano_daymap_file_id":4400,"date":"2021-06-19Z","cloud":null,"sub_surfac":null,"surface":null,"no_data":null,"class":1,"color_hex":null,"algae_class":"class_1","source_date":"2021-06-19"},"geometry":{"type":"MultiPolygon","coordinates":[[[[22.81894149,65.48625058],[22.810929769999998,65.45958395],[22.789551679999995,65.46069167000002],[22.78689222,65.4518022],[22.76551926,65.45290646],[22.768171589999998,65.46179637999998],[22.746789509999996,65.46289807999999],[22.74150107,65.44511728],[22.76286891000001,65.44401648000002],[22.75757417,65.42623631],[22.778925810000004,65.4251334],[22.776274319999995,65.41624367],[22.754929769999993,65.41734612999998],[22.752287359999997,65.40845587999999],[22.58151704,65.41716384000001],[22.58669017,65.43495139000001],[22.60805751,65.43387253],[22.610654099999998,65.44276577],[22.632026619999998,65.44168345],[22.639754921113315,65.46801907951834],[22.640519795817536,65.4679802843097],[22.641490500454807,65.46684803611657],[22.6427222451238,65.46660503414215],[22.64497670310872,65.46540760360249],[22.65262764886478,65.46483851149866],[22.65336936320843,65.46588383981182],[22.651490956463398,65.46688180218051],[22.65083439848051,65.46908119149128],[22.65152387779823,65.46994868153936],[22.65077239016671,65.4703478614178],[22.65091955639339,65.47232591837782],[22.650105954374684,65.47399176604999],[22.649249753207286,65.47403524561858],[22.64935433190681,65.47439094028513],[22.64764189729649,65.47447788637768],[22.64657658957796,65.47380995848137],[22.64385121862745,65.47340677395327],[22.64326638273226,65.47289494704755],[22.64118762104698,65.47290127213878],[22.645074480000005,65.48614647],[22.666480709999995,65.48505892],[22.66386008,65.4761669],[22.685257199999995,65.47507677999998],[22.68263139,65.46618514],[22.704019409999994,65.46509245999998],[22.70628478318815,65.4727395292227],[22.707833017638254,65.47231241113663],[22.708372929803293,65.47120166558209],[22.710137600537042,65.4712918574673],[22.709814992064846,65.47166941114757],[22.710453788381265,65.47235878860701],[22.713397135019,65.47202756027313],[22.715214607715616,65.47229551248567],[22.7145167773164,65.47287281960234],[22.71505025918518,65.4732065359567],[22.71804639022282,65.47305303625727],[22.718368894413228,65.4726754660771],[22.720561701302266,65.47274360057963],[22.72216816716988,65.47230019809501],[22.722865811592683,65.47172285756912],[22.724149775972403,65.47165701375421],[22.724472175030947,65.47127943164642],[22.726184090439414,65.47119161963964],[22.726342507097783,65.4717250650826],[22.728376785891538,65.47125964179347],[22.727732093204086,65.47201482089176],[22.728693716707493,65.4723265268903],[22.728852192814056,65.47285996908161],[22.726278638482626,65.47443620361155],[22.72638426590244,65.47479183370038],[22.72761554747122,65.47454814399659],[22.727721193603305,65.47490377295397],[22.726595530251444,65.47550309356072],[22.729216635298073,65.47554914179561],[22.729967043591483,65.47514958298451],[22.72959718499605,65.47390488783398],[22.73200672944069,65.47323963509147],[22.731473033659345,65.47290598091423],[22.732651325407428,65.47248443874517],[22.73329588522485,65.47172924003296],[22.73319017883773,65.47137361562352],[22.732281384678465,65.47123975107195],[22.732925926745228,65.47048455413658],[22.734584896425268,65.47021883551203],[22.735282209802783,65.46964144110731],[22.737316161651005,65.46917590080314],[22.73796050937661,65.46842068443456],[22.73924426587373,65.46835471442478],[22.739455816838092,65.46906595321126],[22.737849851694936,65.4695095343685],[22.738061376051583,65.47022077539863],[22.737041904935484,65.47117578974029],[22.740619574073964,65.47297775895393],[22.740667749387786,65.47460003693101],[22.73997043086329,65.47517745629969],[22.740879400043482,65.4753112727252],[22.740715936834523,65.47622231479576],[22.739268280987844,65.47719934242683],[22.736752784429815,65.47750909173794],[22.736166051560005,65.47699764507297],[22.735309925789206,65.4770416118713],[22.735151287449266,65.47650817814096],[22.73702710036777,65.47550920255755],[22.735314946529076,65.47559714003701],[22.734670356932238,65.47635234771592],[22.733439060637508,65.47659609511479],[22.7331695974667,65.47715150777442],[22.73231346058035,65.47719545769853],[22.732952989795212,65.47788473226055],[22.73600241644967,65.47790868386224],[22.737392437993385,65.47819834619054],[22.736694954706905,65.47877575218547],[22.736959436044284,65.47966480474781],[22.739580967037693,65.47971066857616],[22.739792638104916,65.48042190572157],[22.73802726649589,65.48033206786053],[22.737918040664802,65.48140665931196],[22.74436791716083,65.48107522131207],[22.74546397305226,65.48049147690627],[22.74471814589277,65.47944664518323],[22.745468420521924,65.4790470107213],[22.745309560407307,65.47851358999043],[22.74611275652885,65.47829175959409],[22.745578776083686,65.47795815826711],[22.743385486954686,65.47789039221766],[22.74322667778283,65.47735696876714],[22.744029857277898,65.47713514962892],[22.74392397863809,65.47677953453007],[22.743120808973067,65.47700135300073],[22.742962011715335,65.4764679291521],[22.743606361781897,65.47571268859643],[22.745265544713202,65.47544685033469],[22.74537143506754,65.47580246436387],[22.746655531066665,65.4757364277438],[22.746496671038678,65.47520300828198],[22.745693571799436,65.47542483969352],[22.7454817892065,65.47471361203729],[22.748107147839132,65.4733148682611],[22.749444080885002,65.47342661508556],[22.749602987953768,65.47396003093903],[22.751742971808344,65.47384990571169],[22.75200790416267,65.47473892709519],[22.75355692277448,65.47556185280729],[22.751946715164287,65.47745004817638],[22.752961825218158,65.47793939857162],[22.75601125186062,65.4779629460582],[22.756117300548954,65.47831855088923],[22.755314191946766,65.47854043358254],[22.75637859367403,65.48065202262265],[22.75573450346559,65.48140731498458],[22.755620692656237,65.48394063097795],[22.75427925088453,65.48527340600073],[22.75350202325553,65.48542734052124],[22.75473706,65.48956879],[22.81894149,65.48625058]],[[22.74569802278196,65.47398037355141],[22.74612602544594,65.47395836194153],[22.74617897243312,65.47413616864127],[22.74569802278196,65.47398037355141]],[[22.788918144895295,65.4746399998396],[22.78806220369119,65.47468426380134],[22.788008970834444,65.4745064748457],[22.78881166856915,65.4742844226261],[22.788918144895295,65.4746399998396]],[[22.76626459858135,65.46281127353065],[22.76583679860335,65.46283334009189],[22.765730693714147,65.4624777427523],[22.76626459858135,65.46281127353065]],[[22.754375869129827,65.46956213479176],[22.754644810116208,65.46900668986099],[22.756356454344928,65.46891853855139],[22.75742431589046,65.46958566405148],[22.758280152867354,65.46954157490637],[22.75758335739359,65.4701190700594],[22.757848442470667,65.4710080795402],[22.75913226520524,65.47094193968492],[22.76100313820573,65.47138713792333],[22.761215310010986,65.47209833965599],[22.76110561757178,65.47318719644484],[22.75987472903665,65.47343115511126],[22.75939001857104,65.47471986288875],[22.757890122249236,65.47551925950695],[22.756231071881842,65.4757852351111],[22.755003948026665,65.47458469485449],[22.756022879849475,65.47362956488222],[22.754375869129827,65.46956213479176]],[[22.75630345098622,65.46874073602828],[22.755875543974742,65.46876277548238],[22.755822544263353,65.46858497275228],[22.75630345098622,65.46874073602828]],[[22.74401794490116,65.46395713772935],[22.744070853133728,65.46413494555527],[22.74364300895753,65.46415694966778],[22.74401794490116,65.46395713772935]],[[22.742417037137443,65.46295629515956],[22.742522827766788,65.46331191218354],[22.743431392193934,65.46344571748465],[22.743268067310208,65.46435676073533],[22.741556668082993,65.46444476104223],[22.740489423612935,65.4637775168506],[22.741345105176897,65.46373352536445],[22.742417037137443,65.46295629515956]],[[22.740864378899822,65.46357771254401],[22.740436540572492,65.46359970750484],[22.74038365832515,65.46342189813262],[22.740864378899822,65.46357771254401]],[[22.74038424996992,65.47948886773877],[22.739956151010386,65.47951086408384],[22.739903233167553,65.47933305488475],[22.74038424996992,65.47948886773877]],[[22.7267815175821,65.46881415532174],[22.72555049509743,65.4690578354885],[22.724911389986264,65.46836852519309],[22.725180950482784,65.4678131263092],[22.72662311326502,65.46828071022716],[22.7267815175821,65.46881415532174]],[[22.71773589272641,65.4705416428748],[22.71730791713225,65.47056357371062],[22.71725517498928,65.47038575475936],[22.71773589272641,65.4705416428748]],[[22.71661017762148,65.47114088953953],[22.71618219109013,65.47116281729866],[22.716129455135228,65.47098499788807],[22.71661017762148,65.47114088953953]],[[22.712408242045896,65.46575999621331],[22.710532146414334,65.46675866871472],[22.70924838091046,65.46682439461881],[22.70946558366043,65.466091198036],[22.710374088204095,65.46622520296535],[22.709630097752953,65.46518017898116],[22.711341674478206,65.46509253884936],[22.712408242045896,65.46575999621331]],[[22.688459763664195,65.46409638434221],[22.687063290640985,65.46525075631112],[22.685832044015044,65.46549411485923],[22.684721508826,65.46320413065075],[22.686057683419097,65.46331644667835],[22.685524775841543,65.4629826219334],[22.68638054264323,65.46293894120049],[22.688459763664195,65.46409638434221]],[[22.642481517122707,65.46282674036193],[22.64193893888505,65.46393727739039],[22.64043597697062,65.46473553779475],[22.639580059096023,65.46477895957976],[22.639099901682396,65.46462281686635],[22.639214674452525,65.46353399769255],[22.642481517122707,65.46282674036193]]],[[[22.707898716779845,65.47818757723574],[22.708129543220128,65.47771280771164],[22.707718589930053,65.47757953503927],[22.707898716779845,65.47818757723574]]],[[[22.70928726,65.48287479],[22.711886399753855,65.48274160660205],[22.711693552933056,65.48240444209588],[22.714321507909883,65.48100625872024],[22.71678486452169,65.48051905768219],[22.71710747288338,65.48014148907458],[22.71801650761133,65.48027544246375],[22.718339095186344,65.4798978714437],[22.719570694011946,65.47965424401389],[22.71898424319018,65.47914272762527],[22.718990161284893,65.47769824693134],[22.717389322382868,65.47669713805897],[22.717711878013304,65.47631956872826],[22.716427665316164,65.47638536039238],[22.715788607641336,65.47569601092398],[22.71503796273211,65.47609550173665],[22.714076355470855,65.47578370857396],[22.712574984453827,65.47658267029374],[22.710434578483316,65.4766922447161],[22.710704523971113,65.47613686761227],[22.708992222377788,65.47622450812148],[22.709203027991727,65.47693579711256],[22.710111912306978,65.47706979965696],[22.710217332863422,65.47742544322419],[22.711929708078607,65.4773377880483],[22.710052788035433,65.4783364633584],[22.70919656553699,65.47838028309633],[22.70930198003225,65.47873592737099],[22.71021092810065,65.47886992865453],[22.709407397691464,65.47909157154028],[22.707934392364038,65.47830800492657],[22.70928726,65.48287479]],[[22.712246057270697,65.4784047138114],[22.712028851382595,65.47913791452278],[22.710052788035433,65.4783364633584],[22.712246057270697,65.4784047138114]],[[22.718714447663093,65.47969811797465],[22.71828632329977,65.4797200531467],[22.718233552205138,65.4795422348233],[22.718714447663093,65.47969811797465]],[[22.71127805191259,65.47953738827518],[22.710849922650326,65.47955930241395],[22.710797202483565,65.47938148095972],[22.71127805191259,65.47953738827518]],[[22.71069176452358,65.47902583797229],[22.710744483107995,65.47920365947918],[22.710316358766228,65.47922557205352],[22.71069176452358,65.47902583797229]],[[22.70919010721689,65.47982476905837],[22.709618242502305,65.47980285956265],[22.709670955682693,65.47998068150235],[22.70919010721689,65.47982476905837]],[[22.709670955682693,65.47998068150235],[22.710151809860523,65.48013659235556],[22.709723669654203,65.48015850341574],[22.709670955682693,65.47998068150235]],[[22.70913739768384,65.47964694691295],[22.708709264463057,65.47966885502365],[22.708656558577268,65.47949103267246],[22.70913739768384,65.47964694691295]]]]}},{"type":"Feature","properties":{"cyano_daymap_file_id":4400,"date":"2021-06-19Z","cloud":null,"sub_surfac":null,"surface":null,"no_data":null,"class":1,"color_hex":null,"algae_class":"class_1","source_date":"2021-06-19"},"geometry":{"type":"MultiPolygon","coordinates":[[[[22.015944,65.32737256],[22.03725133,65.32637517],[22.032522303147747,65.30873587719327],[22.013785819863926,65.31929821345416],[22.015944,65.32737256]]],[[[22.051373549999997,65.29866137],[22.0537662,65.3075659],[22.075055789999997,65.30656332],[22.084672660000003,65.34217922999999],[22.12730314,65.3401618],[22.132150759999995,65.35796776],[22.15347748,65.35695371],[22.15591112,65.3658562],[22.17724312,65.36483873],[22.17968568,65.37374074],[22.22235841,65.37169596000001],[22.224817029999997,65.38059707],[22.24615774,65.37956976],[22.24369202,65.37066906000001],[22.3503323,65.36548953],[22.352833519999994,65.37438809999999],[22.40678320286268,65.37173770938234],[22.408523375581733,65.37130524487515],[22.407895234196367,65.37061448252841],[22.410178970629158,65.3710431532725],[22.41168323240481,65.37024720188839],[22.41047729329762,65.36904364960161],[22.410752492498133,65.36848876716553],[22.411554980993582,65.36826873864148],[22.412082294883398,65.36860359095832],[22.41230702484313,65.3678707588423],[22.413485485356098,65.36745172922753],[22.412779432018276,65.36496047326987],[22.410120204134028,65.36473082240792],[22.41082175951596,65.36415490273008],[22.411674534232024,65.36411282268084],[22.41109690616608,65.36360002020066],[22.41244946667485,65.36227022260009],[22.4123486309264,65.36191432810391],[22.411495928778628,65.36195641123119],[22.41069362977319,65.36217643750555],[22.41079444434897,65.36253233332685],[22.409515355436596,65.36259544336184],[22.409790515438363,65.3620405630843],[22.411395107385143,65.36160051594945],[22.410666331767416,65.36055386790336],[22.412371645349726,65.36046970714582],[22.412472474706888,65.36082560169197],[22.417212534216077,65.36077200217169],[22.417111640990555,65.36041611145545],[22.415782236331907,65.36030132802928],[22.418716007788444,65.35997598856999],[22.42149828243396,65.35911676188816],[22.424908627285777,65.35894817845694],[22.428391581201666,65.35751284470467],[22.429771417480538,65.35780545803051],[22.430096628985332,65.35742848581818],[22.43094914834543,65.35738629917638],[22.431447916732207,65.3560985305655],[22.43315286101462,65.35601413810937],[22.432704722110657,65.35747985064833],[22.43473489054808,65.35701846158535],[22.436064201041024,65.35713307854796],[22.436165335349372,65.35748895407187],[22.437870351395013,65.3574045074264],[22.437993124669028,65.35631577106723],[22.439322411917967,65.35643035948425],[22.43957535534327,65.35732004158564],[22.441179144888302,65.35687968516282],[22.441402978431928,65.35614681886807],[22.4399219281756,65.35549844009361],[22.439842270118728,65.35369795783497],[22.438188074860708,65.35396036129508],[22.438310827239142,65.35287162489448],[22.436302758082018,65.35188844705972],[22.434742799147866,65.34943952545223],[22.43331282623815,65.34896901460608],[22.433962933525223,65.34821505741637],[22.43604291632454,65.34793159690477],[22.437472879030793,65.34840208190414],[22.438700633243712,65.34816080526295],[22.439278436831387,65.34867349995912],[22.442362364638544,65.34888152539843],[22.44316398831399,65.34866133725876],[22.443265179195958,65.34901720742512],[22.448935439706577,65.35072084773614],[22.449787705213016,65.35067855697396],[22.453551423143303,65.35175486227786],[22.454403713147368,65.35171254511351],[22.45540805382211,65.35220401341721],[22.4571633500659,65.35229728237806],[22.461404489013436,65.3535301462407],[22.465493743582293,65.35422910888393],[22.472171357822656,65.35642323656558],[22.473754881984544,65.35742713423052],[22.4837230711574,65.36053971876365],[22.486039049766745,65.36258974287412],[22.48629364472657,65.36347932920626],[22.485046640616165,65.36516558670527],[22.482743139837645,65.36618264947998],[22.480611375277018,65.36628884541854],[22.480509598711187,65.36593300645745],[22.47631641011461,65.36487863236191],[22.475209490672537,65.36403146937495],[22.474650217217803,65.36207432904092],[22.469026643856367,65.36054962466822],[22.464337593603094,65.36078277991295],[22.46353578995639,65.36100308272886],[22.46363731385797,65.36135893575306],[22.459800659729733,65.3615495742339],[22.45819691365721,65.36199012867333],[22.457922783341637,65.3625450867367],[22.45659311314398,65.36243066658167],[22.456694549803604,65.36278652518567],[22.454238013517088,65.36326937272254],[22.455314162574275,65.36249416442381],[22.45217785376022,65.36210849078475],[22.451447447476664,65.36106205715896],[22.45001653858769,65.36059171472552],[22.44885998723483,65.35956641530449],[22.450088147626655,65.35932504154975],[22.450615758833234,65.35965975577454],[22.45146831060187,65.35961745254883],[22.451814077047743,65.35779583197493],[22.453316315077544,65.35699948548542],[22.45534606790535,65.35653782262858],[22.45604640956497,65.35596170474302],[22.454565016721066,65.35531347364211],[22.454362273766016,65.35460175216342],[22.450547452686234,65.35334753974917],[22.447138032701364,65.35351669472213],[22.4455851725258,65.35413504552008],[22.446091448312075,65.35591438423529],[22.445542773857166,65.35702425998409],[22.444740919527675,65.35724446317117],[22.44512473272264,65.36011254381792],[22.44628116511071,65.36113787316746],[22.446635697368723,65.3623834073874],[22.445833691388557,65.36260361795674],[22.445609937554533,65.36333649002756],[22.44611642941064,65.3651158264592],[22.444989254508677,65.3657130389194],[22.444136492570536,65.36575530759477],[22.44423777622439,65.36611117616073],[22.445567586473945,65.36622570404025],[22.444288419187224,65.36628911040657],[22.441332889702366,65.36805956076256],[22.440357348295713,65.36919054718388],[22.440885043213456,65.36952529466828],[22.438803417764632,65.36980883897958],[22.43941084549346,65.37194407370146],[22.438232613622095,65.3723633039187],[22.43795796310153,65.37291823093241],[22.439042574923768,65.37521028549057],[22.438189493401076,65.37525252374698],[22.436360442632864,65.3764257220753],[22.431668211203476,65.37665789197293],[22.427677378377464,65.37631391901039],[22.424915808054315,65.3757286606996],[22.418020656320444,65.37548527217109],[22.421867250000002,65.38903748],[22.40052725,65.39008968],[22.39806932672756,65.38140843526604],[22.396890993515697,65.38216305323174],[22.39523456115599,65.38242500721215],[22.394155826516364,65.38319981195869],[22.391319789614702,65.38388061278319],[22.388082872606553,65.38620492694577],[22.386049615466636,65.38666571790009],[22.385749303966573,65.38866519323712],[22.383816389853987,65.38948187133781],[22.385173012260424,65.39121951204113],[22.387609168941122,65.39218238229115],[22.386956699313608,65.39293616303858],[22.386982680169858,65.39455875021757],[22.384094933287873,65.39506147234628],[22.37897189210087,65.39531300738162],[22.377163674690976,65.39504089262687],[22.374225438873637,65.39536546725377],[22.373698042528584,65.39503048321238],[22.3710360495336,65.39480016993735],[22.372115935281027,65.39402551918205],[22.372793984593464,65.39182716205461],[22.3718900226191,65.39169106882977],[22.371011295555757,65.39011033329065],[22.369630362210394,65.38981719238969],[22.36942959782909,65.3891053368934],[22.368525746887865,65.38896922235513],[22.368751840139083,65.38823644158968],[22.371865151167693,65.38700123349061],[22.374702047790976,65.38632079032892],[22.375404941318447,65.38574502223003],[22.37625848504487,65.38570313504314],[22.382282447882908,65.38252052507819],[22.382346914284433,65.38195967505044],[22.333998089999994,65.38432937999998],[22.336495949999996,65.39322826999998],[22.31514844,65.39426845],[22.312657679999997,65.38536914],[22.291315419999997,65.3864059],[22.29379906,65.39530562999998],[22.291801359922157,65.3954022457273],[22.290969403008766,65.3963587030088],[22.29220079490505,65.39611858598023],[22.29277687496991,65.39663185953314],[22.29410765443049,65.39674771553312],[22.294207049695768,65.39710370318984],[22.29340267112162,65.39732312478264],[22.29430644793808,65.39745969075062],[22.294405849157567,65.39781567821548],[22.291843557019885,65.39793995023055],[22.291615237388655,65.39867263740612],[22.289479912822046,65.3987761617106],[22.28938057397101,65.39842017037422],[22.288099387385518,65.39848226950625],[22.286540077798705,65.39909904203006],[22.286639381254084,65.39945503559179],[22.287821298931828,65.39903695581046],[22.289529583363386,65.3989541573428],[22.28972827296802,65.39966613963216],[22.288824441640475,65.39952954675098],[22.288119269471316,65.40010493316251],[22.287265088626725,65.40014632720914],[22.287165773527438,65.3997903341774],[22.28626195035742,65.3996537258449],[22.285934162402224,65.40003041224485],[22.286837997088774,65.40016702242791],[22.28608311277176,65.4005644032075],[22.283570139360716,65.40086653480421],[22.283291932081944,65.40142121393058],[22.282109834634575,65.40183925997697],[22.28082846045074,65.40190129916282],[22.28030210405955,65.40156597808557],[22.278593614553703,65.40164867399058],[22.27764017231275,65.40133401420056],[22.278296010204556,65.40058067416122],[22.277620934100362,65.39971134275534],[22.27890221060031,65.39964933181838],[22.27875341251306,65.39911533223652],[22.279508369648383,65.39871798744606],[22.280839203665302,65.3988339600862],[22.28101821558762,65.39792328719915],[22.28229939515411,65.3978612483452],[22.283054262420148,65.39746388668603],[22.28295501666339,65.39710789018183],[22.28375947945487,65.39688852352256],[22.28323319055767,65.39655321200009],[22.28352872693101,65.3958023390456],[22.251094729999995,65.39737096],[22.25851408,65.42407233],[22.27988855,65.4230399],[22.28118401974936,65.42768148753005],[22.281945996207504,65.4276446240993],[22.281189429432235,65.4277008700873],[22.28148209604999,65.42874947637402],[22.282244120629034,65.4287126113874],[22.282343501396255,65.42906860695854],[22.28533645062949,65.42892377113574],[22.285893284786315,65.42781440077296],[22.285167497928853,65.42676711687575],[22.28549560987398,65.42639042895458],[22.28607226068676,65.4269037223695],[22.286877598263796,65.42668433035745],[22.286529601481742,65.42543835765024],[22.28424298657773,65.42500784065724],[22.284948884742242,65.4244324652004],[22.283517349659398,65.42396054731029],[22.283368290834165,65.42342655495315],[22.2850284840776,65.42316579411579],[22.286489823319574,65.42219303042123],[22.287344723376517,65.42215163358576],[22.28885563800544,65.42135684422648],[22.288706488423138,65.4208228580467],[22.28961106109101,65.42095944421031],[22.28936246110988,65.42006946857825],[22.29278174475434,65.41990379017454],[22.293686305236555,65.42004035201265],[22.29383555078732,65.42057433230859],[22.293080203868623,65.42097175272828],[22.294561496153438,65.42162157293042],[22.29375637877652,65.42184100377989],[22.293855884274517,65.42219699052681],[22.293000995169912,65.42223842416705],[22.29310049224106,65.42259441149596],[22.291867876972617,65.42283454807837],[22.291211912315912,65.42358794835633],[22.289979232536403,65.4238280701437],[22.290227896520612,65.42471804410478],[22.288667110256334,65.42533485332966],[22.288388781239632,65.42588954301695],[22.28921413568803,65.42729280059697],[22.290019457737795,65.42707339196299],[22.290218418292454,65.42778537080842],[22.291172989669693,65.42809993968784],[22.292674945338426,65.43037243362951],[22.293957676517905,65.43031028015733],[22.29428570226986,65.42993357398136],[22.30369205026927,65.42947743154014],[22.305024551963612,65.42959317386754],[22.3056016559665,65.43010638805372],[22.30688433705236,65.43004412514748],[22.308277715933087,65.43068403082842],[22.32513013999999,65.42986506999999],[22.32594341146856,65.43275987858024],[22.326646078785647,65.43251131542529],[22.32679608132146,65.43304525542254],[22.327978825650174,65.4326268524917],[22.328078845215217,65.43298281144365],[22.328984034010677,65.43311915520037],[22.336730568705402,65.43292219323612],[22.34462733073008,65.43325875342414],[22.350135587670866,65.43280945861153],[22.35322887002469,65.43301921667032],[22.36167950924459,65.43224529334962],[22.36233362842596,65.43149160552423],[22.365326316955283,65.43134518506851],[22.36565331760532,65.43096833419605],[22.366659154922143,65.43146037942515],[22.373021632171717,65.43096840436797],[22.37392696907989,65.43110447689385],[22.3740276052725,65.43146039908565],[22.37611485198048,65.43117769369799],[22.376366523206908,65.43206749458655],[22.37759875173684,65.43182667136763],[22.381145423928366,65.43363748988291],[22.382478440848935,65.43375254263493],[22.38280522020804,65.43337565682114],[22.384767357060042,65.43418154639645],[22.385622459067775,65.43413959037385],[22.385723268099724,65.43449550301023],[22.387157177454394,65.43496642613954],[22.388490285825224,65.43508142483678],[22.389069136480305,65.43559430163343],[22.38992427623613,65.43555232084223],[22.39135831800362,65.43602320269576],[22.391987698781474,65.43671402143165],[22.394176087263165,65.43678697112246],[22.394755087906457,65.4372998245813],[22.395987382050567,65.43705885047494],[22.396340766891644,65.43830451455182],[22.39724647324759,65.4384404433542],[22.397397954642763,65.43897429791315],[22.399259941814613,65.43942408744911],[22.39936096057201,65.43977998884209],[22.400795403466375,65.44025077691806],[22.40165067239661,65.44020872834263],[22.402155977069544,65.44198822449147],[22.40391716605521,65.4420820547933],[22.404547030956934,65.44277281621694],[22.403691683978284,65.44281488200143],[22.402987960079663,65.4433907904467],[22.404020160439824,65.44404445817976],[22.40739526042094,65.44387845791815],[22.40673595210516,65.4428455783093],[22.408497212361276,65.44293935442437],[22.408823720354373,65.44256241501589],[22.411535527089605,65.44367482384686],[22.43706474,65.4424192],[22.434527080000002,65.4335224],[22.52001035,65.42927487],[22.5174461,65.42037974999998],[22.53880501,65.41931078],[22.53623557,65.41041603],[22.62162347,65.40611188],[22.619027549999995,65.39721882],[22.640362579999998,65.39613571999999],[22.63776151,65.38724304],[22.659087510000003,65.38615737],[22.65387704,65.36837271],[22.675186929999995,65.36728493999999],[22.672577540000002,65.35839295],[22.651274719999996,65.35948027999999],[22.648674349999993,65.35058778999999],[22.627376649999995,65.35167167999998],[22.62996996,65.36056462],[22.566044059999996,65.36379964],[22.56347197999999,65.35490538999997],[22.52085925,65.35704620000001],[22.515749109999994,65.33925575999999],[22.664761060000004,65.33171661],[22.66215945,65.32282436],[22.747238329999995,65.31845222],[22.74986812,65.32734268],[22.728594290000004,65.32844065],[22.733845659999997,65.34622227],[22.691263900000003,65.34841102],[22.69649487,65.36619417],[22.717800849999996,65.36510039999999],[22.720426339999996,65.37399143],[22.76304655,65.37179401],[22.768331719999995,65.38957407],[22.832289669999994,65.38625276999998],[22.83495645,65.39514134000001],[22.877599269999994,65.39291123999999],[22.874918339999997,65.38402357999999],[22.89622967,65.38290449],[22.890859679999995,65.36512986],[22.869562469999998,65.36624804],[22.86688754,65.35736016999999],[22.803005119999998,65.36069536999999],[22.80035335,65.35180608],[22.7790623,65.35291137],[22.776419559999997,65.34402156],[22.840265609999996,65.34069804],[22.837603699999995,65.33180952],[22.88014372,65.3295798],[22.87746973,65.32069211],[22.89872972,65.31957322],[22.901410749999997,65.32846045999999],[22.965199789999996,65.32508450999998],[22.95979757,65.30731272],[23.023526359999998,65.30391267],[23.028970689999998,65.32168168],[23.050223599999995,65.32054144000001],[23.058426429999994,65.34719303999998],[23.079698379999996,65.34604841000001],[23.082443769999998,65.35493167],[23.08985749182663,65.35453109360793],[23.1383421263494,65.2880901187065],[23.089750185962696,65.28445681869319],[23.089709002936797,65.2756147460627],[23.0877229961228,65.2617264628135],[23.083434648887803,65.24793025256493],[23.08043185064679,65.2410880822697],[23.072734007836395,65.22755481896989],[23.062814772555992,65.214278717246],[23.05703780408209,65.2077578360096],[23.0438821336382,65.1949890305416],[23.0286527983404,65.1826346123978],[23.011423917751596,65.1707541953058],[23.002086021599,65.1650103332603],[22.982021613701992,65.1539487475862],[22.960190125166896,65.1434996447016],[22.936695353363596,65.13371361195249],[22.924360538612298,65.1290836625267],[22.8985886497093,65.1203780521599],[22.885184620758892,65.11631308182429],[22.8574198396373,65.1087830198622],[22.8430911307973,65.1053259673164],[22.813630577896,65.099051531591],[22.783216068086205,65.09365218440139],[22.767695334584204,65.0912889661128],[22.736125520193397,65.0872488627787],[22.703969492420804,65.0841417016372],[22.687722653553607,65.08294181426642],[22.6549815048834,65.0812580646165],[22.622043315924994,65.0805348656589],[22.5890680589074,65.08077551930198],[22.5562078378235,65.0819784364121],[22.5236222511317,65.0841381956597],[22.4989570328592,65.0864342959367],[22.4512775467598,65.06965380799399],[22.3200684113133,65.1466372251174],[22.050304396119884,65.29871156032718],[22.051373549999997,65.29866137]],[[22.15104566,65.34805118],[22.172363459999996,65.34703454],[22.174802379999996,65.35593665999997],[22.15347748,65.35695371],[22.15104566,65.34805118]],[[22.281995681748672,65.42782262204051],[22.282472917320916,65.42797993375564],[22.282045368034787,65.42800061995779],[22.281995681748672,65.42782262204051]],[[22.861467539999996,65.26736457],[22.84024766,65.26847774],[22.834943459999998,65.25070045],[22.856149340000005,65.24958818],[22.853493199999996,65.24069987999998],[22.98064493,65.23396646999998],[22.991449090000003,65.26950829],[22.970234169999994,65.27063979999998],[22.967537109999995,65.26175399],[22.903901339999997,65.26512927],[22.906577419999994,65.27401645999997],[22.864129599999995,65.27625265999998],[22.861467539999996,65.26736457]],[[22.977948900000005,65.22508084],[22.9991269,65.22394864999998],[23.00182989,65.23283381999998],[22.98064493,65.23396646999998],[22.977948900000005,65.22508084]],[[22.509898750000005,65.16811142000002],[22.552209049999995,65.16597693],[22.557303159999996,65.18376629],[22.536135010000002,65.18483589],[22.533593989999996,65.17594081],[22.51243093,65.177007],[22.509898750000005,65.16811142000002]],[[22.4453421,65.2435214],[22.55142089,65.23820507],[22.55397517,65.24709971000001],[22.44786132,65.25241819999998],[22.4453421,65.2435214]],[[22.50138558,65.21365364],[22.522578449999997,65.21258868999999],[22.525120039999997,65.22148396],[22.503920179999998,65.22254933999999],[22.50138558,65.21365364]],[[22.34801741,65.20322728],[22.345537370000002,65.1943284],[22.409086680000005,65.19119102],[22.404090219999997,65.17339563],[22.425255649999993,65.17234473999997],[22.422753229999998,65.16344738],[22.443909829999996,65.16239393999999],[22.446419229999997,65.17129087],[22.467580939999998,65.17023402999999],[22.470099170000005,65.17913047],[22.44893049,65.18018774],[22.45144361,65.18908455],[22.430266080000003,65.19013927],[22.435283949999995,65.20793355999999],[22.37169824,65.21108243],[22.36920936,65.20218404],[22.34801741,65.20322728]],[[22.45647546,65.20687798000002],[22.458994189999995,65.2157746],[22.437795679999997,65.21683060999999],[22.435283949999995,65.20793355999999],[22.45647546,65.20687798000002]],[[22.295274449999997,65.32307231],[22.273981819999996,65.32410611],[22.271512990000005,65.3152059],[22.25022558,65.31623628],[22.247765659999995,65.30733558999998],[22.269045990000002,65.30630563],[22.26658084,65.29740531],[22.287852279999996,65.29637278],[22.29032449,65.30527268],[22.311601140000004,65.30423673],[22.314082259999996,65.31313615999998],[22.33536413,65.31209679],[22.337854159999996,65.32099572999999],[22.35474537865288,65.32000194351022],[22.354871515613592,65.31891324151074],[22.356098704849753,65.3186726449246],[22.35665046945792,65.31756306477138],[22.358303260375575,65.3173015722294],[22.359380475434385,65.31652703978958],[22.360657473705125,65.3164643771384],[22.361408866460742,65.31606665834227],[22.36358712788184,65.31614015436932],[22.365615412465086,65.31567971723769],[22.36664234564461,65.31472716848042],[22.36574108846659,65.31459101082842],[22.36564110404755,65.31423507643414],[22.36771921048594,65.31395257985464],[22.368846023461327,65.31335595011866],[22.368695993594585,65.31282205214438],[22.369497174896683,65.31260226118239],[22.368871542703772,65.31191131052068],[22.370573871073347,65.31182765382368],[22.37132498252629,65.31142988832903],[22.371049473721587,65.31198470176965],[22.372000695963017,65.31229879297241],[22.370723932107136,65.31236154960509],[22.371299597031985,65.31287452697599],[22.370698515675436,65.31380618846487],[22.37330221865117,65.31385862758371],[22.373402304760177,65.31421455583919],[22.370948648076098,65.31469601416006],[22.37197470207741,65.31681067260003],[22.375805609036828,65.31662233197905],[22.37530499078733,65.31484269996258],[22.376256367697323,65.31515676264388],[22.37743310503096,65.31473803289407],[22.376006050875556,65.31426694767245],[22.380737860830923,65.3142145810455],[22.380187180077424,65.31532423847412],[22.38081319337952,65.31601513811201],[22.37820926920759,65.31596283138528],[22.37745813843383,65.31636063148294],[22.377332944100502,65.31744934274484],[22.378234356103736,65.31758542929506],[22.377057507088917,65.31800416645925],[22.376782059105523,65.31855898978074],[22.375079319935367,65.3186427210035],[22.375279587142725,65.31935457410425],[22.374302863377626,65.32048514398329],[22.373451428305938,65.32052699863209],[22.372775439862615,65.31965810333335],[22.3709725342067,65.31938586018356],[22.367566892405108,65.3195531733799],[22.367291228751032,65.32010798150509],[22.36829273074283,65.32060005989223],[22.366639840135875,65.3208616632966],[22.366014073077796,65.32017070212605],[22.365212634568696,65.32039047714224],[22.365112630636006,65.32003454259907],[22.365964065832284,65.31999273518322],[22.365388339828925,65.31947973800453],[22.364111209110533,65.31954244220273],[22.36223254829977,65.32053676774319],[22.359314153883293,65.32056870550299],[22.3616402,65.3288514],[22.297752210000002,65.33197204],[22.295274449999997,65.32307231]],[[22.500554280448892,65.40264935941362],[22.500981205612177,65.40262806024516],[22.501032318272188,65.4028059705083],[22.500554280448892,65.40264935941362]],[[22.502261976510496,65.402564155529],[22.502159736432684,65.40220833597193],[22.50344048338959,65.40214442148441],[22.50234900872084,65.39985290247168],[22.50347627309531,65.39925525967205],[22.50593518930687,65.39877158391735],[22.50610635774027,65.39786072906008],[22.51175758934338,65.39793936480409],[22.512935735875555,65.39751956021273],[22.515069876330553,65.39741288187157],[22.51619674300933,65.39681514800824],[22.518057640781596,65.39726348173441],[22.518211290166406,65.39779719185624],[22.520072291734895,65.39824549962658],[22.52135279264597,65.39818143541805],[22.52145527377376,65.39853723944594],[22.52268453535674,65.3982952618997],[22.522582038718824,65.39793945886854],[22.52476742799204,65.39801054466635],[22.524664904482552,65.39765474333034],[22.526320909051883,65.39739137051033],[22.52616709775961,65.39685767033642],[22.52787431657046,65.3967721810964],[22.527806476426317,65.39803885159333],[22.52662855235733,65.39845877017642],[22.52673110626582,65.39881456986306],[22.523367637222986,65.3991634072455],[22.522240839553877,65.39976119403916],[22.521387123444573,65.39980391025716],[22.521489612697373,65.40015971418],[22.524904504178334,65.39998881767893],[22.525007041958055,65.4003446187078],[22.525912044242254,65.40047978199632],[22.532844436290727,65.40049350606401],[22.53293081815912,65.40229386800378],[22.535970363051547,65.40232200511228],[22.536875486962494,65.40245710128605],[22.53697819860257,65.40281289236837],[22.53568140932697,65.40432165738446],[22.534827571418717,65.40436445102414],[22.533752163595334,65.40514021981741],[22.531293197289326,65.40562435008003],[22.531447174915396,65.40615804331905],[22.529790675934127,65.40642147760332],[22.529620294941118,65.40733235121485],[22.52811762669618,65.40812946357761],[22.526512267356093,65.4085707625935],[22.525231274940207,65.40863487572996],[22.524223424379507,65.40814391004689],[22.522139725569588,65.40842862808188],[22.522293537002543,65.40896233238965],[22.523250105319317,65.40927541002644],[22.52239608179664,65.40931813513532],[22.522549904746295,65.40985183906452],[22.521422642381314,65.41044962455744],[22.519338728724115,65.41073430608039],[22.518330903183585,65.4102433007282],[22.516144502496115,65.41017213197406],[22.514658510330317,65.4095245402439],[22.513377436381223,65.40958855345666],[22.512796784127335,65.40907617304109],[22.511942746521317,65.40911883905522],[22.510764072538947,65.40953864132888],[22.51096885809311,65.4102502655631],[22.509465448548433,65.41104719954579],[22.509567829306985,65.4114030127052],[22.51090020310829,65.41151693686788],[22.510626739371105,65.41207198395863],[22.50507477880376,65.41234915395727],[22.504271777145764,65.41256968616797],[22.50437409467997,65.41292550350636],[22.50218749548635,65.4128541343104],[22.501658123313547,65.4125196191165],[22.499522688738004,65.41262612076488],[22.496259266600887,65.41333019684987],[22.49593436953263,65.4137073086786],[22.49508014811291,65.41374988101869],[22.495233446987726,65.41428361817927],[22.494003176130928,65.41452538209577],[22.493371696089532,65.41383501126938],[22.49246638446331,65.41369965569893],[22.49190454370012,65.41174260575313],[22.489564898615765,65.41113731029449],[22.48790763895803,65.41140029192977],[22.488506557443912,65.4104681852579],[22.489736693224742,65.41022646759575],[22.489124100696298,65.40809148950487],[22.490525872362657,65.40693892484315],[22.49137988110161,65.40689638049881],[22.491533056341083,65.40743012268123],[22.49281408930795,65.4073662955838],[22.492711954655167,65.4070104685307],[22.493941888968003,65.40676871861555],[22.494573202405537,65.40745908875078],[22.49628123479122,65.4073739491951],[22.49564987891689,65.4066835866518],[22.496179053111437,65.40701812497558],[22.497408954083916,65.40677634710552],[22.49730675993399,65.40642052377952],[22.49597469893218,65.40630647623543],[22.495872526432436,65.40595065171482],[22.496726492540738,65.40590807750844],[22.49725566400671,65.40624261207884],[22.49971534981957,65.40575902992305],[22.501065413061895,65.40442846265562],[22.50053623174846,65.40409394156742],[22.501032318272188,65.4028059705083],[22.502261976510496,65.402564155529]],[[22.52533385800361,65.40899067608115],[22.52490685330921,65.40901204507202],[22.52480427593212,65.40865624437149],[22.52533385800361,65.40899067608115]],[[22.52405284161638,65.40905477944774],[22.52362583461802,65.40907614483262],[22.523574554075097,65.40889824397102],[22.52405284161638,65.40905477944774]],[[22.523677115928862,65.40925404566896],[22.52372839800761,65.40943194648007],[22.52330138455475,65.40945331101219],[22.523677115928862,65.40925404566896]],[[22.523403945329306,65.4098091129079],[22.52297692542174,65.40983047658723],[22.522925647493928,65.40965257547737],[22.523403945329306,65.4098091129079]],[[22.51810885718609,65.41097626262277],[22.517681813080408,65.41099761154761],[22.51763056828166,65.41081970829451],[22.51810885718609,65.41097626262277]],[[22.514629610566544,65.37632062841669],[22.51638669554108,65.37641318785433],[22.516420610387026,65.37803566798422],[22.514594931849405,65.37920978115446],[22.51198459979437,65.37915985889735],[22.51307706548041,65.3769396722934],[22.514629610566544,65.37632062841669]],[[22.515170760834167,65.411303584126],[22.51474370851331,65.41132492481012],[22.514692482854784,65.41114702036086],[22.515170760834167,65.411303584126]],[[22.499529014471726,65.403602804254],[22.499955956142845,65.40358150782073],[22.500007064101574,65.4037594184805],[22.499529014471726,65.403602804254]],[[22.499153174308965,65.40380201049332],[22.49958011958785,65.40378071508785],[22.499682332115626,65.40413653668021],[22.499153174308965,65.40380201049332]],[[22.494846965869137,65.40690406773223],[22.494419965155977,65.40692535029608],[22.494368887602523,65.40674743742771],[22.494846965869137,65.40690406773223]],[[22.492652259493546,65.41585589488064],[22.492225110978985,65.41587717274327],[22.492122944246255,65.41552134561209],[22.492652259493546,65.41585589488064]],[[22.466492016402356,65.37438990078053],[22.467395833335477,65.37452542766981],[22.46729419703027,65.37416957832949],[22.468248834368534,65.37448302475333],[22.469528330216605,65.37441941137519],[22.47027964763245,65.37402114953817],[22.47374240587264,65.37402936669363],[22.47449364720141,65.37363108460987],[22.476352192478966,65.37407995756074],[22.478809301150946,65.37359674317008],[22.479063780514274,65.3744863429438],[22.480018565904977,65.37479971320612],[22.48082064091367,65.37457931977104],[22.481450786534534,65.37526975680798],[22.48170537487402,65.37615935099713],[22.48040660374229,65.37766766004886],[22.481412444708887,65.37815893928045],[22.481819847300695,65.37958228926034],[22.479890654468665,65.38040016121379],[22.479992490454517,65.38075599999374],[22.4783879404437,65.38119677788671],[22.478540670652542,65.38173053780073],[22.477362652251383,65.38215007202156],[22.477464462217352,65.38250591278002],[22.47521006889899,65.38370079916264],[22.47531185698992,65.38405664160236],[22.474560338827626,65.38445493062405],[22.47328036916806,65.38451859163949],[22.47338213496387,65.38487443561311],[22.472528806695703,65.38491687097849],[22.471401420404344,65.3855142833921],[22.471503165423872,65.38587012884946],[22.46877065365522,65.38690821491063],[22.468496518888454,65.38746319229737],[22.467216384931252,65.38752680345921],[22.467826617242416,65.3896618945867],[22.46654637420167,65.38972550117359],[22.463731718596957,65.38896305325123],[22.46031778076959,65.38913255336983],[22.458813974937332,65.38992898588445],[22.459494742200388,65.39079744437088],[22.45869199264455,65.39101773110241],[22.458143207212718,65.39212765396938],[22.45626314325189,65.39312316827129],[22.453326193836634,65.39344927224703],[22.452117230846543,65.39224608475507],[22.450786067891148,65.39213162860118],[22.451009874954675,65.39139874826625],[22.449953330172402,65.39072933425966],[22.44975038136783,65.39001760864501],[22.451579735966405,65.38884424454027],[22.45137676072725,65.38813252138952],[22.450371077301785,65.38764103992519],[22.448338855874596,65.3881026609945],[22.448237414091924,65.387746796801],[22.450269610154535,65.38728517736048],[22.449914499053296,65.38603965760214],[22.452170262936423,65.38484513593204],[22.452018046405325,65.38431134404163],[22.45058583361852,65.38384102039078],[22.45048438131659,65.38348515782046],[22.451815101659147,65.38359962117346],[22.452486225834914,65.38140097765354],[22.455168088863285,65.38018525658296],[22.45602129740762,65.38014292081903],[22.45629563024744,65.37958796412475],[22.457148817207454,65.3795456221933],[22.457697412936216,65.37843570491584],[22.458550559767236,65.37839335545348],[22.458723286868818,65.3774825387128],[22.460652946703714,65.37666493321038],[22.46125212000844,65.37573293237764],[22.463009013251224,65.37582611672377],[22.463811267481432,65.37560581207507],[22.463658879353087,65.37507203372718],[22.466492016402356,65.37438990078053]],[[22.475738504820082,65.3840354168068],[22.475789402846342,65.38421333781584],[22.47536275217762,65.38423456278478],[22.475738504820082,65.3840354168068]],[[22.463559113807484,65.38987387449701],[22.46398586757478,65.38985268191193],[22.46408753249094,65.3902085332019],[22.463559113807484,65.38987387449701]],[[22.462807251865176,65.39027210839203],[22.463660773043067,65.39022972613331],[22.46371160380194,65.39040765191409],[22.462807251865176,65.39027210839203]],[[22.45242547426243,65.4191174300561],[22.452222192789204,65.418405711148],[22.45136773289426,65.41844803818077],[22.451012059489983,65.41720252671168],[22.45181566638766,65.41698227213857],[22.450656423383354,65.41595701402481],[22.457064200475447,65.4156394803425],[22.457369285356254,65.41670704714072],[22.456291063394808,65.4174822914242],[22.457023369619492,65.4185286821495],[22.455894219552725,65.41912599654563],[22.4556703582767,65.41985888471642],[22.454113860404938,65.42047736087548],[22.452832073759023,65.42054086667889],[22.45250646181419,65.42091789212706],[22.449942829216663,65.42104486610799],[22.449312333653758,65.42035430077541],[22.45242547426243,65.4191174300561]],[[22.45476575912714,65.36360407101685],[22.45433942223343,65.36362523320132],[22.45428871749621,65.36344730297435],[22.45476575912714,65.36360407101685]],[[22.453212500255244,65.36422250464176],[22.452786151826235,65.36424366254462],[22.452684761235986,65.36388780083283],[22.453212500255244,65.36422250464176]],[[22.45118212147686,65.3646841451505],[22.450755763589182,65.36470529739881],[22.450705080571694,65.36452736574138],[22.45118212147686,65.3646841451505]],[[22.449852368192055,65.36456966629252],[22.449426010865622,65.36459081476808],[22.449375337109604,65.3644128825678],[22.449852368192055,65.36456966629252]],[[22.447771237158506,65.36485332953595],[22.44819760035012,65.3648321856879],[22.44824826711748,65.3650101183565],[22.447771237158506,65.36485332953595]],[[22.44739553430725,65.36505240519779],[22.447821901091142,65.36503126237714],[22.447872565781342,65.36520919519361],[22.44739553430725,65.36505240519779]],[[22.44701982578648,65.36525147998],[22.447446196162677,65.36523033818683],[22.447496858775622,65.3654082711511],[22.44701982578648,65.36525147998]],[[22.446644111596054,65.36545055388254],[22.44707048556459,65.36542941311686],[22.447121146100233,65.36560734622896],[22.446644111596054,65.36545055388254]],[[22.446865857868545,65.40874644541536],[22.446438780283927,65.40876759280289],[22.446388023585516,65.40858966043666],[22.446865857868545,65.40874644541536]],[[22.4462683917359,65.36564962690545],[22.446694769296812,65.36562848716726],[22.446745427755033,65.36580642042719],[22.4462683917359,65.36564962690545]],[[22.435566273413126,65.34777476543478],[22.435039098858542,65.34743999397655],[22.435465192385884,65.34741888896421],[22.435566273413126,65.34777476543478]],[[22.435790201489986,65.34704190652776],[22.436642373445178,65.34699969119623],[22.43631737717486,65.347376675342],[22.435465192385884,65.34741888896421],[22.435790201489986,65.34704190652776]],[[22.43305177430602,65.35565826007337],[22.432199315007548,65.35570045801187],[22.431997173318884,65.35498870026568],[22.432849609954662,65.35494650370488],[22.43305177430602,65.35565826007337]],[[22.431469893221266,65.354653917381],[22.431043678680528,65.354675012318],[22.4309931523228,65.35449707242591],[22.431469893221266,65.354653917381]],[[22.431144733661686,65.35503089202803],[22.430718512700164,65.35505198610977],[22.430667987664748,65.35487404609495],[22.431144733661686,65.35503089202803]],[[22.430819565036714,65.35540786606539],[22.430393337654223,65.35542895929188],[22.43034281394122,65.35525101915427],[22.430819565036714,65.35540786606539]],[[22.430595440058628,65.35614071959556],[22.430169200588885,65.35616181231107],[22.430118676687968,65.35598387210001],[22.430595440058628,65.35614071959556]],[[22.430494387345917,65.3557848394931],[22.430068153542283,65.35580593186427],[22.430017631151806,65.35562799160384],[22.430494387345917,65.3557848394931]],[[22.430270250656477,65.35651769265912],[22.429844004765197,65.35653878451926],[22.42979348218694,65.35636084418543],[22.430270250656477,65.35651769265912]],[[22.429945052187424,65.35689466511289],[22.429518799874426,65.35691575611767],[22.42946827861895,65.35673781566103],[22.429945052187424,65.35689466511289]],[[22.40976327391437,65.36041799274133],[22.40933694496236,65.36043902735872],[22.409286552010236,65.36026107882188],[22.40976327391437,65.36041799274133]],[[22.40891061525692,65.36046006077608],[22.40848428479807,65.36048109299338],[22.40843389751526,65.36030314411313],[22.40891061525692,65.36046006077608]],[[22.40714304584955,65.3710124417591],[22.406716542614774,65.3710334707325],[22.406666142818928,65.37085552138853],[22.40714304584955,65.3710124417591]],[[22.405830045738657,65.4427097085053],[22.404974703309044,65.44275178151771],[22.404924148515107,65.4425738331694],[22.405728925491264,65.44235381247272],[22.405830045738657,65.4427097085053]],[[22.40364353399543,65.36017851579989],[22.404069864234568,65.36015749729827],[22.404120221663987,65.36033544794422],[22.40364353399543,65.36017851579989]],[[22.403267554763303,65.36037748409056],[22.40369388859008,65.36035646661743],[22.40374424393761,65.36053441741045],[22.403267554763303,65.36037748409056]],[[22.40234097263109,65.36168618914922],[22.402391321908684,65.36186414045675],[22.401964962390597,65.361885154502],[22.40234097263109,65.36168618914922]],[[22.401186212676077,65.3606605052772],[22.40203889277427,65.3606184807887],[22.40224027633436,65.36133028646054],[22.401488258512472,65.3617282156964],[22.401186212676077,65.3606605052772]],[[22.401511871507637,65.36028359030675],[22.401085536751946,65.36030460160787],[22.40098486383828,65.35994869784037],[22.401511871507637,65.36028359030675]],[[22.400884193934935,65.35959279397477],[22.400457869765724,65.35961380338966],[22.40040753877755,65.35943585124853],[22.400884193934935,65.35959279397477]],[[22.397724577896337,65.43859738136459],[22.398152188746668,65.43857636662632],[22.39825318851548,65.43893226895317],[22.397724577896337,65.43859738136459]],[[22.373528658066977,65.30699136664794],[22.374805153874398,65.30692858893005],[22.374679871629134,65.30801729889339],[22.373828839801437,65.30805915155499],[22.373528658066977,65.30699136664794]],[[22.37680743812983,65.30791264628533],[22.376932631952634,65.3068239354539],[22.377783617956027,65.30678206568231],[22.377508289053427,65.30733688912329],[22.37850947788572,65.30782890264636],[22.381012434959214,65.30752529007854],[22.381112595999554,65.30788121243236],[22.38196360807365,65.30783931871933],[22.382288935012078,65.30746244873754],[22.38356542833786,65.30739959662081],[22.384892020487015,65.30751469338054],[22.38509245017057,65.30822653174474],[22.38429153526948,65.30844640311685],[22.38481726291707,65.30878136712305],[22.383540706327118,65.30884423052292],[22.383014993374612,65.30850926189979],[22.380987572961416,65.30896992499366],[22.381813806993783,65.31037266617808],[22.380261860454087,65.31099033317037],[22.37936066675952,65.31085425654499],[22.379861222928387,65.30956664102209],[22.378960080388843,65.30943056147011],[22.378859941268956,65.30907463745767],[22.37673229089615,65.30917931998638],[22.37645691756046,65.30973414195412],[22.377358058519693,65.30987023653387],[22.377458181029713,65.31022616171687],[22.378259208531524,65.31000632561673],[22.378359343830038,65.31036225006824],[22.377608370398384,65.31076004930864],[22.37703263252025,65.31024709685175],[22.37618153326003,65.31028896352905],[22.376757255690467,65.31080191940494],[22.375530628523858,65.31104267890314],[22.374279162803262,65.30966082727232],[22.374679871629134,65.30801729889339],[22.37680743812983,65.30791264628533]],[[22.380462197155733,65.31170217865933],[22.38003662771678,65.3117231225157],[22.379986545243934,65.3115451610093],[22.380462197155733,65.31170217865933]],[[22.379636455458463,65.3164338943324],[22.38006210132268,65.316412950827],[22.380112195508627,65.3165909121874],[22.379636455458463,65.3164338943324]],[[22.379260897382455,65.31663279834193],[22.37968654681942,65.31661185586357],[22.379736638928133,65.31678981737032],[22.379260897382455,65.31663279834193]],[[22.379110294673065,65.309964447306],[22.379060222497724,65.30978648538509],[22.379485761624142,65.30976554460425],[22.379110294673065,65.309964447306]],[[22.378885333656346,65.31683170147073],[22.37931098666611,65.31681076001944],[22.37936107669751,65.31698872167259],[22.378885333656346,65.31683170147073]],[[22.378084106949803,65.31705154294517],[22.378935420862643,65.31700966329463],[22.378985508816648,65.31718762509415],[22.378184272304768,65.31740746720283],[22.378084106949803,65.31705154294517]],[[22.37830943124127,65.31631875559395],[22.378359513379507,65.31649671766174],[22.377933864524554,65.31651765637586],[22.37830943124127,65.31631875559395]],[[22.378084040031744,65.31398430897309],[22.37723282216229,65.31402618281898],[22.377032551251393,65.31331433235407],[22.377933818781187,65.31345042218514],[22.378084040031744,65.31398430897309]],[[22.37705762071654,65.31186969597873],[22.37663204529877,65.3118906302546],[22.376581985417122,65.31171266738255],[22.37705762071654,65.31186969597873]],[[22.37610617536239,65.31462287373414],[22.375680554591,65.31464380577944],[22.37563049479858,65.31446584259012],[22.37610617536239,65.31462287373414]],[[22.375229770850584,65.31610937364496],[22.37480412523866,65.31613030346224],[22.374704011394197,65.31577437642504],[22.375229770850584,65.31610937364496]],[[22.3729513995731,65.31568011811308],[22.373377039698678,65.31565919359899],[22.373427087025213,65.31583715766605],[22.3729513995731,65.31568011811308]],[[22.373427087025213,65.31583715766605],[22.373902780127324,65.31599419565558],[22.37347713509883,65.31601512170872],[22.373427087025213,65.31583715766605]],[[22.37252634943785,65.3126338007344],[22.372951940798053,65.31261287792276],[22.373001978250688,65.3127908422331],[22.37252634943785,65.3126338007344]],[[22.373001978250688,65.3127908422331],[22.3734776127121,65.3129478821686],[22.37305201645018,65.31296880651907],[22.373001978250688,65.3127908422331]],[[22.37285131281113,65.31532418956473],[22.372425677588396,65.31534511253979],[22.372375638152807,65.3151671480585],[22.37285131281113,65.31532418956473]],[[22.37265114825113,65.31461233217588],[22.372751229037178,65.31496826091897],[22.37232559946417,65.31498918355285],[22.37265114825113,65.31461233217588]],[[22.372150789134896,65.31283268699985],[22.372576384066203,65.3128117652153],[22.372626419441378,65.31298972967187],[22.372150789134896,65.31283268699985]],[[22.371375759072315,65.30854061095658],[22.37095023191282,65.30856152864794],[22.37085020488706,65.30820559815263],[22.371375759072315,65.30854061095658]],[[22.37081022230675,65.39246571710378],[22.370383335713377,65.39248664702563],[22.37033313221944,65.39230868355395],[22.37081022230675,65.39246571710378]],[[22.370735050165088,65.39066515358657],[22.370308192754326,65.39068608299998],[22.370257993932334,65.39050811945543],[22.370735050165088,65.39066515358657]],[[22.37070981038387,65.39210979047816],[22.37028292947706,65.39213072005792],[22.370182526246897,65.39177479299263],[22.37070981038387,65.39210979047816]],[[22.370559198136363,65.39157590035677],[22.370132325759084,65.3915968294234],[22.37003192703793,65.39124090221178],[22.370559198136363,65.39157590035677]],[[22.370207462894843,65.39339739359308],[22.369780560581088,65.393418321966],[22.369730359016174,65.3932403582742],[22.370207462894843,65.39339739359308]],[[22.36263586138566,65.3158260103662],[22.362210208247028,65.31584690459306],[22.362160236613434,65.31566893602022],[22.36263586138566,65.3158260103662]],[[22.362371418192385,65.396307267243],[22.361517503129917,65.39634907948408],[22.361467350771736,65.39617111254334],[22.362371418192385,65.396307267243]],[[22.361040394958565,65.39619201668951],[22.35975952301396,65.3962547219139],[22.35960910457781,65.39572081889546],[22.360940098183743,65.39583608239327],[22.361040394958565,65.39619201668951]],[[22.345432351280465,65.43303905199322],[22.345004779825317,65.43305991689195],[22.34495465461166,65.43288194420053],[22.345432351280465,65.43303905199322]],[[22.344527085258644,65.43290280772403],[22.343671944298073,65.43294453115762],[22.343621828397023,65.4327665579297],[22.344527085258644,65.43290280772403]],[[22.343144147347317,65.43260944424615],[22.34319425964327,65.43278741766903],[22.342339119881665,65.43282913353426],[22.343144147347317,65.43260944424615]],[[22.33919584946879,65.43244117617168],[22.34133367672518,65.43233692219194],[22.341383776103886,65.43251489634608],[22.33919584946879,65.43244117617168]],[[22.341383776103886,65.43251489634608],[22.34228901329312,65.43265115977002],[22.341433876233765,65.43269287047592],[22.341383776103886,65.43251489634608]],[[22.33876828176445,65.43246202335416],[22.33834071330921,65.43248286933213],[22.33829063465743,65.43230489395943],[22.33876828176445,65.43246202335416]],[[22.337913144103084,65.43250371410562],[22.337485574146125,65.4325245576746],[22.337435501201846,65.43234658196073],[22.337913144103084,65.43250371410562]],[[22.33700793334787,65.43236742415463],[22.336152795387733,65.4324091049289],[22.336102731755496,65.4322311286792],[22.33700793334787,65.43236742415463]],[[22.335247596500324,65.43227280429439],[22.334392458242938,65.43231447509153],[22.334342406776404,65.43213649813552],[22.335247596500324,65.43227280429439]],[[22.33353731698365,65.43235614107058],[22.33310974522841,65.43237697225332],[22.333059702323343,65.43219899478589],[22.33353731698365,65.43235614107058]],[[22.332254599466918,65.4324186310052],[22.33182702546075,65.43243945857435],[22.331776991117298,65.43226148059557],[22.332254599466918,65.4324186310052]],[[22.33092184656216,65.43230313177938],[22.33134941921481,65.43228230678973],[22.33139945070435,65.43246028493891],[22.33092184656216,65.43230313177938]],[[22.330544298941074,65.43250193405449],[22.330971875197786,65.43248111009899],[22.331021904583555,65.43265908839436],[22.330544298941074,65.43250193405449]],[[22.32659607943981,65.4323333353778],[22.329161531980887,65.43220844066703],[22.329211548450722,65.43238641969245],[22.32659607943981,65.4323333353778]],[[22.31372876687125,65.39417092722694],[22.313301797753024,65.39419169621982],[22.313251977037844,65.39401370993868],[22.31372876687125,65.39417092722694]],[[22.309977158358897,65.41943021630803],[22.31083192350827,65.41938868766574],[22.310554122746044,65.4199434129604],[22.311508639610917,65.42025785367197],[22.313545842336833,65.41979802964788],[22.31364560695293,65.42015400072975],[22.31198590659788,65.42041507167598],[22.311658249369287,65.4207918126628],[22.312762448722403,65.42164020354868],[22.311102645568276,65.42190126580086],[22.31133058297655,65.42116855302882],[22.30937165358316,65.42036167651436],[22.309977158358897,65.41943021630803]],[[22.30917224139878,65.41964972745862],[22.308744853357496,65.41967048773573],[22.308695005030756,65.41949250024176],[22.30917224139878,65.41964972745862]],[[22.307950273705938,65.39517353740393],[22.307523282765587,65.39519429023956],[22.307473498903086,65.39501630167887],[22.307950273705938,65.39517353740393]],[[22.30364221369104,65.42929944226555],[22.304069763520115,65.42927869483529],[22.304119602952245,65.4294566839401],[22.30364221369104,65.42929944226555]],[[22.284541168279294,65.42607582284678],[22.284968683811375,65.42605512990582],[22.285018386222998,65.42623312668424],[22.284541168279294,65.42607582284678]],[[22.284163348706468,65.42627451170033],[22.28459086783729,65.42625381979452],[22.2846405681404,65.4264318167183],[22.284163348706468,65.42627451170033]],[[22.283785523426307,65.42647319966404],[22.28421304615589,65.42645250879342],[22.284262744350404,65.42663050586259],[22.283785523426307,65.42647319966404]],[[22.28270170235488,65.42724725589039],[22.28312923873489,65.4272265679562],[22.283178931348125,65.42740456543746],[22.28270170235488,65.42724725589039]],[[22.282323852135196,65.42744594043982],[22.28275139211416,65.42742525354093],[22.282801082618434,65.42760325116751],[22.282323852135196,65.42744594043982]],[[22.27127100356614,65.4048892633421],[22.2705157465093,65.40528656984024],[22.270416634984464,65.40493056375699],[22.27127100356614,65.4048892633421]]],[[[22.282372519999996,65.43193981],[22.2844176493342,65.43184072237442],[22.28412323257557,65.43078651303043],[22.28188817943882,65.43020444789666],[22.282372519999996,65.43193981]]],[[[22.32763024,65.43876407999998],[22.343622969309948,65.43798452275595],[22.337177314439177,65.43759124915175],[22.330334766178765,65.43792458172307],[22.32749764058997,65.43829209748895],[22.32763024,65.43876407999998]]],[[[22.53096889851054,65.40600153119827],[22.530541947981074,65.40602291559674],[22.531020222312037,65.40617942909411],[22.53096889851054,65.40600153119827]]],[[[22.521933356113575,65.39869378375946],[22.522360195971903,65.39867242489542],[22.522308948575915,65.3984945232684],[22.521933356113575,65.39869378375946]]],[[[22.466593642881712,65.37474575076352],[22.467020148135013,65.37472455213334],[22.466969331678783,65.37454662732739],[22.466593642881712,65.37474575076352]]],[[[22.368970552083237,65.31533448737352],[22.3681192730988,65.31537631022417],[22.367943681756138,65.31628705139583],[22.37139893344572,65.3162976988783],[22.37067310109231,65.31525082729844],[22.369771806341934,65.3151146942026],[22.369596273579507,65.31602543670641],[22.36874497348763,65.31606726331685],[22.368970552083237,65.31533448737352]]],[[[22.282239190830484,65.40075058742906],[22.28238807100815,65.40128458274322],[22.282815184962733,65.4012638999125],[22.282239190830484,65.40075058742906]]]]}}]}