{"type":"FeatureCollection","properties":{"source":"SMHI SE.SR Ytansamling av alger","date":"2013-06-08","note":"Test: SMHI WFS clipped to Lulea municipal sea area and simplified 20 m."},"features":[{"type":"Feature","properties":{"cyano_daymap_file_id":3571,"date":"2013-06-08Z","cloud":null,"sub_surfac":null,"surface":null,"no_data":null,"class":1,"color_hex":null,"algae_class":"class_1","source_date":"2013-06-08"},"geometry":{"type":"MultiPolygon","coordinates":[[[[22.604857299999995,65.49720581],[22.647689940000003,65.49503888],[22.645074480000005,65.48614647],[22.69038409961485,65.48383791746106],[22.692853070869294,65.48336759678345],[22.692836723058424,65.48371295481238],[22.70928726,65.48287479],[22.7077179340914,65.47757932234997],[22.706206389781077,65.47708912661605],[22.70599566412286,65.47637783260366],[22.704335996521518,65.47664324433332],[22.70417799247335,65.47610977147527],[22.70321651028753,65.47579790783993],[22.70380934402076,65.47486500055211],[22.702953222469052,65.47490878382806],[22.702367205863034,65.47439719839754],[22.703170656186682,65.47417559382657],[22.70306534720041,65.47381994418564],[22.703921432909286,65.4737761606496],[22.70381611566339,65.47342051162029],[22.705422917829104,65.47297728381777],[22.705692936891563,65.47242191492698],[22.70622629822397,65.47275566372087],[22.707833017638254,65.47231241113663],[22.708372929803293,65.47120166558209],[22.710137600537042,65.4712918574673],[22.709814992064846,65.47166941114757],[22.710453788381265,65.47235878860701],[22.713397135019,65.47202756027313],[22.715214607715616,65.47229551248567],[22.7145167773164,65.47287281960234],[22.71505025918518,65.4732065359567],[22.71804639022282,65.47305303625727],[22.718368894413228,65.4726754660771],[22.720561701302266,65.47274360057963],[22.72216816716988,65.47230019809501],[22.722865811592683,65.47172285756912],[22.724149775972403,65.47165701375421],[22.724472175030947,65.47127943164642],[22.726184090439414,65.47119161963964],[22.726342507097783,65.4717250650826],[22.728376785891538,65.47125964179347],[22.727732093204086,65.47201482089176],[22.728693716707493,65.4723265268903],[22.728847689212554,65.47284480962882],[22.732651325407428,65.47248443874517],[22.73329588522485,65.47172924003296],[22.73319017883773,65.47137361562352],[22.732281384678465,65.47123975107195],[22.732925926745228,65.47048455413658],[22.734584896425268,65.47021883551203],[22.735282209802783,65.46964144110731],[22.737316161651005,65.46917590080314],[22.73796050937661,65.46842068443456],[22.73924426587373,65.46835471442478],[22.739455816838092,65.46906595321126],[22.737849851694936,65.4695095343685],[22.738061376051583,65.47022077539863],[22.737041904935484,65.47117578974029],[22.739291658532522,65.47230892602629],[22.755157960067354,65.47149357347327],[22.754375869129827,65.46956213479176],[22.754644810116208,65.46900668986099],[22.756356454344928,65.46891853855139],[22.75742431589046,65.46958566405148],[22.758280152867354,65.46954157490637],[22.75758335739359,65.4701190700594],[22.757848442470667,65.4710080795402],[22.760330382687332,65.47122704711461],[22.77082591,65.47068623000001],[22.776140529999996,65.48846573],[22.74359698548449,65.4901381682091],[22.74318564172991,65.49035717505461],[22.74398472141772,65.49157981877636],[22.741732712404538,65.49277870148245],[22.741944569799927,65.49348993376205],[22.74114087646681,65.49371174724507],[22.740871423491182,65.49426717364882],[22.738782660176263,65.49455497224982],[22.738248426157885,65.49422134759895],[22.73696339682442,65.49428732252221],[22.73680459834619,65.49375389210498],[22.73589499978182,65.49362005772298],[22.733859140789228,65.49408559901829],[22.732521201311826,65.49397372470736],[22.736756555427203,65.49213161114777],[22.735688255291105,65.49146434388622],[22.735826643821913,65.49053749214531],[22.711924149999998,65.49176585999999],[22.712652073256663,65.49421841191618],[22.713943352075,65.49438417106443],[22.714530066201462,65.49489570435786],[22.71335048187062,65.49531711870522],[22.713254830469108,65.49624924874247],[22.714563019999996,65.50065686],[22.778800839999995,65.49735538],[22.78146314,65.50624496],[22.760045379999998,65.50734891999998],[22.76270252,65.51623889],[22.80555035,65.51402705],[22.807534658082858,65.5206246854793],[22.808414005982204,65.52075345580032],[22.808574465292203,65.52128679329383],[22.8078241143951,65.52158710016273],[22.808223809999998,65.52291604999999],[22.829651870000003,65.52180515],[22.8323345,65.53069362],[22.81089928,65.53180497],[22.811305680080356,65.53315313600814],[22.81344665632438,65.53313130168134],[22.813767971616713,65.53419796181917],[22.812247572449365,65.53627771037857],[22.818937769999994,65.55847134999999],[22.8075879904567,65.55905745711645],[22.807105486455377,65.55981965827928],[22.805924566199472,65.5602418095153],[22.80474271684258,65.56210838333256],[22.801790515818592,65.56244148601938],[22.800662926830714,65.56304137947336],[22.799051140793566,65.56493009551356],[22.799587650845794,65.56526348134098],[22.799586489052473,65.56670791562838],[22.795003994838897,65.56873583321604],[22.80015537,65.56847017],[22.80283374,65.57735921],[22.78135861,65.5784668],[22.78403179,65.58735624],[22.74106111,65.58956325],[22.743841283184167,65.59884532682754],[22.747264506727873,65.59882746099915],[22.751024631695888,65.5997179375618],[22.751827758797194,65.6009404991058],[22.7480102406231,65.6013167044261],[22.744355711790515,65.60056283344679],[22.74904951,65.61623387],[22.72753953,65.61733419],[22.73286073,65.63511517],[22.79222232773291,65.63207023663382],[22.792544375835906,65.63026232244505],[22.793782298370672,65.63001802316269],[22.796687475388353,65.63095164867967],[22.796527826627106,65.6318487056274],[22.797427979999995,65.63180239],[22.802800619999996,65.64958038],[22.716649049999997,65.65399499],[22.713990669999994,65.64510420999999],[22.67091729,65.64729239],[22.68150489,65.68285871],[22.700878306723798,65.68187563488605],[22.702020439977876,65.68147054039918],[22.700998051734263,65.68098092168707],[22.701323216454913,65.68060335963334],[22.699975702373933,65.68049129570153],[22.700088321896747,65.67940245093233],[22.698740875439306,65.67929037536055],[22.69885354483989,65.67820153101064],[22.697506165999755,65.67808944380019],[22.697399935457437,65.67773379900763],[22.693191934932244,65.67830848005318],[22.69260125866337,65.6777969038027],[22.693304836531343,65.67721963746472],[22.690716368730858,65.67735100161413],[22.69136690699196,65.67659591872436],[22.69007270192735,65.67666158950874],[22.690178826669058,65.67701724049724],[22.68855929014771,65.67746043827522],[22.689050730869745,65.6761718861849],[22.68991352083187,65.67612811282788],[22.688997677918497,65.67599406021124],[22.689269907641286,65.67543869678265],[22.688354092472668,65.67530464000423],[22.688520237450966,65.67439362525946],[22.690677061110286,65.67428419175592],[22.692084091210052,65.67312967496619],[22.695534802230263,65.67295448781873],[22.69666951342924,65.67235530411754],[22.69968876555839,65.67220192973578],[22.700226324519708,65.6725356570142],[22.704214503201236,65.67269399900866],[22.70410820728354,65.67233835959426],[22.702814253596905,65.67240413634936],[22.70227666461651,65.67207041853642],[22.70092959388048,65.67195835854645],[22.703570603294647,65.67200464651424],[22.702714198974135,65.67060400970777],[22.705036176471314,65.66958335207434],[22.70406735479043,65.66927156918152],[22.705739260768503,65.6690060332476],[22.706064215556733,65.6686284632368],[22.70983910657402,65.6680753883708],[22.711351316297822,65.66727634002811],[22.71312940673088,65.66736635821799],[22.71247972560195,65.66812152542744],[22.713123757829838,65.66881083877095],[22.71479553529417,65.66854520446685],[22.717063620764776,65.66734655462932],[22.718788496239213,65.6672586920612],[22.720076883354267,65.66863725919579],[22.719693611829776,65.6702815208243],[22.720987407986136,65.67021560190128],[22.72200972869026,65.67070508672936],[22.722382609446587,65.67194977180051],[22.7214615902978,65.67326039101998],[22.72226582325639,65.67448309875148],[22.721403153951222,65.6745270546042],[22.72081201694567,65.67401559280815],[22.71994936022551,65.67405954027599],[22.719677805670077,65.67461495171177],[22.717952444496785,65.6747028293553],[22.71805894196938,65.67505845702111],[22.71945949959423,65.67534817600125],[22.716333544677415,65.6751463166477],[22.716440022140194,65.67550194565462],[22.715577307046136,65.67554586889214],[22.715737011853623,65.6760793132887],[22.714064762082945,65.67634496280446],[22.714171214355826,65.6767005936633],[22.715465347725726,65.67663471832542],[22.71449059048878,65.67776748560237],[22.71529464895108,65.67899023207548],[22.71782987281633,65.67868063523392],[22.718527589872423,65.6795477351679],[22.71604553827232,65.68003515897442],[22.71658347395201,65.68036882453221],[22.714479514427815,65.68065644486644],[22.71318517726789,65.68072231389102],[22.71248760390385,65.6798551879475],[22.70908931282545,65.68020858563803],[22.709236205276767,65.68145062460533],[22.724636269999998,65.68066691999998],[22.73264163,65.70733826],[22.747210735946737,65.70659455249574],[22.747715649125997,65.69814462065249],[22.751787496537755,65.69814043751614],[22.751548359999997,65.69734652],[22.822778429599353,65.69367957695727],[22.834625625970205,65.691171722962],[23.0439526591749,65.41743683403658],[23.1383421263494,65.2880901187065],[23.126290963549746,65.28718903326698],[23.12694626,65.28930399],[23.063268949999998,65.29274737],[23.066002089999998,65.30163106],[23.04476524,65.30277335],[23.05569011,65.33830923999999],[23.034423150000002,65.33945042000002],[23.037152429999995,65.34833468],[22.97331823,65.35174166000002],[22.98417115,65.38728356],[22.920234070000003,65.39066916],[22.92293117,65.39955584],[22.901607699999996,65.40067884],[22.90968983,65.42733984999998],[22.845643580000004,65.43069497000002],[22.840296019999997,65.41291829],[22.73358325,65.41844558],[22.736220549999995,65.42733621],[22.672147850000005,65.43061789000001],[22.664305779999992,65.40394177999998],[22.6429656,65.40502833],[22.640362579999998,65.39613571999999],[22.555010819999996,65.40045012999998],[22.56274047,65.42713306],[22.541376370000002,65.42820547],[22.543949659999996,65.4371001],[22.47982445,65.44030059],[22.47727253,65.43140465],[22.434527080000002,65.4335224],[22.4396043,65.45131593],[22.42295485626715,65.45213730053369],[22.424143313771495,65.45371676629719],[22.42109777819291,65.45368643405801],[22.420996399317616,65.4533305508866],[22.4191837238849,65.45305898582804],[22.418097210578768,65.45195926349689],[22.416639315025332,65.45174080998449],[22.415581106228636,65.45107117182953],[22.4134421094125,65.45117648995115],[22.41225995125614,65.45159555678089],[22.41203463740781,65.45232839474814],[22.409895520719047,65.45243366381222],[22.408814458115106,65.45320859713802],[22.4079587787144,65.45325069047502],[22.40863964224395,65.45411937765263],[22.40793573879238,65.45469531098645],[22.406601548949265,65.45458049508504],[22.40632546137919,65.45513537893449],[22.40541912706102,65.45499951098893],[22.40418608775616,65.45524056966678],[22.403933202476754,65.45435082756443],[22.401793881317165,65.45445598385801],[22.401039259374315,65.45485393726365],[22.402299527971245,65.4562354760573],[22.4003622677129,65.45705241045958],[22.400463383638744,65.4574083101289],[22.399331287142047,65.45800523049186],[22.398424886305023,65.45786932121734],[22.39772065858374,65.45844521017223],[22.39595838083385,65.45835131851472],[22.395304612927156,65.45910514850388],[22.39072465028781,65.46131468140358],[22.387728709284794,65.4614616385707],[22.387024150510648,65.46203748094537],[22.386168140359864,65.4620794540632],[22.38626908683533,65.46243536493785],[22.384985048769583,65.46249831660185],[22.384657961193497,65.46287521022947],[22.38037772031007,65.46308496210352],[22.380228064112323,65.4632573634458],[22.420748769999996,65.46126826],[22.425823139999995,65.47906228999999],[22.36157783,65.48221375],[22.359061159999996,65.47331547],[22.33764943,65.47435949],[22.335141810000003,65.46546073000002],[22.313735359999995,65.46650130999998],[22.31623582,65.4754005],[22.29482032,65.47643849],[22.29572273966298,65.4796559370833],[22.297771024060307,65.47955679420733],[22.298527942368768,65.47915933474057],[22.30071971204533,65.4792336065189],[22.30011261020064,65.48016504522454],[22.299255839550653,65.48020653305821],[22.29774194367396,65.48100145607712],[22.29608312188216,65.48094082788026],[22.299812539999994,65.49423752999999],[22.335018954266967,65.49252574501267],[22.335195384866477,65.49217362009199],[22.336531228963192,65.49228905063012],[22.3368593622661,65.49191225094921],[22.33771644413978,65.49187054674034],[22.338372657156377,65.49111694205128],[22.338071381034823,65.49004909784892],[22.339306688974045,65.48980855675357],[22.340692655426302,65.49010192506921],[22.340793113703334,65.49045787113343],[22.341650140333304,65.49041614516295],[22.342229371401856,65.49092919774084],[22.343993699604756,65.49102369614901],[22.34827886440091,65.49081492660484],[22.34989232441041,65.490375446289],[22.352513643681924,65.49042806798977],[22.352841522193874,65.4900512361539],[22.353370646725242,65.49038627577767],[22.35808410939825,65.49015633226595],[22.358890740565933,65.48993654290027],[22.358790038409918,65.48958061131584],[22.35969735799563,65.48971674936558],[22.359369583334185,65.49009359503944],[22.36156239493316,65.4901669735461],[22.36186066191485,65.49122066373293],[22.385520549999995,65.49006406],[22.388048159999997,65.49896178],[22.4094776,65.49791044],[22.41709339,65.52460194],[22.39564242,65.52565458],[22.3931091,65.51675704],[22.386488378382204,65.51707902229465],[22.387318853333962,65.51813703847836],[22.386032080611507,65.51820002647439],[22.386612825360487,65.51871289362877],[22.384417556663948,65.51863990325278],[22.384140394703227,65.51919475723841],[22.38285356061584,65.51925771880119],[22.382400312869144,65.52072333266113],[22.380204882640957,65.52065028274622],[22.37901908684743,65.52106912559061],[22.377303163529287,65.52115301524455],[22.378086034226364,65.52237774627562],[22.3763700213021,65.52246162623648],[22.376521664812827,65.5229955000606],[22.377379690043202,65.52295356146641],[22.377960377744287,65.52346646241011],[22.374477659158817,65.5234562428633],[22.37478088959187,65.52452399471578],[22.373392703039364,65.52423096130697],[22.37354429808279,65.52476483859729],[22.372686205897686,65.52480675610032],[22.37167655012982,65.52431478941166],[22.370389427467227,65.52437764779134],[22.370490449817687,65.52473356841668],[22.369682859306913,65.52495342926335],[22.37026344397898,65.52546636077925],[22.369405322381198,65.52550825996246],[22.368345201430405,65.52483830991302],[22.36630090193345,65.5252989451375],[22.36655333493444,65.52618875462113],[22.365215625512768,65.52607360810795],[22.36531658525701,65.52642953280996],[22.364079812248825,65.52667030111901],[22.36566996828764,65.5276752684961],[22.367386365368237,65.52759150611139],[22.36705825791079,65.52796837175242],[22.364054509460495,65.52811493716241],[22.363953559052888,65.52775901152646],[22.362615778716023,65.5276438427278],[22.36238852990267,65.52837662568079],[22.3598138232717,65.52850217799515],[22.359157356553705,65.52925587821291],[22.35925824855757,65.52961180762834],[22.36011652469311,65.5295699644743],[22.35988919162921,65.5303027445069],[22.35731428051576,65.53042825631293],[22.35655683157519,65.53082601542833],[22.357566467068644,65.53131808322694],[22.357818672597798,65.53220790953016],[22.35600107345125,65.53193563491516],[22.354915220935684,65.53271022968976],[22.355546129624216,65.53340118501679],[22.353778886268376,65.53330685052082],[22.35398056443044,65.5340187175006],[22.35264249980175,65.5339034633305],[22.352515750017517,65.53499216909152],[22.354232679207502,65.53490855067592],[22.354333530430818,65.53526448377512],[22.351808507034985,65.53556787373928],[22.351228045157743,65.53505487019676],[22.350369571457918,65.53509666488286],[22.35004112712861,65.53547349694125],[22.347945280603973,65.5357559272289],[22.34761679309824,65.53613275445223],[22.34852569492984,65.53626894383531],[22.34862647466251,65.53662488144525],[22.34991426453592,65.53656220163727],[22.34925731879451,65.53731586362731],[22.348297986863486,65.53700171014945],[22.34620199790706,65.53728411770268],[22.345923841569274,65.5378389114176],[22.34501489714522,65.53770270682865],[22.345166006077353,65.53823661732442],[22.344408147552098,65.5386343196637],[22.341731627532546,65.53840363405509],[22.341832324543415,65.53875957700602],[22.340544402806366,65.53882218933657],[22.34026611069212,65.53937697399243],[22.338978153945803,65.53943957333955],[22.33912915149631,65.53997349096213],[22.33822016508362,65.53983724597647],[22.337512476454197,65.54041288819727],[22.336452534477598,65.53974271294369],[22.335164548637724,65.53980528012134],[22.335265162593057,65.54016122826133],[22.3336484084434,65.54060058499942],[22.332990892268338,65.54135418198597],[22.33132374073405,65.54161553996526],[22.33099494133527,65.54199233417297],[22.332863300894353,65.54244287954808],[22.332963895731545,65.54279882940398],[22.331826620931775,65.5433952946228],[22.333114793667118,65.54333275400556],[22.333695096458285,65.54384582858087],[22.327331616667205,65.54289177623252],[22.326271828184566,65.54222152816756],[22.32397422137187,65.54179172337874],[22.325591217671466,65.54135246760433],[22.32912664560779,65.54154176510136],[22.32892557536062,65.54082985903861],[22.329633467077098,65.54025425496951],[22.32895280039623,65.53938521007456],[22.33046901813344,65.53858995147081],[22.33132764518397,65.53854826817812],[22.33122709244589,65.53819231681334],[22.33488962482142,65.53729278829933],[22.334789029338598,65.53693683972355],[22.33865254495632,65.53674911927187],[22.33802199446497,65.5360580899769],[22.339638394303158,65.53561869002012],[22.33953774184373,65.53526274516477],[22.340396241933178,65.53522101167408],[22.340624160470583,65.53448825516612],[22.342240418806288,65.53404882881313],[22.342897492482198,65.53329519601574],[22.344185134674944,65.5332325664297],[22.344285841060795,65.53358850766014],[22.345952344648094,65.53332701331549],[22.34585161675436,65.53297107340744],[22.34698812234163,65.53237451042177],[22.348326085822578,65.53248981560151],[22.34913409341859,65.53227006465333],[22.34903332706221,65.5319141272446],[22.351457237159924,65.53125485124136],[22.35158402209472,65.53016614600779],[22.352593539184074,65.53065824816879],[22.354360598671022,65.53075259833795],[22.355496811634094,65.53015597434356],[22.354765156436194,65.52910908501593],[22.357339952232394,65.5289836177435],[22.35675953688574,65.52847063495211],[22.35799646561224,65.52822992494815],[22.357845164219505,65.52769602917185],[22.35655783469417,65.5277587719062],[22.356785243737818,65.52702599612094],[22.358122969351957,65.52714121702643],[22.358880289961984,65.5267434513426],[22.357946889302774,65.5249847176033],[22.35918364275246,65.52474399963262],[22.359840002501738,65.52399030035716],[22.362843305039917,65.5238438230725],[22.363600459185694,65.5234460354115],[22.36349953675997,65.52309010919052],[22.36264148015263,65.52313196935444],[22.362111548571043,65.52279697027306],[22.361960201054252,65.52226307906585],[22.363247243980076,65.52220029321002],[22.364811889532096,65.52158267398387],[22.364610032086148,65.52087082321368],[22.36332305863573,65.52093361997494],[22.36279316479463,65.52059862290434],[22.363070797023088,65.52004380338563],[22.363651137874182,65.52055676271158],[22.364837164920385,65.52013803806678],[22.3641558972383,65.51926915754959],[22.365487357229036,65.51810035461638],[22.360844376680653,65.51832615440337],[22.359437245753995,65.51949934213428],[22.357342784231584,65.51978188881817],[22.35724196418139,65.51942595740175],[22.355904640283807,65.51931072470934],[22.355324479474287,65.51879773386858],[22.355750578095673,65.51857387860198],[22.32668675935295,65.51998732498909],[22.327161762702286,65.52070892701933],[22.326303714177413,65.52075058095201],[22.325317806689537,65.52188092393332],[22.32445971610583,65.52192256782114],[22.324560100965353,65.52227852536176],[22.323752183668724,65.5224981441702],[22.32367444279255,65.5237648164396],[22.322816287137968,65.5238064516479],[22.322537757483772,65.5243612060599],[22.31983512140503,65.52557477006535],[22.319305680523346,65.52523961621479],[22.318068516579913,65.5254800121512],[22.314585474234203,65.52546841674506],[22.314184437592054,65.52404455475858],[22.314892224126687,65.52346902066068],[22.3143127649512,65.52295586564247],[22.315978914020334,65.52269470495577],[22.31663648666336,65.52194118129691],[22.316229372850895,65.52049589391802],[22.31065217998792,65.52076712679253],[22.308991853650173,65.52104868872843],[22.309192196604368,65.52176062847866],[22.307955097999585,65.52200094105537],[22.30568109144074,65.52319348175327],[22.301290129710676,65.52304512379551],[22.300303045971553,65.52417531525433],[22.299444831903568,65.52421681844146],[22.299294755810013,65.52368285219323],[22.298386537887055,65.52354636038102],[22.295003726621776,65.52389029042867],[22.29421630915706,65.52573240708756],[22.2919413454496,65.52692475062332],[22.290224701476138,65.52700765937087],[22.29058330407316,65.52518628646975],[22.288716902113553,65.52473519993852],[22.287050333163037,65.52499606443706],[22.292250205060242,65.5447216124388],[22.295984272190456,65.54440930526003],[22.3023470517581,65.54536468240642],[22.302067879056356,65.54591940539723],[22.303456470464596,65.5462130892366],[22.30360678823811,65.54674704891885],[22.305704029665037,65.54646521907847],[22.303807222500325,65.54745899482367],[22.3044233743668,65.54813502050618],[22.357778349999997,65.5455474],[22.35525561,65.53664913],[22.398177649999997,65.53455206],[22.39911317873122,65.53782910111985],[22.399329198028845,65.53739640600347],[22.40061687844476,65.53733329578435],[22.401323073957784,65.53675737360062],[22.402181503429915,65.53671529026786],[22.402966048124455,65.53793987567448],[22.401299861743528,65.53820199475224],[22.40225985884955,65.53851580546335],[22.401124384807414,65.5391127731495],[22.4021351762253,65.539604531858],[22.399908734217686,65.54061583332303],[22.40076983467016,65.54363216141317],[22.402998249209578,65.54262963058245],[22.407669811397163,65.54222010475293],[22.4069585968063,65.53972887376578],[22.408043158862103,65.53895391859425],[22.408901647504404,65.53891179654434],[22.408800034993916,65.53855590753884],[22.415260954160676,65.53679522756428],[22.417406957314252,65.53668981312082],[22.41854194819969,65.53609272810438],[22.418440217479333,65.53573684675885],[22.419727760146152,65.53567357528321],[22.41962601522839,65.53531769487724],[22.420913533745797,65.53525441355266],[22.42124094018682,65.5348774382382],[22.422833787822718,65.53588177738203],[22.42492877002335,65.53559831859249],[22.42465231655634,65.5361532396182],[22.42621628685597,65.53553499215963],[22.4263690417163,65.53606880471484],[22.424906865783825,65.53704293017903],[22.425008690838172,65.53739880622973],[22.425867095224163,65.53735658877207],[22.42579432538094,65.53862326228891],[22.426652768511797,65.5385810399858],[22.425466941513665,65.53900024722977],[22.42572155204522,65.53988993580582],[22.424586568497293,65.5404870746024],[22.422869545682,65.5405714922609],[22.422542096196718,65.54094847153036],[22.42049755024992,65.54140984157276],[22.418656453256606,65.54258294672026],[22.414188430219536,65.54370457953053],[22.409115448666324,65.54575793439928],[22.407347205878015,65.5456642356417],[22.407573307111225,65.54493139679373],[22.406714617786555,65.54497351331152],[22.40570352706125,65.54448178818463],[22.406460595584242,65.54408378691117],[22.406308191440583,65.54354995077436],[22.405980464902928,65.5439268969631],[22.400878713714285,65.5440135512014],[22.408337669999998,65.57014134999999],[22.45130968,65.56802871],[22.44875238,65.55913235],[22.47022829,65.55807192],[22.45743472,65.51359135],[22.43599476,65.5146496],[22.43344899,65.50575287000001],[22.47631265,65.50363421],[22.47887276,65.51253008],[22.537935897251952,65.50958045690892],[22.537787759361194,65.50906990603647],[22.538541772341404,65.50867127584223],[22.538438536460774,65.5083154910509],[22.537152691753217,65.50837975538896],[22.536946263701566,65.50766818339387],[22.536192253959808,65.50806680559461],[22.53566044641394,65.5077324347578],[22.532711756118754,65.50806020713911],[22.53115199083236,65.50867951194428],[22.530878063692274,65.50923460069936],[22.528837981164923,65.50969738856324],[22.528203132141655,65.50900719809141],[22.525631306918996,65.50913554307215],[22.52456792706573,65.5084667228245],[22.523333548640185,65.50870876828922],[22.522682321162442,65.50946312281344],[22.521396373230502,65.50952725416798],[22.520864721595828,65.5091928296934],[22.521996133481565,65.5085950056344],[22.52179011610084,65.50788340877476],[22.52007561743649,65.50796890369293],[22.51974996930587,65.5083460746364],[22.51911539382007,65.50765584322237],[22.51611502067191,65.50780539348045],[22.51584077964995,65.50836045816521],[22.51460632092791,65.5086024331784],[22.514503411273186,65.508246628742],[22.512788860000825,65.5083320415454],[22.51258309584897,65.50762042956822],[22.511725838512373,65.50766312732395],[22.51109149130951,65.50697285990871],[22.510131409691596,65.50665974092654],[22.508845562543137,65.50672376448543],[22.50906852607993,65.50599080661911],[22.50649688436726,65.50611882418006],[22.505742443340395,65.50651729883312],[22.504885208698177,65.50655995756254],[22.504353828364383,65.50622547227384],[22.50354797536396,65.50644602984187],[22.502485267077674,65.50577704746281],[22.50361696501944,65.50517935808939],[22.50351422125378,65.50482354449416],[22.500188166706675,65.50534991419616],[22.49953634152292,65.50610417502672],[22.49749591944712,65.50656654330315],[22.496415348405566,65.50734209856968],[22.494700785168856,65.50742730632598],[22.494426089171952,65.50798233675002],[22.491579401645435,65.50866513398464],[22.490927247768834,65.50941936102498],[22.49001859853774,65.50928402477324],[22.488406440925086,65.50972498733108],[22.488252604742353,65.5091912485751],[22.487395247934685,65.50923380935198],[22.48767010608311,65.50867879006181],[22.485526747454905,65.5087851742892],[22.48520058532122,65.50916227596697],[22.483863293644674,65.50904817469413],[22.483537104154653,65.50942527306003],[22.481444896041086,65.50970951524626],[22.480536282518578,65.50957412163719],[22.480331384922426,65.50886245705333],[22.482046098868363,65.50877741076023],[22.481943631743285,65.5084215797124],[22.483332126241415,65.5087136133581],[22.48398448543746,65.50795941700902],[22.48484180714125,65.50791687593247],[22.485974007585785,65.50731931358052],[22.487259951617492,65.50725548360764],[22.487963431369433,65.50667918496573],[22.490963869458835,65.50653019284941],[22.4914437933645,65.50668681515576],[22.491220327710877,65.50741975209586],[22.491975020391152,65.50702134738037],[22.49293490415639,65.50733458368386],[22.49267838855108,65.50644502792876],[22.493810343857007,65.50584740937447],[22.492286250113345,65.50357715383029],[22.494806417207137,65.50327146932935],[22.494960345141855,65.50380520047455],[22.497685813895565,65.50421110859139],[22.50068590165381,65.50406192704897],[22.50133764567789,65.50330766209015],[22.500755031018393,65.50279525519306],[22.502263836803255,65.50199835269476],[22.501955715330475,65.50093090783508],[22.503515739162378,65.50031190173993],[22.50411595053751,65.499379719623],[22.50529871021418,65.49895992742017],[22.505144605675714,65.49842620861293],[22.50670440544846,65.49780717188554],[22.506242051207877,65.49620601971449],[22.505385155637022,65.4962486778284],[22.504974272402915,65.4948254269421],[22.506156815574375,65.4944056302312],[22.505522957750355,65.49371533449872],[22.506379770031632,65.49367267645171],[22.506551349613574,65.49276181660787],[22.504786431020637,65.49266922262916],[22.50468373071472,65.49231340939991],[22.503826959627833,65.4923560574097],[22.503295892889557,65.4920215652258],[22.505009412153182,65.49193627060423],[22.504375648309033,65.49124596910703],[22.503518911586244,65.49128861501984],[22.505181031851663,65.49102541191309],[22.504016253927777,65.49000062095162],[22.50778604953409,65.48800827776103],[22.507906195429015,65.48691951166215],[22.505987634169884,65.48629321088104],[22.505782264449508,65.48558158568508],[22.504925716018736,65.48562423765621],[22.50482304723324,65.48526842420803],[22.503966507167192,65.48531107065476],[22.504497440646897,65.48564556183217],[22.50369221455308,65.48586611377533],[22.502356052224876,65.48575216461599],[22.503161286576564,65.48553161971141],[22.50241906907737,65.48429111921432],[22.4926128,65.48477930999998],[22.492403864283787,65.4840534428996],[22.489595440098544,65.48367989049181],[22.48997246917552,65.48348069589592],[22.489288096148503,65.48261241197551],[22.491617588086857,65.48132182748445],[22.4874917,65.46698801],[22.551681119999998,65.46378358999999],[22.554262139999995,65.47267795],[22.597059699999996,65.47052573],[22.604857299999995,65.49720581]],[[22.719677805670077,65.67461495171177],[22.72150969788064,65.67488267937438],[22.719837587929792,65.67514839099908],[22.719677805670077,65.67461495171177]],[[22.371121562536935,65.52542445675803],[22.371222599757843,65.52578037674552],[22.37079353510803,65.52580132970473],[22.37026344397898,65.52546636077925],[22.371121562536935,65.52542445675803]],[[22.354845122668497,65.51864067404345],[22.355274085115948,65.51861976733983],[22.355324479474287,65.51879773386858],[22.354845122668497,65.51864067404345]],[[22.59187105,65.45273869],[22.594278276404435,65.45261695292416],[22.596654499943877,65.45160879237743],[22.5968746127733,65.45087573514489],[22.59853318204168,65.45061154193648],[22.600671222090483,65.45050361044447],[22.601254545964924,65.45101562421],[22.602537383980508,65.45095084566746],[22.602317430060314,65.45168390951243],[22.60327652094192,65.45199645282787],[22.602468871008043,65.45220274218161],[22.60714688306647,65.4519661680448],[22.60467543176957,65.45084285735345],[22.604467717825973,65.45013139138959],[22.606605689128372,65.45002337651597],[22.607564767525027,65.45033589269875],[22.61007836708967,65.45002835435479],[22.61044213955943,65.45127340325081],[22.61750474354557,65.45019422292496],[22.61782845142243,65.44981685550981],[22.618516296471732,65.45068451302998],[22.62012322397205,65.45024219219005],[22.622261922883087,65.45013391585282],[22.622897868874613,65.45082369268583],[22.62217788980083,65.45120602732707],[22.634632280000005,65.45057619000002],[22.63723989,65.45946885],[22.65862471,65.45838264],[22.66124141,65.4672748],[22.651222142682577,65.46778229561984],[22.65083439848051,65.46908119149128],[22.65152387779823,65.46994868153936],[22.65077239016671,65.4703478614178],[22.65091955639339,65.47232591837782],[22.64935433190681,65.47439094028513],[22.64764189729649,65.47447788637768],[22.64657658957796,65.47380995848137],[22.64385121862745,65.47340677395327],[22.64326638273226,65.47289494704755],[22.641501788233125,65.47280397272307],[22.638714004072682,65.4736673657888],[22.63693889648148,65.47502086236727],[22.63361820311369,65.47555016323795],[22.633461648654052,65.47501660161734],[22.6326053805825,65.47505998749088],[22.633148560879366,65.47394947767638],[22.629567142180353,65.47358941712291],[22.629578027845852,65.472144889684],[22.627061606326738,65.47245282072785],[22.627281162568735,65.47171971846169],[22.629160850181346,65.47072204408869],[22.631572759864984,65.47005837047934],[22.63328496979923,65.46997160897808],[22.634788446601405,65.46917341440164],[22.636500585771884,65.46908661716459],[22.637398757574477,65.468482477297],[22.597059699999996,65.47052573],[22.59187105,65.45273869]],[[22.63367038949995,65.47572801705965],[22.63319006089797,65.47557185731056],[22.63361820311369,65.47555016323795],[22.63367038949995,65.47572801705965]],[[22.832305859999998,65.45847322],[22.853679949999997,65.45735949000002],[22.85636276,65.46624752],[22.899119130000003,65.46401012000001],[22.90181819,65.47289717],[22.837659249999998,65.47625012999998],[22.832305859999998,65.45847322]],[[22.827739653616135,65.63386240724091],[22.827632489883403,65.6349512875515],[22.825425748094528,65.63488485485897],[22.825801902000737,65.63324040299995],[22.827093526595448,65.6331736029147],[22.827739653616135,65.63386240724091]],[[22.822572294375163,65.6312407254844],[22.820796391533957,65.63115196604971],[22.82047334141655,65.63008533756802],[22.82128048711853,65.62986306547191],[22.821495596248415,65.62912972924843],[22.822787029854346,65.62906296782369],[22.825800860003202,65.63035156682396],[22.825908614355193,65.6307071052041],[22.825101484014965,65.63092940176946],[22.825855258895658,65.63197375409239],[22.823702640189822,65.63208506295804],[22.82354104482849,65.63155175262197],[22.822411059204832,65.63215183371675],[22.822572294375163,65.6312407254844]],[[22.815522742275878,65.62673006355358],[22.81627602771109,65.62633004506503],[22.816060829566652,65.62561895136106],[22.817298299367923,65.62537446490997],[22.817621104491078,65.62499667922545],[22.819826989357836,65.62506323436784],[22.821441226396693,65.62606311675711],[22.824938486508973,65.62606283720524],[22.825046207627516,65.62641837652258],[22.82230239004168,65.62746303193016],[22.82246392933398,65.62799634413891],[22.820795922075543,65.62826312396764],[22.820580580953948,65.62755203814937],[22.81799784293907,65.62768551108319],[22.81826684732955,65.62712995123476],[22.815522742275878,65.62673006355358]],[[22.821442579518827,65.63328522008311],[22.822572635869715,65.63268514545587],[22.82321863084198,65.6333739704073],[22.822895811144196,65.63375176820132],[22.821442579518827,65.63328522008311]],[[22.822519119009293,65.63395179488698],[22.82208856067031,65.63397404999658],[22.822034701060833,65.63379627926791],[22.822519119009293,65.63395179488698]],[[22.822034385768553,65.63235185899939],[22.8220882417666,65.63252962976212],[22.8216577065512,65.63255188340749],[22.822034385768553,65.63235185899939]],[[22.819511181685826,65.67021809147666],[22.819834474033037,65.66984029577824],[22.82199024585568,65.66972900894913],[22.821398075595983,65.67210679846947],[22.81897270970265,65.67277364494852],[22.816762748334174,65.67270711967096],[22.816493156310298,65.67181825895595],[22.81546904116039,65.67132942910771],[22.819511181685826,65.67021809147666]],[[22.818966404684325,65.62799656938483],[22.8190202288139,65.6281743415576],[22.81858976259136,65.62819658577554],[22.818966404684325,65.62799656938483]],[[22.807007508831852,65.66941850275568],[22.80641482212247,65.66890739053649],[22.805552510984445,65.66895182052946],[22.805283350147583,65.66806293551242],[22.806684875430392,65.66690741579812],[22.808355505809423,65.66664076376625],[22.809864529197505,65.66584076832406],[22.81363663573441,65.66528514303488],[22.815845878818337,65.66390729704489],[22.817516216666178,65.66364054728035],[22.818486145588547,65.66395159459672],[22.81875570741408,65.66484045198926],[22.81789355694598,65.6648849503841],[22.81762420127364,65.66544051351683],[22.81643874146469,65.66586279479868],[22.816600448378743,65.66639611179808],[22.81751656147536,65.66652939210798],[22.817139364948247,65.66672941076871],[22.817786122349457,65.66741825126365],[22.816007838824675,65.66877388473726],[22.813582636096182,65.66944064342105],[22.812181401867544,65.66915179951486],[22.812073643221897,65.66879625124106],[22.80991789770742,65.66890739703398],[22.80910945241831,65.66912962227377],[22.809809927480618,65.66999627363087],[22.80657592429238,65.67088514878347],[22.80549819323463,65.67021847286956],[22.80673787677026,65.66997404946846],[22.807007508831852,65.66941850275568]],[[22.81159354835869,65.63397448312652],[22.810140501026282,65.63350782482661],[22.80540610668562,65.62941888866114],[22.805299273373045,65.62761890271508],[22.80793632211872,65.62621899363192],[22.809281405944365,65.62633012508927],[22.809442669531457,65.62686345401805],[22.81164869987672,65.62693012659865],[22.81224047760689,65.62744122753914],[22.81369321458144,65.62790786891782],[22.814554146751348,65.62786340705654],[22.814338848835526,65.62859673538512],[22.815630278108422,65.62853003493984],[22.815145921133787,65.62981892017874],[22.81433872215484,65.63004116018533],[22.81444631811388,65.63039670835066],[22.815845453061446,65.63068555302006],[22.81563017323509,65.63141888302202],[22.81654503337483,65.63155218214192],[22.816975587642297,65.6329743663502],[22.816383585011888,65.63390770974857],[22.817083276806326,65.6347743352668],[22.815468595623237,65.63521883458249],[22.813800189174952,65.6340411180707],[22.81159354835869,65.63397448312652]],[[22.813993640177465,65.50313168118892],[22.81351175283059,65.50297611209542],[22.813940160945588,65.5029539039303],[22.813993640177465,65.50313168118892]],[[22.814154647924592,65.50222058598246],[22.815011437265266,65.50217616507676],[22.814796974764494,65.50290948398141],[22.813940160945588,65.5029539039303],[22.814154647924592,65.50222058598246]],[[22.80814424936664,65.65004095296995],[22.81035225679521,65.65010762389177],[22.810513720412505,65.65064094977693],[22.808682336987086,65.65181871438648],[22.805342943479445,65.65235198782278],[22.80814424936664,65.65004095296995]],[[22.80818907311906,65.68921827806992],[22.808296880756757,65.6895738286923],[22.807433885813527,65.68961827645273],[22.80818907311906,65.68921827806992]],[[22.8050267973564,65.63539659322001],[22.803734993937777,65.6354632072792],[22.80341257972161,65.6343965358203],[22.804166271633445,65.63399657321398],[22.805027425216743,65.63395216312233],[22.805726741448225,65.63481884491051],[22.8050267973564,65.63539659322001]],[[22.80539896178528,65.64675204660958],[22.804698703801648,65.64732979675986],[22.803837105847645,65.64737420960726],[22.802867980750808,65.64706306046801],[22.802706700999302,65.64652972457158],[22.80442984227062,65.6464409073884],[22.80539896178528,65.64675204660958]],[[22.804683240887158,65.68921826016386],[22.804305622466842,65.6894182513686],[22.805006529262215,65.69028492065564],[22.80425126153053,65.69068490405851],[22.801608269011076,65.69064038713051],[22.80144668843259,65.69010705269584],[22.80225584764523,65.68988486080634],[22.802525758362396,65.68932931902305],[22.804683240887158,65.68921826016386]],[[22.758894426480246,65.6623214913102],[22.760190746598834,65.66081078879142],[22.76148394621293,65.66074453107304],[22.763425164293796,65.65992289736275],[22.761917960895218,65.65927798864787],[22.761757431353807,65.65874460150457],[22.76456052505667,65.6578787764689],[22.76671558776367,65.65776828158093],[22.768549316783655,65.65659099921116],[22.76941129333185,65.65654678278092],[22.76930418372871,65.65619119759373],[22.77210674495032,65.65532523875905],[22.77356269309906,65.6543478076992],[22.77485552951528,65.65428143985058],[22.775125706503697,65.65372594428855],[22.77744328497684,65.65270422584173],[22.779975144823656,65.65239362688253],[22.787461462102335,65.65255045040416],[22.788484294552287,65.6530394821999],[22.787459916373773,65.65399489025107],[22.78724367591281,65.65472819009348],[22.78778196834869,65.65506159961572],[22.789452048604883,65.65479516127755],[22.78977560473311,65.65441742695226],[22.791068394607297,65.65435092151215],[22.792900764861574,65.6531733591953],[22.795325021244064,65.65250694075088],[22.79758695651958,65.65275157691364],[22.798663732157284,65.65341831869645],[22.798447814027696,65.65415163114409],[22.79650815748259,65.65497369629848],[22.79704657260583,65.65530707169705],[22.796184694059736,65.65535144401441],[22.795053055860723,65.65595133861417],[22.795968692647556,65.65608475381676],[22.795214248876405,65.65648468360658],[22.796128857322188,65.6580625324803],[22.795320622405505,65.65828468210556],[22.794727309791593,65.6592179548552],[22.792787162009883,65.66003997760691],[22.79289461256092,65.66039554269523],[22.79133164421533,65.6610175886246],[22.79143907969779,65.66137315490333],[22.78831288062844,65.66261720343762],[22.7884202827191,65.66297277220458],[22.79186885409114,65.66279541893866],[22.793485648627286,65.66235114875089],[22.79370059518684,65.66306227741572],[22.791867588664076,65.66423985611904],[22.791005402689237,65.66428420221752],[22.79051925266689,65.66557302794575],[22.789764455085688,65.66597293436074],[22.790410470119593,65.6666618990541],[22.787067258465925,65.66863923419115],[22.781893157160788,65.6689050839936],[22.78135464037043,65.66857165584935],[22.78006111174524,65.66863808620438],[22.78038686061025,65.66681592511692],[22.781950441030467,65.66619398548931],[22.782220573785718,65.66563847767709],[22.783460271863756,65.66539424415478],[22.78362301759587,65.66448316141499],[22.782546145256827,65.66381631385927],[22.7795284622684,65.66397131887646],[22.778396065179486,65.66457109720119],[22.777746326619,65.66677096787124],[22.776289868042475,65.66774844447067],[22.775427533391976,65.66779270365616],[22.773917313730845,65.66859236915428],[22.77095260956119,65.66892500070264],[22.769551856327517,65.66863575858076],[22.76939110002895,65.66810238178981],[22.77019986776525,65.66788036469251],[22.770470269639638,65.66732487500424],[22.77014874613503,65.66625812332938],[22.769286448410583,65.66630234726354],[22.76864100032427,65.66561328690186],[22.76772515426014,65.66547970902812],[22.767243090575644,65.6638795703024],[22.768375722025265,65.66327987274323],[22.767891059286733,65.66312418674974],[22.768107905841266,65.66239090817189],[22.765574920200628,65.66270132083376],[22.764873351430502,65.66327890078425],[22.76401114189895,65.66332309385417],[22.76411821443042,65.66367868318765],[22.762393762457155,65.66376705619584],[22.76206969421102,65.66414473745402],[22.760939868285643,65.66329993532824],[22.76013115894146,65.66352190249789],[22.758894426480246,65.6623214913102]],[[22.788918144895295,65.4746399998396],[22.78806220369119,65.47468426380134],[22.788008970834444,65.4745064748457],[22.78881166856915,65.4742844226261],[22.788918144895295,65.4746399998396]],[[22.78482868531738,65.49001687307414],[22.783972232532452,65.49006111926109],[22.78391898966309,65.48988332893278],[22.784722188951363,65.48966129311543],[22.78482868531738,65.49001687307414]],[[22.773747724768842,65.49076949196585],[22.77358820185532,65.49023610794596],[22.77439150315924,65.49001412599326],[22.774660199919694,65.4894586478594],[22.776266722652124,65.48901466912626],[22.776801324122026,65.48934815537966],[22.777657768209924,65.48930394994787],[22.778405211463355,65.49034860191985],[22.777280091380717,65.49094829465058],[22.774388693424793,65.49145857582725],[22.774495058126014,65.49181416446449],[22.77363852537282,65.4918583528976],[22.773316608548004,65.49223603492132],[22.770693793404504,65.49219077033537],[22.773747724768842,65.49076949196585]],[[22.77502077495031,65.65192591692757],[22.774750612148946,65.65248141214386],[22.775288697786173,65.65281486808671],[22.771948444619326,65.65334741569241],[22.7713568297047,65.65283615577252],[22.77248889605985,65.65223643344613],[22.77502077495031,65.65192591692757]],[[22.774964946924335,65.6531925735307],[22.775018532641436,65.65337036381017],[22.77458760327345,65.65339248794588],[22.774964946924335,65.6531925735307]],[[22.754244739189907,65.60171923482318],[22.754084795026493,65.6011858338876],[22.755108448367835,65.60023065929462],[22.75478855393278,65.59916385916316],[22.75597206330122,65.59874207984824],[22.757638899758348,65.59847602523752],[22.758605648496776,65.59878748752081],[22.762152680707597,65.59896649112235],[22.763816422417275,65.6001448231054],[22.765106595067603,65.6000785658877],[22.76499982449184,65.5997229744011],[22.765859924030085,65.59967879758874],[22.766989874212488,65.59907913857236],[22.769140053625694,65.59896865987635],[22.769353703688285,65.59967983580232],[22.767900538646806,65.60065719702386],[22.76440662536768,65.60065612669611],[22.76101623692275,65.60245502631305],[22.75848897068438,65.6027652613721],[22.754244739189907,65.60171923482318]],[[22.76626459858135,65.46281127353065],[22.76583679860335,65.46283334009189],[22.765730693714147,65.4624777427523],[22.76626459858135,65.46281127353065]],[[22.75901075577227,65.65834371793115],[22.756581742818167,65.66045402897103],[22.75571961015199,65.66049817416824],[22.755238398299824,65.65889798868284],[22.756100478787424,65.6588538467562],[22.755509040840742,65.65834252322851],[22.756588244232006,65.65756511484518],[22.7587433217749,65.657454732967],[22.75901075577227,65.65834371793115]],[[22.75863635383183,65.65709913879375],[22.75777433683271,65.65714329446392],[22.75815186587497,65.65694341992793],[22.75745348716912,65.65607650912055],[22.75891003792051,65.65509921239261],[22.760149468514356,65.65485517196704],[22.760042494215334,65.65449957886109],[22.760904418758024,65.65445541126758],[22.760416918401003,65.65574415426295],[22.75852938912049,65.65674354451339],[22.75901387546092,65.65689926219076],[22.7587433217749,65.657454732967],[22.75863635383183,65.65709913879375]],[[22.75964653962086,65.66336618974361],[22.759215428447753,65.66338827211752],[22.759161926098894,65.6632104753833],[22.75964653962086,65.66336618974361]],[[22.759322435570738,65.66374386550558],[22.75937594034489,65.66392166215937],[22.75894481966366,65.66394374386311],[22.759322435570738,65.66374386550558]],[[22.75630345098622,65.46874073602828],[22.755875543974742,65.46876277548238],[22.755822544263353,65.46858497275228],[22.75630345098622,65.46874073602828]],[[22.75454680483649,65.65514214757603],[22.7546002555286,65.65531994645094],[22.753738289352857,65.65536407868062],[22.75454680483649,65.65514214757603]],[[22.753791735056733,65.655541877892],[22.753845181567954,65.65571967707666],[22.753414191472462,65.65574174173196],[22.753791735056733,65.655541877892]],[[22.74401794490116,65.46395713772935],[22.744070853133728,65.46413494555527],[22.74364300895753,65.46415694966778],[22.74401794490116,65.46395713772935]],[[22.742417037137443,65.46295629515956],[22.742522827766788,65.46331191218354],[22.743431392193934,65.46344571748465],[22.743268067310208,65.46435676073533],[22.741556668082993,65.46444476104223],[22.740489423612935,65.4637775168506],[22.741345105176897,65.46373352536445],[22.742417037137443,65.46295629515956]],[[22.740864378899822,65.46357771254401],[22.740436540572492,65.46359970750484],[22.74038365832515,65.46342189813262],[22.740864378899822,65.46357771254401]],[[22.732415396811895,65.49361810069536],[22.7315587193008,65.49366205202087],[22.731505823960223,65.49348423961513],[22.732415396811895,65.49361810069536]],[[22.721552668485494,65.67794944349096],[22.720908171278698,65.67726017058838],[22.723229995671726,65.67623923635601],[22.72500873747063,65.67632910880882],[22.72511533977419,65.67668473045872],[22.726516061783286,65.6769743827023],[22.72678263326451,65.67786343337792],[22.72527031015484,65.67866263659346],[22.72112127583845,65.67797142059891],[22.721552668485494,65.67794944349096]],[[22.7267815175821,65.46881415532174],[22.72555049509743,65.4690578354885],[22.724911389986264,65.46836852519309],[22.725180950482784,65.4678131263092],[22.72662311326502,65.46828071022716],[22.7267815175821,65.46881415532174]],[[22.720513358830953,65.66717081003564],[22.721375785294953,65.66712686172636],[22.721429038361237,65.66730467431],[22.720513358830953,65.66717081003564]],[[22.721429038361237,65.66730467431],[22.721913510059544,65.6674605105264],[22.721482292232373,65.66748248686706],[22.721429038361237,65.66730467431]],[[22.720375466259362,65.67548204370063],[22.720806818250527,65.67546006912698],[22.72086008803209,65.67563788175443],[22.720375466259362,65.67548204370063]],[[22.720428733137208,65.67565985650906],[22.72048200082036,65.6758376692909],[22.72005064221579,65.67585964300999],[22.720428733137208,65.67565985650906]],[[22.71989085029343,65.67532620404171],[22.71999737743641,65.67568183004715],[22.719566020929754,65.67570380236867],[22.71989085029343,65.67532620404171]],[[22.718426383989655,65.67774763057189],[22.718479643106612,65.67792544414719],[22.71804824772191,65.67794741255727],[22.718426383989655,65.67774763057189]],[[22.717776616287274,65.67850282140296],[22.71820802119114,65.6784808536667],[22.718261280624745,65.6786586673167],[22.717776616287274,65.67850282140296]],[[22.71773589272641,65.4705416428748],[22.71730791713225,65.47056357371062],[22.71725517498928,65.47038575475936],[22.71773589272641,65.4705416428748]],[[22.717446347495898,65.68032489395802],[22.71749960626825,65.68050270788513],[22.71706816699423,65.68052467396161],[22.717446347495898,65.68032489395802]],[[22.716535644556206,65.67874653168514],[22.71648239674085,65.67856871731135],[22.716913804062084,65.67854675322528],[22.716535644556206,65.67874653168514]],[[22.71661017762148,65.47114088953953],[22.71618219109013,65.47116281729866],[22.716129455135228,65.47098499788807],[22.71661017762148,65.47114088953953]],[[22.715175670339484,65.49414057191845],[22.71474730593932,65.49416249957225],[22.714694523697204,65.49398468010133],[22.715175670339484,65.49414057191845]],[[22.712408242045896,65.46575999621331],[22.710532146414334,65.46675866871472],[22.70924838091046,65.46682439461881],[22.70946558366043,65.466091198036],[22.710374088204095,65.46622520296535],[22.709630097752953,65.46518017898116],[22.711341674478206,65.46509253884936],[22.712408242045896,65.46575999621331]],[[22.708315166131246,65.65858522209648],[22.709177332116138,65.6585413457255],[22.708905687984416,65.65909673872649],[22.708043502992833,65.65914061374981],[22.708315166131246,65.65858522209648]],[[22.693286568447807,65.65808560476606],[22.692696376065435,65.65757402404282],[22.69140312378608,65.6576396964208],[22.6928092604038,65.65648518221083],[22.69232516799277,65.65632924931283],[22.69265017214468,65.65595170755029],[22.693618352157813,65.65626356977857],[22.696045543390095,65.65559870747455],[22.697769723673268,65.65551109073238],[22.69993135883214,65.65395705464759],[22.70424147329925,65.65373786920578],[22.707848886800008,65.65409588923359],[22.708167667919316,65.65516280030229],[22.70395736838894,65.65718222528555],[22.704222922053866,65.65807132571935],[22.700874081203175,65.66004681936775],[22.70001184828893,65.6600906492755],[22.699361950818343,65.66084576251573],[22.697743573459874,65.66128904628347],[22.693054035389732,65.66170778013498],[22.692463760609936,65.66119619933208],[22.69154843874067,65.66106215679265],[22.691396231154414,65.65908418865597],[22.693286568447807,65.65808560476606]],[[22.704173635007017,65.66962720877423],[22.703742363069075,65.6696491352997],[22.703689225461865,65.669471315336],[22.704173635007017,65.66962720877423]],[[22.70379550147949,65.66982695523693],[22.703364225835,65.66984888072662],[22.70331109032734,65.66967106060882],[22.70379550147949,65.66982695523693]],[[22.702501672134723,65.669892728057],[22.702932949386728,65.66987080499999],[22.702986082794737,65.67004862527185],[22.702501672134723,65.669892728057]],[[22.699476305922836,65.67149064315534],[22.69845437082506,65.6710010027498],[22.70077655509024,65.6699804081215],[22.70207039407903,65.66991464989766],[22.702607933948176,65.67024836893533],[22.699476305922836,65.67149064315534]],[[22.69856703712959,65.66991215873037],[22.699807767979614,65.66966859770505],[22.699535819054596,65.6702239771141],[22.698673245084613,65.67026780291083],[22.69856703712959,65.66991215873037]],[[22.698188855418753,65.67011189172716],[22.698241956894613,65.67028971398462],[22.69781066790132,65.67031162384198],[22.698188855418753,65.67011189172716]],[[22.69619168022472,65.67075489734722],[22.697485571852184,65.67068917764028],[22.697160466597715,65.67106673083809],[22.69619168022472,65.67075489734722]],[[22.688459763664195,65.46409638434221],[22.687063290640985,65.46525075631112],[22.685832044015044,65.46549411485923],[22.684721508826,65.46320413065075],[22.686057683419097,65.46331644667835],[22.685524775841543,65.4629826219334],[22.68638054264323,65.46293894120049],[22.688459763664195,65.46409638434221]],[[22.63974817537619,65.47866891796764],[22.639100724497375,65.47942374665459],[22.63824432350958,65.47946716588817],[22.63760723202885,65.47877746551102],[22.639163294853596,65.47815707561062],[22.63974817537619,65.47866891796764]],[[22.623469246229828,65.47353714336644],[22.624325482771408,65.47349380963232],[22.624377601055834,65.47367166736714],[22.623469246229828,65.47353714336644]],[[22.622665113413607,65.47375833072165],[22.623521358800023,65.47371500145609],[22.623573472152287,65.47389285951988],[22.622665113413607,65.47375833072165]],[[22.619437643078747,65.47608753893078],[22.615950039183844,65.47752733840974],[22.6082973499982,65.47809447402798],[22.606753151191274,65.47726999069985],[22.60784112271699,65.47504916420519],[22.609721002819423,65.47405176192159],[22.61400078103923,65.47383551316695],[22.613896685494428,65.4734797890596],[22.61518058659251,65.47341489199788],[22.617540083157298,65.472573623193],[22.618500133221662,65.47288605983447],[22.621016067892604,65.4725783021975],[22.620524486253323,65.47386663278294],[22.622717221051495,65.4739361891402],[22.622393306234454,65.47431356925594],[22.6211089042226,65.474378552089],[22.619437643078747,65.47608753893078]],[[22.608316052151586,65.44993694294968],[22.607888462564162,65.44995855314683],[22.60783651321815,65.44978068800579],[22.608316052151586,65.44993694294968]],[[22.599297083856378,65.44876810076425],[22.59881761903132,65.44861181638954],[22.59924519568084,65.44859023203401],[22.599297083856378,65.44876810076425]],[[22.599633336765244,65.44694624316242],[22.60177107229087,65.44683829924122],[22.602406237636405,65.44752817688563],[22.600100346645846,65.44854705971177],[22.59924519568084,65.44859023203401],[22.599633336765244,65.44694624316242]],[[22.600809811208684,65.47179429225687],[22.600381857114925,65.47181588495533],[22.600329906346325,65.47163801721929],[22.600809811208684,65.47179429225687]],[[22.600008996479296,65.446746788328],[22.599581450668406,65.44676837452842],[22.599529565349485,65.4465905058687],[22.600008996479296,65.446746788328]],[[22.588243455772563,65.46593034089014],[22.589047335051333,65.46570935229367],[22.589202917099936,65.46624296985837],[22.588243455772563,65.46593034089014]],[[22.51470923367629,65.50895823751367],[22.514280585548267,65.50897959322626],[22.51422913165491,65.50880169089619],[22.51470923367629,65.50895823751367]],[[22.513954841018602,65.50935675266578],[22.51352618560858,65.50937810631326],[22.513474735903678,65.50920020368359],[22.513954841018602,65.50935675266578]],[[22.51203445497032,65.5087305472386],[22.512463101229734,65.50870919791433],[22.512514542879583,65.50888710096994],[22.51203445497032,65.5087305472386]],[[22.512514542879583,65.50888710096994],[22.51299463652402,65.50904365311827],[22.512565985302658,65.5090650040003],[22.512514542879583,65.50888710096994]],[[22.50386223933187,65.48946689993552],[22.50343389998943,65.489488221748],[22.503382566196102,65.48931031451752],[22.50386223933187,65.48946689993552]],[[22.50257721899143,65.48953086175315],[22.503005559875934,65.48950954235389],[22.503056891577145,65.48968744973388],[22.50257721899143,65.48953086175315]],[[22.502200203310796,65.48973008767516],[22.50262854782946,65.48970876930784],[22.502679877438474,65.48988667683733],[22.502200203310796,65.48973008767516]],[[22.502368291754667,65.49784252246216],[22.50193981371953,65.49786384145048],[22.501837127504984,65.49750802613774],[22.502368291754667,65.49784252246216]],[[22.501702775284425,65.49101807663564],[22.501582361286722,65.49210684053917],[22.498788888446537,65.49296766221869],[22.49906335174705,65.49241262625449],[22.501702775284425,65.49101807663564]],[[22.50091728517971,65.48528238688301],[22.50048901145794,65.48530369967736],[22.500437707613468,65.48512579114364],[22.50091728517971,65.48528238688301]],[[22.499906836330084,65.48479128506472],[22.49905030220732,65.48483390357383],[22.498999009260444,65.48465599444077],[22.499906836330084,65.48479128506472]],[[22.49829123890078,65.49425564221082],[22.498719661402017,65.494234334133],[22.49877097514771,65.49441224315396],[22.49829123890078,65.49425564221082]],[[22.49877097514771,65.49441224315396],[22.499250717123548,65.4945688425157],[22.498822289664307,65.49459015214978],[22.49877097514771,65.49441224315396]],[[22.498909421075016,65.49187889933287],[22.498481037349045,65.4919002075543],[22.49842973153038,65.49172229835541],[22.498909421075016,65.49187889933287]],[[22.49702126115265,65.49738663224042],[22.498735156756926,65.49730140495187],[22.498409321299018,65.4976785317932],[22.49712388124789,65.49774245149679],[22.49702126115265,65.49738663224042]],[[22.497965432433126,65.49463276779706],[22.49753700266126,65.4946540738103],[22.497485696738146,65.49447616429062],[22.497965432433126,65.49463276779706]],[[22.491791653522053,65.50035345428165],[22.491842934626263,65.50053136598903],[22.49141440215667,65.50055265568551],[22.491791653522053,65.50035345428165]],[[22.490912580121186,65.50635228092467],[22.491341208183137,65.50633099168056],[22.49139250038835,65.50650890343071],[22.490912580121186,65.50635228092467]],[[22.489322992928905,65.50083699878749],[22.485498717463887,65.502650999857],[22.481743965204988,65.50319823705],[22.48201888821881,65.50264322738718],[22.48287603941324,65.5026006991877],[22.48342581483171,65.50149067596185],[22.48493508742477,65.50069394175465],[22.489220464343884,65.50048117330398],[22.489322992928905,65.50083699878749]],[[22.49035224950518,65.4998835823822],[22.49126056975397,65.50001891996442],[22.491363123918575,65.50037474380365],[22.489220464343884,65.50048117330398],[22.49035224950518,65.4998835823822]],[[22.488534045935676,65.48301079672815],[22.489390541054917,65.48296823824809],[22.48944176466195,65.4831461513467],[22.488636482471012,65.48336662359766],[22.488534045935676,65.48301079672815]],[[22.487607778717944,65.48432002266509],[22.487128296613047,65.48416338370271],[22.487556564806468,65.48414210884546],[22.487607778717944,65.48432002266509]],[[22.487402927686645,65.48360836723603],[22.48649520259321,65.48347300042964],[22.489167181475413,65.48370117103244],[22.488841364771872,65.48407827703521],[22.487556564806468,65.48414210884546],[22.487402927686645,65.48360836723603]],[[22.488687701892427,65.4835445369947],[22.488259444592963,65.48356581494821],[22.48820822803363,65.48338790137682],[22.488687701892427,65.4835445369947]],[[22.48845772119433,65.50990290019946],[22.48802903170227,65.50992418188982],[22.487977754301486,65.50974626884694],[22.48845772119433,65.50990290019946]],[[22.486169349576908,65.4838501010376],[22.484884552942383,65.48391391008649],[22.484833358511466,65.48373599514586],[22.486169349576908,65.4838501010376]],[[22.479382954417947,65.49952577089816],[22.479178183341944,65.49881410348402],[22.480412529584488,65.49857241897134],[22.48224780952994,65.49739862183866],[22.48310478832565,65.49735609409029],[22.483808106803842,65.49677981643607],[22.485144765725547,65.49689392461326],[22.48524722184765,65.49724975359355],[22.483910544193897,65.49713564651253],[22.483635712845658,65.4976906586798],[22.48582940479582,65.49776222463167],[22.48336087046027,65.49824567045987],[22.48238263049848,65.49937695683882],[22.48291358858743,65.49971152362649],[22.481730424746498,65.50013114470579],[22.481832849718522,65.50048697631911],[22.478833042481707,65.50063578079454],[22.477272398626937,65.50125453834244],[22.474649868772616,65.50120409342325],[22.47669029994704,65.50074203348352],[22.479382954417947,65.49952577089816]],[[22.484361898598507,65.50776023250911],[22.483933240229554,65.50778150226911],[22.483881995791904,65.50760358750408],[22.484361898598507,65.50776023250911]],[[22.48200849954911,65.51166658667002],[22.48157977477756,65.51168785042897],[22.481528537112762,65.51150993479611],[22.48200849954911,65.51166658667002]],[[22.479517578583284,65.50150411045684],[22.47908901805115,65.50152536548805],[22.47903782139856,65.50134744859949],[22.479517578583284,65.50150411045684]],[[22.47480337042074,65.50173784938978],[22.474374801427707,65.50175909113881],[22.474323636309567,65.50158117233423],[22.47480337042074,65.50173784938978]],[[22.471477089354288,65.50226358954349],[22.471150798222663,65.50264066220004],[22.47061992683097,65.50230605321013],[22.471477089354288,65.50226358954349]],[[22.47097793432201,65.50355149475855],[22.467926574622627,65.50352216671679],[22.467824324605473,65.50316632391309],[22.469538713972415,65.50308142277702],[22.469865033776088,65.50270435331035],[22.470722210842407,65.50266189377771],[22.47097793432201,65.50355149475855]],[[22.44623052164662,65.54916541149738],[22.446659897083787,65.5491442414399],[22.446710986144957,65.54932217037367],[22.44623052164662,65.54916541149738]],[[22.446710986144957,65.54932217037367],[22.447191456401622,65.54947892766704],[22.446762075975325,65.54950009928251],[22.446710986144957,65.54932217037367]],[[22.435750964524956,65.5505839365665],[22.436988163465163,65.5503425781079],[22.437642851439453,65.54958855847207],[22.438931021570443,65.54952511729059],[22.44087375758266,65.54870763276068],[22.44435979282515,65.54871629006617],[22.44274442808443,65.5491567978623],[22.443275938080305,65.54949149833428],[22.44160945087273,65.5497540642598],[22.441384277734553,65.55048694456215],[22.44052547154663,65.55052925408177],[22.439441428489932,65.5513044367797],[22.438153171969002,65.55136788317043],[22.43825524529599,65.55172374781138],[22.436006062398647,65.55147360294475],[22.435750964524956,65.5505839365665]],[[22.436108106925804,65.55182946932186],[22.436537536136598,65.55180832744087],[22.436588562432693,65.55198626041852],[22.436108106925804,65.55182946932186]],[[22.436588562432693,65.55198626041852],[22.43706902369976,65.5521430499325],[22.43663958949713,65.55216419337128],[22.436588562432693,65.55198626041852]],[[22.436057084278094,65.55165153614576],[22.43562765717906,65.55167267664264],[22.43557663817963,65.55149474326805],[22.436057084278094,65.55165153614576]],[[22.43418634249911,65.55120228910951],[22.434615763262656,65.55118115276493],[22.43466677496576,65.55135908653641],[22.43418634249911,65.55120228910951]],[[22.43466677496576,65.55135908653641],[22.4351472131924,65.55151588238081],[22.434717787437,65.55153702028305],[22.43466677496576,65.55135908653641]],[[22.42508567176835,65.49354773374556],[22.427758213362797,65.49377698487152],[22.428012370087128,65.4946666741478],[22.425746275529974,65.4958609387134],[22.423225944024377,65.49616547320429],[22.42292113256595,65.49509783458484],[22.42508567176835,65.49354773374556]],[[22.422201045371985,65.53519112134066],[22.42263021438247,65.53517002151723],[22.422681106593704,65.53534796052061],[22.422201045371985,65.53519112134066]],[[22.42161922081502,65.53467840175644],[22.42204838196232,65.53465730366216],[22.422099268999755,65.53483524291312],[22.42161922081502,65.53467840175644]],[[22.41092298773422,65.553608527554],[22.411731092435243,65.55338844142001],[22.411957124245248,65.55265559672098],[22.41352237358943,65.55203746771114],[22.41331890205494,65.55132569830768],[22.414985792686696,65.55106343984512],[22.41594643365979,65.55137715727994],[22.417511510596462,65.55075898874499],[22.418573973012645,65.5514285705664],[22.420822999312602,65.55167897600678],[22.42026960321346,65.55278880743937],[22.417466952683768,65.55364821724189],[22.41481676803938,65.5550414022517],[22.414590800251375,65.5557742505799],[22.41034646311616,65.55616294445103],[22.40961182294787,65.55511635059294],[22.41107555731033,65.55414235738685],[22.41092298773422,65.553608527554]],[[22.41429014044499,65.54406046393841],[22.414340996706084,65.54423840610521],[22.413911670428416,65.5442594839882],[22.41429014044499,65.54406046393841]],[[22.40552030211208,65.4553554066733],[22.40509242452995,65.45537644499204],[22.405041839482386,65.45519849698991],[22.40552030211208,65.4553554066733]],[[22.40448957513555,65.45630825937697],[22.40406168098822,65.45632929494077],[22.403960521208028,65.45597339812475],[22.40448957513555,65.45630825937697]],[[22.403583208670117,65.45617238073125],[22.40315531586267,65.45619341371201],[22.403104742067512,65.45601546494728],[22.403583208670117,65.45617238073125]],[[22.402474575197175,65.45532470055637],[22.403330332994315,65.4552826375223],[22.403380906611762,65.45546058621333],[22.402474575197175,65.45532470055637]],[[22.403067578173346,65.53829576942026],[22.402638338685872,65.53831681445611],[22.402587576157025,65.53813886742284],[22.403067578173346,65.53829576942026]],[[22.402097260205164,65.45552367947299],[22.402525143099464,65.4555026495918],[22.402575711760512,65.45568059860264],[22.402097260205164,65.45552367947299]],[[22.379052055161207,65.48444045417534],[22.379858329172414,65.48422055645862],[22.383008436838665,65.48460759747458],[22.38106850292554,65.48542431106405],[22.381169488879586,65.48578022494071],[22.379455889082575,65.48586411577071],[22.378019263653627,65.48539314675638],[22.379203487194495,65.48497432745746],[22.379052055161207,65.48444045417534]],[[22.371651663647572,65.5257594225768],[22.371702186273595,65.52593738236185],[22.371273119508402,65.5259583367025],[22.371651663647572,65.5257594225768]],[[22.367562970592907,65.52668075570526],[22.367133887601558,65.5267016984662],[22.367083394327455,65.52652373686374],[22.367562970592907,65.52668075570526]],[[22.360066072558308,65.5293920001222],[22.360495206610672,65.52937107690222],[22.360545661622105,65.5295490410826],[22.360066072558308,65.5293920001222]],[[22.35597533396527,65.5333802739203],[22.35602576751517,65.53355823981933],[22.35559656029639,65.53357915108745],[22.35597533396527,65.5333802739203]],[[22.355951712088945,65.5286904248097],[22.355093456812448,65.52873224412791],[22.355043040873774,65.52855427774102],[22.355951712088945,65.5286904248097]],[[22.354030985868064,65.53419668418447],[22.354081408064562,65.53437465084397],[22.353652185539563,65.53439555674824],[22.354030985868064,65.53419668418447]],[[22.354007705028817,65.52950683139404],[22.35357856247,65.52952773629538],[22.353528155003776,65.52934976931988],[22.354007705028817,65.52950683139404]],[[22.35360176622104,65.53421758991715],[22.353172545815184,65.53423849443973],[22.353122130133457,65.53406052741266],[22.35360176622104,65.53421758991715]],[[22.349307715711536,65.53749383212663],[22.349358113387172,65.53767180060154],[22.34892883206469,65.53769269368965],[22.349307715711536,65.53749383212663]],[[22.348878437267956,65.53751472504324],[22.34801987810513,65.53755650724555],[22.347969489824745,65.53737853823175],[22.348878437267956,65.53751472504324]],[[22.345317121833638,65.53877052760082],[22.34488781853122,65.53879140944278],[22.344837448733468,65.53861343920357],[22.345317121833638,65.53877052760082]],[[22.342261630273278,65.53873870380833],[22.342311982795003,65.53891667507591],[22.341882674185733,65.53893754844496],[22.342261630273278,65.53873870380833]],[[22.341074399334765,65.5391572633091],[22.342033727660496,65.53947146261565],[22.340796115405002,65.53971204885798],[22.341074399334765,65.5391572633091]],[[22.339380829235516,65.54086335317955],[22.338951485766238,65.54088421857804],[22.338850818157066,65.54052827342149],[22.339380829235516,65.54086335317955]],[[22.33713345974232,65.54061172153963],[22.33670411824458,65.54063258054279],[22.336653799976173,65.54045460707161],[22.33713345974232,65.54061172153963]],[[22.3363485997238,65.542454031716],[22.33591922715133,65.5424748887999],[22.335868909948008,65.54229691505829],[22.3363485997238,65.542454031716]],[[22.335187979246374,65.541427900831],[22.333091483779363,65.54171013179126],[22.33541608920631,65.54069515028891],[22.335187979246374,65.541427900831]],[[22.33058872492322,65.54363580018894],[22.33015932734469,65.54365664117876],[22.33010904668379,65.5434786651621],[22.33058872492322,65.54363580018894]],[[22.328894185758607,65.54534178224698],[22.328464758464847,65.54536261872273],[22.328414485396152,65.54518464206915],[22.328894185758607,65.54534178224698]],[[22.32738187701554,65.54306975337286],[22.326952485662023,65.54309058520296],[22.3269022281945,65.54291260789162],[22.32738187701554,65.54306975337286]],[[22.321144940931237,65.52713497207479],[22.321674445065543,65.52747011885936],[22.32048737736734,65.52788851522816],[22.321144940931237,65.52713497207479]],[[22.3210947601316,65.52695699206771],[22.32152389176996,65.52693617942322],[22.32157407544666,65.5271141592595],[22.3210947601316,65.52695699206771]],[[22.316190535317716,65.47866392651744],[22.31644072072925,65.47955384180125],[22.315684069370626,65.479951388359],[22.312357141287126,65.48047363177511],[22.31225711617221,65.48011766252048],[22.313442189952074,65.47969935043538],[22.31409882426893,65.47894584699038],[22.316190535317716,65.47866392651744]],[[22.31307565986155,65.52319622016311],[22.313504737409403,65.52317543080179],[22.31355485770251,65.52335341392636],[22.31307565986155,65.52319622016311]],[[22.312696696100005,65.52339499178048],[22.313125777278287,65.52337420345827],[22.313175895449085,65.52355218672925],[22.312696696100005,65.52339499178048]],[[22.310923852228967,65.52636744484737],[22.310494719743804,65.52638822743],[22.310444613276943,65.52621024315711],[22.310923852228967,65.52636744484737]],[[22.309736656198226,65.52678575812102],[22.308878374441214,65.52682731549895],[22.30882827797552,65.52664933059219],[22.309736656198226,65.52678575812102]],[[22.307534072625586,65.52977895663207],[22.30839245400834,65.52973740589756],[22.30844255465758,65.5299153909051],[22.307534072625586,65.52977895663207]],[[22.305710153888143,65.53257337282868],[22.30389303870556,65.53230046750494],[22.3042221194198,65.53192372941825],[22.303063244823825,65.53089733502314],[22.303821528318387,65.53049983561111],[22.30558843250742,65.53059475694998],[22.305438186478366,65.53006079849179],[22.3062965811559,65.53001925951781],[22.30662559984428,65.52964251681223],[22.306725777363987,65.52999848821554],[22.307634263165582,65.53013492730501],[22.305710153888143,65.53257337282868]],[[22.30566705519463,65.52932808534278],[22.305237868991497,65.52934885354281],[22.30518779150394,65.52917086724523],[22.30566705519463,65.52932808534278]]],[[[22.778687430000005,65.5695773],[22.785421644107835,65.5692300076904],[22.784875180516913,65.56855017770727],[22.781708285713,65.56817174591153],[22.780689018021082,65.56768263195755],[22.778267633683384,65.56817917896481],[22.778687430000005,65.5695773]]],[[[22.415682020000002,65.44347399],[22.41154228622329,65.4436775965076],[22.412751092173426,65.44417346016793],[22.415929598762894,65.44434380687228],[22.415682020000002,65.44347399]]],[[[22.4040247067027,65.444047337219],[22.405328608096983,65.4439974192666],[22.40585742786106,65.44433227809118],[22.40751763352797,65.44407016896426],[22.40739718129912,65.4438814671869],[22.4040247067027,65.444047337219]]],[[[22.36788027,65.42777829000002],[22.308259395982777,65.43067561743817],[22.309371261554098,65.43118623885306],[22.31236427159258,65.43104086609267],[22.312891647473055,65.43137606488875],[22.315079432538784,65.43145016803155],[22.315656774729174,65.43196334135213],[22.31651193749311,65.43192177653158],[22.316611798151648,65.43227774467314],[22.318322137528906,65.43219459921598],[22.318172313413967,65.43166064900869],[22.320787706386717,65.43171388015294],[22.320510002041196,65.43226862279411],[22.321365165455106,65.43222703045144],[22.32194264764163,65.43274017830674],[22.32370297684842,65.43283495352046],[22.324458181705293,65.43243738117783],[22.325740922594793,65.43237495731155],[22.32493575068085,65.43259455515566],[22.32546331764747,65.43292970807413],[22.326646078785647,65.43251131542529],[22.32679608132146,65.43304525542254],[22.327978825650174,65.4326268524917],[22.328078845215217,65.43298281144365],[22.328984034010677,65.43311915520037],[22.336730568705402,65.43292219323612],[22.34462733073008,65.43325875342414],[22.350135587670866,65.43280945861153],[22.35322887002469,65.43301921667032],[22.36167950924459,65.43224529334962],[22.36233362842596,65.43149160552423],[22.365326316955283,65.43134518506851],[22.36565331760532,65.43096833419605],[22.366659154922143,65.43146037942515],[22.368872736216822,65.43128921546787],[22.36788027,65.42777829000002]],[[22.345432351280465,65.43303905199322],[22.345004779825317,65.43305991689195],[22.34495465461166,65.43288194420053],[22.345432351280465,65.43303905199322]],[[22.344527085258644,65.43290280772403],[22.343671944298073,65.43294453115762],[22.343621828397023,65.4327665579297],[22.344527085258644,65.43290280772403]],[[22.343144147347317,65.43260944424615],[22.34319425964327,65.43278741766903],[22.342339119881665,65.43282913353426],[22.343144147347317,65.43260944424615]],[[22.33919584946879,65.43244117617168],[22.34133367672518,65.43233692219194],[22.341383776103886,65.43251489634608],[22.33919584946879,65.43244117617168]],[[22.341383776103886,65.43251489634608],[22.34228901329312,65.43265115977002],[22.341433876233765,65.43269287047592],[22.341383776103886,65.43251489634608]],[[22.33876828176445,65.43246202335416],[22.33834071330921,65.43248286933213],[22.33829063465743,65.43230489395943],[22.33876828176445,65.43246202335416]],[[22.337913144103084,65.43250371410562],[22.337485574146125,65.4325245576746],[22.337435501201846,65.43234658196073],[22.337913144103084,65.43250371410562]],[[22.33700793334787,65.43236742415463],[22.336152795387733,65.4324091049289],[22.336102731755496,65.4322311286792],[22.33700793334787,65.43236742415463]],[[22.335247596500324,65.43227280429439],[22.334392458242938,65.43231447509153],[22.334342406776404,65.43213649813552],[22.335247596500324,65.43227280429439]],[[22.33353731698365,65.43235614107058],[22.33310974522841,65.43237697225332],[22.333059702323343,65.43219899478589],[22.33353731698365,65.43235614107058]],[[22.332254599466918,65.4324186310052],[22.33182702546075,65.43243945857435],[22.331776991117298,65.43226148059557],[22.332254599466918,65.4324186310052]],[[22.33092184656216,65.43230313177938],[22.33134941921481,65.43228230678973],[22.33139945070435,65.43246028493891],[22.33092184656216,65.43230313177938]],[[22.330544298941074,65.43250193405449],[22.330971875197786,65.43248111009899],[22.331021904583555,65.43265908839436],[22.330544298941074,65.43250193405449]],[[22.32659607943981,65.4323333353778],[22.329161531980887,65.43220844066703],[22.329211548450722,65.43238641969245],[22.32659607943981,65.4323333353778]],[[22.324835775571355,65.43223859367419],[22.32398061843796,65.43228020563075],[22.32393063771557,65.43210222451322],[22.324835775571355,65.43223859367419]],[[22.321265240507138,65.43187106610122],[22.321692815382193,65.43185026846338],[22.321742780335665,65.43202825048037],[22.321265240507138,65.43187106610122]],[[22.321742780335665,65.43202825048037],[22.323075483292627,65.43214383131095],[22.321792746038334,65.4322062324732],[22.321742780335665,65.43202825048037]],[[22.3218427124902,65.4323842144419],[22.322270295178363,65.43236341508883],[22.32232026523363,65.43254139686313],[22.3218427124902,65.4323842144419]],[[22.31774473825529,65.43168143666954],[22.317694801235348,65.43150345304872],[22.31812237353995,65.43148266555797],[22.31774473825529,65.43168143666954]],[[22.317267228182,65.43152423933489],[22.317217294764855,65.43134625551983],[22.317644864964162,65.43132546940375],[22.317267228182,65.43152423933489]],[[22.31736709726243,65.43188020689263],[22.31693951775212,65.43190099231441],[22.31688958569169,65.43172300837753],[22.31736709726243,65.43188020689263]],[[22.316262298948022,65.43103185575536],[22.316689864936645,65.4310110723886],[22.31673979400243,65.43118905642203],[22.316262298948022,65.43103185575536]],[[22.315884655568624,65.43123062229118],[22.316312225159823,65.4312098399589],[22.31636215212022,65.4313878241383],[22.315884655568624,65.43123062229118]],[[22.315407164725105,65.43107341887521],[22.314979596490886,65.43109419862833],[22.31492967958962,65.43091621389051],[22.315407164725105,65.43107341887521]],[[22.313547164525122,65.43062257484405],[22.31311960185942,65.43064334926879],[22.313069698619096,65.43046536377857],[22.313547164525122,65.43062257484405]],[[22.311459236287064,65.43090442106813],[22.311031667026512,65.43092518963998],[22.310981777308115,65.430747203324],[22.311459236287064,65.43090442106813]]],[[[22.284415859761022,65.43183431450286],[22.26099091,65.43297267],[22.2634696,65.44187294],[22.212039832561846,65.44435859544615],[22.211199371061742,65.44602229150195],[22.20849935000792,65.44723383962769],[22.20859781379367,65.44758989259137],[22.207363217899108,65.44782935776144],[22.206374692882875,65.4489589498509],[22.204662833152412,65.44904084081195],[22.204761253014574,65.44939689670538],[22.203196959573493,65.4500128553823],[22.201137274944273,65.45163096179023],[22.20253591237579,65.4566918663639],[22.207965278885997,65.45627853075696],[22.207866784217302,65.45592247770739],[22.210484489915142,65.4559775985923],[22.21124209791677,65.45558056997685],[22.212954360130727,65.45549860043334],[22.21315148687907,65.45621069847698],[22.210878629669278,65.45740180198183],[22.211799496334788,65.45916156257623],[22.21089397019704,65.45902451913582],[22.210810763809953,65.46029118566567],[22.21166705119905,65.46025020423218],[22.21237547498355,65.45967514401666],[22.212474048006897,65.46003119334337],[22.214861248913003,65.46081882611674],[22.216573839906808,65.46073681228889],[22.216475207935975,65.46038076622126],[22.219521509236657,65.46041521978098],[22.220279102161154,65.46001814597624],[22.221991620281024,65.45993607141048],[22.222518458627498,65.46027159116143],[22.221662191077346,65.46031263394383],[22.22185959839847,65.46102471782362],[22.222715888857067,65.46098367369623],[22.223720273986675,65.4614766853854],[22.222485174629984,65.46171627919222],[22.222303808219863,65.46262690516961],[22.221447463247916,65.46266794749579],[22.221546173237158,65.4630239895406],[22.220261633036795,65.46308554498653],[22.220360328805064,65.46344158794544],[22.218318055098614,65.46390020244199],[22.21642368071117,65.46489285904899],[22.214661503983617,65.46479685019314],[22.213047244698814,65.46523489363628],[22.21281622758776,65.46596748730539],[22.210015699995044,65.46682303232927],[22.209307038622544,65.46739808377505],[22.208450512992282,65.46743905416082],[22.208351960977684,65.46708300202079],[22.207017917874463,65.46696642092905],[22.207116451216102,65.46732247412321],[22.205880918342093,65.46756193634351],[22.206506241563034,65.46825356635162],[22.205551164833256,65.46793846687694],[22.203887308126717,65.46819838853251],[22.202883024257567,65.46770524395808],[22.199506032158048,65.46804698120718],[22.19764528423272,65.46759471599287],[22.19736461315678,65.46814926011385],[22.19436659551989,65.46829239987316],[22.193229246008336,65.46888782344556],[22.193376778926442,65.46942191930628],[22.18566707511265,65.4697896741837],[22.184697417255762,65.47065148288628],[22.18525739,65.47268142000001],[22.175328348480775,65.47315398802576],[22.17518134386134,65.47425743508045],[22.176993120358436,65.47453193777677],[22.175855103339018,65.47512723697838],[22.17591741611945,65.476928016428],[22.176872480704766,65.47724330338319],[22.17520773270668,65.47750291772742],[22.17550218690576,65.47857115037593],[22.17464523175781,65.47861193321168],[22.173984545300595,65.47936486852025],[22.172748129339592,65.47960406823901],[22.172895317198176,65.48013818740615],[22.171560744275666,65.48002129828726],[22.171328451549588,65.48075384072673],[22.170752783221907,65.48024009983406],[22.16908778104147,65.48049964920776],[22.168561196159093,65.4801639406868],[22.168548400625404,65.47854119494963],[22.165171454855635,65.47854574736242],[22.166288209999998,65.48260300999999],[22.161962298254107,65.48300272824538],[22.162158287396412,65.48371490362901],[22.161252145999086,65.48357756850793],[22.160921553683433,65.48395400963986],[22.15877865089283,65.48405575584219],[22.158974562895207,65.48476793609863],[22.158166347757465,65.48498667279404],[22.157113280823914,65.48431517681728],[22.159060298037808,65.48350127408192],[22.159371721405606,65.48293121922731],[22.14485971,65.48361986],[22.141542048986476,65.4715259697762],[22.14006535777732,65.4712351944321],[22.13840060094243,65.47149440322232],[22.137261816182566,65.47208941905511],[22.135927798837773,65.47197220977445],[22.136735810162417,65.47175359399267],[22.13663821407695,65.47139748595924],[22.137923398463645,65.471336635696],[22.139062135993186,65.47074161533003],[22.13896451282047,65.4703855090597],[22.1406291936174,65.4701262947909],[22.140862272633342,65.46939379191055],[22.140005552867724,65.46943437596082],[22.139907922753025,65.46907827036323],[22.14087990478588,65.4691122514241],[22.140439931997516,65.46750841589592],[22.13946862353047,65.46747579402472],[22.138845080522202,65.46678386943431],[22.14030184411917,65.46700504329841],[22.1399753,65.46581468999999],[22.075721869999995,65.46884462999999],[22.073303919999997,65.45994071],[22.09471638,65.45893417000002],[22.092293079999997,65.45003061],[22.049480659999997,65.45203985999999],[22.05430042,65.46984857],[22.03192625679682,65.47089066826614],[22.03217119912542,65.47179791318452],[22.030457195126754,65.47187784867401],[22.028506926340654,65.47269012411788],[22.024173679337185,65.47271172693237],[22.022555634722394,65.47314776866006],[22.017080653932137,65.473763337831],[22.014889942235925,65.47368494137817],[22.013936912751856,65.47336861176152],[22.013825469718785,65.47173372991091],[21.994269111871073,65.47283959126887],[21.990025209999995,65.47284225],[21.992416259999995,65.48174774999997],[21.97098041,65.48274001],[21.973366070000004,65.49164586],[21.95192123,65.4926355],[21.955206218249266,65.50492224629375],[21.955879810550186,65.50454817845285],[21.9571671269185,65.50448884620697],[21.959884837630632,65.50328163496881],[21.96121975454665,65.5034003900472],[21.96074295853533,65.5048649362925],[21.96260244248561,65.50532012951831],[21.96388977843354,65.50526073985877],[21.964032871365777,65.50579509873185],[21.967608973324225,65.50617102389715],[21.967132495254713,65.50763558721324],[21.964557811810717,65.50937728758538],[21.96457654645328,65.51008123955162],[22.01857232971611,65.50757340701482],[22.017818405301632,65.50709076558529],[22.01562488577236,65.5070124066194],[22.015003598428912,65.50631995059152],[22.011141836935543,65.50649938970999],[22.00918842213503,65.50731144531412],[22.00790110989836,65.50737122036377],[22.00732801269761,65.50685683384653],[22.00475341623737,65.50697634104849],[22.00422836378298,65.50664004620165],[21.999556201422664,65.50703711866777],[21.998173007685722,65.50674059875061],[21.99802921045936,65.5062062789383],[21.996550236885387,65.50555353007972],[21.993975709348106,65.50567285313637],[21.99364241962431,65.50604895275046],[21.99159270258241,65.50650456913117],[21.98859064693626,65.50826653845199],[21.987303230829564,65.50832613914288],[21.987159645323626,65.50779180700735],[21.989495037999493,65.50678204854708],[21.990828417261163,65.5052776801622],[21.992401085541427,65.5046638457958],[21.986393965418458,65.50494203220579],[21.986677925983965,65.50276497485942],[21.985342938239206,65.50264644520746],[21.984770390439348,65.5021319679873],[21.983912308179995,65.5021716794734],[21.98457906836655,65.50141952064928],[21.982719497596975,65.50096459847781],[21.982147039771974,65.50045011045863],[21.982384807399,65.49971780973983],[21.983242811913698,65.49967810765789],[21.984338519992814,65.49890609751415],[21.9878182451583,65.49892532764838],[21.988151534195357,65.49854924083868],[21.98829507865942,65.49908357249592],[21.987199482132766,65.49985561025261],[21.987438708512812,65.5007461645621],[21.989631637426363,65.50082493797788],[21.99015638314346,65.50116128643583],[21.995589867646512,65.50036852462878],[21.995494065531688,65.50001230917037],[21.997210042864634,65.49993275165194],[21.997114220601883,65.49957653740931],[21.997972193429174,65.4995367520407],[21.99987746908903,65.4985467371517],[22.000543677954468,65.49779451314343],[22.00016026238981,65.49636966540739],[22.001018124381748,65.49632986380499],[22.00173218001427,65.49575574104908],[22.003018937369916,65.49569602377831],[22.004923745400074,65.49470594968682],[22.00792602803614,65.49456653040082],[22.00863988366821,65.49399237690801],[22.013546404375923,65.49286270648084],[22.013834462187155,65.49393131222307],[22.013024708880394,65.49414928678588],[22.01283585354951,65.49505972831837],[22.01536120753168,65.49476199482235],[22.015316508256408,65.49620673942516],[22.012269218889738,65.49779105208326],[22.012365239735622,65.49814725483147],[22.011078387537935,65.49820705255718],[22.01012449039638,65.49789070727294],[22.00240331842075,65.49824921544186],[22.00116436893253,65.4984870343155],[22.0013081789517,65.49902135108502],[22.000498161531418,65.4992392610374],[22.000737834138338,65.50012979005687],[22.00502772689617,65.49993071143832],[22.00555264962611,65.50026700477551],[22.00769759412787,65.50016741239205],[22.00822255571509,65.50050369608866],[22.010940515016305,65.50091844165715],[22.012227501071795,65.50085864383284],[22.012131470072337,65.50050244110749],[22.012656494979055,65.50083870880401],[22.01689834679063,65.50046119239599],[22.018995193771598,65.50018334064403],[22.020566882002957,65.49956922267984],[22.022711700077124,65.49946941849694],[22.023854305896464,65.49887523075547],[22.02371003606066,65.4983409398426],[22.024567919353128,65.49830100440295],[22.026043155669218,65.49733063861026],[22.026901001504648,65.49729069028801],[22.02680478642462,65.49693449862833],[22.028139648297017,65.49705266340244],[22.028761047068347,65.49774506447551],[22.024904599387327,65.4995476805889],[22.025000800194174,65.49990387358115],[22.026335807532732,65.50002205289157],[22.026528255261628,65.50073443654712],[22.02538563236452,65.50132864464454],[22.025481847643476,65.50168483718394],[22.02462385498247,65.50172477885042],[22.0243391600054,65.50227903798236],[22.023148325480086,65.50269513352765],[22.02324451634573,65.5030513277166],[22.024102555097535,65.50301139343887],[22.02386593801338,65.50374374863375],[22.02477210639921,65.5038819071026],[22.02691725896827,65.50378204007673],[22.028440836495424,65.50298974452056],[22.029298863632246,65.50294978086578],[22.02982415768724,65.50328598635815],[22.029968585478223,65.50382026989111],[22.028493143517835,65.50479067586184],[22.0287338315125,65.50568115067679],[22.02754291663614,65.5060972815795],[22.026817386865478,65.5071904655824],[22.04283436077546,65.50644655770876],[22.0421789768318,65.5055954005378],[22.044126065820937,65.50316010359842],[22.04498406954939,65.50312005115877],[22.044887582129565,65.50276387365173],[22.0474132814656,65.50246560145739],[22.047322107286018,65.50373225033348],[22.046179839505193,65.50432661213502],[22.04675363670215,65.5048408446614],[22.044420681517686,65.50585146380092],[22.044517176342804,65.5062076415207],[22.0430334167746,65.50643731255884],[22.062152199287876,65.50554934127747],[22.06196261294947,65.50485128749257],[22.063626856995754,65.50423236030004],[22.06154364,65.4965612],[22.06261168959244,65.49651113371222],[22.060403061221876,65.49590701361062],[22.059303693708028,65.49505673422297],[22.058445981101787,65.4950968651364],[22.05753400637926,65.49333608855665],[22.05819841332603,65.49258362794393],[22.057956867676584,65.49169320816745],[22.059098324854986,65.4910987650778],[22.05933385462332,65.49036636513664],[22.06095231434474,65.48992992564318],[22.061858182737822,65.49006786473637],[22.064044041317032,65.48852275110528],[22.06427941257291,65.48779034495679],[22.065040181411195,65.48739402061717],[22.066326351994608,65.48733377011662],[22.066990359963274,65.48658127463669],[22.06789614100539,65.48671917838416],[22.068179754549043,65.4861648476093],[22.0690855269009,65.48630274431201],[22.071083879721726,65.48566802723336],[22.072369948614554,65.48560772627357],[22.073510812802528,65.48501318000359],[22.075654192394346,65.48491263855846],[22.077603851511018,65.4840997605926],[22.078889825139193,65.48403940506076],[22.079221611803074,65.48366313216765],[22.083556541740553,65.48363993403149],[22.085602807657885,65.48318310457276],[22.08627384983388,65.48405333144309],[22.085465025728432,65.48427168502987],[22.08580438965637,65.48551819952354],[22.08499551675356,65.48573655106368],[22.08560564273482,65.4864148300792],[22.123429380000005,65.48463369],[22.128306769999995,65.50243946],[22.23551181,65.49733591999998],[22.23303629,65.48843516],[22.254464559999995,65.48740581],[22.24702764,65.46070442],[22.286315791394887,65.45880045155448],[22.285475796101412,65.45579706573942],[22.286282015589595,65.45557766816249],[22.286082906811505,65.4548656856914],[22.287366856124834,65.45480357616012],[22.28812324008699,65.45440617409177],[22.28797387792462,65.45387218938602],[22.28882980880568,65.45383077387314],[22.288730226326003,65.45347478462764],[22.290242854487232,65.45267996442146],[22.291904816675036,65.45241911030152],[22.291655777841406,65.45152914295232],[22.29298936251726,65.45164498081141],[22.292889733563705,65.45128899476963],[22.294601404760872,65.45120610503348],[22.29450175592217,65.45085012025311],[22.29568582130996,65.45043195744996],[22.29518755115268,65.44865203671692],[22.292928163984392,65.4467770083721],[22.292022673799913,65.44664045126942],[22.291923080978062,65.44628446422199],[22.28895783232764,65.44498478410013],[22.289136784414847,65.44407410237083],[22.28717676629687,65.4432669484826],[22.286977746267024,65.44255496626816],[22.285644651303798,65.442439070418],[22.286301219591437,65.44168568840912],[22.28839029344594,65.44140417905693],[22.28829077400732,65.4410481888739],[22.2891960505772,65.44118477049948],[22.287524461153705,65.43675559729498],[22.285187103257137,65.43614710907417],[22.279856131984953,65.43568337771842],[22.278851728732217,65.43519073972955],[22.275858020858976,65.43533545440803],[22.27837438018823,65.43503341768614],[22.27827502597208,65.43467741924627],[22.27646504313031,65.4344041138386],[22.27498344803333,65.43375411893645],[22.277927309682273,65.43343142395307],[22.277728631047463,65.43271942611631],[22.279011519829748,65.43265739818723],[22.28011519683528,65.43350603321537],[22.28182575592917,65.43342329941696],[22.2817263622336,65.43306730364093],[22.28263132807336,65.43320392775082],[22.281955204563744,65.43233462635536],[22.282909848750002,65.43264924680041],[22.283188358257934,65.43209456544548],[22.283715387995112,65.43242986967172],[22.284570627063783,65.43238848518757],[22.284415859761022,65.43183431450286]],[[22.27498344803333,65.43375411893645],[22.274506148783082,65.4335967841615],[22.27493379650187,65.4335761183528],[22.27498344803333,65.43375411893645]],[[22.274028855244207,65.43343944781938],[22.274456500851873,65.4334187833848],[22.274506148783082,65.4335967841615],[22.274028855244207,65.43343944781938]],[[22.276724384111738,65.43222677240053],[22.27757962989207,65.4321854274875],[22.277629296199063,65.43236342705431],[22.276724384111738,65.43222677240053]],[[22.276018102243714,65.43280211315307],[22.275590468181033,65.43282278189999],[22.27554081466147,65.43264478153506],[22.276018102243714,65.43280211315307]],[[22.27312392317566,65.43330277176571],[22.272268632460563,65.43334409186193],[22.272219000296513,65.43316609019186],[22.27312392317566,65.43330277176571]],[[22.21476263985184,65.4604627787053],[22.215618925374535,65.46042177487695],[22.2156682352624,65.46059979825853],[22.21476263985184,65.4604627787053]],[[22.21402588147628,65.45310229906548],[22.214635498235925,65.45217118218463],[22.215590094048324,65.45248622897226],[22.21402588147628,65.45310229906548]],[[22.19520281181148,65.47131893294122],[22.194922053038564,65.47187347336522],[22.19434613123459,65.47135982484525],[22.19520281181148,65.47131893294122]],[[22.17584187455306,65.47350449602577],[22.175989084097466,65.47403861199477],[22.17556068155475,65.47405900466963],[22.17584187455306,65.47350449602577]],[[22.170569515967447,65.48115068185184],[22.170140991875247,65.4811710603399],[22.170091944920582,65.4809930195882],[22.170569515967447,65.48115068185184]],[[22.16780223435926,65.48056076816816],[22.167373717324967,65.48058113873844],[22.167324690536535,65.48040309689107],[22.16780223435926,65.48056076816816]],[[22.161448121011965,65.4842897449465],[22.16101953692089,65.48431009814621],[22.160970544934013,65.48413205390469],[22.161448121011965,65.4842897449465]],[[22.15902354273606,65.4849459811044],[22.159072523313064,65.48512402608687],[22.158643923320735,65.48514437270279],[22.15902354273606,65.4849459811044]],[[22.154736467149853,65.49146236364788],[22.155544909684245,65.49124364310053],[22.155642852708493,65.49159973545962],[22.154736467149853,65.49146236364788]],[[22.155642852708493,65.49159973545962],[22.156120536805357,65.49175744227911],[22.155691825324926,65.4917777816042],[22.155642852708493,65.49159973545962]],[[22.15591258627044,65.48942250438361],[22.155483912868753,65.48944284274923],[22.155434946949562,65.4892647964683],[22.15591258627044,65.48942250438361]],[[22.155091259736455,65.49433144290684],[22.15466250508736,65.49435177973109],[22.154564562960747,65.49399568673712],[22.155091259736455,65.49433144290684]],[[22.153976972041374,65.49185912681496],[22.15440568646645,65.49183879232574],[22.15445465120058,65.49201683894734],[22.153976972041374,65.49185912681496]],[[22.15445465120058,65.49201683894734],[22.154932336105563,65.49217454951388],[22.15450361667083,65.49219488554567],[22.15445465120058,65.49201683894734]],[[22.15298455484478,65.49298840641119],[22.15174729785386,65.4932274423943],[22.15207813371808,65.49285101900402],[22.151073834695815,65.49235753027591],[22.14726419105071,65.4927184625162],[22.14630889671189,65.49240299067166],[22.1465908903987,65.49184852884203],[22.145684540752523,65.49171110239585],[22.145060218805607,65.49101921120621],[22.14634634368135,65.49095828015011],[22.147057020145056,65.49038350490636],[22.147914412875178,65.49034287432126],[22.148478280687147,65.48923394528106],[22.149335633064457,65.48919330702424],[22.14966645614019,65.48881688902301],[22.151381126149328,65.4887355945011],[22.151050328993644,65.48911201600436],[22.15190767254485,65.4890713632414],[22.152238456740456,65.48869493998724],[22.152385287558783,65.4892290825414],[22.153671303777298,65.48916809020406],[22.153732173775584,65.49096889252333],[22.154589573162262,65.49092822400358],[22.154687501751233,65.49128431712307],[22.153401384331133,65.49134531908992],[22.15264187184334,65.49174207571683],[22.15298455484478,65.49298840641119]],[[22.153855202583877,65.48825752263505],[22.154859390959082,65.48875099397536],[22.153671303777298,65.48916809020406],[22.153855202583877,65.48825752263505]],[[22.150179151737397,65.4938428887209],[22.15060790225334,65.49382256465474],[22.150656845615703,65.49400061271072],[22.150179151737397,65.4938428887209]],[[22.1497993381011,65.49404125996735],[22.150228092226303,65.49402093694356],[22.150277033451022,65.49419898514296],[22.1497993381011,65.49404125996735]],[[22.138709569366117,65.46787247626617],[22.13737576275769,65.46775527771962],[22.137326969002483,65.46757722386896],[22.138611963918272,65.46751636958555],[22.138709569366117,65.46787247626617]],[[22.05820497741838,65.48140198214229],[22.05991950267097,65.48132172680879],[22.060160999430153,65.48221214403426],[22.058971650035026,65.48262850753383],[22.058736167837257,65.48336090652558],[22.056924940936245,65.48308498057307],[22.056780100944213,65.4825507266312],[22.05820497741838,65.48140198214229]],[[22.05992586221458,65.49574899976788],[22.059068128052708,65.49578913441779],[22.05901980439154,65.49561105091873],[22.05992586221458,65.49574899976788]],[[22.05964247505544,65.45788993229239],[22.059690718855073,65.45806801644433],[22.059262468998895,65.45808807779089],[22.05964247505544,65.45788993229239]],[[22.056173990317813,65.45949512386726],[22.053604320777488,65.45961541551621],[22.053031433182188,65.45910119996348],[22.051698420056248,65.45898323719848],[22.051602037791795,65.45862706276466],[22.054358839543667,65.45759632826329],[22.053834185927258,65.457260201679],[22.052597651857766,65.45749841893378],[22.05202483260584,65.45698419889048],[22.052784919612982,65.4565879426433],[22.054117814292255,65.45670589696029],[22.053785983743982,65.45708211525415],[22.054738876532813,65.45739819480764],[22.056451843241728,65.45731799376884],[22.056307185086748,65.45678373745145],[22.057115423224822,65.45656554551611],[22.057971876403087,65.45652543423502],[22.058116566787753,65.45705968864873],[22.058973034269776,65.45701957155111],[22.059594231980288,65.45771184811765],[22.056173990317813,65.45949512386726]],[[22.04555915836864,65.48920694319244],[22.04470161215523,65.4892469945276],[22.044605190405914,65.48889081614743],[22.045462725119556,65.48885076546931],[22.04555915836864,65.48920694319244]],[[22.041602889899497,65.47298075221354],[22.042459908872317,65.47294072350425],[22.043889941167528,65.47341494103925],[22.04274888223249,65.47400926558093],[22.04332191292564,65.47452351866806],[22.04246484371691,65.47456355274855],[22.040558093556534,65.47393124210232],[22.041795512941796,65.47369311500164],[22.041602889899497,65.47298075221354]],[[22.01822631298272,65.49733375748288],[22.02103653973131,65.49648167983247],[22.022752191276332,65.49640183552216],[22.022944509171097,65.49711422501169],[22.022086661825515,65.49715415089727],[22.021373023071263,65.49772836578758],[22.02166146556118,65.49879695286694],[22.018754898646876,65.49929284652784],[22.018422045851924,65.4996689966071],[22.01646595159065,65.49885829541677],[22.01822631298272,65.49733375748288]],[[21.977043720927085,65.49599772565847],[21.978759502511835,65.49591837939764],[21.97942735588341,65.49678910983945],[21.976758997664927,65.49817477233816],[21.974185087851165,65.49829375261235],[21.973994088167004,65.49758128879483],[21.977043720927085,65.49599772565847]],[[21.97694448460898,65.48915002266733],[21.975324618791845,65.4895855756027],[21.974419197076358,65.48944711373831],[21.97503819224524,65.48851688110703],[21.977563382700488,65.48821978061117],[21.97694448460898,65.48915002266733]]],[[[22.06371306227484,65.50454979939347],[22.063581912873342,65.50441481186857],[22.06363028728159,65.50459289340269],[22.06371306227484,65.50454979939347]]],[[[22.081837842278116,65.49560988146695],[22.08265475713144,65.49468366839507],[22.08198354151635,65.49381342723123],[22.08060016321923,65.49351766319087],[22.080357844379293,65.49262728670516],[22.081904375721614,65.49157972777765],[22.08145856294086,65.48994178556127],[22.07844162091649,65.49037267076392],[22.07458973992107,65.49217651008287],[22.073303354174058,65.4922368329738],[22.072687805552587,65.49316743398104],[22.07149817180971,65.49358389874983],[22.07093093125367,65.49469257224644],[22.06791698135,65.49626244089332],[22.081837842278116,65.49560988146695]]],[[[22.354033499999996,65.45551874],[22.35654639,65.46441714],[22.36868850176239,65.46382249721951],[22.36942497661723,65.46271900357843],[22.368166098593825,65.46133717648848],[22.36731007485078,65.4613790428105],[22.367008032251235,65.46031126399266],[22.3659507160583,65.45964126902894],[22.364188450244495,65.45954700635127],[22.360890762132215,65.45862564285498],[22.36063930813908,65.45773581402234],[22.359632541380105,65.45724373801006],[22.35918004357266,65.45564204083396],[22.358223653262367,65.45532792085046],[22.35845050235857,65.45459514803267],[22.35643733663488,65.45361095640268],[22.356613973615673,65.45270021833495],[22.35575820979474,65.45274201654614],[22.357268718052833,65.45194654622922],[22.35744531810801,65.45103580755571],[22.358628355252822,65.4506171614125],[22.358377070993907,65.4497273270935],[22.35460279331559,65.44864874831366],[22.354578573189094,65.44702613812223],[22.356139029429187,65.4464086503634],[22.3557874233685,65.44516287445941],[22.35392573904344,65.44471254540599],[22.35178696295289,65.44481698737997],[22.351459598935275,65.44519381182013],[22.348087641317022,65.44553882056788],[22.34675415415578,65.44542346861655],[22.34617589570674,65.44491042359623],[22.346931090446965,65.44451273887213],[22.347335095236023,65.44286925059652],[22.34866845369163,65.44298459870633],[22.3492228513677,65.44187501950537],[22.352216813840702,65.44172884639134],[22.352293155999185,65.44046217320735],[22.351387597295336,65.44032597305758],[22.350231160857767,65.4392999154952],[22.34693654287847,65.43837821631837],[22.341554033930464,65.4377387076192],[22.337177314439177,65.43759124915175],[22.330334766178765,65.43792458172307],[22.32364200386402,65.43879154921922],[22.32042038300591,65.43966987929863],[22.319137269852856,65.4397322616385],[22.31601527055901,65.44096646643122],[22.314903631304453,65.44318540690979],[22.315403114797466,65.44496525040108],[22.3169862723882,65.44597079902574],[22.31789186091302,65.44610720534504],[22.318041779176156,65.44664115486209],[22.320180866382216,65.44653718810997],[22.323047791660617,65.44748027537322],[22.323197824479074,65.44801421861878],[22.32234214940752,65.44805582646632],[22.323647963454277,65.44961604704962],[22.319491336993952,65.45180265565176],[22.316973889103274,65.45210538903812],[22.314656237931203,65.45312001856324],[22.313372449474194,65.45318235861625],[22.313044428750477,65.45355910620201],[22.310576671730313,65.45403972048192],[22.307930482086533,65.45543099338676],[22.30365071903096,65.45563856506207],[22.301232467674065,65.45629701910843],[22.300904233813917,65.4566737424222],[22.298814093127078,65.45695543563592],[22.297301490619454,65.45775034146445],[22.295589402097676,65.45783326597041],[22.294811066355738,65.45838875655517],[22.354033499999996,65.45551874]],[[22.356035354397928,65.45218721473532],[22.355985110010987,65.45200924691726],[22.356412980112196,65.45198834789338],[22.356035354397928,65.45218721473532]],[[22.35143778339566,65.44050394299552],[22.351010095964835,65.44052482608228],[22.350959912719848,65.44034685597344],[22.35143778339566,65.44050394299552]]],[[[22.58603399,65.50717843],[22.583438050000005,65.49828475],[22.559781516023694,65.49947262910956],[22.55913557142723,65.5002409023894],[22.559667516647743,65.50057518919365],[22.558810583537106,65.50061815065438],[22.558965799355118,65.50115180319825],[22.55778383199119,65.50157200721324],[22.558315788339648,65.50190629866393],[22.556106899504822,65.50328034450938],[22.55636553624263,65.50416977054348],[22.554274601967506,65.50445500752588],[22.549782473645767,65.50395806946453],[22.54945730599863,65.5043352994567],[22.544159858158366,65.50405898681431],[22.542068789128102,65.50434405630494],[22.542275324936536,65.505055620192],[22.543767573490744,65.50570287547625],[22.542910440713232,65.50574574881414],[22.54184676807142,65.50507705313996],[22.54098965201347,65.50511991541411],[22.54124779624347,65.50600937233615],[22.540442273863285,65.50623012319751],[22.541505959871458,65.50689882862254],[22.541180637167834,65.50727604239349],[22.54032344766643,65.50731890164018],[22.541010204928533,65.50818692977388],[22.543204889730212,65.50825765264808],[22.543788457926603,65.50876988607732],[22.542554253211737,65.50901208671715],[22.542650910105205,65.50934498836742],[22.58603399,65.50717843]]],[[[22.736323333843348,65.49359807042102],[22.736270406260324,65.49342026002226],[22.735842075057644,65.49344224714415],[22.736323333843348,65.49359807042102]]],[[[22.702123521681344,65.67009247053062],[22.701692239919137,65.67011439133546],[22.70174536542161,65.6702922121225],[22.702123521681344,65.67009247053062]]],[[[22.492608867106114,65.50771170007354],[22.49303751579644,65.5076904058098],[22.492986209590832,65.50751249475941],[22.492608867106114,65.50771170007354]]],[[[22.491700269809932,65.50757637340371],[22.492557563768315,65.50753378884853],[22.492506261201633,65.5073558775984],[22.491700269809932,65.50757637340371]]],[[[22.490586524999348,65.50672939313459],[22.490637813011148,65.50690730518355],[22.491066450446844,65.50688601662345],[22.490586524999348,65.50672939313459]]],[[[22.44128216755481,65.55013108240112],[22.44085277060432,65.55015223741874],[22.44090382243029,65.55033016868542],[22.44128216755481,65.55013108240112]]],[[[22.424223133350928,65.53617434531968],[22.424274038787516,65.5363522836547],[22.424703224869518,65.53633117777997],[22.424223133350928,65.53617434531968]]],[[[22.407720618174846,65.54239804963805],[22.408149919856346,65.54237698956368],[22.40809911020016,65.54219904485139],[22.407720618174846,65.54239804963805]]],[[[22.40749453897317,65.5431308884872],[22.407443732014784,65.54295294352805],[22.407014420167854,65.54297400170068],[22.40749453897317,65.5431308884872]]],[[[22.407116029092037,65.54332989194003],[22.407065224247546,65.54315194683271],[22.406635908757117,65.54317300396795],[22.407116029092037,65.54332989194003]]],[[[22.406737513453358,65.54352889450362],[22.406686710722852,65.54335094924815],[22.406257391588884,65.54337200534603],[22.406737513453358,65.54352889450362]]],[[[22.31539356237628,65.52524884521478],[22.314964452572273,65.525269640253],[22.315443700350237,65.52542682753712],[22.31539356237628,65.52524884521478]]],[[[22.354779470848445,65.44773801197626],[22.355207272369928,65.44771711705849],[22.355157043967942,65.44753914880258],[22.354779470848445,65.44773801197626]]],[[[22.3514052524345,65.53414413271578],[22.351506061532643,65.53450006811806],[22.35193528785148,65.53447916826433],[22.3514052524345,65.53414413271578]]],[[[22.349184477734166,65.53244803332112],[22.350472059914374,65.5323853508254],[22.350371274775963,65.53202941449442],[22.349184477734166,65.53244803332112]]],[[[22.337160229468267,65.53916707561547],[22.33673091176636,65.53918793445914],[22.336781227612114,65.53936590792932],[22.337160229468267,65.53916707561547]]],[[[22.331726038835,65.54303934388574],[22.331296652170206,65.54306018799439],[22.33134693995928,65.54323816354622],[22.331726038835,65.54303934388574]]],[[[22.324558152605583,65.4327933429515],[22.32460813917999,65.43297132380205],[22.325035728788514,65.43295051654039],[22.324558152605583,65.4327933429515]]],[[[22.221612841099386,65.46013461291479],[22.221184709076393,65.46015513232771],[22.22123405619087,65.46033315352487],[22.221612841099386,65.46013461291479]]],[[[22.058737743011626,65.45775196894556],[22.058309497440693,65.45777202754802],[22.058357731914754,65.45795011221588],[22.058737743011626,65.45775196894556]]],[[[21.992830160147538,65.50464396625767],[21.992782268071615,65.50446585758819],[21.992353196345537,65.50448573696312],[21.992830160147538,65.50464396625767]]],[[[21.994117379642216,65.50458432037931],[21.995308774659808,65.50416844820171],[21.994688094324847,65.5034759029483],[21.99540247804011,65.50290180703826],[21.993734194093374,65.50315945430997],[21.993544615852098,65.5040698784525],[21.992782268071615,65.50446585758819],[21.994117379642216,65.50458432037931]]]]}},{"type":"Feature","properties":{"cyano_daymap_file_id":3571,"date":"2013-06-08Z","cloud":null,"sub_surfac":null,"surface":null,"no_data":null,"class":1,"color_hex":null,"algae_class":"class_1","source_date":"2013-06-08"},"geometry":{"type":"MultiPolygon","coordinates":[[[[21.942491779999997,65.3758655],[21.928602911014778,65.37650381238146],[21.92279212100388,65.3857890523555],[21.944856049999995,65.38477201999999],[21.9472221,65.39367848],[21.925856079999996,65.39466366999999],[21.929936831258637,65.41004281878946],[21.930350366443594,65.41033784254809],[21.93206071717197,65.41025907757084],[21.93224981056835,65.41097161326941],[21.930681207281612,65.41158478430167],[21.931203354089828,65.41192136228914],[21.930472518454835,65.41206166595087],[21.93530943,65.43029056],[21.956704029999997,65.42930375999998],[21.954330879999993,65.42039751999998],[21.96236462002363,65.42002583451836],[21.962273357313915,65.4196835922539],[21.96422186836955,65.41887218839406],[21.964507032912554,65.41831803753189],[21.965504957213653,65.41881282522733],[21.96745330244774,65.41800138119248],[21.96735824576563,65.41764514040742],[21.96906893802252,65.4175659524027],[21.96935398673448,65.41701179347288],[21.970209310002367,65.41697219079536],[21.97134995060338,65.41800129703047],[21.970399497730856,65.41768466800569],[21.970209561422962,65.41859506741753],[21.96935418525617,65.41863467060082],[21.96859388291323,65.41903050882942],[21.9691166637471,65.41936694938468],[21.9678335576909,65.41942634344129],[21.96792489351828,65.419768585351],[21.972654598344757,65.41954976290823],[21.973726182871875,65.41879284242226],[21.974581556211056,65.41875321447021],[21.974486399461266,65.41839697914091],[21.975434771218662,65.41835303599763],[21.973338029999997,65.41050221],[22.016089729999997,65.40851515],[22.017087950394227,65.41223012213987],[22.018523970345676,65.41148110974027],[22.021944165090638,65.41132156506038],[22.022990771874447,65.41199406431805],[22.02270691297758,65.41254831304866],[22.023989532002602,65.41248845686155],[22.02498833000529,65.41298284242087],[22.022994278216167,65.41361690916618],[22.022426517792795,65.41472540648785],[22.018304143496135,65.4167563004432],[22.01848254,65.41742022],[22.021854870171786,65.41726273218255],[22.024236226249048,65.41662463914064],[22.024376214130967,65.41714498542083],[22.039862839999998,65.41642176],[22.039533540419935,65.41554928444077],[22.038630383888048,65.4154111853673],[22.038961939122743,65.41503500283987],[22.03710768214873,65.4145806981054],[22.036483817553247,65.41226547612406],[22.037290872785945,65.41204740158167],[22.03776196779848,65.41058266753922],[22.0367150457682,65.4099102738577],[22.034529645671817,65.40983211102603],[22.033103315662576,65.40935776890697],[22.034237674959996,65.4071407027875],[22.033854031240388,65.40571594103149],[22.03625743028194,65.40303937656594],[22.035064729999995,65.39861237],[22.04766667073955,65.39802212490335],[22.055389113451636,65.39731362318861],[22.05638979364019,65.39746661776977],[22.054025469999996,65.38870735],[22.0012659554785,65.39117148503563],[22.000160676747385,65.39141827527527],[22.000305787410017,65.39357546074895],[21.99888096058181,65.39310078036522],[21.999167099239234,65.39416943391142],[21.997885306414975,65.39422907102512],[21.996652994503787,65.39608966914503],[21.995134478250986,65.3968815971693],[21.994279854798254,65.39692133450117],[21.99200186636011,65.39810918697181],[21.991717482760187,65.39866338245609],[21.988203459440793,65.39846600200038],[21.98711067416751,65.39761513405819],[21.985496561373907,65.39805074164629],[21.98407174729044,65.39757592116447],[21.98321708101282,65.39761559617627],[21.982077827757237,65.39820944558846],[21.98222058568518,65.39874379131764],[21.980890944994186,65.3986251711695],[21.98103368150836,65.39915951822488],[21.97965645413577,65.3988627715927],[21.97761477095032,65.39931812263144],[21.97505055809532,65.39943702533094],[21.974860404041355,65.39872455346439],[21.973483266631355,65.39842774956313],[21.974717795981487,65.39819019933022],[21.974575194333116,65.39765584499528],[21.973150594386404,65.39718091922202],[21.973577543344387,65.3955382349818],[21.97220058928887,65.3952414175883],[21.973387463388747,65.3948257605042],[21.97367219942258,65.39427159621248],[21.97215278700896,65.39344042164339],[21.973007337655115,65.3934008104787],[21.972769782209923,65.39251021598817],[21.970870749253393,65.39187695167371],[21.970490811633805,65.39045199343312],[21.968544509307243,65.38964057779518],[21.969351463211698,65.38942286789514],[21.969066599723376,65.3883541455339],[21.969826030366768,65.38795831308106],[21.970537789977143,65.38576147886967],[21.97139209386228,65.38572187922558],[21.971249641697998,65.38518752020896],[21.972056437291666,65.38496979732693],[21.972625763378122,65.38386147446326],[21.973432506933232,65.38364374470758],[21.973954253370728,65.38235729869676],[21.975093024971162,65.38176351517272],[21.974903024473512,65.38105104169341],[21.975757167301182,65.38101141884256],[21.976089224563935,65.38063536970984],[21.975946710274197,65.38010101569044],[21.977180362396446,65.37986345363872],[21.977796885194653,65.3789332317466],[21.982398271324996,65.37673605728268],[21.982255654389686,65.37620171018985],[21.98353661111735,65.37614221403905],[21.984200375777764,65.37539008406048],[21.985567157936458,65.37529326582367],[21.983933806857976,65.36917765409119],[21.982915930696336,65.36895809885782],[21.98229897284545,65.36826546580346],[21.983105160758562,65.36804768954873],[21.98345385905729,65.36738062806324],[21.98281322,65.36498194],[21.987862266568804,65.36474588996256],[21.989219990824694,65.3634356676513],[21.99087950924189,65.36317815355578],[21.991163567490627,65.36262396249597],[21.993392516153744,65.3628809046245],[21.99533592062236,65.36206914726492],[21.998227890846362,65.36157384286163],[21.99851177764927,65.3610196395843],[22.001451203587507,65.36070238468116],[22.001546472934237,65.3610586021952],[22.002826639458565,65.36099894961062],[22.002921928728046,65.36135516606001],[22.001689382300857,65.3615929282981],[22.001832298083674,65.36212725419921],[22.003682209989005,65.3625820348638],[22.004299585459652,65.36327457629982],[22.00439490465272,65.36363079151594],[22.00306696294481,65.36351235054524],[22.00320508233384,65.36402859171888],[22.06815973999999,65.36099186999999],[22.06335472,65.34318344],[21.99939015,65.34617805],[21.995037129827637,65.32986743103966],[21.938714118653465,65.36161845785912],[21.942491779999997,65.3758655]],[[21.966883046507068,65.41748681380568],[21.967310718493803,65.41746701998146],[21.96735824576563,65.41764514040742],[21.966883046507068,65.41748681380568]],[[22.039677582257905,65.41608356303072],[22.039201987366994,65.41592546820137],[22.03962956759198,65.41590547019008],[22.039677582257905,65.41608356303072]],[[21.97215278700896,65.39344042164339],[21.971678006666203,65.3932821060793],[21.97210528020341,65.39326230246587],[21.97215278700896,65.39344042164339]],[[21.971203232030764,65.39312378896436],[21.971630503426116,65.39310398671749],[21.971678006666203,65.3932821060793],[21.971203232030764,65.39312378896436]],[[22.00177045,65.35508352],[21.98043825,65.35607612],[21.97806506,65.34717025],[21.99939015,65.34617805],[22.00177045,65.35508352]],[[22.033789526044227,65.39904649087626],[22.03293490309801,65.39908644738897],[22.03288697174376,65.39890835155792],[22.033693652640093,65.39869029984524],[22.033789526044227,65.39904649087626]],[[22.020880843720853,65.4025348254845],[22.020453463972288,65.40255476840629],[22.020357755966213,65.40219856732016],[22.020880843720853,65.4025348254845]],[[22.01356546148157,65.34625194577208],[22.01531904072845,65.34635038387259],[22.015557531332025,65.34724090269042],[22.014799946897092,65.34763694793195],[22.014659622669885,65.34872548956346],[22.01375890757148,65.34858721782429],[22.01342777443863,65.34896334117265],[22.01139053560213,65.34941910702018],[22.007978308422064,65.34957833560817],[22.009729634864993,65.34805398013819],[22.01356546148157,65.34625194577208]],[[22.007599428082695,65.34977634047439],[22.00717289292191,65.34979623759972],[22.007125244497963,65.34961813073572],[22.007599428082695,65.34977634047439]],[[21.99361587067213,65.39767351076205],[21.993663533003645,65.39785162164297],[21.99323620450687,65.39787148690515],[21.99361587067213,65.39767351076205]],[[21.97310417628309,65.40187142839747],[21.972676763585373,65.40189123617407],[21.972629234728906,65.40171311739624],[21.97310417628309,65.40187142839747]],[[21.931725514461107,65.41225793833763],[21.931297894975824,65.41227763075204],[21.931250624178396,65.41209949653165],[21.931725514461107,65.41225793833763]]],[[[22.017715294134934,65.41456484153886],[22.018434695951985,65.41437060295277],[22.018291097932675,65.41383629981192],[22.01909835779553,65.41361832068688],[22.017455365269043,65.41359749154206],[22.017715294134934,65.41456484153886]]],[[[22.019194099084995,65.41397452219567],[22.01914622808138,65.41379642145256],[22.018718663365895,65.41381636123496],[22.019194099084995,65.41397452219567]]]]}},{"type":"Feature","properties":{"cyano_daymap_file_id":3571,"date":"2013-06-08Z","cloud":null,"sub_surfac":null,"surface":null,"no_data":null,"class":1,"color_hex":null,"algae_class":"class_1","source_date":"2013-06-08"},"geometry":{"type":"MultiPolygon","coordinates":[[[[22.597417762536676,65.66001980146515],[22.5971341237034,65.65986942756122],[22.599784697643834,65.65847305126677],[22.605388034788593,65.65819186445663],[22.607007218565386,65.65774958297324],[22.608408148226097,65.65772786569686],[22.606292280000005,65.65055190000001],[22.67091729,65.64729239],[22.668275389999998,65.63840064999998],[22.68980584,65.63730852],[22.68715869,65.62841716],[22.62258308,65.63168309],[22.61733815,65.61389748],[22.597980874275756,65.61487070118578],[22.59761206212295,65.61544466498106],[22.595291444962157,65.61646362646896],[22.595395976935464,65.6168193592591],[22.596687007852164,65.6167545464565],[22.596843837752285,65.61728814384884],[22.594796600531687,65.6177518950285],[22.592970645632647,65.61748255429806],[22.591784055205075,65.61790307167274],[22.590010350658712,65.61781156307319],[22.589841140692666,65.61872249329326],[22.588224052041816,65.6191645704468],[22.588054773165346,65.62007549937881],[22.58686798448904,65.62049598030467],[22.583855065606063,65.6206470032387],[22.582837654190474,65.62015652738513],[22.580411682476175,65.62081952807027],[22.5805160319372,65.62117527296496],[22.577933426800033,65.6213046177503],[22.576916098547755,65.62081410133426],[22.57417711329062,65.62040975962132],[22.574190498082235,65.61896521609404],[22.573655849707563,65.61863100775652],[22.57203848046066,65.61907291516523],[22.571191223466013,65.61767144132155],[22.568830949126124,65.6170675877379],[22.568617633411296,65.61633906123525],[22.531267500000002,65.61820602000002],[22.52867691,65.60931135000001],[22.50716157999999,65.61038045999997],[22.502000709999997,65.59259005],[22.48049789,65.59365525],[22.477927579999996,65.58475951],[22.456430039999994,65.58582125],[22.45386889,65.57692501],[22.367910672595148,65.5811388057142],[22.370420609999996,65.59003786],[22.39192585,65.58898826],[22.393790421206035,65.59551366149871],[22.394526289368567,65.59537058977133],[22.394753105207254,65.5946377630162],[22.398065163161025,65.59249100955005],[22.401025227888468,65.59216575072529],[22.402038141434463,65.59265748894417],[22.403758680804675,65.59257327263366],[22.40515089265021,65.5928659871546],[22.4054054445321,65.59375571044869],[22.404216796134026,65.59417477923814],[22.404369515063514,65.59470861432766],[22.405609099859497,65.59446748863853],[22.40700143444082,65.59476018494352],[22.407737184983127,65.59580678039158],[22.406876817716498,65.59584891453737],[22.406548483274207,65.59622586799442],[22.407510728626708,65.59653962299423],[22.407386129079168,65.59762835283489],[22.410222166421217,65.59839163846536],[22.408552212584276,65.59865387493514],[22.408427651779355,65.5997426052456],[22.40610081268002,65.60075872977669],[22.406253616871652,65.60129256211901],[22.405393065311685,65.60133468967155],[22.40425499992085,65.6019317066167],[22.404356848903536,65.60228759630488],[22.40283933037267,65.60308360759902],[22.401978712904945,65.60312571642457],[22.401321719250184,65.60387960462063],[22.4000307479554,65.60394275355209],[22.399928950338676,65.6035868604502],[22.396105407152675,65.60361537020086],[22.39701057,65.60678315],[22.383127675855174,65.60746083434562],[22.38071849735356,65.60813384038134],[22.3808200535692,65.60848974874988],[22.379681107534992,65.60908658989331],[22.380314644662402,65.60977741571004],[22.379023319211306,65.60984038927283],[22.37826396121563,65.61023827592011],[22.378517798298585,65.6111280513468],[22.37727716156555,65.61136896585201],[22.377530978192873,65.61225874313025],[22.37859503582049,65.61292858962041],[22.377784813976522,65.61314851979336],[22.377632510207462,65.61261465386931],[22.376820574548077,65.61249355370953],[22.378155090682824,65.6171703495671],[22.38009201587744,65.61664464525592],[22.38115632517867,65.61731447128882],[22.380345990937144,65.61753441625103],[22.380599985168807,65.61842418663039],[22.379409816751046,65.61884307586493],[22.379182393682047,65.61957588561452],[22.380955609305985,65.61966986412702],[22.38085399857451,65.61931395639402],[22.3816643831023,65.61909400822258],[22.384247930919113,65.61896799626639],[22.3845768612449,65.61859108525232],[22.385438024585916,65.61854906981176],[22.38640086633091,65.6188629528997],[22.38632616983584,65.62012962629022],[22.388479191323867,65.62002455257823],[22.38878435596728,65.62109225696054],[22.38706187075571,65.62117632251031],[22.386783796746354,65.62173119031314],[22.38506126139769,65.62181523364247],[22.385213782737925,65.62234908994778],[22.38430165764872,65.62221315293799],[22.38316220854474,65.62281002517813],[22.383290684039835,65.62478850985232],[22.382645494119796,65.62552759071286],[22.41923523355004,65.62373855585592],[22.41913715494353,65.6233968799383],[22.41784526658248,65.62346018964529],[22.417312507685022,65.62312541231273],[22.41743675029606,65.62203667788285],[22.41437143863979,65.62200640799838],[22.41454684134021,65.62109561505173],[22.416495595484477,65.62027838362548],[22.4160872133784,65.61885486689808],[22.415021950364743,65.61818529549096],[22.415299383339978,65.61763038232094],[22.416160454873754,65.61758819338112],[22.416313584892123,65.61812201234069],[22.418466293692468,65.61801651613557],[22.418568413192407,65.61837239358171],[22.42335546121447,65.61831812801923],[22.42725187077946,65.616683424744],[22.42704741315671,65.61597168364928],[22.42775505426557,65.61539562375384],[22.429046512816154,65.6153322339279],[22.42922136748719,65.61442142947101],[22.433044414476583,65.61405325840006],[22.434919734311734,65.61450247386196],[22.435196704496292,65.61394752891923],[22.436795118231696,65.6149516654986],[22.43762588691193,65.61328682029006],[22.43853795593447,65.613422437215],[22.438866024516617,65.61304541715634],[22.437872610416072,65.61110933565321],[22.438631060973915,65.61071115970307],[22.439973443630837,65.610825610122],[22.440075823383715,65.61118147048445],[22.441367036420132,65.61111797819346],[22.44460535341876,65.61023689884544],[22.44599896392305,65.61052922417457],[22.447187652066948,65.61010982740736],[22.447085180093694,65.60975397276647],[22.447945928548872,65.60971160660735],[22.44791513787546,65.60808907929072],[22.446419187643773,65.60744091516449],[22.448140530992347,65.60735618705162],[22.447986824259196,65.60682240601903],[22.44740280716515,65.60630980756476],[22.445630312915434,65.60621659863547],[22.445476665810748,65.60568281446511],[22.448785817931196,65.60353498220572],[22.450455650286077,65.60327230378034],[22.450711874308613,65.60416193411436],[22.452381725909593,65.60389923428379],[22.452484242523756,65.604255084898],[22.455014624911524,65.60394996143565],[22.45577260440629,65.60355170446492],[22.457923914042095,65.6034456622352],[22.460331758105298,65.6042292004493],[22.461622566372355,65.60416553973475],[22.46275938102666,65.60356810485095],[22.46367122789275,65.60370357283448],[22.46478845354744,65.60455071652994],[22.462309465219043,65.60503392372945],[22.462084490031067,65.60576683284158],[22.459759274916234,65.60678376441409],[22.46039486510073,65.60747423474925],[22.45984211942091,65.60858420417387],[22.45767049034058,65.61013487393231],[22.456809746989773,65.61017729523826],[22.455672511836532,65.61077468970602],[22.453090197182927,65.6109019057875],[22.45035407317606,65.6104953002846],[22.44931918047082,65.61144850082744],[22.45000587768931,65.61231694256486],[22.44559923041211,65.6121729316271],[22.445066359282656,65.61183825290003],[22.442914292240424,65.61194412022371],[22.438917211698264,65.61322334774691],[22.43907077787856,65.613757139369],[22.436897474074353,65.6153075282446],[22.437532683145896,65.61599809816843],[22.436774065461808,65.61639627028688],[22.436978793374767,65.61710799557724],[22.43541027988598,65.6177263996255],[22.43475392151886,65.61848042627994],[22.43255009738232,65.61840822019911],[22.432652411525464,65.61876408622363],[22.431842485782703,65.61898430217165],[22.43440455308725,65.62030204435759],[22.43309161852638,65.62181008828509],[22.431420415871685,65.62207258907071],[22.4302662719573,65.62319775292931],[22.445165569999993,65.62246601],[22.44772915,65.63136237],[22.47141305417715,65.63019049507719],[22.474568250352842,65.62933175346207],[22.47441384404991,65.62879800623033],[22.475602879958632,65.62837838328356],[22.476206796145906,65.62744627455578],[22.47772340043144,65.62664953849271],[22.47858464810091,65.62660699344048],[22.478481667806562,65.62625116512366],[22.481116864530357,65.62630141604109],[22.4816505020459,65.6266359603966],[22.481875068871673,65.62590302634204],[22.480531738247368,65.6257889563239],[22.481135421105456,65.62485683031363],[22.481996602633885,65.62481426655336],[22.481893584190754,65.62445844093496],[22.48313381652614,65.62421667491618],[22.483409840843578,65.62366165150648],[22.484701545833016,65.62359778533953],[22.48432250138177,65.62379698714781],[22.484959183597617,65.62448734357001],[22.48420106771633,65.6248857477972],[22.48483777517366,65.62557610447831],[22.486129571082166,65.625512225244],[22.48597495470573,65.6249784918865],[22.48678458767823,65.6247579898907],[22.489798658893537,65.62460888374817],[22.491245110342053,65.6250786900241],[22.49377701678557,65.62477290442436],[22.494310782490427,65.62510740296128],[22.496894264527885,65.6249794732724],[22.497428074237693,65.62531396040114],[22.49866819465064,65.62507206851062],[22.498823072370765,65.6256057863076],[22.499150400065936,65.62522864339537],[22.499684243752824,65.62556312224548],[22.50049377374514,65.62534254812138],[22.50064869089894,65.6258762636601],[22.49989078146391,65.62627474421645],[22.50009733164844,65.62698636578263],[22.50106183761453,65.62729950398344],[22.49933938210387,65.62738484398692],[22.49949429022537,65.62791856079748],[22.49647990223183,65.62806786273526],[22.497926667850894,65.62853760216643],[22.496732285037726,65.62893770451159],[22.50132823072363,65.62871029802254],[22.500131480628838,65.62860884844919],[22.500458824488838,65.62823170254943],[22.501371730401342,65.62836693316316],[22.5014693932201,65.62870331332996],[22.55538789,65.62602759999999],[22.563199030000003,65.65270972000002],[22.54164945,65.65378407],[22.54424984,65.66267841999999],[22.597417762536676,65.66001980146515]],[[22.61137709431097,65.64290999212852],[22.61180785502087,65.6428883394971],[22.611860297847755,65.64306619843795],[22.61137709431097,65.64290999212852]],[[22.61229106066322,65.6430445444138],[22.612774272100836,65.64320074773353],[22.612879173305902,65.64355646477254],[22.611965185877793,65.64342191624182],[22.61229106066322,65.6430445444138]],[[22.61439240264559,65.64275839820377],[22.614287484597853,65.64240268238326],[22.613373531441002,65.64226814198695],[22.613163731200075,65.64155670850458],[22.614781753772164,65.64111435592248],[22.614193662290738,65.64060244272977],[22.615485818730985,65.64053745846233],[22.61441456381918,65.63986935095723],[22.616137387969918,65.63978270083363],[22.615223519146507,65.63964817072467],[22.615391927628625,65.63873722026965],[22.616253301775934,65.6386938924901],[22.616148378030275,65.63833817802345],[22.617335477976464,65.63791746481634],[22.616421669756846,65.63778294130906],[22.617230543190942,65.6375617512118],[22.616694950443584,65.63722770421658],[22.614110967024235,65.63735767899794],[22.615088255964487,65.63622555104399],[22.61455271905745,65.63589149592445],[22.616391178979637,65.63471603863657],[22.61811365341966,65.63462936962743],[22.621012252861036,65.6355664619883],[22.622787264712986,65.63565759471548],[22.624236678912236,65.63612610201655],[22.626820478708314,65.63599595668359],[22.626662896932675,65.63546239792454],[22.628332842269785,65.6351977599733],[22.62812270118732,65.63448635068265],[22.62958239677686,65.63351029050858],[22.631409845523056,65.63377917521194],[22.63162006972682,65.63449057910051],[22.63377306547583,65.63438202468315],[22.635610536150143,65.63320634464881],[22.637280240107803,65.63294161068863],[22.637605620052536,65.63256418959317],[22.64002147786113,65.6333447897567],[22.639863644364237,65.63281124728893],[22.640619542825736,65.63241208871844],[22.643308138894184,65.63263736145178],[22.644116616062217,65.63241603210206],[22.643958705271224,65.63188249468632],[22.648211455982693,65.6314871669689],[22.648202234304982,65.63293167386168],[22.64997714157829,65.63302248958432],[22.651259766094796,65.63440171091432],[22.65141784529175,65.63493523902152],[22.650662045154927,65.63533445039094],[22.651030895070935,65.63657935053303],[22.652638980248053,65.63758110882917],[22.65500302675444,65.63818361921041],[22.65510848184531,65.63853930134036],[22.651979545311942,65.6397805164411],[22.649755282489192,65.64260050146046],[22.64808509730792,65.64286537761984],[22.647865131614797,65.64359850880604],[22.645974835901256,65.64459649409244],[22.64608019871127,65.64495218345093],[22.6445678410332,65.64575055701825],[22.642519277279476,65.64621496591435],[22.640303079576938,65.64759031756397],[22.638685111251174,65.64803294167301],[22.63523853694189,65.64820674370078],[22.63470248718048,65.64787276489452],[22.628723501009368,65.64835456118496],[22.62856578972052,65.64782100567109],[22.627115632215137,65.64735254722844],[22.62545534488719,65.64617266177707],[22.623196272349077,65.64592540026828],[22.62298616736314,65.64521398344581],[22.62131552387041,65.6454785696544],[22.620180658200667,65.64607717219965],[22.613287679950645,65.64642385597375],[22.61269949081185,65.64591193796322],[22.610923802247733,65.64582069408226],[22.61102869085752,65.64617641253372],[22.60897946551576,65.64664037542083],[22.60801296192413,65.64632794389084],[22.60828650316439,65.64577271927467],[22.609474068244708,65.64535206283593],[22.611249720463857,65.64544332404431],[22.612879173305902,65.64355646477254],[22.61439240264559,65.64275839820377]],[[22.64907252365467,65.63144365603313],[22.649125193722437,65.63162149974329],[22.64869465739018,65.63164325599702],[22.64907252365467,65.63144365603313]],[[22.612167353112042,65.63817739379445],[22.612440729126536,65.6376221633963],[22.613732742591974,65.63755719550515],[22.613028715175883,65.63813408444047],[22.612167353112042,65.63817739379445]],[[22.61283788668203,65.6419340818959],[22.61289033424097,65.64211194043175],[22.612459587497266,65.64213359599376],[22.61283788668203,65.6419340818959]],[[22.611481974961524,65.64326571034071],[22.610620439575012,65.6433090126728],[22.610568004649114,65.64313115322324],[22.611481974961524,65.64326571034071]],[[22.611313408662717,65.64417665808165],[22.611365851238627,65.64435451719739],[22.61050427949374,65.64439781923883],[22.611313408662717,65.64417665808165]],[[22.604647754560943,65.63638935072208],[22.605509072437744,65.63634608449811],[22.60609689259072,65.63685803407436],[22.605235558918462,65.63690130379491],[22.604647754560943,65.63638935072208]],[[22.52420684495385,65.62127812589064],[22.52398351134834,65.6220111100794],[22.523553008966328,65.62203251085033],[22.52339764916649,65.62149882317911],[22.52420684495385,65.62127812589064]],[[22.52360479712968,65.6222104066899],[22.523433229138885,65.62312128611963],[22.52191825738773,65.62391846254977],[22.519335029522548,65.62404681582406],[22.51907622058479,65.62315732783469],[22.519937270712223,65.62311455002602],[22.520969978259743,65.62216088998322],[22.52360479712968,65.6222104066899]],[[22.52351742700104,65.62041004796383],[22.523569211024096,65.62058794385615],[22.522708251793873,65.62063074136721],[22.52351742700104,65.62041004796383]],[[22.51492611922986,65.62390484218365],[22.517027073870892,65.62362004814237],[22.517302363091982,65.62306497050588],[22.518542182033908,65.62282291919253],[22.518302190079012,65.6250004660651],[22.517321030835564,65.6261320083464],[22.51489277185871,65.6267939838012],[22.514685818394767,65.62608238643763],[22.513290624245887,65.62579070836381],[22.51346256157531,65.62487983670327],[22.51492611922986,65.62390484218365]],[[22.50857127738852,65.6245811506715],[22.512928557503233,65.62454540795207],[22.51303200123974,65.62490120819659],[22.512170878226122,65.62494394754067],[22.511516602596686,65.62569828502585],[22.51149974209348,65.62714285733625],[22.509071235724303,65.62780474209428],[22.507624316016823,65.62733511048232],[22.507107440343997,65.62555608667878],[22.50857127738852,65.6245811506715]],[[22.510412956241076,65.61889531763242],[22.512565265742968,65.61878849005313],[22.51223821076257,65.61916565916123],[22.510412956241076,65.61889531763242]],[[22.508846757621768,65.62402608646785],[22.508898449915012,65.62420398828633],[22.508467896252665,65.62422534675912],[22.508846757621768,65.62402608646785]],[[22.506280601557815,65.62270964332323],[22.506332273131193,65.62288754622297],[22.505901738733584,65.62290889721952],[22.506280601557815,65.62270964332323]],[[22.503542442925937,65.62230401802455],[22.50359409478654,65.62248192205409],[22.503163564396523,65.6225032652392],[22.503542442925937,65.62230401802455]],[[22.50116513209084,65.62765531381123],[22.50326655078968,65.62737070570422],[22.502181331699607,65.62814634931914],[22.5008894524613,65.62821036606348],[22.50116513209084,65.62765531381123]],[[22.502629741867395,65.62216879842343],[22.50268138715731,65.62234670282947],[22.502250858103547,65.62236804341082],[22.502629741867395,65.62216879842343]],[[22.50030389430749,65.62769798694403],[22.500355536921525,65.62787589217113],[22.499924913963294,65.62789722709151],[22.50030389430749,65.62769798694403]],[[22.499994946088268,65.62211891716204],[22.500046573225465,65.62229682264673],[22.49875497838277,65.62236081836812],[22.499994946088268,65.62211891716204]],[[22.49860012536913,65.62182710025861],[22.498703359932357,65.6221829123569],[22.49736015777924,65.62206899006193],[22.49677481446819,65.62155659518068],[22.49860012536913,65.62182710025861]],[[22.49734249858434,65.62351356874706],[22.49739411090583,65.62369147528322],[22.496532997006234,65.6237341257704],[22.49734249858434,65.62351356874706]],[[22.496842652544455,65.62480156656221],[22.49727322726077,65.62478024087294],[22.497324842140493,65.62495814740763],[22.496842652544455,65.62480156656221]],[[22.496757121318193,65.62300117413567],[22.496808728406414,65.62317908092314],[22.495947630324466,65.62322172792919],[22.496757121318193,65.62300117413567]],[[22.4965846043148,65.62391203263225],[22.496154043300283,65.62393335622998],[22.496102438887778,65.62375544919269],[22.4965846043148,65.62391203263225]],[[22.496344292657067,65.62157791892585],[22.49591377006704,65.621599241457],[22.49586217288523,65.62142133426659],[22.496344292657067,65.62157791892585]],[[22.484804598605123,65.62395360870738],[22.485235171171972,65.62393231720611],[22.4852867016213,65.62411022867701],[22.484804598605123,65.62395360870738]],[[22.482651724103146,65.62406004799918],[22.482600211810304,65.62388213545204],[22.483030785369795,65.62386085019742],[22.482651724103146,65.62406004799918]],[[22.48098091198714,65.62432309079747],[22.481411494450192,65.62430181004989],[22.481462999608688,65.62447972307201],[22.48098091198714,65.62432309079747]],[[22.481032414249018,65.62450100399472],[22.481083917288448,65.62467891716678],[22.480653328254537,65.62470019705026],[22.481032414249018,65.62450100399472]],[[22.480704829174833,65.62487811037221],[22.480274236466656,65.62489938921642],[22.480222738443107,65.62472147571938],[22.480704829174833,65.62487811037221]],[[22.480583240936227,65.62596686966987],[22.480152630069128,65.62598814835025],[22.48010113027728,65.62581023482922],[22.480583240936227,65.62596686966987]],[[22.440250270441464,65.61027065737846],[22.439819879795227,65.61029181939121],[22.43976869339495,65.61011388909775],[22.440250270441464,65.61027065737846]],[[22.409379649884603,65.62134862794342],[22.409430654938507,65.6215265702733],[22.409000047746208,65.62154764695937],[22.409379649884603,65.62134862794342]],[[22.408087834691155,65.62141185383739],[22.40841644431913,65.62103489432612],[22.40894904559013,65.62136970445606],[22.408087834691155,65.62141185383739]],[[22.40854083342292,65.60623284445737],[22.40874469235472,65.606944616407],[22.40760646690954,65.60754166009399],[22.404746631011168,65.60822295291801],[22.404061553884613,65.60735429038773],[22.405579276453594,65.6065582648405],[22.40854083342292,65.60623284445737]],[[22.40709788148099,65.59204889392855],[22.40666775971358,65.59206995918365],[22.406616843148946,65.59189201504427],[22.40709788148099,65.59204889392855]],[[22.406265745478557,65.5937135853125],[22.40583559538929,65.59373464848713],[22.405784680586102,65.59355670405101],[22.406265745478557,65.5937135853125]],[[22.388645382809052,65.6099121824267],[22.388418285255938,65.61064500281199],[22.387279425604067,65.61124190016278],[22.386418507821617,65.61128392363347],[22.386266039991245,65.61075006800208],[22.388645382809052,65.6099121824267]],[[22.385330391822105,65.61205875897033],[22.385760864982316,65.6120377507934],[22.385811686402846,65.61221570286831],[22.385330391822105,65.61205875897033]],[[22.381049786802418,65.61082414661067],[22.38034121461636,65.61139999766311],[22.37948027808878,65.61144198193269],[22.380948216451298,65.61046823853698],[22.381809117886938,65.61042624628078],[22.38234115518146,65.61076115536864],[22.381049786802418,65.61082414661067]],[[22.385581505405597,65.6098813166546],[22.38545595256713,65.6109700378263],[22.38398815867064,65.61194382342467],[22.384140588177868,65.61247768172329],[22.38505236708041,65.61261362312075],[22.383153967401665,65.61360840811898],[22.383255582732193,65.6139643142693],[22.38464873638882,65.61425720778331],[22.38442149457821,65.61499002360213],[22.38361126054861,65.61520998501909],[22.383814521890088,65.61592179633392],[22.384777245169754,65.61623569089721],[22.38234639584142,65.61689556931516],[22.38085152723899,65.61624674794618],[22.381028082417032,65.61533598248896],[22.379153597283988,65.61488609258485],[22.378645810303006,65.61310654455846],[22.379886515872315,65.61286561817846],[22.380544350546263,65.61211181460126],[22.3814053071775,65.6120698240928],[22.38234115518146,65.61076115536864],[22.385581505405597,65.6098813166546]],[[22.384950733523038,65.61225771835356],[22.38538121034646,65.61223671121805],[22.385432029637858,65.61241466344114],[22.384950733523038,65.61225771835356]],[[22.38520778802202,65.6162146836023],[22.385258615501154,65.61639263580157],[22.384828069751673,65.61641364326931],[22.38520778802202,65.6162146836023]],[[22.38411659541797,65.61392230781648],[22.38454710061033,65.61390130276851],[22.38459791811603,65.61407925528825],[22.38411659541797,65.61392230781648]]],[[[22.394918565511365,65.59946180492005],[22.395973523211822,65.59890852887754],[22.396200323192538,65.59817570011715],[22.39446394563194,65.59787078107881],[22.394918565511365,65.59946180492005]]],[[[22.641155335770875,65.63274604920313],[22.641260574674092,65.6331017431349],[22.64212170988408,65.63305827096025],[22.642447020028275,65.63268084019356],[22.641155335770875,65.63274604920313]]],[[[22.483994972897754,65.62417410006343],[22.484098018751308,65.62452992398076],[22.484528601563422,65.62450863438255],[22.483994972897754,65.62417410006343]]]]}}]}