station_id,station_name,parameter_id,parameter_name,parameter_summary,unit,datetime_utc,datetime_local,from_ms,to_ms,value,value_numeric,quality,reference,source_period
162015,Luleå Sol,11,Global Irradians (svenska stationer),"medelvärde 1 timma, varje timme",watt per kvadratmeter,2026-05-27T01:00:00Z,2026-05-27T03:00:00+02:00,1779843600000,,5.19,5.19,G,,latest-months
162015,Luleå Sol,11,Global Irradians (svenska stationer),"medelvärde 1 timma, varje timme",watt per kvadratmeter,2026-05-27T02:00:00Z,2026-05-27T04:00:00+02:00,1779847200000,,18.43,18.43,G,,latest-months
162015,Luleå Sol,11,Global Irradians (svenska stationer),"medelvärde 1 timma, varje timme",watt per kvadratmeter,2026-05-27T03:00:00Z,2026-05-27T05:00:00+02:00,1779850800000,,50.32,50.32,G,,latest-months
162015,Luleå Sol,11,Global Irradians (svenska stationer),"medelvärde 1 timma, varje timme",watt per kvadratmeter,2026-05-27T04:00:00Z,2026-05-27T06:00:00+02:00,1779854400000,,70.26,70.26,G,,latest-months
162015,Luleå Sol,11,Global Irradians (svenska stationer),"medelvärde 1 timma, varje timme",watt per kvadratmeter,2026-05-27T05:00:00Z,2026-05-27T07:00:00+02:00,1779858000000,,191.75,191.75,G,,latest-months
162015,Luleå Sol,11,Global Irradians (svenska stationer),"medelvärde 1 timma, varje timme",watt per kvadratmeter,2026-05-27T06:00:00Z,2026-05-27T08:00:00+02:00,1779861600000,,388.90,388.90,G,,latest-months
162015,Luleå Sol,11,Global Irradians (svenska stationer),"medelvärde 1 timma, varje timme",watt per kvadratmeter,2026-05-27T07:00:00Z,2026-05-27T09:00:00+02:00,1779865200000,,476.52,476.52,G,,latest-months
162015,Luleå Sol,11,Global Irradians (svenska stationer),"medelvärde 1 timma, varje timme",watt per kvadratmeter,2026-05-27T08:00:00Z,2026-05-27T10:00:00+02:00,1779868800000,,516.04,516.04,G,,latest-months
162015,Luleå Sol,11,Global Irradians (svenska stationer),"medelvärde 1 timma, varje timme",watt per kvadratmeter,2026-05-27T09:00:00Z,2026-05-27T11:00:00+02:00,1779872400000,,641.58,641.58,G,,latest-months
162015,Luleå Sol,11,Global Irradians (svenska stationer),"medelvärde 1 timma, varje timme",watt per kvadratmeter,2026-05-27T10:00:00Z,2026-05-27T12:00:00+02:00,1779876000000,,572.01,572.01,G,,latest-months
162015,Luleå Sol,11,Global Irradians (svenska stationer),"medelvärde 1 timma, varje timme",watt per kvadratmeter,2026-05-27T11:00:00Z,2026-05-27T13:00:00+02:00,1779879600000,,655.64,655.64,G,,latest-months
162015,Luleå Sol,11,Global Irradians (svenska stationer),"medelvärde 1 timma, varje timme",watt per kvadratmeter,2026-05-27T12:00:00Z,2026-05-27T14:00:00+02:00,1779883200000,,625.72,625.72,G,,latest-months
162015,Luleå Sol,11,Global Irradians (svenska stationer),"medelvärde 1 timma, varje timme",watt per kvadratmeter,2026-05-27T13:00:00Z,2026-05-27T15:00:00+02:00,1779886800000,,615.05,615.05,G,,latest-months
162015,Luleå Sol,11,Global Irradians (svenska stationer),"medelvärde 1 timma, varje timme",watt per kvadratmeter,2026-05-27T14:00:00Z,2026-05-27T16:00:00+02:00,1779890400000,,394.69,394.69,G,,latest-months
162015,Luleå Sol,11,Global Irradians (svenska stationer),"medelvärde 1 timma, varje timme",watt per kvadratmeter,2026-05-27T15:00:00Z,2026-05-27T17:00:00+02:00,1779894000000,,284.84,284.84,G,,latest-months
162015,Luleå Sol,11,Global Irradians (svenska stationer),"medelvärde 1 timma, varje timme",watt per kvadratmeter,2026-05-27T16:00:00Z,2026-05-27T18:00:00+02:00,1779897600000,,395.98,395.98,G,,latest-months
162015,Luleå Sol,11,Global Irradians (svenska stationer),"medelvärde 1 timma, varje timme",watt per kvadratmeter,2026-05-27T17:00:00Z,2026-05-27T19:00:00+02:00,1779901200000,,175.06,175.06,G,,latest-months
162015,Luleå Sol,11,Global Irradians (svenska stationer),"medelvärde 1 timma, varje timme",watt per kvadratmeter,2026-05-27T18:00:00Z,2026-05-27T20:00:00+02:00,1779904800000,,94.69,94.69,G,,latest-months
162015,Luleå Sol,11,Global Irradians (svenska stationer),"medelvärde 1 timma, varje timme",watt per kvadratmeter,2026-05-27T19:00:00Z,2026-05-27T21:00:00+02:00,1779908400000,,93.07,93.07,G,,latest-months
162015,Luleå Sol,11,Global Irradians (svenska stationer),"medelvärde 1 timma, varje timme",watt per kvadratmeter,2026-05-27T20:00:00Z,2026-05-27T22:00:00+02:00,1779912000000,,40.03,40.03,G,,latest-months
162015,Luleå Sol,11,Global Irradians (svenska stationer),"medelvärde 1 timma, varje timme",watt per kvadratmeter,2026-05-27T21:00:00Z,2026-05-27T23:00:00+02:00,1779915600000,,7.66,7.66,G,,latest-months
162015,Luleå Sol,11,Global Irradians (svenska stationer),"medelvärde 1 timma, varje timme",watt per kvadratmeter,2026-05-27T22:00:00Z,2026-05-28T00:00:00+02:00,1779919200000,,1.62,1.62,G,,latest-months
162015,Luleå Sol,11,Global Irradians (svenska stationer),"medelvärde 1 timma, varje timme",watt per kvadratmeter,2026-05-27T23:00:00Z,2026-05-28T01:00:00+02:00,1779922800000,,0.87,0.87,G,,latest-months
162015,Luleå Sol,11,Global Irradians (svenska stationer),"medelvärde 1 timma, varje timme",watt per kvadratmeter,2026-05-28T00:00:00Z,2026-05-28T02:00:00+02:00,1779926400000,,1.54,1.54,G,,latest-months
162015,Luleå Sol,11,Global Irradians (svenska stationer),"medelvärde 1 timma, varje timme",watt per kvadratmeter,2026-05-28T01:00:00Z,2026-05-28T03:00:00+02:00,1779930000000,,6.53,6.53,G,,latest-months
162015,Luleå Sol,11,Global Irradians (svenska stationer),"medelvärde 1 timma, varje timme",watt per kvadratmeter,2026-05-28T02:00:00Z,2026-05-28T04:00:00+02:00,1779933600000,,35.59,35.59,G,,latest-months
162015,Luleå Sol,11,Global Irradians (svenska stationer),"medelvärde 1 timma, varje timme",watt per kvadratmeter,2026-05-28T03:00:00Z,2026-05-28T05:00:00+02:00,1779937200000,,106.14,106.14,G,,latest-months
162015,Luleå Sol,11,Global Irradians (svenska stationer),"medelvärde 1 timma, varje timme",watt per kvadratmeter,2026-05-28T04:00:00Z,2026-05-28T06:00:00+02:00,1779940800000,,198.86,198.86,G,,latest-months
162015,Luleå Sol,11,Global Irradians (svenska stationer),"medelvärde 1 timma, varje timme",watt per kvadratmeter,2026-05-28T05:00:00Z,2026-05-28T07:00:00+02:00,1779944400000,,307.40,307.40,G,,latest-months
162015,Luleå Sol,11,Global Irradians (svenska stationer),"medelvärde 1 timma, varje timme",watt per kvadratmeter,2026-05-28T06:00:00Z,2026-05-28T08:00:00+02:00,1779948000000,,250.38,250.38,G,,latest-months
162015,Luleå Sol,11,Global Irradians (svenska stationer),"medelvärde 1 timma, varje timme",watt per kvadratmeter,2026-05-28T07:00:00Z,2026-05-28T09:00:00+02:00,1779951600000,,357.98,357.98,G,,latest-months
162015,Luleå Sol,11,Global Irradians (svenska stationer),"medelvärde 1 timma, varje timme",watt per kvadratmeter,2026-05-28T08:00:00Z,2026-05-28T10:00:00+02:00,1779955200000,,325.34,325.34,G,,latest-months
162015,Luleå Sol,11,Global Irradians (svenska stationer),"medelvärde 1 timma, varje timme",watt per kvadratmeter,2026-05-28T09:00:00Z,2026-05-28T11:00:00+02:00,1779958800000,,319.65,319.65,G,,latest-months
162015,Luleå Sol,11,Global Irradians (svenska stationer),"medelvärde 1 timma, varje timme",watt per kvadratmeter,2026-05-28T10:00:00Z,2026-05-28T12:00:00+02:00,1779962400000,,379.79,379.79,G,,latest-months
162015,Luleå Sol,11,Global Irradians (svenska stationer),"medelvärde 1 timma, varje timme",watt per kvadratmeter,2026-05-28T11:00:00Z,2026-05-28T13:00:00+02:00,1779966000000,,550.35,550.35,G,,latest-months
162015,Luleå Sol,11,Global Irradians (svenska stationer),"medelvärde 1 timma, varje timme",watt per kvadratmeter,2026-05-28T12:00:00Z,2026-05-28T14:00:00+02:00,1779969600000,,471.73,471.73,G,,latest-months
162015,Luleå Sol,11,Global Irradians (svenska stationer),"medelvärde 1 timma, varje timme",watt per kvadratmeter,2026-05-28T13:00:00Z,2026-05-28T15:00:00+02:00,1779973200000,,305.88,305.88,G,,latest-months
162015,Luleå Sol,11,Global Irradians (svenska stationer),"medelvärde 1 timma, varje timme",watt per kvadratmeter,2026-05-28T14:00:00Z,2026-05-28T16:00:00+02:00,1779976800000,,583.81,583.81,G,,latest-months
162015,Luleå Sol,11,Global Irradians (svenska stationer),"medelvärde 1 timma, varje timme",watt per kvadratmeter,2026-05-28T15:00:00Z,2026-05-28T17:00:00+02:00,1779980400000,,495.81,495.81,G,,latest-months
162015,Luleå Sol,11,Global Irradians (svenska stationer),"medelvärde 1 timma, varje timme",watt per kvadratmeter,2026-05-28T16:00:00Z,2026-05-28T18:00:00+02:00,1779984000000,,283.41,283.41,G,,latest-months
162015,Luleå Sol,11,Global Irradians (svenska stationer),"medelvärde 1 timma, varje timme",watt per kvadratmeter,2026-05-28T17:00:00Z,2026-05-28T19:00:00+02:00,1779987600000,,115.06,115.06,G,,latest-months
162015,Luleå Sol,11,Global Irradians (svenska stationer),"medelvärde 1 timma, varje timme",watt per kvadratmeter,2026-05-28T18:00:00Z,2026-05-28T20:00:00+02:00,1779991200000,,142.31,142.31,G,,latest-months
162015,Luleå Sol,11,Global Irradians (svenska stationer),"medelvärde 1 timma, varje timme",watt per kvadratmeter,2026-05-28T19:00:00Z,2026-05-28T21:00:00+02:00,1779994800000,,75.20,75.20,G,,latest-months
162015,Luleå Sol,11,Global Irradians (svenska stationer),"medelvärde 1 timma, varje timme",watt per kvadratmeter,2026-05-28T20:00:00Z,2026-05-28T22:00:00+02:00,1779998400000,,38.47,38.47,G,,latest-months
162015,Luleå Sol,11,Global Irradians (svenska stationer),"medelvärde 1 timma, varje timme",watt per kvadratmeter,2026-05-28T21:00:00Z,2026-05-28T23:00:00+02:00,1780002000000,,6.80,6.80,G,,latest-months
162015,Luleå Sol,11,Global Irradians (svenska stationer),"medelvärde 1 timma, varje timme",watt per kvadratmeter,2026-05-28T22:00:00Z,2026-05-29T00:00:00+02:00,1780005600000,,2.05,2.05,G,,latest-months
162015,Luleå Sol,11,Global Irradians (svenska stationer),"medelvärde 1 timma, varje timme",watt per kvadratmeter,2026-05-28T23:00:00Z,2026-05-29T01:00:00+02:00,1780009200000,,1.58,1.58,G,,latest-months
162015,Luleå Sol,11,Global Irradians (svenska stationer),"medelvärde 1 timma, varje timme",watt per kvadratmeter,2026-05-29T00:00:00Z,2026-05-29T02:00:00+02:00,1780012800000,,2.46,2.46,G,,latest-months
162015,Luleå Sol,11,Global Irradians (svenska stationer),"medelvärde 1 timma, varje timme",watt per kvadratmeter,2026-05-29T01:00:00Z,2026-05-29T03:00:00+02:00,1780016400000,,8.64,8.64,G,,latest-months
162015,Luleå Sol,11,Global Irradians (svenska stationer),"medelvärde 1 timma, varje timme",watt per kvadratmeter,2026-05-29T02:00:00Z,2026-05-29T04:00:00+02:00,1780020000000,,41.74,41.74,G,,latest-months
162015,Luleå Sol,11,Global Irradians (svenska stationer),"medelvärde 1 timma, varje timme",watt per kvadratmeter,2026-05-29T03:00:00Z,2026-05-29T05:00:00+02:00,1780023600000,,108.02,108.02,G,,latest-months
162015,Luleå Sol,11,Global Irradians (svenska stationer),"medelvärde 1 timma, varje timme",watt per kvadratmeter,2026-05-29T04:00:00Z,2026-05-29T06:00:00+02:00,1780027200000,,201.90,201.90,G,,latest-months
162015,Luleå Sol,11,Global Irradians (svenska stationer),"medelvärde 1 timma, varje timme",watt per kvadratmeter,2026-05-29T05:00:00Z,2026-05-29T07:00:00+02:00,1780030800000,,310.93,310.93,G,,latest-months
162015,Luleå Sol,11,Global Irradians (svenska stationer),"medelvärde 1 timma, varje timme",watt per kvadratmeter,2026-05-29T06:00:00Z,2026-05-29T08:00:00+02:00,1780034400000,,422.31,422.31,G,,latest-months
162015,Luleå Sol,11,Global Irradians (svenska stationer),"medelvärde 1 timma, varje timme",watt per kvadratmeter,2026-05-29T07:00:00Z,2026-05-29T09:00:00+02:00,1780038000000,,527.06,527.06,G,,latest-months
162015,Luleå Sol,11,Global Irradians (svenska stationer),"medelvärde 1 timma, varje timme",watt per kvadratmeter,2026-05-29T08:00:00Z,2026-05-29T10:00:00+02:00,1780041600000,,619.00,619.00,G,,latest-months
162015,Luleå Sol,11,Global Irradians (svenska stationer),"medelvärde 1 timma, varje timme",watt per kvadratmeter,2026-05-29T09:00:00Z,2026-05-29T11:00:00+02:00,1780045200000,,690.63,690.63,G,,latest-months
162015,Luleå Sol,11,Global Irradians (svenska stationer),"medelvärde 1 timma, varje timme",watt per kvadratmeter,2026-05-29T10:00:00Z,2026-05-29T12:00:00+02:00,1780048800000,,732.61,732.61,G,,latest-months
162015,Luleå Sol,11,Global Irradians (svenska stationer),"medelvärde 1 timma, varje timme",watt per kvadratmeter,2026-05-29T11:00:00Z,2026-05-29T13:00:00+02:00,1780052400000,,746.93,746.93,G,,latest-months
162015,Luleå Sol,11,Global Irradians (svenska stationer),"medelvärde 1 timma, varje timme",watt per kvadratmeter,2026-05-29T12:00:00Z,2026-05-29T14:00:00+02:00,1780056000000,,728.28,728.28,G,,latest-months
162015,Luleå Sol,11,Global Irradians (svenska stationer),"medelvärde 1 timma, varje timme",watt per kvadratmeter,2026-05-29T13:00:00Z,2026-05-29T15:00:00+02:00,1780059600000,,680.45,680.45,G,,latest-months
162015,Luleå Sol,11,Global Irradians (svenska stationer),"medelvärde 1 timma, varje timme",watt per kvadratmeter,2026-05-29T14:00:00Z,2026-05-29T16:00:00+02:00,1780063200000,,607.34,607.34,G,,latest-months
162015,Luleå Sol,11,Global Irradians (svenska stationer),"medelvärde 1 timma, varje timme",watt per kvadratmeter,2026-05-29T15:00:00Z,2026-05-29T17:00:00+02:00,1780066800000,,516.82,516.82,G,,latest-months
162015,Luleå Sol,11,Global Irradians (svenska stationer),"medelvärde 1 timma, varje timme",watt per kvadratmeter,2026-05-29T16:00:00Z,2026-05-29T18:00:00+02:00,1780070400000,,412.13,412.13,G,,latest-months
162015,Luleå Sol,11,Global Irradians (svenska stationer),"medelvärde 1 timma, varje timme",watt per kvadratmeter,2026-05-29T17:00:00Z,2026-05-29T19:00:00+02:00,1780074000000,,302.45,302.45,G,,latest-months
162015,Luleå Sol,11,Global Irradians (svenska stationer),"medelvärde 1 timma, varje timme",watt per kvadratmeter,2026-05-29T18:00:00Z,2026-05-29T20:00:00+02:00,1780077600000,,201.51,201.51,G,,latest-months
162015,Luleå Sol,11,Global Irradians (svenska stationer),"medelvärde 1 timma, varje timme",watt per kvadratmeter,2026-05-29T19:00:00Z,2026-05-29T21:00:00+02:00,1780081200000,,109.33,109.33,G,,latest-months
162015,Luleå Sol,11,Global Irradians (svenska stationer),"medelvärde 1 timma, varje timme",watt per kvadratmeter,2026-05-29T20:00:00Z,2026-05-29T22:00:00+02:00,1780084800000,,38.25,38.25,G,,latest-months
162015,Luleå Sol,11,Global Irradians (svenska stationer),"medelvärde 1 timma, varje timme",watt per kvadratmeter,2026-05-29T21:00:00Z,2026-05-29T23:00:00+02:00,1780088400000,,7.86,7.86,G,,latest-months
162015,Luleå Sol,11,Global Irradians (svenska stationer),"medelvärde 1 timma, varje timme",watt per kvadratmeter,2026-05-29T22:00:00Z,2026-05-30T00:00:00+02:00,1780092000000,,2.74,2.74,G,,latest-months
162015,Luleå Sol,11,Global Irradians (svenska stationer),"medelvärde 1 timma, varje timme",watt per kvadratmeter,2026-05-29T23:00:00Z,2026-05-30T01:00:00+02:00,1780095600000,,1.80,1.80,G,,latest-months
162015,Luleå Sol,11,Global Irradians (svenska stationer),"medelvärde 1 timma, varje timme",watt per kvadratmeter,2026-05-30T00:00:00Z,2026-05-30T02:00:00+02:00,1780099200000,,2.76,2.76,G,,latest-months
162015,Luleå Sol,11,Global Irradians (svenska stationer),"medelvärde 1 timma, varje timme",watt per kvadratmeter,2026-05-30T01:00:00Z,2026-05-30T03:00:00+02:00,1780102800000,,7.91,7.91,G,,latest-months
162015,Luleå Sol,11,Global Irradians (svenska stationer),"medelvärde 1 timma, varje timme",watt per kvadratmeter,2026-05-30T02:00:00Z,2026-05-30T04:00:00+02:00,1780106400000,,32.05,32.05,G,,latest-months
162015,Luleå Sol,11,Global Irradians (svenska stationer),"medelvärde 1 timma, varje timme",watt per kvadratmeter,2026-05-30T03:00:00Z,2026-05-30T05:00:00+02:00,1780110000000,,63.44,63.44,G,,latest-months
162015,Luleå Sol,11,Global Irradians (svenska stationer),"medelvärde 1 timma, varje timme",watt per kvadratmeter,2026-05-30T04:00:00Z,2026-05-30T06:00:00+02:00,1780113600000,,115.51,115.51,G,,latest-months
162015,Luleå Sol,11,Global Irradians (svenska stationer),"medelvärde 1 timma, varje timme",watt per kvadratmeter,2026-05-30T05:00:00Z,2026-05-30T07:00:00+02:00,1780117200000,,130.60,130.60,G,,latest-months
162015,Luleå Sol,11,Global Irradians (svenska stationer),"medelvärde 1 timma, varje timme",watt per kvadratmeter,2026-05-30T06:00:00Z,2026-05-30T08:00:00+02:00,1780120800000,,178.20,178.20,G,,latest-months
162015,Luleå Sol,11,Global Irradians (svenska stationer),"medelvärde 1 timma, varje timme",watt per kvadratmeter,2026-05-30T07:00:00Z,2026-05-30T09:00:00+02:00,1780124400000,,313.23,313.23,G,,latest-months
162015,Luleå Sol,11,Global Irradians (svenska stationer),"medelvärde 1 timma, varje timme",watt per kvadratmeter,2026-05-30T08:00:00Z,2026-05-30T10:00:00+02:00,1780128000000,,394.46,394.46,G,,latest-months
162015,Luleå Sol,11,Global Irradians (svenska stationer),"medelvärde 1 timma, varje timme",watt per kvadratmeter,2026-05-30T09:00:00Z,2026-05-30T11:00:00+02:00,1780131600000,,493.91,493.91,G,,latest-months
162015,Luleå Sol,11,Global Irradians (svenska stationer),"medelvärde 1 timma, varje timme",watt per kvadratmeter,2026-05-30T10:00:00Z,2026-05-30T12:00:00+02:00,1780135200000,,441.03,441.03,G,,latest-months
162015,Luleå Sol,11,Global Irradians (svenska stationer),"medelvärde 1 timma, varje timme",watt per kvadratmeter,2026-05-30T11:00:00Z,2026-05-30T13:00:00+02:00,1780138800000,,495.55,495.55,G,,latest-months
162015,Luleå Sol,11,Global Irradians (svenska stationer),"medelvärde 1 timma, varje timme",watt per kvadratmeter,2026-05-30T12:00:00Z,2026-05-30T14:00:00+02:00,1780142400000,,211.87,211.87,G,,latest-months
162015,Luleå Sol,11,Global Irradians (svenska stationer),"medelvärde 1 timma, varje timme",watt per kvadratmeter,2026-05-30T13:00:00Z,2026-05-30T15:00:00+02:00,1780146000000,,140.97,140.97,G,,latest-months
162015,Luleå Sol,11,Global Irradians (svenska stationer),"medelvärde 1 timma, varje timme",watt per kvadratmeter,2026-05-30T14:00:00Z,2026-05-30T16:00:00+02:00,1780149600000,,149.88,149.88,G,,latest-months
162015,Luleå Sol,11,Global Irradians (svenska stationer),"medelvärde 1 timma, varje timme",watt per kvadratmeter,2026-05-30T15:00:00Z,2026-05-30T17:00:00+02:00,1780153200000,,88.33,88.33,G,,latest-months
162015,Luleå Sol,11,Global Irradians (svenska stationer),"medelvärde 1 timma, varje timme",watt per kvadratmeter,2026-05-30T16:00:00Z,2026-05-30T18:00:00+02:00,1780156800000,,92.28,92.28,G,,latest-months
162015,Luleå Sol,11,Global Irradians (svenska stationer),"medelvärde 1 timma, varje timme",watt per kvadratmeter,2026-05-30T17:00:00Z,2026-05-30T19:00:00+02:00,1780160400000,,66.45,66.45,G,,latest-months
162015,Luleå Sol,11,Global Irradians (svenska stationer),"medelvärde 1 timma, varje timme",watt per kvadratmeter,2026-05-30T18:00:00Z,2026-05-30T20:00:00+02:00,1780164000000,,51.18,51.18,G,,latest-months
162015,Luleå Sol,11,Global Irradians (svenska stationer),"medelvärde 1 timma, varje timme",watt per kvadratmeter,2026-05-30T19:00:00Z,2026-05-30T21:00:00+02:00,1780167600000,,20.07,20.07,G,,latest-months
162015,Luleå Sol,11,Global Irradians (svenska stationer),"medelvärde 1 timma, varje timme",watt per kvadratmeter,2026-05-30T20:00:00Z,2026-05-30T22:00:00+02:00,1780171200000,,5.09,5.09,G,,latest-months
162015,Luleå Sol,11,Global Irradians (svenska stationer),"medelvärde 1 timma, varje timme",watt per kvadratmeter,2026-05-30T21:00:00Z,2026-05-30T23:00:00+02:00,1780174800000,,1.66,1.66,G,,latest-months
162015,Luleå Sol,11,Global Irradians (svenska stationer),"medelvärde 1 timma, varje timme",watt per kvadratmeter,2026-05-30T22:00:00Z,2026-05-31T00:00:00+02:00,1780178400000,,0.85,0.85,G,,latest-months
162015,Luleå Sol,11,Global Irradians (svenska stationer),"medelvärde 1 timma, varje timme",watt per kvadratmeter,2026-05-30T23:00:00Z,2026-05-31T01:00:00+02:00,1780182000000,,0.28,0.28,G,,latest-months
162015,Luleå Sol,11,Global Irradians (svenska stationer),"medelvärde 1 timma, varje timme",watt per kvadratmeter,2026-05-31T00:00:00Z,2026-05-31T02:00:00+02:00,1780185600000,,0.56,0.56,G,,latest-months
162015,Luleå Sol,11,Global Irradians (svenska stationer),"medelvärde 1 timma, varje timme",watt per kvadratmeter,2026-05-31T01:00:00Z,2026-05-31T03:00:00+02:00,1780189200000,,3.01,3.01,G,,latest-months
162015,Luleå Sol,11,Global Irradians (svenska stationer),"medelvärde 1 timma, varje timme",watt per kvadratmeter,2026-05-31T02:00:00Z,2026-05-31T04:00:00+02:00,1780192800000,,6.99,6.99,G,,latest-months
162015,Luleå Sol,11,Global Irradians (svenska stationer),"medelvärde 1 timma, varje timme",watt per kvadratmeter,2026-05-31T03:00:00Z,2026-05-31T05:00:00+02:00,1780196400000,,13.69,13.69,G,,latest-months
162015,Luleå Sol,11,Global Irradians (svenska stationer),"medelvärde 1 timma, varje timme",watt per kvadratmeter,2026-05-31T04:00:00Z,2026-05-31T06:00:00+02:00,1780200000000,,28.92,28.92,G,,latest-months
162015,Luleå Sol,11,Global Irradians (svenska stationer),"medelvärde 1 timma, varje timme",watt per kvadratmeter,2026-05-31T05:00:00Z,2026-05-31T07:00:00+02:00,1780203600000,,43.92,43.92,G,,latest-months
162015,Luleå Sol,11,Global Irradians (svenska stationer),"medelvärde 1 timma, varje timme",watt per kvadratmeter,2026-05-31T06:00:00Z,2026-05-31T08:00:00+02:00,1780207200000,,79.62,79.62,G,,latest-months
162015,Luleå Sol,11,Global Irradians (svenska stationer),"medelvärde 1 timma, varje timme",watt per kvadratmeter,2026-05-31T07:00:00Z,2026-05-31T09:00:00+02:00,1780210800000,,151.96,151.96,G,,latest-months
162015,Luleå Sol,11,Global Irradians (svenska stationer),"medelvärde 1 timma, varje timme",watt per kvadratmeter,2026-05-31T08:00:00Z,2026-05-31T10:00:00+02:00,1780214400000,,249.10,249.10,G,,latest-months
162015,Luleå Sol,11,Global Irradians (svenska stationer),"medelvärde 1 timma, varje timme",watt per kvadratmeter,2026-05-31T09:00:00Z,2026-05-31T11:00:00+02:00,1780218000000,,262.92,262.92,G,,latest-months
162015,Luleå Sol,11,Global Irradians (svenska stationer),"medelvärde 1 timma, varje timme",watt per kvadratmeter,2026-05-31T10:00:00Z,2026-05-31T12:00:00+02:00,1780221600000,,251.43,251.43,G,,latest-months
162015,Luleå Sol,11,Global Irradians (svenska stationer),"medelvärde 1 timma, varje timme",watt per kvadratmeter,2026-05-31T11:00:00Z,2026-05-31T13:00:00+02:00,1780225200000,,370.05,370.05,G,,latest-months
162015,Luleå Sol,11,Global Irradians (svenska stationer),"medelvärde 1 timma, varje timme",watt per kvadratmeter,2026-05-31T12:00:00Z,2026-05-31T14:00:00+02:00,1780228800000,,553.58,553.58,G,,latest-months
162015,Luleå Sol,11,Global Irradians (svenska stationer),"medelvärde 1 timma, varje timme",watt per kvadratmeter,2026-05-31T13:00:00Z,2026-05-31T15:00:00+02:00,1780232400000,,591.93,591.93,G,,latest-months
162015,Luleå Sol,11,Global Irradians (svenska stationer),"medelvärde 1 timma, varje timme",watt per kvadratmeter,2026-05-31T14:00:00Z,2026-05-31T16:00:00+02:00,1780236000000,,454.30,454.30,G,,latest-months
162015,Luleå Sol,11,Global Irradians (svenska stationer),"medelvärde 1 timma, varje timme",watt per kvadratmeter,2026-05-31T15:00:00Z,2026-05-31T17:00:00+02:00,1780239600000,,371.81,371.81,G,,latest-months
162015,Luleå Sol,11,Global Irradians (svenska stationer),"medelvärde 1 timma, varje timme",watt per kvadratmeter,2026-05-31T16:00:00Z,2026-05-31T18:00:00+02:00,1780243200000,,249.20,249.20,G,,latest-months
162015,Luleå Sol,11,Global Irradians (svenska stationer),"medelvärde 1 timma, varje timme",watt per kvadratmeter,2026-05-31T17:00:00Z,2026-05-31T19:00:00+02:00,1780246800000,,193.21,193.21,G,,latest-months
162015,Luleå Sol,11,Global Irradians (svenska stationer),"medelvärde 1 timma, varje timme",watt per kvadratmeter,2026-05-31T18:00:00Z,2026-05-31T20:00:00+02:00,1780250400000,,84.54,84.54,G,,latest-months
162015,Luleå Sol,11,Global Irradians (svenska stationer),"medelvärde 1 timma, varje timme",watt per kvadratmeter,2026-05-31T19:00:00Z,2026-05-31T21:00:00+02:00,1780254000000,,39.36,39.36,G,,latest-months
162015,Luleå Sol,11,Global Irradians (svenska stationer),"medelvärde 1 timma, varje timme",watt per kvadratmeter,2026-05-31T20:00:00Z,2026-05-31T22:00:00+02:00,1780257600000,,21.95,21.95,G,,latest-months
162015,Luleå Sol,11,Global Irradians (svenska stationer),"medelvärde 1 timma, varje timme",watt per kvadratmeter,2026-05-31T21:00:00Z,2026-05-31T23:00:00+02:00,1780261200000,,5.55,5.55,G,,latest-months
162015,Luleå Sol,11,Global Irradians (svenska stationer),"medelvärde 1 timma, varje timme",watt per kvadratmeter,2026-05-31T22:00:00Z,2026-06-01T00:00:00+02:00,1780264800000,,1.77,1.77,G,,latest-months
162015,Luleå Sol,11,Global Irradians (svenska stationer),"medelvärde 1 timma, varje timme",watt per kvadratmeter,2026-05-31T23:00:00Z,2026-06-01T01:00:00+02:00,1780268400000,,1.53,1.53,G,,latest-months
162015,Luleå Sol,11,Global Irradians (svenska stationer),"medelvärde 1 timma, varje timme",watt per kvadratmeter,2026-06-01T00:00:00Z,2026-06-01T02:00:00+02:00,1780272000000,,1.89,1.89,G,,latest-months
162015,Luleå Sol,11,Global Irradians (svenska stationer),"medelvärde 1 timma, varje timme",watt per kvadratmeter,2026-06-01T01:00:00Z,2026-06-01T03:00:00+02:00,1780275600000,,2.99,2.99,G,,latest-months
162015,Luleå Sol,11,Global Irradians (svenska stationer),"medelvärde 1 timma, varje timme",watt per kvadratmeter,2026-06-01T02:00:00Z,2026-06-01T04:00:00+02:00,1780279200000,,15.46,15.46,G,,latest-months
162015,Luleå Sol,11,Global Irradians (svenska stationer),"medelvärde 1 timma, varje timme",watt per kvadratmeter,2026-06-01T03:00:00Z,2026-06-01T05:00:00+02:00,1780282800000,,54.77,54.77,G,,latest-months
162015,Luleå Sol,11,Global Irradians (svenska stationer),"medelvärde 1 timma, varje timme",watt per kvadratmeter,2026-06-01T04:00:00Z,2026-06-01T06:00:00+02:00,1780286400000,,139.92,139.92,G,,latest-months
162015,Luleå Sol,11,Global Irradians (svenska stationer),"medelvärde 1 timma, varje timme",watt per kvadratmeter,2026-06-01T05:00:00Z,2026-06-01T07:00:00+02:00,1780290000000,,93.60,93.60,G,,latest-months
162015,Luleå Sol,11,Global Irradians (svenska stationer),"medelvärde 1 timma, varje timme",watt per kvadratmeter,2026-06-01T06:00:00Z,2026-06-01T08:00:00+02:00,1780293600000,,126.16,126.16,G,,latest-months
162015,Luleå Sol,11,Global Irradians (svenska stationer),"medelvärde 1 timma, varje timme",watt per kvadratmeter,2026-06-01T07:00:00Z,2026-06-01T09:00:00+02:00,1780297200000,,268.81,268.81,G,,latest-months
162015,Luleå Sol,11,Global Irradians (svenska stationer),"medelvärde 1 timma, varje timme",watt per kvadratmeter,2026-06-01T08:00:00Z,2026-06-01T10:00:00+02:00,1780300800000,,299.26,299.26,G,,latest-months
162015,Luleå Sol,11,Global Irradians (svenska stationer),"medelvärde 1 timma, varje timme",watt per kvadratmeter,2026-06-01T09:00:00Z,2026-06-01T11:00:00+02:00,1780304400000,,370.08,370.08,G,,latest-months
162015,Luleå Sol,11,Global Irradians (svenska stationer),"medelvärde 1 timma, varje timme",watt per kvadratmeter,2026-06-01T10:00:00Z,2026-06-01T12:00:00+02:00,1780308000000,,322.13,322.13,G,,latest-months
162015,Luleå Sol,11,Global Irradians (svenska stationer),"medelvärde 1 timma, varje timme",watt per kvadratmeter,2026-06-01T11:00:00Z,2026-06-01T13:00:00+02:00,1780311600000,,331.96,331.96,G,,latest-months
162015,Luleå Sol,11,Global Irradians (svenska stationer),"medelvärde 1 timma, varje timme",watt per kvadratmeter,2026-06-01T12:00:00Z,2026-06-01T14:00:00+02:00,1780315200000,,243.81,243.81,G,,latest-months
162015,Luleå Sol,11,Global Irradians (svenska stationer),"medelvärde 1 timma, varje timme",watt per kvadratmeter,2026-06-01T13:00:00Z,2026-06-01T15:00:00+02:00,1780318800000,,330.87,330.87,G,,latest-months
162015,Luleå Sol,11,Global Irradians (svenska stationer),"medelvärde 1 timma, varje timme",watt per kvadratmeter,2026-06-01T14:00:00Z,2026-06-01T16:00:00+02:00,1780322400000,,114.64,114.64,G,,latest-months
162015,Luleå Sol,11,Global Irradians (svenska stationer),"medelvärde 1 timma, varje timme",watt per kvadratmeter,2026-06-01T15:00:00Z,2026-06-01T17:00:00+02:00,1780326000000,,79.90,79.90,G,,latest-months
162015,Luleå Sol,11,Global Irradians (svenska stationer),"medelvärde 1 timma, varje timme",watt per kvadratmeter,2026-06-01T16:00:00Z,2026-06-01T18:00:00+02:00,1780329600000,,80.13,80.13,G,,latest-months
162015,Luleå Sol,11,Global Irradians (svenska stationer),"medelvärde 1 timma, varje timme",watt per kvadratmeter,2026-06-01T17:00:00Z,2026-06-01T19:00:00+02:00,1780333200000,,96.26,96.26,G,,latest-months
162015,Luleå Sol,11,Global Irradians (svenska stationer),"medelvärde 1 timma, varje timme",watt per kvadratmeter,2026-06-01T18:00:00Z,2026-06-01T20:00:00+02:00,1780336800000,,67.21,67.21,G,,latest-months
162015,Luleå Sol,11,Global Irradians (svenska stationer),"medelvärde 1 timma, varje timme",watt per kvadratmeter,2026-06-01T19:00:00Z,2026-06-01T21:00:00+02:00,1780340400000,,19.28,19.28,G,,latest-months
162015,Luleå Sol,11,Global Irradians (svenska stationer),"medelvärde 1 timma, varje timme",watt per kvadratmeter,2026-06-01T20:00:00Z,2026-06-01T22:00:00+02:00,1780344000000,,5.44,5.44,G,,latest-months
162015,Luleå Sol,11,Global Irradians (svenska stationer),"medelvärde 1 timma, varje timme",watt per kvadratmeter,2026-06-01T21:00:00Z,2026-06-01T23:00:00+02:00,1780347600000,,1.67,1.67,G,,latest-months
162015,Luleå Sol,11,Global Irradians (svenska stationer),"medelvärde 1 timma, varje timme",watt per kvadratmeter,2026-06-01T22:00:00Z,2026-06-02T00:00:00+02:00,1780351200000,,0.83,0.83,G,,latest-months
162015,Luleå Sol,11,Global Irradians (svenska stationer),"medelvärde 1 timma, varje timme",watt per kvadratmeter,2026-06-01T23:00:00Z,2026-06-02T01:00:00+02:00,1780354800000,,1.42,1.42,G,,latest-months
162015,Luleå Sol,11,Global Irradians (svenska stationer),"medelvärde 1 timma, varje timme",watt per kvadratmeter,2026-06-02T00:00:00Z,2026-06-02T02:00:00+02:00,1780358400000,,1.03,1.03,G,,latest-months
162015,Luleå Sol,11,Global Irradians (svenska stationer),"medelvärde 1 timma, varje timme",watt per kvadratmeter,2026-06-02T01:00:00Z,2026-06-02T03:00:00+02:00,1780362000000,,9.05,9.05,G,,latest-months
162015,Luleå Sol,11,Global Irradians (svenska stationer),"medelvärde 1 timma, varje timme",watt per kvadratmeter,2026-06-02T02:00:00Z,2026-06-02T04:00:00+02:00,1780365600000,,16.19,16.19,G,,latest-months
162015,Luleå Sol,11,Global Irradians (svenska stationer),"medelvärde 1 timma, varje timme",watt per kvadratmeter,2026-06-02T03:00:00Z,2026-06-02T05:00:00+02:00,1780369200000,,18.56,18.56,G,,latest-months
162015,Luleå Sol,11,Global Irradians (svenska stationer),"medelvärde 1 timma, varje timme",watt per kvadratmeter,2026-06-02T04:00:00Z,2026-06-02T06:00:00+02:00,1780372800000,,16.27,16.27,G,,latest-months
162015,Luleå Sol,11,Global Irradians (svenska stationer),"medelvärde 1 timma, varje timme",watt per kvadratmeter,2026-06-02T05:00:00Z,2026-06-02T07:00:00+02:00,1780376400000,,19.88,19.88,G,,latest-months
162015,Luleå Sol,11,Global Irradians (svenska stationer),"medelvärde 1 timma, varje timme",watt per kvadratmeter,2026-06-02T06:00:00Z,2026-06-02T08:00:00+02:00,1780380000000,,30.72,30.72,G,,latest-months
162015,Luleå Sol,11,Global Irradians (svenska stationer),"medelvärde 1 timma, varje timme",watt per kvadratmeter,2026-06-02T07:00:00Z,2026-06-02T09:00:00+02:00,1780383600000,,43.66,43.66,G,,latest-months
162015,Luleå Sol,11,Global Irradians (svenska stationer),"medelvärde 1 timma, varje timme",watt per kvadratmeter,2026-06-02T08:00:00Z,2026-06-02T10:00:00+02:00,1780387200000,,51.87,51.87,G,,latest-months
162015,Luleå Sol,11,Global Irradians (svenska stationer),"medelvärde 1 timma, varje timme",watt per kvadratmeter,2026-06-02T09:00:00Z,2026-06-02T11:00:00+02:00,1780390800000,,61.29,61.29,G,,latest-months
162015,Luleå Sol,11,Global Irradians (svenska stationer),"medelvärde 1 timma, varje timme",watt per kvadratmeter,2026-06-02T10:00:00Z,2026-06-02T12:00:00+02:00,1780394400000,,74.65,74.65,G,,latest-months
162015,Luleå Sol,11,Global Irradians (svenska stationer),"medelvärde 1 timma, varje timme",watt per kvadratmeter,2026-06-02T11:00:00Z,2026-06-02T13:00:00+02:00,1780398000000,,79.73,79.73,G,,latest-months
162015,Luleå Sol,11,Global Irradians (svenska stationer),"medelvärde 1 timma, varje timme",watt per kvadratmeter,2026-06-02T12:00:00Z,2026-06-02T14:00:00+02:00,1780401600000,,56.17,56.17,G,,latest-months
162015,Luleå Sol,11,Global Irradians (svenska stationer),"medelvärde 1 timma, varje timme",watt per kvadratmeter,2026-06-02T13:00:00Z,2026-06-02T15:00:00+02:00,1780405200000,,96.17,96.17,G,,latest-months
162015,Luleå Sol,11,Global Irradians (svenska stationer),"medelvärde 1 timma, varje timme",watt per kvadratmeter,2026-06-02T14:00:00Z,2026-06-02T16:00:00+02:00,1780408800000,,88.14,88.14,G,,latest-months
162015,Luleå Sol,11,Global Irradians (svenska stationer),"medelvärde 1 timma, varje timme",watt per kvadratmeter,2026-06-02T15:00:00Z,2026-06-02T17:00:00+02:00,1780412400000,,95.60,95.60,G,,latest-months
162015,Luleå Sol,11,Global Irradians (svenska stationer),"medelvärde 1 timma, varje timme",watt per kvadratmeter,2026-06-02T16:00:00Z,2026-06-02T18:00:00+02:00,1780416000000,,82.98,82.98,G,,latest-months
162015,Luleå Sol,11,Global Irradians (svenska stationer),"medelvärde 1 timma, varje timme",watt per kvadratmeter,2026-06-02T17:00:00Z,2026-06-02T19:00:00+02:00,1780419600000,,55.57,55.57,G,,latest-months
162015,Luleå Sol,11,Global Irradians (svenska stationer),"medelvärde 1 timma, varje timme",watt per kvadratmeter,2026-06-02T18:00:00Z,2026-06-02T20:00:00+02:00,1780423200000,,47.03,47.03,G,,latest-months
162015,Luleå Sol,11,Global Irradians (svenska stationer),"medelvärde 1 timma, varje timme",watt per kvadratmeter,2026-06-02T19:00:00Z,2026-06-02T21:00:00+02:00,1780426800000,,24.20,24.20,G,,latest-months
162015,Luleå Sol,11,Global Irradians (svenska stationer),"medelvärde 1 timma, varje timme",watt per kvadratmeter,2026-06-02T20:00:00Z,2026-06-02T22:00:00+02:00,1780430400000,,8.01,8.01,G,,latest-months
162015,Luleå Sol,11,Global Irradians (svenska stationer),"medelvärde 1 timma, varje timme",watt per kvadratmeter,2026-06-02T21:00:00Z,2026-06-02T23:00:00+02:00,1780434000000,,3.59,3.59,G,,latest-months
162015,Luleå Sol,11,Global Irradians (svenska stationer),"medelvärde 1 timma, varje timme",watt per kvadratmeter,2026-06-02T22:00:00Z,2026-06-03T00:00:00+02:00,1780437600000,,1.72,1.72,G,,latest-months
162015,Luleå Sol,11,Global Irradians (svenska stationer),"medelvärde 1 timma, varje timme",watt per kvadratmeter,2026-06-02T23:00:00Z,2026-06-03T01:00:00+02:00,1780441200000,,1.35,1.35,G,,latest-months
162015,Luleå Sol,11,Global Irradians (svenska stationer),"medelvärde 1 timma, varje timme",watt per kvadratmeter,2026-06-03T00:00:00Z,2026-06-03T02:00:00+02:00,1780444800000,,2.47,2.47,G,,latest-months
162015,Luleå Sol,11,Global Irradians (svenska stationer),"medelvärde 1 timma, varje timme",watt per kvadratmeter,2026-06-03T01:00:00Z,2026-06-03T03:00:00+02:00,1780448400000,,12.26,12.26,G,,latest-months
162015,Luleå Sol,11,Global Irradians (svenska stationer),"medelvärde 1 timma, varje timme",watt per kvadratmeter,2026-06-03T02:00:00Z,2026-06-03T04:00:00+02:00,1780452000000,,43.02,43.02,G,,latest-months
162015,Luleå Sol,11,Global Irradians (svenska stationer),"medelvärde 1 timma, varje timme",watt per kvadratmeter,2026-06-03T03:00:00Z,2026-06-03T05:00:00+02:00,1780455600000,,105.69,105.69,G,,latest-months
162015,Luleå Sol,11,Global Irradians (svenska stationer),"medelvärde 1 timma, varje timme",watt per kvadratmeter,2026-06-03T04:00:00Z,2026-06-03T06:00:00+02:00,1780459200000,,78.24,78.24,G,,latest-months
162015,Luleå Sol,11,Global Irradians (svenska stationer),"medelvärde 1 timma, varje timme",watt per kvadratmeter,2026-06-03T05:00:00Z,2026-06-03T07:00:00+02:00,1780462800000,,182.99,182.99,G,,latest-months
162015,Luleå Sol,11,Global Irradians (svenska stationer),"medelvärde 1 timma, varje timme",watt per kvadratmeter,2026-06-03T06:00:00Z,2026-06-03T08:00:00+02:00,1780466400000,,214.95,214.95,G,,latest-months
162015,Luleå Sol,11,Global Irradians (svenska stationer),"medelvärde 1 timma, varje timme",watt per kvadratmeter,2026-06-03T07:00:00Z,2026-06-03T09:00:00+02:00,1780470000000,,217.98,217.98,G,,latest-months
162015,Luleå Sol,11,Global Irradians (svenska stationer),"medelvärde 1 timma, varje timme",watt per kvadratmeter,2026-06-03T08:00:00Z,2026-06-03T10:00:00+02:00,1780473600000,,275.52,275.52,G,,latest-months
162015,Luleå Sol,11,Global Irradians (svenska stationer),"medelvärde 1 timma, varje timme",watt per kvadratmeter,2026-06-03T09:00:00Z,2026-06-03T11:00:00+02:00,1780477200000,,244.43,244.43,G,,latest-months
162015,Luleå Sol,11,Global Irradians (svenska stationer),"medelvärde 1 timma, varje timme",watt per kvadratmeter,2026-06-03T10:00:00Z,2026-06-03T12:00:00+02:00,1780480800000,,225.00,225.00,G,,latest-months
162015,Luleå Sol,11,Global Irradians (svenska stationer),"medelvärde 1 timma, varje timme",watt per kvadratmeter,2026-06-03T11:00:00Z,2026-06-03T13:00:00+02:00,1780484400000,,205.62,205.62,G,,latest-months
162015,Luleå Sol,11,Global Irradians (svenska stationer),"medelvärde 1 timma, varje timme",watt per kvadratmeter,2026-06-03T12:00:00Z,2026-06-03T14:00:00+02:00,1780488000000,,323.12,323.12,G,,latest-months
162015,Luleå Sol,11,Global Irradians (svenska stationer),"medelvärde 1 timma, varje timme",watt per kvadratmeter,2026-06-03T13:00:00Z,2026-06-03T15:00:00+02:00,1780491600000,,490.23,490.23,G,,latest-months
162015,Luleå Sol,11,Global Irradians (svenska stationer),"medelvärde 1 timma, varje timme",watt per kvadratmeter,2026-06-03T14:00:00Z,2026-06-03T16:00:00+02:00,1780495200000,,518.57,518.57,G,,latest-months
162015,Luleå Sol,11,Global Irradians (svenska stationer),"medelvärde 1 timma, varje timme",watt per kvadratmeter,2026-06-03T15:00:00Z,2026-06-03T17:00:00+02:00,1780498800000,,494.81,494.81,G,,latest-months
162015,Luleå Sol,11,Global Irradians (svenska stationer),"medelvärde 1 timma, varje timme",watt per kvadratmeter,2026-06-03T16:00:00Z,2026-06-03T18:00:00+02:00,1780502400000,,396.18,396.18,G,,latest-months
162015,Luleå Sol,11,Global Irradians (svenska stationer),"medelvärde 1 timma, varje timme",watt per kvadratmeter,2026-06-03T17:00:00Z,2026-06-03T19:00:00+02:00,1780506000000,,233.91,233.91,G,,latest-months
162015,Luleå Sol,11,Global Irradians (svenska stationer),"medelvärde 1 timma, varje timme",watt per kvadratmeter,2026-06-03T18:00:00Z,2026-06-03T20:00:00+02:00,1780509600000,,158.66,158.66,G,,latest-months
162015,Luleå Sol,11,Global Irradians (svenska stationer),"medelvärde 1 timma, varje timme",watt per kvadratmeter,2026-06-03T19:00:00Z,2026-06-03T21:00:00+02:00,1780513200000,,81.34,81.34,G,,latest-months
162015,Luleå Sol,11,Global Irradians (svenska stationer),"medelvärde 1 timma, varje timme",watt per kvadratmeter,2026-06-03T20:00:00Z,2026-06-03T22:00:00+02:00,1780516800000,,29.36,29.36,G,,latest-months
162015,Luleå Sol,11,Global Irradians (svenska stationer),"medelvärde 1 timma, varje timme",watt per kvadratmeter,2026-06-03T21:00:00Z,2026-06-03T23:00:00+02:00,1780520400000,,5.94,5.94,G,,latest-months
162015,Luleå Sol,11,Global Irradians (svenska stationer),"medelvärde 1 timma, varje timme",watt per kvadratmeter,2026-06-03T22:00:00Z,2026-06-04T00:00:00+02:00,1780524000000,,2.25,2.25,G,,latest-months
162015,Luleå Sol,11,Global Irradians (svenska stationer),"medelvärde 1 timma, varje timme",watt per kvadratmeter,2026-06-03T23:00:00Z,2026-06-04T01:00:00+02:00,1780527600000,,1.76,1.76,G,,latest-months
162015,Luleå Sol,11,Global Irradians (svenska stationer),"medelvärde 1 timma, varje timme",watt per kvadratmeter,2026-06-04T00:00:00Z,2026-06-04T02:00:00+02:00,1780531200000,,2.05,2.05,G,,latest-months
162015,Luleå Sol,11,Global Irradians (svenska stationer),"medelvärde 1 timma, varje timme",watt per kvadratmeter,2026-06-04T01:00:00Z,2026-06-04T03:00:00+02:00,1780534800000,,3.88,3.88,G,,latest-months
162015,Luleå Sol,11,Global Irradians (svenska stationer),"medelvärde 1 timma, varje timme",watt per kvadratmeter,2026-06-04T02:00:00Z,2026-06-04T04:00:00+02:00,1780538400000,,21.93,21.93,G,,latest-months
162015,Luleå Sol,11,Global Irradians (svenska stationer),"medelvärde 1 timma, varje timme",watt per kvadratmeter,2026-06-04T03:00:00Z,2026-06-04T05:00:00+02:00,1780542000000,,39.39,39.39,G,,latest-months
162015,Luleå Sol,11,Global Irradians (svenska stationer),"medelvärde 1 timma, varje timme",watt per kvadratmeter,2026-06-04T04:00:00Z,2026-06-04T06:00:00+02:00,1780545600000,,93.00,93.00,G,,latest-months
162015,Luleå Sol,11,Global Irradians (svenska stationer),"medelvärde 1 timma, varje timme",watt per kvadratmeter,2026-06-04T05:00:00Z,2026-06-04T07:00:00+02:00,1780549200000,,138.87,138.87,G,,latest-months
162015,Luleå Sol,11,Global Irradians (svenska stationer),"medelvärde 1 timma, varje timme",watt per kvadratmeter,2026-06-04T06:00:00Z,2026-06-04T08:00:00+02:00,1780552800000,,216.05,216.05,G,,latest-months
162015,Luleå Sol,11,Global Irradians (svenska stationer),"medelvärde 1 timma, varje timme",watt per kvadratmeter,2026-06-04T07:00:00Z,2026-06-04T09:00:00+02:00,1780556400000,,279.18,279.18,G,,latest-months
162015,Luleå Sol,11,Global Irradians (svenska stationer),"medelvärde 1 timma, varje timme",watt per kvadratmeter,2026-06-04T08:00:00Z,2026-06-04T10:00:00+02:00,1780560000000,,534.48,534.48,G,,latest-months
162015,Luleå Sol,11,Global Irradians (svenska stationer),"medelvärde 1 timma, varje timme",watt per kvadratmeter,2026-06-04T09:00:00Z,2026-06-04T11:00:00+02:00,1780563600000,,485.09,485.09,G,,latest-months
162015,Luleå Sol,11,Global Irradians (svenska stationer),"medelvärde 1 timma, varje timme",watt per kvadratmeter,2026-06-04T10:00:00Z,2026-06-04T12:00:00+02:00,1780567200000,,568.22,568.22,G,,latest-months
162015,Luleå Sol,11,Global Irradians (svenska stationer),"medelvärde 1 timma, varje timme",watt per kvadratmeter,2026-06-04T11:00:00Z,2026-06-04T13:00:00+02:00,1780570800000,,645.94,645.94,G,,latest-months
162015,Luleå Sol,11,Global Irradians (svenska stationer),"medelvärde 1 timma, varje timme",watt per kvadratmeter,2026-06-04T12:00:00Z,2026-06-04T14:00:00+02:00,1780574400000,,708.16,708.16,G,,latest-months
162015,Luleå Sol,11,Global Irradians (svenska stationer),"medelvärde 1 timma, varje timme",watt per kvadratmeter,2026-06-04T13:00:00Z,2026-06-04T15:00:00+02:00,1780578000000,,659.17,659.17,G,,latest-months
162015,Luleå Sol,11,Global Irradians (svenska stationer),"medelvärde 1 timma, varje timme",watt per kvadratmeter,2026-06-04T14:00:00Z,2026-06-04T16:00:00+02:00,1780581600000,,578.23,578.23,G,,latest-months
162015,Luleå Sol,11,Global Irradians (svenska stationer),"medelvärde 1 timma, varje timme",watt per kvadratmeter,2026-06-04T15:00:00Z,2026-06-04T17:00:00+02:00,1780585200000,,496.65,496.65,G,,latest-months
162015,Luleå Sol,11,Global Irradians (svenska stationer),"medelvärde 1 timma, varje timme",watt per kvadratmeter,2026-06-04T16:00:00Z,2026-06-04T18:00:00+02:00,1780588800000,,406.72,406.72,G,,latest-months
162015,Luleå Sol,11,Global Irradians (svenska stationer),"medelvärde 1 timma, varje timme",watt per kvadratmeter,2026-06-04T17:00:00Z,2026-06-04T19:00:00+02:00,1780592400000,,300.67,300.67,G,,latest-months
162015,Luleå Sol,11,Global Irradians (svenska stationer),"medelvärde 1 timma, varje timme",watt per kvadratmeter,2026-06-04T18:00:00Z,2026-06-04T20:00:00+02:00,1780596000000,,196.81,196.81,G,,latest-months
162015,Luleå Sol,11,Global Irradians (svenska stationer),"medelvärde 1 timma, varje timme",watt per kvadratmeter,2026-06-04T19:00:00Z,2026-06-04T21:00:00+02:00,1780599600000,,109.42,109.42,G,,latest-months
162015,Luleå Sol,11,Global Irradians (svenska stationer),"medelvärde 1 timma, varje timme",watt per kvadratmeter,2026-06-04T20:00:00Z,2026-06-04T22:00:00+02:00,1780603200000,,43.06,43.06,G,,latest-months
162015,Luleå Sol,11,Global Irradians (svenska stationer),"medelvärde 1 timma, varje timme",watt per kvadratmeter,2026-06-04T21:00:00Z,2026-06-04T23:00:00+02:00,1780606800000,,11.01,11.01,G,,latest-months
162015,Luleå Sol,11,Global Irradians (svenska stationer),"medelvärde 1 timma, varje timme",watt per kvadratmeter,2026-06-04T22:00:00Z,2026-06-05T00:00:00+02:00,1780610400000,,2.16,2.16,G,,latest-months
162015,Luleå Sol,11,Global Irradians (svenska stationer),"medelvärde 1 timma, varje timme",watt per kvadratmeter,2026-06-04T23:00:00Z,2026-06-05T01:00:00+02:00,1780614000000,,1.72,1.72,G,,latest-months
162015,Luleå Sol,11,Global Irradians (svenska stationer),"medelvärde 1 timma, varje timme",watt per kvadratmeter,2026-06-05T00:00:00Z,2026-06-05T02:00:00+02:00,1780617600000,,3.12,3.12,G,,latest-months
162015,Luleå Sol,11,Global Irradians (svenska stationer),"medelvärde 1 timma, varje timme",watt per kvadratmeter,2026-06-05T01:00:00Z,2026-06-05T03:00:00+02:00,1780621200000,,9.96,9.96,G,,latest-months
162015,Luleå Sol,11,Global Irradians (svenska stationer),"medelvärde 1 timma, varje timme",watt per kvadratmeter,2026-06-05T02:00:00Z,2026-06-05T04:00:00+02:00,1780624800000,,30.38,30.38,G,,latest-months
162015,Luleå Sol,11,Global Irradians (svenska stationer),"medelvärde 1 timma, varje timme",watt per kvadratmeter,2026-06-05T03:00:00Z,2026-06-05T05:00:00+02:00,1780628400000,,100.25,100.25,G,,latest-months
162015,Luleå Sol,11,Global Irradians (svenska stationer),"medelvärde 1 timma, varje timme",watt per kvadratmeter,2026-06-05T04:00:00Z,2026-06-05T06:00:00+02:00,1780632000000,,200.81,200.81,G,,latest-months
162015,Luleå Sol,11,Global Irradians (svenska stationer),"medelvärde 1 timma, varje timme",watt per kvadratmeter,2026-06-05T05:00:00Z,2026-06-05T07:00:00+02:00,1780635600000,,284.07,284.07,G,,latest-months
162015,Luleå Sol,11,Global Irradians (svenska stationer),"medelvärde 1 timma, varje timme",watt per kvadratmeter,2026-06-05T06:00:00Z,2026-06-05T08:00:00+02:00,1780639200000,,119.69,119.69,G,,latest-months
162015,Luleå Sol,11,Global Irradians (svenska stationer),"medelvärde 1 timma, varje timme",watt per kvadratmeter,2026-06-05T07:00:00Z,2026-06-05T09:00:00+02:00,1780642800000,,182.27,182.27,G,,latest-months
162015,Luleå Sol,11,Global Irradians (svenska stationer),"medelvärde 1 timma, varje timme",watt per kvadratmeter,2026-06-05T08:00:00Z,2026-06-05T10:00:00+02:00,1780646400000,,398.11,398.11,G,,latest-months
162015,Luleå Sol,11,Global Irradians (svenska stationer),"medelvärde 1 timma, varje timme",watt per kvadratmeter,2026-06-05T09:00:00Z,2026-06-05T11:00:00+02:00,1780650000000,,315.36,315.36,G,,latest-months
162015,Luleå Sol,11,Global Irradians (svenska stationer),"medelvärde 1 timma, varje timme",watt per kvadratmeter,2026-06-05T10:00:00Z,2026-06-05T12:00:00+02:00,1780653600000,,305.15,305.15,G,,latest-months
162015,Luleå Sol,11,Global Irradians (svenska stationer),"medelvärde 1 timma, varje timme",watt per kvadratmeter,2026-06-05T11:00:00Z,2026-06-05T13:00:00+02:00,1780657200000,,362.30,362.30,G,,latest-months
162015,Luleå Sol,11,Global Irradians (svenska stationer),"medelvärde 1 timma, varje timme",watt per kvadratmeter,2026-06-05T12:00:00Z,2026-06-05T14:00:00+02:00,1780660800000,,306.08,306.08,G,,latest-months
162015,Luleå Sol,11,Global Irradians (svenska stationer),"medelvärde 1 timma, varje timme",watt per kvadratmeter,2026-06-05T13:00:00Z,2026-06-05T15:00:00+02:00,1780664400000,,229.91,229.91,G,,latest-months
162015,Luleå Sol,11,Global Irradians (svenska stationer),"medelvärde 1 timma, varje timme",watt per kvadratmeter,2026-06-05T14:00:00Z,2026-06-05T16:00:00+02:00,1780668000000,,368.29,368.29,G,,latest-months
162015,Luleå Sol,11,Global Irradians (svenska stationer),"medelvärde 1 timma, varje timme",watt per kvadratmeter,2026-06-05T15:00:00Z,2026-06-05T17:00:00+02:00,1780671600000,,424.96,424.96,G,,latest-months
162015,Luleå Sol,11,Global Irradians (svenska stationer),"medelvärde 1 timma, varje timme",watt per kvadratmeter,2026-06-05T16:00:00Z,2026-06-05T18:00:00+02:00,1780675200000,,84.60,84.60,G,,latest-months
162015,Luleå Sol,11,Global Irradians (svenska stationer),"medelvärde 1 timma, varje timme",watt per kvadratmeter,2026-06-05T17:00:00Z,2026-06-05T19:00:00+02:00,1780678800000,,41.65,41.65,G,,latest-months
162015,Luleå Sol,11,Global Irradians (svenska stationer),"medelvärde 1 timma, varje timme",watt per kvadratmeter,2026-06-05T18:00:00Z,2026-06-05T20:00:00+02:00,1780682400000,,24.41,24.41,G,,latest-months
162015,Luleå Sol,11,Global Irradians (svenska stationer),"medelvärde 1 timma, varje timme",watt per kvadratmeter,2026-06-05T19:00:00Z,2026-06-05T21:00:00+02:00,1780686000000,,27.24,27.24,G,,latest-months
162015,Luleå Sol,11,Global Irradians (svenska stationer),"medelvärde 1 timma, varje timme",watt per kvadratmeter,2026-06-05T20:00:00Z,2026-06-05T22:00:00+02:00,1780689600000,,19.21,19.21,G,,latest-months
162015,Luleå Sol,11,Global Irradians (svenska stationer),"medelvärde 1 timma, varje timme",watt per kvadratmeter,2026-06-05T21:00:00Z,2026-06-05T23:00:00+02:00,1780693200000,,11.54,11.54,G,,latest-months
162015,Luleå Sol,11,Global Irradians (svenska stationer),"medelvärde 1 timma, varje timme",watt per kvadratmeter,2026-06-05T22:00:00Z,2026-06-06T00:00:00+02:00,1780696800000,,4.54,4.54,G,,latest-months
162015,Luleå Sol,11,Global Irradians (svenska stationer),"medelvärde 1 timma, varje timme",watt per kvadratmeter,2026-06-05T23:00:00Z,2026-06-06T01:00:00+02:00,1780700400000,,1.98,1.98,G,,latest-months
162015,Luleå Sol,11,Global Irradians (svenska stationer),"medelvärde 1 timma, varje timme",watt per kvadratmeter,2026-06-06T00:00:00Z,2026-06-06T02:00:00+02:00,1780704000000,,2.25,2.25,G,,latest-months
162015,Luleå Sol,11,Global Irradians (svenska stationer),"medelvärde 1 timma, varje timme",watt per kvadratmeter,2026-06-06T01:00:00Z,2026-06-06T03:00:00+02:00,1780707600000,,4.78,4.78,G,,latest-months
162015,Luleå Sol,11,Global Irradians (svenska stationer),"medelvärde 1 timma, varje timme",watt per kvadratmeter,2026-06-06T02:00:00Z,2026-06-06T04:00:00+02:00,1780711200000,,12.13,12.13,G,,latest-months
162015,Luleå Sol,11,Global Irradians (svenska stationer),"medelvärde 1 timma, varje timme",watt per kvadratmeter,2026-06-06T03:00:00Z,2026-06-06T05:00:00+02:00,1780714800000,,31.91,31.91,G,,latest-months
162015,Luleå Sol,11,Global Irradians (svenska stationer),"medelvärde 1 timma, varje timme",watt per kvadratmeter,2026-06-06T04:00:00Z,2026-06-06T06:00:00+02:00,1780718400000,,61.40,61.40,G,,latest-months
162015,Luleå Sol,11,Global Irradians (svenska stationer),"medelvärde 1 timma, varje timme",watt per kvadratmeter,2026-06-06T05:00:00Z,2026-06-06T07:00:00+02:00,1780722000000,,75.21,75.21,G,,latest-months
162015,Luleå Sol,11,Global Irradians (svenska stationer),"medelvärde 1 timma, varje timme",watt per kvadratmeter,2026-06-06T06:00:00Z,2026-06-06T08:00:00+02:00,1780725600000,,61.59,61.59,G,,latest-months
162015,Luleå Sol,11,Global Irradians (svenska stationer),"medelvärde 1 timma, varje timme",watt per kvadratmeter,2026-06-06T07:00:00Z,2026-06-06T09:00:00+02:00,1780729200000,,60.90,60.90,G,,latest-months
162015,Luleå Sol,11,Global Irradians (svenska stationer),"medelvärde 1 timma, varje timme",watt per kvadratmeter,2026-06-06T08:00:00Z,2026-06-06T10:00:00+02:00,1780732800000,,55.17,55.17,G,,latest-months
162015,Luleå Sol,11,Global Irradians (svenska stationer),"medelvärde 1 timma, varje timme",watt per kvadratmeter,2026-06-06T09:00:00Z,2026-06-06T11:00:00+02:00,1780736400000,,59.99,59.99,G,,latest-months
162015,Luleå Sol,11,Global Irradians (svenska stationer),"medelvärde 1 timma, varje timme",watt per kvadratmeter,2026-06-06T10:00:00Z,2026-06-06T12:00:00+02:00,1780740000000,,62.80,62.80,G,,latest-months
162015,Luleå Sol,11,Global Irradians (svenska stationer),"medelvärde 1 timma, varje timme",watt per kvadratmeter,2026-06-06T11:00:00Z,2026-06-06T13:00:00+02:00,1780743600000,,137.22,137.22,G,,latest-months
162015,Luleå Sol,11,Global Irradians (svenska stationer),"medelvärde 1 timma, varje timme",watt per kvadratmeter,2026-06-06T12:00:00Z,2026-06-06T14:00:00+02:00,1780747200000,,166.86,166.86,G,,latest-months
162015,Luleå Sol,11,Global Irradians (svenska stationer),"medelvärde 1 timma, varje timme",watt per kvadratmeter,2026-06-06T13:00:00Z,2026-06-06T15:00:00+02:00,1780750800000,,269.19,269.19,G,,latest-months
162015,Luleå Sol,11,Global Irradians (svenska stationer),"medelvärde 1 timma, varje timme",watt per kvadratmeter,2026-06-06T14:00:00Z,2026-06-06T16:00:00+02:00,1780754400000,,397.03,397.03,G,,latest-months
162015,Luleå Sol,11,Global Irradians (svenska stationer),"medelvärde 1 timma, varje timme",watt per kvadratmeter,2026-06-06T15:00:00Z,2026-06-06T17:00:00+02:00,1780758000000,,436.06,436.06,G,,latest-months
162015,Luleå Sol,11,Global Irradians (svenska stationer),"medelvärde 1 timma, varje timme",watt per kvadratmeter,2026-06-06T16:00:00Z,2026-06-06T18:00:00+02:00,1780761600000,,207.57,207.57,G,,latest-months
162015,Luleå Sol,11,Global Irradians (svenska stationer),"medelvärde 1 timma, varje timme",watt per kvadratmeter,2026-06-06T17:00:00Z,2026-06-06T19:00:00+02:00,1780765200000,,112.39,112.39,G,,latest-months
162015,Luleå Sol,11,Global Irradians (svenska stationer),"medelvärde 1 timma, varje timme",watt per kvadratmeter,2026-06-06T18:00:00Z,2026-06-06T20:00:00+02:00,1780768800000,,36.21,36.21,G,,latest-months
162015,Luleå Sol,11,Global Irradians (svenska stationer),"medelvärde 1 timma, varje timme",watt per kvadratmeter,2026-06-06T19:00:00Z,2026-06-06T21:00:00+02:00,1780772400000,,25.23,25.23,G,,latest-months
162015,Luleå Sol,11,Global Irradians (svenska stationer),"medelvärde 1 timma, varje timme",watt per kvadratmeter,2026-06-06T20:00:00Z,2026-06-06T22:00:00+02:00,1780776000000,,12.97,12.97,G,,latest-months
162015,Luleå Sol,11,Global Irradians (svenska stationer),"medelvärde 1 timma, varje timme",watt per kvadratmeter,2026-06-06T21:00:00Z,2026-06-06T23:00:00+02:00,1780779600000,,7.03,7.03,G,,latest-months
162015,Luleå Sol,11,Global Irradians (svenska stationer),"medelvärde 1 timma, varje timme",watt per kvadratmeter,2026-06-06T22:00:00Z,2026-06-07T00:00:00+02:00,1780783200000,,2.63,2.63,G,,latest-months
162015,Luleå Sol,11,Global Irradians (svenska stationer),"medelvärde 1 timma, varje timme",watt per kvadratmeter,2026-06-06T23:00:00Z,2026-06-07T01:00:00+02:00,1780786800000,,0.47,0.47,G,,latest-months
162015,Luleå Sol,11,Global Irradians (svenska stationer),"medelvärde 1 timma, varje timme",watt per kvadratmeter,2026-06-07T00:00:00Z,2026-06-07T02:00:00+02:00,1780790400000,,1.30,1.30,G,,latest-months
162015,Luleå Sol,11,Global Irradians (svenska stationer),"medelvärde 1 timma, varje timme",watt per kvadratmeter,2026-06-07T01:00:00Z,2026-06-07T03:00:00+02:00,1780794000000,,5.19,5.19,G,,latest-months
162015,Luleå Sol,11,Global Irradians (svenska stationer),"medelvärde 1 timma, varje timme",watt per kvadratmeter,2026-06-07T02:00:00Z,2026-06-07T04:00:00+02:00,1780797600000,,21.25,21.25,G,,latest-months
162015,Luleå Sol,11,Global Irradians (svenska stationer),"medelvärde 1 timma, varje timme",watt per kvadratmeter,2026-06-07T03:00:00Z,2026-06-07T05:00:00+02:00,1780801200000,,34.75,34.75,G,,latest-months
162015,Luleå Sol,11,Global Irradians (svenska stationer),"medelvärde 1 timma, varje timme",watt per kvadratmeter,2026-06-07T04:00:00Z,2026-06-07T06:00:00+02:00,1780804800000,,23.57,23.57,G,,latest-months
162015,Luleå Sol,11,Global Irradians (svenska stationer),"medelvärde 1 timma, varje timme",watt per kvadratmeter,2026-06-07T05:00:00Z,2026-06-07T07:00:00+02:00,1780808400000,,24.39,24.39,G,,latest-months
162015,Luleå Sol,11,Global Irradians (svenska stationer),"medelvärde 1 timma, varje timme",watt per kvadratmeter,2026-06-07T06:00:00Z,2026-06-07T08:00:00+02:00,1780812000000,,60.70,60.70,G,,latest-months
162015,Luleå Sol,11,Global Irradians (svenska stationer),"medelvärde 1 timma, varje timme",watt per kvadratmeter,2026-06-07T07:00:00Z,2026-06-07T09:00:00+02:00,1780815600000,,200.84,200.84,G,,latest-months
162015,Luleå Sol,11,Global Irradians (svenska stationer),"medelvärde 1 timma, varje timme",watt per kvadratmeter,2026-06-07T08:00:00Z,2026-06-07T10:00:00+02:00,1780819200000,,597.30,597.30,G,,latest-months
162015,Luleå Sol,11,Global Irradians (svenska stationer),"medelvärde 1 timma, varje timme",watt per kvadratmeter,2026-06-07T09:00:00Z,2026-06-07T11:00:00+02:00,1780822800000,,582.09,582.09,G,,latest-months
162015,Luleå Sol,11,Global Irradians (svenska stationer),"medelvärde 1 timma, varje timme",watt per kvadratmeter,2026-06-07T10:00:00Z,2026-06-07T12:00:00+02:00,1780826400000,,543.83,543.83,G,,latest-months
162015,Luleå Sol,11,Global Irradians (svenska stationer),"medelvärde 1 timma, varje timme",watt per kvadratmeter,2026-06-07T11:00:00Z,2026-06-07T13:00:00+02:00,1780830000000,,424.72,424.72,G,,latest-months
162015,Luleå Sol,11,Global Irradians (svenska stationer),"medelvärde 1 timma, varje timme",watt per kvadratmeter,2026-06-07T12:00:00Z,2026-06-07T14:00:00+02:00,1780833600000,,362.60,362.60,G,,latest-months
162015,Luleå Sol,11,Global Irradians (svenska stationer),"medelvärde 1 timma, varje timme",watt per kvadratmeter,2026-06-07T13:00:00Z,2026-06-07T15:00:00+02:00,1780837200000,,140.79,140.79,G,,latest-months
162015,Luleå Sol,11,Global Irradians (svenska stationer),"medelvärde 1 timma, varje timme",watt per kvadratmeter,2026-06-07T14:00:00Z,2026-06-07T16:00:00+02:00,1780840800000,,77.61,77.61,G,,latest-months
162015,Luleå Sol,11,Global Irradians (svenska stationer),"medelvärde 1 timma, varje timme",watt per kvadratmeter,2026-06-07T15:00:00Z,2026-06-07T17:00:00+02:00,1780844400000,,136.40,136.40,G,,latest-months
162015,Luleå Sol,11,Global Irradians (svenska stationer),"medelvärde 1 timma, varje timme",watt per kvadratmeter,2026-06-07T16:00:00Z,2026-06-07T18:00:00+02:00,1780848000000,,110.11,110.11,G,,latest-months
162015,Luleå Sol,11,Global Irradians (svenska stationer),"medelvärde 1 timma, varje timme",watt per kvadratmeter,2026-06-07T17:00:00Z,2026-06-07T19:00:00+02:00,1780851600000,,52.08,52.08,G,,latest-months
162015,Luleå Sol,11,Global Irradians (svenska stationer),"medelvärde 1 timma, varje timme",watt per kvadratmeter,2026-06-07T18:00:00Z,2026-06-07T20:00:00+02:00,1780855200000,,61.68,61.68,G,,latest-months
162015,Luleå Sol,11,Global Irradians (svenska stationer),"medelvärde 1 timma, varje timme",watt per kvadratmeter,2026-06-07T19:00:00Z,2026-06-07T21:00:00+02:00,1780858800000,,52.12,52.12,G,,latest-months
162015,Luleå Sol,11,Global Irradians (svenska stationer),"medelvärde 1 timma, varje timme",watt per kvadratmeter,2026-06-07T20:00:00Z,2026-06-07T22:00:00+02:00,1780862400000,,13.51,13.51,G,,latest-months
162015,Luleå Sol,11,Global Irradians (svenska stationer),"medelvärde 1 timma, varje timme",watt per kvadratmeter,2026-06-07T21:00:00Z,2026-06-07T23:00:00+02:00,1780866000000,,2.98,2.98,G,,latest-months
162015,Luleå Sol,11,Global Irradians (svenska stationer),"medelvärde 1 timma, varje timme",watt per kvadratmeter,2026-06-07T22:00:00Z,2026-06-08T00:00:00+02:00,1780869600000,,2.07,2.07,G,,latest-months
162015,Luleå Sol,11,Global Irradians (svenska stationer),"medelvärde 1 timma, varje timme",watt per kvadratmeter,2026-06-07T23:00:00Z,2026-06-08T01:00:00+02:00,1780873200000,,1.75,1.75,G,,latest-months
162015,Luleå Sol,11,Global Irradians (svenska stationer),"medelvärde 1 timma, varje timme",watt per kvadratmeter,2026-06-08T00:00:00Z,2026-06-08T02:00:00+02:00,1780876800000,,3.47,3.47,G,,latest-months
162015,Luleå Sol,11,Global Irradians (svenska stationer),"medelvärde 1 timma, varje timme",watt per kvadratmeter,2026-06-08T01:00:00Z,2026-06-08T03:00:00+02:00,1780880400000,,13.91,13.91,G,,latest-months
162015,Luleå Sol,11,Global Irradians (svenska stationer),"medelvärde 1 timma, varje timme",watt per kvadratmeter,2026-06-08T02:00:00Z,2026-06-08T04:00:00+02:00,1780884000000,,20.41,20.41,G,,latest-months
162015,Luleå Sol,11,Global Irradians (svenska stationer),"medelvärde 1 timma, varje timme",watt per kvadratmeter,2026-06-08T03:00:00Z,2026-06-08T05:00:00+02:00,1780887600000,,41.52,41.52,G,,latest-months
162015,Luleå Sol,11,Global Irradians (svenska stationer),"medelvärde 1 timma, varje timme",watt per kvadratmeter,2026-06-08T04:00:00Z,2026-06-08T06:00:00+02:00,1780891200000,,57.26,57.26,G,,latest-months
162015,Luleå Sol,11,Global Irradians (svenska stationer),"medelvärde 1 timma, varje timme",watt per kvadratmeter,2026-06-08T05:00:00Z,2026-06-08T07:00:00+02:00,1780894800000,,144.58,144.58,G,,latest-months
162015,Luleå Sol,11,Global Irradians (svenska stationer),"medelvärde 1 timma, varje timme",watt per kvadratmeter,2026-06-08T06:00:00Z,2026-06-08T08:00:00+02:00,1780898400000,,209.91,209.91,G,,latest-months
162015,Luleå Sol,11,Global Irradians (svenska stationer),"medelvärde 1 timma, varje timme",watt per kvadratmeter,2026-06-08T07:00:00Z,2026-06-08T09:00:00+02:00,1780902000000,,261.06,261.06,G,,latest-months
162015,Luleå Sol,11,Global Irradians (svenska stationer),"medelvärde 1 timma, varje timme",watt per kvadratmeter,2026-06-08T08:00:00Z,2026-06-08T10:00:00+02:00,1780905600000,,336.65,336.65,G,,latest-months
162015,Luleå Sol,11,Global Irradians (svenska stationer),"medelvärde 1 timma, varje timme",watt per kvadratmeter,2026-06-08T09:00:00Z,2026-06-08T11:00:00+02:00,1780909200000,,538.90,538.90,G,,latest-months
162015,Luleå Sol,11,Global Irradians (svenska stationer),"medelvärde 1 timma, varje timme",watt per kvadratmeter,2026-06-08T10:00:00Z,2026-06-08T12:00:00+02:00,1780912800000,,663.24,663.24,G,,latest-months
162015,Luleå Sol,11,Global Irradians (svenska stationer),"medelvärde 1 timma, varje timme",watt per kvadratmeter,2026-06-08T11:00:00Z,2026-06-08T13:00:00+02:00,1780916400000,,663.11,663.11,G,,latest-months
162015,Luleå Sol,11,Global Irradians (svenska stationer),"medelvärde 1 timma, varje timme",watt per kvadratmeter,2026-06-08T12:00:00Z,2026-06-08T14:00:00+02:00,1780920000000,,723.65,723.65,G,,latest-months
162015,Luleå Sol,11,Global Irradians (svenska stationer),"medelvärde 1 timma, varje timme",watt per kvadratmeter,2026-06-08T13:00:00Z,2026-06-08T15:00:00+02:00,1780923600000,,675.93,675.93,G,,latest-months
162015,Luleå Sol,11,Global Irradians (svenska stationer),"medelvärde 1 timma, varje timme",watt per kvadratmeter,2026-06-08T14:00:00Z,2026-06-08T16:00:00+02:00,1780927200000,,593.25,593.25,G,,latest-months
162015,Luleå Sol,11,Global Irradians (svenska stationer),"medelvärde 1 timma, varje timme",watt per kvadratmeter,2026-06-08T15:00:00Z,2026-06-08T17:00:00+02:00,1780930800000,,458.78,458.78,G,,latest-months
162015,Luleå Sol,11,Global Irradians (svenska stationer),"medelvärde 1 timma, varje timme",watt per kvadratmeter,2026-06-08T16:00:00Z,2026-06-08T18:00:00+02:00,1780934400000,,302.54,302.54,G,,latest-months
162015,Luleå Sol,11,Global Irradians (svenska stationer),"medelvärde 1 timma, varje timme",watt per kvadratmeter,2026-06-08T17:00:00Z,2026-06-08T19:00:00+02:00,1780938000000,,272.24,272.24,G,,latest-months
162015,Luleå Sol,11,Global Irradians (svenska stationer),"medelvärde 1 timma, varje timme",watt per kvadratmeter,2026-06-08T18:00:00Z,2026-06-08T20:00:00+02:00,1780941600000,,242.77,242.77,G,,latest-months
162015,Luleå Sol,11,Global Irradians (svenska stationer),"medelvärde 1 timma, varje timme",watt per kvadratmeter,2026-06-08T19:00:00Z,2026-06-08T21:00:00+02:00,1780945200000,,150.50,150.50,G,,latest-months
162015,Luleå Sol,11,Global Irradians (svenska stationer),"medelvärde 1 timma, varje timme",watt per kvadratmeter,2026-06-08T20:00:00Z,2026-06-08T22:00:00+02:00,1780948800000,,75.80,75.80,G,,latest-months
162015,Luleå Sol,11,Global Irradians (svenska stationer),"medelvärde 1 timma, varje timme",watt per kvadratmeter,2026-06-08T21:00:00Z,2026-06-08T23:00:00+02:00,1780952400000,,26.14,26.14,G,,latest-months
162015,Luleå Sol,11,Global Irradians (svenska stationer),"medelvärde 1 timma, varje timme",watt per kvadratmeter,2026-06-08T22:00:00Z,2026-06-09T00:00:00+02:00,1780956000000,,8.00,8.00,G,,latest-months
162015,Luleå Sol,11,Global Irradians (svenska stationer),"medelvärde 1 timma, varje timme",watt per kvadratmeter,2026-06-08T23:00:00Z,2026-06-09T01:00:00+02:00,1780959600000,,5.46,5.46,G,,latest-months
162015,Luleå Sol,11,Global Irradians (svenska stationer),"medelvärde 1 timma, varje timme",watt per kvadratmeter,2026-06-09T00:00:00Z,2026-06-09T02:00:00+02:00,1780963200000,,5.55,5.55,G,,latest-months
162015,Luleå Sol,11,Global Irradians (svenska stationer),"medelvärde 1 timma, varje timme",watt per kvadratmeter,2026-06-09T01:00:00Z,2026-06-09T03:00:00+02:00,1780966800000,,14.55,14.55,G,,latest-months
162015,Luleå Sol,11,Global Irradians (svenska stationer),"medelvärde 1 timma, varje timme",watt per kvadratmeter,2026-06-09T02:00:00Z,2026-06-09T04:00:00+02:00,1780970400000,,48.94,48.94,G,,latest-months
162015,Luleå Sol,11,Global Irradians (svenska stationer),"medelvärde 1 timma, varje timme",watt per kvadratmeter,2026-06-09T03:00:00Z,2026-06-09T05:00:00+02:00,1780974000000,,118.33,118.33,G,,latest-months
162015,Luleå Sol,11,Global Irradians (svenska stationer),"medelvärde 1 timma, varje timme",watt per kvadratmeter,2026-06-09T04:00:00Z,2026-06-09T06:00:00+02:00,1780977600000,,206.34,206.34,G,,latest-months
162015,Luleå Sol,11,Global Irradians (svenska stationer),"medelvärde 1 timma, varje timme",watt per kvadratmeter,2026-06-09T05:00:00Z,2026-06-09T07:00:00+02:00,1780981200000,,308.00,308.00,G,,latest-months
162015,Luleå Sol,11,Global Irradians (svenska stationer),"medelvärde 1 timma, varje timme",watt per kvadratmeter,2026-06-09T06:00:00Z,2026-06-09T08:00:00+02:00,1780984800000,,414.07,414.07,G,,latest-months
162015,Luleå Sol,11,Global Irradians (svenska stationer),"medelvärde 1 timma, varje timme",watt per kvadratmeter,2026-06-09T07:00:00Z,2026-06-09T09:00:00+02:00,1780988400000,,515.04,515.04,G,,latest-months
162015,Luleå Sol,11,Global Irradians (svenska stationer),"medelvärde 1 timma, varje timme",watt per kvadratmeter,2026-06-09T08:00:00Z,2026-06-09T10:00:00+02:00,1780992000000,,605.18,605.18,G,,latest-months
162015,Luleå Sol,11,Global Irradians (svenska stationer),"medelvärde 1 timma, varje timme",watt per kvadratmeter,2026-06-09T09:00:00Z,2026-06-09T11:00:00+02:00,1780995600000,,675.57,675.57,G,,latest-months
162015,Luleå Sol,11,Global Irradians (svenska stationer),"medelvärde 1 timma, varje timme",watt per kvadratmeter,2026-06-09T10:00:00Z,2026-06-09T12:00:00+02:00,1780999200000,,717.40,717.40,G,,latest-months
162015,Luleå Sol,11,Global Irradians (svenska stationer),"medelvärde 1 timma, varje timme",watt per kvadratmeter,2026-06-09T11:00:00Z,2026-06-09T13:00:00+02:00,1781002800000,,731.40,731.40,G,,latest-months
162015,Luleå Sol,11,Global Irradians (svenska stationer),"medelvärde 1 timma, varje timme",watt per kvadratmeter,2026-06-09T12:00:00Z,2026-06-09T14:00:00+02:00,1781006400000,,717.82,717.82,G,,latest-months
162015,Luleå Sol,11,Global Irradians (svenska stationer),"medelvärde 1 timma, varje timme",watt per kvadratmeter,2026-06-09T13:00:00Z,2026-06-09T15:00:00+02:00,1781010000000,,677.08,677.08,G,,latest-months
162015,Luleå Sol,11,Global Irradians (svenska stationer),"medelvärde 1 timma, varje timme",watt per kvadratmeter,2026-06-09T14:00:00Z,2026-06-09T16:00:00+02:00,1781013600000,,605.74,605.74,G,,latest-months
162015,Luleå Sol,11,Global Irradians (svenska stationer),"medelvärde 1 timma, varje timme",watt per kvadratmeter,2026-06-09T15:00:00Z,2026-06-09T17:00:00+02:00,1781017200000,,518.08,518.08,G,,latest-months
162015,Luleå Sol,11,Global Irradians (svenska stationer),"medelvärde 1 timma, varje timme",watt per kvadratmeter,2026-06-09T16:00:00Z,2026-06-09T18:00:00+02:00,1781020800000,,415.63,415.63,G,,latest-months
162015,Luleå Sol,11,Global Irradians (svenska stationer),"medelvärde 1 timma, varje timme",watt per kvadratmeter,2026-06-09T17:00:00Z,2026-06-09T19:00:00+02:00,1781024400000,,308.89,308.89,G,,latest-months
162015,Luleå Sol,11,Global Irradians (svenska stationer),"medelvärde 1 timma, varje timme",watt per kvadratmeter,2026-06-09T18:00:00Z,2026-06-09T20:00:00+02:00,1781028000000,,206.68,206.68,G,,latest-months
162015,Luleå Sol,11,Global Irradians (svenska stationer),"medelvärde 1 timma, varje timme",watt per kvadratmeter,2026-06-09T19:00:00Z,2026-06-09T21:00:00+02:00,1781031600000,,118.82,118.82,G,,latest-months
162015,Luleå Sol,11,Global Irradians (svenska stationer),"medelvärde 1 timma, varje timme",watt per kvadratmeter,2026-06-09T20:00:00Z,2026-06-09T22:00:00+02:00,1781035200000,,53.22,53.22,G,,latest-months
162015,Luleå Sol,11,Global Irradians (svenska stationer),"medelvärde 1 timma, varje timme",watt per kvadratmeter,2026-06-09T21:00:00Z,2026-06-09T23:00:00+02:00,1781038800000,,18.28,18.28,G,,latest-months
162015,Luleå Sol,11,Global Irradians (svenska stationer),"medelvärde 1 timma, varje timme",watt per kvadratmeter,2026-06-09T22:00:00Z,2026-06-10T00:00:00+02:00,1781042400000,,5.54,5.54,G,,latest-months
162015,Luleå Sol,11,Global Irradians (svenska stationer),"medelvärde 1 timma, varje timme",watt per kvadratmeter,2026-06-09T23:00:00Z,2026-06-10T01:00:00+02:00,1781046000000,,3.43,3.43,G,,latest-months
162015,Luleå Sol,11,Global Irradians (svenska stationer),"medelvärde 1 timma, varje timme",watt per kvadratmeter,2026-06-10T00:00:00Z,2026-06-10T02:00:00+02:00,1781049600000,,5.23,5.23,G,,latest-months
162015,Luleå Sol,11,Global Irradians (svenska stationer),"medelvärde 1 timma, varje timme",watt per kvadratmeter,2026-06-10T01:00:00Z,2026-06-10T03:00:00+02:00,1781053200000,,18.61,18.61,G,,latest-months
162015,Luleå Sol,11,Global Irradians (svenska stationer),"medelvärde 1 timma, varje timme",watt per kvadratmeter,2026-06-10T02:00:00Z,2026-06-10T04:00:00+02:00,1781056800000,,52.31,52.31,G,,latest-months
162015,Luleå Sol,11,Global Irradians (svenska stationer),"medelvärde 1 timma, varje timme",watt per kvadratmeter,2026-06-10T03:00:00Z,2026-06-10T05:00:00+02:00,1781060400000,,122.33,122.33,G,,latest-months
162015,Luleå Sol,11,Global Irradians (svenska stationer),"medelvärde 1 timma, varje timme",watt per kvadratmeter,2026-06-10T04:00:00Z,2026-06-10T06:00:00+02:00,1781064000000,,163.45,163.45,G,,latest-months
162015,Luleå Sol,11,Global Irradians (svenska stationer),"medelvärde 1 timma, varje timme",watt per kvadratmeter,2026-06-10T05:00:00Z,2026-06-10T07:00:00+02:00,1781067600000,,93.85,93.85,G,,latest-months
162015,Luleå Sol,11,Global Irradians (svenska stationer),"medelvärde 1 timma, varje timme",watt per kvadratmeter,2026-06-10T06:00:00Z,2026-06-10T08:00:00+02:00,1781071200000,,78.33,78.33,G,,latest-months
162015,Luleå Sol,11,Global Irradians (svenska stationer),"medelvärde 1 timma, varje timme",watt per kvadratmeter,2026-06-10T07:00:00Z,2026-06-10T09:00:00+02:00,1781074800000,,193.54,193.54,G,,latest-months
162015,Luleå Sol,11,Global Irradians (svenska stationer),"medelvärde 1 timma, varje timme",watt per kvadratmeter,2026-06-10T08:00:00Z,2026-06-10T10:00:00+02:00,1781078400000,,271.32,271.32,G,,latest-months
162015,Luleå Sol,11,Global Irradians (svenska stationer),"medelvärde 1 timma, varje timme",watt per kvadratmeter,2026-06-10T09:00:00Z,2026-06-10T11:00:00+02:00,1781082000000,,131.32,131.32,G,,latest-months
162015,Luleå Sol,11,Global Irradians (svenska stationer),"medelvärde 1 timma, varje timme",watt per kvadratmeter,2026-06-10T10:00:00Z,2026-06-10T12:00:00+02:00,1781085600000,,328.98,328.98,G,,latest-months
162015,Luleå Sol,11,Global Irradians (svenska stationer),"medelvärde 1 timma, varje timme",watt per kvadratmeter,2026-06-10T11:00:00Z,2026-06-10T13:00:00+02:00,1781089200000,,136.65,136.65,G,,latest-months
162015,Luleå Sol,11,Global Irradians (svenska stationer),"medelvärde 1 timma, varje timme",watt per kvadratmeter,2026-06-10T12:00:00Z,2026-06-10T14:00:00+02:00,1781092800000,,67.08,67.08,G,,latest-months
162015,Luleå Sol,11,Global Irradians (svenska stationer),"medelvärde 1 timma, varje timme",watt per kvadratmeter,2026-06-10T13:00:00Z,2026-06-10T15:00:00+02:00,1781096400000,,38.65,38.65,G,,latest-months
162015,Luleå Sol,11,Global Irradians (svenska stationer),"medelvärde 1 timma, varje timme",watt per kvadratmeter,2026-06-10T14:00:00Z,2026-06-10T16:00:00+02:00,1781100000000,,66.37,66.37,G,,latest-months
162015,Luleå Sol,11,Global Irradians (svenska stationer),"medelvärde 1 timma, varje timme",watt per kvadratmeter,2026-06-10T15:00:00Z,2026-06-10T17:00:00+02:00,1781103600000,,76.12,76.12,G,,latest-months
162015,Luleå Sol,11,Global Irradians (svenska stationer),"medelvärde 1 timma, varje timme",watt per kvadratmeter,2026-06-10T16:00:00Z,2026-06-10T18:00:00+02:00,1781107200000,,146.92,146.92,G,,latest-months
162015,Luleå Sol,11,Global Irradians (svenska stationer),"medelvärde 1 timma, varje timme",watt per kvadratmeter,2026-06-10T17:00:00Z,2026-06-10T19:00:00+02:00,1781110800000,,344.19,344.19,G,,latest-months
162015,Luleå Sol,11,Global Irradians (svenska stationer),"medelvärde 1 timma, varje timme",watt per kvadratmeter,2026-06-10T18:00:00Z,2026-06-10T20:00:00+02:00,1781114400000,,226.93,226.93,G,,latest-months
162015,Luleå Sol,11,Global Irradians (svenska stationer),"medelvärde 1 timma, varje timme",watt per kvadratmeter,2026-06-10T19:00:00Z,2026-06-10T21:00:00+02:00,1781118000000,,127.16,127.16,G,,latest-months
162015,Luleå Sol,11,Global Irradians (svenska stationer),"medelvärde 1 timma, varje timme",watt per kvadratmeter,2026-06-10T20:00:00Z,2026-06-10T22:00:00+02:00,1781121600000,,57.51,57.51,G,,latest-months
162015,Luleå Sol,11,Global Irradians (svenska stationer),"medelvärde 1 timma, varje timme",watt per kvadratmeter,2026-06-10T21:00:00Z,2026-06-10T23:00:00+02:00,1781125200000,,16.49,16.49,G,,latest-months
162015,Luleå Sol,11,Global Irradians (svenska stationer),"medelvärde 1 timma, varje timme",watt per kvadratmeter,2026-06-10T22:00:00Z,2026-06-11T00:00:00+02:00,1781128800000,,4.57,4.57,G,,latest-months
162015,Luleå Sol,11,Global Irradians (svenska stationer),"medelvärde 1 timma, varje timme",watt per kvadratmeter,2026-06-10T23:00:00Z,2026-06-11T01:00:00+02:00,1781132400000,,2.95,2.95,G,,latest-months
162015,Luleå Sol,11,Global Irradians (svenska stationer),"medelvärde 1 timma, varje timme",watt per kvadratmeter,2026-06-11T00:00:00Z,2026-06-11T02:00:00+02:00,1781136000000,,4.82,4.82,G,,latest-months
162015,Luleå Sol,11,Global Irradians (svenska stationer),"medelvärde 1 timma, varje timme",watt per kvadratmeter,2026-06-11T01:00:00Z,2026-06-11T03:00:00+02:00,1781139600000,,15.20,15.20,G,,latest-months
162015,Luleå Sol,11,Global Irradians (svenska stationer),"medelvärde 1 timma, varje timme",watt per kvadratmeter,2026-06-11T02:00:00Z,2026-06-11T04:00:00+02:00,1781143200000,,55.01,55.01,G,,latest-months
162015,Luleå Sol,11,Global Irradians (svenska stationer),"medelvärde 1 timma, varje timme",watt per kvadratmeter,2026-06-11T03:00:00Z,2026-06-11T05:00:00+02:00,1781146800000,,123.14,123.14,G,,latest-months
162015,Luleå Sol,11,Global Irradians (svenska stationer),"medelvärde 1 timma, varje timme",watt per kvadratmeter,2026-06-11T04:00:00Z,2026-06-11T06:00:00+02:00,1781150400000,,216.25,216.25,G,,latest-months
162015,Luleå Sol,11,Global Irradians (svenska stationer),"medelvärde 1 timma, varje timme",watt per kvadratmeter,2026-06-11T05:00:00Z,2026-06-11T07:00:00+02:00,1781154000000,,321.20,321.20,G,,latest-months
162015,Luleå Sol,11,Global Irradians (svenska stationer),"medelvärde 1 timma, varje timme",watt per kvadratmeter,2026-06-11T06:00:00Z,2026-06-11T08:00:00+02:00,1781157600000,,429.77,429.77,G,,latest-months
162015,Luleå Sol,11,Global Irradians (svenska stationer),"medelvärde 1 timma, varje timme",watt per kvadratmeter,2026-06-11T07:00:00Z,2026-06-11T09:00:00+02:00,1781161200000,,534.30,534.30,G,,latest-months
162015,Luleå Sol,11,Global Irradians (svenska stationer),"medelvärde 1 timma, varje timme",watt per kvadratmeter,2026-06-11T08:00:00Z,2026-06-11T10:00:00+02:00,1781164800000,,637.06,637.06,G,,latest-months
162015,Luleå Sol,11,Global Irradians (svenska stationer),"medelvärde 1 timma, varje timme",watt per kvadratmeter,2026-06-11T09:00:00Z,2026-06-11T11:00:00+02:00,1781168400000,,696.63,696.63,G,,latest-months
162015,Luleå Sol,11,Global Irradians (svenska stationer),"medelvärde 1 timma, varje timme",watt per kvadratmeter,2026-06-11T10:00:00Z,2026-06-11T12:00:00+02:00,1781172000000,,738.30,738.30,G,,latest-months
162015,Luleå Sol,11,Global Irradians (svenska stationer),"medelvärde 1 timma, varje timme",watt per kvadratmeter,2026-06-11T11:00:00Z,2026-06-11T13:00:00+02:00,1781175600000,,805.19,805.19,G,,latest-months
162015,Luleå Sol,11,Global Irradians (svenska stationer),"medelvärde 1 timma, varje timme",watt per kvadratmeter,2026-06-11T12:00:00Z,2026-06-11T14:00:00+02:00,1781179200000,,758.18,758.18,G,,latest-months
162015,Luleå Sol,11,Global Irradians (svenska stationer),"medelvärde 1 timma, varje timme",watt per kvadratmeter,2026-06-11T13:00:00Z,2026-06-11T15:00:00+02:00,1781182800000,,699.91,699.91,G,,latest-months
162015,Luleå Sol,11,Global Irradians (svenska stationer),"medelvärde 1 timma, varje timme",watt per kvadratmeter,2026-06-11T14:00:00Z,2026-06-11T16:00:00+02:00,1781186400000,,654.02,654.02,G,,latest-months
162015,Luleå Sol,11,Global Irradians (svenska stationer),"medelvärde 1 timma, varje timme",watt per kvadratmeter,2026-06-11T15:00:00Z,2026-06-11T17:00:00+02:00,1781190000000,,554.75,554.75,G,,latest-months
162015,Luleå Sol,11,Global Irradians (svenska stationer),"medelvärde 1 timma, varje timme",watt per kvadratmeter,2026-06-11T16:00:00Z,2026-06-11T18:00:00+02:00,1781193600000,,421.46,421.46,G,,latest-months
162015,Luleå Sol,11,Global Irradians (svenska stationer),"medelvärde 1 timma, varje timme",watt per kvadratmeter,2026-06-11T17:00:00Z,2026-06-11T19:00:00+02:00,1781197200000,,344.37,344.37,G,,latest-months
162015,Luleå Sol,11,Global Irradians (svenska stationer),"medelvärde 1 timma, varje timme",watt per kvadratmeter,2026-06-11T18:00:00Z,2026-06-11T20:00:00+02:00,1781200800000,,223.11,223.11,G,,latest-months
162015,Luleå Sol,11,Global Irradians (svenska stationer),"medelvärde 1 timma, varje timme",watt per kvadratmeter,2026-06-11T19:00:00Z,2026-06-11T21:00:00+02:00,1781204400000,,136.12,136.12,G,,latest-months
162015,Luleå Sol,11,Global Irradians (svenska stationer),"medelvärde 1 timma, varje timme",watt per kvadratmeter,2026-06-11T20:00:00Z,2026-06-11T22:00:00+02:00,1781208000000,,46.51,46.51,G,,latest-months
162015,Luleå Sol,11,Global Irradians (svenska stationer),"medelvärde 1 timma, varje timme",watt per kvadratmeter,2026-06-11T21:00:00Z,2026-06-11T23:00:00+02:00,1781211600000,,23.94,23.94,G,,latest-months
162015,Luleå Sol,11,Global Irradians (svenska stationer),"medelvärde 1 timma, varje timme",watt per kvadratmeter,2026-06-11T22:00:00Z,2026-06-12T00:00:00+02:00,1781215200000,,6.56,6.56,G,,latest-months
162015,Luleå Sol,11,Global Irradians (svenska stationer),"medelvärde 1 timma, varje timme",watt per kvadratmeter,2026-06-11T23:00:00Z,2026-06-12T01:00:00+02:00,1781218800000,,5.21,5.21,G,,latest-months
162015,Luleå Sol,11,Global Irradians (svenska stationer),"medelvärde 1 timma, varje timme",watt per kvadratmeter,2026-06-12T00:00:00Z,2026-06-12T02:00:00+02:00,1781222400000,,3.95,3.95,G,,latest-months
162015,Luleå Sol,11,Global Irradians (svenska stationer),"medelvärde 1 timma, varje timme",watt per kvadratmeter,2026-06-12T01:00:00Z,2026-06-12T03:00:00+02:00,1781226000000,,13.78,13.78,G,,latest-months
162015,Luleå Sol,11,Global Irradians (svenska stationer),"medelvärde 1 timma, varje timme",watt per kvadratmeter,2026-06-12T02:00:00Z,2026-06-12T04:00:00+02:00,1781229600000,,30.82,30.82,G,,latest-months
162015,Luleå Sol,11,Global Irradians (svenska stationer),"medelvärde 1 timma, varje timme",watt per kvadratmeter,2026-06-12T03:00:00Z,2026-06-12T05:00:00+02:00,1781233200000,,59.38,59.38,G,,latest-months
162015,Luleå Sol,11,Global Irradians (svenska stationer),"medelvärde 1 timma, varje timme",watt per kvadratmeter,2026-06-12T04:00:00Z,2026-06-12T06:00:00+02:00,1781236800000,,88.52,88.52,G,,latest-months
162015,Luleå Sol,11,Global Irradians (svenska stationer),"medelvärde 1 timma, varje timme",watt per kvadratmeter,2026-06-12T05:00:00Z,2026-06-12T07:00:00+02:00,1781240400000,,111.68,111.68,G,,latest-months
162015,Luleå Sol,11,Global Irradians (svenska stationer),"medelvärde 1 timma, varje timme",watt per kvadratmeter,2026-06-12T06:00:00Z,2026-06-12T08:00:00+02:00,1781244000000,,64.48,64.48,G,,latest-months
162015,Luleå Sol,11,Global Irradians (svenska stationer),"medelvärde 1 timma, varje timme",watt per kvadratmeter,2026-06-12T07:00:00Z,2026-06-12T09:00:00+02:00,1781247600000,,68.36,68.36,G,,latest-months
162015,Luleå Sol,11,Global Irradians (svenska stationer),"medelvärde 1 timma, varje timme",watt per kvadratmeter,2026-06-12T08:00:00Z,2026-06-12T10:00:00+02:00,1781251200000,,54.22,54.22,G,,latest-months
162015,Luleå Sol,11,Global Irradians (svenska stationer),"medelvärde 1 timma, varje timme",watt per kvadratmeter,2026-06-12T09:00:00Z,2026-06-12T11:00:00+02:00,1781254800000,,67.59,67.59,G,,latest-months
162015,Luleå Sol,11,Global Irradians (svenska stationer),"medelvärde 1 timma, varje timme",watt per kvadratmeter,2026-06-12T10:00:00Z,2026-06-12T12:00:00+02:00,1781258400000,,52.30,52.30,G,,latest-months
162015,Luleå Sol,11,Global Irradians (svenska stationer),"medelvärde 1 timma, varje timme",watt per kvadratmeter,2026-06-12T11:00:00Z,2026-06-12T13:00:00+02:00,1781262000000,,54.06,54.06,G,,latest-months
162015,Luleå Sol,11,Global Irradians (svenska stationer),"medelvärde 1 timma, varje timme",watt per kvadratmeter,2026-06-12T12:00:00Z,2026-06-12T14:00:00+02:00,1781265600000,,52.71,52.71,G,,latest-months
162015,Luleå Sol,11,Global Irradians (svenska stationer),"medelvärde 1 timma, varje timme",watt per kvadratmeter,2026-06-12T13:00:00Z,2026-06-12T15:00:00+02:00,1781269200000,,35.89,35.89,G,,latest-months
162015,Luleå Sol,11,Global Irradians (svenska stationer),"medelvärde 1 timma, varje timme",watt per kvadratmeter,2026-06-12T14:00:00Z,2026-06-12T16:00:00+02:00,1781272800000,,37.25,37.25,G,,latest-months
162015,Luleå Sol,11,Global Irradians (svenska stationer),"medelvärde 1 timma, varje timme",watt per kvadratmeter,2026-06-12T15:00:00Z,2026-06-12T17:00:00+02:00,1781276400000,,38.38,38.38,G,,latest-months
162015,Luleå Sol,11,Global Irradians (svenska stationer),"medelvärde 1 timma, varje timme",watt per kvadratmeter,2026-06-12T16:00:00Z,2026-06-12T18:00:00+02:00,1781280000000,,50.54,50.54,G,,latest-months
162015,Luleå Sol,11,Global Irradians (svenska stationer),"medelvärde 1 timma, varje timme",watt per kvadratmeter,2026-06-12T17:00:00Z,2026-06-12T19:00:00+02:00,1781283600000,,71.84,71.84,G,,latest-months
162015,Luleå Sol,11,Global Irradians (svenska stationer),"medelvärde 1 timma, varje timme",watt per kvadratmeter,2026-06-12T18:00:00Z,2026-06-12T20:00:00+02:00,1781287200000,,41.23,41.23,G,,latest-months
162015,Luleå Sol,11,Global Irradians (svenska stationer),"medelvärde 1 timma, varje timme",watt per kvadratmeter,2026-06-12T19:00:00Z,2026-06-12T21:00:00+02:00,1781290800000,,35.49,35.49,G,,latest-months
162015,Luleå Sol,11,Global Irradians (svenska stationer),"medelvärde 1 timma, varje timme",watt per kvadratmeter,2026-06-12T20:00:00Z,2026-06-12T22:00:00+02:00,1781294400000,,26.09,26.09,G,,latest-months
162015,Luleå Sol,11,Global Irradians (svenska stationer),"medelvärde 1 timma, varje timme",watt per kvadratmeter,2026-06-12T21:00:00Z,2026-06-12T23:00:00+02:00,1781298000000,,13.23,13.23,G,,latest-months
162015,Luleå Sol,11,Global Irradians (svenska stationer),"medelvärde 1 timma, varje timme",watt per kvadratmeter,2026-06-12T22:00:00Z,2026-06-13T00:00:00+02:00,1781301600000,,6.18,6.18,G,,latest-months
162015,Luleå Sol,11,Global Irradians (svenska stationer),"medelvärde 1 timma, varje timme",watt per kvadratmeter,2026-06-12T23:00:00Z,2026-06-13T01:00:00+02:00,1781305200000,,5.79,5.79,G,,latest-months
162015,Luleå Sol,11,Global Irradians (svenska stationer),"medelvärde 1 timma, varje timme",watt per kvadratmeter,2026-06-13T00:00:00Z,2026-06-13T02:00:00+02:00,1781308800000,,6.73,6.73,G,,latest-months
162015,Luleå Sol,11,Global Irradians (svenska stationer),"medelvärde 1 timma, varje timme",watt per kvadratmeter,2026-06-13T01:00:00Z,2026-06-13T03:00:00+02:00,1781312400000,,22.84,22.84,G,,latest-months
162015,Luleå Sol,11,Global Irradians (svenska stationer),"medelvärde 1 timma, varje timme",watt per kvadratmeter,2026-06-13T02:00:00Z,2026-06-13T04:00:00+02:00,1781316000000,,64.16,64.16,G,,latest-months
162015,Luleå Sol,11,Global Irradians (svenska stationer),"medelvärde 1 timma, varje timme",watt per kvadratmeter,2026-06-13T03:00:00Z,2026-06-13T05:00:00+02:00,1781319600000,,92.95,92.95,G,,latest-months
162015,Luleå Sol,11,Global Irradians (svenska stationer),"medelvärde 1 timma, varje timme",watt per kvadratmeter,2026-06-13T04:00:00Z,2026-06-13T06:00:00+02:00,1781323200000,,210.43,210.43,G,,latest-months
162015,Luleå Sol,11,Global Irradians (svenska stationer),"medelvärde 1 timma, varje timme",watt per kvadratmeter,2026-06-13T05:00:00Z,2026-06-13T07:00:00+02:00,1781326800000,,322.22,322.22,G,,latest-months
162015,Luleå Sol,11,Global Irradians (svenska stationer),"medelvärde 1 timma, varje timme",watt per kvadratmeter,2026-06-13T06:00:00Z,2026-06-13T08:00:00+02:00,1781330400000,,423.37,423.37,G,,latest-months
162015,Luleå Sol,11,Global Irradians (svenska stationer),"medelvärde 1 timma, varje timme",watt per kvadratmeter,2026-06-13T07:00:00Z,2026-06-13T09:00:00+02:00,1781334000000,,523.57,523.57,G,,latest-months
162015,Luleå Sol,11,Global Irradians (svenska stationer),"medelvärde 1 timma, varje timme",watt per kvadratmeter,2026-06-13T08:00:00Z,2026-06-13T10:00:00+02:00,1781337600000,,618.70,618.70,G,,latest-months
162015,Luleå Sol,11,Global Irradians (svenska stationer),"medelvärde 1 timma, varje timme",watt per kvadratmeter,2026-06-13T09:00:00Z,2026-06-13T11:00:00+02:00,1781341200000,,689.17,689.17,G,,latest-months
162015,Luleå Sol,11,Global Irradians (svenska stationer),"medelvärde 1 timma, varje timme",watt per kvadratmeter,2026-06-13T10:00:00Z,2026-06-13T12:00:00+02:00,1781344800000,,735.75,735.75,G,,latest-months
162015,Luleå Sol,11,Global Irradians (svenska stationer),"medelvärde 1 timma, varje timme",watt per kvadratmeter,2026-06-13T11:00:00Z,2026-06-13T13:00:00+02:00,1781348400000,,748.62,748.62,G,,latest-months
162015,Luleå Sol,11,Global Irradians (svenska stationer),"medelvärde 1 timma, varje timme",watt per kvadratmeter,2026-06-13T12:00:00Z,2026-06-13T14:00:00+02:00,1781352000000,,736.51,736.51,G,,latest-months
162015,Luleå Sol,11,Global Irradians (svenska stationer),"medelvärde 1 timma, varje timme",watt per kvadratmeter,2026-06-13T13:00:00Z,2026-06-13T15:00:00+02:00,1781355600000,,671.44,671.44,G,,latest-months
162015,Luleå Sol,11,Global Irradians (svenska stationer),"medelvärde 1 timma, varje timme",watt per kvadratmeter,2026-06-13T14:00:00Z,2026-06-13T16:00:00+02:00,1781359200000,,606.07,606.07,G,,latest-months
162015,Luleå Sol,11,Global Irradians (svenska stationer),"medelvärde 1 timma, varje timme",watt per kvadratmeter,2026-06-13T15:00:00Z,2026-06-13T17:00:00+02:00,1781362800000,,521.40,521.40,G,,latest-months
162015,Luleå Sol,11,Global Irradians (svenska stationer),"medelvärde 1 timma, varje timme",watt per kvadratmeter,2026-06-13T16:00:00Z,2026-06-13T18:00:00+02:00,1781366400000,,290.28,290.28,G,,latest-months
162015,Luleå Sol,11,Global Irradians (svenska stationer),"medelvärde 1 timma, varje timme",watt per kvadratmeter,2026-06-13T17:00:00Z,2026-06-13T19:00:00+02:00,1781370000000,,230.06,230.06,G,,latest-months
162015,Luleå Sol,11,Global Irradians (svenska stationer),"medelvärde 1 timma, varje timme",watt per kvadratmeter,2026-06-13T18:00:00Z,2026-06-13T20:00:00+02:00,1781373600000,,172.68,172.68,G,,latest-months
162015,Luleå Sol,11,Global Irradians (svenska stationer),"medelvärde 1 timma, varje timme",watt per kvadratmeter,2026-06-13T19:00:00Z,2026-06-13T21:00:00+02:00,1781377200000,,132.23,132.23,G,,latest-months
162015,Luleå Sol,11,Global Irradians (svenska stationer),"medelvärde 1 timma, varje timme",watt per kvadratmeter,2026-06-13T20:00:00Z,2026-06-13T22:00:00+02:00,1781380800000,,44.18,44.18,G,,latest-months
162015,Luleå Sol,11,Global Irradians (svenska stationer),"medelvärde 1 timma, varje timme",watt per kvadratmeter,2026-06-13T21:00:00Z,2026-06-13T23:00:00+02:00,1781384400000,,21.23,21.23,G,,latest-months
162015,Luleå Sol,11,Global Irradians (svenska stationer),"medelvärde 1 timma, varje timme",watt per kvadratmeter,2026-06-13T22:00:00Z,2026-06-14T00:00:00+02:00,1781388000000,,7.29,7.29,G,,latest-months
162015,Luleå Sol,11,Global Irradians (svenska stationer),"medelvärde 1 timma, varje timme",watt per kvadratmeter,2026-06-13T23:00:00Z,2026-06-14T01:00:00+02:00,1781391600000,,6.93,6.93,G,,latest-months
162015,Luleå Sol,11,Global Irradians (svenska stationer),"medelvärde 1 timma, varje timme",watt per kvadratmeter,2026-06-14T00:00:00Z,2026-06-14T02:00:00+02:00,1781395200000,,8.16,8.16,G,,latest-months
162015,Luleå Sol,11,Global Irradians (svenska stationer),"medelvärde 1 timma, varje timme",watt per kvadratmeter,2026-06-14T01:00:00Z,2026-06-14T03:00:00+02:00,1781398800000,,13.45,13.45,G,,latest-months
162015,Luleå Sol,11,Global Irradians (svenska stationer),"medelvärde 1 timma, varje timme",watt per kvadratmeter,2026-06-14T02:00:00Z,2026-06-14T04:00:00+02:00,1781402400000,,20.95,20.95,G,,latest-months
162015,Luleå Sol,11,Global Irradians (svenska stationer),"medelvärde 1 timma, varje timme",watt per kvadratmeter,2026-06-14T03:00:00Z,2026-06-14T05:00:00+02:00,1781406000000,,61.81,61.81,G,,latest-months
162015,Luleå Sol,11,Global Irradians (svenska stationer),"medelvärde 1 timma, varje timme",watt per kvadratmeter,2026-06-14T04:00:00Z,2026-06-14T06:00:00+02:00,1781409600000,,67.77,67.77,G,,latest-months
162015,Luleå Sol,11,Global Irradians (svenska stationer),"medelvärde 1 timma, varje timme",watt per kvadratmeter,2026-06-14T05:00:00Z,2026-06-14T07:00:00+02:00,1781413200000,,78.57,78.57,G,,latest-months
162015,Luleå Sol,11,Global Irradians (svenska stationer),"medelvärde 1 timma, varje timme",watt per kvadratmeter,2026-06-14T06:00:00Z,2026-06-14T08:00:00+02:00,1781416800000,,120.32,120.32,G,,latest-months
162015,Luleå Sol,11,Global Irradians (svenska stationer),"medelvärde 1 timma, varje timme",watt per kvadratmeter,2026-06-14T07:00:00Z,2026-06-14T09:00:00+02:00,1781420400000,,84.65,84.65,G,,latest-months
162015,Luleå Sol,11,Global Irradians (svenska stationer),"medelvärde 1 timma, varje timme",watt per kvadratmeter,2026-06-14T08:00:00Z,2026-06-14T10:00:00+02:00,1781424000000,,76.09,76.09,G,,latest-months
162015,Luleå Sol,11,Global Irradians (svenska stationer),"medelvärde 1 timma, varje timme",watt per kvadratmeter,2026-06-14T09:00:00Z,2026-06-14T11:00:00+02:00,1781427600000,,89.65,89.65,G,,latest-months
162015,Luleå Sol,11,Global Irradians (svenska stationer),"medelvärde 1 timma, varje timme",watt per kvadratmeter,2026-06-14T10:00:00Z,2026-06-14T12:00:00+02:00,1781431200000,,108.66,108.66,G,,latest-months
162015,Luleå Sol,11,Global Irradians (svenska stationer),"medelvärde 1 timma, varje timme",watt per kvadratmeter,2026-06-14T11:00:00Z,2026-06-14T13:00:00+02:00,1781434800000,,88.31,88.31,G,,latest-months
162015,Luleå Sol,11,Global Irradians (svenska stationer),"medelvärde 1 timma, varje timme",watt per kvadratmeter,2026-06-14T12:00:00Z,2026-06-14T14:00:00+02:00,1781438400000,,78.38,78.38,G,,latest-months
162015,Luleå Sol,11,Global Irradians (svenska stationer),"medelvärde 1 timma, varje timme",watt per kvadratmeter,2026-06-14T13:00:00Z,2026-06-14T15:00:00+02:00,1781442000000,,54.79,54.79,G,,latest-months
162015,Luleå Sol,11,Global Irradians (svenska stationer),"medelvärde 1 timma, varje timme",watt per kvadratmeter,2026-06-14T14:00:00Z,2026-06-14T16:00:00+02:00,1781445600000,,54.67,54.67,G,,latest-months
162015,Luleå Sol,11,Global Irradians (svenska stationer),"medelvärde 1 timma, varje timme",watt per kvadratmeter,2026-06-14T15:00:00Z,2026-06-14T17:00:00+02:00,1781449200000,,37.98,37.98,G,,latest-months
162015,Luleå Sol,11,Global Irradians (svenska stationer),"medelvärde 1 timma, varje timme",watt per kvadratmeter,2026-06-14T16:00:00Z,2026-06-14T18:00:00+02:00,1781452800000,,30.60,30.60,G,,latest-months
162015,Luleå Sol,11,Global Irradians (svenska stationer),"medelvärde 1 timma, varje timme",watt per kvadratmeter,2026-06-14T17:00:00Z,2026-06-14T19:00:00+02:00,1781456400000,,18.80,18.80,G,,latest-months
162015,Luleå Sol,11,Global Irradians (svenska stationer),"medelvärde 1 timma, varje timme",watt per kvadratmeter,2026-06-14T18:00:00Z,2026-06-14T20:00:00+02:00,1781460000000,,11.61,11.61,G,,latest-months
162015,Luleå Sol,11,Global Irradians (svenska stationer),"medelvärde 1 timma, varje timme",watt per kvadratmeter,2026-06-14T19:00:00Z,2026-06-14T21:00:00+02:00,1781463600000,,8.55,8.55,G,,latest-months
162015,Luleå Sol,11,Global Irradians (svenska stationer),"medelvärde 1 timma, varje timme",watt per kvadratmeter,2026-06-14T20:00:00Z,2026-06-14T22:00:00+02:00,1781467200000,,5.63,5.63,G,,latest-months
162015,Luleå Sol,11,Global Irradians (svenska stationer),"medelvärde 1 timma, varje timme",watt per kvadratmeter,2026-06-14T21:00:00Z,2026-06-14T23:00:00+02:00,1781470800000,,3.09,3.09,G,,latest-months
162015,Luleå Sol,11,Global Irradians (svenska stationer),"medelvärde 1 timma, varje timme",watt per kvadratmeter,2026-06-14T22:00:00Z,2026-06-15T00:00:00+02:00,1781474400000,,0.61,0.61,G,,latest-months
162015,Luleå Sol,11,Global Irradians (svenska stationer),"medelvärde 1 timma, varje timme",watt per kvadratmeter,2026-06-14T23:00:00Z,2026-06-15T01:00:00+02:00,1781478000000,,0.27,0.27,G,,latest-months
162015,Luleå Sol,11,Global Irradians (svenska stationer),"medelvärde 1 timma, varje timme",watt per kvadratmeter,2026-06-15T00:00:00Z,2026-06-15T02:00:00+02:00,1781481600000,,0.92,0.92,G,,latest-months
162015,Luleå Sol,11,Global Irradians (svenska stationer),"medelvärde 1 timma, varje timme",watt per kvadratmeter,2026-06-15T01:00:00Z,2026-06-15T03:00:00+02:00,1781485200000,,1.58,1.58,G,,latest-months
162015,Luleå Sol,11,Global Irradians (svenska stationer),"medelvärde 1 timma, varje timme",watt per kvadratmeter,2026-06-15T02:00:00Z,2026-06-15T04:00:00+02:00,1781488800000,,2.92,2.92,G,,latest-months
162015,Luleå Sol,11,Global Irradians (svenska stationer),"medelvärde 1 timma, varje timme",watt per kvadratmeter,2026-06-15T03:00:00Z,2026-06-15T05:00:00+02:00,1781492400000,,5.83,5.83,G,,latest-months
162015,Luleå Sol,11,Global Irradians (svenska stationer),"medelvärde 1 timma, varje timme",watt per kvadratmeter,2026-06-15T04:00:00Z,2026-06-15T06:00:00+02:00,1781496000000,,21.59,21.59,G,,latest-months
162015,Luleå Sol,11,Global Irradians (svenska stationer),"medelvärde 1 timma, varje timme",watt per kvadratmeter,2026-06-15T05:00:00Z,2026-06-15T07:00:00+02:00,1781499600000,,30.26,30.26,G,,latest-months
162015,Luleå Sol,11,Global Irradians (svenska stationer),"medelvärde 1 timma, varje timme",watt per kvadratmeter,2026-06-15T06:00:00Z,2026-06-15T08:00:00+02:00,1781503200000,,47.90,47.90,G,,latest-months
162015,Luleå Sol,11,Global Irradians (svenska stationer),"medelvärde 1 timma, varje timme",watt per kvadratmeter,2026-06-15T07:00:00Z,2026-06-15T09:00:00+02:00,1781506800000,,63.60,63.60,G,,latest-months
162015,Luleå Sol,11,Global Irradians (svenska stationer),"medelvärde 1 timma, varje timme",watt per kvadratmeter,2026-06-15T08:00:00Z,2026-06-15T10:00:00+02:00,1781510400000,,70.60,70.60,G,,latest-months
162015,Luleå Sol,11,Global Irradians (svenska stationer),"medelvärde 1 timma, varje timme",watt per kvadratmeter,2026-06-15T09:00:00Z,2026-06-15T11:00:00+02:00,1781514000000,,105.13,105.13,G,,latest-months
162015,Luleå Sol,11,Global Irradians (svenska stationer),"medelvärde 1 timma, varje timme",watt per kvadratmeter,2026-06-15T10:00:00Z,2026-06-15T12:00:00+02:00,1781517600000,,119.47,119.47,G,,latest-months
162015,Luleå Sol,11,Global Irradians (svenska stationer),"medelvärde 1 timma, varje timme",watt per kvadratmeter,2026-06-15T11:00:00Z,2026-06-15T13:00:00+02:00,1781521200000,,100.25,100.25,G,,latest-months
162015,Luleå Sol,11,Global Irradians (svenska stationer),"medelvärde 1 timma, varje timme",watt per kvadratmeter,2026-06-15T12:00:00Z,2026-06-15T14:00:00+02:00,1781524800000,,118.00,118.00,G,,latest-months
162015,Luleå Sol,11,Global Irradians (svenska stationer),"medelvärde 1 timma, varje timme",watt per kvadratmeter,2026-06-15T13:00:00Z,2026-06-15T15:00:00+02:00,1781528400000,,142.88,142.88,G,,latest-months
162015,Luleå Sol,11,Global Irradians (svenska stationer),"medelvärde 1 timma, varje timme",watt per kvadratmeter,2026-06-15T14:00:00Z,2026-06-15T16:00:00+02:00,1781532000000,,122.93,122.93,G,,latest-months
162015,Luleå Sol,11,Global Irradians (svenska stationer),"medelvärde 1 timma, varje timme",watt per kvadratmeter,2026-06-15T15:00:00Z,2026-06-15T17:00:00+02:00,1781535600000,,90.89,90.89,G,,latest-months
162015,Luleå Sol,11,Global Irradians (svenska stationer),"medelvärde 1 timma, varje timme",watt per kvadratmeter,2026-06-15T16:00:00Z,2026-06-15T18:00:00+02:00,1781539200000,,122.86,122.86,G,,latest-months
162015,Luleå Sol,11,Global Irradians (svenska stationer),"medelvärde 1 timma, varje timme",watt per kvadratmeter,2026-06-15T17:00:00Z,2026-06-15T19:00:00+02:00,1781542800000,,81.65,81.65,G,,latest-months
162015,Luleå Sol,11,Global Irradians (svenska stationer),"medelvärde 1 timma, varje timme",watt per kvadratmeter,2026-06-15T18:00:00Z,2026-06-15T20:00:00+02:00,1781546400000,,45.60,45.60,G,,latest-months
162015,Luleå Sol,11,Global Irradians (svenska stationer),"medelvärde 1 timma, varje timme",watt per kvadratmeter,2026-06-15T19:00:00Z,2026-06-15T21:00:00+02:00,1781550000000,,24.88,24.88,G,,latest-months
162015,Luleå Sol,11,Global Irradians (svenska stationer),"medelvärde 1 timma, varje timme",watt per kvadratmeter,2026-06-15T20:00:00Z,2026-06-15T22:00:00+02:00,1781553600000,,10.43,10.43,G,,latest-months
162015,Luleå Sol,11,Global Irradians (svenska stationer),"medelvärde 1 timma, varje timme",watt per kvadratmeter,2026-06-15T21:00:00Z,2026-06-15T23:00:00+02:00,1781557200000,,7.58,7.58,G,,latest-months
162015,Luleå Sol,11,Global Irradians (svenska stationer),"medelvärde 1 timma, varje timme",watt per kvadratmeter,2026-06-15T22:00:00Z,2026-06-16T00:00:00+02:00,1781560800000,,4.89,4.89,G,,latest-months
162015,Luleå Sol,11,Global Irradians (svenska stationer),"medelvärde 1 timma, varje timme",watt per kvadratmeter,2026-06-15T23:00:00Z,2026-06-16T01:00:00+02:00,1781564400000,,2.95,2.95,G,,latest-months
162015,Luleå Sol,11,Global Irradians (svenska stationer),"medelvärde 1 timma, varje timme",watt per kvadratmeter,2026-06-16T00:00:00Z,2026-06-16T02:00:00+02:00,1781568000000,,4.40,4.40,G,,latest-months
162015,Luleå Sol,11,Global Irradians (svenska stationer),"medelvärde 1 timma, varje timme",watt per kvadratmeter,2026-06-16T01:00:00Z,2026-06-16T03:00:00+02:00,1781571600000,,10.79,10.79,G,,latest-months
162015,Luleå Sol,11,Global Irradians (svenska stationer),"medelvärde 1 timma, varje timme",watt per kvadratmeter,2026-06-16T02:00:00Z,2026-06-16T04:00:00+02:00,1781575200000,,30.93,30.93,G,,latest-months
162015,Luleå Sol,11,Global Irradians (svenska stationer),"medelvärde 1 timma, varje timme",watt per kvadratmeter,2026-06-16T03:00:00Z,2026-06-16T05:00:00+02:00,1781578800000,,63.00,63.00,G,,latest-months
162015,Luleå Sol,11,Global Irradians (svenska stationer),"medelvärde 1 timma, varje timme",watt per kvadratmeter,2026-06-16T04:00:00Z,2026-06-16T06:00:00+02:00,1781582400000,,138.58,138.58,G,,latest-months
162015,Luleå Sol,11,Global Irradians (svenska stationer),"medelvärde 1 timma, varje timme",watt per kvadratmeter,2026-06-16T05:00:00Z,2026-06-16T07:00:00+02:00,1781586000000,,163.25,163.25,G,,latest-months
162015,Luleå Sol,11,Global Irradians (svenska stationer),"medelvärde 1 timma, varje timme",watt per kvadratmeter,2026-06-16T06:00:00Z,2026-06-16T08:00:00+02:00,1781589600000,,258.15,258.15,G,,latest-months
162015,Luleå Sol,11,Global Irradians (svenska stationer),"medelvärde 1 timma, varje timme",watt per kvadratmeter,2026-06-16T07:00:00Z,2026-06-16T09:00:00+02:00,1781593200000,,333.74,333.74,G,,latest-months
162015,Luleå Sol,11,Global Irradians (svenska stationer),"medelvärde 1 timma, varje timme",watt per kvadratmeter,2026-06-16T08:00:00Z,2026-06-16T10:00:00+02:00,1781596800000,,368.70,368.70,G,,latest-months
162015,Luleå Sol,11,Global Irradians (svenska stationer),"medelvärde 1 timma, varje timme",watt per kvadratmeter,2026-06-16T09:00:00Z,2026-06-16T11:00:00+02:00,1781600400000,,361.67,361.67,G,,latest-months
162015,Luleå Sol,11,Global Irradians (svenska stationer),"medelvärde 1 timma, varje timme",watt per kvadratmeter,2026-06-16T10:00:00Z,2026-06-16T12:00:00+02:00,1781604000000,,214.68,214.68,G,,latest-months
162015,Luleå Sol,11,Global Irradians (svenska stationer),"medelvärde 1 timma, varje timme",watt per kvadratmeter,2026-06-16T11:00:00Z,2026-06-16T13:00:00+02:00,1781607600000,,208.00,208.00,G,,latest-months
162015,Luleå Sol,11,Global Irradians (svenska stationer),"medelvärde 1 timma, varje timme",watt per kvadratmeter,2026-06-16T12:00:00Z,2026-06-16T14:00:00+02:00,1781611200000,,191.17,191.17,G,,latest-months
162015,Luleå Sol,11,Global Irradians (svenska stationer),"medelvärde 1 timma, varje timme",watt per kvadratmeter,2026-06-16T13:00:00Z,2026-06-16T15:00:00+02:00,1781614800000,,220.92,220.92,G,,latest-months
162015,Luleå Sol,11,Global Irradians (svenska stationer),"medelvärde 1 timma, varje timme",watt per kvadratmeter,2026-06-16T14:00:00Z,2026-06-16T16:00:00+02:00,1781618400000,,293.06,293.06,G,,latest-months
162015,Luleå Sol,11,Global Irradians (svenska stationer),"medelvärde 1 timma, varje timme",watt per kvadratmeter,2026-06-16T15:00:00Z,2026-06-16T17:00:00+02:00,1781622000000,,324.31,324.31,G,,latest-months
162015,Luleå Sol,11,Global Irradians (svenska stationer),"medelvärde 1 timma, varje timme",watt per kvadratmeter,2026-06-16T16:00:00Z,2026-06-16T18:00:00+02:00,1781625600000,,190.40,190.40,G,,latest-months
162015,Luleå Sol,11,Global Irradians (svenska stationer),"medelvärde 1 timma, varje timme",watt per kvadratmeter,2026-06-16T17:00:00Z,2026-06-16T19:00:00+02:00,1781629200000,,105.32,105.32,G,,latest-months
162015,Luleå Sol,11,Global Irradians (svenska stationer),"medelvärde 1 timma, varje timme",watt per kvadratmeter,2026-06-16T18:00:00Z,2026-06-16T20:00:00+02:00,1781632800000,,57.27,57.27,G,,latest-months
162015,Luleå Sol,11,Global Irradians (svenska stationer),"medelvärde 1 timma, varje timme",watt per kvadratmeter,2026-06-16T19:00:00Z,2026-06-16T21:00:00+02:00,1781636400000,,32.43,32.43,G,,latest-months
162015,Luleå Sol,11,Global Irradians (svenska stationer),"medelvärde 1 timma, varje timme",watt per kvadratmeter,2026-06-16T20:00:00Z,2026-06-16T22:00:00+02:00,1781640000000,,12.99,12.99,G,,latest-months
162015,Luleå Sol,11,Global Irradians (svenska stationer),"medelvärde 1 timma, varje timme",watt per kvadratmeter,2026-06-16T21:00:00Z,2026-06-16T23:00:00+02:00,1781643600000,,4.53,4.53,G,,latest-months
162015,Luleå Sol,11,Global Irradians (svenska stationer),"medelvärde 1 timma, varje timme",watt per kvadratmeter,2026-06-16T22:00:00Z,2026-06-17T00:00:00+02:00,1781647200000,,0.87,0.87,G,,latest-months
162015,Luleå Sol,11,Global Irradians (svenska stationer),"medelvärde 1 timma, varje timme",watt per kvadratmeter,2026-06-16T23:00:00Z,2026-06-17T01:00:00+02:00,1781650800000,,0.60,0.60,G,,latest-months
162015,Luleå Sol,11,Global Irradians (svenska stationer),"medelvärde 1 timma, varje timme",watt per kvadratmeter,2026-06-17T00:00:00Z,2026-06-17T02:00:00+02:00,1781654400000,,2.04,2.04,G,,latest-months
162015,Luleå Sol,11,Global Irradians (svenska stationer),"medelvärde 1 timma, varje timme",watt per kvadratmeter,2026-06-17T01:00:00Z,2026-06-17T03:00:00+02:00,1781658000000,,5.04,5.04,G,,latest-months
162015,Luleå Sol,11,Global Irradians (svenska stationer),"medelvärde 1 timma, varje timme",watt per kvadratmeter,2026-06-17T02:00:00Z,2026-06-17T04:00:00+02:00,1781661600000,,17.11,17.11,G,,latest-months
162015,Luleå Sol,11,Global Irradians (svenska stationer),"medelvärde 1 timma, varje timme",watt per kvadratmeter,2026-06-17T03:00:00Z,2026-06-17T05:00:00+02:00,1781665200000,,34.77,34.77,G,,latest-months
162015,Luleå Sol,11,Global Irradians (svenska stationer),"medelvärde 1 timma, varje timme",watt per kvadratmeter,2026-06-17T04:00:00Z,2026-06-17T06:00:00+02:00,1781668800000,,41.26,41.26,G,,latest-months
162015,Luleå Sol,11,Global Irradians (svenska stationer),"medelvärde 1 timma, varje timme",watt per kvadratmeter,2026-06-17T05:00:00Z,2026-06-17T07:00:00+02:00,1781672400000,,85.17,85.17,G,,latest-months
162015,Luleå Sol,11,Global Irradians (svenska stationer),"medelvärde 1 timma, varje timme",watt per kvadratmeter,2026-06-17T06:00:00Z,2026-06-17T08:00:00+02:00,1781676000000,,148.87,148.87,G,,latest-months
162015,Luleå Sol,11,Global Irradians (svenska stationer),"medelvärde 1 timma, varje timme",watt per kvadratmeter,2026-06-17T07:00:00Z,2026-06-17T09:00:00+02:00,1781679600000,,293.89,293.89,G,,latest-months
162015,Luleå Sol,11,Global Irradians (svenska stationer),"medelvärde 1 timma, varje timme",watt per kvadratmeter,2026-06-17T08:00:00Z,2026-06-17T10:00:00+02:00,1781683200000,,344.30,344.30,G,,latest-months
162015,Luleå Sol,11,Global Irradians (svenska stationer),"medelvärde 1 timma, varje timme",watt per kvadratmeter,2026-06-17T09:00:00Z,2026-06-17T11:00:00+02:00,1781686800000,,231.34,231.34,G,,latest-months
162015,Luleå Sol,11,Global Irradians (svenska stationer),"medelvärde 1 timma, varje timme",watt per kvadratmeter,2026-06-17T10:00:00Z,2026-06-17T12:00:00+02:00,1781690400000,,257.78,257.78,G,,latest-months
162015,Luleå Sol,11,Global Irradians (svenska stationer),"medelvärde 1 timma, varje timme",watt per kvadratmeter,2026-06-17T11:00:00Z,2026-06-17T13:00:00+02:00,1781694000000,,377.53,377.53,G,,latest-months
162015,Luleå Sol,11,Global Irradians (svenska stationer),"medelvärde 1 timma, varje timme",watt per kvadratmeter,2026-06-17T12:00:00Z,2026-06-17T14:00:00+02:00,1781697600000,,641.63,641.63,G,,latest-months
162015,Luleå Sol,11,Global Irradians (svenska stationer),"medelvärde 1 timma, varje timme",watt per kvadratmeter,2026-06-17T13:00:00Z,2026-06-17T15:00:00+02:00,1781701200000,,705.43,705.43,G,,latest-months
162015,Luleå Sol,11,Global Irradians (svenska stationer),"medelvärde 1 timma, varje timme",watt per kvadratmeter,2026-06-17T14:00:00Z,2026-06-17T16:00:00+02:00,1781704800000,,634.89,634.89,G,,latest-months
162015,Luleå Sol,11,Global Irradians (svenska stationer),"medelvärde 1 timma, varje timme",watt per kvadratmeter,2026-06-17T15:00:00Z,2026-06-17T17:00:00+02:00,1781708400000,,544.48,544.48,G,,latest-months
162015,Luleå Sol,11,Global Irradians (svenska stationer),"medelvärde 1 timma, varje timme",watt per kvadratmeter,2026-06-17T16:00:00Z,2026-06-17T18:00:00+02:00,1781712000000,,443.09,443.09,G,,latest-months
162015,Luleå Sol,11,Global Irradians (svenska stationer),"medelvärde 1 timma, varje timme",watt per kvadratmeter,2026-06-17T17:00:00Z,2026-06-17T19:00:00+02:00,1781715600000,,337.03,337.03,G,,latest-months
162015,Luleå Sol,11,Global Irradians (svenska stationer),"medelvärde 1 timma, varje timme",watt per kvadratmeter,2026-06-17T18:00:00Z,2026-06-17T20:00:00+02:00,1781719200000,,229.83,229.83,G,,latest-months
162015,Luleå Sol,11,Global Irradians (svenska stationer),"medelvärde 1 timma, varje timme",watt per kvadratmeter,2026-06-17T19:00:00Z,2026-06-17T21:00:00+02:00,1781722800000,,137.57,137.57,G,,latest-months
162015,Luleå Sol,11,Global Irradians (svenska stationer),"medelvärde 1 timma, varje timme",watt per kvadratmeter,2026-06-17T20:00:00Z,2026-06-17T22:00:00+02:00,1781726400000,,66.05,66.05,G,,latest-months
162015,Luleå Sol,11,Global Irradians (svenska stationer),"medelvärde 1 timma, varje timme",watt per kvadratmeter,2026-06-17T21:00:00Z,2026-06-17T23:00:00+02:00,1781730000000,,22.90,22.90,G,,latest-months
162015,Luleå Sol,11,Global Irradians (svenska stationer),"medelvärde 1 timma, varje timme",watt per kvadratmeter,2026-06-17T22:00:00Z,2026-06-18T00:00:00+02:00,1781733600000,,6.93,6.93,G,,latest-months
162015,Luleå Sol,11,Global Irradians (svenska stationer),"medelvärde 1 timma, varje timme",watt per kvadratmeter,2026-06-17T23:00:00Z,2026-06-18T01:00:00+02:00,1781737200000,,4.18,4.18,G,,latest-months
162015,Luleå Sol,11,Global Irradians (svenska stationer),"medelvärde 1 timma, varje timme",watt per kvadratmeter,2026-06-18T00:00:00Z,2026-06-18T02:00:00+02:00,1781740800000,,5.99,5.99,G,,latest-months
162015,Luleå Sol,11,Global Irradians (svenska stationer),"medelvärde 1 timma, varje timme",watt per kvadratmeter,2026-06-18T01:00:00Z,2026-06-18T03:00:00+02:00,1781744400000,,19.39,19.39,G,,latest-months
162015,Luleå Sol,11,Global Irradians (svenska stationer),"medelvärde 1 timma, varje timme",watt per kvadratmeter,2026-06-18T02:00:00Z,2026-06-18T04:00:00+02:00,1781748000000,,60.27,60.27,G,,latest-months
162015,Luleå Sol,11,Global Irradians (svenska stationer),"medelvärde 1 timma, varje timme",watt per kvadratmeter,2026-06-18T03:00:00Z,2026-06-18T05:00:00+02:00,1781751600000,,129.43,129.43,G,,latest-months
162015,Luleå Sol,11,Global Irradians (svenska stationer),"medelvärde 1 timma, varje timme",watt per kvadratmeter,2026-06-18T04:00:00Z,2026-06-18T06:00:00+02:00,1781755200000,,222.80,222.80,G,,latest-months
162015,Luleå Sol,11,Global Irradians (svenska stationer),"medelvärde 1 timma, varje timme",watt per kvadratmeter,2026-06-18T05:00:00Z,2026-06-18T07:00:00+02:00,1781758800000,,326.22,326.22,G,,latest-months
162015,Luleå Sol,11,Global Irradians (svenska stationer),"medelvärde 1 timma, varje timme",watt per kvadratmeter,2026-06-18T06:00:00Z,2026-06-18T08:00:00+02:00,1781762400000,,436.72,436.72,G,,latest-months
162015,Luleå Sol,11,Global Irradians (svenska stationer),"medelvärde 1 timma, varje timme",watt per kvadratmeter,2026-06-18T07:00:00Z,2026-06-18T09:00:00+02:00,1781766000000,,532.28,532.28,G,,latest-months
162015,Luleå Sol,11,Global Irradians (svenska stationer),"medelvärde 1 timma, varje timme",watt per kvadratmeter,2026-06-18T08:00:00Z,2026-06-18T10:00:00+02:00,1781769600000,,625.34,625.34,G,,latest-months
162015,Luleå Sol,11,Global Irradians (svenska stationer),"medelvärde 1 timma, varje timme",watt per kvadratmeter,2026-06-18T09:00:00Z,2026-06-18T11:00:00+02:00,1781773200000,,678.75,678.75,G,,latest-months
162015,Luleå Sol,11,Global Irradians (svenska stationer),"medelvärde 1 timma, varje timme",watt per kvadratmeter,2026-06-18T10:00:00Z,2026-06-18T12:00:00+02:00,1781776800000,,687.60,687.60,G,,latest-months
162015,Luleå Sol,11,Global Irradians (svenska stationer),"medelvärde 1 timma, varje timme",watt per kvadratmeter,2026-06-18T11:00:00Z,2026-06-18T13:00:00+02:00,1781780400000,,581.48,581.48,G,,latest-months
162015,Luleå Sol,11,Global Irradians (svenska stationer),"medelvärde 1 timma, varje timme",watt per kvadratmeter,2026-06-18T12:00:00Z,2026-06-18T14:00:00+02:00,1781784000000,,604.68,604.68,G,,latest-months
162015,Luleå Sol,11,Global Irradians (svenska stationer),"medelvärde 1 timma, varje timme",watt per kvadratmeter,2026-06-18T13:00:00Z,2026-06-18T15:00:00+02:00,1781787600000,,724.23,724.23,G,,latest-months
162015,Luleå Sol,11,Global Irradians (svenska stationer),"medelvärde 1 timma, varje timme",watt per kvadratmeter,2026-06-18T14:00:00Z,2026-06-18T16:00:00+02:00,1781791200000,,631.26,631.26,G,,latest-months
162015,Luleå Sol,11,Global Irradians (svenska stationer),"medelvärde 1 timma, varje timme",watt per kvadratmeter,2026-06-18T15:00:00Z,2026-06-18T17:00:00+02:00,1781794800000,,532.39,532.39,G,,latest-months
162015,Luleå Sol,11,Global Irradians (svenska stationer),"medelvärde 1 timma, varje timme",watt per kvadratmeter,2026-06-18T16:00:00Z,2026-06-18T18:00:00+02:00,1781798400000,,365.40,365.40,G,,latest-months
162015,Luleå Sol,11,Global Irradians (svenska stationer),"medelvärde 1 timma, varje timme",watt per kvadratmeter,2026-06-18T17:00:00Z,2026-06-18T19:00:00+02:00,1781802000000,,253.21,253.21,G,,latest-months
162015,Luleå Sol,11,Global Irradians (svenska stationer),"medelvärde 1 timma, varje timme",watt per kvadratmeter,2026-06-18T18:00:00Z,2026-06-18T20:00:00+02:00,1781805600000,,149.14,149.14,G,,latest-months
162015,Luleå Sol,11,Global Irradians (svenska stationer),"medelvärde 1 timma, varje timme",watt per kvadratmeter,2026-06-18T19:00:00Z,2026-06-18T21:00:00+02:00,1781809200000,,61.33,61.33,G,,latest-months
162015,Luleå Sol,11,Global Irradians (svenska stationer),"medelvärde 1 timma, varje timme",watt per kvadratmeter,2026-06-18T20:00:00Z,2026-06-18T22:00:00+02:00,1781812800000,,49.96,49.96,G,,latest-months
162015,Luleå Sol,11,Global Irradians (svenska stationer),"medelvärde 1 timma, varje timme",watt per kvadratmeter,2026-06-18T21:00:00Z,2026-06-18T23:00:00+02:00,1781816400000,,19.44,19.44,G,,latest-months
162015,Luleå Sol,11,Global Irradians (svenska stationer),"medelvärde 1 timma, varje timme",watt per kvadratmeter,2026-06-18T22:00:00Z,2026-06-19T00:00:00+02:00,1781820000000,,5.21,5.21,G,,latest-months
162015,Luleå Sol,11,Global Irradians (svenska stationer),"medelvärde 1 timma, varje timme",watt per kvadratmeter,2026-06-18T23:00:00Z,2026-06-19T01:00:00+02:00,1781823600000,,2.81,2.81,G,,latest-months
162015,Luleå Sol,11,Global Irradians (svenska stationer),"medelvärde 1 timma, varje timme",watt per kvadratmeter,2026-06-19T00:00:00Z,2026-06-19T02:00:00+02:00,1781827200000,,4.95,4.95,G,,latest-months
162015,Luleå Sol,11,Global Irradians (svenska stationer),"medelvärde 1 timma, varje timme",watt per kvadratmeter,2026-06-19T01:00:00Z,2026-06-19T03:00:00+02:00,1781830800000,,14.48,14.48,G,,latest-months
162015,Luleå Sol,11,Global Irradians (svenska stationer),"medelvärde 1 timma, varje timme",watt per kvadratmeter,2026-06-19T02:00:00Z,2026-06-19T04:00:00+02:00,1781834400000,,31.44,31.44,G,,latest-months
162015,Luleå Sol,11,Global Irradians (svenska stationer),"medelvärde 1 timma, varje timme",watt per kvadratmeter,2026-06-19T03:00:00Z,2026-06-19T05:00:00+02:00,1781838000000,,66.49,66.49,G,,latest-months
162015,Luleå Sol,11,Global Irradians (svenska stationer),"medelvärde 1 timma, varje timme",watt per kvadratmeter,2026-06-19T04:00:00Z,2026-06-19T06:00:00+02:00,1781841600000,,142.92,142.92,G,,latest-months
162015,Luleå Sol,11,Global Irradians (svenska stationer),"medelvärde 1 timma, varje timme",watt per kvadratmeter,2026-06-19T05:00:00Z,2026-06-19T07:00:00+02:00,1781845200000,,262.46,262.46,G,,latest-months
162015,Luleå Sol,11,Global Irradians (svenska stationer),"medelvärde 1 timma, varje timme",watt per kvadratmeter,2026-06-19T06:00:00Z,2026-06-19T08:00:00+02:00,1781848800000,,324.32,324.32,G,,latest-months
162015,Luleå Sol,11,Global Irradians (svenska stationer),"medelvärde 1 timma, varje timme",watt per kvadratmeter,2026-06-19T07:00:00Z,2026-06-19T09:00:00+02:00,1781852400000,,212.03,212.03,G,,latest-months
162015,Luleå Sol,11,Global Irradians (svenska stationer),"medelvärde 1 timma, varje timme",watt per kvadratmeter,2026-06-19T08:00:00Z,2026-06-19T10:00:00+02:00,1781856000000,,462.49,462.49,G,,latest-months
162015,Luleå Sol,11,Global Irradians (svenska stationer),"medelvärde 1 timma, varje timme",watt per kvadratmeter,2026-06-19T09:00:00Z,2026-06-19T11:00:00+02:00,1781859600000,,634.10,634.10,G,,latest-months
162015,Luleå Sol,11,Global Irradians (svenska stationer),"medelvärde 1 timma, varje timme",watt per kvadratmeter,2026-06-19T10:00:00Z,2026-06-19T12:00:00+02:00,1781863200000,,745.12,745.12,G,,latest-months
162015,Luleå Sol,11,Global Irradians (svenska stationer),"medelvärde 1 timma, varje timme",watt per kvadratmeter,2026-06-19T11:00:00Z,2026-06-19T13:00:00+02:00,1781866800000,,587.25,587.25,G,,latest-months
162015,Luleå Sol,11,Global Irradians (svenska stationer),"medelvärde 1 timma, varje timme",watt per kvadratmeter,2026-06-19T12:00:00Z,2026-06-19T14:00:00+02:00,1781870400000,,688.23,688.23,G,,latest-months
162015,Luleå Sol,11,Global Irradians (svenska stationer),"medelvärde 1 timma, varje timme",watt per kvadratmeter,2026-06-19T13:00:00Z,2026-06-19T15:00:00+02:00,1781874000000,,701.98,701.98,G,,latest-months
162015,Luleå Sol,11,Global Irradians (svenska stationer),"medelvärde 1 timma, varje timme",watt per kvadratmeter,2026-06-19T14:00:00Z,2026-06-19T16:00:00+02:00,1781877600000,,631.57,631.57,G,,latest-months
162015,Luleå Sol,11,Global Irradians (svenska stationer),"medelvärde 1 timma, varje timme",watt per kvadratmeter,2026-06-19T15:00:00Z,2026-06-19T17:00:00+02:00,1781881200000,,540.32,540.32,G,,latest-months
162015,Luleå Sol,11,Global Irradians (svenska stationer),"medelvärde 1 timma, varje timme",watt per kvadratmeter,2026-06-19T16:00:00Z,2026-06-19T18:00:00+02:00,1781884800000,,369.56,369.56,G,,latest-months
162015,Luleå Sol,11,Global Irradians (svenska stationer),"medelvärde 1 timma, varje timme",watt per kvadratmeter,2026-06-19T17:00:00Z,2026-06-19T19:00:00+02:00,1781888400000,,239.46,239.46,G,,latest-months
162015,Luleå Sol,11,Global Irradians (svenska stationer),"medelvärde 1 timma, varje timme",watt per kvadratmeter,2026-06-19T18:00:00Z,2026-06-19T20:00:00+02:00,1781892000000,,267.84,267.84,G,,latest-months
162015,Luleå Sol,11,Global Irradians (svenska stationer),"medelvärde 1 timma, varje timme",watt per kvadratmeter,2026-06-19T19:00:00Z,2026-06-19T21:00:00+02:00,1781895600000,,98.95,98.95,G,,latest-months
162015,Luleå Sol,11,Global Irradians (svenska stationer),"medelvärde 1 timma, varje timme",watt per kvadratmeter,2026-06-19T20:00:00Z,2026-06-19T22:00:00+02:00,1781899200000,,28.43,28.43,G,,latest-months
162015,Luleå Sol,11,Global Irradians (svenska stationer),"medelvärde 1 timma, varje timme",watt per kvadratmeter,2026-06-19T21:00:00Z,2026-06-19T23:00:00+02:00,1781902800000,,13.90,13.90,G,,latest-months
162015,Luleå Sol,11,Global Irradians (svenska stationer),"medelvärde 1 timma, varje timme",watt per kvadratmeter,2026-06-19T22:00:00Z,2026-06-20T00:00:00+02:00,1781906400000,,5.63,5.63,G,,latest-months
162015,Luleå Sol,11,Global Irradians (svenska stationer),"medelvärde 1 timma, varje timme",watt per kvadratmeter,2026-06-19T23:00:00Z,2026-06-20T01:00:00+02:00,1781910000000,,4.31,4.31,G,,latest-months
162015,Luleå Sol,11,Global Irradians (svenska stationer),"medelvärde 1 timma, varje timme",watt per kvadratmeter,2026-06-20T00:00:00Z,2026-06-20T02:00:00+02:00,1781913600000,,6.15,6.15,G,,latest-months
162015,Luleå Sol,11,Global Irradians (svenska stationer),"medelvärde 1 timma, varje timme",watt per kvadratmeter,2026-06-20T01:00:00Z,2026-06-20T03:00:00+02:00,1781917200000,,13.20,13.20,G,,latest-months
162015,Luleå Sol,11,Global Irradians (svenska stationer),"medelvärde 1 timma, varje timme",watt per kvadratmeter,2026-06-20T02:00:00Z,2026-06-20T04:00:00+02:00,1781920800000,,61.95,61.95,G,,latest-months
162015,Luleå Sol,11,Global Irradians (svenska stationer),"medelvärde 1 timma, varje timme",watt per kvadratmeter,2026-06-20T03:00:00Z,2026-06-20T05:00:00+02:00,1781924400000,,128.52,128.52,G,,latest-months
162015,Luleå Sol,11,Global Irradians (svenska stationer),"medelvärde 1 timma, varje timme",watt per kvadratmeter,2026-06-20T04:00:00Z,2026-06-20T06:00:00+02:00,1781928000000,,190.32,190.32,G,,latest-months
162015,Luleå Sol,11,Global Irradians (svenska stationer),"medelvärde 1 timma, varje timme",watt per kvadratmeter,2026-06-20T05:00:00Z,2026-06-20T07:00:00+02:00,1781931600000,,219.04,219.04,G,,latest-months
162015,Luleå Sol,11,Global Irradians (svenska stationer),"medelvärde 1 timma, varje timme",watt per kvadratmeter,2026-06-20T06:00:00Z,2026-06-20T08:00:00+02:00,1781935200000,,135.69,135.69,G,,latest-months
162015,Luleå Sol,11,Global Irradians (svenska stationer),"medelvärde 1 timma, varje timme",watt per kvadratmeter,2026-06-20T07:00:00Z,2026-06-20T09:00:00+02:00,1781938800000,,101.29,101.29,G,,latest-months
162015,Luleå Sol,11,Global Irradians (svenska stationer),"medelvärde 1 timma, varje timme",watt per kvadratmeter,2026-06-20T08:00:00Z,2026-06-20T10:00:00+02:00,1781942400000,,178.93,178.93,G,,latest-months
162015,Luleå Sol,11,Global Irradians (svenska stationer),"medelvärde 1 timma, varje timme",watt per kvadratmeter,2026-06-20T09:00:00Z,2026-06-20T11:00:00+02:00,1781946000000,,282.44,282.44,G,,latest-months
162015,Luleå Sol,11,Global Irradians (svenska stationer),"medelvärde 1 timma, varje timme",watt per kvadratmeter,2026-06-20T10:00:00Z,2026-06-20T12:00:00+02:00,1781949600000,,320.03,320.03,G,,latest-months
162015,Luleå Sol,11,Global Irradians (svenska stationer),"medelvärde 1 timma, varje timme",watt per kvadratmeter,2026-06-20T11:00:00Z,2026-06-20T13:00:00+02:00,1781953200000,,406.41,406.41,G,,latest-months
162015,Luleå Sol,11,Global Irradians (svenska stationer),"medelvärde 1 timma, varje timme",watt per kvadratmeter,2026-06-20T12:00:00Z,2026-06-20T14:00:00+02:00,1781956800000,,524.26,524.26,G,,latest-months
162015,Luleå Sol,11,Global Irradians (svenska stationer),"medelvärde 1 timma, varje timme",watt per kvadratmeter,2026-06-20T13:00:00Z,2026-06-20T15:00:00+02:00,1781960400000,,497.68,497.68,G,,latest-months
162015,Luleå Sol,11,Global Irradians (svenska stationer),"medelvärde 1 timma, varje timme",watt per kvadratmeter,2026-06-20T14:00:00Z,2026-06-20T16:00:00+02:00,1781964000000,,556.49,556.49,G,,latest-months
162015,Luleå Sol,11,Global Irradians (svenska stationer),"medelvärde 1 timma, varje timme",watt per kvadratmeter,2026-06-20T15:00:00Z,2026-06-20T17:00:00+02:00,1781967600000,,360.28,360.28,G,,latest-months
162015,Luleå Sol,11,Global Irradians (svenska stationer),"medelvärde 1 timma, varje timme",watt per kvadratmeter,2026-06-20T16:00:00Z,2026-06-20T18:00:00+02:00,1781971200000,,136.78,136.78,G,,latest-months
162015,Luleå Sol,11,Global Irradians (svenska stationer),"medelvärde 1 timma, varje timme",watt per kvadratmeter,2026-06-20T17:00:00Z,2026-06-20T19:00:00+02:00,1781974800000,,120.52,120.52,G,,latest-months
162015,Luleå Sol,11,Global Irradians (svenska stationer),"medelvärde 1 timma, varje timme",watt per kvadratmeter,2026-06-20T18:00:00Z,2026-06-20T20:00:00+02:00,1781978400000,,93.02,93.02,G,,latest-months
162015,Luleå Sol,11,Global Irradians (svenska stationer),"medelvärde 1 timma, varje timme",watt per kvadratmeter,2026-06-20T19:00:00Z,2026-06-20T21:00:00+02:00,1781982000000,,25.44,25.44,G,,latest-months
162015,Luleå Sol,11,Global Irradians (svenska stationer),"medelvärde 1 timma, varje timme",watt per kvadratmeter,2026-06-20T20:00:00Z,2026-06-20T22:00:00+02:00,1781985600000,,13.28,13.28,G,,latest-months
162015,Luleå Sol,11,Global Irradians (svenska stationer),"medelvärde 1 timma, varje timme",watt per kvadratmeter,2026-06-20T21:00:00Z,2026-06-20T23:00:00+02:00,1781989200000,,6.23,6.23,G,,latest-months
162015,Luleå Sol,11,Global Irradians (svenska stationer),"medelvärde 1 timma, varje timme",watt per kvadratmeter,2026-06-20T22:00:00Z,2026-06-21T00:00:00+02:00,1781992800000,,5.46,5.46,G,,latest-months
162015,Luleå Sol,11,Global Irradians (svenska stationer),"medelvärde 1 timma, varje timme",watt per kvadratmeter,2026-06-20T23:00:00Z,2026-06-21T01:00:00+02:00,1781996400000,,2.08,2.08,G,,latest-months
162015,Luleå Sol,11,Global Irradians (svenska stationer),"medelvärde 1 timma, varje timme",watt per kvadratmeter,2026-06-21T00:00:00Z,2026-06-21T02:00:00+02:00,1782000000000,,2.95,2.95,G,,latest-months
162015,Luleå Sol,11,Global Irradians (svenska stationer),"medelvärde 1 timma, varje timme",watt per kvadratmeter,2026-06-21T01:00:00Z,2026-06-21T03:00:00+02:00,1782003600000,,12.61,12.61,G,,latest-months
162015,Luleå Sol,11,Global Irradians (svenska stationer),"medelvärde 1 timma, varje timme",watt per kvadratmeter,2026-06-21T02:00:00Z,2026-06-21T04:00:00+02:00,1782007200000,,51.99,51.99,G,,latest-months
162015,Luleå Sol,11,Global Irradians (svenska stationer),"medelvärde 1 timma, varje timme",watt per kvadratmeter,2026-06-21T03:00:00Z,2026-06-21T05:00:00+02:00,1782010800000,,74.80,74.80,G,,latest-months
162015,Luleå Sol,11,Global Irradians (svenska stationer),"medelvärde 1 timma, varje timme",watt per kvadratmeter,2026-06-21T04:00:00Z,2026-06-21T06:00:00+02:00,1782014400000,,91.59,91.59,G,,latest-months
162015,Luleå Sol,11,Global Irradians (svenska stationer),"medelvärde 1 timma, varje timme",watt per kvadratmeter,2026-06-21T05:00:00Z,2026-06-21T07:00:00+02:00,1782018000000,,318.42,318.42,G,,latest-months
162015,Luleå Sol,11,Global Irradians (svenska stationer),"medelvärde 1 timma, varje timme",watt per kvadratmeter,2026-06-21T06:00:00Z,2026-06-21T08:00:00+02:00,1782021600000,,428.91,428.91,G,,latest-months
162015,Luleå Sol,11,Global Irradians (svenska stationer),"medelvärde 1 timma, varje timme",watt per kvadratmeter,2026-06-21T07:00:00Z,2026-06-21T09:00:00+02:00,1782025200000,,533.27,533.27,G,,latest-months
162015,Luleå Sol,11,Global Irradians (svenska stationer),"medelvärde 1 timma, varje timme",watt per kvadratmeter,2026-06-21T08:00:00Z,2026-06-21T10:00:00+02:00,1782028800000,,630.70,630.70,G,,latest-months
162015,Luleå Sol,11,Global Irradians (svenska stationer),"medelvärde 1 timma, varje timme",watt per kvadratmeter,2026-06-21T09:00:00Z,2026-06-21T11:00:00+02:00,1782032400000,,724.39,724.39,G,,latest-months
162015,Luleå Sol,11,Global Irradians (svenska stationer),"medelvärde 1 timma, varje timme",watt per kvadratmeter,2026-06-21T10:00:00Z,2026-06-21T12:00:00+02:00,1782036000000,,613.00,613.00,G,,latest-months
162015,Luleå Sol,11,Global Irradians (svenska stationer),"medelvärde 1 timma, varje timme",watt per kvadratmeter,2026-06-21T11:00:00Z,2026-06-21T13:00:00+02:00,1782039600000,,641.42,641.42,G,,latest-months
162015,Luleå Sol,11,Global Irradians (svenska stationer),"medelvärde 1 timma, varje timme",watt per kvadratmeter,2026-06-21T12:00:00Z,2026-06-21T14:00:00+02:00,1782043200000,,607.62,607.62,G,,latest-months
162015,Luleå Sol,11,Global Irradians (svenska stationer),"medelvärde 1 timma, varje timme",watt per kvadratmeter,2026-06-21T13:00:00Z,2026-06-21T15:00:00+02:00,1782046800000,,559.76,559.76,G,,latest-months
162015,Luleå Sol,11,Global Irradians (svenska stationer),"medelvärde 1 timma, varje timme",watt per kvadratmeter,2026-06-21T14:00:00Z,2026-06-21T16:00:00+02:00,1782050400000,,379.38,379.38,G,,latest-months
162015,Luleå Sol,11,Global Irradians (svenska stationer),"medelvärde 1 timma, varje timme",watt per kvadratmeter,2026-06-21T15:00:00Z,2026-06-21T17:00:00+02:00,1782054000000,,495.88,495.88,G,,latest-months
162015,Luleå Sol,11,Global Irradians (svenska stationer),"medelvärde 1 timma, varje timme",watt per kvadratmeter,2026-06-21T16:00:00Z,2026-06-21T18:00:00+02:00,1782057600000,,280.06,280.06,G,,latest-months
162015,Luleå Sol,11,Global Irradians (svenska stationer),"medelvärde 1 timma, varje timme",watt per kvadratmeter,2026-06-21T17:00:00Z,2026-06-21T19:00:00+02:00,1782061200000,,344.57,344.57,G,,latest-months
162015,Luleå Sol,11,Global Irradians (svenska stationer),"medelvärde 1 timma, varje timme",watt per kvadratmeter,2026-06-21T18:00:00Z,2026-06-21T20:00:00+02:00,1782064800000,,231.92,231.92,G,,latest-months
162015,Luleå Sol,11,Global Irradians (svenska stationer),"medelvärde 1 timma, varje timme",watt per kvadratmeter,2026-06-21T19:00:00Z,2026-06-21T21:00:00+02:00,1782068400000,,138.38,138.38,G,,latest-months
162015,Luleå Sol,11,Global Irradians (svenska stationer),"medelvärde 1 timma, varje timme",watt per kvadratmeter,2026-06-21T20:00:00Z,2026-06-21T22:00:00+02:00,1782072000000,,66.72,66.72,G,,latest-months
162015,Luleå Sol,11,Global Irradians (svenska stationer),"medelvärde 1 timma, varje timme",watt per kvadratmeter,2026-06-21T21:00:00Z,2026-06-21T23:00:00+02:00,1782075600000,,17.28,17.28,G,,latest-months
162015,Luleå Sol,11,Global Irradians (svenska stationer),"medelvärde 1 timma, varje timme",watt per kvadratmeter,2026-06-21T22:00:00Z,2026-06-22T00:00:00+02:00,1782079200000,,4.86,4.86,G,,latest-months
162015,Luleå Sol,11,Global Irradians (svenska stationer),"medelvärde 1 timma, varje timme",watt per kvadratmeter,2026-06-21T23:00:00Z,2026-06-22T01:00:00+02:00,1782082800000,,3.20,3.20,G,,latest-months
162015,Luleå Sol,11,Global Irradians (svenska stationer),"medelvärde 1 timma, varje timme",watt per kvadratmeter,2026-06-22T00:00:00Z,2026-06-22T02:00:00+02:00,1782086400000,,6.25,6.25,G,,latest-months
162015,Luleå Sol,11,Global Irradians (svenska stationer),"medelvärde 1 timma, varje timme",watt per kvadratmeter,2026-06-22T01:00:00Z,2026-06-22T03:00:00+02:00,1782090000000,,16.15,16.15,G,,latest-months
162015,Luleå Sol,11,Global Irradians (svenska stationer),"medelvärde 1 timma, varje timme",watt per kvadratmeter,2026-06-22T02:00:00Z,2026-06-22T04:00:00+02:00,1782093600000,,46.52,46.52,G,,latest-months
162015,Luleå Sol,11,Global Irradians (svenska stationer),"medelvärde 1 timma, varje timme",watt per kvadratmeter,2026-06-22T03:00:00Z,2026-06-22T05:00:00+02:00,1782097200000,,63.77,63.77,G,,latest-months
162015,Luleå Sol,11,Global Irradians (svenska stationer),"medelvärde 1 timma, varje timme",watt per kvadratmeter,2026-06-22T04:00:00Z,2026-06-22T06:00:00+02:00,1782100800000,,114.73,114.73,G,,latest-months
162015,Luleå Sol,11,Global Irradians (svenska stationer),"medelvärde 1 timma, varje timme",watt per kvadratmeter,2026-06-22T05:00:00Z,2026-06-22T07:00:00+02:00,1782104400000,,246.54,246.54,G,,latest-months
162015,Luleå Sol,11,Global Irradians (svenska stationer),"medelvärde 1 timma, varje timme",watt per kvadratmeter,2026-06-22T06:00:00Z,2026-06-22T08:00:00+02:00,1782108000000,,279.90,279.90,G,,latest-months
162015,Luleå Sol,11,Global Irradians (svenska stationer),"medelvärde 1 timma, varje timme",watt per kvadratmeter,2026-06-22T07:00:00Z,2026-06-22T09:00:00+02:00,1782111600000,,492.66,492.66,G,,latest-months
162015,Luleå Sol,11,Global Irradians (svenska stationer),"medelvärde 1 timma, varje timme",watt per kvadratmeter,2026-06-22T08:00:00Z,2026-06-22T10:00:00+02:00,1782115200000,,591.46,591.46,G,,latest-months
162015,Luleå Sol,11,Global Irradians (svenska stationer),"medelvärde 1 timma, varje timme",watt per kvadratmeter,2026-06-22T09:00:00Z,2026-06-22T11:00:00+02:00,1782118800000,,619.13,619.13,G,,latest-months
162015,Luleå Sol,11,Global Irradians (svenska stationer),"medelvärde 1 timma, varje timme",watt per kvadratmeter,2026-06-22T10:00:00Z,2026-06-22T12:00:00+02:00,1782122400000,,482.92,482.92,G,,latest-months
162015,Luleå Sol,11,Global Irradians (svenska stationer),"medelvärde 1 timma, varje timme",watt per kvadratmeter,2026-06-22T11:00:00Z,2026-06-22T13:00:00+02:00,1782126000000,,649.93,649.93,G,,latest-months
162015,Luleå Sol,11,Global Irradians (svenska stationer),"medelvärde 1 timma, varje timme",watt per kvadratmeter,2026-06-22T12:00:00Z,2026-06-22T14:00:00+02:00,1782129600000,,681.76,681.76,G,,latest-months
162015,Luleå Sol,11,Global Irradians (svenska stationer),"medelvärde 1 timma, varje timme",watt per kvadratmeter,2026-06-22T13:00:00Z,2026-06-22T15:00:00+02:00,1782133200000,,629.66,629.66,G,,latest-months
162015,Luleå Sol,11,Global Irradians (svenska stationer),"medelvärde 1 timma, varje timme",watt per kvadratmeter,2026-06-22T14:00:00Z,2026-06-22T16:00:00+02:00,1782136800000,,416.72,416.72,G,,latest-months
162015,Luleå Sol,11,Global Irradians (svenska stationer),"medelvärde 1 timma, varje timme",watt per kvadratmeter,2026-06-22T15:00:00Z,2026-06-22T17:00:00+02:00,1782140400000,,482.79,482.79,G,,latest-months
162015,Luleå Sol,11,Global Irradians (svenska stationer),"medelvärde 1 timma, varje timme",watt per kvadratmeter,2026-06-22T16:00:00Z,2026-06-22T18:00:00+02:00,1782144000000,,360.95,360.95,G,,latest-months
162015,Luleå Sol,11,Global Irradians (svenska stationer),"medelvärde 1 timma, varje timme",watt per kvadratmeter,2026-06-22T17:00:00Z,2026-06-22T19:00:00+02:00,1782147600000,,324.12,324.12,G,,latest-months
162015,Luleå Sol,11,Global Irradians (svenska stationer),"medelvärde 1 timma, varje timme",watt per kvadratmeter,2026-06-22T18:00:00Z,2026-06-22T20:00:00+02:00,1782151200000,,157.06,157.06,G,,latest-months
162015,Luleå Sol,11,Global Irradians (svenska stationer),"medelvärde 1 timma, varje timme",watt per kvadratmeter,2026-06-22T19:00:00Z,2026-06-22T21:00:00+02:00,1782154800000,,134.63,134.63,G,,latest-months
162015,Luleå Sol,11,Global Irradians (svenska stationer),"medelvärde 1 timma, varje timme",watt per kvadratmeter,2026-06-22T20:00:00Z,2026-06-22T22:00:00+02:00,1782158400000,,56.19,56.19,G,,latest-months
162015,Luleå Sol,11,Global Irradians (svenska stationer),"medelvärde 1 timma, varje timme",watt per kvadratmeter,2026-06-22T21:00:00Z,2026-06-22T23:00:00+02:00,1782162000000,,21.07,21.07,G,,latest-months
162015,Luleå Sol,11,Global Irradians (svenska stationer),"medelvärde 1 timma, varje timme",watt per kvadratmeter,2026-06-22T22:00:00Z,2026-06-23T00:00:00+02:00,1782165600000,,5.03,5.03,G,,latest-months
162015,Luleå Sol,11,Global Irradians (svenska stationer),"medelvärde 1 timma, varje timme",watt per kvadratmeter,2026-06-22T23:00:00Z,2026-06-23T01:00:00+02:00,1782169200000,,3.45,3.45,G,,latest-months
162015,Luleå Sol,11,Global Irradians (svenska stationer),"medelvärde 1 timma, varje timme",watt per kvadratmeter,2026-06-23T00:00:00Z,2026-06-23T02:00:00+02:00,1782172800000,,5.73,5.73,G,,latest-months
162015,Luleå Sol,11,Global Irradians (svenska stationer),"medelvärde 1 timma, varje timme",watt per kvadratmeter,2026-06-23T01:00:00Z,2026-06-23T03:00:00+02:00,1782176400000,,17.93,17.93,G,,latest-months
162015,Luleå Sol,11,Global Irradians (svenska stationer),"medelvärde 1 timma, varje timme",watt per kvadratmeter,2026-06-23T02:00:00Z,2026-06-23T04:00:00+02:00,1782180000000,,57.66,57.66,G,,latest-months
162015,Luleå Sol,11,Global Irradians (svenska stationer),"medelvärde 1 timma, varje timme",watt per kvadratmeter,2026-06-23T03:00:00Z,2026-06-23T05:00:00+02:00,1782183600000,,127.14,127.14,G,,latest-months
162015,Luleå Sol,11,Global Irradians (svenska stationer),"medelvärde 1 timma, varje timme",watt per kvadratmeter,2026-06-23T04:00:00Z,2026-06-23T06:00:00+02:00,1782187200000,,220.66,220.66,G,,latest-months
162015,Luleå Sol,11,Global Irradians (svenska stationer),"medelvärde 1 timma, varje timme",watt per kvadratmeter,2026-06-23T05:00:00Z,2026-06-23T07:00:00+02:00,1782190800000,,314.34,314.34,G,,latest-months
162015,Luleå Sol,11,Global Irradians (svenska stationer),"medelvärde 1 timma, varje timme",watt per kvadratmeter,2026-06-23T06:00:00Z,2026-06-23T08:00:00+02:00,1782194400000,,425.36,425.36,G,,latest-months
162015,Luleå Sol,11,Global Irradians (svenska stationer),"medelvärde 1 timma, varje timme",watt per kvadratmeter,2026-06-23T07:00:00Z,2026-06-23T09:00:00+02:00,1782198000000,,515.50,515.50,G,,latest-months
162015,Luleå Sol,11,Global Irradians (svenska stationer),"medelvärde 1 timma, varje timme",watt per kvadratmeter,2026-06-23T08:00:00Z,2026-06-23T10:00:00+02:00,1782201600000,,470.10,470.10,G,,latest-months
162015,Luleå Sol,11,Global Irradians (svenska stationer),"medelvärde 1 timma, varje timme",watt per kvadratmeter,2026-06-23T09:00:00Z,2026-06-23T11:00:00+02:00,1782205200000,,631.83,631.83,G,,latest-months
162015,Luleå Sol,11,Global Irradians (svenska stationer),"medelvärde 1 timma, varje timme",watt per kvadratmeter,2026-06-23T10:00:00Z,2026-06-23T12:00:00+02:00,1782208800000,,469.22,469.22,G,,latest-months
162015,Luleå Sol,11,Global Irradians (svenska stationer),"medelvärde 1 timma, varje timme",watt per kvadratmeter,2026-06-23T11:00:00Z,2026-06-23T13:00:00+02:00,1782212400000,,464.44,464.44,G,,latest-months
162015,Luleå Sol,11,Global Irradians (svenska stationer),"medelvärde 1 timma, varje timme",watt per kvadratmeter,2026-06-23T12:00:00Z,2026-06-23T14:00:00+02:00,1782216000000,,181.63,181.63,G,,latest-months
162015,Luleå Sol,11,Global Irradians (svenska stationer),"medelvärde 1 timma, varje timme",watt per kvadratmeter,2026-06-23T13:00:00Z,2026-06-23T15:00:00+02:00,1782219600000,,241.43,241.43,G,,latest-months
162015,Luleå Sol,11,Global Irradians (svenska stationer),"medelvärde 1 timma, varje timme",watt per kvadratmeter,2026-06-23T14:00:00Z,2026-06-23T16:00:00+02:00,1782223200000,,286.62,286.62,G,,latest-months
162015,Luleå Sol,11,Global Irradians (svenska stationer),"medelvärde 1 timma, varje timme",watt per kvadratmeter,2026-06-23T15:00:00Z,2026-06-23T17:00:00+02:00,1782226800000,,261.84,261.84,G,,latest-months
162015,Luleå Sol,11,Global Irradians (svenska stationer),"medelvärde 1 timma, varje timme",watt per kvadratmeter,2026-06-23T16:00:00Z,2026-06-23T18:00:00+02:00,1782230400000,,418.50,418.50,G,,latest-months
162015,Luleå Sol,11,Global Irradians (svenska stationer),"medelvärde 1 timma, varje timme",watt per kvadratmeter,2026-06-23T17:00:00Z,2026-06-23T19:00:00+02:00,1782234000000,,163.90,163.90,G,,latest-months
162015,Luleå Sol,11,Global Irradians (svenska stationer),"medelvärde 1 timma, varje timme",watt per kvadratmeter,2026-06-23T18:00:00Z,2026-06-23T20:00:00+02:00,1782237600000,,159.65,159.65,G,,latest-months
162015,Luleå Sol,11,Global Irradians (svenska stationer),"medelvärde 1 timma, varje timme",watt per kvadratmeter,2026-06-23T19:00:00Z,2026-06-23T21:00:00+02:00,1782241200000,,129.34,129.34,G,,latest-months
162015,Luleå Sol,11,Global Irradians (svenska stationer),"medelvärde 1 timma, varje timme",watt per kvadratmeter,2026-06-23T20:00:00Z,2026-06-23T22:00:00+02:00,1782244800000,,19.13,19.13,G,,latest-months
162015,Luleå Sol,11,Global Irradians (svenska stationer),"medelvärde 1 timma, varje timme",watt per kvadratmeter,2026-06-23T21:00:00Z,2026-06-23T23:00:00+02:00,1782248400000,,8.42,8.42,G,,latest-months
162015,Luleå Sol,11,Global Irradians (svenska stationer),"medelvärde 1 timma, varje timme",watt per kvadratmeter,2026-06-23T22:00:00Z,2026-06-24T00:00:00+02:00,1782252000000,,4.66,4.66,G,,latest-months
162015,Luleå Sol,11,Global Irradians (svenska stationer),"medelvärde 1 timma, varje timme",watt per kvadratmeter,2026-06-23T23:00:00Z,2026-06-24T01:00:00+02:00,1782255600000,,4.08,4.08,G,,latest-months
162015,Luleå Sol,11,Global Irradians (svenska stationer),"medelvärde 1 timma, varje timme",watt per kvadratmeter,2026-06-24T00:00:00Z,2026-06-24T02:00:00+02:00,1782259200000,,12.20,12.20,G,,latest-months
162015,Luleå Sol,11,Global Irradians (svenska stationer),"medelvärde 1 timma, varje timme",watt per kvadratmeter,2026-06-24T01:00:00Z,2026-06-24T03:00:00+02:00,1782262800000,,26.10,26.10,G,,latest-months
162015,Luleå Sol,11,Global Irradians (svenska stationer),"medelvärde 1 timma, varje timme",watt per kvadratmeter,2026-06-24T02:00:00Z,2026-06-24T04:00:00+02:00,1782266400000,,58.59,58.59,G,,latest-months
162015,Luleå Sol,11,Global Irradians (svenska stationer),"medelvärde 1 timma, varje timme",watt per kvadratmeter,2026-06-24T03:00:00Z,2026-06-24T05:00:00+02:00,1782270000000,,79.86,79.86,G,,latest-months
162015,Luleå Sol,11,Global Irradians (svenska stationer),"medelvärde 1 timma, varje timme",watt per kvadratmeter,2026-06-24T04:00:00Z,2026-06-24T06:00:00+02:00,1782273600000,,235.89,235.89,G,,latest-months
162015,Luleå Sol,11,Global Irradians (svenska stationer),"medelvärde 1 timma, varje timme",watt per kvadratmeter,2026-06-24T05:00:00Z,2026-06-24T07:00:00+02:00,1782277200000,,213.17,213.17,G,,latest-months
162015,Luleå Sol,11,Global Irradians (svenska stationer),"medelvärde 1 timma, varje timme",watt per kvadratmeter,2026-06-24T06:00:00Z,2026-06-24T08:00:00+02:00,1782280800000,,390.34,390.34,G,,latest-months
162015,Luleå Sol,11,Global Irradians (svenska stationer),"medelvärde 1 timma, varje timme",watt per kvadratmeter,2026-06-24T07:00:00Z,2026-06-24T09:00:00+02:00,1782284400000,,494.55,494.55,G,,latest-months
162015,Luleå Sol,11,Global Irradians (svenska stationer),"medelvärde 1 timma, varje timme",watt per kvadratmeter,2026-06-24T08:00:00Z,2026-06-24T10:00:00+02:00,1782288000000,,559.95,559.95,G,,latest-months
162015,Luleå Sol,11,Global Irradians (svenska stationer),"medelvärde 1 timma, varje timme",watt per kvadratmeter,2026-06-24T09:00:00Z,2026-06-24T11:00:00+02:00,1782291600000,,393.38,393.38,G,,latest-months
162015,Luleå Sol,11,Global Irradians (svenska stationer),"medelvärde 1 timma, varje timme",watt per kvadratmeter,2026-06-24T10:00:00Z,2026-06-24T12:00:00+02:00,1782295200000,,509.55,509.55,G,,latest-months
162015,Luleå Sol,11,Global Irradians (svenska stationer),"medelvärde 1 timma, varje timme",watt per kvadratmeter,2026-06-24T11:00:00Z,2026-06-24T13:00:00+02:00,1782298800000,,442.28,442.28,G,,latest-months
162015,Luleå Sol,11,Global Irradians (svenska stationer),"medelvärde 1 timma, varje timme",watt per kvadratmeter,2026-06-24T12:00:00Z,2026-06-24T14:00:00+02:00,1782302400000,,753.25,753.25,G,,latest-months
162015,Luleå Sol,11,Global Irradians (svenska stationer),"medelvärde 1 timma, varje timme",watt per kvadratmeter,2026-06-24T13:00:00Z,2026-06-24T15:00:00+02:00,1782306000000,,756.25,756.25,G,,latest-months
162015,Luleå Sol,11,Global Irradians (svenska stationer),"medelvärde 1 timma, varje timme",watt per kvadratmeter,2026-06-24T14:00:00Z,2026-06-24T16:00:00+02:00,1782309600000,,544.50,544.50,G,,latest-months
162015,Luleå Sol,11,Global Irradians (svenska stationer),"medelvärde 1 timma, varje timme",watt per kvadratmeter,2026-06-24T15:00:00Z,2026-06-24T17:00:00+02:00,1782313200000,,480.46,480.46,G,,latest-months
162015,Luleå Sol,11,Global Irradians (svenska stationer),"medelvärde 1 timma, varje timme",watt per kvadratmeter,2026-06-24T16:00:00Z,2026-06-24T18:00:00+02:00,1782316800000,,243.08,243.08,G,,latest-months
162015,Luleå Sol,11,Global Irradians (svenska stationer),"medelvärde 1 timma, varje timme",watt per kvadratmeter,2026-06-24T17:00:00Z,2026-06-24T19:00:00+02:00,1782320400000,,274.78,274.78,G,,latest-months
162015,Luleå Sol,11,Global Irradians (svenska stationer),"medelvärde 1 timma, varje timme",watt per kvadratmeter,2026-06-24T18:00:00Z,2026-06-24T20:00:00+02:00,1782324000000,,114.14,114.14,G,,latest-months
162015,Luleå Sol,11,Global Irradians (svenska stationer),"medelvärde 1 timma, varje timme",watt per kvadratmeter,2026-06-24T19:00:00Z,2026-06-24T21:00:00+02:00,1782327600000,,78.96,78.96,G,,latest-months
162015,Luleå Sol,11,Global Irradians (svenska stationer),"medelvärde 1 timma, varje timme",watt per kvadratmeter,2026-06-24T20:00:00Z,2026-06-24T22:00:00+02:00,1782331200000,,38.69,38.69,G,,latest-months
162015,Luleå Sol,11,Global Irradians (svenska stationer),"medelvärde 1 timma, varje timme",watt per kvadratmeter,2026-06-24T21:00:00Z,2026-06-24T23:00:00+02:00,1782334800000,,17.79,17.79,G,,latest-months
162015,Luleå Sol,11,Global Irradians (svenska stationer),"medelvärde 1 timma, varje timme",watt per kvadratmeter,2026-06-24T22:00:00Z,2026-06-25T00:00:00+02:00,1782338400000,,6.34,6.34,G,,latest-months
162015,Luleå Sol,11,Global Irradians (svenska stationer),"medelvärde 1 timma, varje timme",watt per kvadratmeter,2026-06-24T23:00:00Z,2026-06-25T01:00:00+02:00,1782342000000,,3.91,3.91,G,,latest-months
162015,Luleå Sol,11,Global Irradians (svenska stationer),"medelvärde 1 timma, varje timme",watt per kvadratmeter,2026-06-25T00:00:00Z,2026-06-25T02:00:00+02:00,1782345600000,,5.33,5.33,G,,latest-months
162015,Luleå Sol,11,Global Irradians (svenska stationer),"medelvärde 1 timma, varje timme",watt per kvadratmeter,2026-06-25T01:00:00Z,2026-06-25T03:00:00+02:00,1782349200000,,11.68,11.68,G,,latest-months
162015,Luleå Sol,11,Global Irradians (svenska stationer),"medelvärde 1 timma, varje timme",watt per kvadratmeter,2026-06-25T02:00:00Z,2026-06-25T04:00:00+02:00,1782352800000,,51.60,51.60,G,,latest-months
162015,Luleå Sol,11,Global Irradians (svenska stationer),"medelvärde 1 timma, varje timme",watt per kvadratmeter,2026-06-25T03:00:00Z,2026-06-25T05:00:00+02:00,1782356400000,,158.03,158.03,G,,latest-months
162015,Luleå Sol,11,Global Irradians (svenska stationer),"medelvärde 1 timma, varje timme",watt per kvadratmeter,2026-06-25T04:00:00Z,2026-06-25T06:00:00+02:00,1782360000000,,185.34,185.34,G,,latest-months
162015,Luleå Sol,11,Global Irradians (svenska stationer),"medelvärde 1 timma, varje timme",watt per kvadratmeter,2026-06-25T05:00:00Z,2026-06-25T07:00:00+02:00,1782363600000,,170.31,170.31,G,,latest-months
162015,Luleå Sol,11,Global Irradians (svenska stationer),"medelvärde 1 timma, varje timme",watt per kvadratmeter,2026-06-25T06:00:00Z,2026-06-25T08:00:00+02:00,1782367200000,,340.21,340.21,G,,latest-months
162015,Luleå Sol,11,Global Irradians (svenska stationer),"medelvärde 1 timma, varje timme",watt per kvadratmeter,2026-06-25T07:00:00Z,2026-06-25T09:00:00+02:00,1782370800000,,528.53,528.53,G,,latest-months
162015,Luleå Sol,11,Global Irradians (svenska stationer),"medelvärde 1 timma, varje timme",watt per kvadratmeter,2026-06-25T08:00:00Z,2026-06-25T10:00:00+02:00,1782374400000,,589.44,589.44,G,,latest-months
162015,Luleå Sol,11,Global Irradians (svenska stationer),"medelvärde 1 timma, varje timme",watt per kvadratmeter,2026-06-25T09:00:00Z,2026-06-25T11:00:00+02:00,1782378000000,,691.40,691.40,G,,latest-months
162015,Luleå Sol,11,Global Irradians (svenska stationer),"medelvärde 1 timma, varje timme",watt per kvadratmeter,2026-06-25T10:00:00Z,2026-06-25T12:00:00+02:00,1782381600000,,743.25,743.25,G,,latest-months
162015,Luleå Sol,11,Global Irradians (svenska stationer),"medelvärde 1 timma, varje timme",watt per kvadratmeter,2026-06-25T11:00:00Z,2026-06-25T13:00:00+02:00,1782385200000,,365.60,365.60,G,,latest-months
162015,Luleå Sol,11,Global Irradians (svenska stationer),"medelvärde 1 timma, varje timme",watt per kvadratmeter,2026-06-25T12:00:00Z,2026-06-25T14:00:00+02:00,1782388800000,,406.18,406.18,G,,latest-months
162015,Luleå Sol,11,Global Irradians (svenska stationer),"medelvärde 1 timma, varje timme",watt per kvadratmeter,2026-06-25T13:00:00Z,2026-06-25T15:00:00+02:00,1782392400000,,385.97,385.97,G,,latest-months
162015,Luleå Sol,11,Global Irradians (svenska stationer),"medelvärde 1 timma, varje timme",watt per kvadratmeter,2026-06-25T14:00:00Z,2026-06-25T16:00:00+02:00,1782396000000,,388.73,388.73,G,,latest-months
162015,Luleå Sol,11,Global Irradians (svenska stationer),"medelvärde 1 timma, varje timme",watt per kvadratmeter,2026-06-25T15:00:00Z,2026-06-25T17:00:00+02:00,1782399600000,,204.64,204.64,G,,latest-months
162015,Luleå Sol,11,Global Irradians (svenska stationer),"medelvärde 1 timma, varje timme",watt per kvadratmeter,2026-06-25T16:00:00Z,2026-06-25T18:00:00+02:00,1782403200000,,421.35,421.35,G,,latest-months
162015,Luleå Sol,11,Global Irradians (svenska stationer),"medelvärde 1 timma, varje timme",watt per kvadratmeter,2026-06-25T17:00:00Z,2026-06-25T19:00:00+02:00,1782406800000,,206.09,206.09,G,,latest-months
162015,Luleå Sol,11,Global Irradians (svenska stationer),"medelvärde 1 timma, varje timme",watt per kvadratmeter,2026-06-25T18:00:00Z,2026-06-25T20:00:00+02:00,1782410400000,,119.35,119.35,G,,latest-months
162015,Luleå Sol,11,Global Irradians (svenska stationer),"medelvärde 1 timma, varje timme",watt per kvadratmeter,2026-06-25T19:00:00Z,2026-06-25T21:00:00+02:00,1782414000000,,47.93,47.93,G,,latest-months
162015,Luleå Sol,11,Global Irradians (svenska stationer),"medelvärde 1 timma, varje timme",watt per kvadratmeter,2026-06-25T20:00:00Z,2026-06-25T22:00:00+02:00,1782417600000,,36.66,36.66,G,,latest-months
162015,Luleå Sol,11,Global Irradians (svenska stationer),"medelvärde 1 timma, varje timme",watt per kvadratmeter,2026-06-25T21:00:00Z,2026-06-25T23:00:00+02:00,1782421200000,,20.66,20.66,G,,latest-months
162015,Luleå Sol,11,Global Irradians (svenska stationer),"medelvärde 1 timma, varje timme",watt per kvadratmeter,2026-06-25T22:00:00Z,2026-06-26T00:00:00+02:00,1782424800000,,5.69,5.69,G,,latest-months
162015,Luleå Sol,11,Global Irradians (svenska stationer),"medelvärde 1 timma, varje timme",watt per kvadratmeter,2026-06-25T23:00:00Z,2026-06-26T01:00:00+02:00,1782428400000,,3.04,3.04,G,,latest-months
162015,Luleå Sol,11,Global Irradians (svenska stationer),"medelvärde 1 timma, varje timme",watt per kvadratmeter,2026-06-26T00:00:00Z,2026-06-26T02:00:00+02:00,1782432000000,,4.06,4.06,G,,latest-months
162015,Luleå Sol,11,Global Irradians (svenska stationer),"medelvärde 1 timma, varje timme",watt per kvadratmeter,2026-06-26T01:00:00Z,2026-06-26T03:00:00+02:00,1782435600000,,11.89,11.89,G,,latest-months
162015,Luleå Sol,11,Global Irradians (svenska stationer),"medelvärde 1 timma, varje timme",watt per kvadratmeter,2026-06-26T02:00:00Z,2026-06-26T04:00:00+02:00,1782439200000,,22.10,22.10,G,,latest-months
162015,Luleå Sol,11,Global Irradians (svenska stationer),"medelvärde 1 timma, varje timme",watt per kvadratmeter,2026-06-26T03:00:00Z,2026-06-26T05:00:00+02:00,1782442800000,,45.28,45.28,G,,latest-months
162015,Luleå Sol,11,Global Irradians (svenska stationer),"medelvärde 1 timma, varje timme",watt per kvadratmeter,2026-06-26T04:00:00Z,2026-06-26T06:00:00+02:00,1782446400000,,213.49,213.49,G,,latest-months
162015,Luleå Sol,11,Global Irradians (svenska stationer),"medelvärde 1 timma, varje timme",watt per kvadratmeter,2026-06-26T05:00:00Z,2026-06-26T07:00:00+02:00,1782450000000,,314.89,314.89,G,,latest-months
162015,Luleå Sol,11,Global Irradians (svenska stationer),"medelvärde 1 timma, varje timme",watt per kvadratmeter,2026-06-26T06:00:00Z,2026-06-26T08:00:00+02:00,1782453600000,,428.13,428.13,G,,latest-months
162015,Luleå Sol,11,Global Irradians (svenska stationer),"medelvärde 1 timma, varje timme",watt per kvadratmeter,2026-06-26T07:00:00Z,2026-06-26T09:00:00+02:00,1782457200000,,530.17,530.17,G,,latest-months
162015,Luleå Sol,11,Global Irradians (svenska stationer),"medelvärde 1 timma, varje timme",watt per kvadratmeter,2026-06-26T08:00:00Z,2026-06-26T10:00:00+02:00,1782460800000,,572.08,572.08,G,,latest-months
162015,Luleå Sol,11,Global Irradians (svenska stationer),"medelvärde 1 timma, varje timme",watt per kvadratmeter,2026-06-26T09:00:00Z,2026-06-26T11:00:00+02:00,1782464400000,,286.23,286.23,G,,latest-months
162015,Luleå Sol,11,Global Irradians (svenska stationer),"medelvärde 1 timma, varje timme",watt per kvadratmeter,2026-06-26T10:00:00Z,2026-06-26T12:00:00+02:00,1782468000000,,429.41,429.41,G,,latest-months
162015,Luleå Sol,11,Global Irradians (svenska stationer),"medelvärde 1 timma, varje timme",watt per kvadratmeter,2026-06-26T11:00:00Z,2026-06-26T13:00:00+02:00,1782471600000,,292.46,292.46,G,,latest-months
162015,Luleå Sol,11,Global Irradians (svenska stationer),"medelvärde 1 timma, varje timme",watt per kvadratmeter,2026-06-26T12:00:00Z,2026-06-26T14:00:00+02:00,1782475200000,,458.69,458.69,G,,latest-months
162015,Luleå Sol,11,Global Irradians (svenska stationer),"medelvärde 1 timma, varje timme",watt per kvadratmeter,2026-06-26T13:00:00Z,2026-06-26T15:00:00+02:00,1782478800000,,264.58,264.58,G,,latest-months
162015,Luleå Sol,11,Global Irradians (svenska stationer),"medelvärde 1 timma, varje timme",watt per kvadratmeter,2026-06-26T14:00:00Z,2026-06-26T16:00:00+02:00,1782482400000,,168.21,168.21,G,,latest-months
162015,Luleå Sol,11,Global Irradians (svenska stationer),"medelvärde 1 timma, varje timme",watt per kvadratmeter,2026-06-26T15:00:00Z,2026-06-26T17:00:00+02:00,1782486000000,,157.45,157.45,G,,latest-months
162015,Luleå Sol,11,Global Irradians (svenska stationer),"medelvärde 1 timma, varje timme",watt per kvadratmeter,2026-06-26T16:00:00Z,2026-06-26T18:00:00+02:00,1782489600000,,123.36,123.36,G,,latest-months
162015,Luleå Sol,11,Global Irradians (svenska stationer),"medelvärde 1 timma, varje timme",watt per kvadratmeter,2026-06-26T17:00:00Z,2026-06-26T19:00:00+02:00,1782493200000,,130.82,130.82,G,,latest-months
162015,Luleå Sol,11,Global Irradians (svenska stationer),"medelvärde 1 timma, varje timme",watt per kvadratmeter,2026-06-26T18:00:00Z,2026-06-26T20:00:00+02:00,1782496800000,,47.21,47.21,G,,latest-months
162015,Luleå Sol,11,Global Irradians (svenska stationer),"medelvärde 1 timma, varje timme",watt per kvadratmeter,2026-06-26T19:00:00Z,2026-06-26T21:00:00+02:00,1782500400000,,25.33,25.33,G,,latest-months
162015,Luleå Sol,11,Global Irradians (svenska stationer),"medelvärde 1 timma, varje timme",watt per kvadratmeter,2026-06-26T20:00:00Z,2026-06-26T22:00:00+02:00,1782504000000,,22.43,22.43,G,,latest-months
162015,Luleå Sol,11,Global Irradians (svenska stationer),"medelvärde 1 timma, varje timme",watt per kvadratmeter,2026-06-26T21:00:00Z,2026-06-26T23:00:00+02:00,1782507600000,,7.99,7.99,G,,latest-months
162015,Luleå Sol,11,Global Irradians (svenska stationer),"medelvärde 1 timma, varje timme",watt per kvadratmeter,2026-06-26T22:00:00Z,2026-06-27T00:00:00+02:00,1782511200000,,4.23,4.23,G,,latest-months
162015,Luleå Sol,11,Global Irradians (svenska stationer),"medelvärde 1 timma, varje timme",watt per kvadratmeter,2026-06-26T23:00:00Z,2026-06-27T01:00:00+02:00,1782514800000,,3.63,3.63,G,,latest-months
162015,Luleå Sol,11,Global Irradians (svenska stationer),"medelvärde 1 timma, varje timme",watt per kvadratmeter,2026-06-27T00:00:00Z,2026-06-27T02:00:00+02:00,1782518400000,,5.53,5.53,G,,latest-months
162015,Luleå Sol,11,Global Irradians (svenska stationer),"medelvärde 1 timma, varje timme",watt per kvadratmeter,2026-06-27T01:00:00Z,2026-06-27T03:00:00+02:00,1782522000000,,13.71,13.71,G,,latest-months
162015,Luleå Sol,11,Global Irradians (svenska stationer),"medelvärde 1 timma, varje timme",watt per kvadratmeter,2026-06-27T02:00:00Z,2026-06-27T04:00:00+02:00,1782525600000,,59.91,59.91,G,,latest-months
162015,Luleå Sol,11,Global Irradians (svenska stationer),"medelvärde 1 timma, varje timme",watt per kvadratmeter,2026-06-27T03:00:00Z,2026-06-27T05:00:00+02:00,1782529200000,,153.85,153.85,G,,latest-months
162015,Luleå Sol,11,Global Irradians (svenska stationer),"medelvärde 1 timma, varje timme",watt per kvadratmeter,2026-06-27T04:00:00Z,2026-06-27T06:00:00+02:00,1782532800000,,152.86,152.86,G,,latest-months
162015,Luleå Sol,11,Global Irradians (svenska stationer),"medelvärde 1 timma, varje timme",watt per kvadratmeter,2026-06-27T05:00:00Z,2026-06-27T07:00:00+02:00,1782536400000,,306.55,306.55,G,,latest-months
162015,Luleå Sol,11,Global Irradians (svenska stationer),"medelvärde 1 timma, varje timme",watt per kvadratmeter,2026-06-27T06:00:00Z,2026-06-27T08:00:00+02:00,1782540000000,,423.65,423.65,G,,latest-months
162015,Luleå Sol,11,Global Irradians (svenska stationer),"medelvärde 1 timma, varje timme",watt per kvadratmeter,2026-06-27T07:00:00Z,2026-06-27T09:00:00+02:00,1782543600000,,507.90,507.90,G,,latest-months
162015,Luleå Sol,11,Global Irradians (svenska stationer),"medelvärde 1 timma, varje timme",watt per kvadratmeter,2026-06-27T08:00:00Z,2026-06-27T10:00:00+02:00,1782547200000,,546.36,546.36,G,,latest-months
162015,Luleå Sol,11,Global Irradians (svenska stationer),"medelvärde 1 timma, varje timme",watt per kvadratmeter,2026-06-27T09:00:00Z,2026-06-27T11:00:00+02:00,1782550800000,,618.62,618.62,G,,latest-months
162015,Luleå Sol,11,Global Irradians (svenska stationer),"medelvärde 1 timma, varje timme",watt per kvadratmeter,2026-06-27T10:00:00Z,2026-06-27T12:00:00+02:00,1782554400000,,613.36,613.36,G,,latest-months
162015,Luleå Sol,11,Global Irradians (svenska stationer),"medelvärde 1 timma, varje timme",watt per kvadratmeter,2026-06-27T11:00:00Z,2026-06-27T13:00:00+02:00,1782558000000,,653.22,653.22,G,,latest-months
162015,Luleå Sol,11,Global Irradians (svenska stationer),"medelvärde 1 timma, varje timme",watt per kvadratmeter,2026-06-27T12:00:00Z,2026-06-27T14:00:00+02:00,1782561600000,,758.29,758.29,G,,latest-months
162015,Luleå Sol,11,Global Irradians (svenska stationer),"medelvärde 1 timma, varje timme",watt per kvadratmeter,2026-06-27T13:00:00Z,2026-06-27T15:00:00+02:00,1782565200000,,636.38,636.38,G,,latest-months
162015,Luleå Sol,11,Global Irradians (svenska stationer),"medelvärde 1 timma, varje timme",watt per kvadratmeter,2026-06-27T14:00:00Z,2026-06-27T16:00:00+02:00,1782568800000,,538.29,538.29,G,,latest-months
162015,Luleå Sol,11,Global Irradians (svenska stationer),"medelvärde 1 timma, varje timme",watt per kvadratmeter,2026-06-27T15:00:00Z,2026-06-27T17:00:00+02:00,1782572400000,,531.91,531.91,G,,latest-months
162015,Luleå Sol,11,Global Irradians (svenska stationer),"medelvärde 1 timma, varje timme",watt per kvadratmeter,2026-06-27T16:00:00Z,2026-06-27T18:00:00+02:00,1782576000000,,450.01,450.01,G,,latest-months
162015,Luleå Sol,11,Global Irradians (svenska stationer),"medelvärde 1 timma, varje timme",watt per kvadratmeter,2026-06-27T17:00:00Z,2026-06-27T19:00:00+02:00,1782579600000,,339.98,339.98,G,,latest-months
162015,Luleå Sol,11,Global Irradians (svenska stationer),"medelvärde 1 timma, varje timme",watt per kvadratmeter,2026-06-27T18:00:00Z,2026-06-27T20:00:00+02:00,1782583200000,,203.30,203.30,G,,latest-months
162015,Luleå Sol,11,Global Irradians (svenska stationer),"medelvärde 1 timma, varje timme",watt per kvadratmeter,2026-06-27T19:00:00Z,2026-06-27T21:00:00+02:00,1782586800000,,129.69,129.69,G,,latest-months
162015,Luleå Sol,11,Global Irradians (svenska stationer),"medelvärde 1 timma, varje timme",watt per kvadratmeter,2026-06-27T20:00:00Z,2026-06-27T22:00:00+02:00,1782590400000,,61.36,61.36,G,,latest-months
162015,Luleå Sol,11,Global Irradians (svenska stationer),"medelvärde 1 timma, varje timme",watt per kvadratmeter,2026-06-27T21:00:00Z,2026-06-27T23:00:00+02:00,1782594000000,,27.13,27.13,G,,latest-months
162015,Luleå Sol,11,Global Irradians (svenska stationer),"medelvärde 1 timma, varje timme",watt per kvadratmeter,2026-06-27T22:00:00Z,2026-06-28T00:00:00+02:00,1782597600000,,10.09,10.09,G,,latest-months
162015,Luleå Sol,11,Global Irradians (svenska stationer),"medelvärde 1 timma, varje timme",watt per kvadratmeter,2026-06-27T23:00:00Z,2026-06-28T01:00:00+02:00,1782601200000,,5.64,5.64,G,,latest-months
162015,Luleå Sol,11,Global Irradians (svenska stationer),"medelvärde 1 timma, varje timme",watt per kvadratmeter,2026-06-28T00:00:00Z,2026-06-28T02:00:00+02:00,1782604800000,,7.77,7.77,G,,latest-months
162015,Luleå Sol,11,Global Irradians (svenska stationer),"medelvärde 1 timma, varje timme",watt per kvadratmeter,2026-06-28T01:00:00Z,2026-06-28T03:00:00+02:00,1782608400000,,18.15,18.15,G,,latest-months
162015,Luleå Sol,11,Global Irradians (svenska stationer),"medelvärde 1 timma, varje timme",watt per kvadratmeter,2026-06-28T02:00:00Z,2026-06-28T04:00:00+02:00,1782612000000,,34.54,34.54,G,,latest-months
162015,Luleå Sol,11,Global Irradians (svenska stationer),"medelvärde 1 timma, varje timme",watt per kvadratmeter,2026-06-28T03:00:00Z,2026-06-28T05:00:00+02:00,1782615600000,,42.25,42.25,G,,latest-months
162015,Luleå Sol,11,Global Irradians (svenska stationer),"medelvärde 1 timma, varje timme",watt per kvadratmeter,2026-06-28T04:00:00Z,2026-06-28T06:00:00+02:00,1782619200000,,78.52,78.52,G,,latest-months
162015,Luleå Sol,11,Global Irradians (svenska stationer),"medelvärde 1 timma, varje timme",watt per kvadratmeter,2026-06-28T05:00:00Z,2026-06-28T07:00:00+02:00,1782622800000,,173.63,173.63,G,,latest-months
162015,Luleå Sol,11,Global Irradians (svenska stationer),"medelvärde 1 timma, varje timme",watt per kvadratmeter,2026-06-28T06:00:00Z,2026-06-28T08:00:00+02:00,1782626400000,,290.82,290.82,G,,latest-months
162015,Luleå Sol,11,Global Irradians (svenska stationer),"medelvärde 1 timma, varje timme",watt per kvadratmeter,2026-06-28T07:00:00Z,2026-06-28T09:00:00+02:00,1782630000000,,300.54,300.54,G,,latest-months
162015,Luleå Sol,11,Global Irradians (svenska stationer),"medelvärde 1 timma, varje timme",watt per kvadratmeter,2026-06-28T08:00:00Z,2026-06-28T10:00:00+02:00,1782633600000,,191.03,191.03,G,,latest-months
162015,Luleå Sol,11,Global Irradians (svenska stationer),"medelvärde 1 timma, varje timme",watt per kvadratmeter,2026-06-28T09:00:00Z,2026-06-28T11:00:00+02:00,1782637200000,,168.10,168.10,G,,latest-months
162015,Luleå Sol,11,Global Irradians (svenska stationer),"medelvärde 1 timma, varje timme",watt per kvadratmeter,2026-06-28T10:00:00Z,2026-06-28T12:00:00+02:00,1782640800000,,110.71,110.71,G,,latest-months
162015,Luleå Sol,11,Global Irradians (svenska stationer),"medelvärde 1 timma, varje timme",watt per kvadratmeter,2026-06-28T11:00:00Z,2026-06-28T13:00:00+02:00,1782644400000,,127.28,127.28,G,,latest-months
162015,Luleå Sol,11,Global Irradians (svenska stationer),"medelvärde 1 timma, varje timme",watt per kvadratmeter,2026-06-28T12:00:00Z,2026-06-28T14:00:00+02:00,1782648000000,,92.08,92.08,G,,latest-months
162015,Luleå Sol,11,Global Irradians (svenska stationer),"medelvärde 1 timma, varje timme",watt per kvadratmeter,2026-06-28T13:00:00Z,2026-06-28T15:00:00+02:00,1782651600000,,103.34,103.34,G,,latest-months
162015,Luleå Sol,11,Global Irradians (svenska stationer),"medelvärde 1 timma, varje timme",watt per kvadratmeter,2026-06-28T14:00:00Z,2026-06-28T16:00:00+02:00,1782655200000,,131.79,131.79,G,,latest-months
162015,Luleå Sol,11,Global Irradians (svenska stationer),"medelvärde 1 timma, varje timme",watt per kvadratmeter,2026-06-28T15:00:00Z,2026-06-28T17:00:00+02:00,1782658800000,,101.89,101.89,G,,latest-months
162015,Luleå Sol,11,Global Irradians (svenska stationer),"medelvärde 1 timma, varje timme",watt per kvadratmeter,2026-06-28T16:00:00Z,2026-06-28T18:00:00+02:00,1782662400000,,49.48,49.48,G,,latest-months
162015,Luleå Sol,11,Global Irradians (svenska stationer),"medelvärde 1 timma, varje timme",watt per kvadratmeter,2026-06-28T17:00:00Z,2026-06-28T19:00:00+02:00,1782666000000,,55.69,55.69,G,,latest-months
162015,Luleå Sol,11,Global Irradians (svenska stationer),"medelvärde 1 timma, varje timme",watt per kvadratmeter,2026-06-28T18:00:00Z,2026-06-28T20:00:00+02:00,1782669600000,,34.73,34.73,G,,latest-months
162015,Luleå Sol,11,Global Irradians (svenska stationer),"medelvärde 1 timma, varje timme",watt per kvadratmeter,2026-06-28T19:00:00Z,2026-06-28T21:00:00+02:00,1782673200000,,23.33,23.33,G,,latest-months
162015,Luleå Sol,11,Global Irradians (svenska stationer),"medelvärde 1 timma, varje timme",watt per kvadratmeter,2026-06-28T20:00:00Z,2026-06-28T22:00:00+02:00,1782676800000,,10.69,10.69,G,,latest-months
162015,Luleå Sol,11,Global Irradians (svenska stationer),"medelvärde 1 timma, varje timme",watt per kvadratmeter,2026-06-28T21:00:00Z,2026-06-28T23:00:00+02:00,1782680400000,,7.48,7.48,G,,latest-months
162015,Luleå Sol,11,Global Irradians (svenska stationer),"medelvärde 1 timma, varje timme",watt per kvadratmeter,2026-06-28T22:00:00Z,2026-06-29T00:00:00+02:00,1782684000000,,4.79,4.79,G,,latest-months
162015,Luleå Sol,11,Global Irradians (svenska stationer),"medelvärde 1 timma, varje timme",watt per kvadratmeter,2026-06-28T23:00:00Z,2026-06-29T01:00:00+02:00,1782687600000,,3.45,3.45,G,,latest-months
162015,Luleå Sol,11,Global Irradians (svenska stationer),"medelvärde 1 timma, varje timme",watt per kvadratmeter,2026-06-29T00:00:00Z,2026-06-29T02:00:00+02:00,1782691200000,,4.70,4.70,G,,latest-months
162015,Luleå Sol,11,Global Irradians (svenska stationer),"medelvärde 1 timma, varje timme",watt per kvadratmeter,2026-06-29T01:00:00Z,2026-06-29T03:00:00+02:00,1782694800000,,12.90,12.90,G,,latest-months
162015,Luleå Sol,11,Global Irradians (svenska stationer),"medelvärde 1 timma, varje timme",watt per kvadratmeter,2026-06-29T02:00:00Z,2026-06-29T04:00:00+02:00,1782698400000,,31.40,31.40,G,,latest-months
162015,Luleå Sol,11,Global Irradians (svenska stationer),"medelvärde 1 timma, varje timme",watt per kvadratmeter,2026-06-29T03:00:00Z,2026-06-29T05:00:00+02:00,1782702000000,,112.88,112.88,G,,latest-months
162015,Luleå Sol,11,Global Irradians (svenska stationer),"medelvärde 1 timma, varje timme",watt per kvadratmeter,2026-06-29T04:00:00Z,2026-06-29T06:00:00+02:00,1782705600000,,205.59,205.59,G,,latest-months
162015,Luleå Sol,11,Global Irradians (svenska stationer),"medelvärde 1 timma, varje timme",watt per kvadratmeter,2026-06-29T05:00:00Z,2026-06-29T07:00:00+02:00,1782709200000,,316.58,316.58,G,,latest-months
162015,Luleå Sol,11,Global Irradians (svenska stationer),"medelvärde 1 timma, varje timme",watt per kvadratmeter,2026-06-29T06:00:00Z,2026-06-29T08:00:00+02:00,1782712800000,,424.22,424.22,G,,latest-months
162015,Luleå Sol,11,Global Irradians (svenska stationer),"medelvärde 1 timma, varje timme",watt per kvadratmeter,2026-06-29T07:00:00Z,2026-06-29T09:00:00+02:00,1782716400000,,508.08,508.08,G,,latest-months
162015,Luleå Sol,11,Global Irradians (svenska stationer),"medelvärde 1 timma, varje timme",watt per kvadratmeter,2026-06-29T08:00:00Z,2026-06-29T10:00:00+02:00,1782720000000,,545.21,545.21,G,,latest-months
162015,Luleå Sol,11,Global Irradians (svenska stationer),"medelvärde 1 timma, varje timme",watt per kvadratmeter,2026-06-29T09:00:00Z,2026-06-29T11:00:00+02:00,1782723600000,,578.05,578.05,G,,latest-months
162015,Luleå Sol,11,Global Irradians (svenska stationer),"medelvärde 1 timma, varje timme",watt per kvadratmeter,2026-06-29T10:00:00Z,2026-06-29T12:00:00+02:00,1782727200000,,690.68,690.68,G,,latest-months
162015,Luleå Sol,11,Global Irradians (svenska stationer),"medelvärde 1 timma, varje timme",watt per kvadratmeter,2026-06-29T11:00:00Z,2026-06-29T13:00:00+02:00,1782730800000,,718.45,718.45,G,,latest-months
162015,Luleå Sol,11,Global Irradians (svenska stationer),"medelvärde 1 timma, varje timme",watt per kvadratmeter,2026-06-29T12:00:00Z,2026-06-29T14:00:00+02:00,1782734400000,,749.78,749.78,G,,latest-months
162015,Luleå Sol,11,Global Irradians (svenska stationer),"medelvärde 1 timma, varje timme",watt per kvadratmeter,2026-06-29T13:00:00Z,2026-06-29T15:00:00+02:00,1782738000000,,569.82,569.82,G,,latest-months
162015,Luleå Sol,11,Global Irradians (svenska stationer),"medelvärde 1 timma, varje timme",watt per kvadratmeter,2026-06-29T14:00:00Z,2026-06-29T16:00:00+02:00,1782741600000,,292.67,292.67,G,,latest-months
162015,Luleå Sol,11,Global Irradians (svenska stationer),"medelvärde 1 timma, varje timme",watt per kvadratmeter,2026-06-29T15:00:00Z,2026-06-29T17:00:00+02:00,1782745200000,,99.71,99.71,G,,latest-months
162015,Luleå Sol,11,Global Irradians (svenska stationer),"medelvärde 1 timma, varje timme",watt per kvadratmeter,2026-06-29T16:00:00Z,2026-06-29T18:00:00+02:00,1782748800000,,154.39,154.39,G,,latest-months
162015,Luleå Sol,11,Global Irradians (svenska stationer),"medelvärde 1 timma, varje timme",watt per kvadratmeter,2026-06-29T17:00:00Z,2026-06-29T19:00:00+02:00,1782752400000,,106.28,106.28,G,,latest-months
162015,Luleå Sol,11,Global Irradians (svenska stationer),"medelvärde 1 timma, varje timme",watt per kvadratmeter,2026-06-29T18:00:00Z,2026-06-29T20:00:00+02:00,1782756000000,,12.31,12.31,G,,latest-months
162015,Luleå Sol,11,Global Irradians (svenska stationer),"medelvärde 1 timma, varje timme",watt per kvadratmeter,2026-06-29T19:00:00Z,2026-06-29T21:00:00+02:00,1782759600000,,16.07,16.07,G,,latest-months
162015,Luleå Sol,11,Global Irradians (svenska stationer),"medelvärde 1 timma, varje timme",watt per kvadratmeter,2026-06-29T20:00:00Z,2026-06-29T22:00:00+02:00,1782763200000,,9.76,9.76,G,,latest-months
162015,Luleå Sol,11,Global Irradians (svenska stationer),"medelvärde 1 timma, varje timme",watt per kvadratmeter,2026-06-29T21:00:00Z,2026-06-29T23:00:00+02:00,1782766800000,,1.83,1.83,G,,latest-months
162015,Luleå Sol,11,Global Irradians (svenska stationer),"medelvärde 1 timma, varje timme",watt per kvadratmeter,2026-06-29T22:00:00Z,2026-06-30T00:00:00+02:00,1782770400000,,1.66,1.66,G,,latest-months
162015,Luleå Sol,11,Global Irradians (svenska stationer),"medelvärde 1 timma, varje timme",watt per kvadratmeter,2026-06-29T23:00:00Z,2026-06-30T01:00:00+02:00,1782774000000,,1.64,1.64,G,,latest-months
162015,Luleå Sol,11,Global Irradians (svenska stationer),"medelvärde 1 timma, varje timme",watt per kvadratmeter,2026-06-30T00:00:00Z,2026-06-30T02:00:00+02:00,1782777600000,,3.21,3.21,G,,latest-months
162015,Luleå Sol,11,Global Irradians (svenska stationer),"medelvärde 1 timma, varje timme",watt per kvadratmeter,2026-06-30T01:00:00Z,2026-06-30T03:00:00+02:00,1782781200000,,9.23,9.23,G,,latest-months
162015,Luleå Sol,11,Global Irradians (svenska stationer),"medelvärde 1 timma, varje timme",watt per kvadratmeter,2026-06-30T02:00:00Z,2026-06-30T04:00:00+02:00,1782784800000,,49.57,49.57,G,,latest-months
162015,Luleå Sol,11,Global Irradians (svenska stationer),"medelvärde 1 timma, varje timme",watt per kvadratmeter,2026-06-30T03:00:00Z,2026-06-30T05:00:00+02:00,1782788400000,,118.72,118.72,G,,latest-months
162015,Luleå Sol,11,Global Irradians (svenska stationer),"medelvärde 1 timma, varje timme",watt per kvadratmeter,2026-06-30T04:00:00Z,2026-06-30T06:00:00+02:00,1782792000000,,209.12,209.12,G,,latest-months
162015,Luleå Sol,11,Global Irradians (svenska stationer),"medelvärde 1 timma, varje timme",watt per kvadratmeter,2026-06-30T05:00:00Z,2026-06-30T07:00:00+02:00,1782795600000,,312.12,312.12,G,,latest-months
162015,Luleå Sol,11,Global Irradians (svenska stationer),"medelvärde 1 timma, varje timme",watt per kvadratmeter,2026-06-30T06:00:00Z,2026-06-30T08:00:00+02:00,1782799200000,,419.25,419.25,G,,latest-months
162015,Luleå Sol,11,Global Irradians (svenska stationer),"medelvärde 1 timma, varje timme",watt per kvadratmeter,2026-06-30T07:00:00Z,2026-06-30T09:00:00+02:00,1782802800000,,520.50,520.50,G,,latest-months
162015,Luleå Sol,11,Global Irradians (svenska stationer),"medelvärde 1 timma, varje timme",watt per kvadratmeter,2026-06-30T08:00:00Z,2026-06-30T10:00:00+02:00,1782806400000,,596.46,596.46,G,,latest-months
162015,Luleå Sol,11,Global Irradians (svenska stationer),"medelvärde 1 timma, varje timme",watt per kvadratmeter,2026-06-30T09:00:00Z,2026-06-30T11:00:00+02:00,1782810000000,,660.18,660.18,G,,latest-months
162015,Luleå Sol,11,Global Irradians (svenska stationer),"medelvärde 1 timma, varje timme",watt per kvadratmeter,2026-06-30T10:00:00Z,2026-06-30T12:00:00+02:00,1782813600000,,622.30,622.30,G,,latest-months
162015,Luleå Sol,11,Global Irradians (svenska stationer),"medelvärde 1 timma, varje timme",watt per kvadratmeter,2026-06-30T11:00:00Z,2026-06-30T13:00:00+02:00,1782817200000,,606.32,606.32,G,,latest-months
162015,Luleå Sol,11,Global Irradians (svenska stationer),"medelvärde 1 timma, varje timme",watt per kvadratmeter,2026-06-30T12:00:00Z,2026-06-30T14:00:00+02:00,1782820800000,,470.76,470.76,G,,latest-months
162015,Luleå Sol,11,Global Irradians (svenska stationer),"medelvärde 1 timma, varje timme",watt per kvadratmeter,2026-06-30T13:00:00Z,2026-06-30T15:00:00+02:00,1782824400000,,590.01,590.01,G,,latest-months
162015,Luleå Sol,11,Global Irradians (svenska stationer),"medelvärde 1 timma, varje timme",watt per kvadratmeter,2026-06-30T14:00:00Z,2026-06-30T16:00:00+02:00,1782828000000,,688.99,688.99,G,,latest-months
162015,Luleå Sol,11,Global Irradians (svenska stationer),"medelvärde 1 timma, varje timme",watt per kvadratmeter,2026-06-30T15:00:00Z,2026-06-30T17:00:00+02:00,1782831600000,,466.58,466.58,G,,latest-months
162015,Luleå Sol,11,Global Irradians (svenska stationer),"medelvärde 1 timma, varje timme",watt per kvadratmeter,2026-06-30T16:00:00Z,2026-06-30T18:00:00+02:00,1782835200000,,450.14,450.14,G,,latest-months
162015,Luleå Sol,11,Global Irradians (svenska stationer),"medelvärde 1 timma, varje timme",watt per kvadratmeter,2026-06-30T17:00:00Z,2026-06-30T19:00:00+02:00,1782838800000,,333.84,333.84,G,,latest-months
162015,Luleå Sol,11,Global Irradians (svenska stationer),"medelvärde 1 timma, varje timme",watt per kvadratmeter,2026-06-30T18:00:00Z,2026-06-30T20:00:00+02:00,1782842400000,,184.96,184.96,G,,latest-months
162015,Luleå Sol,11,Global Irradians (svenska stationer),"medelvärde 1 timma, varje timme",watt per kvadratmeter,2026-06-30T19:00:00Z,2026-06-30T21:00:00+02:00,1782846000000,,68.59,68.59,G,,latest-months
162015,Luleå Sol,11,Global Irradians (svenska stationer),"medelvärde 1 timma, varje timme",watt per kvadratmeter,2026-06-30T20:00:00Z,2026-06-30T22:00:00+02:00,1782849600000,,40.26,40.26,G,,latest-months
162015,Luleå Sol,11,Global Irradians (svenska stationer),"medelvärde 1 timma, varje timme",watt per kvadratmeter,2026-06-30T21:00:00Z,2026-06-30T23:00:00+02:00,1782853200000,,20.72,20.72,G,,latest-months
162015,Luleå Sol,11,Global Irradians (svenska stationer),"medelvärde 1 timma, varje timme",watt per kvadratmeter,2026-06-30T22:00:00Z,2026-07-01T00:00:00+02:00,1782856800000,,6.01,6.01,G,,latest-months
162015,Luleå Sol,11,Global Irradians (svenska stationer),"medelvärde 1 timma, varje timme",watt per kvadratmeter,2026-06-30T23:00:00Z,2026-07-01T01:00:00+02:00,1782860400000,,3.99,3.99,G,,latest-months
162015,Luleå Sol,11,Global Irradians (svenska stationer),"medelvärde 1 timma, varje timme",watt per kvadratmeter,2026-07-01T00:00:00Z,2026-07-01T02:00:00+02:00,1782864000000,,5.89,5.89,G,,latest-months
162015,Luleå Sol,11,Global Irradians (svenska stationer),"medelvärde 1 timma, varje timme",watt per kvadratmeter,2026-07-01T01:00:00Z,2026-07-01T03:00:00+02:00,1782867600000,,17.20,17.20,G,,latest-months
162015,Luleå Sol,11,Global Irradians (svenska stationer),"medelvärde 1 timma, varje timme",watt per kvadratmeter,2026-07-01T02:00:00Z,2026-07-01T04:00:00+02:00,1782871200000,,53.48,53.48,G,,latest-months
162015,Luleå Sol,11,Global Irradians (svenska stationer),"medelvärde 1 timma, varje timme",watt per kvadratmeter,2026-07-01T03:00:00Z,2026-07-01T05:00:00+02:00,1782874800000,,114.95,114.95,G,,latest-months
162015,Luleå Sol,11,Global Irradians (svenska stationer),"medelvärde 1 timma, varje timme",watt per kvadratmeter,2026-07-01T04:00:00Z,2026-07-01T06:00:00+02:00,1782878400000,,209.62,209.62,G,,latest-months
162015,Luleå Sol,11,Global Irradians (svenska stationer),"medelvärde 1 timma, varje timme",watt per kvadratmeter,2026-07-01T05:00:00Z,2026-07-01T07:00:00+02:00,1782882000000,,311.23,311.23,G,,latest-months
162015,Luleå Sol,11,Global Irradians (svenska stationer),"medelvärde 1 timma, varje timme",watt per kvadratmeter,2026-07-01T06:00:00Z,2026-07-01T08:00:00+02:00,1782885600000,,422.91,422.91,G,,latest-months
162015,Luleå Sol,11,Global Irradians (svenska stationer),"medelvärde 1 timma, varje timme",watt per kvadratmeter,2026-07-01T07:00:00Z,2026-07-01T09:00:00+02:00,1782889200000,,525.26,525.26,G,,latest-months
162015,Luleå Sol,11,Global Irradians (svenska stationer),"medelvärde 1 timma, varje timme",watt per kvadratmeter,2026-07-01T08:00:00Z,2026-07-01T10:00:00+02:00,1782892800000,,618.76,618.76,G,,latest-months
162015,Luleå Sol,11,Global Irradians (svenska stationer),"medelvärde 1 timma, varje timme",watt per kvadratmeter,2026-07-01T09:00:00Z,2026-07-01T11:00:00+02:00,1782896400000,,688.71,688.71,G,,latest-months
162015,Luleå Sol,11,Global Irradians (svenska stationer),"medelvärde 1 timma, varje timme",watt per kvadratmeter,2026-07-01T10:00:00Z,2026-07-01T12:00:00+02:00,1782900000000,,731.87,731.87,G,,latest-months
162015,Luleå Sol,11,Global Irradians (svenska stationer),"medelvärde 1 timma, varje timme",watt per kvadratmeter,2026-07-01T11:00:00Z,2026-07-01T13:00:00+02:00,1782903600000,,754.38,754.38,G,,latest-months
162015,Luleå Sol,11,Global Irradians (svenska stationer),"medelvärde 1 timma, varje timme",watt per kvadratmeter,2026-07-01T12:00:00Z,2026-07-01T14:00:00+02:00,1782907200000,,690.83,690.83,G,,latest-months
162015,Luleå Sol,11,Global Irradians (svenska stationer),"medelvärde 1 timma, varje timme",watt per kvadratmeter,2026-07-01T13:00:00Z,2026-07-01T15:00:00+02:00,1782910800000,,638.52,638.52,G,,latest-months
162015,Luleå Sol,11,Global Irradians (svenska stationer),"medelvärde 1 timma, varje timme",watt per kvadratmeter,2026-07-01T14:00:00Z,2026-07-01T16:00:00+02:00,1782914400000,,589.35,589.35,G,,latest-months
162015,Luleå Sol,11,Global Irradians (svenska stationer),"medelvärde 1 timma, varje timme",watt per kvadratmeter,2026-07-01T15:00:00Z,2026-07-01T17:00:00+02:00,1782918000000,,579.41,579.41,G,,latest-months
162015,Luleå Sol,11,Global Irradians (svenska stationer),"medelvärde 1 timma, varje timme",watt per kvadratmeter,2026-07-01T16:00:00Z,2026-07-01T18:00:00+02:00,1782921600000,,387.79,387.79,G,,latest-months
162015,Luleå Sol,11,Global Irradians (svenska stationer),"medelvärde 1 timma, varje timme",watt per kvadratmeter,2026-07-01T17:00:00Z,2026-07-01T19:00:00+02:00,1782925200000,,136.01,136.01,G,,latest-months
162015,Luleå Sol,11,Global Irradians (svenska stationer),"medelvärde 1 timma, varje timme",watt per kvadratmeter,2026-07-01T18:00:00Z,2026-07-01T20:00:00+02:00,1782928800000,,204.55,204.55,G,,latest-months
162015,Luleå Sol,11,Global Irradians (svenska stationer),"medelvärde 1 timma, varje timme",watt per kvadratmeter,2026-07-01T19:00:00Z,2026-07-01T21:00:00+02:00,1782932400000,,120.60,120.60,G,,latest-months
162015,Luleå Sol,11,Global Irradians (svenska stationer),"medelvärde 1 timma, varje timme",watt per kvadratmeter,2026-07-01T20:00:00Z,2026-07-01T22:00:00+02:00,1782936000000,,43.01,43.01,G,,latest-months
162015,Luleå Sol,11,Global Irradians (svenska stationer),"medelvärde 1 timma, varje timme",watt per kvadratmeter,2026-07-01T21:00:00Z,2026-07-01T23:00:00+02:00,1782939600000,,25.59,25.59,G,,latest-months
162015,Luleå Sol,11,Global Irradians (svenska stationer),"medelvärde 1 timma, varje timme",watt per kvadratmeter,2026-07-01T22:00:00Z,2026-07-02T00:00:00+02:00,1782943200000,,5.40,5.40,G,,latest-months
162015,Luleå Sol,11,Global Irradians (svenska stationer),"medelvärde 1 timma, varje timme",watt per kvadratmeter,2026-07-01T23:00:00Z,2026-07-02T01:00:00+02:00,1782946800000,,3.39,3.39,G,,latest-months
162015,Luleå Sol,11,Global Irradians (svenska stationer),"medelvärde 1 timma, varje timme",watt per kvadratmeter,2026-07-02T00:00:00Z,2026-07-02T02:00:00+02:00,1782950400000,,4.86,4.86,G,,latest-months
162015,Luleå Sol,11,Global Irradians (svenska stationer),"medelvärde 1 timma, varje timme",watt per kvadratmeter,2026-07-02T01:00:00Z,2026-07-02T03:00:00+02:00,1782954000000,,15.16,15.16,G,,latest-months
162015,Luleå Sol,11,Global Irradians (svenska stationer),"medelvärde 1 timma, varje timme",watt per kvadratmeter,2026-07-02T02:00:00Z,2026-07-02T04:00:00+02:00,1782957600000,,52.86,52.86,G,,latest-months
162015,Luleå Sol,11,Global Irradians (svenska stationer),"medelvärde 1 timma, varje timme",watt per kvadratmeter,2026-07-02T03:00:00Z,2026-07-02T05:00:00+02:00,1782961200000,,106.97,106.97,G,,latest-months
162015,Luleå Sol,11,Global Irradians (svenska stationer),"medelvärde 1 timma, varje timme",watt per kvadratmeter,2026-07-02T04:00:00Z,2026-07-02T06:00:00+02:00,1782964800000,,203.18,203.18,G,,latest-months
162015,Luleå Sol,11,Global Irradians (svenska stationer),"medelvärde 1 timma, varje timme",watt per kvadratmeter,2026-07-02T05:00:00Z,2026-07-02T07:00:00+02:00,1782968400000,,318.16,318.16,G,,latest-months
162015,Luleå Sol,11,Global Irradians (svenska stationer),"medelvärde 1 timma, varje timme",watt per kvadratmeter,2026-07-02T06:00:00Z,2026-07-02T08:00:00+02:00,1782972000000,,370.00,370.00,G,,latest-months
162015,Luleå Sol,11,Global Irradians (svenska stationer),"medelvärde 1 timma, varje timme",watt per kvadratmeter,2026-07-02T07:00:00Z,2026-07-02T09:00:00+02:00,1782975600000,,514.72,514.72,G,,latest-months
162015,Luleå Sol,11,Global Irradians (svenska stationer),"medelvärde 1 timma, varje timme",watt per kvadratmeter,2026-07-02T08:00:00Z,2026-07-02T10:00:00+02:00,1782979200000,,581.39,581.39,G,,latest-months
162015,Luleå Sol,11,Global Irradians (svenska stationer),"medelvärde 1 timma, varje timme",watt per kvadratmeter,2026-07-02T09:00:00Z,2026-07-02T11:00:00+02:00,1782982800000,,379.61,379.61,G,,latest-months
162015,Luleå Sol,11,Global Irradians (svenska stationer),"medelvärde 1 timma, varje timme",watt per kvadratmeter,2026-07-02T10:00:00Z,2026-07-02T12:00:00+02:00,1782986400000,,554.28,554.28,G,,latest-months
162015,Luleå Sol,11,Global Irradians (svenska stationer),"medelvärde 1 timma, varje timme",watt per kvadratmeter,2026-07-02T11:00:00Z,2026-07-02T13:00:00+02:00,1782990000000,,770.60,770.60,G,,latest-months
162015,Luleå Sol,11,Global Irradians (svenska stationer),"medelvärde 1 timma, varje timme",watt per kvadratmeter,2026-07-02T12:00:00Z,2026-07-02T14:00:00+02:00,1782993600000,,737.00,737.00,G,,latest-months
162015,Luleå Sol,11,Global Irradians (svenska stationer),"medelvärde 1 timma, varje timme",watt per kvadratmeter,2026-07-02T13:00:00Z,2026-07-02T15:00:00+02:00,1782997200000,,640.12,640.12,G,,latest-months
162015,Luleå Sol,11,Global Irradians (svenska stationer),"medelvärde 1 timma, varje timme",watt per kvadratmeter,2026-07-02T14:00:00Z,2026-07-02T16:00:00+02:00,1783000800000,,546.66,546.66,G,,latest-months
162015,Luleå Sol,11,Global Irradians (svenska stationer),"medelvärde 1 timma, varje timme",watt per kvadratmeter,2026-07-02T15:00:00Z,2026-07-02T17:00:00+02:00,1783004400000,,546.33,546.33,G,,latest-months
162015,Luleå Sol,11,Global Irradians (svenska stationer),"medelvärde 1 timma, varje timme",watt per kvadratmeter,2026-07-02T16:00:00Z,2026-07-02T18:00:00+02:00,1783008000000,,448.68,448.68,G,,latest-months
162015,Luleå Sol,11,Global Irradians (svenska stationer),"medelvärde 1 timma, varje timme",watt per kvadratmeter,2026-07-02T17:00:00Z,2026-07-02T19:00:00+02:00,1783011600000,,333.72,333.72,G,,latest-months
162015,Luleå Sol,11,Global Irradians (svenska stationer),"medelvärde 1 timma, varje timme",watt per kvadratmeter,2026-07-02T18:00:00Z,2026-07-02T20:00:00+02:00,1783015200000,,223.31,223.31,G,,latest-months
162015,Luleå Sol,11,Global Irradians (svenska stationer),"medelvärde 1 timma, varje timme",watt per kvadratmeter,2026-07-02T19:00:00Z,2026-07-02T21:00:00+02:00,1783018800000,,132.97,132.97,G,,latest-months
162015,Luleå Sol,11,Global Irradians (svenska stationer),"medelvärde 1 timma, varje timme",watt per kvadratmeter,2026-07-02T20:00:00Z,2026-07-02T22:00:00+02:00,1783022400000,,61.54,61.54,G,,latest-months
162015,Luleå Sol,11,Global Irradians (svenska stationer),"medelvärde 1 timma, varje timme",watt per kvadratmeter,2026-07-02T21:00:00Z,2026-07-02T23:00:00+02:00,1783026000000,,19.67,19.67,G,,latest-months
162015,Luleå Sol,11,Global Irradians (svenska stationer),"medelvärde 1 timma, varje timme",watt per kvadratmeter,2026-07-02T22:00:00Z,2026-07-03T00:00:00+02:00,1783029600000,,5.49,5.49,G,,latest-months
162015,Luleå Sol,11,Global Irradians (svenska stationer),"medelvärde 1 timma, varje timme",watt per kvadratmeter,2026-07-02T23:00:00Z,2026-07-03T01:00:00+02:00,1783033200000,,3.42,3.42,G,,latest-months
162015,Luleå Sol,11,Global Irradians (svenska stationer),"medelvärde 1 timma, varje timme",watt per kvadratmeter,2026-07-03T00:00:00Z,2026-07-03T02:00:00+02:00,1783036800000,,4.93,4.93,G,,latest-months
162015,Luleå Sol,11,Global Irradians (svenska stationer),"medelvärde 1 timma, varje timme",watt per kvadratmeter,2026-07-03T01:00:00Z,2026-07-03T03:00:00+02:00,1783040400000,,14.14,14.14,G,,latest-months
162015,Luleå Sol,11,Global Irradians (svenska stationer),"medelvärde 1 timma, varje timme",watt per kvadratmeter,2026-07-03T02:00:00Z,2026-07-03T04:00:00+02:00,1783044000000,,49.65,49.65,G,,latest-months
162015,Luleå Sol,11,Global Irradians (svenska stationer),"medelvärde 1 timma, varje timme",watt per kvadratmeter,2026-07-03T03:00:00Z,2026-07-03T05:00:00+02:00,1783047600000,,114.74,114.74,G,,latest-months
162015,Luleå Sol,11,Global Irradians (svenska stationer),"medelvärde 1 timma, varje timme",watt per kvadratmeter,2026-07-03T04:00:00Z,2026-07-03T06:00:00+02:00,1783051200000,,204.28,204.28,G,,latest-months
162015,Luleå Sol,11,Global Irradians (svenska stationer),"medelvärde 1 timma, varje timme",watt per kvadratmeter,2026-07-03T05:00:00Z,2026-07-03T07:00:00+02:00,1783054800000,,307.23,307.23,G,,latest-months
162015,Luleå Sol,11,Global Irradians (svenska stationer),"medelvärde 1 timma, varje timme",watt per kvadratmeter,2026-07-03T06:00:00Z,2026-07-03T08:00:00+02:00,1783058400000,,415.07,415.07,G,,latest-months
162015,Luleå Sol,11,Global Irradians (svenska stationer),"medelvärde 1 timma, varje timme",watt per kvadratmeter,2026-07-03T07:00:00Z,2026-07-03T09:00:00+02:00,1783062000000,,516.92,516.92,G,,latest-months
162015,Luleå Sol,11,Global Irradians (svenska stationer),"medelvärde 1 timma, varje timme",watt per kvadratmeter,2026-07-03T08:00:00Z,2026-07-03T10:00:00+02:00,1783065600000,,606.92,606.92,G,,latest-months
162015,Luleå Sol,11,Global Irradians (svenska stationer),"medelvärde 1 timma, varje timme",watt per kvadratmeter,2026-07-03T09:00:00Z,2026-07-03T11:00:00+02:00,1783069200000,,680.30,680.30,G,,latest-months
162015,Luleå Sol,11,Global Irradians (svenska stationer),"medelvärde 1 timma, varje timme",watt per kvadratmeter,2026-07-03T10:00:00Z,2026-07-03T12:00:00+02:00,1783072800000,,729.59,729.59,G,,latest-months
162015,Luleå Sol,11,Global Irradians (svenska stationer),"medelvärde 1 timma, varje timme",watt per kvadratmeter,2026-07-03T11:00:00Z,2026-07-03T13:00:00+02:00,1783076400000,,747.42,747.42,G,,latest-months
162015,Luleå Sol,11,Global Irradians (svenska stationer),"medelvärde 1 timma, varje timme",watt per kvadratmeter,2026-07-03T12:00:00Z,2026-07-03T14:00:00+02:00,1783080000000,,735.44,735.44,G,,latest-months
162015,Luleå Sol,11,Global Irradians (svenska stationer),"medelvärde 1 timma, varje timme",watt per kvadratmeter,2026-07-03T13:00:00Z,2026-07-03T15:00:00+02:00,1783083600000,,692.73,692.73,G,,latest-months
162015,Luleå Sol,11,Global Irradians (svenska stationer),"medelvärde 1 timma, varje timme",watt per kvadratmeter,2026-07-03T14:00:00Z,2026-07-03T16:00:00+02:00,1783087200000,,626.73,626.73,G,,latest-months
162015,Luleå Sol,11,Global Irradians (svenska stationer),"medelvärde 1 timma, varje timme",watt per kvadratmeter,2026-07-03T15:00:00Z,2026-07-03T17:00:00+02:00,1783090800000,,540.38,540.38,G,,latest-months
162015,Luleå Sol,11,Global Irradians (svenska stationer),"medelvärde 1 timma, varje timme",watt per kvadratmeter,2026-07-03T16:00:00Z,2026-07-03T18:00:00+02:00,1783094400000,,438.76,438.76,G,,latest-months
162015,Luleå Sol,11,Global Irradians (svenska stationer),"medelvärde 1 timma, varje timme",watt per kvadratmeter,2026-07-03T17:00:00Z,2026-07-03T19:00:00+02:00,1783098000000,,330.10,330.10,G,,latest-months
162015,Luleå Sol,11,Global Irradians (svenska stationer),"medelvärde 1 timma, varje timme",watt per kvadratmeter,2026-07-03T18:00:00Z,2026-07-03T20:00:00+02:00,1783101600000,,226.21,226.21,G,,latest-months
162015,Luleå Sol,11,Global Irradians (svenska stationer),"medelvärde 1 timma, varje timme",watt per kvadratmeter,2026-07-03T19:00:00Z,2026-07-03T21:00:00+02:00,1783105200000,,133.00,133.00,G,,latest-months
162015,Luleå Sol,11,Global Irradians (svenska stationer),"medelvärde 1 timma, varje timme",watt per kvadratmeter,2026-07-03T20:00:00Z,2026-07-03T22:00:00+02:00,1783108800000,,59.47,59.47,G,,latest-months
162015,Luleå Sol,11,Global Irradians (svenska stationer),"medelvärde 1 timma, varje timme",watt per kvadratmeter,2026-07-03T21:00:00Z,2026-07-03T23:00:00+02:00,1783112400000,,13.01,13.01,G,,latest-months
162015,Luleå Sol,11,Global Irradians (svenska stationer),"medelvärde 1 timma, varje timme",watt per kvadratmeter,2026-07-03T22:00:00Z,2026-07-04T00:00:00+02:00,1783116000000,,3.79,3.79,G,,latest-months
162015,Luleå Sol,11,Global Irradians (svenska stationer),"medelvärde 1 timma, varje timme",watt per kvadratmeter,2026-07-03T23:00:00Z,2026-07-04T01:00:00+02:00,1783119600000,,2.75,2.75,G,,latest-months
162015,Luleå Sol,11,Global Irradians (svenska stationer),"medelvärde 1 timma, varje timme",watt per kvadratmeter,2026-07-04T00:00:00Z,2026-07-04T02:00:00+02:00,1783123200000,,5.93,5.93,G,,latest-months
162015,Luleå Sol,11,Global Irradians (svenska stationer),"medelvärde 1 timma, varje timme",watt per kvadratmeter,2026-07-04T01:00:00Z,2026-07-04T03:00:00+02:00,1783126800000,,20.35,20.35,G,,latest-months
162015,Luleå Sol,11,Global Irradians (svenska stationer),"medelvärde 1 timma, varje timme",watt per kvadratmeter,2026-07-04T02:00:00Z,2026-07-04T04:00:00+02:00,1783130400000,,66.84,66.84,G,,latest-months
162015,Luleå Sol,11,Global Irradians (svenska stationer),"medelvärde 1 timma, varje timme",watt per kvadratmeter,2026-07-04T03:00:00Z,2026-07-04T05:00:00+02:00,1783134000000,,93.05,93.05,G,,latest-months
162015,Luleå Sol,11,Global Irradians (svenska stationer),"medelvärde 1 timma, varje timme",watt per kvadratmeter,2026-07-04T04:00:00Z,2026-07-04T06:00:00+02:00,1783137600000,,175.27,175.27,G,,latest-months
162015,Luleå Sol,11,Global Irradians (svenska stationer),"medelvärde 1 timma, varje timme",watt per kvadratmeter,2026-07-04T05:00:00Z,2026-07-04T07:00:00+02:00,1783141200000,,269.58,269.58,G,,latest-months
162015,Luleå Sol,11,Global Irradians (svenska stationer),"medelvärde 1 timma, varje timme",watt per kvadratmeter,2026-07-04T06:00:00Z,2026-07-04T08:00:00+02:00,1783144800000,,266.02,266.02,G,,latest-months
162015,Luleå Sol,11,Global Irradians (svenska stationer),"medelvärde 1 timma, varje timme",watt per kvadratmeter,2026-07-04T07:00:00Z,2026-07-04T09:00:00+02:00,1783148400000,,477.31,477.31,G,,latest-months
162015,Luleå Sol,11,Global Irradians (svenska stationer),"medelvärde 1 timma, varje timme",watt per kvadratmeter,2026-07-04T08:00:00Z,2026-07-04T10:00:00+02:00,1783152000000,,553.88,553.88,G,,latest-months
162015,Luleå Sol,11,Global Irradians (svenska stationer),"medelvärde 1 timma, varje timme",watt per kvadratmeter,2026-07-04T09:00:00Z,2026-07-04T11:00:00+02:00,1783155600000,,681.56,681.56,G,,latest-months
162015,Luleå Sol,11,Global Irradians (svenska stationer),"medelvärde 1 timma, varje timme",watt per kvadratmeter,2026-07-04T10:00:00Z,2026-07-04T12:00:00+02:00,1783159200000,,729.45,729.45,G,,latest-months
162015,Luleå Sol,11,Global Irradians (svenska stationer),"medelvärde 1 timma, varje timme",watt per kvadratmeter,2026-07-04T11:00:00Z,2026-07-04T13:00:00+02:00,1783162800000,,756.13,756.13,G,,latest-months
162015,Luleå Sol,11,Global Irradians (svenska stationer),"medelvärde 1 timma, varje timme",watt per kvadratmeter,2026-07-04T12:00:00Z,2026-07-04T14:00:00+02:00,1783166400000,,743.55,743.55,G,,latest-months
162015,Luleå Sol,11,Global Irradians (svenska stationer),"medelvärde 1 timma, varje timme",watt per kvadratmeter,2026-07-04T13:00:00Z,2026-07-04T15:00:00+02:00,1783170000000,,689.72,689.72,G,,latest-months
162015,Luleå Sol,11,Global Irradians (svenska stationer),"medelvärde 1 timma, varje timme",watt per kvadratmeter,2026-07-04T14:00:00Z,2026-07-04T16:00:00+02:00,1783173600000,,554.66,554.66,G,,latest-months
162015,Luleå Sol,11,Global Irradians (svenska stationer),"medelvärde 1 timma, varje timme",watt per kvadratmeter,2026-07-04T15:00:00Z,2026-07-04T17:00:00+02:00,1783177200000,,506.99,506.99,G,,latest-months
162015,Luleå Sol,11,Global Irradians (svenska stationer),"medelvärde 1 timma, varje timme",watt per kvadratmeter,2026-07-04T16:00:00Z,2026-07-04T18:00:00+02:00,1783180800000,,333.52,333.52,G,,latest-months
162015,Luleå Sol,11,Global Irradians (svenska stationer),"medelvärde 1 timma, varje timme",watt per kvadratmeter,2026-07-04T17:00:00Z,2026-07-04T19:00:00+02:00,1783184400000,,90.11,90.11,G,,latest-months
162015,Luleå Sol,11,Global Irradians (svenska stationer),"medelvärde 1 timma, varje timme",watt per kvadratmeter,2026-07-04T18:00:00Z,2026-07-04T20:00:00+02:00,1783188000000,,86.38,86.38,G,,latest-months
162015,Luleå Sol,11,Global Irradians (svenska stationer),"medelvärde 1 timma, varje timme",watt per kvadratmeter,2026-07-04T19:00:00Z,2026-07-04T21:00:00+02:00,1783191600000,,44.90,44.90,G,,latest-months
162015,Luleå Sol,11,Global Irradians (svenska stationer),"medelvärde 1 timma, varje timme",watt per kvadratmeter,2026-07-04T20:00:00Z,2026-07-04T22:00:00+02:00,1783195200000,,33.22,33.22,G,,latest-months
162015,Luleå Sol,11,Global Irradians (svenska stationer),"medelvärde 1 timma, varje timme",watt per kvadratmeter,2026-07-04T21:00:00Z,2026-07-04T23:00:00+02:00,1783198800000,,15.05,15.05,G,,latest-months
162015,Luleå Sol,11,Global Irradians (svenska stationer),"medelvärde 1 timma, varje timme",watt per kvadratmeter,2026-07-04T22:00:00Z,2026-07-05T00:00:00+02:00,1783202400000,,5.07,5.07,G,,latest-months
162015,Luleå Sol,11,Global Irradians (svenska stationer),"medelvärde 1 timma, varje timme",watt per kvadratmeter,2026-07-04T23:00:00Z,2026-07-05T01:00:00+02:00,1783206000000,,2.38,2.38,G,,latest-months
162015,Luleå Sol,11,Global Irradians (svenska stationer),"medelvärde 1 timma, varje timme",watt per kvadratmeter,2026-07-05T00:00:00Z,2026-07-05T02:00:00+02:00,1783209600000,,3.53,3.53,G,,latest-months
162015,Luleå Sol,11,Global Irradians (svenska stationer),"medelvärde 1 timma, varje timme",watt per kvadratmeter,2026-07-05T01:00:00Z,2026-07-05T03:00:00+02:00,1783213200000,,11.75,11.75,G,,latest-months
162015,Luleå Sol,11,Global Irradians (svenska stationer),"medelvärde 1 timma, varje timme",watt per kvadratmeter,2026-07-05T02:00:00Z,2026-07-05T04:00:00+02:00,1783216800000,,47.22,47.22,G,,latest-months
162015,Luleå Sol,11,Global Irradians (svenska stationer),"medelvärde 1 timma, varje timme",watt per kvadratmeter,2026-07-05T03:00:00Z,2026-07-05T05:00:00+02:00,1783220400000,,79.84,79.84,G,,latest-months
162015,Luleå Sol,11,Global Irradians (svenska stationer),"medelvärde 1 timma, varje timme",watt per kvadratmeter,2026-07-05T04:00:00Z,2026-07-05T06:00:00+02:00,1783224000000,,163.50,163.50,G,,latest-months
162015,Luleå Sol,11,Global Irradians (svenska stationer),"medelvärde 1 timma, varje timme",watt per kvadratmeter,2026-07-05T05:00:00Z,2026-07-05T07:00:00+02:00,1783227600000,,250.52,250.52,G,,latest-months
162015,Luleå Sol,11,Global Irradians (svenska stationer),"medelvärde 1 timma, varje timme",watt per kvadratmeter,2026-07-05T06:00:00Z,2026-07-05T08:00:00+02:00,1783231200000,,370.47,370.47,G,,latest-months
162015,Luleå Sol,11,Global Irradians (svenska stationer),"medelvärde 1 timma, varje timme",watt per kvadratmeter,2026-07-05T07:00:00Z,2026-07-05T09:00:00+02:00,1783234800000,,480.77,480.77,G,,latest-months
162015,Luleå Sol,11,Global Irradians (svenska stationer),"medelvärde 1 timma, varje timme",watt per kvadratmeter,2026-07-05T08:00:00Z,2026-07-05T10:00:00+02:00,1783238400000,,459.43,459.43,G,,latest-months
162015,Luleå Sol,11,Global Irradians (svenska stationer),"medelvärde 1 timma, varje timme",watt per kvadratmeter,2026-07-05T09:00:00Z,2026-07-05T11:00:00+02:00,1783242000000,,295.03,295.03,G,,latest-months
162015,Luleå Sol,11,Global Irradians (svenska stationer),"medelvärde 1 timma, varje timme",watt per kvadratmeter,2026-07-05T10:00:00Z,2026-07-05T12:00:00+02:00,1783245600000,,670.55,670.55,G,,latest-months
162015,Luleå Sol,11,Global Irradians (svenska stationer),"medelvärde 1 timma, varje timme",watt per kvadratmeter,2026-07-05T11:00:00Z,2026-07-05T13:00:00+02:00,1783249200000,,736.32,736.32,G,,latest-months
162015,Luleå Sol,11,Global Irradians (svenska stationer),"medelvärde 1 timma, varje timme",watt per kvadratmeter,2026-07-05T12:00:00Z,2026-07-05T14:00:00+02:00,1783252800000,,730.83,730.83,G,,latest-months
162015,Luleå Sol,11,Global Irradians (svenska stationer),"medelvärde 1 timma, varje timme",watt per kvadratmeter,2026-07-05T13:00:00Z,2026-07-05T15:00:00+02:00,1783256400000,,694.82,694.82,G,,latest-months
162015,Luleå Sol,11,Global Irradians (svenska stationer),"medelvärde 1 timma, varje timme",watt per kvadratmeter,2026-07-05T14:00:00Z,2026-07-05T16:00:00+02:00,1783260000000,,616.74,616.74,G,,latest-months
162015,Luleå Sol,11,Global Irradians (svenska stationer),"medelvärde 1 timma, varje timme",watt per kvadratmeter,2026-07-05T15:00:00Z,2026-07-05T17:00:00+02:00,1783263600000,,419.01,419.01,G,,latest-months
162015,Luleå Sol,11,Global Irradians (svenska stationer),"medelvärde 1 timma, varje timme",watt per kvadratmeter,2026-07-05T16:00:00Z,2026-07-05T18:00:00+02:00,1783267200000,,366.83,366.83,G,,latest-months
162015,Luleå Sol,11,Global Irradians (svenska stationer),"medelvärde 1 timma, varje timme",watt per kvadratmeter,2026-07-05T17:00:00Z,2026-07-05T19:00:00+02:00,1783270800000,,221.44,221.44,G,,latest-months
162015,Luleå Sol,11,Global Irradians (svenska stationer),"medelvärde 1 timma, varje timme",watt per kvadratmeter,2026-07-05T18:00:00Z,2026-07-05T20:00:00+02:00,1783274400000,,154.08,154.08,G,,latest-months
162015,Luleå Sol,11,Global Irradians (svenska stationer),"medelvärde 1 timma, varje timme",watt per kvadratmeter,2026-07-05T19:00:00Z,2026-07-05T21:00:00+02:00,1783278000000,,128.06,128.06,G,,latest-months
162015,Luleå Sol,11,Global Irradians (svenska stationer),"medelvärde 1 timma, varje timme",watt per kvadratmeter,2026-07-05T20:00:00Z,2026-07-05T22:00:00+02:00,1783281600000,,44.55,44.55,G,,latest-months
162015,Luleå Sol,11,Global Irradians (svenska stationer),"medelvärde 1 timma, varje timme",watt per kvadratmeter,2026-07-05T21:00:00Z,2026-07-05T23:00:00+02:00,1783285200000,,11.90,11.90,G,,latest-months
162015,Luleå Sol,11,Global Irradians (svenska stationer),"medelvärde 1 timma, varje timme",watt per kvadratmeter,2026-07-05T22:00:00Z,2026-07-06T00:00:00+02:00,1783288800000,,2.68,2.68,G,,latest-months
162015,Luleå Sol,11,Global Irradians (svenska stationer),"medelvärde 1 timma, varje timme",watt per kvadratmeter,2026-07-05T23:00:00Z,2026-07-06T01:00:00+02:00,1783292400000,,2.00,2.00,G,,latest-months
162015,Luleå Sol,11,Global Irradians (svenska stationer),"medelvärde 1 timma, varje timme",watt per kvadratmeter,2026-07-06T00:00:00Z,2026-07-06T02:00:00+02:00,1783296000000,,3.45,3.45,G,,latest-months
162015,Luleå Sol,11,Global Irradians (svenska stationer),"medelvärde 1 timma, varje timme",watt per kvadratmeter,2026-07-06T01:00:00Z,2026-07-06T03:00:00+02:00,1783299600000,,8.21,8.21,G,,latest-months
162015,Luleå Sol,11,Global Irradians (svenska stationer),"medelvärde 1 timma, varje timme",watt per kvadratmeter,2026-07-06T02:00:00Z,2026-07-06T04:00:00+02:00,1783303200000,,23.30,23.30,G,,latest-months
162015,Luleå Sol,11,Global Irradians (svenska stationer),"medelvärde 1 timma, varje timme",watt per kvadratmeter,2026-07-06T03:00:00Z,2026-07-06T05:00:00+02:00,1783306800000,,62.11,62.11,G,,latest-months
162015,Luleå Sol,11,Global Irradians (svenska stationer),"medelvärde 1 timma, varje timme",watt per kvadratmeter,2026-07-06T04:00:00Z,2026-07-06T06:00:00+02:00,1783310400000,,102.42,102.42,G,,latest-months
162015,Luleå Sol,11,Global Irradians (svenska stationer),"medelvärde 1 timma, varje timme",watt per kvadratmeter,2026-07-06T05:00:00Z,2026-07-06T07:00:00+02:00,1783314000000,,126.11,126.11,G,,latest-months
162015,Luleå Sol,11,Global Irradians (svenska stationer),"medelvärde 1 timma, varje timme",watt per kvadratmeter,2026-07-06T06:00:00Z,2026-07-06T08:00:00+02:00,1783317600000,,134.87,134.87,G,,latest-months
162015,Luleå Sol,11,Global Irradians (svenska stationer),"medelvärde 1 timma, varje timme",watt per kvadratmeter,2026-07-06T07:00:00Z,2026-07-06T09:00:00+02:00,1783321200000,,126.81,126.81,G,,latest-months
162015,Luleå Sol,11,Global Irradians (svenska stationer),"medelvärde 1 timma, varje timme",watt per kvadratmeter,2026-07-06T08:00:00Z,2026-07-06T10:00:00+02:00,1783324800000,,173.55,173.55,G,,latest-months
162015,Luleå Sol,11,Global Irradians (svenska stationer),"medelvärde 1 timma, varje timme",watt per kvadratmeter,2026-07-06T09:00:00Z,2026-07-06T11:00:00+02:00,1783328400000,,239.84,239.84,G,,latest-months
162015,Luleå Sol,11,Global Irradians (svenska stationer),"medelvärde 1 timma, varje timme",watt per kvadratmeter,2026-07-06T10:00:00Z,2026-07-06T12:00:00+02:00,1783332000000,,209.16,209.16,G,,latest-months
162015,Luleå Sol,11,Global Irradians (svenska stationer),"medelvärde 1 timma, varje timme",watt per kvadratmeter,2026-07-06T11:00:00Z,2026-07-06T13:00:00+02:00,1783335600000,,165.01,165.01,G,,latest-months
162015,Luleå Sol,11,Global Irradians (svenska stationer),"medelvärde 1 timma, varje timme",watt per kvadratmeter,2026-07-06T12:00:00Z,2026-07-06T14:00:00+02:00,1783339200000,,242.52,242.52,G,,latest-months
162015,Luleå Sol,11,Global Irradians (svenska stationer),"medelvärde 1 timma, varje timme",watt per kvadratmeter,2026-07-06T13:00:00Z,2026-07-06T15:00:00+02:00,1783342800000,,294.78,294.78,G,,latest-months
162015,Luleå Sol,11,Global Irradians (svenska stationer),"medelvärde 1 timma, varje timme",watt per kvadratmeter,2026-07-06T14:00:00Z,2026-07-06T16:00:00+02:00,1783346400000,,320.73,320.73,G,,latest-months
162015,Luleå Sol,11,Global Irradians (svenska stationer),"medelvärde 1 timma, varje timme",watt per kvadratmeter,2026-07-06T15:00:00Z,2026-07-06T17:00:00+02:00,1783350000000,,210.32,210.32,G,,latest-months
162015,Luleå Sol,11,Global Irradians (svenska stationer),"medelvärde 1 timma, varje timme",watt per kvadratmeter,2026-07-06T16:00:00Z,2026-07-06T18:00:00+02:00,1783353600000,,175.48,175.48,G,,latest-months
162015,Luleå Sol,11,Global Irradians (svenska stationer),"medelvärde 1 timma, varje timme",watt per kvadratmeter,2026-07-06T17:00:00Z,2026-07-06T19:00:00+02:00,1783357200000,,55.80,55.80,G,,latest-months
162015,Luleå Sol,11,Global Irradians (svenska stationer),"medelvärde 1 timma, varje timme",watt per kvadratmeter,2026-07-06T18:00:00Z,2026-07-06T20:00:00+02:00,1783360800000,,66.98,66.98,G,,latest-months
162015,Luleå Sol,11,Global Irradians (svenska stationer),"medelvärde 1 timma, varje timme",watt per kvadratmeter,2026-07-06T19:00:00Z,2026-07-06T21:00:00+02:00,1783364400000,,19.42,19.42,G,,latest-months
162015,Luleå Sol,11,Global Irradians (svenska stationer),"medelvärde 1 timma, varje timme",watt per kvadratmeter,2026-07-06T20:00:00Z,2026-07-06T22:00:00+02:00,1783368000000,,14.06,14.06,G,,latest-months
162015,Luleå Sol,11,Global Irradians (svenska stationer),"medelvärde 1 timma, varje timme",watt per kvadratmeter,2026-07-06T21:00:00Z,2026-07-06T23:00:00+02:00,1783371600000,,8.09,8.09,G,,latest-months
162015,Luleå Sol,11,Global Irradians (svenska stationer),"medelvärde 1 timma, varje timme",watt per kvadratmeter,2026-07-06T22:00:00Z,2026-07-07T00:00:00+02:00,1783375200000,,2.46,2.46,G,,latest-months
162015,Luleå Sol,11,Global Irradians (svenska stationer),"medelvärde 1 timma, varje timme",watt per kvadratmeter,2026-07-06T23:00:00Z,2026-07-07T01:00:00+02:00,1783378800000,,0.93,0.93,G,,latest-months
162015,Luleå Sol,11,Global Irradians (svenska stationer),"medelvärde 1 timma, varje timme",watt per kvadratmeter,2026-07-07T00:00:00Z,2026-07-07T02:00:00+02:00,1783382400000,,2.25,2.25,G,,latest-months
162015,Luleå Sol,11,Global Irradians (svenska stationer),"medelvärde 1 timma, varje timme",watt per kvadratmeter,2026-07-07T01:00:00Z,2026-07-07T03:00:00+02:00,1783386000000,,3.70,3.70,G,,latest-months
162015,Luleå Sol,11,Global Irradians (svenska stationer),"medelvärde 1 timma, varje timme",watt per kvadratmeter,2026-07-07T02:00:00Z,2026-07-07T04:00:00+02:00,1783389600000,,8.32,8.32,G,,latest-months
162015,Luleå Sol,11,Global Irradians (svenska stationer),"medelvärde 1 timma, varje timme",watt per kvadratmeter,2026-07-07T03:00:00Z,2026-07-07T05:00:00+02:00,1783393200000,,16.89,16.89,G,,latest-months
162015,Luleå Sol,11,Global Irradians (svenska stationer),"medelvärde 1 timma, varje timme",watt per kvadratmeter,2026-07-07T04:00:00Z,2026-07-07T06:00:00+02:00,1783396800000,,38.20,38.20,G,,latest-months
162015,Luleå Sol,11,Global Irradians (svenska stationer),"medelvärde 1 timma, varje timme",watt per kvadratmeter,2026-07-07T05:00:00Z,2026-07-07T07:00:00+02:00,1783400400000,,105.42,105.42,G,,latest-months
162015,Luleå Sol,11,Global Irradians (svenska stationer),"medelvärde 1 timma, varje timme",watt per kvadratmeter,2026-07-07T06:00:00Z,2026-07-07T08:00:00+02:00,1783404000000,,293.34,293.34,G,,latest-months
162015,Luleå Sol,11,Global Irradians (svenska stationer),"medelvärde 1 timma, varje timme",watt per kvadratmeter,2026-07-07T07:00:00Z,2026-07-07T09:00:00+02:00,1783407600000,,401.99,401.99,G,,latest-months
162015,Luleå Sol,11,Global Irradians (svenska stationer),"medelvärde 1 timma, varje timme",watt per kvadratmeter,2026-07-07T08:00:00Z,2026-07-07T10:00:00+02:00,1783411200000,,456.26,456.26,G,,latest-months
162015,Luleå Sol,11,Global Irradians (svenska stationer),"medelvärde 1 timma, varje timme",watt per kvadratmeter,2026-07-07T09:00:00Z,2026-07-07T11:00:00+02:00,1783414800000,,472.60,472.60,G,,latest-months
162015,Luleå Sol,11,Global Irradians (svenska stationer),"medelvärde 1 timma, varje timme",watt per kvadratmeter,2026-07-07T10:00:00Z,2026-07-07T12:00:00+02:00,1783418400000,,327.29,327.29,G,,latest-months
162015,Luleå Sol,11,Global Irradians (svenska stationer),"medelvärde 1 timma, varje timme",watt per kvadratmeter,2026-07-07T11:00:00Z,2026-07-07T13:00:00+02:00,1783422000000,,268.02,268.02,G,,latest-months
162015,Luleå Sol,11,Global Irradians (svenska stationer),"medelvärde 1 timma, varje timme",watt per kvadratmeter,2026-07-07T12:00:00Z,2026-07-07T14:00:00+02:00,1783425600000,,247.04,247.04,G,,latest-months
162015,Luleå Sol,11,Global Irradians (svenska stationer),"medelvärde 1 timma, varje timme",watt per kvadratmeter,2026-07-07T13:00:00Z,2026-07-07T15:00:00+02:00,1783429200000,,306.18,306.18,G,,latest-months
162015,Luleå Sol,11,Global Irradians (svenska stationer),"medelvärde 1 timma, varje timme",watt per kvadratmeter,2026-07-07T14:00:00Z,2026-07-07T16:00:00+02:00,1783432800000,,237.70,237.70,G,,latest-months
162015,Luleå Sol,11,Global Irradians (svenska stationer),"medelvärde 1 timma, varje timme",watt per kvadratmeter,2026-07-07T15:00:00Z,2026-07-07T17:00:00+02:00,1783436400000,,228.86,228.86,G,,latest-months
162015,Luleå Sol,11,Global Irradians (svenska stationer),"medelvärde 1 timma, varje timme",watt per kvadratmeter,2026-07-07T16:00:00Z,2026-07-07T18:00:00+02:00,1783440000000,,177.21,177.21,G,,latest-months
162015,Luleå Sol,11,Global Irradians (svenska stationer),"medelvärde 1 timma, varje timme",watt per kvadratmeter,2026-07-07T17:00:00Z,2026-07-07T19:00:00+02:00,1783443600000,,128.52,128.52,G,,latest-months
162015,Luleå Sol,11,Global Irradians (svenska stationer),"medelvärde 1 timma, varje timme",watt per kvadratmeter,2026-07-07T18:00:00Z,2026-07-07T20:00:00+02:00,1783447200000,,96.95,96.95,G,,latest-months
162015,Luleå Sol,11,Global Irradians (svenska stationer),"medelvärde 1 timma, varje timme",watt per kvadratmeter,2026-07-07T19:00:00Z,2026-07-07T21:00:00+02:00,1783450800000,,75.94,75.94,G,,latest-months
162015,Luleå Sol,11,Global Irradians (svenska stationer),"medelvärde 1 timma, varje timme",watt per kvadratmeter,2026-07-07T20:00:00Z,2026-07-07T22:00:00+02:00,1783454400000,,20.60,20.60,G,,latest-months
162015,Luleå Sol,11,Global Irradians (svenska stationer),"medelvärde 1 timma, varje timme",watt per kvadratmeter,2026-07-07T21:00:00Z,2026-07-07T23:00:00+02:00,1783458000000,,11.85,11.85,G,,latest-months
162015,Luleå Sol,11,Global Irradians (svenska stationer),"medelvärde 1 timma, varje timme",watt per kvadratmeter,2026-07-07T22:00:00Z,2026-07-08T00:00:00+02:00,1783461600000,,4.05,4.05,G,,latest-months
162015,Luleå Sol,11,Global Irradians (svenska stationer),"medelvärde 1 timma, varje timme",watt per kvadratmeter,2026-07-07T23:00:00Z,2026-07-08T01:00:00+02:00,1783465200000,,2.92,2.92,G,,latest-months
162015,Luleå Sol,11,Global Irradians (svenska stationer),"medelvärde 1 timma, varje timme",watt per kvadratmeter,2026-07-08T00:00:00Z,2026-07-08T02:00:00+02:00,1783468800000,,4.00,4.00,G,,latest-months
162015,Luleå Sol,11,Global Irradians (svenska stationer),"medelvärde 1 timma, varje timme",watt per kvadratmeter,2026-07-08T01:00:00Z,2026-07-08T03:00:00+02:00,1783472400000,,13.43,13.43,G,,latest-months
162015,Luleå Sol,11,Global Irradians (svenska stationer),"medelvärde 1 timma, varje timme",watt per kvadratmeter,2026-07-08T02:00:00Z,2026-07-08T04:00:00+02:00,1783476000000,,37.92,37.92,G,,latest-months
162015,Luleå Sol,11,Global Irradians (svenska stationer),"medelvärde 1 timma, varje timme",watt per kvadratmeter,2026-07-08T03:00:00Z,2026-07-08T05:00:00+02:00,1783479600000,,94.47,94.47,G,,latest-months
162015,Luleå Sol,11,Global Irradians (svenska stationer),"medelvärde 1 timma, varje timme",watt per kvadratmeter,2026-07-08T04:00:00Z,2026-07-08T06:00:00+02:00,1783483200000,,137.88,137.88,G,,latest-months
162015,Luleå Sol,11,Global Irradians (svenska stationer),"medelvärde 1 timma, varje timme",watt per kvadratmeter,2026-07-08T05:00:00Z,2026-07-08T07:00:00+02:00,1783486800000,,116.32,116.32,G,,latest-months
162015,Luleå Sol,11,Global Irradians (svenska stationer),"medelvärde 1 timma, varje timme",watt per kvadratmeter,2026-07-08T06:00:00Z,2026-07-08T08:00:00+02:00,1783490400000,,157.02,157.02,G,,latest-months
162015,Luleå Sol,11,Global Irradians (svenska stationer),"medelvärde 1 timma, varje timme",watt per kvadratmeter,2026-07-08T07:00:00Z,2026-07-08T09:00:00+02:00,1783494000000,,115.49,115.49,G,,latest-months
162015,Luleå Sol,11,Global Irradians (svenska stationer),"medelvärde 1 timma, varje timme",watt per kvadratmeter,2026-07-08T08:00:00Z,2026-07-08T10:00:00+02:00,1783497600000,,190.49,190.49,G,,latest-months
162015,Luleå Sol,11,Global Irradians (svenska stationer),"medelvärde 1 timma, varje timme",watt per kvadratmeter,2026-07-08T09:00:00Z,2026-07-08T11:00:00+02:00,1783501200000,,152.94,152.94,G,,latest-months
162015,Luleå Sol,11,Global Irradians (svenska stationer),"medelvärde 1 timma, varje timme",watt per kvadratmeter,2026-07-08T10:00:00Z,2026-07-08T12:00:00+02:00,1783504800000,,283.47,283.47,G,,latest-months
162015,Luleå Sol,11,Global Irradians (svenska stationer),"medelvärde 1 timma, varje timme",watt per kvadratmeter,2026-07-08T11:00:00Z,2026-07-08T13:00:00+02:00,1783508400000,,343.02,343.02,G,,latest-months
162015,Luleå Sol,11,Global Irradians (svenska stationer),"medelvärde 1 timma, varje timme",watt per kvadratmeter,2026-07-08T12:00:00Z,2026-07-08T14:00:00+02:00,1783512000000,,268.48,268.48,G,,latest-months
162015,Luleå Sol,11,Global Irradians (svenska stationer),"medelvärde 1 timma, varje timme",watt per kvadratmeter,2026-07-08T13:00:00Z,2026-07-08T15:00:00+02:00,1783515600000,,141.69,141.69,G,,latest-months
162015,Luleå Sol,11,Global Irradians (svenska stationer),"medelvärde 1 timma, varje timme",watt per kvadratmeter,2026-07-08T14:00:00Z,2026-07-08T16:00:00+02:00,1783519200000,,132.26,132.26,G,,latest-months
162015,Luleå Sol,11,Global Irradians (svenska stationer),"medelvärde 1 timma, varje timme",watt per kvadratmeter,2026-07-08T15:00:00Z,2026-07-08T17:00:00+02:00,1783522800000,,83.84,83.84,G,,latest-months
162015,Luleå Sol,11,Global Irradians (svenska stationer),"medelvärde 1 timma, varje timme",watt per kvadratmeter,2026-07-08T16:00:00Z,2026-07-08T18:00:00+02:00,1783526400000,,65.35,65.35,G,,latest-months
162015,Luleå Sol,11,Global Irradians (svenska stationer),"medelvärde 1 timma, varje timme",watt per kvadratmeter,2026-07-08T17:00:00Z,2026-07-08T19:00:00+02:00,1783530000000,,57.57,57.57,G,,latest-months
162015,Luleå Sol,11,Global Irradians (svenska stationer),"medelvärde 1 timma, varje timme",watt per kvadratmeter,2026-07-08T18:00:00Z,2026-07-08T20:00:00+02:00,1783533600000,,60.38,60.38,G,,latest-months
162015,Luleå Sol,11,Global Irradians (svenska stationer),"medelvärde 1 timma, varje timme",watt per kvadratmeter,2026-07-08T19:00:00Z,2026-07-08T21:00:00+02:00,1783537200000,,50.73,50.73,G,,latest-months
162015,Luleå Sol,11,Global Irradians (svenska stationer),"medelvärde 1 timma, varje timme",watt per kvadratmeter,2026-07-08T20:00:00Z,2026-07-08T22:00:00+02:00,1783540800000,,21.60,21.60,G,,latest-months
162015,Luleå Sol,11,Global Irradians (svenska stationer),"medelvärde 1 timma, varje timme",watt per kvadratmeter,2026-07-08T21:00:00Z,2026-07-08T23:00:00+02:00,1783544400000,,10.79,10.79,G,,latest-months
162015,Luleå Sol,11,Global Irradians (svenska stationer),"medelvärde 1 timma, varje timme",watt per kvadratmeter,2026-07-08T22:00:00Z,2026-07-09T00:00:00+02:00,1783548000000,,4.00,4.00,G,,latest-months
162015,Luleå Sol,11,Global Irradians (svenska stationer),"medelvärde 1 timma, varje timme",watt per kvadratmeter,2026-07-08T23:00:00Z,2026-07-09T01:00:00+02:00,1783551600000,,2.51,2.51,G,,latest-months
162015,Luleå Sol,11,Global Irradians (svenska stationer),"medelvärde 1 timma, varje timme",watt per kvadratmeter,2026-07-09T00:00:00Z,2026-07-09T02:00:00+02:00,1783555200000,,2.94,2.94,G,,latest-months
162015,Luleå Sol,11,Global Irradians (svenska stationer),"medelvärde 1 timma, varje timme",watt per kvadratmeter,2026-07-09T01:00:00Z,2026-07-09T03:00:00+02:00,1783558800000,,8.50,8.50,G,,latest-months
162015,Luleå Sol,11,Global Irradians (svenska stationer),"medelvärde 1 timma, varje timme",watt per kvadratmeter,2026-07-09T02:00:00Z,2026-07-09T04:00:00+02:00,1783562400000,,22.39,22.39,G,,latest-months
162015,Luleå Sol,11,Global Irradians (svenska stationer),"medelvärde 1 timma, varje timme",watt per kvadratmeter,2026-07-09T03:00:00Z,2026-07-09T05:00:00+02:00,1783566000000,,78.34,78.34,G,,latest-months
162015,Luleå Sol,11,Global Irradians (svenska stationer),"medelvärde 1 timma, varje timme",watt per kvadratmeter,2026-07-09T04:00:00Z,2026-07-09T06:00:00+02:00,1783569600000,,193.86,193.86,G,,latest-months
162015,Luleå Sol,11,Global Irradians (svenska stationer),"medelvärde 1 timma, varje timme",watt per kvadratmeter,2026-07-09T05:00:00Z,2026-07-09T07:00:00+02:00,1783573200000,,286.50,286.50,G,,latest-months
162015,Luleå Sol,11,Global Irradians (svenska stationer),"medelvärde 1 timma, varje timme",watt per kvadratmeter,2026-07-09T06:00:00Z,2026-07-09T08:00:00+02:00,1783576800000,,218.11,218.11,G,,latest-months
162015,Luleå Sol,11,Global Irradians (svenska stationer),"medelvärde 1 timma, varje timme",watt per kvadratmeter,2026-07-09T07:00:00Z,2026-07-09T09:00:00+02:00,1783580400000,,251.55,251.55,G,,latest-months
162015,Luleå Sol,11,Global Irradians (svenska stationer),"medelvärde 1 timma, varje timme",watt per kvadratmeter,2026-07-09T08:00:00Z,2026-07-09T10:00:00+02:00,1783584000000,,459.30,459.30,G,,latest-months
162015,Luleå Sol,11,Global Irradians (svenska stationer),"medelvärde 1 timma, varje timme",watt per kvadratmeter,2026-07-09T09:00:00Z,2026-07-09T11:00:00+02:00,1783587600000,,585.58,585.58,G,,latest-months
162015,Luleå Sol,11,Global Irradians (svenska stationer),"medelvärde 1 timma, varje timme",watt per kvadratmeter,2026-07-09T10:00:00Z,2026-07-09T12:00:00+02:00,1783591200000,,598.86,598.86,G,,latest-months
162015,Luleå Sol,11,Global Irradians (svenska stationer),"medelvärde 1 timma, varje timme",watt per kvadratmeter,2026-07-09T11:00:00Z,2026-07-09T13:00:00+02:00,1783594800000,,650.06,650.06,G,,latest-months
162015,Luleå Sol,11,Global Irradians (svenska stationer),"medelvärde 1 timma, varje timme",watt per kvadratmeter,2026-07-09T12:00:00Z,2026-07-09T14:00:00+02:00,1783598400000,,392.54,392.54,G,,latest-months
162015,Luleå Sol,11,Global Irradians (svenska stationer),"medelvärde 1 timma, varje timme",watt per kvadratmeter,2026-07-09T13:00:00Z,2026-07-09T15:00:00+02:00,1783602000000,,579.12,579.12,G,,latest-months
162015,Luleå Sol,11,Global Irradians (svenska stationer),"medelvärde 1 timma, varje timme",watt per kvadratmeter,2026-07-09T14:00:00Z,2026-07-09T16:00:00+02:00,1783605600000,,612.22,612.22,G,,latest-months
162015,Luleå Sol,11,Global Irradians (svenska stationer),"medelvärde 1 timma, varje timme",watt per kvadratmeter,2026-07-09T15:00:00Z,2026-07-09T17:00:00+02:00,1783609200000,,489.13,489.13,G,,latest-months
162015,Luleå Sol,11,Global Irradians (svenska stationer),"medelvärde 1 timma, varje timme",watt per kvadratmeter,2026-07-09T16:00:00Z,2026-07-09T18:00:00+02:00,1783612800000,,399.09,399.09,G,,latest-months
162015,Luleå Sol,11,Global Irradians (svenska stationer),"medelvärde 1 timma, varje timme",watt per kvadratmeter,2026-07-09T17:00:00Z,2026-07-09T19:00:00+02:00,1783616400000,,239.09,239.09,G,,latest-months
162015,Luleå Sol,11,Global Irradians (svenska stationer),"medelvärde 1 timma, varje timme",watt per kvadratmeter,2026-07-09T18:00:00Z,2026-07-09T20:00:00+02:00,1783620000000,,93.91,93.91,G,,latest-months
162015,Luleå Sol,11,Global Irradians (svenska stationer),"medelvärde 1 timma, varje timme",watt per kvadratmeter,2026-07-09T19:00:00Z,2026-07-09T21:00:00+02:00,1783623600000,,96.79,96.79,G,,latest-months
162015,Luleå Sol,11,Global Irradians (svenska stationer),"medelvärde 1 timma, varje timme",watt per kvadratmeter,2026-07-09T20:00:00Z,2026-07-09T22:00:00+02:00,1783627200000,,39.48,39.48,G,,latest-months
162015,Luleå Sol,11,Global Irradians (svenska stationer),"medelvärde 1 timma, varje timme",watt per kvadratmeter,2026-07-09T21:00:00Z,2026-07-09T23:00:00+02:00,1783630800000,,9.23,9.23,G,,latest-months
162015,Luleå Sol,11,Global Irradians (svenska stationer),"medelvärde 1 timma, varje timme",watt per kvadratmeter,2026-07-09T22:00:00Z,2026-07-10T00:00:00+02:00,1783634400000,,3.12,3.12,G,,latest-months
162015,Luleå Sol,11,Global Irradians (svenska stationer),"medelvärde 1 timma, varje timme",watt per kvadratmeter,2026-07-09T23:00:00Z,2026-07-10T01:00:00+02:00,1783638000000,,2.59,2.59,G,,latest-months
162015,Luleå Sol,11,Global Irradians (svenska stationer),"medelvärde 1 timma, varje timme",watt per kvadratmeter,2026-07-10T00:00:00Z,2026-07-10T02:00:00+02:00,1783641600000,,4.73,4.73,G,,latest-months
162015,Luleå Sol,11,Global Irradians (svenska stationer),"medelvärde 1 timma, varje timme",watt per kvadratmeter,2026-07-10T01:00:00Z,2026-07-10T03:00:00+02:00,1783645200000,,13.60,13.60,G,,latest-months
162015,Luleå Sol,11,Global Irradians (svenska stationer),"medelvärde 1 timma, varje timme",watt per kvadratmeter,2026-07-10T02:00:00Z,2026-07-10T04:00:00+02:00,1783648800000,,33.50,33.50,G,,latest-months
162015,Luleå Sol,11,Global Irradians (svenska stationer),"medelvärde 1 timma, varje timme",watt per kvadratmeter,2026-07-10T03:00:00Z,2026-07-10T05:00:00+02:00,1783652400000,,37.56,37.56,G,,latest-months
162015,Luleå Sol,11,Global Irradians (svenska stationer),"medelvärde 1 timma, varje timme",watt per kvadratmeter,2026-07-10T04:00:00Z,2026-07-10T06:00:00+02:00,1783656000000,,81.15,81.15,G,,latest-months
162015,Luleå Sol,11,Global Irradians (svenska stationer),"medelvärde 1 timma, varje timme",watt per kvadratmeter,2026-07-10T05:00:00Z,2026-07-10T07:00:00+02:00,1783659600000,,211.28,211.28,G,,latest-months
162015,Luleå Sol,11,Global Irradians (svenska stationer),"medelvärde 1 timma, varje timme",watt per kvadratmeter,2026-07-10T06:00:00Z,2026-07-10T08:00:00+02:00,1783663200000,,179.98,179.98,G,,latest-months
162015,Luleå Sol,11,Global Irradians (svenska stationer),"medelvärde 1 timma, varje timme",watt per kvadratmeter,2026-07-10T07:00:00Z,2026-07-10T09:00:00+02:00,1783666800000,,260.83,260.83,G,,latest-months
162015,Luleå Sol,11,Global Irradians (svenska stationer),"medelvärde 1 timma, varje timme",watt per kvadratmeter,2026-07-10T08:00:00Z,2026-07-10T10:00:00+02:00,1783670400000,,373.32,373.32,G,,latest-months
162015,Luleå Sol,11,Global Irradians (svenska stationer),"medelvärde 1 timma, varje timme",watt per kvadratmeter,2026-07-10T09:00:00Z,2026-07-10T11:00:00+02:00,1783674000000,,624.11,624.11,G,,latest-months
162015,Luleå Sol,11,Global Irradians (svenska stationer),"medelvärde 1 timma, varje timme",watt per kvadratmeter,2026-07-10T10:00:00Z,2026-07-10T12:00:00+02:00,1783677600000,,720.65,720.65,G,,latest-months
162015,Luleå Sol,11,Global Irradians (svenska stationer),"medelvärde 1 timma, varje timme",watt per kvadratmeter,2026-07-10T11:00:00Z,2026-07-10T13:00:00+02:00,1783681200000,,716.28,716.28,G,,latest-months
162015,Luleå Sol,11,Global Irradians (svenska stationer),"medelvärde 1 timma, varje timme",watt per kvadratmeter,2026-07-10T12:00:00Z,2026-07-10T14:00:00+02:00,1783684800000,,712.10,712.10,G,,latest-months
162015,Luleå Sol,11,Global Irradians (svenska stationer),"medelvärde 1 timma, varje timme",watt per kvadratmeter,2026-07-10T13:00:00Z,2026-07-10T15:00:00+02:00,1783688400000,,665.06,665.06,G,,latest-months
162015,Luleå Sol,11,Global Irradians (svenska stationer),"medelvärde 1 timma, varje timme",watt per kvadratmeter,2026-07-10T14:00:00Z,2026-07-10T16:00:00+02:00,1783692000000,,595.87,595.87,G,,latest-months
162015,Luleå Sol,11,Global Irradians (svenska stationer),"medelvärde 1 timma, varje timme",watt per kvadratmeter,2026-07-10T15:00:00Z,2026-07-10T17:00:00+02:00,1783695600000,,507.31,507.31,G,,latest-months
162015,Luleå Sol,11,Global Irradians (svenska stationer),"medelvärde 1 timma, varje timme",watt per kvadratmeter,2026-07-10T16:00:00Z,2026-07-10T18:00:00+02:00,1783699200000,,410.07,410.07,G,,latest-months
162015,Luleå Sol,11,Global Irradians (svenska stationer),"medelvärde 1 timma, varje timme",watt per kvadratmeter,2026-07-10T17:00:00Z,2026-07-10T19:00:00+02:00,1783702800000,,225.89,225.89,G,,latest-months
162015,Luleå Sol,11,Global Irradians (svenska stationer),"medelvärde 1 timma, varje timme",watt per kvadratmeter,2026-07-10T18:00:00Z,2026-07-10T20:00:00+02:00,1783706400000,,121.32,121.32,G,,latest-months
162015,Luleå Sol,11,Global Irradians (svenska stationer),"medelvärde 1 timma, varje timme",watt per kvadratmeter,2026-07-10T19:00:00Z,2026-07-10T21:00:00+02:00,1783710000000,,72.17,72.17,G,,latest-months
162015,Luleå Sol,11,Global Irradians (svenska stationer),"medelvärde 1 timma, varje timme",watt per kvadratmeter,2026-07-10T20:00:00Z,2026-07-10T22:00:00+02:00,1783713600000,,33.10,33.10,G,,latest-months
162015,Luleå Sol,11,Global Irradians (svenska stationer),"medelvärde 1 timma, varje timme",watt per kvadratmeter,2026-07-10T21:00:00Z,2026-07-10T23:00:00+02:00,1783717200000,,13.65,13.65,G,,latest-months
162015,Luleå Sol,11,Global Irradians (svenska stationer),"medelvärde 1 timma, varje timme",watt per kvadratmeter,2026-07-10T22:00:00Z,2026-07-11T00:00:00+02:00,1783720800000,,5.96,5.96,G,,latest-months
162015,Luleå Sol,11,Global Irradians (svenska stationer),"medelvärde 1 timma, varje timme",watt per kvadratmeter,2026-07-10T23:00:00Z,2026-07-11T01:00:00+02:00,1783724400000,,4.07,4.07,G,,latest-months
162015,Luleå Sol,11,Global Irradians (svenska stationer),"medelvärde 1 timma, varje timme",watt per kvadratmeter,2026-07-11T00:00:00Z,2026-07-11T02:00:00+02:00,1783728000000,,3.76,3.76,G,,latest-months
162015,Luleå Sol,11,Global Irradians (svenska stationer),"medelvärde 1 timma, varje timme",watt per kvadratmeter,2026-07-11T01:00:00Z,2026-07-11T03:00:00+02:00,1783731600000,,9.35,9.35,G,,latest-months
162015,Luleå Sol,11,Global Irradians (svenska stationer),"medelvärde 1 timma, varje timme",watt per kvadratmeter,2026-07-11T02:00:00Z,2026-07-11T04:00:00+02:00,1783735200000,,46.57,46.57,G,,latest-months
162015,Luleå Sol,11,Global Irradians (svenska stationer),"medelvärde 1 timma, varje timme",watt per kvadratmeter,2026-07-11T03:00:00Z,2026-07-11T05:00:00+02:00,1783738800000,,78.75,78.75,G,,latest-months
162015,Luleå Sol,11,Global Irradians (svenska stationer),"medelvärde 1 timma, varje timme",watt per kvadratmeter,2026-07-11T04:00:00Z,2026-07-11T06:00:00+02:00,1783742400000,,112.96,112.96,G,,latest-months
162015,Luleå Sol,11,Global Irradians (svenska stationer),"medelvärde 1 timma, varje timme",watt per kvadratmeter,2026-07-11T05:00:00Z,2026-07-11T07:00:00+02:00,1783746000000,,208.07,208.07,G,,latest-months
162015,Luleå Sol,11,Global Irradians (svenska stationer),"medelvärde 1 timma, varje timme",watt per kvadratmeter,2026-07-11T06:00:00Z,2026-07-11T08:00:00+02:00,1783749600000,,216.77,216.77,G,,latest-months
162015,Luleå Sol,11,Global Irradians (svenska stationer),"medelvärde 1 timma, varje timme",watt per kvadratmeter,2026-07-11T07:00:00Z,2026-07-11T09:00:00+02:00,1783753200000,,437.66,437.66,G,,latest-months
162015,Luleå Sol,11,Global Irradians (svenska stationer),"medelvärde 1 timma, varje timme",watt per kvadratmeter,2026-07-11T08:00:00Z,2026-07-11T10:00:00+02:00,1783756800000,,648.30,648.30,G,,latest-months
162015,Luleå Sol,11,Global Irradians (svenska stationer),"medelvärde 1 timma, varje timme",watt per kvadratmeter,2026-07-11T09:00:00Z,2026-07-11T11:00:00+02:00,1783760400000,,485.70,485.70,G,,latest-months
162015,Luleå Sol,11,Global Irradians (svenska stationer),"medelvärde 1 timma, varje timme",watt per kvadratmeter,2026-07-11T10:00:00Z,2026-07-11T12:00:00+02:00,1783764000000,,646.65,646.65,G,,latest-months
162015,Luleå Sol,11,Global Irradians (svenska stationer),"medelvärde 1 timma, varje timme",watt per kvadratmeter,2026-07-11T11:00:00Z,2026-07-11T13:00:00+02:00,1783767600000,,694.47,694.47,G,,latest-months
162015,Luleå Sol,11,Global Irradians (svenska stationer),"medelvärde 1 timma, varje timme",watt per kvadratmeter,2026-07-11T12:00:00Z,2026-07-11T14:00:00+02:00,1783771200000,,633.35,633.35,G,,latest-months
162015,Luleå Sol,11,Global Irradians (svenska stationer),"medelvärde 1 timma, varje timme",watt per kvadratmeter,2026-07-11T13:00:00Z,2026-07-11T15:00:00+02:00,1783774800000,,278.58,278.58,G,,latest-months
162015,Luleå Sol,11,Global Irradians (svenska stationer),"medelvärde 1 timma, varje timme",watt per kvadratmeter,2026-07-11T14:00:00Z,2026-07-11T16:00:00+02:00,1783778400000,,214.98,214.98,G,,latest-months
162015,Luleå Sol,11,Global Irradians (svenska stationer),"medelvärde 1 timma, varje timme",watt per kvadratmeter,2026-07-11T15:00:00Z,2026-07-11T17:00:00+02:00,1783782000000,,183.10,183.10,G,,latest-months
162015,Luleå Sol,11,Global Irradians (svenska stationer),"medelvärde 1 timma, varje timme",watt per kvadratmeter,2026-07-11T16:00:00Z,2026-07-11T18:00:00+02:00,1783785600000,,261.86,261.86,G,,latest-months
162015,Luleå Sol,11,Global Irradians (svenska stationer),"medelvärde 1 timma, varje timme",watt per kvadratmeter,2026-07-11T17:00:00Z,2026-07-11T19:00:00+02:00,1783789200000,,167.89,167.89,G,,latest-months
162015,Luleå Sol,11,Global Irradians (svenska stationer),"medelvärde 1 timma, varje timme",watt per kvadratmeter,2026-07-11T18:00:00Z,2026-07-11T20:00:00+02:00,1783792800000,,175.25,175.25,G,,latest-months
162015,Luleå Sol,11,Global Irradians (svenska stationer),"medelvärde 1 timma, varje timme",watt per kvadratmeter,2026-07-11T19:00:00Z,2026-07-11T21:00:00+02:00,1783796400000,,53.93,53.93,G,,latest-months
162015,Luleå Sol,11,Global Irradians (svenska stationer),"medelvärde 1 timma, varje timme",watt per kvadratmeter,2026-07-11T20:00:00Z,2026-07-11T22:00:00+02:00,1783800000000,,23.07,23.07,G,,latest-months
162015,Luleå Sol,11,Global Irradians (svenska stationer),"medelvärde 1 timma, varje timme",watt per kvadratmeter,2026-07-11T21:00:00Z,2026-07-11T23:00:00+02:00,1783803600000,,11.87,11.87,G,,latest-months
162015,Luleå Sol,11,Global Irradians (svenska stationer),"medelvärde 1 timma, varje timme",watt per kvadratmeter,2026-07-11T22:00:00Z,2026-07-12T00:00:00+02:00,1783807200000,,2.41,2.41,G,,latest-months
162015,Luleå Sol,11,Global Irradians (svenska stationer),"medelvärde 1 timma, varje timme",watt per kvadratmeter,2026-07-11T23:00:00Z,2026-07-12T01:00:00+02:00,1783810800000,,1.58,1.58,G,,latest-months
162015,Luleå Sol,11,Global Irradians (svenska stationer),"medelvärde 1 timma, varje timme",watt per kvadratmeter,2026-07-12T00:00:00Z,2026-07-12T02:00:00+02:00,1783814400000,,2.65,2.65,G,,latest-months
162015,Luleå Sol,11,Global Irradians (svenska stationer),"medelvärde 1 timma, varje timme",watt per kvadratmeter,2026-07-12T01:00:00Z,2026-07-12T03:00:00+02:00,1783818000000,,7.36,7.36,G,,latest-months
162015,Luleå Sol,11,Global Irradians (svenska stationer),"medelvärde 1 timma, varje timme",watt per kvadratmeter,2026-07-12T02:00:00Z,2026-07-12T04:00:00+02:00,1783821600000,,25.90,25.90,G,,latest-months
162015,Luleå Sol,11,Global Irradians (svenska stationer),"medelvärde 1 timma, varje timme",watt per kvadratmeter,2026-07-12T03:00:00Z,2026-07-12T05:00:00+02:00,1783825200000,,71.83,71.83,G,,latest-months
162015,Luleå Sol,11,Global Irradians (svenska stationer),"medelvärde 1 timma, varje timme",watt per kvadratmeter,2026-07-12T04:00:00Z,2026-07-12T06:00:00+02:00,1783828800000,,100.20,100.20,G,,latest-months
162015,Luleå Sol,11,Global Irradians (svenska stationer),"medelvärde 1 timma, varje timme",watt per kvadratmeter,2026-07-12T05:00:00Z,2026-07-12T07:00:00+02:00,1783832400000,,120.68,120.68,G,,latest-months
162015,Luleå Sol,11,Global Irradians (svenska stationer),"medelvärde 1 timma, varje timme",watt per kvadratmeter,2026-07-12T06:00:00Z,2026-07-12T08:00:00+02:00,1783836000000,,125.39,125.39,G,,latest-months
162015,Luleå Sol,11,Global Irradians (svenska stationer),"medelvärde 1 timma, varje timme",watt per kvadratmeter,2026-07-12T07:00:00Z,2026-07-12T09:00:00+02:00,1783839600000,,143.80,143.80,G,,latest-months
162015,Luleå Sol,11,Global Irradians (svenska stationer),"medelvärde 1 timma, varje timme",watt per kvadratmeter,2026-07-12T08:00:00Z,2026-07-12T10:00:00+02:00,1783843200000,,214.59,214.59,G,,latest-months
162015,Luleå Sol,11,Global Irradians (svenska stationer),"medelvärde 1 timma, varje timme",watt per kvadratmeter,2026-07-12T09:00:00Z,2026-07-12T11:00:00+02:00,1783846800000,,225.18,225.18,G,,latest-months
162015,Luleå Sol,11,Global Irradians (svenska stationer),"medelvärde 1 timma, varje timme",watt per kvadratmeter,2026-07-12T10:00:00Z,2026-07-12T12:00:00+02:00,1783850400000,,319.67,319.67,G,,latest-months
162015,Luleå Sol,11,Global Irradians (svenska stationer),"medelvärde 1 timma, varje timme",watt per kvadratmeter,2026-07-12T11:00:00Z,2026-07-12T13:00:00+02:00,1783854000000,,425.21,425.21,G,,latest-months
162015,Luleå Sol,11,Global Irradians (svenska stationer),"medelvärde 1 timma, varje timme",watt per kvadratmeter,2026-07-12T12:00:00Z,2026-07-12T14:00:00+02:00,1783857600000,,645.72,645.72,G,,latest-months
162015,Luleå Sol,11,Global Irradians (svenska stationer),"medelvärde 1 timma, varje timme",watt per kvadratmeter,2026-07-12T13:00:00Z,2026-07-12T15:00:00+02:00,1783861200000,,463.15,463.15,G,,latest-months
162015,Luleå Sol,11,Global Irradians (svenska stationer),"medelvärde 1 timma, varje timme",watt per kvadratmeter,2026-07-12T14:00:00Z,2026-07-12T16:00:00+02:00,1783864800000,,544.58,544.58,G,,latest-months
162015,Luleå Sol,11,Global Irradians (svenska stationer),"medelvärde 1 timma, varje timme",watt per kvadratmeter,2026-07-12T15:00:00Z,2026-07-12T17:00:00+02:00,1783868400000,,506.49,506.49,G,,latest-months
162015,Luleå Sol,11,Global Irradians (svenska stationer),"medelvärde 1 timma, varje timme",watt per kvadratmeter,2026-07-12T16:00:00Z,2026-07-12T18:00:00+02:00,1783872000000,,354.27,354.27,G,,latest-months
162015,Luleå Sol,11,Global Irradians (svenska stationer),"medelvärde 1 timma, varje timme",watt per kvadratmeter,2026-07-12T17:00:00Z,2026-07-12T19:00:00+02:00,1783875600000,,264.32,264.32,G,,latest-months
162015,Luleå Sol,11,Global Irradians (svenska stationer),"medelvärde 1 timma, varje timme",watt per kvadratmeter,2026-07-12T18:00:00Z,2026-07-12T20:00:00+02:00,1783879200000,,188.32,188.32,G,,latest-months
162015,Luleå Sol,11,Global Irradians (svenska stationer),"medelvärde 1 timma, varje timme",watt per kvadratmeter,2026-07-12T19:00:00Z,2026-07-12T21:00:00+02:00,1783882800000,,110.10,110.10,G,,latest-months
162015,Luleå Sol,11,Global Irradians (svenska stationer),"medelvärde 1 timma, varje timme",watt per kvadratmeter,2026-07-12T20:00:00Z,2026-07-12T22:00:00+02:00,1783886400000,,46.30,46.30,G,,latest-months
162015,Luleå Sol,11,Global Irradians (svenska stationer),"medelvärde 1 timma, varje timme",watt per kvadratmeter,2026-07-12T21:00:00Z,2026-07-12T23:00:00+02:00,1783890000000,,11.13,11.13,G,,latest-months
162015,Luleå Sol,11,Global Irradians (svenska stationer),"medelvärde 1 timma, varje timme",watt per kvadratmeter,2026-07-12T22:00:00Z,2026-07-13T00:00:00+02:00,1783893600000,,2.36,2.36,G,,latest-months
162015,Luleå Sol,11,Global Irradians (svenska stationer),"medelvärde 1 timma, varje timme",watt per kvadratmeter,2026-07-12T23:00:00Z,2026-07-13T01:00:00+02:00,1783897200000,,1.10,1.10,G,,latest-months
162015,Luleå Sol,11,Global Irradians (svenska stationer),"medelvärde 1 timma, varje timme",watt per kvadratmeter,2026-07-13T00:00:00Z,2026-07-13T02:00:00+02:00,1783900800000,,1.90,1.90,G,,latest-months
162015,Luleå Sol,11,Global Irradians (svenska stationer),"medelvärde 1 timma, varje timme",watt per kvadratmeter,2026-07-13T01:00:00Z,2026-07-13T03:00:00+02:00,1783904400000,,7.83,7.83,G,,latest-months
162015,Luleå Sol,11,Global Irradians (svenska stationer),"medelvärde 1 timma, varje timme",watt per kvadratmeter,2026-07-13T02:00:00Z,2026-07-13T04:00:00+02:00,1783908000000,,32.53,32.53,G,,latest-months
162015,Luleå Sol,11,Global Irradians (svenska stationer),"medelvärde 1 timma, varje timme",watt per kvadratmeter,2026-07-13T03:00:00Z,2026-07-13T05:00:00+02:00,1783911600000,,88.28,88.28,G,,latest-months
162015,Luleå Sol,11,Global Irradians (svenska stationer),"medelvärde 1 timma, varje timme",watt per kvadratmeter,2026-07-13T04:00:00Z,2026-07-13T06:00:00+02:00,1783915200000,,173.45,173.45,G,,latest-months
162015,Luleå Sol,11,Global Irradians (svenska stationer),"medelvärde 1 timma, varje timme",watt per kvadratmeter,2026-07-13T05:00:00Z,2026-07-13T07:00:00+02:00,1783918800000,,274.52,274.52,G,,latest-months
162015,Luleå Sol,11,Global Irradians (svenska stationer),"medelvärde 1 timma, varje timme",watt per kvadratmeter,2026-07-13T06:00:00Z,2026-07-13T08:00:00+02:00,1783922400000,,383.60,383.60,G,,latest-months
162015,Luleå Sol,11,Global Irradians (svenska stationer),"medelvärde 1 timma, varje timme",watt per kvadratmeter,2026-07-13T07:00:00Z,2026-07-13T09:00:00+02:00,1783926000000,,489.02,489.02,G,,latest-months
162015,Luleå Sol,11,Global Irradians (svenska stationer),"medelvärde 1 timma, varje timme",watt per kvadratmeter,2026-07-13T08:00:00Z,2026-07-13T10:00:00+02:00,1783929600000,,573.06,573.06,G,,latest-months
162015,Luleå Sol,11,Global Irradians (svenska stationer),"medelvärde 1 timma, varje timme",watt per kvadratmeter,2026-07-13T09:00:00Z,2026-07-13T11:00:00+02:00,1783933200000,,649.12,649.12,G,,latest-months
162015,Luleå Sol,11,Global Irradians (svenska stationer),"medelvärde 1 timma, varje timme",watt per kvadratmeter,2026-07-13T10:00:00Z,2026-07-13T12:00:00+02:00,1783936800000,,701.75,701.75,G,,latest-months
162015,Luleå Sol,11,Global Irradians (svenska stationer),"medelvärde 1 timma, varje timme",watt per kvadratmeter,2026-07-13T11:00:00Z,2026-07-13T13:00:00+02:00,1783940400000,,720.84,720.84,G,,latest-months
162015,Luleå Sol,11,Global Irradians (svenska stationer),"medelvärde 1 timma, varje timme",watt per kvadratmeter,2026-07-13T12:00:00Z,2026-07-13T14:00:00+02:00,1783944000000,,707.71,707.71,G,,latest-months
162015,Luleå Sol,11,Global Irradians (svenska stationer),"medelvärde 1 timma, varje timme",watt per kvadratmeter,2026-07-13T13:00:00Z,2026-07-13T15:00:00+02:00,1783947600000,,667.51,667.51,G,,latest-months
162015,Luleå Sol,11,Global Irradians (svenska stationer),"medelvärde 1 timma, varje timme",watt per kvadratmeter,2026-07-13T14:00:00Z,2026-07-13T16:00:00+02:00,1783951200000,,594.10,594.10,G,,latest-months
162015,Luleå Sol,11,Global Irradians (svenska stationer),"medelvärde 1 timma, varje timme",watt per kvadratmeter,2026-07-13T15:00:00Z,2026-07-13T17:00:00+02:00,1783954800000,,505.50,505.50,G,,latest-months
162015,Luleå Sol,11,Global Irradians (svenska stationer),"medelvärde 1 timma, varje timme",watt per kvadratmeter,2026-07-13T16:00:00Z,2026-07-13T18:00:00+02:00,1783958400000,,258.09,258.09,G,,latest-months
162015,Luleå Sol,11,Global Irradians (svenska stationer),"medelvärde 1 timma, varje timme",watt per kvadratmeter,2026-07-13T17:00:00Z,2026-07-13T19:00:00+02:00,1783962000000,,170.35,170.35,G,,latest-months
162015,Luleå Sol,11,Global Irradians (svenska stationer),"medelvärde 1 timma, varje timme",watt per kvadratmeter,2026-07-13T18:00:00Z,2026-07-13T20:00:00+02:00,1783965600000,,152.31,152.31,G,,latest-months
162015,Luleå Sol,11,Global Irradians (svenska stationer),"medelvärde 1 timma, varje timme",watt per kvadratmeter,2026-07-13T19:00:00Z,2026-07-13T21:00:00+02:00,1783969200000,,91.03,91.03,G,,latest-months
162015,Luleå Sol,11,Global Irradians (svenska stationer),"medelvärde 1 timma, varje timme",watt per kvadratmeter,2026-07-13T20:00:00Z,2026-07-13T22:00:00+02:00,1783972800000,,22.93,22.93,G,,latest-months
162015,Luleå Sol,11,Global Irradians (svenska stationer),"medelvärde 1 timma, varje timme",watt per kvadratmeter,2026-07-13T21:00:00Z,2026-07-13T23:00:00+02:00,1783976400000,,9.74,9.74,G,,latest-months
162015,Luleå Sol,11,Global Irradians (svenska stationer),"medelvärde 1 timma, varje timme",watt per kvadratmeter,2026-07-13T22:00:00Z,2026-07-14T00:00:00+02:00,1783980000000,,2.27,2.27,G,,latest-months
162015,Luleå Sol,11,Global Irradians (svenska stationer),"medelvärde 1 timma, varje timme",watt per kvadratmeter,2026-07-13T23:00:00Z,2026-07-14T01:00:00+02:00,1783983600000,,1.13,1.13,G,,latest-months
162015,Luleå Sol,11,Global Irradians (svenska stationer),"medelvärde 1 timma, varje timme",watt per kvadratmeter,2026-07-14T00:00:00Z,2026-07-14T02:00:00+02:00,1783987200000,,1.51,1.51,G,,latest-months
162015,Luleå Sol,11,Global Irradians (svenska stationer),"medelvärde 1 timma, varje timme",watt per kvadratmeter,2026-07-14T01:00:00Z,2026-07-14T03:00:00+02:00,1783990800000,,6.09,6.09,G,,latest-months
162015,Luleå Sol,11,Global Irradians (svenska stationer),"medelvärde 1 timma, varje timme",watt per kvadratmeter,2026-07-14T02:00:00Z,2026-07-14T04:00:00+02:00,1783994400000,,11.80,11.80,G,,latest-months
162015,Luleå Sol,11,Global Irradians (svenska stationer),"medelvärde 1 timma, varje timme",watt per kvadratmeter,2026-07-14T03:00:00Z,2026-07-14T05:00:00+02:00,1783998000000,,39.27,39.27,G,,latest-months
162015,Luleå Sol,11,Global Irradians (svenska stationer),"medelvärde 1 timma, varje timme",watt per kvadratmeter,2026-07-14T04:00:00Z,2026-07-14T06:00:00+02:00,1784001600000,,112.67,112.67,G,,latest-months
162015,Luleå Sol,11,Global Irradians (svenska stationer),"medelvärde 1 timma, varje timme",watt per kvadratmeter,2026-07-14T05:00:00Z,2026-07-14T07:00:00+02:00,1784005200000,,196.24,196.24,G,,latest-months
162015,Luleå Sol,11,Global Irradians (svenska stationer),"medelvärde 1 timma, varje timme",watt per kvadratmeter,2026-07-14T06:00:00Z,2026-07-14T08:00:00+02:00,1784008800000,,359.49,359.49,G,,latest-months
162015,Luleå Sol,11,Global Irradians (svenska stationer),"medelvärde 1 timma, varje timme",watt per kvadratmeter,2026-07-14T07:00:00Z,2026-07-14T09:00:00+02:00,1784012400000,,481.74,481.74,G,,latest-months
162015,Luleå Sol,11,Global Irradians (svenska stationer),"medelvärde 1 timma, varje timme",watt per kvadratmeter,2026-07-14T08:00:00Z,2026-07-14T10:00:00+02:00,1784016000000,,556.76,556.76,G,,latest-months
162015,Luleå Sol,11,Global Irradians (svenska stationer),"medelvärde 1 timma, varje timme",watt per kvadratmeter,2026-07-14T09:00:00Z,2026-07-14T11:00:00+02:00,1784019600000,,668.39,668.39,G,,latest-months
162015,Luleå Sol,11,Global Irradians (svenska stationer),"medelvärde 1 timma, varje timme",watt per kvadratmeter,2026-07-14T10:00:00Z,2026-07-14T12:00:00+02:00,1784023200000,,687.17,687.17,G,,latest-months
162015,Luleå Sol,11,Global Irradians (svenska stationer),"medelvärde 1 timma, varje timme",watt per kvadratmeter,2026-07-14T11:00:00Z,2026-07-14T13:00:00+02:00,1784026800000,,687.50,687.50,G,,latest-months
162015,Luleå Sol,11,Global Irradians (svenska stationer),"medelvärde 1 timma, varje timme",watt per kvadratmeter,2026-07-14T12:00:00Z,2026-07-14T14:00:00+02:00,1784030400000,,704.96,704.96,G,,latest-months
162015,Luleå Sol,11,Global Irradians (svenska stationer),"medelvärde 1 timma, varje timme",watt per kvadratmeter,2026-07-14T13:00:00Z,2026-07-14T15:00:00+02:00,1784034000000,,633.38,633.38,G,,latest-months
162015,Luleå Sol,11,Global Irradians (svenska stationer),"medelvärde 1 timma, varje timme",watt per kvadratmeter,2026-07-14T14:00:00Z,2026-07-14T16:00:00+02:00,1784037600000,,513.50,513.50,G,,latest-months
162015,Luleå Sol,11,Global Irradians (svenska stationer),"medelvärde 1 timma, varje timme",watt per kvadratmeter,2026-07-14T15:00:00Z,2026-07-14T17:00:00+02:00,1784041200000,,358.12,358.12,G,,latest-months
162015,Luleå Sol,11,Global Irradians (svenska stationer),"medelvärde 1 timma, varje timme",watt per kvadratmeter,2026-07-14T16:00:00Z,2026-07-14T18:00:00+02:00,1784044800000,,415.40,415.40,G,,latest-months
162015,Luleå Sol,11,Global Irradians (svenska stationer),"medelvärde 1 timma, varje timme",watt per kvadratmeter,2026-07-14T17:00:00Z,2026-07-14T19:00:00+02:00,1784048400000,,242.75,242.75,G,,latest-months
162015,Luleå Sol,11,Global Irradians (svenska stationer),"medelvärde 1 timma, varje timme",watt per kvadratmeter,2026-07-14T18:00:00Z,2026-07-14T20:00:00+02:00,1784052000000,,74.70,74.70,G,,latest-months
162015,Luleå Sol,11,Global Irradians (svenska stationer),"medelvärde 1 timma, varje timme",watt per kvadratmeter,2026-07-14T19:00:00Z,2026-07-14T21:00:00+02:00,1784055600000,,57.30,57.30,G,,latest-months
162015,Luleå Sol,11,Global Irradians (svenska stationer),"medelvärde 1 timma, varje timme",watt per kvadratmeter,2026-07-14T20:00:00Z,2026-07-14T22:00:00+02:00,1784059200000,,23.61,23.61,G,,latest-months
162015,Luleå Sol,11,Global Irradians (svenska stationer),"medelvärde 1 timma, varje timme",watt per kvadratmeter,2026-07-14T21:00:00Z,2026-07-14T23:00:00+02:00,1784062800000,,8.84,8.84,G,,latest-months
162015,Luleå Sol,11,Global Irradians (svenska stationer),"medelvärde 1 timma, varje timme",watt per kvadratmeter,2026-07-14T22:00:00Z,2026-07-15T00:00:00+02:00,1784066400000,,2.05,2.05,G,,latest-months
162015,Luleå Sol,11,Global Irradians (svenska stationer),"medelvärde 1 timma, varje timme",watt per kvadratmeter,2026-07-14T23:00:00Z,2026-07-15T01:00:00+02:00,1784070000000,,0.96,0.96,G,,latest-months
162015,Luleå Sol,11,Global Irradians (svenska stationer),"medelvärde 1 timma, varje timme",watt per kvadratmeter,2026-07-15T00:00:00Z,2026-07-15T02:00:00+02:00,1784073600000,,1.25,1.25,G,,latest-months
162015,Luleå Sol,11,Global Irradians (svenska stationer),"medelvärde 1 timma, varje timme",watt per kvadratmeter,2026-07-15T01:00:00Z,2026-07-15T03:00:00+02:00,1784077200000,,5.49,5.49,G,,latest-months
162015,Luleå Sol,11,Global Irradians (svenska stationer),"medelvärde 1 timma, varje timme",watt per kvadratmeter,2026-07-15T02:00:00Z,2026-07-15T04:00:00+02:00,1784080800000,,20.36,20.36,G,,latest-months
162015,Luleå Sol,11,Global Irradians (svenska stationer),"medelvärde 1 timma, varje timme",watt per kvadratmeter,2026-07-15T03:00:00Z,2026-07-15T05:00:00+02:00,1784084400000,,73.00,73.00,G,,latest-months
162015,Luleå Sol,11,Global Irradians (svenska stationer),"medelvärde 1 timma, varje timme",watt per kvadratmeter,2026-07-15T04:00:00Z,2026-07-15T06:00:00+02:00,1784088000000,,84.43,84.43,G,,latest-months
162015,Luleå Sol,11,Global Irradians (svenska stationer),"medelvärde 1 timma, varje timme",watt per kvadratmeter,2026-07-15T05:00:00Z,2026-07-15T07:00:00+02:00,1784091600000,,90.92,90.92,G,,latest-months
162015,Luleå Sol,11,Global Irradians (svenska stationer),"medelvärde 1 timma, varje timme",watt per kvadratmeter,2026-07-15T06:00:00Z,2026-07-15T08:00:00+02:00,1784095200000,,111.48,111.48,G,,latest-months
162015,Luleå Sol,11,Global Irradians (svenska stationer),"medelvärde 1 timma, varje timme",watt per kvadratmeter,2026-07-15T07:00:00Z,2026-07-15T09:00:00+02:00,1784098800000,,185.66,185.66,G,,latest-months
162015,Luleå Sol,11,Global Irradians (svenska stationer),"medelvärde 1 timma, varje timme",watt per kvadratmeter,2026-07-15T08:00:00Z,2026-07-15T10:00:00+02:00,1784102400000,,382.76,382.76,G,,latest-months
162015,Luleå Sol,11,Global Irradians (svenska stationer),"medelvärde 1 timma, varje timme",watt per kvadratmeter,2026-07-15T09:00:00Z,2026-07-15T11:00:00+02:00,1784106000000,,248.58,248.58,G,,latest-months
162015,Luleå Sol,11,Global Irradians (svenska stationer),"medelvärde 1 timma, varje timme",watt per kvadratmeter,2026-07-15T10:00:00Z,2026-07-15T12:00:00+02:00,1784109600000,,336.26,336.26,G,,latest-months
162015,Luleå Sol,11,Global Irradians (svenska stationer),"medelvärde 1 timma, varje timme",watt per kvadratmeter,2026-07-15T11:00:00Z,2026-07-15T13:00:00+02:00,1784113200000,,366.17,366.17,G,,latest-months
162015,Luleå Sol,11,Global Irradians (svenska stationer),"medelvärde 1 timma, varje timme",watt per kvadratmeter,2026-07-15T12:00:00Z,2026-07-15T14:00:00+02:00,1784116800000,,407.92,407.92,G,,latest-months
162015,Luleå Sol,11,Global Irradians (svenska stationer),"medelvärde 1 timma, varje timme",watt per kvadratmeter,2026-07-15T13:00:00Z,2026-07-15T15:00:00+02:00,1784120400000,,420.13,420.13,G,,latest-months
162015,Luleå Sol,11,Global Irradians (svenska stationer),"medelvärde 1 timma, varje timme",watt per kvadratmeter,2026-07-15T14:00:00Z,2026-07-15T16:00:00+02:00,1784124000000,,279.83,279.83,G,,latest-months
162015,Luleå Sol,11,Global Irradians (svenska stationer),"medelvärde 1 timma, varje timme",watt per kvadratmeter,2026-07-15T15:00:00Z,2026-07-15T17:00:00+02:00,1784127600000,,267.94,267.94,G,,latest-months
162015,Luleå Sol,11,Global Irradians (svenska stationer),"medelvärde 1 timma, varje timme",watt per kvadratmeter,2026-07-15T16:00:00Z,2026-07-15T18:00:00+02:00,1784131200000,,150.43,150.43,G,,latest-months
162015,Luleå Sol,11,Global Irradians (svenska stationer),"medelvärde 1 timma, varje timme",watt per kvadratmeter,2026-07-15T17:00:00Z,2026-07-15T19:00:00+02:00,1784134800000,,96.22,96.22,G,,latest-months
162015,Luleå Sol,11,Global Irradians (svenska stationer),"medelvärde 1 timma, varje timme",watt per kvadratmeter,2026-07-15T18:00:00Z,2026-07-15T20:00:00+02:00,1784138400000,,83.09,83.09,G,,latest-months
162015,Luleå Sol,11,Global Irradians (svenska stationer),"medelvärde 1 timma, varje timme",watt per kvadratmeter,2026-07-15T19:00:00Z,2026-07-15T21:00:00+02:00,1784142000000,,57.82,57.82,G,,latest-months
162015,Luleå Sol,11,Global Irradians (svenska stationer),"medelvärde 1 timma, varje timme",watt per kvadratmeter,2026-07-15T20:00:00Z,2026-07-15T22:00:00+02:00,1784145600000,,33.33,33.33,G,,latest-months
162015,Luleå Sol,11,Global Irradians (svenska stationer),"medelvärde 1 timma, varje timme",watt per kvadratmeter,2026-07-15T21:00:00Z,2026-07-15T23:00:00+02:00,1784149200000,,9.00,9.00,G,,latest-months
162015,Luleå Sol,11,Global Irradians (svenska stationer),"medelvärde 1 timma, varje timme",watt per kvadratmeter,2026-07-15T22:00:00Z,2026-07-16T00:00:00+02:00,1784152800000,,2.89,2.89,G,,latest-months
162015,Luleå Sol,11,Global Irradians (svenska stationer),"medelvärde 1 timma, varje timme",watt per kvadratmeter,2026-07-15T23:00:00Z,2026-07-16T01:00:00+02:00,1784156400000,,1.02,1.02,G,,latest-months
162015,Luleå Sol,11,Global Irradians (svenska stationer),"medelvärde 1 timma, varje timme",watt per kvadratmeter,2026-07-16T00:00:00Z,2026-07-16T02:00:00+02:00,1784160000000,,1.61,1.61,G,,latest-months
162015,Luleå Sol,11,Global Irradians (svenska stationer),"medelvärde 1 timma, varje timme",watt per kvadratmeter,2026-07-16T01:00:00Z,2026-07-16T03:00:00+02:00,1784163600000,,5.67,5.67,G,,latest-months
162015,Luleå Sol,11,Global Irradians (svenska stationer),"medelvärde 1 timma, varje timme",watt per kvadratmeter,2026-07-16T02:00:00Z,2026-07-16T04:00:00+02:00,1784167200000,,28.91,28.91,G,,latest-months
162015,Luleå Sol,11,Global Irradians (svenska stationer),"medelvärde 1 timma, varje timme",watt per kvadratmeter,2026-07-16T03:00:00Z,2026-07-16T05:00:00+02:00,1784170800000,,86.01,86.01,G,,latest-months
162015,Luleå Sol,11,Global Irradians (svenska stationer),"medelvärde 1 timma, varje timme",watt per kvadratmeter,2026-07-16T04:00:00Z,2026-07-16T06:00:00+02:00,1784174400000,,169.95,169.95,G,,latest-months
162015,Luleå Sol,11,Global Irradians (svenska stationer),"medelvärde 1 timma, varje timme",watt per kvadratmeter,2026-07-16T05:00:00Z,2026-07-16T07:00:00+02:00,1784178000000,,270.25,270.25,G,,latest-months
162015,Luleå Sol,11,Global Irradians (svenska stationer),"medelvärde 1 timma, varje timme",watt per kvadratmeter,2026-07-16T06:00:00Z,2026-07-16T08:00:00+02:00,1784181600000,,375.70,375.70,G,,latest-months
162015,Luleå Sol,11,Global Irradians (svenska stationer),"medelvärde 1 timma, varje timme",watt per kvadratmeter,2026-07-16T07:00:00Z,2026-07-16T09:00:00+02:00,1784185200000,,477.00,477.00,G,,latest-months
162015,Luleå Sol,11,Global Irradians (svenska stationer),"medelvärde 1 timma, varje timme",watt per kvadratmeter,2026-07-16T08:00:00Z,2026-07-16T10:00:00+02:00,1784188800000,,569.11,569.11,G,,latest-months
162015,Luleå Sol,11,Global Irradians (svenska stationer),"medelvärde 1 timma, varje timme",watt per kvadratmeter,2026-07-16T09:00:00Z,2026-07-16T11:00:00+02:00,1784192400000,,639.14,639.14,G,,latest-months
162015,Luleå Sol,11,Global Irradians (svenska stationer),"medelvärde 1 timma, varje timme",watt per kvadratmeter,2026-07-16T10:00:00Z,2026-07-16T12:00:00+02:00,1784196000000,,688.74,688.74,G,,latest-months
162015,Luleå Sol,11,Global Irradians (svenska stationer),"medelvärde 1 timma, varje timme",watt per kvadratmeter,2026-07-16T11:00:00Z,2026-07-16T13:00:00+02:00,1784199600000,,707.20,707.20,G,,latest-months
162015,Luleå Sol,11,Global Irradians (svenska stationer),"medelvärde 1 timma, varje timme",watt per kvadratmeter,2026-07-16T12:00:00Z,2026-07-16T14:00:00+02:00,1784203200000,,697.10,697.10,G,,latest-months
162015,Luleå Sol,11,Global Irradians (svenska stationer),"medelvärde 1 timma, varje timme",watt per kvadratmeter,2026-07-16T13:00:00Z,2026-07-16T15:00:00+02:00,1784206800000,,657.58,657.58,G,,latest-months
162015,Luleå Sol,11,Global Irradians (svenska stationer),"medelvärde 1 timma, varje timme",watt per kvadratmeter,2026-07-16T14:00:00Z,2026-07-16T16:00:00+02:00,1784210400000,,592.12,592.12,G,,latest-months
162015,Luleå Sol,11,Global Irradians (svenska stationer),"medelvärde 1 timma, varje timme",watt per kvadratmeter,2026-07-16T15:00:00Z,2026-07-16T17:00:00+02:00,1784214000000,,506.12,506.12,G,,latest-months
162015,Luleå Sol,11,Global Irradians (svenska stationer),"medelvärde 1 timma, varje timme",watt per kvadratmeter,2026-07-16T16:00:00Z,2026-07-16T18:00:00+02:00,1784217600000,,411.15,411.15,G,,latest-months
162015,Luleå Sol,11,Global Irradians (svenska stationer),"medelvärde 1 timma, varje timme",watt per kvadratmeter,2026-07-16T17:00:00Z,2026-07-16T19:00:00+02:00,1784221200000,,299.82,299.82,G,,latest-months
162015,Luleå Sol,11,Global Irradians (svenska stationer),"medelvärde 1 timma, varje timme",watt per kvadratmeter,2026-07-16T18:00:00Z,2026-07-16T20:00:00+02:00,1784224800000,,189.94,189.94,G,,latest-months
162015,Luleå Sol,11,Global Irradians (svenska stationer),"medelvärde 1 timma, varje timme",watt per kvadratmeter,2026-07-16T19:00:00Z,2026-07-16T21:00:00+02:00,1784228400000,,97.76,97.76,G,,latest-months
162015,Luleå Sol,11,Global Irradians (svenska stationer),"medelvärde 1 timma, varje timme",watt per kvadratmeter,2026-07-16T20:00:00Z,2026-07-16T22:00:00+02:00,1784232000000,,38.32,38.32,G,,latest-months
162015,Luleå Sol,11,Global Irradians (svenska stationer),"medelvärde 1 timma, varje timme",watt per kvadratmeter,2026-07-16T21:00:00Z,2026-07-16T23:00:00+02:00,1784235600000,,10.31,10.31,G,,latest-months
162015,Luleå Sol,11,Global Irradians (svenska stationer),"medelvärde 1 timma, varje timme",watt per kvadratmeter,2026-07-16T22:00:00Z,2026-07-17T00:00:00+02:00,1784239200000,,2.60,2.60,G,,latest-months
162015,Luleå Sol,11,Global Irradians (svenska stationer),"medelvärde 1 timma, varje timme",watt per kvadratmeter,2026-07-16T23:00:00Z,2026-07-17T01:00:00+02:00,1784242800000,,1.36,1.36,G,,latest-months
162015,Luleå Sol,11,Global Irradians (svenska stationer),"medelvärde 1 timma, varje timme",watt per kvadratmeter,2026-07-17T00:00:00Z,2026-07-17T02:00:00+02:00,1784246400000,,0.69,0.69,G,,latest-months
162015,Luleå Sol,11,Global Irradians (svenska stationer),"medelvärde 1 timma, varje timme",watt per kvadratmeter,2026-07-17T01:00:00Z,2026-07-17T03:00:00+02:00,1784250000000,,5.37,5.37,G,,latest-months
162015,Luleå Sol,11,Global Irradians (svenska stationer),"medelvärde 1 timma, varje timme",watt per kvadratmeter,2026-07-17T02:00:00Z,2026-07-17T04:00:00+02:00,1784253600000,,14.40,14.40,G,,latest-months
162015,Luleå Sol,11,Global Irradians (svenska stationer),"medelvärde 1 timma, varje timme",watt per kvadratmeter,2026-07-17T03:00:00Z,2026-07-17T05:00:00+02:00,1784257200000,,34.76,34.76,G,,latest-months
162015,Luleå Sol,11,Global Irradians (svenska stationer),"medelvärde 1 timma, varje timme",watt per kvadratmeter,2026-07-17T04:00:00Z,2026-07-17T06:00:00+02:00,1784260800000,,119.76,119.76,G,,latest-months
162015,Luleå Sol,11,Global Irradians (svenska stationer),"medelvärde 1 timma, varje timme",watt per kvadratmeter,2026-07-17T05:00:00Z,2026-07-17T07:00:00+02:00,1784264400000,,204.72,204.72,G,,latest-months
162015,Luleå Sol,11,Global Irradians (svenska stationer),"medelvärde 1 timma, varje timme",watt per kvadratmeter,2026-07-17T06:00:00Z,2026-07-17T08:00:00+02:00,1784268000000,,349.79,349.79,G,,latest-months
162015,Luleå Sol,11,Global Irradians (svenska stationer),"medelvärde 1 timma, varje timme",watt per kvadratmeter,2026-07-17T07:00:00Z,2026-07-17T09:00:00+02:00,1784271600000,,467.71,467.71,G,,latest-months
162015,Luleå Sol,11,Global Irradians (svenska stationer),"medelvärde 1 timma, varje timme",watt per kvadratmeter,2026-07-17T08:00:00Z,2026-07-17T10:00:00+02:00,1784275200000,,449.46,449.46,G,,latest-months
162015,Luleå Sol,11,Global Irradians (svenska stationer),"medelvärde 1 timma, varje timme",watt per kvadratmeter,2026-07-17T09:00:00Z,2026-07-17T11:00:00+02:00,1784278800000,,583.95,583.95,G,,latest-months
162015,Luleå Sol,11,Global Irradians (svenska stationer),"medelvärde 1 timma, varje timme",watt per kvadratmeter,2026-07-17T10:00:00Z,2026-07-17T12:00:00+02:00,1784282400000,,654.49,654.49,G,,latest-months
162015,Luleå Sol,11,Global Irradians (svenska stationer),"medelvärde 1 timma, varje timme",watt per kvadratmeter,2026-07-17T11:00:00Z,2026-07-17T13:00:00+02:00,1784286000000,,399.34,399.34,G,,latest-months
162015,Luleå Sol,11,Global Irradians (svenska stationer),"medelvärde 1 timma, varje timme",watt per kvadratmeter,2026-07-17T12:00:00Z,2026-07-17T14:00:00+02:00,1784289600000,,441.07,441.07,G,,latest-months
162015,Luleå Sol,11,Global Irradians (svenska stationer),"medelvärde 1 timma, varje timme",watt per kvadratmeter,2026-07-17T13:00:00Z,2026-07-17T15:00:00+02:00,1784293200000,,424.91,424.91,G,,latest-months
162015,Luleå Sol,11,Global Irradians (svenska stationer),"medelvärde 1 timma, varje timme",watt per kvadratmeter,2026-07-17T14:00:00Z,2026-07-17T16:00:00+02:00,1784296800000,,264.89,264.89,G,,latest-months
162015,Luleå Sol,11,Global Irradians (svenska stationer),"medelvärde 1 timma, varje timme",watt per kvadratmeter,2026-07-17T15:00:00Z,2026-07-17T17:00:00+02:00,1784300400000,,193.43,193.43,G,,latest-months
162015,Luleå Sol,11,Global Irradians (svenska stationer),"medelvärde 1 timma, varje timme",watt per kvadratmeter,2026-07-17T16:00:00Z,2026-07-17T18:00:00+02:00,1784304000000,,123.64,123.64,G,,latest-months
162015,Luleå Sol,11,Global Irradians (svenska stationer),"medelvärde 1 timma, varje timme",watt per kvadratmeter,2026-07-17T17:00:00Z,2026-07-17T19:00:00+02:00,1784307600000,,121.91,121.91,G,,latest-months
162015,Luleå Sol,11,Global Irradians (svenska stationer),"medelvärde 1 timma, varje timme",watt per kvadratmeter,2026-07-17T18:00:00Z,2026-07-17T20:00:00+02:00,1784311200000,,98.26,98.26,G,,latest-months
162015,Luleå Sol,11,Global Irradians (svenska stationer),"medelvärde 1 timma, varje timme",watt per kvadratmeter,2026-07-17T19:00:00Z,2026-07-17T21:00:00+02:00,1784314800000,,58.92,58.92,G,,latest-months
162015,Luleå Sol,11,Global Irradians (svenska stationer),"medelvärde 1 timma, varje timme",watt per kvadratmeter,2026-07-17T20:00:00Z,2026-07-17T22:00:00+02:00,1784318400000,,10.28,10.28,G,,latest-months
162015,Luleå Sol,11,Global Irradians (svenska stationer),"medelvärde 1 timma, varje timme",watt per kvadratmeter,2026-07-17T21:00:00Z,2026-07-17T23:00:00+02:00,1784322000000,,4.48,4.48,G,,latest-months
162015,Luleå Sol,11,Global Irradians (svenska stationer),"medelvärde 1 timma, varje timme",watt per kvadratmeter,2026-07-17T22:00:00Z,2026-07-18T00:00:00+02:00,1784325600000,,1.95,1.95,G,,latest-months
162015,Luleå Sol,11,Global Irradians (svenska stationer),"medelvärde 1 timma, varje timme",watt per kvadratmeter,2026-07-17T23:00:00Z,2026-07-18T01:00:00+02:00,1784329200000,,0.75,0.75,G,,latest-months
162015,Luleå Sol,11,Global Irradians (svenska stationer),"medelvärde 1 timma, varje timme",watt per kvadratmeter,2026-07-18T00:00:00Z,2026-07-18T02:00:00+02:00,1784332800000,,1.09,1.09,G,,latest-months
162015,Luleå Sol,11,Global Irradians (svenska stationer),"medelvärde 1 timma, varje timme",watt per kvadratmeter,2026-07-18T01:00:00Z,2026-07-18T03:00:00+02:00,1784336400000,,2.43,2.43,G,,latest-months
162015,Luleå Sol,11,Global Irradians (svenska stationer),"medelvärde 1 timma, varje timme",watt per kvadratmeter,2026-07-18T02:00:00Z,2026-07-18T04:00:00+02:00,1784340000000,,4.14,4.14,G,,latest-months
162015,Luleå Sol,11,Global Irradians (svenska stationer),"medelvärde 1 timma, varje timme",watt per kvadratmeter,2026-07-18T03:00:00Z,2026-07-18T05:00:00+02:00,1784343600000,,9.52,9.52,G,,latest-months
162015,Luleå Sol,11,Global Irradians (svenska stationer),"medelvärde 1 timma, varje timme",watt per kvadratmeter,2026-07-18T04:00:00Z,2026-07-18T06:00:00+02:00,1784347200000,,48.66,48.66,G,,latest-months
162015,Luleå Sol,11,Global Irradians (svenska stationer),"medelvärde 1 timma, varje timme",watt per kvadratmeter,2026-07-18T05:00:00Z,2026-07-18T07:00:00+02:00,1784350800000,,70.14,70.14,G,,latest-months
162015,Luleå Sol,11,Global Irradians (svenska stationer),"medelvärde 1 timma, varje timme",watt per kvadratmeter,2026-07-18T06:00:00Z,2026-07-18T08:00:00+02:00,1784354400000,,119.76,119.76,G,,latest-months
162015,Luleå Sol,11,Global Irradians (svenska stationer),"medelvärde 1 timma, varje timme",watt per kvadratmeter,2026-07-18T07:00:00Z,2026-07-18T09:00:00+02:00,1784358000000,,183.64,183.64,G,,latest-months
162015,Luleå Sol,11,Global Irradians (svenska stationer),"medelvärde 1 timma, varje timme",watt per kvadratmeter,2026-07-18T08:00:00Z,2026-07-18T10:00:00+02:00,1784361600000,,229.34,229.34,G,,latest-months
162015,Luleå Sol,11,Global Irradians (svenska stationer),"medelvärde 1 timma, varje timme",watt per kvadratmeter,2026-07-18T09:00:00Z,2026-07-18T11:00:00+02:00,1784365200000,,353.42,353.42,G,,latest-months
162015,Luleå Sol,11,Global Irradians (svenska stationer),"medelvärde 1 timma, varje timme",watt per kvadratmeter,2026-07-18T10:00:00Z,2026-07-18T12:00:00+02:00,1784368800000,,281.30,281.30,G,,latest-months
162015,Luleå Sol,11,Global Irradians (svenska stationer),"medelvärde 1 timma, varje timme",watt per kvadratmeter,2026-07-18T11:00:00Z,2026-07-18T13:00:00+02:00,1784372400000,,326.17,326.17,G,,latest-months
162015,Luleå Sol,11,Global Irradians (svenska stationer),"medelvärde 1 timma, varje timme",watt per kvadratmeter,2026-07-18T12:00:00Z,2026-07-18T14:00:00+02:00,1784376000000,,351.43,351.43,G,,latest-months
162015,Luleå Sol,11,Global Irradians (svenska stationer),"medelvärde 1 timma, varje timme",watt per kvadratmeter,2026-07-18T13:00:00Z,2026-07-18T15:00:00+02:00,1784379600000,,282.06,282.06,G,,latest-months
162015,Luleå Sol,11,Global Irradians (svenska stationer),"medelvärde 1 timma, varje timme",watt per kvadratmeter,2026-07-18T14:00:00Z,2026-07-18T16:00:00+02:00,1784383200000,,415.23,415.23,G,,latest-months
162015,Luleå Sol,11,Global Irradians (svenska stationer),"medelvärde 1 timma, varje timme",watt per kvadratmeter,2026-07-18T15:00:00Z,2026-07-18T17:00:00+02:00,1784386800000,,365.76,365.76,G,,latest-months
162015,Luleå Sol,11,Global Irradians (svenska stationer),"medelvärde 1 timma, varje timme",watt per kvadratmeter,2026-07-18T16:00:00Z,2026-07-18T18:00:00+02:00,1784390400000,,408.93,408.93,G,,latest-months
162015,Luleå Sol,11,Global Irradians (svenska stationer),"medelvärde 1 timma, varje timme",watt per kvadratmeter,2026-07-18T17:00:00Z,2026-07-18T19:00:00+02:00,1784394000000,,331.12,331.12,G,,latest-months
162015,Luleå Sol,11,Global Irradians (svenska stationer),"medelvärde 1 timma, varje timme",watt per kvadratmeter,2026-07-18T18:00:00Z,2026-07-18T20:00:00+02:00,1784397600000,,233.17,233.17,G,,latest-months
162015,Luleå Sol,11,Global Irradians (svenska stationer),"medelvärde 1 timma, varje timme",watt per kvadratmeter,2026-07-18T19:00:00Z,2026-07-18T21:00:00+02:00,1784401200000,,124.94,124.94,G,,latest-months
162015,Luleå Sol,11,Global Irradians (svenska stationer),"medelvärde 1 timma, varje timme",watt per kvadratmeter,2026-07-18T20:00:00Z,2026-07-18T22:00:00+02:00,1784404800000,,45.92,45.92,G,,latest-months
162015,Luleå Sol,11,Global Irradians (svenska stationer),"medelvärde 1 timma, varje timme",watt per kvadratmeter,2026-07-18T21:00:00Z,2026-07-18T23:00:00+02:00,1784408400000,,13.15,13.15,G,,latest-months
162015,Luleå Sol,11,Global Irradians (svenska stationer),"medelvärde 1 timma, varje timme",watt per kvadratmeter,2026-07-18T22:00:00Z,2026-07-19T00:00:00+02:00,1784412000000,,2.48,2.48,G,,latest-months
162015,Luleå Sol,11,Global Irradians (svenska stationer),"medelvärde 1 timma, varje timme",watt per kvadratmeter,2026-07-18T23:00:00Z,2026-07-19T01:00:00+02:00,1784415600000,,0.46,0.46,G,,latest-months
162015,Luleå Sol,11,Global Irradians (svenska stationer),"medelvärde 1 timma, varje timme",watt per kvadratmeter,2026-07-19T00:00:00Z,2026-07-19T02:00:00+02:00,1784419200000,,0.95,0.95,G,,latest-months
162015,Luleå Sol,11,Global Irradians (svenska stationer),"medelvärde 1 timma, varje timme",watt per kvadratmeter,2026-07-19T01:00:00Z,2026-07-19T03:00:00+02:00,1784422800000,,5.18,5.18,G,,latest-months
162015,Luleå Sol,11,Global Irradians (svenska stationer),"medelvärde 1 timma, varje timme",watt per kvadratmeter,2026-07-19T02:00:00Z,2026-07-19T04:00:00+02:00,1784426400000,,23.64,23.64,G,,latest-months
162015,Luleå Sol,11,Global Irradians (svenska stationer),"medelvärde 1 timma, varje timme",watt per kvadratmeter,2026-07-19T03:00:00Z,2026-07-19T05:00:00+02:00,1784430000000,,72.37,72.37,G,,latest-months
162015,Luleå Sol,11,Global Irradians (svenska stationer),"medelvärde 1 timma, varje timme",watt per kvadratmeter,2026-07-19T04:00:00Z,2026-07-19T06:00:00+02:00,1784433600000,,151.57,151.57,G,,latest-months
162015,Luleå Sol,11,Global Irradians (svenska stationer),"medelvärde 1 timma, varje timme",watt per kvadratmeter,2026-07-19T05:00:00Z,2026-07-19T07:00:00+02:00,1784437200000,,220.55,220.55,G,,latest-months
162015,Luleå Sol,11,Global Irradians (svenska stationer),"medelvärde 1 timma, varje timme",watt per kvadratmeter,2026-07-19T06:00:00Z,2026-07-19T08:00:00+02:00,1784440800000,,377.97,377.97,G,,latest-months
162015,Luleå Sol,11,Global Irradians (svenska stationer),"medelvärde 1 timma, varje timme",watt per kvadratmeter,2026-07-19T07:00:00Z,2026-07-19T09:00:00+02:00,1784444400000,,497.72,497.72,G,,latest-months
162015,Luleå Sol,11,Global Irradians (svenska stationer),"medelvärde 1 timma, varje timme",watt per kvadratmeter,2026-07-19T08:00:00Z,2026-07-19T10:00:00+02:00,1784448000000,,591.08,591.08,G,,latest-months
162015,Luleå Sol,11,Global Irradians (svenska stationer),"medelvärde 1 timma, varje timme",watt per kvadratmeter,2026-07-19T09:00:00Z,2026-07-19T11:00:00+02:00,1784451600000,,656.59,656.59,G,,latest-months
162015,Luleå Sol,11,Global Irradians (svenska stationer),"medelvärde 1 timma, varje timme",watt per kvadratmeter,2026-07-19T10:00:00Z,2026-07-19T12:00:00+02:00,1784455200000,,685.31,685.31,G,,latest-months
162015,Luleå Sol,11,Global Irradians (svenska stationer),"medelvärde 1 timma, varje timme",watt per kvadratmeter,2026-07-19T11:00:00Z,2026-07-19T13:00:00+02:00,1784458800000,,629.52,629.52,G,,latest-months
162015,Luleå Sol,11,Global Irradians (svenska stationer),"medelvärde 1 timma, varje timme",watt per kvadratmeter,2026-07-19T12:00:00Z,2026-07-19T14:00:00+02:00,1784462400000,,582.79,582.79,G,,latest-months
162015,Luleå Sol,11,Global Irradians (svenska stationer),"medelvärde 1 timma, varje timme",watt per kvadratmeter,2026-07-19T13:00:00Z,2026-07-19T15:00:00+02:00,1784466000000,,539.68,539.68,G,,latest-months
162015,Luleå Sol,11,Global Irradians (svenska stationer),"medelvärde 1 timma, varje timme",watt per kvadratmeter,2026-07-19T14:00:00Z,2026-07-19T16:00:00+02:00,1784469600000,,489.17,489.17,G,,latest-months
162015,Luleå Sol,11,Global Irradians (svenska stationer),"medelvärde 1 timma, varje timme",watt per kvadratmeter,2026-07-19T15:00:00Z,2026-07-19T17:00:00+02:00,1784473200000,,412.85,412.85,G,,latest-months
162015,Luleå Sol,11,Global Irradians (svenska stationer),"medelvärde 1 timma, varje timme",watt per kvadratmeter,2026-07-19T16:00:00Z,2026-07-19T18:00:00+02:00,1784476800000,,360.73,360.73,G,,latest-months
162015,Luleå Sol,11,Global Irradians (svenska stationer),"medelvärde 1 timma, varje timme",watt per kvadratmeter,2026-07-19T17:00:00Z,2026-07-19T19:00:00+02:00,1784480400000,,265.41,265.41,G,,latest-months
162015,Luleå Sol,11,Global Irradians (svenska stationer),"medelvärde 1 timma, varje timme",watt per kvadratmeter,2026-07-19T18:00:00Z,2026-07-19T20:00:00+02:00,1784484000000,,168.66,168.66,G,,latest-months
162015,Luleå Sol,11,Global Irradians (svenska stationer),"medelvärde 1 timma, varje timme",watt per kvadratmeter,2026-07-19T19:00:00Z,2026-07-19T21:00:00+02:00,1784487600000,,100.36,100.36,G,,latest-months
162015,Luleå Sol,11,Global Irradians (svenska stationer),"medelvärde 1 timma, varje timme",watt per kvadratmeter,2026-07-19T20:00:00Z,2026-07-19T22:00:00+02:00,1784491200000,,39.48,39.48,G,,latest-months
162015,Luleå Sol,11,Global Irradians (svenska stationer),"medelvärde 1 timma, varje timme",watt per kvadratmeter,2026-07-19T21:00:00Z,2026-07-19T23:00:00+02:00,1784494800000,,5.82,5.82,G,,latest-months
162015,Luleå Sol,11,Global Irradians (svenska stationer),"medelvärde 1 timma, varje timme",watt per kvadratmeter,2026-07-19T22:00:00Z,2026-07-20T00:00:00+02:00,1784498400000,,1.48,1.48,G,,latest-months
162015,Luleå Sol,11,Global Irradians (svenska stationer),"medelvärde 1 timma, varje timme",watt per kvadratmeter,2026-07-19T23:00:00Z,2026-07-20T01:00:00+02:00,1784502000000,,0.72,0.72,G,,latest-months
162015,Luleå Sol,11,Global Irradians (svenska stationer),"medelvärde 1 timma, varje timme",watt per kvadratmeter,2026-07-20T00:00:00Z,2026-07-20T02:00:00+02:00,1784505600000,,0.90,0.90,G,,latest-months
162015,Luleå Sol,11,Global Irradians (svenska stationer),"medelvärde 1 timma, varje timme",watt per kvadratmeter,2026-07-20T01:00:00Z,2026-07-20T03:00:00+02:00,1784509200000,,4.04,4.04,G,,latest-months
162015,Luleå Sol,11,Global Irradians (svenska stationer),"medelvärde 1 timma, varje timme",watt per kvadratmeter,2026-07-20T02:00:00Z,2026-07-20T04:00:00+02:00,1784512800000,,20.64,20.64,G,,latest-months
162015,Luleå Sol,11,Global Irradians (svenska stationer),"medelvärde 1 timma, varje timme",watt per kvadratmeter,2026-07-20T03:00:00Z,2026-07-20T05:00:00+02:00,1784516400000,,71.73,71.73,G,,latest-months
162015,Luleå Sol,11,Global Irradians (svenska stationer),"medelvärde 1 timma, varje timme",watt per kvadratmeter,2026-07-20T04:00:00Z,2026-07-20T06:00:00+02:00,1784520000000,,135.99,135.99,G,,latest-months
162015,Luleå Sol,11,Global Irradians (svenska stationer),"medelvärde 1 timma, varje timme",watt per kvadratmeter,2026-07-20T05:00:00Z,2026-07-20T07:00:00+02:00,1784523600000,,184.19,184.19,G,,latest-months
162015,Luleå Sol,11,Global Irradians (svenska stationer),"medelvärde 1 timma, varje timme",watt per kvadratmeter,2026-07-20T06:00:00Z,2026-07-20T08:00:00+02:00,1784527200000,,298.94,298.94,G,,latest-months
162015,Luleå Sol,11,Global Irradians (svenska stationer),"medelvärde 1 timma, varje timme",watt per kvadratmeter,2026-07-20T07:00:00Z,2026-07-20T09:00:00+02:00,1784530800000,,489.12,489.12,G,,latest-months
162015,Luleå Sol,11,Global Irradians (svenska stationer),"medelvärde 1 timma, varje timme",watt per kvadratmeter,2026-07-20T08:00:00Z,2026-07-20T10:00:00+02:00,1784534400000,,582.06,582.06,G,,latest-months
162015,Luleå Sol,11,Global Irradians (svenska stationer),"medelvärde 1 timma, varje timme",watt per kvadratmeter,2026-07-20T09:00:00Z,2026-07-20T11:00:00+02:00,1784538000000,,657.10,657.10,G,,latest-months
162015,Luleå Sol,11,Global Irradians (svenska stationer),"medelvärde 1 timma, varje timme",watt per kvadratmeter,2026-07-20T10:00:00Z,2026-07-20T12:00:00+02:00,1784541600000,,705.55,705.55,G,,latest-months
162015,Luleå Sol,11,Global Irradians (svenska stationer),"medelvärde 1 timma, varje timme",watt per kvadratmeter,2026-07-20T11:00:00Z,2026-07-20T13:00:00+02:00,1784545200000,,726.13,726.13,G,,latest-months
162015,Luleå Sol,11,Global Irradians (svenska stationer),"medelvärde 1 timma, varje timme",watt per kvadratmeter,2026-07-20T12:00:00Z,2026-07-20T14:00:00+02:00,1784548800000,,728.06,728.06,G,,latest-months
162015,Luleå Sol,11,Global Irradians (svenska stationer),"medelvärde 1 timma, varje timme",watt per kvadratmeter,2026-07-20T13:00:00Z,2026-07-20T15:00:00+02:00,1784552400000,,507.82,507.82,G,,latest-months
162015,Luleå Sol,11,Global Irradians (svenska stationer),"medelvärde 1 timma, varje timme",watt per kvadratmeter,2026-07-20T14:00:00Z,2026-07-20T16:00:00+02:00,1784556000000,,397.98,397.98,G,,latest-months
162015,Luleå Sol,11,Global Irradians (svenska stationer),"medelvärde 1 timma, varje timme",watt per kvadratmeter,2026-07-20T15:00:00Z,2026-07-20T17:00:00+02:00,1784559600000,,409.28,409.28,G,,latest-months
162015,Luleå Sol,11,Global Irradians (svenska stationer),"medelvärde 1 timma, varje timme",watt per kvadratmeter,2026-07-20T16:00:00Z,2026-07-20T18:00:00+02:00,1784563200000,,349.50,349.50,G,,latest-months
162015,Luleå Sol,11,Global Irradians (svenska stationer),"medelvärde 1 timma, varje timme",watt per kvadratmeter,2026-07-20T17:00:00Z,2026-07-20T19:00:00+02:00,1784566800000,,282.92,282.92,G,,latest-months
162015,Luleå Sol,11,Global Irradians (svenska stationer),"medelvärde 1 timma, varje timme",watt per kvadratmeter,2026-07-20T18:00:00Z,2026-07-20T20:00:00+02:00,1784570400000,,147.29,147.29,G,,latest-months
162015,Luleå Sol,11,Global Irradians (svenska stationer),"medelvärde 1 timma, varje timme",watt per kvadratmeter,2026-07-20T19:00:00Z,2026-07-20T21:00:00+02:00,1784574000000,,96.96,96.96,G,,latest-months
162015,Luleå Sol,11,Global Irradians (svenska stationer),"medelvärde 1 timma, varje timme",watt per kvadratmeter,2026-07-20T20:00:00Z,2026-07-20T22:00:00+02:00,1784577600000,,35.23,35.23,G,,latest-months
162015,Luleå Sol,11,Global Irradians (svenska stationer),"medelvärde 1 timma, varje timme",watt per kvadratmeter,2026-07-20T21:00:00Z,2026-07-20T23:00:00+02:00,1784581200000,,5.84,5.84,G,,latest-months
162015,Luleå Sol,11,Global Irradians (svenska stationer),"medelvärde 1 timma, varje timme",watt per kvadratmeter,2026-07-20T22:00:00Z,2026-07-21T00:00:00+02:00,1784584800000,,0.84,0.84,G,,latest-months
162015,Luleå Sol,11,Global Irradians (svenska stationer),"medelvärde 1 timma, varje timme",watt per kvadratmeter,2026-07-20T23:00:00Z,2026-07-21T01:00:00+02:00,1784588400000,,0.24,0.24,G,,latest-months
162015,Luleå Sol,11,Global Irradians (svenska stationer),"medelvärde 1 timma, varje timme",watt per kvadratmeter,2026-07-21T00:00:00Z,2026-07-21T02:00:00+02:00,1784592000000,,0.37,0.37,G,,latest-months
162015,Luleå Sol,11,Global Irradians (svenska stationer),"medelvärde 1 timma, varje timme",watt per kvadratmeter,2026-07-21T01:00:00Z,2026-07-21T03:00:00+02:00,1784595600000,,3.93,3.93,G,,latest-months
162015,Luleå Sol,11,Global Irradians (svenska stationer),"medelvärde 1 timma, varje timme",watt per kvadratmeter,2026-07-21T02:00:00Z,2026-07-21T04:00:00+02:00,1784599200000,,22.30,22.30,G,,latest-months
162015,Luleå Sol,11,Global Irradians (svenska stationer),"medelvärde 1 timma, varje timme",watt per kvadratmeter,2026-07-21T03:00:00Z,2026-07-21T05:00:00+02:00,1784602800000,,74.81,74.81,G,,latest-months
162015,Luleå Sol,11,Global Irradians (svenska stationer),"medelvärde 1 timma, varje timme",watt per kvadratmeter,2026-07-21T04:00:00Z,2026-07-21T06:00:00+02:00,1784606400000,,158.28,158.28,G,,latest-months
162015,Luleå Sol,11,Global Irradians (svenska stationer),"medelvärde 1 timma, varje timme",watt per kvadratmeter,2026-07-21T05:00:00Z,2026-07-21T07:00:00+02:00,1784610000000,,261.61,261.61,G,,latest-months
162015,Luleå Sol,11,Global Irradians (svenska stationer),"medelvärde 1 timma, varje timme",watt per kvadratmeter,2026-07-21T06:00:00Z,2026-07-21T08:00:00+02:00,1784613600000,,427.19,427.19,G,,latest-months
162015,Luleå Sol,11,Global Irradians (svenska stationer),"medelvärde 1 timma, varje timme",watt per kvadratmeter,2026-07-21T07:00:00Z,2026-07-21T09:00:00+02:00,1784617200000,,421.50,421.50,G,,latest-months
162015,Luleå Sol,11,Global Irradians (svenska stationer),"medelvärde 1 timma, varje timme",watt per kvadratmeter,2026-07-21T08:00:00Z,2026-07-21T10:00:00+02:00,1784620800000,,505.33,505.33,G,,latest-months
162015,Luleå Sol,11,Global Irradians (svenska stationer),"medelvärde 1 timma, varje timme",watt per kvadratmeter,2026-07-21T09:00:00Z,2026-07-21T11:00:00+02:00,1784624400000,,546.97,546.97,G,,latest-months
162015,Luleå Sol,11,Global Irradians (svenska stationer),"medelvärde 1 timma, varje timme",watt per kvadratmeter,2026-07-21T10:00:00Z,2026-07-21T12:00:00+02:00,1784628000000,,604.45,604.45,G,,latest-months
162015,Luleå Sol,11,Global Irradians (svenska stationer),"medelvärde 1 timma, varje timme",watt per kvadratmeter,2026-07-21T11:00:00Z,2026-07-21T13:00:00+02:00,1784631600000,,516.43,516.43,G,,latest-months
162015,Luleå Sol,11,Global Irradians (svenska stationer),"medelvärde 1 timma, varje timme",watt per kvadratmeter,2026-07-21T12:00:00Z,2026-07-21T14:00:00+02:00,1784635200000,,330.65,330.65,G,,latest-months
162015,Luleå Sol,11,Global Irradians (svenska stationer),"medelvärde 1 timma, varje timme",watt per kvadratmeter,2026-07-21T13:00:00Z,2026-07-21T15:00:00+02:00,1784638800000,,195.92,195.92,G,,latest-months
162015,Luleå Sol,11,Global Irradians (svenska stationer),"medelvärde 1 timma, varje timme",watt per kvadratmeter,2026-07-21T14:00:00Z,2026-07-21T16:00:00+02:00,1784642400000,,183.16,183.16,G,,latest-months
162015,Luleå Sol,11,Global Irradians (svenska stationer),"medelvärde 1 timma, varje timme",watt per kvadratmeter,2026-07-21T15:00:00Z,2026-07-21T17:00:00+02:00,1784646000000,,140.87,140.87,G,,latest-months
162015,Luleå Sol,11,Global Irradians (svenska stationer),"medelvärde 1 timma, varje timme",watt per kvadratmeter,2026-07-21T16:00:00Z,2026-07-21T18:00:00+02:00,1784649600000,,144.54,144.54,G,,latest-months
162015,Luleå Sol,11,Global Irradians (svenska stationer),"medelvärde 1 timma, varje timme",watt per kvadratmeter,2026-07-21T17:00:00Z,2026-07-21T19:00:00+02:00,1784653200000,,91.36,91.36,G,,latest-months
162015,Luleå Sol,11,Global Irradians (svenska stationer),"medelvärde 1 timma, varje timme",watt per kvadratmeter,2026-07-21T18:00:00Z,2026-07-21T20:00:00+02:00,1784656800000,,46.96,46.96,G,,latest-months
162015,Luleå Sol,11,Global Irradians (svenska stationer),"medelvärde 1 timma, varje timme",watt per kvadratmeter,2026-07-21T19:00:00Z,2026-07-21T21:00:00+02:00,1784660400000,,25.36,25.36,G,,latest-months
162015,Luleå Sol,11,Global Irradians (svenska stationer),"medelvärde 1 timma, varje timme",watt per kvadratmeter,2026-07-21T20:00:00Z,2026-07-21T22:00:00+02:00,1784664000000,,10.25,10.25,G,,latest-months
162015,Luleå Sol,11,Global Irradians (svenska stationer),"medelvärde 1 timma, varje timme",watt per kvadratmeter,2026-07-21T21:00:00Z,2026-07-21T23:00:00+02:00,1784667600000,,2.34,2.34,G,,latest-months
162015,Luleå Sol,11,Global Irradians (svenska stationer),"medelvärde 1 timma, varje timme",watt per kvadratmeter,2026-07-21T22:00:00Z,2026-07-22T00:00:00+02:00,1784671200000,,0.68,0.68,G,,latest-months
162015,Luleå Sol,11,Global Irradians (svenska stationer),"medelvärde 1 timma, varje timme",watt per kvadratmeter,2026-07-21T23:00:00Z,2026-07-22T01:00:00+02:00,1784674800000,,0.32,0.32,G,,latest-months
162015,Luleå Sol,11,Global Irradians (svenska stationer),"medelvärde 1 timma, varje timme",watt per kvadratmeter,2026-07-22T00:00:00Z,2026-07-22T02:00:00+02:00,1784678400000,,0.01,0.01,G,,latest-months
162015,Luleå Sol,11,Global Irradians (svenska stationer),"medelvärde 1 timma, varje timme",watt per kvadratmeter,2026-07-22T01:00:00Z,2026-07-22T03:00:00+02:00,1784682000000,,0.61,0.61,G,,latest-months
162015,Luleå Sol,11,Global Irradians (svenska stationer),"medelvärde 1 timma, varje timme",watt per kvadratmeter,2026-07-22T02:00:00Z,2026-07-22T04:00:00+02:00,1784685600000,,5.52,5.52,G,,latest-months
162015,Luleå Sol,11,Global Irradians (svenska stationer),"medelvärde 1 timma, varje timme",watt per kvadratmeter,2026-07-22T03:00:00Z,2026-07-22T05:00:00+02:00,1784689200000,,27.41,27.41,G,,latest-months
162015,Luleå Sol,11,Global Irradians (svenska stationer),"medelvärde 1 timma, varje timme",watt per kvadratmeter,2026-07-22T04:00:00Z,2026-07-22T06:00:00+02:00,1784692800000,,30.04,30.04,G,,latest-months
162015,Luleå Sol,11,Global Irradians (svenska stationer),"medelvärde 1 timma, varje timme",watt per kvadratmeter,2026-07-22T05:00:00Z,2026-07-22T07:00:00+02:00,1784696400000,,79.70,79.70,G,,latest-months
162015,Luleå Sol,11,Global Irradians (svenska stationer),"medelvärde 1 timma, varje timme",watt per kvadratmeter,2026-07-22T06:00:00Z,2026-07-22T08:00:00+02:00,1784700000000,,157.59,157.59,G,,latest-months
162015,Luleå Sol,11,Global Irradians (svenska stationer),"medelvärde 1 timma, varje timme",watt per kvadratmeter,2026-07-22T07:00:00Z,2026-07-22T09:00:00+02:00,1784703600000,,356.39,356.39,G,,latest-months
162015,Luleå Sol,11,Global Irradians (svenska stationer),"medelvärde 1 timma, varje timme",watt per kvadratmeter,2026-07-22T08:00:00Z,2026-07-22T10:00:00+02:00,1784707200000,,236.38,236.38,G,,latest-months
162015,Luleå Sol,11,Global Irradians (svenska stationer),"medelvärde 1 timma, varje timme",watt per kvadratmeter,2026-07-22T09:00:00Z,2026-07-22T11:00:00+02:00,1784710800000,,371.67,371.67,G,,latest-months
162015,Luleå Sol,11,Global Irradians (svenska stationer),"medelvärde 1 timma, varje timme",watt per kvadratmeter,2026-07-22T10:00:00Z,2026-07-22T12:00:00+02:00,1784714400000,,360.11,360.11,G,,latest-months
162015,Luleå Sol,11,Global Irradians (svenska stationer),"medelvärde 1 timma, varje timme",watt per kvadratmeter,2026-07-22T11:00:00Z,2026-07-22T13:00:00+02:00,1784718000000,,369.06,369.06,G,,latest-months
162015,Luleå Sol,11,Global Irradians (svenska stationer),"medelvärde 1 timma, varje timme",watt per kvadratmeter,2026-07-22T12:00:00Z,2026-07-22T14:00:00+02:00,1784721600000,,314.96,314.96,G,,latest-months
162015,Luleå Sol,11,Global Irradians (svenska stationer),"medelvärde 1 timma, varje timme",watt per kvadratmeter,2026-07-22T13:00:00Z,2026-07-22T15:00:00+02:00,1784725200000,,200.33,200.33,G,,latest-months
162015,Luleå Sol,11,Global Irradians (svenska stationer),"medelvärde 1 timma, varje timme",watt per kvadratmeter,2026-07-22T14:00:00Z,2026-07-22T16:00:00+02:00,1784728800000,,219.65,219.65,G,,latest-months
162015,Luleå Sol,11,Global Irradians (svenska stationer),"medelvärde 1 timma, varje timme",watt per kvadratmeter,2026-07-22T15:00:00Z,2026-07-22T17:00:00+02:00,1784732400000,,246.06,246.06,G,,latest-months
162015,Luleå Sol,11,Global Irradians (svenska stationer),"medelvärde 1 timma, varje timme",watt per kvadratmeter,2026-07-22T16:00:00Z,2026-07-22T18:00:00+02:00,1784736000000,,110.63,110.63,G,,latest-months
162015,Luleå Sol,11,Global Irradians (svenska stationer),"medelvärde 1 timma, varje timme",watt per kvadratmeter,2026-07-22T17:00:00Z,2026-07-22T19:00:00+02:00,1784739600000,,71.32,71.32,G,,latest-months
162015,Luleå Sol,11,Global Irradians (svenska stationer),"medelvärde 1 timma, varje timme",watt per kvadratmeter,2026-07-22T18:00:00Z,2026-07-22T20:00:00+02:00,1784743200000,,115.97,115.97,G,,latest-months
162015,Luleå Sol,11,Global Irradians (svenska stationer),"medelvärde 1 timma, varje timme",watt per kvadratmeter,2026-07-22T19:00:00Z,2026-07-22T21:00:00+02:00,1784746800000,,58.25,58.25,G,,latest-months
162015,Luleå Sol,11,Global Irradians (svenska stationer),"medelvärde 1 timma, varje timme",watt per kvadratmeter,2026-07-22T20:00:00Z,2026-07-22T22:00:00+02:00,1784750400000,,18.49,18.49,G,,latest-months
162015,Luleå Sol,11,Global Irradians (svenska stationer),"medelvärde 1 timma, varje timme",watt per kvadratmeter,2026-07-22T21:00:00Z,2026-07-22T23:00:00+02:00,1784754000000,,4.06,4.06,G,,latest-months
162015,Luleå Sol,11,Global Irradians (svenska stationer),"medelvärde 1 timma, varje timme",watt per kvadratmeter,2026-07-22T22:00:00Z,2026-07-23T00:00:00+02:00,1784757600000,,1.75,1.75,G,,latest-months
162015,Luleå Sol,11,Global Irradians (svenska stationer),"medelvärde 1 timma, varje timme",watt per kvadratmeter,2026-07-22T23:00:00Z,2026-07-23T01:00:00+02:00,1784761200000,,1.48,1.48,G,,latest-months
162015,Luleå Sol,11,Global Irradians (svenska stationer),"medelvärde 1 timma, varje timme",watt per kvadratmeter,2026-07-23T00:00:00Z,2026-07-23T02:00:00+02:00,1784764800000,,1.48,1.48,G,,latest-months
162015,Luleå Sol,11,Global Irradians (svenska stationer),"medelvärde 1 timma, varje timme",watt per kvadratmeter,2026-07-23T01:00:00Z,2026-07-23T03:00:00+02:00,1784768400000,,1.95,1.95,G,,latest-months
162015,Luleå Sol,11,Global Irradians (svenska stationer),"medelvärde 1 timma, varje timme",watt per kvadratmeter,2026-07-23T02:00:00Z,2026-07-23T04:00:00+02:00,1784772000000,,3.21,3.21,G,,latest-months
162015,Luleå Sol,11,Global Irradians (svenska stationer),"medelvärde 1 timma, varje timme",watt per kvadratmeter,2026-07-23T03:00:00Z,2026-07-23T05:00:00+02:00,1784775600000,,23.20,23.20,G,,latest-months
162015,Luleå Sol,11,Global Irradians (svenska stationer),"medelvärde 1 timma, varje timme",watt per kvadratmeter,2026-07-23T04:00:00Z,2026-07-23T06:00:00+02:00,1784779200000,,87.10,87.10,G,,latest-months
162015,Luleå Sol,11,Global Irradians (svenska stationer),"medelvärde 1 timma, varje timme",watt per kvadratmeter,2026-07-23T05:00:00Z,2026-07-23T07:00:00+02:00,1784782800000,,130.76,130.76,G,,latest-months
162015,Luleå Sol,11,Global Irradians (svenska stationer),"medelvärde 1 timma, varje timme",watt per kvadratmeter,2026-07-23T06:00:00Z,2026-07-23T08:00:00+02:00,1784786400000,,281.09,281.09,G,,latest-months
162015,Luleå Sol,11,Global Irradians (svenska stationer),"medelvärde 1 timma, varje timme",watt per kvadratmeter,2026-07-23T07:00:00Z,2026-07-23T09:00:00+02:00,1784790000000,,477.83,477.83,G,,latest-months
162015,Luleå Sol,11,Global Irradians (svenska stationer),"medelvärde 1 timma, varje timme",watt per kvadratmeter,2026-07-23T08:00:00Z,2026-07-23T10:00:00+02:00,1784793600000,,570.25,570.25,G,,latest-months
162015,Luleå Sol,11,Global Irradians (svenska stationer),"medelvärde 1 timma, varje timme",watt per kvadratmeter,2026-07-23T09:00:00Z,2026-07-23T11:00:00+02:00,1784797200000,,655.86,655.86,G,,latest-months
162015,Luleå Sol,11,Global Irradians (svenska stationer),"medelvärde 1 timma, varje timme",watt per kvadratmeter,2026-07-23T10:00:00Z,2026-07-23T12:00:00+02:00,1784800800000,,714.35,714.35,G,,latest-months
162015,Luleå Sol,11,Global Irradians (svenska stationer),"medelvärde 1 timma, varje timme",watt per kvadratmeter,2026-07-23T11:00:00Z,2026-07-23T13:00:00+02:00,1784804400000,,713.23,713.23,G,,latest-months
162015,Luleå Sol,11,Global Irradians (svenska stationer),"medelvärde 1 timma, varje timme",watt per kvadratmeter,2026-07-23T12:00:00Z,2026-07-23T14:00:00+02:00,1784808000000,,622.03,622.03,G,,latest-months
162015,Luleå Sol,11,Global Irradians (svenska stationer),"medelvärde 1 timma, varje timme",watt per kvadratmeter,2026-07-23T13:00:00Z,2026-07-23T15:00:00+02:00,1784811600000,,473.53,473.53,G,,latest-months
162015,Luleå Sol,11,Global Irradians (svenska stationer),"medelvärde 1 timma, varje timme",watt per kvadratmeter,2026-07-23T14:00:00Z,2026-07-23T16:00:00+02:00,1784815200000,,603.44,603.44,G,,latest-months
162015,Luleå Sol,11,Global Irradians (svenska stationer),"medelvärde 1 timma, varje timme",watt per kvadratmeter,2026-07-23T15:00:00Z,2026-07-23T17:00:00+02:00,1784818800000,,498.19,498.19,G,,latest-months
162015,Luleå Sol,11,Global Irradians (svenska stationer),"medelvärde 1 timma, varje timme",watt per kvadratmeter,2026-07-23T16:00:00Z,2026-07-23T18:00:00+02:00,1784822400000,,400.44,400.44,G,,latest-months
162015,Luleå Sol,11,Global Irradians (svenska stationer),"medelvärde 1 timma, varje timme",watt per kvadratmeter,2026-07-23T17:00:00Z,2026-07-23T19:00:00+02:00,1784826000000,,275.41,275.41,G,,latest-months
162015,Luleå Sol,11,Global Irradians (svenska stationer),"medelvärde 1 timma, varje timme",watt per kvadratmeter,2026-07-23T18:00:00Z,2026-07-23T20:00:00+02:00,1784829600000,,185.01,185.01,G,,latest-months
162015,Luleå Sol,11,Global Irradians (svenska stationer),"medelvärde 1 timma, varje timme",watt per kvadratmeter,2026-07-23T19:00:00Z,2026-07-23T21:00:00+02:00,1784833200000,,91.71,91.71,G,,latest-months
162015,Luleå Sol,11,Global Irradians (svenska stationer),"medelvärde 1 timma, varje timme",watt per kvadratmeter,2026-07-23T20:00:00Z,2026-07-23T22:00:00+02:00,1784836800000,,22.21,22.21,G,,latest-months
162015,Luleå Sol,11,Global Irradians (svenska stationer),"medelvärde 1 timma, varje timme",watt per kvadratmeter,2026-07-23T21:00:00Z,2026-07-23T23:00:00+02:00,1784840400000,,3.11,3.11,G,,latest-months
162015,Luleå Sol,11,Global Irradians (svenska stationer),"medelvärde 1 timma, varje timme",watt per kvadratmeter,2026-07-23T22:00:00Z,2026-07-24T00:00:00+02:00,1784844000000,,0.56,0.56,G,,latest-months
162015,Luleå Sol,11,Global Irradians (svenska stationer),"medelvärde 1 timma, varje timme",watt per kvadratmeter,2026-07-23T23:00:00Z,2026-07-24T01:00:00+02:00,1784847600000,,0.77,0.77,G,,latest-months
162015,Luleå Sol,11,Global Irradians (svenska stationer),"medelvärde 1 timma, varje timme",watt per kvadratmeter,2026-07-24T00:00:00Z,2026-07-24T02:00:00+02:00,1784851200000,,0.77,0.77,G,,latest-months
162015,Luleå Sol,11,Global Irradians (svenska stationer),"medelvärde 1 timma, varje timme",watt per kvadratmeter,2026-07-24T01:00:00Z,2026-07-24T03:00:00+02:00,1784854800000,,1.93,1.93,G,,latest-months
162015,Luleå Sol,11,Global Irradians (svenska stationer),"medelvärde 1 timma, varje timme",watt per kvadratmeter,2026-07-24T02:00:00Z,2026-07-24T04:00:00+02:00,1784858400000,,7.77,7.77,G,,latest-months
162015,Luleå Sol,11,Global Irradians (svenska stationer),"medelvärde 1 timma, varje timme",watt per kvadratmeter,2026-07-24T03:00:00Z,2026-07-24T05:00:00+02:00,1784862000000,,18.00,18.00,G,,latest-months
162015,Luleå Sol,11,Global Irradians (svenska stationer),"medelvärde 1 timma, varje timme",watt per kvadratmeter,2026-07-24T04:00:00Z,2026-07-24T06:00:00+02:00,1784865600000,,41.94,41.94,G,,latest-months
162015,Luleå Sol,11,Global Irradians (svenska stationer),"medelvärde 1 timma, varje timme",watt per kvadratmeter,2026-07-24T05:00:00Z,2026-07-24T07:00:00+02:00,1784869200000,,59.19,59.19,G,,latest-months
162015,Luleå Sol,11,Global Irradians (svenska stationer),"medelvärde 1 timma, varje timme",watt per kvadratmeter,2026-07-24T06:00:00Z,2026-07-24T08:00:00+02:00,1784872800000,,115.20,115.20,G,,latest-months
162015,Luleå Sol,11,Global Irradians (svenska stationer),"medelvärde 1 timma, varje timme",watt per kvadratmeter,2026-07-24T07:00:00Z,2026-07-24T09:00:00+02:00,1784876400000,,195.10,195.10,G,,latest-months
162015,Luleå Sol,11,Global Irradians (svenska stationer),"medelvärde 1 timma, varje timme",watt per kvadratmeter,2026-07-24T08:00:00Z,2026-07-24T10:00:00+02:00,1784880000000,,273.80,273.80,G,,latest-months
162015,Luleå Sol,11,Global Irradians (svenska stationer),"medelvärde 1 timma, varje timme",watt per kvadratmeter,2026-07-24T09:00:00Z,2026-07-24T11:00:00+02:00,1784883600000,,259.10,259.10,G,,latest-months
162015,Luleå Sol,11,Global Irradians (svenska stationer),"medelvärde 1 timma, varje timme",watt per kvadratmeter,2026-07-24T10:00:00Z,2026-07-24T12:00:00+02:00,1784887200000,,308.42,308.42,G,,latest-months
162015,Luleå Sol,11,Global Irradians (svenska stationer),"medelvärde 1 timma, varje timme",watt per kvadratmeter,2026-07-24T11:00:00Z,2026-07-24T13:00:00+02:00,1784890800000,,512.19,512.19,G,,latest-months
162015,Luleå Sol,11,Global Irradians (svenska stationer),"medelvärde 1 timma, varje timme",watt per kvadratmeter,2026-07-24T12:00:00Z,2026-07-24T14:00:00+02:00,1784894400000,,403.86,403.86,G,,latest-months
162015,Luleå Sol,11,Global Irradians (svenska stationer),"medelvärde 1 timma, varje timme",watt per kvadratmeter,2026-07-24T13:00:00Z,2026-07-24T15:00:00+02:00,1784898000000,,354.77,354.77,G,,latest-months
162015,Luleå Sol,11,Global Irradians (svenska stationer),"medelvärde 1 timma, varje timme",watt per kvadratmeter,2026-07-24T14:00:00Z,2026-07-24T16:00:00+02:00,1784901600000,,267.79,267.79,G,,latest-months
162015,Luleå Sol,11,Global Irradians (svenska stationer),"medelvärde 1 timma, varje timme",watt per kvadratmeter,2026-07-24T15:00:00Z,2026-07-24T17:00:00+02:00,1784905200000,,288.79,288.79,G,,latest-months
162015,Luleå Sol,11,Global Irradians (svenska stationer),"medelvärde 1 timma, varje timme",watt per kvadratmeter,2026-07-24T16:00:00Z,2026-07-24T18:00:00+02:00,1784908800000,,211.56,211.56,G,,latest-months
162015,Luleå Sol,11,Global Irradians (svenska stationer),"medelvärde 1 timma, varje timme",watt per kvadratmeter,2026-07-24T17:00:00Z,2026-07-24T19:00:00+02:00,1784912400000,,113.99,113.99,G,,latest-months
162015,Luleå Sol,11,Global Irradians (svenska stationer),"medelvärde 1 timma, varje timme",watt per kvadratmeter,2026-07-24T18:00:00Z,2026-07-24T20:00:00+02:00,1784916000000,,77.48,77.48,G,,latest-months
162015,Luleå Sol,11,Global Irradians (svenska stationer),"medelvärde 1 timma, varje timme",watt per kvadratmeter,2026-07-24T19:00:00Z,2026-07-24T21:00:00+02:00,1784919600000,,59.15,59.15,G,,latest-months
162015,Luleå Sol,11,Global Irradians (svenska stationer),"medelvärde 1 timma, varje timme",watt per kvadratmeter,2026-07-24T20:00:00Z,2026-07-24T22:00:00+02:00,1784923200000,,27.91,27.91,G,,latest-months
162015,Luleå Sol,11,Global Irradians (svenska stationer),"medelvärde 1 timma, varje timme",watt per kvadratmeter,2026-07-24T21:00:00Z,2026-07-24T23:00:00+02:00,1784926800000,,4.16,4.16,G,,latest-months
162015,Luleå Sol,11,Global Irradians (svenska stationer),"medelvärde 1 timma, varje timme",watt per kvadratmeter,2026-07-24T22:00:00Z,2026-07-25T00:00:00+02:00,1784930400000,,0.98,0.98,G,,latest-months
162015,Luleå Sol,11,Global Irradians (svenska stationer),"medelvärde 1 timma, varje timme",watt per kvadratmeter,2026-07-24T23:00:00Z,2026-07-25T01:00:00+02:00,1784934000000,,1.31,1.31,G,,latest-months
162015,Luleå Sol,11,Global Irradians (svenska stationer),"medelvärde 1 timma, varje timme",watt per kvadratmeter,2026-07-25T00:00:00Z,2026-07-25T02:00:00+02:00,1784937600000,,1.68,1.68,G,,latest-months
162015,Luleå Sol,11,Global Irradians (svenska stationer),"medelvärde 1 timma, varje timme",watt per kvadratmeter,2026-07-25T01:00:00Z,2026-07-25T03:00:00+02:00,1784941200000,,2.39,2.39,G,,latest-months
162015,Luleå Sol,11,Global Irradians (svenska stationer),"medelvärde 1 timma, varje timme",watt per kvadratmeter,2026-07-25T02:00:00Z,2026-07-25T04:00:00+02:00,1784944800000,,8.95,8.95,G,,latest-months
162015,Luleå Sol,11,Global Irradians (svenska stationer),"medelvärde 1 timma, varje timme",watt per kvadratmeter,2026-07-25T03:00:00Z,2026-07-25T05:00:00+02:00,1784948400000,,63.65,63.65,G,,latest-months
162015,Luleå Sol,11,Global Irradians (svenska stationer),"medelvärde 1 timma, varje timme",watt per kvadratmeter,2026-07-25T04:00:00Z,2026-07-25T06:00:00+02:00,1784952000000,,123.46,123.46,G,,latest-months
162015,Luleå Sol,11,Global Irradians (svenska stationer),"medelvärde 1 timma, varje timme",watt per kvadratmeter,2026-07-25T05:00:00Z,2026-07-25T07:00:00+02:00,1784955600000,,226.74,226.74,G,,latest-months
162015,Luleå Sol,11,Global Irradians (svenska stationer),"medelvärde 1 timma, varje timme",watt per kvadratmeter,2026-07-25T06:00:00Z,2026-07-25T08:00:00+02:00,1784959200000,,359.88,359.88,G,,latest-months
162015,Luleå Sol,11,Global Irradians (svenska stationer),"medelvärde 1 timma, varje timme",watt per kvadratmeter,2026-07-25T07:00:00Z,2026-07-25T09:00:00+02:00,1784962800000,,427.35,427.35,G,,latest-months
162015,Luleå Sol,11,Global Irradians (svenska stationer),"medelvärde 1 timma, varje timme",watt per kvadratmeter,2026-07-25T08:00:00Z,2026-07-25T10:00:00+02:00,1784966400000,,558.42,558.42,G,,latest-months
162015,Luleå Sol,11,Global Irradians (svenska stationer),"medelvärde 1 timma, varje timme",watt per kvadratmeter,2026-07-25T09:00:00Z,2026-07-25T11:00:00+02:00,1784970000000,,601.77,601.77,G,,latest-months
162015,Luleå Sol,11,Global Irradians (svenska stationer),"medelvärde 1 timma, varje timme",watt per kvadratmeter,2026-07-25T10:00:00Z,2026-07-25T12:00:00+02:00,1784973600000,,496.77,496.77,G,,latest-months
162015,Luleå Sol,11,Global Irradians (svenska stationer),"medelvärde 1 timma, varje timme",watt per kvadratmeter,2026-07-25T11:00:00Z,2026-07-25T13:00:00+02:00,1784977200000,,718.44,718.44,G,,latest-months
162015,Luleå Sol,11,Global Irradians (svenska stationer),"medelvärde 1 timma, varje timme",watt per kvadratmeter,2026-07-25T12:00:00Z,2026-07-25T14:00:00+02:00,1784980800000,,382.44,382.44,G,,latest-months
162015,Luleå Sol,11,Global Irradians (svenska stationer),"medelvärde 1 timma, varje timme",watt per kvadratmeter,2026-07-25T13:00:00Z,2026-07-25T15:00:00+02:00,1784984400000,,564.94,564.94,G,,latest-months
162015,Luleå Sol,11,Global Irradians (svenska stationer),"medelvärde 1 timma, varje timme",watt per kvadratmeter,2026-07-25T14:00:00Z,2026-07-25T16:00:00+02:00,1784988000000,,578.09,578.09,G,,latest-months
162015,Luleå Sol,11,Global Irradians (svenska stationer),"medelvärde 1 timma, varje timme",watt per kvadratmeter,2026-07-25T15:00:00Z,2026-07-25T17:00:00+02:00,1784991600000,,431.09,431.09,G,,latest-months
162015,Luleå Sol,11,Global Irradians (svenska stationer),"medelvärde 1 timma, varje timme",watt per kvadratmeter,2026-07-25T16:00:00Z,2026-07-25T18:00:00+02:00,1784995200000,,144.19,144.19,G,,latest-months
162015,Luleå Sol,11,Global Irradians (svenska stationer),"medelvärde 1 timma, varje timme",watt per kvadratmeter,2026-07-25T17:00:00Z,2026-07-25T19:00:00+02:00,1784998800000,,68.97,68.97,G,,latest-months
162015,Luleå Sol,11,Global Irradians (svenska stationer),"medelvärde 1 timma, varje timme",watt per kvadratmeter,2026-07-25T18:00:00Z,2026-07-25T20:00:00+02:00,1785002400000,,32.85,32.85,G,,latest-months
162015,Luleå Sol,11,Global Irradians (svenska stationer),"medelvärde 1 timma, varje timme",watt per kvadratmeter,2026-07-25T19:00:00Z,2026-07-25T21:00:00+02:00,1785006000000,,13.95,13.95,G,,latest-months
162015,Luleå Sol,11,Global Irradians (svenska stationer),"medelvärde 1 timma, varje timme",watt per kvadratmeter,2026-07-25T20:00:00Z,2026-07-25T22:00:00+02:00,1785009600000,,5.05,5.05,G,,latest-months
162015,Luleå Sol,11,Global Irradians (svenska stationer),"medelvärde 1 timma, varje timme",watt per kvadratmeter,2026-07-25T21:00:00Z,2026-07-25T23:00:00+02:00,1785013200000,,2.30,2.30,G,,latest-months
162015,Luleå Sol,11,Global Irradians (svenska stationer),"medelvärde 1 timma, varje timme",watt per kvadratmeter,2026-07-25T22:00:00Z,2026-07-26T00:00:00+02:00,1785016800000,,1.25,1.25,G,,latest-months
162015,Luleå Sol,11,Global Irradians (svenska stationer),"medelvärde 1 timma, varje timme",watt per kvadratmeter,2026-07-25T23:00:00Z,2026-07-26T01:00:00+02:00,1785020400000,,1.51,1.51,G,,latest-months
162015,Luleå Sol,11,Global Irradians (svenska stationer),"medelvärde 1 timma, varje timme",watt per kvadratmeter,2026-07-26T00:00:00Z,2026-07-26T02:00:00+02:00,1785024000000,,1.37,1.37,G,,latest-months
162015,Luleå Sol,11,Global Irradians (svenska stationer),"medelvärde 1 timma, varje timme",watt per kvadratmeter,2026-07-26T01:00:00Z,2026-07-26T03:00:00+02:00,1785027600000,,1.88,1.88,G,,latest-months
162015,Luleå Sol,11,Global Irradians (svenska stationer),"medelvärde 1 timma, varje timme",watt per kvadratmeter,2026-07-26T02:00:00Z,2026-07-26T04:00:00+02:00,1785031200000,,4.14,4.14,G,,latest-months
162015,Luleå Sol,11,Global Irradians (svenska stationer),"medelvärde 1 timma, varje timme",watt per kvadratmeter,2026-07-26T03:00:00Z,2026-07-26T05:00:00+02:00,1785034800000,,16.11,16.11,G,,latest-months
162015,Luleå Sol,11,Global Irradians (svenska stationer),"medelvärde 1 timma, varje timme",watt per kvadratmeter,2026-07-26T04:00:00Z,2026-07-26T06:00:00+02:00,1785038400000,,39.25,39.25,G,,latest-months
162015,Luleå Sol,11,Global Irradians (svenska stationer),"medelvärde 1 timma, varje timme",watt per kvadratmeter,2026-07-26T05:00:00Z,2026-07-26T07:00:00+02:00,1785042000000,,26.05,26.05,G,,latest-months
162015,Luleå Sol,11,Global Irradians (svenska stationer),"medelvärde 1 timma, varje timme",watt per kvadratmeter,2026-07-26T06:00:00Z,2026-07-26T08:00:00+02:00,1785045600000,,71.85,71.85,G,,latest-months
162015,Luleå Sol,11,Global Irradians (svenska stationer),"medelvärde 1 timma, varje timme",watt per kvadratmeter,2026-07-26T07:00:00Z,2026-07-26T09:00:00+02:00,1785049200000,,53.06,53.06,G,,latest-months
162015,Luleå Sol,11,Global Irradians (svenska stationer),"medelvärde 1 timma, varje timme",watt per kvadratmeter,2026-07-26T08:00:00Z,2026-07-26T10:00:00+02:00,1785052800000,,56.04,56.04,G,,latest-months
162015,Luleå Sol,11,Global Irradians (svenska stationer),"medelvärde 1 timma, varje timme",watt per kvadratmeter,2026-07-26T09:00:00Z,2026-07-26T11:00:00+02:00,1785056400000,,90.31,90.31,G,,latest-months
162015,Luleå Sol,11,Global Irradians (svenska stationer),"medelvärde 1 timma, varje timme",watt per kvadratmeter,2026-07-26T10:00:00Z,2026-07-26T12:00:00+02:00,1785060000000,,80.05,80.05,G,,latest-months
162015,Luleå Sol,11,Global Irradians (svenska stationer),"medelvärde 1 timma, varje timme",watt per kvadratmeter,2026-07-26T11:00:00Z,2026-07-26T13:00:00+02:00,1785063600000,,119.29,119.29,G,,latest-months
162015,Luleå Sol,11,Global Irradians (svenska stationer),"medelvärde 1 timma, varje timme",watt per kvadratmeter,2026-07-26T12:00:00Z,2026-07-26T14:00:00+02:00,1785067200000,,99.31,99.31,G,,latest-months
162015,Luleå Sol,11,Global Irradians (svenska stationer),"medelvärde 1 timma, varje timme",watt per kvadratmeter,2026-07-26T13:00:00Z,2026-07-26T15:00:00+02:00,1785070800000,,67.55,67.55,G,,latest-months
162015,Luleå Sol,11,Global Irradians (svenska stationer),"medelvärde 1 timma, varje timme",watt per kvadratmeter,2026-07-26T14:00:00Z,2026-07-26T16:00:00+02:00,1785074400000,,155.69,155.69,G,,latest-months
162015,Luleå Sol,11,Global Irradians (svenska stationer),"medelvärde 1 timma, varje timme",watt per kvadratmeter,2026-07-26T15:00:00Z,2026-07-26T17:00:00+02:00,1785078000000,,403.04,403.04,G,,latest-months
162015,Luleå Sol,11,Global Irradians (svenska stationer),"medelvärde 1 timma, varje timme",watt per kvadratmeter,2026-07-26T16:00:00Z,2026-07-26T18:00:00+02:00,1785081600000,,379.71,379.71,G,,latest-months
162015,Luleå Sol,11,Global Irradians (svenska stationer),"medelvärde 1 timma, varje timme",watt per kvadratmeter,2026-07-26T17:00:00Z,2026-07-26T19:00:00+02:00,1785085200000,,278.94,278.94,G,,latest-months
162015,Luleå Sol,11,Global Irradians (svenska stationer),"medelvärde 1 timma, varje timme",watt per kvadratmeter,2026-07-26T18:00:00Z,2026-07-26T20:00:00+02:00,1785088800000,,154.70,154.70,G,,latest-months
162015,Luleå Sol,11,Global Irradians (svenska stationer),"medelvärde 1 timma, varje timme",watt per kvadratmeter,2026-07-26T19:00:00Z,2026-07-26T21:00:00+02:00,1785092400000,,37.91,37.91,G,,latest-months
162015,Luleå Sol,11,Global Irradians (svenska stationer),"medelvärde 1 timma, varje timme",watt per kvadratmeter,2026-07-26T20:00:00Z,2026-07-26T22:00:00+02:00,1785096000000,,14.88,14.88,G,,latest-months
162015,Luleå Sol,11,Global Irradians (svenska stationer),"medelvärde 1 timma, varje timme",watt per kvadratmeter,2026-07-26T21:00:00Z,2026-07-26T23:00:00+02:00,1785099600000,,2.63,2.63,G,,latest-months
162015,Luleå Sol,11,Global Irradians (svenska stationer),"medelvärde 1 timma, varje timme",watt per kvadratmeter,2026-07-26T22:00:00Z,2026-07-27T00:00:00+02:00,1785103200000,,0.40,0.40,G,,latest-months
162015,Luleå Sol,11,Global Irradians (svenska stationer),"medelvärde 1 timma, varje timme",watt per kvadratmeter,2026-07-26T23:00:00Z,2026-07-27T01:00:00+02:00,1785106800000,,0.16,0.16,G,,latest-months
162015,Luleå Sol,11,Global Irradians (svenska stationer),"medelvärde 1 timma, varje timme",watt per kvadratmeter,2026-07-27T00:00:00Z,2026-07-27T02:00:00+02:00,1785110400000,,0.31,0.31,G,,latest-months
162015,Luleå Sol,11,Global Irradians (svenska stationer),"medelvärde 1 timma, varje timme",watt per kvadratmeter,2026-07-27T01:00:00Z,2026-07-27T03:00:00+02:00,1785114000000,,1.55,1.55,G,,latest-months
162015,Luleå Sol,11,Global Irradians (svenska stationer),"medelvärde 1 timma, varje timme",watt per kvadratmeter,2026-07-27T02:00:00Z,2026-07-27T04:00:00+02:00,1785117600000,,12.29,12.29,G,,latest-months
162015,Luleå Sol,11,Global Irradians (svenska stationer),"medelvärde 1 timma, varje timme",watt per kvadratmeter,2026-07-27T03:00:00Z,2026-07-27T05:00:00+02:00,1785121200000,,55.51,55.51,G,,latest-months
162015,Luleå Sol,11,Global Irradians (svenska stationer),"medelvärde 1 timma, varje timme",watt per kvadratmeter,2026-07-27T04:00:00Z,2026-07-27T06:00:00+02:00,1785124800000,,94.44,94.44,G,,latest-months
162015,Luleå Sol,11,Global Irradians (svenska stationer),"medelvärde 1 timma, varje timme",watt per kvadratmeter,2026-07-27T05:00:00Z,2026-07-27T07:00:00+02:00,1785128400000,,82.32,82.32,G,,latest-months
162015,Luleå Sol,11,Global Irradians (svenska stationer),"medelvärde 1 timma, varje timme",watt per kvadratmeter,2026-07-27T06:00:00Z,2026-07-27T08:00:00+02:00,1785132000000,,116.24,116.24,G,,latest-months
162015,Luleå Sol,11,Global Irradians (svenska stationer),"medelvärde 1 timma, varje timme",watt per kvadratmeter,2026-07-27T07:00:00Z,2026-07-27T09:00:00+02:00,1785135600000,,228.96,228.96,G,,latest-months
162015,Luleå Sol,11,Global Irradians (svenska stationer),"medelvärde 1 timma, varje timme",watt per kvadratmeter,2026-07-27T08:00:00Z,2026-07-27T10:00:00+02:00,1785139200000,,348.14,348.14,G,,latest-months
162015,Luleå Sol,11,Global Irradians (svenska stationer),"medelvärde 1 timma, varje timme",watt per kvadratmeter,2026-07-27T09:00:00Z,2026-07-27T11:00:00+02:00,1785142800000,,354.78,354.78,G,,latest-months
162015,Luleå Sol,11,Global Irradians (svenska stationer),"medelvärde 1 timma, varje timme",watt per kvadratmeter,2026-07-27T10:00:00Z,2026-07-27T12:00:00+02:00,1785146400000,,397.00,397.00,G,,latest-months
162015,Luleå Sol,11,Global Irradians (svenska stationer),"medelvärde 1 timma, varje timme",watt per kvadratmeter,2026-07-27T11:00:00Z,2026-07-27T13:00:00+02:00,1785150000000,,674.65,674.65,G,,latest-months
162015,Luleå Sol,11,Global Irradians (svenska stationer),"medelvärde 1 timma, varje timme",watt per kvadratmeter,2026-07-27T12:00:00Z,2026-07-27T14:00:00+02:00,1785153600000,,693.78,693.78,G,,latest-months
162015,Luleå Sol,11,Global Irradians (svenska stationer),"medelvärde 1 timma, varje timme",watt per kvadratmeter,2026-07-27T13:00:00Z,2026-07-27T15:00:00+02:00,1785157200000,,624.11,624.11,G,,latest-months
162015,Luleå Sol,11,Global Irradians (svenska stationer),"medelvärde 1 timma, varje timme",watt per kvadratmeter,2026-07-27T14:00:00Z,2026-07-27T16:00:00+02:00,1785160800000,,520.49,520.49,G,,latest-months
162015,Luleå Sol,11,Global Irradians (svenska stationer),"medelvärde 1 timma, varje timme",watt per kvadratmeter,2026-07-27T15:00:00Z,2026-07-27T17:00:00+02:00,1785164400000,,280.58,280.58,G,,latest-months
162015,Luleå Sol,11,Global Irradians (svenska stationer),"medelvärde 1 timma, varje timme",watt per kvadratmeter,2026-07-27T16:00:00Z,2026-07-27T18:00:00+02:00,1785168000000,,199.35,199.35,G,,latest-months
162015,Luleå Sol,11,Global Irradians (svenska stationer),"medelvärde 1 timma, varje timme",watt per kvadratmeter,2026-07-27T17:00:00Z,2026-07-27T19:00:00+02:00,1785171600000,,205.60,205.60,G,,latest-months
162015,Luleå Sol,11,Global Irradians (svenska stationer),"medelvärde 1 timma, varje timme",watt per kvadratmeter,2026-07-27T18:00:00Z,2026-07-27T20:00:00+02:00,1785175200000,,151.76,151.76,G,,latest-months
162015,Luleå Sol,11,Global Irradians (svenska stationer),"medelvärde 1 timma, varje timme",watt per kvadratmeter,2026-07-27T19:00:00Z,2026-07-27T21:00:00+02:00,1785178800000,,76.05,76.05,G,,latest-months
162015,Luleå Sol,11,Global Irradians (svenska stationer),"medelvärde 1 timma, varje timme",watt per kvadratmeter,2026-07-27T20:00:00Z,2026-07-27T22:00:00+02:00,1785182400000,,17.29,17.29,G,,latest-months
162015,Luleå Sol,11,Global Irradians (svenska stationer),"medelvärde 1 timma, varje timme",watt per kvadratmeter,2026-07-27T21:00:00Z,2026-07-27T23:00:00+02:00,1785186000000,,2.42,2.42,G,,latest-months
162015,Luleå Sol,11,Global Irradians (svenska stationer),"medelvärde 1 timma, varje timme",watt per kvadratmeter,2026-07-27T22:00:00Z,2026-07-28T00:00:00+02:00,1785189600000,,0.37,0.37,G,,latest-months
162015,Luleå Sol,11,Global Irradians (svenska stationer),"medelvärde 1 timma, varje timme",watt per kvadratmeter,2026-07-27T23:00:00Z,2026-07-28T01:00:00+02:00,1785193200000,,0.39,0.39,G,,latest-months
162015,Luleå Sol,11,Global Irradians (svenska stationer),"medelvärde 1 timma, varje timme",watt per kvadratmeter,2026-07-28T00:00:00Z,2026-07-28T02:00:00+02:00,1785196800000,,0.69,0.69,G,,latest-months
162015,Luleå Sol,11,Global Irradians (svenska stationer),"medelvärde 1 timma, varje timme",watt per kvadratmeter,2026-07-28T01:00:00Z,2026-07-28T03:00:00+02:00,1785200400000,,2.13,2.13,G,,latest-months
162015,Luleå Sol,11,Global Irradians (svenska stationer),"medelvärde 1 timma, varje timme",watt per kvadratmeter,2026-07-28T02:00:00Z,2026-07-28T04:00:00+02:00,1785204000000,,7.20,7.20,G,,latest-months
162015,Luleå Sol,11,Global Irradians (svenska stationer),"medelvärde 1 timma, varje timme",watt per kvadratmeter,2026-07-28T03:00:00Z,2026-07-28T05:00:00+02:00,1785207600000,,24.85,24.85,G,,latest-months
162015,Luleå Sol,11,Global Irradians (svenska stationer),"medelvärde 1 timma, varje timme",watt per kvadratmeter,2026-07-28T04:00:00Z,2026-07-28T06:00:00+02:00,1785211200000,,35.68,35.68,G,,latest-months
162015,Luleå Sol,11,Global Irradians (svenska stationer),"medelvärde 1 timma, varje timme",watt per kvadratmeter,2026-07-28T05:00:00Z,2026-07-28T07:00:00+02:00,1785214800000,,31.74,31.74,G,,latest-months
162015,Luleå Sol,11,Global Irradians (svenska stationer),"medelvärde 1 timma, varje timme",watt per kvadratmeter,2026-07-28T06:00:00Z,2026-07-28T08:00:00+02:00,1785218400000,,24.06,24.06,G,,latest-months
162015,Luleå Sol,11,Global Irradians (svenska stationer),"medelvärde 1 timma, varje timme",watt per kvadratmeter,2026-07-28T07:00:00Z,2026-07-28T09:00:00+02:00,1785222000000,,37.63,37.63,G,,latest-months
162015,Luleå Sol,11,Global Irradians (svenska stationer),"medelvärde 1 timma, varje timme",watt per kvadratmeter,2026-07-28T08:00:00Z,2026-07-28T10:00:00+02:00,1785225600000,,46.67,46.67,G,,latest-months
162015,Luleå Sol,11,Global Irradians (svenska stationer),"medelvärde 1 timma, varje timme",watt per kvadratmeter,2026-07-28T09:00:00Z,2026-07-28T11:00:00+02:00,1785229200000,,104.77,104.77,G,,latest-months
162015,Luleå Sol,11,Global Irradians (svenska stationer),"medelvärde 1 timma, varje timme",watt per kvadratmeter,2026-07-28T10:00:00Z,2026-07-28T12:00:00+02:00,1785232800000,,99.16,99.16,G,,latest-months
162015,Luleå Sol,11,Global Irradians (svenska stationer),"medelvärde 1 timma, varje timme",watt per kvadratmeter,2026-07-28T11:00:00Z,2026-07-28T13:00:00+02:00,1785236400000,,63.44,63.44,G,,latest-months
162015,Luleå Sol,11,Global Irradians (svenska stationer),"medelvärde 1 timma, varje timme",watt per kvadratmeter,2026-07-28T12:00:00Z,2026-07-28T14:00:00+02:00,1785240000000,,102.42,102.42,G,,latest-months
162015,Luleå Sol,11,Global Irradians (svenska stationer),"medelvärde 1 timma, varje timme",watt per kvadratmeter,2026-07-28T13:00:00Z,2026-07-28T15:00:00+02:00,1785243600000,,126.36,126.36,G,,latest-months
162015,Luleå Sol,11,Global Irradians (svenska stationer),"medelvärde 1 timma, varje timme",watt per kvadratmeter,2026-07-28T14:00:00Z,2026-07-28T16:00:00+02:00,1785247200000,,197.90,197.90,G,,latest-months
162015,Luleå Sol,11,Global Irradians (svenska stationer),"medelvärde 1 timma, varje timme",watt per kvadratmeter,2026-07-28T15:00:00Z,2026-07-28T17:00:00+02:00,1785250800000,,125.92,125.92,G,,latest-months
162015,Luleå Sol,11,Global Irradians (svenska stationer),"medelvärde 1 timma, varje timme",watt per kvadratmeter,2026-07-28T16:00:00Z,2026-07-28T18:00:00+02:00,1785254400000,,130.20,130.20,G,,latest-months
162015,Luleå Sol,11,Global Irradians (svenska stationer),"medelvärde 1 timma, varje timme",watt per kvadratmeter,2026-07-28T17:00:00Z,2026-07-28T19:00:00+02:00,1785258000000,,125.73,125.73,G,,latest-months
162015,Luleå Sol,11,Global Irradians (svenska stationer),"medelvärde 1 timma, varje timme",watt per kvadratmeter,2026-07-28T18:00:00Z,2026-07-28T20:00:00+02:00,1785261600000,,141.81,141.81,G,,latest-months
162015,Luleå Sol,11,Global Irradians (svenska stationer),"medelvärde 1 timma, varje timme",watt per kvadratmeter,2026-07-28T19:00:00Z,2026-07-28T21:00:00+02:00,1785265200000,,67.56,67.56,G,,latest-months
162015,Luleå Sol,11,Global Irradians (svenska stationer),"medelvärde 1 timma, varje timme",watt per kvadratmeter,2026-07-28T20:00:00Z,2026-07-28T22:00:00+02:00,1785268800000,,11.48,11.48,G,,latest-months
162015,Luleå Sol,11,Global Irradians (svenska stationer),"medelvärde 1 timma, varje timme",watt per kvadratmeter,2026-07-28T21:00:00Z,2026-07-28T23:00:00+02:00,1785272400000,,2.06,2.06,G,,latest-months
162015,Luleå Sol,11,Global Irradians (svenska stationer),"medelvärde 1 timma, varje timme",watt per kvadratmeter,2026-07-28T22:00:00Z,2026-07-29T00:00:00+02:00,1785276000000,,0.23,0.23,G,,latest-months
162015,Luleå Sol,11,Global Irradians (svenska stationer),"medelvärde 1 timma, varje timme",watt per kvadratmeter,2026-07-28T23:00:00Z,2026-07-29T01:00:00+02:00,1785279600000,,0.08,0.08,G,,latest-months
162015,Luleå Sol,11,Global Irradians (svenska stationer),"medelvärde 1 timma, varje timme",watt per kvadratmeter,2026-07-29T00:00:00Z,2026-07-29T02:00:00+02:00,1785283200000,,0.21,0.21,G,,latest-months
162015,Luleå Sol,11,Global Irradians (svenska stationer),"medelvärde 1 timma, varje timme",watt per kvadratmeter,2026-07-29T01:00:00Z,2026-07-29T03:00:00+02:00,1785286800000,,1.38,1.38,G,,latest-months
162015,Luleå Sol,11,Global Irradians (svenska stationer),"medelvärde 1 timma, varje timme",watt per kvadratmeter,2026-07-29T02:00:00Z,2026-07-29T04:00:00+02:00,1785290400000,,9.18,9.18,G,,latest-months
162015,Luleå Sol,11,Global Irradians (svenska stationer),"medelvärde 1 timma, varje timme",watt per kvadratmeter,2026-07-29T03:00:00Z,2026-07-29T05:00:00+02:00,1785294000000,,54.27,54.27,G,,latest-months
162015,Luleå Sol,11,Global Irradians (svenska stationer),"medelvärde 1 timma, varje timme",watt per kvadratmeter,2026-07-29T04:00:00Z,2026-07-29T06:00:00+02:00,1785297600000,,133.94,133.94,G,,latest-months
162015,Luleå Sol,11,Global Irradians (svenska stationer),"medelvärde 1 timma, varje timme",watt per kvadratmeter,2026-07-29T05:00:00Z,2026-07-29T07:00:00+02:00,1785301200000,,235.31,235.31,G,,latest-months
162015,Luleå Sol,11,Global Irradians (svenska stationer),"medelvärde 1 timma, varje timme",watt per kvadratmeter,2026-07-29T06:00:00Z,2026-07-29T08:00:00+02:00,1785304800000,,343.72,343.72,G,,latest-months
162015,Luleå Sol,11,Global Irradians (svenska stationer),"medelvärde 1 timma, varje timme",watt per kvadratmeter,2026-07-29T07:00:00Z,2026-07-29T09:00:00+02:00,1785308400000,,448.52,448.52,G,,latest-months
162015,Luleå Sol,11,Global Irradians (svenska stationer),"medelvärde 1 timma, varje timme",watt per kvadratmeter,2026-07-29T08:00:00Z,2026-07-29T10:00:00+02:00,1785312000000,,541.48,541.48,G,,latest-months
162015,Luleå Sol,11,Global Irradians (svenska stationer),"medelvärde 1 timma, varje timme",watt per kvadratmeter,2026-07-29T09:00:00Z,2026-07-29T11:00:00+02:00,1785315600000,,611.94,611.94,G,,latest-months
162015,Luleå Sol,11,Global Irradians (svenska stationer),"medelvärde 1 timma, varje timme",watt per kvadratmeter,2026-07-29T10:00:00Z,2026-07-29T12:00:00+02:00,1785319200000,,737.64,737.64,G,,latest-months
162015,Luleå Sol,11,Global Irradians (svenska stationer),"medelvärde 1 timma, varje timme",watt per kvadratmeter,2026-07-29T11:00:00Z,2026-07-29T13:00:00+02:00,1785322800000,,618.31,618.31,G,,latest-months
162015,Luleå Sol,11,Global Irradians (svenska stationer),"medelvärde 1 timma, varje timme",watt per kvadratmeter,2026-07-29T12:00:00Z,2026-07-29T14:00:00+02:00,1785326400000,,524.99,524.99,G,,latest-months
162015,Luleå Sol,11,Global Irradians (svenska stationer),"medelvärde 1 timma, varje timme",watt per kvadratmeter,2026-07-29T13:00:00Z,2026-07-29T15:00:00+02:00,1785330000000,,488.20,488.20,G,,latest-months
162015,Luleå Sol,11,Global Irradians (svenska stationer),"medelvärde 1 timma, varje timme",watt per kvadratmeter,2026-07-29T14:00:00Z,2026-07-29T16:00:00+02:00,1785333600000,,325.46,325.46,G,,latest-months
162015,Luleå Sol,11,Global Irradians (svenska stationer),"medelvärde 1 timma, varje timme",watt per kvadratmeter,2026-07-29T15:00:00Z,2026-07-29T17:00:00+02:00,1785337200000,,294.09,294.09,G,,latest-months
162015,Luleå Sol,11,Global Irradians (svenska stationer),"medelvärde 1 timma, varje timme",watt per kvadratmeter,2026-07-29T16:00:00Z,2026-07-29T18:00:00+02:00,1785340800000,,378.41,378.41,G,,latest-months
162015,Luleå Sol,11,Global Irradians (svenska stationer),"medelvärde 1 timma, varje timme",watt per kvadratmeter,2026-07-29T17:00:00Z,2026-07-29T19:00:00+02:00,1785344400000,,194.03,194.03,G,,latest-months
162015,Luleå Sol,11,Global Irradians (svenska stationer),"medelvärde 1 timma, varje timme",watt per kvadratmeter,2026-07-29T18:00:00Z,2026-07-29T20:00:00+02:00,1785348000000,,118.77,118.77,G,,latest-months
162015,Luleå Sol,11,Global Irradians (svenska stationer),"medelvärde 1 timma, varje timme",watt per kvadratmeter,2026-07-29T19:00:00Z,2026-07-29T21:00:00+02:00,1785351600000,,72.59,72.59,G,,latest-months
162015,Luleå Sol,11,Global Irradians (svenska stationer),"medelvärde 1 timma, varje timme",watt per kvadratmeter,2026-07-29T20:00:00Z,2026-07-29T22:00:00+02:00,1785355200000,,13.54,13.54,G,,latest-months
162015,Luleå Sol,11,Global Irradians (svenska stationer),"medelvärde 1 timma, varje timme",watt per kvadratmeter,2026-07-29T21:00:00Z,2026-07-29T23:00:00+02:00,1785358800000,,1.74,1.74,G,,latest-months
162015,Luleå Sol,11,Global Irradians (svenska stationer),"medelvärde 1 timma, varje timme",watt per kvadratmeter,2026-07-29T22:00:00Z,2026-07-30T00:00:00+02:00,1785362400000,,0.35,0.35,G,,latest-months
162015,Luleå Sol,11,Global Irradians (svenska stationer),"medelvärde 1 timma, varje timme",watt per kvadratmeter,2026-07-29T23:00:00Z,2026-07-30T01:00:00+02:00,1785366000000,,0.16,0.16,G,,latest-months
162015,Luleå Sol,11,Global Irradians (svenska stationer),"medelvärde 1 timma, varje timme",watt per kvadratmeter,2026-07-30T00:00:00Z,2026-07-30T02:00:00+02:00,1785369600000,,0.11,0.11,G,,latest-months
162015,Luleå Sol,11,Global Irradians (svenska stationer),"medelvärde 1 timma, varje timme",watt per kvadratmeter,2026-07-30T01:00:00Z,2026-07-30T03:00:00+02:00,1785373200000,,0.37,0.37,G,,latest-months
162015,Luleå Sol,11,Global Irradians (svenska stationer),"medelvärde 1 timma, varje timme",watt per kvadratmeter,2026-07-30T02:00:00Z,2026-07-30T04:00:00+02:00,1785376800000,,7.91,7.91,G,,latest-months
162015,Luleå Sol,11,Global Irradians (svenska stationer),"medelvärde 1 timma, varje timme",watt per kvadratmeter,2026-07-30T03:00:00Z,2026-07-30T05:00:00+02:00,1785380400000,,47.45,47.45,G,,latest-months
162015,Luleå Sol,11,Global Irradians (svenska stationer),"medelvärde 1 timma, varje timme",watt per kvadratmeter,2026-07-30T04:00:00Z,2026-07-30T06:00:00+02:00,1785384000000,,128.58,128.58,G,,latest-months
162015,Luleå Sol,11,Global Irradians (svenska stationer),"medelvärde 1 timma, varje timme",watt per kvadratmeter,2026-07-30T05:00:00Z,2026-07-30T07:00:00+02:00,1785387600000,,226.59,226.59,G,,latest-months
162015,Luleå Sol,11,Global Irradians (svenska stationer),"medelvärde 1 timma, varje timme",watt per kvadratmeter,2026-07-30T06:00:00Z,2026-07-30T08:00:00+02:00,1785391200000,,331.91,331.91,G,,latest-months
162015,Luleå Sol,11,Global Irradians (svenska stationer),"medelvärde 1 timma, varje timme",watt per kvadratmeter,2026-07-30T07:00:00Z,2026-07-30T09:00:00+02:00,1785394800000,,444.46,444.46,G,,latest-months
162015,Luleå Sol,11,Global Irradians (svenska stationer),"medelvärde 1 timma, varje timme",watt per kvadratmeter,2026-07-30T08:00:00Z,2026-07-30T10:00:00+02:00,1785398400000,,482.80,482.80,G,,latest-months
162015,Luleå Sol,11,Global Irradians (svenska stationer),"medelvärde 1 timma, varje timme",watt per kvadratmeter,2026-07-30T09:00:00Z,2026-07-30T11:00:00+02:00,1785402000000,,485.55,485.55,G,,latest-months
162015,Luleå Sol,11,Global Irradians (svenska stationer),"medelvärde 1 timma, varje timme",watt per kvadratmeter,2026-07-30T10:00:00Z,2026-07-30T12:00:00+02:00,1785405600000,,346.04,346.04,G,,latest-months
162015,Luleå Sol,11,Global Irradians (svenska stationer),"medelvärde 1 timma, varje timme",watt per kvadratmeter,2026-07-30T11:00:00Z,2026-07-30T13:00:00+02:00,1785409200000,,271.32,271.32,G,,latest-months
162015,Luleå Sol,11,Global Irradians (svenska stationer),"medelvärde 1 timma, varje timme",watt per kvadratmeter,2026-07-30T12:00:00Z,2026-07-30T14:00:00+02:00,1785412800000,,500.19,500.19,G,,latest-months
162015,Luleå Sol,11,Global Irradians (svenska stationer),"medelvärde 1 timma, varje timme",watt per kvadratmeter,2026-07-30T13:00:00Z,2026-07-30T15:00:00+02:00,1785416400000,,399.67,399.67,G,,latest-months
162015,Luleå Sol,11,Global Irradians (svenska stationer),"medelvärde 1 timma, varje timme",watt per kvadratmeter,2026-07-30T14:00:00Z,2026-07-30T16:00:00+02:00,1785420000000,,323.35,323.35,G,,latest-months
162015,Luleå Sol,11,Global Irradians (svenska stationer),"medelvärde 1 timma, varje timme",watt per kvadratmeter,2026-07-30T15:00:00Z,2026-07-30T17:00:00+02:00,1785423600000,,218.33,218.33,G,,latest-months
162015,Luleå Sol,11,Global Irradians (svenska stationer),"medelvärde 1 timma, varje timme",watt per kvadratmeter,2026-07-30T16:00:00Z,2026-07-30T18:00:00+02:00,1785427200000,,49.75,49.75,G,,latest-months
162015,Luleå Sol,11,Global Irradians (svenska stationer),"medelvärde 1 timma, varje timme",watt per kvadratmeter,2026-07-30T17:00:00Z,2026-07-30T19:00:00+02:00,1785430800000,,69.76,69.76,G,,latest-months
162015,Luleå Sol,11,Global Irradians (svenska stationer),"medelvärde 1 timma, varje timme",watt per kvadratmeter,2026-07-30T18:00:00Z,2026-07-30T20:00:00+02:00,1785434400000,,53.49,53.49,G,,latest-months
162015,Luleå Sol,11,Global Irradians (svenska stationer),"medelvärde 1 timma, varje timme",watt per kvadratmeter,2026-07-30T19:00:00Z,2026-07-30T21:00:00+02:00,1785438000000,,37.64,37.64,G,,latest-months
162015,Luleå Sol,11,Global Irradians (svenska stationer),"medelvärde 1 timma, varje timme",watt per kvadratmeter,2026-07-30T20:00:00Z,2026-07-30T22:00:00+02:00,1785441600000,,16.81,16.81,G,,latest-months
162015,Luleå Sol,11,Global Irradians (svenska stationer),"medelvärde 1 timma, varje timme",watt per kvadratmeter,2026-07-30T21:00:00Z,2026-07-30T23:00:00+02:00,1785445200000,,2.09,2.09,G,,latest-months
162015,Luleå Sol,11,Global Irradians (svenska stationer),"medelvärde 1 timma, varje timme",watt per kvadratmeter,2026-07-30T22:00:00Z,2026-07-31T00:00:00+02:00,1785448800000,,0.07,0.07,G,,latest-months
162015,Luleå Sol,11,Global Irradians (svenska stationer),"medelvärde 1 timma, varje timme",watt per kvadratmeter,2026-07-30T23:00:00Z,2026-07-31T01:00:00+02:00,1785452400000,,0.00,0.00,G,,latest-months
162015,Luleå Sol,11,Global Irradians (svenska stationer),"medelvärde 1 timma, varje timme",watt per kvadratmeter,2026-07-31T00:00:00Z,2026-07-31T02:00:00+02:00,1785456000000,,0.14,0.14,G,,latest-months
162015,Luleå Sol,11,Global Irradians (svenska stationer),"medelvärde 1 timma, varje timme",watt per kvadratmeter,2026-07-31T01:00:00Z,2026-07-31T03:00:00+02:00,1785459600000,,1.77,1.77,G,,latest-months
162015,Luleå Sol,11,Global Irradians (svenska stationer),"medelvärde 1 timma, varje timme",watt per kvadratmeter,2026-07-31T02:00:00Z,2026-07-31T04:00:00+02:00,1785463200000,,8.13,8.13,G,,latest-months
162015,Luleå Sol,11,Global Irradians (svenska stationer),"medelvärde 1 timma, varje timme",watt per kvadratmeter,2026-07-31T03:00:00Z,2026-07-31T05:00:00+02:00,1785466800000,,33.60,33.60,G,,latest-months
162015,Luleå Sol,11,Global Irradians (svenska stationer),"medelvärde 1 timma, varje timme",watt per kvadratmeter,2026-07-31T04:00:00Z,2026-07-31T06:00:00+02:00,1785470400000,,55.72,55.72,G,,latest-months
162015,Luleå Sol,11,Global Irradians (svenska stationer),"medelvärde 1 timma, varje timme",watt per kvadratmeter,2026-07-31T05:00:00Z,2026-07-31T07:00:00+02:00,1785474000000,,42.49,42.49,G,,latest-months
162015,Luleå Sol,11,Global Irradians (svenska stationer),"medelvärde 1 timma, varje timme",watt per kvadratmeter,2026-07-31T06:00:00Z,2026-07-31T08:00:00+02:00,1785477600000,,60.97,60.97,G,,latest-months
162015,Luleå Sol,11,Global Irradians (svenska stationer),"medelvärde 1 timma, varje timme",watt per kvadratmeter,2026-07-31T07:00:00Z,2026-07-31T09:00:00+02:00,1785481200000,,244.43,244.43,G,,latest-months
162015,Luleå Sol,11,Global Irradians (svenska stationer),"medelvärde 1 timma, varje timme",watt per kvadratmeter,2026-07-31T08:00:00Z,2026-07-31T10:00:00+02:00,1785484800000,,247.08,247.08,G,,latest-months
162015,Luleå Sol,11,Global Irradians (svenska stationer),"medelvärde 1 timma, varje timme",watt per kvadratmeter,2026-07-31T09:00:00Z,2026-07-31T11:00:00+02:00,1785488400000,,231.71,231.71,G,,latest-months
162015,Luleå Sol,11,Global Irradians (svenska stationer),"medelvärde 1 timma, varje timme",watt per kvadratmeter,2026-07-31T10:00:00Z,2026-07-31T12:00:00+02:00,1785492000000,,36.21,36.21,G,,latest-months
162015,Luleå Sol,11,Global Irradians (svenska stationer),"medelvärde 1 timma, varje timme",watt per kvadratmeter,2026-07-31T11:00:00Z,2026-07-31T13:00:00+02:00,1785495600000,,43.98,43.98,G,,latest-months
162015,Luleå Sol,11,Global Irradians (svenska stationer),"medelvärde 1 timma, varje timme",watt per kvadratmeter,2026-07-31T12:00:00Z,2026-07-31T14:00:00+02:00,1785499200000,,38.46,38.46,G,,latest-months
162015,Luleå Sol,11,Global Irradians (svenska stationer),"medelvärde 1 timma, varje timme",watt per kvadratmeter,2026-07-31T13:00:00Z,2026-07-31T15:00:00+02:00,1785502800000,,89.25,89.25,G,,latest-months
162015,Luleå Sol,11,Global Irradians (svenska stationer),"medelvärde 1 timma, varje timme",watt per kvadratmeter,2026-07-31T14:00:00Z,2026-07-31T16:00:00+02:00,1785506400000,,156.69,156.69,G,,latest-months
162015,Luleå Sol,11,Global Irradians (svenska stationer),"medelvärde 1 timma, varje timme",watt per kvadratmeter,2026-07-31T15:00:00Z,2026-07-31T17:00:00+02:00,1785510000000,,221.56,221.56,G,,latest-months
162015,Luleå Sol,11,Global Irradians (svenska stationer),"medelvärde 1 timma, varje timme",watt per kvadratmeter,2026-07-31T16:00:00Z,2026-07-31T18:00:00+02:00,1785513600000,,210.42,210.42,G,,latest-months
162015,Luleå Sol,11,Global Irradians (svenska stationer),"medelvärde 1 timma, varje timme",watt per kvadratmeter,2026-07-31T17:00:00Z,2026-07-31T19:00:00+02:00,1785517200000,,233.64,233.64,G,,latest-months
162015,Luleå Sol,11,Global Irradians (svenska stationer),"medelvärde 1 timma, varje timme",watt per kvadratmeter,2026-07-31T18:00:00Z,2026-07-31T20:00:00+02:00,1785520800000,,77.55,77.55,G,,latest-months
162015,Luleå Sol,11,Global Irradians (svenska stationer),"medelvärde 1 timma, varje timme",watt per kvadratmeter,2026-07-31T19:00:00Z,2026-07-31T21:00:00+02:00,1785524400000,,67.80,67.80,G,,latest-months
162015,Luleå Sol,11,Global Irradians (svenska stationer),"medelvärde 1 timma, varje timme",watt per kvadratmeter,2026-07-31T20:00:00Z,2026-07-31T22:00:00+02:00,1785528000000,,17.49,17.49,G,,latest-months
162015,Luleå Sol,11,Global Irradians (svenska stationer),"medelvärde 1 timma, varje timme",watt per kvadratmeter,2026-07-31T21:00:00Z,2026-07-31T23:00:00+02:00,1785531600000,,1.40,1.40,G,,latest-months
162015,Luleå Sol,11,Global Irradians (svenska stationer),"medelvärde 1 timma, varje timme",watt per kvadratmeter,2026-07-31T22:00:00Z,2026-08-01T00:00:00+02:00,1785535200000,,0.09,0.09,G,,latest-months
162015,Luleå Sol,11,Global Irradians (svenska stationer),"medelvärde 1 timma, varje timme",watt per kvadratmeter,2026-07-31T23:00:00Z,2026-08-01T01:00:00+02:00,1785538800000,,0.00,0.00,G,,latest-months
162015,Luleå Sol,11,Global Irradians (svenska stationer),"medelvärde 1 timma, varje timme",watt per kvadratmeter,2026-08-01T00:00:00Z,2026-08-01T02:00:00+02:00,1785542400000,,0.02,0.02,G,,latest-months
162015,Luleå Sol,11,Global Irradians (svenska stationer),"medelvärde 1 timma, varje timme",watt per kvadratmeter,2026-08-01T01:00:00Z,2026-08-01T03:00:00+02:00,1785546000000,,0.12,0.12,G,,latest-months
162015,Luleå Sol,11,Global Irradians (svenska stationer),"medelvärde 1 timma, varje timme",watt per kvadratmeter,2026-08-01T02:00:00Z,2026-08-01T04:00:00+02:00,1785549600000,,6.25,6.25,G,,latest-months
162015,Luleå Sol,11,Global Irradians (svenska stationer),"medelvärde 1 timma, varje timme",watt per kvadratmeter,2026-08-01T03:00:00Z,2026-08-01T05:00:00+02:00,1785553200000,,47.29,47.29,G,,latest-months
162015,Luleå Sol,11,Global Irradians (svenska stationer),"medelvärde 1 timma, varje timme",watt per kvadratmeter,2026-08-01T04:00:00Z,2026-08-01T06:00:00+02:00,1785556800000,,128.43,128.43,G,,latest-months
162015,Luleå Sol,11,Global Irradians (svenska stationer),"medelvärde 1 timma, varje timme",watt per kvadratmeter,2026-08-01T05:00:00Z,2026-08-01T07:00:00+02:00,1785560400000,,230.06,230.06,G,,latest-months
162015,Luleå Sol,11,Global Irradians (svenska stationer),"medelvärde 1 timma, varje timme",watt per kvadratmeter,2026-08-01T06:00:00Z,2026-08-01T08:00:00+02:00,1785564000000,,337.56,337.56,G,,latest-months
162015,Luleå Sol,11,Global Irradians (svenska stationer),"medelvärde 1 timma, varje timme",watt per kvadratmeter,2026-08-01T07:00:00Z,2026-08-01T09:00:00+02:00,1785567600000,,442.36,442.36,G,,latest-months
162015,Luleå Sol,11,Global Irradians (svenska stationer),"medelvärde 1 timma, varje timme",watt per kvadratmeter,2026-08-01T08:00:00Z,2026-08-01T10:00:00+02:00,1785571200000,,534.15,534.15,G,,latest-months
162015,Luleå Sol,11,Global Irradians (svenska stationer),"medelvärde 1 timma, varje timme",watt per kvadratmeter,2026-08-01T09:00:00Z,2026-08-01T11:00:00+02:00,1785574800000,,606.69,606.69,G,,latest-months
162015,Luleå Sol,11,Global Irradians (svenska stationer),"medelvärde 1 timma, varje timme",watt per kvadratmeter,2026-08-01T10:00:00Z,2026-08-01T12:00:00+02:00,1785578400000,,609.49,609.49,G,,latest-months
162015,Luleå Sol,11,Global Irradians (svenska stationer),"medelvärde 1 timma, varje timme",watt per kvadratmeter,2026-08-01T11:00:00Z,2026-08-01T13:00:00+02:00,1785582000000,,461.62,461.62,G,,latest-months
162015,Luleå Sol,11,Global Irradians (svenska stationer),"medelvärde 1 timma, varje timme",watt per kvadratmeter,2026-08-01T12:00:00Z,2026-08-01T14:00:00+02:00,1785585600000,,523.96,523.96,G,,latest-months
162015,Luleå Sol,11,Global Irradians (svenska stationer),"medelvärde 1 timma, varje timme",watt per kvadratmeter,2026-08-01T13:00:00Z,2026-08-01T15:00:00+02:00,1785589200000,,532.18,532.18,G,,latest-months
162015,Luleå Sol,11,Global Irradians (svenska stationer),"medelvärde 1 timma, varje timme",watt per kvadratmeter,2026-08-01T14:00:00Z,2026-08-01T16:00:00+02:00,1785592800000,,448.68,448.68,G,,latest-months
162015,Luleå Sol,11,Global Irradians (svenska stationer),"medelvärde 1 timma, varje timme",watt per kvadratmeter,2026-08-01T15:00:00Z,2026-08-01T17:00:00+02:00,1785596400000,,298.30,298.30,G,,latest-months
162015,Luleå Sol,11,Global Irradians (svenska stationer),"medelvärde 1 timma, varje timme",watt per kvadratmeter,2026-08-01T16:00:00Z,2026-08-01T18:00:00+02:00,1785600000000,,262.63,262.63,G,,latest-months
162015,Luleå Sol,11,Global Irradians (svenska stationer),"medelvärde 1 timma, varje timme",watt per kvadratmeter,2026-08-01T17:00:00Z,2026-08-01T19:00:00+02:00,1785603600000,,203.04,203.04,G,,latest-months
162015,Luleå Sol,11,Global Irradians (svenska stationer),"medelvärde 1 timma, varje timme",watt per kvadratmeter,2026-08-01T18:00:00Z,2026-08-01T20:00:00+02:00,1785607200000,,98.54,98.54,G,,latest-months
162015,Luleå Sol,11,Global Irradians (svenska stationer),"medelvärde 1 timma, varje timme",watt per kvadratmeter,2026-08-01T19:00:00Z,2026-08-01T21:00:00+02:00,1785610800000,,33.33,33.33,G,,latest-months
162015,Luleå Sol,11,Global Irradians (svenska stationer),"medelvärde 1 timma, varje timme",watt per kvadratmeter,2026-08-01T20:00:00Z,2026-08-01T22:00:00+02:00,1785614400000,,9.72,9.72,G,,latest-months
162015,Luleå Sol,11,Global Irradians (svenska stationer),"medelvärde 1 timma, varje timme",watt per kvadratmeter,2026-08-01T21:00:00Z,2026-08-01T23:00:00+02:00,1785618000000,,0.59,0.59,G,,latest-months
162015,Luleå Sol,11,Global Irradians (svenska stationer),"medelvärde 1 timma, varje timme",watt per kvadratmeter,2026-08-01T22:00:00Z,2026-08-02T00:00:00+02:00,1785621600000,,0.05,0.05,G,,latest-months
162015,Luleå Sol,11,Global Irradians (svenska stationer),"medelvärde 1 timma, varje timme",watt per kvadratmeter,2026-08-01T23:00:00Z,2026-08-02T01:00:00+02:00,1785625200000,,0.00,0.00,G,,latest-months
162015,Luleå Sol,11,Global Irradians (svenska stationer),"medelvärde 1 timma, varje timme",watt per kvadratmeter,2026-08-02T00:00:00Z,2026-08-02T02:00:00+02:00,1785628800000,,0.07,0.07,G,,latest-months
162015,Luleå Sol,11,Global Irradians (svenska stationer),"medelvärde 1 timma, varje timme",watt per kvadratmeter,2026-08-02T01:00:00Z,2026-08-02T03:00:00+02:00,1785632400000,,0.37,0.37,G,,latest-months
162015,Luleå Sol,11,Global Irradians (svenska stationer),"medelvärde 1 timma, varje timme",watt per kvadratmeter,2026-08-02T02:00:00Z,2026-08-02T04:00:00+02:00,1785636000000,,5.15,5.15,G,,latest-months
162015,Luleå Sol,11,Global Irradians (svenska stationer),"medelvärde 1 timma, varje timme",watt per kvadratmeter,2026-08-02T03:00:00Z,2026-08-02T05:00:00+02:00,1785639600000,,41.92,41.92,G,,latest-months
162015,Luleå Sol,11,Global Irradians (svenska stationer),"medelvärde 1 timma, varje timme",watt per kvadratmeter,2026-08-02T04:00:00Z,2026-08-02T06:00:00+02:00,1785643200000,,120.90,120.90,G,,latest-months
162015,Luleå Sol,11,Global Irradians (svenska stationer),"medelvärde 1 timma, varje timme",watt per kvadratmeter,2026-08-02T05:00:00Z,2026-08-02T07:00:00+02:00,1785646800000,,212.91,212.91,G,,latest-months
162015,Luleå Sol,11,Global Irradians (svenska stationer),"medelvärde 1 timma, varje timme",watt per kvadratmeter,2026-08-02T06:00:00Z,2026-08-02T08:00:00+02:00,1785650400000,,305.02,305.02,G,,latest-months
162015,Luleå Sol,11,Global Irradians (svenska stationer),"medelvärde 1 timma, varje timme",watt per kvadratmeter,2026-08-02T07:00:00Z,2026-08-02T09:00:00+02:00,1785654000000,,432.84,432.84,G,,latest-months
162015,Luleå Sol,11,Global Irradians (svenska stationer),"medelvärde 1 timma, varje timme",watt per kvadratmeter,2026-08-02T08:00:00Z,2026-08-02T10:00:00+02:00,1785657600000,,528.37,528.37,G,,latest-months
162015,Luleå Sol,11,Global Irradians (svenska stationer),"medelvärde 1 timma, varje timme",watt per kvadratmeter,2026-08-02T09:00:00Z,2026-08-02T11:00:00+02:00,1785661200000,,613.41,613.41,G,,latest-months
162015,Luleå Sol,11,Global Irradians (svenska stationer),"medelvärde 1 timma, varje timme",watt per kvadratmeter,2026-08-02T10:00:00Z,2026-08-02T12:00:00+02:00,1785664800000,,650.65,650.65,G,,latest-months
162015,Luleå Sol,11,Global Irradians (svenska stationer),"medelvärde 1 timma, varje timme",watt per kvadratmeter,2026-08-02T11:00:00Z,2026-08-02T13:00:00+02:00,1785668400000,,667.66,667.66,G,,latest-months
162015,Luleå Sol,11,Global Irradians (svenska stationer),"medelvärde 1 timma, varje timme",watt per kvadratmeter,2026-08-02T12:00:00Z,2026-08-02T14:00:00+02:00,1785672000000,,668.64,668.64,G,,latest-months
162015,Luleå Sol,11,Global Irradians (svenska stationer),"medelvärde 1 timma, varje timme",watt per kvadratmeter,2026-08-02T13:00:00Z,2026-08-02T15:00:00+02:00,1785675600000,,604.29,604.29,G,,latest-months
162015,Luleå Sol,11,Global Irradians (svenska stationer),"medelvärde 1 timma, varje timme",watt per kvadratmeter,2026-08-02T14:00:00Z,2026-08-02T16:00:00+02:00,1785679200000,,509.26,509.26,G,,latest-months
162015,Luleå Sol,11,Global Irradians (svenska stationer),"medelvärde 1 timma, varje timme",watt per kvadratmeter,2026-08-02T15:00:00Z,2026-08-02T17:00:00+02:00,1785682800000,,227.01,227.01,G,,latest-months
162015,Luleå Sol,11,Global Irradians (svenska stationer),"medelvärde 1 timma, varje timme",watt per kvadratmeter,2026-08-02T16:00:00Z,2026-08-02T18:00:00+02:00,1785686400000,,64.85,64.85,G,,latest-months
162015,Luleå Sol,11,Global Irradians (svenska stationer),"medelvärde 1 timma, varje timme",watt per kvadratmeter,2026-08-02T17:00:00Z,2026-08-02T19:00:00+02:00,1785690000000,,86.66,86.66,G,,latest-months
162015,Luleå Sol,11,Global Irradians (svenska stationer),"medelvärde 1 timma, varje timme",watt per kvadratmeter,2026-08-02T18:00:00Z,2026-08-02T20:00:00+02:00,1785693600000,,123.32,123.32,G,,latest-months
162015,Luleå Sol,11,Global Irradians (svenska stationer),"medelvärde 1 timma, varje timme",watt per kvadratmeter,2026-08-02T19:00:00Z,2026-08-02T21:00:00+02:00,1785697200000,,56.84,56.84,G,,latest-months
162015,Luleå Sol,11,Global Irradians (svenska stationer),"medelvärde 1 timma, varje timme",watt per kvadratmeter,2026-08-02T20:00:00Z,2026-08-02T22:00:00+02:00,1785700800000,,13.51,13.51,G,,latest-months
162015,Luleå Sol,11,Global Irradians (svenska stationer),"medelvärde 1 timma, varje timme",watt per kvadratmeter,2026-08-02T21:00:00Z,2026-08-02T23:00:00+02:00,1785704400000,,0.62,0.62,G,,latest-months
162015,Luleå Sol,11,Global Irradians (svenska stationer),"medelvärde 1 timma, varje timme",watt per kvadratmeter,2026-08-02T22:00:00Z,2026-08-03T00:00:00+02:00,1785708000000,,0.00,0.00,G,,latest-months
162015,Luleå Sol,11,Global Irradians (svenska stationer),"medelvärde 1 timma, varje timme",watt per kvadratmeter,2026-08-02T23:00:00Z,2026-08-03T01:00:00+02:00,1785711600000,,0.00,0.00,G,,latest-months
162015,Luleå Sol,11,Global Irradians (svenska stationer),"medelvärde 1 timma, varje timme",watt per kvadratmeter,2026-08-03T00:00:00Z,2026-08-03T02:00:00+02:00,1785715200000,,0.00,0.00,G,,latest-months
162015,Luleå Sol,11,Global Irradians (svenska stationer),"medelvärde 1 timma, varje timme",watt per kvadratmeter,2026-08-03T01:00:00Z,2026-08-03T03:00:00+02:00,1785718800000,,1.22,1.22,G,,latest-months
162015,Luleå Sol,11,Global Irradians (svenska stationer),"medelvärde 1 timma, varje timme",watt per kvadratmeter,2026-08-03T02:00:00Z,2026-08-03T04:00:00+02:00,1785722400000,,4.65,4.65,G,,latest-months
162015,Luleå Sol,11,Global Irradians (svenska stationer),"medelvärde 1 timma, varje timme",watt per kvadratmeter,2026-08-03T03:00:00Z,2026-08-03T05:00:00+02:00,1785726000000,,21.03,21.03,G,,latest-months
162015,Luleå Sol,11,Global Irradians (svenska stationer),"medelvärde 1 timma, varje timme",watt per kvadratmeter,2026-08-03T04:00:00Z,2026-08-03T06:00:00+02:00,1785729600000,,111.06,111.06,G,,latest-months
162015,Luleå Sol,11,Global Irradians (svenska stationer),"medelvärde 1 timma, varje timme",watt per kvadratmeter,2026-08-03T05:00:00Z,2026-08-03T07:00:00+02:00,1785733200000,,217.78,217.78,G,,latest-months
162015,Luleå Sol,11,Global Irradians (svenska stationer),"medelvärde 1 timma, varje timme",watt per kvadratmeter,2026-08-03T06:00:00Z,2026-08-03T08:00:00+02:00,1785736800000,,324.80,324.80,G,,latest-months
162015,Luleå Sol,11,Global Irradians (svenska stationer),"medelvärde 1 timma, varje timme",watt per kvadratmeter,2026-08-03T07:00:00Z,2026-08-03T09:00:00+02:00,1785740400000,,429.05,429.05,G,,latest-months
162015,Luleå Sol,11,Global Irradians (svenska stationer),"medelvärde 1 timma, varje timme",watt per kvadratmeter,2026-08-03T08:00:00Z,2026-08-03T10:00:00+02:00,1785744000000,,522.33,522.33,G,,latest-months
162015,Luleå Sol,11,Global Irradians (svenska stationer),"medelvärde 1 timma, varje timme",watt per kvadratmeter,2026-08-03T09:00:00Z,2026-08-03T11:00:00+02:00,1785747600000,,597.06,597.06,G,,latest-months
162015,Luleå Sol,11,Global Irradians (svenska stationer),"medelvärde 1 timma, varje timme",watt per kvadratmeter,2026-08-03T10:00:00Z,2026-08-03T12:00:00+02:00,1785751200000,,650.75,650.75,G,,latest-months
162015,Luleå Sol,11,Global Irradians (svenska stationer),"medelvärde 1 timma, varje timme",watt per kvadratmeter,2026-08-03T11:00:00Z,2026-08-03T13:00:00+02:00,1785754800000,,230.81,230.81,G,,latest-months
162015,Luleå Sol,11,Global Irradians (svenska stationer),"medelvärde 1 timma, varje timme",watt per kvadratmeter,2026-08-03T12:00:00Z,2026-08-03T14:00:00+02:00,1785758400000,,125.65,125.65,G,,latest-months
162015,Luleå Sol,11,Global Irradians (svenska stationer),"medelvärde 1 timma, varje timme",watt per kvadratmeter,2026-08-03T13:00:00Z,2026-08-03T15:00:00+02:00,1785762000000,,371.50,371.50,G,,latest-months
162015,Luleå Sol,11,Global Irradians (svenska stationer),"medelvärde 1 timma, varje timme",watt per kvadratmeter,2026-08-03T14:00:00Z,2026-08-03T16:00:00+02:00,1785765600000,,499.46,499.46,G,,latest-months
162015,Luleå Sol,11,Global Irradians (svenska stationer),"medelvärde 1 timma, varje timme",watt per kvadratmeter,2026-08-03T15:00:00Z,2026-08-03T17:00:00+02:00,1785769200000,,369.84,369.84,G,,latest-months
162015,Luleå Sol,11,Global Irradians (svenska stationer),"medelvärde 1 timma, varje timme",watt per kvadratmeter,2026-08-03T16:00:00Z,2026-08-03T18:00:00+02:00,1785772800000,,87.12,87.12,G,,latest-months
162015,Luleå Sol,11,Global Irradians (svenska stationer),"medelvärde 1 timma, varje timme",watt per kvadratmeter,2026-08-03T17:00:00Z,2026-08-03T19:00:00+02:00,1785776400000,,161.52,161.52,G,,latest-months
162015,Luleå Sol,11,Global Irradians (svenska stationer),"medelvärde 1 timma, varje timme",watt per kvadratmeter,2026-08-03T18:00:00Z,2026-08-03T20:00:00+02:00,1785780000000,,99.04,99.04,G,,latest-months
162015,Luleå Sol,11,Global Irradians (svenska stationer),"medelvärde 1 timma, varje timme",watt per kvadratmeter,2026-08-03T19:00:00Z,2026-08-03T21:00:00+02:00,1785783600000,,64.57,64.57,G,,latest-months
162015,Luleå Sol,11,Global Irradians (svenska stationer),"medelvärde 1 timma, varje timme",watt per kvadratmeter,2026-08-03T20:00:00Z,2026-08-03T22:00:00+02:00,1785787200000,,11.16,11.16,G,,latest-months
162015,Luleå Sol,11,Global Irradians (svenska stationer),"medelvärde 1 timma, varje timme",watt per kvadratmeter,2026-08-03T21:00:00Z,2026-08-03T23:00:00+02:00,1785790800000,,1.05,1.05,G,,latest-months
162015,Luleå Sol,11,Global Irradians (svenska stationer),"medelvärde 1 timma, varje timme",watt per kvadratmeter,2026-08-03T22:00:00Z,2026-08-04T00:00:00+02:00,1785794400000,,0.07,0.07,G,,latest-months
162015,Luleå Sol,11,Global Irradians (svenska stationer),"medelvärde 1 timma, varje timme",watt per kvadratmeter,2026-08-03T23:00:00Z,2026-08-04T01:00:00+02:00,1785798000000,,0.00,0.00,G,,latest-months
162015,Luleå Sol,11,Global Irradians (svenska stationer),"medelvärde 1 timma, varje timme",watt per kvadratmeter,2026-08-04T00:00:00Z,2026-08-04T02:00:00+02:00,1785801600000,,0.03,0.03,G,,latest-months
162015,Luleå Sol,11,Global Irradians (svenska stationer),"medelvärde 1 timma, varje timme",watt per kvadratmeter,2026-08-04T01:00:00Z,2026-08-04T03:00:00+02:00,1785805200000,,0.05,0.05,G,,latest-months
162015,Luleå Sol,11,Global Irradians (svenska stationer),"medelvärde 1 timma, varje timme",watt per kvadratmeter,2026-08-04T02:00:00Z,2026-08-04T04:00:00+02:00,1785808800000,,3.83,3.83,G,,latest-months
162015,Luleå Sol,11,Global Irradians (svenska stationer),"medelvärde 1 timma, varje timme",watt per kvadratmeter,2026-08-04T03:00:00Z,2026-08-04T05:00:00+02:00,1785812400000,,37.49,37.49,G,,latest-months
162015,Luleå Sol,11,Global Irradians (svenska stationer),"medelvärde 1 timma, varje timme",watt per kvadratmeter,2026-08-04T04:00:00Z,2026-08-04T06:00:00+02:00,1785816000000,,115.46,115.46,G,,latest-months
162015,Luleå Sol,11,Global Irradians (svenska stationer),"medelvärde 1 timma, varje timme",watt per kvadratmeter,2026-08-04T05:00:00Z,2026-08-04T07:00:00+02:00,1785819600000,,216.62,216.62,G,,latest-months
162015,Luleå Sol,11,Global Irradians (svenska stationer),"medelvärde 1 timma, varje timme",watt per kvadratmeter,2026-08-04T06:00:00Z,2026-08-04T08:00:00+02:00,1785823200000,,325.44,325.44,G,,latest-months
162015,Luleå Sol,11,Global Irradians (svenska stationer),"medelvärde 1 timma, varje timme",watt per kvadratmeter,2026-08-04T07:00:00Z,2026-08-04T09:00:00+02:00,1785826800000,,430.51,430.51,G,,latest-months
162015,Luleå Sol,11,Global Irradians (svenska stationer),"medelvärde 1 timma, varje timme",watt per kvadratmeter,2026-08-04T08:00:00Z,2026-08-04T10:00:00+02:00,1785830400000,,516.78,516.78,G,,latest-months
162015,Luleå Sol,11,Global Irradians (svenska stationer),"medelvärde 1 timma, varje timme",watt per kvadratmeter,2026-08-04T09:00:00Z,2026-08-04T11:00:00+02:00,1785834000000,,623.33,623.33,G,,latest-months
162015,Luleå Sol,11,Global Irradians (svenska stationer),"medelvärde 1 timma, varje timme",watt per kvadratmeter,2026-08-04T10:00:00Z,2026-08-04T12:00:00+02:00,1785837600000,,451.97,451.97,G,,latest-months
162015,Luleå Sol,11,Global Irradians (svenska stationer),"medelvärde 1 timma, varje timme",watt per kvadratmeter,2026-08-04T11:00:00Z,2026-08-04T13:00:00+02:00,1785841200000,,364.21,364.21,G,,latest-months
162015,Luleå Sol,11,Global Irradians (svenska stationer),"medelvärde 1 timma, varje timme",watt per kvadratmeter,2026-08-04T12:00:00Z,2026-08-04T14:00:00+02:00,1785844800000,,649.82,649.82,G,,latest-months
162015,Luleå Sol,11,Global Irradians (svenska stationer),"medelvärde 1 timma, varje timme",watt per kvadratmeter,2026-08-04T13:00:00Z,2026-08-04T15:00:00+02:00,1785848400000,,534.80,534.80,G,,latest-months
162015,Luleå Sol,11,Global Irradians (svenska stationer),"medelvärde 1 timma, varje timme",watt per kvadratmeter,2026-08-04T14:00:00Z,2026-08-04T16:00:00+02:00,1785852000000,,456.09,456.09,G,,latest-months
162015,Luleå Sol,11,Global Irradians (svenska stationer),"medelvärde 1 timma, varje timme",watt per kvadratmeter,2026-08-04T15:00:00Z,2026-08-04T17:00:00+02:00,1785855600000,,432.10,432.10,G,,latest-months
162015,Luleå Sol,11,Global Irradians (svenska stationer),"medelvärde 1 timma, varje timme",watt per kvadratmeter,2026-08-04T16:00:00Z,2026-08-04T18:00:00+02:00,1785859200000,,360.66,360.66,G,,latest-months
162015,Luleå Sol,11,Global Irradians (svenska stationer),"medelvärde 1 timma, varje timme",watt per kvadratmeter,2026-08-04T17:00:00Z,2026-08-04T19:00:00+02:00,1785862800000,,248.26,248.26,G,,latest-months
162015,Luleå Sol,11,Global Irradians (svenska stationer),"medelvärde 1 timma, varje timme",watt per kvadratmeter,2026-08-04T18:00:00Z,2026-08-04T20:00:00+02:00,1785866400000,,142.13,142.13,G,,latest-months
162015,Luleå Sol,11,Global Irradians (svenska stationer),"medelvärde 1 timma, varje timme",watt per kvadratmeter,2026-08-04T19:00:00Z,2026-08-04T21:00:00+02:00,1785870000000,,50.17,50.17,G,,latest-months
162015,Luleå Sol,11,Global Irradians (svenska stationer),"medelvärde 1 timma, varje timme",watt per kvadratmeter,2026-08-04T20:00:00Z,2026-08-04T22:00:00+02:00,1785873600000,,8.86,8.86,G,,latest-months
162015,Luleå Sol,11,Global Irradians (svenska stationer),"medelvärde 1 timma, varje timme",watt per kvadratmeter,2026-08-04T21:00:00Z,2026-08-04T23:00:00+02:00,1785877200000,,0.41,0.41,G,,latest-months
162015,Luleå Sol,11,Global Irradians (svenska stationer),"medelvärde 1 timma, varje timme",watt per kvadratmeter,2026-08-04T22:00:00Z,2026-08-05T00:00:00+02:00,1785880800000,,0.00,0.00,G,,latest-months
162015,Luleå Sol,11,Global Irradians (svenska stationer),"medelvärde 1 timma, varje timme",watt per kvadratmeter,2026-08-04T23:00:00Z,2026-08-05T01:00:00+02:00,1785884400000,,0.00,0.00,G,,latest-months
162015,Luleå Sol,11,Global Irradians (svenska stationer),"medelvärde 1 timma, varje timme",watt per kvadratmeter,2026-08-05T00:00:00Z,2026-08-05T02:00:00+02:00,1785888000000,,0.00,0.00,G,,latest-months
162015,Luleå Sol,11,Global Irradians (svenska stationer),"medelvärde 1 timma, varje timme",watt per kvadratmeter,2026-08-05T01:00:00Z,2026-08-05T03:00:00+02:00,1785891600000,,0.01,0.01,G,,latest-months
162015,Luleå Sol,11,Global Irradians (svenska stationer),"medelvärde 1 timma, varje timme",watt per kvadratmeter,2026-08-05T02:00:00Z,2026-08-05T04:00:00+02:00,1785895200000,,3.76,3.76,G,,latest-months
162015,Luleå Sol,11,Global Irradians (svenska stationer),"medelvärde 1 timma, varje timme",watt per kvadratmeter,2026-08-05T03:00:00Z,2026-08-05T05:00:00+02:00,1785898800000,,35.32,35.32,G,,latest-months
162015,Luleå Sol,11,Global Irradians (svenska stationer),"medelvärde 1 timma, varje timme",watt per kvadratmeter,2026-08-05T04:00:00Z,2026-08-05T06:00:00+02:00,1785902400000,,112.00,112.00,G,,latest-months
162015,Luleå Sol,11,Global Irradians (svenska stationer),"medelvärde 1 timma, varje timme",watt per kvadratmeter,2026-08-05T05:00:00Z,2026-08-05T07:00:00+02:00,1785906000000,,220.61,220.61,G,,latest-months
162015,Luleå Sol,11,Global Irradians (svenska stationer),"medelvärde 1 timma, varje timme",watt per kvadratmeter,2026-08-05T06:00:00Z,2026-08-05T08:00:00+02:00,1785909600000,,319.02,319.02,G,,latest-months
162015,Luleå Sol,11,Global Irradians (svenska stationer),"medelvärde 1 timma, varje timme",watt per kvadratmeter,2026-08-05T07:00:00Z,2026-08-05T09:00:00+02:00,1785913200000,,417.01,417.01,G,,latest-months
162015,Luleå Sol,11,Global Irradians (svenska stationer),"medelvärde 1 timma, varje timme",watt per kvadratmeter,2026-08-05T08:00:00Z,2026-08-05T10:00:00+02:00,1785916800000,,467.26,467.26,G,,latest-months
162015,Luleå Sol,11,Global Irradians (svenska stationer),"medelvärde 1 timma, varje timme",watt per kvadratmeter,2026-08-05T09:00:00Z,2026-08-05T11:00:00+02:00,1785920400000,,599.57,599.57,G,,latest-months
162015,Luleå Sol,11,Global Irradians (svenska stationer),"medelvärde 1 timma, varje timme",watt per kvadratmeter,2026-08-05T10:00:00Z,2026-08-05T12:00:00+02:00,1785924000000,,449.50,449.50,G,,latest-months
162015,Luleå Sol,11,Global Irradians (svenska stationer),"medelvärde 1 timma, varje timme",watt per kvadratmeter,2026-08-05T11:00:00Z,2026-08-05T13:00:00+02:00,1785927600000,,538.08,538.08,G,,latest-months
162015,Luleå Sol,11,Global Irradians (svenska stationer),"medelvärde 1 timma, varje timme",watt per kvadratmeter,2026-08-05T12:00:00Z,2026-08-05T14:00:00+02:00,1785931200000,,623.76,623.76,G,,latest-months
162015,Luleå Sol,11,Global Irradians (svenska stationer),"medelvärde 1 timma, varje timme",watt per kvadratmeter,2026-08-05T13:00:00Z,2026-08-05T15:00:00+02:00,1785934800000,,605.08,605.08,G,,latest-months
162015,Luleå Sol,11,Global Irradians (svenska stationer),"medelvärde 1 timma, varje timme",watt per kvadratmeter,2026-08-05T14:00:00Z,2026-08-05T16:00:00+02:00,1785938400000,,426.14,426.14,G,,latest-months
162015,Luleå Sol,11,Global Irradians (svenska stationer),"medelvärde 1 timma, varje timme",watt per kvadratmeter,2026-08-05T15:00:00Z,2026-08-05T17:00:00+02:00,1785942000000,,519.59,519.59,G,,latest-months
162015,Luleå Sol,11,Global Irradians (svenska stationer),"medelvärde 1 timma, varje timme",watt per kvadratmeter,2026-08-05T16:00:00Z,2026-08-05T18:00:00+02:00,1785945600000,,357.65,357.65,G,,latest-months
162015,Luleå Sol,11,Global Irradians (svenska stationer),"medelvärde 1 timma, varje timme",watt per kvadratmeter,2026-08-05T17:00:00Z,2026-08-05T19:00:00+02:00,1785949200000,,176.11,176.11,G,,latest-months
162015,Luleå Sol,11,Global Irradians (svenska stationer),"medelvärde 1 timma, varje timme",watt per kvadratmeter,2026-08-05T18:00:00Z,2026-08-05T20:00:00+02:00,1785952800000,,138.41,138.41,G,,latest-months
162015,Luleå Sol,11,Global Irradians (svenska stationer),"medelvärde 1 timma, varje timme",watt per kvadratmeter,2026-08-05T19:00:00Z,2026-08-05T21:00:00+02:00,1785956400000,,52.24,52.24,G,,latest-months
162015,Luleå Sol,11,Global Irradians (svenska stationer),"medelvärde 1 timma, varje timme",watt per kvadratmeter,2026-08-05T20:00:00Z,2026-08-05T22:00:00+02:00,1785960000000,,7.47,7.47,G,,latest-months
162015,Luleå Sol,11,Global Irradians (svenska stationer),"medelvärde 1 timma, varje timme",watt per kvadratmeter,2026-08-05T21:00:00Z,2026-08-05T23:00:00+02:00,1785963600000,,0.16,0.16,G,,latest-months
162015,Luleå Sol,11,Global Irradians (svenska stationer),"medelvärde 1 timma, varje timme",watt per kvadratmeter,2026-08-05T22:00:00Z,2026-08-06T00:00:00+02:00,1785967200000,,0.00,0.00,G,,latest-months
162015,Luleå Sol,11,Global Irradians (svenska stationer),"medelvärde 1 timma, varje timme",watt per kvadratmeter,2026-08-05T23:00:00Z,2026-08-06T01:00:00+02:00,1785970800000,,0.00,0.00,G,,latest-months
162015,Luleå Sol,11,Global Irradians (svenska stationer),"medelvärde 1 timma, varje timme",watt per kvadratmeter,2026-08-06T00:00:00Z,2026-08-06T02:00:00+02:00,1785974400000,,0.00,0.00,G,,latest-months
162015,Luleå Sol,11,Global Irradians (svenska stationer),"medelvärde 1 timma, varje timme",watt per kvadratmeter,2026-08-06T01:00:00Z,2026-08-06T03:00:00+02:00,1785978000000,,0.00,0.00,G,,latest-months
162015,Luleå Sol,11,Global Irradians (svenska stationer),"medelvärde 1 timma, varje timme",watt per kvadratmeter,2026-08-06T02:00:00Z,2026-08-06T04:00:00+02:00,1785981600000,,4.59,4.59,G,,latest-months
162015,Luleå Sol,11,Global Irradians (svenska stationer),"medelvärde 1 timma, varje timme",watt per kvadratmeter,2026-08-06T03:00:00Z,2026-08-06T05:00:00+02:00,1785985200000,,30.93,30.93,G,,latest-months
162015,Luleå Sol,11,Global Irradians (svenska stationer),"medelvärde 1 timma, varje timme",watt per kvadratmeter,2026-08-06T04:00:00Z,2026-08-06T06:00:00+02:00,1785988800000,,40.48,40.48,G,,latest-months
162015,Luleå Sol,11,Global Irradians (svenska stationer),"medelvärde 1 timma, varje timme",watt per kvadratmeter,2026-08-06T05:00:00Z,2026-08-06T07:00:00+02:00,1785992400000,,83.09,83.09,G,,latest-months
162015,Luleå Sol,11,Global Irradians (svenska stationer),"medelvärde 1 timma, varje timme",watt per kvadratmeter,2026-08-06T06:00:00Z,2026-08-06T08:00:00+02:00,1785996000000,,70.03,70.03,G,,latest-months
162015,Luleå Sol,11,Global Irradians (svenska stationer),"medelvärde 1 timma, varje timme",watt per kvadratmeter,2026-08-06T07:00:00Z,2026-08-06T09:00:00+02:00,1785999600000,,92.18,92.18,G,,latest-months
162015,Luleå Sol,11,Global Irradians (svenska stationer),"medelvärde 1 timma, varje timme",watt per kvadratmeter,2026-08-06T08:00:00Z,2026-08-06T10:00:00+02:00,1786003200000,,47.20,47.20,G,,latest-months
162015,Luleå Sol,11,Global Irradians (svenska stationer),"medelvärde 1 timma, varje timme",watt per kvadratmeter,2026-08-06T09:00:00Z,2026-08-06T11:00:00+02:00,1786006800000,,52.83,52.83,G,,latest-months
162015,Luleå Sol,11,Global Irradians (svenska stationer),"medelvärde 1 timma, varje timme",watt per kvadratmeter,2026-08-06T10:00:00Z,2026-08-06T12:00:00+02:00,1786010400000,,42.07,42.07,G,,latest-months
162015,Luleå Sol,11,Global Irradians (svenska stationer),"medelvärde 1 timma, varje timme",watt per kvadratmeter,2026-08-06T11:00:00Z,2026-08-06T13:00:00+02:00,1786014000000,,50.21,50.21,G,,latest-months
162015,Luleå Sol,11,Global Irradians (svenska stationer),"medelvärde 1 timma, varje timme",watt per kvadratmeter,2026-08-06T12:00:00Z,2026-08-06T14:00:00+02:00,1786017600000,,62.87,62.87,G,,latest-months
162015,Luleå Sol,11,Global Irradians (svenska stationer),"medelvärde 1 timma, varje timme",watt per kvadratmeter,2026-08-06T13:00:00Z,2026-08-06T15:00:00+02:00,1786021200000,,53.49,53.49,G,,latest-months
162015,Luleå Sol,11,Global Irradians (svenska stationer),"medelvärde 1 timma, varje timme",watt per kvadratmeter,2026-08-06T14:00:00Z,2026-08-06T16:00:00+02:00,1786024800000,,46.47,46.47,G,,latest-months
162015,Luleå Sol,11,Global Irradians (svenska stationer),"medelvärde 1 timma, varje timme",watt per kvadratmeter,2026-08-06T15:00:00Z,2026-08-06T17:00:00+02:00,1786028400000,,47.41,47.41,G,,latest-months
162015,Luleå Sol,11,Global Irradians (svenska stationer),"medelvärde 1 timma, varje timme",watt per kvadratmeter,2026-08-06T16:00:00Z,2026-08-06T18:00:00+02:00,1786032000000,,26.46,26.46,G,,latest-months
162015,Luleå Sol,11,Global Irradians (svenska stationer),"medelvärde 1 timma, varje timme",watt per kvadratmeter,2026-08-06T17:00:00Z,2026-08-06T19:00:00+02:00,1786035600000,,13.77,13.77,G,,latest-months
162015,Luleå Sol,11,Global Irradians (svenska stationer),"medelvärde 1 timma, varje timme",watt per kvadratmeter,2026-08-06T18:00:00Z,2026-08-06T20:00:00+02:00,1786039200000,,2.00,2.00,G,,latest-months
162015,Luleå Sol,11,Global Irradians (svenska stationer),"medelvärde 1 timma, varje timme",watt per kvadratmeter,2026-08-06T19:00:00Z,2026-08-06T21:00:00+02:00,1786042800000,,2.10,2.10,G,,latest-months
162015,Luleå Sol,11,Global Irradians (svenska stationer),"medelvärde 1 timma, varje timme",watt per kvadratmeter,2026-08-06T20:00:00Z,2026-08-06T22:00:00+02:00,1786046400000,,1.50,1.50,G,,latest-months
162015,Luleå Sol,11,Global Irradians (svenska stationer),"medelvärde 1 timma, varje timme",watt per kvadratmeter,2026-08-06T21:00:00Z,2026-08-06T23:00:00+02:00,1786050000000,,0.28,0.28,G,,latest-months
162015,Luleå Sol,11,Global Irradians (svenska stationer),"medelvärde 1 timma, varje timme",watt per kvadratmeter,2026-08-06T22:00:00Z,2026-08-07T00:00:00+02:00,1786053600000,,0.00,0.00,G,,latest-months
162015,Luleå Sol,11,Global Irradians (svenska stationer),"medelvärde 1 timma, varje timme",watt per kvadratmeter,2026-08-06T23:00:00Z,2026-08-07T01:00:00+02:00,1786057200000,,0.00,0.00,G,,latest-months
162015,Luleå Sol,11,Global Irradians (svenska stationer),"medelvärde 1 timma, varje timme",watt per kvadratmeter,2026-08-07T00:00:00Z,2026-08-07T02:00:00+02:00,1786060800000,,0.00,0.00,G,,latest-months
162015,Luleå Sol,11,Global Irradians (svenska stationer),"medelvärde 1 timma, varje timme",watt per kvadratmeter,2026-08-07T01:00:00Z,2026-08-07T03:00:00+02:00,1786064400000,,0.80,0.80,G,,latest-months
162015,Luleå Sol,11,Global Irradians (svenska stationer),"medelvärde 1 timma, varje timme",watt per kvadratmeter,2026-08-07T02:00:00Z,2026-08-07T04:00:00+02:00,1786068000000,,1.09,1.09,G,,latest-months
162015,Luleå Sol,11,Global Irradians (svenska stationer),"medelvärde 1 timma, varje timme",watt per kvadratmeter,2026-08-07T03:00:00Z,2026-08-07T05:00:00+02:00,1786071600000,,3.89,3.89,G,,latest-months
162015,Luleå Sol,11,Global Irradians (svenska stationer),"medelvärde 1 timma, varje timme",watt per kvadratmeter,2026-08-07T04:00:00Z,2026-08-07T06:00:00+02:00,1786075200000,,16.04,16.04,G,,latest-months
162015,Luleå Sol,11,Global Irradians (svenska stationer),"medelvärde 1 timma, varje timme",watt per kvadratmeter,2026-08-07T05:00:00Z,2026-08-07T07:00:00+02:00,1786078800000,,29.76,29.76,G,,latest-months
162015,Luleå Sol,11,Global Irradians (svenska stationer),"medelvärde 1 timma, varje timme",watt per kvadratmeter,2026-08-07T06:00:00Z,2026-08-07T08:00:00+02:00,1786082400000,,46.24,46.24,G,,latest-months
162015,Luleå Sol,11,Global Irradians (svenska stationer),"medelvärde 1 timma, varje timme",watt per kvadratmeter,2026-08-07T07:00:00Z,2026-08-07T09:00:00+02:00,1786086000000,,80.84,80.84,G,,latest-months
162015,Luleå Sol,11,Global Irradians (svenska stationer),"medelvärde 1 timma, varje timme",watt per kvadratmeter,2026-08-07T08:00:00Z,2026-08-07T10:00:00+02:00,1786089600000,,71.84,71.84,G,,latest-months
162015,Luleå Sol,11,Global Irradians (svenska stationer),"medelvärde 1 timma, varje timme",watt per kvadratmeter,2026-08-07T09:00:00Z,2026-08-07T11:00:00+02:00,1786093200000,,79.45,79.45,G,,latest-months
162015,Luleå Sol,11,Global Irradians (svenska stationer),"medelvärde 1 timma, varje timme",watt per kvadratmeter,2026-08-07T10:00:00Z,2026-08-07T12:00:00+02:00,1786096800000,,62.16,62.16,G,,latest-months
162015,Luleå Sol,11,Global Irradians (svenska stationer),"medelvärde 1 timma, varje timme",watt per kvadratmeter,2026-08-07T11:00:00Z,2026-08-07T13:00:00+02:00,1786100400000,,66.06,66.06,G,,latest-months
162015,Luleå Sol,11,Global Irradians (svenska stationer),"medelvärde 1 timma, varje timme",watt per kvadratmeter,2026-08-07T12:00:00Z,2026-08-07T14:00:00+02:00,1786104000000,,61.37,61.37,G,,latest-months
162015,Luleå Sol,11,Global Irradians (svenska stationer),"medelvärde 1 timma, varje timme",watt per kvadratmeter,2026-08-07T13:00:00Z,2026-08-07T15:00:00+02:00,1786107600000,,50.21,50.21,G,,latest-months
162015,Luleå Sol,11,Global Irradians (svenska stationer),"medelvärde 1 timma, varje timme",watt per kvadratmeter,2026-08-07T14:00:00Z,2026-08-07T16:00:00+02:00,1786111200000,,50.45,50.45,G,,latest-months
162015,Luleå Sol,11,Global Irradians (svenska stationer),"medelvärde 1 timma, varje timme",watt per kvadratmeter,2026-08-07T15:00:00Z,2026-08-07T17:00:00+02:00,1786114800000,,29.18,29.18,G,,latest-months
162015,Luleå Sol,11,Global Irradians (svenska stationer),"medelvärde 1 timma, varje timme",watt per kvadratmeter,2026-08-07T16:00:00Z,2026-08-07T18:00:00+02:00,1786118400000,,15.28,15.28,G,,latest-months
162015,Luleå Sol,11,Global Irradians (svenska stationer),"medelvärde 1 timma, varje timme",watt per kvadratmeter,2026-08-07T17:00:00Z,2026-08-07T19:00:00+02:00,1786122000000,,8.90,8.90,G,,latest-months
162015,Luleå Sol,11,Global Irradians (svenska stationer),"medelvärde 1 timma, varje timme",watt per kvadratmeter,2026-08-07T18:00:00Z,2026-08-07T20:00:00+02:00,1786125600000,,3.30,3.30,G,,latest-months
162015,Luleå Sol,11,Global Irradians (svenska stationer),"medelvärde 1 timma, varje timme",watt per kvadratmeter,2026-08-07T19:00:00Z,2026-08-07T21:00:00+02:00,1786129200000,,0.91,0.91,G,,latest-months
162015,Luleå Sol,11,Global Irradians (svenska stationer),"medelvärde 1 timma, varje timme",watt per kvadratmeter,2026-08-07T20:00:00Z,2026-08-07T22:00:00+02:00,1786132800000,,0.14,0.14,G,,latest-months
162015,Luleå Sol,11,Global Irradians (svenska stationer),"medelvärde 1 timma, varje timme",watt per kvadratmeter,2026-08-07T21:00:00Z,2026-08-07T23:00:00+02:00,1786136400000,,0.09,0.09,G,,latest-months
162015,Luleå Sol,11,Global Irradians (svenska stationer),"medelvärde 1 timma, varje timme",watt per kvadratmeter,2026-08-07T22:00:00Z,2026-08-08T00:00:00+02:00,1786140000000,,0.00,0.00,G,,latest-months
162015,Luleå Sol,11,Global Irradians (svenska stationer),"medelvärde 1 timma, varje timme",watt per kvadratmeter,2026-08-07T23:00:00Z,2026-08-08T01:00:00+02:00,1786143600000,,0.00,0.00,G,,latest-months
162015,Luleå Sol,11,Global Irradians (svenska stationer),"medelvärde 1 timma, varje timme",watt per kvadratmeter,2026-08-08T00:00:00Z,2026-08-08T02:00:00+02:00,1786147200000,,0.00,0.00,G,,latest-months
162015,Luleå Sol,11,Global Irradians (svenska stationer),"medelvärde 1 timma, varje timme",watt per kvadratmeter,2026-08-08T01:00:00Z,2026-08-08T03:00:00+02:00,1786150800000,,0.39,0.39,G,,latest-months
162015,Luleå Sol,11,Global Irradians (svenska stationer),"medelvärde 1 timma, varje timme",watt per kvadratmeter,2026-08-08T02:00:00Z,2026-08-08T04:00:00+02:00,1786154400000,,0.69,0.69,G,,latest-months
162015,Luleå Sol,11,Global Irradians (svenska stationer),"medelvärde 1 timma, varje timme",watt per kvadratmeter,2026-08-08T03:00:00Z,2026-08-08T05:00:00+02:00,1786158000000,,2.27,2.27,G,,latest-months
162015,Luleå Sol,11,Global Irradians (svenska stationer),"medelvärde 1 timma, varje timme",watt per kvadratmeter,2026-08-08T04:00:00Z,2026-08-08T06:00:00+02:00,1786161600000,,15.27,15.27,G,,latest-months
162015,Luleå Sol,11,Global Irradians (svenska stationer),"medelvärde 1 timma, varje timme",watt per kvadratmeter,2026-08-08T05:00:00Z,2026-08-08T07:00:00+02:00,1786165200000,,22.04,22.04,G,,latest-months
162015,Luleå Sol,11,Global Irradians (svenska stationer),"medelvärde 1 timma, varje timme",watt per kvadratmeter,2026-08-08T06:00:00Z,2026-08-08T08:00:00+02:00,1786168800000,,27.56,27.56,G,,latest-months
162015,Luleå Sol,11,Global Irradians (svenska stationer),"medelvärde 1 timma, varje timme",watt per kvadratmeter,2026-08-08T07:00:00Z,2026-08-08T09:00:00+02:00,1786172400000,,27.27,27.27,G,,latest-months
162015,Luleå Sol,11,Global Irradians (svenska stationer),"medelvärde 1 timma, varje timme",watt per kvadratmeter,2026-08-08T08:00:00Z,2026-08-08T10:00:00+02:00,1786176000000,,49.64,49.64,G,,latest-months
162015,Luleå Sol,11,Global Irradians (svenska stationer),"medelvärde 1 timma, varje timme",watt per kvadratmeter,2026-08-08T09:00:00Z,2026-08-08T11:00:00+02:00,1786179600000,,125.76,125.76,G,,latest-months
162015,Luleå Sol,11,Global Irradians (svenska stationer),"medelvärde 1 timma, varje timme",watt per kvadratmeter,2026-08-08T10:00:00Z,2026-08-08T12:00:00+02:00,1786183200000,,138.40,138.40,G,,latest-months
162015,Luleå Sol,11,Global Irradians (svenska stationer),"medelvärde 1 timma, varje timme",watt per kvadratmeter,2026-08-08T11:00:00Z,2026-08-08T13:00:00+02:00,1786186800000,,139.72,139.72,G,,latest-months
162015,Luleå Sol,11,Global Irradians (svenska stationer),"medelvärde 1 timma, varje timme",watt per kvadratmeter,2026-08-08T12:00:00Z,2026-08-08T14:00:00+02:00,1786190400000,,123.46,123.46,G,,latest-months
162015,Luleå Sol,11,Global Irradians (svenska stationer),"medelvärde 1 timma, varje timme",watt per kvadratmeter,2026-08-08T13:00:00Z,2026-08-08T15:00:00+02:00,1786194000000,,149.29,149.29,G,,latest-months
162015,Luleå Sol,11,Global Irradians (svenska stationer),"medelvärde 1 timma, varje timme",watt per kvadratmeter,2026-08-08T14:00:00Z,2026-08-08T16:00:00+02:00,1786197600000,,163.18,163.18,G,,latest-months
162015,Luleå Sol,11,Global Irradians (svenska stationer),"medelvärde 1 timma, varje timme",watt per kvadratmeter,2026-08-08T15:00:00Z,2026-08-08T17:00:00+02:00,1786201200000,,324.23,324.23,G,,latest-months
162015,Luleå Sol,11,Global Irradians (svenska stationer),"medelvärde 1 timma, varje timme",watt per kvadratmeter,2026-08-08T16:00:00Z,2026-08-08T18:00:00+02:00,1786204800000,,328.80,328.80,G,,latest-months
162015,Luleå Sol,11,Global Irradians (svenska stationer),"medelvärde 1 timma, varje timme",watt per kvadratmeter,2026-08-08T17:00:00Z,2026-08-08T19:00:00+02:00,1786208400000,,234.26,234.26,G,,latest-months
162015,Luleå Sol,11,Global Irradians (svenska stationer),"medelvärde 1 timma, varje timme",watt per kvadratmeter,2026-08-08T18:00:00Z,2026-08-08T20:00:00+02:00,1786212000000,,118.14,118.14,G,,latest-months
162015,Luleå Sol,11,Global Irradians (svenska stationer),"medelvärde 1 timma, varje timme",watt per kvadratmeter,2026-08-08T19:00:00Z,2026-08-08T21:00:00+02:00,1786215600000,,37.51,37.51,G,,latest-months
162015,Luleå Sol,11,Global Irradians (svenska stationer),"medelvärde 1 timma, varje timme",watt per kvadratmeter,2026-08-08T20:00:00Z,2026-08-08T22:00:00+02:00,1786219200000,,4.47,4.47,G,,latest-months
162015,Luleå Sol,11,Global Irradians (svenska stationer),"medelvärde 1 timma, varje timme",watt per kvadratmeter,2026-08-08T21:00:00Z,2026-08-08T23:00:00+02:00,1786222800000,,0.26,0.26,G,,latest-months
162015,Luleå Sol,11,Global Irradians (svenska stationer),"medelvärde 1 timma, varje timme",watt per kvadratmeter,2026-08-08T22:00:00Z,2026-08-09T00:00:00+02:00,1786226400000,,0.00,0.00,G,,latest-months
162015,Luleå Sol,11,Global Irradians (svenska stationer),"medelvärde 1 timma, varje timme",watt per kvadratmeter,2026-08-08T23:00:00Z,2026-08-09T01:00:00+02:00,1786230000000,,0.00,0.00,G,,latest-months
162015,Luleå Sol,11,Global Irradians (svenska stationer),"medelvärde 1 timma, varje timme",watt per kvadratmeter,2026-08-09T00:00:00Z,2026-08-09T02:00:00+02:00,1786233600000,,0.00,0.00,G,,latest-months
162015,Luleå Sol,11,Global Irradians (svenska stationer),"medelvärde 1 timma, varje timme",watt per kvadratmeter,2026-08-09T01:00:00Z,2026-08-09T03:00:00+02:00,1786237200000,,0.02,0.02,G,,latest-months
162015,Luleå Sol,11,Global Irradians (svenska stationer),"medelvärde 1 timma, varje timme",watt per kvadratmeter,2026-08-09T02:00:00Z,2026-08-09T04:00:00+02:00,1786240800000,,3.74,3.74,G,,latest-months
162015,Luleå Sol,11,Global Irradians (svenska stationer),"medelvärde 1 timma, varje timme",watt per kvadratmeter,2026-08-09T03:00:00Z,2026-08-09T05:00:00+02:00,1786244400000,,37.31,37.31,G,,latest-months
162015,Luleå Sol,11,Global Irradians (svenska stationer),"medelvärde 1 timma, varje timme",watt per kvadratmeter,2026-08-09T04:00:00Z,2026-08-09T06:00:00+02:00,1786248000000,,91.47,91.47,G,,latest-months
162015,Luleå Sol,11,Global Irradians (svenska stationer),"medelvärde 1 timma, varje timme",watt per kvadratmeter,2026-08-09T05:00:00Z,2026-08-09T07:00:00+02:00,1786251600000,,140.90,140.90,G,,latest-months
162015,Luleå Sol,11,Global Irradians (svenska stationer),"medelvärde 1 timma, varje timme",watt per kvadratmeter,2026-08-09T06:00:00Z,2026-08-09T08:00:00+02:00,1786255200000,,197.22,197.22,G,,latest-months
162015,Luleå Sol,11,Global Irradians (svenska stationer),"medelvärde 1 timma, varje timme",watt per kvadratmeter,2026-08-09T07:00:00Z,2026-08-09T09:00:00+02:00,1786258800000,,190.85,190.85,G,,latest-months
162015,Luleå Sol,11,Global Irradians (svenska stationer),"medelvärde 1 timma, varje timme",watt per kvadratmeter,2026-08-09T08:00:00Z,2026-08-09T10:00:00+02:00,1786262400000,,264.20,264.20,G,,latest-months
162015,Luleå Sol,11,Global Irradians (svenska stationer),"medelvärde 1 timma, varje timme",watt per kvadratmeter,2026-08-09T09:00:00Z,2026-08-09T11:00:00+02:00,1786266000000,,521.50,521.50,G,,latest-months
162015,Luleå Sol,11,Global Irradians (svenska stationer),"medelvärde 1 timma, varje timme",watt per kvadratmeter,2026-08-09T10:00:00Z,2026-08-09T12:00:00+02:00,1786269600000,,433.04,433.04,G,,latest-months
162015,Luleå Sol,11,Global Irradians (svenska stationer),"medelvärde 1 timma, varje timme",watt per kvadratmeter,2026-08-09T11:00:00Z,2026-08-09T13:00:00+02:00,1786273200000,,592.15,592.15,G,,latest-months
162015,Luleå Sol,11,Global Irradians (svenska stationer),"medelvärde 1 timma, varje timme",watt per kvadratmeter,2026-08-09T12:00:00Z,2026-08-09T14:00:00+02:00,1786276800000,,534.04,534.04,G,,latest-months
162015,Luleå Sol,11,Global Irradians (svenska stationer),"medelvärde 1 timma, varje timme",watt per kvadratmeter,2026-08-09T13:00:00Z,2026-08-09T15:00:00+02:00,1786280400000,,535.66,535.66,G,,latest-months
162015,Luleå Sol,11,Global Irradians (svenska stationer),"medelvärde 1 timma, varje timme",watt per kvadratmeter,2026-08-09T14:00:00Z,2026-08-09T16:00:00+02:00,1786284000000,,425.31,425.31,G,,latest-months
162015,Luleå Sol,11,Global Irradians (svenska stationer),"medelvärde 1 timma, varje timme",watt per kvadratmeter,2026-08-09T15:00:00Z,2026-08-09T17:00:00+02:00,1786287600000,,243.71,243.71,G,,latest-months
162015,Luleå Sol,11,Global Irradians (svenska stationer),"medelvärde 1 timma, varje timme",watt per kvadratmeter,2026-08-09T16:00:00Z,2026-08-09T18:00:00+02:00,1786291200000,,116.41,116.41,G,,latest-months
162015,Luleå Sol,11,Global Irradians (svenska stationer),"medelvärde 1 timma, varje timme",watt per kvadratmeter,2026-08-09T17:00:00Z,2026-08-09T19:00:00+02:00,1786294800000,,63.08,63.08,G,,latest-months
162015,Luleå Sol,11,Global Irradians (svenska stationer),"medelvärde 1 timma, varje timme",watt per kvadratmeter,2026-08-09T18:00:00Z,2026-08-09T20:00:00+02:00,1786298400000,,31.37,31.37,G,,latest-months
162015,Luleå Sol,11,Global Irradians (svenska stationer),"medelvärde 1 timma, varje timme",watt per kvadratmeter,2026-08-09T19:00:00Z,2026-08-09T21:00:00+02:00,1786302000000,,10.78,10.78,G,,latest-months
162015,Luleå Sol,11,Global Irradians (svenska stationer),"medelvärde 1 timma, varje timme",watt per kvadratmeter,2026-08-09T20:00:00Z,2026-08-09T22:00:00+02:00,1786305600000,,1.59,1.59,G,,latest-months
162015,Luleå Sol,11,Global Irradians (svenska stationer),"medelvärde 1 timma, varje timme",watt per kvadratmeter,2026-08-09T21:00:00Z,2026-08-09T23:00:00+02:00,1786309200000,,0.15,0.15,G,,latest-months
162015,Luleå Sol,11,Global Irradians (svenska stationer),"medelvärde 1 timma, varje timme",watt per kvadratmeter,2026-08-09T22:00:00Z,2026-08-10T00:00:00+02:00,1786312800000,,0.00,0.00,G,,latest-months
162015,Luleå Sol,11,Global Irradians (svenska stationer),"medelvärde 1 timma, varje timme",watt per kvadratmeter,2026-08-09T23:00:00Z,2026-08-10T01:00:00+02:00,1786316400000,,0.00,0.00,G,,latest-months
162015,Luleå Sol,11,Global Irradians (svenska stationer),"medelvärde 1 timma, varje timme",watt per kvadratmeter,2026-08-10T00:00:00Z,2026-08-10T02:00:00+02:00,1786320000000,,0.00,0.00,G,,latest-months
162015,Luleå Sol,11,Global Irradians (svenska stationer),"medelvärde 1 timma, varje timme",watt per kvadratmeter,2026-08-10T01:00:00Z,2026-08-10T03:00:00+02:00,1786323600000,,0.00,0.00,G,,latest-months
162015,Luleå Sol,11,Global Irradians (svenska stationer),"medelvärde 1 timma, varje timme",watt per kvadratmeter,2026-08-10T02:00:00Z,2026-08-10T04:00:00+02:00,1786327200000,,0.27,0.27,G,,latest-months
162015,Luleå Sol,11,Global Irradians (svenska stationer),"medelvärde 1 timma, varje timme",watt per kvadratmeter,2026-08-10T03:00:00Z,2026-08-10T05:00:00+02:00,1786330800000,,9.75,9.75,G,,latest-months
162015,Luleå Sol,11,Global Irradians (svenska stationer),"medelvärde 1 timma, varje timme",watt per kvadratmeter,2026-08-10T04:00:00Z,2026-08-10T06:00:00+02:00,1786334400000,,27.00,27.00,G,,latest-months
162015,Luleå Sol,11,Global Irradians (svenska stationer),"medelvärde 1 timma, varje timme",watt per kvadratmeter,2026-08-10T05:00:00Z,2026-08-10T07:00:00+02:00,1786338000000,,28.86,28.86,G,,latest-months
162015,Luleå Sol,11,Global Irradians (svenska stationer),"medelvärde 1 timma, varje timme",watt per kvadratmeter,2026-08-10T06:00:00Z,2026-08-10T08:00:00+02:00,1786341600000,,69.43,69.43,G,,latest-months
162015,Luleå Sol,11,Global Irradians (svenska stationer),"medelvärde 1 timma, varje timme",watt per kvadratmeter,2026-08-10T07:00:00Z,2026-08-10T09:00:00+02:00,1786345200000,,34.86,34.86,G,,latest-months
162015,Luleå Sol,11,Global Irradians (svenska stationer),"medelvärde 1 timma, varje timme",watt per kvadratmeter,2026-08-10T08:00:00Z,2026-08-10T10:00:00+02:00,1786348800000,,117.20,117.20,G,,latest-months
162015,Luleå Sol,11,Global Irradians (svenska stationer),"medelvärde 1 timma, varje timme",watt per kvadratmeter,2026-08-10T09:00:00Z,2026-08-10T11:00:00+02:00,1786352400000,,77.16,77.16,G,,latest-months
162015,Luleå Sol,11,Global Irradians (svenska stationer),"medelvärde 1 timma, varje timme",watt per kvadratmeter,2026-08-10T10:00:00Z,2026-08-10T12:00:00+02:00,1786356000000,,85.64,85.64,G,,latest-months
162015,Luleå Sol,11,Global Irradians (svenska stationer),"medelvärde 1 timma, varje timme",watt per kvadratmeter,2026-08-10T11:00:00Z,2026-08-10T13:00:00+02:00,1786359600000,,89.53,89.53,G,,latest-months
162015,Luleå Sol,11,Global Irradians (svenska stationer),"medelvärde 1 timma, varje timme",watt per kvadratmeter,2026-08-10T12:00:00Z,2026-08-10T14:00:00+02:00,1786363200000,,66.72,66.72,G,,latest-months
162015,Luleå Sol,11,Global Irradians (svenska stationer),"medelvärde 1 timma, varje timme",watt per kvadratmeter,2026-08-10T13:00:00Z,2026-08-10T15:00:00+02:00,1786366800000,,36.43,36.43,G,,latest-months
162015,Luleå Sol,11,Global Irradians (svenska stationer),"medelvärde 1 timma, varje timme",watt per kvadratmeter,2026-08-10T14:00:00Z,2026-08-10T16:00:00+02:00,1786370400000,,25.09,25.09,G,,latest-months
162015,Luleå Sol,11,Global Irradians (svenska stationer),"medelvärde 1 timma, varje timme",watt per kvadratmeter,2026-08-10T15:00:00Z,2026-08-10T17:00:00+02:00,1786374000000,,42.10,42.10,G,,latest-months
162015,Luleå Sol,11,Global Irradians (svenska stationer),"medelvärde 1 timma, varje timme",watt per kvadratmeter,2026-08-10T16:00:00Z,2026-08-10T18:00:00+02:00,1786377600000,,40.92,40.92,G,,latest-months
162015,Luleå Sol,11,Global Irradians (svenska stationer),"medelvärde 1 timma, varje timme",watt per kvadratmeter,2026-08-10T17:00:00Z,2026-08-10T19:00:00+02:00,1786381200000,,28.79,28.79,G,,latest-months
162015,Luleå Sol,11,Global Irradians (svenska stationer),"medelvärde 1 timma, varje timme",watt per kvadratmeter,2026-08-10T18:00:00Z,2026-08-10T20:00:00+02:00,1786384800000,,27.11,27.11,G,,latest-months
162015,Luleå Sol,11,Global Irradians (svenska stationer),"medelvärde 1 timma, varje timme",watt per kvadratmeter,2026-08-10T19:00:00Z,2026-08-10T21:00:00+02:00,1786388400000,,11.77,11.77,G,,latest-months
162015,Luleå Sol,11,Global Irradians (svenska stationer),"medelvärde 1 timma, varje timme",watt per kvadratmeter,2026-08-10T20:00:00Z,2026-08-10T22:00:00+02:00,1786392000000,,2.45,2.45,G,,latest-months
162015,Luleå Sol,11,Global Irradians (svenska stationer),"medelvärde 1 timma, varje timme",watt per kvadratmeter,2026-08-10T21:00:00Z,2026-08-10T23:00:00+02:00,1786395600000,,0.36,0.36,G,,latest-months
162015,Luleå Sol,11,Global Irradians (svenska stationer),"medelvärde 1 timma, varje timme",watt per kvadratmeter,2026-08-10T22:00:00Z,2026-08-11T00:00:00+02:00,1786399200000,,0.00,0.00,G,,latest-months
162015,Luleå Sol,11,Global Irradians (svenska stationer),"medelvärde 1 timma, varje timme",watt per kvadratmeter,2026-08-10T23:00:00Z,2026-08-11T01:00:00+02:00,1786402800000,,0.00,0.00,G,,latest-months
162015,Luleå Sol,11,Global Irradians (svenska stationer),"medelvärde 1 timma, varje timme",watt per kvadratmeter,2026-08-11T00:00:00Z,2026-08-11T02:00:00+02:00,1786406400000,,0.00,0.00,G,,latest-months
162015,Luleå Sol,11,Global Irradians (svenska stationer),"medelvärde 1 timma, varje timme",watt per kvadratmeter,2026-08-11T01:00:00Z,2026-08-11T03:00:00+02:00,1786410000000,,0.17,0.17,G,,latest-months
162015,Luleå Sol,11,Global Irradians (svenska stationer),"medelvärde 1 timma, varje timme",watt per kvadratmeter,2026-08-11T02:00:00Z,2026-08-11T04:00:00+02:00,1786413600000,,0.70,0.70,G,,latest-months
162015,Luleå Sol,11,Global Irradians (svenska stationer),"medelvärde 1 timma, varje timme",watt per kvadratmeter,2026-08-11T03:00:00Z,2026-08-11T05:00:00+02:00,1786417200000,,4.97,4.97,G,,latest-months
162015,Luleå Sol,11,Global Irradians (svenska stationer),"medelvärde 1 timma, varje timme",watt per kvadratmeter,2026-08-11T04:00:00Z,2026-08-11T06:00:00+02:00,1786420800000,,19.14,19.14,G,,latest-months
162015,Luleå Sol,11,Global Irradians (svenska stationer),"medelvärde 1 timma, varje timme",watt per kvadratmeter,2026-08-11T05:00:00Z,2026-08-11T07:00:00+02:00,1786424400000,,56.80,56.80,G,,latest-months
162015,Luleå Sol,11,Global Irradians (svenska stationer),"medelvärde 1 timma, varje timme",watt per kvadratmeter,2026-08-11T06:00:00Z,2026-08-11T08:00:00+02:00,1786428000000,,118.62,118.62,G,,latest-months
162015,Luleå Sol,11,Global Irradians (svenska stationer),"medelvärde 1 timma, varje timme",watt per kvadratmeter,2026-08-11T07:00:00Z,2026-08-11T09:00:00+02:00,1786431600000,,224.57,224.57,G,,latest-months
162015,Luleå Sol,11,Global Irradians (svenska stationer),"medelvärde 1 timma, varje timme",watt per kvadratmeter,2026-08-11T08:00:00Z,2026-08-11T10:00:00+02:00,1786435200000,,537.90,537.90,G,,latest-months
162015,Luleå Sol,11,Global Irradians (svenska stationer),"medelvärde 1 timma, varje timme",watt per kvadratmeter,2026-08-11T09:00:00Z,2026-08-11T11:00:00+02:00,1786438800000,,557.65,557.65,G,,latest-months
162015,Luleå Sol,11,Global Irradians (svenska stationer),"medelvärde 1 timma, varje timme",watt per kvadratmeter,2026-08-11T10:00:00Z,2026-08-11T12:00:00+02:00,1786442400000,,639.54,639.54,G,,latest-months
162015,Luleå Sol,11,Global Irradians (svenska stationer),"medelvärde 1 timma, varje timme",watt per kvadratmeter,2026-08-11T11:00:00Z,2026-08-11T13:00:00+02:00,1786446000000,,579.43,579.43,G,,latest-months
162015,Luleå Sol,11,Global Irradians (svenska stationer),"medelvärde 1 timma, varje timme",watt per kvadratmeter,2026-08-11T12:00:00Z,2026-08-11T14:00:00+02:00,1786449600000,,512.38,512.38,G,,latest-months
162015,Luleå Sol,11,Global Irradians (svenska stationer),"medelvärde 1 timma, varje timme",watt per kvadratmeter,2026-08-11T13:00:00Z,2026-08-11T15:00:00+02:00,1786453200000,,466.21,466.21,G,,latest-months
162015,Luleå Sol,11,Global Irradians (svenska stationer),"medelvärde 1 timma, varje timme",watt per kvadratmeter,2026-08-11T14:00:00Z,2026-08-11T16:00:00+02:00,1786456800000,,380.81,380.81,G,,latest-months
162015,Luleå Sol,11,Global Irradians (svenska stationer),"medelvärde 1 timma, varje timme",watt per kvadratmeter,2026-08-11T15:00:00Z,2026-08-11T17:00:00+02:00,1786460400000,,432.57,432.57,G,,latest-months
162015,Luleå Sol,11,Global Irradians (svenska stationer),"medelvärde 1 timma, varje timme",watt per kvadratmeter,2026-08-11T16:00:00Z,2026-08-11T18:00:00+02:00,1786464000000,,264.29,264.29,G,,latest-months
162015,Luleå Sol,11,Global Irradians (svenska stationer),"medelvärde 1 timma, varje timme",watt per kvadratmeter,2026-08-11T17:00:00Z,2026-08-11T19:00:00+02:00,1786467600000,,110.21,110.21,G,,latest-months
162015,Luleå Sol,11,Global Irradians (svenska stationer),"medelvärde 1 timma, varje timme",watt per kvadratmeter,2026-08-11T18:00:00Z,2026-08-11T20:00:00+02:00,1786471200000,,96.93,96.93,G,,latest-months
162015,Luleå Sol,11,Global Irradians (svenska stationer),"medelvärde 1 timma, varje timme",watt per kvadratmeter,2026-08-11T19:00:00Z,2026-08-11T21:00:00+02:00,1786474800000,,36.60,36.60,G,,latest-months
162015,Luleå Sol,11,Global Irradians (svenska stationer),"medelvärde 1 timma, varje timme",watt per kvadratmeter,2026-08-11T20:00:00Z,2026-08-11T22:00:00+02:00,1786478400000,,1.31,1.31,G,,latest-months
162015,Luleå Sol,11,Global Irradians (svenska stationer),"medelvärde 1 timma, varje timme",watt per kvadratmeter,2026-08-11T21:00:00Z,2026-08-11T23:00:00+02:00,1786482000000,,0.06,0.06,G,,latest-months
162015,Luleå Sol,11,Global Irradians (svenska stationer),"medelvärde 1 timma, varje timme",watt per kvadratmeter,2026-08-11T22:00:00Z,2026-08-12T00:00:00+02:00,1786485600000,,0.00,0.00,G,,latest-months
162015,Luleå Sol,11,Global Irradians (svenska stationer),"medelvärde 1 timma, varje timme",watt per kvadratmeter,2026-08-11T23:00:00Z,2026-08-12T01:00:00+02:00,1786489200000,,0.00,0.00,G,,latest-months
162015,Luleå Sol,11,Global Irradians (svenska stationer),"medelvärde 1 timma, varje timme",watt per kvadratmeter,2026-08-12T00:00:00Z,2026-08-12T02:00:00+02:00,1786492800000,,0.00,0.00,G,,latest-months
162015,Luleå Sol,11,Global Irradians (svenska stationer),"medelvärde 1 timma, varje timme",watt per kvadratmeter,2026-08-12T01:00:00Z,2026-08-12T03:00:00+02:00,1786496400000,,0.20,0.20,G,,latest-months
162015,Luleå Sol,11,Global Irradians (svenska stationer),"medelvärde 1 timma, varje timme",watt per kvadratmeter,2026-08-12T02:00:00Z,2026-08-12T04:00:00+02:00,1786500000000,,1.20,1.20,G,,latest-months
162015,Luleå Sol,11,Global Irradians (svenska stationer),"medelvärde 1 timma, varje timme",watt per kvadratmeter,2026-08-12T03:00:00Z,2026-08-12T05:00:00+02:00,1786503600000,,7.74,7.74,G,,latest-months
162015,Luleå Sol,11,Global Irradians (svenska stationer),"medelvärde 1 timma, varje timme",watt per kvadratmeter,2026-08-12T04:00:00Z,2026-08-12T06:00:00+02:00,1786507200000,,41.47,41.47,G,,latest-months
162015,Luleå Sol,11,Global Irradians (svenska stationer),"medelvärde 1 timma, varje timme",watt per kvadratmeter,2026-08-12T05:00:00Z,2026-08-12T07:00:00+02:00,1786510800000,,93.40,93.40,G,,latest-months
162015,Luleå Sol,11,Global Irradians (svenska stationer),"medelvärde 1 timma, varje timme",watt per kvadratmeter,2026-08-12T06:00:00Z,2026-08-12T08:00:00+02:00,1786514400000,,141.70,141.70,G,,latest-months
162015,Luleå Sol,11,Global Irradians (svenska stationer),"medelvärde 1 timma, varje timme",watt per kvadratmeter,2026-08-12T07:00:00Z,2026-08-12T09:00:00+02:00,1786518000000,,200.29,200.29,G,,latest-months
162015,Luleå Sol,11,Global Irradians (svenska stationer),"medelvärde 1 timma, varje timme",watt per kvadratmeter,2026-08-12T08:00:00Z,2026-08-12T10:00:00+02:00,1786521600000,,158.53,158.53,G,,latest-months
162015,Luleå Sol,11,Global Irradians (svenska stationer),"medelvärde 1 timma, varje timme",watt per kvadratmeter,2026-08-12T09:00:00Z,2026-08-12T11:00:00+02:00,1786525200000,,390.86,390.86,G,,latest-months
162015,Luleå Sol,11,Global Irradians (svenska stationer),"medelvärde 1 timma, varje timme",watt per kvadratmeter,2026-08-12T10:00:00Z,2026-08-12T12:00:00+02:00,1786528800000,,535.14,535.14,G,,latest-months
162015,Luleå Sol,11,Global Irradians (svenska stationer),"medelvärde 1 timma, varje timme",watt per kvadratmeter,2026-08-12T11:00:00Z,2026-08-12T13:00:00+02:00,1786532400000,,508.97,508.97,G,,latest-months
162015,Luleå Sol,11,Global Irradians (svenska stationer),"medelvärde 1 timma, varje timme",watt per kvadratmeter,2026-08-12T12:00:00Z,2026-08-12T14:00:00+02:00,1786536000000,,564.71,564.71,G,,latest-months
162015,Luleå Sol,11,Global Irradians (svenska stationer),"medelvärde 1 timma, varje timme",watt per kvadratmeter,2026-08-12T13:00:00Z,2026-08-12T15:00:00+02:00,1786539600000,,593.34,593.34,G,,latest-months
162015,Luleå Sol,11,Global Irradians (svenska stationer),"medelvärde 1 timma, varje timme",watt per kvadratmeter,2026-08-12T14:00:00Z,2026-08-12T16:00:00+02:00,1786543200000,,452.64,452.64,G,,latest-months
162015,Luleå Sol,11,Global Irradians (svenska stationer),"medelvärde 1 timma, varje timme",watt per kvadratmeter,2026-08-12T15:00:00Z,2026-08-12T17:00:00+02:00,1786546800000,,340.36,340.36,G,,latest-months
162015,Luleå Sol,11,Global Irradians (svenska stationer),"medelvärde 1 timma, varje timme",watt per kvadratmeter,2026-08-12T16:00:00Z,2026-08-12T18:00:00+02:00,1786550400000,,292.01,292.01,G,,latest-months
162015,Luleå Sol,11,Global Irradians (svenska stationer),"medelvärde 1 timma, varje timme",watt per kvadratmeter,2026-08-12T17:00:00Z,2026-08-12T19:00:00+02:00,1786554000000,,202.47,202.47,G,,latest-months
162015,Luleå Sol,11,Global Irradians (svenska stationer),"medelvärde 1 timma, varje timme",watt per kvadratmeter,2026-08-12T18:00:00Z,2026-08-12T20:00:00+02:00,1786557600000,,52.79,52.79,G,,latest-months
162015,Luleå Sol,11,Global Irradians (svenska stationer),"medelvärde 1 timma, varje timme",watt per kvadratmeter,2026-08-12T19:00:00Z,2026-08-12T21:00:00+02:00,1786561200000,,20.70,20.70,G,,latest-months
162015,Luleå Sol,11,Global Irradians (svenska stationer),"medelvärde 1 timma, varje timme",watt per kvadratmeter,2026-08-12T20:00:00Z,2026-08-12T22:00:00+02:00,1786564800000,,2.01,2.01,G,,latest-months
162015,Luleå Sol,11,Global Irradians (svenska stationer),"medelvärde 1 timma, varje timme",watt per kvadratmeter,2026-08-12T21:00:00Z,2026-08-12T23:00:00+02:00,1786568400000,,0.01,0.01,G,,latest-months
162015,Luleå Sol,11,Global Irradians (svenska stationer),"medelvärde 1 timma, varje timme",watt per kvadratmeter,2026-08-12T22:00:00Z,2026-08-13T00:00:00+02:00,1786572000000,,0.00,0.00,G,,latest-months
162015,Luleå Sol,11,Global Irradians (svenska stationer),"medelvärde 1 timma, varje timme",watt per kvadratmeter,2026-08-12T23:00:00Z,2026-08-13T01:00:00+02:00,1786575600000,,0.00,0.00,G,,latest-months
162015,Luleå Sol,11,Global Irradians (svenska stationer),"medelvärde 1 timma, varje timme",watt per kvadratmeter,2026-08-13T00:00:00Z,2026-08-13T02:00:00+02:00,1786579200000,,0.00,0.00,G,,latest-months
162015,Luleå Sol,11,Global Irradians (svenska stationer),"medelvärde 1 timma, varje timme",watt per kvadratmeter,2026-08-13T01:00:00Z,2026-08-13T03:00:00+02:00,1786582800000,,0.00,0.00,G,,latest-months
162015,Luleå Sol,11,Global Irradians (svenska stationer),"medelvärde 1 timma, varje timme",watt per kvadratmeter,2026-08-13T02:00:00Z,2026-08-13T04:00:00+02:00,1786586400000,,0.53,0.53,G,,latest-months
162015,Luleå Sol,11,Global Irradians (svenska stationer),"medelvärde 1 timma, varje timme",watt per kvadratmeter,2026-08-13T03:00:00Z,2026-08-13T05:00:00+02:00,1786590000000,,19.10,19.10,G,,latest-months
162015,Luleå Sol,11,Global Irradians (svenska stationer),"medelvärde 1 timma, varje timme",watt per kvadratmeter,2026-08-13T04:00:00Z,2026-08-13T06:00:00+02:00,1786593600000,,102.81,102.81,G,,latest-months
162015,Luleå Sol,11,Global Irradians (svenska stationer),"medelvärde 1 timma, varje timme",watt per kvadratmeter,2026-08-13T05:00:00Z,2026-08-13T07:00:00+02:00,1786597200000,,191.20,191.20,G,,latest-months
162015,Luleå Sol,11,Global Irradians (svenska stationer),"medelvärde 1 timma, varje timme",watt per kvadratmeter,2026-08-13T06:00:00Z,2026-08-13T08:00:00+02:00,1786600800000,,280.73,280.73,G,,latest-months
162015,Luleå Sol,11,Global Irradians (svenska stationer),"medelvärde 1 timma, varje timme",watt per kvadratmeter,2026-08-13T07:00:00Z,2026-08-13T09:00:00+02:00,1786604400000,,376.79,376.79,G,,latest-months
162015,Luleå Sol,11,Global Irradians (svenska stationer),"medelvärde 1 timma, varje timme",watt per kvadratmeter,2026-08-13T08:00:00Z,2026-08-13T10:00:00+02:00,1786608000000,,470.72,470.72,G,,latest-months
162015,Luleå Sol,11,Global Irradians (svenska stationer),"medelvärde 1 timma, varje timme",watt per kvadratmeter,2026-08-13T09:00:00Z,2026-08-13T11:00:00+02:00,1786611600000,,508.16,508.16,G,,latest-months
162015,Luleå Sol,11,Global Irradians (svenska stationer),"medelvärde 1 timma, varje timme",watt per kvadratmeter,2026-08-13T10:00:00Z,2026-08-13T12:00:00+02:00,1786615200000,,429.25,429.25,G,,latest-months
162015,Luleå Sol,11,Global Irradians (svenska stationer),"medelvärde 1 timma, varje timme",watt per kvadratmeter,2026-08-13T11:00:00Z,2026-08-13T13:00:00+02:00,1786618800000,,382.93,382.93,G,,latest-months
162015,Luleå Sol,11,Global Irradians (svenska stationer),"medelvärde 1 timma, varje timme",watt per kvadratmeter,2026-08-13T12:00:00Z,2026-08-13T14:00:00+02:00,1786622400000,,375.87,375.87,G,,latest-months
162015,Luleå Sol,11,Global Irradians (svenska stationer),"medelvärde 1 timma, varje timme",watt per kvadratmeter,2026-08-13T13:00:00Z,2026-08-13T15:00:00+02:00,1786626000000,,419.60,419.60,G,,latest-months
162015,Luleå Sol,11,Global Irradians (svenska stationer),"medelvärde 1 timma, varje timme",watt per kvadratmeter,2026-08-13T14:00:00Z,2026-08-13T16:00:00+02:00,1786629600000,,499.12,499.12,G,,latest-months
162015,Luleå Sol,11,Global Irradians (svenska stationer),"medelvärde 1 timma, varje timme",watt per kvadratmeter,2026-08-13T15:00:00Z,2026-08-13T17:00:00+02:00,1786633200000,,429.59,429.59,G,,latest-months
162015,Luleå Sol,11,Global Irradians (svenska stationer),"medelvärde 1 timma, varje timme",watt per kvadratmeter,2026-08-13T16:00:00Z,2026-08-13T18:00:00+02:00,1786636800000,,267.37,267.37,G,,latest-months
162015,Luleå Sol,11,Global Irradians (svenska stationer),"medelvärde 1 timma, varje timme",watt per kvadratmeter,2026-08-13T17:00:00Z,2026-08-13T19:00:00+02:00,1786640400000,,103.94,103.94,G,,latest-months
162015,Luleå Sol,11,Global Irradians (svenska stationer),"medelvärde 1 timma, varje timme",watt per kvadratmeter,2026-08-13T18:00:00Z,2026-08-13T20:00:00+02:00,1786644000000,,27.71,27.71,G,,latest-months
162015,Luleå Sol,11,Global Irradians (svenska stationer),"medelvärde 1 timma, varje timme",watt per kvadratmeter,2026-08-13T19:00:00Z,2026-08-13T21:00:00+02:00,1786647600000,,11.66,11.66,G,,latest-months
162015,Luleå Sol,11,Global Irradians (svenska stationer),"medelvärde 1 timma, varje timme",watt per kvadratmeter,2026-08-13T20:00:00Z,2026-08-13T22:00:00+02:00,1786651200000,,0.65,0.65,G,,latest-months
162015,Luleå Sol,11,Global Irradians (svenska stationer),"medelvärde 1 timma, varje timme",watt per kvadratmeter,2026-08-13T21:00:00Z,2026-08-13T23:00:00+02:00,1786654800000,,0.00,0.00,G,,latest-months
162015,Luleå Sol,11,Global Irradians (svenska stationer),"medelvärde 1 timma, varje timme",watt per kvadratmeter,2026-08-13T22:00:00Z,2026-08-14T00:00:00+02:00,1786658400000,,0.00,0.00,G,,latest-months
162015,Luleå Sol,11,Global Irradians (svenska stationer),"medelvärde 1 timma, varje timme",watt per kvadratmeter,2026-08-13T23:00:00Z,2026-08-14T01:00:00+02:00,1786662000000,,0.00,0.00,G,,latest-months
162015,Luleå Sol,11,Global Irradians (svenska stationer),"medelvärde 1 timma, varje timme",watt per kvadratmeter,2026-08-14T00:00:00Z,2026-08-14T02:00:00+02:00,1786665600000,,0.00,0.00,G,,latest-months
162015,Luleå Sol,11,Global Irradians (svenska stationer),"medelvärde 1 timma, varje timme",watt per kvadratmeter,2026-08-14T01:00:00Z,2026-08-14T03:00:00+02:00,1786669200000,,0.00,0.00,G,,latest-months
162015,Luleå Sol,11,Global Irradians (svenska stationer),"medelvärde 1 timma, varje timme",watt per kvadratmeter,2026-08-14T02:00:00Z,2026-08-14T04:00:00+02:00,1786672800000,,0.22,0.22,G,,latest-months
162015,Luleå Sol,11,Global Irradians (svenska stationer),"medelvärde 1 timma, varje timme",watt per kvadratmeter,2026-08-14T03:00:00Z,2026-08-14T05:00:00+02:00,1786676400000,,11.37,11.37,G,,latest-months
162015,Luleå Sol,11,Global Irradians (svenska stationer),"medelvärde 1 timma, varje timme",watt per kvadratmeter,2026-08-14T04:00:00Z,2026-08-14T06:00:00+02:00,1786680000000,,40.29,40.29,G,,latest-months
162015,Luleå Sol,11,Global Irradians (svenska stationer),"medelvärde 1 timma, varje timme",watt per kvadratmeter,2026-08-14T05:00:00Z,2026-08-14T07:00:00+02:00,1786683600000,,54.48,54.48,G,,latest-months
162015,Luleå Sol,11,Global Irradians (svenska stationer),"medelvärde 1 timma, varje timme",watt per kvadratmeter,2026-08-14T06:00:00Z,2026-08-14T08:00:00+02:00,1786687200000,,109.70,109.70,G,,latest-months
162015,Luleå Sol,11,Global Irradians (svenska stationer),"medelvärde 1 timma, varje timme",watt per kvadratmeter,2026-08-14T07:00:00Z,2026-08-14T09:00:00+02:00,1786690800000,,107.94,107.94,G,,latest-months
162015,Luleå Sol,11,Global Irradians (svenska stationer),"medelvärde 1 timma, varje timme",watt per kvadratmeter,2026-08-14T08:00:00Z,2026-08-14T10:00:00+02:00,1786694400000,,389.41,389.41,G,,latest-months
162015,Luleå Sol,11,Global Irradians (svenska stationer),"medelvärde 1 timma, varje timme",watt per kvadratmeter,2026-08-14T09:00:00Z,2026-08-14T11:00:00+02:00,1786698000000,,355.39,355.39,G,,latest-months
162015,Luleå Sol,11,Global Irradians (svenska stationer),"medelvärde 1 timma, varje timme",watt per kvadratmeter,2026-08-14T10:00:00Z,2026-08-14T12:00:00+02:00,1786701600000,,228.25,228.25,G,,latest-months
162015,Luleå Sol,11,Global Irradians (svenska stationer),"medelvärde 1 timma, varje timme",watt per kvadratmeter,2026-08-14T11:00:00Z,2026-08-14T13:00:00+02:00,1786705200000,,102.95,102.95,G,,latest-months
162015,Luleå Sol,11,Global Irradians (svenska stationer),"medelvärde 1 timma, varje timme",watt per kvadratmeter,2026-08-14T12:00:00Z,2026-08-14T14:00:00+02:00,1786708800000,,117.91,117.91,G,,latest-months
162015,Luleå Sol,11,Global Irradians (svenska stationer),"medelvärde 1 timma, varje timme",watt per kvadratmeter,2026-08-14T13:00:00Z,2026-08-14T15:00:00+02:00,1786712400000,,114.64,114.64,G,,latest-months
162015,Luleå Sol,11,Global Irradians (svenska stationer),"medelvärde 1 timma, varje timme",watt per kvadratmeter,2026-08-14T14:00:00Z,2026-08-14T16:00:00+02:00,1786716000000,,77.62,77.62,G,,latest-months
162015,Luleå Sol,11,Global Irradians (svenska stationer),"medelvärde 1 timma, varje timme",watt per kvadratmeter,2026-08-14T15:00:00Z,2026-08-14T17:00:00+02:00,1786719600000,,129.80,129.80,G,,latest-months
162015,Luleå Sol,11,Global Irradians (svenska stationer),"medelvärde 1 timma, varje timme",watt per kvadratmeter,2026-08-14T16:00:00Z,2026-08-14T18:00:00+02:00,1786723200000,,70.06,70.06,G,,latest-months
162015,Luleå Sol,11,Global Irradians (svenska stationer),"medelvärde 1 timma, varje timme",watt per kvadratmeter,2026-08-14T17:00:00Z,2026-08-14T19:00:00+02:00,1786726800000,,14.53,14.53,G,,latest-months
162015,Luleå Sol,11,Global Irradians (svenska stationer),"medelvärde 1 timma, varje timme",watt per kvadratmeter,2026-08-14T18:00:00Z,2026-08-14T20:00:00+02:00,1786730400000,,9.00,9.00,G,,latest-months
162015,Luleå Sol,11,Global Irradians (svenska stationer),"medelvärde 1 timma, varje timme",watt per kvadratmeter,2026-08-14T19:00:00Z,2026-08-14T21:00:00+02:00,1786734000000,,0.48,0.48,G,,latest-months
162015,Luleå Sol,11,Global Irradians (svenska stationer),"medelvärde 1 timma, varje timme",watt per kvadratmeter,2026-08-14T20:00:00Z,2026-08-14T22:00:00+02:00,1786737600000,,0.00,0.00,G,,latest-months
162015,Luleå Sol,11,Global Irradians (svenska stationer),"medelvärde 1 timma, varje timme",watt per kvadratmeter,2026-08-14T21:00:00Z,2026-08-14T23:00:00+02:00,1786741200000,,0.06,0.06,G,,latest-months
162015,Luleå Sol,11,Global Irradians (svenska stationer),"medelvärde 1 timma, varje timme",watt per kvadratmeter,2026-08-14T22:00:00Z,2026-08-15T00:00:00+02:00,1786744800000,,0.00,0.00,G,,latest-months
162015,Luleå Sol,11,Global Irradians (svenska stationer),"medelvärde 1 timma, varje timme",watt per kvadratmeter,2026-08-14T23:00:00Z,2026-08-15T01:00:00+02:00,1786748400000,,0.00,0.00,G,,latest-months
162015,Luleå Sol,11,Global Irradians (svenska stationer),"medelvärde 1 timma, varje timme",watt per kvadratmeter,2026-08-15T00:00:00Z,2026-08-15T02:00:00+02:00,1786752000000,,0.00,0.00,G,,latest-months
162015,Luleå Sol,11,Global Irradians (svenska stationer),"medelvärde 1 timma, varje timme",watt per kvadratmeter,2026-08-15T01:00:00Z,2026-08-15T03:00:00+02:00,1786755600000,,0.02,0.02,G,,latest-months
162015,Luleå Sol,11,Global Irradians (svenska stationer),"medelvärde 1 timma, varje timme",watt per kvadratmeter,2026-08-15T02:00:00Z,2026-08-15T04:00:00+02:00,1786759200000,,0.64,0.64,G,,latest-months
162015,Luleå Sol,11,Global Irradians (svenska stationer),"medelvärde 1 timma, varje timme",watt per kvadratmeter,2026-08-15T03:00:00Z,2026-08-15T05:00:00+02:00,1786762800000,,5.06,5.06,G,,latest-months
162015,Luleå Sol,11,Global Irradians (svenska stationer),"medelvärde 1 timma, varje timme",watt per kvadratmeter,2026-08-15T04:00:00Z,2026-08-15T06:00:00+02:00,1786766400000,,47.90,47.90,G,,latest-months
162015,Luleå Sol,11,Global Irradians (svenska stationer),"medelvärde 1 timma, varje timme",watt per kvadratmeter,2026-08-15T05:00:00Z,2026-08-15T07:00:00+02:00,1786770000000,,99.24,99.24,G,,latest-months
162015,Luleå Sol,11,Global Irradians (svenska stationer),"medelvärde 1 timma, varje timme",watt per kvadratmeter,2026-08-15T06:00:00Z,2026-08-15T08:00:00+02:00,1786773600000,,201.40,201.40,G,,latest-months
162015,Luleå Sol,11,Global Irradians (svenska stationer),"medelvärde 1 timma, varje timme",watt per kvadratmeter,2026-08-15T07:00:00Z,2026-08-15T09:00:00+02:00,1786777200000,,216.98,216.98,G,,latest-months
162015,Luleå Sol,11,Global Irradians (svenska stationer),"medelvärde 1 timma, varje timme",watt per kvadratmeter,2026-08-15T08:00:00Z,2026-08-15T10:00:00+02:00,1786780800000,,189.52,189.52,G,,latest-months
162015,Luleå Sol,11,Global Irradians (svenska stationer),"medelvärde 1 timma, varje timme",watt per kvadratmeter,2026-08-15T09:00:00Z,2026-08-15T11:00:00+02:00,1786784400000,,418.94,418.94,G,,latest-months
162015,Luleå Sol,11,Global Irradians (svenska stationer),"medelvärde 1 timma, varje timme",watt per kvadratmeter,2026-08-15T10:00:00Z,2026-08-15T12:00:00+02:00,1786788000000,,567.77,567.77,G,,latest-months
162015,Luleå Sol,11,Global Irradians (svenska stationer),"medelvärde 1 timma, varje timme",watt per kvadratmeter,2026-08-15T11:00:00Z,2026-08-15T13:00:00+02:00,1786791600000,,368.02,368.02,G,,latest-months
162015,Luleå Sol,11,Global Irradians (svenska stationer),"medelvärde 1 timma, varje timme",watt per kvadratmeter,2026-08-15T12:00:00Z,2026-08-15T14:00:00+02:00,1786795200000,,271.28,271.28,G,,latest-months
162015,Luleå Sol,11,Global Irradians (svenska stationer),"medelvärde 1 timma, varje timme",watt per kvadratmeter,2026-08-15T13:00:00Z,2026-08-15T15:00:00+02:00,1786798800000,,150.92,150.92,G,,latest-months
162015,Luleå Sol,11,Global Irradians (svenska stationer),"medelvärde 1 timma, varje timme",watt per kvadratmeter,2026-08-15T14:00:00Z,2026-08-15T16:00:00+02:00,1786802400000,,236.68,236.68,G,,latest-months
162015,Luleå Sol,11,Global Irradians (svenska stationer),"medelvärde 1 timma, varje timme",watt per kvadratmeter,2026-08-15T15:00:00Z,2026-08-15T17:00:00+02:00,1786806000000,,156.88,156.88,G,,latest-months
162015,Luleå Sol,11,Global Irradians (svenska stationer),"medelvärde 1 timma, varje timme",watt per kvadratmeter,2026-08-15T16:00:00Z,2026-08-15T18:00:00+02:00,1786809600000,,117.16,117.16,G,,latest-months
162015,Luleå Sol,11,Global Irradians (svenska stationer),"medelvärde 1 timma, varje timme",watt per kvadratmeter,2026-08-15T17:00:00Z,2026-08-15T19:00:00+02:00,1786813200000,,78.51,78.51,G,,latest-months
162015,Luleå Sol,11,Global Irradians (svenska stationer),"medelvärde 1 timma, varje timme",watt per kvadratmeter,2026-08-15T18:00:00Z,2026-08-15T20:00:00+02:00,1786816800000,,27.47,27.47,G,,latest-months
162015,Luleå Sol,11,Global Irradians (svenska stationer),"medelvärde 1 timma, varje timme",watt per kvadratmeter,2026-08-15T19:00:00Z,2026-08-15T21:00:00+02:00,1786820400000,,7.03,7.03,G,,latest-months
162015,Luleå Sol,11,Global Irradians (svenska stationer),"medelvärde 1 timma, varje timme",watt per kvadratmeter,2026-08-15T20:00:00Z,2026-08-15T22:00:00+02:00,1786824000000,,0.41,0.41,G,,latest-months
162015,Luleå Sol,11,Global Irradians (svenska stationer),"medelvärde 1 timma, varje timme",watt per kvadratmeter,2026-08-15T21:00:00Z,2026-08-15T23:00:00+02:00,1786827600000,,0.00,0.00,G,,latest-months
162015,Luleå Sol,11,Global Irradians (svenska stationer),"medelvärde 1 timma, varje timme",watt per kvadratmeter,2026-08-15T22:00:00Z,2026-08-16T00:00:00+02:00,1786831200000,,0.00,0.00,G,,latest-months
162015,Luleå Sol,11,Global Irradians (svenska stationer),"medelvärde 1 timma, varje timme",watt per kvadratmeter,2026-08-15T23:00:00Z,2026-08-16T01:00:00+02:00,1786834800000,,0.00,0.00,G,,latest-months
162015,Luleå Sol,11,Global Irradians (svenska stationer),"medelvärde 1 timma, varje timme",watt per kvadratmeter,2026-08-16T00:00:00Z,2026-08-16T02:00:00+02:00,1786838400000,,0.00,0.00,G,,latest-months
162015,Luleå Sol,11,Global Irradians (svenska stationer),"medelvärde 1 timma, varje timme",watt per kvadratmeter,2026-08-16T01:00:00Z,2026-08-16T03:00:00+02:00,1786842000000,,0.00,0.00,G,,latest-months
162015,Luleå Sol,11,Global Irradians (svenska stationer),"medelvärde 1 timma, varje timme",watt per kvadratmeter,2026-08-16T02:00:00Z,2026-08-16T04:00:00+02:00,1786845600000,,0.45,0.45,G,,latest-months
162015,Luleå Sol,11,Global Irradians (svenska stationer),"medelvärde 1 timma, varje timme",watt per kvadratmeter,2026-08-16T03:00:00Z,2026-08-16T05:00:00+02:00,1786849200000,,2.08,2.08,G,,latest-months
162015,Luleå Sol,11,Global Irradians (svenska stationer),"medelvärde 1 timma, varje timme",watt per kvadratmeter,2026-08-16T04:00:00Z,2026-08-16T06:00:00+02:00,1786852800000,,4.76,4.76,G,,latest-months
162015,Luleå Sol,11,Global Irradians (svenska stationer),"medelvärde 1 timma, varje timme",watt per kvadratmeter,2026-08-16T05:00:00Z,2026-08-16T07:00:00+02:00,1786856400000,,29.08,29.08,G,,latest-months
162015,Luleå Sol,11,Global Irradians (svenska stationer),"medelvärde 1 timma, varje timme",watt per kvadratmeter,2026-08-16T06:00:00Z,2026-08-16T08:00:00+02:00,1786860000000,,82.58,82.58,G,,latest-months
162015,Luleå Sol,11,Global Irradians (svenska stationer),"medelvärde 1 timma, varje timme",watt per kvadratmeter,2026-08-16T07:00:00Z,2026-08-16T09:00:00+02:00,1786863600000,,143.09,143.09,G,,latest-months
162015,Luleå Sol,11,Global Irradians (svenska stationer),"medelvärde 1 timma, varje timme",watt per kvadratmeter,2026-08-16T08:00:00Z,2026-08-16T10:00:00+02:00,1786867200000,,155.39,155.39,G,,latest-months
162015,Luleå Sol,11,Global Irradians (svenska stationer),"medelvärde 1 timma, varje timme",watt per kvadratmeter,2026-08-16T09:00:00Z,2026-08-16T11:00:00+02:00,1786870800000,,200.23,200.23,G,,latest-months
162015,Luleå Sol,11,Global Irradians (svenska stationer),"medelvärde 1 timma, varje timme",watt per kvadratmeter,2026-08-16T10:00:00Z,2026-08-16T12:00:00+02:00,1786874400000,,116.03,116.03,G,,latest-months
162015,Luleå Sol,11,Global Irradians (svenska stationer),"medelvärde 1 timma, varje timme",watt per kvadratmeter,2026-08-16T11:00:00Z,2026-08-16T13:00:00+02:00,1786878000000,,73.73,73.73,G,,latest-months
162015,Luleå Sol,11,Global Irradians (svenska stationer),"medelvärde 1 timma, varje timme",watt per kvadratmeter,2026-08-16T12:00:00Z,2026-08-16T14:00:00+02:00,1786881600000,,257.75,257.75,G,,latest-months
162015,Luleå Sol,11,Global Irradians (svenska stationer),"medelvärde 1 timma, varje timme",watt per kvadratmeter,2026-08-16T13:00:00Z,2026-08-16T15:00:00+02:00,1786885200000,,175.12,175.12,G,,latest-months
162015,Luleå Sol,11,Global Irradians (svenska stationer),"medelvärde 1 timma, varje timme",watt per kvadratmeter,2026-08-16T14:00:00Z,2026-08-16T16:00:00+02:00,1786888800000,,106.98,106.98,G,,latest-months
162015,Luleå Sol,11,Global Irradians (svenska stationer),"medelvärde 1 timma, varje timme",watt per kvadratmeter,2026-08-16T15:00:00Z,2026-08-16T17:00:00+02:00,1786892400000,,81.00,81.00,G,,latest-months
162015,Luleå Sol,11,Global Irradians (svenska stationer),"medelvärde 1 timma, varje timme",watt per kvadratmeter,2026-08-16T16:00:00Z,2026-08-16T18:00:00+02:00,1786896000000,,52.09,52.09,G,,latest-months
162015,Luleå Sol,11,Global Irradians (svenska stationer),"medelvärde 1 timma, varje timme",watt per kvadratmeter,2026-08-16T17:00:00Z,2026-08-16T19:00:00+02:00,1786899600000,,29.04,29.04,G,,latest-months
162015,Luleå Sol,11,Global Irradians (svenska stationer),"medelvärde 1 timma, varje timme",watt per kvadratmeter,2026-08-16T18:00:00Z,2026-08-16T20:00:00+02:00,1786903200000,,11.01,11.01,G,,latest-months
162015,Luleå Sol,11,Global Irradians (svenska stationer),"medelvärde 1 timma, varje timme",watt per kvadratmeter,2026-08-16T19:00:00Z,2026-08-16T21:00:00+02:00,1786906800000,,2.11,2.11,G,,latest-months
162015,Luleå Sol,11,Global Irradians (svenska stationer),"medelvärde 1 timma, varje timme",watt per kvadratmeter,2026-08-16T20:00:00Z,2026-08-16T22:00:00+02:00,1786910400000,,0.06,0.06,G,,latest-months
162015,Luleå Sol,11,Global Irradians (svenska stationer),"medelvärde 1 timma, varje timme",watt per kvadratmeter,2026-08-16T21:00:00Z,2026-08-16T23:00:00+02:00,1786914000000,,0.00,0.00,G,,latest-months
162015,Luleå Sol,11,Global Irradians (svenska stationer),"medelvärde 1 timma, varje timme",watt per kvadratmeter,2026-08-16T22:00:00Z,2026-08-17T00:00:00+02:00,1786917600000,,0.00,0.00,G,,latest-months
162015,Luleå Sol,11,Global Irradians (svenska stationer),"medelvärde 1 timma, varje timme",watt per kvadratmeter,2026-08-16T23:00:00Z,2026-08-17T01:00:00+02:00,1786921200000,,0.00,0.00,G,,latest-months
162015,Luleå Sol,11,Global Irradians (svenska stationer),"medelvärde 1 timma, varje timme",watt per kvadratmeter,2026-08-17T00:00:00Z,2026-08-17T02:00:00+02:00,1786924800000,,0.00,0.00,G,,latest-months
162015,Luleå Sol,11,Global Irradians (svenska stationer),"medelvärde 1 timma, varje timme",watt per kvadratmeter,2026-08-17T01:00:00Z,2026-08-17T03:00:00+02:00,1786928400000,,0.00,0.00,G,,latest-months
162015,Luleå Sol,11,Global Irradians (svenska stationer),"medelvärde 1 timma, varje timme",watt per kvadratmeter,2026-08-17T02:00:00Z,2026-08-17T04:00:00+02:00,1786932000000,,0.01,0.01,G,,latest-months
162015,Luleå Sol,11,Global Irradians (svenska stationer),"medelvärde 1 timma, varje timme",watt per kvadratmeter,2026-08-17T03:00:00Z,2026-08-17T05:00:00+02:00,1786935600000,,1.05,1.05,G,,latest-months
162015,Luleå Sol,11,Global Irradians (svenska stationer),"medelvärde 1 timma, varje timme",watt per kvadratmeter,2026-08-17T04:00:00Z,2026-08-17T06:00:00+02:00,1786939200000,,14.00,14.00,G,,latest-months
162015,Luleå Sol,11,Global Irradians (svenska stationer),"medelvärde 1 timma, varje timme",watt per kvadratmeter,2026-08-17T05:00:00Z,2026-08-17T07:00:00+02:00,1786942800000,,41.71,41.71,G,,latest-months
162015,Luleå Sol,11,Global Irradians (svenska stationer),"medelvärde 1 timma, varje timme",watt per kvadratmeter,2026-08-17T06:00:00Z,2026-08-17T08:00:00+02:00,1786946400000,,40.62,40.62,G,,latest-months
162015,Luleå Sol,11,Global Irradians (svenska stationer),"medelvärde 1 timma, varje timme",watt per kvadratmeter,2026-08-17T07:00:00Z,2026-08-17T09:00:00+02:00,1786950000000,,85.78,85.78,G,,latest-months
162015,Luleå Sol,11,Global Irradians (svenska stationer),"medelvärde 1 timma, varje timme",watt per kvadratmeter,2026-08-17T08:00:00Z,2026-08-17T10:00:00+02:00,1786953600000,,87.23,87.23,G,,latest-months
162015,Luleå Sol,11,Global Irradians (svenska stationer),"medelvärde 1 timma, varje timme",watt per kvadratmeter,2026-08-17T09:00:00Z,2026-08-17T11:00:00+02:00,1786957200000,,116.64,116.64,G,,latest-months
162015,Luleå Sol,11,Global Irradians (svenska stationer),"medelvärde 1 timma, varje timme",watt per kvadratmeter,2026-08-17T10:00:00Z,2026-08-17T12:00:00+02:00,1786960800000,,129.83,129.83,G,,latest-months
162015,Luleå Sol,11,Global Irradians (svenska stationer),"medelvärde 1 timma, varje timme",watt per kvadratmeter,2026-08-17T11:00:00Z,2026-08-17T13:00:00+02:00,1786964400000,,120.18,120.18,G,,latest-months
162015,Luleå Sol,11,Global Irradians (svenska stationer),"medelvärde 1 timma, varje timme",watt per kvadratmeter,2026-08-17T12:00:00Z,2026-08-17T14:00:00+02:00,1786968000000,,142.73,142.73,G,,latest-months
162015,Luleå Sol,11,Global Irradians (svenska stationer),"medelvärde 1 timma, varje timme",watt per kvadratmeter,2026-08-17T13:00:00Z,2026-08-17T15:00:00+02:00,1786971600000,,70.06,70.06,G,,latest-months
162015,Luleå Sol,11,Global Irradians (svenska stationer),"medelvärde 1 timma, varje timme",watt per kvadratmeter,2026-08-17T14:00:00Z,2026-08-17T16:00:00+02:00,1786975200000,,26.74,26.74,G,,latest-months
162015,Luleå Sol,11,Global Irradians (svenska stationer),"medelvärde 1 timma, varje timme",watt per kvadratmeter,2026-08-17T15:00:00Z,2026-08-17T17:00:00+02:00,1786978800000,,25.89,25.89,G,,latest-months
162015,Luleå Sol,11,Global Irradians (svenska stationer),"medelvärde 1 timma, varje timme",watt per kvadratmeter,2026-08-17T16:00:00Z,2026-08-17T18:00:00+02:00,1786982400000,,28.73,28.73,G,,latest-months
162015,Luleå Sol,11,Global Irradians (svenska stationer),"medelvärde 1 timma, varje timme",watt per kvadratmeter,2026-08-17T17:00:00Z,2026-08-17T19:00:00+02:00,1786986000000,,11.98,11.98,G,,latest-months
162015,Luleå Sol,11,Global Irradians (svenska stationer),"medelvärde 1 timma, varje timme",watt per kvadratmeter,2026-08-17T18:00:00Z,2026-08-17T20:00:00+02:00,1786989600000,,7.11,7.11,G,,latest-months
162015,Luleå Sol,11,Global Irradians (svenska stationer),"medelvärde 1 timma, varje timme",watt per kvadratmeter,2026-08-17T19:00:00Z,2026-08-17T21:00:00+02:00,1786993200000,,2.00,2.00,G,,latest-months
162015,Luleå Sol,11,Global Irradians (svenska stationer),"medelvärde 1 timma, varje timme",watt per kvadratmeter,2026-08-17T20:00:00Z,2026-08-17T22:00:00+02:00,1786996800000,,0.21,0.21,G,,latest-months
162015,Luleå Sol,11,Global Irradians (svenska stationer),"medelvärde 1 timma, varje timme",watt per kvadratmeter,2026-08-17T21:00:00Z,2026-08-17T23:00:00+02:00,1787000400000,,0.00,0.00,G,,latest-months
162015,Luleå Sol,11,Global Irradians (svenska stationer),"medelvärde 1 timma, varje timme",watt per kvadratmeter,2026-08-17T22:00:00Z,2026-08-18T00:00:00+02:00,1787004000000,,0.00,0.00,G,,latest-months
162015,Luleå Sol,11,Global Irradians (svenska stationer),"medelvärde 1 timma, varje timme",watt per kvadratmeter,2026-08-17T23:00:00Z,2026-08-18T01:00:00+02:00,1787007600000,,0.00,0.00,G,,latest-months
162015,Luleå Sol,11,Global Irradians (svenska stationer),"medelvärde 1 timma, varje timme",watt per kvadratmeter,2026-08-18T00:00:00Z,2026-08-18T02:00:00+02:00,1787011200000,,0.00,0.00,G,,latest-months
162015,Luleå Sol,11,Global Irradians (svenska stationer),"medelvärde 1 timma, varje timme",watt per kvadratmeter,2026-08-18T01:00:00Z,2026-08-18T03:00:00+02:00,1787014800000,,0.00,0.00,G,,latest-months
162015,Luleå Sol,11,Global Irradians (svenska stationer),"medelvärde 1 timma, varje timme",watt per kvadratmeter,2026-08-18T02:00:00Z,2026-08-18T04:00:00+02:00,1787018400000,,0.30,0.30,G,,latest-months
162015,Luleå Sol,11,Global Irradians (svenska stationer),"medelvärde 1 timma, varje timme",watt per kvadratmeter,2026-08-18T03:00:00Z,2026-08-18T05:00:00+02:00,1787022000000,,0.48,0.48,G,,latest-months
162015,Luleå Sol,11,Global Irradians (svenska stationer),"medelvärde 1 timma, varje timme",watt per kvadratmeter,2026-08-18T04:00:00Z,2026-08-18T06:00:00+02:00,1787025600000,,8.61,8.61,G,,latest-months
162015,Luleå Sol,11,Global Irradians (svenska stationer),"medelvärde 1 timma, varje timme",watt per kvadratmeter,2026-08-18T05:00:00Z,2026-08-18T07:00:00+02:00,1787029200000,,15.30,15.30,G,,latest-months
162015,Luleå Sol,11,Global Irradians (svenska stationer),"medelvärde 1 timma, varje timme",watt per kvadratmeter,2026-08-18T06:00:00Z,2026-08-18T08:00:00+02:00,1787032800000,,31.61,31.61,G,,latest-months
162015,Luleå Sol,11,Global Irradians (svenska stationer),"medelvärde 1 timma, varje timme",watt per kvadratmeter,2026-08-18T07:00:00Z,2026-08-18T09:00:00+02:00,1787036400000,,56.00,56.00,G,,latest-months
162015,Luleå Sol,11,Global Irradians (svenska stationer),"medelvärde 1 timma, varje timme",watt per kvadratmeter,2026-08-18T08:00:00Z,2026-08-18T10:00:00+02:00,1787040000000,,53.00,53.00,G,,latest-months
162015,Luleå Sol,11,Global Irradians (svenska stationer),"medelvärde 1 timma, varje timme",watt per kvadratmeter,2026-08-18T09:00:00Z,2026-08-18T11:00:00+02:00,1787043600000,,100.57,100.57,G,,latest-months
162015,Luleå Sol,11,Global Irradians (svenska stationer),"medelvärde 1 timma, varje timme",watt per kvadratmeter,2026-08-18T10:00:00Z,2026-08-18T12:00:00+02:00,1787047200000,,91.71,91.71,G,,latest-months
162015,Luleå Sol,11,Global Irradians (svenska stationer),"medelvärde 1 timma, varje timme",watt per kvadratmeter,2026-08-18T11:00:00Z,2026-08-18T13:00:00+02:00,1787050800000,,102.65,102.65,G,,latest-months
162015,Luleå Sol,11,Global Irradians (svenska stationer),"medelvärde 1 timma, varje timme",watt per kvadratmeter,2026-08-18T12:00:00Z,2026-08-18T14:00:00+02:00,1787054400000,,80.03,80.03,G,,latest-months
162015,Luleå Sol,11,Global Irradians (svenska stationer),"medelvärde 1 timma, varje timme",watt per kvadratmeter,2026-08-18T13:00:00Z,2026-08-18T15:00:00+02:00,1787058000000,,77.20,77.20,G,,latest-months
162015,Luleå Sol,11,Global Irradians (svenska stationer),"medelvärde 1 timma, varje timme",watt per kvadratmeter,2026-08-18T14:00:00Z,2026-08-18T16:00:00+02:00,1787061600000,,110.76,110.76,G,,latest-months
162015,Luleå Sol,11,Global Irradians (svenska stationer),"medelvärde 1 timma, varje timme",watt per kvadratmeter,2026-08-18T15:00:00Z,2026-08-18T17:00:00+02:00,1787065200000,,77.80,77.80,G,,latest-months
162015,Luleå Sol,11,Global Irradians (svenska stationer),"medelvärde 1 timma, varje timme",watt per kvadratmeter,2026-08-18T16:00:00Z,2026-08-18T18:00:00+02:00,1787068800000,,27.84,27.84,G,,latest-months
162015,Luleå Sol,11,Global Irradians (svenska stationer),"medelvärde 1 timma, varje timme",watt per kvadratmeter,2026-08-18T17:00:00Z,2026-08-18T19:00:00+02:00,1787072400000,,17.07,17.07,G,,latest-months
162015,Luleå Sol,11,Global Irradians (svenska stationer),"medelvärde 1 timma, varje timme",watt per kvadratmeter,2026-08-18T18:00:00Z,2026-08-18T20:00:00+02:00,1787076000000,,28.66,28.66,G,,latest-months
162015,Luleå Sol,11,Global Irradians (svenska stationer),"medelvärde 1 timma, varje timme",watt per kvadratmeter,2026-08-18T19:00:00Z,2026-08-18T21:00:00+02:00,1787079600000,,6.82,6.82,G,,latest-months
162015,Luleå Sol,11,Global Irradians (svenska stationer),"medelvärde 1 timma, varje timme",watt per kvadratmeter,2026-08-18T20:00:00Z,2026-08-18T22:00:00+02:00,1787083200000,,0.66,0.66,G,,latest-months
162015,Luleå Sol,11,Global Irradians (svenska stationer),"medelvärde 1 timma, varje timme",watt per kvadratmeter,2026-08-18T21:00:00Z,2026-08-18T23:00:00+02:00,1787086800000,,0.00,0.00,G,,latest-months
162015,Luleå Sol,11,Global Irradians (svenska stationer),"medelvärde 1 timma, varje timme",watt per kvadratmeter,2026-08-18T22:00:00Z,2026-08-19T00:00:00+02:00,1787090400000,,0.00,0.00,G,,latest-months
162015,Luleå Sol,11,Global Irradians (svenska stationer),"medelvärde 1 timma, varje timme",watt per kvadratmeter,2026-08-18T23:00:00Z,2026-08-19T01:00:00+02:00,1787094000000,,0.00,0.00,G,,latest-months
162015,Luleå Sol,11,Global Irradians (svenska stationer),"medelvärde 1 timma, varje timme",watt per kvadratmeter,2026-08-19T00:00:00Z,2026-08-19T02:00:00+02:00,1787097600000,,0.00,0.00,G,,latest-months
162015,Luleå Sol,11,Global Irradians (svenska stationer),"medelvärde 1 timma, varje timme",watt per kvadratmeter,2026-08-19T01:00:00Z,2026-08-19T03:00:00+02:00,1787101200000,,0.00,0.00,G,,latest-months
162015,Luleå Sol,11,Global Irradians (svenska stationer),"medelvärde 1 timma, varje timme",watt per kvadratmeter,2026-08-19T02:00:00Z,2026-08-19T04:00:00+02:00,1787104800000,,0.12,0.12,G,,latest-months
162015,Luleå Sol,11,Global Irradians (svenska stationer),"medelvärde 1 timma, varje timme",watt per kvadratmeter,2026-08-19T03:00:00Z,2026-08-19T05:00:00+02:00,1787108400000,,4.21,4.21,G,,latest-months
162015,Luleå Sol,11,Global Irradians (svenska stationer),"medelvärde 1 timma, varje timme",watt per kvadratmeter,2026-08-19T04:00:00Z,2026-08-19T06:00:00+02:00,1787112000000,,28.34,28.34,G,,latest-months
162015,Luleå Sol,11,Global Irradians (svenska stationer),"medelvärde 1 timma, varje timme",watt per kvadratmeter,2026-08-19T05:00:00Z,2026-08-19T07:00:00+02:00,1787115600000,,82.91,82.91,G,,latest-months
162015,Luleå Sol,11,Global Irradians (svenska stationer),"medelvärde 1 timma, varje timme",watt per kvadratmeter,2026-08-19T06:00:00Z,2026-08-19T08:00:00+02:00,1787119200000,,161.89,161.89,G,,latest-months
162015,Luleå Sol,11,Global Irradians (svenska stationer),"medelvärde 1 timma, varje timme",watt per kvadratmeter,2026-08-19T07:00:00Z,2026-08-19T09:00:00+02:00,1787122800000,,218.62,218.62,G,,latest-months
162015,Luleå Sol,11,Global Irradians (svenska stationer),"medelvärde 1 timma, varje timme",watt per kvadratmeter,2026-08-19T08:00:00Z,2026-08-19T10:00:00+02:00,1787126400000,,311.24,311.24,G,,latest-months
162015,Luleå Sol,11,Global Irradians (svenska stationer),"medelvärde 1 timma, varje timme",watt per kvadratmeter,2026-08-19T09:00:00Z,2026-08-19T11:00:00+02:00,1787130000000,,417.46,417.46,G,,latest-months
162015,Luleå Sol,11,Global Irradians (svenska stationer),"medelvärde 1 timma, varje timme",watt per kvadratmeter,2026-08-19T10:00:00Z,2026-08-19T12:00:00+02:00,1787133600000,,385.68,385.68,G,,latest-months
162015,Luleå Sol,11,Global Irradians (svenska stationer),"medelvärde 1 timma, varje timme",watt per kvadratmeter,2026-08-19T11:00:00Z,2026-08-19T13:00:00+02:00,1787137200000,,424.36,424.36,G,,latest-months
162015,Luleå Sol,11,Global Irradians (svenska stationer),"medelvärde 1 timma, varje timme",watt per kvadratmeter,2026-08-19T12:00:00Z,2026-08-19T14:00:00+02:00,1787140800000,,348.90,348.90,G,,latest-months
162015,Luleå Sol,11,Global Irradians (svenska stationer),"medelvärde 1 timma, varje timme",watt per kvadratmeter,2026-08-19T13:00:00Z,2026-08-19T15:00:00+02:00,1787144400000,,277.96,277.96,G,,latest-months
162015,Luleå Sol,11,Global Irradians (svenska stationer),"medelvärde 1 timma, varje timme",watt per kvadratmeter,2026-08-19T14:00:00Z,2026-08-19T16:00:00+02:00,1787148000000,,191.57,191.57,G,,latest-months
162015,Luleå Sol,11,Global Irradians (svenska stationer),"medelvärde 1 timma, varje timme",watt per kvadratmeter,2026-08-19T15:00:00Z,2026-08-19T17:00:00+02:00,1787151600000,,112.55,112.55,G,,latest-months
162015,Luleå Sol,11,Global Irradians (svenska stationer),"medelvärde 1 timma, varje timme",watt per kvadratmeter,2026-08-19T16:00:00Z,2026-08-19T18:00:00+02:00,1787155200000,,107.40,107.40,G,,latest-months
162015,Luleå Sol,11,Global Irradians (svenska stationer),"medelvärde 1 timma, varje timme",watt per kvadratmeter,2026-08-19T17:00:00Z,2026-08-19T19:00:00+02:00,1787158800000,,62.29,62.29,G,,latest-months
162015,Luleå Sol,11,Global Irradians (svenska stationer),"medelvärde 1 timma, varje timme",watt per kvadratmeter,2026-08-19T18:00:00Z,2026-08-19T20:00:00+02:00,1787162400000,,19.54,19.54,G,,latest-months
162015,Luleå Sol,11,Global Irradians (svenska stationer),"medelvärde 1 timma, varje timme",watt per kvadratmeter,2026-08-19T19:00:00Z,2026-08-19T21:00:00+02:00,1787166000000,,2.29,2.29,G,,latest-months
162015,Luleå Sol,11,Global Irradians (svenska stationer),"medelvärde 1 timma, varje timme",watt per kvadratmeter,2026-08-19T20:00:00Z,2026-08-19T22:00:00+02:00,1787169600000,,0.00,0.00,G,,latest-months
162015,Luleå Sol,11,Global Irradians (svenska stationer),"medelvärde 1 timma, varje timme",watt per kvadratmeter,2026-08-19T21:00:00Z,2026-08-19T23:00:00+02:00,1787173200000,,0.00,0.00,G,,latest-months
162015,Luleå Sol,11,Global Irradians (svenska stationer),"medelvärde 1 timma, varje timme",watt per kvadratmeter,2026-08-19T22:00:00Z,2026-08-20T00:00:00+02:00,1787176800000,,0.00,0.00,G,,latest-months
162015,Luleå Sol,11,Global Irradians (svenska stationer),"medelvärde 1 timma, varje timme",watt per kvadratmeter,2026-08-19T23:00:00Z,2026-08-20T01:00:00+02:00,1787180400000,,0.00,0.00,G,,latest-months
162015,Luleå Sol,11,Global Irradians (svenska stationer),"medelvärde 1 timma, varje timme",watt per kvadratmeter,2026-08-20T00:00:00Z,2026-08-20T02:00:00+02:00,1787184000000,,0.00,0.00,G,,latest-months
162015,Luleå Sol,11,Global Irradians (svenska stationer),"medelvärde 1 timma, varje timme",watt per kvadratmeter,2026-08-20T01:00:00Z,2026-08-20T03:00:00+02:00,1787187600000,,0.00,0.00,G,,latest-months
162015,Luleå Sol,11,Global Irradians (svenska stationer),"medelvärde 1 timma, varje timme",watt per kvadratmeter,2026-08-20T02:00:00Z,2026-08-20T04:00:00+02:00,1787191200000,,0.21,0.21,G,,latest-months
162015,Luleå Sol,11,Global Irradians (svenska stationer),"medelvärde 1 timma, varje timme",watt per kvadratmeter,2026-08-20T03:00:00Z,2026-08-20T05:00:00+02:00,1787194800000,,1.49,1.49,G,,latest-months
162015,Luleå Sol,11,Global Irradians (svenska stationer),"medelvärde 1 timma, varje timme",watt per kvadratmeter,2026-08-20T04:00:00Z,2026-08-20T06:00:00+02:00,1787198400000,,6.37,6.37,G,,latest-months
162015,Luleå Sol,11,Global Irradians (svenska stationer),"medelvärde 1 timma, varje timme",watt per kvadratmeter,2026-08-20T05:00:00Z,2026-08-20T07:00:00+02:00,1787202000000,,13.98,13.98,G,,latest-months
162015,Luleå Sol,11,Global Irradians (svenska stationer),"medelvärde 1 timma, varje timme",watt per kvadratmeter,2026-08-20T06:00:00Z,2026-08-20T08:00:00+02:00,1787205600000,,19.53,19.53,G,,latest-months
162015,Luleå Sol,11,Global Irradians (svenska stationer),"medelvärde 1 timma, varje timme",watt per kvadratmeter,2026-08-20T07:00:00Z,2026-08-20T09:00:00+02:00,1787209200000,,44.41,44.41,G,,latest-months
162015,Luleå Sol,11,Global Irradians (svenska stationer),"medelvärde 1 timma, varje timme",watt per kvadratmeter,2026-08-20T08:00:00Z,2026-08-20T10:00:00+02:00,1787212800000,,86.32,86.32,G,,latest-months
162015,Luleå Sol,11,Global Irradians (svenska stationer),"medelvärde 1 timma, varje timme",watt per kvadratmeter,2026-08-20T09:00:00Z,2026-08-20T11:00:00+02:00,1787216400000,,107.45,107.45,G,,latest-months
162015,Luleå Sol,11,Global Irradians (svenska stationer),"medelvärde 1 timma, varje timme",watt per kvadratmeter,2026-08-20T10:00:00Z,2026-08-20T12:00:00+02:00,1787220000000,,131.07,131.07,G,,latest-months
162015,Luleå Sol,11,Global Irradians (svenska stationer),"medelvärde 1 timma, varje timme",watt per kvadratmeter,2026-08-20T11:00:00Z,2026-08-20T13:00:00+02:00,1787223600000,,124.38,124.38,G,,latest-months
162015,Luleå Sol,11,Global Irradians (svenska stationer),"medelvärde 1 timma, varje timme",watt per kvadratmeter,2026-08-20T12:00:00Z,2026-08-20T14:00:00+02:00,1787227200000,,121.38,121.38,G,,latest-months
162015,Luleå Sol,11,Global Irradians (svenska stationer),"medelvärde 1 timma, varje timme",watt per kvadratmeter,2026-08-20T13:00:00Z,2026-08-20T15:00:00+02:00,1787230800000,,118.88,118.88,G,,latest-months
162015,Luleå Sol,11,Global Irradians (svenska stationer),"medelvärde 1 timma, varje timme",watt per kvadratmeter,2026-08-20T14:00:00Z,2026-08-20T16:00:00+02:00,1787234400000,,84.35,84.35,G,,latest-months
162015,Luleå Sol,11,Global Irradians (svenska stationer),"medelvärde 1 timma, varje timme",watt per kvadratmeter,2026-08-20T15:00:00Z,2026-08-20T17:00:00+02:00,1787238000000,,98.04,98.04,G,,latest-months
162015,Luleå Sol,11,Global Irradians (svenska stationer),"medelvärde 1 timma, varje timme",watt per kvadratmeter,2026-08-20T16:00:00Z,2026-08-20T18:00:00+02:00,1787241600000,,105.10,105.10,G,,latest-months
162015,Luleå Sol,11,Global Irradians (svenska stationer),"medelvärde 1 timma, varje timme",watt per kvadratmeter,2026-08-20T17:00:00Z,2026-08-20T19:00:00+02:00,1787245200000,,78.87,78.87,G,,latest-months
162015,Luleå Sol,11,Global Irradians (svenska stationer),"medelvärde 1 timma, varje timme",watt per kvadratmeter,2026-08-20T18:00:00Z,2026-08-20T20:00:00+02:00,1787248800000,,31.76,31.76,G,,latest-months
162015,Luleå Sol,11,Global Irradians (svenska stationer),"medelvärde 1 timma, varje timme",watt per kvadratmeter,2026-08-20T19:00:00Z,2026-08-20T21:00:00+02:00,1787252400000,,5.94,5.94,G,,latest-months
162015,Luleå Sol,11,Global Irradians (svenska stationer),"medelvärde 1 timma, varje timme",watt per kvadratmeter,2026-08-20T20:00:00Z,2026-08-20T22:00:00+02:00,1787256000000,,0.79,0.79,G,,latest-months
162015,Luleå Sol,11,Global Irradians (svenska stationer),"medelvärde 1 timma, varje timme",watt per kvadratmeter,2026-08-20T21:00:00Z,2026-08-20T23:00:00+02:00,1787259600000,,0.00,0.00,G,,latest-months
162015,Luleå Sol,11,Global Irradians (svenska stationer),"medelvärde 1 timma, varje timme",watt per kvadratmeter,2026-08-20T22:00:00Z,2026-08-21T00:00:00+02:00,1787263200000,,0.00,0.00,G,,latest-months
162015,Luleå Sol,11,Global Irradians (svenska stationer),"medelvärde 1 timma, varje timme",watt per kvadratmeter,2026-08-20T23:00:00Z,2026-08-21T01:00:00+02:00,1787266800000,,0.00,0.00,G,,latest-months
162015,Luleå Sol,11,Global Irradians (svenska stationer),"medelvärde 1 timma, varje timme",watt per kvadratmeter,2026-08-21T00:00:00Z,2026-08-21T02:00:00+02:00,1787270400000,,0.00,0.00,G,,latest-months
162015,Luleå Sol,11,Global Irradians (svenska stationer),"medelvärde 1 timma, varje timme",watt per kvadratmeter,2026-08-21T01:00:00Z,2026-08-21T03:00:00+02:00,1787274000000,,0.00,0.00,G,,latest-months
162015,Luleå Sol,11,Global Irradians (svenska stationer),"medelvärde 1 timma, varje timme",watt per kvadratmeter,2026-08-21T02:00:00Z,2026-08-21T04:00:00+02:00,1787277600000,,0.04,0.04,G,,latest-months
162015,Luleå Sol,11,Global Irradians (svenska stationer),"medelvärde 1 timma, varje timme",watt per kvadratmeter,2026-08-21T03:00:00Z,2026-08-21T05:00:00+02:00,1787281200000,,3.95,3.95,G,,latest-months
162015,Luleå Sol,11,Global Irradians (svenska stationer),"medelvärde 1 timma, varje timme",watt per kvadratmeter,2026-08-21T04:00:00Z,2026-08-21T06:00:00+02:00,1787284800000,,30.25,30.25,G,,latest-months
162015,Luleå Sol,11,Global Irradians (svenska stationer),"medelvärde 1 timma, varje timme",watt per kvadratmeter,2026-08-21T05:00:00Z,2026-08-21T07:00:00+02:00,1787288400000,,84.78,84.78,G,,latest-months
162015,Luleå Sol,11,Global Irradians (svenska stationer),"medelvärde 1 timma, varje timme",watt per kvadratmeter,2026-08-21T06:00:00Z,2026-08-21T08:00:00+02:00,1787292000000,,222.90,222.90,G,,latest-months
162015,Luleå Sol,11,Global Irradians (svenska stationer),"medelvärde 1 timma, varje timme",watt per kvadratmeter,2026-08-21T07:00:00Z,2026-08-21T09:00:00+02:00,1787295600000,,262.47,262.47,G,,latest-months
162015,Luleå Sol,11,Global Irradians (svenska stationer),"medelvärde 1 timma, varje timme",watt per kvadratmeter,2026-08-21T08:00:00Z,2026-08-21T10:00:00+02:00,1787299200000,,225.22,225.22,G,,latest-months
162015,Luleå Sol,11,Global Irradians (svenska stationer),"medelvärde 1 timma, varje timme",watt per kvadratmeter,2026-08-21T09:00:00Z,2026-08-21T11:00:00+02:00,1787302800000,,544.23,544.23,G,,latest-months
162015,Luleå Sol,11,Global Irradians (svenska stationer),"medelvärde 1 timma, varje timme",watt per kvadratmeter,2026-08-21T10:00:00Z,2026-08-21T12:00:00+02:00,1787306400000,,591.80,591.80,G,,latest-months
162015,Luleå Sol,11,Global Irradians (svenska stationer),"medelvärde 1 timma, varje timme",watt per kvadratmeter,2026-08-21T11:00:00Z,2026-08-21T13:00:00+02:00,1787310000000,,603.77,603.77,G,,latest-months
162015,Luleå Sol,11,Global Irradians (svenska stationer),"medelvärde 1 timma, varje timme",watt per kvadratmeter,2026-08-21T12:00:00Z,2026-08-21T14:00:00+02:00,1787313600000,,555.73,555.73,G,,latest-months
162015,Luleå Sol,11,Global Irradians (svenska stationer),"medelvärde 1 timma, varje timme",watt per kvadratmeter,2026-08-21T13:00:00Z,2026-08-21T15:00:00+02:00,1787317200000,,541.25,541.25,G,,latest-months
162015,Luleå Sol,11,Global Irradians (svenska stationer),"medelvärde 1 timma, varje timme",watt per kvadratmeter,2026-08-21T14:00:00Z,2026-08-21T16:00:00+02:00,1787320800000,,323.21,323.21,G,,latest-months
162015,Luleå Sol,11,Global Irradians (svenska stationer),"medelvärde 1 timma, varje timme",watt per kvadratmeter,2026-08-21T15:00:00Z,2026-08-21T17:00:00+02:00,1787324400000,,276.66,276.66,G,,latest-months
162015,Luleå Sol,11,Global Irradians (svenska stationer),"medelvärde 1 timma, varje timme",watt per kvadratmeter,2026-08-21T16:00:00Z,2026-08-21T18:00:00+02:00,1787328000000,,255.51,255.51,G,,latest-months
162015,Luleå Sol,11,Global Irradians (svenska stationer),"medelvärde 1 timma, varje timme",watt per kvadratmeter,2026-08-21T17:00:00Z,2026-08-21T19:00:00+02:00,1787331600000,,157.17,157.17,G,,latest-months
162015,Luleå Sol,11,Global Irradians (svenska stationer),"medelvärde 1 timma, varje timme",watt per kvadratmeter,2026-08-21T18:00:00Z,2026-08-21T20:00:00+02:00,1787335200000,,56.80,56.80,G,,latest-months
162015,Luleå Sol,11,Global Irradians (svenska stationer),"medelvärde 1 timma, varje timme",watt per kvadratmeter,2026-08-21T19:00:00Z,2026-08-21T21:00:00+02:00,1787338800000,,6.12,6.12,G,,latest-months
162015,Luleå Sol,11,Global Irradians (svenska stationer),"medelvärde 1 timma, varje timme",watt per kvadratmeter,2026-08-21T20:00:00Z,2026-08-21T22:00:00+02:00,1787342400000,,0.01,0.01,G,,latest-months
162015,Luleå Sol,11,Global Irradians (svenska stationer),"medelvärde 1 timma, varje timme",watt per kvadratmeter,2026-08-21T21:00:00Z,2026-08-21T23:00:00+02:00,1787346000000,,0.00,0.00,G,,latest-months
162015,Luleå Sol,11,Global Irradians (svenska stationer),"medelvärde 1 timma, varje timme",watt per kvadratmeter,2026-08-21T22:00:00Z,2026-08-22T00:00:00+02:00,1787349600000,,0.00,0.00,G,,latest-months
162015,Luleå Sol,11,Global Irradians (svenska stationer),"medelvärde 1 timma, varje timme",watt per kvadratmeter,2026-08-21T23:00:00Z,2026-08-22T01:00:00+02:00,1787353200000,,0.00,0.00,G,,latest-months
162015,Luleå Sol,11,Global Irradians (svenska stationer),"medelvärde 1 timma, varje timme",watt per kvadratmeter,2026-08-22T00:00:00Z,2026-08-22T02:00:00+02:00,1787356800000,,0.00,0.00,G,,latest-months
162015,Luleå Sol,11,Global Irradians (svenska stationer),"medelvärde 1 timma, varje timme",watt per kvadratmeter,2026-08-22T01:00:00Z,2026-08-22T03:00:00+02:00,1787360400000,,0.00,0.00,G,,latest-months
162015,Luleå Sol,11,Global Irradians (svenska stationer),"medelvärde 1 timma, varje timme",watt per kvadratmeter,2026-08-22T02:00:00Z,2026-08-22T04:00:00+02:00,1787364000000,,0.25,0.25,G,,latest-months
162015,Luleå Sol,11,Global Irradians (svenska stationer),"medelvärde 1 timma, varje timme",watt per kvadratmeter,2026-08-22T03:00:00Z,2026-08-22T05:00:00+02:00,1787367600000,,2.43,2.43,G,,latest-months
162015,Luleå Sol,11,Global Irradians (svenska stationer),"medelvärde 1 timma, varje timme",watt per kvadratmeter,2026-08-22T04:00:00Z,2026-08-22T06:00:00+02:00,1787371200000,,19.43,19.43,G,,latest-months
162015,Luleå Sol,11,Global Irradians (svenska stationer),"medelvärde 1 timma, varje timme",watt per kvadratmeter,2026-08-22T05:00:00Z,2026-08-22T07:00:00+02:00,1787374800000,,41.01,41.01,G,,latest-months
162015,Luleå Sol,11,Global Irradians (svenska stationer),"medelvärde 1 timma, varje timme",watt per kvadratmeter,2026-08-22T06:00:00Z,2026-08-22T08:00:00+02:00,1787378400000,,85.09,85.09,G,,latest-months
162015,Luleå Sol,11,Global Irradians (svenska stationer),"medelvärde 1 timma, varje timme",watt per kvadratmeter,2026-08-22T07:00:00Z,2026-08-22T09:00:00+02:00,1787382000000,,133.39,133.39,G,,latest-months
162015,Luleå Sol,11,Global Irradians (svenska stationer),"medelvärde 1 timma, varje timme",watt per kvadratmeter,2026-08-22T08:00:00Z,2026-08-22T10:00:00+02:00,1787385600000,,203.24,203.24,G,,latest-months
162015,Luleå Sol,11,Global Irradians (svenska stationer),"medelvärde 1 timma, varje timme",watt per kvadratmeter,2026-08-22T09:00:00Z,2026-08-22T11:00:00+02:00,1787389200000,,169.41,169.41,G,,latest-months
162015,Luleå Sol,11,Global Irradians (svenska stationer),"medelvärde 1 timma, varje timme",watt per kvadratmeter,2026-08-22T10:00:00Z,2026-08-22T12:00:00+02:00,1787392800000,,219.01,219.01,G,,latest-months
162015,Luleå Sol,11,Global Irradians (svenska stationer),"medelvärde 1 timma, varje timme",watt per kvadratmeter,2026-08-22T11:00:00Z,2026-08-22T13:00:00+02:00,1787396400000,,262.47,262.47,G,,latest-months
162015,Luleå Sol,11,Global Irradians (svenska stationer),"medelvärde 1 timma, varje timme",watt per kvadratmeter,2026-08-22T12:00:00Z,2026-08-22T14:00:00+02:00,1787400000000,,295.29,295.29,G,,latest-months
162015,Luleå Sol,11,Global Irradians (svenska stationer),"medelvärde 1 timma, varje timme",watt per kvadratmeter,2026-08-22T13:00:00Z,2026-08-22T15:00:00+02:00,1787403600000,,253.75,253.75,G,,latest-months
162015,Luleå Sol,11,Global Irradians (svenska stationer),"medelvärde 1 timma, varje timme",watt per kvadratmeter,2026-08-22T14:00:00Z,2026-08-22T16:00:00+02:00,1787407200000,,393.71,393.71,G,,latest-months
162015,Luleå Sol,11,Global Irradians (svenska stationer),"medelvärde 1 timma, varje timme",watt per kvadratmeter,2026-08-22T15:00:00Z,2026-08-22T17:00:00+02:00,1787410800000,,316.13,316.13,G,,latest-months
162015,Luleå Sol,11,Global Irradians (svenska stationer),"medelvärde 1 timma, varje timme",watt per kvadratmeter,2026-08-22T16:00:00Z,2026-08-22T18:00:00+02:00,1787414400000,,230.74,230.74,G,,latest-months
162015,Luleå Sol,11,Global Irradians (svenska stationer),"medelvärde 1 timma, varje timme",watt per kvadratmeter,2026-08-22T17:00:00Z,2026-08-22T19:00:00+02:00,1787418000000,,143.74,143.74,G,,latest-months
162015,Luleå Sol,11,Global Irradians (svenska stationer),"medelvärde 1 timma, varje timme",watt per kvadratmeter,2026-08-22T18:00:00Z,2026-08-22T20:00:00+02:00,1787421600000,,51.31,51.31,G,,latest-months
162015,Luleå Sol,11,Global Irradians (svenska stationer),"medelvärde 1 timma, varje timme",watt per kvadratmeter,2026-08-22T19:00:00Z,2026-08-22T21:00:00+02:00,1787425200000,,5.51,5.51,G,,latest-months
162015,Luleå Sol,11,Global Irradians (svenska stationer),"medelvärde 1 timma, varje timme",watt per kvadratmeter,2026-08-22T20:00:00Z,2026-08-22T22:00:00+02:00,1787428800000,,0.00,0.00,G,,latest-months
162015,Luleå Sol,11,Global Irradians (svenska stationer),"medelvärde 1 timma, varje timme",watt per kvadratmeter,2026-08-22T21:00:00Z,2026-08-22T23:00:00+02:00,1787432400000,,0.00,0.00,G,,latest-months
162015,Luleå Sol,11,Global Irradians (svenska stationer),"medelvärde 1 timma, varje timme",watt per kvadratmeter,2026-08-22T22:00:00Z,2026-08-23T00:00:00+02:00,1787436000000,,0.00,0.00,G,,latest-months
162015,Luleå Sol,11,Global Irradians (svenska stationer),"medelvärde 1 timma, varje timme",watt per kvadratmeter,2026-08-22T23:00:00Z,2026-08-23T01:00:00+02:00,1787439600000,,0.00,0.00,G,,latest-months
162015,Luleå Sol,11,Global Irradians (svenska stationer),"medelvärde 1 timma, varje timme",watt per kvadratmeter,2026-08-23T00:00:00Z,2026-08-23T02:00:00+02:00,1787443200000,,0.00,0.00,G,,latest-months
162015,Luleå Sol,11,Global Irradians (svenska stationer),"medelvärde 1 timma, varje timme",watt per kvadratmeter,2026-08-23T01:00:00Z,2026-08-23T03:00:00+02:00,1787446800000,,0.00,0.00,G,,latest-months
162015,Luleå Sol,11,Global Irradians (svenska stationer),"medelvärde 1 timma, varje timme",watt per kvadratmeter,2026-08-23T02:00:00Z,2026-08-23T04:00:00+02:00,1787450400000,,0.36,0.36,G,,latest-months
162015,Luleå Sol,11,Global Irradians (svenska stationer),"medelvärde 1 timma, varje timme",watt per kvadratmeter,2026-08-23T03:00:00Z,2026-08-23T05:00:00+02:00,1787454000000,,4.51,4.51,G,,latest-months
162015,Luleå Sol,11,Global Irradians (svenska stationer),"medelvärde 1 timma, varje timme",watt per kvadratmeter,2026-08-23T04:00:00Z,2026-08-23T06:00:00+02:00,1787457600000,,40.91,40.91,G,,latest-months
162015,Luleå Sol,11,Global Irradians (svenska stationer),"medelvärde 1 timma, varje timme",watt per kvadratmeter,2026-08-23T05:00:00Z,2026-08-23T07:00:00+02:00,1787461200000,,127.11,127.11,G,,latest-months
162015,Luleå Sol,11,Global Irradians (svenska stationer),"medelvärde 1 timma, varje timme",watt per kvadratmeter,2026-08-23T06:00:00Z,2026-08-23T08:00:00+02:00,1787464800000,,233.14,233.14,G,,latest-months
162015,Luleå Sol,11,Global Irradians (svenska stationer),"medelvärde 1 timma, varje timme",watt per kvadratmeter,2026-08-23T07:00:00Z,2026-08-23T09:00:00+02:00,1787468400000,,325.28,325.28,G,,latest-months
162015,Luleå Sol,11,Global Irradians (svenska stationer),"medelvärde 1 timma, varje timme",watt per kvadratmeter,2026-08-23T08:00:00Z,2026-08-23T10:00:00+02:00,1787472000000,,387.76,387.76,G,,latest-months
162015,Luleå Sol,11,Global Irradians (svenska stationer),"medelvärde 1 timma, varje timme",watt per kvadratmeter,2026-08-23T09:00:00Z,2026-08-23T11:00:00+02:00,1787475600000,,467.71,467.71,G,,latest-months
162015,Luleå Sol,11,Global Irradians (svenska stationer),"medelvärde 1 timma, varje timme",watt per kvadratmeter,2026-08-23T10:00:00Z,2026-08-23T12:00:00+02:00,1787479200000,,469.25,469.25,G,,latest-months
162015,Luleå Sol,11,Global Irradians (svenska stationer),"medelvärde 1 timma, varje timme",watt per kvadratmeter,2026-08-23T11:00:00Z,2026-08-23T13:00:00+02:00,1787482800000,,543.16,543.16,G,,latest-months
162015,Luleå Sol,11,Global Irradians (svenska stationer),"medelvärde 1 timma, varje timme",watt per kvadratmeter,2026-08-23T12:00:00Z,2026-08-23T14:00:00+02:00,1787486400000,,469.62,469.62,G,,latest-months
162015,Luleå Sol,11,Global Irradians (svenska stationer),"medelvärde 1 timma, varje timme",watt per kvadratmeter,2026-08-23T13:00:00Z,2026-08-23T15:00:00+02:00,1787490000000,,443.67,443.67,G,,latest-months
162015,Luleå Sol,11,Global Irradians (svenska stationer),"medelvärde 1 timma, varje timme",watt per kvadratmeter,2026-08-23T14:00:00Z,2026-08-23T16:00:00+02:00,1787493600000,,366.84,366.84,G,,latest-months
162015,Luleå Sol,11,Global Irradians (svenska stationer),"medelvärde 1 timma, varje timme",watt per kvadratmeter,2026-08-23T15:00:00Z,2026-08-23T17:00:00+02:00,1787497200000,,105.35,105.35,G,,latest-months
162015,Luleå Sol,11,Global Irradians (svenska stationer),"medelvärde 1 timma, varje timme",watt per kvadratmeter,2026-08-23T16:00:00Z,2026-08-23T18:00:00+02:00,1787500800000,,151.22,151.22,G,,latest-months
162015,Luleå Sol,11,Global Irradians (svenska stationer),"medelvärde 1 timma, varje timme",watt per kvadratmeter,2026-08-23T17:00:00Z,2026-08-23T19:00:00+02:00,1787504400000,,113.38,113.38,G,,latest-months
162015,Luleå Sol,11,Global Irradians (svenska stationer),"medelvärde 1 timma, varje timme",watt per kvadratmeter,2026-08-23T18:00:00Z,2026-08-23T20:00:00+02:00,1787508000000,,26.14,26.14,G,,latest-months
162015,Luleå Sol,11,Global Irradians (svenska stationer),"medelvärde 1 timma, varje timme",watt per kvadratmeter,2026-08-23T19:00:00Z,2026-08-23T21:00:00+02:00,1787511600000,,4.44,4.44,G,,latest-months
162015,Luleå Sol,11,Global Irradians (svenska stationer),"medelvärde 1 timma, varje timme",watt per kvadratmeter,2026-08-23T20:00:00Z,2026-08-23T22:00:00+02:00,1787515200000,,0.03,0.03,G,,latest-months
162015,Luleå Sol,11,Global Irradians (svenska stationer),"medelvärde 1 timma, varje timme",watt per kvadratmeter,2026-08-23T21:00:00Z,2026-08-23T23:00:00+02:00,1787518800000,,0.00,0.00,G,,latest-months
162015,Luleå Sol,11,Global Irradians (svenska stationer),"medelvärde 1 timma, varje timme",watt per kvadratmeter,2026-08-23T22:00:00Z,2026-08-24T00:00:00+02:00,1787522400000,,0.00,0.00,G,,latest-months
162015,Luleå Sol,11,Global Irradians (svenska stationer),"medelvärde 1 timma, varje timme",watt per kvadratmeter,2026-08-23T23:00:00Z,2026-08-24T01:00:00+02:00,1787526000000,,0.00,0.00,G,,latest-months
162015,Luleå Sol,11,Global Irradians (svenska stationer),"medelvärde 1 timma, varje timme",watt per kvadratmeter,2026-08-24T00:00:00Z,2026-08-24T02:00:00+02:00,1787529600000,,0.00,0.00,G,,latest-months
162015,Luleå Sol,11,Global Irradians (svenska stationer),"medelvärde 1 timma, varje timme",watt per kvadratmeter,2026-08-24T01:00:00Z,2026-08-24T03:00:00+02:00,1787533200000,,0.00,0.00,G,,latest-months
162015,Luleå Sol,11,Global Irradians (svenska stationer),"medelvärde 1 timma, varje timme",watt per kvadratmeter,2026-08-24T02:00:00Z,2026-08-24T04:00:00+02:00,1787536800000,,0.05,0.05,G,,latest-months
162015,Luleå Sol,11,Global Irradians (svenska stationer),"medelvärde 1 timma, varje timme",watt per kvadratmeter,2026-08-24T03:00:00Z,2026-08-24T05:00:00+02:00,1787540400000,,3.14,3.14,G,,latest-months
162015,Luleå Sol,11,Global Irradians (svenska stationer),"medelvärde 1 timma, varje timme",watt per kvadratmeter,2026-08-24T04:00:00Z,2026-08-24T06:00:00+02:00,1787544000000,,31.32,31.32,G,,latest-months
162015,Luleå Sol,11,Global Irradians (svenska stationer),"medelvärde 1 timma, varje timme",watt per kvadratmeter,2026-08-24T05:00:00Z,2026-08-24T07:00:00+02:00,1787547600000,,111.95,111.95,G,,latest-months
162015,Luleå Sol,11,Global Irradians (svenska stationer),"medelvärde 1 timma, varje timme",watt per kvadratmeter,2026-08-24T06:00:00Z,2026-08-24T08:00:00+02:00,1787551200000,,217.97,217.97,G,,latest-months
162015,Luleå Sol,11,Global Irradians (svenska stationer),"medelvärde 1 timma, varje timme",watt per kvadratmeter,2026-08-24T07:00:00Z,2026-08-24T09:00:00+02:00,1787554800000,,323.34,323.34,G,,latest-months
162015,Luleå Sol,11,Global Irradians (svenska stationer),"medelvärde 1 timma, varje timme",watt per kvadratmeter,2026-08-24T08:00:00Z,2026-08-24T10:00:00+02:00,1787558400000,,425.32,425.32,G,,latest-months
162015,Luleå Sol,11,Global Irradians (svenska stationer),"medelvärde 1 timma, varje timme",watt per kvadratmeter,2026-08-24T09:00:00Z,2026-08-24T11:00:00+02:00,1787562000000,,498.33,498.33,G,,latest-months
162015,Luleå Sol,11,Global Irradians (svenska stationer),"medelvärde 1 timma, varje timme",watt per kvadratmeter,2026-08-24T10:00:00Z,2026-08-24T12:00:00+02:00,1787565600000,,533.84,533.84,G,,latest-months
162015,Luleå Sol,11,Global Irradians (svenska stationer),"medelvärde 1 timma, varje timme",watt per kvadratmeter,2026-08-24T11:00:00Z,2026-08-24T13:00:00+02:00,1787569200000,,518.25,518.25,G,,latest-months
162015,Luleå Sol,11,Global Irradians (svenska stationer),"medelvärde 1 timma, varje timme",watt per kvadratmeter,2026-08-24T12:00:00Z,2026-08-24T14:00:00+02:00,1787572800000,,461.14,461.14,G,,latest-months
162015,Luleå Sol,11,Global Irradians (svenska stationer),"medelvärde 1 timma, varje timme",watt per kvadratmeter,2026-08-24T13:00:00Z,2026-08-24T15:00:00+02:00,1787576400000,,319.49,319.49,G,,latest-months
162015,Luleå Sol,11,Global Irradians (svenska stationer),"medelvärde 1 timma, varje timme",watt per kvadratmeter,2026-08-24T14:00:00Z,2026-08-24T16:00:00+02:00,1787580000000,,244.34,244.34,G,,latest-months
162015,Luleå Sol,11,Global Irradians (svenska stationer),"medelvärde 1 timma, varje timme",watt per kvadratmeter,2026-08-24T15:00:00Z,2026-08-24T17:00:00+02:00,1787583600000,,312.91,312.91,G,,latest-months
162015,Luleå Sol,11,Global Irradians (svenska stationer),"medelvärde 1 timma, varje timme",watt per kvadratmeter,2026-08-24T16:00:00Z,2026-08-24T18:00:00+02:00,1787587200000,,200.63,200.63,G,,latest-months
162015,Luleå Sol,11,Global Irradians (svenska stationer),"medelvärde 1 timma, varje timme",watt per kvadratmeter,2026-08-24T17:00:00Z,2026-08-24T19:00:00+02:00,1787590800000,,126.22,126.22,G,,latest-months
162015,Luleå Sol,11,Global Irradians (svenska stationer),"medelvärde 1 timma, varje timme",watt per kvadratmeter,2026-08-24T18:00:00Z,2026-08-24T20:00:00+02:00,1787594400000,,45.07,45.07,G,,latest-months
162015,Luleå Sol,11,Global Irradians (svenska stationer),"medelvärde 1 timma, varje timme",watt per kvadratmeter,2026-08-24T19:00:00Z,2026-08-24T21:00:00+02:00,1787598000000,,3.91,3.91,G,,latest-months
162015,Luleå Sol,11,Global Irradians (svenska stationer),"medelvärde 1 timma, varje timme",watt per kvadratmeter,2026-08-24T20:00:00Z,2026-08-24T22:00:00+02:00,1787601600000,,0.02,0.02,G,,latest-months
162015,Luleå Sol,11,Global Irradians (svenska stationer),"medelvärde 1 timma, varje timme",watt per kvadratmeter,2026-08-24T21:00:00Z,2026-08-24T23:00:00+02:00,1787605200000,,0.00,0.00,G,,latest-months
162015,Luleå Sol,11,Global Irradians (svenska stationer),"medelvärde 1 timma, varje timme",watt per kvadratmeter,2026-08-24T22:00:00Z,2026-08-25T00:00:00+02:00,1787608800000,,0.00,0.00,G,,latest-months
162015,Luleå Sol,11,Global Irradians (svenska stationer),"medelvärde 1 timma, varje timme",watt per kvadratmeter,2026-08-24T23:00:00Z,2026-08-25T01:00:00+02:00,1787612400000,,0.00,0.00,G,,latest-months
162015,Luleå Sol,11,Global Irradians (svenska stationer),"medelvärde 1 timma, varje timme",watt per kvadratmeter,2026-08-25T00:00:00Z,2026-08-25T02:00:00+02:00,1787616000000,,0.00,0.00,G,,latest-months
162015,Luleå Sol,11,Global Irradians (svenska stationer),"medelvärde 1 timma, varje timme",watt per kvadratmeter,2026-08-25T01:00:00Z,2026-08-25T03:00:00+02:00,1787619600000,,0.00,0.00,G,,latest-months
162015,Luleå Sol,11,Global Irradians (svenska stationer),"medelvärde 1 timma, varje timme",watt per kvadratmeter,2026-08-25T02:00:00Z,2026-08-25T04:00:00+02:00,1787623200000,,0.03,0.03,G,,latest-months
162015,Luleå Sol,11,Global Irradians (svenska stationer),"medelvärde 1 timma, varje timme",watt per kvadratmeter,2026-08-25T03:00:00Z,2026-08-25T05:00:00+02:00,1787626800000,,2.91,2.91,G,,latest-months
162015,Luleå Sol,11,Global Irradians (svenska stationer),"medelvärde 1 timma, varje timme",watt per kvadratmeter,2026-08-25T04:00:00Z,2026-08-25T06:00:00+02:00,1787630400000,,28.83,28.83,G,,latest-months
162015,Luleå Sol,11,Global Irradians (svenska stationer),"medelvärde 1 timma, varje timme",watt per kvadratmeter,2026-08-25T05:00:00Z,2026-08-25T07:00:00+02:00,1787634000000,,110.58,110.58,G,,latest-months
162015,Luleå Sol,11,Global Irradians (svenska stationer),"medelvärde 1 timma, varje timme",watt per kvadratmeter,2026-08-25T06:00:00Z,2026-08-25T08:00:00+02:00,1787637600000,,206.04,206.04,G,,latest-months
162015,Luleå Sol,11,Global Irradians (svenska stationer),"medelvärde 1 timma, varje timme",watt per kvadratmeter,2026-08-25T07:00:00Z,2026-08-25T09:00:00+02:00,1787641200000,,299.93,299.93,G,,latest-months
162015,Luleå Sol,11,Global Irradians (svenska stationer),"medelvärde 1 timma, varje timme",watt per kvadratmeter,2026-08-25T08:00:00Z,2026-08-25T10:00:00+02:00,1787644800000,,317.15,317.15,G,,latest-months
162015,Luleå Sol,11,Global Irradians (svenska stationer),"medelvärde 1 timma, varje timme",watt per kvadratmeter,2026-08-25T09:00:00Z,2026-08-25T11:00:00+02:00,1787648400000,,477.66,477.66,G,,latest-months
162015,Luleå Sol,11,Global Irradians (svenska stationer),"medelvärde 1 timma, varje timme",watt per kvadratmeter,2026-08-25T10:00:00Z,2026-08-25T12:00:00+02:00,1787652000000,,508.60,508.60,G,,latest-months
162015,Luleå Sol,11,Global Irradians (svenska stationer),"medelvärde 1 timma, varje timme",watt per kvadratmeter,2026-08-25T11:00:00Z,2026-08-25T13:00:00+02:00,1787655600000,,560.54,560.54,G,,latest-months
162015,Luleå Sol,11,Global Irradians (svenska stationer),"medelvärde 1 timma, varje timme",watt per kvadratmeter,2026-08-25T12:00:00Z,2026-08-25T14:00:00+02:00,1787659200000,,505.21,505.21,G,,latest-months
162015,Luleå Sol,11,Global Irradians (svenska stationer),"medelvärde 1 timma, varje timme",watt per kvadratmeter,2026-08-25T13:00:00Z,2026-08-25T15:00:00+02:00,1787662800000,,465.30,465.30,G,,latest-months
162015,Luleå Sol,11,Global Irradians (svenska stationer),"medelvärde 1 timma, varje timme",watt per kvadratmeter,2026-08-25T14:00:00Z,2026-08-25T16:00:00+02:00,1787666400000,,377.60,377.60,G,,latest-months
162015,Luleå Sol,11,Global Irradians (svenska stationer),"medelvärde 1 timma, varje timme",watt per kvadratmeter,2026-08-25T15:00:00Z,2026-08-25T17:00:00+02:00,1787670000000,,431.22,431.22,G,,latest-months
162015,Luleå Sol,11,Global Irradians (svenska stationer),"medelvärde 1 timma, varje timme",watt per kvadratmeter,2026-08-25T16:00:00Z,2026-08-25T18:00:00+02:00,1787673600000,,300.50,300.50,G,,latest-months
162015,Luleå Sol,11,Global Irradians (svenska stationer),"medelvärde 1 timma, varje timme",watt per kvadratmeter,2026-08-25T17:00:00Z,2026-08-25T19:00:00+02:00,1787677200000,,132.43,132.43,G,,latest-months
162015,Luleå Sol,11,Global Irradians (svenska stationer),"medelvärde 1 timma, varje timme",watt per kvadratmeter,2026-08-25T18:00:00Z,2026-08-25T20:00:00+02:00,1787680800000,,44.32,44.32,G,,latest-months
162015,Luleå Sol,11,Global Irradians (svenska stationer),"medelvärde 1 timma, varje timme",watt per kvadratmeter,2026-08-25T19:00:00Z,2026-08-25T21:00:00+02:00,1787684400000,,3.82,3.82,G,,latest-months
162015,Luleå Sol,11,Global Irradians (svenska stationer),"medelvärde 1 timma, varje timme",watt per kvadratmeter,2026-08-25T20:00:00Z,2026-08-25T22:00:00+02:00,1787688000000,,0.01,0.01,G,,latest-months
162015,Luleå Sol,11,Global Irradians (svenska stationer),"medelvärde 1 timma, varje timme",watt per kvadratmeter,2026-08-25T21:00:00Z,2026-08-25T23:00:00+02:00,1787691600000,,0.00,0.00,G,,latest-months
162015,Luleå Sol,11,Global Irradians (svenska stationer),"medelvärde 1 timma, varje timme",watt per kvadratmeter,2026-08-25T22:00:00Z,2026-08-26T00:00:00+02:00,1787695200000,,0.00,0.00,G,,latest-months
162015,Luleå Sol,11,Global Irradians (svenska stationer),"medelvärde 1 timma, varje timme",watt per kvadratmeter,2026-08-25T23:00:00Z,2026-08-26T01:00:00+02:00,1787698800000,,0.00,0.00,G,,latest-months
162015,Luleå Sol,11,Global Irradians (svenska stationer),"medelvärde 1 timma, varje timme",watt per kvadratmeter,2026-08-26T00:00:00Z,2026-08-26T02:00:00+02:00,1787702400000,,0.00,0.00,G,,latest-months
162015,Luleå Sol,11,Global Irradians (svenska stationer),"medelvärde 1 timma, varje timme",watt per kvadratmeter,2026-08-26T01:00:00Z,2026-08-26T03:00:00+02:00,1787706000000,,0.00,0.00,G,,latest-months
162015,Luleå Sol,11,Global Irradians (svenska stationer),"medelvärde 1 timma, varje timme",watt per kvadratmeter,2026-08-26T02:00:00Z,2026-08-26T04:00:00+02:00,1787709600000,,0.00,0.00,G,,latest-months
162015,Luleå Sol,11,Global Irradians (svenska stationer),"medelvärde 1 timma, varje timme",watt per kvadratmeter,2026-08-26T03:00:00Z,2026-08-26T05:00:00+02:00,1787713200000,,1.87,1.87,G,,latest-months
162015,Luleå Sol,11,Global Irradians (svenska stationer),"medelvärde 1 timma, varje timme",watt per kvadratmeter,2026-08-26T04:00:00Z,2026-08-26T06:00:00+02:00,1787716800000,,22.15,22.15,G,,latest-months
162015,Luleå Sol,11,Global Irradians (svenska stationer),"medelvärde 1 timma, varje timme",watt per kvadratmeter,2026-08-26T05:00:00Z,2026-08-26T07:00:00+02:00,1787720400000,,74.04,74.04,G,,latest-months
162015,Luleå Sol,11,Global Irradians (svenska stationer),"medelvärde 1 timma, varje timme",watt per kvadratmeter,2026-08-26T06:00:00Z,2026-08-26T08:00:00+02:00,1787724000000,,106.22,106.22,G,,latest-months
162015,Luleå Sol,11,Global Irradians (svenska stationer),"medelvärde 1 timma, varje timme",watt per kvadratmeter,2026-08-26T07:00:00Z,2026-08-26T09:00:00+02:00,1787727600000,,251.64,251.64,G,,latest-months
162015,Luleå Sol,11,Global Irradians (svenska stationer),"medelvärde 1 timma, varje timme",watt per kvadratmeter,2026-08-26T08:00:00Z,2026-08-26T10:00:00+02:00,1787731200000,,435.85,435.85,G,,latest-months
162015,Luleå Sol,11,Global Irradians (svenska stationer),"medelvärde 1 timma, varje timme",watt per kvadratmeter,2026-08-26T09:00:00Z,2026-08-26T11:00:00+02:00,1787734800000,,497.89,497.89,G,,latest-months
162015,Luleå Sol,11,Global Irradians (svenska stationer),"medelvärde 1 timma, varje timme",watt per kvadratmeter,2026-08-26T10:00:00Z,2026-08-26T12:00:00+02:00,1787738400000,,401.19,401.19,G,,latest-months
162015,Luleå Sol,11,Global Irradians (svenska stationer),"medelvärde 1 timma, varje timme",watt per kvadratmeter,2026-08-26T11:00:00Z,2026-08-26T13:00:00+02:00,1787742000000,,552.90,552.90,G,,latest-months
162015,Luleå Sol,11,Global Irradians (svenska stationer),"medelvärde 1 timma, varje timme",watt per kvadratmeter,2026-08-26T12:00:00Z,2026-08-26T14:00:00+02:00,1787745600000,,238.60,238.60,G,,latest-months
162015,Luleå Sol,11,Global Irradians (svenska stationer),"medelvärde 1 timma, varje timme",watt per kvadratmeter,2026-08-26T13:00:00Z,2026-08-26T15:00:00+02:00,1787749200000,,287.94,287.94,G,,latest-months
162015,Luleå Sol,11,Global Irradians (svenska stationer),"medelvärde 1 timma, varje timme",watt per kvadratmeter,2026-08-26T14:00:00Z,2026-08-26T16:00:00+02:00,1787752800000,,204.89,204.89,G,,latest-months
162015,Luleå Sol,11,Global Irradians (svenska stationer),"medelvärde 1 timma, varje timme",watt per kvadratmeter,2026-08-26T15:00:00Z,2026-08-26T17:00:00+02:00,1787756400000,,179.41,179.41,G,,latest-months
162015,Luleå Sol,11,Global Irradians (svenska stationer),"medelvärde 1 timma, varje timme",watt per kvadratmeter,2026-08-26T16:00:00Z,2026-08-26T18:00:00+02:00,1787760000000,,188.27,188.27,G,,latest-months
162015,Luleå Sol,11,Global Irradians (svenska stationer),"medelvärde 1 timma, varje timme",watt per kvadratmeter,2026-08-26T17:00:00Z,2026-08-26T19:00:00+02:00,1787763600000,,53.20,53.20,G,,latest-months
162015,Luleå Sol,11,Global Irradians (svenska stationer),"medelvärde 1 timma, varje timme",watt per kvadratmeter,2026-08-26T18:00:00Z,2026-08-26T20:00:00+02:00,1787767200000,,13.82,13.82,G,,latest-months
162015,Luleå Sol,11,Global Irradians (svenska stationer),"medelvärde 1 timma, varje timme",watt per kvadratmeter,2026-08-26T19:00:00Z,2026-08-26T21:00:00+02:00,1787770800000,,1.60,1.60,G,,latest-months
162015,Luleå Sol,11,Global Irradians (svenska stationer),"medelvärde 1 timma, varje timme",watt per kvadratmeter,2026-08-26T20:00:00Z,2026-08-26T22:00:00+02:00,1787774400000,,0.01,0.01,G,,latest-months
162015,Luleå Sol,11,Global Irradians (svenska stationer),"medelvärde 1 timma, varje timme",watt per kvadratmeter,2026-08-26T21:00:00Z,2026-08-26T23:00:00+02:00,1787778000000,,0.00,0.00,G,,latest-months
162015,Luleå Sol,11,Global Irradians (svenska stationer),"medelvärde 1 timma, varje timme",watt per kvadratmeter,2026-08-26T22:00:00Z,2026-08-27T00:00:00+02:00,1787781600000,,0.00,0.00,G,,latest-months
162015,Luleå Sol,11,Global Irradians (svenska stationer),"medelvärde 1 timma, varje timme",watt per kvadratmeter,2026-08-26T23:00:00Z,2026-08-27T01:00:00+02:00,1787785200000,,0.00,0.00,G,,latest-months
162015,Luleå Sol,11,Global Irradians (svenska stationer),"medelvärde 1 timma, varje timme",watt per kvadratmeter,2026-08-27T00:00:00Z,2026-08-27T02:00:00+02:00,1787788800000,,0.00,0.00,G,,latest-months
162015,Luleå Sol,11,Global Irradians (svenska stationer),"medelvärde 1 timma, varje timme",watt per kvadratmeter,2026-08-27T01:00:00Z,2026-08-27T03:00:00+02:00,1787792400000,,0.00,0.00,G,,latest-months
162015,Luleå Sol,11,Global Irradians (svenska stationer),"medelvärde 1 timma, varje timme",watt per kvadratmeter,2026-08-27T02:00:00Z,2026-08-27T04:00:00+02:00,1787796000000,,0.00,0.00,G,,latest-months
162015,Luleå Sol,11,Global Irradians (svenska stationer),"medelvärde 1 timma, varje timme",watt per kvadratmeter,2026-08-27T03:00:00Z,2026-08-27T05:00:00+02:00,1787799600000,,1.05,1.05,G,,latest-months
162015,Luleå Sol,11,Global Irradians (svenska stationer),"medelvärde 1 timma, varje timme",watt per kvadratmeter,2026-08-27T04:00:00Z,2026-08-27T06:00:00+02:00,1787803200000,,12.40,12.40,G,,latest-months
162015,Luleå Sol,11,Global Irradians (svenska stationer),"medelvärde 1 timma, varje timme",watt per kvadratmeter,2026-08-27T05:00:00Z,2026-08-27T07:00:00+02:00,1787806800000,,81.75,81.75,G,,latest-months
162015,Luleå Sol,11,Global Irradians (svenska stationer),"medelvärde 1 timma, varje timme",watt per kvadratmeter,2026-08-27T06:00:00Z,2026-08-27T08:00:00+02:00,1787810400000,,218.86,218.86,G,,latest-months
162015,Luleå Sol,11,Global Irradians (svenska stationer),"medelvärde 1 timma, varje timme",watt per kvadratmeter,2026-08-27T07:00:00Z,2026-08-27T09:00:00+02:00,1787814000000,,324.60,324.60,G,,latest-months
162015,Luleå Sol,11,Global Irradians (svenska stationer),"medelvärde 1 timma, varje timme",watt per kvadratmeter,2026-08-27T08:00:00Z,2026-08-27T10:00:00+02:00,1787817600000,,413.89,413.89,G,,latest-months
162015,Luleå Sol,11,Global Irradians (svenska stationer),"medelvärde 1 timma, varje timme",watt per kvadratmeter,2026-08-27T09:00:00Z,2026-08-27T11:00:00+02:00,1787821200000,,481.96,481.96,G,,latest-months
162015,Luleå Sol,11,Global Irradians (svenska stationer),"medelvärde 1 timma, varje timme",watt per kvadratmeter,2026-08-27T10:00:00Z,2026-08-27T12:00:00+02:00,1787824800000,,532.20,532.20,G,,latest-months
162015,Luleå Sol,11,Global Irradians (svenska stationer),"medelvärde 1 timma, varje timme",watt per kvadratmeter,2026-08-27T11:00:00Z,2026-08-27T13:00:00+02:00,1787828400000,,468.48,468.48,G,,latest-months
162015,Luleå Sol,11,Global Irradians (svenska stationer),"medelvärde 1 timma, varje timme",watt per kvadratmeter,2026-08-27T12:00:00Z,2026-08-27T14:00:00+02:00,1787832000000,,520.66,520.66,G,,latest-months
162015,Luleå Sol,11,Global Irradians (svenska stationer),"medelvärde 1 timma, varje timme",watt per kvadratmeter,2026-08-27T13:00:00Z,2026-08-27T15:00:00+02:00,1787835600000,,467.84,467.84,G,,latest-months
162015,Luleå Sol,11,Global Irradians (svenska stationer),"medelvärde 1 timma, varje timme",watt per kvadratmeter,2026-08-27T14:00:00Z,2026-08-27T16:00:00+02:00,1787839200000,,356.45,356.45,G,,latest-months
162015,Luleå Sol,11,Global Irradians (svenska stationer),"medelvärde 1 timma, varje timme",watt per kvadratmeter,2026-08-27T15:00:00Z,2026-08-27T17:00:00+02:00,1787842800000,,318.81,318.81,G,,latest-months
162015,Luleå Sol,11,Global Irradians (svenska stationer),"medelvärde 1 timma, varje timme",watt per kvadratmeter,2026-08-27T16:00:00Z,2026-08-27T18:00:00+02:00,1787846400000,,247.99,247.99,G,,latest-months
162015,Luleå Sol,11,Global Irradians (svenska stationer),"medelvärde 1 timma, varje timme",watt per kvadratmeter,2026-08-27T17:00:00Z,2026-08-27T19:00:00+02:00,1787850000000,,132.22,132.22,G,,latest-months
162015,Luleå Sol,11,Global Irradians (svenska stationer),"medelvärde 1 timma, varje timme",watt per kvadratmeter,2026-08-27T18:00:00Z,2026-08-27T20:00:00+02:00,1787853600000,,25.26,25.26,G,,latest-months
162015,Luleå Sol,11,Global Irradians (svenska stationer),"medelvärde 1 timma, varje timme",watt per kvadratmeter,2026-08-27T19:00:00Z,2026-08-27T21:00:00+02:00,1787857200000,,1.87,1.87,G,,latest-months
162015,Luleå Sol,11,Global Irradians (svenska stationer),"medelvärde 1 timma, varje timme",watt per kvadratmeter,2026-08-27T20:00:00Z,2026-08-27T22:00:00+02:00,1787860800000,,0.04,0.04,G,,latest-months
162015,Luleå Sol,11,Global Irradians (svenska stationer),"medelvärde 1 timma, varje timme",watt per kvadratmeter,2026-08-27T21:00:00Z,2026-08-27T23:00:00+02:00,1787864400000,,0.00,0.00,G,,latest-months
162015,Luleå Sol,11,Global Irradians (svenska stationer),"medelvärde 1 timma, varje timme",watt per kvadratmeter,2026-08-27T22:00:00Z,2026-08-28T00:00:00+02:00,1787868000000,,0.00,0.00,G,,latest-months
162015,Luleå Sol,11,Global Irradians (svenska stationer),"medelvärde 1 timma, varje timme",watt per kvadratmeter,2026-08-27T23:00:00Z,2026-08-28T01:00:00+02:00,1787871600000,,0.00,0.00,G,,latest-months
162015,Luleå Sol,11,Global Irradians (svenska stationer),"medelvärde 1 timma, varje timme",watt per kvadratmeter,2026-08-28T00:00:00Z,2026-08-28T02:00:00+02:00,1787875200000,,0.00,0.00,G,,latest-months
162015,Luleå Sol,11,Global Irradians (svenska stationer),"medelvärde 1 timma, varje timme",watt per kvadratmeter,2026-08-28T01:00:00Z,2026-08-28T03:00:00+02:00,1787878800000,,0.00,0.00,G,,latest-months
162015,Luleå Sol,11,Global Irradians (svenska stationer),"medelvärde 1 timma, varje timme",watt per kvadratmeter,2026-08-28T02:00:00Z,2026-08-28T04:00:00+02:00,1787882400000,,0.00,0.00,G,,latest-months
162015,Luleå Sol,11,Global Irradians (svenska stationer),"medelvärde 1 timma, varje timme",watt per kvadratmeter,2026-08-28T03:00:00Z,2026-08-28T05:00:00+02:00,1787886000000,,1.40,1.40,G,,latest-months
162015,Luleå Sol,11,Global Irradians (svenska stationer),"medelvärde 1 timma, varje timme",watt per kvadratmeter,2026-08-28T04:00:00Z,2026-08-28T06:00:00+02:00,1787889600000,,17.86,17.86,G,,latest-months
162015,Luleå Sol,11,Global Irradians (svenska stationer),"medelvärde 1 timma, varje timme",watt per kvadratmeter,2026-08-28T05:00:00Z,2026-08-28T07:00:00+02:00,1787893200000,,109.11,109.11,G,,latest-months
162015,Luleå Sol,11,Global Irradians (svenska stationer),"medelvärde 1 timma, varje timme",watt per kvadratmeter,2026-08-28T06:00:00Z,2026-08-28T08:00:00+02:00,1787896800000,,184.01,184.01,G,,latest-months
162015,Luleå Sol,11,Global Irradians (svenska stationer),"medelvärde 1 timma, varje timme",watt per kvadratmeter,2026-08-28T07:00:00Z,2026-08-28T09:00:00+02:00,1787900400000,,313.77,313.77,G,,latest-months
162015,Luleå Sol,11,Global Irradians (svenska stationer),"medelvärde 1 timma, varje timme",watt per kvadratmeter,2026-08-28T08:00:00Z,2026-08-28T10:00:00+02:00,1787904000000,,407.72,407.72,G,,latest-months
162015,Luleå Sol,11,Global Irradians (svenska stationer),"medelvärde 1 timma, varje timme",watt per kvadratmeter,2026-08-28T09:00:00Z,2026-08-28T11:00:00+02:00,1787907600000,,477.83,477.83,G,,latest-months
162015,Luleå Sol,11,Global Irradians (svenska stationer),"medelvärde 1 timma, varje timme",watt per kvadratmeter,2026-08-28T10:00:00Z,2026-08-28T12:00:00+02:00,1787911200000,,530.44,530.44,G,,latest-months
162015,Luleå Sol,11,Global Irradians (svenska stationer),"medelvärde 1 timma, varje timme",watt per kvadratmeter,2026-08-28T11:00:00Z,2026-08-28T13:00:00+02:00,1787914800000,,550.75,550.75,G,,latest-months
162015,Luleå Sol,11,Global Irradians (svenska stationer),"medelvärde 1 timma, varje timme",watt per kvadratmeter,2026-08-28T12:00:00Z,2026-08-28T14:00:00+02:00,1787918400000,,510.01,510.01,G,,latest-months
162015,Luleå Sol,11,Global Irradians (svenska stationer),"medelvärde 1 timma, varje timme",watt per kvadratmeter,2026-08-28T13:00:00Z,2026-08-28T15:00:00+02:00,1787922000000,,488.33,488.33,G,,latest-months
162015,Luleå Sol,11,Global Irradians (svenska stationer),"medelvärde 1 timma, varje timme",watt per kvadratmeter,2026-08-28T14:00:00Z,2026-08-28T16:00:00+02:00,1787925600000,,415.60,415.60,G,,latest-months
162015,Luleå Sol,11,Global Irradians (svenska stationer),"medelvärde 1 timma, varje timme",watt per kvadratmeter,2026-08-28T15:00:00Z,2026-08-28T17:00:00+02:00,1787929200000,,324.43,324.43,G,,latest-months
162015,Luleå Sol,11,Global Irradians (svenska stationer),"medelvärde 1 timma, varje timme",watt per kvadratmeter,2026-08-28T16:00:00Z,2026-08-28T18:00:00+02:00,1787932800000,,220.29,220.29,G,,latest-months
162015,Luleå Sol,11,Global Irradians (svenska stationer),"medelvärde 1 timma, varje timme",watt per kvadratmeter,2026-08-28T17:00:00Z,2026-08-28T19:00:00+02:00,1787936400000,,116.92,116.92,G,,latest-months
162015,Luleå Sol,11,Global Irradians (svenska stationer),"medelvärde 1 timma, varje timme",watt per kvadratmeter,2026-08-28T18:00:00Z,2026-08-28T20:00:00+02:00,1787940000000,,31.50,31.50,G,,latest-months
162015,Luleå Sol,11,Global Irradians (svenska stationer),"medelvärde 1 timma, varje timme",watt per kvadratmeter,2026-08-28T19:00:00Z,2026-08-28T21:00:00+02:00,1787943600000,,1.44,1.44,G,,latest-months
162015,Luleå Sol,11,Global Irradians (svenska stationer),"medelvärde 1 timma, varje timme",watt per kvadratmeter,2026-08-28T20:00:00Z,2026-08-28T22:00:00+02:00,1787947200000,,0.00,0.00,G,,latest-months
162015,Luleå Sol,11,Global Irradians (svenska stationer),"medelvärde 1 timma, varje timme",watt per kvadratmeter,2026-08-28T21:00:00Z,2026-08-28T23:00:00+02:00,1787950800000,,0.00,0.00,G,,latest-months
162015,Luleå Sol,11,Global Irradians (svenska stationer),"medelvärde 1 timma, varje timme",watt per kvadratmeter,2026-08-28T22:00:00Z,2026-08-29T00:00:00+02:00,1787954400000,,0.00,0.00,G,,latest-months
162015,Luleå Sol,11,Global Irradians (svenska stationer),"medelvärde 1 timma, varje timme",watt per kvadratmeter,2026-08-28T23:00:00Z,2026-08-29T01:00:00+02:00,1787958000000,,0.00,0.00,G,,latest-months
162015,Luleå Sol,11,Global Irradians (svenska stationer),"medelvärde 1 timma, varje timme",watt per kvadratmeter,2026-08-29T00:00:00Z,2026-08-29T02:00:00+02:00,1787961600000,,0.00,0.00,G,,latest-months
162015,Luleå Sol,11,Global Irradians (svenska stationer),"medelvärde 1 timma, varje timme",watt per kvadratmeter,2026-08-29T01:00:00Z,2026-08-29T03:00:00+02:00,1787965200000,,0.00,0.00,G,,latest-months
162015,Luleå Sol,11,Global Irradians (svenska stationer),"medelvärde 1 timma, varje timme",watt per kvadratmeter,2026-08-29T02:00:00Z,2026-08-29T04:00:00+02:00,1787968800000,,0.02,0.02,G,,latest-months
162015,Luleå Sol,11,Global Irradians (svenska stationer),"medelvärde 1 timma, varje timme",watt per kvadratmeter,2026-08-29T03:00:00Z,2026-08-29T05:00:00+02:00,1787972400000,,2.61,2.61,G,,latest-months
162015,Luleå Sol,11,Global Irradians (svenska stationer),"medelvärde 1 timma, varje timme",watt per kvadratmeter,2026-08-29T04:00:00Z,2026-08-29T06:00:00+02:00,1787976000000,,23.64,23.64,G,,latest-months
162015,Luleå Sol,11,Global Irradians (svenska stationer),"medelvärde 1 timma, varje timme",watt per kvadratmeter,2026-08-29T05:00:00Z,2026-08-29T07:00:00+02:00,1787979600000,,54.96,54.96,G,,latest-months
162015,Luleå Sol,11,Global Irradians (svenska stationer),"medelvärde 1 timma, varje timme",watt per kvadratmeter,2026-08-29T06:00:00Z,2026-08-29T08:00:00+02:00,1787983200000,,66.91,66.91,G,,latest-months
162015,Luleå Sol,11,Global Irradians (svenska stationer),"medelvärde 1 timma, varje timme",watt per kvadratmeter,2026-08-29T07:00:00Z,2026-08-29T09:00:00+02:00,1787986800000,,118.69,118.69,G,,latest-months
162015,Luleå Sol,11,Global Irradians (svenska stationer),"medelvärde 1 timma, varje timme",watt per kvadratmeter,2026-08-29T08:00:00Z,2026-08-29T10:00:00+02:00,1787990400000,,124.14,124.14,G,,latest-months
162015,Luleå Sol,11,Global Irradians (svenska stationer),"medelvärde 1 timma, varje timme",watt per kvadratmeter,2026-08-29T09:00:00Z,2026-08-29T11:00:00+02:00,1787994000000,,191.59,191.59,G,,latest-months
162015,Luleå Sol,11,Global Irradians (svenska stationer),"medelvärde 1 timma, varje timme",watt per kvadratmeter,2026-08-29T10:00:00Z,2026-08-29T12:00:00+02:00,1787997600000,,133.23,133.23,G,,latest-months
162015,Luleå Sol,11,Global Irradians (svenska stationer),"medelvärde 1 timma, varje timme",watt per kvadratmeter,2026-08-29T11:00:00Z,2026-08-29T13:00:00+02:00,1788001200000,,176.71,176.71,G,,latest-months
162015,Luleå Sol,11,Global Irradians (svenska stationer),"medelvärde 1 timma, varje timme",watt per kvadratmeter,2026-08-29T12:00:00Z,2026-08-29T14:00:00+02:00,1788004800000,,101.79,101.79,G,,latest-months
162015,Luleå Sol,11,Global Irradians (svenska stationer),"medelvärde 1 timma, varje timme",watt per kvadratmeter,2026-08-29T13:00:00Z,2026-08-29T15:00:00+02:00,1788008400000,,107.88,107.88,G,,latest-months
162015,Luleå Sol,11,Global Irradians (svenska stationer),"medelvärde 1 timma, varje timme",watt per kvadratmeter,2026-08-29T14:00:00Z,2026-08-29T16:00:00+02:00,1788012000000,,111.12,111.12,G,,latest-months
162015,Luleå Sol,11,Global Irradians (svenska stationer),"medelvärde 1 timma, varje timme",watt per kvadratmeter,2026-08-29T15:00:00Z,2026-08-29T17:00:00+02:00,1788015600000,,65.92,65.92,G,,latest-months
162015,Luleå Sol,11,Global Irradians (svenska stationer),"medelvärde 1 timma, varje timme",watt per kvadratmeter,2026-08-29T16:00:00Z,2026-08-29T18:00:00+02:00,1788019200000,,50.07,50.07,G,,latest-months
162015,Luleå Sol,11,Global Irradians (svenska stationer),"medelvärde 1 timma, varje timme",watt per kvadratmeter,2026-08-29T17:00:00Z,2026-08-29T19:00:00+02:00,1788022800000,,23.35,23.35,G,,latest-months
162015,Luleå Sol,11,Global Irradians (svenska stationer),"medelvärde 1 timma, varje timme",watt per kvadratmeter,2026-08-29T18:00:00Z,2026-08-29T20:00:00+02:00,1788026400000,,7.83,7.83,G,,latest-months
162015,Luleå Sol,11,Global Irradians (svenska stationer),"medelvärde 1 timma, varje timme",watt per kvadratmeter,2026-08-29T19:00:00Z,2026-08-29T21:00:00+02:00,1788030000000,,0.26,0.26,G,,latest-months
162015,Luleå Sol,11,Global Irradians (svenska stationer),"medelvärde 1 timma, varje timme",watt per kvadratmeter,2026-08-29T20:00:00Z,2026-08-29T22:00:00+02:00,1788033600000,,0.00,0.00,G,,latest-months
162015,Luleå Sol,11,Global Irradians (svenska stationer),"medelvärde 1 timma, varje timme",watt per kvadratmeter,2026-08-29T21:00:00Z,2026-08-29T23:00:00+02:00,1788037200000,,0.00,0.00,G,,latest-months
162015,Luleå Sol,11,Global Irradians (svenska stationer),"medelvärde 1 timma, varje timme",watt per kvadratmeter,2026-08-29T22:00:00Z,2026-08-30T00:00:00+02:00,1788040800000,,0.00,0.00,G,,latest-months
162015,Luleå Sol,11,Global Irradians (svenska stationer),"medelvärde 1 timma, varje timme",watt per kvadratmeter,2026-08-29T23:00:00Z,2026-08-30T01:00:00+02:00,1788044400000,,0.00,0.00,G,,latest-months
162015,Luleå Sol,11,Global Irradians (svenska stationer),"medelvärde 1 timma, varje timme",watt per kvadratmeter,2026-08-30T00:00:00Z,2026-08-30T02:00:00+02:00,1788048000000,,0.00,0.00,G,,latest-months
162015,Luleå Sol,11,Global Irradians (svenska stationer),"medelvärde 1 timma, varje timme",watt per kvadratmeter,2026-08-30T01:00:00Z,2026-08-30T03:00:00+02:00,1788051600000,,0.00,0.00,G,,latest-months
162015,Luleå Sol,11,Global Irradians (svenska stationer),"medelvärde 1 timma, varje timme",watt per kvadratmeter,2026-08-30T02:00:00Z,2026-08-30T04:00:00+02:00,1788055200000,,0.00,0.00,G,,latest-months
162015,Luleå Sol,11,Global Irradians (svenska stationer),"medelvärde 1 timma, varje timme",watt per kvadratmeter,2026-08-30T03:00:00Z,2026-08-30T05:00:00+02:00,1788058800000,,0.00,0.00,G,,latest-months
162015,Luleå Sol,11,Global Irradians (svenska stationer),"medelvärde 1 timma, varje timme",watt per kvadratmeter,2026-08-30T04:00:00Z,2026-08-30T06:00:00+02:00,1788062400000,,5.41,5.41,G,,latest-months
162015,Luleå Sol,11,Global Irradians (svenska stationer),"medelvärde 1 timma, varje timme",watt per kvadratmeter,2026-08-30T05:00:00Z,2026-08-30T07:00:00+02:00,1788066000000,,20.10,20.10,G,,latest-months
162015,Luleå Sol,11,Global Irradians (svenska stationer),"medelvärde 1 timma, varje timme",watt per kvadratmeter,2026-08-30T06:00:00Z,2026-08-30T08:00:00+02:00,1788069600000,,34.75,34.75,G,,latest-months
162015,Luleå Sol,11,Global Irradians (svenska stationer),"medelvärde 1 timma, varje timme",watt per kvadratmeter,2026-08-30T07:00:00Z,2026-08-30T09:00:00+02:00,1788073200000,,30.11,30.11,G,,latest-months
162015,Luleå Sol,11,Global Irradians (svenska stationer),"medelvärde 1 timma, varje timme",watt per kvadratmeter,2026-08-30T08:00:00Z,2026-08-30T10:00:00+02:00,1788076800000,,26.34,26.34,G,,latest-months
162015,Luleå Sol,11,Global Irradians (svenska stationer),"medelvärde 1 timma, varje timme",watt per kvadratmeter,2026-08-30T09:00:00Z,2026-08-30T11:00:00+02:00,1788080400000,,32.47,32.47,G,,latest-months
162015,Luleå Sol,11,Global Irradians (svenska stationer),"medelvärde 1 timma, varje timme",watt per kvadratmeter,2026-08-30T10:00:00Z,2026-08-30T12:00:00+02:00,1788084000000,,47.58,47.58,G,,latest-months
162015,Luleå Sol,11,Global Irradians (svenska stationer),"medelvärde 1 timma, varje timme",watt per kvadratmeter,2026-08-30T11:00:00Z,2026-08-30T13:00:00+02:00,1788087600000,,71.99,71.99,G,,latest-months
162015,Luleå Sol,11,Global Irradians (svenska stationer),"medelvärde 1 timma, varje timme",watt per kvadratmeter,2026-08-30T12:00:00Z,2026-08-30T14:00:00+02:00,1788091200000,,77.32,77.32,G,,latest-months
162015,Luleå Sol,11,Global Irradians (svenska stationer),"medelvärde 1 timma, varje timme",watt per kvadratmeter,2026-08-30T13:00:00Z,2026-08-30T15:00:00+02:00,1788094800000,,81.28,81.28,G,,latest-months
162015,Luleå Sol,11,Global Irradians (svenska stationer),"medelvärde 1 timma, varje timme",watt per kvadratmeter,2026-08-30T14:00:00Z,2026-08-30T16:00:00+02:00,1788098400000,,131.63,131.63,G,,latest-months
162015,Luleå Sol,11,Global Irradians (svenska stationer),"medelvärde 1 timma, varje timme",watt per kvadratmeter,2026-08-30T15:00:00Z,2026-08-30T17:00:00+02:00,1788102000000,,137.04,137.04,G,,latest-months
162015,Luleå Sol,11,Global Irradians (svenska stationer),"medelvärde 1 timma, varje timme",watt per kvadratmeter,2026-08-30T16:00:00Z,2026-08-30T18:00:00+02:00,1788105600000,,91.03,91.03,G,,latest-months
162015,Luleå Sol,11,Global Irradians (svenska stationer),"medelvärde 1 timma, varje timme",watt per kvadratmeter,2026-08-30T17:00:00Z,2026-08-30T19:00:00+02:00,1788109200000,,47.30,47.30,G,,latest-months
162015,Luleå Sol,11,Global Irradians (svenska stationer),"medelvärde 1 timma, varje timme",watt per kvadratmeter,2026-08-30T18:00:00Z,2026-08-30T20:00:00+02:00,1788112800000,,10.41,10.41,G,,latest-months
162015,Luleå Sol,11,Global Irradians (svenska stationer),"medelvärde 1 timma, varje timme",watt per kvadratmeter,2026-08-30T19:00:00Z,2026-08-30T21:00:00+02:00,1788116400000,,1.24,1.24,G,,latest-months
162015,Luleå Sol,11,Global Irradians (svenska stationer),"medelvärde 1 timma, varje timme",watt per kvadratmeter,2026-08-30T20:00:00Z,2026-08-30T22:00:00+02:00,1788120000000,,0.00,0.00,G,,latest-months
162015,Luleå Sol,11,Global Irradians (svenska stationer),"medelvärde 1 timma, varje timme",watt per kvadratmeter,2026-08-30T21:00:00Z,2026-08-30T23:00:00+02:00,1788123600000,,0.00,0.00,G,,latest-months
162015,Luleå Sol,11,Global Irradians (svenska stationer),"medelvärde 1 timma, varje timme",watt per kvadratmeter,2026-08-30T22:00:00Z,2026-08-31T00:00:00+02:00,1788127200000,,0.00,0.00,G,,latest-months
162015,Luleå Sol,11,Global Irradians (svenska stationer),"medelvärde 1 timma, varje timme",watt per kvadratmeter,2026-08-30T23:00:00Z,2026-08-31T01:00:00+02:00,1788130800000,,0.00,0.00,G,,latest-months
162015,Luleå Sol,11,Global Irradians (svenska stationer),"medelvärde 1 timma, varje timme",watt per kvadratmeter,2026-08-31T00:00:00Z,2026-08-31T02:00:00+02:00,1788134400000,,0.00,0.00,G,,latest-months
162015,Luleå Sol,11,Global Irradians (svenska stationer),"medelvärde 1 timma, varje timme",watt per kvadratmeter,2026-08-31T01:00:00Z,2026-08-31T03:00:00+02:00,1788138000000,,0.00,0.00,G,,latest-months
162015,Luleå Sol,11,Global Irradians (svenska stationer),"medelvärde 1 timma, varje timme",watt per kvadratmeter,2026-08-31T02:00:00Z,2026-08-31T04:00:00+02:00,1788141600000,,0.00,0.00,G,,latest-months
162015,Luleå Sol,11,Global Irradians (svenska stationer),"medelvärde 1 timma, varje timme",watt per kvadratmeter,2026-08-31T03:00:00Z,2026-08-31T05:00:00+02:00,1788145200000,,0.27,0.27,G,,latest-months
162015,Luleå Sol,11,Global Irradians (svenska stationer),"medelvärde 1 timma, varje timme",watt per kvadratmeter,2026-08-31T04:00:00Z,2026-08-31T06:00:00+02:00,1788148800000,,6.95,6.95,G,,latest-months
162015,Luleå Sol,11,Global Irradians (svenska stationer),"medelvärde 1 timma, varje timme",watt per kvadratmeter,2026-08-31T05:00:00Z,2026-08-31T07:00:00+02:00,1788152400000,,32.48,32.48,G,,latest-months
162015,Luleå Sol,11,Global Irradians (svenska stationer),"medelvärde 1 timma, varje timme",watt per kvadratmeter,2026-08-31T06:00:00Z,2026-08-31T08:00:00+02:00,1788156000000,,76.03,76.03,G,,latest-months
162015,Luleå Sol,11,Global Irradians (svenska stationer),"medelvärde 1 timma, varje timme",watt per kvadratmeter,2026-08-31T07:00:00Z,2026-08-31T09:00:00+02:00,1788159600000,,199.79,199.79,G,,latest-months
162015,Luleå Sol,11,Global Irradians (svenska stationer),"medelvärde 1 timma, varje timme",watt per kvadratmeter,2026-08-31T08:00:00Z,2026-08-31T10:00:00+02:00,1788163200000,,223.41,223.41,G,,latest-months
162015,Luleå Sol,11,Global Irradians (svenska stationer),"medelvärde 1 timma, varje timme",watt per kvadratmeter,2026-08-31T09:00:00Z,2026-08-31T11:00:00+02:00,1788166800000,,495.01,495.01,G,,latest-months
162015,Luleå Sol,11,Global Irradians (svenska stationer),"medelvärde 1 timma, varje timme",watt per kvadratmeter,2026-08-31T10:00:00Z,2026-08-31T12:00:00+02:00,1788170400000,,176.96,176.96,G,,latest-months
162015,Luleå Sol,11,Global Irradians (svenska stationer),"medelvärde 1 timma, varje timme",watt per kvadratmeter,2026-08-31T11:00:00Z,2026-08-31T13:00:00+02:00,1788174000000,,110.36,110.36,G,,latest-months
162015,Luleå Sol,11,Global Irradians (svenska stationer),"medelvärde 1 timma, varje timme",watt per kvadratmeter,2026-08-31T12:00:00Z,2026-08-31T14:00:00+02:00,1788177600000,,130.06,130.06,G,,latest-months
162015,Luleå Sol,11,Global Irradians (svenska stationer),"medelvärde 1 timma, varje timme",watt per kvadratmeter,2026-08-31T13:00:00Z,2026-08-31T15:00:00+02:00,1788181200000,,136.09,136.09,G,,latest-months
162015,Luleå Sol,11,Global Irradians (svenska stationer),"medelvärde 1 timma, varje timme",watt per kvadratmeter,2026-08-31T14:00:00Z,2026-08-31T16:00:00+02:00,1788184800000,,70.10,70.10,G,,latest-months
162015,Luleå Sol,11,Global Irradians (svenska stationer),"medelvärde 1 timma, varje timme",watt per kvadratmeter,2026-08-31T15:00:00Z,2026-08-31T17:00:00+02:00,1788188400000,,93.29,93.29,G,,latest-months
162015,Luleå Sol,11,Global Irradians (svenska stationer),"medelvärde 1 timma, varje timme",watt per kvadratmeter,2026-08-31T16:00:00Z,2026-08-31T18:00:00+02:00,1788192000000,,77.71,77.71,G,,latest-months
162015,Luleå Sol,11,Global Irradians (svenska stationer),"medelvärde 1 timma, varje timme",watt per kvadratmeter,2026-08-31T17:00:00Z,2026-08-31T19:00:00+02:00,1788195600000,,27.21,27.21,G,,latest-months
162015,Luleå Sol,11,Global Irradians (svenska stationer),"medelvärde 1 timma, varje timme",watt per kvadratmeter,2026-08-31T18:00:00Z,2026-08-31T20:00:00+02:00,1788199200000,,4.35,4.35,G,,latest-months
162015,Luleå Sol,11,Global Irradians (svenska stationer),"medelvärde 1 timma, varje timme",watt per kvadratmeter,2026-08-31T19:00:00Z,2026-08-31T21:00:00+02:00,1788202800000,,0.26,0.26,G,,latest-months
162015,Luleå Sol,11,Global Irradians (svenska stationer),"medelvärde 1 timma, varje timme",watt per kvadratmeter,2026-08-31T20:00:00Z,2026-08-31T22:00:00+02:00,1788206400000,,0.00,0.00,G,,latest-months
162015,Luleå Sol,11,Global Irradians (svenska stationer),"medelvärde 1 timma, varje timme",watt per kvadratmeter,2026-08-31T21:00:00Z,2026-08-31T23:00:00+02:00,1788210000000,,0.00,0.00,G,,latest-months
162015,Luleå Sol,11,Global Irradians (svenska stationer),"medelvärde 1 timma, varje timme",watt per kvadratmeter,2026-08-31T22:00:00Z,2026-09-01T00:00:00+02:00,1788213600000,,0.00,0.00,G,,latest-months
162015,Luleå Sol,11,Global Irradians (svenska stationer),"medelvärde 1 timma, varje timme",watt per kvadratmeter,2026-08-31T23:00:00Z,2026-09-01T01:00:00+02:00,1788217200000,,0.00,0.00,G,,latest-months
162015,Luleå Sol,11,Global Irradians (svenska stationer),"medelvärde 1 timma, varje timme",watt per kvadratmeter,2026-09-01T00:00:00Z,2026-09-01T02:00:00+02:00,1788220800000,,0.00,0.00,G,,latest-months
162015,Luleå Sol,11,Global Irradians (svenska stationer),"medelvärde 1 timma, varje timme",watt per kvadratmeter,2026-09-01T01:00:00Z,2026-09-01T03:00:00+02:00,1788224400000,,0.00,0.00,G,,latest-months
162015,Luleå Sol,11,Global Irradians (svenska stationer),"medelvärde 1 timma, varje timme",watt per kvadratmeter,2026-09-01T02:00:00Z,2026-09-01T04:00:00+02:00,1788228000000,,0.00,0.00,G,,latest-months
162015,Luleå Sol,11,Global Irradians (svenska stationer),"medelvärde 1 timma, varje timme",watt per kvadratmeter,2026-09-01T03:00:00Z,2026-09-01T05:00:00+02:00,1788231600000,,0.78,0.78,G,,latest-months
162015,Luleå Sol,11,Global Irradians (svenska stationer),"medelvärde 1 timma, varje timme",watt per kvadratmeter,2026-09-01T04:00:00Z,2026-09-01T06:00:00+02:00,1788235200000,,5.08,5.08,G,,latest-months
162015,Luleå Sol,11,Global Irradians (svenska stationer),"medelvärde 1 timma, varje timme",watt per kvadratmeter,2026-09-01T05:00:00Z,2026-09-01T07:00:00+02:00,1788238800000,,18.83,18.83,G,,latest-months
162015,Luleå Sol,11,Global Irradians (svenska stationer),"medelvärde 1 timma, varje timme",watt per kvadratmeter,2026-09-01T06:00:00Z,2026-09-01T08:00:00+02:00,1788242400000,,42.85,42.85,G,,latest-months
162015,Luleå Sol,11,Global Irradians (svenska stationer),"medelvärde 1 timma, varje timme",watt per kvadratmeter,2026-09-01T07:00:00Z,2026-09-01T09:00:00+02:00,1788246000000,,59.25,59.25,G,,latest-months
162015,Luleå Sol,11,Global Irradians (svenska stationer),"medelvärde 1 timma, varje timme",watt per kvadratmeter,2026-09-01T08:00:00Z,2026-09-01T10:00:00+02:00,1788249600000,,269.90,269.90,G,,latest-months
162015,Luleå Sol,11,Global Irradians (svenska stationer),"medelvärde 1 timma, varje timme",watt per kvadratmeter,2026-09-01T09:00:00Z,2026-09-01T11:00:00+02:00,1788253200000,,184.52,184.52,G,,latest-months
162015,Luleå Sol,11,Global Irradians (svenska stationer),"medelvärde 1 timma, varje timme",watt per kvadratmeter,2026-09-01T10:00:00Z,2026-09-01T12:00:00+02:00,1788256800000,,267.86,267.86,G,,latest-months
162015,Luleå Sol,11,Global Irradians (svenska stationer),"medelvärde 1 timma, varje timme",watt per kvadratmeter,2026-09-01T11:00:00Z,2026-09-01T13:00:00+02:00,1788260400000,,477.12,477.12,G,,latest-months
162015,Luleå Sol,11,Global Irradians (svenska stationer),"medelvärde 1 timma, varje timme",watt per kvadratmeter,2026-09-01T12:00:00Z,2026-09-01T14:00:00+02:00,1788264000000,,446.56,446.56,G,,latest-months
162015,Luleå Sol,11,Global Irradians (svenska stationer),"medelvärde 1 timma, varje timme",watt per kvadratmeter,2026-09-01T13:00:00Z,2026-09-01T15:00:00+02:00,1788267600000,,288.86,288.86,G,,latest-months
162015,Luleå Sol,11,Global Irradians (svenska stationer),"medelvärde 1 timma, varje timme",watt per kvadratmeter,2026-09-01T14:00:00Z,2026-09-01T16:00:00+02:00,1788271200000,,211.50,211.50,G,,latest-months
162015,Luleå Sol,11,Global Irradians (svenska stationer),"medelvärde 1 timma, varje timme",watt per kvadratmeter,2026-09-01T15:00:00Z,2026-09-01T17:00:00+02:00,1788274800000,,130.94,130.94,G,,latest-months
162015,Luleå Sol,11,Global Irradians (svenska stationer),"medelvärde 1 timma, varje timme",watt per kvadratmeter,2026-09-01T16:00:00Z,2026-09-01T18:00:00+02:00,1788278400000,,210.19,210.19,G,,latest-months
162015,Luleå Sol,11,Global Irradians (svenska stationer),"medelvärde 1 timma, varje timme",watt per kvadratmeter,2026-09-01T17:00:00Z,2026-09-01T19:00:00+02:00,1788282000000,,87.04,87.04,G,,latest-months
162015,Luleå Sol,11,Global Irradians (svenska stationer),"medelvärde 1 timma, varje timme",watt per kvadratmeter,2026-09-01T18:00:00Z,2026-09-01T20:00:00+02:00,1788285600000,,9.38,9.38,G,,latest-months
162015,Luleå Sol,11,Global Irradians (svenska stationer),"medelvärde 1 timma, varje timme",watt per kvadratmeter,2026-09-01T19:00:00Z,2026-09-01T21:00:00+02:00,1788289200000,,0.18,0.18,G,,latest-months
162015,Luleå Sol,11,Global Irradians (svenska stationer),"medelvärde 1 timma, varje timme",watt per kvadratmeter,2026-09-01T20:00:00Z,2026-09-01T22:00:00+02:00,1788292800000,,0.00,0.00,G,,latest-months
162015,Luleå Sol,11,Global Irradians (svenska stationer),"medelvärde 1 timma, varje timme",watt per kvadratmeter,2026-09-01T21:00:00Z,2026-09-01T23:00:00+02:00,1788296400000,,0.00,0.00,G,,latest-months
162015,Luleå Sol,11,Global Irradians (svenska stationer),"medelvärde 1 timma, varje timme",watt per kvadratmeter,2026-09-01T22:00:00Z,2026-09-02T00:00:00+02:00,1788300000000,,0.00,0.00,G,,latest-months
162015,Luleå Sol,11,Global Irradians (svenska stationer),"medelvärde 1 timma, varje timme",watt per kvadratmeter,2026-09-01T23:00:00Z,2026-09-02T01:00:00+02:00,1788303600000,,0.00,0.00,G,,latest-months
162015,Luleå Sol,11,Global Irradians (svenska stationer),"medelvärde 1 timma, varje timme",watt per kvadratmeter,2026-09-02T00:00:00Z,2026-09-02T02:00:00+02:00,1788307200000,,0.00,0.00,G,,latest-months
162015,Luleå Sol,11,Global Irradians (svenska stationer),"medelvärde 1 timma, varje timme",watt per kvadratmeter,2026-09-02T01:00:00Z,2026-09-02T03:00:00+02:00,1788310800000,,0.00,0.00,G,,latest-months
162015,Luleå Sol,11,Global Irradians (svenska stationer),"medelvärde 1 timma, varje timme",watt per kvadratmeter,2026-09-02T02:00:00Z,2026-09-02T04:00:00+02:00,1788314400000,,0.00,0.00,G,,latest-months
162015,Luleå Sol,11,Global Irradians (svenska stationer),"medelvärde 1 timma, varje timme",watt per kvadratmeter,2026-09-02T03:00:00Z,2026-09-02T05:00:00+02:00,1788318000000,,0.44,0.44,G,,latest-months
162015,Luleå Sol,11,Global Irradians (svenska stationer),"medelvärde 1 timma, varje timme",watt per kvadratmeter,2026-09-02T04:00:00Z,2026-09-02T06:00:00+02:00,1788321600000,,5.34,5.34,G,,latest-months
162015,Luleå Sol,11,Global Irradians (svenska stationer),"medelvärde 1 timma, varje timme",watt per kvadratmeter,2026-09-02T05:00:00Z,2026-09-02T07:00:00+02:00,1788325200000,,30.96,30.96,G,,latest-months
162015,Luleå Sol,11,Global Irradians (svenska stationer),"medelvärde 1 timma, varje timme",watt per kvadratmeter,2026-09-02T06:00:00Z,2026-09-02T08:00:00+02:00,1788328800000,,57.23,57.23,G,,latest-months
162015,Luleå Sol,11,Global Irradians (svenska stationer),"medelvärde 1 timma, varje timme",watt per kvadratmeter,2026-09-02T07:00:00Z,2026-09-02T09:00:00+02:00,1788332400000,,106.94,106.94,G,,latest-months
162015,Luleå Sol,11,Global Irradians (svenska stationer),"medelvärde 1 timma, varje timme",watt per kvadratmeter,2026-09-02T08:00:00Z,2026-09-02T10:00:00+02:00,1788336000000,,139.73,139.73,G,,latest-months
162015,Luleå Sol,11,Global Irradians (svenska stationer),"medelvärde 1 timma, varje timme",watt per kvadratmeter,2026-09-02T09:00:00Z,2026-09-02T11:00:00+02:00,1788339600000,,260.85,260.85,G,,latest-months
162015,Luleå Sol,11,Global Irradians (svenska stationer),"medelvärde 1 timma, varje timme",watt per kvadratmeter,2026-09-02T10:00:00Z,2026-09-02T12:00:00+02:00,1788343200000,,369.61,369.61,G,,latest-months
162015,Luleå Sol,11,Global Irradians (svenska stationer),"medelvärde 1 timma, varje timme",watt per kvadratmeter,2026-09-02T11:00:00Z,2026-09-02T13:00:00+02:00,1788346800000,,281.39,281.39,G,,latest-months
162015,Luleå Sol,11,Global Irradians (svenska stationer),"medelvärde 1 timma, varje timme",watt per kvadratmeter,2026-09-02T12:00:00Z,2026-09-02T14:00:00+02:00,1788350400000,,138.94,138.94,G,,latest-months
162015,Luleå Sol,11,Global Irradians (svenska stationer),"medelvärde 1 timma, varje timme",watt per kvadratmeter,2026-09-02T13:00:00Z,2026-09-02T15:00:00+02:00,1788354000000,,383.13,383.13,G,,latest-months
162015,Luleå Sol,11,Global Irradians (svenska stationer),"medelvärde 1 timma, varje timme",watt per kvadratmeter,2026-09-02T14:00:00Z,2026-09-02T16:00:00+02:00,1788357600000,,390.98,390.98,G,,latest-months
162015,Luleå Sol,11,Global Irradians (svenska stationer),"medelvärde 1 timma, varje timme",watt per kvadratmeter,2026-09-02T15:00:00Z,2026-09-02T17:00:00+02:00,1788361200000,,294.75,294.75,G,,latest-months
162015,Luleå Sol,11,Global Irradians (svenska stationer),"medelvärde 1 timma, varje timme",watt per kvadratmeter,2026-09-02T16:00:00Z,2026-09-02T18:00:00+02:00,1788364800000,,189.43,189.43,G,,latest-months
162015,Luleå Sol,11,Global Irradians (svenska stationer),"medelvärde 1 timma, varje timme",watt per kvadratmeter,2026-09-02T17:00:00Z,2026-09-02T19:00:00+02:00,1788368400000,,86.83,86.83,G,,latest-months
162015,Luleå Sol,11,Global Irradians (svenska stationer),"medelvärde 1 timma, varje timme",watt per kvadratmeter,2026-09-02T18:00:00Z,2026-09-02T20:00:00+02:00,1788372000000,,14.03,14.03,G,,latest-months
162015,Luleå Sol,11,Global Irradians (svenska stationer),"medelvärde 1 timma, varje timme",watt per kvadratmeter,2026-09-02T19:00:00Z,2026-09-02T21:00:00+02:00,1788375600000,,0.12,0.12,G,,latest-months
162015,Luleå Sol,11,Global Irradians (svenska stationer),"medelvärde 1 timma, varje timme",watt per kvadratmeter,2026-09-02T20:00:00Z,2026-09-02T22:00:00+02:00,1788379200000,,0.00,0.00,G,,latest-months
162015,Luleå Sol,11,Global Irradians (svenska stationer),"medelvärde 1 timma, varje timme",watt per kvadratmeter,2026-09-02T21:00:00Z,2026-09-02T23:00:00+02:00,1788382800000,,0.00,0.00,G,,latest-months
162015,Luleå Sol,11,Global Irradians (svenska stationer),"medelvärde 1 timma, varje timme",watt per kvadratmeter,2026-09-02T22:00:00Z,2026-09-03T00:00:00+02:00,1788386400000,,0.00,0.00,G,,latest-months
162015,Luleå Sol,11,Global Irradians (svenska stationer),"medelvärde 1 timma, varje timme",watt per kvadratmeter,2026-09-02T23:00:00Z,2026-09-03T01:00:00+02:00,1788390000000,,0.00,0.00,G,,latest-months
162015,Luleå Sol,11,Global Irradians (svenska stationer),"medelvärde 1 timma, varje timme",watt per kvadratmeter,2026-09-03T00:00:00Z,2026-09-03T02:00:00+02:00,1788393600000,,0.00,0.00,G,,latest-months
162015,Luleå Sol,11,Global Irradians (svenska stationer),"medelvärde 1 timma, varje timme",watt per kvadratmeter,2026-09-03T01:00:00Z,2026-09-03T03:00:00+02:00,1788397200000,,0.00,0.00,G,,latest-months
162015,Luleå Sol,11,Global Irradians (svenska stationer),"medelvärde 1 timma, varje timme",watt per kvadratmeter,2026-09-03T02:00:00Z,2026-09-03T04:00:00+02:00,1788400800000,,0.00,0.00,G,,latest-months
162015,Luleå Sol,11,Global Irradians (svenska stationer),"medelvärde 1 timma, varje timme",watt per kvadratmeter,2026-09-03T03:00:00Z,2026-09-03T05:00:00+02:00,1788404400000,,0.50,0.50,G,,latest-months
162015,Luleå Sol,11,Global Irradians (svenska stationer),"medelvärde 1 timma, varje timme",watt per kvadratmeter,2026-09-03T04:00:00Z,2026-09-03T06:00:00+02:00,1788408000000,,3.66,3.66,G,,latest-months
162015,Luleå Sol,11,Global Irradians (svenska stationer),"medelvärde 1 timma, varje timme",watt per kvadratmeter,2026-09-03T05:00:00Z,2026-09-03T07:00:00+02:00,1788411600000,,84.83,84.83,G,,latest-months
162015,Luleå Sol,11,Global Irradians (svenska stationer),"medelvärde 1 timma, varje timme",watt per kvadratmeter,2026-09-03T06:00:00Z,2026-09-03T08:00:00+02:00,1788415200000,,190.52,190.52,G,,latest-months
162015,Luleå Sol,11,Global Irradians (svenska stationer),"medelvärde 1 timma, varje timme",watt per kvadratmeter,2026-09-03T07:00:00Z,2026-09-03T09:00:00+02:00,1788418800000,,127.60,127.60,G,,latest-months
162015,Luleå Sol,11,Global Irradians (svenska stationer),"medelvärde 1 timma, varje timme",watt per kvadratmeter,2026-09-03T08:00:00Z,2026-09-03T10:00:00+02:00,1788422400000,,97.18,97.18,G,,latest-months
162015,Luleå Sol,11,Global Irradians (svenska stationer),"medelvärde 1 timma, varje timme",watt per kvadratmeter,2026-09-03T09:00:00Z,2026-09-03T11:00:00+02:00,1788426000000,,109.53,109.53,G,,latest-months
162015,Luleå Sol,11,Global Irradians (svenska stationer),"medelvärde 1 timma, varje timme",watt per kvadratmeter,2026-09-03T10:00:00Z,2026-09-03T12:00:00+02:00,1788429600000,,337.80,337.80,G,,latest-months
162015,Luleå Sol,11,Global Irradians (svenska stationer),"medelvärde 1 timma, varje timme",watt per kvadratmeter,2026-09-03T11:00:00Z,2026-09-03T13:00:00+02:00,1788433200000,,237.07,237.07,G,,latest-months
162015,Luleå Sol,11,Global Irradians (svenska stationer),"medelvärde 1 timma, varje timme",watt per kvadratmeter,2026-09-03T12:00:00Z,2026-09-03T14:00:00+02:00,1788436800000,,248.06,248.06,G,,latest-months
162015,Luleå Sol,11,Global Irradians (svenska stationer),"medelvärde 1 timma, varje timme",watt per kvadratmeter,2026-09-03T13:00:00Z,2026-09-03T15:00:00+02:00,1788440400000,,209.33,209.33,G,,latest-months
162015,Luleå Sol,11,Global Irradians (svenska stationer),"medelvärde 1 timma, varje timme",watt per kvadratmeter,2026-09-03T14:00:00Z,2026-09-03T16:00:00+02:00,1788444000000,,215.55,215.55,G,,latest-months
162015,Luleå Sol,11,Global Irradians (svenska stationer),"medelvärde 1 timma, varje timme",watt per kvadratmeter,2026-09-03T15:00:00Z,2026-09-03T17:00:00+02:00,1788447600000,,106.01,106.01,G,,latest-months
162015,Luleå Sol,11,Global Irradians (svenska stationer),"medelvärde 1 timma, varje timme",watt per kvadratmeter,2026-09-03T16:00:00Z,2026-09-03T18:00:00+02:00,1788451200000,,54.10,54.10,G,,latest-months
162015,Luleå Sol,11,Global Irradians (svenska stationer),"medelvärde 1 timma, varje timme",watt per kvadratmeter,2026-09-03T17:00:00Z,2026-09-03T19:00:00+02:00,1788454800000,,49.49,49.49,G,,latest-months
162015,Luleå Sol,11,Global Irradians (svenska stationer),"medelvärde 1 timma, varje timme",watt per kvadratmeter,2026-09-03T18:00:00Z,2026-09-03T20:00:00+02:00,1788458400000,,6.99,6.99,G,,latest-months
162015,Luleå Sol,11,Global Irradians (svenska stationer),"medelvärde 1 timma, varje timme",watt per kvadratmeter,2026-09-03T19:00:00Z,2026-09-03T21:00:00+02:00,1788462000000,,0.06,0.06,G,,latest-months
162015,Luleå Sol,11,Global Irradians (svenska stationer),"medelvärde 1 timma, varje timme",watt per kvadratmeter,2026-09-03T20:00:00Z,2026-09-03T22:00:00+02:00,1788465600000,,0.00,0.00,G,,latest-months
162015,Luleå Sol,11,Global Irradians (svenska stationer),"medelvärde 1 timma, varje timme",watt per kvadratmeter,2026-09-03T21:00:00Z,2026-09-03T23:00:00+02:00,1788469200000,,0.00,0.00,G,,latest-months
162015,Luleå Sol,11,Global Irradians (svenska stationer),"medelvärde 1 timma, varje timme",watt per kvadratmeter,2026-09-03T22:00:00Z,2026-09-04T00:00:00+02:00,1788472800000,,0.00,0.00,G,,latest-months
162015,Luleå Sol,11,Global Irradians (svenska stationer),"medelvärde 1 timma, varje timme",watt per kvadratmeter,2026-09-03T23:00:00Z,2026-09-04T01:00:00+02:00,1788476400000,,0.00,0.00,G,,latest-months
162015,Luleå Sol,11,Global Irradians (svenska stationer),"medelvärde 1 timma, varje timme",watt per kvadratmeter,2026-09-04T00:00:00Z,2026-09-04T02:00:00+02:00,1788480000000,,0.00,0.00,G,,latest-months
162015,Luleå Sol,11,Global Irradians (svenska stationer),"medelvärde 1 timma, varje timme",watt per kvadratmeter,2026-09-04T01:00:00Z,2026-09-04T03:00:00+02:00,1788483600000,,0.00,0.00,G,,latest-months
162015,Luleå Sol,11,Global Irradians (svenska stationer),"medelvärde 1 timma, varje timme",watt per kvadratmeter,2026-09-04T02:00:00Z,2026-09-04T04:00:00+02:00,1788487200000,,0.00,0.00,G,,latest-months
162015,Luleå Sol,11,Global Irradians (svenska stationer),"medelvärde 1 timma, varje timme",watt per kvadratmeter,2026-09-04T03:00:00Z,2026-09-04T05:00:00+02:00,1788490800000,,0.39,0.39,G,,latest-months
162015,Luleå Sol,11,Global Irradians (svenska stationer),"medelvärde 1 timma, varje timme",watt per kvadratmeter,2026-09-04T04:00:00Z,2026-09-04T06:00:00+02:00,1788494400000,,4.83,4.83,G,,latest-months
162015,Luleå Sol,11,Global Irradians (svenska stationer),"medelvärde 1 timma, varje timme",watt per kvadratmeter,2026-09-04T05:00:00Z,2026-09-04T07:00:00+02:00,1788498000000,,24.79,24.79,G,,latest-months
162015,Luleå Sol,11,Global Irradians (svenska stationer),"medelvärde 1 timma, varje timme",watt per kvadratmeter,2026-09-04T06:00:00Z,2026-09-04T08:00:00+02:00,1788501600000,,58.85,58.85,G,,latest-months
162015,Luleå Sol,11,Global Irradians (svenska stationer),"medelvärde 1 timma, varje timme",watt per kvadratmeter,2026-09-04T07:00:00Z,2026-09-04T09:00:00+02:00,1788505200000,,48.88,48.88,G,,latest-months
162015,Luleå Sol,11,Global Irradians (svenska stationer),"medelvärde 1 timma, varje timme",watt per kvadratmeter,2026-09-04T08:00:00Z,2026-09-04T10:00:00+02:00,1788508800000,,59.14,59.14,G,,latest-months
162015,Luleå Sol,11,Global Irradians (svenska stationer),"medelvärde 1 timma, varje timme",watt per kvadratmeter,2026-09-04T09:00:00Z,2026-09-04T11:00:00+02:00,1788512400000,,164.04,164.04,G,,latest-months
162015,Luleå Sol,11,Global Irradians (svenska stationer),"medelvärde 1 timma, varje timme",watt per kvadratmeter,2026-09-04T10:00:00Z,2026-09-04T12:00:00+02:00,1788516000000,,168.59,168.59,G,,latest-months
162015,Luleå Sol,11,Global Irradians (svenska stationer),"medelvärde 1 timma, varje timme",watt per kvadratmeter,2026-09-04T11:00:00Z,2026-09-04T13:00:00+02:00,1788519600000,,153.88,153.88,G,,latest-months
162015,Luleå Sol,11,Global Irradians (svenska stationer),"medelvärde 1 timma, varje timme",watt per kvadratmeter,2026-09-04T12:00:00Z,2026-09-04T14:00:00+02:00,1788523200000,,145.62,145.62,G,,latest-months
162015,Luleå Sol,11,Global Irradians (svenska stationer),"medelvärde 1 timma, varje timme",watt per kvadratmeter,2026-09-04T13:00:00Z,2026-09-04T15:00:00+02:00,1788526800000,,155.50,155.50,G,,latest-months
162015,Luleå Sol,11,Global Irradians (svenska stationer),"medelvärde 1 timma, varje timme",watt per kvadratmeter,2026-09-04T14:00:00Z,2026-09-04T16:00:00+02:00,1788530400000,,147.68,147.68,G,,latest-months
162015,Luleå Sol,11,Global Irradians (svenska stationer),"medelvärde 1 timma, varje timme",watt per kvadratmeter,2026-09-04T15:00:00Z,2026-09-04T17:00:00+02:00,1788534000000,,155.09,155.09,G,,latest-months
162015,Luleå Sol,11,Global Irradians (svenska stationer),"medelvärde 1 timma, varje timme",watt per kvadratmeter,2026-09-04T16:00:00Z,2026-09-04T18:00:00+02:00,1788537600000,,99.32,99.32,G,,latest-months
162015,Luleå Sol,11,Global Irradians (svenska stationer),"medelvärde 1 timma, varje timme",watt per kvadratmeter,2026-09-04T17:00:00Z,2026-09-04T19:00:00+02:00,1788541200000,,46.94,46.94,G,,latest-months
162015,Luleå Sol,11,Global Irradians (svenska stationer),"medelvärde 1 timma, varje timme",watt per kvadratmeter,2026-09-04T18:00:00Z,2026-09-04T20:00:00+02:00,1788544800000,,8.40,8.40,G,,latest-months
162015,Luleå Sol,11,Global Irradians (svenska stationer),"medelvärde 1 timma, varje timme",watt per kvadratmeter,2026-09-04T19:00:00Z,2026-09-04T21:00:00+02:00,1788548400000,,0.17,0.17,G,,latest-months
162015,Luleå Sol,11,Global Irradians (svenska stationer),"medelvärde 1 timma, varje timme",watt per kvadratmeter,2026-09-04T20:00:00Z,2026-09-04T22:00:00+02:00,1788552000000,,0.00,0.00,G,,latest-months
162015,Luleå Sol,11,Global Irradians (svenska stationer),"medelvärde 1 timma, varje timme",watt per kvadratmeter,2026-09-04T21:00:00Z,2026-09-04T23:00:00+02:00,1788555600000,,0.00,0.00,G,,latest-months
162015,Luleå Sol,11,Global Irradians (svenska stationer),"medelvärde 1 timma, varje timme",watt per kvadratmeter,2026-09-04T22:00:00Z,2026-09-05T00:00:00+02:00,1788559200000,,0.00,0.00,G,,latest-months
162015,Luleå Sol,11,Global Irradians (svenska stationer),"medelvärde 1 timma, varje timme",watt per kvadratmeter,2026-09-04T23:00:00Z,2026-09-05T01:00:00+02:00,1788562800000,,0.00,0.00,G,,latest-months
162015,Luleå Sol,11,Global Irradians (svenska stationer),"medelvärde 1 timma, varje timme",watt per kvadratmeter,2026-09-05T00:00:00Z,2026-09-05T02:00:00+02:00,1788566400000,,0.00,0.00,G,,latest-months
162015,Luleå Sol,11,Global Irradians (svenska stationer),"medelvärde 1 timma, varje timme",watt per kvadratmeter,2026-09-05T01:00:00Z,2026-09-05T03:00:00+02:00,1788570000000,,0.00,0.00,G,,latest-months
162015,Luleå Sol,11,Global Irradians (svenska stationer),"medelvärde 1 timma, varje timme",watt per kvadratmeter,2026-09-05T02:00:00Z,2026-09-05T04:00:00+02:00,1788573600000,,0.00,0.00,G,,latest-months
162015,Luleå Sol,11,Global Irradians (svenska stationer),"medelvärde 1 timma, varje timme",watt per kvadratmeter,2026-09-05T03:00:00Z,2026-09-05T05:00:00+02:00,1788577200000,,0.49,0.49,G,,latest-months
162015,Luleå Sol,11,Global Irradians (svenska stationer),"medelvärde 1 timma, varje timme",watt per kvadratmeter,2026-09-05T04:00:00Z,2026-09-05T06:00:00+02:00,1788580800000,,3.41,3.41,G,,latest-months
162015,Luleå Sol,11,Global Irradians (svenska stationer),"medelvärde 1 timma, varje timme",watt per kvadratmeter,2026-09-05T05:00:00Z,2026-09-05T07:00:00+02:00,1788584400000,,19.96,19.96,G,,latest-months
162015,Luleå Sol,11,Global Irradians (svenska stationer),"medelvärde 1 timma, varje timme",watt per kvadratmeter,2026-09-05T06:00:00Z,2026-09-05T08:00:00+02:00,1788588000000,,85.33,85.33,G,,latest-months
162015,Luleå Sol,11,Global Irradians (svenska stationer),"medelvärde 1 timma, varje timme",watt per kvadratmeter,2026-09-05T07:00:00Z,2026-09-05T09:00:00+02:00,1788591600000,,203.18,203.18,G,,latest-months
162015,Luleå Sol,11,Global Irradians (svenska stationer),"medelvärde 1 timma, varje timme",watt per kvadratmeter,2026-09-05T08:00:00Z,2026-09-05T10:00:00+02:00,1788595200000,,259.16,259.16,G,,latest-months
162015,Luleå Sol,11,Global Irradians (svenska stationer),"medelvärde 1 timma, varje timme",watt per kvadratmeter,2026-09-05T09:00:00Z,2026-09-05T11:00:00+02:00,1788598800000,,255.89,255.89,G,,latest-months
162015,Luleå Sol,11,Global Irradians (svenska stationer),"medelvärde 1 timma, varje timme",watt per kvadratmeter,2026-09-05T10:00:00Z,2026-09-05T12:00:00+02:00,1788602400000,,289.92,289.92,G,,latest-months
162015,Luleå Sol,11,Global Irradians (svenska stationer),"medelvärde 1 timma, varje timme",watt per kvadratmeter,2026-09-05T11:00:00Z,2026-09-05T13:00:00+02:00,1788606000000,,434.71,434.71,G,,latest-months
162015,Luleå Sol,11,Global Irradians (svenska stationer),"medelvärde 1 timma, varje timme",watt per kvadratmeter,2026-09-05T12:00:00Z,2026-09-05T14:00:00+02:00,1788609600000,,460.43,460.43,G,,latest-months
162015,Luleå Sol,11,Global Irradians (svenska stationer),"medelvärde 1 timma, varje timme",watt per kvadratmeter,2026-09-05T13:00:00Z,2026-09-05T15:00:00+02:00,1788613200000,,379.83,379.83,G,,latest-months
162015,Luleå Sol,11,Global Irradians (svenska stationer),"medelvärde 1 timma, varje timme",watt per kvadratmeter,2026-09-05T14:00:00Z,2026-09-05T16:00:00+02:00,1788616800000,,303.31,303.31,G,,latest-months
162015,Luleå Sol,11,Global Irradians (svenska stationer),"medelvärde 1 timma, varje timme",watt per kvadratmeter,2026-09-05T15:00:00Z,2026-09-05T17:00:00+02:00,1788620400000,,231.80,231.80,G,,latest-months
162015,Luleå Sol,11,Global Irradians (svenska stationer),"medelvärde 1 timma, varje timme",watt per kvadratmeter,2026-09-05T16:00:00Z,2026-09-05T18:00:00+02:00,1788624000000,,125.64,125.64,G,,latest-months
162015,Luleå Sol,11,Global Irradians (svenska stationer),"medelvärde 1 timma, varje timme",watt per kvadratmeter,2026-09-05T17:00:00Z,2026-09-05T19:00:00+02:00,1788627600000,,72.42,72.42,G,,latest-months
162015,Luleå Sol,11,Global Irradians (svenska stationer),"medelvärde 1 timma, varje timme",watt per kvadratmeter,2026-09-05T18:00:00Z,2026-09-05T20:00:00+02:00,1788631200000,,13.89,13.89,G,,latest-months
162015,Luleå Sol,11,Global Irradians (svenska stationer),"medelvärde 1 timma, varje timme",watt per kvadratmeter,2026-09-05T19:00:00Z,2026-09-05T21:00:00+02:00,1788634800000,,0.06,0.06,G,,latest-months
162015,Luleå Sol,11,Global Irradians (svenska stationer),"medelvärde 1 timma, varje timme",watt per kvadratmeter,2026-09-05T20:00:00Z,2026-09-05T22:00:00+02:00,1788638400000,,0.00,0.00,G,,latest-months
162015,Luleå Sol,11,Global Irradians (svenska stationer),"medelvärde 1 timma, varje timme",watt per kvadratmeter,2026-09-05T21:00:00Z,2026-09-05T23:00:00+02:00,1788642000000,,0.00,0.00,G,,latest-months
162015,Luleå Sol,11,Global Irradians (svenska stationer),"medelvärde 1 timma, varje timme",watt per kvadratmeter,2026-09-05T22:00:00Z,2026-09-06T00:00:00+02:00,1788645600000,,0.00,0.00,G,,latest-months
162015,Luleå Sol,11,Global Irradians (svenska stationer),"medelvärde 1 timma, varje timme",watt per kvadratmeter,2026-09-05T23:00:00Z,2026-09-06T01:00:00+02:00,1788649200000,,0.00,0.00,G,,latest-months
162015,Luleå Sol,11,Global Irradians (svenska stationer),"medelvärde 1 timma, varje timme",watt per kvadratmeter,2026-09-06T00:00:00Z,2026-09-06T02:00:00+02:00,1788652800000,,0.00,0.00,G,,latest-months
162015,Luleå Sol,11,Global Irradians (svenska stationer),"medelvärde 1 timma, varje timme",watt per kvadratmeter,2026-09-06T01:00:00Z,2026-09-06T03:00:00+02:00,1788656400000,,0.00,0.00,G,,latest-months
162015,Luleå Sol,11,Global Irradians (svenska stationer),"medelvärde 1 timma, varje timme",watt per kvadratmeter,2026-09-06T02:00:00Z,2026-09-06T04:00:00+02:00,1788660000000,,0.00,0.00,G,,latest-months
162015,Luleå Sol,11,Global Irradians (svenska stationer),"medelvärde 1 timma, varje timme",watt per kvadratmeter,2026-09-06T03:00:00Z,2026-09-06T05:00:00+02:00,1788663600000,,0.07,0.07,G,,latest-months
162015,Luleå Sol,11,Global Irradians (svenska stationer),"medelvärde 1 timma, varje timme",watt per kvadratmeter,2026-09-06T04:00:00Z,2026-09-06T06:00:00+02:00,1788667200000,,5.67,5.67,G,,latest-months
162015,Luleå Sol,11,Global Irradians (svenska stationer),"medelvärde 1 timma, varje timme",watt per kvadratmeter,2026-09-06T05:00:00Z,2026-09-06T07:00:00+02:00,1788670800000,,66.67,66.67,G,,latest-months
162015,Luleå Sol,11,Global Irradians (svenska stationer),"medelvärde 1 timma, varje timme",watt per kvadratmeter,2026-09-06T06:00:00Z,2026-09-06T08:00:00+02:00,1788674400000,,180.95,180.95,G,,latest-months
162015,Luleå Sol,11,Global Irradians (svenska stationer),"medelvärde 1 timma, varje timme",watt per kvadratmeter,2026-09-06T07:00:00Z,2026-09-06T09:00:00+02:00,1788678000000,,286.16,286.16,G,,latest-months
162015,Luleå Sol,11,Global Irradians (svenska stationer),"medelvärde 1 timma, varje timme",watt per kvadratmeter,2026-09-06T08:00:00Z,2026-09-06T10:00:00+02:00,1788681600000,,380.77,380.77,G,,latest-months
162015,Luleå Sol,11,Global Irradians (svenska stationer),"medelvärde 1 timma, varje timme",watt per kvadratmeter,2026-09-06T09:00:00Z,2026-09-06T11:00:00+02:00,1788685200000,,456.71,456.71,G,,latest-months
162015,Luleå Sol,11,Global Irradians (svenska stationer),"medelvärde 1 timma, varje timme",watt per kvadratmeter,2026-09-06T10:00:00Z,2026-09-06T12:00:00+02:00,1788688800000,,501.41,501.41,G,,latest-months
162015,Luleå Sol,11,Global Irradians (svenska stationer),"medelvärde 1 timma, varje timme",watt per kvadratmeter,2026-09-06T11:00:00Z,2026-09-06T13:00:00+02:00,1788692400000,,519.35,519.35,G,,latest-months
162015,Luleå Sol,11,Global Irradians (svenska stationer),"medelvärde 1 timma, varje timme",watt per kvadratmeter,2026-09-06T12:00:00Z,2026-09-06T14:00:00+02:00,1788696000000,,502.51,502.51,G,,latest-months
162015,Luleå Sol,11,Global Irradians (svenska stationer),"medelvärde 1 timma, varje timme",watt per kvadratmeter,2026-09-06T13:00:00Z,2026-09-06T15:00:00+02:00,1788699600000,,451.76,451.76,G,,latest-months
162015,Luleå Sol,11,Global Irradians (svenska stationer),"medelvärde 1 timma, varje timme",watt per kvadratmeter,2026-09-06T14:00:00Z,2026-09-06T16:00:00+02:00,1788703200000,,373.42,373.42,G,,latest-months
162015,Luleå Sol,11,Global Irradians (svenska stationer),"medelvärde 1 timma, varje timme",watt per kvadratmeter,2026-09-06T15:00:00Z,2026-09-06T17:00:00+02:00,1788706800000,,275.68,275.68,G,,latest-months
162015,Luleå Sol,11,Global Irradians (svenska stationer),"medelvärde 1 timma, varje timme",watt per kvadratmeter,2026-09-06T16:00:00Z,2026-09-06T18:00:00+02:00,1788710400000,,173.68,173.68,G,,latest-months
162015,Luleå Sol,11,Global Irradians (svenska stationer),"medelvärde 1 timma, varje timme",watt per kvadratmeter,2026-09-06T17:00:00Z,2026-09-06T19:00:00+02:00,1788714000000,,70.41,70.41,G,,latest-months
162015,Luleå Sol,11,Global Irradians (svenska stationer),"medelvärde 1 timma, varje timme",watt per kvadratmeter,2026-09-06T18:00:00Z,2026-09-06T20:00:00+02:00,1788717600000,,8.92,8.92,G,,latest-months
162015,Luleå Sol,11,Global Irradians (svenska stationer),"medelvärde 1 timma, varje timme",watt per kvadratmeter,2026-09-06T19:00:00Z,2026-09-06T21:00:00+02:00,1788721200000,,0.12,0.12,G,,latest-months
162015,Luleå Sol,11,Global Irradians (svenska stationer),"medelvärde 1 timma, varje timme",watt per kvadratmeter,2026-09-06T20:00:00Z,2026-09-06T22:00:00+02:00,1788724800000,,0.00,0.00,G,,latest-months
162015,Luleå Sol,11,Global Irradians (svenska stationer),"medelvärde 1 timma, varje timme",watt per kvadratmeter,2026-09-06T21:00:00Z,2026-09-06T23:00:00+02:00,1788728400000,,0.00,0.00,G,,latest-months
162015,Luleå Sol,11,Global Irradians (svenska stationer),"medelvärde 1 timma, varje timme",watt per kvadratmeter,2026-09-06T22:00:00Z,2026-09-07T00:00:00+02:00,1788732000000,,0.00,0.00,G,,latest-months
162015,Luleå Sol,11,Global Irradians (svenska stationer),"medelvärde 1 timma, varje timme",watt per kvadratmeter,2026-09-06T23:00:00Z,2026-09-07T01:00:00+02:00,1788735600000,,0.00,0.00,G,,latest-months
162015,Luleå Sol,11,Global Irradians (svenska stationer),"medelvärde 1 timma, varje timme",watt per kvadratmeter,2026-09-07T00:00:00Z,2026-09-07T02:00:00+02:00,1788739200000,,0.00,0.00,G,,latest-months
162015,Luleå Sol,11,Global Irradians (svenska stationer),"medelvärde 1 timma, varje timme",watt per kvadratmeter,2026-09-07T01:00:00Z,2026-09-07T03:00:00+02:00,1788742800000,,0.00,0.00,G,,latest-months
162015,Luleå Sol,11,Global Irradians (svenska stationer),"medelvärde 1 timma, varje timme",watt per kvadratmeter,2026-09-07T02:00:00Z,2026-09-07T04:00:00+02:00,1788746400000,,0.00,0.00,G,,latest-months
162015,Luleå Sol,11,Global Irradians (svenska stationer),"medelvärde 1 timma, varje timme",watt per kvadratmeter,2026-09-07T03:00:00Z,2026-09-07T05:00:00+02:00,1788750000000,,0.03,0.03,G,,latest-months
162015,Luleå Sol,11,Global Irradians (svenska stationer),"medelvärde 1 timma, varje timme",watt per kvadratmeter,2026-09-07T04:00:00Z,2026-09-07T06:00:00+02:00,1788753600000,,10.26,10.26,G,,latest-months
162015,Luleå Sol,11,Global Irradians (svenska stationer),"medelvärde 1 timma, varje timme",watt per kvadratmeter,2026-09-07T05:00:00Z,2026-09-07T07:00:00+02:00,1788757200000,,65.21,65.21,G,,latest-months
162015,Luleå Sol,11,Global Irradians (svenska stationer),"medelvärde 1 timma, varje timme",watt per kvadratmeter,2026-09-07T06:00:00Z,2026-09-07T08:00:00+02:00,1788760800000,,189.88,189.88,G,,latest-months
162015,Luleå Sol,11,Global Irradians (svenska stationer),"medelvärde 1 timma, varje timme",watt per kvadratmeter,2026-09-07T07:00:00Z,2026-09-07T09:00:00+02:00,1788764400000,,242.52,242.52,G,,latest-months
162015,Luleå Sol,11,Global Irradians (svenska stationer),"medelvärde 1 timma, varje timme",watt per kvadratmeter,2026-09-07T08:00:00Z,2026-09-07T10:00:00+02:00,1788768000000,,328.17,328.17,G,,latest-months
162015,Luleå Sol,11,Global Irradians (svenska stationer),"medelvärde 1 timma, varje timme",watt per kvadratmeter,2026-09-07T09:00:00Z,2026-09-07T11:00:00+02:00,1788771600000,,362.75,362.75,G,,latest-months
162015,Luleå Sol,11,Global Irradians (svenska stationer),"medelvärde 1 timma, varje timme",watt per kvadratmeter,2026-09-07T10:00:00Z,2026-09-07T12:00:00+02:00,1788775200000,,214.61,214.61,G,,latest-months
162015,Luleå Sol,11,Global Irradians (svenska stationer),"medelvärde 1 timma, varje timme",watt per kvadratmeter,2026-09-07T11:00:00Z,2026-09-07T13:00:00+02:00,1788778800000,,315.68,315.68,G,,latest-months
162015,Luleå Sol,11,Global Irradians (svenska stationer),"medelvärde 1 timma, varje timme",watt per kvadratmeter,2026-09-07T12:00:00Z,2026-09-07T14:00:00+02:00,1788782400000,,251.15,251.15,G,,latest-months
162015,Luleå Sol,11,Global Irradians (svenska stationer),"medelvärde 1 timma, varje timme",watt per kvadratmeter,2026-09-07T13:00:00Z,2026-09-07T15:00:00+02:00,1788786000000,,82.93,82.93,G,,latest-months
162015,Luleå Sol,11,Global Irradians (svenska stationer),"medelvärde 1 timma, varje timme",watt per kvadratmeter,2026-09-07T14:00:00Z,2026-09-07T16:00:00+02:00,1788789600000,,76.88,76.88,G,,latest-months
162015,Luleå Sol,11,Global Irradians (svenska stationer),"medelvärde 1 timma, varje timme",watt per kvadratmeter,2026-09-07T15:00:00Z,2026-09-07T17:00:00+02:00,1788793200000,,36.82,36.82,G,,latest-months
162015,Luleå Sol,11,Global Irradians (svenska stationer),"medelvärde 1 timma, varje timme",watt per kvadratmeter,2026-09-07T16:00:00Z,2026-09-07T18:00:00+02:00,1788796800000,,16.12,16.12,G,,latest-months
162015,Luleå Sol,11,Global Irradians (svenska stationer),"medelvärde 1 timma, varje timme",watt per kvadratmeter,2026-09-07T17:00:00Z,2026-09-07T19:00:00+02:00,1788800400000,,10.16,10.16,G,,latest-months
162015,Luleå Sol,11,Global Irradians (svenska stationer),"medelvärde 1 timma, varje timme",watt per kvadratmeter,2026-09-07T18:00:00Z,2026-09-07T20:00:00+02:00,1788804000000,,1.21,1.21,G,,latest-months
162015,Luleå Sol,11,Global Irradians (svenska stationer),"medelvärde 1 timma, varje timme",watt per kvadratmeter,2026-09-07T19:00:00Z,2026-09-07T21:00:00+02:00,1788807600000,,0.04,0.04,G,,latest-months
162015,Luleå Sol,11,Global Irradians (svenska stationer),"medelvärde 1 timma, varje timme",watt per kvadratmeter,2026-09-07T20:00:00Z,2026-09-07T22:00:00+02:00,1788811200000,,0.00,0.00,G,,latest-months
162015,Luleå Sol,11,Global Irradians (svenska stationer),"medelvärde 1 timma, varje timme",watt per kvadratmeter,2026-09-07T21:00:00Z,2026-09-07T23:00:00+02:00,1788814800000,,0.00,0.00,G,,latest-months
162015,Luleå Sol,11,Global Irradians (svenska stationer),"medelvärde 1 timma, varje timme",watt per kvadratmeter,2026-09-07T22:00:00Z,2026-09-08T00:00:00+02:00,1788818400000,,0.00,0.00,G,,latest-months
162015,Luleå Sol,11,Global Irradians (svenska stationer),"medelvärde 1 timma, varje timme",watt per kvadratmeter,2026-09-07T23:00:00Z,2026-09-08T01:00:00+02:00,1788822000000,,0.00,0.00,G,,latest-months
162015,Luleå Sol,11,Global Irradians (svenska stationer),"medelvärde 1 timma, varje timme",watt per kvadratmeter,2026-09-08T00:00:00Z,2026-09-08T02:00:00+02:00,1788825600000,,0.00,0.00,G,,latest-months
162015,Luleå Sol,11,Global Irradians (svenska stationer),"medelvärde 1 timma, varje timme",watt per kvadratmeter,2026-09-08T01:00:00Z,2026-09-08T03:00:00+02:00,1788829200000,,0.00,0.00,G,,latest-months
162015,Luleå Sol,11,Global Irradians (svenska stationer),"medelvärde 1 timma, varje timme",watt per kvadratmeter,2026-09-08T02:00:00Z,2026-09-08T04:00:00+02:00,1788832800000,,0.00,0.00,G,,latest-months
162015,Luleå Sol,11,Global Irradians (svenska stationer),"medelvärde 1 timma, varje timme",watt per kvadratmeter,2026-09-08T03:00:00Z,2026-09-08T05:00:00+02:00,1788836400000,,0.01,0.01,G,,latest-months
162015,Luleå Sol,11,Global Irradians (svenska stationer),"medelvärde 1 timma, varje timme",watt per kvadratmeter,2026-09-08T04:00:00Z,2026-09-08T06:00:00+02:00,1788840000000,,0.74,0.74,G,,latest-months
162015,Luleå Sol,11,Global Irradians (svenska stationer),"medelvärde 1 timma, varje timme",watt per kvadratmeter,2026-09-08T05:00:00Z,2026-09-08T07:00:00+02:00,1788843600000,,4.34,4.34,G,,latest-months
162015,Luleå Sol,11,Global Irradians (svenska stationer),"medelvärde 1 timma, varje timme",watt per kvadratmeter,2026-09-08T06:00:00Z,2026-09-08T08:00:00+02:00,1788847200000,,7.65,7.65,G,,latest-months
162015,Luleå Sol,11,Global Irradians (svenska stationer),"medelvärde 1 timma, varje timme",watt per kvadratmeter,2026-09-08T07:00:00Z,2026-09-08T09:00:00+02:00,1788850800000,,24.64,24.64,G,,latest-months
162015,Luleå Sol,11,Global Irradians (svenska stationer),"medelvärde 1 timma, varje timme",watt per kvadratmeter,2026-09-08T08:00:00Z,2026-09-08T10:00:00+02:00,1788854400000,,32.23,32.23,G,,latest-months
162015,Luleå Sol,11,Global Irradians (svenska stationer),"medelvärde 1 timma, varje timme",watt per kvadratmeter,2026-09-08T09:00:00Z,2026-09-08T11:00:00+02:00,1788858000000,,135.15,135.15,G,,latest-months
162015,Luleå Sol,11,Global Irradians (svenska stationer),"medelvärde 1 timma, varje timme",watt per kvadratmeter,2026-09-08T10:00:00Z,2026-09-08T12:00:00+02:00,1788861600000,,136.51,136.51,G,,latest-months
162015,Luleå Sol,11,Global Irradians (svenska stationer),"medelvärde 1 timma, varje timme",watt per kvadratmeter,2026-09-08T11:00:00Z,2026-09-08T13:00:00+02:00,1788865200000,,209.29,209.29,G,,latest-months
162015,Luleå Sol,11,Global Irradians (svenska stationer),"medelvärde 1 timma, varje timme",watt per kvadratmeter,2026-09-08T12:00:00Z,2026-09-08T14:00:00+02:00,1788868800000,,325.33,325.33,G,,latest-months
162015,Luleå Sol,11,Global Irradians (svenska stationer),"medelvärde 1 timma, varje timme",watt per kvadratmeter,2026-09-08T13:00:00Z,2026-09-08T15:00:00+02:00,1788872400000,,277.07,277.07,G,,latest-months
162015,Luleå Sol,11,Global Irradians (svenska stationer),"medelvärde 1 timma, varje timme",watt per kvadratmeter,2026-09-08T14:00:00Z,2026-09-08T16:00:00+02:00,1788876000000,,244.77,244.77,G,,latest-months
162015,Luleå Sol,11,Global Irradians (svenska stationer),"medelvärde 1 timma, varje timme",watt per kvadratmeter,2026-09-08T15:00:00Z,2026-09-08T17:00:00+02:00,1788879600000,,220.66,220.66,G,,latest-months
162015,Luleå Sol,11,Global Irradians (svenska stationer),"medelvärde 1 timma, varje timme",watt per kvadratmeter,2026-09-08T16:00:00Z,2026-09-08T18:00:00+02:00,1788883200000,,123.95,123.95,G,,latest-months
162015,Luleå Sol,11,Global Irradians (svenska stationer),"medelvärde 1 timma, varje timme",watt per kvadratmeter,2026-09-08T17:00:00Z,2026-09-08T19:00:00+02:00,1788886800000,,40.95,40.95,G,,latest-months
162015,Luleå Sol,11,Global Irradians (svenska stationer),"medelvärde 1 timma, varje timme",watt per kvadratmeter,2026-09-08T18:00:00Z,2026-09-08T20:00:00+02:00,1788890400000,,3.17,3.17,G,,latest-months
162015,Luleå Sol,11,Global Irradians (svenska stationer),"medelvärde 1 timma, varje timme",watt per kvadratmeter,2026-09-08T19:00:00Z,2026-09-08T21:00:00+02:00,1788894000000,,0.17,0.17,G,,latest-months
162015,Luleå Sol,11,Global Irradians (svenska stationer),"medelvärde 1 timma, varje timme",watt per kvadratmeter,2026-09-08T20:00:00Z,2026-09-08T22:00:00+02:00,1788897600000,,0.00,0.00,G,,latest-months
162015,Luleå Sol,11,Global Irradians (svenska stationer),"medelvärde 1 timma, varje timme",watt per kvadratmeter,2026-09-08T21:00:00Z,2026-09-08T23:00:00+02:00,1788901200000,,0.00,0.00,G,,latest-months
162015,Luleå Sol,11,Global Irradians (svenska stationer),"medelvärde 1 timma, varje timme",watt per kvadratmeter,2026-09-08T22:00:00Z,2026-09-09T00:00:00+02:00,1788904800000,,0.00,0.00,G,,latest-months
162015,Luleå Sol,11,Global Irradians (svenska stationer),"medelvärde 1 timma, varje timme",watt per kvadratmeter,2026-09-08T23:00:00Z,2026-09-09T01:00:00+02:00,1788908400000,,0.00,0.00,G,,latest-months
162015,Luleå Sol,11,Global Irradians (svenska stationer),"medelvärde 1 timma, varje timme",watt per kvadratmeter,2026-09-09T00:00:00Z,2026-09-09T02:00:00+02:00,1788912000000,,0.00,0.00,G,,latest-months
162015,Luleå Sol,11,Global Irradians (svenska stationer),"medelvärde 1 timma, varje timme",watt per kvadratmeter,2026-09-09T01:00:00Z,2026-09-09T03:00:00+02:00,1788915600000,,0.00,0.00,G,,latest-months
162015,Luleå Sol,11,Global Irradians (svenska stationer),"medelvärde 1 timma, varje timme",watt per kvadratmeter,2026-09-09T02:00:00Z,2026-09-09T04:00:00+02:00,1788919200000,,0.00,0.00,G,,latest-months
162015,Luleå Sol,11,Global Irradians (svenska stationer),"medelvärde 1 timma, varje timme",watt per kvadratmeter,2026-09-09T03:00:00Z,2026-09-09T05:00:00+02:00,1788922800000,,0.05,0.05,G,,latest-months
162015,Luleå Sol,11,Global Irradians (svenska stationer),"medelvärde 1 timma, varje timme",watt per kvadratmeter,2026-09-09T04:00:00Z,2026-09-09T06:00:00+02:00,1788926400000,,2.41,2.41,G,,latest-months
162015,Luleå Sol,11,Global Irradians (svenska stationer),"medelvärde 1 timma, varje timme",watt per kvadratmeter,2026-09-09T05:00:00Z,2026-09-09T07:00:00+02:00,1788930000000,,24.93,24.93,G,,latest-months
162015,Luleå Sol,11,Global Irradians (svenska stationer),"medelvärde 1 timma, varje timme",watt per kvadratmeter,2026-09-09T06:00:00Z,2026-09-09T08:00:00+02:00,1788933600000,,139.65,139.65,G,,latest-months
162015,Luleå Sol,11,Global Irradians (svenska stationer),"medelvärde 1 timma, varje timme",watt per kvadratmeter,2026-09-09T07:00:00Z,2026-09-09T09:00:00+02:00,1788937200000,,138.96,138.96,G,,latest-months
162015,Luleå Sol,11,Global Irradians (svenska stationer),"medelvärde 1 timma, varje timme",watt per kvadratmeter,2026-09-09T08:00:00Z,2026-09-09T10:00:00+02:00,1788940800000,,154.06,154.06,G,,latest-months
162015,Luleå Sol,11,Global Irradians (svenska stationer),"medelvärde 1 timma, varje timme",watt per kvadratmeter,2026-09-09T09:00:00Z,2026-09-09T11:00:00+02:00,1788944400000,,249.69,249.69,G,,latest-months
162015,Luleå Sol,11,Global Irradians (svenska stationer),"medelvärde 1 timma, varje timme",watt per kvadratmeter,2026-09-09T10:00:00Z,2026-09-09T12:00:00+02:00,1788948000000,,260.70,260.70,G,,latest-months
162015,Luleå Sol,11,Global Irradians (svenska stationer),"medelvärde 1 timma, varje timme",watt per kvadratmeter,2026-09-09T11:00:00Z,2026-09-09T13:00:00+02:00,1788951600000,,386.38,386.38,G,,latest-months
162015,Luleå Sol,11,Global Irradians (svenska stationer),"medelvärde 1 timma, varje timme",watt per kvadratmeter,2026-09-09T12:00:00Z,2026-09-09T14:00:00+02:00,1788955200000,,330.28,330.28,G,,latest-months
162015,Luleå Sol,11,Global Irradians (svenska stationer),"medelvärde 1 timma, varje timme",watt per kvadratmeter,2026-09-09T13:00:00Z,2026-09-09T15:00:00+02:00,1788958800000,,329.64,329.64,G,,latest-months
162015,Luleå Sol,11,Global Irradians (svenska stationer),"medelvärde 1 timma, varje timme",watt per kvadratmeter,2026-09-09T14:00:00Z,2026-09-09T16:00:00+02:00,1788962400000,,208.52,208.52,G,,latest-months
162015,Luleå Sol,11,Global Irradians (svenska stationer),"medelvärde 1 timma, varje timme",watt per kvadratmeter,2026-09-09T15:00:00Z,2026-09-09T17:00:00+02:00,1788966000000,,153.06,153.06,G,,latest-months
162015,Luleå Sol,11,Global Irradians (svenska stationer),"medelvärde 1 timma, varje timme",watt per kvadratmeter,2026-09-09T16:00:00Z,2026-09-09T18:00:00+02:00,1788969600000,,73.57,73.57,G,,latest-months
162015,Luleå Sol,11,Global Irradians (svenska stationer),"medelvärde 1 timma, varje timme",watt per kvadratmeter,2026-09-09T17:00:00Z,2026-09-09T19:00:00+02:00,1788973200000,,49.12,49.12,G,,latest-months
162015,Luleå Sol,11,Global Irradians (svenska stationer),"medelvärde 1 timma, varje timme",watt per kvadratmeter,2026-09-09T18:00:00Z,2026-09-09T20:00:00+02:00,1788976800000,,4.25,4.25,G,,latest-months
162015,Luleå Sol,11,Global Irradians (svenska stationer),"medelvärde 1 timma, varje timme",watt per kvadratmeter,2026-09-09T19:00:00Z,2026-09-09T21:00:00+02:00,1788980400000,,0.00,0.00,G,,latest-months
162015,Luleå Sol,11,Global Irradians (svenska stationer),"medelvärde 1 timma, varje timme",watt per kvadratmeter,2026-09-09T20:00:00Z,2026-09-09T22:00:00+02:00,1788984000000,,0.00,0.00,G,,latest-months
162015,Luleå Sol,11,Global Irradians (svenska stationer),"medelvärde 1 timma, varje timme",watt per kvadratmeter,2026-09-09T21:00:00Z,2026-09-09T23:00:00+02:00,1788987600000,,0.00,0.00,G,,latest-months
162015,Luleå Sol,11,Global Irradians (svenska stationer),"medelvärde 1 timma, varje timme",watt per kvadratmeter,2026-09-09T22:00:00Z,2026-09-10T00:00:00+02:00,1788991200000,,0.00,0.00,G,,latest-months
162015,Luleå Sol,11,Global Irradians (svenska stationer),"medelvärde 1 timma, varje timme",watt per kvadratmeter,2026-09-09T23:00:00Z,2026-09-10T01:00:00+02:00,1788994800000,,0.00,0.00,G,,latest-months
162015,Luleå Sol,11,Global Irradians (svenska stationer),"medelvärde 1 timma, varje timme",watt per kvadratmeter,2026-09-10T00:00:00Z,2026-09-10T02:00:00+02:00,1788998400000,,0.00,0.00,G,,latest-months
162015,Luleå Sol,11,Global Irradians (svenska stationer),"medelvärde 1 timma, varje timme",watt per kvadratmeter,2026-09-10T01:00:00Z,2026-09-10T03:00:00+02:00,1789002000000,,0.00,0.00,G,,latest-months
162015,Luleå Sol,11,Global Irradians (svenska stationer),"medelvärde 1 timma, varje timme",watt per kvadratmeter,2026-09-10T02:00:00Z,2026-09-10T04:00:00+02:00,1789005600000,,0.00,0.00,G,,latest-months
162015,Luleå Sol,11,Global Irradians (svenska stationer),"medelvärde 1 timma, varje timme",watt per kvadratmeter,2026-09-10T03:00:00Z,2026-09-10T05:00:00+02:00,1789009200000,,0.00,0.00,G,,latest-months
162015,Luleå Sol,11,Global Irradians (svenska stationer),"medelvärde 1 timma, varje timme",watt per kvadratmeter,2026-09-10T04:00:00Z,2026-09-10T06:00:00+02:00,1789012800000,,3.44,3.44,G,,latest-months
162015,Luleå Sol,11,Global Irradians (svenska stationer),"medelvärde 1 timma, varje timme",watt per kvadratmeter,2026-09-10T05:00:00Z,2026-09-10T07:00:00+02:00,1789016400000,,47.28,47.28,G,,latest-months
162015,Luleå Sol,11,Global Irradians (svenska stationer),"medelvärde 1 timma, varje timme",watt per kvadratmeter,2026-09-10T06:00:00Z,2026-09-10T08:00:00+02:00,1789020000000,,143.81,143.81,G,,latest-months
162015,Luleå Sol,11,Global Irradians (svenska stationer),"medelvärde 1 timma, varje timme",watt per kvadratmeter,2026-09-10T07:00:00Z,2026-09-10T09:00:00+02:00,1789023600000,,253.21,253.21,G,,latest-months
162015,Luleå Sol,11,Global Irradians (svenska stationer),"medelvärde 1 timma, varje timme",watt per kvadratmeter,2026-09-10T08:00:00Z,2026-09-10T10:00:00+02:00,1789027200000,,345.81,345.81,G,,latest-months
162015,Luleå Sol,11,Global Irradians (svenska stationer),"medelvärde 1 timma, varje timme",watt per kvadratmeter,2026-09-10T09:00:00Z,2026-09-10T11:00:00+02:00,1789030800000,,419.91,419.91,G,,latest-months
162015,Luleå Sol,11,Global Irradians (svenska stationer),"medelvärde 1 timma, varje timme",watt per kvadratmeter,2026-09-10T10:00:00Z,2026-09-10T12:00:00+02:00,1789034400000,,466.90,466.90,G,,latest-months
162015,Luleå Sol,11,Global Irradians (svenska stationer),"medelvärde 1 timma, varje timme",watt per kvadratmeter,2026-09-10T11:00:00Z,2026-09-10T13:00:00+02:00,1789038000000,,480.51,480.51,G,,latest-months
162015,Luleå Sol,11,Global Irradians (svenska stationer),"medelvärde 1 timma, varje timme",watt per kvadratmeter,2026-09-10T12:00:00Z,2026-09-10T14:00:00+02:00,1789041600000,,465.21,465.21,G,,latest-months
162015,Luleå Sol,11,Global Irradians (svenska stationer),"medelvärde 1 timma, varje timme",watt per kvadratmeter,2026-09-10T13:00:00Z,2026-09-10T15:00:00+02:00,1789045200000,,416.08,416.08,G,,latest-months
162015,Luleå Sol,11,Global Irradians (svenska stationer),"medelvärde 1 timma, varje timme",watt per kvadratmeter,2026-09-10T14:00:00Z,2026-09-10T16:00:00+02:00,1789048800000,,342.83,342.83,G,,latest-months
162015,Luleå Sol,11,Global Irradians (svenska stationer),"medelvärde 1 timma, varje timme",watt per kvadratmeter,2026-09-10T15:00:00Z,2026-09-10T17:00:00+02:00,1789052400000,,249.97,249.97,G,,latest-months
162015,Luleå Sol,11,Global Irradians (svenska stationer),"medelvärde 1 timma, varje timme",watt per kvadratmeter,2026-09-10T16:00:00Z,2026-09-10T18:00:00+02:00,1789056000000,,146.11,146.11,G,,latest-months
162015,Luleå Sol,11,Global Irradians (svenska stationer),"medelvärde 1 timma, varje timme",watt per kvadratmeter,2026-09-10T17:00:00Z,2026-09-10T19:00:00+02:00,1789059600000,,51.16,51.16,G,,latest-months
162015,Luleå Sol,11,Global Irradians (svenska stationer),"medelvärde 1 timma, varje timme",watt per kvadratmeter,2026-09-10T18:00:00Z,2026-09-10T20:00:00+02:00,1789063200000,,2.82,2.82,G,,latest-months
162015,Luleå Sol,11,Global Irradians (svenska stationer),"medelvärde 1 timma, varje timme",watt per kvadratmeter,2026-09-10T19:00:00Z,2026-09-10T21:00:00+02:00,1789066800000,,0.00,0.00,G,,latest-months
162015,Luleå Sol,11,Global Irradians (svenska stationer),"medelvärde 1 timma, varje timme",watt per kvadratmeter,2026-09-10T20:00:00Z,2026-09-10T22:00:00+02:00,1789070400000,,0.00,0.00,G,,latest-months
162015,Luleå Sol,11,Global Irradians (svenska stationer),"medelvärde 1 timma, varje timme",watt per kvadratmeter,2026-09-10T21:00:00Z,2026-09-10T23:00:00+02:00,1789074000000,,0.00,0.00,G,,latest-months
162015,Luleå Sol,11,Global Irradians (svenska stationer),"medelvärde 1 timma, varje timme",watt per kvadratmeter,2026-09-10T22:00:00Z,2026-09-11T00:00:00+02:00,1789077600000,,0.00,0.00,G,,latest-months
162015,Luleå Sol,11,Global Irradians (svenska stationer),"medelvärde 1 timma, varje timme",watt per kvadratmeter,2026-09-10T23:00:00Z,2026-09-11T01:00:00+02:00,1789081200000,,0.00,0.00,G,,latest-months
162015,Luleå Sol,11,Global Irradians (svenska stationer),"medelvärde 1 timma, varje timme",watt per kvadratmeter,2026-09-11T00:00:00Z,2026-09-11T02:00:00+02:00,1789084800000,,0.00,0.00,G,,latest-months
162015,Luleå Sol,11,Global Irradians (svenska stationer),"medelvärde 1 timma, varje timme",watt per kvadratmeter,2026-09-11T01:00:00Z,2026-09-11T03:00:00+02:00,1789088400000,,0.00,0.00,G,,latest-months
162015,Luleå Sol,11,Global Irradians (svenska stationer),"medelvärde 1 timma, varje timme",watt per kvadratmeter,2026-09-11T02:00:00Z,2026-09-11T04:00:00+02:00,1789092000000,,0.00,0.00,G,,latest-months
162015,Luleå Sol,11,Global Irradians (svenska stationer),"medelvärde 1 timma, varje timme",watt per kvadratmeter,2026-09-11T03:00:00Z,2026-09-11T05:00:00+02:00,1789095600000,,0.18,0.18,G,,latest-months
162015,Luleå Sol,11,Global Irradians (svenska stationer),"medelvärde 1 timma, varje timme",watt per kvadratmeter,2026-09-11T04:00:00Z,2026-09-11T06:00:00+02:00,1789099200000,,3.04,3.04,G,,latest-months
162015,Luleå Sol,11,Global Irradians (svenska stationer),"medelvärde 1 timma, varje timme",watt per kvadratmeter,2026-09-11T05:00:00Z,2026-09-11T07:00:00+02:00,1789102800000,,17.95,17.95,G,,latest-months
162015,Luleå Sol,11,Global Irradians (svenska stationer),"medelvärde 1 timma, varje timme",watt per kvadratmeter,2026-09-11T06:00:00Z,2026-09-11T08:00:00+02:00,1789106400000,,40.81,40.81,G,,latest-months
162015,Luleå Sol,11,Global Irradians (svenska stationer),"medelvärde 1 timma, varje timme",watt per kvadratmeter,2026-09-11T07:00:00Z,2026-09-11T09:00:00+02:00,1789110000000,,97.16,97.16,G,,latest-months
162015,Luleå Sol,11,Global Irradians (svenska stationer),"medelvärde 1 timma, varje timme",watt per kvadratmeter,2026-09-11T08:00:00Z,2026-09-11T10:00:00+02:00,1789113600000,,169.12,169.12,G,,latest-months
162015,Luleå Sol,11,Global Irradians (svenska stationer),"medelvärde 1 timma, varje timme",watt per kvadratmeter,2026-09-11T09:00:00Z,2026-09-11T11:00:00+02:00,1789117200000,,224.43,224.43,G,,latest-months
162015,Luleå Sol,11,Global Irradians (svenska stationer),"medelvärde 1 timma, varje timme",watt per kvadratmeter,2026-09-11T10:00:00Z,2026-09-11T12:00:00+02:00,1789120800000,,205.88,205.88,G,,latest-months
162015,Luleå Sol,11,Global Irradians (svenska stationer),"medelvärde 1 timma, varje timme",watt per kvadratmeter,2026-09-11T11:00:00Z,2026-09-11T13:00:00+02:00,1789124400000,,258.16,258.16,G,,latest-months
162015,Luleå Sol,11,Global Irradians (svenska stationer),"medelvärde 1 timma, varje timme",watt per kvadratmeter,2026-09-11T12:00:00Z,2026-09-11T14:00:00+02:00,1789128000000,,311.80,311.80,G,,latest-months
162015,Luleå Sol,11,Global Irradians (svenska stationer),"medelvärde 1 timma, varje timme",watt per kvadratmeter,2026-09-11T13:00:00Z,2026-09-11T15:00:00+02:00,1789131600000,,305.82,305.82,G,,latest-months
162015,Luleå Sol,11,Global Irradians (svenska stationer),"medelvärde 1 timma, varje timme",watt per kvadratmeter,2026-09-11T14:00:00Z,2026-09-11T16:00:00+02:00,1789135200000,,249.73,249.73,G,,latest-months
162015,Luleå Sol,11,Global Irradians (svenska stationer),"medelvärde 1 timma, varje timme",watt per kvadratmeter,2026-09-11T15:00:00Z,2026-09-11T17:00:00+02:00,1789138800000,,88.65,88.65,G,,latest-months
162015,Luleå Sol,11,Global Irradians (svenska stationer),"medelvärde 1 timma, varje timme",watt per kvadratmeter,2026-09-11T16:00:00Z,2026-09-11T18:00:00+02:00,1789142400000,,59.80,59.80,G,,latest-months
162015,Luleå Sol,11,Global Irradians (svenska stationer),"medelvärde 1 timma, varje timme",watt per kvadratmeter,2026-09-11T17:00:00Z,2026-09-11T19:00:00+02:00,1789146000000,,30.92,30.92,G,,latest-months
162015,Luleå Sol,11,Global Irradians (svenska stationer),"medelvärde 1 timma, varje timme",watt per kvadratmeter,2026-09-11T18:00:00Z,2026-09-11T20:00:00+02:00,1789149600000,,3.54,3.54,G,,latest-months
162015,Luleå Sol,11,Global Irradians (svenska stationer),"medelvärde 1 timma, varje timme",watt per kvadratmeter,2026-09-11T19:00:00Z,2026-09-11T21:00:00+02:00,1789153200000,,0.01,0.01,G,,latest-months
162015,Luleå Sol,11,Global Irradians (svenska stationer),"medelvärde 1 timma, varje timme",watt per kvadratmeter,2026-09-11T20:00:00Z,2026-09-11T22:00:00+02:00,1789156800000,,0.00,0.00,G,,latest-months
162015,Luleå Sol,11,Global Irradians (svenska stationer),"medelvärde 1 timma, varje timme",watt per kvadratmeter,2026-09-11T21:00:00Z,2026-09-11T23:00:00+02:00,1789160400000,,0.00,0.00,G,,latest-months
162015,Luleå Sol,11,Global Irradians (svenska stationer),"medelvärde 1 timma, varje timme",watt per kvadratmeter,2026-09-11T22:00:00Z,2026-09-12T00:00:00+02:00,1789164000000,,0.00,0.00,G,,latest-months
162015,Luleå Sol,11,Global Irradians (svenska stationer),"medelvärde 1 timma, varje timme",watt per kvadratmeter,2026-09-11T23:00:00Z,2026-09-12T01:00:00+02:00,1789167600000,,0.00,0.00,G,,latest-months
162015,Luleå Sol,11,Global Irradians (svenska stationer),"medelvärde 1 timma, varje timme",watt per kvadratmeter,2026-09-12T00:00:00Z,2026-09-12T02:00:00+02:00,1789171200000,,0.00,0.00,G,,latest-months
162015,Luleå Sol,11,Global Irradians (svenska stationer),"medelvärde 1 timma, varje timme",watt per kvadratmeter,2026-09-12T01:00:00Z,2026-09-12T03:00:00+02:00,1789174800000,,0.00,0.00,G,,latest-months
162015,Luleå Sol,11,Global Irradians (svenska stationer),"medelvärde 1 timma, varje timme",watt per kvadratmeter,2026-09-12T02:00:00Z,2026-09-12T04:00:00+02:00,1789178400000,,0.00,0.00,G,,latest-months
162015,Luleå Sol,11,Global Irradians (svenska stationer),"medelvärde 1 timma, varje timme",watt per kvadratmeter,2026-09-12T03:00:00Z,2026-09-12T05:00:00+02:00,1789182000000,,0.00,0.00,G,,latest-months
162015,Luleå Sol,11,Global Irradians (svenska stationer),"medelvärde 1 timma, varje timme",watt per kvadratmeter,2026-09-12T04:00:00Z,2026-09-12T06:00:00+02:00,1789185600000,,2.79,2.79,G,,latest-months
162015,Luleå Sol,11,Global Irradians (svenska stationer),"medelvärde 1 timma, varje timme",watt per kvadratmeter,2026-09-12T05:00:00Z,2026-09-12T07:00:00+02:00,1789189200000,,45.43,45.43,G,,latest-months
162015,Luleå Sol,11,Global Irradians (svenska stationer),"medelvärde 1 timma, varje timme",watt per kvadratmeter,2026-09-12T06:00:00Z,2026-09-12T08:00:00+02:00,1789192800000,,139.24,139.24,G,,latest-months
162015,Luleå Sol,11,Global Irradians (svenska stationer),"medelvärde 1 timma, varje timme",watt per kvadratmeter,2026-09-12T07:00:00Z,2026-09-12T09:00:00+02:00,1789196400000,,243.80,243.80,G,,latest-months
162015,Luleå Sol,11,Global Irradians (svenska stationer),"medelvärde 1 timma, varje timme",watt per kvadratmeter,2026-09-12T08:00:00Z,2026-09-12T10:00:00+02:00,1789200000000,,330.39,330.39,G,,latest-months
162015,Luleå Sol,11,Global Irradians (svenska stationer),"medelvärde 1 timma, varje timme",watt per kvadratmeter,2026-09-12T09:00:00Z,2026-09-12T11:00:00+02:00,1789203600000,,402.05,402.05,G,,latest-months
162015,Luleå Sol,11,Global Irradians (svenska stationer),"medelvärde 1 timma, varje timme",watt per kvadratmeter,2026-09-12T10:00:00Z,2026-09-12T12:00:00+02:00,1789207200000,,449.76,449.76,G,,latest-months
162015,Luleå Sol,11,Global Irradians (svenska stationer),"medelvärde 1 timma, varje timme",watt per kvadratmeter,2026-09-12T11:00:00Z,2026-09-12T13:00:00+02:00,1789210800000,,462.20,462.20,G,,latest-months
162015,Luleå Sol,11,Global Irradians (svenska stationer),"medelvärde 1 timma, varje timme",watt per kvadratmeter,2026-09-12T12:00:00Z,2026-09-12T14:00:00+02:00,1789214400000,,444.87,444.87,G,,latest-months
162015,Luleå Sol,11,Global Irradians (svenska stationer),"medelvärde 1 timma, varje timme",watt per kvadratmeter,2026-09-12T13:00:00Z,2026-09-12T15:00:00+02:00,1789218000000,,397.78,397.78,G,,latest-months
162015,Luleå Sol,11,Global Irradians (svenska stationer),"medelvärde 1 timma, varje timme",watt per kvadratmeter,2026-09-12T14:00:00Z,2026-09-12T16:00:00+02:00,1789221600000,,324.22,324.22,G,,latest-months
162015,Luleå Sol,11,Global Irradians (svenska stationer),"medelvärde 1 timma, varje timme",watt per kvadratmeter,2026-09-12T15:00:00Z,2026-09-12T17:00:00+02:00,1789225200000,,226.56,226.56,G,,latest-months
162015,Luleå Sol,11,Global Irradians (svenska stationer),"medelvärde 1 timma, varje timme",watt per kvadratmeter,2026-09-12T16:00:00Z,2026-09-12T18:00:00+02:00,1789228800000,,118.57,118.57,G,,latest-months
162015,Luleå Sol,11,Global Irradians (svenska stationer),"medelvärde 1 timma, varje timme",watt per kvadratmeter,2026-09-12T17:00:00Z,2026-09-12T19:00:00+02:00,1789232400000,,30.81,30.81,G,,latest-months
162015,Luleå Sol,11,Global Irradians (svenska stationer),"medelvärde 1 timma, varje timme",watt per kvadratmeter,2026-09-12T18:00:00Z,2026-09-12T20:00:00+02:00,1789236000000,,1.64,1.64,G,,latest-months
162015,Luleå Sol,11,Global Irradians (svenska stationer),"medelvärde 1 timma, varje timme",watt per kvadratmeter,2026-09-12T19:00:00Z,2026-09-12T21:00:00+02:00,1789239600000,,0.00,0.00,G,,latest-months
162015,Luleå Sol,11,Global Irradians (svenska stationer),"medelvärde 1 timma, varje timme",watt per kvadratmeter,2026-09-12T20:00:00Z,2026-09-12T22:00:00+02:00,1789243200000,,0.00,0.00,G,,latest-months
162015,Luleå Sol,11,Global Irradians (svenska stationer),"medelvärde 1 timma, varje timme",watt per kvadratmeter,2026-09-12T21:00:00Z,2026-09-12T23:00:00+02:00,1789246800000,,0.00,0.00,G,,latest-months
162015,Luleå Sol,11,Global Irradians (svenska stationer),"medelvärde 1 timma, varje timme",watt per kvadratmeter,2026-09-12T22:00:00Z,2026-09-13T00:00:00+02:00,1789250400000,,0.00,0.00,G,,latest-months
162015,Luleå Sol,11,Global Irradians (svenska stationer),"medelvärde 1 timma, varje timme",watt per kvadratmeter,2026-09-12T23:00:00Z,2026-09-13T01:00:00+02:00,1789254000000,,0.00,0.00,G,,latest-months
162015,Luleå Sol,11,Global Irradians (svenska stationer),"medelvärde 1 timma, varje timme",watt per kvadratmeter,2026-09-13T00:00:00Z,2026-09-13T02:00:00+02:00,1789257600000,,0.00,0.00,G,,latest-months
162015,Luleå Sol,11,Global Irradians (svenska stationer),"medelvärde 1 timma, varje timme",watt per kvadratmeter,2026-09-13T01:00:00Z,2026-09-13T03:00:00+02:00,1789261200000,,0.00,0.00,G,,latest-months
162015,Luleå Sol,11,Global Irradians (svenska stationer),"medelvärde 1 timma, varje timme",watt per kvadratmeter,2026-09-13T02:00:00Z,2026-09-13T04:00:00+02:00,1789264800000,,0.00,0.00,G,,latest-months
162015,Luleå Sol,11,Global Irradians (svenska stationer),"medelvärde 1 timma, varje timme",watt per kvadratmeter,2026-09-13T03:00:00Z,2026-09-13T05:00:00+02:00,1789268400000,,0.23,0.23,G,,latest-months
162015,Luleå Sol,11,Global Irradians (svenska stationer),"medelvärde 1 timma, varje timme",watt per kvadratmeter,2026-09-13T04:00:00Z,2026-09-13T06:00:00+02:00,1789272000000,,3.40,3.40,G,,latest-months
162015,Luleå Sol,11,Global Irradians (svenska stationer),"medelvärde 1 timma, varje timme",watt per kvadratmeter,2026-09-13T05:00:00Z,2026-09-13T07:00:00+02:00,1789275600000,,4.19,4.19,G,,latest-months
162015,Luleå Sol,11,Global Irradians (svenska stationer),"medelvärde 1 timma, varje timme",watt per kvadratmeter,2026-09-13T06:00:00Z,2026-09-13T08:00:00+02:00,1789279200000,,12.36,12.36,G,,latest-months
162015,Luleå Sol,11,Global Irradians (svenska stationer),"medelvärde 1 timma, varje timme",watt per kvadratmeter,2026-09-13T07:00:00Z,2026-09-13T09:00:00+02:00,1789282800000,,48.46,48.46,G,,latest-months
162015,Luleå Sol,11,Global Irradians (svenska stationer),"medelvärde 1 timma, varje timme",watt per kvadratmeter,2026-09-13T08:00:00Z,2026-09-13T10:00:00+02:00,1789286400000,,38.92,38.92,G,,latest-months
162015,Luleå Sol,11,Global Irradians (svenska stationer),"medelvärde 1 timma, varje timme",watt per kvadratmeter,2026-09-13T09:00:00Z,2026-09-13T11:00:00+02:00,1789290000000,,84.01,84.01,G,,latest-months
162015,Luleå Sol,11,Global Irradians (svenska stationer),"medelvärde 1 timma, varje timme",watt per kvadratmeter,2026-09-13T10:00:00Z,2026-09-13T12:00:00+02:00,1789293600000,,323.36,323.36,G,,latest-months
162015,Luleå Sol,11,Global Irradians (svenska stationer),"medelvärde 1 timma, varje timme",watt per kvadratmeter,2026-09-13T11:00:00Z,2026-09-13T13:00:00+02:00,1789297200000,,467.20,467.20,G,,latest-months
162015,Luleå Sol,11,Global Irradians (svenska stationer),"medelvärde 1 timma, varje timme",watt per kvadratmeter,2026-09-13T12:00:00Z,2026-09-13T14:00:00+02:00,1789300800000,,452.03,452.03,G,,latest-months
162015,Luleå Sol,11,Global Irradians (svenska stationer),"medelvärde 1 timma, varje timme",watt per kvadratmeter,2026-09-13T13:00:00Z,2026-09-13T15:00:00+02:00,1789304400000,,400.56,400.56,G,,latest-months
162015,Luleå Sol,11,Global Irradians (svenska stationer),"medelvärde 1 timma, varje timme",watt per kvadratmeter,2026-09-13T14:00:00Z,2026-09-13T16:00:00+02:00,1789308000000,,324.24,324.24,G,,latest-months
162015,Luleå Sol,11,Global Irradians (svenska stationer),"medelvärde 1 timma, varje timme",watt per kvadratmeter,2026-09-13T15:00:00Z,2026-09-13T17:00:00+02:00,1789311600000,,228.18,228.18,G,,latest-months
162015,Luleå Sol,11,Global Irradians (svenska stationer),"medelvärde 1 timma, varje timme",watt per kvadratmeter,2026-09-13T16:00:00Z,2026-09-13T18:00:00+02:00,1789315200000,,125.36,125.36,G,,latest-months
162015,Luleå Sol,11,Global Irradians (svenska stationer),"medelvärde 1 timma, varje timme",watt per kvadratmeter,2026-09-13T17:00:00Z,2026-09-13T19:00:00+02:00,1789318800000,,35.29,35.29,G,,latest-months
162015,Luleå Sol,11,Global Irradians (svenska stationer),"medelvärde 1 timma, varje timme",watt per kvadratmeter,2026-09-13T18:00:00Z,2026-09-13T20:00:00+02:00,1789322400000,,1.53,1.53,G,,latest-months
162015,Luleå Sol,11,Global Irradians (svenska stationer),"medelvärde 1 timma, varje timme",watt per kvadratmeter,2026-09-13T19:00:00Z,2026-09-13T21:00:00+02:00,1789326000000,,0.00,0.00,G,,latest-months
162015,Luleå Sol,11,Global Irradians (svenska stationer),"medelvärde 1 timma, varje timme",watt per kvadratmeter,2026-09-13T20:00:00Z,2026-09-13T22:00:00+02:00,1789329600000,,0.00,0.00,G,,latest-months
162015,Luleå Sol,11,Global Irradians (svenska stationer),"medelvärde 1 timma, varje timme",watt per kvadratmeter,2026-09-13T21:00:00Z,2026-09-13T23:00:00+02:00,1789333200000,,0.00,0.00,G,,latest-months
162015,Luleå Sol,11,Global Irradians (svenska stationer),"medelvärde 1 timma, varje timme",watt per kvadratmeter,2026-09-13T22:00:00Z,2026-09-14T00:00:00+02:00,1789336800000,,0.00,0.00,G,,latest-months
162015,Luleå Sol,11,Global Irradians (svenska stationer),"medelvärde 1 timma, varje timme",watt per kvadratmeter,2026-09-13T23:00:00Z,2026-09-14T01:00:00+02:00,1789340400000,,0.00,0.00,G,,latest-months
162015,Luleå Sol,11,Global Irradians (svenska stationer),"medelvärde 1 timma, varje timme",watt per kvadratmeter,2026-09-14T00:00:00Z,2026-09-14T02:00:00+02:00,1789344000000,,0.00,0.00,G,,latest-months
162015,Luleå Sol,11,Global Irradians (svenska stationer),"medelvärde 1 timma, varje timme",watt per kvadratmeter,2026-09-14T01:00:00Z,2026-09-14T03:00:00+02:00,1789347600000,,0.00,0.00,G,,latest-months
162015,Luleå Sol,11,Global Irradians (svenska stationer),"medelvärde 1 timma, varje timme",watt per kvadratmeter,2026-09-14T02:00:00Z,2026-09-14T04:00:00+02:00,1789351200000,,0.00,0.00,G,,latest-months
162015,Luleå Sol,11,Global Irradians (svenska stationer),"medelvärde 1 timma, varje timme",watt per kvadratmeter,2026-09-14T03:00:00Z,2026-09-14T05:00:00+02:00,1789354800000,,0.00,0.00,G,,latest-months
162015,Luleå Sol,11,Global Irradians (svenska stationer),"medelvärde 1 timma, varje timme",watt per kvadratmeter,2026-09-14T04:00:00Z,2026-09-14T06:00:00+02:00,1789358400000,,2.44,2.44,G,,latest-months
162015,Luleå Sol,11,Global Irradians (svenska stationer),"medelvärde 1 timma, varje timme",watt per kvadratmeter,2026-09-14T05:00:00Z,2026-09-14T07:00:00+02:00,1789362000000,,38.78,38.78,G,,latest-months
162015,Luleå Sol,11,Global Irradians (svenska stationer),"medelvärde 1 timma, varje timme",watt per kvadratmeter,2026-09-14T06:00:00Z,2026-09-14T08:00:00+02:00,1789365600000,,127.45,127.45,G,,latest-months
162015,Luleå Sol,11,Global Irradians (svenska stationer),"medelvärde 1 timma, varje timme",watt per kvadratmeter,2026-09-14T07:00:00Z,2026-09-14T09:00:00+02:00,1789369200000,,234.87,234.87,G,,latest-months
162015,Luleå Sol,11,Global Irradians (svenska stationer),"medelvärde 1 timma, varje timme",watt per kvadratmeter,2026-09-14T08:00:00Z,2026-09-14T10:00:00+02:00,1789372800000,,326.03,326.03,G,,latest-months
162015,Luleå Sol,11,Global Irradians (svenska stationer),"medelvärde 1 timma, varje timme",watt per kvadratmeter,2026-09-14T09:00:00Z,2026-09-14T11:00:00+02:00,1789376400000,,401.37,401.37,G,,latest-months
162015,Luleå Sol,11,Global Irradians (svenska stationer),"medelvärde 1 timma, varje timme",watt per kvadratmeter,2026-09-14T10:00:00Z,2026-09-14T12:00:00+02:00,1789380000000,,446.31,446.31,G,,latest-months
162015,Luleå Sol,11,Global Irradians (svenska stationer),"medelvärde 1 timma, varje timme",watt per kvadratmeter,2026-09-14T11:00:00Z,2026-09-14T13:00:00+02:00,1789383600000,,464.91,464.91,G,,latest-months
162015,Luleå Sol,11,Global Irradians (svenska stationer),"medelvärde 1 timma, varje timme",watt per kvadratmeter,2026-09-14T12:00:00Z,2026-09-14T14:00:00+02:00,1789387200000,,423.20,423.20,G,,latest-months
162015,Luleå Sol,11,Global Irradians (svenska stationer),"medelvärde 1 timma, varje timme",watt per kvadratmeter,2026-09-14T13:00:00Z,2026-09-14T15:00:00+02:00,1789390800000,,395.44,395.44,G,,latest-months
162015,Luleå Sol,11,Global Irradians (svenska stationer),"medelvärde 1 timma, varje timme",watt per kvadratmeter,2026-09-14T14:00:00Z,2026-09-14T16:00:00+02:00,1789394400000,,318.13,318.13,G,,latest-months
162015,Luleå Sol,11,Global Irradians (svenska stationer),"medelvärde 1 timma, varje timme",watt per kvadratmeter,2026-09-14T15:00:00Z,2026-09-14T17:00:00+02:00,1789398000000,,221.92,221.92,G,,latest-months
162015,Luleå Sol,11,Global Irradians (svenska stationer),"medelvärde 1 timma, varje timme",watt per kvadratmeter,2026-09-14T16:00:00Z,2026-09-14T18:00:00+02:00,1789401600000,,92.21,92.21,G,,latest-months
162015,Luleå Sol,11,Global Irradians (svenska stationer),"medelvärde 1 timma, varje timme",watt per kvadratmeter,2026-09-14T17:00:00Z,2026-09-14T19:00:00+02:00,1789405200000,,22.90,22.90,G,,latest-months
162015,Luleå Sol,11,Global Irradians (svenska stationer),"medelvärde 1 timma, varje timme",watt per kvadratmeter,2026-09-14T18:00:00Z,2026-09-14T20:00:00+02:00,1789408800000,,0.82,0.82,G,,latest-months
162015,Luleå Sol,11,Global Irradians (svenska stationer),"medelvärde 1 timma, varje timme",watt per kvadratmeter,2026-09-14T19:00:00Z,2026-09-14T21:00:00+02:00,1789412400000,,0.00,0.00,G,,latest-months
162015,Luleå Sol,11,Global Irradians (svenska stationer),"medelvärde 1 timma, varje timme",watt per kvadratmeter,2026-09-14T20:00:00Z,2026-09-14T22:00:00+02:00,1789416000000,,0.00,0.00,G,,latest-months
162015,Luleå Sol,11,Global Irradians (svenska stationer),"medelvärde 1 timma, varje timme",watt per kvadratmeter,2026-09-14T21:00:00Z,2026-09-14T23:00:00+02:00,1789419600000,,0.00,0.00,G,,latest-months
162015,Luleå Sol,11,Global Irradians (svenska stationer),"medelvärde 1 timma, varje timme",watt per kvadratmeter,2026-09-14T22:00:00Z,2026-09-15T00:00:00+02:00,1789423200000,,0.00,0.00,G,,latest-months
162015,Luleå Sol,11,Global Irradians (svenska stationer),"medelvärde 1 timma, varje timme",watt per kvadratmeter,2026-09-14T23:00:00Z,2026-09-15T01:00:00+02:00,1789426800000,,0.00,0.00,G,,latest-months
162015,Luleå Sol,11,Global Irradians (svenska stationer),"medelvärde 1 timma, varje timme",watt per kvadratmeter,2026-09-15T00:00:00Z,2026-09-15T02:00:00+02:00,1789430400000,,0.00,0.00,G,,latest-months
162015,Luleå Sol,11,Global Irradians (svenska stationer),"medelvärde 1 timma, varje timme",watt per kvadratmeter,2026-09-15T01:00:00Z,2026-09-15T03:00:00+02:00,1789434000000,,0.00,0.00,G,,latest-months
162015,Luleå Sol,11,Global Irradians (svenska stationer),"medelvärde 1 timma, varje timme",watt per kvadratmeter,2026-09-15T02:00:00Z,2026-09-15T04:00:00+02:00,1789437600000,,0.00,0.00,G,,latest-months
162015,Luleå Sol,11,Global Irradians (svenska stationer),"medelvärde 1 timma, varje timme",watt per kvadratmeter,2026-09-15T03:00:00Z,2026-09-15T05:00:00+02:00,1789441200000,,0.00,0.00,G,,latest-months
162015,Luleå Sol,11,Global Irradians (svenska stationer),"medelvärde 1 timma, varje timme",watt per kvadratmeter,2026-09-15T04:00:00Z,2026-09-15T06:00:00+02:00,1789444800000,,1.67,1.67,G,,latest-months
162015,Luleå Sol,11,Global Irradians (svenska stationer),"medelvärde 1 timma, varje timme",watt per kvadratmeter,2026-09-15T05:00:00Z,2026-09-15T07:00:00+02:00,1789448400000,,31.20,31.20,G,,latest-months
162015,Luleå Sol,11,Global Irradians (svenska stationer),"medelvärde 1 timma, varje timme",watt per kvadratmeter,2026-09-15T06:00:00Z,2026-09-15T08:00:00+02:00,1789452000000,,145.46,145.46,G,,latest-months
162015,Luleå Sol,11,Global Irradians (svenska stationer),"medelvärde 1 timma, varje timme",watt per kvadratmeter,2026-09-15T07:00:00Z,2026-09-15T09:00:00+02:00,1789455600000,,133.01,133.01,G,,latest-months
162015,Luleå Sol,11,Global Irradians (svenska stationer),"medelvärde 1 timma, varje timme",watt per kvadratmeter,2026-09-15T08:00:00Z,2026-09-15T10:00:00+02:00,1789459200000,,246.91,246.91,G,,latest-months
162015,Luleå Sol,11,Global Irradians (svenska stationer),"medelvärde 1 timma, varje timme",watt per kvadratmeter,2026-09-15T09:00:00Z,2026-09-15T11:00:00+02:00,1789462800000,,249.02,249.02,G,,latest-months
162015,Luleå Sol,11,Global Irradians (svenska stationer),"medelvärde 1 timma, varje timme",watt per kvadratmeter,2026-09-15T10:00:00Z,2026-09-15T12:00:00+02:00,1789466400000,,135.11,135.11,G,,latest-months
162015,Luleå Sol,11,Global Irradians (svenska stationer),"medelvärde 1 timma, varje timme",watt per kvadratmeter,2026-09-15T11:00:00Z,2026-09-15T13:00:00+02:00,1789470000000,,129.19,129.19,G,,latest-months
162015,Luleå Sol,11,Global Irradians (svenska stationer),"medelvärde 1 timma, varje timme",watt per kvadratmeter,2026-09-15T12:00:00Z,2026-09-15T14:00:00+02:00,1789473600000,,71.59,71.59,G,,latest-months
162015,Luleå Sol,11,Global Irradians (svenska stationer),"medelvärde 1 timma, varje timme",watt per kvadratmeter,2026-09-15T13:00:00Z,2026-09-15T15:00:00+02:00,1789477200000,,64.27,64.27,G,,latest-months
162015,Luleå Sol,11,Global Irradians (svenska stationer),"medelvärde 1 timma, varje timme",watt per kvadratmeter,2026-09-15T14:00:00Z,2026-09-15T16:00:00+02:00,1789480800000,,93.56,93.56,G,,latest-months
162015,Luleå Sol,11,Global Irradians (svenska stationer),"medelvärde 1 timma, varje timme",watt per kvadratmeter,2026-09-15T15:00:00Z,2026-09-15T17:00:00+02:00,1789484400000,,41.44,41.44,G,,latest-months
162015,Luleå Sol,11,Global Irradians (svenska stationer),"medelvärde 1 timma, varje timme",watt per kvadratmeter,2026-09-15T16:00:00Z,2026-09-15T18:00:00+02:00,1789488000000,,10.76,10.76,G,,latest-months
162015,Luleå Sol,11,Global Irradians (svenska stationer),"medelvärde 1 timma, varje timme",watt per kvadratmeter,2026-09-15T17:00:00Z,2026-09-15T19:00:00+02:00,1789491600000,,1.41,1.41,G,,latest-months
162015,Luleå Sol,11,Global Irradians (svenska stationer),"medelvärde 1 timma, varje timme",watt per kvadratmeter,2026-09-15T18:00:00Z,2026-09-15T20:00:00+02:00,1789495200000,,0.74,0.74,G,,latest-months
162015,Luleå Sol,11,Global Irradians (svenska stationer),"medelvärde 1 timma, varje timme",watt per kvadratmeter,2026-09-15T19:00:00Z,2026-09-15T21:00:00+02:00,1789498800000,,0.00,0.00,G,,latest-months
162015,Luleå Sol,11,Global Irradians (svenska stationer),"medelvärde 1 timma, varje timme",watt per kvadratmeter,2026-09-15T20:00:00Z,2026-09-15T22:00:00+02:00,1789502400000,,0.00,0.00,G,,latest-months
162015,Luleå Sol,11,Global Irradians (svenska stationer),"medelvärde 1 timma, varje timme",watt per kvadratmeter,2026-09-15T21:00:00Z,2026-09-15T23:00:00+02:00,1789506000000,,0.00,0.00,G,,latest-months
162015,Luleå Sol,11,Global Irradians (svenska stationer),"medelvärde 1 timma, varje timme",watt per kvadratmeter,2026-09-15T22:00:00Z,2026-09-16T00:00:00+02:00,1789509600000,,0.00,0.00,G,,latest-months
162015,Luleå Sol,11,Global Irradians (svenska stationer),"medelvärde 1 timma, varje timme",watt per kvadratmeter,2026-09-15T23:00:00Z,2026-09-16T01:00:00+02:00,1789513200000,,0.00,0.00,G,,latest-months
162015,Luleå Sol,11,Global Irradians (svenska stationer),"medelvärde 1 timma, varje timme",watt per kvadratmeter,2026-09-16T00:00:00Z,2026-09-16T02:00:00+02:00,1789516800000,,0.00,0.00,G,,latest-months
162015,Luleå Sol,11,Global Irradians (svenska stationer),"medelvärde 1 timma, varje timme",watt per kvadratmeter,2026-09-16T01:00:00Z,2026-09-16T03:00:00+02:00,1789520400000,,0.00,0.00,G,,latest-months
162015,Luleå Sol,11,Global Irradians (svenska stationer),"medelvärde 1 timma, varje timme",watt per kvadratmeter,2026-09-16T02:00:00Z,2026-09-16T04:00:00+02:00,1789524000000,,0.00,0.00,G,,latest-months
162015,Luleå Sol,11,Global Irradians (svenska stationer),"medelvärde 1 timma, varje timme",watt per kvadratmeter,2026-09-16T03:00:00Z,2026-09-16T05:00:00+02:00,1789527600000,,0.00,0.00,G,,latest-months
162015,Luleå Sol,11,Global Irradians (svenska stationer),"medelvärde 1 timma, varje timme",watt per kvadratmeter,2026-09-16T04:00:00Z,2026-09-16T06:00:00+02:00,1789531200000,,0.20,0.20,G,,latest-months
162015,Luleå Sol,11,Global Irradians (svenska stationer),"medelvärde 1 timma, varje timme",watt per kvadratmeter,2026-09-16T05:00:00Z,2026-09-16T07:00:00+02:00,1789534800000,,3.48,3.48,G,,latest-months
162015,Luleå Sol,11,Global Irradians (svenska stationer),"medelvärde 1 timma, varje timme",watt per kvadratmeter,2026-09-16T06:00:00Z,2026-09-16T08:00:00+02:00,1789538400000,,18.59,18.59,G,,latest-months
162015,Luleå Sol,11,Global Irradians (svenska stationer),"medelvärde 1 timma, varje timme",watt per kvadratmeter,2026-09-16T07:00:00Z,2026-09-16T09:00:00+02:00,1789542000000,,33.87,33.87,G,,latest-months
162015,Luleå Sol,11,Global Irradians (svenska stationer),"medelvärde 1 timma, varje timme",watt per kvadratmeter,2026-09-16T08:00:00Z,2026-09-16T10:00:00+02:00,1789545600000,,38.08,38.08,G,,latest-months
162015,Luleå Sol,11,Global Irradians (svenska stationer),"medelvärde 1 timma, varje timme",watt per kvadratmeter,2026-09-16T09:00:00Z,2026-09-16T11:00:00+02:00,1789549200000,,31.82,31.82,G,,latest-months
162015,Luleå Sol,11,Global Irradians (svenska stationer),"medelvärde 1 timma, varje timme",watt per kvadratmeter,2026-09-16T10:00:00Z,2026-09-16T12:00:00+02:00,1789552800000,,15.35,15.35,G,,latest-months
162015,Luleå Sol,11,Global Irradians (svenska stationer),"medelvärde 1 timma, varje timme",watt per kvadratmeter,2026-09-16T11:00:00Z,2026-09-16T13:00:00+02:00,1789556400000,,35.39,35.39,G,,latest-months
162015,Luleå Sol,11,Global Irradians (svenska stationer),"medelvärde 1 timma, varje timme",watt per kvadratmeter,2026-09-16T12:00:00Z,2026-09-16T14:00:00+02:00,1789560000000,,31.18,31.18,G,,latest-months
162015,Luleå Sol,11,Global Irradians (svenska stationer),"medelvärde 1 timma, varje timme",watt per kvadratmeter,2026-09-16T13:00:00Z,2026-09-16T15:00:00+02:00,1789563600000,,47.59,47.59,G,,latest-months
162015,Luleå Sol,11,Global Irradians (svenska stationer),"medelvärde 1 timma, varje timme",watt per kvadratmeter,2026-09-16T14:00:00Z,2026-09-16T16:00:00+02:00,1789567200000,,63.71,63.71,G,,latest-months
162015,Luleå Sol,11,Global Irradians (svenska stationer),"medelvärde 1 timma, varje timme",watt per kvadratmeter,2026-09-16T15:00:00Z,2026-09-16T17:00:00+02:00,1789570800000,,59.90,59.90,G,,latest-months
162015,Luleå Sol,11,Global Irradians (svenska stationer),"medelvärde 1 timma, varje timme",watt per kvadratmeter,2026-09-16T16:00:00Z,2026-09-16T18:00:00+02:00,1789574400000,,49.58,49.58,G,,latest-months
162015,Luleå Sol,11,Global Irradians (svenska stationer),"medelvärde 1 timma, varje timme",watt per kvadratmeter,2026-09-16T17:00:00Z,2026-09-16T19:00:00+02:00,1789578000000,,12.60,12.60,G,,latest-months
162015,Luleå Sol,11,Global Irradians (svenska stationer),"medelvärde 1 timma, varje timme",watt per kvadratmeter,2026-09-16T18:00:00Z,2026-09-16T20:00:00+02:00,1789581600000,,0.24,0.24,G,,latest-months
162015,Luleå Sol,11,Global Irradians (svenska stationer),"medelvärde 1 timma, varje timme",watt per kvadratmeter,2026-09-16T19:00:00Z,2026-09-16T21:00:00+02:00,1789585200000,,0.00,0.00,G,,latest-months
162015,Luleå Sol,11,Global Irradians (svenska stationer),"medelvärde 1 timma, varje timme",watt per kvadratmeter,2026-09-16T20:00:00Z,2026-09-16T22:00:00+02:00,1789588800000,,0.00,0.00,G,,latest-months
162015,Luleå Sol,11,Global Irradians (svenska stationer),"medelvärde 1 timma, varje timme",watt per kvadratmeter,2026-09-16T21:00:00Z,2026-09-16T23:00:00+02:00,1789592400000,,0.00,0.00,G,,latest-months
162015,Luleå Sol,11,Global Irradians (svenska stationer),"medelvärde 1 timma, varje timme",watt per kvadratmeter,2026-09-16T22:00:00Z,2026-09-17T00:00:00+02:00,1789596000000,,0.00,0.00,G,,latest-months
162015,Luleå Sol,11,Global Irradians (svenska stationer),"medelvärde 1 timma, varje timme",watt per kvadratmeter,2026-09-16T23:00:00Z,2026-09-17T01:00:00+02:00,1789599600000,,0.00,0.00,G,,latest-months
162015,Luleå Sol,11,Global Irradians (svenska stationer),"medelvärde 1 timma, varje timme",watt per kvadratmeter,2026-09-17T00:00:00Z,2026-09-17T02:00:00+02:00,1789603200000,,0.00,0.00,G,,latest-months
162015,Luleå Sol,11,Global Irradians (svenska stationer),"medelvärde 1 timma, varje timme",watt per kvadratmeter,2026-09-17T01:00:00Z,2026-09-17T03:00:00+02:00,1789606800000,,0.00,0.00,G,,latest-months
162015,Luleå Sol,11,Global Irradians (svenska stationer),"medelvärde 1 timma, varje timme",watt per kvadratmeter,2026-09-17T02:00:00Z,2026-09-17T04:00:00+02:00,1789610400000,,0.00,0.00,G,,latest-months
162015,Luleå Sol,11,Global Irradians (svenska stationer),"medelvärde 1 timma, varje timme",watt per kvadratmeter,2026-09-17T03:00:00Z,2026-09-17T05:00:00+02:00,1789614000000,,0.00,0.00,G,,latest-months
162015,Luleå Sol,11,Global Irradians (svenska stationer),"medelvärde 1 timma, varje timme",watt per kvadratmeter,2026-09-17T04:00:00Z,2026-09-17T06:00:00+02:00,1789617600000,,1.02,1.02,G,,latest-months
162015,Luleå Sol,11,Global Irradians (svenska stationer),"medelvärde 1 timma, varje timme",watt per kvadratmeter,2026-09-17T05:00:00Z,2026-09-17T07:00:00+02:00,1789621200000,,10.04,10.04,G,,latest-months
162015,Luleå Sol,11,Global Irradians (svenska stationer),"medelvärde 1 timma, varje timme",watt per kvadratmeter,2026-09-17T06:00:00Z,2026-09-17T08:00:00+02:00,1789624800000,,48.93,48.93,G,,latest-months
162015,Luleå Sol,11,Global Irradians (svenska stationer),"medelvärde 1 timma, varje timme",watt per kvadratmeter,2026-09-17T07:00:00Z,2026-09-17T09:00:00+02:00,1789628400000,,90.42,90.42,G,,latest-months
162015,Luleå Sol,11,Global Irradians (svenska stationer),"medelvärde 1 timma, varje timme",watt per kvadratmeter,2026-09-17T08:00:00Z,2026-09-17T10:00:00+02:00,1789632000000,,201.79,201.79,G,,latest-months
162015,Luleå Sol,11,Global Irradians (svenska stationer),"medelvärde 1 timma, varje timme",watt per kvadratmeter,2026-09-17T09:00:00Z,2026-09-17T11:00:00+02:00,1789635600000,,259.64,259.64,G,,latest-months
162015,Luleå Sol,11,Global Irradians (svenska stationer),"medelvärde 1 timma, varje timme",watt per kvadratmeter,2026-09-17T10:00:00Z,2026-09-17T12:00:00+02:00,1789639200000,,211.43,211.43,G,,latest-months
162015,Luleå Sol,11,Global Irradians (svenska stationer),"medelvärde 1 timma, varje timme",watt per kvadratmeter,2026-09-17T11:00:00Z,2026-09-17T13:00:00+02:00,1789642800000,,156.37,156.37,G,,latest-months
162015,Luleå Sol,11,Global Irradians (svenska stationer),"medelvärde 1 timma, varje timme",watt per kvadratmeter,2026-09-17T12:00:00Z,2026-09-17T14:00:00+02:00,1789646400000,,172.97,172.97,G,,latest-months
162015,Luleå Sol,11,Global Irradians (svenska stationer),"medelvärde 1 timma, varje timme",watt per kvadratmeter,2026-09-17T13:00:00Z,2026-09-17T15:00:00+02:00,1789650000000,,152.77,152.77,G,,latest-months
162015,Luleå Sol,11,Global Irradians (svenska stationer),"medelvärde 1 timma, varje timme",watt per kvadratmeter,2026-09-17T14:00:00Z,2026-09-17T16:00:00+02:00,1789653600000,,144.29,144.29,G,,latest-months
162015,Luleå Sol,11,Global Irradians (svenska stationer),"medelvärde 1 timma, varje timme",watt per kvadratmeter,2026-09-17T15:00:00Z,2026-09-17T17:00:00+02:00,1789657200000,,127.86,127.86,G,,latest-months
162015,Luleå Sol,11,Global Irradians (svenska stationer),"medelvärde 1 timma, varje timme",watt per kvadratmeter,2026-09-17T16:00:00Z,2026-09-17T18:00:00+02:00,1789660800000,,78.38,78.38,G,,latest-months
162015,Luleå Sol,11,Global Irradians (svenska stationer),"medelvärde 1 timma, varje timme",watt per kvadratmeter,2026-09-17T17:00:00Z,2026-09-17T19:00:00+02:00,1789664400000,,11.93,11.93,G,,latest-months
162015,Luleå Sol,11,Global Irradians (svenska stationer),"medelvärde 1 timma, varje timme",watt per kvadratmeter,2026-09-17T18:00:00Z,2026-09-17T20:00:00+02:00,1789668000000,,0.35,0.35,G,,latest-months
162015,Luleå Sol,11,Global Irradians (svenska stationer),"medelvärde 1 timma, varje timme",watt per kvadratmeter,2026-09-17T19:00:00Z,2026-09-17T21:00:00+02:00,1789671600000,,0.00,0.00,G,,latest-months
162015,Luleå Sol,11,Global Irradians (svenska stationer),"medelvärde 1 timma, varje timme",watt per kvadratmeter,2026-09-17T20:00:00Z,2026-09-17T22:00:00+02:00,1789675200000,,0.00,0.00,G,,latest-months
162015,Luleå Sol,11,Global Irradians (svenska stationer),"medelvärde 1 timma, varje timme",watt per kvadratmeter,2026-09-17T21:00:00Z,2026-09-17T23:00:00+02:00,1789678800000,,0.00,0.00,G,,latest-months
162015,Luleå Sol,11,Global Irradians (svenska stationer),"medelvärde 1 timma, varje timme",watt per kvadratmeter,2026-09-17T22:00:00Z,2026-09-18T00:00:00+02:00,1789682400000,,0.00,0.00,G,,latest-months
162015,Luleå Sol,11,Global Irradians (svenska stationer),"medelvärde 1 timma, varje timme",watt per kvadratmeter,2026-09-17T23:00:00Z,2026-09-18T01:00:00+02:00,1789686000000,,0.00,0.00,G,,latest-months
162015,Luleå Sol,11,Global Irradians (svenska stationer),"medelvärde 1 timma, varje timme",watt per kvadratmeter,2026-09-18T00:00:00Z,2026-09-18T02:00:00+02:00,1789689600000,,0.00,0.00,G,,latest-months
162015,Luleå Sol,11,Global Irradians (svenska stationer),"medelvärde 1 timma, varje timme",watt per kvadratmeter,2026-09-18T01:00:00Z,2026-09-18T03:00:00+02:00,1789693200000,,0.00,0.00,G,,latest-months
162015,Luleå Sol,11,Global Irradians (svenska stationer),"medelvärde 1 timma, varje timme",watt per kvadratmeter,2026-09-18T02:00:00Z,2026-09-18T04:00:00+02:00,1789696800000,,0.00,0.00,G,,latest-months
162015,Luleå Sol,11,Global Irradians (svenska stationer),"medelvärde 1 timma, varje timme",watt per kvadratmeter,2026-09-18T03:00:00Z,2026-09-18T05:00:00+02:00,1789700400000,,0.00,0.00,G,,latest-months
162015,Luleå Sol,11,Global Irradians (svenska stationer),"medelvärde 1 timma, varje timme",watt per kvadratmeter,2026-09-18T04:00:00Z,2026-09-18T06:00:00+02:00,1789704000000,,1.09,1.09,G,,latest-months
162015,Luleå Sol,11,Global Irradians (svenska stationer),"medelvärde 1 timma, varje timme",watt per kvadratmeter,2026-09-18T05:00:00Z,2026-09-18T07:00:00+02:00,1789707600000,,13.28,13.28,G,,latest-months
162015,Luleå Sol,11,Global Irradians (svenska stationer),"medelvärde 1 timma, varje timme",watt per kvadratmeter,2026-09-18T06:00:00Z,2026-09-18T08:00:00+02:00,1789711200000,,45.89,45.89,G,,latest-months
162015,Luleå Sol,11,Global Irradians (svenska stationer),"medelvärde 1 timma, varje timme",watt per kvadratmeter,2026-09-18T07:00:00Z,2026-09-18T09:00:00+02:00,1789714800000,,77.70,77.70,G,,latest-months
162015,Luleå Sol,11,Global Irradians (svenska stationer),"medelvärde 1 timma, varje timme",watt per kvadratmeter,2026-09-18T08:00:00Z,2026-09-18T10:00:00+02:00,1789718400000,,206.95,206.95,G,,latest-months
162015,Luleå Sol,11,Global Irradians (svenska stationer),"medelvärde 1 timma, varje timme",watt per kvadratmeter,2026-09-18T09:00:00Z,2026-09-18T11:00:00+02:00,1789722000000,,273.38,273.38,G,,latest-months
162015,Luleå Sol,11,Global Irradians (svenska stationer),"medelvärde 1 timma, varje timme",watt per kvadratmeter,2026-09-18T10:00:00Z,2026-09-18T12:00:00+02:00,1789725600000,,215.96,215.96,G,,latest-months
162015,Luleå Sol,11,Global Irradians (svenska stationer),"medelvärde 1 timma, varje timme",watt per kvadratmeter,2026-09-18T11:00:00Z,2026-09-18T13:00:00+02:00,1789729200000,,228.25,228.25,G,,latest-months
162015,Luleå Sol,11,Global Irradians (svenska stationer),"medelvärde 1 timma, varje timme",watt per kvadratmeter,2026-09-18T12:00:00Z,2026-09-18T14:00:00+02:00,1789732800000,,252.75,252.75,G,,latest-months
162015,Luleå Sol,11,Global Irradians (svenska stationer),"medelvärde 1 timma, varje timme",watt per kvadratmeter,2026-09-18T13:00:00Z,2026-09-18T15:00:00+02:00,1789736400000,,194.62,194.62,G,,latest-months
162015,Luleå Sol,11,Global Irradians (svenska stationer),"medelvärde 1 timma, varje timme",watt per kvadratmeter,2026-09-18T14:00:00Z,2026-09-18T16:00:00+02:00,1789740000000,,173.57,173.57,G,,latest-months
162015,Luleå Sol,11,Global Irradians (svenska stationer),"medelvärde 1 timma, varje timme",watt per kvadratmeter,2026-09-18T15:00:00Z,2026-09-18T17:00:00+02:00,1789743600000,,94.26,94.26,G,,latest-months
162015,Luleå Sol,11,Global Irradians (svenska stationer),"medelvärde 1 timma, varje timme",watt per kvadratmeter,2026-09-18T16:00:00Z,2026-09-18T18:00:00+02:00,1789747200000,,26.73,26.73,G,,latest-months
162015,Luleå Sol,11,Global Irradians (svenska stationer),"medelvärde 1 timma, varje timme",watt per kvadratmeter,2026-09-18T17:00:00Z,2026-09-18T19:00:00+02:00,1789750800000,,3.98,3.98,G,,latest-months
162015,Luleå Sol,11,Global Irradians (svenska stationer),"medelvärde 1 timma, varje timme",watt per kvadratmeter,2026-09-18T18:00:00Z,2026-09-18T20:00:00+02:00,1789754400000,,0.06,0.06,G,,latest-months
162015,Luleå Sol,11,Global Irradians (svenska stationer),"medelvärde 1 timma, varje timme",watt per kvadratmeter,2026-09-18T19:00:00Z,2026-09-18T21:00:00+02:00,1789758000000,,0.00,0.00,G,,latest-months
162015,Luleå Sol,11,Global Irradians (svenska stationer),"medelvärde 1 timma, varje timme",watt per kvadratmeter,2026-09-18T20:00:00Z,2026-09-18T22:00:00+02:00,1789761600000,,0.00,0.00,G,,latest-months
162015,Luleå Sol,11,Global Irradians (svenska stationer),"medelvärde 1 timma, varje timme",watt per kvadratmeter,2026-09-18T21:00:00Z,2026-09-18T23:00:00+02:00,1789765200000,,0.00,0.00,G,,latest-months
162015,Luleå Sol,11,Global Irradians (svenska stationer),"medelvärde 1 timma, varje timme",watt per kvadratmeter,2026-09-18T22:00:00Z,2026-09-19T00:00:00+02:00,1789768800000,,0.00,0.00,G,,latest-months
162015,Luleå Sol,11,Global Irradians (svenska stationer),"medelvärde 1 timma, varje timme",watt per kvadratmeter,2026-09-18T23:00:00Z,2026-09-19T01:00:00+02:00,1789772400000,,0.00,0.00,G,,latest-months
162015,Luleå Sol,11,Global Irradians (svenska stationer),"medelvärde 1 timma, varje timme",watt per kvadratmeter,2026-09-19T00:00:00Z,2026-09-19T02:00:00+02:00,1789776000000,,0.00,0.00,G,,latest-months
162015,Luleå Sol,11,Global Irradians (svenska stationer),"medelvärde 1 timma, varje timme",watt per kvadratmeter,2026-09-19T01:00:00Z,2026-09-19T03:00:00+02:00,1789779600000,,0.00,0.00,G,,latest-months
162015,Luleå Sol,11,Global Irradians (svenska stationer),"medelvärde 1 timma, varje timme",watt per kvadratmeter,2026-09-19T02:00:00Z,2026-09-19T04:00:00+02:00,1789783200000,,0.00,0.00,G,,latest-months
162015,Luleå Sol,11,Global Irradians (svenska stationer),"medelvärde 1 timma, varje timme",watt per kvadratmeter,2026-09-19T03:00:00Z,2026-09-19T05:00:00+02:00,1789786800000,,0.00,0.00,G,,latest-months
162015,Luleå Sol,11,Global Irradians (svenska stationer),"medelvärde 1 timma, varje timme",watt per kvadratmeter,2026-09-19T04:00:00Z,2026-09-19T06:00:00+02:00,1789790400000,,0.51,0.51,G,,latest-months
162015,Luleå Sol,11,Global Irradians (svenska stationer),"medelvärde 1 timma, varje timme",watt per kvadratmeter,2026-09-19T05:00:00Z,2026-09-19T07:00:00+02:00,1789794000000,,7.39,7.39,G,,latest-months
162015,Luleå Sol,11,Global Irradians (svenska stationer),"medelvärde 1 timma, varje timme",watt per kvadratmeter,2026-09-19T06:00:00Z,2026-09-19T08:00:00+02:00,1789797600000,,25.33,25.33,G,,latest-months
162015,Luleå Sol,11,Global Irradians (svenska stationer),"medelvärde 1 timma, varje timme",watt per kvadratmeter,2026-09-19T07:00:00Z,2026-09-19T09:00:00+02:00,1789801200000,,53.64,53.64,G,,latest-months
162015,Luleå Sol,11,Global Irradians (svenska stationer),"medelvärde 1 timma, varje timme",watt per kvadratmeter,2026-09-19T08:00:00Z,2026-09-19T10:00:00+02:00,1789804800000,,98.91,98.91,G,,latest-months
162015,Luleå Sol,11,Global Irradians (svenska stationer),"medelvärde 1 timma, varje timme",watt per kvadratmeter,2026-09-19T09:00:00Z,2026-09-19T11:00:00+02:00,1789808400000,,392.38,392.38,G,,latest-months
162015,Luleå Sol,11,Global Irradians (svenska stationer),"medelvärde 1 timma, varje timme",watt per kvadratmeter,2026-09-19T10:00:00Z,2026-09-19T12:00:00+02:00,1789812000000,,262.71,262.71,G,,latest-months
162015,Luleå Sol,11,Global Irradians (svenska stationer),"medelvärde 1 timma, varje timme",watt per kvadratmeter,2026-09-19T11:00:00Z,2026-09-19T13:00:00+02:00,1789815600000,,230.78,230.78,G,,latest-months
162015,Luleå Sol,11,Global Irradians (svenska stationer),"medelvärde 1 timma, varje timme",watt per kvadratmeter,2026-09-19T12:00:00Z,2026-09-19T14:00:00+02:00,1789819200000,,203.65,203.65,G,,latest-months
162015,Luleå Sol,11,Global Irradians (svenska stationer),"medelvärde 1 timma, varje timme",watt per kvadratmeter,2026-09-19T13:00:00Z,2026-09-19T15:00:00+02:00,1789822800000,,217.50,217.50,G,,latest-months
162015,Luleå Sol,11,Global Irradians (svenska stationer),"medelvärde 1 timma, varje timme",watt per kvadratmeter,2026-09-19T14:00:00Z,2026-09-19T16:00:00+02:00,1789826400000,,207.10,207.10,G,,latest-months
162015,Luleå Sol,11,Global Irradians (svenska stationer),"medelvärde 1 timma, varje timme",watt per kvadratmeter,2026-09-19T15:00:00Z,2026-09-19T17:00:00+02:00,1789830000000,,152.86,152.86,G,,latest-months
162015,Luleå Sol,11,Global Irradians (svenska stationer),"medelvärde 1 timma, varje timme",watt per kvadratmeter,2026-09-19T16:00:00Z,2026-09-19T18:00:00+02:00,1789833600000,,83.49,83.49,G,,latest-months
162015,Luleå Sol,11,Global Irradians (svenska stationer),"medelvärde 1 timma, varje timme",watt per kvadratmeter,2026-09-19T17:00:00Z,2026-09-19T19:00:00+02:00,1789837200000,,13.67,13.67,G,,latest-months
162015,Luleå Sol,11,Global Irradians (svenska stationer),"medelvärde 1 timma, varje timme",watt per kvadratmeter,2026-09-19T18:00:00Z,2026-09-19T20:00:00+02:00,1789840800000,,0.01,0.01,G,,latest-months
162015,Luleå Sol,11,Global Irradians (svenska stationer),"medelvärde 1 timma, varje timme",watt per kvadratmeter,2026-09-19T19:00:00Z,2026-09-19T21:00:00+02:00,1789844400000,,0.00,0.00,G,,latest-months
162015,Luleå Sol,11,Global Irradians (svenska stationer),"medelvärde 1 timma, varje timme",watt per kvadratmeter,2026-09-19T20:00:00Z,2026-09-19T22:00:00+02:00,1789848000000,,0.00,0.00,G,,latest-months
162015,Luleå Sol,11,Global Irradians (svenska stationer),"medelvärde 1 timma, varje timme",watt per kvadratmeter,2026-09-19T21:00:00Z,2026-09-19T23:00:00+02:00,1789851600000,,0.00,0.00,G,,latest-months
162015,Luleå Sol,11,Global Irradians (svenska stationer),"medelvärde 1 timma, varje timme",watt per kvadratmeter,2026-09-19T22:00:00Z,2026-09-20T00:00:00+02:00,1789855200000,,0.00,0.00,G,,latest-months
162015,Luleå Sol,11,Global Irradians (svenska stationer),"medelvärde 1 timma, varje timme",watt per kvadratmeter,2026-09-19T23:00:00Z,2026-09-20T01:00:00+02:00,1789858800000,,0.00,0.00,G,,latest-months
162015,Luleå Sol,11,Global Irradians (svenska stationer),"medelvärde 1 timma, varje timme",watt per kvadratmeter,2026-09-20T00:00:00Z,2026-09-20T02:00:00+02:00,1789862400000,,0.00,0.00,G,,latest-months
162015,Luleå Sol,11,Global Irradians (svenska stationer),"medelvärde 1 timma, varje timme",watt per kvadratmeter,2026-09-20T01:00:00Z,2026-09-20T03:00:00+02:00,1789866000000,,0.00,0.00,G,,latest-months
162015,Luleå Sol,11,Global Irradians (svenska stationer),"medelvärde 1 timma, varje timme",watt per kvadratmeter,2026-09-20T02:00:00Z,2026-09-20T04:00:00+02:00,1789869600000,,0.00,0.00,G,,latest-months
162015,Luleå Sol,11,Global Irradians (svenska stationer),"medelvärde 1 timma, varje timme",watt per kvadratmeter,2026-09-20T03:00:00Z,2026-09-20T05:00:00+02:00,1789873200000,,0.00,0.00,G,,latest-months
162015,Luleå Sol,11,Global Irradians (svenska stationer),"medelvärde 1 timma, varje timme",watt per kvadratmeter,2026-09-20T04:00:00Z,2026-09-20T06:00:00+02:00,1789876800000,,0.33,0.33,G,,latest-months
162015,Luleå Sol,11,Global Irradians (svenska stationer),"medelvärde 1 timma, varje timme",watt per kvadratmeter,2026-09-20T05:00:00Z,2026-09-20T07:00:00+02:00,1789880400000,,4.22,4.22,G,,latest-months
162015,Luleå Sol,11,Global Irradians (svenska stationer),"medelvärde 1 timma, varje timme",watt per kvadratmeter,2026-09-20T06:00:00Z,2026-09-20T08:00:00+02:00,1789884000000,,16.76,16.76,G,,latest-months
162015,Luleå Sol,11,Global Irradians (svenska stationer),"medelvärde 1 timma, varje timme",watt per kvadratmeter,2026-09-20T07:00:00Z,2026-09-20T09:00:00+02:00,1789887600000,,31.55,31.55,G,,latest-months
162015,Luleå Sol,11,Global Irradians (svenska stationer),"medelvärde 1 timma, varje timme",watt per kvadratmeter,2026-09-20T08:00:00Z,2026-09-20T10:00:00+02:00,1789891200000,,42.19,42.19,G,,latest-months
162015,Luleå Sol,11,Global Irradians (svenska stationer),"medelvärde 1 timma, varje timme",watt per kvadratmeter,2026-09-20T09:00:00Z,2026-09-20T11:00:00+02:00,1789894800000,,87.25,87.25,G,,latest-months
162015,Luleå Sol,11,Global Irradians (svenska stationer),"medelvärde 1 timma, varje timme",watt per kvadratmeter,2026-09-20T10:00:00Z,2026-09-20T12:00:00+02:00,1789898400000,,100.51,100.51,G,,latest-months
162015,Luleå Sol,11,Global Irradians (svenska stationer),"medelvärde 1 timma, varje timme",watt per kvadratmeter,2026-09-20T11:00:00Z,2026-09-20T13:00:00+02:00,1789902000000,,94.89,94.89,G,,latest-months
162015,Luleå Sol,11,Global Irradians (svenska stationer),"medelvärde 1 timma, varje timme",watt per kvadratmeter,2026-09-20T12:00:00Z,2026-09-20T14:00:00+02:00,1789905600000,,62.43,62.43,G,,latest-months
162015,Luleå Sol,11,Global Irradians (svenska stationer),"medelvärde 1 timma, varje timme",watt per kvadratmeter,2026-09-20T13:00:00Z,2026-09-20T15:00:00+02:00,1789909200000,,88.77,88.77,G,,latest-months
162015,Luleå Sol,11,Global Irradians (svenska stationer),"medelvärde 1 timma, varje timme",watt per kvadratmeter,2026-09-20T14:00:00Z,2026-09-20T16:00:00+02:00,1789912800000,,99.54,99.54,G,,latest-months
162015,Luleå Sol,11,Global Irradians (svenska stationer),"medelvärde 1 timma, varje timme",watt per kvadratmeter,2026-09-20T15:00:00Z,2026-09-20T17:00:00+02:00,1789916400000,,76.30,76.30,G,,latest-months
162015,Luleå Sol,11,Global Irradians (svenska stationer),"medelvärde 1 timma, varje timme",watt per kvadratmeter,2026-09-20T16:00:00Z,2026-09-20T18:00:00+02:00,1789920000000,,41.31,41.31,G,,latest-months
162015,Luleå Sol,11,Global Irradians (svenska stationer),"medelvärde 1 timma, varje timme",watt per kvadratmeter,2026-09-20T17:00:00Z,2026-09-20T19:00:00+02:00,1789923600000,,8.93,8.93,G,,latest-months
162015,Luleå Sol,11,Global Irradians (svenska stationer),"medelvärde 1 timma, varje timme",watt per kvadratmeter,2026-09-20T18:00:00Z,2026-09-20T20:00:00+02:00,1789927200000,,0.25,0.25,G,,latest-months
162015,Luleå Sol,11,Global Irradians (svenska stationer),"medelvärde 1 timma, varje timme",watt per kvadratmeter,2026-09-20T19:00:00Z,2026-09-20T21:00:00+02:00,1789930800000,,0.00,0.00,G,,latest-months
162015,Luleå Sol,11,Global Irradians (svenska stationer),"medelvärde 1 timma, varje timme",watt per kvadratmeter,2026-09-20T20:00:00Z,2026-09-20T22:00:00+02:00,1789934400000,,0.00,0.00,G,,latest-months
162015,Luleå Sol,11,Global Irradians (svenska stationer),"medelvärde 1 timma, varje timme",watt per kvadratmeter,2026-09-20T21:00:00Z,2026-09-20T23:00:00+02:00,1789938000000,,0.00,0.00,G,,latest-months
162015,Luleå Sol,11,Global Irradians (svenska stationer),"medelvärde 1 timma, varje timme",watt per kvadratmeter,2026-09-20T22:00:00Z,2026-09-21T00:00:00+02:00,1789941600000,,0.00,0.00,G,,latest-months
162015,Luleå Sol,11,Global Irradians (svenska stationer),"medelvärde 1 timma, varje timme",watt per kvadratmeter,2026-09-20T23:00:00Z,2026-09-21T01:00:00+02:00,1789945200000,,0.00,0.00,G,,latest-months
162015,Luleå Sol,11,Global Irradians (svenska stationer),"medelvärde 1 timma, varje timme",watt per kvadratmeter,2026-09-21T00:00:00Z,2026-09-21T02:00:00+02:00,1789948800000,,0.00,0.00,G,,latest-months
162015,Luleå Sol,11,Global Irradians (svenska stationer),"medelvärde 1 timma, varje timme",watt per kvadratmeter,2026-09-21T01:00:00Z,2026-09-21T03:00:00+02:00,1789952400000,,0.00,0.00,G,,latest-months
162015,Luleå Sol,11,Global Irradians (svenska stationer),"medelvärde 1 timma, varje timme",watt per kvadratmeter,2026-09-21T02:00:00Z,2026-09-21T04:00:00+02:00,1789956000000,,0.00,0.00,G,,latest-months
162015,Luleå Sol,11,Global Irradians (svenska stationer),"medelvärde 1 timma, varje timme",watt per kvadratmeter,2026-09-21T03:00:00Z,2026-09-21T05:00:00+02:00,1789959600000,,0.00,0.00,G,,latest-months
162015,Luleå Sol,11,Global Irradians (svenska stationer),"medelvärde 1 timma, varje timme",watt per kvadratmeter,2026-09-21T04:00:00Z,2026-09-21T06:00:00+02:00,1789963200000,,0.88,0.88,G,,latest-months
162015,Luleå Sol,11,Global Irradians (svenska stationer),"medelvärde 1 timma, varje timme",watt per kvadratmeter,2026-09-21T05:00:00Z,2026-09-21T07:00:00+02:00,1789966800000,,13.79,13.79,G,,latest-months
162015,Luleå Sol,11,Global Irradians (svenska stationer),"medelvärde 1 timma, varje timme",watt per kvadratmeter,2026-09-21T06:00:00Z,2026-09-21T08:00:00+02:00,1789970400000,,50.36,50.36,G,,latest-months
162015,Luleå Sol,11,Global Irradians (svenska stationer),"medelvärde 1 timma, varje timme",watt per kvadratmeter,2026-09-21T07:00:00Z,2026-09-21T09:00:00+02:00,1789974000000,,85.57,85.57,G,,latest-months
162015,Luleå Sol,11,Global Irradians (svenska stationer),"medelvärde 1 timma, varje timme",watt per kvadratmeter,2026-09-21T08:00:00Z,2026-09-21T10:00:00+02:00,1789977600000,,115.65,115.65,G,,latest-months
162015,Luleå Sol,11,Global Irradians (svenska stationer),"medelvärde 1 timma, varje timme",watt per kvadratmeter,2026-09-21T09:00:00Z,2026-09-21T11:00:00+02:00,1789981200000,,244.92,244.92,G,,latest-months
162015,Luleå Sol,11,Global Irradians (svenska stationer),"medelvärde 1 timma, varje timme",watt per kvadratmeter,2026-09-21T10:00:00Z,2026-09-21T12:00:00+02:00,1789984800000,,397.03,397.03,G,,latest-months
162015,Luleå Sol,11,Global Irradians (svenska stationer),"medelvärde 1 timma, varje timme",watt per kvadratmeter,2026-09-21T11:00:00Z,2026-09-21T13:00:00+02:00,1789988400000,,413.65,413.65,G,,latest-months
162015,Luleå Sol,11,Global Irradians (svenska stationer),"medelvärde 1 timma, varje timme",watt per kvadratmeter,2026-09-21T12:00:00Z,2026-09-21T14:00:00+02:00,1789992000000,,389.19,389.19,G,,latest-months
162015,Luleå Sol,11,Global Irradians (svenska stationer),"medelvärde 1 timma, varje timme",watt per kvadratmeter,2026-09-21T13:00:00Z,2026-09-21T15:00:00+02:00,1789995600000,,340.56,340.56,G,,latest-months
162015,Luleå Sol,11,Global Irradians (svenska stationer),"medelvärde 1 timma, varje timme",watt per kvadratmeter,2026-09-21T14:00:00Z,2026-09-21T16:00:00+02:00,1789999200000,,266.50,266.50,G,,latest-months
162015,Luleå Sol,11,Global Irradians (svenska stationer),"medelvärde 1 timma, varje timme",watt per kvadratmeter,2026-09-21T15:00:00Z,2026-09-21T17:00:00+02:00,1790002800000,,174.45,174.45,G,,latest-months
162015,Luleå Sol,11,Global Irradians (svenska stationer),"medelvärde 1 timma, varje timme",watt per kvadratmeter,2026-09-21T16:00:00Z,2026-09-21T18:00:00+02:00,1790006400000,,74.58,74.58,G,,latest-months
162015,Luleå Sol,11,Global Irradians (svenska stationer),"medelvärde 1 timma, varje timme",watt per kvadratmeter,2026-09-21T17:00:00Z,2026-09-21T19:00:00+02:00,1790010000000,,10.36,10.36,G,,latest-months
162015,Luleå Sol,11,Global Irradians (svenska stationer),"medelvärde 1 timma, varje timme",watt per kvadratmeter,2026-09-21T18:00:00Z,2026-09-21T20:00:00+02:00,1790013600000,,0.02,0.02,G,,latest-months
162015,Luleå Sol,11,Global Irradians (svenska stationer),"medelvärde 1 timma, varje timme",watt per kvadratmeter,2026-09-21T19:00:00Z,2026-09-21T21:00:00+02:00,1790017200000,,0.00,0.00,G,,latest-months
162015,Luleå Sol,11,Global Irradians (svenska stationer),"medelvärde 1 timma, varje timme",watt per kvadratmeter,2026-09-21T20:00:00Z,2026-09-21T22:00:00+02:00,1790020800000,,0.00,0.00,G,,latest-months
162015,Luleå Sol,11,Global Irradians (svenska stationer),"medelvärde 1 timma, varje timme",watt per kvadratmeter,2026-09-21T21:00:00Z,2026-09-21T23:00:00+02:00,1790024400000,,0.00,0.00,G,,latest-months
162015,Luleå Sol,11,Global Irradians (svenska stationer),"medelvärde 1 timma, varje timme",watt per kvadratmeter,2026-09-21T22:00:00Z,2026-09-22T00:00:00+02:00,1790028000000,,0.00,0.00,G,,latest-months
162015,Luleå Sol,11,Global Irradians (svenska stationer),"medelvärde 1 timma, varje timme",watt per kvadratmeter,2026-09-21T23:00:00Z,2026-09-22T01:00:00+02:00,1790031600000,,0.00,0.00,G,,latest-months
162015,Luleå Sol,11,Global Irradians (svenska stationer),"medelvärde 1 timma, varje timme",watt per kvadratmeter,2026-09-22T00:00:00Z,2026-09-22T02:00:00+02:00,1790035200000,,0.00,0.00,G,,latest-months
162015,Luleå Sol,11,Global Irradians (svenska stationer),"medelvärde 1 timma, varje timme",watt per kvadratmeter,2026-09-22T01:00:00Z,2026-09-22T03:00:00+02:00,1790038800000,,0.00,0.00,G,,latest-months
162015,Luleå Sol,11,Global Irradians (svenska stationer),"medelvärde 1 timma, varje timme",watt per kvadratmeter,2026-09-22T02:00:00Z,2026-09-22T04:00:00+02:00,1790042400000,,0.00,0.00,G,,latest-months
162015,Luleå Sol,11,Global Irradians (svenska stationer),"medelvärde 1 timma, varje timme",watt per kvadratmeter,2026-09-22T03:00:00Z,2026-09-22T05:00:00+02:00,1790046000000,,0.00,0.00,G,,latest-months
162015,Luleå Sol,11,Global Irradians (svenska stationer),"medelvärde 1 timma, varje timme",watt per kvadratmeter,2026-09-22T04:00:00Z,2026-09-22T06:00:00+02:00,1790049600000,,0.46,0.46,G,,latest-months
162015,Luleå Sol,11,Global Irradians (svenska stationer),"medelvärde 1 timma, varje timme",watt per kvadratmeter,2026-09-22T05:00:00Z,2026-09-22T07:00:00+02:00,1790053200000,,16.82,16.82,G,,latest-months
162015,Luleå Sol,11,Global Irradians (svenska stationer),"medelvärde 1 timma, varje timme",watt per kvadratmeter,2026-09-22T06:00:00Z,2026-09-22T08:00:00+02:00,1790056800000,,60.02,60.02,G,,latest-months
162015,Luleå Sol,11,Global Irradians (svenska stationer),"medelvärde 1 timma, varje timme",watt per kvadratmeter,2026-09-22T07:00:00Z,2026-09-22T09:00:00+02:00,1790060400000,,188.33,188.33,G,,latest-months
162015,Luleå Sol,11,Global Irradians (svenska stationer),"medelvärde 1 timma, varje timme",watt per kvadratmeter,2026-09-22T08:00:00Z,2026-09-22T10:00:00+02:00,1790064000000,,278.54,278.54,G,,latest-months
162015,Luleå Sol,11,Global Irradians (svenska stationer),"medelvärde 1 timma, varje timme",watt per kvadratmeter,2026-09-22T09:00:00Z,2026-09-22T11:00:00+02:00,1790067600000,,349.08,349.08,G,,latest-months
162015,Luleå Sol,11,Global Irradians (svenska stationer),"medelvärde 1 timma, varje timme",watt per kvadratmeter,2026-09-22T10:00:00Z,2026-09-22T12:00:00+02:00,1790071200000,,393.17,393.17,G,,latest-months
162015,Luleå Sol,11,Global Irradians (svenska stationer),"medelvärde 1 timma, varje timme",watt per kvadratmeter,2026-09-22T11:00:00Z,2026-09-22T13:00:00+02:00,1790074800000,,405.44,405.44,G,,latest-months
162015,Luleå Sol,11,Global Irradians (svenska stationer),"medelvärde 1 timma, varje timme",watt per kvadratmeter,2026-09-22T12:00:00Z,2026-09-22T14:00:00+02:00,1790078400000,,385.55,385.55,G,,latest-months
162015,Luleå Sol,11,Global Irradians (svenska stationer),"medelvärde 1 timma, varje timme",watt per kvadratmeter,2026-09-22T13:00:00Z,2026-09-22T15:00:00+02:00,1790082000000,,336.54,336.54,G,,latest-months
162015,Luleå Sol,11,Global Irradians (svenska stationer),"medelvärde 1 timma, varje timme",watt per kvadratmeter,2026-09-22T14:00:00Z,2026-09-22T16:00:00+02:00,1790085600000,,260.53,260.53,G,,latest-months
162015,Luleå Sol,11,Global Irradians (svenska stationer),"medelvärde 1 timma, varje timme",watt per kvadratmeter,2026-09-22T15:00:00Z,2026-09-22T17:00:00+02:00,1790089200000,,167.15,167.15,G,,latest-months
162015,Luleå Sol,11,Global Irradians (svenska stationer),"medelvärde 1 timma, varje timme",watt per kvadratmeter,2026-09-22T16:00:00Z,2026-09-22T18:00:00+02:00,1790092800000,,71.16,71.16,G,,latest-months
162015,Luleå Sol,11,Global Irradians (svenska stationer),"medelvärde 1 timma, varje timme",watt per kvadratmeter,2026-09-22T17:00:00Z,2026-09-22T19:00:00+02:00,1790096400000,,5.80,5.80,G,,latest-months
162015,Luleå Sol,11,Global Irradians (svenska stationer),"medelvärde 1 timma, varje timme",watt per kvadratmeter,2026-09-22T18:00:00Z,2026-09-22T20:00:00+02:00,1790100000000,,0.01,0.01,G,,latest-months
162015,Luleå Sol,11,Global Irradians (svenska stationer),"medelvärde 1 timma, varje timme",watt per kvadratmeter,2026-09-22T19:00:00Z,2026-09-22T21:00:00+02:00,1790103600000,,0.00,0.00,G,,latest-months
162015,Luleå Sol,11,Global Irradians (svenska stationer),"medelvärde 1 timma, varje timme",watt per kvadratmeter,2026-09-22T20:00:00Z,2026-09-22T22:00:00+02:00,1790107200000,,0.00,0.00,G,,latest-months
162015,Luleå Sol,11,Global Irradians (svenska stationer),"medelvärde 1 timma, varje timme",watt per kvadratmeter,2026-09-22T21:00:00Z,2026-09-22T23:00:00+02:00,1790110800000,,0.00,0.00,G,,latest-months
162015,Luleå Sol,11,Global Irradians (svenska stationer),"medelvärde 1 timma, varje timme",watt per kvadratmeter,2026-09-22T22:00:00Z,2026-09-23T00:00:00+02:00,1790114400000,,0.00,0.00,G,,latest-months
162015,Luleå Sol,11,Global Irradians (svenska stationer),"medelvärde 1 timma, varje timme",watt per kvadratmeter,2026-09-22T23:00:00Z,2026-09-23T01:00:00+02:00,1790118000000,,0.00,0.00,G,,latest-months
162015,Luleå Sol,11,Global Irradians (svenska stationer),"medelvärde 1 timma, varje timme",watt per kvadratmeter,2026-09-23T00:00:00Z,2026-09-23T02:00:00+02:00,1790121600000,,0.00,0.00,G,,latest-months
162015,Luleå Sol,11,Global Irradians (svenska stationer),"medelvärde 1 timma, varje timme",watt per kvadratmeter,2026-09-23T01:00:00Z,2026-09-23T03:00:00+02:00,1790125200000,,0.00,0.00,G,,latest-months
162015,Luleå Sol,11,Global Irradians (svenska stationer),"medelvärde 1 timma, varje timme",watt per kvadratmeter,2026-09-23T02:00:00Z,2026-09-23T04:00:00+02:00,1790128800000,,0.00,0.00,G,,latest-months
162015,Luleå Sol,11,Global Irradians (svenska stationer),"medelvärde 1 timma, varje timme",watt per kvadratmeter,2026-09-23T03:00:00Z,2026-09-23T05:00:00+02:00,1790132400000,,0.00,0.00,G,,latest-months
162015,Luleå Sol,11,Global Irradians (svenska stationer),"medelvärde 1 timma, varje timme",watt per kvadratmeter,2026-09-23T04:00:00Z,2026-09-23T06:00:00+02:00,1790136000000,,0.54,0.54,G,,latest-months
162015,Luleå Sol,11,Global Irradians (svenska stationer),"medelvärde 1 timma, varje timme",watt per kvadratmeter,2026-09-23T05:00:00Z,2026-09-23T07:00:00+02:00,1790139600000,,5.82,5.82,G,,latest-months
162015,Luleå Sol,11,Global Irradians (svenska stationer),"medelvärde 1 timma, varje timme",watt per kvadratmeter,2026-09-23T06:00:00Z,2026-09-23T08:00:00+02:00,1790143200000,,35.39,35.39,G,,latest-months
162015,Luleå Sol,11,Global Irradians (svenska stationer),"medelvärde 1 timma, varje timme",watt per kvadratmeter,2026-09-23T07:00:00Z,2026-09-23T09:00:00+02:00,1790146800000,,138.78,138.78,G,,latest-months
162015,Luleå Sol,11,Global Irradians (svenska stationer),"medelvärde 1 timma, varje timme",watt per kvadratmeter,2026-09-23T08:00:00Z,2026-09-23T10:00:00+02:00,1790150400000,,210.72,210.72,G,,latest-months
162015,Luleå Sol,11,Global Irradians (svenska stationer),"medelvärde 1 timma, varje timme",watt per kvadratmeter,2026-09-23T09:00:00Z,2026-09-23T11:00:00+02:00,1790154000000,,199.16,199.16,G,,latest-months
162015,Luleå Sol,11,Global Irradians (svenska stationer),"medelvärde 1 timma, varje timme",watt per kvadratmeter,2026-09-23T10:00:00Z,2026-09-23T12:00:00+02:00,1790157600000,,218.13,218.13,G,,latest-months
162015,Luleå Sol,11,Global Irradians (svenska stationer),"medelvärde 1 timma, varje timme",watt per kvadratmeter,2026-09-23T11:00:00Z,2026-09-23T13:00:00+02:00,1790161200000,,221.99,221.99,G,,latest-months
162015,Luleå Sol,11,Global Irradians (svenska stationer),"medelvärde 1 timma, varje timme",watt per kvadratmeter,2026-09-23T12:00:00Z,2026-09-23T14:00:00+02:00,1790164800000,,149.21,149.21,G,,latest-months
162015,Luleå Sol,11,Global Irradians (svenska stationer),"medelvärde 1 timma, varje timme",watt per kvadratmeter,2026-09-23T13:00:00Z,2026-09-23T15:00:00+02:00,1790168400000,,160.25,160.25,G,,latest-months
162015,Luleå Sol,11,Global Irradians (svenska stationer),"medelvärde 1 timma, varje timme",watt per kvadratmeter,2026-09-23T14:00:00Z,2026-09-23T16:00:00+02:00,1790172000000,,82.56,82.56,G,,latest-months
162015,Luleå Sol,11,Global Irradians (svenska stationer),"medelvärde 1 timma, varje timme",watt per kvadratmeter,2026-09-23T15:00:00Z,2026-09-23T17:00:00+02:00,1790175600000,,63.96,63.96,G,,latest-months
162015,Luleå Sol,11,Global Irradians (svenska stationer),"medelvärde 1 timma, varje timme",watt per kvadratmeter,2026-09-23T16:00:00Z,2026-09-23T18:00:00+02:00,1790179200000,,36.77,36.77,G,,latest-months
162015,Luleå Sol,11,Global Irradians (svenska stationer),"medelvärde 1 timma, varje timme",watt per kvadratmeter,2026-09-23T17:00:00Z,2026-09-23T19:00:00+02:00,1790182800000,,3.47,3.47,G,,latest-months
162015,Luleå Sol,11,Global Irradians (svenska stationer),"medelvärde 1 timma, varje timme",watt per kvadratmeter,2026-09-23T18:00:00Z,2026-09-23T20:00:00+02:00,1790186400000,,0.17,0.17,G,,latest-months
162015,Luleå Sol,11,Global Irradians (svenska stationer),"medelvärde 1 timma, varje timme",watt per kvadratmeter,2026-09-23T19:00:00Z,2026-09-23T21:00:00+02:00,1790190000000,,0.00,0.00,G,,latest-months
162015,Luleå Sol,11,Global Irradians (svenska stationer),"medelvärde 1 timma, varje timme",watt per kvadratmeter,2026-09-23T20:00:00Z,2026-09-23T22:00:00+02:00,1790193600000,,0.00,0.00,G,,latest-months
162015,Luleå Sol,11,Global Irradians (svenska stationer),"medelvärde 1 timma, varje timme",watt per kvadratmeter,2026-09-23T21:00:00Z,2026-09-23T23:00:00+02:00,1790197200000,,0.00,0.00,G,,latest-months
162015,Luleå Sol,11,Global Irradians (svenska stationer),"medelvärde 1 timma, varje timme",watt per kvadratmeter,2026-09-23T22:00:00Z,2026-09-24T00:00:00+02:00,1790200800000,,0.00,0.00,G,,latest-months
162015,Luleå Sol,11,Global Irradians (svenska stationer),"medelvärde 1 timma, varje timme",watt per kvadratmeter,2026-09-23T23:00:00Z,2026-09-24T01:00:00+02:00,1790204400000,,0.00,0.00,G,,latest-months
162015,Luleå Sol,11,Global Irradians (svenska stationer),"medelvärde 1 timma, varje timme",watt per kvadratmeter,2026-09-24T00:00:00Z,2026-09-24T02:00:00+02:00,1790208000000,,0.00,0.00,G,,latest-months
162015,Luleå Sol,11,Global Irradians (svenska stationer),"medelvärde 1 timma, varje timme",watt per kvadratmeter,2026-09-24T01:00:00Z,2026-09-24T03:00:00+02:00,1790211600000,,0.00,0.00,G,,latest-months
162015,Luleå Sol,11,Global Irradians (svenska stationer),"medelvärde 1 timma, varje timme",watt per kvadratmeter,2026-09-24T02:00:00Z,2026-09-24T04:00:00+02:00,1790215200000,,0.00,0.00,G,,latest-months
162015,Luleå Sol,11,Global Irradians (svenska stationer),"medelvärde 1 timma, varje timme",watt per kvadratmeter,2026-09-24T03:00:00Z,2026-09-24T05:00:00+02:00,1790218800000,,0.00,0.00,G,,latest-months
162015,Luleå Sol,11,Global Irradians (svenska stationer),"medelvärde 1 timma, varje timme",watt per kvadratmeter,2026-09-24T04:00:00Z,2026-09-24T06:00:00+02:00,1790222400000,,0.18,0.18,G,,latest-months
162015,Luleå Sol,11,Global Irradians (svenska stationer),"medelvärde 1 timma, varje timme",watt per kvadratmeter,2026-09-24T05:00:00Z,2026-09-24T07:00:00+02:00,1790226000000,,4.11,4.11,G,,latest-months
162015,Luleå Sol,11,Global Irradians (svenska stationer),"medelvärde 1 timma, varje timme",watt per kvadratmeter,2026-09-24T06:00:00Z,2026-09-24T08:00:00+02:00,1790229600000,,20.56,20.56,G,,latest-months
162015,Luleå Sol,11,Global Irradians (svenska stationer),"medelvärde 1 timma, varje timme",watt per kvadratmeter,2026-09-24T07:00:00Z,2026-09-24T09:00:00+02:00,1790233200000,,47.11,47.11,G,,latest-months
162015,Luleå Sol,11,Global Irradians (svenska stationer),"medelvärde 1 timma, varje timme",watt per kvadratmeter,2026-09-24T08:00:00Z,2026-09-24T10:00:00+02:00,1790236800000,,53.29,53.29,G,,latest-months
162015,Luleå Sol,11,Global Irradians (svenska stationer),"medelvärde 1 timma, varje timme",watt per kvadratmeter,2026-09-24T09:00:00Z,2026-09-24T11:00:00+02:00,1790240400000,,77.19,77.19,G,,latest-months
162015,Luleå Sol,11,Global Irradians (svenska stationer),"medelvärde 1 timma, varje timme",watt per kvadratmeter,2026-09-24T10:00:00Z,2026-09-24T12:00:00+02:00,1790244000000,,94.13,94.13,G,,latest-months
162015,Luleå Sol,11,Global Irradians (svenska stationer),"medelvärde 1 timma, varje timme",watt per kvadratmeter,2026-09-24T11:00:00Z,2026-09-24T13:00:00+02:00,1790247600000,,135.80,135.80,G,,latest-months
162015,Luleå Sol,11,Global Irradians (svenska stationer),"medelvärde 1 timma, varje timme",watt per kvadratmeter,2026-09-24T12:00:00Z,2026-09-24T14:00:00+02:00,1790251200000,,252.96,252.96,G,,latest-months
162015,Luleå Sol,11,Global Irradians (svenska stationer),"medelvärde 1 timma, varje timme",watt per kvadratmeter,2026-09-24T13:00:00Z,2026-09-24T15:00:00+02:00,1790254800000,,255.92,255.92,G,,latest-months
162015,Luleå Sol,11,Global Irradians (svenska stationer),"medelvärde 1 timma, varje timme",watt per kvadratmeter,2026-09-24T14:00:00Z,2026-09-24T16:00:00+02:00,1790258400000,,200.64,200.64,G,,latest-months
162015,Luleå Sol,11,Global Irradians (svenska stationer),"medelvärde 1 timma, varje timme",watt per kvadratmeter,2026-09-24T15:00:00Z,2026-09-24T17:00:00+02:00,1790262000000,,131.71,131.71,G,,latest-months
162015,Luleå Sol,11,Global Irradians (svenska stationer),"medelvärde 1 timma, varje timme",watt per kvadratmeter,2026-09-24T16:00:00Z,2026-09-24T18:00:00+02:00,1790265600000,,56.52,56.52,G,,latest-months
162015,Luleå Sol,11,Global Irradians (svenska stationer),"medelvärde 1 timma, varje timme",watt per kvadratmeter,2026-09-24T17:00:00Z,2026-09-24T19:00:00+02:00,1790269200000,,4.71,4.71,G,,latest-months
162015,Luleå Sol,11,Global Irradians (svenska stationer),"medelvärde 1 timma, varje timme",watt per kvadratmeter,2026-09-24T18:00:00Z,2026-09-24T20:00:00+02:00,1790272800000,,0.00,0.00,G,,latest-months
162015,Luleå Sol,11,Global Irradians (svenska stationer),"medelvärde 1 timma, varje timme",watt per kvadratmeter,2026-09-24T19:00:00Z,2026-09-24T21:00:00+02:00,1790276400000,,0.00,0.00,G,,latest-months
162015,Luleå Sol,11,Global Irradians (svenska stationer),"medelvärde 1 timma, varje timme",watt per kvadratmeter,2026-09-24T20:00:00Z,2026-09-24T22:00:00+02:00,1790280000000,,0.00,0.00,G,,latest-months
162015,Luleå Sol,11,Global Irradians (svenska stationer),"medelvärde 1 timma, varje timme",watt per kvadratmeter,2026-09-24T21:00:00Z,2026-09-24T23:00:00+02:00,1790283600000,,0.00,0.00,G,,latest-months
162015,Luleå Sol,11,Global Irradians (svenska stationer),"medelvärde 1 timma, varje timme",watt per kvadratmeter,2026-09-24T22:00:00Z,2026-09-25T00:00:00+02:00,1790287200000,,0.00,0.00,G,,latest-months
162015,Luleå Sol,11,Global Irradians (svenska stationer),"medelvärde 1 timma, varje timme",watt per kvadratmeter,2026-09-24T23:00:00Z,2026-09-25T01:00:00+02:00,1790290800000,,0.00,0.00,G,,latest-months
162015,Luleå Sol,11,Global Irradians (svenska stationer),"medelvärde 1 timma, varje timme",watt per kvadratmeter,2026-09-25T00:00:00Z,2026-09-25T02:00:00+02:00,1790294400000,,0.00,0.00,G,,latest-months
162015,Luleå Sol,11,Global Irradians (svenska stationer),"medelvärde 1 timma, varje timme",watt per kvadratmeter,2026-09-25T01:00:00Z,2026-09-25T03:00:00+02:00,1790298000000,,0.00,0.00,G,,latest-months
162015,Luleå Sol,11,Global Irradians (svenska stationer),"medelvärde 1 timma, varje timme",watt per kvadratmeter,2026-09-25T02:00:00Z,2026-09-25T04:00:00+02:00,1790301600000,,0.00,0.00,G,,latest-months
162015,Luleå Sol,11,Global Irradians (svenska stationer),"medelvärde 1 timma, varje timme",watt per kvadratmeter,2026-09-25T03:00:00Z,2026-09-25T05:00:00+02:00,1790305200000,,0.00,0.00,G,,latest-months
162015,Luleå Sol,11,Global Irradians (svenska stationer),"medelvärde 1 timma, varje timme",watt per kvadratmeter,2026-09-25T04:00:00Z,2026-09-25T06:00:00+02:00,1790308800000,,0.56,0.56,G,,latest-months
162015,Luleå Sol,11,Global Irradians (svenska stationer),"medelvärde 1 timma, varje timme",watt per kvadratmeter,2026-09-25T05:00:00Z,2026-09-25T07:00:00+02:00,1790312400000,,3.28,3.28,G,,latest-months
162015,Luleå Sol,11,Global Irradians (svenska stationer),"medelvärde 1 timma, varje timme",watt per kvadratmeter,2026-09-25T06:00:00Z,2026-09-25T08:00:00+02:00,1790316000000,,19.98,19.98,G,,latest-months
162015,Luleå Sol,11,Global Irradians (svenska stationer),"medelvärde 1 timma, varje timme",watt per kvadratmeter,2026-09-25T07:00:00Z,2026-09-25T09:00:00+02:00,1790319600000,,29.25,29.25,G,,latest-months
162015,Luleå Sol,11,Global Irradians (svenska stationer),"medelvärde 1 timma, varje timme",watt per kvadratmeter,2026-09-25T08:00:00Z,2026-09-25T10:00:00+02:00,1790323200000,,34.19,34.19,G,,latest-months
162015,Luleå Sol,11,Global Irradians (svenska stationer),"medelvärde 1 timma, varje timme",watt per kvadratmeter,2026-09-25T09:00:00Z,2026-09-25T11:00:00+02:00,1790326800000,,63.05,63.05,G,,latest-months
162015,Luleå Sol,11,Global Irradians (svenska stationer),"medelvärde 1 timma, varje timme",watt per kvadratmeter,2026-09-25T10:00:00Z,2026-09-25T12:00:00+02:00,1790330400000,,36.82,36.82,G,,latest-months
162015,Luleå Sol,11,Global Irradians (svenska stationer),"medelvärde 1 timma, varje timme",watt per kvadratmeter,2026-09-25T11:00:00Z,2026-09-25T13:00:00+02:00,1790334000000,,58.34,58.34,G,,latest-months
162015,Luleå Sol,11,Global Irradians (svenska stationer),"medelvärde 1 timma, varje timme",watt per kvadratmeter,2026-09-25T12:00:00Z,2026-09-25T14:00:00+02:00,1790337600000,,54.62,54.62,G,,latest-months
162015,Luleå Sol,11,Global Irradians (svenska stationer),"medelvärde 1 timma, varje timme",watt per kvadratmeter,2026-09-25T13:00:00Z,2026-09-25T15:00:00+02:00,1790341200000,,33.85,33.85,G,,latest-months
162015,Luleå Sol,11,Global Irradians (svenska stationer),"medelvärde 1 timma, varje timme",watt per kvadratmeter,2026-09-25T14:00:00Z,2026-09-25T16:00:00+02:00,1790344800000,,24.21,24.21,G,,latest-months
162015,Luleå Sol,11,Global Irradians (svenska stationer),"medelvärde 1 timma, varje timme",watt per kvadratmeter,2026-09-25T15:00:00Z,2026-09-25T17:00:00+02:00,1790348400000,,13.47,13.47,G,,latest-months
162015,Luleå Sol,11,Global Irradians (svenska stationer),"medelvärde 1 timma, varje timme",watt per kvadratmeter,2026-09-25T16:00:00Z,2026-09-25T18:00:00+02:00,1790352000000,,4.76,4.76,G,,latest-months
162015,Luleå Sol,11,Global Irradians (svenska stationer),"medelvärde 1 timma, varje timme",watt per kvadratmeter,2026-09-25T17:00:00Z,2026-09-25T19:00:00+02:00,1790355600000,,0.19,0.19,G,,latest-months
162015,Luleå Sol,11,Global Irradians (svenska stationer),"medelvärde 1 timma, varje timme",watt per kvadratmeter,2026-09-25T18:00:00Z,2026-09-25T20:00:00+02:00,1790359200000,,0.01,0.01,G,,latest-months
162015,Luleå Sol,11,Global Irradians (svenska stationer),"medelvärde 1 timma, varje timme",watt per kvadratmeter,2026-09-25T19:00:00Z,2026-09-25T21:00:00+02:00,1790362800000,,0.00,0.00,G,,latest-months
162015,Luleå Sol,11,Global Irradians (svenska stationer),"medelvärde 1 timma, varje timme",watt per kvadratmeter,2026-09-25T20:00:00Z,2026-09-25T22:00:00+02:00,1790366400000,,0.00,0.00,G,,latest-months
162015,Luleå Sol,11,Global Irradians (svenska stationer),"medelvärde 1 timma, varje timme",watt per kvadratmeter,2026-09-25T21:00:00Z,2026-09-25T23:00:00+02:00,1790370000000,,0.00,0.00,G,,latest-months
162015,Luleå Sol,11,Global Irradians (svenska stationer),"medelvärde 1 timma, varje timme",watt per kvadratmeter,2026-09-25T22:00:00Z,2026-09-26T00:00:00+02:00,1790373600000,,0.00,0.00,G,,latest-months
162015,Luleå Sol,11,Global Irradians (svenska stationer),"medelvärde 1 timma, varje timme",watt per kvadratmeter,2026-09-25T23:00:00Z,2026-09-26T01:00:00+02:00,1790377200000,,0.00,0.00,G,,latest-months
162015,Luleå Sol,11,Global Irradians (svenska stationer),"medelvärde 1 timma, varje timme",watt per kvadratmeter,2026-09-26T00:00:00Z,2026-09-26T02:00:00+02:00,1790380800000,,0.00,0.00,G,,latest-months
162015,Luleå Sol,11,Global Irradians (svenska stationer),"medelvärde 1 timma, varje timme",watt per kvadratmeter,2026-09-26T01:00:00Z,2026-09-26T03:00:00+02:00,1790384400000,,0.00,0.00,G,,latest-months
162015,Luleå Sol,11,Global Irradians (svenska stationer),"medelvärde 1 timma, varje timme",watt per kvadratmeter,2026-09-26T02:00:00Z,2026-09-26T04:00:00+02:00,1790388000000,,0.00,0.00,G,,latest-months
162015,Luleå Sol,11,Global Irradians (svenska stationer),"medelvärde 1 timma, varje timme",watt per kvadratmeter,2026-09-26T03:00:00Z,2026-09-26T05:00:00+02:00,1790391600000,,0.00,0.00,G,,latest-months
162015,Luleå Sol,11,Global Irradians (svenska stationer),"medelvärde 1 timma, varje timme",watt per kvadratmeter,2026-09-26T04:00:00Z,2026-09-26T06:00:00+02:00,1790395200000,,0.17,0.17,G,,latest-months
162015,Luleå Sol,11,Global Irradians (svenska stationer),"medelvärde 1 timma, varje timme",watt per kvadratmeter,2026-09-26T05:00:00Z,2026-09-26T07:00:00+02:00,1790398800000,,1.90,1.90,G,,latest-months
162015,Luleå Sol,11,Global Irradians (svenska stationer),"medelvärde 1 timma, varje timme",watt per kvadratmeter,2026-09-26T06:00:00Z,2026-09-26T08:00:00+02:00,1790402400000,,6.51,6.51,G,,latest-months
162015,Luleå Sol,11,Global Irradians (svenska stationer),"medelvärde 1 timma, varje timme",watt per kvadratmeter,2026-09-26T07:00:00Z,2026-09-26T09:00:00+02:00,1790406000000,,26.33,26.33,G,,latest-months
162015,Luleå Sol,11,Global Irradians (svenska stationer),"medelvärde 1 timma, varje timme",watt per kvadratmeter,2026-09-26T08:00:00Z,2026-09-26T10:00:00+02:00,1790409600000,,40.37,40.37,G,,latest-months
162015,Luleå Sol,11,Global Irradians (svenska stationer),"medelvärde 1 timma, varje timme",watt per kvadratmeter,2026-09-26T09:00:00Z,2026-09-26T11:00:00+02:00,1790413200000,,47.46,47.46,G,,latest-months
162015,Luleå Sol,11,Global Irradians (svenska stationer),"medelvärde 1 timma, varje timme",watt per kvadratmeter,2026-09-26T10:00:00Z,2026-09-26T12:00:00+02:00,1790416800000,,59.78,59.78,G,,latest-months
162015,Luleå Sol,11,Global Irradians (svenska stationer),"medelvärde 1 timma, varje timme",watt per kvadratmeter,2026-09-26T11:00:00Z,2026-09-26T13:00:00+02:00,1790420400000,,48.18,48.18,G,,latest-months
162015,Luleå Sol,11,Global Irradians (svenska stationer),"medelvärde 1 timma, varje timme",watt per kvadratmeter,2026-09-26T12:00:00Z,2026-09-26T14:00:00+02:00,1790424000000,,48.18,48.18,G,,latest-months
162015,Luleå Sol,11,Global Irradians (svenska stationer),"medelvärde 1 timma, varje timme",watt per kvadratmeter,2026-09-26T13:00:00Z,2026-09-26T15:00:00+02:00,1790427600000,,53.32,53.32,G,,latest-months
162015,Luleå Sol,11,Global Irradians (svenska stationer),"medelvärde 1 timma, varje timme",watt per kvadratmeter,2026-09-26T14:00:00Z,2026-09-26T16:00:00+02:00,1790431200000,,49.02,49.02,G,,latest-months
162015,Luleå Sol,11,Global Irradians (svenska stationer),"medelvärde 1 timma, varje timme",watt per kvadratmeter,2026-09-26T15:00:00Z,2026-09-26T17:00:00+02:00,1790434800000,,31.52,31.52,G,,latest-months
162015,Luleå Sol,11,Global Irradians (svenska stationer),"medelvärde 1 timma, varje timme",watt per kvadratmeter,2026-09-26T16:00:00Z,2026-09-26T18:00:00+02:00,1790438400000,,7.62,7.62,G,,latest-months
162015,Luleå Sol,11,Global Irradians (svenska stationer),"medelvärde 1 timma, varje timme",watt per kvadratmeter,2026-09-26T17:00:00Z,2026-09-26T19:00:00+02:00,1790442000000,,0.48,0.48,G,,latest-months
162015,Luleå Sol,11,Global Irradians (svenska stationer),"medelvärde 1 timma, varje timme",watt per kvadratmeter,2026-09-26T18:00:00Z,2026-09-26T20:00:00+02:00,1790445600000,,0.00,0.00,G,,latest-months
162015,Luleå Sol,11,Global Irradians (svenska stationer),"medelvärde 1 timma, varje timme",watt per kvadratmeter,2026-09-26T19:00:00Z,2026-09-26T21:00:00+02:00,1790449200000,,0.00,0.00,G,,latest-months
162015,Luleå Sol,11,Global Irradians (svenska stationer),"medelvärde 1 timma, varje timme",watt per kvadratmeter,2026-09-26T20:00:00Z,2026-09-26T22:00:00+02:00,1790452800000,,0.00,0.00,G,,latest-months
162015,Luleå Sol,11,Global Irradians (svenska stationer),"medelvärde 1 timma, varje timme",watt per kvadratmeter,2026-09-26T21:00:00Z,2026-09-26T23:00:00+02:00,1790456400000,,0.00,0.00,G,,latest-months
162015,Luleå Sol,11,Global Irradians (svenska stationer),"medelvärde 1 timma, varje timme",watt per kvadratmeter,2026-09-26T22:00:00Z,2026-09-27T00:00:00+02:00,1790460000000,,0.00,0.00,G,,latest-months
162015,Luleå Sol,11,Global Irradians (svenska stationer),"medelvärde 1 timma, varje timme",watt per kvadratmeter,2026-09-26T23:00:00Z,2026-09-27T01:00:00+02:00,1790463600000,,0.00,0.00,G,,latest-months
162015,Luleå Sol,11,Global Irradians (svenska stationer),"medelvärde 1 timma, varje timme",watt per kvadratmeter,2026-09-27T00:00:00Z,2026-09-27T02:00:00+02:00,1790467200000,,0.00,0.00,G,,latest-months
162015,Luleå Sol,11,Global Irradians (svenska stationer),"medelvärde 1 timma, varje timme",watt per kvadratmeter,2026-09-27T01:00:00Z,2026-09-27T03:00:00+02:00,1790470800000,,0.00,0.00,G,,latest-months
162015,Luleå Sol,11,Global Irradians (svenska stationer),"medelvärde 1 timma, varje timme",watt per kvadratmeter,2026-09-27T02:00:00Z,2026-09-27T04:00:00+02:00,1790474400000,,0.00,0.00,G,,latest-months
162015,Luleå Sol,11,Global Irradians (svenska stationer),"medelvärde 1 timma, varje timme",watt per kvadratmeter,2026-09-27T03:00:00Z,2026-09-27T05:00:00+02:00,1790478000000,,0.00,0.00,G,,latest-months
162015,Luleå Sol,11,Global Irradians (svenska stationer),"medelvärde 1 timma, varje timme",watt per kvadratmeter,2026-09-27T04:00:00Z,2026-09-27T06:00:00+02:00,1790481600000,,0.03,0.03,G,,latest-months
162015,Luleå Sol,11,Global Irradians (svenska stationer),"medelvärde 1 timma, varje timme",watt per kvadratmeter,2026-09-27T05:00:00Z,2026-09-27T07:00:00+02:00,1790485200000,,5.20,5.20,G,,latest-months
162015,Luleå Sol,11,Global Irradians (svenska stationer),"medelvärde 1 timma, varje timme",watt per kvadratmeter,2026-09-27T06:00:00Z,2026-09-27T08:00:00+02:00,1790488800000,,64.14,64.14,G,,latest-months
162015,Luleå Sol,11,Global Irradians (svenska stationer),"medelvärde 1 timma, varje timme",watt per kvadratmeter,2026-09-27T07:00:00Z,2026-09-27T09:00:00+02:00,1790492400000,,156.98,156.98,G,,latest-months
162015,Luleå Sol,11,Global Irradians (svenska stationer),"medelvärde 1 timma, varje timme",watt per kvadratmeter,2026-09-27T08:00:00Z,2026-09-27T10:00:00+02:00,1790496000000,,243.71,243.71,G,,latest-months
162015,Luleå Sol,11,Global Irradians (svenska stationer),"medelvärde 1 timma, varje timme",watt per kvadratmeter,2026-09-27T09:00:00Z,2026-09-27T11:00:00+02:00,1790499600000,,314.76,314.76,G,,latest-months
162015,Luleå Sol,11,Global Irradians (svenska stationer),"medelvärde 1 timma, varje timme",watt per kvadratmeter,2026-09-27T10:00:00Z,2026-09-27T12:00:00+02:00,1790503200000,,358.78,358.78,G,,latest-months
162015,Luleå Sol,11,Global Irradians (svenska stationer),"medelvärde 1 timma, varje timme",watt per kvadratmeter,2026-09-27T11:00:00Z,2026-09-27T13:00:00+02:00,1790506800000,,369.42,369.42,G,,latest-months
162015,Luleå Sol,11,Global Irradians (svenska stationer),"medelvärde 1 timma, varje timme",watt per kvadratmeter,2026-09-27T12:00:00Z,2026-09-27T14:00:00+02:00,1790510400000,,348.31,348.31,G,,latest-months
162015,Luleå Sol,11,Global Irradians (svenska stationer),"medelvärde 1 timma, varje timme",watt per kvadratmeter,2026-09-27T13:00:00Z,2026-09-27T15:00:00+02:00,1790514000000,,297.77,297.77,G,,latest-months
162015,Luleå Sol,11,Global Irradians (svenska stationer),"medelvärde 1 timma, varje timme",watt per kvadratmeter,2026-09-27T14:00:00Z,2026-09-27T16:00:00+02:00,1790517600000,,222.49,222.49,G,,latest-months
162015,Luleå Sol,11,Global Irradians (svenska stationer),"medelvärde 1 timma, varje timme",watt per kvadratmeter,2026-09-27T15:00:00Z,2026-09-27T17:00:00+02:00,1790521200000,,132.09,132.09,G,,latest-months
162015,Luleå Sol,11,Global Irradians (svenska stationer),"medelvärde 1 timma, varje timme",watt per kvadratmeter,2026-09-27T16:00:00Z,2026-09-27T18:00:00+02:00,1790524800000,,37.48,37.48,G,,latest-months
162015,Luleå Sol,11,Global Irradians (svenska stationer),"medelvärde 1 timma, varje timme",watt per kvadratmeter,2026-09-27T17:00:00Z,2026-09-27T19:00:00+02:00,1790528400000,,2.23,2.23,G,,latest-months
162015,Luleå Sol,11,Global Irradians (svenska stationer),"medelvärde 1 timma, varje timme",watt per kvadratmeter,2026-09-27T18:00:00Z,2026-09-27T20:00:00+02:00,1790532000000,,0.02,0.02,G,,latest-months
162015,Luleå Sol,11,Global Irradians (svenska stationer),"medelvärde 1 timma, varje timme",watt per kvadratmeter,2026-09-27T19:00:00Z,2026-09-27T21:00:00+02:00,1790535600000,,0.00,0.00,G,,latest-months
162015,Luleå Sol,11,Global Irradians (svenska stationer),"medelvärde 1 timma, varje timme",watt per kvadratmeter,2026-09-27T20:00:00Z,2026-09-27T22:00:00+02:00,1790539200000,,0.00,0.00,G,,latest-months
162015,Luleå Sol,11,Global Irradians (svenska stationer),"medelvärde 1 timma, varje timme",watt per kvadratmeter,2026-09-27T21:00:00Z,2026-09-27T23:00:00+02:00,1790542800000,,0.00,0.00,G,,latest-months
162015,Luleå Sol,11,Global Irradians (svenska stationer),"medelvärde 1 timma, varje timme",watt per kvadratmeter,2026-09-27T22:00:00Z,2026-09-28T00:00:00+02:00,1790546400000,,0.00,0.00,G,,latest-months
162015,Luleå Sol,11,Global Irradians (svenska stationer),"medelvärde 1 timma, varje timme",watt per kvadratmeter,2026-09-27T23:00:00Z,2026-09-28T01:00:00+02:00,1790550000000,,0.00,0.00,G,,latest-months
162015,Luleå Sol,11,Global Irradians (svenska stationer),"medelvärde 1 timma, varje timme",watt per kvadratmeter,2026-09-28T00:00:00Z,2026-09-28T02:00:00+02:00,1790553600000,,0.00,0.00,G,,latest-months
162015,Luleå Sol,11,Global Irradians (svenska stationer),"medelvärde 1 timma, varje timme",watt per kvadratmeter,2026-09-28T01:00:00Z,2026-09-28T03:00:00+02:00,1790557200000,,0.00,0.00,G,,latest-months
162015,Luleå Sol,11,Global Irradians (svenska stationer),"medelvärde 1 timma, varje timme",watt per kvadratmeter,2026-09-28T02:00:00Z,2026-09-28T04:00:00+02:00,1790560800000,,0.00,0.00,G,,latest-months
162015,Luleå Sol,11,Global Irradians (svenska stationer),"medelvärde 1 timma, varje timme",watt per kvadratmeter,2026-09-28T03:00:00Z,2026-09-28T05:00:00+02:00,1790564400000,,0.00,0.00,G,,latest-months
162015,Luleå Sol,11,Global Irradians (svenska stationer),"medelvärde 1 timma, varje timme",watt per kvadratmeter,2026-09-28T04:00:00Z,2026-09-28T06:00:00+02:00,1790568000000,,0.24,0.24,G,,latest-months
162015,Luleå Sol,11,Global Irradians (svenska stationer),"medelvärde 1 timma, varje timme",watt per kvadratmeter,2026-09-28T05:00:00Z,2026-09-28T07:00:00+02:00,1790571600000,,4.97,4.97,G,,latest-months
162015,Luleå Sol,11,Global Irradians (svenska stationer),"medelvärde 1 timma, varje timme",watt per kvadratmeter,2026-09-28T06:00:00Z,2026-09-28T08:00:00+02:00,1790575200000,,27.03,27.03,G,,latest-months
162015,Luleå Sol,11,Global Irradians (svenska stationer),"medelvärde 1 timma, varje timme",watt per kvadratmeter,2026-09-28T07:00:00Z,2026-09-28T09:00:00+02:00,1790578800000,,54.93,54.93,G,,latest-months
162015,Luleå Sol,11,Global Irradians (svenska stationer),"medelvärde 1 timma, varje timme",watt per kvadratmeter,2026-09-28T08:00:00Z,2026-09-28T10:00:00+02:00,1790582400000,,197.02,197.02,G,,latest-months
162015,Luleå Sol,11,Global Irradians (svenska stationer),"medelvärde 1 timma, varje timme",watt per kvadratmeter,2026-09-28T09:00:00Z,2026-09-28T11:00:00+02:00,1790586000000,,160.46,160.46,G,,latest-months
162015,Luleå Sol,11,Global Irradians (svenska stationer),"medelvärde 1 timma, varje timme",watt per kvadratmeter,2026-09-28T10:00:00Z,2026-09-28T12:00:00+02:00,1790589600000,,75.50,75.50,G,,latest-months
162015,Luleå Sol,11,Global Irradians (svenska stationer),"medelvärde 1 timma, varje timme",watt per kvadratmeter,2026-09-28T11:00:00Z,2026-09-28T13:00:00+02:00,1790593200000,,47.03,47.03,G,,latest-months
162015,Luleå Sol,11,Global Irradians (svenska stationer),"medelvärde 1 timma, varje timme",watt per kvadratmeter,2026-09-28T12:00:00Z,2026-09-28T14:00:00+02:00,1790596800000,,37.89,37.89,G,,latest-months
162015,Luleå Sol,11,Global Irradians (svenska stationer),"medelvärde 1 timma, varje timme",watt per kvadratmeter,2026-09-28T13:00:00Z,2026-09-28T15:00:00+02:00,1790600400000,,22.46,22.46,G,,latest-months
162015,Luleå Sol,11,Global Irradians (svenska stationer),"medelvärde 1 timma, varje timme",watt per kvadratmeter,2026-09-28T14:00:00Z,2026-09-28T16:00:00+02:00,1790604000000,,55.88,55.88,G,,latest-months
162015,Luleå Sol,11,Global Irradians (svenska stationer),"medelvärde 1 timma, varje timme",watt per kvadratmeter,2026-09-28T15:00:00Z,2026-09-28T17:00:00+02:00,1790607600000,,19.29,19.29,G,,latest-months
162015,Luleå Sol,11,Global Irradians (svenska stationer),"medelvärde 1 timma, varje timme",watt per kvadratmeter,2026-09-28T16:00:00Z,2026-09-28T18:00:00+02:00,1790611200000,,3.39,3.39,G,,latest-months
162015,Luleå Sol,11,Global Irradians (svenska stationer),"medelvärde 1 timma, varje timme",watt per kvadratmeter,2026-09-28T17:00:00Z,2026-09-28T19:00:00+02:00,1790614800000,,0.03,0.03,G,,latest-months
162015,Luleå Sol,11,Global Irradians (svenska stationer),"medelvärde 1 timma, varje timme",watt per kvadratmeter,2026-09-28T18:00:00Z,2026-09-28T20:00:00+02:00,1790618400000,,0.00,0.00,G,,latest-months
162015,Luleå Sol,11,Global Irradians (svenska stationer),"medelvärde 1 timma, varje timme",watt per kvadratmeter,2026-09-28T19:00:00Z,2026-09-28T21:00:00+02:00,1790622000000,,0.00,0.00,G,,latest-months
162015,Luleå Sol,11,Global Irradians (svenska stationer),"medelvärde 1 timma, varje timme",watt per kvadratmeter,2026-09-28T20:00:00Z,2026-09-28T22:00:00+02:00,1790625600000,,0.00,0.00,G,,latest-months
162015,Luleå Sol,11,Global Irradians (svenska stationer),"medelvärde 1 timma, varje timme",watt per kvadratmeter,2026-09-28T21:00:00Z,2026-09-28T23:00:00+02:00,1790629200000,,0.00,0.00,G,,latest-months
162015,Luleå Sol,11,Global Irradians (svenska stationer),"medelvärde 1 timma, varje timme",watt per kvadratmeter,2026-09-28T22:00:00Z,2026-09-29T00:00:00+02:00,1790632800000,,0.00,0.00,G,,latest-months
162015,Luleå Sol,11,Global Irradians (svenska stationer),"medelvärde 1 timma, varje timme",watt per kvadratmeter,2026-09-28T23:00:00Z,2026-09-29T01:00:00+02:00,1790636400000,,0.00,0.00,G,,latest-months
162015,Luleå Sol,11,Global Irradians (svenska stationer),"medelvärde 1 timma, varje timme",watt per kvadratmeter,2026-09-29T00:00:00Z,2026-09-29T02:00:00+02:00,1790640000000,,0.00,0.00,G,,latest-months
162015,Luleå Sol,11,Global Irradians (svenska stationer),"medelvärde 1 timma, varje timme",watt per kvadratmeter,2026-09-29T01:00:00Z,2026-09-29T03:00:00+02:00,1790643600000,,0.00,0.00,G,,latest-months
162015,Luleå Sol,11,Global Irradians (svenska stationer),"medelvärde 1 timma, varje timme",watt per kvadratmeter,2026-09-29T02:00:00Z,2026-09-29T04:00:00+02:00,1790647200000,,0.00,0.00,G,,latest-months
162015,Luleå Sol,11,Global Irradians (svenska stationer),"medelvärde 1 timma, varje timme",watt per kvadratmeter,2026-09-29T03:00:00Z,2026-09-29T05:00:00+02:00,1790650800000,,0.00,0.00,G,,latest-months
162015,Luleå Sol,11,Global Irradians (svenska stationer),"medelvärde 1 timma, varje timme",watt per kvadratmeter,2026-09-29T04:00:00Z,2026-09-29T06:00:00+02:00,1790654400000,,0.15,0.15,G,,latest-months
162015,Luleå Sol,11,Global Irradians (svenska stationer),"medelvärde 1 timma, varje timme",watt per kvadratmeter,2026-09-29T05:00:00Z,2026-09-29T07:00:00+02:00,1790658000000,,2.74,2.74,G,,latest-months
162015,Luleå Sol,11,Global Irradians (svenska stationer),"medelvärde 1 timma, varje timme",watt per kvadratmeter,2026-09-29T06:00:00Z,2026-09-29T08:00:00+02:00,1790661600000,,42.73,42.73,G,,latest-months
162015,Luleå Sol,11,Global Irradians (svenska stationer),"medelvärde 1 timma, varje timme",watt per kvadratmeter,2026-09-29T07:00:00Z,2026-09-29T09:00:00+02:00,1790665200000,,111.67,111.67,G,,latest-months
162015,Luleå Sol,11,Global Irradians (svenska stationer),"medelvärde 1 timma, varje timme",watt per kvadratmeter,2026-09-29T08:00:00Z,2026-09-29T10:00:00+02:00,1790668800000,,170.82,170.82,G,,latest-months
162015,Luleå Sol,11,Global Irradians (svenska stationer),"medelvärde 1 timma, varje timme",watt per kvadratmeter,2026-09-29T09:00:00Z,2026-09-29T11:00:00+02:00,1790672400000,,299.79,299.79,G,,latest-months
162015,Luleå Sol,11,Global Irradians (svenska stationer),"medelvärde 1 timma, varje timme",watt per kvadratmeter,2026-09-29T10:00:00Z,2026-09-29T12:00:00+02:00,1790676000000,,344.32,344.32,G,,latest-months
162015,Luleå Sol,11,Global Irradians (svenska stationer),"medelvärde 1 timma, varje timme",watt per kvadratmeter,2026-09-29T11:00:00Z,2026-09-29T13:00:00+02:00,1790679600000,,354.36,354.36,G,,latest-months
162015,Luleå Sol,11,Global Irradians (svenska stationer),"medelvärde 1 timma, varje timme",watt per kvadratmeter,2026-09-29T12:00:00Z,2026-09-29T14:00:00+02:00,1790683200000,,335.27,335.27,G,,latest-months
162015,Luleå Sol,11,Global Irradians (svenska stationer),"medelvärde 1 timma, varje timme",watt per kvadratmeter,2026-09-29T13:00:00Z,2026-09-29T15:00:00+02:00,1790686800000,,284.68,284.68,G,,latest-months
162015,Luleå Sol,11,Global Irradians (svenska stationer),"medelvärde 1 timma, varje timme",watt per kvadratmeter,2026-09-29T14:00:00Z,2026-09-29T16:00:00+02:00,1790690400000,,208.36,208.36,G,,latest-months
162015,Luleå Sol,11,Global Irradians (svenska stationer),"medelvärde 1 timma, varje timme",watt per kvadratmeter,2026-09-29T15:00:00Z,2026-09-29T17:00:00+02:00,1790694000000,,119.39,119.39,G,,latest-months
162015,Luleå Sol,11,Global Irradians (svenska stationer),"medelvärde 1 timma, varje timme",watt per kvadratmeter,2026-09-29T16:00:00Z,2026-09-29T18:00:00+02:00,1790697600000,,33.85,33.85,G,,latest-months
162015,Luleå Sol,11,Global Irradians (svenska stationer),"medelvärde 1 timma, varje timme",watt per kvadratmeter,2026-09-29T17:00:00Z,2026-09-29T19:00:00+02:00,1790701200000,,1.44,1.44,G,,latest-months
162015,Luleå Sol,11,Global Irradians (svenska stationer),"medelvärde 1 timma, varje timme",watt per kvadratmeter,2026-09-29T18:00:00Z,2026-09-29T20:00:00+02:00,1790704800000,,0.00,0.00,G,,latest-months
162015,Luleå Sol,11,Global Irradians (svenska stationer),"medelvärde 1 timma, varje timme",watt per kvadratmeter,2026-09-29T19:00:00Z,2026-09-29T21:00:00+02:00,1790708400000,,0.00,0.00,G,,latest-months
162015,Luleå Sol,11,Global Irradians (svenska stationer),"medelvärde 1 timma, varje timme",watt per kvadratmeter,2026-09-29T20:00:00Z,2026-09-29T22:00:00+02:00,1790712000000,,0.00,0.00,G,,latest-months
162015,Luleå Sol,11,Global Irradians (svenska stationer),"medelvärde 1 timma, varje timme",watt per kvadratmeter,2026-09-29T21:00:00Z,2026-09-29T23:00:00+02:00,1790715600000,,0.00,0.00,G,,latest-months
162015,Luleå Sol,11,Global Irradians (svenska stationer),"medelvärde 1 timma, varje timme",watt per kvadratmeter,2026-09-29T22:00:00Z,2026-09-30T00:00:00+02:00,1790719200000,,0.00,0.00,G,,latest-months
162015,Luleå Sol,11,Global Irradians (svenska stationer),"medelvärde 1 timma, varje timme",watt per kvadratmeter,2026-09-29T23:00:00Z,2026-09-30T01:00:00+02:00,1790722800000,,0.00,0.00,G,,latest-months
162015,Luleå Sol,11,Global Irradians (svenska stationer),"medelvärde 1 timma, varje timme",watt per kvadratmeter,2026-09-30T00:00:00Z,2026-09-30T02:00:00+02:00,1790726400000,,0.00,0.00,G,,latest-months
162015,Luleå Sol,11,Global Irradians (svenska stationer),"medelvärde 1 timma, varje timme",watt per kvadratmeter,2026-09-30T01:00:00Z,2026-09-30T03:00:00+02:00,1790730000000,,0.00,0.00,G,,latest-months
162015,Luleå Sol,11,Global Irradians (svenska stationer),"medelvärde 1 timma, varje timme",watt per kvadratmeter,2026-09-30T02:00:00Z,2026-09-30T04:00:00+02:00,1790733600000,,0.00,0.00,G,,latest-months
162015,Luleå Sol,11,Global Irradians (svenska stationer),"medelvärde 1 timma, varje timme",watt per kvadratmeter,2026-09-30T03:00:00Z,2026-09-30T05:00:00+02:00,1790737200000,,0.00,0.00,G,,latest-months
162015,Luleå Sol,11,Global Irradians (svenska stationer),"medelvärde 1 timma, varje timme",watt per kvadratmeter,2026-09-30T04:00:00Z,2026-09-30T06:00:00+02:00,1790740800000,,0.13,0.13,G,,latest-months
162015,Luleå Sol,11,Global Irradians (svenska stationer),"medelvärde 1 timma, varje timme",watt per kvadratmeter,2026-09-30T05:00:00Z,2026-09-30T07:00:00+02:00,1790744400000,,4.98,4.98,G,,latest-months
162015,Luleå Sol,11,Global Irradians (svenska stationer),"medelvärde 1 timma, varje timme",watt per kvadratmeter,2026-09-30T06:00:00Z,2026-09-30T08:00:00+02:00,1790748000000,,24.80,24.80,G,,latest-months
162015,Luleå Sol,11,Global Irradians (svenska stationer),"medelvärde 1 timma, varje timme",watt per kvadratmeter,2026-09-30T07:00:00Z,2026-09-30T09:00:00+02:00,1790751600000,,127.54,127.54,G,,latest-months
162015,Luleå Sol,11,Global Irradians (svenska stationer),"medelvärde 1 timma, varje timme",watt per kvadratmeter,2026-09-30T08:00:00Z,2026-09-30T10:00:00+02:00,1790755200000,,218.78,218.78,G,,latest-months
162015,Luleå Sol,11,Global Irradians (svenska stationer),"medelvärde 1 timma, varje timme",watt per kvadratmeter,2026-09-30T09:00:00Z,2026-09-30T11:00:00+02:00,1790758800000,,286.26,286.26,G,,latest-months
162015,Luleå Sol,11,Global Irradians (svenska stationer),"medelvärde 1 timma, varje timme",watt per kvadratmeter,2026-09-30T10:00:00Z,2026-09-30T12:00:00+02:00,1790762400000,,232.71,232.71,G,,latest-months
162015,Luleå Sol,11,Global Irradians (svenska stationer),"medelvärde 1 timma, varje timme",watt per kvadratmeter,2026-09-30T11:00:00Z,2026-09-30T13:00:00+02:00,1790766000000,,244.64,244.64,G,,latest-months
162015,Luleå Sol,11,Global Irradians (svenska stationer),"medelvärde 1 timma, varje timme",watt per kvadratmeter,2026-09-30T12:00:00Z,2026-09-30T14:00:00+02:00,1790769600000,,299.53,299.53,G,,latest-months
162015,Luleå Sol,11,Global Irradians (svenska stationer),"medelvärde 1 timma, varje timme",watt per kvadratmeter,2026-09-30T13:00:00Z,2026-09-30T15:00:00+02:00,1790773200000,,212.32,212.32,G,,latest-months
162015,Luleå Sol,11,Global Irradians (svenska stationer),"medelvärde 1 timma, varje timme",watt per kvadratmeter,2026-09-30T14:00:00Z,2026-09-30T16:00:00+02:00,1790776800000,,158.99,158.99,G,,latest-months
162015,Luleå Sol,11,Global Irradians (svenska stationer),"medelvärde 1 timma, varje timme",watt per kvadratmeter,2026-09-30T15:00:00Z,2026-09-30T17:00:00+02:00,1790780400000,,117.76,117.76,G,,latest-months
162015,Luleå Sol,11,Global Irradians (svenska stationer),"medelvärde 1 timma, varje timme",watt per kvadratmeter,2026-09-30T16:00:00Z,2026-09-30T18:00:00+02:00,1790784000000,,32.16,32.16,G,,latest-months
162015,Luleå Sol,11,Global Irradians (svenska stationer),"medelvärde 1 timma, varje timme",watt per kvadratmeter,2026-09-30T17:00:00Z,2026-09-30T19:00:00+02:00,1790787600000,,2.51,2.51,G,,latest-months
162015,Luleå Sol,11,Global Irradians (svenska stationer),"medelvärde 1 timma, varje timme",watt per kvadratmeter,2026-09-30T18:00:00Z,2026-09-30T20:00:00+02:00,1790791200000,,0.00,0.00,G,,latest-months
162015,Luleå Sol,11,Global Irradians (svenska stationer),"medelvärde 1 timma, varje timme",watt per kvadratmeter,2026-09-30T19:00:00Z,2026-09-30T21:00:00+02:00,1790794800000,,0.00,0.00,G,,latest-months
162015,Luleå Sol,11,Global Irradians (svenska stationer),"medelvärde 1 timma, varje timme",watt per kvadratmeter,2026-09-30T20:00:00Z,2026-09-30T22:00:00+02:00,1790798400000,,0.00,0.00,G,,latest-months
162015,Luleå Sol,11,Global Irradians (svenska stationer),"medelvärde 1 timma, varje timme",watt per kvadratmeter,2026-09-30T21:00:00Z,2026-09-30T23:00:00+02:00,1790802000000,,0.00,0.00,G,,latest-months
162015,Luleå Sol,11,Global Irradians (svenska stationer),"medelvärde 1 timma, varje timme",watt per kvadratmeter,2026-09-30T22:00:00Z,2026-10-01T00:00:00+02:00,1790805600000,,0.00,0.00,G,,latest-months
162015,Luleå Sol,11,Global Irradians (svenska stationer),"medelvärde 1 timma, varje timme",watt per kvadratmeter,2026-09-30T23:00:00Z,2026-10-01T01:00:00+02:00,1790809200000,,0.00,0.00,G,,latest-months
162015,Luleå Sol,11,Global Irradians (svenska stationer),"medelvärde 1 timma, varje timme",watt per kvadratmeter,2026-10-01T00:00:00Z,2026-10-01T02:00:00+02:00,1790812800000,,0.00,0.00,G,,latest-months
162015,Luleå Sol,11,Global Irradians (svenska stationer),"medelvärde 1 timma, varje timme",watt per kvadratmeter,2026-10-01T01:00:00Z,2026-10-01T03:00:00+02:00,1790816400000,,0.00,0.00,G,,latest-months
162015,Luleå Sol,11,Global Irradians (svenska stationer),"medelvärde 1 timma, varje timme",watt per kvadratmeter,2026-10-01T02:00:00Z,2026-10-01T04:00:00+02:00,1790820000000,,0.00,0.00,G,,latest-months
162015,Luleå Sol,11,Global Irradians (svenska stationer),"medelvärde 1 timma, varje timme",watt per kvadratmeter,2026-10-01T03:00:00Z,2026-10-01T05:00:00+02:00,1790823600000,,0.00,0.00,G,,latest-months
162015,Luleå Sol,11,Global Irradians (svenska stationer),"medelvärde 1 timma, varje timme",watt per kvadratmeter,2026-10-01T04:00:00Z,2026-10-01T06:00:00+02:00,1790827200000,,0.02,0.02,G,,latest-months
162015,Luleå Sol,11,Global Irradians (svenska stationer),"medelvärde 1 timma, varje timme",watt per kvadratmeter,2026-10-01T05:00:00Z,2026-10-01T07:00:00+02:00,1790830800000,,2.47,2.47,G,,latest-months
162015,Luleå Sol,11,Global Irradians (svenska stationer),"medelvärde 1 timma, varje timme",watt per kvadratmeter,2026-10-01T06:00:00Z,2026-10-01T08:00:00+02:00,1790834400000,,44.94,44.94,G,,latest-months
162015,Luleå Sol,11,Global Irradians (svenska stationer),"medelvärde 1 timma, varje timme",watt per kvadratmeter,2026-10-01T07:00:00Z,2026-10-01T09:00:00+02:00,1790838000000,,111.70,111.70,G,,latest-months
162015,Luleå Sol,11,Global Irradians (svenska stationer),"medelvärde 1 timma, varje timme",watt per kvadratmeter,2026-10-01T08:00:00Z,2026-10-01T10:00:00+02:00,1790841600000,,202.84,202.84,G,,latest-months
162015,Luleå Sol,11,Global Irradians (svenska stationer),"medelvärde 1 timma, varje timme",watt per kvadratmeter,2026-10-01T09:00:00Z,2026-10-01T11:00:00+02:00,1790845200000,,277.73,277.73,G,,latest-months
162015,Luleå Sol,11,Global Irradians (svenska stationer),"medelvärde 1 timma, varje timme",watt per kvadratmeter,2026-10-01T10:00:00Z,2026-10-01T12:00:00+02:00,1790848800000,,316.12,316.12,G,,latest-months
162015,Luleå Sol,11,Global Irradians (svenska stationer),"medelvärde 1 timma, varje timme",watt per kvadratmeter,2026-10-01T11:00:00Z,2026-10-01T13:00:00+02:00,1790852400000,,314.51,314.51,G,,latest-months
162015,Luleå Sol,11,Global Irradians (svenska stationer),"medelvärde 1 timma, varje timme",watt per kvadratmeter,2026-10-01T12:00:00Z,2026-10-01T14:00:00+02:00,1790856000000,,205.78,205.78,G,,latest-months
162015,Luleå Sol,11,Global Irradians (svenska stationer),"medelvärde 1 timma, varje timme",watt per kvadratmeter,2026-10-01T13:00:00Z,2026-10-01T15:00:00+02:00,1790859600000,,124.36,124.36,G,,latest-months
162015,Luleå Sol,11,Global Irradians (svenska stationer),"medelvärde 1 timma, varje timme",watt per kvadratmeter,2026-10-01T14:00:00Z,2026-10-01T16:00:00+02:00,1790863200000,,71.67,71.67,G,,latest-months
162015,Luleå Sol,11,Global Irradians (svenska stationer),"medelvärde 1 timma, varje timme",watt per kvadratmeter,2026-10-01T15:00:00Z,2026-10-01T17:00:00+02:00,1790866800000,,33.84,33.84,G,,latest-months
162015,Luleå Sol,11,Global Irradians (svenska stationer),"medelvärde 1 timma, varje timme",watt per kvadratmeter,2026-10-01T16:00:00Z,2026-10-01T18:00:00+02:00,1790870400000,,10.73,10.73,G,,latest-months
162015,Luleå Sol,11,Global Irradians (svenska stationer),"medelvärde 1 timma, varje timme",watt per kvadratmeter,2026-10-01T17:00:00Z,2026-10-01T19:00:00+02:00,1790874000000,,1.97,1.97,G,,latest-months
162015,Luleå Sol,11,Global Irradians (svenska stationer),"medelvärde 1 timma, varje timme",watt per kvadratmeter,2026-10-01T18:00:00Z,2026-10-01T20:00:00+02:00,1790877600000,,0.00,0.00,G,,latest-months
162015,Luleå Sol,11,Global Irradians (svenska stationer),"medelvärde 1 timma, varje timme",watt per kvadratmeter,2026-10-01T19:00:00Z,2026-10-01T21:00:00+02:00,1790881200000,,0.00,0.00,G,,latest-months
162015,Luleå Sol,11,Global Irradians (svenska stationer),"medelvärde 1 timma, varje timme",watt per kvadratmeter,2026-10-01T20:00:00Z,2026-10-01T22:00:00+02:00,1790884800000,,0.00,0.00,G,,latest-months
162015,Luleå Sol,11,Global Irradians (svenska stationer),"medelvärde 1 timma, varje timme",watt per kvadratmeter,2026-10-01T21:00:00Z,2026-10-01T23:00:00+02:00,1790888400000,,0.00,0.00,G,,latest-months
162015,Luleå Sol,11,Global Irradians (svenska stationer),"medelvärde 1 timma, varje timme",watt per kvadratmeter,2026-10-01T22:00:00Z,2026-10-02T00:00:00+02:00,1790892000000,,0.00,0.00,G,,latest-months
162015,Luleå Sol,11,Global Irradians (svenska stationer),"medelvärde 1 timma, varje timme",watt per kvadratmeter,2026-10-01T23:00:00Z,2026-10-02T01:00:00+02:00,1790895600000,,0.00,0.00,G,,latest-months
162015,Luleå Sol,11,Global Irradians (svenska stationer),"medelvärde 1 timma, varje timme",watt per kvadratmeter,2026-10-02T00:00:00Z,2026-10-02T02:00:00+02:00,1790899200000,,0.00,0.00,G,,latest-months
162015,Luleå Sol,11,Global Irradians (svenska stationer),"medelvärde 1 timma, varje timme",watt per kvadratmeter,2026-10-02T01:00:00Z,2026-10-02T03:00:00+02:00,1790902800000,,0.00,0.00,G,,latest-months
162015,Luleå Sol,11,Global Irradians (svenska stationer),"medelvärde 1 timma, varje timme",watt per kvadratmeter,2026-10-02T02:00:00Z,2026-10-02T04:00:00+02:00,1790906400000,,0.00,0.00,G,,latest-months
162015,Luleå Sol,11,Global Irradians (svenska stationer),"medelvärde 1 timma, varje timme",watt per kvadratmeter,2026-10-02T03:00:00Z,2026-10-02T05:00:00+02:00,1790910000000,,0.00,0.00,G,,latest-months
162015,Luleå Sol,11,Global Irradians (svenska stationer),"medelvärde 1 timma, varje timme",watt per kvadratmeter,2026-10-02T04:00:00Z,2026-10-02T06:00:00+02:00,1790913600000,,0.07,0.07,G,,latest-months
162015,Luleå Sol,11,Global Irradians (svenska stationer),"medelvärde 1 timma, varje timme",watt per kvadratmeter,2026-10-02T05:00:00Z,2026-10-02T07:00:00+02:00,1790917200000,,2.51,2.51,G,,latest-months
162015,Luleå Sol,11,Global Irradians (svenska stationer),"medelvärde 1 timma, varje timme",watt per kvadratmeter,2026-10-02T06:00:00Z,2026-10-02T08:00:00+02:00,1790920800000,,12.86,12.86,G,,latest-months
162015,Luleå Sol,11,Global Irradians (svenska stationer),"medelvärde 1 timma, varje timme",watt per kvadratmeter,2026-10-02T07:00:00Z,2026-10-02T09:00:00+02:00,1790924400000,,31.04,31.04,G,,latest-months
162015,Luleå Sol,11,Global Irradians (svenska stationer),"medelvärde 1 timma, varje timme",watt per kvadratmeter,2026-10-02T08:00:00Z,2026-10-02T10:00:00+02:00,1790928000000,,56.42,56.42,G,,latest-months
162015,Luleå Sol,11,Global Irradians (svenska stationer),"medelvärde 1 timma, varje timme",watt per kvadratmeter,2026-10-02T09:00:00Z,2026-10-02T11:00:00+02:00,1790931600000,,71.20,71.20,G,,latest-months
162015,Luleå Sol,11,Global Irradians (svenska stationer),"medelvärde 1 timma, varje timme",watt per kvadratmeter,2026-10-02T10:00:00Z,2026-10-02T12:00:00+02:00,1790935200000,,138.04,138.04,G,,latest-months
162015,Luleå Sol,11,Global Irradians (svenska stationer),"medelvärde 1 timma, varje timme",watt per kvadratmeter,2026-10-02T11:00:00Z,2026-10-02T13:00:00+02:00,1790938800000,,148.24,148.24,G,,latest-months
162015,Luleå Sol,11,Global Irradians (svenska stationer),"medelvärde 1 timma, varje timme",watt per kvadratmeter,2026-10-02T12:00:00Z,2026-10-02T14:00:00+02:00,1790942400000,,198.46,198.46,G,,latest-months
162015,Luleå Sol,11,Global Irradians (svenska stationer),"medelvärde 1 timma, varje timme",watt per kvadratmeter,2026-10-02T13:00:00Z,2026-10-02T15:00:00+02:00,1790946000000,,223.11,223.11,G,,latest-months
162015,Luleå Sol,11,Global Irradians (svenska stationer),"medelvärde 1 timma, varje timme",watt per kvadratmeter,2026-10-02T14:00:00Z,2026-10-02T16:00:00+02:00,1790949600000,,170.69,170.69,G,,latest-months
162015,Luleå Sol,11,Global Irradians (svenska stationer),"medelvärde 1 timma, varje timme",watt per kvadratmeter,2026-10-02T15:00:00Z,2026-10-02T17:00:00+02:00,1790953200000,,87.92,87.92,G,,latest-months
162015,Luleå Sol,11,Global Irradians (svenska stationer),"medelvärde 1 timma, varje timme",watt per kvadratmeter,2026-10-02T16:00:00Z,2026-10-02T18:00:00+02:00,1790956800000,,16.21,16.21,G,,latest-months
162015,Luleå Sol,11,Global Irradians (svenska stationer),"medelvärde 1 timma, varje timme",watt per kvadratmeter,2026-10-02T17:00:00Z,2026-10-02T19:00:00+02:00,1790960400000,,0.28,0.28,G,,latest-months
162015,Luleå Sol,11,Global Irradians (svenska stationer),"medelvärde 1 timma, varje timme",watt per kvadratmeter,2026-10-02T18:00:00Z,2026-10-02T20:00:00+02:00,1790964000000,,0.00,0.00,G,,latest-months
162015,Luleå Sol,11,Global Irradians (svenska stationer),"medelvärde 1 timma, varje timme",watt per kvadratmeter,2026-10-02T19:00:00Z,2026-10-02T21:00:00+02:00,1790967600000,,0.00,0.00,G,,latest-months
162015,Luleå Sol,11,Global Irradians (svenska stationer),"medelvärde 1 timma, varje timme",watt per kvadratmeter,2026-10-02T20:00:00Z,2026-10-02T22:00:00+02:00,1790971200000,,0.00,0.00,G,,latest-months
162015,Luleå Sol,11,Global Irradians (svenska stationer),"medelvärde 1 timma, varje timme",watt per kvadratmeter,2026-10-02T21:00:00Z,2026-10-02T23:00:00+02:00,1790974800000,,0.00,0.00,G,,latest-months
162015,Luleå Sol,11,Global Irradians (svenska stationer),"medelvärde 1 timma, varje timme",watt per kvadratmeter,2026-10-02T22:00:00Z,2026-10-03T00:00:00+02:00,1790978400000,,0.00,0.00,G,,latest-months
162015,Luleå Sol,11,Global Irradians (svenska stationer),"medelvärde 1 timma, varje timme",watt per kvadratmeter,2026-10-02T23:00:00Z,2026-10-03T01:00:00+02:00,1790982000000,,0.00,0.00,G,,latest-months
162015,Luleå Sol,11,Global Irradians (svenska stationer),"medelvärde 1 timma, varje timme",watt per kvadratmeter,2026-10-03T00:00:00Z,2026-10-03T02:00:00+02:00,1790985600000,,0.00,0.00,G,,latest-months
162015,Luleå Sol,11,Global Irradians (svenska stationer),"medelvärde 1 timma, varje timme",watt per kvadratmeter,2026-10-03T01:00:00Z,2026-10-03T03:00:00+02:00,1790989200000,,0.00,0.00,G,,latest-months
162015,Luleå Sol,11,Global Irradians (svenska stationer),"medelvärde 1 timma, varje timme",watt per kvadratmeter,2026-10-03T02:00:00Z,2026-10-03T04:00:00+02:00,1790992800000,,0.00,0.00,G,,latest-months
162015,Luleå Sol,11,Global Irradians (svenska stationer),"medelvärde 1 timma, varje timme",watt per kvadratmeter,2026-10-03T03:00:00Z,2026-10-03T05:00:00+02:00,1790996400000,,0.00,0.00,G,,latest-months
162015,Luleå Sol,11,Global Irradians (svenska stationer),"medelvärde 1 timma, varje timme",watt per kvadratmeter,2026-10-03T04:00:00Z,2026-10-03T06:00:00+02:00,1791000000000,,0.00,0.00,G,,latest-months
162015,Luleå Sol,11,Global Irradians (svenska stationer),"medelvärde 1 timma, varje timme",watt per kvadratmeter,2026-10-03T05:00:00Z,2026-10-03T07:00:00+02:00,1791003600000,,0.02,0.02,G,,latest-months
162015,Luleå Sol,11,Global Irradians (svenska stationer),"medelvärde 1 timma, varje timme",watt per kvadratmeter,2026-10-03T06:00:00Z,2026-10-03T08:00:00+02:00,1791007200000,,2.66,2.66,G,,latest-months
162015,Luleå Sol,11,Global Irradians (svenska stationer),"medelvärde 1 timma, varje timme",watt per kvadratmeter,2026-10-03T07:00:00Z,2026-10-03T09:00:00+02:00,1791010800000,,7.72,7.72,G,,latest-months
162015,Luleå Sol,11,Global Irradians (svenska stationer),"medelvärde 1 timma, varje timme",watt per kvadratmeter,2026-10-03T08:00:00Z,2026-10-03T10:00:00+02:00,1791014400000,,16.37,16.37,G,,latest-months
162015,Luleå Sol,11,Global Irradians (svenska stationer),"medelvärde 1 timma, varje timme",watt per kvadratmeter,2026-10-03T09:00:00Z,2026-10-03T11:00:00+02:00,1791018000000,,20.33,20.33,G,,latest-months
162015,Luleå Sol,11,Global Irradians (svenska stationer),"medelvärde 1 timma, varje timme",watt per kvadratmeter,2026-10-03T10:00:00Z,2026-10-03T12:00:00+02:00,1791021600000,,29.55,29.55,G,,latest-months
162015,Luleå Sol,11,Global Irradians (svenska stationer),"medelvärde 1 timma, varje timme",watt per kvadratmeter,2026-10-03T11:00:00Z,2026-10-03T13:00:00+02:00,1791025200000,,101.84,101.84,G,,latest-months
162015,Luleå Sol,11,Global Irradians (svenska stationer),"medelvärde 1 timma, varje timme",watt per kvadratmeter,2026-10-03T12:00:00Z,2026-10-03T14:00:00+02:00,1791028800000,,95.17,95.17,G,,latest-months
162015,Luleå Sol,11,Global Irradians (svenska stationer),"medelvärde 1 timma, varje timme",watt per kvadratmeter,2026-10-03T13:00:00Z,2026-10-03T15:00:00+02:00,1791032400000,,65.46,65.46,G,,latest-months
162015,Luleå Sol,11,Global Irradians (svenska stationer),"medelvärde 1 timma, varje timme",watt per kvadratmeter,2026-10-03T14:00:00Z,2026-10-03T16:00:00+02:00,1791036000000,,69.10,69.10,G,,latest-months
162015,Luleå Sol,11,Global Irradians (svenska stationer),"medelvärde 1 timma, varje timme",watt per kvadratmeter,2026-10-03T15:00:00Z,2026-10-03T17:00:00+02:00,1791039600000,,37.14,37.14,G,,latest-months
162015,Luleå Sol,11,Global Irradians (svenska stationer),"medelvärde 1 timma, varje timme",watt per kvadratmeter,2026-10-03T16:00:00Z,2026-10-03T18:00:00+02:00,1791043200000,,5.58,5.58,G,,latest-months
162015,Luleå Sol,11,Global Irradians (svenska stationer),"medelvärde 1 timma, varje timme",watt per kvadratmeter,2026-10-03T17:00:00Z,2026-10-03T19:00:00+02:00,1791046800000,,0.39,0.39,G,,latest-months
162015,Luleå Sol,11,Global Irradians (svenska stationer),"medelvärde 1 timma, varje timme",watt per kvadratmeter,2026-10-03T18:00:00Z,2026-10-03T20:00:00+02:00,1791050400000,,0.00,0.00,G,,latest-months
162015,Luleå Sol,11,Global Irradians (svenska stationer),"medelvärde 1 timma, varje timme",watt per kvadratmeter,2026-10-03T19:00:00Z,2026-10-03T21:00:00+02:00,1791054000000,,0.00,0.00,G,,latest-months
162015,Luleå Sol,11,Global Irradians (svenska stationer),"medelvärde 1 timma, varje timme",watt per kvadratmeter,2026-10-03T20:00:00Z,2026-10-03T22:00:00+02:00,1791057600000,,0.00,0.00,G,,latest-months
162015,Luleå Sol,11,Global Irradians (svenska stationer),"medelvärde 1 timma, varje timme",watt per kvadratmeter,2026-10-03T21:00:00Z,2026-10-03T23:00:00+02:00,1791061200000,,0.00,0.00,G,,latest-months
162015,Luleå Sol,11,Global Irradians (svenska stationer),"medelvärde 1 timma, varje timme",watt per kvadratmeter,2026-10-03T22:00:00Z,2026-10-04T00:00:00+02:00,1791064800000,,0.00,0.00,G,,latest-months
162015,Luleå Sol,11,Global Irradians (svenska stationer),"medelvärde 1 timma, varje timme",watt per kvadratmeter,2026-10-03T23:00:00Z,2026-10-04T01:00:00+02:00,1791068400000,,0.00,0.00,G,,latest-months
162015,Luleå Sol,11,Global Irradians (svenska stationer),"medelvärde 1 timma, varje timme",watt per kvadratmeter,2026-10-04T00:00:00Z,2026-10-04T02:00:00+02:00,1791072000000,,0.00,0.00,G,,latest-months
162015,Luleå Sol,11,Global Irradians (svenska stationer),"medelvärde 1 timma, varje timme",watt per kvadratmeter,2026-10-04T01:00:00Z,2026-10-04T03:00:00+02:00,1791075600000,,0.43,0.43,Y,,latest-months
162015,Luleå Sol,11,Global Irradians (svenska stationer),"medelvärde 1 timma, varje timme",watt per kvadratmeter,2026-10-04T02:00:00Z,2026-10-04T04:00:00+02:00,1791079200000,,0.28,0.28,Y,,latest-months
162015,Luleå Sol,11,Global Irradians (svenska stationer),"medelvärde 1 timma, varje timme",watt per kvadratmeter,2026-10-04T03:00:00Z,2026-10-04T05:00:00+02:00,1791082800000,,0.34,0.34,Y,,latest-months
162015,Luleå Sol,11,Global Irradians (svenska stationer),"medelvärde 1 timma, varje timme",watt per kvadratmeter,2026-10-04T04:00:00Z,2026-10-04T06:00:00+02:00,1791086400000,,0.17,0.17,Y,,latest-months
162015,Luleå Sol,11,Global Irradians (svenska stationer),"medelvärde 1 timma, varje timme",watt per kvadratmeter,2026-10-04T05:00:00Z,2026-10-04T07:00:00+02:00,1791090000000,,1.68,1.68,Y,,latest-months
162015,Luleå Sol,11,Global Irradians (svenska stationer),"medelvärde 1 timma, varje timme",watt per kvadratmeter,2026-10-04T06:00:00Z,2026-10-04T08:00:00+02:00,1791093600000,,23.57,23.57,Y,,latest-months
162015,Luleå Sol,11,Global Irradians (svenska stationer),"medelvärde 1 timma, varje timme",watt per kvadratmeter,2026-10-04T07:00:00Z,2026-10-04T09:00:00+02:00,1791097200000,,56.90,56.90,Y,,latest-months
162015,Luleå Sol,11,Global Irradians (svenska stationer),"medelvärde 1 timma, varje timme",watt per kvadratmeter,2026-10-04T08:00:00Z,2026-10-04T10:00:00+02:00,1791100800000,,111.23,111.23,Y,,latest-months
162015,Luleå Sol,11,Global Irradians (svenska stationer),"medelvärde 1 timma, varje timme",watt per kvadratmeter,2026-10-04T09:00:00Z,2026-10-04T11:00:00+02:00,1791104400000,,184.09,184.09,Y,,latest-months
162015,Luleå Sol,11,Global Irradians (svenska stationer),"medelvärde 1 timma, varje timme",watt per kvadratmeter,2026-10-04T10:00:00Z,2026-10-04T12:00:00+02:00,1791108000000,,186.95,186.95,Y,,latest-months
162015,Luleå Sol,11,Global Irradians (svenska stationer),"medelvärde 1 timma, varje timme",watt per kvadratmeter,2026-10-04T11:00:00Z,2026-10-04T13:00:00+02:00,1791111600000,,319.95,319.95,Y,,latest-months
162015,Luleå Sol,11,Global Irradians (svenska stationer),"medelvärde 1 timma, varje timme",watt per kvadratmeter,2026-10-04T12:00:00Z,2026-10-04T14:00:00+02:00,1791115200000,,304.78,304.78,Y,,latest-months
