{"type":"FeatureCollection","properties":{"source":"SMHI SE.SR Ytansamling av alger","date":"2025-06-30","note":"Test: SMHI WFS clipped to Lulea municipal sea area and simplified 20 m."},"features":[{"type":"Feature","properties":{"cyano_daymap_file_id":723626,"date":"2025-06-30Z","cloud":null,"sub_surfac":null,"surface":null,"no_data":null,"class":1,"color_hex":null,"algae_class":"class_1","source_date":"2025-06-30"},"geometry":{"type":"MultiPolygon","coordinates":[[[[22.60252173,65.78611158],[22.59725284,65.76832551],[22.64053552,65.76615608999998],[22.640157660618623,65.76488579660953],[22.629626611492498,65.76057883753],[22.606092070977173,65.74983358376467],[22.591991940000003,65.75053918],[22.59462139,65.75943237],[22.57298437,65.76051206],[22.567742090000003,65.7427247],[22.546117709999997,65.74380044],[22.541064277781395,65.7265589381431],[22.540428025871506,65.7262295843243],[22.540271564128787,65.72569592478132],[22.540790750004618,65.72562570515069],[22.533083180000002,65.69932871],[22.511493320000003,65.70039918],[22.50889961,65.6915042],[22.44414011,65.69469604],[22.44928575,65.71248857],[22.470888789999997,65.71142679],[22.473471830000005,65.72032252],[22.37970312094171,65.72490423578911],[22.380113291813,65.7252635082893],[22.380978013434092,65.72522148332772],[22.381308256777523,65.72484456660877],[22.38395343864159,65.7248964073603],[22.383725383849896,65.72562922996856],[22.385863559640576,65.72696872956736],[22.384896614885754,65.72665488332834],[22.384031853011482,65.72669693094522],[22.384134015593244,65.72705283107287],[22.381921001056167,65.72697997956789],[22.381362601336658,65.72808971766752],[22.380014318738365,65.72797480628086],[22.379251604862358,65.728372730676],[22.37945581750156,65.72908453837037],[22.378107490171562,65.72896961052864],[22.37647985045281,65.7294095316719],[22.375029468438978,65.72893867025478],[22.373299750298713,65.72902265034124],[22.373222068353517,65.72722211413722],[22.374366223006977,65.72662527061617],[22.374162173784956,65.72591345450341],[22.378002510138046,65.72554650188486],[22.378471279820634,65.72496442586714],[22.36540068,65.72560308],[22.37049951,65.74339872],[22.392132259999997,65.74234784],[22.389574559999993,65.73345048999998],[22.411198050000003,65.73239699000001],[22.41376307,65.74129391],[22.43539193,65.74023693000001],[22.44054246,65.7580297],[22.483823599999997,65.75590482],[22.48641645,65.76480024],[22.529704369999997,65.76266225999998],[22.53231385,65.77155673000001],[22.575608499999998,65.76940563999999],[22.580862729999996,65.7871926],[22.60252173,65.78611158]],[[22.372738662824403,65.72706515098362],[22.373171061342727,65.7270441597001],[22.373222068353517,65.72722211413722],[22.372738662824403,65.72706515098362]],[[22.520301116191035,65.72488165479311],[22.520197090915122,65.72452586520272],[22.521873905563115,65.72426233056632],[22.52197795262497,65.72461811879413],[22.521113529468494,65.72466094184189],[22.520457160016353,65.72541533898749],[22.519160479595325,65.72547955921249],[22.51905646711332,65.72512376871501],[22.520301116191035,65.72488165479311]],[[22.51933266729368,65.72456867813906],[22.51928066167858,65.7243907829523],[22.520145079459397,65.72434797036927],[22.51933266729368,65.72456867813906]],[[22.51921248701848,65.72565745442301],[22.518348023622607,65.72570026216061],[22.518296022040683,65.72552236659675],[22.51921248701848,65.72565745442301]],[[22.434089620598847,65.72696137514912],[22.434264824857166,65.72605056143708],[22.437569032553622,65.72534741945529],[22.43810423730262,65.72568210149022],[22.437291057002618,65.725902378662],[22.437064514941106,65.72663526614866],[22.43803207423327,65.72694877485128],[22.438186435497315,65.72748255953262],[22.437476101326407,65.72805869466231],[22.434830541759705,65.72800778786618],[22.434243900595256,65.72749516462437],[22.43543806275142,65.72707580593396],[22.434089620598847,65.72696137514912]],[[22.38502247286049,65.72556615983653],[22.385073557891264,65.72574410954041],[22.384641192737774,65.72576513431206],[22.38502247286049,65.72556615983653]]],[[[22.67317942,65.72840871],[22.66702211025851,65.72871947787563],[22.67368465959409,65.73010095727008],[22.67317942,65.72840871]]],[[[22.64892695,65.7206072],[22.627325140000004,65.72169424],[22.62996321,65.73058675],[22.60835211,65.73167119],[22.61262909627373,65.74611231332676],[22.636865963714,65.73790735481191],[22.6507208058597,65.72663700150122],[22.64892695,65.7206072]]]]}},{"type":"Feature","properties":{"cyano_daymap_file_id":723626,"date":"2025-06-30Z","cloud":null,"sub_surfac":null,"surface":null,"no_data":null,"class":1,"color_hex":null,"algae_class":"class_1","source_date":"2025-06-30"},"geometry":{"type":"Polygon","coordinates":[[[22.48428485,65.30473742],[22.4817473,65.29584142],[22.50300710999999,65.29477854],[22.500464409999996,65.28588290999998],[22.47921164,65.28694535],[22.471615979999996,65.26025678],[22.42914697,65.26237012],[22.44174547,65.30685506],[22.48428485,65.30473742]]]}},{"type":"Feature","properties":{"cyano_daymap_file_id":723626,"date":"2025-06-30Z","cloud":null,"sub_surfac":null,"surface":null,"no_data":null,"class":1,"color_hex":null,"algae_class":"class_1","source_date":"2025-06-30"},"geometry":{"type":"Polygon","coordinates":[[[22.46151479,65.22467116],[22.453958599999996,65.19798129],[22.475141249999997,65.19692316],[22.470099170000005,65.17913047],[22.44893049,65.18018774],[22.446419229999997,65.17129087],[22.467580939999998,65.17023402999999],[22.46255008,65.15244096],[22.42025267,65.15454996],[22.42775993,65.18124203],[22.38541326,65.1833417],[22.390399449999997,65.20113782],[22.36920936,65.20218404],[22.37668156,65.22887903],[22.46151479,65.22467116]]]}},{"type":"Feature","properties":{"cyano_daymap_file_id":723626,"date":"2025-06-30Z","cloud":null,"sub_surfac":null,"surface":null,"no_data":null,"class":1,"color_hex":null,"algae_class":"class_1","source_date":"2025-06-30"},"geometry":{"type":"MultiPolygon","coordinates":[[[[22.497266019999998,65.12363259],[22.49474508,65.11473664],[22.51585947,65.11367346999998],[22.50828707,65.08698653000002],[22.529378799999996,65.08592169],[22.5287750475643,65.08379667043717],[22.4989570328592,65.0864342959367],[22.461646989692028,65.0733032666256],[22.46609801,65.08910733],[22.445000689999997,65.09016328999999],[22.45251072,65.11685409],[22.473628829999996,65.11579684999998],[22.476142819999993,65.12469322999998],[22.497266019999998,65.12363259]]],[[[22.456628690062868,65.07153710840308],[22.4512775467598,65.06965380799399],[22.44726939194503,65.07200548459751],[22.456628690062868,65.07153710840308]]]]}},{"type":"Feature","properties":{"cyano_daymap_file_id":723626,"date":"2025-06-30Z","cloud":null,"sub_surfac":null,"surface":null,"no_data":null,"class":1,"color_hex":null,"algae_class":"class_1","source_date":"2025-06-30"},"geometry":{"type":"MultiPolygon","coordinates":[[[[21.95910428,65.35706572],[21.945691733158608,65.35768496032995],[21.9374845157948,65.3623116230953],[21.92329362833069,65.38498767838236],[21.92349717,65.3857568],[21.96621315999999,65.38378422],[21.96384176,65.37487811],[21.989487555629545,65.37368461397745],[21.99060350644846,65.37346954755552],[21.990508330916178,65.37311332228033],[21.99264296678924,65.37301404181513],[21.992927082602673,65.3724598469533],[21.994587128402426,65.37220228694112],[22.000371244767145,65.36958876968997],[22.004544488535906,65.36903369073207],[22.006442626359114,65.36966653948528],[22.009003764064566,65.36954713239112],[22.00909917449412,65.36990334371416],[22.009857470920576,65.36950732040194],[22.01199172556143,65.36940776937577],[22.01208717584942,65.36976397842061],[22.015928840436366,65.36958470785268],[22.016639267508957,65.36901054848741],[22.021525598127756,65.36950369035233],[22.023898825096133,65.37029447459267],[22.02551410614297,65.37148132397627],[22.024660363924585,65.37152122506595],[22.024965027475897,65.37203357447956],[22.027881039999997,65.37189786999998],[22.03027381,65.38080276],[22.024014575280898,65.38109452572172],[22.024349882766824,65.38163444970998],[22.02326008218483,65.38240669432294],[22.022405980967616,65.38244658610122],[22.022928686370225,65.38278284094247],[22.02164751422232,65.3828426741718],[22.02050977135538,65.38343679952658],[22.020273948101988,65.38416914268878],[22.01904050586757,65.38440705556658],[22.018995860646584,65.38585180296589],[22.01634060870057,65.38723804030572],[22.015820867043853,65.38852461342606],[22.01435115065945,65.38949482801763],[22.00965220137908,65.38971390846345],[22.009747709226502,65.3900701183334],[22.004905444058274,65.38975473644584],[22.00500088773218,65.39011094994189],[22.003244403781252,65.39001241971245],[22.002105933791817,65.39060641300837],[22.002201343253883,65.39096262860262],[22.000160676747385,65.39141827527527],[22.000305787410017,65.39357546074895],[21.99888096058181,65.39310078036522],[21.999167099239234,65.39416943391142],[21.997885306414975,65.39422907102512],[21.996652994503787,65.39608966914503],[21.99200186636011,65.39810918697181],[21.992330900000002,65.40060465],[21.9709613,65.40159627000001],[21.968586339999998,65.39269026999999],[21.925856079999996,65.39466366999999],[21.929933896074235,65.41004338229442],[21.930350366443594,65.41033784254809],[21.93206071717197,65.41025907757084],[21.93224981056835,65.41097161326941],[21.930681207281612,65.41158478430167],[21.931203354089828,65.41192136228914],[21.930469197958917,65.41206230340985],[21.930579209999994,65.41247721999997],[21.928873928356882,65.41293016534418],[21.929443340807055,65.41344488442915],[21.928160415997546,65.41350393924874],[21.928349431783264,65.4142164805364],[21.927494122156176,65.41425584567514],[21.92763587427767,65.41479025237584],[21.928585717461104,65.41510715664919],[21.928299820034216,65.41566124651332],[21.926636350679644,65.41591810819392],[21.92606444556848,65.41702628101562],[21.924495338810708,65.41763939242055],[21.92458981354009,65.41799566568152],[21.921973529494746,65.41955845341727],[21.921354132985922,65.42048847328367],[21.919737498209628,65.4209234002841],[21.918932199927777,65.42202708405101],[21.93294343,65.42138392],[21.93530943,65.43029056],[21.956704029999997,65.42930375999998],[21.95195950999999,65.41149122999998],[21.994714769999998,65.40951018999999],[21.997100440000004,65.41841567],[22.014112955068512,65.41762241648944],[22.016012789887736,65.4150245179115],[22.018434695951985,65.41437060295277],[22.018291097932675,65.41383629981192],[22.01909835779553,65.41361832068688],[22.01605756015209,65.41357977077665],[22.0168169776374,65.41318370184868],[22.016625569427685,65.41247129502673],[22.018523970345676,65.41148110974027],[22.021944165090638,65.41132156506038],[22.022990771874447,65.41199406431805],[22.02270691297758,65.41254831304866],[22.023989532002602,65.41248845686155],[22.02498833000529,65.41298284242087],[22.022994278216167,65.41361690916618],[22.022426517792795,65.41472540648785],[22.018629416809805,65.41670585420114],[22.016966824612837,65.41696370360002],[22.016690849359055,65.41750221534998],[22.02185864325012,65.41726125329183],[22.024236226249048,65.41662463914064],[22.02437591641133,65.41714387877286],[22.039862839999998,65.41642176],[22.039533540419935,65.41554928444077],[22.038630383888048,65.4154111853673],[22.038961939122743,65.41503500283987],[22.03710768214873,65.4145806981054],[22.036483817553247,65.41226547612406],[22.037290872785945,65.41204740158167],[22.03776196779848,65.41058266753922],[22.0367150457682,65.4099102738577],[22.034529645671817,65.40983211102603],[22.033103315662576,65.40935776890697],[22.033961434400812,65.40768060543209],[22.016089729999997,65.40851515],[22.01369871,65.39961001999998],[22.035064729999995,65.39861237],[22.032668369999996,65.38970759],[22.054025469999996,65.38870735],[22.05638979364019,65.39746661776977],[22.07779138,65.39660805],[22.08261804,65.4144158],[22.12536599,65.41239779],[22.12664991960017,65.41709940681419],[22.127541245654978,65.4175390570242],[22.127832945769153,65.4186074097281],[22.12724474719142,65.4192776036594],[22.12926181448024,65.42666389452707],[22.131353202569944,65.42673731284118],[22.130546514151067,65.42695588705003],[22.132928243729527,65.42774486821497],[22.133745367422076,65.42914905349441],[22.1333534779859,65.43005519837851],[22.17299769,65.42817193],[22.17332503741253,65.42936218346158],[22.17510875802002,65.42988887838851],[22.178053527125456,65.42956812385735],[22.17815149736544,65.42992420154252],[22.18157290912306,65.42976102425474],[22.18474912518616,65.42870758879644],[22.18693642535904,65.42878355519998],[22.187265987469026,65.42840706709083],[22.188219379681144,65.42872229882752],[22.189404208749654,65.42830496275577],[22.19121291401761,65.42857932510857],[22.193252960701773,65.4281210990249],[22.193582423307927,65.42774459809392],[22.195671461244153,65.42746437304292],[22.195524166900093,65.42693027690315],[22.19685611225161,65.42704698018667],[22.196624916723046,65.42777955102756],[22.19881216380955,65.42785534574124],[22.19866480285785,65.42732125332698],[22.199520036690366,65.42728035113365],[22.200655484751227,65.42668489869065],[22.200129623601573,65.42634929297398],[22.200935690684556,65.42613035284923],[22.206543547100498,65.42604234928656],[22.20644520899656,65.42568629368765],[22.207300374843413,65.42564534804804],[22.207958824693286,65.42489228878925],[22.20881396179816,65.42485133485069],[22.2102782667846,65.42387928101364],[22.211511716806843,65.42363980325703],[22.21131493047515,65.42292769954925],[22.212597529463153,65.42286623933207],[22.21249912359471,65.42251018834264],[22.215574752276986,65.42110007428927],[22.215427095995285,65.42056600115771],[22.21628207798913,65.42052500640551],[22.216561892552164,65.41997043538821],[22.221396074725178,65.41865622504957],[22.2299450266016,65.4182457295668],[22.230224528553276,65.41769113629461],[22.23397270386179,65.41715021552311],[22.235029932262215,65.41749940045534],[22.234669919999995,65.41620092999999],[22.256039109999996,65.41517193000001],[22.251094729999995,65.39737096],[22.27244782,65.3963398],[22.269971289999994,65.38743964999998],[22.312657679999997,65.38536914],[22.31016879,65.37646978],[22.28883363,65.37750610999998],[22.28387562,65.35970635],[22.262552810000003,65.36073883],[22.25761639,65.34293799],[22.30023181,65.34087171],[22.302713269999998,65.34977132],[22.324025289999998,65.34873324999998],[22.314082259999996,65.31313615999998],[22.356644130000003,65.31105443],[22.346674319999998,65.27545976999998],[22.325422529999997,65.27650042999998],[22.320462829999997,65.25870189],[22.299223259999998,65.25973871],[22.296753210000002,65.25083893],[22.275518839999997,65.25187235],[22.277981849999996,65.26077254999998],[22.2567386,65.26180341],[22.251828469999996,65.24400209999999],[22.273057659999996,65.24297209],[22.27059831,65.23407176],[22.24937615,65.23510136],[22.24447697,65.2172997],[22.223267030000002,65.21832547000001],[22.220827180000004,65.20942413000002],[22.28443053,65.20633912],[22.289354099999994,65.22413922],[22.31056558,65.22310408000001],[22.313037129999998,65.23200361999999],[22.33425379,65.23096508],[22.331775219999997,65.22206596],[22.352983019999993,65.22102485],[22.34801741,65.20322728],[22.36920936,65.20218404],[22.354314829999996,65.14879240999998],[22.37546305,65.14774874],[22.36741121952788,65.11886011081683],[22.3200684113133,65.1466372251174],[22.08521519002503,65.27903126393566],[22.089128569999996,65.27884644999999],[22.09153178,65.28775027],[22.112803649999996,65.28674253],[22.11521572,65.29564588],[22.072656059999996,65.29765919999998],[22.077457319999997,65.31546737999999],[22.12004527,65.31345242],[22.11762959,65.30454917999998],[22.16019618,65.30252305],[22.162626010000004,65.31142547],[22.18391365,65.31040749],[22.186352369999998,65.31930943],[22.10116259,65.323365],[22.10840461,65.35007543999998],[22.12972604,65.34906481],[22.132150759999995,65.35796776],[22.06815973999999,65.36099186999999],[22.05616065,65.31647037],[22.01541940161363,65.31837731279802],[21.95750082725487,65.35102780803027],[21.95910428,65.35706572]],[[22.039677582257905,65.41608356303072],[22.039201987366994,65.41592546820137],[22.03962956759198,65.41590547019008],[22.039677582257905,65.41608356303072]],[[22.075380769999995,65.38770408999999],[22.09673426,65.38669783],[22.099151999999997,65.39560137999999],[22.07779138,65.39660805],[22.075380769999995,65.38770408999999]],[[22.228936340000004,65.31726366],[22.231391029999997,65.32616471],[22.1887929,65.32821132],[22.186352369999998,65.31930943],[22.228936340000004,65.31726366]],[[22.07056495,65.369896],[22.049223889999997,65.37089844],[22.0468258,65.36199389999999],[22.06815973999999,65.36099186999999],[22.07056495,65.369896]],[[22.16078386,65.38366098],[22.182130079999997,65.38264268],[22.184576300000003,65.39154457000001],[22.16322296,65.39256329],[22.16078386,65.38366098]],[[21.98043825,65.35607612],[22.023100869999993,65.35408790999999],[22.02549006,65.36299292],[22.00320586295387,65.36403150939904],[22.004585551598606,65.36434322167894],[22.004540082863443,65.36578797311935],[22.00292819895679,65.36622374606965],[22.00302351251496,65.36657996219337],[22.002169888158022,65.36661973464471],[22.000796131249746,65.36794602766433],[21.999231688120467,65.36855987185537],[21.997951143717057,65.36861949751275],[21.996432506435646,65.3677885599883],[21.98874932307546,65.36814600697333],[21.986662614907296,65.3684233428736],[21.984291604383337,65.3692548307873],[21.982915930696336,65.36895809885782],[21.98229897284545,65.36826546580346],[21.983105160758562,65.36804768954873],[21.982962586484625,65.3675133426447],[21.983768745925094,65.36729556310908],[21.984005465854043,65.36656326838089],[21.987861470158393,65.36474665850938],[21.98281322,65.36498194],[21.98043825,65.35607612]],[[22.202884199765148,65.38923946107619],[22.205151690143115,65.38804853033211],[22.206810488245154,65.38778864450458],[22.20713928019411,65.38741212048154],[22.208420157261646,65.3873507128027],[22.20874892074754,65.38697418554757],[22.209602822261992,65.38693323934476],[22.210177089734895,65.38744684633245],[22.213165776496403,65.3873034848001],[22.2120322737455,65.38789901234632],[22.20956868855284,65.38837793363703],[22.209289024504372,65.38893249031092],[22.20805716899995,65.38917193418318],[22.20782656159308,65.38990451658081],[22.204606839721908,65.39078035388113],[22.203900020497205,65.39135536211055],[22.20304596451131,65.39139627751563],[22.201897547058262,65.39036900585192],[22.202884199765148,65.38923946107619]],[[22.146289010223143,65.40059741163333],[22.147997930858654,65.40051621152953],[22.14796042295234,65.40196092430197],[22.145824152637022,65.40206242204322],[22.14506703707116,65.402459117539],[22.14444499264328,65.40176720098759],[22.14600788398699,65.40115186491853],[22.146289010223143,65.40059741163333]],[[22.132684883121286,65.42685458534116],[22.132733553782998,65.42703264196221],[22.132305878590937,65.42705290488082],[22.132684883121286,65.42685458534116]],[[22.132208543712846,65.42669679128385],[22.132257210786943,65.42687484809389],[22.13140186392862,65.42691536998294],[22.132208543712846,65.42669679128385]],[[22.016873163155733,65.34086783089761],[22.0164467807809,65.34088775282585],[22.01639908915397,65.34070964929654],[22.016873163155733,65.34086783089761]],[[22.01356546148157,65.34625194577208],[22.01531904072845,65.34635038387259],[22.015557531332025,65.34724090269042],[22.014799946897092,65.34763694793195],[22.014659622669885,65.34872548956346],[22.01375890757148,65.34858721782429],[22.01342777443863,65.34896334117265],[22.01139053560213,65.34941910702018],[22.007978308422064,65.34957833560817],[22.009729634864993,65.34805398013819],[22.01356546148157,65.34625194577208]],[[22.011944001489056,65.36922966481966],[22.01237084742727,65.3692097511681],[22.012418574346565,65.36938785556146],[22.011944001489056,65.36922966481966]],[[22.007599428082695,65.34977634047439],[22.00717289292191,65.34979623759972],[22.007125244497963,65.34961813073572],[22.007599428082695,65.34977634047439]],[[21.99361587067213,65.39767351076205],[21.993663533003645,65.39785162164297],[21.99323620450687,65.39787148690515],[21.99361587067213,65.39767351076205]],[[21.97310417628309,65.40187142839747],[21.972676763585373,65.40189123617407],[21.972629234728906,65.40171311739624],[21.97310417628309,65.40187142839747]],[[21.931725514461107,65.41225793833763],[21.931297894975824,65.41227763075204],[21.931250624178396,65.41209949653165],[21.931725514461107,65.41225793833763]],[[21.93015682317871,65.41287110473914],[21.930251353997214,65.41322737394819],[21.929823717379797,65.4132470623448],[21.93015682317871,65.41287110473914]],[[21.922115203824394,65.42009286599583],[21.92216243001775,65.4202710034779],[21.92173467126654,65.42029067009295],[21.922115203824394,65.42009286599583]],[[21.92140135487325,65.42066661104366],[21.92144857746897,65.42084474878163],[21.921020808716612,65.42086441346689],[21.92140135487325,65.42066661104366]]],[[[21.956871845155053,65.42993307778387],[21.95730877990987,65.42927577868087],[21.956704029999997,65.42930375999998],[21.956871845155053,65.42993307778387]]],[[[21.97098041,65.48274001],[21.973366070000004,65.49164586],[21.95192123,65.4926355],[21.95430148999999,65.50154168999998],[21.97575352,65.50055165],[21.978142770000005,65.50945738],[21.96457658122631,65.51008254614418],[21.964605742604277,65.51117828145316],[21.9637473262967,65.51121788165273],[21.962221279612336,65.51200954822329],[21.96231668119331,65.51236578844242],[21.961458221679397,65.51240537605719],[21.96155361460125,65.51276161683707],[21.95912122711288,65.51341471648645],[21.957642586070293,65.51438446070439],[21.95597317731626,65.51464170189276],[21.95587785220197,65.5142854569661],[21.954447093225,65.51381041379243],[21.950536099709563,65.51381019701424],[21.94910546192079,65.51333510217121],[21.94347748410068,65.51341372389314],[21.940662848729904,65.51426440055752],[21.940853086659413,65.51497691338703],[21.940042057625508,65.51519450883171],[21.940137170782016,65.51555076571688],[21.938849262649867,65.51560995854123],[21.938944361365557,65.51596621630968],[21.936461994488948,65.51608026414705],[21.937599139999996,65.52034175],[21.950256655347513,65.51975933274615],[21.95120173361242,65.51954970212134],[21.95186986317052,65.51879767491633],[21.95611559727775,65.51842182748325],[21.95931169612333,65.51899583338601],[21.959884135307103,65.51951040786386],[21.960742831229602,65.5194708269575],[21.961076760889817,65.51909479393349],[21.962030869726505,65.51941144651013],[21.961935440965274,65.51905520640707],[21.963223455690898,65.51899581602984],[21.96312801249742,65.51863957681282],[21.964034400858015,65.51877809711456],[21.964749868939982,65.51820413597505],[21.966085573956224,65.51832284063067],[21.966419412050858,65.51794679667204],[21.968947542343663,65.51764981249235],[21.969281330693587,65.517273762684],[21.97114185550471,65.51772884098355],[21.971476287748512,65.51897565668682],[21.973051008509767,65.51998488073686],[21.974816183854774,65.52008367993723],[21.975866115212156,65.52075647349447],[21.97801287883594,65.52065728508724],[21.977916145916005,65.51867819103693],[21.9794420864501,65.51788636721882],[21.979346426957253,65.51753014028182],[21.983400093632497,65.51644108013551],[21.985975740743513,65.51632192654127],[21.98869329212939,65.51511419937384],[21.990410286422016,65.5150347094147],[21.992746184047594,65.51402489607622],[21.99803840457336,65.51269769752108],[22.0001844041639,65.51259820173676],[21.999565787606976,65.51352853335649],[22.000424214097233,65.51348872977573],[22.000616075037687,65.5142011518015],[22.002332965468216,65.51412152749177],[22.00285814989427,65.51445782762988],[22.005910718707995,65.51449653113534],[22.007912779559902,65.51386261465395],[22.010058829388136,65.51376297829307],[22.010343941543876,65.51320874218429],[22.010869208774444,65.51354501372283],[22.014683953272304,65.51318747155136],[22.013543807501254,65.51540444257952],[22.019123761283563,65.51514511485149],[22.020648225396208,65.51435288951185],[22.021506640122286,65.5143129663937],[22.021317974510467,65.51522341645051],[22.02055573961468,65.51561953443921],[22.0207481684962,65.51633192547563],[22.021970211275804,65.51644006478993],[22.044922329999995,65.51537230999999],[22.04313014991853,65.50875787699808],[22.041427325145587,65.50923727397986],[22.041567022410973,65.50814871591008],[22.042850604266878,65.50772615256204],[22.042509669999998,65.50646786],[22.0268115689619,65.50719923164463],[22.026307889522602,65.50795814510055],[22.021206757193845,65.50837585998708],[22.0202042751786,65.50788148529277],[22.01886888814429,65.50776325546774],[22.017818405301632,65.50709076558529],[22.01562488577236,65.5070124066194],[22.015003598428912,65.50631995059152],[22.011141836935543,65.50649938970999],[22.00918842213503,65.50731144531412],[22.00790110989836,65.50737122036377],[22.00732801269761,65.50685683384653],[22.00475341623737,65.50697634104849],[22.00422836378298,65.50664004620165],[21.999556201422664,65.50703711866777],[21.998173007685722,65.50674059875061],[21.99802921045936,65.5062062789383],[21.996550236885387,65.50555353007972],[21.993975709348106,65.50567285313637],[21.99364241962431,65.50604895275046],[21.99159270258241,65.50650456913117],[21.98859064693626,65.50826653845199],[21.987303230829564,65.50832613914288],[21.987159645323626,65.50779180700735],[21.989495037999493,65.50678204854708],[21.990828417261163,65.5052776801622],[21.992401085541427,65.5046638457958],[21.986393965418458,65.50494203220579],[21.986677925983965,65.50276497485942],[21.985342938239206,65.50264644520746],[21.984770390439348,65.5021319679873],[21.983912308179995,65.5021716794734],[21.98457906836655,65.50141952064928],[21.982719497596975,65.50096459847781],[21.982147039771974,65.50045011045863],[21.982384807399,65.49971780973983],[21.983242811913698,65.49967810765789],[21.984338519992814,65.49890609751415],[21.9878182451583,65.49892532764838],[21.988151534195357,65.49854924083868],[21.98829507865942,65.49908357249592],[21.987199482132766,65.49985561025261],[21.987438708512812,65.5007461645621],[21.989631637426363,65.50082493797788],[21.99015638314346,65.50116128643583],[21.995589867646512,65.50036852462878],[21.995494065531688,65.50001230917037],[21.997210042864634,65.49993275165194],[21.997114220601883,65.49957653740931],[21.997972193429174,65.4995367520407],[21.99987746908903,65.4985467371517],[22.000543677954468,65.49779451314343],[22.00016026238981,65.49636966540739],[22.001018124381748,65.49632986380499],[22.00173218001427,65.49575574104908],[22.003018937369916,65.49569602377831],[22.004923745400074,65.49470594968682],[22.00792602803614,65.49456653040082],[22.00863988366821,65.49399237690801],[22.013546404375923,65.49286270648084],[22.013834462187155,65.49393131222307],[22.013024708880394,65.49414928678588],[22.01283585354951,65.49505972831837],[22.01536120753168,65.49476199482235],[22.015316508256408,65.49620673942516],[22.012269218889738,65.49779105208326],[22.012365239735622,65.49814725483147],[22.011078387537935,65.49820705255718],[22.01012449039638,65.49789070727294],[22.00240331842075,65.49824921544186],[22.00116436893253,65.4984870343155],[22.0013081789517,65.49902135108502],[22.000498161531418,65.4992392610374],[22.000737834138338,65.50012979005687],[22.00502772689617,65.49993071143832],[22.00555264962611,65.50026700477551],[22.00769759412787,65.50016741239205],[22.00822255571509,65.50050369608866],[22.010940515016305,65.50091844165715],[22.012227501071795,65.50085864383284],[22.012131470072337,65.50050244110749],[22.012656494979055,65.50083870880401],[22.018995193771598,65.50018334064403],[22.018845178446192,65.49927744375833],[22.018422045851924,65.4996689966071],[22.01646595159065,65.49885829541677],[22.01822631298272,65.49733375748288],[22.02103653973131,65.49648167983247],[22.022752191276332,65.49640183552216],[22.022944509171097,65.49711422501169],[22.022086661825515,65.49715415089727],[22.021373023071263,65.49772836578758],[22.021561586218272,65.49842693187817],[22.024591032845755,65.49828580104716],[22.026043155669218,65.49733063861026],[22.026901001504648,65.49729069028801],[22.02680478642462,65.49693449862833],[22.028139648297017,65.49705266340244],[22.028761047068347,65.49774506447551],[22.027937768515155,65.49812988888091],[22.04009882,65.49756335],[22.042249555884162,65.50550712468025],[22.044126065820937,65.50316010359842],[22.04498406954939,65.50312005115877],[22.044887582129565,65.50276387365173],[22.0474132814656,65.50246560145739],[22.047322107286018,65.50373225033348],[22.046179839505193,65.50432661213502],[22.04675363670215,65.5048408446614],[22.044420681517686,65.50585146380092],[22.044517176342804,65.5062076415207],[22.04297724044926,65.50644600808826],[22.062152340041322,65.50554985952934],[22.06196261294947,65.50485128749257],[22.063626856995754,65.50423236030004],[22.06154364,65.4965612],[22.06261168959244,65.49651113371222],[22.060403061221876,65.49590701361062],[22.059303693708028,65.49505673422297],[22.058445981101787,65.4950968651364],[22.05753400637926,65.49333608855665],[22.05819841332603,65.49258362794393],[22.057956867676584,65.49169320816745],[22.059098324854986,65.4910987650778],[22.05933385462332,65.49036636513664],[22.06095231434474,65.48992992564318],[22.061858182737822,65.49006786473637],[22.064044041317032,65.48852275110528],[22.06427941257291,65.48779034495679],[22.065040181411195,65.48739402061717],[22.066326351994608,65.48733377011662],[22.066990359963274,65.48658127463669],[22.06789614100539,65.48671917838416],[22.068179754549043,65.4861648476093],[22.0690855269009,65.48630274431201],[22.071083879721726,65.48566802723336],[22.072369948614554,65.48560772627357],[22.073510812802528,65.48501318000359],[22.075654192394346,65.48491263855846],[22.077603851511018,65.4840997605926],[22.078889825139193,65.48403940506076],[22.079221611803074,65.48366313216765],[22.083556541740553,65.48363993403149],[22.085602807657885,65.48318310457276],[22.08627384983388,65.48405333144309],[22.085465025728432,65.48427168502987],[22.08580438965637,65.48551819952354],[22.08499551675356,65.48573655106368],[22.08560595907067,65.48641518175077],[22.101997219999998,65.48564449999999],[22.10365513198441,65.49171748536905],[22.106269877233547,65.49050703450901],[22.107984820546406,65.49042622975452],[22.10641578141654,65.49104123054921],[22.106181572790735,65.49177369093866],[22.103893274312256,65.4925898084395],[22.104427809999997,65.49454782999999],[22.10034305356298,65.49473990214156],[22.101482546798447,65.49524138408599],[22.10319781849097,65.49516063048942],[22.105147347343035,65.49434739856316],[22.108197593666915,65.49438406006763],[22.107826527865576,65.49620511490359],[22.108684184946288,65.49616470433908],[22.11011668260727,65.4966382707606],[22.10892750802582,65.49705502560951],[22.107212133433826,65.49713584521542],[22.10531111071203,65.49812717065919],[22.10445338295535,65.49816756276586],[22.10331267866523,65.49876234095292],[22.10241505978607,65.50024744453737],[22.105806564887423,65.50153061218373],[22.111236369201936,65.50073373079441],[22.111333751558206,65.50108985717667],[22.112620466652388,65.5010292074433],[22.111860048359993,65.50142576776682],[22.11200614041004,65.50195995653083],[22.115057279864914,65.50199647098914],[22.116441486503597,65.50229191159762],[22.116675483935104,65.50155943744113],[22.11677294411091,65.50191555956421],[22.118439854670985,65.50165656839701],[22.120828178476543,65.50244567607876],[22.12211493368374,65.50238494515133],[22.122002591723245,65.50273683006118],[22.128306769999995,65.50243946],[22.13074822,65.51134226],[22.173650159999998,65.50930907999998],[22.17610783,65.51821099],[22.152392838487355,65.51933495679506],[22.154561105507977,65.519247564119],[22.154659161959042,65.51960365592201],[22.15551749952719,65.51956297305004],[22.155615570448035,65.51991906409185],[22.1569521337494,65.52003607468797],[22.156670090317697,65.5205905561774],[22.15500238278048,65.52084997649747],[22.154916429552117,65.52211663788717],[22.157025673064485,65.5234596224485],[22.15888978924189,65.52391235511878],[22.159564386755203,65.52478222113724],[22.15670678379934,65.52545881085177],[22.155333053393136,65.52678650764447],[22.153284681748097,65.52724430138649],[22.15189387539342,65.52837711149506],[22.17856736,65.52711283000001],[22.180585457187075,65.5344086836071],[22.180728465025137,65.53369782027981],[22.181587216912078,65.53365698545998],[22.18148872935039,65.53330091537154],[22.182776834326514,65.5332396550643],[22.183389289287557,65.53230863736374],[22.186493279671524,65.53252170947177],[22.18758420176392,65.53174827639783],[22.18723925239902,65.53050204680703],[22.188097886851647,65.5304611761789],[22.188428635392224,65.53008467424613],[22.191004481916142,65.52996202804816],[22.19176448078346,65.52956507408406],[22.19305237228701,65.52950372838028],[22.192953747265975,65.52914766708234],[22.194621579576605,65.52888782718959],[22.194522935962855,65.52853176709367],[22.195332165384517,65.52831282614898],[22.19546547890895,65.52722419093053],[22.193733893949968,65.52568328293474],[22.19621062470425,65.52520449200698],[22.1962945698613,65.52393782695545],[22.19509096524885,65.52273253254012],[22.193226330832076,65.52228025104972],[22.194548581310233,65.52077420127327],[22.19392223305152,65.52008253205041],[22.192205665654473,65.52016432772429],[22.19224051981052,65.51871963178598],[22.19300018115348,65.51832267486142],[22.19471662451028,65.51824087137811],[22.195722759108094,65.51873405197784],[22.199535445180206,65.51837186869432],[22.204817569282067,65.51703753884334],[22.205527618865222,65.51646249509612],[22.206814825256217,65.51640103891604],[22.207574194748524,65.51600401164109],[22.2075588259565,65.51438129511659],[22.206602014571256,65.51406621938057],[22.206453906706752,65.51353214226273],[22.211768481159165,65.51075289376541],[22.212626420146464,65.51071189072395],[22.212527614042752,65.51035584391381],[22.214045810790612,65.50956173344878],[22.21412888114843,65.50829506693077],[22.215745747270176,65.50785698649311],[22.216409589893978,65.50677690813775],[22.214074510000003,65.49836268],[22.23551181,65.49733591999998],[22.23056263,65.47953434],[22.25198372,65.47850539999999],[22.249504749999996,65.46960493999998],[22.27091682,65.46857342],[22.26595014,65.45077315999998],[22.28734604,65.44973946],[22.284858339999996,65.44083966999999],[22.2634696,65.44187294],[22.25851408,65.42407233],[22.23713775,65.42510175],[22.24207899,65.4429032],[22.22068652,65.44393045],[22.22809082,65.47063345],[22.18525739,65.47268142000001],[22.184697417255762,65.47065148288628],[22.182633320653764,65.4713772846273],[22.18235229299149,65.47193180430554],[22.17635515693358,65.47221743898183],[22.17650236820465,65.47275155443961],[22.175645605480206,65.47279234107268],[22.17498508593809,65.47354527916482],[22.17518134386134,65.47425743508045],[22.176993120358436,65.47453193777677],[22.175855103339018,65.47512723697838],[22.17591741611945,65.476928016428],[22.176872480704766,65.47724330338319],[22.17520773270668,65.47750291772742],[22.17550218690576,65.47857115037593],[22.17464523175781,65.47861193321168],[22.173984545300595,65.47936486852025],[22.172748129339592,65.47960406823901],[22.172895317198176,65.48013818740615],[22.171560744275666,65.48002129828726],[22.171328451549588,65.48075384072673],[22.170752783221907,65.48024009983406],[22.16908778104147,65.48049964920776],[22.168561196159093,65.4801639406868],[22.168548400625404,65.47854119494963],[22.16464302043509,65.47854645973739],[22.163933043671076,65.47912131091317],[22.160554024115974,65.47946219683602],[22.160223470430914,65.4798386360785],[22.159366445028695,65.47987933292693],[22.16045606914763,65.47910610773677],[22.160358117122996,65.47875001854423],[22.15907263177758,65.47881106262652],[22.158546209065847,65.4784753176172],[22.158876770992364,65.4780988819597],[22.159733739002746,65.47805818844745],[22.15939097078324,65.47681187371754],[22.1576281596894,65.47671520551764],[22.154726764370746,65.47721366225572],[22.155057366903215,65.4768372345566],[22.153711175364148,65.47509742940115],[22.154996493408277,65.47503643256728],[22.154898634070733,65.47468033892034],[22.15765290773657,65.47364774433738],[22.157457132269805,65.4729355609653],[22.15826498612635,65.4727168315577],[22.15816709280257,65.47236074035206],[22.156502455858213,65.47262014748074],[22.15640458694949,65.47226405489475],[22.15511940901025,65.47232506234755],[22.15502156025008,65.47196896866822],[22.154115865212983,65.47183158638954],[22.151545532299878,65.47195355118865],[22.150027522181325,65.47274703225297],[22.14821613612356,65.47247220233619],[22.14612297828658,65.47275181012688],[22.145792294239747,65.47312821907734],[22.144078625787134,65.47320944047162],[22.144176331268895,65.47356554262502],[22.142891055011248,65.47362644698524],[22.14195331725442,65.4730278993973],[22.14241659,65.47471731000002],[22.120993430000002,65.47573072],[22.118559319999996,65.46682769],[22.0971415,65.46783767],[22.087451929999993,65.43222331999999],[22.066060939999996,65.43322862999999],[22.073303919999997,65.45994071],[22.05188964,65.46094424],[22.049480659999997,65.45203985999999],[22.00666102,65.45403702999998],[22.008571893445325,65.45504397201337],[22.011473787778055,65.4545483184499],[22.011096377373413,65.45636919554786],[22.013049054121147,65.45717999932963],[22.01390560870911,65.45714013705046],[22.01490597324777,65.45763457405639],[22.02018924881906,65.45792956207687],[22.02038115565298,65.458641959134],[22.02123774455594,65.45860205493294],[22.021525660844322,65.45967064787871],[22.02052861538107,65.46079910038769],[22.022529916270855,65.46178787447377],[22.021418769078874,65.4623664558358],[22.030473550000004,65.46194475],[22.031230542519623,65.46474921580099],[22.031437294483386,65.46425798516395],[22.03229404671972,65.46421801667944],[22.0326305650865,65.46546467777998],[22.03391574828172,65.46540471255132],[22.035340748768316,65.46425618229014],[22.036245592173312,65.46439428474433],[22.03448840866061,65.46591900274808],[22.03468077534176,65.46663137712783],[22.033872036273866,65.46684945373177],[22.034160577867006,65.46791801645196],[22.032416301749517,65.46914215380532],[22.03287715,65.47084948],[22.03192704683312,65.47089359449136],[22.03217119912542,65.47179791318452],[22.030457195126754,65.47187784867401],[22.028506926340654,65.47269012411788],[22.024173679337185,65.47271172693237],[22.022555634722394,65.47314776866006],[22.017080653932137,65.473763337831],[22.014889942235925,65.47368494137817],[22.013936912751856,65.47336861176152],[22.013825493073043,65.47173407252042],[21.994269111871073,65.47283959126887],[21.993571561408483,65.47267448817708],[21.97151480333476,65.47369861134345],[21.969935848398247,65.47432698171019],[21.970126532565875,65.47503945390118],[21.968412088304987,65.47511868954003],[21.968555074471865,65.47565304539805],[21.96769783080184,65.47569265693697],[21.96655490943336,65.47628642326936],[21.96669786538813,65.47682078116166],[21.96584058006977,65.47686038255691],[21.967269477996133,65.47733533585432],[21.96522150865548,65.47779057840333],[21.96584076527897,65.47848325829659],[21.965078715629893,65.47887909506403],[21.965221658554174,65.4794134544547],[21.966079028649748,65.47937385576884],[21.966174339012486,65.47973009460148],[21.965316957418402,65.4797696939369],[21.965126510869126,65.48068009091732],[21.96388803042321,65.48091759990211],[21.962173149477646,65.48261964626664],[21.960934549746263,65.48285713216738],[21.961025484735895,65.4831972135315],[21.97098041,65.48274001]],[[22.136225508130956,65.50947391151574],[22.137034661761742,65.50925528314653],[22.136361241767446,65.50838530520552],[22.138604032781632,65.50863996143327],[22.1387018237028,65.50899606617497],[22.13789269248524,65.50921470324883],[22.13808826307658,65.5099269136925],[22.139375338175977,65.50986603277228],[22.13661657488004,65.51089833717336],[22.136225508130956,65.50947391151574]],[[22.14735617284225,65.49270974800186],[22.14630889671189,65.49240299067166],[22.1465908903987,65.49184852884203],[22.145684540752523,65.49171110239585],[22.145060218805607,65.49101921120621],[22.14634634368135,65.49095828015011],[22.147057020145056,65.49038350490636],[22.147914412875178,65.49034287432126],[22.148478280687147,65.48923394528106],[22.149335633064457,65.48919330702424],[22.14966645614019,65.48881688902301],[22.151381126149328,65.4887355945011],[22.151050328993644,65.48911201600436],[22.15190767254485,65.4890713632414],[22.152238456740456,65.48869493998724],[22.152385287558783,65.4892290825414],[22.153671303777298,65.48916809020406],[22.153732173775584,65.49096889252333],[22.154589573162262,65.49092822400358],[22.154687501751233,65.49128431712307],[22.153401384331133,65.49134531908992],[22.15264187184334,65.49174207571683],[22.1527849052836,65.49226228525794],[22.16874035,65.49150509],[22.17119433,65.50040712],[22.14975147,65.5014248],[22.14735617284225,65.49270974800186]],[[22.153855202583877,65.48825752263505],[22.154859390959082,65.48875099397536],[22.153671303777298,65.48916809020406],[22.153855202583877,65.48825752263505]],[[22.153976972041374,65.49185912681496],[22.15440568646645,65.49183879232574],[22.15445465120058,65.49201683894734],[22.153976972041374,65.49185912681496]],[[22.206024885429386,65.51355262738629],[22.20559586340937,65.51357311129998],[22.205546501360136,65.51339508521062],[22.206024885429386,65.51355262738629]],[[22.17584187455306,65.47350449602577],[22.175989084097466,65.47403861199477],[22.17556068155475,65.47405900466963],[22.17584187455306,65.47350449602577]],[[22.170569515967447,65.48115068185184],[22.170140991875247,65.4811710603399],[22.170091944920582,65.4809930195882],[22.170569515967447,65.48115068185184]],[[22.16780223435926,65.48056076816816],[22.167373717324967,65.48058113873844],[22.167324690536535,65.48040309689107],[22.16780223435926,65.48056076816816]],[[22.157113280823914,65.48431517681728],[22.159060298037808,65.48350127408192],[22.158962345127815,65.48314518400737],[22.16010109406211,65.48255000500333],[22.163578527868747,65.48256521187068],[22.161962298254107,65.48300272824538],[22.162158287396412,65.48371490362901],[22.161252145999086,65.48357756850793],[22.160921553683433,65.48395400963986],[22.15877865089283,65.48405575584219],[22.158974562895207,65.48476793609863],[22.158166347757465,65.48498667279404],[22.157113280823914,65.48431517681728]],[[22.161448121011965,65.4842897449465],[22.16101953692089,65.48431009814621],[22.160970544934013,65.48413205390469],[22.161448121011965,65.4842897449465]],[[22.159672537205097,65.48257035411753],[22.159623558321208,65.48239230930895],[22.16005211230778,65.4823719603616],[22.159672537205097,65.48257035411753]],[[22.15902354273606,65.4849459811044],[22.159072523313064,65.48512402608687],[22.158643923320735,65.48514437270279],[22.15902354273606,65.4849459811044]],[[22.154736467149853,65.49146236364788],[22.155544909684245,65.49124364310053],[22.155642852708493,65.49159973545962],[22.154736467149853,65.49146236364788]],[[22.155642852708493,65.49159973545962],[22.156120536805357,65.49175744227911],[22.155691825324926,65.4917777816042],[22.155642852708493,65.49159973545962]],[[22.15591258627044,65.48942250438361],[22.155483912868753,65.48944284274923],[22.155434946949562,65.4892647964683],[22.15591258627044,65.48942250438361]],[[22.15434722084535,65.47741204233463],[22.153918742729164,65.47743237436313],[22.15382088723046,65.4770762799886],[22.15434722084535,65.47741204233463]],[[22.13593223895434,65.5084055912969],[22.135883363331715,65.50822753784576],[22.136312363267503,65.50820725192087],[22.13593223895434,65.5084055912969]],[[22.134927623724014,65.5079119984279],[22.134498627337216,65.50793228038992],[22.13444976255191,65.5077542263698],[22.134927623724014,65.5079119984279]],[[22.05820497741838,65.48140198214229],[22.05991950267097,65.48132172680879],[22.060160999430153,65.48221214403426],[22.058971650035026,65.48262850753383],[22.058736167837257,65.48336090652558],[22.056924940936245,65.48308498057307],[22.056780100944213,65.4825507266312],[22.05820497741838,65.48140198214229]],[[22.05992586221458,65.49574899976788],[22.059068128052708,65.49578913441779],[22.05901980439154,65.49561105091873],[22.05992586221458,65.49574899976788]],[[22.04555915836864,65.48920694319244],[22.04470161215523,65.4892469945276],[22.044605190405914,65.48889081614743],[22.045462725119556,65.48885076546931],[22.04555915836864,65.48920694319244]],[[22.041602889899497,65.47298075221354],[22.042459908872317,65.47294072350425],[22.043889941167528,65.47341494103925],[22.04274888223249,65.47400926558093],[22.04332191292564,65.47452351866806],[22.04246484371691,65.47456355274855],[22.040558093556534,65.47393124210232],[22.041795512941796,65.47369311500164],[22.041602889899497,65.47298075221354]],[[22.04301431989269,65.51349140341051],[22.042585146265516,65.51351142628724],[22.042536895369704,65.51333333686925],[22.04301431989269,65.51349140341051]],[[22.03700613237902,65.46399810363059],[22.036577764567507,65.4640181017667],[22.03652966471227,65.46384000887174],[22.03700613237902,65.46399810363059]],[[22.033972600137336,65.46882847628521],[22.03354415048802,65.46884846659977],[22.03349606054404,65.46867037265527],[22.033972600137336,65.46882847628521]],[[22.03312966778014,65.50908312435537],[22.0316058894508,65.50987546900409],[22.03031851292511,65.50993543549282],[22.030458676859222,65.50884688326065],[22.031316892588833,65.50880690635955],[22.031649667117097,65.50843072869148],[22.033366063940033,65.50835075683126],[22.03312966778014,65.50908312435537]],[[22.01385767827487,65.45696203530639],[22.01428595162114,65.45694210251834],[22.014333884923346,65.45712020409901],[22.01385767827487,65.45696203530639]],[[21.987261905788255,65.51463947259171],[21.986832661898937,65.51465933793008],[21.98678478853842,65.51448122721109],[21.987261905788255,65.51463947259171]],[[21.985734841186876,65.51380850952285],[21.986593302301806,65.51376878411067],[21.986736915898458,65.51430311646968],[21.985401333931097,65.51418459298559],[21.985734841186876,65.51380850952285]],[[21.977043720927085,65.49599772565847],[21.978759502511835,65.49591837939764],[21.97942735588341,65.49678910983945],[21.976758997664927,65.49817477233816],[21.974185087851165,65.49829375261235],[21.973994088167004,65.49758128879483],[21.977043720927085,65.49599772565847]],[[21.97694448460898,65.48915002266733],[21.975324618791845,65.4895855756027],[21.974419197076358,65.48944711373831],[21.97503819224524,65.48851688110703],[21.977563382700488,65.48821978061117],[21.97694448460898,65.48915002266733]],[[21.97109408234672,65.51755072436502],[21.971523388190015,65.51753090310493],[21.971571164231754,65.51770901956071],[21.97109408234672,65.51755072436502]],[[21.960265780425324,65.51931249732601],[21.9602180779414,65.5191343766132],[21.960647419774713,65.5191145858792],[21.960265780425324,65.51931249732601]]],[[[21.9581153762389,65.51939772507556],[21.958930048132682,65.51919374154508],[21.95807135800332,65.51923331210783],[21.9581153762389,65.51939772507556]]],[[[22.22068652,65.44393045],[22.21929512821325,65.43890299401205],[22.218361492219447,65.43900494270477],[22.217703012317568,65.43975804759113],[22.21827865643465,65.44027160987577],[22.21613959533972,65.44037413180041],[22.216238131749943,65.44073017907935],[22.21543175429824,65.4409492040204],[22.21534877566016,65.44221587097275],[22.214493084432025,65.4422568674248],[22.213505067250555,65.44338650125304],[22.212698585386093,65.44360551261235],[22.21284634302378,65.44413958732689],[22.21210607000931,65.44434060865059],[22.22068652,65.44393045]]],[[[22.1399753,65.46581468999999],[22.140301715121726,65.46700502371333],[22.141561438035666,65.46719628177686],[22.14579577712899,65.46681522222076],[22.146934140541127,65.46622014612201],[22.146836430677116,65.46586404577018],[22.148451878153317,65.4654266987524],[22.1399753,65.46581468999999]],[[22.14360537170559,65.46673868955143],[22.1440336844775,65.4667183883818],[22.144082521908818,65.4668964396412],[22.14360537170559,65.46673868955143]]],[[[22.14087955899523,65.46911223933503],[22.14209851701891,65.46915485482111],[22.141952032131876,65.46862069881507],[22.14280872162247,65.46858010401773],[22.14304172794345,65.46784759847039],[22.142087410067262,65.46753209037904],[22.140851241571834,65.46777102664348],[22.140439718756944,65.46750827974721],[22.14087955899523,65.46911223933503]]],[[[22.14192675838508,65.47293104751925],[22.142646839840086,65.47273618893135],[22.143161752146444,65.47144922897458],[22.141541463436575,65.47152599751927],[22.14192675838508,65.47293104751925]]],[[[22.23713775,65.42510175],[22.235373981005377,65.41874029465555],[22.234762169991818,65.41999848749083],[22.233479774072496,65.42006013420546],[22.23357845353165,65.42041616878393],[22.23239469913042,65.42083384115936],[22.232592038596998,65.42154591186012],[22.230651866252447,65.42236069463434],[22.230142105014412,65.42364790157126],[22.22895815093251,65.4240655489375],[22.229533650670092,65.42457906975925],[22.22867856161417,65.4246201407036],[22.22887583465327,65.4253322169063],[22.22813345434904,65.42553406057924],[22.23713775,65.42510175]]],[[[22.907464739999998,65.56288916999999],[22.90475251,65.55400234],[22.8618492,65.55624289],[22.85915334,65.54735508],[22.837705809999996,65.54847036],[22.840394489999998,65.55735862999998],[22.818937769999994,65.55847134999999],[22.821621299999997,65.56736001],[22.80015537,65.56847017],[22.80283374,65.57735921],[22.824306849999996,65.5762486],[22.826994419999988,65.58513711999998],[22.80551412,65.58624818999999],[22.81088094,65.60402595],[22.83237564,65.60291396],[22.84316246,65.63846683],[22.82163889,65.63958064],[22.835132079999998,65.68402248999999],[22.813570270000003,65.68513556],[22.816267779999997,65.69402418],[22.822731316193504,65.69368955007997],[22.834625625970205,65.691171722962],[22.933785700852358,65.56150107475118],[22.907464739999998,65.56288916999999]],[[22.84847269999999,65.58402302999998],[22.851169489999997,65.59291102999997],[22.82968402,65.59402558],[22.826994419999988,65.58513711999998],[22.84847269999999,65.58402302999998]]],[[[22.46381688,65.83809409],[22.46122296,65.8291983],[22.4829233,65.82813387000002],[22.48032398,65.81923846],[22.48663509306205,65.81892799301329],[22.485387749462724,65.81882300079079],[22.48512775712537,65.81793346622666],[22.486273179603252,65.81733576985395],[22.485857181296137,65.81591251685909],[22.487766014850617,65.81491634433314],[22.489067289439127,65.81485234648407],[22.489969250589386,65.81643215776305],[22.491582820127878,65.81743556701824],[22.49250246070793,65.81757078454625],[22.492553783335676,65.81863683075451],[22.50201497,65.81817139999998],[22.501474918097667,65.81632711992336],[22.500536102158414,65.81645341273403],[22.499564370209328,65.8161403424968],[22.49734344237046,65.81606924715847],[22.49540010710306,65.8154430585863],[22.495243926490023,65.81490934995162],[22.49324868656331,65.81410522955198],[22.4987139157053,65.8147384950798],[22.501210061069298,65.81542263178348],[22.49941028,65.80927637],[22.488926550155362,65.80979053304907],[22.48917218988521,65.81069651794631],[22.487055737833412,65.81098107933929],[22.486396303114102,65.81173535974668],[22.484453560574888,65.81110902601036],[22.483663811199296,65.81004863831771],[22.472158553070773,65.81061290110276],[22.473558947904426,65.81146375063716],[22.47279530719761,65.8118621524698],[22.472951000564045,65.81239588879505],[22.472083535633868,65.81243846314602],[22.472064948368793,65.81388304846644],[22.4708155600533,65.81412481426983],[22.471023120011584,65.81483646566687],[22.468401670811566,65.81640873047255],[22.468175370263037,65.81714166185175],[22.46671831534015,65.81667173987965],[22.465850694039926,65.8167142803227],[22.46722284763588,65.81538379482174],[22.465836702575412,65.81364718958352],[22.464431733110303,65.81335515844867],[22.463356878978697,65.81268602117385],[22.46248938523645,65.81272854126723],[22.46069613627202,65.81117506278166],[22.434353469999998,65.81246700999999],[22.439520659999996,65.83025966],[22.39611016,65.83237319],[22.39868195,65.8412703],[22.420395559999996,65.84021462999999],[22.42239335729499,65.84710061536012],[22.423290285538098,65.84748577600868],[22.42260805758896,65.84784064193079],[22.422976689999995,65.84911123999998],[22.44469572,65.84805206],[22.446035901700434,65.8526526754502],[22.448163982651696,65.84970098926426],[22.449311658159452,65.84910354852049],[22.450180404767952,65.8490610911891],[22.450459280504248,65.84850609967015],[22.452961747741387,65.84802285533404],[22.454057383398084,65.84724746142876],[22.454926057903805,65.84720497781029],[22.455327979857405,65.8455612241118],[22.456196594898696,65.84551873384453],[22.456909602434774,65.84494248527],[22.458646781295908,65.84485748230665],[22.46012450465257,65.8438828772511],[22.46099305350462,65.84384036035239],[22.461271643938787,65.84328535186883],[22.463060598866562,65.84337821593921],[22.465128068600652,65.84291604427554],[22.466190046151116,65.84051806747736],[22.467058469371167,65.8404755173098],[22.465930454089715,65.83962849633157],[22.46702534864233,65.83885301662667],[22.469630435256768,65.83872533884167],[22.47060268417851,65.83903859462559],[22.473589978588492,65.83871165057552],[22.473764312031626,65.83780080002727],[22.47598707857067,65.83787222059088],[22.47587876850415,65.8375015149277],[22.46381688,65.83809409]],[[22.46860918619785,65.81712038558776],[22.46866106701694,65.81729829930335],[22.468227248137193,65.81731957574348],[22.46860918619785,65.81712038558776]],[[22.462361055453055,65.81832898241045],[22.462412896038497,65.81850689864068],[22.46154520437655,65.81854941529267],[22.462361055453055,65.81832898241045]],[[22.461422364413846,65.81963817179914],[22.461474201681806,65.81981608838059],[22.46104033326045,65.81983734487461],[22.461422364413846,65.81963817179914]],[[22.458540741835957,65.82032069365171],[22.46076196291027,65.8203923507917],[22.46086563275879,65.82074818443128],[22.458955316001386,65.82174403484427],[22.456785791115767,65.82185027095747],[22.45520555578521,65.82246899506505],[22.452550245270285,65.82241849157558],[22.452291343604625,65.82152889058196],[22.458540741835957,65.82032069365171]]],[[[22.48847245147831,65.81883760655919],[22.4883725022058,65.81849579235467],[22.486805226279127,65.81891962353126],[22.48847245147831,65.81883760655919]]],[[[22.448327739425505,65.86052016389884],[22.44953622432217,65.86046115019931],[22.450249779593165,65.85988492741488],[22.449990504207502,65.85899532612738],[22.44809681540053,65.85854647702654],[22.448965883507316,65.85850402349517],[22.448427667698116,65.85816940897622],[22.44929672240206,65.85812695369292],[22.4491930315871,65.85777111239729],[22.45001022117492,65.85755073257279],[22.45266917151784,65.85760124496609],[22.459082973973757,65.85692669844047],[22.463149227414174,65.85726908622769],[22.464141039946195,65.85613778940163],[22.46587894644969,65.85605269714866],[22.466034817769764,65.85658643882343],[22.467824717578758,65.85667923794763],[22.46810328286255,65.85612421724593],[22.46968522634347,65.85550534302865],[22.469911758758666,65.85477240713267],[22.469651865072507,65.85388284522783],[22.466941326566022,65.85365471120134],[22.46673350309489,65.8529430567863],[22.46934001877161,65.85281537010647],[22.472588894791517,65.85337799170779],[22.47279688453867,65.85408963654451],[22.4720320007728,65.85448804666021],[22.47272644101526,65.85535630945405],[22.47441224751556,65.85509320994107],[22.474430598094013,65.85364862657215],[22.477315473895295,65.8529657730917],[22.480408383691262,65.85299449918786],[22.48117309167168,65.85259604885253],[22.48101693521011,65.85206232540058],[22.478532759551047,65.8511014459605],[22.475005696311662,65.85109398086544],[22.480010062070797,65.8501266526568],[22.48077469341888,65.84972820506057],[22.48251210061085,65.84964292848848],[22.48148725360576,65.8491518461483],[22.47936756177606,65.84943633247649],[22.478220585151444,65.8500339921592],[22.475180038114516,65.85018312860777],[22.47311217913399,65.8506454400973],[22.46741326370141,65.85074425964365],[22.46675229175793,65.85149847010759],[22.46358866650639,65.85273613890314],[22.46351776770236,65.85400281196313],[22.46469830896259,65.85502775958199],[22.463446865503975,65.85526948502421],[22.459484745239486,65.85528293525984],[22.459348220689826,65.85330459574386],[22.45842745115171,65.85316918940094],[22.455366971198128,65.8547625282694],[22.453142778023683,65.85469082140091],[22.4529871881142,65.85415706386564],[22.453804230530356,65.85393666517628],[22.454361906849368,65.85282666912715],[22.4556133223395,65.85258501836006],[22.45545769645583,65.85205126368903],[22.456222771993787,65.85165293469494],[22.45552899375741,65.85078459052366],[22.45281889558265,65.85055620172297],[22.4522611958591,65.85166619236571],[22.44981019849113,65.85232734932079],[22.449913871480213,65.85268319036949],[22.447948988166278,65.85350100898543],[22.44633905666726,65.85369335480263],[22.448327739425505,65.86052016389884]],[[22.475109711946313,65.8514498014718],[22.474675323451322,65.85147110177812],[22.474623318191373,65.85129319131109],[22.475109711946313,65.8514498014718]],[[22.470227444291982,65.8513282128501],[22.471913015608745,65.85106514318876],[22.471148205352307,65.85146354816642],[22.470227444291982,65.8513282128501]],[[22.448602989108956,65.85725857764062],[22.448830138610607,65.8565256670686],[22.449802828536143,65.85683905098594],[22.449472012676686,65.85721612166118],[22.448602989108956,65.85725857764062]]],[[[22.294826107575354,65.77411083569501],[22.29398276553974,65.77398537642965],[22.35650562,65.77114083],[22.35395675,65.7622428],[22.324012156898018,65.7636867687015],[22.32469794455873,65.76619475558348],[22.323882501217323,65.76641444833385],[22.323347881871413,65.76607935946284],[22.322048577439595,65.76614192529682],[22.317178900042066,65.76908255771761],[22.315063813207175,65.76936471977142],[22.314298887804764,65.7697623397652],[22.31294867852064,65.76964685293247],[22.31141872140613,65.77044206886814],[22.31152009108718,65.77079802512289],[22.310653707600153,65.77083967141377],[22.31037254855849,65.77139442847256],[22.296942913967758,65.77203929807035],[22.295794973806665,65.77263559546287],[22.29449525918389,65.77269793031171],[22.294646980754354,65.77323188471448],[22.295564056839083,65.77336831275024],[22.294264304649417,65.77343064598911],[22.293498934807584,65.7738281658244],[22.293596078214566,65.77417006434426],[22.294826107575354,65.77411083569501]],[[22.314732058317617,65.76974150707932],[22.314782763962175,65.76991948391422],[22.314349590512116,65.76994031677233],[22.314732058317617,65.76974150707932]]],[[[22.265323131877373,65.68165502466175],[22.264254061189888,65.68286201692817],[22.262727565318006,65.68365671109446],[22.26095030151035,65.68356138992682],[22.25726467308392,65.68445935186325],[22.255737866800075,65.68525397881753],[22.255174822097665,65.68636329691064],[22.253929409901115,65.68660324814451],[22.253697932831045,65.68733590757759],[22.25222093366102,65.68830850494747],[22.252039480080995,65.68921916600334],[22.252953337834377,65.68935588117606],[22.253354094808557,65.69077990655315],[22.258236163144574,65.68946405045185],[22.25894952747182,65.6888887245649],[22.26321804792747,65.68850404092656],[22.26380040144228,65.68901736300593],[22.263036981639974,65.68941471136749],[22.262906066648437,65.69050338100776],[22.259551162404488,65.69102473371689],[22.256115030904777,65.69281268224256],[22.254005428448785,65.6930939445155],[22.253723798548158,65.69364860162182],[22.252859884522103,65.69368989580616],[22.252296552301253,65.69479920594313],[22.25110080195481,65.69521714159264],[22.2513512739713,65.69610716060741],[22.25048727339841,65.69614844214306],[22.250687641304708,65.69686045828558],[22.248727889813665,65.69767566334679],[22.24704984154876,65.69793619824122],[22.246717944683535,65.69831283882498],[22.245853861646992,65.69835409482742],[22.2448580749878,65.69948400749074],[22.246154257814126,65.69942212957378],[22.24648617630729,65.69904549001544],[22.24701837590617,65.69938087152865],[22.248214383052257,65.69896296552646],[22.24999267111627,65.69905842573932],[22.24902839501719,65.69874369137429],[22.25157055211827,65.69844185083106],[22.25103831435321,65.69810648561155],[22.251802171404805,65.69770919332268],[22.25276644097527,65.69802391016623],[22.252616112922436,65.69748990064305],[22.2531984707333,65.6980032632549],[22.25530848050138,65.69772200827093],[22.25615335166502,65.69605802679797],[22.26301498450726,65.69554938230752],[22.267083724528522,65.69445258461691],[22.267234329584525,65.6949865771732],[22.26858043488087,65.69510250830581],[22.26748535321786,65.6958765642855],[22.267836818242056,65.69712254523151],[22.269665263441343,65.69739577313695],[22.26960486145036,65.70028510457664],[22.270563633212713,65.70023917730141],[22.265323131877373,65.68165502466175]],[[22.2520337787082,65.6969765355732],[22.252465791700494,65.69695589090398],[22.252515898015517,65.69713389417433],[22.2520337787082,65.6969765355732]],[[22.25121984799987,65.6971958250332],[22.252083882102532,65.6971545390139],[22.252133986255785,65.69733254243063],[22.25121984799987,65.6971958250332]],[[22.250837925201242,65.69739447014067],[22.251269946311606,65.6973738287906],[22.251320045382187,65.69755183252396],[22.250837925201242,65.69739447014067]],[[22.250124153904526,65.69796976184193],[22.250023971012197,65.69761375342523],[22.250888021350992,65.69757247404435],[22.250124153904526,65.69796976184193]],[[22.249692121755146,65.69799040004303],[22.24974221141844,65.6981684043857],[22.24931017558931,65.69818904153705],[22.249692121755146,65.69799040004303]],[[22.249360263090285,65.69836704602604],[22.248928223581384,65.69838768212767],[22.248878139001498,65.69820967746841],[22.249360263090285,65.69836704602604]],[[22.247782332503856,65.69898359847878],[22.24686815688167,65.69884685528469],[22.247732254411627,65.69880559338065],[22.247782332503856,65.69898359847878]],[[22.247632100502887,65.6984495831125],[22.248496183313833,65.69840831700931],[22.24854626573125,65.69858632181487],[22.247732254411627,65.69880559338065],[22.247632100502887,65.6984495831125]]],[[[22.263833919999996,65.67637389999999],[22.28541591,65.67533866],[22.28290277,65.6664391],[22.27796346791288,65.66667600664526],[22.27788617296999,65.66759583308888],[22.275778865635907,65.66787737529363],[22.27521702071122,65.66898675609946],[22.273541100949767,65.66924756277507],[22.27163430461425,65.67024103196574],[22.26434798530065,65.67077067463704],[22.261658365136512,65.6705387005691],[22.26155815153627,65.67018269998948],[22.260695034270693,65.67022403101797],[22.260163281415696,65.6698886930068],[22.25933100800209,65.66848534601968],[22.259893527862435,65.66737601747077],[22.261209977868,65.66705415452508],[22.258824110000003,65.65857384999998],[22.237725199557328,65.65958268752044],[22.23774605149333,65.66013672779306],[22.238808583771718,65.66080756822356],[22.23799565750725,65.66102677730798],[22.237931580243448,65.66201696628588],[22.241627300383378,65.675186906657],[22.244681880261357,65.67549980718742],[22.247935058987125,65.67462278751546],[22.248566812597698,65.67531417954876],[22.250393511949195,65.6755876559449],[22.250643731307655,65.67647767866445],[22.255392089806243,65.67625059965219],[22.256355586713784,65.67656530120935],[22.258082257056074,65.67648267934881],[22.260841969595848,65.67851538114968],[22.26208692908472,65.67827537763974],[22.262187187627617,65.6786313774201],[22.263432139529073,65.67839136296497],[22.2643958126548,65.67870601184723],[22.263833919999996,65.67637389999999]],[[22.270881348267704,65.67532840447602],[22.270981713830313,65.67568439742612],[22.270550073061546,65.67570509110861],[22.270881348267704,65.67532840447602]],[[22.2690042962844,65.67487717887641],[22.266364359289547,65.67482329003963],[22.266264061133256,65.67446729338918],[22.26880363001882,65.67416518966877],[22.2690042962844,65.67487717887641]],[[22.25740013043746,65.67561332778217],[22.257831782309193,65.67559267134061],[22.25788187574226,65.67577067299025],[22.25740013043746,65.67561332778217]],[[22.25788187574226,65.67577067299025],[22.25836362687758,65.675928016615],[22.25793196993347,65.67594867461591],[22.25788187574226,65.67577067299025]]],[[[22.26267950967665,65.62230361722142],[22.26551807051749,65.6205632663714],[22.26377582447287,65.61902326604084],[22.261372353414075,65.61823656708097],[22.259942184087713,65.61469718395388],[22.26070351691298,65.61429987113048],[22.26073438519903,65.61285520003496],[22.265501623322415,65.61118324980605],[22.264390530427207,65.61033458151192],[22.260946011588263,65.61049986374476],[22.260615365588034,65.61087652276979],[22.25650932120782,65.61179502239784],[22.256228529667748,65.61234967632404],[22.254125426307056,65.61263087759762],[22.253413955981483,65.61320616283193],[22.251741377142814,65.6134666968217],[22.250218456054697,65.61426123115834],[22.250318254657902,65.61461724334247],[22.24902631260276,65.6146791158991],[22.250368155089717,65.61479524939867],[22.25094851835271,65.61530864012856],[22.248745332494796,65.61523375778783],[22.247784246796744,65.61491898459278],[22.243096863047796,65.61532372773421],[22.24491924554432,65.61559731166643],[22.25013710325139,65.61552789963385],[22.25033671296797,65.61623992391578],[22.248813589979395,65.61703444609228],[22.248913382180145,65.61739045925646],[22.24800210299873,65.61725369487196],[22.247371866954374,65.61656228558529],[22.23860861555035,65.6164403703185],[22.237366365115808,65.6166801554938],[22.234583006003454,65.61609162295078],[22.21879619019037,65.61738636994481],[22.21717265504906,65.61782454740484],[22.211092708297482,65.61793386500034],[22.209518633987418,65.61854998371348],[22.207795626859255,65.61863201871554],[22.20411719120823,65.61952862317374],[22.20335482643567,65.61992566179175],[22.20365238439722,65.62099380806129],[22.204994374420195,65.62111034146882],[22.203271180378476,65.62119232688744],[22.202939561860564,65.62156886939701],[22.20164713879677,65.62163034305803],[22.201018015328344,65.62093873066326],[22.197754636959175,65.62019198049917],[22.195169891454913,65.62031482751907],[22.193644814707724,65.62110881433362],[22.18895537940846,65.62151190416238],[22.18905437245775,65.62186796423939],[22.18743004046223,65.62230583101984],[22.18441418762048,65.62244894609596],[22.17689215731822,65.62208412428299],[22.175366409458356,65.62287793377818],[22.1747517085983,65.62380893992163],[22.17020958187817,65.62474556567672],[22.165887431691527,65.62332677417909],[22.163733068229792,65.62342870126297],[22.16401595481006,65.62287419901617],[22.162144542423352,65.62242160015356],[22.161565752065982,65.62190785506374],[22.16223019972887,65.62115493870789],[22.16153990585736,65.61866236902607],[22.163065843959362,65.6178686967186],[22.16291791693025,65.61733457577776],[22.16401297611289,65.6165612734277],[22.163815727579333,65.61584911348302],[22.162043427485226,65.61575258867401],[22.16174765116182,65.61468434388644],[22.16531517030828,65.61180993889108],[22.165216548448036,65.61145385975931],[22.163493843512864,65.61153538873869],[22.16072548184294,65.61256822452962],[22.161833323495777,65.6134176824296],[22.161119761545887,65.61399255431776],[22.161464795364644,65.61523884165176],[22.160603311914162,65.61527958853627],[22.161132635996985,65.61561529792185],[22.15955748364305,65.61623090847199],[22.158991636428365,65.61733989658703],[22.15413019067972,65.62027523600213],[22.154708797020014,65.62078901121856],[22.153847116878378,65.62082972161762],[22.15223458011382,65.62288996601067],[22.15296097157081,65.62393788055634],[22.151249688907836,65.62564202849612],[22.151594435855024,65.62688834087115],[22.150732547601432,65.62692903556979],[22.15126199211363,65.62726477820334],[22.153035048661998,65.62736142171447],[22.15413081352206,65.62658818402811],[22.157147347356762,65.62644566433897],[22.157245927245523,65.62680174906656],[22.15810779897633,65.62676101753573],[22.158206393467403,65.62711710149874],[22.160028771953822,65.62739170502402],[22.160656977344768,65.62808349599864],[22.163722979286888,65.62811888513667],[22.163624304623077,65.62776280552906],[22.165397433317988,65.62785930392064],[22.16572967715693,65.62748283754752],[22.167022493457676,65.62742166606365],[22.16773627592436,65.62684676437111],[22.168598129312286,65.62680597344098],[22.168499393860877,65.62644989758154],[22.17012431273157,65.62601222785803],[22.1699761847611,65.62547811576742],[22.179123848619856,65.62540550745148],[22.180317632870914,65.62498815654352],[22.180119860489057,65.62427602289821],[22.182655626943625,65.62397539520086],[22.182472047088805,65.62488599352207],[22.181278303091304,65.62530336099219],[22.182005933981113,65.62635112450168],[22.179816044989668,65.62789797864849],[22.181638693141,65.62817232008364],[22.182733625885408,65.62739888392733],[22.183595469175433,65.62735800792527],[22.184739788279185,65.62676259013374],[22.18459135478227,65.62622849525614],[22.187162201916223,65.6244830971602],[22.194006487363744,65.62397773178819],[22.194818654351014,65.62375876536593],[22.194719573656403,65.62340270989894],[22.19763635034024,65.62290333639464],[22.19916140504849,65.62210930968506],[22.20385077135396,65.62170590510087],[22.20542517105755,65.62108984207435],[22.207628765496516,65.62116534961604],[22.208208441225516,65.62167891036675],[22.214239615040192,65.62139167958222],[22.21844811243375,65.62083033189067],[22.21864690319945,65.62154240567442],[22.221231636769172,65.62141915883328],[22.223667144606495,65.62076181900875],[22.223998449844146,65.62038523423635],[22.226102527670395,65.62010444129277],[22.226814791827184,65.61952927655723],[22.23064173549615,65.61916617103383],[22.23140365292733,65.61876899965905],[22.234749888144062,65.61824835134584],[22.23503119810674,65.61769373221108],[22.236273519248137,65.61745396547505],[22.236124091255757,65.61691993072293],[22.24656038189649,65.61678152663505],[22.24805199367371,65.61743170178158],[22.247440037817878,65.61836297533152],[22.246297545695235,65.61895884802861],[22.24543610022038,65.61900007625226],[22.244873891085668,65.62010934858576],[22.243300510452254,65.62072581099278],[22.243699463651026,65.62214987980657],[22.245041673539145,65.62226605686065],[22.245887294635732,65.62310751607056],[22.26267950967665,65.62230361722142]],[[22.167045271760664,65.62435422667957],[22.167143977692803,65.62471030377442],[22.168337928705494,65.62429304551344],[22.16891690773843,65.62480676295056],[22.166331539322623,65.6249291246565],[22.16604868255826,65.62548363092377],[22.163463230535335,65.62560594456333],[22.16326591430912,65.6248937846117],[22.164029046128256,65.62449694016175],[22.167045271760664,65.62435422667957]]],[[[22.317344559999995,65.5565323],[22.30591558504751,65.55708496644141],[22.305805421097944,65.55764573195883],[22.30451646229285,65.55770804786756],[22.30461674118649,65.55806401962654],[22.303807554809044,65.55828354437405],[22.304008101601326,65.55899548887034],[22.305877251307418,65.55944635955521],[22.30739532271167,65.55865131398765],[22.31078245004958,65.55830706425971],[22.311362668220884,65.55882022524173],[22.31303112624515,65.55855907429495],[22.313561190645444,65.5588942439102],[22.31275205710323,65.55911381593373],[22.31290265504835,65.55964776359075],[22.311942909751682,65.55933338376941],[22.310224208856837,65.5594165397464],[22.308555666327617,65.55967766059506],[22.308656009520277,65.56003362904279],[22.306507557992273,65.56013752507367],[22.305748477909507,65.56053504574399],[22.30589894230526,65.56106900167394],[22.30460981450043,65.5611313200392],[22.304710110561153,65.5614872915623],[22.307768274624912,65.5615198472176],[22.308047473531687,65.56096511349392],[22.30933658319672,65.56090276604331],[22.310446919257014,65.56175111254647],[22.31332644459185,65.56269425934524],[22.31901333919273,65.56277977061329],[22.317344559999995,65.5565323]]],[[[22.29586249,65.5575711],[22.294870766105316,65.55404502078338],[22.29363292322461,65.55462563952247],[22.29234407863653,65.55468785069145],[22.292444177332786,65.5550438322808],[22.291205350476403,65.55528402483652],[22.290546246910093,65.55603745284246],[22.287409214908497,65.55727121379842],[22.287179629277862,65.55800390625846],[22.285031241896526,65.55810749695712],[22.282603123395077,65.55876574969146],[22.28227340928816,65.55914244691313],[22.27979514854757,65.55962266138673],[22.27908563744802,65.56019804803005],[22.277796475508804,65.56026013847244],[22.27751663460849,65.56081482266215],[22.27943545172889,65.56144401913139],[22.28115440459148,65.56136121014401],[22.281484161356953,65.56098451494489],[22.283203076063252,65.56090168307725],[22.2916765530348,65.55850859814215],[22.29678256673781,65.55808171430115],[22.297950622036325,65.55747012502137],[22.29586249,65.5575711]]],[[[22.271882739999995,65.54970694],[22.27203078433677,65.55023485848506],[22.282531853819336,65.54920778467171],[22.282527917474443,65.54919376233995],[22.271882739999995,65.54970694]]],[[[22.18595706,65.55381802],[22.16447098,65.55483822],[22.16167381868802,65.54470341207445],[22.154951721802306,65.54592378410479],[22.147746461833794,65.5466255738629],[22.14364628208819,65.54754096112505],[22.141792105178716,65.54871081517942],[22.141803512864776,65.55033357543878],[22.13914989131809,65.55334482755131],[22.139394898813116,65.55423508288914],[22.137822856451997,65.55485043828844],[22.137589061052505,65.5555829427841],[22.137932037637412,65.55682930397748],[22.139515488815857,65.55783670775588],[22.14381358229339,65.55763361256602],[22.144537665599977,65.55868159020588],[22.143727062768402,65.55890027259859],[22.143825151277074,65.55925637097631],[22.14296548500639,65.55929700029577],[22.143063564913476,65.55965309924811],[22.141774042626427,65.55971403513266],[22.141540322833695,65.56044654496448],[22.138912170136763,65.56039032967398],[22.1381617031245,65.56240979634404],[22.135201450581132,65.56272992152188],[22.13553335574488,65.56235352429572],[22.130804507181576,65.56257667285188],[22.129612717018595,65.56299361533777],[22.12904661773645,65.56410249465291],[22.13005335444991,65.56459610587261],[22.130249212498963,65.56530832328392],[22.129487242982556,65.56570498693308],[22.130945613676005,65.56942384783127],[22.12798447027988,65.56974384049163],[22.126841265129023,65.57033881981664],[22.12517007745495,65.5705979445719],[22.12450575780975,65.57135069768768],[22.123645656211313,65.57139122151182],[22.120215369917933,65.57317604175911],[22.119932025735775,65.57373046687967],[22.119022928571802,65.57359290711118],[22.11807496224788,65.5749000577822],[22.11645228498547,65.57533714893519],[22.115650805726737,65.57717846449967],[22.11479049508975,65.57721894005125],[22.114458109012457,65.57759529635156],[22.114555882309144,65.57795141660444],[22.115465111123168,65.57808900190834],[22.11460477006356,65.57812947669612],[22.113079591167278,65.5789226545003],[22.1129426778566,65.58001125038213],[22.111319596688386,65.58044829040733],[22.11161283544086,65.58151665778861],[22.102529028358187,65.58176311856766],[22.102431402260585,65.58140698917053],[22.101522121024175,65.5812693261732],[22.100280209028043,65.58150798523351],[22.09458950161478,65.58141429745035],[22.093826518928243,65.58181079126962],[22.090814740237974,65.58195200724538],[22.08967014649458,65.582546719164],[22.087137238476377,65.58284576580814],[22.08522559987762,65.5834763707963],[22.085806149999996,65.5855996],[22.073232914889918,65.58618760340636],[22.07338261182969,65.58673584493872],[22.074673664512247,65.58667547683898],[22.07563164446017,65.58699137531163],[22.0749654840292,65.58774392838954],[22.076222865588456,65.59075107435494],[22.079714845613264,65.59076807240791],[22.080055610262164,65.59201458484118],[22.078625915273328,65.59316357979343],[22.07934845518395,65.59421188294773],[22.080785941464857,65.59468567911816],[22.080168438407572,65.59561632810815],[22.081459912612466,65.59555589821377],[22.08241830647845,65.59587174982927],[22.08853889407368,65.59558516263259],[22.08824247,65.59450312],[22.13128544,65.59248062999998],[22.13158351147924,65.59356256556924],[22.138708604019694,65.5928658503538],[22.140479265065,65.59296266346009],[22.14249550275349,65.59394970038832],[22.146050623595336,65.5894529979136],[22.14686214547571,65.58923429431748],[22.14742796804036,65.58812535139685],[22.1496165908695,65.5865789763374],[22.148793185884205,65.58517494011913],[22.145584914551428,65.58460505727321],[22.142671342654165,65.58510339964688],[22.140335170237336,65.5861155277429],[22.13459434997395,65.58584530209366],[22.1346924360499,65.58620140631106],[22.132971287075925,65.5862825737825],[22.132639058054075,65.58665896840769],[22.13053658919071,65.58693844971536],[22.129441719593935,65.58771150876308],[22.129588756821267,65.58824567093411],[22.128297780451557,65.58830650600082],[22.12715378916223,65.58890149510071],[22.125432433346585,65.58898257894555],[22.124473790540925,65.58866700162656],[22.125089544100373,65.58773618903497],[22.124512290821457,65.58722228783951],[22.12317238347756,65.58710502279415],[22.12393506083562,65.58670838422034],[22.12378815006975,65.58617421534913],[22.12584165284578,65.5857167719603],[22.126838575989197,65.58458762832596],[22.12606544267386,65.58336151155783],[22.12692593508157,65.5833209702576],[22.127922724550217,65.58219182074333],[22.12992683942472,65.5815562709918],[22.12948586357208,65.57995378361433],[22.13114674381144,65.57807184015724],[22.13453893464085,65.57773148514956],[22.13549728516747,65.57804700165109],[22.139749691797682,65.57766593780087],[22.140708101300937,65.57798142078167],[22.14199853090439,65.5779204852633],[22.142907894675574,65.578057904606],[22.14425908950556,65.57979775595376],[22.150625374701033,65.58075947466178],[22.151485734933495,65.58071879519431],[22.152051194018224,65.57960983841691],[22.15291151358687,65.57956915124527],[22.158798677154333,65.5803728236667],[22.15965900920349,65.58033209806935],[22.160322516561788,65.57957919879503],[22.160900292273208,65.5800929585663],[22.162670147996824,65.58018952024082],[22.162817815495846,65.58072364409837],[22.165779735187375,65.58040296318147],[22.16611140492961,65.58002650131849],[22.168593794115132,65.5795481081489],[22.16970042074298,65.58039752052214],[22.169404814598003,65.57932928868658],[22.171837793221293,65.57867280505279],[22.170668584558825,65.57602263089069],[22.17195883239183,65.57596144199405],[22.171761737403237,65.57524929064468],[22.17070453610796,65.574577930048],[22.169893673031567,65.5747967549593],[22.169795157594105,65.57444067766156],[22.17060601058579,65.57422185337401],[22.17045822787379,65.57368773818708],[22.171219787480794,65.5732908724978],[22.170261194656828,65.57297558427608],[22.172581607034296,65.5703402794444],[22.17243381038759,65.56980616630054],[22.173674472654806,65.56956692812916],[22.17397012022262,65.57063515132783],[22.17425227572753,65.57008063676795],[22.175972198825193,65.56999901237083],[22.17582433501468,65.56946490318197],[22.1778125488095,65.5672060064211],[22.17905303630955,65.56696672588386],[22.179715657619543,65.56621375018692],[22.181005394164654,65.5661524891869],[22.180046954277138,65.56583726138487],[22.18156930556472,65.56504343715677],[22.183239541408394,65.56478369954033],[22.183521441707217,65.56422917015969],[22.18595265907093,65.56357247683442],[22.187094196882136,65.56297706775626],[22.186995500376295,65.56262100336654],[22.18828834578201,65.56223014061501],[22.18595706,65.55381802]],[[22.17928574395126,65.56623416809428],[22.179236441226486,65.56605613292955],[22.17966635200447,65.56603571519],[22.17928574395126,65.56623416809428]],[[22.17824493850767,65.55618252136411],[22.17781518885831,65.55620293351413],[22.177765919064573,65.55602489753713],[22.17824493850767,65.55618252136411]],[[22.17506295586516,65.56986179028755],[22.174632977610564,65.56988219561245],[22.174485142050614,65.56934808484343],[22.17506295586516,65.56986179028755]],[[22.168212892263615,65.55611757499862],[22.17084064709525,65.55617328567914],[22.17088986993889,65.55635132436191],[22.16831130255155,65.55647365439802],[22.168212892263615,65.55611757499862]],[[22.170312452920314,65.55583759911119],[22.17074220363317,65.55581720824325],[22.17079142499335,65.55599524697291],[22.170312452920314,65.55583759911119]],[[22.168544534069653,65.57937006911567],[22.16811439269102,65.57939045750949],[22.168065136282294,65.57921241828511],[22.168544534069653,65.57937006911567]],[[22.167007862027763,65.57854103262316],[22.16657773288941,65.57856141653753],[22.16652848887589,65.57838337669304],[22.167007862027763,65.57854103262316]],[[22.166196844870864,65.57875983922673],[22.165766711353424,65.57878022088114],[22.165717472384628,65.5786021807249],[22.166196844870864,65.57875983922673]],[[22.165385813910987,65.57897864162214],[22.164955676014532,65.57899902101659],[22.164906442090675,65.57882098054863],[22.165385813910987,65.57897864162214]],[[22.164574769148054,65.5791974398093],[22.164144626872623,65.57921781694368],[22.16409539799395,65.57903977616404],[22.164574769148054,65.5791974398093]],[[22.152667174461047,65.55974003979713],[22.152863606307942,65.56045222244063],[22.150284531335384,65.56057425040534],[22.154091801831843,65.55859039558567],[22.154951423859742,65.55854970353657],[22.154853186588785,65.55819361380065],[22.156093470552445,65.55795452323369],[22.156621528470172,65.5582902606985],[22.157481135835766,65.5582495544315],[22.16163163698622,65.55751182365728],[22.161779128225998,65.55804595033655],[22.16005994015881,65.5581274065264],[22.160158248245843,65.55848349220102],[22.161017855316615,65.558442765862],[22.161165340337075,65.55897689319445],[22.155860168450594,65.55868705113504],[22.152667174461047,65.55974003979713]],[[22.156425013627505,65.5575780837154],[22.157714388898803,65.55751702450301],[22.160906904602154,65.5564639340272],[22.161815605126613,65.556601246317],[22.157812662172258,65.55787311203777],[22.156093470552445,65.55795452323369],[22.156425013627505,65.5575780837154]],[[22.162405600305565,65.55873775116603],[22.16250394320928,65.55909383497988],[22.16341274432338,65.55923113671214],[22.162172470801234,65.55947028711822],[22.161263667388685,65.55933297796574],[22.161165340337075,65.55897689319445],[22.162405600305565,65.55873775116603]],[[22.15645010751403,65.5671365372582],[22.15473029966627,65.56721793891192],[22.154386354750127,65.56597162525495],[22.157015090764972,65.56602756639582],[22.15645010751403,65.5671365372582]],[[22.14332032657153,65.5621661048162],[22.14036017078354,65.56248632988556],[22.142313439600503,65.56167258321355],[22.143652106448418,65.5617896910046],[22.14332032657153,65.5621661048162]],[[22.139070500707188,65.56254724417066],[22.13864060920384,65.5625675465063],[22.138591592476256,65.56238949538829],[22.139070500707188,65.56254724417066]],[[22.128957695052843,65.5796179526882],[22.1289087058041,65.57943989820568],[22.129769063305368,65.5793993420537],[22.128957695052843,65.5796179526882]],[[22.12847852594504,65.57946017446058],[22.127618164010286,65.57950072332827],[22.127569184185074,65.57932266832226],[22.12847852594504,65.57946017446058]],[[22.12713900500436,65.5793429407683],[22.126708825084904,65.57936321200032],[22.126659851788204,65.57918515663764],[22.12713900500436,65.5793429407683]],[[22.126229674024916,65.57920542648887],[22.125369316282455,65.5792459625492],[22.125320352409034,65.57906790666328],[22.126229674024916,65.57920542648887]],[[22.12307156302076,65.57881311122686],[22.12393191077878,65.57877258830692],[22.123980864490658,65.57895064473925],[22.12307156302076,65.57881311122686]],[[22.123980864490658,65.57895064473925],[22.124890175324836,65.5790881727057],[22.12402981894095,65.57912870114838],[22.123980864490658,65.57895064473925]],[[22.12264138803427,65.57883337086577],[22.12178103584656,65.5788738865014],[22.121732097347294,65.57869582921285],[22.12264138803427,65.57883337086577]],[[22.119483372599838,65.57844097991072],[22.120343714799233,65.57840047741496],[22.120392643137727,65.57857853524966],[22.119483372599838,65.57844097991072]],[[22.120392643137727,65.57857853524966],[22.121301923041045,65.57871608504301],[22.12044157221424,65.57875659306117],[22.120392643137727,65.57857853524966]],[[22.120557794776015,65.57442244732627],[22.12012768993448,65.57444269915923],[22.12007877277825,65.57426464112415],[22.120557794776015,65.57442244732627]],[[22.119053200393243,65.57846122933753],[22.118192853766477,65.57850172454899],[22.118143940640213,65.57832366585852],[22.119053200393243,65.57846122933753]],[[22.117713769115028,65.57834391147667],[22.117283596852108,65.57836415588076],[22.117234690253323,65.57818609683407],[22.117713769115028,65.57834391147667]],[[22.1168045201476,65.57820633985763],[22.115944177723303,65.57824682226261],[22.115895280546773,65.5780687626934],[22.1168045201476,65.57820633985763]]],[[[22.18110460122227,65.53628550049481],[22.181847296961514,65.53616989381105],[22.182375224181893,65.53650554278488],[22.184043635997842,65.53624581389296],[22.18543043221825,65.53654059743951],[22.184656110022498,65.53531479090378],[22.183797309384815,65.53535564361168],[22.183895837804645,65.5357117117947],[22.18212895151684,65.53561536926689],[22.18193194673378,65.5349032300296],[22.180646666820518,65.53462996954309],[22.18110460122227,65.53628550049481]]],[[[22.18224302860827,65.54040115934602],[22.182501540813913,65.54010707787648],[22.182737803088827,65.54218987507377],[22.18477560949316,65.54360648115976],[22.183491970000002,65.54491635],[22.19605069113537,65.5443173509169],[22.195563137212396,65.54327340120982],[22.19680232452053,65.54303398788161],[22.197513230191067,65.54245897355442],[22.195336269464093,65.53931583617013],[22.192942308854136,65.53852796109811],[22.18759173197047,65.53806116197833],[22.183297274925845,65.53826546447195],[22.183015619893073,65.53881999118266],[22.18188984431663,65.53912432247976],[22.18224302860827,65.54040115934602]],[[22.191534940162814,65.54130067030484],[22.191105448208045,65.54132111767512],[22.191056121647478,65.54114308655342],[22.191534940162814,65.54130067030484]],[[22.18520514505733,65.54358605132849],[22.185303730215534,65.54394211801974],[22.184874188881977,65.54396254818667],[22.18520514505733,65.54358605132849]],[[22.186212110117502,65.54407928702557],[22.18593046157172,65.54463381907023],[22.185500909441394,65.54465425112011],[22.185303730215534,65.54394211801974],[22.186212110117502,65.54407928702557]],[[22.183557591115598,65.54077836749421],[22.183656140984162,65.54113443560897],[22.183226644316704,65.5411548606681],[22.183557591115598,65.54077836749421]],[[22.183029559083902,65.5404427236736],[22.183128100216248,65.54079879221784],[22.182698608574867,65.54081921572995],[22.183029559083902,65.5404427236736]]],[[[22.233888269999998,65.56957002],[22.23425956570404,65.57089933780638],[22.237006898065328,65.5701561447502],[22.237088874862188,65.56888947691526],[22.235749467531523,65.56877320229688],[22.234740598133445,65.56828031491398],[22.237220549250747,65.56780082142566],[22.237931196213413,65.5672256199918],[22.239220817029555,65.56716386445818],[22.239799845134357,65.56767731095117],[22.241519360735104,65.567594946381],[22.24437923284088,65.56691673318485],[22.245039943923306,65.56616349066911],[22.246429014870287,65.56645769285143],[22.251686803715604,65.56656633163878],[22.253836047994447,65.56646320566927],[22.25454628789016,65.5658879302673],[22.256215801560604,65.56562739512228],[22.256365286528034,65.56616140968569],[22.25522523012427,65.56675732609611],[22.255374702613903,65.56729134175528],[22.25456480266195,65.56751061026243],[22.254813913365645,65.56840063745892],[22.25400397447252,65.56861990334596],[22.254203256445454,65.56933192593368],[22.253162647239144,65.5702838398924],[22.253081453962512,65.57155050873982],[22.25232121804731,65.57194777274317],[22.252850794207355,65.57228315949115],[22.25204071898884,65.57250241620531],[22.25185983789683,65.57341307216376],[22.2548197289595,65.5730906709236],[22.255579958406134,65.57269339444805],[22.255330772011654,65.57180336927284],[22.257050500606944,65.57172082632187],[22.258950846801397,65.57072760220552],[22.25870156794903,65.56983758346776],[22.257841770456743,65.56987886610366],[22.257642384014495,65.56916684932553],[22.25893204445684,65.56910492558845],[22.26083213179611,65.56811168038276],[22.264700908717845,65.56792579675948],[22.267130339511745,65.56726781829686],[22.267030529950528,65.56691181718877],[22.268369964929207,65.56702781493378],[22.2703194619816,65.56621245567713],[22.26973987194415,65.56569913138868],[22.273458380230153,65.56497903039187],[22.278725885160977,65.56201940462735],[22.279585383430632,65.56197800638576],[22.277566596531397,65.560992819214],[22.275797703835597,65.56089759014215],[22.27422857976949,65.56151433189218],[22.273269218154617,65.5611997032513],[22.269301699879957,65.56102979566374],[22.255549551972088,65.56169065005076],[22.248342941117468,65.56239724025535],[22.237896253795913,65.56398023567863],[22.237135996330064,65.56437742369741],[22.23503652435209,65.56465832509569],[22.23399538312021,65.5656101125577],[22.230077037302305,65.56561719594337],[22.229316611660707,65.566014346342],[22.223877153796774,65.56681556121892],[22.219826213029503,65.56791103224974],[22.215626254432962,65.56847233587368],[22.21577492723557,65.56900639828056],[22.21754419268105,65.5691023247808],[22.218982707057787,65.5695747999338],[22.219177149189548,65.57027290564736],[22.233888269999998,65.56957002]],[[22.269789792051483,65.56587713090957],[22.268930146429383,65.5659184749972],[22.268880232097825,65.56574047513654],[22.269789792051483,65.56587713090957]],[[22.2681621639545,65.5616258043628],[22.26859191709198,65.56160513578938],[22.268641819899322,65.56178313586179],[22.2681621639545,65.5616258043628]],[[22.268641819899322,65.56178313586179],[22.26912148161798,65.56194046578493],[22.268691723458666,65.56196113591027],[22.268641819899322,65.56178313586179]],[[22.26650088703343,65.56657648065739],[22.26607104991684,65.5665971441175],[22.265971257925145,65.56624114213838],[22.26650088703343,65.56657648065739]],[[22.25760496416537,65.5659214939153],[22.257175129346177,65.56594213210774],[22.257125295247242,65.56576412759244],[22.25760496416537,65.5659214939153]],[[22.256545973439202,65.56525075020465],[22.25611614867057,65.56527138529378],[22.256066323351977,65.56509338034367],[22.256545973439202,65.56525075020465]]],[[[22.236514648931447,65.57897301670029],[22.237012185978706,65.57953627421489],[22.237293074933753,65.57898165482385],[22.236514648931447,65.57897301670029]]],[[[22.13074822,65.51134226],[22.10748861177877,65.51245317507109],[22.105966945794364,65.513246248153],[22.104679610371594,65.51330684722248],[22.1047769599525,65.51366297809338],[22.103967391287895,65.51388143781608],[22.0984373637259,65.51432195074506],[22.097773609440416,65.51507458163043],[22.096915311198593,65.51511493644993],[22.0963402973086,65.51460090617641],[22.094477901148586,65.51414738639694],[22.09271275584495,65.51404998326063],[22.09208925992357,65.51335786566028],[22.086178528987254,65.5139961640811],[22.085036727130387,65.51459081478455],[22.084178421044598,65.51463109740057],[22.082704438097338,65.5156020179169],[22.081846094444064,65.51564228765741],[22.079991291233704,65.51681139077894],[22.07703541274581,65.51713033736205],[22.07626678951446,65.51590392292111],[22.075311464513998,65.51558800286527],[22.07434909328544,65.51364926987138],[22.076494818114757,65.51354869403436],[22.078017414640144,65.51275590862768],[22.077920433915253,65.51239975701763],[22.07877867834393,65.51235951050495],[22.0786816890187,65.51200335946388],[22.080536221674112,65.51083427493121],[22.079808744490776,65.50816314952418],[22.078376136537287,65.50768929705117],[22.07665995003637,65.50776977774336],[22.07632067323022,65.50652324221488],[22.077559279917374,65.50628481087804],[22.078223413127198,65.50553226502271],[22.080608840220687,65.5046848771764],[22.06952270801459,65.50520459768637],[22.0675947480826,65.50639109233435],[22.067933606575902,65.50763765144255],[22.069940364479514,65.50862574394466],[22.069179069780738,65.50902209789152],[22.069372765573117,65.50973441482745],[22.067801656223157,65.51034903438439],[22.068043745695565,65.51123943299511],[22.067185518105422,65.51127961842859],[22.067282347475068,65.51163577837245],[22.068189008121802,65.51177367188708],[22.06733076325266,65.51181385831008],[22.066617749893513,65.51238828055567],[22.067337388588843,65.51343666959937],[22.066144077230618,65.51349253379975],[22.068274357002334,65.5213280705877],[22.06946856617429,65.52127216240775],[22.068301294259225,65.5214271504692],[22.068710096469832,65.52293079557849],[22.071815752834357,65.52350676949068],[22.074391606538935,65.52338610854568],[22.074585573192437,65.5240984160826],[22.07382391132481,65.52449479685527],[22.07253593148846,65.52455512848306],[22.072203559448923,65.52493139212396],[22.073159196878198,65.52524732878103],[22.072875310555222,65.5258016712496],[22.07435733248751,65.52645364382052],[22.074024964281985,65.52682991141717],[22.075936447029637,65.52746175367945],[22.08108886251854,65.52722024083626],[22.083900136815597,65.52636698521374],[22.09415562176487,65.52570517936029],[22.096059031135628,65.52471397156114],[22.096382576962153,65.52271486701373],[22.098148322622844,65.52281222153833],[22.098480291319202,65.52243590479142],[22.10325088709022,65.52239189775398],[22.107455221956496,65.52345654087449],[22.109933406558742,65.52297914877292],[22.10983594471836,65.52262302233929],[22.110694465590328,65.5225825920588],[22.111738527598302,65.52163162521681],[22.115552919248923,65.5212715427459],[22.11588461595498,65.52089519043156],[22.116743068714694,65.5208547264805],[22.116645523590652,65.52049860522938],[22.118313614270665,65.5202396041305],[22.118167269724403,65.51970542400424],[22.119357306053004,65.51928858825424],[22.118684193867814,65.5184185287383],[22.119825376221275,65.51782363008752],[22.118810840633518,65.5157071535162],[22.119337538191267,65.51604303415449],[22.12153204467732,65.51611987907164],[22.123004587515787,65.5151485942165],[22.123569998104625,65.5140397435493],[22.12485731665054,65.51397898385126],[22.126339921410576,65.51463044153533],[22.126573731095487,65.51389795397503],[22.127383103904037,65.51367937514662],[22.128338970284783,65.51399496100497],[22.13139689006933,65.51370586178656],[22.13074822,65.51134226]],[[22.069704029125003,65.52053974723147],[22.069274764430972,65.5205598467102],[22.069226315818355,65.5203817677286],[22.069704029125003,65.52053974723147]],[[22.068472858397794,65.51121933846248],[22.068521281357707,65.51139741795106],[22.068092165775713,65.51141751264862],[22.068472858397794,65.51121933846248]]],[[[22.085756457297656,65.61265393884669],[22.089007574544812,65.61197538741574],[22.090153444710054,65.61138066856769],[22.0900070597372,65.6108464621649],[22.09172999542503,65.61076576558828],[22.092436105372453,65.60981122977087],[22.088712486897332,65.59621883193475],[22.0862521139536,65.59713509349433],[22.085780963241326,65.59859997572563],[22.07630897958431,65.59904315381966],[22.074253525780357,65.5994999444906],[22.07277452406343,65.60047081509765],[22.07153142575214,65.60070924977322],[22.07235848867963,65.6037365419995],[22.071497218897935,65.6037767808529],[22.071212531103672,65.60433112729746],[22.072178407695937,65.6062698446936],[22.067635448453483,65.60720340736707],[22.06586403824734,65.60710575067338],[22.06366869437222,65.60865097865323],[22.06237652020216,65.6087112636235],[22.06184860151723,65.60837519670875],[22.060077129111765,65.60827747302385],[22.058069225266287,65.6089121344768],[22.057402023495932,65.60966461999972],[22.058367093399163,65.6116034328023],[22.059374404420065,65.61209750780854],[22.061048939162184,65.61183907731584],[22.061625523202988,65.6123532261681],[22.059950961647537,65.61261166327665],[22.059856297956454,65.6138635871258],[22.085756457297656,65.61265393884669]],[[22.091916694702114,65.60985524809011],[22.09186789035291,65.60967717995814],[22.092298604274912,65.60965700255446],[22.091916694702114,65.60985524809011]]],[[[22.008895349013777,65.5170483200441],[22.011685910355048,65.51657273697238],[22.012400258274706,65.51599856122226],[22.01073132139897,65.51625640217972],[22.010398148619814,65.5166325375433],[22.006916070166984,65.5166138494507],[22.00375463165412,65.51728747119395],[22.008895349013777,65.5170483200441]]],[[[22.042838915282555,65.50645247271692],[22.04232469284703,65.50578464415977],[22.042509669999998,65.50646786],[22.042838915282555,65.50645247271692]]],[[[22.06371306227484,65.50454979939347],[22.063581912873342,65.50441481186857],[22.06363028728159,65.50459289340269],[22.06371306227484,65.50454979939347]]],[[[22.081837842278116,65.49560988146695],[22.08265475713144,65.49468366839507],[22.08198354151635,65.49381342723123],[22.08060016321923,65.49351766319087],[22.080357844379293,65.49262728670516],[22.081904375721614,65.49157972777765],[22.08145856294086,65.48994178556127],[22.07844162091649,65.49037267076392],[22.07458973992107,65.49217651008287],[22.073303354174058,65.4922368329738],[22.072687805552587,65.49316743398104],[22.07149817180971,65.49358389874983],[22.07093093125367,65.49469257224644],[22.06791698135,65.49626244089332],[22.081837842278116,65.49560988146695]]],[[[22.08422193015024,65.50009111665359],[22.086966362226516,65.49935067994872],[22.08672376125799,65.49846031644856],[22.085865987928027,65.49850060352848],[22.085340082146036,65.49816459870148],[22.08371792261562,65.49824076769458],[22.08422193015024,65.50009111665359]]],[[[22.09651484165363,65.49491991112647],[22.097242899685483,65.49562125218048],[22.098529385101795,65.49556072458581],[22.098506102901993,65.49482627866189],[22.09651484165363,65.49491991112647]]],[[[22.086752954525487,65.49537893153455],[22.086950779745905,65.49610508103979],[22.088811743966286,65.49655870736963],[22.090955998832158,65.496457940474],[22.090858914880627,65.49610179809066],[22.092096892280377,65.49586325369995],[22.0933564092547,65.4950684259484],[22.086752954525487,65.49537893153455]]],[[[22.251952484209227,65.69824320379594],[22.25253484680452,65.69875656890049],[22.253398930447638,65.69871527493495],[22.2531984707333,65.6980032632549],[22.251952484209227,65.69824320379594]]],[[[22.23874035428903,65.6153517132286],[22.238409325148833,65.61572832752506],[22.243096863047796,65.61532372773421],[22.23874035428903,65.6153517132286]]],[[[22.25190237918214,65.69806520032883],[22.251520449253235,65.69826384721762],[22.251952484209227,65.69824320379594],[22.25190237918214,65.69806520032883]]],[[[22.45978265539261,65.8532833385663],[22.459730748768667,65.85310542207927],[22.459296317020144,65.85312667908067],[22.45978265539261,65.8532833385663]]],[[[22.457792831525467,65.86005755989513],[22.457046854271827,65.85901130827837],[22.455256822911622,65.85891838418745],[22.45449152176347,65.85931671052697],[22.453375884769894,65.86153670428945],[22.451254842421672,65.86182081362068],[22.451358581401394,65.86217665305222],[22.449827643307366,65.86297326609848],[22.44975606490145,65.86423993932017],[22.45062532223067,65.86419747452547],[22.45116369740956,65.86453207976565],[22.452694683526634,65.86373545287313],[22.45259091849286,65.86337961459995],[22.457792831525467,65.86005755989513]]],[[[22.44963993292086,65.86081699109046],[22.449743644679508,65.86117283188076],[22.450178221891342,65.8611516006335],[22.44963993292086,65.86081699109046]]],[[[22.247168601757494,65.69991488755693],[22.245972534019117,65.70033278591362],[22.246072673883894,65.70068879740484],[22.24775090987346,65.70042827149526],[22.24831454735512,65.69931897531029],[22.24745043381441,65.69936024067596],[22.247168601757494,65.69991488755693]]],[[[22.141561438035666,65.46719628177686],[22.142038584771356,65.46735403835754],[22.14198976020881,65.4671759863128],[22.141561438035666,65.46719628177686]]],[[[22.18654610625672,65.57671190053698],[22.184790617776034,65.57823834538155],[22.18493872554231,65.5787724434176],[22.189007327723587,65.5793006009873],[22.188908530431874,65.57894453886726],[22.18971935506911,65.57872561258242],[22.189324155372564,65.57730136566127],[22.188315809256405,65.57680816416793],[22.18654610625672,65.57671190053698]]],[[[22.172290416120152,65.59290096877046],[22.172819416460744,65.59323664055383],[22.17368014719258,65.59319583152546],[22.175204253868287,65.59240205454917],[22.176876301947082,65.5921423696989],[22.177158602963797,65.59158784842904],[22.178019270967965,65.59154701536842],[22.17744089255763,65.5910333267408],[22.178301541693475,65.590992492259],[22.17810413590599,65.59028035225327],[22.179395069268857,65.59021909343832],[22.17914828534613,65.5893289204214],[22.17995951456119,65.58911004248156],[22.179860796110457,65.58875397373504],[22.180721365313723,65.588713126284],[22.179007936966975,65.58410465271795],[22.180150512832295,65.58350928606401],[22.180051817381432,65.58315321720296],[22.18162450957535,65.58253741739593],[22.18142709023002,65.58182528179674],[22.18056674997857,65.5818661310503],[22.180037890894653,65.58153048490786],[22.178796724933527,65.58176978002493],[22.178895396898756,65.58212584993393],[22.177322662778007,65.58274162182629],[22.177139105742658,65.58365221379873],[22.176328019809887,65.583871075275],[22.17374675841731,65.58399352385567],[22.17278773348189,65.58367825581551],[22.171335856478986,65.58158260364192],[22.170475505164067,65.58162339571425],[22.168951865317695,65.5824171207352],[22.16905040562803,65.58277319831609],[22.167809074647536,65.58301240502949],[22.168879795021226,65.58530652296767],[22.168216400863102,65.58605945857383],[22.169126181885886,65.58619671654414],[22.17086055961787,65.58773787831805],[22.17105774401002,65.58845002989914],[22.170345043955162,65.58902493702513],[22.17168524016225,65.58914178227204],[22.173173389811158,65.58979272663322],[22.173038967342606,65.59088135229989],[22.171895910452886,65.59147666992826],[22.171994532405087,65.59183274477971],[22.170421055484255,65.59244845214837],[22.170568965926183,65.5929825660518],[22.172290416120152,65.59290096877046]]],[[[22.18228742750381,65.5817844276877],[22.184290140192793,65.5811481727545],[22.186440908321938,65.58104598841496],[22.186772283734133,65.58066948419243],[22.18763257270731,65.580628600205],[22.188196479195444,65.57951952369184],[22.185897709135133,65.57908763497736],[22.184607345979536,65.5791489436767],[22.183514423230417,65.57992237433805],[22.179939206029992,65.58117441586532],[22.180037890894653,65.58153048490786],[22.18228742750381,65.5817844276877]]],[[[22.185345951998624,65.53780726151348],[22.185099563170102,65.53691709396757],[22.184536344863663,65.53802615269262],[22.185345951998624,65.53780726151348]]],[[[22.184296787490414,65.54344887606287],[22.183867253326213,65.54346930330303],[22.183916536137747,65.54364733718731],[22.184296787490414,65.54344887606287]]],[[[22.15249286966566,65.61277703128157],[22.15358805906787,65.61200380290633],[22.156172214687146,65.61188166990634],[22.156799919223612,65.61257348173682],[22.1581412837886,65.61269043550125],[22.159433386164242,65.6126293354862],[22.16009767364658,65.61187642993687],[22.16143901522004,65.61199335476222],[22.16362872538344,65.61044676733906],[22.163050186457312,65.609933025445],[22.160896919115284,65.61003490177008],[22.16031844335354,65.6095211488499],[22.16078553608786,65.60805607495264],[22.161929561724953,65.60746083189476],[22.1654237339337,65.60747583469157],[22.166432878095776,65.60796918069191],[22.169016560070116,65.60784683342054],[22.16891790565869,65.60749075699508],[22.170541647569788,65.6070530940061],[22.1703936412,65.60651898106535],[22.171967953349238,65.60590326602758],[22.172151805721718,65.60499267765869],[22.173394134815812,65.60475342581866],[22.17324608565916,65.60421931606193],[22.174008471625214,65.60382242851156],[22.175752511213307,65.60067335265546],[22.175555086608966,65.5999612095721],[22.17396759664892,65.59895422207981],[22.17362222441952,65.59770796626555],[22.17132205660507,65.59727586998396],[22.171124784322387,65.59656371964839],[22.16945239280397,65.596823344352],[22.16921918112247,65.59755589168408],[22.168407598135442,65.59777471552671],[22.16947905353733,65.60006882185884],[22.168631375258094,65.60173234849394],[22.16629477730286,65.60274488056784],[22.16543371670341,65.6027856508295],[22.164720514659443,65.60336053625768],[22.163428887617712,65.60342167675516],[22.162285069910357,65.6040169291506],[22.162383617649468,65.60437301092317],[22.16085842892037,65.60516666929102],[22.159997277890444,65.60520740955131],[22.15852121912792,65.60617908742276],[22.156368241154016,65.60628089668843],[22.15522413608549,65.60687609856451],[22.153932307582696,65.6069371601083],[22.151077845361232,65.60923648101974],[22.15127468463159,65.60994866147404],[22.150327128731174,65.6112560093555],[22.147275121174072,65.61284308370603],[22.144789167373975,65.61332116161032],[22.14412439708161,65.61407400470819],[22.145564152627795,65.61454716470737],[22.147717865983942,65.61444550178018],[22.148431740418175,65.61387068995468],[22.1492932001701,65.61383001241346],[22.149194788469504,65.6134739208708],[22.15249286966566,65.61277703128157]]],[[[22.172630874068783,65.57051831711213],[22.172778679629175,65.57105242997439],[22.173589402476658,65.57083359096926],[22.17339230972081,65.57012144168709],[22.172630874068783,65.57051831711213]]],[[[22.172348679567992,65.57107282902605],[22.17239794668212,65.57125086676756],[22.172827949635014,65.57123046754819],[22.172348679567992,65.57107282902605]]],[[[22.171837664512765,65.59598880716204],[22.17140725159126,65.59600920751348],[22.171456569210502,65.5961872450352],[22.171837664512765,65.59598880716204]]],[[[22.171111361505172,65.59494098189003],[22.171209988556956,65.59529705719176],[22.171640389887497,65.59527665751169],[22.171111361505172,65.59494098189003]]],[[[22.170278399042985,65.58091124257874],[22.170376950617015,65.58126731919343],[22.17080712085759,65.58124692409966],[22.170278399042985,65.58091124257874]]],[[[22.170138601517564,65.59300296233579],[22.170187903589056,65.5931810004244],[22.170618270894817,65.59316060397266],[22.170138601517564,65.59300296233579]]],[[[22.169954739676218,65.59391354845262],[22.17010265059088,65.5944476627994],[22.17053303892191,65.5944272663877],[22.169954739676218,65.59391354845262]]],[[[22.164114612466612,65.62323027854804],[22.16454548299957,65.62320989451543],[22.16449615089398,65.62303185492902],[22.164114612466612,65.62323027854804]]],[[[22.15849758778743,65.47198430615515],[22.158069202419913,65.47200464905318],[22.158118147243606,65.47218269471428],[22.15849758778743,65.47198430615515]]],[[[22.155333499550547,65.5204735433556],[22.15490431599913,65.52049388502114],[22.15495334902084,65.520671930771],[22.155333499550547,65.5204735433556]]],[[[22.151484700732876,65.59334471750516],[22.151472518439984,65.59172196612631],[22.14697230658022,65.59121314337777],[22.145250872459023,65.59129445301537],[22.14539825851024,65.59182859647379],[22.142593733771633,65.59430579807218],[22.142839324289124,65.59519604187358],[22.14547100945391,65.59525215505386],[22.151484700732876,65.59334471750516]]],[[[22.1491072331181,65.62736650141807],[22.14877474720331,65.62774293370266],[22.150449336058443,65.62748351612639],[22.150781794330015,65.62710708043637],[22.1491072331181,65.62736650141807]]],[[[22.147912825284347,65.627783612709],[22.14796205464596,65.62796165865467],[22.148823982377454,65.62792097931334],[22.147912825284347,65.627783612709]]],[[[22.147100123938866,65.62800233312936],[22.147149348231686,65.62818037938666],[22.148011284751455,65.62813970457701],[22.147100123938866,65.62800233312936]]],[[[22.14628740873661,65.6282210493296],[22.14633662796042,65.62839909589844],[22.147198573268327,65.62835842562056],[22.14628740873661,65.6282210493296]]],[[[22.145905654190813,65.62841942921234],[22.145954871251885,65.62859747592528],[22.146385847927988,65.62857714244394],[22.145905654190813,65.62841942921234]]],[[[22.145573108730346,65.628795855047],[22.145523893832067,65.62861780818994],[22.144661936761395,65.62865846906907],[22.145573108730346,65.628795855047]]],[[[22.14169425233145,65.62897879218268],[22.141743441813432,65.62915684052304],[22.14476035567529,65.62901456342956],[22.14169425233145,65.62897879218268]]],[[[22.140450467578873,65.62921779816872],[22.140401286817195,65.62903974932637],[22.139970296825986,65.62906006594068],[22.140450467578873,65.62921779816872]]],[[[22.140068653278938,65.62941616393681],[22.140019474680887,65.62923811495044],[22.139588481039727,65.62925843051532],[22.140068653278938,65.62941616393681]]],[[[22.139686833165275,65.62961452879942],[22.13963765673093,65.62943647966902],[22.138775661405525,65.62947710748305],[22.139686833165275,65.62961452879942]]],[[[22.138874003389603,65.6298332063897],[22.13882483202603,65.62965515694806],[22.137962827914507,65.62969578022944],[22.138874003389603,65.6298332063897]]],[[[22.13806115975666,65.6300518797586],[22.138011993464087,65.62987383000569],[22.137580987386805,65.62989413998841],[22.13806115975666,65.6300518797586]]],[[[22.136768130574755,65.63011280655807],[22.136817288888988,65.6302908567895],[22.137679314900815,65.6302502398055],[22.136768130574755,65.63011280655807]]],[[[22.12996504789356,65.58011155851028],[22.13039523711532,65.58009127794612],[22.13034623696472,65.57991322403362],[22.12996504789356,65.58011155851028]]],[[[22.019194099084995,65.41397452219567],[22.01914622808138,65.41379642145256],[22.018718663365895,65.41381636123496],[22.019194099084995,65.41397452219567]]],[[[22.013114575222783,65.51542438238832],[22.01316263019017,65.51560248303349],[22.01359186535082,65.51558254306097],[22.013114575222783,65.51542438238832]]],[[[22.012733394306235,65.51562242179477],[22.012781447114694,65.51580052258106],[22.01321068588086,65.51578058365605],[22.012733394306235,65.51562242179477]]],[[[22.012829500646426,65.51597862334476],[22.012352207625252,65.51582046029486],[22.012400258274706,65.51599856122226],[22.012829500646426,65.51597862334476]]],[[[21.992830160147538,65.50464396625767],[21.992782268071615,65.50446585758819],[21.992353196345537,65.50448573696312],[21.992830160147538,65.50464396625767]]],[[[21.994117379642216,65.50458432037931],[21.995308774659808,65.50416844820171],[21.994688094324847,65.5034759029483],[21.99540247804011,65.50290180703826],[21.993734194093374,65.50315945430997],[21.993544615852098,65.5040698784525],[21.992782268071615,65.50446585758819],[21.994117379642216,65.50458432037931]]],[[[21.964462602349997,65.51064392361465],[21.9640334032021,65.5106637238324],[21.96408111301986,65.51084184329679],[21.964462602349997,65.51064392361465]]]]}}]}