{"type":"FeatureCollection","properties":{"source":"SMHI SE.SR Ytansamling av alger","date":"2025-09-23","note":"Test: SMHI WFS clipped to Lulea municipal sea area and simplified 20 m."},"features":[{"type":"Feature","properties":{"cyano_daymap_file_id":723699,"date":"2025-09-23Z","cloud":null,"sub_surfac":null,"surface":null,"no_data":null,"class":1,"color_hex":null,"algae_class":"class_1","source_date":"2025-09-23"},"geometry":{"type":"Polygon","coordinates":[[[22.454881779999997,65.50469505],[22.45233075,65.49579869],[22.495176229999995,65.49367486999999],[22.4926128,65.48477930999998],[22.47119818,65.48584229000001],[22.468643819999997,65.47694623999999],[22.51145684,65.47481812999999],[22.508890100000002,65.46592288000001],[22.44468914999999,65.46910921999999],[22.447234440000003,65.47800577000001],[22.40440993,65.48011579],[22.406942809999997,65.48901314999999],[22.42836318,65.48795921],[22.430905130000003,65.49685607],[22.4094776,65.49791044],[22.412014289999995,65.50680766999999],[22.454881779999997,65.50469505]]]}},{"type":"Feature","properties":{"cyano_daymap_file_id":723699,"date":"2025-09-23Z","cloud":null,"sub_surfac":null,"surface":null,"no_data":null,"class":1,"color_hex":null,"algae_class":"class_1","source_date":"2025-09-23"},"geometry":{"type":"MultiPolygon","coordinates":[[[[22.35127830914841,65.78942538977235],[22.354812993665174,65.78855746465689],[22.35417329391483,65.78928491538079],[22.399218136326933,65.78709918822135],[22.399071879899896,65.78659215145379],[22.40065134380085,65.78597401608454],[22.402766777149502,65.78569066316987],[22.40286947928306,65.78604654542839],[22.40378755142487,65.78618231254531],[22.403614400671,65.78688586669855],[22.448282920000004,65.78471839999999],[22.443120650000004,65.766926],[22.464769530000005,65.76586464999998],[22.46218401,65.75696879],[22.483823599999997,65.75590482],[22.481232709999997,65.74700934],[22.50286301,65.74594276],[22.50026678,65.73704766],[22.521887800000002,65.73597847],[22.518876232536297,65.72567410555446],[22.518296022040683,65.72552236659675],[22.5188560091269,65.7256049092362],[22.51408899,65.7092941],[22.42768076,65.71354729],[22.4302492,65.7224439],[22.40863497,65.72350001],[22.40699976035408,65.71781952176892],[22.402583502238752,65.71803492244509],[22.401082133555185,65.71738636450705],[22.399836668970874,65.71762751098746],[22.39823308204224,65.7166230358955],[22.39693648006935,65.71668621386154],[22.39678304715848,65.7161523783782],[22.395003137670905,65.71605865059348],[22.394849749117583,65.71552481272738],[22.395641849483486,65.71511113684682],[22.38446496,65.71565559],[22.38701879,65.72455306999998],[22.379707623453246,65.72490817958106],[22.380113291813,65.7252635082893],[22.380978013434092,65.72522148332772],[22.381308256777523,65.72484456660877],[22.38395343864159,65.7248964073603],[22.383725383849896,65.72562922996856],[22.385863559640576,65.72696872956736],[22.384896614885754,65.72665488332834],[22.384031853011482,65.72669693094522],[22.384134015593244,65.72705283107287],[22.381921001056167,65.72697997956789],[22.381362601336658,65.72808971766752],[22.380014318738365,65.72797480628086],[22.379251604862358,65.728372730676],[22.37945581750156,65.72908453837037],[22.378107490171562,65.72896961052864],[22.37647985045281,65.7294095316719],[22.375029468438978,65.72893867025478],[22.373299750298713,65.72902265034124],[22.373222068353517,65.72722211413722],[22.374366223006977,65.72662527061617],[22.374162173784956,65.72591345450341],[22.378002510138046,65.72554650188486],[22.378476913587416,65.72496795620661],[22.36540068,65.72560308],[22.36794913,65.73450093],[22.34632177,65.73554832],[22.343780629999998,65.72665004],[22.31524386818444,65.72802570958305],[22.315733463963543,65.72855861077923],[22.31659842110341,65.72851694933236],[22.316929652468122,65.72814016293357],[22.317895851056512,65.72845444800225],[22.317564630151026,65.72883123640202],[22.318429592857417,65.72878956449648],[22.319115267842484,65.72965860720848],[22.321047855990095,65.73028714161877],[22.322727195218484,65.73002577795272],[22.322828529948584,65.73038172708009],[22.323693534297835,65.73034002486241],[22.32471057855672,65.73083223920072],[22.325575594321048,65.73079052617877],[22.32494035267421,65.73009948868531],[22.32580534348492,65.73005777459858],[22.325906720730377,65.73041372126599],[22.326721025313606,65.73019402862792],[22.327254917300486,65.73052911272254],[22.32806921357561,65.7303094129531],[22.327917104956352,65.72977549549958],[22.327001432204064,65.72963924857703],[22.327281827683088,65.72908446811869],[22.32738322065687,65.72944041365216],[22.328782079151647,65.72973376465899],[22.328984915596802,65.73044565316961],[22.33173207806548,65.73085434022407],[22.332468994402994,65.73190128879034],[22.33381729515634,65.73201662112112],[22.333486266066206,65.73239344229553],[22.33412179468349,65.73308444134274],[22.333307465546053,65.73330417380248],[22.333510460281055,65.73401605474267],[22.33490963643824,65.73430934636667],[22.335977820467914,65.73497945136265],[22.334298304165632,65.73524096290541],[22.334450583246433,65.73577487232237],[22.333636173351728,65.7359946073186],[22.334221038834908,65.73650763495039],[22.333075512431545,65.73710418983747],[22.33327853668514,65.73781607079202],[22.3323625494687,65.7376798591608],[22.331216928730946,65.73827640097316],[22.331521409578254,65.7393442265513],[22.334931768283692,65.73899921036148],[22.33483022626509,65.73864327131076],[22.336713087401506,65.73909362717639],[22.33686544366384,65.73962753342485],[22.335567508243077,65.73969020131582],[22.335006859559435,65.7407997908131],[22.337984701895095,65.74047559025358],[22.3378831108627,65.74011965371434],[22.340911650602113,65.73997336514205],[22.34162448088111,65.73939765707962],[22.344500396133157,65.73871739823636],[22.34429705436932,65.73800553532637],[22.34483133879206,65.73834055396172],[22.34612917941406,65.73827780802552],[22.347274448745477,65.73768115742958],[22.349488314182004,65.73775450441885],[22.349717432456035,65.73702172291868],[22.35213478942488,65.73780688565071],[22.350887868969433,65.73804764552507],[22.350989629246715,65.73840357174656],[22.349793542303853,65.73882228619512],[22.349997043150616,65.7395341402214],[22.349131782325628,65.73957599437941],[22.348800888236738,65.73995284752883],[22.349487897514443,65.74082174040005],[22.35030231757178,65.740601920524],[22.350454965201298,65.74113581034369],[22.351320275658765,65.74109394818673],[22.351574733103135,65.74198376233244],[22.35076028130048,65.74220358931983],[22.35086205950889,65.74255951544866],[22.34999669909613,65.74260137548478],[22.348672972100342,65.74410879272574],[22.347476587030204,65.74452749185076],[22.34778182828797,65.74559527750992],[22.345669013939407,65.74587784233047],[22.34510868289655,65.74698746591487],[22.34200246482309,65.74840051787257],[22.342104151769004,65.74875645072638],[22.33866638700115,65.75054627880628],[22.33925169834289,65.75105928278147],[22.34136500975099,65.75077680219064],[22.340320712772485,65.75172934924993],[22.341745737921233,65.75364517329194],[22.340447112537532,65.75370788943688],[22.339071449890593,65.75503726672969],[22.338205648546722,65.7550790640172],[22.332856106461225,65.75786308892614],[22.33199019830344,65.75790485191918],[22.330894486139808,65.75867937004695],[22.32839820621842,65.7591605551339],[22.328499756646327,65.75951649836458],[22.327302333302995,65.75993504897173],[22.328219093620714,65.76007128358077],[22.32798919428118,65.7608040401658],[22.326409453532197,65.76142142527159],[22.32651098724372,65.76177736998528],[22.325695697645997,65.76199707096252],[22.325465712219994,65.7627298245622],[22.323987302013574,65.76370313184617],[22.32469794455873,65.76619475558348],[22.323882501217323,65.76641444833385],[22.323347881871413,65.76607935946284],[22.322048577439595,65.76614192529682],[22.317178900042066,65.76908255771761],[22.315063813207175,65.76936471977142],[22.314298887804764,65.7697623397652],[22.31294867852064,65.76964685293247],[22.31141872140613,65.77044206886814],[22.31152009108718,65.77079802512289],[22.310653707600153,65.77083967141377],[22.31037254855849,65.77139442847256],[22.296942913967758,65.77203929807035],[22.295794973806665,65.77263559546287],[22.29449525918389,65.77269793031171],[22.294646980754354,65.77323188471448],[22.295564056839083,65.77336831275024],[22.294264304649417,65.77343064598911],[22.293498934807584,65.7738281658244],[22.293802359619256,65.77489607662986],[22.29471949130986,65.77503250921382],[22.29313807928323,65.77564956528096],[22.294055234754627,65.7757860016333],[22.294156390186725,65.77614197146472],[22.294972399678084,65.77592243237751],[22.295990756073422,65.77641482587285],[22.295810409183346,65.77732552787339],[22.29726216100809,65.77779713058023],[22.298100361484778,65.77920021164924],[22.29993498633252,65.77947301611938],[22.30003624026155,65.77982898109943],[22.303503045410228,65.77966259561421],[22.304037702518215,65.77999775370516],[22.305821774944388,65.78009250547318],[22.306407144169647,65.78060563498195],[22.30722318479826,65.78038603003172],[22.3080113303252,65.78161107101468],[22.30969412951214,65.78134981797785],[22.30999833104063,65.78241768904053],[22.31139991451008,65.78271117354412],[22.31660055233909,65.78246117405742],[22.31818179716003,65.78184387626231],[22.319481903555705,65.78178133570144],[22.319813733512614,65.78140453735503],[22.321113813012502,65.7813419831371],[22.321012261159346,65.78098603503012],[22.323179015498106,65.78088175523963],[22.32389332810469,65.78030611603279],[22.330444157813503,65.78017103440982],[22.330901733636885,65.78177276638671],[22.33202271010145,65.78262085037329],[22.331792754496675,65.78335361317376],[22.330925988793354,65.78339537836156],[22.330899399960135,65.78484002021102],[22.331715356271662,65.78462028500279],[22.331613642625197,65.78426434551871],[22.332913831806547,65.78420168963608],[22.332378713868774,65.78386663726364],[22.33324549257684,65.78382486369318],[22.33378062072995,65.78415991292582],[22.334596530315505,65.78394016274872],[22.3356159558735,65.78443228118653],[22.337528444458197,65.78343795497213],[22.338446099893105,65.78357411942609],[22.34040932794414,65.78275772567572],[22.34214277646363,65.78267408335701],[22.34285670719024,65.78209835900367],[22.345788243202033,65.7815959960419],[22.346119682409196,65.78121914423083],[22.346986345396978,65.78117729366515],[22.347317761864684,65.78080043946801],[22.349000084413827,65.78053875725229],[22.35096274374948,65.77972223309423],[22.355627002765704,65.77913592565535],[22.35659560955653,65.77944994170385],[22.356621474224195,65.78107253398942],[22.355092232874718,65.78186818121718],[22.354225562498872,65.78191007792887],[22.35399624635541,65.7826428680216],[22.352747195554915,65.78288366366627],[22.351753083175574,65.78401425817142],[22.34930576064001,65.78467376708352],[22.347776081137088,65.78546934513668],[22.347878023507157,65.78582527162885],[22.34701120610338,65.78586712874727],[22.347113139809938,65.78622305583364],[22.346246307546892,65.78626490874697],[22.346348232589257,65.78662083642745],[22.345098915604837,65.78686157197556],[22.344869302590975,65.7875943511788],[22.343237422876097,65.7880339576728],[22.342344586393423,65.78952042673782],[22.3409494949441,65.78992657855495],[22.35127830914841,65.78942538977235]],[[22.372738662824403,65.72706515098362],[22.373171061342727,65.7270441597001],[22.373222068353517,65.72722211413722],[22.372738662824403,65.72706515098362]],[[22.434089620598847,65.72696137514912],[22.434264824857166,65.72605056143708],[22.437569032553622,65.72534741945529],[22.43810423730262,65.72568210149022],[22.437291057002618,65.725902378662],[22.437064514941106,65.72663526614866],[22.43803207423327,65.72694877485128],[22.438186435497315,65.72748255953262],[22.437476101326407,65.72805869466231],[22.434830541759705,65.72800778786618],[22.434243900595256,65.72749516462437],[22.43543806275142,65.72707580593396],[22.434089620598847,65.72696137514912]],[[22.399573451933076,65.78223722857511],[22.398655542548095,65.78210143451014],[22.399522132325615,65.78205928603914],[22.399573451933076,65.78223722857511]],[[22.399852783292967,65.78168232516998],[22.400719356641346,65.78164017005332],[22.40038871898485,65.78201713267285],[22.399522132325615,65.78205928603914],[22.399852783292967,65.78168232516998]],[[22.397207311960273,65.78469799459032],[22.39628932570019,65.78456218702502],[22.394863723107274,65.78571411056788],[22.392212270836932,65.78566252028956],[22.39195589350807,65.78477279292207],[22.392948251361414,65.78364195347945],[22.394527688973955,65.78302388179304],[22.39442511637797,65.78266799266352],[22.395343025279523,65.7828038122015],[22.39870685627953,65.78227937739467],[22.399345428969525,65.78297007418917],[22.398427494340492,65.78283427899599],[22.398404695361883,65.78427889524197],[22.397207311960273,65.78469799459032]],[[22.39452991667912,65.76931054136178],[22.394148083050226,65.76950954501866],[22.394045580264095,65.76915365494995],[22.39452991667912,65.76931054136178]],[[22.393714993926054,65.76953060260456],[22.393766243551383,65.76970854777576],[22.393333150714035,65.76972960431259],[22.393714993926054,65.76953060260456]],[[22.39276947991344,65.76777220414917],[22.393202540467936,65.76775114952707],[22.393253782312577,65.76792909494655],[22.39276947991344,65.76777220414917]],[[22.393253782312577,65.76792909494655],[22.393738090580896,65.76808598414792],[22.393305024935195,65.76810704034119],[22.393253782312577,65.76792909494655]],[[22.390790530794295,65.77310104960674],[22.38867598292732,65.77338422781159],[22.38928616147273,65.77245240451705],[22.391018726772057,65.77236821510628],[22.390790530794295,65.77310104960674]],[[22.388889956171226,65.78023039058627],[22.389425720086688,65.78056523828363],[22.38769259813928,65.780649414971],[22.387538898853247,65.78011557281013],[22.39003602667087,65.77963341075962],[22.389756502280097,65.78018829804358],[22.388889956171226,65.78023039058627]],[[22.38502247286049,65.72556615983653],[22.385073557891264,65.72574410954041],[22.384641192737774,65.72576513431206],[22.38502247286049,65.72556615983653]],[[22.381331669794427,65.74631496119797],[22.38138277876835,65.74649291190082],[22.38095006289771,65.7465139295953],[22.381331669794427,65.74631496119797]],[[22.37957366186116,65.74477644796796],[22.380108543039714,65.74511133697413],[22.38097392868579,65.74506930558508],[22.380847851584267,65.74615802781753],[22.37911700378548,65.74624208498739],[22.37878647191555,65.74661899973891],[22.377921030096623,65.74666101924285],[22.377641560496663,65.74721588380939],[22.37509622718244,65.74751986199378],[22.374789830036327,65.74645214237766],[22.37957366186116,65.74477644796796]],[[22.360709740875677,65.73558740941557],[22.360811624704397,65.73594332787447],[22.36037906530201,65.73596428560637],[22.360709740875677,65.73558740941557]],[[22.35972462346363,65.76125582376926],[22.360157607078182,65.76123486379231],[22.360259605037037,65.7615907814916],[22.35972462346363,65.76125582376926]],[[22.358043665187658,65.76151761117603],[22.359877612761487,65.76178970080097],[22.358196621600204,65.76205149021261],[22.358043665187658,65.76151761117603]],[[22.358648819967645,65.73604810431938],[22.358750677610942,65.73640402441058],[22.358318108491137,65.7364249763813],[22.358648819967645,65.73604810431938]],[[22.350836093203892,65.75013861869071],[22.351268899187797,65.75011768568662],[22.35131981016305,65.7502956483739],[22.350836093203892,65.75013861869071]],[[22.35131981016305,65.7502956483739],[22.3525673125043,65.75005487934055],[22.35266915281511,65.75041080365253],[22.351854448436562,65.75063063892935],[22.35131981016305,65.7502956483739]],[[22.35193111559333,65.74016226811173],[22.35203290025151,65.74051819339776],[22.351600255739413,65.74053912701197],[22.351065837512564,65.74020413342673],[22.35193111559333,65.74016226811173]],[[22.34119184498733,65.73941856103811],[22.341141029506836,65.7392405940393],[22.34157366247178,65.73921969025355],[22.34119184498733,65.73941856103811]],[[22.337044149366438,65.73871679867723],[22.33709493540516,65.73889476732761],[22.336662303521344,65.73891565837793],[22.337044149366438,65.73871679867723]],[[22.335644707996963,65.73842352923563],[22.3360773326348,65.73840264114646],[22.336128111275414,65.73858061019097],[22.335644707996963,65.73842352923563]],[[22.336128111275414,65.73858061019097],[22.336611520411456,65.73873768955497],[22.336178890686217,65.73875857921098],[22.336128111275414,65.73858061019097]],[[22.334954528426927,65.78211869300439],[22.33582124339511,65.78207690540414],[22.33640725168552,65.78258991354507],[22.335540520624736,65.78263170463079],[22.334954528426927,65.78211869300439]],[[22.334655843332026,65.73341949796198],[22.33508838521152,65.73339861348161],[22.335139145220836,65.73357658303898],[22.334655843332026,65.73341949796198]],[[22.335571689258135,65.7335556971647],[22.336054999159867,65.73371277925683],[22.33615653473803,65.73406871755921],[22.33524066754881,65.73393252208037],[22.335571689258135,65.7335556971647]],[[22.334885352871705,65.7326867350073],[22.33493610980208,65.73286470466259],[22.33450357670503,65.7328855886255],[22.334885352871705,65.7326867350073]],[[22.334554331477673,65.73306355842881],[22.33460508702,65.73324152820763],[22.334172547298323,65.73326241129402],[22.334554331477673,65.73306355842881]],[[22.334351317005016,65.7323516790688],[22.334402069468712,65.73252964894552],[22.33396954145677,65.73255053134206],[22.334351317005016,65.7323516790688]],[[22.333017646394353,65.78149037662892],[22.33306850594066,65.78166834588693],[22.332635153025127,65.78168923243534],[22.333017646394353,65.78149037662892]],[[22.32641687228939,65.72912619025324],[22.326366182808847,65.72894821710533],[22.326798657963348,65.72892735682095],[22.32641687228939,65.72912619025324]],[[22.32529850337034,65.72827803979635],[22.325730968355543,65.72825718264347],[22.325781651835364,65.72843515606135],[22.32529850337034,65.72827803979635]],[[22.325781651835364,65.72843515606135],[22.326264806153482,65.7285922707362],[22.32583233608366,65.72861312945479],[22.325781651835364,65.72843515606135]],[[22.32519714456902,65.72792209254291],[22.325247823585478,65.72810006618184],[22.324815360758357,65.72812092194125],[22.32519714456902,65.72792209254291]],[[22.32450785611608,65.73012034389666],[22.324457177427114,65.7299423700096],[22.324889671058273,65.7299215149705],[22.32450785611608,65.73012034389666]],[[22.324305145970808,65.72940844820198],[22.324355822354498,65.72958642216227],[22.323923333808743,65.72960727563563],[22.324305145970808,65.72940844820198]],[[22.324153121430047,65.72887452617462],[22.324203795508602,65.72905250020817],[22.323771315743304,65.72907335316489],[22.324153121430047,65.72887452617462]],[[22.321558248875,65.7289996245625],[22.321659562678942,65.72935557467133],[22.32122707537751,65.7293764204724],[22.321558248875,65.7289996245625]],[[22.32069328521151,65.72904131425476],[22.319142636056146,65.72821395963135],[22.320490690234383,65.72832941236724],[22.32069328521151,65.72904131425476]],[[22.314732058317617,65.76974150707932],[22.314782763962175,65.76991948391422],[22.314349590512116,65.76994031677233],[22.314732058317617,65.76974150707932]],[[22.29398276553974,65.77398537642965],[22.294849286936362,65.77394382357815],[22.29489986540246,65.77412180823335],[22.29398276553974,65.77398537642965]],[[22.29489986540246,65.77412180823335],[22.295383710060356,65.77427901425878],[22.29495044463684,65.77429979286427],[22.29489986540246,65.77412180823335]]],[[[22.31420715645174,65.72807568626949],[22.31428420725047,65.72808715989193],[22.31435277649036,65.72806866637497],[22.31420715645174,65.72807568626949]]],[[[22.24913243799111,65.62405461443316],[22.24784426749375,65.62447707074634],[22.246982642082273,65.6245183094928],[22.246882843334042,65.62416229513823],[22.245590416980875,65.62422414312068],[22.245690198311934,65.62458015849363],[22.243304792456623,65.62541585819868],[22.24383538527726,65.62575126648066],[22.243123340202338,65.6263265089595],[22.24380360028103,65.62719594285569],[22.243789924524993,65.63026330380681],[22.244751542780264,65.63057809712096],[22.244901242788206,65.63111212068995],[22.244039391723913,65.63115334490526],[22.24466991658065,65.63184476517539],[22.243808040771132,65.63188598831607],[22.24390783314962,65.63224200473644],[22.24476972057835,65.63220078091682],[22.244438578445024,65.63257740942007],[22.245300475985243,65.63253618248888],[22.24520066316171,65.63218016718257],[22.248267166497076,65.63221384346333],[22.249460113186732,65.63179595695358],[22.251279340582265,65.63170885145658],[22.24913243799111,65.62405461443316]],[[22.24629383493236,65.63140628981982],[22.24634374666483,65.63158429707126],[22.245912815057938,65.63160491394503],[22.24629383493236,65.63140628981982]],[[22.245962724639885,65.63178292134234],[22.246012634975965,65.63196092871571],[22.245581696805555,65.63198154471277],[22.245962724639885,65.63178292134234]]],[[[22.247507303734306,65.61826061015569],[22.246297545695235,65.61895884802861],[22.24543610022038,65.61900007625226],[22.244873891085668,65.62010934858576],[22.243300510452254,65.62072581099278],[22.243699463651026,65.62214987980657],[22.245041673539145,65.62226605686065],[22.246252458462376,65.62347088267329],[22.248971554160644,65.6234810239141],[22.247507303734306,65.61826061015569]]],[[[22.247029612772494,65.61655752410944],[22.23860861555035,65.6164403703185],[22.237366365115808,65.6166801554938],[22.234583006003454,65.61609162295078],[22.21879619019037,65.61738636994481],[22.21717265504906,65.61782454740484],[22.211092708297482,65.61793386500034],[22.209518633987418,65.61854998371348],[22.207795626859255,65.61863201871554],[22.20411719120823,65.61952862317374],[22.20335482643567,65.61992566179175],[22.20365238439722,65.62099380806129],[22.204994374420195,65.62111034146882],[22.203271180378476,65.62119232688744],[22.202939561860564,65.62156886939701],[22.20164713879677,65.62163034305803],[22.201018015328344,65.62093873066326],[22.197754636959175,65.62019198049917],[22.195169891454913,65.62031482751907],[22.193644814707724,65.62110881433362],[22.18895537940846,65.62151190416238],[22.18905437245775,65.62186796423939],[22.18743004046223,65.62230583101984],[22.183183107708686,65.62238923817306],[22.1842008,65.62605282999999],[22.18187527324928,65.62616297753203],[22.179816044989668,65.62789797864849],[22.181638693141,65.62817232008364],[22.182733625885408,65.62739888392733],[22.183595469175433,65.62735800792527],[22.187162201916223,65.6244830971602],[22.194006487363744,65.62397773178819],[22.194818654351014,65.62375876536593],[22.194719573656403,65.62340270989894],[22.19763635034024,65.62290333639464],[22.19916140504849,65.62210930968506],[22.20385077135396,65.62170590510087],[22.20542517105755,65.62108984207435],[22.207628765496516,65.62116534961604],[22.208208441225516,65.62167891036675],[22.214239615040192,65.62139167958222],[22.21844811243375,65.62083033189067],[22.21864690319945,65.62154240567442],[22.221231636769172,65.62141915883328],[22.223667144606495,65.62076181900875],[22.223998449844146,65.62038523423635],[22.226102527670395,65.62010444129277],[22.226814791827184,65.61952927655723],[22.23064173549615,65.61916617103383],[22.23140365292733,65.61876899965905],[22.234749888144062,65.61824835134584],[22.23503119810674,65.61769373221108],[22.236273519248137,65.61745396547505],[22.236124091255757,65.61691993072293],[22.24656038189649,65.61678152663505],[22.247166552792127,65.61704574903992],[22.247029612772494,65.61655752410944]]],[[[22.246598738221774,65.61502135011062],[22.243096863047796,65.61532372773421],[22.246753443265273,65.61557291173087],[22.246598738221774,65.61502135011062]]],[[[22.16265494,65.62707333999998],[22.162942234599807,65.62810987343934],[22.163722979286888,65.62811888513667],[22.163624304623077,65.62776280552906],[22.165397433317988,65.62785930392064],[22.16572967715693,65.62748283754752],[22.167022493457676,65.62742166606365],[22.16773627592436,65.62684676437111],[22.168598129312286,65.62680597344098],[22.16265494,65.62707333999998]]],[[[22.16018945,65.61817130000001],[22.15964318510134,65.61619741411079],[22.158991636428365,65.61733989658703],[22.157312357888053,65.61830714547149],[22.16018945,65.61817130000001]]],[[[22.15772583,65.6092692],[22.15117240476059,65.6095786046004],[22.150327128731174,65.6112560093555],[22.147275121174072,65.61284308370603],[22.144789167373975,65.61332116161032],[22.14412439708161,65.61407400470819],[22.145564152627795,65.61454716470737],[22.147717865983942,65.61444550178018],[22.148431740418175,65.61387068995468],[22.1492932001701,65.61383001241346],[22.149194788469504,65.6134739208708],[22.15249286966566,65.61277703128157],[22.15358805906787,65.61200380290633],[22.156172214687146,65.61188166990634],[22.156799919223612,65.61257348173682],[22.158665779179593,65.61266563353749],[22.15772583,65.6092692]]],[[[22.07158188,65.61331751],[22.059856489204797,65.61386428799194],[22.060006096884777,65.61441255398736],[22.05890798317751,65.61518513366133],[22.059102351927695,65.615897456402],[22.062027721821714,65.61702348134735],[22.064612891699237,65.61690289858154],[22.064710160497697,65.61725905552274],[22.065571889535914,65.61721885087286],[22.066336323590516,65.61682248573983],[22.06762888979283,65.61676216333488],[22.067531583254542,65.61640600861963],[22.069254971322962,65.61632556303975],[22.069970654353938,65.61575110368679],[22.070832323604375,65.61571086972579],[22.070734977931068,65.61535471743086],[22.072086400106603,65.61516263833356],[22.07158188,65.61331751]],[[22.06145102093719,65.61650933515816],[22.061881876437024,65.61648924278488],[22.061930490830818,65.61666732232861],[22.06145102093719,65.61650933515816]]],[[[22.09068063,65.60340659],[22.088712323707128,65.59621889270802],[22.0862521139536,65.59713509349433],[22.085780963241326,65.59859997572563],[22.07630897958431,65.59904315381966],[22.074253525780357,65.5994999444906],[22.07277452406343,65.60047081509765],[22.07153142575214,65.60070924977322],[22.07235848867963,65.6037365419995],[22.071497218897935,65.6037767808529],[22.071220614425535,65.60431538738578],[22.09068063,65.60340659]]],[[[22.08824247,65.59450312],[22.13128544,65.59248062999998],[22.129886165889246,65.58739769675219],[22.129588756821267,65.58824567093411],[22.128297780451557,65.58830650600082],[22.12715378916223,65.58890149510071],[22.125432433346585,65.58898257894555],[22.124473790540925,65.58866700162656],[22.125089544100373,65.58773618903497],[22.124512290821457,65.58722228783951],[22.12317238347756,65.58710502279415],[22.12393506083562,65.58670838422034],[22.12378815006975,65.58617421534913],[22.12584165284578,65.5857167719603],[22.126838575989197,65.58458762832596],[22.12606544267386,65.58336151155783],[22.12692593508157,65.5833209702576],[22.127922724550217,65.58219182074333],[22.12992683942472,65.5815562709918],[22.12948586357208,65.57995378361433],[22.13114674381144,65.57807184015724],[22.13453893464085,65.57773148514956],[22.13549728516747,65.57804700165109],[22.139749691797682,65.57766593780087],[22.140708101300937,65.57798142078167],[22.14199853090439,65.5779204852633],[22.142907894675574,65.578057904606],[22.14425908950556,65.57979775595376],[22.149814839291196,65.58063703166037],[22.1478899,65.57366022],[22.16939228,65.57264222],[22.166930700000005,65.56374025],[22.1878551931961,65.56258012386907],[22.18828834578201,65.56223014061501],[22.18595706,65.55381802],[22.16447098,65.55483822],[22.16201311,65.54593613],[22.170511444576007,65.54553264342604],[22.169029822049236,65.54489565218387],[22.165875310323134,65.54450419411666],[22.160720434313365,65.54474861775488],[22.154951721802306,65.54592378410479],[22.147746461833794,65.5466255738629],[22.14364628208819,65.54754096112505],[22.141792105178716,65.54871081517942],[22.141803512864776,65.55033357543878],[22.13914989131809,65.55334482755131],[22.139394898813116,65.55423508288914],[22.137822856451997,65.55485043828844],[22.137589061052505,65.5555829427841],[22.13773221931935,65.55610317336587],[22.14298305,65.55585538],[22.1434773055475,65.557649502446],[22.144537665599977,65.55868159020588],[22.143815316180284,65.55887646381515],[22.145435549999995,65.56475782999999],[22.129898069059237,65.56549112041054],[22.129487242982556,65.56570498693308],[22.130945613676005,65.56942384783127],[22.12798447027988,65.56974384049163],[22.126841265129023,65.57033881981664],[22.12517007745495,65.5705979445719],[22.12450575780975,65.57135069768768],[22.123645656211313,65.57139122151182],[22.120215369917933,65.57317604175911],[22.119932025735775,65.57373046687967],[22.119022928571802,65.57359290711118],[22.11807496224788,65.5749000577822],[22.11645228498547,65.57533714893519],[22.115650805726737,65.57717846449967],[22.11479049508975,65.57721894005125],[22.114458109012457,65.57759529635156],[22.114555882309144,65.57795141660444],[22.115465111123168,65.57808900190834],[22.11460477006356,65.57812947669612],[22.113079591167278,65.5789226545003],[22.1129426778566,65.58001125038213],[22.111319596688386,65.58044829040733],[22.11161283544086,65.58151665778861],[22.102529028358187,65.58176311856766],[22.102431402260585,65.58140698917053],[22.101522121024175,65.5812693261732],[22.100280209028043,65.58150798523351],[22.09458950161478,65.58141429745035],[22.093826518928243,65.58181079126962],[22.090814740237974,65.58195200724538],[22.08967014649458,65.582546719164],[22.087137238476377,65.58284576580814],[22.0855622345996,65.58346060656764],[22.082119919056577,65.58362180636597],[22.081356679557146,65.58401823983682],[22.079635475105604,65.58409880219513],[22.078920841928046,65.58467329739646],[22.07552695260901,65.58501242340043],[22.07309087089479,65.58566738958186],[22.07338261182969,65.58673584493872],[22.074673664512247,65.58667547683898],[22.07563164446017,65.58699137531163],[22.0749654840292,65.58774392838954],[22.076222865588456,65.59075107435494],[22.079714845613264,65.59076807240791],[22.080055610262164,65.59201458484118],[22.078625915273328,65.59316357979343],[22.07934845518395,65.59421188294773],[22.080785941464857,65.59468567911816],[22.080168438407572,65.59561632810815],[22.081459912612466,65.59555589821377],[22.08241830647845,65.59587174982927],[22.088538782095053,65.59558516787583],[22.08824247,65.59450312]],[[22.17824493850767,65.55618252136411],[22.17781518885831,65.55620293351413],[22.177765919064573,65.55602489753713],[22.17824493850767,65.55618252136411]],[[22.168212892263615,65.55611757499862],[22.17084064709525,65.55617328567914],[22.17088986993889,65.55635132436191],[22.16831130255155,65.55647365439802],[22.168212892263615,65.55611757499862]],[[22.170312452920314,65.55583759911119],[22.17074220363317,65.55581720824325],[22.17079142499335,65.55599524697291],[22.170312452920314,65.55583759911119]],[[22.152667174461047,65.55974003979713],[22.152863606307942,65.56045222244063],[22.150284531335384,65.56057425040534],[22.154091801831843,65.55859039558567],[22.154951423859742,65.55854970353657],[22.154853186588785,65.55819361380065],[22.156093470552445,65.55795452323369],[22.156621528470172,65.5582902606985],[22.157481135835766,65.5582495544315],[22.16163163698622,65.55751182365728],[22.161779128225998,65.55804595033655],[22.16005994015881,65.5581274065264],[22.160158248245843,65.55848349220102],[22.161017855316615,65.558442765862],[22.161165340337075,65.55897689319445],[22.155860168450594,65.55868705113504],[22.152667174461047,65.55974003979713]],[[22.156425013627505,65.5575780837154],[22.157714388898803,65.55751702450301],[22.160906904602154,65.5564639340272],[22.161815605126613,65.556601246317],[22.157812662172258,65.55787311203777],[22.156093470552445,65.55795452323369],[22.156425013627505,65.5575780837154]],[[22.162405600305565,65.55873775116603],[22.16250394320928,65.55909383497988],[22.16341274432338,65.55923113671214],[22.162172470801234,65.55947028711822],[22.161263667388685,65.55933297796574],[22.161165340337075,65.55897689319445],[22.162405600305565,65.55873775116603]],[[22.15645010751403,65.5671365372582],[22.15473029966627,65.56721793891192],[22.154386354750127,65.56597162525495],[22.157015090764972,65.56602756639582],[22.15645010751403,65.5671365372582]],[[22.128957695052843,65.5796179526882],[22.1289087058041,65.57943989820568],[22.129769063305368,65.5793993420537],[22.128957695052843,65.5796179526882]],[[22.12847852594504,65.57946017446058],[22.127618164010286,65.57950072332827],[22.127569184185074,65.57932266832226],[22.12847852594504,65.57946017446058]],[[22.12713900500436,65.5793429407683],[22.126708825084904,65.57936321200032],[22.126659851788204,65.57918515663764],[22.12713900500436,65.5793429407683]],[[22.126229674024916,65.57920542648887],[22.125369316282455,65.5792459625492],[22.125320352409034,65.57906790666328],[22.126229674024916,65.57920542648887]],[[22.12307156302076,65.57881311122686],[22.12393191077878,65.57877258830692],[22.123980864490658,65.57895064473925],[22.12307156302076,65.57881311122686]],[[22.123980864490658,65.57895064473925],[22.124890175324836,65.5790881727057],[22.12402981894095,65.57912870114838],[22.123980864490658,65.57895064473925]],[[22.12264138803427,65.57883337086577],[22.12178103584656,65.5788738865014],[22.121732097347294,65.57869582921285],[22.12264138803427,65.57883337086577]],[[22.119483372599838,65.57844097991072],[22.120343714799233,65.57840047741496],[22.120392643137727,65.57857853524966],[22.119483372599838,65.57844097991072]],[[22.120392643137727,65.57857853524966],[22.121301923041045,65.57871608504301],[22.12044157221424,65.57875659306117],[22.120392643137727,65.57857853524966]],[[22.120557794776015,65.57442244732627],[22.12012768993448,65.57444269915923],[22.12007877277825,65.57426464112415],[22.120557794776015,65.57442244732627]],[[22.119053200393243,65.57846122933753],[22.118192853766477,65.57850172454899],[22.118143940640213,65.57832366585852],[22.119053200393243,65.57846122933753]],[[22.117713769115028,65.57834391147667],[22.117283596852108,65.57836415588076],[22.117234690253323,65.57818609683407],[22.117713769115028,65.57834391147667]],[[22.1168045201476,65.57820633985763],[22.115944177723303,65.57824682226261],[22.115895280546773,65.5780687626934],[22.1168045201476,65.57820633985763]]],[[[22.22320035360151,65.55204153690231],[22.225958776511035,65.55084185134761],[22.228541930899603,65.55039781553084],[22.22731940676333,65.5460075936362],[22.2246202110375,65.54603537868608],[22.22257161639102,65.54649411238432],[22.22029154752032,65.54768542749223],[22.218622793259048,65.54794555928011],[22.21644145226774,65.54949285986686],[22.2155327326495,65.54935587559252],[22.214822050270246,65.54993097232921],[22.210195232226088,65.55051261328838],[22.20966665706529,65.55017706773064],[22.207419627532346,65.54992350701826],[22.207750325545156,65.54954696341407],[22.204876001394776,65.54860175977271],[22.204777127795726,65.54824570865901],[22.202382052663594,65.54745799380753],[22.20152288578611,65.54749895066347],[22.199458757165495,65.54633465641253],[22.196634460903287,65.54556731784263],[22.196051108995714,65.54431824563883],[22.183491970000002,65.54491635],[22.18595706,65.55381802],[22.22320035360151,65.55204153690231]],[[22.224669925000157,65.55090348649408],[22.224240306336096,65.55092402911924],[22.22419073166969,65.55074601124676],[22.224669925000157,65.55090348649408]]],[[[22.28087259,65.50417321000002],[22.302311469999996,65.50313697],[22.303465666581538,65.50724430462566],[22.304658751707596,65.50718654932653],[22.30536631469052,65.50661106197985],[22.306602715939594,65.50637077746201],[22.307260177259554,65.5056172956265],[22.30859660422047,65.50573296732139],[22.310540336474645,65.50491714711778],[22.31273430044664,65.50499122279528],[22.313012856522153,65.50443648613972],[22.313920474265824,65.50457289608251],[22.314020635103788,65.50492886285461],[22.315306962984018,65.50486649203565],[22.31477801545172,65.50453131742725],[22.317350620935063,65.50440655245346],[22.317200316404996,65.50387260620668],[22.31843647451547,65.50363222731932],[22.318714895765297,65.50307748149307],[22.32047997928138,65.50317224694854],[22.321615816360428,65.50257588115744],[22.323280596541053,65.50231465358421],[22.32313018540837,65.50178071428954],[22.323639812780847,65.50170509697035],[22.31873816,65.48429963],[22.382994830000005,65.48116628],[22.380471009999997,65.47226843],[22.359061159999996,65.47331547],[22.351522499999998,65.44662028],[22.32234214940752,65.44805582646632],[22.323647963454277,65.44961604704962],[22.319491336993952,65.45180265565176],[22.316973889103274,65.45210538903812],[22.314656237931203,65.45312001856324],[22.313372449474194,65.45318235861625],[22.313044428750477,65.45355910620201],[22.310576671730313,65.45403972048192],[22.307930482086533,65.45543099338676],[22.30365071903096,65.45563856506207],[22.301232467674065,65.45629701910843],[22.300904233813917,65.4566737424222],[22.298814093127078,65.45695543563592],[22.297301490619454,65.45775034146445],[22.295589402097676,65.45783326597041],[22.294504687982293,65.4586074157952],[22.292792532734953,65.45869030924347],[22.291657876312495,65.45928644680859],[22.28662078915599,65.45989096474715],[22.285475796101412,65.45579706573942],[22.286282015589595,65.45557766816249],[22.286082906811505,65.4548656856914],[22.287366856124834,65.45480357616012],[22.28812324008699,65.45440617409177],[22.28797387792462,65.45387218938602],[22.28882980880568,65.45383077387314],[22.288730226326003,65.45347478462764],[22.290242854487232,65.45267996442146],[22.291904816675036,65.45241911030152],[22.291655777841406,65.45152914295232],[22.29298936251726,65.45164498081141],[22.292889733563705,65.45128899476963],[22.294601404760872,65.45120610503348],[22.29450175592217,65.45085012025311],[22.29568582130996,65.45043195744996],[22.295382618612678,65.44934885672775],[22.28734604,65.44973946],[22.283507280058153,65.4360009843532],[22.279856131984953,65.43568337771842],[22.278851728732217,65.43519073972955],[22.275858020858976,65.43533545440803],[22.27837438018823,65.43503341768614],[22.27827502597208,65.43467741924627],[22.27646504313031,65.4344041138386],[22.27498344803333,65.43375411893645],[22.277927309682273,65.43343142395307],[22.277728631047463,65.43271942611631],[22.279011519829748,65.43265739818723],[22.28011519683528,65.43350603321537],[22.28182575592917,65.43342329941696],[22.2817263622336,65.43306730364093],[22.28263132807336,65.43320392775082],[22.281955204563744,65.43233462635536],[22.282536354595116,65.43252615497317],[22.282372519999996,65.43193981],[22.26099091,65.43297267],[22.25851408,65.42407233],[22.27988855,65.4230399],[22.277406449999997,65.41413993],[22.341497299999993,65.41102584999997],[22.336495949999996,65.39322826999998],[22.291803777946996,65.39539946585082],[22.290969403008766,65.3963587030088],[22.29220079490505,65.39611858598023],[22.29277687496991,65.39663185953314],[22.29410765443049,65.39674771553312],[22.294207049695768,65.39710370318984],[22.29340267112162,65.39732312478264],[22.29430644793808,65.39745969075062],[22.294405849157567,65.39781567821548],[22.291843557019885,65.39793995023055],[22.291615237388655,65.39867263740612],[22.289479912822046,65.3987761617106],[22.28938057397101,65.39842017037422],[22.288099387385518,65.39848226950625],[22.286540077798705,65.39909904203006],[22.286639381254084,65.39945503559179],[22.287821298931828,65.39903695581046],[22.289529583363386,65.3989541573428],[22.28972827296802,65.39966613963216],[22.288824441640475,65.39952954675098],[22.288119269471316,65.40010493316251],[22.287265088626725,65.40014632720914],[22.287165773527438,65.3997903341774],[22.28626195035742,65.3996537258449],[22.285934162402224,65.40003041224485],[22.286837997088774,65.40016702242791],[22.28608311277176,65.4005644032075],[22.283570139360716,65.40086653480421],[22.283291932081944,65.40142121393058],[22.28082846045074,65.40190129916282],[22.28030210405955,65.40156597808557],[22.278593614553703,65.40164867399058],[22.27764017231275,65.40133401420056],[22.278296010204556,65.40058067416122],[22.277620934100362,65.39971134275534],[22.27890221060031,65.39964933181838],[22.27875341251306,65.39911533223652],[22.279508369648383,65.39871798744606],[22.280839203665302,65.3988339600862],[22.28101821558762,65.39792328719915],[22.28229939515411,65.3978612483452],[22.283054262420148,65.39746388668603],[22.28295501666339,65.39710789018183],[22.28375947945487,65.39688852352256],[22.28323319055767,65.39655321200009],[22.28352907279323,65.39580146030916],[22.27244782,65.3963398],[22.269971289999994,65.38743964999998],[22.227277480000005,65.38949812],[22.229739779999996,65.39839911999998],[22.187024359999995,65.40044641],[22.189474259999997,65.40934817999998],[22.146737240000004,65.41138426000003],[22.14430161,65.40248166],[22.101571550000003,65.40450487],[22.103992920000003,65.4134083],[22.12536599,65.41239779],[22.126649356206148,65.41709912891778],[22.127541245654978,65.4175390570242],[22.127832945769153,65.4186074097281],[22.12724420303833,65.41927822366786],[22.12779631,65.42130075000001],[22.123000345107272,65.42152751750272],[22.118406646470856,65.42374286785369],[22.115510280934515,65.42424052265271],[22.115228273468745,65.42479492694343],[22.113945306159813,65.4248555625929],[22.11404238483726,65.42521169046563],[22.11242878743225,65.4256486515486],[22.112622913619475,65.42636090947975],[22.113147669069022,65.42669683079731],[22.11400304286234,65.42665641216101],[22.115061886778363,65.42895102756198],[22.11639361559664,65.42906844341641],[22.116490746376993,65.42942456918954],[22.119008524298735,65.42912517764101],[22.120865190717925,65.4295784513338],[22.120962384501542,65.429934573611],[22.122245580635578,65.42987387604487],[22.122148369699964,65.42951775476143],[22.124043900712746,65.42852627022255],[22.12489931384639,65.42848578941268],[22.125560222622926,65.42773306643862],[22.126843298180006,65.42767233093683],[22.127552766945392,65.42709765881148],[22.129166190601676,65.42666053764462],[22.131353202569944,65.42673731284118],[22.130546514151067,65.42695588705003],[22.132928243729527,65.42774486821497],[22.133745367422076,65.42914905349441],[22.13294901617089,65.43099041369862],[22.131714468542555,65.43122925946976],[22.131909168487773,65.43194148691026],[22.130674566479502,65.4321803246997],[22.130771905139163,65.43253643923],[22.12915815232569,65.43297358075637],[22.126932007208083,65.4343414966246],[22.126076406840813,65.43438199078435],[22.1204856065691,65.43771258553863],[22.11801562133037,65.43819007160353],[22.11493266381673,65.43959826571528],[22.111937370911555,65.43973974258519],[22.110838812614016,65.43888982982018],[22.110498987936854,65.43764337543296],[22.11162784588727,65.43542578270268],[22.11128803798546,65.43417932988294],[22.110335343752055,65.43386360531014],[22.10905191906754,65.43392420378258],[22.108615217422255,65.43232161206956],[22.110793638813877,65.43077589360676],[22.112932411409325,65.43067486800477],[22.112116346452027,65.42927055976025],[22.111163824627518,65.4289548387241],[22.111203319771597,65.42751011631464],[22.107869859392267,65.42640504261222],[22.1088411,65.43121499],[22.087451929999993,65.43222331999999],[22.085034079999996,65.42331959],[22.06365024,65.42432449],[22.06847345,65.44213271],[22.05307160153997,65.44285437465199],[22.052692848067228,65.443427262937],[22.04988929496988,65.44427986555438],[22.04856226271603,65.44578469461631],[22.04779933340676,65.44582038486338],[22.049480659999997,65.45203985999999],[22.00666102,65.45403702999998],[22.005522517054157,65.44979833956208],[22.00523398414962,65.45069091862887],[22.003712652136024,65.45148295948299],[22.004284404057238,65.45199737293446],[22.00309548905108,65.45241329251718],[22.003239032841282,65.45294761034562],[22.004667259184384,65.45342221647277],[22.005523706315152,65.45338240276817],[22.005715174065962,65.4540948226923],[22.00657164126052,65.45405500285152],[22.008571893445325,65.45504397201337],[22.011473787778055,65.4545483184499],[22.011096377373413,65.45636919554786],[22.013049054121147,65.45717999932963],[22.01390560870911,65.45714013705046],[22.01490597324777,65.45763457405639],[22.02018924881906,65.45792956207687],[22.02038115565298,65.458641959134],[22.02123774455594,65.45860205493294],[22.021525660844322,65.45967064787871],[22.02052861538107,65.46079910038769],[22.022529916270855,65.46178787447377],[22.02100849071065,65.4625800903739],[22.02120046102641,65.46329248573583],[22.022153201505763,65.46360877233793],[22.02381868252628,65.46335083817306],[22.024058751329346,65.4642413268464],[22.024915516626294,65.46420140009569],[22.023061652687936,65.46536979651776],[22.02373013485701,65.4662403254557],[22.02558788556559,65.46669476079167],[22.027301568205132,65.46661488362557],[22.02891913201421,65.4661787956316],[22.02882302761953,65.4658226040467],[22.031533427500147,65.46461417481832],[22.031437294483386,65.46425798516395],[22.03229404671972,65.46421801667944],[22.0326305650865,65.46546467777998],[22.03391574828172,65.46540471255132],[22.035340748768316,65.46425618229014],[22.036245592173312,65.46439428474433],[22.03448840866061,65.46591900274808],[22.03468077534176,65.46663137712783],[22.033872036273866,65.46684945373177],[22.034160577867006,65.46791801645196],[22.033351795047103,65.46813609068589],[22.03311570011617,65.46886845570589],[22.03154612251499,65.46948268420121],[22.03217119912542,65.47179791318452],[22.030457195126754,65.47187784867401],[22.028506926340654,65.47269012411788],[22.024173679337185,65.47271172693237],[22.022555634722394,65.47314776866006],[22.017080653932137,65.473763337831],[22.014889942235925,65.47368494137817],[22.013936912751856,65.47336861176152],[22.013789868804295,65.4712114604844],[22.01478758064506,65.47008304626529],[22.01564455421007,65.4700431701226],[22.015881149477543,65.4693108276634],[22.016690119201808,65.46909284520376],[22.01611773258954,65.4685784849423],[22.013879503154882,65.46832196887135],[22.013355139742472,65.46798569895891],[22.009927480739993,65.46814512016243],[22.008974715545264,65.46782875669275],[22.00697614965345,65.46846265439282],[22.00536068123591,65.47052136475473],[22.001599876240036,65.47105672051107],[21.998458870959873,65.47228452365577],[21.994269111871073,65.47283959126887],[21.989172622401313,65.47163330410568],[21.98769435395999,65.46935758404977],[21.986741805412596,65.46904107829491],[21.985456313555083,65.46910064501752],[21.982694330295512,65.4685072925023],[21.979694874451738,65.46864618389289],[21.979361820594104,65.46902224999496],[21.97850481383484,65.46906192060375],[21.975982265655762,65.47098188949819],[21.976601633917983,65.47167452429365],[21.97445888191701,65.47177365477651],[21.974173408277434,65.4723278269322],[21.97326859584865,65.47218935235524],[21.973078467914718,65.47309975643554],[21.971792739185723,65.47315920912267],[21.971507195141243,65.47371337689621],[21.969935848398247,65.47432698171019],[21.970126532565875,65.47503945390118],[21.968412088304987,65.47511868954003],[21.968555074471865,65.47565304539805],[21.96769783080184,65.47569265693697],[21.96655490943336,65.47628642326936],[21.96669786538813,65.47682078116166],[21.96584058006977,65.47686038255691],[21.967269477996133,65.47733533585432],[21.96522150865548,65.47779057840333],[21.96584076527897,65.47848325829659],[21.965078715629893,65.47887909506403],[21.965221658554174,65.4794134544547],[21.966079028649748,65.47937385576884],[21.966174339012486,65.47973009460148],[21.965316957418402,65.4797696939369],[21.965126510869126,65.48068009091732],[21.96388803042321,65.48091759990211],[21.962173149477646,65.48261964626664],[21.960934549746263,65.48285713216738],[21.961077434286363,65.483391495997],[21.959838787840486,65.48362897335613],[21.95964812900851,65.4845393653835],[21.95831418815903,65.48442058717175],[21.95883819451883,65.4847570513616],[21.958075858709883,65.48515285547921],[21.955598320038234,65.48562775314937],[21.955741113853264,65.48616212285755],[21.954883502373786,65.48620166516312],[21.95459746992807,65.48675580546855],[21.952929782380494,65.48701299692739],[21.952262447531524,65.48776502170577],[21.951404777144337,65.48780454482714],[21.949927244647665,65.48877420355524],[21.949069536905185,65.4888137137774],[21.94964108120273,65.48932833569387],[21.948735796448958,65.48918971869223],[21.94802073273693,65.48976360053597],[21.946781662236088,65.49000097485306],[21.946876756530376,65.4903572278255],[21.944779871936706,65.49063407964495],[21.941728854451426,65.49221700496946],[21.941156098452282,65.4933252416333],[21.939869287857857,65.49338443282379],[21.93915391683114,65.49395827557495],[21.938296019398358,65.49399772644641],[21.93839101563941,65.49435398565579],[21.934481211250105,65.49597621951905],[21.9346236417382,65.49651061248899],[21.932334441456014,65.49769766720705],[21.931476408895602,65.49773708064745],[21.931237222326764,65.49846931449228],[21.93009248609178,65.49906282180945],[21.926420809605954,65.49995262504213],[21.924512595591867,65.50094174129055],[21.924654854963688,65.50147614521066],[21.92346242390658,65.50189147026053],[21.923841755894156,65.50331654993143],[21.922077880627384,65.503217143794],[21.91959795589559,65.50369147355049],[21.91692567468173,65.50507611623898],[21.917020428245102,65.50543239107307],[21.916162113888518,65.50547172024261],[21.915875065393365,65.50602579654891],[21.91425311102809,65.50646071431851],[21.913631542368023,65.50739072155478],[21.912438665537763,65.50780596380771],[21.913057287857946,65.5084988654496],[21.909478365442478,65.50974455309377],[21.909238467190704,65.510476758623],[21.908379972993227,65.51051604530612],[21.906852254485806,65.51130716866713],[21.90556446469474,65.51136607700161],[21.901508212384464,65.51245307501046],[21.90160278801147,65.51280936111527],[21.900362190114723,65.51304636908327],[21.900504035069932,65.51358079945945],[21.90346185227013,65.51326528525631],[21.903698372164072,65.51415599657977],[21.902123004860677,65.51476893311786],[21.902264897134742,65.51530336138349],[21.899830738921807,65.51595552391012],[21.89959052104289,65.51668771703864],[21.898731805210282,65.51672695102837],[21.898538828248228,65.51763728682688],[21.89734524422153,65.51805241656335],[21.895623664473458,65.5197537686594],[21.893523848402555,65.52002993667644],[21.891089028568594,65.5206819646656],[21.890754061331126,65.52105785269704],[21.88946574694763,65.52111662885697],[21.888469706443892,65.51899844619186],[21.89009287520474,65.51856379372359],[21.89076275927865,65.51781202028035],[21.893102843269457,65.51680370767508],[21.89329600592695,65.5158933770651],[21.894824404710015,65.51510238434484],[21.894588177034045,65.51421165643801],[21.891535689095143,65.51417070568242],[21.890389362276586,65.51476392701966],[21.88423232456488,65.51612656611154],[21.881939113196413,65.51731289455358],[21.88065095959094,65.5173715941624],[21.880556649805047,65.5170152925242],[21.883519928530408,65.51507724191492],[21.88299624974014,65.51474051388026],[21.88213756785647,65.51477965336117],[21.88194893317266,65.5140670519838],[21.87980227374357,65.51416487626413],[21.878226330471783,65.51477756927773],[21.876461822659323,65.5146776370028],[21.874503520870093,65.51548799688025],[21.8732154370901,65.51554663252978],[21.874220876203186,65.51441907760032],[21.874226273633237,65.51279615197113],[21.875613756648328,65.51147088967275],[21.87871817645136,65.51006739306764],[21.879576709657687,65.51002827437975],[21.88072308455961,65.50943513448564],[21.880628808382962,65.50907883252624],[21.88411473979669,65.50747751582358],[21.884020425906666,65.50712121631783],[21.88559577660601,65.50650846839264],[21.886171164799975,65.50540041822065],[21.886982358654492,65.50518311008686],[21.888321624285716,65.50367959209679],[21.892952121639752,65.50148488220348],[21.89462135391006,65.50122833822198],[21.895719782541395,65.50045694547363],[21.900345269862736,65.4998849322037],[21.903734224881664,65.49792689857314],[21.905784874124095,65.49747246458011],[21.906072053781024,65.49691840611878],[21.90693010565323,65.49687913667275],[21.906740951253816,65.49616657089206],[21.909078507278192,65.49515803447756],[21.910081644757728,65.49403026249767],[21.914374329894475,65.49221085326592],[21.91466127438014,65.49165678065128],[21.913708758276154,65.49133981432625],[21.910466519879176,65.49220957056377],[21.91065893986786,65.4912992243725],[21.91175648577886,65.49052772329463],[21.912995915224933,65.49029063275204],[21.91318823627016,65.48938028424071],[21.90937542937135,65.48973524825617],[21.90613323796499,65.49060491113336],[21.904846465710435,65.49066380383344],[21.904512060373545,65.49103971725661],[21.903225262315456,65.4910985963978],[21.903367021990316,65.4916330250982],[21.900600587419973,65.49266109047144],[21.900695064220166,65.49301737819579],[21.898786350187716,65.49400617451923],[21.89749939058099,65.49406500642988],[21.896019483901906,65.49503416006081],[21.89392164842572,65.49531031518487],[21.894016045778375,65.4956666078089],[21.891630664893448,65.4964967701282],[21.891725036200377,65.49685306441866],[21.890197581256835,65.49764401726826],[21.889339473959716,65.49768319226887],[21.88943381921484,65.49803948822533],[21.886618999342257,65.49888916098364],[21.88509127082299,65.49968006477405],[21.88518556688185,65.50003636382762],[21.88403969694747,65.50062953293083],[21.883181480505012,65.50066867400012],[21.88251178967824,65.50142041230421],[21.881653544506555,65.50145954496936],[21.88174780146009,65.50181584652],[21.880078397562226,65.50207224998576],[21.87893232238758,65.50266538227854],[21.879215006228176,65.50373429262369],[21.876064251758354,65.50495963968116],[21.874436268333447,65.5070170621771],[21.872243078199276,65.50693662059643],[21.871143683050224,65.50770785167951],[21.869473794348693,65.50796414256385],[21.867562811189266,65.50895256547234],[21.86589280606646,65.50920881789789],[21.865604647033205,65.5097628089527],[21.864363849524413,65.50999952352441],[21.86459900080891,65.51089030863415],[21.86340516503312,65.51130517294989],[21.863640297823544,65.51219595969978],[21.862828687515407,65.51241314646447],[21.863251925578258,65.51401656392797],[21.86244025604022,65.51423374915213],[21.862534306604715,65.51459006450139],[21.861675592700667,65.51462908813164],[21.860957922492222,65.5152025816968],[21.857710937571753,65.51607125005201],[21.8509345896783,65.51673941247702],[21.84974026759961,65.51715417340532],[21.84983415761486,65.51751049811482],[21.848881446341274,65.51719312540526],[21.84635188716538,65.51748811595601],[21.846016307816207,65.51786391056858],[21.844681118382436,65.51774414121674],[21.843486648914205,65.51815885413507],[21.843721176865458,65.51904967730361],[21.839856129726588,65.51922477240147],[21.840566900487847,65.52027431699645],[21.844096458319193,65.52047499324374],[21.84600203496471,65.52110979145287],[21.846370374855997,65.52415804020512],[21.84841713551325,65.52532729481574],[21.85047092078348,65.5248735823017],[21.851954180813454,65.52390484410516],[21.853578281092148,65.52347057484167],[21.860020856428434,65.52317810289915],[21.861121213318675,65.52240694395937],[21.862745063416554,65.52197257862449],[21.86412759821563,65.52227034271402],[21.86364503960694,65.52373463456863],[21.86498061567831,65.52385423294666],[21.864839430386272,65.52331976329445],[21.866174989997557,65.52343935128457],[21.866033782968547,65.52290488294463],[21.869040194145246,65.52276818385037],[21.869281320105262,65.52203603093272],[21.871193169723917,65.52104757848406],[21.871098972941585,65.52069126992606],[21.87391663137776,65.51984185997675],[21.87739920558373,65.51986360484439],[21.87935267883235,65.52067612786261],[21.880159397015507,65.5220817733705],[21.877147949928634,65.52384161546593],[21.877430837584136,65.52491052682274],[21.87876653093043,65.52503000242712],[21.878525649251507,65.52576216813726],[21.876472304198767,65.52621625726678],[21.872983447768938,65.52781742446726],[21.87169475159301,65.52787605285705],[21.867487462382,65.53005064132182],[21.86686369597094,65.53098047619565],[21.865192282653794,65.5312367338826],[21.862896894867358,65.53242279354065],[21.86299103080188,65.53277910768806],[21.86184324579244,65.5333721260079],[21.862078565320882,65.53426291307238],[21.86121920338485,65.53430194011872],[21.861313324597717,65.53465825543311],[21.863508829147836,65.53473883393792],[21.862502185148312,65.53586632841345],[21.86675211181614,65.53549295038906],[21.86985981312202,65.53408960575543],[21.869765577711608,65.53373329681466],[21.87091319450712,65.53314021999121],[21.87048911143528,65.53153683241945],[21.874832500225352,65.53151954318908],[21.876027058341847,65.53110458211896],[21.87774551533224,65.53102635749138],[21.87936960814508,65.53059181157097],[21.880899275966616,65.52980094795294],[21.880804908573356,65.52944464708875],[21.884147147285873,65.52893177390821],[21.884482305790765,65.52855589877713],[21.886965243924074,65.52808211702376],[21.888017764138937,65.52713262016553],[21.89212410467339,65.52622410401858],[21.896943361629855,65.52636473569886],[21.898614133292266,65.52610813337338],[21.89956776527503,65.5264251841659],[21.901715343106634,65.52632707083542],[21.9030985377194,65.52662447261324],[21.90820533220608,65.52621068921708],[21.908871675594888,65.52708174461901],[21.910302368699686,65.52755721928506],[21.912974309557384,65.52779557317517],[21.91263957492452,65.52817150741556],[21.913498641908888,65.52813219120286],[21.913211312952576,65.52868626486024],[21.914117804432586,65.52882508320134],[21.91574113359969,65.5283901541666],[21.916457930795435,65.52781640919873],[21.9181760246482,65.52773772892122],[21.920897947416176,65.52653117955785],[21.922186443326314,65.52647213406885],[21.924096564746826,65.52548302970023],[21.925002998265686,65.52562178338891],[21.927437394141883,65.52496921374255],[21.928535800712204,65.52419758322415],[21.929824160603836,65.5241384739747],[21.934215346279107,65.52267473382125],[21.934739842407375,65.52301127673067],[21.93559869938807,65.52297183703216],[21.935074193147777,65.52263529719468],[21.936362458081994,65.52257613316449],[21.93712619368934,65.52218042565579],[21.939368384534884,65.52243804133997],[21.945332524901826,65.5219835532381],[21.94647788622372,65.52138992488771],[21.947336668458693,65.5213504192636],[21.94724143158533,65.52099416810545],[21.94915019401063,65.52000476023083],[21.95120173361242,65.51954970212134],[21.95186986317052,65.51879767491633],[21.953539578968652,65.51854047613735],[21.95611559727775,65.51842182748325],[21.95931169612333,65.51899583338601],[21.959884135307103,65.51951040786386],[21.960742831229602,65.5194708269575],[21.961076760889817,65.51909479393349],[21.962030869726505,65.51941144651013],[21.961935440965274,65.51905520640707],[21.963223455690898,65.51899581602984],[21.96312801249742,65.51863957681282],[21.964034400858015,65.51877809711456],[21.964749868939982,65.51820413597505],[21.966085573956224,65.51832284063067],[21.966419412050858,65.51794679667204],[21.968947542343663,65.51764981249235],[21.969281330693587,65.517273762684],[21.97114185550471,65.51772884098355],[21.971476287748512,65.51897565668682],[21.973051008509767,65.51998488073686],[21.974816183854774,65.52008367993723],[21.975866115212156,65.52075647349447],[21.97801287883594,65.52065728508724],[21.977916145916005,65.51867819103693],[21.9794420864501,65.51788636721882],[21.979346426957253,65.51753014028182],[21.983400093632497,65.51644108013551],[21.985975740743513,65.51632192654127],[21.98869329212939,65.51511419937384],[21.990410286422016,65.5150347094147],[21.992746184047594,65.51402489607622],[21.99803840457336,65.51269769752108],[22.0001844041639,65.51259820173676],[21.999565787606976,65.51352853335649],[22.000424214097233,65.51348872977573],[22.000616075037687,65.5142011518015],[22.002332965468216,65.51412152749177],[22.00285814989427,65.51445782762988],[22.005910718707995,65.51449653113534],[22.007912779559902,65.51386261465395],[22.010058829388136,65.51376297829307],[22.010343941543876,65.51320874218429],[22.010869208774444,65.51354501372283],[22.014683953272304,65.51318747155136],[22.013543807501254,65.51540444257952],[22.019123761283563,65.51514511485149],[22.020648225396208,65.51435288951185],[22.021506640122286,65.5143129663937],[22.021317974510467,65.51522341645051],[22.02055573961468,65.51561953443921],[22.0207481684962,65.51633192547563],[22.022084004452232,65.51645013441785],[22.02179911159826,65.51700439053756],[22.023086860118447,65.51694449303504],[22.02366049801335,65.51745881459611],[22.02585491647694,65.51753704842689],[22.02680973154839,65.51785328561391],[22.0297181875417,65.51735721920784],[22.029621844773263,65.51700103065652],[22.03043215389012,65.5167829619598],[22.030957751120166,65.51711916056165],[22.03396244149545,65.51697920128069],[22.034058843356686,65.51733538650393],[22.033200352490823,65.51737538158228],[22.03334494343102,65.517909660232],[22.03420345158993,65.51786966416856],[22.034107045375563,65.51751347908149],[22.035013747612275,65.51765157105667],[22.034444479823453,65.51876012648891],[22.035780496325447,65.51887821275011],[22.037309434950824,65.51970865242643],[22.038452563793193,65.51911434954512],[22.039836860073265,65.51941049041248],[22.04365202059756,65.5190522137253],[22.04441399537254,65.51865598187082],[22.043979547947252,65.51705318370644],[22.04531024740241,65.51554836117323],[22.04650129433385,65.51513208914578],[22.045830712610936,65.51426168171696],[22.046592517593723,65.51386544048434],[22.046447682763905,65.51333117680575],[22.048781211132052,65.51232052101129],[22.050594406252202,65.5125965256257],[22.050497800079295,65.51224035287929],[22.05402180252106,65.51081330879119],[22.053490291390833,65.50885437159334],[22.052106414257256,65.50855835162774],[22.05229396689076,65.50764787381048],[22.05553318951152,65.50677510638056],[22.055629839912854,65.50713127551175],[22.056487952709197,65.50709115675097],[22.056016470602327,65.50855595112432],[22.057303707807247,65.50849576721617],[22.057491078201195,65.50758528469858],[22.0622044419772,65.50574169800171],[22.06196261294947,65.50485128749257],[22.063104536552,65.5042568097773],[22.064820542748908,65.50417648465314],[22.06682034837032,65.50354181016569],[22.067346131353293,65.50387788056409],[22.06863310662089,65.50381760272481],[22.068729922327947,65.50417376190553],[22.069636328412557,65.50431164919512],[22.069497816444848,65.5054002218],[22.0675947480826,65.50639109233435],[22.067933606575902,65.50763765144255],[22.069940364479514,65.50862574394466],[22.069179069780738,65.50902209789152],[22.069372765573117,65.50973441482745],[22.067801656223157,65.51034903438439],[22.068043745695565,65.51123943299511],[22.067185518105422,65.51127961842859],[22.067282347475068,65.51163577837245],[22.068189008121802,65.51177367188708],[22.06733076325266,65.51181385831008],[22.066617749893513,65.51238828055567],[22.067337388588843,65.51343666959937],[22.066049935872034,65.5134969409745],[22.066575917080172,65.51383301211132],[22.065433666610545,65.51442751910075],[22.065959659441756,65.51476359226558],[22.065149720203838,65.5149818477188],[22.065059398846213,65.51624849887902],[22.06353620258952,65.51704115952329],[22.063348994227304,65.51795164786823],[22.06559850013585,65.51983019720436],[22.067890086769303,65.5202639789037],[22.06775145399217,65.52135255085155],[22.06946856617429,65.52127216240775],[22.067370611971647,65.52155072462676],[22.067328834466473,65.52299545569717],[22.06947535987142,65.52289497180122],[22.070479352235427,65.52338900518384],[22.071815752834357,65.52350676949068],[22.074391606538935,65.52338610854568],[22.074585573192437,65.5240984160826],[22.07382391132481,65.52449479685527],[22.07253593148846,65.52455512848306],[22.072203559448923,65.52493139212396],[22.073159196878198,65.52524732878103],[22.072875310555222,65.5258016712496],[22.07435733248751,65.52645364382052],[22.074024964281985,65.52682991141717],[22.075936447029637,65.52746175367945],[22.08108886251854,65.52722024083626],[22.083900136815597,65.52636698521374],[22.09415562176487,65.52570517936029],[22.096059031135628,65.52471397156114],[22.096382576962153,65.52271486701373],[22.098148322622844,65.52281222153833],[22.098480291319202,65.52243590479142],[22.10325088709022,65.52239189775398],[22.107455221956496,65.52345654087449],[22.109933406558742,65.52297914877292],[22.10983594471836,65.52262302233929],[22.110694465590328,65.5225825920588],[22.111738527598302,65.52163162521681],[22.115552919248923,65.5212715427459],[22.11588461595498,65.52089519043156],[22.116743068714694,65.5208547264805],[22.116645523590652,65.52049860522938],[22.118313614270665,65.5202396041305],[22.118167269724403,65.51970542400424],[22.119357306053004,65.51928858825424],[22.118684193867814,65.5184185287383],[22.119825376221275,65.51782363008752],[22.118810840633518,65.5157071535162],[22.119337538191267,65.51604303415449],[22.12153204467732,65.51611987907164],[22.123004587515787,65.5151485942165],[22.123569998104625,65.5140397435493],[22.12485731665054,65.51397898385126],[22.126339921410576,65.51463044153533],[22.126573731095487,65.51389795397503],[22.127383103904037,65.51367937514662],[22.128338970284783,65.51399496100497],[22.13215199684893,65.51363447313177],[22.13224972239994,65.51399058265844],[22.133107917620546,65.51395002832328],[22.132961313124564,65.51341586499699],[22.134726539142257,65.51351279759949],[22.135769369815232,65.51256167676131],[22.13677418489,65.51305526208172],[22.138968476394474,65.5131318560872],[22.139310845955702,65.51437822054007],[22.140413641218867,65.51522788410233],[22.142890417069314,65.51474996574777],[22.14298829404435,65.51510606686247],[22.141369718661995,65.5155433855519],[22.14227688309319,65.51568082994797],[22.14242369343254,65.51621498223604],[22.1437110661437,65.5161540615385],[22.144765125946297,65.51682564107942],[22.14653061986559,65.51692243330909],[22.146677525619687,65.51745658053741],[22.147535807636324,65.51741594349427],[22.147633760007345,65.51777204086292],[22.149828472630876,65.51784847321957],[22.149497306866795,65.51822489479346],[22.150833758365508,65.51834196053431],[22.152415277472016,65.51934924844535],[22.154561105507977,65.519247564119],[22.154659161959042,65.51960365592201],[22.15551749952719,65.51956297305004],[22.155615570448035,65.51991906409185],[22.1569521337494,65.52003607468797],[22.156670090317697,65.5205905561774],[22.15500238278048,65.52084997649747],[22.154916429552117,65.52211663788717],[22.157025673064485,65.5234596224485],[22.15888978924189,65.52391235511878],[22.159564386755203,65.52478222113724],[22.15670678379934,65.52545881085177],[22.155333053393136,65.52678650764447],[22.153284681748097,65.52724430138649],[22.152143877335305,65.52783944869283],[22.15224193978141,65.52819554197573],[22.151101070636592,65.52879068204003],[22.150242421379687,65.52883134286132],[22.149960149617375,65.52938581399968],[22.15106395117876,65.53023539003722],[22.152351990912674,65.53017438934874],[22.151640396121206,65.53074919816774],[22.152216864263654,65.53126300387535],[22.15355399921341,65.53138003895717],[22.153946407904918,65.53280440645948],[22.15571301686315,65.53290108070621],[22.154952363633463,65.53329785984911],[22.15643683211219,65.53394900427614],[22.15729563807095,65.53390830678791],[22.15739379833383,65.53426439576421],[22.159589924783013,65.53434067279184],[22.159307799971533,65.53489515991306],[22.160694255889062,65.53519017340703],[22.16132011505021,65.53588198479143],[22.16217897542045,65.53584125906426],[22.16189689157023,65.53639575060791],[22.16409320771951,65.53647196044729],[22.16419147237552,65.53682804399394],[22.16681727251877,65.53688384337765],[22.168682526779808,65.53733644430025],[22.1688300247025,65.53787056414347],[22.170547845063414,65.53778902161179],[22.172032957564397,65.5384400067676],[22.171751059653268,65.53899451485927],[22.17308867185519,65.53911137268443],[22.173187071264884,65.53946744907363],[22.177101576711777,65.53946187456715],[22.17634106954647,65.53985875976525],[22.17853770896309,65.53993475684307],[22.178734666966896,65.54064690092109],[22.180501885606105,65.54074327985064],[22.182737504764347,65.54218983001522],[22.18188927931806,65.53912447521604],[22.1815440604834,65.53979185018574],[22.17799613562409,65.5379763586918],[22.178228659865066,65.53724380411741],[22.179467730636148,65.53700453382564],[22.18102874,65.53601462],[22.184979344793845,65.53582649429737],[22.184656110022498,65.53531479090378],[22.183797309384815,65.53535564361168],[22.183895837804645,65.5357117117947],[22.18212895151684,65.53561536926689],[22.18193194673378,65.5349032300296],[22.18054527661245,65.53460841319782],[22.180728465025137,65.53369782027981],[22.181587216912078,65.53365698545998],[22.18148872935039,65.53330091537154],[22.182776834326514,65.5332396550643],[22.183389289287557,65.53230863736374],[22.186493279671524,65.53252170947177],[22.18758420176392,65.53174827639783],[22.18723925239902,65.53050204680703],[22.188097886851647,65.5304611761789],[22.188428635392224,65.53008467424613],[22.191004481916142,65.52996202804816],[22.19176448078346,65.52956507408406],[22.19305237228701,65.52950372838028],[22.192953747265975,65.52914766708234],[22.194621579576605,65.52888782718959],[22.194522935962855,65.52853176709367],[22.195332165384517,65.52831282614898],[22.19546547890895,65.52722419093053],[22.193733893949968,65.52568328293474],[22.19621062470425,65.52520449200698],[22.1962945698613,65.52393782695545],[22.19509096524885,65.52273253254012],[22.193226330832076,65.52228025104972],[22.194548581310233,65.52077420127327],[22.19392223305152,65.52008253205041],[22.192205665654473,65.52016432772429],[22.19224051981052,65.51871963178598],[22.19300018115348,65.51832267486142],[22.19471662451028,65.51824087137811],[22.195722759108094,65.51873405197784],[22.199535445180206,65.51837186869432],[22.205072846981988,65.51683079856967],[22.197563230000004,65.51718944],[22.195098359999996,65.50828794999998],[22.21585763561537,65.50729661058227],[22.21592756810847,65.50694636423223],[22.2183032437978,65.50611118886022],[22.218056093284947,65.50522108228131],[22.21886440513326,65.5050020244076],[22.21871610872969,65.50446796111525],[22.21733068059574,65.50417346919377],[22.217611269190886,65.50361888894861],[22.21670415704996,65.50348189596936],[22.216555915203465,65.50294783001864],[22.21736417070679,65.50272878071354],[22.218271259658646,65.50286576996032],[22.21837010980484,65.5032218126048],[22.219227789068924,65.50318077464723],[22.21998659222238,65.50278369055495],[22.21983828809177,65.50224962843058],[22.221124753845658,65.5021880576954],[22.221025870900228,65.50183201717087],[22.22236176244319,65.50194845633273],[22.223549290252375,65.50153082578727],[22.223450377286383,65.50117478714131],[22.225594377860745,65.50107211300438],[22.22509971399201,65.49929192677465],[22.225957251554615,65.4992508520257],[22.22615513116025,65.49996292545434],[22.2278702433256,65.49988075875353],[22.228150565594156,65.49932616154724],[22.229436863818886,65.4992645217174],[22.22971714671662,65.4987099219898],[22.231003410158202,65.49864826916995],[22.23085490931382,65.49811421977361],[22.233905623950587,65.4981483397331],[22.23380658540747,65.49779230909134],[22.241952447604426,65.49740144063139],[22.2415524115968,65.49704572640451],[22.23551181,65.49733591999998],[22.23303629,65.48843516],[22.254464559999995,65.48740581],[22.254896894894287,65.48895570630361],[22.25648663717805,65.48876549741698],[22.256815895191234,65.48838886070386],[22.258958689026272,65.48828572523618],[22.258809688486586,65.48775170823527],[22.257902930791428,65.48761495897904],[22.25808317610598,65.48670430157674],[22.257027506362075,65.4860335283241],[22.257834893532145,65.48581427120311],[22.25773558572568,65.48545825888665],[22.25630111683972,65.48498611187546],[22.257158126100386,65.4849448653218],[22.25859260772149,65.48541700407075],[22.25796547896267,65.48472560783985],[22.259679471088624,65.48464309125022],[22.25915165237565,65.48430771095956],[22.26038745527756,65.48406781031937],[22.260238454597403,65.483533794716],[22.261045737642128,65.48331452146132],[22.260468263463036,65.4828011406857],[22.26132519320829,65.48275987127917],[22.260797393151204,65.4824244965503],[22.264405040276888,65.4813487204561],[22.265013450056607,65.4804174124634],[22.265541261385707,65.48075277235479],[22.267205257802974,65.48049217013968],[22.267136625537393,65.47869149237236],[22.265323672926403,65.47841808279283],[22.26512492436027,65.4777060692253],[22.269668816885478,65.47532221364568],[22.27347405975772,65.47495823993196],[22.27380290770117,65.4745815702395],[22.275466426480367,65.47432088174298],[22.278464595550215,65.4741761305459],[22.278992446203365,65.47451144305555],[22.28113399803078,65.47440800539583],[22.283982721489743,65.47372915391655],[22.284480806646133,65.47550911325443],[22.285815594461795,65.47562500255165],[22.28739955757018,65.47663085338066],[22.286841865512116,65.47774023757493],[22.2877686232902,65.47949947508219],[22.28587584316273,65.4804929866342],[22.28264783774664,65.4813705733052],[22.282368850925238,65.48192525826852],[22.280655123439757,65.48200802963949],[22.28042588893358,65.48274070866675],[22.27891126593441,65.48353545013134],[22.279060647784927,65.48406944352952],[22.27996738477249,65.48420606601752],[22.28291683533818,65.48388321832634],[22.284102560246023,65.4834651300156],[22.284252047575578,65.48399911723543],[22.28515880749576,65.48413570833877],[22.285308321015663,65.48466969425236],[22.284501208098646,65.48488909545506],[22.283993068878164,65.48617646744538],[22.28280722141292,65.48659455610357],[22.282956703906684,65.48712854464469],[22.283813732483107,65.48708714670407],[22.284391760696383,65.48760043271987],[22.285248801990008,65.48755902651361],[22.28559773680923,65.48880499249242],[22.284661024783947,65.49011307192102],[22.283475012954646,65.49053116743906],[22.282538136667014,65.491839235321],[22.281730781169355,65.49205862411554],[22.282308884644085,65.49257191734281],[22.280594459240426,65.492654694928],[22.279886703985774,65.49323006823626],[22.27860084674829,65.49329213301606],[22.279587786843788,65.49216208449047],[22.279946794090502,65.49034073252962],[22.281132855579806,65.48992266421268],[22.280883751740422,65.48903267990033],[22.279976841027874,65.48889606463301],[22.279628172498178,65.48765008304572],[22.277156579864545,65.48813018882612],[22.276448864906328,65.48870554564792],[22.270120065709005,65.48937160649179],[22.269840735304847,65.48992627168154],[22.268275642017144,65.4905429123479],[22.268474594233616,65.49125491970763],[22.27066732157325,65.49132961807246],[22.271673795826082,65.49182228988802],[22.272530999785648,65.4917809542148],[22.272779850976747,65.49267095477337],[22.27587972760798,65.49288223360797],[22.27622830180698,65.49412822474224],[22.27589925888236,65.49450490160451],[22.27456353894873,65.49438893389559],[22.275290940512676,65.4954362524537],[22.27105408519572,65.49582096708477],[22.269967117177313,65.49659496270431],[22.270594864797715,65.4972863029526],[22.267613028391832,65.49905359848377],[22.265040663983996,65.49917751463398],[22.26334451685166,65.50088277819431],[22.26356223078226,65.50321746907811],[22.265097339790465,65.50404554146166],[22.266812571573713,65.5039629317421],[22.26757065809438,65.50356561595771],[22.273803348868697,65.5025436285957],[22.2754989069492,65.50083825352351],[22.27716406802187,65.50057753014214],[22.27749316413673,65.50020085001263],[22.28016523687033,65.50043271557684],[22.28001571949474,65.49989872465417],[22.28148138411017,65.49892596696314],[22.28405362951417,65.49880177219589],[22.282737638089785,65.50030854166869],[22.281172248290773,65.50092531879719],[22.280893044493865,65.5014800031264],[22.28003553846275,65.50152138921365],[22.280185067454692,65.50205537999767],[22.27753249889931,65.50344618276203],[22.27763215891903,65.50380217853788],[22.276774570466266,65.50384354693922],[22.27563763472746,65.50443958650324],[22.274351213833626,65.50450162068512],[22.274022021173046,65.50487829491729],[22.269833399240806,65.5054409901283],[22.26755901740557,65.50663296130631],[22.266272465395165,65.50669492803331],[22.26551427041022,65.50709223836863],[22.264656550840968,65.50713353931562],[22.26455705223873,65.50677753340858],[22.26241276896073,65.50688076292249],[22.261654508783902,65.50727805454213],[22.262599512516456,65.51066012841527],[22.264234558003903,65.51184421240389],[22.26657833545059,65.51245296148986],[22.26677744294497,65.51316496946883],[22.26773492621661,65.51347965774909],[22.26793407468352,65.51419166379785],[22.268841814461716,65.51432834315149],[22.269519788044274,65.51519768464757],[22.270806749494124,65.51513568625629],[22.27145434751565,65.51744968817609],[22.276043650823414,65.51831091553875],[22.279954798596922,65.51830271377958],[22.280942564856606,65.51717264839962],[22.281850473181176,65.51730924800066],[22.284324712389495,65.5168290393564],[22.28087259,65.50417321000002]],[[22.27498344803333,65.43375411893645],[22.274506148783082,65.4335967841615],[22.27493379650187,65.4335761183528],[22.27498344803333,65.43375411893645]],[[22.274028855244207,65.43343944781938],[22.274456500851873,65.4334187833848],[22.274506148783082,65.4335967841615],[22.274028855244207,65.43343944781938]],[[22.191925980000004,65.41824989],[22.213298869999996,65.41722691999999],[22.214505154413626,65.42159046345337],[22.216561892552164,65.41997043538821],[22.221396074725178,65.41865622504957],[22.2299450266016,65.4182457295668],[22.230224528553276,65.41769113629461],[22.23397270386179,65.41715021552311],[22.235402992328346,65.41762261598174],[22.23607717282486,65.41849214516381],[22.23489354471165,65.41890983590847],[22.234762169991818,65.41999848749083],[22.233479774072496,65.42006013420546],[22.23357845353165,65.42041616878393],[22.23239469913042,65.42083384115936],[22.232592038596998,65.42154591186012],[22.230651866252447,65.42236069463434],[22.230142105014412,65.42364790157126],[22.22895815093251,65.4240655489375],[22.229533650670092,65.42457906975925],[22.22867856161417,65.4246201407036],[22.22887583465327,65.4253322169063],[22.22807003419988,65.42555130370353],[22.22788904161906,65.42646193292254],[22.229040133446592,65.42748897959713],[22.228234269009224,65.42770806790189],[22.229007148279443,65.42893366643361],[22.23043800625662,65.4294061083178],[22.23305307976694,65.42946086383645],[22.23387560581701,65.43086445179044],[22.235635546517653,65.43096025853028],[22.23540541230551,65.43169287817574],[22.237593067239285,65.43176810646013],[22.23851472134266,65.43352769650735],[22.238054566038514,65.43499294308418],[22.23933767924683,65.4349312503605],[22.239206447391712,65.43601990428553],[22.23797268652301,65.43625961159175],[22.237742579839107,65.43699223450515],[22.23721603530475,65.43665676493248],[22.23593283161478,65.43671844050478],[22.23583404598485,65.43636240855609],[22.2349785845833,65.43640351890429],[22.234452087248822,65.43606803921726],[22.232790546414673,65.43632825649307],[22.232988037666125,65.43704032510134],[22.2313264201056,65.43730052700936],[22.230191236586236,65.43789620763192],[22.228809256382995,65.43760178681947],[22.22671979622415,65.43788247496002],[22.2269664737176,65.4387725724437],[22.225584481260842,65.43847812221574],[22.223017822804792,65.4386012670549],[22.22268865985997,65.43897782925856],[22.221833088210722,65.43901886615454],[22.221306702372694,65.43868333950299],[22.218361492219447,65.43900494270477],[22.217703012317568,65.43975804759113],[22.21827865643465,65.44027160987577],[22.21613959533972,65.44037413180041],[22.216238131749943,65.44073017907935],[22.21543175429824,65.4409492040204],[22.21534877566016,65.44221587097275],[22.214493084432025,65.4422568674248],[22.213505067250555,65.44338650125304],[22.212698585386093,65.44360551261235],[22.21284634302378,65.44413958732689],[22.212039832561846,65.44435859544615],[22.211199371061742,65.44602229150195],[22.20849935000792,65.44723383962769],[22.20859781379367,65.44758989259137],[22.207363217899108,65.44782935776144],[22.206374692882875,65.4489589498509],[22.204662833152412,65.44904084081195],[22.204761253014574,65.44939689670538],[22.203196959573493,65.4500128553823],[22.2018293670281,65.45134091487219],[22.19988605383683,65.45215533251263],[22.19881326376123,65.45455154593483],[22.199767763035087,65.45486669372102],[22.199964525561803,65.45557881255192],[22.197396046318758,65.4557015394156],[22.20025969150553,65.45664699009254],[22.20159317819085,65.45676363635876],[22.207965278885997,65.45627853075696],[22.207866784217302,65.45592247770739],[22.210484489915142,65.4559775985923],[22.21124209791677,65.45558056997685],[22.212954360130727,65.45549860043334],[22.21315148687907,65.45621069847698],[22.210878629669278,65.45740180198183],[22.211799496334788,65.45916156257623],[22.21089397019704,65.45902451913582],[22.210810763809953,65.46029118566567],[22.21166705119905,65.46025020423218],[22.21237547498355,65.45967514401666],[22.212474048006897,65.46003119334337],[22.214861248913003,65.46081882611674],[22.216573839906808,65.46073681228889],[22.216475207935975,65.46038076622126],[22.219521509236657,65.46041521978098],[22.220279102161154,65.46001814597624],[22.221991620281024,65.45993607141048],[22.222518458627498,65.46027159116143],[22.221662191077346,65.46031263394383],[22.22185959839847,65.46102471782362],[22.222715888857067,65.46098367369623],[22.223720273986675,65.4614766853854],[22.222485174629984,65.46171627919222],[22.222303808219863,65.46262690516961],[22.221447463247916,65.46266794749579],[22.221546173237158,65.4630239895406],[22.220261633036795,65.46308554498653],[22.220360328805064,65.46344158794544],[22.218318055098614,65.46390020244199],[22.21642368071117,65.46489285904899],[22.214661503983617,65.46479685019314],[22.213047244698814,65.46523489363628],[22.21281622758776,65.46596748730539],[22.210015699995044,65.46682303232927],[22.209307038622544,65.46739808377505],[22.208450512992282,65.46743905416082],[22.208351960977684,65.46708300202079],[22.207017917874463,65.46696642092905],[22.207116451216102,65.46732247412321],[22.205880918342093,65.46756193634351],[22.206506241563034,65.46825356635162],[22.205551164833256,65.46793846687694],[22.203887308126717,65.46819838853251],[22.202883024257567,65.46770524395808],[22.199506032158048,65.46804698120718],[22.19764528423272,65.46759471599287],[22.19736461315678,65.46814926011385],[22.19436659551989,65.46829239987316],[22.193229246008336,65.46888782344556],[22.193376778926442,65.46942191930628],[22.18566707511265,65.4697896741837],[22.18500691815924,65.47054265256584],[22.182633320653764,65.4713772846273],[22.18235229299149,65.47193180430554],[22.17635515693358,65.47221743898183],[22.17650236820465,65.47275155443961],[22.175645605480206,65.47279234107268],[22.17498508593809,65.47354527916482],[22.17518134386134,65.47425743508045],[22.176993120358436,65.47453193777677],[22.175855103339018,65.47512723697838],[22.17591741611945,65.476928016428],[22.176872480704766,65.47724330338319],[22.17520773270668,65.47750291772742],[22.17550218690576,65.47857115037593],[22.17464523175781,65.47861193321168],[22.173984545300595,65.47936486852025],[22.172748129339592,65.47960406823901],[22.172895317198176,65.48013818740615],[22.171560744275666,65.48002129828726],[22.171328451549588,65.48075384072673],[22.170752783221907,65.48024009983406],[22.16908778104147,65.48049964920776],[22.168561196159093,65.4801639406868],[22.168548400625404,65.47854119494963],[22.16464302043509,65.47854645973739],[22.163933043671076,65.47912131091317],[22.160554024115974,65.47946219683602],[22.160223470430914,65.4798386360785],[22.159366445028695,65.47987933292693],[22.16045606914763,65.47910610773677],[22.160358117122996,65.47875001854423],[22.15907263177758,65.47881106262652],[22.158546209065847,65.4784753176172],[22.158876770992364,65.4780988819597],[22.159733739002746,65.47805818844745],[22.15939097078324,65.47681187371754],[22.1576281596894,65.47671520551764],[22.154726764370746,65.47721366225572],[22.155057366903215,65.4768372345566],[22.153711175364148,65.47509742940115],[22.154996493408277,65.47503643256728],[22.154898634070733,65.47468033892034],[22.15765290773657,65.47364774433738],[22.157457132269805,65.4729355609653],[22.15826498612635,65.4727168315577],[22.15816709280257,65.47236074035206],[22.156502455858213,65.47262014748074],[22.15640458694949,65.47226405489475],[22.15511940901025,65.47232506234755],[22.15502156025008,65.47196896866822],[22.154115865212983,65.47183158638954],[22.151545532299878,65.47195355118865],[22.150027522181325,65.47274703225297],[22.14821613612356,65.47247220233619],[22.14612297828658,65.47275181012688],[22.145792294239747,65.47312821907734],[22.144078625787134,65.47320944047162],[22.144176331268895,65.47356554262502],[22.142891055011248,65.47362644698524],[22.14183884984843,65.47295483612427],[22.142646839840086,65.47273618893135],[22.143161752146444,65.47144922897458],[22.14101978982095,65.47155071417875],[22.14006535777732,65.4712351944321],[22.13840060094243,65.47149440322232],[22.137261816182566,65.47208941905511],[22.135927798837773,65.47197220977445],[22.136735810162417,65.47175359399267],[22.13663821407695,65.47139748595924],[22.137923398463645,65.471336635696],[22.139062135993186,65.47074161533003],[22.13896451282047,65.4703855090597],[22.1406291936174,65.4701262947909],[22.140862272633342,65.46939379191055],[22.140005552867724,65.46943437596082],[22.139907922753025,65.46907827036323],[22.14209851701891,65.46915485482111],[22.141952032131876,65.46862069881507],[22.14280872162247,65.46858010401773],[22.14304172794345,65.46784759847039],[22.142087410067262,65.46753209037904],[22.140851241571834,65.46777102664348],[22.140325280210266,65.4674352136331],[22.13946862353047,65.46747579402472],[22.138845080522202,65.46678386943431],[22.141561438035666,65.46719628177686],[22.14579577712899,65.46681522222076],[22.146934140541127,65.46622014612201],[22.146836430677116,65.46586404577018],[22.148451878153317,65.4654266987524],[22.14835415122639,65.46507059954614],[22.149161844464132,65.46485192037531],[22.14853811345269,65.46416003762664],[22.15020229989576,65.46390072264298],[22.15005568522465,65.46336657573758],[22.15395881952474,65.4633617099519],[22.155096847359548,65.46276657557723],[22.154093681467113,65.46227309574363],[22.156283733750225,65.46234947973548],[22.15618591420468,65.46199338649274],[22.157042360189863,65.46195271332772],[22.156516315225687,65.46161695751118],[22.159746302257492,65.46074204793325],[22.160358029072285,65.45981112999065],[22.162352103438117,65.4591752479877],[22.162584490969582,65.45844271829141],[22.16143455064314,65.45741515386617],[22.160578261274296,65.4574558504168],[22.158572183760516,65.45646895438914],[22.157336691507073,65.45670801901107],[22.15723888311145,65.45635192632315],[22.156382620623162,65.45639259881484],[22.156235930721003,65.45585845860859],[22.15547746355866,65.45625521943329],[22.1541930685091,65.45631621137684],[22.151000676391497,65.4557462885922],[22.149337013276202,65.4560056072957],[22.148334220856245,65.45551208552713],[22.147526804801185,65.45573075759022],[22.1474291341708,65.45537465720385],[22.14533732694752,65.45565424099016],[22.144811561520935,65.45531844165633],[22.14395530951256,65.45535904356062],[22.143722420554855,65.45609154946331],[22.142866141234606,65.45613214545595],[22.141435330016883,65.45565887286192],[22.14057906055679,65.45569945578657],[22.140004570358663,65.45518558620321],[22.136958895930128,65.45514952219031],[22.136812610499575,65.45461535918707],[22.13776638592124,65.4549309059288],[22.140335125948173,65.45480919110976],[22.13976066105755,65.45429532034719],[22.137999433870178,65.45419840766012],[22.140947421825416,65.45387834625261],[22.14164623834903,65.4516808387894],[22.14293044143402,65.45161995546022],[22.142258420195144,65.45074998969778],[22.14334739134024,65.44997689406887],[22.14305463641869,65.44890858204296],[22.143861883675726,65.4486899355307],[22.144866116201236,65.4475459091907],[22.13509822,65.44800929],[22.132662429999996,65.4391065],[22.14596445605511,65.43847551298529],[22.146595001417534,65.4380990380673],[22.146107137886965,65.43631852740019],[22.144298335857847,65.43604362519808],[22.14405449604578,65.43515336543715],[22.143150141149167,65.43501590429074],[22.14305262324598,65.43465979951279],[22.144763775703147,65.43457861426783],[22.146561230068727,65.43323074859629],[22.148223486231853,65.43297147417098],[22.14973931112881,65.43217803227009],[22.151022536328135,65.43211708963617],[22.151303851465435,65.43156262530911],[22.1529659525727,65.43130330014226],[22.155678801319397,65.43171549292906],[22.157292018289034,65.43127807298875],[22.15757319183635,65.43072359835494],[22.16127595033685,65.43000640459125],[22.161984713789856,65.42943157750729],[22.1632677701695,65.42937053236555],[22.165601780084742,65.42998094144407],[22.167691316828513,65.42970109906003],[22.169597762307983,65.43033180725475],[22.170270123026945,65.43120164807355],[22.17198094774935,65.43112015734732],[22.17187025176756,65.42914132881698],[22.174583152905026,65.42955318111882],[22.17510875802002,65.42988887838851],[22.178053527125456,65.42956812385735],[22.17815149736544,65.42992420154252],[22.18157290912306,65.42976102425474],[22.18474912518616,65.42870758879644],[22.18693642535904,65.42878355519998],[22.187265987469026,65.42840706709083],[22.188219379681144,65.42872229882752],[22.189404208749654,65.42830496275577],[22.19121291401761,65.42857932510857],[22.193252960701773,65.4281210990249],[22.193582423307927,65.42774459809392],[22.195671461244153,65.42746437304292],[22.195569481957968,65.42709459140985],[22.19437955,65.42715155],[22.191925980000004,65.41824989]],[[22.316799537466363,65.50244874848418],[22.316370803354776,65.502469543792],[22.31632071224783,65.50229156129728],[22.316799537466363,65.50244874848418]],[[22.316190535317716,65.47866392651744],[22.31644072072925,65.47955384180125],[22.315684069370626,65.479951388359],[22.312357141287126,65.48047363177511],[22.31225711617221,65.48011766252048],[22.313442189952074,65.47969935043538],[22.31409882426893,65.47894584699038],[22.316190535317716,65.47866392651744]],[[22.31434924523527,65.5045521073592],[22.314299163073944,65.50437412410737],[22.314727930418638,65.50435333434591],[22.31434924523527,65.5045521073592]],[[22.301728665385937,65.46890149720875],[22.301529014053266,65.46818954057072],[22.302435304494068,65.46832603264895],[22.302335470372306,65.46797005491358],[22.30536141976197,65.46638011987221],[22.30783043090917,65.46589957838665],[22.308158672283028,65.46552283995338],[22.309921177524956,65.46561775430217],[22.309314694761227,65.46654922387762],[22.30674576346874,65.46667381566714],[22.30737371123645,65.46736500117582],[22.306189086021313,65.46778326121338],[22.30638886034024,65.46849521046634],[22.304775972711667,65.46893422051903],[22.304547511063376,65.46966692847077],[22.3036910925129,65.46970843796255],[22.302984445758362,65.47028390847149],[22.301371389999723,65.47072288382813],[22.29875210491654,65.47066935475098],[22.298980736888005,65.46993665388042],[22.299837171928584,65.4698951709386],[22.300115671822557,65.46934045853654],[22.301728665385937,65.46890149720875]],[[22.307950273705938,65.39517353740393],[22.307523282765587,65.39519429023956],[22.307473498903086,65.39501630167887],[22.307950273705938,65.39517353740393]],[[22.30607384696428,65.50603557162434],[22.306023817728356,65.50585758510913],[22.3064526173579,65.50583681849982],[22.30607384696428,65.50603557162434]],[[22.304129890188506,65.50685133661577],[22.303701071683548,65.50687209682359],[22.30360104241621,65.50651612191847],[22.304129890188506,65.50685133661577]],[[22.28773898885656,65.48094414050135],[22.28859580570913,65.480902717531],[22.289681586330794,65.48012859965873],[22.29230181246729,65.48018227671528],[22.29205244078218,65.4792923134386],[22.29066757716662,65.4789984881118],[22.292759564073936,65.47871688938547],[22.293088175475148,65.47834018007093],[22.295001176300815,65.4789692369088],[22.295200749408323,65.47968120291803],[22.297771024060307,65.47955679420733],[22.298527942368768,65.47915933474057],[22.30071971204533,65.4792336065189],[22.30011261020064,65.48016504522454],[22.299255839550653,65.48020653305821],[22.29774194367396,65.48100145607712],[22.296456738679314,65.4810636663224],[22.29550013155521,65.48074915121025],[22.293786531335687,65.48083207028007],[22.29388630844863,65.48118805421095],[22.29169438804774,65.48111368477578],[22.290608628659704,65.48188781690116],[22.288566219952745,65.48234738262053],[22.28723107569051,65.48223152116587],[22.28647389560453,65.48262892660757],[22.286324372386137,65.48209494193836],[22.28718122963234,65.48205352659159],[22.28773898885656,65.48094414050135]],[[22.29239270060562,65.48360558182607],[22.292821148536028,65.48358485735943],[22.292871036492276,65.48376284965569],[22.29239270060562,65.48360558182607]],[[22.29329948654044,65.48374212381152],[22.295113086071222,65.48401519117972],[22.29574117224108,65.48470642363165],[22.29488424448329,65.484747888228],[22.294984054580134,65.48510387110048],[22.29284169338915,65.48520751315574],[22.290828524496437,65.48422244698071],[22.290728775009278,65.48386646076172],[22.291207106041007,65.48402373390752],[22.29329948654044,65.48374212381152]],[[22.287826638509813,65.46885283252908],[22.288732885239654,65.46898940727651],[22.289868018678497,65.46839328698465],[22.291630664018452,65.46848841344271],[22.291879897000204,65.4693783788355],[22.29107330675148,65.46959780997835],[22.291172995225054,65.46995379659822],[22.289888313791774,65.4700159457697],[22.288374700469923,65.47081077213869],[22.28452048571667,65.47099711713777],[22.28437108263097,65.4704631293155],[22.28716947646138,65.46960622697816],[22.287826638509813,65.46885283252908]],[[22.290338922773078,65.47937519258512],[22.289910541398193,65.47939590935322],[22.289860683640097,65.47921791577672],[22.290338922773078,65.47937519258512]],[[22.281082642163483,65.4975019945846],[22.28093312629583,65.49696800454672],[22.28244844330487,65.49617323599969],[22.284163092327788,65.49609043517117],[22.28449203353394,65.49571374132765],[22.28464161342231,65.49624772721472],[22.285927598683607,65.49618560977062],[22.28663529549809,65.49561020875915],[22.289107405791412,65.49512994282591],[22.288928204721632,65.49604062677433],[22.287363215502335,65.49665746406549],[22.28670538528913,65.49741086301414],[22.285040526103213,65.49767168852371],[22.285190130726765,65.49820567361836],[22.283804324044137,65.49791179473155],[22.283505182213624,65.49684382098205],[22.281082642163483,65.4975019945846]],[[22.288994650939838,65.48232666917345],[22.289044509964246,65.48250466302065],[22.288616076110053,65.4825253766375],[22.288994650939838,65.48232666917345]],[[22.284880500278078,65.49244771471878],[22.285309100261532,65.49242701005277],[22.285358957466105,65.49260500512561],[22.284880500278078,65.49244771471878]],[[22.285787559569858,65.49258429908167],[22.287701454196327,65.49321343947923],[22.28656522251525,65.49380955428998],[22.286764702770775,65.49452153231039],[22.28600716932034,65.4949189388872],[22.28510002703976,65.4947823566644],[22.28439231735557,65.4953577506162],[22.283385467379883,65.49486516724033],[22.28252818305413,65.49490656527827],[22.28195002091753,65.49439327347554],[22.28260791858057,65.49363989454862],[22.285787559569858,65.49258429908167]],[[22.28619497861273,65.48318361794105],[22.28591605040745,65.4837383088691],[22.28533808246721,65.48322502807872],[22.28619497861273,65.48318361794105]],[[22.28553923442076,65.49945163799862],[22.285589109376033,65.49962963281402],[22.28516039157506,65.49965033943795],[22.28553923442076,65.49945163799862]],[[22.28528987089077,65.49856166356138],[22.284861170317175,65.49858236916647],[22.28481130273141,65.49840437403716],[22.28528987089077,65.49856166356138]],[[22.28506064815693,65.49929434944349],[22.285110519491123,65.49947234445274],[22.284681803811758,65.49949304969829],[22.28506064815693,65.49929434944349]],[[22.284988744207357,65.4742217415549],[22.285038557331305,65.47439973718541],[22.28461025232735,65.47442043816609],[22.284988744207357,65.4742217415549]],[[22.284582067635654,65.49913705931623],[22.284631935348866,65.49931505451924],[22.28420322179112,65.49933575838642],[22.284582067635654,65.49913705931623]],[[22.2811725544839,65.49316799258212],[22.280743938400082,65.49318868567511],[22.28069411126465,65.4930106887834],[22.2811725544839,65.49316799258212]],[[22.276724384111738,65.43222677240053],[22.27757962989207,65.4321854274875],[22.277629296199063,65.43236342705431],[22.276724384111738,65.43222677240053]],[[22.276018102243714,65.43280211315307],[22.275590468181033,65.43282278189999],[22.27554081466147,65.43264478153506],[22.276018102243714,65.43280211315307]],[[22.27312392317566,65.43330277176571],[22.272268632460563,65.43334409186193],[22.272219000296513,65.43316609019186],[22.27312392317566,65.43330277176571]],[[22.27127100356614,65.4048892633421],[22.2705157465093,65.40528656984024],[22.270416634984464,65.40493056375699],[22.27127100356614,65.4048892633421]],[[22.219409464687082,65.50227014959069],[22.218980640539094,65.50229066954162],[22.218931213062948,65.50211264844953],[22.219409464687082,65.50227014959069]],[[22.21476263985184,65.4604627787053],[22.215618925374535,65.46042177487695],[22.2156682352624,65.46059979825853],[22.21476263985184,65.4604627787053]],[[22.21402588147628,65.45310229906548],[22.214635498235925,65.45217118218463],[22.215590094048324,65.45248622897226],[22.21402588147628,65.45310229906548]],[[22.19520281181148,65.47131893294122],[22.194922053038564,65.47187347336522],[22.19434613123459,65.47135982484525],[22.19520281181148,65.47131893294122]],[[22.181973536305133,65.53977143010299],[22.182072059966366,65.54012749950617],[22.181642578376945,65.54014791992431],[22.181973536305133,65.53977143010299]],[[22.180348324215526,65.5338962713849],[22.179918943536325,65.53391668593457],[22.179869710172817,65.53373865025502],[22.180348324215526,65.5338962713849]],[[22.179771245669556,65.53338257882542],[22.179341872896174,65.53340299166109],[22.179292644638686,65.53322495574346],[22.179771245669556,65.53338257882542]],[[22.17584187455306,65.47350449602577],[22.175989084097466,65.47403861199477],[22.17556068155475,65.47405900466963],[22.17584187455306,65.47350449602577]],[[22.17332134299642,65.53837882423593],[22.17375080332538,65.53835842763576],[22.173800005463633,65.53853646560088],[22.17332134299642,65.53837882423593]],[[22.172941078297427,65.53857725792473],[22.173419742246438,65.53873490047773],[22.172560807830962,65.53877569071363],[22.172941078297427,65.53857725792473]],[[22.172413227369564,65.53824157531079],[22.171983767701775,65.53826196810908],[22.17193457857989,65.53808392942712],[22.172413227369564,65.53824157531079]],[[22.171442578854528,65.42916170267762],[22.170159555711802,65.42922281702737],[22.170061697143762,65.42886673305605],[22.171442578854528,65.42916170267762]],[[22.170569515967447,65.48115068185184],[22.170140991875247,65.4811710603399],[22.170091944920582,65.4809930195882],[22.170569515967447,65.48115068185184]],[[22.169492250879177,65.53711763680197],[22.169921694065,65.53709725123298],[22.169970867208995,65.53727529072533],[22.169492250879177,65.53711763680197]],[[22.168633362286304,65.53715840430567],[22.16906280695293,65.53713802115956],[22.16911197432994,65.5373160609867],[22.168633362286304,65.53715840430567]],[[22.16911197432994,65.5373160609867],[22.16959059214064,65.53747371609809],[22.169161142447354,65.53749410079047],[22.16911197432994,65.5373160609867]],[[22.16780223435926,65.48056076816816],[22.167373717324967,65.48058113873844],[22.167324690536535,65.48040309689107],[22.16780223435926,65.48056076816816]],[[22.16764240285443,65.42952305613248],[22.16721471974622,65.42954341810595],[22.16711689971366,65.42918733184752],[22.16764240285443,65.42952305613248]],[[22.157113280823914,65.48431517681728],[22.159060298037808,65.48350127408192],[22.158962345127815,65.48314518400737],[22.16010109406211,65.48255000500333],[22.163578527868747,65.48256521187068],[22.161962298254107,65.48300272824538],[22.162158287396412,65.48371490362901],[22.161252145999086,65.48357756850793],[22.160921553683433,65.48395400963986],[22.15877865089283,65.48405575584219],[22.158974562895207,65.48476793609863],[22.158166347757465,65.48498667279404],[22.157113280823914,65.48431517681728]],[[22.161448121011965,65.4842897449465],[22.16101953692089,65.48431009814621],[22.160970544934013,65.48413205390469],[22.161448121011965,65.4842897449465]],[[22.159672537205097,65.48257035411753],[22.159623558321208,65.48239230930895],[22.16005211230778,65.4823719603616],[22.159672537205097,65.48257035411753]],[[22.15902354273606,65.4849459811044],[22.159072523313064,65.48512402608687],[22.158643923320735,65.48514437270279],[22.15902354273606,65.4849459811044]],[[22.156829602139236,65.51643448125547],[22.158447963178396,65.51599699921029],[22.15859510633845,65.5165311325596],[22.156927676763235,65.51679057142107],[22.156829602139236,65.51643448125547]],[[22.157128176631947,65.46068605135004],[22.15669997479882,65.46070638857698],[22.15665106553788,65.4605283420908],[22.157128176631947,65.46068605135004]],[[22.154736467149853,65.49146236364788],[22.155544909684245,65.49124364310053],[22.155642852708493,65.49159973545962],[22.154736467149853,65.49146236364788]],[[22.155642852708493,65.49159973545962],[22.156120536805357,65.49175744227911],[22.155691825324926,65.4917777816042],[22.155642852708493,65.49159973545962]],[[22.15591258627044,65.48942250438361],[22.155483912868753,65.48944284274923],[22.155434946949562,65.4892647964683],[22.15591258627044,65.48942250438361]],[[22.155091259736455,65.49433144290684],[22.15466250508736,65.49435177973109],[22.154564562960747,65.49399568673712],[22.155091259736455,65.49433144290684]],[[22.153976972041374,65.49185912681496],[22.15440568646645,65.49183879232574],[22.15445465120058,65.49201683894734],[22.153976972041374,65.49185912681496]],[[22.15445465120058,65.49201683894734],[22.154932336105563,65.49217454951388],[22.15450361667083,65.49219488554567],[22.15445465120058,65.49201683894734]],[[22.15298455484478,65.49298840641119],[22.15174729785386,65.4932274423943],[22.15207813371808,65.49285101900402],[22.151073834695815,65.49235753027591],[22.14726419105071,65.4927184625162],[22.14630889671189,65.49240299067166],[22.1465908903987,65.49184852884203],[22.145684540752523,65.49171110239585],[22.145060218805607,65.49101921120621],[22.14634634368135,65.49095828015011],[22.147057020145056,65.49038350490636],[22.147914412875178,65.49034287432126],[22.148478280687147,65.48923394528106],[22.149335633064457,65.48919330702424],[22.14966645614019,65.48881688902301],[22.151381126149328,65.4887355945011],[22.151050328993644,65.48911201600436],[22.15190767254485,65.4890713632414],[22.152238456740456,65.48869493998724],[22.152385287558783,65.4892290825414],[22.153671303777298,65.48916809020406],[22.153732173775584,65.49096889252333],[22.154589573162262,65.49092822400358],[22.154687501751233,65.49128431712307],[22.153401384331133,65.49134531908992],[22.15264187184334,65.49174207571683],[22.15298455484478,65.49298840641119]],[[22.153855202583877,65.48825752263505],[22.154859390959082,65.48875099397536],[22.153671303777298,65.48916809020406],[22.153855202583877,65.48825752263505]],[[22.15434722084535,65.47741204233463],[22.153918742729164,65.47743237436313],[22.15382088723046,65.4770762799886],[22.15434722084535,65.47741204233463]],[[22.152683257327798,65.52979796059401],[22.15349288978736,65.52957923957253],[22.153590978525607,65.52993533172089],[22.152683257327798,65.52979796059401]],[[22.152302954082515,65.5299963428086],[22.15273229630185,65.52997600699048],[22.152781336014183,65.53015405336363],[22.152302954082515,65.5299963428086]],[[22.150179151737397,65.4938428887209],[22.15060790225334,65.49382256465474],[22.150656845615703,65.49400061271072],[22.150179151737397,65.4938428887209]],[[22.1497993381011,65.49404125996735],[22.150228092226303,65.49402093694356],[22.150277033451022,65.49419898514296],[22.1497993381011,65.49404125996735]],[[22.14360537170559,65.46673868955143],[22.1440336844775,65.4667183883818],[22.144082521908818,65.4668964396412],[22.14360537170559,65.46673868955143]],[[22.14082791985418,65.45027670829117],[22.141255966107604,65.45025641759143],[22.141304747574836,65.4504344703224],[22.14082791985418,65.45027670829117]],[[22.141304747574836,65.4504344703224],[22.14178158102181,65.45059223079133],[22.141353529774314,65.45061252303022],[22.141304747574836,65.4504344703224]],[[22.136714348921775,65.51125444335547],[22.136187531044726,65.5109186243853],[22.13661657488004,65.51089833717336],[22.136714348921775,65.51125444335547]],[[22.136225508130956,65.50947391151574],[22.137034661761742,65.50925528314653],[22.136361241767446,65.50838530520552],[22.138604032781632,65.50863996143327],[22.1387018237028,65.50899606617497],[22.13789269248524,65.50921470324883],[22.13808826307658,65.5099269136925],[22.139375338175977,65.50986603277228],[22.13661657488004,65.51089833717336],[22.136225508130956,65.50947391151574]],[[22.138709569366117,65.46787247626617],[22.13737576275769,65.46775527771962],[22.137326969002483,65.46757722386896],[22.138611963918272,65.46751636958555],[22.138709569366117,65.46787247626617]],[[22.13638307055815,65.51163083732247],[22.135954014475256,65.51165112399016],[22.13590513137179,65.51147307062425],[22.13638307055815,65.51163083732247]],[[22.13593223895434,65.5084055912969],[22.135883363331715,65.50822753784576],[22.136312363267503,65.50820725192087],[22.13593223895434,65.5084055912969]],[[22.136149554243865,65.5123633372216],[22.13572048591264,65.51238362334503],[22.13562272031388,65.51202751644283],[22.136149554243865,65.5123633372216]],[[22.134927623724014,65.5079119984279],[22.134498627337216,65.50793228038992],[22.13444976255191,65.5077542263698],[22.134927623724014,65.5079119984279]],[[22.132698517023353,65.45859780400912],[22.132747259094742,65.45877585987313],[22.132319065648662,65.45879612787408],[22.132698517023353,65.45859780400912]],[[22.132684883121286,65.42685458534116],[22.132733553782998,65.42703264196221],[22.132305878590937,65.42705290488082],[22.132684883121286,65.42685458534116]],[[22.131413943085814,65.45865860389205],[22.131744664644255,65.45828222600984],[22.13227032644266,65.45861807184401],[22.131413943085814,65.45865860389205]],[[22.132208543712846,65.42669679128385],[22.132257210786943,65.42687484809389],[22.13140186392862,65.42691536998294],[22.132208543712846,65.42669679128385]],[[22.08784915497732,65.49462006196309],[22.086659705060672,65.49503664427415],[22.086950779745905,65.49610508103979],[22.088811743966286,65.49655870736963],[22.090955998832158,65.496457940474],[22.090858914880627,65.49610179809066],[22.092096892280377,65.49586325369995],[22.09394970684332,65.49469402099957],[22.096619752513586,65.49492914975495],[22.097242899685483,65.49562125218048],[22.098529385101795,65.49556072458581],[22.098472297180475,65.49375986420806],[22.100236082623486,65.49385721324958],[22.10000167903562,65.49458966591689],[22.101482546798447,65.49524138408599],[22.10319781849097,65.49516063048942],[22.105147347343035,65.49434739856316],[22.108197593666915,65.49438406006763],[22.107826527865576,65.49620511490359],[22.108684184946288,65.49616470433908],[22.11011668260727,65.4966382707606],[22.10892750802582,65.49705502560951],[22.107212133433826,65.49713584521542],[22.10531111071203,65.49812717065919],[22.10445338295535,65.49816756276586],[22.10331267866523,65.49876234095292],[22.10241505978607,65.50024744453737],[22.105806564887423,65.50153061218373],[22.111236369201936,65.50073373079441],[22.111333751558206,65.50108985717667],[22.112620466652388,65.5010292074433],[22.111860048359993,65.50142576776682],[22.11200614041004,65.50195995653083],[22.115057279864914,65.50199647098914],[22.116441486503597,65.50229191159762],[22.116675483935104,65.50155943744113],[22.11677294411091,65.50191555956421],[22.118439854670985,65.50165656839701],[22.120828178476543,65.50244567607876],[22.12211493368374,65.50238494515133],[22.12188108345163,65.50311742629621],[22.122885266604786,65.50361111003284],[22.123470634789996,65.50574781186769],[22.121472084896165,65.50638322329033],[22.122720303197767,65.50776720179536],[22.121530837921085,65.50818405854612],[22.122057412530243,65.50851993092556],[22.120770355065936,65.50858066427683],[22.120867902678235,65.50893678288868],[22.120009849188644,65.50897726640338],[22.11944438413993,65.51008610434397],[22.117923222952886,65.51087929286145],[22.115875400860965,65.51133657484144],[22.115972894180402,65.51169269712324],[22.110394846255403,65.51195557912358],[22.10920499096478,65.51237234265169],[22.10748861177877,65.51245317507109],[22.105966945794364,65.513246248153],[22.104679610371594,65.51330684722248],[22.1047769599525,65.51366297809338],[22.103967391287895,65.51388143781608],[22.0984373637259,65.51432195074506],[22.097773609440416,65.51507458163043],[22.096915311198593,65.51511493644993],[22.0963402973086,65.51460090617641],[22.094477901148586,65.51414738639694],[22.09271275584495,65.51404998326063],[22.09208925992357,65.51335786566028],[22.086178528987254,65.5139961640811],[22.085036727130387,65.51459081478455],[22.084178421044598,65.51463109740057],[22.082704438097338,65.5156020179169],[22.081846094444064,65.51564228765741],[22.079991291233704,65.51681139077894],[22.07703541274581,65.51713033736205],[22.07626678951446,65.51590392292111],[22.075311464513998,65.51558800286527],[22.07434909328544,65.51364926987138],[22.076494818114757,65.51354869403436],[22.078017414640144,65.51275590862768],[22.077920433915253,65.51239975701763],[22.07877867834393,65.51235951050495],[22.0786816890187,65.51200335946388],[22.080536221674112,65.51083427493121],[22.079808744490776,65.50816314952418],[22.078376136537287,65.50768929705117],[22.07665995003637,65.50776977774336],[22.07632067323022,65.50652324221488],[22.077559279917374,65.50628481087804],[22.078223413127198,65.50553226502271],[22.08060349090859,65.50469921259148],[22.082110444024195,65.50066078709399],[22.086966362226516,65.49935067994872],[22.08672376125799,65.49846031644856],[22.085865987928027,65.49850060352848],[22.085340082146036,65.49816459870148],[22.083624546823,65.49824515218327],[22.08043581911852,65.49929657719761],[22.080573855650325,65.49820799907266],[22.081334667352415,65.49781159235494],[22.080331485191824,65.49731762309064],[22.080089132957525,65.4964272465355],[22.08165912505183,65.49581250996673],[22.08265475713144,65.49468366839507],[22.08198354151635,65.49381342723123],[22.08060016321923,65.49351766319087],[22.080357844379293,65.49262728670516],[22.081166967965768,65.49240895759485],[22.08140188591864,65.49167652919675],[22.082639746335715,65.49143806337253],[22.0856334687091,65.48967430837303],[22.08810889724078,65.48919730007819],[22.08839210315435,65.48864293533556],[22.089249548481362,65.48860263707613],[22.09111000857607,65.48905624000295],[22.09135265348901,65.48994659613663],[22.08978324083821,65.49056142784336],[22.08992880861796,65.49109564302479],[22.088739550412143,65.49151223987252],[22.088836584918013,65.49186838411178],[22.09012290920481,65.49180792961174],[22.08974265926832,65.49200615407575],[22.090317021465545,65.4925202158311],[22.08784915497732,65.49462006196309]],[[22.106269877233547,65.49050703450901],[22.107984820546406,65.49042622975452],[22.10641578141654,65.49104123054921],[22.106181572790735,65.49177369093866],[22.10504118013239,65.49236847920304],[22.102565779105564,65.49284576454261],[22.102800097529325,65.49211330870668],[22.106269877233547,65.49050703450901]],[[22.100996466681565,65.49346071169485],[22.10013888394576,65.49350107792485],[22.100041688190963,65.49314494250802],[22.100996466681565,65.49346071169485]],[[22.092784497796213,65.49042033311694],[22.09235574899128,65.49044049313427],[22.092307210612415,65.4902624223531],[22.092784497796213,65.49042033311694]],[[22.0915548358967,65.49228167743846],[22.09198361563412,65.4922615193956],[22.092032156292138,65.49243959025465],[22.0915548358967,65.49228167743846]],[[22.091215091845807,65.49103517962425],[22.09164385146245,65.49101502273876],[22.091692387011967,65.4911930937587],[22.091215091845807,65.49103517962425]],[[22.09117459033837,65.49247990546166],[22.091603373680158,65.49245974846286],[22.091651912193417,65.49263781946426],[22.09117459033837,65.49247990546166]],[[22.090834861300443,65.491233406651],[22.091263624521055,65.49121325080952],[22.091312157925998,65.49139132197179],[22.090834861300443,65.491233406651]],[[22.090600212353092,65.49196584711699],[22.09102898780098,65.49194569182355],[22.091077521250366,65.49212376305921],[22.090600212353092,65.49196584711699]],[[22.090454625006444,65.49143163277608],[22.090883391831053,65.49141147797862],[22.090931923091336,65.49158954928323],[22.090454625006444,65.49143163277608]],[[22.090219963875867,65.49216407276737],[22.090648742927964,65.49214391851798],[22.09069727423254,65.49232198989604],[22.090219963875867,65.49216407276737]],[[22.0900743829637,65.49162985799944],[22.090503153392344,65.49160970424603],[22.090551682507886,65.49178777569298],[22.0900743829637,65.49162985799944]],[[22.057956867676584,65.49169320816745],[22.059098324854986,65.4910987650778],[22.05933385462332,65.49036636513664],[22.06095231434474,65.48992992564318],[22.061858182737822,65.49006786473637],[22.064044041317032,65.48852275110528],[22.06427941257291,65.48779034495679],[22.065040181411195,65.48739402061717],[22.066326351994608,65.48733377011662],[22.066990359963274,65.48658127463669],[22.06789614100539,65.48671917838416],[22.068179754549043,65.4861648476093],[22.0690855269009,65.48630274431201],[22.071083879721726,65.48566802723336],[22.072369948614554,65.48560772627357],[22.073510812802528,65.48501318000359],[22.075654192394346,65.48491263855846],[22.077603851511018,65.4840997605926],[22.078889825139193,65.48403940506076],[22.079221611803074,65.48366313216765],[22.083556541740553,65.48363993403149],[22.085602807657885,65.48318310457276],[22.08627384983388,65.48405333144309],[22.085465025728432,65.48427168502987],[22.08580438965637,65.48551819952354],[22.08499551675356,65.48573655106368],[22.085618125007834,65.48642870666225],[22.083336786768033,65.48761796960846],[22.083101953501004,65.4883504002339],[22.081864242462967,65.4885888684155],[22.08220350245292,65.48983539193154],[22.07844162091649,65.49037267076392],[22.07458973992107,65.49217651008287],[22.073303354174058,65.4922368329738],[22.072687805552587,65.49316743398104],[22.07149817180971,65.49358389874983],[22.07093093125367,65.49469257224644],[22.066745782360805,65.4968724804199],[22.0632180214323,65.49667698200865],[22.060403061221876,65.49590701361062],[22.059303693708028,65.49505673422297],[22.058445981101787,65.4950968651364],[22.05753400637926,65.49333608855665],[22.05819841332603,65.49258362794393],[22.057956867676584,65.49169320816745]],[[22.069704029125003,65.52053974723147],[22.069274764430972,65.5205598467102],[22.069226315818355,65.5203817677286],[22.069704029125003,65.52053974723147]],[[22.068472858397794,65.51121933846248],[22.068521281357707,65.51139741795106],[22.068092165775713,65.51141751264862],[22.068472858397794,65.51121933846248]],[[22.066771954576833,65.5033637298358],[22.06720093915509,65.50334364013763],[22.067249335826464,65.50352172030266],[22.066771954576833,65.5033637298358]],[[22.05820497741838,65.48140198214229],[22.05991950267097,65.48132172680879],[22.060160999430153,65.48221214403426],[22.058971650035026,65.48262850753383],[22.058736167837257,65.48336090652558],[22.056924940936245,65.48308498057307],[22.056780100944213,65.4825507266312],[22.05820497741838,65.48140198214229]],[[22.05992586221458,65.49574899976788],[22.059068128052708,65.49578913441779],[22.05901980439154,65.49561105091873],[22.05992586221458,65.49574899976788]],[[22.05964247505544,65.45788993229239],[22.059690718855073,65.45806801644433],[22.059262468998895,65.45808807779089],[22.05964247505544,65.45788993229239]],[[22.056173990317813,65.45949512386726],[22.053604320777488,65.45961541551621],[22.053031433182188,65.45910119996348],[22.051698420056248,65.45898323719848],[22.051602037791795,65.45862706276466],[22.054358839543667,65.45759632826329],[22.053834185927258,65.457260201679],[22.052597651857766,65.45749841893378],[22.05202483260584,65.45698419889048],[22.052784919612982,65.4565879426433],[22.054117814292255,65.45670589696029],[22.053785983743982,65.45708211525415],[22.054738876532813,65.45739819480764],[22.056451843241728,65.45731799376884],[22.056307185086748,65.45678373745145],[22.057115423224822,65.45656554551611],[22.057971876403087,65.45652543423502],[22.058116566787753,65.45705968864873],[22.058973034269776,65.45701957155111],[22.059594231980288,65.45771184811765],[22.056173990317813,65.45949512386726]],[[22.044126065820937,65.50316010359842],[22.04498406954939,65.50312005115877],[22.044887582129565,65.50276387365173],[22.0474132814656,65.50246560145739],[22.047322107286018,65.50373225033348],[22.046179839505193,65.50432661213502],[22.04675363670215,65.5048408446614],[22.044420681517686,65.50585146380092],[22.044517176342804,65.5062076415207],[22.042849198502388,65.5064658276921],[22.0421789768318,65.5055954005378],[22.044126065820937,65.50316010359842]],[[22.04555915836864,65.48920694319244],[22.04470161215523,65.4892469945276],[22.044605190405914,65.48889081614743],[22.045462725119556,65.48885076546931],[22.04555915836864,65.48920694319244]],[[22.044758426109045,65.5070980854221],[22.044189780478714,65.50820667173402],[22.042285533413164,65.50919723490391],[22.041427325145587,65.50923727397986],[22.041567022410973,65.50814871591008],[22.044758426109045,65.5070980854221]],[[22.041602889899497,65.47298075221354],[22.042459908872317,65.47294072350425],[22.043889941167528,65.47341494103925],[22.04274888223249,65.47400926558093],[22.04332191292564,65.47452351866806],[22.04246484371691,65.47456355274855],[22.040558093556534,65.47393124210232],[22.041795512941796,65.47369311500164],[22.041602889899497,65.47298075221354]],[[22.04301431989269,65.51349140341051],[22.042585146265516,65.51351142628724],[22.042536895369704,65.51333333686925],[22.04301431989269,65.51349140341051]],[[22.03700613237902,65.46399810363059],[22.036577764567507,65.4640181017667],[22.03652966471227,65.46384000887174],[22.03700613237902,65.46399810363059]],[[22.033972600137336,65.46882847628521],[22.03354415048802,65.46884846659977],[22.03349606054404,65.46867037265527],[22.033972600137336,65.46882847628521]],[[22.03312966778014,65.50908312435537],[22.0316058894508,65.50987546900409],[22.03031851292511,65.50993543549282],[22.030458676859222,65.50884688326065],[22.031316892588833,65.50880690635955],[22.031649667117097,65.50843072869148],[22.033366063940033,65.50835075683126],[22.03312966778014,65.50908312435537]],[[21.986393965418458,65.50494203220579],[21.986677925983965,65.50276497485942],[21.985342938239206,65.50264644520746],[21.984770390439348,65.5021319679873],[21.983912308179995,65.5021716794734],[21.98457906836655,65.50141952064928],[21.982719497596975,65.50096459847781],[21.982147039771974,65.50045011045863],[21.982384807399,65.49971780973983],[21.983242811913698,65.49967810765789],[21.984338519992814,65.49890609751415],[21.9878182451583,65.49892532764838],[21.988151534195357,65.49854924083868],[21.98829507865942,65.49908357249592],[21.987199482132766,65.49985561025261],[21.987438708512812,65.5007461645621],[21.989631637426363,65.50082493797788],[21.99015638314346,65.50116128643583],[21.995589867646512,65.50036852462878],[21.995494065531688,65.50001230917037],[21.997210042864634,65.49993275165194],[21.997114220601883,65.49957653740931],[21.997972193429174,65.4995367520407],[21.99987746908903,65.4985467371517],[22.000543677954468,65.49779451314343],[22.00016026238981,65.49636966540739],[22.001018124381748,65.49632986380499],[22.00173218001427,65.49575574104908],[22.003018937369916,65.49569602377831],[22.004923745400074,65.49470594968682],[22.00792602803614,65.49456653040082],[22.00863988366821,65.49399237690801],[22.013546404375923,65.49286270648084],[22.013834462187155,65.49393131222307],[22.013024708880394,65.49414928678588],[22.01283585354951,65.49505972831837],[22.01536120753168,65.49476199482235],[22.015316508256408,65.49620673942516],[22.012269218889738,65.49779105208326],[22.012365239735622,65.49814725483147],[22.011078387537935,65.49820705255718],[22.01012449039638,65.49789070727294],[22.00240331842075,65.49824921544186],[22.00116436893253,65.4984870343155],[22.0013081789517,65.49902135108502],[22.000498161531418,65.4992392610374],[22.000737834138338,65.50012979005687],[22.00502772689617,65.49993071143832],[22.00555264962611,65.50026700477551],[22.00769759412787,65.50016741239205],[22.00822255571509,65.50050369608866],[22.010940515016305,65.50091844165715],[22.012227501071795,65.50085864383284],[22.012131470072337,65.50050244110749],[22.012656494979055,65.50083870880401],[22.01689834679063,65.50046119239599],[22.018995193771598,65.50018334064403],[22.020566882002957,65.49956922267984],[22.022711700077124,65.49946941849694],[22.023854305896464,65.49887523075547],[22.02371003606066,65.4983409398426],[22.024567919353128,65.49830100440295],[22.026043155669218,65.49733063861026],[22.026901001504648,65.49729069028801],[22.02680478642462,65.49693449862833],[22.028139648297017,65.49705266340244],[22.028761047068347,65.49774506447551],[22.024904599387327,65.4995476805889],[22.025000800194174,65.49990387358115],[22.026335807532732,65.50002205289157],[22.026528255261628,65.50073443654712],[22.02538563236452,65.50132864464454],[22.025481847643476,65.50168483718394],[22.02462385498247,65.50172477885042],[22.0243391600054,65.50227903798236],[22.023148325480086,65.50269513352765],[22.02324451634573,65.5030513277166],[22.024102555097535,65.50301139343887],[22.02386593801338,65.50374374863375],[22.02477210639921,65.5038819071026],[22.02691725896827,65.50378204007673],[22.028440836495424,65.50298974452056],[22.029298863632246,65.50294978086578],[22.02982415768724,65.50328598635815],[22.029968585478223,65.50382026989111],[22.028493143517835,65.50479067586184],[22.0287338315125,65.50568115067679],[22.02754291663614,65.5060972815795],[22.026307889522602,65.50795814510055],[22.021206757193845,65.50837585998708],[22.0202042751786,65.50788148529277],[22.01886888814429,65.50776325546774],[22.017818405301632,65.50709076558529],[22.01562488577236,65.5070124066194],[22.015003598428912,65.50631995059152],[22.011141836935543,65.50649938970999],[22.00918842213503,65.50731144531412],[22.00790110989836,65.50737122036377],[22.00732801269761,65.50685683384653],[22.00475341623737,65.50697634104849],[22.00422836378298,65.50664004620165],[21.999556201422664,65.50703711866777],[21.998173007685722,65.50674059875061],[21.99802921045936,65.5062062789383],[21.996550236885387,65.50555353007972],[21.993975709348106,65.50567285313637],[21.99364241962431,65.50604895275046],[21.99159270258241,65.50650456913117],[21.98859064693626,65.50826653845199],[21.987303230829564,65.50832613914288],[21.987159645323626,65.50779180700735],[21.989495037999493,65.50678204854708],[21.990828417261163,65.5052776801622],[21.992401085541427,65.5046638457958],[21.986393965418458,65.50494203220579]],[[22.028394622408726,65.46584257932915],[22.0283465741639,65.465664483339],[22.028774976505005,65.46564450822034],[22.028394622408726,65.46584257932915]],[[22.01822631298272,65.49733375748288],[22.02103653973131,65.49648167983247],[22.022752191276332,65.49640183552216],[22.022944509171097,65.49711422501169],[22.022086661825515,65.49715415089727],[22.021373023071263,65.49772836578758],[22.02166146556118,65.49879695286694],[22.018754898646876,65.49929284652784],[22.018422045851924,65.4996689966071],[22.01646595159065,65.49885829541677],[22.01822631298272,65.49733375748288]],[[22.01385767827487,65.45696203530639],[22.01428595162114,65.45694210251834],[22.014333884923346,65.45712020409901],[22.01385767827487,65.45696203530639]],[[21.987261905788255,65.51463947259171],[21.986832661898937,65.51465933793008],[21.98678478853842,65.51448122721109],[21.987261905788255,65.51463947259171]],[[21.985734841186876,65.51380850952285],[21.986593302301806,65.51376878411067],[21.986736915898458,65.51430311646968],[21.985401333931097,65.51418459298559],[21.985734841186876,65.51380850952285]],[[21.977043720927085,65.49599772565847],[21.978759502511835,65.49591837939764],[21.97942735588341,65.49678910983945],[21.976758997664927,65.49817477233816],[21.974185087851165,65.49829375261235],[21.973994088167004,65.49758128879483],[21.977043720927085,65.49599772565847]],[[21.97694448460898,65.48915002266733],[21.975324618791845,65.4895855756027],[21.974419197076358,65.48944711373831],[21.97503819224524,65.48851688110703],[21.977563382700488,65.48821978061117],[21.97694448460898,65.48915002266733]],[[21.97109408234672,65.51755072436502],[21.971523388190015,65.51753090310493],[21.971571164231754,65.51770901956071],[21.97109408234672,65.51755072436502]],[[21.908593916334514,65.52276709252834],[21.909216002966932,65.5218371013993],[21.911173666868457,65.52102629833192],[21.910412683731607,65.51979897308705],[21.911653503904905,65.51956188063842],[21.91222803663727,65.51845373968217],[21.914949294147295,65.51724730334652],[21.91623734830799,65.51718831263773],[21.91633214554685,65.51754458741833],[21.91809697541426,65.5176440515931],[21.918621161546252,65.51798065330067],[21.92072052851978,65.51770414118336],[21.920625670725308,65.51734786972204],[21.922582641823652,65.5165369254743],[21.923443633410205,65.51487465846667],[21.925734712135498,65.51368772106288],[21.926355984111396,65.51275766698554],[21.927214519278238,65.5127182778898],[21.928886106655042,65.51083845718686],[21.934944458263484,65.50911777432472],[21.934849444181648,65.50876151320591],[21.935707832578835,65.50872207728034],[21.936805332580096,65.50795039504149],[21.93938039855979,65.50783204027901],[21.93966696278001,65.50727792396417],[21.940191207586484,65.50761445042555],[21.94147871798027,65.50755524991224],[21.94391102419439,65.50690243469649],[21.94538977420225,65.50593282358379],[21.946248050463478,65.50589332889021],[21.94734511975236,65.50512157419581],[21.948584895966523,65.50488418865726],[21.955545980146404,65.50492419915666],[21.955879810550186,65.50454817845285],[21.9571671269185,65.50448884620697],[21.959884837630632,65.50328163496881],[21.96121975454665,65.5034003900472],[21.96074295853533,65.5048649362925],[21.96260244248561,65.50532012951831],[21.96388977843354,65.50526073985877],[21.964032871365777,65.50579509873185],[21.967608973324225,65.50617102389715],[21.967132495254713,65.50763558721324],[21.964557811810717,65.50937728758538],[21.964605742604277,65.51117828145316],[21.9637473262967,65.51121788165273],[21.962221279612336,65.51200954822329],[21.96231668119331,65.51236578844242],[21.961458221679397,65.51240537605719],[21.96155361460125,65.51276161683707],[21.95912122711288,65.51341471648645],[21.957642586070293,65.51438446070439],[21.95597317731626,65.51464170189276],[21.95587785220197,65.5142854569661],[21.954447093225,65.51381041379243],[21.950536099709563,65.51381019701424],[21.94910546192079,65.51333510217121],[21.94347748410068,65.51341372389314],[21.940662848729904,65.51426440055752],[21.940853086659413,65.51497691338703],[21.940042057625508,65.51519450883171],[21.940137170782016,65.51555076571688],[21.938849262649867,65.51560995854123],[21.938944361365557,65.51596621630968],[21.935080546406187,65.51614373227004],[21.93393514481438,65.516737274763],[21.932647161217684,65.51679641549148],[21.93274218055886,65.51715267789598],[21.93097733751716,65.5170533846927],[21.92902059571668,65.51786443537044],[21.928733699829998,65.51841853452204],[21.921911301695182,65.51891172961113],[21.92157680427158,65.51928768145227],[21.917854597688034,65.51999917004113],[21.915992030349642,65.52116633173156],[21.91470377932206,65.52122532219069],[21.913987116508284,65.52179905765863],[21.913128258750227,65.52183837469131],[21.912458928312244,65.52259024189036],[21.909929627088776,65.52288629289234],[21.90878335400875,65.52347965300024],[21.907924431519127,65.52351894109862],[21.90687611468951,65.52284566129471],[21.908593916334514,65.52276709252834]],[[21.960265780425324,65.51931249732601],[21.9602180779414,65.5191343766132],[21.960647419774713,65.5191145858792],[21.960265780425324,65.51931249732601]],[[21.952691281651926,65.48774525833012],[21.952738863732918,65.48792338264093],[21.952310026735546,65.48794314617871],[21.952691281651926,65.48774525833012]],[[21.914787237030577,65.52807320779026],[21.914357706037386,65.52809287014026],[21.91431029740915,65.52791473226569],[21.914787237030577,65.52807320779026]],[[21.906351976803087,65.52250901847424],[21.905445745819254,65.52237015116812],[21.90535107594998,65.52201386840922],[21.906734078560273,65.52231123877326],[21.906446662495696,65.52286530045576],[21.906351976803087,65.52250901847424]],[[21.865433816332875,65.51734299104531],[21.864575017158252,65.51738203192532],[21.864527971533107,65.51720387509155],[21.865433816332875,65.51734299104531]],[[21.865145566884685,65.51789698198081],[21.86471615828401,65.51791650229569],[21.8646691105337,65.5177383455274],[21.865145566884685,65.51789698198081]],[[21.86237485458453,65.51892438705148],[21.86103334326202,65.52042769561085],[21.858074159535885,65.52074239278251],[21.857456679216327,65.5200492559996],[21.858603995270133,65.51945627514633],[21.86237485458453,65.51892438705148]],[[21.843385540358593,65.5194254665991],[21.842956087020436,65.51944492556683],[21.84290918437943,65.51926676070038],[21.843385540358593,65.5194254665991]]],[[[22.1064161,65.42231167],[22.10707558791777,65.42473296153321],[22.108486077180043,65.42221379531443],[22.1064161,65.42231167]]],[[[22.047073500000003,65.44313542],[22.047144168582676,65.44339683351399],[22.050745393590294,65.44296337079324],[22.047073500000003,65.44313542]]],[[[22.00288541779998,65.4399803171904],[22.002935283992418,65.44051898752875],[22.001318835507618,65.44095478670675],[22.00184248497694,65.44129110535333],[22.0006062012523,65.44152889441229],[22.001749150028168,65.44255774813439],[22.00051280615159,65.44279553699988],[22.000608423741678,65.44315175133607],[21.997661820952732,65.44509193660065],[21.99870921244047,65.4457645965262],[22.00127782725794,65.4456452491724],[22.002229678475604,65.44596167002747],[22.004269888248142,65.44513475413905],[22.00288541779998,65.4399803171904]],[[22.00227051330322,65.44127120898492],[22.00231833032132,65.44144931552921],[22.00189029913057,65.44146921206061],[22.00227051330322,65.44127120898492]]],[[[22.00187714,65.43622646],[22.04466814,65.43423092],[22.04226459,65.42532637],[21.99787692914898,65.42739299757201],[21.999018564220872,65.42753705256426],[21.99897287150496,65.42898180316057],[22.00025635953957,65.42892214053799],[22.00211103172184,65.42937689428081],[22.003346732874896,65.42913909843686],[22.006532792871845,65.42971220301767],[22.00677190245104,65.43060272874264],[22.004350632689068,65.43287932855175],[22.004637519312784,65.4339479639063],[22.002213470369227,65.4346016776201],[22.002452487164092,65.43549221101583],[22.000360602107012,65.43576978628086],[21.999791448734353,65.43687821133598],[22.001218720461125,65.43735285932377],[22.002074648945637,65.43731307013636],[22.00187714,65.43622646]],[[22.004305241593475,65.43432407775504],[22.00435305711434,65.43450218368679],[22.003925141200206,65.43452208488684],[22.004305241593475,65.43432407775504]]],[[[21.99640350501548,65.42746159814438],[21.99640396367506,65.42747823554947],[21.996518184756255,65.42745625881561],[21.99640350501548,65.42746159814438]]],[[[22.183491970000002,65.54491635],[22.183461474167775,65.54480614280675],[22.183332454625376,65.5449239235206],[22.183491970000002,65.54491635]]],[[[22.256206251219616,65.49364967515872],[22.256442256502318,65.49327753176972],[22.258156814958454,65.49319502687916],[22.260908803517413,65.49216057325798],[22.260710048966743,65.49144855399652],[22.259424224421416,65.49151045528501],[22.255921698528304,65.49262956974906],[22.256206251219616,65.49364967515872]]],[[[22.242605852485628,65.4969951185645],[22.242710734946883,65.49700424754877],[22.24275734885341,65.49698784060138],[22.242605852485628,65.4969951185645]]],[[[22.19675295724432,65.42703794188188],[22.196624916723046,65.42777955102756],[22.19881216380955,65.42785534574124],[22.19866480285785,65.42732125332698],[22.200306645649412,65.42686783712927],[22.19675295724432,65.42703794188188]]],[[[22.23874035428903,65.6153517132286],[22.238409325148833,65.61572832752506],[22.243096863047796,65.61532372773421],[22.23874035428903,65.6153517132286]]],[[[22.40065134380085,65.78597401608454],[22.401136041867257,65.78613087799236],[22.401084702165978,65.78595293617802],[22.40065134380085,65.78597401608454]]],[[[22.35083698998832,65.73786968237744],[22.350404388632736,65.73789061217646],[22.35045526468559,65.73806857549694],[22.35083698998832,65.73786968237744]]],[[[22.334574193762794,65.740820676258],[22.334624967770424,65.7409986458469],[22.335057636496487,65.7409777602295],[22.334574193762794,65.740820676258]]],[[[22.329216603212284,65.78510150724097],[22.32893570802374,65.78565629595347],[22.32980255356921,65.7856145413132],[22.33051684158766,65.78503887132489],[22.329216603212284,65.78510150724097]]],[[[22.330950252834196,65.78501799023732],[22.33046599165415,65.78486090112585],[22.33051684158766,65.78503887132489],[22.330950252834196,65.78501799023732]]],[[[22.329165762100537,65.78492353652379],[22.32873235070426,65.7849444125409],[22.328783188875388,65.78512238343077],[22.329165762100537,65.78492353652379]]],[[[22.30956494311509,65.78243851035461],[22.309615643125532,65.78261648895197],[22.310049033991575,65.78259566746566],[22.30956494311509,65.78243851035461]]],[[[22.283933855577228,65.49682311949171],[22.283883998357805,65.49664512395252],[22.283455327864896,65.4966658252731],[22.283933855577228,65.49682311949171]]],[[[22.282239190830484,65.40075058742906],[22.28238807100815,65.40128458274322],[22.282815184962733,65.4012638999125],[22.282239190830484,65.40075058742906]]],[[[22.141561438035666,65.46719628177686],[22.142038584771356,65.46735403835754],[22.14198976020881,65.4671759863128],[22.141561438035666,65.46719628177686]]],[[[22.221612841099386,65.46013461291479],[22.221184709076393,65.46015513232771],[22.22123405619087,65.46033315352487],[22.221612841099386,65.46013461291479]]],[[[22.17206602342759,65.42985349381132],[22.172114968177716,65.4300315350015],[22.172542654643475,65.43001115910157],[22.17206602342759,65.42985349381132]]],[[[22.17160349427215,65.53846039852189],[22.171174030239186,65.5384807890647],[22.171223215075052,65.53865882803476],[22.17160349427215,65.53846039852189]]],[[[22.15849758778743,65.47198430615515],[22.158069202419913,65.47200464905318],[22.158118147243606,65.47218269471428],[22.15849758778743,65.47198430615515]]],[[[22.155333499550547,65.5204735433556],[22.15490431599913,65.52049388502114],[22.15495334902084,65.520671930771],[22.155333499550547,65.5204735433556]]],[[[22.151596708318003,65.43263092050866],[22.153258873634247,65.43237159148904],[22.153063589997426,65.43165939735091],[22.151401467487766,65.43191872380196],[22.151596708318003,65.43263092050866]]],[[[22.12996504789356,65.58011155851028],[22.13039523711532,65.58009127794612],[22.13034623696472,65.57991322403362],[22.12996504789356,65.58011155851028]]],[[[22.06609834741436,65.51367502134308],[22.065669192171285,65.5136951095449],[22.06571760156173,65.5138731900555],[22.06609834741436,65.51367502134308]]],[[[22.064533386411014,65.51591242277726],[22.06410419295711,65.51593250690361],[22.064152596685727,65.51611058796426],[22.064533386411014,65.51591242277726]]],[[[22.06401091766464,65.50439473102784],[22.063581912873342,65.50441481186857],[22.06363028728159,65.50459289340269],[22.06401091766464,65.50439473102784]]],[[[22.058737743011626,65.45775196894556],[22.058309497440693,65.45777202754802],[22.058357731914754,65.45795011221588],[22.058737743011626,65.45775196894556]]],[[[22.013114575222783,65.51542438238832],[22.01316263019017,65.51560248303349],[22.01359186535082,65.51558254306097],[22.013114575222783,65.51542438238832]]],[[[22.012733394306235,65.51562242179477],[22.012781447114694,65.51580052258106],[22.01321068588086,65.51578058365605],[22.012733394306235,65.51562242179477]]],[[[22.01073132139897,65.51625640217972],[22.010398148619814,65.5166325375433],[22.006916070166984,65.5166138494507],[22.004007238240668,65.51710948098693],[22.00291138501816,65.51788163481166],[22.003436655272164,65.51821793210867],[22.005153799344903,65.5181382733798],[22.006297608059857,65.51754420707823],[22.00801469730232,65.51746451639431],[22.008777178772256,65.51706845927761],[22.011685910355048,65.51657273697238],[22.012400258274706,65.51599856122226],[22.01073132139897,65.51625640217972]]],[[[22.012829500646426,65.51597862334476],[22.012352207625252,65.51582046029486],[22.012400258274706,65.51599856122226],[22.012829500646426,65.51597862334476]]],[[[21.992830160147538,65.50464396625767],[21.992782268071615,65.50446585758819],[21.992353196345537,65.50448573696312],[21.992830160147538,65.50464396625767]]],[[[21.994117379642216,65.50458432037931],[21.995308774659808,65.50416844820171],[21.994688094324847,65.5034759029483],[21.99540247804011,65.50290180703826],[21.993734194093374,65.50315945430997],[21.993544615852098,65.5040698784525],[21.992782268071615,65.50446585758819],[21.994117379642216,65.50458432037931]]],[[[21.964462602349997,65.51064392361465],[21.9640334032021,65.5106637238324],[21.96408111301986,65.51084184329679],[21.964462602349997,65.51064392361465]]],[[[21.958930048132682,65.51919374154508],[21.95807135800332,65.51923331210783],[21.958166734844678,65.51958955513604],[21.959025436512015,65.51954998392338],[21.958930048132682,65.51919374154508]]],[[[21.917284996007503,65.4900940514162],[21.91771390017001,65.4900743866258],[21.917666551915165,65.48989624911812],[21.917284996007503,65.4900940514162]]],[[[21.91723765063102,65.48991591374718],[21.917142962014232,65.4895596383429],[21.916332507018826,65.48977710136059],[21.916427185546297,65.49013337736606],[21.91723765063102,65.48991591374718]]]]}},{"type":"Feature","properties":{"cyano_daymap_file_id":723699,"date":"2025-09-23Z","cloud":null,"sub_surfac":null,"surface":null,"no_data":null,"class":1,"color_hex":null,"algae_class":"class_1","source_date":"2025-09-23"},"geometry":{"type":"Polygon","coordinates":[[[22.141867799999996,65.39357899],[22.13943581,65.38467626999999],[22.182130079999997,65.38264268],[22.17724312,65.36483873],[22.19857328999999,65.36381825999999],[22.19612545,65.35491661],[22.217446700000004,65.35389356],[22.214993589999995,65.34499227],[22.23630590999999,65.34396662999998],[22.231391029999997,65.32616471],[22.25268734,65.32513691],[22.245307569999994,65.29843484999998],[22.26658084,65.29740531],[22.2567386,65.26180341],[22.235493519999995,65.26283127],[22.223267030000002,65.21832547000001],[22.202055259999998,65.21934826],[22.20059095898918,65.21399036753604],[22.032862213508135,65.30854425918949],[22.0537662,65.3075659],[22.05616065,65.31647037],[22.077457319999997,65.31546737999999],[22.075055789999997,65.30656332],[22.096343589999996,65.30555774999999],[22.10840461,65.35007543999998],[22.08708137,65.35108306],[22.0919042,65.36889056],[22.07056495,65.369896],[22.072971959999993,65.37880007999999],[22.094318329999997,65.37779422],[22.09673426,65.38669783],[22.118085940000004,65.38568855],[22.120510809999995,65.39459169],[22.141867799999996,65.39357899]]]}}]}