{"type":"FeatureCollection","properties":{"source":"SMHI SE.SR Ytansamling av alger","date":"2008-07-31","note":"Test: SMHI WFS clipped to Lulea municipal sea area and simplified 20 m."},"features":[{"type":"Feature","properties":{"cyano_daymap_file_id":3185,"date":"2008-07-31Z","cloud":null,"sub_surfac":null,"surface":null,"no_data":null,"class":1,"color_hex":null,"algae_class":"class_1","source_date":"2008-07-31"},"geometry":{"type":"MultiPolygon","coordinates":[[[[22.701604206188144,65.53028031991951],[22.697767495001784,65.52932887868215],[22.6970732887969,65.52862815870476],[22.679613439999994,65.52951807999999],[22.67698294,65.52062638],[22.612672490000005,65.52388531],[22.61528147,65.53277835],[22.572383669999997,65.53493675],[22.574980249999992,65.54383060999999],[22.55352123,65.54490573],[22.55611258,65.55379996],[22.570222941706373,65.55309194148488],[22.57207803940618,65.55211173496156],[22.57503114919004,65.55178314938298],[22.575616364508807,65.552295243144],[22.57690425946286,65.55223063062243],[22.579545307099796,65.55083470500917],[22.581262386969073,65.5507485091285],[22.581574464959218,65.55181575129625],[22.58023459813541,65.55170252904402],[22.580767902064032,65.55203672773692],[22.578833995241183,65.55265986288445],[22.60629768147725,65.55128022916998],[22.607434570912968,65.55087615304505],[22.607017080398233,65.54945324874765],[22.610137603211545,65.54821304762804],[22.610995997284455,65.54816978008297],[22.610827832119778,65.54908072262675],[22.612492452105062,65.54881631344028],[22.612701334283383,65.54952775677036],[22.61441819555554,65.54944118697603],[22.615381101776602,65.54975361420155],[22.61344755701395,65.55091990856207],[22.62050532,65.55056423],[22.62268368845554,65.55796975506064],[22.622937162774967,65.55767517443113],[22.625083856714706,65.55756680764905],[22.62518851033567,65.55792251849454],[22.623952798438843,65.55816539917792],[22.625020800826178,65.55883347217559],[22.624905411574595,65.55992228125821],[22.62342340862861,65.56048448862907],[22.625737039999994,65.56834985],[22.647211740000003,65.56726433999998],[22.64983776,65.5761566],[22.671317679999998,65.57506762],[22.676590060000002,65.59285106000002],[22.65509573,65.59394093999998],[22.656784216099602,65.59964549230192],[22.65786650610063,65.60067373090884],[22.65708128586572,65.60064914286116],[22.65772769,65.60283302],[22.652903601385162,65.60307694420923],[22.65311822056337,65.6038022071627],[22.647790195935794,65.60497425420513],[22.647623076254135,65.60588522714701],[22.64643791733257,65.60630615734911],[22.644717432564526,65.60639312757365],[22.643752041073586,65.60608091238983],[22.641548881675124,65.60601173654173],[22.641759112617667,65.6067231261606],[22.64353220240711,65.60681403578923],[22.64181167233497,65.60690097350015],[22.641056512803242,65.60730013039728],[22.639933487460684,65.60645434757387],[22.639020688643203,65.60631994989593],[22.639345732131194,65.60594252857489],[22.641013656674357,65.6056777717223],[22.63951314334487,65.60503156178564],[22.639733083866233,65.604298443185],[22.641778433378594,65.60383410482507],[22.64236618588395,65.60434591441272],[22.643226366896535,65.60430244571127],[22.643551325116615,65.60392501625094],[22.646614473081485,65.60395067703857],[22.6469393774634,65.60357324086739],[22.648282191762092,65.60368584232481],[22.64861985065713,65.60329354688642],[22.636224159999998,65.60392032],[22.638850879999996,65.61281276999999],[22.61733815,65.61389748],[22.619959619999996,65.62279032],[22.57691377,65.62495154000001],[22.575646004546066,65.62062660416431],[22.57417711329062,65.62040975962132],[22.574190498082235,65.61896521609404],[22.573655849707563,65.61863100775652],[22.57203848046066,65.61907291516523],[22.571191223466013,65.61767144132155],[22.568830949126124,65.6170675877379],[22.56861853738305,65.61634214852485],[22.552788109999998,65.61713344],[22.54759443,65.59934491],[22.560403654593497,65.59870473439014],[22.561490020912245,65.59794270839734],[22.565308572717033,65.59757124930609],[22.565582580226465,65.59701609719956],[22.568006755158784,65.59635335198875],[22.56845434343569,65.59606722981773],[22.56805082838632,65.59468750626299],[22.567590540171658,65.59493032580217],[22.567966357087457,65.59439867678581],[22.5664975,65.58937627],[22.54500051999999,65.59045055999998],[22.543034606306357,65.58370441826307],[22.542081363053885,65.5837519872365],[22.541925898949955,65.58321831968723],[22.54111802667543,65.58343909811059],[22.541703331288797,65.58395132211045],[22.540843619555258,65.58399420995916],[22.54025833069012,65.58348198247874],[22.541770441875276,65.58268465190852],[22.541133353747153,65.58199453831685],[22.539895683757244,65.58223675254985],[22.539621261562118,65.58279186233422],[22.53870978670181,65.58265684747938],[22.538606194505036,65.58230106631538],[22.53688686457345,65.58238680104046],[22.537042219421497,65.58292047486177],[22.535649134444043,65.58262898118988],[22.534463149182397,65.5830490437704],[22.533878007146967,65.58253679016227],[22.53511575030535,65.58229462435077],[22.534114677150473,65.58196938130136],[22.52091685,65.58262696000001],[22.523339230383314,65.59096309221303],[22.52439182431262,65.59040853118228],[22.525251780536323,65.59036573421862],[22.525904823127537,65.58961135000693],[22.528054634501462,65.5895043277829],[22.52832936777785,65.58894923580205],[22.530049165075887,65.58886359346906],[22.530582624975423,65.58919796738797],[22.531820714423052,65.58895582499456],[22.53209536164735,65.5884007270566],[22.53032384951364,65.58830849836664],[22.530220344790354,65.58795271058007],[22.529308732707968,65.58781764055144],[22.530598522874254,65.58775340287926],[22.53070203180991,65.58810919036473],[22.53161366097612,65.58824425183873],[22.53333339866821,65.58815857283395],[22.53183654406263,65.58751126104664],[22.533126311525972,65.58744700208757],[22.534089706154468,65.5877599414418],[22.534882113527114,65.58898376107393],[22.53402222206097,65.58902661203281],[22.533799390398055,65.58975960552432],[22.532887696947537,65.58962455784824],[22.53304302191258,65.5901582360863],[22.532131318005195,65.59002318396499],[22.532716603452645,65.5905354428849],[22.531426681750826,65.59059969991391],[22.531685522370072,65.59148916640157],[22.530017317015826,65.59175272291637],[22.52850432598132,65.59254994507776],[22.52833306511172,65.59346082686194],[22.527042985384746,65.59352504817207],[22.527146473402873,65.59388083830432],[22.52552980110996,65.59432224259113],[22.52482490528829,65.5948987304672],[22.52272634963481,65.59518360836005],[22.521591298447827,65.59578147491092],[22.522124798579508,65.59611587820497],[22.521264646154062,65.59615865940127],[22.52012951931545,65.59675651576923],[22.51760066407064,65.59706271049039],[22.517290555108858,65.59599531675178],[22.518529095530912,65.59575327841266],[22.517565580325655,65.59544024133935],[22.516275370459866,65.59550437230389],[22.516292048032618,65.59405980144153],[22.515173635476806,65.5932130494588],[22.516463735036808,65.59314892898426],[22.51716877363014,65.59257247856448],[22.51883716995994,65.59230906156301],[22.52000156093671,65.59169571223352],[22.502000709999997,65.59259005],[22.50716157999999,65.61038045999997],[22.485644299999993,65.61144653999999],[22.48822043,65.62034209],[22.50974494,65.61927556999999],[22.511280526084498,65.62455892673513],[22.512928557503233,65.62454540795207],[22.51303200123974,65.62490120819659],[22.512170878226122,65.62494394754067],[22.511587813454355,65.62561618351255],[22.51233025,65.62817062],[22.496733953357413,65.62894345401037],[22.497047735623863,65.63002483594208],[22.49623803125388,65.63024539342385],[22.495307331677694,65.6315547117407],[22.494445953049052,65.63159735302978],[22.49292959212737,65.63239425380607],[22.492057001642017,65.63357666684904],[22.49337851,65.638133],[22.57952276,65.63384519999998],[22.58474664,65.65163233],[22.606292280000005,65.65055190000001],[22.601053909999997,65.63276565999999],[22.66563548,65.62950884],[22.668275389999998,65.63840064999998],[22.653584925740077,65.63914367948112],[22.651979545311942,65.6397805164411],[22.649755282489192,65.64260050146046],[22.64808509730792,65.64286537761984],[22.647913930754832,65.64343586448223],[22.658380000103172,65.6787057972439],[22.660205826601658,65.67781293707402],[22.661499697940982,65.67774754358386],[22.662248228167783,65.67879276646974],[22.661438485365228,65.67901420539233],[22.6617028501159,65.67990339229205],[22.66272414421042,65.6803932994196],[22.662935683244346,65.6811046467145],[22.664282606060247,65.68121706460951],[22.664115736352834,65.68212805371311],[22.665788259685485,65.68186297725633],[22.666545139229104,65.68146367940643],[22.66633349761871,65.68075233817702],[22.66719616470126,65.68070870807564],[22.667188150829002,65.68215320433472],[22.66648417615224,65.68273034074922],[22.665621440343585,65.68277396750675],[22.66630646028977,65.68362772502084],[22.68150489,65.68285871],[22.676207090000002,65.66507568],[22.71930945,65.6628857],[22.72059148119948,65.66716682900518],[22.721375785294953,65.66712686172636],[22.72059630460953,65.6671829359772],[22.722325250292034,65.67175830554179],[22.74352727,65.67067634],[22.74619894,65.67956646000002],[22.78931822,65.67735644],[22.79469667,65.69513467000002],[22.729971159999995,65.69844787999999],[22.73264163,65.70733826],[22.747213878029225,65.70659014505571],[22.747715649125997,65.69814462065249],[22.8019485963681,65.6980889054477],[22.834625625970205,65.691171722962],[22.93025686998328,65.56611569194224],[22.92620111,65.55287754],[22.90475251,65.55400234],[22.902042309999995,65.54511545],[22.88059884,65.54623676999998],[22.87789784,65.53734935],[22.899334149999998,65.53622849],[22.89392394,65.51845436000002],[22.91534391,65.5173314],[22.92076843,65.53510461],[22.942200659999997,65.53397770999999],[22.94492314,65.54286375],[22.94816866364057,65.54269261670838],[23.00576121322008,65.46737940980566],[22.837659249999998,65.47625012999998],[22.834981550000002,65.46736171],[22.760322168957263,65.47122509255213],[22.76100313820573,65.47138713792333],[22.76110561757178,65.47318719644484],[22.75987472903665,65.47343115511126],[22.75939001857104,65.47471986288875],[22.757890122249236,65.47551925950695],[22.756231071881842,65.4757852351111],[22.755003948026665,65.47458469485449],[22.756022879849475,65.47362956488222],[22.755157464400085,65.47149234938168],[22.74943671,65.47178838],[22.750076811653802,65.47393564760426],[22.751742971808344,65.47384990571169],[22.75200790416267,65.47473892709519],[22.75355692277448,65.47556185280729],[22.751946715164287,65.47745004817638],[22.752961825218158,65.47793939857162],[22.75601125186062,65.4779629460582],[22.756117300548954,65.47831855088923],[22.755314191946766,65.47854043358254],[22.75637859367403,65.48065202262265],[22.75573450346559,65.48140731498458],[22.755620692656237,65.48394063097795],[22.75427925088453,65.48527340600073],[22.753502465521024,65.48542725292793],[22.75473706,65.48956879],[22.776140529999996,65.48846573],[22.77631354605608,65.48904387772825],[22.776801324122026,65.48934815537966],[22.777657768209924,65.48930394994787],[22.778405211463355,65.49034860191985],[22.77690335728167,65.49101478163102],[22.778800839999995,65.49735538],[22.757390220000005,65.49845889],[22.760045379999998,65.50734891999998],[22.73862562,65.50844987],[22.74127561,65.51734029],[22.76270252,65.51623889],[22.765361670000004,65.52512879],[22.743927599999996,65.52623064],[22.746581579999994,65.53512092999999],[22.70369312,65.53731648],[22.701604206188144,65.53028031991951]],[[22.516378720765527,65.59586017117337],[22.517238873009784,65.59581741770656],[22.517290555108858,65.59599531675178],[22.516378720765527,65.59586017117337]],[[22.721429038361237,65.66730467431],[22.721913510059544,65.6674605105264],[22.721482292232373,65.66748248686706],[22.721429038361237,65.66730467431]],[[22.786689879303417,65.6686586242591],[22.76508066,65.6695733],[22.763318668036707,65.66371965755],[22.762393762457155,65.66376705619584],[22.76206969421102,65.66414473745402],[22.760939868285643,65.66329993532824],[22.76013115894146,65.66352190249789],[22.758894426480246,65.6623214913102],[22.760190746598834,65.66081078879142],[22.76231699801132,65.66039193625294],[22.760695946600357,65.65500652272638],[22.760416918401003,65.65574415426295],[22.75852938912049,65.65674354451339],[22.75901387546092,65.65689926219076],[22.7587433217749,65.657454732967],[22.75863635383183,65.65709913879375],[22.75777433683271,65.65714329446392],[22.75815186587497,65.65694341992793],[22.75745348716912,65.65607650912055],[22.76053574439194,65.65447430324562],[22.75972888,65.65179376],[22.802800619999996,65.64958038],[22.807984180763732,65.6667000315607],[22.809864529197505,65.66584076832406],[22.81363663573441,65.66528514303488],[22.815845878818337,65.66390729704489],[22.817516216666178,65.66364054728035],[22.818486145588547,65.66395159459672],[22.81875570741408,65.66484045198926],[22.81789355694598,65.6648849503841],[22.81762420127364,65.66544051351683],[22.81643874146469,65.66586279479868],[22.816600448378743,65.66639611179808],[22.81751656147536,65.66652939210798],[22.817139364948247,65.66672941076871],[22.817786122349457,65.66741825126365],[22.816007838824675,65.66877388473726],[22.813582636096182,65.66944064342105],[22.812181401867544,65.66915179951486],[22.812073643221897,65.66879625124106],[22.80910945241831,65.66912962227377],[22.809809927480618,65.66999627363087],[22.809045820752054,65.67020629058058],[22.810874809999994,65.67624685999999],[22.78931822,65.67735644],[22.786689879303417,65.6686586242591]],[[22.75901075577227,65.65834371793115],[22.756581742818167,65.66045402897103],[22.75571961015199,65.66049817416824],[22.755238398299824,65.65889798868284],[22.756100478787424,65.6588538467562],[22.755509040840742,65.65834252322851],[22.756588244232006,65.65756511484518],[22.7587433217749,65.657454732967],[22.75901075577227,65.65834371793115]],[[22.711623970000005,65.56398964],[22.668684469999995,65.56617579],[22.66817275902844,65.56444653313011],[22.666585878629654,65.56232495293301],[22.665621581839275,65.56201287884244],[22.66589326550425,65.56145756349636],[22.663272293042414,65.55996599652588],[22.66005550570817,65.5594071534818],[22.65995036916842,65.55905147175696],[22.657592722270106,65.5584490056636],[22.656485691272522,65.55776889006313],[22.644587709999996,65.55837199999999],[22.64313478833185,65.55344461032627],[22.642548209480957,65.55325449235829],[22.642879349885153,65.55257832497026],[22.64196564,65.54947960000001],[22.64960012025146,65.54909263799684],[22.649341887940245,65.54821739335611],[22.65009557579796,65.54781819756204],[22.649403923685988,65.54695072292209],[22.649413493993812,65.5455062069085],[22.64731956394824,65.5457927942211],[22.646680504282052,65.5451031521318],[22.644534144927757,65.54521185399335],[22.643570751293197,65.54489963021416],[22.642764626403928,65.54512094533622],[22.640408963751923,65.5445181783705],[22.640251770558113,65.54398463011334],[22.63736290634759,65.54304780637985],[22.636891567002728,65.54144714917943],[22.63947589002907,65.5398723722487],[22.641569280455858,65.53958590550043],[22.642270449127015,65.53900890096841],[22.647368048875727,65.53857020851919],[22.647692342193682,65.53819277074675],[22.64940895667181,65.53810578073768],[22.649733214733264,65.53772833895552],[22.653438080320292,65.53699900076019],[22.654401290339898,65.53731116358657],[22.654611203871255,65.53802253824634],[22.65552197926247,65.53815684984954],[22.655836912443533,65.53922390875718],[22.653576772669986,65.54042156105973],[22.65416340658655,65.54093332967105],[22.65330501748344,65.54097685493089],[22.65303325137649,65.54153214842913],[22.652174840296762,65.5415756675036],[22.65200798898487,65.54248664852028],[22.652918909570552,65.54262097430292],[22.653505582900205,65.54313274506784],[22.656667696171567,65.54351390695206],[22.65725446358887,65.54402566221309],[22.658542184596204,65.5439603374653],[22.658699751686267,65.54449386284422],[22.660574345119368,65.54494026710178],[22.66174812317902,65.54596374254932],[22.66269237823635,65.54591581311193],[22.660796720000004,65.53949994],[22.70369312,65.53731648],[22.711623970000005,65.56398964]],[[22.778687430000005,65.5695773],[22.75721748,65.57068141],[22.754555499999995,65.56179138999998],[22.751529191821785,65.56194656880625],[22.751283308692965,65.56269534847598],[22.74999494435834,65.56276146920166],[22.748166727438374,65.56393846906487],[22.746878292117007,65.56400456400551],[22.74671467073894,65.564915615161],[22.744190844268307,65.5652255759239],[22.744403479785937,65.56593679722023],[22.740161431784188,65.56633477546225],[22.739519394327516,65.56564555696242],[22.740595399404242,65.56486829617434],[22.74349557935243,65.56435856964121],[22.743818762921723,65.56398093763028],[22.74639564274279,65.56384878876658],[22.747095075829957,65.56327131699281],[22.74881293877694,65.56318318603846],[22.7481707570159,65.56249400575997],[22.749348581624233,65.56205838309198],[22.733090739999998,65.56289203],[22.73043794,65.55400149],[22.73253962238252,65.55389373190955],[22.7370420418335,65.55151070437127],[22.737635215277507,65.55057766006924],[22.73951610036555,65.54957859967678],[22.740750750358966,65.54933476740372],[22.74102070502074,65.54877933561647],[22.743649212822092,65.54882505588428],[22.745259890411827,65.5483813632256],[22.74408275078892,65.54735857136998],[22.744941165972055,65.54731453080913],[22.745047404255267,65.54767014172108],[22.74719345693339,65.54756001735178],[22.74875085091815,65.54693848456289],[22.750115907666636,65.54694899761121],[22.749237550000004,65.54401115],[22.77068596,65.5429084],[22.768022819999995,65.53401863],[22.78739768537296,65.53301974029202],[22.787177258124515,65.53268400585463],[22.78631941038498,65.53272828006791],[22.78578376391529,65.53239483832087],[22.78610798561419,65.53057268406153],[22.788301286881477,65.52904626889514],[22.78679374,65.52402393],[22.799546945817173,65.52336462176346],[22.800482188942134,65.52188609700582],[22.801768381561427,65.5218195694657],[22.801608057295823,65.52128622332395],[22.80235860755773,65.52088630318259],[22.806163528965836,65.520508861662],[22.806752652332914,65.52102001104953],[22.807534658082858,65.5206246854793],[22.80555035,65.51402705],[22.826971259999997,65.51291660999999],[22.83501914,65.53958202],[22.813576759999997,65.54069383],[22.816256259999992,65.54958262999999],[22.837705809999996,65.54847036],[22.840394489999998,65.55735862999998],[22.818937769999994,65.55847134999999],[22.824306849999996,65.5762486],[22.78135861,65.5784668],[22.778687430000005,65.5695773]],[[22.827739653616135,65.63386240724091],[22.827632489883403,65.6349512875515],[22.825425748094528,65.63488485485897],[22.825801902000737,65.63324040299995],[22.827093526595448,65.6331736029147],[22.827739653616135,65.63386240724091]],[[22.822572294375163,65.6312407254844],[22.820796391533957,65.63115196604971],[22.82047334141655,65.63008533756802],[22.82128048711853,65.62986306547191],[22.821495596248415,65.62912972924843],[22.822787029854346,65.62906296782369],[22.825800860003202,65.63035156682396],[22.825908614355193,65.6307071052041],[22.825101484014965,65.63092940176946],[22.825855258895658,65.63197375409239],[22.823702640189822,65.63208506295804],[22.82354104482849,65.63155175262197],[22.822411059204832,65.63215183371675],[22.822572294375163,65.6312407254844]],[[22.815522742275878,65.62673006355358],[22.81627602771109,65.62633004506503],[22.816060829566652,65.62561895136106],[22.817298299367923,65.62537446490997],[22.817621104491078,65.62499667922545],[22.819826989357836,65.62506323436784],[22.821441226396693,65.62606311675711],[22.824938486508973,65.62606283720524],[22.825046207627516,65.62641837652258],[22.82230239004168,65.62746303193016],[22.82246392933398,65.62799634413891],[22.820795922075543,65.62826312396764],[22.820580580953948,65.62755203814937],[22.81799784293907,65.62768551108319],[22.81826684732955,65.62712995123476],[22.815522742275878,65.62673006355358]],[[22.821442579518827,65.63328522008311],[22.822572635869715,65.63268514545587],[22.82321863084198,65.6333739704073],[22.822895811144196,65.63375176820132],[22.821442579518827,65.63328522008311]],[[22.822519119009293,65.63395179488698],[22.82208856067031,65.63397404999658],[22.822034701060833,65.63379627926791],[22.822519119009293,65.63395179488698]],[[22.822034385768553,65.63235185899939],[22.8220882417666,65.63252962976212],[22.8216577065512,65.63255188340749],[22.822034385768553,65.63235185899939]],[[22.819511181685826,65.67021809147666],[22.819834474033037,65.66984029577824],[22.82199024585568,65.66972900894913],[22.821398075595983,65.67210679846947],[22.81897270970265,65.67277364494852],[22.816762748334174,65.67270711967096],[22.816493156310298,65.67181825895595],[22.81546904116039,65.67132942910771],[22.819511181685826,65.67021809147666]],[[22.818966404684325,65.62799656938483],[22.8190202288139,65.6281743415576],[22.81858976259136,65.62819658577554],[22.818966404684325,65.62799656938483]],[[22.81159354835869,65.63397448312652],[22.810140501026282,65.63350782482661],[22.80540610668562,65.62941888866114],[22.805299273373045,65.62761890271508],[22.80793632211872,65.62621899363192],[22.809281405944365,65.62633012508927],[22.809442669531457,65.62686345401805],[22.81164869987672,65.62693012659865],[22.81224047760689,65.62744122753914],[22.81369321458144,65.62790786891782],[22.814554146751348,65.62786340705654],[22.814338848835526,65.62859673538512],[22.815630278108422,65.62853003493984],[22.815145921133787,65.62981892017874],[22.81433872215484,65.63004116018533],[22.81444631811388,65.63039670835066],[22.815845453061446,65.63068555302006],[22.81563017323509,65.63141888302202],[22.81654503337483,65.63155218214192],[22.816975587642297,65.6329743663502],[22.816383585011888,65.63390770974857],[22.817083276806326,65.6347743352668],[22.815468595623237,65.63521883458249],[22.813800189174952,65.6340411180707],[22.81159354835869,65.63397448312652]],[[22.813993640177465,65.50313168118892],[22.81351175283059,65.50297611209542],[22.813940160945588,65.5029539039303],[22.813993640177465,65.50313168118892]],[[22.814154647924592,65.50222058598246],[22.815011437265266,65.50217616507676],[22.814796974764494,65.50290948398141],[22.813940160945588,65.5029539039303],[22.814154647924592,65.50222058598246]],[[22.80814424936664,65.65004095296995],[22.81035225679521,65.65010762389177],[22.810513720412505,65.65064094977693],[22.808682336987086,65.65181871438648],[22.805342943479445,65.65235198782278],[22.80814424936664,65.65004095296995]],[[22.80818907311906,65.68921827806992],[22.808296880756757,65.6895738286923],[22.807433885813527,65.68961827645273],[22.80818907311906,65.68921827806992]],[[22.8050267973564,65.63539659322001],[22.803734993937777,65.6354632072792],[22.80341257972161,65.6343965358203],[22.804166271633445,65.63399657321398],[22.805027425216743,65.63395216312233],[22.805726741448225,65.63481884491051],[22.8050267973564,65.63539659322001]],[[22.80539896178528,65.64675204660958],[22.804698703801648,65.64732979675986],[22.803837105847645,65.64737420960726],[22.802867980750808,65.64706306046801],[22.802706700999302,65.64652972457158],[22.80442984227062,65.6464409073884],[22.80539896178528,65.64675204660958]],[[22.804683240887158,65.68921826016386],[22.804305622466842,65.6894182513686],[22.805006529262215,65.69028492065564],[22.80425126153053,65.69068490405851],[22.801608269011076,65.69064038713051],[22.80144668843259,65.69010705269584],[22.80225584764523,65.68988486080634],[22.802525758362396,65.68932931902305],[22.804683240887158,65.68921826016386]],[[22.80238342688466,65.64690748348818],[22.80243718471917,65.64708526227595],[22.802006387875238,65.64710746286953],[22.80238342688466,65.64690748348818]],[[22.793782298370672,65.63001802316269],[22.796687475388353,65.63095164867967],[22.79652532915137,65.6318627387959],[22.79415667032355,65.63270693884878],[22.792811310429393,65.63259567611705],[22.792219787551435,65.63208449670897],[22.792544375835906,65.63026232244505],[22.793782298370672,65.63001802316269]],[[22.788918144895295,65.4746399998396],[22.78806220369119,65.47468426380134],[22.788008970834444,65.4745064748457],[22.78881166856915,65.4742844226261],[22.788918144895295,65.4746399998396]],[[22.78482868531738,65.49001687307414],[22.783972232532452,65.49006111926109],[22.78391898966309,65.48988332893278],[22.784722188951363,65.48966129311543],[22.78482868531738,65.49001687307414]],[[22.754244739189907,65.60171923482318],[22.754084795026493,65.6011858338876],[22.755108448367835,65.60023065929462],[22.75478855393278,65.59916385916316],[22.75597206330122,65.59874207984824],[22.757638899758348,65.59847602523752],[22.758605648496776,65.59878748752081],[22.762152680707597,65.59896649112235],[22.763816422417275,65.6001448231054],[22.765106595067603,65.6000785658877],[22.76499982449184,65.5997229744011],[22.765859924030085,65.59967879758874],[22.766989874212488,65.59907913857236],[22.769140053625694,65.59896865987635],[22.769353703688285,65.59967983580232],[22.767900538646806,65.60065719702386],[22.76440662536768,65.60065612669611],[22.76101623692275,65.60245502631305],[22.75848897068438,65.6027652613721],[22.754244739189907,65.60171923482318]],[[22.75964653962086,65.66336618974361],[22.759215428447753,65.66338827211752],[22.759161926098894,65.6632104753833],[22.75964653962086,65.66336618974361]],[[22.759322435570738,65.66374386550558],[22.75937594034489,65.66392166215937],[22.75894481966366,65.66394374386311],[22.759322435570738,65.66374386550558]],[[22.756667872666483,65.64618725567495],[22.757582976970934,65.64632090784616],[22.75677475947839,65.64654285202552],[22.756667872666483,65.64618725567495]],[[22.75688164951839,65.64689844826898],[22.75601996761242,65.64694259051754],[22.755913089154866,65.64658699354759],[22.75677475947839,65.64654285202552],[22.75688164951839,65.64689844826898]],[[22.75742263301195,65.64578751428965],[22.757476080191214,65.6459653121686],[22.757045255734926,65.64598738542138],[22.75742263301195,65.64578751428965]],[[22.75454680483649,65.65514214757603],[22.7546002555286,65.65531994645094],[22.753738289352857,65.65536407868062],[22.75454680483649,65.65514214757603]],[[22.751974968999313,65.56500677796657],[22.752404459555684,65.56498473295247],[22.7524576726771,65.56516253485336],[22.751974968999313,65.56500677796657]],[[22.7524576726771,65.56516253485336],[22.754175638388308,65.56507434197222],[22.754282090040526,65.56542994424606],[22.752993599705206,65.56549609180801],[22.7524576726771,65.56516253485336]],[[22.753791735056733,65.655541877892],[22.753845181567954,65.65571967707666],[22.753414191472462,65.65574174173196],[22.753791735056733,65.655541877892]],[[22.742959725690284,65.60049223497093],[22.74285325573612,65.60013662478414],[22.741939866024527,65.60000286617355],[22.741726962031063,65.59929164392582],[22.74334075428702,65.59884793909147],[22.747264506727873,65.59882746099915],[22.751024631695888,65.5997179375618],[22.751827758797194,65.6009404991058],[22.7480102406231,65.6013167044261],[22.74473331026369,65.60058192953713],[22.742959725690284,65.60049223497093]],[[22.748968512661552,65.56516105918183],[22.748539015693357,65.56518309451496],[22.748485829254985,65.56500529095919],[22.748968512661552,65.56516105918183]],[[22.74187515763075,65.56769118749864],[22.742681094132077,65.56746934648199],[22.742145255060898,65.56713575210239],[22.74289801964925,65.56673610397641],[22.746657391135898,65.56618227492896],[22.746493752915132,65.56709332604403],[22.745687861673247,65.56731518688386],[22.7457942085467,65.56767079622291],[22.74493512460534,65.56771484859708],[22.74552418466131,65.56822623736643],[22.744665081857796,65.56827028840488],[22.744607704792706,65.56953694845988],[22.74278308896014,65.56926942453406],[22.742623619681268,65.5687360067855],[22.74171134508441,65.56860223527114],[22.74187515763075,65.56769118749864]],[[22.732931647689796,65.64288813806553],[22.733522273387432,65.64339955777506],[22.732065381175893,65.64437661424137],[22.72991125269743,65.64448660766988],[22.73007579974498,65.64357556431317],[22.731314971071672,65.64333176201444],[22.73163924975439,65.6429541443539],[22.732931647689796,65.64288813806553]],[[22.714286899815153,65.63318837197154],[22.71557886500789,65.63312251791318],[22.71568512460593,65.63347814952941],[22.713962479596212,65.63356595395676],[22.71331935821835,65.63287663507819],[22.714127542472895,65.63265492272313],[22.714664432872564,65.6329886056239],[22.714286899815153,65.63318837197154]],[[22.708315166131246,65.65858522209648],[22.709177332116138,65.6585413457255],[22.708905687984416,65.65909673872649],[22.708043502992833,65.65914061374981],[22.708315166131246,65.65858522209648]],[[22.693286568447807,65.65808560476606],[22.692696376065435,65.65757402404282],[22.69140312378608,65.6576396964208],[22.6928092604038,65.65648518221083],[22.69232516799277,65.65632924931283],[22.69265017214468,65.65595170755029],[22.693618352157813,65.65626356977857],[22.696045543390095,65.65559870747455],[22.697769723673268,65.65551109073238],[22.69993135883214,65.65395705464759],[22.70424147329925,65.65373786920578],[22.707848886800008,65.65409588923359],[22.708167667919316,65.65516280030229],[22.70395736838894,65.65718222528555],[22.704222922053866,65.65807132571935],[22.700874081203175,65.66004681936775],[22.70001184828893,65.6600906492755],[22.699361950818343,65.66084576251573],[22.697743573459874,65.66128904628347],[22.693054035389732,65.66170778013498],[22.692463760609936,65.66119619933208],[22.69154843874067,65.66106215679265],[22.691396231154414,65.65908418865597],[22.693286568447807,65.65808560476606]],[[22.672122723084506,65.6178217261545],[22.672930811047618,65.61760023430897],[22.672658762714107,65.61815556630052],[22.672122723084506,65.6178217261545]],[[22.663586806660287,65.68034968985721],[22.66294393797592,65.67966014825004],[22.66553184120087,65.67952930198192],[22.665690545690506,65.68006280903445],[22.664827897050262,65.68010643040037],[22.665365022952937,65.68044029192194],[22.663586806660287,65.68034968985721]],[[22.66622768161444,65.68039666740464],[22.6659021628772,65.68077415140327],[22.665365022952937,65.68044029192194],[22.66622768161444,65.68039666740464]],[[22.663019902270655,65.60185673823845],[22.66226489717128,65.60225601211707],[22.660974302800383,65.60232139812152],[22.660008555827908,65.60200930307404],[22.661141097490297,65.60141040735746],[22.66243164616786,65.6013450204019],[22.663019902270655,65.60185673823845]],[[22.65690973020659,65.60776195487149],[22.655724642431732,65.60818295694936],[22.65395142456605,65.60809219123077],[22.653793490075774,65.60755866440017],[22.65621629385231,65.60689452281842],[22.65690973020659,65.60776195487149]],[[22.651661029794393,65.60477846791214],[22.651230940317106,65.60480022679317],[22.651178321324416,65.60462238333022],[22.651661029794393,65.60477846791214]],[[22.643250211708505,65.60881382215169],[22.64163467591552,65.6092564527677],[22.641371862609606,65.60836721571775],[22.642557198321686,65.6079463233083],[22.642452064390632,65.60759062927346],[22.643742495411384,65.60752542202755],[22.643250211708505,65.60881382215169]],[[22.64040643521629,65.60805497959142],[22.639976280217127,65.60807670721094],[22.63992373018444,65.60789885913464],[22.64040643521629,65.60805497959142]],[[22.595866883370434,65.54261452198858],[22.596568836127947,65.54203773416758],[22.595735431782543,65.53919184855046],[22.592796604014858,65.53807628438457],[22.592484265413436,65.5370090681207],[22.593238208136846,65.5366101658732],[22.59308203687404,65.53607655830172],[22.594641892984928,65.53545661367075],[22.59491469586435,65.53490142106368],[22.596578589397062,65.53463719438693],[22.59647443841101,65.53428145870454],[22.597709299060405,65.53403881110513],[22.598996226976958,65.53397402050906],[22.599581486986317,65.53448602106852],[22.603013322925793,65.53431317905138],[22.604248120898927,65.53407047871671],[22.604949666366704,65.53349365622556],[22.60628868526661,65.53360666835947],[22.606653684236004,65.53485171444036],[22.6079927798737,65.53496471070306],[22.608630398744424,65.53565453722662],[22.606810124131165,65.53538530523066],[22.607123025101668,65.5364524861141],[22.606317155871718,65.53667359156117],[22.60647360207069,65.53720718264117],[22.60561555956414,65.53725042092785],[22.606201025853366,65.53776239376859],[22.605395108585263,65.5379834947986],[22.60549939901751,65.53833922291386],[22.604589177475248,65.53820459167756],[22.60388750311514,65.5387814138362],[22.605331084018548,65.53925016082309],[22.605435379689393,65.53960588893172],[22.60366699289247,65.53951448580327],[22.603550746244757,65.54060328719142],[22.602692586212488,65.54064651010565],[22.60300539493282,65.54171370048651],[22.601288996503975,65.54180013606425],[22.60139324936756,65.54215586740335],[22.599781048418237,65.54259801771093],[22.599664632843044,65.54368681786357],[22.598702138428248,65.54337428644654],[22.597414745941865,65.54343907930222],[22.597310541136807,65.54308334472745],[22.595866883370434,65.54261452198858]],[[22.60755203212187,65.53643086345025],[22.60760418790112,65.53660872666303],[22.607175178009197,65.53663034950434],[22.60755203212187,65.53643086345025]],[[22.606722558996037,65.53954103002299],[22.606293500011798,65.53956265086799],[22.606241346039134,65.53938478718135],[22.606722558996037,65.53954103002299]],[[22.6057079892961,65.53905067883468],[22.606409629695133,65.53847384858018],[22.606618246090456,65.53918530297868],[22.6057079892961,65.53905067883468]],[[22.603811446946697,65.5414926108],[22.603382352958107,65.54151422374821],[22.603330214121726,65.54133635890078],[22.603811446946697,65.5414926108]],[[22.600639278461927,65.54255481059297],[22.601549634545485,65.54268946421845],[22.600743526106733,65.54291054243485],[22.600639278461927,65.54255481059297]],[[22.573587388226397,65.5513141151273],[22.57401667319809,65.55129258472887],[22.574068636128402,65.55147046146797],[22.573587388226397,65.5513141151273]],[[22.573210059650346,65.55151352140867],[22.573639348280448,65.55149199204314],[22.57369130911665,65.55166986893327],[22.573210059650346,65.55151352140867]],[[22.57170361896155,65.54635507531562],[22.571274412944575,65.54637659834782],[22.57122248131563,65.54619872033518],[22.57170361896155,65.54635507531562]],[[22.570194490033597,65.54715267410211],[22.5697652693896,65.54717419300326],[22.569661423662577,65.54681843574431],[22.570194490033597,65.54715267410211]],[[22.559732023931687,65.59640627999683],[22.561400204349795,65.59614239665484],[22.561504174611624,65.5964981584037],[22.560266020900475,65.5967405439596],[22.559732023931687,65.59640627999683]],[[22.55747305521256,65.54833136607506],[22.557043802514823,65.54835284922106],[22.556940124639166,65.54799708152755],[22.55747305521256,65.54833136607506]],[[22.540206521642922,65.58330409256537],[22.540154713376594,65.58312620262647],[22.540584555989827,65.58310476140056],[22.540206521642922,65.58330409256537]],[[22.53783460388958,65.58414427926178],[22.537404741385732,65.5841657128868],[22.537352950191934,65.58398782181676],[22.53783460388958,65.58414427926178]],[[22.535617876383256,65.58551810577704],[22.536047762988044,65.58549667697797],[22.536099548885023,65.58567456854867],[22.535617876383256,65.58551810577704]],[[22.536099548885023,65.58567456854867],[22.536581227158074,65.58583102973087],[22.536151335562614,65.58585246009395],[22.536099548885023,65.58567456854867]],[[22.53580446566909,65.58316265651965],[22.535374617353973,65.58318408424132],[22.535322842383597,65.58300619231412],[22.53580446566909,65.58316265651965]],[[22.535156695217147,65.58842865824973],[22.535208482060444,65.58860655011742],[22.534778543271248,65.58862797706266],[22.535156695217147,65.58842865824973]],[[22.53106020834322,65.58484285920069],[22.53149008832317,65.58482144339969],[22.531541841462516,65.58499933685819],[22.53106020834322,65.58484285920069]],[[22.531541841462516,65.58499933685819],[22.532453364543883,65.58513439434984],[22.531593595381942,65.58517723029121],[22.531541841462516,65.58499933685819]],[[22.534602773794585,65.5850272832901],[22.53518798899793,65.58553953336433],[22.53389832215915,65.58560380885542],[22.532453364543883,65.58513439434984],[22.534602773794585,65.5850272832901]],[[22.534136834822057,65.5834262525663],[22.534670230665295,65.58376061273493],[22.53381051126192,65.58380346075293],[22.533328887504307,65.58364699021325],[22.534136834822057,65.5834262525663]],[[22.5338826021666,65.58704837190027],[22.53345268779221,65.58706979483692],[22.533400916632477,65.58689190221186],[22.5338826021666,65.58704837190027]],[[22.531406620014216,65.58753267827582],[22.5313548617244,65.58735478482151],[22.531784782886625,65.58733336776834],[22.531406620014216,65.58753267827582]],[[22.528500608342725,65.58803835424173],[22.528070672280744,65.58805976212719],[22.528018935521214,65.58788186731594],[22.528500608342725,65.58803835424173]],[[22.52524530145032,65.60534508878966],[22.52567552597478,65.60532368601184],[22.52577905189715,65.60567947671065],[22.52524530145032,65.60534508878966]],[[22.52491859050428,65.60572228175725],[22.525348821591127,65.60570087984046],[22.525400582832752,65.60587877532771],[22.52491859050428,65.60572228175725]],[[22.52454011409654,65.6059215783003],[22.524970348855046,65.60590017742052],[22.525022107986604,65.60607807305836],[22.52454011409654,65.6059215783003]],[[22.5244983107626,65.5952759213428],[22.524068251173208,65.59529731911837],[22.524016524417906,65.59511942283548],[22.5244983107626,65.5952759213428]],[[22.52420684495385,65.62127812589064],[22.52398351134834,65.6220111100794],[22.523553008966328,65.62203251085033],[22.52339764916649,65.62149882317911],[22.52420684495385,65.62127812589064]],[[22.52360479712968,65.6222104066899],[22.523433229138885,65.62312128611963],[22.52191825738773,65.62391846254977],[22.519335029522548,65.62404681582406],[22.51907622058479,65.62315732783469],[22.519937270712223,65.62311455002602],[22.520969978259743,65.62216088998322],[22.52360479712968,65.6222104066899]],[[22.52351742700104,65.62041004796383],[22.523569211024096,65.62058794385615],[22.522708251793873,65.62063074136721],[22.52351742700104,65.62041004796383]],[[22.52226913422779,65.60711733894162],[22.52269939101697,65.60709594428438],[22.52275113748637,65.60727384082548],[22.52226913422779,65.60711733894162]],[[22.52275113748637,65.60727384082548],[22.523284897449646,65.60760823743342],[22.522854632767203,65.60762963383159],[22.52275113748637,65.60727384082548]],[[22.51492611922986,65.62390484218365],[22.517027073870892,65.62362004814237],[22.517302363091982,65.62306497050588],[22.518542182033908,65.62282291919253],[22.518302190079012,65.6250004660651],[22.517321030835564,65.6261320083464],[22.51489277185871,65.6267939838012],[22.514685818394767,65.62608238643763],[22.513290624245887,65.62579070836381],[22.51346256157531,65.62487983670327],[22.51492611922986,65.62390484218365]],[[22.51474360073213,65.59323442052559],[22.514313565208532,65.59325579038003],[22.514261910017197,65.59307789005055],[22.51474360073213,65.59323442052559]],[[22.514331651053674,65.5963228341466],[22.5139015640893,65.59634420335004],[22.513849904320956,65.59616630292452],[22.514331651053674,65.5963228341466]],[[22.510412956241076,65.61889531763242],[22.512565265742968,65.61878849005313],[22.51223821076257,65.61916565916123],[22.510412956241076,65.61889531763242]],[[22.51138961666932,65.59520572152078],[22.511441257320634,65.59538362297654],[22.51101118301549,65.59540498385098],[22.51138961666932,65.59520572152078]],[[22.5109079082689,65.59504918056297],[22.510959545252856,65.59522708221965],[22.510529473057705,65.595248441706],[22.5109079082689,65.59504918056297]],[[22.50880917649117,65.59533386752638],[22.50870593218848,65.59497806243198],[22.510426205645707,65.59489263801612],[22.50880917649117,65.59533386752638]],[[22.507467332017857,65.59522002109905],[22.507037256483567,65.59524137070974],[22.5069856462763,65.59506346744782],[22.507467332017857,65.59522002109905]],[[22.50633192103869,65.59581777698052],[22.50590183450306,65.59583912348006],[22.50585023062758,65.59566121976758],[22.50633192103869,65.59581777698052]],[[22.500234768640148,65.62896465897624],[22.499804127519578,65.62898599373558],[22.499752486021247,65.62880808830916],[22.500234768640148,65.62896465897624]],[[22.49415228071061,65.63359697475664],[22.494203895333346,65.63377488235922],[22.493773168511357,65.63379620085787],[22.49415228071061,65.63359697475664]]],[[[22.521588408995097,65.59161687273016],[22.521692151578076,65.5916256668161],[22.52169923336823,65.59161136663366],[22.521588408995097,65.59161687273016]]],[[[22.659928767376975,65.68392503627172],[22.661466356374063,65.68352554041068],[22.660611961583587,65.68212463943779],[22.6593758141774,65.68206162207865],[22.659928767376975,65.68392503627172]]],[[[22.808223809999998,65.52291604999999],[22.8078241143951,65.52158710016273],[22.80702003528206,65.52190891024081],[22.807082860763177,65.52297503416762],[22.808223809999998,65.52291604999999]]],[[[22.744505581432996,65.5677368729687],[22.743593333231065,65.56760311252083],[22.74375281399457,65.56813652912163],[22.744665081857796,65.56827028840488],[22.744505581432996,65.5677368729687]]],[[[22.74208775422204,65.56840241247198],[22.74337642164434,65.568336355885],[22.743323262665797,65.56815855022387],[22.74208775422204,65.56840241247198]]],[[[22.536508811423307,65.58258612316804],[22.536560593487764,65.58276401461788],[22.536990433691656,65.58274258361345],[22.536508811423307,65.58258612316804]]]]}},{"type":"Feature","properties":{"cyano_daymap_file_id":3185,"date":"2008-07-31Z","cloud":null,"sub_surfac":null,"surface":null,"no_data":null,"class":1,"color_hex":null,"algae_class":"class_1","source_date":"2008-07-31"},"geometry":{"type":"MultiPolygon","coordinates":[[[[21.916983064499096,65.39507152230682],[21.9472221,65.39367848],[21.95195950999999,65.41149122999998],[21.994714769999998,65.40951018999999],[21.992330900000002,65.40060465],[21.9709613,65.40159627000001],[21.96621315999999,65.38378422],[21.97351289363402,65.38344553894497],[21.973954253370728,65.38235729869676],[21.975093024971162,65.38176351517272],[21.974903024473512,65.38105104169341],[21.975757167301182,65.38101141884256],[21.976089224563935,65.38063536970984],[21.975946710274197,65.38010101569044],[21.977180362396446,65.37986345363872],[21.977796885194653,65.3789332317466],[21.982398271324996,65.37673605728268],[21.982255654389686,65.37620171018985],[21.98353661111735,65.37614221403905],[21.984200375777764,65.37539008406048],[21.985567584541933,65.37529308048676],[21.983936271199553,65.3691781856481],[21.982915930696336,65.36895809885782],[21.98229897284545,65.36826546580346],[21.983105160758562,65.36804768954873],[21.98345653156425,65.3673799061002],[21.97806506,65.34717025],[21.96311356166133,65.34786373570964],[21.9374845157948,65.3623116230953],[21.916983064499096,65.39507152230682]],[[21.97310417628309,65.40187142839747],[21.972676763585373,65.40189123617407],[21.972629234728906,65.40171311739624],[21.97310417628309,65.40187142839747]]],[[[22.018327840000005,65.33627774000001],[22.0609549,65.33427914],[22.06335472,65.34318344],[21.99939015,65.34617805],[22.00177045,65.35508352],[22.023100869999993,65.35408790999999],[22.02549006,65.36299292],[22.0468258,65.36199389999999],[22.049223889999997,65.37089844],[22.027881039999997,65.37189786999998],[22.032668369999996,65.38970759],[22.01130948,65.39070483000002],[22.017096544318836,65.4122256396422],[22.018523970345676,65.41148110974027],[22.021944165090638,65.41132156506038],[22.022990771874447,65.41199406431805],[22.02270691297758,65.41254831304866],[22.023989532002602,65.41248845686155],[22.02498833000529,65.41298284242087],[22.022994278216167,65.41361690916618],[22.022426517792795,65.41472540648785],[22.018314434787364,65.41675470437937],[22.02807174,65.45303996],[22.049480659999997,65.45203985999999],[22.05430042,65.46984857],[22.03192625679682,65.47089066826614],[22.03217119912542,65.47179791318452],[22.030457195126754,65.47187784867401],[22.028506926340654,65.47269012411788],[22.024173679337185,65.47271172693237],[22.022555634722394,65.47314776866006],[22.017080653932137,65.473763337831],[22.014889942235925,65.47368494137817],[22.013936912751856,65.47336861176152],[22.013825469718785,65.47173372991091],[21.994269111871073,65.47283959126887],[21.990025209999995,65.47284225],[21.992416259999995,65.48174774999997],[21.97098041,65.48274001],[21.973366070000004,65.49164586],[22.06634318462583,65.4873146943231],[22.066990359963274,65.48658127463669],[22.06789614100539,65.48671917838416],[22.068179754549043,65.4861648476093],[22.0690855269009,65.48630274431201],[22.071083879721726,65.48566802723336],[22.072369948614554,65.48560772627357],[22.073510812802528,65.48501318000359],[22.075654192394346,65.48491263855846],[22.0797494952639,65.48366030722869],[22.078141639999995,65.47774848],[22.099568449999992,65.47674111],[22.101997219999998,65.48564449999999],[22.123429380000005,65.48463369],[22.13074822,65.51134226],[22.15220011,65.51032718],[22.15465059,65.51922951000002],[22.17610783,65.51821099],[22.17856736,65.52711283000001],[22.194488432767056,65.5263547341912],[22.193733893949968,65.52568328293474],[22.19621062470425,65.52520449200698],[22.1962945698613,65.52393782695545],[22.19509096524885,65.52273253254012],[22.193226330832076,65.52228025104972],[22.194548581310233,65.52077420127327],[22.19392223305152,65.52008253205041],[22.192205665654473,65.52016432772429],[22.19224051981052,65.51871963178598],[22.19300018115348,65.51832267486142],[22.19471662451028,65.51824087137811],[22.195722759108094,65.51873405197784],[22.197933079958318,65.51852408418922],[22.197563230000004,65.51718944],[22.205072846981988,65.51683079856967],[22.205527618865222,65.51646249509612],[22.206814825256217,65.51640103891604],[22.207574194748524,65.51600401164109],[22.2075588259565,65.51438129511659],[22.206602014571256,65.51406621938057],[22.206453906706752,65.51353214226273],[22.211768481159165,65.51075289376541],[22.212626420146464,65.51071189072395],[22.212527614042752,65.51035584391381],[22.214045810790612,65.50956173344878],[22.21412888114843,65.50829506693077],[22.215745747270176,65.50785698649311],[22.216410396828294,65.50677662445776],[22.214074510000003,65.49836268],[22.23551181,65.49733591999998],[22.23303629,65.48843516],[22.254464559999995,65.48740581],[22.25198372,65.47850539999999],[22.265170702595405,65.47787006902237],[22.269668816885478,65.47532221364568],[22.272720494220806,65.47503031891777],[22.27091682,65.46857342],[22.29232701999999,65.46753887],[22.29572426892226,65.47965586306272],[22.297771024060307,65.47955679420733],[22.298527942368768,65.47915933474057],[22.30071971204533,65.4792336065189],[22.30011261020064,65.48016504522454],[22.299255839550653,65.48020653305821],[22.29774194367396,65.48100145607712],[22.29608467883262,65.4809413397774],[22.299812539999994,65.49423752999999],[22.33501764015807,65.49252836774644],[22.335195384866477,65.49217362009199],[22.336531228963192,65.49228905063012],[22.3368593622661,65.49191225094921],[22.33771644413978,65.49187054674034],[22.338372657156377,65.49111694205128],[22.338071381034823,65.49004909784892],[22.339306688974045,65.48980855675357],[22.340692655426302,65.49010192506921],[22.340793113703334,65.49045787113343],[22.341650140333304,65.49041614516295],[22.34232530310644,65.49093433589674],[22.34015893,65.48325818999999],[22.382994830000005,65.48116628],[22.39564242,65.52565458],[22.374189539999996,65.5267042],[22.37671758,65.53560211],[22.419635810000003,65.53349899],[22.42014876401145,65.53529200186004],[22.420913533745797,65.53525441355266],[22.42124094018682,65.5348774382382],[22.422833787822718,65.53588177738203],[22.42492877002335,65.53559831859249],[22.42465231655634,65.5361532396182],[22.42621628685597,65.53553499215963],[22.4263690417163,65.53606880471484],[22.424906865783825,65.53704293017903],[22.425008690838172,65.53739880622973],[22.425867095224163,65.53735658877207],[22.42579432538094,65.53862326228891],[22.426652768511797,65.5385810399858],[22.425466941513665,65.53900024722977],[22.42572155204522,65.53988993580582],[22.424586568497293,65.5404870746024],[22.422869545682,65.5405714922609],[22.421813999997884,65.54111277293656],[22.42472638,65.55129289],[22.419610602602415,65.55154398837584],[22.420822999312602,65.55167897600678],[22.42026960321346,65.55278880743937],[22.417466952683768,65.55364821724189],[22.41481676803938,65.5550414022517],[22.414590800251375,65.5557742505799],[22.41034646311616,65.55616294445103],[22.40961182294787,65.55511635059294],[22.41107555731033,65.55414235738685],[22.41092298773422,65.553608527554],[22.411731092435243,65.55338844142001],[22.411957124245248,65.55265559672098],[22.413467499492583,65.55184551111496],[22.403253829999997,65.55234683],[22.41088246,65.57903851],[22.389386359999996,65.58009071999999],[22.39378999294495,65.59551374476371],[22.394526289368567,65.59537058977133],[22.394753105207254,65.5946377630162],[22.398065163161025,65.59249100955005],[22.401025227888468,65.59216575072529],[22.402038141434463,65.59265748894417],[22.403758680804675,65.59257327263366],[22.40515089265021,65.5928659871546],[22.4054054445321,65.59375571044869],[22.404216796134026,65.59417477923814],[22.404369515063514,65.59470861432766],[22.405609099859497,65.59446748863853],[22.40700143444082,65.59476018494352],[22.407737184983127,65.59580678039158],[22.406876817716498,65.59584891453737],[22.406548483274207,65.59622586799442],[22.407510728626708,65.59653962299423],[22.40742962224264,65.5972483169048],[22.48049789,65.59365525],[22.47279279,65.56696785],[22.494273969999995,65.56590396],[22.48399878,65.53032163],[22.441092049999998,65.53244289],[22.430905130000003,65.49685607],[22.45233075,65.49579869],[22.447234440000003,65.47800577000001],[22.425823139999995,65.47906228999999],[22.423284999999996,65.47016531],[22.44468914999999,65.46910921999999],[22.442145769999996,65.46021260999999],[22.50632529,65.45702757],[22.498642399999998,65.43034126999999],[22.56274047,65.42713306],[22.565320879999998,65.43602724999998],[22.58669017,65.43495139000001],[22.589279629999997,65.44384507],[22.696132439999992,65.43841846999999],[22.693507379999996,65.42952700999999],[22.75757417,65.42623631],[22.760220549999996,65.43512643],[22.845643580000004,65.43069497000002],[22.842968799999998,65.42180667],[22.864312459999997,65.42069174999999],[22.850933139999995,65.37625147999998],[22.80831461,65.37847377],[22.80565888,65.36958459999998],[22.76304655,65.37179401],[22.76568815,65.38068407],[22.70173365,65.38397705],[22.69911328,65.37508564],[22.67779827,65.37617686],[22.672577540000002,65.35839295],[22.651274719999996,65.35948027999999],[22.648674349999993,65.35058778999999],[22.6699701,65.3495009],[22.664761060000004,65.33171661],[22.68604075,65.33062761000001],[22.678220619999998,65.30395201],[22.65696206,65.30503968],[22.654366269999993,65.29614723999998],[22.633112799999996,65.29723147],[22.630525979999998,65.28833852],[22.60927762,65.28941933],[22.606699749999997,65.28052587999998],[22.5854565,65.28160326000001],[22.582887569999993,65.27270930999998],[22.4979236,65.27698721],[22.49538469,65.26809146],[22.47414598,65.26915304],[22.471615979999996,65.26025678],[22.45038241,65.26131493999999],[22.44786132,65.25241819999998],[22.53275618,65.24816938],[22.520038739999997,65.20369336],[22.49885286,65.20475788],[22.49126598999999,65.17807021999997],[22.44893049,65.18018774],[22.443909829999996,65.16239393999999],[22.380434459999996,65.16554533999997],[22.37794783,65.15664707],[22.35679265,65.15769117],[22.354314829999996,65.14879240999998],[22.37546305,65.14774874],[22.372980109999997,65.13885034999998],[22.329709076143914,65.14098082535928],[22.013793386855145,65.31929394770671],[22.018327840000005,65.33627774000001]],[[22.136225508130956,65.50947391151574],[22.137034661761742,65.50925528314653],[22.136361241767446,65.50838530520552],[22.138604032781632,65.50863996143327],[22.1387018237028,65.50899606617497],[22.13789269248524,65.50921470324883],[22.13808826307658,65.5099269136925],[22.139375338175977,65.50986603277228],[22.13661657488004,65.51089833717336],[22.136225508130956,65.50947391151574]],[[22.290070137194768,65.45947699677299],[22.28662078915599,65.45989096474715],[22.28631822343077,65.45880914724853],[22.26843255,65.45967332],[22.26595014,65.45077315999998],[22.28734604,65.44973946],[22.284858339999996,65.44083966999999],[22.28899024824722,65.44063946065691],[22.287524461153705,65.43675559729498],[22.285187103257137,65.43614710907417],[22.279856131984953,65.43568337771842],[22.278851728732217,65.43519073972955],[22.275858020858976,65.43533545440803],[22.27837438018823,65.43503341768614],[22.27827502597208,65.43467741924627],[22.27646504313031,65.4344041138386],[22.27498344803333,65.43375411893645],[22.277927309682273,65.43343142395307],[22.277728631047463,65.43271942611631],[22.279011519829748,65.43265739818723],[22.28011519683528,65.43350603321537],[22.28182575592917,65.43342329941696],[22.2817263622336,65.43306730364093],[22.28263132807336,65.43320392775082],[22.281955204563744,65.43233462635536],[22.282909848750002,65.43264924680041],[22.283188358257934,65.43209456544548],[22.283715387995112,65.43242986967172],[22.284570627063783,65.43238848518757],[22.28412323257557,65.43078651303043],[22.281786492267013,65.4301779659503],[22.28168711397713,65.42982196998939],[22.280255335391676,65.42935002357366],[22.280961434050013,65.42877466479733],[22.282244120629034,65.4287126113874],[22.282343501396255,65.42906860695854],[22.28533645062949,65.42892377113574],[22.285893284786315,65.42781440077296],[22.285167497928853,65.42676711687575],[22.28549560987398,65.42639042895458],[22.28607226068676,65.4269037223695],[22.286877598263796,65.42668433035745],[22.286529601481742,65.42543835765024],[22.28424298657773,65.42500784065724],[22.284948884742242,65.4244324652004],[22.283517349659398,65.42396054731029],[22.283368290834165,65.42342655495315],[22.2850284840776,65.42316579411579],[22.286489823319574,65.42219303042123],[22.287344723376517,65.42215163358576],[22.28885563800544,65.42135684422648],[22.288706488423138,65.4208228580467],[22.28961106109101,65.42095944421031],[22.28936246110988,65.42006946857825],[22.293686305236555,65.42004035201265],[22.29383555078732,65.42057433230859],[22.293080203868623,65.42097175272828],[22.294561496153438,65.42162157293042],[22.29375637877652,65.42184100377989],[22.293855884274517,65.42219699052681],[22.293000995169912,65.42223842416705],[22.29310049224106,65.42259441149596],[22.291867876972617,65.42283454807837],[22.291211912315912,65.42358794835633],[22.289979232536403,65.4238280701437],[22.290227896520612,65.42471804410478],[22.288667110256334,65.42533485332966],[22.288388781239632,65.42588954301695],[22.28921413568803,65.42729280059697],[22.290019457737795,65.42707339196299],[22.290218418292454,65.42778537080842],[22.291172989669693,65.42809993968784],[22.292674945338426,65.43037243362951],[22.293957676517905,65.43031028015733],[22.29428570226986,65.42993357398136],[22.303358280665098,65.42949361704403],[22.30126116,65.42200446],[22.31122110140991,65.4215204853544],[22.31133058297655,65.42116855302882],[22.30937165358316,65.42036167651436],[22.309977158358897,65.41943021630803],[22.31083192350827,65.41938868766574],[22.310554122746044,65.4199434129604],[22.311508639610917,65.42025785367197],[22.313545842336833,65.41979802964788],[22.31364560695293,65.42015400072975],[22.31198590659788,65.42041507167598],[22.311658249369287,65.4207918126628],[22.312524218885383,65.42145716411663],[22.322631910000002,65.42096601],[22.32513013999999,65.42986506999999],[22.389252510000002,65.42673038],[22.391774009999995,65.43562809999999],[22.434527080000002,65.4335224],[22.4396043,65.45131593],[22.42295485626715,65.45213730053369],[22.424143313771495,65.45371676629719],[22.42109777819291,65.45368643405801],[22.420996399317616,65.4533305508866],[22.4191837238849,65.45305898582804],[22.418686458783327,65.45234787429071],[22.418214449999997,65.45237116],[22.420748769999996,65.46126826],[22.39934987,65.4623209],[22.401878949999993,65.47121837999998],[22.359061159999996,65.47331547],[22.354033499999996,65.45551874],[22.31123677,65.45760206000001],[22.313735359999995,65.46650130999998],[22.30689043014463,65.46683305106076],[22.30737371123645,65.46736500117582],[22.306189086021313,65.46778326121338],[22.30638886034024,65.46849521046634],[22.304775972711667,65.46893422051903],[22.304547511063376,65.46966692847077],[22.3036910925129,65.46970843796255],[22.302984445758362,65.47028390847149],[22.301371389999723,65.47072288382813],[22.29875210491654,65.47066935475098],[22.298980736888005,65.46993665388042],[22.299837171928584,65.4698951709386],[22.300115671822557,65.46934045853654],[22.301728665385937,65.46890149720875],[22.301529014053266,65.46818954057072],[22.302435304494068,65.46832603264895],[22.302335470372306,65.46797005491358],[22.304256450948174,65.46696070745331],[22.29232701999999,65.46753887],[22.290070137194768,65.45947699677299]],[[22.27498344803333,65.43375411893645],[22.274506148783082,65.4335967841615],[22.27493379650187,65.4335761183528],[22.27498344803333,65.43375411893645]],[[22.274028855244207,65.43343944781938],[22.274456500851873,65.4334187833848],[22.274506148783082,65.4335967841615],[22.274028855244207,65.43343944781938]],[[22.494093125341763,65.41450770592846],[22.493371696089532,65.41383501126938],[22.49246638446331,65.41369965569893],[22.49190454370012,65.41174260575313],[22.489564898615765,65.41113731029449],[22.48790763895803,65.41140029192977],[22.488506557443912,65.4104681852579],[22.489736693224742,65.41022646759575],[22.489124100696298,65.40809148950487],[22.490525872362657,65.40693892484315],[22.49137988110161,65.40689638049881],[22.491533056341083,65.40743012268123],[22.492053457519418,65.40740419384286],[22.490976759999995,65.40365439999998],[22.500896160901423,65.40315947084471],[22.501032318272188,65.4028059705083],[22.502261976510496,65.402564155529],[22.502159736432684,65.40220833597193],[22.50344048338959,65.40214442148441],[22.50234900872084,65.39985290247168],[22.50347627309531,65.39925525967205],[22.50593518930687,65.39877158391735],[22.50610635774027,65.39786072906008],[22.510982831074866,65.39792858419962],[22.509764870000005,65.393694],[22.552438130000002,65.39155569],[22.557585440000004,65.4093445],[22.53623557,65.41041603],[22.53880501,65.41931078],[22.49608527,65.42144571],[22.494093125341763,65.41450770592846]],[[22.500554280448892,65.40264935941362],[22.500981205612177,65.40262806024516],[22.501032318272188,65.4028059705083],[22.500554280448892,65.40264935941362]],[[22.443205359999997,65.38798226999998],[22.44831683189009,65.38772875680955],[22.450269610154535,65.38728517736048],[22.449914499053296,65.38603965760214],[22.452170262936423,65.38484513593204],[22.452018046405325,65.38431134404163],[22.45058583361852,65.38384102039078],[22.45048438131659,65.38348515782046],[22.451815101659147,65.38359962117346],[22.452486225834914,65.38140097765354],[22.455168088863285,65.38018525658296],[22.45602129740762,65.38014292081903],[22.45629563024744,65.37958796412475],[22.457148817207454,65.3795456221933],[22.457697412936216,65.37843570491584],[22.458587838929304,65.37819677666197],[22.41934096999999,65.38014030999999],[22.421867250000002,65.38903748],[22.40052725,65.39008968],[22.403048319999996,65.39898722],[22.381699319999996,65.40003685],[22.380346133947306,65.39524553379341],[22.377163674690976,65.39504089262687],[22.374225438873637,65.39536546725377],[22.373698042528584,65.39503048321238],[22.3710360495336,65.39480016993735],[22.372115935281027,65.39402551918205],[22.372793984593464,65.39182716205461],[22.3718900226191,65.39169106882977],[22.371011295555757,65.39011033329065],[22.369630362210394,65.38981719238969],[22.36942959782909,65.3891053368934],[22.368525746887865,65.38896922235513],[22.368751840139083,65.38823644158968],[22.371865151167693,65.38700123349061],[22.374702047790976,65.38632079032892],[22.377470306494217,65.38506289951644],[22.376673289999996,65.38224084999999],[22.38234665161422,65.38196196025002],[22.382407589220293,65.38143181032304],[22.38524360614044,65.38075117753596],[22.387401353773896,65.37920168517034],[22.38910796698634,65.37911777481054],[22.390663638270134,65.37849997845096],[22.39194355568891,65.37843702019681],[22.39226955444673,65.37806012177194],[22.396756338804696,65.37676770523846],[22.395490769999995,65.37229442],[22.40678320286268,65.37173770938234],[22.408523375581733,65.37130524487515],[22.407895234196367,65.37061448252841],[22.410178970629158,65.3710431532725],[22.41168323240481,65.37024720188839],[22.41047729329762,65.36904364960161],[22.410752492498133,65.36848876716553],[22.411554980993582,65.36826873864148],[22.412082294883398,65.36860359095832],[22.41230702484313,65.3678707588423],[22.413485485356098,65.36745172922753],[22.413357124122513,65.36547326863808],[22.412779432018276,65.36496047326987],[22.410120204134028,65.36473082240792],[22.41082175951596,65.36415490273008],[22.411674534232024,65.36411282268084],[22.41109690616608,65.36360002020066],[22.41244946667485,65.36227022260009],[22.4123486309264,65.36191432810391],[22.411495928778628,65.36195641123119],[22.41069362977319,65.36217643750555],[22.41079444434897,65.36253233332685],[22.409515355436596,65.36259544336184],[22.409790515438363,65.3620405630843],[22.411395107385143,65.36160051594945],[22.410666331767416,65.36055386790336],[22.412371645349726,65.36046970714582],[22.412472474706888,65.36082560169197],[22.417212534216077,65.36077200217169],[22.417111640990555,65.36041611145545],[22.415782236331907,65.36030132802928],[22.418716007788444,65.35997598856999],[22.42149828243396,65.35911676188816],[22.424908627285777,65.35894817845694],[22.428391581201666,65.35751284470467],[22.429771417480538,65.35780545803051],[22.430096628985332,65.35742848581818],[22.43094914834543,65.35738629917638],[22.431447916732207,65.3560985305655],[22.43315286101462,65.35601413810937],[22.432704722110657,65.35747985064833],[22.43473489054808,65.35701846158535],[22.436064201041024,65.35713307854796],[22.436165335349372,65.35748895407187],[22.437870351395013,65.3574045074264],[22.437993124669028,65.35631577106723],[22.439322411917967,65.35643035948425],[22.43957535534327,65.35732004158564],[22.441179144888302,65.35687968516282],[22.441402978431928,65.35614681886807],[22.4399219281756,65.35549844009361],[22.439842270118728,65.35369795783497],[22.438188074860708,65.35396036129508],[22.438310827239142,65.35287162489448],[22.436302758082018,65.35188844705972],[22.434742799147866,65.34943952545223],[22.43331282623815,65.34896901460608],[22.433962933525223,65.34821505741637],[22.43604291632454,65.34793159690477],[22.437472879030793,65.34840208190414],[22.438700633243712,65.34816080526295],[22.439278436831387,65.34867349995912],[22.442362364638544,65.34888152539843],[22.44316398831399,65.34866133725876],[22.443265179195958,65.34901720742512],[22.448935439706577,65.35072084773614],[22.449787705213016,65.35067855697396],[22.453551423143303,65.35175486227786],[22.454403713147368,65.35171254511351],[22.45540805382211,65.35220401341721],[22.4571633500659,65.35229728237806],[22.461404489013436,65.3535301462407],[22.465493743582293,65.35422910888393],[22.472171357822656,65.35642323656558],[22.473754881984544,65.35742713423052],[22.4837230711574,65.36053971876365],[22.486039049766745,65.36258974287412],[22.48629364472657,65.36347932920626],[22.485046640616165,65.36516558670527],[22.482743139837645,65.36618264947998],[22.480611375277018,65.36628884541854],[22.480509598711187,65.36593300645745],[22.47631641011461,65.36487863236191],[22.475209490672537,65.36403146937495],[22.474650217217803,65.36207432904092],[22.469026643856367,65.36054962466822],[22.464337593603094,65.36078277991295],[22.46353578995639,65.36100308272886],[22.46363731385797,65.36135893575306],[22.459800659729733,65.3615495742339],[22.45819691365721,65.36199012867333],[22.457922783341637,65.3625450867367],[22.45659311314398,65.36243066658167],[22.456694549803604,65.36278652518567],[22.454238013517088,65.36326937272254],[22.455314162574275,65.36249416442381],[22.45217785376022,65.36210849078475],[22.451447447476664,65.36106205715896],[22.45001653858769,65.36059171472552],[22.44885998723483,65.35956641530449],[22.450088147626655,65.35932504154975],[22.450615758833234,65.35965975577454],[22.45146831060187,65.35961745254883],[22.451814077047743,65.35779583197493],[22.453316315077544,65.35699948548542],[22.45534606790535,65.35653782262858],[22.45604640956497,65.35596170474302],[22.454565016721066,65.35531347364211],[22.454362273766016,65.35460175216342],[22.450547452686234,65.35334753974917],[22.447138032701364,65.35351669472213],[22.4455851725258,65.35413504552008],[22.446091448312075,65.35591438423529],[22.445542773857166,65.35702425998409],[22.444740919527675,65.35724446317117],[22.44512473272264,65.36011254381792],[22.44628116511071,65.36113787316746],[22.446635697368723,65.3623834073874],[22.445833691388557,65.36260361795674],[22.445609937554533,65.36333649002756],[22.44611642941064,65.3651158264592],[22.444989254508677,65.3657130389194],[22.444136492570536,65.36575530759477],[22.44423777622439,65.36611117616073],[22.445567586473945,65.36622570404025],[22.444288419187224,65.36628911040657],[22.441332889702366,65.36805956076256],[22.440357348295713,65.36919054718388],[22.440885043213456,65.36952529466828],[22.438803417764632,65.36980883897958],[22.43890074771419,65.37015097398249],[22.50210086,65.36700768],[22.507208289999994,65.38479861999998],[22.48587588,65.38586284],[22.48842537,65.39475865],[22.44574064,65.39687893999998],[22.443205359999997,65.38798226999998]],[[22.151613990000005,65.4291893],[22.20031135219504,65.4268653689194],[22.200129623601573,65.42634929297398],[22.200935690684556,65.42613035284923],[22.206543547100498,65.42604234928656],[22.20644520899656,65.42568629368765],[22.207300374843413,65.42564534804804],[22.207958824693286,65.42489228878925],[22.20881396179816,65.42485133485069],[22.2102782667846,65.42387928101364],[22.211511716806843,65.42363980325703],[22.21131493047515,65.42292769954925],[22.212597529463153,65.42286623933207],[22.21249912359471,65.42251018834264],[22.214505154413626,65.42159046345337],[22.213298869999996,65.41722691999999],[22.234669919999995,65.41620092999999],[22.23607717282486,65.41849214516381],[22.235374468896218,65.41874012248368],[22.24207899,65.4429032],[22.22068652,65.44393045],[22.22315277,65.45283151],[22.244552379999995,65.45180384],[22.24702764,65.46070442],[22.222451986251745,65.46188291533696],[22.221546173237158,65.4630239895406],[22.220261633036795,65.46308554498653],[22.220360328805064,65.46344158794544],[22.218318055098614,65.46390020244199],[22.21642368071117,65.46489285904899],[22.214661503983617,65.46479685019314],[22.213047244698814,65.46523489363628],[22.21281622758776,65.46596748730539],[22.210015699995044,65.46682303232927],[22.209307038622544,65.46739808377505],[22.208450512992282,65.46743905416082],[22.208351960977684,65.46708300202079],[22.207017917874463,65.46696642092905],[22.207116451216102,65.46732247412321],[22.205880918342093,65.46756193634351],[22.206506241563034,65.46825356635162],[22.205655156325395,65.46797277581102],[22.206675030000003,65.47165895],[22.18525739,65.47268142000001],[22.187714859999993,65.48158313999997],[22.166288209999998,65.48260300999999],[22.165171454855635,65.47854574736242],[22.163933043671076,65.47912131091317],[22.160554024115974,65.47946219683602],[22.160223470430914,65.4798386360785],[22.159366445028695,65.47987933292693],[22.16045606914763,65.47910610773677],[22.160358117122996,65.47875001854423],[22.15907263177758,65.47881106262652],[22.158546209065847,65.4784753176172],[22.158876770992364,65.4780988819597],[22.159733739002746,65.47805818844745],[22.15939097078324,65.47681187371754],[22.1576281596894,65.47671520551764],[22.154726764370746,65.47721366225572],[22.155057366903215,65.4768372345566],[22.153711175364148,65.47509742940115],[22.154996493408277,65.47503643256728],[22.154898634070733,65.47468033892034],[22.15659443534029,65.47404457232008],[22.14241659,65.47471731000002],[22.141541463436575,65.47152599751927],[22.14006535777732,65.4712351944321],[22.13840060094243,65.47149440322232],[22.137261816182566,65.47208941905511],[22.135927798837773,65.47197220977445],[22.136735810162417,65.47175359399267],[22.13663821407695,65.47139748595924],[22.137923398463645,65.471336635696],[22.139062135993186,65.47074161533003],[22.13896451282047,65.4703855090597],[22.1406291936174,65.4701262947909],[22.140862272633342,65.46939379191055],[22.140005552867724,65.46943437596082],[22.139907922753025,65.46907827036323],[22.14087955899523,65.46911223933503],[22.140439718756944,65.46750827974721],[22.13946862353047,65.46747579402472],[22.138845080522202,65.46678386943431],[22.140301715121726,65.46700502371333],[22.1399753,65.46581468999999],[22.148448033950842,65.46541269117544],[22.14835415122639,65.46507059954614],[22.149161844464132,65.46485192037531],[22.14853811345269,65.46416003762664],[22.15020229989576,65.46390072264298],[22.15005568522465,65.46336657573758],[22.15395881952474,65.4633617099519],[22.155096847359548,65.46276657557723],[22.154093681467113,65.46227309574363],[22.156283733750225,65.46234947973548],[22.15618591420468,65.46199338649274],[22.157042360189863,65.46195271332772],[22.156516315225687,65.46161695751118],[22.159746302257492,65.46074204793325],[22.16011878604506,65.46017520693039],[22.159182740441054,65.45676931963352],[22.158572183760516,65.45646895438914],[22.157336691507073,65.45670801901107],[22.15628103669643,65.45602270246357],[22.15547746355866,65.45625521943329],[22.137535849999995,65.45691202],[22.132662429999996,65.4391065],[22.111267919999996,65.44011825],[22.108615217422255,65.43232161206956],[22.10905864789424,65.43200697199572],[22.107537126350383,65.42642075009051],[22.1057314113882,65.42650599328856],[22.10549766016591,65.42723844870389],[22.103932268782707,65.42785338877873],[22.102124472349455,65.42757797122323],[22.102737553640743,65.42664727359907],[22.10707694743315,65.42473121663754],[22.103992920000003,65.4134083],[22.146737240000004,65.41138426000003],[22.151613990000005,65.4291893]],[[22.232203920000003,65.40730005],[22.25356598999999,65.40627147999999],[22.256039109999996,65.41517193000001],[22.234669919999995,65.41620092999999],[22.232203920000003,65.40730005]],[[22.248625309999998,65.38847039],[22.205901738575005,65.39042811205371],[22.203900020497205,65.39135536211055],[22.20304596451131,65.39139627751563],[22.202947830673804,65.39104021752631],[22.20204472301618,65.39090309708587],[22.202884199765148,65.38923946107619],[22.205242954316496,65.38803423186796],[22.19367944,65.34601491],[22.278925029999993,65.34190634999999],[22.2813994,65.35080638000001],[22.302713269999998,65.34977132],[22.31016879,65.37646978],[22.28883363,65.37750610999998],[22.29628457,65.4042053],[22.25356598999999,65.40627147999999],[22.248625309999998,65.38847039]],[[22.03971735333015,65.41588174969529],[22.038630383888048,65.4154111853673],[22.038961939122743,65.41503500283987],[22.03710768214873,65.4145806981054],[22.036483817553247,65.41226547612406],[22.037290872785945,65.41204740158167],[22.03776196779848,65.41058266753922],[22.0367150457682,65.4099102738577],[22.034529645671817,65.40983211102603],[22.033103315662576,65.40935776890697],[22.034237674959996,65.4071407027875],[22.033854031240388,65.40571594103149],[22.03625743028194,65.40303937656594],[22.035064729999995,65.39861237],[22.04766667073955,65.39802212490335],[22.055389113451636,65.39731362318861],[22.05638979364019,65.39746661776977],[22.054025469999996,65.38870735],[22.075380769999995,65.38770408999999],[22.08261804,65.4144158],[22.039862839999998,65.41642176],[22.03971735333015,65.41588174969529]],[[22.039677582257905,65.41608356303072],[22.039201987366994,65.41592546820137],[22.03962956759198,65.41590547019008],[22.039677582257905,65.41608356303072]],[[22.514629610566544,65.37632062841669],[22.51638669554108,65.37641318785433],[22.516420610387026,65.37803566798422],[22.514594931849405,65.37920978115446],[22.51198459979437,65.37915985889735],[22.51307706548041,65.3769396722934],[22.514629610566544,65.37632062841669]],[[22.492652259493546,65.41585589488064],[22.492225110978985,65.41587717274327],[22.492122944246255,65.41552134561209],[22.492652259493546,65.41585589488064]],[[22.45242547426243,65.4191174300561],[22.452222192789204,65.418405711148],[22.45136773289426,65.41844803818077],[22.451012059489983,65.41720252671168],[22.45181566638766,65.41698227213857],[22.450656423383354,65.41595701402481],[22.457064200475447,65.4156394803425],[22.457369285356254,65.41670704714072],[22.456291063394808,65.4174822914242],[22.457023369619492,65.4185286821495],[22.455894219552725,65.41912599654563],[22.4556703582767,65.41985888471642],[22.454113860404938,65.42047736087548],[22.452832073759023,65.42054086667889],[22.45250646181419,65.42091789212706],[22.449942829216663,65.42104486610799],[22.449312333653758,65.42035430077541],[22.45242547426243,65.4191174300561]],[[22.45476575912714,65.36360407101685],[22.45433942223343,65.36362523320132],[22.45428871749621,65.36344730297435],[22.45476575912714,65.36360407101685]],[[22.453212500255244,65.36422250464176],[22.452786151826235,65.36424366254462],[22.452684761235986,65.36388780083283],[22.453212500255244,65.36422250464176]],[[22.45118212147686,65.3646841451505],[22.450755763589182,65.36470529739881],[22.450705080571694,65.36452736574138],[22.45118212147686,65.3646841451505]],[[22.449852368192055,65.36456966629252],[22.449426010865622,65.36459081476808],[22.449375337109604,65.3644128825678],[22.449852368192055,65.36456966629252]],[[22.447771237158506,65.36485332953595],[22.44819760035012,65.3648321856879],[22.44824826711748,65.3650101183565],[22.447771237158506,65.36485332953595]],[[22.44739553430725,65.36505240519779],[22.447821901091142,65.36503126237714],[22.447872565781342,65.36520919519361],[22.44739553430725,65.36505240519779]],[[22.44701982578648,65.36525147998],[22.447446196162677,65.36523033818683],[22.447496858775622,65.3654082711511],[22.44701982578648,65.36525147998]],[[22.44623052164662,65.54916541149738],[22.446659897083787,65.5491442414399],[22.446710986144957,65.54932217037367],[22.44623052164662,65.54916541149738]],[[22.446710986144957,65.54932217037367],[22.447191456401622,65.54947892766704],[22.446762075975325,65.54950009928251],[22.446710986144957,65.54932217037367]],[[22.446644111596054,65.36545055388254],[22.44707048556459,65.36542941311686],[22.447121146100233,65.36560734622896],[22.446644111596054,65.36545055388254]],[[22.446865857868545,65.40874644541536],[22.446438780283927,65.40876759280289],[22.446388023585516,65.40858966043666],[22.446865857868545,65.40874644541536]],[[22.4462683917359,65.36564962690545],[22.446694769296812,65.36562848716726],[22.446745427755033,65.36580642042719],[22.4462683917359,65.36564962690545]],[[22.435750964524956,65.5505839365665],[22.436988163465163,65.5503425781079],[22.437642851439453,65.54958855847207],[22.438931021570443,65.54952511729059],[22.44087375758266,65.54870763276068],[22.44435979282515,65.54871629006617],[22.44274442808443,65.5491567978623],[22.443275938080305,65.54949149833428],[22.44160945087273,65.5497540642598],[22.441384277734553,65.55048694456215],[22.44052547154663,65.55052925408177],[22.439441428489932,65.5513044367797],[22.438153171969002,65.55136788317043],[22.43825524529599,65.55172374781138],[22.436006062398647,65.55147360294475],[22.435750964524956,65.5505839365665]],[[22.436108106925804,65.55182946932186],[22.436537536136598,65.55180832744087],[22.436588562432693,65.55198626041852],[22.436108106925804,65.55182946932186]],[[22.436588562432693,65.55198626041852],[22.43706902369976,65.5521430499325],[22.43663958949713,65.55216419337128],[22.436588562432693,65.55198626041852]],[[22.435566273413126,65.34777476543478],[22.435039098858542,65.34743999397655],[22.435465192385884,65.34741888896421],[22.435566273413126,65.34777476543478]],[[22.435790201489986,65.34704190652776],[22.436642373445178,65.34699969119623],[22.43631737717486,65.347376675342],[22.435465192385884,65.34741888896421],[22.435790201489986,65.34704190652776]],[[22.436057084278094,65.55165153614576],[22.43562765717906,65.55167267664264],[22.43557663817963,65.55149474326805],[22.436057084278094,65.55165153614576]],[[22.43418634249911,65.55120228910951],[22.434615763262656,65.55118115276493],[22.43466677496576,65.55135908653641],[22.43418634249911,65.55120228910951]],[[22.43466677496576,65.55135908653641],[22.4351472131924,65.55151588238081],[22.434717787437,65.55153702028305],[22.43466677496576,65.55135908653641]],[[22.43305177430602,65.35565826007337],[22.432199315007548,65.35570045801187],[22.431997173318884,65.35498870026568],[22.432849609954662,65.35494650370488],[22.43305177430602,65.35565826007337]],[[22.431469893221266,65.354653917381],[22.431043678680528,65.354675012318],[22.4309931523228,65.35449707242591],[22.431469893221266,65.354653917381]],[[22.431144733661686,65.35503089202803],[22.430718512700164,65.35505198610977],[22.430667987664748,65.35487404609495],[22.431144733661686,65.35503089202803]],[[22.430819565036714,65.35540786606539],[22.430393337654223,65.35542895929188],[22.43034281394122,65.35525101915427],[22.430819565036714,65.35540786606539]],[[22.430595440058628,65.35614071959556],[22.430169200588885,65.35616181231107],[22.430118676687968,65.35598387210001],[22.430595440058628,65.35614071959556]],[[22.430494387345917,65.3557848394931],[22.430068153542283,65.35580593186427],[22.430017631151806,65.35562799160384],[22.430494387345917,65.3557848394931]],[[22.430270250656477,65.35651769265912],[22.429844004765197,65.35653878451926],[22.42979348218694,65.35636084418543],[22.430270250656477,65.35651769265912]],[[22.429945052187424,65.35689466511289],[22.429518799874426,65.35691575611767],[22.42946827861895,65.35673781566103],[22.429945052187424,65.35689466511289]],[[22.42508567176835,65.49354773374556],[22.427758213362797,65.49377698487152],[22.428012370087128,65.4946666741478],[22.425746275529974,65.4958609387134],[22.423225944024377,65.49616547320429],[22.42292113256595,65.49509783458484],[22.42508567176835,65.49354773374556]],[[22.422201045371985,65.53519112134066],[22.42263021438247,65.53517002151723],[22.422681106593704,65.53534796052061],[22.422201045371985,65.53519112134066]],[[22.42161922081502,65.53467840175644],[22.42204838196232,65.53465730366216],[22.422099268999755,65.53483524291312],[22.42161922081502,65.53467840175644]],[[22.40976327391437,65.36041799274133],[22.40933694496236,65.36043902735872],[22.409286552010236,65.36026107882188],[22.40976327391437,65.36041799274133]],[[22.40891061525692,65.36046006077608],[22.40848428479807,65.36048109299338],[22.40843389751526,65.36030314411313],[22.40891061525692,65.36046006077608]],[[22.40714304584955,65.3710124417591],[22.406716542614774,65.3710334707325],[22.406666142818928,65.37085552138853],[22.40714304584955,65.3710124417591]],[[22.40709788148099,65.59204889392855],[22.40666775971358,65.59206995918365],[22.406616843148946,65.59189201504427],[22.40709788148099,65.59204889392855]],[[22.406265745478557,65.5937135853125],[22.40583559538929,65.59373464848713],[22.405784680586102,65.59355670405101],[22.406265745478557,65.5937135853125]],[[22.40364353399543,65.36017851579989],[22.404069864234568,65.36015749729827],[22.404120221663987,65.36033544794422],[22.40364353399543,65.36017851579989]],[[22.403267554763303,65.36037748409056],[22.40369388859008,65.36035646661743],[22.40374424393761,65.36053441741045],[22.403267554763303,65.36037748409056]],[[22.40234097263109,65.36168618914922],[22.402391321908684,65.36186414045675],[22.401964962390597,65.361885154502],[22.40234097263109,65.36168618914922]],[[22.401186212676077,65.3606605052772],[22.40203889277427,65.3606184807887],[22.40224027633436,65.36133028646054],[22.401488258512472,65.3617282156964],[22.401186212676077,65.3606605052772]],[[22.401511871507637,65.36028359030675],[22.401085536751946,65.36030460160787],[22.40098486383828,65.35994869784037],[22.401511871507637,65.36028359030675]],[[22.400884193934935,65.35959279397477],[22.400457869765724,65.35961380338966],[22.40040753877755,65.35943585124853],[22.400884193934935,65.35959279397477]],[[22.373528658066977,65.30699136664794],[22.374805153874398,65.30692858893005],[22.374679871629134,65.30801729889339],[22.373828839801437,65.30805915155499],[22.373528658066977,65.30699136664794]],[[22.37680743812983,65.30791264628533],[22.376932631952634,65.3068239354539],[22.377783617956027,65.30678206568231],[22.377508289053427,65.30733688912329],[22.37850947788572,65.30782890264636],[22.381012434959214,65.30752529007854],[22.381112595999554,65.30788121243236],[22.38196360807365,65.30783931871933],[22.382288935012078,65.30746244873754],[22.38356542833786,65.30739959662081],[22.384892020487015,65.30751469338054],[22.38509245017057,65.30822653174474],[22.38429153526948,65.30844640311685],[22.38481726291707,65.30878136712305],[22.383540706327118,65.30884423052292],[22.383014993374612,65.30850926189979],[22.380987572961416,65.30896992499366],[22.381813806993783,65.31037266617808],[22.380261860454087,65.31099033317037],[22.37936066675952,65.31085425654499],[22.379861222928387,65.30956664102209],[22.378960080388843,65.30943056147011],[22.378859941268956,65.30907463745767],[22.37673229089615,65.30917931998638],[22.37645691756046,65.30973414195412],[22.377358058519693,65.30987023653387],[22.377458181029713,65.31022616171687],[22.378259208531524,65.31000632561673],[22.378359343830038,65.31036225006824],[22.377608370398384,65.31076004930864],[22.37703263252025,65.31024709685175],[22.37618153326003,65.31028896352905],[22.376757255690467,65.31080191940494],[22.375530628523858,65.31104267890314],[22.374279162803262,65.30966082727232],[22.374679871629134,65.30801729889339],[22.37680743812983,65.30791264628533]],[[22.37197470207741,65.31681067260003],[22.375805609036828,65.31662233197905],[22.37530499078733,65.31484269996258],[22.376256367697323,65.31515676264388],[22.37743310503096,65.31473803289407],[22.376006050875556,65.31426694767245],[22.380737860830923,65.3142145810455],[22.380187180077424,65.31532423847412],[22.38081319337952,65.31601513811201],[22.37820926920759,65.31596283138528],[22.37745813843383,65.31636063148294],[22.377332944100502,65.31744934274484],[22.378234356103736,65.31758542929506],[22.377057507088917,65.31800416645925],[22.376782059105523,65.31855898978074],[22.375079319935367,65.3186427210035],[22.375279587142725,65.31935457410425],[22.374302863377626,65.32048514398329],[22.373451428305938,65.32052699863209],[22.372775439862615,65.31965810333335],[22.3709725342067,65.31938586018356],[22.367566892405108,65.3195531733799],[22.367291228751032,65.32010798150509],[22.36829273074283,65.32060005989223],[22.366639840135875,65.3208616632966],[22.366014073077796,65.32017070212605],[22.365212634568696,65.32039047714224],[22.365112630636006,65.32003454259907],[22.365964065832284,65.31999273518322],[22.365388339828925,65.31947973800453],[22.364111209110533,65.31954244220273],[22.36223254829977,65.32053676774319],[22.357499530251275,65.32058856402978],[22.356096238008085,65.32173990457885],[22.35607003841126,65.32318454889926],[22.355018720094936,65.3225144165586],[22.353215788353822,65.32224196070091],[22.354393213860725,65.32182340436246],[22.352640256513034,65.32172891272586],[22.35206474759707,65.3212158623132],[22.35291624600209,65.32117412816217],[22.35351811503076,65.32024252980455],[22.35474537865288,65.32000194351022],[22.354871515613592,65.31891324151074],[22.356098704849753,65.3186726449246],[22.35665046945792,65.31756306477138],[22.358303260375575,65.3173015722294],[22.359380475434385,65.31652703978958],[22.360657473705125,65.3164643771384],[22.361408866460742,65.31606665834227],[22.36358712788184,65.31614015436932],[22.365615412465086,65.31567971723769],[22.36664234564461,65.31472716848042],[22.36574108846659,65.31459101082842],[22.36564110404755,65.31423507643414],[22.36771921048594,65.31395257985464],[22.368846023461327,65.31335595011866],[22.368695993594585,65.31282205214438],[22.369497174896683,65.31260226118239],[22.368871542703772,65.31191131052068],[22.370573871073347,65.31182765382368],[22.37132498252629,65.31142988832903],[22.371049473721587,65.31198470176965],[22.372000695963017,65.31229879297241],[22.370723932107136,65.31236154960509],[22.371299597031985,65.31287452697599],[22.370698515675436,65.31380618846487],[22.37330221865117,65.31385862758371],[22.373402304760177,65.31421455583919],[22.370948648076098,65.31469601416006],[22.37197470207741,65.31681067260003]],[[22.380462197155733,65.31170217865933],[22.38003662771678,65.3117231225157],[22.379986545243934,65.3115451610093],[22.380462197155733,65.31170217865933]],[[22.379636455458463,65.3164338943324],[22.38006210132268,65.316412950827],[22.380112195508627,65.3165909121874],[22.379636455458463,65.3164338943324]],[[22.379260897382455,65.31663279834193],[22.37968654681942,65.31661185586357],[22.379736638928133,65.31678981737032],[22.379260897382455,65.31663279834193]],[[22.379110294673065,65.309964447306],[22.379060222497724,65.30978648538509],[22.379485761624142,65.30976554460425],[22.379110294673065,65.309964447306]],[[22.378885333656346,65.31683170147073],[22.37931098666611,65.31681076001944],[22.37936107669751,65.31698872167259],[22.378885333656346,65.31683170147073]],[[22.378084106949803,65.31705154294517],[22.378935420862643,65.31700966329463],[22.378985508816648,65.31718762509415],[22.378184272304768,65.31740746720283],[22.378084106949803,65.31705154294517]],[[22.37830943124127,65.31631875559395],[22.378359513379507,65.31649671766174],[22.377933864524554,65.31651765637586],[22.37830943124127,65.31631875559395]],[[22.378084040031744,65.31398430897309],[22.37723282216229,65.31402618281898],[22.377032551251393,65.31331433235407],[22.377933818781187,65.31345042218514],[22.378084040031744,65.31398430897309]],[[22.37705762071654,65.31186969597873],[22.37663204529877,65.3118906302546],[22.376581985417122,65.31171266738255],[22.37705762071654,65.31186969597873]],[[22.37610617536239,65.31462287373414],[22.375680554591,65.31464380577944],[22.37563049479858,65.31446584259012],[22.37610617536239,65.31462287373414]],[[22.375229770850584,65.31610937364496],[22.37480412523866,65.31613030346224],[22.374704011394197,65.31577437642504],[22.375229770850584,65.31610937364496]],[[22.3729513995731,65.31568011811308],[22.373377039698678,65.31565919359899],[22.373427087025213,65.31583715766605],[22.3729513995731,65.31568011811308]],[[22.373427087025213,65.31583715766605],[22.373902780127324,65.31599419565558],[22.37347713509883,65.31601512170872],[22.373427087025213,65.31583715766605]],[[22.37252634943785,65.3126338007344],[22.372951940798053,65.31261287792276],[22.373001978250688,65.3127908422331],[22.37252634943785,65.3126338007344]],[[22.373001978250688,65.3127908422331],[22.3734776127121,65.3129478821686],[22.37305201645018,65.31296880651907],[22.373001978250688,65.3127908422331]],[[22.37285131281113,65.31532418956473],[22.372425677588396,65.31534511253979],[22.372375638152807,65.3151671480585],[22.37285131281113,65.31532418956473]],[[22.37265114825113,65.31461233217588],[22.372751229037178,65.31496826091897],[22.37232559946417,65.31498918355285],[22.37265114825113,65.31461233217588]],[[22.372150789134896,65.31283268699985],[22.372576384066203,65.3128117652153],[22.372626419441378,65.31298972967187],[22.372150789134896,65.31283268699985]],[[22.371375759072315,65.30854061095658],[22.37095023191282,65.30856152864794],[22.37085020488706,65.30820559815263],[22.371375759072315,65.30854061095658]],[[22.37081022230675,65.39246571710378],[22.370383335713377,65.39248664702563],[22.37033313221944,65.39230868355395],[22.37081022230675,65.39246571710378]],[[22.370735050165088,65.39066515358657],[22.370308192754326,65.39068608299998],[22.370257993932334,65.39050811945543],[22.370735050165088,65.39066515358657]],[[22.37070981038387,65.39210979047816],[22.37028292947706,65.39213072005792],[22.370182526246897,65.39177479299263],[22.37070981038387,65.39210979047816]],[[22.370559198136363,65.39157590035677],[22.370132325759084,65.3915968294234],[22.37003192703793,65.39124090221178],[22.370559198136363,65.39157590035677]],[[22.370207462894843,65.39339739359308],[22.369780560581088,65.393418321966],[22.369730359016174,65.3932403582742],[22.370207462894843,65.39339739359308]],[[22.36263586138566,65.3158260103662],[22.362210208247028,65.31584690459306],[22.362160236613434,65.31566893602022],[22.36263586138566,65.3158260103662]],[[22.362371418192385,65.396307267243],[22.361517503129917,65.39634907948408],[22.361467350771736,65.39617111254334],[22.362371418192385,65.396307267243]],[[22.361040394958565,65.39619201668951],[22.35975952301396,65.3962547219139],[22.35960910457781,65.39572081889546],[22.360940098183743,65.39583608239327],[22.361040394958565,65.39619201668951]],[[22.35920037041061,65.32357228586079],[22.359626151204555,65.32355139885604],[22.359776071324358,65.32408530699107],[22.35920037041061,65.32357228586079]],[[22.35892449202669,65.32412708082435],[22.359350282048634,65.32410619450691],[22.359450226871687,65.32446213348291],[22.35892449202669,65.32412708082435]],[[22.316190535317716,65.47866392651744],[22.31644072072925,65.47955384180125],[22.315684069370626,65.479951388359],[22.312357141287126,65.48047363177511],[22.31225711617221,65.48011766252048],[22.313442189952074,65.47969935043538],[22.31409882426893,65.47894584699038],[22.316190535317716,65.47866392651744]],[[22.31372876687125,65.39417092722694],[22.313301797753024,65.39419169621982],[22.313251977037844,65.39401370993868],[22.31372876687125,65.39417092722694]],[[22.30917224139878,65.41964972745862],[22.308744853357496,65.41967048773573],[22.308695005030756,65.41949250024176],[22.30917224139878,65.41964972745862]],[[22.307950273705938,65.39517353740393],[22.307523282765587,65.39519429023956],[22.307473498903086,65.39501630167887],[22.307950273705938,65.39517353740393]],[[22.284541168279294,65.42607582284678],[22.284968683811375,65.42605512990582],[22.285018386222998,65.42623312668424],[22.284541168279294,65.42607582284678]],[[22.284163348706468,65.42627451170033],[22.28459086783729,65.42625381979452],[22.2846405681404,65.4264318167183],[22.284163348706468,65.42627451170033]],[[22.283785523426307,65.42647319966404],[22.28421304615589,65.42645250879342],[22.284262744350404,65.42663050586259],[22.283785523426307,65.42647319966404]],[[22.28270170235488,65.42724725589039],[22.28312923873489,65.4272265679562],[22.283178931348125,65.42740456543746],[22.28270170235488,65.42724725589039]],[[22.282323852135196,65.42744594043982],[22.28275139211416,65.42742525354093],[22.282801082618434,65.42760325116751],[22.282323852135196,65.42744594043982]],[[22.28109090681685,65.4276859922127],[22.281945996207504,65.4276446240993],[22.281995681748672,65.42782262204051],[22.28109090681685,65.4276859922127]],[[22.281995681748672,65.42782262204051],[22.282472917320916,65.42797993375564],[22.282045368034787,65.42800061995779],[22.281995681748672,65.42782262204051]],[[22.280155981678657,65.42899402635781],[22.280106305939405,65.42881602771396],[22.280533870367144,65.42879534685798],[22.280155981678657,65.42899402635781]],[[22.279678740766858,65.42883670736529],[22.279629068626807,65.4286587085283],[22.280056630944983,65.4286380290462],[22.279678740766858,65.42883670736529]],[[22.279907610430474,65.42810403289927],[22.279052502175162,65.42814538964349],[22.27900283586828,65.42796739054155],[22.279907610430474,65.42810403289927]],[[22.279201505563865,65.42867938680574],[22.279151837022926,65.42850138777557],[22.279579397231508,65.42848070966733],[22.279201505563865,65.42867938680574]],[[22.277529964329847,65.43200742789669],[22.27795758324763,65.43198675380206],[22.278007251665088,65.43216475322363],[22.277529964329847,65.43200742789669]],[[22.276724384111738,65.43222677240053],[22.27757962989207,65.4321854274875],[22.277629296199063,65.43236342705431],[22.276724384111738,65.43222677240053]],[[22.276018102243714,65.43280211315307],[22.275590468181033,65.43282278189999],[22.27554081466147,65.43264478153506],[22.276018102243714,65.43280211315307]],[[22.27312392317566,65.43330277176571],[22.272268632460563,65.43334409186193],[22.272219000296513,65.43316609019186],[22.27312392317566,65.43330277176571]],[[22.206024885429386,65.51355262738629],[22.20559586340937,65.51357311129998],[22.205546501360136,65.51339508521062],[22.206024885429386,65.51355262738629]],[[22.176419298173514,65.38581520703616],[22.1759923347363,65.38583558681715],[22.175894592576633,65.38547950535192],[22.176419298173514,65.38581520703616]],[[22.175747984825122,65.38494538297901],[22.17617493402916,65.384925004031],[22.176223805394514,65.38510304467871],[22.175747984825122,65.38494538297901]],[[22.17536990056162,65.38514380170507],[22.17579685334392,65.38512342379333],[22.17584572259442,65.3853014645843],[22.17536990056162,65.38514380170507]],[[22.157113280823914,65.48431517681728],[22.159060298037808,65.48350127408192],[22.158962345127815,65.48314518400737],[22.16010109406211,65.48255000500333],[22.163578527868747,65.48256521187068],[22.161962298254107,65.48300272824538],[22.162158287396412,65.48371490362901],[22.161252145999086,65.48357756850793],[22.160921553683433,65.48395400963986],[22.15877865089283,65.48405575584219],[22.158974562895207,65.48476793609863],[22.158166347757465,65.48498667279404],[22.157113280823914,65.48431517681728]],[[22.161448121011965,65.4842897449465],[22.16101953692089,65.48431009814621],[22.160970544934013,65.48413205390469],[22.161448121011965,65.4842897449465]],[[22.159672537205097,65.48257035411753],[22.159623558321208,65.48239230930895],[22.16005211230778,65.4823719603616],[22.159672537205097,65.48257035411753]],[[22.15902354273606,65.4849459811044],[22.159072523313064,65.48512402608687],[22.158643923320735,65.48514437270279],[22.15902354273606,65.4849459811044]],[[22.156829602139236,65.51643448125547],[22.158447963178396,65.51599699921029],[22.15859510633845,65.5165311325596],[22.156927676763235,65.51679057142107],[22.156829602139236,65.51643448125547]],[[22.157128176631947,65.46068605135004],[22.15669997479882,65.46070638857698],[22.15665106553788,65.4605283420908],[22.157128176631947,65.46068605135004]],[[22.154736467149853,65.49146236364788],[22.155544909684245,65.49124364310053],[22.155642852708493,65.49159973545962],[22.154736467149853,65.49146236364788]],[[22.155642852708493,65.49159973545962],[22.156120536805357,65.49175744227911],[22.155691825324926,65.4917777816042],[22.155642852708493,65.49159973545962]],[[22.15591258627044,65.48942250438361],[22.155483912868753,65.48944284274923],[22.155434946949562,65.4892647964683],[22.15591258627044,65.48942250438361]],[[22.155091259736455,65.49433144290684],[22.15466250508736,65.49435177973109],[22.154564562960747,65.49399568673712],[22.155091259736455,65.49433144290684]],[[22.153976972041374,65.49185912681496],[22.15440568646645,65.49183879232574],[22.15445465120058,65.49201683894734],[22.153976972041374,65.49185912681496]],[[22.15445465120058,65.49201683894734],[22.154932336105563,65.49217454951388],[22.15450361667083,65.49219488554567],[22.15445465120058,65.49201683894734]],[[22.15298455484478,65.49298840641119],[22.15174729785386,65.4932274423943],[22.15207813371808,65.49285101900402],[22.151073834695815,65.49235753027591],[22.14726419105071,65.4927184625162],[22.14630889671189,65.49240299067166],[22.1465908903987,65.49184852884203],[22.145684540752523,65.49171110239585],[22.145060218805607,65.49101921120621],[22.14634634368135,65.49095828015011],[22.147057020145056,65.49038350490636],[22.147914412875178,65.49034287432126],[22.148478280687147,65.48923394528106],[22.149335633064457,65.48919330702424],[22.14966645614019,65.48881688902301],[22.151381126149328,65.4887355945011],[22.151050328993644,65.48911201600436],[22.15190767254485,65.4890713632414],[22.152238456740456,65.48869493998724],[22.152385287558783,65.4892290825414],[22.153671303777298,65.48916809020406],[22.153732173775584,65.49096889252333],[22.154589573162262,65.49092822400358],[22.154687501751233,65.49128431712307],[22.153401384331133,65.49134531908992],[22.15264187184334,65.49174207571683],[22.15298455484478,65.49298840641119]],[[22.153855202583877,65.48825752263505],[22.154859390959082,65.48875099397536],[22.153671303777298,65.48916809020406],[22.153855202583877,65.48825752263505]],[[22.15434722084535,65.47741204233463],[22.153918742729164,65.47743237436313],[22.15382088723046,65.4770762799886],[22.15434722084535,65.47741204233463]],[[22.150179151737397,65.4938428887209],[22.15060790225334,65.49382256465474],[22.150656845615703,65.49400061271072],[22.150179151737397,65.4938428887209]],[[22.1497993381011,65.49404125996735],[22.150228092226303,65.49402093694356],[22.150277033451022,65.49419898514296],[22.1497993381011,65.49404125996735]],[[22.146289010223143,65.40059741163333],[22.147997930858654,65.40051621152953],[22.14796042295234,65.40196092430197],[22.145824152637022,65.40206242204322],[22.14506703707116,65.402459117539],[22.14444499264328,65.40176720098759],[22.14600788398699,65.40115186491853],[22.146289010223143,65.40059741163333]],[[22.138709569366117,65.46787247626617],[22.13737576275769,65.46775527771962],[22.137326969002483,65.46757722386896],[22.138611963918272,65.46751636958555],[22.138709569366117,65.46787247626617]],[[22.13593223895434,65.5084055912969],[22.135883363331715,65.50822753784576],[22.136312363267503,65.50820725192087],[22.13593223895434,65.5084055912969]],[[22.134927623724014,65.5079119984279],[22.134498627337216,65.50793228038992],[22.13444976255191,65.5077542263698],[22.134927623724014,65.5079119984279]],[[22.132698517023353,65.45859780400912],[22.132747259094742,65.45877585987313],[22.132319065648662,65.45879612787408],[22.132698517023353,65.45859780400912]],[[22.131413943085814,65.45865860389205],[22.131744664644255,65.45828222600984],[22.13227032644266,65.45861807184401],[22.131413943085814,65.45865860389205]],[[22.097092029926294,65.34214764535412],[22.09666570073831,65.34216779408699],[22.09656922755892,65.34181164880792],[22.097092029926294,65.34214764535412]],[[22.08058934321055,65.39450634427851],[22.089916396841762,65.38901712670229],[22.092430646218578,65.3887182129522],[22.093566950242135,65.38812355882085],[22.094896508007736,65.38824118562982],[22.095089824619603,65.38895347427652],[22.093623064011915,65.3899244326321],[22.08940025138695,65.39030391782828],[22.08778834554401,65.39074059898344],[22.085136320980705,65.39212801652933],[22.08357968134586,65.39436553775704],[22.08035512219761,65.3952387655108],[22.08058934321055,65.39450634427851]],[[22.07591245894513,65.34206503739361],[22.078560072280982,65.34067782450352],[22.080595424100174,65.34022116801209],[22.08111799241752,65.34055722235658],[22.07993527720462,65.3409736871048],[22.081503044281206,65.34198185095023],[22.080939146756574,65.34309053155319],[22.082596433178026,65.3428320284873],[22.083731036694257,65.34223746484423],[22.081750615203465,65.34449505444692],[22.080519602294054,65.34473344696475],[22.07914419181946,65.34443759173],[22.077012270242886,65.34453807171454],[22.076063290077204,65.34422209428583],[22.07591245894513,65.34206503739361]],[[22.07448272237156,65.339968240736],[22.07618797446404,65.33988789062664],[22.07628416347532,65.34024405175009],[22.075431527513626,65.34028422986289],[22.0728318594314,65.34184947081592],[22.071552816873293,65.34190970769025],[22.07093421737205,65.34121745410972],[22.07448272237156,65.339968240736]],[[22.05820497741838,65.48140198214229],[22.05991950267097,65.48132172680879],[22.060160999430153,65.48221214403426],[22.058971650035026,65.48262850753383],[22.058736167837257,65.48336090652558],[22.056924940936245,65.48308498057307],[22.056780100944213,65.4825507266312],[22.05820497741838,65.48140198214229]],[[22.05964247505544,65.45788993229239],[22.059690718855073,65.45806801644433],[22.059262468998895,65.45808807779089],[22.05964247505544,65.45788993229239]],[[22.056173990317813,65.45949512386726],[22.053604320777488,65.45961541551621],[22.053031433182188,65.45910119996348],[22.051698420056248,65.45898323719848],[22.051602037791795,65.45862706276466],[22.054358839543667,65.45759632826329],[22.053834185927258,65.457260201679],[22.052597651857766,65.45749841893378],[22.05202483260584,65.45698419889048],[22.052784919612982,65.4565879426433],[22.054117814292255,65.45670589696029],[22.053785983743982,65.45708211525415],[22.054738876532813,65.45739819480764],[22.056451843241728,65.45731799376884],[22.056307185086748,65.45678373745145],[22.057115423224822,65.45656554551611],[22.057971876403087,65.45652543423502],[22.058116566787753,65.45705968864873],[22.058973034269776,65.45701957155111],[22.059594231980288,65.45771184811765],[22.056173990317813,65.45949512386726]],[[22.048268241656558,65.44309333467308],[22.050028442397394,65.44319130402586],[22.052024034145635,65.44255686519288],[22.05330804030557,65.44249674625071],[22.052692848067228,65.443427262937],[22.04988929496988,65.44427986555438],[22.04856226271603,65.44578469461631],[22.045993895398794,65.44590484423306],[22.04522900126838,65.44467823536307],[22.04598884573349,65.4442820156005],[22.04584448783832,65.44374774628704],[22.048268241656558,65.44309333467308]],[[22.045315231165834,65.44178875705595],[22.04474787639719,65.44289733403122],[22.042703980835157,65.4433535876329],[22.04293961554615,65.44262121180614],[22.045315231165834,65.44178875705595]],[[22.041602889899497,65.47298075221354],[22.042459908872317,65.47294072350425],[22.043889941167528,65.47341494103925],[22.04274888223249,65.47400926558093],[22.04332191292564,65.47452351866806],[22.04246484371691,65.47456355274855],[22.040558093556534,65.47393124210232],[22.041795512941796,65.47369311500164],[22.041602889899497,65.47298075221354]],[[22.033789526044227,65.39904649087626],[22.03293490309801,65.39908644738897],[22.03288697174376,65.39890835155792],[22.033693652640093,65.39869029984524],[22.033789526044227,65.39904649087626]],[[22.02338101329991,65.416664547161],[22.024236226249048,65.41662463914064],[22.024523707758167,65.41769323116338],[22.02328874333583,65.41793119340686],[22.023384560540926,65.418287391502],[22.02428774177108,65.41842558164005],[22.02091453157706,65.41876328817729],[22.021102701531102,65.41785284214922],[22.02338101329991,65.416664547161]],[[22.020880843720853,65.4025348254845],[22.020453463972288,65.40255476840629],[22.020357755966213,65.40219856732016],[22.020880843720853,65.4025348254845]],[[22.01356546148157,65.34625194577208],[22.01531904072845,65.34635038387259],[22.015557531332025,65.34724090269042],[22.014799946897092,65.34763694793195],[22.014659622669885,65.34872548956346],[22.01375890757148,65.34858721782429],[22.01342777443863,65.34896334117265],[22.01139053560213,65.34941910702018],[22.007978308422064,65.34957833560817],[22.009729634864993,65.34805398013819],[22.01356546148157,65.34625194577208]],[[22.007599428082695,65.34977634047439],[22.00717289292191,65.34979623759972],[22.007125244497963,65.34961813073572],[22.007599428082695,65.34977634047439]],[[21.97694448460898,65.48915002266733],[21.975324618791845,65.4895855756027],[21.974419197076358,65.48944711373831],[21.97503819224524,65.48851688110703],[21.977563382700488,65.48821978061117],[21.97694448460898,65.48915002266733]]],[[[22.017724873122862,65.41456225521084],[22.018434695951985,65.41437060295277],[22.018291097932675,65.41383629981192],[22.01909835779553,65.41361832068688],[22.017465477327992,65.41359761973837],[22.017724873122862,65.41456225521084]]],[[[22.394467249999998,65.59788573],[22.394531173033677,65.59788258664182],[22.394462930853994,65.59787060287731],[22.394467249999998,65.59788573]]],[[[22.44128216755481,65.55013108240112],[22.44085277060432,65.55015223741874],[22.44090382243029,65.55033016868542],[22.44128216755481,65.55013108240112]]],[[[22.424223133350928,65.53617434531968],[22.424274038787516,65.5363522836547],[22.424703224869518,65.53633117777997],[22.424223133350928,65.53617434531968]]],[[[22.368970552083237,65.31533448737352],[22.3681192730988,65.31537631022417],[22.367943681756138,65.31628705139583],[22.37139893344572,65.3162976988783],[22.37067310109231,65.31525082729844],[22.369771806341934,65.3151146942026],[22.369596273579507,65.31602543670641],[22.36874497348763,65.31606726331685],[22.368970552083237,65.31533448737352]]],[[[22.058737743011626,65.45775196894556],[22.058309497440693,65.45777202754802],[22.058357731914754,65.45795011221588],[22.058737743011626,65.45775196894556]]],[[[22.019194099084995,65.41397452219567],[22.01914622808138,65.41379642145256],[22.018718663365895,65.41381636123496],[22.019194099084995,65.41397452219567]]]]}},{"type":"Feature","properties":{"cyano_daymap_file_id":3185,"date":"2008-07-31Z","cloud":null,"sub_surfac":null,"surface":null,"no_data":null,"class":1,"color_hex":null,"algae_class":"class_1","source_date":"2008-07-31"},"geometry":{"type":"MultiPolygon","coordinates":[[[[22.60252173,65.78611158],[22.59725284,65.76832551],[22.64053552,65.76615608999998],[22.6401574965187,65.76488572949641],[22.629626611492498,65.76057883753],[22.604195119519396,65.74896748549598],[22.63256855005572,65.73936216743876],[22.62996321,65.73058675],[22.646915613832824,65.7297323711999],[22.6519919525198,65.7256029751429],[22.667020373746762,65.72871911780997],[22.67317942,65.72840871],[22.667876109999998,65.71062544],[22.64628359,65.71171508],[22.64364223,65.7028229],[22.600465749999998,65.70499214999998],[22.60309255,65.71388523],[22.555907607564308,65.71622855256518],[22.555535601942708,65.71645449243434],[22.555723852665064,65.71623767829428],[22.473471830000005,65.72032252],[22.491608059999997,65.78259087999999],[22.501500269502515,65.78210295602076],[22.502191921218543,65.78154166069544],[22.503439434878473,65.78129965643353],[22.503335368463564,65.78094385567772],[22.505501222056168,65.78083699399589],[22.506107303037062,65.77990474461176],[22.51043878839632,65.77969091389794],[22.511686131824284,65.77944884382786],[22.51158196067598,65.77909304973545],[22.512585516019715,65.7791925267781],[22.51066354,65.77262769],[22.53231385,65.77155673000001],[22.53378026700394,65.77655121561337],[22.53498515691161,65.7764915228721],[22.533857862857662,65.77564499698003],[22.537045971560516,65.77602844344318],[22.537254989380823,65.77673999003338],[22.53557495463323,65.77700372605703],[22.53654560533828,65.77731657758198],[22.537429962009636,65.78032685996432],[22.538313047719395,65.78028304505818],[22.53928597617919,65.7791659930298],[22.541070685751805,65.7792579851081],[22.540861538187773,65.7785464450262],[22.54216081957023,65.7784820141077],[22.542384729984782,65.77774899703778],[22.543355489590315,65.77806180412084],[22.543683966642252,65.77768455357803],[22.54455012044339,65.77764158515838],[22.546544029725315,65.77844504765571],[22.54481167299432,65.77853100271912],[22.544368377079017,65.77998260571863],[22.55658096,65.77937667],[22.557875742055625,65.78377066952096],[22.560400013554496,65.78371276649949],[22.56050488037331,65.78406852026563],[22.559205372795763,65.78413310978182],[22.55936265258867,65.78466674183979],[22.55815743571772,65.78472663103658],[22.559201730000005,65.78827057],[22.60252173,65.78611158]],[[22.53730724581933,65.77691787661684],[22.53865872190893,65.77703136272453],[22.538554190641136,65.77667559064795],[22.539853384759763,65.77661118025908],[22.540077347942,65.77587816606304],[22.54061495278292,65.77621246348258],[22.541481063321516,65.77616951293007],[22.541585632473314,65.77652528262429],[22.540719510204006,65.77656823388686],[22.54087635228871,65.77710188930087],[22.54001020924755,65.77714483673817],[22.53968168429749,65.77752207983565],[22.53654560533828,65.77731657758198],[22.53730724581933,65.77691787661684]],[[22.59993833233816,65.72578910433681],[22.598052065741342,65.72534204083037],[22.597409739990226,65.72465221657811],[22.59498641842692,65.72387101267616],[22.594881371023305,65.72351528457554],[22.593047866227977,65.72324602071961],[22.592942848533365,65.7228902909848],[22.597094495911303,65.72358503809558],[22.598116366939003,65.72407537363112],[22.601468207246022,65.7235465869304],[22.60211061124213,65.72423639326144],[22.604376401591136,65.72448390101218],[22.605071504524158,65.72535155387187],[22.60377508152409,65.72541649246274],[22.604627981778762,65.72681772800496],[22.603974025699575,65.72757246066466],[22.60288784080145,65.72834883384753],[22.599482845484815,65.72869979567515],[22.599272582975804,65.72798834727134],[22.600411433692738,65.72738986064347],[22.59993833233816,65.72578910433681]],[[22.6046621399362,65.722484147784],[22.604714727960165,65.72266200781957],[22.604282632321684,65.72268365377565],[22.6046621399362,65.722484147784]],[[22.600154249401367,65.71910004513761],[22.60046955390359,65.72016721664681],[22.596253985112668,65.72073922424573],[22.597392597116876,65.72014076262454],[22.599120832775945,65.72005425117781],[22.600154249401367,65.71910004513761]],[[22.59760273117569,65.72085221487923],[22.598034802952906,65.72083058813229],[22.598087341374406,65.7210084509527],[22.59760273117569,65.72085221487923]],[[22.5941866612426,65.72264758125131],[22.593164921519783,65.72215721801608],[22.592300723064536,65.72220044317338],[22.59295489673239,65.72144575853447],[22.593819068664875,65.72140252992742],[22.594957766596927,65.72080408566575],[22.595821913069713,65.72076084593813],[22.59641156536949,65.7212728148481],[22.597655266679908,65.72103007787807],[22.597760340075915,65.721385803798],[22.595862549972008,65.7223832407299],[22.5941866612426,65.72264758125131]],[[22.593907589548344,65.71724679832039],[22.5940125929372,65.71760252752127],[22.59358057101268,65.71762414234627],[22.59304355657027,65.71729002603821],[22.593907589548344,65.71724679832039]],[[22.59225622001843,65.71462204838019],[22.591929208120295,65.71499938878415],[22.59279316686654,65.7149561681396],[22.59381460644741,65.71544653685783],[22.593919599765684,65.71580226622014],[22.59262362148294,65.7158671053457],[22.592833582666188,65.71657856589914],[22.591969569839183,65.71662178731518],[22.59229660030115,65.71624444663507],[22.589220110192713,65.71621782265687],[22.58901025186769,65.71550635608885],[22.59225622001843,65.71462204838019]],[[22.591699011952805,65.72313299078978],[22.591751512443867,65.72331085617925],[22.591319392924987,65.72333246556067],[22.591699011952805,65.72313299078978]],[[22.59154151525181,65.72259939446604],[22.591594013356797,65.7227772599332],[22.590729791031674,65.72282047640705],[22.59154151525181,65.72259939446604]],[[22.590846943398255,65.72173167451862],[22.590899434609103,65.72190954029354],[22.590467337638074,65.72193114702945],[22.590846943398255,65.72173167451862]],[[22.575880348319814,65.72302079457259],[22.576312478139332,65.72299922893399],[22.576364872519758,65.72317710068758],[22.575880348319814,65.72302079457259]],[[22.579389779456303,65.72302610583128],[22.57734685906549,65.72204516821684],[22.578643192842698,65.72198045568166],[22.578538379383513,65.72162471397469],[22.579677448011566,65.72102638038261],[22.580541632616548,65.72098322706148],[22.581196124484165,65.72022858981477],[22.58411577191255,65.71972176552],[22.58466524551037,65.71861137747361],[22.585529339447397,65.71856819673052],[22.58563423411261,65.71892393280201],[22.58644588297614,65.71870287880387],[22.589195569268625,65.71910689133672],[22.588319151084065,65.72059462772717],[22.58972033954566,65.72088555536914],[22.590414849344935,65.72175328107625],[22.588424093994202,65.72095036139598],[22.587559926318693,65.72099355931842],[22.587232769872724,65.7213708910856],[22.585884036571972,65.72125780839872],[22.585988949239287,65.72161354405068],[22.58458776080873,65.72132258204397],[22.583880899419803,65.72189936448983],[22.584850004669796,65.72221192365235],[22.5850598140616,65.72292339647367],[22.58447034480828,65.72241138174213],[22.582637020455508,65.7221419906372],[22.5821398275821,65.72343024227952],[22.57949461145645,65.72338184676904],[22.579756705354665,65.72427119866141],[22.582244699368385,65.72378598092544],[22.581969867244045,65.72434117179252],[22.5837508937496,65.7244327007808],[22.583920791486452,65.72352176990405],[22.58613389667332,65.72359168303791],[22.587325339644448,65.72317116075827],[22.586251244814964,65.72250288272807],[22.589171041954128,65.72199595992221],[22.590087726042412,65.72213061865173],[22.588948856241394,65.7227290281876],[22.589485935890096,65.72306315830656],[22.58850445056138,65.72419516409639],[22.587692649944074,65.72441623060092],[22.588387194154755,65.72528396523587],[22.587522881640165,65.72532716439795],[22.586868455913272,65.72608182821611],[22.585244694685343,65.72652394104136],[22.585781809044217,65.7268580838944],[22.58453771247614,65.72710072776253],[22.584747561007354,65.7278122006417],[22.583018749208588,65.72789855457722],[22.58193191151867,65.72867478467762],[22.579823240840106,65.72896055511566],[22.57891917944602,65.72738129744774],[22.580215775910155,65.72731656888993],[22.58118504554753,65.72762914976202],[22.58005848543461,65.72678295861526],[22.58173479431971,65.72651876950457],[22.581472605006454,65.7256294219626],[22.580018819108634,65.72516054990807],[22.581262867856896,65.72491794346388],[22.579913971224215,65.7248048094869],[22.57883999481028,65.72413647795494],[22.577543553589898,65.72420119324032],[22.576364872519758,65.72317710068758],[22.579389779456303,65.72302610583128]],[[22.589013605719437,65.72146236038066],[22.589066083669323,65.7216402269204],[22.588633989353383,65.7216618284232],[22.589013605719437,65.72146236038066]],[[22.588936587319857,65.72417356253656],[22.58904155619528,65.72452929552671],[22.588609413600015,65.72455089744307],[22.588936587319857,65.72417356253656]],[[22.58397101834399,65.71774362271358],[22.58386615230117,65.7173878852114],[22.585214674517736,65.71750098789545],[22.5853195596501,65.71785672427724],[22.58397101834399,65.71774362271358]],[[22.579928107752686,65.72931629541688],[22.579980542400843,65.72949416552875],[22.579548307749135,65.72951574263202],[22.579928107752686,65.72931629541688]],[[22.579586656905295,65.7251821263962],[22.57953423548474,65.72500425602045],[22.579966394769272,65.72498267971041],[22.579586656905295,65.7251821263962]],[[22.579102075405963,65.72502583111115],[22.579049657698466,65.72484796053156],[22.579481814858465,65.72482638561891],[22.579102075405963,65.72502583111115]],[[22.57889354756074,65.73027037550565],[22.57743954049597,65.72980148100791],[22.578304022789762,65.72975833742221],[22.57889354756074,65.73027037550565]],[[22.57848697903588,65.72740287119461],[22.57843455976039,65.72722500041664],[22.578866757251134,65.72720342684781],[22.57848697903588,65.72740287119461]],[[22.578513725786088,65.73046982035721],[22.578081473355933,65.7304913934721],[22.578029049335303,65.73031352259903],[22.578513725786088,65.73046982035721]],[[22.576417821159144,65.72931100510611],[22.576850055531875,65.72928943689648],[22.576902468946127,65.72946730828056],[22.576417821159144,65.72931100510611]],[[22.576902468946127,65.72946730828056],[22.577387122573082,65.72962360985349],[22.576954883154652,65.7296451796388],[22.576902468946127,65.72946730828056]],[[22.56259963069066,65.72855599710205],[22.56303186630199,65.7285344681253],[22.56308418284598,65.72871234522918],[22.56259963069066,65.72855599710205]],[[22.56351642058467,65.72869081485503],[22.564433219780724,65.72882562699257],[22.56519303246576,65.72842680494614],[22.56529769554792,65.72878255735091],[22.57178116266393,65.72845937952873],[22.571885916519758,65.72881512649575],[22.573614834288662,65.72872889797299],[22.574151847976605,65.72906308287779],[22.5750163121895,65.72901995814742],[22.574741274540553,65.72957513802197],[22.577059713954664,65.73000092227784],[22.57726938508686,65.73071240724607],[22.57510808847503,65.7308202432176],[22.575645166355542,65.73115442221611],[22.5735886155964,65.73161798100229],[22.574178092495753,65.73213003783208],[22.571531989749065,65.73208151274919],[22.56963240308354,65.73307864043444],[22.568715426017423,65.73294386138724],[22.56844021514441,65.73349903160954],[22.567575588006257,65.73354212061055],[22.56724798818215,65.73391941383625],[22.56546635165913,65.73382769776545],[22.566108073676464,65.73451766283485],[22.565243407801574,65.73456073897418],[22.562335434383975,65.7336226748675],[22.561693836071846,65.73293269266568],[22.560292286104715,65.73264151052474],[22.558681585753423,65.7316388000274],[22.558524707969195,65.73110516340084],[22.561013773587398,65.73062028214365],[22.561132197959306,65.72953149051578],[22.563188818312454,65.72906809935967],[22.56351642058467,65.72869081485503]],[[22.57551395355981,65.72773172527377],[22.575946162448787,65.72771015988573],[22.575998565795643,65.72788803168014],[22.57551395355981,65.72773172527377]],[[22.575998565795643,65.72788803168014],[22.576483183870725,65.72804433648515],[22.576050969936592,65.72806590344874],[22.575998565795643,65.72788803168014]],[[22.575199567670293,65.72666449289746],[22.575631759042533,65.72664292857728],[22.57568415762523,65.72682080052655],[22.575199567670293,65.72666449289746]],[[22.57568415762523,65.72682080052655],[22.576168753418884,65.72697710655434],[22.5757365570019,65.72699867245001],[22.57568415762523,65.72682080052655]],[[22.57593317921207,65.72915470033016],[22.575985585992175,65.72933257209607],[22.575553350031022,65.72935413786634],[22.57593317921207,65.72915470033016]],[[22.573850602678775,65.72655130585406],[22.573902988790163,65.72672917854091],[22.57347079424247,65.72675073798302],[22.573850602678775,65.72655130585406]],[[22.571244192235756,65.72812518582852],[22.57129656425962,65.7283030595544],[22.57086434079906,65.72832461188266],[22.571244192235756,65.72812518582852]],[[22.570506957013926,65.77923934259181],[22.57061194131412,65.779595088231],[22.569745774217566,65.7796382048763],[22.570506957013926,65.77923934259181]],[[22.570064707238533,65.73305709079997],[22.570117083170384,65.73323496489694],[22.569684776094288,65.73325651470931],[22.570064707238533,65.73305709079997]],[[22.562264747015867,65.78109329229088],[22.56470606395645,65.78043042779872],[22.56534900147609,65.78112038414756],[22.564849973828366,65.78240859786486],[22.56148973707222,65.78293666134026],[22.560951719668903,65.78260244163899],[22.561765564773037,65.78238149743994],[22.560794422141505,65.78206881140066],[22.562264747015867,65.78109329229088]],[[22.561072543412504,65.77555758640258],[22.562476467387892,65.77584873783037],[22.561610409692925,65.77589180716336],[22.561715254979333,65.77624756029792],[22.56019275979139,65.7770451945262],[22.55802749774765,65.77715282735579],[22.557370971192498,65.77790738530754],[22.555415160559733,65.77872649542994],[22.55449661231088,65.7785916462866],[22.554339477671647,65.77805800778856],[22.55260717816357,65.77814405088104],[22.551583948945872,65.77765342316162],[22.55132217368898,65.7767640194305],[22.55447234018928,65.77552466783318],[22.555338399884107,65.77548163904092],[22.55587619122728,65.7758158807777],[22.55798895548997,65.77553040143273],[22.55863158441463,65.77622038914852],[22.561072543412504,65.77555758640258]],[[22.560466145964508,65.78244609682385],[22.560571007504,65.78280185059475],[22.56013786044135,65.78282338163316],[22.559599862777947,65.78248915696584],[22.560466145964508,65.78244609682385]],[[22.55928803354774,65.77546582653903],[22.557451143325633,65.77519616735736],[22.55869780629849,65.77495371939582],[22.55928803354774,65.77546582653903]],[[22.558873417359216,65.71737119306496],[22.55892567815528,65.7175490721446],[22.558493621927326,65.71757058767102],[22.558873417359216,65.71737119306496]],[[22.549675572555472,65.72486764089943],[22.548863406284624,65.72508850385839],[22.547842411141954,65.72459782896782],[22.54708243443067,65.72499656600255],[22.545353659861533,65.72508249167926],[22.542261231931622,65.7264994851299],[22.5409645624073,65.72656389103078],[22.540428025871506,65.7262295843243],[22.540271564128787,65.72569592478132],[22.54238044006592,65.72541070036317],[22.5431405026659,65.72501198595712],[22.542551805938572,65.72449980123702],[22.54341618093487,65.72445685689114],[22.54284234396015,65.72250011716221],[22.544086633172558,65.72225781229263],[22.54393012487682,65.72172415698282],[22.542425068045258,65.72107703177586],[22.543185006196854,65.72067831839126],[22.543304162824658,65.7195895334373],[22.543631946169494,65.7192122899658],[22.54530816404862,65.71894850305817],[22.54558373831985,65.71839337111324],[22.546827804685623,65.71815104604873],[22.546998980089715,65.71724014383713],[22.547863103712228,65.71719717673396],[22.548190791491646,65.71681992439672],[22.550559860791957,65.71742401124608],[22.55228810291483,65.7173380317318],[22.551699410719774,65.71682588237478],[22.553859655768367,65.71671838930779],[22.554828210205393,65.71703114513238],[22.555640073984797,65.71681025336107],[22.555796787982445,65.71734389455844],[22.558598140059264,65.71792634610824],[22.556110237343724,65.71841117625964],[22.557026632013574,65.71854603703594],[22.556751303732074,65.71910118724841],[22.554747584066224,65.71974236553874],[22.554904301033897,65.72027600763252],[22.553660213120345,65.72051839895367],[22.55376467912825,65.72087416123438],[22.552625004689844,65.72147230682486],[22.552781690491038,65.72200595141902],[22.551157576347524,65.72244770397947],[22.55098652431087,65.72335860965906],[22.550174416428522,65.72357947903238],[22.551024355475167,65.72498104404285],[22.550212197662557,65.72520191411628],[22.549675572555472,65.72486764089943]],[[22.557368254794095,65.71672421674877],[22.557420503671665,65.71690209646373],[22.556988456739003,65.71692360762289],[22.557368254794095,65.71672421674877]],[[22.55612436049949,65.71696662628396],[22.556556409014927,65.71694511756297],[22.556608652849082,65.71712299760719],[22.55612436049949,65.71696662628396]],[[22.556608652849082,65.71712299760719],[22.557092951033628,65.71727936733068],[22.556660897474615,65.71730087762572],[22.556608652849082,65.71712299760719]],[[22.551903071282112,65.72349349978244],[22.551955299038745,65.7236713815893],[22.55152313359301,65.72369287840843],[22.551903071282112,65.72349349978244]],[[22.551418684709475,65.7233371144142],[22.551470908755594,65.72351499642417],[22.5510387454378,65.7235364918464],[22.551418684709475,65.7233371144142]],[[22.550693994141938,65.77462944785294],[22.55074633806663,65.77480732895913],[22.55031331532817,65.77482883085332],[22.550693994141938,65.77462944785294]],[[22.546363760326116,65.77484441000858],[22.54679678728231,65.77482291929398],[22.546901423148586,65.77517868467905],[22.546363760326116,65.77484441000858]],[[22.546901423148586,65.77517868467905],[22.54738677723166,65.77533507486307],[22.546953742273143,65.77535656733306],[22.546901423148586,65.77517868467905]],[[22.547015625973657,65.72626323624235],[22.5470678268517,65.72644111999561],[22.54663561024568,65.72646260344298],[22.547015625973657,65.72626323624235]],[[22.546859028085507,65.72572958482857],[22.546911226590566,65.72590746865879],[22.546479018744552,65.72592895157425],[22.546859028085507,65.72572958482857]],[[22.545759255669996,65.77577680370493],[22.545811568380294,65.7759546868148],[22.545378521447695,65.77597617492772],[22.545759255669996,65.77577680370493]],[[22.545401713230017,65.7790431654827],[22.545454031439228,65.77922104866312],[22.545020929332164,65.7792425363055],[22.545401713230017,65.7790431654827]],[[22.543250888550485,65.77770603595391],[22.543198589221692,65.77752815183194],[22.543631664380534,65.77750666963364],[22.543250888550485,65.77770603595391]],[[22.541538524631946,65.7180529698865],[22.54164281200684,65.71840874225768],[22.541210724147994,65.71843020901662],[22.541538524631946,65.7180529698865]],[[22.541002164230335,65.71771866346336],[22.541054303024968,65.71789654989007],[22.54062222313072,65.7179180148984],[22.541002164230335,65.71771866346336]],[[22.54030129956792,65.77514515165399],[22.540353573119663,65.77532303702286],[22.53948748873188,65.77536598091017],[22.54030129956792,65.77514515165399]],[[22.537859824728287,65.77580762680493],[22.53727001085203,65.7752954326231],[22.539106710895577,65.77556533689575],[22.537859824728287,65.77580762680493]],[[22.53688921652523,65.77549478323138],[22.536993719088787,65.77585055673157],[22.53656066507907,65.77587201986103],[22.536023119443055,65.77553770755809],[22.53688921652523,65.77549478323138]],[[22.520301116191035,65.72488165479311],[22.520197090915122,65.72452586520272],[22.521873905563115,65.72426233056632],[22.52197795262497,65.72461811879413],[22.521113529468494,65.72466094184189],[22.520457160016353,65.72541533898749],[22.519160479595325,65.72547955921249],[22.51905646711332,65.72512376871501],[22.520301116191035,65.72488165479311]],[[22.520115857165177,65.77073055826534],[22.52027223063015,65.77126423946365],[22.519839236860765,65.7712856544895],[22.520115857165177,65.77073055826534]],[[22.51933266729368,65.72456867813906],[22.51928066167858,65.7243907829523],[22.520145079459397,65.72434797036927],[22.51933266729368,65.72456867813906]],[[22.51921248701848,65.72565745442301],[22.518348023622607,65.72570026216061],[22.518296022040683,65.72552236659675],[22.51921248701848,65.72565745442301]],[[22.51892113046467,65.77115058663571],[22.519025364223115,65.77150637508663],[22.518592365148102,65.77152778662217],[22.518055143251672,65.77119340777651],[22.51892113046467,65.77115058663571]],[[22.511148826873434,65.77911444144854],[22.511096745419813,65.77893654418726],[22.511529876288197,65.77891515265102],[22.511148826873434,65.77911444144854]],[[22.497980642287327,65.77164323606992],[22.49803261564778,65.77182113886786],[22.497599590378712,65.77184249101549],[22.497980642287327,65.77164323606992]],[[22.497651561595433,65.77202039396457],[22.49721853260461,65.77204174506609],[22.49716656432065,65.77186384194057],[22.497651561595433,65.77202039396457]]],[[[22.5896556245633,65.72215222312761],[22.589223522289085,65.72217382638432],[22.589276003419105,65.72235169282054],[22.5896556245633,65.72215222312761]]],[[[22.585831581430302,65.7210799405339],[22.5853994932215,65.72110153278997],[22.585451945445488,65.72127940083293],[22.585831581430302,65.7210799405339]]],[[[22.57944219505931,65.72320397631307],[22.57901006496059,65.72322555084273],[22.579062478439347,65.72340342147675],[22.57944219505931,65.72320397631307]]],[[[22.575435535593332,65.73044293460622],[22.575487942092536,65.73062080654739],[22.575920199288902,65.73059924075083],[22.575435535593332,65.73044293460622]]],[[[22.56031131718178,65.77595640199473],[22.561177379651657,65.77591333999622],[22.56112496113419,65.77573546321229],[22.56031131718178,65.77595640199473]]]]}},{"type":"Feature","properties":{"cyano_daymap_file_id":3185,"date":"2008-07-31Z","cloud":null,"sub_surfac":null,"surface":null,"no_data":null,"class":1,"color_hex":null,"algae_class":"class_1","source_date":"2008-07-31"},"geometry":{"type":"MultiPolygon","coordinates":[[[[22.38446496,65.71565559],[22.381913059999995,65.70675805],[22.394416300093102,65.70614903018368],[22.395978156606954,65.70572626546002],[22.39783831207544,65.70598234754036],[22.398570261499952,65.70559992555745],[22.402407210347956,65.7052323902162],[22.403252541168168,65.70479365698542],[22.402596026370276,65.70250865012889],[22.398286486667185,65.70308763848834],[22.39825836322013,65.70146507525453],[22.399883884463346,65.70102494193922],[22.400543226950614,65.70027103692013],[22.401850532930574,65.69991395214697],[22.39840205,65.68791147],[22.4393229690842,65.68590961521367],[22.439394263991847,65.68465711638154],[22.44123022480754,65.6846213837276],[22.436436249999996,65.66800677],[22.479567539999998,65.66588455999998],[22.47441228,65.64809315],[22.495960479999997,65.64702836],[22.49513820415565,65.64419546896919],[22.49337851,65.638133],[22.476085855579402,65.63898743941574],[22.47567693996002,65.63920215935127],[22.472042214070584,65.6391872379316],[22.47066126945283,65.6399910342868],[22.46969663824163,65.63967770409234],[22.47055833374625,65.63963520014234],[22.470834773901846,65.6390801954641],[22.46830118556421,65.63938561490832],[22.46911141769997,65.63916520126462],[22.468905599751203,65.63845353027293],[22.468095387710736,65.6386739426178],[22.468198285083062,65.63902977881331],[22.467613109244148,65.63851726976421],[22.46842332071571,65.63829685999956],[22.468320423759916,65.63794102395279],[22.470095161550184,65.6380339452477],[22.46945851779362,65.63734352606019],[22.470320136333484,65.63730102422849],[22.470165760221235,65.63676727236754],[22.46925270773198,65.63663185546253],[22.46914980736415,65.63627602001284],[22.46990848224574,65.63587768542979],[22.46813389319104,65.63578476047257],[22.46803101219302,65.63542892407199],[22.466738669589674,65.6354926546439],[22.466050756261772,65.63462430079935],[22.46986919277596,65.63239130541999],[22.469264799999994,65.63030148999998],[22.38311063,65.63452679],[22.385654379999995,65.64342438999999],[22.342551239999995,65.64551967],[22.347615449999996,65.66331640999998],[22.369182519999995,65.66226942999998],[22.37030495707592,65.6661934382999],[22.370591601581133,65.66600375105058],[22.371175529512183,65.66651664590465],[22.372951948528826,65.66661068652293],[22.373053674122318,65.66696659838715],[22.37137893413902,65.66722847239947],[22.370509887094606,65.66690986785437],[22.371007588960474,65.66864981951353],[22.372166344359265,65.66845318890418],[22.371165919939994,65.66920334014387],[22.371833357218875,65.67153668201054],[22.372599620381234,65.6714994230952],[22.372752237324725,65.67203329093475],[22.37198606542378,65.67207054557974],[22.379363099999992,65.69786045],[22.36247605843683,65.69868048320757],[22.36118333742152,65.69893772047257],[22.361285054214132,65.69929364027172],[22.360421159913376,65.69933554530732],[22.358947579976167,65.7003091449989],[22.359633796935512,65.70117799987834],[22.35871899050798,65.70104193532529],[22.358523933507374,65.70155741344638],[22.362854150000004,65.71670517],[22.38446496,65.71565559]],[[22.485740640088693,65.63924641604393],[22.48611989257938,65.63904720860921],[22.486223038672303,65.63940303009255],[22.485740640088693,65.63924641604393]],[[22.48541295021232,65.63962353364334],[22.484982117706295,65.63964482824407],[22.48493055219191,65.63946691701429],[22.48541295021232,65.63962353364334]],[[22.483601302145146,65.64241996158631],[22.482360212512265,65.64266173998456],[22.481826223622758,65.64232720161961],[22.48263642697888,65.64210671606605],[22.482533317085572,65.64175089178306],[22.483601302145146,65.64241996158631]],[[22.435102732345978,65.64246261763049],[22.43267078973919,65.64312331320644],[22.433656279425172,65.6419922762328],[22.434949043106624,65.64192882320802],[22.435102732345978,65.64246261763049]],[[22.425212800411046,65.64150421430006],[22.42526396166577,65.64168214975304],[22.424402109171183,65.64172439810385],[22.425212800411046,65.64150421430006]],[[22.411531307139533,65.64560265062559],[22.41072036903173,65.64582276379325],[22.410085090771936,65.64513208231558],[22.4114515518858,65.64380215430795],[22.41614111764861,65.6433921884022],[22.41852240423917,65.64255381495634],[22.419384295784678,65.6425115996026],[22.420830526881335,65.64298207917818],[22.42062599566388,65.64227033016255],[22.42138560109524,65.64187222903735],[22.42245203588783,65.64254174413902],[22.423313919331537,65.64249950655399],[22.423416221318185,65.64285537892547],[22.420655241995785,65.6438928782109],[22.419822509181493,65.64555764985396],[22.416403519843307,65.64734904732995],[22.413437397861856,65.64767466639853],[22.41183778208301,65.64667029559305],[22.411531307139533,65.64560265062559]],[[22.393598230797483,65.65928984701533],[22.394511719510092,65.65942571468463],[22.394840979250166,65.65904877819523],[22.39699718782196,65.65894355220865],[22.397224386493534,65.65821071803352],[22.40498635446029,65.65783164319008],[22.405797713515533,65.6576115565047],[22.405593455657627,65.65689978456278],[22.409525290623787,65.65688802668123],[22.412390298213122,65.65620659259542],[22.418857900000887,65.65589008550747],[22.420787223005398,65.6565173852016],[22.42104306362627,65.65740706940753],[22.419369453390523,65.65766946124974],[22.419902975492793,65.65800422380784],[22.418660522068357,65.65824549476892],[22.41881399268813,65.65877930782615],[22.415693189988744,65.6585711698573],[22.410269300930633,65.66100176014723],[22.410144664282132,65.66209049256727],[22.408726123959866,65.66324247683319],[22.406138311441705,65.66336894771754],[22.405809166376855,65.66374590756243],[22.40360153604939,65.66367331848123],[22.40337447954482,65.66440616078961],[22.40466844912739,65.66434295377768],[22.404339270887423,65.6647199107635],[22.401166797556908,65.66433353683269],[22.401064698728234,65.66397764748903],[22.397131770000044,65.6639891970747],[22.393477169586635,65.663445762805],[22.392155657454822,65.66188630435488],[22.39032853721861,65.6616145365851],[22.39007369981466,65.66072479087084],[22.39217909124376,65.66044168261466],[22.392406437494014,65.65970885419966],[22.393598230797483,65.65928984701533]],[[22.416316559241558,65.64248139303545],[22.416367661859486,65.64265933206465],[22.41593671106688,65.64268043183894],[22.416316559241558,65.64248139303545]],[[22.40302246474942,65.66622773248815],[22.40264217426194,65.66642674237438],[22.402540045266306,65.6660708543199],[22.40302246474942,65.66622773248815]],[[22.37885173442322,65.68111899986168],[22.379079607662298,65.68038618626936],[22.380374446091867,65.68032317769503],[22.37971498566163,65.68107699641472],[22.37885173442322,65.68111899986168]],[[22.37244701036396,65.67096555503394],[22.372497879600164,65.67114351107897],[22.372066412660235,65.6711644913685],[22.37244701036396,65.67096555503394]],[[22.355772499910163,65.65698059388775],[22.35782725652573,65.65651999788058],[22.360110171075256,65.6553265861296],[22.36350910145072,65.65498104103479],[22.36201294242713,65.65739927942502],[22.359780692713805,65.6587706820748],[22.356330482602615,65.65893818629318],[22.354884481026193,65.65846709019738],[22.35468161159472,65.65775523639313],[22.355772499910163,65.65698059388775]],[[22.34862017052801,65.6533582654846],[22.347098003242802,65.65415376417434],[22.345804373405542,65.65421647746213],[22.34565243698181,65.65368257592958],[22.347605809943282,65.65286618467415],[22.34862017052801,65.6533582654846]]],[[[22.393700204996705,65.65964574260187],[22.39413145928906,65.6596247029688],[22.394080468896345,65.65944675536124],[22.393700204996705,65.65964574260187]]]]}},{"type":"Feature","properties":{"cyano_daymap_file_id":3185,"date":"2008-07-31Z","cloud":null,"sub_surfac":null,"surface":null,"no_data":null,"class":1,"color_hex":null,"algae_class":"class_1","source_date":"2008-07-31"},"geometry":{"type":"Polygon","coordinates":[[[22.98145488,65.37839819],[22.978740640000005,65.36951275000001],[23.00003483,65.36837915000001],[22.997315560000004,65.35949411],[22.976028419999995,65.36062724],[22.97331823,65.35174166000002],[22.99459832999999,65.35060898999998],[22.99188312,65.34172380000001],[22.97061007,65.34285601],[22.96790392,65.33397028999998],[22.882819719999997,65.33846742],[22.88014372,65.3295798],[22.85887471,65.33069615],[22.853542769999994,65.31291979999999],[22.832285839999997,65.31403225999999],[22.829629879999995,65.30514352999998],[22.74461049999999,65.30956168999997],[22.760406929999995,65.36290386999998],[22.86688754,65.35736016999999],[22.874918339999997,65.38402357999999],[22.98145488,65.37839819]]]}}]}