{"type":"FeatureCollection","properties":{"source":"SMHI SE.SR Ytansamling av alger","date":"2020-06-12","note":"Test: SMHI WFS clipped to Lulea municipal sea area and simplified 20 m."},"features":[{"type":"Feature","properties":{"cyano_daymap_file_id":4299,"date":"2020-06-12Z","cloud":null,"sub_surfac":null,"surface":null,"no_data":null,"class":1,"color_hex":null,"algae_class":"class_1","source_date":"2020-06-12"},"geometry":{"type":"MultiPolygon","coordinates":[[[[22.63436808940126,65.78451597616046],[22.63464220358173,65.78505795336041],[22.633121508426086,65.78585629769601],[22.633766408037438,65.78654594557514],[22.629382095043812,65.7865854311967],[22.628438265688782,65.78481366960439],[22.62417873,65.78502751000002],[22.62682351,65.79391999999999],[22.609698786788048,65.79477602136384],[22.609507735304582,65.79516191221865],[22.605766280318978,65.79589048680005],[22.60598849422359,65.79515739341704],[22.606797825668824,65.79492103303281],[22.589725754118923,65.79577442247397],[22.588708172457906,65.79620077177167],[22.58451198942975,65.7960350453118],[22.58588530668989,65.79706350114135],[22.587132735962367,65.79682081298786],[22.588157413757788,65.79731118766782],[22.590810250707598,65.79735935665079],[22.59134897014578,65.79769346399983],[22.594487914978647,65.79789781015445],[22.59637951940764,65.79834486481076],[22.599465839587698,65.79837124588977],[22.60017434816735,65.79779437438815],[22.599963388761903,65.79708293360271],[22.603810714292013,65.79671021533923],[22.603260601582473,65.79782067933861],[22.60244664533909,65.79804184614589],[22.60260492216233,65.79857542361991],[22.60016292288486,65.79923890181016],[22.600373909007992,65.79995034206318],[22.59950711799647,65.79999363402443],[22.598470602728387,65.80094786699638],[22.597117630689652,65.80083492610831],[22.594675273349416,65.80149831999563],[22.59288886054423,65.8014069724499],[22.592127395438727,65.80180594932594],[22.59195743511728,65.80271689035972],[22.5898308679587,65.80444739082762],[22.591722883583436,65.80489449918164],[22.591552894909732,65.8058054400607],[22.59268344515325,65.80665150672488],[22.594956465012995,65.80689908293144],[22.597452063422995,65.80641354066887],[22.59734657728386,65.80605781847626],[22.59897506629702,65.80561552921522],[22.599016352304314,65.80723791747376],[22.600422437221642,65.80752869791633],[22.600264139482167,65.80699511835769],[22.60286520477472,65.80686520791187],[22.60404896387984,65.80788904492309],[22.605783055474802,65.80780239938913],[22.60675571939451,65.80811478368106],[22.6102238982347,65.80794141141311],[22.611852274918622,65.8074989858058],[22.617107219319053,65.80741657900374],[22.61743495401107,65.80703917707368],[22.619221829745292,65.80713023253439],[22.620921646535795,65.80538094715318],[22.620542835416877,65.80417608699648],[22.61913671950445,65.80388549232238],[22.617022372933768,65.80417183498578],[22.616863756331895,65.80363827584542],[22.617730634822657,65.80359488437706],[22.61762488268905,65.80323917887077],[22.615732559065375,65.80279239486867],[22.614918559152652,65.80301362867493],[22.614812848693063,65.80265792080657],[22.612645710465053,65.80276634820954],[22.61254003259016,65.80241063844305],[22.613354034933906,65.80218941730641],[22.613248350127723,65.80183370810082],[22.61454858659842,65.8017686506789],[22.616123641120254,65.80114833008327],[22.616017923227343,65.80079262312809],[22.617540015891002,65.79999443542906],[22.617381419474356,65.79946087664032],[22.618248156442913,65.79941748363879],[22.618417168381235,65.7985065228245],[22.619283871168438,65.79846312427738],[22.620805726825402,65.79766490635795],[22.623352825486904,65.7973568057824],[22.624060764815134,65.7967798290189],[22.625307801447477,65.79653683256416],[22.625201979582787,65.79618113302325],[22.62606859046529,65.796137696836],[22.625962760074636,65.79578199790889],[22.62756789066882,65.79570153259927],[22.6312975495707,65.7903427182051],[22.639986277471895,65.78703463672049],[22.64342460520652,65.78406131418222],[22.63436808940126,65.78451597616046]],[[22.605819056065428,65.79606834465844],[22.60538573171186,65.79609000602001],[22.605766280318978,65.79589048680005],[22.605819056065428,65.79606834465844]],[[22.634632677852665,65.78650246412623],[22.634685629534893,65.78668031021405],[22.633819353854356,65.78672379202243],[22.634632677852665,65.78650246412623]],[[22.605438505324233,65.79626786403149],[22.60500517723309,65.79628952434892],[22.604952406556592,65.79611166615827],[22.605438505324233,65.79626786403149]],[[22.60413851864582,65.79633284131391],[22.604571848340278,65.79631118344305],[22.604624616882518,65.79648904178673],[22.60413851864582,65.79633284131391]],[[22.6037579508201,65.79653235666335],[22.604191284252114,65.79651069983669],[22.604244050660036,65.79668855833347],[22.6037579508201,65.79653235666335]]],[[[22.575608499999998,65.76940563999999],[22.53231385,65.77155673000001],[22.529704369999997,65.76266225999998],[22.50806139,65.76373278],[22.51066354,65.77262769],[22.489011270000002,65.77369559000002],[22.48641645,65.76480024],[22.482138599993657,65.76501027613351],[22.482966713927354,65.76534482815329],[22.48317413730312,65.7660564643065],[22.485165258400297,65.7668607566767],[22.485372757025143,65.76757238909983],[22.48445495308729,65.76743711065964],[22.485043538609492,65.76794952111293],[22.48331164092485,65.76803477270242],[22.482912434769645,65.76967857327406],[22.480418091942465,65.77016222890501],[22.47996682628389,65.77162811381031],[22.477213084596467,65.77122216745842],[22.47667639850044,65.77088763755773],[22.47537730366453,65.77095150845622],[22.476036088465676,65.7701972820774],[22.475292190967707,65.7691510993548],[22.47286819801811,65.76836795835607],[22.473682382882178,65.76814748124337],[22.473526995238593,65.76761374270464],[22.47467052067134,65.76701615198816],[22.474740878526667,65.76574947914649],[22.476905599583286,65.76564303482596],[22.476797693090454,65.76527250679466],[22.443120650000004,65.766926],[22.450866999999995,65.79361451],[22.42919414,65.79467410999999],[22.431772819999992,65.80357059999999],[22.38840652,65.8056815],[22.387061576338773,65.80100899045414],[22.38379357003362,65.80068651622862],[22.383383553120858,65.79926292783065],[22.38419949524504,65.79904291198876],[22.38509019697903,65.79755621881037],[22.385972897216703,65.79722677731252],[22.378162290000002,65.77009171],[22.35650562,65.77114083],[22.35140983,65.7533447],[22.37305184,65.75229644],[22.37049951,65.74339872],[22.392132259999997,65.74234784],[22.389574559999993,65.73345048999998],[22.411198050000003,65.73239699000001],[22.40863497,65.72350001],[22.45186148999999,65.72138473999999],[22.446711960000002,65.70359233],[22.4683077,65.702531],[22.46572857,65.69363514],[22.48731507,65.69257119],[22.482148099999993,65.67478016999999],[22.471501251356358,65.67530484388988],[22.471910287129948,65.67602073203193],[22.470216997586114,65.67772828000417],[22.468645706463796,65.678347055318],[22.468748801112174,65.67870288920028],[22.465380546309994,65.68067331420531],[22.463551369321785,65.6804024477716],[22.46334530954481,65.67969077160433],[22.465090699733906,65.6781612129019],[22.46729968922566,65.67823289483319],[22.468439526524836,65.67763538725143],[22.46823335906203,65.67692371878216],[22.467215819909512,65.67643246920963],[22.46376410176171,65.67660242868874],[22.463055677083467,65.67717866430453],[22.460898276473,65.67728483986463],[22.460795296360615,65.67692899952621],[22.457774943533675,65.6770775917273],[22.457672007279005,65.6767217488389],[22.45680905396096,65.67676419209667],[22.455823348943067,65.67789538146346],[22.45496035291585,65.67793781464505],[22.454631752764943,65.67831487479512],[22.4529057249718,65.67839972307638],[22.45300860383001,65.67875556976033],[22.45247421607785,65.67842093210274],[22.451179684727066,65.6784845518764],[22.450110981414348,65.67781526110687],[22.448816473322307,65.67787886051954],[22.448056272636542,65.67827710476963],[22.446278828406488,65.67818395254638],[22.446556156257763,65.67762898331132],[22.446884867065872,65.67725193953326],[22.44861084217377,65.6771671601577],[22.448939517277708,65.67679011228813],[22.451199781503586,65.67703995456834],[22.45275344296295,65.67622588893582],[22.37426896,65.68006507],[22.37681506,65.68896279],[22.365825996690766,65.68949557954271],[22.366566216483836,65.69019636457797],[22.36575350427932,65.6904162548597],[22.365956985934265,65.69112808782107],[22.364763293328448,65.69154689661363],[22.364484068056203,65.69210173471889],[22.363188594513296,65.69216461410754],[22.36382385918325,65.69285549175535],[22.363163612884218,65.69360924628845],[22.36186806010031,65.6936721151981],[22.361969761405046,65.69402803469494],[22.361156890004622,65.69424790195477],[22.361461982011864,65.6953156617817],[22.362274883798726,65.69509579259527],[22.362529173636496,65.69598559016924],[22.363545552759007,65.69647755149926],[22.362453300940363,65.69725226306218],[22.362479155586172,65.69887485481128],[22.36118333742152,65.69893772047257],[22.361285054214132,65.69929364027172],[22.360421159913376,65.69933554530732],[22.358947579976167,65.7003091449989],[22.359633796935512,65.70117799987834],[22.35871899050798,65.70104193532529],[22.35887153097653,65.70157581780552],[22.357092741717434,65.70148163565732],[22.357194414321373,65.70183755861952],[22.35485655110295,65.7028530042467],[22.352696481430478,65.70295766958417],[22.35168004272781,65.70246563633368],[22.350434805635057,65.70270637618769],[22.34990121341637,65.702371370466],[22.34774115981463,65.70247596527169],[22.34705530291192,65.70160705324976],[22.345327301500518,65.70169069881179],[22.345657788354856,65.70131385711416],[22.34479379625125,65.70135567432676],[22.343726827701875,65.70068561933401],[22.342532331834455,65.70110426136628],[22.341516157866895,65.70061215762269],[22.340753623865425,65.7010098873341],[22.33945763547256,65.70107256952538],[22.338745765453837,65.70164825822049],[22.337831045138703,65.70151206719694],[22.337678938875687,65.70097815942387],[22.33681494246819,65.70101993135188],[22.336484329003273,65.70139675506027],[22.334654938013095,65.70112433982868],[22.33394295829296,65.70170000710704],[22.33226556540385,65.70196147569318],[22.33089208229521,65.7032907582811],[22.331094727409297,65.70400264590162],[22.335236639957987,65.7047046264309],[22.33533802736373,65.70506056674955],[22.337167706332675,65.70533297096554],[22.340141453869595,65.70500876779064],[22.341107044854297,65.70532291142644],[22.340979382636334,65.706411615926],[22.341843550866372,65.70636981867281],[22.342910714630495,65.70703988496926],[22.340673294329587,65.70841105691956],[22.339376935217572,65.70847374202077],[22.33991052363383,65.70880878469126],[22.339046270234928,65.70885057178839],[22.33851269196658,65.70851552598816],[22.337699164622794,65.70873527419182],[22.338689282740635,65.71067204185468],[22.337774240248873,65.71053585361983],[22.337011363146704,65.71093356788356],[22.335714867037986,65.71099622310567],[22.335384117937124,65.71137304572476],[22.333604721653867,65.71127859476634],[22.333756816754548,65.71181250670242],[22.33246026714195,65.71187513470741],[22.332612342856073,65.71240904797416],[22.330782203019464,65.71213659343296],[22.330069846197354,65.71271224621152],[22.326129359614235,65.7127220310124],[22.32579844871832,65.71309883435227],[22.324400534912165,65.71280544678343],[22.32429926138926,65.7124494980865],[22.323434856124763,65.71249119796147],[22.321375062143115,65.71295137739868],[22.32147629781622,65.71330732840711],[22.320129028134595,65.71319187681769],[22.320280858789538,65.71372580476883],[22.31974741597531,65.71339069185785],[22.318018521864197,65.71347403578183],[22.317025375733827,65.71460439470204],[22.314151357858012,65.71528411634985],[22.310766499527563,65.7172512706675],[22.311502151061884,65.7182983329285],[22.312366773432913,65.71825669875288],[22.31228843417448,65.71952337004194],[22.313967173309603,65.7192621087881],[22.31587582363879,65.71826809083113],[22.316105757837462,65.71753535207488],[22.316970345797593,65.717493692075],[22.317071542274594,65.71784964638562],[22.32047928820708,65.7175049790402],[22.321826785543163,65.71762042532434],[22.321928049417846,65.71797637575287],[22.320732405951603,65.71839485763164],[22.320934913958748,65.71910676006587],[22.319306877759367,65.719546073573],[22.31955997921724,65.72043595426446],[22.3171177436857,65.72109489767472],[22.31698902809784,65.72218359209451],[22.31574251022892,65.72242406025553],[22.316276095274926,65.72275918582098],[22.314546561677545,65.72284249646849],[22.315282537923444,65.72388953729345],[22.31474894137116,65.72355440835732],[22.313884146566046,65.72359605773067],[22.31378296688764,65.72324010114718],[22.311671570538184,65.72352218065669],[22.31225570709312,65.72403529968634],[22.311390891382523,65.72407693509464],[22.311289743745366,65.72372097654565],[22.309661250761025,65.7241601912583],[22.311160775148505,65.72480966846076],[22.31136308018781,65.72552158556486],[22.31054878538454,65.72574119595562],[22.311565397496143,65.7262335022796],[22.31245312676181,65.72781449398121],[22.31428420725047,65.72808715989193],[22.315098542032693,65.72786752913419],[22.315733463963543,65.72855861077923],[22.31659842110341,65.72851694933236],[22.316929652468122,65.72814016293357],[22.317895851056512,65.72845444800225],[22.317564630151026,65.72883123640202],[22.318429592857417,65.72878956449648],[22.318963348668895,65.72912467898357],[22.319115267842484,65.72965860720848],[22.321047855990095,65.73028714161877],[22.322727195218484,65.73002577795272],[22.322828529948584,65.73038172708009],[22.323693534297835,65.73034002486241],[22.32471057855672,65.73083223920072],[22.325575594321048,65.73079052617877],[22.32494035267421,65.73009948868531],[22.32580534348492,65.73005777459858],[22.325906720730377,65.73041372126599],[22.326721025313606,65.73019402862792],[22.327254917300486,65.73052911272254],[22.32806921357561,65.7303094129531],[22.327917104956352,65.72977549549958],[22.327001432204064,65.72963924857703],[22.327281827683088,65.72908446811869],[22.32738322065687,65.72944041365216],[22.328782079151647,65.72973376465899],[22.328984915596802,65.73044565316961],[22.33173207806548,65.73085434022407],[22.332468994402994,65.73190128879034],[22.33381729515634,65.73201662112112],[22.333486266066206,65.73239344229553],[22.33412179468349,65.73308444134274],[22.333307465546053,65.73330417380248],[22.333510460281055,65.73401605474267],[22.33490963643824,65.73430934636667],[22.335977820467914,65.73497945136265],[22.334298304165632,65.73524096290541],[22.334450583246433,65.73577487232237],[22.333636173351728,65.7359946073186],[22.334221038834908,65.73650763495039],[22.333075512431545,65.73710418983747],[22.33327853668514,65.73781607079202],[22.3323625494687,65.7376798591608],[22.331216928730946,65.73827640097316],[22.331521409578254,65.7393442265513],[22.334931768283692,65.73899921036148],[22.33483022626509,65.73864327131076],[22.336713087401506,65.73909362717639],[22.33686544366384,65.73962753342485],[22.335567508243077,65.73969020131582],[22.335006859559435,65.7407997908131],[22.337984701895095,65.74047559025358],[22.3378831108627,65.74011965371434],[22.340911650602113,65.73997336514205],[22.34162448088111,65.73939765707962],[22.344500396133157,65.73871739823636],[22.34429705436932,65.73800553532637],[22.34483133879206,65.73834055396172],[22.34612917941406,65.73827780802552],[22.347274448745477,65.73768115742958],[22.349488314182004,65.73775450441885],[22.349717432456035,65.73702172291868],[22.35213478942488,65.73780688565071],[22.350887868969433,65.73804764552507],[22.350989629246715,65.73840357174656],[22.349793542303853,65.73882228619512],[22.349997043150616,65.7395341402214],[22.349131782325628,65.73957599437941],[22.348800888236738,65.73995284752883],[22.349487897514443,65.74082174040005],[22.35030231757178,65.740601920524],[22.350454965201298,65.74113581034369],[22.351320275658765,65.74109394818673],[22.351574733103135,65.74198376233244],[22.35076028130048,65.74220358931983],[22.35086205950889,65.74255951544866],[22.34999669909613,65.74260137548478],[22.348672972100342,65.74410879272574],[22.347476587030204,65.74452749185076],[22.34778182828797,65.74559527750992],[22.345669013939407,65.74587784233047],[22.34510868289655,65.74698746591487],[22.34200246482309,65.74840051787257],[22.342104151769004,65.74875645072638],[22.33866638700115,65.75054627880628],[22.33925169834289,65.75105928278147],[22.34136500975099,65.75077680219064],[22.340320712772485,65.75172934924993],[22.341745737921233,65.75364517329194],[22.340447112537532,65.75370788943688],[22.339071449890593,65.75503726672969],[22.338205648546722,65.7550790640172],[22.332856106461225,65.75786308892614],[22.33199019830344,65.75790485191918],[22.330894486139808,65.75867937004695],[22.32839820621842,65.7591605551339],[22.328499756646327,65.75951649836458],[22.327302333302995,65.75993504897173],[22.328219093620714,65.76007128358077],[22.32798919428118,65.7608040401658],[22.326409453532197,65.76142142527159],[22.32651098724372,65.76177736998528],[22.325695697645997,65.76199707096252],[22.325465712219994,65.7627298245622],[22.323987302013574,65.76370313184617],[22.32469794455873,65.76619475558348],[22.323882501217323,65.76641444833385],[22.323347881871413,65.76607935946284],[22.322048577439595,65.76614192529682],[22.317178900042066,65.76908255771761],[22.315063813207175,65.76936471977142],[22.314298887804764,65.7697623397652],[22.31294867852064,65.76964685293247],[22.31141872140613,65.77044206886814],[22.31152009108718,65.77079802512289],[22.310653707600153,65.77083967141377],[22.31037254855849,65.77139442847256],[22.296942913967758,65.77203929807035],[22.295794973806665,65.77263559546287],[22.29449525918389,65.77269793031171],[22.294646980754354,65.77323188471448],[22.295564056839083,65.77336831275024],[22.294264304649417,65.77343064598911],[22.293498934807584,65.7738281658244],[22.293802359619256,65.77489607662986],[22.29471949130986,65.77503250921382],[22.29313807928323,65.77564956528096],[22.294055234754627,65.7757860016333],[22.294156390186725,65.77614197146472],[22.294972399678084,65.77592243237751],[22.295990756073422,65.77641482587285],[22.295810409183346,65.77732552787339],[22.29726216100809,65.77779713058023],[22.298100361484778,65.77920021164924],[22.29993498633252,65.77947301611938],[22.30003624026155,65.77982898109943],[22.303503045410228,65.77966259561421],[22.304037702518215,65.77999775370516],[22.305821774944388,65.78009250547318],[22.306407144169647,65.78060563498195],[22.30722318479826,65.78038603003172],[22.3080113303252,65.78161107101468],[22.30969412951214,65.78134981797785],[22.30999436068824,65.78240375148917],[22.315722559999998,65.78212874],[22.31582796669301,65.7824983129664],[22.31660055233909,65.78246117405742],[22.31818179716003,65.78184387626231],[22.319481903555705,65.78178133570144],[22.319813733512614,65.78140453735503],[22.321113813012502,65.7813419831371],[22.321012261159346,65.78098603503012],[22.323179015498106,65.78088175523963],[22.32389332810469,65.78030611603279],[22.330444157813503,65.78017103440982],[22.330901733636885,65.78177276638671],[22.33202271010145,65.78262085037329],[22.331792754496675,65.78335361317376],[22.330925988793354,65.78339537836156],[22.330899399960135,65.78484002021102],[22.331715356271662,65.78462028500279],[22.331613642625197,65.78426434551871],[22.332913831806547,65.78420168963608],[22.332378713868774,65.78386663726364],[22.33324549257684,65.78382486369318],[22.33378062072995,65.78415991292582],[22.334596530315505,65.78394016274872],[22.3356159558735,65.78443228118653],[22.337528444458197,65.78343795497213],[22.338446099893105,65.78357411942609],[22.34040932794414,65.78275772567572],[22.34214277646363,65.78267408335701],[22.34285670719024,65.78209835900367],[22.345788243202033,65.7815959960419],[22.346119682409196,65.78121914423083],[22.346986345396978,65.78117729366515],[22.347317761864684,65.78080043946801],[22.349000084413827,65.78053875725229],[22.35096274374948,65.77972223309423],[22.355627002765704,65.77913592565535],[22.35659560955653,65.77944994170385],[22.356621474224195,65.78107253398942],[22.355092232874718,65.78186818121718],[22.354225562498872,65.78191007792887],[22.35399624635541,65.7826428680216],[22.352747195554915,65.78288366366627],[22.351753083175574,65.78401425817142],[22.34930576064001,65.78467376708352],[22.347776081137088,65.78546934513668],[22.347878023507157,65.78582527162885],[22.34701120610338,65.78586712874727],[22.347113139809938,65.78622305583364],[22.346246307546892,65.78626490874697],[22.346348232589257,65.78662083642745],[22.345098915604837,65.78686157197556],[22.344869302590975,65.7875943511788],[22.343237422876097,65.7880339576728],[22.342344586393423,65.78952042673782],[22.34109509077588,65.78976113119894],[22.34010021328297,65.79089165704396],[22.33923321042628,65.79093347173024],[22.33895247582782,65.79148827733384],[22.33737116208027,65.79210579113821],[22.337472992383667,65.79246172565026],[22.3363251248549,65.79305832741362],[22.336528768725138,65.79377019792412],[22.337880344552993,65.79388546271699],[22.335763476931334,65.79416792910239],[22.335865294833948,65.79452386480399],[22.33494725814307,65.79438768848176],[22.335584452430684,65.79507866523475],[22.33433462326661,65.7953193175038],[22.33448732989381,65.79585322265284],[22.333186557787204,65.7959158975394],[22.333058329043823,65.79700460050329],[22.331093800161526,65.7978209120299],[22.331195570938554,65.79817685129458],[22.329129146566085,65.79863719944846],[22.329281769014443,65.79917111060692],[22.326449622149426,65.8000291213965],[22.326551339281387,65.80038506426921],[22.324203502419152,65.80140013442154],[22.32440689075116,65.80211202352893],[22.323539479931565,65.80215375290688],[22.320144293946193,65.80412121449481],[22.31927680721449,65.80416292036412],[22.31871420436547,65.8052724683289],[22.3171823710469,65.80606775996783],[22.316389064310364,65.80791004683844],[22.315572244231095,65.80812970827013],[22.31544323688202,65.80921840378005],[22.313961867440295,65.81019164194963],[22.314548117113148,65.81070473171157],[22.31541583328703,65.81066305053598],[22.315697264419356,65.81010828166899],[22.31656495827247,65.81006659417284],[22.316463333150452,65.80971064378082],[22.317663210737198,65.80929215492318],[22.317459940585433,65.80858025572137],[22.319246043603187,65.80867483097661],[22.320828800334006,65.80805749133931],[22.320727125840065,65.8077015442559],[22.32159472886985,65.80765982902967],[22.32213022139825,65.80799491562523],[22.322028529224937,65.80763896957788],[22.322896127615298,65.80759724699692],[22.323611155094966,65.8070216023308],[22.32447872962015,65.80697987098003],[22.32437700982396,65.80662392676057],[22.326010385751612,65.80618450779693],[22.327006441827816,65.80505406265887],[22.328358575972032,65.80516940647419],[22.32825681118176,65.80481346526946],[22.329124302330055,65.80477170830393],[22.329456267374834,65.804394887717],[22.33157404512812,65.80411250015113],[22.331038515131894,65.80377744705146],[22.33277341375542,65.80369389736019],[22.332671595000853,65.80333795961529],[22.33583572892334,65.80210299865423],[22.33649938665095,65.80134933016076],[22.337800423247586,65.80128662448887],[22.33851494549663,65.80071091482708],[22.339815943976436,65.80064819233279],[22.340096748617473,65.80009338448565],[22.341780400433258,65.79983176919235],[22.342443827575487,65.79907807704917],[22.34369375776191,65.79883735737187],[22.34354083922579,65.7983034634835],[22.344408081523152,65.79826162201145],[22.348285214865445,65.79645067685564],[22.35203438261658,65.79572834950653],[22.35318199455391,65.79513163199817],[22.353079934731184,65.79477571019291],[22.355247691469096,65.79467096505343],[22.356012690820986,65.7942731389469],[22.355859549771047,65.79373925954677],[22.35716014571588,65.79367639301707],[22.35907245286088,65.79268179841567],[22.362438349316502,65.7921581439776],[22.36483492181146,65.79132046464008],[22.367818166523136,65.79099562859686],[22.36761368536889,65.7902838079933],[22.369449795976116,65.79055576151436],[22.369603195629935,65.7910896247721],[22.37052128505983,65.79122559199034],[22.37067471168559,65.79175945390942],[22.369374252062862,65.79182243436306],[22.370012295566344,65.79251325903866],[22.369196431728955,65.79273319824291],[22.369349841711376,65.79326706165308],[22.368100431558908,65.79350798652118],[22.367259996248702,65.79517254399794],[22.36611271531918,65.79576936422396],[22.366470584517373,65.79701505334177],[22.371444537119014,65.79749596651367],[22.37073084637415,65.79807182233455],[22.371317926219113,65.79858468588358],[22.37011943628831,65.79900358314646],[22.37027291024682,65.79953744500358],[22.36869188345109,65.80015528069389],[22.368029206432343,65.80090907970754],[22.36866745360559,65.80159990803246],[22.367902442171665,65.80199779770857],[22.36805589164476,65.80253166202749],[22.366857166735787,65.80295053591881],[22.36667920260087,65.80386129822223],[22.36736864275764,65.80473008675938],[22.366603520443938,65.80512797098609],[22.366476685123892,65.80621668847407],[22.36522662410805,65.80645759605936],[22.365099727046065,65.80754631299241],[22.36423221273815,65.80758827470737],[22.364105270651045,65.80867699124283],[22.363288849200806,65.80889690420204],[22.364463258307634,65.80992268388809],[22.363264135311635,65.81034153336907],[22.363034870265913,65.81107433649717],[22.362218364324708,65.81129424453968],[22.36237176257387,65.81182811505312],[22.361121391147115,65.81206899198598],[22.36017771656805,65.81337760521829],[22.355916155721097,65.81538778524728],[22.356120553187644,65.8160996222803],[22.35328749721711,65.81695813991308],[22.353057898417333,65.81769093123248],[22.352241096938677,65.8179107887227],[22.352164700514756,65.81917746109951],[22.351296769151446,65.81921935327337],[22.350250206911777,65.8201719899803],[22.350275858539646,65.82179458518276],[22.352369516149977,65.82295653030896],[22.353722698408784,65.82307163929919],[22.354565583330604,65.82447436421113],[22.35331452603972,65.82471518374994],[22.35351894056762,65.82542702408281],[22.352318924568593,65.82584579610017],[22.352472221743746,65.8263796775048],[22.350889140315953,65.82699734834365],[22.350276376839727,65.8279290424948],[22.34639475989443,65.82974008098802],[22.346496893902433,65.8300960065145],[22.343380961242595,65.83150917963977],[22.34348306201184,65.83186510749717],[22.342231539356817,65.8321058406626],[22.340954075799193,65.83379120068693],[22.342205692306543,65.83355047709509],[22.341669389721964,65.83321546874369],[22.342818873135904,65.83261881136625],[22.343687272875282,65.8325769629167],[22.34309992293733,65.8320639957072],[22.344351435025903,65.83182325552619],[22.344453550711616,65.83217918259173],[22.34532193242513,65.83213732501916],[22.345858258623036,65.83247232031913],[22.3439425539403,65.83346678163758],[22.34263990888066,65.83352955507144],[22.34317623073423,65.83386455983016],[22.341975654746385,65.83428325589236],[22.34131136269418,65.83503695418423],[22.34039183789933,65.83490082490182],[22.340136662501894,65.83401099924217],[22.339906562314,65.83474377551947],[22.337556199870146,65.83575907518228],[22.33975254162164,65.83727711943793],[22.345500299919056,65.837361045954],[22.34437639047446,65.8365130893396],[22.343507859261663,65.83655494296282],[22.34465744429972,65.83595827078337],[22.344402108823772,65.835068453785],[22.34493848662651,65.83540345181872],[22.345806976183322,65.83536159045819],[22.345934762683882,65.83427288118394],[22.347569488721795,65.83383321859618],[22.349433982244594,65.8326607514094],[22.350353470965036,65.83279682659705],[22.350685460745183,65.8324199596425],[22.351553838398928,65.83237806667229],[22.351017441051013,65.83204309205647],[22.353188345942158,65.83193834602875],[22.352422212940922,65.83233616879404],[22.355410364965415,65.83201152846043],[22.35691747328598,65.83266048139973],[22.357070914616187,65.83319435679445],[22.356253662978762,65.83341424005918],[22.355666044560817,65.83290132375969],[22.355385259560194,65.83345616000021],[22.35732666573803,65.8340841486254],[22.361234534837624,65.8338954198123],[22.36200057389461,65.83349755374222],[22.363737354503456,65.83341363394074],[22.36524475300969,65.83406250191284],[22.366088659179606,65.83546515335418],[22.364785977968122,65.83552811602874],[22.362819603005736,65.83634485366507],[22.359447971915504,65.83686857143896],[22.35921840382102,65.83760137168342],[22.360086939616977,65.83755942867906],[22.36067475739019,65.83807232605098],[22.359474281826945,65.83849115869145],[22.35150368401385,65.83833455894037],[22.35096715838307,65.83799958538117],[22.34917891293109,65.83790540191782],[22.34762058780852,65.83707841169641],[22.34593457757041,65.83734011397972],[22.347824962835787,65.8377902600001],[22.34754396001341,65.83834508389378],[22.348412543757096,65.83830320681744],[22.348565849057948,65.83883709204443],[22.35068622179151,65.83855441442162],[22.353343101476682,65.83860667464064],[22.35344537387996,65.83896259418368],[22.355565699290494,65.83867984927798],[22.35566800278594,65.8390357670352],[22.35658775277216,65.83917180218464],[22.359678998256502,65.83920298785338],[22.361569753992903,65.83965296020621],[22.363792459220154,65.83972601410663],[22.363614205577434,65.84063677552301],[22.358887865993253,65.84104547423539],[22.357482541181675,65.84075246227157],[22.35830001204927,65.84053257033716],[22.35776335146568,65.84019762194552],[22.353701068513434,65.83985239260969],[22.351810430338944,65.83940232173588],[22.352576777722135,65.83900449999794],[22.350788457195584,65.83891033609704],[22.351427247786305,65.83960123124753],[22.352832442818872,65.83989430016011],[22.353420173317733,65.84040722627913],[22.354671986212388,65.84016639865267],[22.354774284446506,65.84052231705718],[22.355642927541894,65.84048039829797],[22.357636052219185,65.84128633641862],[22.362030538922326,65.84125456745183],[22.362184147931146,65.84178843608892],[22.36131547348296,65.84183039234496],[22.361852215092856,65.84216532747953],[22.36049798866241,65.84205030054927],[22.359680489686795,65.84227020451402],[22.360217219808007,65.84260514550276],[22.358914159823392,65.84266806171844],[22.36070276744128,65.84276212773516],[22.36129072251794,65.84327502141534],[22.363896882985845,65.84314913693738],[22.36461192486718,65.84257330018853],[22.3659149633047,65.84251033557757],[22.366144375497687,65.84177752677452],[22.36777921362867,65.84133764681926],[22.367625491760343,65.84080378489018],[22.368774690291698,65.84020693493105],[22.370077596647796,65.84014393607748],[22.370180107874123,65.84049984211555],[22.371636824201644,65.84097068847677],[22.372505449388765,65.84092867399977],[22.371663923829537,65.84259326601867],[22.36959472573426,65.8430541888155],[22.36606866192815,65.84304419944795],[22.364868048826676,65.84346307579106],[22.365277887725327,65.84488671546916],[22.364025951552627,65.84512763118501],[22.362978864906776,65.84608036009219],[22.363720624027323,65.84712711022492],[22.365995225951824,65.84737808109686],[22.366021998641592,65.84900066273632],[22.365204330586586,65.84922059787522],[22.362060655782837,65.84901157953283],[22.36241921905087,65.85025727131921],[22.3616014795558,65.85047718785961],[22.36137187352195,65.8512099916745],[22.35861127481126,65.85080196893266],[22.35779348440355,65.8510218655796],[22.3568221111131,65.85070788374134],[22.35669474510689,65.85179659803363],[22.3558257218503,65.85183852640425],[22.35679712691575,65.85215251427192],[22.356618563148025,65.85306327045151],[22.357538825171464,65.85319929497648],[22.35666975616428,65.85324122858398],[22.35649118248432,65.85415198470633],[22.35534108636519,65.85474875079258],[22.3531170936752,65.85467558620488],[22.35240146862002,65.85525137468856],[22.351481157826438,65.85511531969225],[22.350816642678684,65.85586906139817],[22.35132827344358,65.85764866421835],[22.350024424916672,65.85771151213086],[22.34935980363219,65.85846524850785],[22.350791884100644,65.86038091955272],[22.346752083103826,65.86165813062313],[22.347007817233813,65.86254793980771],[22.34667540795831,65.86292480273197],[22.345805988852785,65.86296667789154],[22.345396818002474,65.86461021048471],[22.348414542589467,65.86590826548523],[22.353299228088115,65.8660337231249],[22.355216925097864,65.86503912551427],[22.35496087699204,65.86414933307026],[22.356213821440523,65.86390848202714],[22.356111391463184,65.86355256587034],[22.353989030744692,65.86383533774836],[22.353017208175956,65.86352133602206],[22.35347706785792,65.86205574703877],[22.354244046081043,65.86165791094332],[22.35598275959635,65.8615740608845],[22.356519860670083,65.86190901130283],[22.35738922302201,65.8618670757487],[22.35802879719548,65.86255793575532],[22.359332868039186,65.86249501743632],[22.359460149168463,65.86140630179123],[22.360329488755593,65.86136434973152],[22.360942614517928,65.86043261187731],[22.362578716413694,65.8599927755315],[22.36247621705252,65.85963686429918],[22.359995628208274,65.85867402475571],[22.361094549303438,65.8578992668466],[22.360940847289307,65.85736539802727],[22.362857613187007,65.8563707134304],[22.363113841545715,65.85726049094184],[22.364034287712965,65.85739647458918],[22.364546869963025,65.85917602403002],[22.363728869250362,65.85939595444667],[22.36388264374755,65.85992981976632],[22.365289102040222,65.86022276198979],[22.36603139696278,65.86126949574175],[22.36690071903609,65.86122750647597],[22.36661990304796,65.86178236361567],[22.367489241311716,65.8617403708482],[22.36733537890061,65.86120651000023],[22.367872618060545,65.86154141920443],[22.369176608373134,65.8614784176754],[22.369330510980397,65.86201227628536],[22.366160801117605,65.8632479848781],[22.367364874071992,65.86589629593438],[22.36828565408756,65.8660322507862],[22.368569210948024,65.86854459496668],[22.369490092899174,65.86868054159017],[22.369157942640093,65.86905745090446],[22.370999759052506,65.8693293310105],[22.371102422910738,65.86968523494326],[22.371920681502594,65.8694652626069],[22.37430006196765,65.87007199293085],[22.376501606489207,65.8715894585933],[22.37941891787559,65.87253097961651],[22.380162171405207,65.87357763552617],[22.381953006875737,65.87367143140983],[22.381976524384218,65.87222681098089],[22.38100404492253,65.87191299349537],[22.380055219769574,65.870154548378],[22.37859666385554,65.86968379993914],[22.375066943760952,65.869674053301],[22.37307102532503,65.86886836941892],[22.37281431318158,65.86797861326161],[22.37424528169275,65.86682684455394],[22.3739885533847,65.86593709051836],[22.375676123773644,65.86567506365789],[22.3762135672513,65.86600994158636],[22.37708302968057,65.86596789306931],[22.379078840158954,65.86677352561267],[22.380410836432116,65.86833299568345],[22.382252711966025,65.86860473965966],[22.38271096933278,65.86713907820503],[22.38409002931289,65.86580927481224],[22.383884382206553,65.86509748737991],[22.385034252013636,65.86450050871514],[22.385875543080502,65.86283584540412],[22.38745992440449,65.86221779947681],[22.389581756181435,65.8619345679876],[22.389913517259004,65.86155761803883],[22.392521362505747,65.86143122909485],[22.39367086786764,65.86083418895568],[22.39351646824871,65.86030035964805],[22.394282762534516,65.85990232926797],[22.396021200012687,65.85981802642708],[22.39668447049406,65.85906410026999],[22.39885743269808,65.85895868529497],[22.398628832698172,65.8596915353168],[22.399881130681653,65.85945033259911],[22.400492768037203,65.85851845052014],[22.4022310874637,65.85843407817926],[22.40325482732723,65.85892570248438],[22.40412399693412,65.85888350298265],[22.40468392977639,65.85777366685228],[22.405884531025684,65.85735447777965],[22.407880538852247,65.85815973235852],[22.408749673439885,65.858117506887],[22.409876672025067,65.85896495966243],[22.412690515037042,65.85954997565858],[22.412793709166266,65.85990584644627],[22.4154012515101,65.85977907004832],[22.41637367058983,65.86009266930836],[22.416580169205762,65.86080440477762],[22.417449376037204,65.86076212913744],[22.418908106965812,65.86123250517576],[22.420087233571913,65.86225781084235],[22.423792113286872,65.86135571684568],[22.42726893926967,65.8611864205838],[22.429286785688472,65.86054678457339],[22.431025128535126,65.86046208450935],[22.43250478255666,65.85948772809763],[22.43424304105019,65.85940299224653],[22.436136561254365,65.85985201462591],[22.43639536756406,65.86074164392136],[22.437750887152212,65.8608559854425],[22.434429440079743,65.861559298749],[22.433332615815125,65.86233456332019],[22.434791720618367,65.86280478415149],[22.436964810846167,65.86269882615892],[22.43816509553362,65.86227938658968],[22.438061538705224,65.86192353645377],[22.440720931537577,65.86197425246911],[22.44345222599209,65.8607582488643],[22.44953622432217,65.86046115019931],[22.450249779593165,65.85988492741488],[22.449990504207502,65.85899532612738],[22.44809681540053,65.85854647702654],[22.448965883507316,65.85850402349517],[22.448427667698116,65.85816940897622],[22.44929672240206,65.85812695369292],[22.4491930315871,65.85777111239729],[22.45001022117492,65.85755073257279],[22.45266917151784,65.85760124496609],[22.459082973973757,65.85692669844047],[22.463149227414174,65.85726908622769],[22.464141039946195,65.85613778940163],[22.46587894644969,65.85605269714866],[22.466034817769764,65.85658643882343],[22.467824717578758,65.85667923794763],[22.46810328286255,65.85612421724593],[22.46968522634347,65.85550534302865],[22.469911758758666,65.85477240713267],[22.469651865072507,65.85388284522783],[22.466941326566022,65.85365471120134],[22.46673350309489,65.8529430567863],[22.46934001877161,65.85281537010647],[22.472588894791517,65.85337799170779],[22.47279688453867,65.85408963654451],[22.4720320007728,65.85448804666021],[22.47272644101526,65.85535630945405],[22.47441224751556,65.85509320994107],[22.474430598094013,65.85364862657215],[22.477315473895295,65.8529657730917],[22.480408383691262,65.85299449918786],[22.48117309167168,65.85259604885253],[22.48101693521011,65.85206232540058],[22.478532759551047,65.8511014459605],[22.475005696311662,65.85109398086544],[22.480010062070797,65.8501266526568],[22.48077469341888,65.84972820506057],[22.48251210061085,65.84964292848848],[22.48148725360576,65.8491518461483],[22.47936756177606,65.84943633247649],[22.478220585151444,65.8500339921592],[22.475180038114516,65.85018312860777],[22.47311217913399,65.8506454400973],[22.46741326370141,65.85074425964365],[22.46675229175793,65.85149847010759],[22.46358866650639,65.85273613890314],[22.46351776770236,65.85400281196313],[22.46469830896259,65.85502775958199],[22.463446865503975,65.85526948502421],[22.459484745239486,65.85528293525984],[22.459348220689826,65.85330459574386],[22.45842745115171,65.85316918940094],[22.455366971198128,65.8547625282694],[22.453142778023683,65.85469082140091],[22.4529871881142,65.85415706386564],[22.453804230530356,65.85393666517628],[22.454361906849368,65.85282666912715],[22.4556133223395,65.85258501836006],[22.45545769645583,65.85205126368903],[22.456222771993787,65.85165293469494],[22.45552899375741,65.85078459052366],[22.45412207748018,65.85049248335918],[22.45281889558265,65.85055620172297],[22.4522611958591,65.85166619236571],[22.44981019849113,65.85232734932079],[22.449913871480213,65.85268319036949],[22.447948988166278,65.85350100898543],[22.445394083935376,65.8538062549804],[22.44518685532831,65.85309456554697],[22.446717368151916,65.85229800309537],[22.448163982651696,65.84970098926426],[22.449311658159452,65.84910354852049],[22.450180404767952,65.8490610911891],[22.450459280504248,65.84850609967015],[22.452961747741387,65.84802285533404],[22.454057383398084,65.84724746142876],[22.454926057903805,65.84720497781029],[22.455327979857405,65.8455612241118],[22.456196594898696,65.84551873384453],[22.456909602434774,65.84494248527],[22.458646781295908,65.84485748230665],[22.46012450465257,65.8438828772511],[22.46099305350462,65.84384036035239],[22.461271643938787,65.84328535186883],[22.463060598866562,65.84337821593921],[22.465128068600652,65.84291604427554],[22.466190046151116,65.84051806747736],[22.467058469371167,65.8404755173098],[22.465930454089715,65.83962849633157],[22.46702534864233,65.83885301662667],[22.469630435256768,65.83872533884167],[22.47060268417851,65.83903859462559],[22.473589978588492,65.83871165057552],[22.473764312031626,65.83780080002727],[22.47598707857067,65.83787222059088],[22.475831137005418,65.837338489764],[22.477515736608815,65.8370753677286],[22.476925634541075,65.8365629429526],[22.477793902949884,65.83652033325099],[22.477689922695248,65.8361645141348],[22.480190661054458,65.83568084061413],[22.481336968765206,65.83508317265569],[22.481563020860996,65.83435022417994],[22.48281327631647,65.8341083619345],[22.482605203608095,65.83339673156219],[22.480660880651712,65.83277036493006],[22.48083493454662,65.83185950904088],[22.487623521852942,65.83098461240988],[22.48871739837411,65.83020898715282],[22.490019443113255,65.83014497367512],[22.490557583798815,65.83047944238108],[22.493595696184208,65.83033002363408],[22.493873448482212,65.82977496392337],[22.49696356129301,65.82980338211371],[22.497293343437594,65.82942621879273],[22.49897719467621,65.82916286733196],[22.498768723198804,65.8284512628991],[22.49963667451608,65.82840853210487],[22.499532431747372,65.8280527304433],[22.5030041581451,65.82788176106517],[22.50296882849633,65.82625928997233],[22.504704563412748,65.82617377733416],[22.505468112398283,65.82577521674837],[22.504495962729653,65.8254621819904],[22.507862957489316,65.82493530855652],[22.507220384847358,65.82424510629866],[22.508469899780167,65.8240030412429],[22.507184807204116,65.8226226386211],[22.50621275883243,65.82230961380773],[22.504043421300814,65.82241651972251],[22.503887010731383,65.82188282217798],[22.505240734022138,65.82199658257439],[22.506385855288755,65.82139873822372],[22.50768740173368,65.82133457894919],[22.509109765978444,65.82018163381993],[22.50900543235652,65.81982583952419],[22.50770396610405,65.81989000925327],[22.505812234013366,65.81944185638523],[22.50588104886093,65.81817518432307],[22.504804923070374,65.81750635154194],[22.5069738432571,65.81739943888977],[22.50751192455021,65.81773384840209],[22.508761123385135,65.81749178405616],[22.50929922958741,65.81782618702344],[22.511086546277223,65.8179185046003],[22.51188560286161,65.8191423793565],[22.513187018809937,65.81907817446424],[22.513725216174652,65.81941256093505],[22.51578982927396,65.81894973159945],[22.518011042020888,65.81902055570288],[22.519103499443865,65.81824472672972],[22.52290300963807,65.81769611330492],[22.52404752611143,65.81709814240598],[22.523456988403318,65.81658590182799],[22.523524933205433,65.81531923038915],[22.524392392602902,65.81527636368128],[22.524287871785607,65.81492058168034],[22.52619511523965,65.81392394423422],[22.52706252231335,65.81388106286211],[22.52695797142525,65.8135252829867],[22.52886500890773,65.81252861419718],[22.528514451184652,65.80983882851203],[22.527333574261487,65.8088143777174],[22.52485198637474,65.80785422631774],[22.524695251098464,65.80732055332271],[22.52377582249982,65.80718552771408],[22.524016147487206,65.80500796768288],[22.525055611242333,65.80405421221617],[22.523076071677107,65.80180591888949],[22.518271319606008,65.80041910048126],[22.516537373160162,65.80050474984533],[22.51534123094673,65.80092476410816],[22.515064220141696,65.8014798555499],[22.51376369837562,65.80154406768631],[22.512254593551674,65.80089668386563],[22.51188961619271,65.79965140923929],[22.510380671378204,65.79900400531308],[22.508992581335885,65.79726781149438],[22.50764015201842,65.79715407171165],[22.507535950688407,65.79679827513547],[22.50666907938591,65.79684104026562],[22.505593858775768,65.796172204212],[22.505437607479955,65.79563850672858],[22.507344208406767,65.79464211125946],[22.508211004436763,65.79459934303101],[22.510065311633053,65.79342501735891],[22.512509174501727,65.7927629639569],[22.512092204804816,65.79133979216478],[22.508798337864203,65.79060004333435],[22.506146271536952,65.79055044034288],[22.505921234931176,65.79128341517153],[22.502177259141433,65.79200947234149],[22.501900047604575,65.79256454182297],[22.50092921930617,65.7922514714415],[22.499247784792516,65.79251482078547],[22.499143721790126,65.79215901712664],[22.49784362249544,65.79222308939265],[22.497670359159482,65.79313395685644],[22.49588480968344,65.79304146489542],[22.495988832001068,65.79339727117691],[22.49425526889202,65.79348266349436],[22.49486203154043,65.79255045212312],[22.495676774530743,65.7923298520274],[22.495468752020578,65.79161823875276],[22.494602030806156,65.79166093382761],[22.493579333097784,65.79116991166602],[22.49331939333825,65.79028039058892],[22.494671403396612,65.79039426145707],[22.49533008240606,65.78963995272004],[22.497392681722356,65.78917739198155],[22.498103265654088,65.78860097494334],[22.499021898244177,65.78873616304399],[22.499351158274724,65.78835900041649],[22.500217759076524,65.7883162795317],[22.500113703060965,65.78796047646944],[22.50146561713825,65.78807428803971],[22.500772162914178,65.78720614638075],[22.502453236950977,65.7869427837705],[22.50305956008833,65.78601054411408],[22.503874026324674,65.78578990294396],[22.503613796774207,65.78490040227803],[22.502157974837246,65.78443080663685],[22.501412577332882,65.7833847662073],[22.502018862069107,65.78245253107366],[22.501481615792787,65.78211809404446],[22.502191921218543,65.78154166069544],[22.503439434878473,65.78129965643353],[22.503335368463564,65.78094385567772],[22.505501222056168,65.78083699399589],[22.506107303037062,65.77990474461176],[22.511686131824284,65.77944884382786],[22.51158196067598,65.77909304973545],[22.51250031695533,65.77922815934573],[22.514457562740187,65.77840958588715],[22.513868146793243,65.77789729725443],[22.514734367325502,65.77785449760765],[22.515011160637368,65.7772994089373],[22.520657345672927,65.77557651810214],[22.52325572344346,65.7754479914509],[22.52509229730662,65.77571806584218],[22.525300982517347,65.77642963209179],[22.526704568959353,65.77672111630844],[22.527502969910618,65.77794491557788],[22.525546183442486,65.77876365199926],[22.525650545532198,65.77911943466016],[22.52478430432603,65.77916229654384],[22.52423109482211,65.78027250515726],[22.522759351644435,65.78124767124292],[22.523401196066146,65.78193781515189],[22.52773285014067,65.78172349138467],[22.528061601850034,65.78134627180583],[22.528980119972037,65.78148128053594],[22.528771284162858,65.78076972079784],[22.53001849800723,65.78052750200573],[22.531370136260307,65.7806410511409],[22.53152681474234,65.78117471779146],[22.53499197687624,65.78100308551089],[22.534782979932015,65.78029153560135],[22.533050452154516,65.78037735868658],[22.532737050948835,65.7793100287965],[22.53187081750618,65.77935293087391],[22.5344172658239,65.77904632227306],[22.53420830378554,65.77833477123606],[22.5320950280834,65.77861992596493],[22.531938356504348,65.77808625983478],[22.531072162545016,65.7781291569841],[22.530967730523695,65.77777337872672],[22.53281981511073,65.77659879838919],[22.53498515691161,65.7764915228721],[22.533857862857662,65.77564499698003],[22.537045971560516,65.77602844344318],[22.537254989380823,65.77673999003338],[22.53557495463323,65.77700372605703],[22.53654560533828,65.77731657758198],[22.537434013444898,65.78034065073966],[22.53830026891847,65.7802977168312],[22.53928597617919,65.7791659930298],[22.541070685751805,65.7792579851081],[22.540861538187773,65.7785464450262],[22.54216081957023,65.7784820141077],[22.542384729984782,65.77774899703778],[22.543355489590315,65.77806180412084],[22.543683966642252,65.77768455357803],[22.54455012044339,65.77764158515838],[22.546544029725315,65.77844504765571],[22.54481167299432,65.77853100271912],[22.544363968315437,65.77999704251856],[22.543497735073775,65.78004001066515],[22.54284071000712,65.78079451094793],[22.540622757028803,65.7807240161332],[22.540398775327613,65.78145703132621],[22.542183647531523,65.78154900877018],[22.542459880761662,65.7809938758221],[22.5438115920713,65.78110731392087],[22.54549180256394,65.7808434853724],[22.54582028114791,65.78046623020698],[22.548471342474063,65.78051515312242],[22.54966599898729,65.78009489380838],[22.548299929752265,65.78142605956978],[22.546291230836975,65.78206717605673],[22.546538417950998,65.78440114251605],[22.5457767084708,65.78479989029658],[22.546419258966736,65.78548993029314],[22.54609072940167,65.7858671872597],[22.5452243025012,65.78591016713118],[22.545538316828182,65.7869774653017],[22.546457123323183,65.78711236588093],[22.546785662303662,65.78673510803014],[22.54765211378444,65.78669211904293],[22.548727999873357,65.78736065188936],[22.552246240101038,65.78736650195155],[22.551774804491874,65.78576557927242],[22.554374021686723,65.78563651383969],[22.554269231753185,65.7852807550956],[22.558181775406783,65.78364252998712],[22.560400013554496,65.78371276649949],[22.56050488037331,65.78406852026563],[22.559205372795763,65.78413310978182],[22.55936265258867,65.78466674183979],[22.5571967466903,65.78477436924503],[22.557406405540085,65.78548588185444],[22.556644836595883,65.78588468254145],[22.55766849701362,65.78637527203664],[22.55619770500223,65.787350751451],[22.555331248531537,65.78739378905048],[22.555002828135848,65.78777106414182],[22.55354593152117,65.78730196993669],[22.5522986258134,65.78754438212059],[22.552336871613456,65.789166812488],[22.55330818766066,65.78947955069876],[22.553517785224823,65.79019106927379],[22.554870025346474,65.79030440409623],[22.554974848111428,65.7906601621103],[22.555788997382443,65.79043924680586],[22.556970108337225,65.79146347491015],[22.55870328497513,65.79137737355218],[22.56324605320491,65.79187353691103],[22.56335099918828,65.79222928794883],[22.56177517367613,65.7928490710142],[22.562418363351238,65.79353903726772],[22.565451619930545,65.79338823664162],[22.566094921691615,65.7940781862813],[22.566961581148085,65.7940350855051],[22.570310020487284,65.79495143006999],[22.57057267273981,65.79584079254181],[22.57176765517646,65.7954203567846],[22.57246372511581,65.79628814923949],[22.574840772935687,65.79689177889679],[22.57614087640261,65.79682705019988],[22.576363944165795,65.79609399159561],[22.580421900456663,65.79643334001368],[22.58161674424439,65.79601282845873],[22.580972978334323,65.79532294890345],[22.58309691355269,65.79474618778592],[22.575608499999998,65.76940563999999]],[[22.356712895744792,65.8319486471947],[22.35535923138135,65.8318335693266],[22.354771668622323,65.83132064905054],[22.353903332934756,65.83136255991684],[22.353801090480278,65.83100664038554],[22.354950190725983,65.83040989536771],[22.35479681332033,65.82987601722618],[22.3562015063805,65.83016905995486],[22.355613966968605,65.82965614269351],[22.359087047413617,65.82948843320901],[22.35972581046891,65.83017929393358],[22.358423378062064,65.83024219995606],[22.358959831594436,65.83057714802084],[22.35814267875686,65.83079704044971],[22.358781451191753,65.83148790503213],[22.359700943882054,65.83162392390078],[22.35952258466693,65.83253468157206],[22.357632394826535,65.83208467845701],[22.357785846860804,65.83261855303178],[22.35691747328598,65.83266048139973],[22.356712895744792,65.8319486471947]],[[22.353989030744692,65.86383533774836],[22.35365670936061,65.86421221501269],[22.353119595155725,65.86387725466163],[22.353989030744692,65.86383533774836]],[[22.53730724581933,65.77691787661684],[22.53865872190893,65.77703136272453],[22.538554190641136,65.77667559064795],[22.539853384759763,65.77661118025908],[22.540077347942,65.77587816606304],[22.54061495278292,65.77621246348258],[22.541481063321516,65.77616951293007],[22.541585632473314,65.77652528262429],[22.540719510204006,65.77656823388686],[22.54087635228871,65.77710188930087],[22.54001020924755,65.77714483673817],[22.53968168429749,65.77752207983565],[22.53654560533828,65.77731657758198],[22.53730724581933,65.77691787661684]],[[22.420395559999996,65.84021462999999],[22.42239335729499,65.84710061536012],[22.423290285538098,65.84748577600868],[22.42260805758896,65.84784064193079],[22.422976689999995,65.84911123999998],[22.40125569,65.85016734],[22.39868195,65.8412703],[22.420395559999996,65.84021462999999]],[[22.41781639,65.83131796],[22.439520659999996,65.83025966],[22.4421072,65.83915589],[22.420395559999996,65.84021462999999],[22.41781639,65.83131796]],[[22.58287657272086,65.7943256395205],[22.58292918672779,65.79450350689112],[22.582495865588115,65.79452510318124],[22.58287657272086,65.7943256395205]],[[22.581799510966803,65.79365735935004],[22.58185211590498,65.79383522718145],[22.581418804910943,65.79385682031057],[22.581799510966803,65.79365735935004]],[[22.577348526218955,65.79496203290732],[22.577401103653347,65.7951399025472],[22.576967766254175,65.79516148329061],[22.577348526218955,65.79496203290732]],[[22.575076722809122,65.79471418235603],[22.573501038310585,65.7953340851949],[22.572581803206663,65.79519935183404],[22.573238291261514,65.79444472870718],[22.575076722809122,65.79471418235603]],[[22.57184625514894,65.79270914668335],[22.573146156777327,65.79264444551234],[22.57373709522717,65.79315648968429],[22.57184625514894,65.79270914668335]],[[22.570506957013926,65.77923934259181],[22.57061194131412,65.779595088231],[22.569745774217566,65.7796382048763],[22.570506957013926,65.77923934259181]],[[22.56497923219536,65.79178736419831],[22.566764894510044,65.79187904601926],[22.568760610810973,65.79268220002812],[22.568918151032666,65.79321581966603],[22.565884939109708,65.79336668880146],[22.564913325192737,65.79305403365085],[22.564217602021742,65.79218620332648],[22.56497923219536,65.79178736419831]],[[22.562264747015867,65.78109329229088],[22.56470606395645,65.78043042779872],[22.56534900147609,65.78112038414756],[22.564849973828366,65.78240859786486],[22.56148973707222,65.78293666134026],[22.560951719668903,65.78260244163899],[22.561765564773037,65.78238149743994],[22.560794422141505,65.78206881140066],[22.562264747015867,65.78109329229088]],[[22.561072543412504,65.77555758640258],[22.562476467387892,65.77584873783037],[22.561610409692925,65.77589180716336],[22.561715254979333,65.77624756029792],[22.56019275979139,65.7770451945262],[22.55802749774765,65.77715282735579],[22.557370971192498,65.77790738530754],[22.555415160559733,65.77872649542994],[22.55449661231088,65.7785916462866],[22.554339477671647,65.77805800778856],[22.55260717816357,65.77814405088104],[22.551583948945872,65.77765342316162],[22.55132217368898,65.7767640194305],[22.55447234018928,65.77552466783318],[22.555338399884107,65.77548163904092],[22.55587619122728,65.7758158807777],[22.55798895548997,65.77553040143273],[22.55863158441463,65.77622038914852],[22.561072543412504,65.77555758640258]],[[22.560466145964508,65.78244609682385],[22.560571007504,65.78280185059475],[22.56013786044135,65.78282338163316],[22.559599862777947,65.78248915696584],[22.560466145964508,65.78244609682385]],[[22.55775950034513,65.7881755756626],[22.55937383498157,65.78917826009909],[22.55861219113474,65.78957707135994],[22.557312400312963,65.78964164754301],[22.556983982457897,65.79001892687997],[22.555684164466673,65.79008348945213],[22.55471279716986,65.78977076688203],[22.5543983623099,65.78870349175847],[22.55516004765603,65.78830470113812],[22.55775950034513,65.7881755756626]],[[22.55928803354774,65.77546582653903],[22.557451143325633,65.77519616735736],[22.55869780629849,65.77495371939582],[22.55928803354774,65.77546582653903]],[[22.550693994141938,65.77462944785294],[22.55074633806663,65.77480732895913],[22.55031331532817,65.77482883085332],[22.550693994141938,65.77462944785294]],[[22.549389930531216,65.78065003818146],[22.549442280154114,65.78082791968343],[22.549009155069893,65.78084941888459],[22.549389930531216,65.78065003818146]],[[22.54750042826212,65.78020238014582],[22.547933543996677,65.78018088532383],[22.547985882434613,65.78035876743606],[22.54750042826212,65.78020238014582]],[[22.54747156397102,65.78309148536317],[22.547523906324294,65.78326936759736],[22.547090738330034,65.78329086177183],[22.54747156397102,65.78309148536317]],[[22.546363760326116,65.77484441000858],[22.54679678728231,65.77482291929398],[22.546901423148586,65.77517868467905],[22.546363760326116,65.77484441000858]],[[22.546901423148586,65.77517868467905],[22.54738677723166,65.77533507486307],[22.546953742273143,65.77535656733306],[22.546901423148586,65.77517868467905]],[[22.545759255669996,65.77577680370493],[22.545811568380294,65.7759546868148],[22.545378521447695,65.77597617492772],[22.545759255669996,65.77577680370493]],[[22.545401713230017,65.7790431654827],[22.545454031439228,65.77922104866312],[22.545020929332164,65.7792425363055],[22.545401713230017,65.7790431654827]],[[22.543250888550485,65.77770603595391],[22.543198589221692,65.77752815183194],[22.543631664380534,65.77750666963364],[22.543250888550485,65.77770603595391]],[[22.54030129956792,65.77514515165399],[22.540353573119663,65.77532303702286],[22.53948748873188,65.77536598091017],[22.54030129956792,65.77514515165399]],[[22.537859824728287,65.77580762680493],[22.53727001085203,65.7752954326231],[22.539106710895577,65.77556533689575],[22.537859824728287,65.77580762680493]],[[22.53688921652523,65.77549478323138],[22.536993719088787,65.77585055673157],[22.53656066507907,65.77587201986103],[22.536023119443055,65.77553770755809],[22.53688921652523,65.77549478323138]],[[22.532177861941175,65.7759086952251],[22.532610920948763,65.77588724449889],[22.532663143299924,65.77606513300988],[22.532177861941175,65.7759086952251]],[[22.532663143299924,65.77606513300988],[22.533200657394154,65.77639945747418],[22.53276759038089,65.77642090995501],[22.532663143299924,65.77606513300988]],[[22.532282301570692,65.7762644725761],[22.53141616944565,65.77630737106995],[22.53136395510026,65.77612948205265],[22.532282301570692,65.7762644725761]],[[22.531468384583814,65.77648526006166],[22.531520600514742,65.77666314902777],[22.531087527397098,65.77668459679533],[22.531468384583814,65.77648526006166]],[[22.53090014363699,65.77904004980654],[22.5313332564735,65.77901860217945],[22.53138547763793,65.77919649114172],[22.53090014363699,65.77904004980654]],[[22.52960080037027,65.7791043853509],[22.530033915585335,65.77908294139226],[22.530086127948792,65.77926083088639],[22.52960080037027,65.7791043853509]],[[22.530086127948792,65.77926083088639],[22.53100458089148,65.77939582806002],[22.530138341105072,65.77943872035495],[22.530086127948792,65.77926083088639]],[[22.528129327983216,65.78007960060394],[22.52856246103831,65.78005816065028],[22.52861466563032,65.78023605072556],[22.528129327983216,65.78007960060394]],[[22.52861466563032,65.78023605072556],[22.529100009145406,65.78039249924421],[22.52866687101507,65.78041394077523],[22.52861466563032,65.78023605072556]],[[22.526250596082367,65.77367553447522],[22.526094081436938,65.77314186080162],[22.527878333824443,65.77323401183743],[22.527982701172103,65.77358979284352],[22.526250596082367,65.77367553447522]],[[22.527748392859493,65.7802789297645],[22.527800592376185,65.78045682016868],[22.52736745186772,65.78047825803107],[22.527748392859493,65.7802789297645]],[[22.52678797646508,65.77400988286793],[22.527221008998467,65.77398844771689],[22.527273189580196,65.7741663384848],[22.52678797646508,65.77400988286793]],[[22.526892332555693,65.7743656647325],[22.525645383043315,65.77460785533876],[22.525055838410637,65.77409561124668],[22.526892332555693,65.7743656647325]],[[22.520115857165177,65.77073055826534],[22.52027223063015,65.77126423946365],[22.519839236860765,65.7712856544895],[22.520115857165177,65.77073055826534]],[[22.51892113046467,65.77115058663571],[22.519025364223115,65.77150637508663],[22.518592365148102,65.77152778662217],[22.518055143251672,65.77119340777651],[22.51892113046467,65.77115058663571]],[[22.51616363899216,65.80972724069653],[22.516874338167366,65.80915073504785],[22.517725574947036,65.81055247352853],[22.51619971832093,65.81134970130333],[22.51489870178241,65.81141392797193],[22.51392699433572,65.81110094895392],[22.51453341755422,65.8101686626484],[22.51616363899216,65.80972724069653]],[[22.51482671726371,65.80816900443486],[22.516127570187017,65.80810477998504],[22.516231945105922,65.80846056899553],[22.515364698851418,65.80850338722857],[22.51482671726371,65.80816900443486]],[[22.515440905992083,65.77276640919298],[22.51376089078754,65.77302990457083],[22.513656722195584,65.7726741118772],[22.515717635672495,65.7722113198738],[22.515440905992083,65.77276640919298]],[[22.511148826873434,65.77911444144854],[22.511096745419813,65.77893654418726],[22.511529876288197,65.77891515265102],[22.511148826873434,65.77911444144854]],[[22.503086606580467,65.81614728779643],[22.503138723164476,65.81632518746494],[22.502704954977883,65.81634656140591],[22.503086606580467,65.81614728779643]],[[22.49540010710306,65.8154430585863],[22.495243926490023,65.81490934995162],[22.49324868656331,65.81410522955198],[22.4987139157053,65.8147384950798],[22.502062747967233,65.81565633387955],[22.50265284133761,65.8161686615605],[22.500536102158414,65.81645341273403],[22.499564370209328,65.8161403424968],[22.49734344237046,65.81606924715847],[22.49540010710306,65.8154430585863]],[[22.496717076741476,65.79588791230051],[22.497150506681923,65.79586655868883],[22.497202533030393,65.79604446125892],[22.496717076741476,65.79588791230051]],[[22.497202533030393,65.79604446125892],[22.49768799519694,65.79620100861463],[22.497254560169416,65.79622236380357],[22.497202533030393,65.79604446125892]],[[22.482251120335405,65.80959312521489],[22.48051641299236,65.80967837254803],[22.480308640792654,65.8089667361435],[22.478314329263192,65.80816241145516],[22.47833257965868,65.80671782867496],[22.4793738222359,65.80576436730558],[22.478854589112284,65.80398526995963],[22.48097056692417,65.803700826953],[22.48247907026411,65.8043485260805],[22.482582962372856,65.80470434277916],[22.481715775468583,65.80474696916923],[22.481386058450603,65.80512409818274],[22.481541880799966,65.8056578244757],[22.486033856408202,65.80597836774136],[22.487057018624792,65.80646943597141],[22.48792425286492,65.80642677875856],[22.489346728146206,65.80527401679171],[22.494341702947704,65.80430631065043],[22.496197328132446,65.80313214069669],[22.496023955276417,65.8040430073822],[22.494393730389284,65.80448421417078],[22.494653879460113,65.80537373139117],[22.496700516366403,65.80635574230749],[22.496579195984427,65.80744451210167],[22.493699894841093,65.80812767491437],[22.493370314720902,65.8085048284856],[22.489901122397416,65.8086755540783],[22.488912165454888,65.8098069901549],[22.48917218988521,65.81069651794631],[22.487055737833412,65.81098107933929],[22.486396303114102,65.81173535974668],[22.484453560574888,65.81110902601036],[22.48370804178758,65.81006290018705],[22.482251120335405,65.80959312521489]],[[22.49072018895468,65.78589678429924],[22.493163863679413,65.78523504278083],[22.49533012818776,65.78512832157509],[22.496075334712227,65.78617439361558],[22.49373561091362,65.78719199031063],[22.493839575220516,65.78754779862224],[22.492435745831305,65.78725601417707],[22.491846550593184,65.7867436382432],[22.49049474442376,65.78662974033413],[22.49072018895468,65.78589678429924]],[[22.491825568596116,65.81976966514561],[22.489934111218634,65.81932131281319],[22.48983004668586,65.81896550279845],[22.488476544322253,65.8188516035815],[22.4883725022058,65.81849579235467],[22.486741238200153,65.81893692753137],[22.485387749462724,65.81882300079079],[22.48512775712537,65.81793346622666],[22.486273179603252,65.81733576985395],[22.485857181296137,65.81591251685909],[22.487766014850617,65.81491634433314],[22.489067289439127,65.81485234648407],[22.489969250589386,65.81643215776305],[22.491582820127878,65.81743556701824],[22.49250246070793,65.81757078454625],[22.49258913654826,65.81937116880147],[22.494098869544672,65.82001874103088],[22.494133607384846,65.82164121991708],[22.492085814550517,65.8206591858234],[22.491825568596116,65.81976966514561]],[[22.488604565389625,65.79069298975638],[22.48806731244357,65.79035850552131],[22.489367346929285,65.79029451723524],[22.490026180454514,65.78954022989753],[22.491378138523995,65.78965413047253],[22.491482082241212,65.79000994059471],[22.490615407142723,65.79005261255989],[22.490337963468903,65.79060766328794],[22.489089873879312,65.79084956598038],[22.48919379181905,65.79120537791533],[22.48735645457694,65.79093487846961],[22.488604565389625,65.79069298975638]],[[22.462481434143797,65.80514976102049],[22.464701349128706,65.805221373536],[22.464008630891538,65.80435305759852],[22.464875839706636,65.80431053164476],[22.464772193963142,65.8039547004991],[22.4655875602868,65.80373425509177],[22.465276611389825,65.80266676300865],[22.46328325921503,65.80186223253176],[22.463787716536388,65.800574299578],[22.46488108107924,65.7997988501449],[22.465748134957312,65.79975632074282],[22.468368109870607,65.79818411592007],[22.469668597670296,65.79812029114638],[22.471576789050992,65.79712432741601],[22.474888948116263,65.79642029737504],[22.47473333059858,65.79588656229713],[22.47771558496723,65.79555958662445],[22.478045241762658,65.79518246613722],[22.478912114275108,65.79513986368295],[22.478374889167156,65.7948053450294],[22.47967517675284,65.79474143689708],[22.479086052757577,65.79422901096022],[22.47984908627731,65.7938305835878],[22.48114932031638,65.79376666341096],[22.483923526827343,65.79272793352321],[22.486575797428998,65.79277792099467],[22.48716503407598,65.79329031689407],[22.485968727565453,65.79371010239763],[22.485795035805403,65.79462096055109],[22.484650583393563,65.79521864384205],[22.484910283938166,65.79610818203729],[22.48317649448386,65.79619345063676],[22.482465371912813,65.79676980337894],[22.481598451658417,65.79681242649556],[22.481702295106697,65.79716824426532],[22.483436155974708,65.79708299172506],[22.48504821608447,65.79808648476128],[22.488134517894874,65.79811511879677],[22.489330988858864,65.79769531469168],[22.490301889624057,65.79800845819686],[22.490995305625773,65.79887664785663],[22.490665796213143,65.79925379488776],[22.487249793641237,65.79960235359177],[22.486364971706006,65.80108958421366],[22.481648047085105,65.80150198884097],[22.481751913930488,65.8018578063508],[22.480884821140304,65.80190042709805],[22.481110649159092,65.80116748151036],[22.47975812281206,65.80105349545691],[22.480573265363017,65.80083297214875],[22.48112876021499,65.79972289977141],[22.475596833993055,65.80035564218485],[22.47330689795692,65.80155085718681],[22.472751028706476,65.80266090472898],[22.4718838910196,65.80270347475313],[22.47283621057492,65.80446131464686],[22.471742899161217,65.80523682057877],[22.47210603160798,65.80648220906966],[22.469207398352953,65.80860950222288],[22.469952285223727,65.80965570502579],[22.471894572957655,65.81028222780154],[22.47258772708975,65.81115050368186],[22.473558947904426,65.81146375063716],[22.47279530719761,65.8118621524698],[22.472951000564045,65.81239588879505],[22.472083535633868,65.81243846314602],[22.472064948368793,65.81388304846644],[22.4708155600533,65.81412481426983],[22.471023120011584,65.81483646566687],[22.468401670811566,65.81640873047255],[22.468175370263037,65.81714166185175],[22.46671831534015,65.81667173987965],[22.465850694039926,65.8167142803227],[22.46722284763588,65.81538379482174],[22.465836702575412,65.81364718958352],[22.464431733110303,65.81335515844867],[22.463356878978697,65.81268602117385],[22.46248938523645,65.81272854126723],[22.462333906183154,65.81219479218872],[22.460184462631258,65.81085647794579],[22.459265223386573,65.81072106179998],[22.460080850024525,65.8105006432894],[22.459925437022147,65.80996689111555],[22.46079284287146,65.80992438645272],[22.459770031108615,65.80943313871464],[22.461886680563637,65.80914895387052],[22.462164918733286,65.80859394719279],[22.46336230366382,65.80817433791013],[22.463329575875832,65.80655183265347],[22.46085054374477,65.80559061581184],[22.459601443289753,65.8058322870001],[22.459705026716207,65.80618812226489],[22.45705139606997,65.8061376807217],[22.455141982209597,65.80713347461858],[22.452158080641823,65.80746002491603],[22.45162093155489,65.80712541130606],[22.451465718239348,65.80659164857968],[22.455336369504458,65.80477804770133],[22.457122618069718,65.80487100757264],[22.457019076660362,65.80451517014622],[22.45831991767115,65.80445143869179],[22.460746947389133,65.80523478145082],[22.461614192341475,65.80519227368514],[22.46151058736725,65.80483643992669],[22.462481434143797,65.80514976102049]],[[22.490771311015102,65.79058632861152],[22.49082328055162,65.79076423391129],[22.49038993006776,65.79078556876416],[22.490771311015102,65.79058632861152]],[[22.48948131659441,65.8298105029347],[22.489533372397318,65.82998840784357],[22.48909936043185,65.83000974549279],[22.48948131659441,65.8298105029347]],[[22.486851882434227,65.79673452113028],[22.487285336423746,65.79671319531833],[22.487337296754497,65.79689110189791],[22.486851882434227,65.79673452113028]],[[22.487337296754497,65.79689110189791],[22.487822716953357,65.79704768106316],[22.487389257874838,65.79706900845207],[22.487337296754497,65.79689110189791]],[[22.48636647399252,65.79657793876038],[22.486418427655167,65.7967558457181],[22.48598497208661,65.79677716908186],[22.48636647399252,65.79657793876038]],[[22.475109711946313,65.8514498014718],[22.474675323451322,65.85147110177812],[22.474623318191373,65.85129319131109],[22.475109711946313,65.8514498014718]],[[22.47341933953891,65.77176958702456],[22.47347114392173,65.77194749984257],[22.473038092137212,65.77196878246279],[22.47341933953891,65.77176958702456]],[[22.47318459636721,65.80263961788013],[22.473236473733042,65.80281753007105],[22.472802903131154,65.80283881709606],[22.47318459636721,65.80263961788013]],[[22.472449646377534,65.7714563242748],[22.47288269014835,65.77143504340512],[22.472934490024862,65.7716129564496],[22.472449646377534,65.7714563242748]],[[22.472618481825375,65.67544445742108],[22.47267004906907,65.67562237282499],[22.472238605894805,65.67564363732048],[22.472618481825375,65.67544445742108]],[[22.468862852102582,65.77271528551836],[22.468688652352938,65.77362612910052],[22.46705983870155,65.77406702996015],[22.46721513933292,65.77460077594665],[22.464997865957937,65.77452917423774],[22.463853788023847,65.77512669777258],[22.463957281901227,65.77548253101553],[22.46265791795552,65.77554629612574],[22.462884078920673,65.77481337431948],[22.464131658172217,65.7745716911149],[22.46415079028513,65.77312710151357],[22.46491345263092,65.77272875250958],[22.464376891345744,65.77239417807988],[22.465243025571496,65.77235166052893],[22.46513952906718,65.77199582818575],[22.465953895474463,65.77177539058852],[22.465417341469255,65.77144081975074],[22.46411818531396,65.77150459527543],[22.464673833685836,65.77039458139274],[22.46597293232647,65.77033080169475],[22.46668373250712,65.76975452903355],[22.467931031853094,65.7695128174707],[22.468467576376046,65.76984737955094],[22.46976663620275,65.76978356789469],[22.470129073617013,65.77102896783093],[22.471479976682794,65.77114305512572],[22.47158355647681,65.77149888234592],[22.4725014433207,65.7716342374952],[22.47076924864055,65.77171934945],[22.47102818648225,65.77260891869092],[22.468862852102582,65.77271528551836]],[[22.470227444291982,65.8513282128501],[22.471913015608745,65.85106514318876],[22.471148205352307,65.85146354816642],[22.470227444291982,65.8513282128501]],[[22.4689804657027,65.77613820443602],[22.469413591472573,65.7761169326209],[22.469465378735496,65.77629484696868],[22.4689804657027,65.77613820443602]],[[22.469465378735496,65.77629484696868],[22.469950297637535,65.77645148790126],[22.4695171667848,65.77647276129117],[22.469465378735496,65.77629484696868]],[[22.46899455255055,65.77920529384407],[22.46769501611945,65.7792691035811],[22.467643233884314,65.77909118858217],[22.468457799101344,65.77887073565994],[22.46899455255055,65.77920529384407]],[[22.468716743563355,65.77976030876971],[22.46882032685383,65.78011613783684],[22.468387133365944,65.78013740862855],[22.468716743563355,65.77976030876971]],[[22.46860918619785,65.81712038558776],[22.46866106701694,65.81729829930335],[22.468227248137193,65.81731957574348],[22.46860918619785,65.81712038558776]],[[22.46843892325541,65.78031532330012],[22.468005726045334,65.78033659304442],[22.467953939091515,65.78015867819695],[22.46843892325541,65.78031532330012]],[[22.467256324615196,65.83360841073706],[22.467360148218532,65.83396423847334],[22.46692604715522,65.83398551395891],[22.467256324615196,65.83360841073706]],[[22.459054477172224,65.6860373216468],[22.461109589644156,65.68557532528686],[22.462404445784074,65.68551161771188],[22.462507489065832,65.68586745633793],[22.466340519557868,65.68549834696913],[22.466115091724216,65.68623126662824],[22.465303381055833,65.68645167895008],[22.465458013607854,65.68698543324643],[22.463937592119894,65.68778208462442],[22.459621014665533,65.68799444769894],[22.459054477172224,65.6860373216468]],[[22.464978784920017,65.77597376344761],[22.46503054126417,65.77615167960403],[22.46416427908533,65.7761941971987],[22.464978784920017,65.77597376344761]],[[22.461720677001928,65.77685547316447],[22.464371288842838,65.77690586297828],[22.463815503034866,65.7780158771083],[22.46294917586943,65.778058388433],[22.461856638234337,65.77883381593749],[22.460557099296242,65.77889756485025],[22.459968732870475,65.77838505770244],[22.460783344204447,65.77816464533902],[22.46067988115647,65.77780880963934],[22.461927625749897,65.7775671428589],[22.461720677001928,65.77685547316447]],[[22.462361055453055,65.81832898241045],[22.462412896038497,65.81850689864068],[22.46154520437655,65.81854941529267],[22.462361055453055,65.81832898241045]],[[22.461422364413846,65.81963817179914],[22.461474201681806,65.81981608838059],[22.46104033326045,65.81983734487461],[22.461422364413846,65.81963817179914]],[[22.461025172805023,65.80467977697722],[22.460539764126743,65.80452311242601],[22.461406985542915,65.80448060606733],[22.461025172805023,65.80467977697722]],[[22.458540741835957,65.82032069365171],[22.46076196291027,65.8203923507917],[22.46086563275879,65.82074818443128],[22.458955316001386,65.82174403484427],[22.456785791115767,65.82185027095747],[22.45520555578521,65.82246899506505],[22.452550245270285,65.82241849157558],[22.452291343604625,65.82152889058196],[22.458540741835957,65.82032069365171]],[[22.452425582654257,65.68582183894884],[22.449887209337355,65.6861269984319],[22.4505447253787,65.68537289481898],[22.45232267801693,65.68546599212306],[22.452425582654257,65.68582183894884]],[[22.448602989108956,65.85725857764062],[22.448830138610607,65.8565256670686],[22.449802828536143,65.85683905098594],[22.449472012676686,65.85721612166118],[22.448602989108956,65.85725857764062]],[[22.448786999242778,65.68383517844329],[22.448406816647626,65.68403430178262],[22.448303975732202,65.68367845160827],[22.448786999242778,65.68383517844329]],[[22.44797520951538,65.68405549900415],[22.448026628228035,65.68423342422848],[22.447595017405437,65.6842546204068],[22.44797520951538,65.68405549900415]],[[22.44683461571166,65.68465286053166],[22.447266233915073,65.68463166643973],[22.447317649137315,65.6848095919384],[22.44683461571166,65.68465286053166]],[[22.44589959777702,65.68596191835654],[22.43892111585401,65.68756749264045],[22.437903691770302,65.68707604569158],[22.438078572310832,65.68616523077313],[22.43932216223966,65.68592378974417],[22.439394263991847,65.68465711638154],[22.44548835363893,65.68453850927698],[22.445210937215954,65.68509347743908],[22.446886028021463,65.68483078620507],[22.446608638987684,65.68538575664785],[22.44531374242519,65.68544933005835],[22.44589959777702,65.68596191835654]],[[22.4393005321795,65.69494725873729],[22.43914638134589,65.69441347312076],[22.44000995734395,65.69437112402866],[22.439907182350993,65.69401526752438],[22.441582903702777,65.6937526285236],[22.441911879204625,65.69337559289166],[22.444882822464024,65.69304936988219],[22.44351564219758,65.69437960573502],[22.44237450134662,65.69497693918842],[22.44151090980857,65.69501930186362],[22.44161371162857,65.69537515701958],[22.44016412566809,65.69490490859738],[22.4393005321795,65.69494725873729]],[[22.440318300994285,65.69543869294091],[22.439886495893344,65.69545986914409],[22.439783717394977,65.69510401259083],[22.440318300994285,65.69543869294091]],[[22.439399008920866,65.82865537687597],[22.438148586825626,65.8288968852415],[22.438045191542873,65.82854103353188],[22.439399008920866,65.82865537687597]],[[22.41407725611237,65.71837628502016],[22.411762425471732,65.71794798401208],[22.41188712739865,65.71685924967335],[22.411022745743022,65.71690144692147],[22.410920261627076,65.71654556800593],[22.408861778016526,65.71700691869117],[22.407770072125576,65.71778195021578],[22.402583502238752,65.71803492244509],[22.401082133555185,65.71738636450705],[22.399836668970874,65.71762751098746],[22.39823308204224,65.7166230358955],[22.39693648006935,65.71668621386154],[22.39678304715848,65.7161523783782],[22.395003137670905,65.71605865059348],[22.394849749117583,65.71552481272738],[22.396754956647193,65.71452981457261],[22.39660154286876,65.71399597871782],[22.39789801105563,65.71393280491283],[22.397261291543167,65.7132420839712],[22.398557720029682,65.71317890493211],[22.397972145417995,65.71266613154158],[22.39883641122655,65.71262400956533],[22.39868296811888,65.7120901760948],[22.397716439985302,65.71177640722867],[22.39740961903327,65.71070873723474],[22.396545414375566,65.71075085050843],[22.39601106095285,65.71041601407669],[22.393037459853772,65.71074130798873],[22.389176066584593,65.71255323799049],[22.386532145854325,65.71250147572358],[22.386327896102504,65.7117896778658],[22.388944164326894,65.71021887416153],[22.388484519356933,65.70861733668568],[22.395978156606954,65.70572626546002],[22.397808480167853,65.70599793383207],[22.398570261499952,65.70559992555745],[22.402407210347956,65.7052323902162],[22.40273689929009,65.70485543242293],[22.405277702961214,65.7045510365522],[22.40517535664943,65.70419515241637],[22.407994469383265,65.7033358074079],[22.408653628163407,65.70258186903212],[22.410710980606655,65.70212053223709],[22.410454962894278,65.7012308323973],[22.413427236660333,65.70090521104807],[22.414166517525363,65.70195174036992],[22.4150303939978,65.7019095302114],[22.415359857472048,65.70153254727161],[22.418383354406043,65.7013847672178],[22.41871276226304,65.70100777756032],[22.420389162187682,65.70074536549932],[22.42234358946423,65.69992800306575],[22.424503065925816,65.69982235445809],[22.42531555086307,65.69960215243603],[22.425212952772274,65.69924628426892],[22.42742367153729,65.69931852883688],[22.42775292169202,65.69894152114979],[22.428338753991973,65.69945417734354],[22.429202519321297,65.69941188777526],[22.42897593588356,65.70014476362354],[22.427885525663957,65.70091992673184],[22.427021707449306,65.70096220933883],[22.427124338579777,65.70131807596078],[22.42626050558867,65.70136035438918],[22.426085135595002,65.70227116050863],[22.424079356867082,65.70291063706551],[22.42385260262911,65.70364350695432],[22.421619834672455,65.70501582293066],[22.423480083640968,65.70690972350789],[22.42218404240941,65.70697311112166],[22.42228663573414,65.70732898137774],[22.421422592686866,65.7073712343872],[22.42244053154871,65.70786278657485],[22.420763695804276,65.70812522552072],[22.421020149874835,65.70901490371216],[22.42262411982486,65.71001913484841],[22.419980425709273,65.70996795165206],[22.42028816699483,65.71103556704871],[22.421203633353016,65.71117125472578],[22.420976738214307,65.7119041217055],[22.42189223902152,65.71203980490104],[22.422046160421722,65.7125736102452],[22.42372326867895,65.71231115448889],[22.426037776298415,65.71273927669858],[22.425327554407467,65.71331535402251],[22.4264998330065,65.71434067680833],[22.42578957955192,65.71491675659838],[22.425994944283943,65.71562849042765],[22.427928984528272,65.71625565298922],[22.428720690598272,65.71748003365593],[22.427856321284978,65.7175223264129],[22.427959042961962,65.71787819158153],[22.42633297304767,65.7183186303166],[22.423666888685656,65.71971212765081],[22.423769563208882,65.72006799610872],[22.42112483724906,65.72001684292063],[22.41957158749002,65.7191905376587],[22.415249334202382,65.71940169644063],[22.41407725611237,65.71837628502016]],[[22.427838867293147,65.71138803660327],[22.427509470165976,65.71176504591789],[22.425297683262905,65.71169281307354],[22.42498972596834,65.71062520993225],[22.427838867293147,65.71138803660327]],[[22.42700060815161,65.72063175990318],[22.427051970146035,65.72080969277353],[22.426619728621628,65.72083083558307],[22.42700060815161,65.72063175990318]],[[22.425651232903007,65.80857476476316],[22.425702796428773,65.80875269611919],[22.42526907891291,65.80877384947227],[22.425651232903007,65.80857476476316]],[[22.42376171936519,65.80812557380538],[22.4238648189457,65.80848143804299],[22.422512130953354,65.80836694604292],[22.42376171936519,65.80812557380538]],[[22.423606610742,65.85919938876766],[22.421919983495822,65.85946193561792],[22.420947522963043,65.85914837204535],[22.420792569120593,65.85861457566386],[22.422965374390678,65.85850881944529],[22.423606610742,65.85919938876766]],[[22.423539561293047,65.71015480871218],[22.42359087447448,65.71033274322944],[22.423158804492306,65.71035387452717],[22.423539561293047,65.71015480871218]],[[22.423056184745512,65.70999800511896],[22.42310749423028,65.71017593983554],[22.422675426390246,65.71019706973932],[22.423056184745512,65.70999800511896]],[[22.421152334579872,65.7109933192622],[22.421584417206738,65.7109721935395],[22.421635718899537,65.71115012882876],[22.421152334579872,65.7109933192622]],[[22.420815909243768,65.81314120220985],[22.420867450359655,65.81331913541582],[22.41999985125283,65.81336141498929],[22.420815909243768,65.81314120220985]],[[22.411919503263377,65.81736379387704],[22.413221126862915,65.8173004393973],[22.41311813190489,65.81694456696303],[22.414368225633194,65.81670326677074],[22.41421371490434,65.81616945943088],[22.415360741177192,65.81557228004502],[22.416228423894566,65.81553002603603],[22.416073883076795,65.81499622086979],[22.41982372368046,65.8142722212173],[22.419316824516706,65.81556003217825],[22.420721426710596,65.81585248214634],[22.41941989845657,65.81591589966482],[22.41875834275234,65.81666990795523],[22.417456767387925,65.81673330918869],[22.416743610884513,65.81730937496569],[22.41549351141779,65.81755069466826],[22.416288028115062,65.81877511261602],[22.4145009303247,65.81868168288862],[22.41368464295012,65.81890186411503],[22.413787655142794,65.81925773599977],[22.412537432731995,65.8194990326792],[22.412691932724304,65.82003284181785],[22.410956246814933,65.82011730778625],[22.41041935207263,65.81978254673105],[22.411919503263377,65.81736379387704]],[[22.41931650711623,65.85200992612126],[22.41936813146325,65.85218785902491],[22.41849921824542,65.85223014275272],[22.41931650711623,65.85200992612126]],[[22.416127960596516,65.82582021883294],[22.416488751618424,65.82706576194533],[22.414370098307923,65.82734933634929],[22.413700269888725,65.82503617283255],[22.4163042751696,65.82490941507247],[22.41689289925142,65.82542208815364],[22.416127960596516,65.82582021883294]],[[22.412863849829836,65.69894788233918],[22.41063088022092,65.70032003895986],[22.409335130931776,65.70038331423092],[22.40867604462913,65.70113725485194],[22.406999493052922,65.70139953927689],[22.406721085359273,65.70195444682616],[22.398286486667185,65.70308763848834],[22.39825836322013,65.70146507525453],[22.399883884463346,65.70102494193922],[22.400543226950614,65.70027103692013],[22.401407074072957,65.70022890443363],[22.40249826191574,65.69945392362011],[22.404174736904633,65.69919168956731],[22.404885066084944,65.6986157099639],[22.414942913621662,65.69704188040323],[22.416011544211656,65.69771141912308],[22.41568213585021,65.69808840293508],[22.414818388101526,65.69813061553374],[22.414972064193826,65.69866443044033],[22.412863849829836,65.69894788233918]],[[22.41537476960938,65.69702077453898],[22.415806624821478,65.69699966745588],[22.41585785350549,65.69717760541003],[22.41537476960938,65.69702077453898]],[[22.415300612449972,65.71957963409425],[22.41486837992471,65.71960074343589],[22.414817104599056,65.71942280560808],[22.415300612449972,65.71957963409425]],[[22.408918930530547,65.82220128744363],[22.409352890305072,65.82218017822345],[22.409404373958726,65.8223581158519],[22.408918930530547,65.82220128744363]],[[22.409404373958726,65.8223581158519],[22.409889823282576,65.82251494265955],[22.40945585839563,65.8225360534554],[22.409404373958726,65.8223581158519]],[[22.408764493112177,65.82166747388415],[22.408867450607918,65.82202334961543],[22.40843349299799,65.82204445743476],[22.408764493112177,65.82166747388415]],[[22.407821295081092,65.71795989092946],[22.40825350711581,65.7179388018055],[22.40830473376929,65.71811674232029],[22.407821295081092,65.71795989092946]],[[22.40830473376929,65.71811674232029],[22.40878817830102,65.71827359211798],[22.408355961199042,65.71829468281021],[22.40830473376929,65.71811674232029]],[[22.40858792627197,65.82257827136887],[22.40863940559632,65.82275620929697],[22.408205435411734,65.82277731658937],[22.40858792627197,65.82257827136887]],[[22.40735969894236,65.82137491573572],[22.40779364632762,65.82135381106752],[22.40784511722236,65.82153174934507],[22.40735969894236,65.82137491573572]],[[22.40784511722236,65.82153174934507],[22.408330541397717,65.82168858135394],[22.40789658890016,65.82170968759769],[22.40784511722236,65.82153174934507]],[[22.40534431224621,65.82201423858928],[22.4057782723893,65.82199313952711],[22.40582973089411,65.82217107860352],[22.40534431224621,65.82201423858928]],[[22.40582973089411,65.82217107860352],[22.40761704650797,65.8222646077478],[22.408153959035346,65.82259937848647],[22.407337492693134,65.82281952749584],[22.40582973089411,65.82217107860352]],[[22.407109398119527,65.82355238536923],[22.407160869567317,65.8237303238717],[22.406726881509627,65.82375142713342],[22.407109398119527,65.82355238536923]],[[22.406189962349252,65.8234166514401],[22.406241427117557,65.82359459031701],[22.40580744044202,65.82361569095166],[22.406189962349252,65.8234166514401]],[[22.404426256680782,65.85688397306932],[22.404477789729754,65.8570619118758],[22.404043236458833,65.85708301294787],[22.404426256680782,65.85688397306932]],[[22.399291449461174,65.820864881755],[22.399342860436665,65.82104282347571],[22.39890890997369,65.82106390415055],[22.399291449461174,65.820864881755]],[[22.383696616048315,65.82324557634549],[22.383594000546196,65.82288968037244],[22.38446199232941,65.82284760398738],[22.383696616048315,65.82324557634549]],[[22.382418213251313,65.82186406124741],[22.381167556048517,65.82210510515402],[22.38101369458484,65.82157125802358],[22.381932939267667,65.82170714540774],[22.381779064795438,65.8211732991734],[22.38330973445866,65.82037737064128],[22.383538487168984,65.81964454203462],[22.385656874458874,65.81936139804255],[22.385554250467795,65.81900550346616],[22.389025659860014,65.81883712910808],[22.39004752998591,65.81932885985742],[22.39188595627323,65.8196005209011],[22.396173862752665,65.81921191731841],[22.397578415662355,65.8195045807269],[22.397681208197692,65.81986046558896],[22.399034406315153,65.819975172778],[22.39837214935081,65.82072909943484],[22.393318853287678,65.82151578548927],[22.389795769656097,65.82150631509619],[22.388596541231696,65.82192536460819],[22.38686063295112,65.82200955873412],[22.386095318764387,65.82240754252075],[22.3866832861254,65.82292033834456],[22.38446199232941,65.82284760398738],[22.382418213251313,65.82186406124741]],[[22.39880609470034,65.82070802033515],[22.398857501945976,65.82088596225529],[22.3984235536487,65.82090704152952],[22.39880609470034,65.82070802033515]],[[22.39434580504925,65.83878798673132],[22.395802852541365,65.83925859942391],[22.395882907231233,65.84105910062509],[22.394351437788746,65.84185516287641],[22.392179898052817,65.84196050014786],[22.390774160000806,65.84166779847186],[22.390311577062707,65.84006629534004],[22.39092314237387,65.83913445222858],[22.39434580504925,65.83878798673132]],[[22.392799891616026,65.81666916338834],[22.393233774046852,65.81664810073518],[22.39328513306019,65.81682604499717],[22.392799891616026,65.81666916338834]],[[22.39328513306019,65.81682604499717],[22.39377038039812,65.81698292500653],[22.393336492854765,65.81700398923431],[22.39328513306019,65.81682604499717]],[[22.392287032911128,65.85909689444928],[22.390114026683097,65.85920221643045],[22.39164663549547,65.85840618575025],[22.392515810407403,65.85836405221353],[22.392287032911128,65.85909689444928]],[[22.384852402168907,65.84556355151577],[22.3825264404818,65.84513491354663],[22.38237238531344,65.84460106967232],[22.383138400648225,65.84420309783148],[22.386127502879408,65.84387784737591],[22.386230254023864,65.84423374032728],[22.38952770872428,65.84497610083073],[22.390144576427947,65.84711144030454],[22.387052375844025,65.84708088035987],[22.384852402168907,65.84556355151577]],[[22.372738662824403,65.72706515098362],[22.373171061342727,65.7270441597001],[22.373222068353517,65.72722211413722],[22.372738662824403,65.72706515098362]],[[22.374366223006977,65.72662527061617],[22.374162173784956,65.72591345450341],[22.378002510138046,65.72554650188486],[22.378765162583203,65.72514858434427],[22.37823072739573,65.72481368627342],[22.37952779163389,65.72475066320955],[22.380113291813,65.7252635082893],[22.380978013434092,65.72522148332772],[22.381308256777523,65.72484456660877],[22.38395343864159,65.7248964073603],[22.383725383849896,65.72562922996856],[22.385863559640576,65.72696872956736],[22.384896614885754,65.72665488332834],[22.384031853011482,65.72669693094522],[22.384134015593244,65.72705283107287],[22.381921001056167,65.72697997956789],[22.381362601336658,65.72808971766752],[22.380014318738365,65.72797480628086],[22.379251604862358,65.728372730676],[22.37945581750156,65.72908453837037],[22.378107490171562,65.72896961052864],[22.37647985045281,65.7294095316719],[22.375029468438978,65.72893867025478],[22.373299750298713,65.72902265034124],[22.373222068353517,65.72722211413722],[22.374366223006977,65.72662527061617]],[[22.38502247286049,65.72556615983653],[22.385073557891264,65.72574410954041],[22.384641192737774,65.72576513431206],[22.38502247286049,65.72556615983653]],[[22.37885173442322,65.68111899986168],[22.379079607662298,65.68038618626936],[22.380374446091867,65.68032317769503],[22.37971498566163,65.68107699641472],[22.37885173442322,65.68111899986168]],[[22.377513971119356,65.86287967277444],[22.379355422750216,65.86315145570904],[22.379177607684714,65.86406223100809],[22.377209564814812,65.86487916982247],[22.375368009289765,65.86460736203104],[22.375111268739857,65.86371760999319],[22.375826603092662,65.86314171799138],[22.377513971119356,65.86287967277444]],[[22.376589603886128,65.85967657734223],[22.37664095097051,65.85985452729938],[22.376206323100263,65.8598755499312],[22.376589603886128,65.85967657734223]],[[22.37012612503744,65.83725468440433],[22.371863127352274,65.83717067006974],[22.37255370082326,65.83803942421729],[22.370101859888166,65.83869931025464],[22.3682622695755,65.83842739803592],[22.37012612503744,65.83725468440433]],[[22.369910015919274,65.7921573506203],[22.370343508342714,65.79213635678836],[22.37039465071897,65.7923143108362],[22.369910015919274,65.7921573506203]],[[22.368969750100987,65.79653321674856],[22.36940331701567,65.79651222487153],[22.369454463338503,65.79669017919466],[22.368969750100987,65.79653321674856]],[[22.369454463338503,65.79669017919466],[22.36993918246095,65.79684714004385],[22.369505610438786,65.79686813349313],[22.369454463338503,65.79669017919466]],[[22.362083296311308,65.734257857124],[22.36213424414036,65.73443581584569],[22.3617017112465,65.73445677707834],[22.362083296311308,65.734257857124]],[[22.36093069138219,65.83896211008195],[22.360981880518555,65.83914006681407],[22.360547587210508,65.83916104172118],[22.36093069138219,65.83896211008195]],[[22.360709740875677,65.73558740941557],[22.360811624704397,65.73594332787447],[22.36037906530201,65.73596428560637],[22.360709740875677,65.73558740941557]],[[22.360211115820672,65.830336280053],[22.360262279372748,65.8305142372756],[22.359828130891966,65.83053520875085],[22.360211115820672,65.830336280053]],[[22.35975067889147,65.82873466393876],[22.359801835435864,65.82891262138355],[22.35893359081452,65.8289545599806],[22.35975067889147,65.82873466393876]],[[22.359576638483333,65.8388470733218],[22.35962781798031,65.83902503059994],[22.359193525287864,65.83904600165124],[22.359576638483333,65.8388470733218]],[[22.358648819967645,65.73604810431938],[22.358750677610942,65.73640402441058],[22.358318108491137,65.7364249763813],[22.358648819967645,65.73604810431938]],[[22.357783470479585,65.82648411367128],[22.357834608053388,65.82666207195797],[22.357400522154524,65.82668303593209],[22.357783470479585,65.82648411367128]],[[22.357354018046014,65.8387739572646],[22.357405181996928,65.83895191543611],[22.35697088836254,65.83897288017693],[22.357354018046014,65.8387739572646]],[[22.356997051397826,65.84059546925006],[22.356945886343144,65.84041751095326],[22.35738020438556,65.84039654605013],[22.356997051397826,65.84059546925006]],[[22.355591772127703,65.84030243945539],[22.356026089553232,65.84028147840827],[22.356077247921267,65.84045943707719],[22.355591772127703,65.84030243945539]],[[22.352314316165863,65.78903906462469],[22.354812993665174,65.78855746465689],[22.353818767801773,65.78968807370225],[22.350988491900633,65.79054652201255],[22.349637040287103,65.79043137217805],[22.349535051749836,65.79007544731107],[22.352314316165863,65.78903906462469]],[[22.350429959063376,65.83153015430393],[22.35168137324148,65.83128935498986],[22.35221776281031,65.83162432734893],[22.35096633776281,65.83186513116223],[22.350429959063376,65.83153015430393]],[[22.35196221765095,65.83073452498793],[22.353647732634112,65.83047276090367],[22.352983878421657,65.83122650577486],[22.35168137324148,65.83128935498986],[22.35196221765095,65.83073452498793]],[[22.353433048141053,65.71013898459168],[22.353483879367936,65.71031694734937],[22.353051741078584,65.7103378801801],[22.353433048141053,65.71013898459168]],[[22.353034994134727,65.83140446587532],[22.35308611062582,65.83158242595111],[22.352651937107062,65.8316033772635],[22.353034994134727,65.83140446587532]],[[22.35264638105656,65.79479665554628],[22.352595355251044,65.79461869443338],[22.35302890598325,65.79459774925331],[22.35264638105656,65.79479665554628]],[[22.350836093203892,65.75013861869071],[22.351268899187797,65.75011768568662],[22.35131981016305,65.7502956483739],[22.350836093203892,65.75013861869071]],[[22.35131981016305,65.7502956483739],[22.3525673125043,65.75005487934055],[22.35266915281511,65.75041080365253],[22.351854448436562,65.75063063892935],[22.35131981016305,65.7502956483739]],[[22.349975943636533,65.71030641169463],[22.350306465148645,65.7099295595697],[22.352517952020573,65.71000288555987],[22.350941852549987,65.71062048980276],[22.349975943636533,65.71030641169463]],[[22.345807189980846,65.83229435736803],[22.34550079445119,65.83122657914451],[22.346420211863954,65.83136267869573],[22.346267004549773,65.83082879036591],[22.34795258731277,65.83056708849584],[22.34736520134977,65.83005413803282],[22.348233505687702,65.83001226464354],[22.34856549316843,65.82963540231638],[22.349484868311173,65.82977148382105],[22.349331608818854,65.82923759906271],[22.351119249138605,65.82933178653136],[22.351451185670513,65.82895491841742],[22.35231944494453,65.8289130222257],[22.35165558912931,65.82966676134137],[22.350889497725777,65.83006457602198],[22.34997010503395,65.82992850314223],[22.34968922518675,65.83048332982064],[22.348769823322545,65.83034724980222],[22.348923079101983,65.83088113515795],[22.348054746803527,65.8309230127355],[22.345807189980846,65.83229435736803]],[[22.35223828542263,65.71055770543289],[22.35228910942566,65.71073566865974],[22.351424815771008,65.71077752647184],[22.35223828542263,65.71055770543289]],[[22.35193111559333,65.74016226811173],[22.35203290025151,65.74051819339776],[22.351600255739413,65.74053912701197],[22.351065837512564,65.74020413342673],[22.35193111559333,65.74016226811173]],[[22.347647132091723,65.86323884571263],[22.348516556800433,65.86319696002806],[22.348567717962336,65.86337492117148],[22.347647132091723,65.86323884571263]],[[22.347314723912188,65.86361571001586],[22.347698287333927,65.8634168072034],[22.347800600157125,65.86377273011092],[22.347314723912188,65.86361571001586]],[[22.346650100743943,65.83062989461942],[22.346599031019483,65.8304519319424],[22.347033191034864,65.83043099796821],[22.346650100743943,65.83062989461942]],[[22.34560268014317,65.83464973869424],[22.34565375298696,65.83482770167215],[22.345219517455654,65.83484863244578],[22.34560268014317,65.83464973869424]],[[22.345018112150203,65.71289187527229],[22.345068892028095,65.71306984133713],[22.344636699590463,65.71309075078965],[22.345018112150203,65.71289187527229]],[[22.34446080101823,65.7078670029486],[22.3434443174967,65.70737491510566],[22.344308513087384,65.70733310358362],[22.34446080101823,65.7078670029486]],[[22.34227268109895,65.71248341120065],[22.34130680352255,65.71216927775134],[22.343950643909338,65.71222182672683],[22.34227268109895,65.71248341120065]],[[22.3443320493969,65.71202295299739],[22.344382822505775,65.71220091935739],[22.343950643909338,65.71222182672683],[22.3443320493969,65.71202295299739]],[[22.339196628584745,65.71245172725642],[22.340976122697956,65.71254611186262],[22.341712846292868,65.71359301760697],[22.34056848310266,65.7141896176465],[22.3387381374369,65.71391726080759],[22.338433718870803,65.712849448966],[22.339196628584745,65.71245172725642]],[[22.34119184498733,65.73941856103811],[22.341141029506836,65.7392405940393],[22.34157366247178,65.73921969025355],[22.34119184498733,65.73941856103811]],[[22.341236343902793,65.70116695870985],[22.341287070113907,65.70134492656405],[22.340855069680654,65.7013658234118],[22.341236343902793,65.70116695870985]],[[22.340905793740664,65.70154379141393],[22.340956518568955,65.70172175939157],[22.34052451152851,65.70174265536453],[22.340905793740664,65.70154379141393]],[[22.340372348106783,65.70120875084092],[22.340423068479133,65.70138671903996],[22.339991066509384,65.7014076134485],[22.340372348106783,65.70120875084092]],[[22.338313897313647,65.79386455934272],[22.338364822760216,65.79404252619267],[22.337931267056955,65.79406342973991],[22.338313897313647,65.79386455934272]],[[22.337875690043436,65.71089179163461],[22.337926416093577,65.71106976060527],[22.3374942501076,65.71109064951223],[22.337875690043436,65.71089179163461]],[[22.337044149366438,65.73871679867723],[22.33709493540516,65.73889476732761],[22.336662303521344,65.73891565837793],[22.337044149366438,65.73871679867723]],[[22.335644707996963,65.73842352923563],[22.3360773326348,65.73840264114646],[22.336128111275414,65.73858061019097],[22.335644707996963,65.73842352923563]],[[22.336128111275414,65.73858061019097],[22.336611520411456,65.73873768955497],[22.336178890686217,65.73875857921098],[22.336128111275414,65.73858061019097]],[[22.334954528426927,65.78211869300439],[22.33582124339511,65.78207690540414],[22.33640725168552,65.78258991354507],[22.335540520624736,65.78263170463079],[22.334954528426927,65.78211869300439]],[[22.334655843332026,65.73341949796198],[22.33508838521152,65.73339861348161],[22.335139145220836,65.73357658303898],[22.334655843332026,65.73341949796198]],[[22.335571689258135,65.7335556971647],[22.336054999159867,65.73371277925683],[22.33615653473803,65.73406871755921],[22.33524066754881,65.73393252208037],[22.335571689258135,65.7335556971647]],[[22.334885352871705,65.7326867350073],[22.33493610980208,65.73286470466259],[22.33450357670503,65.7328855886255],[22.334885352871705,65.7326867350073]],[[22.334554331477673,65.73306355842881],[22.33460508702,65.73324152820763],[22.334172547298323,65.73326241129402],[22.334554331477673,65.73306355842881]],[[22.334351317005016,65.7323516790688],[22.334402069468712,65.73252964894552],[22.33396954145677,65.73255053134206],[22.334351317005016,65.7323516790688]],[[22.333017646394353,65.78149037662892],[22.33306850594066,65.78166834588693],[22.332635153025127,65.78168923243534],[22.333017646394353,65.78149037662892]],[[22.329151769320372,65.71564326748171],[22.32920244659024,65.715821239829],[22.32877019279093,65.71584210480377],[22.329151769320372,65.71564326748171]],[[22.32642994941718,65.716857136419],[22.32612599706278,65.71578929546902],[22.327524093129725,65.71608266541676],[22.3277774363699,65.71697253010913],[22.32642994941718,65.716857136419]],[[22.32641687228939,65.72912619025324],[22.326366182808847,65.72894821710533],[22.326798657963348,65.72892735682095],[22.32641687228939,65.72912619025324]],[[22.32529850337034,65.72827803979635],[22.325730968355543,65.72825718264347],[22.325781651835364,65.72843515606135],[22.32529850337034,65.72827803979635]],[[22.325781651835364,65.72843515606135],[22.326264806153482,65.7285922707362],[22.32583233608366,65.72861312945479],[22.325781651835364,65.72843515606135]],[[22.32519714456902,65.72792209254291],[22.325247823585478,65.72810006618184],[22.324815360758357,65.72812092194125],[22.32519714456902,65.72792209254291]],[[22.32450785611608,65.73012034389666],[22.324457177427114,65.7299423700096],[22.324889671058273,65.7299215149705],[22.32450785611608,65.73012034389666]],[[22.324305145970808,65.72940844820198],[22.324355822354498,65.72958642216227],[22.323923333808743,65.72960727563563],[22.324305145970808,65.72940844820198]],[[22.324153121430047,65.72887452617462],[22.324203795508602,65.72905250020817],[22.323771315743304,65.72907335316489],[22.324153121430047,65.72887452617462]],[[22.321558248875,65.7289996245625],[22.321659562678942,65.72935557467133],[22.32122707537751,65.7293764204724],[22.321558248875,65.7289996245625]],[[22.32069328521151,65.72904131425476],[22.319142636056146,65.72821395963135],[22.320490690234383,65.72832941236724],[22.32069328521151,65.72904131425476]],[[22.31637730699143,65.72311514043831],[22.316809694323883,65.72309430938],[22.316860304258377,65.72327228648014],[22.31637730699143,65.72311514043831]],[[22.316860304258377,65.72327228648014],[22.317343307376312,65.72342943093255],[22.316910914960093,65.7234502635559],[22.316860304258377,65.72327228648014]],[[22.314732058317617,65.76974150707932],[22.314782763962175,65.76991948391422],[22.314349590512116,65.76994031677233],[22.314732058317617,65.76974150707932]],[[22.29398276553974,65.77398537642965],[22.294849286936362,65.77394382357815],[22.29489986540246,65.77412180823335],[22.29398276553974,65.77398537642965]],[[22.29489986540246,65.77412180823335],[22.295383710060356,65.77427901425878],[22.29495044463684,65.77429979286427],[22.29489986540246,65.77412180823335]]],[[[22.358999707878493,65.68982654271875],[22.359022391139238,65.68984078718242],[22.360350073567005,65.68976107210516],[22.358999707878493,65.68982654271875]]],[[[22.251747494452857,65.69499111125945],[22.25110080195481,65.69521714159264],[22.2513512739713,65.69610716060741],[22.25048727339841,65.69614844214306],[22.250687641304708,65.69686045828558],[22.247980191618712,65.69779175146795],[22.24831119702548,65.69896816259362],[22.24999267111627,65.69905842573932],[22.24902839501719,65.69874369137429],[22.25157055211827,65.69844185083106],[22.25103831435321,65.69810648561155],[22.251802171404805,65.69770919332268],[22.25276644097527,65.69802391016623],[22.252616112922436,65.69748990064305],[22.2531984707333,65.6980032632549],[22.25530848050138,65.69772200827093],[22.25615335166502,65.69605802679797],[22.26301498450726,65.69554938230752],[22.267083724528522,65.69445258461691],[22.267234329584525,65.6949865771732],[22.26858043488087,65.69510250830581],[22.26748535321786,65.6958765642855],[22.267836818242056,65.69712254523151],[22.269665263441343,65.69739577313695],[22.26960486145036,65.70028510457664],[22.270901013051663,65.7002230160654],[22.27161437546907,65.69964763082186],[22.27286023717794,65.69940753041163],[22.273141509940206,65.69885284134259],[22.275201089752706,65.69839331703236],[22.276979420179995,65.69848846129415],[22.277180538144744,65.69920043524677],[22.273744594089987,65.70098878020924],[22.272830218349323,65.70085219500365],[22.272498665570822,65.70122888850418],[22.272920971734038,65.70427550923867],[22.271914425759405,65.70502644535115],[22.273284972646017,65.70987933274924],[22.274962005124845,65.70995062677206],[22.275243334528625,65.70939593330421],[22.276921818757355,65.70913508317592],[22.276720614985955,65.70842310974587],[22.275122339483445,65.70741728768887],[22.27641883219327,65.70735514887674],[22.2779965622922,65.70673830133369],[22.277745050571426,65.70584833633662],[22.27464942589489,65.70419268199824],[22.28098006652558,65.70334793057711],[22.280447348035327,65.70301267294734],[22.28222601335199,65.70310775263412],[22.283421604101466,65.70268957384425],[22.283320941489887,65.70233359203479],[22.284235422014998,65.70247011315988],[22.284566817057858,65.70209339560279],[22.285430950398556,65.70205191917546],[22.28675638377283,65.7005450356041],[22.287620461228034,65.70050354727576],[22.288333454112127,65.69992808719415],[22.289629533712468,65.699865839774],[22.28991044902106,65.69931112315739],[22.290774479225583,65.69926961736581],[22.29110573967751,65.69889288685546],[22.293596986863164,65.69841236111584],[22.29349620442207,65.69805638719264],[22.29436018585023,65.69801486150061],[22.295504940533938,65.6974186053181],[22.2967287437619,65.6955556703412],[22.299601073342487,65.69487629404561],[22.29939937964114,65.69416435532433],[22.298103613572934,65.69422668297463],[22.29353243349926,65.69354442745838],[22.292263307778153,65.693047381585],[22.251747494452857,65.69499111125945]],[[22.279098255787627,65.69513956085606],[22.279530212124392,65.69511883985258],[22.279580500124528,65.69529683244383],[22.279098255787627,65.69513956085606]],[[22.279580500124528,65.69529683244383],[22.280062750300498,65.6954541024459],[22.27963078888628,65.69547482501095],[22.279580500124528,65.69529683244383]],[[22.2520337787082,65.6969765355732],[22.252465791700494,65.69695589090398],[22.252515898015517,65.69713389417433],[22.2520337787082,65.6969765355732]],[[22.25121984799987,65.6971958250332],[22.252083882102532,65.6971545390139],[22.252133986255785,65.69733254243063],[22.25121984799987,65.6971958250332]],[[22.250837925201242,65.69739447014067],[22.251269946311606,65.6973738287906],[22.251320045382187,65.69755183252396],[22.250837925201242,65.69739447014067]],[[22.250124153904526,65.69796976184193],[22.250023971012197,65.69761375342523],[22.250888021350992,65.69757247404435],[22.250124153904526,65.69796976184193]],[[22.249692121755146,65.69799040004303],[22.24974221141844,65.6981684043857],[22.24931017558931,65.69818904153705],[22.249692121755146,65.69799040004303]],[[22.249360263090285,65.69836704602604],[22.248928223581384,65.69838768212767],[22.248878139001498,65.69820967746841],[22.249360263090285,65.69836704602604]]],[[[22.359092590616605,65.84175730409956],[22.357687224123318,65.84146429441824],[22.35789191953173,65.84217612616993],[22.358862976556033,65.84249010423915],[22.359680489686795,65.84227020451402],[22.359092590616605,65.84175730409956]]],[[[22.356252641814418,65.83034701878987],[22.35663565223552,65.83014809881546],[22.3562015063805,65.83016905995486],[22.356252641814418,65.83034701878987]]],[[[22.34051985316458,65.83381211797531],[22.341005114453246,65.83396916554602],[22.340954075799193,65.83379120068693],[22.34051985316458,65.83381211797531]]],[[[22.313195745370667,65.81058926778903],[22.311229556994498,65.81140533928632],[22.311866567070375,65.81209641678845],[22.312531175166843,65.81134284355622],[22.314317455920065,65.81143747479935],[22.314548117113148,65.81070473171157],[22.313195745370667,65.81058926778903]]],[[[22.251952484209227,65.69824320379594],[22.25253484680452,65.69875656890049],[22.253398930447638,65.69871527493495],[22.2531984707333,65.6980032632549],[22.251952484209227,65.69824320379594]]],[[[22.25190237918214,65.69806520032883],[22.251520449253235,65.69826384721762],[22.251952484209227,65.69824320379594],[22.25190237918214,65.69806520032883]]],[[[22.618027112687063,65.80755103741679],[22.618566401800962,65.80788504295734],[22.618460616967432,65.8075293383458],[22.618027112687063,65.80755103741679]]],[[[22.617487837737965,65.80721702982984],[22.617593607602917,65.80757273526392],[22.618027112687063,65.80755103741679],[22.617487837737965,65.80721702982984]]],[[[22.592736157098784,65.80682936975087],[22.592788869845446,65.80700723275089],[22.593222390481426,65.80698560523494],[22.592736157098784,65.80682936975087]]],[[[22.56031131718178,65.77595640199473],[22.561177379651657,65.77591333999622],[22.56112496113419,65.77573546321229],[22.56031131718178,65.77595640199473]]],[[[22.523733960832008,65.81603079550302],[22.52378621972521,65.8162086867175],[22.524653708552954,65.81616581823562],[22.523733960832008,65.81603079550302]]],[[[22.510809281173284,65.81847359083005],[22.510861456755006,65.81865148728383],[22.511295255619473,65.81863008986005],[22.510809281173284,65.81847359083005]]],[[[22.446556156257763,65.67762898331132],[22.447039054333313,65.67778571693871],[22.446987657799934,65.67760779116193],[22.446556156257763,65.67762898331132]]],[[[22.45978265539261,65.8532833385663],[22.459730748768667,65.85310542207927],[22.459296317020144,65.85312667908067],[22.45978265539261,65.8532833385663]]],[[[22.457792831525467,65.86005755989513],[22.457046854271827,65.85901130827837],[22.455256822911622,65.85891838418745],[22.45449152176347,65.85931671052697],[22.453375884769894,65.86153670428945],[22.451254842421672,65.86182081362068],[22.451358581401394,65.86217665305222],[22.449827643307366,65.86297326609848],[22.44975606490145,65.86423993932017],[22.45062532223067,65.86419747452547],[22.45116369740956,65.86453207976565],[22.452694683526634,65.86373545287313],[22.45259091849286,65.86337961459995],[22.457792831525467,65.86005755989513]]],[[[22.44963993292086,65.86081699109046],[22.449743644679508,65.86117283188076],[22.450178221891342,65.8611516006335],[22.44963993292086,65.86081699109046]]],[[[22.412103521271025,65.81952015048562],[22.411669609026706,65.81954126706614],[22.411721102346583,65.81971920382036],[22.412103521271025,65.81952015048562]]],[[[22.372023358768995,65.86982116579314],[22.372074698575997,65.86999911734904],[22.372509501740826,65.86997810479154],[22.372023358768995,65.86982116579314]]],[[[22.366083555888146,65.69003937302375],[22.365651768072556,65.69006033823135],[22.365702635790893,65.69023829655782],[22.366083555888146,65.69003937302375]]],[[[22.36031803383443,65.83989384347262],[22.36042040886607,65.84024975736024],[22.36128903170391,65.8402078066878],[22.361186644857785,65.83985189349536],[22.36031803383443,65.83989384347262]]],[[[22.36162094920035,65.83983091666569],[22.361135452603882,65.83967393686211],[22.361186644857785,65.83985189349536],[22.36162094920035,65.83983091666569]]],[[[22.361264275608423,65.84165243580965],[22.360829940168998,65.84167341192261],[22.360881135089492,65.84185136863177],[22.361264275608423,65.84165243580965]]],[[[22.35801541951818,65.83188575488631],[22.359317936284388,65.83182285153545],[22.359266776135556,65.83164489396455],[22.35801541951818,65.83188575488631]]],[[[22.358091529182545,65.83061908238334],[22.357657376808827,65.83064004772429],[22.357708523431807,65.83081800596432],[22.358091529182545,65.83061908238334]]],[[[22.35753009736312,65.83172876195042],[22.357964268224116,65.83170779679435],[22.357913117708602,65.83152983867768],[22.35753009736312,65.83172876195042]]],[[[22.357606230964308,65.83046208945954],[22.35717208076346,65.83048305339994],[22.357223223656664,65.83066101183836],[22.357606230964308,65.83046208945954]]],[[[22.355256966548065,65.83147765098484],[22.35747894979919,65.8315508036601],[22.356406052785978,65.83088089514685],[22.35510357513508,65.83094377328729],[22.355256966548065,65.83147765098484]]],[[[22.357120938648656,65.8303050949369],[22.356686790620703,65.8303260574768],[22.356737929784217,65.83050401611351],[22.357120938648656,65.8303050949369]]],[[[22.35083698998832,65.73786968237744],[22.350404388632736,65.73789061217646],[22.35045526468559,65.73806857549694],[22.35083698998832,65.73786968237744]]],[[[22.350737339104413,65.83873237527165],[22.349868745420338,65.83877426566295],[22.34991985760431,65.83895222683542],[22.350737339104413,65.83873237527165]]],[[[22.34900014862353,65.83881615114467],[22.349051254900225,65.83899411266422],[22.349485556641348,65.83897317036352],[22.34900014862353,65.83881615114467]]],[[[22.34828458566351,65.83019022667612],[22.348718739617787,65.83016928796768],[22.34866765669053,65.82999132610857],[22.34828458566351,65.83019022667612]]],[[[22.348465709527314,65.86608622660614],[22.348030948640282,65.8661071703839],[22.348082113397393,65.86628513165384],[22.348465709527314,65.86608622660614]]],[[[22.34800366666941,65.83074505062798],[22.347569502305596,65.83076598740291],[22.34762057948805,65.83094394968384],[22.34800366666941,65.83074505062798]]],[[[22.34843783025578,65.83072411262611],[22.34838674794754,65.83054615066744],[22.34800366666941,65.83074505062798],[22.34843783025578,65.83072411262611]]],[[[22.347186411395143,65.83096488540522],[22.34723748640334,65.83114284783503],[22.34767165744796,65.83112191194022],[22.347186411395143,65.83096488540522]]],[[[22.343171678151528,65.86760414281227],[22.34306941112117,65.86724821637631],[22.342634625295677,65.86726914504487],[22.343171678151528,65.86760414281227]]],[[[22.34422034257285,65.86665153471985],[22.345908282462926,65.86638983297605],[22.34593387195876,65.86801242925152],[22.34746838923861,65.86721682358649],[22.347263742978402,65.8665049774624],[22.3463430502092,65.86636889516963],[22.344629614195856,65.86500800432817],[22.342327860673958,65.86620136410454],[22.342430112430815,65.86655729118314],[22.343350792584193,65.86669339716077],[22.342532367304674,65.86691321816323],[22.34306941112117,65.86724821637631],[22.34422034257285,65.86665153471985]]],[[[22.34506427927175,65.86805430184461],[22.345166577786074,65.86841022664542],[22.345601380441757,65.86838929061615],[22.34593387195876,65.86801242925152],[22.34506427927175,65.86805430184461]]],[[[22.344731774350727,65.86843116144556],[22.3447829218161,65.86860912398262],[22.345217728212706,65.86858818900885],[22.344731774350727,65.86843116144556]]],[[[22.344459059480776,65.79843958631919],[22.3448926824106,65.79841866357235],[22.344841701509434,65.79824069943776],[22.344459059480776,65.79843958631919]]],[[[22.34292843249346,65.79923512481064],[22.343362070297797,65.79921420627183],[22.343311098071442,65.79903624154298],[22.34292843249346,65.79923512481064]]],[[[22.342302093877038,65.86764599961455],[22.342353222639076,65.86782396314275],[22.342788018127123,65.86780303518259],[22.342302093877038,65.86764599961455]]],[[[22.34238013153749,65.70057035920868],[22.342329399641933,65.70039239177382],[22.341897416109962,65.70041329141816],[22.34238013153749,65.70057035920868]]],[[[22.339406922475288,65.70089460093261],[22.337577538539968,65.70062222078617],[22.338161640166717,65.70113524074026],[22.339076348651304,65.70127142989057],[22.339406922475288,65.70089460093261]]],[[[22.334574193762794,65.740820676258],[22.334624967770424,65.7409986458469],[22.335057636496487,65.7409777602295],[22.334574193762794,65.740820676258]]],[[[22.329216603212284,65.78510150724097],[22.32893570802374,65.78565629595347],[22.32980255356921,65.7856145413132],[22.33051684158766,65.78503887132489],[22.329216603212284,65.78510150724097]]],[[[22.330950252834196,65.78501799023732],[22.33046599165415,65.78486090112585],[22.33051684158766,65.78503887132489],[22.330950252834196,65.78501799023732]]],[[[22.329165762100537,65.78492353652379],[22.32873235070426,65.7849444125409],[22.328783188875388,65.78512238343077],[22.329165762100537,65.78492353652379]]],[[[22.31263275370253,65.81169879700815],[22.3130666307771,65.81167796230099],[22.313015838175247,65.81149998575972],[22.31263275370253,65.81169879700815]]],[[[22.310846459816172,65.81160414617233],[22.31089723767916,65.81178212357598],[22.311331117843686,65.81176129377315],[22.310846459816172,65.81160414617233]]]]}},{"type":"Feature","properties":{"cyano_daymap_file_id":4299,"date":"2020-06-12Z","cloud":null,"sub_surfac":null,"surface":null,"no_data":null,"class":1,"color_hex":null,"algae_class":"class_1","source_date":"2020-06-12"},"geometry":{"type":"MultiPolygon","coordinates":[[[[22.166930700000005,65.56374025],[22.129898982169937,65.56549064506629],[22.129487242982556,65.56570498693308],[22.130945613676005,65.56942384783127],[22.12798447027988,65.56974384049163],[22.126841265129023,65.57033881981664],[22.125261067455966,65.57058383618532],[22.126385659999993,65.57467518999997],[22.11645228498547,65.57533714893519],[22.115650805726737,65.57717846449967],[22.11479049508975,65.57721894005125],[22.114458109012457,65.57759529635156],[22.114555882309144,65.57795141660444],[22.115465111123168,65.57808900190834],[22.11460477006356,65.57812947669612],[22.113079591167278,65.5789226545003],[22.1129426778566,65.58001125038213],[22.111319596688386,65.58044829040733],[22.11161283544086,65.58151665778861],[22.106516279515606,65.581654936941],[22.10732131,65.58459028],[22.126277778548697,65.58369825629698],[22.12606544267386,65.58336151155783],[22.12692593508157,65.5833209702576],[22.127922724550217,65.58219182074333],[22.12992683942472,65.5815562709918],[22.12948586357208,65.57995378361433],[22.13114674381144,65.57807184015724],[22.13453893464085,65.57773148514956],[22.13549728516747,65.57804700165109],[22.139749691797682,65.57766593780087],[22.140708101300937,65.57798142078167],[22.142907894675574,65.578057904606],[22.14425908950556,65.57979775595376],[22.150625374701033,65.58075947466178],[22.151485734933495,65.58071879519431],[22.152051194018224,65.57960983841691],[22.15291151358687,65.57956915124527],[22.158798677154333,65.5803728236667],[22.15965900920349,65.58033209806935],[22.160322516561788,65.57957919879503],[22.160900292273208,65.5800929585663],[22.162670147996824,65.58018952024082],[22.162817815495846,65.58072364409837],[22.165779735187375,65.58040296318147],[22.16611140492961,65.58002650131849],[22.168593794115132,65.5795481081489],[22.16970042074298,65.58039752052214],[22.169404814598003,65.57932928868658],[22.171837793221293,65.57867280505279],[22.170668584558825,65.57602263089069],[22.17195883239183,65.57596144199405],[22.171761737403237,65.57524929064468],[22.17070453610796,65.574577930048],[22.169893673031567,65.5747967549593],[22.169795157594105,65.57444067766156],[22.17060601058579,65.57422185337401],[22.17045822787379,65.57368773818708],[22.171219787480794,65.5732908724978],[22.170261194656828,65.57297558427608],[22.172581607034296,65.5703402794444],[22.17243381038759,65.56980616630054],[22.173674472654806,65.56956692812916],[22.17397012022262,65.57063515132783],[22.17425227572753,65.57008063676795],[22.175972198825193,65.56999901237083],[22.17582433501468,65.56946490318197],[22.1778125488095,65.5672060064211],[22.17905303630955,65.56696672588386],[22.179715657619543,65.56621375018692],[22.181005394164654,65.5661524891869],[22.180046954277138,65.56583726138487],[22.18156930556472,65.56504343715677],[22.183239541408394,65.56478369954033],[22.183521441707217,65.56422917015969],[22.184381194145082,65.56418830980527],[22.18509292991981,65.56361334588387],[22.18595265907093,65.56357247683442],[22.187094196882136,65.56297706775626],[22.186995500376295,65.56262100336654],[22.1878551931961,65.56258012386907],[22.188566809190185,65.56200514477544],[22.189475841708425,65.56214228785358],[22.190286145282144,65.56192336354239],[22.190187409989647,65.56156730160535],[22.191476886912515,65.56150595395579],[22.192998636515718,65.5607120206618],[22.193858255013026,65.56067110780933],[22.193759476653373,65.56031504861494],[22.192850487423986,65.56017793082619],[22.193132137320102,65.55962338596711],[22.194999484756703,65.56007564212246],[22.1951822950711,65.55916503559014],[22.1963728320948,65.55874758948435],[22.195597276879067,65.55752185114116],[22.19868938690528,65.55611192197992],[22.199548842957395,65.55607097840092],[22.200640319706842,65.55529744597405],[22.20149974521454,65.55525649161825],[22.202210864610578,65.55468145321],[22.203070266837894,65.55464049016608],[22.203781335014675,65.55406544487678],[22.206310003395007,65.55376449030047],[22.20898704157389,65.55399756556194],[22.209994862956087,65.55449063465655],[22.213002684006884,65.55434708887964],[22.221298887027462,65.55286851741127],[22.225958776511035,65.55084185134761],[22.228866858494136,65.55034196153679],[22.2304364256037,65.54972568556177],[22.233823511637347,65.54938315786247],[22.234153817701667,65.54900656043108],[22.238019989619662,65.54882138360286],[22.238218652663704,65.54953343332063],[22.239077816827976,65.54949226823368],[22.2393087001284,65.54875963618377],[22.244033914373222,65.54853313568577],[22.244843324463655,65.54831392824335],[22.244743906627466,65.54795790860601],[22.252425937548292,65.54740891392407],[22.259578490578072,65.54652416702845],[22.26091684103183,65.54664024129443],[22.256291715863604,65.54722327431512],[22.256590441077815,65.54829130565187],[22.257928871074554,65.54840740555628],[22.257698516425783,65.54914006080766],[22.268717145402018,65.54806910495361],[22.268038279069142,65.54719976878027],[22.26884743866219,65.54698043545879],[22.270435257815606,65.54798642585702],[22.27151337137521,65.55027974459679],[22.282531853819336,65.54920778467171],[22.28223205372798,65.5481398151575],[22.28122314396976,65.5476472377995],[22.280364121088642,65.5476886406779],[22.27892575855553,65.54721674704244],[22.277637237770932,65.54727882984363],[22.276548405951104,65.54805289093157],[22.275689360757056,65.5480942675006],[22.275589522920257,65.54773827227471],[22.277537377117092,65.54692283612492],[22.27882588060322,65.54686075434348],[22.281153099062863,65.54584658100842],[22.28287101747116,65.54576376267273],[22.28358006837833,65.5451883627694],[22.285627437778988,65.54472881563969],[22.29078088458422,65.5444801528337],[22.290880914675068,65.54483613614775],[22.295984272190456,65.54440930526003],[22.3023470517581,65.54536468240642],[22.302067879056356,65.54591940539723],[22.303456470464596,65.5462130892366],[22.30360678823811,65.54674704891885],[22.305704029665037,65.54646521907847],[22.303807222500325,65.54745899482367],[22.305067143701457,65.54884134735111],[22.304208127248806,65.54888288547386],[22.304329909081464,65.55086150171412],[22.303091394595107,65.55110178844761],[22.302991168829735,65.5507458151453],[22.303850248982222,65.55070428330147],[22.30322025527683,65.55001310361679],[22.29940455424482,65.55037792984],[22.29952598434771,65.55235655338737],[22.30068572568834,65.55338296624048],[22.299826551207598,65.5534244810536],[22.298738142215694,65.55419869752748],[22.298208365108003,65.55386347320113],[22.296010299855716,65.55378922713645],[22.29396241782282,65.55424891971995],[22.29363292322461,65.55462563952247],[22.29234407863653,65.55468785069145],[22.292444177332786,65.5550438322808],[22.291205350476403,65.55528402483652],[22.290546246910093,65.55603745284246],[22.287409214908497,65.55727121379842],[22.287179629277862,65.55800390625846],[22.285031241896526,65.55810749695712],[22.282603123395077,65.55876574969146],[22.28227340928816,65.55914244691313],[22.27979514854757,65.55962266138673],[22.27908563744802,65.56019804803005],[22.277796475508804,65.56026013847244],[22.27751663460849,65.56081482266215],[22.27943545172889,65.56144401913139],[22.28115440459148,65.56136121014401],[22.281484161356953,65.56098451494489],[22.283203076063252,65.56090168307725],[22.2916765530348,65.55850859814215],[22.29678256673781,65.55808171430115],[22.298680399102494,65.55708801654511],[22.29953969651075,65.55704650702802],[22.30019856113402,65.5562930422323],[22.304115376931644,65.55628415986507],[22.304444737986817,65.55590741857111],[22.30654270280334,65.55562557000513],[22.30755240067744,65.55611797079645],[22.306743299607955,65.55633751039437],[22.306843602543225,65.55669348044398],[22.305984330809643,65.55673503115835],[22.305805421097944,65.55764573195883],[22.30451646229285,65.55770804786756],[22.30461674118649,65.55806401962654],[22.303807554809044,65.55828354437405],[22.304008101601326,65.55899548887034],[22.305877251307418,65.55944635955521],[22.30739532271167,65.55865131398765],[22.31078245004958,65.55830706425971],[22.311362668220884,65.55882022524173],[22.31303112624515,65.55855907429495],[22.313561190645444,65.5588942439102],[22.31275205710323,65.55911381593373],[22.31290265504835,65.55964776359075],[22.311942909751682,65.55933338376941],[22.310224208856837,65.5594165397464],[22.308555666327617,65.55967766059506],[22.308656009520277,65.56003362904279],[22.306507557992273,65.56013752507367],[22.305748477909507,65.56053504574399],[22.30589894230526,65.56106900167394],[22.30460981450043,65.5611313200392],[22.304710110561153,65.5614872915623],[22.307768274624912,65.5615198472176],[22.308047473531687,65.56096511349392],[22.30933658319672,65.56090276604331],[22.310446919257014,65.56175111254647],[22.31332644459185,65.56269425934524],[22.31901333919273,65.56277977061329],[22.319342559362024,65.56240299831909],[22.320252249192993,65.56253934973856],[22.320051225833456,65.56182743148099],[22.322250020566727,65.56190132131302],[22.322807793221628,65.56079180613781],[22.325385903297985,65.56066685004232],[22.326473767356426,65.55989244745373],[22.327762770726554,65.55982994419554],[22.328900837741426,65.55923350172161],[22.329760147675987,65.55919182058152],[22.33041817965641,65.55843823257999],[22.331707099709835,65.55837569656765],[22.33231472724935,65.55744412605038],[22.333553256546754,65.55720360011759],[22.334919309264308,65.55587436558913],[22.335828844988338,65.55601062496137],[22.338003504829995,65.55446167247659],[22.340808950854814,65.55360370668924],[22.34179530236491,65.55247325847283],[22.342654364635756,65.55243150660695],[22.34255359268273,65.55207556495928],[22.343362249784114,65.55185583841713],[22.343261470854145,65.55149989730911],[22.344170893078584,65.5516361076919],[22.344499613802856,65.55125928565569],[22.345358630858158,65.5512175188916],[22.34725408585026,65.55022323604456],[22.34715326142029,65.54986729797672],[22.34801222749781,65.54982551665938],[22.349907480751682,65.54883120258243],[22.349806626606693,65.54847526657511],[22.35109499812203,65.54841257095599],[22.35099412972564,65.54805663588073],[22.352611036319207,65.54761709234273],[22.352889141847843,65.54706228685653],[22.354556408842186,65.54680069018339],[22.35440504782481,65.54626679158267],[22.356552125844498,65.54616222962197],[22.356779665976653,65.54542945257585],[22.357739413899104,65.54574354814171],[22.35837860885848,65.54551811423156],[22.357778349999997,65.5455474],[22.35431751224892,65.53333560208479],[22.353778886268376,65.53330685052082],[22.35398056443044,65.5340187175006],[22.35264249980175,65.5339034633305],[22.352515750017517,65.53499216909152],[22.354232679207502,65.53490855067592],[22.354333530430818,65.53526448377512],[22.351808507034985,65.53556787373928],[22.351228045157743,65.53505487019676],[22.350369571457918,65.53509666488286],[22.35004112712861,65.53547349694125],[22.347945280603973,65.5357559272289],[22.34761679309824,65.53613275445223],[22.34852569492984,65.53626894383531],[22.34862647466251,65.53662488144525],[22.34991426453592,65.53656220163727],[22.34925731879451,65.53731586362731],[22.348297986863486,65.53700171014945],[22.34620199790706,65.53728411770268],[22.345923841569274,65.5378389114176],[22.34501489714522,65.53770270682865],[22.345166006077353,65.53823661732442],[22.344408147552098,65.5386343196637],[22.341731627532546,65.53840363405509],[22.341832324543415,65.53875957700602],[22.340544402806366,65.53882218933657],[22.34026611069212,65.53937697399243],[22.338978153945803,65.53943957333955],[22.33912915149631,65.53997349096213],[22.33822016508362,65.53983724597647],[22.337512476454197,65.54041288819727],[22.336452534477598,65.53974271294369],[22.335164548637724,65.53980528012134],[22.335265162593057,65.54016122826133],[22.3336484084434,65.54060058499942],[22.332990892268338,65.54135418198597],[22.33132374073405,65.54161553996526],[22.33099494133527,65.54199233417297],[22.332863300894353,65.54244287954808],[22.332963895731545,65.54279882940398],[22.331826620931775,65.5433952946228],[22.333114793667118,65.54333275400556],[22.333695096458285,65.54384582858087],[22.327331616667205,65.54289177623252],[22.326271828184566,65.54222152816756],[22.32397422137187,65.54179172337874],[22.325591217671466,65.54135246760433],[22.32912664560779,65.54154176510136],[22.32892557536062,65.54082985903861],[22.329633467077098,65.54025425496951],[22.32895280039623,65.53938521007456],[22.33046901813344,65.53858995147081],[22.33132764518397,65.53854826817812],[22.33122709244589,65.53819231681334],[22.33488962482142,65.53729278829933],[22.334789029338598,65.53693683972355],[22.33865254495632,65.53674911927187],[22.33802199446497,65.5360580899769],[22.339638394303158,65.53561869002012],[22.33953774184373,65.53526274516477],[22.340396241933178,65.53522101167408],[22.340624160470583,65.53448825516612],[22.342240418806288,65.53404882881313],[22.342897492482198,65.53329519601574],[22.344185134674944,65.5332325664297],[22.344285841060795,65.53358850766014],[22.345952344648094,65.53332701331549],[22.34585161675436,65.53297107340744],[22.34698812234163,65.53237451042177],[22.348326085822578,65.53248981560151],[22.34913409341859,65.53227006465333],[22.34903332706221,65.5319141272446],[22.351457237159924,65.53125485124136],[22.35158402209472,65.53016614600779],[22.352593539184074,65.53065824816879],[22.353573576852177,65.5307105761863],[22.352734769999998,65.52775079],[22.309819529999995,65.52983491],[22.31232598,65.5387341],[22.23289494318377,65.54255722316121],[22.23132692027829,65.54354980315514],[22.228898732583563,65.54420719528574],[22.22876677288988,65.54529584648435],[22.22790772731414,65.54533695189967],[22.227247010658544,65.5460901198192],[22.2246202110375,65.54603537868608],[22.22257161639102,65.54649411238432],[22.22029154752032,65.54768542749223],[22.218622793259048,65.54794555928011],[22.21644145226774,65.54949285986686],[22.2155327326495,65.54935587559252],[22.214822050270246,65.54993097232921],[22.213103597797843,65.5500130235196],[22.21191372865938,65.55043059468281],[22.210195232226088,65.55051261328838],[22.20966665706529,65.55017706773064],[22.207419627532346,65.54992350701826],[22.207750325545156,65.54954696341407],[22.204876001394776,65.54860175977271],[22.204777127795726,65.54824570865901],[22.202382052663594,65.54745799380753],[22.20152288578611,65.54749895066347],[22.199458757165495,65.54633465641253],[22.196634460903287,65.54556731784263],[22.195563137212396,65.54327340120982],[22.19680232452053,65.54303398788161],[22.197513230191067,65.54245897355442],[22.195336269464093,65.53931583617013],[22.192942308854136,65.53852796109811],[22.18759173197047,65.53806116197833],[22.183297274925845,65.53826546447195],[22.183015619893073,65.53881999118266],[22.18139628920658,65.53925774540171],[22.1815440604834,65.53979185018574],[22.17799613562409,65.5379763586918],[22.178228659865066,65.53724380411741],[22.179467730636148,65.53700453382564],[22.180178866688028,65.53642959866838],[22.181847296961514,65.53616989381105],[22.182375224181893,65.53650554278488],[22.184043635997842,65.53624581389296],[22.18543043221825,65.53654059743951],[22.184656110022498,65.53531479090378],[22.183797309384815,65.53535564361168],[22.183895837804645,65.5357117117947],[22.18212895151684,65.53561536926689],[22.18193194673378,65.5349032300296],[22.18054527661245,65.53460841319782],[22.180728465025137,65.53369782027981],[22.181587216912078,65.53365698545998],[22.18148872935039,65.53330091537154],[22.182776834326514,65.5332396550643],[22.183389289287557,65.53230863736374],[22.186493279671524,65.53252170947177],[22.18758420176392,65.53174827639783],[22.18723925239902,65.53050204680703],[22.188097886851647,65.5304611761789],[22.188428635392224,65.53008467424613],[22.191004481916142,65.52996202804816],[22.19176448078346,65.52956507408406],[22.19305237228701,65.52950372838028],[22.192953747265975,65.52914766708234],[22.194621579576605,65.52888782718959],[22.194522935962855,65.52853176709367],[22.195332165384517,65.52831282614898],[22.19546547890895,65.52722419093053],[22.193733893949968,65.52568328293474],[22.19621062470425,65.52520449200698],[22.1962945698613,65.52393782695545],[22.19509096524885,65.52273253254012],[22.193226330832076,65.52228025104972],[22.194548581310233,65.52077420127327],[22.19392223305152,65.52008253205041],[22.192205665654473,65.52016432772429],[22.19224051981052,65.51871963178598],[22.19300018115348,65.51832267486142],[22.19471662451028,65.51824087137811],[22.195722759108094,65.51873405197784],[22.199535445180206,65.51837186869432],[22.204817569282067,65.51703753884334],[22.205527618865222,65.51646249509612],[22.206814825256217,65.51640103891604],[22.207574194748524,65.51600401164109],[22.2075588259565,65.51438129511659],[22.206602014571256,65.51406621938057],[22.206453906706752,65.51353214226273],[22.211768481159165,65.51075289376541],[22.212626420146464,65.51071189072395],[22.212527614042752,65.51035584391381],[22.214045810790612,65.50956173344878],[22.21412888114843,65.50829506693077],[22.215745747270176,65.50785698649311],[22.21592756810847,65.50694636423223],[22.2183032437978,65.50611118886022],[22.218056093284947,65.50522108228131],[22.21886440513326,65.5050020244076],[22.21871610872969,65.50446796111525],[22.21733068059574,65.50417346919377],[22.217611269190886,65.50361888894861],[22.21670415704996,65.50348189596936],[22.216555915203465,65.50294783001864],[22.21736417070679,65.50272878071354],[22.218271259658646,65.50286576996032],[22.21837010980484,65.5032218126048],[22.219227789068924,65.50318077464723],[22.21998659222238,65.50278369055495],[22.21983828809177,65.50224962843058],[22.221124753845658,65.5021880576954],[22.221025870900228,65.50183201717087],[22.22236176244319,65.50194845633273],[22.223549290252375,65.50153082578727],[22.223450377286383,65.50117478714131],[22.225594377860745,65.50107211300438],[22.22509971399201,65.49929192677465],[22.225957251554615,65.4992508520257],[22.22615513116025,65.49996292545434],[22.2278702433256,65.49988075875353],[22.228150565594156,65.49932616154724],[22.229436863818886,65.4992645217174],[22.22971714671662,65.4987099219898],[22.231003410158202,65.49864826916995],[22.23085490931382,65.49811421977361],[22.233905623950587,65.4981483397331],[22.23380658540747,65.49779230909134],[22.241952447604426,65.49740144063139],[22.241375017398724,65.49688798650403],[22.242710734946883,65.49700424754877],[22.243897706985393,65.49658646261551],[22.243798539527052,65.49623043978794],[22.245612530213425,65.4965040974436],[22.24765682332604,65.49604509399624],[22.24874444070288,65.49527125247664],[22.248545988835044,65.49455921426187],[22.249403326617827,65.49451800846485],[22.25091948439448,65.49372354782791],[22.25258445631207,65.49346309708095],[22.25311238390579,65.49379849922232],[22.25654158257627,65.49363354474004],[22.256442256502318,65.49327753176972],[22.258156814958454,65.49319502687916],[22.260908803517413,65.49216057325798],[22.260710048966743,65.49144855399652],[22.259424224421416,65.49151045528501],[22.255436006505928,65.49278475631553],[22.252485184894667,65.49310708097202],[22.251479014930943,65.49261427838276],[22.249286218537794,65.49253930227326],[22.248659152251573,65.49184786683384],[22.253964856440383,65.4890672224899],[22.25648663717805,65.48876549741698],[22.256815895191234,65.48838886070386],[22.258958689026272,65.48828572523618],[22.258809688486586,65.48775170823527],[22.257902930791428,65.48761495897904],[22.25808317610598,65.48670430157674],[22.257027506362075,65.4860335283241],[22.257834893532145,65.48581427120311],[22.25773558572568,65.48545825888665],[22.25630111683972,65.48498611187546],[22.257158126100386,65.4849448653218],[22.25859260772149,65.48541700407075],[22.25796547896267,65.48472560783985],[22.259679471088624,65.48464309125022],[22.25915165237565,65.48430771095956],[22.26038745527756,65.48406781031937],[22.260238454597403,65.483533794716],[22.261045737642128,65.48331452146132],[22.260468263463036,65.4828011406857],[22.26132519320829,65.48275987127917],[22.260797393151204,65.4824244965503],[22.264405040276888,65.4813487204561],[22.265013450056607,65.4804174124634],[22.265541261385707,65.48075277235479],[22.267205257802974,65.48049217013968],[22.267136625537393,65.47869149237236],[22.265323672926403,65.47841808279283],[22.265170175721895,65.47786818150644],[22.25198372,65.47850539999999],[22.254464559999995,65.48740581],[22.23303629,65.48843516],[22.23551181,65.49733591999998],[22.192635340000002,65.49938641],[22.195098359999996,65.50828794999998],[22.173650159999998,65.50930907999998],[22.17610783,65.51821099],[22.152392838487355,65.51933495679506],[22.154561105507977,65.519247564119],[22.154659161959042,65.51960365592201],[22.15551749952719,65.51956297305004],[22.155615570448035,65.51991906409185],[22.1569521337494,65.52003607468797],[22.156670090317697,65.5205905561774],[22.15500238278048,65.52084997649747],[22.154916429552117,65.52211663788717],[22.157025673064485,65.5234596224485],[22.15888978924189,65.52391235511878],[22.159564386755203,65.52478222113724],[22.15670678379934,65.52545881085177],[22.155333053393136,65.52678650764447],[22.153284681748097,65.52724430138649],[22.152143877335305,65.52783944869283],[22.15224193978141,65.52819554197573],[22.151101070636592,65.52879068204003],[22.150242421379687,65.52883134286132],[22.149960149617375,65.52938581399968],[22.15106395117876,65.53023539003722],[22.152351990912674,65.53017438934874],[22.151640396121206,65.53074919816774],[22.152216864263654,65.53126300387535],[22.15355399921341,65.53138003895717],[22.153946407904918,65.53280440645948],[22.15571301686315,65.53290108070621],[22.154952363633463,65.53329785984911],[22.15643683211219,65.53394900427614],[22.15729563807095,65.53390830678791],[22.15739379833383,65.53426439576421],[22.159589924783013,65.53434067279184],[22.159307799971533,65.53489515991306],[22.160694255889062,65.53519017340703],[22.16132011505021,65.53588198479143],[22.16217897542045,65.53584125906426],[22.16189689157023,65.53639575060791],[22.16409320771951,65.53647196044729],[22.16419147237552,65.53682804399394],[22.16681727251877,65.53688384337765],[22.168682526779808,65.53733644430025],[22.1688300247025,65.53787056414347],[22.170547845063414,65.53778902161179],[22.172032957564397,65.5384400067676],[22.171751059653268,65.53899451485927],[22.17308867185519,65.53911137268443],[22.173187071264884,65.53946744907363],[22.176193404311825,65.53932464887575],[22.177101576711777,65.53946187456715],[22.17634106954647,65.53985875976525],[22.17853770896309,65.53993475684307],[22.178734666966896,65.54064690092109],[22.180501885606105,65.54074327985064],[22.18218447983619,65.54210630180661],[22.183092779713103,65.54224349030885],[22.184677033073818,65.54325041403884],[22.183332454625376,65.5449239235206],[22.18595706,65.55381802],[22.16447098,65.55483822],[22.166930700000005,65.56374025]],[[22.354030985868064,65.53419668418447],[22.354081408064562,65.53437465084397],[22.353652185539563,65.53439555674824],[22.354030985868064,65.53419668418447]],[[22.35360176622104,65.53421758991715],[22.353172545815184,65.53423849443973],[22.353122130133457,65.53406052741266],[22.35360176622104,65.53421758991715]],[[22.349307715711536,65.53749383212663],[22.349358113387172,65.53767180060154],[22.34892883206469,65.53769269368965],[22.349307715711536,65.53749383212663]],[[22.348878437267956,65.53751472504324],[22.34801987810513,65.53755650724555],[22.347969489824745,65.53737853823175],[22.348878437267956,65.53751472504324]],[[22.345317121833638,65.53877052760082],[22.34488781853122,65.53879140944278],[22.344837448733468,65.53861343920357],[22.345317121833638,65.53877052760082]],[[22.342261630273278,65.53873870380833],[22.342311982795003,65.53891667507591],[22.341882674185733,65.53893754844496],[22.342261630273278,65.53873870380833]],[[22.341074399334765,65.5391572633091],[22.342033727660496,65.53947146261565],[22.340796115405002,65.53971204885798],[22.341074399334765,65.5391572633091]],[[22.339380829235516,65.54086335317955],[22.338951485766238,65.54088421857804],[22.338850818157066,65.54052827342149],[22.339380829235516,65.54086335317955]],[[22.33713345974232,65.54061172153963],[22.33670411824458,65.54063258054279],[22.336653799976173,65.54045460707161],[22.33713345974232,65.54061172153963]],[[22.3363485997238,65.542454031716],[22.33591922715133,65.5424748887999],[22.335868909948008,65.54229691505829],[22.3363485997238,65.542454031716]],[[22.335187979246374,65.541427900831],[22.333091483779363,65.54171013179126],[22.33541608920631,65.54069515028891],[22.335187979246374,65.541427900831]],[[22.333022974188676,65.5568685026492],[22.33297264322849,65.55669052808892],[22.33340225273945,65.55666967702359],[22.333022974188676,65.5568685026492]],[[22.33058872492322,65.54363580018894],[22.33015932734469,65.54365664117876],[22.33010904668379,65.5434786651621],[22.33058872492322,65.54363580018894]],[[22.328894185758607,65.54534178224698],[22.328464758464847,65.54536261872273],[22.328414485396152,65.54518464206915],[22.328894185758607,65.54534178224698]],[[22.32738187701554,65.54306975337286],[22.326952485662023,65.54309058520296],[22.3269022281945,65.54291260789162],[22.32738187701554,65.54306975337286]],[[22.322099215443373,65.56136738500342],[22.322048948583703,65.56118940618505],[22.32247864277564,65.56116858528],[22.322099215443373,65.56136738500342]],[[22.309399508678926,65.55494615954625],[22.309070231409198,65.55532291079398],[22.308540299443333,65.55498772415058],[22.309399508678926,65.55494615954625]],[[22.299768925856352,65.55631379933808],[22.29951842005631,65.55542385990266],[22.299948040910703,65.5554031036495],[22.299768925856352,65.55631379933808]],[[22.2473095798028,65.49479902398951],[22.247738254175342,65.49477842515199],[22.24778786102709,65.49495643505547],[22.2473095798028,65.49479902398951]],[[22.24778786102709,65.49495643505547],[22.248266147993764,65.4951138445512],[22.247837468624528,65.49513444493515],[22.24778786102709,65.49495643505547]],[[22.243369837599737,65.49625102772153],[22.243320257860226,65.4960730161032],[22.243748956915944,65.49605242833844],[22.243369837599737,65.49625102772153]],[[22.238879130706966,65.54878021986845],[22.238829461047164,65.54860220771762],[22.239259027584097,65.54858162420199],[22.238879130706966,65.54878021986845]],[[22.23839989376207,65.54862279002158],[22.238350227734887,65.54844477767789],[22.23877979213551,65.54842419554298],[22.23839989376207,65.54862279002158]],[[22.224669925000157,65.55090348649408],[22.224240306336096,65.55092402911924],[22.22419073166969,65.55074601124676],[22.224669925000157,65.55090348649408]],[[22.219409464687082,65.50227014959069],[22.218980640539094,65.50229066954162],[22.218931213062948,65.50211264844953],[22.219409464687082,65.50227014959069]],[[22.206024885429386,65.51355262738629],[22.20559586340937,65.51357311129998],[22.205546501360136,65.51339508521062],[22.206024885429386,65.51355262738629]],[[22.193512543779526,65.55942490021637],[22.193942331692625,65.55940444314805],[22.19399171966716,65.55958247270681],[22.193512543779526,65.55942490021637]],[[22.191534940162814,65.54130067030484],[22.191105448208045,65.54132111767512],[22.191056121647478,65.54114308655342],[22.191534940162814,65.54130067030484]],[[22.18520514505733,65.54358605132849],[22.185303730215534,65.54394211801974],[22.184874188881977,65.54396254818667],[22.18520514505733,65.54358605132849]],[[22.186212110117502,65.54407928702557],[22.18593046157172,65.54463381907023],[22.185500909441394,65.54465425112011],[22.185303730215534,65.54394211801974],[22.186212110117502,65.54407928702557]],[[22.183557591115598,65.54077836749421],[22.183656140984162,65.54113443560897],[22.183226644316704,65.5411548606681],[22.183557591115598,65.54077836749421]],[[22.183029559083902,65.5404427236736],[22.183128100216248,65.54079879221784],[22.182698608574867,65.54081921572995],[22.183029559083902,65.5404427236736]],[[22.182501540813913,65.54010707787648],[22.182600073210487,65.54046314685023],[22.182170586595117,65.54048356881535],[22.182501540813913,65.54010707787648]],[[22.181973536305133,65.53977143010299],[22.182072059966366,65.54012749950617],[22.181642578376945,65.54014791992431],[22.181973536305133,65.53977143010299]],[[22.180348324215526,65.5338962713849],[22.179918943536325,65.53391668593457],[22.179869710172817,65.53373865025502],[22.180348324215526,65.5338962713849]],[[22.179771245669556,65.53338257882542],[22.179341872896174,65.53340299166109],[22.179292644638686,65.53322495574346],[22.179771245669556,65.53338257882542]],[[22.17928574395126,65.56623416809428],[22.179236441226486,65.56605613292955],[22.17966635200447,65.56603571519],[22.17928574395126,65.56623416809428]],[[22.17824493850767,65.55618252136411],[22.17781518885831,65.55620293351413],[22.177765919064573,65.55602489753713],[22.17824493850767,65.55618252136411]],[[22.17506295586516,65.56986179028755],[22.174632977610564,65.56988219561245],[22.174485142050614,65.56934808484343],[22.17506295586516,65.56986179028755]],[[22.17332134299642,65.53837882423593],[22.17375080332538,65.53835842763576],[22.173800005463633,65.53853646560088],[22.17332134299642,65.53837882423593]],[[22.172941078297427,65.53857725792473],[22.173419742246438,65.53873490047773],[22.172560807830962,65.53877569071363],[22.172941078297427,65.53857725792473]],[[22.172413227369564,65.53824157531079],[22.171983767701775,65.53826196810908],[22.17193457857989,65.53808392942712],[22.172413227369564,65.53824157531079]],[[22.168212892263615,65.55611757499862],[22.17084064709525,65.55617328567914],[22.17088986993889,65.55635132436191],[22.16831130255155,65.55647365439802],[22.168212892263615,65.55611757499862]],[[22.170312452920314,65.55583759911119],[22.17074220363317,65.55581720824325],[22.17079142499335,65.55599524697291],[22.170312452920314,65.55583759911119]],[[22.169492250879177,65.53711763680197],[22.169921694065,65.53709725123298],[22.169970867208995,65.53727529072533],[22.169492250879177,65.53711763680197]],[[22.168633362286304,65.53715840430567],[22.16906280695293,65.53713802115956],[22.16911197432994,65.5373160609867],[22.168633362286304,65.53715840430567]],[[22.16911197432994,65.5373160609867],[22.16959059214064,65.53747371609809],[22.169161142447354,65.53749410079047],[22.16911197432994,65.5373160609867]],[[22.168544534069653,65.57937006911567],[22.16811439269102,65.57939045750949],[22.168065136282294,65.57921241828511],[22.168544534069653,65.57937006911567]],[[22.167007862027763,65.57854103262316],[22.16657773288941,65.57856141653753],[22.16652848887589,65.57838337669304],[22.167007862027763,65.57854103262316]],[[22.166196844870864,65.57875983922673],[22.165766711353424,65.57878022088114],[22.165717472384628,65.5786021807249],[22.166196844870864,65.57875983922673]],[[22.165385813910987,65.57897864162214],[22.164955676014532,65.57899902101659],[22.164906442090675,65.57882098054863],[22.165385813910987,65.57897864162214]],[[22.164574769148054,65.5791974398093],[22.164144626872623,65.57921781694368],[22.16409539799395,65.57903977616404],[22.164574769148054,65.5791974398093]],[[22.15645010751403,65.5671365372582],[22.15473029966627,65.56721793891192],[22.154386354750127,65.56597162525495],[22.157015090764972,65.56602756639582],[22.15645010751403,65.5671365372582]],[[22.152683257327798,65.52979796059401],[22.15349288978736,65.52957923957253],[22.153590978525607,65.52993533172089],[22.152683257327798,65.52979796059401]],[[22.152302954082515,65.5299963428086],[22.15273229630185,65.52997600699048],[22.152781336014183,65.53015405336363],[22.152302954082515,65.5299963428086]],[[22.128957695052843,65.5796179526882],[22.1289087058041,65.57943989820568],[22.129769063305368,65.5793993420537],[22.128957695052843,65.5796179526882]],[[22.12847852594504,65.57946017446058],[22.127618164010286,65.57950072332827],[22.127569184185074,65.57932266832226],[22.12847852594504,65.57946017446058]],[[22.12713900500436,65.5793429407683],[22.126708825084904,65.57936321200032],[22.126659851788204,65.57918515663764],[22.12713900500436,65.5793429407683]],[[22.126229674024916,65.57920542648887],[22.125369316282455,65.5792459625492],[22.125320352409034,65.57906790666328],[22.126229674024916,65.57920542648887]],[[22.12307156302076,65.57881311122686],[22.12393191077878,65.57877258830692],[22.123980864490658,65.57895064473925],[22.12307156302076,65.57881311122686]],[[22.123980864490658,65.57895064473925],[22.124890175324836,65.5790881727057],[22.12402981894095,65.57912870114838],[22.123980864490658,65.57895064473925]],[[22.12264138803427,65.57883337086577],[22.12178103584656,65.5788738865014],[22.121732097347294,65.57869582921285],[22.12264138803427,65.57883337086577]],[[22.119483372599838,65.57844097991072],[22.120343714799233,65.57840047741496],[22.120392643137727,65.57857853524966],[22.119483372599838,65.57844097991072]],[[22.120392643137727,65.57857853524966],[22.121301923041045,65.57871608504301],[22.12044157221424,65.57875659306117],[22.120392643137727,65.57857853524966]],[[22.119053200393243,65.57846122933753],[22.118192853766477,65.57850172454899],[22.118143940640213,65.57832366585852],[22.119053200393243,65.57846122933753]],[[22.117713769115028,65.57834391147667],[22.117283596852108,65.57836415588076],[22.117234690253323,65.57818609683407],[22.117713769115028,65.57834391147667]],[[22.1168045201476,65.57820633985763],[22.115944177723303,65.57824682226261],[22.115895280546773,65.5780687626934],[22.1168045201476,65.57820633985763]]],[[[22.13158949758101,65.5935622834022],[22.138708604019694,65.5928658503538],[22.140479265065,65.59296266346009],[22.14249550275349,65.59394970038832],[22.146050623595336,65.5894529979136],[22.14686214547571,65.58923429431748],[22.14742796804036,65.58812535139685],[22.1496165908695,65.5865789763374],[22.148793185884205,65.58517494011913],[22.145584914551428,65.58460505727321],[22.142671342654165,65.58510339964688],[22.140335170237336,65.5861155277429],[22.13459434997395,65.58584530209366],[22.1346924360499,65.58620140631106],[22.132971287075925,65.5862825737825],[22.132639058054075,65.58665896840769],[22.13053658919071,65.58693844971536],[22.129888180110978,65.58739627456242],[22.13158949758101,65.5935622834022]]],[[[22.263833919999996,65.67637389999999],[22.262204873906356,65.67058583579814],[22.260163281415696,65.6698886930068],[22.25933100800209,65.66848534601968],[22.259893527862435,65.66737601747077],[22.261210665098307,65.66705337319102],[22.258824110000003,65.65857384999998],[22.267357489425734,65.65816458653639],[22.26721108225392,65.65764459644659],[22.265866940515085,65.65752863424136],[22.265766729709274,65.65717263638356],[22.264522810177148,65.65741266003135],[22.263459766010676,65.65674200443272],[22.262597099438743,65.65678334191625],[22.260140028702136,65.65581865747136],[22.260502018533373,65.65399732428156],[22.259589382557508,65.65386064267587],[22.259670286672897,65.65259397378942],[22.258657614989797,65.65210128293661],[22.257094631652734,65.64965055820973],[22.258288219342113,65.64923259616181],[22.258900449119242,65.64830127639117],[22.25976284092915,65.64825996255645],[22.260425041481163,65.64750663886238],[22.261618477057496,65.64708865210402],[22.261699279487182,65.64582198306896],[22.262511527777413,65.64560265368479],[22.263504598249824,65.64447265129164],[22.26358530746948,65.64320598213573],[22.265009332199245,65.6420553026146],[22.26442806393496,65.64154197454884],[22.265290220679862,65.64150063159582],[22.26519009230778,65.64114463252697],[22.267195211382823,65.64050725932647],[22.268187893041592,65.63937723003578],[22.267436780154245,65.6367072511482],[22.268579536476988,65.63611121678655],[22.27666785645268,65.63536206540616],[22.27699855931982,65.63498537089681],[22.279914949364336,65.63448441992858],[22.28024559414006,65.63410771890749],[22.281157630212874,65.63424428221897],[22.28102762491092,65.63533295896384],[22.28404432742273,65.63518791549494],[22.286529651965605,65.63470756264883],[22.28797309564411,65.6351793341392],[22.29012784079571,65.63507563959237],[22.290027401911434,65.63471965993263],[22.287240941344027,65.6341321239832],[22.287040154517868,65.63342015988928],[22.290516681265157,65.63180959707837],[22.293762849814087,65.6309316643394],[22.293992777006693,65.63019895882152],[22.29485450055069,65.6301574521891],[22.29637693367282,65.6293624747065],[22.29501283846632,65.62762411051976],[22.292607635231267,65.62683792341336],[22.29174601743548,65.6268794162593],[22.288278635087494,65.62542268699201],[22.288107222676736,65.62326606231974],[22.286915301293202,65.62368424258365],[22.28174611063768,65.62393292733788],[22.28012327484726,65.62437177146866],[22.279842870172118,65.62492646527348],[22.277638805830897,65.62485201113584],[22.276596953805733,65.62580409783784],[22.273300729992243,65.62650366644169],[22.272439086169584,65.62654504991387],[22.270896271860195,65.62571712800289],[22.269703954661793,65.62613517689002],[22.26711903006569,65.62625925129291],[22.26635745654204,65.62665659862265],[22.26506496208627,65.6267186131367],[22.263541701462927,65.62751328445412],[22.263691766320488,65.62804728594266],[22.263160871791474,65.62771195003455],[22.26229916845472,65.62775327650718],[22.262830052881775,65.62808861552772],[22.261687505164314,65.62868460461017],[22.260394896408712,65.62874658045534],[22.259683144814137,65.6293218977654],[22.253151199414756,65.62783090158985],[22.252370725024637,65.62660550289294],[22.25546770697107,65.62519436817325],[22.256329338554742,65.62515308118668],[22.25699108748392,65.62439977673395],[22.25785268980795,65.62435848138072],[22.257752742908824,65.62400247561548],[22.25904512331839,65.62394052448745],[22.25975674826039,65.62336521137927],[22.26104909122432,65.62330324354566],[22.26551807051749,65.6205632663714],[22.26377582447287,65.61902326604084],[22.261372353414075,65.61823656708097],[22.259942184087713,65.61469718395388],[22.26070351691298,65.61429987113048],[22.26073438519903,65.61285520003496],[22.265501623322415,65.61118324980605],[22.264390530427207,65.61033458151192],[22.260946011588263,65.61049986374476],[22.260615365588034,65.61087652276979],[22.25650932120782,65.61179502239784],[22.256228529667748,65.61234967632404],[22.254125426307056,65.61263087759762],[22.253413955981483,65.61320616283193],[22.251741377142814,65.6134666968217],[22.250218456054697,65.61426123115834],[22.250318254657902,65.61461724334247],[22.24902631260276,65.6146791158991],[22.250368155089717,65.61479524939867],[22.25094851835271,65.61530864012856],[22.248745332494796,65.61523375778783],[22.247784246796744,65.61491898459278],[22.243096863047796,65.61532372773421],[22.24491924554432,65.61559731166643],[22.25013710325139,65.61552789963385],[22.25033671296797,65.61623992391578],[22.248813589979395,65.61703444609228],[22.248913382180145,65.61739045925646],[22.24800210299873,65.61725369487196],[22.247371866954374,65.61656228558529],[22.23860861555035,65.6164403703185],[22.237366365115808,65.6166801554938],[22.234583006003454,65.61609162295078],[22.21879619019037,65.61738636994481],[22.21717265504906,65.61782454740484],[22.211092708297482,65.61793386500034],[22.209518633987418,65.61854998371348],[22.207795626859255,65.61863201871554],[22.20411719120823,65.61952862317374],[22.20335482643567,65.61992566179175],[22.20365238439722,65.62099380806129],[22.204994374420195,65.62111034146882],[22.203271180378476,65.62119232688744],[22.202939561860564,65.62156886939701],[22.20164713879677,65.62163034305803],[22.201018015328344,65.62093873066326],[22.197754636959175,65.62019198049917],[22.195169891454913,65.62031482751907],[22.193644814707724,65.62110881433362],[22.18895537940846,65.62151190416238],[22.18905437245775,65.62186796423939],[22.18743004046223,65.62230583101984],[22.18441418762048,65.62244894609596],[22.17689215731822,65.62208412428299],[22.175366409458356,65.62287793377818],[22.1747517085983,65.62380893992163],[22.17020958187817,65.62474556567672],[22.165887431691527,65.62332677417909],[22.163733068229792,65.62342870126297],[22.16401595481006,65.62287419901617],[22.162144542423352,65.62242160015356],[22.161565752065982,65.62190785506374],[22.16223019972887,65.62115493870789],[22.16153990585736,65.61866236902607],[22.163065843959362,65.6178686967186],[22.16291791693025,65.61733457577776],[22.16401297611289,65.6165612734277],[22.163815727579333,65.61584911348302],[22.162043427485226,65.61575258867401],[22.16174765116182,65.61468434388644],[22.16531517030828,65.61180993889108],[22.165216548448036,65.61145385975931],[22.163493843512864,65.61153538873869],[22.16072548184294,65.61256822452962],[22.161833323495777,65.6134176824296],[22.161119761545887,65.61399255431776],[22.161464795364644,65.61523884165176],[22.160603311914162,65.61527958853627],[22.161132635996985,65.61561529792185],[22.15955748364305,65.61623090847199],[22.158991636428365,65.61733989658703],[22.157797844804833,65.61775707981195],[22.15680108686575,65.6188864249997],[22.154844074537184,65.61970039394711],[22.154942592039845,65.62005648078997],[22.15413019067972,65.62027523600213],[22.154708797020014,65.62078901121856],[22.153847116878378,65.62082972161762],[22.153945625884297,65.62118580918512],[22.152800825613237,65.62178099935147],[22.152997826627235,65.62249317593583],[22.15223458011382,65.62288996601067],[22.15296097157081,65.62393788055634],[22.151249688907836,65.62564202849612],[22.151594435855024,65.62688834087115],[22.150732547601432,65.62692903556979],[22.15126199211363,65.62726477820334],[22.153035048661998,65.62736142171447],[22.15413081352206,65.62658818402811],[22.157147347356762,65.62644566433897],[22.157245927245523,65.62680174906656],[22.15810779897633,65.62676101753573],[22.158206393467403,65.62711710149874],[22.160028771953822,65.62739170502402],[22.160656977344768,65.62808349599864],[22.163722979286888,65.62811888513667],[22.163624304623077,65.62776280552906],[22.165397433317988,65.62785930392064],[22.16572967715693,65.62748283754752],[22.167022493457676,65.62742166606365],[22.16773627592436,65.62684676437111],[22.168598129312286,65.62680597344098],[22.168499393860877,65.62644989758154],[22.17012431273157,65.62601222785803],[22.1699761847611,65.62547811576742],[22.179123848619856,65.62540550745148],[22.180317632870914,65.62498815654352],[22.180119860489057,65.62427602289821],[22.182655626943625,65.62397539520086],[22.182472047088805,65.62488599352207],[22.181278303091304,65.62530336099219],[22.182005933981113,65.62635112450168],[22.179816044989668,65.62789797864849],[22.181638693141,65.62817232008364],[22.182733625885408,65.62739888392733],[22.183595469175433,65.62735800792527],[22.184739788279185,65.62676259013374],[22.18459135478227,65.62622849525614],[22.187162201916223,65.6244830971602],[22.194006487363744,65.62397773178819],[22.194818654351014,65.62375876536593],[22.194719573656403,65.62340270989894],[22.19763635034024,65.62290333639464],[22.19916140504849,65.62210930968506],[22.20385077135396,65.62170590510087],[22.20542517105755,65.62108984207435],[22.207628765496516,65.62116534961604],[22.208208441225516,65.62167891036675],[22.214239615040192,65.62139167958222],[22.21844811243375,65.62083033189067],[22.21864690319945,65.62154240567442],[22.221231636769172,65.62141915883328],[22.223667144606495,65.62076181900875],[22.223998449844146,65.62038523423635],[22.226102527670395,65.62010444129277],[22.226814791827184,65.61952927655723],[22.23064173549615,65.61916617103383],[22.23140365292733,65.61876899965905],[22.234749888144062,65.61824835134584],[22.23503119810674,65.61769373221108],[22.236273519248137,65.61745396547505],[22.236124091255757,65.61691993072293],[22.24656038189649,65.61678152663505],[22.24805199367371,65.61743170178158],[22.247440037817878,65.61836297533152],[22.246297545695235,65.61895884802861],[22.24543610022038,65.61900007625226],[22.244873891085668,65.62010934858576],[22.243300510452254,65.62072581099278],[22.243699463651026,65.62214987980657],[22.245041673539145,65.62226605686065],[22.24589309671351,65.6231132895923],[22.24882717,65.62297303999999],[22.248969704471975,65.62348101701542],[22.249748725016687,65.62348392247954],[22.249898478442223,65.62401794062538],[22.24913067520767,65.62405469882555],[22.2512783848347,65.63170889721823],[22.255112134370012,65.63170571560573],[22.255262055160042,65.63223972680802],[22.25622388336699,65.63255444539182],[22.2574667031751,65.63231450031097],[22.257316736552287,65.63178049173072],[22.257897635490927,65.63229385062562],[22.26038319435594,65.631813923658],[22.260352343944344,65.63325859434623],[22.25949045125681,65.63329990670394],[22.259640473132475,65.633833912596],[22.258066637650046,65.63445053247436],[22.25618063575577,65.6370664647321],[22.257292659351332,65.63791518400446],[22.259016756414603,65.63783257633838],[22.258454768709395,65.63894189669891],[22.260367394585398,65.64263862377656],[22.25950519061763,65.64267993922986],[22.25889310415472,65.6436112600847],[22.25764976203978,65.6438512218819],[22.25774979961295,65.64420722679431],[22.256937552648978,65.6444265306945],[22.25483187253106,65.64470776668527],[22.25295733912918,65.64425631851071],[22.253057314248622,65.64461232711673],[22.251432699079555,65.64505088153413],[22.251582637066086,65.64558489615982],[22.2502891579784,65.64564679434174],[22.250439076592656,65.64618081028168],[22.24762069184323,65.64703722602181],[22.24632712902263,65.64709909126032],[22.24432097948449,65.64773619873147],[22.24335871730764,65.64742140894163],[22.240340320284684,65.64756566011282],[22.23919641138941,65.64816149290888],[22.23752144278583,65.64842189314018],[22.23792059198803,65.64984597499134],[22.23644505090881,65.6508184052909],[22.236263229450834,65.65172905125344],[22.234687759785718,65.65234544438243],[22.234705399328853,65.65396813432274],[22.23389264860533,65.65418731977098],[22.23512217533932,65.65701491350151],[22.234309334052018,65.65723410204697],[22.235172069798082,65.657192924561],[22.236284315252725,65.65804179544632],[22.237678280196125,65.65833603034291],[22.23774605149333,65.66013672779306],[22.238808583771718,65.66080756822356],[22.23799565750725,65.66102677730798],[22.2379136887245,65.66229344477142],[22.236669254539276,65.6625332452442],[22.236868930510294,65.66324528637816],[22.235342701415004,65.6640397030276],[22.235492440430004,65.66457373537783],[22.234629459846477,65.66461491703612],[22.234729277979604,65.66497093916249],[22.233152982350248,65.66558732426549],[22.23365202443648,65.66736743953778],[22.232307508866427,65.66725118397738],[22.231594114492204,65.66782638519189],[22.232941552686274,65.6726327061275],[22.232128208906747,65.67285188780885],[22.231946124098496,65.67376253099508],[22.23204594781004,65.67411855480793],[22.233340899372326,65.67405679787798],[22.233640441118194,65.67512486568815],[22.234885504100962,65.67488508400083],[22.236048477873926,65.67591195960986],[22.238788418988367,65.67632239269221],[22.240896840784316,65.67604135284536],[22.241078621301675,65.67513070188171],[22.244681880261357,65.67549980718742],[22.247935058987125,65.67462278751546],[22.248566812597698,65.67531417954876],[22.250393511949195,65.6755876559449],[22.250643731307655,65.67647767866445],[22.255392089806243,65.67625059965219],[22.258294239178483,65.67663881751021],[22.263833919999996,65.67637389999999]],[[22.26361003287995,65.65727600395519],[22.26317869124129,65.65729667381675],[22.263128604437863,65.65711867382961],[22.26361003287995,65.65727600395519]],[[22.25935225570087,65.62969855635353],[22.25892136782022,65.62971920973884],[22.25882138142335,65.6293632050718],[22.25935225570087,65.62969855635353]],[[22.259071353080373,65.63025321655948],[22.25864045573266,65.63027386923889],[22.258490479184264,65.62973986190805],[22.259071353080373,65.63025321655948]],[[22.2587404438748,65.63062987400622],[22.258309539963683,65.63065052580963],[22.258209557629627,65.6302945207022],[22.2587404438748,65.63062987400622]],[[22.25835953226366,65.6308285283274],[22.258459519129605,65.63118453329098],[22.258028605750688,65.6312051843884],[22.25835953226366,65.6308285283274]],[[22.25740013043746,65.67561332778217],[22.257831782309193,65.67559267134061],[22.25788187574226,65.67577067299025],[22.25740013043746,65.67561332778217]],[[22.25788187574226,65.67577067299025],[22.25836362687758,65.675928016615],[22.25793196993347,65.67594867461591],[22.25788187574226,65.67577067299025]],[[22.257647680373932,65.63140383705559],[22.25807859741243,65.63138318700427],[22.258178583001918,65.63173919216412],[22.257647680373932,65.63140383705559]],[[22.246045778406618,65.64765373161694],[22.246095726083936,65.64783173858403],[22.245664524577357,65.64785235735829],[22.246045778406618,65.64765373161694]],[[22.23688675290586,65.66486797418283],[22.236936677670894,65.66504598436141],[22.236505181282922,65.66506657996354],[22.23688675290586,65.66486797418283]],[[22.236405338334386,65.6647105592429],[22.236455259431033,65.66488856961517],[22.236023765200944,65.6649091638293],[22.236405338334386,65.6647105592429]],[[22.23592392958909,65.6645531427214],[22.235973847017416,65.66473115328728],[22.23554235494525,65.66475174611347],[22.23592392958909,65.6645531427214]],[[22.167045271760664,65.62435422667957],[22.167143977692803,65.62471030377442],[22.168337928705494,65.62429304551344],[22.16891690773843,65.62480676295056],[22.166331539322623,65.6249291246565],[22.16604868255826,65.62548363092377],[22.163463230535335,65.62560594456333],[22.16326591430912,65.6248937846117],[22.164029046128256,65.62449694016175],[22.167045271760664,65.62435422667957]]],[[[22.316499852986,65.63775913991472],[22.31529527685111,65.63602713180126],[22.31610675235314,65.63580752329382],[22.315199677423326,65.63260388936753],[22.314287531955944,65.6324675316948],[22.31418677421326,65.63211157114995],[22.311069918058173,65.63190124518333],[22.3121834850139,65.63274954706107],[22.312687181841188,65.63452935665231],[22.31043187427327,65.63427740651224],[22.310532590690755,65.63463336994926],[22.311444794591317,65.63476974961804],[22.310582950040814,65.6348113516314],[22.311114599486878,65.63514651418163],[22.309972881572065,65.63574285853998],[22.310174318568265,65.63645478591086],[22.312332540824862,65.63796018689145],[22.316499852986,65.63775913991472]]],[[[22.31646413384583,65.63055825438359],[22.31636886932629,65.63056285702906],[22.316475268972003,65.63059760503755],[22.31646413384583,65.63055825438359]]],[[[22.332445729999996,65.60992545],[22.332106301820247,65.6087267024586],[22.330869688503952,65.61000169670426],[22.332445729999996,65.60992545]]],[[[22.32747625010315,65.59237489832596],[22.32369473571234,65.59322354117838],[22.32255510151954,65.59381995986215],[22.320834164592537,65.59390325825554],[22.318074075930927,65.59493888212855],[22.314682302545272,65.59528334051748],[22.31316238042671,65.59607847718563],[22.311491533726333,65.59633965298724],[22.310832049787766,65.59709317286325],[22.309541151977406,65.59715555058186],[22.30921137641234,65.59753230696418],[22.306730014550602,65.59801299258585],[22.30683051110217,65.59836896068104],[22.30569026289791,65.59896525855828],[22.304399257356927,65.59902759354806],[22.304169850896848,65.59976030984504],[22.30221898259801,65.60057611798628],[22.297865111143015,65.60060577566303],[22.29753512361157,65.60098250870848],[22.296243994432274,65.60104477546314],[22.293862383574986,65.6018812327917],[22.294012892484442,65.60241519999053],[22.296415830473695,65.60320138702774],[22.296566401002156,65.60373535108623],[22.297857662778952,65.60367308029065],[22.298818913279867,65.60398753456562],[22.29952912333293,65.60341204876244],[22.30011018107027,65.60392524452995],[22.3027429299443,65.60397861720261],[22.304263626295576,65.6031835774573],[22.30512443516071,65.60314202143418],[22.30540408773994,65.60258728823347],[22.306264874679073,65.60254572595045],[22.306164366409824,65.60218975760141],[22.307025138731948,65.60214819114535],[22.30692462191304,65.60179222338334],[22.30844506342324,65.60099714418986],[22.313179032467335,65.6007683997331],[22.31376029498459,65.60128154118503],[22.31462102261775,65.60123993204556],[22.31492289035564,65.60230781671135],[22.313883279539006,65.60326013746821],[22.314285773244876,65.60468398546824],[22.315196933359676,65.60482035280185],[22.31486714957797,65.6051971215542],[22.31620876000879,65.60531267486016],[22.316410083579267,65.6060245951508],[22.317701401626,65.60596215482613],[22.319496248738464,65.60767949232435],[22.321268471599158,65.60777417818927],[22.321369212595368,65.60813013422906],[22.325293814421634,65.60812062756854],[22.32980379607711,65.60555682614769],[22.331149164306492,65.60534641080979],[22.32747625010315,65.59237489832596]],[[22.32484450220528,65.60345156450198],[22.325375667132054,65.60378668187596],[22.324034099831653,65.60367120925022],[22.32484450220528,65.60345156450198]],[[22.313609388736477,65.60074759749789],[22.314039744246607,65.60072679404858],[22.31409004846556,65.60090477513077],[22.313609388736477,65.60074759749789]]],[[[22.359832037634185,65.54544720352698],[22.359406545269284,65.54548189938836],[22.359835944631445,65.54546097540435],[22.359832037634185,65.54544720352698]]],[[[22.28787601381533,65.51285378048975],[22.287645707142296,65.51161738110156],[22.288174460130037,65.51195265253163],[22.29084782822083,65.51218431645155],[22.292513544559057,65.51192341851619],[22.2934712827823,65.51223794130105],[22.297331503184868,65.51205130834438],[22.29950496399834,65.51050292062467],[22.30122048795928,65.51041991763151],[22.302207044707835,65.50928972532795],[22.30195700011853,65.50839978519542],[22.30281468986224,65.50835827293574],[22.30208579943739,65.50731110173672],[22.303465666581538,65.50724430462566],[22.302311469999996,65.50313697],[22.323226607569094,65.50212299999386],[22.323638063687007,65.50170535649681],[22.31623582,65.4754005],[22.287315513892057,65.47679803655421],[22.286841865512116,65.47774023757493],[22.2877686232902,65.47949947508219],[22.28587584316273,65.4804929866342],[22.28264783774664,65.4813705733052],[22.282368850925238,65.48192525826852],[22.280655123439757,65.48200802963949],[22.28042588893358,65.48274070866675],[22.27891126593441,65.48353545013134],[22.279060647784927,65.48406944352952],[22.27996738477249,65.48420606601752],[22.28291683533818,65.48388321832634],[22.284102560246023,65.4834651300156],[22.284252047575578,65.48399911723543],[22.28515880749576,65.48413570833877],[22.285308321015663,65.48466969425236],[22.284501208098646,65.48488909545506],[22.283993068878164,65.48617646744538],[22.28280722141292,65.48659455610357],[22.282956703906684,65.48712854464469],[22.283813732483107,65.48708714670407],[22.284391760696383,65.48760043271987],[22.285248801990008,65.48755902651361],[22.28559773680923,65.48880499249242],[22.284661024783947,65.49011307192102],[22.283475012954646,65.49053116743906],[22.282538136667014,65.491839235321],[22.281730781169355,65.49205862411554],[22.282308884644085,65.49257191734281],[22.280594459240426,65.492654694928],[22.279886703985774,65.49323006823626],[22.27860084674829,65.49329213301606],[22.279587786843788,65.49216208449047],[22.279946794090502,65.49034073252962],[22.281132855579806,65.48992266421268],[22.280883751740422,65.48903267990033],[22.279976841027874,65.48889606463301],[22.279628172498178,65.48765008304572],[22.277156579864545,65.48813018882612],[22.276448864906328,65.48870554564792],[22.270120065709005,65.48937160649179],[22.269840735304847,65.48992627168154],[22.268275642017144,65.4905429123479],[22.268474594233616,65.49125491970763],[22.27066732157325,65.49132961807246],[22.271673795826082,65.49182228988802],[22.272530999785648,65.4917809542148],[22.272779850976747,65.49267095477337],[22.27587972760798,65.49288223360797],[22.27622830180698,65.49412822474224],[22.27589925888236,65.49450490160451],[22.27456353894873,65.49438893389559],[22.275290940512676,65.4954362524537],[22.27105408519572,65.49582096708477],[22.269967117177313,65.49659496270431],[22.270594864797715,65.4972863029526],[22.267613028391832,65.49905359848377],[22.265040663983996,65.49917751463398],[22.26334451685166,65.50088277819431],[22.26356223078226,65.50321746907811],[22.265097339790465,65.50404554146166],[22.266812571573713,65.5039629317421],[22.26757065809438,65.50356561595771],[22.273803348868697,65.5025436285957],[22.2754989069492,65.50083825352351],[22.27716406802187,65.50057753014214],[22.27749316413673,65.50020085001263],[22.28016523687033,65.50043271557684],[22.28001571949474,65.49989872465417],[22.28148138411017,65.49892596696314],[22.28405362951417,65.49880177219589],[22.282737638089785,65.50030854166869],[22.281172248290773,65.50092531879719],[22.280893044493865,65.5014800031264],[22.28003553846275,65.50152138921365],[22.280185067454692,65.50205537999767],[22.27753249889931,65.50344618276203],[22.27763215891903,65.50380217853788],[22.276774570466266,65.50384354693922],[22.27563763472746,65.50443958650324],[22.274351213833626,65.50450162068512],[22.274022021173046,65.50487829491729],[22.269833399240806,65.5054409901283],[22.26755901740557,65.50663296130631],[22.266272465395165,65.50669492803331],[22.26551427041022,65.50709223836863],[22.264656550840968,65.50713353931562],[22.26455705223873,65.50677753340858],[22.26241276896073,65.50688076292249],[22.261654508783902,65.50727805454213],[22.262599512516456,65.51066012841527],[22.264234558003903,65.51184421240389],[22.26657833545059,65.51245296148986],[22.267830481609924,65.51382129240528],[22.28787601381533,65.51285378048975]],[[22.316190535317716,65.47866392651744],[22.31644072072925,65.47955384180125],[22.315684069370626,65.479951388359],[22.312357141287126,65.48047363177511],[22.31225711617221,65.48011766252048],[22.313442189952074,65.47969935043538],[22.31409882426893,65.47894584699038],[22.316190535317716,65.47866392651744]],[[22.28773898885656,65.48094414050135],[22.28859580570913,65.480902717531],[22.289681586330794,65.48012859965873],[22.29230181246729,65.48018227671528],[22.29205244078218,65.4792923134386],[22.29066757716662,65.4789984881118],[22.292759564073936,65.47871688938547],[22.293088175475148,65.47834018007093],[22.295001176300815,65.4789692369088],[22.295200749408323,65.47968120291803],[22.297771024060307,65.47955679420733],[22.298527942368768,65.47915933474057],[22.30071971204533,65.4792336065189],[22.30011261020064,65.48016504522454],[22.299255839550653,65.48020653305821],[22.29774194367396,65.48100145607712],[22.296456738679314,65.4810636663224],[22.29550013155521,65.48074915121025],[22.293786531335687,65.48083207028007],[22.29388630844863,65.48118805421095],[22.29169438804774,65.48111368477578],[22.290608628659704,65.48188781690116],[22.288566219952745,65.48234738262053],[22.28723107569051,65.48223152116587],[22.28647389560453,65.48262892660757],[22.286324372386137,65.48209494193836],[22.28718122963234,65.48205352659159],[22.28773898885656,65.48094414050135]],[[22.29239270060562,65.48360558182607],[22.292821148536028,65.48358485735943],[22.292871036492276,65.48376284965569],[22.29239270060562,65.48360558182607]],[[22.29329948654044,65.48374212381152],[22.295113086071222,65.48401519117972],[22.29574117224108,65.48470642363165],[22.29488424448329,65.484747888228],[22.294984054580134,65.48510387110048],[22.29284169338915,65.48520751315574],[22.290828524496437,65.48422244698071],[22.290728775009278,65.48386646076172],[22.291207106041007,65.48402373390752],[22.29329948654044,65.48374212381152]],[[22.291981643630223,65.50383087066467],[22.29180250079814,65.50474155740744],[22.28985818103715,65.50555714246299],[22.288142932739955,65.50564001381886],[22.287943312431093,65.50492803903984],[22.291981643630223,65.50383087066467]],[[22.290338922773078,65.47937519258512],[22.289910541398193,65.47939590935322],[22.289860683640097,65.47921791577672],[22.290338922773078,65.47937519258512]],[[22.281082642163483,65.4975019945846],[22.28093312629583,65.49696800454672],[22.28244844330487,65.49617323599969],[22.284163092327788,65.49609043517117],[22.28449203353394,65.49571374132765],[22.28464161342231,65.49624772721472],[22.285927598683607,65.49618560977062],[22.28663529549809,65.49561020875915],[22.289107405791412,65.49512994282591],[22.288928204721632,65.49604062677433],[22.287363215502335,65.49665746406549],[22.28670538528913,65.49741086301414],[22.285040526103213,65.49767168852371],[22.285190130726765,65.49820567361836],[22.283804324044137,65.49791179473155],[22.283505182213624,65.49684382098205],[22.281082642163483,65.4975019945846]],[[22.288994650939838,65.48232666917345],[22.289044509964246,65.48250466302065],[22.288616076110053,65.4825253766375],[22.288994650939838,65.48232666917345]],[[22.288024699440626,65.51141867196834],[22.288453607593,65.51139795534097],[22.28850352994616,65.51157594871616],[22.288024699440626,65.51141867196834]],[[22.284880500278078,65.49244771471878],[22.285309100261532,65.49242701005277],[22.285358957466105,65.49260500512561],[22.284880500278078,65.49244771471878]],[[22.285787559569858,65.49258429908167],[22.287701454196327,65.49321343947923],[22.28656522251525,65.49380955428998],[22.286764702770775,65.49452153231039],[22.28600716932034,65.4949189388872],[22.28510002703976,65.4947823566644],[22.28439231735557,65.4953577506162],[22.283385467379883,65.49486516724033],[22.28252818305413,65.49490656527827],[22.28195002091753,65.49439327347554],[22.28260791858057,65.49363989454862],[22.285787559569858,65.49258429908167]],[[22.28619497861273,65.48318361794105],[22.28591605040745,65.4837383088691],[22.28533808246721,65.48322502807872],[22.28619497861273,65.48318361794105]],[[22.28553923442076,65.49945163799862],[22.285589109376033,65.49962963281402],[22.28516039157506,65.49965033943795],[22.28553923442076,65.49945163799862]],[[22.28528987089077,65.49856166356138],[22.284861170317175,65.49858236916647],[22.28481130273141,65.49840437403716],[22.28528987089077,65.49856166356138]],[[22.28506064815693,65.49929434944349],[22.285110519491123,65.49947234445274],[22.284681803811758,65.49949304969829],[22.28506064815693,65.49929434944349]],[[22.284582067635654,65.49913705931623],[22.284631935348866,65.49931505451924],[22.28420322179112,65.49933575838642],[22.284582067635654,65.49913705931623]],[[22.2811725544839,65.49316799258212],[22.280743938400082,65.49318868567511],[22.28069411126465,65.4930106887834],[22.2811725544839,65.49316799258212]]],[[[22.13773221931935,65.55610317336587],[22.16447098,65.55483822],[22.16201311,65.54593613],[22.17046611740168,65.54536860944513],[22.169029822049236,65.54489565218387],[22.165875310323134,65.54450419411666],[22.160720434313365,65.54474861775488],[22.154951721802306,65.54592378410479],[22.147746461833794,65.5466255738629],[22.14364628208819,65.54754096112505],[22.141792105178716,65.54871081517942],[22.141803512864776,65.55033357543878],[22.13914989131809,65.55334482755131],[22.139394898813116,65.55423508288914],[22.137822856451997,65.55485043828844],[22.137589061052505,65.5555829427841],[22.13773221931935,65.55610317336587]]],[[[22.23874035428903,65.6153517132286],[22.238409325148833,65.61572832752506],[22.243096863047796,65.61532372773421],[22.23874035428903,65.6153517132286]]],[[[22.3514052524345,65.53414413271578],[22.351506061532643,65.53450006811806],[22.35193528785148,65.53447916826433],[22.3514052524345,65.53414413271578]]],[[[22.349184477734166,65.53244803332112],[22.350472059914374,65.5323853508254],[22.350371274775963,65.53202941449442],[22.349184477734166,65.53244803332112]]],[[[22.337160229468267,65.53916707561547],[22.33673091176636,65.53918793445914],[22.336781227612114,65.53936590792932],[22.337160229468267,65.53916707561547]]],[[[22.331726038835,65.54303934388574],[22.331296652170206,65.54306018799439],[22.33134693995928,65.54323816354622],[22.331726038835,65.54303934388574]]],[[[22.316469649723988,65.63091881590613],[22.316419259144514,65.63074083647973],[22.31598840887112,65.63076165151888],[22.316469649723988,65.63091881590613]]],[[[22.31608918498602,65.63111761069014],[22.316038796547975,65.63093963111668],[22.315607942610765,65.63096044511144],[22.31608918498602,65.63111761069014]]],[[[22.31570871444268,65.63131640457685],[22.315658328146128,65.63113842485627],[22.315227470545068,65.63115923780663],[22.31570871444268,65.63131640457685]]],[[[22.315328238093855,65.63151519756622],[22.315277853938884,65.63133721769857],[22.314846992673942,65.63135802960448],[22.315328238093855,65.63151519756622]]],[[[22.311349717889684,65.63134649964877],[22.310487986708036,65.63138810001747],[22.310538338170712,65.63156608179374],[22.311349717889684,65.63134649964877]]],[[[22.30396892066058,65.59904836944989],[22.303538583206294,65.59906914413767],[22.30358881173326,65.59924712944361],[22.30396892066058,65.59904836944989]]],[[[22.28967138724346,65.62571645650216],[22.28962119234787,65.62553846628263],[22.28919040249631,65.62555920465334],[22.28967138724346,65.62571645650216]]],[[[22.283933855577228,65.49682311949171],[22.283883998357805,65.49664512395252],[22.283455327864896,65.4966658252731],[22.283933855577228,65.49682311949171]]],[[[22.273458380230153,65.56497903039187],[22.278725885160977,65.56201940462735],[22.279585383430632,65.56197800638576],[22.277566596531397,65.560992819214],[22.275797703835597,65.56089759014215],[22.27422857976949,65.56151433189218],[22.273269218154617,65.5611997032513],[22.269301699879957,65.56102979566374],[22.255549551972088,65.56169065005076],[22.248342941117468,65.56239724025535],[22.237896253795913,65.56398023567863],[22.237135996330064,65.56437742369741],[22.23503652435209,65.56465832509569],[22.23399538312021,65.5656101125577],[22.230077037302305,65.56561719594337],[22.229316611660707,65.566014346342],[22.223877153796774,65.56681556121892],[22.219826213029503,65.56791103224974],[22.215626254432962,65.56847233587368],[22.21577492723557,65.56900639828056],[22.21754419268105,65.5691023247808],[22.218982707057787,65.5695747999338],[22.219181040802475,65.57028687770783],[22.217659561952825,65.57108107133642],[22.21785787336999,65.57179315105158],[22.224224725891865,65.57275177191447],[22.22457211960269,65.57399789279563],[22.224009880237407,65.57510708839109],[22.222868687087878,65.57570277221186],[22.22356347639996,65.57819501931432],[22.222703336010817,65.5782361058334],[22.221992060429933,65.5788112418707],[22.221131896700605,65.5788523196958],[22.218418899694104,65.58006417108032],[22.218865349609942,65.58166634530923],[22.21972561059586,65.58162527940777],[22.22030459611017,65.58213880076636],[22.220635489447908,65.58176222721671],[22.226227131027727,65.58149514678371],[22.22698804458963,65.5810980071977],[22.22716983759126,65.58018737218123],[22.228460130959462,65.5801257017373],[22.22875817017202,65.58119379436397],[22.232199058365588,65.58102927833886],[22.234200453342257,65.58039237677357],[22.235920829749134,65.58031006739803],[22.235771666002456,65.57977602960294],[22.237012185978706,65.57953627421489],[22.237293074933753,65.57898165482385],[22.23423286298509,65.5789476959262],[22.23408374325994,65.57841365603704],[22.234844446867367,65.57801647903598],[22.234148584026624,65.57552429412374],[22.231799765134518,65.57491509183704],[22.229699386199297,65.57519592805934],[22.229302065497237,65.57377180620368],[22.22963272761762,65.57339521523485],[22.230492694987117,65.57335409106128],[22.230343690554882,65.57282004635167],[22.231583934658513,65.57258033807112],[22.23295601798561,65.57125196627842],[22.237006898065328,65.5701561447502],[22.237088874862188,65.56888947691526],[22.235749467531523,65.56877320229688],[22.234740598133445,65.56828031491398],[22.237220549250747,65.56780082142566],[22.237931196213413,65.5672256199918],[22.239220817029555,65.56716386445818],[22.239799845134357,65.56767731095117],[22.241519360735104,65.567594946381],[22.24437923284088,65.56691673318485],[22.245039943923306,65.56616349066911],[22.246429014870287,65.56645769285143],[22.251686803715604,65.56656633163878],[22.253836047994447,65.56646320566927],[22.25454628789016,65.5658879302673],[22.256215801560604,65.56562739512228],[22.256365286528034,65.56616140968569],[22.25522523012427,65.56675732609611],[22.255374702613903,65.56729134175528],[22.25456480266195,65.56751061026243],[22.254813913365645,65.56840063745892],[22.25400397447252,65.56861990334596],[22.254203256445454,65.56933192593368],[22.253162647239144,65.5702838398924],[22.253081453962512,65.57155050873982],[22.25232121804731,65.57194777274317],[22.252850794207355,65.57228315949115],[22.25204071898884,65.57250241620531],[22.25185983789683,65.57341307216376],[22.2548197289595,65.5730906709236],[22.255579958406134,65.57269339444805],[22.255330772011654,65.57180336927284],[22.257050500606944,65.57172082632187],[22.258950846801397,65.57072760220552],[22.25870156794903,65.56983758346776],[22.257841770456743,65.56987886610366],[22.257642384014495,65.56916684932553],[22.25893204445684,65.56910492558845],[22.26083213179611,65.56811168038276],[22.264700908717845,65.56792579675948],[22.267130339511745,65.56726781829686],[22.267030529950528,65.56691181718877],[22.268369964929207,65.56702781493378],[22.2703194619816,65.56621245567713],[22.26973987194415,65.56569913138868],[22.273458380230153,65.56497903039187]],[[22.269789792051483,65.56587713090957],[22.268930146429383,65.5659184749972],[22.268880232097825,65.56574047513654],[22.269789792051483,65.56587713090957]],[[22.2681621639545,65.5616258043628],[22.26859191709198,65.56160513578938],[22.268641819899322,65.56178313586179],[22.2681621639545,65.5616258043628]],[[22.268641819899322,65.56178313586179],[22.26912148161798,65.56194046578493],[22.268691723458666,65.56196113591027],[22.268641819899322,65.56178313586179]],[[22.26650088703343,65.56657648065739],[22.26607104991684,65.5665971441175],[22.265971257925145,65.56624114213838],[22.26650088703343,65.56657648065739]],[[22.25760496416537,65.5659214939153],[22.257175129346177,65.56594213210774],[22.257125295247242,65.56576412759244],[22.25760496416537,65.5659214939153]],[[22.256545973439202,65.56525075020465],[22.25611614867057,65.56527138529378],[22.256066323351977,65.56509338034367],[22.256545973439202,65.56525075020465]]],[[[22.267880580367116,65.62586190036562],[22.267930627116492,65.62603989920572],[22.26836144535788,65.62601922091672],[22.267880580367116,65.62586190036562]]],[[[22.233446595287766,65.6572752746618],[22.233496478855926,65.65745328637612],[22.234359223442834,65.65741211342197],[22.233446595287766,65.6572752746618]]],[[[22.18654610625672,65.57671190053698],[22.184790617776034,65.57823834538155],[22.18493872554231,65.5787724434176],[22.189007327723587,65.5793006009873],[22.188908530431874,65.57894453886726],[22.18971935506911,65.57872561258242],[22.189324155372564,65.57730136566127],[22.188315809256405,65.57680816416793],[22.18654610625672,65.57671190053698]]],[[[22.172290416120152,65.59290096877046],[22.172819416460744,65.59323664055383],[22.17368014719258,65.59319583152546],[22.175204253868287,65.59240205454917],[22.176876301947082,65.5921423696989],[22.177158602963797,65.59158784842904],[22.178019270967965,65.59154701536842],[22.17744089255763,65.5910333267408],[22.178301541693475,65.590992492259],[22.17810413590599,65.59028035225327],[22.179395069268857,65.59021909343832],[22.17914828534613,65.5893289204214],[22.17995951456119,65.58911004248156],[22.179860796110457,65.58875397373504],[22.180721365313723,65.588713126284],[22.179007936966975,65.58410465271795],[22.180150512832295,65.58350928606401],[22.180051817381432,65.58315321720296],[22.18162450957535,65.58253741739593],[22.18142709023002,65.58182528179674],[22.18056674997857,65.5818661310503],[22.180037890894653,65.58153048490786],[22.178796724933527,65.58176978002493],[22.178895396898756,65.58212584993393],[22.177322662778007,65.58274162182629],[22.177139105742658,65.58365221379873],[22.176328019809887,65.583871075275],[22.17374675841731,65.58399352385567],[22.17278773348189,65.58367825581551],[22.171335856478986,65.58158260364192],[22.170475505164067,65.58162339571425],[22.168951865317695,65.5824171207352],[22.16905040562803,65.58277319831609],[22.167809074647536,65.58301240502949],[22.168879795021226,65.58530652296767],[22.168216400863102,65.58605945857383],[22.169126181885886,65.58619671654414],[22.17086055961787,65.58773787831805],[22.17105774401002,65.58845002989914],[22.170345043955162,65.58902493702513],[22.17168524016225,65.58914178227204],[22.173173389811158,65.58979272663322],[22.173038967342606,65.59088135229989],[22.171895910452886,65.59147666992826],[22.171994532405087,65.59183274477971],[22.170421055484255,65.59244845214837],[22.170568965926183,65.5929825660518],[22.172290416120152,65.59290096877046]]],[[[22.18228742750381,65.5817844276877],[22.184290140192793,65.5811481727545],[22.186440908321938,65.58104598841496],[22.186772283734133,65.58066948419243],[22.18763257270731,65.580628600205],[22.188196479195444,65.57951952369184],[22.185897709135133,65.57908763497736],[22.184607345979536,65.5791489436767],[22.183514423230417,65.57992237433805],[22.179939206029992,65.58117441586532],[22.180037890894653,65.58153048490786],[22.18228742750381,65.5817844276877]]],[[[22.185345951998624,65.53780726151348],[22.185099563170102,65.53691709396757],[22.184536344863663,65.53802615269262],[22.185345951998624,65.53780726151348]]],[[[22.184296787490414,65.54344887606287],[22.183867253326213,65.54346930330303],[22.183916536137747,65.54364733718731],[22.184296787490414,65.54344887606287]]],[[[22.15249286966566,65.61277703128157],[22.15358805906787,65.61200380290633],[22.156172214687146,65.61188166990634],[22.156799919223612,65.61257348173682],[22.1581412837886,65.61269043550125],[22.159433386164242,65.6126293354862],[22.16009767364658,65.61187642993687],[22.16143901522004,65.61199335476222],[22.16362872538344,65.61044676733906],[22.163050186457312,65.609933025445],[22.160896919115284,65.61003490177008],[22.16031844335354,65.6095211488499],[22.16078553608786,65.60805607495264],[22.161929561724953,65.60746083189476],[22.1654237339337,65.60747583469157],[22.166432878095776,65.60796918069191],[22.169016560070116,65.60784683342054],[22.16891790565869,65.60749075699508],[22.170541647569788,65.6070530940061],[22.1703936412,65.60651898106535],[22.171967953349238,65.60590326602758],[22.172151805721718,65.60499267765869],[22.173394134815812,65.60475342581866],[22.17324608565916,65.60421931606193],[22.174008471625214,65.60382242851156],[22.175752511213307,65.60067335265546],[22.175555086608966,65.5999612095721],[22.17396759664892,65.59895422207981],[22.17362222441952,65.59770796626555],[22.17132205660507,65.59727586998396],[22.171124784322387,65.59656371964839],[22.16945239280397,65.596823344352],[22.16921918112247,65.59755589168408],[22.168407598135442,65.59777471552671],[22.16947905353733,65.60006882185884],[22.168631375258094,65.60173234849394],[22.16629477730286,65.60274488056784],[22.16543371670341,65.6027856508295],[22.164720514659443,65.60336053625768],[22.163428887617712,65.60342167675516],[22.162285069910357,65.6040169291506],[22.162383617649468,65.60437301092317],[22.16085842892037,65.60516666929102],[22.159997277890444,65.60520740955131],[22.15852121912792,65.60617908742276],[22.156368241154016,65.60628089668843],[22.15522413608549,65.60687609856451],[22.153932307582696,65.6069371601083],[22.151077845361232,65.60923648101974],[22.15127468463159,65.60994866147404],[22.150327128731174,65.6112560093555],[22.147275121174072,65.61284308370603],[22.144789167373975,65.61332116161032],[22.14412439708161,65.61407400470819],[22.145564152627795,65.61454716470737],[22.147717865983942,65.61444550178018],[22.148431740418175,65.61387068995468],[22.1492932001701,65.61383001241346],[22.149194788469504,65.6134739208708],[22.15249286966566,65.61277703128157]]],[[[22.172630874068783,65.57051831711213],[22.172778679629175,65.57105242997439],[22.173589402476658,65.57083359096926],[22.17339230972081,65.57012144168709],[22.172630874068783,65.57051831711213]]],[[[22.172348679567992,65.57107282902605],[22.17239794668212,65.57125086676756],[22.172827949635014,65.57123046754819],[22.172348679567992,65.57107282902605]]],[[[22.171837664512765,65.59598880716204],[22.17140725159126,65.59600920751348],[22.171456569210502,65.5961872450352],[22.171837664512765,65.59598880716204]]],[[[22.171111361505172,65.59494098189003],[22.171209988556956,65.59529705719176],[22.171640389887497,65.59527665751169],[22.171111361505172,65.59494098189003]]],[[[22.17160349427215,65.53846039852189],[22.171174030239186,65.5384807890647],[22.171223215075052,65.53865882803476],[22.17160349427215,65.53846039852189]]],[[[22.170278399042985,65.58091124257874],[22.170376950617015,65.58126731919343],[22.17080712085759,65.58124692409966],[22.170278399042985,65.58091124257874]]],[[[22.170138601517564,65.59300296233579],[22.170187903589056,65.5931810004244],[22.170618270894817,65.59316060397266],[22.170138601517564,65.59300296233579]]],[[[22.169954739676218,65.59391354845262],[22.17010265059088,65.5944476627994],[22.17053303892191,65.5944272663877],[22.169954739676218,65.59391354845262]]],[[[22.164114612466612,65.62323027854804],[22.16454548299957,65.62320989451543],[22.16449615089398,65.62303185492902],[22.164114612466612,65.62323027854804]]],[[[22.155333499550547,65.5204735433556],[22.15490431599913,65.52049388502114],[22.15495334902084,65.520671930771],[22.155333499550547,65.5204735433556]]],[[[22.151484700732876,65.59334471750516],[22.151472518439984,65.59172196612631],[22.14697230658022,65.59121314337777],[22.145250872459023,65.59129445301537],[22.14539825851024,65.59182859647379],[22.142593733771633,65.59430579807218],[22.142839324289124,65.59519604187358],[22.14547100945391,65.59525215505386],[22.151484700732876,65.59334471750516]]],[[[22.1491072331181,65.62736650141807],[22.14877474720331,65.62774293370266],[22.150449336058443,65.62748351612639],[22.150781794330015,65.62710708043637],[22.1491072331181,65.62736650141807]]],[[[22.147912825284347,65.627783612709],[22.14796205464596,65.62796165865467],[22.148823982377454,65.62792097931334],[22.147912825284347,65.627783612709]]],[[[22.147100123938866,65.62800233312936],[22.147149348231686,65.62818037938666],[22.148011284751455,65.62813970457701],[22.147100123938866,65.62800233312936]]],[[[22.14628740873661,65.6282210493296],[22.14633662796042,65.62839909589844],[22.147198573268327,65.62835842562056],[22.14628740873661,65.6282210493296]]],[[[22.145905654190813,65.62841942921234],[22.145954871251885,65.62859747592528],[22.146385847927988,65.62857714244394],[22.145905654190813,65.62841942921234]]],[[[22.145573108730346,65.628795855047],[22.145523893832067,65.62861780818994],[22.144661936761395,65.62865846906907],[22.145573108730346,65.628795855047]]],[[[22.14169425233145,65.62897879218268],[22.141743441813432,65.62915684052304],[22.14476035567529,65.62901456342956],[22.14169425233145,65.62897879218268]]],[[[22.12996504789356,65.58011155851028],[22.13039523711532,65.58009127794612],[22.13034623696472,65.57991322403362],[22.12996504789356,65.58011155851028]]]]}}]}