{"type":"FeatureCollection","properties":{"source":"SMHI SE.SR Ytansamling av alger","date":"2005-08-06","note":"Test: SMHI WFS clipped to Lulea municipal sea area and simplified 20 m."},"features":[{"type":"Feature","properties":{"cyano_daymap_file_id":2925,"date":"2005-08-06Z","cloud":null,"sub_surfac":null,"surface":null,"no_data":null,"class":1,"color_hex":null,"algae_class":"class_1","source_date":"2005-08-06"},"geometry":{"type":"MultiPolygon","coordinates":[[[[22.38210105,65.86011780000001],[22.39636777646959,65.8594240799699],[22.39668447049406,65.85906410026999],[22.39885743269808,65.85895868529497],[22.398748369029253,65.85930832358068],[22.400014754283514,65.85924674555724],[22.400492768037203,65.85851845052014],[22.4022310874637,65.85843407817926],[22.40325482732723,65.85892570248438],[22.40412399693412,65.85888350298265],[22.40468392977639,65.85777366685228],[22.405884531025684,65.85735447777965],[22.407880538852247,65.85815973235852],[22.408749673439885,65.858117506887],[22.409629663555137,65.85877922028693],[22.447286199999997,65.85694816999998],[22.44633879331814,65.85369338626617],[22.445394083935376,65.8538062549804],[22.44518685532831,65.85309456554697],[22.446035867101944,65.85265269345715],[22.4421072,65.83915589],[22.46381688,65.83809409],[22.46122296,65.8291983],[22.502988150384144,65.82714662413873],[22.50296882849633,65.82625928997233],[22.50436497495735,65.8261905074837],[22.50201497,65.81817139999998],[22.505590684512622,65.81799471732162],[22.504804923070374,65.81750635154194],[22.5069738432571,65.81739943888977],[22.50751192455021,65.81773384840209],[22.508761123385135,65.81749178405616],[22.50927729375669,65.81781255512912],[22.524030716132373,65.81708356119759],[22.523524933205433,65.81531923038915],[22.524392392602902,65.81527636368128],[22.524287871785607,65.81492058168034],[22.52619511523965,65.81392394423422],[22.52706252231335,65.81388106286211],[22.52695797142525,65.8135252829867],[22.52886500890773,65.81252861419718],[22.528514451184652,65.80983882851203],[22.527333574261487,65.8088143777174],[22.525233343064276,65.8080017770699],[22.521091930000004,65.8082067],[22.518856261661647,65.80058793508472],[22.516537373160162,65.80050474984533],[22.51534123094673,65.80092476410816],[22.515064220141696,65.8014798555499],[22.51376369837562,65.80154406768631],[22.512254593551674,65.80089668386563],[22.51186001046369,65.79963870707482],[22.496807559999997,65.80038126999999],[22.494782966386442,65.7934566700294],[22.49425526889202,65.79348266349436],[22.494235012400903,65.79148471932238],[22.49331939333825,65.79028039058892],[22.494671403396612,65.79039426145707],[22.49533008240606,65.78963995272004],[22.497392681722356,65.78917739198155],[22.498103265654088,65.78860097494334],[22.499021898244177,65.78873616304399],[22.499351158274724,65.78835900041649],[22.500217759076524,65.7883162795317],[22.500113703060965,65.78796047646944],[22.50146561713825,65.78807428803971],[22.500772162914178,65.78720614638075],[22.502453236950977,65.7869427837705],[22.50305956008833,65.78601054411408],[22.503874026324674,65.78578990294396],[22.503613796774207,65.78490040227803],[22.502157974837246,65.78443080663685],[22.501412577332882,65.7833847662073],[22.502018862069107,65.78245253107366],[22.501481615792787,65.78211809404446],[22.502191921218543,65.78154166069544],[22.503439434878473,65.78129965643353],[22.503335368463564,65.78094385567772],[22.505501222056168,65.78083699399589],[22.506107303037062,65.77990474461176],[22.51043878839632,65.77969091389794],[22.511686131824284,65.77944884382786],[22.51158196067598,65.77909304973545],[22.51250031695533,65.77922815934573],[22.514457562740187,65.77840958588715],[22.513868146793243,65.77789729725443],[22.514734367325502,65.77785449760765],[22.515011160637368,65.7772994089373],[22.520657345672927,65.77557651810214],[22.52325572344346,65.7754479914509],[22.52509229730662,65.77571806584218],[22.525300982517347,65.77642963209179],[22.526704568959353,65.77672111630844],[22.52729420924693,65.77723335308389],[22.527502969910618,65.77794491557788],[22.525546183442486,65.77876365199926],[22.525650545532198,65.77911943466016],[22.52478430432603,65.77916229654384],[22.523078049453183,65.7810365044447],[22.53483076944441,65.78045423952676],[22.533050452154516,65.78037735868658],[22.532737050948835,65.7793100287965],[22.53187081750618,65.77935293087391],[22.5344172658239,65.77904632227306],[22.53420830378554,65.77833477123606],[22.5320950280834,65.77861992596493],[22.531938356504348,65.77808625983478],[22.531072162545016,65.7781291569841],[22.530967730523695,65.77777337872672],[22.53281981511073,65.77659879838919],[22.53498515691161,65.7764915228721],[22.533857862857662,65.77564499698003],[22.537045971560516,65.77602844344318],[22.537254989380823,65.77673999003338],[22.53557495463323,65.77700372605703],[22.53654560533828,65.77731657758198],[22.537429558874052,65.78032548772163],[22.538314256556934,65.780281657151],[22.53928597617919,65.7791659930298],[22.541070685751805,65.7792579851081],[22.540861538187773,65.7785464450262],[22.54216081957023,65.7784820141077],[22.542384729984782,65.77774899703778],[22.543355489590315,65.77806180412084],[22.543683966642252,65.77768455357803],[22.54455012044339,65.77764158515838],[22.546544029725315,65.77844504765571],[22.54481167299432,65.77853100271912],[22.544368652368295,65.77998170426497],[22.55658096,65.77937667],[22.556282554795217,65.77836322334905],[22.555415160559733,65.77872649542994],[22.55449661231088,65.7785916462866],[22.554339477671647,65.77805800778856],[22.55260717816357,65.77814405088104],[22.551583948945872,65.77765342316162],[22.55132217368898,65.7767640194305],[22.55447234018928,65.77552466783318],[22.555455516540004,65.77555442800445],[22.553962170000002,65.77048271],[22.59725284,65.76832551],[22.589364479999997,65.74164591],[22.61098488,65.74056407],[22.60309255,65.71388523],[22.55989354,65.71604319],[22.56250774,65.72493709],[22.57752813928706,65.72418780058209],[22.576364872519758,65.72317710068758],[22.579389779456303,65.72302610583128],[22.57734685906549,65.72204516821684],[22.578643192842698,65.72198045568166],[22.578538379383513,65.72162471397469],[22.579677448011566,65.72102638038261],[22.580541632616548,65.72098322706148],[22.581196124484165,65.72022858981477],[22.58411577191255,65.71972176552],[22.58466524551037,65.71861137747361],[22.585529339447397,65.71856819673052],[22.58563423411261,65.71892393280201],[22.58644588297614,65.71870287880387],[22.589195569268625,65.71910689133672],[22.588319151084065,65.72059462772717],[22.58972033954566,65.72088555536914],[22.590414849344935,65.72175328107625],[22.588424093994202,65.72095036139598],[22.587559926318693,65.72099355931842],[22.587232769872724,65.7213708910856],[22.585884036571972,65.72125780839872],[22.585988949239287,65.72161354405068],[22.58458776080873,65.72132258204397],[22.583880899419803,65.72189936448983],[22.584850004669796,65.72221192365235],[22.5850598140616,65.72292339647367],[22.58447034480828,65.72241138174213],[22.582637020455508,65.7221419906372],[22.5821398275821,65.72343024227952],[22.57949461145645,65.72338184676904],[22.579700196024447,65.72407944799455],[22.583855439370804,65.72387216456563],[22.583920791486452,65.72352176990405],[22.58613389667332,65.72359168303791],[22.587325339644448,65.72317116075827],[22.586251244814964,65.72250288272807],[22.589171041954128,65.72199595992221],[22.590087726042412,65.72213061865173],[22.588948856241394,65.7227290281876],[22.589485935890096,65.72306315830656],[22.58850445056138,65.72419516409639],[22.587692649944074,65.72441623060092],[22.588387194154755,65.72528396523587],[22.587522881640165,65.72532716439795],[22.586868455913272,65.72608182821611],[22.585244694685343,65.72652394104136],[22.585781809044217,65.7268580838944],[22.58504270386097,65.72700223616137],[22.586739009999995,65.73275258],[22.56742575364735,65.73371468324468],[22.56724798818215,65.73391941383625],[22.56546635165913,65.73382769776545],[22.566108073676464,65.73451766283485],[22.565243407801574,65.73456073897418],[22.563263433713406,65.7339220320957],[22.543506849999996,65.73490622],[22.54873054,65.75269459],[22.52709687,65.75376771999998],[22.529704369999997,65.76266225999998],[22.48641645,65.76480024],[22.483823599999997,65.75590482],[22.44054246,65.7580297],[22.43796621,65.74913335],[22.416330029999997,65.75019077],[22.41376307,65.74129391],[22.43539193,65.74023693000001],[22.42768076,65.71354729],[22.425703201516647,65.71364391034078],[22.4264998330065,65.71434067680833],[22.42578957955192,65.71491675659838],[22.425994944283943,65.71562849042765],[22.427928984528272,65.71625565298922],[22.428720690598272,65.71748003365593],[22.427856321284978,65.7175223264129],[22.427959042961962,65.71787819158153],[22.42633297304767,65.7183186303166],[22.423666888685656,65.71971212765081],[22.423769563208882,65.72006799610872],[22.42112483724906,65.72001684292063],[22.41957158749002,65.7191905376587],[22.415249334202382,65.71940169644063],[22.41407725611237,65.71837628502016],[22.411762425471732,65.71794798401208],[22.41188712739865,65.71685924967335],[22.411022745743022,65.71690144692147],[22.410920261627076,65.71654556800593],[22.40699976035408,65.71781952176892],[22.40863497,65.72350001],[22.38701879,65.72455306999998],[22.379363099999992,65.69786045],[22.40095737,65.6968087],[22.39840205,65.68791147],[22.365826987946075,65.68949633134933],[22.366566216483836,65.69019636457797],[22.36575350427932,65.6904162548597],[22.365956985934265,65.69112808782107],[22.364763293328448,65.69154689661363],[22.364484068056203,65.69210173471889],[22.363188594513296,65.69216461410754],[22.36382385918325,65.69285549175535],[22.363163612884218,65.69360924628845],[22.36186806010031,65.6936721151981],[22.361969761405046,65.69402803469494],[22.361156890004622,65.69424790195477],[22.361461982011864,65.6953156617817],[22.362274883798726,65.69509579259527],[22.362529173636496,65.69598559016924],[22.363545552759007,65.69647755149926],[22.362453300940363,65.69725226306218],[22.362479155586172,65.69887485481128],[22.36118333742152,65.69893772047257],[22.361285054214132,65.69929364027172],[22.360421159913376,65.69933554530732],[22.358947579976167,65.7003091449989],[22.359633796935512,65.70117799987834],[22.35871899050798,65.70104193532529],[22.35887153097653,65.70157581780552],[22.357092741717434,65.70148163565732],[22.357194414321373,65.70183755861952],[22.35485655110295,65.7028530042467],[22.352696481430478,65.70295766958417],[22.35168004272781,65.70246563633368],[22.350434805635057,65.70270637618769],[22.34990121341637,65.702371370466],[22.34774115981463,65.70247596527169],[22.34705530291192,65.70160705324976],[22.345327301500518,65.70169069881179],[22.345657788354856,65.70131385711416],[22.34479379625125,65.70135567432676],[22.343726827701875,65.70068561933401],[22.342532331834455,65.70110426136628],[22.341516157866895,65.70061215762269],[22.340753623865425,65.7010098873341],[22.33945763547256,65.70107256952538],[22.338745765453837,65.70164825822049],[22.337831045138703,65.70151206719694],[22.337678938875687,65.70097815942387],[22.33681494246819,65.70101993135188],[22.337685043713538,65.70527656993647],[22.340141453869595,65.70500876779064],[22.341107044854297,65.70532291142644],[22.340979382636334,65.706411615926],[22.341843550866372,65.70636981867281],[22.342910714630495,65.70703988496926],[22.340673294329587,65.70841105691956],[22.339376935217572,65.70847374202077],[22.33991052363383,65.70880878469126],[22.338628637244465,65.70858833063691],[22.33870413,65.70885329],[22.33778224706651,65.70889779155964],[22.338689282740635,65.71067204185468],[22.337774240248873,65.71053585361983],[22.337011363146704,65.71093356788356],[22.335714867037986,65.71099622310567],[22.335384117937124,65.71137304572476],[22.333604721653867,65.71127859476634],[22.333756816754548,65.71181250670242],[22.33246026714195,65.71187513470741],[22.332612342856073,65.71240904797416],[22.330782203019464,65.71213659343296],[22.330069846197354,65.71271224621152],[22.326129359614235,65.7127220310124],[22.32579844871832,65.71309883435227],[22.324400534912165,65.71280544678343],[22.32429926138926,65.7124494980865],[22.323434856124763,65.71249119796147],[22.321375062143115,65.71295137739868],[22.32147629781622,65.71330732840711],[22.320129028134595,65.71319187681769],[22.320280858789538,65.71372580476883],[22.31974741597531,65.71339069185785],[22.318112647724988,65.71346949830404],[22.319294035148175,65.71762485828987],[22.321826785543163,65.71762042532434],[22.321928049417846,65.71797637575287],[22.320732405951603,65.71839485763164],[22.320934913958748,65.71910676006587],[22.319306877759367,65.719546073573],[22.31955997921724,65.72043595426446],[22.3171177436857,65.72109489767472],[22.31698902809784,65.72218359209451],[22.31574251022892,65.72242406025553],[22.316276095274926,65.72275918582098],[22.314546561677545,65.72284249646849],[22.315282537923444,65.72388953729345],[22.31474894137116,65.72355440835732],[22.313884146566046,65.72359605773067],[22.31378296688764,65.72324010114718],[22.311671570538184,65.72352218065669],[22.31225570709312,65.72403529968634],[22.311390891382523,65.72407693509464],[22.311289743745366,65.72372097654565],[22.309661250761025,65.7241601912583],[22.311160775148505,65.72480966846076],[22.31136308018781,65.72552158556486],[22.31054878538454,65.72574119595562],[22.311565397496143,65.7262335022796],[22.31245312676181,65.72781449398121],[22.314212198421753,65.72807643706845],[22.322158659999996,65.72769393999998],[22.32292268748963,65.73037718770605],[22.323693534297835,65.73034002486241],[22.32471057855672,65.73083223920072],[22.325575594321048,65.73079052617877],[22.32494035267421,65.73009948868531],[22.32580534348492,65.73005777459858],[22.325906720730377,65.73041372126599],[22.326721025313606,65.73019402862792],[22.327254917300486,65.73052911272254],[22.32806921357561,65.7303094129531],[22.327917104956352,65.72977549549958],[22.327001432204064,65.72963924857703],[22.327281827683088,65.72908446811869],[22.32738322065687,65.72944041365216],[22.328782079151647,65.72973376465899],[22.328984915596802,65.73044565316961],[22.33173207806548,65.73085434022407],[22.332468994402994,65.73190128879034],[22.33381729515634,65.73201662112112],[22.333486266066206,65.73239344229553],[22.33412179468349,65.73308444134274],[22.333307465546053,65.73330417380248],[22.333510460281055,65.73401605474267],[22.33490963643824,65.73430934636667],[22.335977820467914,65.73497945136265],[22.334298304165632,65.73524096290541],[22.333815781062302,65.7361521541752],[22.34632177,65.73554832],[22.34697578998867,65.73783674958624],[22.349488314182004,65.73775450441885],[22.349717432456035,65.73702172291868],[22.35213478942488,65.73780688565071],[22.350887868969433,65.73804764552507],[22.350989629246715,65.73840357174656],[22.349793542303853,65.73882228619512],[22.349997043150616,65.7395341402214],[22.349131782325628,65.73957599437941],[22.348800888236738,65.73995284752883],[22.349487897514443,65.74082174040005],[22.35030231757178,65.740601920524],[22.350454965201298,65.74113581034369],[22.351320275658765,65.74109394818673],[22.351574733103135,65.74198376233244],[22.35076028130048,65.74220358931983],[22.35086205950889,65.74255951544866],[22.34999669909613,65.74260137548478],[22.348864829999997,65.74444653999998],[22.347476587030204,65.74452749185076],[22.34778182828797,65.74559527750992],[22.345669013939407,65.74587784233047],[22.34510868289655,65.74698746591487],[22.34200246482309,65.74840051787257],[22.342104151769004,65.74875645072638],[22.33866638700115,65.75054627880628],[22.33925169834289,65.75105928278147],[22.34136500975099,65.75077680219064],[22.340320712772485,65.75172934924993],[22.341745737921233,65.75364517329194],[22.340447112537532,65.75370788943688],[22.339071449890593,65.75503726672969],[22.338205648546722,65.7550790640172],[22.330974455635303,65.75862284258841],[22.332305480000002,65.76328843],[22.35819264605873,65.76203761398332],[22.358043665187658,65.76151761117603],[22.359826615554734,65.76161174181502],[22.358327743829648,65.76203106987246],[22.37560609,65.76119411000002],[22.378162290000002,65.77009171],[22.334847000000003,65.77218690000001],[22.33808788678916,65.78352096669595],[22.34040932794414,65.78275772567572],[22.34214277646363,65.78267408335701],[22.34285670719024,65.78209835900367],[22.345788243202033,65.7815959960419],[22.346119682409196,65.78121914423083],[22.346986345396978,65.78117729366515],[22.347317761864684,65.78080043946801],[22.349000084413827,65.78053875725229],[22.35096274374948,65.77972223309423],[22.352695947172457,65.77963847315964],[22.35389384454105,65.77921971847546],[22.355627002765704,65.77913592565535],[22.35659560955653,65.77944994170385],[22.356621474224195,65.78107253398942],[22.355092232874718,65.78186818121718],[22.354225562498872,65.78191007792887],[22.35399624635541,65.7826428680216],[22.352747195554915,65.78288366366627],[22.351753083175574,65.78401425817142],[22.34930576064001,65.78467376708352],[22.347776081137088,65.78546934513668],[22.347878023507157,65.78582527162885],[22.34701120610338,65.78586712874727],[22.347113139809938,65.78622305583364],[22.346246307546892,65.78626490874697],[22.346348232589257,65.78662083642745],[22.345098915604837,65.78686157197556],[22.344869302590975,65.7875943511788],[22.343237422876097,65.7880339576728],[22.342344586393423,65.78952042673782],[22.34109509077588,65.78976113119894],[22.34010021328297,65.79089165704396],[22.33923321042628,65.79093347173024],[22.3363251248549,65.79305832741362],[22.336528768725138,65.79377019792412],[22.337880344552993,65.79388546271699],[22.335763476931334,65.79416792910239],[22.335865294833948,65.79452386480399],[22.33494725814307,65.79438768848176],[22.335584452430684,65.79507866523475],[22.33433462326661,65.7953193175038],[22.33448732989381,65.79585322265284],[22.333186557787204,65.7959158975394],[22.333058329043823,65.79700460050329],[22.331093800161526,65.7978209120299],[22.331195570938554,65.79817685129458],[22.329129146566085,65.79863719944846],[22.329281769014443,65.79917111060692],[22.326449622149426,65.8000291213965],[22.326551339281387,65.80038506426921],[22.324203502419152,65.80140013442154],[22.32440689075116,65.80211202352893],[22.323539479931565,65.80215375290688],[22.320144293946193,65.80412121449481],[22.31927680721449,65.80416292036412],[22.31871420436547,65.8052724683289],[22.3171823710469,65.80606775996783],[22.316389064310364,65.80791004683844],[22.315572244231095,65.80812970827013],[22.31544323688202,65.80921840378005],[22.313961867440295,65.81019164194963],[22.314548117113148,65.81070473171157],[22.31541583328703,65.81066305053598],[22.315697264419356,65.81010828166899],[22.31656495827247,65.81006659417284],[22.316463333150452,65.80971064378082],[22.317663210737198,65.80929215492318],[22.317459940585433,65.80858025572137],[22.319246043603187,65.80867483097661],[22.320828800334006,65.80805749133931],[22.320727125840065,65.8077015442559],[22.32159472886985,65.80765982902967],[22.32213022139825,65.80799491562523],[22.322028529224937,65.80763896957788],[22.322896127615298,65.80759724699692],[22.323611155094966,65.8070216023308],[22.32447872962015,65.80697987098003],[22.32437700982396,65.80662392676057],[22.326010385751612,65.80618450779693],[22.327006441827816,65.80505406265887],[22.328358575972032,65.80516940647419],[22.32825681118176,65.80481346526946],[22.329124302330055,65.80477170830393],[22.329456267374834,65.804394887717],[22.33157404512812,65.80411250015113],[22.331038515131894,65.80377744705146],[22.33277341375542,65.80369389736019],[22.332671595000853,65.80333795961529],[22.33583572892334,65.80210299865423],[22.33649938665095,65.80134933016076],[22.337800423247586,65.80128662448887],[22.33851494549663,65.80071091482708],[22.339815943976436,65.80064819233279],[22.340096748617473,65.80009338448565],[22.341780400433258,65.79983176919235],[22.342443827575487,65.79907807704917],[22.34369375776191,65.79883735737187],[22.34354083922579,65.7983034634835],[22.344408081523152,65.79826162201145],[22.348285214865445,65.79645067685564],[22.35203438261658,65.79572834950653],[22.35318199455391,65.79513163199817],[22.353079934731184,65.79477571019291],[22.355247691469096,65.79467096505343],[22.356012690820986,65.7942731389469],[22.355859549771047,65.79373925954677],[22.35716014571588,65.79367639301707],[22.35907245286088,65.79268179841567],[22.362438349316502,65.7921581439776],[22.36483492181146,65.79132046464008],[22.367818166523136,65.79099562859686],[22.36761368536889,65.7902838079933],[22.369449795976116,65.79055576151436],[22.37067471168559,65.79175945390942],[22.369374252062862,65.79182243436306],[22.370012295566344,65.79251325903866],[22.369196431728955,65.79273319824291],[22.369349841711376,65.79326706165308],[22.368100431558908,65.79350798652118],[22.367259996248702,65.79517254399794],[22.36611271531918,65.79576936422396],[22.366470584517373,65.79701505334177],[22.371444537119014,65.79749596651367],[22.37073084637415,65.79807182233455],[22.371317926219113,65.79858468588358],[22.37011943628831,65.79900358314646],[22.37027291024682,65.79953744500358],[22.36869188345109,65.80015528069389],[22.368029206432343,65.80090907970754],[22.36866745360559,65.80159990803246],[22.367902442171665,65.80199779770857],[22.36805589164476,65.80253166202749],[22.366857166735787,65.80295053591881],[22.36667920260087,65.80386129822223],[22.36736864275764,65.80473008675938],[22.366603520443938,65.80512797098609],[22.366476685123892,65.80621668847407],[22.36522662410805,65.80645759605936],[22.365099727046065,65.80754631299241],[22.36423221273815,65.80758827470737],[22.364105270651045,65.80867699124283],[22.363288849200806,65.80889690420204],[22.364463258307634,65.80992268388809],[22.363264135311635,65.81034153336907],[22.363034870265913,65.81107433649717],[22.362218364324708,65.81129424453968],[22.36237176257387,65.81182811505312],[22.361121391147115,65.81206899198598],[22.36017771656805,65.81337760521829],[22.355916155721097,65.81538778524728],[22.356120553187644,65.8160996222803],[22.35328749721711,65.81695813991308],[22.353057898417333,65.81769093123248],[22.352241096938677,65.8179107887227],[22.352164700514756,65.81917746109951],[22.351296769151446,65.81921935327337],[22.350250206911777,65.8201719899803],[22.350275858539646,65.82179458518276],[22.352369516149977,65.82295653030896],[22.353722698408784,65.82307163929919],[22.354565583330604,65.82447436421113],[22.35331452603972,65.82471518374994],[22.35351894056762,65.82542702408281],[22.352318924568593,65.82584579610017],[22.352472221743746,65.8263796775048],[22.350889140315953,65.82699734834365],[22.350276376839727,65.8279290424948],[22.34639475989443,65.82974008098802],[22.346496893902433,65.8300960065145],[22.343380961242595,65.83150917963977],[22.34348306201184,65.83186510749717],[22.342231539356817,65.8321058406626],[22.340954075799193,65.83379120068693],[22.342205692306543,65.83355047709509],[22.341669389721964,65.83321546874369],[22.342818873135904,65.83261881136625],[22.343687272875282,65.8325769629167],[22.34309992293733,65.8320639957072],[22.344351435025903,65.83182325552619],[22.344453550711616,65.83217918259173],[22.34532193242513,65.83213732501916],[22.345858258623036,65.83247232031913],[22.3439425539403,65.83346678163758],[22.34263990888066,65.83352955507144],[22.34317623073423,65.83386455983016],[22.341975654746385,65.83428325589236],[22.34132444607108,65.83502210993194],[22.34587254094316,65.83480299497438],[22.345934762683882,65.83427288118394],[22.347569488721795,65.83383321859618],[22.349433982244594,65.8326607514094],[22.350353470965036,65.83279682659705],[22.350685460745183,65.8324199596425],[22.351553838398928,65.83237806667229],[22.351017441051013,65.83204309205647],[22.353188345942158,65.83193834602875],[22.352422212940922,65.83233616879404],[22.355410364965415,65.83201152846043],[22.35691747328598,65.83266048139973],[22.357070914616187,65.83319435679445],[22.356253662978762,65.83341424005918],[22.355666044560817,65.83290132375969],[22.355385259560194,65.83345616000021],[22.35732666573803,65.8340841486254],[22.361234534837624,65.8338954198123],[22.36200057389461,65.83349755374222],[22.363737354503456,65.83341363394074],[22.36524475300969,65.83406250191284],[22.366088659179606,65.83546515335418],[22.364785977968122,65.83552811602874],[22.362819603005736,65.83634485366507],[22.359447971915504,65.83686857143896],[22.35921840382102,65.83760137168342],[22.360086939616977,65.83755942867906],[22.36067475739019,65.83807232605098],[22.359474281826945,65.83849115869145],[22.35381459188451,65.83837996175781],[22.353962272622187,65.8388936658553],[22.355565699290494,65.83867984927798],[22.35566800278594,65.8390357670352],[22.35658775277216,65.83917180218464],[22.359678998256502,65.83920298785338],[22.361569753992903,65.83965296020621],[22.363792459220154,65.83972601410663],[22.363614205577434,65.84063677552301],[22.358887865993253,65.84104547423539],[22.357482541181675,65.84075246227157],[22.35830001204927,65.84053257033716],[22.35776335146568,65.84019762194552],[22.35425133314721,65.83989915633744],[22.35434617980729,65.84022907829399],[22.357636052219185,65.84128633641862],[22.362030538922326,65.84125456745183],[22.362184147931146,65.84178843608892],[22.36131547348296,65.84183039234496],[22.361852215092856,65.84216532747953],[22.36049798866241,65.84205030054927],[22.359680489686795,65.84227020451402],[22.360217219808007,65.84260514550276],[22.358914159823392,65.84266806171844],[22.36070276744128,65.84276212773516],[22.36129072251794,65.84327502141534],[22.363896882985845,65.84314913693738],[22.36461192486718,65.84257330018853],[22.3659149633047,65.84251033557757],[22.366144375497687,65.84177752677452],[22.36777921362867,65.84133764681926],[22.367625491760343,65.84080378489018],[22.368774690291698,65.84020693493105],[22.370077596647796,65.84014393607748],[22.370180107874123,65.84049984211555],[22.371636824201644,65.84097068847677],[22.372505449388765,65.84092867399977],[22.372607997955523,65.84128457804972],[22.371663923829537,65.84259326601867],[22.36959472573426,65.8430541888155],[22.36606866192815,65.84304419944795],[22.364868048826676,65.84346307579106],[22.365277887725327,65.84488671546916],[22.364025951552627,65.84512763118501],[22.362978864906776,65.84608036009219],[22.363720624027323,65.84712711022492],[22.365995225951824,65.84737808109686],[22.366021998641592,65.84900066273632],[22.365204330586586,65.84922059787522],[22.362060655782837,65.84901157953283],[22.36241921905087,65.85025727131921],[22.3616014795558,65.85047718785961],[22.36137187352195,65.8512099916745],[22.35861127481126,65.85080196893266],[22.357413613870094,65.85089907813057],[22.35780783,65.85227034999998],[22.356764179377166,65.85232056165776],[22.356618563148025,65.85306327045151],[22.357538825171464,65.85319929497648],[22.35666975616428,65.85324122858398],[22.35649118248432,65.85415198470633],[22.35534108636519,65.85474875079258],[22.3531170936752,65.85467558620488],[22.35240146862002,65.85525137468856],[22.351481157826438,65.85511531969225],[22.350816642678684,65.85586906139817],[22.35132827344358,65.85764866421835],[22.350024424916672,65.85771151213086],[22.34935980363219,65.85846524850785],[22.350791884100644,65.86038091955272],[22.346752083103826,65.86165813062313],[22.347007817233813,65.86254793980771],[22.34667540795831,65.86292480273197],[22.345805988852785,65.86296667789154],[22.345396818002474,65.86461021048471],[22.348414542589467,65.86590826548523],[22.353299228088115,65.8660337231249],[22.355216925097864,65.86503912551427],[22.35496087699204,65.86414933307026],[22.356213821440523,65.86390848202714],[22.356111391463184,65.86355256587034],[22.353989030744692,65.86383533774836],[22.353017208175956,65.86352133602206],[22.35347706785792,65.86205574703877],[22.354244046081043,65.86165791094332],[22.35598275959635,65.8615740608845],[22.356519860670083,65.86190901130283],[22.35738922302201,65.8618670757487],[22.35802879719548,65.86255793575532],[22.359332868039186,65.86249501743632],[22.359460149168463,65.86140630179123],[22.360329488755593,65.86136434973152],[22.360942614517928,65.86043261187731],[22.362578716413694,65.8599927755315],[22.36247621705252,65.85963686429918],[22.359995628208274,65.85867402475571],[22.361094549303438,65.8578992668466],[22.360940847289307,65.85736539802727],[22.362857613187007,65.8563707134304],[22.363113841545715,65.85726049094184],[22.364034287712965,65.85739647458918],[22.364546869963025,65.85917602403002],[22.363728869250362,65.85939595444667],[22.36388264374755,65.85992981976632],[22.365289102040222,65.86022276198979],[22.36603139696278,65.86126949574175],[22.36690071903609,65.86122750647597],[22.36661990304796,65.86178236361567],[22.367489241311716,65.8617403708482],[22.36733537890061,65.86120651000023],[22.367872618060545,65.86154141920443],[22.369176608373134,65.8614784176754],[22.369330510980397,65.86201227628536],[22.366160801117605,65.8632479848781],[22.367364874071992,65.86589629593438],[22.36828565408756,65.8660322507862],[22.368569210948024,65.86854459496668],[22.369490092899174,65.86868054159017],[22.369157942640093,65.86905745090446],[22.370999759052506,65.8693293310105],[22.371102422910738,65.86968523494326],[22.371920681502594,65.8694652626069],[22.37430006196765,65.87007199293085],[22.376501606489207,65.8715894585933],[22.37941891787559,65.87253097961651],[22.380162171405207,65.87357763552617],[22.381953006875737,65.87367143140983],[22.381976524384218,65.87222681098089],[22.38100404492253,65.87191299349537],[22.380055219769574,65.870154548378],[22.37859666385554,65.86968379993914],[22.375066943760952,65.869674053301],[22.37307102532503,65.86886836941892],[22.37281431318158,65.86797861326161],[22.37424528169275,65.86682684455394],[22.3739885533847,65.86593709051836],[22.375676123773644,65.86567506365789],[22.379078840158954,65.86677352561267],[22.380410836432116,65.86833299568345],[22.382252711966025,65.86860473965966],[22.38382033650976,65.86606933486021],[22.38210105,65.86011780000001]],[[22.53730724581933,65.77691787661684],[22.53865872190893,65.77703136272453],[22.538554190641136,65.77667559064795],[22.539853384759763,65.77661118025908],[22.540077347942,65.77587816606304],[22.54061495278292,65.77621246348258],[22.541481063321516,65.77616951293007],[22.541585632473314,65.77652528262429],[22.540719510204006,65.77656823388686],[22.54087635228871,65.77710188930087],[22.54001020924755,65.77714483673817],[22.53968168429749,65.77752207983565],[22.53654560533828,65.77731657758198],[22.53730724581933,65.77691787661684]],[[22.575880348319814,65.72302079457259],[22.576312478139332,65.72299922893399],[22.576364872519758,65.72317710068758],[22.575880348319814,65.72302079457259]],[[22.356712895744792,65.8319486471947],[22.35535923138135,65.8318335693266],[22.354771668622323,65.83132064905054],[22.353903332934756,65.83136255991684],[22.353801090480278,65.83100664038554],[22.354950190725983,65.83040989536771],[22.35479681332033,65.82987601722618],[22.3562015063805,65.83016905995486],[22.355613966968605,65.82965614269351],[22.359087047413617,65.82948843320901],[22.35972581046891,65.83017929393358],[22.358423378062064,65.83024219995606],[22.358959831594436,65.83057714802084],[22.35814267875686,65.83079704044971],[22.358781451191753,65.83148790503213],[22.359700943882054,65.83162392390078],[22.35952258466693,65.83253468157206],[22.357632394826535,65.83208467845701],[22.357785846860804,65.83261855303178],[22.35691747328598,65.83266048139973],[22.356712895744792,65.8319486471947]],[[22.353989030744692,65.86383533774836],[22.35365670936061,65.86421221501269],[22.353119595155725,65.86387725466163],[22.353989030744692,65.86383533774836]],[[22.450866999999995,65.79361451],[22.472537899999995,65.79255183999999],[22.47373707568578,65.79666513851292],[22.474888948116263,65.79642029737504],[22.47473333059858,65.79588656229713],[22.47771558496723,65.79555958662445],[22.478045241762658,65.79518246613722],[22.478912114275108,65.79513986368295],[22.478374889167156,65.7948053450294],[22.47967517675284,65.79474143689708],[22.479086052757577,65.79422901096022],[22.47984908627731,65.7938305835878],[22.48114932031638,65.79376666341096],[22.483923526827343,65.79272793352321],[22.486575797428998,65.79277792099467],[22.48716503407598,65.79329031689407],[22.485968727565453,65.79371010239763],[22.485795035805403,65.79462096055109],[22.484650583393563,65.79521864384205],[22.484910283938166,65.79610818203729],[22.48317649448386,65.79619345063676],[22.482465371912813,65.79676980337894],[22.481598451658417,65.79681242649556],[22.481702295106697,65.79716824426532],[22.483436155974708,65.79708299172506],[22.48504821608447,65.79808648476128],[22.488134517894874,65.79811511879677],[22.489330988858864,65.79769531469168],[22.490301889624057,65.79800845819686],[22.490995305625773,65.79887664785663],[22.490665796213143,65.79925379488776],[22.487249793641237,65.79960235359177],[22.486364971706006,65.80108958421366],[22.481648047085105,65.80150198884097],[22.481751913930488,65.8018578063508],[22.480884821140304,65.80190042709805],[22.481110649159092,65.80116748151036],[22.47975812281206,65.80105349545691],[22.480573265363017,65.80083297214875],[22.48112876021499,65.79972289977141],[22.475596833993055,65.80035564218485],[22.474916512570953,65.80071073086725],[22.475131289999997,65.80144744],[22.47330689795692,65.80155085718681],[22.472751028706476,65.80266090472898],[22.4718838910196,65.80270347475313],[22.47283621057492,65.80446131464686],[22.471742899161217,65.80523682057877],[22.47210603160798,65.80648220906966],[22.469207398352953,65.80860950222288],[22.469952285223727,65.80965570502579],[22.471894572957655,65.81028222780154],[22.47258772708975,65.81115050368186],[22.473558947904426,65.81146375063716],[22.47279530719761,65.8118621524698],[22.472951000564045,65.81239588879505],[22.472083535633868,65.81243846314602],[22.472064948368793,65.81388304846644],[22.4708155600533,65.81412481426983],[22.471023120011584,65.81483646566687],[22.468401670811566,65.81640873047255],[22.468175370263037,65.81714166185175],[22.46671831534015,65.81667173987965],[22.465850694039926,65.8167142803227],[22.46722284763588,65.81538379482174],[22.465836702575412,65.81364718958352],[22.464431733110303,65.81335515844867],[22.463356878978697,65.81268602117385],[22.46248938523645,65.81272854126723],[22.462333906183154,65.81219479218872],[22.460184462631258,65.81085647794579],[22.459265223386573,65.81072106179998],[22.460080850024525,65.8105006432894],[22.459925437022147,65.80996689111555],[22.46079284287146,65.80992438645272],[22.459770031108615,65.80943313871464],[22.461886680563637,65.80914895387052],[22.462164918733286,65.80859394719279],[22.46336230366382,65.80817433791013],[22.463329575875832,65.80655183265347],[22.46085054374477,65.80559061581184],[22.459601443289753,65.8058322870001],[22.459705026716207,65.80618812226489],[22.45705139606997,65.8061376807217],[22.455141982209597,65.80713347461858],[22.452158080641823,65.80746002491603],[22.45162093155489,65.80712541130606],[22.451465718239348,65.80659164857968],[22.455336369504458,65.80477804770133],[22.457122618069718,65.80487100757264],[22.457019076660362,65.80451517014622],[22.45831991767115,65.80445143869179],[22.460746947389133,65.80523478145082],[22.461614192341475,65.80519227368514],[22.46151058736725,65.80483643992669],[22.462481434143797,65.80514976102049],[22.464701349128706,65.805221373536],[22.464008630891538,65.80435305759852],[22.464875839706636,65.80431053164476],[22.464772193963142,65.8039547004991],[22.4655875602868,65.80373425509177],[22.465276611389825,65.80266676300865],[22.463650520103556,65.80201046152087],[22.453453039999996,65.80251055],[22.450866999999995,65.79361451]],[[22.40751932,65.79573066],[22.42919414,65.79467410999999],[22.431772819999992,65.80357059999999],[22.41009065,65.80462758],[22.40751932,65.79573066]],[[22.369278999999995,65.81563008999998],[22.412663939999998,65.81352444],[22.41362556856102,65.81684661865728],[22.414368225633194,65.81670326677074],[22.41421371490434,65.81616945943088],[22.415360741177192,65.81557228004502],[22.416228423894566,65.81553002603603],[22.416073883076795,65.81499622086979],[22.41982372368046,65.8142722212173],[22.419316824516706,65.81556003217825],[22.420721426710596,65.81585248214634],[22.41941989845657,65.81591589966482],[22.41875834275234,65.81666990795523],[22.417456767387925,65.81673330918869],[22.416743610884513,65.81730937496569],[22.41549351141779,65.81755069466826],[22.416288028115062,65.81877511261602],[22.414181668081007,65.81876779907091],[22.41523918,65.82242123],[22.371839510000004,65.82452775],[22.369278999999995,65.81563008999998]],[[22.59993833233816,65.72578910433681],[22.598052065741342,65.72534204083037],[22.597409739990226,65.72465221657811],[22.59498641842692,65.72387101267616],[22.594881371023305,65.72351528457554],[22.593047866227977,65.72324602071961],[22.592942848533365,65.7228902909848],[22.597094495911303,65.72358503809558],[22.598116366939003,65.72407537363112],[22.601468207246022,65.7235465869304],[22.60211061124213,65.72423639326144],[22.604376401591136,65.72448390101218],[22.605071504524158,65.72535155387187],[22.60377508152409,65.72541649246274],[22.604627981778762,65.72681772800496],[22.603974025699575,65.72757246066466],[22.60288784080145,65.72834883384753],[22.599482845484815,65.72869979567515],[22.599272582975804,65.72798834727134],[22.600411433692738,65.72738986064347],[22.59993833233816,65.72578910433681]],[[22.6046621399362,65.722484147784],[22.604714727960165,65.72266200781957],[22.604282632321684,65.72268365377565],[22.6046621399362,65.722484147784]],[[22.600154249401367,65.71910004513761],[22.60046955390359,65.72016721664681],[22.596253985112668,65.72073922424573],[22.597392597116876,65.72014076262454],[22.599120832775945,65.72005425117781],[22.600154249401367,65.71910004513761]],[[22.59760273117569,65.72085221487923],[22.598034802952906,65.72083058813229],[22.598087341374406,65.7210084509527],[22.59760273117569,65.72085221487923]],[[22.5941866612426,65.72264758125131],[22.593164921519783,65.72215721801608],[22.592300723064536,65.72220044317338],[22.59295489673239,65.72144575853447],[22.593819068664875,65.72140252992742],[22.594957766596927,65.72080408566575],[22.595821913069713,65.72076084593813],[22.59641156536949,65.7212728148481],[22.597655266679908,65.72103007787807],[22.597760340075915,65.721385803798],[22.595862549972008,65.7223832407299],[22.5941866612426,65.72264758125131]],[[22.593907589548344,65.71724679832039],[22.5940125929372,65.71760252752127],[22.59358057101268,65.71762414234627],[22.59304355657027,65.71729002603821],[22.593907589548344,65.71724679832039]],[[22.59225622001843,65.71462204838019],[22.591929208120295,65.71499938878415],[22.59279316686654,65.7149561681396],[22.59381460644741,65.71544653685783],[22.593919599765684,65.71580226622014],[22.59262362148294,65.7158671053457],[22.592833582666188,65.71657856589914],[22.591969569839183,65.71662178731518],[22.59229660030115,65.71624444663507],[22.589220110192713,65.71621782265687],[22.58901025186769,65.71550635608885],[22.59225622001843,65.71462204838019]],[[22.591699011952805,65.72313299078978],[22.591751512443867,65.72331085617925],[22.591319392924987,65.72333246556067],[22.591699011952805,65.72313299078978]],[[22.59154151525181,65.72259939446604],[22.591594013356797,65.7227772599332],[22.590729791031674,65.72282047640705],[22.59154151525181,65.72259939446604]],[[22.590846943398255,65.72173167451862],[22.590899434609103,65.72190954029354],[22.590467337638074,65.72193114702945],[22.590846943398255,65.72173167451862]],[[22.589013605719437,65.72146236038066],[22.589066083669323,65.7216402269204],[22.588633989353383,65.7216618284232],[22.589013605719437,65.72146236038066]],[[22.588936587319857,65.72417356253656],[22.58904155619528,65.72452929552671],[22.588609413600015,65.72455089744307],[22.588936587319857,65.72417356253656]],[[22.58397101834399,65.71774362271358],[22.58386615230117,65.7173878852114],[22.585214674517736,65.71750098789545],[22.5853195596501,65.71785672427724],[22.58397101834399,65.71774362271358]],[[22.550693994141938,65.77462944785294],[22.55074633806663,65.77480732895913],[22.55031331532817,65.77482883085332],[22.550693994141938,65.77462944785294]],[[22.546363760326116,65.77484441000858],[22.54679678728231,65.77482291929398],[22.546901423148586,65.77517868467905],[22.546363760326116,65.77484441000858]],[[22.546901423148586,65.77517868467905],[22.54738677723166,65.77533507486307],[22.546953742273143,65.77535656733306],[22.546901423148586,65.77517868467905]],[[22.545759255669996,65.77577680370493],[22.545811568380294,65.7759546868148],[22.545378521447695,65.77597617492772],[22.545759255669996,65.77577680370493]],[[22.545401713230017,65.7790431654827],[22.545454031439228,65.77922104866312],[22.545020929332164,65.7792425363055],[22.545401713230017,65.7790431654827]],[[22.543250888550485,65.77770603595391],[22.543198589221692,65.77752815183194],[22.543631664380534,65.77750666963364],[22.543250888550485,65.77770603595391]],[[22.54030129956792,65.77514515165399],[22.540353573119663,65.77532303702286],[22.53948748873188,65.77536598091017],[22.54030129956792,65.77514515165399]],[[22.537859824728287,65.77580762680493],[22.53727001085203,65.7752954326231],[22.539106710895577,65.77556533689575],[22.537859824728287,65.77580762680493]],[[22.53688921652523,65.77549478323138],[22.536993719088787,65.77585055673157],[22.53656066507907,65.77587201986103],[22.536023119443055,65.77553770755809],[22.53688921652523,65.77549478323138]],[[22.532177861941175,65.7759086952251],[22.532610920948763,65.77588724449889],[22.532663143299924,65.77606513300988],[22.532177861941175,65.7759086952251]],[[22.532663143299924,65.77606513300988],[22.533200657394154,65.77639945747418],[22.53276759038089,65.77642090995501],[22.532663143299924,65.77606513300988]],[[22.532282301570692,65.7762644725761],[22.53141616944565,65.77630737106995],[22.53136395510026,65.77612948205265],[22.532282301570692,65.7762644725761]],[[22.531468384583814,65.77648526006166],[22.531520600514742,65.77666314902777],[22.531087527397098,65.77668459679533],[22.531468384583814,65.77648526006166]],[[22.53090014363699,65.77904004980654],[22.5313332564735,65.77901860217945],[22.53138547763793,65.77919649114172],[22.53090014363699,65.77904004980654]],[[22.52960080037027,65.7791043853509],[22.530033915585335,65.77908294139226],[22.530086127948792,65.77926083088639],[22.52960080037027,65.7791043853509]],[[22.530086127948792,65.77926083088639],[22.53100458089148,65.77939582806002],[22.530138341105072,65.77943872035495],[22.530086127948792,65.77926083088639]],[[22.528129327983216,65.78007960060394],[22.52856246103831,65.78005816065028],[22.52861466563032,65.78023605072556],[22.528129327983216,65.78007960060394]],[[22.52861466563032,65.78023605072556],[22.529100009145406,65.78039249924421],[22.52866687101507,65.78041394077523],[22.52861466563032,65.78023605072556]],[[22.526250596082367,65.77367553447522],[22.526094081436938,65.77314186080162],[22.527878333824443,65.77323401183743],[22.527982701172103,65.77358979284352],[22.526250596082367,65.77367553447522]],[[22.527748392859493,65.7802789297645],[22.527800592376185,65.78045682016868],[22.52736745186772,65.78047825803107],[22.527748392859493,65.7802789297645]],[[22.52678797646508,65.77400988286793],[22.527221008998467,65.77398844771689],[22.527273189580196,65.7741663384848],[22.52678797646508,65.77400988286793]],[[22.526892332555693,65.7743656647325],[22.525645383043315,65.77460785533876],[22.525055838410637,65.77409561124668],[22.526892332555693,65.7743656647325]],[[22.520115857165177,65.77073055826534],[22.52027223063015,65.77126423946365],[22.519839236860765,65.7712856544895],[22.520115857165177,65.77073055826534]],[[22.51892113046467,65.77115058663571],[22.519025364223115,65.77150637508663],[22.518592365148102,65.77152778662217],[22.518055143251672,65.77119340777651],[22.51892113046467,65.77115058663571]],[[22.51616363899216,65.80972724069653],[22.516874338167366,65.80915073504785],[22.517725574947036,65.81055247352853],[22.51619971832093,65.81134970130333],[22.51489870178241,65.81141392797193],[22.51392699433572,65.81110094895392],[22.51453341755422,65.8101686626484],[22.51616363899216,65.80972724069653]],[[22.51482671726371,65.80816900443486],[22.516127570187017,65.80810477998504],[22.516231945105922,65.80846056899553],[22.515364698851418,65.80850338722857],[22.51482671726371,65.80816900443486]],[[22.515440905992083,65.77276640919298],[22.51376089078754,65.77302990457083],[22.513656722195584,65.7726741118772],[22.515717635672495,65.7722113198738],[22.515440905992083,65.77276640919298]],[[22.511148826873434,65.77911444144854],[22.511096745419813,65.77893654418726],[22.511529876288197,65.77891515265102],[22.511148826873434,65.77911444144854]],[[22.503086606580467,65.81614728779643],[22.503138723164476,65.81632518746494],[22.502704954977883,65.81634656140591],[22.503086606580467,65.81614728779643]],[[22.49540010710306,65.8154430585863],[22.495243926490023,65.81490934995162],[22.49324868656331,65.81410522955198],[22.4987139157053,65.8147384950798],[22.502062747967233,65.81565633387955],[22.50265284133761,65.8161686615605],[22.500536102158414,65.81645341273403],[22.499564370209328,65.8161403424968],[22.49734344237046,65.81606924715847],[22.49540010710306,65.8154430585863]],[[22.497980642287327,65.77164323606992],[22.49803261564778,65.77182113886786],[22.497599590378712,65.77184249101549],[22.497980642287327,65.77164323606992]],[[22.497651561595433,65.77202039396457],[22.49721853260461,65.77204174506609],[22.49716656432065,65.77186384194057],[22.497651561595433,65.77202039396457]],[[22.482251120335405,65.80959312521489],[22.48051641299236,65.80967837254803],[22.480308640792654,65.8089667361435],[22.478314329263192,65.80816241145516],[22.47833257965868,65.80671782867496],[22.4793738222359,65.80576436730558],[22.478854589112284,65.80398526995963],[22.48097056692417,65.803700826953],[22.48247907026411,65.8043485260805],[22.482582962372856,65.80470434277916],[22.481715775468583,65.80474696916923],[22.481386058450603,65.80512409818274],[22.481541880799966,65.8056578244757],[22.486033856408202,65.80597836774136],[22.487057018624792,65.80646943597141],[22.48792425286492,65.80642677875856],[22.489346728146206,65.80527401679171],[22.494341702947704,65.80430631065043],[22.496197328132446,65.80313214069669],[22.496023955276417,65.8040430073822],[22.494393730389284,65.80448421417078],[22.494653879460113,65.80537373139117],[22.496700516366403,65.80635574230749],[22.496579195984427,65.80744451210167],[22.493699894841093,65.80812767491437],[22.493370314720902,65.8085048284856],[22.489901122397416,65.8086755540783],[22.488912165454888,65.8098069901549],[22.48917218988521,65.81069651794631],[22.487055737833412,65.81098107933929],[22.486396303114102,65.81173535974668],[22.484453560574888,65.81110902601036],[22.48370804178758,65.81006290018705],[22.482251120335405,65.80959312521489]],[[22.49072018895468,65.78589678429924],[22.493163863679413,65.78523504278083],[22.49533012818776,65.78512832157509],[22.496075334712227,65.78617439361558],[22.49373561091362,65.78719199031063],[22.493839575220516,65.78754779862224],[22.492435745831305,65.78725601417707],[22.491846550593184,65.7867436382432],[22.49049474442376,65.78662974033413],[22.49072018895468,65.78589678429924]],[[22.491825568596116,65.81976966514561],[22.489934111218634,65.81932131281319],[22.48983004668586,65.81896550279845],[22.488476544322253,65.8188516035815],[22.4883725022058,65.81849579235467],[22.486741238200153,65.81893692753137],[22.485387749462724,65.81882300079079],[22.48512775712537,65.81793346622666],[22.486273179603252,65.81733576985395],[22.485857181296137,65.81591251685909],[22.487766014850617,65.81491634433314],[22.489067289439127,65.81485234648407],[22.489969250589386,65.81643215776305],[22.491582820127878,65.81743556701824],[22.49250246070793,65.81757078454625],[22.49258913654826,65.81937116880147],[22.494098869544672,65.82001874103088],[22.494133607384846,65.82164121991708],[22.492085814550517,65.8206591858234],[22.491825568596116,65.81976966514561]],[[22.488604565389625,65.79069298975638],[22.48806731244357,65.79035850552131],[22.489367346929285,65.79029451723524],[22.490026180454514,65.78954022989753],[22.491378138523995,65.78965413047253],[22.491482082241212,65.79000994059471],[22.490615407142723,65.79005261255989],[22.490337963468903,65.79060766328794],[22.489089873879312,65.79084956598038],[22.48919379181905,65.79120537791533],[22.48735645457694,65.79093487846961],[22.488604565389625,65.79069298975638]],[[22.490771311015102,65.79058632861152],[22.49082328055162,65.79076423391129],[22.49038993006776,65.79078556876416],[22.490771311015102,65.79058632861152]],[[22.486851882434227,65.79673452113028],[22.487285336423746,65.79671319531833],[22.487337296754497,65.79689110189791],[22.486851882434227,65.79673452113028]],[[22.487337296754497,65.79689110189791],[22.487822716953357,65.79704768106316],[22.487389257874838,65.79706900845207],[22.487337296754497,65.79689110189791]],[[22.48636647399252,65.79657793876038],[22.486418427655167,65.7967558457181],[22.48598497208661,65.79677716908186],[22.48636647399252,65.79657793876038]],[[22.47537730366453,65.77095150845622],[22.476036088465676,65.7701972820774],[22.475292190967707,65.7691510993548],[22.47286819801811,65.76836795835607],[22.473682382882178,65.76814748124337],[22.473526995238593,65.76761374270464],[22.47467052067134,65.76701615198816],[22.474740878526667,65.76574947914649],[22.476905599583286,65.76564303482596],[22.476750163441544,65.76510930005169],[22.479295921923022,65.76480361911037],[22.479192268155384,65.76444779786235],[22.480975779825318,65.76454050522383],[22.485165258400297,65.7668607566767],[22.485372757025143,65.76757238909983],[22.48445495308729,65.76743711065964],[22.485043538609492,65.76794952111293],[22.48331164092485,65.76803477270242],[22.482912434769645,65.76967857327406],[22.480418091942465,65.77016222890501],[22.47996682628389,65.77162811381031],[22.477213084596467,65.77122216745842],[22.47667639850044,65.77088763755773],[22.47537730366453,65.77095150845622]],[[22.47341933953891,65.77176958702456],[22.47347114392173,65.77194749984257],[22.473038092137212,65.77196878246279],[22.47341933953891,65.77176958702456]],[[22.47318459636721,65.80263961788013],[22.473236473733042,65.80281753007105],[22.472802903131154,65.80283881709606],[22.47318459636721,65.80263961788013]],[[22.472449646377534,65.7714563242748],[22.47288269014835,65.77143504340512],[22.472934490024862,65.7716129564496],[22.472449646377534,65.7714563242748]],[[22.468862852102582,65.77271528551836],[22.468688652352938,65.77362612910052],[22.46705983870155,65.77406702996015],[22.46721513933292,65.77460077594665],[22.464997865957937,65.77452917423774],[22.463853788023847,65.77512669777258],[22.463957281901227,65.77548253101553],[22.46265791795552,65.77554629612574],[22.462884078920673,65.77481337431948],[22.464131658172217,65.7745716911149],[22.46415079028513,65.77312710151357],[22.46491345263092,65.77272875250958],[22.464376891345744,65.77239417807988],[22.465243025571496,65.77235166052893],[22.46513952906718,65.77199582818575],[22.465953895474463,65.77177539058852],[22.465417341469255,65.77144081975074],[22.46411818531396,65.77150459527543],[22.464673833685836,65.77039458139274],[22.46597293232647,65.77033080169475],[22.46668373250712,65.76975452903355],[22.467931031853094,65.7695128174707],[22.468467576376046,65.76984737955094],[22.46976663620275,65.76978356789469],[22.470129073617013,65.77102896783093],[22.471479976682794,65.77114305512572],[22.47158355647681,65.77149888234592],[22.4725014433207,65.7716342374952],[22.47076924864055,65.77171934945],[22.47102818648225,65.77260891869092],[22.468862852102582,65.77271528551836]],[[22.4689804657027,65.77613820443602],[22.469413591472573,65.7761169326209],[22.469465378735496,65.77629484696868],[22.4689804657027,65.77613820443602]],[[22.469465378735496,65.77629484696868],[22.469950297637535,65.77645148790126],[22.4695171667848,65.77647276129117],[22.469465378735496,65.77629484696868]],[[22.46899455255055,65.77920529384407],[22.46769501611945,65.7792691035811],[22.467643233884314,65.77909118858217],[22.468457799101344,65.77887073565994],[22.46899455255055,65.77920529384407]],[[22.468716743563355,65.77976030876971],[22.46882032685383,65.78011613783684],[22.468387133365944,65.78013740862855],[22.468716743563355,65.77976030876971]],[[22.46860918619785,65.81712038558776],[22.46866106701694,65.81729829930335],[22.468227248137193,65.81731957574348],[22.46860918619785,65.81712038558776]],[[22.46843892325541,65.78031532330012],[22.468005726045334,65.78033659304442],[22.467953939091515,65.78015867819695],[22.46843892325541,65.78031532330012]],[[22.464978784920017,65.77597376344761],[22.46503054126417,65.77615167960403],[22.46416427908533,65.7761941971987],[22.464978784920017,65.77597376344761]],[[22.461720677001928,65.77685547316447],[22.464371288842838,65.77690586297828],[22.463815503034866,65.7780158771083],[22.46294917586943,65.778058388433],[22.461856638234337,65.77883381593749],[22.460557099296242,65.77889756485025],[22.459968732870475,65.77838505770244],[22.460783344204447,65.77816464533902],[22.46067988115647,65.77780880963934],[22.461927625749897,65.7775671428589],[22.461720677001928,65.77685547316447]],[[22.462361055453055,65.81832898241045],[22.462412896038497,65.81850689864068],[22.46154520437655,65.81854941529267],[22.462361055453055,65.81832898241045]],[[22.461422364413846,65.81963817179914],[22.461474201681806,65.81981608838059],[22.46104033326045,65.81983734487461],[22.461422364413846,65.81963817179914]],[[22.461025172805023,65.80467977697722],[22.460539764126743,65.80452311242601],[22.461406985542915,65.80448060606733],[22.461025172805023,65.80467977697722]],[[22.458540741835957,65.82032069365171],[22.46076196291027,65.8203923507917],[22.46086563275879,65.82074818443128],[22.458955316001386,65.82174403484427],[22.456785791115767,65.82185027095747],[22.45520555578521,65.82246899506505],[22.452550245270285,65.82241849157558],[22.452291343604625,65.82152889058196],[22.458540741835957,65.82032069365171]],[[22.439399008920866,65.82865537687597],[22.438148586825626,65.8288968852415],[22.438045191542873,65.82854103353188],[22.439399008920866,65.82865537687597]],[[22.42700060815161,65.72063175990318],[22.427051970146035,65.72080969277353],[22.426619728621628,65.72083083558307],[22.42700060815161,65.72063175990318]],[[22.42571207069942,65.78601603168508],[22.425763580431397,65.78619396354452],[22.425330242307165,65.78621511339021],[22.42571207069942,65.78601603168508]],[[22.425651232903007,65.80857476476316],[22.425702796428773,65.80875269611919],[22.42526907891291,65.80877384947227],[22.425651232903007,65.80857476476316]],[[22.402766777149502,65.78569066316987],[22.40286947928306,65.78604654542839],[22.40378755142487,65.78618231254531],[22.403383036764293,65.78782595522742],[22.40468319480664,65.78776268771918],[22.404837303721255,65.7882965086034],[22.40690149282099,65.78783515683706],[22.405755466561086,65.78843226299315],[22.407107034843968,65.7885469143768],[22.40736397994041,65.78943661074086],[22.410192193204285,65.78857713649538],[22.411058977861508,65.78853492056277],[22.410831237624894,65.78926778059646],[22.41343164807856,65.78914110657323],[22.41289539148274,65.78880634803933],[22.41404126506593,65.7882091897099],[22.415341410965905,65.78814583144808],[22.41567190122914,65.7877688378439],[22.41536324956644,65.78670122203845],[22.41628140687399,65.78683691310478],[22.41638430095351,65.787192784391],[22.418117749718878,65.78710827837794],[22.417963374507558,65.78657447350803],[22.422296853529932,65.78636312804082],[22.423266526500257,65.78667671000284],[22.424081722000764,65.78645648811798],[22.42428772486926,65.78716821800407],[22.42298765468286,65.78723165180591],[22.42362700407241,65.7879222393144],[22.422708771492292,65.78778659320922],[22.42281175880593,65.7881424592513],[22.42469976816544,65.78859167657573],[22.42506034713561,65.78983720151261],[22.42348125263196,65.7904555860867],[22.42358426342009,65.79081145137856],[22.420983744536198,65.79093829957436],[22.420653294747638,65.79131530429585],[22.41848614085375,65.79142097308767],[22.41794977024116,65.79108623343537],[22.416216053437605,65.7911707401375],[22.415679717320323,65.790835992167],[22.414812864422544,65.79087823502527],[22.41545209255348,65.79156885797823],[22.41246943764029,65.7918946199829],[22.41267517224514,65.79260636814531],[22.411808253920213,65.79264859455952],[22.412447448822853,65.79333923042648],[22.411095606345402,65.79322462903207],[22.410485773477525,65.79415653620626],[22.409185310178525,65.79421985614327],[22.40890606054841,65.79477477584037],[22.407605561405376,65.79483808265512],[22.40732627156778,65.79539299984876],[22.405261491470277,65.79585436308035],[22.405364276715062,65.79621024284889],[22.40421785196818,65.79680734130308],[22.40253507195049,65.79706963713616],[22.402204275717608,65.79744660522047],[22.40317413671608,65.79776031311664],[22.40052143241605,65.79770887945136],[22.39932347158234,65.79812800099926],[22.3995289030509,65.79883976980939],[22.39774324506451,65.79874612997718],[22.396927432292088,65.7989662170065],[22.397030117402995,65.79932210335488],[22.395729353833193,65.79938531146465],[22.39517016000601,65.80049510775889],[22.39213488318732,65.80064254065071],[22.392237510159564,65.80099843078477],[22.38790127525977,65.80120894856613],[22.38601294378453,65.8007592788248],[22.38379357003362,65.80068651622862],[22.383383553120858,65.79926292783065],[22.38419949524504,65.79904291198876],[22.38509019697903,65.79755621881037],[22.387868782132248,65.79651919489707],[22.38837694179234,65.79523147632722],[22.3909499892843,65.79348261348325],[22.390260081873148,65.79261393604008],[22.389393119231915,65.79265603547077],[22.39053971502154,65.79205904679287],[22.390437154249238,65.79170315487197],[22.38990113702736,65.79136831318478],[22.388218554704068,65.79163044916571],[22.387682567491723,65.79129559939135],[22.388498222638454,65.7910755633247],[22.387631308255443,65.79111765227445],[22.387044085681786,65.79060485289097],[22.387962243819654,65.7907407144518],[22.389388424906258,65.78958884985288],[22.391937709631048,65.78928459451349],[22.393745741530704,65.78793369088179],[22.394612536897185,65.78789156832735],[22.395022956248386,65.78931512266601],[22.398005554372283,65.78898970241919],[22.39910045655249,65.78821470993947],[22.398410427505464,65.78734607053919],[22.39922586427693,65.78712597921347],[22.399071879899896,65.78659215145379],[22.40065134380085,65.78597401608454],[22.402766777149502,65.78569066316987]],[[22.424493740257123,65.78787994749003],[22.42454524606036,65.78805787979894],[22.424111875420472,65.78807902649807],[22.424493740257123,65.78787994749003]],[[22.42376171936519,65.80812557380538],[22.4238648189457,65.80848143804299],[22.422512130953354,65.80836694604292],[22.42376171936519,65.80812557380538]],[[22.421780644016366,65.84683750284742],[22.423290285538098,65.84748577600868],[22.422524809742637,65.84788394391482],[22.421656048158084,65.847926244133],[22.421118413081494,65.84759152787001],[22.419432515308884,65.84785404024409],[22.41966043299667,65.84712116569638],[22.421780644016366,65.84683750284742]],[[22.420815909243768,65.81314120220985],[22.420867450359655,65.81331913541582],[22.41999985125283,65.81336141498929],[22.420815909243768,65.81314120220985]],[[22.41931650711623,65.85200992612126],[22.41936813146325,65.85218785902491],[22.41849921824542,65.85223014275272],[22.41931650711623,65.85200992612126]],[[22.416127960596516,65.82582021883294],[22.416488751618424,65.82706576194533],[22.414370098307923,65.82734933634929],[22.413700269888725,65.82503617283255],[22.4163042751696,65.82490941507247],[22.41689289925142,65.82542208815364],[22.416127960596516,65.82582021883294]],[[22.415300612449972,65.71957963409425],[22.41486837992471,65.71960074343589],[22.414817104599056,65.71942280560808],[22.415300612449972,65.71957963409425]],[[22.413607881536265,65.78823030668237],[22.413556450770702,65.7880523699537],[22.41398983136125,65.7880312531559],[22.413607881536265,65.78823030668237]],[[22.413593528929333,65.79274207346259],[22.41364497119683,65.79292001006648],[22.413211508107885,65.79294112668383],[22.413593528929333,65.79274207346259]],[[22.41336583077972,65.79347493686984],[22.413417273233815,65.79365287354864],[22.412983797601452,65.79367398964038],[22.41336583077972,65.79347493686984]],[[22.41288091935597,65.79331811590849],[22.412932358087854,65.79349605278692],[22.412498884614273,65.79351716747956],[22.41288091935597,65.79331811590849]],[[22.41168336601418,65.79373733056919],[22.4117347974878,65.79391526792172],[22.411301315788187,65.79393637929049],[22.41168336601418,65.79373733056919]],[[22.407821295081092,65.71795989092946],[22.40825350711581,65.7179388018055],[22.40830473376929,65.71811674232029],[22.407821295081092,65.71795989092946]],[[22.40830473376929,65.71811674232029],[22.40878817830102,65.71827359211798],[22.408355961199042,65.71829468281021],[22.40830473376929,65.71811674232029]],[[22.407109398119527,65.82355238536923],[22.407160869567317,65.8237303238717],[22.406726881509627,65.82375142713342],[22.407109398119527,65.82355238536923]],[[22.406208998243123,65.79761266460841],[22.40518771223726,65.79712103640405],[22.406973279112414,65.79721458997575],[22.40707609450563,65.79757046829829],[22.406208998243123,65.79761266460841]],[[22.406189962349252,65.8234166514401],[22.406241427117557,65.82359459031701],[22.40580744044202,65.82361569095166],[22.406189962349252,65.8234166514401]],[[22.404426256680782,65.85688397306932],[22.404477789729754,65.8570619118758],[22.404043236458833,65.85708301294787],[22.404426256680782,65.85688397306932]],[[22.40442636222498,65.78687298574738],[22.404477727180456,65.78705092619154],[22.40404435370351,65.78707201588728],[22.40442636222498,65.78687298574738]],[[22.399573451933076,65.78223722857511],[22.398655542548095,65.78210143451014],[22.399522132325615,65.78205928603914],[22.399573451933076,65.78223722857511]],[[22.399852783292967,65.78168232516998],[22.400719356641346,65.78164017005332],[22.40038871898485,65.78201713267285],[22.399522132325615,65.78205928603914],[22.399852783292967,65.78168232516998]],[[22.397207311960273,65.78469799459032],[22.39628932570019,65.78456218702502],[22.394863723107274,65.78571411056788],[22.392212270836932,65.78566252028956],[22.39195589350807,65.78477279292207],[22.392948251361414,65.78364195347945],[22.394527688973955,65.78302388179304],[22.39442511637797,65.78266799266352],[22.395343025279523,65.7828038122015],[22.39870685627953,65.78227937739467],[22.399345428969525,65.78297007418917],[22.398427494340492,65.78283427899599],[22.398404695361883,65.78427889524197],[22.397207311960273,65.78469799459032]],[[22.39434580504925,65.83878798673132],[22.395802852541365,65.83925859942391],[22.395882907231233,65.84105910062509],[22.394351437788746,65.84185516287641],[22.392179898052817,65.84196050014786],[22.390774160000806,65.84166779847186],[22.390311577062707,65.84006629534004],[22.39092314237387,65.83913445222858],[22.39434580504925,65.83878798673132]],[[22.39452991667912,65.76931054136178],[22.394148083050226,65.76950954501866],[22.394045580264095,65.76915365494995],[22.39452991667912,65.76931054136178]],[[22.393714993926054,65.76953060260456],[22.393766243551383,65.76970854777576],[22.393333150714035,65.76972960431259],[22.393714993926054,65.76953060260456]],[[22.39276947991344,65.76777220414917],[22.393202540467936,65.76775114952707],[22.393253782312577,65.76792909494655],[22.39276947991344,65.76777220414917]],[[22.393253782312577,65.76792909494655],[22.393738090580896,65.76808598414792],[22.393305024935195,65.76810704034119],[22.393253782312577,65.76792909494655]],[[22.392287032911128,65.85909689444928],[22.390114026683097,65.85920221643045],[22.39164663549547,65.85840618575025],[22.392515810407403,65.85836405221353],[22.392287032911128,65.85909689444928]],[[22.390790530794295,65.77310104960674],[22.38867598292732,65.77338422781159],[22.38928616147273,65.77245240451705],[22.391018726772057,65.77236821510628],[22.390790530794295,65.77310104960674]],[[22.384852402168907,65.84556355151577],[22.3825264404818,65.84513491354663],[22.38237238531344,65.84460106967232],[22.383138400648225,65.84420309783148],[22.386127502879408,65.84387784737591],[22.386230254023864,65.84423374032728],[22.38952770872428,65.84497610083073],[22.390144576427947,65.84711144030454],[22.387052375844025,65.84708088035987],[22.384852402168907,65.84556355151577]],[[22.388889956171226,65.78023039058627],[22.389425720086688,65.78056523828363],[22.38769259813928,65.780649414971],[22.387538898853247,65.78011557281013],[22.39003602667087,65.77963341075962],[22.389756502280097,65.78018829804358],[22.388889956171226,65.78023039058627]],[[22.372738662824403,65.72706515098362],[22.373171061342727,65.7270441597001],[22.373222068353517,65.72722211413722],[22.372738662824403,65.72706515098362]],[[22.374366223006977,65.72662527061617],[22.374162173784956,65.72591345450341],[22.378002510138046,65.72554650188486],[22.378765162583203,65.72514858434427],[22.37823072739573,65.72481368627342],[22.37952779163389,65.72475066320955],[22.380113291813,65.7252635082893],[22.380978013434092,65.72522148332772],[22.381308256777523,65.72484456660877],[22.38395343864159,65.7248964073603],[22.383725383849896,65.72562922996856],[22.385863559640576,65.72696872956736],[22.384896614885754,65.72665488332834],[22.384031853011482,65.72669693094522],[22.384134015593244,65.72705283107287],[22.381921001056167,65.72697997956789],[22.381362601336658,65.72808971766752],[22.380014318738365,65.72797480628086],[22.379251604862358,65.728372730676],[22.37945581750156,65.72908453837037],[22.378107490171562,65.72896961052864],[22.37647985045281,65.7294095316719],[22.375029468438978,65.72893867025478],[22.373299750298713,65.72902265034124],[22.373222068353517,65.72722211413722],[22.374366223006977,65.72662527061617]],[[22.38502247286049,65.72556615983653],[22.385073557891264,65.72574410954041],[22.384641192737774,65.72576513431206],[22.38502247286049,65.72556615983653]],[[22.381331669794427,65.74631496119797],[22.38138277876835,65.74649291190082],[22.38095006289771,65.7465139295953],[22.381331669794427,65.74631496119797]],[[22.37957366186116,65.74477644796796],[22.380108543039714,65.74511133697413],[22.38097392868579,65.74506930558508],[22.380847851584267,65.74615802781753],[22.37911700378548,65.74624208498739],[22.37878647191555,65.74661899973891],[22.377921030096623,65.74666101924285],[22.377641560496663,65.74721588380939],[22.37509622718244,65.74751986199378],[22.374789830036327,65.74645214237766],[22.37957366186116,65.74477644796796]],[[22.377513971119356,65.86287967277444],[22.379355422750216,65.86315145570904],[22.379177607684714,65.86406223100809],[22.377209564814812,65.86487916982247],[22.375368009289765,65.86460736203104],[22.375111268739857,65.86371760999319],[22.375826603092662,65.86314171799138],[22.377513971119356,65.86287967277444]],[[22.376589603886128,65.85967657734223],[22.37664095097051,65.85985452729938],[22.376206323100263,65.8598755499312],[22.376589603886128,65.85967657734223]],[[22.37012612503744,65.83725468440433],[22.371863127352274,65.83717067006974],[22.37255370082326,65.83803942421729],[22.370101859888166,65.83869931025464],[22.3682622695755,65.83842739803592],[22.37012612503744,65.83725468440433]],[[22.369910015919274,65.7921573506203],[22.370343508342714,65.79213635678836],[22.37039465071897,65.7923143108362],[22.369910015919274,65.7921573506203]],[[22.368969750100987,65.79653321674856],[22.36940331701567,65.79651222487153],[22.369454463338503,65.79669017919466],[22.368969750100987,65.79653321674856]],[[22.369454463338503,65.79669017919466],[22.36993918246095,65.79684714004385],[22.369505610438786,65.79686813349313],[22.369454463338503,65.79669017919466]],[[22.362083296311308,65.734257857124],[22.36213424414036,65.73443581584569],[22.3617017112465,65.73445677707834],[22.362083296311308,65.734257857124]],[[22.36093069138219,65.83896211008195],[22.360981880518555,65.83914006681407],[22.360547587210508,65.83916104172118],[22.36093069138219,65.83896211008195]],[[22.360709740875677,65.73558740941557],[22.360811624704397,65.73594332787447],[22.36037906530201,65.73596428560637],[22.360709740875677,65.73558740941557]],[[22.360211115820672,65.830336280053],[22.360262279372748,65.8305142372756],[22.359828130891966,65.83053520875085],[22.360211115820672,65.830336280053]],[[22.35972462346363,65.76125582376926],[22.360157607078182,65.76123486379231],[22.360259605037037,65.7615907814916],[22.35972462346363,65.76125582376926]],[[22.35975067889147,65.82873466393876],[22.359801835435864,65.82891262138355],[22.35893359081452,65.8289545599806],[22.35975067889147,65.82873466393876]],[[22.359576638483333,65.8388470733218],[22.35962781798031,65.83902503059994],[22.359193525287864,65.83904600165124],[22.359576638483333,65.8388470733218]],[[22.358648819967645,65.73604810431938],[22.358750677610942,65.73640402441058],[22.358318108491137,65.7364249763813],[22.358648819967645,65.73604810431938]],[[22.357783470479585,65.82648411367128],[22.357834608053388,65.82666207195797],[22.357400522154524,65.82668303593209],[22.357783470479585,65.82648411367128]],[[22.357354018046014,65.8387739572646],[22.357405181996928,65.83895191543611],[22.35697088836254,65.83897288017693],[22.357354018046014,65.8387739572646]],[[22.356997051397826,65.84059546925006],[22.356945886343144,65.84041751095326],[22.35738020438556,65.84039654605013],[22.356997051397826,65.84059546925006]],[[22.355591772127703,65.84030243945539],[22.356026089553232,65.84028147840827],[22.356077247921267,65.84045943707719],[22.355591772127703,65.84030243945539]],[[22.352314316165863,65.78903906462469],[22.354812993665174,65.78855746465689],[22.353818767801773,65.78968807370225],[22.350988491900633,65.79054652201255],[22.349637040287103,65.79043137217805],[22.349535051749836,65.79007544731107],[22.352314316165863,65.78903906462469]],[[22.350429959063376,65.83153015430393],[22.35168137324148,65.83128935498986],[22.35221776281031,65.83162432734893],[22.35096633776281,65.83186513116223],[22.350429959063376,65.83153015430393]],[[22.35196221765095,65.83073452498793],[22.353647732634112,65.83047276090367],[22.352983878421657,65.83122650577486],[22.35168137324148,65.83128935498986],[22.35196221765095,65.83073452498793]],[[22.353433048141053,65.71013898459168],[22.353483879367936,65.71031694734937],[22.353051741078584,65.7103378801801],[22.353433048141053,65.71013898459168]],[[22.353034994134727,65.83140446587532],[22.35308611062582,65.83158242595111],[22.352651937107062,65.8316033772635],[22.353034994134727,65.83140446587532]],[[22.35264638105656,65.79479665554628],[22.352595355251044,65.79461869443338],[22.35302890598325,65.79459774925331],[22.35264638105656,65.79479665554628]],[[22.350836093203892,65.75013861869071],[22.351268899187797,65.75011768568662],[22.35131981016305,65.7502956483739],[22.350836093203892,65.75013861869071]],[[22.35131981016305,65.7502956483739],[22.3525673125043,65.75005487934055],[22.35266915281511,65.75041080365253],[22.351854448436562,65.75063063892935],[22.35131981016305,65.7502956483739]],[[22.349975943636533,65.71030641169463],[22.350306465148645,65.7099295595697],[22.352517952020573,65.71000288555987],[22.350941852549987,65.71062048980276],[22.349975943636533,65.71030641169463]],[[22.345807189980846,65.83229435736803],[22.34550079445119,65.83122657914451],[22.346420211863954,65.83136267869573],[22.346267004549773,65.83082879036591],[22.34795258731277,65.83056708849584],[22.34736520134977,65.83005413803282],[22.348233505687702,65.83001226464354],[22.34856549316843,65.82963540231638],[22.349484868311173,65.82977148382105],[22.349331608818854,65.82923759906271],[22.351119249138605,65.82933178653136],[22.351451185670513,65.82895491841742],[22.35231944494453,65.8289130222257],[22.35165558912931,65.82966676134137],[22.350889497725777,65.83006457602198],[22.34997010503395,65.82992850314223],[22.34968922518675,65.83048332982064],[22.348769823322545,65.83034724980222],[22.348923079101983,65.83088113515795],[22.348054746803527,65.8309230127355],[22.345807189980846,65.83229435736803]],[[22.35223828542263,65.71055770543289],[22.35228910942566,65.71073566865974],[22.351424815771008,65.71077752647184],[22.35223828542263,65.71055770543289]],[[22.35193111559333,65.74016226811173],[22.35203290025151,65.74051819339776],[22.351600255739413,65.74053912701197],[22.351065837512564,65.74020413342673],[22.35193111559333,65.74016226811173]],[[22.347647132091723,65.86323884571263],[22.348516556800433,65.86319696002806],[22.348567717962336,65.86337492117148],[22.347647132091723,65.86323884571263]],[[22.347314723912188,65.86361571001586],[22.347698287333927,65.8634168072034],[22.347800600157125,65.86377273011092],[22.347314723912188,65.86361571001586]],[[22.346650100743943,65.83062989461942],[22.346599031019483,65.8304519319424],[22.347033191034864,65.83043099796821],[22.346650100743943,65.83062989461942]],[[22.345018112150203,65.71289187527229],[22.345068892028095,65.71306984133713],[22.344636699590463,65.71309075078965],[22.345018112150203,65.71289187527229]],[[22.34446080101823,65.7078670029486],[22.3434443174967,65.70737491510566],[22.344308513087384,65.70733310358362],[22.34446080101823,65.7078670029486]],[[22.34227268109895,65.71248341120065],[22.34130680352255,65.71216927775134],[22.343950643909338,65.71222182672683],[22.34227268109895,65.71248341120065]],[[22.3443320493969,65.71202295299739],[22.344382822505775,65.71220091935739],[22.343950643909338,65.71222182672683],[22.3443320493969,65.71202295299739]],[[22.339196628584745,65.71245172725642],[22.340976122697956,65.71254611186262],[22.341712846292868,65.71359301760697],[22.34056848310266,65.7141896176465],[22.3387381374369,65.71391726080759],[22.338433718870803,65.712849448966],[22.339196628584745,65.71245172725642]],[[22.341236343902793,65.70116695870985],[22.341287070113907,65.70134492656405],[22.340855069680654,65.7013658234118],[22.341236343902793,65.70116695870985]],[[22.340905793740664,65.70154379141393],[22.340956518568955,65.70172175939157],[22.34052451152851,65.70174265536453],[22.340905793740664,65.70154379141393]],[[22.340372348106783,65.70120875084092],[22.340423068479133,65.70138671903996],[22.339991066509384,65.7014076134485],[22.340372348106783,65.70120875084092]],[[22.338313897313647,65.79386455934272],[22.338364822760216,65.79404252619267],[22.337931267056955,65.79406342973991],[22.338313897313647,65.79386455934272]],[[22.337875690043436,65.71089179163461],[22.337926416093577,65.71106976060527],[22.3374942501076,65.71109064951223],[22.337875690043436,65.71089179163461]],[[22.334655843332026,65.73341949796198],[22.33508838521152,65.73339861348161],[22.335139145220836,65.73357658303898],[22.334655843332026,65.73341949796198]],[[22.335571689258135,65.7335556971647],[22.336054999159867,65.73371277925683],[22.33615653473803,65.73406871755921],[22.33524066754881,65.73393252208037],[22.335571689258135,65.7335556971647]],[[22.334885352871705,65.7326867350073],[22.33493610980208,65.73286470466259],[22.33450357670503,65.7328855886255],[22.334885352871705,65.7326867350073]],[[22.334554331477673,65.73306355842881],[22.33460508702,65.73324152820763],[22.334172547298323,65.73326241129402],[22.334554331477673,65.73306355842881]],[[22.334351317005016,65.7323516790688],[22.334402069468712,65.73252964894552],[22.33396954145677,65.73255053134206],[22.334351317005016,65.7323516790688]],[[22.329151769320372,65.71564326748171],[22.32920244659024,65.715821239829],[22.32877019279093,65.71584210480377],[22.329151769320372,65.71564326748171]],[[22.32642994941718,65.716857136419],[22.32612599706278,65.71578929546902],[22.327524093129725,65.71608266541676],[22.3277774363699,65.71697253010913],[22.32642994941718,65.716857136419]],[[22.32641687228939,65.72912619025324],[22.326366182808847,65.72894821710533],[22.326798657963348,65.72892735682095],[22.32641687228939,65.72912619025324]],[[22.32529850337034,65.72827803979635],[22.325730968355543,65.72825718264347],[22.325781651835364,65.72843515606135],[22.32529850337034,65.72827803979635]],[[22.325781651835364,65.72843515606135],[22.326264806153482,65.7285922707362],[22.32583233608366,65.72861312945479],[22.325781651835364,65.72843515606135]],[[22.32519714456902,65.72792209254291],[22.325247823585478,65.72810006618184],[22.324815360758357,65.72812092194125],[22.32519714456902,65.72792209254291]],[[22.32450785611608,65.73012034389666],[22.324457177427114,65.7299423700096],[22.324889671058273,65.7299215149705],[22.32450785611608,65.73012034389666]],[[22.324305145970808,65.72940844820198],[22.324355822354498,65.72958642216227],[22.323923333808743,65.72960727563563],[22.324305145970808,65.72940844820198]],[[22.324153121430047,65.72887452617462],[22.324203795508602,65.72905250020817],[22.323771315743304,65.72907335316489],[22.324153121430047,65.72887452617462]],[[22.31637730699143,65.72311514043831],[22.316809694323883,65.72309430938],[22.316860304258377,65.72327228648014],[22.31637730699143,65.72311514043831]],[[22.316860304258377,65.72327228648014],[22.317343307376312,65.72342943093255],[22.316910914960093,65.7234502635559],[22.316860304258377,65.72327228648014]]],[[[22.509405448587145,65.79073639050785],[22.506146271536952,65.79055044034288],[22.506038185519152,65.7909024912019],[22.509405448587145,65.79073639050785]]],[[[22.359001624798367,65.6898277464917],[22.360317760672466,65.68977794430536],[22.360347542807755,65.68976239354285],[22.359001624798367,65.6898277464917]]],[[[22.312311695970134,65.71914724893381],[22.31228843417448,65.71952337004194],[22.31437875200575,65.71904776014162],[22.312311695970134,65.71914724893381]]],[[[22.284163429441545,65.70245936552026],[22.284235422014998,65.70247011315988],[22.284248465637045,65.70245528565552],[22.284163429441545,65.70245936552026]]],[[[22.27274516426016,65.70300719079614],[22.272920971734038,65.70427550923867],[22.271112148483816,65.7056249862958],[22.272378531295296,65.70700754698787],[22.27095142157677,65.7081583249468],[22.2709715761826,65.70978098561388],[22.274962005124845,65.70995062677206],[22.275243334528625,65.70939593330421],[22.276921818757355,65.70913508317592],[22.276720614985955,65.70842310974587],[22.275122339483445,65.70741728768887],[22.27641883219327,65.70735514887674],[22.2779965622922,65.70673830133369],[22.277745050571426,65.70584833633662],[22.27464942589489,65.70419268199824],[22.28098006652558,65.70334793057711],[22.280447348035327,65.70301267294734],[22.28222601335199,65.70310775263412],[22.283367307978814,65.70249756181828],[22.27274516426016,65.70300719079614]]],[[[22.268851330000004,65.6941737],[22.2904479,65.69313761999999],[22.29030079359152,65.69261728091342],[22.287694962062236,65.6914796109321],[22.28739296456457,65.69041167381873],[22.28925271245599,65.68891004894196],[22.28541591,65.67533866],[22.29911655461946,65.67467948875091],[22.298605141464794,65.67435746724585],[22.299468323331,65.67431592026182],[22.299565118815515,65.67465790723926],[22.306995990000004,65.67430039],[22.30822824966153,65.6786479436453],[22.31380624792358,65.67705293167795],[22.315913852862895,65.67677085921608],[22.316524589411838,65.67583932208898],[22.315739553372165,65.67461429456701],[22.31817750230597,65.6739554146907],[22.323842251111387,65.67079525807056],[22.324705265627617,65.670753569368],[22.32407161354229,65.67006251268523],[22.324884063016874,65.66984284779342],[22.32463137340999,65.66895297178783],[22.323336940143818,65.66901550151404],[22.320977491332638,65.66840778662673],[22.316561782821058,65.66826011517165],[22.31577699554964,65.66703508538804],[22.318393245099525,65.66546549577386],[22.318572239211623,65.66455477969943],[22.320146386524883,65.66393752972313],[22.320706198050964,65.66282800275954],[22.32194982717719,65.66258752190387],[22.322509535089004,65.6614779892976],[22.324234946380493,65.66139462814031],[22.32456526189201,65.66101783390613],[22.32900672757998,65.6597206387253],[22.32890564039379,65.65936469121407],[22.329768264922535,65.65932297755035],[22.330859972598063,65.65854850604752],[22.332915314695782,65.65808824139914],[22.33727875254995,65.65805748345826],[22.33819192078398,65.65819369293162],[22.338293129851905,65.65854963307181],[22.341261518519303,65.65822546004732],[22.34116027025968,65.65786952226759],[22.3441791856125,65.65772326207068],[22.345015653741534,65.65912610240119],[22.344153065318896,65.65916790230396],[22.34349304445718,65.65992156926255],[22.34361883633093,65.66190011331105],[22.341334584326027,65.66309329016217],[22.341867227943524,65.66342833520932],[22.34359269390009,65.66334475364538],[22.343313282044573,65.66389955470457],[22.34607953062097,65.66286341117099],[22.346916283371453,65.66426623823317],[22.34361720969888,65.66496736172812],[22.342094223105946,65.66576281823674],[22.342195521298986,65.66611875489761],[22.341002564319822,65.66653736997905],[22.34173787172883,65.66758428952568],[22.34529069374078,65.6677730385539],[22.345798819203623,65.66648546203683],[22.34752447324307,65.66640183398015],[22.348209344418795,65.66727075358081],[22.348728277200227,65.66722116115122],[22.347615449999996,65.66331640999998],[22.369182519999995,65.66226942999998],[22.366642179999996,65.65337152000001],[22.38820006,65.65232193],[22.385654379999995,65.64342438999999],[22.40720307999999,65.64237218999999],[22.40465206,65.63347502],[22.370491868329438,65.63514015335868],[22.368194545272658,65.63616920035341],[22.368017438278194,65.63707995624883],[22.36725713370979,65.6374777970725],[22.357295259542664,65.6377816060617],[22.3546083461572,65.63755125091123],[22.355292634650723,65.63842014434947],[22.353366224554154,65.63779198437683],[22.35250436088057,65.63783382461268],[22.352605670476386,65.63818975424685],[22.349639718484926,65.63851412516742],[22.34740837351083,65.63988533716869],[22.346546428808484,65.63992714436851],[22.345455949799952,65.64070171663617],[22.343782596812794,65.64096327287733],[22.343503403034894,65.64151807219339],[22.34172879803197,65.64142366952854],[22.340105936977437,65.64186315525188],[22.341018543158555,65.64199935322827],[22.340739279977175,65.6425541481374],[22.34198175073478,65.64231351459077],[22.342082937167795,65.64266945244458],[22.340561174792313,65.64346488167712],[22.341143980457527,65.64397790289962],[22.337669079461676,65.64558960900818],[22.335513691368668,65.64569398471563],[22.335412580784034,65.64533804174712],[22.336554112201803,65.6447415079152],[22.336149649033402,65.64331773860523],[22.33298075398336,65.6429299059035],[22.33183921618018,65.64352641293354],[22.330115021655235,65.64360984860633],[22.32897338752884,65.64420633502675],[22.328010261342076,65.64389209034219],[22.32719864102713,65.64411176389245],[22.32195232464606,65.64256125344288],[22.321851414640907,65.64220529948949],[22.32040697355216,65.64173385998012],[22.319544915207178,65.64177551496715],[22.31944404187831,65.64141955905502],[22.317518248253474,65.64079093820064],[22.317445060138574,65.63899033007307],[22.316482267233855,65.63867600900468],[22.31650997595866,65.63723135806812],[22.315547260660413,65.63691703031002],[22.31529527685111,65.63602713180126],[22.31610675235314,65.63580752329382],[22.315199677423326,65.63260388936753],[22.314287531955944,65.6324675316948],[22.31418677421326,65.63211157114995],[22.311069918058173,65.63190124518333],[22.3121834850139,65.63274954706107],[22.312687181841188,65.63452935665231],[22.31043187427327,65.63427740651224],[22.310532590690755,65.63463336994926],[22.311444794591317,65.63476974961804],[22.310582950040814,65.6348113516314],[22.311114599486878,65.63514651418163],[22.309972881572065,65.63574285853998],[22.310174318568265,65.63645478591086],[22.31235149756887,65.63797340958014],[22.312603403276317,65.63886331372956],[22.311461561335467,65.63945967048595],[22.31214446737736,65.6403287717414],[22.31128243970937,65.64037037951124],[22.311383196263968,65.6407263419834],[22.31019087378975,65.64114470894656],[22.3101124461412,65.64241138038851],[22.311024924278772,65.64254775990449],[22.310162820790975,65.64258936205508],[22.309882887705307,65.64314410667373],[22.310034014357775,65.6436780518234],[22.31079539075133,65.6432804873263],[22.312670819368996,65.64373121254442],[22.31277161067225,65.64408717375142],[22.31190945944885,65.64412878628535],[22.31076737597825,65.64472514016104],[22.310868145837016,65.64508110283896],[22.310005957936227,65.6451227049207],[22.308863787278387,65.64571904532345],[22.308474721105792,65.64716690852093],[22.320996789999995,65.64656274999999],[22.322289863057033,65.65112193558414],[22.32389341049755,65.65094698400031],[22.327090259831404,65.64989035118853],[22.32843424575783,65.65000577308469],[22.33008141952116,65.65118902442809],[22.328636322431457,65.65071766964354],[22.327773981679222,65.6507593741144],[22.326503851206702,65.65244454356164],[22.32444883255368,65.65290471830838],[22.324169108227917,65.653459487198],[22.323016672305325,65.65368455819019],[22.32352067,65.65546158],[22.319932931432994,65.65563469260107],[22.315920395233807,65.6567445527007],[22.316071741549134,65.65727848966864],[22.314296134462385,65.65718377610007],[22.313635284004306,65.65793732132538],[22.310156809343038,65.65954843235806],[22.30226349161352,65.66101136829697],[22.302464953477877,65.66172330557465],[22.299927022882983,65.66202595591615],[22.297971435992963,65.66284175515996],[22.29667723037679,65.66290405555235],[22.29644714161095,65.66363676659198],[22.29208264866812,65.66366636173738],[22.28751706298723,65.66298387110623],[22.285410240853,65.66326554219519],[22.283554579837332,65.66443714345888],[22.2822602529632,65.6644993222016],[22.281548055108836,65.66507474624109],[22.279491212208043,65.66553433018025],[22.277685330770016,65.66688385728564],[22.27788617296999,65.66759583308888],[22.275778865635907,65.66787737529363],[22.27521702071122,65.66898675609946],[22.273541100949767,65.66924756277507],[22.27163430461425,65.67024103196574],[22.26434798530065,65.67077067463704],[22.261658365136512,65.6705387005691],[22.26155815153627,65.67018269998948],[22.260695034270693,65.67022403101797],[22.260163281415696,65.6698886930068],[22.25933100800209,65.66848534601968],[22.259893527862435,65.66737601747077],[22.26113796633068,65.66713602673794],[22.262131870483785,65.66600602541568],[22.262944738937005,65.66578668774969],[22.261480631147116,65.66369202098272],[22.26267478089177,65.66327401906494],[22.26433089682302,65.66139066689016],[22.266718854760505,65.66055461215058],[22.266568501035394,65.66002061655384],[22.26766215380331,65.65924658079906],[22.26746166997905,65.65853458799398],[22.268705614222938,65.65829454004124],[22.267361432615072,65.65817859144717],[22.26721108225392,65.65764459644659],[22.265866940515085,65.65752863424136],[22.265766729709274,65.65717263638356],[22.264522810177148,65.65741266003135],[22.263459766010676,65.65674200443272],[22.262597099438743,65.65678334191625],[22.260140028702136,65.65581865747136],[22.260502018533373,65.65399732428156],[22.259589382557508,65.65386064267587],[22.259670286672897,65.65259397378942],[22.258657614989797,65.65210128293661],[22.257094631652734,65.64965055820973],[22.258288219342113,65.64923259616181],[22.258900449119242,65.64830127639117],[22.25976284092915,65.64825996255645],[22.260425041481163,65.64750663886238],[22.261618477057496,65.64708865210402],[22.261699279487182,65.64582198306896],[22.262511527777413,65.64560265368479],[22.263504598249824,65.64447265129164],[22.26358530746948,65.64320598213573],[22.265009332199245,65.6420553026146],[22.26442806393496,65.64154197454884],[22.265290220679862,65.64150063159582],[22.26519009230778,65.64114463252697],[22.267539114711614,65.64011577346463],[22.25926733777932,65.64051243180509],[22.260367394585398,65.64263862377656],[22.25950519061763,65.64267993922986],[22.25889310415472,65.6436112600847],[22.25764976203978,65.6438512218819],[22.25774979961295,65.64420722679431],[22.25483187253106,65.64470776668527],[22.25295733912918,65.64425631851071],[22.253057314248622,65.64461232711673],[22.251432699079555,65.64505088153413],[22.251582637066086,65.64558489615982],[22.2502891579784,65.64564679434174],[22.250439076592656,65.64618081028168],[22.24762069184323,65.64703722602181],[22.24632712902263,65.64709909126032],[22.24432097948449,65.64773619873147],[22.24335871730764,65.64742140894163],[22.240340320284684,65.64756566011282],[22.23919641138941,65.64816149290888],[22.23752144278583,65.64842189314018],[22.23792059198803,65.64984597499134],[22.23644505090881,65.6508184052909],[22.236263229450834,65.65172905125344],[22.234687759785718,65.65234544438243],[22.234705399328853,65.65396813432274],[22.23389264860533,65.65418731977098],[22.23512217533932,65.65701491350151],[22.234309334052018,65.65723410204697],[22.235172069798082,65.657192924561],[22.236284315252725,65.65804179544632],[22.237678280196125,65.65833603034291],[22.23774605149333,65.66013672779306],[22.238808583771718,65.66080756822356],[22.23799565750725,65.66102677730798],[22.2379136887245,65.66229344477142],[22.236669254539276,65.6625332452442],[22.236868930510294,65.66324528637816],[22.235342701415004,65.6640397030276],[22.235492440430004,65.66457373537783],[22.234629459846477,65.66461491703612],[22.234729277979604,65.66497093916249],[22.233152982350248,65.66558732426549],[22.23365202443648,65.66736743953778],[22.232307508866427,65.66725118397738],[22.231594114492204,65.66782638519189],[22.232941552686274,65.6726327061275],[22.232128208906747,65.67285188780885],[22.23204594781004,65.67411855480793],[22.233340899372326,65.67405679787798],[22.233640441118194,65.67512486568815],[22.234885504100962,65.67488508400083],[22.236048477873926,65.67591195960986],[22.238788418988367,65.67632239269221],[22.240896840784316,65.67604135284536],[22.241078621301675,65.67513070188171],[22.244681880261357,65.67549980718742],[22.247935058987125,65.67462278751546],[22.248566812597698,65.67531417954876],[22.250393511949195,65.6755876559449],[22.250643731307655,65.67647767866445],[22.255392089806243,65.67625059965219],[22.256355586713784,65.67656530120935],[22.258082257056074,65.67648267934881],[22.260841969595848,65.67851538114968],[22.26208692908472,65.67827537763974],[22.262187187627617,65.6786313774201],[22.263432139529073,65.67839136296497],[22.2643958126548,65.67870601184723],[22.264727214251483,65.67832933741887],[22.266885656941618,65.6782259371331],[22.267648695870882,65.67782857309228],[22.269857263446024,65.67790312871256],[22.269827033588047,65.67934779491907],[22.26901380578378,65.67956717285516],[22.26878280921691,65.6802998506387],[22.267919368993155,65.68034122581606],[22.268019717256585,65.68069722087856],[22.26591123493495,65.68097863754538],[22.266061721559463,65.68151263244513],[22.264816646621558,65.68175266961941],[22.264254061189888,65.68286201692817],[22.262727565318006,65.68365671109446],[22.26095030151035,65.68356138992682],[22.25726467308392,65.68445935186325],[22.255737866800075,65.68525397881753],[22.255174822097665,65.68636329691064],[22.253929409901115,65.68660324814451],[22.253697932831045,65.68733590757759],[22.25222093366102,65.68830850494747],[22.252039480080995,65.68921916600334],[22.252953337834377,65.68935588117606],[22.253354094808557,65.69077990655315],[22.258236163144574,65.68946405045185],[22.25894952747182,65.6888887245649],[22.26321804792747,65.68850404092656],[22.26380040144228,65.68901736300593],[22.263036981639974,65.68941471136749],[22.262906066648437,65.69050338100776],[22.259551162404488,65.69102473371689],[22.256115030904777,65.69281268224256],[22.254005428448785,65.6930939445155],[22.253723798548158,65.69364860162182],[22.252859884522103,65.69368989580616],[22.252296552301253,65.69479920594313],[22.25110080195481,65.69521714159264],[22.2513512739713,65.69610716060741],[22.25048727339841,65.69614844214306],[22.250687641304708,65.69686045828558],[22.248727889813665,65.69767566334679],[22.24704984154876,65.69793619824122],[22.246717944683535,65.69831283882498],[22.245853861646992,65.69835409482742],[22.2448580749878,65.69948400749074],[22.246154257814126,65.69942212957378],[22.24648617630729,65.69904549001544],[22.24701837590617,65.69938087152865],[22.248214383052257,65.69896296552646],[22.24999267111627,65.69905842573932],[22.24902839501719,65.69874369137429],[22.25157055211827,65.69844185083106],[22.25103831435321,65.69810648561155],[22.251802171404805,65.69770919332268],[22.25276644097527,65.69802391016623],[22.252616112922436,65.69748990064305],[22.2531984707333,65.6980032632549],[22.25530848050138,65.69772200827093],[22.25615335166502,65.69605802679797],[22.26301498450726,65.69554938230752],[22.267083724528522,65.69445258461691],[22.267234329584525,65.6949865771732],[22.26858043488087,65.69510250830581],[22.26748535321786,65.6958765642855],[22.267836818242056,65.69712254523151],[22.269665263441343,65.69739577313695],[22.26960486145036,65.70028510457664],[22.270563031919167,65.70023920610468],[22.268851330000004,65.6941737]],[[22.345082389999998,65.65441806999999],[22.342551239999995,65.64551967],[22.36410377,65.64447355],[22.366642179999996,65.65337152000001],[22.345082389999998,65.65441806999999]],[[22.355772499910163,65.65698059388775],[22.35782725652573,65.65651999788058],[22.360110171075256,65.6553265861296],[22.36350910145072,65.65498104103479],[22.36201294242713,65.65739927942502],[22.359780692713805,65.6587706820748],[22.356330482602615,65.65893818629318],[22.354884481026193,65.65846709019738],[22.35468161159472,65.65775523639313],[22.355772499910163,65.65698059388775]],[[22.347473786537368,65.66622386780257],[22.347905195220072,65.66620295791678],[22.34795588483631,65.666380923922],[22.347473786537368,65.66622386780257]],[[22.335008169008063,65.643914268897],[22.335058717806014,65.64409224058866],[22.334627664045083,65.64411311053361],[22.335008169008063,65.643914268897]],[[22.323325790144015,65.65819106343027],[22.3237570886851,65.65817022318882],[22.323807593781808,65.6583481990413],[22.323325790144015,65.65819106343027]],[[22.323807593781808,65.6583481990413],[22.324289403238016,65.65850533306721],[22.323858099642287,65.65852617486944],[22.323807593781808,65.6583481990413]],[[22.32071055493382,65.65976072816392],[22.32043068436163,65.66031549157647],[22.31865485520082,65.6602208311274],[22.320178259257407,65.65942560556132],[22.320407643384353,65.65869286546474],[22.323376292331538,65.6583690394545],[22.322867183106016,65.65965655052092],[22.32071055493382,65.65976072816392]],[[22.31728275928679,65.66154997753509],[22.318347381276176,65.66222024086383],[22.31624098108111,65.66250233539184],[22.315910525592063,65.66287911288101],[22.31413453346382,65.66278440117244],[22.313551812497387,65.66227127551376],[22.315226855615208,65.66201003608711],[22.3151259467305,65.66165407768132],[22.31728275928679,65.66154997753509]],[[22.315128625267537,65.64469503982157],[22.315179039639336,65.64487301943439],[22.314747953687426,65.64489383324945],[22.315128625267537,65.64469503982157]],[[22.31445487365509,65.66854218987685],[22.3145558056154,65.66889814849404],[22.314124319788732,65.66891896442712],[22.31445487365509,65.66854218987685]],[[22.289017368759648,65.67139087494382],[22.287190586587833,65.67111786362068],[22.285493757930038,65.66975615058433],[22.285141891345347,65.66851021417285],[22.286235325201254,65.66773604687955],[22.287098310562275,65.66769457205713],[22.28656627457982,65.66735932920234],[22.287810452286617,65.66711912255235],[22.28847228064699,65.66636568029408],[22.29111137759309,65.66641919323374],[22.292305158589762,65.66600096202646],[22.29738192562989,65.66539586483309],[22.299006991448856,65.66495681452763],[22.300430563835892,65.66380580744612],[22.301293391089843,65.66376425353113],[22.300660540678603,65.66307309146117],[22.30200511008055,65.66318874159558],[22.30233577348469,65.66281199234479],[22.304061351488244,65.66272885871548],[22.305456306565215,65.66302246185496],[22.309288427937194,65.66265732247747],[22.309439679321354,65.66319126696098],[22.310403318453307,65.66350562442786],[22.31337265253288,65.66318198729108],[22.31258287768347,65.66502422145719],[22.3119217896543,65.6657777615121],[22.31072834473331,65.66619614357664],[22.31054906588152,65.66710685316313],[22.309585288382298,65.66679249796915],[22.307428002735826,65.66689649341276],[22.30628483885739,65.66749282401581],[22.305421897213662,65.66753440738924],[22.30394796043459,65.66850747742895],[22.30308498052081,65.66854904790067],[22.303185756471176,65.66890501557933],[22.301610898891195,65.66952209666931],[22.30023745221246,65.67085110212975],[22.296806787867048,65.67263991713288],[22.294368397163073,65.6732984584138],[22.292160173306293,65.67322425564785],[22.290282919885268,65.67277329482815],[22.289017368759648,65.67139087494382]],[[22.31258969711481,65.67584870197693],[22.31345290160579,65.67580707534164],[22.313503377359602,65.6759850548912],[22.31258969711481,65.67584870197693]],[[22.313339625464625,65.66769392115471],[22.31344053814338,65.66804988070123],[22.313009065349828,65.66807069334064],[22.313339625464625,65.66769392115471]],[[22.313202685141402,65.64406636565963],[22.313253084841577,65.64424434605533],[22.31282200746643,65.64426515431849],[22.313202685141402,65.64406636565963]],[[22.312259028511974,65.67622547357148],[22.312640167040957,65.67602668186969],[22.312741109184504,65.67638264158226],[22.312259028511974,65.67622547357148]],[[22.301144290754227,65.67405482717909],[22.30157587458061,65.67403404715759],[22.301626264655653,65.67421203148093],[22.301144290754227,65.67405482717909]],[[22.301626264655653,65.67421203148093],[22.302108244384524,65.67436923419764],[22.301676655493214,65.67439001578009],[22.301626264655653,65.67421203148093]],[[22.270881348267704,65.67532840447602],[22.270981713830313,65.67568439742612],[22.270550073061546,65.67570509110861],[22.270881348267704,65.67532840447602]],[[22.2690042962844,65.67487717887641],[22.266364359289547,65.67482329003963],[22.266264061133256,65.67446729338918],[22.26880363001882,65.67416518966877],[22.2690042962844,65.67487717887641]],[[22.26361003287995,65.65727600395519],[22.26317869124129,65.65729667381675],[22.263128604437863,65.65711867382961],[22.26361003287995,65.65727600395519]],[[22.25740013043746,65.67561332778217],[22.257831782309193,65.67559267134061],[22.25788187574226,65.67577067299025],[22.25740013043746,65.67561332778217]],[[22.25788187574226,65.67577067299025],[22.25836362687758,65.675928016615],[22.25793196993347,65.67594867461591],[22.25788187574226,65.67577067299025]],[[22.2520337787082,65.6969765355732],[22.252465791700494,65.69695589090398],[22.252515898015517,65.69713389417433],[22.2520337787082,65.6969765355732]],[[22.25121984799987,65.6971958250332],[22.252083882102532,65.6971545390139],[22.252133986255785,65.69733254243063],[22.25121984799987,65.6971958250332]],[[22.250837925201242,65.69739447014067],[22.251269946311606,65.6973738287906],[22.251320045382187,65.69755183252396],[22.250837925201242,65.69739447014067]],[[22.250124153904526,65.69796976184193],[22.250023971012197,65.69761375342523],[22.250888021350992,65.69757247404435],[22.250124153904526,65.69796976184193]],[[22.249692121755146,65.69799040004303],[22.24974221141844,65.6981684043857],[22.24931017558931,65.69818904153705],[22.249692121755146,65.69799040004303]],[[22.249360263090285,65.69836704602604],[22.248928223581384,65.69838768212767],[22.248878139001498,65.69820967746841],[22.249360263090285,65.69836704602604]],[[22.247782332503856,65.69898359847878],[22.24686815688167,65.69884685528469],[22.247732254411627,65.69880559338065],[22.247782332503856,65.69898359847878]],[[22.247632100502887,65.6984495831125],[22.248496183313833,65.69840831700931],[22.24854626573125,65.69858632181487],[22.247732254411627,65.69880559338065],[22.247632100502887,65.6984495831125]],[[22.246045778406618,65.64765373161694],[22.246095726083936,65.64783173858403],[22.245664524577357,65.64785235735829],[22.246045778406618,65.64765373161694]],[[22.23688675290586,65.66486797418283],[22.236936677670894,65.66504598436141],[22.236505181282922,65.66506657996354],[22.23688675290586,65.66486797418283]],[[22.236405338334386,65.6647105592429],[22.236455259431033,65.66488856961517],[22.236023765200944,65.6649091638293],[22.236405338334386,65.6647105592429]],[[22.23592392958909,65.6645531427214],[22.235973847017416,65.66473115328728],[22.23554235494525,65.66475174611347],[22.23592392958909,65.6645531427214]]],[[[22.336803185940994,65.62528370312202],[22.336546111931725,65.62471534093928],[22.335405436008806,65.62531186638455],[22.336803185940994,65.62528370312202]]],[[[22.272869189999998,65.63084023],[22.294412919999992,65.62980408999998],[22.29485450055069,65.6301574521891],[22.29637693367282,65.6293624747065],[22.29501283846632,65.62762411051976],[22.292607635231267,65.62683792341336],[22.29174601743548,65.6268794162593],[22.288278635087494,65.62542268699201],[22.288107222676736,65.62326606231974],[22.286915301293202,65.62368424258365],[22.28174611063768,65.62393292733788],[22.28012327484726,65.62437177146866],[22.279842870172118,65.62492646527348],[22.277638805830897,65.62485201113584],[22.276596953805733,65.62580409783784],[22.273300729992243,65.62650366644169],[22.272439086169584,65.62654504991387],[22.271523133597043,65.62605352141325],[22.272869189999998,65.63084023]]],[[[22.313186460000004,65.7732299],[22.293596162836767,65.77417036217409],[22.293802359619256,65.77489607662986],[22.29471949130986,65.77503250921382],[22.29313807928323,65.77564956528096],[22.294055234754627,65.7757860016333],[22.294156390186725,65.77614197146472],[22.294972399678084,65.77592243237751],[22.295990756073422,65.77641482587285],[22.295810409183346,65.77732552787339],[22.29726216100809,65.77779713058023],[22.298100361484778,65.77920021164924],[22.29993498633252,65.77947301611938],[22.30003624026155,65.77982898109943],[22.303503045410228,65.77966259561421],[22.304037702518215,65.77999775370516],[22.305821774944388,65.78009250547318],[22.306407144169647,65.78060563498195],[22.30722318479826,65.78038603003172],[22.3080113303252,65.78161107101468],[22.30969412951214,65.78134981797785],[22.30999833104063,65.78241768904053],[22.31139991451008,65.78271117354412],[22.315828891925605,65.78249826848959],[22.313186460000004,65.7732299]],[[22.29489986540246,65.77412180823335],[22.295383710060356,65.77427901425878],[22.29495044463684,65.77429979286427],[22.29489986540246,65.77412180823335]]],[[[22.34123892409199,65.83502623015048],[22.34039183789933,65.83490082490182],[22.340136662501894,65.83401099924217],[22.339906562314,65.83474377551947],[22.33900336897099,65.83513393317321],[22.34123892409199,65.83502623015048]]],[[[22.359092590616605,65.84175730409956],[22.357687224123318,65.84146429441824],[22.35789191953173,65.84217612616993],[22.358862976556033,65.84249010423915],[22.359680489686795,65.84227020451402],[22.359092590616605,65.84175730409956]]],[[[22.356252641814418,65.83034701878987],[22.35663565223552,65.83014809881546],[22.3562015063805,65.83016905995486],[22.356252641814418,65.83034701878987]]],[[[22.34051985316458,65.83381211797531],[22.341005114453246,65.83396916554602],[22.340954075799193,65.83379120068693],[22.34051985316458,65.83381211797531]]],[[[22.313195745370667,65.81058926778903],[22.311229556994498,65.81140533928632],[22.311866567070375,65.81209641678845],[22.312531175166843,65.81134284355622],[22.314317455920065,65.81143747479935],[22.314548117113148,65.81070473171157],[22.313195745370667,65.81058926778903]]],[[[22.251952484209227,65.69824320379594],[22.25253484680452,65.69875656890049],[22.253398930447638,65.69871527493495],[22.2531984707333,65.6980032632549],[22.251952484209227,65.69824320379594]]],[[[22.334543951410634,65.62535360093024],[22.334214207141443,65.62573041132735],[22.335075704868384,65.62568867852532],[22.335405436008806,65.62531186638455],[22.334543951410634,65.62535360093024]]],[[[22.25190237918214,65.69806520032883],[22.251520449253235,65.69826384721762],[22.251952484209227,65.69824320379594],[22.25190237918214,65.69806520032883]]],[[[22.5896556245633,65.72215222312761],[22.589223522289085,65.72217382638432],[22.589276003419105,65.72235169282054],[22.5896556245633,65.72215222312761]]],[[[22.585831581430302,65.7210799405339],[22.5853994932215,65.72110153278997],[22.585451945445488,65.72127940083293],[22.585831581430302,65.7210799405339]]],[[[22.57944219505931,65.72320397631307],[22.57901006496059,65.72322555084273],[22.579062478439347,65.72340342147675],[22.57944219505931,65.72320397631307]]],[[[22.523733960832008,65.81603079550302],[22.52378621972521,65.8162086867175],[22.524653708552954,65.81616581823562],[22.523733960832008,65.81603079550302]]],[[[22.40065134380085,65.78597401608454],[22.401136041867257,65.78613087799236],[22.401084702165978,65.78595293617802],[22.40065134380085,65.78597401608454]]],[[[22.42109977520038,65.7867824120235],[22.42153312702474,65.78676127406726],[22.421481645112145,65.78658334050901],[22.42109977520038,65.7867824120235]]],[[[22.42055032198367,65.79095943665571],[22.42011689864881,65.79098057251284],[22.420168381699963,65.79115850652025],[22.42055032198367,65.79095943665571]]],[[[22.372023358768995,65.86982116579314],[22.372074698575997,65.86999911734904],[22.372509501740826,65.86997810479154],[22.372023358768995,65.86982116579314]]],[[[22.366083555888146,65.69003937302375],[22.365651768072556,65.69006033823135],[22.365702635790893,65.69023829655782],[22.366083555888146,65.69003937302375]]],[[[22.36031803383443,65.83989384347262],[22.36042040886607,65.84024975736024],[22.36128903170391,65.8402078066878],[22.361186644857785,65.83985189349536],[22.36031803383443,65.83989384347262]]],[[[22.36162094920035,65.83983091666569],[22.361135452603882,65.83967393686211],[22.361186644857785,65.83985189349536],[22.36162094920035,65.83983091666569]]],[[[22.361264275608423,65.84165243580965],[22.360829940168998,65.84167341192261],[22.360881135089492,65.84185136863177],[22.361264275608423,65.84165243580965]]],[[[22.35801541951818,65.83188575488631],[22.359317936284388,65.83182285153545],[22.359266776135556,65.83164489396455],[22.35801541951818,65.83188575488631]]],[[[22.358091529182545,65.83061908238334],[22.357657376808827,65.83064004772429],[22.357708523431807,65.83081800596432],[22.358091529182545,65.83061908238334]]],[[[22.35753009736312,65.83172876195042],[22.357964268224116,65.83170779679435],[22.357913117708602,65.83152983867768],[22.35753009736312,65.83172876195042]]],[[[22.357606230964308,65.83046208945954],[22.35717208076346,65.83048305339994],[22.357223223656664,65.83066101183836],[22.357606230964308,65.83046208945954]]],[[[22.355256966548065,65.83147765098484],[22.35747894979919,65.8315508036601],[22.356406052785978,65.83088089514685],[22.35510357513508,65.83094377328729],[22.355256966548065,65.83147765098484]]],[[[22.357120938648656,65.8303050949369],[22.356686790620703,65.8303260574768],[22.356737929784217,65.83050401611351],[22.357120938648656,65.8303050949369]]],[[[22.35083698998832,65.73786968237744],[22.350404388632736,65.73789061217646],[22.35045526468559,65.73806857549694],[22.35083698998832,65.73786968237744]]],[[[22.34828458566351,65.83019022667612],[22.348718739617787,65.83016928796768],[22.34866765669053,65.82999132610857],[22.34828458566351,65.83019022667612]]],[[[22.348465709527314,65.86608622660614],[22.348030948640282,65.8661071703839],[22.348082113397393,65.86628513165384],[22.348465709527314,65.86608622660614]]],[[[22.34800366666941,65.83074505062798],[22.347569502305596,65.83076598740291],[22.34762057948805,65.83094394968384],[22.34800366666941,65.83074505062798]]],[[[22.34843783025578,65.83072411262611],[22.34838674794754,65.83054615066744],[22.34800366666941,65.83074505062798],[22.34843783025578,65.83072411262611]]],[[[22.347186411395143,65.83096488540522],[22.34723748640334,65.83114284783503],[22.34767165744796,65.83112191194022],[22.347186411395143,65.83096488540522]]],[[[22.343171678151528,65.86760414281227],[22.34306941112117,65.86724821637631],[22.342634625295677,65.86726914504487],[22.343171678151528,65.86760414281227]]],[[[22.34422034257285,65.86665153471985],[22.345908282462926,65.86638983297605],[22.34593387195876,65.86801242925152],[22.34746838923861,65.86721682358649],[22.347263742978402,65.8665049774624],[22.3463430502092,65.86636889516963],[22.344629614195856,65.86500800432817],[22.342327860673958,65.86620136410454],[22.342430112430815,65.86655729118314],[22.343350792584193,65.86669339716077],[22.342532367304674,65.86691321816323],[22.34306941112117,65.86724821637631],[22.34422034257285,65.86665153471985]]],[[[22.34506427927175,65.86805430184461],[22.345166577786074,65.86841022664542],[22.345601380441757,65.86838929061615],[22.34593387195876,65.86801242925152],[22.34506427927175,65.86805430184461]]],[[[22.344731774350727,65.86843116144556],[22.3447829218161,65.86860912398262],[22.345217728212706,65.86858818900885],[22.344731774350727,65.86843116144556]]],[[[22.344459059480776,65.79843958631919],[22.3448926824106,65.79841866357235],[22.344841701509434,65.79824069943776],[22.344459059480776,65.79843958631919]]],[[[22.34292843249346,65.79923512481064],[22.343362070297797,65.79921420627183],[22.343311098071442,65.79903624154298],[22.34292843249346,65.79923512481064]]],[[[22.342302093877038,65.86764599961455],[22.342353222639076,65.86782396314275],[22.342788018127123,65.86780303518259],[22.342302093877038,65.86764599961455]]],[[[22.34238013153749,65.70057035920868],[22.342329399641933,65.70039239177382],[22.341897416109962,65.70041329141816],[22.34238013153749,65.70057035920868]]],[[[22.339406922475288,65.70089460093261],[22.337577538539968,65.70062222078617],[22.338161640166717,65.70113524074026],[22.339076348651304,65.70127142989057],[22.339406922475288,65.70089460093261]]],[[[22.332491202535305,65.62581386234704],[22.332541691662634,65.62599183547107],[22.3342647078725,65.6259083837644],[22.332491202535305,65.62581386234704]]],[[[22.33168017898215,65.62603355403208],[22.33173066306999,65.62621152747516],[22.332592181552524,65.62616980857075],[22.33168017898215,65.62603355403208]]],[[[22.331299902684965,65.62623238510427],[22.3313503846342,65.62641035869466],[22.331781147920324,65.6263895008939],[22.331299902684965,65.62623238510427]]],[[[22.32552139153636,65.6274141440144],[22.322024658442583,65.62740285475438],[22.32131432702378,65.62797844701807],[22.320452726772253,65.62802010268834],[22.319792752208162,65.62877366624592],[22.32232719687036,65.62847071799777],[22.323417882929242,65.6276963098651],[22.32901812305233,65.62742535271221],[22.33053933268398,65.62663004455943],[22.32552139153636,65.6274141440144]]],[[[22.33140086734591,65.6265883322607],[22.330488855774593,65.62645207065],[22.33053933268398,65.62663004455943],[22.33140086734591,65.6265883322607]]],[[[22.318701912819414,65.629548049816],[22.318651510154645,65.62937007124795],[22.31822068476566,65.62939089238164],[22.318701912819414,65.629548049816]]],[[[22.31832148505211,65.62974684983628],[22.318271084528206,65.62956887112111],[22.317840255475662,65.62958969121053],[22.31832148505211,65.62974684983628]]],[[[22.317941051480215,65.62994564895939],[22.317890653097283,65.62976767009712],[22.317459820381146,65.62978848914223],[22.317941051480215,65.62994564895939]]],[[[22.317079379481992,65.62998728617677],[22.317129772821477,65.63016526535752],[22.31756061210363,65.63014444718529],[22.317079379481992,65.62998728617677]]],[[[22.317230561784267,65.63052122364623],[22.31718016692224,65.63034324451404],[22.31674932397637,65.63036406164193],[22.317230561784267,65.63052122364623]]],[[[22.31685010865669,65.63072002022479],[22.3167997159359,65.6305420409455],[22.31636886932629,65.63056285702906],[22.31685010865669,65.63072002022479]]],[[[22.316469649723988,65.63091881590613],[22.316419259144514,65.63074083647973],[22.31598840887112,65.63076165151888],[22.316469649723988,65.63091881590613]]],[[[22.31608918498602,65.63111761069014],[22.316038796547975,65.63093963111668],[22.315607942610765,65.63096044511144],[22.31608918498602,65.63111761069014]]],[[[22.31570871444268,65.63131640457685],[22.315658328146128,65.63113842485627],[22.315227470545068,65.63115923780663],[22.31570871444268,65.63131640457685]]],[[[22.315328238093855,65.63151519756622],[22.315277853938884,65.63133721769857],[22.314846992673942,65.63135802960448],[22.315328238093855,65.63151519756622]]],[[[22.31263275370253,65.81169879700815],[22.3130666307771,65.81167796230099],[22.313015838175247,65.81149998575972],[22.31263275370253,65.81169879700815]]],[[[22.311349717889684,65.63134649964877],[22.310487986708036,65.63138810001747],[22.310538338170712,65.63156608179374],[22.311349717889684,65.63134649964877]]],[[[22.310846459816172,65.81160414617233],[22.31089723767916,65.81178212357598],[22.311331117843686,65.81176129377315],[22.310846459816172,65.81160414617233]]],[[[22.30956494311509,65.78243851035461],[22.309615643125532,65.78261648895197],[22.310049033991575,65.78259566746566],[22.30956494311509,65.78243851035461]]],[[[22.28967138724346,65.62571645650216],[22.28962119234787,65.62553846628263],[22.28919040249631,65.62555920465334],[22.28967138724346,65.62571645650216]]],[[[22.247168601757494,65.69991488755693],[22.245972534019117,65.70033278591362],[22.246072673883894,65.70068879740484],[22.24775090987346,65.70042827149526],[22.24831454735512,65.69931897531029],[22.24745043381441,65.69936024067596],[22.247168601757494,65.69991488755693]]],[[[22.233446595287766,65.6572752746618],[22.233496478855926,65.65745328637612],[22.234359223442834,65.65741211342197],[22.233446595287766,65.6572752746618]]],[[[22.140450467578873,65.62921779816872],[22.140401286817195,65.62903974932637],[22.139970296825986,65.62906006594068],[22.140450467578873,65.62921779816872]]],[[[22.140068653278938,65.62941616393681],[22.140019474680887,65.62923811495044],[22.139588481039727,65.62925843051532],[22.140068653278938,65.62941616393681]]],[[[22.139686833165275,65.62961452879942],[22.13963765673093,65.62943647966902],[22.138775661405525,65.62947710748305],[22.139686833165275,65.62961452879942]]],[[[22.138874003389603,65.6298332063897],[22.13882483202603,65.62965515694806],[22.137962827914507,65.62969578022944],[22.138874003389603,65.6298332063897]]],[[[22.13806115975666,65.6300518797586],[22.138011993464087,65.62987383000569],[22.137580987386805,65.62989413998841],[22.13806115975666,65.6300518797586]]],[[[22.136768130574755,65.63011280655807],[22.136817288888988,65.6302908567895],[22.137679314900815,65.6302502398055],[22.136768130574755,65.63011280655807]]]]}},{"type":"Feature","properties":{"cyano_daymap_file_id":2925,"date":"2005-08-06Z","cloud":null,"sub_surfac":null,"surface":null,"no_data":null,"class":1,"color_hex":null,"algae_class":"class_1","source_date":"2005-08-06"},"geometry":{"type":"Polygon","coordinates":[[[22.109764879999997,65.59349338999999],[22.080672144371245,65.59485718458518],[22.080168438407572,65.59561632810815],[22.081459912612466,65.59555589821377],[22.08241830647845,65.59587174982927],[22.088875643173495,65.59556939486863],[22.089639095557793,65.59517292156684],[22.090743864590042,65.59602292750469],[22.092084103810528,65.59614047601593],[22.093140210902025,65.59681239502483],[22.091466976691272,65.59707116741592],[22.091320661819527,65.59653696152515],[22.090459665717002,65.59657730546157],[22.090792630369364,65.59620099639316],[22.089021901296462,65.59610360366392],[22.0862521139536,65.59713509349433],[22.085780963241326,65.59859997572563],[22.07630897958431,65.59904315381966],[22.074253525780357,65.5994999444906],[22.07277452406343,65.60047081509765],[22.07153142575214,65.60070924977322],[22.07235848867963,65.6037365419995],[22.071497218897935,65.6037767808529],[22.071212531103672,65.60433112729746],[22.072178407695937,65.6062698446936],[22.067635448453483,65.60720340736707],[22.06586403824734,65.60710575067338],[22.06366869437222,65.60865097865323],[22.06237652020216,65.6087112636235],[22.06184860151723,65.60837519670875],[22.060077129111765,65.60827747302385],[22.058069225266287,65.6089121344768],[22.057402023495932,65.60966461999972],[22.058367093399163,65.6116034328023],[22.059374404420065,65.61209750780854],[22.061048939162184,65.61183907731584],[22.061625523202988,65.6123532261681],[22.059950961647537,65.61261166327665],[22.059617348380726,65.61298791064308],[22.060006096884777,65.61441255398736],[22.05890798317751,65.61518513366133],[22.059102351927695,65.615897456402],[22.062027721821714,65.61702348134735],[22.064612891699237,65.61690289858154],[22.064710160497697,65.61725905552274],[22.065571889535914,65.61721885087286],[22.066336323590516,65.61682248573983],[22.06762888979283,65.61676216333488],[22.067531583254542,65.61640600861963],[22.069254971322962,65.61632556303975],[22.069970654353938,65.61575110368679],[22.070832323604375,65.61571086972579],[22.070734977931068,65.61535471743086],[22.07451500584069,65.61481745797057],[22.075230531223053,65.6142429752895],[22.077002459562642,65.61434051767722],[22.078628228148443,65.61390381987968],[22.0800180795192,65.61419953973747],[22.079920614857553,65.61384339445969],[22.080830940088543,65.61398117708362],[22.082359124648146,65.61318829567662],[22.08370022123411,65.61330591013687],[22.083602710182276,65.61294976766095],[22.084513022119186,65.61308752831853],[22.08690256563391,65.61225428752847],[22.089007574544812,65.61197538741574],[22.090153444710054,65.61138066856769],[22.0900070597372,65.6108464621649],[22.09172999542503,65.61076576558828],[22.092347411527378,65.60983507052035],[22.093972634463594,65.6093982134556],[22.093297861326416,65.60852805775784],[22.094159247699558,65.60848769400043],[22.094297033774893,65.60739910716767],[22.095158380891913,65.60735873810873],[22.09501192042569,65.60682453722887],[22.09663691113875,65.60638765380918],[22.09649042690275,65.605853454577],[22.099074293549435,65.60573229701936],[22.100219660960896,65.60513750687625],[22.10108092210573,65.60509710500138],[22.101267262870692,65.60418657935207],[22.10222621544579,65.60450230040567],[22.103606579816464,65.60317502376978],[22.106043482709026,65.60251955952471],[22.10790300349454,65.60135009299228],[22.11164692200491,65.60034276550284],[22.109764879999997,65.59349338999999]],[[22.092867167034143,65.60854823781266],[22.092436472004792,65.60856841665158],[22.092387667008662,65.60839034869032],[22.092867167034143,65.60854823781266]],[[22.091916694702114,65.60985524809011],[22.09186789035291,65.60967717995814],[22.092298604274912,65.60965700255446],[22.091916694702114,65.60985524809011]],[[22.090451285371312,65.5949545136897],[22.09088175695595,65.5949343426077],[22.090930521218674,65.59511241146852],[22.090451285371312,65.5949545136897]],[[22.090069571514057,65.59515275274924],[22.090500046734366,65.59513258271646],[22.090548808833432,65.59531065172023],[22.090069571514057,65.59515275274924]],[[22.06145102093719,65.61650933515816],[22.061881876437024,65.61648924278488],[22.061930490830818,65.61666732232861],[22.06145102093719,65.61650933515816]]]}},{"type":"Feature","properties":{"cyano_daymap_file_id":2925,"date":"2005-08-06Z","cloud":null,"sub_surfac":null,"surface":null,"no_data":null,"class":1,"color_hex":null,"algae_class":"class_1","source_date":"2005-08-06"},"geometry":{"type":"MultiPolygon","coordinates":[[[[21.916129109999996,65.52132654999998],[21.950274360799067,65.51975540544721],[21.95120173361242,65.51954970212134],[21.95186986317052,65.51879767491633],[21.953539578968652,65.51854047613735],[21.95611559727775,65.51842182748325],[21.95931169612333,65.51899583338601],[21.959675461074934,65.51932282735382],[21.96197874040431,65.51921684527176],[21.963223455690898,65.51899581602984],[21.96312801249742,65.51863957681282],[21.964034400858015,65.51877809711456],[21.964749868939982,65.51820413597505],[21.966085573956224,65.51832284063067],[21.966419412050858,65.51794679667204],[21.968947542343663,65.51764981249235],[21.969281330693587,65.517273762684],[21.97114185550471,65.51772884098355],[21.971424401536567,65.51878221677475],[21.978327828161643,65.51846456553822],[21.980245351885003,65.5172886346545],[21.978142770000005,65.50945738],[22.018585657001246,65.50758193877188],[22.017818405301632,65.50709076558529],[22.01562488577236,65.5070124066194],[22.015003598428912,65.50631995059152],[22.011141836935543,65.50649938970999],[22.00918842213503,65.50731144531412],[22.00790110989836,65.50737122036377],[22.00732801269761,65.50685683384653],[22.00475341623737,65.50697634104849],[22.00422836378298,65.50664004620165],[21.999556201422664,65.50703711866777],[21.998173007685722,65.50674059875061],[21.99802921045936,65.5062062789383],[21.996550236885387,65.50555353007972],[21.993975709348106,65.50567285313637],[21.99364241962431,65.50604895275046],[21.99159270258241,65.50650456913117],[21.98859064693626,65.50826653845199],[21.987303230829564,65.50832613914288],[21.987159645323626,65.50779180700735],[21.989495037999493,65.50678204854708],[21.990828417261163,65.5052776801622],[21.992401085541427,65.5046638457958],[21.986393965418458,65.50494203220579],[21.986677925983965,65.50276497485942],[21.985342938239206,65.50264644520746],[21.984770390439348,65.5021319679873],[21.983912308179995,65.5021716794734],[21.98457906836655,65.50141952064928],[21.982719497596975,65.50096459847781],[21.98221114198251,65.50025268200531],[21.97575352,65.50055165],[21.975136437285826,65.49824977600682],[21.974185087851165,65.49829375261235],[21.973994088167004,65.49758128879483],[21.97483954050457,65.4971422762118],[21.973366070000004,65.49164586],[21.95192123,65.4926355],[21.950746469831664,65.48823657148846],[21.949927244647665,65.48877420355524],[21.949069536905185,65.4888137137774],[21.94964108120273,65.48932833569387],[21.948735796448958,65.48918971869223],[21.94802073273693,65.48976360053597],[21.946781662236088,65.49000097485306],[21.946876756530376,65.4903572278255],[21.944779871936706,65.49063407964495],[21.941728854451426,65.49221700496946],[21.941156098452282,65.4933252416333],[21.939869287857857,65.49338443282379],[21.93915391683114,65.49395827557495],[21.938296019398358,65.49399772644641],[21.93839101563941,65.49435398565579],[21.934481211250105,65.49597621951905],[21.9346236417382,65.49651061248899],[21.932334441456014,65.49769766720705],[21.93157032292096,65.49773276673793],[21.932847660000004,65.50252871000002],[21.923743191100225,65.50294626034685],[21.923841755894156,65.50331654993143],[21.922077880627384,65.503217143794],[21.91959795589559,65.50369147355049],[21.91692567468173,65.50507611623898],[21.917020428245102,65.50543239107307],[21.916162113888518,65.50547172024261],[21.915875065393365,65.50602579654891],[21.91425311102809,65.50646071431851],[21.913631542368023,65.50739072155478],[21.912525266709263,65.50777581780719],[21.91375969,65.51241966],[21.900362190114723,65.51304636908327],[21.900504035069932,65.51358079945945],[21.90346185227013,65.51326528525631],[21.903698372164072,65.51415599657977],[21.902123004860677,65.51476893311786],[21.902264897134742,65.51530336138349],[21.899830738921807,65.51595552391012],[21.89959052104289,65.51668771703864],[21.898731805210282,65.51672695102837],[21.898538828248228,65.51763728682688],[21.89734524422153,65.51805241656335],[21.895623664473458,65.5197537686594],[21.893523848402555,65.52002993667644],[21.891089028568594,65.5206819646656],[21.890754061331126,65.52105785269704],[21.88946574694763,65.52111662885697],[21.888469706443892,65.51899844619186],[21.89009287520474,65.51856379372359],[21.89076275927865,65.51781202028035],[21.893102843269457,65.51680370767508],[21.89329600592695,65.5158933770651],[21.894824404710015,65.51510238434484],[21.894588177034045,65.51421165643801],[21.891535689095143,65.51417070568242],[21.890389362276586,65.51476392701966],[21.88423232456488,65.51612656611154],[21.881939113196413,65.51731289455358],[21.88065095959094,65.5173715941624],[21.880556649805047,65.5170152925242],[21.883519928530408,65.51507724191492],[21.88299624974014,65.51474051388026],[21.88213756785647,65.51477965336117],[21.88194893317266,65.5140670519838],[21.87980227374357,65.51416487626413],[21.878226330471783,65.51477756927773],[21.876461822659323,65.5146776370028],[21.874503520870093,65.51548799688025],[21.8732154370901,65.51554663252978],[21.874220876203186,65.51441907760032],[21.874226273633237,65.51279615197113],[21.875613756648328,65.51147088967275],[21.87871817645136,65.51006739306764],[21.879576709657687,65.51002827437975],[21.88072308455961,65.50943513448564],[21.880628808382962,65.50907883252624],[21.88411473979669,65.50747751582358],[21.884020425906666,65.50712121631783],[21.88559577660601,65.50650846839264],[21.886171164799975,65.50540041822065],[21.889563935216977,65.50309077584596],[21.888315301152716,65.49837712060328],[21.88509127082299,65.49968006477405],[21.88518556688185,65.50003636382762],[21.88403969694747,65.50062953293083],[21.883181480505012,65.50066867400012],[21.88251178967824,65.50142041230421],[21.881653544506555,65.50145954496936],[21.88174780146009,65.50181584652],[21.880078397562226,65.50207224998576],[21.87893232238758,65.50266538227854],[21.879215006228176,65.50373429262369],[21.876064251758354,65.50495963968116],[21.874436268333447,65.5070170621771],[21.872243078199276,65.50693662059643],[21.871143683050224,65.50770785167951],[21.869175364342865,65.50811850031049],[21.87082871,65.51437936],[21.861457002839522,65.5148037642953],[21.857710937571753,65.51607125005201],[21.8509345896783,65.51673941247702],[21.84974026759961,65.51715417340532],[21.84983415761486,65.51751049811482],[21.848881446341274,65.51719312540526],[21.84635188716538,65.51748811595601],[21.846016307816207,65.51786391056858],[21.844681118382436,65.51774414121674],[21.843486648914205,65.51815885413507],[21.843721176865458,65.51904967730361],[21.839856129726588,65.51922477240147],[21.840566900487847,65.52027431699645],[21.844096458319193,65.52047499324374],[21.84600203496471,65.52110979145287],[21.846370374855997,65.52415804020512],[21.84841713551325,65.52532729481574],[21.85047092078348,65.5248735823017],[21.851954180813454,65.52390484410516],[21.853578281092148,65.52347057484167],[21.860020856428434,65.52317810289915],[21.861121213318675,65.52240694395937],[21.862745063416554,65.52197257862449],[21.86412759821563,65.52227034271402],[21.86364503960694,65.52373463456863],[21.86498061567831,65.52385423294666],[21.864839430386272,65.52331976329445],[21.866174989997557,65.52343935128457],[21.866033782968547,65.52290488294463],[21.869040194145246,65.52276818385037],[21.869281320105262,65.52203603093272],[21.871193169723917,65.52104757848406],[21.871098972941585,65.52069126992606],[21.87391663137776,65.51984185997675],[21.87739920558373,65.51986360484439],[21.87935267883235,65.52067612786261],[21.880159397015507,65.5220817733705],[21.877147949928634,65.52384161546593],[21.877430837584136,65.52491052682274],[21.87876653093043,65.52503000242712],[21.878525649251507,65.52576216813726],[21.876472304198767,65.52621625726678],[21.872983447768938,65.52781742446726],[21.87169475159301,65.52787605285705],[21.867487462382,65.53005064132182],[21.86686369597094,65.53098047619565],[21.865192282653794,65.5312367338826],[21.862896894867358,65.53242279354065],[21.86299103080188,65.53277910768806],[21.86184324579244,65.5333721260079],[21.862078565320882,65.53426291307238],[21.86121920338485,65.53430194011872],[21.861313324597717,65.53465825543311],[21.863508829147836,65.53473883393792],[21.862502185148312,65.53586632841345],[21.86675211181614,65.53549295038906],[21.86985981312202,65.53408960575543],[21.869765577711608,65.53373329681466],[21.87091319450712,65.53314021999121],[21.87048911143528,65.53153683241945],[21.874832500225352,65.53151954318908],[21.876027058341847,65.53110458211896],[21.87774551533224,65.53102635749138],[21.87936960814508,65.53059181157097],[21.880899275966616,65.52980094795294],[21.880804908573356,65.52944464708875],[21.884147147285873,65.52893177390821],[21.884482305790765,65.52855589877713],[21.886965243924074,65.52808211702376],[21.888017764138937,65.52713262016553],[21.89212410467339,65.52622410401858],[21.896943361629855,65.52636473569886],[21.898614133292266,65.52610813337338],[21.89956776527503,65.5264251841659],[21.901715343106634,65.52632707083542],[21.9030985377194,65.52662447261324],[21.90820533220608,65.52621068921708],[21.908871675594888,65.52708174461901],[21.910302368699686,65.52755721928506],[21.912974309557384,65.52779557317517],[21.913211312952576,65.52868626486024],[21.914117804432586,65.52882508320134],[21.91574113359969,65.5283901541666],[21.916457930795435,65.52781640919873],[21.917840005841587,65.52775311693561],[21.916129109999996,65.52132654999998]],[[21.95430148999999,65.50154168999998],[21.955205657961468,65.50492224307334],[21.955879810550186,65.50454817845285],[21.9571671269185,65.50448884620697],[21.959884837630632,65.50328163496881],[21.96121975454665,65.5034003900472],[21.96074295853533,65.5048649362925],[21.96260244248561,65.50532012951831],[21.96388977843354,65.50526073985877],[21.964032871365777,65.50579509873185],[21.967608973324225,65.50617102389715],[21.967132495254713,65.50763558721324],[21.964557811810717,65.50937728758538],[21.964605742604277,65.51117828145316],[21.9637473262967,65.51121788165273],[21.962221279612336,65.51200954822329],[21.96231668119331,65.51236578844242],[21.961458221679397,65.51240537605719],[21.96155361460125,65.51276161683707],[21.95912122711288,65.51341471648645],[21.957642586070293,65.51438446070439],[21.95597317731626,65.51464170189276],[21.95587785220197,65.5142854569661],[21.954447093225,65.51381041379243],[21.950536099709563,65.51381019701424],[21.94910546192079,65.51333510217121],[21.94347748410068,65.51341372389314],[21.940662848729904,65.51426440055752],[21.940853086659413,65.51497691338703],[21.940042057625508,65.51519450883171],[21.940137170782016,65.51555076571688],[21.938849262649867,65.51560995854123],[21.938944361365557,65.51596621630968],[21.935080546406187,65.51614373227004],[21.93393514481438,65.516737274763],[21.932647161217684,65.51679641549148],[21.93274218055886,65.51715267789598],[21.93097733751716,65.5170533846927],[21.92902059571668,65.51786443537044],[21.928733699829998,65.51841853452204],[21.921911301695182,65.51891172961113],[21.92157680427158,65.51928768145227],[21.917854597688034,65.51999917004113],[21.915992030349642,65.52116633173156],[21.91470377932206,65.52122532219069],[21.913987116508284,65.52179905765863],[21.913128258750227,65.52183837469131],[21.912458928312244,65.52259024189036],[21.909929627088776,65.52288629289234],[21.90878335400875,65.52347965300024],[21.907924431519127,65.52351894109862],[21.90687611468951,65.52284566129471],[21.908593916334514,65.52276709252834],[21.909216002966932,65.5218371013993],[21.911173666868457,65.52102629833192],[21.910412683731607,65.51979897308705],[21.911653503904905,65.51956188063842],[21.91222803663727,65.51845373968217],[21.914949294147295,65.51724730334652],[21.91623734830799,65.51718831263773],[21.91633214554685,65.51754458741833],[21.91809697541426,65.5176440515931],[21.918621161546252,65.51798065330067],[21.92072052851978,65.51770414118336],[21.920625670725308,65.51734786972204],[21.922582641823652,65.5165369254743],[21.923443633410205,65.51487465846667],[21.925734712135498,65.51368772106288],[21.926355984111396,65.51275766698554],[21.927214519278238,65.5127182778898],[21.928886106655042,65.51083845718686],[21.934628501361747,65.50920751187398],[21.932847660000004,65.50252871000002],[21.95430148999999,65.50154168999998]],[[21.97109408234672,65.51755072436502],[21.971523388190015,65.51753090310493],[21.971571164231754,65.51770901956071],[21.97109408234672,65.51755072436502]],[[21.914787237030577,65.52807320779026],[21.914357706037386,65.52809287014026],[21.91431029740915,65.52791473226569],[21.914787237030577,65.52807320779026]],[[21.906351976803087,65.52250901847424],[21.905445745819254,65.52237015116812],[21.90535107594998,65.52201386840922],[21.906734078560273,65.52231123877326],[21.906446662495696,65.52286530045576],[21.906351976803087,65.52250901847424]],[[21.865433816332875,65.51734299104531],[21.864575017158252,65.51738203192532],[21.864527971533107,65.51720387509155],[21.865433816332875,65.51734299104531]],[[21.865145566884685,65.51789698198081],[21.86471615828401,65.51791650229569],[21.8646691105337,65.5177383455274],[21.865145566884685,65.51789698198081]],[[21.86237485458453,65.51892438705148],[21.86103334326202,65.52042769561085],[21.858074159535885,65.52074239278251],[21.857456679216327,65.5200492559996],[21.858603995270133,65.51945627514633],[21.86237485458453,65.51892438705148]],[[21.843385540358593,65.5194254665991],[21.842956087020436,65.51944492556683],[21.84290918437943,65.51926676070038],[21.843385540358593,65.5194254665991]]],[[[21.95811455302753,65.51939465029021],[21.958930048132682,65.51919374154508],[21.95807135800332,65.51923331210783],[21.95811455302753,65.51939465029021]]],[[[22.023461300000005,65.51637225],[22.044922329999995,65.51537230999999],[22.043130744445786,65.50875756773317],[22.041427325145587,65.50923727397986],[22.041567022410973,65.50814871591008],[22.042851324168282,65.5077259155659],[22.04009882,65.49756335],[22.027937768515155,65.49812988888091],[22.024904599387327,65.4995476805889],[22.025000800194174,65.49990387358115],[22.026335807532732,65.50002205289157],[22.026528255261628,65.50073443654712],[22.02538563236452,65.50132864464454],[22.025481847643476,65.50168483718394],[22.02462385498247,65.50172477885042],[22.0243391600054,65.50227903798236],[22.023148325480086,65.50269513352765],[22.02324451634573,65.5030513277166],[22.024102555097535,65.50301139343887],[22.02386593801338,65.50374374863375],[22.02691725896827,65.50378204007673],[22.028440836495424,65.50298974452056],[22.029298863632246,65.50294978086578],[22.029968585478223,65.50382026989111],[22.028493143517835,65.50479067586184],[22.0287338315125,65.50568115067679],[22.02754291663614,65.5060972815795],[22.026307889522602,65.50795814510055],[22.02129919918119,65.50836829021793],[22.023461300000005,65.51637225]],[[22.04301431989269,65.51349140341051],[22.042585146265516,65.51351142628724],[22.042536895369704,65.51333333686925],[22.04301431989269,65.51349140341051]],[[22.03312966778014,65.50908312435537],[22.0316058894508,65.50987546900409],[22.03031851292511,65.50993543549282],[22.030458676859222,65.50884688326065],[22.031316892588833,65.50880690635955],[22.031649667117097,65.50843072869148],[22.033366063940033,65.50835075683126],[22.03312966778014,65.50908312435537]]],[[[22.021561586218272,65.49842693187817],[22.02166146556118,65.49879695286694],[22.018754898646876,65.49929284652784],[22.018422045851924,65.4996689966071],[22.01646595159065,65.49885829541677],[22.01831364110216,65.49730727907188],[22.016250349999993,65.48965749999999],[21.99480911,65.49065319],[21.997203759999998,65.49955857],[21.98724356004335,65.50001969655955],[21.987438708512812,65.5007461645621],[21.989631637426363,65.50082493797788],[21.99015638314346,65.50116128643583],[21.995589867646512,65.50036852462878],[21.995494065531688,65.50001230917037],[21.997210042864634,65.49993275165194],[21.997114220601883,65.49957653740931],[21.997972193429174,65.4995367520407],[21.99987746908903,65.4985467371517],[22.000543677954468,65.49779451314343],[22.00016026238981,65.49636966540739],[22.001018124381748,65.49632986380499],[22.00173218001427,65.49575574104908],[22.003018937369916,65.49569602377831],[22.004923745400074,65.49470594968682],[22.00792602803614,65.49456653040082],[22.00863988366821,65.49399237690801],[22.013546404375923,65.49286270648084],[22.013834462187155,65.49393131222307],[22.013024708880394,65.49414928678588],[22.01283585354951,65.49505972831837],[22.01536120753168,65.49476199482235],[22.015316508256408,65.49620673942516],[22.012269218889738,65.49779105208326],[22.012365239735622,65.49814725483147],[22.011078387537935,65.49820705255718],[22.01012449039638,65.49789070727294],[22.00240331842075,65.49824921544186],[22.00116436893253,65.4984870343155],[22.0013081789517,65.49902135108502],[22.000498161531418,65.4992392610374],[22.000737834138338,65.50012979005687],[22.00502772689617,65.49993071143832],[22.00555264962611,65.50026700477551],[22.00769759412787,65.50016741239205],[22.00822255571509,65.50050369608866],[22.010940515016305,65.50091844165715],[22.012227501071795,65.50085864383284],[22.012131470072337,65.50050244110749],[22.012656494979055,65.50083870880401],[22.018995193771598,65.50018334064403],[22.020566882002957,65.49956922267984],[22.022711700077124,65.49946941849694],[22.023854305896464,65.49887523075547],[22.02371003606066,65.4983409398426],[22.024591032845755,65.49828580104716],[22.021561586218272,65.49842693187817]]],[[[21.992830160147538,65.50464396625767],[21.992782268071615,65.50446585758819],[21.992353196345537,65.50448573696312],[21.992830160147538,65.50464396625767]]],[[[21.994117379642216,65.50458432037931],[21.995308774659808,65.50416844820171],[21.994688094324847,65.5034759029483],[21.99540247804011,65.50290180703826],[21.993734194093374,65.50315945430997],[21.993544615852098,65.5040698784525],[21.992782268071615,65.50446585758819],[21.994117379642216,65.50458432037931]]],[[[21.964462602349997,65.51064392361465],[21.9640334032021,65.5106637238324],[21.96408111301986,65.51084184329679],[21.964462602349997,65.51064392361465]]]]}}]}